#f=4
# columns: theta, 3^f*Mij (3x3 6-element-groups), frob, rank
0.0008076608184402828 , 1 12 2 -15 -29 -38 , 34 1 -1 0 19 18 , 20 -17 19 -11 11 6 , 8 -37 37 0 -26 11 , 16 -2 -12 15 -40 -41 , 8 16 -5 -18 30 0 , 26 5 -16 18 5 14 , 31 -19 17 11 -13 28 , 39 36 -36 0 7 -29 , 0.0067666633441453147 , 0
0.0008076608184402828 , 17 17 -28 18 -33 -36 , 10 -14 14 0 -6 8 , -16 -13 -27 29 -10 -38 , 31 13 -13 0 27 14 , -1 28 -17 -18 -8 -50 , -26 15 -15 -8 11 -25 , -18 15 -15 8 -10 -4 , -45 27 13 -29 -11 3 , 40 1 -1 0 -21 -22 , 0.0070501664454635229 , 1
0.005657641893288188 , 1 12 2 -15 -29 -38 , 34 1 -1 0 19 18 , 20 -17 19 -11 11 6 , 8 -37 37 0 -26 11 , 16 -2 -12 15 -40 -41 , 8 16 -5 -18 30 0 , 26 5 -16 18 5 14 , 31 -19 17 11 -13 28 , 39 36 -36 0 7 -29 , 0.0058332361811371568 , 0
0.010043169045993984 , 35 -25 14 8 -43 -28 , 13 5 -5 0 11 6 , -22 -11 -9 -4 12 -44 , 28 -6 6 0 10 16 , 27 -14 25 -8 -42 -18 , 3 -29 9 25 -33 1 , -22 -9 29 -25 -8 -4 , -18 9 11 4 -35 23 , 40 1 -1 0 -21 -22 , 0.0065146371005884926 , 0
0.010043169045993984 , 1 12 2 -15 -29 -38 , 34 1 -1 0 19 18 , 20 -17 19 -11 11 6 , 8 -37 37 0 -26 11 , 16 -2 -12 15 -40 -41 , 8 16 -5 -18 30 0 , 26 5 -16 18 5 14 , 31 -19 17 11 -13 28 , 39 36 -36 0 7 -29 , 0.0066062858234605939 , 1
0.010043169045993984 , 30 42 -17 -21 5 -17 , 19 -31 31 0 -15 16 , -5 -23 18 -1 -13 -7 , 23 -5 5 0 8 13 , 51 17 -42 21 0 -37 , 5 1 2 -22 33 -15 , 27 -2 -1 22 -17 32 , -4 -18 23 1 -25 10 , 39 36 -36 0 7 -29 , 0.0072626390762584288 , 2
0.010043169045993984 , 44 30 -9 -18 3 -10 , 10 -15 15 0 -7 8 , -3 -9 -14 34 -30 -1 , 32 -21 21 0 0 21 , 62 9 -30 18 -1 -27 , 16 0 5 -8 14 8 , 24 -5 0 8 3 14 , -37 14 9 -34 13 -21 , 39 36 -36 0 7 -29 , 0.0080025176029214131 , 3
0.011962616550625907 , 35 -25 14 8 -43 -28 , 13 5 -5 0 11 6 , -22 -11 -9 -4 12 -44 , 28 -6 6 0 10 16 , 27 -14 25 -8 -42 -18 , 3 -29 9 25 -33 1 , -22 -9 29 -25 -8 -4 , -18 9 11 4 -35 23 , 40 1 -1 0 -21 -22 , 0.0063716847609527165 , 0
0.011962616550625907 , 44 30 -9 -18 3 -10 , 10 -15 15 0 -7 8 , -3 -9 -14 34 -30 -1 , 32 -21 21 0 0 21 , 62 9 -30 18 -1 -27 , 16 0 5 -8 14 8 , 24 -5 0 8 3 14 , -37 14 9 -34 13 -21 , 39 36 -36 0 7 -29 , 0.0071378325985836568 , 1
0.011962616550625907 , 1 12 2 -15 -29 -38 , 34 1 -1 0 19 18 , 20 -17 19 -11 11 6 , 8 -37 37 0 -26 11 , 16 -2 -12 15 -40 -41 , 8 16 -5 -18 30 0 , 26 5 -16 18 5 14 , 31 -19 17 11 -13 28 , 39 36 -36 0 7 -29 , 0.0073418575626143104 , 2
0.011962616550625907 , 30 42 -17 -21 5 -17 , 19 -31 31 0 -15 16 , -5 -23 18 -1 -13 -7 , 23 -5 5 0 8 13 , 51 17 -42 21 0 -37 , 5 1 2 -22 33 -15 , 27 -2 -1 22 -17 32 , -4 -18 23 1 -25 10 , 39 36 -36 0 7 -29 , 0.0073883724141286149 , 3
0.011962616550625907 , 8 -5 -18 13 -33 -59 , 16 -30 30 0 -16 14 , -4 21 1 -26 25 2 , 26 -6 6 0 9 15 , -5 18 5 -13 -41 -28 , -10 20 -10 -25 36 -19 , 15 10 -20 25 -9 16 , 22 -1 -21 26 1 4 , 39 36 -36 0 7 -29 , 0.0075116088947751077 , 4
0.017823464874233728 , 8 -5 -18 13 -33 -59 , 16 -30 30 0 -16 14 , -4 21 1 -26 25 2 , 26 -6 6 0 9 15 , -5 18 5 -13 -41 -28 , -10 20 -10 -25 36 -19 , 15 10 -20 25 -9 16 , 22 -1 -21 26 1 4 , 39 36 -36 0 7 -29 , 0.0054258405486413723 , 0
0.017823464874233728 , 11 -13 16 -4 -47 -33 , 16 -30 30 0 -16 14 , -8 -22 21 -7 -10 -9 , 26 -6 6 0 9 15 , 15 -16 13 4 -49 -34 , -20 10 -19 16 -15 -10 , -36 19 -10 -16 9 -25 , -1 -21 22 7 -30 12 , 39 36 -36 0 7 -29 , 0.0057602136856391255 , 1
0.017823464874233728 , 44 30 -9 -18 3 -10 , 10 -15 15 0 -7 8 , -3 -9 -14 34 -30 -1 , 32 -21 21 0 0 21 , 62 9 -30 18 -1 -27 , 16 0 5 -8 14 8 , 24 -5 0 8 3 14 , -37 14 9 -34 13 -21 , 39 36 -36 0 7 -29 , 0.0058115391512889043 , 2
0.017823464874233728 , 32 35 -27 -3 -5 -22 , 1 -29 29 0 -23 6 , 15 -29 6 3 11 -19 , 41 -7 7 0 16 23 , 35 27 -35 3 5 -40 , 11 -9 21 -13 2 13 , 24 -21 9 13 -8 11 , 12 -6 29 -3 -25 40 , 39 36 -36 0 7 -29 , 0.0066769977250545707 , 3
0.019497265379894796 , 8 -5 -18 13 -33 -59 , 16 -30 30 0 -16 14 , -4 21 1 -26 25 2 , 26 -6 6 0 9 15 , -5 18 5 -13 -41 -28 , -10 20 -10 -25 36 -19 , 15 10 -20 25 -9 16 , 22 -1 -21 26 1 4 , 39 36 -36 0 7 -29 , 0.0052951815075831087 , 0
0.019497265379894796 , 11 -13 16 -4 -47 -33 , 16 -30 30 0 -16 14 , -8 -22 21 -7 -10 -9 , 26 -6 6 0 9 15 , 15 -16 13 4 -49 -34 , -20 10 -19 16 -15 -10 , -36 19 -10 -16 9 -25 , -1 -21 22 7 -30 12 , 39 36 -36 0 7 -29 , 0.0054049677920432609 , 1
0.019497265379894796 , 44 30 -9 -18 3 -10 , 10 -15 15 0 -7 8 , -3 -9 -14 34 -30 -1 , 32 -21 21 0 0 21 , 62 9 -30 18 -1 -27 , 16 0 5 -8 14 8 , 24 -5 0 8 3 14 , -37 14 9 -34 13 -21 , 39 36 -36 0 7 -29 , 0.0059308333107225292 , 2
0.019497265379894796 , 32 35 -27 -3 -5 -22 , 1 -29 29 0 -23 6 , 15 -29 6 3 11 -19 , 41 -7 7 0 16 23 , 35 27 -35 3 5 -40 , 11 -9 21 -13 2 13 , 24 -21 9 13 -8 11 , 12 -6 29 -3 -25 40 , 39 36 -36 0 7 -29 , 0.0062938384824926478 , 3
0.02103006303414081 , 11 -13 16 -4 -47 -33 , 16 -30 30 0 -16 14 , -8 -22 21 -7 -10 -9 , 26 -6 6 0 9 15 , 15 -16 13 4 -49 -34 , -20 10 -19 16 -15 -10 , -36 19 -10 -16 9 -25 , -1 -21 22 7 -30 12 , 39 36 -36 0 7 -29 , 0.005295181507583179 , 0
0.02103006303414081 , 8 -5 -18 13 -33 -59 , 16 -30 30 0 -16 14 , -4 21 1 -26 25 2 , 26 -6 6 0 9 15 , -5 18 5 -13 -41 -28 , -10 20 -10 -25 36 -19 , 15 10 -20 25 -9 16 , 22 -1 -21 26 1 4 , 39 36 -36 0 7 -29 , 0.0054049677920429817 , 1
0.02103006303414081 , 32 35 -27 -3 -5 -22 , 1 -29 29 0 -23 6 , 15 -29 6 3 11 -19 , 41 -7 7 0 16 23 , 35 27 -35 3 5 -40 , 11 -9 21 -13 2 13 , 24 -21 9 13 -8 11 , 12 -6 29 -3 -25 40 , 39 36 -36 0 7 -29 , 0.0061252504269811558 , 2
0.02103006303414081 , 44 30 -9 -18 3 -10 , 10 -15 15 0 -7 8 , -3 -9 -14 34 -30 -1 , 32 -21 21 0 0 21 , 62 9 -30 18 -1 -27 , 16 0 5 -8 14 8 , 24 -5 0 8 3 14 , -37 14 9 -34 13 -21 , 39 36 -36 0 7 -29 , 0.0062381964093622721 , 3
0.021629613184347952 , 11 -13 16 -4 -47 -33 , 16 -30 30 0 -16 14 , -8 -22 21 -7 -10 -9 , 26 -6 6 0 9 15 , 15 -16 13 4 -49 -34 , -20 10 -19 16 -15 -10 , -36 19 -10 -16 9 -25 , -1 -21 22 7 -30 12 , 39 36 -36 0 7 -29 , 0.0053121254389846065 , 0
0.021629613184347952 , 8 -5 -18 13 -33 -59 , 16 -30 30 0 -16 14 , -4 21 1 -26 25 2 , 26 -6 6 0 9 15 , -5 18 5 -13 -41 -28 , -10 20 -10 -25 36 -19 , 15 10 -20 25 -9 16 , 22 -1 -21 26 1 4 , 39 36 -36 0 7 -29 , 0.0055056690418052012 , 1
0.021629613184347952 , 32 35 -27 -3 -5 -22 , 1 -29 29 0 -23 6 , 15 -29 6 3 11 -19 , 41 -7 7 0 16 23 , 35 27 -35 3 5 -40 , 11 -9 21 -13 2 13 , 24 -21 9 13 -8 11 , 12 -6 29 -3 -25 40 , 39 36 -36 0 7 -29 , 0.0061105616542056918 , 2
0.021629613184347952 , 44 30 -9 -18 3 -10 , 10 -15 15 0 -7 8 , -3 -9 -14 34 -30 -1 , 32 -21 21 0 0 21 , 62 9 -30 18 -1 -27 , 16 0 5 -8 14 8 , 24 -5 0 8 3 14 , -37 14 9 -34 13 -21 , 39 36 -36 0 7 -29 , 0.0064044772349595809 , 3
0.029338056902701276 , 39 21 -37 3 10 -46 , 7 -29 29 0 -20 9 , -20 -1 -9 17 -24 -9 , 35 -7 7 0 13 20 , 36 37 -21 -3 -9 -11 , 14 4 -2 15 -15 25 , -1 2 -4 -15 27 -19 , -37 9 1 -17 0 -23 , 39 36 -36 0 7 -29 , 0.0056599368158751799 , 0
0.03302178076700369 , 39 21 -37 3 10 -46 , 7 -29 29 0 -20 9 , -20 -1 -9 17 -24 -9 , 35 -7 7 0 13 20 , 36 37 -21 -3 -9 -11 , 14 4 -2 15 -15 25 , -1 2 -4 -15 27 -19 , -37 9 1 -17 0 -23 , 39 36 -36 0 7 -29 , 0.0062305505425949139 , 0
0.03302178076700369 , 15 20 13 -16 -41 -2 , 26 -6 6 0 9 15 , 12 -11 18 13 -32 32 , 16 -30 30 0 -16 14 , 31 -13 -20 16 -15 -61 , -24 1 -7 6 -13 -16 , -30 7 -1 -6 -9 -14 , -1 -18 11 -13 14 -21 , 39 36 -36 0 7 -29 , 0.0063395706506453094 , 1
0.03302178076700369 , 23 -9 -10 19 -44 -37 , 41 -7 7 0 16 23 , 11 -13 -2 24 -21 9 , 1 -29 29 0 -23 6 , 4 10 9 -19 -27 -35 , -29 5 -18 11 -11 -25 , -40 18 -5 -11 -7 -16 , -13 2 13 -24 11 -8 , 39 36 -36 0 7 -29 , 0.0073656090230580446 , 2
0.03302178076700369 , 19 -14 -19 19 -31 -60 , 32 -26 26 0 -4 22 , -3 -8 -10 10 1 -18 , 10 -10 10 0 -3 7 , 0 19 14 -19 -41 -17 , -35 16 -23 5 -4 -27 , -40 23 -16 -5 -4 -20 , -13 10 8 -10 -8 9 , 39 36 -36 0 7 -29 , 0.0074275611739380047 , 3
0.03795153997060775 , 15 20 13 -16 -41 -2 , 26 -6 6 0 9 15 , 12 -11 18 13 -32 32 , 16 -30 30 0 -16 14 , 31 -13 -20 16 -15 -61 , -24 1 -7 6 -13 -16 , -30 7 -1 -6 -9 -14 , -1 -18 11 -13 14 -21 , 39 36 -36 0 7 -29 , 0.0052951815075832302 , 0
0.03795153997060775 , 25 24 15 -23 -30 5 , 18 -13 13 0 -1 12 , 14 3 9 11 -23 36 , 24 -23 23 0 -6 17 , 48 -15 -24 23 -10 -54 , -29 6 2 -14 0 -18 , -15 -2 -6 14 -20 -6 , 3 -9 -3 -11 27 -26 , 39 36 -36 0 7 -29 , 0.0056694595990943062 , 1
0.03795153997060775 , 23 -9 -10 19 -44 -37 , 41 -7 7 0 16 23 , 11 -13 -2 24 -21 9 , 1 -29 29 0 -23 6 , 4 10 9 -19 -27 -35 , -29 5 -18 11 -11 -25 , -40 18 -5 -11 -7 -16 , -13 2 13 -24 11 -8 , 39 36 -36 0 7 -29 , 0.0061426164634061711 , 2
0.038837853408469195 , 15 20 13 -16 -41 -2 , 26 -6 6 0 9 15 , 12 -11 18 13 -32 32 , 16 -30 30 0 -16 14 , 31 -13 -20 16 -15 -61 , -24 1 -7 6 -13 -16 , -30 7 -1 -6 -9 -14 , -1 -18 11 -13 14 -21 , 39 36 -36 0 7 -29 , 0.0053321404143284344 , 0
0.038837853408469195 , 25 24 15 -23 -30 5 , 18 -13 13 0 -1 12 , 14 3 9 11 -23 36 , 24 -23 23 0 -6 17 , 48 -15 -24 23 -10 -54 , -29 6 2 -14 0 -18 , -15 -2 -6 14 -20 -6 , 3 -9 -3 -11 27 -26 , 39 36 -36 0 7 -29 , 0.0054017924486968946 , 1
0.038837853408469195 , 23 -9 -10 19 -44 -37 , 41 -7 7 0 16 23 , 11 -13 -2 24 -21 9 , 1 -29 29 0 -23 6 , 4 10 9 -19 -27 -35 , -29 5 -18 11 -11 -25 , -40 18 -5 -11 -7 -16 , -13 2 13 -24 11 -8 , 39 36 -36 0 7 -29 , 0.0061105616542057378 , 2
0.04124691075104097 , 25 24 15 -23 -30 5 , 18 -13 13 0 -1 12 , 14 3 9 11 -23 36 , 24 -23 23 0 -6 17 , 48 -15 -24 23 -10 -54 , -29 6 2 -14 0 -18 , -15 -2 -6 14 -20 -6 , 3 -9 -3 -11 27 -26 , 39 36 -36 0 7 -29 , 0.0050093884728399807 , 0
0.04124691075104097 , 15 20 13 -16 -41 -2 , 26 -6 6 0 9 15 , 12 -11 18 13 -32 32 , 16 -30 30 0 -16 14 , 31 -13 -20 16 -15 -61 , -24 1 -7 6 -13 -16 , -30 7 -1 -6 -9 -14 , -1 -18 11 -13 14 -21 , 39 36 -36 0 7 -29 , 0.0057852103548467655 , 1
0.041738233162065125 , 25 24 15 -23 -30 5 , 18 -13 13 0 -1 12 , 14 3 9 11 -23 36 , 24 -23 23 0 -6 17 , 48 -15 -24 23 -10 -54 , -29 6 2 -14 0 -18 , -15 -2 -6 14 -20 -6 , 3 -9 -3 -11 27 -26 , 39 36 -36 0 7 -29 , 0.0049973267253672713 , 0
0.041738233162065125 , 15 20 13 -16 -41 -2 , 26 -6 6 0 9 15 , 12 -11 18 13 -32 32 , 16 -30 30 0 -16 14 , 31 -13 -20 16 -15 -61 , -24 1 -7 6 -13 -16 , -30 7 -1 -6 -9 -14 , -1 -18 11 -13 14 -21 , 39 36 -36 0 7 -29 , 0.0059336699814777159 , 1
0.041738233162065125 , 11 -15 -6 6 -33 -58 , 10 -15 15 0 -7 8 , 1 30 -34 14 9 3 , 32 -21 21 0 0 21 , 5 6 15 -6 -52 -18 , 24 -7 -6 16 0 10 , 8 6 7 -16 16 7 , -13 34 -30 -14 37 -21 , 39 36 -36 0 7 -29 , 0.0061415996956159288 , 2
0.04352062114183096 , 25 24 15 -23 -30 5 , 18 -13 13 0 -1 12 , 14 3 9 11 -23 36 , 24 -23 23 0 -6 17 , 48 -15 -24 23 -10 -54 , -29 6 2 -14 0 -18 , -15 -2 -6 14 -20 -6 , 3 -9 -3 -11 27 -26 , 39 36 -36 0 7 -29 , 0.0051538066226864895 , 0
0.04352062114183096 , 11 -15 -6 6 -33 -58 , 10 -15 15 0 -7 8 , 1 30 -34 14 9 3 , 32 -21 21 0 0 21 , 5 6 15 -6 -52 -18 , 24 -7 -6 16 0 10 , 8 6 7 -16 16 7 , -13 34 -30 -14 37 -21 , 39 36 -36 0 7 -29 , 0.0058567026150471721 , 1
0.04352062114183096 , -3 3 -4 -5 -36 -49 , 5 -23 23 0 -16 7 , 13 5 6 -24 33 -1 , 37 -13 13 0 9 22 , 2 4 -3 5 -45 -39 , -1 11 -4 -17 25 -9 , 16 4 -11 17 -5 14 , 37 -6 -5 24 -7 28 , 39 36 -36 0 7 -29 , 0.0062038290148343543 , 2
0.04454724771390042 , 25 24 15 -23 -30 5 , 18 -13 13 0 -1 12 , 14 3 9 11 -23 36 , 24 -23 23 0 -6 17 , 48 -15 -24 23 -10 -54 , -29 6 2 -14 0 -18 , -15 -2 -6 14 -20 -6 , 3 -9 -3 -11 27 -26 , 39 36 -36 0 7 -29 , 0.0053775963584685666 , 0
0.04454724771390042 , 11 -15 -6 6 -33 -58 , 10 -15 15 0 -7 8 , 1 30 -34 14 9 3 , 32 -21 21 0 0 21 , 5 6 15 -6 -52 -18 , 24 -7 -6 16 0 10 , 8 6 7 -16 16 7 , -13 34 -30 -14 37 -21 , 39 36 -36 0 7 -29 , 0.0058115391512888427 , 1
0.04454724771390042 , -3 3 -4 -5 -36 -49 , 5 -23 23 0 -16 7 , 13 5 6 -24 33 -1 , 37 -13 13 0 9 22 , 2 4 -3 5 -45 -39 , -1 11 -4 -17 25 -9 , 16 4 -11 17 -5 14 , 37 -6 -5 24 -7 28 , 39 36 -36 0 7 -29 , 0.005971604543090649 , 2
0.04678805105538829 , -3 3 -4 -5 -36 -49 , 5 -23 23 0 -16 7 , 13 5 6 -24 33 -1 , 37 -13 13 0 9 22 , 2 4 -3 5 -45 -39 , -1 11 -4 -17 25 -9 , 16 4 -11 17 -5 14 , 37 -6 -5 24 -7 28 , 39 36 -36 0 7 -29 , 0.0057575580224066289 , 0
0.04678805105538829 , 11 -15 -6 6 -33 -58 , 10 -15 15 0 -7 8 , 1 30 -34 14 9 3 , 32 -21 21 0 0 21 , 5 6 15 -6 -52 -18 , 24 -7 -6 16 0 10 , 8 6 7 -16 16 7 , -13 34 -30 -14 37 -21 , 39 36 -36 0 7 -29 , 0.0060236677657940158 , 1
0.04678805105538829 , 36 32 -4 -16 -14 0 , 21 -4 4 0 8 12 , 16 -16 36 -18 -4 24 , 21 -32 32 0 -15 17 , 52 4 -32 16 4 -46 , -6 -14 -2 17 -19 -8 , -23 2 14 -17 -6 -5 , 34 -36 16 18 -12 12 , 39 36 -36 0 7 -29 , 0.0060902329299858419 , 2
0.04678805105538829 , 25 24 15 -23 -30 5 , 18 -13 13 0 -1 12 , 14 3 9 11 -23 36 , 24 -23 23 0 -6 17 , 48 -15 -24 23 -10 -54 , -29 6 2 -14 0 -18 , -15 -2 -6 14 -20 -6 , 3 -9 -3 -11 27 -26 , 39 36 -36 0 7 -29 , 0.0061419506266117774 , 3
0.04678805105538829 , 43 -16 -27 33 -29 -47 , 16 -30 30 0 -16 14 , 15 -30 5 23 -18 -2 , 26 -6 6 0 9 15 , 10 27 16 -33 -20 -13 , -21 14 -13 11 -18 -1 , -32 13 -14 -11 12 -32 , -8 -5 30 -23 -7 12 , 39 36 -36 0 7 -29 , 0.0068021627906523774 , 4
0.04678805105538829 , 39 11 -10 14 -39 -6 , 10 -14 14 0 -6 8 , -13 -16 38 -3 -45 27 , 31 13 -13 0 27 14 , 25 10 -11 -14 4 -50 , -8 11 -25 18 -4 -10 , -26 25 -11 -18 15 -15 , -10 -38 16 3 -11 -29 , 40 1 -1 0 -21 -22 , 0.0070938216830146736 , 5
0.047899323947967365 , -3 3 -4 -5 -36 -49 , 5 -23 23 0 -16 7 , 13 5 6 -24 33 -1 , 37 -13 13 0 9 22 , 2 4 -3 5 -45 -39 , -1 11 -4 -17 25 -9 , 16 4 -11 17 -5 14 , 37 -6 -5 24 -7 28 , 39 36 -36 0 7 -29 , 0.0058109323574394578 , 0
0.047899323947967365 , 36 32 -4 -16 -14 0 , 21 -4 4 0 8 12 , 16 -16 36 -18 -4 24 , 21 -32 32 0 -15 17 , 52 4 -32 16 4 -46 , -6 -14 -2 17 -19 -8 , -23 2 14 -17 -6 -5 , 34 -36 16 18 -12 12 , 39 36 -36 0 7 -29 , 0.0058664521678645247 , 1
0.047899323947967365 , 11 -15 -6 6 -33 -58 , 10 -15 15 0 -7 8 , 1 30 -34 14 9 3 , 32 -21 21 0 0 21 , 5 6 15 -6 -52 -18 , 24 -7 -6 16 0 10 , 8 6 7 -16 16 7 , -13 34 -30 -14 37 -21 , 39 36 -36 0 7 -29 , 0.006276317656291038 , 2
0.047899323947967365 , 43 -16 -27 33 -29 -47 , 16 -30 30 0 -16 14 , 15 -30 5 23 -18 -2 , 26 -6 6 0 9 15 , 10 27 16 -33 -20 -13 , -21 14 -13 11 -18 -1 , -32 13 -14 -11 12 -32 , -8 -5 30 -23 -7 12 , 39 36 -36 0 7 -29 , 0.0063385101256213539 , 3
0.047899323947967365 , 25 24 15 -23 -30 5 , 18 -13 13 0 -1 12 , 14 3 9 11 -23 36 , 24 -23 23 0 -6 17 , 48 -15 -24 23 -10 -54 , -29 6 2 -14 0 -18 , -15 -2 -6 14 -20 -6 , 3 -9 -3 -11 27 -26 , 39 36 -36 0 7 -29 , 0.0066296846783244733 , 4
0.047899323947967365 , 39 11 -10 14 -39 -6 , 10 -14 14 0 -6 8 , -13 -16 38 -3 -45 27 , 31 13 -13 0 27 14 , 25 10 -11 -14 4 -50 , -8 11 -25 18 -4 -10 , -26 25 -11 -18 15 -15 , -10 -38 16 3 -11 -29 , 40 1 -1 0 -21 -22 , 0.0070501664454634197 , 5
0.04975145832992792 , 36 32 -4 -16 -14 0 , 21 -4 4 0 8 12 , 16 -16 36 -18 -4 24 , 21 -32 32 0 -15 17 , 52 4 -32 16 4 -46 , -6 -14 -2 17 -19 -8 , -23 2 14 -17 -6 -5 , 34 -36 16 18 -12 12 , 39 36 -36 0 7 -29 , 0.005718397418682227 , 0
0.04975145832992792 , 43 -16 -27 33 -29 -47 , 16 -30 30 0 -16 14 , 15 -30 5 23 -18 -2 , 26 -6 6 0 9 15 , 10 27 16 -33 -20 -13 , -21 14 -13 11 -18 -1 , -32 13 -14 -11 12 -32 , -8 -5 30 -23 -7 12 , 39 36 -36 0 7 -29 , 0.0057241962179780002 , 1
0.04975145832992792 , -3 3 -4 -5 -36 -49 , 5 -23 23 0 -16 7 , 13 5 6 -24 33 -1 , 37 -13 13 0 9 22 , 2 4 -3 5 -45 -39 , -1 11 -4 -17 25 -9 , 16 4 -11 17 -5 14 , 37 -6 -5 24 -7 28 , 39 36 -36 0 7 -29 , 0.0061270173813646762 , 2
0.04975145832992792 , 11 -15 -6 6 -33 -58 , 10 -15 15 0 -7 8 , 1 30 -34 14 9 3 , 32 -21 21 0 0 21 , 5 6 15 -6 -52 -18 , 24 -7 -6 16 0 10 , 8 6 7 -16 16 7 , -13 34 -30 -14 37 -21 , 39 36 -36 0 7 -29 , 0.0068786489167838444 , 3
0.05282635498383784 , 43 -16 -27 33 -29 -47 , 16 -30 30 0 -16 14 , 15 -30 5 23 -18 -2 , 26 -6 6 0 9 15 , 10 27 16 -33 -20 -13 , -21 14 -13 11 -18 -1 , -32 13 -14 -11 12 -32 , -8 -5 30 -23 -7 12 , 39 36 -36 0 7 -29 , 0.0052951815075831399 , 0
0.05282635498383784 , 36 32 -4 -16 -14 0 , 21 -4 4 0 8 12 , 16 -16 36 -18 -4 24 , 21 -32 32 0 -15 17 , 52 4 -32 16 4 -46 , -6 -14 -2 17 -19 -8 , -23 2 14 -17 -6 -5 , 34 -36 16 18 -12 12 , 39 36 -36 0 7 -29 , 0.0061178050535134788 , 1
0.058887479234854656 , 7 43 -2 -32 -14 -13 , 27 -19 19 0 -1 18 , 19 -29 9 14 -8 -1 , 15 -17 17 0 -6 11 , 39 2 -43 32 -11 -57 , 29 -12 13 -7 15 12 , 36 -13 12 7 -1 27 , 5 -9 29 -14 -10 21 , 39 36 -36 0 7 -29 , 0.0063824627671920584 , 0
0.058887479234854656 , 43 -16 -27 33 -29 -47 , 16 -30 30 0 -16 14 , 15 -30 5 23 -18 -2 , 26 -6 6 0 9 15 , 10 27 16 -33 -20 -13 , -21 14 -13 11 -18 -1 , -32 13 -14 -11 12 -32 , -8 -5 30 -23 -7 12 , 39 36 -36 0 7 -29 , 0.0068123031569790344 , 1
0.06586576056233966 , 11 14 6 -13 -37 -18 , 12 -41 41 0 -27 14 , 12 14 -1 -11 17 13 , 30 5 -5 0 20 15 , 24 -6 -14 13 -24 -51 , 26 -18 22 13 -26 36 , 13 -22 18 -13 14 -8 , 23 1 -14 11 14 3 , 39 36 -36 0 7 -29 , 0.0060181221866643132 , 0
0.06586576056233966 , 12 14 -4 -22 -9 -42 , 46 -3 3 0 22 25 , 2 9 -8 8 -5 9 , -5 2 -2 0 -1 -3 , 34 4 -14 22 -38 -23 , 13 1 41 -17 -23 54 , 30 -41 -1 17 13 -24 , -6 8 -9 -8 17 -14 , 40 1 -1 0 -21 -22 , 0.006480374158214796 , 1
0.06586576056233966 , 38 27 -24 -4 -3 -23 , 30 5 -5 0 20 15 , 18 -22 13 26 -36 26 , 12 -41 41 0 -27 14 , 42 24 -27 4 1 -30 , 21 7 -14 8 14 7 , 13 14 -7 -8 21 7 , -8 -13 22 -26 13 -14 , 39 36 -36 0 7 -29 , 0.0065757475512804994 , 2
0.06586576056233966 , 30 -9 -5 16 -44 -27 , 25 -25 25 0 -7 18 , -25 -21 10 0 -16 -26 , 16 24 -24 0 28 4 , 14 5 9 -16 -22 -35 , 15 -34 34 5 -27 19 , 10 -34 34 -5 -15 7 , -25 -10 21 0 -36 5 , 40 1 -1 0 -21 -22 , 0.0068648839051581876 , 3
0.06683004119063443 , 11 14 6 -13 -37 -18 , 12 -41 41 0 -27 14 , 12 14 -1 -11 17 13 , 30 5 -5 0 20 15 , 24 -6 -14 13 -24 -51 , 26 -18 22 13 -26 36 , 13 -22 18 -13 14 -8 , 23 1 -14 11 14 3 , 39 36 -36 0 7 -29 , 0.005687918336999072 , 0
0.06683004119063443 , 38 27 -24 -4 -3 -23 , 30 5 -5 0 20 15 , 18 -22 13 26 -36 26 , 12 -41 41 0 -27 14 , 42 24 -27 4 1 -30 , 21 7 -14 8 14 7 , 13 14 -7 -8 21 7 , -8 -13 22 -26 13 -14 , 39 36 -36 0 7 -29 , 0.0061697022871391423 , 1
0.06683004119063443 , 12 14 -4 -22 -9 -42 , 46 -3 3 0 22 25 , 2 9 -8 8 -5 9 , -5 2 -2 0 -1 -3 , 34 4 -14 22 -38 -23 , 13 1 41 -17 -23 54 , 30 -41 -1 17 13 -24 , -6 8 -9 -8 17 -14 , 40 1 -1 0 -21 -22 , 0.0064444032419758461 , 2
0.06683004119063443 , 30 -9 -5 16 -44 -27 , 25 -25 25 0 -7 18 , -25 -21 10 0 -16 -26 , 16 24 -24 0 28 4 , 14 5 9 -16 -22 -35 , 15 -34 34 5 -27 19 , 10 -34 34 -5 -15 7 , -25 -10 21 0 -36 5 , 40 1 -1 0 -21 -22 , 0.0068986626577991449 , 3
0.07035648049407299 , 11 14 6 -13 -37 -18 , 12 -41 41 0 -27 14 , 12 14 -1 -11 17 13 , 30 5 -5 0 20 15 , 24 -6 -14 13 -24 -51 , 26 -18 22 13 -26 36 , 13 -22 18 -13 14 -8 , 23 1 -14 11 14 3 , 39 36 -36 0 7 -29 , 0.0051121963084979436 , 0
0.07035648049407299 , 38 27 -24 -4 -3 -23 , 30 5 -5 0 20 15 , 18 -22 13 26 -36 26 , 12 -41 41 0 -27 14 , 42 24 -27 4 1 -30 , 21 7 -14 8 14 7 , 13 14 -7 -8 21 7 , -8 -13 22 -26 13 -14 , 39 36 -36 0 7 -29 , 0.0052016481949328196 , 1
0.07171485899904374 , 38 27 -24 -4 -3 -23 , 30 5 -5 0 20 15 , 18 -22 13 26 -36 26 , 12 -41 41 0 -27 14 , 42 24 -27 4 1 -30 , 21 7 -14 8 14 7 , 13 14 -7 -8 21 7 , -8 -13 22 -26 13 -14 , 39 36 -36 0 7 -29 , 0.0051121963084980329 , 0
0.07171485899904374 , 11 14 6 -13 -37 -18 , 12 -41 41 0 -27 14 , 12 14 -1 -11 17 13 , 30 5 -5 0 20 15 , 24 -6 -14 13 -24 -51 , 26 -18 22 13 -26 36 , 13 -22 18 -13 14 -8 , 23 1 -14 11 14 3 , 39 36 -36 0 7 -29 , 0.0052016481949325316 , 1
0.0762973449584007 , 44 2 -35 11 5 -55 , 15 -27 27 0 -14 13 , -15 -2 -17 19 -13 -18 , 27 -9 9 0 7 16 , 33 35 -2 -11 -20 3 , 13 -8 18 9 -27 33 , 4 -18 8 -9 15 -19 , -34 17 2 -19 -1 -11 , 39 36 -36 0 7 -29 , 0.0051095236940547073 , 0
0.0762973449584007 , 48 25 -43 12 4 -33 , 22 -7 7 0 6 13 , -21 12 -24 -6 24 -38 , 20 -29 29 0 -13 16 , 36 43 -25 -12 10 -21 , -21 16 12 -28 7 1 , 7 -12 -16 28 -11 -9 , -15 24 -12 6 -14 12 , 39 36 -36 0 7 -29 , 0.0055297116168673659 , 1
0.0762973449584007 , 38 27 -24 -4 -3 -23 , 30 5 -5 0 20 15 , 18 -22 13 26 -36 26 , 12 -41 41 0 -27 14 , 42 24 -27 4 1 -30 , 21 7 -14 8 14 7 , 13 14 -7 -8 21 7 , -8 -13 22 -26 13 -14 , 39 36 -36 0 7 -29 , 0.0060526109146753137 , 2
0.07743214378923967 , 44 2 -35 11 5 -55 , 15 -27 27 0 -14 13 , -15 -2 -17 19 -13 -18 , 27 -9 9 0 7 16 , 33 35 -2 -11 -20 3 , 13 -8 18 9 -27 33 , 4 -18 8 -9 15 -19 , -34 17 2 -19 -1 -11 , 39 36 -36 0 7 -29 , 0.0050461223061357679 , 0
0.07743214378923967 , 48 25 -43 12 4 -33 , 22 -7 7 0 6 13 , -21 12 -24 -6 24 -38 , 20 -29 29 0 -13 16 , 36 43 -25 -12 10 -21 , -21 16 12 -28 7 1 , 7 -12 -16 28 -11 -9 , -15 24 -12 6 -14 12 , 39 36 -36 0 7 -29 , 0.0052226382994058681 , 1
0.07977430949144466 , 48 25 -43 12 4 -33 , 22 -7 7 0 6 13 , -21 12 -24 -6 24 -38 , 20 -29 29 0 -13 16 , 36 43 -25 -12 10 -21 , -21 16 12 -28 7 1 , 7 -12 -16 28 -11 -9 , -15 24 -12 6 -14 12 , 39 36 -36 0 7 -29 , 0.0049530888789854231 , 0
0.07977430949144466 , 44 2 -35 11 5 -55 , 15 -27 27 0 -14 13 , -15 -2 -17 19 -13 -18 , 27 -9 9 0 7 16 , 33 35 -2 -11 -20 3 , 13 -8 18 9 -27 33 , 4 -18 8 -9 15 -19 , -34 17 2 -19 -1 -11 , 39 36 -36 0 7 -29 , 0.0053109519912981091 , 1
0.08325272171187131 , 48 25 -43 12 4 -33 , 22 -7 7 0 6 13 , -21 12 -24 -6 24 -38 , 20 -29 29 0 -13 16 , 36 43 -25 -12 10 -21 , -21 16 12 -28 7 1 , 7 -12 -16 28 -11 -9 , -15 24 -12 6 -14 12 , 39 36 -36 0 7 -29 , 0.0055301668287060998 , 0
0.08325272171187131 , 50 -17 -26 29 -22 -45 , 16 -30 30 0 -16 14 , -12 -8 -5 18 -23 -7 , 26 -6 6 0 9 15 , 21 26 17 -29 -19 -5 , -20 10 15 -36 19 -10 , 16 -15 -10 36 -25 9 , -30 5 8 -18 -2 -15 , 39 36 -36 0 7 -29 , 0.0061629796812702657 , 1
0.08325272171187131 , 44 2 -35 11 5 -55 , 15 -27 27 0 -14 13 , -15 -2 -17 19 -13 -18 , 27 -9 9 0 7 16 , 33 35 -2 -11 -20 3 , 13 -8 18 9 -27 33 , 4 -18 8 -9 15 -19 , -34 17 2 -19 -1 -11 , 39 36 -36 0 7 -29 , 0.0065117467826303751 , 2
0.08771218685503299 , 50 -17 -26 29 -22 -45 , 16 -30 30 0 -16 14 , -12 -8 -5 18 -23 -7 , 26 -6 6 0 9 15 , 21 26 17 -29 -19 -5 , -20 10 15 -36 19 -10 , 16 -15 -10 36 -25 9 , -30 5 8 -18 -2 -15 , 39 36 -36 0 7 -29 , 0.0052951815075830948 , 0
0.09927121577485683 , 9 16 7 -21 -30 -21 , 30 5 -5 0 20 15 , -22 30 -30 -10 28 -27 , 12 -41 41 0 -27 14 , 30 -7 -16 21 -28 -46 , 8 19 -3 -7 9 18 , 15 3 -19 7 21 -10 , -12 30 -30 10 3 -2 , 39 36 -36 0 7 -29 , 0.0052471587765945083 , 0
0.09927121577485683 , 41 37 -37 -4 9 -26 , 14 -14 14 0 -4 10 , 4 4 -7 -18 37 -21 , 28 -22 22 0 -3 19 , 45 37 -37 4 11 -28 , -20 1 16 -22 1 -7 , 2 -16 -1 22 -23 0 , 22 7 -4 18 -14 33 , 39 36 -36 0 7 -29 , 0.0055727262860046029 , 1
0.1009434173530221 , 9 16 7 -21 -30 -21 , 30 5 -5 0 20 15 , -22 30 -30 -10 28 -27 , 12 -41 41 0 -27 14 , 30 -7 -16 21 -28 -46 , 8 19 -3 -7 9 18 , 15 3 -19 7 21 -10 , -12 30 -30 10 3 -2 , 39 36 -36 0 7 -29 , 0.005112196308498065 , 0
0.1009434173530221 , 41 37 -37 -4 9 -26 , 14 -14 14 0 -4 10 , 4 4 -7 -18 37 -21 , 28 -22 22 0 -3 19 , 45 37 -37 4 11 -28 , -20 1 16 -22 1 -7 , 2 -16 -1 22 -23 0 , 22 7 -4 18 -14 33 , 39 36 -36 0 7 -29 , 0.0052064416711956052 , 1
0.1024684301807347 , 41 37 -37 -4 9 -26 , 14 -14 14 0 -4 10 , 4 4 -7 -18 37 -21 , 28 -22 22 0 -3 19 , 45 37 -37 4 11 -28 , -20 1 16 -22 1 -7 , 2 -16 -1 22 -23 0 , 22 7 -4 18 -14 33 , 39 36 -36 0 7 -29 , 0.0050935456065324463 , 0
0.1024684301807347 , 9 16 7 -21 -30 -21 , 30 5 -5 0 20 15 , -22 30 -30 -10 28 -27 , 12 -41 41 0 -27 14 , 30 -7 -16 21 -28 -46 , 8 19 -3 -7 9 18 , 15 3 -19 7 21 -10 , -12 30 -30 10 3 -2 , 39 36 -36 0 7 -29 , 0.0052246893755534896 , 1
0.1073573696046716 , 27 -11 2 2 -35 -32 , 2 -37 37 0 -29 8 , -3 -19 25 7 -36 18 , 40 1 -1 0 22 21 , 25 -2 11 -2 -34 -24 , -26 17 -6 -22 19 -22 , -4 6 -17 22 -16 2 , -10 -25 19 -7 -7 -17 , 39 36 -36 0 7 -29 , 0.0059788584627043836 , 0
0.1073573696046716 , 41 37 -37 -4 9 -26 , 14 -14 14 0 -4 10 , 4 4 -7 -18 37 -21 , 28 -22 22 0 -3 19 , 45 37 -37 4 11 -28 , -20 1 16 -22 1 -7 , 2 -16 -1 22 -23 0 , 22 7 -4 18 -14 33 , 39 36 -36 0 7 -29 , 0.0061558934668117368 , 1
0.1073573696046716 , 30 3 -10 14 -43 -18 , 46 -3 3 0 22 25 , -12 10 2 -17 12 -7 , -5 2 -2 0 -1 -3 , 16 10 -3 -14 -8 -46 , -3 -5 53 -37 -14 36 , 34 -53 5 37 -17 -9 , 5 -2 -10 17 -9 2 , 40 1 -1 0 -21 -22 , 0.006444403241975794 , 2
0.1073573696046716 , 30 36 -43 8 -7 -30 , 13 5 -5 0 11 6 , 23 -35 4 11 9 -18 , 28 -6 6 0 10 16 , 22 43 -36 -8 13 -43 , 3 -1 33 -22 -9 29 , 25 -33 1 22 -4 -8 , 12 -4 35 -11 -22 44 , 40 1 -1 0 -21 -22 , 0.0064748772520182669 , 3
0.1073573696046716 , 9 16 7 -21 -30 -21 , 30 5 -5 0 20 15 , -22 30 -30 -10 28 -27 , 12 -41 41 0 -27 14 , 30 -7 -16 21 -28 -46 , 8 19 -3 -7 9 18 , 15 3 -19 7 21 -10 , -12 30 -30 10 3 -2 , 39 36 -36 0 7 -29 , 0.0068340217950731644 , 4
0.1073573696046716 , 29 15 5 -17 -23 -10 , 35 3 -3 0 21 18 , -5 -5 22 -29 15 -5 , 7 -39 39 0 -28 11 , 46 -5 -15 17 -15 -38 , -9 -14 -5 21 -23 -10 , -30 5 14 -21 -5 -9 , 24 -22 5 29 -27 20 , 39 36 -36 0 7 -29 , 0.0070562860588522939 , 5
0.10857388451733044 , 27 -11 2 2 -35 -32 , 2 -37 37 0 -29 8 , -3 -19 25 7 -36 18 , 40 1 -1 0 22 21 , 25 -2 11 -2 -34 -24 , -26 17 -6 -22 19 -22 , -4 6 -17 22 -16 2 , -10 -25 19 -7 -7 -17 , 39 36 -36 0 7 -29 , 0.005916654331649787 , 0
0.10857388451733044 , 30 36 -43 8 -7 -30 , 13 5 -5 0 11 6 , 23 -35 4 11 9 -18 , 28 -6 6 0 10 16 , 22 43 -36 -8 13 -43 , 3 -1 33 -22 -9 29 , 25 -33 1 22 -4 -8 , 12 -4 35 -11 -22 44 , 40 1 -1 0 -21 -22 , 0.0063783343046462104 , 1
0.10857388451733044 , 30 3 -10 14 -43 -18 , 46 -3 3 0 22 25 , -12 10 2 -17 12 -7 , -5 2 -2 0 -1 -3 , 16 10 -3 -14 -8 -46 , -3 -5 53 -37 -14 36 , 34 -53 5 37 -17 -9 , 5 -2 -10 17 -9 2 , 40 1 -1 0 -21 -22 , 0.0065015600786502859 , 2
0.10857388451733044 , 29 15 5 -17 -23 -10 , 35 3 -3 0 21 18 , -5 -5 22 -29 15 -5 , 7 -39 39 0 -28 11 , 46 -5 -15 17 -15 -38 , -9 -14 -5 21 -23 -10 , -30 5 14 -21 -5 -9 , 24 -22 5 29 -27 20 , 39 36 -36 0 7 -29 , 0.0065422088850646959 , 3
0.10857388451733044 , 41 37 -37 -4 9 -26 , 14 -14 14 0 -4 10 , 4 4 -7 -18 37 -21 , 28 -22 22 0 -3 19 , 45 37 -37 4 11 -28 , -20 1 16 -22 1 -7 , 2 -16 -1 22 -23 0 , 22 7 -4 18 -14 33 , 39 36 -36 0 7 -29 , 0.0066770064375109356 , 4
0.10898566659558727 , 27 -11 2 2 -35 -32 , 2 -37 37 0 -29 8 , -3 -19 25 7 -36 18 , 40 1 -1 0 22 21 , 25 -2 11 -2 -34 -24 , -26 17 -6 -22 19 -22 , -4 6 -17 22 -16 2 , -10 -25 19 -7 -7 -17 , 39 36 -36 0 7 -29 , 0.0059238146694440205 , 0
0.10898566659558727 , 30 36 -43 8 -7 -30 , 13 5 -5 0 11 6 , 23 -35 4 11 9 -18 , 28 -6 6 0 10 16 , 22 43 -36 -8 13 -43 , 3 -1 33 -22 -9 29 , 25 -33 1 22 -4 -8 , 12 -4 35 -11 -22 44 , 40 1 -1 0 -21 -22 , 0.0063716847609525543 , 1
0.10898566659558727 , 29 15 5 -17 -23 -10 , 35 3 -3 0 21 18 , -5 -5 22 -29 15 -5 , 7 -39 39 0 -28 11 , 46 -5 -15 17 -15 -38 , -9 -14 -5 21 -23 -10 , -30 5 14 -21 -5 -9 , 24 -22 5 29 -27 20 , 39 36 -36 0 7 -29 , 0.0063850958984230186 , 2
0.10898566659558727 , 30 3 -10 14 -43 -18 , 46 -3 3 0 22 25 , -12 10 2 -17 12 -7 , -5 2 -2 0 -1 -3 , 16 10 -3 -14 -8 -46 , -3 -5 53 -37 -14 36 , 34 -53 5 37 -17 -9 , 5 -2 -10 17 -9 2 , 40 1 -1 0 -21 -22 , 0.0065464495394117438 , 3
0.10898566659558727 , 41 37 -37 -4 9 -26 , 14 -14 14 0 -4 10 , 4 4 -7 -18 37 -21 , 28 -22 22 0 -3 19 , 45 37 -37 4 11 -28 , -20 1 16 -22 1 -7 , 2 -16 -1 22 -23 0 , 22 7 -4 18 -14 33 , 39 36 -36 0 7 -29 , 0.0068688645842762469 , 4
0.10898566659558727 , 19 2 -18 -1 -15 -52 , 40 1 -1 0 22 21 , 22 -19 22 6 -17 26 , 2 -37 37 0 -29 8 , 20 18 -2 1 -34 -17 , 17 7 7 -19 25 10 , 36 -7 -7 19 3 18 , 16 -22 19 -6 4 2 , 39 36 -36 0 7 -29 , 0.0072593961399074723 , 5
0.11371213768367808 , 29 15 5 -17 -23 -10 , 35 3 -3 0 21 18 , -5 -5 22 -29 15 -5 , 7 -39 39 0 -28 11 , 46 -5 -15 17 -15 -38 , -9 -14 -5 21 -23 -10 , -30 5 14 -21 -5 -9 , 24 -22 5 29 -27 20 , 39 36 -36 0 7 -29 , 0.0054405641949853882 , 0
0.11371213768367808 , 19 2 -18 -1 -15 -52 , 40 1 -1 0 22 21 , 22 -19 22 6 -17 26 , 2 -37 37 0 -29 8 , 20 18 -2 1 -34 -17 , 17 7 7 -19 25 10 , 36 -7 -7 19 3 18 , 16 -22 19 -6 4 2 , 39 36 -36 0 7 -29 , 0.0059794176003488296 , 1
0.11371213768367808 , 32 -18 -24 28 -34 -52 , 21 -4 4 0 8 12 , 16 -16 24 12 -34 36 , 21 -32 32 0 -15 17 , 4 24 18 -28 -28 -16 , -2 23 -5 -8 6 14 , 6 5 -23 8 19 -17 , 4 -24 16 -12 12 -18 , 39 36 -36 0 7 -29 , 0.0066819925629273153 , 2
0.11493413656018865 , 29 15 5 -17 -23 -10 , 35 3 -3 0 21 18 , -5 -5 22 -29 15 -5 , 7 -39 39 0 -28 11 , 46 -5 -15 17 -15 -38 , -9 -14 -5 21 -23 -10 , -30 5 14 -21 -5 -9 , 24 -22 5 29 -27 20 , 39 36 -36 0 7 -29 , 0.0055087544988108366 , 0
0.11493413656018865 , 19 2 -18 -1 -15 -52 , 40 1 -1 0 22 21 , 22 -19 22 6 -17 26 , 2 -37 37 0 -29 8 , 20 18 -2 1 -34 -17 , 17 7 7 -19 25 10 , 36 -7 -7 19 3 18 , 16 -22 19 -6 4 2 , 39 36 -36 0 7 -29 , 0.0059166543316498312 , 1
0.11493413656018865 , 32 -18 -24 28 -34 -52 , 21 -4 4 0 8 12 , 16 -16 24 12 -34 36 , 21 -32 32 0 -15 17 , 4 24 18 -28 -28 -16 , -2 23 -5 -8 6 14 , 6 5 -23 8 19 -17 , 4 -24 16 -12 12 -18 , 39 36 -36 0 7 -29 , 0.0062786844082479551 , 2
0.11493413656018865 , 47 10 -35 5 9 -46 , 26 -6 6 0 9 15 , 21 -1 -18 32 -13 14 , 16 -30 30 0 -16 14 , 42 35 -10 -5 -11 -1 , -1 -26 25 1 -22 4 , -2 -25 26 -1 -21 4 , -11 18 1 -32 32 -12 , 39 36 -36 0 7 -29 , 0.0068328206507552967 , 3
0.11860070036874583 , 47 10 -35 5 9 -46 , 26 -6 6 0 9 15 , 21 -1 -18 32 -13 14 , 16 -30 30 0 -16 14 , 42 35 -10 -5 -11 -1 , -1 -26 25 1 -22 4 , -2 -25 26 -1 -21 4 , -11 18 1 -32 32 -12 , 39 36 -36 0 7 -29 , 0.0055693034493787203 , 0
0.11860070036874583 , 32 -18 -24 28 -34 -52 , 21 -4 4 0 8 12 , 16 -16 24 12 -34 36 , 21 -32 32 0 -15 17 , 4 24 18 -28 -28 -16 , -2 23 -5 -8 6 14 , 6 5 -23 8 19 -17 , 4 -24 16 -12 12 -18 , 39 36 -36 0 7 -29 , 0.0057183974186821593 , 1
0.11860070036874583 , 29 15 5 -17 -23 -10 , 35 3 -3 0 21 18 , -5 -5 22 -29 15 -5 , 7 -39 39 0 -28 11 , 46 -5 -15 17 -15 -38 , -9 -14 -5 21 -23 -10 , -30 5 14 -21 -5 -9 , 24 -22 5 29 -27 20 , 39 36 -36 0 7 -29 , 0.0064458283869686973 , 2
0.11860070036874583 , 19 2 -18 -1 -15 -52 , 40 1 -1 0 22 21 , 22 -19 22 6 -17 26 , 2 -37 37 0 -29 8 , 20 18 -2 1 -34 -17 , 17 7 7 -19 25 10 , 36 -7 -7 19 3 18 , 16 -22 19 -6 4 2 , 39 36 -36 0 7 -29 , 0.0064597680658242005 , 3
0.1210412764589764 , 47 10 -35 5 9 -46 , 26 -6 6 0 9 15 , 21 -1 -18 32 -13 14 , 16 -30 30 0 -16 14 , 42 35 -10 -5 -11 -1 , -1 -26 25 1 -22 4 , -2 -25 26 -1 -21 4 , -11 18 1 -32 32 -12 , 39 36 -36 0 7 -29 , 0.0052951815075831989 , 0
0.1210412764589764 , 32 -18 -24 28 -34 -52 , 21 -4 4 0 8 12 , 16 -16 24 12 -34 36 , 21 -32 32 0 -15 17 , 4 24 18 -28 -28 -16 , -2 23 -5 -8 6 14 , 6 5 -23 8 19 -17 , 4 -24 16 -12 12 -18 , 39 36 -36 0 7 -29 , 0.005973128098455089 , 1
0.12426362695229222 , 47 10 -35 5 9 -46 , 26 -6 6 0 9 15 , 21 -1 -18 32 -13 14 , 16 -30 30 0 -16 14 , 42 35 -10 -5 -11 -1 , -1 -26 25 1 -22 4 , -2 -25 26 -1 -21 4 , -11 18 1 -32 32 -12 , 39 36 -36 0 7 -29 , 0.0057646072679830322 , 0
0.12426362695229222 , -7 26 -20 -15 -18 -50 , 31 8 -8 0 23 15 , -16 0 -9 -9 17 -31 , 10 -9 9 0 -2 7 , 8 20 -26 15 -30 -44 , -8 -7 -32 15 20 -48 , -23 32 7 -15 -16 27 , -7 9 0 9 -22 17 , 40 1 -1 0 -21 -22 , 0.0063896540669856608 , 1
0.12426362695229222 , 33 11 -13 5 -29 -18 , 45 -1 1 0 23 24 , -15 17 -21 6 2 -11 , -3 -35 35 0 -30 5 , 28 13 -11 -5 -5 -40 , 1 23 -8 -26 39 -7 , 27 8 -23 26 1 16 , -21 21 -17 -6 10 -15 , 39 36 -36 0 7 -29 , 0.006920595711269067 , 2
0.12426362695229222 , 32 -18 -24 28 -34 -52 , 21 -4 4 0 8 12 , 16 -16 24 12 -34 36 , 21 -32 32 0 -15 17 , 4 24 18 -28 -28 -16 , -2 23 -5 -8 6 14 , 6 5 -23 8 19 -17 , 4 -24 16 -12 12 -18 , 39 36 -36 0 7 -29 , 0.0069809988655136317 , 3
0.12759197483378457 , 33 11 -13 5 -29 -18 , 45 -1 1 0 23 24 , -15 17 -21 6 2 -11 , -3 -35 35 0 -30 5 , 28 13 -11 -5 -5 -40 , 1 23 -8 -26 39 -7 , 27 8 -23 26 1 16 , -21 21 -17 -6 10 -15 , 39 36 -36 0 7 -29 , 0.0065081286198850133 , 0
0.12759197483378457 , -7 26 -20 -15 -18 -50 , 31 8 -8 0 23 15 , -16 0 -9 -9 17 -31 , 10 -9 9 0 -2 7 , 8 20 -26 15 -30 -44 , -8 -7 -32 15 20 -48 , -23 32 7 -15 -16 27 , -7 9 0 9 -22 17 , 40 1 -1 0 -21 -22 , 0.0068093023992303308 , 1
0.12759197483378457 , 47 10 -35 5 9 -46 , 26 -6 6 0 9 15 , 21 -1 -18 32 -13 14 , 16 -30 30 0 -16 14 , 42 35 -10 -5 -11 -1 , -1 -26 25 1 -22 4 , -2 -25 26 -1 -21 4 , -11 18 1 -32 32 -12 , 39 36 -36 0 7 -29 , 0.0070352447016588087 , 2
0.1341823126425472 , 29 30 -15 -14 -10 -16 , 12 -41 41 0 -27 14 , -21 10 15 -18 -9 7 , 30 5 -5 0 20 15 , 43 15 -30 14 -1 -40 , -26 18 -22 -13 26 -36 , -13 22 -18 13 -14 8 , -3 -15 -10 18 -8 -19 , 39 36 -36 0 7 -29 , 0.0055986297644906018 , 0
0.13741035332942036 , 29 30 -15 -14 -10 -16 , 12 -41 41 0 -27 14 , -21 10 15 -18 -9 7 , 30 5 -5 0 20 15 , 43 15 -30 14 -1 -40 , -26 18 -22 -13 26 -36 , -13 22 -18 13 -14 8 , -3 -15 -10 18 -8 -19 , 39 36 -36 0 7 -29 , 0.0051121963084980243 , 0
0.15093112046767737 , 9 -2 -17 11 -40 -47 , 40 -9 9 0 14 23 , 9 -4 16 -16 10 8 , 2 -27 27 0 -21 6 , -2 17 2 -11 -30 -38 , 31 -7 17 -9 11 24 , 40 -17 7 9 7 18 , 25 -16 4 16 -8 14 , 39 36 -36 0 7 -29 , 0.005254329774468945 , 0
0.153561543676252 , 9 -2 -17 11 -40 -47 , 40 -9 9 0 14 23 , 9 -4 16 -16 10 8 , 2 -27 27 0 -21 6 , -2 17 2 -11 -30 -38 , 31 -7 17 -9 11 24 , 40 -17 7 9 7 18 , 25 -16 4 16 -8 14 , 39 36 -36 0 7 -29 , 0.0055738255031381077 , 0
0.15994115425421096 , 53 21 -34 10 -5 -19 , 26 -6 6 0 9 15 , 21 -1 -18 32 -13 14 , 16 -30 30 0 -16 14 , 43 34 -21 -10 15 -26 , -30 12 1 -9 -10 -7 , -21 -1 -12 9 -8 -22 , -11 18 1 -32 32 -12 , 39 36 -36 0 7 -29 , 0.0054187858106396038 , 0
0.16156860487301355 , 53 21 -34 10 -5 -19 , 26 -6 6 0 9 15 , 21 -1 -18 32 -13 14 , 16 -30 30 0 -16 14 , 43 34 -21 -10 15 -26 , -30 12 1 -9 -10 -7 , -21 -1 -12 9 -8 -22 , -11 18 1 -32 32 -12 , 39 36 -36 0 7 -29 , 0.0052951815075831851 , 0
0.16562887537736667 , 53 21 -34 10 -5 -19 , 26 -6 6 0 9 15 , 21 -1 -18 32 -13 14 , 16 -30 30 0 -16 14 , 43 34 -21 -10 15 -26 , -30 12 1 -9 -10 -7 , -21 -1 -12 9 -8 -22 , -11 18 1 -32 32 -12 , 39 36 -36 0 7 -29 , 0.0060234383991576773 , 0
0.16562887537736667 , 39 6 10 -5 -41 6 , 13 5 -5 0 11 6 , 4 12 -28 -6 43 -31 , 28 -6 6 0 10 16 , 44 -10 -6 5 -4 -47 , 18 4 20 -11 -3 35 , 29 -20 -4 11 15 -7 , 10 28 -12 6 -3 31 , 40 1 -1 0 -21 -22 , 0.0063716847609525118 , 1
0.1741351462762006 , 27 37 -18 -25 4 -21 , 37 -13 13 0 9 22 , 1 -11 4 17 -25 9 , 5 -23 23 0 -16 7 , 52 18 -37 25 -3 -33 , 42 -21 4 19 -1 19 , 23 -4 21 -19 15 20 , -16 -4 11 -17 5 -14 , 39 36 -36 0 7 -29 , 0.0057575580224067642 , 0
0.1741351462762006 , 35 2 -45 22 -9 -58 , 16 -30 30 0 -16 14 , -16 -13 6 -7 1 -24 , 26 -6 6 0 9 15 , 13 45 -2 -22 -13 -11 , -20 10 15 -36 19 -10 , 16 -15 -10 36 -25 9 , -9 -6 13 7 -30 14 , 39 36 -36 0 7 -29 , 0.0061254908218975274 , 1
0.1741351462762006 , 29 -24 -5 16 -43 -41 , 7 -29 29 0 -20 9 , 16 -37 14 23 -26 3 , 35 -7 7 0 13 20 , 13 5 24 -16 -36 -19 , -27 15 -15 -2 1 -19 , -25 15 -15 2 -4 -14 , -7 -14 37 -23 -11 11 , 39 36 -36 0 7 -29 , 0.0061349204244796705 , 2
0.1741351462762006 , -10 5 -2 -9 -45 -43 , 18 -18 18 0 -5 13 , -34 17 -9 -6 -6 -15 , 24 -18 18 0 -2 16 , -1 2 -5 9 -41 -50 , -29 12 -9 -1 -8 -14 , -28 9 -12 1 -5 -20 , -28 9 -17 6 -6 -23 , 39 36 -36 0 7 -29 , 0.0067565029165053171 , 3
0.17748250130683932 , 35 2 -45 22 -9 -58 , 16 -30 30 0 -16 14 , -16 -13 6 -7 1 -24 , 26 -6 6 0 9 15 , 13 45 -2 -22 -13 -11 , -20 10 15 -36 19 -10 , 16 -15 -10 36 -25 9 , -9 -6 13 7 -30 14 , 39 36 -36 0 7 -29 , 0.0053428975678543955 , 0
0.17748250130683932 , 29 -24 -5 16 -43 -41 , 7 -29 29 0 -20 9 , 16 -37 14 23 -26 3 , 35 -7 7 0 13 20 , 13 5 24 -16 -36 -19 , -27 15 -15 -2 1 -19 , -25 15 -15 2 -4 -14 , -7 -14 37 -23 -11 11 , 39 36 -36 0 7 -29 , 0.0056599368158752944 , 1
0.17748250130683932 , -10 5 -2 -9 -45 -43 , 18 -18 18 0 -5 13 , -34 17 -9 -6 -6 -15 , 24 -18 18 0 -2 16 , -1 2 -5 9 -41 -50 , -29 12 -9 -1 -8 -14 , -28 9 -12 1 -5 -20 , -28 9 -17 6 -6 -23 , 39 36 -36 0 7 -29 , 0.0059542354313140578 , 2
0.17748250130683932 , 27 37 -18 -25 4 -21 , 37 -13 13 0 9 22 , 1 -11 4 17 -25 9 , 5 -23 23 0 -16 7 , 52 18 -37 25 -3 -33 , 42 -21 4 19 -1 19 , 23 -4 21 -19 15 20 , -16 -4 11 -17 5 -14 , 39 36 -36 0 7 -29 , 0.0062250973225550371 , 3
0.17849008180947984 , 35 2 -45 22 -9 -58 , 16 -30 30 0 -16 14 , -16 -13 6 -7 1 -24 , 26 -6 6 0 9 15 , 13 45 -2 -22 -13 -11 , -20 10 15 -36 19 -10 , 16 -15 -10 36 -25 9 , -9 -6 13 7 -30 14 , 39 36 -36 0 7 -29 , 0.0052951815075830905 , 0
0.17849008180947984 , 29 -24 -5 16 -43 -41 , 7 -29 29 0 -20 9 , 16 -37 14 23 -26 3 , 35 -7 7 0 13 20 , 13 5 24 -16 -36 -19 , -27 15 -15 -2 1 -19 , -25 15 -15 2 -4 -14 , -7 -14 37 -23 -11 11 , 39 36 -36 0 7 -29 , 0.0057046026570602773 , 1
0.17849008180947984 , -10 5 -2 -9 -45 -43 , 18 -18 18 0 -5 13 , -34 17 -9 -6 -6 -15 , 24 -18 18 0 -2 16 , -1 2 -5 9 -41 -50 , -29 12 -9 -1 -8 -14 , -28 9 -12 1 -5 -20 , -28 9 -17 6 -6 -23 , 39 36 -36 0 7 -29 , 0.0058802532036147286 , 2
0.17849008180947984 , 27 37 -18 -25 4 -21 , 37 -13 13 0 9 22 , 1 -11 4 17 -25 9 , 5 -23 23 0 -16 7 , 52 18 -37 25 -3 -33 , 42 -21 4 19 -1 19 , 23 -4 21 -19 15 20 , -16 -4 11 -17 5 -14 , 39 36 -36 0 7 -29 , 0.0065293302012411824 , 3
0.17885525114640224 , 35 2 -45 22 -9 -58 , 16 -30 30 0 -16 14 , -16 -13 6 -7 1 -24 , 26 -6 6 0 9 15 , 13 45 -2 -22 -13 -11 , -20 10 15 -36 19 -10 , 16 -15 -10 36 -25 9 , -9 -6 13 7 -30 14 , 39 36 -36 0 7 -29 , 0.0053014734987049898 , 0
0.17885525114640224 , 29 -24 -5 16 -43 -41 , 7 -29 29 0 -20 9 , 16 -37 14 23 -26 3 , 35 -7 7 0 13 20 , 13 5 24 -16 -36 -19 , -27 15 -15 -2 1 -19 , -25 15 -15 2 -4 -14 , -7 -14 37 -23 -11 11 , 39 36 -36 0 7 -29 , 0.0057425692096074801 , 1
0.17885525114640224 , -10 5 -2 -9 -45 -43 , 18 -18 18 0 -5 13 , -34 17 -9 -6 -6 -15 , 24 -18 18 0 -2 16 , -1 2 -5 9 -41 -50 , -29 12 -9 -1 -8 -14 , -28 9 -12 1 -5 -20 , -28 9 -17 6 -6 -23 , 39 36 -36 0 7 -29 , 0.0058745811584549699 , 2
0.18623730451329634 , 47 -2 -44 29 -13 -48 , 32 -21 21 0 0 21 , 8 -7 -16 24 -7 -6 , 10 -15 15 0 -7 8 , 18 44 2 -29 -4 -11 , -37 21 -13 -3 -9 -14 , -34 13 -21 3 -1 -30 , -16 16 7 -24 10 0 , 39 36 -36 0 7 -29 , 0.0058115391512888115 , 0
0.18623730451329634 , 34 6 -20 18 -40 -18 , 45 -1 1 0 23 24 , 3 -2 -9 15 -8 0 , 17 28 -28 0 32 4 , 16 20 -6 -18 2 -46 , -32 18 -10 -10 2 -18 , -22 10 -18 10 -8 -16 , -12 9 2 -15 9 -6 , 19 -27 27 0 -55 -28 , 0.0068241562370604881 , 1
0.19228274988167054 , 34 6 -20 18 -40 -18 , 45 -1 1 0 23 24 , 3 -2 -9 15 -8 0 , 17 28 -28 0 32 4 , 16 20 -6 -18 2 -46 , -32 18 -10 -10 2 -18 , -22 10 -18 10 -8 -16 , -12 9 2 -15 9 -6 , 19 -27 27 0 -55 -28 , 0.0053193536076351737 , 0
0.19228274988167054 , 59 -3 -32 20 -9 -33 , 26 -6 6 0 9 15 , 36 -19 10 16 -9 25 , 16 -30 30 0 -16 14 , 39 32 3 -20 -1 -6 , -21 -1 -12 9 -8 -22 , -30 12 1 -9 -10 -7 , 20 -10 19 -16 15 10 , 39 36 -36 0 7 -29 , 0.005820766010130451 , 1
0.19228274988167054 , 15 -6 -29 13 -24 -63 , 30 -5 5 0 12 17 , -16 9 -14 16 -19 -2 , 12 -31 31 0 -19 12 , 2 29 6 -13 -34 -18 , -13 10 8 0 -23 19 , -13 -8 -10 0 11 -33 , -32 14 -9 -16 12 -28 , 39 36 -36 0 7 -29 , 0.0062441364476244496 , 2
0.1933649514088986 , 34 6 -20 18 -40 -18 , 45 -1 1 0 23 24 , 3 -2 -9 15 -8 0 , 17 28 -28 0 32 4 , 16 20 -6 -18 2 -46 , -32 18 -10 -10 2 -18 , -22 10 -18 10 -8 -16 , -12 9 2 -15 9 -6 , 19 -27 27 0 -55 -28 , 0.0053741138324599775 , 0
0.1933649514088986 , 59 -3 -32 20 -9 -33 , 26 -6 6 0 9 15 , 36 -19 10 16 -9 25 , 16 -30 30 0 -16 14 , 39 32 3 -20 -1 -6 , -21 -1 -12 9 -8 -22 , -30 12 1 -9 -10 -7 , 20 -10 19 -16 15 10 , 39 36 -36 0 7 -29 , 0.0055468566581677262 , 1
0.1933649514088986 , 15 -6 -29 13 -24 -63 , 30 -5 5 0 12 17 , -16 9 -14 16 -19 -2 , 12 -31 31 0 -19 12 , 2 29 6 -13 -34 -18 , -13 10 8 0 -23 19 , -13 -8 -10 0 11 -33 , -32 14 -9 -16 12 -28 , 39 36 -36 0 7 -29 , 0.0061970689639898576 , 2
0.1933649514088986 , 50 6 3 -4 -29 4 , 13 5 -5 0 11 6 , 12 -4 35 -11 -22 44 , 28 -6 6 0 10 16 , 54 -3 -6 4 1 -35 , -20 -4 -18 15 -7 -29 , -35 18 4 -15 -11 -3 , 23 -35 4 11 9 -18 , 40 1 -1 0 -21 -22 , 0.0067135834006472224 , 3
0.1957010518595894 , 59 -3 -32 20 -9 -33 , 26 -6 6 0 9 15 , 36 -19 10 16 -9 25 , 16 -30 30 0 -16 14 , 39 32 3 -20 -1 -6 , -21 -1 -12 9 -8 -22 , -30 12 1 -9 -10 -7 , 20 -10 19 -16 15 10 , 39 36 -36 0 7 -29 , 0.0052951815075832293 , 0
0.1957010518595894 , 34 6 -20 18 -40 -18 , 45 -1 1 0 23 24 , 3 -2 -9 15 -8 0 , 17 28 -28 0 32 4 , 16 20 -6 -18 2 -46 , -32 18 -10 -10 2 -18 , -22 10 -18 10 -8 -16 , -12 9 2 -15 9 -6 , 19 -27 27 0 -55 -28 , 0.0058427632068439256 , 1
0.1957010518595894 , 50 6 3 -4 -29 4 , 13 5 -5 0 11 6 , 12 -4 35 -11 -22 44 , 28 -6 6 0 10 16 , 54 -3 -6 4 1 -35 , -20 -4 -18 15 -7 -29 , -35 18 4 -15 -11 -3 , 23 -35 4 11 9 -18 , 40 1 -1 0 -21 -22 , 0.0063885046407665576 , 2
0.1957010518595894 , 15 -6 -29 13 -24 -63 , 30 -5 5 0 12 17 , -16 9 -14 16 -19 -2 , 12 -31 31 0 -19 12 , 2 29 6 -13 -34 -18 , -13 10 8 0 -23 19 , -13 -8 -10 0 11 -33 , -32 14 -9 -16 12 -28 , 39 36 -36 0 7 -29 , 0.0064134490145276515 , 3
0.19635622503466488 , 59 -3 -32 20 -9 -33 , 26 -6 6 0 9 15 , 36 -19 10 16 -9 25 , 16 -30 30 0 -16 14 , 39 32 3 -20 -1 -6 , -21 -1 -12 9 -8 -22 , -30 12 1 -9 -10 -7 , 20 -10 19 -16 15 10 , 39 36 -36 0 7 -29 , 0.0053154089489612887 , 0
0.19635622503466488 , 34 6 -20 18 -40 -18 , 45 -1 1 0 23 24 , 3 -2 -9 15 -8 0 , 17 28 -28 0 32 4 , 16 20 -6 -18 2 -46 , -32 18 -10 -10 2 -18 , -22 10 -18 10 -8 -16 , -12 9 2 -15 9 -6 , 19 -27 27 0 -55 -28 , 0.0060491381200818758 , 1
0.19635622503466488 , 50 6 3 -4 -29 4 , 13 5 -5 0 11 6 , 12 -4 35 -11 -22 44 , 28 -6 6 0 10 16 , 54 -3 -6 4 1 -35 , -20 -4 -18 15 -7 -29 , -35 18 4 -15 -11 -3 , 23 -35 4 11 9 -18 , 40 1 -1 0 -21 -22 , 0.0063716847609524979 , 2
0.19635622503466488 , 15 -6 -29 13 -24 -63 , 30 -5 5 0 12 17 , -16 9 -14 16 -19 -2 , 12 -31 31 0 -19 12 , 2 29 6 -13 -34 -18 , -13 10 8 0 -23 19 , -13 -8 -10 0 11 -33 , -32 14 -9 -16 12 -28 , 39 36 -36 0 7 -29 , 0.0065480907621146599 , 3
0.19804112227955226 , 59 -3 -32 20 -9 -33 , 26 -6 6 0 9 15 , 36 -19 10 16 -9 25 , 16 -30 30 0 -16 14 , 39 32 3 -20 -1 -6 , -21 -1 -12 9 -8 -22 , -30 12 1 -9 -10 -7 , 20 -10 19 -16 15 10 , 39 36 -36 0 7 -29 , 0.005547693293151231 , 0
0.19804112227955226 , 50 6 3 -4 -29 4 , 13 5 -5 0 11 6 , 12 -4 35 -11 -22 44 , 28 -6 6 0 10 16 , 54 -3 -6 4 1 -35 , -20 -4 -18 15 -7 -29 , -35 18 4 -15 -11 -3 , 23 -35 4 11 9 -18 , 40 1 -1 0 -21 -22 , 0.0064821137570335724 , 1
0.19804112227955226 , 34 6 -20 18 -40 -18 , 45 -1 1 0 23 24 , 3 -2 -9 15 -8 0 , 17 28 -28 0 32 4 , 16 20 -6 -18 2 -46 , -32 18 -10 -10 2 -18 , -22 10 -18 10 -8 -16 , -12 9 2 -15 9 -6 , 19 -27 27 0 -55 -28 , 0.0066988687153321383 , 2
0.19804112227955226 , 34 1 -8 -8 -14 -32 , 19 28 -28 0 33 5 , -23 19 -18 -17 28 -31 , 22 -29 29 0 -12 17 , 42 8 -1 8 -24 -15 , -26 -1 29 -12 -34 17 , -14 -29 1 12 -12 -33 , -6 18 -19 17 -13 9 , 40 1 -1 0 -21 -22 , 0.0067123192311397692 , 3
0.19804112227955226 , 9 -3 19 -19 -45 -20 , 37 -13 13 0 9 22 , -5 17 -25 4 16 -14 , 5 -23 23 0 -16 7 , 28 -19 3 19 -39 -42 , 39 -13 11 7 2 27 , 32 -11 13 -7 16 15 , -9 25 -17 -4 11 -1 , 39 36 -36 0 7 -29 , 0.0068785415248200062 , 4
0.20336370463017803 , 9 -3 19 -19 -45 -20 , 37 -13 13 0 9 22 , -5 17 -25 4 16 -14 , 5 -23 23 0 -16 7 , 28 -19 3 19 -39 -42 , 39 -13 11 7 2 27 , 32 -11 13 -7 16 15 , -9 25 -17 -4 11 -1 , 39 36 -36 0 7 -29 , 0.0057575580224067504 , 0
0.20336370463017803 , 28 -16 -7 7 -33 -41 , 35 3 -3 0 21 18 , 14 3 -7 23 -20 24 , 7 -39 39 0 -28 11 , 21 7 16 -7 -34 -17 , 14 9 -10 -9 30 -5 , 23 10 -9 9 5 21 , -9 7 -3 -23 31 -23 , 39 36 -36 0 7 -29 , 0.0061058498344461519 , 1
0.20336370463017803 , 19 -4 -13 -6 -16 -52 , 25 -25 25 0 -7 18 , -4 -27 -9 30 -22 -22 , 16 24 -24 0 28 4 , 25 13 4 6 -39 -12 , 15 -34 34 5 -27 19 , 10 -34 34 -5 -15 7 , -34 9 27 -30 -13 5 , 40 1 -1 0 -21 -22 , 0.0068924507822842604 , 2
0.20423462288925143 , 9 -3 19 -19 -45 -20 , 37 -13 13 0 9 22 , -5 17 -25 4 16 -14 , 5 -23 23 0 -16 7 , 28 -19 3 19 -39 -42 , 39 -13 11 7 2 27 , 32 -11 13 -7 16 15 , -9 25 -17 -4 11 -1 , 39 36 -36 0 7 -29 , 0.0057903990969881232 , 0
0.20423462288925143 , 28 -16 -7 7 -33 -41 , 35 3 -3 0 21 18 , 14 3 -7 23 -20 24 , 7 -39 39 0 -28 11 , 21 7 16 -7 -34 -17 , 14 9 -10 -9 30 -5 , 23 10 -9 9 5 21 , -9 7 -3 -23 31 -23 , 39 36 -36 0 7 -29 , 0.0058520936507049778 , 1
0.20423462288925143 , 19 -4 -13 -6 -16 -52 , 25 -25 25 0 -7 18 , -4 -27 -9 30 -22 -22 , 16 24 -24 0 28 4 , 25 13 4 6 -39 -12 , 15 -34 34 5 -27 19 , 10 -34 34 -5 -15 7 , -34 9 27 -30 -13 5 , 40 1 -1 0 -21 -22 , 0.0068648839051583021 , 2
0.2072833217510784 , 28 -16 -7 7 -33 -41 , 35 3 -3 0 21 18 , 14 3 -7 23 -20 24 , 7 -39 39 0 -28 11 , 21 7 16 -7 -34 -17 , 14 9 -10 -9 30 -5 , 23 10 -9 9 5 21 , -9 7 -3 -23 31 -23 , 39 36 -36 0 7 -29 , 0.0054405641949853336 , 0
0.2072833217510784 , 9 -3 19 -19 -45 -20 , 37 -13 13 0 9 22 , -5 17 -25 4 16 -14 , 5 -23 23 0 -16 7 , 28 -19 3 19 -39 -42 , 39 -13 11 7 2 27 , 32 -11 13 -7 16 15 , -9 25 -17 -4 11 -1 , 39 36 -36 0 7 -29 , 0.0063899241783783572 , 1
0.21350416552138685 , -6 22 9 -31 -35 -21 , 29 -25 25 0 -5 20 , -15 19 5 -22 9 3 , 13 -11 11 0 -2 9 , 25 -9 -22 31 -30 -57 , -41 27 -11 -16 3 -18 , -25 11 -27 16 -7 -24 , 7 -5 -19 22 -2 -10 , 39 36 -36 0 7 -29 , 0.0052203774733191278 , 0
0.21350416552138685 , 20 -12 -29 14 -21 -66 , 22 -7 7 0 6 13 , -21 12 -24 -6 24 -38 , 20 -29 29 0 -13 16 , 6 29 12 -14 -37 -9 , -21 -1 -7 7 -12 -16 , -28 7 1 -7 -9 -11 , -15 24 -12 6 -14 12 , 39 36 -36 0 7 -29 , 0.0054330178513027714 , 1
0.2165831975239885 , 20 -12 -29 14 -21 -66 , 22 -7 7 0 6 13 , -21 12 -24 -6 24 -38 , 20 -29 29 0 -13 16 , 6 29 12 -14 -37 -9 , -21 -1 -7 7 -12 -16 , -28 7 1 -7 -9 -11 , -15 24 -12 6 -14 12 , 39 36 -36 0 7 -29 , 0.0049533989101406203 , 0
0.2165831975239885 , 34 -10 -24 13 -20 -49 , 30 5 -5 0 20 15 , -14 13 -26 22 -13 -8 , 12 -41 41 0 -27 14 , 21 24 10 -13 -25 -10 , -14 -3 23 -13 -17 11 , -1 -23 3 13 -12 -14 , -36 26 -13 -22 18 -26 , 39 36 -36 0 7 -29 , 0.0056125721515900015 , 1
0.2165831975239885 , -6 22 9 -31 -35 -21 , 29 -25 25 0 -5 20 , -15 19 5 -22 9 3 , 13 -11 11 0 -2 9 , 25 -9 -22 31 -30 -57 , -41 27 -11 -16 3 -18 , -25 11 -27 16 -7 -24 , 7 -5 -19 22 -2 -10 , 39 36 -36 0 7 -29 , 0.0056561949493438854 , 2
0.2166615726382955 , 20 -12 -29 14 -21 -66 , 22 -7 7 0 6 13 , -21 12 -24 -6 24 -38 , 20 -29 29 0 -13 16 , 6 29 12 -14 -37 -9 , -21 -1 -7 7 -12 -16 , -28 7 1 -7 -9 -11 , -15 24 -12 6 -14 12 , 39 36 -36 0 7 -29 , 0.004953088878985528 , 0
0.2166615726382955 , 34 -10 -24 13 -20 -49 , 30 5 -5 0 20 15 , -14 13 -26 22 -13 -8 , 12 -41 41 0 -27 14 , 21 24 10 -13 -25 -10 , -14 -3 23 -13 -17 11 , -1 -23 3 13 -12 -14 , -36 26 -13 -22 18 -26 , 39 36 -36 0 7 -29 , 0.0055899260552937707 , 1
0.2166615726382955 , -6 22 9 -31 -35 -21 , 29 -25 25 0 -5 20 , -15 19 5 -22 9 3 , 13 -11 11 0 -2 9 , 25 -9 -22 31 -30 -57 , -41 27 -11 -16 3 -18 , -25 11 -27 16 -7 -24 , 7 -5 -19 22 -2 -10 , 39 36 -36 0 7 -29 , 0.0056777575771404304 , 2
0.21985930340318194 , 34 -10 -24 13 -20 -49 , 30 5 -5 0 20 15 , -14 13 -26 22 -13 -8 , 12 -41 41 0 -27 14 , 21 24 10 -13 -25 -10 , -14 -3 23 -13 -17 11 , -1 -23 3 13 -12 -14 , -36 26 -13 -22 18 -26 , 39 36 -36 0 7 -29 , 0.0051121963084979141 , 0
0.21985930340318194 , 20 -12 -29 14 -21 -66 , 22 -7 7 0 6 13 , -21 12 -24 -6 24 -38 , 20 -29 29 0 -13 16 , 6 29 12 -14 -37 -9 , -21 -1 -7 7 -12 -16 , -28 7 1 -7 -9 -11 , -15 24 -12 6 -14 12 , 39 36 -36 0 7 -29 , 0.0054447969380979518 , 1
0.22378068056988057 , 10 4 7 -14 -41 -22 , 30 5 -5 0 20 15 , -30 30 -12 -28 27 -22 , 12 -41 41 0 -27 14 , 24 -7 -4 14 -29 -45 , -11 3 22 -15 -14 17 , 4 -22 -3 15 -5 -17 , -2 12 -30 28 -10 -3 , 39 36 -36 0 7 -29 , 0.0054889875977930675 , 0
0.22378068056988057 , 34 -10 -24 13 -20 -49 , 30 5 -5 0 20 15 , -14 13 -26 22 -13 -8 , 12 -41 41 0 -27 14 , 21 24 10 -13 -25 -10 , -14 -3 23 -13 -17 11 , -1 -23 3 13 -12 -14 , -36 26 -13 -22 18 -26 , 39 36 -36 0 7 -29 , 0.0058157649039893861 , 1
0.22660714417866448 , 10 4 7 -14 -41 -22 , 30 5 -5 0 20 15 , -30 30 -12 -28 27 -22 , 12 -41 41 0 -27 14 , 24 -7 -4 14 -29 -45 , -11 3 22 -15 -14 17 , 4 -22 -3 15 -5 -17 , -2 12 -30 28 -10 -3 , 39 36 -36 0 7 -29 , 0.0051121963084980095 , 0
0.22808332535456824 , 10 4 7 -14 -41 -22 , 30 5 -5 0 20 15 , -30 30 -12 -28 27 -22 , 12 -41 41 0 -27 14 , 24 -7 -4 14 -29 -45 , -11 3 22 -15 -14 17 , 4 -22 -3 15 -5 -17 , -2 12 -30 28 -10 -3 , 39 36 -36 0 7 -29 , 0.0052176721535234496 , 0
0.2327578099408957 , 32 -23 -15 13 -27 -53 , 37 -13 13 0 9 22 , 9 -25 17 4 -11 1 , 5 -23 23 0 -16 7 , 19 15 23 -13 -38 -4 , -42 21 -4 -19 1 -19 , -23 4 -21 19 -15 -20 , 5 -17 25 -4 -16 14 , 39 36 -36 0 7 -29 , 0.0057575580224067243 , 0
0.2327578099408957 , 40 27 -41 -3 10 -37 , 16 -30 30 0 -16 14 , 22 -4 -1 -4 21 1 , 26 -6 6 0 9 15 , 43 41 -27 3 4 -17 , -15 -10 20 -25 9 -16 , 10 -20 10 25 -36 19 , 26 1 4 4 2 25 , 39 36 -36 0 7 -29 , 0.0058362103420690429 , 1
0.2327578099408957 , 10 4 7 -14 -41 -22 , 30 5 -5 0 20 15 , -30 30 -12 -28 27 -22 , 12 -41 41 0 -27 14 , 24 -7 -4 14 -29 -45 , -11 3 22 -15 -14 17 , 4 -22 -3 15 -5 -17 , -2 12 -30 28 -10 -3 , 39 36 -36 0 7 -29 , 0.0067119159163051348 , 2
0.2362283802736266 , 40 27 -41 -3 10 -37 , 16 -30 30 0 -16 14 , 22 -4 -1 -4 21 1 , 26 -6 6 0 9 15 , 43 41 -27 3 4 -17 , -15 -10 20 -25 9 -16 , 10 -20 10 25 -36 19 , 26 1 4 4 2 25 , 39 36 -36 0 7 -29 , 0.0052951815075831877 , 0
0.2362283802736266 , 22 30 -14 -25 -4 -23 , 34 1 -1 0 19 18 , 18 -28 21 -3 1 1 , 8 -37 37 0 -26 11 , 47 14 -30 25 -9 -34 , 2 20 0 -24 27 4 , 26 0 -20 24 4 7 , 21 -21 28 3 -20 29 , 39 36 -36 0 7 -29 , 0.0061509030892196292 , 1
0.2362283802736266 , 32 -23 -15 13 -27 -53 , 37 -13 13 0 9 22 , 9 -25 17 4 -11 1 , 5 -23 23 0 -16 7 , 19 15 23 -13 -38 -4 , -42 21 -4 -19 1 -19 , -23 4 -21 19 -15 -20 , 5 -17 25 -4 -16 14 , 39 36 -36 0 7 -29 , 0.0062587435356909809 , 2
0.2389877228700511 , 40 27 -41 -3 10 -37 , 16 -30 30 0 -16 14 , 22 -4 -1 -4 21 1 , 26 -6 6 0 9 15 , 43 41 -27 3 4 -17 , -15 -10 20 -25 9 -16 , 10 -20 10 25 -36 19 , 26 1 4 4 2 25 , 39 36 -36 0 7 -29 , 0.0056432187061164129 , 0
0.2389877228700511 , 22 30 -14 -25 -4 -23 , 34 1 -1 0 19 18 , 18 -28 21 -3 1 1 , 8 -37 37 0 -26 11 , 47 14 -30 25 -9 -34 , 2 20 0 -24 27 4 , 26 0 -20 24 4 7 , 21 -21 28 3 -20 29 , 39 36 -36 0 7 -29 , 0.005833236181137123 , 1
0.24801244432215794 , 15 15 -19 -11 -15 -40 , 49 -5 5 0 22 27 , 9 -4 -1 15 -15 13 , -7 -31 31 0 -29 2 , 26 19 -15 11 -21 -30 , 6 -18 36 1 -37 35 , 5 -36 18 -1 -1 -19 , -6 1 4 -15 14 -11 , 39 36 -36 0 7 -29 , 0.0049766157239035389 , 0
0.24801244432215794 , 10 29 3 -37 -15 -16 , 5 -23 23 0 -16 7 , 33 -16 9 -2 17 8 , 37 -13 13 0 9 22 , 47 -3 -29 37 -19 -44 , -14 16 4 -25 17 -5 , 11 -4 -16 25 -9 1 , 35 -9 16 2 -1 33 , 39 36 -36 0 7 -29 , 0.0059572666645711907 , 1
0.24867331986966132 , 15 15 -19 -11 -15 -40 , 49 -5 5 0 22 27 , 9 -4 -1 15 -15 13 , -7 -31 31 0 -29 2 , 26 19 -15 11 -21 -30 , 6 -18 36 1 -37 35 , 5 -36 18 -1 -1 -19 , -6 1 4 -15 14 -11 , 39 36 -36 0 7 -29 , 0.0049546267761836939 , 0
0.24867331986966132 , 10 29 3 -37 -15 -16 , 5 -23 23 0 -16 7 , 33 -16 9 -2 17 8 , 37 -13 13 0 9 22 , 47 -3 -29 37 -19 -44 , -14 16 4 -25 17 -5 , 11 -4 -16 25 -9 1 , 35 -9 16 2 -1 33 , 39 36 -36 0 7 -29 , 0.0058547289944542186 , 1
0.2501755736173495 , 15 15 -19 -11 -15 -40 , 49 -5 5 0 22 27 , 9 -4 -1 15 -15 13 , -7 -31 31 0 -29 2 , 26 19 -15 11 -21 -30 , 6 -18 36 1 -37 35 , 5 -36 18 -1 -1 -19 , -6 1 4 -15 14 -11 , 39 36 -36 0 7 -29 , 0.0050672187770754015 , 0
0.2501755736173495 , 10 29 3 -37 -15 -16 , 5 -23 23 0 -16 7 , 33 -16 9 -2 17 8 , 37 -13 13 0 9 22 , 47 -3 -29 37 -19 -44 , -14 16 4 -25 17 -5 , 11 -4 -16 25 -9 1 , 35 -9 16 2 -1 33 , 39 36 -36 0 7 -29 , 0.0057575580224066255 , 1
0.25523521792457315 , 7 -4 -7 -3 -38 -43 , 30 5 -5 0 20 15 , 22 -27 28 12 -30 30 , 12 -41 41 0 -27 14 , 10 7 4 3 -36 -34 , -14 -3 23 -13 -17 11 , -1 -23 3 13 -12 -14 , 10 -28 27 -12 2 -3 , 39 36 -36 0 7 -29 , 0.0051700786189418195 , 0
0.25523521792457315 , 26 13 6 -19 -30 -6 , 34 1 -1 0 19 18 , 20 -6 -11 31 -19 17 , 8 -37 37 0 -26 11 , 45 -6 -13 19 -12 -43 , -7 26 0 -27 24 4 , 20 0 -26 27 4 -2 , -11 11 6 -31 28 -13 , 39 36 -36 0 7 -29 , 0.00603973212984727 , 1
0.25632623937958054 , 7 -4 -7 -3 -38 -43 , 30 5 -5 0 20 15 , 22 -27 28 12 -30 30 , 12 -41 41 0 -27 14 , 10 7 4 3 -36 -34 , -14 -3 23 -13 -17 11 , -1 -23 3 13 -12 -14 , 10 -28 27 -12 2 -3 , 39 36 -36 0 7 -29 , 0.0051121963084979722 , 0
0.25632623937958054 , 26 13 6 -19 -30 -6 , 34 1 -1 0 19 18 , 20 -6 -11 31 -19 17 , 8 -37 37 0 -26 11 , 45 -6 -13 19 -12 -43 , -7 26 0 -27 24 4 , 20 0 -26 27 4 -2 , -11 11 6 -31 28 -13 , 39 36 -36 0 7 -29 , 0.0058870710109820562 , 1
0.2574495952381578 , 7 -4 -7 -3 -38 -43 , 30 5 -5 0 20 15 , 22 -27 28 12 -30 30 , 12 -41 41 0 -27 14 , 10 7 4 3 -36 -34 , -14 -3 23 -13 -17 11 , -1 -23 3 13 -12 -14 , 10 -28 27 -12 2 -3 , 39 36 -36 0 7 -29 , 0.0051735397055540045 , 0
0.2574495952381578 , 26 13 6 -19 -30 -6 , 34 1 -1 0 19 18 , 20 -6 -11 31 -19 17 , 8 -37 37 0 -26 11 , 45 -6 -13 19 -12 -43 , -7 26 0 -27 24 4 , 20 0 -26 27 4 -2 , -11 11 6 -31 28 -13 , 39 36 -36 0 7 -29 , 0.0058332361811371291 , 1
0.2574495952381578 , 54 -7 -32 12 -1 -45 , 28 -17 17 0 1 18 , -9 7 -27 15 5 -22 , 14 -19 19 0 -8 11 , 42 32 7 -12 -13 6 , 8 -22 34 0 -30 27 , 8 -34 22 0 -7 -8 , -24 27 -7 -15 5 -2 , 39 36 -36 0 7 -29 , 0.0059712818651957581 , 2
0.2617890668562839 , 54 -7 -32 12 -1 -45 , 28 -17 17 0 1 18 , -9 7 -27 15 5 -22 , 14 -19 19 0 -8 11 , 42 32 7 -12 -13 6 , 8 -22 34 0 -30 27 , 8 -34 22 0 -7 -8 , -24 27 -7 -15 5 -2 , 39 36 -36 0 7 -29 , 0.0051225713015232207 , 0
0.2617890668562839 , 22 25 -6 -24 -15 -15 , 30 5 -5 0 20 15 , -14 8 13 -36 26 -13 , 12 -41 41 0 -27 14 , 46 6 -25 24 -9 -40 , -17 -11 3 5 -15 -14 , -22 -3 11 -5 -17 -4 , 22 -13 -8 36 -26 18 , 39 36 -36 0 7 -29 , 0.005192319115264004 , 1
0.263074080155063 , 22 25 -6 -24 -15 -15 , 30 5 -5 0 20 15 , -14 8 13 -36 26 -13 , 12 -41 41 0 -27 14 , 46 6 -25 24 -9 -40 , -17 -11 3 5 -15 -14 , -22 -3 11 -5 -17 -4 , 22 -13 -8 36 -26 18 , 39 36 -36 0 7 -29 , 0.0051121963084980642 , 0
0.263074080155063 , 54 -7 -32 12 -1 -45 , 28 -17 17 0 1 18 , -9 7 -27 15 5 -22 , 14 -19 19 0 -8 11 , 42 32 7 -12 -13 6 , 8 -22 34 0 -30 27 , 8 -34 22 0 -7 -8 , -24 27 -7 -15 5 -2 , 39 36 -36 0 7 -29 , 0.0052025343262091924 , 1
0.26757022502389716 , 22 25 -6 -24 -15 -15 , 30 5 -5 0 20 15 , -14 8 13 -36 26 -13 , 12 -41 41 0 -27 14 , 46 6 -25 24 -9 -40 , -17 -11 3 5 -15 -14 , -22 -3 11 -5 -17 -4 , 22 -13 -8 36 -26 18 , 39 36 -36 0 7 -29 , 0.0060201471025823827 , 0
0.26757022502389716 , 54 -7 -32 12 -1 -45 , 28 -17 17 0 1 18 , -9 7 -27 15 5 -22 , 14 -19 19 0 -8 11 , 42 32 7 -12 -13 6 , 8 -22 34 0 -30 27 , 8 -34 22 0 -7 -8 , -24 27 -7 -15 5 -2 , 39 36 -36 0 7 -29 , 0.0065537440903596115 , 1
0.26757022502389716 , -7 20 -25 -6 -30 -48 , 31 3 -3 0 19 16 , 4 6 -31 25 2 -12 , 10 -4 4 0 2 6 , -1 25 -20 6 -23 -50 , 15 5 -46 37 11 -19 , -22 46 -5 -37 27 6 , -21 31 -6 -25 19 -4 , 40 1 -1 0 -21 -22 , 0.0066633896897626095 , 2
0.27408579647433984 , 7 21 -3 -27 -21 -26 , 35 3 -3 0 21 18 , -29 27 -20 -5 5 -15 , 7 -39 39 0 -28 11 , 34 3 -21 27 -23 -42 , -9 -14 -5 21 -23 -10 , -30 5 14 -21 -5 -9 , -24 20 -27 5 5 -22 , 39 36 -36 0 7 -29 , 0.0055518642284763256 , 0
0.27408579647433984 , 38 -24 -27 31 -37 -49 , 27 -19 19 0 -1 18 , -18 26 -3 -25 19 -4 , 15 -17 17 0 -6 11 , 7 27 24 -31 -22 -13 , 29 -12 13 -7 15 12 , 36 -13 12 7 -1 27 , 7 3 -26 25 -1 -7 , 39 36 -36 0 7 -29 , 0.0063824627671920679 , 1
0.27408579647433984 , 31 21 -18 -18 -2 -27 , 7 -39 39 0 -28 11 , 23 10 -9 9 5 21 , 35 3 -3 0 21 18 , 49 18 -21 18 -9 -23 , 13 -27 31 -8 -8 10 , 21 -31 27 8 -21 19 , 14 9 -10 -9 30 -5 , 39 36 -36 0 7 -29 , 0.0064852977075553842 , 2
0.2756500618071667 , 7 21 -3 -27 -21 -26 , 35 3 -3 0 21 18 , -29 27 -20 -5 5 -15 , 7 -39 39 0 -28 11 , 34 3 -21 27 -23 -42 , -9 -14 -5 21 -23 -10 , -30 5 14 -21 -5 -9 , -24 20 -27 5 5 -22 , 39 36 -36 0 7 -29 , 0.0054405641949853562 , 0
0.2756500618071667 , 31 21 -18 -18 -2 -27 , 7 -39 39 0 -28 11 , 23 10 -9 9 5 21 , 35 3 -3 0 21 18 , 49 18 -21 18 -9 -23 , 13 -27 31 -8 -8 10 , 21 -31 27 8 -21 19 , 14 9 -10 -9 30 -5 , 39 36 -36 0 7 -29 , 0.0059560025112858376 , 1
0.2756500618071667 , 38 -6 -4 -1 -29 -21 , 50 -8 8 0 20 28 , 11 -12 -1 9 0 -3 , 12 35 -35 0 35 0 , 39 4 6 1 -17 -23 , -26 25 -15 -4 -1 -7 , -22 15 -25 4 8 -26 , 2 1 12 -9 -2 12 , 19 -27 27 0 -55 -28 , 0.0063579845926260425 , 2
0.2756500618071667 , 38 -24 -27 31 -37 -49 , 27 -19 19 0 -1 18 , -18 26 -3 -25 19 -4 , 15 -17 17 0 -6 11 , 7 27 24 -31 -22 -13 , 29 -12 13 -7 15 12 , 36 -13 12 7 -1 27 , 7 3 -26 25 -1 -7 , 39 36 -36 0 7 -29 , 0.0064775987233016974 , 3
0.2790776714837997 , 38 -6 -4 -1 -29 -21 , 50 -8 8 0 20 28 , 11 -12 -1 9 0 -3 , 12 35 -35 0 35 0 , 39 4 6 1 -17 -23 , -26 25 -15 -4 -1 -7 , -22 15 -25 4 8 -26 , 2 1 12 -9 -2 12 , 19 -27 27 0 -55 -28 , 0.0048220579378843078 , 0
0.2790776714837997 , 31 21 -18 -18 -2 -27 , 7 -39 39 0 -28 11 , 23 10 -9 9 5 21 , 35 3 -3 0 21 18 , 49 18 -21 18 -9 -23 , 13 -27 31 -8 -8 10 , 21 -31 27 8 -21 19 , 14 9 -10 -9 30 -5 , 39 36 -36 0 7 -29 , 0.0054405641949853336 , 1
0.2790776714837997 , 7 21 -3 -27 -21 -26 , 35 3 -3 0 21 18 , -29 27 -20 -5 5 -15 , 7 -39 39 0 -28 11 , 34 3 -21 27 -23 -42 , -9 -14 -5 21 -23 -10 , -30 5 14 -21 -5 -9 , -24 20 -27 5 5 -22 , 39 36 -36 0 7 -29 , 0.0059560025112855818 , 2
0.2823737134690534 , 38 -6 -4 -1 -29 -21 , 50 -8 8 0 20 28 , 11 -12 -1 9 0 -3 , 12 35 -35 0 35 0 , 39 4 6 1 -17 -23 , -26 25 -15 -4 -1 -7 , -22 15 -25 4 8 -26 , 2 1 12 -9 -2 12 , 19 -27 27 0 -55 -28 , 0.0042214114588284939 , 0
0.28422649789905613 , 38 -6 -4 -1 -29 -21 , 50 -8 8 0 20 28 , 11 -12 -1 9 0 -3 , 12 35 -35 0 35 0 , 39 4 6 1 -17 -23 , -26 25 -15 -4 -1 -7 , -22 15 -25 4 8 -26 , 2 1 12 -9 -2 12 , 19 -27 27 0 -55 -28 , 0.0044200355484603389 , 0
0.28422649789905613 , 2 -9 -17 10 -46 -53 , 14 -19 19 0 -8 11 , 34 -8 -8 27 -8 22 , 28 -17 17 0 1 18 , -8 17 9 -10 -36 -37 , 22 -5 -15 27 -7 9 , -5 15 5 -27 24 -2 , 7 8 8 -27 30 0 , 39 36 -36 0 7 -29 , 0.0051225713015232458 , 1
0.28422649789905613 , 41 -3 -30 10 -11 -44 , 30 5 -5 0 20 15 , -18 26 -36 8 13 -22 , 12 -41 41 0 -27 14 , 31 30 3 -10 -14 -8 , -11 -17 14 4 -22 -3 , -15 -14 17 -4 -17 -5 , -26 36 -26 -8 14 -13 , 39 36 -36 0 7 -29 , 0.0051977628101677045 , 2
0.28555479773355896 , 38 -6 -4 -1 -29 -21 , 50 -8 8 0 20 28 , 11 -12 -1 9 0 -3 , 12 35 -35 0 35 0 , 39 4 6 1 -17 -23 , -26 25 -15 -4 -1 -7 , -22 15 -25 4 8 -26 , 2 1 12 -9 -2 12 , 19 -27 27 0 -55 -28 , 0.0047832986793590855 , 0
0.28555479773355896 , 41 -3 -30 10 -11 -44 , 30 5 -5 0 20 15 , -18 26 -36 8 13 -22 , 12 -41 41 0 -27 14 , 31 30 3 -10 -14 -8 , -11 -17 14 4 -22 -3 , -15 -14 17 -4 -17 -5 , -26 36 -26 -8 14 -13 , 39 36 -36 0 7 -29 , 0.0051121963084980078 , 1
0.28555479773355896 , 2 -9 -17 10 -46 -53 , 14 -19 19 0 -8 11 , 34 -8 -8 27 -8 22 , 28 -17 17 0 1 18 , -8 17 9 -10 -36 -37 , 22 -5 -15 27 -7 9 , -5 15 5 -27 24 -2 , 7 8 8 -27 30 0 , 39 36 -36 0 7 -29 , 0.0052079673433990054 , 2
0.28814158378361704 , 41 -3 -30 10 -11 -44 , 30 5 -5 0 20 15 , -18 26 -36 8 13 -22 , 12 -41 41 0 -27 14 , 31 30 3 -10 -14 -8 , -11 -17 14 4 -22 -3 , -15 -14 17 -4 -17 -5 , -26 36 -26 -8 14 -13 , 39 36 -36 0 7 -29 , 0.005429573654050732 , 0
0.28814158378361704 , 18 20 -32 8 -30 -30 , 45 -1 1 0 23 24 , 3 0 8 -12 9 2 , 17 28 -28 0 32 4 , 10 32 -20 -8 2 -50 , 6 -26 30 -6 -14 8 , 12 -30 26 6 -22 12 , 15 -8 0 12 -6 9 , 19 -27 27 0 -55 -28 , 0.0056074209685840724 , 1
0.28814158378361704 , 8 11 -5 -7 -44 -21 , 40 -4 4 0 18 22 , -27 17 -10 -13 10 -20 , 2 -32 32 0 -25 7 , 15 5 -11 7 -16 -55 , -21 -14 9 -13 4 -29 , -8 -9 14 13 -38 18 , -14 10 -17 13 -10 -7 , 39 36 -36 0 7 -29 , 0.0056865440715743558 , 2
0.28814158378361704 , 2 -9 -17 10 -46 -53 , 14 -19 19 0 -8 11 , 34 -8 -8 27 -8 22 , 28 -17 17 0 1 18 , -8 17 9 -10 -36 -37 , 22 -5 -15 27 -7 9 , -5 15 5 -27 24 -2 , 7 8 8 -27 30 0 , 39 36 -36 0 7 -29 , 0.0058227704968357528 , 3
0.28814158378361704 , 38 -6 -4 -1 -29 -21 , 50 -8 8 0 20 28 , 11 -12 -1 9 0 -3 , 12 35 -35 0 35 0 , 39 4 6 1 -17 -23 , -26 25 -15 -4 -1 -7 , -22 15 -25 4 8 -26 , 2 1 12 -9 -2 12 , 19 -27 27 0 -55 -28 , 0.0058697883082352862 , 4
0.2906506336765751 , 8 11 -5 -7 -44 -21 , 40 -4 4 0 18 22 , -27 17 -10 -13 10 -20 , 2 -32 32 0 -25 7 , 15 5 -11 7 -16 -55 , -21 -14 9 -13 4 -29 , -8 -9 14 13 -38 18 , -14 10 -17 13 -10 -7 , 39 36 -36 0 7 -29 , 0.0050918864880273151 , 0
0.2906506336765751 , 18 20 -32 8 -30 -30 , 45 -1 1 0 23 24 , 3 0 8 -12 9 2 , 17 28 -28 0 32 4 , 10 32 -20 -8 2 -50 , 6 -26 30 -6 -14 8 , 12 -30 26 6 -22 12 , 15 -8 0 12 -6 9 , 19 -27 27 0 -55 -28 , 0.0053193536076352136 , 1
0.2906506336765751 , 41 -3 -30 10 -11 -44 , 30 5 -5 0 20 15 , -18 26 -36 8 13 -22 , 12 -41 41 0 -27 14 , 31 30 3 -10 -14 -8 , -11 -17 14 4 -22 -3 , -15 -14 17 -4 -17 -5 , -26 36 -26 -8 14 -13 , 39 36 -36 0 7 -29 , 0.0062544600914998041 , 2
0.2919506606296079 , 8 11 -5 -7 -44 -21 , 40 -4 4 0 18 22 , -27 17 -10 -13 10 -20 , 2 -32 32 0 -25 7 , 15 5 -11 7 -16 -55 , -21 -14 9 -13 4 -29 , -8 -9 14 13 -38 18 , -14 10 -17 13 -10 -7 , 39 36 -36 0 7 -29 , 0.0050082208123127117 , 0
0.2919506606296079 , 18 20 -32 8 -30 -30 , 45 -1 1 0 23 24 , 3 0 8 -12 9 2 , 17 28 -28 0 32 4 , 10 32 -20 -8 2 -50 , 6 -26 30 -6 -14 8 , 12 -30 26 6 -22 12 , 15 -8 0 12 -6 9 , 19 -27 27 0 -55 -28 , 0.0053981990458779284 , 1
0.29399069574029646 , 8 11 -5 -7 -44 -21 , 40 -4 4 0 18 22 , -27 17 -10 -13 10 -20 , 2 -32 32 0 -25 7 , 15 5 -11 7 -16 -55 , -21 -14 9 -13 4 -29 , -8 -9 14 13 -38 18 , -14 10 -17 13 -10 -7 , 39 36 -36 0 7 -29 , 0.0052118269813762096 , 0
0.29399069574029646 , 18 20 -32 8 -30 -30 , 45 -1 1 0 23 24 , 3 0 8 -12 9 2 , 17 28 -28 0 32 4 , 10 32 -20 -8 2 -50 , 6 -26 30 -6 -14 8 , 12 -30 26 6 -22 12 , 15 -8 0 12 -6 9 , 19 -27 27 0 -55 -28 , 0.005820094211482163 , 1
0.29399069574029646 , 39 27 -19 -23 7 -20 , 27 -9 9 0 7 16 , 27 -9 15 8 -13 33 , 15 -27 27 0 -14 13 , 62 19 -27 23 -1 -20 , -13 -18 15 -11 -1 -19 , -2 -15 18 11 -34 17 , 19 -15 9 -8 18 -4 , 39 36 -36 0 7 -29 , 0.0059293115973123242 , 2
0.29399069574029646 , -1 30 -3 -29 -28 -19 , 12 -31 31 0 -19 12 , -33 13 8 -23 0 -11 , 30 -5 5 0 12 17 , 28 3 -30 29 -16 -58 , -28 12 -16 -9 14 -32 , -19 16 -12 9 -16 2 , -10 -8 -13 23 -19 -13 , 39 36 -36 0 7 -29 , 0.0061970689639899183 , 3
0.2983937450440613 , 39 27 -19 -23 7 -20 , 27 -9 9 0 7 16 , 27 -9 15 8 -13 33 , 15 -27 27 0 -14 13 , 62 19 -27 23 -1 -20 , -13 -18 15 -11 -1 -19 , -2 -15 18 11 -34 17 , 19 -15 9 -8 18 -4 , 39 36 -36 0 7 -29 , 0.0050461223061359388 , 0
0.2983937450440613 , 20 37 -18 -19 -16 -11 , 36 -10 10 0 11 21 , -17 7 -16 -4 15 -28 , 6 -26 26 0 -18 8 , 39 18 -37 19 7 -53 , -4 25 -12 -25 39 -12 , 21 12 -25 25 0 14 , -13 16 -7 4 -12 8 , 39 36 -36 0 7 -29 , 0.0050968423218901368 , 1
0.2983937450440613 , -2 34 0 -35 -26 -15 , 24 -23 23 0 -6 17 , 6 -15 -2 0 14 -20 , 18 -13 13 0 -1 12 , 33 0 -34 35 -15 -60 , 3 9 -3 -23 36 -14 , 26 3 -9 23 -11 27 , 6 2 15 0 -18 29 , 39 36 -36 0 7 -29 , 0.0059056124284653953 , 2
0.300088145961561 , 20 37 -18 -19 -16 -11 , 36 -10 10 0 11 21 , -17 7 -16 -4 15 -28 , 6 -26 26 0 -18 8 , 39 18 -37 19 7 -53 , -4 25 -12 -25 39 -12 , 21 12 -25 25 0 14 , -13 16 -7 4 -12 8 , 39 36 -36 0 7 -29 , 0.0049540194701869246 , 0
0.300088145961561 , 39 27 -19 -23 7 -20 , 27 -9 9 0 7 16 , 27 -9 15 8 -13 33 , 15 -27 27 0 -14 13 , 62 19 -27 23 -1 -20 , -13 -18 15 -11 -1 -19 , -2 -15 18 11 -34 17 , 19 -15 9 -8 18 -4 , 39 36 -36 0 7 -29 , 0.0051864094266807605 , 1
0.300088145961561 , -2 34 0 -35 -26 -15 , 24 -23 23 0 -6 17 , 6 -15 -2 0 14 -20 , 18 -13 13 0 -1 12 , 33 0 -34 35 -15 -60 , 3 9 -3 -23 36 -14 , 26 3 -9 23 -11 27 , 6 2 15 0 -18 29 , 39 36 -36 0 7 -29 , 0.005363862463812822 , 2
0.300088145961561 , 39 25 -9 -15 -18 1 , 16 -30 30 0 -16 14 , -5 30 -15 -7 12 8 , 26 -6 6 0 9 15 , 54 9 -25 15 10 -43 , -15 -10 20 -25 9 -16 , 10 -20 10 25 -36 19 , 2 15 -30 7 23 -18 , 39 36 -36 0 7 -29 , 0.0061255691180906813 , 3
0.30284414262195847 , -2 34 0 -35 -26 -15 , 24 -23 23 0 -6 17 , 6 -15 -2 0 14 -20 , 18 -13 13 0 -1 12 , 33 0 -34 35 -15 -60 , 3 9 -3 -23 36 -14 , 26 3 -9 23 -11 27 , 6 2 15 0 -18 29 , 39 36 -36 0 7 -29 , 0.0049973267253672288 , 0
0.30284414262195847 , 20 37 -18 -19 -16 -11 , 36 -10 10 0 11 21 , -17 7 -16 -4 15 -28 , 6 -26 26 0 -18 8 , 39 18 -37 19 7 -53 , -4 25 -12 -25 39 -12 , 21 12 -25 25 0 14 , -13 16 -7 4 -12 8 , 39 36 -36 0 7 -29 , 0.005323537869762556 , 1
0.30284414262195847 , 39 25 -9 -15 -18 1 , 16 -30 30 0 -16 14 , -5 30 -15 -7 12 8 , 26 -6 6 0 9 15 , 54 9 -25 15 10 -43 , -15 -10 20 -25 9 -16 , 10 -20 10 25 -36 19 , 2 15 -30 7 23 -18 , 39 36 -36 0 7 -29 , 0.0054145726557706135 , 2
0.30284414262195847 , 39 27 -19 -23 7 -20 , 27 -9 9 0 7 16 , 27 -9 15 8 -13 33 , 15 -27 27 0 -14 13 , 62 19 -27 23 -1 -20 , -13 -18 15 -11 -1 -19 , -2 -15 18 11 -34 17 , 19 -15 9 -8 18 -4 , 39 36 -36 0 7 -29 , 0.0059469599687864434 , 3
0.3044433017487648 , -2 34 0 -35 -26 -15 , 24 -23 23 0 -6 17 , 6 -15 -2 0 14 -20 , 18 -13 13 0 -1 12 , 33 0 -34 35 -15 -60 , 3 9 -3 -23 36 -14 , 26 3 -9 23 -11 27 , 6 2 15 0 -18 29 , 39 36 -36 0 7 -29 , 0.0051236632623955034 , 0
0.3044433017487648 , 39 25 -9 -15 -18 1 , 16 -30 30 0 -16 14 , -5 30 -15 -7 12 8 , 26 -6 6 0 9 15 , 54 9 -25 15 10 -43 , -15 -10 20 -25 9 -16 , 10 -20 10 25 -36 19 , 2 15 -30 7 23 -18 , 39 36 -36 0 7 -29 , 0.0052951815075831079 , 1
0.3044433017487648 , 20 37 -18 -19 -16 -11 , 36 -10 10 0 11 21 , -17 7 -16 -4 15 -28 , 6 -26 26 0 -18 8 , 39 18 -37 19 7 -53 , -4 25 -12 -25 39 -12 , 21 12 -25 25 0 14 , -13 16 -7 4 -12 8 , 39 36 -36 0 7 -29 , 0.0058331781237589246 , 2
0.3044433017487648 , 18 -15 -15 15 -46 -43 , 30 0 0 0 16 16 , -18 15 -29 16 -3 -18 , 12 -36 36 0 -23 13 , 3 15 15 -15 -28 -31 , -21 -9 2 -4 -3 -24 , -17 -2 9 4 -26 6 , -34 29 -15 -16 11 -18 , 39 36 -36 0 7 -29 , 0.0058970758512518632 , 3
0.3044433017487648 , 22 -17 -27 12 -22 -65 , 32 -21 21 0 0 21 , 10 0 16 -6 -7 24 , 10 -15 15 0 -7 8 , 10 27 17 -12 -38 -5 , 17 -2 11 -22 29 1 , 39 -11 2 22 -10 31 , 16 -16 0 6 8 -7 , 39 36 -36 0 7 -29 , 0.006286581530040085 , 4
0.3078336268969034 , 18 -15 -15 15 -46 -43 , 30 0 0 0 16 16 , -18 15 -29 16 -3 -18 , 12 -36 36 0 -23 13 , 3 15 15 -15 -28 -31 , -21 -9 2 -4 -3 -24 , -17 -2 9 4 -26 6 , -34 29 -15 -16 11 -18 , 39 36 -36 0 7 -29 , 0.0051337026113588095 , 0
0.3078336268969034 , 22 -17 -27 12 -22 -65 , 32 -21 21 0 0 21 , 10 0 16 -6 -7 24 , 10 -15 15 0 -7 8 , 10 27 17 -12 -38 -5 , 17 -2 11 -22 29 1 , 39 -11 2 22 -10 31 , 16 -16 0 6 8 -7 , 39 36 -36 0 7 -29 , 0.0058115391512888592 , 1
0.3078336268969034 , 39 25 -9 -15 -18 1 , 16 -30 30 0 -16 14 , -5 30 -15 -7 12 8 , 26 -6 6 0 9 15 , 54 9 -25 15 10 -43 , -15 -10 20 -25 9 -16 , 10 -20 10 25 -36 19 , 2 15 -30 7 23 -18 , 39 36 -36 0 7 -29 , 0.0058125790717338671 , 2
0.3078336268969034 , -2 34 0 -35 -26 -15 , 24 -23 23 0 -6 17 , 6 -15 -2 0 14 -20 , 18 -13 13 0 -1 12 , 33 0 -34 35 -15 -60 , 3 9 -3 -23 36 -14 , 26 3 -9 23 -11 27 , 6 2 15 0 -18 29 , 39 36 -36 0 7 -29 , 0.0061172465265745928 , 3
0.3086221887157405 , 18 -15 -15 15 -46 -43 , 30 0 0 0 16 16 , -18 15 -29 16 -3 -18 , 12 -36 36 0 -23 13 , 3 15 15 -15 -28 -31 , -21 -9 2 -4 -3 -24 , -17 -2 9 4 -26 6 , -34 29 -15 -16 11 -18 , 39 36 -36 0 7 -29 , 0.0051033311381640757 , 0
0.3086221887157405 , 22 -17 -27 12 -22 -65 , 32 -21 21 0 0 21 , 10 0 16 -6 -7 24 , 10 -15 15 0 -7 8 , 10 27 17 -12 -38 -5 , 17 -2 11 -22 29 1 , 39 -11 2 22 -10 31 , 16 -16 0 6 8 -7 , 39 36 -36 0 7 -29 , 0.0058382275137438822 , 1
0.3086221887157405 , 39 25 -9 -15 -18 1 , 16 -30 30 0 -16 14 , -5 30 -15 -7 12 8 , 26 -6 6 0 9 15 , 54 9 -25 15 10 -43 , -15 -10 20 -25 9 -16 , 10 -20 10 25 -36 19 , 2 15 -30 7 23 -18 , 39 36 -36 0 7 -29 , 0.0060638649171249389 , 2
0.3103066228959589 , 18 -15 -15 15 -46 -43 , 30 0 0 0 16 16 , -18 15 -29 16 -3 -18 , 12 -36 36 0 -23 13 , 3 15 15 -15 -28 -31 , -21 -9 2 -4 -3 -24 , -17 -2 9 4 -26 6 , -34 29 -15 -16 11 -18 , 39 36 -36 0 7 -29 , 0.0052404811791656415 , 0
0.3103066228959589 , 22 -17 -27 12 -22 -65 , 32 -21 21 0 0 21 , 10 0 16 -6 -7 24 , 10 -15 15 0 -7 8 , 10 27 17 -12 -38 -5 , 17 -2 11 -22 29 1 , 39 -11 2 22 -10 31 , 16 -16 0 6 8 -7 , 39 36 -36 0 7 -29 , 0.0060689228930026293 , 1
0.31163795302624697 , 18 -15 -15 15 -46 -43 , 30 0 0 0 16 16 , -18 15 -29 16 -3 -18 , 12 -36 36 0 -23 13 , 3 15 15 -15 -28 -31 , -21 -9 2 -4 -3 -24 , -17 -2 9 4 -26 6 , -34 29 -15 -16 11 -18 , 39 36 -36 0 7 -29 , 0.0055309483245826454 , 0
0.31163795302624697 , 22 -17 -27 12 -22 -65 , 32 -21 21 0 0 21 , 10 0 16 -6 -7 24 , 10 -15 15 0 -7 8 , 10 27 17 -12 -38 -5 , 17 -2 11 -22 29 1 , 39 -11 2 22 -10 31 , 16 -16 0 6 8 -7 , 39 36 -36 0 7 -29 , 0.0064039358885367766 , 1
0.31163795302624697 , 25 1 -14 -10 -14 -41 , -3 -35 35 0 -30 5 , -16 -1 -26 23 -8 -27 , 45 -1 1 0 23 24 , 35 14 -1 10 -27 -15 , 17 -15 11 15 -21 21 , 2 -11 15 -15 10 -6 , -39 26 1 -23 -1 -7 , 39 36 -36 0 7 -29 , 0.0065081286198848762 , 2
0.31163795302624697 , 27 -6 0 -10 -28 -28 , 22 -29 29 0 -12 17 , 14 -33 -12 26 1 -29 , 19 28 -28 0 33 5 , 37 0 6 10 -28 -22 , -19 23 -31 9 6 -18 , -28 31 -23 -9 13 -17 , -12 12 33 -26 -17 34 , 40 1 -1 0 -21 -22 , 0.0067780117951504234 , 3
0.31730450818087863 , 46 19 -46 11 -2 -33 , 16 -30 30 0 -16 14 , 2 25 -26 1 21 -4 , 26 -6 6 0 9 15 , 35 46 -19 -11 13 -21 , -32 13 -14 -11 12 -32 , -21 14 -13 11 -18 -1 , 1 26 -25 -1 22 -4 , 39 36 -36 0 7 -29 , 0.006023438399158176 , 0
0.31730450818087863 , 7 10 -42 7 -17 -64 , 13 5 -5 0 11 6 , 4 -12 44 -18 -23 35 , 28 -6 6 0 10 16 , 0 42 -10 -7 -22 -27 , 20 4 18 -15 7 29 , 35 -18 -4 15 11 3 , 22 -44 12 18 -9 -11 , 40 1 -1 0 -21 -22 , 0.006371684760952641 , 1
0.31730450818087863 , 10 16 3 -26 -29 -18 , 30 5 -5 0 20 15 , 22 -27 28 12 -30 30 , 12 -41 41 0 -27 14 , 36 -3 -16 26 -21 -45 , -8 -19 3 7 -9 -18 , -15 -3 19 -7 -21 10 , 10 -28 27 -12 2 -3 , 39 36 -36 0 7 -29 , 0.0066776459252428184 , 2
0.321364778685232 , 46 19 -46 11 -2 -33 , 16 -30 30 0 -16 14 , 2 25 -26 1 21 -4 , 26 -6 6 0 9 15 , 35 46 -19 -11 13 -21 , -32 13 -14 -11 12 -32 , -21 14 -13 11 -18 -1 , 1 26 -25 -1 22 -4 , 39 36 -36 0 7 -29 , 0.0052951815075832206 , 0
0.321364778685232 , 10 16 3 -26 -29 -18 , 30 5 -5 0 20 15 , 22 -27 28 12 -30 30 , 12 -41 41 0 -27 14 , 36 -3 -16 26 -21 -45 , -8 -19 3 7 -9 -18 , -15 -3 19 -7 -21 10 , 10 -28 27 -12 2 -3 , 39 36 -36 0 7 -29 , 0.0053071017044995124 , 1
0.3233801122149275 , 10 16 3 -26 -29 -18 , 30 5 -5 0 20 15 , 22 -27 28 12 -30 30 , 12 -41 41 0 -27 14 , 36 -3 -16 26 -21 -45 , -8 -19 3 7 -9 -18 , -15 -3 19 -7 -21 10 , 10 -28 27 -12 2 -3 , 39 36 -36 0 7 -29 , 0.0051121963084980286 , 0
0.3233801122149275 , 46 19 -46 11 -2 -33 , 16 -30 30 0 -16 14 , 2 25 -26 1 21 -4 , 26 -6 6 0 9 15 , 35 46 -19 -11 13 -21 , -32 13 -14 -11 12 -32 , -21 14 -13 11 -18 -1 , 1 26 -25 -1 22 -4 , 39 36 -36 0 7 -29 , 0.005483586749261379 , 1
0.32662198039428103 , 10 16 3 -26 -29 -18 , 30 5 -5 0 20 15 , 22 -27 28 12 -30 30 , 12 -41 41 0 -27 14 , 36 -3 -16 26 -21 -45 , -8 -19 3 7 -9 -18 , -15 -3 19 -7 -21 10 , 10 -28 27 -12 2 -3 , 39 36 -36 0 7 -29 , 0.0056026231689579129 , 0
0.32662198039428103 , 44 14 -32 -7 8 -37 , 30 -5 5 0 12 17 , 18 -16 26 4 -23 32 , 12 -31 31 0 -19 12 , 51 32 -14 7 -5 -6 , 13 -10 -8 0 23 -19 , 13 8 10 0 -11 33 , 14 -26 16 -4 6 -7 , 39 36 -36 0 7 -29 , 0.0062041198371419748 , 1
0.32662198039428103 , 43 29 -45 2 3 -28 , 20 -24 24 0 -9 15 , -12 2 -21 4 15 -32 , 22 -12 12 0 2 14 , 41 45 -29 -2 17 -26 , -26 25 2 -34 22 -11 , 8 -2 -25 34 -13 -3 , -16 21 -2 -4 -11 13 , 39 36 -36 0 7 -29 , 0.0063297523033756789 , 2
0.32662198039428103 , 46 19 -46 11 -2 -33 , 16 -30 30 0 -16 14 , 2 25 -26 1 21 -4 , 26 -6 6 0 9 15 , 35 46 -19 -11 13 -21 , -32 13 -14 -11 12 -32 , -21 14 -13 11 -18 -1 , 1 26 -25 -1 22 -4 , 39 36 -36 0 7 -29 , 0.0064697735397272037 , 3
0.32704016643147266 , 10 16 3 -26 -29 -18 , 30 5 -5 0 20 15 , 22 -27 28 12 -30 30 , 12 -41 41 0 -27 14 , 36 -3 -16 26 -21 -45 , -8 -19 3 7 -9 -18 , -15 -3 19 -7 -21 10 , 10 -28 27 -12 2 -3 , 39 36 -36 0 7 -29 , 0.0057299672284423465 , 0
0.32704016643147266 , 43 29 -45 2 3 -28 , 20 -24 24 0 -9 15 , -12 2 -21 4 15 -32 , 22 -12 12 0 2 14 , 41 45 -29 -2 17 -26 , -26 25 2 -34 22 -11 , 8 -2 -25 34 -13 -3 , -16 21 -2 -4 -11 13 , 39 36 -36 0 7 -29 , 0.0061934597745515073 , 1
0.32704016643147266 , 44 14 -32 -7 8 -37 , 30 -5 5 0 12 17 , 18 -16 26 4 -23 32 , 12 -31 31 0 -19 12 , 51 32 -14 7 -5 -6 , 13 -10 -8 0 23 -19 , 13 8 10 0 -11 33 , 14 -26 16 -4 6 -7 , 39 36 -36 0 7 -29 , 0.0061970689639898775 , 2
0.32704016643147266 , 46 19 -46 11 -2 -33 , 16 -30 30 0 -16 14 , 2 25 -26 1 21 -4 , 26 -6 6 0 9 15 , 35 46 -19 -11 13 -21 , -32 13 -14 -11 12 -32 , -21 14 -13 11 -18 -1 , 1 26 -25 -1 22 -4 , 39 36 -36 0 7 -29 , 0.0066440865377939244 , 3
0.33091258071752055 , 43 29 -45 2 3 -28 , 20 -24 24 0 -9 15 , -12 2 -21 4 15 -32 , 22 -12 12 0 2 14 , 41 45 -29 -2 17 -26 , -26 25 2 -34 22 -11 , 8 -2 -25 34 -13 -3 , -16 21 -2 -4 -11 13 , 39 36 -36 0 7 -29 , 0.0055552844189167214 , 0
0.33091258071752055 , 51 23 -25 -3 -9 -6 , 15 -17 17 0 -6 11 , 25 -22 -9 38 -21 8 , 27 -19 19 0 -1 18 , 54 25 -23 3 19 -32 , -19 29 -9 -14 8 1 , -5 9 -29 14 10 -21 , -13 9 22 -38 17 1 , 39 36 -36 0 7 -29 , 0.006723473694247732 , 1
0.33091258071752055 , 44 14 -32 -7 8 -37 , 30 -5 5 0 12 17 , 18 -16 26 4 -23 32 , 12 -31 31 0 -19 12 , 51 32 -14 7 -5 -6 , 13 -10 -8 0 23 -19 , 13 8 10 0 -11 33 , 14 -26 16 -4 6 -7 , 39 36 -36 0 7 -29 , 0.0067750578307778581 , 2
0.33091258071752055 , 24 10 -22 5 -33 -25 , 50 -8 8 0 20 28 , 2 9 0 -1 -2 12 , 12 35 -35 0 35 0 , 19 22 -10 -5 -3 -43 , -26 22 -15 -1 -4 -8 , -25 15 -22 1 7 -26 , 3 0 -9 1 12 -11 , 19 -27 27 0 -55 -28 , 0.0068278656225244198 , 3
0.33337497638220565 , 24 10 -22 5 -33 -25 , 50 -8 8 0 20 28 , 2 9 0 -1 -2 12 , 12 35 -35 0 35 0 , 19 22 -10 -5 -3 -43 , -26 22 -15 -1 -4 -8 , -25 15 -22 1 7 -26 , 3 0 -9 1 12 -11 , 19 -27 27 0 -55 -28 , 0.0055644762217339893 , 0
0.33337497638220565 , 43 29 -45 2 3 -28 , 20 -24 24 0 -9 15 , -12 2 -21 4 15 -32 , 22 -12 12 0 2 14 , 41 45 -29 -2 17 -26 , -26 25 2 -34 22 -11 , 8 -2 -25 34 -13 -3 , -16 21 -2 -4 -11 13 , 39 36 -36 0 7 -29 , 0.0058217580423217024 , 1
0.33337497638220565 , 51 23 -25 -3 -9 -6 , 15 -17 17 0 -6 11 , 25 -22 -9 38 -21 8 , 27 -19 19 0 -1 18 , 54 25 -23 3 19 -32 , -19 29 -9 -14 8 1 , -5 9 -29 14 10 -21 , -13 9 22 -38 17 1 , 39 36 -36 0 7 -29 , 0.0063933466093806148 , 2
0.33337497638220565 , 36 6 -16 8 -37 -12 , 46 -3 3 0 22 25 , -9 8 -6 5 -9 2 , -5 2 -2 0 -1 -3 , 28 16 -6 -8 4 -43 , -5 -3 -36 9 34 -53 , -14 36 3 -9 -17 37 , -14 6 -8 -5 8 -17 , 40 1 -1 0 -21 -22 , 0.0066111159102832514 , 3
0.33390232993262325 , 24 10 -22 5 -33 -25 , 50 -8 8 0 20 28 , 2 9 0 -1 -2 12 , 12 35 -35 0 35 0 , 19 22 -10 -5 -3 -43 , -26 22 -15 -1 -4 -8 , -25 15 -22 1 7 -26 , 3 0 -9 1 12 -11 , 19 -27 27 0 -55 -28 , 0.0053290438896206891 , 0
0.33390232993262325 , 43 29 -45 2 3 -28 , 20 -24 24 0 -9 15 , -12 2 -21 4 15 -32 , 22 -12 12 0 2 14 , 41 45 -29 -2 17 -26 , -26 25 2 -34 22 -11 , 8 -2 -25 34 -13 -3 , -16 21 -2 -4 -11 13 , 39 36 -36 0 7 -29 , 0.0059439434343618505 , 1
0.33390232993262325 , 51 23 -25 -3 -9 -6 , 15 -17 17 0 -6 11 , 25 -22 -9 38 -21 8 , 27 -19 19 0 -1 18 , 54 25 -23 3 19 -32 , -19 29 -9 -14 8 1 , -5 9 -29 14 10 -21 , -13 9 22 -38 17 1 , 39 36 -36 0 7 -29 , 0.0063824627671920141 , 2
0.33390232993262325 , 36 6 -16 8 -37 -12 , 46 -3 3 0 22 25 , -9 8 -6 5 -9 2 , -5 2 -2 0 -1 -3 , 28 16 -6 -8 4 -43 , -5 -3 -36 9 34 -53 , -14 36 3 -9 -17 37 , -14 6 -8 -5 8 -17 , 40 1 -1 0 -21 -22 , 0.0065380149380776928 , 3
0.33546137624724953 , 24 10 -22 5 -33 -25 , 50 -8 8 0 20 28 , 2 9 0 -1 -2 12 , 12 35 -35 0 35 0 , 19 22 -10 -5 -3 -43 , -26 22 -15 -1 -4 -8 , -25 15 -22 1 7 -26 , 3 0 -9 1 12 -11 , 19 -27 27 0 -55 -28 , 0.0047374003838777665 , 0
0.3385019890598059 , 24 10 -22 5 -33 -25 , 50 -8 8 0 20 28 , 2 9 0 -1 -2 12 , 12 35 -35 0 35 0 , 19 22 -10 -5 -3 -43 , -26 22 -15 -1 -4 -8 , -25 15 -22 1 7 -26 , 3 0 -9 1 12 -11 , 19 -27 27 0 -55 -28 , 0.0042214114588285537 , 0
0.34340635840696243 , 24 10 -22 5 -33 -25 , 50 -8 8 0 20 28 , 2 9 0 -1 -2 12 , 12 35 -35 0 35 0 , 19 22 -10 -5 -3 -43 , -26 22 -15 -1 -4 -8 , -25 15 -22 1 7 -26 , 3 0 -9 1 12 -11 , 19 -27 27 0 -55 -28 , 0.0054632124394002144 , 0
0.34340635840696243 , 42 -10 -20 13 -28 -31 , 40 1 -1 0 22 21 , -14 14 -21 14 -8 -7 , 2 -37 37 0 -29 8 , 29 20 10 -13 -11 -18 , -17 10 25 -36 7 7 , 19 -25 -10 36 -18 -3 , -28 21 -14 -14 14 -22 , 39 36 -36 0 7 -29 , 0.0059166543316497688 , 1
0.3483650903479099 , 6 8 -17 -4 -35 -38 , 2 -37 37 0 -29 8 , 3 19 -25 -7 36 -18 , 40 1 -1 0 22 21 , 10 17 -8 4 -21 -43 , -14 14 -8 -21 28 -22 , 7 8 -14 21 -14 14 , 10 25 -19 7 7 17 , 39 36 -36 0 7 -29 , 0.0059166543316497818 , 0
0.3483650903479099 , -4 1 -3 -11 -45 -38 , 41 -17 17 0 8 25 , 11 1 3 -7 12 5 , 1 -19 19 0 -15 4 , 7 3 -1 11 -35 -46 , 21 -3 19 -24 24 12 , 45 -19 3 24 -7 27 , 18 -3 -1 7 2 11 , 39 36 -36 0 7 -29 , 0.006198836092987341 , 1
0.3483650903479099 , 42 -10 -20 13 -28 -31 , 40 1 -1 0 22 21 , -14 14 -21 14 -8 -7 , 2 -37 37 0 -29 8 , 29 20 10 -13 -11 -18 , -17 10 25 -36 7 7 , 19 -25 -10 36 -18 -3 , -28 21 -14 -14 14 -22 , 39 36 -36 0 7 -29 , 0.0068775892227941554 , 2
0.3532437729442279 , -4 1 -3 -11 -45 -38 , 41 -17 17 0 8 25 , 11 1 3 -7 12 5 , 1 -19 19 0 -15 4 , 7 3 -1 11 -35 -46 , 21 -3 19 -24 24 12 , 45 -19 3 24 -7 27 , 18 -3 -1 7 2 11 , 39 36 -36 0 7 -29 , 0.005150227693306351 , 0
0.35956602414004935 , 47 18 -21 -15 3 -19 , 26 -6 6 0 9 15 , 1 -21 14 -12 11 -18 , 16 -30 30 0 -16 14 , 62 21 -18 15 2 -15 , -7 30 -12 -8 9 10 , 1 12 -30 8 22 -21 , 13 -14 21 12 -32 32 , 39 36 -36 0 7 -29 , 0.0055447513192525485 , 0
0.35956602414004935 , 12 26 1 -35 -19 -13 , 41 -17 17 0 8 25 , 2 -5 -12 17 -6 -7 , 1 -19 19 0 -15 4 , 47 -1 -26 35 -14 -45 , 44 -16 8 17 -5 31 , 27 -8 16 -17 23 11 , -15 12 5 -17 5 -1 , 39 36 -36 0 7 -29 , 0.0060763903385917346 , 1
0.35956602414004935 , -4 1 -3 -11 -45 -38 , 41 -17 17 0 8 25 , 11 1 3 -7 12 5 , 1 -19 19 0 -15 4 , 7 3 -1 11 -35 -46 , 21 -3 19 -24 24 12 , 45 -19 3 24 -7 27 , 18 -3 -1 7 2 11 , 39 36 -36 0 7 -29 , 0.0068198377914337549 , 2
0.3618921070992692 , 47 18 -21 -15 3 -19 , 26 -6 6 0 9 15 , 1 -21 14 -12 11 -18 , 16 -30 30 0 -16 14 , 62 21 -18 15 2 -15 , -7 30 -12 -8 9 10 , 1 12 -30 8 22 -21 , 13 -14 21 12 -32 32 , 39 36 -36 0 7 -29 , 0.0052951815075832518 , 0
0.3618921070992692 , 12 26 1 -35 -19 -13 , 41 -17 17 0 8 25 , 2 -5 -12 17 -6 -7 , 1 -19 19 0 -15 4 , 47 -1 -26 35 -14 -45 , 44 -16 8 17 -5 31 , 27 -8 16 -17 23 11 , -15 12 5 -17 5 -1 , 39 36 -36 0 7 -29 , 0.0053870657575634702 , 1
0.3618921070992692 , 48 17 -16 -9 -12 -6 , 12 -31 31 0 -19 12 , 27 -1 9 -1 4 26 , 30 -5 5 0 12 17 , 57 16 -17 9 10 -29 , -26 16 -18 6 -7 -14 , -32 18 -16 -6 4 -23 , 28 -9 1 1 17 5 , 39 36 -36 0 7 -29 , 0.0064423922069345952 , 2
0.3641262249739364 , 12 26 1 -35 -19 -13 , 41 -17 17 0 8 25 , 2 -5 -12 17 -6 -7 , 1 -19 19 0 -15 4 , 47 -1 -26 35 -14 -45 , 44 -16 8 17 -5 31 , 27 -8 16 -17 23 11 , -15 12 5 -17 5 -1 , 39 36 -36 0 7 -29 , 0.005150227693306475 , 0
0.3641262249739364 , 47 18 -21 -15 3 -19 , 26 -6 6 0 9 15 , 1 -21 14 -12 11 -18 , 16 -30 30 0 -16 14 , 62 21 -18 15 2 -15 , -7 30 -12 -8 9 10 , 1 12 -30 8 22 -21 , 13 -14 21 12 -32 32 , 39 36 -36 0 7 -29 , 0.0055258102063859204 , 1
0.3641262249739364 , 48 17 -16 -9 -12 -6 , 12 -31 31 0 -19 12 , 27 -1 9 -1 4 26 , 30 -5 5 0 12 17 , 57 16 -17 9 10 -29 , -26 16 -18 6 -7 -14 , -32 18 -16 -6 4 -23 , 28 -9 1 1 17 5 , 39 36 -36 0 7 -29 , 0.0061997157860134485 , 2
0.3643823979520126 , 12 26 1 -35 -19 -13 , 41 -17 17 0 8 25 , 2 -5 -12 17 -6 -7 , 1 -19 19 0 -15 4 , 47 -1 -26 35 -14 -45 , 44 -16 8 17 -5 31 , 27 -8 16 -17 23 11 , -15 12 5 -17 5 -1 , 39 36 -36 0 7 -29 , 0.0051534122165067071 , 0
0.3643823979520126 , 47 18 -21 -15 3 -19 , 26 -6 6 0 9 15 , 1 -21 14 -12 11 -18 , 16 -30 30 0 -16 14 , 62 21 -18 15 2 -15 , -7 30 -12 -8 9 10 , 1 12 -30 8 22 -21 , 13 -14 21 12 -32 32 , 39 36 -36 0 7 -29 , 0.0055802964828434399 , 1
0.3643823979520126 , 48 17 -16 -9 -12 -6 , 12 -31 31 0 -19 12 , 27 -1 9 -1 4 26 , 30 -5 5 0 12 17 , 57 16 -17 9 10 -29 , -26 16 -18 6 -7 -14 , -32 18 -16 -6 4 -23 , 28 -9 1 1 17 5 , 39 36 -36 0 7 -29 , 0.0061970689639899391 , 2
0.3643823979520126 , 39 27 -42 0 -1 -28 , 12 -31 31 0 -19 12 , -17 -5 28 -26 -4 1 , 30 -5 5 0 12 17 , 39 42 -27 0 14 -28 , 19 -16 12 -9 16 -2 , 28 -12 16 9 -14 32 , 9 -28 5 26 -27 1 , 39 36 -36 0 7 -29 , 0.0064283030261775322 , 3
0.3667987735368939 , 12 26 1 -35 -19 -13 , 41 -17 17 0 8 25 , 2 -5 -12 17 -6 -7 , 1 -19 19 0 -15 4 , 47 -1 -26 35 -14 -45 , 44 -16 8 17 -5 31 , 27 -8 16 -17 23 11 , -15 12 5 -17 5 -1 , 39 36 -36 0 7 -29 , 0.0054859903337470496 , 0
0.3667987735368939 , 5 19 8 -29 -38 -9 , 37 -23 23 0 1 24 , 7 -3 -13 9 9 -11 , 5 -13 13 0 -8 5 , 34 -8 -19 29 -17 -57 , 17 -2 13 -25 31 1 , 42 -13 2 25 -12 33 , -2 13 3 -9 2 12 , 39 36 -36 0 7 -29 , 0.00615164856189011 , 1
0.3667987735368939 , 39 27 -42 0 -1 -28 , 12 -31 31 0 -19 12 , -17 -5 28 -26 -4 1 , 30 -5 5 0 12 17 , 39 42 -27 0 14 -28 , 19 -16 12 -9 16 -2 , 28 -12 16 9 -14 32 , 9 -28 5 26 -27 1 , 39 36 -36 0 7 -29 , 0.0061970689639899712 , 2
0.3667987735368939 , 47 18 -21 -15 3 -19 , 26 -6 6 0 9 15 , 1 -21 14 -12 11 -18 , 16 -30 30 0 -16 14 , 62 21 -18 15 2 -15 , -7 30 -12 -8 9 10 , 1 12 -30 8 22 -21 , 13 -14 21 12 -32 32 , 39 36 -36 0 7 -29 , 0.0063306067212495643 , 3
0.3667987735368939 , 48 17 -16 -9 -12 -6 , 12 -31 31 0 -19 12 , 27 -1 9 -1 4 26 , 30 -5 5 0 12 17 , 57 16 -17 9 10 -29 , -26 16 -18 6 -7 -14 , -32 18 -16 -6 4 -23 , 28 -9 1 1 17 5 , 39 36 -36 0 7 -29 , 0.0064283030261773422 , 4
0.37106229301219434 , 5 19 8 -29 -38 -9 , 37 -23 23 0 1 24 , 7 -3 -13 9 9 -11 , 5 -13 13 0 -8 5 , 34 -8 -19 29 -17 -57 , 17 -2 13 -25 31 1 , 42 -13 2 25 -12 33 , -2 13 3 -9 2 12 , 39 36 -36 0 7 -29 , 0.0053622776668228195 , 0
0.37106229301219434 , 53 2 -33 23 -28 -17 , 28 -6 6 0 10 16 , -9 29 -3 -8 -4 22 , 13 5 -5 0 11 6 , 30 33 -2 -23 16 -30 , -6 3 -31 4 31 -43 , -10 31 -3 -4 -12 28 , -1 3 -29 8 25 -33 , 40 1 -1 0 -21 -22 , 0.0066903796980941465 , 1
0.37113633499348375 , 5 19 8 -29 -38 -9 , 37 -23 23 0 1 24 , 7 -3 -13 9 9 -11 , 5 -13 13 0 -8 5 , 34 -8 -19 29 -17 -57 , 17 -2 13 -25 31 1 , 42 -13 2 25 -12 33 , -2 13 3 -9 2 12 , 39 36 -36 0 7 -29 , 0.0053625332513938225 , 0
0.37113633499348375 , 53 2 -33 23 -28 -17 , 28 -6 6 0 10 16 , -9 29 -3 -8 -4 22 , 13 5 -5 0 11 6 , 30 33 -2 -23 16 -30 , -6 3 -31 4 31 -43 , -10 31 -3 -4 -12 28 , -1 3 -29 8 25 -33 , 40 1 -1 0 -21 -22 , 0.0066745996321132105 , 1
0.37394771696265827 , 5 19 8 -29 -38 -9 , 37 -23 23 0 1 24 , 7 -3 -13 9 9 -11 , 5 -13 13 0 -8 5 , 34 -8 -19 29 -17 -57 , 17 -2 13 -25 31 1 , 42 -13 2 25 -12 33 , -2 13 3 -9 2 12 , 39 36 -36 0 7 -29 , 0.005737319895397725 , 0
0.37394771696265827 , 53 2 -33 23 -28 -17 , 28 -6 6 0 10 16 , -9 29 -3 -8 -4 22 , 13 5 -5 0 11 6 , 30 33 -2 -23 16 -30 , -6 3 -31 4 31 -43 , -10 31 -3 -4 -12 28 , -1 3 -29 8 25 -33 , 40 1 -1 0 -21 -22 , 0.0063716847609525231 , 1
0.37394771696265827 , 39 12 -45 10 -5 -42 , 12 -36 36 0 -23 13 , 26 -4 -3 2 17 6 , 30 0 0 0 16 16 , 29 45 -12 -10 3 -17 , 18 -34 29 3 -16 11 , 15 -29 34 -3 -18 18 , 24 3 4 -2 9 21 , 39 36 -36 0 7 -29 , 0.0065516686769380725 , 2
0.37394771696265827 , 12 15 -12 -28 -7 -40 , 46 -3 3 0 22 25 , 10 2 -5 12 -7 12 , -5 2 -2 0 -1 -3 , 40 12 -15 28 -28 -22 , -1 -13 54 -24 -30 41 , 23 -54 13 24 -13 -17 , -2 5 -2 -12 17 -9 , 40 1 -1 0 -21 -22 , 0.0066040243252453272 , 3
0.3759887046612863 , 39 12 -45 10 -5 -42 , 12 -36 36 0 -23 13 , 26 -4 -3 2 17 6 , 30 0 0 0 16 16 , 29 45 -12 -10 3 -17 , 18 -34 29 3 -16 11 , 15 -29 34 -3 -18 18 , 24 3 4 -2 9 21 , 39 36 -36 0 7 -29 , 0.0057574509886981077 , 0
0.3759887046612863 , 5 19 8 -29 -38 -9 , 37 -23 23 0 1 24 , 7 -3 -13 9 9 -11 , 5 -13 13 0 -8 5 , 34 -8 -19 29 -17 -57 , 17 -2 13 -25 31 1 , 42 -13 2 25 -12 33 , -2 13 3 -9 2 12 , 39 36 -36 0 7 -29 , 0.0063944297236107331 , 1
0.3759887046612863 , 12 15 -12 -28 -7 -40 , 46 -3 3 0 22 25 , 10 2 -5 12 -7 12 , -5 2 -2 0 -1 -3 , 40 12 -15 28 -28 -22 , -1 -13 54 -24 -30 41 , 23 -54 13 24 -13 -17 , -2 5 -2 -12 17 -9 , 40 1 -1 0 -21 -22 , 0.0064444032419757125 , 2
0.3759887046612863 , 53 2 -33 23 -28 -17 , 28 -6 6 0 10 16 , -9 29 -3 -8 -4 22 , 13 5 -5 0 11 6 , 30 33 -2 -23 16 -30 , -6 3 -31 4 31 -43 , -10 31 -3 -4 -12 28 , -1 3 -29 8 25 -33 , 40 1 -1 0 -21 -22 , 0.0065330828344263127 , 3
0.3797581289554006 , 39 12 -45 10 -5 -42 , 12 -36 36 0 -23 13 , 26 -4 -3 2 17 6 , 30 0 0 0 16 16 , 29 45 -12 -10 3 -17 , 18 -34 29 3 -16 11 , 15 -29 34 -3 -18 18 , 24 3 4 -2 9 21 , 39 36 -36 0 7 -29 , 0.0051033311381639334 , 0
0.3854557302366403 , 48 -9 -28 15 -20 -34 , 34 1 -1 0 19 18 , 13 -28 31 -6 -11 11 , 8 -37 37 0 -26 11 , 33 28 9 -15 -6 -11 , 0 26 -7 -4 2 20 , 4 7 -26 4 27 -24 , 19 -31 28 6 -20 17 , 39 36 -36 0 7 -29 , 0.0059524664794164128 , 0
0.3854557302366403 , 13 -16 -15 14 -51 -43 , 37 -13 13 0 9 22 , 14 -5 17 -11 4 16 , 5 -23 23 0 -16 7 , -1 15 16 -14 -28 -35 , 33 -1 2 16 -9 35 , 17 -2 1 -16 33 -8 , 25 -17 5 11 -1 9 , 39 36 -36 0 7 -29 , 0.0063771341891040107 , 1
0.3854557302366403 , 58 9 -27 -1 -1 -19 , 27 -19 19 0 -1 18 , 29 -9 5 8 1 19 , 15 -17 17 0 -6 11 , 59 27 -9 1 8 -10 , -36 13 -12 -7 1 -27 , -29 12 -13 7 -15 -12 , 21 -5 9 -8 14 10 , 39 36 -36 0 7 -29 , 0.0063824627671921078 , 2
0.3854557302366403 , 39 12 -45 10 -5 -42 , 12 -36 36 0 -23 13 , 26 -4 -3 2 17 6 , 30 0 0 0 16 16 , 29 45 -12 -10 3 -17 , 18 -34 29 3 -16 11 , 15 -29 34 -3 -18 18 , 24 3 4 -2 9 21 , 39 36 -36 0 7 -29 , 0.0065019421714609237 , 3
0.3871321672741894 , 48 -9 -28 15 -20 -34 , 34 1 -1 0 19 18 , 13 -28 31 -6 -11 11 , 8 -37 37 0 -26 11 , 33 28 9 -15 -6 -11 , 0 26 -7 -4 2 20 , 4 7 -26 4 27 -24 , 19 -31 28 6 -20 17 , 39 36 -36 0 7 -29 , 0.0058332361811371863 , 0
0.3871321672741894 , 13 -16 -15 14 -51 -43 , 37 -13 13 0 9 22 , 14 -5 17 -11 4 16 , 5 -23 23 0 -16 7 , -1 15 16 -14 -28 -35 , 33 -1 2 16 -9 35 , 17 -2 1 -16 33 -8 , 25 -17 5 11 -1 9 , 39 36 -36 0 7 -29 , 0.0059642530176887499 , 1
0.3871321672741894 , 58 9 -27 -1 -1 -19 , 27 -19 19 0 -1 18 , 29 -9 5 8 1 19 , 15 -17 17 0 -6 11 , 59 27 -9 1 8 -10 , -36 13 -12 -7 1 -27 , -29 12 -13 7 -15 -12 , 21 -5 9 -8 14 10 , 39 36 -36 0 7 -29 , 0.0064916131632489979 , 2
0.3871321672741894 , 16 24 -33 -2 -22 -31 , 46 -3 3 0 22 25 , -9 8 -6 5 -9 2 , -5 2 -2 0 -1 -3 , 18 33 -24 2 2 -46 , 3 5 -53 37 14 -36 , -34 53 -5 -37 17 9 , -14 6 -8 -5 8 -17 , 40 1 -1 0 -21 -22 , 0.0069389785099921364 , 3
0.38933346351568543 , 13 -16 -15 14 -51 -43 , 37 -13 13 0 9 22 , 14 -5 17 -11 4 16 , 5 -23 23 0 -16 7 , -1 15 16 -14 -28 -35 , 33 -1 2 16 -9 35 , 17 -2 1 -16 33 -8 , 25 -17 5 11 -1 9 , 39 36 -36 0 7 -29 , 0.0057575580224067027 , 0
0.38933346351568543 , 48 -9 -28 15 -20 -34 , 34 1 -1 0 19 18 , 13 -28 31 -6 -11 11 , 8 -37 37 0 -26 11 , 33 28 9 -15 -6 -11 , 0 26 -7 -4 2 20 , 4 7 -26 4 27 -24 , 19 -31 28 6 -20 17 , 39 36 -36 0 7 -29 , 0.0060373407632202209 , 1
0.38933346351568543 , 16 24 -33 -2 -22 -31 , 46 -3 3 0 22 25 , -9 8 -6 5 -9 2 , -5 2 -2 0 -1 -3 , 18 33 -24 2 2 -46 , 3 5 -53 37 14 -36 , -34 53 -5 -37 17 9 , -14 6 -8 -5 8 -17 , 40 1 -1 0 -21 -22 , 0.006524034043891235 , 2
0.38933346351568543 , 17 39 -18 -30 -7 -15 , 16 -30 30 0 -16 14 , 6 9 14 -24 16 13 , 26 -6 6 0 9 15 , 47 18 -39 30 3 -46 , -15 -10 20 -25 9 -16 , 10 -20 10 25 -36 19 , 30 -14 -9 24 -1 7 , 39 36 -36 0 7 -29 , 0.0067358419948024004 , 3
0.38933346351568543 , 58 9 -27 -1 -1 -19 , 27 -19 19 0 -1 18 , 29 -9 5 8 1 19 , 15 -17 17 0 -6 11 , 59 27 -9 1 8 -10 , -36 13 -12 -7 1 -27 , -29 12 -13 7 -15 -12 , 21 -5 9 -8 14 10 , 39 36 -36 0 7 -29 , 0.0069465230727119975 , 4
0.3900461021393812 , 13 -16 -15 14 -51 -43 , 37 -13 13 0 9 22 , 14 -5 17 -11 4 16 , 5 -23 23 0 -16 7 , -1 15 16 -14 -28 -35 , 33 -1 2 16 -9 35 , 17 -2 1 -16 33 -8 , 25 -17 5 11 -1 9 , 39 36 -36 0 7 -29 , 0.0057795674541427419 , 0
0.3900461021393812 , 48 -9 -28 15 -20 -34 , 34 1 -1 0 19 18 , 13 -28 31 -6 -11 11 , 8 -37 37 0 -26 11 , 33 28 9 -15 -6 -11 , 0 26 -7 -4 2 20 , 4 7 -26 4 27 -24 , 19 -31 28 6 -20 17 , 39 36 -36 0 7 -29 , 0.0061864471788991978 , 1
0.3900461021393812 , 17 39 -18 -30 -7 -15 , 16 -30 30 0 -16 14 , 6 9 14 -24 16 13 , 26 -6 6 0 9 15 , 47 18 -39 30 3 -46 , -15 -10 20 -25 9 -16 , 10 -20 10 25 -36 19 , 30 -14 -9 24 -1 7 , 39 36 -36 0 7 -29 , 0.0064365898422369091 , 2
0.3900461021393812 , 16 24 -33 -2 -22 -31 , 46 -3 3 0 22 25 , -9 8 -6 5 -9 2 , -5 2 -2 0 -1 -3 , 18 33 -24 2 2 -46 , 3 5 -53 37 14 -36 , -34 53 -5 -37 17 9 , -14 6 -8 -5 8 -17 , 40 1 -1 0 -21 -22 , 0.0064647340509790688 , 3
0.3900461021393812 , 33 -4 -8 -4 -29 -23 , 49 -5 5 0 22 27 , 6 -11 14 -9 4 1 , -7 -31 31 0 -29 2 , 37 8 4 4 -15 -25 , 14 24 -33 21 7 10 , -7 33 -24 -21 43 -17 , 15 -14 11 9 -13 15 , 39 36 -36 0 7 -29 , 0.0068902785299229169 , 4
0.3900461021393812 , 58 9 -27 -1 -1 -19 , 27 -19 19 0 -1 18 , 29 -9 5 8 1 19 , 15 -17 17 0 -6 11 , 59 27 -9 1 8 -10 , -36 13 -12 -7 1 -27 , -29 12 -13 7 -15 -12 , 21 -5 9 -8 14 10 , 39 36 -36 0 7 -29 , 0.0071604125904403933 , 5
0.39077060831929544 , 13 -16 -15 14 -51 -43 , 37 -13 13 0 9 22 , 14 -5 17 -11 4 16 , 5 -23 23 0 -16 7 , -1 15 16 -14 -28 -35 , 33 -1 2 16 -9 35 , 17 -2 1 -16 33 -8 , 25 -17 5 11 -1 9 , 39 36 -36 0 7 -29 , 0.0058465512516994089 , 0
0.39077060831929544 , 17 39 -18 -30 -7 -15 , 16 -30 30 0 -16 14 , 6 9 14 -24 16 13 , 26 -6 6 0 9 15 , 47 18 -39 30 3 -46 , -15 -10 20 -25 9 -16 , 10 -20 10 25 -36 19 , 30 -14 -9 24 -1 7 , 39 36 -36 0 7 -29 , 0.0061597704941316967 , 1
0.39077060831929544 , 48 -9 -28 15 -20 -34 , 34 1 -1 0 19 18 , 13 -28 31 -6 -11 11 , 8 -37 37 0 -26 11 , 33 28 9 -15 -6 -11 , 0 26 -7 -4 2 20 , 4 7 -26 4 27 -24 , 19 -31 28 6 -20 17 , 39 36 -36 0 7 -29 , 0.006375400625073766 , 2
0.39077060831929544 , 16 24 -33 -2 -22 -31 , 46 -3 3 0 22 25 , -9 8 -6 5 -9 2 , -5 2 -2 0 -1 -3 , 18 33 -24 2 2 -46 , 3 5 -53 37 14 -36 , -34 53 -5 -37 17 9 , -14 6 -8 -5 8 -17 , 40 1 -1 0 -21 -22 , 0.0064444032419757602 , 3
0.39077060831929544 , 33 -4 -8 -4 -29 -23 , 49 -5 5 0 22 27 , 6 -11 14 -9 4 1 , -7 -31 31 0 -29 2 , 37 8 4 4 -15 -25 , 14 24 -33 21 7 10 , -7 33 -24 -21 43 -17 , 15 -14 11 9 -13 15 , 39 36 -36 0 7 -29 , 0.0065446393322934025 , 4
0.39522119670321204 , 33 -4 -8 -4 -29 -23 , 49 -5 5 0 22 27 , 6 -11 14 -9 4 1 , -7 -31 31 0 -29 2 , 37 8 4 4 -15 -25 , 14 24 -33 21 7 10 , -7 33 -24 -21 43 -17 , 15 -14 11 9 -13 15 , 39 36 -36 0 7 -29 , 0.0050816175096054499 , 0
0.39522119670321204 , 17 39 -18 -30 -7 -15 , 16 -30 30 0 -16 14 , 6 9 14 -24 16 13 , 26 -6 6 0 9 15 , 47 18 -39 30 3 -46 , -15 -10 20 -25 9 -16 , 10 -20 10 25 -36 19 , 30 -14 -9 24 -1 7 , 39 36 -36 0 7 -29 , 0.0052951815075831304 , 1
0.39522119670321204 , 25 -23 -18 17 -42 -47 , 1 -19 19 0 -15 4 , -12 -24 24 -19 3 -21 , 41 -17 17 0 8 25 , 8 18 23 -17 -29 -19 , -2 -7 12 3 -18 11 , -5 -12 7 -3 -1 -11 , 7 -24 24 19 -45 27 , 39 36 -36 0 7 -29 , 0.0060262690394167848 , 2
0.3968177642738003 , 33 -4 -8 -4 -29 -23 , 49 -5 5 0 22 27 , 6 -11 14 -9 4 1 , -7 -31 31 0 -29 2 , 37 8 4 4 -15 -25 , 14 24 -33 21 7 10 , -7 33 -24 -21 43 -17 , 15 -14 11 9 -13 15 , 39 36 -36 0 7 -29 , 0.0049546267761837477 , 0
0.3968177642738003 , 17 39 -18 -30 -7 -15 , 16 -30 30 0 -16 14 , 6 9 14 -24 16 13 , 26 -6 6 0 9 15 , 47 18 -39 30 3 -46 , -15 -10 20 -25 9 -16 , 10 -20 10 25 -36 19 , 30 -14 -9 24 -1 7 , 39 36 -36 0 7 -29 , 0.0054141902542014309 , 1
0.3968177642738003 , 25 -23 -18 17 -42 -47 , 1 -19 19 0 -15 4 , -12 -24 24 -19 3 -21 , 41 -17 17 0 8 25 , 8 18 23 -17 -29 -19 , -2 -7 12 3 -18 11 , -5 -12 7 -3 -1 -11 , 7 -24 24 19 -45 27 , 39 36 -36 0 7 -29 , 0.005524975701254352 , 2
0.3996463774088111 , 25 -23 -18 17 -42 -47 , 1 -19 19 0 -15 4 , -12 -24 24 -19 3 -21 , 41 -17 17 0 8 25 , 8 18 23 -17 -29 -19 , -2 -7 12 3 -18 11 , -5 -12 7 -3 -1 -11 , 7 -24 24 19 -45 27 , 39 36 -36 0 7 -29 , 0.0051502276933063293 , 0
0.3996463774088111 , 33 -4 -8 -4 -29 -23 , 49 -5 5 0 22 27 , 6 -11 14 -9 4 1 , -7 -31 31 0 -29 2 , 37 8 4 4 -15 -25 , 14 24 -33 21 7 10 , -7 33 -24 -21 43 -17 , 15 -14 11 9 -13 15 , 39 36 -36 0 7 -29 , 0.0053431114226266231 , 1
0.3996463774088111 , 17 39 -18 -30 -7 -15 , 16 -30 30 0 -16 14 , 6 9 14 -24 16 13 , 26 -6 6 0 9 15 , 47 18 -39 30 3 -46 , -15 -10 20 -25 9 -16 , 10 -20 10 25 -36 19 , 30 -14 -9 24 -1 7 , 39 36 -36 0 7 -29 , 0.0061506110862739292 , 2
0.402819544951858 , 19 29 -9 -23 -24 -6 , 41 -17 17 0 8 25 , -6 17 -5 -5 2 7 , 1 -19 19 0 -15 4 , 42 9 -29 23 3 -53 , -44 16 -8 -17 5 -31 , -27 8 -16 17 -23 -11 , -1 5 -17 5 12 -15 , 39 36 -36 0 7 -29 , 0.0054120948692175652 , 0
0.402819544951858 , 25 -23 -18 17 -42 -47 , 1 -19 19 0 -15 4 , -12 -24 24 -19 3 -21 , 41 -17 17 0 8 25 , 8 18 23 -17 -29 -19 , -2 -7 12 3 -18 11 , -5 -12 7 -3 -1 -11 , 7 -24 24 19 -45 27 , 39 36 -36 0 7 -29 , 0.0056177684554301732 , 1
0.402819544951858 , 49 22 -21 -8 -11 -3 , 27 -19 19 0 -1 18 , -18 4 -19 7 3 -26 , 15 -17 17 0 -6 11 , 57 21 -22 8 18 -33 , 13 1 17 -25 22 9 , 38 -17 -1 25 -8 21 , -25 19 -4 -7 -7 -1 , 39 36 -36 0 7 -29 , 0.0063824627671921364 , 2
0.402819544951858 , 33 -4 -8 -4 -29 -23 , 49 -5 5 0 22 27 , 6 -11 14 -9 4 1 , -7 -31 31 0 -29 2 , 37 8 4 4 -15 -25 , 14 24 -33 21 7 10 , -7 33 -24 -21 43 -17 , 15 -14 11 9 -13 15 , 39 36 -36 0 7 -29 , 0.0065237215856635764 , 3
0.40517153804657924 , 19 29 -9 -23 -24 -6 , 41 -17 17 0 8 25 , -6 17 -5 -5 2 7 , 1 -19 19 0 -15 4 , 42 9 -29 23 3 -53 , -44 16 -8 -17 5 -31 , -27 8 -16 17 -23 -11 , -1 5 -17 5 12 -15 , 39 36 -36 0 7 -29 , 0.0051502276933064672 , 0
0.40517153804657924 , 37 27 -28 -6 -14 -11 , 35 -7 7 0 13 20 , 14 -25 15 -1 2 -4 , 7 -29 29 0 -20 9 , 43 28 -27 6 17 -41 , 23 0 17 -1 -9 37 , 24 -17 0 1 20 -9 , 15 -15 25 1 -19 27 , 39 36 -36 0 7 -29 , 0.0062164604652822954 , 1
0.4067278046274678 , 19 29 -9 -23 -24 -6 , 41 -17 17 0 8 25 , -6 17 -5 -5 2 7 , 1 -19 19 0 -15 4 , 42 9 -29 23 3 -53 , -44 16 -8 -17 5 -31 , -27 8 -16 17 -23 -11 , -1 5 -17 5 12 -15 , 39 36 -36 0 7 -29 , 0.0052664811544796018 , 0
0.4067278046274678 , 37 27 -28 -6 -14 -11 , 35 -7 7 0 13 20 , 14 -25 15 -1 2 -4 , 7 -29 29 0 -20 9 , 43 28 -27 6 17 -41 , 23 0 17 -1 -9 37 , 24 -17 0 1 20 -9 , 15 -15 25 1 -19 27 , 39 36 -36 0 7 -29 , 0.0058478294266278326 , 1
0.4067278046274678 , 44 2 -34 9 -12 -35 , 30 5 -5 0 20 15 , -18 26 -36 8 13 -22 , 12 -41 41 0 -27 14 , 35 34 -2 -9 -1 -14 , -19 -8 18 -10 -15 -3 , -9 -18 8 10 -21 -7 , -26 36 -26 -8 14 -13 , 39 36 -36 0 7 -29 , 0.0060181221866643635 , 2
0.4088073406930837 , 44 2 -34 9 -12 -35 , 30 5 -5 0 20 15 , -18 26 -36 8 13 -22 , 12 -41 41 0 -27 14 , 35 34 -2 -9 -1 -14 , -19 -8 18 -10 -15 -3 , -9 -18 8 10 -21 -7 , -26 36 -26 -8 14 -13 , 39 36 -36 0 7 -29 , 0.0053890114570535573 , 0
0.4088073406930837 , 37 27 -28 -6 -14 -11 , 35 -7 7 0 13 20 , 14 -25 15 -1 2 -4 , 7 -29 29 0 -20 9 , 43 28 -27 6 17 -41 , 23 0 17 -1 -9 37 , 24 -17 0 1 20 -9 , 15 -15 25 1 -19 27 , 39 36 -36 0 7 -29 , 0.005659936815875356 , 1
0.4088073406930837 , 19 29 -9 -23 -24 -6 , 41 -17 17 0 8 25 , -6 17 -5 -5 2 7 , 1 -19 19 0 -15 4 , 42 9 -29 23 3 -53 , -44 16 -8 -17 5 -31 , -27 8 -16 17 -23 -11 , -1 5 -17 5 12 -15 , 39 36 -36 0 7 -29 , 0.0057562444661693841 , 2
0.4088073406930837 , 1 33 -6 -31 -28 -13 , 27 -9 9 0 7 16 , 33 -13 5 18 -10 26 , 15 -27 27 0 -14 13 , 32 6 -33 31 -7 -61 , 11 1 19 -2 -17 34 , 13 -19 -1 2 15 -18 , 15 -5 13 -18 21 3 , 39 36 -36 0 7 -29 , 0.0065298082518970846 , 3
0.4112185245592018 , 44 2 -34 9 -12 -35 , 30 5 -5 0 20 15 , -18 26 -36 8 13 -22 , 12 -41 41 0 -27 14 , 35 34 -2 -9 -1 -14 , -19 -8 18 -10 -15 -3 , -9 -18 8 10 -21 -7 , -26 36 -26 -8 14 -13 , 39 36 -36 0 7 -29 , 0.0051121963084979662 , 0
0.4112185245592018 , 1 33 -6 -31 -28 -13 , 27 -9 9 0 7 16 , 33 -13 5 18 -10 26 , 15 -27 27 0 -14 13 , 32 6 -33 31 -7 -61 , 11 1 19 -2 -17 34 , 13 -19 -1 2 15 -18 , 15 -5 13 -18 21 3 , 39 36 -36 0 7 -29 , 0.0056047857661970998 , 1
0.4112185245592018 , 37 27 -28 -6 -14 -11 , 35 -7 7 0 13 20 , 14 -25 15 -1 2 -4 , 7 -29 29 0 -20 9 , 43 28 -27 6 17 -41 , 23 0 17 -1 -9 37 , 24 -17 0 1 20 -9 , 15 -15 25 1 -19 27 , 39 36 -36 0 7 -29 , 0.005911156727697927 , 2
0.4135595758329555 , 1 33 -6 -31 -28 -13 , 27 -9 9 0 7 16 , 33 -13 5 18 -10 26 , 15 -27 27 0 -14 13 , 32 6 -33 31 -7 -61 , 11 1 19 -2 -17 34 , 13 -19 -1 2 15 -18 , 15 -5 13 -18 21 3 , 39 36 -36 0 7 -29 , 0.0051066549465560189 , 0
0.4135595758329555 , 44 2 -34 9 -12 -35 , 30 5 -5 0 20 15 , -18 26 -36 8 13 -22 , 12 -41 41 0 -27 14 , 35 34 -2 -9 -1 -14 , -19 -8 18 -10 -15 -3 , -9 -18 8 10 -21 -7 , -26 36 -26 -8 14 -13 , 39 36 -36 0 7 -29 , 0.0053735278743375367 , 1
0.4135595758329555 , 6 13 11 -25 -47 -5 , 13 -11 11 0 -2 9 , 24 -25 11 -3 16 -7 , 29 -25 25 0 -5 20 , 31 -11 -13 25 -16 -60 , 19 5 -7 9 3 15 , 10 7 -5 -9 22 -2 , 27 -11 25 3 -18 41 , 39 36 -36 0 7 -29 , 0.0062872604471276433 , 2
0.4146682475229374 , 1 33 -6 -31 -28 -13 , 27 -9 9 0 7 16 , 33 -13 5 18 -10 26 , 15 -27 27 0 -14 13 , 32 6 -33 31 -7 -61 , 11 1 19 -2 -17 34 , 13 -19 -1 2 15 -18 , 15 -5 13 -18 21 3 , 39 36 -36 0 7 -29 , 0.0050461223061359327 , 0
0.4146682475229374 , 44 2 -34 9 -12 -35 , 30 5 -5 0 20 15 , -18 26 -36 8 13 -22 , 12 -41 41 0 -27 14 , 35 34 -2 -9 -1 -14 , -19 -8 18 -10 -15 -3 , -9 -18 8 10 -21 -7 , -26 36 -26 -8 14 -13 , 39 36 -36 0 7 -29 , 0.0056643466750049771 , 1
0.4146682475229374 , 6 13 11 -25 -47 -5 , 13 -11 11 0 -2 9 , 24 -25 11 -3 16 -7 , 29 -25 25 0 -5 20 , 31 -11 -13 25 -16 -60 , 19 5 -7 9 3 15 , 10 7 -5 -9 22 -2 , 27 -11 25 3 -18 41 , 39 36 -36 0 7 -29 , 0.0058864653244578638 , 2
0.4185148468131845 , 6 13 11 -25 -47 -5 , 13 -11 11 0 -2 9 , 24 -25 11 -3 16 -7 , 29 -25 25 0 -5 20 , 31 -11 -13 25 -16 -60 , 19 5 -7 9 3 15 , 10 7 -5 -9 22 -2 , 27 -11 25 3 -18 41 , 39 36 -36 0 7 -29 , 0.0052203774733191139 , 0
0.4185148468131845 , 1 33 -6 -31 -28 -13 , 27 -9 9 0 7 16 , 33 -13 5 18 -10 26 , 15 -27 27 0 -14 13 , 32 6 -33 31 -7 -61 , 11 1 19 -2 -17 34 , 13 -19 -1 2 15 -18 , 15 -5 13 -18 21 3 , 39 36 -36 0 7 -29 , 0.0057324939327831311 , 1
0.4185148468131845 , 51 3 -41 11 -3 -38 , 37 -23 23 0 1 24 , -12 -2 9 -3 -13 2 , 5 -13 13 0 -8 5 , 40 41 -3 -11 3 -6 , -2 17 -1 -33 42 -13 , 31 1 -17 33 -12 25 , -9 -9 2 3 -7 -11 , 39 36 -36 0 7 -29 , 0.005810941360520237 , 2
0.42168124521823674 , 51 3 -41 11 -3 -38 , 37 -23 23 0 1 24 , -12 -2 9 -3 -13 2 , 5 -13 13 0 -8 5 , 40 41 -3 -11 3 -6 , -2 17 -1 -33 42 -13 , 31 1 -17 33 -12 25 , -9 -9 2 3 -7 -11 , 39 36 -36 0 7 -29 , 0.0053622776668228057 , 0
0.42168124521823674 , 6 13 11 -25 -47 -5 , 13 -11 11 0 -2 9 , 24 -25 11 -3 16 -7 , 29 -25 25 0 -5 20 , 31 -11 -13 25 -16 -60 , 19 5 -7 9 3 15 , 10 7 -5 -9 22 -2 , 27 -11 25 3 -18 41 , 39 36 -36 0 7 -29 , 0.0056802606071576977 , 1
0.42168124521823674 , 40 -8 -40 12 -6 -56 , 21 -4 4 0 8 12 , 28 -36 14 28 -28 16 , 21 -32 32 0 -15 17 , 28 40 8 -12 -16 2 , -14 -2 23 -19 -8 6 , 5 -23 2 19 -17 -6 , 0 -14 36 -28 2 8 , 39 36 -36 0 7 -29 , 0.0059377521281676494 , 2
0.4239425919989991 , 51 3 -41 11 -3 -38 , 37 -23 23 0 1 24 , -12 -2 9 -3 -13 2 , 5 -13 13 0 -8 5 , 40 41 -3 -11 3 -6 , -2 17 -1 -33 42 -13 , 31 1 -17 33 -12 25 , -9 -9 2 3 -7 -11 , 39 36 -36 0 7 -29 , 0.0055956103863679663 , 0
0.4239425919989991 , 40 -8 -40 12 -6 -56 , 21 -4 4 0 8 12 , 28 -36 14 28 -28 16 , 21 -32 32 0 -15 17 , 28 40 8 -12 -16 2 , -14 -2 23 -19 -8 6 , 5 -23 2 19 -17 -6 , 0 -14 36 -28 2 8 , 39 36 -36 0 7 -29 , 0.0057183974186822313 , 1
0.4239425919989991 , 6 13 11 -25 -47 -5 , 13 -11 11 0 -2 9 , 24 -25 11 -3 16 -7 , 29 -25 25 0 -5 20 , 31 -11 -13 25 -16 -60 , 19 5 -7 9 3 15 , 10 7 -5 -9 22 -2 , 27 -11 25 3 -18 41 , 39 36 -36 0 7 -29 , 0.0064793892951019042 , 2
0.4239425919989991 , 10 18 -31 -5 -22 -40 , 48 -7 7 0 20 27 , 17 -10 -5 13 1 1 , 14 34 -34 0 35 1 , 15 31 -18 5 -9 -40 , 28 -22 9 20 -16 19 , 8 -9 22 -20 10 6 , 4 5 10 -13 6 11 , 19 -27 27 0 -55 -28 , 0.0065476837017246154 , 3
0.42625112494553363 , 40 -8 -40 12 -6 -56 , 21 -4 4 0 8 12 , 28 -36 14 28 -28 16 , 21 -32 32 0 -15 17 , 28 40 8 -12 -16 2 , -14 -2 23 -19 -8 6 , 5 -23 2 19 -17 -6 , 0 -14 36 -28 2 8 , 39 36 -36 0 7 -29 , 0.0059468241366721951 , 0
0.42625112494553363 , 7 18 -27 -17 -11 -47 , 49 -5 5 0 22 27 , 1 -4 5 -6 5 -3 , 13 32 -32 0 33 1 , 24 27 -18 17 -20 -29 , -5 -1 -9 -11 27 -29 , 6 9 1 11 -20 28 , 7 -5 4 6 -8 9 , 19 -27 27 0 -55 -28 , 0.0062095735699324141 , 1
0.42625112494553363 , 51 3 -41 11 -3 -38 , 37 -23 23 0 1 24 , -12 -2 9 -3 -13 2 , 5 -13 13 0 -8 5 , 40 41 -3 -11 3 -6 , -2 17 -1 -33 42 -13 , 31 1 -17 33 -12 25 , -9 -9 2 3 -7 -11 , 39 36 -36 0 7 -29 , 0.0062606608719323973 , 2
0.42625112494553363 , 10 18 -31 -5 -22 -40 , 48 -7 7 0 20 27 , 17 -10 -5 13 1 1 , 14 34 -34 0 35 1 , 15 31 -18 5 -9 -40 , 28 -22 9 20 -16 19 , 8 -9 22 -20 10 6 , 4 5 10 -13 6 11 , 19 -27 27 0 -55 -28 , 0.006340940251628774 , 3
0.43374677328079786 , 7 18 -27 -17 -11 -47 , 49 -5 5 0 22 27 , 1 -4 5 -6 5 -3 , 13 32 -32 0 33 1 , 24 27 -18 17 -20 -29 , -5 -1 -9 -11 27 -29 , 6 9 1 11 -20 28 , 7 -5 4 6 -8 9 , 19 -27 27 0 -55 -28 , 0.0032351973087221212 , 0
0.43614533250285664 , 7 18 -27 -17 -11 -47 , 49 -5 5 0 22 27 , 1 -4 5 -6 5 -3 , 13 32 -32 0 33 1 , 24 27 -18 17 -20 -29 , -5 -1 -9 -11 27 -29 , 6 9 1 11 -20 28 , 7 -5 4 6 -8 9 , 19 -27 27 0 -55 -28 , 0.0036528127085335357 , 0
0.43746880450878556 , 7 18 -27 -17 -11 -47 , 49 -5 5 0 22 27 , 1 -4 5 -6 5 -3 , 13 32 -32 0 33 1 , 24 27 -18 17 -20 -29 , -5 -1 -9 -11 27 -29 , 6 9 1 11 -20 28 , 7 -5 4 6 -8 9 , 19 -27 27 0 -55 -28 , 0.0041705214041965373 , 0
0.44139091953065074 , 32 -3 -11 -1 -33 -21 , 49 -5 5 0 22 27 , 15 -15 14 4 -9 13 , -7 -31 31 0 -29 2 , 33 11 3 1 -10 -30 , -30 6 -12 13 -23 -13 , -43 12 -6 -13 -1 -29 , 11 -14 15 -4 -1 6 , 39 36 -36 0 7 -29 , 0.0049546267761837225 , 0
0.44139091953065074 , 0 -4 14 -24 -48 -24 , 21 -4 4 0 8 12 , 28 -2 -8 28 -16 28 , 21 -32 32 0 -15 17 , 24 -14 4 24 -38 -44 , 6 14 2 -17 19 8 , 23 -2 -14 17 6 5 , 0 8 2 -28 36 -14 , 39 36 -36 0 7 -29 , 0.0057759601679776111 , 1
0.44139091953065074 , 9 -13 -27 13 -40 -57 , 16 -30 30 0 -16 14 , 12 8 5 -18 23 7 , 26 -6 6 0 9 15 , -4 27 13 -13 -30 -27 , 21 -14 13 -11 18 1 , 32 -13 14 11 -12 32 , 30 -5 -8 18 2 15 , 39 36 -36 0 7 -29 , 0.0058725026892115255 , 2
0.4425412674974066 , 32 -3 -11 -1 -33 -21 , 49 -5 5 0 22 27 , 15 -15 14 4 -9 13 , -7 -31 31 0 -29 2 , 33 11 3 1 -10 -30 , -30 6 -12 13 -23 -13 , -43 12 -6 -13 -1 -29 , 11 -14 15 -4 -1 6 , 39 36 -36 0 7 -29 , 0.005020953561202102 , 0
0.4425412674974066 , 9 -13 -27 13 -40 -57 , 16 -30 30 0 -16 14 , 12 8 5 -18 23 7 , 26 -6 6 0 9 15 , -4 27 13 -13 -30 -27 , 21 -14 13 -11 18 1 , 32 -13 14 11 -12 32 , 30 -5 -8 18 2 15 , 39 36 -36 0 7 -29 , 0.0055693034493787333 , 1
0.4425412674974066 , 0 -4 14 -24 -48 -24 , 21 -4 4 0 8 12 , 28 -2 -8 28 -16 28 , 21 -32 32 0 -15 17 , 24 -14 4 24 -38 -44 , 6 14 2 -17 19 8 , 23 -2 -14 17 6 5 , 0 8 2 -28 36 -14 , 39 36 -36 0 7 -29 , 0.0057183974186821784 , 2
0.44498184358763704 , 9 -13 -27 13 -40 -57 , 16 -30 30 0 -16 14 , 12 8 5 -18 23 7 , 26 -6 6 0 9 15 , -4 27 13 -13 -30 -27 , 21 -14 13 -11 18 1 , 32 -13 14 11 -12 32 , 30 -5 -8 18 2 15 , 39 36 -36 0 7 -29 , 0.0052951815075831321 , 0
0.44498184358763704 , 32 -3 -11 -1 -33 -21 , 49 -5 5 0 22 27 , 15 -15 14 4 -9 13 , -7 -31 31 0 -29 2 , 33 11 3 1 -10 -30 , -30 6 -12 13 -23 -13 , -43 12 -6 -13 -1 -29 , 11 -14 15 -4 -1 6 , 39 36 -36 0 7 -29 , 0.0055673757511184967 , 1
0.44498184358763704 , 9 5 4 -20 -41 -18 , 30 5 -5 0 20 15 , 22 -27 28 12 -30 30 , 12 -41 41 0 -27 14 , 29 -4 -5 20 -22 -46 , -17 -11 3 5 -15 -14 , -22 -3 11 -5 -17 -4 , 10 -28 27 -12 2 -3 , 39 36 -36 0 7 -29 , 0.0058638232568623142 , 2
0.44498184358763704 , 0 -4 14 -24 -48 -24 , 21 -4 4 0 8 12 , 28 -2 -8 28 -16 28 , 21 -32 32 0 -15 17 , 24 -14 4 24 -38 -44 , 6 14 2 -17 19 8 , 23 -2 -14 17 6 5 , 0 8 2 -28 36 -14 , 39 36 -36 0 7 -29 , 0.0059731280984550578 , 3
0.44904383904057005 , 9 5 4 -20 -41 -18 , 30 5 -5 0 20 15 , 22 -27 28 12 -30 30 , 12 -41 41 0 -27 14 , 29 -4 -5 20 -22 -46 , -17 -11 3 5 -15 -14 , -22 -3 11 -5 -17 -4 , 10 -28 27 -12 2 -3 , 39 36 -36 0 7 -29 , 0.0051121963084980503 , 0
0.44904383904057005 , 52 7 -46 16 -7 -33 , 32 -21 21 0 0 21 , 0 5 -24 14 8 -16 , 10 -15 15 0 -7 8 , 36 46 -7 -16 13 -14 , -37 14 9 -34 13 -21 , -3 -9 -14 34 -30 -1 , -14 24 -5 -14 8 3 , 39 36 -36 0 7 -29 , 0.0058214355733107502 , 1
0.44904383904057005 , 9 -13 -27 13 -40 -57 , 16 -30 30 0 -16 14 , 12 8 5 -18 23 7 , 26 -6 6 0 9 15 , -4 27 13 -13 -30 -27 , 21 -14 13 -11 18 1 , 32 -13 14 11 -12 32 , 30 -5 -8 18 2 15 , 39 36 -36 0 7 -29 , 0.0060240198672955447 , 2
0.44904383904057005 , 2 3 10 -18 -55 -13 , 10 -15 15 0 -7 8 , -10 22 -29 -11 39 -31 , 32 -21 21 0 0 21 , 20 -10 -3 18 -23 -58 , 16 0 5 -8 14 8 , 24 -5 0 8 3 14 , 1 29 -22 11 -2 17 , 39 36 -36 0 7 -29 , 0.0063516983699789652 , 3
0.44952368369629936 , 9 5 4 -20 -41 -18 , 30 5 -5 0 20 15 , 22 -27 28 12 -30 30 , 12 -41 41 0 -27 14 , 29 -4 -5 20 -22 -46 , -17 -11 3 5 -15 -14 , -22 -3 11 -5 -17 -4 , 10 -28 27 -12 2 -3 , 39 36 -36 0 7 -29 , 0.0051234437777473709 , 0
0.44952368369629936 , 52 7 -46 16 -7 -33 , 32 -21 21 0 0 21 , 0 5 -24 14 8 -16 , 10 -15 15 0 -7 8 , 36 46 -7 -16 13 -14 , -37 14 9 -34 13 -21 , -3 -9 -14 34 -30 -1 , -14 24 -5 -14 8 3 , 39 36 -36 0 7 -29 , 0.00581153915128888 , 1
0.44952368369629936 , 9 -13 -27 13 -40 -57 , 16 -30 30 0 -16 14 , 12 8 5 -18 23 7 , 26 -6 6 0 9 15 , -4 27 13 -13 -30 -27 , 21 -14 13 -11 18 1 , 32 -13 14 11 -12 32 , 30 -5 -8 18 2 15 , 39 36 -36 0 7 -29 , 0.006192984569794416 , 2
0.44952368369629936 , 2 3 10 -18 -55 -13 , 10 -15 15 0 -7 8 , -10 22 -29 -11 39 -31 , 32 -21 21 0 0 21 , 20 -10 -3 18 -23 -58 , 16 0 5 -8 14 8 , 24 -5 0 8 3 14 , 1 29 -22 11 -2 17 , 39 36 -36 0 7 -29 , 0.006222523240826435 , 3
0.45266878648896225 , 9 5 4 -20 -41 -18 , 30 5 -5 0 20 15 , 22 -27 28 12 -30 30 , 12 -41 41 0 -27 14 , 29 -4 -5 20 -22 -46 , -17 -11 3 5 -15 -14 , -22 -3 11 -5 -17 -4 , 10 -28 27 -12 2 -3 , 39 36 -36 0 7 -29 , 0.0057187978212951381 , 0
0.45266878648896225 , 2 3 10 -18 -55 -13 , 10 -15 15 0 -7 8 , -10 22 -29 -11 39 -31 , 32 -21 21 0 0 21 , 20 -10 -3 18 -23 -58 , 16 0 5 -8 14 8 , 24 -5 0 8 3 14 , 1 29 -22 11 -2 17 , 39 36 -36 0 7 -29 , 0.0058115391512888401 , 1
0.45266878648896225 , 52 7 -46 16 -7 -33 , 32 -21 21 0 0 21 , 0 5 -24 14 8 -16 , 10 -15 15 0 -7 8 , 36 46 -7 -16 13 -14 , -37 14 9 -34 13 -21 , -3 -9 -14 34 -30 -1 , -14 24 -5 -14 8 3 , 39 36 -36 0 7 -29 , 0.0062225232408261652 , 2
0.46105062481412556 , 39 -22 -25 17 -29 -45 , 30 0 0 0 16 16 , 18 -15 29 -16 3 18 , 12 -36 36 0 -23 13 , 22 25 22 -17 -20 -7 , 14 12 -27 16 13 -2 , -2 27 -12 -16 25 1 , 34 -29 15 16 -11 18 , 39 36 -36 0 7 -29 , 0.0052127040635166991 , 0
0.46255282246252005 , 39 -22 -25 17 -29 -45 , 30 0 0 0 16 16 , 18 -15 29 -16 3 18 , 12 -36 36 0 -23 13 , 22 25 22 -17 -20 -7 , 14 12 -27 16 13 -2 , -2 27 -12 -16 25 1 , 34 -29 15 16 -11 18 , 39 36 -36 0 7 -29 , 0.0051033311381640037 , 0
0.4674245178682913 , 39 -22 -25 17 -29 -45 , 30 0 0 0 16 16 , 18 -15 29 -16 3 18 , 12 -36 36 0 -23 13 , 22 25 22 -17 -20 -7 , 14 12 -27 16 13 -2 , -2 27 -12 -16 25 1 , 34 -29 15 16 -11 18 , 39 36 -36 0 7 -29 , 0.006157162498080803 , 0
0.4674245178682913 , 11 -11 -26 4 -29 -59 , 30 0 0 0 16 16 , -11 18 -34 18 3 -16 , 12 -36 36 0 -23 13 , 7 26 11 -4 -33 -18 , -2 -14 -12 25 -16 -13 , -27 12 14 -25 -1 -2 , -29 34 -18 -18 18 -15 , 39 36 -36 0 7 -29 , 0.00616032612107539 , 1
0.4674245178682913 , 11 -13 -26 14 -43 -52 , 30 -5 5 0 12 17 , -32 14 -9 -16 12 -28 , 12 -31 31 0 -19 12 , -3 26 13 -14 -26 -30 , -28 5 17 -27 1 -9 , -1 -17 -5 27 -26 -4 , -16 9 -14 16 -19 -2 , 39 36 -36 0 7 -29 , 0.0061970689639898775 , 2
0.4674245178682913 , -12 23 -10 -37 -18 -42 , 13 5 -5 0 11 6 , -31 -4 -12 -3 6 -43 , 28 -6 6 0 10 16 , 25 10 -23 37 -32 -41 , -3 1 -33 22 9 -29 , -25 33 -1 -22 4 8 , -28 12 4 3 -31 10 , 40 1 -1 0 -21 -22 , 0.0068473552976929704 , 3
0.47097076700761964 , 11 -11 -26 4 -29 -59 , 30 0 0 0 16 16 , -11 18 -34 18 3 -16 , 12 -36 36 0 -23 13 , 7 26 11 -4 -33 -18 , -2 -14 -12 25 -16 -13 , -27 12 14 -25 -1 -2 , -29 34 -18 -18 18 -15 , 39 36 -36 0 7 -29 , 0.0051897027695178314 , 0
0.47097076700761964 , -12 23 -10 -37 -18 -42 , 13 5 -5 0 11 6 , -31 -4 -12 -3 6 -43 , 28 -6 6 0 10 16 , 25 10 -23 37 -32 -41 , -3 1 -33 22 9 -29 , -25 33 -1 -22 4 8 , -28 12 4 3 -31 10 , 40 1 -1 0 -21 -22 , 0.0063716847609526141 , 1
0.4723042055891093 , 11 -11 -26 4 -29 -59 , 30 0 0 0 16 16 , -11 18 -34 18 3 -16 , 12 -36 36 0 -23 13 , 7 26 11 -4 -33 -18 , -2 -14 -12 25 -16 -13 , -27 12 14 -25 -1 -2 , -29 34 -18 -18 18 -15 , 39 36 -36 0 7 -29 , 0.0051033311381640063 , 0
0.4758405266189253 , 11 -11 -26 4 -29 -59 , 30 0 0 0 16 16 , -11 18 -34 18 3 -16 , 12 -36 36 0 -23 13 , 7 26 11 -4 -33 -18 , -2 -14 -12 25 -16 -13 , -27 12 14 -25 -1 -2 , -29 34 -18 -18 18 -15 , 39 36 -36 0 7 -29 , 0.0056830228534193753 , 0
0.48117725752790524 , 49 14 -31 -11 7 -27 , 14 -14 14 0 -4 10 , 7 22 -33 21 4 4 , 28 -22 22 0 -3 19 , 60 31 -14 11 4 -7 , 1 -22 23 1 -20 7 , 0 -23 22 -1 -16 2 , -14 33 -22 -21 37 -18 , 39 36 -36 0 7 -29 , 0.0055853475177113209 , 0
0.48151942078634424 , 49 14 -31 -11 7 -27 , 14 -14 14 0 -4 10 , 7 22 -33 21 4 4 , 28 -22 22 0 -3 19 , 60 31 -14 11 4 -7 , 1 -22 23 1 -20 7 , 0 -23 22 -1 -16 2 , -14 33 -22 -21 37 -18 , 39 36 -36 0 7 -29 , 0.0054905109449902706 , 0
0.4844182200873378 , 49 14 -31 -11 7 -27 , 14 -14 14 0 -4 10 , 7 22 -33 21 4 4 , 28 -22 22 0 -3 19 , 60 31 -14 11 4 -7 , 1 -22 23 1 -20 7 , 0 -23 22 -1 -16 2 , -14 33 -22 -21 37 -18 , 39 36 -36 0 7 -29 , 0.0050935456065325487 , 0
0.4892063686951098 , 7 -2 19 -25 -53 -8 , 18 -18 18 0 -5 13 , -9 17 -34 6 23 -28 , 24 -18 18 0 -2 16 , 32 -19 2 25 -27 -51 , 29 -12 9 1 8 14 , 28 -9 12 -1 5 20 , -15 34 -17 -6 6 6 , 39 36 -36 0 7 -29 , 0.0058745811584550063 , 0
0.4892063686951098 , 49 14 -31 -11 7 -27 , 14 -14 14 0 -4 10 , 7 22 -33 21 4 4 , 28 -22 22 0 -3 19 , 60 31 -14 11 4 -7 , 1 -22 23 1 -20 7 , 0 -23 22 -1 -16 2 , -14 33 -22 -21 37 -18 , 39 36 -36 0 7 -29 , 0.0061161544877242589 , 1
0.4892063686951098 , 8 -4 -17 1 -43 -39 , 7 -39 39 0 -28 11 , 30 -9 -5 9 14 5 , 35 3 -3 0 21 18 , 7 17 4 -1 -22 -39 , 32 -23 11 21 -18 24 , 11 -11 23 -21 13 5 , 21 5 9 -9 10 23 , 39 36 -36 0 7 -29 , 0.0065153817853080666 , 2
0.4892063686951098 , 48 -4 -4 -1 -36 0 , 31 8 -8 0 23 15 , -17 9 -22 0 16 -31 , 10 -9 9 0 -2 7 , 49 4 4 1 4 -32 , 26 9 20 -21 14 36 , 47 -20 -9 21 16 5 , -17 22 -9 0 -9 7 , 40 1 -1 0 -21 -22 , 0.0065246100458906135 , 3
0.49107338033831904 , 8 -4 -17 1 -43 -39 , 7 -39 39 0 -28 11 , 30 -9 -5 9 14 5 , 35 3 -3 0 21 18 , 7 17 4 -1 -22 -39 , 32 -23 11 21 -18 24 , 11 -11 23 -21 13 5 , 21 5 9 -9 10 23 , 39 36 -36 0 7 -29 , 0.0058930523224142483 , 0
0.49107338033831904 , 7 -2 19 -25 -53 -8 , 18 -18 18 0 -5 13 , -9 17 -34 6 23 -28 , 24 -18 18 0 -2 16 , 32 -19 2 25 -27 -51 , 29 -12 9 1 8 14 , 28 -9 12 -1 5 20 , -15 34 -17 -6 6 6 , 39 36 -36 0 7 -29 , 0.0060210929411865163 , 1
0.49107338033831904 , 48 -4 -4 -1 -36 0 , 31 8 -8 0 23 15 , -17 9 -22 0 16 -31 , 10 -9 9 0 -2 7 , 49 4 4 1 4 -32 , 26 9 20 -21 14 36 , 47 -20 -9 21 16 5 , -17 22 -9 0 -9 7 , 40 1 -1 0 -21 -22 , 0.0063896540669855775 , 2
0.49107338033831904 , 49 14 -31 -11 7 -27 , 14 -14 14 0 -4 10 , 7 22 -33 21 4 4 , 28 -22 22 0 -3 19 , 60 31 -14 11 4 -7 , 1 -22 23 1 -20 7 , 0 -23 22 -1 -16 2 , -14 33 -22 -21 37 -18 , 39 36 -36 0 7 -29 , 0.0069346730037155259 , 3
0.49427598872328493 , 8 -4 -17 1 -43 -39 , 7 -39 39 0 -28 11 , 30 -9 -5 9 14 5 , 35 3 -3 0 21 18 , 7 17 4 -1 -22 -39 , 32 -23 11 21 -18 24 , 11 -11 23 -21 13 5 , 21 5 9 -9 10 23 , 39 36 -36 0 7 -29 , 0.0054405641949852807 , 0
0.49427598872328493 , 36 -24 -4 14 -55 -18 , 10 -9 9 0 -2 7 , -16 -15 -20 32 -23 -27 , 31 8 -8 0 23 15 , 22 4 24 -14 -14 -31 , -17 -7 9 -17 9 -22 , 0 -9 7 17 -31 16 , -48 20 15 -32 -7 -8 , 40 1 -1 0 -21 -22 , 0.0065564695503502407 , 1
0.49427598872328493 , 48 -4 -4 -1 -36 0 , 31 8 -8 0 23 15 , -17 9 -22 0 16 -31 , 10 -9 9 0 -2 7 , 49 4 4 1 4 -32 , 26 9 20 -21 14 36 , 47 -20 -9 21 16 5 , -17 22 -9 0 -9 7 , 40 1 -1 0 -21 -22 , 0.0067790856227258047 , 2
0.4963542693400751 , 8 -4 -17 1 -43 -39 , 7 -39 39 0 -28 11 , 30 -9 -5 9 14 5 , 35 3 -3 0 21 18 , 7 17 4 -1 -22 -39 , 32 -23 11 21 -18 24 , 11 -11 23 -21 13 5 , 21 5 9 -9 10 23 , 39 36 -36 0 7 -29 , 0.0056355438396014689 , 0
0.4963542693400751 , 36 -24 -4 14 -55 -18 , 10 -9 9 0 -2 7 , -16 -15 -20 32 -23 -27 , 31 8 -8 0 23 15 , 22 4 24 -14 -14 -31 , -17 -7 9 -17 9 -22 , 0 -9 7 17 -31 16 , -48 20 15 -32 -7 -8 , 40 1 -1 0 -21 -22 , 0.0063896540669857553 , 1
0.4963542693400751 , -1 26 -2 -39 -23 -20 , 30 -5 5 0 12 17 , -7 6 -4 16 -26 14 , 12 -31 31 0 -19 12 , 38 2 -26 39 -18 -49 , 9 -28 5 26 -27 1 , -17 -5 28 -26 -4 1 , -23 4 -6 -16 18 -32 , 39 36 -36 0 7 -29 , 0.0068476016616485693 , 2
0.500473988559467 , -1 5 15 -37 -38 -20 , 27 -9 9 0 7 16 , 13 -33 26 3 -15 5 , 15 -27 27 0 -14 13 , 36 -15 -5 37 -35 -43 , -11 -1 -19 2 17 -34 , -13 19 1 -2 -15 18 , 10 -26 33 -3 -21 18 , 39 36 -36 0 7 -29 , 0.0057679097763373302 , 0
0.500473988559467 , 32 -1 -42 15 -20 -46 , 8 -37 37 0 -26 11 , 0 -30 18 5 -16 -8 , 34 1 -1 0 19 18 , 17 42 1 -15 -4 -19 , 21 -21 28 3 -20 29 , 18 -28 21 -3 1 1 , -5 -18 30 -5 -26 14 , 39 36 -36 0 7 -29 , 0.0059447801754074448 , 1
0.500473988559467 , -1 26 -2 -39 -23 -20 , 30 -5 5 0 12 17 , -7 6 -4 16 -26 14 , 12 -31 31 0 -19 12 , 38 2 -26 39 -18 -49 , 9 -28 5 26 -27 1 , -17 -5 28 -26 -4 1 , -23 4 -6 -16 18 -32 , 39 36 -36 0 7 -29 , 0.0061970689639899027 , 2
0.500473988559467 , 8 -4 -17 1 -43 -39 , 7 -39 39 0 -28 11 , 30 -9 -5 9 14 5 , 35 3 -3 0 21 18 , 7 17 4 -1 -22 -39 , 32 -23 11 21 -18 24 , 11 -11 23 -21 13 5 , 21 5 9 -9 10 23 , 39 36 -36 0 7 -29 , 0.0069862179424223653 , 3
0.500473988559467 , 36 -24 -4 14 -55 -18 , 10 -9 9 0 -2 7 , -16 -15 -20 32 -23 -27 , 31 8 -8 0 23 15 , 22 4 24 -14 -14 -31 , -17 -7 9 -17 9 -22 , 0 -9 7 17 -31 16 , -48 20 15 -32 -7 -8 , 40 1 -1 0 -21 -22 , 0.0070223696649163092 , 4
0.5020949600014986 , -1 5 15 -37 -38 -20 , 27 -9 9 0 7 16 , 13 -33 26 3 -15 5 , 15 -27 27 0 -14 13 , 36 -15 -5 37 -35 -43 , -11 -1 -19 2 17 -34 , -13 19 1 -2 -15 18 , 10 -26 33 -3 -21 18 , 39 36 -36 0 7 -29 , 0.0053082964612025003 , 0
0.5020949600014986 , 32 -1 -42 15 -20 -46 , 8 -37 37 0 -26 11 , 0 -30 18 5 -16 -8 , 34 1 -1 0 19 18 , 17 42 1 -15 -4 -19 , 21 -21 28 3 -20 29 , 18 -28 21 -3 1 1 , -5 -18 30 -5 -26 14 , 39 36 -36 0 7 -29 , 0.0058332361811370527 , 1
0.5020949600014986 , -1 26 -2 -39 -23 -20 , 30 -5 5 0 12 17 , -7 6 -4 16 -26 14 , 12 -31 31 0 -19 12 , 38 2 -26 39 -18 -49 , 9 -28 5 26 -27 1 , -17 -5 28 -26 -4 1 , -23 4 -6 -16 18 -32 , 39 36 -36 0 7 -29 , 0.006302176552258139 , 2
0.5044250545296144 , -1 5 15 -37 -38 -20 , 27 -9 9 0 7 16 , 13 -33 26 3 -15 5 , 15 -27 27 0 -14 13 , 36 -15 -5 37 -35 -43 , -11 -1 -19 2 17 -34 , -13 19 1 -2 -15 18 , 10 -26 33 -3 -21 18 , 39 36 -36 0 7 -29 , 0.0050461223061359639 , 0
0.5044250545296144 , 32 -1 -42 15 -20 -46 , 8 -37 37 0 -26 11 , 0 -30 18 5 -16 -8 , 34 1 -1 0 19 18 , 17 42 1 -15 -4 -19 , 21 -21 28 3 -20 29 , 18 -28 21 -3 1 1 , -5 -18 30 -5 -26 14 , 39 36 -36 0 7 -29 , 0.0060614601809156864 , 1
0.5047744630654077 , -1 5 15 -37 -38 -20 , 27 -9 9 0 7 16 , 13 -33 26 3 -15 5 , 15 -27 27 0 -14 13 , 36 -15 -5 37 -35 -43 , -11 -1 -19 2 17 -34 , -13 19 1 -2 -15 18 , 10 -26 33 -3 -21 18 , 39 36 -36 0 7 -29 , 0.0050521671873932621 , 0
0.5047744630654077 , 32 -1 -42 15 -20 -46 , 8 -37 37 0 -26 11 , 0 -30 18 5 -16 -8 , 34 1 -1 0 19 18 , 17 42 1 -15 -4 -19 , 21 -21 28 3 -20 29 , 18 -28 21 -3 1 1 , -5 -18 30 -5 -26 14 , 39 36 -36 0 7 -29 , 0.006133228563615447 , 1
0.5105481728703829 , 23 -1 -38 8 -20 -51 , 7 -39 39 0 -28 11 , 30 -9 -5 9 14 5 , 35 3 -3 0 21 18 , 15 38 1 -8 -13 -19 , 23 -32 24 5 -11 11 , 18 -24 32 -5 -13 21 , 21 5 9 -9 10 23 , 39 36 -36 0 7 -29 , 0.0056353152405787758 , 0
0.5105481728703829 , -1 5 15 -37 -38 -20 , 27 -9 9 0 7 16 , 13 -33 26 3 -15 5 , 15 -27 27 0 -14 13 , 36 -15 -5 37 -35 -43 , -11 -1 -19 2 17 -34 , -13 19 1 -2 -15 18 , 10 -26 33 -3 -21 18 , 39 36 -36 0 7 -29 , 0.0066490272179198237 , 1
0.5126252133813316 , 23 -1 -38 8 -20 -51 , 7 -39 39 0 -28 11 , 30 -9 -5 9 14 5 , 35 3 -3 0 21 18 , 15 38 1 -8 -13 -19 , 23 -32 24 5 -11 11 , 18 -24 32 -5 -13 21 , 21 5 9 -9 10 23 , 39 36 -36 0 7 -29 , 0.005440564194985292 , 0
0.5192807793976223 , 39 30 -45 -5 1 -24 , 18 -18 18 0 -5 13 , 9 -28 23 15 -34 17 , 24 -18 18 0 -2 16 , 44 45 -30 5 21 -29 , 28 -3 -4 18 -6 23 , 10 4 3 -18 27 -3 , -6 -23 28 -15 -6 -6 , 39 36 -36 0 7 -29 , 0.0058826844454696273 , 0
0.5192807793976223 , 23 -1 -38 8 -20 -51 , 7 -39 39 0 -28 11 , 30 -9 -5 9 14 5 , 35 3 -3 0 21 18 , 15 38 1 -8 -13 -19 , 23 -32 24 5 -11 11 , 18 -24 32 -5 -13 21 , 21 5 9 -9 10 23 , 39 36 -36 0 7 -29 , 0.0071936014514800079 , 1
0.5192807793976223 , 11 37 -14 -32 -18 -9 , 21 -27 27 0 -11 16 , 1 25 -23 0 18 -1 , 21 -9 9 0 4 13 , 43 14 -37 32 5 -55 , -33 30 -13 -11 1 -8 , -22 13 -30 11 5 -29 , 1 23 -25 0 22 -7 , 39 36 -36 0 7 -29 , 0.0072928810777143195 , 2
0.5197172952115308 , 39 30 -45 -5 1 -24 , 18 -18 18 0 -5 13 , 9 -28 23 15 -34 17 , 24 -18 18 0 -2 16 , 44 45 -30 5 21 -29 , 28 -3 -4 18 -6 23 , 10 4 3 -18 27 -3 , -6 -23 28 -15 -6 -6 , 39 36 -36 0 7 -29 , 0.0058745811584550046 , 0
0.5197172952115308 , 11 37 -14 -32 -18 -9 , 21 -27 27 0 -11 16 , 1 25 -23 0 18 -1 , 21 -9 9 0 4 13 , 43 14 -37 32 5 -55 , -33 30 -13 -11 1 -8 , -22 13 -30 11 5 -29 , 1 23 -25 0 22 -7 , 39 36 -36 0 7 -29 , 0.007299410008114582 , 1
0.5222633798711839 , 39 30 -45 -5 1 -24 , 18 -18 18 0 -5 13 , 9 -28 23 15 -34 17 , 24 -18 18 0 -2 16 , 44 45 -30 5 21 -29 , 28 -3 -4 18 -6 23 , 10 4 3 -18 27 -3 , -6 -23 28 -15 -6 -6 , 39 36 -36 0 7 -29 , 0.0061442622723618737 , 0
0.5222633798711839 , 7 19 -8 -41 -5 -35 , 25 13 -13 0 24 11 , 30 -30 11 14 -4 6 , 16 -14 14 0 -3 11 , 48 8 -19 41 -27 -24 , 8 27 0 -31 37 10 , 39 0 -27 31 10 10 , 16 -11 30 -14 -5 26 , 40 1 -1 0 -21 -22 , 0.0071677566572040342 , 1
0.5222633798711839 , 11 37 -14 -32 -18 -9 , 21 -27 27 0 -11 16 , 1 25 -23 0 18 -1 , 21 -9 9 0 4 13 , 43 14 -37 32 5 -55 , -33 30 -13 -11 1 -8 , -22 13 -30 11 5 -29 , 1 23 -25 0 22 -7 , 39 36 -36 0 7 -29 , 0.0075917073757801549 , 2
0.532234694301887 , 19 -27 -16 4 -33 -57 , 16 -30 30 0 -16 14 , 16 13 -6 7 -1 24 , 26 -6 6 0 9 15 , 15 16 27 -4 -41 -6 , 21 -14 13 -11 18 1 , 32 -13 14 11 -12 32 , 9 6 -13 -7 30 -14 , 39 36 -36 0 7 -29 , 0.0058525113873335423 , 0
0.5357597385420838 , 19 -27 -16 4 -33 -57 , 16 -30 30 0 -16 14 , 16 13 -6 7 -1 24 , 26 -6 6 0 9 15 , 15 16 27 -4 -41 -6 , 21 -14 13 -11 18 1 , 32 -13 14 11 -12 32 , 9 6 -13 -7 30 -14 , 39 36 -36 0 7 -29 , 0.0052951815075831269 , 0
0.5357597385420838 , 6 -6 15 -26 -47 -18 , 12 -31 31 0 -19 12 , 33 -11 0 10 8 13 , 30 -5 5 0 12 17 , 32 -15 6 26 -33 -41 , -18 32 -23 -14 26 -16 , -4 23 -32 14 7 -6 , 23 0 11 -10 13 19 , 39 36 -36 0 7 -29 , 0.0063653914175661594 , 1
0.5378162200800073 , 19 -27 -16 4 -33 -57 , 16 -30 30 0 -16 14 , 16 13 -6 7 -1 24 , 26 -6 6 0 9 15 , 15 16 27 -4 -41 -6 , 21 -14 13 -11 18 1 , 32 -13 14 11 -12 32 , 9 6 -13 -7 30 -14 , 39 36 -36 0 7 -29 , 0.0054912199766376322 , 0
0.5378162200800073 , 6 -6 15 -26 -47 -18 , 12 -31 31 0 -19 12 , 33 -11 0 10 8 13 , 30 -5 5 0 12 17 , 32 -15 6 26 -33 -41 , -18 32 -23 -14 26 -16 , -4 23 -32 14 7 -6 , 23 0 11 -10 13 19 , 39 36 -36 0 7 -29 , 0.0061970689639898437 , 1
0.5443296145003038 , 19 12 -3 -18 -38 -6 , 34 1 -1 0 19 18 , 18 -28 21 -3 1 1 , 8 -37 37 0 -26 11 , 37 3 -12 18 -3 -50 , 26 5 -16 18 5 14 , 8 16 -5 -18 30 0 , 21 -21 28 3 -20 29 , 39 36 -36 0 7 -29 , 0.0058332361811371533 , 0
0.5443296145003038 , 2 18 -30 -22 -8 -52 , 45 -1 1 0 23 24 , 2 9 -12 8 0 3 , 17 28 -28 0 32 4 , 24 30 -18 22 -22 -26 , 22 -6 -14 30 -12 12 , -8 14 6 -30 26 -6 , -6 12 -9 -8 15 -9 , 19 -27 27 0 -55 -28 , 0.0064756632960917869 , 1
0.5443296145003038 , 10 21 -15 -32 -10 -31 , 25 -25 25 0 -7 18 , -26 -16 0 10 -21 -25 , 16 24 -24 0 28 4 , 42 15 -21 32 -16 -31 , 15 5 -27 34 -10 7 , -19 27 -5 -34 34 -15 , -36 0 16 -10 -25 -5 , 40 1 -1 0 -21 -22 , 0.0068862772080664778 , 2
0.5450966669543794 , 19 12 -3 -18 -38 -6 , 34 1 -1 0 19 18 , 18 -28 21 -3 1 1 , 8 -37 37 0 -26 11 , 37 3 -12 18 -3 -50 , 26 5 -16 18 5 14 , 8 16 -5 -18 30 0 , 21 -21 28 3 -20 29 , 39 36 -36 0 7 -29 , 0.005858398029716395 , 0
0.5450966669543794 , 2 18 -30 -22 -8 -52 , 45 -1 1 0 23 24 , 2 9 -12 8 0 3 , 17 28 -28 0 32 4 , 24 30 -18 22 -22 -26 , 22 -6 -14 30 -12 12 , -8 14 6 -30 26 -6 , -6 12 -9 -8 15 -9 , 19 -27 27 0 -55 -28 , 0.0061824161460722737 , 1
0.5450966669543794 , 10 21 -15 -32 -10 -31 , 25 -25 25 0 -7 18 , -26 -16 0 10 -21 -25 , 16 24 -24 0 28 4 , 42 15 -21 32 -16 -31 , 15 5 -27 34 -10 7 , -19 27 -5 -34 34 -15 , -36 0 16 -10 -25 -5 , 40 1 -1 0 -21 -22 , 0.0068648839051582205 , 2
0.5495524066142745 , 2 18 -30 -22 -8 -52 , 45 -1 1 0 23 24 , 2 9 -12 8 0 3 , 17 28 -28 0 32 4 , 24 30 -18 22 -22 -26 , 22 -6 -14 30 -12 12 , -8 14 6 -30 26 -6 , -6 12 -9 -8 15 -9 , 19 -27 27 0 -55 -28 , 0.0053193536076351824 , 0
0.5634665827449261 , 38 11 -54 5 5 -51 , 24 -18 18 0 -2 16 , -3 27 -18 3 4 10 , 18 -18 18 0 -5 13 , 33 54 -11 -5 3 -6 , 6 -6 -23 34 -15 -6 , -28 23 6 -34 17 -9 , -6 18 -27 -3 28 -23 , 39 36 -36 0 7 -29 , 0.0061832663219267628 , 0
0.5634665827449261 , 35 -8 -27 -2 -12 -44 , -4 -27 27 0 -24 3 , -20 -18 19 -20 4 -26 , 46 -9 9 0 17 26 , 37 27 8 2 -17 -4 , -11 17 -10 -1 0 1 , -10 10 -17 1 11 -17 , 0 -19 18 20 -45 22 , 39 36 -36 0 7 -29 , 0.0067351550513449323 , 1
0.5634665827449261 , 15 -4 -35 1 -19 -58 , 2 -32 32 0 -25 7 , -29 4 -13 9 -14 -21 , 40 -4 4 0 18 22 , 14 35 4 -1 -23 -15 , -10 13 -10 10 -14 7 , -20 10 -13 -10 17 -27 , -38 13 -4 -9 -8 -18 , 39 36 -36 0 7 -29 , 0.0076090456964925538 , 2
0.5661949888352242 , 38 11 -54 5 5 -51 , 24 -18 18 0 -2 16 , -3 27 -18 3 4 10 , 18 -18 18 0 -5 13 , 33 54 -11 -5 3 -6 , 6 -6 -23 34 -15 -6 , -28 23 6 -34 17 -9 , -6 18 -27 -3 28 -23 , 39 36 -36 0 7 -29 , 0.0058745811584550176 , 0
0.5661949888352242 , 15 -4 -35 1 -19 -58 , 2 -32 32 0 -25 7 , -29 4 -13 9 -14 -21 , 40 -4 4 0 18 22 , 14 35 4 -1 -23 -15 , -10 13 -10 10 -14 7 , -20 10 -13 -10 17 -27 , -38 13 -4 -9 -8 -18 , 39 36 -36 0 7 -29 , 0.0062861882025130366 , 1
0.5661949888352242 , 35 -8 -27 -2 -12 -44 , -4 -27 27 0 -24 3 , -20 -18 19 -20 4 -26 , 46 -9 9 0 17 26 , 37 27 8 2 -17 -4 , -11 17 -10 -1 0 1 , -10 10 -17 1 11 -17 , 0 -19 18 20 -45 22 , 39 36 -36 0 7 -29 , 0.0070060246993968569 , 2
0.5715678728539655 , 15 -4 -35 1 -19 -58 , 2 -32 32 0 -25 7 , -29 4 -13 9 -14 -21 , 40 -4 4 0 18 22 , 14 35 4 -1 -23 -15 , -10 13 -10 10 -14 7 , -20 10 -13 -10 17 -27 , -38 13 -4 -9 -8 -18 , 39 36 -36 0 7 -29 , 0.0050082208123126337 , 0
0.5715678728539655 , 45 -21 0 4 -46 -8 , 24 20 -20 0 29 9 , 6 -18 8 21 -30 12 , 38 7 -7 0 26 19 , 41 0 21 -4 -8 -25 , -17 9 -8 -8 9 -17 , -9 8 -9 8 -9 0 , -15 -8 18 -21 4 -12 , 19 -27 27 0 -55 -28 , 0.0054028135960362805 , 1
0.5766288766094099 , 45 -21 0 4 -46 -8 , 24 20 -20 0 29 9 , 6 -18 8 21 -30 12 , 38 7 -7 0 26 19 , 41 0 21 -4 -8 -25 , -17 9 -8 -8 9 -17 , -9 8 -9 8 -9 0 , -15 -8 18 -21 4 -12 , 19 -27 27 0 -55 -28 , 0.0040476607819126854 , 0
0.5794276881045933 , 45 -21 0 4 -46 -8 , 24 20 -20 0 29 9 , 6 -18 8 21 -30 12 , 38 7 -7 0 26 19 , 41 0 21 -4 -8 -25 , -17 9 -8 -8 9 -17 , -9 8 -9 8 -9 0 , -15 -8 18 -21 4 -12 , 19 -27 27 0 -55 -28 , 0.004505576448541021 , 0
0.5794276881045933 , 32 -23 -22 5 -24 -50 , 40 -9 9 0 14 23 , 10 -16 8 -4 9 -8 , 2 -27 27 0 -21 6 , 27 22 23 -5 -28 -1 , -31 7 -17 9 -11 -24 , -40 17 -7 -9 -7 -18 , 14 -8 16 4 -16 25 , 39 36 -36 0 7 -29 , 0.0054904096202180071 , 1
0.581680076355326 , 32 -23 -22 5 -24 -50 , 40 -9 9 0 14 23 , 10 -16 8 -4 9 -8 , 2 -27 27 0 -21 6 , 27 22 23 -5 -28 -1 , -31 7 -17 9 -11 -24 , -40 17 -7 -9 -7 -18 , 14 -8 16 4 -16 25 , 39 36 -36 0 7 -29 , 0.0052543297744690144 , 0
0.581680076355326 , 11 19 -8 -26 -29 -14 , 30 5 -5 0 20 15 , -30 30 -12 -28 27 -22 , 12 -41 41 0 -27 14 , 37 8 -19 26 -6 -48 , -21 -7 14 -8 -14 -7 , -13 -14 7 8 -21 -7 , -2 12 -30 28 -10 -3 , 39 36 -36 0 7 -29 , 0.0053429712591486394 , 1
0.581680076355326 , 45 -21 0 4 -46 -8 , 24 20 -20 0 29 9 , 6 -18 8 21 -30 12 , 38 7 -7 0 26 19 , 41 0 21 -4 -8 -25 , -17 9 -8 -8 9 -17 , -9 8 -9 8 -9 0 , -15 -8 18 -21 4 -12 , 19 -27 27 0 -55 -28 , 0.0053982242334721167 , 2
0.583876800911268 , 11 19 -8 -26 -29 -14 , 30 5 -5 0 20 15 , -30 30 -12 -28 27 -22 , 12 -41 41 0 -27 14 , 37 8 -19 26 -6 -48 , -21 -7 14 -8 -14 -7 , -13 -14 7 8 -21 -7 , -2 12 -30 28 -10 -3 , 39 36 -36 0 7 -29 , 0.0051121963084980382 , 0
0.583876800911268 , 32 -23 -22 5 -24 -50 , 40 -9 9 0 14 23 , 10 -16 8 -4 9 -8 , 2 -27 27 0 -21 6 , 27 22 23 -5 -28 -1 , -31 7 -17 9 -11 -24 , -40 17 -7 -9 -7 -18 , 14 -8 16 4 -16 25 , 39 36 -36 0 7 -29 , 0.0054791213957679783 , 1
0.583876800911268 , 13 11 -28 -11 -20 -39 , 49 -5 5 0 22 27 , 15 -14 11 9 -13 15 , -7 -31 31 0 -29 2 , 24 28 -11 11 -11 -31 , 35 -6 18 -1 -1 37 , 36 -18 6 1 19 5 , 6 -11 14 -9 4 1 , 39 36 -36 0 7 -29 , 0.0063685111603635327 , 2
0.5888265499637112 , 13 11 -28 -11 -20 -39 , 49 -5 5 0 22 27 , 15 -14 11 9 -13 15 , -7 -31 31 0 -29 2 , 24 28 -11 11 -11 -31 , 35 -6 18 -1 -1 37 , 36 -18 6 1 19 5 , 6 -11 14 -9 4 1 , 39 36 -36 0 7 -29 , 0.0049799130855979696 , 0
0.5888265499637112 , 14 -18 -12 1 -44 -41 , 12 -41 41 0 -27 14 , -7 -21 8 7 -14 -13 , 30 5 -5 0 20 15 , 13 12 18 -1 -29 -26 , -3 2 -12 27 -28 10 , -30 12 -2 -27 22 -30 , -14 -8 21 -7 -21 7 , 39 36 -36 0 7 -29 , 0.0051735397055540653 , 1
0.5888265499637112 , 44 -19 -36 23 -29 -41 , 6 -26 26 0 -18 8 , -12 39 -25 -12 25 -4 , 36 -10 10 0 11 21 , 21 36 19 -23 -5 -10 , 8 -12 4 -7 16 -13 , 15 -4 12 7 -17 28 , 0 25 -39 12 21 -14 , 39 36 -36 0 7 -29 , 0.0055643505132973925 , 2
0.5888265499637112 , 30 5 -41 -2 -4 -49 , 34 1 -1 0 19 18 , 21 -21 28 3 -20 29 , 8 -37 37 0 -26 11 , 32 41 -5 2 -8 -9 , 26 -7 -4 2 20 0 , 24 4 7 -2 4 27 , 18 -28 21 -3 1 1 , 39 36 -36 0 7 -29 , 0.0058332361811371213 , 3
0.5888265499637112 , 11 19 -8 -26 -29 -14 , 30 5 -5 0 20 15 , -30 30 -12 -28 27 -22 , 12 -41 41 0 -27 14 , 37 8 -19 26 -6 -48 , -21 -7 14 -8 -14 -7 , -13 -14 7 8 -21 -7 , -2 12 -30 28 -10 -3 , 39 36 -36 0 7 -29 , 0.0061955234011066502 , 4
0.5895353639347894 , 13 11 -28 -11 -20 -39 , 49 -5 5 0 22 27 , 15 -14 11 9 -13 15 , -7 -31 31 0 -29 2 , 24 28 -11 11 -11 -31 , 35 -6 18 -1 -1 37 , 36 -18 6 1 19 5 , 6 -11 14 -9 4 1 , 39 36 -36 0 7 -29 , 0.0049546267761837078 , 0
0.5895353639347894 , 14 -18 -12 1 -44 -41 , 12 -41 41 0 -27 14 , -7 -21 8 7 -14 -13 , 30 5 -5 0 20 15 , 13 12 18 -1 -29 -26 , -3 2 -12 27 -28 10 , -30 12 -2 -27 22 -30 , -14 -8 21 -7 -21 7 , 39 36 -36 0 7 -29 , 0.0051205930600526917 , 1
0.5895353639347894 , 44 -19 -36 23 -29 -41 , 6 -26 26 0 -18 8 , -12 39 -25 -12 25 -4 , 36 -10 10 0 11 21 , 21 36 19 -23 -5 -10 , 8 -12 4 -7 16 -13 , 15 -4 12 7 -17 28 , 0 25 -39 12 21 -14 , 39 36 -36 0 7 -29 , 0.0053547531751366208 , 2
0.5895353639347894 , 30 5 -41 -2 -4 -49 , 34 1 -1 0 19 18 , 21 -21 28 3 -20 29 , 8 -37 37 0 -26 11 , 32 41 -5 2 -8 -9 , 26 -7 -4 2 20 0 , 24 4 7 -2 4 27 , 18 -28 21 -3 1 1 , 39 36 -36 0 7 -29 , 0.0058547289944540226 , 3
0.5899499058222881 , 13 11 -28 -11 -20 -39 , 49 -5 5 0 22 27 , 15 -14 11 9 -13 15 , -7 -31 31 0 -29 2 , 24 28 -11 11 -11 -31 , 35 -6 18 -1 -1 37 , 36 -18 6 1 19 5 , 6 -11 14 -9 4 1 , 39 36 -36 0 7 -29 , 0.0049632901099360667 , 0
0.5899499058222881 , 14 -18 -12 1 -44 -41 , 12 -41 41 0 -27 14 , -7 -21 8 7 -14 -13 , 30 5 -5 0 20 15 , 13 12 18 -1 -29 -26 , -3 2 -12 27 -28 10 , -30 12 -2 -27 22 -30 , -14 -8 21 -7 -21 7 , 39 36 -36 0 7 -29 , 0.0051121963084978976 , 1
0.5899499058222881 , 44 -19 -36 23 -29 -41 , 6 -26 26 0 -18 8 , -12 39 -25 -12 25 -4 , 36 -10 10 0 11 21 , 21 36 19 -23 -5 -10 , 8 -12 4 -7 16 -13 , 15 -4 12 7 -17 28 , 0 25 -39 12 21 -14 , 39 36 -36 0 7 -29 , 0.0052504998630732071 , 2
0.5899499058222881 , 30 5 -41 -2 -4 -49 , 34 1 -1 0 19 18 , 21 -21 28 3 -20 29 , 8 -37 37 0 -26 11 , 32 41 -5 2 -8 -9 , 26 -7 -4 2 20 0 , 24 4 7 -2 4 27 , 18 -28 21 -3 1 1 , 39 36 -36 0 7 -29 , 0.0058870710109818966 , 3
0.5924097633659747 , 44 -19 -36 23 -29 -41 , 6 -26 26 0 -18 8 , -12 39 -25 -12 25 -4 , 36 -10 10 0 11 21 , 21 36 19 -23 -5 -10 , 8 -12 4 -7 16 -13 , 15 -4 12 7 -17 28 , 0 25 -39 12 21 -14 , 39 36 -36 0 7 -29 , 0.0049540194701868049 , 0
0.5924097633659747 , 13 11 -28 -11 -20 -39 , 49 -5 5 0 22 27 , 15 -14 11 9 -13 15 , -7 -31 31 0 -29 2 , 24 28 -11 11 -11 -31 , 35 -6 18 -1 -1 37 , 36 -18 6 1 19 5 , 6 -11 14 -9 4 1 , 39 36 -36 0 7 -29 , 0.0053553150365504201 , 1
0.5924097633659747 , 14 -18 -12 1 -44 -41 , 12 -41 41 0 -27 14 , -7 -21 8 7 -14 -13 , 30 5 -5 0 20 15 , 13 12 18 -1 -29 -26 , -3 2 -12 27 -28 10 , -30 12 -2 -27 22 -30 , -14 -8 21 -7 -21 7 , 39 36 -36 0 7 -29 , 0.0053999990549486029 , 2
0.5924097633659747 , 31 -8 -12 -4 -33 -23 , 49 -5 5 0 22 27 , 14 -11 6 13 -15 15 , -7 -31 31 0 -29 2 , 35 12 8 4 -11 -25 , -43 12 -6 -13 -1 -29 , -30 6 -12 13 -23 -13 , 1 -6 11 -13 9 -4 , 39 36 -36 0 7 -29 , 0.0061670271448835577 , 3
0.5966455212419246 , 31 -8 -12 -4 -33 -23 , 49 -5 5 0 22 27 , 14 -11 6 13 -15 15 , -7 -31 31 0 -29 2 , 35 12 8 4 -11 -25 , -43 12 -6 -13 -1 -29 , -30 6 -12 13 -23 -13 , 1 -6 11 -13 9 -4 , 39 36 -36 0 7 -29 , 0.0050006540208471228 , 0
0.5966455212419246 , 18 23 -21 -27 -9 -25 , 35 3 -3 0 21 18 , 23 -31 23 3 -7 9 , 7 -39 39 0 -28 11 , 45 21 -23 27 -4 -32 , 9 14 5 -21 23 10 , 30 -5 -14 21 5 9 , 20 -23 31 -3 -14 24 , 39 36 -36 0 7 -29 , 0.0054405641949853579 , 1
0.5966455212419246 , 44 -19 -36 23 -29 -41 , 6 -26 26 0 -18 8 , -12 39 -25 -12 25 -4 , 36 -10 10 0 11 21 , 21 36 19 -23 -5 -10 , 8 -12 4 -7 16 -13 , 15 -4 12 7 -17 28 , 0 25 -39 12 21 -14 , 39 36 -36 0 7 -29 , 0.005789050044547806 , 2
0.5976028253322074 , 31 -8 -12 -4 -33 -23 , 49 -5 5 0 22 27 , 14 -11 6 13 -15 15 , -7 -31 31 0 -29 2 , 35 12 8 4 -11 -25 , -43 12 -6 -13 -1 -29 , -30 6 -12 13 -23 -13 , 1 -6 11 -13 9 -4 , 39 36 -36 0 7 -29 , 0.004954626776183713 , 0
0.5976028253322074 , 18 23 -21 -27 -9 -25 , 35 3 -3 0 21 18 , 23 -31 23 3 -7 9 , 7 -39 39 0 -28 11 , 45 21 -23 27 -4 -32 , 9 14 5 -21 23 10 , 30 -5 -14 21 5 9 , 20 -23 31 -3 -14 24 , 39 36 -36 0 7 -29 , 0.0054825133220116062 , 1
0.5976028253322074 , 44 -19 -36 23 -29 -41 , 6 -26 26 0 -18 8 , -12 39 -25 -12 25 -4 , 36 -10 10 0 11 21 , 21 36 19 -23 -5 -10 , 8 -12 4 -7 16 -13 , 15 -4 12 7 -17 28 , 0 25 -39 12 21 -14 , 39 36 -36 0 7 -29 , 0.0061665392438322647 , 2
0.6006540474761254 , 31 -8 -12 -4 -33 -23 , 49 -5 5 0 22 27 , 14 -11 6 13 -15 15 , -7 -31 31 0 -29 2 , 35 12 8 4 -11 -25 , -43 12 -6 -13 -1 -29 , -30 6 -12 13 -23 -13 , 1 -6 11 -13 9 -4 , 39 36 -36 0 7 -29 , 0.0054040068080150718 , 0
0.6006540474761254 , 18 23 -21 -27 -9 -25 , 35 3 -3 0 21 18 , 23 -31 23 3 -7 9 , 7 -39 39 0 -28 11 , 45 21 -23 27 -4 -32 , 9 14 5 -21 23 10 , 30 -5 -14 21 5 9 , 20 -23 31 -3 -14 24 , 39 36 -36 0 7 -29 , 0.0061346428209528318 , 1
0.6006540474761254 , -15 -1 -1 -25 -44 -42 , 27 -19 19 0 -1 18 , 26 -3 -7 19 -4 18 , 15 -17 17 0 -6 11 , 10 1 1 25 -41 -43 , 36 -13 12 7 -1 27 , 29 -12 13 -7 15 12 , 7 7 3 -19 25 -1 , 39 36 -36 0 7 -29 , 0.0063824627671920349 , 2
0.6140306880298882 , 3 25 -15 -27 -27 -20 , 1 -29 29 0 -23 6 , -15 29 -6 -3 -11 19 , 41 -7 7 0 16 23 , 30 15 -25 27 -5 -52 , -13 8 -11 11 -13 -2 , -24 11 -8 -11 9 -21 , -12 6 -29 3 25 -40 , 39 36 -36 0 7 -29 , 0.0061105616542057161 , 0
0.6140306880298882 , 36 -15 -4 -7 -34 -19 , 49 -5 5 0 22 27 , 1 -4 5 -6 5 -3 , 13 32 -32 0 33 1 , 43 4 15 7 -15 -19 , -9 -1 -5 20 -28 6 , -29 5 1 -20 11 -27 , 7 -5 4 6 -8 9 , 19 -27 27 0 -55 -28 , 0.0062871555684822457 , 1
0.6140306880298882 , 38 13 -26 -11 -12 -18 , 30 5 -5 0 20 15 , 8 13 -22 26 -13 14 , 12 -41 41 0 -27 14 , 49 26 -13 11 8 -25 , -21 -7 14 -8 -14 -7 , -13 -14 7 8 -21 -7 , -18 22 -13 -26 36 -26 , 39 36 -36 0 7 -29 , 0.006786881345825317 , 2
0.6140306880298882 , -2 -21 -3 -13 -43 -52 , 27 -19 19 0 -1 18 , -19 -1 -8 -5 9 -29 , 15 -17 17 0 -6 11 , 11 3 21 13 -49 -22 , -13 -1 -17 25 -22 -9 , -38 17 1 -25 8 -21 , -14 8 1 5 -21 10 , 39 36 -36 0 7 -29 , 0.0069774315234500638 , 3
0.6180178621913428 , 36 -15 -4 -7 -34 -19 , 49 -5 5 0 22 27 , 1 -4 5 -6 5 -3 , 13 32 -32 0 33 1 , 43 4 15 7 -15 -19 , -9 -1 -5 20 -28 6 , -29 5 1 -20 11 -27 , 7 -5 4 6 -8 9 , 19 -27 27 0 -55 -28 , 0.0041327188150675461 , 0
0.6203437368876666 , 36 -15 -4 -7 -34 -19 , 49 -5 5 0 22 27 , 1 -4 5 -6 5 -3 , 13 32 -32 0 33 1 , 43 4 15 7 -15 -19 , -9 -1 -5 20 -28 6 , -29 5 1 -20 11 -27 , 7 -5 4 6 -8 9 , 19 -27 27 0 -55 -28 , 0.0033653619230332205 , 0
0.6216545842495369 , 36 -15 -4 -7 -34 -19 , 49 -5 5 0 22 27 , 1 -4 5 -6 5 -3 , 13 32 -32 0 33 1 , 43 4 15 7 -15 -19 , -9 -1 -5 20 -28 6 , -29 5 1 -20 11 -27 , 7 -5 4 6 -8 9 , 19 -27 27 0 -55 -28 , 0.0032351973087221858 , 0
0.6247618788923512 , 36 -15 -4 -7 -34 -19 , 49 -5 5 0 22 27 , 1 -4 5 -6 5 -3 , 13 32 -32 0 33 1 , 43 4 15 7 -15 -19 , -9 -1 -5 20 -28 6 , -29 5 1 -20 11 -27 , 7 -5 4 6 -8 9 , 19 -27 27 0 -55 -28 , 0.0039107715771654261 , 0
0.6268226753492594 , 36 -15 -4 -7 -34 -19 , 49 -5 5 0 22 27 , 1 -4 5 -6 5 -3 , 13 32 -32 0 33 1 , 43 4 15 7 -15 -19 , -9 -1 -5 20 -28 6 , -29 5 1 -20 11 -27 , 7 -5 4 6 -8 9 , 19 -27 27 0 -55 -28 , 0.0048806822787152686 , 0
0.6268226753492594 , -14 -5 -6 -19 -45 -47 , 20 -24 24 0 -9 15 , -21 2 -12 11 -13 -16 , 22 -12 12 0 2 14 , 5 6 5 19 -41 -40 , -8 -3 -13 26 -25 -2 , -34 13 3 -26 11 -22 , -32 12 -2 -11 -4 -15 , 39 36 -36 0 7 -29 , 0.0057432234793987564 , 1
0.6312389282540095 , 24 4 -30 10 -42 -22 , 45 -1 1 0 23 24 , 3 0 8 -12 9 2 , 17 28 -28 0 32 4 , 14 30 -4 -10 8 -46 , 32 -18 10 10 -2 18 , 22 -10 18 -10 8 16 , 15 -8 0 12 -6 9 , 19 -27 27 0 -55 -28 , 0.0053228744093681791 , 0
0.6312389282540095 , 35 -9 -40 18 -28 -41 , 1 -29 29 0 -23 6 , 29 -25 -11 40 -18 5 , 41 -7 7 0 16 23 , 17 40 9 -18 -1 -19 , -13 8 -11 11 -13 -2 , -24 11 -8 -11 9 -21 , -11 11 25 -40 16 7 , 39 36 -36 0 7 -29 , 0.0061105616542057924 , 1
0.6315126777417033 , 24 4 -30 10 -42 -22 , 45 -1 1 0 23 24 , 3 0 8 -12 9 2 , 17 28 -28 0 32 4 , 14 30 -4 -10 8 -46 , 32 -18 10 10 -2 18 , 22 -10 18 -10 8 16 , 15 -8 0 12 -6 9 , 19 -27 27 0 -55 -28 , 0.0053193536076351902 , 0
0.6315126777417033 , 35 -9 -40 18 -28 -41 , 1 -29 29 0 -23 6 , 29 -25 -11 40 -18 5 , 41 -7 7 0 16 23 , 17 40 9 -18 -1 -19 , -13 8 -11 11 -13 -2 , -24 11 -8 -11 9 -21 , -11 11 25 -40 16 7 , 39 36 -36 0 7 -29 , 0.0061136268193220438 , 1
0.6343965542837265 , 24 4 -30 10 -42 -22 , 45 -1 1 0 23 24 , 3 0 8 -12 9 2 , 17 28 -28 0 32 4 , 14 30 -4 -10 8 -46 , 32 -18 10 10 -2 18 , 22 -10 18 -10 8 16 , 15 -8 0 12 -6 9 , 19 -27 27 0 -55 -28 , 0.0056968298249273049 , 0
0.6343965542837265 , 11 9 7 -31 -39 -6 , 1 -19 19 0 -15 4 , -17 5 -31 27 -11 -23 , 41 -17 17 0 8 25 , 42 -7 -9 31 -13 -48 , 12 -7 -2 1 11 -5 , 11 2 7 -1 -3 18 , -44 31 -5 -27 8 -16 , 39 36 -36 0 7 -29 , 0.0062273646812390218 , 1
0.6343965542837265 , 35 -9 -40 18 -28 -41 , 1 -29 29 0 -23 6 , 29 -25 -11 40 -18 5 , 41 -7 7 0 16 23 , 17 40 9 -18 -1 -19 , -13 8 -11 11 -13 -2 , -24 11 -8 -11 9 -21 , -11 11 25 -40 16 7 , 39 36 -36 0 7 -29 , 0.0065057076876710246 , 2
0.6343965542837265 , -6 3 -26 -20 -17 -63 , 10 -4 4 0 2 6 , -37 27 6 -15 -19 11 , 31 3 -3 0 19 16 , 14 26 -3 20 -37 -20 , -2 12 4 4 -19 25 , -6 -4 -12 -4 21 -31 , -22 -6 -27 15 5 -46 , 40 1 -1 0 -21 -22 , 0.0066633896897626867 , 3
0.6393473674540473 , 11 9 7 -31 -39 -6 , 1 -19 19 0 -15 4 , -17 5 -31 27 -11 -23 , 41 -17 17 0 8 25 , 42 -7 -9 31 -13 -48 , 12 -7 -2 1 11 -5 , 11 2 7 -1 -3 18 , -44 31 -5 -27 8 -16 , 39 36 -36 0 7 -29 , 0.0051502276933063935 , 0
0.6460835632651055 , 38 21 -31 -11 -11 -13 , 1 -19 19 0 -15 4 , 24 12 -21 27 -7 24 , 41 -17 17 0 8 25 , 49 31 -21 11 18 -32 , -17 5 -1 -2 -7 -6 , -15 1 -5 2 -5 -12 , -3 21 -12 -27 45 -19 , 39 36 -36 0 7 -29 , 0.0059262578318117947 , 0
0.6460835632651055 , 36 -3 -26 10 -38 -18 , 46 -3 3 0 22 25 , -9 2 -5 -7 12 -17 , -5 2 -2 0 -1 -3 , 26 26 3 -10 8 -35 , -3 -5 53 -37 -14 36 , 34 -53 5 37 -17 -9 , -2 5 -2 7 -12 10 , 40 1 -1 0 -21 -22 , 0.0064444032419757559 , 1
0.6460835632651055 , 4 -13 -3 -18 -38 -41 , 34 1 -1 0 19 18 , -31 19 -17 -11 13 -28 , 8 -37 37 0 -26 11 , 22 3 13 18 -38 -25 , -8 -16 5 18 -30 0 , -26 -5 16 -18 -5 -14 , -20 17 -19 11 -11 -6 , 39 36 -36 0 7 -29 , 0.0065316232325977287 , 2
0.6460835632651055 , 11 9 7 -31 -39 -6 , 1 -19 19 0 -15 4 , -17 5 -31 27 -11 -23 , 41 -17 17 0 8 25 , 42 -7 -9 31 -13 -48 , 12 -7 -2 1 11 -5 , 11 2 7 -1 -3 18 , -44 31 -5 -27 8 -16 , 39 36 -36 0 7 -29 , 0.0070151913710545027 , 3
0.6502298194837555 , 38 21 -31 -11 -11 -13 , 1 -19 19 0 -15 4 , 24 12 -21 27 -7 24 , 41 -17 17 0 8 25 , 49 31 -21 11 18 -32 , -17 5 -1 -2 -7 -6 , -15 1 -5 2 -5 -12 , -3 21 -12 -27 45 -19 , 39 36 -36 0 7 -29 , 0.0051502276933063336 , 0
0.6502298194837555 , 4 -13 -3 -18 -38 -41 , 34 1 -1 0 19 18 , -31 19 -17 -11 13 -28 , 8 -37 37 0 -26 11 , 22 3 13 18 -38 -25 , -8 -16 5 18 -30 0 , -26 -5 16 -18 -5 -14 , -20 17 -19 11 -11 -6 , 39 36 -36 0 7 -29 , 0.0058332401184968763 , 1
0.6502298194837555 , 20 34 -22 -37 0 -17 , 14 -19 19 0 -8 11 , 8 -34 22 0 -7 -8 , 28 -17 17 0 1 18 , 57 22 -34 37 5 -34 , 3 10 -4 -18 29 -9 , 21 4 -10 18 -5 19 , 8 -22 34 0 -30 27 , 39 36 -36 0 7 -29 , 0.0059747674739047121 , 2
0.6502394044056368 , 38 21 -31 -11 -11 -13 , 1 -19 19 0 -15 4 , 24 12 -21 27 -7 24 , 41 -17 17 0 8 25 , 49 31 -21 11 18 -32 , -17 5 -1 -2 -7 -6 , -15 1 -5 2 -5 -12 , -3 21 -12 -27 45 -19 , 39 36 -36 0 7 -29 , 0.0051502321528353913 , 0
0.6502394044056368 , 4 -13 -3 -18 -38 -41 , 34 1 -1 0 19 18 , -31 19 -17 -11 13 -28 , 8 -37 37 0 -26 11 , 22 3 13 18 -38 -25 , -8 -16 5 18 -30 0 , -26 -5 16 -18 -5 -14 , -20 17 -19 11 -11 -6 , 39 36 -36 0 7 -29 , 0.0058332361811371568 , 1
0.6502394044056368 , 20 34 -22 -37 0 -17 , 14 -19 19 0 -8 11 , 8 -34 22 0 -7 -8 , 28 -17 17 0 1 18 , 57 22 -34 37 5 -34 , 3 10 -4 -18 29 -9 , 21 4 -10 18 -5 19 , 8 -22 34 0 -30 27 , 39 36 -36 0 7 -29 , 0.0059712818651956982 , 2
0.6516120872512468 , 38 21 -31 -11 -11 -13 , 1 -19 19 0 -15 4 , 24 12 -21 27 -7 24 , 41 -17 17 0 8 25 , 49 31 -21 11 18 -32 , -17 5 -1 -2 -7 -6 , -15 1 -5 2 -5 -12 , -3 21 -12 -27 45 -19 , 39 36 -36 0 7 -29 , 0.0052421535593675881 , 0
0.6516120872512468 , 20 34 -22 -37 0 -17 , 14 -19 19 0 -8 11 , 8 -34 22 0 -7 -8 , 28 -17 17 0 1 18 , 57 22 -34 37 5 -34 , 3 10 -4 -18 29 -9 , 21 4 -10 18 -5 19 , 8 -22 34 0 -30 27 , 39 36 -36 0 7 -29 , 0.0055354889908211958 , 1
0.6516120872512468 , 4 -13 -3 -18 -38 -41 , 34 1 -1 0 19 18 , -31 19 -17 -11 13 -28 , 8 -37 37 0 -26 11 , 22 3 13 18 -38 -25 , -8 -16 5 18 -30 0 , -26 -5 16 -18 -5 -14 , -20 17 -19 11 -11 -6 , 39 36 -36 0 7 -29 , 0.0059134396318896503 , 2
0.6516120872512468 , 55 -1 -40 7 -6 -29 , 29 -25 25 0 -5 20 , 21 -15 -7 20 -2 0 , 13 -11 11 0 -2 9 , 48 40 1 -7 11 -5 , -41 27 -11 -16 3 -18 , -25 11 -27 16 -7 -24 , 1 7 15 -20 7 13 , 39 36 -36 0 7 -29 , 0.006192594465774531 , 3
0.6545788760237625 , 20 34 -22 -37 0 -17 , 14 -19 19 0 -8 11 , 8 -34 22 0 -7 -8 , 28 -17 17 0 1 18 , 57 22 -34 37 5 -34 , 3 10 -4 -18 29 -9 , 21 4 -10 18 -5 19 , 8 -22 34 0 -30 27 , 39 36 -36 0 7 -29 , 0.0051225713015233222 , 0
0.6545788760237625 , 55 -1 -40 7 -6 -29 , 29 -25 25 0 -5 20 , 21 -15 -7 20 -2 0 , 13 -11 11 0 -2 9 , 48 40 1 -7 11 -5 , -41 27 -11 -16 3 -18 , -25 11 -27 16 -7 -24 , 1 7 15 -20 7 13 , 39 36 -36 0 7 -29 , 0.0053640623430390626 , 1
0.6545788760237625 , 11 10 -26 -16 -19 -39 , 49 -5 5 0 22 27 , 9 -4 -1 15 -15 13 , -7 -31 31 0 -29 2 , 27 26 -10 16 -13 -29 , 7 -33 24 21 -43 17 , -14 -24 33 -21 -7 -10 , -6 1 4 -15 14 -11 , 39 36 -36 0 7 -29 , 0.005706766093619811 , 2
0.6545788760237625 , 38 21 -31 -11 -11 -13 , 1 -19 19 0 -15 4 , 24 12 -21 27 -7 24 , 41 -17 17 0 8 25 , 49 31 -21 11 18 -32 , -17 5 -1 -2 -7 -6 , -15 1 -5 2 -5 -12 , -3 21 -12 -27 45 -19 , 39 36 -36 0 7 -29 , 0.0059984959989334745 , 3
0.6563229113733093 , 11 10 -26 -16 -19 -39 , 49 -5 5 0 22 27 , 9 -4 -1 15 -15 13 , -7 -31 31 0 -29 2 , 27 26 -10 16 -13 -29 , 7 -33 24 21 -43 17 , -14 -24 33 -21 -7 -10 , -6 1 4 -15 14 -11 , 39 36 -36 0 7 -29 , 0.0052061175228383339 , 0
0.6563229113733093 , 55 -1 -40 7 -6 -29 , 29 -25 25 0 -5 20 , 21 -15 -7 20 -2 0 , 13 -11 11 0 -2 9 , 48 40 1 -7 11 -5 , -41 27 -11 -16 3 -18 , -25 11 -27 16 -7 -24 , 1 7 15 -20 7 13 , 39 36 -36 0 7 -29 , 0.0052203774733191226 , 1
0.6563229113733093 , 20 34 -22 -37 0 -17 , 14 -19 19 0 -8 11 , 8 -34 22 0 -7 -8 , 28 -17 17 0 1 18 , 57 22 -34 37 5 -34 , 3 10 -4 -18 29 -9 , 21 4 -10 18 -5 19 , 8 -22 34 0 -30 27 , 39 36 -36 0 7 -29 , 0.005268924081810249 , 2
0.6563229113733093 , 25 -7 -8 -21 -19 -32 , 14 34 -34 0 35 1 , -8 6 10 -28 22 -9 , 48 -7 7 0 20 27 , 46 8 7 21 -24 -12 , -4 -5 -10 13 -6 -11 , -17 10 5 -13 -1 -1 , 20 -10 -6 28 -19 16 , 19 -27 27 0 -55 -28 , 0.0063447510622135503 , 3
0.6566338557079221 , 11 10 -26 -16 -19 -39 , 49 -5 5 0 22 27 , 9 -4 -1 15 -15 13 , -7 -31 31 0 -29 2 , 27 26 -10 16 -13 -29 , 7 -33 24 21 -43 17 , -14 -24 33 -21 -7 -10 , -6 1 4 -15 14 -11 , 39 36 -36 0 7 -29 , 0.0051428648396360868 , 0
0.6566338557079221 , 55 -1 -40 7 -6 -29 , 29 -25 25 0 -5 20 , 21 -15 -7 20 -2 0 , 13 -11 11 0 -2 9 , 48 40 1 -7 11 -5 , -41 27 -11 -16 3 -18 , -25 11 -27 16 -7 -24 , 1 7 15 -20 7 13 , 39 36 -36 0 7 -29 , 0.0052250056432827149 , 1
0.6566338557079221 , 20 34 -22 -37 0 -17 , 14 -19 19 0 -8 11 , 8 -34 22 0 -7 -8 , 28 -17 17 0 1 18 , 57 22 -34 37 5 -34 , 3 10 -4 -18 29 -9 , 21 4 -10 18 -5 19 , 8 -22 34 0 -30 27 , 39 36 -36 0 7 -29 , 0.005324678387277894 , 2
0.6566338557079221 , 25 -7 -8 -21 -19 -32 , 14 34 -34 0 35 1 , -8 6 10 -28 22 -9 , 48 -7 7 0 20 27 , 46 8 7 21 -24 -12 , -4 -5 -10 13 -6 -11 , -17 10 5 -13 -1 -1 , 20 -10 -6 28 -19 16 , 19 -27 27 0 -55 -28 , 0.0063409402516287922 , 3
0.6585835932565345 , 11 10 -26 -16 -19 -39 , 49 -5 5 0 22 27 , 9 -4 -1 15 -15 13 , -7 -31 31 0 -29 2 , 27 26 -10 16 -13 -29 , 7 -33 24 21 -43 17 , -14 -24 33 -21 -7 -10 , -6 1 4 -15 14 -11 , 39 36 -36 0 7 -29 , 0.0049546267761837529 , 0
0.6585835932565345 , 55 -1 -40 7 -6 -29 , 29 -25 25 0 -5 20 , 21 -15 -7 20 -2 0 , 13 -11 11 0 -2 9 , 48 40 1 -7 11 -5 , -41 27 -11 -16 3 -18 , -25 11 -27 16 -7 -24 , 1 7 15 -20 7 13 , 39 36 -36 0 7 -29 , 0.0054596403184498507 , 1
0.6585835932565345 , 20 34 -22 -37 0 -17 , 14 -19 19 0 -8 11 , 8 -34 22 0 -7 -8 , 28 -17 17 0 1 18 , 57 22 -34 37 5 -34 , 3 10 -4 -18 29 -9 , 21 4 -10 18 -5 19 , 8 -22 34 0 -30 27 , 39 36 -36 0 7 -29 , 0.0058531688940599187 , 2
0.6594019433759104 , 11 10 -26 -16 -19 -39 , 49 -5 5 0 22 27 , 9 -4 -1 15 -15 13 , -7 -31 31 0 -29 2 , 27 26 -10 16 -13 -29 , 7 -33 24 21 -43 17 , -14 -24 33 -21 -7 -10 , -6 1 4 -15 14 -11 , 39 36 -36 0 7 -29 , 0.0049883037114227865 , 0
0.6594019433759104 , 55 -1 -40 7 -6 -29 , 29 -25 25 0 -5 20 , 21 -15 -7 20 -2 0 , 13 -11 11 0 -2 9 , 48 40 1 -7 11 -5 , -41 27 -11 -16 3 -18 , -25 11 -27 16 -7 -24 , 1 7 15 -20 7 13 , 39 36 -36 0 7 -29 , 0.0056561949493438169 , 1
0.6594019433759104 , 34 -5 -38 3 -12 -46 , 30 5 -5 0 20 15 , -2 12 -30 28 -10 -3 , 12 -41 41 0 -27 14 , 31 38 5 -3 -8 -7 , -14 -11 17 -1 -23 3 , -13 -17 11 1 -14 -12 , -30 30 -12 -28 27 -22 , 39 36 -36 0 7 -29 , 0.0061521000679147222 , 2
0.6594019433759104 , 20 34 -22 -37 0 -17 , 14 -19 19 0 -8 11 , 8 -34 22 0 -7 -8 , 28 -17 17 0 1 18 , 57 22 -34 37 5 -34 , 3 10 -4 -18 29 -9 , 21 4 -10 18 -5 19 , 8 -22 34 0 -30 27 , 39 36 -36 0 7 -29 , 0.0061539970596502375 , 3
0.6642421562800555 , 34 -5 -38 3 -12 -46 , 30 5 -5 0 20 15 , -2 12 -30 28 -10 -3 , 12 -41 41 0 -27 14 , 31 38 5 -3 -8 -7 , -14 -11 17 -1 -23 3 , -13 -17 11 1 -14 -12 , -30 30 -12 -28 27 -22 , 39 36 -36 0 7 -29 , 0.0051121963084980095 , 0
0.6642421562800555 , 5 -6 -22 -2 -41 -43 , 7 -39 39 0 -28 11 , 21 5 9 -9 10 23 , 35 3 -3 0 21 18 , 7 22 6 2 -21 -35 , 31 -21 19 10 -13 27 , 21 -19 21 -10 8 8 , 30 -9 -5 9 14 5 , 39 36 -36 0 7 -29 , 0.006197588375770083 , 1
0.6642421562800555 , 11 10 -26 -16 -19 -39 , 49 -5 5 0 22 27 , 9 -4 -1 15 -15 13 , -7 -31 31 0 -29 2 , 27 26 -10 16 -13 -29 , 7 -33 24 21 -43 17 , -14 -24 33 -21 -7 -10 , -6 1 4 -15 14 -11 , 39 36 -36 0 7 -29 , 0.0063685111603627165 , 2
0.6684398709746457 , 5 -6 -22 -2 -41 -43 , 7 -39 39 0 -28 11 , 21 5 9 -9 10 23 , 35 3 -3 0 21 18 , 7 22 6 2 -21 -35 , 31 -21 19 10 -13 27 , 21 -19 21 -10 8 8 , 30 -9 -5 9 14 5 , 39 36 -36 0 7 -29 , 0.0054405641949852876 , 0
0.6684398709746457 , 34 -5 -38 3 -12 -46 , 30 5 -5 0 20 15 , -2 12 -30 28 -10 -3 , 12 -41 41 0 -27 14 , 31 38 5 -3 -8 -7 , -14 -11 17 -1 -23 3 , -13 -17 11 1 -14 -12 , -30 30 -12 -28 27 -22 , 39 36 -36 0 7 -29 , 0.0059114229796862735 , 1
0.6684398709746457 , 33 21 -10 -30 -14 -1 , 13 -11 11 0 -2 9 , -24 25 -11 3 -16 7 , 29 -25 25 0 -5 20 , 63 10 -21 30 9 -35 , 7 -20 2 7 1 -13 , 0 -2 20 -7 -15 21 , -27 11 -25 -3 18 -41 , 39 36 -36 0 7 -29 , 0.0064627530413833593 , 2
0.6738278017589947 , 33 21 -10 -30 -14 -1 , 13 -11 11 0 -2 9 , -24 25 -11 3 -16 7 , 29 -25 25 0 -5 20 , 63 10 -21 30 9 -35 , 7 -20 2 7 1 -13 , 0 -2 20 -7 -15 21 , -27 11 -25 -3 18 -41 , 39 36 -36 0 7 -29 , 0.0052203774733190931 , 0
0.6738278017589947 , 51 -14 -45 23 -20 -39 , 14 -19 19 0 -8 11 , -22 34 -8 -30 27 -8 , 28 -17 17 0 1 18 , 28 45 14 -23 6 -6 , 21 -19 5 3 10 -4 , 18 -5 19 -3 -9 29 , 8 8 -34 30 0 -7 , 39 36 -36 0 7 -29 , 0.0055967848763090163 , 1
0.677016307066535 , 51 -14 -45 23 -20 -39 , 14 -19 19 0 -8 11 , -22 34 -8 -30 27 -8 , 28 -17 17 0 1 18 , 28 45 14 -23 6 -6 , 21 -19 5 3 10 -4 , 18 -5 19 -3 -9 29 , 8 8 -34 30 0 -7 , 39 36 -36 0 7 -29 , 0.005122571301523297 , 0
0.677016307066535 , 33 21 -10 -30 -14 -1 , 13 -11 11 0 -2 9 , -24 25 -11 3 -16 7 , 29 -25 25 0 -5 20 , 63 10 -21 30 9 -35 , 7 -20 2 7 1 -13 , 0 -2 20 -7 -15 21 , -27 11 -25 -3 18 -41 , 39 36 -36 0 7 -29 , 0.0056864403532313782 , 1
0.6782082851934027 , 51 -14 -45 23 -20 -39 , 14 -19 19 0 -8 11 , -22 34 -8 -30 27 -8 , 28 -17 17 0 1 18 , 28 45 14 -23 6 -6 , 21 -19 5 3 10 -4 , 18 -5 19 -3 -9 29 , 8 8 -34 30 0 -7 , 39 36 -36 0 7 -29 , 0.0051914487538404644 , 0
0.6782082851934027 , 33 21 -10 -30 -14 -1 , 13 -11 11 0 -2 9 , -24 25 -11 3 -16 7 , 29 -25 25 0 -5 20 , 63 10 -21 30 9 -35 , 7 -20 2 7 1 -13 , 0 -2 20 -7 -15 21 , -27 11 -25 -3 18 -41 , 39 36 -36 0 7 -29 , 0.0060701415751961028 , 1
0.6782082851934027 , 22 18 -24 -35 8 -37 , 13 5 -5 0 11 6 , -12 28 10 -43 31 4 , 28 -6 6 0 10 16 , 57 24 -18 35 -13 -10 , -20 -4 -18 15 -7 -29 , -35 18 4 -15 -11 -3 , 31 -10 -28 43 -6 3 , 40 1 -1 0 -21 -22 , 0.0064173977479281908 , 2
0.6792896085929115 , 51 -14 -45 23 -20 -39 , 14 -19 19 0 -8 11 , -22 34 -8 -30 27 -8 , 28 -17 17 0 1 18 , 28 45 14 -23 6 -6 , 21 -19 5 3 10 -4 , 18 -5 19 -3 -9 29 , 8 8 -34 30 0 -7 , 39 36 -36 0 7 -29 , 0.0053688618299051107 , 0
0.6792896085929115 , 22 18 -24 -35 8 -37 , 13 5 -5 0 11 6 , -12 28 10 -43 31 4 , 28 -6 6 0 10 16 , 57 24 -18 35 -13 -10 , -20 -4 -18 15 -7 -29 , -35 18 4 -15 -11 -3 , 31 -10 -28 43 -6 3 , 40 1 -1 0 -21 -22 , 0.0063716847609525127 , 1
0.6792896085929115 , 33 21 -10 -30 -14 -1 , 13 -11 11 0 -2 9 , -24 25 -11 3 -16 7 , 29 -25 25 0 -5 20 , 63 10 -21 30 9 -35 , 7 -20 2 7 1 -13 , 0 -2 20 -7 -15 21 , -27 11 -25 -3 18 -41 , 39 36 -36 0 7 -29 , 0.006493684836671885 , 2
0.6857499719186302 , -7 -7 -2 -22 -44 -39 , 1 -19 19 0 -15 4 , -23 17 -5 8 -27 11 , 41 -17 17 0 8 25 , 15 2 7 22 -37 -37 , -2 -7 12 3 -18 11 , -5 -12 7 -3 -1 -11 , -31 5 -17 -8 16 -44 , 39 36 -36 0 7 -29 , 0.0051502276933062981 , 0
0.6857499719186302 , -8 19 -3 -39 -31 -23 , 37 -13 13 0 9 22 , 5 -17 25 -4 -16 14 , 5 -23 23 0 -16 7 , 31 3 -19 39 -20 -50 , 1 -33 24 -6 -5 -13 , 7 -24 33 6 -37 28 , 9 -25 17 4 -11 1 , 39 36 -36 0 7 -29 , 0.0057705408503362088 , 1
0.6862970881884249 , -7 -7 -2 -22 -44 -39 , 1 -19 19 0 -15 4 , -23 17 -5 8 -27 11 , 41 -17 17 0 8 25 , 15 2 7 22 -37 -37 , -2 -7 12 3 -18 11 , -5 -12 7 -3 -1 -11 , -31 5 -17 -8 16 -44 , 39 36 -36 0 7 -29 , 0.005164737443935679 , 0
0.6862970881884249 , -8 19 -3 -39 -31 -23 , 37 -13 13 0 9 22 , 5 -17 25 -4 -16 14 , 5 -23 23 0 -16 7 , 31 3 -19 39 -20 -50 , 1 -33 24 -6 -5 -13 , 7 -24 33 6 -37 28 , 9 -25 17 4 -11 1 , 39 36 -36 0 7 -29 , 0.0057575580224067165 , 1
0.6862970881884249 , 41 13 -28 -17 -2 -21 , 1 -19 19 0 -15 4 , -24 -12 21 -27 7 -24 , 41 -17 17 0 8 25 , 58 28 -13 17 7 -15 , 5 12 -15 6 7 2 , -1 15 -12 -6 17 -5 , 3 -21 12 27 -45 19 , 39 36 -36 0 7 -29 , 0.0062382094861803674 , 2
0.6912751325563982 , 41 13 -28 -17 -2 -21 , 1 -19 19 0 -15 4 , -24 -12 21 -27 7 -24 , 41 -17 17 0 8 25 , 58 28 -13 17 7 -15 , 5 12 -15 6 7 2 , -1 15 -12 -6 17 -5 , 3 -21 12 27 -45 19 , 39 36 -36 0 7 -29 , 0.0051502276933063276 , 0
0.692714601525617 , 41 13 -28 -17 -2 -21 , 1 -19 19 0 -15 4 , -24 -12 21 -27 7 -24 , 41 -17 17 0 8 25 , 58 28 -13 17 7 -15 , 5 12 -15 6 7 2 , -1 15 -12 -6 17 -5 , 3 -21 12 27 -45 19 , 39 36 -36 0 7 -29 , 0.0052498454274164559 , 0
0.6989393616161722 , 40 -15 -29 2 -16 -41 , 34 1 -1 0 19 18 , 11 -11 -6 31 -28 13 , 8 -37 37 0 -26 11 , 38 29 15 -2 -12 -1 , -16 5 26 -30 0 8 , 14 -26 -5 30 -18 -5 , -20 6 11 -31 19 -17 , 39 36 -36 0 7 -29 , 0.0067666633441453537 , 0
0.6989393616161722 , 8 18 -33 -28 1 -50 , 10 -14 14 0 -6 8 , 27 -45 -3 38 -16 -13 , 31 13 -13 0 27 14 , 36 33 -18 28 -17 -17 , 8 -11 25 -18 4 10 , 26 -25 11 18 -15 15 , -11 3 45 -38 -10 29 , 40 1 -1 0 -21 -22 , 0.0070501664454634119 , 1
0.6989393616161722 , 41 13 -28 -17 -2 -21 , 1 -19 19 0 -15 4 , -24 -12 21 -27 7 -24 , 41 -17 17 0 8 25 , 58 28 -13 17 7 -15 , 5 12 -15 6 7 2 , -1 15 -12 -6 17 -5 , 3 -21 12 27 -45 19 , 39 36 -36 0 7 -29 , 0.0074762897347203702 , 2
0.7037893426910203 , 40 -15 -29 2 -16 -41 , 34 1 -1 0 19 18 , 11 -11 -6 31 -28 13 , 8 -37 37 0 -26 11 , 38 29 15 -2 -12 -1 , -16 5 26 -30 0 8 , 14 -26 -5 30 -18 -5 , -20 6 11 -31 19 -17 , 39 36 -36 0 7 -29 , 0.0058332361811371455 , 0
0.7081748698437254 , 42 8 -43 14 -27 -18 , 13 5 -5 0 11 6 , 11 9 -18 -12 44 -22 , 28 -6 6 0 10 16 , 28 43 -8 -14 25 -35 , -8 -25 33 -9 -22 4 , 1 -33 25 9 -29 3 , 23 18 -9 12 -4 35 , 40 1 -1 0 -21 -22 , 0.006514637100588464 , 0
0.7081748698437254 , 40 -15 -29 2 -16 -41 , 34 1 -1 0 19 18 , 11 -11 -6 31 -28 13 , 8 -37 37 0 -26 11 , 38 29 15 -2 -12 -1 , -16 5 26 -30 0 8 , 14 -26 -5 30 -18 -5 , -20 6 11 -31 19 -17 , 39 36 -36 0 7 -29 , 0.0066062858234603554 , 1
0.7081748698437254 , 0 -21 5 -17 -51 -37 , 23 -5 5 0 8 13 , -33 22 -17 -1 -5 -15 , 19 -31 31 0 -15 16 , 17 -5 21 17 -42 -30 , -4 -18 23 1 -25 10 , -5 -23 18 -1 -13 -7 , -32 17 -22 1 2 -27 , 39 36 -36 0 7 -29 , 0.0072626390762583421 , 2
0.7081748698437254 , 1 -18 3 -9 -62 -27 , 32 -21 21 0 0 21 , -14 8 3 0 -16 8 , 10 -15 15 0 -7 8 , 10 -3 18 9 -30 -44 , -37 14 9 -34 13 -21 , -3 -9 -14 34 -30 -1 , -14 -3 -8 0 5 -24 , 39 36 -36 0 7 -29 , 0.008002517602921675 , 3
0.7100943173483578 , 42 8 -43 14 -27 -18 , 13 5 -5 0 11 6 , 11 9 -18 -12 44 -22 , 28 -6 6 0 10 16 , 28 43 -8 -14 25 -35 , -8 -25 33 -9 -22 4 , 1 -33 25 9 -29 3 , 23 18 -9 12 -4 35 , 40 1 -1 0 -21 -22 , 0.0063716847609526202 , 0
0.7100943173483578 , 1 -18 3 -9 -62 -27 , 32 -21 21 0 0 21 , -14 8 3 0 -16 8 , 10 -15 15 0 -7 8 , 10 -3 18 9 -30 -44 , -37 14 9 -34 13 -21 , -3 -9 -14 34 -30 -1 , -14 -3 -8 0 5 -24 , 39 36 -36 0 7 -29 , 0.0071378325985836282 , 1
0.7100943173483578 , 40 -15 -29 2 -16 -41 , 34 1 -1 0 19 18 , 11 -11 -6 31 -28 13 , 8 -37 37 0 -26 11 , 38 29 15 -2 -12 -1 , -16 5 26 -30 0 8 , 14 -26 -5 30 -18 -5 , -20 6 11 -31 19 -17 , 39 36 -36 0 7 -29 , 0.0073418575626142523 , 2
0.7100943173483578 , 0 -21 5 -17 -51 -37 , 23 -5 5 0 8 13 , -33 22 -17 -1 -5 -15 , 19 -31 31 0 -15 16 , 17 -5 21 17 -42 -30 , -4 -18 23 1 -25 10 , -5 -23 18 -1 -13 -7 , -32 17 -22 1 2 -27 , 39 36 -36 0 7 -29 , 0.0073883724141285178 , 3
0.7100943173483578 , 41 13 -33 -18 5 -28 , 16 -30 30 0 -16 14 , 1 -22 4 2 4 -21 , 26 -6 6 0 9 15 , 59 33 -13 18 5 -8 , -25 36 -19 -15 16 -9 , -10 19 -36 15 10 -20 , -1 -4 22 -2 -25 26 , 39 36 -36 0 7 -29 , 0.0075116088947749004 , 4
0.715955165671965 , 41 13 -33 -18 5 -28 , 16 -30 30 0 -16 14 , 1 -22 4 2 4 -21 , 26 -6 6 0 9 15 , 59 33 -13 18 5 -8 , -25 36 -19 -15 16 -9 , -10 19 -36 15 10 -20 , -1 -4 22 -2 -25 26 , 39 36 -36 0 7 -29 , 0.0054258405486414044 , 0
0.715955165671965 , 49 -4 -47 16 -15 -34 , 26 -6 6 0 9 15 , -36 19 -10 -16 9 -25 , 16 -30 30 0 -16 14 , 33 47 4 -16 13 -11 , 9 10 7 -21 22 8 , 30 -7 -10 21 1 12 , -20 10 -19 16 -15 -10 , 39 36 -36 0 7 -29 , 0.0057602136856393787 , 1
0.715955165671965 , 1 -18 3 -9 -62 -27 , 32 -21 21 0 0 21 , -14 8 3 0 -16 8 , 10 -15 15 0 -7 8 , 10 -3 18 9 -30 -44 , -37 14 9 -34 13 -21 , -3 -9 -14 34 -30 -1 , -14 -3 -8 0 5 -24 , 39 36 -36 0 7 -29 , 0.0058115391512888349 , 2
0.715955165671965 , -5 -3 -5 -27 -35 -40 , 41 -7 7 0 16 23 , -11 13 2 -24 21 -9 , 1 -29 29 0 -23 6 , 22 5 3 27 -35 -32 , -25 40 -12 -19 11 3 , -6 12 -40 19 15 -29 , 13 -2 -13 24 -11 8 , 39 36 -36 0 7 -29 , 0.0066769977250548326 , 3
0.7176289661776268 , 41 13 -33 -18 5 -28 , 16 -30 30 0 -16 14 , 1 -22 4 2 4 -21 , 26 -6 6 0 9 15 , 59 33 -13 18 5 -8 , -25 36 -19 -15 16 -9 , -10 19 -36 15 10 -20 , -1 -4 22 -2 -25 26 , 39 36 -36 0 7 -29 , 0.0052951815075831079 , 0
0.7176289661776268 , 49 -4 -47 16 -15 -34 , 26 -6 6 0 9 15 , -36 19 -10 -16 9 -25 , 16 -30 30 0 -16 14 , 33 47 4 -16 13 -11 , 9 10 7 -21 22 8 , 30 -7 -10 21 1 12 , -20 10 -19 16 -15 -10 , 39 36 -36 0 7 -29 , 0.0054049677920433156 , 1
0.7176289661776268 , 1 -18 3 -9 -62 -27 , 32 -21 21 0 0 21 , -14 8 3 0 -16 8 , 10 -15 15 0 -7 8 , 10 -3 18 9 -30 -44 , -37 14 9 -34 13 -21 , -3 -9 -14 34 -30 -1 , -14 -3 -8 0 5 -24 , 39 36 -36 0 7 -29 , 0.0059308333107224737 , 2
0.7176289661776268 , -5 -3 -5 -27 -35 -40 , 41 -7 7 0 16 23 , -11 13 2 -24 21 -9 , 1 -29 29 0 -23 6 , 22 5 3 27 -35 -32 , -25 40 -12 -19 11 3 , -6 12 -40 19 15 -29 , 13 -2 -13 24 -11 8 , 39 36 -36 0 7 -29 , 0.0062938384824927163 , 3
0.7191617638318728 , 49 -4 -47 16 -15 -34 , 26 -6 6 0 9 15 , -36 19 -10 -16 9 -25 , 16 -30 30 0 -16 14 , 33 47 4 -16 13 -11 , 9 10 7 -21 22 8 , 30 -7 -10 21 1 12 , -20 10 -19 16 -15 -10 , 39 36 -36 0 7 -29 , 0.0052951815075832501 , 0
0.7191617638318728 , 41 13 -33 -18 5 -28 , 16 -30 30 0 -16 14 , 1 -22 4 2 4 -21 , 26 -6 6 0 9 15 , 59 33 -13 18 5 -8 , -25 36 -19 -15 16 -9 , -10 19 -36 15 10 -20 , -1 -4 22 -2 -25 26 , 39 36 -36 0 7 -29 , 0.0054049677920430519 , 1
0.7191617638318728 , -5 -3 -5 -27 -35 -40 , 41 -7 7 0 16 23 , -11 13 2 -24 21 -9 , 1 -29 29 0 -23 6 , 22 5 3 27 -35 -32 , -25 40 -12 -19 11 3 , -6 12 -40 19 15 -29 , 13 -2 -13 24 -11 8 , 39 36 -36 0 7 -29 , 0.0061252504269812564 , 2
0.7191617638318728 , 1 -18 3 -9 -62 -27 , 32 -21 21 0 0 21 , -14 8 3 0 -16 8 , 10 -15 15 0 -7 8 , 10 -3 18 9 -30 -44 , -37 14 9 -34 13 -21 , -3 -9 -14 34 -30 -1 , -14 -3 -8 0 5 -24 , 39 36 -36 0 7 -29 , 0.0062381964093622122 , 3
0.7197613139820797 , 49 -4 -47 16 -15 -34 , 26 -6 6 0 9 15 , -36 19 -10 -16 9 -25 , 16 -30 30 0 -16 14 , 33 47 4 -16 13 -11 , 9 10 7 -21 22 8 , 30 -7 -10 21 1 12 , -20 10 -19 16 -15 -10 , 39 36 -36 0 7 -29 , 0.0053121254389846603 , 0
0.7197613139820797 , 41 13 -33 -18 5 -28 , 16 -30 30 0 -16 14 , 1 -22 4 2 4 -21 , 26 -6 6 0 9 15 , 59 33 -13 18 5 -8 , -25 36 -19 -15 16 -9 , -10 19 -36 15 10 -20 , -1 -4 22 -2 -25 26 , 39 36 -36 0 7 -29 , 0.0055056690418052306 , 1
0.7197613139820797 , -5 -3 -5 -27 -35 -40 , 41 -7 7 0 16 23 , -11 13 2 -24 21 -9 , 1 -29 29 0 -23 6 , 22 5 3 27 -35 -32 , -25 40 -12 -19 11 3 , -6 12 -40 19 15 -29 , 13 -2 -13 24 -11 8 , 39 36 -36 0 7 -29 , 0.0061105616542058002 , 2
0.7197613139820797 , 1 -18 3 -9 -62 -27 , 32 -21 21 0 0 21 , -14 8 3 0 -16 8 , 10 -15 15 0 -7 8 , 10 -3 18 9 -30 -44 , -37 14 9 -34 13 -21 , -3 -9 -14 34 -30 -1 , -14 -3 -8 0 5 -24 , 39 36 -36 0 7 -29 , 0.0064044772349594221 , 3
0.7274697577004328 , 9 3 10 -37 -36 -11 , 7 -29 29 0 -20 9 , -1 -9 37 -24 -9 20 , 35 -7 7 0 13 20 , 46 -10 -3 37 -21 -39 , -27 15 -15 -2 1 -19 , -25 15 -15 2 -4 -14 , 23 -37 9 24 -17 0 , 39 36 -36 0 7 -29 , 0.0056599368158753447 , 0
0.7311534815647356 , 9 3 10 -37 -36 -11 , 7 -29 29 0 -20 9 , -1 -9 37 -24 -9 20 , 35 -7 7 0 13 20 , 46 -10 -3 37 -21 -39 , -27 15 -15 -2 1 -19 , -25 15 -15 2 -4 -14 , 23 -37 9 24 -17 0 , 39 36 -36 0 7 -29 , 0.0062305505425951429 , 0
0.7311534815647356 , 15 -16 -41 13 -31 -61 , 26 -6 6 0 9 15 , 14 -13 32 -18 -1 21 , 16 -30 30 0 -16 14 , 2 41 16 -13 -20 -15 , 24 -1 7 -6 13 16 , 30 -7 1 6 9 14 , 32 -32 13 18 -11 12 , 39 36 -36 0 7 -29 , 0.0063395706506454525 , 1
0.7311534815647356 , 27 19 -44 -10 -4 -35 , 1 -29 29 0 -23 6 , 16 -40 18 11 -11 -7 , 41 -7 7 0 16 23 , 37 44 -19 10 9 -23 , 11 -9 21 -13 2 13 , 24 -21 9 13 -8 11 , 5 -18 40 -11 -25 29 , 39 36 -36 0 7 -29 , 0.0073656090230579674 , 2
0.7311534815647356 , 41 19 -31 -19 0 -17 , 10 -10 10 0 -3 7 , 40 -23 16 5 4 20 , 32 -26 26 0 -4 22 , 60 31 -19 19 14 -19 , -18 1 10 -10 -8 -3 , -8 -10 -1 10 -13 -9 , 35 -16 23 -5 4 27 , 39 36 -36 0 7 -29 , 0.007427561173938055 , 3
0.7360832407683395 , 15 -16 -41 13 -31 -61 , 26 -6 6 0 9 15 , 14 -13 32 -18 -1 21 , 16 -30 30 0 -16 14 , 2 41 16 -13 -20 -15 , 24 -1 7 -6 13 16 , 30 -7 1 6 9 14 , 32 -32 13 18 -11 12 , 39 36 -36 0 7 -29 , 0.0052951815075832033 , 0
0.7360832407683395 , 10 -23 -30 15 -48 -54 , 18 -13 13 0 -1 12 , -27 11 -23 9 -3 -26 , 24 -23 23 0 -6 17 , -5 30 23 -15 -24 -25 , -29 6 2 -14 0 -18 , -15 -2 -6 14 -20 -6 , -36 23 -11 -9 -3 -14 , 39 36 -36 0 7 -29 , 0.005669459599094386 , 1
0.7360832407683395 , 27 19 -44 -10 -4 -35 , 1 -29 29 0 -23 6 , 16 -40 18 11 -11 -7 , 41 -7 7 0 16 23 , 37 44 -19 10 9 -23 , 11 -9 21 -13 2 13 , 24 -21 9 13 -8 11 , 5 -18 40 -11 -25 29 , 39 36 -36 0 7 -29 , 0.006142616463406139 , 2
0.7369695542062009 , 15 -16 -41 13 -31 -61 , 26 -6 6 0 9 15 , 14 -13 32 -18 -1 21 , 16 -30 30 0 -16 14 , 2 41 16 -13 -20 -15 , 24 -1 7 -6 13 16 , 30 -7 1 6 9 14 , 32 -32 13 18 -11 12 , 39 36 -36 0 7 -29 , 0.0053321404143283563 , 0
0.7369695542062009 , 10 -23 -30 15 -48 -54 , 18 -13 13 0 -1 12 , -27 11 -23 9 -3 -26 , 24 -23 23 0 -6 17 , -5 30 23 -15 -24 -25 , -29 6 2 -14 0 -18 , -15 -2 -6 14 -20 -6 , -36 23 -11 -9 -3 -14 , 39 36 -36 0 7 -29 , 0.0054017924486969311 , 1
0.7369695542062009 , 27 19 -44 -10 -4 -35 , 1 -29 29 0 -23 6 , 16 -40 18 11 -11 -7 , 41 -7 7 0 16 23 , 37 44 -19 10 9 -23 , 11 -9 21 -13 2 13 , 24 -21 9 13 -8 11 , 5 -18 40 -11 -25 29 , 39 36 -36 0 7 -29 , 0.0061105616542056979 , 2
0.7393786115487724 , 10 -23 -30 15 -48 -54 , 18 -13 13 0 -1 12 , -27 11 -23 9 -3 -26 , 24 -23 23 0 -6 17 , -5 30 23 -15 -24 -25 , -29 6 2 -14 0 -18 , -15 -2 -6 14 -20 -6 , -36 23 -11 -9 -3 -14 , 39 36 -36 0 7 -29 , 0.0050093884728399218 , 0
0.7393786115487724 , 15 -16 -41 13 -31 -61 , 26 -6 6 0 9 15 , 14 -13 32 -18 -1 21 , 16 -30 30 0 -16 14 , 2 41 16 -13 -20 -15 , 24 -1 7 -6 13 16 , 30 -7 1 6 9 14 , 32 -32 13 18 -11 12 , 39 36 -36 0 7 -29 , 0.0057852103548464619 , 1
0.7398699339597968 , 10 -23 -30 15 -48 -54 , 18 -13 13 0 -1 12 , -27 11 -23 9 -3 -26 , 24 -23 23 0 -6 17 , -5 30 23 -15 -24 -25 , -29 6 2 -14 0 -18 , -15 -2 -6 14 -20 -6 , -36 23 -11 -9 -3 -14 , 39 36 -36 0 7 -29 , 0.0049973267253671707 , 0
0.7398699339597968 , 15 -16 -41 13 -31 -61 , 26 -6 6 0 9 15 , 14 -13 32 -18 -1 21 , 16 -30 30 0 -16 14 , 2 41 16 -13 -20 -15 , 24 -1 7 -6 13 16 , 30 -7 1 6 9 14 , 32 -32 13 18 -11 12 , 39 36 -36 0 7 -29 , 0.005933669981477473 , 1
0.7398699339597968 , 52 6 -33 -6 -5 -18 , 10 -15 15 0 -7 8 , 34 -13 21 -3 1 30 , 32 -21 21 0 0 21 , 58 33 -6 6 15 -11 , -16 0 -10 8 -7 -16 , -24 10 0 -8 -6 -7 , 37 -21 13 3 9 14 , 39 36 -36 0 7 -29 , 0.0061415996956159435 , 2
0.7416523219395625 , 10 -23 -30 15 -48 -54 , 18 -13 13 0 -1 12 , -27 11 -23 9 -3 -26 , 24 -23 23 0 -6 17 , -5 30 23 -15 -24 -25 , -29 6 2 -14 0 -18 , -15 -2 -6 14 -20 -6 , -36 23 -11 -9 -3 -14 , 39 36 -36 0 7 -29 , 0.005153806622686277 , 0
0.7416523219395625 , 52 6 -33 -6 -5 -18 , 10 -15 15 0 -7 8 , 34 -13 21 -3 1 30 , 32 -21 21 0 0 21 , 58 33 -6 6 15 -11 , -16 0 -10 8 -7 -16 , -24 10 0 -8 -6 -7 , 37 -21 13 3 9 14 , 39 36 -36 0 7 -29 , 0.0058567026150471869 , 1
0.7416523219395625 , 45 -5 -36 -4 -2 -39 , 5 -23 23 0 -16 7 , 24 -33 1 37 -28 7 , 37 -13 13 0 9 22 , 49 36 5 4 -3 3 , -11 4 16 -25 9 -1 , 14 -16 -4 25 -17 5 , -13 -1 33 -37 6 5 , 39 36 -36 0 7 -29 , 0.0062038290148345044 , 2
0.7426789485116323 , 10 -23 -30 15 -48 -54 , 18 -13 13 0 -1 12 , -27 11 -23 9 -3 -26 , 24 -23 23 0 -6 17 , -5 30 23 -15 -24 -25 , -29 6 2 -14 0 -18 , -15 -2 -6 14 -20 -6 , -36 23 -11 -9 -3 -14 , 39 36 -36 0 7 -29 , 0.0053775963584683879 , 0
0.7426789485116323 , 52 6 -33 -6 -5 -18 , 10 -15 15 0 -7 8 , 34 -13 21 -3 1 30 , 32 -21 21 0 0 21 , 58 33 -6 6 15 -11 , -16 0 -10 8 -7 -16 , -24 10 0 -8 -6 -7 , 37 -21 13 3 9 14 , 39 36 -36 0 7 -29 , 0.0058115391512888401 , 1
0.7426789485116323 , 45 -5 -36 -4 -2 -39 , 5 -23 23 0 -16 7 , 24 -33 1 37 -28 7 , 37 -13 13 0 9 22 , 49 36 5 4 -3 3 , -11 4 16 -25 9 -1 , 14 -16 -4 25 -17 5 , -13 -1 33 -37 6 5 , 39 36 -36 0 7 -29 , 0.0059716045430907088 , 2
0.7449197518531204 , 45 -5 -36 -4 -2 -39 , 5 -23 23 0 -16 7 , 24 -33 1 37 -28 7 , 37 -13 13 0 9 22 , 49 36 5 4 -3 3 , -11 4 16 -25 9 -1 , 14 -16 -4 25 -17 5 , -13 -1 33 -37 6 5 , 39 36 -36 0 7 -29 , 0.0057575580224066862 , 0
0.7449197518531204 , 52 6 -33 -6 -5 -18 , 10 -15 15 0 -7 8 , 34 -13 21 -3 1 30 , 32 -21 21 0 0 21 , 58 33 -6 6 15 -11 , -16 0 -10 8 -7 -16 , -24 10 0 -8 -6 -7 , 37 -21 13 3 9 14 , 39 36 -36 0 7 -29 , 0.0060236677657940912 , 1
0.7449197518531204 , -4 -16 -14 -4 -52 -46 , 21 -4 4 0 8 12 , -12 18 4 -36 34 -12 , 21 -32 32 0 -15 17 , 0 14 16 4 -32 -36 , 6 14 2 -17 19 8 , 23 -2 -14 17 6 5 , 24 -4 -18 36 -16 16 , 39 36 -36 0 7 -29 , 0.0060902329299857959 , 2
0.7449197518531204 , 10 -23 -30 15 -48 -54 , 18 -13 13 0 -1 12 , -27 11 -23 9 -3 -26 , 24 -23 23 0 -6 17 , -5 30 23 -15 -24 -25 , -29 6 2 -14 0 -18 , -15 -2 -6 14 -20 -6 , -36 23 -11 -9 -3 -14 , 39 36 -36 0 7 -29 , 0.0061419506266116716 , 3
0.7449197518531204 , 20 33 -29 -27 -10 -13 , 16 -30 30 0 -16 14 , 5 8 12 -2 -15 30 , 26 -6 6 0 9 15 , 47 29 -33 27 16 -43 , 11 -18 -1 32 -32 12 , -21 1 18 -32 13 -14 , 7 -12 -8 2 18 -23 , 39 36 -36 0 7 -29 , 0.0068021627906520981 , 4
0.7449197518531204 , -4 14 -39 -10 -25 -50 , 10 -14 14 0 -6 8 , 27 13 16 -11 3 45 , 31 13 -13 0 27 14 , 6 39 -14 10 -11 -39 , 26 -15 15 8 -11 25 , 18 -15 15 -8 10 4 , 38 -16 -13 11 29 -10 , 40 1 -1 0 -21 -22 , 0.0070938216830148124 , 5
0.7460310247456993 , 45 -5 -36 -4 -2 -39 , 5 -23 23 0 -16 7 , 24 -33 1 37 -28 7 , 37 -13 13 0 9 22 , 49 36 5 4 -3 3 , -11 4 16 -25 9 -1 , 14 -16 -4 25 -17 5 , -13 -1 33 -37 6 5 , 39 36 -36 0 7 -29 , 0.0058109323574395168 , 0
0.7460310247456993 , -4 -16 -14 -4 -52 -46 , 21 -4 4 0 8 12 , -12 18 4 -36 34 -12 , 21 -32 32 0 -15 17 , 0 14 16 4 -32 -36 , 6 14 2 -17 19 8 , 23 -2 -14 17 6 5 , 24 -4 -18 36 -16 16 , 39 36 -36 0 7 -29 , 0.0058664521678645203 , 1
0.7460310247456993 , 52 6 -33 -6 -5 -18 , 10 -15 15 0 -7 8 , 34 -13 21 -3 1 30 , 32 -21 21 0 0 21 , 58 33 -6 6 15 -11 , -16 0 -10 8 -7 -16 , -24 10 0 -8 -6 -7 , 37 -21 13 3 9 14 , 39 36 -36 0 7 -29 , 0.0062763176562910866 , 2
0.7460310247456993 , 20 33 -29 -27 -10 -13 , 16 -30 30 0 -16 14 , 5 8 12 -2 -15 30 , 26 -6 6 0 9 15 , 47 29 -33 27 16 -43 , 11 -18 -1 32 -32 12 , -21 1 18 -32 13 -14 , 7 -12 -8 2 18 -23 , 39 36 -36 0 7 -29 , 0.0063385101256211935 , 3
0.7460310247456993 , 10 -23 -30 15 -48 -54 , 18 -13 13 0 -1 12 , -27 11 -23 9 -3 -26 , 24 -23 23 0 -6 17 , -5 30 23 -15 -24 -25 , -29 6 2 -14 0 -18 , -15 -2 -6 14 -20 -6 , -36 23 -11 -9 -3 -14 , 39 36 -36 0 7 -29 , 0.0066296846783242651 , 4
0.7460310247456993 , -4 14 -39 -10 -25 -50 , 10 -14 14 0 -6 8 , 27 13 16 -11 3 45 , 31 13 -13 0 27 14 , 6 39 -14 10 -11 -39 , 26 -15 15 8 -11 25 , 18 -15 15 -8 10 4 , 38 -16 -13 11 29 -10 , 40 1 -1 0 -21 -22 , 0.0070501664454635593 , 5
0.7478831591276596 , -4 -16 -14 -4 -52 -46 , 21 -4 4 0 8 12 , -12 18 4 -36 34 -12 , 21 -32 32 0 -15 17 , 0 14 16 4 -32 -36 , 6 14 2 -17 19 8 , 23 -2 -14 17 6 5 , 24 -4 -18 36 -16 16 , 39 36 -36 0 7 -29 , 0.0057183974186821992 , 0
0.7478831591276596 , 20 33 -29 -27 -10 -13 , 16 -30 30 0 -16 14 , 5 8 12 -2 -15 30 , 26 -6 6 0 9 15 , 47 29 -33 27 16 -43 , 11 -18 -1 32 -32 12 , -21 1 18 -32 13 -14 , 7 -12 -8 2 18 -23 , 39 36 -36 0 7 -29 , 0.0057241962179779534 , 1
0.7478831591276596 , 45 -5 -36 -4 -2 -39 , 5 -23 23 0 -16 7 , 24 -33 1 37 -28 7 , 37 -13 13 0 9 22 , 49 36 5 4 -3 3 , -11 4 16 -25 9 -1 , 14 -16 -4 25 -17 5 , -13 -1 33 -37 6 5 , 39 36 -36 0 7 -29 , 0.0061270173813646675 , 2
0.7478831591276596 , 52 6 -33 -6 -5 -18 , 10 -15 15 0 -7 8 , 34 -13 21 -3 1 30 , 32 -21 21 0 0 21 , 58 33 -6 6 15 -11 , -16 0 -10 8 -7 -16 , -24 10 0 -8 -6 -7 , 37 -21 13 3 9 14 , 39 36 -36 0 7 -29 , 0.0068786489167838106 , 3
0.7509580557815696 , 20 33 -29 -27 -10 -13 , 16 -30 30 0 -16 14 , 5 8 12 -2 -15 30 , 26 -6 6 0 9 15 , 47 29 -33 27 16 -43 , 11 -18 -1 32 -32 12 , -21 1 18 -32 13 -14 , 7 -12 -8 2 18 -23 , 39 36 -36 0 7 -29 , 0.0052951815075831131 , 0
0.7509580557815696 , -4 -16 -14 -4 -52 -46 , 21 -4 4 0 8 12 , -12 18 4 -36 34 -12 , 21 -32 32 0 -15 17 , 0 14 16 4 -32 -36 , 6 14 2 -17 19 8 , 23 -2 -14 17 6 5 , 24 -4 -18 36 -16 16 , 39 36 -36 0 7 -29 , 0.0061178050535133808 , 1
0.757019180032586 , 11 -32 -14 -2 -39 -57 , 27 -19 19 0 -1 18 , 10 14 -8 9 -5 21 , 15 -17 17 0 -6 11 , 13 14 32 2 -43 -7 , 29 -12 13 -7 15 12 , 36 -13 12 7 -1 27 , 1 8 -14 -9 29 -19 , 39 36 -36 0 7 -29 , 0.0063824627671920549 , 0
0.757019180032586 , 20 33 -29 -27 -10 -13 , 16 -30 30 0 -16 14 , 5 8 12 -2 -15 30 , 26 -6 6 0 9 15 , 47 29 -33 27 16 -43 , 11 -18 -1 32 -32 12 , -21 1 18 -32 13 -14 , 7 -12 -8 2 18 -23 , 39 36 -36 0 7 -29 , 0.0068123031569788921 , 1
0.7639974613600717 , 24 -13 -37 6 -24 -51 , 12 -41 41 0 -27 14 , -12 -14 1 11 -17 -13 , 30 5 -5 0 20 15 , 18 37 13 -6 -14 -11 , -8 14 -13 18 -22 13 , -26 13 -14 -18 26 -36 , -23 -1 14 -11 -14 -3 , 39 36 -36 0 7 -29 , 0.006018122186664269 , 0
0.7639974613600717 , 38 -22 -9 -4 -34 -23 , 46 -3 3 0 22 25 , -17 8 -5 -8 6 -14 , -5 2 -2 0 -1 -3 , 42 9 22 4 -14 -12 , 13 1 41 -17 -23 54 , 30 -41 -1 17 13 -24 , -9 5 -8 8 -9 -2 , 40 1 -1 0 -21 -22 , 0.0064803741582148029 , 1
0.7639974613600717 , -1 -4 -3 -24 -42 -30 , 30 5 -5 0 20 15 , -13 26 -36 13 8 -14 , 12 -41 41 0 -27 14 , 23 3 4 24 -27 -38 , 21 7 -14 8 14 7 , 13 14 -7 -8 21 7 , -26 36 -26 -13 22 -18 , 39 36 -36 0 7 -29 , 0.0065757475512804829 , 2
0.7639974613600717 , 22 16 -44 -5 -14 -35 , 16 24 -24 0 28 4 , 34 -15 19 7 -10 34 , 25 -25 25 0 -7 18 , 27 44 -16 5 9 -30 , 0 -36 5 25 -26 -16 , -25 -5 36 -25 -21 10 , 27 -19 15 -7 15 5 , 40 1 -1 0 -21 -22 , 0.0068648839051580028 , 3
0.7649617419883665 , 24 -13 -37 6 -24 -51 , 12 -41 41 0 -27 14 , -12 -14 1 11 -17 -13 , 30 5 -5 0 20 15 , 18 37 13 -6 -14 -11 , -8 14 -13 18 -22 13 , -26 13 -14 -18 26 -36 , -23 -1 14 -11 -14 -3 , 39 36 -36 0 7 -29 , 0.0056879183369990321 , 0
0.7649617419883665 , -1 -4 -3 -24 -42 -30 , 30 5 -5 0 20 15 , -13 26 -36 13 8 -14 , 12 -41 41 0 -27 14 , 23 3 4 24 -27 -38 , 21 7 -14 8 14 7 , 13 14 -7 -8 21 7 , -26 36 -26 -13 22 -18 , 39 36 -36 0 7 -29 , 0.006169702287139138 , 1
0.7649617419883665 , 38 -22 -9 -4 -34 -23 , 46 -3 3 0 22 25 , -17 8 -5 -8 6 -14 , -5 2 -2 0 -1 -3 , 42 9 22 4 -14 -12 , 13 1 41 -17 -23 54 , 30 -41 -1 17 13 -24 , -9 5 -8 8 -9 -2 , 40 1 -1 0 -21 -22 , 0.0064444032419758756 , 2
0.7649617419883665 , 22 16 -44 -5 -14 -35 , 16 24 -24 0 28 4 , 34 -15 19 7 -10 34 , 25 -25 25 0 -7 18 , 27 44 -16 5 9 -30 , 0 -36 5 25 -26 -16 , -25 -5 36 -25 -21 10 , 27 -19 15 -7 15 5 , 40 1 -1 0 -21 -22 , 0.0068986626577989723 , 3
0.7684881812918053 , 24 -13 -37 6 -24 -51 , 12 -41 41 0 -27 14 , -12 -14 1 11 -17 -13 , 30 5 -5 0 20 15 , 18 37 13 -6 -14 -11 , -8 14 -13 18 -22 13 , -26 13 -14 -18 26 -36 , -23 -1 14 -11 -14 -3 , 39 36 -36 0 7 -29 , 0.0051121963084978933 , 0
0.7684881812918053 , -1 -4 -3 -24 -42 -30 , 30 5 -5 0 20 15 , -13 26 -36 13 8 -14 , 12 -41 41 0 -27 14 , 23 3 4 24 -27 -38 , 21 7 -14 8 14 7 , 13 14 -7 -8 21 7 , -26 36 -26 -13 22 -18 , 39 36 -36 0 7 -29 , 0.0052016481949328022 , 1
0.7698465597967751 , -1 -4 -3 -24 -42 -30 , 30 5 -5 0 20 15 , -13 26 -36 13 8 -14 , 12 -41 41 0 -27 14 , 23 3 4 24 -27 -38 , 21 7 -14 8 14 7 , 13 14 -7 -8 21 7 , -26 36 -26 -13 22 -18 , 39 36 -36 0 7 -29 , 0.0051121963084980512 , 0
0.7698465597967751 , 24 -13 -37 6 -24 -51 , 12 -41 41 0 -27 14 , -12 -14 1 11 -17 -13 , 30 5 -5 0 20 15 , 18 37 13 -6 -14 -11 , -8 14 -13 18 -22 13 , -26 13 -14 -18 26 -36 , -23 -1 14 -11 -14 -3 , 39 36 -36 0 7 -29 , 0.0052016481949323868 , 1
0.7744290457561323 , 20 11 5 -35 -33 3 , 27 -9 9 0 7 16 , -18 8 -13 15 -19 -4 , 15 -27 27 0 -14 13 , 55 -5 -11 35 -2 -44 , 13 -19 -1 2 15 -18 , 11 1 19 -2 -17 34 , -33 13 -8 -15 9 -27 , 39 36 -36 0 7 -29 , 0.0051095236940549033 , 0
0.7744290457561323 , -10 12 4 -43 -36 -21 , 20 -29 29 0 -13 16 , 7 -12 -16 28 -11 -9 , 22 -7 7 0 6 13 , 33 -4 -12 43 -25 -48 , 38 -24 6 24 -12 21 , 14 -6 24 -24 15 12 , -21 16 12 -28 7 1 , 39 36 -36 0 7 -29 , 0.0055297116168675194 , 1
0.7744290457561323 , -1 -4 -3 -24 -42 -30 , 30 5 -5 0 20 15 , -13 26 -36 13 8 -14 , 12 -41 41 0 -27 14 , 23 3 4 24 -27 -38 , 21 7 -14 8 14 7 , 13 14 -7 -8 21 7 , -26 36 -26 -13 22 -18 , 39 36 -36 0 7 -29 , 0.0060526109146751732 , 2
0.7755638445869716 , 20 11 5 -35 -33 3 , 27 -9 9 0 7 16 , -18 8 -13 15 -19 -4 , 15 -27 27 0 -14 13 , 55 -5 -11 35 -2 -44 , 13 -19 -1 2 15 -18 , 11 1 19 -2 -17 34 , -33 13 -8 -15 9 -27 , 39 36 -36 0 7 -29 , 0.0050461223061359743 , 0
0.7755638445869716 , -10 12 4 -43 -36 -21 , 20 -29 29 0 -13 16 , 7 -12 -16 28 -11 -9 , 22 -7 7 0 6 13 , 33 -4 -12 43 -25 -48 , 38 -24 6 24 -12 21 , 14 -6 24 -24 15 12 , -21 16 12 -28 7 1 , 39 36 -36 0 7 -29 , 0.0052226382994059496 , 1
0.7779060102891764 , -10 12 4 -43 -36 -21 , 20 -29 29 0 -13 16 , 7 -12 -16 28 -11 -9 , 22 -7 7 0 6 13 , 33 -4 -12 43 -25 -48 , 38 -24 6 24 -12 21 , 14 -6 24 -24 15 12 , -21 16 12 -28 7 1 , 39 36 -36 0 7 -29 , 0.0049530888789855619 , 0
0.7779060102891764 , 20 11 5 -35 -33 3 , 27 -9 9 0 7 16 , -18 8 -13 15 -19 -4 , 15 -27 27 0 -14 13 , 55 -5 -11 35 -2 -44 , 13 -19 -1 2 15 -18 , 11 1 19 -2 -17 34 , -33 13 -8 -15 9 -27 , 39 36 -36 0 7 -29 , 0.0053109519912983459 , 1
0.7813844225096032 , -10 12 4 -43 -36 -21 , 20 -29 29 0 -13 16 , 7 -12 -16 28 -11 -9 , 22 -7 7 0 6 13 , 33 -4 -12 43 -25 -48 , 38 -24 6 24 -12 21 , 14 -6 24 -24 15 12 , -21 16 12 -28 7 1 , 39 36 -36 0 7 -29 , 0.0055301668287062594 , 0
0.7813844225096032 , 19 29 -22 -26 -21 -5 , 16 -30 30 0 -16 14 , 12 8 5 -18 23 7 , 26 -6 6 0 9 15 , 45 22 -29 26 17 -50 , 9 -25 36 -10 -15 16 , 19 -36 25 10 -20 10 , 30 -5 -8 18 2 15 , 39 36 -36 0 7 -29 , 0.0061629796812701027 , 1
0.7813844225096032 , 20 11 5 -35 -33 3 , 27 -9 9 0 7 16 , -18 8 -13 15 -19 -4 , 15 -27 27 0 -14 13 , 55 -5 -11 35 -2 -44 , 13 -19 -1 2 15 -18 , 11 1 19 -2 -17 34 , -33 13 -8 -15 9 -27 , 39 36 -36 0 7 -29 , 0.0065117467826306631 , 2
0.7858438876527651 , 19 29 -22 -26 -21 -5 , 16 -30 30 0 -16 14 , 12 8 5 -18 23 7 , 26 -6 6 0 9 15 , 45 22 -29 26 17 -50 , 9 -25 36 -10 -15 16 , 19 -36 25 10 -20 10 , 30 -5 -8 18 2 15 , 39 36 -36 0 7 -29 , 0.0052951815075831087 , 0
0.797402916572589 , 28 -21 -30 7 -30 -46 , 30 5 -5 0 20 15 , 3 10 -28 30 -12 2 , 12 -41 41 0 -27 14 , 21 30 21 -7 -16 -9 , -8 -19 3 7 -9 -18 , -15 -3 19 -7 -21 10 , -27 28 -10 -30 30 -22 , 39 36 -36 0 7 -29 , 0.0052471587765944979 , 0
0.797402916572589 , -11 -4 9 -37 -45 -28 , 14 -14 14 0 -4 10 , -4 -4 7 18 -37 21 , 28 -22 22 0 -3 19 , 26 -9 4 37 -37 -41 , 0 -23 22 -1 -16 2 , 1 -22 23 1 -20 7 , -22 -7 4 -18 14 -33 , 39 36 -36 0 7 -29 , 0.0055727262860045534 , 1
0.7990751181507539 , 28 -21 -30 7 -30 -46 , 30 5 -5 0 20 15 , 3 10 -28 30 -12 2 , 12 -41 41 0 -27 14 , 21 30 21 -7 -16 -9 , -8 -19 3 7 -9 -18 , -15 -3 19 -7 -21 10 , -27 28 -10 -30 30 -22 , 39 36 -36 0 7 -29 , 0.0051121963084980451 , 0
0.7990751181507539 , -11 -4 9 -37 -45 -28 , 14 -14 14 0 -4 10 , -4 -4 7 18 -37 21 , 28 -22 22 0 -3 19 , 26 -9 4 37 -37 -41 , 0 -23 22 -1 -16 2 , 1 -22 23 1 -20 7 , -22 -7 4 -18 14 -33 , 39 36 -36 0 7 -29 , 0.0052064416711956451 , 1
0.8006001309784662 , -11 -4 9 -37 -45 -28 , 14 -14 14 0 -4 10 , -4 -4 7 18 -37 21 , 28 -22 22 0 -3 19 , 26 -9 4 37 -37 -41 , 0 -23 22 -1 -16 2 , 1 -22 23 1 -20 7 , -22 -7 4 -18 14 -33 , 39 36 -36 0 7 -29 , 0.0050935456065324819 , 0
0.8006001309784662 , 28 -21 -30 7 -30 -46 , 30 5 -5 0 20 15 , 3 10 -28 30 -12 2 , 12 -41 41 0 -27 14 , 21 30 21 -7 -16 -9 , -8 -19 3 7 -9 -18 , -15 -3 19 -7 -21 10 , -27 28 -10 -30 30 -22 , 39 36 -36 0 7 -29 , 0.0052246893755533647 , 1
0.8054890704024033 , 34 2 -35 2 -25 -24 , 2 -37 37 0 -29 8 , -25 -10 17 -18 -3 -19 , 40 1 -1 0 22 21 , 32 35 -2 -2 11 -27 , 22 -19 22 -4 -2 16 , 26 -22 19 4 -6 17 , -7 -17 10 18 -36 7 , 39 36 -36 0 7 -29 , 0.0059788584627044616 , 0
0.8054890704024033 , -11 -4 9 -37 -45 -28 , 14 -14 14 0 -4 10 , -4 -4 7 18 -37 21 , 28 -22 22 0 -3 19 , 26 -9 4 37 -37 -41 , 0 -23 22 -1 -16 2 , 1 -22 23 1 -20 7 , -22 -7 4 -18 14 -33 , 39 36 -36 0 7 -29 , 0.0061558934668116483 , 1
0.8054890704024033 , 8 14 -43 -10 -16 -46 , 46 -3 3 0 22 25 , 9 -17 12 2 -5 2 , -5 2 -2 0 -1 -3 , 18 43 -14 10 -3 -30 , -3 -5 53 -37 -14 36 , 34 -53 5 37 -17 -9 , 7 -12 17 -2 -10 12 , 40 1 -1 0 -21 -22 , 0.0064444032419757576 , 2
0.8054890704024033 , -13 8 -7 -43 -22 -43 , 13 5 -5 0 11 6 , -22 -11 -9 -4 12 -44 , 28 -6 6 0 10 16 , 30 7 -8 43 -36 -30 , -3 1 -33 22 9 -29 , -25 33 -1 -22 4 8 , -18 9 11 4 -35 23 , 40 1 -1 0 -21 -22 , 0.0064748772520184421 , 3
0.8054890704024033 , 28 -21 -30 7 -30 -46 , 30 5 -5 0 20 15 , 3 10 -28 30 -12 2 , 12 -41 41 0 -27 14 , 21 30 21 -7 -16 -9 , -8 -19 3 7 -9 -18 , -15 -3 19 -7 -21 10 , -27 28 -10 -30 30 -22 , 39 36 -36 0 7 -29 , 0.0068340217950728496 , 4
0.8054890704024033 , 15 -17 -23 5 -46 -38 , 35 3 -3 0 21 18 , 29 -15 5 24 -20 27 , 7 -39 39 0 -28 11 , 10 23 17 -5 -15 -29 , 14 5 -30 23 10 -9 , -9 30 -5 -23 21 5 , 5 -5 15 -24 22 -5 , 39 36 -36 0 7 -29 , 0.0070562860588524344 , 5
0.8067055853150625 , 34 2 -35 2 -25 -24 , 2 -37 37 0 -29 8 , -25 -10 17 -18 -3 -19 , 40 1 -1 0 22 21 , 32 35 -2 -2 11 -27 , 22 -19 22 -4 -2 16 , 26 -22 19 4 -6 17 , -7 -17 10 18 -36 7 , 39 36 -36 0 7 -29 , 0.0059166543316498494 , 0
0.8067055853150625 , -13 8 -7 -43 -22 -43 , 13 5 -5 0 11 6 , -22 -11 -9 -4 12 -44 , 28 -6 6 0 10 16 , 30 7 -8 43 -36 -30 , -3 1 -33 22 9 -29 , -25 33 -1 -22 4 8 , -18 9 11 4 -35 23 , 40 1 -1 0 -21 -22 , 0.0063783343046463423 , 1
0.8067055853150625 , 8 14 -43 -10 -16 -46 , 46 -3 3 0 22 25 , 9 -17 12 2 -5 2 , -5 2 -2 0 -1 -3 , 18 43 -14 10 -3 -30 , -3 -5 53 -37 -14 36 , 34 -53 5 37 -17 -9 , 7 -12 17 -2 -10 12 , 40 1 -1 0 -21 -22 , 0.0065015600786502365 , 2
0.8067055853150625 , 15 -17 -23 5 -46 -38 , 35 3 -3 0 21 18 , 29 -15 5 24 -20 27 , 7 -39 39 0 -28 11 , 10 23 17 -5 -15 -29 , 14 5 -30 23 10 -9 , -9 30 -5 -23 21 5 , 5 -5 15 -24 22 -5 , 39 36 -36 0 7 -29 , 0.0065422088850646404 , 3
0.8067055853150625 , -11 -4 9 -37 -45 -28 , 14 -14 14 0 -4 10 , -4 -4 7 18 -37 21 , 28 -22 22 0 -3 19 , 26 -9 4 37 -37 -41 , 0 -23 22 -1 -16 2 , 1 -22 23 1 -20 7 , -22 -7 4 -18 14 -33 , 39 36 -36 0 7 -29 , 0.0066770064375110162 , 4
0.8071173673933189 , 34 2 -35 2 -25 -24 , 2 -37 37 0 -29 8 , -25 -10 17 -18 -3 -19 , 40 1 -1 0 22 21 , 32 35 -2 -2 11 -27 , 22 -19 22 -4 -2 16 , 26 -22 19 4 -6 17 , -7 -17 10 18 -36 7 , 39 36 -36 0 7 -29 , 0.0059238146694440786 , 0
0.8071173673933189 , -13 8 -7 -43 -22 -43 , 13 5 -5 0 11 6 , -22 -11 -9 -4 12 -44 , 28 -6 6 0 10 16 , 30 7 -8 43 -36 -30 , -3 1 -33 22 9 -29 , -25 33 -1 -22 4 8 , -18 9 11 4 -35 23 , 40 1 -1 0 -21 -22 , 0.0063716847609526879 , 1
0.8071173673933189 , 15 -17 -23 5 -46 -38 , 35 3 -3 0 21 18 , 29 -15 5 24 -20 27 , 7 -39 39 0 -28 11 , 10 23 17 -5 -15 -29 , 14 5 -30 23 10 -9 , -9 30 -5 -23 21 5 , 5 -5 15 -24 22 -5 , 39 36 -36 0 7 -29 , 0.0063850958984230932 , 2
0.8071173673933189 , 8 14 -43 -10 -16 -46 , 46 -3 3 0 22 25 , 9 -17 12 2 -5 2 , -5 2 -2 0 -1 -3 , 18 43 -14 10 -3 -30 , -3 -5 53 -37 -14 36 , 34 -53 5 37 -17 -9 , 7 -12 17 -2 -10 12 , 40 1 -1 0 -21 -22 , 0.0065464495394116449 , 3
0.8071173673933189 , -11 -4 9 -37 -45 -28 , 14 -14 14 0 -4 10 , -4 -4 7 18 -37 21 , 28 -22 22 0 -3 19 , 26 -9 4 37 -37 -41 , 0 -23 22 -1 -16 2 , 1 -22 23 1 -20 7 , -22 -7 4 -18 14 -33 , 39 36 -36 0 7 -29 , 0.0068688645842761575 , 4
0.8071173673933189 , 34 -1 -15 -18 -20 -17 , 40 1 -1 0 22 21 , -4 6 -17 22 -16 2 , 2 -37 37 0 -29 8 , 52 15 1 18 -2 -19 , 17 7 7 -19 25 10 , 36 -7 -7 19 3 18 , -26 17 -6 -22 19 -22 , 39 36 -36 0 7 -29 , 0.0072593961399075166 , 5
0.81184383848141 , 15 -17 -23 5 -46 -38 , 35 3 -3 0 21 18 , 29 -15 5 24 -20 27 , 7 -39 39 0 -28 11 , 10 23 17 -5 -15 -29 , 14 5 -30 23 10 -9 , -9 30 -5 -23 21 5 , 5 -5 15 -24 22 -5 , 39 36 -36 0 7 -29 , 0.0054405641949852894 , 0
0.81184383848141 , 34 -1 -15 -18 -20 -17 , 40 1 -1 0 22 21 , -4 6 -17 22 -16 2 , 2 -37 37 0 -29 8 , 52 15 1 18 -2 -19 , 17 7 7 -19 25 10 , 36 -7 -7 19 3 18 , -26 17 -6 -22 19 -22 , 39 36 -36 0 7 -29 , 0.0059794176003488539 , 1
0.81184383848141 , 28 28 -34 -24 -4 -16 , 21 -4 4 0 8 12 , -4 -18 12 -16 16 -24 , 21 -32 32 0 -15 17 , 52 34 -28 24 18 -32 , 6 14 2 -17 19 8 , 23 -2 -14 17 6 5 , 12 -12 18 16 -36 34 , 39 36 -36 0 7 -29 , 0.0066819925629273387 , 2
0.8130658373579203 , 15 -17 -23 5 -46 -38 , 35 3 -3 0 21 18 , 29 -15 5 24 -20 27 , 7 -39 39 0 -28 11 , 10 23 17 -5 -15 -29 , 14 5 -30 23 10 -9 , -9 30 -5 -23 21 5 , 5 -5 15 -24 22 -5 , 39 36 -36 0 7 -29 , 0.0055087544988106892 , 0
0.8130658373579203 , 34 -1 -15 -18 -20 -17 , 40 1 -1 0 22 21 , -4 6 -17 22 -16 2 , 2 -37 37 0 -29 8 , 52 15 1 18 -2 -19 , 17 7 7 -19 25 10 , 36 -7 -7 19 3 18 , -26 17 -6 -22 19 -22 , 39 36 -36 0 7 -29 , 0.0059166543316498807 , 1
0.8130658373579203 , 28 28 -34 -24 -4 -16 , 21 -4 4 0 8 12 , -4 -18 12 -16 16 -24 , 21 -32 32 0 -15 17 , 52 34 -28 24 18 -32 , 6 14 2 -17 19 8 , 23 -2 -14 17 6 5 , 12 -12 18 16 -36 34 , 39 36 -36 0 7 -29 , 0.0062786844082480583 , 2
0.8130658373579203 , 11 5 9 -35 -42 -1 , 16 -30 30 0 -16 14 , 22 -1 -21 26 1 4 , 26 -6 6 0 9 15 , 46 -9 -5 35 -10 -47 , -11 18 1 -32 32 -12 , 21 -1 -18 32 -13 14 , -4 21 1 -26 25 2 , 39 36 -36 0 7 -29 , 0.0068328206507552326 , 3
0.8167324011664776 , 11 5 9 -35 -42 -1 , 16 -30 30 0 -16 14 , 22 -1 -21 26 1 4 , 26 -6 6 0 9 15 , 46 -9 -5 35 -10 -47 , -11 18 1 -32 32 -12 , 21 -1 -18 32 -13 14 , -4 21 1 -26 25 2 , 39 36 -36 0 7 -29 , 0.0055693034493786188 , 0
0.8167324011664776 , 28 28 -34 -24 -4 -16 , 21 -4 4 0 8 12 , -4 -18 12 -16 16 -24 , 21 -32 32 0 -15 17 , 52 34 -28 24 18 -32 , 6 14 2 -17 19 8 , 23 -2 -14 17 6 5 , 12 -12 18 16 -36 34 , 39 36 -36 0 7 -29 , 0.0057183974186821862 , 1
0.8167324011664776 , 15 -17 -23 5 -46 -38 , 35 3 -3 0 21 18 , 29 -15 5 24 -20 27 , 7 -39 39 0 -28 11 , 10 23 17 -5 -15 -29 , 14 5 -30 23 10 -9 , -9 30 -5 -23 21 5 , 5 -5 15 -24 22 -5 , 39 36 -36 0 7 -29 , 0.0064458283869684926 , 2
0.8167324011664776 , 34 -1 -15 -18 -20 -17 , 40 1 -1 0 22 21 , -4 6 -17 22 -16 2 , 2 -37 37 0 -29 8 , 52 15 1 18 -2 -19 , 17 7 7 -19 25 10 , 36 -7 -7 19 3 18 , -26 17 -6 -22 19 -22 , 39 36 -36 0 7 -29 , 0.0064597680658242734 , 3
0.8191729772567081 , 11 5 9 -35 -42 -1 , 16 -30 30 0 -16 14 , 22 -1 -21 26 1 4 , 26 -6 6 0 9 15 , 46 -9 -5 35 -10 -47 , -11 18 1 -32 32 -12 , 21 -1 -18 32 -13 14 , -4 21 1 -26 25 2 , 39 36 -36 0 7 -29 , 0.0052951815075831269 , 0
0.8191729772567081 , 28 28 -34 -24 -4 -16 , 21 -4 4 0 8 12 , -4 -18 12 -16 16 -24 , 21 -32 32 0 -15 17 , 52 34 -28 24 18 -32 , 6 14 2 -17 19 8 , 23 -2 -14 17 6 5 , 12 -12 18 16 -36 34 , 39 36 -36 0 7 -29 , 0.0059731280984550821 , 1
0.8223953277500244 , 11 5 9 -35 -42 -1 , 16 -30 30 0 -16 14 , 22 -1 -21 26 1 4 , 26 -6 6 0 9 15 , 46 -9 -5 35 -10 -47 , -11 18 1 -32 32 -12 , 21 -1 -18 32 -13 14 , -4 21 1 -26 25 2 , 39 36 -36 0 7 -29 , 0.005764607267983138 , 0
0.8223953277500244 , 30 -15 -18 -20 -8 -44 , 10 -9 9 0 -2 7 , -27 -23 32 -20 -15 -16 , 31 8 -8 0 23 15 , 50 18 15 20 -26 7 , -16 31 -17 -7 9 0 , -9 17 -31 7 17 -22 , -7 -32 23 20 -48 8 , 40 1 -1 0 -21 -22 , 0.0063896540669857536 , 1
0.8223953277500244 , 5 5 -29 -13 -28 -40 , 45 -1 1 0 23 24 , -10 6 2 -21 21 -15 , -3 -35 35 0 -30 5 , 18 29 -5 13 -11 -33 , 1 23 -8 -26 39 -7 , 27 8 -23 26 1 16 , 11 -2 -6 21 -17 15 , 39 36 -36 0 7 -29 , 0.0069205957112689715 , 2
0.8223953277500244 , 28 28 -34 -24 -4 -16 , 21 -4 4 0 8 12 , -4 -18 12 -16 16 -24 , 21 -32 32 0 -15 17 , 52 34 -28 24 18 -32 , 6 14 2 -17 19 8 , 23 -2 -14 17 6 5 , 12 -12 18 16 -36 34 , 39 36 -36 0 7 -29 , 0.0069809988655137887 , 3
0.8257236756315159 , 5 5 -29 -13 -28 -40 , 45 -1 1 0 23 24 , -10 6 2 -21 21 -15 , -3 -35 35 0 -30 5 , 18 29 -5 13 -11 -33 , 1 23 -8 -26 39 -7 , 27 8 -23 26 1 16 , 11 -2 -6 21 -17 15 , 39 36 -36 0 7 -29 , 0.0065081286198849838 , 0
0.8257236756315159 , 30 -15 -18 -20 -8 -44 , 10 -9 9 0 -2 7 , -27 -23 32 -20 -15 -16 , 31 8 -8 0 23 15 , 50 18 15 20 -26 7 , -16 31 -17 -7 9 0 , -9 17 -31 7 17 -22 , -7 -32 23 20 -48 8 , 40 1 -1 0 -21 -22 , 0.00680930239923029 , 1
0.8257236756315159 , 11 5 9 -35 -42 -1 , 16 -30 30 0 -16 14 , 22 -1 -21 26 1 4 , 26 -6 6 0 9 15 , 46 -9 -5 35 -10 -47 , -11 18 1 -32 32 -12 , 21 -1 -18 32 -13 14 , -4 21 1 -26 25 2 , 39 36 -36 0 7 -29 , 0.0070352447016586578 , 2
0.8323140134402784 , 1 -14 -10 -15 -43 -40 , 12 -41 41 0 -27 14 , -18 -9 7 3 -19 -8 , 30 5 -5 0 20 15 , 16 10 14 15 -30 -29 , 18 -22 13 26 -36 26 , -8 -13 22 -26 13 -14 , -21 -7 9 -3 -15 -10 , 39 36 -36 0 7 -29 , 0.0055986297644907198 , 0
0.8355420541271521 , 1 -14 -10 -15 -43 -40 , 12 -41 41 0 -27 14 , -18 -9 7 3 -19 -8 , 30 5 -5 0 20 15 , 16 10 14 15 -30 -29 , 18 -22 13 26 -36 26 , -8 -13 22 -26 13 -14 , -21 -7 9 -3 -15 -10 , 39 36 -36 0 7 -29 , 0.0051121963084979245 , 0
0.8490628212654092 , 30 11 -40 -17 2 -38 , 40 -9 9 0 14 23 , 8 -16 10 16 -25 14 , 2 -27 27 0 -21 6 , 47 40 -11 17 2 -9 , 31 -7 17 -9 11 24 , 40 -17 7 9 7 18 , -8 -10 16 -16 4 -9 , 39 36 -36 0 7 -29 , 0.0052543297744689962 , 0
0.8516932444739841 , 30 11 -40 -17 2 -38 , 40 -9 9 0 14 23 , 8 -16 10 16 -25 14 , 2 -27 27 0 -21 6 , 47 40 -11 17 2 -9 , 31 -7 17 -9 11 24 , 40 -17 7 9 7 18 , -8 -10 16 -16 4 -9 , 39 36 -36 0 7 -29 , 0.0055738255031382231 , 0
0.858072855051943 , -15 10 -5 -34 -43 -26 , 16 -30 30 0 -16 14 , -22 21 1 -10 -9 8 , 26 -6 6 0 9 15 , 19 5 -10 34 -21 -53 , -21 14 -13 11 -18 -1 , -32 13 -14 -11 12 -32 , -12 -1 -21 10 7 -30 , 39 36 -36 0 7 -29 , 0.0054187858106395119 , 0
0.8597003056707451 , -15 10 -5 -34 -43 -26 , 16 -30 30 0 -16 14 , -22 21 1 -10 -9 8 , 26 -6 6 0 9 15 , 19 5 -10 34 -21 -53 , -21 14 -13 11 -18 -1 , -32 13 -14 -11 12 -32 , -12 -1 -21 10 7 -30 , 39 36 -36 0 7 -29 , 0.0052951815075831209 , 0
0.8637605761750983 , -15 10 -5 -34 -43 -26 , 16 -30 30 0 -16 14 , -22 21 1 -10 -9 8 , 26 -6 6 0 9 15 , 19 5 -10 34 -21 -53 , -21 14 -13 11 -18 -1 , -32 13 -14 -11 12 -32 , -12 -1 -21 10 7 -30 , 39 36 -36 0 7 -29 , 0.0060234383991575585 , 0
0.8637605761750983 , 4 -5 -41 10 -44 -47 , 28 -6 6 0 10 16 , -4 -18 35 -7 -29 20 , 13 5 -5 0 11 6 , -6 41 5 -10 -6 -39 , 6 -3 31 -4 -31 43 , 10 -31 3 4 12 -28 , 3 -35 18 7 -15 -11 , 40 1 -1 0 -21 -22 , 0.0063716847609525387 , 1
0.872266847073932 , 3 -25 4 -18 -52 -33 , 37 -13 13 0 9 22 , 5 -17 25 -4 -16 14 , 5 -23 23 0 -16 7 , 21 -4 25 18 -37 -27 , -42 21 -4 -19 1 -19 , -23 4 -21 19 -15 -20 , 9 -25 17 4 -11 1 , 39 36 -36 0 7 -29 , 0.0057575580224067252 , 0
0.872266847073932 , 13 22 -9 -45 -13 -11 , 26 -6 6 0 9 15 , 16 -15 -10 36 -25 9 , 16 -30 30 0 -16 14 , 58 9 -22 45 -2 -35 , 24 -1 7 -6 13 16 , 30 -7 1 6 9 14 , -20 10 15 -36 19 -10 , 39 36 -36 0 7 -29 , 0.0061254908218976783 , 1
0.872266847073932 , 36 16 -43 -5 -13 -19 , 7 -29 29 0 -20 9 , -11 -23 26 -14 -7 -11 , 35 -7 7 0 13 20 , 41 43 -16 5 24 -29 , 27 -15 15 2 -1 19 , 25 -15 15 -2 4 14 , 3 -26 23 14 -37 16 , 39 36 -36 0 7 -29 , 0.0061349204244798483 , 2
0.872266847073932 , 41 -9 -45 -2 1 -50 , 24 -18 18 0 -2 16 , 12 -29 14 20 -28 9 , 18 -18 18 0 -5 13 , 43 45 9 2 -5 10 , -6 6 23 -34 15 6 , 28 -23 -6 34 -17 9 , -8 -14 29 -20 -5 1 , 39 36 -36 0 7 -29 , 0.006756502916505455 , 3
0.8756142021045715 , 13 22 -9 -45 -13 -11 , 26 -6 6 0 9 15 , 16 -15 -10 36 -25 9 , 16 -30 30 0 -16 14 , 58 9 -22 45 -2 -35 , 24 -1 7 -6 13 16 , 30 -7 1 6 9 14 , -20 10 15 -36 19 -10 , 39 36 -36 0 7 -29 , 0.0053428975678544554 , 0
0.8756142021045715 , 36 16 -43 -5 -13 -19 , 7 -29 29 0 -20 9 , -11 -23 26 -14 -7 -11 , 35 -7 7 0 13 20 , 41 43 -16 5 24 -29 , 27 -15 15 2 -1 19 , 25 -15 15 -2 4 14 , 3 -26 23 14 -37 16 , 39 36 -36 0 7 -29 , 0.0056599368158753828 , 1
0.8756142021045715 , 41 -9 -45 -2 1 -50 , 24 -18 18 0 -2 16 , 12 -29 14 20 -28 9 , 18 -18 18 0 -5 13 , 43 45 9 2 -5 10 , -6 6 23 -34 15 6 , 28 -23 -6 34 -17 9 , -8 -14 29 -20 -5 1 , 39 36 -36 0 7 -29 , 0.0059542354313139971 , 2
0.8756142021045715 , 3 -25 4 -18 -52 -33 , 37 -13 13 0 9 22 , 5 -17 25 -4 -16 14 , 5 -23 23 0 -16 7 , 21 -4 25 18 -37 -27 , -42 21 -4 -19 1 -19 , -23 4 -21 19 -15 -20 , 9 -25 17 4 -11 1 , 39 36 -36 0 7 -29 , 0.0062250973225550432 , 3
0.8766217826072121 , 13 22 -9 -45 -13 -11 , 26 -6 6 0 9 15 , 16 -15 -10 36 -25 9 , 16 -30 30 0 -16 14 , 58 9 -22 45 -2 -35 , 24 -1 7 -6 13 16 , 30 -7 1 6 9 14 , -20 10 15 -36 19 -10 , 39 36 -36 0 7 -29 , 0.0052951815075832258 , 0
0.8766217826072121 , 36 16 -43 -5 -13 -19 , 7 -29 29 0 -20 9 , -11 -23 26 -14 -7 -11 , 35 -7 7 0 13 20 , 41 43 -16 5 24 -29 , 27 -15 15 2 -1 19 , 25 -15 15 -2 4 14 , 3 -26 23 14 -37 16 , 39 36 -36 0 7 -29 , 0.0057046026570604169 , 1
0.8766217826072121 , 41 -9 -45 -2 1 -50 , 24 -18 18 0 -2 16 , 12 -29 14 20 -28 9 , 18 -18 18 0 -5 13 , 43 45 9 2 -5 10 , -6 6 23 -34 15 6 , 28 -23 -6 34 -17 9 , -8 -14 29 -20 -5 1 , 39 36 -36 0 7 -29 , 0.0058802532036147069 , 2
0.8766217826072121 , 3 -25 4 -18 -52 -33 , 37 -13 13 0 9 22 , 5 -17 25 -4 -16 14 , 5 -23 23 0 -16 7 , 21 -4 25 18 -37 -27 , -42 21 -4 -19 1 -19 , -23 4 -21 19 -15 -20 , 9 -25 17 4 -11 1 , 39 36 -36 0 7 -29 , 0.0065293302012412163 , 3
0.8769869519441345 , 13 22 -9 -45 -13 -11 , 26 -6 6 0 9 15 , 16 -15 -10 36 -25 9 , 16 -30 30 0 -16 14 , 58 9 -22 45 -2 -35 , 24 -1 7 -6 13 16 , 30 -7 1 6 9 14 , -20 10 15 -36 19 -10 , 39 36 -36 0 7 -29 , 0.0053014734987051502 , 0
0.8769869519441345 , 36 16 -43 -5 -13 -19 , 7 -29 29 0 -20 9 , -11 -23 26 -14 -7 -11 , 35 -7 7 0 13 20 , 41 43 -16 5 24 -29 , 27 -15 15 2 -1 19 , 25 -15 15 -2 4 14 , 3 -26 23 14 -37 16 , 39 36 -36 0 7 -29 , 0.0057425692096076258 , 1
0.8769869519441345 , 41 -9 -45 -2 1 -50 , 24 -18 18 0 -2 16 , 12 -29 14 20 -28 9 , 18 -18 18 0 -5 13 , 43 45 9 2 -5 10 , -6 6 23 -34 15 6 , 28 -23 -6 34 -17 9 , -8 -14 29 -20 -5 1 , 39 36 -36 0 7 -29 , 0.0058745811584549638 , 2
0.8843690053110279 , 4 29 -13 -44 -18 -11 , 10 -15 15 0 -7 8 , 30 -34 13 9 3 -1 , 32 -21 21 0 0 21 , 48 13 -29 44 2 -47 , 8 6 7 -16 16 7 , 24 -7 -6 16 0 10 , 21 -13 34 -9 -14 37 , 39 36 -36 0 7 -29 , 0.0058115391512888331 , 0
0.8843690053110279 , -2 18 -40 -20 -16 -46 , 45 -1 1 0 23 24 , 12 -6 9 -3 2 9 , 17 28 -28 0 32 4 , 18 40 -18 20 -6 -34 , 2 -18 32 -16 -8 10 , 18 -32 18 16 -22 10 , 15 -9 6 3 0 8 , 19 -27 27 0 -55 -28 , 0.0068241562370606112 , 1
0.8904144506794024 , -2 18 -40 -20 -16 -46 , 45 -1 1 0 23 24 , 12 -6 9 -3 2 9 , 17 28 -28 0 32 4 , 18 40 -18 20 -6 -34 , 2 -18 32 -16 -8 10 , 18 -32 18 16 -22 10 , 15 -9 6 3 0 8 , 19 -27 27 0 -55 -28 , 0.0053193536076352231 , 0
0.8904144506794024 , 1 20 -9 -32 -39 -6 , 26 -6 6 0 9 15 , 15 -16 9 -10 20 -10 , 16 -30 30 0 -16 14 , 33 9 -20 32 3 -59 , 21 1 12 -9 8 22 , 30 -12 -1 9 10 7 , 25 -9 16 10 -19 36 , 39 36 -36 0 7 -29 , 0.0058207660101302714 , 1
0.8904144506794024 , 34 13 -24 -29 -2 -18 , 30 -5 5 0 12 17 , 9 -14 32 -19 -2 16 , 12 -31 31 0 -19 12 , 63 24 -13 29 6 -15 , -11 0 -23 8 13 -33 , -19 23 0 -8 -10 13 , 28 -32 14 19 -16 12 , 39 36 -36 0 7 -29 , 0.0062441364476244401 , 2
0.8914966522066309 , -2 18 -40 -20 -16 -46 , 45 -1 1 0 23 24 , 12 -6 9 -3 2 9 , 17 28 -28 0 32 4 , 18 40 -18 20 -6 -34 , 2 -18 32 -16 -8 10 , 18 -32 18 16 -22 10 , 15 -9 6 3 0 8 , 19 -27 27 0 -55 -28 , 0.0053741138324600694 , 0
0.8914966522066309 , 1 20 -9 -32 -39 -6 , 26 -6 6 0 9 15 , 15 -16 9 -10 20 -10 , 16 -30 30 0 -16 14 , 33 9 -20 32 3 -59 , 21 1 12 -9 8 22 , 30 -12 -1 9 10 7 , 25 -9 16 10 -19 36 , 39 36 -36 0 7 -29 , 0.0055468566581674738 , 1
0.8914966522066309 , 34 13 -24 -29 -2 -18 , 30 -5 5 0 12 17 , 9 -14 32 -19 -2 16 , 12 -31 31 0 -19 12 , 63 24 -13 29 6 -15 , -11 0 -23 8 13 -33 , -19 23 0 -8 -10 13 , 28 -32 14 19 -16 12 , 39 36 -36 0 7 -29 , 0.0061970689639898775 , 2
0.8914966522066309 , -1 -4 -29 3 -54 -35 , 13 5 -5 0 11 6 , -9 -11 -22 35 -23 -18 , 28 -6 6 0 10 16 , -4 29 4 -3 -6 -50 , -20 -4 -18 15 -7 -29 , -35 18 4 -15 -11 -3 , -44 22 11 -35 4 -12 , 40 1 -1 0 -21 -22 , 0.0067135834006473152 , 3
0.8938327526573211 , 1 20 -9 -32 -39 -6 , 26 -6 6 0 9 15 , 15 -16 9 -10 20 -10 , 16 -30 30 0 -16 14 , 33 9 -20 32 3 -59 , 21 1 12 -9 8 22 , 30 -12 -1 9 10 7 , 25 -9 16 10 -19 36 , 39 36 -36 0 7 -29 , 0.0052951815075831061 , 0
0.8938327526573211 , -2 18 -40 -20 -16 -46 , 45 -1 1 0 23 24 , 12 -6 9 -3 2 9 , 17 28 -28 0 32 4 , 18 40 -18 20 -6 -34 , 2 -18 32 -16 -8 10 , 18 -32 18 16 -22 10 , 15 -9 6 3 0 8 , 19 -27 27 0 -55 -28 , 0.005842763206843943 , 1
0.8938327526573211 , -1 -4 -29 3 -54 -35 , 13 5 -5 0 11 6 , -9 -11 -22 35 -23 -18 , 28 -6 6 0 10 16 , -4 29 4 -3 -6 -50 , -20 -4 -18 15 -7 -29 , -35 18 4 -15 -11 -3 , -44 22 11 -35 4 -12 , 40 1 -1 0 -21 -22 , 0.0063885046407667068 , 2
0.8938327526573211 , 34 13 -24 -29 -2 -18 , 30 -5 5 0 12 17 , 9 -14 32 -19 -2 16 , 12 -31 31 0 -19 12 , 63 24 -13 29 6 -15 , -11 0 -23 8 13 -33 , -19 23 0 -8 -10 13 , 28 -32 14 19 -16 12 , 39 36 -36 0 7 -29 , 0.0064134490145277105 , 3
0.8944879258323962 , 1 20 -9 -32 -39 -6 , 26 -6 6 0 9 15 , 15 -16 9 -10 20 -10 , 16 -30 30 0 -16 14 , 33 9 -20 32 3 -59 , 21 1 12 -9 8 22 , 30 -12 -1 9 10 7 , 25 -9 16 10 -19 36 , 39 36 -36 0 7 -29 , 0.005315408948961149 , 0
0.8944879258323962 , -2 18 -40 -20 -16 -46 , 45 -1 1 0 23 24 , 12 -6 9 -3 2 9 , 17 28 -28 0 32 4 , 18 40 -18 20 -6 -34 , 2 -18 32 -16 -8 10 , 18 -32 18 16 -22 10 , 15 -9 6 3 0 8 , 19 -27 27 0 -55 -28 , 0.0060491381200817535 , 1
0.8944879258323962 , -1 -4 -29 3 -54 -35 , 13 5 -5 0 11 6 , -9 -11 -22 35 -23 -18 , 28 -6 6 0 10 16 , -4 29 4 -3 -6 -50 , -20 -4 -18 15 -7 -29 , -35 18 4 -15 -11 -3 , -44 22 11 -35 4 -12 , 40 1 -1 0 -21 -22 , 0.0063716847609526263 , 2
0.8944879258323962 , 34 13 -24 -29 -2 -18 , 30 -5 5 0 12 17 , 9 -14 32 -19 -2 16 , 12 -31 31 0 -19 12 , 63 24 -13 29 6 -15 , -11 0 -23 8 13 -33 , -19 23 0 -8 -10 13 , 28 -32 14 19 -16 12 , 39 36 -36 0 7 -29 , 0.0065480907621146391 , 3
0.8961728230772842 , 1 20 -9 -32 -39 -6 , 26 -6 6 0 9 15 , 15 -16 9 -10 20 -10 , 16 -30 30 0 -16 14 , 33 9 -20 32 3 -59 , 21 1 12 -9 8 22 , 30 -12 -1 9 10 7 , 25 -9 16 10 -19 36 , 39 36 -36 0 7 -29 , 0.0055476932931511919 , 0
0.8961728230772842 , -1 -4 -29 3 -54 -35 , 13 5 -5 0 11 6 , -9 -11 -22 35 -23 -18 , 28 -6 6 0 10 16 , -4 29 4 -3 -6 -50 , -20 -4 -18 15 -7 -29 , -35 18 4 -15 -11 -3 , -44 22 11 -35 4 -12 , 40 1 -1 0 -21 -22 , 0.00648211375703368 , 1
0.8961728230772842 , -2 18 -40 -20 -16 -46 , 45 -1 1 0 23 24 , 12 -6 9 -3 2 9 , 17 28 -28 0 32 4 , 18 40 -18 20 -6 -34 , 2 -18 32 -16 -8 10 , 18 -32 18 16 -22 10 , 15 -9 6 3 0 8 , 19 -27 27 0 -55 -28 , 0.0066988687153322441 , 2
0.8961728230772842 , 24 -8 -14 -8 -42 -15 , 22 -29 29 0 -12 17 , 12 33 -14 -17 34 12 , 19 28 -28 0 33 5 , 32 14 8 8 -1 -34 , 19 -23 31 -9 -6 18 , 28 -31 23 9 -13 17 , 29 14 -33 17 26 1 , 40 1 -1 0 -21 -22 , 0.0067123192311398091 , 3
0.8961728230772842 , 39 -19 -45 19 -28 -42 , 37 -13 13 0 9 22 , -11 4 16 -25 9 -1 , 5 -23 23 0 -16 7 , 20 45 19 -19 3 -9 , 39 -13 11 7 2 27 , 32 -11 13 -7 16 15 , 14 -16 -4 25 -17 5 , 39 36 -36 0 7 -29 , 0.0068785415248200713 , 4
0.9014954054279102 , 39 -19 -45 19 -28 -42 , 37 -13 13 0 9 22 , -11 4 16 -25 9 -1 , 5 -23 23 0 -16 7 , 20 45 19 -19 3 -9 , 39 -13 11 7 2 27 , 32 -11 13 -7 16 15 , 14 -16 -4 25 -17 5 , 39 36 -36 0 7 -29 , 0.0057575580224067851 , 0
0.9014954054279102 , 34 7 -33 -7 -21 -17 , 7 -39 39 0 -28 11 , -23 -10 9 -9 -5 -21 , 35 3 -3 0 21 18 , 41 33 -7 7 16 -28 , 24 -20 23 -7 3 14 , 31 -23 20 7 -9 23 , -14 -9 10 9 -30 5 , 39 36 -36 0 7 -29 , 0.0061058498344459637 , 1
0.9014954054279102 , 39 -6 -16 -13 -25 -12 , 16 24 -24 0 28 4 , -34 15 -19 -7 10 -34 , 25 -25 25 0 -7 18 , 52 16 6 13 4 -19 , 30 13 -5 -4 22 22 , 34 5 -13 4 27 9 , -27 19 -15 7 -15 -5 , 40 1 -1 0 -21 -22 , 0.0068924507822839274 , 2
0.9023663236869832 , 39 -19 -45 19 -28 -42 , 37 -13 13 0 9 22 , -11 4 16 -25 9 -1 , 5 -23 23 0 -16 7 , 20 45 19 -19 3 -9 , 39 -13 11 7 2 27 , 32 -11 13 -7 16 15 , 14 -16 -4 25 -17 5 , 39 36 -36 0 7 -29 , 0.0057903990969881405 , 0
0.9023663236869832 , 34 7 -33 -7 -21 -17 , 7 -39 39 0 -28 11 , -23 -10 9 -9 -5 -21 , 35 3 -3 0 21 18 , 41 33 -7 7 16 -28 , 24 -20 23 -7 3 14 , 31 -23 20 7 -9 23 , -14 -9 10 9 -30 5 , 39 36 -36 0 7 -29 , 0.005852093650704944 , 1
0.9023663236869832 , 39 -6 -16 -13 -25 -12 , 16 24 -24 0 28 4 , -34 15 -19 -7 10 -34 , 25 -25 25 0 -7 18 , 52 16 6 13 4 -19 , 30 13 -5 -4 22 22 , 34 5 -13 4 27 9 , -27 19 -15 7 -15 -5 , 40 1 -1 0 -21 -22 , 0.0068648839051580098 , 2
0.9054150225488102 , 34 7 -33 -7 -21 -17 , 7 -39 39 0 -28 11 , -23 -10 9 -9 -5 -21 , 35 3 -3 0 21 18 , 41 33 -7 7 16 -28 , 24 -20 23 -7 3 14 , 31 -23 20 7 -9 23 , -14 -9 10 9 -30 5 , 39 36 -36 0 7 -29 , 0.0054405641949853943 , 0
0.9054150225488102 , 39 -19 -45 19 -28 -42 , 37 -13 13 0 9 22 , -11 4 16 -25 9 -1 , 5 -23 23 0 -16 7 , 20 45 19 -19 3 -9 , 39 -13 11 7 2 27 , 32 -11 13 -7 16 15 , 14 -16 -4 25 -17 5 , 39 36 -36 0 7 -29 , 0.0063899241783783294 , 1
0.911635866319119 , 30 -31 -35 9 -25 -57 , 29 -25 25 0 -5 20 , -2 22 -9 -5 7 10 , 13 -11 11 0 -2 9 , 21 35 31 -9 -22 6 , 41 -27 11 16 -3 18 , 25 -11 27 -16 7 24 , 3 9 -22 5 19 -15 , 39 36 -36 0 7 -29 , 0.0052203774733190775 , 0
0.911635866319119 , 37 14 -21 -29 -6 -9 , 20 -29 29 0 -13 16 , -7 -9 -11 21 -16 -12 , 22 -7 7 0 6 13 , 66 21 -14 29 12 -20 , 24 -12 21 -14 12 15 , 38 -21 12 14 -6 24 , -28 11 9 -21 -1 -7 , 39 36 -36 0 7 -29 , 0.0054330178513025927 , 1
0.9147148983217204 , 37 14 -21 -29 -6 -9 , 20 -29 29 0 -13 16 , -7 -9 -11 21 -16 -12 , 22 -7 7 0 6 13 , 66 21 -14 29 12 -20 , 24 -12 21 -14 12 15 , 38 -21 12 14 -6 24 , -28 11 9 -21 -1 -7 , 39 36 -36 0 7 -29 , 0.0049533989101405952 , 0
0.9147148983217204 , 25 13 -20 -24 -21 -10 , 12 -41 41 0 -27 14 , 23 -3 -14 12 14 -1 , 30 5 -5 0 20 15 , 49 20 -13 24 10 -34 , -13 22 -18 13 -14 8 , -26 18 -22 -13 26 -36 , 11 14 3 -12 13 17 , 39 36 -36 0 7 -29 , 0.005612572151590057 , 1
0.9147148983217204 , 30 -31 -35 9 -25 -57 , 29 -25 25 0 -5 20 , -2 22 -9 -5 7 10 , 13 -11 11 0 -2 9 , 21 35 31 -9 -22 6 , 41 -27 11 16 -3 18 , 25 -11 27 -16 7 24 , 3 9 -22 5 19 -15 , 39 36 -36 0 7 -29 , 0.0056561949493437614 , 2
0.9147932734360275 , 37 14 -21 -29 -6 -9 , 20 -29 29 0 -13 16 , -7 -9 -11 21 -16 -12 , 22 -7 7 0 6 13 , 66 21 -14 29 12 -20 , 24 -12 21 -14 12 15 , 38 -21 12 14 -6 24 , -28 11 9 -21 -1 -7 , 39 36 -36 0 7 -29 , 0.0049530888789855038 , 0
0.9147932734360275 , 25 13 -20 -24 -21 -10 , 12 -41 41 0 -27 14 , 23 -3 -14 12 14 -1 , 30 5 -5 0 20 15 , 49 20 -13 24 10 -34 , -13 22 -18 13 -14 8 , -26 18 -22 -13 26 -36 , 11 14 3 -12 13 17 , 39 36 -36 0 7 -29 , 0.0055899260552938063 , 1
0.9147932734360275 , 30 -31 -35 9 -25 -57 , 29 -25 25 0 -5 20 , -2 22 -9 -5 7 10 , 13 -11 11 0 -2 9 , 21 35 31 -9 -22 6 , 41 -27 11 16 -3 18 , 25 -11 27 -16 7 24 , 3 9 -22 5 19 -15 , 39 36 -36 0 7 -29 , 0.0056777575771403263 , 2
0.9179910042009137 , 25 13 -20 -24 -21 -10 , 12 -41 41 0 -27 14 , 23 -3 -14 12 14 -1 , 30 5 -5 0 20 15 , 49 20 -13 24 10 -34 , -13 22 -18 13 -14 8 , -26 18 -22 -13 26 -36 , 11 14 3 -12 13 17 , 39 36 -36 0 7 -29 , 0.0051121963084980494 , 0
0.9179910042009137 , 37 14 -21 -29 -6 -9 , 20 -29 29 0 -13 16 , -7 -9 -11 21 -16 -12 , 22 -7 7 0 6 13 , 66 21 -14 29 12 -20 , 24 -12 21 -14 12 15 , 38 -21 12 14 -6 24 , -28 11 9 -21 -1 -7 , 39 36 -36 0 7 -29 , 0.0054447969380979821 , 1
0.9219123813676128 , 29 -14 -41 7 -24 -45 , 30 5 -5 0 20 15 , -10 28 -27 12 -2 3 , 12 -41 41 0 -27 14 , 22 41 14 -7 -4 -10 , 11 -3 -22 15 14 -17 , -4 22 3 -15 5 17 , -22 27 -28 -12 30 -30 , 39 36 -36 0 7 -29 , 0.0054889875977930163 , 0
0.9219123813676128 , 25 13 -20 -24 -21 -10 , 12 -41 41 0 -27 14 , 23 -3 -14 12 14 -1 , 30 5 -5 0 20 15 , 49 20 -13 24 10 -34 , -13 22 -18 13 -14 8 , -26 18 -22 -13 26 -36 , 11 14 3 -12 13 17 , 39 36 -36 0 7 -29 , 0.0058157649039897027 , 1
0.9247388449763964 , 29 -14 -41 7 -24 -45 , 30 5 -5 0 20 15 , -10 28 -27 12 -2 3 , 12 -41 41 0 -27 14 , 22 41 14 -7 -4 -10 , 11 -3 -22 15 14 -17 , -4 22 3 -15 5 17 , -22 27 -28 -12 30 -30 , 39 36 -36 0 7 -29 , 0.0051121963084980104 , 0
0.9262150261523 , 29 -14 -41 7 -24 -45 , 30 5 -5 0 20 15 , -10 28 -27 12 -2 3 , 12 -41 41 0 -27 14 , 22 41 14 -7 -4 -10 , 11 -3 -22 15 14 -17 , -4 22 3 -15 5 17 , -22 27 -28 -12 30 -30 , 39 36 -36 0 7 -29 , 0.005217672153523421 , 0
0.9308895107386277 , 38 13 -27 -15 -19 -4 , 37 -13 13 0 9 22 , 16 4 -11 17 -5 14 , 5 -23 23 0 -16 7 , 53 27 -13 15 23 -32 , -42 21 -4 -19 1 -19 , -23 4 -21 19 -15 -20 , -1 11 -4 -17 25 -9 , 39 36 -36 0 7 -29 , 0.0057575580224067634 , 0
0.9308895107386277 , -4 -3 10 -41 -43 -17 , 16 -30 30 0 -16 14 , -21 -1 22 -25 -2 -4 , 26 -6 6 0 9 15 , 37 -10 3 41 -27 -40 , -20 10 -19 16 -15 -10 , -36 19 -10 -16 9 -25 , 4 -22 1 25 -26 -1 , 39 36 -36 0 7 -29 , 0.0058362103420689301 , 1
0.9308895107386277 , 29 -14 -41 7 -24 -45 , 30 5 -5 0 20 15 , -10 28 -27 12 -2 3 , 12 -41 41 0 -27 14 , 22 41 14 -7 -4 -10 , 11 -3 -22 15 14 -17 , -4 22 3 -15 5 17 , -22 27 -28 -12 30 -30 , 39 36 -36 0 7 -29 , 0.0067119159163051339 , 2
0.9343600810713582 , -4 -3 10 -41 -43 -17 , 16 -30 30 0 -16 14 , -21 -1 22 -25 -2 -4 , 26 -6 6 0 9 15 , 37 -10 3 41 -27 -40 , -20 10 -19 16 -15 -10 , -36 19 -10 -16 9 -25 , 4 -22 1 25 -26 -1 , 39 36 -36 0 7 -29 , 0.0052951815075831677 , 0
0.9343600810713582 , 9 -25 -4 -14 -47 -34 , 34 1 -1 0 19 18 , 1 1 -18 29 -20 3 , 8 -37 37 0 -26 11 , 23 4 25 14 -30 -22 , 0 -26 7 4 -2 -20 , -4 -7 26 -4 -27 24 , -28 18 -1 -29 21 -21 , 39 36 -36 0 7 -29 , 0.0061509030892197896 , 1
0.9343600810713582 , 38 13 -27 -15 -19 -4 , 37 -13 13 0 9 22 , 16 4 -11 17 -5 14 , 5 -23 23 0 -16 7 , 53 27 -13 15 23 -32 , -42 21 -4 -19 1 -19 , -23 4 -21 19 -15 -20 , -1 11 -4 -17 25 -9 , 39 36 -36 0 7 -29 , 0.0062587435356910278 , 2
0.9371194236677827 , -4 -3 10 -41 -43 -17 , 16 -30 30 0 -16 14 , -21 -1 22 -25 -2 -4 , 26 -6 6 0 9 15 , 37 -10 3 41 -27 -40 , -20 10 -19 16 -15 -10 , -36 19 -10 -16 9 -25 , 4 -22 1 25 -26 -1 , 39 36 -36 0 7 -29 , 0.005643218706116373 , 0
0.9371194236677827 , 9 -25 -4 -14 -47 -34 , 34 1 -1 0 19 18 , 1 1 -18 29 -20 3 , 8 -37 37 0 -26 11 , 23 4 25 14 -30 -22 , 0 -26 7 4 -2 -20 , -4 -7 26 -4 -27 24 , -28 18 -1 -29 21 -21 , 39 36 -36 0 7 -29 , 0.0058332361811371716 , 1
0.9461441451198894 , 21 -11 -15 -19 -26 -30 , 49 -5 5 0 22 27 , 14 -15 15 1 -6 11 , -7 -31 31 0 -29 2 , 40 15 11 19 -15 -15 , -6 18 -36 -1 37 -35 , -5 36 -18 1 1 19 , 13 -15 15 -1 -4 9 , 39 36 -36 0 7 -29 , 0.0049766157239035614 , 0
0.9461441451198894 , 19 -37 -15 3 -47 -44 , 5 -23 23 0 -16 7 , -33 16 -9 2 -17 -8 , 37 -13 13 0 9 22 , 16 15 37 -3 -29 -10 , 1 -9 25 -16 -4 11 , 17 -25 9 16 -14 5 , -35 9 -16 -2 1 -33 , 39 36 -36 0 7 -29 , 0.0059572666645712983 , 1
0.9468050206673935 , 21 -11 -15 -19 -26 -30 , 49 -5 5 0 22 27 , 14 -15 15 1 -6 11 , -7 -31 31 0 -29 2 , 40 15 11 19 -15 -15 , -6 18 -36 -1 37 -35 , -5 36 -18 1 1 19 , 13 -15 15 -1 -4 9 , 39 36 -36 0 7 -29 , 0.0049546267761836869 , 0
0.9468050206673935 , 19 -37 -15 3 -47 -44 , 5 -23 23 0 -16 7 , -33 16 -9 2 -17 -8 , 37 -13 13 0 9 22 , 16 15 37 -3 -29 -10 , 1 -9 25 -16 -4 11 , 17 -25 9 16 -14 5 , -35 9 -16 -2 1 -33 , 39 36 -36 0 7 -29 , 0.0058547289944542065 , 1
0.9483072744150813 , 21 -11 -15 -19 -26 -30 , 49 -5 5 0 22 27 , 14 -15 15 1 -6 11 , -7 -31 31 0 -29 2 , 40 15 11 19 -15 -15 , -6 18 -36 -1 37 -35 , -5 36 -18 1 1 19 , 13 -15 15 -1 -4 9 , 39 36 -36 0 7 -29 , 0.0050672187770753798 , 0
0.9483072744150813 , 19 -37 -15 3 -47 -44 , 5 -23 23 0 -16 7 , -33 16 -9 2 -17 -8 , 37 -13 13 0 9 22 , 16 15 37 -3 -29 -10 , 1 -9 25 -16 -4 11 , 17 -25 9 16 -14 5 , -35 9 -16 -2 1 -33 , 39 36 -36 0 7 -29 , 0.0057575580224066003 , 1
0.9533669187223051 , 36 -3 -38 -7 -10 -34 , 30 5 -5 0 20 15 , 2 -12 30 -28 10 3 , 12 -41 41 0 -27 14 , 43 38 3 7 4 -7 , 14 3 -23 13 17 -11 , 1 23 -3 -13 12 14 , 30 -30 12 28 -27 22 , 39 36 -36 0 7 -29 , 0.0051700786189418169 , 0
0.9533669187223051 , 12 -19 -30 6 -45 -43 , 8 -37 37 0 -26 11 , -4 -24 27 0 -26 7 , 34 1 -1 0 19 18 , 6 30 19 -6 -13 -26 , 13 -11 11 19 -31 28 , -6 -11 11 -19 17 -20 , -4 -27 24 0 -20 -2 , 39 36 -36 0 7 -29 , 0.0060397321298472553 , 1
0.9544579401773123 , 36 -3 -38 -7 -10 -34 , 30 5 -5 0 20 15 , 2 -12 30 -28 10 3 , 12 -41 41 0 -27 14 , 43 38 3 7 4 -7 , 14 3 -23 13 17 -11 , 1 23 -3 -13 12 14 , 30 -30 12 28 -27 22 , 39 36 -36 0 7 -29 , 0.0051121963084979714 , 0
0.9544579401773123 , 12 -19 -30 6 -45 -43 , 8 -37 37 0 -26 11 , -4 -24 27 0 -26 7 , 34 1 -1 0 19 18 , 6 30 19 -6 -13 -26 , 13 -11 11 19 -31 28 , -6 -11 11 -19 17 -20 , -4 -27 24 0 -20 -2 , 39 36 -36 0 7 -29 , 0.0058870710109820328 , 1
0.9555812960358897 , 36 -3 -38 -7 -10 -34 , 30 5 -5 0 20 15 , 2 -12 30 -28 10 3 , 12 -41 41 0 -27 14 , 43 38 3 7 4 -7 , 14 3 -23 13 17 -11 , 1 23 -3 -13 12 14 , 30 -30 12 28 -27 22 , 39 36 -36 0 7 -29 , 0.0051735397055539941 , 0
0.9555812960358897 , 12 -19 -30 6 -45 -43 , 8 -37 37 0 -26 11 , -4 -24 27 0 -26 7 , 34 1 -1 0 19 18 , 6 30 19 -6 -13 -26 , 13 -11 11 19 -31 28 , -6 -11 11 -19 17 -20 , -4 -27 24 0 -20 -2 , 39 36 -36 0 7 -29 , 0.0058332361811370631 , 1
0.9555812960358897 , 13 12 -1 -32 -42 6 , 28 -17 17 0 1 18 , 24 -2 5 9 -7 27 , 14 -19 19 0 -8 11 , 45 1 -12 32 7 -54 , -30 27 -8 -8 -7 0 , -22 8 -27 8 8 -34 , 15 -5 2 -9 22 -5 , 39 36 -36 0 7 -29 , 0.005971281865195791 , 2
0.9599207676540153 , 13 12 -1 -32 -42 6 , 28 -17 17 0 1 18 , 24 -2 5 9 -7 27 , 14 -19 19 0 -8 11 , 45 1 -12 32 7 -54 , -30 27 -8 -8 -7 0 , -22 8 -27 8 8 -34 , 15 -5 2 -9 22 -5 , 39 36 -36 0 7 -29 , 0.005122571301523402 , 0
0.9599207676540153 , 9 -24 -15 -6 -46 -40 , 30 5 -5 0 20 15 , -36 26 -13 -22 18 -26 , 12 -41 41 0 -27 14 , 15 15 24 6 -25 -22 , -11 3 22 -15 -14 17 , 4 -22 -3 15 -5 -17 , -14 13 -26 22 -13 -8 , 39 36 -36 0 7 -29 , 0.0051923191152639615 , 1
0.9612057809527946 , 9 -24 -15 -6 -46 -40 , 30 5 -5 0 20 15 , -36 26 -13 -22 18 -26 , 12 -41 41 0 -27 14 , 15 15 24 6 -25 -22 , -11 3 22 -15 -14 17 , 4 -22 -3 15 -5 -17 , -14 13 -26 22 -13 -8 , 39 36 -36 0 7 -29 , 0.0051121963084979523 , 0
0.9612057809527946 , 13 12 -1 -32 -42 6 , 28 -17 17 0 1 18 , 24 -2 5 9 -7 27 , 14 -19 19 0 -8 11 , 45 1 -12 32 7 -54 , -30 27 -8 -8 -7 0 , -22 8 -27 8 8 -34 , 15 -5 2 -9 22 -5 , 39 36 -36 0 7 -29 , 0.005202534326209385 , 1
0.9657019258216291 , 9 -24 -15 -6 -46 -40 , 30 5 -5 0 20 15 , -36 26 -13 -22 18 -26 , 12 -41 41 0 -27 14 , 15 15 24 6 -25 -22 , -11 3 22 -15 -14 17 , 4 -22 -3 15 -5 -17 , -14 13 -26 22 -13 -8 , 39 36 -36 0 7 -29 , 0.0060201471025822587 , 0
0.9657019258216291 , 13 12 -1 -32 -42 6 , 28 -17 17 0 1 18 , 24 -2 5 9 -7 27 , 14 -19 19 0 -8 11 , 45 1 -12 32 7 -54 , -30 27 -8 -8 -7 0 , -22 8 -27 8 8 -34 , 15 -5 2 -9 22 -5 , 39 36 -36 0 7 -29 , 0.006553744090359955 , 1
0.9657019258216291 , 23 -6 -30 -25 1 -50 , 31 3 -3 0 19 16 , -25 -2 12 -21 4 -19 , 10 -4 4 0 2 6 , 48 30 6 25 -20 7 , -5 46 -22 -11 19 15 , 6 22 -46 11 37 -27 , -4 -12 2 21 -31 6 , 40 1 -1 0 -21 -22 , 0.0066633896897624568 , 2
0.9722174972720719 , 23 -27 -21 -3 -34 -42 , 35 3 -3 0 21 18 , 5 -5 15 -24 22 -5 , 7 -39 39 0 -28 11 , 26 21 27 3 -21 -7 , 14 5 -30 23 10 -9 , -9 30 -5 -23 21 5 , 29 -15 5 24 -20 27 , 39 36 -36 0 7 -29 , 0.0055518642284762649 , 0
0.9722174972720719 , 22 31 -37 -27 -7 -13 , 27 -19 19 0 -1 18 , 1 -25 19 -3 -7 -7 , 15 -17 17 0 -6 11 , 49 37 -31 27 24 -38 , 29 -12 13 -7 15 12 , 36 -13 12 7 -1 27 , 4 -19 25 3 -26 18 , 39 36 -36 0 7 -29 , 0.0063824627671920826 , 1
0.9722174972720719 , 9 -18 -2 -18 -49 -23 , 7 -39 39 0 -28 11 , 30 -9 -5 9 14 5 , 35 3 -3 0 21 18 , 27 2 18 18 -21 -31 , -13 27 -31 8 8 -10 , -21 31 -27 -8 21 -19 , 21 5 9 -9 10 23 , 39 36 -36 0 7 -29 , 0.0064852977075552931 , 2
0.9737817626048987 , 23 -27 -21 -3 -34 -42 , 35 3 -3 0 21 18 , 5 -5 15 -24 22 -5 , 7 -39 39 0 -28 11 , 26 21 27 3 -21 -7 , 14 5 -30 23 10 -9 , -9 30 -5 -23 21 5 , 29 -15 5 24 -20 27 , 39 36 -36 0 7 -29 , 0.0054405641949852894 , 0
0.9737817626048987 , 9 -18 -2 -18 -49 -23 , 7 -39 39 0 -28 11 , 30 -9 -5 9 14 5 , 35 3 -3 0 21 18 , 27 2 18 18 -21 -31 , -13 27 -31 8 8 -10 , -21 31 -27 -8 21 -19 , 21 5 9 -9 10 23 , 39 36 -36 0 7 -29 , 0.0059560025112857656 , 1
0.9737817626048987 , 17 -1 -29 -4 -39 -23 , 50 -8 8 0 20 28 , -12 -1 -2 0 -3 -11 , 12 35 -35 0 35 0 , 21 29 1 4 6 -38 , -8 -4 -1 -15 22 -26 , 7 1 4 15 -25 26 , -12 2 1 0 -9 -2 , 19 -27 27 0 -55 -28 , 0.0063579845926259784 , 2
0.9737817626048987 , 22 31 -37 -27 -7 -13 , 27 -19 19 0 -1 18 , 1 -25 19 -3 -7 -7 , 15 -17 17 0 -6 11 , 49 37 -31 27 24 -38 , 29 -12 13 -7 15 12 , 36 -13 12 7 -1 27 , 4 -19 25 3 -26 18 , 39 36 -36 0 7 -29 , 0.0064775987233017616 , 3
0.9772093722815314 , 17 -1 -29 -4 -39 -23 , 50 -8 8 0 20 28 , -12 -1 -2 0 -3 -11 , 12 35 -35 0 35 0 , 21 29 1 4 6 -38 , -8 -4 -1 -15 22 -26 , 7 1 4 15 -25 26 , -12 2 1 0 -9 -2 , 19 -27 27 0 -55 -28 , 0.0048220579378844084 , 0
0.9772093722815314 , 9 -18 -2 -18 -49 -23 , 7 -39 39 0 -28 11 , 30 -9 -5 9 14 5 , 35 3 -3 0 21 18 , 27 2 18 18 -21 -31 , -13 27 -31 8 8 -10 , -21 31 -27 -8 21 -19 , 21 5 9 -9 10 23 , 39 36 -36 0 7 -29 , 0.0054405641949852321 , 1
0.9772093722815314 , 23 -27 -21 -3 -34 -42 , 35 3 -3 0 21 18 , 5 -5 15 -24 22 -5 , 7 -39 39 0 -28 11 , 26 21 27 3 -21 -7 , 14 5 -30 23 10 -9 , -9 30 -5 -23 21 5 , 29 -15 5 24 -20 27 , 39 36 -36 0 7 -29 , 0.0059560025112853927 , 2
0.9805054142667854 , 17 -1 -29 -4 -39 -23 , 50 -8 8 0 20 28 , -12 -1 -2 0 -3 -11 , 12 35 -35 0 35 0 , 21 29 1 4 6 -38 , -8 -4 -1 -15 22 -26 , 7 1 4 15 -25 26 , -12 2 1 0 -9 -2 , 19 -27 27 0 -55 -28 , 0.0042214114588285554 , 0
0.9823581986967881 , 17 -1 -29 -4 -39 -23 , 50 -8 8 0 20 28 , -12 -1 -2 0 -3 -11 , 12 35 -35 0 35 0 , 21 29 1 4 6 -38 , -8 -4 -1 -15 22 -26 , 7 1 4 15 -25 26 , -12 2 1 0 -9 -2 , 19 -27 27 0 -55 -28 , 0.0044200355484604282 , 0
0.9823581986967881 , 36 10 -46 -17 8 -37 , 14 -19 19 0 -8 11 , 7 0 -30 34 -8 -8 , 28 -17 17 0 1 18 , 53 46 -10 17 9 -2 , 7 -9 22 2 -24 27 , 5 -22 9 -2 5 -15 , -27 30 0 -34 22 -8 , 39 36 -36 0 7 -29 , 0.0051225713015233855 , 1
0.9823581986967881 , 14 10 -11 -30 -31 -8 , 12 -41 41 0 -27 14 , 17 5 -15 3 22 -4 , 30 5 -5 0 20 15 , 44 11 -10 30 3 -41 , 26 -18 22 13 -26 36 , 13 -22 18 -13 14 -8 , 14 15 -5 -3 11 17 , 39 36 -36 0 7 -29 , 0.0051977628101675917 , 2
0.9836864985312904 , 17 -1 -29 -4 -39 -23 , 50 -8 8 0 20 28 , -12 -1 -2 0 -3 -11 , 12 35 -35 0 35 0 , 21 29 1 4 6 -38 , -8 -4 -1 -15 22 -26 , 7 1 4 15 -25 26 , -12 2 1 0 -9 -2 , 19 -27 27 0 -55 -28 , 0.004783298679359037 , 0
0.9836864985312904 , 14 10 -11 -30 -31 -8 , 12 -41 41 0 -27 14 , 17 5 -15 3 22 -4 , 30 5 -5 0 20 15 , 44 11 -10 30 3 -41 , 26 -18 22 13 -26 36 , 13 -22 18 -13 14 -8 , 14 15 -5 -3 11 17 , 39 36 -36 0 7 -29 , 0.0051121963084979523 , 1
0.9836864985312904 , 36 10 -46 -17 8 -37 , 14 -19 19 0 -8 11 , 7 0 -30 34 -8 -8 , 28 -17 17 0 1 18 , 53 46 -10 17 9 -2 , 7 -9 22 2 -24 27 , 5 -22 9 -2 5 -15 , -27 30 0 -34 22 -8 , 39 36 -36 0 7 -29 , 0.0052079673433990739 , 2
0.9862732845813488 , 14 10 -11 -30 -31 -8 , 12 -41 41 0 -27 14 , 17 5 -15 3 22 -4 , 30 5 -5 0 20 15 , 44 11 -10 30 3 -41 , 26 -18 22 13 -26 36 , 13 -22 18 -13 14 -8 , 14 15 -5 -3 11 17 , 39 36 -36 0 7 -29 , 0.0054295736540507754 , 0
0.9862732845813488 , -2 8 -30 -32 -10 -50 , 45 -1 1 0 23 24 , 0 8 -15 9 2 -3 , 17 28 -28 0 32 4 , 30 30 -8 32 -20 -18 , 22 -6 -14 30 -12 12 , -8 14 6 -30 26 -6 , -9 15 -8 -9 12 -6 , 19 -27 27 0 -55 -28 , 0.0056074209685840933 , 1
0.9862732845813488 , 16 -7 -44 -5 -15 -55 , 40 -4 4 0 18 22 , 13 -10 20 -14 7 10 , 2 -32 32 0 -25 7 , 21 44 7 5 -11 -8 , 14 -9 -8 -4 29 -21 , 18 8 9 4 -13 38 , 27 -20 10 14 -10 17 , 39 36 -36 0 7 -29 , 0.0056865440715744035 , 2
0.9862732845813488 , 36 10 -46 -17 8 -37 , 14 -19 19 0 -8 11 , 7 0 -30 34 -8 -8 , 28 -17 17 0 1 18 , 53 46 -10 17 9 -2 , 7 -9 22 2 -24 27 , 5 -22 9 -2 5 -15 , -27 30 0 -34 22 -8 , 39 36 -36 0 7 -29 , 0.00582277049683583 , 3
0.9862732845813488 , 17 -1 -29 -4 -39 -23 , 50 -8 8 0 20 28 , -12 -1 -2 0 -3 -11 , 12 35 -35 0 35 0 , 21 29 1 4 6 -38 , -8 -4 -1 -15 22 -26 , 7 1 4 15 -25 26 , -12 2 1 0 -9 -2 , 19 -27 27 0 -55 -28 , 0.0058697883082353746 , 4
0.988782334474307 , 16 -7 -44 -5 -15 -55 , 40 -4 4 0 18 22 , 13 -10 20 -14 7 10 , 2 -32 32 0 -25 7 , 21 44 7 5 -11 -8 , 14 -9 -8 -4 29 -21 , 18 8 9 4 -13 38 , 27 -20 10 14 -10 17 , 39 36 -36 0 7 -29 , 0.0050918864880273133 , 0
0.988782334474307 , -2 8 -30 -32 -10 -50 , 45 -1 1 0 23 24 , 0 8 -15 9 2 -3 , 17 28 -28 0 32 4 , 30 30 -8 32 -20 -18 , 22 -6 -14 30 -12 12 , -8 14 6 -30 26 -6 , -9 15 -8 -9 12 -6 , 19 -27 27 0 -55 -28 , 0.0053193536076351954 , 1
0.988782334474307 , 14 10 -11 -30 -31 -8 , 12 -41 41 0 -27 14 , 17 5 -15 3 22 -4 , 30 5 -5 0 20 15 , 44 11 -10 30 3 -41 , 26 -18 22 13 -26 36 , 13 -22 18 -13 14 -8 , 14 15 -5 -3 11 17 , 39 36 -36 0 7 -29 , 0.0062544600914999681 , 2
0.9900823614273399 , 16 -7 -44 -5 -15 -55 , 40 -4 4 0 18 22 , 13 -10 20 -14 7 10 , 2 -32 32 0 -25 7 , 21 44 7 5 -11 -8 , 14 -9 -8 -4 29 -21 , 18 8 9 4 -13 38 , 27 -20 10 14 -10 17 , 39 36 -36 0 7 -29 , 0.0050082208123127031 , 0
0.9900823614273399 , -2 8 -30 -32 -10 -50 , 45 -1 1 0 23 24 , 0 8 -15 9 2 -3 , 17 28 -28 0 32 4 , 30 30 -8 32 -20 -18 , 22 -6 -14 30 -12 12 , -8 14 6 -30 26 -6 , -9 15 -8 -9 12 -6 , 19 -27 27 0 -55 -28 , 0.0053981990458779119 , 1
0.9921223965380286 , 16 -7 -44 -5 -15 -55 , 40 -4 4 0 18 22 , 13 -10 20 -14 7 10 , 2 -32 32 0 -25 7 , 21 44 7 5 -11 -8 , 14 -9 -8 -4 29 -21 , 18 8 9 4 -13 38 , 27 -20 10 14 -10 17 , 39 36 -36 0 7 -29 , 0.0052118269813762356 , 0
0.9921223965380286 , -2 8 -30 -32 -10 -50 , 45 -1 1 0 23 24 , 0 8 -15 9 2 -3 , 17 28 -28 0 32 4 , 30 30 -8 32 -20 -18 , 22 -6 -14 30 -12 12 , -8 14 6 -30 26 -6 , -9 15 -8 -9 12 -6 , 19 -27 27 0 -55 -28 , 0.0058200942114821934 , 1
0.9921223965380286 , 1 -23 7 -19 -62 -20 , 27 -9 9 0 7 16 , 19 4 -18 27 -9 15 , 15 -27 27 0 -14 13 , 20 -7 23 19 -27 -39 , 1 19 -13 -17 34 -11 , 18 13 -19 17 2 15 , -8 18 -4 -27 33 -13 , 39 36 -36 0 7 -29 , 0.0059293115973122548 , 2
0.9921223965380286 , 16 -29 -28 -3 -28 -58 , 30 -5 5 0 12 17 , 32 -14 9 16 -12 28 , 12 -31 31 0 -19 12 , 19 28 29 3 -30 1 , 13 -10 -8 0 23 -19 , 13 8 10 0 -11 33 , 16 -9 14 -16 19 2 , 39 36 -36 0 7 -29 , 0.0061970689639898584 , 3
0.9965254458417928 , 1 -23 7 -19 -62 -20 , 27 -9 9 0 7 16 , 19 4 -18 27 -9 15 , 15 -27 27 0 -14 13 , 20 -7 23 19 -27 -39 , 1 19 -13 -17 34 -11 , 18 13 -19 17 2 15 , -8 18 -4 -27 33 -13 , 39 36 -36 0 7 -29 , 0.0050461223061359275 , 0
0.9965254458417928 , -7 -19 -16 -18 -39 -53 , 36 -10 10 0 11 21 , -4 15 -28 13 8 -12 , 6 -26 26 0 -18 8 , 11 16 19 18 -37 -20 , 25 -12 -21 39 -12 4 , -14 21 12 -39 25 0 , -17 28 -15 -13 16 -7 , 39 36 -36 0 7 -29 , 0.005096842321890155 , 1
0.9965254458417928 , 15 -35 -26 0 -33 -60 , 24 -23 23 0 -6 17 , 18 0 14 -2 -6 29 , 18 -13 13 0 -1 12 , 15 26 35 0 -34 2 , 3 9 -3 -23 36 -14 , 26 3 -9 23 -11 27 , 20 -14 0 2 15 -6 , 39 36 -36 0 7 -29 , 0.0059056124284656347 , 2
0.9982198467592925 , -7 -19 -16 -18 -39 -53 , 36 -10 10 0 11 21 , -4 15 -28 13 8 -12 , 6 -26 26 0 -18 8 , 11 16 19 18 -37 -20 , 25 -12 -21 39 -12 4 , -14 21 12 -39 25 0 , -17 28 -15 -13 16 -7 , 39 36 -36 0 7 -29 , 0.004954019470186824 , 0
0.9982198467592925 , 1 -23 7 -19 -62 -20 , 27 -9 9 0 7 16 , 19 4 -18 27 -9 15 , 15 -27 27 0 -14 13 , 20 -7 23 19 -27 -39 , 1 19 -13 -17 34 -11 , 18 13 -19 17 2 15 , -8 18 -4 -27 33 -13 , 39 36 -36 0 7 -29 , 0.005186409426680672 , 1
0.9982198467592925 , 15 -35 -26 0 -33 -60 , 24 -23 23 0 -6 17 , 18 0 14 -2 -6 29 , 18 -13 13 0 -1 12 , 15 26 35 0 -34 2 , 3 9 -3 -23 36 -14 , 26 3 -9 23 -11 27 , 20 -14 0 2 15 -6 , 39 36 -36 0 7 -29 , 0.0053638624638129781 , 2
0.9982198467592925 , -10 -15 -18 -9 -54 -43 , 16 -30 30 0 -16 14 , -12 -8 -5 18 -23 -7 , 26 -6 6 0 9 15 , -1 18 15 9 -25 -39 , -20 10 -19 16 -15 -10 , -36 19 -10 -16 9 -25 , -30 5 8 -18 -2 -15 , 39 36 -36 0 7 -29 , 0.0061255691180909493 , 3
1.0009758434196903 , 15 -35 -26 0 -33 -60 , 24 -23 23 0 -6 17 , 18 0 14 -2 -6 29 , 18 -13 13 0 -1 12 , 15 26 35 0 -34 2 , 3 9 -3 -23 36 -14 , 26 3 -9 23 -11 27 , 20 -14 0 2 15 -6 , 39 36 -36 0 7 -29 , 0.0049973267253672011 , 0
1.0009758434196903 , -7 -19 -16 -18 -39 -53 , 36 -10 10 0 11 21 , -4 15 -28 13 8 -12 , 6 -26 26 0 -18 8 , 11 16 19 18 -37 -20 , 25 -12 -21 39 -12 4 , -14 21 12 -39 25 0 , -17 28 -15 -13 16 -7 , 39 36 -36 0 7 -29 , 0.0053235378697623426 , 1
1.0009758434196903 , -10 -15 -18 -9 -54 -43 , 16 -30 30 0 -16 14 , -12 -8 -5 18 -23 -7 , 26 -6 6 0 9 15 , -1 18 15 9 -25 -39 , -20 10 -19 16 -15 -10 , -36 19 -10 -16 9 -25 , -30 5 8 -18 -2 -15 , 39 36 -36 0 7 -29 , 0.0054145726557707158 , 2
1.0009758434196903 , 1 -23 7 -19 -62 -20 , 27 -9 9 0 7 16 , 19 4 -18 27 -9 15 , 15 -27 27 0 -14 13 , 20 -7 23 19 -27 -39 , 1 19 -13 -17 34 -11 , 18 13 -19 17 2 15 , -8 18 -4 -27 33 -13 , 39 36 -36 0 7 -29 , 0.0059469599687863488 , 3
1.0025750025464963 , 15 -35 -26 0 -33 -60 , 24 -23 23 0 -6 17 , 18 0 14 -2 -6 29 , 18 -13 13 0 -1 12 , 15 26 35 0 -34 2 , 3 9 -3 -23 36 -14 , 26 3 -9 23 -11 27 , 20 -14 0 2 15 -6 , 39 36 -36 0 7 -29 , 0.0051236632623953508 , 0
1.0025750025464963 , -10 -15 -18 -9 -54 -43 , 16 -30 30 0 -16 14 , -12 -8 -5 18 -23 -7 , 26 -6 6 0 9 15 , -1 18 15 9 -25 -39 , -20 10 -19 16 -15 -10 , -36 19 -10 -16 9 -25 , -30 5 8 -18 -2 -15 , 39 36 -36 0 7 -29 , 0.0052951815075831538 , 1
1.0025750025464963 , -7 -19 -16 -18 -39 -53 , 36 -10 10 0 11 21 , -4 15 -28 13 8 -12 , 6 -26 26 0 -18 8 , 11 16 19 18 -37 -20 , 25 -12 -21 39 -12 4 , -14 21 12 -39 25 0 , -17 28 -15 -13 16 -7 , 39 36 -36 0 7 -29 , 0.0058331781237585404 , 2
1.0025750025464963 , 28 15 -46 -15 -3 -31 , 30 0 0 0 16 16 , 16 -3 -18 34 -18 11 , 12 -36 36 0 -23 13 , 43 46 -15 15 15 -18 , -9 2 17 -3 -24 21 , -6 -17 -2 3 4 -26 , -18 18 3 -34 29 -15 , 39 36 -36 0 7 -29 , 0.0058970758512519464 , 3
1.0025750025464963 , 38 12 -22 -27 -10 -5 , 10 -15 15 0 -7 8 , -22 10 -31 17 -1 -29 , 32 -21 21 0 0 21 , 65 22 -12 27 17 -22 , 16 0 10 -8 7 16 , 24 -10 0 8 6 7 , -39 31 -10 -17 2 -11 , 39 36 -36 0 7 -29 , 0.0062865815300400694 , 4
1.005965327694635 , 28 15 -46 -15 -3 -31 , 30 0 0 0 16 16 , 16 -3 -18 34 -18 11 , 12 -36 36 0 -23 13 , 43 46 -15 15 15 -18 , -9 2 17 -3 -24 21 , -6 -17 -2 3 4 -26 , -18 18 3 -34 29 -15 , 39 36 -36 0 7 -29 , 0.0051337026113587921 , 0
1.005965327694635 , 38 12 -22 -27 -10 -5 , 10 -15 15 0 -7 8 , -22 10 -31 17 -1 -29 , 32 -21 21 0 0 21 , 65 22 -12 27 17 -22 , 16 0 10 -8 7 16 , 24 -10 0 8 6 7 , -39 31 -10 -17 2 -11 , 39 36 -36 0 7 -29 , 0.0058115391512888219 , 1
1.005965327694635 , -10 -15 -18 -9 -54 -43 , 16 -30 30 0 -16 14 , -12 -8 -5 18 -23 -7 , 26 -6 6 0 9 15 , -1 18 15 9 -25 -39 , -20 10 -19 16 -15 -10 , -36 19 -10 -16 9 -25 , -30 5 8 -18 -2 -15 , 39 36 -36 0 7 -29 , 0.0058125790717337249 , 2
1.005965327694635 , 15 -35 -26 0 -33 -60 , 24 -23 23 0 -6 17 , 18 0 14 -2 -6 29 , 18 -13 13 0 -1 12 , 15 26 35 0 -34 2 , 3 9 -3 -23 36 -14 , 26 3 -9 23 -11 27 , 20 -14 0 2 15 -6 , 39 36 -36 0 7 -29 , 0.0061172465265742857 , 3
1.0067538895134727 , 28 15 -46 -15 -3 -31 , 30 0 0 0 16 16 , 16 -3 -18 34 -18 11 , 12 -36 36 0 -23 13 , 43 46 -15 15 15 -18 , -9 2 17 -3 -24 21 , -6 -17 -2 3 4 -26 , -18 18 3 -34 29 -15 , 39 36 -36 0 7 -29 , 0.005103331138164041 , 0
1.0067538895134727 , 38 12 -22 -27 -10 -5 , 10 -15 15 0 -7 8 , -22 10 -31 17 -1 -29 , 32 -21 21 0 0 21 , 65 22 -12 27 17 -22 , 16 0 10 -8 7 16 , 24 -10 0 8 6 7 , -39 31 -10 -17 2 -11 , 39 36 -36 0 7 -29 , 0.0058382275137438891 , 1
1.0067538895134727 , -10 -15 -18 -9 -54 -43 , 16 -30 30 0 -16 14 , -12 -8 -5 18 -23 -7 , 26 -6 6 0 9 15 , -1 18 15 9 -25 -39 , -20 10 -19 16 -15 -10 , -36 19 -10 -16 9 -25 , -30 5 8 -18 -2 -15 , 39 36 -36 0 7 -29 , 0.0060638649171249797 , 2
1.0084383236936907 , 28 15 -46 -15 -3 -31 , 30 0 0 0 16 16 , 16 -3 -18 34 -18 11 , 12 -36 36 0 -23 13 , 43 46 -15 15 15 -18 , -9 2 17 -3 -24 21 , -6 -17 -2 3 4 -26 , -18 18 3 -34 29 -15 , 39 36 -36 0 7 -29 , 0.0052404811791656293 , 0
1.0084383236936907 , 38 12 -22 -27 -10 -5 , 10 -15 15 0 -7 8 , -22 10 -31 17 -1 -29 , 32 -21 21 0 0 21 , 65 22 -12 27 17 -22 , 16 0 10 -8 7 16 , 24 -10 0 8 6 7 , -39 31 -10 -17 2 -11 , 39 36 -36 0 7 -29 , 0.0060689228930026701 , 1
1.0097696538239789 , 28 15 -46 -15 -3 -31 , 30 0 0 0 16 16 , 16 -3 -18 34 -18 11 , 12 -36 36 0 -23 13 , 43 46 -15 15 15 -18 , -9 2 17 -3 -24 21 , -6 -17 -2 3 4 -26 , -18 18 3 -34 29 -15 , 39 36 -36 0 7 -29 , 0.0055309483245826636 , 0
1.0097696538239789 , 38 12 -22 -27 -10 -5 , 10 -15 15 0 -7 8 , -22 10 -31 17 -1 -29 , 32 -21 21 0 0 21 , 65 22 -12 27 17 -22 , 16 0 10 -8 7 16 , 24 -10 0 8 6 7 , -39 31 -10 -17 2 -11 , 39 36 -36 0 7 -29 , 0.0064039358885368703 , 1
1.0097696538239789 , 27 -10 -14 -14 -35 -15 , 45 -1 1 0 23 24 , -6 -2 11 -21 15 -10 , -3 -35 35 0 -30 5 , 41 14 10 14 -1 -25 , 16 -27 -8 39 -26 -1 , -23 8 27 -39 7 1 , 15 -11 2 21 -21 17 , 39 36 -36 0 7 -29 , 0.0065081286198849959 , 2
1.0097696538239789 , 28 -10 -28 0 -37 -22 , 19 28 -28 0 33 5 , -31 23 -19 -13 17 -28 , 22 -29 29 0 -12 17 , 28 28 10 0 6 -27 , 1 26 17 -33 14 29 , 34 -17 -26 33 12 -12 , -18 19 -23 13 -9 -6 , 40 1 -1 0 -21 -22 , 0.0067780117951502248 , 3
1.0154362089786106 , -13 11 -2 -46 -35 -21 , 16 -30 30 0 -16 14 , -22 1 21 -26 -1 -4 , 26 -6 6 0 9 15 , 33 2 -11 46 -19 -46 , -32 13 -14 -11 12 -32 , -21 14 -13 11 -18 -1 , 4 -21 -1 26 -25 -2 , 39 36 -36 0 7 -29 , 0.0060234383991579678 , 0
1.0154362089786106 , 22 7 -17 -42 0 -27 , 13 5 -5 0 11 6 , -9 18 23 -44 22 11 , 28 -6 6 0 10 16 , 64 17 -7 42 -10 -7 , -20 -4 -18 15 -7 -29 , -35 18 4 -15 -11 -3 , 35 -23 -18 44 -12 4 , 40 1 -1 0 -21 -22 , 0.0063716847609524988 , 1
1.0154362089786106 , 21 -26 -29 3 -36 -45 , 30 5 -5 0 20 15 , 2 -12 30 -28 10 3 , 12 -41 41 0 -27 14 , 18 29 26 -3 -16 -10 , 8 19 -3 -7 9 18 , 15 3 -19 7 21 -10 , 30 -30 12 28 -27 22 , 39 36 -36 0 7 -29 , 0.0066776459252429875 , 2
1.0194964794829635 , -13 11 -2 -46 -35 -21 , 16 -30 30 0 -16 14 , -22 1 21 -26 -1 -4 , 26 -6 6 0 9 15 , 33 2 -11 46 -19 -46 , -32 13 -14 -11 12 -32 , -21 14 -13 11 -18 -1 , 4 -21 -1 26 -25 -2 , 39 36 -36 0 7 -29 , 0.0052951815075831486 , 0
1.0194964794829635 , 21 -26 -29 3 -36 -45 , 30 5 -5 0 20 15 , 2 -12 30 -28 10 3 , 12 -41 41 0 -27 14 , 18 29 26 -3 -16 -10 , 8 19 -3 -7 9 18 , 15 3 -19 7 21 -10 , 30 -30 12 28 -27 22 , 39 36 -36 0 7 -29 , 0.0053071017044996607 , 1
1.0215118130126595 , 21 -26 -29 3 -36 -45 , 30 5 -5 0 20 15 , 2 -12 30 -28 10 3 , 12 -41 41 0 -27 14 , 18 29 26 -3 -16 -10 , 8 19 -3 -7 9 18 , 15 3 -19 7 21 -10 , 30 -30 12 28 -27 22 , 39 36 -36 0 7 -29 , 0.0051121963084980269 , 0
1.0215118130126595 , -13 11 -2 -46 -35 -21 , 16 -30 30 0 -16 14 , -22 1 21 -26 -1 -4 , 26 -6 6 0 9 15 , 33 2 -11 46 -19 -46 , -32 13 -14 -11 12 -32 , -21 14 -13 11 -18 -1 , 4 -21 -1 26 -25 -2 , 39 36 -36 0 7 -29 , 0.0054835867492613781 , 1
1.024753681192013 , 21 -26 -29 3 -36 -45 , 30 5 -5 0 20 15 , 2 -12 30 -28 10 3 , 12 -41 41 0 -27 14 , 18 29 26 -3 -16 -10 , 8 19 -3 -7 9 18 , 15 3 -19 7 21 -10 , 30 -30 12 28 -27 22 , 39 36 -36 0 7 -29 , 0.0056026231689578045 , 0
1.024753681192013 , 5 -7 8 -32 -51 -6 , 12 -31 31 0 -19 12 , 33 -13 -8 23 0 11 , 30 -5 5 0 12 17 , 37 -8 7 32 -14 -44 , -18 32 -23 -14 26 -16 , -4 23 -32 14 7 -6 , 10 8 13 -23 19 13 , 39 36 -36 0 7 -29 , 0.00620411983714198 , 1
1.024753681192013 , -17 2 3 -45 -41 -26 , 20 -24 24 0 -9 15 , -32 12 -2 -11 -4 -15 , 22 -12 12 0 2 14 , 28 -3 -2 45 -29 -43 , -8 -3 -13 26 -25 -2 , -34 13 3 -26 11 -22 , -21 2 -12 11 -13 -16 , 39 36 -36 0 7 -29 , 0.0063297523033756867 , 2
1.024753681192013 , -13 11 -2 -46 -35 -21 , 16 -30 30 0 -16 14 , -22 1 21 -26 -1 -4 , 26 -6 6 0 9 15 , 33 2 -11 46 -19 -46 , -32 13 -14 -11 12 -32 , -21 14 -13 11 -18 -1 , 4 -21 -1 26 -25 -2 , 39 36 -36 0 7 -29 , 0.0064697735397273217 , 3
1.025171867229204 , 21 -26 -29 3 -36 -45 , 30 5 -5 0 20 15 , 2 -12 30 -28 10 3 , 12 -41 41 0 -27 14 , 18 29 26 -3 -16 -10 , 8 19 -3 -7 9 18 , 15 3 -19 7 21 -10 , 30 -30 12 28 -27 22 , 39 36 -36 0 7 -29 , 0.005729967228442036 , 0
1.025171867229204 , -17 2 3 -45 -41 -26 , 20 -24 24 0 -9 15 , -32 12 -2 -11 -4 -15 , 22 -12 12 0 2 14 , 28 -3 -2 45 -29 -43 , -8 -3 -13 26 -25 -2 , -34 13 3 -26 11 -22 , -21 2 -12 11 -13 -16 , 39 36 -36 0 7 -29 , 0.0061934597745517041 , 1
1.025171867229204 , 5 -7 8 -32 -51 -6 , 12 -31 31 0 -19 12 , 33 -13 -8 23 0 11 , 30 -5 5 0 12 17 , 37 -8 7 32 -14 -44 , -18 32 -23 -14 26 -16 , -4 23 -32 14 7 -6 , 10 8 13 -23 19 13 , 39 36 -36 0 7 -29 , 0.0061970689639898888 , 2
1.025171867229204 , -13 11 -2 -46 -35 -21 , 16 -30 30 0 -16 14 , -22 1 21 -26 -1 -4 , 26 -6 6 0 9 15 , 33 2 -11 46 -19 -46 , -32 13 -14 -11 12 -32 , -21 14 -13 11 -18 -1 , 4 -21 -1 26 -25 -2 , 39 36 -36 0 7 -29 , 0.006644086537793796 , 3
1.029044281515252 , -17 2 3 -45 -41 -26 , 20 -24 24 0 -9 15 , -32 12 -2 -11 -4 -15 , 22 -12 12 0 2 14 , 28 -3 -2 45 -29 -43 , -8 -3 -13 26 -25 -2 , -34 13 3 -26 11 -22 , -21 2 -12 11 -13 -16 , 39 36 -36 0 7 -29 , 0.0055552844189167569 , 0
1.029044281515252 , -19 -3 -9 -25 -54 -32 , 15 -17 17 0 -6 11 , 8 -25 22 17 -38 21 , 27 -19 19 0 -1 18 , 6 9 3 25 -23 -51 , 5 -21 10 19 -29 9 , -14 -10 21 -19 -1 -8 , -9 -22 25 -17 -1 -13 , 39 36 -36 0 7 -29 , 0.006723473694247804 , 1
1.029044281515252 , 5 -7 8 -32 -51 -6 , 12 -31 31 0 -19 12 , 33 -13 -8 23 0 11 , 30 -5 5 0 12 17 , 37 -8 7 32 -14 -44 , -18 32 -23 -14 26 -16 , -4 23 -32 14 7 -6 , 10 8 13 -23 19 13 , 39 36 -36 0 7 -29 , 0.0067750578307777653 , 2
1.029044281515252 , 3 5 -33 -22 -19 -43 , 50 -8 8 0 20 28 , 11 -12 -1 9 0 -3 , 12 35 -35 0 35 0 , 25 33 -5 22 -10 -24 , 8 -26 22 -7 -1 -4 , 15 -22 26 7 -26 25 , 2 1 12 -9 -2 12 , 19 -27 27 0 -55 -28 , 0.0068278656225246662 , 3
1.0315066771799377 , 3 5 -33 -22 -19 -43 , 50 -8 8 0 20 28 , 11 -12 -1 9 0 -3 , 12 35 -35 0 35 0 , 25 33 -5 22 -10 -24 , 8 -26 22 -7 -1 -4 , 15 -22 26 7 -26 25 , 2 1 12 -9 -2 12 , 19 -27 27 0 -55 -28 , 0.0055644762217339216 , 0
1.0315066771799377 , -17 2 3 -45 -41 -26 , 20 -24 24 0 -9 15 , -32 12 -2 -11 -4 -15 , 22 -12 12 0 2 14 , 28 -3 -2 45 -29 -43 , -8 -3 -13 26 -25 -2 , -34 13 3 -26 11 -22 , -21 2 -12 11 -13 -16 , 39 36 -36 0 7 -29 , 0.0058217580423217622 , 1
1.0315066771799377 , -19 -3 -9 -25 -54 -32 , 15 -17 17 0 -6 11 , 8 -25 22 17 -38 21 , 27 -19 19 0 -1 18 , 6 9 3 25 -23 -51 , 5 -21 10 19 -29 9 , -14 -10 21 -19 -1 -8 , -9 -22 25 -17 -1 -13 , 39 36 -36 0 7 -29 , 0.0063933466093806035 , 2
1.0315066771799377 , -4 8 -37 -16 -28 -43 , 46 -3 3 0 22 25 , -5 9 -2 -14 17 -8 , -5 2 -2 0 -1 -3 , 12 37 -8 16 -6 -36 , 3 36 -14 -34 53 -5 , 37 14 -36 34 9 17 , 9 2 -9 14 -6 8 , 40 1 -1 0 -21 -22 , 0.0066111159102833069 , 3
1.0320340307303546 , 3 5 -33 -22 -19 -43 , 50 -8 8 0 20 28 , 11 -12 -1 9 0 -3 , 12 35 -35 0 35 0 , 25 33 -5 22 -10 -24 , 8 -26 22 -7 -1 -4 , 15 -22 26 7 -26 25 , 2 1 12 -9 -2 12 , 19 -27 27 0 -55 -28 , 0.0053290438896209137 , 0
1.0320340307303546 , -17 2 3 -45 -41 -26 , 20 -24 24 0 -9 15 , -32 12 -2 -11 -4 -15 , 22 -12 12 0 2 14 , 28 -3 -2 45 -29 -43 , -8 -3 -13 26 -25 -2 , -34 13 3 -26 11 -22 , -21 2 -12 11 -13 -16 , 39 36 -36 0 7 -29 , 0.0059439434343617455 , 1
1.0320340307303546 , -19 -3 -9 -25 -54 -32 , 15 -17 17 0 -6 11 , 8 -25 22 17 -38 21 , 27 -19 19 0 -1 18 , 6 9 3 25 -23 -51 , 5 -21 10 19 -29 9 , -14 -10 21 -19 -1 -8 , -9 -22 25 -17 -1 -13 , 39 36 -36 0 7 -29 , 0.006382462767192015 , 2
1.0320340307303546 , -4 8 -37 -16 -28 -43 , 46 -3 3 0 22 25 , -5 9 -2 -14 17 -8 , -5 2 -2 0 -1 -3 , 12 37 -8 16 -6 -36 , 3 36 -14 -34 53 -5 , 37 14 -36 34 9 17 , 9 2 -9 14 -6 8 , 40 1 -1 0 -21 -22 , 0.0065380149380778367 , 3
1.0335930770449813 , 3 5 -33 -22 -19 -43 , 50 -8 8 0 20 28 , 11 -12 -1 9 0 -3 , 12 35 -35 0 35 0 , 25 33 -5 22 -10 -24 , 8 -26 22 -7 -1 -4 , 15 -22 26 7 -26 25 , 2 1 12 -9 -2 12 , 19 -27 27 0 -55 -28 , 0.0047374003838778185 , 0
1.0366336898575377 , 3 5 -33 -22 -19 -43 , 50 -8 8 0 20 28 , 11 -12 -1 9 0 -3 , 12 35 -35 0 35 0 , 25 33 -5 22 -10 -24 , 8 -26 22 -7 -1 -4 , 15 -22 26 7 -26 25 , 2 1 12 -9 -2 12 , 19 -27 27 0 -55 -28 , 0.0042214114588285572 , 0
1.0415380592046943 , 3 5 -33 -22 -19 -43 , 50 -8 8 0 20 28 , 11 -12 -1 9 0 -3 , 12 35 -35 0 35 0 , 25 33 -5 22 -10 -24 , 8 -26 22 -7 -1 -4 , 15 -22 26 7 -26 25 , 2 1 12 -9 -2 12 , 19 -27 27 0 -55 -28 , 0.0054632124394002092 , 0
1.0415380592046943 , 11 13 -28 -20 -29 -18 , 2 -37 37 0 -29 8 , 25 10 -17 18 3 19 , 40 1 -1 0 22 21 , 31 28 -13 20 10 -42 , -8 14 -14 14 -14 7 , -22 14 -14 -14 21 -28 , 7 17 -10 -18 36 -7 , 39 36 -36 0 7 -29 , 0.0059166543316498572 , 1
1.0464967911456422 , 21 -4 -35 -17 -10 -43 , 2 -37 37 0 -29 8 , -25 -10 17 -18 -3 -19 , 40 1 -1 0 22 21 , 38 35 4 17 -8 -6 , -21 28 -22 -7 14 -14 , -14 22 -28 7 8 -14 , -7 -17 10 18 -36 7 , 39 36 -36 0 7 -29 , 0.0059166543316498269 , 0
1.0464967911456422 , 35 -11 -45 -3 -7 -46 , 41 -17 17 0 8 25 , -7 12 5 -18 11 2 , 1 -19 19 0 -15 4 , 38 45 11 3 -1 4 , -3 19 -45 24 12 -21 , -27 45 -19 -24 24 -7 , 11 -5 -12 18 -3 -1 , 39 36 -36 0 7 -29 , 0.0061988360929872074 , 1
1.0464967911456422 , 11 13 -28 -20 -29 -18 , 2 -37 37 0 -29 8 , 25 10 -17 18 3 19 , 40 1 -1 0 22 21 , 31 28 -13 20 10 -42 , -8 14 -14 14 -14 7 , -22 14 -14 -14 21 -28 , 7 17 -10 -18 36 -7 , 39 36 -36 0 7 -29 , 0.0068775892227944243 , 2
1.0513754737419603 , 35 -11 -45 -3 -7 -46 , 41 -17 17 0 8 25 , -7 12 5 -18 11 2 , 1 -19 19 0 -15 4 , 38 45 11 3 -1 4 , -3 19 -45 24 12 -21 , -27 45 -19 -24 24 -7 , 11 -5 -12 18 -3 -1 , 39 36 -36 0 7 -29 , 0.0051502276933063336 , 0
1.0576977249377808 , -2 -15 3 -21 -62 -15 , 26 -6 6 0 9 15 , 13 -32 32 1 -21 14 , 16 -30 30 0 -16 14 , 19 -3 15 21 -18 -47 , -9 -10 -7 21 -22 -8 , -30 7 10 -21 -1 -12 , 12 -32 32 -1 -18 11 , 39 36 -36 0 7 -29 , 0.0055447513192525711 , 0
1.0576977249377808 , 14 -35 -19 1 -47 -45 , 1 -19 19 0 -15 4 , 5 -17 23 16 -44 31 , 41 -17 17 0 8 25 , 13 19 35 -1 -26 -12 , -15 12 5 -17 5 -1 , 2 -5 -12 17 -6 -7 , -11 -23 17 -16 8 -27 , 39 36 -36 0 7 -29 , 0.0060763903385918664 , 1
1.0576977249377808 , 35 -11 -45 -3 -7 -46 , 41 -17 17 0 8 25 , -7 12 5 -18 11 2 , 1 -19 19 0 -15 4 , 38 45 11 3 -1 4 , -3 19 -45 24 12 -21 , -27 45 -19 -24 24 -7 , 11 -5 -12 18 -3 -1 , 39 36 -36 0 7 -29 , 0.0068198377914335346 , 2
1.0600238078970003 , -2 -15 3 -21 -62 -15 , 26 -6 6 0 9 15 , 13 -32 32 1 -21 14 , 16 -30 30 0 -16 14 , 19 -3 15 21 -18 -47 , -9 -10 -7 21 -22 -8 , -30 7 10 -21 -1 -12 , 12 -32 32 -1 -18 11 , 39 36 -36 0 7 -29 , 0.0052951815075831738 , 0
1.0600238078970003 , 14 -35 -19 1 -47 -45 , 1 -19 19 0 -15 4 , 5 -17 23 16 -44 31 , 41 -17 17 0 8 25 , 13 19 35 -1 -26 -12 , -15 12 5 -17 5 -1 , 2 -5 -12 17 -6 -7 , -11 -23 17 -16 8 -27 , 39 36 -36 0 7 -29 , 0.0053870657575635561 , 1
1.0600238078970003 , -10 -9 -12 -16 -57 -29 , 30 -5 5 0 12 17 , 7 -6 4 -16 26 -14 , 12 -31 31 0 -19 12 , 6 12 9 16 -17 -48 , 28 -9 1 1 17 5 , 27 -1 9 -1 4 26 , 23 -4 6 16 -18 32 , 39 36 -36 0 7 -29 , 0.0064423922069346742 , 2
1.062257925771668 , 14 -35 -19 1 -47 -45 , 1 -19 19 0 -15 4 , 5 -17 23 16 -44 31 , 41 -17 17 0 8 25 , 13 19 35 -1 -26 -12 , -15 12 5 -17 5 -1 , 2 -5 -12 17 -6 -7 , -11 -23 17 -16 8 -27 , 39 36 -36 0 7 -29 , 0.0051502276933063145 , 0
1.062257925771668 , -2 -15 3 -21 -62 -15 , 26 -6 6 0 9 15 , 13 -32 32 1 -21 14 , 16 -30 30 0 -16 14 , 19 -3 15 21 -18 -47 , -9 -10 -7 21 -22 -8 , -30 7 10 -21 -1 -12 , 12 -32 32 -1 -18 11 , 39 36 -36 0 7 -29 , 0.0055258102063857574 , 1
1.062257925771668 , -10 -9 -12 -16 -57 -29 , 30 -5 5 0 12 17 , 7 -6 4 -16 26 -14 , 12 -31 31 0 -19 12 , 6 12 9 16 -17 -48 , 28 -9 1 1 17 5 , 27 -1 9 -1 4 26 , 23 -4 6 16 -18 32 , 39 36 -36 0 7 -29 , 0.0061997157860133887 , 2
1.0625140987497446 , 14 -35 -19 1 -47 -45 , 1 -19 19 0 -15 4 , 5 -17 23 16 -44 31 , 41 -17 17 0 8 25 , 13 19 35 -1 -26 -12 , -15 12 5 -17 5 -1 , 2 -5 -12 17 -6 -7 , -11 -23 17 -16 8 -27 , 39 36 -36 0 7 -29 , 0.0051534122165065388 , 0
1.0625140987497446 , -2 -15 3 -21 -62 -15 , 26 -6 6 0 9 15 , 13 -32 32 1 -21 14 , 16 -30 30 0 -16 14 , 19 -3 15 21 -18 -47 , -9 -10 -7 21 -22 -8 , -30 7 10 -21 -1 -12 , 12 -32 32 -1 -18 11 , 39 36 -36 0 7 -29 , 0.0055802964828433515 , 1
1.0625140987497446 , -10 -9 -12 -16 -57 -29 , 30 -5 5 0 12 17 , 7 -6 4 -16 26 -14 , 12 -31 31 0 -19 12 , 6 12 9 16 -17 -48 , 28 -9 1 1 17 5 , 27 -1 9 -1 4 26 , 23 -4 6 16 -18 32 , 39 36 -36 0 7 -29 , 0.0061970689639898741 , 2
1.0625140987497446 , -14 0 -1 -42 -39 -28 , 30 -5 5 0 12 17 , -9 14 -32 19 2 -16 , 12 -31 31 0 -19 12 , 28 1 0 42 -27 -39 , 28 -5 -17 27 -1 9 , 1 17 5 -27 26 4 , -28 32 -14 -19 16 -12 , 39 36 -36 0 7 -29 , 0.0064283030261774498 , 3
1.064930474334625 , 14 -35 -19 1 -47 -45 , 1 -19 19 0 -15 4 , 5 -17 23 16 -44 31 , 41 -17 17 0 8 25 , 13 19 35 -1 -26 -12 , -15 12 5 -17 5 -1 , 2 -5 -12 17 -6 -7 , -11 -23 17 -16 8 -27 , 39 36 -36 0 7 -29 , 0.0054859903337466593 , 0
1.064930474334625 , 17 -29 -38 8 -34 -57 , 37 -23 23 0 1 24 , -2 9 9 -13 2 12 , 5 -13 13 0 -8 5 , 9 38 29 -8 -19 -5 , 17 -2 13 -25 31 1 , 42 -13 2 25 -12 33 , 11 -9 -9 13 3 -7 , 39 36 -36 0 7 -29 , 0.0061516485618903754 , 1
1.064930474334625 , -14 0 -1 -42 -39 -28 , 30 -5 5 0 12 17 , -9 14 -32 19 2 -16 , 12 -31 31 0 -19 12 , 28 1 0 42 -27 -39 , 28 -5 -17 27 -1 9 , 1 17 5 -27 26 4 , -28 32 -14 -19 16 -12 , 39 36 -36 0 7 -29 , 0.006197068963989914 , 2
1.064930474334625 , -2 -15 3 -21 -62 -15 , 26 -6 6 0 9 15 , 13 -32 32 1 -21 14 , 16 -30 30 0 -16 14 , 19 -3 15 21 -18 -47 , -9 -10 -7 21 -22 -8 , -30 7 10 -21 -1 -12 , 12 -32 32 -1 -18 11 , 39 36 -36 0 7 -29 , 0.0063306067212492174 , 3
1.064930474334625 , -10 -9 -12 -16 -57 -29 , 30 -5 5 0 12 17 , 7 -6 4 -16 26 -14 , 12 -31 31 0 -19 12 , 6 12 9 16 -17 -48 , 28 -9 1 1 17 5 , 27 -1 9 -1 4 26 , 23 -4 6 16 -18 32 , 39 36 -36 0 7 -29 , 0.0064283030261771731 , 4
1.0691939938099264 , 17 -29 -38 8 -34 -57 , 37 -23 23 0 1 24 , -2 9 9 -13 2 12 , 5 -13 13 0 -8 5 , 9 38 29 -8 -19 -5 , 17 -2 13 -25 31 1 , 42 -13 2 25 -12 33 , 11 -9 -9 13 3 -7 , 39 36 -36 0 7 -29 , 0.0053622776668227987 , 0
1.0691939938099264 , -16 23 -28 -33 -30 -30 , 13 5 -5 0 11 6 , 3 -6 43 -28 -10 31 , 28 -6 6 0 10 16 , 17 28 -23 33 -2 -53 , -8 -25 33 -9 -22 4 , 1 -33 25 9 -29 3 , 31 -43 6 28 -12 -4 , 40 1 -1 0 -21 -22 , 0.0066903796980942749 , 1
1.0692680357912157 , 17 -29 -38 8 -34 -57 , 37 -23 23 0 1 24 , -2 9 9 -13 2 12 , 5 -13 13 0 -8 5 , 9 38 29 -8 -19 -5 , 17 -2 13 -25 31 1 , 42 -13 2 25 -12 33 , 11 -9 -9 13 3 -7 , 39 36 -36 0 7 -29 , 0.0053625332513938008 , 0
1.0692680357912157 , -16 23 -28 -33 -30 -30 , 13 5 -5 0 11 6 , 3 -6 43 -28 -10 31 , 28 -6 6 0 10 16 , 17 28 -23 33 -2 -53 , -8 -25 33 -9 -22 4 , 1 -33 25 9 -29 3 , 31 -43 6 28 -12 -4 , 40 1 -1 0 -21 -22 , 0.0066745996321133684 , 1
1.0720794177603903 , 17 -29 -38 8 -34 -57 , 37 -23 23 0 1 24 , -2 9 9 -13 2 12 , 5 -13 13 0 -8 5 , 9 38 29 -8 -19 -5 , 17 -2 13 -25 31 1 , 42 -13 2 25 -12 33 , 11 -9 -9 13 3 -7 , 39 36 -36 0 7 -29 , 0.0057373198953976851 , 0
1.0720794177603903 , -16 23 -28 -33 -30 -30 , 13 5 -5 0 11 6 , 3 -6 43 -28 -10 31 , 28 -6 6 0 10 16 , 17 28 -23 33 -2 -53 , -8 -25 33 -9 -22 4 , 1 -33 25 9 -29 3 , 31 -43 6 28 -12 -4 , 40 1 -1 0 -21 -22 , 0.0063716847609527408 , 1
1.0720794177603903 , -3 10 -5 -45 -29 -17 , 12 -36 36 0 -23 13 , 26 -4 -3 2 17 6 , 30 0 0 0 16 16 , 42 5 -10 45 -12 -39 , -18 18 3 -34 29 -15 , 16 -3 -18 34 -18 11 , 24 3 4 -2 9 21 , 39 36 -36 0 7 -29 , 0.0065516686769379329 , 2
1.0720794177603903 , 28 -28 -7 -12 -40 -22 , -5 2 -2 0 -1 -3 , 30 24 -13 13 1 41 , 46 -3 3 0 22 25 , 40 7 28 12 -15 -12 , -2 5 -2 -12 17 -9 , 10 2 -5 12 -7 12 , 17 13 -24 -13 54 -23 , 40 1 -1 0 -21 -22 , 0.0066040243252455163 , 3
1.074120405459018 , -3 10 -5 -45 -29 -17 , 12 -36 36 0 -23 13 , 26 -4 -3 2 17 6 , 30 0 0 0 16 16 , 42 5 -10 45 -12 -39 , -18 18 3 -34 29 -15 , 16 -3 -18 34 -18 11 , 24 3 4 -2 9 21 , 39 36 -36 0 7 -29 , 0.0057574509886980565 , 0
1.074120405459018 , 17 -29 -38 8 -34 -57 , 37 -23 23 0 1 24 , -2 9 9 -13 2 12 , 5 -13 13 0 -8 5 , 9 38 29 -8 -19 -5 , 17 -2 13 -25 31 1 , 42 -13 2 25 -12 33 , 11 -9 -9 13 3 -7 , 39 36 -36 0 7 -29 , 0.006394429723610629 , 1
1.074120405459018 , 28 -28 -7 -12 -40 -22 , -5 2 -2 0 -1 -3 , 30 24 -13 13 1 41 , 46 -3 3 0 22 25 , 40 7 28 12 -15 -12 , -2 5 -2 -12 17 -9 , 10 2 -5 12 -7 12 , 17 13 -24 -13 54 -23 , 40 1 -1 0 -21 -22 , 0.0064444032419759475 , 2
1.074120405459018 , -16 23 -28 -33 -30 -30 , 13 5 -5 0 11 6 , 3 -6 43 -28 -10 31 , 28 -6 6 0 10 16 , 17 28 -23 33 -2 -53 , -8 -25 33 -9 -22 4 , 1 -33 25 9 -29 3 , 31 -43 6 28 -12 -4 , 40 1 -1 0 -21 -22 , 0.0065330828344265556 , 3
1.0778898297531323 , -3 10 -5 -45 -29 -17 , 12 -36 36 0 -23 13 , 26 -4 -3 2 17 6 , 30 0 0 0 16 16 , 42 5 -10 45 -12 -39 , -18 18 3 -34 29 -15 , 16 -3 -18 34 -18 11 , 24 3 4 -2 9 21 , 39 36 -36 0 7 -29 , 0.0051033311381639508 , 0
1.0835874310343718 , 6 15 -20 -28 -33 -11 , 34 1 -1 0 19 18 , -20 6 11 -31 19 -17 , 8 -37 37 0 -26 11 , 34 20 -15 28 9 -48 , 0 -26 7 4 -2 -20 , -4 -7 26 -4 -27 24 , 11 -11 -6 31 -28 13 , 39 36 -36 0 7 -29 , 0.0059524664794163989 , 0
1.0835874310343718 , 28 14 -51 -15 1 -35 , 5 -23 23 0 -16 7 , 17 -2 1 -16 33 -8 , 37 -13 13 0 9 22 , 43 51 -14 15 16 -13 , -16 -4 11 -17 5 -14 , 1 -11 4 17 -25 9 , 33 -1 2 16 -9 35 , 39 36 -36 0 7 -29 , 0.0063771341891041495 , 1
1.0835874310343718 , -8 -1 -1 -27 -59 -10 , 27 -19 19 0 -1 18 , -14 8 1 5 -21 10 , 15 -17 17 0 -6 11 , 19 1 1 27 -9 -58 , -36 13 -12 -7 1 -27 , -29 12 -13 7 -15 -12 , -19 -1 -8 -5 9 -29 , 39 36 -36 0 7 -29 , 0.0063824627671920176 , 2
1.0835874310343718 , -3 10 -5 -45 -29 -17 , 12 -36 36 0 -23 13 , 26 -4 -3 2 17 6 , 30 0 0 0 16 16 , 42 5 -10 45 -12 -39 , -18 18 3 -34 29 -15 , 16 -3 -18 34 -18 11 , 24 3 4 -2 9 21 , 39 36 -36 0 7 -29 , 0.006501942171460889 , 3
1.085263868071921 , 6 15 -20 -28 -33 -11 , 34 1 -1 0 19 18 , -20 6 11 -31 19 -17 , 8 -37 37 0 -26 11 , 34 20 -15 28 9 -48 , 0 -26 7 4 -2 -20 , -4 -7 26 -4 -27 24 , 11 -11 -6 31 -28 13 , 39 36 -36 0 7 -29 , 0.0058332361811371742 , 0
1.085263868071921 , 28 14 -51 -15 1 -35 , 5 -23 23 0 -16 7 , 17 -2 1 -16 33 -8 , 37 -13 13 0 9 22 , 43 51 -14 15 16 -13 , -16 -4 11 -17 5 -14 , 1 -11 4 17 -25 9 , 33 -1 2 16 -9 35 , 39 36 -36 0 7 -29 , 0.0059642530176888305 , 1
1.085263868071921 , -8 -1 -1 -27 -59 -10 , 27 -19 19 0 -1 18 , -14 8 1 5 -21 10 , 15 -17 17 0 -6 11 , 19 1 1 27 -9 -58 , -36 13 -12 -7 1 -27 , -29 12 -13 7 -15 -12 , -19 -1 -8 -5 9 -29 , 39 36 -36 0 7 -29 , 0.0064916131632488955 , 2
1.085263868071921 , -2 -2 -22 -33 -18 -46 , -5 2 -2 0 -1 -3 , 14 37 -17 5 3 36 , 46 -3 3 0 22 25 , 31 22 2 33 -24 -16 , 14 -6 8 5 -8 17 , 9 -8 6 -5 9 -2 , 9 17 -37 -5 53 -34 , 40 1 -1 0 -21 -22 , 0.0069389785099922933 , 3
1.0874651643134177 , 28 14 -51 -15 1 -35 , 5 -23 23 0 -16 7 , 17 -2 1 -16 33 -8 , 37 -13 13 0 9 22 , 43 51 -14 15 16 -13 , -16 -4 11 -17 5 -14 , 1 -11 4 17 -25 9 , 33 -1 2 16 -9 35 , 39 36 -36 0 7 -29 , 0.0057575580224067616 , 0
1.0874651643134177 , 6 15 -20 -28 -33 -11 , 34 1 -1 0 19 18 , -20 6 11 -31 19 -17 , 8 -37 37 0 -26 11 , 34 20 -15 28 9 -48 , 0 -26 7 4 -2 -20 , -4 -7 26 -4 -27 24 , 11 -11 -6 31 -28 13 , 39 36 -36 0 7 -29 , 0.0060373407632203545 , 1
1.0874651643134177 , -2 -2 -22 -33 -18 -46 , -5 2 -2 0 -1 -3 , 14 37 -17 5 3 36 , 46 -3 3 0 22 25 , 31 22 2 33 -24 -16 , 14 -6 8 5 -8 17 , 9 -8 6 -5 9 -2 , 9 17 -37 -5 53 -34 , 40 1 -1 0 -21 -22 , 0.0065240340438912905 , 2
1.0874651643134177 , -3 -30 -7 -18 -47 -46 , 16 -30 30 0 -16 14 , -16 -13 6 -7 1 -24 , 26 -6 6 0 9 15 , 15 7 30 18 -39 -17 , -20 10 -19 16 -15 -10 , -36 19 -10 -16 9 -25 , -9 -6 13 7 -30 14 , 39 36 -36 0 7 -29 , 0.0067358419948023805 , 3
1.0874651643134177 , -8 -1 -1 -27 -59 -10 , 27 -19 19 0 -1 18 , -14 8 1 5 -21 10 , 15 -17 17 0 -6 11 , 19 1 1 27 -9 -58 , -36 13 -12 -7 1 -27 , -29 12 -13 7 -15 -12 , -19 -1 -8 -5 9 -29 , 39 36 -36 0 7 -29 , 0.0069465230727120643 , 4
1.088177802937113 , 28 14 -51 -15 1 -35 , 5 -23 23 0 -16 7 , 17 -2 1 -16 33 -8 , 37 -13 13 0 9 22 , 43 51 -14 15 16 -13 , -16 -4 11 -17 5 -14 , 1 -11 4 17 -25 9 , 33 -1 2 16 -9 35 , 39 36 -36 0 7 -29 , 0.0057795674541427896 , 0
1.088177802937113 , 6 15 -20 -28 -33 -11 , 34 1 -1 0 19 18 , -20 6 11 -31 19 -17 , 8 -37 37 0 -26 11 , 34 20 -15 28 9 -48 , 0 -26 7 4 -2 -20 , -4 -7 26 -4 -27 24 , 11 -11 -6 31 -28 13 , 39 36 -36 0 7 -29 , 0.0061864471788992143 , 1
1.088177802937113 , -3 -30 -7 -18 -47 -46 , 16 -30 30 0 -16 14 , -16 -13 6 -7 1 -24 , 26 -6 6 0 9 15 , 15 7 30 18 -39 -17 , -20 10 -19 16 -15 -10 , -36 19 -10 -16 9 -25 , -9 -6 13 7 -30 14 , 39 36 -36 0 7 -29 , 0.0064365898422371649 , 2
1.088177802937113 , -2 -2 -22 -33 -18 -46 , -5 2 -2 0 -1 -3 , 14 37 -17 5 3 36 , 46 -3 3 0 22 25 , 31 22 2 33 -24 -16 , 14 -6 8 5 -8 17 , 9 -8 6 -5 9 -2 , 9 17 -37 -5 53 -34 , 40 1 -1 0 -21 -22 , 0.0064647340509791842 , 3
1.088177802937113 , 15 -4 -29 -8 -37 -25 , 49 -5 5 0 22 27 , -9 4 1 -15 15 -13 , -7 -31 31 0 -29 2 , 23 29 4 8 4 -33 , 24 -33 7 7 10 -14 , 17 -7 33 -7 -21 43 , 6 -1 -4 15 -14 11 , 39 36 -36 0 7 -29 , 0.0068902785299229411 , 4
1.088177802937113 , -8 -1 -1 -27 -59 -10 , 27 -19 19 0 -1 18 , -14 8 1 5 -21 10 , 15 -17 17 0 -6 11 , 19 1 1 27 -9 -58 , -36 13 -12 -7 1 -27 , -29 12 -13 7 -15 -12 , -19 -1 -8 -5 9 -29 , 39 36 -36 0 7 -29 , 0.0071604125904402675 , 5
1.0889023091170273 , 28 14 -51 -15 1 -35 , 5 -23 23 0 -16 7 , 17 -2 1 -16 33 -8 , 37 -13 13 0 9 22 , 43 51 -14 15 16 -13 , -16 -4 11 -17 5 -14 , 1 -11 4 17 -25 9 , 33 -1 2 16 -9 35 , 39 36 -36 0 7 -29 , 0.0058465512516994748 , 0
1.0889023091170273 , -3 -30 -7 -18 -47 -46 , 16 -30 30 0 -16 14 , -16 -13 6 -7 1 -24 , 26 -6 6 0 9 15 , 15 7 30 18 -39 -17 , -20 10 -19 16 -15 -10 , -36 19 -10 -16 9 -25 , -9 -6 13 7 -30 14 , 39 36 -36 0 7 -29 , 0.0061597704941318433 , 1
1.0889023091170273 , 6 15 -20 -28 -33 -11 , 34 1 -1 0 19 18 , -20 6 11 -31 19 -17 , 8 -37 37 0 -26 11 , 34 20 -15 28 9 -48 , 0 -26 7 4 -2 -20 , -4 -7 26 -4 -27 24 , 11 -11 -6 31 -28 13 , 39 36 -36 0 7 -29 , 0.0063754006250738562 , 2
1.0889023091170273 , -2 -2 -22 -33 -18 -46 , -5 2 -2 0 -1 -3 , 14 37 -17 5 3 36 , 46 -3 3 0 22 25 , 31 22 2 33 -24 -16 , 14 -6 8 5 -8 17 , 9 -8 6 -5 9 -2 , 9 17 -37 -5 53 -34 , 40 1 -1 0 -21 -22 , 0.0064444032419758599 , 3
1.0889023091170273 , 15 -4 -29 -8 -37 -25 , 49 -5 5 0 22 27 , -9 4 1 -15 15 -13 , -7 -31 31 0 -29 2 , 23 29 4 8 4 -33 , 24 -33 7 7 10 -14 , 17 -7 33 -7 -21 43 , 6 -1 -4 15 -14 11 , 39 36 -36 0 7 -29 , 0.0065446393322933132 , 4
1.0933528975009432 , 15 -4 -29 -8 -37 -25 , 49 -5 5 0 22 27 , -9 4 1 -15 15 -13 , -7 -31 31 0 -29 2 , 23 29 4 8 4 -33 , 24 -33 7 7 10 -14 , 17 -7 33 -7 -21 43 , 6 -1 -4 15 -14 11 , 39 36 -36 0 7 -29 , 0.0050816175096055332 , 0
1.0933528975009432 , -3 -30 -7 -18 -47 -46 , 16 -30 30 0 -16 14 , -16 -13 6 -7 1 -24 , 26 -6 6 0 9 15 , 15 7 30 18 -39 -17 , -20 10 -19 16 -15 -10 , -36 19 -10 -16 9 -25 , -9 -6 13 7 -30 14 , 39 36 -36 0 7 -29 , 0.0052951815075831486 , 1
1.0933528975009432 , 29 17 -42 -18 -8 -19 , 41 -17 17 0 8 25 , 5 12 -7 3 1 11 , 1 -19 19 0 -15 4 , 47 42 -17 18 23 -25 , -21 3 -19 24 -24 -12 , -45 19 -3 -24 7 -27 , 2 7 -12 -3 18 -11 , 39 36 -36 0 7 -29 , 0.0060262690394171344 , 2
1.094949465071532 , 15 -4 -29 -8 -37 -25 , 49 -5 5 0 22 27 , -9 4 1 -15 15 -13 , -7 -31 31 0 -29 2 , 23 29 4 8 4 -33 , 24 -33 7 7 10 -14 , 17 -7 33 -7 -21 43 , 6 -1 -4 15 -14 11 , 39 36 -36 0 7 -29 , 0.0049546267761837208 , 0
1.094949465071532 , -3 -30 -7 -18 -47 -46 , 16 -30 30 0 -16 14 , -16 -13 6 -7 1 -24 , 26 -6 6 0 9 15 , 15 7 30 18 -39 -17 , -20 10 -19 16 -15 -10 , -36 19 -10 -16 9 -25 , -9 -6 13 7 -30 14 , 39 36 -36 0 7 -29 , 0.0054141902542013563 , 1
1.094949465071532 , 29 17 -42 -18 -8 -19 , 41 -17 17 0 8 25 , 5 12 -7 3 1 11 , 1 -19 19 0 -15 4 , 47 42 -17 18 23 -25 , -21 3 -19 24 -24 -12 , -45 19 -3 -24 7 -27 , 2 7 -12 -3 18 -11 , 39 36 -36 0 7 -29 , 0.0055249757012544769 , 2
1.097778078206543 , 29 17 -42 -18 -8 -19 , 41 -17 17 0 8 25 , 5 12 -7 3 1 11 , 1 -19 19 0 -15 4 , 47 42 -17 18 23 -25 , -21 3 -19 24 -24 -12 , -45 19 -3 -24 7 -27 , 2 7 -12 -3 18 -11 , 39 36 -36 0 7 -29 , 0.0051502276933064134 , 0
1.097778078206543 , 15 -4 -29 -8 -37 -25 , 49 -5 5 0 22 27 , -9 4 1 -15 15 -13 , -7 -31 31 0 -29 2 , 23 29 4 8 4 -33 , 24 -33 7 7 10 -14 , 17 -7 33 -7 -21 43 , 6 -1 -4 15 -14 11 , 39 36 -36 0 7 -29 , 0.0053431114226265989 , 1
1.097778078206543 , -3 -30 -7 -18 -47 -46 , 16 -30 30 0 -16 14 , -16 -13 6 -7 1 -24 , 26 -6 6 0 9 15 , 15 7 30 18 -39 -17 , -20 10 -19 16 -15 -10 , -36 19 -10 -16 9 -25 , -9 -6 13 7 -30 14 , 39 36 -36 0 7 -29 , 0.0061506110862737618 , 2
1.1009512457495891 , -3 -23 -24 -9 -42 -53 , 41 -17 17 0 8 25 , 5 -2 -7 -1 15 -12 , 1 -19 19 0 -15 4 , 6 24 23 9 -29 -19 , -16 8 -27 -5 31 -44 , -11 27 -8 5 -17 23 , 6 7 2 1 -5 17 , 39 36 -36 0 7 -29 , 0.0054120948692177257 , 0
1.1009512457495891 , 29 17 -42 -18 -8 -19 , 41 -17 17 0 8 25 , 5 12 -7 3 1 11 , 1 -19 19 0 -15 4 , 47 42 -17 18 23 -25 , -21 3 -19 24 -24 -12 , -45 19 -3 -24 7 -27 , 2 7 -12 -3 18 -11 , 39 36 -36 0 7 -29 , 0.0056177684554300309 , 1
1.1009512457495891 , -18 -8 -11 -21 -57 -33 , 27 -19 19 0 -1 18 , 7 7 3 -19 25 -1 , 15 -17 17 0 -6 11 , 3 11 8 21 -22 -49 , 13 1 17 -25 22 9 , 38 -17 -1 25 -8 21 , 26 -3 -7 19 -4 18 , 39 36 -36 0 7 -29 , 0.006382462767192041 , 2
1.1009512457495891 , 15 -4 -29 -8 -37 -25 , 49 -5 5 0 22 27 , -9 4 1 -15 15 -13 , -7 -31 31 0 -29 2 , 23 29 4 8 4 -33 , 24 -33 7 7 10 -14 , 17 -7 33 -7 -21 43 , 6 -1 -4 15 -14 11 , 39 36 -36 0 7 -29 , 0.0065237215856632277 , 3
1.1033032388443107 , -3 -23 -24 -9 -42 -53 , 41 -17 17 0 8 25 , 5 -2 -7 -1 15 -12 , 1 -19 19 0 -15 4 , 6 24 23 9 -29 -19 , -16 8 -27 -5 31 -44 , -11 27 -8 5 -17 23 , 6 7 2 1 -5 17 , 39 36 -36 0 7 -29 , 0.0051502276933063432 , 0
1.1033032388443107 , -17 -6 -14 -28 -43 -41 , 7 -29 29 0 -20 9 , -37 9 1 -17 0 -23 , 35 -7 7 0 13 20 , 11 14 6 28 -27 -37 , -27 15 -15 -2 1 -19 , -25 15 -15 2 -4 -14 , -20 -1 -9 17 -24 -9 , 39 36 -36 0 7 -29 , 0.0062164604652823743 , 1
1.1048595054251995 , -3 -23 -24 -9 -42 -53 , 41 -17 17 0 8 25 , 5 -2 -7 -1 15 -12 , 1 -19 19 0 -15 4 , 6 24 23 9 -29 -19 , -16 8 -27 -5 31 -44 , -11 27 -8 5 -17 23 , 6 7 2 1 -5 17 , 39 36 -36 0 7 -29 , 0.0052664811544793771 , 0
1.1048595054251995 , -17 -6 -14 -28 -43 -41 , 7 -29 29 0 -20 9 , -37 9 1 -17 0 -23 , 35 -7 7 0 13 20 , 11 14 6 28 -27 -37 , -27 15 -15 -2 1 -19 , -25 15 -15 2 -4 -14 , -20 -1 -9 17 -24 -9 , 39 36 -36 0 7 -29 , 0.0058478294266278204 , 1
1.1048595054251995 , 1 9 -12 -34 -35 -14 , 12 -41 41 0 -27 14 , -21 -7 9 -3 -15 -10 , 30 5 -5 0 20 15 , 35 12 -9 34 -2 -44 , -26 18 -22 -13 26 -36 , -13 22 -18 13 -14 8 , -18 -9 7 3 -19 -8 , 39 36 -36 0 7 -29 , 0.0060181221866643297 , 2
1.1069390414908151 , 1 9 -12 -34 -35 -14 , 12 -41 41 0 -27 14 , -21 -7 9 -3 -15 -10 , 30 5 -5 0 20 15 , 35 12 -9 34 -2 -44 , -26 18 -22 -13 26 -36 , -13 22 -18 13 -14 8 , -18 -9 7 3 -19 -8 , 39 36 -36 0 7 -29 , 0.0053890114570535989 , 0
1.1069390414908151 , -17 -6 -14 -28 -43 -41 , 7 -29 29 0 -20 9 , -37 9 1 -17 0 -23 , 35 -7 7 0 13 20 , 11 14 6 28 -27 -37 , -27 15 -15 -2 1 -19 , -25 15 -15 2 -4 -14 , -20 -1 -9 17 -24 -9 , 39 36 -36 0 7 -29 , 0.0056599368158752857 , 1
1.1069390414908151 , -3 -23 -24 -9 -42 -53 , 41 -17 17 0 8 25 , 5 -2 -7 -1 15 -12 , 1 -19 19 0 -15 4 , 6 24 23 9 -29 -19 , -16 8 -27 -5 31 -44 , -11 27 -8 5 -17 23 , 6 7 2 1 -5 17 , 39 36 -36 0 7 -29 , 0.0057562444661689617 , 2
1.1069390414908151 , 7 -31 -28 -6 -32 -61 , 15 -27 27 0 -14 13 , -11 34 -17 -13 19 1 , 27 -9 9 0 7 16 , 13 28 31 6 -33 -1 , 21 3 -15 26 -10 18 , -5 15 -3 -26 33 -13 , 2 17 -34 13 18 -15 , 39 36 -36 0 7 -29 , 0.0065298082518974636 , 3
1.109350225356933 , 1 9 -12 -34 -35 -14 , 12 -41 41 0 -27 14 , -21 -7 9 -3 -15 -10 , 30 5 -5 0 20 15 , 35 12 -9 34 -2 -44 , -26 18 -22 -13 26 -36 , -13 22 -18 13 -14 8 , -18 -9 7 3 -19 -8 , 39 36 -36 0 7 -29 , 0.0051121963084979592 , 0
1.109350225356933 , 7 -31 -28 -6 -32 -61 , 15 -27 27 0 -14 13 , -11 34 -17 -13 19 1 , 27 -9 9 0 7 16 , 13 28 31 6 -33 -1 , 21 3 -15 26 -10 18 , -5 15 -3 -26 33 -13 , 2 17 -34 13 18 -15 , 39 36 -36 0 7 -29 , 0.005604785766197393 , 1
1.109350225356933 , -17 -6 -14 -28 -43 -41 , 7 -29 29 0 -20 9 , -37 9 1 -17 0 -23 , 35 -7 7 0 13 20 , 11 14 6 28 -27 -37 , -27 15 -15 -2 1 -19 , -25 15 -15 2 -4 -14 , -20 -1 -9 17 -24 -9 , 39 36 -36 0 7 -29 , 0.0059111567276977041 , 2
1.1116912766306875 , 7 -31 -28 -6 -32 -61 , 15 -27 27 0 -14 13 , -11 34 -17 -13 19 1 , 27 -9 9 0 7 16 , 13 28 31 6 -33 -1 , 21 3 -15 26 -10 18 , -5 15 -3 -26 33 -13 , 2 17 -34 13 18 -15 , 39 36 -36 0 7 -29 , 0.0051066549465560024 , 0
1.1116912766306875 , 1 9 -12 -34 -35 -14 , 12 -41 41 0 -27 14 , -21 -7 9 -3 -15 -10 , 30 5 -5 0 20 15 , 35 12 -9 34 -2 -44 , -26 18 -22 -13 26 -36 , -13 22 -18 13 -14 8 , -18 -9 7 3 -19 -8 , 39 36 -36 0 7 -29 , 0.0053735278743376252 , 1
1.1116912766306875 , 16 -25 -47 11 -31 -60 , 29 -25 25 0 -5 20 , -15 -3 -9 7 -5 -19 , 13 -11 11 0 -2 9 , 5 47 25 -11 -13 -6 , -41 27 -11 -16 3 -18 , -25 11 -27 16 -7 -24 , -22 9 3 -7 -10 -2 , 39 36 -36 0 7 -29 , 0.0062872604471276858 , 2
1.112799948320669 , 7 -31 -28 -6 -32 -61 , 15 -27 27 0 -14 13 , -11 34 -17 -13 19 1 , 27 -9 9 0 7 16 , 13 28 31 6 -33 -1 , 21 3 -15 26 -10 18 , -5 15 -3 -26 33 -13 , 2 17 -34 13 18 -15 , 39 36 -36 0 7 -29 , 0.0050461223061358876 , 0
1.112799948320669 , 1 9 -12 -34 -35 -14 , 12 -41 41 0 -27 14 , -21 -7 9 -3 -15 -10 , 30 5 -5 0 20 15 , 35 12 -9 34 -2 -44 , -26 18 -22 -13 26 -36 , -13 22 -18 13 -14 8 , -18 -9 7 3 -19 -8 , 39 36 -36 0 7 -29 , 0.0056643466750049883 , 1
1.112799948320669 , 16 -25 -47 11 -31 -60 , 29 -25 25 0 -5 20 , -15 -3 -9 7 -5 -19 , 13 -11 11 0 -2 9 , 5 47 25 -11 -13 -6 , -41 27 -11 -16 3 -18 , -25 11 -27 16 -7 -24 , -22 9 3 -7 -10 -2 , 39 36 -36 0 7 -29 , 0.0058864653244580113 , 2
1.1166465476109164 , 16 -25 -47 11 -31 -60 , 29 -25 25 0 -5 20 , -15 -3 -9 7 -5 -19 , 13 -11 11 0 -2 9 , 5 47 25 -11 -13 -6 , -41 27 -11 -16 3 -18 , -25 11 -27 16 -7 -24 , -22 9 3 -7 -10 -2 , 39 36 -36 0 7 -29 , 0.0052203774733190593 , 0
1.1166465476109164 , 7 -31 -28 -6 -32 -61 , 15 -27 27 0 -14 13 , -11 34 -17 -13 19 1 , 27 -9 9 0 7 16 , 13 28 31 6 -33 -1 , 21 3 -15 26 -10 18 , -5 15 -3 -26 33 -13 , 2 17 -34 13 18 -15 , 39 36 -36 0 7 -29 , 0.0057324939327829949 , 1
1.1166465476109164 , -3 11 -3 -41 -40 -6 , 5 -13 13 0 -8 5 , 12 -25 31 13 -42 33 , 37 -23 23 0 1 24 , 38 3 -11 41 -3 -51 , -2 -12 -2 11 -9 -9 , -13 2 12 -11 -7 3 , -1 -31 25 -13 2 -17 , 39 36 -36 0 7 -29 , 0.0058109413605200565 , 2
1.1198129460159683 , -3 11 -3 -41 -40 -6 , 5 -13 13 0 -8 5 , 12 -25 31 13 -42 33 , 37 -23 23 0 1 24 , 38 3 -11 41 -3 -51 , -2 -12 -2 11 -9 -9 , -13 2 12 -11 -7 3 , -1 -31 25 -13 2 -17 , 39 36 -36 0 7 -29 , 0.005362277666822777 , 0
1.1198129460159683 , 16 -25 -47 11 -31 -60 , 29 -25 25 0 -5 20 , -15 -3 -9 7 -5 -19 , 13 -11 11 0 -2 9 , 5 47 25 -11 -13 -6 , -41 27 -11 -16 3 -18 , -25 11 -27 16 -7 -24 , -22 9 3 -7 -10 -2 , 39 36 -36 0 7 -29 , 0.005680260607157454 , 1
1.1198129460159683 , 16 12 -6 -40 -28 2 , 21 -4 4 0 8 12 , -8 -2 28 -36 14 0 , 21 -32 32 0 -15 17 , 56 6 -12 40 8 -40 , -6 -14 -2 17 -19 -8 , -23 2 14 -17 -6 -5 , 28 -28 2 36 -28 16 , 39 36 -36 0 7 -29 , 0.0059377521281676043 , 2
1.1220742927967304 , -3 11 -3 -41 -40 -6 , 5 -13 13 0 -8 5 , 12 -25 31 13 -42 33 , 37 -23 23 0 1 24 , 38 3 -11 41 -3 -51 , -2 -12 -2 11 -9 -9 , -13 2 12 -11 -7 3 , -1 -31 25 -13 2 -17 , 39 36 -36 0 7 -29 , 0.0055956103863679272 , 0
1.1220742927967304 , 16 12 -6 -40 -28 2 , 21 -4 4 0 8 12 , -8 -2 28 -36 14 0 , 21 -32 32 0 -15 17 , 56 6 -12 40 8 -40 , -6 -14 -2 17 -19 -8 , -23 2 14 -17 -6 -5 , 28 -28 2 36 -28 16 , 39 36 -36 0 7 -29 , 0.0057183974186821983 , 1
1.1220742927967304 , 16 -25 -47 11 -31 -60 , 29 -25 25 0 -5 20 , -15 -3 -9 7 -5 -19 , 13 -11 11 0 -2 9 , 5 47 25 -11 -13 -6 , -41 27 -11 -16 3 -18 , -25 11 -27 16 -7 -24 , -22 9 3 -7 -10 -2 , 39 36 -36 0 7 -29 , 0.0064793892951015017 , 2
1.1220742927967304 , 9 -5 -22 -31 -15 -40 , 48 -7 7 0 20 27 , 6 -13 -1 5 4 -11 , 14 34 -34 0 35 1 , 40 22 5 31 -18 -10 , -28 22 -9 -20 16 -19 , -8 9 -22 20 -10 -6 , 1 1 13 -5 -10 17 , 19 -27 27 0 -55 -28 , 0.0065476837017246665 , 3
1.1243828257432655 , 16 12 -6 -40 -28 2 , 21 -4 4 0 8 12 , -8 -2 28 -36 14 0 , 21 -32 32 0 -15 17 , 56 6 -12 40 8 -40 , -6 -14 -2 17 -19 -8 , -23 2 14 -17 -6 -5 , 28 -28 2 36 -28 16 , 39 36 -36 0 7 -29 , 0.0059468241366722584 , 0
1.1243828257432655 , 20 -17 -11 -27 -24 -29 , 13 32 -32 0 33 1 , -1 -5 29 -28 6 9 , 49 -5 5 0 22 27 , 47 11 17 27 -18 -7 , -6 8 -9 1 3 -5 , -7 9 -8 -1 4 -5 , 27 -29 5 28 -20 11 , 19 -27 27 0 -55 -28 , 0.0062095735699323282 , 1
1.1243828257432655 , -3 11 -3 -41 -40 -6 , 5 -13 13 0 -8 5 , 12 -25 31 13 -42 33 , 37 -23 23 0 1 24 , 38 3 -11 41 -3 -51 , -2 -12 -2 11 -9 -9 , -13 2 12 -11 -7 3 , -1 -31 25 -13 2 -17 , 39 36 -36 0 7 -29 , 0.0062606608719325673 , 2
1.1243828257432655 , 9 -5 -22 -31 -15 -40 , 48 -7 7 0 20 27 , 6 -13 -1 5 4 -11 , 14 34 -34 0 35 1 , 40 22 5 31 -18 -10 , -28 22 -9 -20 16 -19 , -8 9 -22 20 -10 -6 , 1 1 13 -5 -10 17 , 19 -27 27 0 -55 -28 , 0.0063409402516287332 , 3
1.13187847407853 , 20 -17 -11 -27 -24 -29 , 13 32 -32 0 33 1 , -1 -5 29 -28 6 9 , 49 -5 5 0 22 27 , 47 11 17 27 -18 -7 , -6 8 -9 1 3 -5 , -7 9 -8 -1 4 -5 , 27 -29 5 28 -20 11 , 19 -27 27 0 -55 -28 , 0.0032351973087221997 , 0
1.1342770333005885 , 20 -17 -11 -27 -24 -29 , 13 32 -32 0 33 1 , -1 -5 29 -28 6 9 , 49 -5 5 0 22 27 , 47 11 17 27 -18 -7 , -6 8 -9 1 3 -5 , -7 9 -8 -1 4 -5 , 27 -29 5 28 -20 11 , 19 -27 27 0 -55 -28 , 0.0036528127085336316 , 0
1.135600505306517 , 20 -17 -11 -27 -24 -29 , 13 32 -32 0 33 1 , -1 -5 29 -28 6 9 , 49 -5 5 0 22 27 , 47 11 17 27 -18 -7 , -6 8 -9 1 3 -5 , -7 9 -8 -1 4 -5 , 27 -29 5 28 -20 11 , 19 -27 27 0 -55 -28 , 0.0041705214041964428 , 0
1.139522620328383 , 10 -1 -33 -11 -33 -30 , 49 -5 5 0 22 27 , -1 -4 9 -14 11 -6 , -7 -31 31 0 -29 2 , 21 33 1 11 3 -32 , 30 -6 12 -13 23 13 , 43 -12 6 13 1 29 , 13 -9 4 14 -15 15 , 39 36 -36 0 7 -29 , 0.0049546267761836904 , 0
1.139522620328383 , 38 -24 -48 14 -24 -44 , 21 -4 4 0 8 12 , -28 16 -28 0 14 -36 , 21 -32 32 0 -15 17 , 24 48 24 -14 4 0 , -14 -2 23 -19 -8 6 , 5 -23 2 19 -17 -6 , -28 28 -16 0 -8 -2 , 39 36 -36 0 7 -29 , 0.0057759601679776311 , 1
1.139522620328383 , 30 13 -40 -27 4 -27 , 16 -30 30 0 -16 14 , -5 30 -15 -7 12 8 , 26 -6 6 0 9 15 , 57 40 -13 27 13 -9 , 11 -18 -1 32 -32 12 , -21 1 18 -32 13 -14 , 2 15 -30 7 23 -18 , 39 36 -36 0 7 -29 , 0.0058725026892113476 , 2
1.1406729682951386 , 10 -1 -33 -11 -33 -30 , 49 -5 5 0 22 27 , -1 -4 9 -14 11 -6 , -7 -31 31 0 -29 2 , 21 33 1 11 3 -32 , 30 -6 12 -13 23 13 , 43 -12 6 13 1 29 , 13 -9 4 14 -15 15 , 39 36 -36 0 7 -29 , 0.0050209535612020829 , 0
1.1406729682951386 , 30 13 -40 -27 4 -27 , 16 -30 30 0 -16 14 , -5 30 -15 -7 12 8 , 26 -6 6 0 9 15 , 57 40 -13 27 13 -9 , 11 -18 -1 32 -32 12 , -21 1 18 -32 13 -14 , 2 15 -30 7 23 -18 , 39 36 -36 0 7 -29 , 0.0055693034493786509 , 1
1.1406729682951386 , 38 -24 -48 14 -24 -44 , 21 -4 4 0 8 12 , -28 16 -28 0 14 -36 , 21 -32 32 0 -15 17 , 24 48 24 -14 4 0 , -14 -2 23 -19 -8 6 , 5 -23 2 19 -17 -6 , -28 28 -16 0 -8 -2 , 39 36 -36 0 7 -29 , 0.0057183974186822313 , 2
1.143113544385369 , 30 13 -40 -27 4 -27 , 16 -30 30 0 -16 14 , -5 30 -15 -7 12 8 , 26 -6 6 0 9 15 , 57 40 -13 27 13 -9 , 11 -18 -1 32 -32 12 , -21 1 18 -32 13 -14 , 2 15 -30 7 23 -18 , 39 36 -36 0 7 -29 , 0.0052951815075831252 , 0
1.143113544385369 , 10 -1 -33 -11 -33 -30 , 49 -5 5 0 22 27 , -1 -4 9 -14 11 -6 , -7 -31 31 0 -29 2 , 21 33 1 11 3 -32 , 30 -6 12 -13 23 13 , 43 -12 6 13 1 29 , 13 -9 4 14 -15 15 , 39 36 -36 0 7 -29 , 0.0055673757511185053 , 1
1.143113544385369 , 22 -20 -41 4 -29 -46 , 30 5 -5 0 20 15 , -2 12 -30 28 -10 -3 , 12 -41 41 0 -27 14 , 18 41 20 -4 -5 -9 , -17 -11 3 5 -15 -14 , -22 -3 11 -5 -17 -4 , -30 30 -12 -28 27 -22 , 39 36 -36 0 7 -29 , 0.0058638232568622847 , 2
1.143113544385369 , 38 -24 -48 14 -24 -44 , 21 -4 4 0 8 12 , -28 16 -28 0 14 -36 , 21 -32 32 0 -15 17 , 24 48 24 -14 4 0 , -14 -2 23 -19 -8 6 , 5 -23 2 19 -17 -6 , -28 28 -16 0 -8 -2 , 39 36 -36 0 7 -29 , 0.0059731280984551332 , 3
1.147175539838302 , 22 -20 -41 4 -29 -46 , 30 5 -5 0 20 15 , -2 12 -30 28 -10 -3 , 12 -41 41 0 -27 14 , 18 41 20 -4 -5 -9 , -17 -11 3 5 -15 -14 , -22 -3 11 -5 -17 -4 , -30 30 -12 -28 27 -22 , 39 36 -36 0 7 -29 , 0.0051121963084980494 , 0
1.147175539838302 , -13 16 -7 -46 -36 -14 , 32 -21 21 0 0 21 , 16 -16 0 6 8 -7 , 10 -15 15 0 -7 8 , 33 7 -16 46 -7 -52 , 17 -2 11 -22 29 1 , 39 -11 2 22 -10 31 , 10 0 16 -6 -7 24 , 39 36 -36 0 7 -29 , 0.0058214355733107234 , 1
1.147175539838302 , 30 13 -40 -27 4 -27 , 16 -30 30 0 -16 14 , -5 30 -15 -7 12 8 , 26 -6 6 0 9 15 , 57 40 -13 27 13 -9 , 11 -18 -1 32 -32 12 , -21 1 18 -32 13 -14 , 2 15 -30 7 23 -18 , 39 36 -36 0 7 -29 , 0.0060240198672955915 , 2
1.147175539838302 , 23 -18 -55 10 -20 -58 , 10 -15 15 0 -7 8 , -11 39 -31 -1 17 -2 , 32 -21 21 0 0 21 , 13 55 18 -10 -3 -2 , 0 5 -24 14 8 -16 , -14 24 -5 -14 8 3 , -10 31 -39 1 29 -22 , 39 36 -36 0 7 -29 , 0.0063516983699790806 , 3
1.147655384494031 , 22 -20 -41 4 -29 -46 , 30 5 -5 0 20 15 , -2 12 -30 28 -10 -3 , 12 -41 41 0 -27 14 , 18 41 20 -4 -5 -9 , -17 -11 3 5 -15 -14 , -22 -3 11 -5 -17 -4 , -30 30 -12 -28 27 -22 , 39 36 -36 0 7 -29 , 0.0051234437777473553 , 0
1.147655384494031 , -13 16 -7 -46 -36 -14 , 32 -21 21 0 0 21 , 16 -16 0 6 8 -7 , 10 -15 15 0 -7 8 , 33 7 -16 46 -7 -52 , 17 -2 11 -22 29 1 , 39 -11 2 22 -10 31 , 10 0 16 -6 -7 24 , 39 36 -36 0 7 -29 , 0.0058115391512888592 , 1
1.147655384494031 , 30 13 -40 -27 4 -27 , 16 -30 30 0 -16 14 , -5 30 -15 -7 12 8 , 26 -6 6 0 9 15 , 57 40 -13 27 13 -9 , 11 -18 -1 32 -32 12 , -21 1 18 -32 13 -14 , 2 15 -30 7 23 -18 , 39 36 -36 0 7 -29 , 0.0061929845697943908 , 2
1.147655384494031 , 23 -18 -55 10 -20 -58 , 10 -15 15 0 -7 8 , -11 39 -31 -1 17 -2 , 32 -21 21 0 0 21 , 13 55 18 -10 -3 -2 , 0 5 -24 14 8 -16 , -14 24 -5 -14 8 3 , -10 31 -39 1 29 -22 , 39 36 -36 0 7 -29 , 0.0062225232408265919 , 3
1.1508004872866944 , 22 -20 -41 4 -29 -46 , 30 5 -5 0 20 15 , -2 12 -30 28 -10 -3 , 12 -41 41 0 -27 14 , 18 41 20 -4 -5 -9 , -17 -11 3 5 -15 -14 , -22 -3 11 -5 -17 -4 , -30 30 -12 -28 27 -22 , 39 36 -36 0 7 -29 , 0.0057187978212951641 , 0
1.1508004872866944 , 23 -18 -55 10 -20 -58 , 10 -15 15 0 -7 8 , -11 39 -31 -1 17 -2 , 32 -21 21 0 0 21 , 13 55 18 -10 -3 -2 , 0 5 -24 14 8 -16 , -14 24 -5 -14 8 3 , -10 31 -39 1 29 -22 , 39 36 -36 0 7 -29 , 0.0058115391512888548 , 1
1.1508004872866944 , -13 16 -7 -46 -36 -14 , 32 -21 21 0 0 21 , 16 -16 0 6 8 -7 , 10 -15 15 0 -7 8 , 33 7 -16 46 -7 -52 , 17 -2 11 -22 29 1 , 39 -11 2 22 -10 31 , 10 0 16 -6 -7 24 , 39 36 -36 0 7 -29 , 0.0062225232408262389 , 2
1.1591823256118572 , 20 17 -29 -25 -22 -7 , 30 0 0 0 16 16 , -34 18 -11 -18 15 -29 , 12 -36 36 0 -23 13 , 45 29 -17 25 22 -39 , 13 -2 -14 1 25 -16 , 12 14 2 -1 -2 27 , -16 11 -18 18 -18 -3 , 39 36 -36 0 7 -29 , 0.0052127040635167685 , 0
1.1606845232602518 , 20 17 -29 -25 -22 -7 , 30 0 0 0 16 16 , -34 18 -11 -18 15 -29 , 12 -36 36 0 -23 13 , 45 29 -17 25 22 -39 , 13 -2 -14 1 25 -16 , 12 14 2 -1 -2 27 , -16 11 -18 18 -18 -3 , 39 36 -36 0 7 -29 , 0.0051033311381640653 , 0
1.1655562186660235 , 20 17 -29 -25 -22 -7 , 30 0 0 0 16 16 , -34 18 -11 -18 15 -29 , 12 -36 36 0 -23 13 , 45 29 -17 25 22 -39 , 13 -2 -14 1 25 -16 , 12 14 2 -1 -2 27 , -16 11 -18 18 -18 -3 , 39 36 -36 0 7 -29 , 0.0061571624980810711 , 0
1.1655562186660235 , 33 4 -29 -26 -7 -18 , 30 0 0 0 16 16 , 18 3 -16 29 -15 18 , 12 -36 36 0 -23 13 , 59 29 -4 26 11 -11 , -14 -12 27 -16 -13 2 , 2 -27 12 16 -25 -1 , -11 16 -3 -29 34 -18 , 39 36 -36 0 7 -29 , 0.0061603261210751966 , 1
1.1655562186660235 , 26 14 -43 -26 3 -30 , 12 -31 31 0 -19 12 , -1 -17 -5 27 -26 -4 , 30 -5 5 0 12 17 , 52 43 -14 26 13 -11 , 28 -12 16 9 -14 32 , 19 -16 12 -9 16 -2 , -28 5 17 -27 1 -9 , 39 36 -36 0 7 -29 , 0.0061970689639899617 , 2
1.1655562186660235 , 32 -37 -18 -10 -25 -41 , 28 -6 6 0 10 16 , -33 1 -3 -4 -8 -25 , 13 5 -5 0 11 6 , 42 18 37 10 -23 12 , 6 -3 31 -4 -31 43 , 10 -31 3 4 12 -28 , -29 3 -1 4 -22 -9 , 40 1 -1 0 -21 -22 , 0.0068473552976927587 , 3
1.1691024678053514 , 33 4 -29 -26 -7 -18 , 30 0 0 0 16 16 , 18 3 -16 29 -15 18 , 12 -36 36 0 -23 13 , 59 29 -4 26 11 -11 , -14 -12 27 -16 -13 2 , 2 -27 12 16 -25 -1 , -11 16 -3 -29 34 -18 , 39 36 -36 0 7 -29 , 0.0051897027695178635 , 0
1.1691024678053514 , 32 -37 -18 -10 -25 -41 , 28 -6 6 0 10 16 , -33 1 -3 -4 -8 -25 , 13 5 -5 0 11 6 , 42 18 37 10 -23 12 , 6 -3 31 -4 -31 43 , 10 -31 3 4 12 -28 , -29 3 -1 4 -22 -9 , 40 1 -1 0 -21 -22 , 0.0063716847609524415 , 1
1.1704359063868413 , 33 4 -29 -26 -7 -18 , 30 0 0 0 16 16 , 18 3 -16 29 -15 18 , 12 -36 36 0 -23 13 , 59 29 -4 26 11 -11 , -14 -12 27 -16 -13 2 , 2 -27 12 16 -25 -1 , -11 16 -3 -29 34 -18 , 39 36 -36 0 7 -29 , 0.0051033311381640549 , 0
1.1739722274166575 , 33 4 -29 -26 -7 -18 , 30 0 0 0 16 16 , 18 3 -16 29 -15 18 , 12 -36 36 0 -23 13 , 59 29 -4 26 11 -11 , -14 -12 27 -16 -13 2 , 2 -27 12 16 -25 -1 , -11 16 -3 -29 34 -18 , 39 36 -36 0 7 -29 , 0.0056830228534196217 , 0
1.1793089583256366 , -4 -11 7 -31 -60 -7 , 14 -14 14 0 -4 10 , 7 22 -33 21 4 4 , 28 -22 22 0 -3 19 , 27 -7 11 31 -14 -49 , -2 16 1 -22 23 0 , 20 -1 -16 22 -1 7 , -14 33 -22 -21 37 -18 , 39 36 -36 0 7 -29 , 0.0055853475177114163 , 0
1.1796511215840761 , -4 -11 7 -31 -60 -7 , 14 -14 14 0 -4 10 , 7 22 -33 21 4 4 , 28 -22 22 0 -3 19 , 27 -7 11 31 -14 -49 , -2 16 1 -22 23 0 , 20 -1 -16 22 -1 7 , -14 33 -22 -21 37 -18 , 39 36 -36 0 7 -29 , 0.0054905109449902073 , 0
1.1825499208850696 , -4 -11 7 -31 -60 -7 , 14 -14 14 0 -4 10 , 7 22 -33 21 4 4 , 28 -22 22 0 -3 19 , 27 -7 11 31 -14 -49 , -2 16 1 -22 23 0 , 20 -1 -16 22 -1 7 , -14 33 -22 -21 37 -18 , 39 36 -36 0 7 -29 , 0.0050935456065325131 , 0
1.187338069492842 , 27 -25 -53 19 -32 -51 , 18 -18 18 0 -5 13 , -6 -23 28 -15 -6 -6 , 24 -18 18 0 -2 16 , 8 53 25 -19 2 -7 , 12 -9 28 -8 -14 29 , 20 -28 9 8 1 -5 , 9 -28 23 15 -34 17 , 39 36 -36 0 7 -29 , 0.0058745811584550263 , 0
1.187338069492842 , -4 -11 7 -31 -60 -7 , 14 -14 14 0 -4 10 , 7 22 -33 21 4 4 , 28 -22 22 0 -3 19 , 27 -7 11 31 -14 -49 , -2 16 1 -22 23 0 , 20 -1 -16 22 -1 7 , -14 33 -22 -21 37 -18 , 39 36 -36 0 7 -29 , 0.00611615448772435 , 1
1.187338069492842 , 22 1 -43 -17 -7 -39 , 35 3 -3 0 21 18 , -23 32 -24 -5 11 -11 , 7 -39 39 0 -28 11 , 39 43 -1 17 4 -8 , 9 -10 -23 30 -5 -14 , -21 23 10 -30 9 5 , -18 24 -32 5 13 -21 , 39 36 -36 0 7 -29 , 0.0065153817853080389 , 2
1.187338069492842 , -4 -1 -36 -4 -49 -32 , 31 8 -8 0 23 15 , -9 0 -16 22 -17 -7 , 10 -9 9 0 -2 7 , 0 36 1 4 4 -48 , -26 -9 -20 21 -14 -36 , -47 20 9 -21 -16 -5 , -31 16 0 -22 9 -17 , 40 1 -1 0 -21 -22 , 0.0065246100458906725 , 3
1.1892050811360504 , 22 1 -43 -17 -7 -39 , 35 3 -3 0 21 18 , -23 32 -24 -5 11 -11 , 7 -39 39 0 -28 11 , 39 43 -1 17 4 -8 , 9 -10 -23 30 -5 -14 , -21 23 10 -30 9 5 , -18 24 -32 5 13 -21 , 39 36 -36 0 7 -29 , 0.0058930523224144911 , 0
1.1892050811360504 , 27 -25 -53 19 -32 -51 , 18 -18 18 0 -5 13 , -6 -23 28 -15 -6 -6 , 24 -18 18 0 -2 16 , 8 53 25 -19 2 -7 , 12 -9 28 -8 -14 29 , 20 -28 9 8 1 -5 , 9 -28 23 15 -34 17 , 39 36 -36 0 7 -29 , 0.0060210929411863932 , 1
1.1892050811360504 , -4 -1 -36 -4 -49 -32 , 31 8 -8 0 23 15 , -9 0 -16 22 -17 -7 , 10 -9 9 0 -2 7 , 0 36 1 4 4 -48 , -26 -9 -20 21 -14 -36 , -47 20 9 -21 -16 -5 , -31 16 0 -22 9 -17 , 40 1 -1 0 -21 -22 , 0.0063896540669856677 , 2
1.1892050811360504 , -4 -11 7 -31 -60 -7 , 14 -14 14 0 -4 10 , 7 22 -33 21 4 4 , 28 -22 22 0 -3 19 , 27 -7 11 31 -14 -49 , -2 16 1 -22 23 0 , 20 -1 -16 22 -1 7 , -14 33 -22 -21 37 -18 , 39 36 -36 0 7 -29 , 0.006934673003715237 , 3
1.192407689521017 , 22 1 -43 -17 -7 -39 , 35 3 -3 0 21 18 , -23 32 -24 -5 11 -11 , 7 -39 39 0 -28 11 , 39 43 -1 17 4 -8 , 9 -10 -23 30 -5 -14 , -21 23 10 -30 9 5 , -18 24 -32 5 13 -21 , 39 36 -36 0 7 -29 , 0.0054405641949853683 , 0
1.192407689521017 , 14 14 -55 -4 -22 -31 , 10 -9 9 0 -2 7 , -20 48 -8 -27 16 15 , 31 8 -8 0 23 15 , 18 55 -14 4 24 -36 , -17 9 -22 0 16 -31 , -17 22 -9 0 -9 7 , 7 8 -48 27 23 -32 , 40 1 -1 0 -21 -22 , 0.0065564695503500759 , 1
1.192407689521017 , -4 -1 -36 -4 -49 -32 , 31 8 -8 0 23 15 , -9 0 -16 22 -17 -7 , 10 -9 9 0 -2 7 , 0 36 1 4 4 -48 , -26 -9 -20 21 -14 -36 , -47 20 9 -21 -16 -5 , -31 16 0 -22 9 -17 , 40 1 -1 0 -21 -22 , 0.0067790856227259366 , 2
1.194485970137807 , 22 1 -43 -17 -7 -39 , 35 3 -3 0 21 18 , -23 32 -24 -5 11 -11 , 7 -39 39 0 -28 11 , 39 43 -1 17 4 -8 , 9 -10 -23 30 -5 -14 , -21 23 10 -30 9 5 , -18 24 -32 5 13 -21 , 39 36 -36 0 7 -29 , 0.0056355438396015521 , 0
1.194485970137807 , 14 14 -55 -4 -22 -31 , 10 -9 9 0 -2 7 , -20 48 -8 -27 16 15 , 31 8 -8 0 23 15 , 18 55 -14 4 24 -36 , -17 9 -22 0 16 -31 , -17 22 -9 0 -9 7 , 7 8 -48 27 23 -32 , 40 1 -1 0 -21 -22 , 0.0063896540669856339 , 1
1.194485970137807 , 18 -39 -23 -2 -38 -49 , 12 -31 31 0 -19 12 , -27 26 4 -28 9 -1 , 30 -5 5 0 12 17 , 20 23 39 2 -26 1 , 23 -4 6 16 -18 32 , 7 -6 4 -16 26 -14 , 1 -4 -26 28 -5 -17 , 39 36 -36 0 7 -29 , 0.0068476016616485303 , 2
1.198605689357199 , 35 -37 -38 15 -36 -43 , 27 -9 9 0 7 16 , -3 15 -5 10 -18 21 , 15 -27 27 0 -14 13 , 20 38 37 -15 -5 1 , 1 19 -13 -17 34 -11 , 18 13 -19 17 2 15 , -13 5 -15 -10 26 -33 , 39 36 -36 0 7 -29 , 0.005767909776337338 , 0
1.198605689357199 , 4 15 -20 -42 -17 -19 , 34 1 -1 0 19 18 , -18 28 -21 3 -1 -1 , 8 -37 37 0 -26 11 , 46 20 -15 42 1 -32 , -8 -16 5 18 -30 0 , -26 -5 16 -18 -5 -14 , -21 21 -28 -3 20 -29 , 39 36 -36 0 7 -29 , 0.0059447801754074908 , 1
1.198605689357199 , 18 -39 -23 -2 -38 -49 , 12 -31 31 0 -19 12 , -27 26 4 -28 9 -1 , 30 -5 5 0 12 17 , 20 23 39 2 -26 1 , 23 -4 6 16 -18 32 , 7 -6 4 -16 26 -14 , 1 -4 -26 28 -5 -17 , 39 36 -36 0 7 -29 , 0.0061970689639897943 , 2
1.198605689357199 , 22 1 -43 -17 -7 -39 , 35 3 -3 0 21 18 , -23 32 -24 -5 11 -11 , 7 -39 39 0 -28 11 , 39 43 -1 17 4 -8 , 9 -10 -23 30 -5 -14 , -21 23 10 -30 9 5 , -18 24 -32 5 13 -21 , 39 36 -36 0 7 -29 , 0.0069862179424225327 , 3
1.198605689357199 , 14 14 -55 -4 -22 -31 , 10 -9 9 0 -2 7 , -20 48 -8 -27 16 15 , 31 8 -8 0 23 15 , 18 55 -14 4 24 -36 , -17 9 -22 0 16 -31 , -17 22 -9 0 -9 7 , 7 8 -48 27 23 -32 , 40 1 -1 0 -21 -22 , 0.0070223696649162762 , 4
1.2002266607992302 , 35 -37 -38 15 -36 -43 , 27 -9 9 0 7 16 , -3 15 -5 10 -18 21 , 15 -27 27 0 -14 13 , 20 38 37 -15 -5 1 , 1 19 -13 -17 34 -11 , 18 13 -19 17 2 15 , -13 5 -15 -10 26 -33 , 39 36 -36 0 7 -29 , 0.0053082964612025879 , 0
1.2002266607992302 , 4 15 -20 -42 -17 -19 , 34 1 -1 0 19 18 , -18 28 -21 3 -1 -1 , 8 -37 37 0 -26 11 , 46 20 -15 42 1 -32 , -8 -16 5 18 -30 0 , -26 -5 16 -18 -5 -14 , -21 21 -28 -3 20 -29 , 39 36 -36 0 7 -29 , 0.0058332361811371533 , 1
1.2002266607992302 , 18 -39 -23 -2 -38 -49 , 12 -31 31 0 -19 12 , -27 26 4 -28 9 -1 , 30 -5 5 0 12 17 , 20 23 39 2 -26 1 , 23 -4 6 16 -18 32 , 7 -6 4 -16 26 -14 , 1 -4 -26 28 -5 -17 , 39 36 -36 0 7 -29 , 0.0063021765522579837 , 2
1.2025567553273466 , 35 -37 -38 15 -36 -43 , 27 -9 9 0 7 16 , -3 15 -5 10 -18 21 , 15 -27 27 0 -14 13 , 20 38 37 -15 -5 1 , 1 19 -13 -17 34 -11 , 18 13 -19 17 2 15 , -13 5 -15 -10 26 -33 , 39 36 -36 0 7 -29 , 0.0050461223061359466 , 0
1.2025567553273466 , 4 15 -20 -42 -17 -19 , 34 1 -1 0 19 18 , -18 28 -21 3 -1 -1 , 8 -37 37 0 -26 11 , 46 20 -15 42 1 -32 , -8 -16 5 18 -30 0 , -26 -5 16 -18 -5 -14 , -21 21 -28 -3 20 -29 , 39 36 -36 0 7 -29 , 0.0060614601809158763 , 1
1.2029061638631395 , 35 -37 -38 15 -36 -43 , 27 -9 9 0 7 16 , -3 15 -5 10 -18 21 , 15 -27 27 0 -14 13 , 20 38 37 -15 -5 1 , 1 19 -13 -17 34 -11 , 18 13 -19 17 2 15 , -13 5 -15 -10 26 -33 , 39 36 -36 0 7 -29 , 0.00505216718739323 , 0
1.2029061638631395 , 4 15 -20 -42 -17 -19 , 34 1 -1 0 19 18 , -18 28 -21 3 -1 -1 , 8 -37 37 0 -26 11 , 46 20 -15 42 1 -32 , -8 -16 5 18 -30 0 , -26 -5 16 -18 -5 -14 , -21 21 -28 -3 20 -29 , 39 36 -36 0 7 -29 , 0.0061332285636155502 , 1
1.2086798736681152 , 13 8 -20 -38 -15 -19 , 7 -39 39 0 -28 11 , 30 -9 -5 9 14 5 , 35 3 -3 0 21 18 , 51 20 -8 38 1 -23 , -21 13 5 -32 24 -18 , 11 -5 -13 32 -23 11 , 21 5 9 -9 10 23 , 39 36 -36 0 7 -29 , 0.0056353152405786283 , 0
1.2086798736681152 , 35 -37 -38 15 -36 -43 , 27 -9 9 0 7 16 , -3 15 -5 10 -18 21 , 15 -27 27 0 -14 13 , 20 38 37 -15 -5 1 , 1 19 -13 -17 34 -11 , 18 13 -19 17 2 15 , -13 5 -15 -10 26 -33 , 39 36 -36 0 7 -29 , 0.0066490272179199209 , 1
1.2107569141790633 , 13 8 -20 -38 -15 -19 , 7 -39 39 0 -28 11 , 30 -9 -5 9 14 5 , 35 3 -3 0 21 18 , 51 20 -8 38 1 -23 , -21 13 5 -32 24 -18 , 11 -5 -13 32 -23 11 , 21 5 9 -9 10 23 , 39 36 -36 0 7 -29 , 0.0054405641949852685 , 0
1.217412480195354 , -21 -5 1 -45 -44 -29 , 24 -18 18 0 -2 16 , 28 -23 6 10 4 3 , 18 -18 18 0 -5 13 , 24 -1 5 45 -30 -39 , 6 6 -6 -17 34 -15 , 23 6 -6 17 -9 28 , 18 -6 23 -10 -3 27 , 39 36 -36 0 7 -29 , 0.0058826844454696117 , 0
1.217412480195354 , 13 8 -20 -38 -15 -19 , 7 -39 39 0 -28 11 , 30 -9 -5 9 14 5 , 35 3 -3 0 21 18 , 51 20 -8 38 1 -23 , -21 13 5 -32 24 -18 , 11 -5 -13 32 -23 11 , 21 5 9 -9 10 23 , 39 36 -36 0 7 -29 , 0.0071936014514800565 , 1
1.217412480195354 , -5 -32 -18 -14 -43 -55 , 21 -27 27 0 -11 16 , 22 0 -18 23 1 7 , 21 -9 9 0 4 13 , 9 18 32 14 -37 -11 , 33 -30 13 11 -1 8 , 22 -13 30 -11 -5 29 , -1 18 0 -23 25 1 , 39 36 -36 0 7 -29 , 0.0072928810777142545 , 2
1.217848996009262 , -21 -5 1 -45 -44 -29 , 24 -18 18 0 -2 16 , 28 -23 6 10 4 3 , 18 -18 18 0 -5 13 , 24 -1 5 45 -30 -39 , 6 6 -6 -17 34 -15 , 23 6 -6 17 -9 28 , 18 -6 23 -10 -3 27 , 39 36 -36 0 7 -29 , 0.0058745811584549803 , 0
1.217848996009262 , -5 -32 -18 -14 -43 -55 , 21 -27 27 0 -11 16 , 22 0 -18 23 1 7 , 21 -9 9 0 4 13 , 9 18 32 14 -37 -11 , 33 -30 13 11 -1 8 , 22 -13 30 -11 -5 29 , -1 18 0 -23 25 1 , 39 36 -36 0 7 -29 , 0.007299410008114484 , 1
1.2203950806689154 , -21 -5 1 -45 -44 -29 , 24 -18 18 0 -2 16 , 28 -23 6 10 4 3 , 18 -18 18 0 -5 13 , 24 -1 5 45 -30 -39 , 6 6 -6 -17 34 -15 , 23 6 -6 17 -9 28 , 18 -6 23 -10 -3 27 , 39 36 -36 0 7 -29 , 0.0061442622723617713 , 0
1.2203950806689154 , 27 -41 -5 -8 -48 -24 , 25 13 -13 0 24 11 , -5 -14 4 -11 16 -26 , 16 -14 14 0 -3 11 , 35 5 41 8 -19 -7 , -8 -27 0 31 -37 -10 , -39 0 27 -31 -10 -10 , 6 -4 14 11 -30 30 , 40 1 -1 0 -21 -22 , 0.0071677566572041123 , 1
1.2203950806689154 , -5 -32 -18 -14 -43 -55 , 21 -27 27 0 -11 16 , 22 0 -18 23 1 7 , 21 -9 9 0 4 13 , 9 18 32 14 -37 -11 , 33 -30 13 11 -1 8 , 22 -13 30 -11 -5 29 , -1 18 0 -23 25 1 , 39 36 -36 0 7 -29 , 0.007591707375779945 , 2
1.2303663950996189 , 41 4 -33 -16 -15 -6 , 16 -30 30 0 -16 14 , -6 -9 -14 24 -16 -13 , 26 -6 6 0 9 15 , 57 33 -4 16 27 -19 , -11 18 1 -32 32 -12 , 21 -1 -18 32 -13 14 , -30 14 9 -24 1 -7 , 39 36 -36 0 7 -29 , 0.0058525113873334651 , 0
1.2338914393398162 , 41 4 -33 -16 -15 -6 , 16 -30 30 0 -16 14 , -6 -9 -14 24 -16 -13 , 26 -6 6 0 9 15 , 57 33 -4 16 27 -19 , -11 18 1 -32 32 -12 , 21 -1 -18 32 -13 14 , -30 14 9 -24 1 -7 , 39 36 -36 0 7 -29 , 0.0052951815075831478 , 0
1.2338914393398162 , 33 -26 -47 15 -32 -41 , 12 -31 31 0 -19 12 , -8 -13 33 -19 -13 10 , 30 -5 5 0 12 17 , 18 47 26 -15 6 -6 , 23 -4 6 16 -18 32 , 7 -6 4 -16 26 -14 , 11 -33 13 19 -23 0 , 39 36 -36 0 7 -29 , 0.0063653914175661004 , 1
1.2359479208777393 , 41 4 -33 -16 -15 -6 , 16 -30 30 0 -16 14 , -6 -9 -14 24 -16 -13 , 26 -6 6 0 9 15 , 57 33 -4 16 27 -19 , -11 18 1 -32 32 -12 , 21 -1 -18 32 -13 14 , -30 14 9 -24 1 -7 , 39 36 -36 0 7 -29 , 0.0054912199766377475 , 0
1.2359479208777393 , 33 -26 -47 15 -32 -41 , 12 -31 31 0 -19 12 , -8 -13 33 -19 -13 10 , 30 -5 5 0 12 17 , 18 47 26 -15 6 -6 , 23 -4 6 16 -18 32 , 7 -6 4 -16 26 -14 , 11 -33 13 19 -23 0 , 39 36 -36 0 7 -29 , 0.0061970689639898298 , 1
1.2424613152980355 , 3 -18 -38 -3 -37 -50 , 34 1 -1 0 19 18 , -20 3 -1 -21 21 -29 , 8 -37 37 0 -26 11 , 6 38 18 3 -12 -19 , -26 -5 16 -18 -5 -14 , -8 -16 5 18 -30 0 , 1 1 -3 21 -28 18 , 39 36 -36 0 7 -29 , 0.0058332361811371924 , 0
1.2424613152980355 , 22 -22 -8 -30 -24 -26 , 45 -1 1 0 23 24 , 2 9 -12 8 0 3 , 17 28 -28 0 32 4 , 52 8 22 30 -18 -2 , 6 -26 30 -6 -14 8 , 12 -30 26 6 -22 12 , -6 12 -9 -8 15 -9 , 19 -27 27 0 -55 -28 , 0.0064756632960918398 , 1
1.2424613152980355 , 16 -32 -10 -15 -42 -31 , 25 -25 25 0 -7 18 , 25 -26 -16 25 10 -21 , 16 24 -24 0 28 4 , 31 10 32 15 -21 -10 , -19 15 -34 15 5 -27 , -34 34 -15 -15 7 -10 , 0 16 26 -25 -5 36 , 40 1 -1 0 -21 -22 , 0.0068862772080665931 , 2
1.2432283677521112 , 3 -18 -38 -3 -37 -50 , 34 1 -1 0 19 18 , -20 3 -1 -21 21 -29 , 8 -37 37 0 -26 11 , 6 38 18 3 -12 -19 , -26 -5 16 -18 -5 -14 , -8 -16 5 18 -30 0 , 1 1 -3 21 -28 18 , 39 36 -36 0 7 -29 , 0.0058583980297164167 , 0
1.2432283677521112 , 22 -22 -8 -30 -24 -26 , 45 -1 1 0 23 24 , 2 9 -12 8 0 3 , 17 28 -28 0 32 4 , 52 8 22 30 -18 -2 , 6 -26 30 -6 -14 8 , 12 -30 26 6 -22 12 , -6 12 -9 -8 15 -9 , 19 -27 27 0 -55 -28 , 0.0061824161460722815 , 1
1.2432283677521112 , 16 -32 -10 -15 -42 -31 , 25 -25 25 0 -7 18 , 25 -26 -16 25 10 -21 , 16 24 -24 0 28 4 , 31 10 32 15 -21 -10 , -19 15 -34 15 5 -27 , -34 34 -15 -15 7 -10 , 0 16 26 -25 -5 36 , 40 1 -1 0 -21 -22 , 0.0068648839051583194 , 2
1.2476841074120062 , 22 -22 -8 -30 -24 -26 , 45 -1 1 0 23 24 , 2 9 -12 8 0 3 , 17 28 -28 0 32 4 , 52 8 22 30 -18 -2 , 6 -26 30 -6 -14 8 , 12 -30 26 6 -22 12 , -6 12 -9 -8 15 -9 , 19 -27 27 0 -55 -28 , 0.0053193536076351989 , 0
1.261598283542658 , -3 5 5 -54 -33 -6 , 18 -18 18 0 -5 13 , -17 9 -28 6 15 -34 , 24 -18 18 0 -2 16 , 51 -5 -5 54 -11 -38 , 27 -3 -10 23 -6 18 , 4 10 3 -23 28 -3 , -23 28 -9 -6 -6 6 , 39 36 -36 0 7 -29 , 0.006183266321926709 , 0
1.261598283542658 , 17 -2 -12 -27 -37 -4 , 46 -9 9 0 17 26 , -11 -1 0 -10 10 -17 , -4 -27 27 0 -24 3 , 44 12 2 27 8 -35 , 45 -22 0 26 -4 20 , 19 0 22 -26 20 18 , -1 0 1 10 -17 11 , 39 36 -36 0 7 -29 , 0.0067351550513449956 , 1
1.261598283542658 , 23 1 -19 -35 -14 -15 , 40 -4 4 0 18 22 , 10 -13 10 17 -27 20 , 2 -32 32 0 -25 7 , 58 19 -1 35 4 -15 , 14 -9 -8 -4 29 -21 , 18 8 9 4 -13 38 , -7 -10 13 -17 10 -14 , 39 36 -36 0 7 -29 , 0.0076090456964925286 , 2
1.264326689632956 , -3 5 5 -54 -33 -6 , 18 -18 18 0 -5 13 , -17 9 -28 6 15 -34 , 24 -18 18 0 -2 16 , 51 -5 -5 54 -11 -38 , 27 -3 -10 23 -6 18 , 4 10 3 -23 28 -3 , -23 28 -9 -6 -6 6 , 39 36 -36 0 7 -29 , 0.0058745811584550202 , 0
1.264326689632956 , 23 1 -19 -35 -14 -15 , 40 -4 4 0 18 22 , 10 -13 10 17 -27 20 , 2 -32 32 0 -25 7 , 58 19 -1 35 4 -15 , 14 -9 -8 -4 29 -21 , 18 8 9 4 -13 38 , -7 -10 13 -17 10 -14 , 39 36 -36 0 7 -29 , 0.0062861882025131944 , 1
1.264326689632956 , 17 -2 -12 -27 -37 -4 , 46 -9 9 0 17 26 , -11 -1 0 -10 10 -17 , -4 -27 27 0 -24 3 , 44 12 2 27 8 -35 , 45 -22 0 26 -4 20 , 19 0 22 -26 20 18 , -1 0 1 10 -17 11 , 39 36 -36 0 7 -29 , 0.0070060246993969063 , 2
1.2696995736516972 , 23 1 -19 -35 -14 -15 , 40 -4 4 0 18 22 , 10 -13 10 17 -27 20 , 2 -32 32 0 -25 7 , 58 19 -1 35 4 -15 , 14 -9 -8 -4 29 -21 , 18 8 9 4 -13 38 , -7 -10 13 -17 10 -14 , 39 36 -36 0 7 -29 , 0.0050082208123127863 , 0
1.2696995736516972 , 8 4 -46 0 -41 -25 , 24 20 -20 0 29 9 , -4 21 -30 8 15 -12 , 38 7 -7 0 26 19 , 8 46 -4 0 21 -45 , -17 9 -8 -8 9 -17 , -9 8 -9 8 -9 0 , -12 30 -21 -8 18 -6 , 19 -27 27 0 -55 -28 , 0.0054028135960363793 , 1
1.2747605774071415 , 8 4 -46 0 -41 -25 , 24 20 -20 0 29 9 , -4 21 -30 8 15 -12 , 38 7 -7 0 26 19 , 8 46 -4 0 21 -45 , -17 9 -8 -8 9 -17 , -9 8 -9 8 -9 0 , -12 30 -21 -8 18 -6 , 19 -27 27 0 -55 -28 , 0.0040476607819126638 , 0
1.277559388902325 , 8 4 -46 0 -41 -25 , 24 20 -20 0 29 9 , -4 21 -30 8 15 -12 , 38 7 -7 0 26 19 , 8 46 -4 0 21 -45 , -17 9 -8 -8 9 -17 , -9 8 -9 8 -9 0 , -12 30 -21 -8 18 -6 , 19 -27 27 0 -55 -28 , 0.0045055764485409022 , 0
1.277559388902325 , 28 5 -24 -22 -27 -1 , 40 -9 9 0 14 23 , -16 4 -9 -8 14 -25 , 2 -27 27 0 -21 6 , 50 24 -5 22 23 -32 , 31 -7 17 -9 11 24 , 40 -17 7 9 7 18 , -8 9 -4 8 -16 10 , 39 36 -36 0 7 -29 , 0.0054904096202179594 , 1
1.2798117771530577 , 28 5 -24 -22 -27 -1 , 40 -9 9 0 14 23 , -16 4 -9 -8 14 -25 , 2 -27 27 0 -21 6 , 50 24 -5 22 23 -32 , 31 -7 17 -9 11 24 , 40 -17 7 9 7 18 , -8 9 -4 8 -16 10 , 39 36 -36 0 7 -29 , 0.0052543297744689866 , 0
1.2798117771530577 , 6 -26 -29 -8 -37 -48 , 30 5 -5 0 20 15 , -10 28 -27 12 -2 3 , 12 -41 41 0 -27 14 , 14 29 26 8 -19 -11 , 21 7 -14 8 14 7 , 13 14 -7 -8 21 7 , -22 27 -28 -12 30 -30 , 39 36 -36 0 7 -29 , 0.0053429712591487773 , 1
1.2798117771530577 , 8 4 -46 0 -41 -25 , 24 20 -20 0 29 9 , -4 21 -30 8 15 -12 , 38 7 -7 0 26 19 , 8 46 -4 0 21 -45 , -17 9 -8 -8 9 -17 , -9 8 -9 8 -9 0 , -12 30 -21 -8 18 -6 , 19 -27 27 0 -55 -28 , 0.0053982242334719537 , 2
1.2820085017089997 , 6 -26 -29 -8 -37 -48 , 30 5 -5 0 20 15 , -10 28 -27 12 -2 3 , 12 -41 41 0 -27 14 , 14 29 26 8 -19 -11 , 21 7 -14 8 14 7 , 13 14 -7 -8 21 7 , -22 27 -28 -12 30 -30 , 39 36 -36 0 7 -29 , 0.005112196308498039 , 0
1.2820085017089997 , 28 5 -24 -22 -27 -1 , 40 -9 9 0 14 23 , -16 4 -9 -8 14 -25 , 2 -27 27 0 -21 6 , 50 24 -5 22 23 -32 , 31 -7 17 -9 11 24 , 40 -17 7 9 7 18 , -8 9 -4 8 -16 10 , 39 36 -36 0 7 -29 , 0.0054791213957680086 , 1
1.2820085017089997 , 11 -11 -20 -28 -24 -31 , 49 -5 5 0 22 27 , -4 9 -13 11 -6 1 , -7 -31 31 0 -29 2 , 39 20 11 28 -11 -13 , 35 -6 18 -1 -1 37 , 36 -18 6 1 19 5 , -15 13 -9 -11 14 -15 , 39 36 -36 0 7 -29 , 0.0063685111603635283 , 2
1.2869582507614428 , 11 -11 -20 -28 -24 -31 , 49 -5 5 0 22 27 , -4 9 -13 11 -6 1 , -7 -31 31 0 -29 2 , 39 20 11 28 -11 -13 , 35 -6 18 -1 -1 37 , 36 -18 6 1 19 5 , -15 13 -9 -11 14 -15 , 39 36 -36 0 7 -29 , 0.0049799130855980147 , 0
1.2869582507614428 , 29 1 -44 -12 -13 -26 , 30 5 -5 0 20 15 , 30 -12 2 27 -22 30 , 12 -41 41 0 -27 14 , 41 44 -1 12 18 -14 , -13 -14 7 8 -21 -7 , -21 -7 14 -8 -14 -7 , 3 -2 12 -27 28 -10 , 39 36 -36 0 7 -29 , 0.0051735397055542049 , 1
1.2869582507614428 , 5 23 -29 -36 -21 -10 , 36 -10 10 0 11 21 , 15 -4 12 7 -17 28 , 6 -26 26 0 -18 8 , 41 29 -23 36 19 -44 , 4 -25 12 25 -39 12 , -21 -12 25 -25 0 -14 , 8 -12 4 -7 16 -13 , 39 36 -36 0 7 -29 , 0.0055643505132974766 , 2
1.2869582507614428 , 8 -2 -4 -41 -32 -9 , 34 1 -1 0 19 18 , 1 -3 20 -28 18 -1 , 8 -37 37 0 -26 11 , 49 4 2 41 -5 -30 , -26 7 4 -2 -20 0 , -24 -4 -7 2 -4 -27 , 29 -20 3 28 -21 21 , 39 36 -36 0 7 -29 , 0.0058332361811371698 , 3
1.2869582507614428 , 6 -26 -29 -8 -37 -48 , 30 5 -5 0 20 15 , -10 28 -27 12 -2 3 , 12 -41 41 0 -27 14 , 14 29 26 8 -19 -11 , 21 7 -14 8 14 7 , 13 14 -7 -8 21 7 , -22 27 -28 -12 30 -30 , 39 36 -36 0 7 -29 , 0.0061955234011063795 , 4
1.2876670647325212 , 11 -11 -20 -28 -24 -31 , 49 -5 5 0 22 27 , -4 9 -13 11 -6 1 , -7 -31 31 0 -29 2 , 39 20 11 28 -11 -13 , 35 -6 18 -1 -1 37 , 36 -18 6 1 19 5 , -15 13 -9 -11 14 -15 , 39 36 -36 0 7 -29 , 0.0049546267761837442 , 0
1.2876670647325212 , 29 1 -44 -12 -13 -26 , 30 5 -5 0 20 15 , 30 -12 2 27 -22 30 , 12 -41 41 0 -27 14 , 41 44 -1 12 18 -14 , -13 -14 7 8 -21 -7 , -21 -7 14 -8 -14 -7 , 3 -2 12 -27 28 -10 , 39 36 -36 0 7 -29 , 0.0051205930600528131 , 1
1.2876670647325212 , 5 23 -29 -36 -21 -10 , 36 -10 10 0 11 21 , 15 -4 12 7 -17 28 , 6 -26 26 0 -18 8 , 41 29 -23 36 19 -44 , 4 -25 12 25 -39 12 , -21 -12 25 -25 0 -14 , 8 -12 4 -7 16 -13 , 39 36 -36 0 7 -29 , 0.0053547531751366772 , 2
1.2876670647325212 , 8 -2 -4 -41 -32 -9 , 34 1 -1 0 19 18 , 1 -3 20 -28 18 -1 , 8 -37 37 0 -26 11 , 49 4 2 41 -5 -30 , -26 7 4 -2 -20 0 , -24 -4 -7 2 -4 -27 , 29 -20 3 28 -21 21 , 39 36 -36 0 7 -29 , 0.0058547289944540833 , 3
1.28808160662002 , 11 -11 -20 -28 -24 -31 , 49 -5 5 0 22 27 , -4 9 -13 11 -6 1 , -7 -31 31 0 -29 2 , 39 20 11 28 -11 -13 , 35 -6 18 -1 -1 37 , 36 -18 6 1 19 5 , -15 13 -9 -11 14 -15 , 39 36 -36 0 7 -29 , 0.0049632901099361084 , 0
1.28808160662002 , 29 1 -44 -12 -13 -26 , 30 5 -5 0 20 15 , 30 -12 2 27 -22 30 , 12 -41 41 0 -27 14 , 41 44 -1 12 18 -14 , -13 -14 7 8 -21 -7 , -21 -7 14 -8 -14 -7 , 3 -2 12 -27 28 -10 , 39 36 -36 0 7 -29 , 0.0051121963084980156 , 1
1.28808160662002 , 5 23 -29 -36 -21 -10 , 36 -10 10 0 11 21 , 15 -4 12 7 -17 28 , 6 -26 26 0 -18 8 , 41 29 -23 36 19 -44 , 4 -25 12 25 -39 12 , -21 -12 25 -25 0 -14 , 8 -12 4 -7 16 -13 , 39 36 -36 0 7 -29 , 0.0052504998630732462 , 2
1.28808160662002 , 8 -2 -4 -41 -32 -9 , 34 1 -1 0 19 18 , 1 -3 20 -28 18 -1 , 8 -37 37 0 -26 11 , 49 4 2 41 -5 -30 , -26 7 4 -2 -20 0 , -24 -4 -7 2 -4 -27 , 29 -20 3 28 -21 21 , 39 36 -36 0 7 -29 , 0.0058870710109819747 , 3
1.2905414641637065 , 5 23 -29 -36 -21 -10 , 36 -10 10 0 11 21 , 15 -4 12 7 -17 28 , 6 -26 26 0 -18 8 , 41 29 -23 36 19 -44 , 4 -25 12 25 -39 12 , -21 -12 25 -25 0 -14 , 8 -12 4 -7 16 -13 , 39 36 -36 0 7 -29 , 0.0049540194701869177 , 0
1.2905414641637065 , 11 -11 -20 -28 -24 -31 , 49 -5 5 0 22 27 , -4 9 -13 11 -6 1 , -7 -31 31 0 -29 2 , 39 20 11 28 -11 -13 , 35 -6 18 -1 -1 37 , 36 -18 6 1 19 5 , -15 13 -9 -11 14 -15 , 39 36 -36 0 7 -29 , 0.0053553150365504643 , 1
1.2905414641637065 , 29 1 -44 -12 -13 -26 , 30 5 -5 0 20 15 , 30 -12 2 27 -22 30 , 12 -41 41 0 -27 14 , 41 44 -1 12 18 -14 , -13 -14 7 8 -21 -7 , -21 -7 14 -8 -14 -7 , 3 -2 12 -27 28 -10 , 39 36 -36 0 7 -29 , 0.0053999990549486992 , 2
1.2905414641637065 , 11 -4 -33 -12 -35 -25 , 49 -5 5 0 22 27 , 15 -15 14 4 -9 13 , -7 -31 31 0 -29 2 , 23 33 4 12 8 -31 , 6 -30 13 29 -43 12 , -23 -13 30 -29 -1 -13 , 11 -14 15 -4 -1 6 , 39 36 -36 0 7 -29 , 0.0061670271448835681 , 3
1.2947772220396563 , 11 -4 -33 -12 -35 -25 , 49 -5 5 0 22 27 , 15 -15 14 4 -9 13 , -7 -31 31 0 -29 2 , 23 33 4 12 8 -31 , 6 -30 13 29 -43 12 , -23 -13 30 -29 -1 -13 , 11 -14 15 -4 -1 6 , 39 36 -36 0 7 -29 , 0.0050006540208471341 , 0
1.2947772220396563 , 4 -27 -9 -21 -45 -32 , 35 3 -3 0 21 18 , -14 -3 7 -23 20 -24 , 7 -39 39 0 -28 11 , 25 9 27 21 -23 -18 , -9 -14 -5 21 -23 -10 , -30 5 14 -21 -5 -9 , 9 -7 3 23 -31 23 , 39 36 -36 0 7 -29 , 0.0054405641949853362 , 1
1.2947772220396563 , 5 23 -29 -36 -21 -10 , 36 -10 10 0 11 21 , 15 -4 12 7 -17 28 , 6 -26 26 0 -18 8 , 41 29 -23 36 19 -44 , 4 -25 12 25 -39 12 , -21 -12 25 -25 0 -14 , 8 -12 4 -7 16 -13 , 39 36 -36 0 7 -29 , 0.0057890500445479344 , 2
1.2957345261299391 , 11 -4 -33 -12 -35 -25 , 49 -5 5 0 22 27 , 15 -15 14 4 -9 13 , -7 -31 31 0 -29 2 , 23 33 4 12 8 -31 , 6 -30 13 29 -43 12 , -23 -13 30 -29 -1 -13 , 11 -14 15 -4 -1 6 , 39 36 -36 0 7 -29 , 0.0049546267761837112 , 0
1.2957345261299391 , 4 -27 -9 -21 -45 -32 , 35 3 -3 0 21 18 , -14 -3 7 -23 20 -24 , 7 -39 39 0 -28 11 , 25 9 27 21 -23 -18 , -9 -14 -5 21 -23 -10 , -30 5 14 -21 -5 -9 , 9 -7 3 23 -31 23 , 39 36 -36 0 7 -29 , 0.0054825133220115559 , 1
1.2957345261299391 , 5 23 -29 -36 -21 -10 , 36 -10 10 0 11 21 , 15 -4 12 7 -17 28 , 6 -26 26 0 -18 8 , 41 29 -23 36 19 -44 , 4 -25 12 25 -39 12 , -21 -12 25 -25 0 -14 , 8 -12 4 -7 16 -13 , 39 36 -36 0 7 -29 , 0.0061665392438323948 , 2
1.2987857482738574 , 11 -4 -33 -12 -35 -25 , 49 -5 5 0 22 27 , 15 -15 14 4 -9 13 , -7 -31 31 0 -29 2 , 23 33 4 12 8 -31 , 6 -30 13 29 -43 12 , -23 -13 30 -29 -1 -13 , 11 -14 15 -4 -1 6 , 39 36 -36 0 7 -29 , 0.005404006808015162 , 0
1.2987857482738574 , 4 -27 -9 -21 -45 -32 , 35 3 -3 0 21 18 , -14 -3 7 -23 20 -24 , 7 -39 39 0 -28 11 , 25 9 27 21 -23 -18 , -9 -14 -5 21 -23 -10 , -30 5 14 -21 -5 -9 , 9 -7 3 23 -31 23 , 39 36 -36 0 7 -29 , 0.0061346428209528604 , 1
1.2987857482738574 , 41 -25 -44 -1 -10 -43 , 27 -19 19 0 -1 18 , -25 19 -4 -7 -7 -1 , 15 -17 17 0 -6 11 , 42 44 25 1 1 15 , 36 -13 12 7 -1 27 , 29 -12 13 -7 15 12 , -18 4 -19 7 3 -26 , 39 36 -36 0 7 -29 , 0.0063824627671921295 , 2
1.3121623888276204 , 5 -27 -27 -15 -30 -52 , 41 -7 7 0 16 23 , 13 -11 9 -8 13 -2 , 1 -29 29 0 -23 6 , 20 27 27 15 -25 -3 , -12 6 -29 3 25 -40 , -15 29 -6 -3 -11 19 , 21 -9 11 8 -11 24 , 39 36 -36 0 7 -29 , 0.0061105616542056502 , 0
1.3121623888276204 , 15 -7 -34 -4 -43 -19 , 49 -5 5 0 22 27 , -1 4 -5 6 -5 3 , 13 32 -32 0 33 1 , 19 34 7 4 15 -36 , -27 11 -20 1 5 -29 , -28 20 -11 -1 -9 -6 , -7 5 -4 -6 8 -9 , 19 -27 27 0 -55 -28 , 0.0062871555684821945 , 1
1.3121623888276204 , -8 -11 -12 -26 -49 -25 , 30 5 -5 0 20 15 , 36 -26 13 22 -18 26 , 12 -41 41 0 -27 14 , 18 12 11 26 -13 -38 , 21 7 -14 8 14 7 , 13 14 -7 -8 21 7 , 14 -13 26 -22 13 8 , 39 36 -36 0 7 -29 , 0.0067868813458251982 , 2
1.3121623888276204 , 49 -13 -43 -3 -11 -22 , 15 -17 17 0 -6 11 , 21 -38 17 22 -25 8 , 27 -19 19 0 -1 18 , 52 43 13 3 21 2 , -19 29 -9 -14 8 1 , -5 9 -29 14 10 -21 , -1 -17 38 -22 -9 13 , 39 36 -36 0 7 -29 , 0.0069774315234499458 , 3
1.3161495629890752 , 15 -7 -34 -4 -43 -19 , 49 -5 5 0 22 27 , -1 4 -5 6 -5 3 , 13 32 -32 0 33 1 , 19 34 7 4 15 -36 , -27 11 -20 1 5 -29 , -28 20 -11 -1 -9 -6 , -7 5 -4 -6 8 -9 , 19 -27 27 0 -55 -28 , 0.0041327188150673683 , 0
1.3184754376853982 , 15 -7 -34 -4 -43 -19 , 49 -5 5 0 22 27 , -1 4 -5 6 -5 3 , 13 32 -32 0 33 1 , 19 34 7 4 15 -36 , -27 11 -20 1 5 -29 , -28 20 -11 -1 -9 -6 , -7 5 -4 -6 8 -9 , 19 -27 27 0 -55 -28 , 0.0033653619230333207 , 0
1.3197862850472684 , 15 -7 -34 -4 -43 -19 , 49 -5 5 0 22 27 , -1 4 -5 6 -5 3 , 13 32 -32 0 33 1 , 19 34 7 4 15 -36 , -27 11 -20 1 5 -29 , -28 20 -11 -1 -9 -6 , -7 5 -4 -6 8 -9 , 19 -27 27 0 -55 -28 , 0.0032351973087221997 , 0
1.3228935796900838 , 15 -7 -34 -4 -43 -19 , 49 -5 5 0 22 27 , -1 4 -5 6 -5 3 , 13 32 -32 0 33 1 , 19 34 7 4 15 -36 , -27 11 -20 1 5 -29 , -28 20 -11 -1 -9 -6 , -7 5 -4 -6 8 -9 , 19 -27 27 0 -55 -28 , 0.0039107715771657357 , 0
1.324954376146991 , 15 -7 -34 -4 -43 -19 , 49 -5 5 0 22 27 , -1 4 -5 6 -5 3 , 13 32 -32 0 33 1 , 19 34 7 4 15 -36 , -27 11 -20 1 5 -29 , -28 20 -11 -1 -9 -6 , -7 5 -4 -6 8 -9 , 19 -27 27 0 -55 -28 , 0.0048806822787151099 , 0
1.324954376146991 , 41 -19 -45 -6 -5 -40 , 20 -24 24 0 -9 15 , 32 -15 -4 21 -2 12 , 22 -12 12 0 2 14 , 47 45 19 6 5 14 , -25 -2 8 -22 11 -26 , -3 -8 2 22 -34 13 , 11 4 15 -21 16 13 , 39 36 -36 0 7 -29 , 0.0057432234793986887 , 1
1.329370629051741 , -8 10 -42 -30 -14 -46 , 45 -1 1 0 23 24 , -6 12 -9 -8 15 -9 , 17 28 -28 0 32 4 , 22 42 -10 30 -4 -24 , -32 18 -10 -10 2 -18 , -22 10 -18 10 -8 -16 , 2 9 -12 8 0 3 , 19 -27 27 0 -55 -28 , 0.005322874409368167 , 0
1.329370629051741 , 1 18 -28 -40 -17 -19 , 1 -29 29 0 -23 6 , 16 -40 18 11 -11 -7 , 41 -7 7 0 16 23 , 41 28 -18 40 9 -35 , 13 -8 11 -11 13 2 , 24 -11 8 11 -9 21 , 5 -18 40 -11 -25 29 , 39 36 -36 0 7 -29 , 0.0061105616542057222 , 1
1.329644378539435 , -8 10 -42 -30 -14 -46 , 45 -1 1 0 23 24 , -6 12 -9 -8 15 -9 , 17 28 -28 0 32 4 , 22 42 -10 30 -4 -24 , -32 18 -10 -10 2 -18 , -22 10 -18 10 -8 -16 , 2 9 -12 8 0 3 , 19 -27 27 0 -55 -28 , 0.0053193536076351763 , 0
1.329644378539435 , 1 18 -28 -40 -17 -19 , 1 -29 29 0 -23 6 , 16 -40 18 11 -11 -7 , 41 -7 7 0 16 23 , 41 28 -18 40 9 -35 , 13 -8 11 -11 13 2 , 24 -11 8 11 -9 21 , 5 -18 40 -11 -25 29 , 39 36 -36 0 7 -29 , 0.0061136268193219675 , 1
1.3325282550814583 , -8 10 -42 -30 -14 -46 , 45 -1 1 0 23 24 , -6 12 -9 -8 15 -9 , 17 28 -28 0 32 4 , 22 42 -10 30 -4 -24 , -32 18 -10 -10 2 -18 , -22 10 -18 10 -8 -16 , 2 9 -12 8 0 3 , 19 -27 27 0 -55 -28 , 0.0056968298249273162 , 0
1.3325282550814583 , 13 -31 -39 7 -42 -48 , 41 -17 17 0 8 25 , 11 1 3 -7 12 5 , 1 -19 19 0 -15 4 , 6 39 31 -7 -9 -11 , 44 -31 5 27 -8 16 , 17 -5 31 -27 11 23 , 18 -3 -1 7 2 11 , 39 36 -36 0 7 -29 , 0.0062273646812391198 , 1
1.3325282550814583 , 1 18 -28 -40 -17 -19 , 1 -29 29 0 -23 6 , 16 -40 18 11 -11 -7 , 41 -7 7 0 16 23 , 41 28 -18 40 9 -35 , 13 -8 11 -11 13 2 , 24 -11 8 11 -9 21 , 5 -18 40 -11 -25 29 , 39 36 -36 0 7 -29 , 0.0065057076876709474 , 2
1.3325282550814583 , 37 -20 -17 -26 -14 -20 , 10 -4 4 0 2 6 , 37 -27 -6 15 19 -11 , 31 3 -3 0 19 16 , 63 17 20 26 -3 6 , -31 21 -4 -12 -4 -6 , -19 4 -21 12 -2 -25 , 22 6 27 -15 -5 46 , 40 1 -1 0 -21 -22 , 0.0066633896897626927 , 3
1.3374790682517792 , 13 -31 -39 7 -42 -48 , 41 -17 17 0 8 25 , 11 1 3 -7 12 5 , 1 -19 19 0 -15 4 , 6 39 31 -7 -9 -11 , 44 -31 5 27 -8 16 , 17 -5 31 -27 11 23 , 18 -3 -1 7 2 11 , 39 36 -36 0 7 -29 , 0.0051502276933063232 , 0
1.344215264062837 , -18 -11 -11 -31 -49 -32 , 1 -19 19 0 -15 4 , 24 -24 -12 45 -27 7 , 41 -17 17 0 8 25 , 13 11 11 31 -21 -38 , 15 -12 -5 17 -5 1 , -2 5 12 -17 6 7 , -21 12 24 -45 19 -3 , 39 36 -36 0 7 -29 , 0.0059262578318119308 , 0
1.344215264062837 , -8 10 -38 -26 -26 -35 , 46 -3 3 0 22 25 , -2 -10 12 -9 2 -5 , -5 2 -2 0 -1 -3 , 18 38 -10 26 3 -36 , 14 -36 -3 9 17 -37 , 5 3 36 -9 -34 53 , 7 -12 10 9 -17 12 , 40 1 -1 0 -21 -22 , 0.0064444032419757706 , 1
1.344215264062837 , 38 -18 -38 -3 -22 -25 , 8 -37 37 0 -26 11 , -18 -5 -14 8 0 -30 , 34 1 -1 0 19 18 , 41 38 18 3 13 -4 , 17 -19 31 -11 -6 20 , 28 -31 19 11 -11 13 , -26 14 5 -8 -16 5 , 39 36 -36 0 7 -29 , 0.0065316232325976741 , 2
1.344215264062837 , 13 -31 -39 7 -42 -48 , 41 -17 17 0 8 25 , 11 1 3 -7 12 5 , 1 -19 19 0 -15 4 , 6 39 31 -7 -9 -11 , 44 -31 5 27 -8 16 , 17 -5 31 -27 11 23 , 18 -3 -1 7 2 11 , 39 36 -36 0 7 -29 , 0.0070151913710542156 , 3
1.3483615202814871 , -18 -11 -11 -31 -49 -32 , 1 -19 19 0 -15 4 , 24 -24 -12 45 -27 7 , 41 -17 17 0 8 25 , 13 11 11 31 -21 -38 , 15 -12 -5 17 -5 1 , -2 5 12 -17 6 7 , -21 12 24 -45 19 -3 , 39 36 -36 0 7 -29 , 0.0051502276933063579 , 0
1.3483615202814871 , 38 -18 -38 -3 -22 -25 , 8 -37 37 0 -26 11 , -18 -5 -14 8 0 -30 , 34 1 -1 0 19 18 , 41 38 18 3 13 -4 , 17 -19 31 -11 -6 20 , 28 -31 19 11 -11 13 , -26 14 5 -8 -16 5 , 39 36 -36 0 7 -29 , 0.0058332401184968338 , 1
1.3483615202814871 , -5 -37 0 -22 -57 -34 , 28 -17 17 0 1 18 , -29 18 -5 -10 -3 -9 , 14 -19 19 0 -8 11 , 17 0 37 22 -34 -20 , 8 -22 34 0 -30 27 , 8 -34 22 0 -7 -8 , -19 5 -18 10 -4 -21 , 39 36 -36 0 7 -29 , 0.0059747674739047902 , 2
1.3483711052033687 , -18 -11 -11 -31 -49 -32 , 1 -19 19 0 -15 4 , 24 -24 -12 45 -27 7 , 41 -17 17 0 8 25 , 13 11 11 31 -21 -38 , 15 -12 -5 17 -5 1 , -2 5 12 -17 6 7 , -21 12 24 -45 19 -3 , 39 36 -36 0 7 -29 , 0.0051502321528354147 , 0
1.3483711052033687 , 38 -18 -38 -3 -22 -25 , 8 -37 37 0 -26 11 , -18 -5 -14 8 0 -30 , 34 1 -1 0 19 18 , 41 38 18 3 13 -4 , 17 -19 31 -11 -6 20 , 28 -31 19 11 -11 13 , -26 14 5 -8 -16 5 , 39 36 -36 0 7 -29 , 0.0058332361811371152 , 1
1.3483711052033687 , -5 -37 0 -22 -57 -34 , 28 -17 17 0 1 18 , -29 18 -5 -10 -3 -9 , 14 -19 19 0 -8 11 , 17 0 37 22 -34 -20 , 8 -22 34 0 -30 27 , 8 -34 22 0 -7 -8 , -19 5 -18 10 -4 -21 , 39 36 -36 0 7 -29 , 0.0059712818651956982 , 2
1.3497437880489784 , -18 -11 -11 -31 -49 -32 , 1 -19 19 0 -15 4 , 24 -24 -12 45 -27 7 , 41 -17 17 0 8 25 , 13 11 11 31 -21 -38 , 15 -12 -5 17 -5 1 , -2 5 12 -17 6 7 , -21 12 24 -45 19 -3 , 39 36 -36 0 7 -29 , 0.0052421535593675864 , 0
1.3497437880489784 , -5 -37 0 -22 -57 -34 , 28 -17 17 0 1 18 , -29 18 -5 -10 -3 -9 , 14 -19 19 0 -8 11 , 17 0 37 22 -34 -20 , 8 -22 34 0 -30 27 , 8 -34 22 0 -7 -8 , -19 5 -18 10 -4 -21 , 39 36 -36 0 7 -29 , 0.0055354889908212079 , 1
1.3497437880489784 , 38 -18 -38 -3 -22 -25 , 8 -37 37 0 -26 11 , -18 -5 -14 8 0 -30 , 34 1 -1 0 19 18 , 41 38 18 3 13 -4 , 17 -19 31 -11 -6 20 , 28 -31 19 11 -11 13 , -26 14 5 -8 -16 5 , 39 36 -36 0 7 -29 , 0.0059134396318896321 , 2
1.3497437880489784 , -11 7 -6 -40 -48 -5 , 29 -25 25 0 -5 20 , -1 13 7 -21 15 7 , 13 -11 11 0 -2 9 , 29 6 -7 40 1 -55 , 3 -18 41 -24 -7 16 , 27 -41 18 24 -25 11 , 20 -7 -13 21 0 2 , 39 36 -36 0 7 -29 , 0.0061925944657745284 , 3
1.3527105768214942 , -5 -37 0 -22 -57 -34 , 28 -17 17 0 1 18 , -29 18 -5 -10 -3 -9 , 14 -19 19 0 -8 11 , 17 0 37 22 -34 -20 , 8 -22 34 0 -30 27 , 8 -34 22 0 -7 -8 , -19 5 -18 10 -4 -21 , 39 36 -36 0 7 -29 , 0.0051225713015232511 , 0
1.3527105768214942 , -11 7 -6 -40 -48 -5 , 29 -25 25 0 -5 20 , -1 13 7 -21 15 7 , 13 -11 11 0 -2 9 , 29 6 -7 40 1 -55 , 3 -18 41 -24 -7 16 , 27 -41 18 24 -25 11 , 20 -7 -13 21 0 2 , 39 36 -36 0 7 -29 , 0.0053640623430390921 , 1
1.3527105768214942 , 13 -16 -19 -26 -27 -29 , -7 -31 31 0 -29 2 , 21 7 10 7 -17 43 , 49 -5 5 0 22 27 , 39 19 16 26 -10 -11 , -1 -4 9 -14 11 -6 , 13 -9 4 14 -15 15 , 14 -10 -7 -7 33 -24 , 39 36 -36 0 7 -29 , 0.0057067660936198136 , 2
1.3527105768214942 , -18 -11 -11 -31 -49 -32 , 1 -19 19 0 -15 4 , 24 -24 -12 45 -27 7 , 41 -17 17 0 8 25 , 13 11 11 31 -21 -38 , 15 -12 -5 17 -5 1 , -2 5 12 -17 6 7 , -21 12 24 -45 19 -3 , 39 36 -36 0 7 -29 , 0.0059984959989333279 , 3
1.3544546121710408 , 13 -16 -19 -26 -27 -29 , -7 -31 31 0 -29 2 , 21 7 10 7 -17 43 , 49 -5 5 0 22 27 , 39 19 16 26 -10 -11 , -1 -4 9 -14 11 -6 , 13 -9 4 14 -15 15 , 14 -10 -7 -7 33 -24 , 39 36 -36 0 7 -29 , 0.005206117522838314 , 0
1.3544546121710408 , -11 7 -6 -40 -48 -5 , 29 -25 25 0 -5 20 , -1 13 7 -21 15 7 , 13 -11 11 0 -2 9 , 29 6 -7 40 1 -55 , 3 -18 41 -24 -7 16 , 27 -41 18 24 -25 11 , 20 -7 -13 21 0 2 , 39 36 -36 0 7 -29 , 0.0052203774733191009 , 1
1.3544546121710408 , -5 -37 0 -22 -57 -34 , 28 -17 17 0 1 18 , -29 18 -5 -10 -3 -9 , 14 -19 19 0 -8 11 , 17 0 37 22 -34 -20 , 8 -22 34 0 -30 27 , 8 -34 22 0 -7 -8 , -19 5 -18 10 -4 -21 , 39 36 -36 0 7 -29 , 0.0052689240818100773 , 2
1.3544546121710408 , 24 -21 -19 -8 -46 -12 , 14 34 -34 0 35 1 , 9 -8 6 19 -28 22 , 48 -7 7 0 20 27 , 32 19 21 8 7 -25 , -17 1 1 -4 -5 -10 , -13 -1 -1 4 -11 -6 , -10 -6 8 -19 16 -20 , 19 -27 27 0 -55 -28 , 0.006344751062213526 , 3
1.3547655565056538 , 13 -16 -19 -26 -27 -29 , -7 -31 31 0 -29 2 , 21 7 10 7 -17 43 , 49 -5 5 0 22 27 , 39 19 16 26 -10 -11 , -1 -4 9 -14 11 -6 , 13 -9 4 14 -15 15 , 14 -10 -7 -7 33 -24 , 39 36 -36 0 7 -29 , 0.0051428648396359966 , 0
1.3547655565056538 , -11 7 -6 -40 -48 -5 , 29 -25 25 0 -5 20 , -1 13 7 -21 15 7 , 13 -11 11 0 -2 9 , 29 6 -7 40 1 -55 , 3 -18 41 -24 -7 16 , 27 -41 18 24 -25 11 , 20 -7 -13 21 0 2 , 39 36 -36 0 7 -29 , 0.0052250056432826923 , 1
1.3547655565056538 , -5 -37 0 -22 -57 -34 , 28 -17 17 0 1 18 , -29 18 -5 -10 -3 -9 , 14 -19 19 0 -8 11 , 17 0 37 22 -34 -20 , 8 -22 34 0 -30 27 , 8 -34 22 0 -7 -8 , -19 5 -18 10 -4 -21 , 39 36 -36 0 7 -29 , 0.0053246783872777691 , 2
1.3547655565056538 , 24 -21 -19 -8 -46 -12 , 14 34 -34 0 35 1 , 9 -8 6 19 -28 22 , 48 -7 7 0 20 27 , 32 19 21 8 7 -25 , -17 1 1 -4 -5 -10 , -13 -1 -1 4 -11 -6 , -10 -6 8 -19 16 -20 , 19 -27 27 0 -55 -28 , 0.0063409402516287593 , 3
1.3567152940542662 , 13 -16 -19 -26 -27 -29 , -7 -31 31 0 -29 2 , 21 7 10 7 -17 43 , 49 -5 5 0 22 27 , 39 19 16 26 -10 -11 , -1 -4 9 -14 11 -6 , 13 -9 4 14 -15 15 , 14 -10 -7 -7 33 -24 , 39 36 -36 0 7 -29 , 0.0049546267761836713 , 0
1.3567152940542662 , -11 7 -6 -40 -48 -5 , 29 -25 25 0 -5 20 , -1 13 7 -21 15 7 , 13 -11 11 0 -2 9 , 29 6 -7 40 1 -55 , 3 -18 41 -24 -7 16 , 27 -41 18 24 -25 11 , 20 -7 -13 21 0 2 , 39 36 -36 0 7 -29 , 0.0054596403184497978 , 1
1.3567152940542662 , -5 -37 0 -22 -57 -34 , 28 -17 17 0 1 18 , -29 18 -5 -10 -3 -9 , 14 -19 19 0 -8 11 , 17 0 37 22 -34 -20 , 8 -22 34 0 -30 27 , 8 -34 22 0 -7 -8 , -19 5 -18 10 -4 -21 , 39 36 -36 0 7 -29 , 0.0058531688940597158 , 2
1.357533644173642 , 13 -16 -19 -26 -27 -29 , -7 -31 31 0 -29 2 , 21 7 10 7 -17 43 , 49 -5 5 0 22 27 , 39 19 16 26 -10 -11 , -1 -4 9 -14 11 -6 , 13 -9 4 14 -15 15 , 14 -10 -7 -7 33 -24 , 39 36 -36 0 7 -29 , 0.0049883037114226971 , 0
1.357533644173642 , -11 7 -6 -40 -48 -5 , 29 -25 25 0 -5 20 , -1 13 7 -21 15 7 , 13 -11 11 0 -2 9 , 29 6 -7 40 1 -55 , 3 -18 41 -24 -7 16 , 27 -41 18 24 -25 11 , 20 -7 -13 21 0 2 , 39 36 -36 0 7 -29 , 0.005656194949343744 , 1
1.357533644173642 , 8 3 -12 -38 -31 -7 , 30 5 -5 0 20 15 , 27 -28 10 30 -30 22 , 12 -41 41 0 -27 14 , 46 12 -3 38 5 -34 , 14 11 -17 1 23 -3 , 13 17 -11 -1 14 12 , -3 -10 28 -30 12 -2 , 39 36 -36 0 7 -29 , 0.0061521000679147769 , 2
1.357533644173642 , -5 -37 0 -22 -57 -34 , 28 -17 17 0 1 18 , -29 18 -5 -10 -3 -9 , 14 -19 19 0 -8 11 , 17 0 37 22 -34 -20 , 8 -22 34 0 -30 27 , 8 -34 22 0 -7 -8 , -19 5 -18 10 -4 -21 , 39 36 -36 0 7 -29 , 0.0061539970596500033 , 3
1.3623738570777872 , 8 3 -12 -38 -31 -7 , 30 5 -5 0 20 15 , 27 -28 10 30 -30 22 , 12 -41 41 0 -27 14 , 46 12 -3 38 5 -34 , 14 11 -17 1 23 -3 , 13 17 -11 -1 14 12 , -3 -10 28 -30 12 -2 , 39 36 -36 0 7 -29 , 0.0051121963084980269 , 0
1.3623738570777872 , 21 -2 -41 -22 -7 -35 , 7 -39 39 0 -28 11 , 10 23 -21 5 14 9 , 35 3 -3 0 21 18 , 43 41 2 22 6 -5 , 19 -21 8 27 -31 21 , -8 -8 21 -27 13 -10 , 5 21 -23 -5 30 -9 , 39 36 -36 0 7 -29 , 0.0061975883757700335 , 1
1.3623738570777872 , 13 -16 -19 -26 -27 -29 , -7 -31 31 0 -29 2 , 21 7 10 7 -17 43 , 49 -5 5 0 22 27 , 39 19 16 26 -10 -11 , -1 -4 9 -14 11 -6 , 13 -9 4 14 -15 15 , 14 -10 -7 -7 33 -24 , 39 36 -36 0 7 -29 , 0.0063685111603627026 , 2
1.3665715717723776 , 21 -2 -41 -22 -7 -35 , 7 -39 39 0 -28 11 , 10 23 -21 5 14 9 , 35 3 -3 0 21 18 , 43 41 2 22 6 -5 , 19 -21 8 27 -31 21 , -8 -8 21 -27 13 -10 , 5 21 -23 -5 30 -9 , 39 36 -36 0 7 -29 , 0.0054405641949853128 , 0
1.3665715717723776 , 8 3 -12 -38 -31 -7 , 30 5 -5 0 20 15 , 27 -28 10 30 -30 22 , 12 -41 41 0 -27 14 , 46 12 -3 38 5 -34 , 14 11 -17 1 23 -3 , 13 17 -11 -1 14 12 , -3 -10 28 -30 12 -2 , 39 36 -36 0 7 -29 , 0.0059114229796863368 , 1
1.3665715717723776 , -9 -30 -14 -10 -63 -35 , 29 -25 25 0 -5 20 , -13 1 7 2 -20 7 , 13 -11 11 0 -2 9 , 1 14 30 10 -21 -33 , -41 27 -11 -16 3 -18 , -25 11 -27 16 -7 -24 , -15 -7 -1 -2 0 -21 , 39 36 -36 0 7 -29 , 0.0064627530413835328 , 2
1.3719595025567264 , -9 -30 -14 -10 -63 -35 , 29 -25 25 0 -5 20 , -13 1 7 2 -20 7 , 13 -11 11 0 -2 9 , 1 14 30 10 -21 -33 , -41 27 -11 -16 3 -18 , -25 11 -27 16 -7 -24 , -15 -7 -1 -2 0 -21 , 39 36 -36 0 7 -29 , 0.0052203774733190766 , 0
1.3719595025567264 , -6 23 -20 -45 -28 -6 , 14 -19 19 0 -8 11 , 8 8 7 8 -22 34 , 28 -17 17 0 1 18 , 39 20 -23 45 14 -51 , -3 -10 4 18 -29 9 , -21 -4 10 -18 5 -19 , 0 -7 -8 -8 27 -30 , 39 36 -36 0 7 -29 , 0.0055967848763090076 , 1
1.3751480078642668 , -6 23 -20 -45 -28 -6 , 14 -19 19 0 -8 11 , 8 8 7 8 -22 34 , 28 -17 17 0 1 18 , 39 20 -23 45 14 -51 , -3 -10 4 18 -29 9 , -21 -4 10 -18 5 -19 , 0 -7 -8 -8 27 -30 , 39 36 -36 0 7 -29 , 0.0051225713015232615 , 0
1.3751480078642668 , -9 -30 -14 -10 -63 -35 , 29 -25 25 0 -5 20 , -13 1 7 2 -20 7 , 13 -11 11 0 -2 9 , 1 14 30 10 -21 -33 , -41 27 -11 -16 3 -18 , -25 11 -27 16 -7 -24 , -15 -7 -1 -2 0 -21 , 39 36 -36 0 7 -29 , 0.0056864403532312299 , 1
1.3763399859911338 , -6 23 -20 -45 -28 -6 , 14 -19 19 0 -8 11 , 8 8 7 8 -22 34 , 28 -17 17 0 1 18 , 39 20 -23 45 14 -51 , -3 -10 4 18 -29 9 , -21 -4 10 -18 5 -19 , 0 -7 -8 -8 27 -30 , 39 36 -36 0 7 -29 , 0.0051914487538403725 , 0
1.3763399859911338 , -9 -30 -14 -10 -63 -35 , 29 -25 25 0 -5 20 , -13 1 7 2 -20 7 , 13 -11 11 0 -2 9 , 1 14 30 10 -21 -33 , -41 27 -11 -16 3 -18 , -25 11 -27 16 -7 -24 , -15 -7 -1 -2 0 -21 , 39 36 -36 0 7 -29 , 0.0060701415751956769 , 1
1.3763399859911338 , 13 -35 8 -24 -57 -10 , 13 5 -5 0 11 6 , 6 -43 31 10 -31 3 , 28 -6 6 0 10 16 , 37 -8 35 24 -18 -22 , -20 -4 -18 15 -7 -29 , -35 18 4 -15 -11 -3 , -4 -31 43 -10 -28 12 , 40 1 -1 0 -21 -22 , 0.006417397747928353 , 2
1.377421309390643 , -6 23 -20 -45 -28 -6 , 14 -19 19 0 -8 11 , 8 8 7 8 -22 34 , 28 -17 17 0 1 18 , 39 20 -23 45 14 -51 , -3 -10 4 18 -29 9 , -21 -4 10 -18 5 -19 , 0 -7 -8 -8 27 -30 , 39 36 -36 0 7 -29 , 0.0053688618299049936 , 0
1.377421309390643 , 13 -35 8 -24 -57 -10 , 13 5 -5 0 11 6 , 6 -43 31 10 -31 3 , 28 -6 6 0 10 16 , 37 -8 35 24 -18 -22 , -20 -4 -18 15 -7 -29 , -35 18 4 -15 -11 -3 , -4 -31 43 -10 -28 12 , 40 1 -1 0 -21 -22 , 0.0063716847609526237 , 1
1.377421309390643 , -9 -30 -14 -10 -63 -35 , 29 -25 25 0 -5 20 , -13 1 7 2 -20 7 , 13 -11 11 0 -2 9 , 1 14 30 10 -21 -33 , -41 27 -11 -16 3 -18 , -25 11 -27 16 -7 -24 , -15 -7 -1 -2 0 -21 , 39 36 -36 0 7 -29 , 0.0064936848366714392 , 2
1.3838816727163623 , 37 -22 -44 -2 -15 -37 , 1 -19 19 0 -15 4 , 17 -5 31 -27 11 23 , 41 -17 17 0 8 25 , 39 44 22 2 7 7 , 1 3 -18 12 5 -11 , -11 18 -3 -12 7 2 , 44 -31 5 27 -8 16 , 39 36 -36 0 7 -29 , 0.0051502276933063579 , 0
1.3838816727163623 , 20 -39 -31 -3 -31 -50 , 5 -23 23 0 -16 7 , 24 -33 1 37 -28 7 , 37 -13 13 0 9 22 , 23 31 39 3 -19 8 , -16 -4 11 -17 5 -14 , 1 -11 4 17 -25 9 , -13 -1 33 -37 6 5 , 39 36 -36 0 7 -29 , 0.0057705408503361637 , 1
1.3844287889861568 , 37 -22 -44 -2 -15 -37 , 1 -19 19 0 -15 4 , 17 -5 31 -27 11 23 , 41 -17 17 0 8 25 , 39 44 22 2 7 7 , 1 3 -18 12 5 -11 , -11 18 -3 -12 7 2 , 44 -31 5 27 -8 16 , 39 36 -36 0 7 -29 , 0.0051647374439357432 , 0
1.3844287889861568 , 20 -39 -31 -3 -31 -50 , 5 -23 23 0 -16 7 , 24 -33 1 37 -28 7 , 37 -13 13 0 9 22 , 23 31 39 3 -19 8 , -16 -4 11 -17 5 -14 , 1 -11 4 17 -25 9 , -13 -1 33 -37 6 5 , 39 36 -36 0 7 -29 , 0.0057575580224066914 , 1
1.3844287889861568 , -7 -17 -2 -28 -58 -15 , 41 -17 17 0 8 25 , -5 2 7 1 -15 12 , 1 -19 19 0 -15 4 , 21 2 17 28 -13 -41 , -45 19 -3 -24 7 -27 , -21 3 -19 24 -24 -12 , -6 -7 -2 -1 5 -17 , 39 36 -36 0 7 -29 , 0.0062382094861803553 , 2
1.3894068333541298 , -7 -17 -2 -28 -58 -15 , 41 -17 17 0 8 25 , -5 2 7 1 -15 12 , 1 -19 19 0 -15 4 , 21 2 17 28 -13 -41 , -45 19 -3 -24 7 -27 , -21 3 -19 24 -24 -12 , -6 -7 -2 -1 5 -17 , 39 36 -36 0 7 -29 , 0.0051502276933063527 , 0
1.390846302323349 , -7 -17 -2 -28 -58 -15 , 41 -17 17 0 8 25 , -5 2 7 1 -15 12 , 1 -19 19 0 -15 4 , 21 2 17 28 -13 -41 , -45 19 -3 -24 7 -27 , -21 3 -19 24 -24 -12 , -6 -7 -2 -1 5 -17 , 39 36 -36 0 7 -29 , 0.0052498454274165236 , 0
1.397071062413904 , 12 2 -16 -29 -38 -1 , 34 1 -1 0 19 18 , -17 19 -31 11 6 -20 , 8 -37 37 0 -26 11 , 41 16 -2 29 15 -40 , 8 16 -5 -18 30 0 , 26 5 -16 18 5 14 , -28 31 -19 -11 11 -13 , 39 36 -36 0 7 -29 , 0.0067666633441453685 , 0
1.397071062413904 , 17 -28 1 -33 -36 -17 , 31 13 -13 0 27 14 , 10 4 -18 25 -11 8 , 10 -14 14 0 -6 8 , 50 -1 28 33 -18 -8 , 29 11 -3 -16 38 10 , 45 3 -11 16 13 27 , -15 18 -4 -25 26 -15 , 40 1 -1 0 -21 -22 , 0.0070501664454633815 , 1
1.397071062413904 , -7 -17 -2 -28 -58 -15 , 41 -17 17 0 8 25 , -5 2 7 1 -15 12 , 1 -19 19 0 -15 4 , 21 2 17 28 -13 -41 , -45 19 -3 -24 7 -27 , -21 3 -19 24 -24 -12 , -6 -7 -2 -1 5 -17 , 39 36 -36 0 7 -29 , 0.007476289734720397 , 2
1.401921043488752 , 12 2 -16 -29 -38 -1 , 34 1 -1 0 19 18 , -17 19 -31 11 6 -20 , 8 -37 37 0 -26 11 , 41 16 -2 29 15 -40 , 8 16 -5 -18 30 0 , 26 5 -16 18 5 14 , -28 31 -19 -11 11 -13 , 39 36 -36 0 7 -29 , 0.0058332361811372115 , 0
1.4063065706414577 , -25 14 -27 -43 -28 -35 , 28 -6 6 0 10 16 , -9 29 -3 -8 -4 22 , 13 5 -5 0 11 6 , 18 27 -14 43 -8 -42 , -18 9 11 4 -35 23 , -22 -11 -9 -4 12 -44 , -1 3 -29 8 25 -33 , 40 1 -1 0 -21 -22 , 0.0065146371005884735 , 0
1.4063065706414577 , 12 2 -16 -29 -38 -1 , 34 1 -1 0 19 18 , -17 19 -31 11 6 -20 , 8 -37 37 0 -26 11 , 41 16 -2 29 15 -40 , 8 16 -5 -18 30 0 , 26 5 -16 18 5 14 , -28 31 -19 -11 11 -13 , 39 36 -36 0 7 -29 , 0.0066062858234606798 , 1
1.4063065706414577 , 42 -17 -51 5 -17 -30 , 23 -5 5 0 8 13 , -2 -1 -5 -17 32 -27 , 19 -31 31 0 -15 16 , 37 51 17 -5 21 0 , -4 -18 23 1 -25 10 , -5 -23 18 -1 -13 -7 , 15 5 1 17 -22 33 , 39 36 -36 0 7 -29 , 0.0072626390762584418 , 2
1.4063065706414577 , 30 -9 -62 3 -10 -44 , 10 -15 15 0 -7 8 , 9 14 -37 30 1 -3 , 32 -21 21 0 0 21 , 27 62 9 -3 18 -1 , -16 0 -5 8 -14 -8 , -24 5 0 -8 -3 -14 , -21 37 -14 -30 34 -13 , 39 36 -36 0 7 -29 , 0.008002517602921427 , 3
1.4082260181460895 , -25 14 -27 -43 -28 -35 , 28 -6 6 0 10 16 , -9 29 -3 -8 -4 22 , 13 5 -5 0 11 6 , 18 27 -14 43 -8 -42 , -18 9 11 4 -35 23 , -22 -11 -9 -4 12 -44 , -1 3 -29 8 25 -33 , 40 1 -1 0 -21 -22 , 0.006371684760952687 , 0
1.4082260181460895 , 30 -9 -62 3 -10 -44 , 10 -15 15 0 -7 8 , 9 14 -37 30 1 -3 , 32 -21 21 0 0 21 , 27 62 9 -3 18 -1 , -16 0 -5 8 -14 -8 , -24 5 0 -8 -3 -14 , -21 37 -14 -30 34 -13 , 39 36 -36 0 7 -29 , 0.0071378325985837583 , 1
1.4082260181460895 , 12 2 -16 -29 -38 -1 , 34 1 -1 0 19 18 , -17 19 -31 11 6 -20 , 8 -37 37 0 -26 11 , 41 16 -2 29 15 -40 , 8 16 -5 -18 30 0 , 26 5 -16 18 5 14 , -28 31 -19 -11 11 -13 , 39 36 -36 0 7 -29 , 0.0073418575626143061 , 2
1.4082260181460895 , 42 -17 -51 5 -17 -30 , 23 -5 5 0 8 13 , -2 -1 -5 -17 32 -27 , 19 -31 31 0 -15 16 , 37 51 17 -5 21 0 , -4 -18 23 1 -25 10 , -5 -23 18 -1 -13 -7 , 15 5 1 17 -22 33 , 39 36 -36 0 7 -29 , 0.0073883724141285845 , 3
1.4082260181460895 , -5 -18 5 -33 -59 -8 , 16 -30 30 0 -16 14 , 1 -22 4 2 4 -21 , 26 -6 6 0 9 15 , 28 -5 18 33 -13 -41 , 20 -10 -15 36 -19 10 , -16 15 10 -36 25 -9 , -1 -4 22 -2 -25 26 , 39 36 -36 0 7 -29 , 0.0075116088947750773 , 4
1.4140868664696973 , -5 -18 5 -33 -59 -8 , 16 -30 30 0 -16 14 , 1 -22 4 2 4 -21 , 26 -6 6 0 9 15 , 28 -5 18 33 -13 -41 , 20 -10 -15 36 -19 10 , -16 15 10 -36 25 -9 , -1 -4 22 -2 -25 26 , 39 36 -36 0 7 -29 , 0.0054258405486413809 , 0
1.4140868664696973 , -13 16 -15 -47 -33 -11 , 26 -6 6 0 9 15 , 15 -16 9 -10 20 -10 , 16 -30 30 0 -16 14 , 34 15 -16 47 4 -49 , 9 10 7 -21 22 8 , 30 -7 -10 21 1 12 , 25 -9 16 10 -19 36 , 39 36 -36 0 7 -29 , 0.0057602136856391437 , 1
1.4140868664696973 , 30 -9 -62 3 -10 -44 , 10 -15 15 0 -7 8 , 9 14 -37 30 1 -3 , 32 -21 21 0 0 21 , 27 62 9 -3 18 -1 , -16 0 -5 8 -14 -8 , -24 5 0 -8 -3 -14 , -21 37 -14 -30 34 -13 , 39 36 -36 0 7 -29 , 0.0058115391512888921 , 2
1.4140868664696973 , 35 -27 -35 -5 -22 -32 , 1 -29 29 0 -23 6 , -29 6 -12 11 -19 -15 , 41 -7 7 0 16 23 , 40 35 27 5 3 5 , 11 -9 21 -13 2 13 , 24 -21 9 13 -8 11 , -40 12 -6 -11 -3 -25 , 39 36 -36 0 7 -29 , 0.0066769977250547285 , 3
1.4157606669753582 , -5 -18 5 -33 -59 -8 , 16 -30 30 0 -16 14 , 1 -22 4 2 4 -21 , 26 -6 6 0 9 15 , 28 -5 18 33 -13 -41 , 20 -10 -15 36 -19 10 , -16 15 10 -36 25 -9 , -1 -4 22 -2 -25 26 , 39 36 -36 0 7 -29 , 0.0052951815075831096 , 0
1.4157606669753582 , -13 16 -15 -47 -33 -11 , 26 -6 6 0 9 15 , 15 -16 9 -10 20 -10 , 16 -30 30 0 -16 14 , 34 15 -16 47 4 -49 , 9 10 7 -21 22 8 , 30 -7 -10 21 1 12 , 25 -9 16 10 -19 36 , 39 36 -36 0 7 -29 , 0.0054049677920432635 , 1
1.4157606669753582 , 30 -9 -62 3 -10 -44 , 10 -15 15 0 -7 8 , 9 14 -37 30 1 -3 , 32 -21 21 0 0 21 , 27 62 9 -3 18 -1 , -16 0 -5 8 -14 -8 , -24 5 0 -8 -3 -14 , -21 37 -14 -30 34 -13 , 39 36 -36 0 7 -29 , 0.0059308333107224442 , 2
1.4157606669753582 , 35 -27 -35 -5 -22 -32 , 1 -29 29 0 -23 6 , -29 6 -12 11 -19 -15 , 41 -7 7 0 16 23 , 40 35 27 5 3 5 , 11 -9 21 -13 2 13 , 24 -21 9 13 -8 11 , -40 12 -6 -11 -3 -25 , 39 36 -36 0 7 -29 , 0.0062938384824927961 , 3
1.4172934646296045 , -13 16 -15 -47 -33 -11 , 26 -6 6 0 9 15 , 15 -16 9 -10 20 -10 , 16 -30 30 0 -16 14 , 34 15 -16 47 4 -49 , 9 10 7 -21 22 8 , 30 -7 -10 21 1 12 , 25 -9 16 10 -19 36 , 39 36 -36 0 7 -29 , 0.0052951815075831269 , 0
1.4172934646296045 , -5 -18 5 -33 -59 -8 , 16 -30 30 0 -16 14 , 1 -22 4 2 4 -21 , 26 -6 6 0 9 15 , 28 -5 18 33 -13 -41 , 20 -10 -15 36 -19 10 , -16 15 10 -36 25 -9 , -1 -4 22 -2 -25 26 , 39 36 -36 0 7 -29 , 0.0054049677920429964 , 1
1.4172934646296045 , 35 -27 -35 -5 -22 -32 , 1 -29 29 0 -23 6 , -29 6 -12 11 -19 -15 , 41 -7 7 0 16 23 , 40 35 27 5 3 5 , 11 -9 21 -13 2 13 , 24 -21 9 13 -8 11 , -40 12 -6 -11 -3 -25 , 39 36 -36 0 7 -29 , 0.0061252504269812373 , 2
1.4172934646296045 , 30 -9 -62 3 -10 -44 , 10 -15 15 0 -7 8 , 9 14 -37 30 1 -3 , 32 -21 21 0 0 21 , 27 62 9 -3 18 -1 , -16 0 -5 8 -14 -8 , -24 5 0 -8 -3 -14 , -21 37 -14 -30 34 -13 , 39 36 -36 0 7 -29 , 0.0062381964093622009 , 3
1.4178930147798114 , -13 16 -15 -47 -33 -11 , 26 -6 6 0 9 15 , 15 -16 9 -10 20 -10 , 16 -30 30 0 -16 14 , 34 15 -16 47 4 -49 , 9 10 7 -21 22 8 , 30 -7 -10 21 1 12 , 25 -9 16 10 -19 36 , 39 36 -36 0 7 -29 , 0.0053121254389845371 , 0
1.4178930147798114 , -5 -18 5 -33 -59 -8 , 16 -30 30 0 -16 14 , 1 -22 4 2 4 -21 , 26 -6 6 0 9 15 , 28 -5 18 33 -13 -41 , 20 -10 -15 36 -19 10 , -16 15 10 -36 25 -9 , -1 -4 22 -2 -25 26 , 39 36 -36 0 7 -29 , 0.0055056690418051769 , 1
1.4178930147798114 , 35 -27 -35 -5 -22 -32 , 1 -29 29 0 -23 6 , -29 6 -12 11 -19 -15 , 41 -7 7 0 16 23 , 40 35 27 5 3 5 , 11 -9 21 -13 2 13 , 24 -21 9 13 -8 11 , -40 12 -6 -11 -3 -25 , 39 36 -36 0 7 -29 , 0.0061105616542057655 , 2
1.4178930147798114 , 30 -9 -62 3 -10 -44 , 10 -15 15 0 -7 8 , 9 14 -37 30 1 -3 , 32 -21 21 0 0 21 , 27 62 9 -3 18 -1 , -16 0 -5 8 -14 -8 , -24 5 0 -8 -3 -14 , -21 37 -14 -30 34 -13 , 39 36 -36 0 7 -29 , 0.0064044772349594334 , 3
1.4256014584981647 , 21 -37 -36 10 -46 -39 , 7 -29 29 0 -20 9 , 17 -24 -9 37 -23 0 , 35 -7 7 0 13 20 , 11 36 37 -10 -3 -9 , -27 15 -15 -2 1 -19 , -25 15 -15 2 -4 -14 , -20 9 24 -37 9 1 , 39 36 -36 0 7 -29 , 0.0056599368158753282 , 0
1.4292851823624673 , 21 -37 -36 10 -46 -39 , 7 -29 29 0 -20 9 , 17 -24 -9 37 -23 0 , 35 -7 7 0 13 20 , 11 36 37 -10 -3 -9 , -27 15 -15 -2 1 -19 , -25 15 -15 2 -4 -14 , -20 9 24 -37 9 1 , 39 36 -36 0 7 -29 , 0.0062305505425950623 , 0
1.4292851823624673 , 20 13 -31 -41 -2 -15 , 16 -30 30 0 -16 14 , 6 9 14 -24 16 13 , 26 -6 6 0 9 15 , 61 31 -13 41 16 -15 , -32 13 -14 -11 12 -32 , -21 14 -13 11 -18 -1 , 30 -14 -9 24 -1 7 , 39 36 -36 0 7 -29 , 0.0063395706506452652 , 1
1.4292851823624673 , -9 -10 -4 -44 -37 -23 , 1 -29 29 0 -23 6 , 16 -40 18 11 -11 -7 , 41 -7 7 0 16 23 , 35 4 10 44 -19 -27 , -11 8 -13 -9 21 -24 , -2 13 -8 9 -11 13 , 5 -18 40 -11 -25 29 , 39 36 -36 0 7 -29 , 0.0073656090230579691 , 2
1.4292851823624673 , -14 -19 0 -31 -60 -19 , 32 -26 26 0 -4 22 , 8 10 -13 -1 18 -3 , 10 -10 10 0 -3 7 , 17 0 19 31 -19 -41 , 35 -16 23 -5 4 27 , 40 -23 16 5 4 20 , 9 13 -10 1 10 8 , 39 36 -36 0 7 -29 , 0.0074275611739380047 , 3
1.4342149415660717 , 20 13 -31 -41 -2 -15 , 16 -30 30 0 -16 14 , 6 9 14 -24 16 13 , 26 -6 6 0 9 15 , 61 31 -13 41 16 -15 , -32 13 -14 -11 12 -32 , -21 14 -13 11 -18 -1 , 30 -14 -9 24 -1 7 , 39 36 -36 0 7 -29 , 0.0052951815075831703 , 0
1.4342149415660717 , 24 15 -48 -30 5 -25 , 24 -23 23 0 -6 17 , -15 -2 -6 14 -20 -6 , 18 -13 13 0 -1 12 , 54 48 -15 30 23 -10 , 26 3 -9 23 -11 27 , 3 9 -3 -23 36 -14 , -29 6 2 -14 0 -18 , 39 36 -36 0 7 -29 , 0.0056694595990941874 , 1
1.4342149415660717 , -9 -10 -4 -44 -37 -23 , 1 -29 29 0 -23 6 , 16 -40 18 11 -11 -7 , 41 -7 7 0 16 23 , 35 4 10 44 -19 -27 , -11 8 -13 -9 21 -24 , -2 13 -8 9 -11 13 , 5 -18 40 -11 -25 29 , 39 36 -36 0 7 -29 , 0.0061426164634061104 , 2
1.4351012550039326 , 20 13 -31 -41 -2 -15 , 16 -30 30 0 -16 14 , 6 9 14 -24 16 13 , 26 -6 6 0 9 15 , 61 31 -13 41 16 -15 , -32 13 -14 -11 12 -32 , -21 14 -13 11 -18 -1 , 30 -14 -9 24 -1 7 , 39 36 -36 0 7 -29 , 0.0053321404143283615 , 0
1.4351012550039326 , 24 15 -48 -30 5 -25 , 24 -23 23 0 -6 17 , -15 -2 -6 14 -20 -6 , 18 -13 13 0 -1 12 , 54 48 -15 30 23 -10 , 26 3 -9 23 -11 27 , 3 9 -3 -23 36 -14 , -29 6 2 -14 0 -18 , 39 36 -36 0 7 -29 , 0.0054017924486969137 , 1
1.4351012550039326 , -9 -10 -4 -44 -37 -23 , 1 -29 29 0 -23 6 , 16 -40 18 11 -11 -7 , 41 -7 7 0 16 23 , 35 4 10 44 -19 -27 , -11 8 -13 -9 21 -24 , -2 13 -8 9 -11 13 , 5 -18 40 -11 -25 29 , 39 36 -36 0 7 -29 , 0.0061105616542057066 , 2
1.4375103123465043 , 24 15 -48 -30 5 -25 , 24 -23 23 0 -6 17 , -15 -2 -6 14 -20 -6 , 18 -13 13 0 -1 12 , 54 48 -15 30 23 -10 , 26 3 -9 23 -11 27 , 3 9 -3 -23 36 -14 , -29 6 2 -14 0 -18 , 39 36 -36 0 7 -29 , 0.0050093884728399886 , 0
1.4375103123465043 , 20 13 -31 -41 -2 -15 , 16 -30 30 0 -16 14 , 6 9 14 -24 16 13 , 26 -6 6 0 9 15 , 61 31 -13 41 16 -15 , -32 13 -14 -11 12 -32 , -21 14 -13 11 -18 -1 , 30 -14 -9 24 -1 7 , 39 36 -36 0 7 -29 , 0.005785210354846638 , 1
1.4380016347575288 , 24 15 -48 -30 5 -25 , 24 -23 23 0 -6 17 , -15 -2 -6 14 -20 -6 , 18 -13 13 0 -1 12 , 54 48 -15 30 23 -10 , 26 3 -9 23 -11 27 , 3 9 -3 -23 36 -14 , -29 6 2 -14 0 -18 , 39 36 -36 0 7 -29 , 0.0049973267253672704 , 0
1.4380016347575288 , 20 13 -31 -41 -2 -15 , 16 -30 30 0 -16 14 , 6 9 14 -24 16 13 , 26 -6 6 0 9 15 , 61 31 -13 41 16 -15 , -32 13 -14 -11 12 -32 , -21 14 -13 11 -18 -1 , 30 -14 -9 24 -1 7 , 39 36 -36 0 7 -29 , 0.0059336699814777003 , 1
1.4380016347575288 , -15 -6 -5 -33 -58 -11 , 10 -15 15 0 -7 8 , 30 -34 13 9 3 -1 , 32 -21 21 0 0 21 , 18 5 6 33 -6 -52 , 24 -7 -6 16 0 10 , 8 6 7 -16 16 7 , 21 -13 34 -9 -14 37 , 39 36 -36 0 7 -29 , 0.0061415996956158646 , 2
1.4397840227372947 , 24 15 -48 -30 5 -25 , 24 -23 23 0 -6 17 , -15 -2 -6 14 -20 -6 , 18 -13 13 0 -1 12 , 54 48 -15 30 23 -10 , 26 3 -9 23 -11 27 , 3 9 -3 -23 36 -14 , -29 6 2 -14 0 -18 , 39 36 -36 0 7 -29 , 0.0051538066226865025 , 0
1.4397840227372947 , -15 -6 -5 -33 -58 -11 , 10 -15 15 0 -7 8 , 30 -34 13 9 3 -1 , 32 -21 21 0 0 21 , 18 5 6 33 -6 -52 , 24 -7 -6 16 0 10 , 8 6 7 -16 16 7 , 21 -13 34 -9 -14 37 , 39 36 -36 0 7 -29 , 0.0058567026150471522 , 1
1.4397840227372947 , 3 -4 -2 -36 -49 3 , 37 -13 13 0 9 22 , -25 17 -5 -11 1 -9 , 5 -23 23 0 -16 7 , 39 2 4 36 5 -45 , 1 -33 24 -6 -5 -13 , 7 -24 33 6 -37 28 , -14 5 -17 11 -4 -16 , 39 36 -36 0 7 -29 , 0.0062038290148343899 , 2
1.440810649309364 , 24 15 -48 -30 5 -25 , 24 -23 23 0 -6 17 , -15 -2 -6 14 -20 -6 , 18 -13 13 0 -1 12 , 54 48 -15 30 23 -10 , 26 3 -9 23 -11 27 , 3 9 -3 -23 36 -14 , -29 6 2 -14 0 -18 , 39 36 -36 0 7 -29 , 0.0053775963584685674 , 0
1.440810649309364 , -15 -6 -5 -33 -58 -11 , 10 -15 15 0 -7 8 , 30 -34 13 9 3 -1 , 32 -21 21 0 0 21 , 18 5 6 33 -6 -52 , 24 -7 -6 16 0 10 , 8 6 7 -16 16 7 , 21 -13 34 -9 -14 37 , 39 36 -36 0 7 -29 , 0.0058115391512888331 , 1
1.440810649309364 , 3 -4 -2 -36 -49 3 , 37 -13 13 0 9 22 , -25 17 -5 -11 1 -9 , 5 -23 23 0 -16 7 , 39 2 4 36 5 -45 , 1 -33 24 -6 -5 -13 , 7 -24 33 6 -37 28 , -14 5 -17 11 -4 -16 , 39 36 -36 0 7 -29 , 0.005971604543090708 , 2
1.4430514526508522 , 3 -4 -2 -36 -49 3 , 37 -13 13 0 9 22 , -25 17 -5 -11 1 -9 , 5 -23 23 0 -16 7 , 39 2 4 36 5 -45 , 1 -33 24 -6 -5 -13 , 7 -24 33 6 -37 28 , -14 5 -17 11 -4 -16 , 39 36 -36 0 7 -29 , 0.0057575580224066966 , 0
1.4430514526508522 , -15 -6 -5 -33 -58 -11 , 10 -15 15 0 -7 8 , 30 -34 13 9 3 -1 , 32 -21 21 0 0 21 , 18 5 6 33 -6 -52 , 24 -7 -6 16 0 10 , 8 6 7 -16 16 7 , 21 -13 34 -9 -14 37 , 39 36 -36 0 7 -29 , 0.00602366776579408 , 1
1.4430514526508522 , 32 -4 -52 -14 0 -36 , 21 -4 4 0 8 12 , 16 -36 34 4 -24 16 , 21 -32 32 0 -15 17 , 46 52 4 14 16 4 , 6 14 2 -17 19 8 , 23 -2 -14 17 6 5 , 12 -34 36 -4 -18 12 , 39 36 -36 0 7 -29 , 0.0060902329299858437 , 2
1.4430514526508522 , 24 15 -48 -30 5 -25 , 24 -23 23 0 -6 17 , -15 -2 -6 14 -20 -6 , 18 -13 13 0 -1 12 , 54 48 -15 30 23 -10 , 26 3 -9 23 -11 27 , 3 9 -3 -23 36 -14 , -29 6 2 -14 0 -18 , 39 36 -36 0 7 -29 , 0.0061419506266119231 , 3
1.4430514526508522 , -16 -27 -10 -29 -47 -43 , 26 -6 6 0 9 15 , 18 -11 12 -14 21 -1 , 16 -30 30 0 -16 14 , 13 10 27 29 -33 -20 , 2 18 -23 -5 30 -15 , 7 23 -18 5 8 12 , 32 -12 11 14 -13 32 , 39 36 -36 0 7 -29 , 0.0068021627906521961 , 4
1.4430514526508522 , 11 -10 -25 -39 -6 -39 , 10 -14 14 0 -6 8 , 13 16 -38 3 45 -27 , 31 13 -13 0 27 14 , 50 25 10 39 -14 4 , -10 8 -11 15 -18 4 , -25 11 -8 -15 15 -26 , 10 38 -16 -3 11 29 , 40 1 -1 0 -21 -22 , 0.0070938216830147144 , 5
1.444162725543431 , 3 -4 -2 -36 -49 3 , 37 -13 13 0 9 22 , -25 17 -5 -11 1 -9 , 5 -23 23 0 -16 7 , 39 2 4 36 5 -45 , 1 -33 24 -6 -5 -13 , 7 -24 33 6 -37 28 , -14 5 -17 11 -4 -16 , 39 36 -36 0 7 -29 , 0.0058109323574395402 , 0
1.444162725543431 , 32 -4 -52 -14 0 -36 , 21 -4 4 0 8 12 , 16 -36 34 4 -24 16 , 21 -32 32 0 -15 17 , 46 52 4 14 16 4 , 6 14 2 -17 19 8 , 23 -2 -14 17 6 5 , 12 -34 36 -4 -18 12 , 39 36 -36 0 7 -29 , 0.0058664521678645594 , 1
1.444162725543431 , -15 -6 -5 -33 -58 -11 , 10 -15 15 0 -7 8 , 30 -34 13 9 3 -1 , 32 -21 21 0 0 21 , 18 5 6 33 -6 -52 , 24 -7 -6 16 0 10 , 8 6 7 -16 16 7 , 21 -13 34 -9 -14 37 , 39 36 -36 0 7 -29 , 0.0062763176562910753 , 2
1.444162725543431 , -16 -27 -10 -29 -47 -43 , 26 -6 6 0 9 15 , 18 -11 12 -14 21 -1 , 16 -30 30 0 -16 14 , 13 10 27 29 -33 -20 , 2 18 -23 -5 30 -15 , 7 23 -18 5 8 12 , 32 -12 11 14 -13 32 , 39 36 -36 0 7 -29 , 0.0063385101256212811 , 3
1.444162725543431 , 24 15 -48 -30 5 -25 , 24 -23 23 0 -6 17 , -15 -2 -6 14 -20 -6 , 18 -13 13 0 -1 12 , 54 48 -15 30 23 -10 , 26 3 -9 23 -11 27 , 3 9 -3 -23 36 -14 , -29 6 2 -14 0 -18 , 39 36 -36 0 7 -29 , 0.006629684678324534 , 4
1.444162725543431 , 11 -10 -25 -39 -6 -39 , 10 -14 14 0 -6 8 , 13 16 -38 3 45 -27 , 31 13 -13 0 27 14 , 50 25 10 39 -14 4 , -10 8 -11 15 -18 4 , -25 11 -8 -15 15 -26 , 10 38 -16 -3 11 29 , 40 1 -1 0 -21 -22 , 0.0070501664454634648 , 5
1.4460148599253915 , 32 -4 -52 -14 0 -36 , 21 -4 4 0 8 12 , 16 -36 34 4 -24 16 , 21 -32 32 0 -15 17 , 46 52 4 14 16 4 , 6 14 2 -17 19 8 , 23 -2 -14 17 6 5 , 12 -34 36 -4 -18 12 , 39 36 -36 0 7 -29 , 0.0057183974186822252 , 0
1.4460148599253915 , -16 -27 -10 -29 -47 -43 , 26 -6 6 0 9 15 , 18 -11 12 -14 21 -1 , 16 -30 30 0 -16 14 , 13 10 27 29 -33 -20 , 2 18 -23 -5 30 -15 , 7 23 -18 5 8 12 , 32 -12 11 14 -13 32 , 39 36 -36 0 7 -29 , 0.0057241962179779759 , 1
1.4460148599253915 , 3 -4 -2 -36 -49 3 , 37 -13 13 0 9 22 , -25 17 -5 -11 1 -9 , 5 -23 23 0 -16 7 , 39 2 4 36 5 -45 , 1 -33 24 -6 -5 -13 , 7 -24 33 6 -37 28 , -14 5 -17 11 -4 -16 , 39 36 -36 0 7 -29 , 0.0061270173813647568 , 2
1.4460148599253915 , -15 -6 -5 -33 -58 -11 , 10 -15 15 0 -7 8 , 30 -34 13 9 3 -1 , 32 -21 21 0 0 21 , 18 5 6 33 -6 -52 , 24 -7 -6 16 0 10 , 8 6 7 -16 16 7 , 21 -13 34 -9 -14 37 , 39 36 -36 0 7 -29 , 0.0068786489167838669 , 3
1.4490897565793013 , -16 -27 -10 -29 -47 -43 , 26 -6 6 0 9 15 , 18 -11 12 -14 21 -1 , 16 -30 30 0 -16 14 , 13 10 27 29 -33 -20 , 2 18 -23 -5 30 -15 , 7 23 -18 5 8 12 , 32 -12 11 14 -13 32 , 39 36 -36 0 7 -29 , 0.0052951815075831434 , 0
1.4490897565793013 , 32 -4 -52 -14 0 -36 , 21 -4 4 0 8 12 , 16 -36 34 4 -24 16 , 21 -32 32 0 -15 17 , 46 52 4 14 16 4 , 6 14 2 -17 19 8 , 23 -2 -14 17 6 5 , 12 -34 36 -4 -18 12 , 39 36 -36 0 7 -29 , 0.0061178050535133531 , 1
1.455150880830318 , 43 -2 -39 -14 -13 -7 , 27 -19 19 0 -1 18 , 29 -9 5 8 1 19 , 15 -17 17 0 -6 11 , 57 39 2 14 32 -11 , -29 12 -13 7 -15 -12 , -36 13 -12 -7 1 -27 , 21 -5 9 -8 14 10 , 39 36 -36 0 7 -29 , 0.0063824627671921078 , 0
1.455150880830318 , -16 -27 -10 -29 -47 -43 , 26 -6 6 0 9 15 , 18 -11 12 -14 21 -1 , 16 -30 30 0 -16 14 , 13 10 27 29 -33 -20 , 2 18 -23 -5 30 -15 , 7 23 -18 5 8 12 , 32 -12 11 14 -13 32 , 39 36 -36 0 7 -29 , 0.0068123031569789381 , 1
1.4621291621578032 , 14 6 -24 -37 -18 -11 , 12 -41 41 0 -27 14 , -23 3 14 -12 -14 1 , 30 5 -5 0 20 15 , 51 24 -6 37 13 -24 , 22 -13 -8 36 -26 18 , -14 8 13 -36 26 -13 , -11 -14 -3 12 -13 -17 , 39 36 -36 0 7 -29 , 0.0060181221866644347 , 0
1.4621291621578032 , 14 -4 -34 -9 -42 -12 , 46 -3 3 0 22 25 , 5 -9 2 14 -17 8 , -5 2 -2 0 -1 -3 , 23 34 4 9 22 -38 , 17 23 -54 30 24 -13 , -13 54 -23 -30 41 1 , -9 -2 9 -14 6 -8 , 40 1 -1 0 -21 -22 , 0.0064803741582146485 , 1
1.4621291621578032 , 27 -24 -42 -3 -23 -38 , 12 -41 41 0 -27 14 , 14 8 -21 7 21 -7 , 30 5 -5 0 20 15 , 30 42 24 3 4 1 , 26 -36 26 13 -22 18 , 13 -26 36 -13 -8 14 , 7 21 -8 -7 14 13 , 39 36 -36 0 7 -29 , 0.0065757475512805783 , 2
1.4621291621578032 , -9 -5 -14 -44 -27 -30 , 25 -25 25 0 -7 18 , 16 26 -25 -5 36 0 , 16 24 -24 0 28 4 , 35 14 5 44 -16 -22 , -5 27 -19 10 -7 15 , -15 19 -27 -10 34 -34 , 21 25 -26 5 25 10 , 40 1 -1 0 -21 -22 , 0.0068648839051581589 , 3
1.4630934427860984 , 14 6 -24 -37 -18 -11 , 12 -41 41 0 -27 14 , -23 3 14 -12 -14 1 , 30 5 -5 0 20 15 , 51 24 -6 37 13 -24 , 22 -13 -8 36 -26 18 , -14 8 13 -36 26 -13 , -11 -14 -3 12 -13 -17 , 39 36 -36 0 7 -29 , 0.0056879183369990139 , 0
1.4630934427860984 , 27 -24 -42 -3 -23 -38 , 12 -41 41 0 -27 14 , 14 8 -21 7 21 -7 , 30 5 -5 0 20 15 , 30 42 24 3 4 1 , 26 -36 26 13 -22 18 , 13 -26 36 -13 -8 14 , 7 21 -8 -7 14 13 , 39 36 -36 0 7 -29 , 0.0061697022871389732 , 1
1.4630934427860984 , 14 -4 -34 -9 -42 -12 , 46 -3 3 0 22 25 , 5 -9 2 14 -17 8 , -5 2 -2 0 -1 -3 , 23 34 4 9 22 -38 , 17 23 -54 30 24 -13 , -13 54 -23 -30 41 1 , -9 -2 9 -14 6 -8 , 40 1 -1 0 -21 -22 , 0.0064444032419756769 , 2
1.4630934427860984 , -9 -5 -14 -44 -27 -30 , 25 -25 25 0 -7 18 , 16 26 -25 -5 36 0 , 16 24 -24 0 28 4 , 35 14 5 44 -16 -22 , -5 27 -19 10 -7 15 , -15 19 -27 -10 34 -34 , 21 25 -26 5 25 10 , 40 1 -1 0 -21 -22 , 0.0068986626577991509 , 3
1.466619882089537 , 14 6 -24 -37 -18 -11 , 12 -41 41 0 -27 14 , -23 3 14 -12 -14 1 , 30 5 -5 0 20 15 , 51 24 -6 37 13 -24 , 22 -13 -8 36 -26 18 , -14 8 13 -36 26 -13 , -11 -14 -3 12 -13 -17 , 39 36 -36 0 7 -29 , 0.0051121963084980338 , 0
1.466619882089537 , 27 -24 -42 -3 -23 -38 , 12 -41 41 0 -27 14 , 14 8 -21 7 21 -7 , 30 5 -5 0 20 15 , 30 42 24 3 4 1 , 26 -36 26 13 -22 18 , 13 -26 36 -13 -8 14 , 7 21 -8 -7 14 13 , 39 36 -36 0 7 -29 , 0.0052016481949326791 , 1
1.4679782605945073 , 27 -24 -42 -3 -23 -38 , 12 -41 41 0 -27 14 , 14 8 -21 7 21 -7 , 30 5 -5 0 20 15 , 30 42 24 3 4 1 , 26 -36 26 13 -22 18 , 13 -26 36 -13 -8 14 , 7 21 -8 -7 14 13 , 39 36 -36 0 7 -29 , 0.0051121963084979341 , 0
1.4679782605945073 , 14 6 -24 -37 -18 -11 , 12 -41 41 0 -27 14 , -23 3 14 -12 -14 1 , 30 5 -5 0 20 15 , 51 24 -6 37 13 -24 , 22 -13 -8 36 -26 18 , -14 8 13 -36 26 -13 , -11 -14 -3 12 -13 -17 , 39 36 -36 0 7 -29 , 0.0052016481949326149 , 1
1.472560746553864 , 2 -35 -33 5 -55 -44 , 15 -27 27 0 -14 13 , 15 2 17 -19 13 18 , 27 -9 9 0 7 16 , -3 33 35 -5 -11 -20 , 33 -13 8 15 -9 27 , 18 -8 13 -15 19 4 , 34 -17 -2 19 1 11 , 39 36 -36 0 7 -29 , 0.0051095236940547602 , 0
1.472560746553864 , 25 -43 -36 4 -33 -48 , 20 -29 29 0 -13 16 , -7 28 -11 -16 21 1 , 22 -7 7 0 6 13 , 21 36 43 -4 -12 10 , 38 -24 6 24 -12 21 , 14 -6 24 -24 15 12 , 9 11 -28 16 12 -7 , 39 36 -36 0 7 -29 , 0.0055297116168675896 , 1
1.472560746553864 , 27 -24 -42 -3 -23 -38 , 12 -41 41 0 -27 14 , 14 8 -21 7 21 -7 , 30 5 -5 0 20 15 , 30 42 24 3 4 1 , 26 -36 26 13 -22 18 , 13 -26 36 -13 -8 14 , 7 21 -8 -7 14 13 , 39 36 -36 0 7 -29 , 0.0060526109146750474 , 2
1.4736955453847034 , 2 -35 -33 5 -55 -44 , 15 -27 27 0 -14 13 , 15 2 17 -19 13 18 , 27 -9 9 0 7 16 , -3 33 35 -5 -11 -20 , 33 -13 8 15 -9 27 , 18 -8 13 -15 19 4 , 34 -17 -2 19 1 11 , 39 36 -36 0 7 -29 , 0.0050461223061358017 , 0
1.4736955453847034 , 25 -43 -36 4 -33 -48 , 20 -29 29 0 -13 16 , -7 28 -11 -16 21 1 , 22 -7 7 0 6 13 , 21 36 43 -4 -12 10 , 38 -24 6 24 -12 21 , 14 -6 24 -24 15 12 , 9 11 -28 16 12 -7 , 39 36 -36 0 7 -29 , 0.0052226382994059887 , 1
1.4760377110869083 , 25 -43 -36 4 -33 -48 , 20 -29 29 0 -13 16 , -7 28 -11 -16 21 1 , 22 -7 7 0 6 13 , 21 36 43 -4 -12 10 , 38 -24 6 24 -12 21 , 14 -6 24 -24 15 12 , 9 11 -28 16 12 -7 , 39 36 -36 0 7 -29 , 0.0049530888789855515 , 0
1.4760377110869083 , 2 -35 -33 5 -55 -44 , 15 -27 27 0 -14 13 , 15 2 17 -19 13 18 , 27 -9 9 0 7 16 , -3 33 35 -5 -11 -20 , 33 -13 8 15 -9 27 , 18 -8 13 -15 19 4 , 34 -17 -2 19 1 11 , 39 36 -36 0 7 -29 , 0.0053109519912981403 , 1
1.4795161233073346 , 25 -43 -36 4 -33 -48 , 20 -29 29 0 -13 16 , -7 28 -11 -16 21 1 , 22 -7 7 0 6 13 , 21 36 43 -4 -12 10 , 38 -24 6 24 -12 21 , 14 -6 24 -24 15 12 , 9 11 -28 16 12 -7 , 39 36 -36 0 7 -29 , 0.0055301668287061042 , 0
1.4795161233073346 , -17 -26 -21 -22 -45 -50 , 16 -30 30 0 -16 14 , 8 5 -30 23 7 -12 , 26 -6 6 0 9 15 , 5 21 26 22 -29 -19 , 20 -10 -15 36 -19 10 , -16 15 10 -36 25 -9 , -15 30 -5 -23 18 2 , 39 36 -36 0 7 -29 , 0.0061629796812703377 , 1
1.4795161233073346 , 2 -35 -33 5 -55 -44 , 15 -27 27 0 -14 13 , 15 2 17 -19 13 18 , 27 -9 9 0 7 16 , -3 33 35 -5 -11 -20 , 33 -13 8 15 -9 27 , 18 -8 13 -15 19 4 , 34 -17 -2 19 1 11 , 39 36 -36 0 7 -29 , 0.0065117467826303213 , 2
1.4839755884504968 , -17 -26 -21 -22 -45 -50 , 16 -30 30 0 -16 14 , 8 5 -30 23 7 -12 , 26 -6 6 0 9 15 , 5 21 26 22 -29 -19 , 20 -10 -15 36 -19 10 , -16 15 10 -36 25 -9 , -15 30 -5 -23 18 2 , 39 36 -36 0 7 -29 , 0.0052951815075831027 , 0
1.4955346173703208 , 16 7 -30 -30 -21 -9 , 30 5 -5 0 20 15 , 30 -30 12 28 -27 22 , 12 -41 41 0 -27 14 , 46 30 -7 30 21 -28 , 8 19 -3 -7 9 18 , 15 3 -19 7 21 -10 , 2 -12 30 -28 10 3 , 39 36 -36 0 7 -29 , 0.0052471587765943878 , 0
1.4955346173703208 , 37 -37 -45 9 -26 -41 , 28 -22 22 0 -3 19 , -16 -1 20 -23 0 -2 , 14 -14 14 0 -4 10 , 28 45 37 -9 4 11 , 22 7 -4 18 -14 33 , 4 4 -7 -18 37 -21 , 7 -20 1 23 -22 1 , 39 36 -36 0 7 -29 , 0.0055727262860044736 , 1
1.4972068189484857 , 16 7 -30 -30 -21 -9 , 30 5 -5 0 20 15 , 30 -30 12 28 -27 22 , 12 -41 41 0 -27 14 , 46 30 -7 30 21 -28 , 8 19 -3 -7 9 18 , 15 3 -19 7 21 -10 , 2 -12 30 -28 10 3 , 39 36 -36 0 7 -29 , 0.0051121963084980269 , 0
1.4972068189484857 , 37 -37 -45 9 -26 -41 , 28 -22 22 0 -3 19 , -16 -1 20 -23 0 -2 , 14 -14 14 0 -4 10 , 28 45 37 -9 4 11 , 22 7 -4 18 -14 33 , 4 4 -7 -18 37 -21 , 7 -20 1 23 -22 1 , 39 36 -36 0 7 -29 , 0.0052064416711955514 , 1
1.4987318317761982 , 37 -37 -45 9 -26 -41 , 28 -22 22 0 -3 19 , -16 -1 20 -23 0 -2 , 14 -14 14 0 -4 10 , 28 45 37 -9 4 11 , 22 7 -4 18 -14 33 , 4 4 -7 -18 37 -21 , 7 -20 1 23 -22 1 , 39 36 -36 0 7 -29 , 0.0050935456065323891 , 0
1.4987318317761982 , 16 7 -30 -30 -21 -9 , 30 5 -5 0 20 15 , 30 -30 12 28 -27 22 , 12 -41 41 0 -27 14 , 46 30 -7 30 21 -28 , 8 19 -3 -7 9 18 , 15 3 -19 7 21 -10 , 2 -12 30 -28 10 3 , 39 36 -36 0 7 -29 , 0.0052246893755534436 , 1
1.5036207712001353 , -11 2 -25 -35 -32 -27 , 2 -37 37 0 -29 8 , 19 -25 -10 36 -18 -3 , 40 1 -1 0 22 21 , 24 25 -2 35 -2 -34 , 26 -17 6 22 -19 22 , 4 -6 17 -22 16 -2 , -17 10 25 -36 7 7 , 39 36 -36 0 7 -29 , 0.0059788584627044027 , 0
1.5036207712001353 , 37 -37 -45 9 -26 -41 , 28 -22 22 0 -3 19 , -16 -1 20 -23 0 -2 , 14 -14 14 0 -4 10 , 28 45 37 -9 4 11 , 22 7 -4 18 -14 33 , 4 4 -7 -18 37 -21 , 7 -20 1 23 -22 1 , 39 36 -36 0 7 -29 , 0.006155893466811683 , 1
1.5036207712001353 , 3 -10 -16 -43 -18 -30 , -5 2 -2 0 -1 -3 , -34 53 -5 -37 17 9 , 46 -3 3 0 22 25 , 46 16 10 43 -14 -8 , 2 -5 2 12 -17 9 , -10 -2 5 -12 7 -12 , 3 5 -53 37 14 -36 , 40 1 -1 0 -21 -22 , 0.0064444032419758062 , 2
1.5036207712001353 , 36 -43 -22 -7 -30 -30 , 13 5 -5 0 11 6 , 35 -4 12 -9 18 23 , 28 -6 6 0 10 16 , 43 22 43 7 -8 13 , -3 1 -33 22 9 -29 , -25 33 -1 -22 4 8 , 44 -12 4 9 11 22 , 40 1 -1 0 -21 -22 , 0.0064748772520183059 , 3
1.5036207712001353 , 16 7 -30 -30 -21 -9 , 30 5 -5 0 20 15 , 30 -30 12 28 -27 22 , 12 -41 41 0 -27 14 , 46 30 -7 30 21 -28 , 8 19 -3 -7 9 18 , 15 3 -19 7 21 -10 , 2 -12 30 -28 10 3 , 39 36 -36 0 7 -29 , 0.0068340217950732442 , 4
1.5036207712001353 , 15 5 -46 -23 -10 -29 , 7 -39 39 0 -28 11 , -30 5 14 -21 -5 -9 , 35 3 -3 0 21 18 , 38 46 -5 23 17 -15 , -20 24 -22 -15 29 -27 , -5 22 -24 15 -5 5 , -9 -14 -5 21 -23 -10 , 39 36 -36 0 7 -29 , 0.0070562860588523407 , 5
1.5048372861127943 , -11 2 -25 -35 -32 -27 , 2 -37 37 0 -29 8 , 19 -25 -10 36 -18 -3 , 40 1 -1 0 22 21 , 24 25 -2 35 -2 -34 , 26 -17 6 22 -19 22 , 4 -6 17 -22 16 -2 , -17 10 25 -36 7 7 , 39 36 -36 0 7 -29 , 0.0059166543316498078 , 0
1.5048372861127943 , 36 -43 -22 -7 -30 -30 , 13 5 -5 0 11 6 , 35 -4 12 -9 18 23 , 28 -6 6 0 10 16 , 43 22 43 7 -8 13 , -3 1 -33 22 9 -29 , -25 33 -1 -22 4 8 , 44 -12 4 9 11 22 , 40 1 -1 0 -21 -22 , 0.0063783343046462555 , 1
1.5048372861127943 , 3 -10 -16 -43 -18 -30 , -5 2 -2 0 -1 -3 , -34 53 -5 -37 17 9 , 46 -3 3 0 22 25 , 46 16 10 43 -14 -8 , 2 -5 2 12 -17 9 , -10 -2 5 -12 7 -12 , 3 5 -53 37 14 -36 , 40 1 -1 0 -21 -22 , 0.0065015600786503085 , 2
1.5048372861127943 , 15 5 -46 -23 -10 -29 , 7 -39 39 0 -28 11 , -30 5 14 -21 -5 -9 , 35 3 -3 0 21 18 , 38 46 -5 23 17 -15 , -20 24 -22 -15 29 -27 , -5 22 -24 15 -5 5 , -9 -14 -5 21 -23 -10 , 39 36 -36 0 7 -29 , 0.0065422088850646603 , 3
1.5048372861127943 , 37 -37 -45 9 -26 -41 , 28 -22 22 0 -3 19 , -16 -1 20 -23 0 -2 , 14 -14 14 0 -4 10 , 28 45 37 -9 4 11 , 22 7 -4 18 -14 33 , 4 4 -7 -18 37 -21 , 7 -20 1 23 -22 1 , 39 36 -36 0 7 -29 , 0.0066770064375109694 , 4
1.5052490681910509 , -11 2 -25 -35 -32 -27 , 2 -37 37 0 -29 8 , 19 -25 -10 36 -18 -3 , 40 1 -1 0 22 21 , 24 25 -2 35 -2 -34 , 26 -17 6 22 -19 22 , 4 -6 17 -22 16 -2 , -17 10 25 -36 7 7 , 39 36 -36 0 7 -29 , 0.0059238146694440344 , 0
1.5052490681910509 , 36 -43 -22 -7 -30 -30 , 13 5 -5 0 11 6 , 35 -4 12 -9 18 23 , 28 -6 6 0 10 16 , 43 22 43 7 -8 13 , -3 1 -33 22 9 -29 , -25 33 -1 -22 4 8 , 44 -12 4 9 11 22 , 40 1 -1 0 -21 -22 , 0.0063716847609526089 , 1
1.5052490681910509 , 15 5 -46 -23 -10 -29 , 7 -39 39 0 -28 11 , -30 5 14 -21 -5 -9 , 35 3 -3 0 21 18 , 38 46 -5 23 17 -15 , -20 24 -22 -15 29 -27 , -5 22 -24 15 -5 5 , -9 -14 -5 21 -23 -10 , 39 36 -36 0 7 -29 , 0.006385095898423127 , 2
1.5052490681910509 , 3 -10 -16 -43 -18 -30 , -5 2 -2 0 -1 -3 , -34 53 -5 -37 17 9 , 46 -3 3 0 22 25 , 46 16 10 43 -14 -8 , 2 -5 2 12 -17 9 , -10 -2 5 -12 7 -12 , 3 5 -53 37 14 -36 , 40 1 -1 0 -21 -22 , 0.0065464495394117221 , 3
1.5052490681910509 , 37 -37 -45 9 -26 -41 , 28 -22 22 0 -3 19 , -16 -1 20 -23 0 -2 , 14 -14 14 0 -4 10 , 28 45 37 -9 4 11 , 22 7 -4 18 -14 33 , 4 4 -7 -18 37 -21 , 7 -20 1 23 -22 1 , 39 36 -36 0 7 -29 , 0.0068688645842761012 , 4
1.5052490681910509 , 2 -18 -20 -15 -52 -19 , 40 1 -1 0 22 21 , -19 22 -16 -17 26 -22 , 2 -37 37 0 -29 8 , 17 20 18 15 1 -34 , 17 7 7 -19 25 10 , 36 -7 -7 19 3 18 , -2 16 -22 17 -6 4 , 39 36 -36 0 7 -29 , 0.00725939613990754 , 5
1.5099755392791419 , 15 5 -46 -23 -10 -29 , 7 -39 39 0 -28 11 , -30 5 14 -21 -5 -9 , 35 3 -3 0 21 18 , 38 46 -5 23 17 -15 , -20 24 -22 -15 29 -27 , -5 22 -24 15 -5 5 , -9 -14 -5 21 -23 -10 , 39 36 -36 0 7 -29 , 0.0054405641949853674 , 0
1.5099755392791419 , 2 -18 -20 -15 -52 -19 , 40 1 -1 0 22 21 , -19 22 -16 -17 26 -22 , 2 -37 37 0 -29 8 , 17 20 18 15 1 -34 , 17 7 7 -19 25 10 , 36 -7 -7 19 3 18 , -2 16 -22 17 -6 4 , 39 36 -36 0 7 -29 , 0.0059794176003488452 , 1
1.5099755392791419 , -18 -24 -4 -34 -52 -32 , 21 -4 4 0 8 12 , -16 16 -24 -12 34 -36 , 21 -32 32 0 -15 17 , 16 4 24 34 -28 -28 , 14 2 -23 19 8 -6 , -5 23 -2 -19 17 6 , -4 24 -16 12 -12 18 , 39 36 -36 0 7 -29 , 0.0066819925629273032 , 2
1.511197538155652 , 15 5 -46 -23 -10 -29 , 7 -39 39 0 -28 11 , -30 5 14 -21 -5 -9 , 35 3 -3 0 21 18 , 38 46 -5 23 17 -15 , -20 24 -22 -15 29 -27 , -5 22 -24 15 -5 5 , -9 -14 -5 21 -23 -10 , 39 36 -36 0 7 -29 , 0.0055087544988107542 , 0
1.511197538155652 , 2 -18 -20 -15 -52 -19 , 40 1 -1 0 22 21 , -19 22 -16 -17 26 -22 , 2 -37 37 0 -29 8 , 17 20 18 15 1 -34 , 17 7 7 -19 25 10 , 36 -7 -7 19 3 18 , -2 16 -22 17 -6 4 , 39 36 -36 0 7 -29 , 0.0059166543316498668 , 1
1.511197538155652 , -18 -24 -4 -34 -52 -32 , 21 -4 4 0 8 12 , -16 16 -24 -12 34 -36 , 21 -32 32 0 -15 17 , 16 4 24 34 -28 -28 , 14 2 -23 19 8 -6 , -5 23 -2 -19 17 6 , -4 24 -16 12 -12 18 , 39 36 -36 0 7 -29 , 0.0062786844082480947 , 2
1.511197538155652 , 10 -35 -42 9 -46 -47 , 16 -30 30 0 -16 14 , 22 -1 -21 26 1 4 , 26 -6 6 0 9 15 , 1 42 35 -9 -5 -11 , -14 13 -32 18 1 -21 , -32 32 -13 -18 11 -12 , -4 21 1 -26 25 2 , 39 36 -36 0 7 -29 , 0.0068328206507553974 , 3
1.5148641019642093 , 10 -35 -42 9 -46 -47 , 16 -30 30 0 -16 14 , 22 -1 -21 26 1 4 , 26 -6 6 0 9 15 , 1 42 35 -9 -5 -11 , -14 13 -32 18 1 -21 , -32 32 -13 -18 11 -12 , -4 21 1 -26 25 2 , 39 36 -36 0 7 -29 , 0.0055693034493786873 , 0
1.5148641019642093 , -18 -24 -4 -34 -52 -32 , 21 -4 4 0 8 12 , -16 16 -24 -12 34 -36 , 21 -32 32 0 -15 17 , 16 4 24 34 -28 -28 , 14 2 -23 19 8 -6 , -5 23 -2 -19 17 6 , -4 24 -16 12 -12 18 , 39 36 -36 0 7 -29 , 0.0057183974186821558 , 1
1.5148641019642093 , 15 5 -46 -23 -10 -29 , 7 -39 39 0 -28 11 , -30 5 14 -21 -5 -9 , 35 3 -3 0 21 18 , 38 46 -5 23 17 -15 , -20 24 -22 -15 29 -27 , -5 22 -24 15 -5 5 , -9 -14 -5 21 -23 -10 , 39 36 -36 0 7 -29 , 0.0064458283869685013 , 2
1.5148641019642093 , 2 -18 -20 -15 -52 -19 , 40 1 -1 0 22 21 , -19 22 -16 -17 26 -22 , 2 -37 37 0 -29 8 , 17 20 18 15 1 -34 , 17 7 7 -19 25 10 , 36 -7 -7 19 3 18 , -2 16 -22 17 -6 4 , 39 36 -36 0 7 -29 , 0.0064597680658241684 , 3
1.5173046780544401 , 10 -35 -42 9 -46 -47 , 16 -30 30 0 -16 14 , 22 -1 -21 26 1 4 , 26 -6 6 0 9 15 , 1 42 35 -9 -5 -11 , -14 13 -32 18 1 -21 , -32 32 -13 -18 11 -12 , -4 21 1 -26 25 2 , 39 36 -36 0 7 -29 , 0.0052951815075830896 , 0
1.5173046780544401 , -18 -24 -4 -34 -52 -32 , 21 -4 4 0 8 12 , -16 16 -24 -12 34 -36 , 21 -32 32 0 -15 17 , 16 4 24 34 -28 -28 , 14 2 -23 19 8 -6 , -5 23 -2 -19 17 6 , -4 24 -16 12 -12 18 , 39 36 -36 0 7 -29 , 0.0059731280984550907 , 1
1.5205270285477557 , 10 -35 -42 9 -46 -47 , 16 -30 30 0 -16 14 , 22 -1 -21 26 1 4 , 26 -6 6 0 9 15 , 1 42 35 -9 -5 -11 , -14 13 -32 18 1 -21 , -32 32 -13 -18 11 -12 , -4 21 1 -26 25 2 , 39 36 -36 0 7 -29 , 0.00576460726798287 , 0
1.5205270285477557 , 26 -20 -8 -18 -50 7 , 10 -9 9 0 -2 7 , -15 -16 27 8 -48 20 , 31 8 -8 0 23 15 , 44 8 20 18 15 -30 , -17 9 -22 0 16 -31 , -17 22 -9 0 -9 7 , -23 -27 16 -8 -7 -32 , 40 1 -1 0 -21 -22 , 0.006389654066985692 , 1
1.5205270285477557 , 11 -13 -28 -29 -18 -33 , 45 -1 1 0 23 24 , -17 21 -21 -2 11 -15 , -3 -35 35 0 -30 5 , 40 28 13 29 -5 -5 , -1 -23 8 26 -39 7 , -27 -8 23 -26 -1 -16 , -15 21 -21 2 6 -10 , 39 36 -36 0 7 -29 , 0.0069205957112690617 , 2
1.5205270285477557 , -18 -24 -4 -34 -52 -32 , 21 -4 4 0 8 12 , -16 16 -24 -12 34 -36 , 21 -32 32 0 -15 17 , 16 4 24 34 -28 -28 , 14 2 -23 19 8 -6 , -5 23 -2 -19 17 6 , -4 24 -16 12 -12 18 , 39 36 -36 0 7 -29 , 0.0069809988655135076 , 3
1.523855376429248 , 11 -13 -28 -29 -18 -33 , 45 -1 1 0 23 24 , -17 21 -21 -2 11 -15 , -3 -35 35 0 -30 5 , 40 28 13 29 -5 -5 , -1 -23 8 26 -39 7 , -27 -8 23 -26 -1 -16 , -15 21 -21 2 6 -10 , 39 36 -36 0 7 -29 , 0.0065081286198849682 , 0
1.523855376429248 , 26 -20 -8 -18 -50 7 , 10 -9 9 0 -2 7 , -15 -16 27 8 -48 20 , 31 8 -8 0 23 15 , 44 8 20 18 15 -30 , -17 9 -22 0 16 -31 , -17 22 -9 0 -9 7 , -23 -27 16 -8 -7 -32 , 40 1 -1 0 -21 -22 , 0.0068093023992302848 , 1
1.523855376429248 , 10 -35 -42 9 -46 -47 , 16 -30 30 0 -16 14 , 22 -1 -21 26 1 4 , 26 -6 6 0 9 15 , 1 42 35 -9 -5 -11 , -14 13 -32 18 1 -21 , -32 32 -13 -18 11 -12 , -4 21 1 -26 25 2 , 39 36 -36 0 7 -29 , 0.0070352447016585632 , 2
1.5304457142380106 , 30 -15 -43 -10 -16 -29 , 12 -41 41 0 -27 14 , 15 3 -19 7 21 -10 , 30 5 -5 0 20 15 , 40 43 15 10 14 -1 , 18 -22 13 26 -36 26 , -8 -13 22 -26 13 -14 , 8 19 -3 -7 9 18 , 39 36 -36 0 7 -29 , 0.0055986297644907068 , 0
1.5336737549248844 , 30 -15 -43 -10 -16 -29 , 12 -41 41 0 -27 14 , 15 3 -19 7 21 -10 , 30 5 -5 0 20 15 , 40 43 15 10 14 -1 , 18 -22 13 26 -36 26 , -8 -13 22 -26 13 -14 , 8 19 -3 -7 9 18 , 39 36 -36 0 7 -29 , 0.0051121963084980225 , 0
1.5471945220631407 , -2 -17 2 -40 -47 -9 , 40 -9 9 0 14 23 , -4 16 -25 10 8 -9 , 2 -27 27 0 -21 6 , 38 -2 17 40 -11 -30 , 31 -7 17 -9 11 24 , 40 -17 7 9 7 18 , -14 25 -16 -10 16 -8 , 39 36 -36 0 7 -29 , 0.0052543297744689684 , 0
1.5498249452717157 , -2 -17 2 -40 -47 -9 , 40 -9 9 0 14 23 , -4 16 -25 10 8 -9 , 2 -27 27 0 -21 6 , 38 -2 17 40 -11 -30 , 31 -7 17 -9 11 24 , 40 -17 7 9 7 18 , -14 25 -16 -10 16 -8 , 39 36 -36 0 7 -29 , 0.0055738255031381424 , 0
1.5562045558496749 , 21 -34 -43 -5 -19 -53 , 16 -30 30 0 -16 14 , 7 10 9 -1 -12 30 , 26 -6 6 0 9 15 , 26 43 34 5 -10 15 , 21 -14 13 -11 18 1 , 32 -13 14 11 -12 32 , 8 -9 -10 1 21 -22 , 39 36 -36 0 7 -29 , 0.0054187858106395483 , 0
1.557832006468477 , 21 -34 -43 -5 -19 -53 , 16 -30 30 0 -16 14 , 7 10 9 -1 -12 30 , 26 -6 6 0 9 15 , 26 43 34 5 -10 15 , 21 -14 13 -11 18 1 , 32 -13 14 11 -12 32 , 8 -9 -10 1 21 -22 , 39 36 -36 0 7 -29 , 0.0052951815075831391 , 0
1.5618922769728303 , 21 -34 -43 -5 -19 -53 , 16 -30 30 0 -16 14 , 7 10 9 -1 -12 30 , 26 -6 6 0 9 15 , 26 43 34 5 -10 15 , 21 -14 13 -11 18 1 , 32 -13 14 11 -12 32 , 8 -9 -10 1 21 -22 , 39 36 -36 0 7 -29 , 0.0060234383991575914 , 0
1.5618922769728303 , 6 10 -44 -41 6 -39 , 28 -6 6 0 10 16 , -15 7 29 -35 3 11 , 13 5 -5 0 11 6 , 47 44 -10 41 5 -4 , -6 3 -31 4 31 -43 , -10 31 -3 -4 -12 28 , 20 -29 -7 35 -18 -4 , 40 1 -1 0 -21 -22 , 0.0063716847609525977 , 1
1.570398547871664 , 37 -18 -52 4 -21 -27 , 37 -13 13 0 9 22 , -11 4 16 -25 9 -1 , 5 -23 23 0 -16 7 , 33 52 18 -4 25 -3 , 42 -21 4 19 -1 19 , 23 -4 21 -19 15 20 , 14 -16 -4 25 -17 5 , 39 36 -36 0 7 -29 , 0.005757558022406759 , 0
1.570398547871664 , 2 -45 -13 -9 -58 -35 , 16 -30 30 0 -16 14 , 13 -6 -9 -1 24 -16 , 26 -6 6 0 9 15 , 11 13 45 9 -22 -13 , 20 -10 -15 36 -19 10 , -16 15 10 -36 25 -9 , 14 9 6 1 -7 30 , 39 36 -36 0 7 -29 , 0.0061254908218976219 , 1
1.570398547871664 , -24 -5 -13 -43 -41 -29 , 7 -29 29 0 -20 9 , 37 -14 -7 26 -3 16 , 35 -7 7 0 13 20 , 19 13 5 43 -16 -36 , 27 -15 15 2 -1 19 , 25 -15 15 -2 4 14 , 11 7 14 -26 23 11 , 39 36 -36 0 7 -29 , 0.0061349204244797043 , 2
1.570398547871664 , 5 -2 1 -45 -43 10 , 18 -18 18 0 -5 13 , 17 -9 28 -6 -15 34 , 24 -18 18 0 -2 16 , 50 -1 2 45 9 -41 , -29 12 -9 -1 -8 -14 , -28 9 -12 1 -5 -20 , 23 -28 9 6 6 -6 , 39 36 -36 0 7 -29 , 0.0067565029165053631 , 3
1.5737459029023027 , 2 -45 -13 -9 -58 -35 , 16 -30 30 0 -16 14 , 13 -6 -9 -1 24 -16 , 26 -6 6 0 9 15 , 11 13 45 9 -22 -13 , 20 -10 -15 36 -19 10 , -16 15 10 -36 25 -9 , 14 9 6 1 -7 30 , 39 36 -36 0 7 -29 , 0.0053428975678544242 , 0
1.5737459029023027 , -24 -5 -13 -43 -41 -29 , 7 -29 29 0 -20 9 , 37 -14 -7 26 -3 16 , 35 -7 7 0 13 20 , 19 13 5 43 -16 -36 , 27 -15 15 2 -1 19 , 25 -15 15 -2 4 14 , 11 7 14 -26 23 11 , 39 36 -36 0 7 -29 , 0.005659936815875284 , 1
1.5737459029023027 , 5 -2 1 -45 -43 10 , 18 -18 18 0 -5 13 , 17 -9 28 -6 -15 34 , 24 -18 18 0 -2 16 , 50 -1 2 45 9 -41 , -29 12 -9 -1 -8 -14 , -28 9 -12 1 -5 -20 , 23 -28 9 6 6 -6 , 39 36 -36 0 7 -29 , 0.005954235431314122 , 2
1.5737459029023027 , 37 -18 -52 4 -21 -27 , 37 -13 13 0 9 22 , -11 4 16 -25 9 -1 , 5 -23 23 0 -16 7 , 33 52 18 -4 25 -3 , 42 -21 4 19 -1 19 , 23 -4 21 -19 15 20 , 14 -16 -4 25 -17 5 , 39 36 -36 0 7 -29 , 0.0062250973225548793 , 3
1.5747534834049437 , 2 -45 -13 -9 -58 -35 , 16 -30 30 0 -16 14 , 13 -6 -9 -1 24 -16 , 26 -6 6 0 9 15 , 11 13 45 9 -22 -13 , 20 -10 -15 36 -19 10 , -16 15 10 -36 25 -9 , 14 9 6 1 -7 30 , 39 36 -36 0 7 -29 , 0.0052951815075830853 , 0
1.5747534834049437 , -24 -5 -13 -43 -41 -29 , 7 -29 29 0 -20 9 , 37 -14 -7 26 -3 16 , 35 -7 7 0 13 20 , 19 13 5 43 -16 -36 , 27 -15 15 2 -1 19 , 25 -15 15 -2 4 14 , 11 7 14 -26 23 11 , 39 36 -36 0 7 -29 , 0.0057046026570603016 , 1
1.5747534834049437 , 5 -2 1 -45 -43 10 , 18 -18 18 0 -5 13 , 17 -9 28 -6 -15 34 , 24 -18 18 0 -2 16 , 50 -1 2 45 9 -41 , -29 12 -9 -1 -8 -14 , -28 9 -12 1 -5 -20 , 23 -28 9 6 6 -6 , 39 36 -36 0 7 -29 , 0.0058802532036147685 , 2
1.5747534834049437 , 37 -18 -52 4 -21 -27 , 37 -13 13 0 9 22 , -11 4 16 -25 9 -1 , 5 -23 23 0 -16 7 , 33 52 18 -4 25 -3 , 42 -21 4 19 -1 19 , 23 -4 21 -19 15 20 , 14 -16 -4 25 -17 5 , 39 36 -36 0 7 -29 , 0.006529330201241198 , 3
1.5751186527418657 , 2 -45 -13 -9 -58 -35 , 16 -30 30 0 -16 14 , 13 -6 -9 -1 24 -16 , 26 -6 6 0 9 15 , 11 13 45 9 -22 -13 , 20 -10 -15 36 -19 10 , -16 15 10 -36 25 -9 , 14 9 6 1 -7 30 , 39 36 -36 0 7 -29 , 0.0053014734987049759 , 0
1.5751186527418657 , -24 -5 -13 -43 -41 -29 , 7 -29 29 0 -20 9 , 37 -14 -7 26 -3 16 , 35 -7 7 0 13 20 , 19 13 5 43 -16 -36 , 27 -15 15 2 -1 19 , 25 -15 15 -2 4 14 , 11 7 14 -26 23 11 , 39 36 -36 0 7 -29 , 0.0057425692096074541 , 1
1.5751186527418657 , 5 -2 1 -45 -43 10 , 18 -18 18 0 -5 13 , 17 -9 28 -6 -15 34 , 24 -18 18 0 -2 16 , 50 -1 2 45 9 -41 , -29 12 -9 -1 -8 -14 , -28 9 -12 1 -5 -20 , 23 -28 9 6 6 -6 , 39 36 -36 0 7 -29 , 0.005874581158455028 , 2
1.58250070610876 , -2 -44 -18 -13 -48 -47 , 32 -21 21 0 0 21 , -3 -8 14 5 -24 14 , 10 -15 15 0 -7 8 , 11 18 44 13 -29 -4 , -17 1 29 -39 11 -2 , 22 -29 -1 39 -31 10 , -8 -14 8 -5 0 -16 , 39 36 -36 0 7 -29 , 0.0058115391512887976 , 0
1.58250070610876 , 6 -20 -16 -40 -18 -34 , 45 -1 1 0 23 24 , -2 -9 12 -8 0 -3 , 17 28 -28 0 32 4 , 46 16 20 40 -18 2 , -32 18 -10 -10 2 -18 , -22 10 -18 10 -8 -16 , 6 -12 9 8 -15 9 , 19 -27 27 0 -55 -28 , 0.0068241562370605323 , 1
1.5885461514771342 , 6 -20 -16 -40 -18 -34 , 45 -1 1 0 23 24 , -2 -9 12 -8 0 -3 , 17 28 -28 0 32 4 , 46 16 20 40 -18 2 , -32 18 -10 -10 2 -18 , -22 10 -18 10 -8 -16 , 6 -12 9 8 -15 9 , 19 -27 27 0 -55 -28 , 0.0053193536076351763 , 0
1.5885461514771342 , -3 -32 -39 -9 -33 -59 , 26 -6 6 0 9 15 , 10 15 -16 19 -10 20 , 16 -30 30 0 -16 14 , 6 39 32 9 -20 -1 , 30 -7 -10 21 1 12 , 9 10 7 -21 22 8 , -9 16 -15 -19 36 -25 , 39 36 -36 0 7 -29 , 0.0058207660101305429 , 1
1.5885461514771342 , -6 -29 -2 -24 -63 -15 , 12 -31 31 0 -19 12 , 0 -11 33 -13 -19 23 , 30 -5 5 0 12 17 , 18 2 29 24 -13 -34 , -19 16 -12 9 -16 2 , -28 12 -16 -9 14 -32 , 13 -33 11 13 -10 -8 , 39 36 -36 0 7 -29 , 0.0062441364476244843 , 2
1.5896283530043624 , 6 -20 -16 -40 -18 -34 , 45 -1 1 0 23 24 , -2 -9 12 -8 0 -3 , 17 28 -28 0 32 4 , 46 16 20 40 -18 2 , -32 18 -10 -10 2 -18 , -22 10 -18 10 -8 -16 , 6 -12 9 8 -15 9 , 19 -27 27 0 -55 -28 , 0.0053741138324600122 , 0
1.5896283530043624 , -3 -32 -39 -9 -33 -59 , 26 -6 6 0 9 15 , 10 15 -16 19 -10 20 , 16 -30 30 0 -16 14 , 6 39 32 9 -20 -1 , 30 -7 -10 21 1 12 , 9 10 7 -21 22 8 , -9 16 -15 -19 36 -25 , 39 36 -36 0 7 -29 , 0.0055468566581676924 , 1
1.5896283530043624 , -6 -29 -2 -24 -63 -15 , 12 -31 31 0 -19 12 , 0 -11 33 -13 -19 23 , 30 -5 5 0 12 17 , 18 2 29 24 -13 -34 , -19 16 -12 9 -16 2 , -28 12 -16 -9 14 -32 , 13 -33 11 13 -10 -8 , 39 36 -36 0 7 -29 , 0.0061970689639898905 , 2
1.5896283530043624 , 6 3 -54 -29 4 -50 , 13 5 -5 0 11 6 , 4 -35 23 22 -44 12 , 28 -6 6 0 10 16 , 35 54 -3 29 4 1 , 20 4 18 -15 7 29 , 35 -18 -4 15 11 3 , -18 -23 35 -22 -11 -9 , 40 1 -1 0 -21 -22 , 0.006713583400647173 , 3
1.5919644534550532 , -3 -32 -39 -9 -33 -59 , 26 -6 6 0 9 15 , 10 15 -16 19 -10 20 , 16 -30 30 0 -16 14 , 6 39 32 9 -20 -1 , 30 -7 -10 21 1 12 , 9 10 7 -21 22 8 , -9 16 -15 -19 36 -25 , 39 36 -36 0 7 -29 , 0.0052951815075832007 , 0
1.5919644534550532 , 6 -20 -16 -40 -18 -34 , 45 -1 1 0 23 24 , -2 -9 12 -8 0 -3 , 17 28 -28 0 32 4 , 46 16 20 40 -18 2 , -32 18 -10 -10 2 -18 , -22 10 -18 10 -8 -16 , 6 -12 9 8 -15 9 , 19 -27 27 0 -55 -28 , 0.0058427632068439933 , 1
1.5919644534550532 , 6 3 -54 -29 4 -50 , 13 5 -5 0 11 6 , 4 -35 23 22 -44 12 , 28 -6 6 0 10 16 , 35 54 -3 29 4 1 , 20 4 18 -15 7 29 , 35 -18 -4 15 11 3 , -18 -23 35 -22 -11 -9 , 40 1 -1 0 -21 -22 , 0.0063885046407665402 , 2
1.5919644534550532 , -6 -29 -2 -24 -63 -15 , 12 -31 31 0 -19 12 , 0 -11 33 -13 -19 23 , 30 -5 5 0 12 17 , 18 2 29 24 -13 -34 , -19 16 -12 9 -16 2 , -28 12 -16 -9 14 -32 , 13 -33 11 13 -10 -8 , 39 36 -36 0 7 -29 , 0.0064134490145277409 , 3
1.5926196266301282 , -3 -32 -39 -9 -33 -59 , 26 -6 6 0 9 15 , 10 15 -16 19 -10 20 , 16 -30 30 0 -16 14 , 6 39 32 9 -20 -1 , 30 -7 -10 21 1 12 , 9 10 7 -21 22 8 , -9 16 -15 -19 36 -25 , 39 36 -36 0 7 -29 , 0.0053154089489612219 , 0
1.5926196266301282 , 6 -20 -16 -40 -18 -34 , 45 -1 1 0 23 24 , -2 -9 12 -8 0 -3 , 17 28 -28 0 32 4 , 46 16 20 40 -18 2 , -32 18 -10 -10 2 -18 , -22 10 -18 10 -8 -16 , 6 -12 9 8 -15 9 , 19 -27 27 0 -55 -28 , 0.0060491381200817665 , 1
1.5926196266301282 , 6 3 -54 -29 4 -50 , 13 5 -5 0 11 6 , 4 -35 23 22 -44 12 , 28 -6 6 0 10 16 , 35 54 -3 29 4 1 , 20 4 18 -15 7 29 , 35 -18 -4 15 11 3 , -18 -23 35 -22 -11 -9 , 40 1 -1 0 -21 -22 , 0.006371684760952484 , 2
1.5926196266301282 , -6 -29 -2 -24 -63 -15 , 12 -31 31 0 -19 12 , 0 -11 33 -13 -19 23 , 30 -5 5 0 12 17 , 18 2 29 24 -13 -34 , -19 16 -12 9 -16 2 , -28 12 -16 -9 14 -32 , 13 -33 11 13 -10 -8 , 39 36 -36 0 7 -29 , 0.0065480907621146374 , 3
1.5943045238750155 , -3 -32 -39 -9 -33 -59 , 26 -6 6 0 9 15 , 10 15 -16 19 -10 20 , 16 -30 30 0 -16 14 , 6 39 32 9 -20 -1 , 30 -7 -10 21 1 12 , 9 10 7 -21 22 8 , -9 16 -15 -19 36 -25 , 39 36 -36 0 7 -29 , 0.0055476932931511061 , 0
1.5943045238750155 , 6 3 -54 -29 4 -50 , 13 5 -5 0 11 6 , 4 -35 23 22 -44 12 , 28 -6 6 0 10 16 , 35 54 -3 29 4 1 , 20 4 18 -15 7 29 , 35 -18 -4 15 11 3 , -18 -23 35 -22 -11 -9 , 40 1 -1 0 -21 -22 , 0.0064821137570335152 , 1
1.5943045238750155 , 6 -20 -16 -40 -18 -34 , 45 -1 1 0 23 24 , -2 -9 12 -8 0 -3 , 17 28 -28 0 32 4 , 46 16 20 40 -18 2 , -32 18 -10 -10 2 -18 , -22 10 -18 10 -8 -16 , 6 -12 9 8 -15 9 , 19 -27 27 0 -55 -28 , 0.0066988687153320646 , 2
1.5943045238750155 , 1 -8 -42 -14 -32 -34 , 19 28 -28 0 33 5 , 23 -19 18 17 -28 31 , 22 -29 29 0 -12 17 , 15 42 8 14 8 -24 , 17 26 1 -12 12 34 , 29 -1 -26 12 33 -14 , 6 -18 19 -17 13 -9 , 40 1 -1 0 -21 -22 , 0.006712319231139679 , 3
1.5943045238750155 , -3 19 -28 -45 -20 -9 , 37 -13 13 0 9 22 , -17 25 -9 -16 14 -5 , 5 -23 23 0 -16 7 , 42 28 -19 45 19 -39 , -39 13 -11 -7 -2 -27 , -32 11 -13 7 -16 -15 , -1 9 -25 16 4 -11 , 39 36 -36 0 7 -29 , 0.0068785415248201051 , 4
1.5996271062256417 , -3 19 -28 -45 -20 -9 , 37 -13 13 0 9 22 , -17 25 -9 -16 14 -5 , 5 -23 23 0 -16 7 , 42 28 -19 45 19 -39 , -39 13 -11 -7 -2 -27 , -32 11 -13 7 -16 -15 , -1 9 -25 16 4 -11 , 39 36 -36 0 7 -29 , 0.005757558022406759 , 0
1.5996271062256417 , -16 -7 -21 -33 -41 -28 , 7 -39 39 0 -28 11 , -30 9 5 -9 -14 -5 , 35 3 -3 0 21 18 , 17 21 7 33 -7 -34 , -24 20 -23 7 -3 -14 , -31 23 -20 -7 9 -23 , -21 -5 -9 9 -10 -23 , 39 36 -36 0 7 -29 , 0.0061058498344460166 , 1
1.5996271062256417 , -4 -13 -25 -16 -52 -19 , 25 -25 25 0 -7 18 , 4 27 9 -30 22 22 , 16 24 -24 0 28 4 , 12 25 13 16 6 -39 , 19 -15 34 -15 -5 27 , 34 -34 15 15 -7 10 , 34 -9 -27 30 13 -5 , 40 1 -1 0 -21 -22 , 0.0068924507822842422 , 2
1.6004980244847151 , -3 19 -28 -45 -20 -9 , 37 -13 13 0 9 22 , -17 25 -9 -16 14 -5 , 5 -23 23 0 -16 7 , 42 28 -19 45 19 -39 , -39 13 -11 -7 -2 -27 , -32 11 -13 7 -16 -15 , -1 9 -25 16 4 -11 , 39 36 -36 0 7 -29 , 0.0057903990969881353 , 0
1.6004980244847151 , -16 -7 -21 -33 -41 -28 , 7 -39 39 0 -28 11 , -30 9 5 -9 -14 -5 , 35 3 -3 0 21 18 , 17 21 7 33 -7 -34 , -24 20 -23 7 -3 -14 , -31 23 -20 -7 9 -23 , -21 -5 -9 9 -10 -23 , 39 36 -36 0 7 -29 , 0.0058520936507048954 , 1
1.6004980244847151 , -4 -13 -25 -16 -52 -19 , 25 -25 25 0 -7 18 , 4 27 9 -30 22 22 , 16 24 -24 0 28 4 , 12 25 13 16 6 -39 , 19 -15 34 -15 -5 27 , 34 -34 15 15 -7 10 , 34 -9 -27 30 13 -5 , 40 1 -1 0 -21 -22 , 0.0068648839051583038 , 2
1.603546723346542 , -16 -7 -21 -33 -41 -28 , 7 -39 39 0 -28 11 , -30 9 5 -9 -14 -5 , 35 3 -3 0 21 18 , 17 21 7 33 -7 -34 , -24 20 -23 7 -3 -14 , -31 23 -20 -7 9 -23 , -21 -5 -9 9 -10 -23 , 39 36 -36 0 7 -29 , 0.0054405641949852928 , 0
1.603546723346542 , -3 19 -28 -45 -20 -9 , 37 -13 13 0 9 22 , -17 25 -9 -16 14 -5 , 5 -23 23 0 -16 7 , 42 28 -19 45 19 -39 , -39 13 -11 -7 -2 -27 , -32 11 -13 7 -16 -15 , -1 9 -25 16 4 -11 , 39 36 -36 0 7 -29 , 0.0063899241783783468 , 1
1.6097675671168505 , 22 9 -25 -35 -21 6 , 13 -11 11 0 -2 9 , 25 -11 27 -16 7 24 , 29 -25 25 0 -5 20 , 57 25 -9 35 31 -30 , -10 -7 5 9 -22 2 , -19 -5 7 -9 -3 -15 , 41 -27 11 16 -3 18 , 39 36 -36 0 7 -29 , 0.0052203774733191495 , 0
1.6097675671168505 , -12 -29 -6 -21 -66 -20 , 22 -7 7 0 6 13 , 12 -24 15 24 -38 21 , 20 -29 29 0 -13 16 , 9 6 29 21 -14 -37 , -21 -1 -7 7 -12 -16 , -28 7 1 -7 -9 -11 , -12 -15 24 -24 6 -14 , 39 36 -36 0 7 -29 , 0.0054330178513028364 , 1
1.612846599119452 , -12 -29 -6 -21 -66 -20 , 22 -7 7 0 6 13 , 12 -24 15 24 -38 21 , 20 -29 29 0 -13 16 , 9 6 29 21 -14 -37 , -21 -1 -7 7 -12 -16 , -28 7 1 -7 -9 -11 , -12 -15 24 -24 6 -14 , 39 36 -36 0 7 -29 , 0.0049533989101406802 , 0
1.612846599119452 , -10 -24 -21 -20 -49 -34 , 30 5 -5 0 20 15 , -13 26 -36 13 8 -14 , 12 -41 41 0 -27 14 , 10 21 24 20 -13 -25 , 14 3 -23 13 17 -11 , 1 23 -3 -13 12 14 , -26 36 -26 -13 22 -18 , 39 36 -36 0 7 -29 , 0.0056125721515901021 , 1
1.612846599119452 , 22 9 -25 -35 -21 6 , 13 -11 11 0 -2 9 , 25 -11 27 -16 7 24 , 29 -25 25 0 -5 20 , 57 25 -9 35 31 -30 , -10 -7 5 9 -22 2 , -19 -5 7 -9 -3 -15 , 41 -27 11 16 -3 18 , 39 36 -36 0 7 -29 , 0.0056561949493438967 , 2
1.6129249742337588 , -12 -29 -6 -21 -66 -20 , 22 -7 7 0 6 13 , 12 -24 15 24 -38 21 , 20 -29 29 0 -13 16 , 9 6 29 21 -14 -37 , -21 -1 -7 7 -12 -16 , -28 7 1 -7 -9 -11 , -12 -15 24 -24 6 -14 , 39 36 -36 0 7 -29 , 0.0049530888789855862 , 0
1.6129249742337588 , -10 -24 -21 -20 -49 -34 , 30 5 -5 0 20 15 , -13 26 -36 13 8 -14 , 12 -41 41 0 -27 14 , 10 21 24 20 -13 -25 , 14 3 -23 13 17 -11 , 1 23 -3 -13 12 14 , -26 36 -26 -13 22 -18 , 39 36 -36 0 7 -29 , 0.0055899260552939581 , 1
1.6129249742337588 , 22 9 -25 -35 -21 6 , 13 -11 11 0 -2 9 , 25 -11 27 -16 7 24 , 29 -25 25 0 -5 20 , 57 25 -9 35 31 -30 , -10 -7 5 9 -22 2 , -19 -5 7 -9 -3 -15 , 41 -27 11 16 -3 18 , 39 36 -36 0 7 -29 , 0.0056777575771403566 , 2
1.6161227049986457 , -10 -24 -21 -20 -49 -34 , 30 5 -5 0 20 15 , -13 26 -36 13 8 -14 , 12 -41 41 0 -27 14 , 10 21 24 20 -13 -25 , 14 3 -23 13 17 -11 , 1 23 -3 -13 12 14 , -26 36 -26 -13 22 -18 , 39 36 -36 0 7 -29 , 0.0051121963084979844 , 0
1.6161227049986457 , -12 -29 -6 -21 -66 -20 , 22 -7 7 0 6 13 , 12 -24 15 24 -38 21 , 20 -29 29 0 -13 16 , 9 6 29 21 -14 -37 , -21 -1 -7 7 -12 -16 , -28 7 1 -7 -9 -11 , -12 -15 24 -24 6 -14 , 39 36 -36 0 7 -29 , 0.0054447969380980428 , 1
1.620044082165344 , 4 7 -24 -41 -22 -10 , 30 5 -5 0 20 15 , 30 -12 2 27 -22 30 , 12 -41 41 0 -27 14 , 45 24 -7 41 14 -29 , -11 3 22 -15 -14 17 , 4 -22 -3 15 -5 -17 , 3 -2 12 -27 28 -10 , 39 36 -36 0 7 -29 , 0.005488987597793156 , 0
1.620044082165344 , -10 -24 -21 -20 -49 -34 , 30 5 -5 0 20 15 , -13 26 -36 13 8 -14 , 12 -41 41 0 -27 14 , 10 21 24 20 -13 -25 , 14 3 -23 13 17 -11 , 1 23 -3 -13 12 14 , -26 36 -26 -13 22 -18 , 39 36 -36 0 7 -29 , 0.0058157649039892725 , 1
1.622870545774128 , 4 7 -24 -41 -22 -10 , 30 5 -5 0 20 15 , 30 -12 2 27 -22 30 , 12 -41 41 0 -27 14 , 45 24 -7 41 14 -29 , -11 3 22 -15 -14 17 , 4 -22 -3 15 -5 -17 , 3 -2 12 -27 28 -10 , 39 36 -36 0 7 -29 , 0.0051121963084979861 , 0
1.6243467269500318 , 4 7 -24 -41 -22 -10 , 30 5 -5 0 20 15 , 30 -12 2 27 -22 30 , 12 -41 41 0 -27 14 , 45 24 -7 41 14 -29 , -11 3 22 -15 -14 17 , 4 -22 -3 15 -5 -17 , 3 -2 12 -27 28 -10 , 39 36 -36 0 7 -29 , 0.0052176721535234219 , 0
1.629021211536359 , -23 -15 -19 -27 -53 -32 , 37 -13 13 0 9 22 , -25 17 -5 -11 1 -9 , 5 -23 23 0 -16 7 , 4 19 15 27 -13 -38 , -42 21 -4 -19 1 -19 , -23 4 -21 19 -15 -20 , -14 5 -17 11 -4 -16 , 39 36 -36 0 7 -29 , 0.0057575580224067061 , 0
1.629021211536359 , 27 -41 -43 10 -37 -40 , 26 -6 6 0 9 15 , -10 -15 16 -19 10 -20 , 16 -30 30 0 -16 14 , 17 43 41 -10 3 4 , -1 -4 22 -2 -25 26 , 1 -22 4 2 4 -21 , 9 -16 15 19 -36 25 , 39 36 -36 0 7 -29 , 0.0058362103420691938 , 1
1.629021211536359 , 4 7 -24 -41 -22 -10 , 30 5 -5 0 20 15 , 30 -12 2 27 -22 30 , 12 -41 41 0 -27 14 , 45 24 -7 41 14 -29 , -11 3 22 -15 -14 17 , 4 -22 -3 15 -5 -17 , 3 -2 12 -27 28 -10 , 39 36 -36 0 7 -29 , 0.0067119159163049275 , 2
1.63249178186909 , 27 -41 -43 10 -37 -40 , 26 -6 6 0 9 15 , -10 -15 16 -19 10 -20 , 16 -30 30 0 -16 14 , 17 43 41 -10 3 4 , -1 -4 22 -2 -25 26 , 1 -22 4 2 4 -21 , 9 -16 15 19 -36 25 , 39 36 -36 0 7 -29 , 0.0052951815075831183 , 0
1.63249178186909 , 30 -14 -47 -4 -23 -22 , 34 1 -1 0 19 18 , 28 -21 21 -1 -1 18 , 8 -37 37 0 -26 11 , 34 47 14 4 25 -9 , -2 -20 0 24 -27 -4 , -26 0 20 -24 -4 -7 , 29 -21 21 1 -3 20 , 39 36 -36 0 7 -29 , 0.0061509030892197836 , 1
1.63249178186909 , -23 -15 -19 -27 -53 -32 , 37 -13 13 0 9 22 , -25 17 -5 -11 1 -9 , 5 -23 23 0 -16 7 , 4 19 15 27 -13 -38 , -42 21 -4 -19 1 -19 , -23 4 -21 19 -15 -20 , -14 5 -17 11 -4 -16 , 39 36 -36 0 7 -29 , 0.0062587435356909202 , 2
1.6352511244655146 , 27 -41 -43 10 -37 -40 , 26 -6 6 0 9 15 , -10 -15 16 -19 10 -20 , 16 -30 30 0 -16 14 , 17 43 41 -10 3 4 , -1 -4 22 -2 -25 26 , 1 -22 4 2 4 -21 , 9 -16 15 19 -36 25 , 39 36 -36 0 7 -29 , 0.0056432187061162143 , 0
1.6352511244655146 , 30 -14 -47 -4 -23 -22 , 34 1 -1 0 19 18 , 28 -21 21 -1 -1 18 , 8 -37 37 0 -26 11 , 34 47 14 4 25 -9 , -2 -20 0 24 -27 -4 , -26 0 20 -24 -4 -7 , 29 -21 21 1 -3 20 , 39 36 -36 0 7 -29 , 0.0058332361811371837 , 1
1.6442758459176217 , 15 -19 -26 -15 -40 -15 , 49 -5 5 0 22 27 , 9 -4 -1 15 -15 13 , -7 -31 31 0 -29 2 , 30 26 19 15 11 -21 , -35 6 -18 1 1 -37 , -36 18 -6 -1 -19 -5 , -6 1 4 -15 14 -11 , 39 36 -36 0 7 -29 , 0.0049766157239035666 , 0
1.6442758459176217 , 29 3 -47 -15 -16 -10 , 5 -23 23 0 -16 7 , -9 35 -33 -8 33 -16 , 37 -13 13 0 9 22 , 44 47 -3 15 37 -19 , -16 -4 11 -17 5 -14 , 1 -11 4 17 -25 9 , -1 33 -35 8 17 -2 , 39 36 -36 0 7 -29 , 0.0059572666645712766 , 1
1.644936721465125 , 15 -19 -26 -15 -40 -15 , 49 -5 5 0 22 27 , 9 -4 -1 15 -15 13 , -7 -31 31 0 -29 2 , 30 26 19 15 11 -21 , -35 6 -18 1 1 -37 , -36 18 -6 -1 -19 -5 , -6 1 4 -15 14 -11 , 39 36 -36 0 7 -29 , 0.004954626776183713 , 0
1.644936721465125 , 29 3 -47 -15 -16 -10 , 5 -23 23 0 -16 7 , -9 35 -33 -8 33 -16 , 37 -13 13 0 9 22 , 44 47 -3 15 37 -19 , -16 -4 11 -17 5 -14 , 1 -11 4 17 -25 9 , -1 33 -35 8 17 -2 , 39 36 -36 0 7 -29 , 0.0058547289944543227 , 1
1.6464389752128132 , 15 -19 -26 -15 -40 -15 , 49 -5 5 0 22 27 , 9 -4 -1 15 -15 13 , -7 -31 31 0 -29 2 , 30 26 19 15 11 -21 , -35 6 -18 1 1 -37 , -36 18 -6 -1 -19 -5 , -6 1 4 -15 14 -11 , 39 36 -36 0 7 -29 , 0.0050672187770753963 , 0
1.6464389752128132 , 29 3 -47 -15 -16 -10 , 5 -23 23 0 -16 7 , -9 35 -33 -8 33 -16 , 37 -13 13 0 9 22 , 44 47 -3 15 37 -19 , -16 -4 11 -17 5 -14 , 1 -11 4 17 -25 9 , -1 33 -35 8 17 -2 , 39 36 -36 0 7 -29 , 0.0057575580224067087 , 1
1.6514986195200365 , -4 -7 -10 -38 -43 -7 , 30 5 -5 0 20 15 , 27 -28 10 30 -30 22 , 12 -41 41 0 -27 14 , 34 10 7 38 3 -36 , 14 3 -23 13 17 -11 , 1 23 -3 -13 12 14 , -3 -10 28 -30 12 -2 , 39 36 -36 0 7 -29 , 0.0051700786189418637 , 0
1.6514986195200365 , 13 6 -45 -30 -6 -26 , 34 1 -1 0 19 18 , -17 20 -6 -28 31 -19 , 8 -37 37 0 -26 11 , 43 45 -6 30 19 -12 , -24 -4 -7 2 -4 -27 , -26 7 4 -2 -20 0 , 11 6 -20 28 -13 11 , 39 36 -36 0 7 -29 , 0.0060397321298473732 , 1
1.6525896409750442 , -4 -7 -10 -38 -43 -7 , 30 5 -5 0 20 15 , 27 -28 10 30 -30 22 , 12 -41 41 0 -27 14 , 34 10 7 38 3 -36 , 14 3 -23 13 17 -11 , 1 23 -3 -13 12 14 , -3 -10 28 -30 12 -2 , 39 36 -36 0 7 -29 , 0.0051121963084979887 , 0
1.6525896409750442 , 13 6 -45 -30 -6 -26 , 34 1 -1 0 19 18 , -17 20 -6 -28 31 -19 , 8 -37 37 0 -26 11 , 43 45 -6 30 19 -12 , -24 -4 -7 2 -4 -27 , -26 7 4 -2 -20 0 , 11 6 -20 28 -13 11 , 39 36 -36 0 7 -29 , 0.0058870710109820666 , 1
1.6537129968336217 , -4 -7 -10 -38 -43 -7 , 30 5 -5 0 20 15 , 27 -28 10 30 -30 22 , 12 -41 41 0 -27 14 , 34 10 7 38 3 -36 , 14 3 -23 13 17 -11 , 1 23 -3 -13 12 14 , -3 -10 28 -30 12 -2 , 39 36 -36 0 7 -29 , 0.0051735397055540488 , 0
1.6537129968336217 , 13 6 -45 -30 -6 -26 , 34 1 -1 0 19 18 , -17 20 -6 -28 31 -19 , 8 -37 37 0 -26 11 , 43 45 -6 30 19 -12 , -24 -4 -7 2 -4 -27 , -26 7 4 -2 -20 0 , 11 6 -20 28 -13 11 , 39 36 -36 0 7 -29 , 0.0058332361811371403 , 1
1.6537129968336217 , -7 -32 -42 -1 -45 -54 , 28 -17 17 0 1 18 , -27 24 -2 -22 9 -7 , 14 -19 19 0 -8 11 , -6 42 32 1 -12 -13 , -22 34 -8 -30 27 -8 , 8 8 -34 30 0 -7 , -5 2 -24 22 -5 -15 , 39 36 -36 0 7 -29 , 0.0059712818651958145 , 2
1.6580524684517475 , -7 -32 -42 -1 -45 -54 , 28 -17 17 0 1 18 , -27 24 -2 -22 9 -7 , 14 -19 19 0 -8 11 , -6 42 32 1 -12 -13 , -22 34 -8 -30 27 -8 , 8 8 -34 30 0 -7 , -5 2 -24 22 -5 -15 , 39 36 -36 0 7 -29 , 0.0051225713015232554 , 0
1.6580524684517475 , 25 -6 -46 -15 -15 -22 , 30 5 -5 0 20 15 , 26 -13 14 18 -26 36 , 12 -41 41 0 -27 14 , 40 46 6 15 24 -9 , 5 -15 -14 22 -4 -17 , -17 14 15 -22 -3 11 , 8 -14 13 -18 22 -13 , 39 36 -36 0 7 -29 , 0.0051923191152639086 , 1
1.6593374817505266 , 25 -6 -46 -15 -15 -22 , 30 5 -5 0 20 15 , 26 -13 14 18 -26 36 , 12 -41 41 0 -27 14 , 40 46 6 15 24 -9 , 5 -15 -14 22 -4 -17 , -17 14 15 -22 -3 11 , 8 -14 13 -18 22 -13 , 39 36 -36 0 7 -29 , 0.0051121963084979445 , 0
1.6593374817505266 , -7 -32 -42 -1 -45 -54 , 28 -17 17 0 1 18 , -27 24 -2 -22 9 -7 , 14 -19 19 0 -8 11 , -6 42 32 1 -12 -13 , -22 34 -8 -30 27 -8 , 8 8 -34 30 0 -7 , -5 2 -24 22 -5 -15 , 39 36 -36 0 7 -29 , 0.0052025343262092081 , 1
1.6638336266193605 , 25 -6 -46 -15 -15 -22 , 30 5 -5 0 20 15 , 26 -13 14 18 -26 36 , 12 -41 41 0 -27 14 , 40 46 6 15 24 -9 , 5 -15 -14 22 -4 -17 , -17 14 15 -22 -3 11 , 8 -14 13 -18 22 -13 , 39 36 -36 0 7 -29 , 0.0060201471025821815 , 0
1.6638336266193605 , -7 -32 -42 -1 -45 -54 , 28 -17 17 0 1 18 , -27 24 -2 -22 9 -7 , 14 -19 19 0 -8 11 , -6 42 32 1 -12 -13 , -22 34 -8 -30 27 -8 , 8 8 -34 30 0 -7 , -5 2 -24 22 -5 -15 , 39 36 -36 0 7 -29 , 0.0065537440903594649 , 1
1.6638336266193605 , 20 -25 1 -30 -48 7 , 31 3 -3 0 19 16 , 21 -4 19 -4 -6 31 , 10 -4 4 0 2 6 , 50 -1 25 30 6 -23 , -46 22 6 -19 -15 -5 , -27 -6 -22 19 -11 -37 , 25 -19 4 4 12 -2 , 40 1 -1 0 -21 -22 , 0.006663389689762469 , 2
1.670349198069803 , 21 -3 -34 -21 -26 -7 , 35 3 -3 0 21 18 , 24 -22 5 29 -27 20 , 7 -39 39 0 -28 11 , 42 34 3 21 27 -23 , -5 30 -9 -10 9 14 , 5 9 -30 10 23 -21 , -5 -5 22 -29 15 -5 , 39 36 -36 0 7 -29 , 0.0055518642284763759 , 0
1.670349198069803 , -24 -27 -7 -37 -49 -38 , 27 -19 19 0 -1 18 , 26 -3 -7 19 -4 18 , 15 -17 17 0 -6 11 , 13 7 27 37 -31 -22 , 29 -12 13 -7 15 12 , 36 -13 12 7 -1 27 , 7 7 3 -19 25 -1 , 39 36 -36 0 7 -29 , 0.0063824627671920349 , 1
1.670349198069803 , 21 -18 -49 -2 -27 -31 , 7 -39 39 0 -28 11 , -23 -10 9 -9 -5 -21 , 35 3 -3 0 21 18 , 23 49 18 2 18 -9 , 10 -13 27 -21 8 8 , 31 -27 13 21 -19 21 , -14 -9 10 9 -30 5 , 39 36 -36 0 7 -29 , 0.0064852977075556097 , 2
1.6719134634026307 , 21 -3 -34 -21 -26 -7 , 35 3 -3 0 21 18 , 24 -22 5 29 -27 20 , 7 -39 39 0 -28 11 , 42 34 3 21 27 -23 , -5 30 -9 -10 9 14 , 5 9 -30 10 23 -21 , -5 -5 22 -29 15 -5 , 39 36 -36 0 7 -29 , 0.0054405641949853614 , 0
1.6719134634026307 , 21 -18 -49 -2 -27 -31 , 7 -39 39 0 -28 11 , -23 -10 9 -9 -5 -21 , 35 3 -3 0 21 18 , 23 49 18 2 18 -9 , 10 -13 27 -21 8 8 , 31 -27 13 21 -19 21 , -14 -9 10 9 -30 5 , 39 36 -36 0 7 -29 , 0.0059560025112858376 , 1
1.6719134634026307 , -6 -4 -39 -29 -21 -38 , 50 -8 8 0 20 28 , 12 1 2 0 3 11 , 12 35 -35 0 35 0 , 23 39 4 29 1 -17 , 26 -25 15 4 1 7 , 22 -15 25 -4 -8 26 , 12 -2 -1 0 9 2 , 19 -27 27 0 -55 -28 , 0.0063579845926259098 , 2
1.6719134634026307 , -24 -27 -7 -37 -49 -38 , 27 -19 19 0 -1 18 , 26 -3 -7 19 -4 18 , 15 -17 17 0 -6 11 , 13 7 27 37 -31 -22 , 29 -12 13 -7 15 12 , 36 -13 12 7 -1 27 , 7 7 3 -19 25 -1 , 39 36 -36 0 7 -29 , 0.0064775987233017234 , 3
1.6753410730792633 , -6 -4 -39 -29 -21 -38 , 50 -8 8 0 20 28 , 12 1 2 0 3 11 , 12 35 -35 0 35 0 , 23 39 4 29 1 -17 , 26 -25 15 4 1 7 , 22 -15 25 -4 -8 26 , 12 -2 -1 0 9 2 , 19 -27 27 0 -55 -28 , 0.0048220579378843572 , 0
1.6753410730792633 , 21 -18 -49 -2 -27 -31 , 7 -39 39 0 -28 11 , -23 -10 9 -9 -5 -21 , 35 3 -3 0 21 18 , 23 49 18 2 18 -9 , 10 -13 27 -21 8 8 , 31 -27 13 21 -19 21 , -14 -9 10 9 -30 5 , 39 36 -36 0 7 -29 , 0.0054405641949853978 , 1
1.6753410730792633 , 21 -3 -34 -21 -26 -7 , 35 3 -3 0 21 18 , 24 -22 5 29 -27 20 , 7 -39 39 0 -28 11 , 42 34 3 21 27 -23 , -5 30 -9 -10 9 14 , 5 9 -30 10 23 -21 , -5 -5 22 -29 15 -5 , 39 36 -36 0 7 -29 , 0.0059560025112855687 , 2
1.678637115064517 , -6 -4 -39 -29 -21 -38 , 50 -8 8 0 20 28 , 12 1 2 0 3 11 , 12 35 -35 0 35 0 , 23 39 4 29 1 -17 , 26 -25 15 4 1 7 , 22 -15 25 -4 -8 26 , 12 -2 -1 0 9 2 , 19 -27 27 0 -55 -28 , 0.0042214114588284982 , 0
1.6804898994945197 , -6 -4 -39 -29 -21 -38 , 50 -8 8 0 20 28 , 12 1 2 0 3 11 , 12 35 -35 0 35 0 , 23 39 4 29 1 -17 , 26 -25 15 4 1 7 , 22 -15 25 -4 -8 26 , 12 -2 -1 0 9 2 , 19 -27 27 0 -55 -28 , 0.0044200355484603025 , 0
1.6804898994945197 , -9 -17 8 -46 -53 -2 , 14 -19 19 0 -8 11 , 8 8 7 8 -22 34 , 28 -17 17 0 1 18 , 37 -8 17 46 -10 -36 , -22 5 15 -27 7 -9 , 5 -15 -5 27 -24 2 , 0 -7 -8 -8 27 -30 , 39 36 -36 0 7 -29 , 0.0051225713015232302 , 1
1.6804898994945197 , -3 -30 -31 -11 -44 -41 , 30 5 -5 0 20 15 , 36 -26 13 22 -18 26 , 12 -41 41 0 -27 14 , 8 31 30 11 -10 -14 , 17 -14 -15 22 3 -11 , -5 15 14 -22 4 17 , 14 -13 26 -22 13 8 , 39 36 -36 0 7 -29 , 0.0051977628101676299 , 2
1.6818181993290224 , -6 -4 -39 -29 -21 -38 , 50 -8 8 0 20 28 , 12 1 2 0 3 11 , 12 35 -35 0 35 0 , 23 39 4 29 1 -17 , 26 -25 15 4 1 7 , 22 -15 25 -4 -8 26 , 12 -2 -1 0 9 2 , 19 -27 27 0 -55 -28 , 0.0047832986793590326 , 0
1.6818181993290224 , -3 -30 -31 -11 -44 -41 , 30 5 -5 0 20 15 , 36 -26 13 22 -18 26 , 12 -41 41 0 -27 14 , 8 31 30 11 -10 -14 , 17 -14 -15 22 3 -11 , -5 15 14 -22 4 17 , 14 -13 26 -22 13 8 , 39 36 -36 0 7 -29 , 0.0051121963084979072 , 1
1.6818181993290224 , -9 -17 8 -46 -53 -2 , 14 -19 19 0 -8 11 , 8 8 7 8 -22 34 , 28 -17 17 0 1 18 , 37 -8 17 46 -10 -36 , -22 5 15 -27 7 -9 , 5 -15 -5 27 -24 2 , 0 -7 -8 -8 27 -30 , 39 36 -36 0 7 -29 , 0.0052079673433990019 , 2
1.6844049853790806 , -3 -30 -31 -11 -44 -41 , 30 5 -5 0 20 15 , 36 -26 13 22 -18 26 , 12 -41 41 0 -27 14 , 8 31 30 11 -10 -14 , 17 -14 -15 22 3 -11 , -5 15 14 -22 4 17 , 14 -13 26 -22 13 8 , 39 36 -36 0 7 -29 , 0.0054295736540505724 , 0
1.6844049853790806 , 20 -32 -10 -30 -30 -18 , 17 28 -28 0 32 4 , 12 -30 26 6 -22 12 , 45 -1 1 0 23 24 , 50 10 32 30 -8 2 , -9 15 -8 -9 12 -6 , 0 8 -15 9 2 -3 , 6 -26 30 -6 -14 8 , 19 -27 27 0 -55 -28 , 0.0056074209685841028 , 1
1.6844049853790806 , 11 -5 -15 -44 -21 -8 , 40 -4 4 0 18 22 , -17 10 -14 -10 20 -27 , 2 -32 32 0 -25 7 , 55 15 5 44 7 -16 , 21 14 -9 13 -4 29 , 8 9 -14 -13 38 -18 , -7 14 -10 10 -13 10 , 39 36 -36 0 7 -29 , 0.0056865440715744139 , 2
1.6844049853790806 , -9 -17 8 -46 -53 -2 , 14 -19 19 0 -8 11 , 8 8 7 8 -22 34 , 28 -17 17 0 1 18 , 37 -8 17 46 -10 -36 , -22 5 15 -27 7 -9 , 5 -15 -5 27 -24 2 , 0 -7 -8 -8 27 -30 , 39 36 -36 0 7 -29 , 0.005822770496835738 , 3
1.6844049853790806 , -6 -4 -39 -29 -21 -38 , 50 -8 8 0 20 28 , 12 1 2 0 3 11 , 12 35 -35 0 35 0 , 23 39 4 29 1 -17 , 26 -25 15 4 1 7 , 22 -15 25 -4 -8 26 , 12 -2 -1 0 9 2 , 19 -27 27 0 -55 -28 , 0.0058697883082351578 , 4
1.6869140352720389 , 11 -5 -15 -44 -21 -8 , 40 -4 4 0 18 22 , -17 10 -14 -10 20 -27 , 2 -32 32 0 -25 7 , 55 15 5 44 7 -16 , 21 14 -9 13 -4 29 , 8 9 -14 -13 38 -18 , -7 14 -10 10 -13 10 , 39 36 -36 0 7 -29 , 0.0050918864880273203 , 0
1.6869140352720389 , 20 -32 -10 -30 -30 -18 , 17 28 -28 0 32 4 , 12 -30 26 6 -22 12 , 45 -1 1 0 23 24 , 50 10 32 30 -8 2 , -9 15 -8 -9 12 -6 , 0 8 -15 9 2 -3 , 6 -26 30 -6 -14 8 , 19 -27 27 0 -55 -28 , 0.0053193536076352119 , 1
1.6869140352720389 , -3 -30 -31 -11 -44 -41 , 30 5 -5 0 20 15 , 36 -26 13 22 -18 26 , 12 -41 41 0 -27 14 , 8 31 30 11 -10 -14 , 17 -14 -15 22 3 -11 , -5 15 14 -22 4 17 , 14 -13 26 -22 13 8 , 39 36 -36 0 7 -29 , 0.0062544600914997608 , 2
1.6882140622250714 , 11 -5 -15 -44 -21 -8 , 40 -4 4 0 18 22 , -17 10 -14 -10 20 -27 , 2 -32 32 0 -25 7 , 55 15 5 44 7 -16 , 21 14 -9 13 -4 29 , 8 9 -14 -13 38 -18 , -7 14 -10 10 -13 10 , 39 36 -36 0 7 -29 , 0.0050082208123127577 , 0
1.6882140622250714 , 20 -32 -10 -30 -30 -18 , 17 28 -28 0 32 4 , 12 -30 26 6 -22 12 , 45 -1 1 0 23 24 , 50 10 32 30 -8 2 , -9 15 -8 -9 12 -6 , 0 8 -15 9 2 -3 , 6 -26 30 -6 -14 8 , 19 -27 27 0 -55 -28 , 0.0053981990458779215 , 1
1.6902540973357603 , 11 -5 -15 -44 -21 -8 , 40 -4 4 0 18 22 , -17 10 -14 -10 20 -27 , 2 -32 32 0 -25 7 , 55 15 5 44 7 -16 , 21 14 -9 13 -4 29 , 8 9 -14 -13 38 -18 , -7 14 -10 10 -13 10 , 39 36 -36 0 7 -29 , 0.0052118269813763241 , 0
1.6902540973357603 , 20 -32 -10 -30 -30 -18 , 17 28 -28 0 32 4 , 12 -30 26 6 -22 12 , 45 -1 1 0 23 24 , 50 10 32 30 -8 2 , -9 15 -8 -9 12 -6 , 0 8 -15 9 2 -3 , 6 -26 30 -6 -14 8 , 19 -27 27 0 -55 -28 , 0.0058200942114822376 , 1
1.6902540973357603 , 27 -19 -62 7 -20 -39 , 27 -9 9 0 7 16 , -27 9 -15 -8 13 -33 , 15 -27 27 0 -14 13 , 20 62 19 -7 23 -1 , -19 13 18 -34 11 1 , 15 -18 -13 34 -17 -2 , -19 15 -9 8 -18 4 , 39 36 -36 0 7 -29 , 0.0059293115973122869 , 2
1.6902540973357603 , 30 -3 -28 -28 -19 1 , 30 -5 5 0 12 17 , 14 -9 16 12 -28 32 , 12 -31 31 0 -19 12 , 58 28 3 28 29 -16 , -11 0 -23 8 13 -33 , -19 23 0 -8 -10 13 , 2 -16 9 -12 16 -19 , 39 36 -36 0 7 -29 , 0.0061970689639898489 , 3
1.6946571466395248 , 27 -19 -62 7 -20 -39 , 27 -9 9 0 7 16 , -27 9 -15 -8 13 -33 , 15 -27 27 0 -14 13 , 20 62 19 -7 23 -1 , -19 13 18 -34 11 1 , 15 -18 -13 34 -17 -2 , -19 15 -9 8 -18 4 , 39 36 -36 0 7 -29 , 0.0050461223061359492 , 0
1.6946571466395248 , 37 -18 -39 -16 -11 -20 , 6 -26 26 0 -18 8 , 25 0 14 4 -12 39 , 36 -10 10 0 11 21 , 53 39 18 16 19 7 , -15 4 -12 -7 17 -28 , -8 12 -4 7 -16 13 , 21 -14 0 -4 25 -12 , 39 36 -36 0 7 -29 , 0.0050968423218900622 , 1
1.6946571466395248 , 34 0 -33 -26 -15 2 , 18 -13 13 0 -1 12 , -23 11 -27 3 14 -36 , 24 -23 23 0 -6 17 , 60 33 0 26 35 -15 , 14 0 18 -15 6 20 , 29 -18 0 15 2 6 , -26 27 -11 -3 -9 3 , 39 36 -36 0 7 -29 , 0.0059056124284654864 , 2
1.6963515475570246 , 37 -18 -39 -16 -11 -20 , 6 -26 26 0 -18 8 , 25 0 14 4 -12 39 , 36 -10 10 0 11 21 , 53 39 18 16 19 7 , -15 4 -12 -7 17 -28 , -8 12 -4 7 -16 13 , 21 -14 0 -4 25 -12 , 39 36 -36 0 7 -29 , 0.0049540194701867763 , 0
1.6963515475570246 , 27 -19 -62 7 -20 -39 , 27 -9 9 0 7 16 , -27 9 -15 -8 13 -33 , 15 -27 27 0 -14 13 , 20 62 19 -7 23 -1 , -19 13 18 -34 11 1 , 15 -18 -13 34 -17 -2 , -19 15 -9 8 -18 4 , 39 36 -36 0 7 -29 , 0.0051864094266807163 , 1
1.6963515475570246 , 34 0 -33 -26 -15 2 , 18 -13 13 0 -1 12 , -23 11 -27 3 14 -36 , 24 -23 23 0 -6 17 , 60 33 0 26 35 -15 , 14 0 18 -15 6 20 , 29 -18 0 15 2 6 , -26 27 -11 -3 -9 3 , 39 36 -36 0 7 -29 , 0.0053638624638128714 , 2
1.6963515475570246 , 25 -9 -54 -18 1 -39 , 26 -6 6 0 9 15 , 36 -19 10 16 -9 25 , 16 -30 30 0 -16 14 , 43 54 9 18 15 10 , -7 -23 18 -5 -8 -12 , -2 -18 23 5 -30 15 , 20 -10 19 -16 15 10 , 39 36 -36 0 7 -29 , 0.0061255691180909155 , 3
1.699107544217422 , 34 0 -33 -26 -15 2 , 18 -13 13 0 -1 12 , -23 11 -27 3 14 -36 , 24 -23 23 0 -6 17 , 60 33 0 26 35 -15 , 14 0 18 -15 6 20 , 29 -18 0 15 2 6 , -26 27 -11 -3 -9 3 , 39 36 -36 0 7 -29 , 0.0049973267253671863 , 0
1.699107544217422 , 37 -18 -39 -16 -11 -20 , 6 -26 26 0 -18 8 , 25 0 14 4 -12 39 , 36 -10 10 0 11 21 , 53 39 18 16 19 7 , -15 4 -12 -7 17 -28 , -8 12 -4 7 -16 13 , 21 -14 0 -4 25 -12 , 39 36 -36 0 7 -29 , 0.0053235378697623417 , 1
1.699107544217422 , 25 -9 -54 -18 1 -39 , 26 -6 6 0 9 15 , 36 -19 10 16 -9 25 , 16 -30 30 0 -16 14 , 43 54 9 18 15 10 , -7 -23 18 -5 -8 -12 , -2 -18 23 5 -30 15 , 20 -10 19 -16 15 10 , 39 36 -36 0 7 -29 , 0.0054145726557707748 , 2
1.699107544217422 , 27 -19 -62 7 -20 -39 , 27 -9 9 0 7 16 , -27 9 -15 -8 13 -33 , 15 -27 27 0 -14 13 , 20 62 19 -7 23 -1 , -19 13 18 -34 11 1 , 15 -18 -13 34 -17 -2 , -19 15 -9 8 -18 4 , 39 36 -36 0 7 -29 , 0.0059469599687863783 , 3
1.7007067033442287 , 34 0 -33 -26 -15 2 , 18 -13 13 0 -1 12 , -23 11 -27 3 14 -36 , 24 -23 23 0 -6 17 , 60 33 0 26 35 -15 , 14 0 18 -15 6 20 , 29 -18 0 15 2 6 , -26 27 -11 -3 -9 3 , 39 36 -36 0 7 -29 , 0.0051236632623954861 , 0
1.7007067033442287 , 25 -9 -54 -18 1 -39 , 26 -6 6 0 9 15 , 36 -19 10 16 -9 25 , 16 -30 30 0 -16 14 , 43 54 9 18 15 10 , -7 -23 18 -5 -8 -12 , -2 -18 23 5 -30 15 , 20 -10 19 -16 15 10 , 39 36 -36 0 7 -29 , 0.0052951815075832449 , 1
1.7007067033442287 , 37 -18 -39 -16 -11 -20 , 6 -26 26 0 -18 8 , 25 0 14 4 -12 39 , 36 -10 10 0 11 21 , 53 39 18 16 19 7 , -15 4 -12 -7 17 -28 , -8 12 -4 7 -16 13 , 21 -14 0 -4 25 -12 , 39 36 -36 0 7 -29 , 0.0058331781237588275 , 2
1.7007067033442287 , -15 -15 -3 -46 -43 -18 , 30 0 0 0 16 16 , 15 -29 34 -3 -18 18 , 12 -36 36 0 -23 13 , 31 3 15 46 -15 -28 , -21 -9 2 -4 -3 -24 , -17 -2 9 4 -26 6 , 18 -34 29 3 -16 11 , 39 36 -36 0 7 -29 , 0.0058970758512516437 , 3
1.7007067033442287 , -17 -27 -10 -22 -65 -22 , 32 -21 21 0 0 21 , 0 16 -16 -7 24 -10 , 10 -15 15 0 -7 8 , 5 10 27 22 -12 -38 , 17 -2 11 -22 29 1 , 39 -11 2 22 -10 31 , 7 16 -16 7 6 8 , 39 36 -36 0 7 -29 , 0.0062865815300400009 , 4
1.7040970284923667 , -15 -15 -3 -46 -43 -18 , 30 0 0 0 16 16 , 15 -29 34 -3 -18 18 , 12 -36 36 0 -23 13 , 31 3 15 46 -15 -28 , -21 -9 2 -4 -3 -24 , -17 -2 9 4 -26 6 , 18 -34 29 3 -16 11 , 39 36 -36 0 7 -29 , 0.0051337026113588259 , 0
1.7040970284923667 , -17 -27 -10 -22 -65 -22 , 32 -21 21 0 0 21 , 0 16 -16 -7 24 -10 , 10 -15 15 0 -7 8 , 5 10 27 22 -12 -38 , 17 -2 11 -22 29 1 , 39 -11 2 22 -10 31 , 7 16 -16 7 6 8 , 39 36 -36 0 7 -29 , 0.0058115391512888618 , 1
1.7040970284923667 , 25 -9 -54 -18 1 -39 , 26 -6 6 0 9 15 , 36 -19 10 16 -9 25 , 16 -30 30 0 -16 14 , 43 54 9 18 15 10 , -7 -23 18 -5 -8 -12 , -2 -18 23 5 -30 15 , 20 -10 19 -16 15 10 , 39 36 -36 0 7 -29 , 0.0058125790717338099 , 2
1.7040970284923667 , 34 0 -33 -26 -15 2 , 18 -13 13 0 -1 12 , -23 11 -27 3 14 -36 , 24 -23 23 0 -6 17 , 60 33 0 26 35 -15 , 14 0 18 -15 6 20 , 29 -18 0 15 2 6 , -26 27 -11 -3 -9 3 , 39 36 -36 0 7 -29 , 0.0061172465265742952 , 3
1.704885590311204 , -15 -15 -3 -46 -43 -18 , 30 0 0 0 16 16 , 15 -29 34 -3 -18 18 , 12 -36 36 0 -23 13 , 31 3 15 46 -15 -28 , -21 -9 2 -4 -3 -24 , -17 -2 9 4 -26 6 , 18 -34 29 3 -16 11 , 39 36 -36 0 7 -29 , 0.0051033311381640791 , 0
1.704885590311204 , -17 -27 -10 -22 -65 -22 , 32 -21 21 0 0 21 , 0 16 -16 -7 24 -10 , 10 -15 15 0 -7 8 , 5 10 27 22 -12 -38 , 17 -2 11 -22 29 1 , 39 -11 2 22 -10 31 , 7 16 -16 7 6 8 , 39 36 -36 0 7 -29 , 0.0058382275137438726 , 1
1.704885590311204 , 25 -9 -54 -18 1 -39 , 26 -6 6 0 9 15 , 36 -19 10 16 -9 25 , 16 -30 30 0 -16 14 , 43 54 9 18 15 10 , -7 -23 18 -5 -8 -12 , -2 -18 23 5 -30 15 , 20 -10 19 -16 15 10 , 39 36 -36 0 7 -29 , 0.0060638649171249519 , 2
1.7065700244914224 , -15 -15 -3 -46 -43 -18 , 30 0 0 0 16 16 , 15 -29 34 -3 -18 18 , 12 -36 36 0 -23 13 , 31 3 15 46 -15 -28 , -21 -9 2 -4 -3 -24 , -17 -2 9 4 -26 6 , 18 -34 29 3 -16 11 , 39 36 -36 0 7 -29 , 0.0052404811791656727 , 0
1.7065700244914224 , -17 -27 -10 -22 -65 -22 , 32 -21 21 0 0 21 , 0 16 -16 -7 24 -10 , 10 -15 15 0 -7 8 , 5 10 27 22 -12 -38 , 17 -2 11 -22 29 1 , 39 -11 2 22 -10 31 , 7 16 -16 7 6 8 , 39 36 -36 0 7 -29 , 0.0060689228930026033 , 1
1.7079013546217103 , -15 -15 -3 -46 -43 -18 , 30 0 0 0 16 16 , 15 -29 34 -3 -18 18 , 12 -36 36 0 -23 13 , 31 3 15 46 -15 -28 , -21 -9 2 -4 -3 -24 , -17 -2 9 4 -26 6 , 18 -34 29 3 -16 11 , 39 36 -36 0 7 -29 , 0.0055309483245826801 , 0
1.7079013546217103 , -17 -27 -10 -22 -65 -22 , 32 -21 21 0 0 21 , 0 16 -16 -7 24 -10 , 10 -15 15 0 -7 8 , 5 10 27 22 -12 -38 , 17 -2 11 -22 29 1 , 39 -11 2 22 -10 31 , 7 16 -16 7 6 8 , 39 36 -36 0 7 -29 , 0.0064039358885367203 , 1
1.7079013546217103 , 1 -14 -35 -14 -41 -25 , 45 -1 1 0 23 24 , -10 6 2 -21 21 -15 , -3 -35 35 0 -30 5 , 15 35 14 14 10 -27 , 23 1 7 -16 27 8 , 39 -7 -1 16 1 26 , 11 -2 -6 21 -17 15 , 39 36 -36 0 7 -29 , 0.0065081286198849725 , 2
1.7079013546217103 , -6 0 -37 -28 -28 -27 , 22 -29 29 0 -12 17 , -33 -12 12 1 -29 -14 , 19 28 -28 0 33 5 , 22 37 0 28 10 -28 , -19 23 -31 9 6 -18 , -28 31 -23 -9 13 -17 , -34 -12 12 -1 -26 -17 , 40 1 -1 0 -21 -22 , 0.0067780117951504078 , 3
1.7135679097763423 , 19 -46 -35 -2 -33 -46 , 16 -30 30 0 -16 14 , -25 26 1 -21 4 2 , 26 -6 6 0 9 15 , 21 35 46 2 -11 13 , 32 -13 14 11 -12 32 , 21 -14 13 -11 18 1 , -4 -1 -26 21 1 -22 , 39 36 -36 0 7 -29 , 0.006023438399158274 , 0
1.7135679097763423 , 10 -42 0 -17 -64 -7 , 13 5 -5 0 11 6 , 12 -44 22 23 -35 4 , 28 -6 6 0 10 16 , 27 0 42 17 -7 -22 , -20 -4 -18 15 -7 -29 , -35 18 4 -15 -11 -3 , -11 -22 44 -23 -18 9 , 40 1 -1 0 -21 -22 , 0.0063716847609525855 , 1
1.7135679097763423 , 16 3 -36 -29 -18 -10 , 12 -41 41 0 -27 14 , 18 9 -7 -3 19 8 , 30 5 -5 0 20 15 , 45 36 -3 29 26 -21 , 22 -30 30 10 -28 27 , 12 -30 30 -10 -3 2 , 21 7 -9 3 15 10 , 39 36 -36 0 7 -29 , 0.0066776459252428175 , 2
1.7176281802806954 , 19 -46 -35 -2 -33 -46 , 16 -30 30 0 -16 14 , -25 26 1 -21 4 2 , 26 -6 6 0 9 15 , 21 35 46 2 -11 13 , 32 -13 14 11 -12 32 , 21 -14 13 -11 18 1 , -4 -1 -26 21 1 -22 , 39 36 -36 0 7 -29 , 0.0052951815075832501 , 0
1.7176281802806954 , 16 3 -36 -29 -18 -10 , 12 -41 41 0 -27 14 , 18 9 -7 -3 19 8 , 30 5 -5 0 20 15 , 45 36 -3 29 26 -21 , 22 -30 30 10 -28 27 , 12 -30 30 -10 -3 2 , 21 7 -9 3 15 10 , 39 36 -36 0 7 -29 , 0.005307101704499495 , 1
1.7196435138103914 , 16 3 -36 -29 -18 -10 , 12 -41 41 0 -27 14 , 18 9 -7 -3 19 8 , 30 5 -5 0 20 15 , 45 36 -3 29 26 -21 , 22 -30 30 10 -28 27 , 12 -30 30 -10 -3 2 , 21 7 -9 3 15 10 , 39 36 -36 0 7 -29 , 0.005112196308497967 , 0
1.7196435138103914 , 19 -46 -35 -2 -33 -46 , 16 -30 30 0 -16 14 , -25 26 1 -21 4 2 , 26 -6 6 0 9 15 , 21 35 46 2 -11 13 , 32 -13 14 11 -12 32 , 21 -14 13 -11 18 1 , -4 -1 -26 21 1 -22 , 39 36 -36 0 7 -29 , 0.0054835867492613981 , 1
1.7228853819897445 , 16 3 -36 -29 -18 -10 , 12 -41 41 0 -27 14 , 18 9 -7 -3 19 8 , 30 5 -5 0 20 15 , 45 36 -3 29 26 -21 , 22 -30 30 10 -28 27 , 12 -30 30 -10 -3 2 , 21 7 -9 3 15 10 , 39 36 -36 0 7 -29 , 0.0056026231689577655 , 0
1.7228853819897445 , 14 -32 -51 8 -37 -44 , 12 -31 31 0 -19 12 , 0 11 -33 13 19 -23 , 30 -5 5 0 12 17 , 6 51 32 -8 7 -5 , -23 4 -6 -16 18 -32 , -7 6 -4 16 -26 14 , -13 33 -11 -13 10 8 , 39 36 -36 0 7 -29 , 0.0062041198371419314 , 1
1.7228853819897445 , 29 -45 -41 3 -28 -43 , 20 -24 24 0 -9 15 , 13 -11 -4 -2 21 -16 , 22 -12 12 0 2 14 , 26 41 45 -3 -2 17 , -8 -3 -13 26 -25 -2 , -34 13 3 -26 11 -22 , 15 4 11 2 -12 32 , 39 36 -36 0 7 -29 , 0.0063297523033759894 , 2
1.7228853819897445 , 19 -46 -35 -2 -33 -46 , 16 -30 30 0 -16 14 , -25 26 1 -21 4 2 , 26 -6 6 0 9 15 , 21 35 46 2 -11 13 , 32 -13 14 11 -12 32 , 21 -14 13 -11 18 1 , -4 -1 -26 21 1 -22 , 39 36 -36 0 7 -29 , 0.0064697735397270546 , 3
1.7233035680269362 , 16 3 -36 -29 -18 -10 , 12 -41 41 0 -27 14 , 18 9 -7 -3 19 8 , 30 5 -5 0 20 15 , 45 36 -3 29 26 -21 , 22 -30 30 10 -28 27 , 12 -30 30 -10 -3 2 , 21 7 -9 3 15 10 , 39 36 -36 0 7 -29 , 0.0057299672284422199 , 0
1.7233035680269362 , 29 -45 -41 3 -28 -43 , 20 -24 24 0 -9 15 , 13 -11 -4 -2 21 -16 , 22 -12 12 0 2 14 , 26 41 45 -3 -2 17 , -8 -3 -13 26 -25 -2 , -34 13 3 -26 11 -22 , 15 4 11 2 -12 32 , 39 36 -36 0 7 -29 , 0.006193459774551777 , 1
1.7233035680269362 , 14 -32 -51 8 -37 -44 , 12 -31 31 0 -19 12 , 0 11 -33 13 19 -23 , 30 -5 5 0 12 17 , 6 51 32 -8 7 -5 , -23 4 -6 -16 18 -32 , -7 6 -4 16 -26 14 , -13 33 -11 -13 10 8 , 39 36 -36 0 7 -29 , 0.0061970689639898229 , 2
1.7233035680269362 , 19 -46 -35 -2 -33 -46 , 16 -30 30 0 -16 14 , -25 26 1 -21 4 2 , 26 -6 6 0 9 15 , 21 35 46 2 -11 13 , 32 -13 14 11 -12 32 , 21 -14 13 -11 18 1 , -4 -1 -26 21 1 -22 , 39 36 -36 0 7 -29 , 0.006644086537793803 , 3
1.727175982312984 , 29 -45 -41 3 -28 -43 , 20 -24 24 0 -9 15 , 13 -11 -4 -2 21 -16 , 22 -12 12 0 2 14 , 26 41 45 -3 -2 17 , -8 -3 -13 26 -25 -2 , -34 13 3 -26 11 -22 , 15 4 11 2 -12 32 , 39 36 -36 0 7 -29 , 0.0055552844189168489 , 0
1.727175982312984 , 23 -25 -54 -9 -6 -51 , 15 -17 17 0 -6 11 , -22 -9 13 -21 8 -25 , 27 -19 19 0 -1 18 , 32 54 25 9 3 19 , -19 29 -9 -14 8 1 , -5 9 -29 14 10 -21 , -1 -13 9 21 -38 17 , 39 36 -36 0 7 -29 , 0.0067234736942478994 , 1
1.727175982312984 , 14 -32 -51 8 -37 -44 , 12 -31 31 0 -19 12 , 0 11 -33 13 19 -23 , 30 -5 5 0 12 17 , 6 51 32 -8 7 -5 , -23 4 -6 -16 18 -32 , -7 6 -4 16 -26 14 , -13 33 -11 -13 10 8 , 39 36 -36 0 7 -29 , 0.0067750578307777054 , 2
1.727175982312984 , 10 -22 -19 -33 -25 -24 , 50 -8 8 0 20 28 , -9 0 3 2 -12 2 , 12 35 -35 0 35 0 , 43 19 22 33 -5 -3 , 26 -22 15 1 4 8 , 25 -15 22 -1 -7 26 , -11 -3 0 -2 -1 -12 , 19 -27 27 0 -55 -28 , 0.0068278656225246055 , 3
1.7296383779776694 , 10 -22 -19 -33 -25 -24 , 50 -8 8 0 20 28 , -9 0 3 2 -12 2 , 12 35 -35 0 35 0 , 43 19 22 33 -5 -3 , 26 -22 15 1 4 8 , 25 -15 22 -1 -7 26 , -11 -3 0 -2 -1 -12 , 19 -27 27 0 -55 -28 , 0.0055644762217339529 , 0
1.7296383779776694 , 29 -45 -41 3 -28 -43 , 20 -24 24 0 -9 15 , 13 -11 -4 -2 21 -16 , 22 -12 12 0 2 14 , 26 41 45 -3 -2 17 , -8 -3 -13 26 -25 -2 , -34 13 3 -26 11 -22 , 15 4 11 2 -12 32 , 39 36 -36 0 7 -29 , 0.0058217580423217865 , 1
1.7296383779776694 , 23 -25 -54 -9 -6 -51 , 15 -17 17 0 -6 11 , -22 -9 13 -21 8 -25 , 27 -19 19 0 -1 18 , 32 54 25 9 3 19 , -19 29 -9 -14 8 1 , -5 9 -29 14 10 -21 , -1 -13 9 21 -38 17 , 39 36 -36 0 7 -29 , 0.0063933466093806452 , 2
1.7296383779776694 , 6 -16 -28 -37 -12 -36 , 46 -3 3 0 22 25 , -6 14 -17 2 9 -8 , -5 2 -2 0 -1 -3 , 43 28 16 37 -8 4 , -3 -36 14 34 -53 5 , -37 -14 36 -34 -9 -17 , -8 17 -14 -2 9 -5 , 40 1 -1 0 -21 -22 , 0.0066111159102833937 , 3
1.7301657315280867 , 10 -22 -19 -33 -25 -24 , 50 -8 8 0 20 28 , -9 0 3 2 -12 2 , 12 35 -35 0 35 0 , 43 19 22 33 -5 -3 , 26 -22 15 1 4 8 , 25 -15 22 -1 -7 26 , -11 -3 0 -2 -1 -12 , 19 -27 27 0 -55 -28 , 0.0053290438896208504 , 0
1.7301657315280867 , 29 -45 -41 3 -28 -43 , 20 -24 24 0 -9 15 , 13 -11 -4 -2 21 -16 , 22 -12 12 0 2 14 , 26 41 45 -3 -2 17 , -8 -3 -13 26 -25 -2 , -34 13 3 -26 11 -22 , 15 4 11 2 -12 32 , 39 36 -36 0 7 -29 , 0.0059439434343618088 , 1
1.7301657315280867 , 23 -25 -54 -9 -6 -51 , 15 -17 17 0 -6 11 , -22 -9 13 -21 8 -25 , 27 -19 19 0 -1 18 , 32 54 25 9 3 19 , -19 29 -9 -14 8 1 , -5 9 -29 14 10 -21 , -1 -13 9 21 -38 17 , 39 36 -36 0 7 -29 , 0.0063824627671920341 , 2
1.7301657315280867 , 6 -16 -28 -37 -12 -36 , 46 -3 3 0 22 25 , -6 14 -17 2 9 -8 , -5 2 -2 0 -1 -3 , 43 28 16 37 -8 4 , -3 -36 14 34 -53 5 , -37 -14 36 -34 -9 -17 , -8 17 -14 -2 9 -5 , 40 1 -1 0 -21 -22 , 0.0065380149380778836 , 3
1.731724777842713 , 10 -22 -19 -33 -25 -24 , 50 -8 8 0 20 28 , -9 0 3 2 -12 2 , 12 35 -35 0 35 0 , 43 19 22 33 -5 -3 , 26 -22 15 1 4 8 , 25 -15 22 -1 -7 26 , -11 -3 0 -2 -1 -12 , 19 -27 27 0 -55 -28 , 0.0047374003838778324 , 0
1.7347653906552696 , 10 -22 -19 -33 -25 -24 , 50 -8 8 0 20 28 , -9 0 3 2 -12 2 , 12 35 -35 0 35 0 , 43 19 22 33 -5 -3 , 26 -22 15 1 4 8 , 25 -15 22 -1 -7 26 , -11 -3 0 -2 -1 -12 , 19 -27 27 0 -55 -28 , 0.0042214114588285294 , 0
1.739669760002426 , 10 -22 -19 -33 -25 -24 , 50 -8 8 0 20 28 , -9 0 3 2 -12 2 , 12 35 -35 0 35 0 , 43 19 22 33 -5 -3 , 26 -22 15 1 4 8 , 25 -15 22 -1 -7 26 , -11 -3 0 -2 -1 -12 , 19 -27 27 0 -55 -28 , 0.0054632124394001207 , 0
1.739669760002426 , -10 -20 -29 -28 -31 -42 , 40 1 -1 0 22 21 , -14 14 -21 14 -8 -7 , 2 -37 37 0 -29 8 , 18 29 20 28 -13 -11 , -7 -17 10 18 -36 7 , -25 -10 17 -18 -3 -19 , -28 21 -14 -14 14 -22 , 39 36 -36 0 7 -29 , 0.0059166543316498 , 1
1.7446284919433739 , 8 -17 -10 -35 -38 -6 , 2 -37 37 0 -29 8 , 19 -25 -10 36 -18 -3 , 40 1 -1 0 22 21 , 43 10 17 35 4 -21 , -14 14 -8 -21 28 -22 , 7 8 -14 21 -14 14 , -17 10 25 -36 7 7 , 39 36 -36 0 7 -29 , 0.0059166543316498026 , 0
1.7446284919433739 , 1 -3 -7 -45 -38 4 , 41 -17 17 0 8 25 , 1 3 -18 12 5 -11 , 1 -19 19 0 -15 4 , 46 7 3 45 11 -35 , 21 -3 19 -24 24 12 , 45 -19 3 24 -7 27 , -11 18 -3 -12 7 2 , 39 36 -36 0 7 -29 , 0.0061988360929872369 , 1
1.7446284919433739 , -10 -20 -29 -28 -31 -42 , 40 1 -1 0 22 21 , -14 14 -21 14 -8 -7 , 2 -37 37 0 -29 8 , 18 29 20 28 -13 -11 , -7 -17 10 18 -36 7 , -25 -10 17 -18 -3 -19 , -28 21 -14 -14 14 -22 , 39 36 -36 0 7 -29 , 0.0068775892227942387 , 2
1.7495071745396917 , 1 -3 -7 -45 -38 4 , 41 -17 17 0 8 25 , 1 3 -18 12 5 -11 , 1 -19 19 0 -15 4 , 46 7 3 45 11 -35 , 21 -3 19 -24 24 12 , 45 -19 3 24 -7 27 , -11 18 -3 -12 7 2 , 39 36 -36 0 7 -29 , 0.0051502276933063857 , 0
1.7558294257355131 , 18 -21 -62 3 -19 -47 , 26 -6 6 0 9 15 , -14 13 -32 18 1 -21 , 16 -30 30 0 -16 14 , 15 62 21 -3 15 2 , -30 12 1 -9 -10 -7 , -21 -1 -12 9 -8 -22 , -32 32 -13 -18 11 -12 , 39 36 -36 0 7 -29 , 0.0055447513192524184 , 0
1.7558294257355131 , 26 1 -47 -19 -13 -12 , 41 -17 17 0 8 25 , 12 -15 1 7 2 -5 , 1 -19 19 0 -15 4 , 45 47 -1 19 35 -14 , 16 -8 27 5 -31 44 , 11 -27 8 -5 17 -23 , 5 -1 15 -7 -6 17 , 39 36 -36 0 7 -29 , 0.0060763903385917225 , 1
1.7558294257355131 , 1 -3 -7 -45 -38 4 , 41 -17 17 0 8 25 , 1 3 -18 12 5 -11 , 1 -19 19 0 -15 4 , 46 7 3 45 11 -35 , 21 -3 19 -24 24 12 , 45 -19 3 24 -7 27 , -11 18 -3 -12 7 2 , 39 36 -36 0 7 -29 , 0.0068198377914339111 , 2
1.7581555086947327 , 18 -21 -62 3 -19 -47 , 26 -6 6 0 9 15 , -14 13 -32 18 1 -21 , 16 -30 30 0 -16 14 , 15 62 21 -3 15 2 , -30 12 1 -9 -10 -7 , -21 -1 -12 9 -8 -22 , -32 32 -13 -18 11 -12 , 39 36 -36 0 7 -29 , 0.0052951815075831486 , 0
1.7581555086947327 , 26 1 -47 -19 -13 -12 , 41 -17 17 0 8 25 , 12 -15 1 7 2 -5 , 1 -19 19 0 -15 4 , 45 47 -1 19 35 -14 , 16 -8 27 5 -31 44 , 11 -27 8 -5 17 -23 , 5 -1 15 -7 -6 17 , 39 36 -36 0 7 -29 , 0.0053870657575635309 , 1
1.7581555086947327 , 17 -16 -57 -12 -6 -48 , 12 -31 31 0 -19 12 , -5 -17 -1 -1 9 -28 , 30 -5 5 0 12 17 , 29 57 16 12 9 10 , -32 23 -4 -26 16 -18 , -6 4 -23 26 -14 -7 , -4 1 17 1 -27 26 , 39 36 -36 0 7 -29 , 0.006442392206934669 , 2
1.7603896265694001 , 26 1 -47 -19 -13 -12 , 41 -17 17 0 8 25 , 12 -15 1 7 2 -5 , 1 -19 19 0 -15 4 , 45 47 -1 19 35 -14 , 16 -8 27 5 -31 44 , 11 -27 8 -5 17 -23 , 5 -1 15 -7 -6 17 , 39 36 -36 0 7 -29 , 0.0051502276933064256 , 0
1.7603896265694001 , 18 -21 -62 3 -19 -47 , 26 -6 6 0 9 15 , -14 13 -32 18 1 -21 , 16 -30 30 0 -16 14 , 15 62 21 -3 15 2 , -30 12 1 -9 -10 -7 , -21 -1 -12 9 -8 -22 , -32 32 -13 -18 11 -12 , 39 36 -36 0 7 -29 , 0.005525810206385799 , 1
1.7603896265694001 , 17 -16 -57 -12 -6 -48 , 12 -31 31 0 -19 12 , -5 -17 -1 -1 9 -28 , 30 -5 5 0 12 17 , 29 57 16 12 9 10 , -32 23 -4 -26 16 -18 , -6 4 -23 26 -14 -7 , -4 1 17 1 -27 26 , 39 36 -36 0 7 -29 , 0.0061997157860134468 , 2
1.7606457995474765 , 26 1 -47 -19 -13 -12 , 41 -17 17 0 8 25 , 12 -15 1 7 2 -5 , 1 -19 19 0 -15 4 , 45 47 -1 19 35 -14 , 16 -8 27 5 -31 44 , 11 -27 8 -5 17 -23 , 5 -1 15 -7 -6 17 , 39 36 -36 0 7 -29 , 0.0051534122165066525 , 0
1.7606457995474765 , 18 -21 -62 3 -19 -47 , 26 -6 6 0 9 15 , -14 13 -32 18 1 -21 , 16 -30 30 0 -16 14 , 15 62 21 -3 15 2 , -30 12 1 -9 -10 -7 , -21 -1 -12 9 -8 -22 , -32 32 -13 -18 11 -12 , 39 36 -36 0 7 -29 , 0.0055802964828433419 , 1
1.7606457995474765 , 17 -16 -57 -12 -6 -48 , 12 -31 31 0 -19 12 , -5 -17 -1 -1 9 -28 , 30 -5 5 0 12 17 , 29 57 16 12 9 10 , -32 23 -4 -26 16 -18 , -6 4 -23 26 -14 -7 , -4 1 17 1 -27 26 , 39 36 -36 0 7 -29 , 0.006197068963989933 , 2
1.7606457995474765 , 27 -42 -39 -1 -28 -39 , 30 -5 5 0 12 17 , 16 -19 -2 32 -28 12 , 12 -31 31 0 -19 12 , 28 39 42 1 0 14 , -28 5 17 -27 1 -9 , -1 -17 -5 27 -26 -4 , -16 2 19 -32 14 -9 , 39 36 -36 0 7 -29 , 0.006428303026177474 , 3
1.763062175132357 , 26 1 -47 -19 -13 -12 , 41 -17 17 0 8 25 , 12 -15 1 7 2 -5 , 1 -19 19 0 -15 4 , 45 47 -1 19 35 -14 , 16 -8 27 5 -31 44 , 11 -27 8 -5 17 -23 , 5 -1 15 -7 -6 17 , 39 36 -36 0 7 -29 , 0.0054859903337467703 , 0
1.763062175132357 , 19 8 -34 -38 -9 -5 , 5 -13 13 0 -8 5 , -33 42 -13 -31 25 -12 , 37 -23 23 0 1 24 , 57 34 -8 38 29 -17 , -2 -12 -2 11 -9 -9 , -13 2 12 -11 -7 3 , -2 13 -42 31 1 -17 , 39 36 -36 0 7 -29 , 0.0061516485618902852 , 1
1.763062175132357 , 27 -42 -39 -1 -28 -39 , 30 -5 5 0 12 17 , 16 -19 -2 32 -28 12 , 12 -31 31 0 -19 12 , 28 39 42 1 0 14 , -28 5 17 -27 1 -9 , -1 -17 -5 27 -26 -4 , -16 2 19 -32 14 -9 , 39 36 -36 0 7 -29 , 0.0061970689639899174 , 2
1.763062175132357 , 18 -21 -62 3 -19 -47 , 26 -6 6 0 9 15 , -14 13 -32 18 1 -21 , 16 -30 30 0 -16 14 , 15 62 21 -3 15 2 , -30 12 1 -9 -10 -7 , -21 -1 -12 9 -8 -22 , -32 32 -13 -18 11 -12 , 39 36 -36 0 7 -29 , 0.0063306067212491974 , 3
1.763062175132357 , 17 -16 -57 -12 -6 -48 , 12 -31 31 0 -19 12 , -5 -17 -1 -1 9 -28 , 30 -5 5 0 12 17 , 29 57 16 12 9 10 , -32 23 -4 -26 16 -18 , -6 4 -23 26 -14 -7 , -4 1 17 1 -27 26 , 39 36 -36 0 7 -29 , 0.0064283030261771748 , 4
1.7673256946076583 , 19 8 -34 -38 -9 -5 , 5 -13 13 0 -8 5 , -33 42 -13 -31 25 -12 , 37 -23 23 0 1 24 , 57 34 -8 38 29 -17 , -2 -12 -2 11 -9 -9 , -13 2 12 -11 -7 3 , -2 13 -42 31 1 -17 , 39 36 -36 0 7 -29 , 0.0053622776668227701 , 0
1.7673256946076583 , 2 -33 -30 -28 -17 -53 , 13 5 -5 0 11 6 , 3 -6 43 -28 -10 31 , 28 -6 6 0 10 16 , 30 30 33 28 -23 16 , -3 29 -9 -25 33 -1 , 22 9 -29 25 8 4 , 31 -43 6 28 -12 -4 , 40 1 -1 0 -21 -22 , 0.0066903796980943373 , 1
1.7673997365889476 , 19 8 -34 -38 -9 -5 , 5 -13 13 0 -8 5 , -33 42 -13 -31 25 -12 , 37 -23 23 0 1 24 , 57 34 -8 38 29 -17 , -2 -12 -2 11 -9 -9 , -13 2 12 -11 -7 3 , -2 13 -42 31 1 -17 , 39 36 -36 0 7 -29 , 0.0053625332513937739 , 0
1.7673997365889476 , 2 -33 -30 -28 -17 -53 , 13 5 -5 0 11 6 , 3 -6 43 -28 -10 31 , 28 -6 6 0 10 16 , 30 30 33 28 -23 16 , -3 29 -9 -25 33 -1 , 22 9 -29 25 8 4 , 31 -43 6 28 -12 -4 , 40 1 -1 0 -21 -22 , 0.0066745996321134256 , 1
1.7702111185581222 , 19 8 -34 -38 -9 -5 , 5 -13 13 0 -8 5 , -33 42 -13 -31 25 -12 , 37 -23 23 0 1 24 , 57 34 -8 38 29 -17 , -2 -12 -2 11 -9 -9 , -13 2 12 -11 -7 3 , -2 13 -42 31 1 -17 , 39 36 -36 0 7 -29 , 0.0057373198953977519 , 0
1.7702111185581222 , 2 -33 -30 -28 -17 -53 , 13 5 -5 0 11 6 , 3 -6 43 -28 -10 31 , 28 -6 6 0 10 16 , 30 30 33 28 -23 16 , -3 29 -9 -25 33 -1 , 22 9 -29 25 8 4 , 31 -43 6 28 -12 -4 , 40 1 -1 0 -21 -22 , 0.0063716847609527304 , 1
1.7702111185581222 , 12 -45 -29 -5 -42 -39 , 12 -36 36 0 -23 13 , -2 -17 -6 24 -21 -9 , 30 0 0 0 16 16 , 17 29 45 5 -10 3 , -18 -3 16 -29 15 -18 , 11 -16 3 29 -34 18 , -26 6 17 -24 -3 -4 , 39 36 -36 0 7 -29 , 0.0065516686769380708 , 2
1.7702111185581222 , 15 -12 -40 -7 -40 -12 , 46 -3 3 0 22 25 , -2 5 -2 7 -12 10 , -5 2 -2 0 -1 -3 , 22 40 12 7 28 -28 , 1 13 -54 24 30 -41 , -23 54 -13 -24 13 17 , -9 2 -5 -7 12 -17 , 40 1 -1 0 -21 -22 , 0.0066040243252452283 , 3
1.77225210625675 , 12 -45 -29 -5 -42 -39 , 12 -36 36 0 -23 13 , -2 -17 -6 24 -21 -9 , 30 0 0 0 16 16 , 17 29 45 5 -10 3 , -18 -3 16 -29 15 -18 , 11 -16 3 29 -34 18 , -26 6 17 -24 -3 -4 , 39 36 -36 0 7 -29 , 0.0057574509886982542 , 0
1.77225210625675 , 19 8 -34 -38 -9 -5 , 5 -13 13 0 -8 5 , -33 42 -13 -31 25 -12 , 37 -23 23 0 1 24 , 57 34 -8 38 29 -17 , -2 -12 -2 11 -9 -9 , -13 2 12 -11 -7 3 , -2 13 -42 31 1 -17 , 39 36 -36 0 7 -29 , 0.0063944297236106637 , 1
1.77225210625675 , 15 -12 -40 -7 -40 -12 , 46 -3 3 0 22 25 , -2 5 -2 7 -12 10 , -5 2 -2 0 -1 -3 , 22 40 12 7 28 -28 , 1 13 -54 24 30 -41 , -23 54 -13 -24 13 17 , -9 2 -5 -7 12 -17 , 40 1 -1 0 -21 -22 , 0.0064444032419756622 , 2
1.77225210625675 , 2 -33 -30 -28 -17 -53 , 13 5 -5 0 11 6 , 3 -6 43 -28 -10 31 , 28 -6 6 0 10 16 , 30 30 33 28 -23 16 , -3 29 -9 -25 33 -1 , 22 9 -29 25 8 4 , 31 -43 6 28 -12 -4 , 40 1 -1 0 -21 -22 , 0.0065330828344264758 , 3
1.7760215305508642 , 12 -45 -29 -5 -42 -39 , 12 -36 36 0 -23 13 , -2 -17 -6 24 -21 -9 , 30 0 0 0 16 16 , 17 29 45 5 -10 3 , -18 -3 16 -29 15 -18 , 11 -16 3 29 -34 18 , -26 6 17 -24 -3 -4 , 39 36 -36 0 7 -29 , 0.0051033311381640262 , 0
1.781719131832104 , -9 -28 -33 -20 -34 -48 , 34 1 -1 0 19 18 , -31 19 -17 -11 13 -28 , 8 -37 37 0 -26 11 , 11 33 28 20 -15 -6 , -26 7 4 -2 -20 0 , -24 -4 -7 2 -4 -27 , -20 17 -19 11 -11 -6 , 39 36 -36 0 7 -29 , 0.0059524664794163556 , 0
1.781719131832104 , -16 -15 1 -51 -43 -13 , 37 -13 13 0 9 22 , -5 17 -25 4 16 -14 , 5 -23 23 0 -16 7 , 35 -1 15 51 -14 -28 , 33 -1 2 16 -9 35 , 17 -2 1 -16 33 -8 , -9 25 -17 -4 11 -1 , 39 36 -36 0 7 -29 , 0.0063771341891040749 , 1
1.781719131832104 , 9 -27 -59 -1 -19 -58 , 27 -19 19 0 -1 18 , 9 -5 21 -1 -19 29 , 15 -17 17 0 -6 11 , 10 59 27 1 1 8 , 36 -13 12 7 -1 27 , 29 -12 13 -7 15 12 , 10 -21 5 1 8 -14 , 39 36 -36 0 7 -29 , 0.006382462767192113 , 2
1.781719131832104 , 12 -45 -29 -5 -42 -39 , 12 -36 36 0 -23 13 , -2 -17 -6 24 -21 -9 , 30 0 0 0 16 16 , 17 29 45 5 -10 3 , -18 -3 16 -29 15 -18 , 11 -16 3 29 -34 18 , -26 6 17 -24 -3 -4 , 39 36 -36 0 7 -29 , 0.0065019421714608838 , 3
1.783395568869653 , -9 -28 -33 -20 -34 -48 , 34 1 -1 0 19 18 , -31 19 -17 -11 13 -28 , 8 -37 37 0 -26 11 , 11 33 28 20 -15 -6 , -26 7 4 -2 -20 0 , -24 -4 -7 2 -4 -27 , -20 17 -19 11 -11 -6 , 39 36 -36 0 7 -29 , 0.0058332361811371239 , 0
1.783395568869653 , -16 -15 1 -51 -43 -13 , 37 -13 13 0 9 22 , -5 17 -25 4 16 -14 , 5 -23 23 0 -16 7 , 35 -1 15 51 -14 -28 , 33 -1 2 16 -9 35 , 17 -2 1 -16 33 -8 , -9 25 -17 -4 11 -1 , 39 36 -36 0 7 -29 , 0.0059642530176887724 , 1
1.783395568869653 , 9 -27 -59 -1 -19 -58 , 27 -19 19 0 -1 18 , 9 -5 21 -1 -19 29 , 15 -17 17 0 -6 11 , 10 59 27 1 1 8 , 36 -13 12 7 -1 27 , 29 -12 13 -7 15 12 , 10 -21 5 1 8 -14 , 39 36 -36 0 7 -29 , 0.0064916131632490092 , 2
1.783395568869653 , 24 -33 -18 -22 -31 -16 , -5 2 -2 0 -1 -3 , 34 -53 5 37 -17 -9 , 46 -3 3 0 22 25 , 46 18 33 22 2 2 , -17 14 -6 -9 5 -8 , -8 6 -14 9 -2 -9 , -3 -5 53 -37 -14 36 , 40 1 -1 0 -21 -22 , 0.0069389785099921693 , 3
1.7855968651111493 , -16 -15 1 -51 -43 -13 , 37 -13 13 0 9 22 , -5 17 -25 4 16 -14 , 5 -23 23 0 -16 7 , 35 -1 15 51 -14 -28 , 33 -1 2 16 -9 35 , 17 -2 1 -16 33 -8 , -9 25 -17 -4 11 -1 , 39 36 -36 0 7 -29 , 0.0057575580224067226 , 0
1.7855968651111493 , -9 -28 -33 -20 -34 -48 , 34 1 -1 0 19 18 , -31 19 -17 -11 13 -28 , 8 -37 37 0 -26 11 , 11 33 28 20 -15 -6 , -26 7 4 -2 -20 0 , -24 -4 -7 2 -4 -27 , -20 17 -19 11 -11 -6 , 39 36 -36 0 7 -29 , 0.0060373407632202409 , 1
1.7855968651111493 , 24 -33 -18 -22 -31 -16 , -5 2 -2 0 -1 -3 , 34 -53 5 37 -17 -9 , 46 -3 3 0 22 25 , 46 18 33 22 2 2 , -17 14 -6 -9 5 -8 , -8 6 -14 9 -2 -9 , -3 -5 53 -37 -14 36 , 40 1 -1 0 -21 -22 , 0.0065240340438912272 , 2
1.7855968651111493 , 39 -18 -47 -7 -15 -17 , 16 -30 30 0 -16 14 , 9 14 -30 16 13 -6 , 26 -6 6 0 9 15 , 46 47 18 7 30 3 , -15 -10 20 -25 9 -16 , 10 -20 10 25 -36 19 , -7 30 -14 -16 24 -1 , 39 36 -36 0 7 -29 , 0.0067358419948022287 , 3
1.7855968651111493 , 9 -27 -59 -1 -19 -58 , 27 -19 19 0 -1 18 , 9 -5 21 -1 -19 29 , 15 -17 17 0 -6 11 , 10 59 27 1 1 8 , 36 -13 12 7 -1 27 , 29 -12 13 -7 15 12 , 10 -21 5 1 8 -14 , 39 36 -36 0 7 -29 , 0.0069465230727121094 , 4
1.7863095037348447 , -16 -15 1 -51 -43 -13 , 37 -13 13 0 9 22 , -5 17 -25 4 16 -14 , 5 -23 23 0 -16 7 , 35 -1 15 51 -14 -28 , 33 -1 2 16 -9 35 , 17 -2 1 -16 33 -8 , -9 25 -17 -4 11 -1 , 39 36 -36 0 7 -29 , 0.005779567454142741 , 0
1.7863095037348447 , -9 -28 -33 -20 -34 -48 , 34 1 -1 0 19 18 , -31 19 -17 -11 13 -28 , 8 -37 37 0 -26 11 , 11 33 28 20 -15 -6 , -26 7 4 -2 -20 0 , -24 -4 -7 2 -4 -27 , -20 17 -19 11 -11 -6 , 39 36 -36 0 7 -29 , 0.0061864471788990929 , 1
1.7863095037348447 , 39 -18 -47 -7 -15 -17 , 16 -30 30 0 -16 14 , 9 14 -30 16 13 -6 , 26 -6 6 0 9 15 , 46 47 18 7 30 3 , -15 -10 20 -25 9 -16 , 10 -20 10 25 -36 19 , -7 30 -14 -16 24 -1 , 39 36 -36 0 7 -29 , 0.0064365898422370079 , 2
1.7863095037348447 , 24 -33 -18 -22 -31 -16 , -5 2 -2 0 -1 -3 , 34 -53 5 37 -17 -9 , 46 -3 3 0 22 25 , 46 18 33 22 2 2 , -17 14 -6 -9 5 -8 , -8 6 -14 9 -2 -9 , -3 -5 53 -37 -14 36 , 40 1 -1 0 -21 -22 , 0.0064647340509791122 , 3
1.7863095037348447 , -4 -8 -37 -29 -23 -33 , 49 -5 5 0 22 27 , 11 -14 15 -4 -1 6 , -7 -31 31 0 -29 2 , 25 37 8 29 4 -15 , -14 -24 33 -21 -7 -10 , 7 -33 24 21 -43 17 , 15 -15 14 4 -9 13 , 39 36 -36 0 7 -29 , 0.0068902785299230608 , 4
1.7863095037348447 , 9 -27 -59 -1 -19 -58 , 27 -19 19 0 -1 18 , 9 -5 21 -1 -19 29 , 15 -17 17 0 -6 11 , 10 59 27 1 1 8 , 36 -13 12 7 -1 27 , 29 -12 13 -7 15 12 , 10 -21 5 1 8 -14 , 39 36 -36 0 7 -29 , 0.0071604125904403178 , 5
1.7870340099147592 , -16 -15 1 -51 -43 -13 , 37 -13 13 0 9 22 , -5 17 -25 4 16 -14 , 5 -23 23 0 -16 7 , 35 -1 15 51 -14 -28 , 33 -1 2 16 -9 35 , 17 -2 1 -16 33 -8 , -9 25 -17 -4 11 -1 , 39 36 -36 0 7 -29 , 0.005846551251699441 , 0
1.7870340099147592 , 39 -18 -47 -7 -15 -17 , 16 -30 30 0 -16 14 , 9 14 -30 16 13 -6 , 26 -6 6 0 9 15 , 46 47 18 7 30 3 , -15 -10 20 -25 9 -16 , 10 -20 10 25 -36 19 , -7 30 -14 -16 24 -1 , 39 36 -36 0 7 -29 , 0.0061597704941316342 , 1
1.7870340099147592 , -9 -28 -33 -20 -34 -48 , 34 1 -1 0 19 18 , -31 19 -17 -11 13 -28 , 8 -37 37 0 -26 11 , 11 33 28 20 -15 -6 , -26 7 4 -2 -20 0 , -24 -4 -7 2 -4 -27 , -20 17 -19 11 -11 -6 , 39 36 -36 0 7 -29 , 0.0063754006250737764 , 2
1.7870340099147592 , 24 -33 -18 -22 -31 -16 , -5 2 -2 0 -1 -3 , 34 -53 5 37 -17 -9 , 46 -3 3 0 22 25 , 46 18 33 22 2 2 , -17 14 -6 -9 5 -8 , -8 6 -14 9 -2 -9 , -3 -5 53 -37 -14 36 , 40 1 -1 0 -21 -22 , 0.0064444032419757836 , 3
1.7870340099147592 , -4 -8 -37 -29 -23 -33 , 49 -5 5 0 22 27 , 11 -14 15 -4 -1 6 , -7 -31 31 0 -29 2 , 25 37 8 29 4 -15 , -14 -24 33 -21 -7 -10 , 7 -33 24 21 -43 17 , 15 -15 14 4 -9 13 , 39 36 -36 0 7 -29 , 0.0065446393322933409 , 4
1.7914845982986753 , -4 -8 -37 -29 -23 -33 , 49 -5 5 0 22 27 , 11 -14 15 -4 -1 6 , -7 -31 31 0 -29 2 , 25 37 8 29 4 -15 , -14 -24 33 -21 -7 -10 , 7 -33 24 21 -43 17 , 15 -15 14 4 -9 13 , 39 36 -36 0 7 -29 , 0.0050816175096055219 , 0
1.7914845982986753 , 39 -18 -47 -7 -15 -17 , 16 -30 30 0 -16 14 , 9 14 -30 16 13 -6 , 26 -6 6 0 9 15 , 46 47 18 7 30 3 , -15 -10 20 -25 9 -16 , 10 -20 10 25 -36 19 , -7 30 -14 -16 24 -1 , 39 36 -36 0 7 -29 , 0.0052951815075831608 , 1
1.7914845982986753 , -23 -18 -8 -42 -47 -25 , 41 -17 17 0 8 25 , 18 -3 -1 7 2 11 , 1 -19 19 0 -15 4 , 19 8 18 42 -17 -29 , 21 -3 19 -24 24 12 , 45 -19 3 24 -7 27 , 11 1 3 -7 12 5 , 39 36 -36 0 7 -29 , 0.0060262690394168924 , 2
1.7930811658692638 , -4 -8 -37 -29 -23 -33 , 49 -5 5 0 22 27 , 11 -14 15 -4 -1 6 , -7 -31 31 0 -29 2 , 25 37 8 29 4 -15 , -14 -24 33 -21 -7 -10 , 7 -33 24 21 -43 17 , 15 -15 14 4 -9 13 , 39 36 -36 0 7 -29 , 0.0049546267761837685 , 0
1.7930811658692638 , 39 -18 -47 -7 -15 -17 , 16 -30 30 0 -16 14 , 9 14 -30 16 13 -6 , 26 -6 6 0 9 15 , 46 47 18 7 30 3 , -15 -10 20 -25 9 -16 , 10 -20 10 25 -36 19 , -7 30 -14 -16 24 -1 , 39 36 -36 0 7 -29 , 0.0054141902542014439 , 1
1.7930811658692638 , -23 -18 -8 -42 -47 -25 , 41 -17 17 0 8 25 , 18 -3 -1 7 2 11 , 1 -19 19 0 -15 4 , 19 8 18 42 -17 -29 , 21 -3 19 -24 24 12 , 45 -19 3 24 -7 27 , 11 1 3 -7 12 5 , 39 36 -36 0 7 -29 , 0.0055249757012544014 , 2
1.7959097790042744 , -23 -18 -8 -42 -47 -25 , 41 -17 17 0 8 25 , 18 -3 -1 7 2 11 , 1 -19 19 0 -15 4 , 19 8 18 42 -17 -29 , 21 -3 19 -24 24 12 , 45 -19 3 24 -7 27 , 11 1 3 -7 12 5 , 39 36 -36 0 7 -29 , 0.005150227693306351 , 0
1.7959097790042744 , -4 -8 -37 -29 -23 -33 , 49 -5 5 0 22 27 , 11 -14 15 -4 -1 6 , -7 -31 31 0 -29 2 , 25 37 8 29 4 -15 , -14 -24 33 -21 -7 -10 , 7 -33 24 21 -43 17 , 15 -15 14 4 -9 13 , 39 36 -36 0 7 -29 , 0.005343111422626559 , 1
1.7959097790042744 , 39 -18 -47 -7 -15 -17 , 16 -30 30 0 -16 14 , 9 14 -30 16 13 -6 , 26 -6 6 0 9 15 , 46 47 18 7 30 3 , -15 -10 20 -25 9 -16 , 10 -20 10 25 -36 19 , -7 30 -14 -16 24 -1 , 39 36 -36 0 7 -29 , 0.0061506110862738677 , 2
1.7990829465473215 , 29 -9 -42 -24 -6 -19 , 41 -17 17 0 8 25 , 17 -5 1 2 7 6 , 1 -19 19 0 -15 4 , 53 42 9 24 23 3 , -44 16 -8 -17 5 -31 , -27 8 -16 17 -23 -11 , 15 -1 5 -2 5 12 , 39 36 -36 0 7 -29 , 0.0054120948692177031 , 0
1.7990829465473215 , -23 -18 -8 -42 -47 -25 , 41 -17 17 0 8 25 , 18 -3 -1 7 2 11 , 1 -19 19 0 -15 4 , 19 8 18 42 -17 -29 , 21 -3 19 -24 24 12 , 45 -19 3 24 -7 27 , 11 1 3 -7 12 5 , 39 36 -36 0 7 -29 , 0.0056177684554301653 , 1
1.7990829465473215 , 22 -21 -57 -11 -3 -49 , 27 -19 19 0 -1 18 , 3 -26 18 -1 -7 -7 , 15 -17 17 0 -6 11 , 33 57 21 11 8 18 , -25 22 9 -38 21 -8 , 13 -9 -22 38 -17 -1 , 4 -18 26 1 -25 19 , 39 36 -36 0 7 -29 , 0.0063824627671919898 , 2
1.7990829465473215 , -4 -8 -37 -29 -23 -33 , 49 -5 5 0 22 27 , 11 -14 15 -4 -1 6 , -7 -31 31 0 -29 2 , 25 37 8 29 4 -15 , -14 -24 33 -21 -7 -10 , 7 -33 24 21 -43 17 , 15 -15 14 4 -9 13 , 39 36 -36 0 7 -29 , 0.0065237215856635122 , 3
1.8014349396420428 , 29 -9 -42 -24 -6 -19 , 41 -17 17 0 8 25 , 17 -5 1 2 7 6 , 1 -19 19 0 -15 4 , 53 42 9 24 23 3 , -44 16 -8 -17 5 -31 , -27 8 -16 17 -23 -11 , 15 -1 5 -2 5 12 , 39 36 -36 0 7 -29 , 0.0051502276933064863 , 0
1.8014349396420428 , 27 -28 -43 -14 -11 -37 , 7 -29 29 0 -20 9 , -24 17 0 -1 -20 9 , 35 -7 7 0 13 20 , 41 43 28 14 6 17 , 27 -15 15 2 -1 19 , 25 -15 15 -2 4 14 , -23 0 -17 1 9 -37 , 39 36 -36 0 7 -29 , 0.0062164604652824133 , 1
1.8029912062229314 , 29 -9 -42 -24 -6 -19 , 41 -17 17 0 8 25 , 17 -5 1 2 7 6 , 1 -19 19 0 -15 4 , 53 42 9 24 23 3 , -44 16 -8 -17 5 -31 , -27 8 -16 17 -23 -11 , 15 -1 5 -2 5 12 , 39 36 -36 0 7 -29 , 0.0052664811544795567 , 0
1.8029912062229314 , 27 -28 -43 -14 -11 -37 , 7 -29 29 0 -20 9 , -24 17 0 -1 -20 9 , 35 -7 7 0 13 20 , 41 43 28 14 6 17 , 27 -15 15 2 -1 19 , 25 -15 15 -2 4 14 , -23 0 -17 1 9 -37 , 39 36 -36 0 7 -29 , 0.0058478294266279462 , 1
1.8029912062229314 , 2 -34 -35 -12 -35 -44 , 12 -41 41 0 -27 14 , -21 -7 9 -3 -15 -10 , 30 5 -5 0 20 15 , 14 35 34 12 -9 -1 , -8 14 -13 18 -22 13 , -26 13 -14 -18 26 -36 , -18 -9 7 3 -19 -8 , 39 36 -36 0 7 -29 , 0.0060181221866643844 , 2
1.8050707422885472 , 2 -34 -35 -12 -35 -44 , 12 -41 41 0 -27 14 , -21 -7 9 -3 -15 -10 , 30 5 -5 0 20 15 , 14 35 34 12 -9 -1 , -8 14 -13 18 -22 13 , -26 13 -14 -18 26 -36 , -18 -9 7 3 -19 -8 , 39 36 -36 0 7 -29 , 0.0053890114570535486 , 0
1.8050707422885472 , 27 -28 -43 -14 -11 -37 , 7 -29 29 0 -20 9 , -24 17 0 -1 -20 9 , 35 -7 7 0 13 20 , 41 43 28 14 6 17 , 27 -15 15 2 -1 19 , 25 -15 15 -2 4 14 , -23 0 -17 1 9 -37 , 39 36 -36 0 7 -29 , 0.0056599368158754253 , 1
1.8050707422885472 , 29 -9 -42 -24 -6 -19 , 41 -17 17 0 8 25 , 17 -5 1 2 7 6 , 1 -19 19 0 -15 4 , 53 42 9 24 23 3 , -44 16 -8 -17 5 -31 , -27 8 -16 17 -23 -11 , 15 -1 5 -2 5 12 , 39 36 -36 0 7 -29 , 0.0057562444661692592 , 2
1.8050707422885472 , 33 -6 -32 -28 -13 -1 , 15 -27 27 0 -14 13 , 17 2 15 -1 -11 34 , 27 -9 9 0 7 16 , 61 32 6 28 31 -7 , -26 10 -18 -5 13 -33 , -21 18 -10 5 -15 3 , 18 -15 -2 1 19 -13 , 39 36 -36 0 7 -29 , 0.0065298082518971219 , 3
1.8074819261546653 , 2 -34 -35 -12 -35 -44 , 12 -41 41 0 -27 14 , -21 -7 9 -3 -15 -10 , 30 5 -5 0 20 15 , 14 35 34 12 -9 -1 , -8 14 -13 18 -22 13 , -26 13 -14 -18 26 -36 , -18 -9 7 3 -19 -8 , 39 36 -36 0 7 -29 , 0.0051121963084979089 , 0
1.8074819261546653 , 33 -6 -32 -28 -13 -1 , 15 -27 27 0 -14 13 , 17 2 15 -1 -11 34 , 27 -9 9 0 7 16 , 61 32 6 28 31 -7 , -26 10 -18 -5 13 -33 , -21 18 -10 5 -15 3 , 18 -15 -2 1 19 -13 , 39 36 -36 0 7 -29 , 0.0056047857661971137 , 1
1.8074819261546653 , 27 -28 -43 -14 -11 -37 , 7 -29 29 0 -20 9 , -24 17 0 -1 -20 9 , 35 -7 7 0 13 20 , 41 43 28 14 6 17 , 27 -15 15 2 -1 19 , 25 -15 15 -2 4 14 , -23 0 -17 1 9 -37 , 39 36 -36 0 7 -29 , 0.0059111567276979339 , 2
1.8098229774284194 , 33 -6 -32 -28 -13 -1 , 15 -27 27 0 -14 13 , 17 2 15 -1 -11 34 , 27 -9 9 0 7 16 , 61 32 6 28 31 -7 , -26 10 -18 -5 13 -33 , -21 18 -10 5 -15 3 , 18 -15 -2 1 19 -13 , 39 36 -36 0 7 -29 , 0.0051066549465559451 , 0
1.8098229774284194 , 2 -34 -35 -12 -35 -44 , 12 -41 41 0 -27 14 , -21 -7 9 -3 -15 -10 , 30 5 -5 0 20 15 , 14 35 34 12 -9 -1 , -8 14 -13 18 -22 13 , -26 13 -14 -18 26 -36 , -18 -9 7 3 -19 -8 , 39 36 -36 0 7 -29 , 0.0053735278743375367 , 1
1.8098229774284194 , 13 11 -31 -47 -5 -6 , 13 -11 11 0 -2 9 , -25 11 -27 16 -7 -24 , 29 -25 25 0 -5 20 , 60 31 -11 47 25 -16 , 19 5 -7 9 3 15 , 10 7 -5 -9 22 -2 , -41 27 -11 -16 3 -18 , 39 36 -36 0 7 -29 , 0.0062872604471276182 , 2
1.810931649118401 , 33 -6 -32 -28 -13 -1 , 15 -27 27 0 -14 13 , 17 2 15 -1 -11 34 , 27 -9 9 0 7 16 , 61 32 6 28 31 -7 , -26 10 -18 -5 13 -33 , -21 18 -10 5 -15 3 , 18 -15 -2 1 19 -13 , 39 36 -36 0 7 -29 , 0.0050461223061358911 , 0
1.810931649118401 , 2 -34 -35 -12 -35 -44 , 12 -41 41 0 -27 14 , -21 -7 9 -3 -15 -10 , 30 5 -5 0 20 15 , 14 35 34 12 -9 -1 , -8 14 -13 18 -22 13 , -26 13 -14 -18 26 -36 , -18 -9 7 3 -19 -8 , 39 36 -36 0 7 -29 , 0.0056643466750048808 , 1
1.810931649118401 , 13 11 -31 -47 -5 -6 , 13 -11 11 0 -2 9 , -25 11 -27 16 -7 -24 , 29 -25 25 0 -5 20 , 60 31 -11 47 25 -16 , 19 5 -7 9 3 15 , 10 7 -5 -9 22 -2 , -41 27 -11 -16 3 -18 , 39 36 -36 0 7 -29 , 0.0058864653244579792 , 2
1.814778248408648 , 13 11 -31 -47 -5 -6 , 13 -11 11 0 -2 9 , -25 11 -27 16 -7 -24 , 29 -25 25 0 -5 20 , 60 31 -11 47 25 -16 , 19 5 -7 9 3 15 , 10 7 -5 -9 22 -2 , -41 27 -11 -16 3 -18 , 39 36 -36 0 7 -29 , 0.0052203774733191486 , 0
1.814778248408648 , 33 -6 -32 -28 -13 -1 , 15 -27 27 0 -14 13 , 17 2 15 -1 -11 34 , 27 -9 9 0 7 16 , 61 32 6 28 31 -7 , -26 10 -18 -5 13 -33 , -21 18 -10 5 -15 3 , 18 -15 -2 1 19 -13 , 39 36 -36 0 7 -29 , 0.005732493932783086 , 1
1.814778248408648 , 3 -41 -40 -3 -38 -51 , 37 -23 23 0 1 24 , 9 -11 -7 12 2 -9 , 5 -13 13 0 -8 5 , 6 40 41 3 -11 3 , -1 -31 25 -13 2 -17 , 12 -25 31 13 -42 33 , -3 7 11 -12 -2 13 , 39 36 -36 0 7 -29 , 0.0058109413605201233 , 2
1.8179446468137004 , 3 -41 -40 -3 -38 -51 , 37 -23 23 0 1 24 , 9 -11 -7 12 2 -9 , 5 -13 13 0 -8 5 , 6 40 41 3 -11 3 , -1 -31 25 -13 2 -17 , 12 -25 31 13 -42 33 , -3 7 11 -12 -2 13 , 39 36 -36 0 7 -29 , 0.0053622776668227025 , 0
1.8179446468137004 , 13 11 -31 -47 -5 -6 , 13 -11 11 0 -2 9 , -25 11 -27 16 -7 -24 , 29 -25 25 0 -5 20 , 60 31 -11 47 25 -16 , 19 5 -7 9 3 15 , 10 7 -5 -9 22 -2 , -41 27 -11 -16 3 -18 , 39 36 -36 0 7 -29 , 0.0056802606071576752 , 1
1.8179446468137004 , -8 -40 -28 -6 -56 -40 , 21 -4 4 0 8 12 , 28 -36 14 28 -28 16 , 21 -32 32 0 -15 17 , -2 28 40 6 -12 -16 , -6 -14 -2 17 -19 -8 , -23 2 14 -17 -6 -5 , 0 -14 36 -28 2 8 , 39 36 -36 0 7 -29 , 0.005937752128167658 , 2
1.8202059935944621 , 3 -41 -40 -3 -38 -51 , 37 -23 23 0 1 24 , 9 -11 -7 12 2 -9 , 5 -13 13 0 -8 5 , 6 40 41 3 -11 3 , -1 -31 25 -13 2 -17 , 12 -25 31 13 -42 33 , -3 7 11 -12 -2 13 , 39 36 -36 0 7 -29 , 0.0055956103863677381 , 0
1.8202059935944621 , -8 -40 -28 -6 -56 -40 , 21 -4 4 0 8 12 , 28 -36 14 28 -28 16 , 21 -32 32 0 -15 17 , -2 28 40 6 -12 -16 , -6 -14 -2 17 -19 -8 , -23 2 14 -17 -6 -5 , 0 -14 36 -28 2 8 , 39 36 -36 0 7 -29 , 0.0057183974186822209 , 1
1.8202059935944621 , 13 11 -31 -47 -5 -6 , 13 -11 11 0 -2 9 , -25 11 -27 16 -7 -24 , 29 -25 25 0 -5 20 , 60 31 -11 47 25 -16 , 19 5 -7 9 3 15 , 10 7 -5 -9 22 -2 , -41 27 -11 -16 3 -18 , 39 36 -36 0 7 -29 , 0.0064793892951015633 , 2
1.8202059935944621 , 18 -31 -15 -22 -40 -10 , 14 34 -34 0 35 1 , 19 -16 20 9 -22 28 , 48 -7 7 0 20 27 , 40 15 31 22 5 -9 , -17 1 1 -4 -5 -10 , -13 -1 -1 4 -11 -6 , 10 -20 16 -9 8 -6 , 19 -27 27 0 -55 -28 , 0.0065476837017247524 , 3
1.8225145265409974 , -8 -40 -28 -6 -56 -40 , 21 -4 4 0 8 12 , 28 -36 14 28 -28 16 , 21 -32 32 0 -15 17 , -2 28 40 6 -12 -16 , -6 -14 -2 17 -19 -8 , -23 2 14 -17 -6 -5 , 0 -14 36 -28 2 8 , 39 36 -36 0 7 -29 , 0.0059468241366721838 , 0
1.8225145265409974 , 18 -27 -24 -11 -47 -7 , 49 -5 5 0 22 27 , 1 -4 5 -6 5 -3 , 13 32 -32 0 33 1 , 29 24 27 11 17 -20 , 29 -5 -1 20 -11 27 , 9 1 5 -20 28 -6 , 7 -5 4 6 -8 9 , 19 -27 27 0 -55 -28 , 0.0062095735699323855 , 1
1.8225145265409974 , 3 -41 -40 -3 -38 -51 , 37 -23 23 0 1 24 , 9 -11 -7 12 2 -9 , 5 -13 13 0 -8 5 , 6 40 41 3 -11 3 , -1 -31 25 -13 2 -17 , 12 -25 31 13 -42 33 , -3 7 11 -12 -2 13 , 39 36 -36 0 7 -29 , 0.0062606608719323591 , 2
1.8225145265409974 , 18 -31 -15 -22 -40 -10 , 14 34 -34 0 35 1 , 19 -16 20 9 -22 28 , 48 -7 7 0 20 27 , 40 15 31 22 5 -9 , -17 1 1 -4 -5 -10 , -13 -1 -1 4 -11 -6 , 10 -20 16 -9 8 -6 , 19 -27 27 0 -55 -28 , 0.0063409402516287836 , 3
1.8300101748762616 , 18 -27 -24 -11 -47 -7 , 49 -5 5 0 22 27 , 1 -4 5 -6 5 -3 , 13 32 -32 0 33 1 , 29 24 27 11 17 -20 , 29 -5 -1 20 -11 27 , 9 1 5 -20 28 -6 , 7 -5 4 6 -8 9 , 19 -27 27 0 -55 -28 , 0.0032351973087221858 , 0
1.8324087340983202 , 18 -27 -24 -11 -47 -7 , 49 -5 5 0 22 27 , 1 -4 5 -6 5 -3 , 13 32 -32 0 33 1 , 29 24 27 11 17 -20 , 29 -5 -1 20 -11 27 , 9 1 5 -20 28 -6 , 7 -5 4 6 -8 9 , 19 -27 27 0 -55 -28 , 0.0036528127085335002 , 0
1.8337322061042494 , 18 -27 -24 -11 -47 -7 , 49 -5 5 0 22 27 , 1 -4 5 -6 5 -3 , 13 32 -32 0 33 1 , 29 24 27 11 17 -20 , 29 -5 -1 20 -11 27 , 9 1 5 -20 28 -6 , 7 -5 4 6 -8 9 , 19 -27 27 0 -55 -28 , 0.0041705214041966509 , 0
1.8376543211261147 , -3 -11 -33 -33 -21 -32 , 49 -5 5 0 22 27 , -15 14 -11 -9 13 -15 , -7 -31 31 0 -29 2 , 30 33 11 33 1 -10 , -30 6 -12 13 -23 -13 , -43 12 -6 -13 -1 -29 , -6 11 -14 9 -4 -1 , 39 36 -36 0 7 -29 , 0.0049546267761837008 , 0
1.8376543211261147 , -4 14 -24 -48 -24 0 , 21 -4 4 0 8 12 , -8 0 -14 28 -28 2 , 21 -32 32 0 -15 17 , 44 24 -14 48 24 -38 , 14 2 -23 19 8 -6 , -5 23 -2 -19 17 6 , -36 14 0 -28 16 -28 , 39 36 -36 0 7 -29 , 0.0057759601679776345 , 1
1.8376543211261147 , -13 -27 4 -40 -57 -9 , 26 -6 6 0 9 15 , -18 11 -12 14 -21 1 , 16 -30 30 0 -16 14 , 27 -4 27 40 -13 -30 , -7 -23 18 -5 -8 -12 , -2 -18 23 5 -30 15 , -32 12 -11 -14 13 -32 , 39 36 -36 0 7 -29 , 0.0058725026892115055 , 2
1.8388046690928703 , -3 -11 -33 -33 -21 -32 , 49 -5 5 0 22 27 , -15 14 -11 -9 13 -15 , -7 -31 31 0 -29 2 , 30 33 11 33 1 -10 , -30 6 -12 13 -23 -13 , -43 12 -6 -13 -1 -29 , -6 11 -14 9 -4 -1 , 39 36 -36 0 7 -29 , 0.0050209535612020838 , 0
1.8388046690928703 , -13 -27 4 -40 -57 -9 , 26 -6 6 0 9 15 , -18 11 -12 14 -21 1 , 16 -30 30 0 -16 14 , 27 -4 27 40 -13 -30 , -7 -23 18 -5 -8 -12 , -2 -18 23 5 -30 15 , -32 12 -11 -14 13 -32 , 39 36 -36 0 7 -29 , 0.0055693034493787411 , 1
1.8388046690928703 , -4 14 -24 -48 -24 0 , 21 -4 4 0 8 12 , -8 0 -14 28 -28 2 , 21 -32 32 0 -15 17 , 44 24 -14 48 24 -38 , 14 2 -23 19 8 -6 , -5 23 -2 -19 17 6 , -36 14 0 -28 16 -28 , 39 36 -36 0 7 -29 , 0.0057183974186822252 , 2
1.8412452451831007 , -13 -27 4 -40 -57 -9 , 26 -6 6 0 9 15 , -18 11 -12 14 -21 1 , 16 -30 30 0 -16 14 , 27 -4 27 40 -13 -30 , -7 -23 18 -5 -8 -12 , -2 -18 23 5 -30 15 , -32 12 -11 -14 13 -32 , 39 36 -36 0 7 -29 , 0.0052951815075831426 , 0
1.8412452451831007 , -3 -11 -33 -33 -21 -32 , 49 -5 5 0 22 27 , -15 14 -11 -9 13 -15 , -7 -31 31 0 -29 2 , 30 33 11 33 1 -10 , -30 6 -12 13 -23 -13 , -43 12 -6 -13 -1 -29 , -6 11 -14 9 -4 -1 , 39 36 -36 0 7 -29 , 0.005567375751118462 , 1
1.8412452451831007 , 5 4 -29 -41 -18 -9 , 30 5 -5 0 20 15 , -28 10 3 -30 22 -27 , 12 -41 41 0 -27 14 , 46 29 -4 41 20 -22 , 11 -3 -22 15 14 -17 , -4 22 3 -15 5 17 , 2 -3 -10 30 -30 12 , 39 36 -36 0 7 -29 , 0.0058638232568622934 , 2
1.8412452451831007 , -4 14 -24 -48 -24 0 , 21 -4 4 0 8 12 , -8 0 -14 28 -28 2 , 21 -32 32 0 -15 17 , 44 24 -14 48 24 -38 , 14 2 -23 19 8 -6 , -5 23 -2 -19 17 6 , -36 14 0 -28 16 -28 , 39 36 -36 0 7 -29 , 0.005973128098455115 , 3
1.8453072406360336 , 5 4 -29 -41 -18 -9 , 30 5 -5 0 20 15 , -28 10 3 -30 22 -27 , 12 -41 41 0 -27 14 , 46 29 -4 41 20 -22 , 11 -3 -22 15 14 -17 , -4 22 3 -15 5 17 , 2 -3 -10 30 -30 12 , 39 36 -36 0 7 -29 , 0.0051121963084980538 , 0
1.8453072406360336 , 7 -46 -36 -7 -33 -52 , 32 -21 21 0 0 21 , 5 -24 14 8 -16 0 , 10 -15 15 0 -7 8 , 14 36 46 7 -16 13 , -37 14 9 -34 13 -21 , -3 -9 -14 34 -30 -1 , -3 -14 24 -8 -14 8 , 39 36 -36 0 7 -29 , 0.0058214355733107606 , 1
1.8453072406360336 , -13 -27 4 -40 -57 -9 , 26 -6 6 0 9 15 , -18 11 -12 14 -21 1 , 16 -30 30 0 -16 14 , 27 -4 27 40 -13 -30 , -7 -23 18 -5 -8 -12 , -2 -18 23 5 -30 15 , -32 12 -11 -14 13 -32 , 39 36 -36 0 7 -29 , 0.0060240198672954952 , 2
1.8453072406360336 , 3 10 -20 -55 -13 -2 , 32 -21 21 0 0 21 , 8 3 14 -16 8 14 , 10 -15 15 0 -7 8 , 58 20 -10 55 18 -23 , -39 11 -2 -22 10 -31 , -17 2 -11 22 -29 -1 , 24 -14 -3 16 0 5 , 39 36 -36 0 7 -29 , 0.0063516983699789904 , 3
1.8457870852917628 , 5 4 -29 -41 -18 -9 , 30 5 -5 0 20 15 , -28 10 3 -30 22 -27 , 12 -41 41 0 -27 14 , 46 29 -4 41 20 -22 , 11 -3 -22 15 14 -17 , -4 22 3 -15 5 17 , 2 -3 -10 30 -30 12 , 39 36 -36 0 7 -29 , 0.0051234437777473701 , 0
1.8457870852917628 , 7 -46 -36 -7 -33 -52 , 32 -21 21 0 0 21 , 5 -24 14 8 -16 0 , 10 -15 15 0 -7 8 , 14 36 46 7 -16 13 , -37 14 9 -34 13 -21 , -3 -9 -14 34 -30 -1 , -3 -14 24 -8 -14 8 , 39 36 -36 0 7 -29 , 0.0058115391512888722 , 1
1.8457870852917628 , -13 -27 4 -40 -57 -9 , 26 -6 6 0 9 15 , -18 11 -12 14 -21 1 , 16 -30 30 0 -16 14 , 27 -4 27 40 -13 -30 , -7 -23 18 -5 -8 -12 , -2 -18 23 5 -30 15 , -32 12 -11 -14 13 -32 , 39 36 -36 0 7 -29 , 0.0061929845697943397 , 2
1.8457870852917628 , 3 10 -20 -55 -13 -2 , 32 -21 21 0 0 21 , 8 3 14 -16 8 14 , 10 -15 15 0 -7 8 , 58 20 -10 55 18 -23 , -39 11 -2 -22 10 -31 , -17 2 -11 22 -29 -1 , 24 -14 -3 16 0 5 , 39 36 -36 0 7 -29 , 0.0062225232408264731 , 3
1.848932188084426 , 5 4 -29 -41 -18 -9 , 30 5 -5 0 20 15 , -28 10 3 -30 22 -27 , 12 -41 41 0 -27 14 , 46 29 -4 41 20 -22 , 11 -3 -22 15 14 -17 , -4 22 3 -15 5 17 , 2 -3 -10 30 -30 12 , 39 36 -36 0 7 -29 , 0.0057187978212952283 , 0
1.848932188084426 , 3 10 -20 -55 -13 -2 , 32 -21 21 0 0 21 , 8 3 14 -16 8 14 , 10 -15 15 0 -7 8 , 58 20 -10 55 18 -23 , -39 11 -2 -22 10 -31 , -17 2 -11 22 -29 -1 , 24 -14 -3 16 0 5 , 39 36 -36 0 7 -29 , 0.0058115391512888618 , 1
1.848932188084426 , 7 -46 -36 -7 -33 -52 , 32 -21 21 0 0 21 , 5 -24 14 8 -16 0 , 10 -15 15 0 -7 8 , 14 36 46 7 -16 13 , -37 14 9 -34 13 -21 , -3 -9 -14 34 -30 -1 , -3 -14 24 -8 -14 8 , 39 36 -36 0 7 -29 , 0.0062225232408261296 , 2
1.857314026409589 , -22 -25 -22 -29 -45 -39 , 30 0 0 0 16 16 , 15 -29 34 -3 -18 18 , 12 -36 36 0 -23 13 , 7 22 25 29 -17 -20 , -14 -12 27 -16 -13 2 , 2 -27 12 16 -25 -1 , 18 -34 29 3 -16 11 , 39 36 -36 0 7 -29 , 0.0052127040635167278 , 0
1.8588162240579833 , -22 -25 -22 -29 -45 -39 , 30 0 0 0 16 16 , 15 -29 34 -3 -18 18 , 12 -36 36 0 -23 13 , 7 22 25 29 -17 -20 , -14 -12 27 -16 -13 2 , 2 -27 12 16 -25 -1 , 18 -34 29 3 -16 11 , 39 36 -36 0 7 -29 , 0.0051033311381640072 , 0
1.8636879194637546 , -22 -25 -22 -29 -45 -39 , 30 0 0 0 16 16 , 15 -29 34 -3 -18 18 , 12 -36 36 0 -23 13 , 7 22 25 29 -17 -20 , -14 -12 27 -16 -13 2 , 2 -27 12 16 -25 -1 , 18 -34 29 3 -16 11 , 39 36 -36 0 7 -29 , 0.0061571624980806903 , 0
1.8636879194637546 , -11 -26 -7 -29 -59 -11 , 30 0 0 0 16 16 , 34 -29 15 16 -11 18 , 12 -36 36 0 -23 13 , 18 7 26 29 -4 -33 , 14 12 -27 16 13 -2 , -2 27 -12 -16 25 1 , 18 -15 29 -16 3 18 , 39 36 -36 0 7 -29 , 0.0061603261210754759 , 1
1.8636879194637546 , -13 -26 3 -43 -52 -11 , 30 -5 5 0 12 17 , -14 9 -16 -12 28 -32 , 12 -31 31 0 -19 12 , 30 -3 26 43 -14 -26 , 28 -5 -17 27 -1 9 , 1 17 5 -27 26 4 , -2 16 -9 12 -16 19 , 39 36 -36 0 7 -29 , 0.0061970689639898862 , 2
1.8636879194637546 , 23 -10 -25 -18 -42 12 , 13 5 -5 0 11 6 , 4 12 -28 -6 43 -31 , 28 -6 6 0 10 16 , 41 25 10 18 37 -32 , 3 -1 33 -22 -9 29 , 25 -33 1 22 -4 -8 , 10 28 -12 6 -3 31 , 40 1 -1 0 -21 -22 , 0.0068473552976930164 , 3
1.8672341686030833 , -11 -26 -7 -29 -59 -11 , 30 0 0 0 16 16 , 34 -29 15 16 -11 18 , 12 -36 36 0 -23 13 , 18 7 26 29 -4 -33 , 14 12 -27 16 13 -2 , -2 27 -12 -16 25 1 , 18 -15 29 -16 3 18 , 39 36 -36 0 7 -29 , 0.0051897027695178097 , 0
1.8672341686030833 , 23 -10 -25 -18 -42 12 , 13 5 -5 0 11 6 , 4 12 -28 -6 43 -31 , 28 -6 6 0 10 16 , 41 25 10 18 37 -32 , 3 -1 33 -22 -9 29 , 25 -33 1 22 -4 -8 , 10 28 -12 6 -3 31 , 40 1 -1 0 -21 -22 , 0.006371684760952569 , 1
1.8685676071845727 , -11 -26 -7 -29 -59 -11 , 30 0 0 0 16 16 , 34 -29 15 16 -11 18 , 12 -36 36 0 -23 13 , 18 7 26 29 -4 -33 , 14 12 -27 16 13 -2 , -2 27 -12 -16 25 1 , 18 -15 29 -16 3 18 , 39 36 -36 0 7 -29 , 0.0051033311381640037 , 0
1.8721039282143888 , -11 -26 -7 -29 -59 -11 , 30 0 0 0 16 16 , 34 -29 15 16 -11 18 , 12 -36 36 0 -23 13 , 18 7 26 29 -4 -33 , 14 12 -27 16 13 -2 , -2 27 -12 -16 25 1 , 18 -15 29 -16 3 18 , 39 36 -36 0 7 -29 , 0.0056830228534193623 , 0
1.8774406591233683 , 14 -31 -60 7 -27 -49 , 28 -22 22 0 -3 19 , 22 -1 7 2 0 23 , 14 -14 14 0 -4 10 , 7 60 31 -7 11 4 , 33 -22 -7 37 -18 14 , -4 7 22 -37 21 4 , 20 -7 1 -2 16 1 , 39 36 -36 0 7 -29 , 0.0055853475177114588 , 0
1.877782822381808 , 14 -31 -60 7 -27 -49 , 28 -22 22 0 -3 19 , 22 -1 7 2 0 23 , 14 -14 14 0 -4 10 , 7 60 31 -7 11 4 , 33 -22 -7 37 -18 14 , -4 7 22 -37 21 4 , 20 -7 1 -2 16 1 , 39 36 -36 0 7 -29 , 0.0054905109449902333 , 0
1.8806816216828015 , 14 -31 -60 7 -27 -49 , 28 -22 22 0 -3 19 , 22 -1 7 2 0 23 , 14 -14 14 0 -4 10 , 7 60 31 -7 11 4 , 33 -22 -7 37 -18 14 , -4 7 22 -37 21 4 , 20 -7 1 -2 16 1 , 39 36 -36 0 7 -29 , 0.005093545606532488 , 0
1.8854697702905734 , -2 19 -32 -53 -8 -7 , 24 -18 18 0 -2 16 , -1 5 20 -29 14 8 , 18 -18 18 0 -5 13 , 51 32 -19 53 25 -27 , -23 -6 6 -17 9 -28 , -6 -6 6 17 -34 15 , 28 -20 -5 29 -12 9 , 39 36 -36 0 7 -29 , 0.0058745811584550219 , 0
1.8854697702905734 , 14 -31 -60 7 -27 -49 , 28 -22 22 0 -3 19 , 22 -1 7 2 0 23 , 14 -14 14 0 -4 10 , 7 60 31 -7 11 4 , 33 -22 -7 37 -18 14 , -4 7 22 -37 21 4 , 20 -7 1 -2 16 1 , 39 36 -36 0 7 -29 , 0.0061161544877241123 , 1
1.8854697702905734 , -4 -17 -7 -43 -39 -8 , 7 -39 39 0 -28 11 , 23 10 -9 9 5 21 , 35 3 -3 0 21 18 , 39 7 17 43 -1 -22 , -11 5 13 -32 23 -11 , 21 -13 -5 32 -24 18 , 14 9 -10 -9 30 -5 , 39 36 -36 0 7 -29 , 0.0065153817853082141 , 2
1.8854697702905734 , -4 -4 -49 -36 0 -48 , 31 8 -8 0 23 15 , 9 -22 17 16 -31 17 , 10 -9 9 0 -2 7 , 32 49 4 36 1 4 , 26 9 20 -21 14 36 , 47 -20 -9 21 16 5 , -7 -17 22 -16 0 -9 , 40 1 -1 0 -21 -22 , 0.0065246100458906551 , 3
1.8873367819337825 , -4 -17 -7 -43 -39 -8 , 7 -39 39 0 -28 11 , 23 10 -9 9 5 21 , 35 3 -3 0 21 18 , 39 7 17 43 -1 -22 , -11 5 13 -32 23 -11 , 21 -13 -5 32 -24 18 , 14 9 -10 -9 30 -5 , 39 36 -36 0 7 -29 , 0.005893052322414453 , 0
1.8873367819337825 , -2 19 -32 -53 -8 -7 , 24 -18 18 0 -2 16 , -1 5 20 -29 14 8 , 18 -18 18 0 -5 13 , 51 32 -19 53 25 -27 , -23 -6 6 -17 9 -28 , -6 -6 6 17 -34 15 , 28 -20 -5 29 -12 9 , 39 36 -36 0 7 -29 , 0.0060210929411864704 , 1
1.8873367819337825 , -4 -4 -49 -36 0 -48 , 31 8 -8 0 23 15 , 9 -22 17 16 -31 17 , 10 -9 9 0 -2 7 , 32 49 4 36 1 4 , 26 9 20 -21 14 36 , 47 -20 -9 21 16 5 , -7 -17 22 -16 0 -9 , 40 1 -1 0 -21 -22 , 0.0063896540669855974 , 2
1.8873367819337825 , 14 -31 -60 7 -27 -49 , 28 -22 22 0 -3 19 , 22 -1 7 2 0 23 , 14 -14 14 0 -4 10 , 7 60 31 -7 11 4 , 33 -22 -7 37 -18 14 , -4 7 22 -37 21 4 , 20 -7 1 -2 16 1 , 39 36 -36 0 7 -29 , 0.0069346730037152353 , 3
1.8905393903187486 , -4 -17 -7 -43 -39 -8 , 7 -39 39 0 -28 11 , 23 10 -9 9 5 21 , 35 3 -3 0 21 18 , 39 7 17 43 -1 -22 , -11 5 13 -32 23 -11 , 21 -13 -5 32 -24 18 , 14 9 -10 -9 30 -5 , 39 36 -36 0 7 -29 , 0.0054405641949853692 , 0
1.8905393903187486 , -24 -4 -22 -55 -18 -36 , 10 -9 9 0 -2 7 , 23 27 -16 8 7 32 , 31 8 -8 0 23 15 , 31 22 4 55 -14 -14 , 17 -9 22 0 -16 31 , 17 -22 9 0 9 -7 , 15 16 -27 -8 48 -20 , 40 1 -1 0 -21 -22 , 0.0065564695503501731 , 1
1.8905393903187486 , -4 -4 -49 -36 0 -48 , 31 8 -8 0 23 15 , 9 -22 17 16 -31 17 , 10 -9 9 0 -2 7 , 32 49 4 36 1 4 , 26 9 20 -21 14 36 , 47 -20 -9 21 16 5 , -7 -17 22 -16 0 -9 , 40 1 -1 0 -21 -22 , 0.0067790856227257865 , 2
1.8926176709355387 , -4 -17 -7 -43 -39 -8 , 7 -39 39 0 -28 11 , 23 10 -9 9 5 21 , 35 3 -3 0 21 18 , 39 7 17 43 -1 -22 , -11 5 13 -32 23 -11 , 21 -13 -5 32 -24 18 , 14 9 -10 -9 30 -5 , 39 36 -36 0 7 -29 , 0.0056355438396015044 , 0
1.8926176709355387 , -24 -4 -22 -55 -18 -36 , 10 -9 9 0 -2 7 , 23 27 -16 8 7 32 , 31 8 -8 0 23 15 , 31 22 4 55 -14 -14 , 17 -9 22 0 -16 31 , 17 -22 9 0 9 -7 , 15 16 -27 -8 48 -20 , 40 1 -1 0 -21 -22 , 0.006389654066985692 , 1
1.8926176709355387 , 26 -2 -38 -23 -20 1 , 12 -31 31 0 -19 12 , 26 4 -1 9 -1 27 , 30 -5 5 0 12 17 , 49 38 2 23 39 -18 , -26 16 -18 6 -7 -14 , -32 18 -16 -6 4 -23 , 17 1 -4 -9 28 -5 , 39 36 -36 0 7 -29 , 0.0068476016616485572 , 2
1.8967373901549307 , 5 15 -36 -38 -20 1 , 15 -27 27 0 -14 13 , 18 13 -19 17 2 15 , 27 -9 9 0 7 16 , 43 36 -15 38 37 -35 , -21 18 -10 5 -15 3 , -26 10 -18 -5 13 -33 , 1 19 -13 -17 34 -11 , 39 36 -36 0 7 -29 , 0.0057679097763373016 , 0
1.8967373901549307 , -1 -42 -17 -20 -46 -32 , 34 1 -1 0 19 18 , -20 3 -1 -21 21 -29 , 8 -37 37 0 -26 11 , 19 17 42 20 -15 -4 , -8 -16 5 18 -30 0 , -26 -5 16 -18 -5 -14 , 1 1 -3 21 -28 18 , 39 36 -36 0 7 -29 , 0.0059447801754075732 , 1
1.8967373901549307 , 26 -2 -38 -23 -20 1 , 12 -31 31 0 -19 12 , 26 4 -1 9 -1 27 , 30 -5 5 0 12 17 , 49 38 2 23 39 -18 , -26 16 -18 6 -7 -14 , -32 18 -16 -6 4 -23 , 17 1 -4 -9 28 -5 , 39 36 -36 0 7 -29 , 0.0061970689639898871 , 2
1.8967373901549307 , -4 -17 -7 -43 -39 -8 , 7 -39 39 0 -28 11 , 23 10 -9 9 5 21 , 35 3 -3 0 21 18 , 39 7 17 43 -1 -22 , -11 5 13 -32 23 -11 , 21 -13 -5 32 -24 18 , 14 9 -10 -9 30 -5 , 39 36 -36 0 7 -29 , 0.0069862179424223904 , 3
1.8967373901549307 , -24 -4 -22 -55 -18 -36 , 10 -9 9 0 -2 7 , 23 27 -16 8 7 32 , 31 8 -8 0 23 15 , 31 22 4 55 -14 -14 , 17 -9 22 0 -16 31 , 17 -22 9 0 9 -7 , 15 16 -27 -8 48 -20 , 40 1 -1 0 -21 -22 , 0.0070223696649162875 , 4
1.898358361596962 , 5 15 -36 -38 -20 1 , 15 -27 27 0 -14 13 , 18 13 -19 17 2 15 , 27 -9 9 0 7 16 , 43 36 -15 38 37 -35 , -21 18 -10 5 -15 3 , -26 10 -18 -5 13 -33 , 1 19 -13 -17 34 -11 , 39 36 -36 0 7 -29 , 0.0053082964612025697 , 0
1.898358361596962 , -1 -42 -17 -20 -46 -32 , 34 1 -1 0 19 18 , -20 3 -1 -21 21 -29 , 8 -37 37 0 -26 11 , 19 17 42 20 -15 -4 , -8 -16 5 18 -30 0 , -26 -5 16 -18 -5 -14 , 1 1 -3 21 -28 18 , 39 36 -36 0 7 -29 , 0.0058332361811371924 , 1
1.898358361596962 , 26 -2 -38 -23 -20 1 , 12 -31 31 0 -19 12 , 26 4 -1 9 -1 27 , 30 -5 5 0 12 17 , 49 38 2 23 39 -18 , -26 16 -18 6 -7 -14 , -32 18 -16 -6 4 -23 , 17 1 -4 -9 28 -5 , 39 36 -36 0 7 -29 , 0.0063021765522580939 , 2
1.900688456125078 , 5 15 -36 -38 -20 1 , 15 -27 27 0 -14 13 , 18 13 -19 17 2 15 , 27 -9 9 0 7 16 , 43 36 -15 38 37 -35 , -21 18 -10 5 -15 3 , -26 10 -18 -5 13 -33 , 1 19 -13 -17 34 -11 , 39 36 -36 0 7 -29 , 0.0050461223061359717 , 0
1.900688456125078 , -1 -42 -17 -20 -46 -32 , 34 1 -1 0 19 18 , -20 3 -1 -21 21 -29 , 8 -37 37 0 -26 11 , 19 17 42 20 -15 -4 , -8 -16 5 18 -30 0 , -26 -5 16 -18 -5 -14 , 1 1 -3 21 -28 18 , 39 36 -36 0 7 -29 , 0.0060614601809158355 , 1
1.9010378646608714 , 5 15 -36 -38 -20 1 , 15 -27 27 0 -14 13 , 18 13 -19 17 2 15 , 27 -9 9 0 7 16 , 43 36 -15 38 37 -35 , -21 18 -10 5 -15 3 , -26 10 -18 -5 13 -33 , 1 19 -13 -17 34 -11 , 39 36 -36 0 7 -29 , 0.0050521671873932725 , 0
1.9010378646608714 , -1 -42 -17 -20 -46 -32 , 34 1 -1 0 19 18 , -20 3 -1 -21 21 -29 , 8 -37 37 0 -26 11 , 19 17 42 20 -15 -4 , -8 -16 5 18 -30 0 , -26 -5 16 -18 -5 -14 , 1 1 -3 21 -28 18 , 39 36 -36 0 7 -29 , 0.0061332285636155866 , 1
1.9068115744658467 , -1 -38 -15 -20 -51 -23 , 35 3 -3 0 21 18 , -5 -13 21 -23 11 -11 , 7 -39 39 0 -28 11 , 19 15 38 20 -8 -13 , -14 -9 10 9 -30 5 , -23 -10 9 -9 -5 -21 , 18 -21 13 23 -32 24 , 39 36 -36 0 7 -29 , 0.0056353152405788781 , 0
1.9068115744658467 , 5 15 -36 -38 -20 1 , 15 -27 27 0 -14 13 , 18 13 -19 17 2 15 , 27 -9 9 0 7 16 , 43 36 -15 38 37 -35 , -21 18 -10 5 -15 3 , -26 10 -18 -5 13 -33 , 1 19 -13 -17 34 -11 , 39 36 -36 0 7 -29 , 0.0066490272179198706 , 1
1.9088886149767952 , -1 -38 -15 -20 -51 -23 , 35 3 -3 0 21 18 , -5 -13 21 -23 11 -11 , 7 -39 39 0 -28 11 , 19 15 38 20 -8 -13 , -14 -9 10 9 -30 5 , -23 -10 9 -9 -5 -21 , 18 -21 13 23 -32 24 , 39 36 -36 0 7 -29 , 0.0054405641949853778 , 0
1.915544180993086 , 30 -45 -44 1 -24 -39 , 18 -18 18 0 -5 13 , 17 -9 28 -6 -15 34 , 24 -18 18 0 -2 16 , 29 44 45 -1 5 21 , -6 23 -28 -3 27 -18 , -3 28 -23 3 10 4 , 23 -28 9 6 6 -6 , 39 36 -36 0 7 -29 , 0.0058826844454695623 , 0
1.915544180993086 , -1 -38 -15 -20 -51 -23 , 35 3 -3 0 21 18 , -5 -13 21 -23 11 -11 , 7 -39 39 0 -28 11 , 19 15 38 20 -8 -13 , -14 -9 10 9 -30 5 , -23 -10 9 -9 -5 -21 , 18 -21 13 23 -32 24 , 39 36 -36 0 7 -29 , 0.0071936014514800044 , 1
1.915544180993086 , 37 -14 -43 -18 -9 -11 , 21 -27 27 0 -11 16 , 0 18 -1 -1 -7 22 , 21 -9 9 0 4 13 , 55 43 14 18 32 5 , -5 -11 1 -13 22 -29 , 8 -1 11 13 -30 33 , 1 1 -18 1 23 -25 , 39 36 -36 0 7 -29 , 0.0072928810777141886 , 2
1.9159806968069943 , 30 -45 -44 1 -24 -39 , 18 -18 18 0 -5 13 , 17 -9 28 -6 -15 34 , 24 -18 18 0 -2 16 , 29 44 45 -1 5 21 , -6 23 -28 -3 27 -18 , -3 28 -23 3 10 4 , 23 -28 9 6 6 -6 , 39 36 -36 0 7 -29 , 0.00587458115845493 , 0
1.9159806968069943 , 37 -14 -43 -18 -9 -11 , 21 -27 27 0 -11 16 , 0 18 -1 -1 -7 22 , 21 -9 9 0 4 13 , 55 43 14 18 32 5 , -5 -11 1 -13 22 -29 , 8 -1 11 13 -30 33 , 1 1 -18 1 23 -25 , 39 36 -36 0 7 -29 , 0.0072994100081144458 , 1
1.9185267814666473 , 30 -45 -44 1 -24 -39 , 18 -18 18 0 -5 13 , 17 -9 28 -6 -15 34 , 24 -18 18 0 -2 16 , 29 44 45 -1 5 21 , -6 23 -28 -3 27 -18 , -3 28 -23 3 10 4 , 23 -28 9 6 6 -6 , 39 36 -36 0 7 -29 , 0.0061442622723617427 , 0
1.9185267814666473 , 19 -8 -48 -5 -35 -7 , 25 13 -13 0 24 11 , -30 11 -16 -4 6 -30 , 16 -14 14 0 -3 11 , 24 48 8 5 41 -27 , 8 27 0 -31 37 10 , 39 0 -27 31 10 10 , -26 16 -11 4 -14 -5 , 40 1 -1 0 -21 -22 , 0.0071677566572040064 , 1
1.9185267814666473 , 37 -14 -43 -18 -9 -11 , 21 -27 27 0 -11 16 , 0 18 -1 -1 -7 22 , 21 -9 9 0 4 13 , 55 43 14 18 32 5 , -5 -11 1 -13 22 -29 , 8 -1 11 13 -30 33 , 1 1 -18 1 23 -25 , 39 36 -36 0 7 -29 , 0.0075917073757799901 , 2
1.9284980958973508 , -27 -16 -15 -33 -57 -19 , 26 -6 6 0 9 15 , 18 -11 12 -14 21 -1 , 16 -30 30 0 -16 14 , 6 15 16 33 -4 -41 , 24 -1 7 -6 13 16 , 30 -7 1 6 9 14 , 32 -12 11 14 -13 32 , 39 36 -36 0 7 -29 , 0.0058525113873334946 , 0
1.9320231401375476 , -27 -16 -15 -33 -57 -19 , 26 -6 6 0 9 15 , 18 -11 12 -14 21 -1 , 16 -30 30 0 -16 14 , 6 15 16 33 -4 -41 , 24 -1 7 -6 13 16 , 30 -7 1 6 9 14 , 32 -12 11 14 -13 32 , 39 36 -36 0 7 -29 , 0.0052951815075831816 , 0
1.9320231401375476 , -6 15 -32 -47 -18 -6 , 12 -31 31 0 -19 12 , 0 23 -19 -13 33 -11 , 30 -5 5 0 12 17 , 41 32 -15 47 26 -33 , -32 23 -4 -26 16 -18 , -6 4 -23 26 -14 -7 , 13 19 -23 13 8 10 , 39 36 -36 0 7 -29 , 0.0063653914175662227 , 1
1.934079621675471 , -27 -16 -15 -33 -57 -19 , 26 -6 6 0 9 15 , 18 -11 12 -14 21 -1 , 16 -30 30 0 -16 14 , 6 15 16 33 -4 -41 , 24 -1 7 -6 13 16 , 30 -7 1 6 9 14 , 32 -12 11 14 -13 32 , 39 36 -36 0 7 -29 , 0.0054912199766376825 , 0
1.934079621675471 , -6 15 -32 -47 -18 -6 , 12 -31 31 0 -19 12 , 0 23 -19 -13 33 -11 , 30 -5 5 0 12 17 , 41 32 -15 47 26 -33 , -32 23 -4 -26 16 -18 , -6 4 -23 26 -14 -7 , 13 19 -23 13 8 10 , 39 36 -36 0 7 -29 , 0.0061970689639899365 , 1
1.9405930160957672 , 12 -3 -37 -38 -6 -19 , 34 1 -1 0 19 18 , -28 21 -21 1 1 -18 , 8 -37 37 0 -26 11 , 50 37 3 38 18 -3 , 26 5 -16 18 5 14 , 8 16 -5 -18 30 0 , -29 21 -21 -1 3 -20 , 39 36 -36 0 7 -29 , 0.0058332361811372158 , 0
1.9405930160957672 , 18 -30 -24 -8 -52 -2 , 45 -1 1 0 23 24 , 15 -8 0 12 -6 9 , 17 28 -28 0 32 4 , 26 24 30 8 22 -22 , -6 26 -30 6 14 -8 , -12 30 -26 -6 22 -12 , 3 0 8 -12 9 2 , 19 -27 27 0 -55 -28 , 0.0064756632960919353 , 1
1.9405930160957672 , 21 -15 -42 -10 -31 -10 , 16 24 -24 0 28 4 , 34 -34 15 15 -7 10 , 25 -25 25 0 -7 18 , 31 42 15 10 32 -16 , -21 10 25 -16 -26 25 , -5 -25 -10 16 0 -36 , 19 -15 34 -15 -5 27 , 40 1 -1 0 -21 -22 , 0.0068862772080664041 , 2
1.941360068549843 , 12 -3 -37 -38 -6 -19 , 34 1 -1 0 19 18 , -28 21 -21 1 1 -18 , 8 -37 37 0 -26 11 , 50 37 3 38 18 -3 , 26 5 -16 18 5 14 , 8 16 -5 -18 30 0 , -29 21 -21 -1 3 -20 , 39 36 -36 0 7 -29 , 0.0058583980297164445 , 0
1.941360068549843 , 18 -30 -24 -8 -52 -2 , 45 -1 1 0 23 24 , 15 -8 0 12 -6 9 , 17 28 -28 0 32 4 , 26 24 30 8 22 -22 , -6 26 -30 6 14 -8 , -12 30 -26 -6 22 -12 , 3 0 8 -12 9 2 , 19 -27 27 0 -55 -28 , 0.0061824161460722711 , 1
1.941360068549843 , 21 -15 -42 -10 -31 -10 , 16 24 -24 0 28 4 , 34 -34 15 15 -7 10 , 25 -25 25 0 -7 18 , 31 42 15 10 32 -16 , -21 10 25 -16 -26 25 , -5 -25 -10 16 0 -36 , 19 -15 34 -15 -5 27 , 40 1 -1 0 -21 -22 , 0.0068648839051581312 , 2
1.9458158082097379 , 18 -30 -24 -8 -52 -2 , 45 -1 1 0 23 24 , 15 -8 0 12 -6 9 , 17 28 -28 0 32 4 , 26 24 30 8 22 -22 , -6 26 -30 6 14 -8 , -12 30 -26 -6 22 -12 , 3 0 8 -12 9 2 , 19 -27 27 0 -55 -28 , 0.0053193536076352127 , 0
1.9597299843403897 , 11 -54 -33 5 -51 -38 , 24 -18 18 0 -2 16 , -3 27 -18 3 4 10 , 18 -18 18 0 -5 13 , 6 33 54 -5 -5 3 , 6 6 -6 -17 34 -15 , 23 6 -6 17 -9 28 , -6 18 -27 -3 28 -23 , 39 36 -36 0 7 -29 , 0.0061832663219268374 , 0
1.9597299843403897 , -8 -27 -37 -12 -44 -35 , 46 -9 9 0 17 26 , -17 10 -10 0 -1 -11 , -4 -27 27 0 -24 3 , 4 37 27 12 2 -17 , -45 22 0 -26 4 -20 , -19 0 -22 26 -20 -18 , -17 10 -10 0 -1 -11 , 39 36 -36 0 7 -29 , 0.0067351550513449635 , 1
1.9597299843403897 , -4 -35 -14 -19 -58 -15 , 40 -4 4 0 18 22 , 14 -10 17 -13 10 7 , 2 -32 32 0 -25 7 , 15 14 35 19 -1 -23 , 21 14 -9 13 -4 29 , 8 9 -14 -13 38 -18 , 27 -17 10 13 -10 20 , 39 36 -36 0 7 -29 , 0.0076090456964925512 , 2
1.962458390430688 , 11 -54 -33 5 -51 -38 , 24 -18 18 0 -2 16 , -3 27 -18 3 4 10 , 18 -18 18 0 -5 13 , 6 33 54 -5 -5 3 , 6 6 -6 -17 34 -15 , 23 6 -6 17 -9 28 , -6 18 -27 -3 28 -23 , 39 36 -36 0 7 -29 , 0.0058745811584550714 , 0
1.962458390430688 , -4 -35 -14 -19 -58 -15 , 40 -4 4 0 18 22 , 14 -10 17 -13 10 7 , 2 -32 32 0 -25 7 , 15 14 35 19 -1 -23 , 21 14 -9 13 -4 29 , 8 9 -14 -13 38 -18 , 27 -17 10 13 -10 20 , 39 36 -36 0 7 -29 , 0.0062861882025129923 , 1
1.962458390430688 , -8 -27 -37 -12 -44 -35 , 46 -9 9 0 17 26 , -17 10 -10 0 -1 -11 , -4 -27 27 0 -24 3 , 4 37 27 12 2 -17 , -45 22 0 -26 4 -20 , -19 0 -22 26 -20 -18 , -17 10 -10 0 -1 -11 , 39 36 -36 0 7 -29 , 0.0070060246993969228 , 2
1.9678312744494286 , -4 -35 -14 -19 -58 -15 , 40 -4 4 0 18 22 , 14 -10 17 -13 10 7 , 2 -32 32 0 -25 7 , 15 14 35 19 -1 -23 , 21 14 -9 13 -4 29 , 8 9 -14 -13 38 -18 , 27 -17 10 13 -10 20 , 39 36 -36 0 7 -29 , 0.0050082208123127117 , 0
1.9678312744494286 , -21 0 -41 -46 -8 -45 , 38 7 -7 0 26 19 , 9 -8 9 9 -17 17 , 24 20 -20 0 29 9 , 25 41 0 46 -4 -8 , 12 -30 21 8 -18 6 , 4 -21 30 -8 -15 12 , 0 -9 8 -9 8 -9 , 19 -27 27 0 -55 -28 , 0.0054028135960366066 , 1
1.9728922782048735 , -21 0 -41 -46 -8 -45 , 38 7 -7 0 26 19 , 9 -8 9 9 -17 17 , 24 20 -20 0 29 9 , 25 41 0 46 -4 -8 , 12 -30 21 8 -18 6 , 4 -21 30 -8 -15 12 , 0 -9 8 -9 8 -9 , 19 -27 27 0 -55 -28 , 0.0040476607819126351 , 0
1.9756910897000564 , -21 0 -41 -46 -8 -45 , 38 7 -7 0 26 19 , 9 -8 9 9 -17 17 , 24 20 -20 0 29 9 , 25 41 0 46 -4 -8 , 12 -30 21 8 -18 6 , 4 -21 30 -8 -15 12 , 0 -9 8 -9 8 -9 , 19 -27 27 0 -55 -28 , 0.0045055764485407044 , 0
1.9756910897000564 , -23 -22 -27 -24 -50 -32 , 40 -9 9 0 14 23 , 16 -8 14 -9 8 10 , 2 -27 27 0 -21 6 , 1 27 22 24 -5 -28 , 31 -7 17 -9 11 24 , 40 -17 7 9 7 18 , 25 -14 8 9 -4 16 , 39 36 -36 0 7 -29 , 0.0054904096202180895 , 1
1.9779434779507896 , -23 -22 -27 -24 -50 -32 , 40 -9 9 0 14 23 , 16 -8 14 -9 8 10 , 2 -27 27 0 -21 6 , 1 27 22 24 -5 -28 , 31 -7 17 -9 11 24 , 40 -17 7 9 7 18 , 25 -14 8 9 -4 16 , 39 36 -36 0 7 -29 , 0.005254329774468958 , 0
1.9779434779507896 , 19 -8 -37 -29 -14 -11 , 30 5 -5 0 20 15 , -30 12 -2 -27 22 -30 , 12 -41 41 0 -27 14 , 48 37 8 29 26 -6 , 21 7 -14 8 14 7 , 13 14 -7 -8 21 7 , -3 2 -12 27 -28 10 , 39 36 -36 0 7 -29 , 0.0053429712591487053 , 1
1.9779434779507896 , -21 0 -41 -46 -8 -45 , 38 7 -7 0 26 19 , 9 -8 9 9 -17 17 , 24 20 -20 0 29 9 , 25 41 0 46 -4 -8 , 12 -30 21 8 -18 6 , 4 -21 30 -8 -15 12 , 0 -9 8 -9 8 -9 , 19 -27 27 0 -55 -28 , 0.0053982242334719363 , 2
1.9801402025067316 , 19 -8 -37 -29 -14 -11 , 30 5 -5 0 20 15 , -30 12 -2 -27 22 -30 , 12 -41 41 0 -27 14 , 48 37 8 29 26 -6 , 21 7 -14 8 14 7 , 13 14 -7 -8 21 7 , -3 2 -12 27 -28 10 , 39 36 -36 0 7 -29 , 0.0051121963084980156 , 0
1.9801402025067316 , -23 -22 -27 -24 -50 -32 , 40 -9 9 0 14 23 , 16 -8 14 -9 8 10 , 2 -27 27 0 -21 6 , 1 27 22 24 -5 -28 , 31 -7 17 -9 11 24 , 40 -17 7 9 7 18 , 25 -14 8 9 -4 16 , 39 36 -36 0 7 -29 , 0.0054791213957679089 , 1
1.9801402025067316 , 11 -28 -24 -20 -39 -13 , 49 -5 5 0 22 27 , -14 11 -6 -13 15 -15 , -7 -31 31 0 -29 2 , 31 24 28 20 11 -11 , 35 -6 18 -1 -1 37 , 36 -18 6 1 19 5 , -1 6 -11 13 -9 4 , 39 36 -36 0 7 -29 , 0.0063685111603636159 , 2
1.9850899515591747 , 11 -28 -24 -20 -39 -13 , 49 -5 5 0 22 27 , -14 11 -6 -13 15 -15 , -7 -31 31 0 -29 2 , 31 24 28 20 11 -11 , 35 -6 18 -1 -1 37 , 36 -18 6 1 19 5 , -1 6 -11 13 -9 4 , 39 36 -36 0 7 -29 , 0.0049799130855980025 , 0
1.9850899515591747 , -18 -12 -13 -44 -41 -14 , 30 5 -5 0 20 15 , 28 -27 22 -2 3 10 , 12 -41 41 0 -27 14 , 26 13 12 44 -1 -29 , 13 14 -7 -8 21 7 , 21 7 -14 8 14 7 , 30 -22 27 2 -12 30 , 39 36 -36 0 7 -29 , 0.0051735397055541772 , 1
1.9850899515591747 , -19 -36 -21 -29 -41 -44 , 36 -10 10 0 11 21 , 16 -7 17 -12 8 13 , 6 -26 26 0 -18 8 , 10 21 36 29 -23 -5 , -4 25 -12 -25 39 -12 , 21 12 -25 25 0 14 , 28 -17 7 12 -4 15 , 39 36 -36 0 7 -29 , 0.0055643505132975538 , 2
1.9850899515591747 , 5 -41 -32 -4 -49 -30 , 34 1 -1 0 19 18 , 21 -28 18 20 -29 21 , 8 -37 37 0 -26 11 , 9 32 41 4 2 -8 , -26 7 4 -2 -20 0 , -24 -4 -7 2 -4 -27 , 1 -18 28 -20 3 -1 , 39 36 -36 0 7 -29 , 0.0058332361811371559 , 3
1.9850899515591747 , 19 -8 -37 -29 -14 -11 , 30 5 -5 0 20 15 , -30 12 -2 -27 22 -30 , 12 -41 41 0 -27 14 , 48 37 8 29 26 -6 , 21 7 -14 8 14 7 , 13 14 -7 -8 21 7 , -3 2 -12 27 -28 10 , 39 36 -36 0 7 -29 , 0.0061955234011064246 , 4
1.985798765530253 , 11 -28 -24 -20 -39 -13 , 49 -5 5 0 22 27 , -14 11 -6 -13 15 -15 , -7 -31 31 0 -29 2 , 31 24 28 20 11 -11 , 35 -6 18 -1 -1 37 , 36 -18 6 1 19 5 , -1 6 -11 13 -9 4 , 39 36 -36 0 7 -29 , 0.0049546267761837208 , 0
1.985798765530253 , -18 -12 -13 -44 -41 -14 , 30 5 -5 0 20 15 , 28 -27 22 -2 3 10 , 12 -41 41 0 -27 14 , 26 13 12 44 -1 -29 , 13 14 -7 -8 21 7 , 21 7 -14 8 14 7 , 30 -22 27 2 -12 30 , 39 36 -36 0 7 -29 , 0.0051205930600527819 , 1
1.985798765530253 , -19 -36 -21 -29 -41 -44 , 36 -10 10 0 11 21 , 16 -7 17 -12 8 13 , 6 -26 26 0 -18 8 , 10 21 36 29 -23 -5 , -4 25 -12 -25 39 -12 , 21 12 -25 25 0 14 , 28 -17 7 12 -4 15 , 39 36 -36 0 7 -29 , 0.0053547531751367665 , 2
1.985798765530253 , 5 -41 -32 -4 -49 -30 , 34 1 -1 0 19 18 , 21 -28 18 20 -29 21 , 8 -37 37 0 -26 11 , 9 32 41 4 2 -8 , -26 7 4 -2 -20 0 , -24 -4 -7 2 -4 -27 , 1 -18 28 -20 3 -1 , 39 36 -36 0 7 -29 , 0.0058547289944540452 , 3
1.986213307417752 , 11 -28 -24 -20 -39 -13 , 49 -5 5 0 22 27 , -14 11 -6 -13 15 -15 , -7 -31 31 0 -29 2 , 31 24 28 20 11 -11 , 35 -6 18 -1 -1 37 , 36 -18 6 1 19 5 , -1 6 -11 13 -9 4 , 39 36 -36 0 7 -29 , 0.004963290109936078 , 0
1.986213307417752 , -18 -12 -13 -44 -41 -14 , 30 5 -5 0 20 15 , 28 -27 22 -2 3 10 , 12 -41 41 0 -27 14 , 26 13 12 44 -1 -29 , 13 14 -7 -8 21 7 , 21 7 -14 8 14 7 , 30 -22 27 2 -12 30 , 39 36 -36 0 7 -29 , 0.0051121963084979774 , 1
1.986213307417752 , -19 -36 -21 -29 -41 -44 , 36 -10 10 0 11 21 , 16 -7 17 -12 8 13 , 6 -26 26 0 -18 8 , 10 21 36 29 -23 -5 , -4 25 -12 -25 39 -12 , 21 12 -25 25 0 14 , 28 -17 7 12 -4 15 , 39 36 -36 0 7 -29 , 0.0052504998630732982 , 2
1.986213307417752 , 5 -41 -32 -4 -49 -30 , 34 1 -1 0 19 18 , 21 -28 18 20 -29 21 , 8 -37 37 0 -26 11 , 9 32 41 4 2 -8 , -26 7 4 -2 -20 0 , -24 -4 -7 2 -4 -27 , 1 -18 28 -20 3 -1 , 39 36 -36 0 7 -29 , 0.005887071010981933 , 3
1.9886731649614384 , -19 -36 -21 -29 -41 -44 , 36 -10 10 0 11 21 , 16 -7 17 -12 8 13 , 6 -26 26 0 -18 8 , 10 21 36 29 -23 -5 , -4 25 -12 -25 39 -12 , 21 12 -25 25 0 14 , 28 -17 7 12 -4 15 , 39 36 -36 0 7 -29 , 0.0049540194701869029 , 0
1.9886731649614384 , 11 -28 -24 -20 -39 -13 , 49 -5 5 0 22 27 , -14 11 -6 -13 15 -15 , -7 -31 31 0 -29 2 , 31 24 28 20 11 -11 , 35 -6 18 -1 -1 37 , 36 -18 6 1 19 5 , -1 6 -11 13 -9 4 , 39 36 -36 0 7 -29 , 0.0053553150365504123 , 1
1.9886731649614384 , -18 -12 -13 -44 -41 -14 , 30 5 -5 0 20 15 , 28 -27 22 -2 3 10 , 12 -41 41 0 -27 14 , 26 13 12 44 -1 -29 , 13 14 -7 -8 21 7 , 21 7 -14 8 14 7 , 30 -22 27 2 -12 30 , 39 36 -36 0 7 -29 , 0.0053999990549486532 , 2
1.9886731649614384 , -8 -12 -35 -33 -23 -31 , 49 -5 5 0 22 27 , -4 9 -13 11 -6 1 , -7 -31 31 0 -29 2 , 25 35 12 33 4 -11 , 30 -13 -23 43 -12 6 , -13 23 13 -43 29 1 , -15 13 -9 -11 14 -15 , 39 36 -36 0 7 -29 , 0.0061670271448834744 , 3
1.9929089228373882 , -8 -12 -35 -33 -23 -31 , 49 -5 5 0 22 27 , -4 9 -13 11 -6 1 , -7 -31 31 0 -29 2 , 25 35 12 33 4 -11 , 30 -13 -23 43 -12 6 , -13 23 13 -43 29 1 , -15 13 -9 -11 14 -15 , 39 36 -36 0 7 -29 , 0.0050006540208471046 , 0
1.9929089228373882 , 23 -21 -45 -9 -25 -18 , 35 3 -3 0 21 18 , 23 -20 24 9 -23 31 , 7 -39 39 0 -28 11 , 32 45 21 9 27 -4 , 14 5 -30 23 10 -9 , -9 30 -5 -23 21 5 , 14 -24 20 -9 7 -3 , 39 36 -36 0 7 -29 , 0.005440564194985298 , 1
1.9929089228373882 , -19 -36 -21 -29 -41 -44 , 36 -10 10 0 11 21 , 16 -7 17 -12 8 13 , 6 -26 26 0 -18 8 , 10 21 36 29 -23 -5 , -4 25 -12 -25 39 -12 , 21 12 -25 25 0 14 , 28 -17 7 12 -4 15 , 39 36 -36 0 7 -29 , 0.0057890500445478216 , 2
1.993866226927671 , -8 -12 -35 -33 -23 -31 , 49 -5 5 0 22 27 , -4 9 -13 11 -6 1 , -7 -31 31 0 -29 2 , 25 35 12 33 4 -11 , 30 -13 -23 43 -12 6 , -13 23 13 -43 29 1 , -15 13 -9 -11 14 -15 , 39 36 -36 0 7 -29 , 0.0049546267761836965 , 0
1.993866226927671 , 23 -21 -45 -9 -25 -18 , 35 3 -3 0 21 18 , 23 -20 24 9 -23 31 , 7 -39 39 0 -28 11 , 32 45 21 9 27 -4 , 14 5 -30 23 10 -9 , -9 30 -5 -23 21 5 , 14 -24 20 -9 7 -3 , 39 36 -36 0 7 -29 , 0.0054825133220115429 , 1
1.993866226927671 , -19 -36 -21 -29 -41 -44 , 36 -10 10 0 11 21 , 16 -7 17 -12 8 13 , 6 -26 26 0 -18 8 , 10 21 36 29 -23 -5 , -4 25 -12 -25 39 -12 , 21 12 -25 25 0 14 , 28 -17 7 12 -4 15 , 39 36 -36 0 7 -29 , 0.0061665392438322933 , 2
1.996917449071589 , -8 -12 -35 -33 -23 -31 , 49 -5 5 0 22 27 , -4 9 -13 11 -6 1 , -7 -31 31 0 -29 2 , 25 35 12 33 4 -11 , 30 -13 -23 43 -12 6 , -13 23 13 -43 29 1 , -15 13 -9 -11 14 -15 , 39 36 -36 0 7 -29 , 0.0054040068080151264 , 0
1.996917449071589 , 23 -21 -45 -9 -25 -18 , 35 3 -3 0 21 18 , 23 -20 24 9 -23 31 , 7 -39 39 0 -28 11 , 32 45 21 9 27 -4 , 14 5 -30 23 10 -9 , -9 30 -5 -23 21 5 , 14 -24 20 -9 7 -3 , 39 36 -36 0 7 -29 , 0.0061346428209528257 , 1
1.996917449071589 , -1 -1 -10 -44 -42 15 , 27 -19 19 0 -1 18 , 3 7 7 4 -18 26 , 15 -17 17 0 -6 11 , 43 10 1 44 25 -41 , -36 13 -12 -7 1 -27 , -29 12 -13 7 -15 -12 , -1 -7 -7 -4 19 -25 , 39 36 -36 0 7 -29 , 0.006382462767192015 , 2
2.0102940896253516 , 25 -15 -30 -27 -20 -3 , 1 -29 29 0 -23 6 , 29 -6 12 -11 19 15 , 41 -7 7 0 16 23 , 52 30 15 27 27 -5 , -13 8 -11 11 -13 -2 , -24 11 -8 -11 9 -21 , 40 -12 6 11 3 25 , 39 36 -36 0 7 -29 , 0.0061105616542057898 , 0
2.0102940896253516 , -15 -4 -43 -34 -19 -36 , 13 32 -32 0 33 1 , 20 -11 27 -9 -6 28 , 49 -5 5 0 22 27 , 19 43 4 34 7 -15 , 5 -6 8 -4 1 3 , 9 -8 6 4 -5 7 , 29 -27 11 9 1 5 , 19 -27 27 0 -55 -28 , 0.0062871555684826204 , 1
2.0102940896253516 , 13 -26 -49 -12 -18 -38 , 30 5 -5 0 20 15 , -13 22 -18 13 -14 8 , 12 -41 41 0 -27 14 , 25 49 26 12 11 8 , 21 7 -14 8 14 7 , 13 14 -7 -8 21 7 , -26 18 -22 -13 26 -36 , 39 36 -36 0 7 -29 , 0.0067868813458256431 , 2
2.0102940896253516 , -21 -3 -11 -43 -52 2 , 27 -19 19 0 -1 18 , -1 -8 14 9 -29 19 , 15 -17 17 0 -6 11 , 22 11 3 43 13 -49 , -13 -1 -17 25 -22 -9 , -38 17 1 -25 8 -21 , -10 -14 8 -9 5 -21 , 39 36 -36 0 7 -29 , 0.0069774315234501791 , 3
2.0142812637868066 , -15 -4 -43 -34 -19 -36 , 13 32 -32 0 33 1 , 20 -11 27 -9 -6 28 , 49 -5 5 0 22 27 , 19 43 4 34 7 -15 , 5 -6 8 -4 1 3 , 9 -8 6 4 -5 7 , 29 -27 11 9 1 5 , 19 -27 27 0 -55 -28 , 0.0041327188150676285 , 0
2.0166071384831303 , -15 -4 -43 -34 -19 -36 , 13 32 -32 0 33 1 , 20 -11 27 -9 -6 28 , 49 -5 5 0 22 27 , 19 43 4 34 7 -15 , 5 -6 8 -4 1 3 , 9 -8 6 4 -5 7 , 29 -27 11 9 1 5 , 19 -27 27 0 -55 -28 , 0.0033653619230333089 , 0
2.017917985845 , -15 -4 -43 -34 -19 -36 , 13 32 -32 0 33 1 , 20 -11 27 -9 -6 28 , 49 -5 5 0 22 27 , 19 43 4 34 7 -15 , 5 -6 8 -4 1 3 , 9 -8 6 4 -5 7 , 29 -27 11 9 1 5 , 19 -27 27 0 -55 -28 , 0.0032351973087222704 , 0
2.021025280487815 , -15 -4 -43 -34 -19 -36 , 13 32 -32 0 33 1 , 20 -11 27 -9 -6 28 , 49 -5 5 0 22 27 , 19 43 4 34 7 -15 , 5 -6 8 -4 1 3 , 9 -8 6 4 -5 7 , 29 -27 11 9 1 5 , 19 -27 27 0 -55 -28 , 0.0039107715771654998 , 0
2.0230860769447228 , -15 -4 -43 -34 -19 -36 , 13 32 -32 0 33 1 , 20 -11 27 -9 -6 28 , 49 -5 5 0 22 27 , 19 43 4 34 7 -15 , 5 -6 8 -4 1 3 , 9 -8 6 4 -5 7 , 29 -27 11 9 1 5 , 19 -27 27 0 -55 -28 , 0.0048806822787150336 , 0
2.0230860769447228 , -5 -6 -5 -45 -47 14 , 20 -24 24 0 -9 15 , 2 -12 32 -13 -16 21 , 22 -12 12 0 2 14 , 40 5 6 45 19 -41 , -8 -3 -13 26 -25 -2 , -34 13 3 -26 11 -22 , 15 -32 12 13 -11 -4 , 39 36 -36 0 7 -29 , 0.0057432234793986809 , 1
2.027502329849473 , 4 -30 -14 -42 -22 -24 , 45 -1 1 0 23 24 , 0 -8 15 -9 -2 3 , 17 28 -28 0 32 4 , 46 14 30 42 -10 8 , -32 18 -10 -10 2 -18 , -22 10 -18 10 -8 -16 , 9 -15 8 9 -12 6 , 19 -27 27 0 -55 -28 , 0.0053228744093681678 , 0
2.027502329849473 , -9 -40 -17 -28 -41 -35 , 41 -7 7 0 16 23 , 8 -13 2 21 -24 11 , 1 -29 29 0 -23 6 , 19 17 40 28 -18 -1 , -11 -25 29 -16 -7 -11 , 5 -29 25 16 -40 18 , -13 -2 13 -21 9 -11 , 39 36 -36 0 7 -29 , 0.006110561654205776 , 1
2.027776079337167 , 4 -30 -14 -42 -22 -24 , 45 -1 1 0 23 24 , 0 -8 15 -9 -2 3 , 17 28 -28 0 32 4 , 46 14 30 42 -10 8 , -32 18 -10 -10 2 -18 , -22 10 -18 10 -8 -16 , 9 -15 8 9 -12 6 , 19 -27 27 0 -55 -28 , 0.0053193536076351893 , 0
2.027776079337167 , -9 -40 -17 -28 -41 -35 , 41 -7 7 0 16 23 , 8 -13 2 21 -24 11 , 1 -29 29 0 -23 6 , 19 17 40 28 -18 -1 , -11 -25 29 -16 -7 -11 , 5 -29 25 16 -40 18 , -13 -2 13 -21 9 -11 , 39 36 -36 0 7 -29 , 0.0061136268193220161 , 1
2.03065995587919 , 4 -30 -14 -42 -22 -24 , 45 -1 1 0 23 24 , 0 -8 15 -9 -2 3 , 17 28 -28 0 32 4 , 46 14 30 42 -10 8 , -32 18 -10 -10 2 -18 , -22 10 -18 10 -8 -16 , 9 -15 8 9 -12 6 , 19 -27 27 0 -55 -28 , 0.0056968298249273066 , 0
2.03065995587919 , 9 7 -42 -39 -6 -11 , 1 -19 19 0 -15 4 , -17 5 -31 27 -11 -23 , 41 -17 17 0 8 25 , 48 42 -7 39 31 -13 , 5 12 -7 3 1 11 , 2 7 -12 -3 18 -11 , -44 31 -5 -27 8 -16 , 39 36 -36 0 7 -29 , 0.0062273646812391224 , 1
2.03065995587919 , -9 -40 -17 -28 -41 -35 , 41 -7 7 0 16 23 , 8 -13 2 21 -24 11 , 1 -29 29 0 -23 6 , 19 17 40 28 -18 -1 , -11 -25 29 -16 -7 -11 , 5 -29 25 16 -40 18 , -13 -2 13 -21 9 -11 , 39 36 -36 0 7 -29 , 0.0065057076876709093 , 2
2.03065995587919 , 3 -26 -14 -17 -63 6 , 10 -4 4 0 2 6 , 37 -27 -6 15 19 -11 , 31 3 -3 0 19 16 , 20 14 26 17 20 -37 , 25 2 -12 21 -4 19 , 4 12 -2 -21 31 -6 , 22 6 27 -15 -5 46 , 40 1 -1 0 -21 -22 , 0.0066633896897625791 , 3
2.035610769049511 , 9 7 -42 -39 -6 -11 , 1 -19 19 0 -15 4 , -17 5 -31 27 -11 -23 , 41 -17 17 0 8 25 , 48 42 -7 39 31 -13 , 5 12 -7 3 1 11 , 2 7 -12 -3 18 -11 , -44 31 -5 -27 8 -16 , 39 36 -36 0 7 -29 , 0.0051502276933063848 , 0
2.042346964860569 , 21 -31 -49 -11 -13 -38 , 1 -19 19 0 -15 4 , 24 12 -21 27 -7 24 , 41 -17 17 0 8 25 , 32 49 31 11 11 18 , 6 -17 5 5 -2 -7 , 1 -5 17 -5 -12 15 , -3 21 -12 -27 45 -19 , 39 36 -36 0 7 -29 , 0.0059262578318119161 , 0
2.042346964860569 , -3 -26 -26 -38 -18 -36 , 46 -3 3 0 22 25 , 2 10 -12 9 -2 5 , -5 2 -2 0 -1 -3 , 35 26 26 38 -10 8 , 53 -34 -9 36 3 5 , 17 9 34 -36 14 37 , -7 12 -10 -9 17 -12 , 40 1 -1 0 -21 -22 , 0.0064444032419758894 , 1
2.042346964860569 , -13 -3 -22 -38 -41 -4 , 34 1 -1 0 19 18 , 19 -17 20 13 -28 31 , 8 -37 37 0 -26 11 , 25 22 3 38 18 -38 , -8 -16 5 18 -30 0 , -26 -5 16 -18 -5 -14 , 6 -20 17 -13 11 -11 , 39 36 -36 0 7 -29 , 0.0065316232325977634 , 2
2.042346964860569 , 9 7 -42 -39 -6 -11 , 1 -19 19 0 -15 4 , -17 5 -31 27 -11 -23 , 41 -17 17 0 8 25 , 48 42 -7 39 31 -13 , 5 12 -7 3 1 11 , 2 7 -12 -3 18 -11 , -44 31 -5 -27 8 -16 , 39 36 -36 0 7 -29 , 0.0070151913710543119 , 3
2.046493221079219 , 21 -31 -49 -11 -13 -38 , 1 -19 19 0 -15 4 , 24 12 -21 27 -7 24 , 41 -17 17 0 8 25 , 32 49 31 11 11 18 , 6 -17 5 5 -2 -7 , 1 -5 17 -5 -12 15 , -3 21 -12 -27 45 -19 , 39 36 -36 0 7 -29 , 0.0051502276933063145 , 0
2.046493221079219 , -13 -3 -22 -38 -41 -4 , 34 1 -1 0 19 18 , 19 -17 20 13 -28 31 , 8 -37 37 0 -26 11 , 25 22 3 38 18 -38 , -8 -16 5 18 -30 0 , -26 -5 16 -18 -5 -14 , 6 -20 17 -13 11 -11 , 39 36 -36 0 7 -29 , 0.0058332401184968954 , 1
2.046493221079219 , 34 -22 -57 0 -17 -20 , 14 -19 19 0 -8 11 , 27 -30 0 34 -22 8 , 28 -17 17 0 1 18 , 34 57 22 0 37 5 , -21 19 -5 -3 -10 4 , -18 5 -19 3 9 -29 , -7 0 30 -34 8 8 , 39 36 -36 0 7 -29 , 0.0059747674739048075 , 2
2.0465028060011003 , 21 -31 -49 -11 -13 -38 , 1 -19 19 0 -15 4 , 24 12 -21 27 -7 24 , 41 -17 17 0 8 25 , 32 49 31 11 11 18 , 6 -17 5 5 -2 -7 , 1 -5 17 -5 -12 15 , -3 21 -12 -27 45 -19 , 39 36 -36 0 7 -29 , 0.0051502321528353722 , 0
2.0465028060011003 , -13 -3 -22 -38 -41 -4 , 34 1 -1 0 19 18 , 19 -17 20 13 -28 31 , 8 -37 37 0 -26 11 , 25 22 3 38 18 -38 , -8 -16 5 18 -30 0 , -26 -5 16 -18 -5 -14 , 6 -20 17 -13 11 -11 , 39 36 -36 0 7 -29 , 0.0058332361811371759 , 1
2.0465028060011003 , 34 -22 -57 0 -17 -20 , 14 -19 19 0 -8 11 , 27 -30 0 34 -22 8 , 28 -17 17 0 1 18 , 34 57 22 0 37 5 , -21 19 -5 -3 -10 4 , -18 5 -19 3 9 -29 , -7 0 30 -34 8 8 , 39 36 -36 0 7 -29 , 0.005971281865195687 , 2
2.0478754888467106 , 21 -31 -49 -11 -13 -38 , 1 -19 19 0 -15 4 , 24 12 -21 27 -7 24 , 41 -17 17 0 8 25 , 32 49 31 11 11 18 , 6 -17 5 5 -2 -7 , 1 -5 17 -5 -12 15 , -3 21 -12 -27 45 -19 , 39 36 -36 0 7 -29 , 0.0052421535593675751 , 0
2.0478754888467106 , 34 -22 -57 0 -17 -20 , 14 -19 19 0 -8 11 , 27 -30 0 34 -22 8 , 28 -17 17 0 1 18 , 34 57 22 0 37 5 , -21 19 -5 -3 -10 4 , -18 5 -19 3 9 -29 , -7 0 30 -34 8 8 , 39 36 -36 0 7 -29 , 0.0055354889908211359 , 1
2.0478754888467106 , -13 -3 -22 -38 -41 -4 , 34 1 -1 0 19 18 , 19 -17 20 13 -28 31 , 8 -37 37 0 -26 11 , 25 22 3 38 18 -38 , -8 -16 5 18 -30 0 , -26 -5 16 -18 -5 -14 , 6 -20 17 -13 11 -11 , 39 36 -36 0 7 -29 , 0.0059134396318897137 , 2
2.0478754888467106 , -1 -40 -48 -6 -29 -55 , 29 -25 25 0 -5 20 , 15 7 1 2 0 21 , 13 -11 11 0 -2 9 , 5 48 40 6 -7 11 , 41 -27 11 16 -3 18 , 25 -11 27 -16 7 24 , 13 -1 -7 -2 20 -7 , 39 36 -36 0 7 -29 , 0.0061925944657744937 , 3
2.050842277619226 , 34 -22 -57 0 -17 -20 , 14 -19 19 0 -8 11 , 27 -30 0 34 -22 8 , 28 -17 17 0 1 18 , 34 57 22 0 37 5 , -21 19 -5 -3 -10 4 , -18 5 -19 3 9 -29 , -7 0 30 -34 8 8 , 39 36 -36 0 7 -29 , 0.0051225713015233525 , 0
2.050842277619226 , -1 -40 -48 -6 -29 -55 , 29 -25 25 0 -5 20 , 15 7 1 2 0 21 , 13 -11 11 0 -2 9 , 5 48 40 6 -7 11 , 41 -27 11 16 -3 18 , 25 -11 27 -16 7 24 , 13 -1 -7 -2 20 -7 , 39 36 -36 0 7 -29 , 0.0053640623430390886 , 1
2.050842277619226 , 10 -26 -27 -19 -39 -11 , 49 -5 5 0 22 27 , 9 -4 -1 15 -15 13 , -7 -31 31 0 -29 2 , 29 27 26 19 16 -13 , -17 7 -33 7 21 -43 , -24 33 -7 -7 -10 14 , -6 1 4 -15 14 -11 , 39 36 -36 0 7 -29 , 0.0057067660936198864 , 2
2.050842277619226 , 21 -31 -49 -11 -13 -38 , 1 -19 19 0 -15 4 , 24 12 -21 27 -7 24 , 41 -17 17 0 8 25 , 32 49 31 11 11 18 , 6 -17 5 5 -2 -7 , 1 -5 17 -5 -12 15 , -3 21 -12 -27 45 -19 , 39 36 -36 0 7 -29 , 0.0059984959989333167 , 3
2.0525863129687725 , 10 -26 -27 -19 -39 -11 , 49 -5 5 0 22 27 , 9 -4 -1 15 -15 13 , -7 -31 31 0 -29 2 , 29 27 26 19 16 -13 , -17 7 -33 7 21 -43 , -24 33 -7 -7 -10 14 , -6 1 4 -15 14 -11 , 39 36 -36 0 7 -29 , 0.0052061175228384432 , 0
2.0525863129687725 , -1 -40 -48 -6 -29 -55 , 29 -25 25 0 -5 20 , 15 7 1 2 0 21 , 13 -11 11 0 -2 9 , 5 48 40 6 -7 11 , 41 -27 11 16 -3 18 , 25 -11 27 -16 7 24 , 13 -1 -7 -2 20 -7 , 39 36 -36 0 7 -29 , 0.0052203774733190766 , 1
2.0525863129687725 , 34 -22 -57 0 -17 -20 , 14 -19 19 0 -8 11 , 27 -30 0 34 -22 8 , 28 -17 17 0 1 18 , 34 57 22 0 37 5 , -21 19 -5 -3 -10 4 , -18 5 -19 3 9 -29 , -7 0 30 -34 8 8 , 39 36 -36 0 7 -29 , 0.0052689240818102022 , 2
2.0525863129687725 , -7 -8 -46 -19 -32 -25 , 48 -7 7 0 20 27 , 5 4 -11 -1 17 -10 , 14 34 -34 0 35 1 , 12 46 8 19 21 -24 , -10 -6 8 -19 16 -20 , 9 -8 6 19 -28 22 , 6 11 -4 1 1 13 , 19 -27 27 0 -55 -28 , 0.0063447510622135312 , 3
2.0528972573033855 , 10 -26 -27 -19 -39 -11 , 49 -5 5 0 22 27 , 9 -4 -1 15 -15 13 , -7 -31 31 0 -29 2 , 29 27 26 19 16 -13 , -17 7 -33 7 21 -43 , -24 33 -7 -7 -10 14 , -6 1 4 -15 14 -11 , 39 36 -36 0 7 -29 , 0.0051428648396361284 , 0
2.0528972573033855 , -1 -40 -48 -6 -29 -55 , 29 -25 25 0 -5 20 , 15 7 1 2 0 21 , 13 -11 11 0 -2 9 , 5 48 40 6 -7 11 , 41 -27 11 16 -3 18 , 25 -11 27 -16 7 24 , 13 -1 -7 -2 20 -7 , 39 36 -36 0 7 -29 , 0.0052250056432826533 , 1
2.0528972573033855 , 34 -22 -57 0 -17 -20 , 14 -19 19 0 -8 11 , 27 -30 0 34 -22 8 , 28 -17 17 0 1 18 , 34 57 22 0 37 5 , -21 19 -5 -3 -10 4 , -18 5 -19 3 9 -29 , -7 0 30 -34 8 8 , 39 36 -36 0 7 -29 , 0.0053246783872778853 , 2
2.0528972573033855 , -7 -8 -46 -19 -32 -25 , 48 -7 7 0 20 27 , 5 4 -11 -1 17 -10 , 14 34 -34 0 35 1 , 12 46 8 19 21 -24 , -10 -6 8 -19 16 -20 , 9 -8 6 19 -28 22 , 6 11 -4 1 1 13 , 19 -27 27 0 -55 -28 , 0.0063409402516287567 , 3
2.0548469948519976 , 10 -26 -27 -19 -39 -11 , 49 -5 5 0 22 27 , 9 -4 -1 15 -15 13 , -7 -31 31 0 -29 2 , 29 27 26 19 16 -13 , -17 7 -33 7 21 -43 , -24 33 -7 -7 -10 14 , -6 1 4 -15 14 -11 , 39 36 -36 0 7 -29 , 0.0049546267761837199 , 0
2.0548469948519976 , -1 -40 -48 -6 -29 -55 , 29 -25 25 0 -5 20 , 15 7 1 2 0 21 , 13 -11 11 0 -2 9 , 5 48 40 6 -7 11 , 41 -27 11 16 -3 18 , 25 -11 27 -16 7 24 , 13 -1 -7 -2 20 -7 , 39 36 -36 0 7 -29 , 0.0054596403184496815 , 1
2.0548469948519976 , 34 -22 -57 0 -17 -20 , 14 -19 19 0 -8 11 , 27 -30 0 34 -22 8 , 28 -17 17 0 1 18 , 34 57 22 0 37 5 , -21 19 -5 -3 -10 4 , -18 5 -19 3 9 -29 , -7 0 30 -34 8 8 , 39 36 -36 0 7 -29 , 0.0058531688940598519 , 2
2.055665344971374 , 10 -26 -27 -19 -39 -11 , 49 -5 5 0 22 27 , 9 -4 -1 15 -15 13 , -7 -31 31 0 -29 2 , 29 27 26 19 16 -13 , -17 7 -33 7 21 -43 , -24 33 -7 -7 -10 14 , -6 1 4 -15 14 -11 , 39 36 -36 0 7 -29 , 0.0049883037114227492 , 0
2.055665344971374 , -1 -40 -48 -6 -29 -55 , 29 -25 25 0 -5 20 , 15 7 1 2 0 21 , 13 -11 11 0 -2 9 , 5 48 40 6 -7 11 , 41 -27 11 16 -3 18 , 25 -11 27 -16 7 24 , 13 -1 -7 -2 20 -7 , 39 36 -36 0 7 -29 , 0.005656194949343718 , 1
2.055665344971374 , -5 -38 -31 -12 -46 -34 , 30 5 -5 0 20 15 , -12 30 -30 10 3 -2 , 12 -41 41 0 -27 14 , 7 31 38 12 -3 -8 , 14 11 -17 1 23 -3 , 13 17 -11 -1 14 12 , -22 30 -30 -10 28 -27 , 39 36 -36 0 7 -29 , 0.0061521000679147448 , 2
2.055665344971374 , 34 -22 -57 0 -17 -20 , 14 -19 19 0 -8 11 , 27 -30 0 34 -22 8 , 28 -17 17 0 1 18 , 34 57 22 0 37 5 , -21 19 -5 -3 -10 4 , -18 5 -19 3 9 -29 , -7 0 30 -34 8 8 , 39 36 -36 0 7 -29 , 0.0061539970596503121 , 3
2.060505557875519 , -5 -38 -31 -12 -46 -34 , 30 5 -5 0 20 15 , -12 30 -30 10 3 -2 , 12 -41 41 0 -27 14 , 7 31 38 12 -3 -8 , 14 11 -17 1 23 -3 , 13 17 -11 -1 14 12 , -22 30 -30 -10 28 -27 , 39 36 -36 0 7 -29 , 0.0051121963084980477 , 0
2.060505557875519 , -6 -22 -7 -41 -43 -5 , 35 3 -3 0 21 18 , -8 -8 21 -27 13 -10 , 7 -39 39 0 -28 11 , 35 7 22 41 2 -21 , -9 -14 -5 21 -23 -10 , -30 5 14 -21 -5 -9 , 19 -21 8 27 -31 21 , 39 36 -36 0 7 -29 , 0.0061975883757700882 , 1
2.060505557875519 , 10 -26 -27 -19 -39 -11 , 49 -5 5 0 22 27 , 9 -4 -1 15 -15 13 , -7 -31 31 0 -29 2 , 29 27 26 19 16 -13 , -17 7 -33 7 21 -43 , -24 33 -7 -7 -10 14 , -6 1 4 -15 14 -11 , 39 36 -36 0 7 -29 , 0.0063685111603626705 , 2
2.0647032725701093 , -6 -22 -7 -41 -43 -5 , 35 3 -3 0 21 18 , -8 -8 21 -27 13 -10 , 7 -39 39 0 -28 11 , 35 7 22 41 2 -21 , -9 -14 -5 21 -23 -10 , -30 5 14 -21 -5 -9 , 19 -21 8 27 -31 21 , 39 36 -36 0 7 -29 , 0.0054405641949853683 , 0
2.0647032725701093 , -5 -38 -31 -12 -46 -34 , 30 5 -5 0 20 15 , -12 30 -30 10 3 -2 , 12 -41 41 0 -27 14 , 7 31 38 12 -3 -8 , 14 11 -17 1 23 -3 , 13 17 -11 -1 14 12 , -22 30 -30 -10 28 -27 , 39 36 -36 0 7 -29 , 0.0059114229796862691 , 1
2.0647032725701093 , 21 -10 -63 -14 -1 -33 , 13 -11 11 0 -2 9 , 25 -11 27 -16 7 24 , 29 -25 25 0 -5 20 , 35 63 10 14 30 9 , 7 -20 2 7 1 -13 , 0 -2 20 -7 -15 21 , 41 -27 11 16 -3 18 , 39 36 -36 0 7 -29 , 0.0064627530413836507 , 2
2.0700912033544583 , 21 -10 -63 -14 -1 -33 , 13 -11 11 0 -2 9 , 25 -11 27 -16 7 24 , 29 -25 25 0 -5 20 , 35 63 10 14 30 9 , 7 -20 2 7 1 -13 , 0 -2 20 -7 -15 21 , 41 -27 11 16 -3 18 , 39 36 -36 0 7 -29 , 0.0052203774733191278 , 0
2.0700912033544583 , -14 -45 -28 -20 -39 -51 , 14 -19 19 0 -8 11 , -34 8 8 -27 8 -22 , 28 -17 17 0 1 18 , 6 28 45 20 -23 6 , -21 19 -5 -3 -10 4 , -18 5 -19 3 9 -29 , -7 -8 -8 27 -30 0 , 39 36 -36 0 7 -29 , 0.0055967848763090501 , 1
2.0732797086619983 , -14 -45 -28 -20 -39 -51 , 14 -19 19 0 -8 11 , -34 8 8 -27 8 -22 , 28 -17 17 0 1 18 , 6 28 45 20 -23 6 , -21 19 -5 -3 -10 4 , -18 5 -19 3 9 -29 , -7 -8 -8 27 -30 0 , 39 36 -36 0 7 -29 , 0.0051225713015232519 , 0
2.0732797086619983 , 21 -10 -63 -14 -1 -33 , 13 -11 11 0 -2 9 , 25 -11 27 -16 7 24 , 29 -25 25 0 -5 20 , 35 63 10 14 30 9 , 7 -20 2 7 1 -13 , 0 -2 20 -7 -15 21 , 41 -27 11 16 -3 18 , 39 36 -36 0 7 -29 , 0.0056864403532311501 , 1
2.0744716867888657 , -14 -45 -28 -20 -39 -51 , 14 -19 19 0 -8 11 , -34 8 8 -27 8 -22 , 28 -17 17 0 1 18 , 6 28 45 20 -23 6 , -21 19 -5 -3 -10 4 , -18 5 -19 3 9 -29 , -7 -8 -8 27 -30 0 , 39 36 -36 0 7 -29 , 0.0051914487538403239 , 0
2.0744716867888657 , 21 -10 -63 -14 -1 -33 , 13 -11 11 0 -2 9 , 25 -11 27 -16 7 24 , 29 -25 25 0 -5 20 , 35 63 10 14 30 9 , 7 -20 2 7 1 -13 , 0 -2 20 -7 -15 21 , 41 -27 11 16 -3 18 , 39 36 -36 0 7 -29 , 0.0060701415751957394 , 1
2.0744716867888657 , 18 -24 -57 8 -37 -22 , 13 5 -5 0 11 6 , 28 10 -31 31 4 12 , 28 -6 6 0 10 16 , 10 57 24 -8 35 -13 , -20 -4 -18 15 -7 -29 , -35 18 4 -15 -11 -3 , -3 31 -10 -31 43 -6 , 40 1 -1 0 -21 -22 , 0.0064173977479282359 , 2
2.075553010188375 , -14 -45 -28 -20 -39 -51 , 14 -19 19 0 -8 11 , -34 8 8 -27 8 -22 , 28 -17 17 0 1 18 , 6 28 45 20 -23 6 , -21 19 -5 -3 -10 4 , -18 5 -19 3 9 -29 , -7 -8 -8 27 -30 0 , 39 36 -36 0 7 -29 , 0.005368861829904952 , 0
2.075553010188375 , 18 -24 -57 8 -37 -22 , 13 5 -5 0 11 6 , 28 10 -31 31 4 12 , 28 -6 6 0 10 16 , 10 57 24 -8 35 -13 , -20 -4 -18 15 -7 -29 , -35 18 4 -15 -11 -3 , -3 31 -10 -31 43 -6 , 40 1 -1 0 -21 -22 , 0.0063716847609525083 , 1
2.075553010188375 , 21 -10 -63 -14 -1 -33 , 13 -11 11 0 -2 9 , 25 -11 27 -16 7 24 , 29 -25 25 0 -5 20 , 35 63 10 14 30 9 , 7 -20 2 7 1 -13 , 0 -2 20 -7 -15 21 , 41 -27 11 16 -3 18 , 39 36 -36 0 7 -29 , 0.0064936848366715797 , 2
2.0820133735140933 , -7 -2 -15 -44 -39 7 , 1 -19 19 0 -15 4 , 17 -5 31 -27 11 23 , 41 -17 17 0 8 25 , 37 15 2 44 22 -37 , -2 -7 12 3 -18 11 , -5 -12 7 -3 -1 -11 , 44 -31 5 27 -8 16 , 39 36 -36 0 7 -29 , 0.0051502276933063857 , 0
2.0820133735140933 , 19 -3 -31 -31 -23 8 , 5 -23 23 0 -16 7 , -6 37 -28 1 13 5 , 37 -13 13 0 9 22 , 50 31 3 31 39 -20 , -16 -4 11 -17 5 -14 , 1 -11 4 17 -25 9 , -7 28 -37 -1 33 -24 , 39 36 -36 0 7 -29 , 0.0057705408503361897 , 1
2.0825604897838885 , -7 -2 -15 -44 -39 7 , 1 -19 19 0 -15 4 , 17 -5 31 -27 11 23 , 41 -17 17 0 8 25 , 37 15 2 44 22 -37 , -2 -7 12 3 -18 11 , -5 -12 7 -3 -1 -11 , 44 -31 5 27 -8 16 , 39 36 -36 0 7 -29 , 0.0051647374439357518 , 0
2.0825604897838885 , 19 -3 -31 -31 -23 8 , 5 -23 23 0 -16 7 , -6 37 -28 1 13 5 , 37 -13 13 0 9 22 , 50 31 3 31 39 -20 , -16 -4 11 -17 5 -14 , 1 -11 4 17 -25 9 , -7 28 -37 -1 33 -24 , 39 36 -36 0 7 -29 , 0.0057575580224066827 , 1
2.0825604897838885 , 13 -28 -58 -2 -21 -41 , 1 -19 19 0 -15 4 , -24 -12 21 -27 7 -24 , 41 -17 17 0 8 25 , 15 58 28 2 17 7 , -2 5 12 -17 6 7 , 15 -12 -5 17 -5 1 , 3 -21 12 27 -45 19 , 39 36 -36 0 7 -29 , 0.0062382094861804264 , 2
2.0875385341518617 , 13 -28 -58 -2 -21 -41 , 1 -19 19 0 -15 4 , -24 -12 21 -27 7 -24 , 41 -17 17 0 8 25 , 15 58 28 2 17 7 , -2 5 12 -17 6 7 , 15 -12 -5 17 -5 1 , 3 -21 12 27 -45 19 , 39 36 -36 0 7 -29 , 0.0051502276933063224 , 0
2.0889780031210803 , 13 -28 -58 -2 -21 -41 , 1 -19 19 0 -15 4 , -24 -12 21 -27 7 -24 , 41 -17 17 0 8 25 , 15 58 28 2 17 7 , -2 5 12 -17 6 7 , 15 -12 -5 17 -5 1 , 3 -21 12 27 -45 19 , 39 36 -36 0 7 -29 , 0.0052498454274164169 , 0
2.0952027632116357 , -15 -29 -38 -16 -41 -40 , 8 -37 37 0 -26 11 , -5 16 8 -5 -14 26 , 34 1 -1 0 19 18 , 1 38 29 16 -2 -12 , 6 11 -11 19 -17 20 , -13 11 -11 -19 31 -28 , 0 -8 -16 5 18 -30 , 39 36 -36 0 7 -29 , 0.0067666633441454379 , 0
2.0952027632116357 , 18 -33 -36 1 -50 -8 , 31 13 -13 0 27 14 , 8 -10 -4 26 -25 11 , 10 -14 14 0 -6 8 , 17 36 33 -1 28 -17 , -45 27 13 -29 -11 3 , -16 -13 -27 29 -10 -38 , -18 4 10 -26 15 -15 , 40 1 -1 0 -21 -22 , 0.0070501664454635628 , 1
2.0952027632116357 , 13 -28 -58 -2 -21 -41 , 1 -19 19 0 -15 4 , -24 -12 21 -27 7 -24 , 41 -17 17 0 8 25 , 15 58 28 2 17 7 , -2 5 12 -17 6 7 , 15 -12 -5 17 -5 1 , 3 -21 12 27 -45 19 , 39 36 -36 0 7 -29 , 0.007476289734720332 , 2
2.100052744286484 , -15 -29 -38 -16 -41 -40 , 8 -37 37 0 -26 11 , -5 16 8 -5 -14 26 , 34 1 -1 0 19 18 , 1 38 29 16 -2 -12 , 6 11 -11 19 -17 20 , -13 11 -11 -19 31 -28 , 0 -8 -16 5 18 -30 , 39 36 -36 0 7 -29 , 0.0058332361811372037 , 0
2.104438271439189 , 8 -43 -28 -27 -18 -42 , 28 -6 6 0 10 16 , 29 -3 1 -4 22 9 , 13 5 -5 0 11 6 , 35 28 43 27 -14 25 , -12 4 -35 11 22 -44 , -23 35 -4 -11 -9 18 , 33 -1 3 4 8 25 , 40 1 -1 0 -21 -22 , 0.0065146371005883408 , 0
2.104438271439189 , -15 -29 -38 -16 -41 -40 , 8 -37 37 0 -26 11 , -5 16 8 -5 -14 26 , 34 1 -1 0 19 18 , 1 38 29 16 -2 -12 , 6 11 -11 19 -17 20 , -13 11 -11 -19 31 -28 , 0 -8 -16 5 18 -30 , 39 36 -36 0 7 -29 , 0.0066062858234603736 , 1
2.104438271439189 , -21 5 -17 -51 -37 0 , 19 -31 31 0 -15 16 , 1 13 7 -4 -10 25 , 23 -5 5 0 8 13 , 30 17 -5 51 17 -42 , -5 -1 -2 22 -33 15 , -27 2 1 -22 17 -32 , 5 -7 -13 4 18 -23 , 39 36 -36 0 7 -29 , 0.0072626390762583802 , 2
2.104438271439189 , -18 3 -10 -62 -27 -1 , 32 -21 21 0 0 21 , -8 -3 -14 16 -8 -14 , 10 -15 15 0 -7 8 , 44 10 -3 62 9 -30 , 37 -14 -9 34 -13 21 , 3 9 14 -34 30 1 , -24 14 3 -16 0 -5 , 39 36 -36 0 7 -29 , 0.0080025176029217288 , 3
2.1063577189438214 , 8 -43 -28 -27 -18 -42 , 28 -6 6 0 10 16 , 29 -3 1 -4 22 9 , 13 5 -5 0 11 6 , 35 28 43 27 -14 25 , -12 4 -35 11 22 -44 , -23 35 -4 -11 -9 18 , 33 -1 3 4 8 25 , 40 1 -1 0 -21 -22 , 0.0063716847609524719 , 0
2.1063577189438214 , -18 3 -10 -62 -27 -1 , 32 -21 21 0 0 21 , -8 -3 -14 16 -8 -14 , 10 -15 15 0 -7 8 , 44 10 -3 62 9 -30 , 37 -14 -9 34 -13 21 , 3 9 14 -34 30 1 , -24 14 3 -16 0 -5 , 39 36 -36 0 7 -29 , 0.0071378325985836958 , 1
2.1063577189438214 , -15 -29 -38 -16 -41 -40 , 8 -37 37 0 -26 11 , -5 16 8 -5 -14 26 , 34 1 -1 0 19 18 , 1 38 29 16 -2 -12 , 6 11 -11 19 -17 20 , -13 11 -11 -19 31 -28 , 0 -8 -16 5 18 -30 , 39 36 -36 0 7 -29 , 0.0073418575626142384 , 2
2.1063577189438214 , -21 5 -17 -51 -37 0 , 19 -31 31 0 -15 16 , 1 13 7 -4 -10 25 , 23 -5 5 0 8 13 , 30 17 -5 51 17 -42 , -5 -1 -2 22 -33 15 , -27 2 1 -22 17 -32 , 5 -7 -13 4 18 -23 , 39 36 -36 0 7 -29 , 0.0073883724141285308 , 3
2.1063577189438214 , 13 -33 -59 5 -28 -41 , 16 -30 30 0 -16 14 , 22 -4 -1 -4 21 1 , 26 -6 6 0 9 15 , 8 59 33 -5 18 5 , 25 -36 19 15 -16 9 , 10 -19 36 -15 -10 20 , 26 1 4 4 2 25 , 39 36 -36 0 7 -29 , 0.0075116088947750868 , 4
2.1122185672674285 , 13 -33 -59 5 -28 -41 , 16 -30 30 0 -16 14 , 22 -4 -1 -4 21 1 , 26 -6 6 0 9 15 , 8 59 33 -5 18 5 , 25 -36 19 15 -16 9 , 10 -19 36 -15 -10 20 , 26 1 4 4 2 25 , 39 36 -36 0 7 -29 , 0.0054258405486415206 , 0
2.1122185672674285 , -4 -47 -33 -15 -34 -49 , 16 -30 30 0 -16 14 , 7 10 9 -1 -12 30 , 26 -6 6 0 9 15 , 11 33 47 15 -16 13 , 20 -10 19 -16 15 10 , 36 -19 10 16 -9 25 , 8 -9 -10 1 21 -22 , 39 36 -36 0 7 -29 , 0.0057602136856393588 , 1
2.1122185672674285 , -18 3 -10 -62 -27 -1 , 32 -21 21 0 0 21 , -8 -3 -14 16 -8 -14 , 10 -15 15 0 -7 8 , 44 10 -3 62 9 -30 , 37 -14 -9 34 -13 21 , 3 9 14 -34 30 1 , -24 14 3 -16 0 -5 , 39 36 -36 0 7 -29 , 0.0058115391512888644 , 2
2.1122185672674285 , -3 -5 -22 -35 -40 5 , 41 -7 7 0 16 23 , 11 -13 -2 24 -21 9 , 1 -29 29 0 -23 6 , 32 22 5 35 27 -35 , 3 25 -40 15 19 -11 , -12 40 -25 -15 29 -6 , -13 2 13 -24 11 -8 , 39 36 -36 0 7 -29 , 0.0066769977250548639 , 3
2.1138923677730905 , 13 -33 -59 5 -28 -41 , 16 -30 30 0 -16 14 , 22 -4 -1 -4 21 1 , 26 -6 6 0 9 15 , 8 59 33 -5 18 5 , 25 -36 19 15 -16 9 , 10 -19 36 -15 -10 20 , 26 1 4 4 2 25 , 39 36 -36 0 7 -29 , 0.0052951815075831894 , 0
2.1138923677730905 , -4 -47 -33 -15 -34 -49 , 16 -30 30 0 -16 14 , 7 10 9 -1 -12 30 , 26 -6 6 0 9 15 , 11 33 47 15 -16 13 , 20 -10 19 -16 15 10 , 36 -19 10 16 -9 25 , 8 -9 -10 1 21 -22 , 39 36 -36 0 7 -29 , 0.0054049677920432479 , 1
2.1138923677730905 , -18 3 -10 -62 -27 -1 , 32 -21 21 0 0 21 , -8 -3 -14 16 -8 -14 , 10 -15 15 0 -7 8 , 44 10 -3 62 9 -30 , 37 -14 -9 34 -13 21 , 3 9 14 -34 30 1 , -24 14 3 -16 0 -5 , 39 36 -36 0 7 -29 , 0.0059308333107225032 , 2
2.1138923677730905 , -3 -5 -22 -35 -40 5 , 41 -7 7 0 16 23 , 11 -13 -2 24 -21 9 , 1 -29 29 0 -23 6 , 32 22 5 35 27 -35 , 3 25 -40 15 19 -11 , -12 40 -25 -15 29 -6 , -13 2 13 -24 11 -8 , 39 36 -36 0 7 -29 , 0.0062938384824927102 , 3
2.1154251654273364 , -4 -47 -33 -15 -34 -49 , 16 -30 30 0 -16 14 , 7 10 9 -1 -12 30 , 26 -6 6 0 9 15 , 11 33 47 15 -16 13 , 20 -10 19 -16 15 10 , 36 -19 10 16 -9 25 , 8 -9 -10 1 21 -22 , 39 36 -36 0 7 -29 , 0.0052951815075831608 , 0
2.1154251654273364 , 13 -33 -59 5 -28 -41 , 16 -30 30 0 -16 14 , 22 -4 -1 -4 21 1 , 26 -6 6 0 9 15 , 8 59 33 -5 18 5 , 25 -36 19 15 -16 9 , 10 -19 36 -15 -10 20 , 26 1 4 4 2 25 , 39 36 -36 0 7 -29 , 0.0054049677920431066 , 1
2.1154251654273364 , -3 -5 -22 -35 -40 5 , 41 -7 7 0 16 23 , 11 -13 -2 24 -21 9 , 1 -29 29 0 -23 6 , 32 22 5 35 27 -35 , 3 25 -40 15 19 -11 , -12 40 -25 -15 29 -6 , -13 2 13 -24 11 -8 , 39 36 -36 0 7 -29 , 0.0061252504269812364 , 2
2.1154251654273364 , -18 3 -10 -62 -27 -1 , 32 -21 21 0 0 21 , -8 -3 -14 16 -8 -14 , 10 -15 15 0 -7 8 , 44 10 -3 62 9 -30 , 37 -14 -9 34 -13 21 , 3 9 14 -34 30 1 , -24 14 3 -16 0 -5 , 39 36 -36 0 7 -29 , 0.006238196409362233 , 3
2.1160247155775433 , -4 -47 -33 -15 -34 -49 , 16 -30 30 0 -16 14 , 7 10 9 -1 -12 30 , 26 -6 6 0 9 15 , 11 33 47 15 -16 13 , 20 -10 19 -16 15 10 , 36 -19 10 16 -9 25 , 8 -9 -10 1 21 -22 , 39 36 -36 0 7 -29 , 0.0053121254389845701 , 0
2.1160247155775433 , 13 -33 -59 5 -28 -41 , 16 -30 30 0 -16 14 , 22 -4 -1 -4 21 1 , 26 -6 6 0 9 15 , 8 59 33 -5 18 5 , 25 -36 19 15 -16 9 , 10 -19 36 -15 -10 20 , 26 1 4 4 2 25 , 39 36 -36 0 7 -29 , 0.0055056690418053044 , 1
2.1160247155775433 , -3 -5 -22 -35 -40 5 , 41 -7 7 0 16 23 , 11 -13 -2 24 -21 9 , 1 -29 29 0 -23 6 , 32 22 5 35 27 -35 , 3 25 -40 15 19 -11 , -12 40 -25 -15 29 -6 , -13 2 13 -24 11 -8 , 39 36 -36 0 7 -29 , 0.0061105616542057734 , 2
2.1160247155775433 , -18 3 -10 -62 -27 -1 , 32 -21 21 0 0 21 , -8 -3 -14 16 -8 -14 , 10 -15 15 0 -7 8 , 44 10 -3 62 9 -30 , 37 -14 -9 34 -13 21 , 3 9 14 -34 30 1 , -24 14 3 -16 0 -5 , 39 36 -36 0 7 -29 , 0.0064044772349594863 , 3
2.123733159295896 , 3 10 -46 -36 -11 -9 , 7 -29 29 0 -20 9 , -9 37 -23 -9 20 1 , 35 -7 7 0 13 20 , 39 46 -10 36 37 -21 , -27 15 -15 -2 1 -19 , -25 15 -15 2 -4 -14 , 0 23 -37 9 24 -17 , 39 36 -36 0 7 -29 , 0.0056599368158753204 , 0
2.1274168831601994 , 3 10 -46 -36 -11 -9 , 7 -29 29 0 -20 9 , -9 37 -23 -9 20 1 , 35 -7 7 0 13 20 , 39 46 -10 36 37 -21 , -27 15 -15 -2 1 -19 , -25 15 -15 2 -4 -14 , 0 23 -37 9 24 -17 , 39 36 -36 0 7 -29 , 0.0062305505425950918 , 0
2.1274168831601994 , -16 -41 -2 -31 -61 -15 , 26 -6 6 0 9 15 , 13 -32 32 1 -21 14 , 16 -30 30 0 -16 14 , 15 2 41 31 -13 -20 , -24 1 -7 6 -13 -16 , -30 7 -1 -6 -9 -14 , 12 -32 32 -1 -18 11 , 39 36 -36 0 7 -29 , 0.0063395706506453086 , 1
2.1274168831601994 , 19 -44 -37 -4 -35 -27 , 41 -7 7 0 16 23 , 8 -11 24 -13 -2 13 , 1 -29 29 0 -23 6 , 23 37 44 4 10 9 , 11 25 -29 16 7 11 , -5 29 -25 -16 40 -18 , 21 -24 11 13 -11 9 , 39 36 -36 0 7 -29 , 0.007365609023058035 , 2
2.1274168831601994 , 19 -31 -60 0 -17 -41 , 10 -10 10 0 -3 7 , -23 16 -35 4 20 -40 , 32 -26 26 0 -4 22 , 19 60 31 0 19 14 , -18 1 10 -10 -8 -3 , -8 -10 -1 10 -13 -9 , -27 35 -16 -4 -5 4 , 39 36 -36 0 7 -29 , 0.0074275611739380723 , 3
2.1323466423638027 , -16 -41 -2 -31 -61 -15 , 26 -6 6 0 9 15 , 13 -32 32 1 -21 14 , 16 -30 30 0 -16 14 , 15 2 41 31 -13 -20 , -24 1 -7 6 -13 -16 , -30 7 -1 -6 -9 -14 , 12 -32 32 -1 -18 11 , 39 36 -36 0 7 -29 , 0.0052951815075832076 , 0
2.1323466423638027 , -23 -30 5 -48 -54 -10 , 24 -23 23 0 -6 17 , 0 14 -20 -6 29 -18 , 18 -13 13 0 -1 12 , 25 -5 30 48 -15 -24 , 26 3 -9 23 -11 27 , 3 9 -3 -23 36 -14 , 6 20 -14 6 2 15 , 39 36 -36 0 7 -29 , 0.0056694595990944971 , 1
2.1323466423638027 , 19 -44 -37 -4 -35 -27 , 41 -7 7 0 16 23 , 8 -11 24 -13 -2 13 , 1 -29 29 0 -23 6 , 23 37 44 4 10 9 , 11 25 -29 16 7 11 , -5 29 -25 -16 40 -18 , 21 -24 11 13 -11 9 , 39 36 -36 0 7 -29 , 0.0061426164634062752 , 2
2.1332329558016645 , -16 -41 -2 -31 -61 -15 , 26 -6 6 0 9 15 , 13 -32 32 1 -21 14 , 16 -30 30 0 -16 14 , 15 2 41 31 -13 -20 , -24 1 -7 6 -13 -16 , -30 7 -1 -6 -9 -14 , 12 -32 32 -1 -18 11 , 39 36 -36 0 7 -29 , 0.0053321404143283737 , 0
2.1332329558016645 , -23 -30 5 -48 -54 -10 , 24 -23 23 0 -6 17 , 0 14 -20 -6 29 -18 , 18 -13 13 0 -1 12 , 25 -5 30 48 -15 -24 , 26 3 -9 23 -11 27 , 3 9 -3 -23 36 -14 , 6 20 -14 6 2 15 , 39 36 -36 0 7 -29 , 0.0054017924486969137 , 1
2.1332329558016645 , 19 -44 -37 -4 -35 -27 , 41 -7 7 0 16 23 , 8 -11 24 -13 -2 13 , 1 -29 29 0 -23 6 , 23 37 44 4 10 9 , 11 25 -29 16 7 11 , -5 29 -25 -16 40 -18 , 21 -24 11 13 -11 9 , 39 36 -36 0 7 -29 , 0.0061105616542057933 , 2
2.1356420131442357 , -23 -30 5 -48 -54 -10 , 24 -23 23 0 -6 17 , 0 14 -20 -6 29 -18 , 18 -13 13 0 -1 12 , 25 -5 30 48 -15 -24 , 26 3 -9 23 -11 27 , 3 9 -3 -23 36 -14 , 6 20 -14 6 2 15 , 39 36 -36 0 7 -29 , 0.0050093884728399027 , 0
2.1356420131442357 , -16 -41 -2 -31 -61 -15 , 26 -6 6 0 9 15 , 13 -32 32 1 -21 14 , 16 -30 30 0 -16 14 , 15 2 41 31 -13 -20 , -24 1 -7 6 -13 -16 , -30 7 -1 -6 -9 -14 , 12 -32 32 -1 -18 11 , 39 36 -36 0 7 -29 , 0.0057852103548464845 , 1
2.1361333355552605 , -23 -30 5 -48 -54 -10 , 24 -23 23 0 -6 17 , 0 14 -20 -6 29 -18 , 18 -13 13 0 -1 12 , 25 -5 30 48 -15 -24 , 26 3 -9 23 -11 27 , 3 9 -3 -23 36 -14 , 6 20 -14 6 2 15 , 39 36 -36 0 7 -29 , 0.0049973267253671464 , 0
2.1361333355552605 , -16 -41 -2 -31 -61 -15 , 26 -6 6 0 9 15 , 13 -32 32 1 -21 14 , 16 -30 30 0 -16 14 , 15 2 41 31 -13 -20 , -24 1 -7 6 -13 -16 , -30 7 -1 -6 -9 -14 , 12 -32 32 -1 -18 11 , 39 36 -36 0 7 -29 , 0.005933669981477571 , 1
2.1361333355552605 , 6 -33 -58 -5 -18 -52 , 10 -15 15 0 -7 8 , 34 -13 21 -3 1 30 , 32 -21 21 0 0 21 , 11 58 33 5 6 15 , 16 -16 0 6 8 -7 , 10 0 16 -6 -7 24 , 37 -21 13 3 9 14 , 39 36 -36 0 7 -29 , 0.0061415996956159418 , 2
2.1379157235350266 , -23 -30 5 -48 -54 -10 , 24 -23 23 0 -6 17 , 0 14 -20 -6 29 -18 , 18 -13 13 0 -1 12 , 25 -5 30 48 -15 -24 , 26 3 -9 23 -11 27 , 3 9 -3 -23 36 -14 , 6 20 -14 6 2 15 , 39 36 -36 0 7 -29 , 0.0051538066226863291 , 0
2.1379157235350266 , 6 -33 -58 -5 -18 -52 , 10 -15 15 0 -7 8 , 34 -13 21 -3 1 30 , 32 -21 21 0 0 21 , 11 58 33 5 6 15 , 16 -16 0 6 8 -7 , 10 0 16 -6 -7 24 , 37 -21 13 3 9 14 , 39 36 -36 0 7 -29 , 0.0058567026150471496 , 1
2.1379157235350266 , -5 -36 -49 -2 -39 -45 , 5 -23 23 0 -16 7 , -24 33 -1 -37 28 -7 , 37 -13 13 0 9 22 , -3 49 36 2 4 -3 , -1 11 -4 -17 25 -9 , 16 4 -11 17 -5 14 , 13 1 -33 37 -6 -5 , 39 36 -36 0 7 -29 , 0.0062038290148344853 , 2
2.138942350107096 , -23 -30 5 -48 -54 -10 , 24 -23 23 0 -6 17 , 0 14 -20 -6 29 -18 , 18 -13 13 0 -1 12 , 25 -5 30 48 -15 -24 , 26 3 -9 23 -11 27 , 3 9 -3 -23 36 -14 , 6 20 -14 6 2 15 , 39 36 -36 0 7 -29 , 0.0053775963584683836 , 0
2.138942350107096 , 6 -33 -58 -5 -18 -52 , 10 -15 15 0 -7 8 , 34 -13 21 -3 1 30 , 32 -21 21 0 0 21 , 11 58 33 5 6 15 , 16 -16 0 6 8 -7 , 10 0 16 -6 -7 24 , 37 -21 13 3 9 14 , 39 36 -36 0 7 -29 , 0.0058115391512888271 , 1
2.138942350107096 , -5 -36 -49 -2 -39 -45 , 5 -23 23 0 -16 7 , -24 33 -1 -37 28 -7 , 37 -13 13 0 9 22 , -3 49 36 2 4 -3 , -1 11 -4 -17 25 -9 , 16 4 -11 17 -5 14 , 13 1 -33 37 -6 -5 , 39 36 -36 0 7 -29 , 0.0059716045430907652 , 2
2.141183153448584 , -5 -36 -49 -2 -39 -45 , 5 -23 23 0 -16 7 , -24 33 -1 -37 28 -7 , 37 -13 13 0 9 22 , -3 49 36 2 4 -3 , -1 11 -4 -17 25 -9 , 16 4 -11 17 -5 14 , 13 1 -33 37 -6 -5 , 39 36 -36 0 7 -29 , 0.0057575580224066914 , 0
2.141183153448584 , 6 -33 -58 -5 -18 -52 , 10 -15 15 0 -7 8 , 34 -13 21 -3 1 30 , 32 -21 21 0 0 21 , 11 58 33 5 6 15 , 16 -16 0 6 8 -7 , 10 0 16 -6 -7 24 , 37 -21 13 3 9 14 , 39 36 -36 0 7 -29 , 0.0060236677657940132 , 1
2.141183153448584 , -16 -14 0 -52 -46 4 , 21 -32 32 0 -15 17 , -19 17 6 -14 -6 8 , 21 -4 4 0 8 12 , 36 0 14 52 4 -32 , 12 -34 36 -4 -18 12 , 16 -36 34 4 -24 16 , -5 -6 -17 14 2 -23 , 39 36 -36 0 7 -29 , 0.0060902329299857873 , 2
2.141183153448584 , -23 -30 5 -48 -54 -10 , 24 -23 23 0 -6 17 , 0 14 -20 -6 29 -18 , 18 -13 13 0 -1 12 , 25 -5 30 48 -15 -24 , 26 3 -9 23 -11 27 , 3 9 -3 -23 36 -14 , 6 20 -14 6 2 15 , 39 36 -36 0 7 -29 , 0.0061419506266115788 , 3
2.141183153448584 , 33 -29 -47 -10 -13 -20 , 16 -30 30 0 -16 14 , -8 -12 7 15 -30 5 , 26 -6 6 0 9 15 , 43 47 29 10 27 16 , -11 18 1 -32 32 -12 , 21 -1 -18 32 -13 14 , -23 -7 12 -15 -2 -18 , 39 36 -36 0 7 -29 , 0.0068021627906522247 , 4
2.141183153448584 , 14 -39 -6 -25 -50 4 , 31 13 -13 0 27 14 , -10 -4 18 -25 11 -8 , 10 -14 14 0 -6 8 , 39 6 39 25 10 -11 , -11 -29 10 27 -45 -3 , -38 -10 29 -27 -13 -16 , 15 -18 4 25 -26 15 , 40 1 -1 0 -21 -22 , 0.0070938216830146684 , 5
2.142294426341163 , -5 -36 -49 -2 -39 -45 , 5 -23 23 0 -16 7 , -24 33 -1 -37 28 -7 , 37 -13 13 0 9 22 , -3 49 36 2 4 -3 , -1 11 -4 -17 25 -9 , 16 4 -11 17 -5 14 , 13 1 -33 37 -6 -5 , 39 36 -36 0 7 -29 , 0.0058109323574394908 , 0
2.142294426341163 , -16 -14 0 -52 -46 4 , 21 -32 32 0 -15 17 , -19 17 6 -14 -6 8 , 21 -4 4 0 8 12 , 36 0 14 52 4 -32 , 12 -34 36 -4 -18 12 , 16 -36 34 4 -24 16 , -5 -6 -17 14 2 -23 , 39 36 -36 0 7 -29 , 0.0058664521678644639 , 1
2.142294426341163 , 6 -33 -58 -5 -18 -52 , 10 -15 15 0 -7 8 , 34 -13 21 -3 1 30 , 32 -21 21 0 0 21 , 11 58 33 5 6 15 , 16 -16 0 6 8 -7 , 10 0 16 -6 -7 24 , 37 -21 13 3 9 14 , 39 36 -36 0 7 -29 , 0.0062763176562910371 , 2
2.142294426341163 , 33 -29 -47 -10 -13 -20 , 16 -30 30 0 -16 14 , -8 -12 7 15 -30 5 , 26 -6 6 0 9 15 , 43 47 29 10 27 16 , -11 18 1 -32 32 -12 , 21 -1 -18 32 -13 14 , -23 -7 12 -15 -2 -18 , 39 36 -36 0 7 -29 , 0.0063385101256212273 , 3
2.142294426341163 , -23 -30 5 -48 -54 -10 , 24 -23 23 0 -6 17 , 0 14 -20 -6 29 -18 , 18 -13 13 0 -1 12 , 25 -5 30 48 -15 -24 , 26 3 -9 23 -11 27 , 3 9 -3 -23 36 -14 , 6 20 -14 6 2 15 , 39 36 -36 0 7 -29 , 0.0066296846783242607 , 4
2.142294426341163 , 14 -39 -6 -25 -50 4 , 31 13 -13 0 27 14 , -10 -4 18 -25 11 -8 , 10 -14 14 0 -6 8 , 39 6 39 25 10 -11 , -11 -29 10 27 -45 -3 , -38 -10 29 -27 -13 -16 , 15 -18 4 25 -26 15 , 40 1 -1 0 -21 -22 , 0.0070501664454634023 , 5
2.144146560723123 , -16 -14 0 -52 -46 4 , 21 -32 32 0 -15 17 , -19 17 6 -14 -6 8 , 21 -4 4 0 8 12 , 36 0 14 52 4 -32 , 12 -34 36 -4 -18 12 , 16 -36 34 4 -24 16 , -5 -6 -17 14 2 -23 , 39 36 -36 0 7 -29 , 0.0057183974186821524 , 0
2.144146560723123 , 33 -29 -47 -10 -13 -20 , 16 -30 30 0 -16 14 , -8 -12 7 15 -30 5 , 26 -6 6 0 9 15 , 43 47 29 10 27 16 , -11 18 1 -32 32 -12 , 21 -1 -18 32 -13 14 , -23 -7 12 -15 -2 -18 , 39 36 -36 0 7 -29 , 0.0057241962179779976 , 1
2.144146560723123 , -5 -36 -49 -2 -39 -45 , 5 -23 23 0 -16 7 , -24 33 -1 -37 28 -7 , 37 -13 13 0 9 22 , -3 49 36 2 4 -3 , -1 11 -4 -17 25 -9 , 16 4 -11 17 -5 14 , 13 1 -33 37 -6 -5 , 39 36 -36 0 7 -29 , 0.006127017381364586 , 2
2.144146560723123 , 6 -33 -58 -5 -18 -52 , 10 -15 15 0 -7 8 , 34 -13 21 -3 1 30 , 32 -21 21 0 0 21 , 11 58 33 5 6 15 , 16 -16 0 6 8 -7 , 10 0 16 -6 -7 24 , 37 -21 13 3 9 14 , 39 36 -36 0 7 -29 , 0.0068786489167837325 , 3
2.147221457377033 , 33 -29 -47 -10 -13 -20 , 16 -30 30 0 -16 14 , -8 -12 7 15 -30 5 , 26 -6 6 0 9 15 , 43 47 29 10 27 16 , -11 18 1 -32 32 -12 , 21 -1 -18 32 -13 14 , -23 -7 12 -15 -2 -18 , 39 36 -36 0 7 -29 , 0.0052951815075831452 , 0
2.147221457377033 , -16 -14 0 -52 -46 4 , 21 -32 32 0 -15 17 , -19 17 6 -14 -6 8 , 21 -4 4 0 8 12 , 36 0 14 52 4 -32 , 12 -34 36 -4 -18 12 , 16 -36 34 4 -24 16 , -5 -6 -17 14 2 -23 , 39 36 -36 0 7 -29 , 0.0061178050535133513 , 1
2.1532825816280496 , -32 -14 -13 -39 -57 -11 , 27 -19 19 0 -1 18 , -14 8 1 5 -21 10 , 15 -17 17 0 -6 11 , 7 13 14 39 2 -43 , -29 12 -13 7 -15 -12 , -36 13 -12 -7 1 -27 , -19 -1 -8 -5 9 -29 , 39 36 -36 0 7 -29 , 0.0063824627671920176 , 0
2.1532825816280496 , 33 -29 -47 -10 -13 -20 , 16 -30 30 0 -16 14 , -8 -12 7 15 -30 5 , 26 -6 6 0 9 15 , 43 47 29 10 27 16 , -11 18 1 -32 32 -12 , 21 -1 -18 32 -13 14 , -23 -7 12 -15 -2 -18 , 39 36 -36 0 7 -29 , 0.0068123031569789667 , 1
2.160260862955535 , -13 -37 -18 -24 -51 -24 , 30 5 -5 0 20 15 , 36 -26 13 22 -18 26 , 12 -41 41 0 -27 14 , 11 18 37 24 -6 -14 , 14 3 -23 13 17 -11 , 1 23 -3 -13 12 14 , 14 -13 26 -22 13 8 , 39 36 -36 0 7 -29 , 0.006018122186664393 , 0
2.160260862955535 , -22 -9 -42 -34 -23 -38 , -5 2 -2 0 -1 -3 , 13 -24 -30 54 -23 -17 , 46 -3 3 0 22 25 , 12 42 9 34 4 -14 , 8 -9 -2 17 -14 6 , -9 2 9 -17 8 -5 , -41 30 24 -54 13 1 , 40 1 -1 0 -21 -22 , 0.0064803741582148272 , 1
2.160260862955535 , -4 -3 -23 -42 -30 1 , 30 5 -5 0 20 15 , 26 -36 26 8 -14 13 , 12 -41 41 0 -27 14 , 38 23 3 42 24 -27 , 21 7 -14 8 14 7 , 13 14 -7 -8 21 7 , 18 -26 36 -8 -13 22 , 39 36 -36 0 7 -29 , 0.0065757475512804942 , 2
2.160260862955535 , 16 -44 -27 -14 -35 -22 , 16 24 -24 0 28 4 , -27 5 15 -34 15 -19 , 25 -25 25 0 -7 18 , 30 27 44 14 5 9 , 5 25 10 -16 0 36 , 21 -10 -25 16 26 -25 , 7 -15 -5 34 -34 10 , 40 1 -1 0 -21 -22 , 0.0068648839051580835 , 3
2.16122514358383 , -13 -37 -18 -24 -51 -24 , 30 5 -5 0 20 15 , 36 -26 13 22 -18 26 , 12 -41 41 0 -27 14 , 11 18 37 24 -6 -14 , 14 3 -23 13 17 -11 , 1 23 -3 -13 12 14 , 14 -13 26 -22 13 8 , 39 36 -36 0 7 -29 , 0.0056879183369990816 , 0
2.16122514358383 , -4 -3 -23 -42 -30 1 , 30 5 -5 0 20 15 , 26 -36 26 8 -14 13 , 12 -41 41 0 -27 14 , 38 23 3 42 24 -27 , 21 7 -14 8 14 7 , 13 14 -7 -8 21 7 , 18 -26 36 -8 -13 22 , 39 36 -36 0 7 -29 , 0.0061697022871390695 , 1
2.16122514358383 , -22 -9 -42 -34 -23 -38 , -5 2 -2 0 -1 -3 , 13 -24 -30 54 -23 -17 , 46 -3 3 0 22 25 , 12 42 9 34 4 -14 , 8 -9 -2 17 -14 6 , -9 2 9 -17 8 -5 , -41 30 24 -54 13 1 , 40 1 -1 0 -21 -22 , 0.0064444032419758608 , 2
2.16122514358383 , 16 -44 -27 -14 -35 -22 , 16 24 -24 0 28 4 , -27 5 15 -34 15 -19 , 25 -25 25 0 -7 18 , 30 27 44 14 5 9 , 5 25 10 -16 0 36 , 21 -10 -25 16 26 -25 , 7 -15 -5 34 -34 10 , 40 1 -1 0 -21 -22 , 0.0068986626577990521 , 3
2.164751582887269 , -13 -37 -18 -24 -51 -24 , 30 5 -5 0 20 15 , 36 -26 13 22 -18 26 , 12 -41 41 0 -27 14 , 11 18 37 24 -6 -14 , 14 3 -23 13 17 -11 , 1 23 -3 -13 12 14 , 14 -13 26 -22 13 8 , 39 36 -36 0 7 -29 , 0.0051121963084979133 , 0
2.164751582887269 , -4 -3 -23 -42 -30 1 , 30 5 -5 0 20 15 , 26 -36 26 8 -14 13 , 12 -41 41 0 -27 14 , 38 23 3 42 24 -27 , 21 7 -14 8 14 7 , 13 14 -7 -8 21 7 , 18 -26 36 -8 -13 22 , 39 36 -36 0 7 -29 , 0.0052016481949327372 , 1
2.1661099613922383 , -4 -3 -23 -42 -30 1 , 30 5 -5 0 20 15 , 26 -36 26 8 -14 13 , 12 -41 41 0 -27 14 , 38 23 3 42 24 -27 , 21 7 -14 8 14 7 , 13 14 -7 -8 21 7 , 18 -26 36 -8 -13 22 , 39 36 -36 0 7 -29 , 0.0051121963084980139 , 0
2.1661099613922383 , -13 -37 -18 -24 -51 -24 , 30 5 -5 0 20 15 , 36 -26 13 22 -18 26 , 12 -41 41 0 -27 14 , 11 18 37 24 -6 -14 , 14 3 -23 13 17 -11 , 1 23 -3 -13 12 14 , 14 -13 26 -22 13 8 , 39 36 -36 0 7 -29 , 0.0052016481949323347 , 1
2.170692447351596 , 11 5 -55 -33 3 -20 , 27 -9 9 0 7 16 , -4 18 -8 9 -15 19 , 15 -27 27 0 -14 13 , 44 55 -5 33 35 -2 , 15 -18 -13 34 -17 -2 , -19 13 18 -34 11 1 , -13 8 -18 -9 27 -33 , 39 36 -36 0 7 -29 , 0.0051095236940547819 , 0
2.170692447351596 , 12 4 -33 -36 -21 10 , 20 -29 29 0 -13 16 , 12 16 -21 11 9 7 , 22 -7 7 0 6 13 , 48 33 -4 36 43 -25 , -38 24 -6 -24 12 -21 , -14 6 -24 24 -15 -12 , 1 21 -16 -11 28 -7 , 39 36 -36 0 7 -29 , 0.0055297116168674162 , 1
2.170692447351596 , -4 -3 -23 -42 -30 1 , 30 5 -5 0 20 15 , 26 -36 26 8 -14 13 , 12 -41 41 0 -27 14 , 38 23 3 42 24 -27 , 21 7 -14 8 14 7 , 13 14 -7 -8 21 7 , 18 -26 36 -8 -13 22 , 39 36 -36 0 7 -29 , 0.0060526109146752244 , 2
2.1718272461824353 , 11 5 -55 -33 3 -20 , 27 -9 9 0 7 16 , -4 18 -8 9 -15 19 , 15 -27 27 0 -14 13 , 44 55 -5 33 35 -2 , 15 -18 -13 34 -17 -2 , -19 13 18 -34 11 1 , -13 8 -18 -9 27 -33 , 39 36 -36 0 7 -29 , 0.005046122306135878 , 0
2.1718272461824353 , 12 4 -33 -36 -21 10 , 20 -29 29 0 -13 16 , 12 16 -21 11 9 7 , 22 -7 7 0 6 13 , 48 33 -4 36 43 -25 , -38 24 -6 -24 12 -21 , -14 6 -24 24 -15 -12 , 1 21 -16 -11 28 -7 , 39 36 -36 0 7 -29 , 0.0052226382994058889 , 1
2.1741694118846397 , 12 4 -33 -36 -21 10 , 20 -29 29 0 -13 16 , 12 16 -21 11 9 7 , 22 -7 7 0 6 13 , 48 33 -4 36 43 -25 , -38 24 -6 -24 12 -21 , -14 6 -24 24 -15 -12 , 1 21 -16 -11 28 -7 , 39 36 -36 0 7 -29 , 0.0049530888789855688 , 0
2.1741694118846397 , 11 5 -55 -33 3 -20 , 27 -9 9 0 7 16 , -4 18 -8 9 -15 19 , 15 -27 27 0 -14 13 , 44 55 -5 33 35 -2 , 15 -18 -13 34 -17 -2 , -19 13 18 -34 11 1 , -13 8 -18 -9 27 -33 , 39 36 -36 0 7 -29 , 0.0053109519912982062 , 1
2.1776478241050667 , 12 4 -33 -36 -21 10 , 20 -29 29 0 -13 16 , 12 16 -21 11 9 7 , 22 -7 7 0 6 13 , 48 33 -4 36 43 -25 , -38 24 -6 -24 12 -21 , -14 6 -24 24 -15 -12 , 1 21 -16 -11 28 -7 , 39 36 -36 0 7 -29 , 0.0055301668287063383 , 0
2.1776478241050667 , 29 -22 -45 -21 -5 -19 , 16 -30 30 0 -16 14 , 5 -30 15 7 -12 -8 , 26 -6 6 0 9 15 , 50 45 22 21 26 17 , -25 36 -19 -15 16 -9 , -10 19 -36 15 10 -20 , -2 -15 30 -7 -23 18 , 39 36 -36 0 7 -29 , 0.0061629796812701591 , 1
2.1776478241050667 , 11 5 -55 -33 3 -20 , 27 -9 9 0 7 16 , -4 18 -8 9 -15 19 , 15 -27 27 0 -14 13 , 44 55 -5 33 35 -2 , 15 -18 -13 34 -17 -2 , -19 13 18 -34 11 1 , -13 8 -18 -9 27 -33 , 39 36 -36 0 7 -29 , 0.0065117467826306353 , 2
2.1821072892482287 , 29 -22 -45 -21 -5 -19 , 16 -30 30 0 -16 14 , 5 -30 15 7 -12 -8 , 26 -6 6 0 9 15 , 50 45 22 21 26 17 , -25 36 -19 -15 16 -9 , -10 19 -36 15 10 -20 , -2 -15 30 -7 -23 18 , 39 36 -36 0 7 -29 , 0.0052951815075831096 , 0
2.1936663181680527 , -21 -30 -21 -30 -46 -28 , 12 -41 41 0 -27 14 , 18 9 -7 -3 19 8 , 30 5 -5 0 20 15 , 9 21 30 30 -7 -16 , 3 -2 12 -27 28 -10 , 30 -12 2 27 -22 30 , 21 7 -9 3 15 10 , 39 36 -36 0 7 -29 , 0.0052471587765943167 , 0
2.1936663181680527 , -4 9 -26 -45 -28 11 , 14 -14 14 0 -4 10 , -7 -22 33 -21 -4 -4 , 28 -22 22 0 -3 19 , 41 26 -9 45 37 -37 , 23 -22 1 16 -2 0 , 7 -1 22 -16 -1 20 , 14 -33 22 21 -37 18 , 39 36 -36 0 7 -29 , 0.0055727262860045873 , 1
2.195338519746217 , -21 -30 -21 -30 -46 -28 , 12 -41 41 0 -27 14 , 18 9 -7 -3 19 8 , 30 5 -5 0 20 15 , 9 21 30 30 -7 -16 , 3 -2 12 -27 28 -10 , 30 -12 2 27 -22 30 , 21 7 -9 3 15 10 , 39 36 -36 0 7 -29 , 0.0051121963084979063 , 0
2.195338519746217 , -4 9 -26 -45 -28 11 , 14 -14 14 0 -4 10 , -7 -22 33 -21 -4 -4 , 28 -22 22 0 -3 19 , 41 26 -9 45 37 -37 , 23 -22 1 16 -2 0 , 7 -1 22 -16 -1 20 , 14 -33 22 21 -37 18 , 39 36 -36 0 7 -29 , 0.0052064416711957709 , 1
2.19686353257393 , -4 9 -26 -45 -28 11 , 14 -14 14 0 -4 10 , -7 -22 33 -21 -4 -4 , 28 -22 22 0 -3 19 , 41 26 -9 45 37 -37 , 23 -22 1 16 -2 0 , 7 -1 22 -16 -1 20 , 14 -33 22 21 -37 18 , 39 36 -36 0 7 -29 , 0.0050935456065325504 , 0
2.19686353257393 , -21 -30 -21 -30 -46 -28 , 12 -41 41 0 -27 14 , 18 9 -7 -3 19 8 , 30 5 -5 0 20 15 , 9 21 30 30 -7 -16 , 3 -2 12 -27 28 -10 , 30 -12 2 27 -22 30 , 21 7 -9 3 15 10 , 39 36 -36 0 7 -29 , 0.0052246893755532754 , 1
2.201752471997867 , 2 -35 -32 -25 -24 -34 , 2 -37 37 0 -29 8 , -7 36 -18 -10 17 7 , 40 1 -1 0 22 21 , 27 32 35 25 -2 11 , 26 -17 6 22 -19 22 , 4 -6 17 -22 16 -2 , 3 18 -36 10 25 -19 , 39 36 -36 0 7 -29 , 0.0059788584627044712 , 0
2.201752471997867 , -4 9 -26 -45 -28 11 , 14 -14 14 0 -4 10 , -7 -22 33 -21 -4 -4 , 28 -22 22 0 -3 19 , 41 26 -9 45 37 -37 , 23 -22 1 16 -2 0 , 7 -1 22 -16 -1 20 , 14 -33 22 21 -37 18 , 39 36 -36 0 7 -29 , 0.0061558934668117429 , 1
2.201752471997867 , 14 -43 -18 -16 -46 -8 , 46 -3 3 0 22 25 , 12 -7 12 2 -9 17 , -5 2 -2 0 -1 -3 , 30 18 43 16 10 -3 , -5 53 -34 -14 36 3 , 9 34 -53 14 37 -17 , 10 -12 7 -2 5 -2 , 40 1 -1 0 -21 -22 , 0.0064444032419758409 , 2
2.201752471997867 , 8 -7 -30 -22 -43 13 , 13 5 -5 0 11 6 , 11 9 -18 -12 44 -22 , 28 -6 6 0 10 16 , 30 30 7 22 43 -36 , 3 -1 33 -22 -9 29 , 25 -33 1 22 -4 -8 , 23 18 -9 12 -4 35 , 40 1 -1 0 -21 -22 , 0.0064748772520183007 , 3
2.201752471997867 , -21 -30 -21 -30 -46 -28 , 12 -41 41 0 -27 14 , 18 9 -7 -3 19 8 , 30 5 -5 0 20 15 , 9 21 30 30 -7 -16 , 3 -2 12 -27 28 -10 , 30 -12 2 27 -22 30 , 21 7 -9 3 15 10 , 39 36 -36 0 7 -29 , 0.0068340217950728773 , 4
2.201752471997867 , -17 -23 -10 -46 -38 -15 , 7 -39 39 0 -28 11 , -9 30 -5 -23 21 5 , 35 3 -3 0 21 18 , 29 10 23 46 -5 -15 , 5 5 -5 20 -24 22 , -15 5 -5 -20 27 -29 , 14 5 -30 23 10 -9 , 39 36 -36 0 7 -29 , 0.0070562860588523537 , 5
2.2029689869105264 , 2 -35 -32 -25 -24 -34 , 2 -37 37 0 -29 8 , -7 36 -18 -10 17 7 , 40 1 -1 0 22 21 , 27 32 35 25 -2 11 , 26 -17 6 22 -19 22 , 4 -6 17 -22 16 -2 , 3 18 -36 10 25 -19 , 39 36 -36 0 7 -29 , 0.0059166543316498529 , 0
2.2029689869105264 , 8 -7 -30 -22 -43 13 , 13 5 -5 0 11 6 , 11 9 -18 -12 44 -22 , 28 -6 6 0 10 16 , 30 30 7 22 43 -36 , 3 -1 33 -22 -9 29 , 25 -33 1 22 -4 -8 , 23 18 -9 12 -4 35 , 40 1 -1 0 -21 -22 , 0.0063783343046462139 , 1
2.2029689869105264 , 14 -43 -18 -16 -46 -8 , 46 -3 3 0 22 25 , 12 -7 12 2 -9 17 , -5 2 -2 0 -1 -3 , 30 18 43 16 10 -3 , -5 53 -34 -14 36 3 , 9 34 -53 14 37 -17 , 10 -12 7 -2 5 -2 , 40 1 -1 0 -21 -22 , 0.0065015600786503596 , 2
2.2029689869105264 , -17 -23 -10 -46 -38 -15 , 7 -39 39 0 -28 11 , -9 30 -5 -23 21 5 , 35 3 -3 0 21 18 , 29 10 23 46 -5 -15 , 5 5 -5 20 -24 22 , -15 5 -5 -20 27 -29 , 14 5 -30 23 10 -9 , 39 36 -36 0 7 -29 , 0.0065422088850644322 , 3
2.2029689869105264 , -4 9 -26 -45 -28 11 , 14 -14 14 0 -4 10 , -7 -22 33 -21 -4 -4 , 28 -22 22 0 -3 19 , 41 26 -9 45 37 -37 , 23 -22 1 16 -2 0 , 7 -1 22 -16 -1 20 , 14 -33 22 21 -37 18 , 39 36 -36 0 7 -29 , 0.0066770064375112695 , 4
2.2033807689887825 , 2 -35 -32 -25 -24 -34 , 2 -37 37 0 -29 8 , -7 36 -18 -10 17 7 , 40 1 -1 0 22 21 , 27 32 35 25 -2 11 , 26 -17 6 22 -19 22 , 4 -6 17 -22 16 -2 , 3 18 -36 10 25 -19 , 39 36 -36 0 7 -29 , 0.0059238146694440769 , 0
2.2033807689887825 , 8 -7 -30 -22 -43 13 , 13 5 -5 0 11 6 , 11 9 -18 -12 44 -22 , 28 -6 6 0 10 16 , 30 30 7 22 43 -36 , 3 -1 33 -22 -9 29 , 25 -33 1 22 -4 -8 , 23 18 -9 12 -4 35 , 40 1 -1 0 -21 -22 , 0.0063716847609525812 , 1
2.2033807689887825 , -17 -23 -10 -46 -38 -15 , 7 -39 39 0 -28 11 , -9 30 -5 -23 21 5 , 35 3 -3 0 21 18 , 29 10 23 46 -5 -15 , 5 5 -5 20 -24 22 , -15 5 -5 -20 27 -29 , 14 5 -30 23 10 -9 , 39 36 -36 0 7 -29 , 0.0063850958984230594 , 2
2.2033807689887825 , 14 -43 -18 -16 -46 -8 , 46 -3 3 0 22 25 , 12 -7 12 2 -9 17 , -5 2 -2 0 -1 -3 , 30 18 43 16 10 -3 , -5 53 -34 -14 36 3 , 9 34 -53 14 37 -17 , 10 -12 7 -2 5 -2 , 40 1 -1 0 -21 -22 , 0.0065464495394117264 , 3
2.2033807689887825 , -4 9 -26 -45 -28 11 , 14 -14 14 0 -4 10 , -7 -22 33 -21 -4 -4 , 28 -22 22 0 -3 19 , 41 26 -9 45 37 -37 , 23 -22 1 16 -2 0 , 7 -1 22 -16 -1 20 , 14 -33 22 21 -37 18 , 39 36 -36 0 7 -29 , 0.0068688645842762087 , 4
2.2033807689887825 , -1 -15 -52 -20 -17 -34 , 40 1 -1 0 22 21 , -6 17 -26 16 -2 -4 , 2 -37 37 0 -29 8 , 19 52 15 20 18 -2 , -17 -7 -7 19 -25 -10 , -36 7 7 -19 -3 -18 , -22 26 -17 -16 22 -19 , 39 36 -36 0 7 -29 , 0.0072593961399075252 , 5
2.2081072400768735 , -17 -23 -10 -46 -38 -15 , 7 -39 39 0 -28 11 , -9 30 -5 -23 21 5 , 35 3 -3 0 21 18 , 29 10 23 46 -5 -15 , 5 5 -5 20 -24 22 , -15 5 -5 -20 27 -29 , 14 5 -30 23 10 -9 , 39 36 -36 0 7 -29 , 0.0054405641949852738 , 0
2.2081072400768735 , -1 -15 -52 -20 -17 -34 , 40 1 -1 0 22 21 , -6 17 -26 16 -2 -4 , 2 -37 37 0 -29 8 , 19 52 15 20 18 -2 , -17 -7 -7 19 -25 -10 , -36 7 7 -19 -3 -18 , -22 26 -17 -16 22 -19 , 39 36 -36 0 7 -29 , 0.0059794176003488452 , 1
2.2081072400768735 , 28 -34 -52 -4 -16 -28 , 21 -4 4 0 8 12 , 18 -12 12 -16 24 -4 , 21 -32 32 0 -15 17 , 32 52 34 4 24 18 , -6 -14 -2 17 -19 -8 , -23 2 14 -17 -6 -5 , 34 -12 12 16 -16 36 , 39 36 -36 0 7 -29 , 0.0066819925629274003 , 2
2.209329238953384 , -17 -23 -10 -46 -38 -15 , 7 -39 39 0 -28 11 , -9 30 -5 -23 21 5 , 35 3 -3 0 21 18 , 29 10 23 46 -5 -15 , 5 5 -5 20 -24 22 , -15 5 -5 -20 27 -29 , 14 5 -30 23 10 -9 , 39 36 -36 0 7 -29 , 0.0055087544988106953 , 0
2.209329238953384 , -1 -15 -52 -20 -17 -34 , 40 1 -1 0 22 21 , -6 17 -26 16 -2 -4 , 2 -37 37 0 -29 8 , 19 52 15 20 18 -2 , -17 -7 -7 19 -25 -10 , -36 7 7 -19 -3 -18 , -22 26 -17 -16 22 -19 , 39 36 -36 0 7 -29 , 0.0059166543316498642 , 1
2.209329238953384 , 28 -34 -52 -4 -16 -28 , 21 -4 4 0 8 12 , 18 -12 12 -16 24 -4 , 21 -32 32 0 -15 17 , 32 52 34 4 24 18 , -6 -14 -2 17 -19 -8 , -23 2 14 -17 -6 -5 , 34 -12 12 16 -16 36 , 39 36 -36 0 7 -29 , 0.0062786844082480756 , 2
2.209329238953384 , 5 9 -46 -42 -1 -11 , 16 -30 30 0 -16 14 , -22 1 21 -26 -1 -4 , 26 -6 6 0 9 15 , 47 46 -9 42 35 -10 , -12 11 -18 -13 32 -32 , 1 18 -11 13 -14 21 , 4 -21 -1 26 -25 -2 , 39 36 -36 0 7 -29 , 0.0068328206507552707 , 3
2.2129958027619407 , 5 9 -46 -42 -1 -11 , 16 -30 30 0 -16 14 , -22 1 21 -26 -1 -4 , 26 -6 6 0 9 15 , 47 46 -9 42 35 -10 , -12 11 -18 -13 32 -32 , 1 18 -11 13 -14 21 , 4 -21 -1 26 -25 -2 , 39 36 -36 0 7 -29 , 0.0055693034493787506 , 0
2.2129958027619407 , 28 -34 -52 -4 -16 -28 , 21 -4 4 0 8 12 , 18 -12 12 -16 24 -4 , 21 -32 32 0 -15 17 , 32 52 34 4 24 18 , -6 -14 -2 17 -19 -8 , -23 2 14 -17 -6 -5 , 34 -12 12 16 -16 36 , 39 36 -36 0 7 -29 , 0.0057183974186822235 , 1
2.2129958027619407 , -17 -23 -10 -46 -38 -15 , 7 -39 39 0 -28 11 , -9 30 -5 -23 21 5 , 35 3 -3 0 21 18 , 29 10 23 46 -5 -15 , 5 5 -5 20 -24 22 , -15 5 -5 -20 27 -29 , 14 5 -30 23 10 -9 , 39 36 -36 0 7 -29 , 0.0064458283869683461 , 2
2.2129958027619407 , -1 -15 -52 -20 -17 -34 , 40 1 -1 0 22 21 , -6 17 -26 16 -2 -4 , 2 -37 37 0 -29 8 , 19 52 15 20 18 -2 , -17 -7 -7 19 -25 -10 , -36 7 7 -19 -3 -18 , -22 26 -17 -16 22 -19 , 39 36 -36 0 7 -29 , 0.0064597680658241285 , 3
2.215436378852172 , 5 9 -46 -42 -1 -11 , 16 -30 30 0 -16 14 , -22 1 21 -26 -1 -4 , 26 -6 6 0 9 15 , 47 46 -9 42 35 -10 , -12 11 -18 -13 32 -32 , 1 18 -11 13 -14 21 , 4 -21 -1 26 -25 -2 , 39 36 -36 0 7 -29 , 0.0052951815075831157 , 0
2.215436378852172 , 28 -34 -52 -4 -16 -28 , 21 -4 4 0 8 12 , 18 -12 12 -16 24 -4 , 21 -32 32 0 -15 17 , 32 52 34 4 24 18 , -6 -14 -2 17 -19 -8 , -23 2 14 -17 -6 -5 , 34 -12 12 16 -16 36 , 39 36 -36 0 7 -29 , 0.0059731280984551107 , 1
2.2186587293454876 , 5 9 -46 -42 -1 -11 , 16 -30 30 0 -16 14 , -22 1 21 -26 -1 -4 , 26 -6 6 0 9 15 , 47 46 -9 42 35 -10 , -12 11 -18 -13 32 -32 , 1 18 -11 13 -14 21 , 4 -21 -1 26 -25 -2 , 39 36 -36 0 7 -29 , 0.0057646072679829498 , 0
2.2186587293454876 , -15 -18 -50 -8 -44 -30 , 10 -9 9 0 -2 7 , -15 -16 27 8 -48 20 , 31 8 -8 0 23 15 , -7 50 18 8 20 -26 , -7 9 0 9 -22 17 , -16 0 -9 -9 17 -31 , -23 -27 16 -8 -7 -32 , 40 1 -1 0 -21 -22 , 0.0063896540669857761 , 1
2.2186587293454876 , 5 -29 -18 -28 -40 -5 , 45 -1 1 0 23 24 , 6 2 -11 21 -15 10 , -3 -35 35 0 -30 5 , 33 18 29 28 13 -11 , 1 23 -8 -26 39 -7 , 27 8 -23 26 1 16 , -15 11 -2 -21 21 -17 , 39 36 -36 0 7 -29 , 0.0069205957112690843 , 2
2.2186587293454876 , 28 -34 -52 -4 -16 -28 , 21 -4 4 0 8 12 , 18 -12 12 -16 24 -4 , 21 -32 32 0 -15 17 , 32 52 34 4 24 18 , -6 -14 -2 17 -19 -8 , -23 2 14 -17 -6 -5 , 34 -12 12 16 -16 36 , 39 36 -36 0 7 -29 , 0.0069809988655136221 , 3
2.22198707722698 , 5 -29 -18 -28 -40 -5 , 45 -1 1 0 23 24 , 6 2 -11 21 -15 10 , -3 -35 35 0 -30 5 , 33 18 29 28 13 -11 , 1 23 -8 -26 39 -7 , 27 8 -23 26 1 16 , -15 11 -2 -21 21 -17 , 39 36 -36 0 7 -29 , 0.0065081286198849959 , 0
2.22198707722698 , -15 -18 -50 -8 -44 -30 , 10 -9 9 0 -2 7 , -15 -16 27 8 -48 20 , 31 8 -8 0 23 15 , -7 50 18 8 20 -26 , -7 9 0 9 -22 17 , -16 0 -9 -9 17 -31 , -23 -27 16 -8 -7 -32 , 40 1 -1 0 -21 -22 , 0.006809302399230362 , 1
2.22198707722698 , 5 9 -46 -42 -1 -11 , 16 -30 30 0 -16 14 , -22 1 21 -26 -1 -4 , 26 -6 6 0 9 15 , 47 46 -9 42 35 -10 , -12 11 -18 -13 32 -32 , 1 18 -11 13 -14 21 , 4 -21 -1 26 -25 -2 , 39 36 -36 0 7 -29 , 0.0070352447016586977 , 2
2.2285774150357427 , -14 -10 -16 -43 -40 -1 , 12 -41 41 0 -27 14 , 18 9 -7 -3 19 8 , 30 5 -5 0 20 15 , 29 16 10 43 15 -30 , 26 -18 22 13 -26 36 , 13 -22 18 -13 14 -8 , 21 7 -9 3 15 10 , 39 36 -36 0 7 -29 , 0.0055986297644906339 , 0
2.2318054557226157 , -14 -10 -16 -43 -40 -1 , 12 -41 41 0 -27 14 , 18 9 -7 -3 19 8 , 30 5 -5 0 20 15 , 29 16 10 43 15 -30 , 26 -18 22 13 -26 36 , 13 -22 18 -13 14 -8 , 21 7 -9 3 15 10 , 39 36 -36 0 7 -29 , 0.0051121963084979592 , 0
2.245326222860873 , 11 -40 -47 2 -38 -30 , 40 -9 9 0 14 23 , 16 -10 -8 25 -14 8 , 2 -27 27 0 -21 6 , 9 47 40 -2 17 2 , -31 7 -17 9 -11 -24 , -40 17 -7 -9 -7 -18 , -9 8 10 -25 16 -4 , 39 36 -36 0 7 -29 , 0.0052543297744689962 , 0
2.2479566460694476 , 11 -40 -47 2 -38 -30 , 40 -9 9 0 14 23 , 16 -10 -8 25 -14 8 , 2 -27 27 0 -21 6 , 9 47 40 -2 17 2 , -31 7 -17 9 -11 -24 , -40 17 -7 -9 -7 -18 , -9 8 10 -25 16 -4 , 39 36 -36 0 7 -29 , 0.0055738255031381675 , 0
2.2543362566474068 , 10 -5 -19 -43 -26 15 , 26 -6 6 0 9 15 , -11 12 -32 21 -1 -18 , 16 -30 30 0 -16 14 , 53 19 5 43 34 -21 , 9 10 7 -21 22 8 , 30 -7 -10 21 1 12 , -32 32 -12 -21 14 -13 , 39 36 -36 0 7 -29 , 0.0054187858106395171 , 0
2.2559637072662087 , 10 -5 -19 -43 -26 15 , 26 -6 6 0 9 15 , -11 12 -32 21 -1 -18 , 16 -30 30 0 -16 14 , 53 19 5 43 34 -21 , 9 10 7 -21 22 8 , 30 -7 -10 21 1 12 , -32 32 -12 -21 14 -13 , 39 36 -36 0 7 -29 , 0.0052951815075831608 , 0
2.260023977770562 , 10 -5 -19 -43 -26 15 , 26 -6 6 0 9 15 , -11 12 -32 21 -1 -18 , 16 -30 30 0 -16 14 , 53 19 5 43 34 -21 , 9 10 7 -21 22 8 , 30 -7 -10 21 1 12 , -32 32 -12 -21 14 -13 , 39 36 -36 0 7 -29 , 0.006023438399157705 , 0
2.260023977770562 , -5 -41 6 -44 -47 -4 , 28 -6 6 0 10 16 , 11 15 -7 -18 35 -3 , 13 5 -5 0 11 6 , 39 -6 41 44 -10 -6 , 10 28 -12 6 -3 31 , 4 12 -28 -6 43 -31 , 29 7 -15 18 4 20 , 40 1 -1 0 -21 -22 , 0.006371684760952641 , 1
2.2685302486693955 , -25 4 -21 -52 -33 -3 , 37 -13 13 0 9 22 , -17 25 -9 -16 14 -5 , 5 -23 23 0 -16 7 , 27 21 -4 52 18 -37 , -42 21 -4 -19 1 -19 , -23 4 -21 19 -15 -20 , -1 9 -25 16 4 -11 , 39 36 -36 0 7 -29 , 0.0057575580224067347 , 0
2.2685302486693955 , 22 -9 -58 -13 -11 -13 , 26 -6 6 0 9 15 , -15 -10 20 -25 9 -16 , 16 -30 30 0 -16 14 , 35 58 9 13 45 -2 , 24 -1 7 -6 13 16 , 30 -7 1 6 9 14 , 10 -20 10 25 -36 19 , 39 36 -36 0 7 -29 , 0.0061254908218977746 , 1
2.2685302486693955 , 16 -43 -41 -13 -19 -36 , 7 -29 29 0 -20 9 , -14 -7 -11 -3 16 -37 , 35 -7 7 0 13 20 , 29 41 43 13 5 24 , -4 2 -1 15 -25 14 , -19 1 -2 -15 15 -27 , -11 11 7 3 -26 23 , 39 36 -36 0 7 -29 , 0.0061349204244797806 , 2
2.2685302486693955 , -9 -45 -43 1 -50 -41 , 18 -18 18 0 -5 13 , -6 -6 -15 28 -23 -6 , 24 -18 18 0 -2 16 , -10 43 45 -1 2 -5 , -29 12 -9 -1 -8 -14 , -28 9 -12 1 -5 -20 , -34 15 6 -28 9 -17 , 39 36 -36 0 7 -29 , 0.0067565029165056632 , 3
2.271877603700035 , 22 -9 -58 -13 -11 -13 , 26 -6 6 0 9 15 , -15 -10 20 -25 9 -16 , 16 -30 30 0 -16 14 , 35 58 9 13 45 -2 , 24 -1 7 -6 13 16 , 30 -7 1 6 9 14 , 10 -20 10 25 -36 19 , 39 36 -36 0 7 -29 , 0.0053428975678544632 , 0
2.271877603700035 , 16 -43 -41 -13 -19 -36 , 7 -29 29 0 -20 9 , -14 -7 -11 -3 16 -37 , 35 -7 7 0 13 20 , 29 41 43 13 5 24 , -4 2 -1 15 -25 14 , -19 1 -2 -15 15 -27 , -11 11 7 3 -26 23 , 39 36 -36 0 7 -29 , 0.0056599368158752284 , 1
2.271877603700035 , -9 -45 -43 1 -50 -41 , 18 -18 18 0 -5 13 , -6 -6 -15 28 -23 -6 , 24 -18 18 0 -2 16 , -10 43 45 -1 2 -5 , -29 12 -9 -1 -8 -14 , -28 9 -12 1 -5 -20 , -34 15 6 -28 9 -17 , 39 36 -36 0 7 -29 , 0.0059542354313141012 , 2
2.271877603700035 , -25 4 -21 -52 -33 -3 , 37 -13 13 0 9 22 , -17 25 -9 -16 14 -5 , 5 -23 23 0 -16 7 , 27 21 -4 52 18 -37 , -42 21 -4 -19 1 -19 , -23 4 -21 19 -15 -20 , -1 9 -25 16 4 -11 , 39 36 -36 0 7 -29 , 0.0062250973225550935 , 3
2.272885184202676 , 22 -9 -58 -13 -11 -13 , 26 -6 6 0 9 15 , -15 -10 20 -25 9 -16 , 16 -30 30 0 -16 14 , 35 58 9 13 45 -2 , 24 -1 7 -6 13 16 , 30 -7 1 6 9 14 , 10 -20 10 25 -36 19 , 39 36 -36 0 7 -29 , 0.0052951815075832215 , 0
2.272885184202676 , 16 -43 -41 -13 -19 -36 , 7 -29 29 0 -20 9 , -14 -7 -11 -3 16 -37 , 35 -7 7 0 13 20 , 29 41 43 13 5 24 , -4 2 -1 15 -25 14 , -19 1 -2 -15 15 -27 , -11 11 7 3 -26 23 , 39 36 -36 0 7 -29 , 0.0057046026570602513 , 1
2.272885184202676 , -9 -45 -43 1 -50 -41 , 18 -18 18 0 -5 13 , -6 -6 -15 28 -23 -6 , 24 -18 18 0 -2 16 , -10 43 45 -1 2 -5 , -29 12 -9 -1 -8 -14 , -28 9 -12 1 -5 -20 , -34 15 6 -28 9 -17 , 39 36 -36 0 7 -29 , 0.005880253203614791 , 2
2.272885184202676 , -25 4 -21 -52 -33 -3 , 37 -13 13 0 9 22 , -17 25 -9 -16 14 -5 , 5 -23 23 0 -16 7 , 27 21 -4 52 18 -37 , -42 21 -4 -19 1 -19 , -23 4 -21 19 -15 -20 , -1 9 -25 16 4 -11 , 39 36 -36 0 7 -29 , 0.0065293302012412735 , 3
2.273250353539598 , 22 -9 -58 -13 -11 -13 , 26 -6 6 0 9 15 , -15 -10 20 -25 9 -16 , 16 -30 30 0 -16 14 , 35 58 9 13 45 -2 , 24 -1 7 -6 13 16 , 30 -7 1 6 9 14 , 10 -20 10 25 -36 19 , 39 36 -36 0 7 -29 , 0.0053014734987051407 , 0
2.273250353539598 , 16 -43 -41 -13 -19 -36 , 7 -29 29 0 -20 9 , -14 -7 -11 -3 16 -37 , 35 -7 7 0 13 20 , 29 41 43 13 5 24 , -4 2 -1 15 -25 14 , -19 1 -2 -15 15 -27 , -11 11 7 3 -26 23 , 39 36 -36 0 7 -29 , 0.0057425692096074506 , 1
2.273250353539598 , -9 -45 -43 1 -50 -41 , 18 -18 18 0 -5 13 , -6 -6 -15 28 -23 -6 , 24 -18 18 0 -2 16 , -10 43 45 -1 2 -5 , -29 12 -9 -1 -8 -14 , -28 9 -12 1 -5 -20 , -34 15 6 -28 9 -17 , 39 36 -36 0 7 -29 , 0.005874581158455041 , 2
2.2806324069064914 , 29 -13 -48 -18 -11 -4 , 10 -15 15 0 -7 8 , -34 13 -21 3 -1 -30 , 32 -21 21 0 0 21 , 47 48 13 18 44 2 , 8 6 7 -16 16 7 , 24 -7 -6 16 0 10 , -37 21 -13 -3 -9 -14 , 39 36 -36 0 7 -29 , 0.0058115391512888904 , 0
2.2806324069064914 , 18 -40 -18 -16 -46 2 , 45 -1 1 0 23 24 , -15 8 0 -12 6 -9 , 17 28 -28 0 32 4 , 34 18 40 16 20 -6 , 32 -18 10 10 -2 18 , 22 -10 18 -10 8 16 , -3 0 -8 12 -9 -2 , 19 -27 27 0 -55 -28 , 0.0068241562370607222 , 1
2.286677852274866 , 18 -40 -18 -16 -46 2 , 45 -1 1 0 23 24 , -15 8 0 -12 6 -9 , 17 28 -28 0 32 4 , 34 18 40 16 20 -6 , 32 -18 10 10 -2 18 , 22 -10 18 -10 8 16 , -3 0 -8 12 -9 -2 , 19 -27 27 0 -55 -28 , 0.0053193536076351902 , 0
2.286677852274866 , 20 -9 -33 -39 -6 -1 , 26 -6 6 0 9 15 , 16 -9 25 -20 10 15 , 16 -30 30 0 -16 14 , 59 33 9 39 32 3 , -21 -1 -12 9 -8 -22 , -30 12 1 -9 -10 -7 , 36 -25 9 20 -10 19 , 39 36 -36 0 7 -29 , 0.0058207660101303165 , 1
2.286677852274866 , 13 -24 -63 -2 -18 -34 , 30 -5 5 0 12 17 , -16 19 2 -32 28 -12 , 12 -31 31 0 -19 12 , 15 63 24 2 29 6 , 13 -10 -8 0 23 -19 , 13 8 10 0 -11 33 , 16 -2 -19 32 -14 9 , 39 36 -36 0 7 -29 , 0.0062441364476244904 , 2
2.2877600538020944 , 18 -40 -18 -16 -46 2 , 45 -1 1 0 23 24 , -15 8 0 -12 6 -9 , 17 28 -28 0 32 4 , 34 18 40 16 20 -6 , 32 -18 10 10 -2 18 , 22 -10 18 -10 8 16 , -3 0 -8 12 -9 -2 , 19 -27 27 0 -55 -28 , 0.0053741138324600157 , 0
2.2877600538020944 , 20 -9 -33 -39 -6 -1 , 26 -6 6 0 9 15 , 16 -9 25 -20 10 15 , 16 -30 30 0 -16 14 , 59 33 9 39 32 3 , -21 -1 -12 9 -8 -22 , -30 12 1 -9 -10 -7 , 36 -25 9 20 -10 19 , 39 36 -36 0 7 -29 , 0.0055468566581675025 , 1
2.2877600538020944 , 13 -24 -63 -2 -18 -34 , 30 -5 5 0 12 17 , -16 19 2 -32 28 -12 , 12 -31 31 0 -19 12 , 15 63 24 2 29 6 , 13 -10 -8 0 23 -19 , 13 8 10 0 -11 33 , 16 -2 -19 32 -14 9 , 39 36 -36 0 7 -29 , 0.0061970689639898983 , 2
2.2877600538020944 , -4 -29 4 -54 -35 1 , 13 5 -5 0 11 6 , -11 -22 44 -23 -18 9 , 28 -6 6 0 10 16 , 50 -4 29 54 -3 -6 , -20 -4 -18 15 -7 -29 , -35 18 4 -15 -11 -3 , 12 -44 22 23 -35 4 , 40 1 -1 0 -21 -22 , 0.0067135834006472814 , 3
2.2900961542527845 , 20 -9 -33 -39 -6 -1 , 26 -6 6 0 9 15 , 16 -9 25 -20 10 15 , 16 -30 30 0 -16 14 , 59 33 9 39 32 3 , -21 -1 -12 9 -8 -22 , -30 12 1 -9 -10 -7 , 36 -25 9 20 -10 19 , 39 36 -36 0 7 -29 , 0.0052951815075831642 , 0
2.2900961542527845 , 18 -40 -18 -16 -46 2 , 45 -1 1 0 23 24 , -15 8 0 -12 6 -9 , 17 28 -28 0 32 4 , 34 18 40 16 20 -6 , 32 -18 10 10 -2 18 , 22 -10 18 -10 8 16 , -3 0 -8 12 -9 -2 , 19 -27 27 0 -55 -28 , 0.0058427632068437894 , 1
2.2900961542527845 , -4 -29 4 -54 -35 1 , 13 5 -5 0 11 6 , -11 -22 44 -23 -18 9 , 28 -6 6 0 10 16 , 50 -4 29 54 -3 -6 , -20 -4 -18 15 -7 -29 , -35 18 4 -15 -11 -3 , 12 -44 22 23 -35 4 , 40 1 -1 0 -21 -22 , 0.0063885046407666781 , 2
2.2900961542527845 , 13 -24 -63 -2 -18 -34 , 30 -5 5 0 12 17 , -16 19 2 -32 28 -12 , 12 -31 31 0 -19 12 , 15 63 24 2 29 6 , 13 -10 -8 0 23 -19 , 13 8 10 0 -11 33 , 16 -2 -19 32 -14 9 , 39 36 -36 0 7 -29 , 0.0064134490145276489 , 3
2.29075132742786 , 20 -9 -33 -39 -6 -1 , 26 -6 6 0 9 15 , 16 -9 25 -20 10 15 , 16 -30 30 0 -16 14 , 59 33 9 39 32 3 , -21 -1 -12 9 -8 -22 , -30 12 1 -9 -10 -7 , 36 -25 9 20 -10 19 , 39 36 -36 0 7 -29 , 0.0053154089489612436 , 0
2.29075132742786 , 18 -40 -18 -16 -46 2 , 45 -1 1 0 23 24 , -15 8 0 -12 6 -9 , 17 28 -28 0 32 4 , 34 18 40 16 20 -6 , 32 -18 10 10 -2 18 , 22 -10 18 -10 8 16 , -3 0 -8 12 -9 -2 , 19 -27 27 0 -55 -28 , 0.0060491381200818073 , 1
2.29075132742786 , -4 -29 4 -54 -35 1 , 13 5 -5 0 11 6 , -11 -22 44 -23 -18 9 , 28 -6 6 0 10 16 , 50 -4 29 54 -3 -6 , -20 -4 -18 15 -7 -29 , -35 18 4 -15 -11 -3 , 12 -44 22 23 -35 4 , 40 1 -1 0 -21 -22 , 0.0063716847609525855 , 2
2.29075132742786 , 13 -24 -63 -2 -18 -34 , 30 -5 5 0 12 17 , -16 19 2 -32 28 -12 , 12 -31 31 0 -19 12 , 15 63 24 2 29 6 , 13 -10 -8 0 23 -19 , 13 8 10 0 -11 33 , 16 -2 -19 32 -14 9 , 39 36 -36 0 7 -29 , 0.0065480907621147076 , 3
2.2924362246727474 , 20 -9 -33 -39 -6 -1 , 26 -6 6 0 9 15 , 16 -9 25 -20 10 15 , 16 -30 30 0 -16 14 , 59 33 9 39 32 3 , -21 -1 -12 9 -8 -22 , -30 12 1 -9 -10 -7 , 36 -25 9 20 -10 19 , 39 36 -36 0 7 -29 , 0.0055476932931511954 , 0
2.2924362246727474 , -4 -29 4 -54 -35 1 , 13 5 -5 0 11 6 , -11 -22 44 -23 -18 9 , 28 -6 6 0 10 16 , 50 -4 29 54 -3 -6 , -20 -4 -18 15 -7 -29 , -35 18 4 -15 -11 -3 , 12 -44 22 23 -35 4 , 40 1 -1 0 -21 -22 , 0.0064821137570335889 , 1
2.2924362246727474 , 18 -40 -18 -16 -46 2 , 45 -1 1 0 23 24 , -15 8 0 -12 6 -9 , 17 28 -28 0 32 4 , 34 18 40 16 20 -6 , 32 -18 10 10 -2 18 , 22 -10 18 -10 8 16 , -3 0 -8 12 -9 -2 , 19 -27 27 0 -55 -28 , 0.0066988687153319649 , 2
2.2924362246727474 , -8 -14 -32 -42 -15 -24 , 19 28 -28 0 33 5 , 13 -17 28 -18 6 9 , 22 -29 29 0 -12 17 , 34 32 14 42 8 -1 , -17 -26 -1 12 -12 -34 , -29 1 26 -12 -33 14 , 31 -28 17 18 -19 23 , 40 1 -1 0 -21 -22 , 0.0067123192311396296 , 3
2.2924362246727474 , -19 -45 -20 -28 -42 -39 , 37 -13 13 0 9 22 , -4 -16 14 -9 1 -11 , 5 -23 23 0 -16 7 , 9 20 45 28 -19 3 , -39 13 -11 -7 -2 -27 , -32 11 -13 7 -16 -15 , 5 -14 16 9 -25 17 , 39 36 -36 0 7 -29 , 0.0068785415248202777 , 4
2.297758807023374 , -19 -45 -20 -28 -42 -39 , 37 -13 13 0 9 22 , -4 -16 14 -9 1 -11 , 5 -23 23 0 -16 7 , 9 20 45 28 -19 3 , -39 13 -11 -7 -2 -27 , -32 11 -13 7 -16 -15 , 5 -14 16 9 -25 17 , 39 36 -36 0 7 -29 , 0.0057575580224067955 , 0
2.297758807023374 , 7 -33 -41 -21 -17 -34 , 35 3 -3 0 21 18 , 23 -20 24 9 -23 31 , 7 -39 39 0 -28 11 , 28 41 33 21 7 16 , 14 9 -10 -9 30 -5 , 23 10 -9 9 5 21 , 14 -24 20 -9 7 -3 , 39 36 -36 0 7 -29 , 0.0061058498344460288 , 1
2.297758807023374 , -6 -16 -52 -25 -12 -39 , 16 24 -24 0 28 4 , 34 -15 19 7 -10 34 , 25 -25 25 0 -7 18 , 19 52 16 25 13 4 , 22 -30 -13 27 4 -22 , -5 13 30 -27 -9 34 , 27 -19 15 -7 15 5 , 40 1 -1 0 -21 -22 , 0.0068924507822839638 , 2
2.298629725282447 , -19 -45 -20 -28 -42 -39 , 37 -13 13 0 9 22 , -4 -16 14 -9 1 -11 , 5 -23 23 0 -16 7 , 9 20 45 28 -19 3 , -39 13 -11 -7 -2 -27 , -32 11 -13 7 -16 -15 , 5 -14 16 9 -25 17 , 39 36 -36 0 7 -29 , 0.0057903990969881622 , 0
2.298629725282447 , 7 -33 -41 -21 -17 -34 , 35 3 -3 0 21 18 , 23 -20 24 9 -23 31 , 7 -39 39 0 -28 11 , 28 41 33 21 7 16 , 14 9 -10 -9 30 -5 , 23 10 -9 9 5 21 , 14 -24 20 -9 7 -3 , 39 36 -36 0 7 -29 , 0.0058520936507049266 , 1
2.298629725282447 , -6 -16 -52 -25 -12 -39 , 16 24 -24 0 28 4 , 34 -15 19 7 -10 34 , 25 -25 25 0 -7 18 , 19 52 16 25 13 4 , 22 -30 -13 27 4 -22 , -5 13 30 -27 -9 34 , 27 -19 15 -7 15 5 , 40 1 -1 0 -21 -22 , 0.0068648839051580288 , 2
2.301678424144274 , 7 -33 -41 -21 -17 -34 , 35 3 -3 0 21 18 , 23 -20 24 9 -23 31 , 7 -39 39 0 -28 11 , 28 41 33 21 7 16 , 14 9 -10 -9 30 -5 , 23 10 -9 9 5 21 , 14 -24 20 -9 7 -3 , 39 36 -36 0 7 -29 , 0.0054405641949853345 , 0
2.301678424144274 , -19 -45 -20 -28 -42 -39 , 37 -13 13 0 9 22 , -4 -16 14 -9 1 -11 , 5 -23 23 0 -16 7 , 9 20 45 28 -19 3 , -39 13 -11 -7 -2 -27 , -32 11 -13 7 -16 -15 , 5 -14 16 9 -25 17 , 39 36 -36 0 7 -29 , 0.0063899241783783199 , 1
2.3078992679145824 , -31 -35 -21 -25 -57 -30 , 29 -25 25 0 -5 20 , -22 9 3 -7 -10 -2 , 13 -11 11 0 -2 9 , -6 21 35 25 -9 -22 , -41 27 -11 -16 3 -18 , -25 11 -27 16 -7 -24 , -15 -3 -9 7 -5 -19 , 39 36 -36 0 7 -29 , 0.0052203774733190593 , 0
2.3078992679145824 , 14 -21 -66 -6 -9 -37 , 20 -29 29 0 -13 16 , -7 -1 -21 9 11 -28 , 22 -7 7 0 6 13 , 20 66 21 6 29 12 , -38 24 -6 -24 12 -21 , -14 6 -24 24 -15 -12 , -16 21 1 -9 -7 12 , 39 36 -36 0 7 -29 , 0.0054330178513027679 , 1
2.3109782999171835 , 14 -21 -66 -6 -9 -37 , 20 -29 29 0 -13 16 , -7 -1 -21 9 11 -28 , 22 -7 7 0 6 13 , 20 66 21 6 29 12 , -38 24 -6 -24 12 -21 , -14 6 -24 24 -15 -12 , -16 21 1 -9 -7 12 , 39 36 -36 0 7 -29 , 0.0049533989101407062 , 0
2.3109782999171835 , 13 -20 -49 -21 -10 -25 , 12 -41 41 0 -27 14 , -23 3 14 -12 -14 1 , 30 5 -5 0 20 15 , 34 49 20 21 24 10 , 8 13 -22 26 -13 14 , -18 22 -13 -26 36 -26 , -11 -14 -3 12 -13 -17 , 39 36 -36 0 7 -29 , 0.0056125721515902487 , 1
2.3109782999171835 , -31 -35 -21 -25 -57 -30 , 29 -25 25 0 -5 20 , -22 9 3 -7 -10 -2 , 13 -11 11 0 -2 9 , -6 21 35 25 -9 -22 , -41 27 -11 -16 3 -18 , -25 11 -27 16 -7 -24 , -15 -3 -9 7 -5 -19 , 39 36 -36 0 7 -29 , 0.0056561949493435636 , 2
2.311056675031491 , 14 -21 -66 -6 -9 -37 , 20 -29 29 0 -13 16 , -7 -1 -21 9 11 -28 , 22 -7 7 0 6 13 , 20 66 21 6 29 12 , -38 24 -6 -24 12 -21 , -14 6 -24 24 -15 -12 , -16 21 1 -9 -7 12 , 39 36 -36 0 7 -29 , 0.0049530888789856113 , 0
2.311056675031491 , 13 -20 -49 -21 -10 -25 , 12 -41 41 0 -27 14 , -23 3 14 -12 -14 1 , 30 5 -5 0 20 15 , 34 49 20 21 24 10 , 8 13 -22 26 -13 14 , -18 22 -13 -26 36 -26 , -11 -14 -3 12 -13 -17 , 39 36 -36 0 7 -29 , 0.0055899260552938991 , 1
2.311056675031491 , -31 -35 -21 -25 -57 -30 , 29 -25 25 0 -5 20 , -22 9 3 -7 -10 -2 , 13 -11 11 0 -2 9 , -6 21 35 25 -9 -22 , -41 27 -11 -16 3 -18 , -25 11 -27 16 -7 -24 , -15 -3 -9 7 -5 -19 , 39 36 -36 0 7 -29 , 0.0056777575771402179 , 2
2.3142544057963774 , 13 -20 -49 -21 -10 -25 , 12 -41 41 0 -27 14 , -23 3 14 -12 -14 1 , 30 5 -5 0 20 15 , 34 49 20 21 24 10 , 8 13 -22 26 -13 14 , -18 22 -13 -26 36 -26 , -11 -14 -3 12 -13 -17 , 39 36 -36 0 7 -29 , 0.0051121963084980139 , 0
2.3142544057963774 , 14 -21 -66 -6 -9 -37 , 20 -29 29 0 -13 16 , -7 -1 -21 9 11 -28 , 22 -7 7 0 6 13 , 20 66 21 6 29 12 , -38 24 -6 -24 12 -21 , -14 6 -24 24 -15 -12 , -16 21 1 -9 -7 12 , 39 36 -36 0 7 -29 , 0.005444796938098068 , 1
2.3181757829630762 , -14 -41 -22 -24 -45 -29 , 30 5 -5 0 20 15 , -28 27 -22 2 -3 -10 , 12 -41 41 0 -27 14 , 10 22 41 24 -7 -4 , -11 3 22 -15 -14 17 , 4 -22 -3 15 -5 -17 , -30 22 -27 -2 12 -30 , 39 36 -36 0 7 -29 , 0.0054889875977930198 , 0
2.3181757829630762 , 13 -20 -49 -21 -10 -25 , 12 -41 41 0 -27 14 , -23 3 14 -12 -14 1 , 30 5 -5 0 20 15 , 34 49 20 21 24 10 , 8 13 -22 26 -13 14 , -18 22 -13 -26 36 -26 , -11 -14 -3 12 -13 -17 , 39 36 -36 0 7 -29 , 0.0058157649039894998 , 1
2.32100224657186 , -14 -41 -22 -24 -45 -29 , 30 5 -5 0 20 15 , -28 27 -22 2 -3 -10 , 12 -41 41 0 -27 14 , 10 22 41 24 -7 -4 , -11 3 22 -15 -14 17 , 4 -22 -3 15 -5 -17 , -30 22 -27 -2 12 -30 , 39 36 -36 0 7 -29 , 0.0051121963084979479 , 0
2.3224784277477633 , -14 -41 -22 -24 -45 -29 , 30 5 -5 0 20 15 , -28 27 -22 2 -3 -10 , 12 -41 41 0 -27 14 , 10 22 41 24 -7 -4 , -11 3 22 -15 -14 17 , 4 -22 -3 15 -5 -17 , -30 22 -27 -2 12 -30 , 39 36 -36 0 7 -29 , 0.0052176721535232918 , 0
2.327152912334091 , 13 -27 -53 -19 -4 -38 , 37 -13 13 0 9 22 , 4 -11 1 -5 14 -16 , 5 -23 23 0 -16 7 , 32 53 27 19 15 23 , -42 21 -4 -19 1 -19 , -23 4 -21 19 -15 -20 , 9 -1 11 5 -17 25 , 39 36 -36 0 7 -29 , 0.0057575580224067851 , 0
2.327152912334091 , -3 10 -37 -43 -17 4 , 26 -6 6 0 9 15 , -36 19 -10 -16 9 -25 , 16 -30 30 0 -16 14 , 40 37 -10 43 41 -27 , 1 4 -22 2 25 -26 , -1 22 -4 -2 -4 21 , -20 10 -19 16 -15 -10 , 39 36 -36 0 7 -29 , 0.005836210342069101 , 1
2.327152912334091 , -14 -41 -22 -24 -45 -29 , 30 5 -5 0 20 15 , -28 27 -22 2 -3 -10 , 12 -41 41 0 -27 14 , 10 22 41 24 -7 -4 , -11 3 22 -15 -14 17 , 4 -22 -3 15 -5 -17 , -30 22 -27 -2 12 -30 , 39 36 -36 0 7 -29 , 0.0067119159163048382 , 2
2.3306234826668217 , -3 10 -37 -43 -17 4 , 26 -6 6 0 9 15 , -36 19 -10 -16 9 -25 , 16 -30 30 0 -16 14 , 40 37 -10 43 41 -27 , 1 4 -22 2 25 -26 , -1 22 -4 -2 -4 21 , -20 10 -19 16 -15 -10 , 39 36 -36 0 7 -29 , 0.0052951815075831677 , 0
2.3306234826668217 , -25 -4 -23 -47 -34 -9 , 34 1 -1 0 19 18 , 18 -28 21 -3 1 1 , 8 -37 37 0 -26 11 , 22 23 4 47 14 -30 , 26 -7 -4 2 20 0 , 24 4 7 -2 4 27 , 21 -21 28 3 -20 29 , 39 36 -36 0 7 -29 , 0.0061509030892197558 , 1
2.3306234826668217 , 13 -27 -53 -19 -4 -38 , 37 -13 13 0 9 22 , 4 -11 1 -5 14 -16 , 5 -23 23 0 -16 7 , 32 53 27 19 15 23 , -42 21 -4 -19 1 -19 , -23 4 -21 19 -15 -20 , 9 -1 11 5 -17 25 , 39 36 -36 0 7 -29 , 0.006258743535690987 , 2
2.3333828252632465 , -3 10 -37 -43 -17 4 , 26 -6 6 0 9 15 , -36 19 -10 -16 9 -25 , 16 -30 30 0 -16 14 , 40 37 -10 43 41 -27 , 1 4 -22 2 25 -26 , -1 22 -4 -2 -4 21 , -20 10 -19 16 -15 -10 , 39 36 -36 0 7 -29 , 0.0056432187061163964 , 0
2.3333828252632465 , -25 -4 -23 -47 -34 -9 , 34 1 -1 0 19 18 , 18 -28 21 -3 1 1 , 8 -37 37 0 -26 11 , 22 23 4 47 14 -30 , 26 -7 -4 2 20 0 , 24 4 7 -2 4 27 , 21 -21 28 3 -20 29 , 39 36 -36 0 7 -29 , 0.0058332361811371213 , 1
2.342407546715353 , -11 -15 -40 -26 -30 -21 , 49 -5 5 0 22 27 , -14 15 -15 -1 6 -11 , -7 -31 31 0 -29 2 , 15 40 15 26 19 -15 , -35 6 -18 1 1 -37 , -36 18 -6 -1 -19 -5 , -13 15 -15 1 4 -9 , 39 36 -36 0 7 -29 , 0.0049766157239035736 , 0
2.342407546715353 , -37 -15 -16 -47 -44 -19 , 37 -13 13 0 9 22 , -17 25 -9 -16 14 -5 , 5 -23 23 0 -16 7 , 10 16 15 47 -3 -29 , -33 35 -9 -17 2 -1 , -16 9 -35 17 8 -33 , -1 9 -25 16 4 -11 , 39 36 -36 0 7 -29 , 0.0059572666645713399 , 1
2.343068422262857 , -11 -15 -40 -26 -30 -21 , 49 -5 5 0 22 27 , -14 15 -15 -1 6 -11 , -7 -31 31 0 -29 2 , 15 40 15 26 19 -15 , -35 6 -18 1 1 -37 , -36 18 -6 -1 -19 -5 , -13 15 -15 1 4 -9 , 39 36 -36 0 7 -29 , 0.0049546267761837069 , 0
2.343068422262857 , -37 -15 -16 -47 -44 -19 , 37 -13 13 0 9 22 , -17 25 -9 -16 14 -5 , 5 -23 23 0 -16 7 , 10 16 15 47 -3 -29 , -33 35 -9 -17 2 -1 , -16 9 -35 17 8 -33 , -1 9 -25 16 4 -11 , 39 36 -36 0 7 -29 , 0.0058547289944543106 , 1
2.344570676010545 , -11 -15 -40 -26 -30 -21 , 49 -5 5 0 22 27 , -14 15 -15 -1 6 -11 , -7 -31 31 0 -29 2 , 15 40 15 26 19 -15 , -35 6 -18 1 1 -37 , -36 18 -6 -1 -19 -5 , -13 15 -15 1 4 -9 , 39 36 -36 0 7 -29 , 0.0050672187770753946 , 0
2.344570676010545 , -37 -15 -16 -47 -44 -19 , 37 -13 13 0 9 22 , -17 25 -9 -16 14 -5 , 5 -23 23 0 -16 7 , 10 16 15 47 -3 -29 , -33 35 -9 -17 2 -1 , -16 9 -35 17 8 -33 , -1 9 -25 16 4 -11 , 39 36 -36 0 7 -29 , 0.0057575580224066914 , 1
2.3496303203177686 , -3 -38 -43 -10 -34 -36 , 30 5 -5 0 20 15 , -12 30 -30 10 3 -2 , 12 -41 41 0 -27 14 , 7 43 38 10 7 4 , 14 3 -23 13 17 -11 , 1 23 -3 -13 12 14 , -22 30 -30 -10 28 -27 , 39 36 -36 0 7 -29 , 0.0051700786189418603 , 0
2.3496303203177686 , -19 -30 -6 -45 -43 -12 , 34 1 -1 0 19 18 , 31 -19 17 11 -13 28 , 8 -37 37 0 -26 11 , 26 6 30 45 -6 -13 , -7 26 0 -27 24 4 , 20 0 -26 27 4 -2 , 20 -17 19 -11 11 6 , 39 36 -36 0 7 -29 , 0.0060397321298472882 , 1
2.350721341772776 , -3 -38 -43 -10 -34 -36 , 30 5 -5 0 20 15 , -12 30 -30 10 3 -2 , 12 -41 41 0 -27 14 , 7 43 38 10 7 4 , 14 3 -23 13 17 -11 , 1 23 -3 -13 12 14 , -22 30 -30 -10 28 -27 , 39 36 -36 0 7 -29 , 0.0051121963084980095 , 0
2.350721341772776 , -19 -30 -6 -45 -43 -12 , 34 1 -1 0 19 18 , 31 -19 17 11 -13 28 , 8 -37 37 0 -26 11 , 26 6 30 45 -6 -13 , -7 26 0 -27 24 4 , 20 0 -26 27 4 -2 , 20 -17 19 -11 11 6 , 39 36 -36 0 7 -29 , 0.005887071010982071 , 1
2.3518446976313534 , -3 -38 -43 -10 -34 -36 , 30 5 -5 0 20 15 , -12 30 -30 10 3 -2 , 12 -41 41 0 -27 14 , 7 43 38 10 7 4 , 14 3 -23 13 17 -11 , 1 23 -3 -13 12 14 , -22 30 -30 -10 28 -27 , 39 36 -36 0 7 -29 , 0.0051735397055540427 , 0
2.3518446976313534 , -19 -30 -6 -45 -43 -12 , 34 1 -1 0 19 18 , 31 -19 17 11 -13 28 , 8 -37 37 0 -26 11 , 26 6 30 45 -6 -13 , -7 26 0 -27 24 4 , 20 0 -26 27 4 -2 , 20 -17 19 -11 11 6 , 39 36 -36 0 7 -29 , 0.0058332361811371126 , 1
2.3518446976313534 , 12 -1 -45 -42 6 -13 , 28 -17 17 0 1 18 , -24 2 -5 -9 7 -27 , 14 -19 19 0 -8 11 , 54 45 1 42 32 7 , 0 30 -27 8 8 7 , -8 27 -30 -8 34 -22 , -15 5 -2 9 -22 5 , 39 36 -36 0 7 -29 , 0.0059712818651956661 , 2
2.356184169249479 , 12 -1 -45 -42 6 -13 , 28 -17 17 0 1 18 , -24 2 -5 -9 7 -27 , 14 -19 19 0 -8 11 , 54 45 1 42 32 7 , 0 30 -27 8 8 7 , -8 27 -30 -8 34 -22 , -15 5 -2 9 -22 5 , 39 36 -36 0 7 -29 , 0.005122571301523323 , 0
2.356184169249479 , -24 -15 -15 -46 -40 -9 , 30 5 -5 0 20 15 , -26 13 -14 -18 26 -36 , 12 -41 41 0 -27 14 , 22 15 15 46 6 -25 , 11 -3 -22 15 14 -17 , -4 22 3 -15 5 17 , -8 14 -13 18 -22 13 , 39 36 -36 0 7 -29 , 0.005192319115263958 , 1
2.357469182548258 , -24 -15 -15 -46 -40 -9 , 30 5 -5 0 20 15 , -26 13 -14 -18 26 -36 , 12 -41 41 0 -27 14 , 22 15 15 46 6 -25 , 11 -3 -22 15 14 -17 , -4 22 3 -15 5 17 , -8 14 -13 18 -22 13 , 39 36 -36 0 7 -29 , 0.0051121963084979896 , 0
2.357469182548258 , 12 -1 -45 -42 6 -13 , 28 -17 17 0 1 18 , -24 2 -5 -9 7 -27 , 14 -19 19 0 -8 11 , 54 45 1 42 32 7 , 0 30 -27 8 8 7 , -8 27 -30 -8 34 -22 , -15 5 -2 9 -22 5 , 39 36 -36 0 7 -29 , 0.0052025343262092696 , 1
2.3619653274170926 , -24 -15 -15 -46 -40 -9 , 30 5 -5 0 20 15 , -26 13 -14 -18 26 -36 , 12 -41 41 0 -27 14 , 22 15 15 46 6 -25 , 11 -3 -22 15 14 -17 , -4 22 3 -15 5 17 , -8 14 -13 18 -22 13 , 39 36 -36 0 7 -29 , 0.0060201471025823038 , 0
2.3619653274170926 , 12 -1 -45 -42 6 -13 , 28 -17 17 0 1 18 , -24 2 -5 -9 7 -27 , 14 -19 19 0 -8 11 , 54 45 1 42 32 7 , 0 30 -27 8 8 7 , -8 27 -30 -8 34 -22 , -15 5 -2 9 -22 5 , 39 36 -36 0 7 -29 , 0.0065537440903599038 , 1
2.3619653274170926 , -6 -30 -48 1 -50 -23 , 10 -4 4 0 2 6 , -37 27 6 -15 -19 11 , 31 3 -3 0 19 16 , -7 48 30 -1 25 -20 , -21 31 -6 -25 19 -4 , 4 6 -31 25 2 -12 , -22 -6 -27 15 5 -46 , 40 1 -1 0 -21 -22 , 0.006663389689762691 , 2
2.368480898867535 , -27 -21 -26 -34 -42 -23 , 35 3 -3 0 21 18 , -5 5 -15 24 -22 5 , 7 -39 39 0 -28 11 , 7 26 21 34 3 -21 , -9 -14 -5 21 -23 -10 , -30 5 14 -21 -5 -9 , -29 15 -5 -24 20 -27 , 39 36 -36 0 7 -29 , 0.0055518642284763768 , 0
2.368480898867535 , 31 -37 -49 -7 -13 -22 , 27 -19 19 0 -1 18 , -25 19 -4 -7 -7 -1 , 15 -17 17 0 -6 11 , 38 49 37 7 27 24 , 29 -12 13 -7 15 12 , 36 -13 12 7 -1 27 , -18 4 -19 7 3 -26 , 39 36 -36 0 7 -29 , 0.0063824627671921295 , 1
2.368480898867535 , -18 -2 -27 -49 -23 -9 , 7 -39 39 0 -28 11 , -30 9 5 -9 -14 -5 , 35 3 -3 0 21 18 , 31 27 2 49 18 -21 , -10 13 -27 21 -8 -8 , -31 27 -13 -21 19 -21 , -21 -5 -9 9 -10 -23 , 39 36 -36 0 7 -29 , 0.0064852977075555611 , 2
2.370045164200362 , -27 -21 -26 -34 -42 -23 , 35 3 -3 0 21 18 , -5 5 -15 24 -22 5 , 7 -39 39 0 -28 11 , 7 26 21 34 3 -21 , -9 -14 -5 21 -23 -10 , -30 5 14 -21 -5 -9 , -29 15 -5 -24 20 -27 , 39 36 -36 0 7 -29 , 0.0054405641949853293 , 0
2.370045164200362 , -18 -2 -27 -49 -23 -9 , 7 -39 39 0 -28 11 , -30 9 5 -9 -14 -5 , 35 3 -3 0 21 18 , 31 27 2 49 18 -21 , -10 13 -27 21 -8 -8 , -31 27 -13 -21 19 -21 , -21 -5 -9 9 -10 -23 , 39 36 -36 0 7 -29 , 0.0059560025112859426 , 1
2.370045164200362 , -1 -29 -21 -39 -23 -17 , 12 35 -35 0 35 0 , -1 -4 -8 25 -26 7 , 50 -8 8 0 20 28 , 38 21 29 39 4 6 , 12 -2 -1 0 9 2 , 12 1 2 0 3 11 , -26 8 4 -25 15 -22 , 19 -27 27 0 -55 -28 , 0.0063579845926262602 , 2
2.370045164200362 , 31 -37 -49 -7 -13 -22 , 27 -19 19 0 -1 18 , -25 19 -4 -7 -7 -1 , 15 -17 17 0 -6 11 , 38 49 37 7 27 24 , 29 -12 13 -7 15 12 , 36 -13 12 7 -1 27 , -18 4 -19 7 3 -26 , 39 36 -36 0 7 -29 , 0.0064775987233017659 , 3
2.373472773876995 , -1 -29 -21 -39 -23 -17 , 12 35 -35 0 35 0 , -1 -4 -8 25 -26 7 , 50 -8 8 0 20 28 , 38 21 29 39 4 6 , 12 -2 -1 0 9 2 , 12 1 2 0 3 11 , -26 8 4 -25 15 -22 , 19 -27 27 0 -55 -28 , 0.0048220579378844492 , 0
2.373472773876995 , -18 -2 -27 -49 -23 -9 , 7 -39 39 0 -28 11 , -30 9 5 -9 -14 -5 , 35 3 -3 0 21 18 , 31 27 2 49 18 -21 , -10 13 -27 21 -8 -8 , -31 27 -13 -21 19 -21 , -21 -5 -9 9 -10 -23 , 39 36 -36 0 7 -29 , 0.0054405641949852963 , 1
2.373472773876995 , -27 -21 -26 -34 -42 -23 , 35 3 -3 0 21 18 , -5 5 -15 24 -22 5 , 7 -39 39 0 -28 11 , 7 26 21 34 3 -21 , -9 -14 -5 21 -23 -10 , -30 5 14 -21 -5 -9 , -29 15 -5 -24 20 -27 , 39 36 -36 0 7 -29 , 0.005956002511285443 , 2
2.3767688158622486 , -1 -29 -21 -39 -23 -17 , 12 35 -35 0 35 0 , -1 -4 -8 25 -26 7 , 50 -8 8 0 20 28 , 38 21 29 39 4 6 , 12 -2 -1 0 9 2 , 12 1 2 0 3 11 , -26 8 4 -25 15 -22 , 19 -27 27 0 -55 -28 , 0.0042214114588285641 , 0
2.378621600292252 , -1 -29 -21 -39 -23 -17 , 12 35 -35 0 35 0 , -1 -4 -8 25 -26 7 , 50 -8 8 0 20 28 , 38 21 29 39 4 6 , 12 -2 -1 0 9 2 , 12 1 2 0 3 11 , -26 8 4 -25 15 -22 , 19 -27 27 0 -55 -28 , 0.0044200355484604378 , 0
2.378621600292252 , 10 -46 -53 8 -37 -36 , 14 -19 19 0 -8 11 , 34 -8 -8 27 -8 22 , 28 -17 17 0 1 18 , 2 53 46 -8 17 9 , -5 2 -24 22 -5 -15 , -27 24 -2 -22 9 -7 , 7 8 8 -27 30 0 , 39 36 -36 0 7 -29 , 0.0051225713015232103 , 1
2.378621600292252 , 10 -11 -44 -31 -8 -14 , 12 -41 41 0 -27 14 , 15 14 -17 4 17 5 , 30 5 -5 0 20 15 , 41 44 11 31 30 3 , 18 -22 13 26 -36 26 , -8 -13 22 -26 13 -14 , 11 17 -14 -4 22 3 , 39 36 -36 0 7 -29 , 0.0051977628101676394 , 2
2.3799499001267543 , -1 -29 -21 -39 -23 -17 , 12 35 -35 0 35 0 , -1 -4 -8 25 -26 7 , 50 -8 8 0 20 28 , 38 21 29 39 4 6 , 12 -2 -1 0 9 2 , 12 1 2 0 3 11 , -26 8 4 -25 15 -22 , 19 -27 27 0 -55 -28 , 0.0047832986793590873 , 0
2.3799499001267543 , 10 -11 -44 -31 -8 -14 , 12 -41 41 0 -27 14 , 15 14 -17 4 17 5 , 30 5 -5 0 20 15 , 41 44 11 31 30 3 , 18 -22 13 26 -36 26 , -8 -13 22 -26 13 -14 , 11 17 -14 -4 22 3 , 39 36 -36 0 7 -29 , 0.0051121963084980269 , 1
2.3799499001267543 , 10 -46 -53 8 -37 -36 , 14 -19 19 0 -8 11 , 34 -8 -8 27 -8 22 , 28 -17 17 0 1 18 , 2 53 46 -8 17 9 , -5 2 -24 22 -5 -15 , -27 24 -2 -22 9 -7 , 7 8 8 -27 30 0 , 39 36 -36 0 7 -29 , 0.0052079673433989351 , 2
2.3825366861768127 , 10 -11 -44 -31 -8 -14 , 12 -41 41 0 -27 14 , 15 14 -17 4 17 5 , 30 5 -5 0 20 15 , 41 44 11 31 30 3 , 18 -22 13 26 -36 26 , -8 -13 22 -26 13 -14 , 11 17 -14 -4 22 3 , 39 36 -36 0 7 -29 , 0.0054295736540509029 , 0
2.3825366861768127 , 8 -30 -30 -10 -50 2 , 45 -1 1 0 23 24 , 12 -9 -2 15 -9 6 , 17 28 -28 0 32 4 , 18 30 30 10 32 -20 , -6 26 -30 6 14 -8 , -12 30 -26 -6 22 -12 , -3 2 9 -15 8 0 , 19 -27 27 0 -55 -28 , 0.0056074209685840438 , 1
2.3825366861768127 , -7 -44 -21 -15 -55 -16 , 40 -4 4 0 18 22 , -13 10 -20 14 -7 -10 , 2 -32 32 0 -25 7 , 8 21 44 15 5 -11 , -21 -14 9 -13 4 -29 , -8 -9 14 13 -38 18 , -27 20 -10 -14 10 -17 , 39 36 -36 0 7 -29 , 0.0056865440715743653 , 2
2.3825366861768127 , 10 -46 -53 8 -37 -36 , 14 -19 19 0 -8 11 , 34 -8 -8 27 -8 22 , 28 -17 17 0 1 18 , 2 53 46 -8 17 9 , -5 2 -24 22 -5 -15 , -27 24 -2 -22 9 -7 , 7 8 8 -27 30 0 , 39 36 -36 0 7 -29 , 0.0058227704968357372 , 3
2.3825366861768127 , -1 -29 -21 -39 -23 -17 , 12 35 -35 0 35 0 , -1 -4 -8 25 -26 7 , 50 -8 8 0 20 28 , 38 21 29 39 4 6 , 12 -2 -1 0 9 2 , 12 1 2 0 3 11 , -26 8 4 -25 15 -22 , 19 -27 27 0 -55 -28 , 0.0058697883082354059 , 4
2.3850457360697708 , -7 -44 -21 -15 -55 -16 , 40 -4 4 0 18 22 , -13 10 -20 14 -7 -10 , 2 -32 32 0 -25 7 , 8 21 44 15 5 -11 , -21 -14 9 -13 4 -29 , -8 -9 14 13 -38 18 , -27 20 -10 -14 10 -17 , 39 36 -36 0 7 -29 , 0.0050918864880273047 , 0
2.3850457360697708 , 8 -30 -30 -10 -50 2 , 45 -1 1 0 23 24 , 12 -9 -2 15 -9 6 , 17 28 -28 0 32 4 , 18 30 30 10 32 -20 , -6 26 -30 6 14 -8 , -12 30 -26 -6 22 -12 , -3 2 9 -15 8 0 , 19 -27 27 0 -55 -28 , 0.0053193536076351963 , 1
2.3850457360697708 , 10 -11 -44 -31 -8 -14 , 12 -41 41 0 -27 14 , 15 14 -17 4 17 5 , 30 5 -5 0 20 15 , 41 44 11 31 30 3 , 18 -22 13 26 -36 26 , -8 -13 22 -26 13 -14 , 11 17 -14 -4 22 3 , 39 36 -36 0 7 -29 , 0.0062544600915001173 , 2
2.386345763022803 , -7 -44 -21 -15 -55 -16 , 40 -4 4 0 18 22 , -13 10 -20 14 -7 -10 , 2 -32 32 0 -25 7 , 8 21 44 15 5 -11 , -21 -14 9 -13 4 -29 , -8 -9 14 13 -38 18 , -27 20 -10 -14 10 -17 , 39 36 -36 0 7 -29 , 0.0050082208123127074 , 0
2.386345763022803 , 8 -30 -30 -10 -50 2 , 45 -1 1 0 23 24 , 12 -9 -2 15 -9 6 , 17 28 -28 0 32 4 , 18 30 30 10 32 -20 , -6 26 -30 6 14 -8 , -12 30 -26 -6 22 -12 , -3 2 9 -15 8 0 , 19 -27 27 0 -55 -28 , 0.005398199045877866 , 1
2.3883857981334917 , -7 -44 -21 -15 -55 -16 , 40 -4 4 0 18 22 , -13 10 -20 14 -7 -10 , 2 -32 32 0 -25 7 , 8 21 44 15 5 -11 , -21 -14 9 -13 4 -29 , -8 -9 14 13 -38 18 , -27 20 -10 -14 10 -17 , 39 36 -36 0 7 -29 , 0.0052118269813761289 , 0
2.3883857981334917 , 8 -30 -30 -10 -50 2 , 45 -1 1 0 23 24 , 12 -9 -2 15 -9 6 , 17 28 -28 0 32 4 , 18 30 30 10 32 -20 , -6 26 -30 6 14 -8 , -12 30 -26 -6 22 -12 , -3 2 9 -15 8 0 , 19 -27 27 0 -55 -28 , 0.0058200942114820624 , 1
2.3883857981334917 , -23 7 -20 -62 -20 -1 , 27 -9 9 0 7 16 , -18 8 -13 15 -19 -4 , 15 -27 27 0 -14 13 , 39 20 -7 62 19 -27 , 19 -13 -18 34 -11 -1 , -15 18 13 -34 17 2 , -33 13 -8 -15 9 -27 , 39 36 -36 0 7 -29 , 0.0059293115973123849 , 2
2.3883857981334917 , -29 -28 -19 -28 -58 -16 , 30 -5 5 0 12 17 , -14 9 -16 -12 28 -32 , 12 -31 31 0 -19 12 , -1 19 28 28 3 -30 , 13 -10 -8 0 23 -19 , 13 8 10 0 -11 33 , -2 16 -9 12 -16 19 , 39 36 -36 0 7 -29 , 0.0061970689639898663 , 3
2.3927888474372563 , -23 7 -20 -62 -20 -1 , 27 -9 9 0 7 16 , -18 8 -13 15 -19 -4 , 15 -27 27 0 -14 13 , 39 20 -7 62 19 -27 , 19 -13 -18 34 -11 -1 , -15 18 13 -34 17 2 , -33 13 -8 -15 9 -27 , 39 36 -36 0 7 -29 , 0.005046122306135911 , 0
2.3927888474372563 , -19 -16 -11 -39 -53 7 , 36 -10 10 0 11 21 , -4 15 -28 13 8 -12 , 6 -26 26 0 -18 8 , 20 11 16 39 18 -37 , -4 25 -12 -25 39 -12 , 21 12 -25 25 0 14 , -17 28 -15 -13 16 -7 , 39 36 -36 0 7 -29 , 0.0050968423218902366 , 1
2.3927888474372563 , -35 -26 -15 -33 -60 -15 , 24 -23 23 0 -6 17 , 0 -14 20 6 -29 18 , 18 -13 13 0 -1 12 , -2 15 26 33 0 -34 , -3 -9 3 23 -36 14 , -26 -3 9 -23 11 -27 , -6 -20 14 -6 -2 -15 , 39 36 -36 0 7 -29 , 0.0059056124284657058 , 2
2.394483248354756 , -19 -16 -11 -39 -53 7 , 36 -10 10 0 11 21 , -4 15 -28 13 8 -12 , 6 -26 26 0 -18 8 , 20 11 16 39 18 -37 , -4 25 -12 -25 39 -12 , 21 12 -25 25 0 14 , -17 28 -15 -13 16 -7 , 39 36 -36 0 7 -29 , 0.0049540194701869038 , 0
2.394483248354756 , -23 7 -20 -62 -20 -1 , 27 -9 9 0 7 16 , -18 8 -13 15 -19 -4 , 15 -27 27 0 -14 13 , 39 20 -7 62 19 -27 , 19 -13 -18 34 -11 -1 , -15 18 13 -34 17 2 , -33 13 -8 -15 9 -27 , 39 36 -36 0 7 -29 , 0.0051864094266806486 , 1
2.394483248354756 , -35 -26 -15 -33 -60 -15 , 24 -23 23 0 -6 17 , 0 -14 20 6 -29 18 , 18 -13 13 0 -1 12 , -2 15 26 33 0 -34 , -3 -9 3 23 -36 14 , -26 -3 9 -23 11 -27 , -6 -20 14 -6 -2 -15 , 39 36 -36 0 7 -29 , 0.0053638624638129816 , 2
2.394483248354756 , -15 -18 1 -54 -43 10 , 26 -6 6 0 9 15 , -15 16 -9 10 -20 10 , 16 -30 30 0 -16 14 , 39 -1 18 54 9 -25 , -7 -23 18 -5 -8 -12 , -2 -18 23 5 -30 15 , -25 9 -16 -10 19 -36 , 39 36 -36 0 7 -29 , 0.0061255691180909138 , 3
2.3972392450151534 , -35 -26 -15 -33 -60 -15 , 24 -23 23 0 -6 17 , 0 -14 20 6 -29 18 , 18 -13 13 0 -1 12 , -2 15 26 33 0 -34 , -3 -9 3 23 -36 14 , -26 -3 9 -23 11 -27 , -6 -20 14 -6 -2 -15 , 39 36 -36 0 7 -29 , 0.0049973267253671464 , 0
2.3972392450151534 , -19 -16 -11 -39 -53 7 , 36 -10 10 0 11 21 , -4 15 -28 13 8 -12 , 6 -26 26 0 -18 8 , 20 11 16 39 18 -37 , -4 25 -12 -25 39 -12 , 21 12 -25 25 0 14 , -17 28 -15 -13 16 -7 , 39 36 -36 0 7 -29 , 0.0053235378697623452 , 1
2.3972392450151534 , -15 -18 1 -54 -43 10 , 26 -6 6 0 9 15 , -15 16 -9 10 -20 10 , 16 -30 30 0 -16 14 , 39 -1 18 54 9 -25 , -7 -23 18 -5 -8 -12 , -2 -18 23 5 -30 15 , -25 9 -16 -10 19 -36 , 39 36 -36 0 7 -29 , 0.005414572655770734 , 2
2.3972392450151534 , -23 7 -20 -62 -20 -1 , 27 -9 9 0 7 16 , -18 8 -13 15 -19 -4 , 15 -27 27 0 -14 13 , 39 20 -7 62 19 -27 , 19 -13 -18 34 -11 -1 , -15 18 13 -34 17 2 , -33 13 -8 -15 9 -27 , 39 36 -36 0 7 -29 , 0.0059469599687861857 , 3
2.3988384041419604 , -35 -26 -15 -33 -60 -15 , 24 -23 23 0 -6 17 , 0 -14 20 6 -29 18 , 18 -13 13 0 -1 12 , -2 15 26 33 0 -34 , -3 -9 3 23 -36 14 , -26 -3 9 -23 11 -27 , -6 -20 14 -6 -2 -15 , 39 36 -36 0 7 -29 , 0.005123663262395375 , 0
2.3988384041419604 , -15 -18 1 -54 -43 10 , 26 -6 6 0 9 15 , -15 16 -9 10 -20 10 , 16 -30 30 0 -16 14 , 39 -1 18 54 9 -25 , -7 -23 18 -5 -8 -12 , -2 -18 23 5 -30 15 , -25 9 -16 -10 19 -36 , 39 36 -36 0 7 -29 , 0.0052951815075831217 , 1
2.3988384041419604 , -19 -16 -11 -39 -53 7 , 36 -10 10 0 11 21 , -4 15 -28 13 8 -12 , 6 -26 26 0 -18 8 , 20 11 16 39 18 -37 , -4 25 -12 -25 39 -12 , 21 12 -25 25 0 14 , -17 28 -15 -13 16 -7 , 39 36 -36 0 7 -29 , 0.0058331781237589012 , 2
2.3988384041419604 , 15 -46 -43 -3 -31 -28 , 30 0 0 0 16 16 , -16 3 18 -34 18 -11 , 12 -36 36 0 -23 13 , 18 43 46 3 15 15 , 21 9 -2 4 3 24 , 17 2 -9 -4 26 -6 , 18 -18 -3 34 -29 15 , 39 36 -36 0 7 -29 , 0.0058970758512518658 , 3
2.3988384041419604 , 12 -22 -65 -10 -5 -38 , 10 -15 15 0 -7 8 , -22 10 -31 17 -1 -29 , 32 -21 21 0 0 21 , 22 65 22 10 27 17 , -16 16 0 -6 -8 7 , -10 0 -16 6 7 -24 , -39 31 -10 -17 2 -11 , 39 36 -36 0 7 -29 , 0.0062865815300399402 , 4
2.402228729290099 , 15 -46 -43 -3 -31 -28 , 30 0 0 0 16 16 , -16 3 18 -34 18 -11 , 12 -36 36 0 -23 13 , 18 43 46 3 15 15 , 21 9 -2 4 3 24 , 17 2 -9 -4 26 -6 , 18 -18 -3 34 -29 15 , 39 36 -36 0 7 -29 , 0.0051337026113588277 , 0
2.402228729290099 , 12 -22 -65 -10 -5 -38 , 10 -15 15 0 -7 8 , -22 10 -31 17 -1 -29 , 32 -21 21 0 0 21 , 22 65 22 10 27 17 , -16 16 0 -6 -8 7 , -10 0 -16 6 7 -24 , -39 31 -10 -17 2 -11 , 39 36 -36 0 7 -29 , 0.005811539151288808 , 1
2.402228729290099 , -15 -18 1 -54 -43 10 , 26 -6 6 0 9 15 , -15 16 -9 10 -20 10 , 16 -30 30 0 -16 14 , 39 -1 18 54 9 -25 , -7 -23 18 -5 -8 -12 , -2 -18 23 5 -30 15 , -25 9 -16 -10 19 -36 , 39 36 -36 0 7 -29 , 0.0058125790717338715 , 2
2.402228729290099 , -35 -26 -15 -33 -60 -15 , 24 -23 23 0 -6 17 , 0 -14 20 6 -29 18 , 18 -13 13 0 -1 12 , -2 15 26 33 0 -34 , -3 -9 3 23 -36 14 , -26 -3 9 -23 11 -27 , -6 -20 14 -6 -2 -15 , 39 36 -36 0 7 -29 , 0.0061172465265743907 , 3
2.403017291108936 , 15 -46 -43 -3 -31 -28 , 30 0 0 0 16 16 , -16 3 18 -34 18 -11 , 12 -36 36 0 -23 13 , 18 43 46 3 15 15 , 21 9 -2 4 3 24 , 17 2 -9 -4 26 -6 , 18 -18 -3 34 -29 15 , 39 36 -36 0 7 -29 , 0.0051033311381640956 , 0
2.403017291108936 , 12 -22 -65 -10 -5 -38 , 10 -15 15 0 -7 8 , -22 10 -31 17 -1 -29 , 32 -21 21 0 0 21 , 22 65 22 10 27 17 , -16 16 0 -6 -8 7 , -10 0 -16 6 7 -24 , -39 31 -10 -17 2 -11 , 39 36 -36 0 7 -29 , 0.0058382275137438379 , 1
2.403017291108936 , -15 -18 1 -54 -43 10 , 26 -6 6 0 9 15 , -15 16 -9 10 -20 10 , 16 -30 30 0 -16 14 , 39 -1 18 54 9 -25 , -7 -23 18 -5 -8 -12 , -2 -18 23 5 -30 15 , -25 9 -16 -10 19 -36 , 39 36 -36 0 7 -29 , 0.0060638649171248608 , 2
2.404701725289154 , 15 -46 -43 -3 -31 -28 , 30 0 0 0 16 16 , -16 3 18 -34 18 -11 , 12 -36 36 0 -23 13 , 18 43 46 3 15 15 , 21 9 -2 4 3 24 , 17 2 -9 -4 26 -6 , 18 -18 -3 34 -29 15 , 39 36 -36 0 7 -29 , 0.0052404811791655513 , 0
2.404701725289154 , 12 -22 -65 -10 -5 -38 , 10 -15 15 0 -7 8 , -22 10 -31 17 -1 -29 , 32 -21 21 0 0 21 , 22 65 22 10 27 17 , -16 16 0 -6 -8 7 , -10 0 -16 6 7 -24 , -39 31 -10 -17 2 -11 , 39 36 -36 0 7 -29 , 0.0060689228930025062 , 1
2.4060330554194427 , 15 -46 -43 -3 -31 -28 , 30 0 0 0 16 16 , -16 3 18 -34 18 -11 , 12 -36 36 0 -23 13 , 18 43 46 3 15 15 , 21 9 -2 4 3 24 , 17 2 -9 -4 26 -6 , 18 -18 -3 34 -29 15 , 39 36 -36 0 7 -29 , 0.0055309483245826845 , 0
2.4060330554194427 , 12 -22 -65 -10 -5 -38 , 10 -15 15 0 -7 8 , -22 10 -31 17 -1 -29 , 32 -21 21 0 0 21 , 22 65 22 10 27 17 , -16 16 0 -6 -8 7 , -10 0 -16 6 7 -24 , -39 31 -10 -17 2 -11 , 39 36 -36 0 7 -29 , 0.0064039358885368478 , 1
2.4060330554194427 , -10 -14 -41 -35 -15 -27 , -3 -35 35 0 -30 5 , 26 -39 7 27 -16 -1 , 45 -1 1 0 23 24 , 25 41 14 35 14 -1 , 10 -15 21 -11 2 6 , 21 -21 15 11 -15 17 , -1 -7 39 -27 -8 23 , 39 36 -36 0 7 -29 , 0.0065081286198849682 , 2
2.4060330554194427 , -10 -28 -28 -37 -22 -28 , 19 28 -28 0 33 5 , -23 19 -18 -17 28 -31 , 22 -29 29 0 -12 17 , 27 28 28 37 0 6 , -1 -26 -17 33 -14 -29 , -34 17 26 -33 -12 12 , -6 18 -19 17 -13 9 , 40 1 -1 0 -21 -22 , 0.0067780117951503002 , 3
2.411699610574074 , 11 -2 -33 -35 -21 13 , 26 -6 6 0 9 15 , -13 32 -32 -1 21 -14 , 16 -30 30 0 -16 14 , 46 33 2 35 46 -19 , -21 -1 22 -25 -2 -4 , 4 -22 1 25 -26 -1 , -12 32 -32 1 18 -11 , 39 36 -36 0 7 -29 , 0.0060234383991579392 , 0
2.411699610574074 , 7 -17 -64 0 -27 -22 , 13 5 -5 0 11 6 , -18 -23 35 -22 -11 -9 , 28 -6 6 0 10 16 , 7 64 17 0 42 -10 , 20 4 18 -15 7 29 , 35 -18 -4 15 11 3 , 4 -35 23 22 -44 12 , 40 1 -1 0 -21 -22 , 0.006371684760952484 , 1
2.411699610574074 , -26 -29 -18 -36 -45 -21 , 30 5 -5 0 20 15 , -30 22 -27 -2 12 -30 , 12 -41 41 0 -27 14 , 10 18 29 36 -3 -16 , -3 -15 -10 18 -8 -19 , -21 10 15 -18 -9 7 , -28 27 -22 2 -3 -10 , 39 36 -36 0 7 -29 , 0.0066776459252428358 , 2
2.4157598810784275 , 11 -2 -33 -35 -21 13 , 26 -6 6 0 9 15 , -13 32 -32 -1 21 -14 , 16 -30 30 0 -16 14 , 46 33 2 35 46 -19 , -21 -1 22 -25 -2 -4 , 4 -22 1 25 -26 -1 , -12 32 -32 1 18 -11 , 39 36 -36 0 7 -29 , 0.0052951815075830914 , 0
2.4157598810784275 , -26 -29 -18 -36 -45 -21 , 30 5 -5 0 20 15 , -30 22 -27 -2 12 -30 , 12 -41 41 0 -27 14 , 10 18 29 36 -3 -16 , -3 -15 -10 18 -8 -19 , -21 10 15 -18 -9 7 , -28 27 -22 2 -3 -10 , 39 36 -36 0 7 -29 , 0.0053071017044994213 , 1
2.417775214608123 , -26 -29 -18 -36 -45 -21 , 30 5 -5 0 20 15 , -30 22 -27 -2 12 -30 , 12 -41 41 0 -27 14 , 10 18 29 36 -3 -16 , -3 -15 -10 18 -8 -19 , -21 10 15 -18 -9 7 , -28 27 -22 2 -3 -10 , 39 36 -36 0 7 -29 , 0.0051121963084979341 , 0
2.417775214608123 , 11 -2 -33 -35 -21 13 , 26 -6 6 0 9 15 , -13 32 -32 -1 21 -14 , 16 -30 30 0 -16 14 , 46 33 2 35 46 -19 , -21 -1 22 -25 -2 -4 , 4 -22 1 25 -26 -1 , -12 32 -32 1 18 -11 , 39 36 -36 0 7 -29 , 0.0054835867492613443 , 1
2.4210170827874764 , -26 -29 -18 -36 -45 -21 , 30 5 -5 0 20 15 , -30 22 -27 -2 12 -30 , 12 -41 41 0 -27 14 , 10 18 29 36 -3 -16 , -3 -15 -10 18 -8 -19 , -21 10 15 -18 -9 7 , -28 27 -22 2 -3 -10 , 39 36 -36 0 7 -29 , 0.0056026231689577386 , 0
2.4210170827874764 , -7 8 -37 -51 -6 -5 , 12 -31 31 0 -19 12 , 0 11 -33 13 19 -23 , 30 -5 5 0 12 17 , 44 37 -8 51 32 -14 , -14 26 -16 4 -6 7 , -18 16 -26 -4 23 -32 , -13 33 -11 -13 10 8 , 39 36 -36 0 7 -29 , 0.0062041198371419227 , 1
2.4210170827874764 , 2 3 -28 -41 -26 17 , 20 -24 24 0 -9 15 , 12 -2 21 -4 -15 32 , 22 -12 12 0 2 14 , 43 28 -3 41 45 -29 , -8 -3 -13 26 -25 -2 , -34 13 3 -26 11 -22 , 16 -21 2 4 11 -13 , 39 36 -36 0 7 -29 , 0.0063297523033758489 , 2
2.4210170827874764 , 11 -2 -33 -35 -21 13 , 26 -6 6 0 9 15 , -13 32 -32 -1 21 -14 , 16 -30 30 0 -16 14 , 46 33 2 35 46 -19 , -21 -1 22 -25 -2 -4 , 4 -22 1 25 -26 -1 , -12 32 -32 1 18 -11 , 39 36 -36 0 7 -29 , 0.0064697735397272046 , 3
2.421435268824668 , -26 -29 -18 -36 -45 -21 , 30 5 -5 0 20 15 , -30 22 -27 -2 12 -30 , 12 -41 41 0 -27 14 , 10 18 29 36 -3 -16 , -3 -15 -10 18 -8 -19 , -21 10 15 -18 -9 7 , -28 27 -22 2 -3 -10 , 39 36 -36 0 7 -29 , 0.0057299672284421843 , 0
2.421435268824668 , 2 3 -28 -41 -26 17 , 20 -24 24 0 -9 15 , 12 -2 21 -4 -15 32 , 22 -12 12 0 2 14 , 43 28 -3 41 45 -29 , -8 -3 -13 26 -25 -2 , -34 13 3 -26 11 -22 , 16 -21 2 4 11 -13 , 39 36 -36 0 7 -29 , 0.0061934597745516504 , 1
2.421435268824668 , -7 8 -37 -51 -6 -5 , 12 -31 31 0 -19 12 , 0 11 -33 13 19 -23 , 30 -5 5 0 12 17 , 44 37 -8 51 32 -14 , -14 26 -16 4 -6 7 , -18 16 -26 -4 23 -32 , -13 33 -11 -13 10 8 , 39 36 -36 0 7 -29 , 0.0061970689639898264 , 2
2.421435268824668 , 11 -2 -33 -35 -21 13 , 26 -6 6 0 9 15 , -13 32 -32 -1 21 -14 , 16 -30 30 0 -16 14 , 46 33 2 35 46 -19 , -21 -1 22 -25 -2 -4 , 4 -22 1 25 -26 -1 , -12 32 -32 1 18 -11 , 39 36 -36 0 7 -29 , 0.0066440865377939582 , 3
2.425307683110715 , 2 3 -28 -41 -26 17 , 20 -24 24 0 -9 15 , 12 -2 21 -4 -15 32 , 22 -12 12 0 2 14 , 43 28 -3 41 45 -29 , -8 -3 -13 26 -25 -2 , -34 13 3 -26 11 -22 , 16 -21 2 4 11 -13 , 39 36 -36 0 7 -29 , 0.0055552844189167812 , 0
2.425307683110715 , -3 -9 -6 -54 -32 19 , 15 -17 17 0 -6 11 , -38 21 -8 -13 -1 -17 , 27 -19 19 0 -1 18 , 51 6 9 54 25 -23 , 19 -29 9 14 -8 -1 , 5 -9 29 -14 -10 21 , -25 8 -21 13 -9 -22 , 39 36 -36 0 7 -29 , 0.0067234736942478491 , 1
2.425307683110715 , -7 8 -37 -51 -6 -5 , 12 -31 31 0 -19 12 , 0 11 -33 13 19 -23 , 30 -5 5 0 12 17 , 44 37 -8 51 32 -14 , -14 26 -16 4 -6 7 , -18 16 -26 -4 23 -32 , -13 33 -11 -13 10 8 , 39 36 -36 0 7 -29 , 0.0067750578307776352 , 2
2.425307683110715 , 5 -33 -25 -19 -43 -3 , 50 -8 8 0 20 28 , 1 2 -12 3 11 -12 , 12 35 -35 0 35 0 , 24 25 33 19 22 -10 , 26 -22 15 1 4 8 , 25 -15 22 -1 -7 26 , -2 12 -2 -3 0 9 , 19 -27 27 0 -55 -28 , 0.0068278656225248761 , 3
2.427770078775401 , 5 -33 -25 -19 -43 -3 , 50 -8 8 0 20 28 , 1 2 -12 3 11 -12 , 12 35 -35 0 35 0 , 24 25 33 19 22 -10 , 26 -22 15 1 4 8 , 25 -15 22 -1 -7 26 , -2 12 -2 -3 0 9 , 19 -27 27 0 -55 -28 , 0.0055644762217340179 , 0
2.427770078775401 , 2 3 -28 -41 -26 17 , 20 -24 24 0 -9 15 , 12 -2 21 -4 -15 32 , 22 -12 12 0 2 14 , 43 28 -3 41 45 -29 , -8 -3 -13 26 -25 -2 , -34 13 3 -26 11 -22 , 16 -21 2 4 11 -13 , 39 36 -36 0 7 -29 , 0.0058217580423217084 , 1
2.427770078775401 , -3 -9 -6 -54 -32 19 , 15 -17 17 0 -6 11 , -38 21 -8 -13 -1 -17 , 27 -19 19 0 -1 18 , 51 6 9 54 25 -23 , 19 -29 9 14 -8 -1 , 5 -9 29 -14 -10 21 , -25 8 -21 13 -9 -22 , 39 36 -36 0 7 -29 , 0.0063933466093805558 , 2
2.427770078775401 , 8 -37 -12 -28 -43 4 , 46 -3 3 0 22 25 , 9 -2 -9 17 -8 5 , -5 2 -2 0 -1 -3 , 36 12 37 28 16 -6 , 3 36 -14 -34 53 -5 , 37 14 -36 34 9 17 , -8 9 2 -17 14 -6 , 40 1 -1 0 -21 -22 , 0.0066111159102833572 , 3
2.4282974323258184 , 5 -33 -25 -19 -43 -3 , 50 -8 8 0 20 28 , 1 2 -12 3 11 -12 , 12 35 -35 0 35 0 , 24 25 33 19 22 -10 , 26 -22 15 1 4 8 , 25 -15 22 -1 -7 26 , -2 12 -2 -3 0 9 , 19 -27 27 0 -55 -28 , 0.0053290438896208088 , 0
2.4282974323258184 , 2 3 -28 -41 -26 17 , 20 -24 24 0 -9 15 , 12 -2 21 -4 -15 32 , 22 -12 12 0 2 14 , 43 28 -3 41 45 -29 , -8 -3 -13 26 -25 -2 , -34 13 3 -26 11 -22 , 16 -21 2 4 11 -13 , 39 36 -36 0 7 -29 , 0.0059439434343617897 , 1
2.4282974323258184 , -3 -9 -6 -54 -32 19 , 15 -17 17 0 -6 11 , -38 21 -8 -13 -1 -17 , 27 -19 19 0 -1 18 , 51 6 9 54 25 -23 , 19 -29 9 14 -8 -1 , 5 -9 29 -14 -10 21 , -25 8 -21 13 -9 -22 , 39 36 -36 0 7 -29 , 0.0063824627671919543 , 2
2.4282974323258184 , 8 -37 -12 -28 -43 4 , 46 -3 3 0 22 25 , 9 -2 -9 17 -8 5 , -5 2 -2 0 -1 -3 , 36 12 37 28 16 -6 , 3 36 -14 -34 53 -5 , 37 14 -36 34 9 17 , -8 9 2 -17 14 -6 , 40 1 -1 0 -21 -22 , 0.0065380149380778246 , 3
2.4298564786404446 , 5 -33 -25 -19 -43 -3 , 50 -8 8 0 20 28 , 1 2 -12 3 11 -12 , 12 35 -35 0 35 0 , 24 25 33 19 22 -10 , 26 -22 15 1 4 8 , 25 -15 22 -1 -7 26 , -2 12 -2 -3 0 9 , 19 -27 27 0 -55 -28 , 0.004737400383877861 , 0
2.4328970914530013 , 5 -33 -25 -19 -43 -3 , 50 -8 8 0 20 28 , 1 2 -12 3 11 -12 , 12 35 -35 0 35 0 , 24 25 33 19 22 -10 , 26 -22 15 1 4 8 , 25 -15 22 -1 -7 26 , -2 12 -2 -3 0 9 , 19 -27 27 0 -55 -28 , 0.0042214114588285286 , 0
2.437801460800158 , 5 -33 -25 -19 -43 -3 , 50 -8 8 0 20 28 , 1 2 -12 3 11 -12 , 12 35 -35 0 35 0 , 24 25 33 19 22 -10 , 26 -22 15 1 4 8 , 25 -15 22 -1 -7 26 , -2 12 -2 -3 0 9 , 19 -27 27 0 -55 -28 , 0.0054632124394001797 , 0
2.437801460800158 , 13 -28 -31 -29 -18 -11 , 2 -37 37 0 -29 8 , 25 10 -17 18 3 19 , 40 1 -1 0 22 21 , 42 31 28 29 20 10 , -7 -8 14 -21 14 -14 , 14 -14 8 21 -28 22 , 7 17 -10 -18 36 -7 , 39 36 -36 0 7 -29 , 0.005916654331649833 , 1
2.442760192741106 , -4 -35 -38 -10 -43 -21 , 2 -37 37 0 -29 8 , 3 19 -25 -7 36 -18 , 40 1 -1 0 22 21 , 6 38 35 10 17 -8 , 7 -14 14 -14 14 -8 , 21 -14 14 14 -22 28 , 10 25 -19 7 7 17 , 39 36 -36 0 7 -29 , 0.0059166543316497419 , 0
2.442760192741106 , -11 -45 -38 -7 -46 -35 , 41 -17 17 0 8 25 , -7 12 5 -18 11 2 , 1 -19 19 0 -15 4 , -4 38 45 7 3 -1 , 21 -3 19 -24 24 12 , 45 -19 3 24 -7 27 , 11 -5 -12 18 -3 -1 , 39 36 -36 0 7 -29 , 0.0061988360929872048 , 1
2.442760192741106 , 13 -28 -31 -29 -18 -11 , 2 -37 37 0 -29 8 , 25 10 -17 18 3 19 , 40 1 -1 0 22 21 , 42 31 28 29 20 10 , -7 -8 14 -21 14 -14 , 14 -14 8 21 -28 22 , 7 17 -10 -18 36 -7 , 39 36 -36 0 7 -29 , 0.006877589222794518 , 2
2.4476388753374234 , -11 -45 -38 -7 -46 -35 , 41 -17 17 0 8 25 , -7 12 5 -18 11 2 , 1 -19 19 0 -15 4 , -4 38 45 7 3 -1 , 21 -3 19 -24 24 12 , 45 -19 3 24 -7 27 , 11 -5 -12 18 -3 -1 , 39 36 -36 0 7 -29 , 0.0051502276933063987 , 0
2.453961126533244 , -15 3 -19 -62 -15 2 , 16 -30 30 0 -16 14 , 9 -8 -22 30 -7 -10 , 26 -6 6 0 9 15 , 47 19 -3 62 21 -18 , 32 -13 14 11 -12 32 , 21 -14 13 -11 18 1 , -21 22 8 -30 12 1 , 39 36 -36 0 7 -29 , 0.0055447513192526474 , 0
2.453961126533244 , -35 -19 -13 -47 -45 -14 , 1 -19 19 0 -15 4 , -5 17 -23 -16 44 -31 , 41 -17 17 0 8 25 , 12 13 19 47 -1 -26 , -1 15 -12 -6 17 -5 , 5 12 -15 6 7 2 , 11 23 -17 16 -8 27 , 39 36 -36 0 7 -29 , 0.0060763903385920295 , 1
2.453961126533244 , -11 -45 -38 -7 -46 -35 , 41 -17 17 0 8 25 , -7 12 5 -18 11 2 , 1 -19 19 0 -15 4 , -4 38 45 7 3 -1 , 21 -3 19 -24 24 12 , 45 -19 3 24 -7 27 , 11 -5 -12 18 -3 -1 , 39 36 -36 0 7 -29 , 0.0068198377914333065 , 2
2.4562872094924644 , -15 3 -19 -62 -15 2 , 16 -30 30 0 -16 14 , 9 -8 -22 30 -7 -10 , 26 -6 6 0 9 15 , 47 19 -3 62 21 -18 , 32 -13 14 11 -12 32 , 21 -14 13 -11 18 1 , -21 22 8 -30 12 1 , 39 36 -36 0 7 -29 , 0.0052951815075831313 , 0
2.4562872094924644 , -35 -19 -13 -47 -45 -14 , 1 -19 19 0 -15 4 , -5 17 -23 -16 44 -31 , 41 -17 17 0 8 25 , 12 13 19 47 -1 -26 , -1 15 -12 -6 17 -5 , 5 12 -15 6 7 2 , 11 23 -17 16 -8 27 , 39 36 -36 0 7 -29 , 0.005387065757563439 , 1
2.4562872094924644 , -9 -12 -6 -57 -29 10 , 30 -5 5 0 12 17 , 14 7 -6 18 -16 26 , 12 -31 31 0 -19 12 , 48 6 12 57 16 -17 , -17 -5 28 -26 -4 1 , 9 -28 5 26 -27 1 , -4 6 -7 -18 32 -23 , 39 36 -36 0 7 -29 , 0.0064423922069346256 , 2
2.458521327367132 , -35 -19 -13 -47 -45 -14 , 1 -19 19 0 -15 4 , -5 17 -23 -16 44 -31 , 41 -17 17 0 8 25 , 12 13 19 47 -1 -26 , -1 15 -12 -6 17 -5 , 5 12 -15 6 7 2 , 11 23 -17 16 -8 27 , 39 36 -36 0 7 -29 , 0.0051502276933063197 , 0
2.458521327367132 , -15 3 -19 -62 -15 2 , 16 -30 30 0 -16 14 , 9 -8 -22 30 -7 -10 , 26 -6 6 0 9 15 , 47 19 -3 62 21 -18 , 32 -13 14 11 -12 32 , 21 -14 13 -11 18 1 , -21 22 8 -30 12 1 , 39 36 -36 0 7 -29 , 0.0055258102063857773 , 1
2.458521327367132 , -9 -12 -6 -57 -29 10 , 30 -5 5 0 12 17 , 14 7 -6 18 -16 26 , 12 -31 31 0 -19 12 , 48 6 12 57 16 -17 , -17 -5 28 -26 -4 1 , 9 -28 5 26 -27 1 , -4 6 -7 -18 32 -23 , 39 36 -36 0 7 -29 , 0.0061997157860134216 , 2
2.458777500345208 , -35 -19 -13 -47 -45 -14 , 1 -19 19 0 -15 4 , -5 17 -23 -16 44 -31 , 41 -17 17 0 8 25 , 12 13 19 47 -1 -26 , -1 15 -12 -6 17 -5 , 5 12 -15 6 7 2 , 11 23 -17 16 -8 27 , 39 36 -36 0 7 -29 , 0.0051534122165065414 , 0
2.458777500345208 , -15 3 -19 -62 -15 2 , 16 -30 30 0 -16 14 , 9 -8 -22 30 -7 -10 , 26 -6 6 0 9 15 , 47 19 -3 62 21 -18 , 32 -13 14 11 -12 32 , 21 -14 13 -11 18 1 , -21 22 8 -30 12 1 , 39 36 -36 0 7 -29 , 0.0055802964828432578 , 1
2.458777500345208 , -9 -12 -6 -57 -29 10 , 30 -5 5 0 12 17 , 14 7 -6 18 -16 26 , 12 -31 31 0 -19 12 , 48 6 12 57 16 -17 , -17 -5 28 -26 -4 1 , 9 -28 5 26 -27 1 , -4 6 -7 -18 32 -23 , 39 36 -36 0 7 -29 , 0.0061970689639899131 , 2
2.458777500345208 , 0 -1 -28 -39 -28 14 , 12 -31 31 0 -19 12 , 26 4 -1 9 -1 27 , 30 -5 5 0 12 17 , 39 28 1 39 42 -27 , -19 16 -12 9 -16 2 , -28 12 -16 -9 14 -32 , 17 1 -4 -9 28 -5 , 39 36 -36 0 7 -29 , 0.0064283030261774576 , 3
2.461193875930089 , -35 -19 -13 -47 -45 -14 , 1 -19 19 0 -15 4 , -5 17 -23 -16 44 -31 , 41 -17 17 0 8 25 , 12 13 19 47 -1 -26 , -1 15 -12 -6 17 -5 , 5 12 -15 6 7 2 , 11 23 -17 16 -8 27 , 39 36 -36 0 7 -29 , 0.0054859903337467928 , 0
2.461193875930089 , -29 -38 -9 -34 -57 -17 , 37 -23 23 0 1 24 , 9 -11 -7 12 2 -9 , 5 -13 13 0 -8 5 , 5 9 38 34 -8 -19 , -2 13 -42 31 1 -17 , -33 42 -13 -31 25 -12 , -3 7 11 -12 -2 13 , 39 36 -36 0 7 -29 , 0.0061516485618902219 , 1
2.461193875930089 , 0 -1 -28 -39 -28 14 , 12 -31 31 0 -19 12 , 26 4 -1 9 -1 27 , 30 -5 5 0 12 17 , 39 28 1 39 42 -27 , -19 16 -12 9 -16 2 , -28 12 -16 -9 14 -32 , 17 1 -4 -9 28 -5 , 39 36 -36 0 7 -29 , 0.0061970689639898888 , 2
2.461193875930089 , -15 3 -19 -62 -15 2 , 16 -30 30 0 -16 14 , 9 -8 -22 30 -7 -10 , 26 -6 6 0 9 15 , 47 19 -3 62 21 -18 , 32 -13 14 11 -12 32 , 21 -14 13 -11 18 1 , -21 22 8 -30 12 1 , 39 36 -36 0 7 -29 , 0.0063306067212493353 , 3
2.461193875930089 , -9 -12 -6 -57 -29 10 , 30 -5 5 0 12 17 , 14 7 -6 18 -16 26 , 12 -31 31 0 -19 12 , 48 6 12 57 16 -17 , -17 -5 28 -26 -4 1 , 9 -28 5 26 -27 1 , -4 6 -7 -18 32 -23 , 39 36 -36 0 7 -29 , 0.0064283030261772824 , 4
2.46545739540539 , -29 -38 -9 -34 -57 -17 , 37 -23 23 0 1 24 , 9 -11 -7 12 2 -9 , 5 -13 13 0 -8 5 , 5 9 38 34 -8 -19 , -2 13 -42 31 1 -17 , -33 42 -13 -31 25 -12 , -3 7 11 -12 -2 13 , 39 36 -36 0 7 -29 , 0.0053622776668226955 , 0
2.46545739540539 , 23 -28 -17 -30 -30 16 , 28 -6 6 0 10 16 , -9 29 -3 -8 -4 22 , 13 5 -5 0 11 6 , 53 17 28 30 33 -2 , -10 -28 12 -6 3 -31 , -4 -12 28 6 -43 31 , -1 3 -29 8 25 -33 , 40 1 -1 0 -21 -22 , 0.0066903796980940971 , 1
2.4655314373866797 , -29 -38 -9 -34 -57 -17 , 37 -23 23 0 1 24 , 9 -11 -7 12 2 -9 , 5 -13 13 0 -8 5 , 5 9 38 34 -8 -19 , -2 13 -42 31 1 -17 , -33 42 -13 -31 25 -12 , -3 7 11 -12 -2 13 , 39 36 -36 0 7 -29 , 0.0053625332513936984 , 0
2.4655314373866797 , 23 -28 -17 -30 -30 16 , 28 -6 6 0 10 16 , -9 29 -3 -8 -4 22 , 13 5 -5 0 11 6 , 53 17 28 30 33 -2 , -10 -28 12 -6 3 -31 , -4 -12 28 6 -43 31 , -1 3 -29 8 25 -33 , 40 1 -1 0 -21 -22 , 0.0066745996321131316 , 1
2.4683428193558536 , -29 -38 -9 -34 -57 -17 , 37 -23 23 0 1 24 , 9 -11 -7 12 2 -9 , 5 -13 13 0 -8 5 , 5 9 38 34 -8 -19 , -2 13 -42 31 1 -17 , -33 42 -13 -31 25 -12 , -3 7 11 -12 -2 13 , 39 36 -36 0 7 -29 , 0.0057373198953974821 , 0
2.4683428193558536 , 23 -28 -17 -30 -30 16 , 28 -6 6 0 10 16 , -9 29 -3 -8 -4 22 , 13 5 -5 0 11 6 , 53 17 28 30 33 -2 , -10 -28 12 -6 3 -31 , -4 -12 28 6 -43 31 , -1 3 -29 8 25 -33 , 40 1 -1 0 -21 -22 , 0.0063716847609525682 , 1
2.4683428193558536 , 10 -5 -42 -29 -17 3 , 12 -36 36 0 -23 13 , 4 3 24 -17 -6 26 , 30 0 0 0 16 16 , 39 42 5 29 45 -12 , 18 -18 -3 34 -29 15 , -16 3 18 -34 18 -11 , 21 -24 -3 17 2 -9 , 39 36 -36 0 7 -29 , 0.0065516686769380985 , 2
2.4683428193558536 , -28 -7 -40 -40 -22 -28 , 46 -3 3 0 22 25 , -7 12 -10 -9 17 -12 , -5 2 -2 0 -1 -3 , 12 40 7 40 12 -15 , -13 54 -23 -30 41 1 , 17 23 -54 30 24 -13 , 2 10 -12 9 -2 5 , 40 1 -1 0 -21 -22 , 0.0066040243252453584 , 3
2.4703838070544815 , 10 -5 -42 -29 -17 3 , 12 -36 36 0 -23 13 , 4 3 24 -17 -6 26 , 30 0 0 0 16 16 , 39 42 5 29 45 -12 , 18 -18 -3 34 -29 15 , -16 3 18 -34 18 -11 , 21 -24 -3 17 2 -9 , 39 36 -36 0 7 -29 , 0.0057574509886982568 , 0
2.4703838070544815 , -29 -38 -9 -34 -57 -17 , 37 -23 23 0 1 24 , 9 -11 -7 12 2 -9 , 5 -13 13 0 -8 5 , 5 9 38 34 -8 -19 , -2 13 -42 31 1 -17 , -33 42 -13 -31 25 -12 , -3 7 11 -12 -2 13 , 39 36 -36 0 7 -29 , 0.0063944297236103089 , 1
2.4703838070544815 , -28 -7 -40 -40 -22 -28 , 46 -3 3 0 22 25 , -7 12 -10 -9 17 -12 , -5 2 -2 0 -1 -3 , 12 40 7 40 12 -15 , -13 54 -23 -30 41 1 , 17 23 -54 30 24 -13 , 2 10 -12 9 -2 5 , 40 1 -1 0 -21 -22 , 0.006444403241975703 , 2
2.4703838070544815 , 23 -28 -17 -30 -30 16 , 28 -6 6 0 10 16 , -9 29 -3 -8 -4 22 , 13 5 -5 0 11 6 , 53 17 28 30 33 -2 , -10 -28 12 -6 3 -31 , -4 -12 28 6 -43 31 , -1 3 -29 8 25 -33 , 40 1 -1 0 -21 -22 , 0.006533082834426324 , 3
2.474153231348596 , 10 -5 -42 -29 -17 3 , 12 -36 36 0 -23 13 , 4 3 24 -17 -6 26 , 30 0 0 0 16 16 , 39 42 5 29 45 -12 , 18 -18 -3 34 -29 15 , -16 3 18 -34 18 -11 , 21 -24 -3 17 2 -9 , 39 36 -36 0 7 -29 , 0.0051033311381640098 , 0
2.479850832629835 , 15 -20 -34 -33 -11 -6 , 34 1 -1 0 19 18 , 17 -20 6 28 -31 19 , 8 -37 37 0 -26 11 , 48 34 20 33 28 9 , 2 20 0 -24 27 4 , 26 0 -20 24 4 7 , -11 -6 20 -28 13 -11 , 39 36 -36 0 7 -29 , 0.0059524664794164458 , 0
2.479850832629835 , 14 -51 -43 1 -35 -28 , 37 -13 13 0 9 22 , 4 16 -14 9 -1 11 , 5 -23 23 0 -16 7 , 13 43 51 -1 15 16 , -1 2 -17 -9 35 -33 , 8 17 -2 9 -16 33 , -5 14 -16 -9 25 -17 , 39 36 -36 0 7 -29 , 0.0063771341891041798 , 1
2.479850832629835 , -1 -1 -19 -59 -10 8 , 27 -19 19 0 -1 18 , -8 -1 -19 21 -10 -14 , 15 -17 17 0 -6 11 , 58 19 1 59 27 -9 , 36 -13 12 7 -1 27 , 29 -12 13 -7 15 12 , -29 19 1 -21 5 -9 , 39 36 -36 0 7 -29 , 0.0063824627671920505 , 2
2.479850832629835 , 10 -5 -42 -29 -17 3 , 12 -36 36 0 -23 13 , 4 3 24 -17 -6 26 , 30 0 0 0 16 16 , 39 42 5 29 45 -12 , 18 -18 -3 34 -29 15 , -16 3 18 -34 18 -11 , 21 -24 -3 17 2 -9 , 39 36 -36 0 7 -29 , 0.0065019421714607797 , 3
2.4815272696673847 , 15 -20 -34 -33 -11 -6 , 34 1 -1 0 19 18 , 17 -20 6 28 -31 19 , 8 -37 37 0 -26 11 , 48 34 20 33 28 9 , 2 20 0 -24 27 4 , 26 0 -20 24 4 7 , -11 -6 20 -28 13 -11 , 39 36 -36 0 7 -29 , 0.0058332361811371421 , 0
2.4815272696673847 , 14 -51 -43 1 -35 -28 , 37 -13 13 0 9 22 , 4 16 -14 9 -1 11 , 5 -23 23 0 -16 7 , 13 43 51 -1 15 16 , -1 2 -17 -9 35 -33 , 8 17 -2 9 -16 33 , -5 14 -16 -9 25 -17 , 39 36 -36 0 7 -29 , 0.0059642530176887741 , 1
2.4815272696673847 , -1 -1 -19 -59 -10 8 , 27 -19 19 0 -1 18 , -8 -1 -19 21 -10 -14 , 15 -17 17 0 -6 11 , 58 19 1 59 27 -9 , 36 -13 12 7 -1 27 , 29 -12 13 -7 15 12 , -29 19 1 -21 5 -9 , 39 36 -36 0 7 -29 , 0.0064916131632489398 , 2
2.4815272696673847 , -2 -22 -31 -18 -46 2 , 46 -3 3 0 22 25 , -5 9 -2 -14 17 -8 , -5 2 -2 0 -1 -3 , 16 31 22 18 33 -24 , -3 -5 53 -37 -14 36 , 34 -53 5 37 -17 -9 , 9 2 -9 14 -6 8 , 40 1 -1 0 -21 -22 , 0.0069389785099922205 , 3
2.4837285659088812 , 14 -51 -43 1 -35 -28 , 37 -13 13 0 9 22 , 4 16 -14 9 -1 11 , 5 -23 23 0 -16 7 , 13 43 51 -1 15 16 , -1 2 -17 -9 35 -33 , 8 17 -2 9 -16 33 , -5 14 -16 -9 25 -17 , 39 36 -36 0 7 -29 , 0.0057575580224066888 , 0
2.4837285659088812 , 15 -20 -34 -33 -11 -6 , 34 1 -1 0 19 18 , 17 -20 6 28 -31 19 , 8 -37 37 0 -26 11 , 48 34 20 33 28 9 , 2 20 0 -24 27 4 , 26 0 -20 24 4 7 , -11 -6 20 -28 13 -11 , 39 36 -36 0 7 -29 , 0.0060373407632202496 , 1
2.4837285659088812 , -2 -22 -31 -18 -46 2 , 46 -3 3 0 22 25 , -5 9 -2 -14 17 -8 , -5 2 -2 0 -1 -3 , 16 31 22 18 33 -24 , -3 -5 53 -37 -14 36 , 34 -53 5 37 -17 -9 , 9 2 -9 14 -6 8 , 40 1 -1 0 -21 -22 , 0.006524034043891222 , 2
2.4837285659088812 , -30 -7 -15 -47 -46 3 , 26 -6 6 0 9 15 , -15 16 -9 10 -20 10 , 16 -30 30 0 -16 14 , 17 15 7 47 18 -39 , -24 1 -7 6 -13 -16 , -30 7 -1 -6 -9 -14 , -25 9 -16 -10 19 -36 , 39 36 -36 0 7 -29 , 0.0067358419948023362 , 3
2.4837285659088812 , -1 -1 -19 -59 -10 8 , 27 -19 19 0 -1 18 , -8 -1 -19 21 -10 -14 , 15 -17 17 0 -6 11 , 58 19 1 59 27 -9 , 36 -13 12 7 -1 27 , 29 -12 13 -7 15 12 , -29 19 1 -21 5 -9 , 39 36 -36 0 7 -29 , 0.0069465230727120929 , 4
2.4844412045325766 , 14 -51 -43 1 -35 -28 , 37 -13 13 0 9 22 , 4 16 -14 9 -1 11 , 5 -23 23 0 -16 7 , 13 43 51 -1 15 16 , -1 2 -17 -9 35 -33 , 8 17 -2 9 -16 33 , -5 14 -16 -9 25 -17 , 39 36 -36 0 7 -29 , 0.0057795674541427228 , 0
2.4844412045325766 , 15 -20 -34 -33 -11 -6 , 34 1 -1 0 19 18 , 17 -20 6 28 -31 19 , 8 -37 37 0 -26 11 , 48 34 20 33 28 9 , 2 20 0 -24 27 4 , 26 0 -20 24 4 7 , -11 -6 20 -28 13 -11 , 39 36 -36 0 7 -29 , 0.0061864471788991501 , 1
2.4844412045325766 , -30 -7 -15 -47 -46 3 , 26 -6 6 0 9 15 , -15 16 -9 10 -20 10 , 16 -30 30 0 -16 14 , 17 15 7 47 18 -39 , -24 1 -7 6 -13 -16 , -30 7 -1 -6 -9 -14 , -25 9 -16 -10 19 -36 , 39 36 -36 0 7 -29 , 0.006436589842237021 , 2
2.4844412045325766 , -2 -22 -31 -18 -46 2 , 46 -3 3 0 22 25 , -5 9 -2 -14 17 -8 , -5 2 -2 0 -1 -3 , 16 31 22 18 33 -24 , -3 -5 53 -37 -14 36 , 34 -53 5 37 -17 -9 , 9 2 -9 14 -6 8 , 40 1 -1 0 -21 -22 , 0.0064647340509790948 , 3
2.4844412045325766 , -4 -29 -23 -37 -25 -15 , 49 -5 5 0 22 27 , -9 4 1 -15 15 -13 , -7 -31 31 0 -29 2 , 33 23 29 37 8 4 , 14 24 -33 21 7 10 , -7 33 -24 -21 43 -17 , 6 -1 -4 15 -14 11 , 39 36 -36 0 7 -29 , 0.0068902785299229637 , 4
2.4844412045325766 , -1 -1 -19 -59 -10 8 , 27 -19 19 0 -1 18 , -8 -1 -19 21 -10 -14 , 15 -17 17 0 -6 11 , 58 19 1 59 27 -9 , 36 -13 12 7 -1 27 , 29 -12 13 -7 15 12 , -29 19 1 -21 5 -9 , 39 36 -36 0 7 -29 , 0.0071604125904403768 , 5
2.485165710712491 , 14 -51 -43 1 -35 -28 , 37 -13 13 0 9 22 , 4 16 -14 9 -1 11 , 5 -23 23 0 -16 7 , 13 43 51 -1 15 16 , -1 2 -17 -9 35 -33 , 8 17 -2 9 -16 33 , -5 14 -16 -9 25 -17 , 39 36 -36 0 7 -29 , 0.0058465512516993941 , 0
2.485165710712491 , -30 -7 -15 -47 -46 3 , 26 -6 6 0 9 15 , -15 16 -9 10 -20 10 , 16 -30 30 0 -16 14 , 17 15 7 47 18 -39 , -24 1 -7 6 -13 -16 , -30 7 -1 -6 -9 -14 , -25 9 -16 -10 19 -36 , 39 36 -36 0 7 -29 , 0.0061597704941317721 , 1
2.485165710712491 , 15 -20 -34 -33 -11 -6 , 34 1 -1 0 19 18 , 17 -20 6 28 -31 19 , 8 -37 37 0 -26 11 , 48 34 20 33 28 9 , 2 20 0 -24 27 4 , 26 0 -20 24 4 7 , -11 -6 20 -28 13 -11 , 39 36 -36 0 7 -29 , 0.00637540062507374 , 2
2.485165710712491 , -2 -22 -31 -18 -46 2 , 46 -3 3 0 22 25 , -5 9 -2 -14 17 -8 , -5 2 -2 0 -1 -3 , 16 31 22 18 33 -24 , -3 -5 53 -37 -14 36 , 34 -53 5 37 -17 -9 , 9 2 -9 14 -6 8 , 40 1 -1 0 -21 -22 , 0.0064444032419757775 , 3
2.485165710712491 , -4 -29 -23 -37 -25 -15 , 49 -5 5 0 22 27 , -9 4 1 -15 15 -13 , -7 -31 31 0 -29 2 , 33 23 29 37 8 4 , 14 24 -33 21 7 10 , -7 33 -24 -21 43 -17 , 6 -1 -4 15 -14 11 , 39 36 -36 0 7 -29 , 0.0065446393322934103 , 4
2.489616299096407 , -4 -29 -23 -37 -25 -15 , 49 -5 5 0 22 27 , -9 4 1 -15 15 -13 , -7 -31 31 0 -29 2 , 33 23 29 37 8 4 , 14 24 -33 21 7 10 , -7 33 -24 -21 43 -17 , 6 -1 -4 15 -14 11 , 39 36 -36 0 7 -29 , 0.0050816175096055323 , 0
2.489616299096407 , -30 -7 -15 -47 -46 3 , 26 -6 6 0 9 15 , -15 16 -9 10 -20 10 , 16 -30 30 0 -16 14 , 17 15 7 47 18 -39 , -24 1 -7 6 -13 -16 , -30 7 -1 -6 -9 -14 , -25 9 -16 -10 19 -36 , 39 36 -36 0 7 -29 , 0.0052951815075831608 , 1
2.489616299096407 , 17 -42 -47 -8 -19 -29 , 41 -17 17 0 8 25 , 12 -7 -2 1 11 -5 , 1 -19 19 0 -15 4 , 25 47 42 8 18 23 , -21 3 -19 24 -24 -12 , -45 19 -3 -24 7 -27 , 11 2 7 -1 -3 18 , 39 36 -36 0 7 -29 , 0.0060262690394169453 , 2
2.491212866666995 , -4 -29 -23 -37 -25 -15 , 49 -5 5 0 22 27 , -9 4 1 -15 15 -13 , -7 -31 31 0 -29 2 , 33 23 29 37 8 4 , 14 24 -33 21 7 10 , -7 33 -24 -21 43 -17 , 6 -1 -4 15 -14 11 , 39 36 -36 0 7 -29 , 0.0049546267761837529 , 0
2.491212866666995 , -30 -7 -15 -47 -46 3 , 26 -6 6 0 9 15 , -15 16 -9 10 -20 10 , 16 -30 30 0 -16 14 , 17 15 7 47 18 -39 , -24 1 -7 6 -13 -16 , -30 7 -1 -6 -9 -14 , -25 9 -16 -10 19 -36 , 39 36 -36 0 7 -29 , 0.0054141902542013346 , 1
2.491212866666995 , 17 -42 -47 -8 -19 -29 , 41 -17 17 0 8 25 , 12 -7 -2 1 11 -5 , 1 -19 19 0 -15 4 , 25 47 42 8 18 23 , -21 3 -19 24 -24 -12 , -45 19 -3 -24 7 -27 , 11 2 7 -1 -3 18 , 39 36 -36 0 7 -29 , 0.0055249757012545567 , 2
2.4940414798020067 , 17 -42 -47 -8 -19 -29 , 41 -17 17 0 8 25 , 12 -7 -2 1 11 -5 , 1 -19 19 0 -15 4 , 25 47 42 8 18 23 , -21 3 -19 24 -24 -12 , -45 19 -3 -24 7 -27 , 11 2 7 -1 -3 18 , 39 36 -36 0 7 -29 , 0.0051502276933064212 , 0
2.4940414798020067 , -4 -29 -23 -37 -25 -15 , 49 -5 5 0 22 27 , -9 4 1 -15 15 -13 , -7 -31 31 0 -29 2 , 33 23 29 37 8 4 , 14 24 -33 21 7 10 , -7 33 -24 -21 43 -17 , 6 -1 -4 15 -14 11 , 39 36 -36 0 7 -29 , 0.0053431114226266882 , 1
2.4940414798020067 , -30 -7 -15 -47 -46 3 , 26 -6 6 0 9 15 , -15 16 -9 10 -20 10 , 16 -30 30 0 -16 14 , 17 15 7 47 18 -39 , -24 1 -7 6 -13 -16 , -30 7 -1 -6 -9 -14 , -25 9 -16 -10 19 -36 , 39 36 -36 0 7 -29 , 0.0061506110862739908 , 2
2.4972146473450527 , -23 -24 -6 -42 -53 3 , 41 -17 17 0 8 25 , -5 2 7 1 -15 12 , 1 -19 19 0 -15 4 , 19 6 24 42 9 -29 , -44 16 -8 -17 5 -31 , -27 8 -16 17 -23 -11 , -6 -7 -2 -1 5 -17 , 39 36 -36 0 7 -29 , 0.0054120948692177638 , 0
2.4972146473450527 , 17 -42 -47 -8 -19 -29 , 41 -17 17 0 8 25 , 12 -7 -2 1 11 -5 , 1 -19 19 0 -15 4 , 25 47 42 8 18 23 , -21 3 -19 24 -24 -12 , -45 19 -3 -24 7 -27 , 11 2 7 -1 -3 18 , 39 36 -36 0 7 -29 , 0.0056177684554301211 , 1
2.4972146473450527 , -8 -11 -3 -57 -33 18 , 27 -19 19 0 -1 18 , 7 3 -26 25 -1 -7 , 15 -17 17 0 -6 11 , 49 3 11 57 21 -22 , 13 1 17 -25 22 9 , 38 -17 -1 25 -8 21 , -18 26 -3 -25 19 -4 , 39 36 -36 0 7 -29 , 0.006382462767192074 , 2
2.4972146473450527 , -4 -29 -23 -37 -25 -15 , 49 -5 5 0 22 27 , -9 4 1 -15 15 -13 , -7 -31 31 0 -29 2 , 33 23 29 37 8 4 , 14 24 -33 21 7 10 , -7 33 -24 -21 43 -17 , 6 -1 -4 15 -14 11 , 39 36 -36 0 7 -29 , 0.0065237215856632372 , 3
2.4995666404397743 , -23 -24 -6 -42 -53 3 , 41 -17 17 0 8 25 , -5 2 7 1 -15 12 , 1 -19 19 0 -15 4 , 19 6 24 42 9 -29 , -44 16 -8 -17 5 -31 , -27 8 -16 17 -23 -11 , -6 -7 -2 -1 5 -17 , 39 36 -36 0 7 -29 , 0.0051502276933064264 , 0
2.4995666404397743 , -6 -14 -11 -43 -41 17 , 7 -29 29 0 -20 9 , 37 -9 -1 17 0 23 , 35 -7 7 0 13 20 , 37 11 14 43 28 -27 , -19 27 -15 -4 2 -1 , -15 15 -27 4 14 -25 , 20 1 9 -17 24 9 , 39 36 -36 0 7 -29 , 0.0062164604652823066 , 1
2.501122907020663 , -23 -24 -6 -42 -53 3 , 41 -17 17 0 8 25 , -5 2 7 1 -15 12 , 1 -19 19 0 -15 4 , 19 6 24 42 9 -29 , -44 16 -8 -17 5 -31 , -27 8 -16 17 -23 -11 , -6 -7 -2 -1 5 -17 , 39 36 -36 0 7 -29 , 0.0052664811544794908 , 0
2.501122907020663 , -6 -14 -11 -43 -41 17 , 7 -29 29 0 -20 9 , 37 -9 -1 17 0 23 , 35 -7 7 0 13 20 , 37 11 14 43 28 -27 , -19 27 -15 -4 2 -1 , -15 15 -27 4 14 -25 , 20 1 9 -17 24 9 , 39 36 -36 0 7 -29 , 0.0058478294266277259 , 1
2.501122907020663 , 9 -12 -35 -35 -14 -1 , 30 5 -5 0 20 15 , -26 13 -14 -18 26 -36 , 12 -41 41 0 -27 14 , 44 35 12 35 34 -2 , 10 15 3 -9 7 21 , 19 -3 -15 9 18 -8 , -8 14 -13 18 -22 13 , 39 36 -36 0 7 -29 , 0.0060181221866643366 , 2
2.503202443086279 , 9 -12 -35 -35 -14 -1 , 30 5 -5 0 20 15 , -26 13 -14 -18 26 -36 , 12 -41 41 0 -27 14 , 44 35 12 35 34 -2 , 10 15 3 -9 7 21 , 19 -3 -15 9 18 -8 , -8 14 -13 18 -22 13 , 39 36 -36 0 7 -29 , 0.0053890114570535235 , 0
2.503202443086279 , -6 -14 -11 -43 -41 17 , 7 -29 29 0 -20 9 , 37 -9 -1 17 0 23 , 35 -7 7 0 13 20 , 37 11 14 43 28 -27 , -19 27 -15 -4 2 -1 , -15 15 -27 4 14 -25 , 20 1 9 -17 24 9 , 39 36 -36 0 7 -29 , 0.0056599368158752189 , 1
2.503202443086279 , -23 -24 -6 -42 -53 3 , 41 -17 17 0 8 25 , -5 2 7 1 -15 12 , 1 -19 19 0 -15 4 , 19 6 24 42 9 -29 , -44 16 -8 -17 5 -31 , -27 8 -16 17 -23 -11 , -6 -7 -2 -1 5 -17 , 39 36 -36 0 7 -29 , 0.0057562444661692289 , 2
2.503202443086279 , -31 -28 -13 -32 -61 -7 , 27 -9 9 0 7 16 , 26 -33 13 21 -18 10 , 15 -27 27 0 -14 13 , 1 13 28 32 6 -33 , 19 -13 -18 34 -11 -1 , -15 18 13 -34 17 2 , 5 -13 33 -21 -3 15 , 39 36 -36 0 7 -29 , 0.0065298082518971991 , 3
2.5056136269523965 , 9 -12 -35 -35 -14 -1 , 30 5 -5 0 20 15 , -26 13 -14 -18 26 -36 , 12 -41 41 0 -27 14 , 44 35 12 35 34 -2 , 10 15 3 -9 7 21 , 19 -3 -15 9 18 -8 , -8 14 -13 18 -22 13 , 39 36 -36 0 7 -29 , 0.0051121963084979783 , 0
2.5056136269523965 , -31 -28 -13 -32 -61 -7 , 27 -9 9 0 7 16 , 26 -33 13 21 -18 10 , 15 -27 27 0 -14 13 , 1 13 28 32 6 -33 , 19 -13 -18 34 -11 -1 , -15 18 13 -34 17 2 , 5 -13 33 -21 -3 15 , 39 36 -36 0 7 -29 , 0.0056047857661973973 , 1
2.5056136269523965 , -6 -14 -11 -43 -41 17 , 7 -29 29 0 -20 9 , 37 -9 -1 17 0 23 , 35 -7 7 0 13 20 , 37 11 14 43 28 -27 , -19 27 -15 -4 2 -1 , -15 15 -27 4 14 -25 , 20 1 9 -17 24 9 , 39 36 -36 0 7 -29 , 0.0059111567276976381 , 2
2.507954678226151 , -31 -28 -13 -32 -61 -7 , 27 -9 9 0 7 16 , 26 -33 13 21 -18 10 , 15 -27 27 0 -14 13 , 1 13 28 32 6 -33 , 19 -13 -18 34 -11 -1 , -15 18 13 -34 17 2 , 5 -13 33 -21 -3 15 , 39 36 -36 0 7 -29 , 0.0051066549465560145 , 0
2.507954678226151 , 9 -12 -35 -35 -14 -1 , 30 5 -5 0 20 15 , -26 13 -14 -18 26 -36 , 12 -41 41 0 -27 14 , 44 35 12 35 34 -2 , 10 15 3 -9 7 21 , 19 -3 -15 9 18 -8 , -8 14 -13 18 -22 13 , 39 36 -36 0 7 -29 , 0.0053735278743376191 , 1
2.507954678226151 , -25 -47 -5 -31 -60 -16 , 29 -25 25 0 -5 20 , -3 -9 22 -5 -19 15 , 13 -11 11 0 -2 9 , 6 5 47 31 -11 -13 , -41 27 -11 -16 3 -18 , -25 11 -27 16 -7 -24 , 2 -22 9 5 -7 -10 , 39 36 -36 0 7 -29 , 0.0062872604471277483 , 2
2.509063349916133 , -31 -28 -13 -32 -61 -7 , 27 -9 9 0 7 16 , 26 -33 13 21 -18 10 , 15 -27 27 0 -14 13 , 1 13 28 32 6 -33 , 19 -13 -18 34 -11 -1 , -15 18 13 -34 17 2 , 5 -13 33 -21 -3 15 , 39 36 -36 0 7 -29 , 0.0050461223061359093 , 0
2.509063349916133 , 9 -12 -35 -35 -14 -1 , 30 5 -5 0 20 15 , -26 13 -14 -18 26 -36 , 12 -41 41 0 -27 14 , 44 35 12 35 34 -2 , 10 15 3 -9 7 21 , 19 -3 -15 9 18 -8 , -8 14 -13 18 -22 13 , 39 36 -36 0 7 -29 , 0.0056643466750050352 , 1
2.509063349916133 , -25 -47 -5 -31 -60 -16 , 29 -25 25 0 -5 20 , -3 -9 22 -5 -19 15 , 13 -11 11 0 -2 9 , 6 5 47 31 -11 -13 , -41 27 -11 -16 3 -18 , -25 11 -27 16 -7 -24 , 2 -22 9 5 -7 -10 , 39 36 -36 0 7 -29 , 0.0058864653244579982 , 2
2.51290994920638 , -25 -47 -5 -31 -60 -16 , 29 -25 25 0 -5 20 , -3 -9 22 -5 -19 15 , 13 -11 11 0 -2 9 , 6 5 47 31 -11 -13 , -41 27 -11 -16 3 -18 , -25 11 -27 16 -7 -24 , 2 -22 9 5 -7 -10 , 39 36 -36 0 7 -29 , 0.0052203774733190775 , 0
2.51290994920638 , -31 -28 -13 -32 -61 -7 , 27 -9 9 0 7 16 , 26 -33 13 21 -18 10 , 15 -27 27 0 -14 13 , 1 13 28 32 6 -33 , 19 -13 -18 34 -11 -1 , -15 18 13 -34 17 2 , 5 -13 33 -21 -3 15 , 39 36 -36 0 7 -29 , 0.0057324939327829377 , 1
2.51290994920638 , 11 -3 -38 -40 -6 3 , 37 -23 23 0 1 24 , 9 -11 -7 12 2 -9 , 5 -13 13 0 -8 5 , 51 38 3 40 41 -3 , -33 42 -13 -31 25 -12 , -2 13 -42 31 1 -17 , -3 7 11 -12 -2 13 , 39 36 -36 0 7 -29 , 0.0058109413605201303 , 2
2.516076347611432 , 11 -3 -38 -40 -6 3 , 37 -23 23 0 1 24 , 9 -11 -7 12 2 -9 , 5 -13 13 0 -8 5 , 51 38 3 40 41 -3 , -33 42 -13 -31 25 -12 , -2 13 -42 31 1 -17 , -3 7 11 -12 -2 13 , 39 36 -36 0 7 -29 , 0.0053622776668226955 , 0
2.516076347611432 , -25 -47 -5 -31 -60 -16 , 29 -25 25 0 -5 20 , -3 -9 22 -5 -19 15 , 13 -11 11 0 -2 9 , 6 5 47 31 -11 -13 , -41 27 -11 -16 3 -18 , -25 11 -27 16 -7 -24 , 2 -22 9 5 -7 -10 , 39 36 -36 0 7 -29 , 0.0056802606071575138 , 1
2.516076347611432 , 12 -6 -56 -28 2 -16 , 21 -4 4 0 8 12 , -2 28 -28 14 0 8 , 21 -32 32 0 -15 17 , 40 56 6 28 40 8 , -6 -14 -2 17 -19 -8 , -23 2 14 -17 -6 -5 , -16 28 -28 -14 36 -28 , 39 36 -36 0 7 -29 , 0.0059377521281675765 , 2
2.518337694392194 , 11 -3 -38 -40 -6 3 , 37 -23 23 0 1 24 , 9 -11 -7 12 2 -9 , 5 -13 13 0 -8 5 , 51 38 3 40 41 -3 , -33 42 -13 -31 25 -12 , -2 13 -42 31 1 -17 , -3 7 11 -12 -2 13 , 39 36 -36 0 7 -29 , 0.0055956103863677633 , 0
2.518337694392194 , 12 -6 -56 -28 2 -16 , 21 -4 4 0 8 12 , -2 28 -28 14 0 8 , 21 -32 32 0 -15 17 , 40 56 6 28 40 8 , -6 -14 -2 17 -19 -8 , -23 2 14 -17 -6 -5 , -16 28 -28 -14 36 -28 , 39 36 -36 0 7 -29 , 0.0057183974186821819 , 1
2.518337694392194 , -25 -47 -5 -31 -60 -16 , 29 -25 25 0 -5 20 , -3 -9 22 -5 -19 15 , 13 -11 11 0 -2 9 , 6 5 47 31 -11 -13 , -41 27 -11 -16 3 -18 , -25 11 -27 16 -7 -24 , 2 -22 9 5 -7 -10 , 39 36 -36 0 7 -29 , 0.0064793892951013846 , 2
2.518337694392194 , -5 -22 -40 -15 -40 -9 , 48 -7 7 0 20 27 , -13 -1 -1 4 -11 -6 , 14 34 -34 0 35 1 , 10 40 22 15 31 -18 , -28 22 -9 -20 16 -19 , -8 9 -22 20 -10 -6 , -17 1 1 -4 -5 -10 , 19 -27 27 0 -55 -28 , 0.0065476837017247229 , 3
2.5206462273387293 , 12 -6 -56 -28 2 -16 , 21 -4 4 0 8 12 , -2 28 -28 14 0 8 , 21 -32 32 0 -15 17 , 40 56 6 28 40 8 , -6 -14 -2 17 -19 -8 , -23 2 14 -17 -6 -5 , -16 28 -28 -14 36 -28 , 39 36 -36 0 7 -29 , 0.0059468241366722316 , 0
2.5206462273387293 , -17 -11 -47 -24 -29 -20 , 13 32 -32 0 33 1 , 20 -28 6 29 -27 11 , 49 -5 5 0 22 27 , 7 47 11 24 27 -18 , 5 -4 1 8 -9 7 , -3 -1 4 -8 6 -5 , -9 -6 28 -29 5 1 , 19 -27 27 0 -55 -28 , 0.0062095735699322537 , 1
2.5206462273387293 , 11 -3 -38 -40 -6 3 , 37 -23 23 0 1 24 , 9 -11 -7 12 2 -9 , 5 -13 13 0 -8 5 , 51 38 3 40 41 -3 , -33 42 -13 -31 25 -12 , -2 13 -42 31 1 -17 , -3 7 11 -12 -2 13 , 39 36 -36 0 7 -29 , 0.0062606608719324693 , 2
2.5206462273387293 , -5 -22 -40 -15 -40 -9 , 48 -7 7 0 20 27 , -13 -1 -1 4 -11 -6 , 14 34 -34 0 35 1 , 10 40 22 15 31 -18 , -28 22 -9 -20 16 -19 , -8 9 -22 20 -10 -6 , -17 1 1 -4 -5 -10 , 19 -27 27 0 -55 -28 , 0.0063409402516287471 , 3
2.5281418756739935 , -17 -11 -47 -24 -29 -20 , 13 32 -32 0 33 1 , 20 -28 6 29 -27 11 , 49 -5 5 0 22 27 , 7 47 11 24 27 -18 , 5 -4 1 8 -9 7 , -3 -1 4 -8 6 -5 , -9 -6 28 -29 5 1 , 19 -27 27 0 -55 -28 , 0.0032351973087221312 , 0
2.530540434896052 , -17 -11 -47 -24 -29 -20 , 13 32 -32 0 33 1 , 20 -28 6 29 -27 11 , 49 -5 5 0 22 27 , 7 47 11 24 27 -18 , 5 -4 1 8 -9 7 , -3 -1 4 -8 6 -5 , -9 -6 28 -29 5 1 , 19 -27 27 0 -55 -28 , 0.0036528127085334872 , 0
2.5318639069019806 , -17 -11 -47 -24 -29 -20 , 13 32 -32 0 33 1 , 20 -28 6 29 -27 11 , 49 -5 5 0 22 27 , 7 47 11 24 27 -18 , 5 -4 1 8 -9 7 , -3 -1 4 -8 6 -5 , -9 -6 28 -29 5 1 , 19 -27 27 0 -55 -28 , 0.0041705214041963742 , 0
2.5357860219238466 , -1 -33 -21 -33 -30 -10 , 49 -5 5 0 22 27 , 4 -9 13 -11 6 -1 , -7 -31 31 0 -29 2 , 32 21 33 33 11 3 , -30 6 -12 13 -23 -13 , -43 12 -6 -13 -1 -29 , 15 -13 9 11 -14 15 , 39 36 -36 0 7 -29 , 0.0049546267761837372 , 0
2.5357860219238466 , -24 -48 -24 -24 -44 -38 , 21 -4 4 0 8 12 , 28 -16 28 0 -14 36 , 21 -32 32 0 -15 17 , 0 24 48 24 -14 4 , 6 14 2 -17 19 8 , 23 -2 -14 17 6 5 , 28 -28 16 0 8 2 , 39 36 -36 0 7 -29 , 0.0057759601679776493 , 1
2.5357860219238466 , 13 -40 -57 4 -27 -30 , 26 -6 6 0 9 15 , 13 -14 21 12 -32 32 , 16 -30 30 0 -16 14 , 9 57 40 -4 27 13 , 7 23 -18 5 8 12 , 2 18 -23 -5 30 -15 , 1 -21 14 -12 11 -18 , 39 36 -36 0 7 -29 , 0.0058725026892115255 , 2
2.536936369890602 , -1 -33 -21 -33 -30 -10 , 49 -5 5 0 22 27 , 4 -9 13 -11 6 -1 , -7 -31 31 0 -29 2 , 32 21 33 33 11 3 , -30 6 -12 13 -23 -13 , -43 12 -6 -13 -1 -29 , 15 -13 9 11 -14 15 , 39 36 -36 0 7 -29 , 0.0050209535612020994 , 0
2.536936369890602 , 13 -40 -57 4 -27 -30 , 26 -6 6 0 9 15 , 13 -14 21 12 -32 32 , 16 -30 30 0 -16 14 , 9 57 40 -4 27 13 , 7 23 -18 5 8 12 , 2 18 -23 -5 30 -15 , 1 -21 14 -12 11 -18 , 39 36 -36 0 7 -29 , 0.0055693034493788495 , 1
2.536936369890602 , -24 -48 -24 -24 -44 -38 , 21 -4 4 0 8 12 , 28 -16 28 0 -14 36 , 21 -32 32 0 -15 17 , 0 24 48 24 -14 4 , 6 14 2 -17 19 8 , 23 -2 -14 17 6 5 , 28 -28 16 0 8 2 , 39 36 -36 0 7 -29 , 0.0057183974186822218 , 2
2.5393769459808326 , 13 -40 -57 4 -27 -30 , 26 -6 6 0 9 15 , 13 -14 21 12 -32 32 , 16 -30 30 0 -16 14 , 9 57 40 -4 27 13 , 7 23 -18 5 8 12 , 2 18 -23 -5 30 -15 , 1 -21 14 -12 11 -18 , 39 36 -36 0 7 -29 , 0.005295181507583244 , 0
2.5393769459808326 , -1 -33 -21 -33 -30 -10 , 49 -5 5 0 22 27 , 4 -9 13 -11 6 -1 , -7 -31 31 0 -29 2 , 32 21 33 33 11 3 , -30 6 -12 13 -23 -13 , -43 12 -6 -13 -1 -29 , 15 -13 9 11 -14 15 , 39 36 -36 0 7 -29 , 0.0055673757511185071 , 1
2.5393769459808326 , -20 -41 -18 -29 -46 -22 , 30 5 -5 0 20 15 , -30 30 -22 -3 2 -12 , 12 -41 41 0 -27 14 , 9 18 41 29 -4 -5 , -11 3 22 -15 -14 17 , 4 -22 -3 15 -5 -17 , -27 22 -30 3 10 -28 , 39 36 -36 0 7 -29 , 0.0058638232568622691 , 2
2.5393769459808326 , -24 -48 -24 -24 -44 -38 , 21 -4 4 0 8 12 , 28 -16 28 0 -14 36 , 21 -32 32 0 -15 17 , 0 24 48 24 -14 4 , 6 14 2 -17 19 8 , 23 -2 -14 17 6 5 , 28 -28 16 0 8 2 , 39 36 -36 0 7 -29 , 0.0059731280984550586 , 3
2.5434389414337653 , -20 -41 -18 -29 -46 -22 , 30 5 -5 0 20 15 , -30 30 -22 -3 2 -12 , 12 -41 41 0 -27 14 , 9 18 41 29 -4 -5 , -11 3 22 -15 -14 17 , 4 -22 -3 15 -5 -17 , -27 22 -30 3 10 -28 , 39 36 -36 0 7 -29 , 0.0051121963084979696 , 0
2.5434389414337653 , 16 -7 -33 -36 -14 13 , 10 -15 15 0 -7 8 , -22 10 -31 17 -1 -29 , 32 -21 21 0 0 21 , 52 33 7 36 46 -7 , 8 6 7 -16 16 7 , 24 -7 -6 16 0 10 , -39 31 -10 -17 2 -11 , 39 36 -36 0 7 -29 , 0.0058214355733107407 , 1
2.5434389414337653 , 13 -40 -57 4 -27 -30 , 26 -6 6 0 9 15 , 13 -14 21 12 -32 32 , 16 -30 30 0 -16 14 , 9 57 40 -4 27 13 , 7 23 -18 5 8 12 , 2 18 -23 -5 30 -15 , 1 -21 14 -12 11 -18 , 39 36 -36 0 7 -29 , 0.0060240198672955559 , 2
2.5434389414337653 , -18 -55 -13 -20 -58 -23 , 10 -15 15 0 -7 8 , -11 39 -31 -1 17 -2 , 32 -21 21 0 0 21 , 2 13 55 20 -10 -3 , 16 0 5 -8 14 8 , 24 -5 0 8 3 14 , -10 31 -39 1 29 -22 , 39 36 -36 0 7 -29 , 0.0063516983699791708 , 3
2.543918786089494 , -20 -41 -18 -29 -46 -22 , 30 5 -5 0 20 15 , -30 30 -22 -3 2 -12 , 12 -41 41 0 -27 14 , 9 18 41 29 -4 -5 , -11 3 22 -15 -14 17 , 4 -22 -3 15 -5 -17 , -27 22 -30 3 10 -28 , 39 36 -36 0 7 -29 , 0.0051234437777472486 , 0
2.543918786089494 , 16 -7 -33 -36 -14 13 , 10 -15 15 0 -7 8 , -22 10 -31 17 -1 -29 , 32 -21 21 0 0 21 , 52 33 7 36 46 -7 , 8 6 7 -16 16 7 , 24 -7 -6 16 0 10 , -39 31 -10 -17 2 -11 , 39 36 -36 0 7 -29 , 0.0058115391512888722 , 1
2.543918786089494 , 13 -40 -57 4 -27 -30 , 26 -6 6 0 9 15 , 13 -14 21 12 -32 32 , 16 -30 30 0 -16 14 , 9 57 40 -4 27 13 , 7 23 -18 5 8 12 , 2 18 -23 -5 30 -15 , 1 -21 14 -12 11 -18 , 39 36 -36 0 7 -29 , 0.006192984569794239 , 2
2.543918786089494 , -18 -55 -13 -20 -58 -23 , 10 -15 15 0 -7 8 , -11 39 -31 -1 17 -2 , 32 -21 21 0 0 21 , 2 13 55 20 -10 -3 , 16 0 5 -8 14 8 , 24 -5 0 8 3 14 , -10 31 -39 1 29 -22 , 39 36 -36 0 7 -29 , 0.0062225232408267437 , 3
2.5470638888821577 , -20 -41 -18 -29 -46 -22 , 30 5 -5 0 20 15 , -30 30 -22 -3 2 -12 , 12 -41 41 0 -27 14 , 9 18 41 29 -4 -5 , -11 3 22 -15 -14 17 , 4 -22 -3 15 -5 -17 , -27 22 -30 3 10 -28 , 39 36 -36 0 7 -29 , 0.0057187978212950288 , 0
2.5470638888821577 , -18 -55 -13 -20 -58 -23 , 10 -15 15 0 -7 8 , -11 39 -31 -1 17 -2 , 32 -21 21 0 0 21 , 2 13 55 20 -10 -3 , 16 0 5 -8 14 8 , 24 -5 0 8 3 14 , -10 31 -39 1 29 -22 , 39 36 -36 0 7 -29 , 0.0058115391512888791 , 1
2.5470638888821577 , 16 -7 -33 -36 -14 13 , 10 -15 15 0 -7 8 , -22 10 -31 17 -1 -29 , 32 -21 21 0 0 21 , 52 33 7 36 46 -7 , 8 6 7 -16 16 7 , 24 -7 -6 16 0 10 , -39 31 -10 -17 2 -11 , 39 36 -36 0 7 -29 , 0.0062225232408262502 , 2
2.5554457272073208 , 17 -29 -45 -22 -7 -20 , 30 0 0 0 16 16 , 16 -3 -18 34 -18 11 , 12 -36 36 0 -23 13 , 39 45 29 22 25 22 , -14 -12 27 -16 -13 2 , 2 -27 12 16 -25 -1 , -18 18 3 -34 29 -15 , 39 36 -36 0 7 -29 , 0.0052127040635167711 , 0
2.556947924855715 , 17 -29 -45 -22 -7 -20 , 30 0 0 0 16 16 , 16 -3 -18 34 -18 11 , 12 -36 36 0 -23 13 , 39 45 29 22 25 22 , -14 -12 27 -16 -13 2 , 2 -27 12 16 -25 -1 , -18 18 3 -34 29 -15 , 39 36 -36 0 7 -29 , 0.0051033311381640236 , 0
2.561819620261487 , 17 -29 -45 -22 -7 -20 , 30 0 0 0 16 16 , 16 -3 -18 34 -18 11 , 12 -36 36 0 -23 13 , 39 45 29 22 25 22 , -14 -12 27 -16 -13 2 , 2 -27 12 16 -25 -1 , -18 18 3 -34 29 -15 , 39 36 -36 0 7 -29 , 0.0061571624980808256 , 0
2.561819620261487 , 4 -29 -59 -7 -18 -33 , 12 -36 36 0 -23 13 , -13 -16 25 -12 -14 -2 , 30 0 0 0 16 16 , 11 59 29 7 26 11 , 18 -15 29 -16 3 18 , 34 -29 15 16 -11 18 , -1 -25 16 12 -27 2 , 39 36 -36 0 7 -29 , 0.0061603261210751948 , 1
2.561819620261487 , 14 -43 -52 3 -30 -26 , 30 -5 5 0 12 17 , -16 12 -28 16 -2 -19 , 12 -31 31 0 -19 12 , 11 52 43 -3 26 13 , -28 5 17 -27 1 -9 , -1 -17 -5 27 -26 -4 , -32 28 -12 -16 9 -14 , 39 36 -36 0 7 -29 , 0.0061970689639899148 , 2
2.561819620261487 , -37 -18 -42 -25 -41 -32 , 13 5 -5 0 11 6 , -3 6 -43 28 10 -31 , 28 -6 6 0 10 16 , -12 42 18 25 10 -23 , -3 1 -33 22 9 -29 , -25 33 -1 -22 4 8 , -31 43 -6 -28 12 4 , 40 1 -1 0 -21 -22 , 0.00684735529769311 , 3
2.565365869400815 , 4 -29 -59 -7 -18 -33 , 12 -36 36 0 -23 13 , -13 -16 25 -12 -14 -2 , 30 0 0 0 16 16 , 11 59 29 7 26 11 , 18 -15 29 -16 3 18 , 34 -29 15 16 -11 18 , -1 -25 16 12 -27 2 , 39 36 -36 0 7 -29 , 0.0051897027695177768 , 0
2.565365869400815 , -37 -18 -42 -25 -41 -32 , 13 5 -5 0 11 6 , -3 6 -43 28 10 -31 , 28 -6 6 0 10 16 , -12 42 18 25 10 -23 , -3 1 -33 22 9 -29 , -25 33 -1 -22 4 8 , -31 43 -6 -28 12 4 , 40 1 -1 0 -21 -22 , 0.0063716847609527017 , 1
2.566699307982305 , 4 -29 -59 -7 -18 -33 , 12 -36 36 0 -23 13 , -13 -16 25 -12 -14 -2 , 30 0 0 0 16 16 , 11 59 29 7 26 11 , 18 -15 29 -16 3 18 , 34 -29 15 16 -11 18 , -1 -25 16 12 -27 2 , 39 36 -36 0 7 -29 , 0.0051033311381639473 , 0
2.570235629012121 , 4 -29 -59 -7 -18 -33 , 12 -36 36 0 -23 13 , -13 -16 25 -12 -14 -2 , 30 0 0 0 16 16 , 11 59 29 7 26 11 , 18 -15 29 -16 3 18 , 34 -29 15 16 -11 18 , -1 -25 16 12 -27 2 , 39 36 -36 0 7 -29 , 0.0056830228534194734 , 0
2.5755723599211002 , -11 7 -27 -60 -7 4 , 14 -14 14 0 -4 10 , -7 -22 33 -21 -4 -4 , 28 -22 22 0 -3 19 , 49 27 -7 60 31 -14 , 0 2 -16 -1 22 -23 , 1 16 -2 1 -7 20 , 14 -33 22 21 -37 18 , 39 36 -36 0 7 -29 , 0.0055853475177113782 , 0
2.5759145231795397 , -11 7 -27 -60 -7 4 , 14 -14 14 0 -4 10 , -7 -22 33 -21 -4 -4 , 28 -22 22 0 -3 19 , 49 27 -7 60 31 -14 , 0 2 -16 -1 22 -23 , 1 16 -2 1 -7 20 , 14 -33 22 21 -37 18 , 39 36 -36 0 7 -29 , 0.0054905109449902238 , 0
2.578813322480533 , -11 7 -27 -60 -7 4 , 14 -14 14 0 -4 10 , -7 -22 33 -21 -4 -4 , 28 -22 22 0 -3 19 , 49 27 -7 60 31 -14 , 0 2 -16 -1 22 -23 , 1 16 -2 1 -7 20 , 14 -33 22 21 -37 18 , 39 36 -36 0 7 -29 , 0.0050935456065325365 , 0
2.5836014710883055 , -25 -53 -8 -32 -51 -27 , 18 -18 18 0 -5 13 , 9 -17 34 -6 -23 28 , 24 -18 18 0 -2 16 , 7 8 53 32 -19 2 , -28 20 5 -29 12 -9 , 1 -5 -20 29 -14 -8 , 15 -34 17 6 -6 -6 , 39 36 -36 0 7 -29 , 0.0058745811584549439 , 0
2.5836014710883055 , -11 7 -27 -60 -7 4 , 14 -14 14 0 -4 10 , -7 -22 33 -21 -4 -4 , 28 -22 22 0 -3 19 , 49 27 -7 60 31 -14 , 0 2 -16 -1 22 -23 , 1 16 -2 1 -7 20 , 14 -33 22 21 -37 18 , 39 36 -36 0 7 -29 , 0.0061161544877244185 , 1
2.5836014710883055 , 1 -43 -39 -7 -39 -22 , 35 3 -3 0 21 18 , 23 -32 24 5 -11 11 , 7 -39 39 0 -28 11 , 8 39 43 7 17 4 , -14 -9 10 9 -30 5 , -23 -10 9 -9 -5 -21 , 18 -24 32 -5 -13 21 , 39 36 -36 0 7 -29 , 0.0065153817853080996 , 2
2.5836014710883055 , -1 -36 0 -49 -32 4 , 31 8 -8 0 23 15 , 0 -16 31 -17 -7 9 , 10 -9 9 0 -2 7 , 48 0 36 49 4 4 , -26 -9 -20 21 -14 -36 , -47 20 9 -21 -16 -5 , 17 -31 16 17 -22 9 , 40 1 -1 0 -21 -22 , 0.0065246100458906343 , 3
2.585468482731514 , 1 -43 -39 -7 -39 -22 , 35 3 -3 0 21 18 , 23 -32 24 5 -11 11 , 7 -39 39 0 -28 11 , 8 39 43 7 17 4 , -14 -9 10 9 -30 5 , -23 -10 9 -9 -5 -21 , 18 -24 32 -5 -13 21 , 39 36 -36 0 7 -29 , 0.0058930523224145232 , 0
2.585468482731514 , -25 -53 -8 -32 -51 -27 , 18 -18 18 0 -5 13 , 9 -17 34 -6 -23 28 , 24 -18 18 0 -2 16 , 7 8 53 32 -19 2 , -28 20 5 -29 12 -9 , 1 -5 -20 29 -14 -8 , 15 -34 17 6 -6 -6 , 39 36 -36 0 7 -29 , 0.0060210929411863073 , 1
2.585468482731514 , -1 -36 0 -49 -32 4 , 31 8 -8 0 23 15 , 0 -16 31 -17 -7 9 , 10 -9 9 0 -2 7 , 48 0 36 49 4 4 , -26 -9 -20 21 -14 -36 , -47 20 9 -21 -16 -5 , 17 -31 16 17 -22 9 , 40 1 -1 0 -21 -22 , 0.0063896540669856365 , 2
2.585468482731514 , -11 7 -27 -60 -7 4 , 14 -14 14 0 -4 10 , -7 -22 33 -21 -4 -4 , 28 -22 22 0 -3 19 , 49 27 -7 60 31 -14 , 0 2 -16 -1 22 -23 , 1 16 -2 1 -7 20 , 14 -33 22 21 -37 18 , 39 36 -36 0 7 -29 , 0.0069346730037153472 , 3
2.5886710911164803 , 1 -43 -39 -7 -39 -22 , 35 3 -3 0 21 18 , 23 -32 24 5 -11 11 , 7 -39 39 0 -28 11 , 8 39 43 7 17 4 , -14 -9 10 9 -30 5 , -23 -10 9 -9 -5 -21 , 18 -24 32 -5 -13 21 , 39 36 -36 0 7 -29 , 0.0054405641949853934 , 0
2.5886710911164803 , 14 -55 -18 -22 -31 -14 , 10 -9 9 0 -2 7 , 48 -8 -7 16 15 20 , 31 8 -8 0 23 15 , 36 18 55 22 4 24 , -17 9 -22 0 16 -31 , -17 22 -9 0 -9 7 , 32 7 8 -16 27 23 , 40 1 -1 0 -21 -22 , 0.0065564695503501141 , 1
2.5886710911164803 , -1 -36 0 -49 -32 4 , 31 8 -8 0 23 15 , 0 -16 31 -17 -7 9 , 10 -9 9 0 -2 7 , 48 0 36 49 4 4 , -26 -9 -20 21 -14 -36 , -47 20 9 -21 -16 -5 , 17 -31 16 17 -22 9 , 40 1 -1 0 -21 -22 , 0.0067790856227258394 , 2
2.5907493717332706 , 1 -43 -39 -7 -39 -22 , 35 3 -3 0 21 18 , 23 -32 24 5 -11 11 , 7 -39 39 0 -28 11 , 8 39 43 7 17 4 , -14 -9 10 9 -30 5 , -23 -10 9 -9 -5 -21 , 18 -24 32 -5 -13 21 , 39 36 -36 0 7 -29 , 0.0056355438396015617 , 0
2.5907493717332706 , 14 -55 -18 -22 -31 -14 , 10 -9 9 0 -2 7 , 48 -8 -7 16 15 20 , 31 8 -8 0 23 15 , 36 18 55 22 4 24 , -17 9 -22 0 16 -31 , -17 22 -9 0 -9 7 , 32 7 8 -16 27 23 , 40 1 -1 0 -21 -22 , 0.0063896540669855844 , 1
2.5907493717332706 , -39 -23 -20 -38 -49 -18 , 30 -5 5 0 12 17 , -26 14 7 -32 18 -16 , 12 -31 31 0 -19 12 , -1 20 23 38 2 -26 , -28 5 17 -27 1 -9 , -1 -17 -5 27 -26 -4 , 6 -7 -14 32 -23 4 , 39 36 -36 0 7 -29 , 0.0068476016616486335 , 2
2.5948690909526624 , -37 -38 -20 -36 -43 -35 , 27 -9 9 0 7 16 , -15 5 -13 18 -21 -3 , 15 -27 27 0 -14 13 , -1 20 38 36 -15 -5 , -1 -19 13 17 -34 11 , -18 -13 19 -17 -2 -15 , -33 13 -5 -18 10 -26 , 39 36 -36 0 7 -29 , 0.0057679097763373658 , 0
2.5948690909526624 , 15 -20 -46 -17 -19 -4 , 34 1 -1 0 19 18 , 1 1 -18 29 -20 3 , 8 -37 37 0 -26 11 , 32 46 20 17 42 1 , -18 30 0 -26 14 5 , 8 0 -30 26 5 -16 , -28 18 -1 -29 21 -21 , 39 36 -36 0 7 -29 , 0.0059447801754074553 , 1
2.5948690909526624 , -39 -23 -20 -38 -49 -18 , 30 -5 5 0 12 17 , -26 14 7 -32 18 -16 , 12 -31 31 0 -19 12 , -1 20 23 38 2 -26 , -28 5 17 -27 1 -9 , -1 -17 -5 27 -26 -4 , 6 -7 -14 32 -23 4 , 39 36 -36 0 7 -29 , 0.0061970689639898992 , 2
2.5948690909526624 , 1 -43 -39 -7 -39 -22 , 35 3 -3 0 21 18 , 23 -32 24 5 -11 11 , 7 -39 39 0 -28 11 , 8 39 43 7 17 4 , -14 -9 10 9 -30 5 , -23 -10 9 -9 -5 -21 , 18 -24 32 -5 -13 21 , 39 36 -36 0 7 -29 , 0.0069862179424223982 , 3
2.5948690909526624 , 14 -55 -18 -22 -31 -14 , 10 -9 9 0 -2 7 , 48 -8 -7 16 15 20 , 31 8 -8 0 23 15 , 36 18 55 22 4 24 , -17 9 -22 0 16 -31 , -17 22 -9 0 -9 7 , 32 7 8 -16 27 23 , 40 1 -1 0 -21 -22 , 0.0070223696649160984 , 4
2.596490062394694 , -37 -38 -20 -36 -43 -35 , 27 -9 9 0 7 16 , -15 5 -13 18 -21 -3 , 15 -27 27 0 -14 13 , -1 20 38 36 -15 -5 , -1 -19 13 17 -34 11 , -18 -13 19 -17 -2 -15 , -33 13 -5 -18 10 -26 , 39 36 -36 0 7 -29 , 0.0053082964612024743 , 0
2.596490062394694 , 15 -20 -46 -17 -19 -4 , 34 1 -1 0 19 18 , 1 1 -18 29 -20 3 , 8 -37 37 0 -26 11 , 32 46 20 17 42 1 , -18 30 0 -26 14 5 , 8 0 -30 26 5 -16 , -28 18 -1 -29 21 -21 , 39 36 -36 0 7 -29 , 0.0058332361811370553 , 1
2.596490062394694 , -39 -23 -20 -38 -49 -18 , 30 -5 5 0 12 17 , -26 14 7 -32 18 -16 , 12 -31 31 0 -19 12 , -1 20 23 38 2 -26 , -28 5 17 -27 1 -9 , -1 -17 -5 27 -26 -4 , 6 -7 -14 32 -23 4 , 39 36 -36 0 7 -29 , 0.0063021765522581139 , 2
2.5988201569228098 , -37 -38 -20 -36 -43 -35 , 27 -9 9 0 7 16 , -15 5 -13 18 -21 -3 , 15 -27 27 0 -14 13 , -1 20 38 36 -15 -5 , -1 -19 13 17 -34 11 , -18 -13 19 -17 -2 -15 , -33 13 -5 -18 10 -26 , 39 36 -36 0 7 -29 , 0.0050461223061358954 , 0
2.5988201569228098 , 15 -20 -46 -17 -19 -4 , 34 1 -1 0 19 18 , 1 1 -18 29 -20 3 , 8 -37 37 0 -26 11 , 32 46 20 17 42 1 , -18 30 0 -26 14 5 , 8 0 -30 26 5 -16 , -28 18 -1 -29 21 -21 , 39 36 -36 0 7 -29 , 0.0060614601809156647 , 1
2.5991695654586033 , -37 -38 -20 -36 -43 -35 , 27 -9 9 0 7 16 , -15 5 -13 18 -21 -3 , 15 -27 27 0 -14 13 , -1 20 38 36 -15 -5 , -1 -19 13 17 -34 11 , -18 -13 19 -17 -2 -15 , -33 13 -5 -18 10 -26 , 39 36 -36 0 7 -29 , 0.0050521671873931884 , 0
2.5991695654586033 , 15 -20 -46 -17 -19 -4 , 34 1 -1 0 19 18 , 1 1 -18 29 -20 3 , 8 -37 37 0 -26 11 , 32 46 20 17 42 1 , -18 30 0 -26 14 5 , 8 0 -30 26 5 -16 , -28 18 -1 -29 21 -21 , 39 36 -36 0 7 -29 , 0.0061332285636154695 , 1
2.6049432752635786 , 8 -20 -51 -15 -19 -13 , 7 -39 39 0 -28 11 , 9 5 21 -14 -5 30 , 35 3 -3 0 21 18 , 23 51 20 15 38 1 , 21 -13 -5 32 -24 18 , -11 5 13 -32 23 -11 , 23 -21 -5 14 9 -10 , 39 36 -36 0 7 -29 , 0.0056353152405787185 , 0
2.6049432752635786 , -37 -38 -20 -36 -43 -35 , 27 -9 9 0 7 16 , -15 5 -13 18 -21 -3 , 15 -27 27 0 -14 13 , -1 20 38 36 -15 -5 , -1 -19 13 17 -34 11 , -18 -13 19 -17 -2 -15 , -33 13 -5 -18 10 -26 , 39 36 -36 0 7 -29 , 0.0066490272179197648 , 1
2.607020315774527 , 8 -20 -51 -15 -19 -13 , 7 -39 39 0 -28 11 , 9 5 21 -14 -5 30 , 35 3 -3 0 21 18 , 23 51 20 15 38 1 , 21 -13 -5 32 -24 18 , -11 5 13 -32 23 -11 , 23 -21 -5 14 9 -10 , 39 36 -36 0 7 -29 , 0.0054405641949852885 , 0
2.6136758817908174 , -5 1 -24 -44 -29 21 , 18 -18 18 0 -5 13 , 17 -9 28 -6 -15 34 , 24 -18 18 0 -2 16 , 39 24 -1 44 45 -30 , -4 -10 -3 23 -28 3 , -27 3 10 -23 6 -18 , 23 -28 9 6 6 -6 , 39 36 -36 0 7 -29 , 0.0058826844454696577 , 0
2.6136758817908174 , 8 -20 -51 -15 -19 -13 , 7 -39 39 0 -28 11 , 9 5 21 -14 -5 30 , 35 3 -3 0 21 18 , 23 51 20 15 38 1 , 21 -13 -5 32 -24 18 , -11 5 13 -32 23 -11 , 23 -21 -5 14 9 -10 , 39 36 -36 0 7 -29 , 0.0071936014514798778 , 1
2.6136758817908174 , -32 -18 -9 -43 -55 5 , 21 -27 27 0 -11 16 , 0 18 -1 -1 -7 22 , 21 -9 9 0 4 13 , 11 9 18 43 14 -37 , -33 30 -13 -11 1 -8 , -22 13 -30 11 5 -29 , 1 1 -18 1 23 -25 , 39 36 -36 0 7 -29 , 0.0072928810777142423 , 2
2.6141123976047256 , -5 1 -24 -44 -29 21 , 18 -18 18 0 -5 13 , 17 -9 28 -6 -15 34 , 24 -18 18 0 -2 16 , 39 24 -1 44 45 -30 , -4 -10 -3 23 -28 3 , -27 3 10 -23 6 -18 , 23 -28 9 6 6 -6 , 39 36 -36 0 7 -29 , 0.0058745811584550202 , 0
2.6141123976047256 , -32 -18 -9 -43 -55 5 , 21 -27 27 0 -11 16 , 0 18 -1 -1 -7 22 , 21 -9 9 0 4 13 , 11 9 18 43 14 -37 , -33 30 -13 -11 1 -8 , -22 13 -30 11 5 -29 , 1 1 -18 1 23 -25 , 39 36 -36 0 7 -29 , 0.0072994100081144745 , 1
2.616658482264379 , -5 1 -24 -44 -29 21 , 18 -18 18 0 -5 13 , 17 -9 28 -6 -15 34 , 24 -18 18 0 -2 16 , 39 24 -1 44 45 -30 , -4 -10 -3 23 -28 3 , -27 3 10 -23 6 -18 , 23 -28 9 6 6 -6 , 39 36 -36 0 7 -29 , 0.0061442622723617887 , 0
2.616658482264379 , -41 -5 -35 -48 -24 -27 , 25 13 -13 0 24 11 , 14 -4 6 -16 26 -5 , 16 -14 14 0 -3 11 , 7 35 5 48 8 -19 , 8 27 0 -31 37 10 , 39 0 -27 31 10 10 , 30 -6 4 16 -11 30 , 40 1 -1 0 -21 -22 , 0.0071677566572041001 , 1
2.616658482264379 , -32 -18 -9 -43 -55 5 , 21 -27 27 0 -11 16 , 0 18 -1 -1 -7 22 , 21 -9 9 0 4 13 , 11 9 18 43 14 -37 , -33 30 -13 -11 1 -8 , -22 13 -30 11 5 -29 , 1 1 -18 1 23 -25 , 39 36 -36 0 7 -29 , 0.0075917073757799085 , 2
2.6266297966950827 , 4 -33 -57 -15 -6 -41 , 26 -6 6 0 9 15 , -13 14 -21 -12 32 -32 , 16 -30 30 0 -16 14 , 19 57 33 15 16 27 , -24 1 -7 6 -13 -16 , -30 7 -1 -6 -9 -14 , -1 21 -14 12 -11 18 , 39 36 -36 0 7 -29 , 0.0058525113873335744 , 0
2.6301548409352797 , 4 -33 -57 -15 -6 -41 , 26 -6 6 0 9 15 , -13 14 -21 -12 32 -32 , 16 -30 30 0 -16 14 , 19 57 33 15 16 27 , -24 1 -7 6 -13 -16 , -30 7 -1 -6 -9 -14 , -1 21 -14 12 -11 18 , 39 36 -36 0 7 -29 , 0.0052951815075832831 , 0
2.6301548409352797 , -26 -47 -18 -32 -41 -33 , 12 -31 31 0 -19 12 , 8 13 -33 19 13 -10 , 30 -5 5 0 12 17 , 6 18 47 32 -15 6 , 32 -23 4 26 -16 18 , 6 -4 23 -26 14 7 , -11 33 -13 -19 23 0 , 39 36 -36 0 7 -29 , 0.0063653914175661672 , 1
2.6322113224732027 , 4 -33 -57 -15 -6 -41 , 26 -6 6 0 9 15 , -13 14 -21 -12 32 -32 , 16 -30 30 0 -16 14 , 19 57 33 15 16 27 , -24 1 -7 6 -13 -16 , -30 7 -1 -6 -9 -14 , -1 21 -14 12 -11 18 , 39 36 -36 0 7 -29 , 0.0054912199766377718 , 0
2.6322113224732027 , -26 -47 -18 -32 -41 -33 , 12 -31 31 0 -19 12 , 8 13 -33 19 13 -10 , 30 -5 5 0 12 17 , 6 18 47 32 -15 6 , 32 -23 4 26 -16 18 , 6 -4 23 -26 14 7 , -11 33 -13 -19 23 0 , 39 36 -36 0 7 -29 , 0.0061970689639898758 , 1
2.638724716893499 , -18 -38 -6 -37 -50 -3 , 34 1 -1 0 19 18 , 3 -1 -1 21 -29 20 , 8 -37 37 0 -26 11 , 19 6 38 37 3 -12 , -26 -5 16 -18 -5 -14 , -8 -16 5 18 -30 0 , -18 1 1 -21 21 -28 , 39 36 -36 0 7 -29 , 0.0058332361811371698 , 0
2.638724716893499 , -22 -8 -52 -24 -26 -22 , 45 -1 1 0 23 24 , 9 -12 6 0 3 -2 , 17 28 -28 0 32 4 , 2 52 8 24 30 -18 , 6 -26 30 -6 -14 8 , 12 -30 26 6 -22 12 , 9 -6 12 0 -8 15 , 19 -27 27 0 -55 -28 , 0.0064756632960919725 , 1
2.638724716893499 , -32 -10 -31 -42 -31 -16 , 16 24 -24 0 28 4 , -5 -15 7 -15 19 -27 , 25 -25 25 0 -7 18 , 10 31 10 42 15 -21 , 21 -10 -25 16 26 -25 , 5 25 10 -16 0 36 , 10 -7 15 15 -34 34 , 40 1 -1 0 -21 -22 , 0.0068862772080663702 , 2
2.639491769347575 , -18 -38 -6 -37 -50 -3 , 34 1 -1 0 19 18 , 3 -1 -1 21 -29 20 , 8 -37 37 0 -26 11 , 19 6 38 37 3 -12 , -26 -5 16 -18 -5 -14 , -8 -16 5 18 -30 0 , -18 1 1 -21 21 -28 , 39 36 -36 0 7 -29 , 0.0058583980297164055 , 0
2.639491769347575 , -22 -8 -52 -24 -26 -22 , 45 -1 1 0 23 24 , 9 -12 6 0 3 -2 , 17 28 -28 0 32 4 , 2 52 8 24 30 -18 , 6 -26 30 -6 -14 8 , 12 -30 26 6 -22 12 , 9 -6 12 0 -8 15 , 19 -27 27 0 -55 -28 , 0.006182416146072324 , 1
2.639491769347575 , -32 -10 -31 -42 -31 -16 , 16 24 -24 0 28 4 , -5 -15 7 -15 19 -27 , 25 -25 25 0 -7 18 , 10 31 10 42 15 -21 , 21 -10 -25 16 26 -25 , 5 25 10 -16 0 36 , 10 -7 15 15 -34 34 , 40 1 -1 0 -21 -22 , 0.0068648839051580904 , 2
2.6439475090074698 , -22 -8 -52 -24 -26 -22 , 45 -1 1 0 23 24 , 9 -12 6 0 3 -2 , 17 28 -28 0 32 4 , 2 52 8 24 30 -18 , 6 -26 30 -6 -14 8 , 12 -30 26 6 -22 12 , 9 -6 12 0 -8 15 , 19 -27 27 0 -55 -28 , 0.0053193536076352084 , 0
2.6578616851381214 , 5 5 -51 -33 -6 3 , 18 -18 18 0 -5 13 , -28 23 6 -34 17 -9 , 24 -18 18 0 -2 16 , 38 51 -5 33 54 -11 , -3 -10 -4 -6 18 -27 , 3 4 10 6 -23 28 , 6 -6 -23 34 -15 -6 , 39 36 -36 0 7 -29 , 0.0061832663219267532 , 0
2.6578616851381214 , -2 -12 -44 -37 -4 -17 , 46 -9 9 0 17 26 , -10 17 -11 -11 17 -10 , -4 -27 27 0 -24 3 , 35 44 12 37 27 8 , -26 4 -20 19 -18 -20 , -45 20 -4 -19 0 -22 , 1 11 -17 11 1 0 , 39 36 -36 0 7 -29 , 0.0067351550513450225 , 1
2.6578616851381214 , 1 -19 -58 -14 -15 -23 , 40 -4 4 0 18 22 , 10 -13 10 17 -27 20 , 2 -32 32 0 -25 7 , 15 58 19 14 35 4 , 21 14 -9 13 -4 29 , 8 9 -14 -13 38 -18 , -7 -10 13 -17 10 -14 , 39 36 -36 0 7 -29 , 0.007609045696492683 , 2
2.66059009122842 , 5 5 -51 -33 -6 3 , 18 -18 18 0 -5 13 , -28 23 6 -34 17 -9 , 24 -18 18 0 -2 16 , 38 51 -5 33 54 -11 , -3 -10 -4 -6 18 -27 , 3 4 10 6 -23 28 , 6 -6 -23 34 -15 -6 , 39 36 -36 0 7 -29 , 0.005874581158455002 , 0
2.66059009122842 , 1 -19 -58 -14 -15 -23 , 40 -4 4 0 18 22 , 10 -13 10 17 -27 20 , 2 -32 32 0 -25 7 , 15 58 19 14 35 4 , 21 14 -9 13 -4 29 , 8 9 -14 -13 38 -18 , -7 -10 13 -17 10 -14 , 39 36 -36 0 7 -29 , 0.0062861882025129706 , 1
2.66059009122842 , -2 -12 -44 -37 -4 -17 , 46 -9 9 0 17 26 , -10 17 -11 -11 17 -10 , -4 -27 27 0 -24 3 , 35 44 12 37 27 8 , -26 4 -20 19 -18 -20 , -45 20 -4 -19 0 -22 , 1 11 -17 11 1 0 , 39 36 -36 0 7 -29 , 0.0070060246993970503 , 2
2.6659629752471603 , 1 -19 -58 -14 -15 -23 , 40 -4 4 0 18 22 , 10 -13 10 17 -27 20 , 2 -32 32 0 -25 7 , 15 58 19 14 35 4 , 21 14 -9 13 -4 29 , 8 9 -14 -13 38 -18 , -7 -10 13 -17 10 -14 , 39 36 -36 0 7 -29 , 0.0050082208123127898 , 0
2.6659629752471603 , 4 -46 -8 -41 -25 -8 , 24 20 -20 0 29 9 , 21 -30 12 15 -12 4 , 38 7 -7 0 26 19 , 45 8 46 41 0 21 , -17 9 -8 -8 9 -17 , -9 8 -9 8 -9 0 , 6 -12 30 -15 -8 18 , 19 -27 27 0 -55 -28 , 0.0054028135960365702 , 1
2.671023979002605 , 4 -46 -8 -41 -25 -8 , 24 20 -20 0 29 9 , 21 -30 12 15 -12 4 , 38 7 -7 0 26 19 , 45 8 46 41 0 21 , -17 9 -8 -8 9 -17 , -9 8 -9 8 -9 0 , 6 -12 30 -15 -8 18 , 19 -27 27 0 -55 -28 , 0.0040476607819126664 , 0
2.6738227904977885 , 4 -46 -8 -41 -25 -8 , 24 20 -20 0 29 9 , 21 -30 12 15 -12 4 , 38 7 -7 0 26 19 , 45 8 46 41 0 21 , -17 9 -8 -8 9 -17 , -9 8 -9 8 -9 0 , 6 -12 30 -15 -8 18 , 19 -27 27 0 -55 -28 , 0.00450557644854091 , 0
2.6738227904977885 , 5 -24 -50 -27 -1 -28 , 2 -27 27 0 -21 6 , 9 7 18 -31 24 11 , 40 -9 9 0 14 23 , 32 50 24 27 22 23 , -14 8 -16 -4 16 -25 , -10 16 -8 4 -9 8 , 40 -18 -7 31 -7 17 , 39 36 -36 0 7 -29 , 0.0054904096202179776 , 1
2.6760751787485217 , 5 -24 -50 -27 -1 -28 , 2 -27 27 0 -21 6 , 9 7 18 -31 24 11 , 40 -9 9 0 14 23 , 32 50 24 27 22 23 , -14 8 -16 -4 16 -25 , -10 16 -8 4 -9 8 , 40 -18 -7 31 -7 17 , 39 36 -36 0 7 -29 , 0.0052543297744689502 , 0
2.6760751787485217 , -26 -29 -14 -37 -48 -6 , 30 5 -5 0 20 15 , 28 -27 22 -2 3 10 , 12 -41 41 0 -27 14 , 11 14 29 37 8 -19 , 21 7 -14 8 14 7 , 13 14 -7 -8 21 7 , 30 -22 27 2 -12 30 , 39 36 -36 0 7 -29 , 0.0053429712591486107 , 1
2.6760751787485217 , 4 -46 -8 -41 -25 -8 , 24 20 -20 0 29 9 , 21 -30 12 15 -12 4 , 38 7 -7 0 26 19 , 45 8 46 41 0 21 , -17 9 -8 -8 9 -17 , -9 8 -9 8 -9 0 , 6 -12 30 -15 -8 18 , 19 -27 27 0 -55 -28 , 0.0053982242334722381 , 2
2.6782719033044633 , -26 -29 -14 -37 -48 -6 , 30 5 -5 0 20 15 , 28 -27 22 -2 3 10 , 12 -41 41 0 -27 14 , 11 14 29 37 8 -19 , 21 7 -14 8 14 7 , 13 14 -7 -8 21 7 , 30 -22 27 2 -12 30 , 39 36 -36 0 7 -29 , 0.0051121963084979774 , 0
2.6782719033044633 , 5 -24 -50 -27 -1 -28 , 2 -27 27 0 -21 6 , 9 7 18 -31 24 11 , 40 -9 9 0 14 23 , 32 50 24 27 22 23 , -14 8 -16 -4 16 -25 , -10 16 -8 4 -9 8 , 40 -18 -7 31 -7 17 , 39 36 -36 0 7 -29 , 0.0054791213957679115 , 1
2.6782719033044633 , -11 -20 -39 -24 -31 -11 , 49 -5 5 0 22 27 , 9 -13 15 -6 1 4 , -7 -31 31 0 -29 2 , 13 39 20 24 28 -11 , 35 -6 18 -1 -1 37 , 36 -18 6 1 19 5 , 15 -15 13 6 -11 14 , 39 36 -36 0 7 -29 , 0.0063685111603636524 , 2
2.683221652356907 , -11 -20 -39 -24 -31 -11 , 49 -5 5 0 22 27 , 9 -13 15 -6 1 4 , -7 -31 31 0 -29 2 , 13 39 20 24 28 -11 , 35 -6 18 -1 -1 37 , 36 -18 6 1 19 5 , 15 -15 13 6 -11 14 , 39 36 -36 0 7 -29 , 0.0049799130855979583 , 0
2.683221652356907 , 1 -44 -41 -13 -26 -29 , 30 5 -5 0 20 15 , 12 -2 3 22 -30 30 , 12 -41 41 0 -27 14 , 14 41 44 13 12 18 , 13 14 -7 -8 21 7 , 21 7 -14 8 14 7 , -10 -3 2 -22 27 -28 , 39 36 -36 0 7 -29 , 0.0051735397055542361 , 1
2.683221652356907 , 23 -29 -41 -21 -10 -5 , 6 -26 26 0 -18 8 , -12 25 -4 0 -14 21 , 36 -10 10 0 11 21 , 44 41 29 21 36 19 , 8 -12 4 -7 16 -13 , 15 -4 12 7 -17 28 , -12 4 -25 0 25 -39 , 39 36 -36 0 7 -29 , 0.0055643505132973951 , 2
2.683221652356907 , -2 -4 -49 -32 -9 -8 , 34 1 -1 0 19 18 , 20 -29 21 -1 -1 3 , 8 -37 37 0 -26 11 , 30 49 4 32 41 -5 , 7 4 24 -20 0 26 , 27 -24 -4 20 2 -4 , 21 -21 29 1 -18 28 , 39 36 -36 0 7 -29 , 0.0058332361811371282 , 3
2.683221652356907 , -26 -29 -14 -37 -48 -6 , 30 5 -5 0 20 15 , 28 -27 22 -2 3 10 , 12 -41 41 0 -27 14 , 11 14 29 37 8 -19 , 21 7 -14 8 14 7 , 13 14 -7 -8 21 7 , 30 -22 27 2 -12 30 , 39 36 -36 0 7 -29 , 0.006195523401106481 , 4
2.683930466327985 , -11 -20 -39 -24 -31 -11 , 49 -5 5 0 22 27 , 9 -13 15 -6 1 4 , -7 -31 31 0 -29 2 , 13 39 20 24 28 -11 , 35 -6 18 -1 -1 37 , 36 -18 6 1 19 5 , 15 -15 13 6 -11 14 , 39 36 -36 0 7 -29 , 0.0049546267761836982 , 0
2.683930466327985 , 1 -44 -41 -13 -26 -29 , 30 5 -5 0 20 15 , 12 -2 3 22 -30 30 , 12 -41 41 0 -27 14 , 14 41 44 13 12 18 , 13 14 -7 -8 21 7 , 21 7 -14 8 14 7 , -10 -3 2 -22 27 -28 , 39 36 -36 0 7 -29 , 0.0051205930600528755 , 1
2.683930466327985 , 23 -29 -41 -21 -10 -5 , 6 -26 26 0 -18 8 , -12 25 -4 0 -14 21 , 36 -10 10 0 11 21 , 44 41 29 21 36 19 , 8 -12 4 -7 16 -13 , 15 -4 12 7 -17 28 , -12 4 -25 0 25 -39 , 39 36 -36 0 7 -29 , 0.0053547531751367014 , 2
2.683930466327985 , -2 -4 -49 -32 -9 -8 , 34 1 -1 0 19 18 , 20 -29 21 -1 -1 3 , 8 -37 37 0 -26 11 , 30 49 4 32 41 -5 , 7 4 24 -20 0 26 , 27 -24 -4 20 2 -4 , 21 -21 29 1 -18 28 , 39 36 -36 0 7 -29 , 0.0058547289944540339 , 3
2.684345008215484 , -11 -20 -39 -24 -31 -11 , 49 -5 5 0 22 27 , 9 -13 15 -6 1 4 , -7 -31 31 0 -29 2 , 13 39 20 24 28 -11 , 35 -6 18 -1 -1 37 , 36 -18 6 1 19 5 , 15 -15 13 6 -11 14 , 39 36 -36 0 7 -29 , 0.004963290109936065 , 0
2.684345008215484 , 1 -44 -41 -13 -26 -29 , 30 5 -5 0 20 15 , 12 -2 3 22 -30 30 , 12 -41 41 0 -27 14 , 14 41 44 13 12 18 , 13 14 -7 -8 21 7 , 21 7 -14 8 14 7 , -10 -3 2 -22 27 -28 , 39 36 -36 0 7 -29 , 0.0051121963084980746 , 1
2.684345008215484 , 23 -29 -41 -21 -10 -5 , 6 -26 26 0 -18 8 , -12 25 -4 0 -14 21 , 36 -10 10 0 11 21 , 44 41 29 21 36 19 , 8 -12 4 -7 16 -13 , 15 -4 12 7 -17 28 , -12 4 -25 0 25 -39 , 39 36 -36 0 7 -29 , 0.0052504998630732071 , 2
2.684345008215484 , -2 -4 -49 -32 -9 -8 , 34 1 -1 0 19 18 , 20 -29 21 -1 -1 3 , 8 -37 37 0 -26 11 , 30 49 4 32 41 -5 , 7 4 24 -20 0 26 , 27 -24 -4 20 2 -4 , 21 -21 29 1 -18 28 , 39 36 -36 0 7 -29 , 0.0058870710109819443 , 3
2.68680486575917 , 23 -29 -41 -21 -10 -5 , 6 -26 26 0 -18 8 , -12 25 -4 0 -14 21 , 36 -10 10 0 11 21 , 44 41 29 21 36 19 , 8 -12 4 -7 16 -13 , 15 -4 12 7 -17 28 , -12 4 -25 0 25 -39 , 39 36 -36 0 7 -29 , 0.0049540194701868986 , 0
2.68680486575917 , -11 -20 -39 -24 -31 -11 , 49 -5 5 0 22 27 , 9 -13 15 -6 1 4 , -7 -31 31 0 -29 2 , 13 39 20 24 28 -11 , 35 -6 18 -1 -1 37 , 36 -18 6 1 19 5 , 15 -15 13 6 -11 14 , 39 36 -36 0 7 -29 , 0.0053553150365503533 , 1
2.68680486575917 , 1 -44 -41 -13 -26 -29 , 30 5 -5 0 20 15 , 12 -2 3 22 -30 30 , 12 -41 41 0 -27 14 , 14 41 44 13 12 18 , 13 14 -7 -8 21 7 , 21 7 -14 8 14 7 , -10 -3 2 -22 27 -28 , 39 36 -36 0 7 -29 , 0.0053999990549487191 , 2
2.68680486575917 , -4 -33 -23 -35 -25 -11 , 49 -5 5 0 22 27 , 14 -11 6 13 -15 15 , -7 -31 31 0 -29 2 , 31 23 33 35 12 8 , -30 13 23 -43 12 -6 , 13 -23 -13 43 -29 -1 , 1 -6 11 -13 9 -4 , 39 36 -36 0 7 -29 , 0.006167027144883608 , 3
2.69104062363512 , -4 -33 -23 -35 -25 -11 , 49 -5 5 0 22 27 , 14 -11 6 13 -15 15 , -7 -31 31 0 -29 2 , 31 23 33 35 12 8 , -30 13 23 -43 12 -6 , 13 -23 -13 43 -29 -1 , 1 -6 11 -13 9 -4 , 39 36 -36 0 7 -29 , 0.005000654020847089 , 0
2.69104062363512 , -27 -9 -25 -45 -32 -4 , 35 3 -3 0 21 18 , 3 -7 9 -20 24 -14 , 7 -39 39 0 -28 11 , 18 25 9 45 21 -23 , 9 14 5 -21 23 10 , 30 -5 -14 21 5 9 , 23 -9 7 20 -23 31 , 39 36 -36 0 7 -29 , 0.0054405641949853232 , 1
2.69104062363512 , 23 -29 -41 -21 -10 -5 , 6 -26 26 0 -18 8 , -12 25 -4 0 -14 21 , 36 -10 10 0 11 21 , 44 41 29 21 36 19 , 8 -12 4 -7 16 -13 , 15 -4 12 7 -17 28 , -12 4 -25 0 25 -39 , 39 36 -36 0 7 -29 , 0.0057890500445479326 , 2
2.6919979277254025 , -4 -33 -23 -35 -25 -11 , 49 -5 5 0 22 27 , 14 -11 6 13 -15 15 , -7 -31 31 0 -29 2 , 31 23 33 35 12 8 , -30 13 23 -43 12 -6 , 13 -23 -13 43 -29 -1 , 1 -6 11 -13 9 -4 , 39 36 -36 0 7 -29 , 0.0049546267761836731 , 0
2.6919979277254025 , -27 -9 -25 -45 -32 -4 , 35 3 -3 0 21 18 , 3 -7 9 -20 24 -14 , 7 -39 39 0 -28 11 , 18 25 9 45 21 -23 , 9 14 5 -21 23 10 , 30 -5 -14 21 5 9 , 23 -9 7 20 -23 31 , 39 36 -36 0 7 -29 , 0.0054825133220115308 , 1
2.6919979277254025 , 23 -29 -41 -21 -10 -5 , 6 -26 26 0 -18 8 , -12 25 -4 0 -14 21 , 36 -10 10 0 11 21 , 44 41 29 21 36 19 , 8 -12 4 -7 16 -13 , 15 -4 12 7 -17 28 , -12 4 -25 0 25 -39 , 39 36 -36 0 7 -29 , 0.0061665392438322308 , 2
2.6950491498693214 , -4 -33 -23 -35 -25 -11 , 49 -5 5 0 22 27 , 14 -11 6 13 -15 15 , -7 -31 31 0 -29 2 , 31 23 33 35 12 8 , -30 13 23 -43 12 -6 , 13 -23 -13 43 -29 -1 , 1 -6 11 -13 9 -4 , 39 36 -36 0 7 -29 , 0.005404006808015188 , 0
2.6950491498693214 , -27 -9 -25 -45 -32 -4 , 35 3 -3 0 21 18 , 3 -7 9 -20 24 -14 , 7 -39 39 0 -28 11 , 18 25 9 45 21 -23 , 9 14 5 -21 23 10 , 30 -5 -14 21 5 9 , 23 -9 7 20 -23 31 , 39 36 -36 0 7 -29 , 0.0061346428209529767 , 1
2.6950491498693214 , -25 -44 -42 -10 -43 -41 , 27 -19 19 0 -1 18 , 19 -4 18 -7 -1 25 , 15 -17 17 0 -6 11 , -15 42 44 10 1 1 , 36 -13 12 7 -1 27 , 29 -12 13 -7 15 12 , 26 -18 4 7 7 3 , 39 36 -36 0 7 -29 , 0.0063824627671920887 , 2
2.7084257904230835 , -27 -27 -20 -30 -52 -5 , 1 -29 29 0 -23 6 , -15 29 -6 -3 -11 19 , 41 -7 7 0 16 23 , 3 20 27 30 15 -25 , -24 21 -9 -13 8 -11 , -11 9 -21 13 -2 -13 , -12 6 -29 3 25 -40 , 39 36 -36 0 7 -29 , 0.0061105616542056918 , 0
2.7084257904230835 , -7 -34 -19 -43 -19 -15 , 49 -5 5 0 22 27 , -1 4 -5 6 -5 3 , 13 32 -32 0 33 1 , 36 19 34 43 4 15 , 29 -27 11 9 1 5 , 20 -11 27 -9 -6 28 , -7 5 -4 -6 8 -9 , 19 -27 27 0 -55 -28 , 0.006287155568482361 , 1
2.7084257904230835 , -11 -12 -18 -49 -25 8 , 30 5 -5 0 20 15 , -26 13 -14 -18 26 -36 , 12 -41 41 0 -27 14 , 38 18 12 49 26 -13 , 21 7 -14 8 14 7 , 13 14 -7 -8 21 7 , -8 14 -13 18 -22 13 , 39 36 -36 0 7 -29 , 0.0067868813458253786 , 2
2.7084257904230835 , -13 -43 -52 -11 -22 -49 , 15 -17 17 0 -6 11 , 9 22 -25 17 1 13 , 27 -19 19 0 -1 18 , -2 52 43 11 3 21 , 21 -10 -14 29 -9 5 , -8 14 10 -29 19 1 , -8 25 -22 -17 38 -21 , 39 36 -36 0 7 -29 , 0.0069774315234500811 , 3
2.7124129645845385 , -7 -34 -19 -43 -19 -15 , 49 -5 5 0 22 27 , -1 4 -5 6 -5 3 , 13 32 -32 0 33 1 , 36 19 34 43 4 15 , 29 -27 11 9 1 5 , 20 -11 27 -9 -6 28 , -7 5 -4 -6 8 -9 , 19 -27 27 0 -55 -28 , 0.0041327188150674619 , 0
2.7147388392808613 , -7 -34 -19 -43 -19 -15 , 49 -5 5 0 22 27 , -1 4 -5 6 -5 3 , 13 32 -32 0 33 1 , 36 19 34 43 4 15 , 29 -27 11 9 1 5 , 20 -11 27 -9 -6 28 , -7 5 -4 -6 8 -9 , 19 -27 27 0 -55 -28 , 0.0033653619230334408 , 0
2.716049686642732 , -7 -34 -19 -43 -19 -15 , 49 -5 5 0 22 27 , -1 4 -5 6 -5 3 , 13 32 -32 0 33 1 , 36 19 34 43 4 15 , 29 -27 11 9 1 5 , 20 -11 27 -9 -6 28 , -7 5 -4 -6 8 -9 , 19 -27 27 0 -55 -28 , 0.0032351973087222782 , 0
2.719156981285547 , -7 -34 -19 -43 -19 -15 , 49 -5 5 0 22 27 , -1 4 -5 6 -5 3 , 13 32 -32 0 33 1 , 36 19 34 43 4 15 , 29 -27 11 9 1 5 , 20 -11 27 -9 -6 28 , -7 5 -4 -6 8 -9 , 19 -27 27 0 -55 -28 , 0.0039107715771656342 , 0
2.721217777742455 , -7 -34 -19 -43 -19 -15 , 49 -5 5 0 22 27 , -1 4 -5 6 -5 3 , 13 32 -32 0 33 1 , 36 19 34 43 4 15 , 29 -27 11 9 1 5 , 20 -11 27 -9 -6 28 , -7 5 -4 -6 8 -9 , 19 -27 27 0 -55 -28 , 0.0048806822787154751 , 0
2.721217777742455 , -19 -45 -47 -5 -40 -41 , 20 -24 24 0 -9 15 , 11 -13 -16 32 -15 -4 , 22 -12 12 0 2 14 , -14 47 45 5 6 5 , -8 -3 -13 26 -25 -2 , -34 13 3 -26 11 -22 , -21 16 13 -32 12 -2 , 39 36 -36 0 7 -29 , 0.0057432234793988145 , 1
2.7256340306472047 , 10 -42 -22 -14 -46 8 , 45 -1 1 0 23 24 , -15 9 -6 -3 0 -8 , 17 28 -28 0 32 4 , 24 22 42 14 30 -4 , 10 -2 18 -22 16 8 , 32 -18 2 22 -10 18 , -12 6 -9 3 -2 -9 , 19 -27 27 0 -55 -28 , 0.0053228744093682329 , 0
2.7256340306472047 , 18 -28 -41 -17 -19 -1 , 1 -29 29 0 -23 6 , -40 18 -5 -11 -7 -16 , 41 -7 7 0 16 23 , 35 41 28 17 40 9 , 13 -8 11 -11 13 2 , 24 -11 8 11 -9 21 , -29 5 -18 11 -11 -25 , 39 36 -36 0 7 -29 , 0.006110561654205782 , 1
2.7259077801348988 , 10 -42 -22 -14 -46 8 , 45 -1 1 0 23 24 , -15 9 -6 -3 0 -8 , 17 28 -28 0 32 4 , 24 22 42 14 30 -4 , 10 -2 18 -22 16 8 , 32 -18 2 22 -10 18 , -12 6 -9 3 -2 -9 , 19 -27 27 0 -55 -28 , 0.0053193536076352448 , 0
2.7259077801348988 , 18 -28 -41 -17 -19 -1 , 1 -29 29 0 -23 6 , -40 18 -5 -11 -7 -16 , 41 -7 7 0 16 23 , 35 41 28 17 40 9 , 13 -8 11 -11 13 2 , 24 -11 8 11 -9 21 , -29 5 -18 11 -11 -25 , 39 36 -36 0 7 -29 , 0.0061136268193220343 , 1
2.728791656676922 , 10 -42 -22 -14 -46 8 , 45 -1 1 0 23 24 , -15 9 -6 -3 0 -8 , 17 28 -28 0 32 4 , 24 22 42 14 30 -4 , 10 -2 18 -22 16 8 , 32 -18 2 22 -10 18 , -12 6 -9 3 -2 -9 , 19 -27 27 0 -55 -28 , 0.0056968298249273925 , 0
2.728791656676922 , -31 -39 -6 -42 -48 -13 , 41 -17 17 0 8 25 , 12 5 -11 11 2 7 , 1 -19 19 0 -15 4 , 11 6 39 42 -7 -9 , 27 -8 16 -17 23 11 , 44 -16 8 17 -5 31 , 1 11 -5 -11 18 -3 , 39 36 -36 0 7 -29 , 0.006227364681239158 , 1
2.728791656676922 , 18 -28 -41 -17 -19 -1 , 1 -29 29 0 -23 6 , -40 18 -5 -11 -7 -16 , 41 -7 7 0 16 23 , 35 41 28 17 40 9 , 13 -8 11 -11 13 2 , 24 -11 8 11 -9 21 , -29 5 -18 11 -11 -25 , 39 36 -36 0 7 -29 , 0.0065057076876709951 , 2
2.728791656676922 , -20 -17 -63 -14 -20 -37 , 31 3 -3 0 19 16 , 25 -19 4 4 12 -2 , 10 -4 4 0 2 6 , -6 63 17 14 26 -3 , 5 -46 22 11 -19 -15 , -6 -22 46 -11 -37 27 , 21 -4 19 -4 -6 31 , 40 1 -1 0 -21 -22 , 0.0066633896897624594 , 3
2.733742469847243 , -31 -39 -6 -42 -48 -13 , 41 -17 17 0 8 25 , 12 5 -11 11 2 7 , 1 -19 19 0 -15 4 , 11 6 39 42 -7 -9 , 27 -8 16 -17 23 11 , 44 -16 8 17 -5 31 , 1 11 -5 -11 18 -3 , 39 36 -36 0 7 -29 , 0.0051502276933064663 , 0
2.740478665658301 , -11 -11 -13 -49 -32 18 , 1 -19 19 0 -15 4 , 24 12 -21 27 -7 24 , 41 -17 17 0 8 25 , 38 13 11 49 31 -21 , -15 12 5 -17 5 -1 , 2 -5 -12 17 -6 -7 , -3 21 -12 -27 45 -19 , 39 36 -36 0 7 -29 , 0.005926257831811845 , 0
2.740478665658301 , 10 -38 -18 -26 -35 8 , -5 2 -2 0 -1 -3 , 14 37 -17 5 3 36 , 46 -3 3 0 22 25 , 36 18 38 26 26 3 , -10 -2 5 -12 7 -12 , 2 -5 2 12 -17 9 , 9 17 -37 -5 53 -34 , 40 1 -1 0 -21 -22 , 0.0064444032419759059 , 1
2.740478665658301 , -18 -38 -41 -22 -25 -38 , 34 1 -1 0 19 18 , 11 -13 28 -20 6 11 , 8 -37 37 0 -26 11 , 4 41 38 22 3 13 , 8 16 -5 -18 30 0 , 26 5 -16 18 5 14 , 31 -28 13 20 -17 19 , 39 36 -36 0 7 -29 , 0.0065316232325977946 , 2
2.740478665658301 , -31 -39 -6 -42 -48 -13 , 41 -17 17 0 8 25 , 12 5 -11 11 2 7 , 1 -19 19 0 -15 4 , 11 6 39 42 -7 -9 , 27 -8 16 -17 23 11 , 44 -16 8 17 -5 31 , 1 11 -5 -11 18 -3 , 39 36 -36 0 7 -29 , 0.0070151913710544637 , 3
2.7446249218769507 , -11 -11 -13 -49 -32 18 , 1 -19 19 0 -15 4 , 24 12 -21 27 -7 24 , 41 -17 17 0 8 25 , 38 13 11 49 31 -21 , -15 12 5 -17 5 -1 , 2 -5 -12 17 -6 -7 , -3 21 -12 -27 45 -19 , 39 36 -36 0 7 -29 , 0.0051502276933063224 , 0
2.7446249218769507 , -18 -38 -41 -22 -25 -38 , 34 1 -1 0 19 18 , 11 -13 28 -20 6 11 , 8 -37 37 0 -26 11 , 4 41 38 22 3 13 , 8 16 -5 -18 30 0 , 26 5 -16 18 5 14 , 31 -28 13 20 -17 19 , 39 36 -36 0 7 -29 , 0.0058332401184968833 , 1
2.7446249218769507 , -37 0 -17 -57 -34 5 , 14 -19 19 0 -8 11 , 8 -34 22 0 -7 -8 , 28 -17 17 0 1 18 , 20 17 0 57 22 -34 , 21 -19 5 3 10 -4 , 18 -5 19 -3 -9 29 , 8 -22 34 0 -30 27 , 39 36 -36 0 7 -29 , 0.0059747674739048223 , 2
2.7446345067988323 , -11 -11 -13 -49 -32 18 , 1 -19 19 0 -15 4 , 24 12 -21 27 -7 24 , 41 -17 17 0 8 25 , 38 13 11 49 31 -21 , -15 12 5 -17 5 -1 , 2 -5 -12 17 -6 -7 , -3 21 -12 -27 45 -19 , 39 36 -36 0 7 -29 , 0.0051502321528353791 , 0
2.7446345067988323 , -18 -38 -41 -22 -25 -38 , 34 1 -1 0 19 18 , 11 -13 28 -20 6 11 , 8 -37 37 0 -26 11 , 4 41 38 22 3 13 , 8 16 -5 -18 30 0 , 26 5 -16 18 5 14 , 31 -28 13 20 -17 19 , 39 36 -36 0 7 -29 , 0.0058332361811371638 , 1
2.7446345067988323 , -37 0 -17 -57 -34 5 , 14 -19 19 0 -8 11 , 8 -34 22 0 -7 -8 , 28 -17 17 0 1 18 , 20 17 0 57 22 -34 , 21 -19 5 3 10 -4 , 18 -5 19 -3 -9 29 , 8 -22 34 0 -30 27 , 39 36 -36 0 7 -29 , 0.0059712818651957243 , 2
2.746007189644442 , -11 -11 -13 -49 -32 18 , 1 -19 19 0 -15 4 , 24 12 -21 27 -7 24 , 41 -17 17 0 8 25 , 38 13 11 49 31 -21 , -15 12 5 -17 5 -1 , 2 -5 -12 17 -6 -7 , -3 21 -12 -27 45 -19 , 39 36 -36 0 7 -29 , 0.0052421535593675473 , 0
2.746007189644442 , -37 0 -17 -57 -34 5 , 14 -19 19 0 -8 11 , 8 -34 22 0 -7 -8 , 28 -17 17 0 1 18 , 20 17 0 57 22 -34 , 21 -19 5 3 10 -4 , 18 -5 19 -3 -9 29 , 8 -22 34 0 -30 27 , 39 36 -36 0 7 -29 , 0.0055354889908212496 , 1
2.746007189644442 , -18 -38 -41 -22 -25 -38 , 34 1 -1 0 19 18 , 11 -13 28 -20 6 11 , 8 -37 37 0 -26 11 , 4 41 38 22 3 13 , 8 16 -5 -18 30 0 , 26 5 -16 18 5 14 , 31 -28 13 20 -17 19 , 39 36 -36 0 7 -29 , 0.0059134396318896295 , 2
2.746007189644442 , 7 -6 -29 -48 -5 11 , 29 -25 25 0 -5 20 , -1 13 7 -21 15 7 , 13 -11 11 0 -2 9 , 55 29 6 48 40 1 , -16 3 -18 25 -24 -7 , -41 18 -3 -25 11 -27 , 20 -7 -13 21 0 2 , 39 36 -36 0 7 -29 , 0.0061925944657744755 , 3
2.7489739784169576 , -37 0 -17 -57 -34 5 , 14 -19 19 0 -8 11 , 8 -34 22 0 -7 -8 , 28 -17 17 0 1 18 , 20 17 0 57 22 -34 , 21 -19 5 3 10 -4 , 18 -5 19 -3 -9 29 , 8 -22 34 0 -30 27 , 39 36 -36 0 7 -29 , 0.0051225713015232979 , 0
2.7489739784169576 , 7 -6 -29 -48 -5 11 , 29 -25 25 0 -5 20 , -1 13 7 -21 15 7 , 13 -11 11 0 -2 9 , 55 29 6 48 40 1 , -16 3 -18 25 -24 -7 , -41 18 -3 -25 11 -27 , 20 -7 -13 21 0 2 , 39 36 -36 0 7 -29 , 0.0053640623430390852 , 1
2.7489739784169576 , -16 -19 -39 -27 -29 -13 , 49 -5 5 0 22 27 , -9 4 1 -15 15 -13 , -7 -31 31 0 -29 2 , 11 39 19 27 26 -10 , 14 -10 -7 -7 33 -24 , 21 7 10 7 -17 43 , 6 -1 -4 15 -14 11 , 39 36 -36 0 7 -29 , 0.0057067660936199376 , 2
2.7489739784169576 , -11 -11 -13 -49 -32 18 , 1 -19 19 0 -15 4 , 24 12 -21 27 -7 24 , 41 -17 17 0 8 25 , 38 13 11 49 31 -21 , -15 12 5 -17 5 -1 , 2 -5 -12 17 -6 -7 , -3 21 -12 -27 45 -19 , 39 36 -36 0 7 -29 , 0.0059984959989332716 , 3
2.7507180137665044 , -16 -19 -39 -27 -29 -13 , 49 -5 5 0 22 27 , -9 4 1 -15 15 -13 , -7 -31 31 0 -29 2 , 11 39 19 27 26 -10 , 14 -10 -7 -7 33 -24 , 21 7 10 7 -17 43 , 6 -1 -4 15 -14 11 , 39 36 -36 0 7 -29 , 0.0052061175228383808 , 0
2.7507180137665044 , 7 -6 -29 -48 -5 11 , 29 -25 25 0 -5 20 , -1 13 7 -21 15 7 , 13 -11 11 0 -2 9 , 55 29 6 48 40 1 , -16 3 -18 25 -24 -7 , -41 18 -3 -25 11 -27 , 20 -7 -13 21 0 2 , 39 36 -36 0 7 -29 , 0.0052203774733191165 , 1
2.7507180137665044 , -37 0 -17 -57 -34 5 , 14 -19 19 0 -8 11 , 8 -34 22 0 -7 -8 , 28 -17 17 0 1 18 , 20 17 0 57 22 -34 , 21 -19 5 3 10 -4 , 18 -5 19 -3 -9 29 , 8 -22 34 0 -30 27 , 39 36 -36 0 7 -29 , 0.0052689240818101302 , 2
2.7507180137665044 , -21 -19 -32 -46 -12 -24 , 14 34 -34 0 35 1 , 8 -6 -10 28 -22 9 , 48 -7 7 0 20 27 , 25 32 19 46 8 7 , 17 -1 -1 4 5 10 , 13 1 1 -4 11 6 , -20 10 6 -28 19 -16 , 19 -27 27 0 -55 -28 , 0.0063447510622135373 , 3
2.7510289581011174 , -16 -19 -39 -27 -29 -13 , 49 -5 5 0 22 27 , -9 4 1 -15 15 -13 , -7 -31 31 0 -29 2 , 11 39 19 27 26 -10 , 14 -10 -7 -7 33 -24 , 21 7 10 7 -17 43 , 6 -1 -4 15 -14 11 , 39 36 -36 0 7 -29 , 0.0051428648396360599 , 0
2.7510289581011174 , 7 -6 -29 -48 -5 11 , 29 -25 25 0 -5 20 , -1 13 7 -21 15 7 , 13 -11 11 0 -2 9 , 55 29 6 48 40 1 , -16 3 -18 25 -24 -7 , -41 18 -3 -25 11 -27 , 20 -7 -13 21 0 2 , 39 36 -36 0 7 -29 , 0.0052250056432827131 , 1
2.7510289581011174 , -37 0 -17 -57 -34 5 , 14 -19 19 0 -8 11 , 8 -34 22 0 -7 -8 , 28 -17 17 0 1 18 , 20 17 0 57 22 -34 , 21 -19 5 3 10 -4 , 18 -5 19 -3 -9 29 , 8 -22 34 0 -30 27 , 39 36 -36 0 7 -29 , 0.0053246783872778203 , 2
2.7510289581011174 , -21 -19 -32 -46 -12 -24 , 14 34 -34 0 35 1 , 8 -6 -10 28 -22 9 , 48 -7 7 0 20 27 , 25 32 19 46 8 7 , 17 -1 -1 4 5 10 , 13 1 1 -4 11 6 , -20 10 6 -28 19 -16 , 19 -27 27 0 -55 -28 , 0.0063409402516287679 , 3
2.7529786956497295 , -16 -19 -39 -27 -29 -13 , 49 -5 5 0 22 27 , -9 4 1 -15 15 -13 , -7 -31 31 0 -29 2 , 11 39 19 27 26 -10 , 14 -10 -7 -7 33 -24 , 21 7 10 7 -17 43 , 6 -1 -4 15 -14 11 , 39 36 -36 0 7 -29 , 0.0049546267761836869 , 0
2.7529786956497295 , 7 -6 -29 -48 -5 11 , 29 -25 25 0 -5 20 , -1 13 7 -21 15 7 , 13 -11 11 0 -2 9 , 55 29 6 48 40 1 , -16 3 -18 25 -24 -7 , -41 18 -3 -25 11 -27 , 20 -7 -13 21 0 2 , 39 36 -36 0 7 -29 , 0.0054596403184498134 , 1
2.7529786956497295 , -37 0 -17 -57 -34 5 , 14 -19 19 0 -8 11 , 8 -34 22 0 -7 -8 , 28 -17 17 0 1 18 , 20 17 0 57 22 -34 , 21 -19 5 3 10 -4 , 18 -5 19 -3 -9 29 , 8 -22 34 0 -30 27 , 39 36 -36 0 7 -29 , 0.0058531688940597036 , 2
2.7537970457691054 , -16 -19 -39 -27 -29 -13 , 49 -5 5 0 22 27 , -9 4 1 -15 15 -13 , -7 -31 31 0 -29 2 , 11 39 19 27 26 -10 , 14 -10 -7 -7 33 -24 , 21 7 10 7 -17 43 , 6 -1 -4 15 -14 11 , 39 36 -36 0 7 -29 , 0.0049883037114226833 , 0
2.7537970457691054 , 7 -6 -29 -48 -5 11 , 29 -25 25 0 -5 20 , -1 13 7 -21 15 7 , 13 -11 11 0 -2 9 , 55 29 6 48 40 1 , -16 3 -18 25 -24 -7 , -41 18 -3 -25 11 -27 , 20 -7 -13 21 0 2 , 39 36 -36 0 7 -29 , 0.0056561949493437779 , 1
2.7537970457691054 , 3 -12 -46 -31 -7 -8 , 30 5 -5 0 20 15 , 28 -10 -3 30 -22 27 , 12 -41 41 0 -27 14 , 34 46 12 31 38 5 , -14 -11 17 -1 -23 3 , -13 -17 11 1 -14 -12 , -2 3 10 -30 30 -12 , 39 36 -36 0 7 -29 , 0.0061521000679149529 , 2
2.7537970457691054 , -37 0 -17 -57 -34 5 , 14 -19 19 0 -8 11 , 8 -34 22 0 -7 -8 , 28 -17 17 0 1 18 , 20 17 0 57 22 -34 , 21 -19 5 3 10 -4 , 18 -5 19 -3 -9 29 , 8 -22 34 0 -30 27 , 39 36 -36 0 7 -29 , 0.0061539970596500059 , 3
2.7586372586732506 , 3 -12 -46 -31 -7 -8 , 30 5 -5 0 20 15 , 28 -10 -3 30 -22 27 , 12 -41 41 0 -27 14 , 34 46 12 31 38 5 , -14 -11 17 -1 -23 3 , -13 -17 11 1 -14 -12 , -2 3 10 -30 30 -12 , 39 36 -36 0 7 -29 , 0.0051121963084980538 , 0
2.7586372586732506 , -2 -41 -43 -7 -35 -21 , 35 3 -3 0 21 18 , -27 13 -10 -19 21 -31 , 7 -39 39 0 -28 11 , 5 43 41 7 22 6 , -14 -5 30 -23 -10 9 , 9 -30 5 23 -21 -5 , -8 10 -13 19 -21 8 , 39 36 -36 0 7 -29 , 0.006197588375770148 , 1
2.7586372586732506 , -16 -19 -39 -27 -29 -13 , 49 -5 5 0 22 27 , -9 4 1 -15 15 -13 , -7 -31 31 0 -29 2 , 11 39 19 27 26 -10 , 14 -10 -7 -7 33 -24 , 21 7 10 7 -17 43 , 6 -1 -4 15 -14 11 , 39 36 -36 0 7 -29 , 0.0063685111603625326 , 2
2.762834973367841 , -2 -41 -43 -7 -35 -21 , 35 3 -3 0 21 18 , -27 13 -10 -19 21 -31 , 7 -39 39 0 -28 11 , 5 43 41 7 22 6 , -14 -5 30 -23 -10 9 , 9 -30 5 23 -21 -5 , -8 10 -13 19 -21 8 , 39 36 -36 0 7 -29 , 0.0054405641949853223 , 0
2.762834973367841 , 3 -12 -46 -31 -7 -8 , 30 5 -5 0 20 15 , 28 -10 -3 30 -22 27 , 12 -41 41 0 -27 14 , 34 46 12 31 38 5 , -14 -11 17 -1 -23 3 , -13 -17 11 1 -14 -12 , -2 3 10 -30 30 -12 , 39 36 -36 0 7 -29 , 0.0059114229796861277 , 1
2.762834973367841 , -30 -14 -1 -63 -35 9 , 13 -11 11 0 -2 9 , -7 -24 25 -18 3 -16 , 29 -25 25 0 -5 20 , 33 1 14 63 10 -21 , -2 0 -21 13 7 -20 , -15 21 0 -13 1 7 , 11 -25 24 18 -41 27 , 39 36 -36 0 7 -29 , 0.0064627530413836369 , 2
2.76822290415219 , -30 -14 -1 -63 -35 9 , 13 -11 11 0 -2 9 , -7 -24 25 -18 3 -16 , 29 -25 25 0 -5 20 , 33 1 14 63 10 -21 , -2 0 -21 13 7 -20 , -15 21 0 -13 1 7 , 11 -25 24 18 -41 27 , 39 36 -36 0 7 -29 , 0.0052203774733190784 , 0
2.76822290415219 , 23 -20 -39 -28 -6 6 , 14 -19 19 0 -8 11 , 8 7 0 -22 34 -8 , 28 -17 17 0 1 18 , 51 39 20 28 45 14 , -3 -10 4 18 -29 9 , -21 -4 10 -18 5 -19 , 30 0 -7 22 -8 27 , 39 36 -36 0 7 -29 , 0.0055967848763090623 , 1
2.77141140945973 , 23 -20 -39 -28 -6 6 , 14 -19 19 0 -8 11 , 8 7 0 -22 34 -8 , 28 -17 17 0 1 18 , 51 39 20 28 45 14 , -3 -10 4 18 -29 9 , -21 -4 10 -18 5 -19 , 30 0 -7 22 -8 27 , 39 36 -36 0 7 -29 , 0.0051225713015233369 , 0
2.77141140945973 , -30 -14 -1 -63 -35 9 , 13 -11 11 0 -2 9 , -7 -24 25 -18 3 -16 , 29 -25 25 0 -5 20 , 33 1 14 63 10 -21 , -2 0 -21 13 7 -20 , -15 21 0 -13 1 7 , 11 -25 24 18 -41 27 , 39 36 -36 0 7 -29 , 0.0056864403532312221 , 1
2.7726033875865976 , 23 -20 -39 -28 -6 6 , 14 -19 19 0 -8 11 , 8 7 0 -22 34 -8 , 28 -17 17 0 1 18 , 51 39 20 28 45 14 , -3 -10 4 18 -29 9 , -21 -4 10 -18 5 -19 , 30 0 -7 22 -8 27 , 39 36 -36 0 7 -29 , 0.0051914487538404393 , 0
2.7726033875865976 , -30 -14 -1 -63 -35 9 , 13 -11 11 0 -2 9 , -7 -24 25 -18 3 -16 , 29 -25 25 0 -5 20 , 33 1 14 63 10 -21 , -2 0 -21 13 7 -20 , -15 21 0 -13 1 7 , 11 -25 24 18 -41 27 , 39 36 -36 0 7 -29 , 0.0060701415751958079 , 1
2.7726033875865976 , -35 8 -37 -57 -10 -13 , 13 5 -5 0 11 6 , 43 -31 -4 31 -3 6 , 28 -6 6 0 10 16 , 22 37 -8 57 24 -18 , 20 4 18 -15 7 29 , 35 -18 -4 15 11 3 , 12 4 31 -31 10 28 , 40 1 -1 0 -21 -22 , 0.0064173977479283443 , 2
2.7736847109861067 , 23 -20 -39 -28 -6 6 , 14 -19 19 0 -8 11 , 8 7 0 -22 34 -8 , 28 -17 17 0 1 18 , 51 39 20 28 45 14 , -3 -10 4 18 -29 9 , -21 -4 10 -18 5 -19 , 30 0 -7 22 -8 27 , 39 36 -36 0 7 -29 , 0.0053688618299050786 , 0
2.7736847109861067 , -35 8 -37 -57 -10 -13 , 13 5 -5 0 11 6 , 43 -31 -4 31 -3 6 , 28 -6 6 0 10 16 , 22 37 -8 57 24 -18 , 20 4 18 -15 7 29 , 35 -18 -4 15 11 3 , 12 4 31 -31 10 28 , 40 1 -1 0 -21 -22 , 0.0063716847609526202 , 1
2.7736847109861067 , -30 -14 -1 -63 -35 9 , 13 -11 11 0 -2 9 , -7 -24 25 -18 3 -16 , 29 -25 25 0 -5 20 , 33 1 14 63 10 -21 , -2 0 -21 13 7 -20 , -15 21 0 -13 1 7 , 11 -25 24 18 -41 27 , 39 36 -36 0 7 -29 , 0.0064936848366716439 , 2
2.7801450743118257 , -22 -44 -39 -15 -37 -37 , 41 -17 17 0 8 25 , -18 3 1 -7 -2 -11 , 1 -19 19 0 -15 4 , -7 39 44 15 2 7 , -44 31 -5 -27 8 -16 , -17 5 -31 27 -11 -23 , -11 -1 -3 7 -12 -5 , 39 36 -36 0 7 -29 , 0.0051502276933063232 , 0
2.7801450743118257 , -39 -31 -23 -31 -50 -20 , 37 -13 13 0 9 22 , 4 16 -14 9 -1 11 , 5 -23 23 0 -16 7 , -8 23 31 31 3 -19 , -1 33 -24 6 5 13 , -7 24 -33 -6 37 -28 , -5 14 -16 -9 25 -17 , 39 36 -36 0 7 -29 , 0.005770540850336266 , 1
2.7806921905816204 , -22 -44 -39 -15 -37 -37 , 41 -17 17 0 8 25 , -18 3 1 -7 -2 -11 , 1 -19 19 0 -15 4 , -7 39 44 15 2 7 , -44 31 -5 -27 8 -16 , -17 5 -31 27 -11 -23 , -11 -1 -3 7 -12 -5 , 39 36 -36 0 7 -29 , 0.0051647374439356859 , 0
2.7806921905816204 , -39 -31 -23 -31 -50 -20 , 37 -13 13 0 9 22 , 4 16 -14 9 -1 11 , 5 -23 23 0 -16 7 , -8 23 31 31 3 -19 , -1 33 -24 6 5 13 , -7 24 -33 -6 37 -28 , -5 14 -16 -9 25 -17 , 39 36 -36 0 7 -29 , 0.0057575580224067616 , 1
2.7806921905816204 , -17 -2 -21 -58 -15 7 , 41 -17 17 0 8 25 , -5 2 7 1 -15 12 , 1 -19 19 0 -15 4 , 41 21 2 58 28 -13 , 27 -45 19 24 -24 7 , 3 -19 45 -24 -12 21 , -6 -7 -2 -1 5 -17 , 39 36 -36 0 7 -29 , 0.0062382094861803674 , 2
2.7856702349495936 , -17 -2 -21 -58 -15 7 , 41 -17 17 0 8 25 , -5 2 7 1 -15 12 , 1 -19 19 0 -15 4 , 41 21 2 58 28 -13 , 27 -45 19 24 -24 7 , 3 -19 45 -24 -12 21 , -6 -7 -2 -1 5 -17 , 39 36 -36 0 7 -29 , 0.0051502276933062868 , 0
2.7871097039188126 , -17 -2 -21 -58 -15 7 , 41 -17 17 0 8 25 , -5 2 7 1 -15 12 , 1 -19 19 0 -15 4 , 41 21 2 58 28 -13 , 27 -45 19 24 -24 7 , 3 -19 45 -24 -12 21 , -6 -7 -2 -1 5 -17 , 39 36 -36 0 7 -29 , 0.0052498454274164273 , 0
2.7933344640093676 , 2 -16 -41 -38 -1 -12 , 34 1 -1 0 19 18 , -19 31 -28 -6 20 -17 , 8 -37 37 0 -26 11 , 40 41 16 38 29 15 , -8 -16 5 18 -30 0 , -26 -5 16 -18 -5 -14 , -13 28 -31 6 11 -11 , 39 36 -36 0 7 -29 , 0.0067666633441453693 , 0
2.7933344640093676 , -28 1 -50 -36 -17 -17 , 31 13 -13 0 27 14 , -10 -4 18 -25 11 -8 , 10 -14 14 0 -6 8 , 8 50 -1 36 33 -18 , 10 -29 -11 13 16 -38 , -3 11 29 -13 -27 45 , 15 -18 4 25 -26 15 , 40 1 -1 0 -21 -22 , 0.0070501664454633 , 1
2.7933344640093676 , -17 -2 -21 -58 -15 7 , 41 -17 17 0 8 25 , -5 2 7 1 -15 12 , 1 -19 19 0 -15 4 , 41 21 2 58 28 -13 , 27 -45 19 24 -24 7 , 3 -19 45 -24 -12 21 , -6 -7 -2 -1 5 -17 , 39 36 -36 0 7 -29 , 0.0074762897347202774 , 2
2.7981844450842157 , 2 -16 -41 -38 -1 -12 , 34 1 -1 0 19 18 , -19 31 -28 -6 20 -17 , 8 -37 37 0 -26 11 , 40 41 16 38 29 15 , -8 -16 5 18 -30 0 , -26 -5 16 -18 -5 -14 , -13 28 -31 6 11 -11 , 39 36 -36 0 7 -29 , 0.0058332361811371854 , 0
2.8025699722369213 , 14 -27 -18 -28 -35 25 , 13 5 -5 0 11 6 , -9 18 23 -44 22 11 , 28 -6 6 0 10 16 , 42 18 27 28 43 -8 , 3 -29 9 25 -33 1 , -22 -9 29 -25 -8 -4 , 35 -23 -18 44 -12 4 , 40 1 -1 0 -21 -22 , 0.0065146371005883321 , 0
2.8025699722369213 , 2 -16 -41 -38 -1 -12 , 34 1 -1 0 19 18 , -19 31 -28 -6 20 -17 , 8 -37 37 0 -26 11 , 40 41 16 38 29 15 , -8 -16 5 18 -30 0 , -26 -5 16 -18 -5 -14 , -13 28 -31 6 11 -11 , 39 36 -36 0 7 -29 , 0.0066062858234605931 , 1
2.8025699722369213 , -17 -51 -37 -17 -30 -42 , 19 -31 31 0 -15 16 , -18 -4 -10 7 -5 -23 , 23 -5 5 0 8 13 , 0 37 51 17 -5 21 , -5 -1 -2 22 -33 15 , -27 2 1 -22 17 -32 , -25 10 4 -7 -13 -1 , 39 36 -36 0 7 -29 , 0.0072626390762584375 , 2
2.8025699722369213 , -9 -62 -27 -10 -44 -30 , 32 -21 21 0 0 21 , 0 16 -8 -14 24 -5 , 10 -15 15 0 -7 8 , 1 27 62 10 -3 18 , 37 -14 -9 34 -13 21 , 3 9 14 -34 30 1 , 14 8 -16 14 3 8 , 39 36 -36 0 7 -29 , 0.0080025176029215415 , 3
2.8044894197415533 , 14 -27 -18 -28 -35 25 , 13 5 -5 0 11 6 , -9 18 23 -44 22 11 , 28 -6 6 0 10 16 , 42 18 27 28 43 -8 , 3 -29 9 25 -33 1 , -22 -9 29 -25 -8 -4 , 35 -23 -18 44 -12 4 , 40 1 -1 0 -21 -22 , 0.0063716847609525847 , 0
2.8044894197415533 , -9 -62 -27 -10 -44 -30 , 32 -21 21 0 0 21 , 0 16 -8 -14 24 -5 , 10 -15 15 0 -7 8 , 1 27 62 10 -3 18 , 37 -14 -9 34 -13 21 , 3 9 14 -34 30 1 , 14 8 -16 14 3 8 , 39 36 -36 0 7 -29 , 0.0071378325985837149 , 1
2.8044894197415533 , 2 -16 -41 -38 -1 -12 , 34 1 -1 0 19 18 , -19 31 -28 -6 20 -17 , 8 -37 37 0 -26 11 , 40 41 16 38 29 15 , -8 -16 5 18 -30 0 , -26 -5 16 -18 -5 -14 , -13 28 -31 6 11 -11 , 39 36 -36 0 7 -29 , 0.007341857562614346 , 2
2.8044894197415533 , -17 -51 -37 -17 -30 -42 , 19 -31 31 0 -15 16 , -18 -4 -10 7 -5 -23 , 23 -5 5 0 8 13 , 0 37 51 17 -5 21 , -5 -1 -2 22 -33 15 , -27 2 1 -22 17 -32 , -25 10 4 -7 -13 -1 , 39 36 -36 0 7 -29 , 0.0073883724141286106 , 3
2.8044894197415533 , -18 5 -28 -59 -8 5 , 16 -30 30 0 -16 14 , -22 4 1 4 -21 -1 , 26 -6 6 0 9 15 , 41 28 -5 59 33 -13 , 20 -10 -15 36 -19 10 , -16 15 10 -36 25 -9 , -26 -1 -4 -4 -2 -25 , 39 36 -36 0 7 -29 , 0.0075116088947750348 , 4
2.810350268065161 , -18 5 -28 -59 -8 5 , 16 -30 30 0 -16 14 , -22 4 1 4 -21 -1 , 26 -6 6 0 9 15 , 41 28 -5 59 33 -13 , 20 -10 -15 36 -19 10 , -16 15 10 -36 25 -9 , -26 -1 -4 -4 -2 -25 , 39 36 -36 0 7 -29 , 0.005425840548641459 , 0
2.810350268065161 , 16 -15 -34 -33 -11 13 , 26 -6 6 0 9 15 , -16 9 -25 20 -10 -15 , 16 -30 30 0 -16 14 , 49 34 15 33 47 4 , 9 10 7 -21 22 8 , 30 -7 -10 21 1 12 , -36 25 -9 -20 10 -19 , 39 36 -36 0 7 -29 , 0.0057602136856391255 , 1
2.810350268065161 , -9 -62 -27 -10 -44 -30 , 32 -21 21 0 0 21 , 0 16 -8 -14 24 -5 , 10 -15 15 0 -7 8 , 1 27 62 10 -3 18 , 37 -14 -9 34 -13 21 , 3 9 14 -34 30 1 , 14 8 -16 14 3 8 , 39 36 -36 0 7 -29 , 0.0058115391512888704 , 2
2.810350268065161 , -27 -35 -40 -22 -32 -35 , 1 -29 29 0 -23 6 , -29 6 -12 11 -19 -15 , 41 -7 7 0 16 23 , -5 40 35 22 5 3 , -13 11 -9 8 -13 2 , -21 9 -11 -8 11 -24 , -40 12 -6 -11 -3 -25 , 39 36 -36 0 7 -29 , 0.0066769977250547355 , 3
2.812024068570822 , -18 5 -28 -59 -8 5 , 16 -30 30 0 -16 14 , -22 4 1 4 -21 -1 , 26 -6 6 0 9 15 , 41 28 -5 59 33 -13 , 20 -10 -15 36 -19 10 , -16 15 10 -36 25 -9 , -26 -1 -4 -4 -2 -25 , 39 36 -36 0 7 -29 , 0.0052951815075831903 , 0
2.812024068570822 , 16 -15 -34 -33 -11 13 , 26 -6 6 0 9 15 , -16 9 -25 20 -10 -15 , 16 -30 30 0 -16 14 , 49 34 15 33 47 4 , 9 10 7 -21 22 8 , 30 -7 -10 21 1 12 , -36 25 -9 -20 10 -19 , 39 36 -36 0 7 -29 , 0.0054049677920432505 , 1
2.812024068570822 , -9 -62 -27 -10 -44 -30 , 32 -21 21 0 0 21 , 0 16 -8 -14 24 -5 , 10 -15 15 0 -7 8 , 1 27 62 10 -3 18 , 37 -14 -9 34 -13 21 , 3 9 14 -34 30 1 , 14 8 -16 14 3 8 , 39 36 -36 0 7 -29 , 0.0059308333107224382 , 2
2.812024068570822 , -27 -35 -40 -22 -32 -35 , 1 -29 29 0 -23 6 , -29 6 -12 11 -19 -15 , 41 -7 7 0 16 23 , -5 40 35 22 5 3 , -13 11 -9 8 -13 2 , -21 9 -11 -8 11 -24 , -40 12 -6 -11 -3 -25 , 39 36 -36 0 7 -29 , 0.0062938384824927432 , 3
2.813556866225068 , 16 -15 -34 -33 -11 13 , 26 -6 6 0 9 15 , -16 9 -25 20 -10 -15 , 16 -30 30 0 -16 14 , 49 34 15 33 47 4 , 9 10 7 -21 22 8 , 30 -7 -10 21 1 12 , -36 25 -9 -20 10 -19 , 39 36 -36 0 7 -29 , 0.0052951815075831859 , 0
2.813556866225068 , -18 5 -28 -59 -8 5 , 16 -30 30 0 -16 14 , -22 4 1 4 -21 -1 , 26 -6 6 0 9 15 , 41 28 -5 59 33 -13 , 20 -10 -15 36 -19 10 , -16 15 10 -36 25 -9 , -26 -1 -4 -4 -2 -25 , 39 36 -36 0 7 -29 , 0.0054049677920430406 , 1
2.813556866225068 , -27 -35 -40 -22 -32 -35 , 1 -29 29 0 -23 6 , -29 6 -12 11 -19 -15 , 41 -7 7 0 16 23 , -5 40 35 22 5 3 , -13 11 -9 8 -13 2 , -21 9 -11 -8 11 -24 , -40 12 -6 -11 -3 -25 , 39 36 -36 0 7 -29 , 0.0061252504269812165 , 2
2.813556866225068 , -9 -62 -27 -10 -44 -30 , 32 -21 21 0 0 21 , 0 16 -8 -14 24 -5 , 10 -15 15 0 -7 8 , 1 27 62 10 -3 18 , 37 -14 -9 34 -13 21 , 3 9 14 -34 30 1 , 14 8 -16 14 3 8 , 39 36 -36 0 7 -29 , 0.006238196409362083 , 3
2.8141564163752752 , 16 -15 -34 -33 -11 13 , 26 -6 6 0 9 15 , -16 9 -25 20 -10 -15 , 16 -30 30 0 -16 14 , 49 34 15 33 47 4 , 9 10 7 -21 22 8 , 30 -7 -10 21 1 12 , -36 25 -9 -20 10 -19 , 39 36 -36 0 7 -29 , 0.0053121254389846264 , 0
2.8141564163752752 , -18 5 -28 -59 -8 5 , 16 -30 30 0 -16 14 , -22 4 1 4 -21 -1 , 26 -6 6 0 9 15 , 41 28 -5 59 33 -13 , 20 -10 -15 36 -19 10 , -16 15 10 -36 25 -9 , -26 -1 -4 -4 -2 -25 , 39 36 -36 0 7 -29 , 0.0055056690418053113 , 1
2.8141564163752752 , -27 -35 -40 -22 -32 -35 , 1 -29 29 0 -23 6 , -29 6 -12 11 -19 -15 , 41 -7 7 0 16 23 , -5 40 35 22 5 3 , -13 11 -9 8 -13 2 , -21 9 -11 -8 11 -24 , -40 12 -6 -11 -3 -25 , 39 36 -36 0 7 -29 , 0.0061105616542057239 , 2
2.8141564163752752 , -9 -62 -27 -10 -44 -30 , 32 -21 21 0 0 21 , 0 16 -8 -14 24 -5 , 10 -15 15 0 -7 8 , 1 27 62 10 -3 18 , 37 -14 -9 34 -13 21 , 3 9 14 -34 30 1 , 14 8 -16 14 3 8 , 39 36 -36 0 7 -29 , 0.0064044772349594612 , 3
2.8218648600936285 , -37 -36 -11 -46 -39 -21 , 7 -29 29 0 -20 9 , -24 -9 20 -23 0 -17 , 35 -7 7 0 13 20 , 9 11 36 46 -10 -3 , -27 15 -15 -2 1 -19 , -25 15 -15 2 -4 -14 , -1 -20 9 23 -37 9 , 39 36 -36 0 7 -29 , 0.0056599368158753056 , 0
2.825548583957931 , -37 -36 -11 -46 -39 -21 , 7 -29 29 0 -20 9 , -24 -9 20 -23 0 -17 , 35 -7 7 0 13 20 , 9 11 36 46 -10 -3 , -27 15 -15 -2 1 -19 , -25 15 -15 2 -4 -14 , -1 -20 9 23 -37 9 , 39 36 -36 0 7 -29 , 0.0062305505425949417 , 0
2.825548583957931 , 13 -31 -61 -2 -15 -20 , 16 -30 30 0 -16 14 , 9 14 -30 16 13 -6 , 26 -6 6 0 9 15 , 15 61 31 2 41 16 , -32 13 -14 -11 12 -32 , -21 14 -13 11 -18 -1 , -7 30 -14 -16 24 -1 , 39 36 -36 0 7 -29 , 0.0063395706506454595 , 1
2.825548583957931 , -10 -4 -35 -37 -23 9 , 1 -29 29 0 -23 6 , 40 -18 5 11 7 16 , 41 -7 7 0 16 23 , 27 35 4 37 44 -19 , 11 -8 13 9 -21 24 , 2 -13 8 -9 11 -13 , 29 -5 18 -11 11 25 , 39 36 -36 0 7 -29 , 0.0073656090230580784 , 2
2.825548583957931 , -19 0 -17 -60 -19 14 , 10 -10 10 0 -3 7 , -4 5 4 16 -35 27 , 32 -26 26 0 -4 22 , 41 17 0 60 31 -19 , 3 -18 1 13 -10 -8 , -10 -1 18 -13 -9 8 , -20 -4 -5 -16 23 -40 , 39 36 -36 0 7 -29 , 0.0074275611739379552 , 3
2.830478343161535 , 13 -31 -61 -2 -15 -20 , 16 -30 30 0 -16 14 , 9 14 -30 16 13 -6 , 26 -6 6 0 9 15 , 15 61 31 2 41 16 , -32 13 -14 -11 12 -32 , -21 14 -13 11 -18 -1 , -7 30 -14 -16 24 -1 , 39 36 -36 0 7 -29 , 0.0052951815075832007 , 0
2.830478343161535 , 15 -48 -54 5 -25 -24 , 24 -23 23 0 -6 17 , 2 6 -29 20 6 -15 , 18 -13 13 0 -1 12 , 10 54 48 -5 30 23 , -26 -3 9 -23 11 -27 , -3 -9 3 23 -36 14 , -18 29 -6 -20 14 0 , 39 36 -36 0 7 -29 , 0.00566945959909438 , 1
2.830478343161535 , -10 -4 -35 -37 -23 9 , 1 -29 29 0 -23 6 , 40 -18 5 11 7 16 , 41 -7 7 0 16 23 , 27 35 4 37 44 -19 , 11 -8 13 9 -21 24 , 2 -13 8 -9 11 -13 , 29 -5 18 -11 11 25 , 39 36 -36 0 7 -29 , 0.0061426164634061928 , 2
2.8313646565993964 , 13 -31 -61 -2 -15 -20 , 16 -30 30 0 -16 14 , 9 14 -30 16 13 -6 , 26 -6 6 0 9 15 , 15 61 31 2 41 16 , -32 13 -14 -11 12 -32 , -21 14 -13 11 -18 -1 , -7 30 -14 -16 24 -1 , 39 36 -36 0 7 -29 , 0.0053321404143283737 , 0
2.8313646565993964 , 15 -48 -54 5 -25 -24 , 24 -23 23 0 -6 17 , 2 6 -29 20 6 -15 , 18 -13 13 0 -1 12 , 10 54 48 -5 30 23 , -26 -3 9 -23 11 -27 , -3 -9 3 23 -36 14 , -18 29 -6 -20 14 0 , 39 36 -36 0 7 -29 , 0.0054017924486969631 , 1
2.8313646565993964 , -10 -4 -35 -37 -23 9 , 1 -29 29 0 -23 6 , 40 -18 5 11 7 16 , 41 -7 7 0 16 23 , 27 35 4 37 44 -19 , 11 -8 13 9 -21 24 , 2 -13 8 -9 11 -13 , 29 -5 18 -11 11 25 , 39 36 -36 0 7 -29 , 0.0061105616542057673 , 2
2.833773713941968 , 15 -48 -54 5 -25 -24 , 24 -23 23 0 -6 17 , 2 6 -29 20 6 -15 , 18 -13 13 0 -1 12 , 10 54 48 -5 30 23 , -26 -3 9 -23 11 -27 , -3 -9 3 23 -36 14 , -18 29 -6 -20 14 0 , 39 36 -36 0 7 -29 , 0.0050093884728399868 , 0
2.833773713941968 , 13 -31 -61 -2 -15 -20 , 16 -30 30 0 -16 14 , 9 14 -30 16 13 -6 , 26 -6 6 0 9 15 , 15 61 31 2 41 16 , -32 13 -14 -11 12 -32 , -21 14 -13 11 -18 -1 , -7 30 -14 -16 24 -1 , 39 36 -36 0 7 -29 , 0.0057852103548465999 , 1
2.8342650363529924 , 15 -48 -54 5 -25 -24 , 24 -23 23 0 -6 17 , 2 6 -29 20 6 -15 , 18 -13 13 0 -1 12 , 10 54 48 -5 30 23 , -26 -3 9 -23 11 -27 , -3 -9 3 23 -36 14 , -18 29 -6 -20 14 0 , 39 36 -36 0 7 -29 , 0.0049973267253672566 , 0
2.8342650363529924 , 13 -31 -61 -2 -15 -20 , 16 -30 30 0 -16 14 , 9 14 -30 16 13 -6 , 26 -6 6 0 9 15 , 15 61 31 2 41 16 , -32 13 -14 -11 12 -32 , -21 14 -13 11 -18 -1 , -7 30 -14 -16 24 -1 , 39 36 -36 0 7 -29 , 0.0059336699814775944 , 1
2.8342650363529924 , -6 -5 -18 -58 -11 15 , 10 -15 15 0 -7 8 , -34 13 -21 3 -1 -30 , 32 -21 21 0 0 21 , 52 18 5 58 33 -6 , 24 -7 -6 16 0 10 , 8 6 7 -16 16 7 , -37 21 -13 -3 -9 -14 , 39 36 -36 0 7 -29 , 0.0061415996956159383 , 2
2.836047424332758 , 15 -48 -54 5 -25 -24 , 24 -23 23 0 -6 17 , 2 6 -29 20 6 -15 , 18 -13 13 0 -1 12 , 10 54 48 -5 30 23 , -26 -3 9 -23 11 -27 , -3 -9 3 23 -36 14 , -18 29 -6 -20 14 0 , 39 36 -36 0 7 -29 , 0.0051538066226864002 , 0
2.836047424332758 , -6 -5 -18 -58 -11 15 , 10 -15 15 0 -7 8 , -34 13 -21 3 -1 -30 , 32 -21 21 0 0 21 , 52 18 5 58 33 -6 , 24 -7 -6 16 0 10 , 8 6 7 -16 16 7 , -37 21 -13 -3 -9 -14 , 39 36 -36 0 7 -29 , 0.005856702615047225 , 1
2.836047424332758 , -4 -2 -39 -49 3 -3 , 5 -23 23 0 -16 7 , 6 -37 28 -1 -13 -5 , 37 -13 13 0 9 22 , 45 39 2 49 36 5 , -1 11 -4 -17 25 -9 , 16 4 -11 17 -5 14 , 7 -28 37 1 -33 24 , 39 36 -36 0 7 -29 , 0.0062038290148343942 , 2
2.8370740509048273 , 15 -48 -54 5 -25 -24 , 24 -23 23 0 -6 17 , 2 6 -29 20 6 -15 , 18 -13 13 0 -1 12 , 10 54 48 -5 30 23 , -26 -3 9 -23 11 -27 , -3 -9 3 23 -36 14 , -18 29 -6 -20 14 0 , 39 36 -36 0 7 -29 , 0.0053775963584683914 , 0
2.8370740509048273 , -6 -5 -18 -58 -11 15 , 10 -15 15 0 -7 8 , -34 13 -21 3 -1 -30 , 32 -21 21 0 0 21 , 52 18 5 58 33 -6 , 24 -7 -6 16 0 10 , 8 6 7 -16 16 7 , -37 21 -13 -3 -9 -14 , 39 36 -36 0 7 -29 , 0.0058115391512888904 , 1
2.8370740509048273 , -4 -2 -39 -49 3 -3 , 5 -23 23 0 -16 7 , 6 -37 28 -1 -13 -5 , 37 -13 13 0 9 22 , 45 39 2 49 36 5 , -1 11 -4 -17 25 -9 , 16 4 -11 17 -5 14 , 7 -28 37 1 -33 24 , 39 36 -36 0 7 -29 , 0.0059716045430907279 , 2
2.839314854246316 , -4 -2 -39 -49 3 -3 , 5 -23 23 0 -16 7 , 6 -37 28 -1 -13 -5 , 37 -13 13 0 9 22 , 45 39 2 49 36 5 , -1 11 -4 -17 25 -9 , 16 4 -11 17 -5 14 , 7 -28 37 1 -33 24 , 39 36 -36 0 7 -29 , 0.0057575580224066827 , 0
2.839314854246316 , -6 -5 -18 -58 -11 15 , 10 -15 15 0 -7 8 , -34 13 -21 3 -1 -30 , 32 -21 21 0 0 21 , 52 18 5 58 33 -6 , 24 -7 -6 16 0 10 , 8 6 7 -16 16 7 , -37 21 -13 -3 -9 -14 , 39 36 -36 0 7 -29 , 0.0060236677657941294 , 1
2.839314854246316 , -4 -52 -46 0 -36 -32 , 21 -4 4 0 8 12 , -36 34 -12 -24 16 -16 , 21 -32 32 0 -15 17 , -4 46 52 0 14 16 , 6 14 2 -17 19 8 , 23 -2 -14 17 6 5 , -12 12 -34 24 -4 -18 , 39 36 -36 0 7 -29 , 0.0060902329299858593 , 2
2.839314854246316 , 15 -48 -54 5 -25 -24 , 24 -23 23 0 -6 17 , 2 6 -29 20 6 -15 , 18 -13 13 0 -1 12 , 10 54 48 -5 30 23 , -26 -3 9 -23 11 -27 , -3 -9 3 23 -36 14 , -18 29 -6 -20 14 0 , 39 36 -36 0 7 -29 , 0.0061419506266117549 , 3
2.839314854246316 , -27 -10 -13 -47 -43 16 , 16 -30 30 0 -16 14 , -5 -8 -12 2 15 -30 , 26 -6 6 0 9 15 , 20 13 10 47 29 -33 , 21 -14 13 -11 18 1 , 32 -13 14 11 -12 32 , -7 12 8 -2 -18 23 , 39 36 -36 0 7 -29 , 0.006802162790652223 , 4
2.839314854246316 , -10 -25 -50 -6 -39 -11 , 10 -14 14 0 -6 8 , -13 -16 38 -3 -45 27 , 31 13 -13 0 27 14 , -4 50 25 6 39 -14 , 4 10 -8 15 -15 18 , -11 8 -10 -15 26 -25 , -10 -38 16 3 -11 -29 , 40 1 -1 0 -21 -22 , 0.007093821683014717 , 5
2.840426127138895 , -4 -2 -39 -49 3 -3 , 5 -23 23 0 -16 7 , 6 -37 28 -1 -13 -5 , 37 -13 13 0 9 22 , 45 39 2 49 36 5 , -1 11 -4 -17 25 -9 , 16 4 -11 17 -5 14 , 7 -28 37 1 -33 24 , 39 36 -36 0 7 -29 , 0.0058109323574395523 , 0
2.840426127138895 , -4 -52 -46 0 -36 -32 , 21 -4 4 0 8 12 , -36 34 -12 -24 16 -16 , 21 -32 32 0 -15 17 , -4 46 52 0 14 16 , 6 14 2 -17 19 8 , 23 -2 -14 17 6 5 , -12 12 -34 24 -4 -18 , 39 36 -36 0 7 -29 , 0.0058664521678645498 , 1
2.840426127138895 , -6 -5 -18 -58 -11 15 , 10 -15 15 0 -7 8 , -34 13 -21 3 -1 -30 , 32 -21 21 0 0 21 , 52 18 5 58 33 -6 , 24 -7 -6 16 0 10 , 8 6 7 -16 16 7 , -37 21 -13 -3 -9 -14 , 39 36 -36 0 7 -29 , 0.0062763176562911707 , 2
2.840426127138895 , -27 -10 -13 -47 -43 16 , 16 -30 30 0 -16 14 , -5 -8 -12 2 15 -30 , 26 -6 6 0 9 15 , 20 13 10 47 29 -33 , 21 -14 13 -11 18 1 , 32 -13 14 11 -12 32 , -7 12 8 -2 -18 23 , 39 36 -36 0 7 -29 , 0.0063385101256212299 , 3
2.840426127138895 , 15 -48 -54 5 -25 -24 , 24 -23 23 0 -6 17 , 2 6 -29 20 6 -15 , 18 -13 13 0 -1 12 , 10 54 48 -5 30 23 , -26 -3 9 -23 11 -27 , -3 -9 3 23 -36 14 , -18 29 -6 -20 14 0 , 39 36 -36 0 7 -29 , 0.0066296846783244377 , 4
2.840426127138895 , -10 -25 -50 -6 -39 -11 , 10 -14 14 0 -6 8 , -13 -16 38 -3 -45 27 , 31 13 -13 0 27 14 , -4 50 25 6 39 -14 , 4 10 -8 15 -15 18 , -11 8 -10 -15 26 -25 , -10 -38 16 3 -11 -29 , 40 1 -1 0 -21 -22 , 0.0070501664454634691 , 5
2.842278261520855 , -4 -52 -46 0 -36 -32 , 21 -4 4 0 8 12 , -36 34 -12 -24 16 -16 , 21 -32 32 0 -15 17 , -4 46 52 0 14 16 , 6 14 2 -17 19 8 , 23 -2 -14 17 6 5 , -12 12 -34 24 -4 -18 , 39 36 -36 0 7 -29 , 0.0057183974186822547 , 0
2.842278261520855 , -27 -10 -13 -47 -43 16 , 16 -30 30 0 -16 14 , -5 -8 -12 2 15 -30 , 26 -6 6 0 9 15 , 20 13 10 47 29 -33 , 21 -14 13 -11 18 1 , 32 -13 14 11 -12 32 , -7 12 8 -2 -18 23 , 39 36 -36 0 7 -29 , 0.0057241962179779976 , 1
2.842278261520855 , -4 -2 -39 -49 3 -3 , 5 -23 23 0 -16 7 , 6 -37 28 -1 -13 -5 , 37 -13 13 0 9 22 , 45 39 2 49 36 5 , -1 11 -4 -17 25 -9 , 16 4 -11 17 -5 14 , 7 -28 37 1 -33 24 , 39 36 -36 0 7 -29 , 0.0061270173813647525 , 2
2.842278261520855 , -6 -5 -18 -58 -11 15 , 10 -15 15 0 -7 8 , -34 13 -21 3 -1 -30 , 32 -21 21 0 0 21 , 52 18 5 58 33 -6 , 24 -7 -6 16 0 10 , 8 6 7 -16 16 7 , -37 21 -13 -3 -9 -14 , 39 36 -36 0 7 -29 , 0.0068786489167838904 , 3
2.8453531581747646 , -27 -10 -13 -47 -43 16 , 16 -30 30 0 -16 14 , -5 -8 -12 2 15 -30 , 26 -6 6 0 9 15 , 20 13 10 47 29 -33 , 21 -14 13 -11 18 1 , 32 -13 14 11 -12 32 , -7 12 8 -2 -18 23 , 39 36 -36 0 7 -29 , 0.0052951815075831347 , 0
2.8453531581747646 , -4 -52 -46 0 -36 -32 , 21 -4 4 0 8 12 , -36 34 -12 -24 16 -16 , 21 -32 32 0 -15 17 , -4 46 52 0 14 16 , 6 14 2 -17 19 8 , 23 -2 -14 17 6 5 , -12 12 -34 24 -4 -18 , 39 36 -36 0 7 -29 , 0.0061178050535133366 , 1
2.8514142824257815 , -2 -39 -57 -13 -7 -43 , 27 -19 19 0 -1 18 , -9 5 -21 1 19 -29 , 15 -17 17 0 -6 11 , 11 57 39 13 14 32 , -29 12 -13 7 -15 -12 , -36 13 -12 -7 1 -27 , -10 21 -5 -1 -8 14 , 39 36 -36 0 7 -29 , 0.0063824627671921121 , 0
2.8514142824257815 , -27 -10 -13 -47 -43 16 , 16 -30 30 0 -16 14 , -5 -8 -12 2 15 -30 , 26 -6 6 0 9 15 , 20 13 10 47 29 -33 , 21 -14 13 -11 18 1 , 32 -13 14 11 -12 32 , -7 12 8 -2 -18 23 , 39 36 -36 0 7 -29 , 0.0068123031569789182 , 1
2.858392563753267 , 6 -24 -51 -18 -11 -14 , 12 -41 41 0 -27 14 , 23 -3 -14 12 14 -1 , 30 5 -5 0 20 15 , 24 51 24 18 37 13 , 18 -22 13 26 -36 26 , -8 -13 22 -26 13 -14 , 11 14 3 -12 13 17 , 39 36 -36 0 7 -29 , 0.0060181221866644329 , 0
2.858392563753267 , -4 -34 -23 -42 -12 -14 , 46 -3 3 0 22 25 , -2 -9 8 -8 5 -9 , -5 2 -2 0 -1 -3 , 38 23 34 42 9 22 , -23 54 -13 -24 13 17 , 1 13 -54 24 30 -41 , 6 -8 9 8 -17 14 , 40 1 -1 0 -21 -22 , 0.0064803741582146407 , 1
2.858392563753267 , -24 -42 -30 -23 -38 -27 , 30 5 -5 0 20 15 , 13 8 -14 26 -18 22 , 12 -41 41 0 -27 14 , -1 30 42 23 3 4 , 21 7 -14 8 14 7 , 13 14 -7 -8 21 7 , -13 14 -8 -26 36 -26 , 39 36 -36 0 7 -29 , 0.006575747551280639 , 2
2.858392563753267 , -5 -14 -35 -27 -30 9 , 25 -25 25 0 -7 18 , 16 26 -25 -5 36 0 , 16 24 -24 0 28 4 , 22 35 14 27 44 -16 , -15 -5 27 -34 10 -7 , 19 -27 5 34 -34 15 , 21 25 -26 5 25 10 , 40 1 -1 0 -21 -22 , 0.0068648839051582422 , 3
2.8593568443815616 , 6 -24 -51 -18 -11 -14 , 12 -41 41 0 -27 14 , 23 -3 -14 12 14 -1 , 30 5 -5 0 20 15 , 24 51 24 18 37 13 , 18 -22 13 26 -36 26 , -8 -13 22 -26 13 -14 , 11 14 3 -12 13 17 , 39 36 -36 0 7 -29 , 0.0056879183369992368 , 0
2.8593568443815616 , -24 -42 -30 -23 -38 -27 , 30 5 -5 0 20 15 , 13 8 -14 26 -18 22 , 12 -41 41 0 -27 14 , -1 30 42 23 3 4 , 21 7 -14 8 14 7 , 13 14 -7 -8 21 7 , -13 14 -8 -26 36 -26 , 39 36 -36 0 7 -29 , 0.0061697022871393349 , 1
2.8593568443815616 , -4 -34 -23 -42 -12 -14 , 46 -3 3 0 22 25 , -2 -9 8 -8 5 -9 , -5 2 -2 0 -1 -3 , 38 23 34 42 9 22 , -23 54 -13 -24 13 17 , 1 13 -54 24 30 -41 , 6 -8 9 8 -17 14 , 40 1 -1 0 -21 -22 , 0.0064444032419756865 , 2
2.8593568443815616 , -5 -14 -35 -27 -30 9 , 25 -25 25 0 -7 18 , 16 26 -25 -5 36 0 , 16 24 -24 0 28 4 , 22 35 14 27 44 -16 , -15 -5 27 -34 10 -7 , 19 -27 5 34 -34 15 , 21 25 -26 5 25 10 , 40 1 -1 0 -21 -22 , 0.0068986626577991926 , 3
2.8628832836850004 , 6 -24 -51 -18 -11 -14 , 12 -41 41 0 -27 14 , 23 -3 -14 12 14 -1 , 30 5 -5 0 20 15 , 24 51 24 18 37 13 , 18 -22 13 26 -36 26 , -8 -13 22 -26 13 -14 , 11 14 3 -12 13 17 , 39 36 -36 0 7 -29 , 0.0051121963084980139 , 0
2.8628832836850004 , -24 -42 -30 -23 -38 -27 , 30 5 -5 0 20 15 , 13 8 -14 26 -18 22 , 12 -41 41 0 -27 14 , -1 30 42 23 3 4 , 21 7 -14 8 14 7 , 13 14 -7 -8 21 7 , -13 14 -8 -26 36 -26 , 39 36 -36 0 7 -29 , 0.0052016481949328612 , 1
2.8642416621899707 , -24 -42 -30 -23 -38 -27 , 30 5 -5 0 20 15 , 13 8 -14 26 -18 22 , 12 -41 41 0 -27 14 , -1 30 42 23 3 4 , 21 7 -14 8 14 7 , 13 14 -7 -8 21 7 , -13 14 -8 -26 36 -26 , 39 36 -36 0 7 -29 , 0.0051121963084980538 , 0
2.8642416621899707 , 6 -24 -51 -18 -11 -14 , 12 -41 41 0 -27 14 , 23 -3 -14 12 14 -1 , 30 5 -5 0 20 15 , 24 51 24 18 37 13 , 18 -22 13 26 -36 26 , -8 -13 22 -26 13 -14 , 11 14 3 -12 13 17 , 39 36 -36 0 7 -29 , 0.0052016481949325281 , 1
2.868824148149328 , -35 -33 3 -55 -44 -2 , 27 -9 9 0 7 16 , -19 -4 18 -27 9 -15 , 15 -27 27 0 -14 13 , 20 -3 33 55 -5 -11 , -19 -1 -11 15 -18 -13 , -34 11 1 -15 -2 -17 , 8 -18 4 27 -33 13 , 39 36 -36 0 7 -29 , 0.0051095236940548565 , 0
2.868824148149328 , -43 -36 -21 -33 -48 -25 , 22 -7 7 0 6 13 , -24 15 12 -38 21 -12 , 20 -29 29 0 -13 16 , -10 21 36 33 -4 -12 , -21 16 12 -28 7 1 , 7 -12 -16 28 -11 -9 , 14 -12 -15 38 -24 6 , 39 36 -36 0 7 -29 , 0.0055297116168674266 , 1
2.868824148149328 , -24 -42 -30 -23 -38 -27 , 30 5 -5 0 20 15 , 13 8 -14 26 -18 22 , 12 -41 41 0 -27 14 , -1 30 42 23 3 4 , 21 7 -14 8 14 7 , 13 14 -7 -8 21 7 , -13 14 -8 -26 36 -26 , 39 36 -36 0 7 -29 , 0.0060526109146752174 , 2
2.869958946980167 , -35 -33 3 -55 -44 -2 , 27 -9 9 0 7 16 , -19 -4 18 -27 9 -15 , 15 -27 27 0 -14 13 , 20 -3 33 55 -5 -11 , -19 -1 -11 15 -18 -13 , -34 11 1 -15 -2 -17 , 8 -18 4 27 -33 13 , 39 36 -36 0 7 -29 , 0.0050461223061359292 , 0
2.869958946980167 , -43 -36 -21 -33 -48 -25 , 22 -7 7 0 6 13 , -24 15 12 -38 21 -12 , 20 -29 29 0 -13 16 , -10 21 36 33 -4 -12 , -21 16 12 -28 7 1 , 7 -12 -16 28 -11 -9 , 14 -12 -15 38 -24 6 , 39 36 -36 0 7 -29 , 0.005222638299405875 , 1
2.8723011126823716 , -43 -36 -21 -33 -48 -25 , 22 -7 7 0 6 13 , -24 15 12 -38 21 -12 , 20 -29 29 0 -13 16 , -10 21 36 33 -4 -12 , -21 16 12 -28 7 1 , 7 -12 -16 28 -11 -9 , 14 -12 -15 38 -24 6 , 39 36 -36 0 7 -29 , 0.0049530888789854561 , 0
2.8723011126823716 , -35 -33 3 -55 -44 -2 , 27 -9 9 0 7 16 , -19 -4 18 -27 9 -15 , 15 -27 27 0 -14 13 , 20 -3 33 55 -5 -11 , -19 -1 -11 15 -18 -13 , -34 11 1 -15 -2 -17 , 8 -18 4 27 -33 13 , 39 36 -36 0 7 -29 , 0.0053109519912982114 , 1
2.875779524902798 , -43 -36 -21 -33 -48 -25 , 22 -7 7 0 6 13 , -24 15 12 -38 21 -12 , 20 -29 29 0 -13 16 , -10 21 36 33 -4 -12 , -21 16 12 -28 7 1 , 7 -12 -16 28 -11 -9 , 14 -12 -15 38 -24 6 , 39 36 -36 0 7 -29 , 0.0055301668287059732 , 0
2.875779524902798 , -26 -21 -5 -45 -50 17 , 26 -6 6 0 9 15 , -36 25 -9 -20 10 -19 , 16 -30 30 0 -16 14 , 19 5 21 45 22 -29 , -7 -23 18 -5 -8 -12 , -2 -18 23 5 -30 15 , -16 9 -25 20 -10 -15 , 39 36 -36 0 7 -29 , 0.0061629796812703776 , 1
2.875779524902798 , -35 -33 3 -55 -44 -2 , 27 -9 9 0 7 16 , -19 -4 18 -27 9 -15 , 15 -27 27 0 -14 13 , 20 -3 33 55 -5 -11 , -19 -1 -11 15 -18 -13 , -34 11 1 -15 -2 -17 , 8 -18 4 27 -33 13 , 39 36 -36 0 7 -29 , 0.0065117467826303621 , 2
2.8802389900459606 , -26 -21 -5 -45 -50 17 , 26 -6 6 0 9 15 , -36 25 -9 -20 10 -19 , 16 -30 30 0 -16 14 , 19 5 21 45 22 -29 , -7 -23 18 -5 -8 -12 , -2 -18 23 5 -30 15 , -16 9 -25 20 -10 -15 , 39 36 -36 0 7 -29 , 0.0052951815075831807 , 0
2.891798018965784 , 7 -30 -46 -21 -9 -16 , 12 -41 41 0 -27 14 , -7 -21 10 8 -18 -9 , 30 5 -5 0 20 15 , 28 46 30 21 30 21 , -27 28 -10 -30 30 -22 , 3 10 -28 30 -12 2 , -15 -10 21 -8 -19 3 , 39 36 -36 0 7 -29 , 0.005247158776594406 , 0
2.891798018965784 , -37 -45 -28 -26 -41 -37 , 28 -22 22 0 -3 19 , 16 1 -20 23 0 2 , 14 -14 14 0 -4 10 , -11 28 45 26 -9 4 , 33 -22 -7 37 -18 14 , -4 7 22 -37 21 4 , -7 20 -1 -23 22 -1 , 39 36 -36 0 7 -29 , 0.0055727262860047052 , 1
2.8934702205439495 , 7 -30 -46 -21 -9 -16 , 12 -41 41 0 -27 14 , -7 -21 10 8 -18 -9 , 30 5 -5 0 20 15 , 28 46 30 21 30 21 , -27 28 -10 -30 30 -22 , 3 10 -28 30 -12 2 , -15 -10 21 -8 -19 3 , 39 36 -36 0 7 -29 , 0.0051121963084979792 , 0
2.8934702205439495 , -37 -45 -28 -26 -41 -37 , 28 -22 22 0 -3 19 , 16 1 -20 23 0 2 , 14 -14 14 0 -4 10 , -11 28 45 26 -9 4 , 33 -22 -7 37 -18 14 , -4 7 22 -37 21 4 , -7 20 -1 -23 22 -1 , 39 36 -36 0 7 -29 , 0.0052064416711956442 , 1
2.8949952333716618 , -37 -45 -28 -26 -41 -37 , 28 -22 22 0 -3 19 , 16 1 -20 23 0 2 , 14 -14 14 0 -4 10 , -11 28 45 26 -9 4 , 33 -22 -7 37 -18 14 , -4 7 22 -37 21 4 , -7 20 -1 -23 22 -1 , 39 36 -36 0 7 -29 , 0.0050935456065324567 , 0
2.8949952333716618 , 7 -30 -46 -21 -9 -16 , 12 -41 41 0 -27 14 , -7 -21 10 8 -18 -9 , 30 5 -5 0 20 15 , 28 46 30 21 30 21 , -27 28 -10 -30 30 -22 , 3 10 -28 30 -12 2 , -15 -10 21 -8 -19 3 , 39 36 -36 0 7 -29 , 0.0052246893755533838 , 1
2.899884172795599 , 2 -25 -24 -32 -27 11 , 2 -37 37 0 -29 8 , 25 10 -17 18 3 19 , 40 1 -1 0 22 21 , 34 24 25 32 35 -2 , -26 17 -6 -22 19 -22 , -4 6 -17 22 -16 2 , 7 17 -10 -18 36 -7 , 39 36 -36 0 7 -29 , 0.0059788584627044261 , 0
2.899884172795599 , -37 -45 -28 -26 -41 -37 , 28 -22 22 0 -3 19 , 16 1 -20 23 0 2 , 14 -14 14 0 -4 10 , -11 28 45 26 -9 4 , 33 -22 -7 37 -18 14 , -4 7 22 -37 21 4 , -7 20 -1 -23 22 -1 , 39 36 -36 0 7 -29 , 0.0061558934668115902 , 1
2.899884172795599 , -10 -16 -46 -18 -30 -3 , 46 -3 3 0 22 25 , -7 12 -10 -9 17 -12 , -5 2 -2 0 -1 -3 , 8 46 16 18 43 -14 , -37 -14 36 -34 -9 -17 , -3 -36 14 34 -53 5 , 2 10 -12 9 -2 5 , 40 1 -1 0 -21 -22 , 0.0064444032419758383 , 2
2.899884172795599 , -43 -22 -43 -30 -30 -36 , 13 5 -5 0 11 6 , 44 -22 -11 35 -4 12 , 28 -6 6 0 10 16 , -13 43 22 30 7 -8 , 33 -25 -8 29 -3 1 , 4 8 25 -29 9 22 , 9 11 22 -35 23 18 , 40 1 -1 0 -21 -22 , 0.0064748772520185089 , 3
2.899884172795599 , 7 -30 -46 -21 -9 -16 , 12 -41 41 0 -27 14 , -7 -21 10 8 -18 -9 , 30 5 -5 0 20 15 , 28 46 30 21 30 21 , -27 28 -10 -30 30 -22 , 3 10 -28 30 -12 2 , -15 -10 21 -8 -19 3 , 39 36 -36 0 7 -29 , 0.0068340217950731237 , 4
2.899884172795599 , 5 -46 -38 -10 -29 -15 , 7 -39 39 0 -28 11 , 10 23 -21 5 14 9 , 35 3 -3 0 21 18 , 15 38 46 10 23 17 , -5 -5 5 -20 24 -22 , 15 -5 5 20 -27 29 , 5 21 -23 -5 30 -9 , 39 36 -36 0 7 -29 , 0.0070562860588522791 , 5
2.901100687708258 , 2 -25 -24 -32 -27 11 , 2 -37 37 0 -29 8 , 25 10 -17 18 3 19 , 40 1 -1 0 22 21 , 34 24 25 32 35 -2 , -26 17 -6 -22 19 -22 , -4 6 -17 22 -16 2 , 7 17 -10 -18 36 -7 , 39 36 -36 0 7 -29 , 0.0059166543316498382 , 0
2.901100687708258 , -43 -22 -43 -30 -30 -36 , 13 5 -5 0 11 6 , 44 -22 -11 35 -4 12 , 28 -6 6 0 10 16 , -13 43 22 30 7 -8 , 33 -25 -8 29 -3 1 , 4 8 25 -29 9 22 , 9 11 22 -35 23 18 , 40 1 -1 0 -21 -22 , 0.0063783343046464307 , 1
2.901100687708258 , -10 -16 -46 -18 -30 -3 , 46 -3 3 0 22 25 , -7 12 -10 -9 17 -12 , -5 2 -2 0 -1 -3 , 8 46 16 18 43 -14 , -37 -14 36 -34 -9 -17 , -3 -36 14 34 -53 5 , 2 10 -12 9 -2 5 , 40 1 -1 0 -21 -22 , 0.0065015600786503397 , 2
2.901100687708258 , 5 -46 -38 -10 -29 -15 , 7 -39 39 0 -28 11 , 10 23 -21 5 14 9 , 35 3 -3 0 21 18 , 15 38 46 10 23 17 , -5 -5 5 -20 24 -22 , 15 -5 5 20 -27 29 , 5 21 -23 -5 30 -9 , 39 36 -36 0 7 -29 , 0.0065422088850645771 , 3
2.901100687708258 , -37 -45 -28 -26 -41 -37 , 28 -22 22 0 -3 19 , 16 1 -20 23 0 2 , 14 -14 14 0 -4 10 , -11 28 45 26 -9 4 , 33 -22 -7 37 -18 14 , -4 7 22 -37 21 4 , -7 20 -1 -23 22 -1 , 39 36 -36 0 7 -29 , 0.0066770064375108636 , 4
2.9015124697865144 , 2 -25 -24 -32 -27 11 , 2 -37 37 0 -29 8 , 25 10 -17 18 3 19 , 40 1 -1 0 22 21 , 34 24 25 32 35 -2 , -26 17 -6 -22 19 -22 , -4 6 -17 22 -16 2 , 7 17 -10 -18 36 -7 , 39 36 -36 0 7 -29 , 0.0059238146694440717 , 0
2.9015124697865144 , -43 -22 -43 -30 -30 -36 , 13 5 -5 0 11 6 , 44 -22 -11 35 -4 12 , 28 -6 6 0 10 16 , -13 43 22 30 7 -8 , 33 -25 -8 29 -3 1 , 4 8 25 -29 9 22 , 9 11 22 -35 23 18 , 40 1 -1 0 -21 -22 , 0.0063716847609527755 , 1
2.9015124697865144 , 5 -46 -38 -10 -29 -15 , 7 -39 39 0 -28 11 , 10 23 -21 5 14 9 , 35 3 -3 0 21 18 , 15 38 46 10 23 17 , -5 -5 5 -20 24 -22 , 15 -5 5 20 -27 29 , 5 21 -23 -5 30 -9 , 39 36 -36 0 7 -29 , 0.0063850958984230056 , 2
2.9015124697865144 , -10 -16 -46 -18 -30 -3 , 46 -3 3 0 22 25 , -7 12 -10 -9 17 -12 , -5 2 -2 0 -1 -3 , 8 46 16 18 43 -14 , -37 -14 36 -34 -9 -17 , -3 -36 14 34 -53 5 , 2 10 -12 9 -2 5 , 40 1 -1 0 -21 -22 , 0.0065464495394117637 , 3
2.9015124697865144 , -37 -45 -28 -26 -41 -37 , 28 -22 22 0 -3 19 , 16 1 -20 23 0 2 , 14 -14 14 0 -4 10 , -11 28 45 26 -9 4 , 33 -22 -7 37 -18 14 , -4 7 22 -37 21 4 , -7 20 -1 -23 22 -1 , 39 36 -36 0 7 -29 , 0.0068688645842760344 , 4
2.9015124697865144 , -18 -20 -17 -52 -19 -2 , 40 1 -1 0 22 21 , 22 -16 2 26 -22 19 , 2 -37 37 0 -29 8 , 34 17 20 52 15 1 , 17 7 7 -19 25 10 , 36 -7 -7 19 3 18 , -4 -2 16 -26 17 -6 , 39 36 -36 0 7 -29 , 0.0072593961399075027 , 5
2.9062389408746054 , 5 -46 -38 -10 -29 -15 , 7 -39 39 0 -28 11 , 10 23 -21 5 14 9 , 35 3 -3 0 21 18 , 15 38 46 10 23 17 , -5 -5 5 -20 24 -22 , 15 -5 5 20 -27 29 , 5 21 -23 -5 30 -9 , 39 36 -36 0 7 -29 , 0.0054405641949852581 , 0
2.9062389408746054 , -18 -20 -17 -52 -19 -2 , 40 1 -1 0 22 21 , 22 -16 2 26 -22 19 , 2 -37 37 0 -29 8 , 34 17 20 52 15 1 , 17 7 7 -19 25 10 , 36 -7 -7 19 3 18 , -4 -2 16 -26 17 -6 , 39 36 -36 0 7 -29 , 0.0059794176003488408 , 1
2.9062389408746054 , -24 -4 -16 -52 -32 18 , 21 -4 4 0 8 12 , -16 16 -24 -12 34 -36 , 21 -32 32 0 -15 17 , 28 16 4 52 34 -28 , 6 14 2 -17 19 8 , 23 -2 -14 17 6 5 , -4 24 -16 12 -12 18 , 39 36 -36 0 7 -29 , 0.0066819925629272676 , 2
2.907460939751116 , 5 -46 -38 -10 -29 -15 , 7 -39 39 0 -28 11 , 10 23 -21 5 14 9 , 35 3 -3 0 21 18 , 15 38 46 10 23 17 , -5 -5 5 -20 24 -22 , 15 -5 5 20 -27 29 , 5 21 -23 -5 30 -9 , 39 36 -36 0 7 -29 , 0.0055087544988106927 , 0
2.907460939751116 , -18 -20 -17 -52 -19 -2 , 40 1 -1 0 22 21 , 22 -16 2 26 -22 19 , 2 -37 37 0 -29 8 , 34 17 20 52 15 1 , 17 7 7 -19 25 10 , 36 -7 -7 19 3 18 , -4 -2 16 -26 17 -6 , 39 36 -36 0 7 -29 , 0.005916654331649859 , 1
2.907460939751116 , -24 -4 -16 -52 -32 18 , 21 -4 4 0 8 12 , -16 16 -24 -12 34 -36 , 21 -32 32 0 -15 17 , 28 16 4 52 34 -28 , 6 14 2 -17 19 8 , 23 -2 -14 17 6 5 , -4 24 -16 12 -12 18 , 39 36 -36 0 7 -29 , 0.0062786844082479308 , 2
2.907460939751116 , -35 -42 -1 -46 -47 -10 , 16 -30 30 0 -16 14 , -22 1 21 -26 -1 -4 , 26 -6 6 0 9 15 , 11 1 42 46 -9 -5 , -21 14 -13 11 -18 -1 , -32 13 -14 -11 12 -32 , 4 -21 -1 26 -25 -2 , 39 36 -36 0 7 -29 , 0.0068328206507552889 , 3
2.9111275035596726 , -35 -42 -1 -46 -47 -10 , 16 -30 30 0 -16 14 , -22 1 21 -26 -1 -4 , 26 -6 6 0 9 15 , 11 1 42 46 -9 -5 , -21 14 -13 11 -18 -1 , -32 13 -14 -11 12 -32 , 4 -21 -1 26 -25 -2 , 39 36 -36 0 7 -29 , 0.0055693034493787957 , 0
2.9111275035596726 , -24 -4 -16 -52 -32 18 , 21 -4 4 0 8 12 , -16 16 -24 -12 34 -36 , 21 -32 32 0 -15 17 , 28 16 4 52 34 -28 , 6 14 2 -17 19 8 , 23 -2 -14 17 6 5 , -4 24 -16 12 -12 18 , 39 36 -36 0 7 -29 , 0.0057183974186821454 , 1
2.9111275035596726 , 5 -46 -38 -10 -29 -15 , 7 -39 39 0 -28 11 , 10 23 -21 5 14 9 , 35 3 -3 0 21 18 , 15 38 46 10 23 17 , -5 -5 5 -20 24 -22 , 15 -5 5 20 -27 29 , 5 21 -23 -5 30 -9 , 39 36 -36 0 7 -29 , 0.0064458283869683487 , 2
2.9111275035596726 , -18 -20 -17 -52 -19 -2 , 40 1 -1 0 22 21 , 22 -16 2 26 -22 19 , 2 -37 37 0 -29 8 , 34 17 20 52 15 1 , 17 7 7 -19 25 10 , 36 -7 -7 19 3 18 , -4 -2 16 -26 17 -6 , 39 36 -36 0 7 -29 , 0.0064597680658241181 , 3
2.9135680796499033 , -35 -42 -1 -46 -47 -10 , 16 -30 30 0 -16 14 , -22 1 21 -26 -1 -4 , 26 -6 6 0 9 15 , 11 1 42 46 -9 -5 , -21 14 -13 11 -18 -1 , -32 13 -14 -11 12 -32 , 4 -21 -1 26 -25 -2 , 39 36 -36 0 7 -29 , 0.0052951815075831486 , 0
2.9135680796499033 , -24 -4 -16 -52 -32 18 , 21 -4 4 0 8 12 , -16 16 -24 -12 34 -36 , 21 -32 32 0 -15 17 , 28 16 4 52 34 -28 , 6 14 2 -17 19 8 , 23 -2 -14 17 6 5 , -4 24 -16 12 -12 18 , 39 36 -36 0 7 -29 , 0.0059731280984549962 , 1
2.9167904301432195 , -35 -42 -1 -46 -47 -10 , 16 -30 30 0 -16 14 , -22 1 21 -26 -1 -4 , 26 -6 6 0 9 15 , 11 1 42 46 -9 -5 , -21 14 -13 11 -18 -1 , -32 13 -14 -11 12 -32 , 4 -21 -1 26 -25 -2 , 39 36 -36 0 7 -29 , 0.0057646072679829567 , 0
2.9167904301432195 , -20 -8 -44 -50 7 -26 , 10 -9 9 0 -2 7 , 16 -27 -23 48 -20 -15 , 31 8 -8 0 23 15 , 30 44 8 50 18 15 , 17 -9 22 0 -16 31 , 17 -22 9 0 9 -7 , -32 23 27 -48 8 7 , 40 1 -1 0 -21 -22 , 0.006389654066985718 , 1
2.9167904301432195 , -13 -28 -40 -18 -33 -11 , 45 -1 1 0 23 24 , -21 21 -15 -11 15 -17 , -3 -35 35 0 -30 5 , 5 40 28 18 29 -5 , 1 23 -8 -26 39 -7 , 27 8 -23 26 1 16 , -10 15 -21 11 -2 -6 , 39 36 -36 0 7 -29 , 0.006920595711269119 , 2
2.9167904301432195 , -24 -4 -16 -52 -32 18 , 21 -4 4 0 8 12 , -16 16 -24 -12 34 -36 , 21 -32 32 0 -15 17 , 28 16 4 52 34 -28 , 6 14 2 -17 19 8 , 23 -2 -14 17 6 5 , -4 24 -16 12 -12 18 , 39 36 -36 0 7 -29 , 0.006980998865513623 , 3
2.9201187780247118 , -13 -28 -40 -18 -33 -11 , 45 -1 1 0 23 24 , -21 21 -15 -11 15 -17 , -3 -35 35 0 -30 5 , 5 40 28 18 29 -5 , 1 23 -8 -26 39 -7 , 27 8 -23 26 1 16 , -10 15 -21 11 -2 -6 , 39 36 -36 0 7 -29 , 0.0065081286198850142 , 0
2.9201187780247118 , -20 -8 -44 -50 7 -26 , 10 -9 9 0 -2 7 , 16 -27 -23 48 -20 -15 , 31 8 -8 0 23 15 , 30 44 8 50 18 15 , 17 -9 22 0 -16 31 , 17 -22 9 0 9 -7 , -32 23 27 -48 8 7 , 40 1 -1 0 -21 -22 , 0.0068093023992303959 , 1
2.9201187780247118 , -35 -42 -1 -46 -47 -10 , 16 -30 30 0 -16 14 , -22 1 21 -26 -1 -4 , 26 -6 6 0 9 15 , 11 1 42 46 -9 -5 , -21 14 -13 11 -18 -1 , -32 13 -14 -11 12 -32 , 4 -21 -1 26 -25 -2 , 39 36 -36 0 7 -29 , 0.0070352447016586986 , 2
2.926709115833474 , -15 -43 -40 -16 -29 -30 , 30 5 -5 0 20 15 , 13 -22 18 -13 14 -8 , 12 -41 41 0 -27 14 , 1 40 43 16 10 14 , -8 -19 3 7 -9 -18 , -15 -3 19 -7 -21 10 , 26 -18 22 13 -26 36 , 39 36 -36 0 7 -29 , 0.0055986297644907935 , 0
2.929937156520348 , -15 -43 -40 -16 -29 -30 , 30 5 -5 0 20 15 , 13 -22 18 -13 14 -8 , 12 -41 41 0 -27 14 , 1 40 43 16 10 14 , -8 -19 3 7 -9 -18 , -15 -3 19 -7 -21 10 , 26 -18 22 13 -26 36 , 39 36 -36 0 7 -29 , 0.0051121963084980564 , 0
2.9434579236586047 , -17 2 -38 -47 -9 2 , 40 -9 9 0 14 23 , 25 -14 8 9 -4 16 , 2 -27 27 0 -21 6 , 30 38 -2 47 40 -11 , 7 -17 40 -11 -24 31 , 18 -40 17 11 -9 -7 , 16 -8 14 -9 8 10 , 39 36 -36 0 7 -29 , 0.0052543297744689094 , 0
2.946088346867179 , -17 2 -38 -47 -9 2 , 40 -9 9 0 14 23 , 25 -14 8 9 -4 16 , 2 -27 27 0 -21 6 , 30 38 -2 47 40 -11 , 7 -17 40 -11 -24 31 , 18 -40 17 11 -9 -7 , 16 -8 14 -9 8 10 , 39 36 -36 0 7 -29 , 0.0055738255031380279 , 0
2.9524679574451387 , -34 -43 -26 -19 -53 -21 , 26 -6 6 0 9 15 , 18 -11 12 -14 21 -1 , 16 -30 30 0 -16 14 , -15 26 43 19 5 -10 , 30 -12 -1 9 10 7 , 21 1 12 -9 8 22 , 32 -12 11 14 -13 32 , 39 36 -36 0 7 -29 , 0.0054187858106394884 , 0
2.9540954080639406 , -34 -43 -26 -19 -53 -21 , 26 -6 6 0 9 15 , 18 -11 12 -14 21 -1 , 16 -30 30 0 -16 14 , -15 26 43 19 5 -10 , 30 -12 -1 9 10 7 , 21 1 12 -9 8 22 , 32 -12 11 14 -13 32 , 39 36 -36 0 7 -29 , 0.0052951815075831269 , 0
2.9581556785682936 , -34 -43 -26 -19 -53 -21 , 26 -6 6 0 9 15 , 18 -11 12 -14 21 -1 , 16 -30 30 0 -16 14 , -15 26 43 19 5 -10 , 30 -12 -1 9 10 7 , 21 1 12 -9 8 22 , 32 -12 11 14 -13 32 , 39 36 -36 0 7 -29 , 0.0060234383991575081 , 0
2.9581556785682936 , 10 -44 -47 6 -39 -6 , 13 5 -5 0 11 6 , 28 10 -31 31 4 12 , 28 -6 6 0 10 16 , 4 47 44 -6 41 5 , -18 -4 -20 11 3 -35 , -29 20 4 -11 -15 7 , -3 31 -10 -31 43 -6 , 40 1 -1 0 -21 -22 , 0.0063716847609525083 , 1
2.9666619494671274 , -18 -52 -33 -21 -27 -37 , 37 -13 13 0 9 22 , -4 -16 14 -9 1 -11 , 5 -23 23 0 -16 7 , 3 33 52 21 -4 25 , -42 21 -4 -19 1 -19 , -23 4 -21 19 -15 -20 , 5 -14 16 9 -25 17 , 39 36 -36 0 7 -29 , 0.0057575580224067703 , 0
2.9666619494671274 , -45 -13 -11 -58 -35 -2 , 26 -6 6 0 9 15 , -36 25 -9 -20 10 -19 , 16 -30 30 0 -16 14 , 13 11 13 58 9 -22 , -24 1 -7 6 -13 -16 , -30 7 -1 -6 -9 -14 , -16 9 -25 20 -10 -15 , 39 36 -36 0 7 -29 , 0.0061254908218978292 , 1
2.9666619494671274 , -5 -13 -19 -41 -29 24 , 7 -29 29 0 -20 9 , 14 7 11 3 -16 37 , 35 -7 7 0 13 20 , 36 19 13 41 43 -16 , -27 15 -15 -2 1 -19 , -25 15 -15 2 -4 -14 , 11 -11 -7 -3 26 -23 , 39 36 -36 0 7 -29 , 0.0061349204244798136 , 2
2.9666619494671274 , -2 1 -50 -43 10 -5 , 18 -18 18 0 -5 13 , -17 9 -28 6 15 -34 , 24 -18 18 0 -2 16 , 41 50 -1 43 45 9 , -14 29 -12 -5 1 8 , -9 12 -29 5 20 -28 , -23 28 -9 -6 -6 6 , 39 36 -36 0 7 -29 , 0.0067565029165055279 , 3
2.9700093044977667 , -45 -13 -11 -58 -35 -2 , 26 -6 6 0 9 15 , -36 25 -9 -20 10 -19 , 16 -30 30 0 -16 14 , 13 11 13 58 9 -22 , -24 1 -7 6 -13 -16 , -30 7 -1 -6 -9 -14 , -16 9 -25 20 -10 -15 , 39 36 -36 0 7 -29 , 0.0053428975678545144 , 0
2.9700093044977667 , -5 -13 -19 -41 -29 24 , 7 -29 29 0 -20 9 , 14 7 11 3 -16 37 , 35 -7 7 0 13 20 , 36 19 13 41 43 -16 , -27 15 -15 -2 1 -19 , -25 15 -15 2 -4 -14 , 11 -11 -7 -3 26 -23 , 39 36 -36 0 7 -29 , 0.0056599368158753065 , 1
2.9700093044977667 , -2 1 -50 -43 10 -5 , 18 -18 18 0 -5 13 , -17 9 -28 6 15 -34 , 24 -18 18 0 -2 16 , 41 50 -1 43 45 9 , -14 29 -12 -5 1 8 , -9 12 -29 5 20 -28 , -23 28 -9 -6 -6 6 , 39 36 -36 0 7 -29 , 0.005954235431314083 , 2
2.9700093044977667 , -18 -52 -33 -21 -27 -37 , 37 -13 13 0 9 22 , -4 -16 14 -9 1 -11 , 5 -23 23 0 -16 7 , 3 33 52 21 -4 25 , -42 21 -4 -19 1 -19 , -23 4 -21 19 -15 -20 , 5 -14 16 9 -25 17 , 39 36 -36 0 7 -29 , 0.0062250973225550111 , 3
2.9710168850004073 , -45 -13 -11 -58 -35 -2 , 26 -6 6 0 9 15 , -36 25 -9 -20 10 -19 , 16 -30 30 0 -16 14 , 13 11 13 58 9 -22 , -24 1 -7 6 -13 -16 , -30 7 -1 -6 -9 -14 , -16 9 -25 20 -10 -15 , 39 36 -36 0 7 -29 , 0.0052951815075832197 , 0
2.9710168850004073 , -5 -13 -19 -41 -29 24 , 7 -29 29 0 -20 9 , 14 7 11 3 -16 37 , 35 -7 7 0 13 20 , 36 19 13 41 43 -16 , -27 15 -15 -2 1 -19 , -25 15 -15 2 -4 -14 , 11 -11 -7 -3 26 -23 , 39 36 -36 0 7 -29 , 0.0057046026570603094 , 1
2.9710168850004073 , -2 1 -50 -43 10 -5 , 18 -18 18 0 -5 13 , -17 9 -28 6 15 -34 , 24 -18 18 0 -2 16 , 41 50 -1 43 45 9 , -14 29 -12 -5 1 8 , -9 12 -29 5 20 -28 , -23 28 -9 -6 -6 6 , 39 36 -36 0 7 -29 , 0.0058802532036147633 , 2
2.9710168850004073 , -18 -52 -33 -21 -27 -37 , 37 -13 13 0 9 22 , -4 -16 14 -9 1 -11 , 5 -23 23 0 -16 7 , 3 33 52 21 -4 25 , -42 21 -4 -19 1 -19 , -23 4 -21 19 -15 -20 , 5 -14 16 9 -25 17 , 39 36 -36 0 7 -29 , 0.006529330201241172 , 3
2.9713820543373295 , -45 -13 -11 -58 -35 -2 , 26 -6 6 0 9 15 , -36 25 -9 -20 10 -19 , 16 -30 30 0 -16 14 , 13 11 13 58 9 -22 , -24 1 -7 6 -13 -16 , -30 7 -1 -6 -9 -14 , -16 9 -25 20 -10 -15 , 39 36 -36 0 7 -29 , 0.0053014734987051181 , 0
2.9713820543373295 , -5 -13 -19 -41 -29 24 , 7 -29 29 0 -20 9 , 14 7 11 3 -16 37 , 35 -7 7 0 13 20 , 36 19 13 41 43 -16 , -27 15 -15 -2 1 -19 , -25 15 -15 2 -4 -14 , 11 -11 -7 -3 26 -23 , 39 36 -36 0 7 -29 , 0.0057425692096074957 , 1
2.9713820543373295 , -2 1 -50 -43 10 -5 , 18 -18 18 0 -5 13 , -17 9 -28 6 15 -34 , 24 -18 18 0 -2 16 , 41 50 -1 43 45 9 , -14 29 -12 -5 1 8 , -9 12 -29 5 20 -28 , -23 28 -9 -6 -6 6 , 39 36 -36 0 7 -29 , 0.0058745811584550115 , 2
2.9787641077042237 , -44 -18 -11 -48 -47 2 , 10 -15 15 0 -7 8 , -3 1 30 -37 14 9 , 32 -21 21 0 0 21 , 4 11 18 48 13 -29 , -6 -7 24 -16 -7 8 , 10 -24 7 16 -16 0 , 34 -30 -1 37 -21 13 , 39 36 -36 0 7 -29 , 0.0058115391512888305 , 0
2.9787641077042237 , -20 -16 -46 -18 -34 -6 , 45 -1 1 0 23 24 , 12 -6 9 -3 2 9 , 17 28 -28 0 32 4 , -2 46 16 18 40 -18 , 18 -10 22 2 -18 32 , 16 -22 10 -2 10 -8 , 15 -9 6 3 0 8 , 19 -27 27 0 -55 -28 , 0.0068241562370604672 , 1
2.9848095530725978 , -20 -16 -46 -18 -34 -6 , 45 -1 1 0 23 24 , 12 -6 9 -3 2 9 , 17 28 -28 0 32 4 , -2 46 16 18 40 -18 , 18 -10 22 2 -18 32 , 16 -22 10 -2 10 -8 , 15 -9 6 3 0 8 , 19 -27 27 0 -55 -28 , 0.0053193536076352067 , 0
2.9848095530725978 , -32 -39 -6 -33 -59 3 , 16 -30 30 0 -16 14 , 21 -22 -8 30 -12 -1 , 26 -6 6 0 9 15 , 1 6 39 33 9 -20 , -10 19 -36 15 10 -20 , -25 36 -19 -15 16 -9 , -9 8 22 -30 7 10 , 39 36 -36 0 7 -29 , 0.0058207660101303703 , 1
2.9848095530725978 , -29 -2 -18 -63 -15 6 , 12 -31 31 0 -19 12 , 0 11 -33 13 19 -23 , 30 -5 5 0 12 17 , 34 18 2 63 24 -13 , 2 19 -16 14 -9 16 , -12 16 -19 -14 32 -28 , -13 33 -11 -13 10 8 , 39 36 -36 0 7 -29 , 0.0062441364476244609 , 2
2.985891754599826 , -20 -16 -46 -18 -34 -6 , 45 -1 1 0 23 24 , 12 -6 9 -3 2 9 , 17 28 -28 0 32 4 , -2 46 16 18 40 -18 , 18 -10 22 2 -18 32 , 16 -22 10 -2 10 -8 , 15 -9 6 3 0 8 , 19 -27 27 0 -55 -28 , 0.0053741138324600035 , 0
2.985891754599826 , -32 -39 -6 -33 -59 3 , 16 -30 30 0 -16 14 , 21 -22 -8 30 -12 -1 , 26 -6 6 0 9 15 , 1 6 39 33 9 -20 , -10 19 -36 15 10 -20 , -25 36 -19 -15 16 -9 , -9 8 22 -30 7 10 , 39 36 -36 0 7 -29 , 0.0055468566581676221 , 1
2.985891754599826 , -29 -2 -18 -63 -15 6 , 12 -31 31 0 -19 12 , 0 11 -33 13 19 -23 , 30 -5 5 0 12 17 , 34 18 2 63 24 -13 , 2 19 -16 14 -9 16 , -12 16 -19 -14 32 -28 , -13 33 -11 -13 10 8 , 39 36 -36 0 7 -29 , 0.0061970689639898732 , 2
2.985891754599826 , 3 -54 -35 4 -50 -6 , 13 5 -5 0 11 6 , 9 11 22 -35 23 18 , 28 -6 6 0 10 16 , -1 35 54 -4 29 4 , 35 -3 -11 20 4 18 , 15 11 3 -20 29 7 , 44 -22 -11 35 -4 12 , 40 1 -1 0 -21 -22 , 0.0067135834006475069 , 3
2.9882278550505164 , -32 -39 -6 -33 -59 3 , 16 -30 30 0 -16 14 , 21 -22 -8 30 -12 -1 , 26 -6 6 0 9 15 , 1 6 39 33 9 -20 , -10 19 -36 15 10 -20 , -25 36 -19 -15 16 -9 , -9 8 22 -30 7 10 , 39 36 -36 0 7 -29 , 0.0052951815075830931 , 0
2.9882278550505164 , -20 -16 -46 -18 -34 -6 , 45 -1 1 0 23 24 , 12 -6 9 -3 2 9 , 17 28 -28 0 32 4 , -2 46 16 18 40 -18 , 18 -10 22 2 -18 32 , 16 -22 10 -2 10 -8 , 15 -9 6 3 0 8 , 19 -27 27 0 -55 -28 , 0.0058427632068438623 , 1
2.9882278550505164 , 3 -54 -35 4 -50 -6 , 13 5 -5 0 11 6 , 9 11 22 -35 23 18 , 28 -6 6 0 10 16 , -1 35 54 -4 29 4 , 35 -3 -11 20 4 18 , 15 11 3 -20 29 7 , 44 -22 -11 35 -4 12 , 40 1 -1 0 -21 -22 , 0.006388504640766823 , 2
2.9882278550505164 , -29 -2 -18 -63 -15 6 , 12 -31 31 0 -19 12 , 0 11 -33 13 19 -23 , 30 -5 5 0 12 17 , 34 18 2 63 24 -13 , 2 19 -16 14 -9 16 , -12 16 -19 -14 32 -28 , -13 33 -11 -13 10 8 , 39 36 -36 0 7 -29 , 0.0064134490145276316 , 3
2.988883028225592 , -32 -39 -6 -33 -59 3 , 16 -30 30 0 -16 14 , 21 -22 -8 30 -12 -1 , 26 -6 6 0 9 15 , 1 6 39 33 9 -20 , -10 19 -36 15 10 -20 , -25 36 -19 -15 16 -9 , -9 8 22 -30 7 10 , 39 36 -36 0 7 -29 , 0.0053154089489611429 , 0
2.988883028225592 , -20 -16 -46 -18 -34 -6 , 45 -1 1 0 23 24 , 12 -6 9 -3 2 9 , 17 28 -28 0 32 4 , -2 46 16 18 40 -18 , 18 -10 22 2 -18 32 , 16 -22 10 -2 10 -8 , 15 -9 6 3 0 8 , 19 -27 27 0 -55 -28 , 0.0060491381200818636 , 1
2.988883028225592 , 3 -54 -35 4 -50 -6 , 13 5 -5 0 11 6 , 9 11 22 -35 23 18 , 28 -6 6 0 10 16 , -1 35 54 -4 29 4 , 35 -3 -11 20 4 18 , 15 11 3 -20 29 7 , 44 -22 -11 35 -4 12 , 40 1 -1 0 -21 -22 , 0.0063716847609527373 , 2
2.988883028225592 , -29 -2 -18 -63 -15 6 , 12 -31 31 0 -19 12 , 0 11 -33 13 19 -23 , 30 -5 5 0 12 17 , 34 18 2 63 24 -13 , 2 19 -16 14 -9 16 , -12 16 -19 -14 32 -28 , -13 33 -11 -13 10 8 , 39 36 -36 0 7 -29 , 0.0065480907621146764 , 3
2.9905679254704793 , -32 -39 -6 -33 -59 3 , 16 -30 30 0 -16 14 , 21 -22 -8 30 -12 -1 , 26 -6 6 0 9 15 , 1 6 39 33 9 -20 , -10 19 -36 15 10 -20 , -25 36 -19 -15 16 -9 , -9 8 22 -30 7 10 , 39 36 -36 0 7 -29 , 0.0055476932931510471 , 0
2.9905679254704793 , 3 -54 -35 4 -50 -6 , 13 5 -5 0 11 6 , 9 11 22 -35 23 18 , 28 -6 6 0 10 16 , -1 35 54 -4 29 4 , 35 -3 -11 20 4 18 , 15 11 3 -20 29 7 , 44 -22 -11 35 -4 12 , 40 1 -1 0 -21 -22 , 0.0064821137570337563 , 1
2.9905679254704793 , -20 -16 -46 -18 -34 -6 , 45 -1 1 0 23 24 , 12 -6 9 -3 2 9 , 17 28 -28 0 32 4 , -2 46 16 18 40 -18 , 18 -10 22 2 -18 32 , 16 -22 10 -2 10 -8 , 15 -9 6 3 0 8 , 19 -27 27 0 -55 -28 , 0.0066988687153320776 , 2
2.9905679254704793 , -8 -42 -15 -32 -34 -1 , 19 28 -28 0 33 5 , 19 -18 6 28 -31 23 , 22 -29 29 0 -12 17 , 24 15 42 32 14 8 , -17 -26 -1 12 -12 -34 , -29 1 26 -12 -33 14 , -9 -6 18 -28 17 -13 , 40 1 -1 0 -21 -22 , 0.0067123192311396634 , 3
2.9905679254704793 , 19 -28 -42 -20 -9 3 , 37 -13 13 0 9 22 , 25 -9 1 14 -5 17 , 5 -23 23 0 -16 7 , 39 42 28 20 45 19 , -39 13 -11 -7 -2 -27 , -32 11 -13 7 -16 -15 , 11 -1 9 -14 16 4 , 39 36 -36 0 7 -29 , 0.0068785415248201302 , 4
2.9958905078211053 , 19 -28 -42 -20 -9 3 , 37 -13 13 0 9 22 , 25 -9 1 14 -5 17 , 5 -23 23 0 -16 7 , 39 42 28 20 45 19 , -39 13 -11 -7 -2 -27 , -32 11 -13 7 -16 -15 , 11 -1 9 -14 16 4 , 39 36 -36 0 7 -29 , 0.0057575580224067686 , 0
2.9958905078211053 , -7 -21 -17 -41 -28 16 , 35 3 -3 0 21 18 , -7 9 -23 24 -14 -3 , 7 -39 39 0 -28 11 , 34 17 21 41 33 -7 , 14 9 -10 -9 30 -5 , 23 10 -9 9 5 21 , -31 23 -9 -24 20 -23 , 39 36 -36 0 7 -29 , 0.0061058498344461302 , 1
2.9958905078211053 , -13 -25 -12 -52 -19 4 , 25 -25 25 0 -7 18 , -34 -5 13 -4 -27 -9 , 16 24 -24 0 28 4 , 39 12 25 52 16 6 , 34 -34 10 27 -19 15 , 7 -10 34 -27 5 15 , -30 -13 5 4 -22 -22 , 40 1 -1 0 -21 -22 , 0.0068924507822840531 , 2
2.996761426080179 , 19 -28 -42 -20 -9 3 , 37 -13 13 0 9 22 , 25 -9 1 14 -5 17 , 5 -23 23 0 -16 7 , 39 42 28 20 45 19 , -39 13 -11 -7 -2 -27 , -32 11 -13 7 -16 -15 , 11 -1 9 -14 16 4 , 39 36 -36 0 7 -29 , 0.0057903990969881526 , 0
2.996761426080179 , -7 -21 -17 -41 -28 16 , 35 3 -3 0 21 18 , -7 9 -23 24 -14 -3 , 7 -39 39 0 -28 11 , 34 17 21 41 33 -7 , 14 9 -10 -9 30 -5 , 23 10 -9 9 5 21 , -31 23 -9 -24 20 -23 , 39 36 -36 0 7 -29 , 0.0058520936507049214 , 1
2.996761426080179 , -13 -25 -12 -52 -19 4 , 25 -25 25 0 -7 18 , -34 -5 13 -4 -27 -9 , 16 24 -24 0 28 4 , 39 12 25 52 16 6 , 34 -34 10 27 -19 15 , 7 -10 34 -27 5 15 , -30 -13 5 4 -22 -22 , 40 1 -1 0 -21 -22 , 0.0068648839051581086 , 2
2.9998101249420057 , -7 -21 -17 -41 -28 16 , 35 3 -3 0 21 18 , -7 9 -23 24 -14 -3 , 7 -39 39 0 -28 11 , 34 17 21 41 33 -7 , 14 9 -10 -9 30 -5 , 23 10 -9 9 5 21 , -31 23 -9 -24 20 -23 , 39 36 -36 0 7 -29 , 0.00544056419498539 , 0
2.9998101249420057 , 19 -28 -42 -20 -9 3 , 37 -13 13 0 9 22 , 25 -9 1 14 -5 17 , 5 -23 23 0 -16 7 , 39 42 28 20 45 19 , -39 13 -11 -7 -2 -27 , -32 11 -13 7 -16 -15 , 11 -1 9 -14 16 4 , 39 36 -36 0 7 -29 , 0.0063899241783783624 , 1
3.0060309687123143 , 9 -25 -57 -21 6 -22 , 29 -25 25 0 -5 20 , 5 -7 -10 3 15 -19 , 13 -11 11 0 -2 9 , 30 57 25 21 35 31 , -41 27 -11 -16 3 -18 , -25 11 -27 16 -7 -24 , 2 10 7 -3 -9 22 , 39 36 -36 0 7 -29 , 0.0052203774733191183 , 0
3.0060309687123143 , -29 -6 -9 -66 -20 12 , 20 -29 29 0 -13 16 , 7 9 11 -21 16 12 , 22 -7 7 0 6 13 , 37 9 6 66 21 -14 , -38 24 -6 -24 12 -21 , -14 6 -24 24 -15 -12 , 28 -11 -9 21 1 7 , 39 36 -36 0 7 -29 , 0.0054330178513026534 , 1
3.009110000714916 , -29 -6 -9 -66 -20 12 , 20 -29 29 0 -13 16 , 7 9 11 -21 16 12 , 22 -7 7 0 6 13 , 37 9 6 66 21 -14 , -38 24 -6 -24 12 -21 , -14 6 -24 24 -15 -12 , 28 -11 -9 21 1 7 , 39 36 -36 0 7 -29 , 0.0049533989101406203 , 0
3.009110000714916 , -24 -21 -10 -49 -34 10 , 12 -41 41 0 -27 14 , -23 3 14 -12 -14 1 , 30 5 -5 0 20 15 , 25 10 21 49 20 -13 , 26 -36 26 13 -22 18 , 13 -26 36 -13 -8 14 , -11 -14 -3 12 -13 -17 , 39 36 -36 0 7 -29 , 0.0056125721515900206 , 1
3.009110000714916 , 9 -25 -57 -21 6 -22 , 29 -25 25 0 -5 20 , 5 -7 -10 3 15 -19 , 13 -11 11 0 -2 9 , 30 57 25 21 35 31 , -41 27 -11 -16 3 -18 , -25 11 -27 16 -7 -24 , 2 10 7 -3 -9 22 , 39 36 -36 0 7 -29 , 0.0056561949493438663 , 2
3.0091883758292224 , -29 -6 -9 -66 -20 12 , 20 -29 29 0 -13 16 , 7 9 11 -21 16 12 , 22 -7 7 0 6 13 , 37 9 6 66 21 -14 , -38 24 -6 -24 12 -21 , -14 6 -24 24 -15 -12 , 28 -11 -9 21 1 7 , 39 36 -36 0 7 -29 , 0.0049530888789855289 , 0
3.0091883758292224 , -24 -21 -10 -49 -34 10 , 12 -41 41 0 -27 14 , -23 3 14 -12 -14 1 , 30 5 -5 0 20 15 , 25 10 21 49 20 -13 , 26 -36 26 13 -22 18 , 13 -26 36 -13 -8 14 , -11 -14 -3 12 -13 -17 , 39 36 -36 0 7 -29 , 0.0055899260552939251 , 1
3.0091883758292224 , 9 -25 -57 -21 6 -22 , 29 -25 25 0 -5 20 , 5 -7 -10 3 15 -19 , 13 -11 11 0 -2 9 , 30 57 25 21 35 31 , -41 27 -11 -16 3 -18 , -25 11 -27 16 -7 -24 , 2 10 7 -3 -9 22 , 39 36 -36 0 7 -29 , 0.0056777575771402829 , 2
3.0123861065941093 , -24 -21 -10 -49 -34 10 , 12 -41 41 0 -27 14 , -23 3 14 -12 -14 1 , 30 5 -5 0 20 15 , 25 10 21 49 20 -13 , 26 -36 26 13 -22 18 , 13 -26 36 -13 -8 14 , -11 -14 -3 12 -13 -17 , 39 36 -36 0 7 -29 , 0.0051121963084980329 , 0
3.0123861065941093 , -29 -6 -9 -66 -20 12 , 20 -29 29 0 -13 16 , 7 9 11 -21 16 12 , 22 -7 7 0 6 13 , 37 9 6 66 21 -14 , -38 24 -6 -24 12 -21 , -14 6 -24 24 -15 -12 , 28 -11 -9 21 1 7 , 39 36 -36 0 7 -29 , 0.0054447969380980394 , 1
3.0163074837608077 , 7 -24 -45 -22 -10 -4 , 30 5 -5 0 20 15 , 12 -2 3 22 -30 30 , 12 -41 41 0 -27 14 , 29 45 24 22 41 14 , 11 -3 -22 15 14 -17 , -4 22 3 -15 5 17 , -10 -3 2 -22 27 -28 , 39 36 -36 0 7 -29 , 0.00548898759779311 , 0
3.0163074837608077 , -24 -21 -10 -49 -34 10 , 12 -41 41 0 -27 14 , -23 3 14 -12 -14 1 , 30 5 -5 0 20 15 , 25 10 21 49 20 -13 , 26 -36 26 13 -22 18 , 13 -26 36 -13 -8 14 , -11 -14 -3 12 -13 -17 , 39 36 -36 0 7 -29 , 0.0058157649039895266 , 1
3.0191339473695917 , 7 -24 -45 -22 -10 -4 , 30 5 -5 0 20 15 , 12 -2 3 22 -30 30 , 12 -41 41 0 -27 14 , 29 45 24 22 41 14 , 11 -3 -22 15 14 -17 , -4 22 3 -15 5 17 , -10 -3 2 -22 27 -28 , 39 36 -36 0 7 -29 , 0.005112196308498046 , 0
3.020610128545495 , 7 -24 -45 -22 -10 -4 , 30 5 -5 0 20 15 , 12 -2 3 22 -30 30 , 12 -41 41 0 -27 14 , 29 45 24 22 41 14 , 11 -3 -22 15 14 -17 , -4 22 3 -15 5 17 , -10 -3 2 -22 27 -28 , 39 36 -36 0 7 -29 , 0.0052176721535234496 , 0
3.0252846131318223 , -15 -19 -4 -53 -32 23 , 37 -13 13 0 9 22 , -17 5 -14 -1 9 -25 , 5 -23 23 0 -16 7 , 38 4 19 53 27 -13 , 42 -21 4 19 -1 19 , 23 -4 21 -19 15 20 , -16 14 -5 1 -11 4 , 39 36 -36 0 7 -29 , 0.0057575580224067356 , 0
3.0252846131318223 , -41 -43 -17 -37 -40 -27 , 16 -30 30 0 -16 14 , 2 4 -21 1 26 -25 , 26 -6 6 0 9 15 , -4 17 43 37 -10 3 , -10 19 -36 15 10 -20 , -25 36 -19 -15 16 -9 , 1 21 -4 -1 -4 22 , 39 36 -36 0 7 -29 , 0.0058362103420691955 , 1
3.0252846131318223 , 7 -24 -45 -22 -10 -4 , 30 5 -5 0 20 15 , 12 -2 3 22 -30 30 , 12 -41 41 0 -27 14 , 29 45 24 22 41 14 , 11 -3 -22 15 14 -17 , -4 22 3 -15 5 17 , -10 -3 2 -22 27 -28 , 39 36 -36 0 7 -29 , 0.0067119159163048919 , 2
3.0287551834645536 , -41 -43 -17 -37 -40 -27 , 16 -30 30 0 -16 14 , 2 4 -21 1 26 -25 , 26 -6 6 0 9 15 , -4 17 43 37 -10 3 , -10 19 -36 15 10 -20 , -25 36 -19 -15 16 -9 , 1 21 -4 -1 -4 22 , 39 36 -36 0 7 -29 , 0.0052951815075831001 , 0
3.0287551834645536 , -14 -47 -34 -23 -22 -30 , 34 1 -1 0 19 18 , 20 -3 1 21 -21 29 , 8 -37 37 0 -26 11 , 9 34 47 23 4 25 , 26 -7 -4 2 20 0 , 24 4 7 -2 4 27 , -1 -1 3 -21 28 -18 , 39 36 -36 0 7 -29 , 0.0061509030892197792 , 1
3.0287551834645536 , -15 -19 -4 -53 -32 23 , 37 -13 13 0 9 22 , -17 5 -14 -1 9 -25 , 5 -23 23 0 -16 7 , 38 4 19 53 27 -13 , 42 -21 4 19 -1 19 , 23 -4 21 -19 15 20 , -16 14 -5 1 -11 4 , 39 36 -36 0 7 -29 , 0.0062587435356909671 , 2
3.031514526060978 , -41 -43 -17 -37 -40 -27 , 16 -30 30 0 -16 14 , 2 4 -21 1 26 -25 , 26 -6 6 0 9 15 , -4 17 43 37 -10 3 , -10 19 -36 15 10 -20 , -25 36 -19 -15 16 -9 , 1 21 -4 -1 -4 22 , 39 36 -36 0 7 -29 , 0.005643218706116203 , 0
3.031514526060978 , -14 -47 -34 -23 -22 -30 , 34 1 -1 0 19 18 , 20 -3 1 21 -21 29 , 8 -37 37 0 -26 11 , 9 34 47 23 4 25 , 26 -7 -4 2 20 0 , 24 4 7 -2 4 27 , -1 -1 3 -21 28 -18 , 39 36 -36 0 7 -29 , 0.0058332361811371594 , 1
3.040539247513085 , -19 -26 -30 -40 -15 -15 , 49 -5 5 0 22 27 , 4 1 -6 15 -13 9 , -7 -31 31 0 -29 2 , 21 30 26 40 15 11 , 35 -6 18 -1 -1 37 , 36 -18 6 1 19 5 , -11 6 -1 -15 15 -14 , 39 36 -36 0 7 -29 , 0.0049766157239035875 , 0
3.040539247513085 , 3 -47 -44 -16 -10 -29 , 37 -13 13 0 9 22 , -4 -16 14 -9 1 -11 , 5 -23 23 0 -16 7 , 19 44 47 16 15 37 , -33 35 -9 -17 2 -1 , -16 9 -35 17 8 -33 , 5 -14 16 9 -25 17 , 39 36 -36 0 7 -29 , 0.0059572666645713339 , 1
3.0412001230605887 , -19 -26 -30 -40 -15 -15 , 49 -5 5 0 22 27 , 4 1 -6 15 -13 9 , -7 -31 31 0 -29 2 , 21 30 26 40 15 11 , 35 -6 18 -1 -1 37 , 36 -18 6 1 19 5 , -11 6 -1 -15 15 -14 , 39 36 -36 0 7 -29 , 0.0049546267761837251 , 0
3.0412001230605887 , 3 -47 -44 -16 -10 -29 , 37 -13 13 0 9 22 , -4 -16 14 -9 1 -11 , 5 -23 23 0 -16 7 , 19 44 47 16 15 37 , -33 35 -9 -17 2 -1 , -16 9 -35 17 8 -33 , 5 -14 16 9 -25 17 , 39 36 -36 0 7 -29 , 0.0058547289944543123 , 1
3.042702376808277 , -19 -26 -30 -40 -15 -15 , 49 -5 5 0 22 27 , 4 1 -6 15 -13 9 , -7 -31 31 0 -29 2 , 21 30 26 40 15 11 , 35 -6 18 -1 -1 37 , 36 -18 6 1 19 5 , -11 6 -1 -15 15 -14 , 39 36 -36 0 7 -29 , 0.0050672187770754249 , 0
3.042702376808277 , 3 -47 -44 -16 -10 -29 , 37 -13 13 0 9 22 , -4 -16 14 -9 1 -11 , 5 -23 23 0 -16 7 , 19 44 47 16 15 37 , -33 35 -9 -17 2 -1 , -16 9 -35 17 8 -33 , 5 -14 16 9 -25 17 , 39 36 -36 0 7 -29 , 0.0057575580224067278 , 1
3.0477620211155 , -7 -10 -34 -43 -7 4 , 30 5 -5 0 20 15 , 28 -10 -3 30 -22 27 , 12 -41 41 0 -27 14 , 36 34 10 43 38 3 , -14 -3 23 -13 -17 11 , -1 -23 3 13 -12 -14 , -2 3 10 -30 30 -12 , 39 36 -36 0 7 -29 , 0.005170078618941901 , 0
3.0477620211155 , 6 -45 -43 -6 -26 -13 , 34 1 -1 0 19 18 , 20 -6 -11 31 -19 17 , 8 -37 37 0 -26 11 , 12 43 45 6 30 19 , -24 -4 -7 2 -4 -27 , -26 7 4 -2 -20 0 , -11 11 6 -31 28 -13 , 39 36 -36 0 7 -29 , 0.0060397321298473541 , 1
3.048853042570508 , -7 -10 -34 -43 -7 4 , 30 5 -5 0 20 15 , 28 -10 -3 30 -22 27 , 12 -41 41 0 -27 14 , 36 34 10 43 38 3 , -14 -3 23 -13 -17 11 , -1 -23 3 13 -12 -14 , -2 3 10 -30 30 -12 , 39 36 -36 0 7 -29 , 0.0051121963084980147 , 0
3.048853042570508 , 6 -45 -43 -6 -26 -13 , 34 1 -1 0 19 18 , 20 -6 -11 31 -19 17 , 8 -37 37 0 -26 11 , 12 43 45 6 30 19 , -24 -4 -7 2 -4 -27 , -26 7 4 -2 -20 0 , -11 11 6 -31 28 -13 , 39 36 -36 0 7 -29 , 0.0058870710109820727 , 1
3.0499763984290853 , -7 -10 -34 -43 -7 4 , 30 5 -5 0 20 15 , 28 -10 -3 30 -22 27 , 12 -41 41 0 -27 14 , 36 34 10 43 38 3 , -14 -3 23 -13 -17 11 , -1 -23 3 13 -12 -14 , -2 3 10 -30 30 -12 , 39 36 -36 0 7 -29 , 0.0051735397055540635 , 0
3.0499763984290853 , 6 -45 -43 -6 -26 -13 , 34 1 -1 0 19 18 , 20 -6 -11 31 -19 17 , 8 -37 37 0 -26 11 , 12 43 45 6 30 19 , -24 -4 -7 2 -4 -27 , -26 7 4 -2 -20 0 , -11 11 6 -31 28 -13 , 39 36 -36 0 7 -29 , 0.0058332361811371395 , 1
3.0499763984290853 , -32 -42 6 -45 -54 7 , 14 -19 19 0 -8 11 , 0 -7 -8 -8 27 -30 , 28 -17 17 0 1 18 , 13 -6 42 45 1 -12 , 22 -5 -15 27 -7 9 , -5 15 5 -27 24 -2 , 8 8 7 8 -22 34 , 39 36 -36 0 7 -29 , 0.0059712818651956514 , 2
3.054315870047211 , -32 -42 6 -45 -54 7 , 14 -19 19 0 -8 11 , 0 -7 -8 -8 27 -30 , 28 -17 17 0 1 18 , 13 -6 42 45 1 -12 , 22 -5 -15 27 -7 9 , -5 15 5 -27 24 -2 , 8 8 7 8 -22 34 , 39 36 -36 0 7 -29 , 0.0051225713015232302 , 0
3.054315870047211 , -6 -46 -40 -15 -22 -25 , 30 5 -5 0 20 15 , 22 -18 26 -14 8 13 , 12 -41 41 0 -27 14 , 9 40 46 15 15 24 , 11 -3 -22 15 14 -17 , -4 22 3 -15 5 17 , 36 -26 18 14 -13 26 , 39 36 -36 0 7 -29 , 0.0051923191152639901 , 1
3.0556008833459902 , -6 -46 -40 -15 -22 -25 , 30 5 -5 0 20 15 , 22 -18 26 -14 8 13 , 12 -41 41 0 -27 14 , 9 40 46 15 15 24 , 11 -3 -22 15 14 -17 , -4 22 3 -15 5 17 , 36 -26 18 14 -13 26 , 39 36 -36 0 7 -29 , 0.0051121963084980191 , 0
3.0556008833459902 , -32 -42 6 -45 -54 7 , 14 -19 19 0 -8 11 , 0 -7 -8 -8 27 -30 , 28 -17 17 0 1 18 , 13 -6 42 45 1 -12 , 22 -5 -15 27 -7 9 , -5 15 5 -27 24 -2 , 8 8 7 8 -22 34 , 39 36 -36 0 7 -29 , 0.0052025343262092098 , 1
3.060097028214824 , -6 -46 -40 -15 -22 -25 , 30 5 -5 0 20 15 , 22 -18 26 -14 8 13 , 12 -41 41 0 -27 14 , 9 40 46 15 15 24 , 11 -3 -22 15 14 -17 , -4 22 3 -15 5 17 , 36 -26 18 14 -13 26 , 39 36 -36 0 7 -29 , 0.0060201471025821572 , 0
3.060097028214824 , -32 -42 6 -45 -54 7 , 14 -19 19 0 -8 11 , 0 -7 -8 -8 27 -30 , 28 -17 17 0 1 18 , 13 -6 42 45 1 -12 , 22 -5 -15 27 -7 9 , -5 15 5 -27 24 -2 , 8 8 7 8 -22 34 , 39 36 -36 0 7 -29 , 0.0065537440903595239 , 1
3.060097028214824 , -25 1 -50 -48 7 -20 , 31 3 -3 0 19 16 , -21 4 -19 4 6 -31 , 10 -4 4 0 2 6 , 23 50 -1 48 30 6 , -5 46 -22 -11 19 15 , 6 22 -46 11 37 -27 , -25 19 -4 -4 -12 2 , 40 1 -1 0 -21 -22 , 0.0066633896897624594 , 2
3.066612599665267 , -3 -34 -42 -26 -7 -21 , 35 3 -3 0 21 18 , 24 -22 5 29 -27 20 , 7 -39 39 0 -28 11 , 23 42 34 26 21 27 , -14 -5 30 -23 -10 9 , 9 -30 5 23 -21 -5 , -5 -5 22 -29 15 -5 , 39 36 -36 0 7 -29 , 0.0055518642284763577 , 0
3.066612599665267 , -27 -7 -13 -49 -38 24 , 27 -19 19 0 -1 18 , -3 -7 -7 -4 18 -26 , 15 -17 17 0 -6 11 , 22 13 7 49 37 -31 , 29 -12 13 -7 15 12 , 36 -13 12 7 -1 27 , 1 7 7 4 -19 25 , 39 36 -36 0 7 -29 , 0.0063824627671920158 , 1
3.066612599665267 , -18 -49 -23 -27 -31 -21 , 7 -39 39 0 -28 11 , -30 9 5 -9 -14 -5 , 35 3 -3 0 21 18 , 9 23 49 27 2 18 , 21 -19 21 13 -27 31 , 8 -21 19 -13 10 -8 , -21 -5 -9 9 -10 -23 , 39 36 -36 0 7 -29 , 0.006485297707555516 , 2
3.0681768649980943 , -3 -34 -42 -26 -7 -21 , 35 3 -3 0 21 18 , 24 -22 5 29 -27 20 , 7 -39 39 0 -28 11 , 23 42 34 26 21 27 , -14 -5 30 -23 -10 9 , 9 -30 5 23 -21 -5 , -5 -5 22 -29 15 -5 , 39 36 -36 0 7 -29 , 0.0054405641949853492 , 0
3.0681768649980943 , -18 -49 -23 -27 -31 -21 , 7 -39 39 0 -28 11 , -30 9 5 -9 -14 -5 , 35 3 -3 0 21 18 , 9 23 49 27 2 18 , 21 -19 21 13 -27 31 , 8 -21 19 -13 10 -8 , -21 -5 -9 9 -10 -23 , 39 36 -36 0 7 -29 , 0.0059560025112857752 , 1
3.0681768649980943 , -4 -39 -23 -21 -38 6 , 12 35 -35 0 35 0 , 15 -25 26 8 -26 22 , 50 -8 8 0 20 28 , 17 23 39 21 29 1 , -12 2 1 0 -9 -2 , -12 -1 -2 0 -3 -11 , 7 -26 25 -8 -4 -1 , 19 -27 27 0 -55 -28 , 0.0063579845926259549 , 2
3.0681768649980943 , -27 -7 -13 -49 -38 24 , 27 -19 19 0 -1 18 , -3 -7 -7 -4 18 -26 , 15 -17 17 0 -6 11 , 22 13 7 49 37 -31 , 29 -12 13 -7 15 12 , 36 -13 12 7 -1 27 , 1 7 7 4 -19 25 , 39 36 -36 0 7 -29 , 0.0064775987233016948 , 3
3.071604474674727 , -4 -39 -23 -21 -38 6 , 12 35 -35 0 35 0 , 15 -25 26 8 -26 22 , 50 -8 8 0 20 28 , 17 23 39 21 29 1 , -12 2 1 0 -9 -2 , -12 -1 -2 0 -3 -11 , 7 -26 25 -8 -4 -1 , 19 -27 27 0 -55 -28 , 0.0048220579378843919 , 0
3.071604474674727 , -18 -49 -23 -27 -31 -21 , 7 -39 39 0 -28 11 , -30 9 5 -9 -14 -5 , 35 3 -3 0 21 18 , 9 23 49 27 2 18 , 21 -19 21 13 -27 31 , 8 -21 19 -13 10 -8 , -21 -5 -9 9 -10 -23 , 39 36 -36 0 7 -29 , 0.005440564194985233 , 1
3.071604474674727 , -3 -34 -42 -26 -7 -21 , 35 3 -3 0 21 18 , 24 -22 5 29 -27 20 , 7 -39 39 0 -28 11 , 23 42 34 26 21 27 , -14 -5 30 -23 -10 9 , 9 -30 5 23 -21 -5 , -5 -5 22 -29 15 -5 , 39 36 -36 0 7 -29 , 0.0059560025112855202 , 2
3.0749005166599805 , -4 -39 -23 -21 -38 6 , 12 35 -35 0 35 0 , 15 -25 26 8 -26 22 , 50 -8 8 0 20 28 , 17 23 39 21 29 1 , -12 2 1 0 -9 -2 , -12 -1 -2 0 -3 -11 , 7 -26 25 -8 -4 -1 , 19 -27 27 0 -55 -28 , 0.0042214114588285242 , 0
3.0767533010899832 , -4 -39 -23 -21 -38 6 , 12 35 -35 0 35 0 , 15 -25 26 8 -26 22 , 50 -8 8 0 20 28 , 17 23 39 21 29 1 , -12 2 1 0 -9 -2 , -12 -1 -2 0 -3 -11 , 7 -26 25 -8 -4 -1 , 19 -27 27 0 -55 -28 , 0.0044200355484603241 , 0
3.0767533010899832 , -17 8 -37 -53 -2 9 , 28 -17 17 0 1 18 , -24 2 -5 -9 7 -27 , 14 -19 19 0 -8 11 , 36 37 -8 53 46 -10 , -8 27 -30 -8 34 -22 , 0 30 -27 8 8 7 , -15 5 -2 9 -22 5 , 39 36 -36 0 7 -29 , 0.005122571301523323 , 1
3.0767533010899832 , -30 -31 -8 -44 -41 3 , 30 5 -5 0 20 15 , 26 -13 14 18 -26 36 , 12 -41 41 0 -27 14 , 14 8 31 44 11 -10 , -17 14 15 -22 -3 11 , 5 -15 -14 22 -4 -17 , 8 -14 13 -18 22 -13 , 39 36 -36 0 7 -29 , 0.0051977628101676663 , 2
3.078081600924486 , -4 -39 -23 -21 -38 6 , 12 35 -35 0 35 0 , 15 -25 26 8 -26 22 , 50 -8 8 0 20 28 , 17 23 39 21 29 1 , -12 2 1 0 -9 -2 , -12 -1 -2 0 -3 -11 , 7 -26 25 -8 -4 -1 , 19 -27 27 0 -55 -28 , 0.0047832986793589563 , 0
3.078081600924486 , -30 -31 -8 -44 -41 3 , 30 5 -5 0 20 15 , 26 -13 14 18 -26 36 , 12 -41 41 0 -27 14 , 14 8 31 44 11 -10 , -17 14 15 -22 -3 11 , 5 -15 -14 22 -4 -17 , 8 -14 13 -18 22 -13 , 39 36 -36 0 7 -29 , 0.0051121963084979445 , 1
3.078081600924486 , -17 8 -37 -53 -2 9 , 28 -17 17 0 1 18 , -24 2 -5 -9 7 -27 , 14 -19 19 0 -8 11 , 36 37 -8 53 46 -10 , -8 27 -30 -8 34 -22 , 0 30 -27 8 8 7 , -15 5 -2 9 -22 5 , 39 36 -36 0 7 -29 , 0.0052079673433990444 , 2
3.080668386974544 , -30 -31 -8 -44 -41 3 , 30 5 -5 0 20 15 , 26 -13 14 18 -26 36 , 12 -41 41 0 -27 14 , 14 8 31 44 11 -10 , -17 14 15 -22 -3 11 , 5 -15 -14 22 -4 -17 , 8 -14 13 -18 22 -13 , 39 36 -36 0 7 -29 , 0.0054295736540506331 , 0
3.080668386974544 , -32 -10 -50 -30 -18 -20 , 45 -1 1 0 23 24 , -15 9 -6 -3 0 -8 , 17 28 -28 0 32 4 , -2 50 10 30 30 -8 , -26 30 -12 -14 8 -6 , -12 12 -30 14 6 -22 , -12 6 -9 3 -2 -9 , 19 -27 27 0 -55 -28 , 0.0056074209685841531 , 1
3.080668386974544 , -5 -15 -55 -21 -8 -11 , 40 -4 4 0 18 22 , 10 -14 7 20 -27 17 , 2 -32 32 0 -25 7 , 16 55 15 21 44 7 , 21 14 -9 13 -4 29 , 8 9 -14 -13 38 -18 , -10 -7 14 -20 10 -13 , 39 36 -36 0 7 -29 , 0.0056865440715744581 , 2
3.080668386974544 , -17 8 -37 -53 -2 9 , 28 -17 17 0 1 18 , -24 2 -5 -9 7 -27 , 14 -19 19 0 -8 11 , 36 37 -8 53 46 -10 , -8 27 -30 -8 34 -22 , 0 30 -27 8 8 7 , -15 5 -2 9 -22 5 , 39 36 -36 0 7 -29 , 0.0058227704968358196 , 3
3.080668386974544 , -4 -39 -23 -21 -38 6 , 12 35 -35 0 35 0 , 15 -25 26 8 -26 22 , 50 -8 8 0 20 28 , 17 23 39 21 29 1 , -12 2 1 0 -9 -2 , -12 -1 -2 0 -3 -11 , 7 -26 25 -8 -4 -1 , 19 -27 27 0 -55 -28 , 0.0058697883082352176 , 4
3.0831774368675027 , -5 -15 -55 -21 -8 -11 , 40 -4 4 0 18 22 , 10 -14 7 20 -27 17 , 2 -32 32 0 -25 7 , 16 55 15 21 44 7 , 21 14 -9 13 -4 29 , 8 9 -14 -13 38 -18 , -10 -7 14 -20 10 -13 , 39 36 -36 0 7 -29 , 0.0050918864880273524 , 0
3.0831774368675027 , -32 -10 -50 -30 -18 -20 , 45 -1 1 0 23 24 , -15 9 -6 -3 0 -8 , 17 28 -28 0 32 4 , -2 50 10 30 30 -8 , -26 30 -12 -14 8 -6 , -12 12 -30 14 6 -22 , -12 6 -9 3 -2 -9 , 19 -27 27 0 -55 -28 , 0.0053193536076352492 , 1
3.0831774368675027 , -30 -31 -8 -44 -41 3 , 30 5 -5 0 20 15 , 26 -13 14 18 -26 36 , 12 -41 41 0 -27 14 , 14 8 31 44 11 -10 , -17 14 15 -22 -3 11 , 5 -15 -14 22 -4 -17 , 8 -14 13 -18 22 -13 , 39 36 -36 0 7 -29 , 0.0062544600914998683 , 2
3.084477463820535 , -5 -15 -55 -21 -8 -11 , 40 -4 4 0 18 22 , 10 -14 7 20 -27 17 , 2 -32 32 0 -25 7 , 16 55 15 21 44 7 , 21 14 -9 13 -4 29 , 8 9 -14 -13 38 -18 , -10 -7 14 -20 10 -13 , 39 36 -36 0 7 -29 , 0.0050082208123127976 , 0
3.084477463820535 , -32 -10 -50 -30 -18 -20 , 45 -1 1 0 23 24 , -15 9 -6 -3 0 -8 , 17 28 -28 0 32 4 , -2 50 10 30 30 -8 , -26 30 -12 -14 8 -6 , -12 12 -30 14 6 -22 , -12 6 -9 3 -2 -9 , 19 -27 27 0 -55 -28 , 0.0053981990458779362 , 1
3.086517498931224 , -5 -15 -55 -21 -8 -11 , 40 -4 4 0 18 22 , 10 -14 7 20 -27 17 , 2 -32 32 0 -25 7 , 16 55 15 21 44 7 , 21 14 -9 13 -4 29 , 8 9 -14 -13 38 -18 , -10 -7 14 -20 10 -13 , 39 36 -36 0 7 -29 , 0.0052118269813763744 , 0
3.086517498931224 , -32 -10 -50 -30 -18 -20 , 45 -1 1 0 23 24 , -15 9 -6 -3 0 -8 , 17 28 -28 0 32 4 , -2 50 10 30 30 -8 , -26 30 -12 -14 8 -6 , -12 12 -30 14 6 -22 , -12 6 -9 3 -2 -9 , 19 -27 27 0 -55 -28 , 0.0058200942114822784 , 1
3.086517498931224 , -19 -62 -20 -20 -39 -27 , 27 -9 9 0 7 16 , -27 9 -15 -8 13 -33 , 15 -27 27 0 -14 13 , 1 20 62 20 -7 23 , -1 -19 13 17 -34 11 , -18 -13 19 -17 -2 -15 , -19 15 -9 8 -18 4 , 39 36 -36 0 7 -29 , 0.0059293115973123173 , 2
3.086517498931224 , -3 -28 -58 -19 1 -30 , 12 -31 31 0 -19 12 , 33 -13 -8 23 0 11 , 30 -5 5 0 12 17 , 16 58 28 19 28 29 , 14 -32 28 2 -16 9 , 12 -28 32 -2 -19 16 , 10 8 13 -23 19 13 , 39 36 -36 0 7 -29 , 0.006197068963989855 , 3
3.090920548234988 , -19 -62 -20 -20 -39 -27 , 27 -9 9 0 7 16 , -27 9 -15 -8 13 -33 , 15 -27 27 0 -14 13 , 1 20 62 20 -7 23 , -1 -19 13 17 -34 11 , -18 -13 19 -17 -2 -15 , -19 15 -9 8 -18 4 , 39 36 -36 0 7 -29 , 0.0050461223061359752 , 0
3.090920548234988 , -18 -39 -53 -11 -20 -37 , 36 -10 10 0 11 21 , -16 13 8 -28 17 -7 , 6 -26 26 0 -18 8 , -7 53 39 11 16 19 , -4 25 -12 -25 39 -12 , 21 12 -25 25 0 14 , 12 -8 -13 28 -15 4 , 39 36 -36 0 7 -29 , 0.0050968423218902478 , 1
3.090920548234988 , 0 -33 -60 -15 2 -34 , 18 -13 13 0 -1 12 , -23 11 -27 3 14 -36 , 24 -23 23 0 -6 17 , 15 60 33 15 26 35 , -20 14 0 -2 -15 6 , -18 0 -14 2 6 -29 , -26 27 -11 -3 -9 3 , 39 36 -36 0 7 -29 , 0.0059056124284655271 , 2
3.092614949152488 , -18 -39 -53 -11 -20 -37 , 36 -10 10 0 11 21 , -16 13 8 -28 17 -7 , 6 -26 26 0 -18 8 , -7 53 39 11 16 19 , -4 25 -12 -25 39 -12 , 21 12 -25 25 0 14 , 12 -8 -13 28 -15 4 , 39 36 -36 0 7 -29 , 0.0049540194701869402 , 0
3.092614949152488 , -19 -62 -20 -20 -39 -27 , 27 -9 9 0 7 16 , -27 9 -15 -8 13 -33 , 15 -27 27 0 -14 13 , 1 20 62 20 -7 23 , -1 -19 13 17 -34 11 , -18 -13 19 -17 -2 -15 , -19 15 -9 8 -18 4 , 39 36 -36 0 7 -29 , 0.005186409426680692 , 1
3.092614949152488 , 0 -33 -60 -15 2 -34 , 18 -13 13 0 -1 12 , -23 11 -27 3 14 -36 , 24 -23 23 0 -6 17 , 15 60 33 15 26 35 , -20 14 0 -2 -15 6 , -18 0 -14 2 6 -29 , -26 27 -11 -3 -9 3 , 39 36 -36 0 7 -29 , 0.0053638624638128705 , 2
3.092614949152488 , -9 -54 -43 1 -39 -25 , 26 -6 6 0 9 15 , -19 10 -20 -9 25 -36 , 16 -30 30 0 -16 14 , -10 43 54 -1 18 15 , -7 -23 18 -5 -8 -12 , -2 -18 23 5 -30 15 , -10 20 -10 9 -16 15 , 39 36 -36 0 7 -29 , 0.0061255691180910187 , 3
3.0953709458128857 , 0 -33 -60 -15 2 -34 , 18 -13 13 0 -1 12 , -23 11 -27 3 14 -36 , 24 -23 23 0 -6 17 , 15 60 33 15 26 35 , -20 14 0 -2 -15 6 , -18 0 -14 2 6 -29 , -26 27 -11 -3 -9 3 , 39 36 -36 0 7 -29 , 0.0049973267253671169 , 0
3.0953709458128857 , -18 -39 -53 -11 -20 -37 , 36 -10 10 0 11 21 , -16 13 8 -28 17 -7 , 6 -26 26 0 -18 8 , -7 53 39 11 16 19 , -4 25 -12 -25 39 -12 , 21 12 -25 25 0 14 , 12 -8 -13 28 -15 4 , 39 36 -36 0 7 -29 , 0.0053235378697625239 , 1
3.0953709458128857 , -9 -54 -43 1 -39 -25 , 26 -6 6 0 9 15 , -19 10 -20 -9 25 -36 , 16 -30 30 0 -16 14 , -10 43 54 -1 18 15 , -7 -23 18 -5 -8 -12 , -2 -18 23 5 -30 15 , -10 20 -10 9 -16 15 , 39 36 -36 0 7 -29 , 0.0054145726557707713 , 2
3.0953709458128857 , -19 -62 -20 -20 -39 -27 , 27 -9 9 0 7 16 , -27 9 -15 -8 13 -33 , 15 -27 27 0 -14 13 , 1 20 62 20 -7 23 , -1 -19 13 17 -34 11 , -18 -13 19 -17 -2 -15 , -19 15 -9 8 -18 4 , 39 36 -36 0 7 -29 , 0.00594695996878638 , 3
3.0969701049396923 , 0 -33 -60 -15 2 -34 , 18 -13 13 0 -1 12 , -23 11 -27 3 14 -36 , 24 -23 23 0 -6 17 , 15 60 33 15 26 35 , -20 14 0 -2 -15 6 , -18 0 -14 2 6 -29 , -26 27 -11 -3 -9 3 , 39 36 -36 0 7 -29 , 0.0051236632623953881 , 0
3.0969701049396923 , -9 -54 -43 1 -39 -25 , 26 -6 6 0 9 15 , -19 10 -20 -9 25 -36 , 16 -30 30 0 -16 14 , -10 43 54 -1 18 15 , -7 -23 18 -5 -8 -12 , -2 -18 23 5 -30 15 , -10 20 -10 9 -16 15 , 39 36 -36 0 7 -29 , 0.0052951815075832293 , 1
3.0969701049396923 , -18 -39 -53 -11 -20 -37 , 36 -10 10 0 11 21 , -16 13 8 -28 17 -7 , 6 -26 26 0 -18 8 , -7 53 39 11 16 19 , -4 25 -12 -25 39 -12 , 21 12 -25 25 0 14 , 12 -8 -13 28 -15 4 , 39 36 -36 0 7 -29 , 0.0058331781237589359 , 2
3.0969701049396923 , -15 -3 -31 -43 -18 15 , 30 0 0 0 16 16 , 34 -18 11 18 -15 29 , 12 -36 36 0 -23 13 , 28 31 3 43 46 -15 , -9 2 17 -3 -24 21 , -6 -17 -2 3 4 -26 , 16 -11 18 -18 18 3 , 39 36 -36 0 7 -29 , 0.0058970758512516741 , 3
3.0969701049396923 , -27 -10 -5 -65 -22 17 , 32 -21 21 0 0 21 , 16 7 -8 10 0 16 , 10 -15 15 0 -7 8 , 38 5 10 65 22 -12 , 2 -11 39 -29 -1 17 , 31 -39 11 29 -22 10 , 6 8 -7 -10 24 -7 , 39 36 -36 0 7 -29 , 0.0062865815300399436 , 4
3.1003604300878305 , -15 -3 -31 -43 -18 15 , 30 0 0 0 16 16 , 34 -18 11 18 -15 29 , 12 -36 36 0 -23 13 , 28 31 3 43 46 -15 , -9 2 17 -3 -24 21 , -6 -17 -2 3 4 -26 , 16 -11 18 -18 18 3 , 39 36 -36 0 7 -29 , 0.0051337026113587791 , 0
3.1003604300878305 , -27 -10 -5 -65 -22 17 , 32 -21 21 0 0 21 , 16 7 -8 10 0 16 , 10 -15 15 0 -7 8 , 38 5 10 65 22 -12 , 2 -11 39 -29 -1 17 , 31 -39 11 29 -22 10 , 6 8 -7 -10 24 -7 , 39 36 -36 0 7 -29 , 0.0058115391512887872 , 1
3.1003604300878305 , -9 -54 -43 1 -39 -25 , 26 -6 6 0 9 15 , -19 10 -20 -9 25 -36 , 16 -30 30 0 -16 14 , -10 43 54 -1 18 15 , -7 -23 18 -5 -8 -12 , -2 -18 23 5 -30 15 , -10 20 -10 9 -16 15 , 39 36 -36 0 7 -29 , 0.0058125790717338281 , 2
3.1003604300878305 , 0 -33 -60 -15 2 -34 , 18 -13 13 0 -1 12 , -23 11 -27 3 14 -36 , 24 -23 23 0 -6 17 , 15 60 33 15 26 35 , -20 14 0 -2 -15 6 , -18 0 -14 2 6 -29 , -26 27 -11 -3 -9 3 , 39 36 -36 0 7 -29 , 0.0061172465265743152 , 3
3.1011489919066677 , -15 -3 -31 -43 -18 15 , 30 0 0 0 16 16 , 34 -18 11 18 -15 29 , 12 -36 36 0 -23 13 , 28 31 3 43 46 -15 , -9 2 17 -3 -24 21 , -6 -17 -2 3 4 -26 , 16 -11 18 -18 18 3 , 39 36 -36 0 7 -29 , 0.0051033311381640497 , 0
3.1011489919066677 , -27 -10 -5 -65 -22 17 , 32 -21 21 0 0 21 , 16 7 -8 10 0 16 , 10 -15 15 0 -7 8 , 38 5 10 65 22 -12 , 2 -11 39 -29 -1 17 , 31 -39 11 29 -22 10 , 6 8 -7 -10 24 -7 , 39 36 -36 0 7 -29 , 0.0058382275137438136 , 1
3.1011489919066677 , -9 -54 -43 1 -39 -25 , 26 -6 6 0 9 15 , -19 10 -20 -9 25 -36 , 16 -30 30 0 -16 14 , -10 43 54 -1 18 15 , -7 -23 18 -5 -8 -12 , -2 -18 23 5 -30 15 , -10 20 -10 9 -16 15 , 39 36 -36 0 7 -29 , 0.0060638649171249346 , 2
3.1028334260868857 , -15 -3 -31 -43 -18 15 , 30 0 0 0 16 16 , 34 -18 11 18 -15 29 , 12 -36 36 0 -23 13 , 28 31 3 43 46 -15 , -9 2 17 -3 -24 21 , -6 -17 -2 3 4 -26 , 16 -11 18 -18 18 3 , 39 36 -36 0 7 -29 , 0.0052404811791655946 , 0
3.1028334260868857 , -27 -10 -5 -65 -22 17 , 32 -21 21 0 0 21 , 16 7 -8 10 0 16 , 10 -15 15 0 -7 8 , 38 5 10 65 22 -12 , 2 -11 39 -29 -1 17 , 31 -39 11 29 -22 10 , 6 8 -7 -10 24 -7 , 39 36 -36 0 7 -29 , 0.0060689228930024923 , 1
3.104164756217174 , -15 -3 -31 -43 -18 15 , 30 0 0 0 16 16 , 34 -18 11 18 -15 29 , 12 -36 36 0 -23 13 , 28 31 3 43 46 -15 , -9 2 17 -3 -24 21 , -6 -17 -2 3 4 -26 , 16 -11 18 -18 18 3 , 39 36 -36 0 7 -29 , 0.005530948324582668 , 0
3.104164756217174 , -27 -10 -5 -65 -22 17 , 32 -21 21 0 0 21 , 16 7 -8 10 0 16 , 10 -15 15 0 -7 8 , 38 5 10 65 22 -12 , 2 -11 39 -29 -1 17 , 31 -39 11 29 -22 10 , 6 8 -7 -10 24 -7 , 39 36 -36 0 7 -29 , 0.0064039358885367038 , 1
3.104164756217174 , -14 -35 -15 -41 -25 -1 , -3 -35 35 0 -30 5 , 16 1 26 -23 8 27 , 45 -1 1 0 23 24 , 27 15 35 41 14 10 , -21 21 -17 -6 10 -15 , -15 17 -21 6 2 -11 , 39 -26 -1 23 1 7 , 39 36 -36 0 7 -29 , 0.0065081286198848936 , 2
3.104164756217174 , 0 -37 -22 -28 -27 6 , 22 -29 29 0 -12 17 , 12 -12 -34 29 14 -33 , 19 28 -28 0 33 5 , 28 22 37 28 28 10 , 19 -23 31 -9 -6 18 , 28 -31 23 9 -13 17 , -17 34 12 -29 1 26 , 40 1 -1 0 -21 -22 , 0.0067780117951503557 , 3
3.109831311371806 , -46 -35 -21 -33 -46 -19 , 26 -6 6 0 9 15 , -13 32 -32 -1 21 -14 , 16 -30 30 0 -16 14 , -13 21 35 33 2 -11 , 1 26 -25 -1 22 -4 , 2 25 -26 1 21 -4 , -12 32 -32 1 18 -11 , 39 36 -36 0 7 -29 , 0.0060234383991581873 , 0
3.109831311371806 , -42 0 -27 -64 -7 -10 , 13 5 -5 0 11 6 , -44 22 11 -35 4 -12 , 28 -6 6 0 10 16 , 22 27 0 64 17 -7 , -20 -4 -18 15 -7 -29 , -35 18 4 -15 -11 -3 , -9 -11 -22 35 -23 -18 , 40 1 -1 0 -21 -22 , 0.0063716847609526263 , 1
3.109831311371806 , 3 -36 -45 -18 -10 -16 , 30 5 -5 0 20 15 , 28 -10 -3 30 -22 27 , 12 -41 41 0 -27 14 , 21 45 36 18 29 26 , -8 -19 3 7 -9 -18 , -15 -3 19 -7 -21 10 , -2 3 10 -30 30 -12 , 39 36 -36 0 7 -29 , 0.0066776459252429398 , 2
3.113891581876159 , -46 -35 -21 -33 -46 -19 , 26 -6 6 0 9 15 , -13 32 -32 -1 21 -14 , 16 -30 30 0 -16 14 , -13 21 35 33 2 -11 , 1 26 -25 -1 22 -4 , 2 25 -26 1 21 -4 , -12 32 -32 1 18 -11 , 39 36 -36 0 7 -29 , 0.0052951815075831668 , 0
3.113891581876159 , 3 -36 -45 -18 -10 -16 , 30 5 -5 0 20 15 , 28 -10 -3 30 -22 27 , 12 -41 41 0 -27 14 , 21 45 36 18 29 26 , -8 -19 3 7 -9 -18 , -15 -3 19 -7 -21 10 , -2 3 10 -30 30 -12 , 39 36 -36 0 7 -29 , 0.0053071017044996364 , 1
3.115906915405855 , 3 -36 -45 -18 -10 -16 , 30 5 -5 0 20 15 , 28 -10 -3 30 -22 27 , 12 -41 41 0 -27 14 , 21 45 36 18 29 26 , -8 -19 3 7 -9 -18 , -15 -3 19 -7 -21 10 , -2 3 10 -30 30 -12 , 39 36 -36 0 7 -29 , 0.0051121963084980711 , 0
3.115906915405855 , -46 -35 -21 -33 -46 -19 , 26 -6 6 0 9 15 , -13 32 -32 -1 21 -14 , 16 -30 30 0 -16 14 , -13 21 35 33 2 -11 , 1 26 -25 -1 22 -4 , 2 25 -26 1 21 -4 , -12 32 -32 1 18 -11 , 39 36 -36 0 7 -29 , 0.0054835867492613287 , 1
3.119148783585208 , 3 -36 -45 -18 -10 -16 , 30 5 -5 0 20 15 , 28 -10 -3 30 -22 27 , 12 -41 41 0 -27 14 , 21 45 36 18 29 26 , -8 -19 3 7 -9 -18 , -15 -3 19 -7 -21 10 , -2 3 10 -30 30 -12 , 39 36 -36 0 7 -29 , 0.0056026231689577637 , 0
3.119148783585208 , -32 -51 -6 -37 -44 -14 , 12 -31 31 0 -19 12 , 0 11 -33 13 19 -23 , 30 -5 5 0 12 17 , 5 6 51 37 -8 7 , 32 -23 4 26 -16 18 , 6 -4 23 -26 14 7 , -13 33 -11 -13 10 8 , 39 36 -36 0 7 -29 , 0.0062041198371419817 , 1
3.119148783585208 , -45 -41 -26 -28 -43 -29 , 20 -24 24 0 -9 15 , -11 -4 -15 21 -16 -13 , 22 -12 12 0 2 14 , -17 26 41 28 -3 -2 , -8 -3 -13 26 -25 -2 , -34 13 3 -26 11 -22 , -32 15 4 -21 2 -12 , 39 36 -36 0 7 -29 , 0.0063297523033759642 , 2
3.119148783585208 , -46 -35 -21 -33 -46 -19 , 26 -6 6 0 9 15 , -13 32 -32 -1 21 -14 , 16 -30 30 0 -16 14 , -13 21 35 33 2 -11 , 1 26 -25 -1 22 -4 , 2 25 -26 1 21 -4 , -12 32 -32 1 18 -11 , 39 36 -36 0 7 -29 , 0.0064697735397269054 , 3
3.1195669696223995 , 3 -36 -45 -18 -10 -16 , 30 5 -5 0 20 15 , 28 -10 -3 30 -22 27 , 12 -41 41 0 -27 14 , 21 45 36 18 29 26 , -8 -19 3 7 -9 -18 , -15 -3 19 -7 -21 10 , -2 3 10 -30 30 -12 , 39 36 -36 0 7 -29 , 0.0057299672284421982 , 0
3.1195669696223995 , -45 -41 -26 -28 -43 -29 , 20 -24 24 0 -9 15 , -11 -4 -15 21 -16 -13 , 22 -12 12 0 2 14 , -17 26 41 28 -3 -2 , -8 -3 -13 26 -25 -2 , -34 13 3 -26 11 -22 , -32 15 4 -21 2 -12 , 39 36 -36 0 7 -29 , 0.0061934597745517562 , 1
3.1195669696223995 , -32 -51 -6 -37 -44 -14 , 12 -31 31 0 -19 12 , 0 11 -33 13 19 -23 , 30 -5 5 0 12 17 , 5 6 51 37 -8 7 , 32 -23 4 26 -16 18 , 6 -4 23 -26 14 7 , -13 33 -11 -13 10 8 , 39 36 -36 0 7 -29 , 0.0061970689639898689 , 2
3.1195669696223995 , -46 -35 -21 -33 -46 -19 , 26 -6 6 0 9 15 , -13 32 -32 -1 21 -14 , 16 -30 30 0 -16 14 , -13 21 35 33 2 -11 , 1 26 -25 -1 22 -4 , 2 25 -26 1 21 -4 , -12 32 -32 1 18 -11 , 39 36 -36 0 7 -29 , 0.0066440865377936417 , 3
3.1234393839084476 , -45 -41 -26 -28 -43 -29 , 20 -24 24 0 -9 15 , -11 -4 -15 21 -16 -13 , 22 -12 12 0 2 14 , -17 26 41 28 -3 -2 , -8 -3 -13 26 -25 -2 , -34 13 3 -26 11 -22 , -32 15 4 -21 2 -12 , 39 36 -36 0 7 -29 , 0.0055552844189168012 , 0
3.1234393839084476 , -25 -54 -32 -6 -51 -23 , 27 -19 19 0 -1 18 , -9 29 -19 -10 21 -5 , 15 -17 17 0 -6 11 , -19 32 54 6 9 3 , 1 13 -9 -21 38 -17 , 22 9 -13 21 -8 25 , 1 19 -29 10 14 -8 , 39 36 -36 0 7 -29 , 0.006723473694247876 , 1
3.1234393839084476 , -32 -51 -6 -37 -44 -14 , 12 -31 31 0 -19 12 , 0 11 -33 13 19 -23 , 30 -5 5 0 12 17 , 5 6 51 37 -8 7 , 32 -23 4 26 -16 18 , 6 -4 23 -26 14 7 , -13 33 -11 -13 10 8 , 39 36 -36 0 7 -29 , 0.0067750578307777679 , 2
3.1234393839084476 , -22 -19 -43 -25 -24 -10 , 12 35 -35 0 35 0 , -1 -7 26 -26 8 4 , 50 -8 8 0 20 28 , 3 43 19 25 33 -5 , 12 -2 -1 0 9 2 , 12 1 2 0 3 11 , 25 -26 7 26 -22 15 , 19 -27 27 0 -55 -28 , 0.0068278656225246991 , 3
3.125901779573133 , -22 -19 -43 -25 -24 -10 , 12 35 -35 0 35 0 , -1 -7 26 -26 8 4 , 50 -8 8 0 20 28 , 3 43 19 25 33 -5 , 12 -2 -1 0 9 2 , 12 1 2 0 3 11 , 25 -26 7 26 -22 15 , 19 -27 27 0 -55 -28 , 0.0055644762217340674 , 0
3.125901779573133 , -45 -41 -26 -28 -43 -29 , 20 -24 24 0 -9 15 , -11 -4 -15 21 -16 -13 , 22 -12 12 0 2 14 , -17 26 41 28 -3 -2 , -8 -3 -13 26 -25 -2 , -34 13 3 -26 11 -22 , -32 15 4 -21 2 -12 , 39 36 -36 0 7 -29 , 0.0058217580423217501 , 1
3.125901779573133 , -25 -54 -32 -6 -51 -23 , 27 -19 19 0 -1 18 , -9 29 -19 -10 21 -5 , 15 -17 17 0 -6 11 , -19 32 54 6 9 3 , 1 13 -9 -21 38 -17 , 22 9 -13 21 -8 25 , 1 19 -29 10 14 -8 , 39 36 -36 0 7 -29 , 0.0063933466093806469 , 2
3.125901779573133 , -16 -28 -43 -12 -36 -6 , 46 -3 3 0 22 25 , 14 -17 8 9 -8 6 , -5 2 -2 0 -1 -3 , -4 43 28 12 37 -8 , -3 -36 14 34 -53 5 , -37 -14 36 -34 -9 -17 , 5 -8 17 -9 -2 9 , 40 1 -1 0 -21 -22 , 0.0066111159102833598 , 3
3.1264291331235503 , -22 -19 -43 -25 -24 -10 , 12 35 -35 0 35 0 , -1 -7 26 -26 8 4 , 50 -8 8 0 20 28 , 3 43 19 25 33 -5 , 12 -2 -1 0 9 2 , 12 1 2 0 3 11 , 25 -26 7 26 -22 15 , 19 -27 27 0 -55 -28 , 0.0053290438896208799 , 0
3.1264291331235503 , -45 -41 -26 -28 -43 -29 , 20 -24 24 0 -9 15 , -11 -4 -15 21 -16 -13 , 22 -12 12 0 2 14 , -17 26 41 28 -3 -2 , -8 -3 -13 26 -25 -2 , -34 13 3 -26 11 -22 , -32 15 4 -21 2 -12 , 39 36 -36 0 7 -29 , 0.0059439434343618201 , 1
3.1264291331235503 , -25 -54 -32 -6 -51 -23 , 27 -19 19 0 -1 18 , -9 29 -19 -10 21 -5 , 15 -17 17 0 -6 11 , -19 32 54 6 9 3 , 1 13 -9 -21 38 -17 , 22 9 -13 21 -8 25 , 1 19 -29 10 14 -8 , 39 36 -36 0 7 -29 , 0.0063824627671920367 , 2
3.1264291331235503 , -16 -28 -43 -12 -36 -6 , 46 -3 3 0 22 25 , 14 -17 8 9 -8 6 , -5 2 -2 0 -1 -3 , -4 43 28 12 37 -8 , -3 -36 14 34 -53 5 , -37 -14 36 -34 -9 -17 , 5 -8 17 -9 -2 9 , 40 1 -1 0 -21 -22 , 0.0065380149380778324 , 3
3.1279881794381765 , -22 -19 -43 -25 -24 -10 , 12 35 -35 0 35 0 , -1 -7 26 -26 8 4 , 50 -8 8 0 20 28 , 3 43 19 25 33 -5 , 12 -2 -1 0 9 2 , 12 1 2 0 3 11 , 25 -26 7 26 -22 15 , 19 -27 27 0 -55 -28 , 0.004737400383877907 , 0
3.1310287922507327 , -22 -19 -43 -25 -24 -10 , 12 35 -35 0 35 0 , -1 -7 26 -26 8 4 , 50 -8 8 0 20 28 , 3 43 19 25 33 -5 , 12 -2 -1 0 9 2 , 12 1 2 0 3 11 , 25 -26 7 26 -22 15 , 19 -27 27 0 -55 -28 , 0.0042214114588285121 , 0
3.13593316159789 , -22 -19 -43 -25 -24 -10 , 12 35 -35 0 35 0 , -1 -7 26 -26 8 4 , 50 -8 8 0 20 28 , 3 43 19 25 33 -5 , 12 -2 -1 0 9 2 , 12 1 2 0 3 11 , 25 -26 7 26 -22 15 , 19 -27 27 0 -55 -28 , 0.0054632124394001086 , 0
3.13593316159789 , -20 -29 -18 -31 -42 10 , 40 1 -1 0 22 21 , -21 28 -22 -7 14 -14 , 2 -37 37 0 -29 8 , 11 18 29 31 28 -13 , -17 10 25 -36 7 7 , 19 -25 -10 36 -18 -3 , -14 22 -28 7 8 -14 , 39 36 -36 0 7 -29 , 0.0059166543316497957 , 1
3.140891893538837 , -17 -10 -43 -38 -6 -8 , 2 -37 37 0 -29 8 , 25 10 -17 18 3 19 , 40 1 -1 0 22 21 , 21 43 10 38 35 4 , 14 -14 8 21 -28 22 , -7 -8 14 -21 14 -14 , 7 17 -10 -18 36 -7 , 39 36 -36 0 7 -29 , 0.005916654331649833 , 0
3.140891893538837 , -20 -29 -18 -31 -42 10 , 40 1 -1 0 22 21 , -21 28 -22 -7 14 -14 , 2 -37 37 0 -29 8 , 11 18 29 31 28 -13 , -17 10 25 -36 7 7 , 19 -25 -10 36 -18 -3 , -14 22 -28 7 8 -14 , 39 36 -36 0 7 -29 , 0.0068775892227940913 , 1
