f,theta,rank,epsilon,frob_file,unitary_exact,ok,N_D,n_T3,n_L4,n_R_syl,n_R_resid,n_R,Tcost,wall
4,0.000807661,0,0.00669473,0.00669473,1,1,39,19,2,0,0,0,33,1.263
4,0.000807661,1,0.00669473,0.00669473,1,1,41,19,2,1,1,2,47,0.668
4,0.000807661,2,0.00669473,0.00669473,1,1,39,19,2,0,0,0,33,0.865
4,0.000807661,3,0.00669473,0.00669473,1,1,41,19,2,1,1,2,47,1.193
4,0.000807661,4,0.00669473,0.00669473,1,1,39,19,2,0,0,0,33,0.096
4,0.000807661,5,0.00669473,0.00669473,1,1,41,19,2,1,1,2,47,0.082
4,0.000807661,6,0.00669473,0.00669473,1,1,41,19,2,1,1,2,47,0.067
4,0.000807661,7,0.00669473,0.00669473,1,1,39,19,2,0,0,0,33,0.075
4,0.000807661,8,0.00669473,0.00669473,1,1,41,17,4,1,1,2,59,0.083
4,0.000807661,9,0.00669473,0.00669473,1,1,39,17,4,0,0,0,45,0.093
4,0.000807661,10,0.00669473,0.00669473,1,1,39,17,4,0,0,0,45,0.069
4,0.000807661,11,0.00669473,0.00669473,1,1,41,17,4,1,1,2,59,0.074
4,0.000807661,12,0.00669473,0.00669473,1,1,41,17,4,1,1,2,59,0.063
4,0.000807661,13,0.00669473,0.00669473,1,1,39,17,4,0,0,0,45,0.079
4,0.000807661,14,0.00669473,0.00669473,1,1,41,17,4,1,1,2,59,0.067
4,0.000807661,15,0.00669473,0.00669473,1,1,39,17,4,0,0,0,45,0.071
4,0.000807661,16,0.00669473,0.00669473,1,1,41,19,2,1,1,2,47,0.042
4,0.000807661,17,0.00669473,0.00669473,1,1,39,19,2,0,0,0,33,0.062
4,0.000807661,18,0.00669473,0.00669473,1,1,41,19,2,1,1,2,47,0.052
4,0.000807661,19,0.00669473,0.00669473,1,1,39,19,2,0,0,0,33,0.074
4,0.000807661,20,0.00669473,0.00669473,1,1,39,17,4,0,0,0,45,0.074
4,0.000807661,21,0.00669473,0.00669473,1,1,41,17,4,1,1,2,59,0.065
4,0.000807661,22,0.00669473,0.00669473,1,1,41,17,4,1,1,2,59,0.043
4,0.000807661,23,0.00669473,0.00669473,1,1,39,17,4,0,0,0,45,0.073
4,0.000807661,24,0.00669473,0.00669473,1,1,41,17,4,1,1,2,59,0.071
4,0.000807661,25,0.00669473,0.00669473,1,1,39,17,4,0,0,0,45,0.065
4,0.000807661,26,0.00669473,0.00669473,1,1,41,17,4,1,1,2,59,0.051
4,0.000807661,27,0.00669473,0.00669473,1,1,39,17,4,0,0,0,45,0.07
4,0.000807661,28,0.00669473,0.00669473,1,1,39,17,4,0,0,0,45,0.065
4,0.000807661,29,0.00669473,0.00669473,1,1,41,17,4,1,1,2,59,0.07
4,0.000807661,30,0.00669473,0.00669473,1,1,39,17,4,0,0,0,45,0.074
4,0.000807661,31,0.00669473,0.00669473,1,1,41,17,4,1,1,2,59,0.066
4,0.000807661,32,0.00669473,0.00669473,1,1,39,17,4,0,0,0,45,0.065
4,0.000807661,33,0.00669473,0.00669473,1,1,41,17,4,1,1,2,59,0.068
4,0.000807661,34,0.00669473,0.00669473,1,1,39,17,4,0,0,0,45,0.073
4,0.000807661,35,0.00669473,0.00669473,1,1,41,17,4,1,1,2,59,0.065
4,0.000807661,36,0.00676666,0.00676666,1,1,30,9,6,4,1,5,86,0.184
4,0.000807661,37,0.00676666,0.00676666,1,1,28,9,6,3,0,3,72,0.126
4,0.000807661,38,0.00676666,0.00676666,1,1,28,9,6,3,0,3,72,0.118
4,0.000807661,39,0.00676666,0.00676666,1,1,30,9,6,4,1,5,86,0.121
4,0.000807661,40,0.00676666,0.00676666,1,1,30,9,6,4,1,5,86,0.128
4,0.000807661,41,0.00676666,0.00676666,1,1,28,9,6,3,0,3,72,0.113
4,0.000807661,42,0.00676666,0.00676666,1,1,30,9,6,4,1,5,86,0.218
4,0.000807661,43,0.00676666,0.00676666,1,1,28,9,6,3,0,3,72,0.082
4,0.000807661,44,0.00676666,0.00676666,1,1,28,11,4,3,0,3,60,0.157
4,0.000807661,45,0.00676666,0.00676666,1,1,30,11,4,4,1,5,74,0.162
4,0.000807661,46,0.00676666,0.00676666,1,1,28,11,4,3,0,3,60,0.104
4,0.000807661,47,0.00676666,0.00676666,1,1,30,11,4,4,1,5,74,0.251
4,0.000807661,48,0.00676666,0.00676666,1,1,30,9,6,4,1,5,86,0.276
4,0.000807661,49,0.00676666,0.00676666,1,1,28,9,6,3,0,3,72,0.18
4,0.000807661,50,0.00676666,0.00676666,1,1,28,9,6,3,0,3,72,0.107
4,0.000807661,51,0.00676666,0.00676666,1,1,30,9,6,4,1,5,86,0.141
4,0.000807661,52,0.00676666,0.00676666,1,1,28,11,4,3,0,3,60,0.202
4,0.000807661,53,0.00676666,0.00676666,1,1,30,11,4,4,1,5,74,0.243
4,0.000807661,54,0.00676666,0.00676666,1,1,30,11,4,4,1,5,74,0.256
4,0.000807661,55,0.00676666,0.00676666,1,1,28,11,4,3,0,3,60,0.279
4,0.000807661,56,0.00676666,0.00676666,1,1,30,9,6,4,1,5,86,0.203
4,0.000807661,57,0.00676666,0.00676666,1,1,28,9,6,3,0,3,72,0.225
4,0.000807661,58,0.00676666,0.00676666,1,1,30,9,6,4,1,5,86,0.292
4,0.000807661,59,0.00676666,0.00676666,1,1,28,9,6,3,0,3,72,0.24
4,0.000807661,60,0.00676666,0.00676666,1,1,28,9,6,3,0,3,72,0.124
4,0.000807661,61,0.00676666,0.00676666,1,1,30,9,6,4,1,5,86,0.182
4,0.000807661,62,0.00676666,0.00676666,1,1,28,9,6,3,0,3,72,0.092
4,0.000807661,63,0.00676666,0.00676666,1,1,30,9,6,4,1,5,86,0.223
4,0.000807661,64,0.00676666,0.00676666,1,1,28,9,6,3,0,3,72,0.092
4,0.000807661,65,0.00676666,0.00676666,1,1,30,9,6,4,1,5,86,0.288
4,0.000807661,66,0.00676666,0.00676666,1,1,30,9,6,4,1,5,86,0.132
4,0.000807661,67,0.00676666,0.00676666,1,1,28,9,6,3,0,3,72,0.203
4,0.000807661,68,0.00676666,0.00676666,1,1,30,11,4,4,1,5,74,0.25
4,0.000807661,69,0.00676666,0.00676666,1,1,28,11,4,3,0,3,60,0.248
4,0.000807661,70,0.00676666,0.00676666,1,1,30,11,4,4,1,5,74,0.27
4,0.000807661,71,0.00676666,0.00676666,1,1,28,11,4,3,0,3,60,0.203
4,0.000807661,72,0.00705017,0.00705017,1,1,29,11,4,3,1,4,67,0.198
4,0.000807661,73,0.00705017,0.00705017,1,1,29,11,4,3,1,4,67,0.266
4,0.000807661,74,0.00705017,0.00705017,1,1,29,11,4,3,1,4,67,0.194
4,0.000807661,75,0.00705017,0.00705017,1,1,29,11,4,3,1,4,67,0.247
4,0.000807661,76,0.00705017,0.00705017,1,1,29,9,6,3,1,4,79,0.199
4,0.000807661,77,0.00705017,0.00705017,1,1,29,9,6,3,1,4,79,0.21
4,0.000807661,78,0.00705017,0.00705017,1,1,29,9,6,3,1,4,79,0.219
4,0.000807661,79,0.00705017,0.00705017,1,1,29,9,6,3,1,4,79,0.239
4,0.000807661,80,0.00705017,0.00705017,1,1,29,9,6,3,1,4,79,0.178
4,0.000807661,81,0.00705017,0.00705017,1,1,29,9,6,3,1,4,79,0.192
4,0.000807661,82,0.00705017,0.00705017,1,1,29,9,6,3,1,4,79,0.258
4,0.000807661,83,0.00705017,0.00705017,1,1,29,9,6,3,1,4,79,0.175
4,0.000807661,84,0.00705017,0.00705017,1,1,29,9,6,3,1,4,79,0.23
4,0.000807661,85,0.00705017,0.00705017,1,1,29,11,4,3,1,4,67,0.192
4,0.000807661,86,0.00705017,0.00705017,1,1,29,11,4,3,1,4,67,0.11
4,0.000807661,87,0.00705017,0.00705017,1,1,29,11,4,3,1,4,67,0.162
4,0.000807661,88,0.00705017,0.00705017,1,1,29,11,4,3,1,4,67,0.099
4,0.000807661,89,0.00705017,0.00705017,1,1,29,9,6,3,1,4,79,0.086
4,0.000807661,90,0.00705017,0.00705017,1,1,29,9,6,3,1,4,79,0.08
4,0.000807661,91,0.00705017,0.00705017,1,1,29,9,6,3,1,4,79,0.113
4,0.000807661,92,0.00705017,0.00705017,1,1,29,9,6,3,1,4,79,0.093
4,0.000807661,93,0.00705017,0.00705017,1,1,29,11,4,3,1,4,67,0.083
4,0.000807661,94,0.00705017,0.00705017,1,1,29,11,4,3,1,4,67,0.119
4,0.000807661,95,0.00705017,0.00705017,1,1,29,11,4,3,1,4,67,0.084
4,0.000807661,96,0.00705017,0.00705017,1,1,29,9,6,3,1,4,79,0.087
4,0.000807661,97,0.00705017,0.00705017,1,1,29,9,6,3,1,4,79,0.173
4,0.000807661,98,0.00705017,0.00705017,1,1,29,9,6,3,1,4,79,0.1
4,0.000807661,99,0.00705017,0.00705017,1,1,29,9,6,3,1,4,79,0.118
4,0.108596,0,0.00495463,0.00495463,1,1,36,15,4,1,0,1,50,0.076
4,0.108596,1,0.00495463,0.00495463,1,1,38,15,4,2,1,3,64,0.092
4,0.108596,2,0.00495463,0.00495463,1,1,38,15,4,2,1,3,64,0.118
4,0.108596,3,0.00495463,0.00495463,1,1,36,15,4,1,0,1,50,0.138
4,0.108596,4,0.00495463,0.00495463,1,1,38,15,4,2,1,3,64,0.135
4,0.108596,5,0.00495463,0.00495463,1,1,36,15,4,1,0,1,50,0.094
4,0.108596,6,0.00495463,0.00495463,1,1,38,15,4,2,1,3,64,0.097
4,0.108596,7,0.00495463,0.00495463,1,1,36,15,4,1,0,1,50,0.077
4,0.108596,8,0.00495463,0.00495463,1,1,35,15,2,2,1,3,50,0.114
4,0.108596,9,0.00495463,0.00495463,1,1,33,15,2,1,0,1,36,0.077
4,0.108596,10,0.00495463,0.00495463,1,1,33,15,2,1,0,1,36,0.078
4,0.108596,11,0.00495463,0.00495463,1,1,35,15,2,2,1,3,50,0.077
4,0.108596,12,0.00495463,0.00495463,1,1,35,15,2,2,1,3,50,0.077
4,0.108596,13,0.00495463,0.00495463,1,1,33,15,2,1,0,1,36,0.099
4,0.108596,14,0.00495463,0.00495463,1,1,35,15,2,2,1,3,50,0.115
4,0.108596,15,0.00495463,0.00495463,1,1,33,15,2,1,0,1,36,0.103
4,0.108596,16,0.00495463,0.00495463,1,1,36,15,4,1,0,1,50,0.078
4,0.108596,17,0.00495463,0.00495463,1,1,38,15,4,2,1,3,64,0.127
4,0.108596,18,0.00495463,0.00495463,1,1,36,15,4,1,0,1,50,0.084
4,0.108596,19,0.00495463,0.00495463,1,1,38,15,4,2,1,3,64,0.078
4,0.108596,20,0.00495463,0.00495463,1,1,38,15,4,2,1,3,64,0.112
4,0.108596,21,0.00495463,0.00495463,1,1,36,15,4,1,0,1,50,0.078
4,0.108596,22,0.00495463,0.00495463,1,1,38,15,4,2,1,3,64,0.135
4,0.108596,23,0.00495463,0.00495463,1,1,36,15,4,1,0,1,50,0.101
4,0.108596,24,0.00495463,0.00495463,1,1,36,15,4,1,0,1,50,0.082
4,0.108596,25,0.00495463,0.00495463,1,1,38,15,4,2,1,3,64,0.077
4,0.108596,26,0.00495463,0.00495463,1,1,38,15,4,2,1,3,64,0.082
4,0.108596,27,0.00495463,0.00495463,1,1,36,15,4,1,0,1,50,0.101
4,0.108596,28,0.00495463,0.00495463,1,1,36,15,4,1,0,1,50,0.155
4,0.108596,29,0.00495463,0.00495463,1,1,38,15,4,2,1,3,64,0.078
4,0.108596,30,0.00495463,0.00495463,1,1,38,15,4,2,1,3,64,0.167
4,0.108596,31,0.00495463,0.00495463,1,1,36,15,4,1,0,1,50,0.197
4,0.108596,32,0.00495463,0.00495463,1,1,35,15,2,2,1,3,50,0.104
4,0.108596,33,0.00495463,0.00495463,1,1,33,15,2,1,0,1,36,0.191
4,0.108596,34,0.00495463,0.00495463,1,1,33,15,2,1,0,1,36,0.07
4,0.108596,35,0.00495463,0.00495463,1,1,35,15,2,2,1,3,50,0.161
4,0.108596,36,0.00512059,0.00512059,1,1,29,11,6,1,1,2,67,0.106
4,0.108596,37,0.00512059,0.00512059,1,1,29,11,6,1,1,2,67,0.356
4,0.108596,38,0.00512059,0.00512059,1,1,29,11,6,1,1,2,67,0.309
4,0.108596,39,0.00512059,0.00512059,1,1,29,11,6,1,1,2,67,0.105
4,0.108596,40,0.00512059,0.00512059,1,1,29,9,8,1,1,2,79,0.233
4,0.108596,41,0.00512059,0.00512059,1,1,29,9,8,1,1,2,79,0.109
4,0.108596,42,0.00512059,0.00512059,1,1,29,9,8,1,1,2,79,0.108
4,0.108596,43,0.00512059,0.00512059,1,1,29,9,8,1,1,2,79,0.219
4,0.108596,44,0.00512059,0.00512059,1,1,29,9,8,1,1,2,79,0.374
4,0.108596,45,0.00512059,0.00512059,1,1,29,9,8,1,1,2,79,0.237
4,0.108596,46,0.00512059,0.00512059,1,1,29,9,8,1,1,2,79,0.105
4,0.108596,47,0.00512059,0.00512059,1,1,29,9,8,1,1,2,79,0.106
4,0.108596,48,0.00512059,0.00512059,1,1,29,9,8,1,1,2,79,0.219
4,0.108596,49,0.00512059,0.00512059,1,1,29,9,8,1,1,2,79,0.238
4,0.108596,50,0.00512059,0.00512059,1,1,29,9,8,1,1,2,79,0.105
4,0.108596,51,0.00512059,0.00512059,1,1,29,9,8,1,1,2,79,0.105
4,0.108596,52,0.00512059,0.00512059,1,1,29,9,8,1,1,2,79,0.377
4,0.108596,53,0.00512059,0.00512059,1,1,29,9,8,1,1,2,79,0.237
4,0.108596,54,0.00512059,0.00512059,1,1,29,9,8,1,1,2,79,0.156
4,0.108596,55,0.00512059,0.00512059,1,1,29,9,8,1,1,2,79,0.185
4,0.108596,56,0.00512059,0.00512059,1,1,29,11,6,1,1,2,67,0.177
4,0.108596,57,0.00512059,0.00512059,1,1,29,11,6,1,1,2,67,0.158
4,0.108596,58,0.00512059,0.00512059,1,1,29,11,6,1,1,2,67,0.172
4,0.108596,59,0.00512059,0.00512059,1,1,29,11,6,1,1,2,67,0.126
4,0.108596,60,0.00512059,0.00512059,1,1,29,9,8,1,1,2,79,0.116
4,0.108596,61,0.00512059,0.00512059,1,1,29,9,8,1,1,2,79,0.116
4,0.108596,62,0.00512059,0.00512059,1,1,29,9,8,1,1,2,79,0.133
4,0.108596,63,0.00512059,0.00512059,1,1,29,9,8,1,1,2,79,0.118
4,0.108596,64,0.00512059,0.00512059,1,1,29,11,6,1,1,2,67,0.147
4,0.108596,65,0.00512059,0.00512059,1,1,29,11,6,1,1,2,67,0.157
4,0.108596,66,0.00512059,0.00512059,1,1,29,11,6,1,1,2,67,0.195
4,0.108596,67,0.00512059,0.00512059,1,1,29,11,6,1,1,2,67,0.218
4,0.108596,68,0.00512059,0.00512059,1,1,29,9,8,1,1,2,79,0.233
4,0.108596,69,0.00512059,0.00512059,1,1,29,9,8,1,1,2,79,0.213
4,0.108596,70,0.00512059,0.00512059,1,1,29,9,8,1,1,2,79,0.132
4,0.108596,71,0.00512059,0.00512059,1,1,29,9,8,1,1,2,79,0.215
4,0.108596,72,0.00535475,0.00535475,1,1,41,17,4,1,1,2,59,0.113
4,0.108596,73,0.00535475,0.00535475,1,1,41,17,4,1,1,2,59,0.077
4,0.108596,74,0.00535475,0.00535475,1,1,41,17,4,1,1,2,59,0.122
4,0.108596,75,0.00535475,0.00535475,1,1,41,17,4,1,1,2,59,0.065
4,0.108596,76,0.00535475,0.00535475,1,1,41,17,4,1,1,2,59,0.156
4,0.108596,77,0.00535475,0.00535475,1,1,41,17,4,1,1,2,59,0.169
4,0.108596,78,0.00535475,0.00535475,1,1,41,17,4,1,1,2,59,0.057
4,0.108596,79,0.00535475,0.00535475,1,1,41,17,4,1,1,2,59,0.059
4,0.108596,80,0.00535475,0.00535475,1,1,41,17,4,1,1,2,59,0.063
4,0.108596,81,0.00535475,0.00535475,1,1,41,17,4,1,1,2,59,0.077
4,0.108596,82,0.00535475,0.00535475,1,1,40,17,3,1,1,2,52,0.07
4,0.108596,83,0.00535475,0.00535475,1,1,40,17,3,1,1,2,52,0.127
4,0.108596,84,0.00535475,0.00535475,1,1,41,17,4,1,1,2,59,0.062
4,0.108596,85,0.00535475,0.00535475,1,1,41,17,4,1,1,2,59,0.115
4,0.108596,86,0.00535475,0.00535475,1,1,41,17,4,1,1,2,59,0.065
4,0.108596,87,0.00535475,0.00535475,1,1,41,17,4,1,1,2,59,0.058
4,0.108596,88,0.00535475,0.00535475,1,1,41,17,4,1,1,2,59,0.06
4,0.108596,89,0.00535475,0.00535475,1,1,41,17,4,1,1,2,59,0.173
4,0.108596,90,0.00535475,0.00535475,1,1,41,17,4,1,1,2,59,0.067
4,0.108596,91,0.00535475,0.00535475,1,1,41,17,4,1,1,2,59,0.135
4,0.108596,92,0.00535475,0.00535475,1,1,38,17,2,1,1,2,45,0.056
4,0.108596,93,0.00535475,0.00535475,1,1,40,17,3,1,1,2,52,0.056
4,0.108596,94,0.00535475,0.00535475,1,1,40,17,3,1,1,2,52,0.06
4,0.108596,95,0.00535475,0.00535475,1,1,38,17,2,1,1,2,45,0.056
4,0.108596,96,0.00535475,0.00535475,1,1,40,17,3,1,1,2,52,0.099
4,0.108596,97,0.00535475,0.00535475,1,1,40,17,3,1,1,2,52,0.132
4,0.108596,98,0.00535475,0.00535475,1,1,40,17,3,1,1,2,52,0.133
4,0.108596,99,0.00535475,0.00535475,1,1,38,17,2,1,1,2,45,0.057
4,0.230707,0,0.00587705,0.00587705,1,1,23,5,10,1,1,2,89,0.298
4,0.230707,1,0.00587705,0.00587705,1,1,23,5,10,1,1,2,89,0.146
4,0.230707,2,0.00587705,0.00587705,1,1,23,5,10,1,1,2,89,0.359
4,0.230707,3,0.00587705,0.00587705,1,1,23,5,10,1,1,2,89,0.407
4,0.230707,4,0.00587705,0.00587705,1,1,23,5,10,1,1,2,89,0.151
4,0.230707,5,0.00587705,0.00587705,1,1,23,5,10,1,1,2,89,0.427
4,0.230707,6,0.00587705,0.00587705,1,1,23,5,10,1,1,2,89,0.189
4,0.230707,7,0.00587705,0.00587705,1,1,23,5,10,1,1,2,89,0.424
4,0.230707,8,0.00587705,0.00587705,1,1,23,5,10,1,1,2,89,0.393
4,0.230707,9,0.00587705,0.00587705,1,1,23,5,10,1,1,2,89,0.26
4,0.230707,10,0.00587705,0.00587705,1,1,23,5,10,1,1,2,89,0.365
4,0.230707,11,0.00587705,0.00587705,1,1,23,5,10,1,1,2,89,0.318
4,0.230707,12,0.00587705,0.00587705,1,1,23,7,8,1,1,2,77,0.383
4,0.230707,13,0.00587705,0.00587705,1,1,23,7,8,1,1,2,77,0.35
4,0.230707,14,0.00587705,0.00587705,1,1,23,7,8,1,1,2,77,0.303
4,0.230707,15,0.00587705,0.00587705,1,1,23,7,8,1,1,2,77,0.356
4,0.230707,16,0.00587705,0.00587705,1,1,23,5,10,1,1,2,89,0.338
4,0.230707,17,0.00587705,0.00587705,1,1,23,5,10,1,1,2,89,0.285
4,0.230707,18,0.00587705,0.00587705,1,1,23,5,10,1,1,2,89,0.284
4,0.230707,19,0.00587705,0.00587705,1,1,23,5,10,1,1,2,89,0.278
4,0.230707,20,0.00587705,0.00587705,1,1,23,7,8,1,1,2,77,0.272
4,0.230707,21,0.00587705,0.00587705,1,1,23,7,8,1,1,2,77,0.247
4,0.230707,22,0.00587705,0.00587705,1,1,23,7,8,1,1,2,77,0.268
4,0.230707,23,0.00587705,0.00587705,1,1,23,7,8,1,1,2,77,0.251
4,0.230707,24,0.00587705,0.00587705,1,1,23,5,10,1,1,2,89,0.301
4,0.230707,25,0.00587705,0.00587705,1,1,23,5,10,1,1,2,89,0.267
4,0.230707,26,0.00587705,0.00587705,1,1,23,5,10,1,1,2,89,0.321
4,0.230707,27,0.00587705,0.00587705,1,1,23,5,10,1,1,2,89,0.274
4,0.230707,28,0.00587705,0.00587705,1,1,23,7,8,1,1,2,77,0.17
4,0.230707,29,0.00587705,0.00587705,1,1,23,7,8,1,1,2,77,0.255
4,0.230707,30,0.00587705,0.00587705,1,1,23,7,8,1,1,2,77,0.192
4,0.230707,31,0.00587705,0.00587705,1,1,23,7,8,1,1,2,77,0.293
4,0.230707,32,0.00587705,0.00587705,1,1,23,5,10,1,1,2,89,0.256
4,0.230707,33,0.00587705,0.00587705,1,1,23,5,10,1,1,2,89,0.249
4,0.230707,34,0.00587705,0.00587705,1,1,23,5,10,1,1,2,89,0.162
4,0.230707,35,0.00587705,0.00587705,1,1,23,5,10,1,1,2,89,0.252
4,0.230707,36,0.00593734,0.00593734,1,1,29,9,8,1,1,2,79,0.271
4,0.230707,37,0.00593734,0.00593734,1,1,27,9,8,0,0,0,65,0.119
4,0.230707,38,0.00593734,0.00593734,1,1,27,9,8,0,0,0,65,0.201
4,0.230707,39,0.00593734,0.00593734,1,1,29,9,8,1,1,2,79,0.149
4,0.230707,40,0.00593734,0.00593734,1,1,27,9,8,0,0,0,65,0.209
4,0.230707,41,0.00593734,0.00593734,1,1,29,9,8,1,1,2,79,0.237
4,0.230707,42,0.00593734,0.00593734,1,1,27,9,8,0,0,0,65,0.283
4,0.230707,43,0.00593734,0.00593734,1,1,29,9,8,1,1,2,79,0.115
4,0.230707,44,0.00593734,0.00593734,1,1,27,9,8,0,0,0,65,0.177
4,0.230707,45,0.00593734,0.00593734,1,1,29,9,8,1,1,2,79,0.134
4,0.230707,46,0.00593734,0.00593734,1,1,27,9,8,0,0,0,65,0.129
4,0.230707,47,0.00593734,0.00593734,1,1,29,9,8,1,1,2,79,0.355
4,0.230707,48,0.00593734,0.00593734,1,1,26,9,7,0,0,0,58,0.096
4,0.230707,49,0.00593734,0.00593734,1,1,28,9,7,1,1,2,72,0.23
4,0.230707,50,0.00593734,0.00593734,1,1,24,9,6,0,0,0,51,0.103
4,0.230707,51,0.00593734,0.00593734,1,1,26,9,6,1,1,2,65,0.096
4,0.230707,52,0.00593734,0.00593734,1,1,27,9,8,0,0,0,65,0.1
4,0.230707,53,0.00593734,0.00593734,1,1,29,9,8,1,1,2,79,0.096
4,0.230707,54,0.00593734,0.00593734,1,1,29,9,8,1,1,2,79,0.103
4,0.230707,55,0.00593734,0.00593734,1,1,27,9,8,0,0,0,65,0.228
4,0.230707,56,0.00593734,0.00593734,1,1,29,9,8,1,1,2,79,0.097
4,0.230707,57,0.00593734,0.00593734,1,1,27,9,8,0,0,0,65,0.355
4,0.230707,58,0.00593734,0.00593734,1,1,29,9,8,1,1,2,79,0.1
4,0.230707,59,0.00593734,0.00593734,1,1,27,9,8,0,0,0,65,0.1
4,0.230707,60,0.00593734,0.00593734,1,1,29,9,8,1,1,2,79,0.116
4,0.230707,61,0.00593734,0.00593734,1,1,27,9,8,0,0,0,65,0.096
4,0.230707,62,0.00593734,0.00593734,1,1,29,9,8,1,1,2,79,0.27
4,0.230707,63,0.00593734,0.00593734,1,1,27,9,8,0,0,0,65,0.104
4,0.230707,64,0.00593734,0.00593734,1,1,24,9,6,0,0,0,51,0.1
4,0.230707,65,0.00593734,0.00593734,1,1,26,9,6,1,1,2,65,0.108
4,0.230707,66,0.00593734,0.00593734,1,1,28,9,7,1,1,2,72,0.098
4,0.230707,67,0.00593734,0.00593734,1,1,26,9,7,0,0,0,58,0.299
4,0.230707,68,0.00593734,0.00593734,1,1,26,9,7,0,0,0,58,0.337
4,0.230707,69,0.00593734,0.00593734,1,1,28,9,7,1,1,2,72,0.1
4,0.230707,70,0.00593734,0.00593734,1,1,26,9,6,1,1,2,65,0.126
4,0.230707,71,0.00593734,0.00593734,1,1,24,9,6,0,0,0,51,0.12
4,0.230707,72,0.00615716,0.00615716,1,1,17,1,10,4,0,4,99,0.127
4,0.230707,73,0.00615716,0.00615716,1,1,19,1,10,5,1,6,113,0.32
4,0.230707,74,0.00615716,0.00615716,1,1,17,1,10,4,0,4,99,0.133
4,0.230707,75,0.00615716,0.00615716,1,1,19,1,10,5,1,6,113,0.117
4,0.230707,76,0.00615716,0.00615716,1,1,19,1,10,5,1,6,113,0.39
4,0.230707,77,0.00615716,0.00615716,1,1,17,1,10,4,0,4,99,0.113
4,0.230707,78,0.00615716,0.00615716,1,1,18,1,9,5,1,6,106,0.127
4,0.230707,79,0.00615716,0.00615716,1,1,16,1,9,4,0,4,92,0.119
4,0.230707,80,0.00615716,0.00615716,1,1,18,1,9,5,1,6,106,0.122
4,0.230707,81,0.00615716,0.00615716,1,1,16,1,9,4,0,4,92,0.241
4,0.230707,82,0.00615716,0.00615716,1,1,19,1,10,5,1,6,113,0.117
4,0.230707,83,0.00615716,0.00615716,1,1,17,1,10,4,0,4,99,0.119
4,0.230707,84,0.00615716,0.00615716,1,1,19,1,10,5,1,6,113,0.371
4,0.230707,85,0.00615716,0.00615716,1,1,17,1,10,4,0,4,99,0.16
4,0.230707,86,0.00615716,0.00615716,1,1,17,1,10,4,0,4,99,0.122
4,0.230707,87,0.00615716,0.00615716,1,1,19,1,10,5,1,6,113,0.191
4,0.230707,88,0.00615716,0.00615716,1,1,17,1,10,4,0,4,99,0.116
4,0.230707,89,0.00615716,0.00615716,1,1,19,1,10,5,1,6,113,0.129
4,0.230707,90,0.00615716,0.00615716,1,1,16,1,8,5,1,6,99,0.19
4,0.230707,91,0.00615716,0.00615716,1,1,14,1,8,4,0,4,85,0.122
4,0.230707,92,0.00615716,0.00615716,1,1,16,1,9,4,0,4,92,0.13
4,0.230707,93,0.00615716,0.00615716,1,1,18,1,9,5,1,6,106,0.343
4,0.230707,94,0.00615716,0.00615716,1,1,17,1,10,4,0,4,99,0.126
4,0.230707,95,0.00615716,0.00615716,1,1,19,1,10,5,1,6,113,0.241
4,0.230707,96,0.00615716,0.00615716,1,1,19,1,10,5,1,6,113,0.211
4,0.230707,97,0.00615716,0.00615716,1,1,17,1,10,4,0,4,99,0.118
4,0.230707,98,0.00615716,0.00615716,1,1,16,1,9,4,0,4,92,0.118
4,0.230707,99,0.00615716,0.00615716,1,1,18,1,9,5,1,6,106,0.161
4,0.32704,0,0.00536232,0.00536232,1,1,33,11,6,3,1,4,81,0.162
4,0.32704,1,0.00536232,0.00536232,1,1,31,11,6,2,0,2,67,0.205
4,0.32704,2,0.00536232,0.00536232,1,1,31,11,6,2,0,2,67,0.08
4,0.32704,3,0.00536232,0.00536232,1,1,33,11,6,3,1,4,81,0.085
4,0.32704,4,0.00536232,0.00536232,1,1,33,13,4,3,1,4,69,0.179
4,0.32704,5,0.00536232,0.00536232,1,1,31,13,4,2,0,2,55,0.142
4,0.32704,6,0.00536232,0.00536232,1,1,33,13,4,3,1,4,69,0.078
4,0.32704,7,0.00536232,0.00536232,1,1,31,13,4,2,0,2,55,0.191
4,0.32704,8,0.00536232,0.00536232,1,1,33,13,4,3,1,4,69,0.155
4,0.32704,9,0.00536232,0.00536232,1,1,31,13,4,2,0,2,55,0.097
4,0.32704,10,0.00536232,0.00536232,1,1,33,13,4,3,1,4,69,0.118
4,0.32704,11,0.00536232,0.00536232,1,1,31,13,4,2,0,2,55,0.085
4,0.32704,12,0.00536232,0.00536232,1,1,33,11,6,3,1,4,81,0.196
4,0.32704,13,0.00536232,0.00536232,1,1,31,11,6,2,0,2,67,0.14
4,0.32704,14,0.00536232,0.00536232,1,1,33,11,6,3,1,4,81,0.157
4,0.32704,15,0.00536232,0.00536232,1,1,31,11,6,2,0,2,67,0.097
4,0.32704,16,0.00536232,0.00536232,1,1,33,11,6,3,1,4,81,0.132
4,0.32704,17,0.00536232,0.00536232,1,1,31,11,6,2,0,2,67,0.083
4,0.32704,18,0.00536232,0.00536232,1,1,33,11,6,3,1,4,81,0.152
4,0.32704,19,0.00536232,0.00536232,1,1,31,11,6,2,0,2,67,0.227
4,0.32704,20,0.00536232,0.00536232,1,1,33,11,6,3,1,4,81,0.075
4,0.32704,21,0.00536232,0.00536232,1,1,31,11,6,2,0,2,67,0.151
4,0.32704,22,0.00536232,0.00536232,1,1,31,11,6,2,0,2,67,0.077
4,0.32704,23,0.00536232,0.00536232,1,1,33,11,6,3,1,4,81,0.157
4,0.32704,24,0.00536232,0.00536232,1,1,31,11,6,2,0,2,67,0.079
4,0.32704,25,0.00536232,0.00536232,1,1,33,11,6,3,1,4,81,0.2
4,0.32704,26,0.00536232,0.00536232,1,1,33,11,6,3,1,4,81,0.155
4,0.32704,27,0.00536232,0.00536232,1,1,31,11,6,2,0,2,67,0.082
4,0.32704,28,0.00536232,0.00536232,1,1,31,13,4,2,0,2,55,0.137
4,0.32704,29,0.00536232,0.00536232,1,1,33,13,4,3,1,4,69,0.102
4,0.32704,30,0.00536232,0.00536232,1,1,31,13,4,2,0,2,55,0.156
4,0.32704,31,0.00536232,0.00536232,1,1,33,13,4,3,1,4,69,0.192
4,0.32704,32,0.00536232,0.00536232,1,1,31,11,6,2,0,2,67,0.076
4,0.32704,33,0.00536232,0.00536232,1,1,33,11,6,3,1,4,81,0.126
4,0.32704,34,0.00536232,0.00536232,1,1,31,11,6,2,0,2,67,0.079
4,0.32704,35,0.00536232,0.00536232,1,1,33,11,6,3,1,4,81,0.196
4,0.32704,36,0.00572997,0.00572997,1,1,29,9,6,3,1,4,79,0.134
4,0.32704,37,0.00572997,0.00572997,1,1,29,9,6,3,1,4,79,0.13
4,0.32704,38,0.00572997,0.00572997,1,1,29,9,6,3,1,4,79,0.287
4,0.32704,39,0.00572997,0.00572997,1,1,29,9,6,3,1,4,79,0.202
4,0.32704,40,0.00572997,0.00572997,1,1,29,9,6,3,1,4,79,0.115
4,0.32704,41,0.00572997,0.00572997,1,1,29,9,6,3,1,4,79,0.203
4,0.32704,42,0.00572997,0.00572997,1,1,29,9,6,3,1,4,79,0.195
4,0.32704,43,0.00572997,0.00572997,1,1,29,9,6,3,1,4,79,0.333
4,0.32704,44,0.00572997,0.00572997,1,1,29,9,6,3,1,4,79,0.254
4,0.32704,45,0.00572997,0.00572997,1,1,29,9,6,3,1,4,79,0.244
4,0.32704,46,0.00572997,0.00572997,1,1,29,9,6,3,1,4,79,0.222
4,0.32704,47,0.00572997,0.00572997,1,1,29,9,6,3,1,4,79,0.24
4,0.32704,48,0.00572997,0.00572997,1,1,29,9,6,3,1,4,79,0.234
4,0.32704,49,0.00572997,0.00572997,1,1,29,9,6,3,1,4,79,0.404
4,0.32704,50,0.00572997,0.00572997,1,1,29,9,6,3,1,4,79,0.108
4,0.32704,51,0.00572997,0.00572997,1,1,29,9,6,3,1,4,79,0.1
4,0.32704,52,0.00572997,0.00572997,1,1,29,11,4,3,1,4,67,0.209
4,0.32704,53,0.00572997,0.00572997,1,1,29,11,4,3,1,4,67,0.2
4,0.32704,54,0.00572997,0.00572997,1,1,29,11,4,3,1,4,67,0.1
4,0.32704,55,0.00572997,0.00572997,1,1,29,11,4,3,1,4,67,0.203
4,0.32704,56,0.00572997,0.00572997,1,1,29,11,4,3,1,4,67,0.248
4,0.32704,57,0.00572997,0.00572997,1,1,29,11,4,3,1,4,67,0.139
4,0.32704,58,0.00572997,0.00572997,1,1,29,11,4,3,1,4,67,0.401
4,0.32704,59,0.00572997,0.00572997,1,1,29,11,4,3,1,4,67,0.256
4,0.32704,60,0.00572997,0.00572997,1,1,29,9,6,3,1,4,79,0.13
4,0.32704,61,0.00572997,0.00572997,1,1,29,9,6,3,1,4,79,0.267
4,0.32704,62,0.00572997,0.00572997,1,1,29,9,6,3,1,4,79,0.099
4,0.32704,63,0.00572997,0.00572997,1,1,29,9,6,3,1,4,79,0.126
4,0.32704,64,0.00572997,0.00572997,1,1,29,11,4,3,1,4,67,0.205
4,0.32704,65,0.00572997,0.00572997,1,1,29,11,4,3,1,4,67,0.394
4,0.32704,66,0.00572997,0.00572997,1,1,29,11,4,3,1,4,67,0.148
4,0.32704,67,0.00572997,0.00572997,1,1,29,11,4,3,1,4,67,0.249
4,0.32704,68,0.00572997,0.00572997,1,1,29,9,6,3,1,4,79,0.212
4,0.32704,69,0.00572997,0.00572997,1,1,29,9,6,3,1,4,79,0.168
4,0.32704,70,0.00572997,0.00572997,1,1,29,9,6,3,1,4,79,0.251
4,0.32704,71,0.00572997,0.00572997,1,1,29,9,6,3,1,4,79,0.383
4,0.32704,72,0.00619346,0.00619346,1,1,27,8,5,4,1,5,78,0.206
4,0.32704,73,0.00619346,0.00619346,1,1,27,8,5,4,1,5,78,0.151
4,0.32704,74,0.00619346,0.00619346,1,1,27,8,5,4,1,5,78,0.225
4,0.32704,75,0.00619346,0.00619346,1,1,25,8,4,4,1,5,71,0.19
4,0.32704,76,0.00619346,0.00619346,1,1,28,8,6,4,1,5,85,0.221
4,0.32704,77,0.00619346,0.00619346,1,1,28,8,6,4,1,5,85,0.29
4,0.32704,78,0.00619346,0.00619346,1,1,28,8,6,4,1,5,85,0.186
4,0.32704,79,0.00619346,0.00619346,1,1,28,8,6,4,1,5,85,0.178
4,0.32704,80,0.00619346,0.00619346,1,1,28,8,6,4,1,5,85,0.11
4,0.32704,81,0.00619346,0.00619346,1,1,28,8,6,4,1,5,85,0.093
4,0.32704,82,0.00619346,0.00619346,1,1,28,8,6,4,1,5,85,0.22
4,0.32704,83,0.00619346,0.00619346,1,1,28,8,6,4,1,5,85,0.142
4,0.32704,84,0.00619346,0.00619346,1,1,27,8,5,4,1,5,78,0.088
4,0.32704,85,0.00619346,0.00619346,1,1,27,8,5,4,1,5,78,0.286
4,0.32704,86,0.00619346,0.00619346,1,1,27,8,5,4,1,5,78,0.095
4,0.32704,87,0.00619346,0.00619346,1,1,27,8,5,4,1,5,78,0.194
4,0.32704,88,0.00619346,0.00619346,1,1,28,8,6,4,1,5,85,0.158
4,0.32704,89,0.00619346,0.00619346,1,1,28,8,6,4,1,5,85,0.129
4,0.32704,90,0.00619346,0.00619346,1,1,28,8,6,4,1,5,85,0.207
4,0.32704,91,0.00619346,0.00619346,1,1,28,8,6,4,1,5,85,0.236
4,0.32704,92,0.00619346,0.00619346,1,1,28,8,6,4,1,5,85,0.091
4,0.32704,93,0.00619346,0.00619346,1,1,28,8,6,4,1,5,85,0.299
4,0.32704,94,0.00619346,0.00619346,1,1,27,8,5,4,1,5,78,0.159
4,0.32704,95,0.00619346,0.00619346,1,1,27,8,5,4,1,5,78,0.121
4,0.32704,96,0.00619346,0.00619346,1,1,27,8,5,4,1,5,78,0.245
4,0.32704,97,0.00619346,0.00619346,1,1,25,8,4,4,1,5,71,0.177
4,0.32704,98,0.00619346,0.00619346,1,1,28,8,6,4,1,5,85,0.176
4,0.32704,99,0.00619346,0.00619346,1,1,28,8,6,4,1,5,85,0.272
4,0.418515,0,0.00464978,0.00464978,1,1,47,21,2,1,1,2,49,0.069
4,0.418515,1,0.00464978,0.00464978,1,1,45,21,2,0,0,0,35,0.09
4,0.418515,2,0.00464978,0.00464978,1,1,47,21,2,1,1,2,49,0.07
4,0.418515,3,0.00464978,0.00464978,1,1,45,21,2,0,0,0,35,0.076
4,0.418515,4,0.00464978,0.00464978,1,1,47,23,0,1,1,2,37,0.08
4,0.418515,5,0.00464978,0.00464978,1,1,45,23,0,0,0,0,23,0.09
4,0.418515,6,0.00464978,0.00464978,1,1,45,23,0,0,0,0,23,0.069
4,0.418515,7,0.00464978,0.00464978,1,1,47,23,0,1,1,2,37,0.102
4,0.418515,8,0.00464978,0.00464978,1,1,45,21,2,0,0,0,35,0.073
4,0.418515,9,0.00464978,0.00464978,1,1,47,21,2,1,1,2,49,0.066
4,0.418515,10,0.00464978,0.00464978,1,1,45,21,2,0,0,0,35,0.081
4,0.418515,11,0.00464978,0.00464978,1,1,47,21,2,1,1,2,49,0.097
4,0.418515,12,0.00464978,0.00464978,1,1,47,21,2,1,1,2,49,0.075
4,0.418515,13,0.00464978,0.00464978,1,1,45,21,2,0,0,0,35,0.071
4,0.418515,14,0.00464978,0.00464978,1,1,47,21,2,1,1,2,49,0.079
4,0.418515,15,0.00464978,0.00464978,1,1,45,21,2,0,0,0,35,0.073
4,0.418515,16,0.00464978,0.00464978,1,1,47,23,0,1,1,2,37,0.101
4,0.418515,17,0.00464978,0.00464978,1,1,45,23,0,0,0,0,23,0.068
4,0.418515,18,0.00464978,0.00464978,1,1,45,23,0,0,0,0,23,0.081
4,0.418515,19,0.00464978,0.00464978,1,1,47,23,0,1,1,2,37,0.068
4,0.418515,20,0.00464978,0.00464978,1,1,45,21,2,0,0,0,35,0.07
4,0.418515,21,0.00464978,0.00464978,1,1,47,21,2,1,1,2,49,0.104
4,0.418515,22,0.00464978,0.00464978,1,1,47,21,2,1,1,2,49,0.078
4,0.418515,23,0.00464978,0.00464978,1,1,45,21,2,0,0,0,35,0.102
4,0.418515,24,0.00464978,0.00464978,1,1,47,21,2,1,1,2,49,0.073
4,0.418515,25,0.00464978,0.00464978,1,1,45,21,2,0,0,0,35,0.08
4,0.418515,26,0.00464978,0.00464978,1,1,47,21,2,1,1,2,49,0.1
4,0.418515,27,0.00464978,0.00464978,1,1,45,21,2,0,0,0,35,0.07
4,0.418515,28,0.00464978,0.00464978,1,1,47,23,0,1,1,2,37,0.101
4,0.418515,29,0.00464978,0.00464978,1,1,45,23,0,0,0,0,23,0.075
4,0.418515,30,0.00464978,0.00464978,1,1,45,23,0,0,0,0,23,0.085
4,0.418515,31,0.00464978,0.00464978,1,1,47,23,0,1,1,2,37,0.103
4,0.418515,32,0.00464978,0.00464978,1,1,45,21,2,0,0,0,35,0.075
4,0.418515,33,0.00464978,0.00464978,1,1,47,21,2,1,1,2,49,0.07
4,0.418515,34,0.00464978,0.00464978,1,1,47,21,2,1,1,2,49,0.078
4,0.418515,35,0.00464978,0.00464978,1,1,45,21,2,0,0,0,35,0.073
4,0.418515,36,0.00522038,0.00522038,1,1,33,11,6,3,1,4,81,0.28
4,0.418515,37,0.00522038,0.00522038,1,1,33,11,6,3,1,4,81,0.194
4,0.418515,38,0.00522038,0.00522038,1,1,33,11,6,3,1,4,81,0.171
4,0.418515,39,0.00522038,0.00522038,1,1,33,11,6,3,1,4,81,0.202
4,0.418515,40,0.00522038,0.00522038,1,1,33,11,6,3,1,4,81,0.213
4,0.418515,41,0.00522038,0.00522038,1,1,33,11,6,3,1,4,81,0.206
4,0.418515,42,0.00522038,0.00522038,1,1,33,11,6,3,1,4,81,0.161
4,0.418515,43,0.00522038,0.00522038,1,1,33,11,6,3,1,4,81,0.326
4,0.418515,44,0.00522038,0.00522038,1,1,33,13,4,3,1,4,69,0.259
4,0.418515,45,0.00522038,0.00522038,1,1,33,13,4,3,1,4,69,0.265
4,0.418515,46,0.00522038,0.00522038,1,1,33,13,4,3,1,4,69,0.162
4,0.418515,47,0.00522038,0.00522038,1,1,33,13,4,3,1,4,69,0.195
4,0.418515,48,0.00522038,0.00522038,1,1,33,11,6,3,1,4,81,0.335
4,0.418515,49,0.00522038,0.00522038,1,1,33,11,6,3,1,4,81,0.234
4,0.418515,50,0.00522038,0.00522038,1,1,33,11,6,3,1,4,81,0.239
4,0.418515,51,0.00522038,0.00522038,1,1,33,11,6,3,1,4,81,0.242
4,0.418515,52,0.00522038,0.00522038,1,1,33,11,6,3,1,4,81,0.274
4,0.418515,53,0.00522038,0.00522038,1,1,33,11,6,3,1,4,81,0.261
4,0.418515,54,0.00522038,0.00522038,1,1,33,11,6,3,1,4,81,0.306
4,0.418515,55,0.00522038,0.00522038,1,1,33,11,6,3,1,4,81,0.247
4,0.418515,56,0.00522038,0.00522038,1,1,33,11,6,3,1,4,81,0.255
4,0.418515,57,0.00522038,0.00522038,1,1,33,11,6,3,1,4,81,0.224
4,0.418515,58,0.00522038,0.00522038,1,1,33,11,6,3,1,4,81,0.312
4,0.418515,59,0.00522038,0.00522038,1,1,33,11,6,3,1,4,81,0.26
4,0.418515,60,0.00522038,0.00522038,1,1,33,13,4,3,1,4,69,0.249
4,0.418515,61,0.00522038,0.00522038,1,1,33,13,4,3,1,4,69,0.215
4,0.418515,62,0.00522038,0.00522038,1,1,33,13,4,3,1,4,69,0.194
4,0.418515,63,0.00522038,0.00522038,1,1,33,13,4,3,1,4,69,0.298
4,0.418515,64,0.00522038,0.00522038,1,1,33,13,4,3,1,4,69,0.247
4,0.418515,65,0.00522038,0.00522038,1,1,33,13,4,3,1,4,69,0.242
4,0.418515,66,0.00522038,0.00522038,1,1,33,13,4,3,1,4,69,0.19
4,0.418515,67,0.00522038,0.00522038,1,1,33,13,4,3,1,4,69,0.292
4,0.418515,68,0.00522038,0.00522038,1,1,33,11,6,3,1,4,81,0.261
4,0.418515,69,0.00522038,0.00522038,1,1,33,11,6,3,1,4,81,0.256
4,0.418515,70,0.00522038,0.00522038,1,1,33,11,6,3,1,4,81,0.215
4,0.418515,71,0.00522038,0.00522038,1,1,33,11,6,3,1,4,81,0.259
4,0.418515,72,0.00545391,0.00545391,1,1,36,16,2,2,1,3,51,0.303
4,0.418515,73,0.00545391,0.00545391,1,1,36,16,2,2,1,3,51,0.26
4,0.418515,74,0.00545391,0.00545391,1,1,36,16,2,2,1,3,51,0.243
4,0.418515,75,0.00545391,0.00545391,1,1,36,16,2,2,1,3,51,0.226
4,0.418515,76,0.00545391,0.00545391,1,1,36,14,4,2,1,3,63,0.194
4,0.418515,77,0.00545391,0.00545391,1,1,36,14,4,2,1,3,63,0.254
4,0.418515,78,0.00545391,0.00545391,1,1,36,14,4,2,1,3,63,0.273
4,0.418515,79,0.00545391,0.00545391,1,1,36,14,4,2,1,3,63,0.26
4,0.418515,80,0.00545391,0.00545391,1,1,36,14,4,2,1,3,63,0.201
4,0.418515,81,0.00545391,0.00545391,1,1,36,14,4,2,1,3,63,0.215
4,0.418515,82,0.00545391,0.00545391,1,1,36,14,4,2,1,3,63,0.249
4,0.418515,83,0.00545391,0.00545391,1,1,36,14,4,2,1,3,63,0.219
4,0.418515,84,0.00545391,0.00545391,1,1,36,16,2,2,1,3,51,0.21
4,0.418515,85,0.00545391,0.00545391,1,1,36,16,2,2,1,3,51,0.166
4,0.418515,86,0.00545391,0.00545391,1,1,36,14,4,2,1,3,63,0.2
4,0.418515,87,0.00545391,0.00545391,1,1,36,14,4,2,1,3,63,0.193
4,0.418515,88,0.00545391,0.00545391,1,1,36,14,4,2,1,3,63,0.232
4,0.418515,89,0.00545391,0.00545391,1,1,36,14,4,2,1,3,63,0.159
4,0.418515,90,0.00545391,0.00545391,1,1,36,14,4,2,1,3,63,0.149
4,0.418515,91,0.00545391,0.00545391,1,1,36,14,4,2,1,3,63,0.221
4,0.418515,92,0.00545391,0.00545391,1,1,36,14,4,2,1,3,63,0.161
4,0.418515,93,0.00545391,0.00545391,1,1,36,14,4,2,1,3,63,0.247
4,0.418515,94,0.00545391,0.00545391,1,1,36,14,4,2,1,3,63,0.124
4,0.418515,95,0.00545391,0.00545391,1,1,36,14,4,2,1,3,63,0.158
4,0.418515,96,0.00545391,0.00545391,1,1,36,14,4,2,1,3,63,0.14
4,0.418515,97,0.00545391,0.00545391,1,1,36,14,4,2,1,3,63,0.222
4,0.418515,98,0.00545391,0.00545391,1,1,36,16,2,2,1,3,51,0.228
4,0.418515,99,0.00545391,0.00545391,1,1,36,16,2,2,1,3,51,0.163
4,0.523997,0,0.00575756,0.00575756,1,1,41,19,2,1,1,2,47,0.119
4,0.523997,1,0.00575756,0.00575756,1,1,39,19,2,0,0,0,33,0.184
4,0.523997,2,0.00575756,0.00575756,1,1,41,19,2,1,1,2,47,0.122
4,0.523997,3,0.00575756,0.00575756,1,1,39,19,2,0,0,0,33,0.189
4,0.523997,4,0.00575756,0.00575756,1,1,41,17,4,1,1,2,59,0.102
4,0.523997,5,0.00575756,0.00575756,1,1,39,17,4,0,0,0,45,0.123
4,0.523997,6,0.00575756,0.00575756,1,1,39,17,4,0,0,0,45,0.19
4,0.523997,7,0.00575756,0.00575756,1,1,41,17,4,1,1,2,59,0.06
4,0.523997,8,0.00575756,0.00575756,1,1,41,17,4,1,1,2,59,0.138
4,0.523997,9,0.00575756,0.00575756,1,1,39,17,4,0,0,0,45,0.104
4,0.523997,10,0.00575756,0.00575756,1,1,41,17,4,1,1,2,59,0.133
4,0.523997,11,0.00575756,0.00575756,1,1,39,17,4,0,0,0,45,0.112
4,0.523997,12,0.00575756,0.00575756,1,1,41,17,4,1,1,2,59,0.151
4,0.523997,13,0.00575756,0.00575756,1,1,39,17,4,0,0,0,45,0.191
4,0.523997,14,0.00575756,0.00575756,1,1,41,17,4,1,1,2,59,0.128
4,0.523997,15,0.00575756,0.00575756,1,1,39,17,4,0,0,0,45,0.122
4,0.523997,16,0.00575756,0.00575756,1,1,41,19,2,1,1,2,47,0.173
4,0.523997,17,0.00575756,0.00575756,1,1,39,19,2,0,0,0,33,0.119
4,0.523997,18,0.00575756,0.00575756,1,1,41,19,2,1,1,2,47,0.156
4,0.523997,19,0.00575756,0.00575756,1,1,39,19,2,0,0,0,33,0.115
4,0.523997,20,0.00575756,0.00575756,1,1,41,17,4,1,1,2,59,0.117
4,0.523997,21,0.00575756,0.00575756,1,1,39,17,4,0,0,0,45,0.172
4,0.523997,22,0.00575756,0.00575756,1,1,41,17,4,1,1,2,59,0.143
4,0.523997,23,0.00575756,0.00575756,1,1,39,17,4,0,0,0,45,0.213
4,0.523997,24,0.00575756,0.00575756,1,1,39,19,2,0,0,0,33,0.141
4,0.523997,25,0.00575756,0.00575756,1,1,41,19,2,1,1,2,47,0.126
4,0.523997,26,0.00575756,0.00575756,1,1,39,19,2,0,0,0,33,0.179
4,0.523997,27,0.00575756,0.00575756,1,1,41,19,2,1,1,2,47,0.114
4,0.523997,28,0.00575756,0.00575756,1,1,39,17,4,0,0,0,45,0.209
4,0.523997,29,0.00575756,0.00575756,1,1,41,17,4,1,1,2,59,0.125
4,0.523997,30,0.00575756,0.00575756,1,1,39,17,4,0,0,0,45,0.147
4,0.523997,31,0.00575756,0.00575756,1,1,41,17,4,1,1,2,59,0.128
4,0.523997,32,0.00575756,0.00575756,1,1,39,17,4,0,0,0,45,0.139
4,0.523997,33,0.00575756,0.00575756,1,1,41,17,4,1,1,2,59,0.192
4,0.523997,34,0.00575756,0.00575756,1,1,39,17,4,0,0,0,45,0.063
4,0.523997,35,0.00575756,0.00575756,1,1,41,17,4,1,1,2,59,0.117
4,0.523997,36,0.00612549,0.00612549,1,1,27,9,6,2,0,2,65,0.145
4,0.523997,37,0.00612549,0.00612549,1,1,29,9,6,3,1,4,79,0.11
4,0.523997,38,0.00612549,0.00612549,1,1,29,9,6,3,1,4,79,0.143
4,0.523997,39,0.00612549,0.00612549,1,1,27,9,6,2,0,2,65,0.263
4,0.523997,40,0.00612549,0.00612549,1,1,27,9,6,2,0,2,65,0.1
4,0.523997,41,0.00612549,0.00612549,1,1,29,9,6,3,1,4,79,0.209
4,0.523997,42,0.00612549,0.00612549,1,1,29,9,6,3,1,4,79,0.096
4,0.523997,43,0.00612549,0.00612549,1,1,27,9,6,2,0,2,65,0.188
4,0.523997,44,0.00612549,0.00612549,1,1,27,11,4,2,0,2,53,0.101
4,0.523997,45,0.00612549,0.00612549,1,1,29,11,4,3,1,4,67,0.219
4,0.523997,46,0.00612549,0.00612549,1,1,27,11,4,2,0,2,53,0.35
4,0.523997,47,0.00612549,0.00612549,1,1,29,11,4,3,1,4,67,0.176
4,0.523997,48,0.00612549,0.00612549,1,1,27,9,6,2,0,2,65,0.097
4,0.523997,49,0.00612549,0.00612549,1,1,29,9,6,3,1,4,79,0.096
4,0.523997,50,0.00612549,0.00612549,1,1,27,9,6,2,0,2,65,0.18
4,0.523997,51,0.00612549,0.00612549,1,1,29,9,6,3,1,4,79,0.097
4,0.523997,52,0.00612549,0.00612549,1,1,29,9,6,3,1,4,79,0.094
4,0.523997,53,0.00612549,0.00612549,1,1,27,9,6,2,0,2,65,0.097
4,0.523997,54,0.00612549,0.00612549,1,1,29,9,6,3,1,4,79,0.096
4,0.523997,55,0.00612549,0.00612549,1,1,27,9,6,2,0,2,65,0.26
4,0.523997,56,0.00612549,0.00612549,1,1,29,9,6,3,1,4,79,0.114
4,0.523997,57,0.00612549,0.00612549,1,1,27,9,6,2,0,2,65,0.226
4,0.523997,58,0.00612549,0.00612549,1,1,29,9,6,3,1,4,79,0.102
4,0.523997,59,0.00612549,0.00612549,1,1,27,9,6,2,0,2,65,0.184
4,0.523997,60,0.00612549,0.00612549,1,1,27,11,4,2,0,2,53,0.1
4,0.523997,61,0.00612549,0.00612549,1,1,29,11,4,3,1,4,67,0.247
4,0.523997,62,0.00612549,0.00612549,1,1,29,11,4,3,1,4,67,0.256
4,0.523997,63,0.00612549,0.00612549,1,1,27,11,4,2,0,2,53,0.1
4,0.523997,64,0.00612549,0.00612549,1,1,27,9,6,2,0,2,65,0.165
4,0.523997,65,0.00612549,0.00612549,1,1,29,9,6,3,1,4,79,0.122
4,0.523997,66,0.00612549,0.00612549,1,1,29,9,6,3,1,4,79,0.13
4,0.523997,67,0.00612549,0.00612549,1,1,27,9,6,2,0,2,65,0.309
4,0.523997,68,0.00612549,0.00612549,1,1,29,11,4,3,1,4,67,0.229
4,0.523997,69,0.00612549,0.00612549,1,1,27,11,4,2,0,2,53,0.288
4,0.523997,70,0.00612549,0.00612549,1,1,27,11,4,2,0,2,53,0.137
4,0.523997,71,0.00612549,0.00612549,1,1,29,11,4,3,1,4,67,0.214
4,0.523997,72,0.00613492,0.00613492,1,1,28,11,4,3,0,3,60,0.191
4,0.523997,73,0.00613492,0.00613492,1,1,30,11,4,4,1,5,74,0.302
4,0.523997,74,0.00613492,0.00613492,1,1,30,9,6,4,1,5,86,0.253
4,0.523997,75,0.00613492,0.00613492,1,1,28,9,6,3,0,3,72,0.175
4,0.523997,76,0.00613492,0.00613492,1,1,30,9,6,4,1,5,86,0.229
4,0.523997,77,0.00613492,0.00613492,1,1,28,9,6,3,0,3,72,0.209
4,0.523997,78,0.00613492,0.00613492,1,1,28,9,6,3,0,3,72,0.214
4,0.523997,79,0.00613492,0.00613492,1,1,30,9,6,4,1,5,86,0.146
4,0.523997,80,0.00613492,0.00613492,1,1,30,9,6,4,1,5,86,0.17
4,0.523997,81,0.00613492,0.00613492,1,1,28,9,6,3,0,3,72,0.107
4,0.523997,82,0.00613492,0.00613492,1,1,28,9,6,3,0,3,72,0.067
4,0.523997,83,0.00613492,0.00613492,1,1,30,9,6,4,1,5,86,0.106
4,0.523997,84,0.00613492,0.00613492,1,1,30,9,6,4,1,5,86,0.107
4,0.523997,85,0.00613492,0.00613492,1,1,28,9,6,3,0,3,72,0.071
4,0.523997,86,0.00613492,0.00613492,1,1,28,9,6,3,0,3,72,0.106
4,0.523997,87,0.00613492,0.00613492,1,1,30,9,6,4,1,5,86,0.069
4,0.523997,88,0.00613492,0.00613492,1,1,30,9,6,4,1,5,86,0.107
4,0.523997,89,0.00613492,0.00613492,1,1,28,9,6,3,0,3,72,0.111
4,0.523997,90,0.00613492,0.00613492,1,1,28,9,6,3,0,3,72,0.106
4,0.523997,91,0.00613492,0.00613492,1,1,30,9,6,4,1,5,86,0.071
4,0.523997,92,0.00613492,0.00613492,1,1,30,11,4,4,1,5,74,0.107
4,0.523997,93,0.00613492,0.00613492,1,1,28,11,4,3,0,3,60,0.109
4,0.523997,94,0.00613492,0.00613492,1,1,30,9,6,4,1,5,86,0.077
4,0.523997,95,0.00613492,0.00613492,1,1,28,9,6,3,0,3,72,0.108
4,0.523997,96,0.00613492,0.00613492,1,1,30,9,6,4,1,5,86,0.076
4,0.523997,97,0.00613492,0.00613492,1,1,28,9,6,3,0,3,72,0.067
4,0.523997,98,0.00613492,0.00613492,1,1,30,11,4,4,1,5,74,0.111
4,0.523997,99,0.00613492,0.00613492,1,1,28,11,4,3,0,3,60,0.093
4,0.653584,0,0.00517061,0.00517061,1,1,19,5,8,2,0,2,75,0.09
4,0.653584,1,0.00517061,0.00517061,1,1,21,5,8,3,1,4,89,0.087
4,0.653584,2,0.00517061,0.00517061,1,1,21,5,8,3,1,4,89,0.125
4,0.653584,3,0.00517061,0.00517061,1,1,19,5,8,2,0,2,75,0.149
4,0.653584,4,0.00517061,0.00517061,1,1,21,3,10,3,1,4,101,0.086
4,0.653584,5,0.00517061,0.00517061,1,1,19,3,10,2,0,2,87,0.087
4,0.653584,6,0.00517061,0.00517061,1,1,21,3,10,3,1,4,101,0.089
4,0.653584,7,0.00517061,0.00517061,1,1,19,3,10,2,0,2,87,0.085
4,0.653584,8,0.00517061,0.00517061,1,1,21,3,10,3,1,4,101,0.126
4,0.653584,9,0.00517061,0.00517061,1,1,19,3,10,2,0,2,87,0.151
4,0.653584,10,0.00517061,0.00517061,1,1,21,3,10,3,1,4,101,0.089
4,0.653584,11,0.00517061,0.00517061,1,1,19,3,10,2,0,2,87,0.086
4,0.653584,12,0.00517061,0.00517061,1,1,21,3,10,3,1,4,101,0.124
4,0.653584,13,0.00517061,0.00517061,1,1,19,3,10,2,0,2,87,0.086
4,0.653584,14,0.00517061,0.00517061,1,1,21,3,10,3,1,4,101,0.09
4,0.653584,15,0.00517061,0.00517061,1,1,19,3,10,2,0,2,87,0.152
4,0.653584,16,0.00517061,0.00517061,1,1,19,3,10,2,0,2,87,0.088
4,0.653584,17,0.00517061,0.00517061,1,1,21,3,10,3,1,4,101,0.096
4,0.653584,18,0.00517061,0.00517061,1,1,21,3,10,3,1,4,101,0.126
4,0.653584,19,0.00517061,0.00517061,1,1,19,3,10,2,0,2,87,0.085
4,0.653584,20,0.00517061,0.00517061,1,1,19,5,8,2,0,2,75,0.15
4,0.653584,21,0.00517061,0.00517061,1,1,21,5,8,3,1,4,89,0.085
4,0.653584,22,0.00517061,0.00517061,1,1,21,5,8,3,1,4,89,0.125
4,0.653584,23,0.00517061,0.00517061,1,1,19,5,8,2,0,2,75,0.091
4,0.653584,24,0.00517061,0.00517061,1,1,19,5,8,2,0,2,75,0.095
4,0.653584,25,0.00517061,0.00517061,1,1,21,5,8,3,1,4,89,0.149
4,0.653584,26,0.00517061,0.00517061,1,1,21,5,8,3,1,4,89,0.123
4,0.653584,27,0.00517061,0.00517061,1,1,19,5,8,2,0,2,75,0.085
4,0.653584,28,0.00517061,0.00517061,1,1,19,3,10,2,0,2,87,0.088
4,0.653584,29,0.00517061,0.00517061,1,1,21,3,10,3,1,4,101,0.086
4,0.653584,30,0.00517061,0.00517061,1,1,19,3,10,2,0,2,87,0.092
4,0.653584,31,0.00517061,0.00517061,1,1,21,3,10,3,1,4,101,0.125
4,0.653584,32,0.00517061,0.00517061,1,1,19,3,10,2,0,2,87,0.149
4,0.653584,33,0.00517061,0.00517061,1,1,21,3,10,3,1,4,101,0.084
4,0.653584,34,0.00517061,0.00517061,1,1,19,3,10,2,0,2,87,0.091
4,0.653584,35,0.00517061,0.00517061,1,1,21,3,10,3,1,4,101,0.135
4,0.653584,36,0.0053776,0.0053776,1,1,28,9,5,3,1,4,72,0.074
4,0.653584,37,0.0053776,0.0053776,1,1,26,9,5,2,0,2,58,0.126
4,0.653584,38,0.0053776,0.0053776,1,1,28,9,5,3,1,4,72,0.071
4,0.653584,39,0.0053776,0.0053776,1,1,26,9,5,2,0,2,58,0.074
4,0.653584,40,0.0053776,0.0053776,1,1,29,9,6,3,1,4,79,0.083
4,0.653584,41,0.0053776,0.0053776,1,1,27,9,6,2,0,2,65,0.105
4,0.653584,42,0.0053776,0.0053776,1,1,29,9,6,3,1,4,79,0.127
4,0.653584,43,0.0053776,0.0053776,1,1,27,9,6,2,0,2,65,0.073
4,0.653584,44,0.0053776,0.0053776,1,1,29,9,6,3,1,4,79,0.075
4,0.653584,45,0.0053776,0.0053776,1,1,27,9,6,2,0,2,65,0.071
4,0.653584,46,0.0053776,0.0053776,1,1,27,9,6,2,0,2,65,0.106
4,0.653584,47,0.0053776,0.0053776,1,1,29,9,6,3,1,4,79,0.073
4,0.653584,48,0.0053776,0.0053776,1,1,28,9,5,3,1,4,72,0.123
4,0.653584,49,0.0053776,0.0053776,1,1,26,9,5,2,0,2,58,0.071
4,0.653584,50,0.0053776,0.0053776,1,1,26,9,4,3,1,4,65,0.105
4,0.653584,51,0.0053776,0.0053776,1,1,24,9,4,2,0,2,51,0.073
4,0.653584,52,0.0053776,0.0053776,1,1,27,9,6,2,0,2,65,0.07
4,0.653584,53,0.0053776,0.0053776,1,1,29,9,6,3,1,4,79,0.123
4,0.653584,54,0.0053776,0.0053776,1,1,29,9,6,3,1,4,79,0.076
4,0.653584,55,0.0053776,0.0053776,1,1,27,9,6,2,0,2,65,0.072
4,0.653584,56,0.0053776,0.0053776,1,1,29,9,6,3,1,4,79,0.105
4,0.653584,57,0.0053776,0.0053776,1,1,27,9,6,2,0,2,65,0.071
4,0.653584,58,0.0053776,0.0053776,1,1,29,9,6,3,1,4,79,0.073
4,0.653584,59,0.0053776,0.0053776,1,1,27,9,6,2,0,2,65,0.124
4,0.653584,60,0.0053776,0.0053776,1,1,26,9,5,2,0,2,58,0.105
4,0.653584,61,0.0053776,0.0053776,1,1,28,9,5,3,1,4,72,0.076
4,0.653584,62,0.0053776,0.0053776,1,1,26,9,5,2,0,2,58,0.072
4,0.653584,63,0.0053776,0.0053776,1,1,28,9,5,3,1,4,72,0.078
4,0.653584,64,0.0053776,0.0053776,1,1,27,9,6,2,0,2,65,0.127
4,0.653584,65,0.0053776,0.0053776,1,1,29,9,6,3,1,4,79,0.105
4,0.653584,66,0.0053776,0.0053776,1,1,27,9,6,2,0,2,65,0.079
4,0.653584,67,0.0053776,0.0053776,1,1,29,9,6,3,1,4,79,0.081
4,0.653584,68,0.0053776,0.0053776,1,1,27,9,6,2,0,2,65,0.074
4,0.653584,69,0.0053776,0.0053776,1,1,29,9,6,3,1,4,79,0.107
4,0.653584,70,0.0053776,0.0053776,1,1,29,9,6,3,1,4,79,0.124
4,0.653584,71,0.0053776,0.0053776,1,1,27,9,6,2,0,2,65,0.076
4,0.653584,72,0.00556794,0.00556794,1,1,33,11,6,3,1,4,81,0.06
4,0.653584,73,0.00556794,0.00556794,1,1,33,11,6,3,1,4,81,0.088
4,0.653584,74,0.00556794,0.00556794,1,1,33,11,6,3,1,4,81,0.059
4,0.653584,75,0.00556794,0.00556794,1,1,33,11,6,3,1,4,81,0.065
4,0.653584,76,0.00556794,0.00556794,1,1,33,13,4,3,1,4,69,0.103
4,0.653584,77,0.00556794,0.00556794,1,1,33,13,4,3,1,4,69,0.06
4,0.653584,78,0.00556794,0.00556794,1,1,33,13,4,3,1,4,69,0.058
4,0.653584,79,0.00556794,0.00556794,1,1,33,13,4,3,1,4,69,0.097
4,0.653584,80,0.00556794,0.00556794,1,1,33,11,6,3,1,4,81,0.06
4,0.653584,81,0.00556794,0.00556794,1,1,33,11,6,3,1,4,81,0.063
4,0.653584,82,0.00556794,0.00556794,1,1,33,11,6,3,1,4,81,0.103
4,0.653584,83,0.00556794,0.00556794,1,1,33,11,6,3,1,4,81,0.06
4,0.653584,84,0.00556794,0.00556794,1,1,33,11,6,3,1,4,81,0.088
4,0.653584,85,0.00556794,0.00556794,1,1,33,11,6,3,1,4,81,0.061
4,0.653584,86,0.00556794,0.00556794,1,1,33,11,6,3,1,4,81,0.101
4,0.653584,87,0.00556794,0.00556794,1,1,33,11,6,3,1,4,81,0.061
4,0.653584,88,0.00556794,0.00556794,1,1,33,13,4,3,1,4,69,0.065
4,0.653584,89,0.00556794,0.00556794,1,1,33,13,4,3,1,4,69,0.087
4,0.653584,90,0.00556794,0.00556794,1,1,33,13,4,3,1,4,69,0.059
4,0.653584,91,0.00556794,0.00556794,1,1,33,13,4,3,1,4,69,0.062
4,0.653584,92,0.00556794,0.00556794,1,1,33,11,6,3,1,4,81,0.105
4,0.653584,93,0.00556794,0.00556794,1,1,33,11,6,3,1,4,81,0.089
4,0.653584,94,0.00556794,0.00556794,1,1,33,11,6,3,1,4,81,0.061
4,0.653584,95,0.00556794,0.00556794,1,1,33,11,6,3,1,4,81,0.061
4,0.653584,96,0.00556794,0.00556794,1,1,33,11,6,3,1,4,81,0.059
4,0.653584,97,0.00556794,0.00556794,1,1,33,11,6,3,1,4,81,0.064
4,0.653584,98,0.00556794,0.00556794,1,1,33,13,4,3,1,4,69,0.104
4,0.653584,99,0.00556794,0.00556794,1,1,33,13,4,3,1,4,69,0.088
4,0.750958,0,0.00529518,0.00529518,1,1,27,7,8,3,1,4,91,0.076
4,0.750958,1,0.00529518,0.00529518,1,1,27,7,8,3,1,4,91,0.078
4,0.750958,2,0.00529518,0.00529518,1,1,27,7,8,3,1,4,91,0.108
4,0.750958,3,0.00529518,0.00529518,1,1,27,7,8,3,1,4,91,0.127
4,0.750958,4,0.00529518,0.00529518,1,1,27,9,6,3,1,4,79,0.076
4,0.750958,5,0.00529518,0.00529518,1,1,27,9,6,3,1,4,79,0.079
4,0.750958,6,0.00529518,0.00529518,1,1,27,9,6,3,1,4,79,0.075
4,0.750958,7,0.00529518,0.00529518,1,1,27,9,6,3,1,4,79,0.107
4,0.750958,8,0.00529518,0.00529518,1,1,27,7,8,3,1,4,91,0.078
4,0.750958,9,0.00529518,0.00529518,1,1,27,7,8,3,1,4,91,0.129
4,0.750958,10,0.00529518,0.00529518,1,1,27,7,8,3,1,4,91,0.075
4,0.750958,11,0.00529518,0.00529518,1,1,27,7,8,3,1,4,91,0.073
4,0.750958,12,0.00529518,0.00529518,1,1,27,9,6,3,1,4,79,0.109
4,0.750958,13,0.00529518,0.00529518,1,1,27,9,6,3,1,4,79,0.077
4,0.750958,14,0.00529518,0.00529518,1,1,27,9,6,3,1,4,79,0.129
4,0.750958,15,0.00529518,0.00529518,1,1,27,9,6,3,1,4,79,0.093
4,0.750958,16,0.00529518,0.00529518,1,1,27,7,8,3,1,4,91,0.109
4,0.750958,17,0.00529518,0.00529518,1,1,27,7,8,3,1,4,91,0.076
4,0.750958,18,0.00529518,0.00529518,1,1,27,7,8,3,1,4,91,0.078
4,0.750958,19,0.00529518,0.00529518,1,1,27,7,8,3,1,4,91,0.129
4,0.750958,20,0.00529518,0.00529518,1,1,27,7,8,3,1,4,91,0.074
4,0.750958,21,0.00529518,0.00529518,1,1,27,7,8,3,1,4,91,0.108
4,0.750958,22,0.00529518,0.00529518,1,1,27,7,8,3,1,4,91,0.08
4,0.750958,23,0.00529518,0.00529518,1,1,27,7,8,3,1,4,91,0.074
4,0.750958,24,0.00529518,0.00529518,1,1,27,9,6,3,1,4,79,0.08
4,0.750958,25,0.00529518,0.00529518,1,1,27,9,6,3,1,4,79,0.129
4,0.750958,26,0.00529518,0.00529518,1,1,27,9,6,3,1,4,79,0.119
4,0.750958,27,0.00529518,0.00529518,1,1,27,9,6,3,1,4,79,0.072
4,0.750958,28,0.00529518,0.00529518,1,1,27,7,8,3,1,4,91,0.078
4,0.750958,29,0.00529518,0.00529518,1,1,27,7,8,3,1,4,91,0.073
4,0.750958,30,0.00529518,0.00529518,1,1,27,7,8,3,1,4,91,0.127
4,0.750958,31,0.00529518,0.00529518,1,1,27,7,8,3,1,4,91,0.108
4,0.750958,32,0.00529518,0.00529518,1,1,27,7,8,3,1,4,91,0.078
4,0.750958,33,0.00529518,0.00529518,1,1,27,7,8,3,1,4,91,0.072
4,0.750958,34,0.00529518,0.00529518,1,1,27,7,8,3,1,4,91,0.072
4,0.750958,35,0.00529518,0.00529518,1,1,27,7,8,3,1,4,91,0.074
4,0.750958,36,0.00611781,0.00611781,1,1,39,17,4,0,0,0,45,0.059
4,0.750958,37,0.00611781,0.00611781,1,1,41,17,4,1,1,2,59,0.067
4,0.750958,38,0.00611781,0.00611781,1,1,39,17,4,0,0,0,45,0.06
4,0.750958,39,0.00611781,0.00611781,1,1,41,17,4,1,1,2,59,0.043
4,0.750958,40,0.00611781,0.00611781,1,1,41,17,4,1,1,2,59,0.042
4,0.750958,41,0.00611781,0.00611781,1,1,39,17,4,0,0,0,45,0.068
4,0.750958,42,0.00611781,0.00611781,1,1,41,17,4,1,1,2,59,0.04
4,0.750958,43,0.00611781,0.00611781,1,1,39,17,4,0,0,0,45,0.04
4,0.750958,44,0.00611781,0.00611781,1,1,41,17,4,1,1,2,59,0.058
4,0.750958,45,0.00611781,0.00611781,1,1,39,17,4,0,0,0,45,0.039
4,0.750958,46,0.00611781,0.00611781,1,1,41,17,4,1,1,2,59,0.068
4,0.750958,47,0.00611781,0.00611781,1,1,39,17,4,0,0,0,45,0.039
4,0.750958,48,0.00611781,0.00611781,1,1,39,17,4,0,0,0,45,0.058
4,0.750958,49,0.00611781,0.00611781,1,1,41,17,4,1,1,2,59,0.04
4,0.750958,50,0.00611781,0.00611781,1,1,41,17,4,1,1,2,59,0.04
4,0.750958,51,0.00611781,0.00611781,1,1,39,17,4,0,0,0,45,0.067
4,0.750958,52,0.00611781,0.00611781,1,1,39,19,2,0,0,0,33,0.041
4,0.750958,53,0.00611781,0.00611781,1,1,41,19,2,1,1,2,47,0.059
4,0.750958,54,0.00611781,0.00611781,1,1,39,19,2,0,0,0,33,0.071
4,0.750958,55,0.00611781,0.00611781,1,1,41,19,2,1,1,2,47,0.041
4,0.750958,56,0.00611781,0.00611781,1,1,41,19,2,1,1,2,47,0.068
4,0.750958,57,0.00611781,0.00611781,1,1,39,19,2,0,0,0,33,0.061
4,0.750958,58,0.00611781,0.00611781,1,1,41,19,2,1,1,2,47,0.068
4,0.750958,59,0.00611781,0.00611781,1,1,39,19,2,0,0,0,33,0.041
4,0.750958,60,0.00611781,0.00611781,1,1,39,19,2,0,0,0,33,0.04
4,0.750958,61,0.00611781,0.00611781,1,1,41,19,2,1,1,2,47,0.066
4,0.750958,62,0.00611781,0.00611781,1,1,41,19,2,1,1,2,47,0.059
4,0.750958,63,0.00611781,0.00611781,1,1,39,19,2,0,0,0,33,0.069
4,0.750958,64,0.00611781,0.00611781,1,1,41,17,4,1,1,2,59,0.045
4,0.750958,65,0.00611781,0.00611781,1,1,39,17,4,0,0,0,45,0.058
4,0.750958,66,0.00611781,0.00611781,1,1,39,17,4,0,0,0,45,0.067
4,0.750958,67,0.00611781,0.00611781,1,1,41,17,4,1,1,2,59,0.04
4,0.750958,68,0.00611781,0.00611781,1,1,39,17,4,0,0,0,45,0.066
4,0.750958,69,0.00611781,0.00611781,1,1,41,17,4,1,1,2,59,0.059
4,0.750958,70,0.00611781,0.00611781,1,1,39,17,4,0,0,0,45,0.051
4,0.750958,71,0.00611781,0.00611781,1,1,41,17,4,1,1,2,59,0.068
4,0.750958,72,0.00621691,0.00621691,1,1,33,11,6,3,1,4,81,0.097
4,0.750958,73,0.00621691,0.00621691,1,1,31,11,6,2,0,2,67,0.077
4,0.750958,74,0.00621691,0.00621691,1,1,31,11,6,2,0,2,67,0.083
4,0.750958,75,0.00621691,0.00621691,1,1,33,11,6,3,1,4,81,0.097
4,0.750958,76,0.00621691,0.00621691,1,1,33,13,4,3,1,4,69,0.062
4,0.750958,77,0.00621691,0.00621691,1,1,31,13,4,2,0,2,55,0.096
4,0.750958,78,0.00621691,0.00621691,1,1,33,11,6,3,1,4,81,0.082
4,0.750958,79,0.00621691,0.00621691,1,1,31,11,6,2,0,2,67,0.097
4,0.750958,80,0.00621691,0.00621691,1,1,33,11,6,3,1,4,81,0.057
4,0.750958,81,0.00621691,0.00621691,1,1,31,11,6,2,0,2,67,0.081
4,0.750958,82,0.00621691,0.00621691,1,1,33,11,6,3,1,4,81,0.095
4,0.750958,83,0.00621691,0.00621691,1,1,31,11,6,2,0,2,67,0.062
4,0.750958,84,0.00621691,0.00621691,1,1,31,11,6,2,0,2,67,0.095
4,0.750958,85,0.00621691,0.00621691,1,1,33,11,6,3,1,4,81,0.081
4,0.750958,86,0.00621691,0.00621691,1,1,31,11,6,2,0,2,67,0.056
4,0.750958,87,0.00621691,0.00621691,1,1,33,11,6,3,1,4,81,0.094
4,0.750958,88,0.00621691,0.00621691,1,1,33,11,6,3,1,4,81,0.078
4,0.750958,89,0.00621691,0.00621691,1,1,31,11,6,2,0,2,67,0.096
4,0.750958,90,0.00621691,0.00621691,1,1,33,13,4,3,1,4,69,0.083
4,0.750958,91,0.00621691,0.00621691,1,1,31,13,4,2,0,2,55,0.093
4,0.750958,92,0.00621691,0.00621691,1,1,31,13,4,2,0,2,55,0.094
4,0.750958,93,0.00621691,0.00621691,1,1,33,13,4,3,1,4,69,0.084
4,0.750958,94,0.00621691,0.00621691,1,1,31,13,4,2,0,2,55,0.1
4,0.750958,95,0.00621691,0.00621691,1,1,33,13,4,3,1,4,69,0.095
4,0.750958,96,0.00621691,0.00621691,1,1,31,11,6,2,0,2,67,0.093
4,0.750958,97,0.00621691,0.00621691,1,1,33,11,6,3,1,4,81,0.083
4,0.750958,98,0.00621691,0.00621691,1,1,31,11,6,2,0,2,67,0.1
4,0.750958,99,0.00621691,0.00621691,1,1,33,11,6,3,1,4,81,0.095
4,0.884369,0,0.00546505,0.00546505,1,1,33,13,6,0,0,0,55,0.102
4,0.884369,1,0.00546505,0.00546505,1,1,35,13,6,1,1,2,69,0.091
4,0.884369,2,0.00546505,0.00546505,1,1,35,13,6,1,1,2,69,0.105
4,0.884369,3,0.00546505,0.00546505,1,1,33,13,6,0,0,0,55,0.101
4,0.884369,4,0.00546505,0.00546505,1,1,35,15,4,1,1,2,57,0.092
4,0.884369,5,0.00546505,0.00546505,1,1,33,15,4,0,0,0,43,0.101
4,0.884369,6,0.00546505,0.00546505,1,1,35,15,4,1,1,2,57,0.105
4,0.884369,7,0.00546505,0.00546505,1,1,33,15,4,0,0,0,43,0.101
4,0.884369,8,0.00546505,0.00546505,1,1,35,13,6,1,1,2,69,0.091
4,0.884369,9,0.00546505,0.00546505,1,1,33,13,6,0,0,0,55,0.101
4,0.884369,10,0.00546505,0.00546505,1,1,33,13,6,0,0,0,55,0.106
4,0.884369,11,0.00546505,0.00546505,1,1,35,13,6,1,1,2,69,0.101
4,0.884369,12,0.00546505,0.00546505,1,1,35,13,6,1,1,2,69,0.092
4,0.884369,13,0.00546505,0.00546505,1,1,33,13,6,0,0,0,55,0.101
4,0.884369,14,0.00546505,0.00546505,1,1,33,13,6,0,0,0,55,0.105
4,0.884369,15,0.00546505,0.00546505,1,1,35,13,6,1,1,2,69,0.091
4,0.884369,16,0.00546505,0.00546505,1,1,35,13,6,1,1,2,69,0.102
4,0.884369,17,0.00546505,0.00546505,1,1,33,13,6,0,0,0,55,0.101
4,0.884369,18,0.00546505,0.00546505,1,1,33,13,6,0,0,0,55,0.109
4,0.884369,19,0.00546505,0.00546505,1,1,35,13,6,1,1,2,69,0.093
4,0.884369,20,0.00546505,0.00546505,1,1,33,15,4,0,0,0,43,0.103
4,0.884369,21,0.00546505,0.00546505,1,1,35,15,4,1,1,2,57,0.102
4,0.884369,22,0.00546505,0.00546505,1,1,35,15,4,1,1,2,57,0.092
4,0.884369,23,0.00546505,0.00546505,1,1,33,15,4,0,0,0,43,0.106
4,0.884369,24,0.00546505,0.00546505,1,1,35,13,6,1,1,2,69,0.101
4,0.884369,25,0.00546505,0.00546505,1,1,33,13,6,0,0,0,55,0.101
4,0.884369,26,0.00546505,0.00546505,1,1,35,13,6,1,1,2,69,0.105
4,0.884369,27,0.00546505,0.00546505,1,1,33,13,6,0,0,0,55,0.107
4,0.884369,28,0.00546505,0.00546505,1,1,33,15,4,0,0,0,43,0.082
4,0.884369,29,0.00546505,0.00546505,1,1,35,15,4,1,1,2,57,0.093
4,0.884369,30,0.00546505,0.00546505,1,1,35,15,4,1,1,2,57,0.184
4,0.884369,31,0.00546505,0.00546505,1,1,33,15,4,0,0,0,43,0.061
4,0.884369,32,0.00546505,0.00546505,1,1,33,13,6,0,0,0,55,0.102
4,0.884369,33,0.00546505,0.00546505,1,1,35,13,6,1,1,2,69,0.111
4,0.884369,34,0.00546505,0.00546505,1,1,33,13,6,0,0,0,55,0.061
4,0.884369,35,0.00546505,0.00546505,1,1,35,13,6,1,1,2,69,0.103
4,0.884369,36,0.00581154,0.00581154,1,1,29,11,6,1,1,2,67,0.073
4,0.884369,37,0.00581154,0.00581154,1,1,29,11,6,1,1,2,67,0.221
4,0.884369,38,0.00581154,0.00581154,1,1,41,17,4,1,1,2,59,0.086
4,0.884369,39,0.00581154,0.00581154,1,1,41,17,4,1,1,2,59,0.041
4,0.884369,40,0.00581154,0.00581154,1,1,41,17,4,1,1,2,59,0.072
4,0.884369,41,0.00581154,0.00581154,1,1,41,17,4,1,1,2,59,0.042
4,0.884369,42,0.00581154,0.00581154,1,1,29,9,8,1,1,2,79,0.108
4,0.884369,43,0.00581154,0.00581154,1,1,29,9,8,1,1,2,79,0.072
4,0.884369,44,0.00581154,0.00581154,1,1,29,9,8,1,1,2,79,0.125
4,0.884369,45,0.00581154,0.00581154,1,1,29,9,8,1,1,2,79,0.071
4,0.884369,46,0.00581154,0.00581154,1,1,41,17,4,1,1,2,59,0.075
4,0.884369,47,0.00581154,0.00581154,1,1,41,17,4,1,1,2,59,0.083
4,0.884369,48,0.00581154,0.00581154,1,1,41,17,4,1,1,2,59,0.044
4,0.884369,49,0.00581154,0.00581154,1,1,41,17,4,1,1,2,59,0.071
4,0.884369,50,0.00581154,0.00581154,1,1,29,9,8,1,1,2,79,0.15
4,0.884369,51,0.00581154,0.00581154,1,1,29,9,8,1,1,2,79,0.111
4,0.884369,52,0.00581154,0.00581154,1,1,29,9,8,1,1,2,79,0.073
4,0.884369,53,0.00581154,0.00581154,1,1,29,9,8,1,1,2,79,0.126
4,0.884369,54,0.00581154,0.00581154,1,1,41,19,2,1,1,2,47,0.044
4,0.884369,55,0.00581154,0.00581154,1,1,41,19,2,1,1,2,47,0.064
4,0.884369,56,0.00581154,0.00581154,1,1,41,19,2,1,1,2,47,0.043
4,0.884369,57,0.00581154,0.00581154,1,1,41,19,2,1,1,2,47,0.065
4,0.884369,58,0.00581154,0.00581154,1,1,41,17,4,1,1,2,59,0.072
4,0.884369,59,0.00581154,0.00581154,1,1,41,17,4,1,1,2,59,0.045
4,0.884369,60,0.00581154,0.00581154,1,1,41,17,4,1,1,2,59,0.065
4,0.884369,61,0.00581154,0.00581154,1,1,41,17,4,1,1,2,59,0.065
4,0.884369,62,0.00581154,0.00581154,1,1,41,19,2,1,1,2,47,0.045
4,0.884369,63,0.00581154,0.00581154,1,1,41,19,2,1,1,2,47,0.073
4,0.884369,64,0.00581154,0.00581154,1,1,41,19,2,1,1,2,47,0.095
4,0.884369,65,0.00581154,0.00581154,1,1,41,19,2,1,1,2,47,0.041
4,0.884369,66,0.00581154,0.00581154,1,1,29,11,6,1,1,2,67,0.162
4,0.884369,67,0.00581154,0.00581154,1,1,29,11,6,1,1,2,67,0.071
4,0.884369,68,0.00581154,0.00581154,1,1,29,9,8,1,1,2,79,0.122
4,0.884369,69,0.00581154,0.00581154,1,1,29,9,8,1,1,2,79,0.108
4,0.884369,70,0.00581154,0.00581154,1,1,29,9,8,1,1,2,79,0.07
4,0.884369,71,0.00581154,0.00581154,1,1,29,9,8,1,1,2,79,0.125
4,0.884369,72,0.00581154,0.00581154,1,1,29,9,8,1,1,2,79,0.17
4,0.884369,73,0.00581154,0.00581154,1,1,29,9,8,1,1,2,79,0.07
4,0.884369,74,0.00581154,0.00581154,1,1,29,9,8,1,1,2,79,0.115
4,0.884369,75,0.00581154,0.00581154,1,1,29,9,8,1,1,2,79,0.071
4,0.884369,76,0.00581154,0.00581154,1,1,41,17,4,1,1,2,59,0.072
4,0.884369,77,0.00581154,0.00581154,1,1,41,17,4,1,1,2,59,0.065
4,0.884369,78,0.00581154,0.00581154,1,1,41,17,4,1,1,2,59,0.043
4,0.884369,79,0.00581154,0.00581154,1,1,41,17,4,1,1,2,59,0.065
4,0.884369,80,0.00581154,0.00581154,1,1,29,11,6,1,1,2,67,0.108
4,0.884369,81,0.00581154,0.00581154,1,1,29,11,6,1,1,2,67,0.07
4,0.884369,82,0.00581154,0.00581154,1,1,29,9,8,1,1,2,79,0.131
4,0.884369,83,0.00581154,0.00581154,1,1,29,9,8,1,1,2,79,0.11
4,0.884369,84,0.00581154,0.00581154,1,1,29,11,6,1,1,2,67,0.073
4,0.884369,85,0.00581154,0.00581154,1,1,29,11,6,1,1,2,67,0.11
4,0.884369,86,0.00581154,0.00581154,1,1,29,9,8,1,1,2,79,0.124
4,0.884369,87,0.00581154,0.00581154,1,1,29,9,8,1,1,2,79,0.073
4,0.884369,88,0.00581154,0.00581154,1,1,41,17,4,1,1,2,59,0.065
4,0.884369,89,0.00581154,0.00581154,1,1,41,17,4,1,1,2,59,0.066
4,0.884369,90,0.00581154,0.00581154,1,1,41,17,4,1,1,2,59,0.065
4,0.884369,91,0.00581154,0.00581154,1,1,41,17,4,1,1,2,59,0.043
4,0.884369,92,0.00581154,0.00581154,1,1,41,19,2,1,1,2,47,0.073
4,0.884369,93,0.00581154,0.00581154,1,1,41,19,2,1,1,2,47,0.057
4,0.884369,94,0.00581154,0.00581154,1,1,41,19,2,1,1,2,47,0.064
4,0.884369,95,0.00581154,0.00581154,1,1,41,19,2,1,1,2,47,0.07
4,0.884369,96,0.00581154,0.00581154,1,1,29,9,8,1,1,2,79,0.123
4,0.884369,97,0.00581154,0.00581154,1,1,29,9,8,1,1,2,79,0.129
4,0.884369,98,0.00581154,0.00581154,1,1,29,9,8,1,1,2,79,0.109
4,0.884369,99,0.00581154,0.00581154,1,1,29,9,8,1,1,2,79,0.126
4,0.987456,0,0.00534144,0.00534144,1,1,41,17,4,1,1,2,59,0.069
4,0.987456,1,0.00534144,0.00534144,1,1,41,17,4,1,1,2,59,0.065
4,0.987456,2,0.00534144,0.00534144,1,1,41,17,4,1,1,2,59,0.074
4,0.987456,3,0.00534144,0.00534144,1,1,41,17,4,1,1,2,59,0.07
4,0.987456,4,0.00534144,0.00534144,1,1,41,17,4,1,1,2,59,0.069
4,0.987456,5,0.00534144,0.00534144,1,1,41,17,4,1,1,2,59,0.064
4,0.987456,6,0.00534144,0.00534144,1,1,41,17,4,1,1,2,59,0.073
4,0.987456,7,0.00534144,0.00534144,1,1,41,17,4,1,1,2,59,0.07
4,0.987456,8,0.00534144,0.00534144,1,1,41,19,2,1,1,2,47,0.07
4,0.987456,9,0.00534144,0.00534144,1,1,41,19,2,1,1,2,47,0.064
4,0.987456,10,0.00534144,0.00534144,1,1,41,19,2,1,1,2,47,0.074
4,0.987456,11,0.00534144,0.00534144,1,1,41,19,2,1,1,2,47,0.07
4,0.987456,12,0.00534144,0.00534144,1,1,41,17,4,1,1,2,59,0.064
4,0.987456,13,0.00534144,0.00534144,1,1,41,17,4,1,1,2,59,0.069
4,0.987456,14,0.00534144,0.00534144,1,1,41,17,4,1,1,2,59,0.075
4,0.987456,15,0.00534144,0.00534144,1,1,41,17,4,1,1,2,59,0.07
4,0.987456,16,0.00534144,0.00534144,1,1,41,17,4,1,1,2,59,0.065
4,0.987456,17,0.00534144,0.00534144,1,1,41,17,4,1,1,2,59,0.071
4,0.987456,18,0.00534144,0.00534144,1,1,41,17,4,1,1,2,59,0.073
4,0.987456,19,0.00534144,0.00534144,1,1,41,17,4,1,1,2,59,0.07
4,0.987456,20,0.00534144,0.00534144,1,1,41,17,4,1,1,2,59,0.064
4,0.987456,21,0.00534144,0.00534144,1,1,41,17,4,1,1,2,59,0.07
4,0.987456,22,0.00534144,0.00534144,1,1,41,17,4,1,1,2,59,0.074
4,0.987456,23,0.00534144,0.00534144,1,1,41,17,4,1,1,2,59,0.069
4,0.987456,24,0.00534144,0.00534144,1,1,41,19,2,1,1,2,47,0.065
4,0.987456,25,0.00534144,0.00534144,1,1,41,19,2,1,1,2,47,0.07
4,0.987456,26,0.00534144,0.00534144,1,1,41,19,2,1,1,2,47,0.07
4,0.987456,27,0.00534144,0.00534144,1,1,41,19,2,1,1,2,47,0.073
4,0.987456,28,0.00534144,0.00534144,1,1,41,19,2,1,1,2,47,0.064
4,0.987456,29,0.00534144,0.00534144,1,1,41,19,2,1,1,2,47,0.07
4,0.987456,30,0.00534144,0.00534144,1,1,41,19,2,1,1,2,47,0.07
4,0.987456,31,0.00534144,0.00534144,1,1,41,19,2,1,1,2,47,0.065
4,0.987456,32,0.00534144,0.00534144,1,1,41,17,4,1,1,2,59,0.076
4,0.987456,33,0.00534144,0.00534144,1,1,41,17,4,1,1,2,59,0.07
4,0.987456,34,0.00534144,0.00534144,1,1,41,17,4,1,1,2,59,0.064
4,0.987456,35,0.00534144,0.00534144,1,1,41,17,4,1,1,2,59,0.07
4,0.987456,36,0.00538901,0.00538901,1,1,35,13,6,1,1,2,69,0.101
4,0.987456,37,0.00538901,0.00538901,1,1,35,13,6,1,1,2,69,0.1
4,0.987456,38,0.00538901,0.00538901,1,1,35,13,6,1,1,2,69,0.087
4,0.987456,39,0.00538901,0.00538901,1,1,35,13,6,1,1,2,69,0.099
4,0.987456,40,0.00538901,0.00538901,1,1,35,13,6,1,1,2,69,0.101
4,0.987456,41,0.00538901,0.00538901,1,1,35,13,6,1,1,2,69,0.099
4,0.987456,42,0.00538901,0.00538901,1,1,35,13,6,1,1,2,69,0.087
4,0.987456,43,0.00538901,0.00538901,1,1,35,13,6,1,1,2,69,0.1
4,0.987456,44,0.00538901,0.00538901,1,1,35,13,6,1,1,2,69,0.101
4,0.987456,45,0.00538901,0.00538901,1,1,35,13,6,1,1,2,69,0.098
4,0.987456,46,0.00538901,0.00538901,1,1,35,13,6,1,1,2,69,0.087
4,0.987456,47,0.00538901,0.00538901,1,1,35,13,6,1,1,2,69,0.099
4,0.987456,48,0.00538901,0.00538901,1,1,32,13,4,1,1,2,55,0.1
4,0.987456,49,0.00538901,0.00538901,1,1,34,13,5,1,1,2,62,0.087
4,0.987456,50,0.00538901,0.00538901,1,1,34,13,5,1,1,2,62,0.099
4,0.987456,51,0.00538901,0.00538901,1,1,34,13,5,1,1,2,62,0.098
4,0.987456,52,0.00538901,0.00538901,1,1,35,13,6,1,1,2,69,0.085
4,0.987456,53,0.00538901,0.00538901,1,1,35,13,6,1,1,2,69,0.102
4,0.987456,54,0.00538901,0.00538901,1,1,35,13,6,1,1,2,69,0.099
4,0.987456,55,0.00538901,0.00538901,1,1,35,13,6,1,1,2,69,0.098
4,0.987456,56,0.00538901,0.00538901,1,1,32,13,4,1,1,2,55,0.086
4,0.987456,57,0.00538901,0.00538901,1,1,34,13,5,1,1,2,62,0.101
4,0.987456,58,0.00538901,0.00538901,1,1,34,13,5,1,1,2,62,0.098
4,0.987456,59,0.00538901,0.00538901,1,1,34,13,5,1,1,2,62,0.097
4,0.987456,60,0.00538901,0.00538901,1,1,35,13,6,1,1,2,69,0.088
4,0.987456,61,0.00538901,0.00538901,1,1,35,13,6,1,1,2,69,0.1
4,0.987456,62,0.00538901,0.00538901,1,1,35,13,6,1,1,2,69,0.099
4,0.987456,63,0.00538901,0.00538901,1,1,35,13,6,1,1,2,69,0.099
4,0.987456,64,0.00538901,0.00538901,1,1,35,13,6,1,1,2,69,0.087
4,0.987456,65,0.00538901,0.00538901,1,1,35,13,6,1,1,2,69,0.102
4,0.987456,66,0.00538901,0.00538901,1,1,35,13,6,1,1,2,69,0.099
4,0.987456,67,0.00538901,0.00538901,1,1,35,13,6,1,1,2,69,0.086
4,0.987456,68,0.00538901,0.00538901,1,1,34,13,5,1,1,2,62,0.097
4,0.987456,69,0.00538901,0.00538901,1,1,34,13,5,1,1,2,62,0.101
4,0.987456,70,0.00538901,0.00538901,1,1,34,13,5,1,1,2,62,0.098
4,0.987456,71,0.00538901,0.00538901,1,1,34,13,5,1,1,2,62,0.086
4,0.987456,72,0.00540139,0.00540139,1,1,24,7,3,5,1,6,70,0.125
4,0.987456,73,0.00540139,0.00540139,1,1,22,7,2,5,1,6,63,0.124
4,0.987456,74,0.00540139,0.00540139,1,1,24,7,3,5,1,6,70,0.13
4,0.987456,75,0.00540139,0.00540139,1,1,24,7,3,5,1,6,70,0.109
4,0.987456,76,0.00540139,0.00540139,1,1,25,7,4,5,1,6,77,0.125
4,0.987456,77,0.00540139,0.00540139,1,1,25,7,4,5,1,6,77,0.111
4,0.987456,78,0.00540139,0.00540139,1,1,24,7,3,5,1,6,70,0.124
4,0.987456,79,0.00540139,0.00540139,1,1,22,7,2,5,1,6,63,0.129
4,0.987456,80,0.00540139,0.00540139,1,1,24,7,3,5,1,6,70,0.125
4,0.987456,81,0.00540139,0.00540139,1,1,24,7,3,5,1,6,70,0.109
4,0.987456,82,0.00540139,0.00540139,1,1,25,7,4,5,1,6,77,0.126
4,0.987456,83,0.00540139,0.00540139,1,1,25,7,4,5,1,6,77,0.13
4,0.987456,84,0.00540139,0.00540139,1,1,25,7,4,5,1,6,77,0.126
4,0.987456,85,0.00540139,0.00540139,1,1,25,7,4,5,1,6,77,0.109
4,0.987456,86,0.00540139,0.00540139,1,1,25,7,4,5,1,6,77,0.123
4,0.987456,87,0.00540139,0.00540139,1,1,25,7,4,5,1,6,77,0.129
4,0.987456,88,0.00540139,0.00540139,1,1,25,7,4,5,1,6,77,0.124
4,0.987456,89,0.00540139,0.00540139,1,1,25,7,4,5,1,6,77,0.11
4,0.987456,90,0.00540139,0.00540139,1,1,25,7,4,5,1,6,77,0.124
4,0.987456,91,0.00540139,0.00540139,1,1,25,7,4,5,1,6,77,0.129
4,0.987456,92,0.00540139,0.00540139,1,1,25,7,4,5,1,6,77,0.109
4,0.987456,93,0.00540139,0.00540139,1,1,25,7,4,5,1,6,77,0.127
4,0.987456,94,0.00540139,0.00540139,1,1,25,7,4,5,1,6,77,0.124
4,0.987456,95,0.00540139,0.00540139,1,1,25,7,4,5,1,6,77,0.129
4,0.987456,96,0.00540139,0.00540139,1,1,25,7,4,5,1,6,77,0.108
4,0.987456,97,0.00540139,0.00540139,1,1,25,7,4,5,1,6,77,0.122
4,0.987456,98,0.00540139,0.00540139,1,1,25,7,4,5,1,6,77,0.125
4,0.987456,99,0.00540139,0.00540139,1,1,25,7,4,5,1,6,77,0.109
4,1.08359,0,0.00585325,0.00585325,1,1,18,3,8,4,1,5,94,0.158
4,1.08359,1,0.00585325,0.00585325,1,1,18,3,8,4,1,5,94,0.157
4,1.08359,2,0.00585325,0.00585325,1,1,18,3,8,4,1,5,94,0.157
4,1.08359,3,0.00585325,0.00585325,1,1,18,3,8,4,1,5,94,0.133
4,1.08359,4,0.00585325,0.00585325,1,1,18,1,10,4,1,5,106,0.156
4,1.08359,5,0.00585325,0.00585325,1,1,18,1,10,4,1,5,106,0.159
4,1.08359,6,0.00585325,0.00585325,1,1,18,1,10,4,1,5,106,0.129
4,1.08359,7,0.00585325,0.00585325,1,1,18,1,10,4,1,5,106,0.155
4,1.08359,8,0.00585325,0.00585325,1,1,18,1,10,4,1,5,106,0.158
4,1.08359,9,0.00585325,0.00585325,1,1,18,1,10,4,1,5,106,0.155
4,1.08359,10,0.00585325,0.00585325,1,1,18,1,10,4,1,5,106,0.129
4,1.08359,11,0.00585325,0.00585325,1,1,18,1,10,4,1,5,106,0.157
4,1.08359,12,0.00585325,0.00585325,1,1,18,1,10,4,1,5,106,0.157
4,1.08359,13,0.00585325,0.00585325,1,1,18,1,10,4,1,5,106,0.132
4,1.08359,14,0.00585325,0.00585325,1,1,18,1,10,4,1,5,106,0.156
4,1.08359,15,0.00585325,0.00585325,1,1,18,1,10,4,1,5,106,0.155
4,1.08359,16,0.00585325,0.00585325,1,1,18,1,10,4,1,5,106,0.13
4,1.08359,17,0.00585325,0.00585325,1,1,18,1,10,4,1,5,106,0.156
4,1.08359,18,0.00585325,0.00585325,1,1,18,1,10,4,1,5,106,0.155
4,1.08359,19,0.00585325,0.00585325,1,1,18,1,10,4,1,5,106,0.155
4,1.08359,20,0.00585325,0.00585325,1,1,18,1,10,4,1,5,106,0.129
4,1.08359,21,0.00585325,0.00585325,1,1,18,1,10,4,1,5,106,0.158
4,1.08359,22,0.00585325,0.00585325,1,1,18,1,10,4,1,5,106,0.156
4,1.08359,23,0.00585325,0.00585325,1,1,18,1,10,4,1,5,106,0.157
4,1.08359,24,0.00585325,0.00585325,1,1,18,3,8,4,1,5,94,0.131
4,1.08359,25,0.00585325,0.00585325,1,1,18,3,8,4,1,5,94,0.159
4,1.08359,26,0.00585325,0.00585325,1,1,18,3,8,4,1,5,94,0.156
4,1.08359,27,0.00585325,0.00585325,1,1,18,3,8,4,1,5,94,0.13
4,1.08359,28,0.00585325,0.00585325,1,1,18,1,10,4,1,5,106,0.157
4,1.08359,29,0.00585325,0.00585325,1,1,18,1,10,4,1,5,106,0.155
4,1.08359,30,0.00585325,0.00585325,1,1,18,1,10,4,1,5,106,0.156
4,1.08359,31,0.00585325,0.00585325,1,1,18,1,10,4,1,5,106,0.127
4,1.08359,32,0.00585325,0.00585325,1,1,18,3,8,4,1,5,94,0.157
4,1.08359,33,0.00585325,0.00585325,1,1,18,3,8,4,1,5,94,0.159
4,1.08359,34,0.00585325,0.00585325,1,1,18,3,8,4,1,5,94,0.128
4,1.08359,35,0.00585325,0.00585325,1,1,18,3,8,4,1,5,94,0.154
4,1.08359,36,0.00595247,0.00595247,1,1,25,5,8,5,1,6,103,0.12
4,1.08359,37,0.00595247,0.00595247,1,1,25,5,8,5,1,6,103,0.105
4,1.08359,38,0.00595247,0.00595247,1,1,25,5,8,5,1,6,103,0.122
4,1.08359,39,0.00595247,0.00595247,1,1,25,5,8,5,1,6,103,0.12
4,1.08359,40,0.00595247,0.00595247,1,1,25,5,8,5,1,6,103,0.121
4,1.08359,41,0.00595247,0.00595247,1,1,25,5,8,5,1,6,103,0.104
4,1.08359,42,0.00595247,0.00595247,1,1,25,5,8,5,1,6,103,0.122
4,1.08359,43,0.00595247,0.00595247,1,1,25,5,8,5,1,6,103,0.12
4,1.08359,44,0.00595247,0.00595247,1,1,25,7,6,5,1,6,91,0.12
4,1.08359,45,0.00595247,0.00595247,1,1,25,7,6,5,1,6,91,0.103
4,1.08359,46,0.00595247,0.00595247,1,1,25,7,6,5,1,6,91,0.122
4,1.08359,47,0.00595247,0.00595247,1,1,25,7,6,5,1,6,91,0.118
4,1.08359,48,0.00595247,0.00595247,1,1,25,5,8,5,1,6,103,0.121
4,1.08359,49,0.00595247,0.00595247,1,1,25,5,8,5,1,6,103,0.104
4,1.08359,50,0.00595247,0.00595247,1,1,25,5,8,5,1,6,103,0.125
4,1.08359,51,0.00595247,0.00595247,1,1,25,5,8,5,1,6,103,0.121
4,1.08359,52,0.00595247,0.00595247,1,1,25,7,6,5,1,6,91,0.103
4,1.08359,53,0.00595247,0.00595247,1,1,25,7,6,5,1,6,91,0.124
4,1.08359,54,0.00595247,0.00595247,1,1,25,7,6,5,1,6,91,0.124
4,1.08359,55,0.00595247,0.00595247,1,1,25,7,6,5,1,6,91,0.123
4,1.08359,56,0.00595247,0.00595247,1,1,25,5,8,5,1,6,103,0.103
4,1.08359,57,0.00595247,0.00595247,1,1,25,5,8,5,1,6,103,0.121
4,1.08359,58,0.00595247,0.00595247,1,1,25,7,6,5,1,6,91,0.103
4,1.08359,59,0.00595247,0.00595247,1,1,25,7,6,5,1,6,91,0.123
4,1.08359,60,0.00595247,0.00595247,1,1,25,5,8,5,1,6,103,0.124
4,1.08359,61,0.00595247,0.00595247,1,1,25,5,8,5,1,6,103,0.121
4,1.08359,62,0.00595247,0.00595247,1,1,25,7,6,5,1,6,91,0.105
4,1.08359,63,0.00595247,0.00595247,1,1,25,7,6,5,1,6,91,0.123
4,1.08359,64,0.00595247,0.00595247,1,1,25,5,8,5,1,6,103,0.119
4,1.08359,65,0.00595247,0.00595247,1,1,25,5,8,5,1,6,103,0.119
4,1.08359,66,0.00595247,0.00595247,1,1,25,5,8,5,1,6,103,0.103
4,1.08359,67,0.00595247,0.00595247,1,1,25,5,8,5,1,6,103,0.123
4,1.08359,68,0.00595247,0.00595247,1,1,25,5,8,5,1,6,103,0.12
4,1.08359,69,0.00595247,0.00595247,1,1,25,5,8,5,1,6,103,0.122
4,1.08359,70,0.00595247,0.00595247,1,1,25,5,8,5,1,6,103,0.102
4,1.08359,71,0.00595247,0.00595247,1,1,25,5,8,5,1,6,103,0.126
4,1.08359,72,0.00637713,0.00637713,1,1,35,15,2,2,0,2,43,0.067
4,1.08359,73,0.00637713,0.00637713,1,1,37,15,2,3,1,4,57,0.067
4,1.08359,74,0.00637713,0.00637713,1,1,37,15,2,3,1,4,57,0.061
4,1.08359,75,0.00637713,0.00637713,1,1,35,15,2,2,0,2,43,0.066
4,1.08359,76,0.00637713,0.00637713,1,1,37,15,2,3,1,4,57,0.061
4,1.08359,77,0.00637713,0.00637713,1,1,35,15,2,2,0,2,43,0.067
4,1.08359,78,0.00637713,0.00637713,1,1,37,17,0,3,1,4,45,0.07
4,1.08359,79,0.00637713,0.00637713,1,1,35,17,0,2,0,2,31,0.067
4,1.08359,80,0.00637713,0.00637713,1,1,37,15,2,3,1,4,57,0.062
4,1.08359,81,0.00637713,0.00637713,1,1,35,15,2,2,0,2,43,0.067
4,1.08359,82,0.00637713,0.00637713,1,1,35,15,2,2,0,2,43,0.069
4,1.08359,83,0.00637713,0.00637713,1,1,37,15,2,3,1,4,57,0.066
4,1.08359,84,0.00637713,0.00637713,1,1,35,15,2,2,0,2,43,0.061
4,1.08359,85,0.00637713,0.00637713,1,1,37,15,2,3,1,4,57,0.067
4,1.08359,86,0.00637713,0.00637713,1,1,35,17,0,2,0,2,31,0.07
4,1.08359,87,0.00637713,0.00637713,1,1,37,17,0,3,1,4,45,0.066
4,1.08359,88,0.00637713,0.00637713,1,1,37,15,2,3,1,4,57,0.06
4,1.08359,89,0.00637713,0.00637713,1,1,35,15,2,2,0,2,43,0.066
4,1.08359,90,0.00637713,0.00637713,1,1,37,15,2,3,1,4,57,0.067
4,1.08359,91,0.00637713,0.00637713,1,1,35,15,2,2,0,2,43,0.069
4,1.08359,92,0.00637713,0.00637713,1,1,37,17,0,3,1,4,45,0.061
4,1.08359,93,0.00637713,0.00637713,1,1,35,17,0,2,0,2,31,0.067
4,1.08359,94,0.00637713,0.00637713,1,1,35,17,0,2,0,2,31,0.066
4,1.08359,95,0.00637713,0.00637713,1,1,37,17,0,3,1,4,45,0.06
4,1.08359,96,0.00637713,0.00637713,1,1,35,15,2,2,0,2,43,0.069
4,1.08359,97,0.00637713,0.00637713,1,1,37,15,2,3,1,4,57,0.066
4,1.08359,98,0.00637713,0.00637713,1,1,35,15,2,2,0,2,43,0.061
4,1.08359,99,0.00637713,0.00637713,1,1,37,15,2,3,1,4,57,0.067
4,1.17931,0,0.00495742,0.00495742,1,1,35,13,6,1,1,2,69,0.105
4,1.17931,1,0.00495742,0.00495742,1,1,33,13,6,0,0,0,55,0.102
4,1.17931,2,0.00495742,0.00495742,1,1,35,13,6,1,1,2,69,0.091
4,1.17931,3,0.00495742,0.00495742,1,1,33,13,6,0,0,0,55,0.104
4,1.17931,4,0.00495742,0.00495742,1,1,33,13,6,0,0,0,55,0.105
4,1.17931,5,0.00495742,0.00495742,1,1,35,13,6,1,1,2,69,0.102
4,1.17931,6,0.00495742,0.00495742,1,1,35,13,6,1,1,2,69,0.09
4,1.17931,7,0.00495742,0.00495742,1,1,33,13,6,0,0,0,55,0.1
4,1.17931,8,0.00495742,0.00495742,1,1,35,13,6,1,1,2,69,0.106
4,1.17931,9,0.00495742,0.00495742,1,1,33,13,6,0,0,0,55,0.102
4,1.17931,10,0.00495742,0.00495742,1,1,35,13,6,1,1,2,69,0.09
4,1.17931,11,0.00495742,0.00495742,1,1,33,13,6,0,0,0,55,0.101
4,1.17931,12,0.00495742,0.00495742,1,1,35,15,4,1,1,2,57,0.105
4,1.17931,13,0.00495742,0.00495742,1,1,33,15,4,0,0,0,43,0.091
4,1.17931,14,0.00495742,0.00495742,1,1,35,15,4,1,1,2,57,0.101
4,1.17931,15,0.00495742,0.00495742,1,1,33,15,4,0,0,0,43,0.101
4,1.17931,16,0.00495742,0.00495742,1,1,35,15,4,1,1,2,57,0.09
4,1.17931,17,0.00495742,0.00495742,1,1,33,15,4,0,0,0,43,0.106
4,1.17931,18,0.00495742,0.00495742,1,1,35,15,4,1,1,2,57,0.102
4,1.17931,19,0.00495742,0.00495742,1,1,33,15,4,0,0,0,43,0.101
4,1.17931,20,0.00495742,0.00495742,1,1,33,13,6,0,0,0,55,0.091
4,1.17931,21,0.00495742,0.00495742,1,1,35,13,6,1,1,2,69,0.106
4,1.17931,22,0.00495742,0.00495742,1,1,33,13,6,0,0,0,55,0.102
4,1.17931,23,0.00495742,0.00495742,1,1,35,13,6,1,1,2,69,0.102
4,1.17931,24,0.00495742,0.00495742,1,1,33,13,6,0,0,0,55,0.091
4,1.17931,25,0.00495742,0.00495742,1,1,35,13,6,1,1,2,69,0.105
4,1.17931,26,0.00495742,0.00495742,1,1,35,13,6,1,1,2,69,0.1
4,1.17931,27,0.00495742,0.00495742,1,1,33,13,6,0,0,0,55,0.099
4,1.17931,28,0.00495742,0.00495742,1,1,33,15,4,0,0,0,43,0.092
4,1.17931,29,0.00495742,0.00495742,1,1,35,15,4,1,1,2,57,0.105
4,1.17931,30,0.00495742,0.00495742,1,1,33,15,4,0,0,0,43,0.101
4,1.17931,31,0.00495742,0.00495742,1,1,35,15,4,1,1,2,57,0.1
4,1.17931,32,0.00495742,0.00495742,1,1,33,13,6,0,0,0,55,0.09
4,1.17931,33,0.00495742,0.00495742,1,1,35,13,6,1,1,2,69,0.102
4,1.17931,34,0.00495742,0.00495742,1,1,35,13,6,1,1,2,69,0.105
4,1.17931,35,0.00495742,0.00495742,1,1,33,13,6,0,0,0,55,0.09
4,1.17931,36,0.00550941,0.00550941,1,1,27,9,6,3,1,4,79,0.124
4,1.17931,37,0.00550941,0.00550941,1,1,27,9,6,3,1,4,79,0.127
4,1.17931,38,0.00550941,0.00550941,1,1,27,9,6,3,1,4,79,0.127
4,1.17931,39,0.00550941,0.00550941,1,1,27,9,6,3,1,4,79,0.107
4,1.17931,40,0.00550941,0.00550941,1,1,27,7,8,3,1,4,91,0.123
4,1.17931,41,0.00550941,0.00550941,1,1,27,7,8,3,1,4,91,0.107
4,1.17931,42,0.00550941,0.00550941,1,1,27,7,8,3,1,4,91,0.124
4,1.17931,43,0.00550941,0.00550941,1,1,27,7,8,3,1,4,91,0.128
4,1.17931,44,0.00550941,0.00550941,1,1,27,7,8,3,1,4,91,0.122
4,1.17931,45,0.00550941,0.00550941,1,1,27,7,8,3,1,4,91,0.107
4,1.17931,46,0.00550941,0.00550941,1,1,27,7,8,3,1,4,91,0.125
4,1.17931,47,0.00550941,0.00550941,1,1,27,7,8,3,1,4,91,0.128
4,1.17931,48,0.00550941,0.00550941,1,1,27,7,8,3,1,4,91,0.122
4,1.17931,49,0.00550941,0.00550941,1,1,27,7,8,3,1,4,91,0.107
4,1.17931,50,0.00550941,0.00550941,1,1,27,7,8,3,1,4,91,0.125
4,1.17931,51,0.00550941,0.00550941,1,1,27,7,8,3,1,4,91,0.126
4,1.17931,52,0.00550941,0.00550941,1,1,27,9,6,3,1,4,79,0.124
4,1.17931,53,0.00550941,0.00550941,1,1,27,9,6,3,1,4,79,0.109
4,1.17931,54,0.00550941,0.00550941,1,1,27,9,6,3,1,4,79,0.126
4,1.17931,55,0.00550941,0.00550941,1,1,27,9,6,3,1,4,79,0.128
4,1.17931,56,0.00550941,0.00550941,1,1,27,7,8,3,1,4,91,0.123
4,1.17931,57,0.00550941,0.00550941,1,1,27,7,8,3,1,4,91,0.107
4,1.17931,58,0.00550941,0.00550941,1,1,27,7,8,3,1,4,91,0.125
4,1.17931,59,0.00550941,0.00550941,1,1,27,7,8,3,1,4,91,0.128
4,1.17931,60,0.00550941,0.00550941,1,1,27,7,8,3,1,4,91,0.104
4,1.17931,61,0.00550941,0.00550941,1,1,27,7,8,3,1,4,91,0.122
4,1.17931,62,0.00550941,0.00550941,1,1,27,7,8,3,1,4,91,0.123
4,1.17931,63,0.00550941,0.00550941,1,1,27,7,8,3,1,4,91,0.107
4,1.17931,64,0.00550941,0.00550941,1,1,27,7,8,3,1,4,91,0.126
4,1.17931,65,0.00550941,0.00550941,1,1,27,7,8,3,1,4,91,0.123
4,1.17931,66,0.00550941,0.00550941,1,1,27,7,8,3,1,4,91,0.107
4,1.17931,67,0.00550941,0.00550941,1,1,27,7,8,3,1,4,91,0.123
4,1.17931,68,0.00550941,0.00550941,1,1,27,9,6,3,1,4,79,0.126
4,1.17931,69,0.00550941,0.00550941,1,1,27,9,6,3,1,4,79,0.125
4,1.17931,70,0.00550941,0.00550941,1,1,27,9,6,3,1,4,79,0.107
4,1.17931,71,0.00550941,0.00550941,1,1,27,9,6,3,1,4,79,0.122
4,1.17931,72,0.00558535,0.00558535,1,1,30,14,0,3,0,3,35,0.087
4,1.17931,73,0.00558535,0.00558535,1,1,32,14,0,4,1,5,49,0.082
4,1.17931,74,0.00558535,0.00558535,1,1,32,14,0,4,1,5,49,0.074
4,1.17931,75,0.00558535,0.00558535,1,1,30,14,0,3,0,3,35,0.085
4,1.17931,76,0.00558535,0.00558535,1,1,32,14,0,4,1,5,49,0.086
4,1.17931,77,0.00558535,0.00558535,1,1,30,14,0,3,0,3,35,0.085
4,1.17931,78,0.00558535,0.00558535,1,1,30,12,2,3,0,3,47,0.073
4,1.17931,79,0.00558535,0.00558535,1,1,32,12,2,4,1,5,61,0.084
4,1.17931,80,0.00558535,0.00558535,1,1,32,12,2,4,1,5,61,0.087
4,1.17931,81,0.00558535,0.00558535,1,1,30,12,2,3,0,3,47,0.086
4,1.17931,82,0.00558535,0.00558535,1,1,30,12,2,3,0,3,47,0.074
4,1.17931,83,0.00558535,0.00558535,1,1,32,12,2,4,1,5,61,0.085
4,1.17931,84,0.00558535,0.00558535,1,1,32,12,2,4,1,5,61,0.087
4,1.17931,85,0.00558535,0.00558535,1,1,30,12,2,3,0,3,47,0.087
4,1.17931,86,0.00558535,0.00558535,1,1,32,12,2,4,1,5,61,0.074
4,1.17931,87,0.00558535,0.00558535,1,1,30,12,2,3,0,3,47,0.085
4,1.17931,88,0.00558535,0.00558535,1,1,30,12,2,3,0,3,47,0.087
4,1.17931,89,0.00558535,0.00558535,1,1,32,12,2,4,1,5,61,0.087
4,1.17931,90,0.00558535,0.00558535,1,1,30,14,0,3,0,3,35,0.074
4,1.17931,91,0.00558535,0.00558535,1,1,32,14,0,4,1,5,49,0.086
4,1.17931,92,0.00558535,0.00558535,1,1,30,14,0,3,0,3,35,0.074
4,1.17931,93,0.00558535,0.00558535,1,1,32,14,0,4,1,5,49,0.086
4,1.17931,94,0.00558535,0.00558535,1,1,32,12,2,4,1,5,61,0.085
4,1.17931,95,0.00558535,0.00558535,1,1,30,12,2,3,0,3,47,0.073
4,1.17931,96,0.00558535,0.00558535,1,1,30,12,2,3,0,3,47,0.084
4,1.17931,97,0.00558535,0.00558535,1,1,32,12,2,4,1,5,61,0.087
4,1.17931,98,0.00558535,0.00558535,1,1,32,12,2,4,1,5,61,0.085
4,1.17931,99,0.00558535,0.00558535,1,1,30,12,2,3,0,3,47,0.073
4,1.29699,0,0.0050338,0.0050338,1,1,41,17,4,1,1,2,59,0.072
4,1.29699,1,0.0050338,0.0050338,1,1,41,17,4,1,1,2,59,0.074
4,1.29699,2,0.0050338,0.0050338,1,1,41,17,4,1,1,2,59,0.073
4,1.29699,3,0.0050338,0.0050338,1,1,41,17,4,1,1,2,59,0.064
4,1.29699,4,0.0050338,0.0050338,1,1,41,19,2,1,1,2,47,0.072
4,1.29699,5,0.0050338,0.0050338,1,1,41,19,2,1,1,2,47,0.071
4,1.29699,6,0.0050338,0.0050338,1,1,41,19,2,1,1,2,47,0.072
4,1.29699,7,0.0050338,0.0050338,1,1,41,19,2,1,1,2,47,0.064
4,1.29699,8,0.0050338,0.0050338,1,1,41,17,4,1,1,2,59,0.073
4,1.29699,9,0.0050338,0.0050338,1,1,41,17,4,1,1,2,59,0.074
4,1.29699,10,0.0050338,0.0050338,1,1,41,17,4,1,1,2,59,0.073
4,1.29699,11,0.0050338,0.0050338,1,1,41,17,4,1,1,2,59,0.065
4,1.29699,12,0.0050338,0.0050338,1,1,41,17,4,1,1,2,59,0.073
4,1.29699,13,0.0050338,0.0050338,1,1,41,17,4,1,1,2,59,0.073
4,1.29699,14,0.0050338,0.0050338,1,1,41,17,4,1,1,2,59,0.073
4,1.29699,15,0.0050338,0.0050338,1,1,41,17,4,1,1,2,59,0.064
4,1.29699,16,0.0050338,0.0050338,1,1,41,19,2,1,1,2,47,0.073
4,1.29699,17,0.0050338,0.0050338,1,1,41,19,2,1,1,2,47,0.073
4,1.29699,18,0.0050338,0.0050338,1,1,41,19,2,1,1,2,47,0.073
4,1.29699,19,0.0050338,0.0050338,1,1,41,19,2,1,1,2,47,0.065
4,1.29699,20,0.0050338,0.0050338,1,1,41,17,4,1,1,2,59,0.071
4,1.29699,21,0.0050338,0.0050338,1,1,41,17,4,1,1,2,59,0.064
4,1.29699,22,0.0050338,0.0050338,1,1,41,17,4,1,1,2,59,0.073
4,1.29699,23,0.0050338,0.0050338,1,1,41,17,4,1,1,2,59,0.073
4,1.29699,24,0.0050338,0.0050338,1,1,41,19,2,1,1,2,47,0.073
4,1.29699,25,0.0050338,0.0050338,1,1,41,19,2,1,1,2,47,0.063
4,1.29699,26,0.0050338,0.0050338,1,1,41,19,2,1,1,2,47,0.072
4,1.29699,27,0.0050338,0.0050338,1,1,41,19,2,1,1,2,47,0.073
4,1.29699,28,0.0050338,0.0050338,1,1,41,17,4,1,1,2,59,0.063
4,1.29699,29,0.0050338,0.0050338,1,1,41,17,4,1,1,2,59,0.071
4,1.29699,30,0.0050338,0.0050338,1,1,41,17,4,1,1,2,59,0.073
4,1.29699,31,0.0050338,0.0050338,1,1,41,17,4,1,1,2,59,0.072
4,1.29699,32,0.0050338,0.0050338,1,1,41,17,4,1,1,2,59,0.064
4,1.29699,33,0.0050338,0.0050338,1,1,41,17,4,1,1,2,59,0.073
4,1.29699,34,0.0050338,0.0050338,1,1,41,17,4,1,1,2,59,0.072
4,1.29699,35,0.0050338,0.0050338,1,1,41,17,4,1,1,2,59,0.072
4,1.29699,36,0.00524716,0.00524716,1,1,25,7,6,4,0,4,77,0.109
4,1.29699,37,0.00524716,0.00524716,1,1,27,7,6,5,1,6,91,0.129
4,1.29699,38,0.00524716,0.00524716,1,1,25,7,6,4,0,4,77,0.132
4,1.29699,39,0.00524716,0.00524716,1,1,27,7,6,5,1,6,91,0.131
4,1.29699,40,0.00524716,0.00524716,1,1,25,7,6,4,0,4,77,0.109
4,1.29699,41,0.00524716,0.00524716,1,1,27,7,6,5,1,6,91,0.129
4,1.29699,42,0.00524716,0.00524716,1,1,25,7,6,4,0,4,77,0.132
4,1.29699,43,0.00524716,0.00524716,1,1,27,7,6,5,1,6,91,0.132
4,1.29699,44,0.00524716,0.00524716,1,1,25,9,4,4,0,4,65,0.112
4,1.29699,45,0.00524716,0.00524716,1,1,27,9,4,5,1,6,79,0.132
4,1.29699,46,0.00524716,0.00524716,1,1,27,9,4,5,1,6,79,0.13
4,1.29699,47,0.00524716,0.00524716,1,1,25,9,4,4,0,4,65,0.131
4,1.29699,48,0.00524716,0.00524716,1,1,27,7,6,5,1,6,91,0.11
4,1.29699,49,0.00524716,0.00524716,1,1,25,7,6,4,0,4,77,0.13
4,1.29699,50,0.00524716,0.00524716,1,1,27,7,6,5,1,6,91,0.129
4,1.29699,51,0.00524716,0.00524716,1,1,25,7,6,4,0,4,77,0.129
4,1.29699,52,0.00524716,0.00524716,1,1,27,7,6,5,1,6,91,0.11
4,1.29699,53,0.00524716,0.00524716,1,1,25,7,6,4,0,4,77,0.129
4,1.29699,54,0.00524716,0.00524716,1,1,27,7,6,5,1,6,91,0.108
4,1.29699,55,0.00524716,0.00524716,1,1,25,7,6,4,0,4,77,0.129
4,1.29699,56,0.00524716,0.00524716,1,1,25,7,6,4,0,4,77,0.128
4,1.29699,57,0.00524716,0.00524716,1,1,27,7,6,5,1,6,91,0.11
4,1.29699,58,0.00524716,0.00524716,1,1,27,7,6,5,1,6,91,0.129
4,1.29699,59,0.00524716,0.00524716,1,1,25,7,6,4,0,4,77,0.13
4,1.29699,60,0.00524716,0.00524716,1,1,27,9,4,5,1,6,79,0.13
4,1.29699,61,0.00524716,0.00524716,1,1,25,9,4,4,0,4,65,0.113
4,1.29699,62,0.00524716,0.00524716,1,1,25,9,4,4,0,4,65,0.132
4,1.29699,63,0.00524716,0.00524716,1,1,27,9,4,5,1,6,79,0.131
4,1.29699,64,0.00524716,0.00524716,1,1,27,7,6,5,1,6,91,0.131
4,1.29699,65,0.00524716,0.00524716,1,1,25,7,6,4,0,4,77,0.111
4,1.29699,66,0.00524716,0.00524716,1,1,25,7,6,4,0,4,77,0.131
4,1.29699,67,0.00524716,0.00524716,1,1,27,7,6,5,1,6,91,0.131
4,1.29699,68,0.00524716,0.00524716,1,1,27,9,4,5,1,6,79,0.131
4,1.29699,69,0.00524716,0.00524716,1,1,25,9,4,4,0,4,65,0.111
4,1.29699,70,0.00524716,0.00524716,1,1,25,9,4,4,0,4,65,0.133
4,1.29699,71,0.00524716,0.00524716,1,1,27,9,4,5,1,6,79,0.127
4,1.29699,72,0.00557273,0.00557273,1,1,45,21,2,0,0,0,35,0.039
4,1.29699,73,0.00557273,0.00557273,1,1,47,21,2,1,1,2,49,0.038
4,1.29699,74,0.00557273,0.00557273,1,1,45,21,2,0,0,0,35,0.039
4,1.29699,75,0.00557273,0.00557273,1,1,47,21,2,1,1,2,49,0.038
4,1.29699,76,0.00557273,0.00557273,1,1,47,21,2,1,1,2,49,0.04
4,1.29699,77,0.00557273,0.00557273,1,1,45,21,2,0,0,0,35,0.038
4,1.29699,78,0.00557273,0.00557273,1,1,44,21,1,0,0,0,28,0.041
4,1.29699,79,0.00557273,0.00557273,1,1,46,21,1,1,1,2,42,0.039
4,1.29699,80,0.00557273,0.00557273,1,1,44,21,1,0,0,0,28,0.039
4,1.29699,81,0.00557273,0.00557273,1,1,46,21,1,1,1,2,42,0.037
4,1.29699,82,0.00557273,0.00557273,1,1,45,21,2,0,0,0,35,0.04
4,1.29699,83,0.00557273,0.00557273,1,1,47,21,2,1,1,2,49,0.038
4,1.29699,84,0.00557273,0.00557273,1,1,46,21,1,1,1,2,42,0.038
4,1.29699,85,0.00557273,0.00557273,1,1,44,21,1,0,0,0,28,0.037
4,1.29699,86,0.00557273,0.00557273,1,1,47,21,2,1,1,2,49,0.04
4,1.29699,87,0.00557273,0.00557273,1,1,45,21,2,0,0,0,35,0.038
4,1.29699,88,0.00557273,0.00557273,1,1,47,21,2,1,1,2,49,0.039
4,1.29699,89,0.00557273,0.00557273,1,1,45,21,2,0,0,0,35,0.037
4,1.29699,90,0.00557273,0.00557273,1,1,45,21,2,0,0,0,35,0.041
4,1.29699,91,0.00557273,0.00557273,1,1,47,21,2,1,1,2,49,0.039
4,1.29699,92,0.00557273,0.00557273,1,1,47,21,2,1,1,2,49,0.038
4,1.29699,93,0.00557273,0.00557273,1,1,45,21,2,0,0,0,35,0.037
4,1.29699,94,0.00557273,0.00557273,1,1,46,21,1,1,1,2,42,0.039
4,1.29699,95,0.00557273,0.00557273,1,1,44,21,1,0,0,0,28,0.04
4,1.29699,96,0.00557273,0.00557273,1,1,47,21,2,1,1,2,49,0.039
4,1.29699,97,0.00557273,0.00557273,1,1,45,21,2,0,0,0,35,0.037
4,1.29699,98,0.00557273,0.00557273,1,1,45,21,2,0,0,0,35,0.038
4,1.29699,99,0.00557273,0.00557273,1,1,47,21,2,1,1,2,49,0.041
4,1.40865,0,0.00515023,0.00515023,1,1,25,7,4,5,1,6,77,0.12
4,1.40865,1,0.00515023,0.00515023,1,1,25,7,4,5,1,6,77,0.103
4,1.40865,2,0.00515023,0.00515023,1,1,25,7,4,5,1,6,77,0.119
4,1.40865,3,0.00515023,0.00515023,1,1,25,7,4,5,1,6,77,0.121
4,1.40865,4,0.00515023,0.00515023,1,1,25,7,4,5,1,6,77,0.103
4,1.40865,5,0.00515023,0.00515023,1,1,25,7,4,5,1,6,77,0.119
4,1.40865,6,0.00515023,0.00515023,1,1,25,7,4,5,1,6,77,0.119
4,1.40865,7,0.00515023,0.00515023,1,1,25,7,4,5,1,6,77,0.119
4,1.40865,8,0.00515023,0.00515023,1,1,25,9,2,5,1,6,65,0.102
4,1.40865,9,0.00515023,0.00515023,1,1,25,9,2,5,1,6,65,0.12
4,1.40865,10,0.00515023,0.00515023,1,1,25,9,2,5,1,6,65,0.12
4,1.40865,11,0.00515023,0.00515023,1,1,25,9,2,5,1,6,65,0.123
4,1.40865,12,0.00515023,0.00515023,1,1,25,7,4,5,1,6,77,0.102
4,1.40865,13,0.00515023,0.00515023,1,1,25,7,4,5,1,6,77,0.121
4,1.40865,14,0.00515023,0.00515023,1,1,25,7,4,5,1,6,77,0.119
4,1.40865,15,0.00515023,0.00515023,1,1,25,7,4,5,1,6,77,0.123
4,1.40865,16,0.00515023,0.00515023,1,1,25,7,4,5,1,6,77,0.103
4,1.40865,17,0.00515023,0.00515023,1,1,25,9,2,5,1,6,65,0.12
4,1.40865,18,0.00515023,0.00515023,1,1,25,9,2,5,1,6,65,0.117
4,1.40865,19,0.00515023,0.00515023,1,1,25,7,4,5,1,6,77,0.102
4,1.40865,20,0.00515023,0.00515023,1,1,25,9,2,5,1,6,65,0.12
4,1.40865,21,0.00515023,0.00515023,1,1,25,9,2,5,1,6,65,0.119
4,1.40865,22,0.00515023,0.00515023,1,1,25,7,4,5,1,6,77,0.104
4,1.40865,23,0.00515023,0.00515023,1,1,25,7,4,5,1,6,77,0.118
4,1.40865,24,0.00515023,0.00515023,1,1,25,9,2,5,1,6,65,0.123
4,1.40865,25,0.00515023,0.00515023,1,1,25,9,2,5,1,6,65,0.118
4,1.40865,26,0.00515023,0.00515023,1,1,25,7,4,5,1,6,77,0.103
4,1.40865,27,0.00515023,0.00515023,1,1,25,7,4,5,1,6,77,0.119
4,1.40865,28,0.00515023,0.00515023,1,1,25,9,2,5,1,6,65,0.123
4,1.40865,29,0.00515023,0.00515023,1,1,25,9,2,5,1,6,65,0.103
4,1.40865,30,0.00515023,0.00515023,1,1,25,7,4,5,1,6,77,0.118
4,1.40865,31,0.00515023,0.00515023,1,1,25,7,4,5,1,6,77,0.118
4,1.40865,32,0.00515023,0.00515023,1,1,25,7,4,5,1,6,77,0.124
4,1.40865,33,0.00515023,0.00515023,1,1,25,7,4,5,1,6,77,0.103
4,1.40865,34,0.00515023,0.00515023,1,1,25,7,4,5,1,6,77,0.118
4,1.40865,35,0.00515023,0.00515023,1,1,25,7,4,5,1,6,77,0.119
4,1.40865,36,0.00577054,0.00577054,1,1,33,11,6,3,1,4,81,0.102
4,1.40865,37,0.00577054,0.00577054,1,1,33,11,6,3,1,4,81,0.09
4,1.40865,38,0.00577054,0.00577054,1,1,33,11,6,3,1,4,81,0.1
4,1.40865,39,0.00577054,0.00577054,1,1,33,11,6,3,1,4,81,0.1
4,1.40865,40,0.00577054,0.00577054,1,1,33,11,6,3,1,4,81,0.104
4,1.40865,41,0.00577054,0.00577054,1,1,33,11,6,3,1,4,81,0.09
4,1.40865,42,0.00577054,0.00577054,1,1,33,11,6,3,1,4,81,0.1
4,1.40865,43,0.00577054,0.00577054,1,1,33,11,6,3,1,4,81,0.1
4,1.40865,44,0.00577054,0.00577054,1,1,33,13,4,3,1,4,69,0.091
4,1.40865,45,0.00577054,0.00577054,1,1,33,13,4,3,1,4,69,0.106
4,1.40865,46,0.00577054,0.00577054,1,1,33,13,4,3,1,4,69,0.102
4,1.40865,47,0.00577054,0.00577054,1,1,33,13,4,3,1,4,69,0.101
4,1.40865,48,0.00577054,0.00577054,1,1,33,11,6,3,1,4,81,0.09
4,1.40865,49,0.00577054,0.00577054,1,1,33,11,6,3,1,4,81,0.102
4,1.40865,50,0.00577054,0.00577054,1,1,33,11,6,3,1,4,81,0.101
4,1.40865,51,0.00577054,0.00577054,1,1,33,11,6,3,1,4,81,0.09
4,1.40865,52,0.00577054,0.00577054,1,1,33,13,4,3,1,4,69,0.101
4,1.40865,53,0.00577054,0.00577054,1,1,33,13,4,3,1,4,69,0.103
4,1.40865,54,0.00577054,0.00577054,1,1,33,13,4,3,1,4,69,0.102
4,1.40865,55,0.00577054,0.00577054,1,1,33,13,4,3,1,4,69,0.09
4,1.40865,56,0.00577054,0.00577054,1,1,33,11,6,3,1,4,81,0.103
4,1.40865,57,0.00577054,0.00577054,1,1,33,11,6,3,1,4,81,0.104
4,1.40865,58,0.00577054,0.00577054,1,1,33,11,6,3,1,4,81,0.089
4,1.40865,59,0.00577054,0.00577054,1,1,33,11,6,3,1,4,81,0.099
4,1.40865,60,0.00577054,0.00577054,1,1,33,11,6,3,1,4,81,0.1
4,1.40865,61,0.00577054,0.00577054,1,1,33,11,6,3,1,4,81,0.104
4,1.40865,62,0.00577054,0.00577054,1,1,33,11,6,3,1,4,81,0.091
4,1.40865,63,0.00577054,0.00577054,1,1,33,11,6,3,1,4,81,0.102
4,1.40865,64,0.00577054,0.00577054,1,1,33,13,4,3,1,4,69,0.101
4,1.40865,65,0.00577054,0.00577054,1,1,33,13,4,3,1,4,69,0.105
4,1.40865,66,0.00577054,0.00577054,1,1,33,13,4,3,1,4,69,0.091
4,1.40865,67,0.00577054,0.00577054,1,1,33,13,4,3,1,4,69,0.102
4,1.40865,68,0.00577054,0.00577054,1,1,33,11,6,3,1,4,81,0.101
4,1.40865,69,0.00577054,0.00577054,1,1,33,11,6,3,1,4,81,0.104
4,1.40865,70,0.00577054,0.00577054,1,1,33,11,6,3,1,4,81,0.091
4,1.40865,71,0.00577054,0.00577054,1,1,33,11,6,3,1,4,81,0.102
4,1.40865,72,0.00637857,0.00637857,1,1,43,19,2,1,1,2,47,0.038
4,1.40865,73,0.00637857,0.00637857,1,1,41,19,2,0,0,0,33,0.036
4,1.40865,74,0.00637857,0.00637857,1,1,43,19,2,1,1,2,47,0.037
4,1.40865,75,0.00637857,0.00637857,1,1,41,19,2,0,0,0,33,0.038
4,1.40865,76,0.00637857,0.00637857,1,1,42,19,1,1,1,2,40,0.035
4,1.40865,77,0.00637857,0.00637857,1,1,40,19,1,0,0,0,26,0.038
4,1.40865,78,0.00637857,0.00637857,1,1,43,19,2,1,1,2,47,0.037
4,1.40865,79,0.00637857,0.00637857,1,1,41,19,2,0,0,0,33,0.037
4,1.40865,80,0.00637857,0.00637857,1,1,41,19,2,0,0,0,33,0.035
4,1.40865,81,0.00637857,0.00637857,1,1,43,19,2,1,1,2,47,0.039
4,1.40865,82,0.00637857,0.00637857,1,1,40,19,1,0,0,0,26,0.038
4,1.40865,83,0.00637857,0.00637857,1,1,42,19,1,1,1,2,40,0.038
4,1.40865,84,0.00637857,0.00637857,1,1,40,19,1,0,0,0,26,0.035
4,1.40865,85,0.00637857,0.00637857,1,1,42,19,1,1,1,2,40,0.039
4,1.40865,86,0.00637857,0.00637857,1,1,42,19,1,1,1,2,40,0.038
4,1.40865,87,0.00637857,0.00637857,1,1,40,19,1,0,0,0,26,0.038
4,1.40865,88,0.00637857,0.00637857,1,1,43,19,2,1,1,2,47,0.035
4,1.40865,89,0.00637857,0.00637857,1,1,41,19,2,0,0,0,33,0.039
4,1.40865,90,0.00637857,0.00637857,1,1,41,19,2,0,0,0,33,0.038
4,1.40865,91,0.00637857,0.00637857,1,1,43,19,2,1,1,2,47,0.037
4,1.40865,92,0.00637857,0.00637857,1,1,41,19,2,0,0,0,33,0.035
4,1.40865,93,0.00637857,0.00637857,1,1,43,19,2,1,1,2,47,0.036
4,1.40865,94,0.00637857,0.00637857,1,1,41,19,2,0,0,0,33,0.037
4,1.40865,95,0.00637857,0.00637857,1,1,43,19,2,1,1,2,47,0.038
4,1.40865,96,0.00637857,0.00637857,1,1,41,19,2,0,0,0,33,0.035
4,1.40865,97,0.00637857,0.00637857,1,1,43,19,2,1,1,2,47,0.039
4,1.40865,98,0.00637857,0.00637857,1,1,41,19,2,0,0,0,33,0.039
4,1.40865,99,0.00637857,0.00637857,1,1,43,19,2,1,1,2,47,0.039
4,1.51486,0,0.00453814,0.00453814,1,1,33,13,6,0,0,0,55,0.093
4,1.51486,1,0.00453814,0.00453814,1,1,35,13,6,1,1,2,69,0.109
4,1.51486,2,0.00453814,0.00453814,1,1,33,13,6,0,0,0,55,0.108
4,1.51486,3,0.00453814,0.00453814,1,1,35,13,6,1,1,2,69,0.108
4,1.51486,4,0.00453814,0.00453814,1,1,33,13,6,0,0,0,55,0.092
4,1.51486,5,0.00453814,0.00453814,1,1,35,13,6,1,1,2,69,0.105
4,1.51486,6,0.00453814,0.00453814,1,1,33,13,6,0,0,0,55,0.105
4,1.51486,7,0.00453814,0.00453814,1,1,35,13,6,1,1,2,69,0.104
4,1.51486,8,0.00453814,0.00453814,1,1,35,13,6,1,1,2,69,0.091
4,1.51486,9,0.00453814,0.00453814,1,1,33,13,6,0,0,0,55,0.106
4,1.51486,10,0.00453814,0.00453814,1,1,35,13,6,1,1,2,69,0.107
4,1.51486,11,0.00453814,0.00453814,1,1,33,13,6,0,0,0,55,0.106
4,1.51486,12,0.00453814,0.00453814,1,1,35,13,6,1,1,2,69,0.092
4,1.51486,13,0.00453814,0.00453814,1,1,33,13,6,0,0,0,55,0.105
4,1.51486,14,0.00453814,0.00453814,1,1,33,13,6,0,0,0,55,0.105
4,1.51486,15,0.00453814,0.00453814,1,1,35,13,6,1,1,2,69,0.104
4,1.51486,16,0.00453814,0.00453814,1,1,35,15,4,1,1,2,57,0.091
4,1.51486,17,0.00453814,0.00453814,1,1,33,15,4,0,0,0,43,0.107
4,1.51486,18,0.00453814,0.00453814,1,1,33,15,4,0,0,0,43,0.107
4,1.51486,19,0.00453814,0.00453814,1,1,35,15,4,1,1,2,57,0.106
4,1.51486,20,0.00453814,0.00453814,1,1,33,15,4,0,0,0,43,0.091
4,1.51486,21,0.00453814,0.00453814,1,1,35,15,4,1,1,2,57,0.091
4,1.51486,22,0.00453814,0.00453814,1,1,33,15,4,0,0,0,43,0.109
4,1.51486,23,0.00453814,0.00453814,1,1,35,15,4,1,1,2,57,0.109
4,1.51486,24,0.00453814,0.00453814,1,1,33,13,6,0,0,0,55,0.105
4,1.51486,25,0.00453814,0.00453814,1,1,35,13,6,1,1,2,69,0.091
4,1.51486,26,0.00453814,0.00453814,1,1,35,13,6,1,1,2,69,0.106
4,1.51486,27,0.00453814,0.00453814,1,1,33,13,6,0,0,0,55,0.107
4,1.51486,28,0.00453814,0.00453814,1,1,33,13,6,0,0,0,55,0.107
4,1.51486,29,0.00453814,0.00453814,1,1,35,13,6,1,1,2,69,0.092
4,1.51486,30,0.00453814,0.00453814,1,1,35,13,6,1,1,2,69,0.108
4,1.51486,31,0.00453814,0.00453814,1,1,33,13,6,0,0,0,55,0.108
4,1.51486,32,0.00453814,0.00453814,1,1,35,15,4,1,1,2,57,0.108
4,1.51486,33,0.00453814,0.00453814,1,1,33,15,4,0,0,0,43,0.092
4,1.51486,34,0.00453814,0.00453814,1,1,35,15,4,1,1,2,57,0.106
4,1.51486,35,0.00453814,0.00453814,1,1,33,15,4,0,0,0,43,0.103
4,1.51486,36,0.00546967,0.00546967,1,1,30,9,4,6,1,7,86,0.108
4,1.51486,37,0.00546967,0.00546967,1,1,30,9,4,6,1,7,86,0.094
4,1.51486,38,0.00546967,0.00546967,1,1,30,9,4,6,1,7,86,0.112
4,1.51486,39,0.00546967,0.00546967,1,1,30,9,4,6,1,7,86,0.109
4,1.51486,40,0.00546967,0.00546967,1,1,30,9,4,6,1,7,86,0.108
4,1.51486,41,0.00546967,0.00546967,1,1,30,9,4,6,1,7,86,0.093
4,1.51486,42,0.00546967,0.00546967,1,1,30,9,4,6,1,7,86,0.109
4,1.51486,43,0.00546967,0.00546967,1,1,30,9,4,6,1,7,86,0.111
4,1.51486,44,0.00546967,0.00546967,1,1,30,9,4,6,1,7,86,0.108
4,1.51486,45,0.00546967,0.00546967,1,1,30,9,4,6,1,7,86,0.094
4,1.51486,46,0.00546967,0.00546967,1,1,30,9,4,6,1,7,86,0.095
4,1.51486,47,0.00546967,0.00546967,1,1,30,9,4,6,1,7,86,0.11
4,1.51486,48,0.00546967,0.00546967,1,1,30,9,4,6,1,7,86,0.11
4,1.51486,49,0.00546967,0.00546967,1,1,30,9,4,6,1,7,86,0.112
4,1.51486,50,0.00546967,0.00546967,1,1,30,9,4,6,1,7,86,0.095
4,1.51486,51,0.00546967,0.00546967,1,1,30,9,4,6,1,7,86,0.109
4,1.51486,52,0.00546967,0.00546967,1,1,30,9,4,6,1,7,86,0.111
4,1.51486,53,0.00546967,0.00546967,1,1,30,9,4,6,1,7,86,0.113
4,1.51486,54,0.00546967,0.00546967,1,1,30,9,4,6,1,7,86,0.097
4,1.51486,55,0.00546967,0.00546967,1,1,30,9,4,6,1,7,86,0.11
4,1.51486,56,0.00546967,0.00546967,1,1,30,9,4,6,1,7,86,0.111
4,1.51486,57,0.00546967,0.00546967,1,1,30,9,4,6,1,7,86,0.114
4,1.51486,58,0.00546967,0.00546967,1,1,30,9,4,6,1,7,86,0.095
4,1.51486,59,0.00546967,0.00546967,1,1,30,9,4,6,1,7,86,0.108
4,1.51486,60,0.00546967,0.00546967,1,1,30,11,2,6,1,7,74,0.108
4,1.51486,61,0.00546967,0.00546967,1,1,30,11,2,6,1,7,74,0.111
4,1.51486,62,0.00546967,0.00546967,1,1,30,11,2,6,1,7,74,0.094
4,1.51486,63,0.00546967,0.00546967,1,1,30,11,2,6,1,7,74,0.108
4,1.51486,64,0.00546967,0.00546967,1,1,30,11,2,6,1,7,74,0.108
4,1.51486,65,0.00546967,0.00546967,1,1,30,11,2,6,1,7,74,0.113
4,1.51486,66,0.00546967,0.00546967,1,1,30,11,2,6,1,7,74,0.094
4,1.51486,67,0.00546967,0.00546967,1,1,30,11,2,6,1,7,74,0.108
4,1.51486,68,0.00546967,0.00546967,1,1,30,11,2,6,1,7,74,0.108
4,1.51486,69,0.00546967,0.00546967,1,1,30,11,2,6,1,7,74,0.113
4,1.51486,70,0.00546967,0.00546967,1,1,30,11,2,6,1,7,74,0.096
4,1.51486,71,0.00546967,0.00546967,1,1,30,11,2,6,1,7,74,0.107
4,1.51486,72,0.0055693,0.0055693,1,1,29,9,8,1,1,2,79,0.129
4,1.51486,73,0.0055693,0.0055693,1,1,27,9,8,0,0,0,65,0.114
4,1.51486,74,0.0055693,0.0055693,1,1,29,9,8,1,1,2,79,0.134
4,1.51486,75,0.0055693,0.0055693,1,1,27,9,8,0,0,0,65,0.126
4,1.51486,76,0.0055693,0.0055693,1,1,29,9,8,1,1,2,79,0.115
4,1.51486,77,0.0055693,0.0055693,1,1,27,9,8,0,0,0,65,0.126
4,1.51486,78,0.0055693,0.0055693,1,1,29,9,8,1,1,2,79,0.134
4,1.51486,79,0.0055693,0.0055693,1,1,27,9,8,0,0,0,65,0.129
4,1.51486,80,0.0055693,0.0055693,1,1,29,11,6,1,1,2,67,0.115
4,1.51486,81,0.0055693,0.0055693,1,1,27,11,6,0,0,0,53,0.129
4,1.51486,82,0.0055693,0.0055693,1,1,27,11,6,0,0,0,53,0.134
4,1.51486,83,0.0055693,0.0055693,1,1,29,11,6,1,1,2,67,0.115
4,1.51486,84,0.0055693,0.0055693,1,1,27,11,6,0,0,0,53,0.131
4,1.51486,85,0.0055693,0.0055693,1,1,29,11,6,1,1,2,67,0.131
4,1.51486,86,0.0055693,0.0055693,1,1,29,9,8,1,1,2,79,0.134
4,1.51486,87,0.0055693,0.0055693,1,1,27,9,8,0,0,0,65,0.114
4,1.51486,88,0.0055693,0.0055693,1,1,27,9,8,0,0,0,65,0.13
4,1.51486,89,0.0055693,0.0055693,1,1,29,9,8,1,1,2,79,0.13
4,1.51486,90,0.0055693,0.0055693,1,1,29,9,8,1,1,2,79,0.136
4,1.51486,91,0.0055693,0.0055693,1,1,27,9,8,0,0,0,65,0.116
4,1.51486,92,0.0055693,0.0055693,1,1,27,9,8,0,0,0,65,0.13
4,1.51486,93,0.0055693,0.0055693,1,1,29,9,8,1,1,2,79,0.129
4,1.51486,94,0.0055693,0.0055693,1,1,29,9,8,1,1,2,79,0.131
4,1.51486,95,0.0055693,0.0055693,1,1,27,9,8,0,0,0,65,0.112
4,1.51486,96,0.0055693,0.0055693,1,1,27,11,6,0,0,0,53,0.127
4,1.51486,97,0.0055693,0.0055693,1,1,29,11,6,1,1,2,67,0.127
4,1.51486,98,0.0055693,0.0055693,1,1,29,9,8,1,1,2,79,0.113
4,1.51486,99,0.0055693,0.0055693,1,1,27,9,8,0,0,0,65,0.131
4,1.64428,0,0.00497662,0.00497662,1,1,31,11,6,2,0,2,67,0.093
4,1.64428,1,0.00497662,0.00497662,1,1,33,11,6,3,1,4,81,0.094
4,1.64428,2,0.00497662,0.00497662,1,1,31,11,6,2,0,2,67,0.084
4,1.64428,3,0.00497662,0.00497662,1,1,33,11,6,3,1,4,81,0.097
4,1.64428,4,0.00497662,0.00497662,1,1,33,11,6,3,1,4,81,0.094
4,1.64428,5,0.00497662,0.00497662,1,1,31,11,6,2,0,2,67,0.093
4,1.64428,6,0.00497662,0.00497662,1,1,31,11,6,2,0,2,67,0.084
4,1.64428,7,0.00497662,0.00497662,1,1,33,11,6,3,1,4,81,0.098
4,1.64428,8,0.00497662,0.00497662,1,1,28,11,4,2,0,2,53,0.093
4,1.64428,9,0.00497662,0.00497662,1,1,30,11,4,3,1,4,67,0.094
4,1.64428,10,0.00497662,0.00497662,1,1,30,11,5,2,0,2,60,0.084
4,1.64428,11,0.00497662,0.00497662,1,1,32,11,5,3,1,4,74,0.098
4,1.64428,12,0.00497662,0.00497662,1,1,32,11,5,3,1,4,74,0.094
4,1.64428,13,0.00497662,0.00497662,1,1,30,11,5,2,0,2,60,0.084
4,1.64428,14,0.00497662,0.00497662,1,1,28,11,4,2,0,2,53,0.093
4,1.64428,15,0.00497662,0.00497662,1,1,30,11,4,3,1,4,67,0.097
4,1.64428,16,0.00497662,0.00497662,1,1,33,11,6,3,1,4,81,0.093
4,1.64428,17,0.00497662,0.00497662,1,1,31,11,6,2,0,2,67,0.083
4,1.64428,18,0.00497662,0.00497662,1,1,33,11,6,3,1,4,81,0.095
4,1.64428,19,0.00497662,0.00497662,1,1,31,11,6,2,0,2,67,0.083
4,1.64428,20,0.00497662,0.00497662,1,1,31,11,6,2,0,2,67,0.093
4,1.64428,21,0.00497662,0.00497662,1,1,33,11,6,3,1,4,81,0.096
4,1.64428,22,0.00497662,0.00497662,1,1,33,11,6,3,1,4,81,0.094
4,1.64428,23,0.00497662,0.00497662,1,1,31,11,6,2,0,2,67,0.083
4,1.64428,24,0.00497662,0.00497662,1,1,33,11,6,3,1,4,81,0.092
4,1.64428,25,0.00497662,0.00497662,1,1,31,11,6,2,0,2,67,0.096
4,1.64428,26,0.00497662,0.00497662,1,1,33,11,6,3,1,4,81,0.094
4,1.64428,27,0.00497662,0.00497662,1,1,31,11,6,2,0,2,67,0.083
4,1.64428,28,0.00497662,0.00497662,1,1,32,11,5,3,1,4,74,0.094
4,1.64428,29,0.00497662,0.00497662,1,1,30,11,5,2,0,2,60,0.097
4,1.64428,30,0.00497662,0.00497662,1,1,30,11,4,3,1,4,67,0.094
4,1.64428,31,0.00497662,0.00497662,1,1,28,11,4,2,0,2,53,0.082
4,1.64428,32,0.00497662,0.00497662,1,1,33,11,6,3,1,4,81,0.093
4,1.64428,33,0.00497662,0.00497662,1,1,31,11,6,2,0,2,67,0.097
4,1.64428,34,0.00497662,0.00497662,1,1,31,11,6,2,0,2,67,0.092
4,1.64428,35,0.00497662,0.00497662,1,1,33,11,6,3,1,4,81,0.083
4,1.64428,36,0.00516844,0.00516844,1,1,21,5,8,3,1,4,89,0.152
4,1.64428,37,0.00516844,0.00516844,1,1,21,5,8,3,1,4,89,0.156
4,1.64428,38,0.00516844,0.00516844,1,1,21,5,8,3,1,4,89,0.152
4,1.64428,39,0.00516844,0.00516844,1,1,21,5,8,3,1,4,89,0.128
4,1.64428,40,0.00516844,0.00516844,1,1,21,3,10,3,1,4,101,0.149
4,1.64428,41,0.00516844,0.00516844,1,1,21,3,10,3,1,4,101,0.125
4,1.64428,42,0.00516844,0.00516844,1,1,21,3,10,3,1,4,101,0.153
4,1.64428,43,0.00516844,0.00516844,1,1,21,3,10,3,1,4,101,0.147
4,1.64428,44,0.00516844,0.00516844,1,1,21,3,10,3,1,4,101,0.128
4,1.64428,45,0.00516844,0.00516844,1,1,21,3,10,3,1,4,101,0.149
4,1.64428,46,0.00516844,0.00516844,1,1,21,3,10,3,1,4,101,0.154
4,1.64428,47,0.00516844,0.00516844,1,1,21,3,10,3,1,4,101,0.148
4,1.64428,48,0.00516844,0.00516844,1,1,21,5,8,3,1,4,89,0.127
4,1.64428,49,0.00516844,0.00516844,1,1,21,5,8,3,1,4,89,0.149
4,1.64428,50,0.00516844,0.00516844,1,1,21,5,8,3,1,4,89,0.149
4,1.64428,51,0.00516844,0.00516844,1,1,21,5,8,3,1,4,89,0.151
4,1.64428,52,0.00516844,0.00516844,1,1,21,3,10,3,1,4,101,0.127
4,1.64428,53,0.00516844,0.00516844,1,1,21,3,10,3,1,4,101,0.149
4,1.64428,54,0.00516844,0.00516844,1,1,21,3,10,3,1,4,101,0.149
4,1.64428,55,0.00516844,0.00516844,1,1,21,3,10,3,1,4,101,0.149
4,1.64428,56,0.00516844,0.00516844,1,1,21,3,10,3,1,4,101,0.125
4,1.64428,57,0.00516844,0.00516844,1,1,21,3,10,3,1,4,101,0.148
4,1.64428,58,0.00516844,0.00516844,1,1,21,3,10,3,1,4,101,0.146
4,1.64428,59,0.00516844,0.00516844,1,1,21,3,10,3,1,4,101,0.15
4,1.64428,60,0.00516844,0.00516844,1,1,21,3,10,3,1,4,101,0.125
4,1.64428,61,0.00516844,0.00516844,1,1,21,3,10,3,1,4,101,0.22
4,1.64428,62,0.00516844,0.00516844,1,1,21,3,10,3,1,4,101,0.088
4,1.64428,63,0.00516844,0.00516844,1,1,21,3,10,3,1,4,101,0.15
4,1.64428,64,0.00516844,0.00516844,1,1,21,3,10,3,1,4,101,0.215
4,1.64428,65,0.00516844,0.00516844,1,1,21,3,10,3,1,4,101,0.083
4,1.64428,66,0.00516844,0.00516844,1,1,21,3,10,3,1,4,101,0.147
4,1.64428,67,0.00516844,0.00516844,1,1,21,3,10,3,1,4,101,0.084
4,1.64428,68,0.00516844,0.00516844,1,1,21,5,8,3,1,4,89,0.128
4,1.64428,69,0.00516844,0.00516844,1,1,21,5,8,3,1,4,89,0.128
4,1.64428,70,0.00516844,0.00516844,1,1,21,5,8,3,1,4,89,0.085
4,1.64428,71,0.00516844,0.00516844,1,1,21,5,8,3,1,4,89,0.148
4,1.64428,72,0.00582678,0.00582678,1,1,31,13,4,2,0,2,55,0.081
4,1.64428,73,0.00582678,0.00582678,1,1,33,13,4,3,1,4,69,0.057
4,1.64428,74,0.00582678,0.00582678,1,1,33,11,6,3,1,4,81,0.137
4,1.64428,75,0.00582678,0.00582678,1,1,31,11,6,2,0,2,67,0.054
4,1.64428,76,0.00582678,0.00582678,1,1,35,15,2,2,0,2,43,0.091
4,1.64428,77,0.00582678,0.00582678,1,1,37,15,2,3,1,4,57,0.04
4,1.64428,78,0.00582678,0.00582678,1,1,37,15,2,3,1,4,57,0.067
4,1.64428,79,0.00582678,0.00582678,1,1,35,15,2,2,0,2,43,0.12
4,1.64428,80,0.00582678,0.00582678,1,1,33,11,6,3,1,4,81,0.054
4,1.64428,81,0.00582678,0.00582678,1,1,31,11,6,2,0,2,67,0.088
4,1.64428,82,0.00582678,0.00582678,1,1,35,17,0,2,0,2,31,0.069
4,1.64428,83,0.00582678,0.00582678,1,1,37,17,0,3,1,4,45,0.04
4,1.64428,84,0.00582678,0.00582678,1,1,37,17,0,3,1,4,45,0.059
4,1.64428,85,0.00582678,0.00582678,1,1,35,17,0,2,0,2,31,0.038
4,1.64428,86,0.00582678,0.00582678,1,1,37,15,2,3,1,4,57,0.068
4,1.64428,87,0.00582678,0.00582678,1,1,35,15,2,2,0,2,43,0.127
4,1.64428,88,0.00582678,0.00582678,1,1,35,15,2,2,0,2,43,0.038
4,1.64428,89,0.00582678,0.00582678,1,1,37,15,2,3,1,4,57,0.059
4,1.64428,90,0.00582678,0.00582678,1,1,37,15,2,3,1,4,57,0.066
4,1.64428,91,0.00582678,0.00582678,1,1,35,15,2,2,0,2,43,0.04
4,1.64428,92,0.00582678,0.00582678,1,1,31,11,6,2,0,2,67,0.115
4,1.64428,93,0.00582678,0.00582678,1,1,33,11,6,3,1,4,81,0.055
4,1.64428,94,0.00582678,0.00582678,1,1,37,17,0,3,1,4,45,0.069
4,1.64428,95,0.00582678,0.00582678,1,1,35,17,0,2,0,2,31,0.069
4,1.64428,96,0.00582678,0.00582678,1,1,31,13,4,2,0,2,55,0.055
4,1.64428,97,0.00582678,0.00582678,1,1,33,13,4,3,1,4,69,0.096
4,1.64428,98,0.00582678,0.00582678,1,1,31,13,4,2,0,2,55,0.083
4,1.64428,99,0.00582678,0.00582678,1,1,33,13,4,3,1,4,69,0.056
4,1.73027,0,0.00515023,0.00515023,1,1,33,11,6,3,1,4,81,0.084
4,1.73027,1,0.00515023,0.00515023,1,1,33,11,6,3,1,4,81,0.055
4,1.73027,2,0.00515023,0.00515023,1,1,33,11,6,3,1,4,81,0.16
4,1.73027,3,0.00515023,0.00515023,1,1,33,11,6,3,1,4,81,0.095
4,1.73027,4,0.00515023,0.00515023,1,1,33,13,4,3,1,4,69,0.083
4,1.73027,5,0.00515023,0.00515023,1,1,33,13,4,3,1,4,69,0.055
4,1.73027,6,0.00515023,0.00515023,1,1,33,13,4,3,1,4,69,0.054
4,1.73027,7,0.00515023,0.00515023,1,1,33,13,4,3,1,4,69,0.095
4,1.73027,8,0.00515023,0.00515023,1,1,33,11,6,3,1,4,81,0.083
4,1.73027,9,0.00515023,0.00515023,1,1,33,11,6,3,1,4,81,0.056
4,1.73027,10,0.00515023,0.00515023,1,1,33,11,6,3,1,4,81,0.123
4,1.73027,11,0.00515023,0.00515023,1,1,33,11,6,3,1,4,81,0.086
4,1.73027,12,0.00515023,0.00515023,1,1,33,11,6,3,1,4,81,0.097
4,1.73027,13,0.00515023,0.00515023,1,1,33,11,6,3,1,4,81,0.054
4,1.73027,14,0.00515023,0.00515023,1,1,33,11,6,3,1,4,81,0.056
4,1.73027,15,0.00515023,0.00515023,1,1,33,11,6,3,1,4,81,0.084
4,1.73027,16,0.00515023,0.00515023,1,1,33,13,4,3,1,4,69,0.097
4,1.73027,17,0.00515023,0.00515023,1,1,33,13,4,3,1,4,69,0.082
4,1.73027,18,0.00515023,0.00515023,1,1,33,13,4,3,1,4,69,0.056
4,1.73027,19,0.00515023,0.00515023,1,1,33,13,4,3,1,4,69,0.086
4,1.73027,20,0.00515023,0.00515023,1,1,33,11,6,3,1,4,81,0.055
4,1.73027,21,0.00515023,0.00515023,1,1,33,11,6,3,1,4,81,0.163
4,1.73027,22,0.00515023,0.00515023,1,1,33,11,6,3,1,4,81,0.097
4,1.73027,23,0.00515023,0.00515023,1,1,33,11,6,3,1,4,81,0.057
4,1.73027,24,0.00515023,0.00515023,1,1,33,13,4,3,1,4,69,0.082
4,1.73027,25,0.00515023,0.00515023,1,1,33,13,4,3,1,4,69,0.058
4,1.73027,26,0.00515023,0.00515023,1,1,33,13,4,3,1,4,69,0.099
4,1.73027,27,0.00515023,0.00515023,1,1,33,13,4,3,1,4,69,0.083
4,1.73027,28,0.00515023,0.00515023,1,1,33,11,6,3,1,4,81,0.099
4,1.73027,29,0.00515023,0.00515023,1,1,33,11,6,3,1,4,81,0.094
4,1.73027,30,0.00515023,0.00515023,1,1,33,11,6,3,1,4,81,0.096
4,1.73027,31,0.00515023,0.00515023,1,1,33,11,6,3,1,4,81,0.082
4,1.73027,32,0.00515023,0.00515023,1,1,33,11,6,3,1,4,81,0.095
4,1.73027,33,0.00515023,0.00515023,1,1,33,11,6,3,1,4,81,0.097
4,1.73027,34,0.00515023,0.00515023,1,1,33,11,6,3,1,4,81,0.095
4,1.73027,35,0.00515023,0.00515023,1,1,33,11,6,3,1,4,81,0.083
4,1.73027,36,0.00528485,0.00528485,1,1,35,13,6,1,1,2,69,0.097
4,1.73027,37,0.00528485,0.00528485,1,1,35,13,6,1,1,2,69,0.101
4,1.73027,38,0.00528485,0.00528485,1,1,35,13,6,1,1,2,69,0.085
4,1.73027,39,0.00528485,0.00528485,1,1,35,13,6,1,1,2,69,0.096
4,1.73027,40,0.00528485,0.00528485,1,1,35,15,4,1,1,2,57,0.1
4,1.73027,41,0.00528485,0.00528485,1,1,35,15,4,1,1,2,57,0.099
4,1.73027,42,0.00528485,0.00528485,1,1,35,15,4,1,1,2,57,0.085
4,1.73027,43,0.00528485,0.00528485,1,1,35,15,4,1,1,2,57,0.098
4,1.73027,44,0.00528485,0.00528485,1,1,35,13,6,1,1,2,69,0.098
4,1.73027,45,0.00528485,0.00528485,1,1,35,13,6,1,1,2,69,0.099
4,1.73027,46,0.00528485,0.00528485,1,1,35,13,6,1,1,2,69,0.086
4,1.73027,47,0.00528485,0.00528485,1,1,35,13,6,1,1,2,69,0.097
4,1.73027,48,0.00528485,0.00528485,1,1,35,15,4,1,1,2,57,0.1
4,1.73027,49,0.00528485,0.00528485,1,1,35,15,4,1,1,2,57,0.086
4,1.73027,50,0.00528485,0.00528485,1,1,35,15,4,1,1,2,57,0.101
4,1.73027,51,0.00528485,0.00528485,1,1,35,15,4,1,1,2,57,0.101
4,1.73027,52,0.00528485,0.00528485,1,1,35,13,6,1,1,2,69,0.087
4,1.73027,53,0.00528485,0.00528485,1,1,35,13,6,1,1,2,69,0.099
4,1.73027,54,0.00528485,0.00528485,1,1,35,13,6,1,1,2,69,0.1
4,1.73027,55,0.00528485,0.00528485,1,1,35,13,6,1,1,2,69,0.098
4,1.73027,56,0.00528485,0.00528485,1,1,35,13,6,1,1,2,69,0.084
4,1.73027,57,0.00528485,0.00528485,1,1,35,13,6,1,1,2,69,0.099
4,1.73027,58,0.00528485,0.00528485,1,1,35,13,6,1,1,2,69,0.099
4,1.73027,59,0.00528485,0.00528485,1,1,35,13,6,1,1,2,69,0.1
4,1.73027,60,0.00528485,0.00528485,1,1,35,13,6,1,1,2,69,0.086
4,1.73027,61,0.00528485,0.00528485,1,1,35,13,6,1,1,2,69,0.098
4,1.73027,62,0.00528485,0.00528485,1,1,35,13,6,1,1,2,69,0.098
4,1.73027,63,0.00528485,0.00528485,1,1,35,13,6,1,1,2,69,0.098
4,1.73027,64,0.00528485,0.00528485,1,1,35,15,4,1,1,2,57,0.085
4,1.73027,65,0.00528485,0.00528485,1,1,35,15,4,1,1,2,57,0.098
4,1.73027,66,0.00528485,0.00528485,1,1,35,15,4,1,1,2,57,0.098
4,1.73027,67,0.00528485,0.00528485,1,1,35,15,4,1,1,2,57,0.085
4,1.73027,68,0.00528485,0.00528485,1,1,35,13,6,1,1,2,69,0.098
4,1.73027,69,0.00528485,0.00528485,1,1,35,13,6,1,1,2,69,0.1
4,1.73027,70,0.00528485,0.00528485,1,1,35,13,6,1,1,2,69,0.1
4,1.73027,71,0.00528485,0.00528485,1,1,35,13,6,1,1,2,69,0.085
4,1.73027,72,0.00552581,0.00552581,1,1,20,4,8,3,0,3,81,0.133
4,1.73027,73,0.00552581,0.00552581,1,1,22,4,8,4,1,5,95,0.132
4,1.73027,74,0.00552581,0.00552581,1,1,20,6,6,3,0,3,69,0.113
4,1.73027,75,0.00552581,0.00552581,1,1,22,6,6,4,1,5,83,0.138
4,1.73027,76,0.00552581,0.00552581,1,1,20,4,8,3,0,3,81,0.133
4,1.73027,77,0.00552581,0.00552581,1,1,22,4,8,4,1,5,95,0.114
4,1.73027,78,0.00552581,0.00552581,1,1,20,4,8,3,0,3,81,0.133
4,1.73027,79,0.00552581,0.00552581,1,1,22,4,8,4,1,5,95,0.138
4,1.73027,80,0.00552581,0.00552581,1,1,22,4,8,4,1,5,95,0.133
4,1.73027,81,0.00552581,0.00552581,1,1,20,4,8,3,0,3,81,0.112
4,1.73027,82,0.00552581,0.00552581,1,1,22,6,6,4,1,5,83,0.13
4,1.73027,83,0.00552581,0.00552581,1,1,20,6,6,3,0,3,69,0.132
4,1.73027,84,0.00552581,0.00552581,1,1,20,4,8,3,0,3,81,0.132
4,1.73027,85,0.00552581,0.00552581,1,1,22,4,8,4,1,5,95,0.112
4,1.73027,86,0.00552581,0.00552581,1,1,20,4,8,3,0,3,81,0.133
4,1.73027,87,0.00552581,0.00552581,1,1,22,4,8,4,1,5,95,0.136
4,1.73027,88,0.00552581,0.00552581,1,1,22,4,8,4,1,5,95,0.112
4,1.73027,89,0.00552581,0.00552581,1,1,20,4,8,3,0,3,81,0.132
4,1.73027,90,0.00552581,0.00552581,1,1,22,4,8,4,1,5,95,0.131
4,1.73027,91,0.00552581,0.00552581,1,1,20,4,8,3,0,3,81,0.133
4,1.73027,92,0.00552581,0.00552581,1,1,22,4,8,4,1,5,95,0.112
4,1.73027,93,0.00552581,0.00552581,1,1,20,4,8,3,0,3,81,0.131
4,1.73027,94,0.00552581,0.00552581,1,1,22,4,8,4,1,5,95,0.132
4,1.73027,95,0.00552581,0.00552581,1,1,20,4,8,3,0,3,81,0.112
4,1.73027,96,0.00552581,0.00552581,1,1,22,6,6,4,1,5,83,0.133
4,1.73027,97,0.00552581,0.00552581,1,1,20,6,6,3,0,3,69,0.132
4,1.73027,98,0.00552581,0.00552581,1,1,20,6,6,3,0,3,69,0.13
4,1.73027,99,0.00552581,0.00552581,1,1,22,6,6,4,1,5,83,0.109
4,1.82682,0,0.00394202,0.00394202,1,1,27,9,6,3,1,4,79,0.125
4,1.82682,1,0.00394202,0.00394202,1,1,27,9,6,3,1,4,79,0.122
4,1.82682,2,0.00394202,0.00394202,1,1,27,9,6,3,1,4,79,0.105
4,1.82682,3,0.00394202,0.00394202,1,1,27,9,6,3,1,4,79,0.122
4,1.82682,4,0.00394202,0.00394202,1,1,27,7,8,3,1,4,91,0.125
4,1.82682,5,0.00394202,0.00394202,1,1,27,7,8,3,1,4,91,0.122
4,1.82682,6,0.00394202,0.00394202,1,1,27,7,8,3,1,4,91,0.104
4,1.82682,7,0.00394202,0.00394202,1,1,27,7,8,3,1,4,91,0.122
4,1.82682,8,0.00394202,0.00394202,1,1,27,7,8,3,1,4,91,0.125
4,1.82682,9,0.00394202,0.00394202,1,1,27,7,8,3,1,4,91,0.105
4,1.82682,10,0.00394202,0.00394202,1,1,27,7,8,3,1,4,91,0.123
4,1.82682,11,0.00394202,0.00394202,1,1,27,7,8,3,1,4,91,0.123
4,1.82682,12,0.00394202,0.00394202,1,1,27,9,6,3,1,4,79,0.127
4,1.82682,13,0.00394202,0.00394202,1,1,27,9,6,3,1,4,79,0.107
4,1.82682,14,0.00394202,0.00394202,1,1,27,9,6,3,1,4,79,0.125
4,1.82682,15,0.00394202,0.00394202,1,1,27,9,6,3,1,4,79,0.124
4,1.82682,16,0.00394202,0.00394202,1,1,27,7,8,3,1,4,91,0.105
4,1.82682,17,0.00394202,0.00394202,1,1,27,7,8,3,1,4,91,0.125
4,1.82682,18,0.00394202,0.00394202,1,1,27,7,8,3,1,4,91,0.121
4,1.82682,19,0.00394202,0.00394202,1,1,27,7,8,3,1,4,91,0.123
4,1.82682,20,0.00394202,0.00394202,1,1,27,7,8,3,1,4,91,0.105
4,1.82682,21,0.00394202,0.00394202,1,1,27,7,8,3,1,4,91,0.123
4,1.82682,22,0.00394202,0.00394202,1,1,27,7,8,3,1,4,91,0.122
4,1.82682,23,0.00394202,0.00394202,1,1,27,7,8,3,1,4,91,0.102
4,1.82682,24,0.00394202,0.00394202,1,1,27,7,8,3,1,4,91,0.122
4,1.82682,25,0.00394202,0.00394202,1,1,27,7,8,3,1,4,91,0.127
4,1.82682,26,0.00394202,0.00394202,1,1,27,7,8,3,1,4,91,0.122
4,1.82682,27,0.00394202,0.00394202,1,1,27,7,8,3,1,4,91,0.105
4,1.82682,28,0.00394202,0.00394202,1,1,27,9,6,3,1,4,79,0.124
4,1.82682,29,0.00394202,0.00394202,1,1,27,9,6,3,1,4,79,0.128
4,1.82682,30,0.00394202,0.00394202,1,1,27,9,6,3,1,4,79,0.124
4,1.82682,31,0.00394202,0.00394202,1,1,27,9,6,3,1,4,79,0.107
4,1.82682,32,0.00394202,0.00394202,1,1,27,7,8,3,1,4,91,0.122
4,1.82682,33,0.00394202,0.00394202,1,1,27,7,8,3,1,4,91,0.126
4,1.82682,34,0.00394202,0.00394202,1,1,27,7,8,3,1,4,91,0.105
4,1.82682,35,0.00394202,0.00394202,1,1,27,7,8,3,1,4,91,0.124
4,1.94059,0,0.00563287,0.00563287,1,1,35,15,4,1,1,2,57,0.105
4,1.94059,1,0.00563287,0.00563287,1,1,33,15,4,0,0,0,43,0.093
4,1.94059,2,0.00563287,0.00563287,1,1,33,15,4,0,0,0,43,0.107
4,1.94059,3,0.00563287,0.00563287,1,1,35,15,4,1,1,2,57,0.103
4,1.94059,4,0.00563287,0.00563287,1,1,33,13,6,0,0,0,55,0.101
4,1.94059,5,0.00563287,0.00563287,1,1,35,13,6,1,1,2,69,0.091
4,1.94059,6,0.00563287,0.00563287,1,1,33,13,6,0,0,0,55,0.104
4,1.94059,7,0.00563287,0.00563287,1,1,35,13,6,1,1,2,69,0.102
4,1.94059,8,0.00563287,0.00563287,1,1,35,13,6,1,1,2,69,0.101
4,1.94059,9,0.00563287,0.00563287,1,1,33,13,6,0,0,0,55,0.092
4,1.94059,10,0.00563287,0.00563287,1,1,35,13,6,1,1,2,69,0.105
4,1.94059,11,0.00563287,0.00563287,1,1,33,13,6,0,0,0,55,0.101
4,1.94059,12,0.00563287,0.00563287,1,1,35,13,6,1,1,2,69,0.103
4,1.94059,13,0.00563287,0.00563287,1,1,33,13,6,0,0,0,55,0.094
4,1.94059,14,0.00563287,0.00563287,1,1,35,13,6,1,1,2,69,0.106
4,1.94059,15,0.00563287,0.00563287,1,1,33,13,6,0,0,0,55,0.102
4,1.94059,16,0.00563287,0.00563287,1,1,35,15,4,1,1,2,57,0.103
4,1.94059,17,0.00563287,0.00563287,1,1,33,15,4,0,0,0,43,0.092
4,1.94059,18,0.00563287,0.00563287,1,1,35,15,4,1,1,2,57,0.104
4,1.94059,19,0.00563287,0.00563287,1,1,33,15,4,0,0,0,43,0.101
4,1.94059,20,0.00563287,0.00563287,1,1,33,13,6,0,0,0,55,0.091
4,1.94059,21,0.00563287,0.00563287,1,1,35,13,6,1,1,2,69,0.1
4,1.94059,22,0.00563287,0.00563287,1,1,35,13,6,1,1,2,69,0.107
4,1.94059,23,0.00563287,0.00563287,1,1,33,13,6,0,0,0,55,0.102
4,1.94059,24,0.00563287,0.00563287,1,1,33,13,6,0,0,0,55,0.09
4,1.94059,25,0.00563287,0.00563287,1,1,35,13,6,1,1,2,69,0.099
4,1.94059,26,0.00563287,0.00563287,1,1,35,13,6,1,1,2,69,0.1
4,1.94059,27,0.00563287,0.00563287,1,1,33,13,6,0,0,0,55,0.105
4,1.94059,28,0.00563287,0.00563287,1,1,35,13,6,1,1,2,69,0.09
4,1.94059,29,0.00563287,0.00563287,1,1,33,13,6,0,0,0,55,0.099
4,1.94059,30,0.00563287,0.00563287,1,1,33,13,6,0,0,0,55,0.091
4,1.94059,31,0.00563287,0.00563287,1,1,35,13,6,1,1,2,69,0.102
4,1.94059,32,0.00563287,0.00563287,1,1,35,15,4,1,1,2,57,0.106
4,1.94059,33,0.00563287,0.00563287,1,1,33,15,4,0,0,0,43,0.1
4,1.94059,34,0.00563287,0.00563287,1,1,33,15,4,0,0,0,43,0.092
4,1.94059,35,0.00563287,0.00563287,1,1,35,15,4,1,1,2,57,0.102
4,1.94059,36,0.00583324,0.00583324,1,1,33,15,4,0,0,0,43,0.106
4,1.94059,37,0.00583324,0.00583324,1,1,35,15,4,1,1,2,57,0.101
4,1.94059,38,0.00583324,0.00583324,1,1,33,15,4,0,0,0,43,0.091
4,1.94059,39,0.00583324,0.00583324,1,1,35,15,4,1,1,2,57,0.099
4,1.94059,40,0.00583324,0.00583324,1,1,33,13,6,0,0,0,55,0.104
4,1.94059,41,0.00583324,0.00583324,1,1,35,13,6,1,1,2,69,0.1
4,1.94059,42,0.00583324,0.00583324,1,1,35,13,6,1,1,2,69,0.09
4,1.94059,43,0.00583324,0.00583324,1,1,33,13,6,0,0,0,55,0.1
4,1.94059,44,0.00583324,0.00583324,1,1,33,13,6,0,0,0,55,0.104
4,1.94059,45,0.00583324,0.00583324,1,1,35,13,6,1,1,2,69,0.1
4,1.94059,46,0.00583324,0.00583324,1,1,35,13,6,1,1,2,69,0.089
4,1.94059,47,0.00583324,0.00583324,1,1,33,13,6,0,0,0,55,0.1
4,1.94059,48,0.00583324,0.00583324,1,1,33,13,6,0,0,0,55,0.106
4,1.94059,49,0.00583324,0.00583324,1,1,35,13,6,1,1,2,69,0.1
4,1.94059,50,0.00583324,0.00583324,1,1,33,13,6,0,0,0,55,0.091
4,1.94059,51,0.00583324,0.00583324,1,1,35,13,6,1,1,2,69,0.1
4,1.94059,52,0.00583324,0.00583324,1,1,35,15,4,1,1,2,57,0.101
4,1.94059,53,0.00583324,0.00583324,1,1,33,15,4,0,0,0,43,0.107
4,1.94059,54,0.00583324,0.00583324,1,1,35,15,4,1,1,2,57,0.091
4,1.94059,55,0.00583324,0.00583324,1,1,33,15,4,0,0,0,43,0.1
4,1.94059,56,0.00583324,0.00583324,1,1,33,15,4,0,0,0,43,0.1
4,1.94059,57,0.00583324,0.00583324,1,1,35,15,4,1,1,2,57,0.091
4,1.94059,58,0.00583324,0.00583324,1,1,33,15,4,0,0,0,43,0.105
4,1.94059,59,0.00583324,0.00583324,1,1,35,15,4,1,1,2,57,0.101
4,1.94059,60,0.00583324,0.00583324,1,1,35,13,6,1,1,2,69,0.09
4,1.94059,61,0.00583324,0.00583324,1,1,33,13,6,0,0,0,55,0.101
4,1.94059,62,0.00583324,0.00583324,1,1,33,13,6,0,0,0,55,0.106
4,1.94059,63,0.00583324,0.00583324,1,1,35,13,6,1,1,2,69,0.1
4,1.94059,64,0.00583324,0.00583324,1,1,33,13,6,0,0,0,55,0.09
4,1.94059,65,0.00583324,0.00583324,1,1,35,13,6,1,1,2,69,0.099
4,1.94059,66,0.00583324,0.00583324,1,1,35,13,6,1,1,2,69,0.104
4,1.94059,67,0.00583324,0.00583324,1,1,33,13,6,0,0,0,55,0.101
4,1.94059,68,0.00583324,0.00583324,1,1,35,13,6,1,1,2,69,0.09
4,1.94059,69,0.00583324,0.00583324,1,1,33,13,6,0,0,0,55,0.101
4,1.94059,70,0.00583324,0.00583324,1,1,35,13,6,1,1,2,69,0.105
4,1.94059,71,0.00583324,0.00583324,1,1,33,13,6,0,0,0,55,0.092
4,1.94059,72,0.00647566,0.00647566,1,1,27,7,8,3,1,4,91,0.124
4,1.94059,73,0.00647566,0.00647566,1,1,27,7,8,3,1,4,91,0.125
4,1.94059,74,0.00647566,0.00647566,1,1,27,9,6,3,1,4,79,0.13
4,1.94059,75,0.00647566,0.00647566,1,1,27,9,6,3,1,4,79,0.109
4,1.94059,76,0.00647566,0.00647566,1,1,27,7,8,3,1,4,91,0.125
4,1.94059,77,0.00647566,0.00647566,1,1,27,7,8,3,1,4,91,0.125
4,1.94059,78,0.00647566,0.00647566,1,1,27,7,8,3,1,4,91,0.131
4,1.94059,79,0.00647566,0.00647566,1,1,27,7,8,3,1,4,91,0.11
4,1.94059,80,0.00647566,0.00647566,1,1,27,9,6,3,1,4,79,0.125
4,1.94059,81,0.00647566,0.00647566,1,1,27,9,6,3,1,4,79,0.125
4,1.94059,82,0.00647566,0.00647566,1,1,27,7,8,3,1,4,91,0.108
4,1.94059,83,0.00647566,0.00647566,1,1,27,7,8,3,1,4,91,0.13
4,1.94059,84,0.00647566,0.00647566,1,1,27,7,8,3,1,4,91,0.125
4,1.94059,85,0.00647566,0.00647566,1,1,27,7,8,3,1,4,91,0.125
4,1.94059,86,0.00647566,0.00647566,1,1,27,7,8,3,1,4,91,0.11
4,1.94059,87,0.00647566,0.00647566,1,1,27,7,8,3,1,4,91,0.13
4,1.94059,88,0.00647566,0.00647566,1,1,27,7,8,3,1,4,91,0.126
4,1.94059,89,0.00647566,0.00647566,1,1,27,7,8,3,1,4,91,0.109
4,1.94059,90,0.00647566,0.00647566,1,1,27,7,8,3,1,4,91,0.125
4,1.94059,91,0.00647566,0.00647566,1,1,27,7,8,3,1,4,91,0.129
4,1.94059,92,0.00647566,0.00647566,1,1,27,7,8,3,1,4,91,0.125
4,1.94059,93,0.00647566,0.00647566,1,1,27,7,8,3,1,4,91,0.109
4,1.94059,94,0.00647566,0.00647566,1,1,27,9,6,3,1,4,79,0.125
4,1.94059,95,0.00647566,0.00647566,1,1,27,9,6,3,1,4,79,0.132
4,1.94059,96,0.00647566,0.00647566,1,1,27,9,6,3,1,4,79,0.11
4,1.94059,97,0.00647566,0.00647566,1,1,27,9,6,3,1,4,79,0.125
4,1.94059,98,0.00647566,0.00647566,1,1,27,9,6,3,1,4,79,0.125
4,1.94059,99,0.00647566,0.00647566,1,1,27,9,6,3,1,4,79,0.127
4,2.05485,0,0.00495463,0.00495463,1,1,39,17,4,0,0,0,45,0.064
4,2.05485,1,0.00495463,0.00495463,1,1,41,17,4,1,1,2,59,0.07
4,2.05485,2,0.00495463,0.00495463,1,1,39,17,4,0,0,0,45,0.07
4,2.05485,3,0.00495463,0.00495463,1,1,41,17,4,1,1,2,59,0.064
4,2.05485,4,0.00495463,0.00495463,1,1,39,17,4,0,0,0,45,0.071
4,2.05485,5,0.00495463,0.00495463,1,1,41,17,4,1,1,2,59,0.074
4,2.05485,6,0.00495463,0.00495463,1,1,39,17,4,0,0,0,45,0.071
4,2.05485,7,0.00495463,0.00495463,1,1,41,17,4,1,1,2,59,0.064
4,2.05485,8,0.00495463,0.00495463,1,1,40,17,3,1,1,2,52,0.071
4,2.05485,9,0.00495463,0.00495463,1,1,38,17,3,0,0,0,38,0.074
4,2.05485,10,0.00495463,0.00495463,1,1,36,17,2,0,0,0,31,0.064
4,2.05485,11,0.00495463,0.00495463,1,1,38,17,2,1,1,2,45,0.072
4,2.05485,12,0.00495463,0.00495463,1,1,41,17,4,1,1,2,59,0.071
4,2.05485,13,0.00495463,0.00495463,1,1,39,17,4,0,0,0,45,0.064
4,2.05485,14,0.00495463,0.00495463,1,1,41,17,4,1,1,2,59,0.074
4,2.05485,15,0.00495463,0.00495463,1,1,39,17,4,0,0,0,45,0.072
4,2.05485,16,0.00495463,0.00495463,1,1,41,17,4,1,1,2,59,0.07
4,2.05485,17,0.00495463,0.00495463,1,1,39,17,4,0,0,0,45,0.064
4,2.05485,18,0.00495463,0.00495463,1,1,41,17,4,1,1,2,59,0.072
4,2.05485,19,0.00495463,0.00495463,1,1,39,17,4,0,0,0,45,0.071
4,2.05485,20,0.00495463,0.00495463,1,1,38,17,2,1,1,2,45,0.071
4,2.05485,21,0.00495463,0.00495463,1,1,36,17,2,0,0,0,31,0.064
4,2.05485,22,0.00495463,0.00495463,1,1,38,17,3,0,0,0,38,0.072
4,2.05485,23,0.00495463,0.00495463,1,1,40,17,3,1,1,2,52,0.07
4,2.05485,24,0.00495463,0.00495463,1,1,41,17,4,1,1,2,59,0.065
4,2.05485,25,0.00495463,0.00495463,1,1,39,17,4,0,0,0,45,0.071
4,2.05485,26,0.00495463,0.00495463,1,1,41,17,4,1,1,2,59,0.072
4,2.05485,27,0.00495463,0.00495463,1,1,39,17,4,0,0,0,45,0.07
4,2.05485,28,0.00495463,0.00495463,1,1,39,17,4,0,0,0,45,0.063
4,2.05485,29,0.00495463,0.00495463,1,1,41,17,4,1,1,2,59,0.069
4,2.05485,30,0.00495463,0.00495463,1,1,41,17,4,1,1,2,59,0.073
4,2.05485,31,0.00495463,0.00495463,1,1,39,17,4,0,0,0,45,0.069
4,2.05485,32,0.00495463,0.00495463,1,1,40,17,3,1,1,2,52,0.064
4,2.05485,33,0.00495463,0.00495463,1,1,38,17,3,0,0,0,38,0.069
4,2.05485,34,0.00495463,0.00495463,1,1,36,17,2,0,0,0,31,0.071
4,2.05485,35,0.00495463,0.00495463,1,1,38,17,2,1,1,2,45,0.074
4,2.05485,36,0.00523179,0.00523179,1,1,29,9,6,3,1,4,79,0.107
4,2.05485,37,0.00523179,0.00523179,1,1,27,9,6,2,0,2,65,0.125
4,2.05485,38,0.00523179,0.00523179,1,1,29,9,6,3,1,4,79,0.125
4,2.05485,39,0.00523179,0.00523179,1,1,27,9,6,2,0,2,65,0.128
4,2.05485,40,0.00523179,0.00523179,1,1,29,9,6,3,1,4,79,0.105
4,2.05485,41,0.00523179,0.00523179,1,1,27,9,6,2,0,2,65,0.124
4,2.05485,42,0.00523179,0.00523179,1,1,29,9,6,3,1,4,79,0.124
4,2.05485,43,0.00523179,0.00523179,1,1,27,9,6,2,0,2,65,0.128
4,2.05485,44,0.00523179,0.00523179,1,1,27,11,4,2,0,2,53,0.109
4,2.05485,45,0.00523179,0.00523179,1,1,29,11,4,3,1,4,67,0.125
4,2.05485,46,0.00523179,0.00523179,1,1,29,11,4,3,1,4,67,0.125
4,2.05485,47,0.00523179,0.00523179,1,1,27,11,4,2,0,2,53,0.13
4,2.05485,48,0.00523179,0.00523179,1,1,29,9,6,3,1,4,79,0.108
4,2.05485,49,0.00523179,0.00523179,1,1,27,9,6,2,0,2,65,0.127
4,2.05485,50,0.00523179,0.00523179,1,1,29,9,6,3,1,4,79,0.109
4,2.05485,51,0.00523179,0.00523179,1,1,27,9,6,2,0,2,65,0.126
4,2.05485,52,0.00523179,0.00523179,1,1,27,9,6,2,0,2,65,0.13
4,2.05485,53,0.00523179,0.00523179,1,1,29,9,6,3,1,4,79,0.125
4,2.05485,54,0.00523179,0.00523179,1,1,29,9,6,3,1,4,79,0.108
4,2.05485,55,0.00523179,0.00523179,1,1,27,9,6,2,0,2,65,0.125
4,2.05485,56,0.00523179,0.00523179,1,1,27,9,6,2,0,2,65,0.127
4,2.05485,57,0.00523179,0.00523179,1,1,29,9,6,3,1,4,79,0.124
4,2.05485,58,0.00523179,0.00523179,1,1,27,9,6,2,0,2,65,0.108
4,2.05485,59,0.00523179,0.00523179,1,1,29,9,6,3,1,4,79,0.125
4,2.05485,60,0.00523179,0.00523179,1,1,29,11,4,3,1,4,67,0.127
4,2.05485,61,0.00523179,0.00523179,1,1,27,11,4,2,0,2,53,0.109
4,2.05485,62,0.00523179,0.00523179,1,1,27,11,4,2,0,2,53,0.128
4,2.05485,63,0.00523179,0.00523179,1,1,29,11,4,3,1,4,67,0.125
4,2.05485,64,0.00523179,0.00523179,1,1,29,9,6,3,1,4,79,0.129
4,2.05485,65,0.00523179,0.00523179,1,1,27,9,6,2,0,2,65,0.107
4,2.05485,66,0.00523179,0.00523179,1,1,27,9,6,2,0,2,65,0.126
4,2.05485,67,0.00523179,0.00523179,1,1,29,9,6,3,1,4,79,0.126
4,2.05485,68,0.00523179,0.00523179,1,1,27,11,4,2,0,2,53,0.13
4,2.05485,69,0.00523179,0.00523179,1,1,29,11,4,3,1,4,67,0.107
4,2.05485,70,0.00523179,0.00523179,1,1,29,11,4,3,1,4,67,0.127
4,2.05485,71,0.00523179,0.00523179,1,1,27,11,4,2,0,2,53,0.126
4,2.05485,72,0.00541419,0.00541419,1,1,39,15,4,3,1,4,71,0.063
4,2.05485,73,0.00541419,0.00541419,1,1,37,15,4,2,0,2,57,0.071
4,2.05485,74,0.00541419,0.00541419,1,1,37,15,4,2,0,2,57,0.062
4,2.05485,75,0.00541419,0.00541419,1,1,39,15,4,3,1,4,71,0.069
4,2.05485,76,0.00541419,0.00541419,1,1,39,17,2,3,1,4,59,0.071
4,2.05485,77,0.00541419,0.00541419,1,1,37,17,2,2,0,2,45,0.069
4,2.05485,78,0.00541419,0.00541419,1,1,39,17,2,3,1,4,59,0.062
4,2.05485,79,0.00541419,0.00541419,1,1,37,17,2,2,0,2,45,0.069
4,2.05485,80,0.00541419,0.00541419,1,1,37,15,4,2,0,2,57,0.072
4,2.05485,81,0.00541419,0.00541419,1,1,39,15,4,3,1,4,71,0.068
4,2.05485,82,0.00541419,0.00541419,1,1,39,15,4,3,1,4,71,0.063
4,2.05485,83,0.00541419,0.00541419,1,1,37,15,4,2,0,2,57,0.068
4,2.05485,84,0.00541419,0.00541419,1,1,39,15,4,3,1,4,71,0.072
4,2.05485,85,0.00541419,0.00541419,1,1,37,15,4,2,0,2,57,0.069
4,2.05485,86,0.00541419,0.00541419,1,1,39,15,4,3,1,4,71,0.063
4,2.05485,87,0.00541419,0.00541419,1,1,37,15,4,2,0,2,57,0.069
4,2.05485,88,0.00541419,0.00541419,1,1,37,17,2,2,0,2,45,0.071
4,2.05485,89,0.00541419,0.00541419,1,1,39,17,2,3,1,4,59,0.062
4,2.05485,90,0.00541419,0.00541419,1,1,37,15,4,2,0,2,57,0.068
4,2.05485,91,0.00541419,0.00541419,1,1,39,15,4,3,1,4,71,0.068
4,2.05485,92,0.00541419,0.00541419,1,1,39,17,2,3,1,4,59,0.071
4,2.05485,93,0.00541419,0.00541419,1,1,37,17,2,2,0,2,45,0.063
4,2.05485,94,0.00541419,0.00541419,1,1,37,17,2,2,0,2,45,0.069
4,2.05485,95,0.00541419,0.00541419,1,1,39,17,2,3,1,4,59,0.069
4,2.05485,96,0.00541419,0.00541419,1,1,37,15,4,2,0,2,57,0.063
4,2.05485,97,0.00541419,0.00541419,1,1,39,15,4,3,1,4,71,0.072
4,2.05485,98,0.00541419,0.00541419,1,1,39,15,4,3,1,4,71,0.068
4,2.05485,99,0.00541419,0.00541419,1,1,37,15,4,2,0,2,57,0.068
4,2.16129,0,0.00532287,0.00532287,1,1,41,17,4,1,1,2,59,0.063
4,2.16129,1,0.00532287,0.00532287,1,1,41,17,4,1,1,2,59,0.071
4,2.16129,2,0.00532287,0.00532287,1,1,41,17,4,1,1,2,59,0.068
4,2.16129,3,0.00532287,0.00532287,1,1,41,17,4,1,1,2,59,0.068
4,2.16129,4,0.00532287,0.00532287,1,1,41,17,4,1,1,2,59,0.062
4,2.16129,5,0.00532287,0.00532287,1,1,41,17,4,1,1,2,59,0.07
4,2.16129,6,0.00532287,0.00532287,1,1,41,17,4,1,1,2,59,0.068
4,2.16129,7,0.00532287,0.00532287,1,1,41,17,4,1,1,2,59,0.066
4,2.16129,8,0.00532287,0.00532287,1,1,41,17,4,1,1,2,59,0.08
4,2.16129,9,0.00532287,0.00532287,1,1,41,17,4,1,1,2,59,0.064
4,2.16129,10,0.00532287,0.00532287,1,1,41,17,4,1,1,2,59,0.071
4,2.16129,11,0.00532287,0.00532287,1,1,41,17,4,1,1,2,59,0.041
4,2.16129,12,0.00532287,0.00532287,1,1,41,17,4,1,1,2,59,0.121
4,2.16129,13,0.00532287,0.00532287,1,1,41,17,4,1,1,2,59,0.061
4,2.16129,14,0.00532287,0.00532287,1,1,41,17,4,1,1,2,59,0.069
4,2.16129,15,0.00532287,0.00532287,1,1,41,17,4,1,1,2,59,0.043
4,2.16129,16,0.00532287,0.00532287,1,1,41,19,2,1,1,2,47,0.044
4,2.16129,17,0.00532287,0.00532287,1,1,41,19,2,1,1,2,47,0.063
4,2.16129,18,0.00532287,0.00532287,1,1,41,19,2,1,1,2,47,0.069
4,2.16129,19,0.00532287,0.00532287,1,1,41,19,2,1,1,2,47,0.04
4,2.16129,20,0.00532287,0.00532287,1,1,41,19,2,1,1,2,47,0.124
4,2.16129,21,0.00532287,0.00532287,1,1,41,19,2,1,1,2,47,0.06
4,2.16129,22,0.00532287,0.00532287,1,1,41,19,2,1,1,2,47,0.047
4,2.16129,23,0.00532287,0.00532287,1,1,41,19,2,1,1,2,47,0.068
4,2.16129,24,0.00532287,0.00532287,1,1,41,17,4,1,1,2,59,0.066
4,2.16129,25,0.00532287,0.00532287,1,1,41,17,4,1,1,2,59,0.061
4,2.16129,26,0.00532287,0.00532287,1,1,41,17,4,1,1,2,59,0.071
4,2.16129,27,0.00532287,0.00532287,1,1,41,17,4,1,1,2,59,0.083
4,2.16129,28,0.00532287,0.00532287,1,1,41,17,4,1,1,2,59,0.098
4,2.16129,29,0.00532287,0.00532287,1,1,41,17,4,1,1,2,59,0.065
4,2.16129,30,0.00532287,0.00532287,1,1,41,17,4,1,1,2,59,0.071
4,2.16129,31,0.00532287,0.00532287,1,1,41,17,4,1,1,2,59,0.061
4,2.16129,32,0.00532287,0.00532287,1,1,41,19,2,1,1,2,47,0.064
4,2.16129,33,0.00532287,0.00532287,1,1,41,19,2,1,1,2,47,0.063
4,2.16129,34,0.00532287,0.00532287,1,1,41,19,2,1,1,2,47,0.07
4,2.16129,35,0.00532287,0.00532287,1,1,41,19,2,1,1,2,47,0.041
4,2.16129,36,0.00566861,0.00566861,1,1,29,9,8,1,1,2,79,0.106
4,2.16129,37,0.00566861,0.00566861,1,1,29,9,8,1,1,2,79,0.106
4,2.16129,38,0.00566861,0.00566861,1,1,29,9,8,1,1,2,79,0.068
4,2.16129,39,0.00566861,0.00566861,1,1,29,9,8,1,1,2,79,0.121
4,2.16129,40,0.00566861,0.00566861,1,1,29,11,6,1,1,2,67,0.075
4,2.16129,41,0.00566861,0.00566861,1,1,29,11,6,1,1,2,67,0.107
4,2.16129,42,0.00566861,0.00566861,1,1,29,11,6,1,1,2,67,0.108
4,2.16129,43,0.00566861,0.00566861,1,1,29,11,6,1,1,2,67,0.125
4,2.16129,44,0.00566861,0.00566861,1,1,29,9,8,1,1,2,79,0.069
4,2.16129,45,0.00566861,0.00566861,1,1,29,9,8,1,1,2,79,0.106
4,2.16129,46,0.00566861,0.00566861,1,1,29,9,8,1,1,2,79,0.104
4,2.16129,47,0.00566861,0.00566861,1,1,29,9,8,1,1,2,79,0.073
4,2.16129,48,0.00566861,0.00566861,1,1,29,9,8,1,1,2,79,0.122
4,2.16129,49,0.00566861,0.00566861,1,1,29,9,8,1,1,2,79,0.069
4,2.16129,50,0.00566861,0.00566861,1,1,29,9,8,1,1,2,79,0.105
4,2.16129,51,0.00566861,0.00566861,1,1,29,9,8,1,1,2,79,0.105
4,2.16129,52,0.00566861,0.00566861,1,1,29,11,6,1,1,2,67,0.072
4,2.16129,53,0.00566861,0.00566861,1,1,29,11,6,1,1,2,67,0.125
4,2.16129,54,0.00566861,0.00566861,1,1,29,11,6,1,1,2,67,0.108
4,2.16129,55,0.00566861,0.00566861,1,1,29,11,6,1,1,2,67,0.11
4,2.16129,56,0.00566861,0.00566861,1,1,29,9,8,1,1,2,79,0.071
4,2.16129,57,0.00566861,0.00566861,1,1,29,9,8,1,1,2,79,0.071
4,2.16129,58,0.00566861,0.00566861,1,1,29,9,8,1,1,2,79,0.109
4,2.16129,59,0.00566861,0.00566861,1,1,29,9,8,1,1,2,79,0.129
4,2.16129,60,0.00566861,0.00566861,1,1,29,11,6,1,1,2,67,0.107
4,2.16129,61,0.00566861,0.00566861,1,1,29,11,6,1,1,2,67,0.074
4,2.16129,62,0.00566861,0.00566861,1,1,29,11,6,1,1,2,67,0.104
4,2.16129,63,0.00566861,0.00566861,1,1,29,11,6,1,1,2,67,0.106
4,2.16129,64,0.00566861,0.00566861,1,1,29,9,8,1,1,2,79,0.123
4,2.16129,65,0.00566861,0.00566861,1,1,29,9,8,1,1,2,79,0.068
4,2.16129,66,0.00566861,0.00566861,1,1,29,9,8,1,1,2,79,0.071
4,2.16129,67,0.00566861,0.00566861,1,1,29,9,8,1,1,2,79,0.105
4,2.16129,68,0.00566861,0.00566861,1,1,29,9,8,1,1,2,79,0.104
4,2.16129,69,0.00566861,0.00566861,1,1,29,9,8,1,1,2,79,0.124
4,2.16129,70,0.00566861,0.00566861,1,1,29,9,8,1,1,2,79,0.07
4,2.16129,71,0.00566861,0.00566861,1,1,29,9,8,1,1,2,79,0.103
4,2.16129,72,0.00611056,0.00611056,1,1,41,17,4,1,1,2,59,0.062
4,2.16129,73,0.00611056,0.00611056,1,1,41,17,4,1,1,2,59,0.041
4,2.16129,74,0.00611056,0.00611056,1,1,41,19,2,1,1,2,47,0.069
4,2.16129,75,0.00611056,0.00611056,1,1,41,19,2,1,1,2,47,0.041
4,2.16129,76,0.00611056,0.00611056,1,1,41,19,2,1,1,2,47,0.061
4,2.16129,77,0.00611056,0.00611056,1,1,41,19,2,1,1,2,47,0.061
4,2.16129,78,0.00611056,0.00611056,1,1,41,19,2,1,1,2,47,0.041
4,2.16129,79,0.00611056,0.00611056,1,1,41,19,2,1,1,2,47,0.068
4,2.16129,80,0.00611056,0.00611056,1,1,41,17,4,1,1,2,59,0.061
4,2.16129,81,0.00611056,0.00611056,1,1,41,17,4,1,1,2,59,0.041
4,2.16129,82,0.00611056,0.00611056,1,1,41,17,4,1,1,2,59,0.061
4,2.16129,83,0.00611056,0.00611056,1,1,41,17,4,1,1,2,59,0.041
4,2.16129,84,0.00611056,0.00611056,1,1,41,17,4,1,1,2,59,0.071
4,2.16129,85,0.00611056,0.00611056,1,1,41,17,4,1,1,2,59,0.062
4,2.16129,86,0.00611056,0.00611056,1,1,41,17,4,1,1,2,59,0.063
4,2.16129,87,0.00611056,0.00611056,1,1,41,17,4,1,1,2,59,0.043
4,2.16129,88,0.00611056,0.00611056,1,1,41,17,4,1,1,2,59,0.069
4,2.16129,89,0.00611056,0.00611056,1,1,41,17,4,1,1,2,59,0.062
4,2.16129,90,0.00611056,0.00611056,1,1,41,17,4,1,1,2,59,0.041
4,2.16129,91,0.00611056,0.00611056,1,1,41,17,4,1,1,2,59,0.062
4,2.16129,92,0.00611056,0.00611056,1,1,41,17,4,1,1,2,59,0.041
4,2.16129,93,0.00611056,0.00611056,1,1,41,17,4,1,1,2,59,0.062
4,2.16129,94,0.00611056,0.00611056,1,1,41,19,2,1,1,2,47,0.07
4,2.16129,95,0.00611056,0.00611056,1,1,41,19,2,1,1,2,47,0.061
4,2.16129,96,0.00611056,0.00611056,1,1,41,19,2,1,1,2,47,0.043
4,2.16129,97,0.00611056,0.00611056,1,1,41,19,2,1,1,2,47,0.062
4,2.16129,98,0.00611056,0.00611056,1,1,41,17,4,1,1,2,59,0.042
4,2.16129,99,0.00611056,0.00611056,1,1,41,17,4,1,1,2,59,0.07
4,2.29075,0,0.00531541,0.00531541,1,1,33,11,4,5,1,6,81,0.08
4,2.29075,1,0.00531541,0.00531541,1,1,33,11,4,5,1,6,81,0.055
4,2.29075,2,0.00531541,0.00531541,1,1,33,11,4,5,1,6,81,0.081
4,2.29075,3,0.00531541,0.00531541,1,1,33,11,4,5,1,6,81,0.095
4,2.29075,4,0.00531541,0.00531541,1,1,33,11,4,5,1,6,81,0.081
4,2.29075,5,0.00531541,0.00531541,1,1,33,11,4,5,1,6,81,0.057
4,2.29075,6,0.00531541,0.00531541,1,1,33,11,4,5,1,6,81,0.081
4,2.29075,7,0.00531541,0.00531541,1,1,33,11,4,5,1,6,81,0.054
4,2.29075,8,0.00531541,0.00531541,1,1,33,11,4,5,1,6,81,0.081
4,2.29075,9,0.00531541,0.00531541,1,1,33,11,4,5,1,6,81,0.095
4,2.29075,10,0.00531541,0.00531541,1,1,33,11,4,5,1,6,81,0.056
4,2.29075,11,0.00531541,0.00531541,1,1,33,11,4,5,1,6,81,0.081
4,2.29075,12,0.00531541,0.00531541,1,1,33,13,2,5,1,6,69,0.081
4,2.29075,13,0.00531541,0.00531541,1,1,33,13,2,5,1,6,69,0.093
4,2.29075,14,0.00531541,0.00531541,1,1,33,13,2,5,1,6,69,0.055
4,2.29075,15,0.00531541,0.00531541,1,1,33,13,2,5,1,6,69,0.081
4,2.29075,16,0.00531541,0.00531541,1,1,33,13,2,5,1,6,69,0.054
4,2.29075,17,0.00531541,0.00531541,1,1,33,13,2,5,1,6,69,0.081
4,2.29075,18,0.00531541,0.00531541,1,1,33,13,2,5,1,6,69,0.094
4,2.29075,19,0.00531541,0.00531541,1,1,33,13,2,5,1,6,69,0.055
4,2.29075,20,0.00531541,0.00531541,1,1,33,11,4,5,1,6,81,0.082
4,2.29075,21,0.00531541,0.00531541,1,1,33,11,4,5,1,6,81,0.081
4,2.29075,22,0.00531541,0.00531541,1,1,33,11,4,5,1,6,81,0.055
4,2.29075,23,0.00531541,0.00531541,1,1,33,11,4,5,1,6,81,0.094
4,2.29075,24,0.00531541,0.00531541,1,1,33,11,4,5,1,6,81,0.082
4,2.29075,25,0.00531541,0.00531541,1,1,33,11,4,5,1,6,81,0.055
4,2.29075,26,0.00531541,0.00531541,1,1,33,11,4,5,1,6,81,0.083
4,2.29075,27,0.00531541,0.00531541,1,1,33,11,4,5,1,6,81,0.057
4,2.29075,28,0.00531541,0.00531541,1,1,33,13,2,5,1,6,69,0.083
4,2.29075,29,0.00531541,0.00531541,1,1,33,13,2,5,1,6,69,0.095
4,2.29075,30,0.00531541,0.00531541,1,1,33,13,2,5,1,6,69,0.083
4,2.29075,31,0.00531541,0.00531541,1,1,33,13,2,5,1,6,69,0.059
4,2.29075,32,0.00531541,0.00531541,1,1,33,11,4,5,1,6,81,0.082
4,2.29075,33,0.00531541,0.00531541,1,1,33,11,4,5,1,6,81,0.094
4,2.29075,34,0.00531541,0.00531541,1,1,33,11,4,5,1,6,81,0.054
4,2.29075,35,0.00531541,0.00531541,1,1,33,11,4,5,1,6,81,0.082
4,2.29075,36,0.0053827,0.0053827,1,1,23,5,8,4,0,4,89,0.103
4,2.29075,37,0.0053827,0.0053827,1,1,25,5,8,5,1,6,103,0.07
4,2.29075,38,0.0053827,0.0053827,1,1,23,5,8,4,0,4,89,0.119
4,2.29075,39,0.0053827,0.0053827,1,1,25,5,8,5,1,6,103,0.101
4,2.29075,40,0.0053827,0.0053827,1,1,20,5,6,4,0,4,75,0.067
4,2.29075,41,0.0053827,0.0053827,1,1,22,5,6,5,1,6,89,0.102
4,2.29075,42,0.0053827,0.0053827,1,1,22,5,6,5,1,6,89,0.101
4,2.29075,43,0.0053827,0.0053827,1,1,20,5,6,4,0,4,75,0.068
4,2.29075,44,0.0053827,0.0053827,1,1,23,5,8,4,0,4,89,0.122
4,2.29075,45,0.0053827,0.0053827,1,1,25,5,8,5,1,6,103,0.103
4,2.29075,46,0.0053827,0.0053827,1,1,25,5,8,5,1,6,103,0.071
4,2.29075,47,0.0053827,0.0053827,1,1,23,5,8,4,0,4,89,0.101
4,2.29075,48,0.0053827,0.0053827,1,1,25,5,8,5,1,6,103,0.12
4,2.29075,49,0.0053827,0.0053827,1,1,23,5,8,4,0,4,89,0.069
4,2.29075,50,0.0053827,0.0053827,1,1,25,5,8,5,1,6,103,0.104
4,2.29075,51,0.0053827,0.0053827,1,1,23,5,8,4,0,4,89,0.104
4,2.29075,52,0.0053827,0.0053827,1,1,23,5,8,4,0,4,89,0.068
4,2.29075,53,0.0053827,0.0053827,1,1,25,5,8,5,1,6,103,0.118
4,2.29075,54,0.0053827,0.0053827,1,1,20,5,6,4,0,4,75,0.103
4,2.29075,55,0.0053827,0.0053827,1,1,22,5,6,5,1,6,89,0.068
4,2.29075,56,0.0053827,0.0053827,1,1,20,5,6,4,0,4,75,0.101
4,2.29075,57,0.0053827,0.0053827,1,1,22,5,6,5,1,6,89,0.067
4,2.29075,58,0.0053827,0.0053827,1,1,25,5,8,5,1,6,103,0.121
4,2.29075,59,0.0053827,0.0053827,1,1,23,5,8,4,0,4,89,0.102
4,2.29075,60,0.0053827,0.0053827,1,1,22,5,6,5,1,6,89,0.101
4,2.29075,61,0.0053827,0.0053827,1,1,20,5,6,4,0,4,75,0.068
4,2.29075,62,0.0053827,0.0053827,1,1,22,5,6,5,1,6,89,0.122
4,2.29075,63,0.0053827,0.0053827,1,1,20,5,6,4,0,4,75,0.073
4,2.29075,64,0.0053827,0.0053827,1,1,23,5,8,4,0,4,89,0.12
4,2.29075,65,0.0053827,0.0053827,1,1,25,5,8,5,1,6,103,0.102
4,2.29075,66,0.0053827,0.0053827,1,1,25,5,8,5,1,6,103,0.069
4,2.29075,67,0.0053827,0.0053827,1,1,23,5,8,4,0,4,89,0.102
4,2.29075,68,0.0053827,0.0053827,1,1,25,5,8,5,1,6,103,0.103
4,2.29075,69,0.0053827,0.0053827,1,1,23,5,8,4,0,4,89,0.123
4,2.29075,70,0.0053827,0.0053827,1,1,25,5,8,5,1,6,103,0.068
4,2.29075,71,0.0053827,0.0053827,1,1,23,5,8,4,0,4,89,0.069
4,2.29075,72,0.00583761,0.00583761,1,1,27,7,8,3,1,4,91,0.109
4,2.29075,73,0.00583761,0.00583761,1,1,27,7,8,3,1,4,91,0.109
4,2.29075,74,0.00583761,0.00583761,1,1,27,7,8,3,1,4,91,0.129
4,2.29075,75,0.00583761,0.00583761,1,1,27,7,8,3,1,4,91,0.073
4,2.29075,76,0.00583761,0.00583761,1,1,24,7,6,3,1,4,77,0.109
4,2.29075,77,0.00583761,0.00583761,1,1,24,7,6,3,1,4,77,0.109
4,2.29075,78,0.00583761,0.00583761,1,1,27,7,8,3,1,4,91,0.074
4,2.29075,79,0.00583761,0.00583761,1,1,27,7,8,3,1,4,91,0.125
4,2.29075,80,0.00583761,0.00583761,1,1,27,7,8,3,1,4,91,0.073
4,2.29075,81,0.00583761,0.00583761,1,1,27,7,8,3,1,4,91,0.109
4,2.29075,82,0.00583761,0.00583761,1,1,26,7,7,3,1,4,84,0.109
4,2.29075,83,0.00583761,0.00583761,1,1,26,7,7,3,1,4,84,0.074
4,2.29075,84,0.00583761,0.00583761,1,1,24,7,6,3,1,4,77,0.126
4,2.29075,85,0.00583761,0.00583761,1,1,26,7,7,3,1,4,84,0.11
4,2.29075,86,0.00583761,0.00583761,1,1,27,7,8,3,1,4,91,0.108
4,2.29075,87,0.00583761,0.00583761,1,1,27,7,8,3,1,4,91,0.073
4,2.29075,88,0.00583761,0.00583761,1,1,27,7,8,3,1,4,91,0.129
4,2.29075,89,0.00583761,0.00583761,1,1,27,7,8,3,1,4,91,0.072
4,2.29075,90,0.00583761,0.00583761,1,1,27,7,8,3,1,4,91,0.11
4,2.29075,91,0.00583761,0.00583761,1,1,27,7,8,3,1,4,91,0.108
4,2.29075,92,0.00583761,0.00583761,1,1,27,7,8,3,1,4,91,0.079
4,2.29075,93,0.00583761,0.00583761,1,1,27,7,8,3,1,4,91,0.13
4,2.29075,94,0.00583761,0.00583761,1,1,27,7,8,3,1,4,91,0.108
4,2.29075,95,0.00583761,0.00583761,1,1,27,7,8,3,1,4,91,0.109
4,2.29075,96,0.00583761,0.00583761,1,1,26,7,7,3,1,4,84,0.081
4,2.29075,97,0.00583761,0.00583761,1,1,26,7,7,3,1,4,84,0.11
4,2.29075,98,0.00583761,0.00583761,1,1,26,7,7,3,1,4,84,0.109
4,2.29075,99,0.00583761,0.00583761,1,1,24,7,6,3,1,4,77,0.075
4,2.39279,0,0.00504612,0.00504612,1,1,25,9,2,5,1,6,65,0.114
4,2.39279,1,0.00504612,0.00504612,1,1,25,9,2,5,1,6,65,0.069
4,2.39279,2,0.00504612,0.00504612,1,1,25,9,2,5,1,6,65,0.102
4,2.39279,3,0.00504612,0.00504612,1,1,25,9,2,5,1,6,65,0.102
4,2.39279,4,0.00504612,0.00504612,1,1,25,9,2,5,1,6,65,0.12
4,2.39279,5,0.00504612,0.00504612,1,1,25,9,2,5,1,6,65,0.067
4,2.39279,6,0.00504612,0.00504612,1,1,25,9,2,5,1,6,65,0.103
4,2.39279,7,0.00504612,0.00504612,1,1,25,9,2,5,1,6,65,0.102
4,2.39279,8,0.00504612,0.00504612,1,1,25,7,4,5,1,6,77,0.066
4,2.39279,9,0.00504612,0.00504612,1,1,25,7,4,5,1,6,77,0.116
4,2.39279,10,0.00504612,0.00504612,1,1,25,7,4,5,1,6,77,0.066
4,2.39279,11,0.00504612,0.00504612,1,1,25,7,4,5,1,6,77,0.1
4,2.39279,12,0.00504612,0.00504612,1,1,25,9,2,5,1,6,65,0.102
4,2.39279,13,0.00504612,0.00504612,1,1,25,9,2,5,1,6,65,0.071
4,2.39279,14,0.00504612,0.00504612,1,1,25,9,2,5,1,6,65,0.121
4,2.39279,15,0.00504612,0.00504612,1,1,25,9,2,5,1,6,65,0.102
4,2.39279,16,0.00504612,0.00504612,1,1,25,7,4,5,1,6,77,0.1
4,2.39279,17,0.00504612,0.00504612,1,1,25,7,4,5,1,6,77,0.069
4,2.39279,18,0.00504612,0.00504612,1,1,25,7,4,5,1,6,77,0.117
4,2.39279,19,0.00504612,0.00504612,1,1,25,7,4,5,1,6,77,0.066
4,2.39279,20,0.00504612,0.00504612,1,1,25,7,4,5,1,6,77,0.1
4,2.39279,21,0.00504612,0.00504612,1,1,25,7,4,5,1,6,77,0.1
4,2.39279,22,0.00504612,0.00504612,1,1,25,7,4,5,1,6,77,0.071
4,2.39279,23,0.00504612,0.00504612,1,1,25,7,4,5,1,6,77,0.116
4,2.39279,24,0.00504612,0.00504612,1,1,25,7,4,5,1,6,77,0.101
4,2.39279,25,0.00504612,0.00504612,1,1,25,7,4,5,1,6,77,0.101
4,2.39279,26,0.00504612,0.00504612,1,1,25,7,4,5,1,6,77,0.069
4,2.39279,27,0.00504612,0.00504612,1,1,25,7,4,5,1,6,77,0.07
4,2.39279,28,0.00504612,0.00504612,1,1,25,7,4,5,1,6,77,0.102
4,2.39279,29,0.00504612,0.00504612,1,1,25,7,4,5,1,6,77,0.118
4,2.39279,30,0.00504612,0.00504612,1,1,25,7,4,5,1,6,77,0.101
4,2.39279,31,0.00504612,0.00504612,1,1,25,7,4,5,1,6,77,0.067
4,2.39279,32,0.00504612,0.00504612,1,1,25,7,4,5,1,6,77,0.101
4,2.39279,33,0.00504612,0.00504612,1,1,25,7,4,5,1,6,77,0.1
4,2.39279,34,0.00504612,0.00504612,1,1,25,7,4,5,1,6,77,0.067
4,2.39279,35,0.00504612,0.00504612,1,1,25,7,4,5,1,6,77,0.117
4,2.39279,36,0.00509684,0.00509684,1,1,27,7,8,3,1,4,91,0.074
4,2.39279,37,0.00509684,0.00509684,1,1,27,7,8,3,1,4,91,0.109
4,2.39279,38,0.00509684,0.00509684,1,1,27,7,8,3,1,4,91,0.108
4,2.39279,39,0.00509684,0.00509684,1,1,27,7,8,3,1,4,91,0.125
4,2.39279,40,0.00509684,0.00509684,1,1,27,9,6,3,1,4,79,0.073
4,2.39279,41,0.00509684,0.00509684,1,1,27,9,6,3,1,4,79,0.11
4,2.39279,42,0.00509684,0.00509684,1,1,27,9,6,3,1,4,79,0.109
4,2.39279,43,0.00509684,0.00509684,1,1,27,9,6,3,1,4,79,0.073
4,2.39279,44,0.00509684,0.00509684,1,1,27,7,8,3,1,4,91,0.125
4,2.39279,45,0.00509684,0.00509684,1,1,27,7,8,3,1,4,91,0.072
4,2.39279,46,0.00509684,0.00509684,1,1,27,7,8,3,1,4,91,0.107
4,2.39279,47,0.00509684,0.00509684,1,1,27,7,8,3,1,4,91,0.108
4,2.39279,48,0.00509684,0.00509684,1,1,27,7,8,3,1,4,91,0.072
4,2.39279,49,0.00509684,0.00509684,1,1,27,7,8,3,1,4,91,0.126
4,2.39279,50,0.00509684,0.00509684,1,1,27,7,8,3,1,4,91,0.11
4,2.39279,51,0.00509684,0.00509684,1,1,27,7,8,3,1,4,91,0.108
4,2.39279,52,0.00509684,0.00509684,1,1,27,9,6,3,1,4,79,0.073
4,2.39279,53,0.00509684,0.00509684,1,1,27,9,6,3,1,4,79,0.125
4,2.39279,54,0.00509684,0.00509684,1,1,27,9,6,3,1,4,79,0.076
4,2.39279,55,0.00509684,0.00509684,1,1,27,9,6,3,1,4,79,0.11
4,2.39279,56,0.00509684,0.00509684,1,1,27,9,6,3,1,4,79,0.11
4,2.39279,57,0.00509684,0.00509684,1,1,27,9,6,3,1,4,79,0.073
4,2.39279,58,0.00509684,0.00509684,1,1,27,9,6,3,1,4,79,0.127
4,2.39279,59,0.00509684,0.00509684,1,1,27,9,6,3,1,4,79,0.109
4,2.39279,60,0.00509684,0.00509684,1,1,27,7,8,3,1,4,91,0.108
4,2.39279,61,0.00509684,0.00509684,1,1,27,7,8,3,1,4,91,0.074
4,2.39279,62,0.00509684,0.00509684,1,1,27,7,8,3,1,4,91,0.072
4,2.39279,63,0.00509684,0.00509684,1,1,27,7,8,3,1,4,91,0.109
4,2.39279,64,0.00509684,0.00509684,1,1,27,7,8,3,1,4,91,0.109
4,2.39279,65,0.00509684,0.00509684,1,1,27,7,8,3,1,4,91,0.127
4,2.39279,66,0.00509684,0.00509684,1,1,27,7,8,3,1,4,91,0.073
4,2.39279,67,0.00509684,0.00509684,1,1,27,7,8,3,1,4,91,0.109
4,2.39279,68,0.00509684,0.00509684,1,1,27,7,8,3,1,4,91,0.11
4,2.39279,69,0.00509684,0.00509684,1,1,27,7,8,3,1,4,91,0.072
4,2.39279,70,0.00509684,0.00509684,1,1,27,7,8,3,1,4,91,0.126
4,2.39279,71,0.00509684,0.00509684,1,1,27,7,8,3,1,4,91,0.077
4,2.39279,72,0.00515063,0.00515063,1,1,39,17,4,0,0,0,45,0.065
4,2.39279,73,0.00515063,0.00515063,1,1,41,17,4,1,1,2,59,0.065
4,2.39279,74,0.00515063,0.00515063,1,1,39,19,2,0,0,0,33,0.073
4,2.39279,75,0.00515063,0.00515063,1,1,41,19,2,1,1,2,47,0.044
4,2.39279,76,0.00515063,0.00515063,1,1,39,17,4,0,0,0,45,0.066
4,2.39279,77,0.00515063,0.00515063,1,1,41,17,4,1,1,2,59,0.065
4,2.39279,78,0.00515063,0.00515063,1,1,39,17,4,0,0,0,45,0.043
4,2.39279,79,0.00515063,0.00515063,1,1,41,17,4,1,1,2,59,0.071
4,2.39279,80,0.00515063,0.00515063,1,1,39,17,4,0,0,0,45,0.063
4,2.39279,81,0.00515063,0.00515063,1,1,41,17,4,1,1,2,59,0.063
4,2.39279,82,0.00515063,0.00515063,1,1,41,17,4,1,1,2,59,0.043
4,2.39279,83,0.00515063,0.00515063,1,1,39,17,4,0,0,0,45,0.073
4,2.39279,84,0.00515063,0.00515063,1,1,41,17,4,1,1,2,59,0.043
4,2.39279,85,0.00515063,0.00515063,1,1,39,17,4,0,0,0,45,0.065
4,2.39279,86,0.00515063,0.00515063,1,1,39,17,4,0,0,0,45,0.065
4,2.39279,87,0.00515063,0.00515063,1,1,41,17,4,1,1,2,59,0.043
4,2.39279,88,0.00515063,0.00515063,1,1,39,19,2,0,0,0,33,0.064
4,2.39279,89,0.00515063,0.00515063,1,1,41,19,2,1,1,2,47,0.071
4,2.39279,90,0.00515063,0.00515063,1,1,41,19,2,1,1,2,47,0.063
4,2.39279,91,0.00515063,0.00515063,1,1,39,19,2,0,0,0,33,0.042
4,2.39279,92,0.00515063,0.00515063,1,1,41,19,2,1,1,2,47,0.044
4,2.39279,93,0.00515063,0.00515063,1,1,39,19,2,0,0,0,33,0.066
4,2.39279,94,0.00515063,0.00515063,1,1,39,19,2,0,0,0,33,0.065
4,2.39279,95,0.00515063,0.00515063,1,1,41,19,2,1,1,2,47,0.072
4,2.39279,96,0.00515063,0.00515063,1,1,41,17,4,1,1,2,59,0.043
4,2.39279,97,0.00515063,0.00515063,1,1,39,17,4,0,0,0,45,0.065
4,2.39279,98,0.00515063,0.00515063,1,1,41,17,4,1,1,2,59,0.064
4,2.39279,99,0.00515063,0.00515063,1,1,39,17,4,0,0,0,45,0.071
4,2.48469,0,0.0051337,0.0051337,1,1,18,1,10,4,1,5,106,0.087
4,2.48469,1,0.0051337,0.0051337,1,1,18,1,10,4,1,5,106,0.131
4,2.48469,2,0.0051337,0.0051337,1,1,18,1,10,4,1,5,106,0.131
4,2.48469,3,0.0051337,0.0051337,1,1,18,1,10,4,1,5,106,0.159
4,2.48469,4,0.0051337,0.0051337,1,1,18,1,10,4,1,5,106,0.087
4,2.48469,5,0.0051337,0.0051337,1,1,18,1,10,4,1,5,106,0.086
4,2.48469,6,0.0051337,0.0051337,1,1,18,1,10,4,1,5,106,0.132
4,2.48469,7,0.0051337,0.0051337,1,1,18,1,10,4,1,5,106,0.129
4,2.48469,8,0.0051337,0.0051337,1,1,18,3,8,4,1,5,94,0.156
4,2.48469,9,0.0051337,0.0051337,1,1,18,3,8,4,1,5,94,0.096
4,2.48469,10,0.0051337,0.0051337,1,1,18,3,8,4,1,5,94,0.134
4,2.48469,11,0.0051337,0.0051337,1,1,18,3,8,4,1,5,94,0.133
4,2.48469,12,0.0051337,0.0051337,1,1,18,3,8,4,1,5,94,0.09
4,2.48469,13,0.0051337,0.0051337,1,1,18,3,8,4,1,5,94,0.153
4,2.48469,14,0.0051337,0.0051337,1,1,18,3,8,4,1,5,94,0.132
4,2.48469,15,0.0051337,0.0051337,1,1,18,3,8,4,1,5,94,0.132
4,2.48469,16,0.0051337,0.0051337,1,1,18,3,8,4,1,5,94,0.089
4,2.48469,17,0.0051337,0.0051337,1,1,18,3,8,4,1,5,94,0.155
4,2.48469,18,0.0051337,0.0051337,1,1,18,3,8,4,1,5,94,0.088
4,2.48469,19,0.0051337,0.0051337,1,1,18,3,8,4,1,5,94,0.134
4,2.48469,20,0.0051337,0.0051337,1,1,18,1,10,4,1,5,106,0.135
4,2.48469,21,0.0051337,0.0051337,1,1,18,1,10,4,1,5,106,0.087
4,2.48469,22,0.0051337,0.0051337,1,1,18,1,10,4,1,5,106,0.155
4,2.48469,23,0.0051337,0.0051337,1,1,18,1,10,4,1,5,106,0.132
4,2.48469,24,0.0051337,0.0051337,1,1,18,1,10,4,1,5,106,0.085
4,2.48469,25,0.0051337,0.0051337,1,1,18,1,10,4,1,5,106,0.131
4,2.48469,26,0.0051337,0.0051337,1,1,18,1,10,4,1,5,106,0.09
4,2.48469,27,0.0051337,0.0051337,1,1,18,1,10,4,1,5,106,0.132
4,2.48469,28,0.0051337,0.0051337,1,1,18,1,10,4,1,5,106,0.13
4,2.48469,29,0.0051337,0.0051337,1,1,18,1,10,4,1,5,106,0.156
4,2.48469,30,0.0051337,0.0051337,1,1,18,1,10,4,1,5,106,0.088
4,2.48469,31,0.0051337,0.0051337,1,1,18,1,10,4,1,5,106,0.131
4,2.48469,32,0.0051337,0.0051337,1,1,18,1,10,4,1,5,106,0.131
4,2.48469,33,0.0051337,0.0051337,1,1,18,1,10,4,1,5,106,0.085
4,2.48469,34,0.0051337,0.0051337,1,1,18,1,10,4,1,5,106,0.156
4,2.48469,35,0.0051337,0.0051337,1,1,18,1,10,4,1,5,106,0.089
4,2.48469,36,0.00579782,0.00579782,1,1,35,15,2,2,0,2,43,0.063
4,2.48469,37,0.00579782,0.00579782,1,1,37,15,2,3,1,4,57,0.063
4,2.48469,38,0.00579782,0.00579782,1,1,35,15,2,2,0,2,43,0.042
4,2.48469,39,0.00579782,0.00579782,1,1,37,15,2,3,1,4,57,0.07
4,2.48469,40,0.00579782,0.00579782,1,1,37,15,2,3,1,4,57,0.063
4,2.48469,41,0.00579782,0.00579782,1,1,35,15,2,2,0,2,43,0.062
4,2.48469,42,0.00579782,0.00579782,1,1,37,15,2,3,1,4,57,0.041
4,2.48469,43,0.00579782,0.00579782,1,1,35,15,2,2,0,2,43,0.062
4,2.48469,44,0.00579782,0.00579782,1,1,36,15,1,3,1,4,50,0.062
4,2.48469,45,0.00579782,0.00579782,1,1,34,15,1,2,0,2,36,0.069
4,2.48469,46,0.00579782,0.00579782,1,1,32,15,0,2,0,2,29,0.041
4,2.48469,47,0.00579782,0.00579782,1,1,34,15,0,3,1,4,43,0.042
4,2.48469,48,0.00579782,0.00579782,1,1,37,15,2,3,1,4,57,0.061
4,2.48469,49,0.00579782,0.00579782,1,1,35,15,2,2,0,2,43,0.061
4,2.48469,50,0.00579782,0.00579782,1,1,35,15,2,2,0,2,43,0.068
4,2.48469,51,0.00579782,0.00579782,1,1,37,15,2,3,1,4,57,0.041
4,2.48469,52,0.00579782,0.00579782,1,1,34,15,0,3,1,4,43,0.061
4,2.48469,53,0.00579782,0.00579782,1,1,32,15,0,2,0,2,29,0.062
4,2.48469,54,0.00579782,0.00579782,1,1,36,15,1,3,1,4,50,0.039
4,2.48469,55,0.00579782,0.00579782,1,1,34,15,1,2,0,2,36,0.069
4,2.48469,56,0.00579782,0.00579782,1,1,37,15,2,3,1,4,57,0.041
4,2.48469,57,0.00579782,0.00579782,1,1,35,15,2,2,0,2,43,0.061
4,2.48469,58,0.00579782,0.00579782,1,1,35,15,2,2,0,2,43,0.061
4,2.48469,59,0.00579782,0.00579782,1,1,37,15,2,3,1,4,57,0.044
4,2.48469,60,0.00579782,0.00579782,1,1,34,15,1,2,0,2,36,0.069
4,2.48469,61,0.00579782,0.00579782,1,1,36,15,1,3,1,4,50,0.062
4,2.48469,62,0.00579782,0.00579782,1,1,32,15,0,2,0,2,29,0.062
4,2.48469,63,0.00579782,0.00579782,1,1,34,15,0,3,1,4,43,0.041
4,2.48469,64,0.00579782,0.00579782,1,1,37,15,2,3,1,4,57,0.069
4,2.48469,65,0.00579782,0.00579782,1,1,35,15,2,2,0,2,43,0.041
4,2.48469,66,0.00579782,0.00579782,1,1,35,15,2,2,0,2,43,0.061
4,2.48469,67,0.00579782,0.00579782,1,1,37,15,2,3,1,4,57,0.062
4,2.48469,68,0.00579782,0.00579782,1,1,37,15,2,3,1,4,57,0.042
4,2.48469,69,0.00579782,0.00579782,1,1,35,15,2,2,0,2,43,0.068
4,2.48469,70,0.00579782,0.00579782,1,1,35,15,2,2,0,2,43,0.061
4,2.48469,71,0.00579782,0.00579782,1,1,37,15,2,3,1,4,57,0.061
4,2.48469,72,0.00581154,0.00581154,1,1,37,15,4,2,0,2,57,0.041
4,2.48469,73,0.00581154,0.00581154,1,1,39,15,4,3,1,4,71,0.068
4,2.48469,74,0.00581154,0.00581154,1,1,37,15,4,2,0,2,57,0.041
4,2.48469,75,0.00581154,0.00581154,1,1,39,15,4,3,1,4,71,0.062
4,2.48469,76,0.00581154,0.00581154,1,1,37,15,4,2,0,2,57,0.063
4,2.48469,77,0.00581154,0.00581154,1,1,39,15,4,3,1,4,71,0.042
4,2.48469,78,0.00581154,0.00581154,1,1,34,15,2,2,0,2,43,0.068
4,2.48469,79,0.00581154,0.00581154,1,1,36,15,2,3,1,4,57,0.063
4,2.48469,80,0.00581154,0.00581154,1,1,38,15,3,3,1,4,64,0.064
4,2.48469,81,0.00581154,0.00581154,1,1,36,15,3,2,0,2,50,0.043
4,2.48469,82,0.00581154,0.00581154,1,1,37,15,4,2,0,2,57,0.041
4,2.48469,83,0.00581154,0.00581154,1,1,39,15,4,3,1,4,71,0.07
4,2.48469,84,0.00581154,0.00581154,1,1,38,15,3,3,1,4,64,0.063
4,2.48469,85,0.00581154,0.00581154,1,1,36,15,3,2,0,2,50,0.063
4,2.48469,86,0.00581154,0.00581154,1,1,34,15,2,2,0,2,43,0.041
4,2.48469,87,0.00581154,0.00581154,1,1,36,15,2,3,1,4,57,0.062
4,2.48469,88,0.00581154,0.00581154,1,1,37,15,4,2,0,2,57,0.063
4,2.48469,89,0.00581154,0.00581154,1,1,39,15,4,3,1,4,71,0.07
4,2.48469,90,0.00581154,0.00581154,1,1,39,15,4,3,1,4,71,0.042
4,2.48469,91,0.00581154,0.00581154,1,1,37,15,4,2,0,2,57,0.041
4,2.48469,92,0.00581154,0.00581154,1,1,36,15,3,2,0,2,50,0.063
4,2.48469,93,0.00581154,0.00581154,1,1,38,15,3,3,1,4,64,0.063
4,2.48469,94,0.00581154,0.00581154,1,1,36,15,2,3,1,4,57,0.069
4,2.48469,95,0.00581154,0.00581154,1,1,34,15,2,2,0,2,43,0.042
4,2.48469,96,0.00581154,0.00581154,1,1,39,15,4,3,1,4,71,0.062
4,2.48469,97,0.00581154,0.00581154,1,1,37,15,4,2,0,2,57,0.062
4,2.48469,98,0.00581154,0.00581154,1,1,39,15,4,3,1,4,71,0.042
4,2.48469,99,0.00581154,0.00581154,1,1,37,15,4,2,0,2,57,0.071
4,2.58524,0,0.00544056,0.00544056,1,1,35,13,6,1,1,2,69,0.061
4,2.58524,1,0.00544056,0.00544056,1,1,35,13,6,1,1,2,69,0.091
4,2.58524,2,0.00544056,0.00544056,1,1,35,13,6,1,1,2,69,0.092
4,2.58524,3,0.00544056,0.00544056,1,1,35,13,6,1,1,2,69,0.107
4,2.58524,4,0.00544056,0.00544056,1,1,35,15,4,1,1,2,57,0.061
4,2.58524,5,0.00544056,0.00544056,1,1,35,15,4,1,1,2,57,0.092
4,2.58524,6,0.00544056,0.00544056,1,1,35,15,4,1,1,2,57,0.09
4,2.58524,7,0.00544056,0.00544056,1,1,35,15,4,1,1,2,57,0.059
4,2.58524,8,0.00544056,0.00544056,1,1,35,13,6,1,1,2,69,0.104
4,2.58524,9,0.00544056,0.00544056,1,1,35,13,6,1,1,2,69,0.061
4,2.58524,10,0.00544056,0.00544056,1,1,35,13,6,1,1,2,69,0.091
4,2.58524,11,0.00544056,0.00544056,1,1,35,13,6,1,1,2,69,0.091
4,2.58524,12,0.00544056,0.00544056,1,1,35,13,6,1,1,2,69,0.061
4,2.58524,13,0.00544056,0.00544056,1,1,35,13,6,1,1,2,69,0.105
4,2.58524,14,0.00544056,0.00544056,1,1,35,13,6,1,1,2,69,0.092
4,2.58524,15,0.00544056,0.00544056,1,1,35,13,6,1,1,2,69,0.092
4,2.58524,16,0.00544056,0.00544056,1,1,35,15,4,1,1,2,57,0.061
4,2.58524,17,0.00544056,0.00544056,1,1,35,15,4,1,1,2,57,0.103
4,2.58524,18,0.00544056,0.00544056,1,1,35,15,4,1,1,2,57,0.06
4,2.58524,19,0.00544056,0.00544056,1,1,35,15,4,1,1,2,57,0.091
4,2.58524,20,0.00544056,0.00544056,1,1,35,13,6,1,1,2,69,0.089
4,2.58524,21,0.00544056,0.00544056,1,1,35,13,6,1,1,2,69,0.063
4,2.58524,22,0.00544056,0.00544056,1,1,35,13,6,1,1,2,69,0.104
4,2.58524,23,0.00544056,0.00544056,1,1,35,13,6,1,1,2,69,0.091
4,2.58524,24,0.00544056,0.00544056,1,1,35,13,6,1,1,2,69,0.091
4,2.58524,25,0.00544056,0.00544056,1,1,35,13,6,1,1,2,69,0.06
4,2.58524,26,0.00544056,0.00544056,1,1,35,13,6,1,1,2,69,0.058
4,2.58524,27,0.00544056,0.00544056,1,1,35,13,6,1,1,2,69,0.092
4,2.58524,28,0.00544056,0.00544056,1,1,35,15,4,1,1,2,57,0.092
4,2.58524,29,0.00544056,0.00544056,1,1,35,15,4,1,1,2,57,0.105
4,2.58524,30,0.00544056,0.00544056,1,1,35,15,4,1,1,2,57,0.062
4,2.58524,31,0.00544056,0.00544056,1,1,35,15,4,1,1,2,57,0.094
4,2.58524,32,0.00544056,0.00544056,1,1,35,13,6,1,1,2,69,0.091
4,2.58524,33,0.00544056,0.00544056,1,1,35,13,6,1,1,2,69,0.102
4,2.58524,34,0.00544056,0.00544056,1,1,35,13,6,1,1,2,69,0.06
4,2.58524,35,0.00544056,0.00544056,1,1,35,13,6,1,1,2,69,0.061
4,2.58524,36,0.005956,0.005956,1,1,35,13,6,1,1,2,69,0.092
4,2.58524,37,0.005956,0.005956,1,1,35,13,6,1,1,2,69,0.092
4,2.58524,38,0.005956,0.005956,1,1,35,13,6,1,1,2,69,0.104
4,2.58524,39,0.005956,0.005956,1,1,35,13,6,1,1,2,69,0.06
4,2.58524,40,0.005956,0.005956,1,1,35,13,6,1,1,2,69,0.092
4,2.58524,41,0.005956,0.005956,1,1,35,13,6,1,1,2,69,0.091
4,2.58524,42,0.005956,0.005956,1,1,35,13,6,1,1,2,69,0.061
4,2.58524,43,0.005956,0.005956,1,1,35,13,6,1,1,2,69,0.106
4,2.58524,44,0.005956,0.005956,1,1,34,13,5,1,1,2,62,0.061
4,2.58524,45,0.005956,0.005956,1,1,32,13,4,1,1,2,55,0.091
4,2.58524,46,0.005956,0.005956,1,1,34,13,5,1,1,2,62,0.091
4,2.58524,47,0.005956,0.005956,1,1,34,13,5,1,1,2,62,0.06
4,2.58524,48,0.005956,0.005956,1,1,35,13,6,1,1,2,69,0.104
4,2.58524,49,0.005956,0.005956,1,1,35,13,6,1,1,2,69,0.092
4,2.58524,50,0.005956,0.005956,1,1,35,13,6,1,1,2,69,0.092
4,2.58524,51,0.005956,0.005956,1,1,35,13,6,1,1,2,69,0.06
4,2.58524,52,0.005956,0.005956,1,1,35,13,6,1,1,2,69,0.105
4,2.58524,53,0.005956,0.005956,1,1,35,13,6,1,1,2,69,0.062
4,2.58524,54,0.005956,0.005956,1,1,35,13,6,1,1,2,69,0.092
4,2.58524,55,0.005956,0.005956,1,1,35,13,6,1,1,2,69,0.092
4,2.58524,56,0.005956,0.005956,1,1,34,13,5,1,1,2,62,0.062
4,2.58524,57,0.005956,0.005956,1,1,34,13,5,1,1,2,62,0.105
4,2.58524,58,0.005956,0.005956,1,1,34,13,5,1,1,2,62,0.091
4,2.58524,59,0.005956,0.005956,1,1,32,13,4,1,1,2,55,0.091
4,2.58524,60,0.005956,0.005956,1,1,35,13,6,1,1,2,69,0.061
4,2.58524,61,0.005956,0.005956,1,1,35,13,6,1,1,2,69,0.071
4,2.58524,62,0.005956,0.005956,1,1,35,13,6,1,1,2,69,0.105
4,2.58524,63,0.005956,0.005956,1,1,35,13,6,1,1,2,69,0.091
4,2.58524,64,0.005956,0.005956,1,1,34,13,5,1,1,2,62,0.092
4,2.58524,65,0.005956,0.005956,1,1,32,13,4,1,1,2,55,0.062
4,2.58524,66,0.005956,0.005956,1,1,34,13,5,1,1,2,62,0.091
4,2.58524,67,0.005956,0.005956,1,1,34,13,5,1,1,2,62,0.092
4,2.58524,68,0.005956,0.005956,1,1,35,13,6,1,1,2,69,0.105
4,2.58524,69,0.005956,0.005956,1,1,35,13,6,1,1,2,69,0.063
4,2.58524,70,0.005956,0.005956,1,1,35,13,6,1,1,2,69,0.06
4,2.58524,71,0.005956,0.005956,1,1,35,13,6,1,1,2,69,0.09
4,2.58524,72,0.00598822,0.00598822,1,1,25,7,8,2,0,2,77,0.106
4,2.58524,73,0.00598822,0.00598822,1,1,27,7,8,3,1,4,91,0.122
4,2.58524,74,0.00598822,0.00598822,1,1,27,7,8,3,1,4,91,0.069
4,2.58524,75,0.00598822,0.00598822,1,1,25,7,8,2,0,2,77,0.106
4,2.58524,76,0.00598822,0.00598822,1,1,27,7,8,3,1,4,91,0.105
4,2.58524,77,0.00598822,0.00598822,1,1,25,7,8,2,0,2,77,0.069
4,2.58524,78,0.00598822,0.00598822,1,1,26,7,7,3,1,4,84,0.121
4,2.58524,79,0.00598822,0.00598822,1,1,24,7,7,2,0,2,70,0.069
4,2.58524,80,0.00598822,0.00598822,1,1,25,7,8,2,0,2,77,0.105
4,2.58524,81,0.00598822,0.00598822,1,1,27,7,8,3,1,4,91,0.106
4,2.58524,82,0.00598822,0.00598822,1,1,25,7,8,2,0,2,77,0.07
4,2.58524,83,0.00598822,0.00598822,1,1,27,7,8,3,1,4,91,0.123
4,2.58524,84,0.00598822,0.00598822,1,1,25,7,8,2,0,2,77,0.105
4,2.58524,85,0.00598822,0.00598822,1,1,27,7,8,3,1,4,91,0.105
4,2.58524,86,0.00598822,0.00598822,1,1,27,7,8,3,1,4,91,0.07
4,2.58524,87,0.00598822,0.00598822,1,1,25,7,8,2,0,2,77,0.123
4,2.58524,88,0.00598822,0.00598822,1,1,25,7,8,2,0,2,77,0.069
4,2.58524,89,0.00598822,0.00598822,1,1,27,7,8,3,1,4,91,0.106
4,2.58524,90,0.00598822,0.00598822,1,1,27,7,8,3,1,4,91,0.105
4,2.58524,91,0.00598822,0.00598822,1,1,25,7,8,2,0,2,77,0.07
4,2.58524,92,0.00598822,0.00598822,1,1,27,7,8,3,1,4,91,0.103
4,2.58524,93,0.00598822,0.00598822,1,1,25,7,8,2,0,2,77,0.123
4,2.58524,94,0.00598822,0.00598822,1,1,24,7,7,2,0,2,70,0.105
4,2.58524,95,0.00598822,0.00598822,1,1,26,7,7,3,1,4,84,0.067
4,2.58524,96,0.00598822,0.00598822,1,1,26,7,7,3,1,4,84,0.069
4,2.58524,97,0.00598822,0.00598822,1,1,24,7,7,2,0,2,70,0.104
4,2.58524,98,0.00598822,0.00598822,1,1,24,7,7,2,0,2,70,0.104
4,2.58524,99,0.00598822,0.00598822,1,1,26,7,7,3,1,4,84,0.12
4,2.71474,0,0.00336536,0.00336536,1,1,35,13,6,1,1,2,69,0.056
4,2.71474,1,0.00336536,0.00336536,1,1,35,13,6,1,1,2,69,0.086
4,2.71474,2,0.00336536,0.00336536,1,1,35,13,6,1,1,2,69,0.067
4,2.71474,3,0.00336536,0.00336536,1,1,35,13,6,1,1,2,69,0.092
4,2.71474,4,0.00336536,0.00336536,1,1,35,13,6,1,1,2,69,0.1
4,2.71474,5,0.00336536,0.00336536,1,1,35,13,6,1,1,2,69,0.061
4,2.71474,6,0.00336536,0.00336536,1,1,35,13,6,1,1,2,69,0.089
4,2.71474,7,0.00336536,0.00336536,1,1,35,13,6,1,1,2,69,0.089
4,2.71474,8,0.00336536,0.00336536,1,1,35,13,6,1,1,2,69,0.104
4,2.71474,9,0.00336536,0.00336536,1,1,35,13,6,1,1,2,69,0.087
4,2.71474,10,0.00336536,0.00336536,1,1,35,13,6,1,1,2,69,0.089
4,2.71474,11,0.00336536,0.00336536,1,1,35,13,6,1,1,2,69,0.093
4,2.71474,12,0.00336536,0.00336536,1,1,35,15,4,1,1,2,57,0.063
4,2.71474,13,0.00336536,0.00336536,1,1,35,15,4,1,1,2,57,0.102
4,2.71474,14,0.00336536,0.00336536,1,1,35,15,4,1,1,2,57,0.089
4,2.71474,15,0.00336536,0.00336536,1,1,35,15,4,1,1,2,57,0.058
4,2.71474,16,0.00336536,0.00336536,1,1,35,13,6,1,1,2,69,0.087
4,2.71474,17,0.00336536,0.00336536,1,1,35,13,6,1,1,2,69,0.099
4,2.71474,18,0.00336536,0.00336536,1,1,35,13,6,1,1,2,69,0.057
4,2.71474,19,0.00336536,0.00336536,1,1,35,13,6,1,1,2,69,0.087
4,2.71474,20,0.00336536,0.00336536,1,1,35,13,6,1,1,2,69,0.088
4,2.71474,21,0.00336536,0.00336536,1,1,35,13,6,1,1,2,69,0.059
4,2.71474,22,0.00336536,0.00336536,1,1,35,13,6,1,1,2,69,0.086
4,2.71474,23,0.00336536,0.00336536,1,1,35,13,6,1,1,2,69,0.098
4,2.71474,24,0.00336536,0.00336536,1,1,35,15,4,1,1,2,57,0.057
4,2.71474,25,0.00336536,0.00336536,1,1,35,15,4,1,1,2,57,0.088
4,2.71474,26,0.00336536,0.00336536,1,1,35,15,4,1,1,2,57,0.059
4,2.71474,27,0.00336536,0.00336536,1,1,35,15,4,1,1,2,57,0.089
4,2.71474,28,0.00336536,0.00336536,1,1,35,15,4,1,1,2,57,0.102
4,2.71474,29,0.00336536,0.00336536,1,1,35,15,4,1,1,2,57,0.09
4,2.71474,30,0.00336536,0.00336536,1,1,35,15,4,1,1,2,57,0.06
4,2.71474,31,0.00336536,0.00336536,1,1,35,15,4,1,1,2,57,0.089
4,2.71474,32,0.00336536,0.00336536,1,1,35,13,6,1,1,2,69,0.057
4,2.71474,33,0.00336536,0.00336536,1,1,35,13,6,1,1,2,69,0.1
4,2.71474,34,0.00336536,0.00336536,1,1,35,13,6,1,1,2,69,0.086
4,2.71474,35,0.00336536,0.00336536,1,1,35,13,6,1,1,2,69,0.059
4,2.81416,0,0.00513546,0.00513546,1,1,31,11,6,2,0,2,67,0.089
4,2.81416,1,0.00513546,0.00513546,1,1,33,11,6,3,1,4,81,0.089
4,2.81416,2,0.00513546,0.00513546,1,1,31,11,6,2,0,2,67,0.1
4,2.81416,3,0.00513546,0.00513546,1,1,33,11,6,3,1,4,81,0.059
4,2.81416,4,0.00513546,0.00513546,1,1,32,11,5,3,1,4,74,0.088
4,2.81416,5,0.00513546,0.00513546,1,1,30,11,5,2,0,2,60,0.058
4,2.81416,6,0.00513546,0.00513546,1,1,32,11,5,3,1,4,74,0.089
4,2.81416,7,0.00513546,0.00513546,1,1,30,11,5,2,0,2,60,0.102
4,2.81416,8,0.00513546,0.00513546,1,1,33,11,6,3,1,4,81,0.06
4,2.81416,9,0.00513546,0.00513546,1,1,31,11,6,2,0,2,67,0.088
4,2.81416,10,0.00513546,0.00513546,1,1,31,11,6,2,0,2,67,0.089
4,2.81416,11,0.00513546,0.00513546,1,1,33,11,6,3,1,4,81,0.061
4,2.81416,12,0.00513546,0.00513546,1,1,30,11,5,2,0,2,60,0.101
4,2.81416,13,0.00513546,0.00513546,1,1,32,11,5,3,1,4,74,0.089
4,2.81416,14,0.00513546,0.00513546,1,1,32,11,5,3,1,4,74,0.058
4,2.81416,15,0.00513546,0.00513546,1,1,30,11,5,2,0,2,60,0.087
4,2.81416,16,0.00513546,0.00513546,1,1,33,11,6,3,1,4,81,0.099
4,2.81416,17,0.00513546,0.00513546,1,1,31,11,6,2,0,2,67,0.058
4,2.81416,18,0.00513546,0.00513546,1,1,31,11,6,2,0,2,67,0.088
4,2.81416,19,0.00513546,0.00513546,1,1,33,11,6,3,1,4,81,0.089
4,2.81416,20,0.00513546,0.00513546,1,1,33,11,6,3,1,4,81,0.067
4,2.81416,21,0.00513546,0.00513546,1,1,31,11,6,2,0,2,67,0.102
4,2.81416,22,0.00513546,0.00513546,1,1,31,11,6,2,0,2,67,0.089
4,2.81416,23,0.00513546,0.00513546,1,1,33,11,6,3,1,4,81,0.063
4,2.81416,24,0.00513546,0.00513546,1,1,33,11,6,3,1,4,81,0.089
4,2.81416,25,0.00513546,0.00513546,1,1,31,11,6,2,0,2,67,0.089
4,2.81416,26,0.00513546,0.00513546,1,1,31,11,6,2,0,2,67,0.057
4,2.81416,27,0.00513546,0.00513546,1,1,33,11,6,3,1,4,81,0.1
4,2.81416,28,0.00513546,0.00513546,1,1,30,11,5,2,0,2,60,0.09
4,2.81416,29,0.00513546,0.00513546,1,1,32,11,5,3,1,4,74,0.061
4,2.81416,30,0.00513546,0.00513546,1,1,30,11,5,2,0,2,60,0.089
4,2.81416,31,0.00513546,0.00513546,1,1,32,11,5,3,1,4,74,0.101
4,2.81416,32,0.00513546,0.00513546,1,1,31,11,6,2,0,2,67,0.058
4,2.81416,33,0.00513546,0.00513546,1,1,33,11,6,3,1,4,81,0.088
4,2.81416,34,0.00513546,0.00513546,1,1,31,11,6,2,0,2,67,0.089
4,2.81416,35,0.00513546,0.00513546,1,1,33,11,6,3,1,4,81,0.061
4,2.81416,36,0.00531213,0.00531213,1,1,29,11,6,1,1,2,67,0.119
4,2.81416,37,0.00531213,0.00531213,1,1,27,11,6,0,0,0,53,0.137
4,2.81416,38,0.00531213,0.00531213,1,1,29,11,6,1,1,2,67,0.078
4,2.81416,39,0.00531213,0.00531213,1,1,27,11,6,0,0,0,53,0.117
4,2.81416,40,0.00531213,0.00531213,1,1,29,9,8,1,1,2,79,0.076
4,2.81416,41,0.00531213,0.00531213,1,1,27,9,8,0,0,0,65,0.118
4,2.81416,42,0.00531213,0.00531213,1,1,27,9,8,0,0,0,65,0.134
4,2.81416,43,0.00531213,0.00531213,1,1,29,9,8,1,1,2,79,0.12
4,2.81416,44,0.00531213,0.00531213,1,1,29,9,8,1,1,2,79,0.082
4,2.81416,45,0.00531213,0.00531213,1,1,27,9,8,0,0,0,65,0.12
4,2.81416,46,0.00531213,0.00531213,1,1,27,9,8,0,0,0,65,0.079
4,2.81416,47,0.00531213,0.00531213,1,1,29,9,8,1,1,2,79,0.136
4,2.81416,48,0.00531213,0.00531213,1,1,29,11,6,1,1,2,67,0.119
4,2.81416,49,0.00531213,0.00531213,1,1,27,11,6,0,0,0,53,0.079
4,2.81416,50,0.00531213,0.00531213,1,1,29,11,6,1,1,2,67,0.118
4,2.81416,51,0.00531213,0.00531213,1,1,27,11,6,0,0,0,53,0.137
4,2.81416,52,0.00531213,0.00531213,1,1,29,9,8,1,1,2,79,0.118
4,2.81416,53,0.00531213,0.00531213,1,1,27,9,8,0,0,0,65,0.078
4,2.81416,54,0.00531213,0.00531213,1,1,29,9,8,1,1,2,79,0.119
4,2.81416,55,0.00531213,0.00531213,1,1,27,9,8,0,0,0,65,0.081
4,2.81416,56,0.00531213,0.00531213,1,1,27,9,8,0,0,0,65,0.118
4,2.81416,57,0.00531213,0.00531213,1,1,29,9,8,1,1,2,79,0.135
4,2.81416,58,0.00531213,0.00531213,1,1,29,9,8,1,1,2,79,0.078
4,2.81416,59,0.00531213,0.00531213,1,1,27,9,8,0,0,0,65,0.118
4,2.81416,60,0.00531213,0.00531213,1,1,27,11,6,0,0,0,53,0.119
4,2.81416,61,0.00531213,0.00531213,1,1,29,11,6,1,1,2,67,0.082
4,2.81416,62,0.00531213,0.00531213,1,1,27,11,6,0,0,0,53,0.137
4,2.81416,63,0.00531213,0.00531213,1,1,29,11,6,1,1,2,67,0.12
4,2.81416,64,0.00531213,0.00531213,1,1,27,9,8,0,0,0,65,0.081
4,2.81416,65,0.00531213,0.00531213,1,1,29,9,8,1,1,2,79,0.121
4,2.81416,66,0.00531213,0.00531213,1,1,27,9,8,0,0,0,65,0.136
4,2.81416,67,0.00531213,0.00531213,1,1,29,9,8,1,1,2,79,0.082
4,2.81416,68,0.00531213,0.00531213,1,1,27,9,8,0,0,0,65,0.12
4,2.81416,69,0.00531213,0.00531213,1,1,29,9,8,1,1,2,79,0.118
4,2.81416,70,0.00531213,0.00531213,1,1,29,9,8,1,1,2,79,0.078
4,2.81416,71,0.00531213,0.00531213,1,1,27,9,8,0,0,0,65,0.119
4,2.81416,72,0.00550567,0.00550567,1,1,39,17,2,3,1,4,59,0.07
4,2.81416,73,0.00550567,0.00550567,1,1,37,17,2,2,0,2,45,0.041
4,2.81416,74,0.00550567,0.00550567,1,1,39,17,2,3,1,4,59,0.063
4,2.81416,75,0.00550567,0.00550567,1,1,37,17,2,2,0,2,45,0.071
4,2.81416,76,0.00550567,0.00550567,1,1,39,17,2,3,1,4,59,0.041
4,2.81416,77,0.00550567,0.00550567,1,1,37,17,2,2,0,2,45,0.041
4,2.81416,78,0.00550567,0.00550567,1,1,37,17,2,2,0,2,45,0.062
4,2.81416,79,0.00550567,0.00550567,1,1,39,17,2,3,1,4,59,0.062
4,2.81416,80,0.00550567,0.00550567,1,1,39,15,4,3,1,4,71,0.068
4,2.81416,81,0.00550567,0.00550567,1,1,37,15,4,2,0,2,57,0.042
4,2.81416,82,0.00550567,0.00550567,1,1,37,15,4,2,0,2,57,0.062
4,2.81416,83,0.00550567,0.00550567,1,1,39,15,4,3,1,4,71,0.061
4,2.81416,84,0.00550567,0.00550567,1,1,37,15,4,2,0,2,57,0.04
4,2.81416,85,0.00550567,0.00550567,1,1,39,15,4,3,1,4,71,0.069
4,2.81416,86,0.00550567,0.00550567,1,1,37,15,4,2,0,2,57,0.04
4,2.81416,87,0.00550567,0.00550567,1,1,39,15,4,3,1,4,71,0.062
4,2.81416,88,0.00550567,0.00550567,1,1,37,15,4,2,0,2,57,0.062
4,2.81416,89,0.00550567,0.00550567,1,1,39,15,4,3,1,4,71,0.041
4,2.81416,90,0.00550567,0.00550567,1,1,37,15,4,2,0,2,57,0.07
4,2.81416,91,0.00550567,0.00550567,1,1,39,15,4,3,1,4,71,0.062
4,2.81416,92,0.00550567,0.00550567,1,1,39,15,4,3,1,4,71,0.062
4,2.81416,93,0.00550567,0.00550567,1,1,37,15,4,2,0,2,57,0.041
4,2.81416,94,0.00550567,0.00550567,1,1,37,15,4,2,0,2,57,0.07
4,2.81416,95,0.00550567,0.00550567,1,1,39,15,4,3,1,4,71,0.042
4,2.81416,96,0.00550567,0.00550567,1,1,39,15,4,3,1,4,71,0.062
4,2.81416,97,0.00550567,0.00550567,1,1,37,15,4,2,0,2,57,0.062
4,2.81416,98,0.00550567,0.00550567,1,1,39,15,4,3,1,4,71,0.041
4,2.81416,99,0.00550567,0.00550567,1,1,37,15,4,2,0,2,57,0.071
4,2.92446,0,0.00587458,0.00587458,1,1,27,7,8,3,1,4,91,0.106
4,2.92446,1,0.00587458,0.00587458,1,1,27,7,8,3,1,4,91,0.107
4,2.92446,2,0.00587458,0.00587458,1,1,27,7,8,3,1,4,91,0.069
4,2.92446,3,0.00587458,0.00587458,1,1,27,7,8,3,1,4,91,0.122
4,2.92446,4,0.00587458,0.00587458,1,1,27,7,8,3,1,4,91,0.068
4,2.92446,5,0.00587458,0.00587458,1,1,27,7,8,3,1,4,91,0.106
4,2.92446,6,0.00587458,0.00587458,1,1,27,7,8,3,1,4,91,0.105
4,2.92446,7,0.00587458,0.00587458,1,1,27,7,8,3,1,4,91,0.074
4,2.92446,8,0.00587458,0.00587458,1,1,26,7,7,3,1,4,84,0.123
4,2.92446,9,0.00587458,0.00587458,1,1,26,7,7,3,1,4,84,0.106
4,2.92446,10,0.00587458,0.00587458,1,1,24,7,6,3,1,4,77,0.105
4,2.92446,11,0.00587458,0.00587458,1,1,24,7,6,3,1,4,77,0.074
4,2.92446,12,0.00587458,0.00587458,1,1,27,7,8,3,1,4,91,0.072
4,2.92446,13,0.00587458,0.00587458,1,1,27,7,8,3,1,4,91,0.127
4,2.92446,14,0.00587458,0.00587458,1,1,27,7,8,3,1,4,91,0.107
4,2.92446,15,0.00587458,0.00587458,1,1,27,7,8,3,1,4,91,0.108
4,2.92446,16,0.00587458,0.00587458,1,1,26,7,7,3,1,4,84,0.074
4,2.92446,17,0.00587458,0.00587458,1,1,26,7,7,3,1,4,84,0.105
4,2.92446,18,0.00587458,0.00587458,1,1,26,7,7,3,1,4,84,0.105
4,2.92446,19,0.00587458,0.00587458,1,1,26,7,7,3,1,4,84,0.122
4,2.92446,20,0.00587458,0.00587458,1,1,27,7,8,3,1,4,91,0.072
4,2.92446,21,0.00587458,0.00587458,1,1,27,7,8,3,1,4,91,0.069
4,2.92446,22,0.00587458,0.00587458,1,1,27,7,8,3,1,4,91,0.105
4,2.92446,23,0.00587458,0.00587458,1,1,27,7,8,3,1,4,91,0.105
4,2.92446,24,0.00587458,0.00587458,1,1,27,7,8,3,1,4,91,0.123
4,2.92446,25,0.00587458,0.00587458,1,1,27,7,8,3,1,4,91,0.07
4,2.92446,26,0.00587458,0.00587458,1,1,27,7,8,3,1,4,91,0.106
4,2.92446,27,0.00587458,0.00587458,1,1,27,7,8,3,1,4,91,0.106
4,2.92446,28,0.00587458,0.00587458,1,1,27,7,8,3,1,4,91,0.074
4,2.92446,29,0.00587458,0.00587458,1,1,27,7,8,3,1,4,91,0.123
4,2.92446,30,0.00587458,0.00587458,1,1,27,7,8,3,1,4,91,0.076
4,2.92446,31,0.00587458,0.00587458,1,1,27,7,8,3,1,4,91,0.108
4,2.92446,32,0.00587458,0.00587458,1,1,26,7,7,3,1,4,84,0.107
4,2.92446,33,0.00587458,0.00587458,1,1,24,7,6,3,1,4,77,0.123
4,2.92446,34,0.00587458,0.00587458,1,1,26,7,7,3,1,4,84,0.079
4,2.92446,35,0.00587458,0.00587458,1,1,24,7,6,3,1,4,77,0.105
4,2.92446,36,0.00628619,0.00628619,1,1,34,13,5,1,1,2,62,0.091
4,2.92446,37,0.00628619,0.00628619,1,1,32,13,4,1,1,2,55,0.06
4,2.92446,38,0.00628619,0.00628619,1,1,32,13,4,1,1,2,55,0.103
4,2.92446,39,0.00628619,0.00628619,1,1,32,13,4,1,1,2,55,0.09
4,2.92446,40,0.00628619,0.00628619,1,1,32,13,4,1,1,2,55,0.06
4,2.92446,41,0.00628619,0.00628619,1,1,34,13,5,1,1,2,62,0.09
4,2.92446,42,0.00628619,0.00628619,1,1,32,13,4,1,1,2,55,0.062
4,2.92446,43,0.00628619,0.00628619,1,1,34,13,5,1,1,2,62,0.104
4,2.92446,44,0.00628619,0.00628619,1,1,35,13,6,1,1,2,69,0.09
4,2.92446,45,0.00628619,0.00628619,1,1,35,13,6,1,1,2,69,0.09
4,2.92446,46,0.00628619,0.00628619,1,1,35,13,6,1,1,2,69,0.059
4,2.92446,47,0.00628619,0.00628619,1,1,35,13,6,1,1,2,69,0.09
4,2.92446,48,0.00628619,0.00628619,1,1,35,13,6,1,1,2,69,0.059
4,2.92446,49,0.00628619,0.00628619,1,1,35,13,6,1,1,2,69,0.102
4,2.92446,50,0.00628619,0.00628619,1,1,35,13,6,1,1,2,69,0.09
4,2.92446,51,0.00628619,0.00628619,1,1,35,13,6,1,1,2,69,0.061
4,2.92446,52,0.00628619,0.00628619,1,1,34,13,5,1,1,2,62,0.089
4,2.92446,53,0.00628619,0.00628619,1,1,34,13,5,1,1,2,62,0.089
4,2.92446,54,0.00628619,0.00628619,1,1,34,13,5,1,1,2,62,0.104
4,2.92446,55,0.00628619,0.00628619,1,1,34,13,5,1,1,2,62,0.06
4,2.92446,56,0.00628619,0.00628619,1,1,35,13,6,1,1,2,69,0.089
4,2.92446,57,0.00628619,0.00628619,1,1,35,13,6,1,1,2,69,0.059
4,2.92446,58,0.00628619,0.00628619,1,1,35,13,6,1,1,2,69,0.09
4,2.92446,59,0.00628619,0.00628619,1,1,35,13,6,1,1,2,69,0.102
4,2.92446,60,0.00628619,0.00628619,1,1,35,13,6,1,1,2,69,0.068
4,2.92446,61,0.00628619,0.00628619,1,1,35,13,6,1,1,2,69,0.092
4,2.92446,62,0.00628619,0.00628619,1,1,35,13,6,1,1,2,69,0.09
4,2.92446,63,0.00628619,0.00628619,1,1,35,13,6,1,1,2,69,0.06
4,2.92446,64,0.00628619,0.00628619,1,1,35,13,6,1,1,2,69,0.103
4,2.92446,65,0.00628619,0.00628619,1,1,35,13,6,1,1,2,69,0.09
4,2.92446,66,0.00628619,0.00628619,1,1,35,13,6,1,1,2,69,0.089
4,2.92446,67,0.00628619,0.00628619,1,1,35,13,6,1,1,2,69,0.059
4,2.92446,68,0.00628619,0.00628619,1,1,35,13,6,1,1,2,69,0.102
4,2.92446,69,0.00628619,0.00628619,1,1,35,13,6,1,1,2,69,0.058
4,2.92446,70,0.00628619,0.00628619,1,1,35,13,6,1,1,2,69,0.089
4,2.92446,71,0.00628619,0.00628619,1,1,35,13,6,1,1,2,69,0.089
4,2.92446,72,0.00641209,0.00641209,1,1,41,19,2,1,1,2,47,0.04
4,2.92446,73,0.00641209,0.00641209,1,1,41,19,2,1,1,2,47,0.067
4,2.92446,74,0.00641209,0.00641209,1,1,41,19,2,1,1,2,47,0.04
4,2.92446,75,0.00641209,0.00641209,1,1,41,19,2,1,1,2,47,0.059
4,2.92446,76,0.00641209,0.00641209,1,1,41,17,4,1,1,2,59,0.058
4,2.92446,77,0.00641209,0.00641209,1,1,41,17,4,1,1,2,59,0.04
4,2.92446,78,0.00641209,0.00641209,1,1,41,17,4,1,1,2,59,0.066
4,2.92446,79,0.00641209,0.00641209,1,1,41,17,4,1,1,2,59,0.058
4,2.92446,80,0.00641209,0.00641209,1,1,41,17,4,1,1,2,59,0.06
4,2.92446,81,0.00641209,0.00641209,1,1,41,17,4,1,1,2,59,0.039
4,2.92446,82,0.00641209,0.00641209,1,1,41,17,4,1,1,2,59,0.039
4,2.92446,83,0.00641209,0.00641209,1,1,41,17,4,1,1,2,59,0.06
4,2.92446,84,0.00641209,0.00641209,1,1,41,17,4,1,1,2,59,0.067
4,2.92446,85,0.00641209,0.00641209,1,1,41,17,4,1,1,2,59,0.061
4,2.92446,86,0.00641209,0.00641209,1,1,41,17,4,1,1,2,59,0.041
4,2.92446,87,0.00641209,0.00641209,1,1,41,17,4,1,1,2,59,0.058
4,2.92446,88,0.00641209,0.00641209,1,1,41,17,4,1,1,2,59,0.065
4,2.92446,89,0.00641209,0.00641209,1,1,41,17,4,1,1,2,59,0.06
4,2.92446,90,0.00641209,0.00641209,1,1,41,19,2,1,1,2,47,0.039
4,2.92446,91,0.00641209,0.00641209,1,1,41,19,2,1,1,2,47,0.04
4,2.92446,92,0.00641209,0.00641209,1,1,41,17,4,1,1,2,59,0.06
4,2.92446,93,0.00641209,0.00641209,1,1,41,17,4,1,1,2,59,0.065
4,2.92446,94,0.00641209,0.00641209,1,1,41,19,2,1,1,2,47,0.059
4,2.92446,95,0.00641209,0.00641209,1,1,41,19,2,1,1,2,47,0.039
4,2.92446,96,0.00641209,0.00641209,1,1,41,17,4,1,1,2,59,0.061
4,2.92446,97,0.00641209,0.00641209,1,1,41,17,4,1,1,2,59,0.059
4,2.92446,98,0.00641209,0.00641209,1,1,41,17,4,1,1,2,59,0.04
4,2.92446,99,0.00641209,0.00641209,1,1,41,17,4,1,1,2,59,0.067
4,3.04812,0,0.00502095,0.00502095,1,1,35,13,6,1,1,2,69,0.06
4,3.04812,1,0.00502095,0.00502095,1,1,35,13,6,1,1,2,69,0.092
4,3.04812,2,0.00502095,0.00502095,1,1,35,13,6,1,1,2,69,0.092
4,3.04812,3,0.00502095,0.00502095,1,1,35,13,6,1,1,2,69,0.105
4,3.04812,4,0.00502095,0.00502095,1,1,35,15,4,1,1,2,57,0.061
4,3.04812,5,0.00502095,0.00502095,1,1,35,15,4,1,1,2,57,0.09
4,3.04812,6,0.00502095,0.00502095,1,1,35,15,4,1,1,2,57,0.091
4,3.04812,7,0.00502095,0.00502095,1,1,35,15,4,1,1,2,57,0.061
4,3.04812,8,0.00502095,0.00502095,1,1,35,13,6,1,1,2,69,0.104
4,3.04812,9,0.00502095,0.00502095,1,1,35,13,6,1,1,2,69,0.063
4,3.04812,10,0.00502095,0.00502095,1,1,35,13,6,1,1,2,69,0.092
4,3.04812,11,0.00502095,0.00502095,1,1,35,13,6,1,1,2,69,0.092
4,3.04812,12,0.00502095,0.00502095,1,1,35,13,6,1,1,2,69,0.105
4,3.04812,13,0.00502095,0.00502095,1,1,35,13,6,1,1,2,69,0.061
4,3.04812,14,0.00502095,0.00502095,1,1,35,13,6,1,1,2,69,0.093
4,3.04812,15,0.00502095,0.00502095,1,1,35,13,6,1,1,2,69,0.092
4,3.04812,16,0.00502095,0.00502095,1,1,35,15,4,1,1,2,57,0.061
4,3.04812,17,0.00502095,0.00502095,1,1,35,15,4,1,1,2,57,0.105
4,3.04812,18,0.00502095,0.00502095,1,1,35,15,4,1,1,2,57,0.059
4,3.04812,19,0.00502095,0.00502095,1,1,35,15,4,1,1,2,57,0.09
4,3.04812,20,0.00502095,0.00502095,1,1,35,13,6,1,1,2,69,0.09
4,3.04812,21,0.00502095,0.00502095,1,1,35,13,6,1,1,2,69,0.061
4,3.04812,22,0.00502095,0.00502095,1,1,35,13,6,1,1,2,69,0.102
4,3.04812,23,0.00502095,0.00502095,1,1,35,13,6,1,1,2,69,0.09
4,3.04812,24,0.00502095,0.00502095,1,1,35,13,6,1,1,2,69,0.09
4,3.04812,25,0.00502095,0.00502095,1,1,35,13,6,1,1,2,69,0.06
4,3.04812,26,0.00502095,0.00502095,1,1,35,13,6,1,1,2,69,0.061
4,3.04812,27,0.00502095,0.00502095,1,1,35,13,6,1,1,2,69,0.105
4,3.04812,28,0.00502095,0.00502095,1,1,35,15,4,1,1,2,57,0.092
4,3.04812,29,0.00502095,0.00502095,1,1,35,15,4,1,1,2,57,0.092
4,3.04812,30,0.00502095,0.00502095,1,1,35,15,4,1,1,2,57,0.061
4,3.04812,31,0.00502095,0.00502095,1,1,35,15,4,1,1,2,57,0.091
4,3.04812,32,0.00502095,0.00502095,1,1,35,13,6,1,1,2,69,0.103
4,3.04812,33,0.00502095,0.00502095,1,1,35,13,6,1,1,2,69,0.091
4,3.04812,34,0.00502095,0.00502095,1,1,35,13,6,1,1,2,69,0.061
4,3.04812,35,0.00502095,0.00502095,1,1,35,13,6,1,1,2,69,0.061
4,3.04812,36,0.0051386,0.0051386,1,1,35,13,6,1,1,2,69,0.085
4,3.04812,37,0.0051386,0.0051386,1,1,33,13,6,0,0,0,55,0.086
4,3.04812,38,0.0051386,0.0051386,1,1,33,13,6,0,0,0,55,0.097
4,3.04812,39,0.0051386,0.0051386,1,1,35,13,6,1,1,2,69,0.057
4,3.04812,40,0.0051386,0.0051386,1,1,33,13,6,0,0,0,55,0.086
4,3.04812,41,0.0051386,0.0051386,1,1,35,13,6,1,1,2,69,0.085
4,3.04812,42,0.0051386,0.0051386,1,1,33,13,6,0,0,0,55,0.056
4,3.04812,43,0.0051386,0.0051386,1,1,35,13,6,1,1,2,69,0.099
4,3.04812,44,0.0051386,0.0051386,1,1,35,13,6,1,1,2,69,0.086
4,3.04812,45,0.0051386,0.0051386,1,1,33,13,6,0,0,0,55,0.057
4,3.04812,46,0.0051386,0.0051386,1,1,33,13,6,0,0,0,55,0.086
4,3.04812,47,0.0051386,0.0051386,1,1,35,13,6,1,1,2,69,0.099
4,3.04812,48,0.0051386,0.0051386,1,1,35,13,6,1,1,2,69,0.056
4,3.04812,49,0.0051386,0.0051386,1,1,33,13,6,0,0,0,55,0.085
4,3.04812,50,0.0051386,0.0051386,1,1,35,13,6,1,1,2,69,0.085
4,3.04812,51,0.0051386,0.0051386,1,1,33,13,6,0,0,0,55,0.055
4,3.04812,52,0.0051386,0.0051386,1,1,35,15,4,1,1,2,57,0.099
4,3.04812,53,0.0051386,0.0051386,1,1,33,15,4,0,0,0,43,0.058
4,3.04812,54,0.0051386,0.0051386,1,1,35,15,4,1,1,2,57,0.088
4,3.04812,55,0.0051386,0.0051386,1,1,33,15,4,0,0,0,43,0.089
4,3.04812,56,0.0051386,0.0051386,1,1,35,15,4,1,1,2,57,0.058
4,3.04812,57,0.0051386,0.0051386,1,1,33,15,4,0,0,0,43,0.102
4,3.04812,58,0.0051386,0.0051386,1,1,33,15,4,0,0,0,43,0.088
4,3.04812,59,0.0051386,0.0051386,1,1,35,15,4,1,1,2,57,0.087
4,3.04812,60,0.0051386,0.0051386,1,1,35,13,6,1,1,2,69,0.056
4,3.04812,61,0.0051386,0.0051386,1,1,33,13,6,0,0,0,55,0.058
4,3.04812,62,0.0051386,0.0051386,1,1,33,13,6,0,0,0,55,0.085
4,3.04812,63,0.0051386,0.0051386,1,1,35,13,6,1,1,2,69,0.097
4,3.04812,64,0.0051386,0.0051386,1,1,35,13,6,1,1,2,69,0.085
4,3.04812,65,0.0051386,0.0051386,1,1,33,13,6,0,0,0,55,0.057
4,3.04812,66,0.0051386,0.0051386,1,1,33,13,6,0,0,0,55,0.085
4,3.04812,67,0.0051386,0.0051386,1,1,35,13,6,1,1,2,69,0.086
4,3.04812,68,0.0051386,0.0051386,1,1,33,15,4,0,0,0,43,0.101
4,3.04812,69,0.0051386,0.0051386,1,1,35,15,4,1,1,2,57,0.057
4,3.04812,70,0.0051386,0.0051386,1,1,35,15,4,1,1,2,57,0.058
4,3.04812,71,0.0051386,0.0051386,1,1,33,15,4,0,0,0,43,0.09
4,3.04812,72,0.0055693,0.0055693,1,1,35,13,6,1,1,2,69,0.093
4,3.04812,73,0.0055693,0.0055693,1,1,35,13,6,1,1,2,69,0.103
4,3.04812,74,0.0055693,0.0055693,1,1,35,13,6,1,1,2,69,0.06
4,3.04812,75,0.0055693,0.0055693,1,1,35,13,6,1,1,2,69,0.092
4,3.04812,76,0.0055693,0.0055693,1,1,35,13,6,1,1,2,69,0.092
4,3.04812,77,0.0055693,0.0055693,1,1,35,13,6,1,1,2,69,0.06
4,3.04812,78,0.0055693,0.0055693,1,1,35,13,6,1,1,2,69,0.103
4,3.04812,79,0.0055693,0.0055693,1,1,35,13,6,1,1,2,69,0.06
4,3.04812,80,0.0055693,0.0055693,1,1,34,13,5,1,1,2,62,0.091
4,3.04812,81,0.0055693,0.0055693,1,1,34,13,5,1,1,2,62,0.091
4,3.04812,82,0.0055693,0.0055693,1,1,34,13,5,1,1,2,62,0.06
4,3.04812,83,0.0055693,0.0055693,1,1,32,13,4,1,1,2,55,0.106
4,3.04812,84,0.0055693,0.0055693,1,1,35,13,6,1,1,2,69,0.092
4,3.04812,85,0.0055693,0.0055693,1,1,35,13,6,1,1,2,69,0.092
4,3.04812,86,0.0055693,0.0055693,1,1,35,13,6,1,1,2,69,0.061
4,3.04812,87,0.0055693,0.0055693,1,1,35,13,6,1,1,2,69,0.104
4,3.04812,88,0.0055693,0.0055693,1,1,35,13,6,1,1,2,69,0.06
4,3.04812,89,0.0055693,0.0055693,1,1,35,13,6,1,1,2,69,0.092
4,3.04812,90,0.0055693,0.0055693,1,1,35,13,6,1,1,2,69,0.092
4,3.04812,91,0.0055693,0.0055693,1,1,35,13,6,1,1,2,69,0.06
4,3.04812,92,0.0055693,0.0055693,1,1,35,13,6,1,1,2,69,0.106
4,3.04812,93,0.0055693,0.0055693,1,1,35,13,6,1,1,2,69,0.093
4,3.04812,94,0.0055693,0.0055693,1,1,34,13,5,1,1,2,62,0.092
4,3.04812,95,0.0055693,0.0055693,1,1,34,13,5,1,1,2,62,0.06
4,3.04812,96,0.0055693,0.0055693,1,1,34,13,5,1,1,2,62,0.059
4,3.04812,97,0.0055693,0.0055693,1,1,32,13,4,1,1,2,55,0.093
4,3.04812,98,0.0055693,0.0055693,1,1,34,13,5,1,1,2,62,0.105
4,3.04812,99,0.0055693,0.0055693,1,1,32,13,4,1,1,2,55,0.092
4,3.14089,0,0.00570703,0.00570703,1,1,31,13,2,3,1,4,55,0.059
4,3.14089,1,0.00570703,0.00570703,1,1,31,13,2,3,1,4,55,0.089
4,3.14089,2,0.00570703,0.00570703,1,1,31,13,2,3,1,4,55,0.059
4,3.14089,3,0.00570703,0.00570703,1,1,31,13,2,3,1,4,55,0.102
4,3.14089,4,0.00570703,0.00570703,1,1,31,13,2,3,1,4,55,0.091
4,3.14089,5,0.00570703,0.00570703,1,1,31,13,2,3,1,4,55,0.06
4,3.14089,6,0.00570703,0.00570703,1,1,31,13,2,3,1,4,55,0.09
4,3.14089,7,0.00570703,0.00570703,1,1,31,13,2,3,1,4,55,0.09
4,3.14089,8,0.00570703,0.00570703,1,1,31,11,4,3,1,4,67,0.104
4,3.14089,9,0.00570703,0.00570703,1,1,31,11,4,3,1,4,67,0.057
4,3.14089,10,0.00570703,0.00570703,1,1,31,11,4,3,1,4,67,0.091
4,3.14089,11,0.00570703,0.00570703,1,1,31,11,4,3,1,4,67,0.06
4,3.14089,12,0.00570703,0.00570703,1,1,31,11,4,3,1,4,67,0.088
4,3.14089,13,0.00570703,0.00570703,1,1,31,11,4,3,1,4,67,0.101
4,3.14089,14,0.00570703,0.00570703,1,1,31,11,4,3,1,4,67,0.059
4,3.14089,15,0.00570703,0.00570703,1,1,31,11,4,3,1,4,67,0.09
4,3.14089,16,0.00570703,0.00570703,1,1,31,11,4,3,1,4,67,0.091
4,3.14089,17,0.00570703,0.00570703,1,1,31,11,4,3,1,4,67,0.061
4,3.14089,18,0.00570703,0.00570703,1,1,31,11,4,3,1,4,67,0.102
4,3.14089,19,0.00570703,0.00570703,1,1,31,11,4,3,1,4,67,0.091
4,3.14089,20,0.00570703,0.00570703,1,1,31,13,2,3,1,4,55,0.059
4,3.14089,21,0.00570703,0.00570703,1,1,31,13,2,3,1,4,55,0.09
4,3.14089,22,0.00570703,0.00570703,1,1,31,13,2,3,1,4,55,0.1
4,3.14089,23,0.00570703,0.00570703,1,1,31,13,2,3,1,4,55,0.059
4,3.14089,24,0.00570703,0.00570703,1,1,31,11,4,3,1,4,67,0.09
4,3.14089,25,0.00570703,0.00570703,1,1,31,11,4,3,1,4,67,0.09
4,3.14089,26,0.00570703,0.00570703,1,1,31,11,4,3,1,4,67,0.059
4,3.14089,27,0.00570703,0.00570703,1,1,31,11,4,3,1,4,67,0.103
4,3.14089,28,0.00570703,0.00570703,1,1,31,11,4,3,1,4,67,0.09
4,3.14089,29,0.00570703,0.00570703,1,1,31,11,4,3,1,4,67,0.06
4,3.14089,30,0.00570703,0.00570703,1,1,31,11,4,3,1,4,67,0.09
4,3.14089,31,0.00570703,0.00570703,1,1,31,11,4,3,1,4,67,0.059
4,3.14089,32,0.00570703,0.00570703,1,1,31,11,4,3,1,4,67,0.102
4,3.14089,33,0.00570703,0.00570703,1,1,31,11,4,3,1,4,67,0.089
4,3.14089,34,0.00570703,0.00570703,1,1,31,11,4,3,1,4,67,0.091
4,3.14089,35,0.00570703,0.00570703,1,1,31,11,4,3,1,4,67,0.057
4,3.14089,36,0.00591665,0.00591665,1,1,33,11,6,3,1,4,81,0.059
4,3.14089,37,0.00591665,0.00591665,1,1,33,11,6,3,1,4,81,0.088
4,3.14089,38,0.00591665,0.00591665,1,1,33,11,6,3,1,4,81,0.101
4,3.14089,39,0.00591665,0.00591665,1,1,33,11,6,3,1,4,81,0.089
4,3.14089,40,0.00591665,0.00591665,1,1,33,13,4,3,1,4,69,0.058
4,3.14089,41,0.00591665,0.00591665,1,1,33,13,4,3,1,4,69,0.088
4,3.14089,42,0.00591665,0.00591665,1,1,33,13,4,3,1,4,69,0.087
4,3.14089,43,0.00591665,0.00591665,1,1,33,13,4,3,1,4,69,0.099
4,3.14089,44,0.00591665,0.00591665,1,1,33,11,6,3,1,4,81,0.059
4,3.14089,45,0.00591665,0.00591665,1,1,33,11,6,3,1,4,81,0.061
4,3.14089,46,0.00591665,0.00591665,1,1,33,11,6,3,1,4,81,0.089
4,3.14089,47,0.00591665,0.00591665,1,1,33,11,6,3,1,4,81,0.088
4,3.14089,48,0.00591665,0.00591665,1,1,33,13,4,3,1,4,69,0.101
4,3.14089,49,0.00591665,0.00591665,1,1,33,13,4,3,1,4,69,0.059
4,3.14089,50,0.00591665,0.00591665,1,1,33,13,4,3,1,4,69,0.089
4,3.14089,51,0.00591665,0.00591665,1,1,33,13,4,3,1,4,69,0.089
4,3.14089,52,0.00591665,0.00591665,1,1,33,11,6,3,1,4,81,0.058
4,3.14089,53,0.00591665,0.00591665,1,1,33,11,6,3,1,4,81,0.101
4,3.14089,54,0.00591665,0.00591665,1,1,33,11,6,3,1,4,81,0.059
4,3.14089,55,0.00591665,0.00591665,1,1,33,11,6,3,1,4,81,0.088
4,3.14089,56,0.00591665,0.00591665,1,1,33,11,6,3,1,4,81,0.088
4,3.14089,57,0.00591665,0.00591665,1,1,33,11,6,3,1,4,81,0.102
4,3.14089,58,0.00591665,0.00591665,1,1,33,11,6,3,1,4,81,0.06
4,3.14089,59,0.00591665,0.00591665,1,1,33,11,6,3,1,4,81,0.089
4,3.14089,60,0.00591665,0.00591665,1,1,33,11,6,3,1,4,81,0.089
4,3.14089,61,0.00591665,0.00591665,1,1,33,11,6,3,1,4,81,0.059
4,3.14089,62,0.00591665,0.00591665,1,1,33,11,6,3,1,4,81,0.102
4,3.14089,63,0.00591665,0.00591665,1,1,33,11,6,3,1,4,81,0.059
4,3.14089,64,0.00591665,0.00591665,1,1,33,13,4,3,1,4,69,0.09
4,3.14089,65,0.00591665,0.00591665,1,1,33,13,4,3,1,4,69,0.09
4,3.14089,66,0.00591665,0.00591665,1,1,33,13,4,3,1,4,69,0.059
4,3.14089,67,0.00591665,0.00591665,1,1,33,13,4,3,1,4,69,0.103
4,3.14089,68,0.00591665,0.00591665,1,1,33,11,6,3,1,4,81,0.089
4,3.14089,69,0.00591665,0.00591665,1,1,33,11,6,3,1,4,81,0.089
4,3.14089,70,0.00591665,0.00591665,1,1,33,11,6,3,1,4,81,0.059
4,3.14089,71,0.00591665,0.00591665,1,1,33,11,6,3,1,4,81,0.058
4,3.14089,72,0.00687759,0.00687759,1,1,41,17,4,1,1,2,59,0.064
4,3.14089,73,0.00687759,0.00687759,1,1,39,17,4,0,0,0,45,0.071
4,3.14089,74,0.00687759,0.00687759,1,1,41,17,4,1,1,2,59,0.064
4,3.14089,75,0.00687759,0.00687759,1,1,39,17,4,0,0,0,45,0.043
4,3.14089,76,0.00687759,0.00687759,1,1,41,17,4,1,1,2,59,0.064
4,3.14089,77,0.00687759,0.00687759,1,1,39,17,4,0,0,0,45,0.071
4,3.14089,78,0.00687759,0.00687759,1,1,41,17,4,1,1,2,59,0.065
4,3.14089,79,0.00687759,0.00687759,1,1,39,17,4,0,0,0,45,0.043
4,3.14089,80,0.00687759,0.00687759,1,1,40,17,3,1,1,2,52,0.065
4,3.14089,81,0.00687759,0.00687759,1,1,38,17,3,0,0,0,38,0.043
4,3.14089,82,0.00687759,0.00687759,1,1,38,17,3,0,0,0,38,0.065
4,3.14089,83,0.00687759,0.00687759,1,1,40,17,3,1,1,2,52,0.071
4,3.14089,84,0.00687759,0.00687759,1,1,36,17,2,0,0,0,31,0.043
4,3.14089,85,0.00687759,0.00687759,1,1,38,17,2,1,1,2,45,0.064
4,3.14089,86,0.00687759,0.00687759,1,1,38,17,2,1,1,2,45,0.064
4,3.14089,87,0.00687759,0.00687759,1,1,36,17,2,0,0,0,31,0.073
4,3.14089,88,0.00687759,0.00687759,1,1,41,17,4,1,1,2,59,0.042
4,3.14089,89,0.00687759,0.00687759,1,1,39,17,4,0,0,0,45,0.065
4,3.14089,90,0.00687759,0.00687759,1,1,41,17,4,1,1,2,59,0.041
4,3.14089,91,0.00687759,0.00687759,1,1,39,17,4,0,0,0,45,0.064
4,3.14089,92,0.00687759,0.00687759,1,1,39,17,4,0,0,0,45,0.073
4,3.14089,93,0.00687759,0.00687759,1,1,41,17,4,1,1,2,59,0.043
4,3.14089,94,0.00687759,0.00687759,1,1,39,17,4,0,0,0,45,0.063
4,3.14089,95,0.00687759,0.00687759,1,1,41,17,4,1,1,2,59,0.064
4,3.14089,96,0.00687759,0.00687759,1,1,41,17,4,1,1,2,59,0.042
4,3.14089,97,0.00687759,0.00687759,1,1,39,17,4,0,0,0,45,0.072
4,3.14089,98,0.00687759,0.00687759,1,1,39,17,4,0,0,0,45,0.064
4,3.14089,99,0.00687759,0.00687759,1,1,41,17,4,1,1,2,59,0.042
6,0.0013756,0,0.000135127,0.000135127,1,1,51,19,8,3,1,4,103,0.125
6,0.0013756,1,0.000135127,0.000135127,1,1,51,19,8,3,1,4,103,0.08
6,0.0013756,2,0.000135127,0.000135127,1,1,51,19,8,3,1,4,103,0.144
6,0.0013756,3,0.000135127,0.000135127,1,1,51,19,8,3,1,4,103,0.127
6,0.0013756,4,0.000135127,0.000135127,1,1,51,21,6,3,1,4,91,0.084
6,0.0013756,5,0.000135127,0.000135127,1,1,51,21,6,3,1,4,91,0.128
6,0.0013756,6,0.000135127,0.000135127,1,1,51,21,6,3,1,4,91,0.127
6,0.0013756,7,0.000135127,0.000135127,1,1,51,21,6,3,1,4,91,0.143
6,0.0013756,8,0.000135127,0.000135127,1,1,51,19,8,3,1,4,103,0.081
6,0.0013756,9,0.000135127,0.000135127,1,1,51,19,8,3,1,4,103,0.123
6,0.0013756,10,0.000135127,0.000135127,1,1,51,19,8,3,1,4,103,0.083
6,0.0013756,11,0.000135127,0.000135127,1,1,51,19,8,3,1,4,103,0.124
6,0.0013756,12,0.000135127,0.000135127,1,1,51,19,8,3,1,4,103,0.142
6,0.0013756,13,0.000135127,0.000135127,1,1,51,19,8,3,1,4,103,0.081
6,0.0013756,14,0.000135127,0.000135127,1,1,51,19,8,3,1,4,103,0.123
6,0.0013756,15,0.000135127,0.000135127,1,1,51,19,8,3,1,4,103,0.127
6,0.0013756,16,0.000135127,0.000135127,1,1,51,19,8,3,1,4,103,0.102
6,0.0013756,17,0.000135127,0.000135127,1,1,51,19,8,3,1,4,103,0.144
6,0.0013756,18,0.000135127,0.000135127,1,1,51,19,8,3,1,4,103,0.127
6,0.0013756,19,0.000135127,0.000135127,1,1,51,19,8,3,1,4,103,0.086
6,0.0013756,20,0.000135127,0.000135127,1,1,51,21,6,3,1,4,91,0.129
6,0.0013756,21,0.000135127,0.000135127,1,1,51,21,6,3,1,4,91,0.148
6,0.0013756,22,0.000135127,0.000135127,1,1,51,21,6,3,1,4,91,0.128
6,0.0013756,23,0.000135127,0.000135127,1,1,51,21,6,3,1,4,91,0.084
6,0.0013756,24,0.000135127,0.000135127,1,1,51,21,6,3,1,4,91,0.126
6,0.0013756,25,0.000135127,0.000135127,1,1,51,21,6,3,1,4,91,0.083
6,0.0013756,26,0.000135127,0.000135127,1,1,51,21,6,3,1,4,91,0.126
6,0.0013756,27,0.000135127,0.000135127,1,1,51,21,6,3,1,4,91,0.145
6,0.0013756,28,0.000135127,0.000135127,1,1,51,19,8,3,1,4,103,0.083
6,0.0013756,29,0.000135127,0.000135127,1,1,51,19,8,3,1,4,103,0.126
6,0.0013756,30,0.000135127,0.000135127,1,1,51,19,8,3,1,4,103,0.126
6,0.0013756,31,0.000135127,0.000135127,1,1,51,19,8,3,1,4,103,0.083
6,0.0013756,32,0.000135127,0.000135127,1,1,51,19,8,3,1,4,103,0.143
6,0.0013756,33,0.000135127,0.000135127,1,1,51,19,8,3,1,4,103,0.125
6,0.0013756,34,0.000135127,0.000135127,1,1,51,19,8,3,1,4,103,0.082
6,0.0013756,35,0.000135127,0.000135127,1,1,51,19,8,3,1,4,103,0.124
6,0.100614,0,0.000199137,0.000199137,1,1,71,33,2,1,1,2,61,0.051
6,0.100614,1,0.000199137,0.000199137,1,1,71,33,2,1,1,2,61,0.032
6,0.100614,2,0.000199137,0.000199137,1,1,71,33,2,1,1,2,61,0.05
6,0.100614,3,0.000199137,0.000199137,1,1,71,33,2,1,1,2,61,0.033
6,0.100614,4,0.000199137,0.000199137,1,1,71,35,0,1,1,2,49,0.052
6,0.100614,5,0.000199137,0.000199137,1,1,71,35,0,1,1,2,49,0.049
6,0.100614,6,0.000199137,0.000199137,1,1,71,35,0,1,1,2,49,0.033
6,0.100614,7,0.000199137,0.000199137,1,1,71,35,0,1,1,2,49,0.049
6,0.100614,8,0.000199137,0.000199137,1,1,71,33,2,1,1,2,61,0.033
6,0.100614,9,0.000199137,0.000199137,1,1,71,33,2,1,1,2,61,0.051
6,0.100614,10,0.000199137,0.000199137,1,1,71,33,2,1,1,2,61,0.049
6,0.100614,11,0.000199137,0.000199137,1,1,71,33,2,1,1,2,61,0.032
6,0.100614,12,0.000199137,0.000199137,1,1,71,35,0,1,1,2,49,0.049
6,0.100614,13,0.000199137,0.000199137,1,1,71,35,0,1,1,2,49,0.052
6,0.100614,14,0.000199137,0.000199137,1,1,71,35,0,1,1,2,49,0.05
6,0.100614,15,0.000199137,0.000199137,1,1,71,35,0,1,1,2,49,0.032
6,0.100614,16,0.000199137,0.000199137,1,1,71,33,2,1,1,2,61,0.05
6,0.100614,17,0.000199137,0.000199137,1,1,71,33,2,1,1,2,61,0.033
6,0.100614,18,0.000199137,0.000199137,1,1,71,33,2,1,1,2,61,0.051
6,0.100614,19,0.000199137,0.000199137,1,1,71,33,2,1,1,2,61,0.049
6,0.100614,20,0.000199137,0.000199137,1,1,71,33,2,1,1,2,61,0.033
6,0.100614,21,0.000199137,0.000199137,1,1,71,33,2,1,1,2,61,0.049
6,0.100614,22,0.000199137,0.000199137,1,1,71,33,2,1,1,2,61,0.052
6,0.100614,23,0.000199137,0.000199137,1,1,71,33,2,1,1,2,61,0.049
6,0.100614,24,0.000199137,0.000199137,1,1,71,33,2,1,1,2,61,0.032
6,0.100614,25,0.000199137,0.000199137,1,1,71,33,2,1,1,2,61,0.049
6,0.100614,26,0.000199137,0.000199137,1,1,71,33,2,1,1,2,61,0.036
6,0.100614,27,0.000199137,0.000199137,1,1,71,33,2,1,1,2,61,0.048
6,0.100614,28,0.000199137,0.000199137,1,1,71,35,0,1,1,2,49,0.051
6,0.100614,29,0.000199137,0.000199137,1,1,71,35,0,1,1,2,49,0.032
6,0.100614,30,0.000199137,0.000199137,1,1,71,35,0,1,1,2,49,0.049
6,0.100614,31,0.000199137,0.000199137,1,1,71,35,0,1,1,2,49,0.05
6,0.100614,32,0.000199137,0.000199137,1,1,71,33,2,1,1,2,61,0.053
6,0.100614,33,0.000199137,0.000199137,1,1,71,33,2,1,1,2,61,0.032
6,0.100614,34,0.000199137,0.000199137,1,1,71,33,2,1,1,2,61,0.05
6,0.100614,35,0.000199137,0.000199137,1,1,71,33,2,1,1,2,61,0.033
6,0.100614,36,0.00020486,0.00020486,1,1,43,15,7,4,1,5,99,0.154
6,0.100614,37,0.00020486,0.00020486,1,1,41,15,6,4,1,5,92,0.18
6,0.100614,38,0.00020486,0.00020486,1,1,41,15,6,4,1,5,92,0.107
6,0.100614,39,0.00020486,0.00020486,1,1,41,15,6,4,1,5,92,0.153
6,0.100614,40,0.00020486,0.00020486,1,1,44,15,8,4,1,5,106,0.103
6,0.100614,41,0.00020486,0.00020486,1,1,44,15,8,4,1,5,106,0.157
6,0.100614,42,0.00020486,0.00020486,1,1,44,15,8,4,1,5,106,0.155
6,0.100614,43,0.00020486,0.00020486,1,1,44,15,8,4,1,5,106,0.18
6,0.100614,44,0.00020486,0.00020486,1,1,44,15,8,4,1,5,106,0.104
6,0.100614,45,0.00020486,0.00020486,1,1,44,15,8,4,1,5,106,0.155
6,0.100614,46,0.00020486,0.00020486,1,1,44,15,8,4,1,5,106,0.154
6,0.100614,47,0.00020486,0.00020486,1,1,44,15,8,4,1,5,106,0.102
6,0.100614,48,0.00020486,0.00020486,1,1,43,15,7,4,1,5,99,0.18
6,0.100614,49,0.00020486,0.00020486,1,1,41,15,6,4,1,5,92,0.102
6,0.100614,50,0.00020486,0.00020486,1,1,43,15,7,4,1,5,99,0.156
6,0.100614,51,0.00020486,0.00020486,1,1,43,15,7,4,1,5,99,0.154
6,0.100614,52,0.00020486,0.00020486,1,1,41,15,6,4,1,5,92,0.103
6,0.100614,53,0.00020486,0.00020486,1,1,43,15,7,4,1,5,99,0.181
6,0.100614,54,0.00020486,0.00020486,1,1,43,15,7,4,1,5,99,0.156
6,0.100614,55,0.00020486,0.00020486,1,1,43,15,7,4,1,5,99,0.155
6,0.100614,56,0.00020486,0.00020486,1,1,44,15,8,4,1,5,106,0.105
6,0.100614,57,0.00020486,0.00020486,1,1,44,15,8,4,1,5,106,0.178
6,0.100614,58,0.00020486,0.00020486,1,1,44,15,8,4,1,5,106,0.102
6,0.100614,59,0.00020486,0.00020486,1,1,44,15,8,4,1,5,106,0.154
6,0.100614,60,0.00020486,0.00020486,1,1,44,15,8,4,1,5,106,0.154
6,0.100614,61,0.00020486,0.00020486,1,1,44,15,8,4,1,5,106,0.103
6,0.100614,62,0.00020486,0.00020486,1,1,44,15,8,4,1,5,106,0.181
6,0.100614,63,0.00020486,0.00020486,1,1,44,15,8,4,1,5,106,0.156
6,0.100614,64,0.00020486,0.00020486,1,1,44,15,8,4,1,5,106,0.155
6,0.100614,65,0.00020486,0.00020486,1,1,44,15,8,4,1,5,106,0.102
6,0.100614,66,0.00020486,0.00020486,1,1,44,15,8,4,1,5,106,0.102
6,0.100614,67,0.00020486,0.00020486,1,1,44,15,8,4,1,5,106,0.184
6,0.100614,68,0.00020486,0.00020486,1,1,44,15,8,4,1,5,106,0.156
6,0.100614,69,0.00020486,0.00020486,1,1,44,15,8,4,1,5,106,0.156
6,0.100614,70,0.00020486,0.00020486,1,1,44,15,8,4,1,5,106,0.102
6,0.100614,71,0.00020486,0.00020486,1,1,44,15,8,4,1,5,106,0.154
6,0.202868,0,9.59101e-05,9.59101e-05,1,1,47,19,4,5,1,6,89,0.122
6,0.202868,1,9.59101e-05,9.59101e-05,1,1,45,19,4,4,0,4,75,0.081
6,0.202868,2,9.59101e-05,9.59101e-05,1,1,45,19,4,4,0,4,75,0.138
6,0.202868,3,9.59101e-05,9.59101e-05,1,1,47,19,4,5,1,6,89,0.079
6,0.202868,4,9.59101e-05,9.59101e-05,1,1,45,17,6,4,0,4,87,0.12
6,0.202868,5,9.59101e-05,9.59101e-05,1,1,47,17,6,5,1,6,101,0.121
6,0.202868,6,9.59101e-05,9.59101e-05,1,1,47,17,6,5,1,6,101,0.141
6,0.202868,7,9.59101e-05,9.59101e-05,1,1,45,17,6,4,0,4,87,0.082
6,0.202868,8,9.59101e-05,9.59101e-05,1,1,45,17,6,4,0,4,87,0.121
6,0.202868,9,9.59101e-05,9.59101e-05,1,1,47,17,6,5,1,6,101,0.08
6,0.202868,10,9.59101e-05,9.59101e-05,1,1,47,17,6,5,1,6,101,0.122
6,0.202868,11,9.59101e-05,9.59101e-05,1,1,45,17,6,4,0,4,87,0.14
6,0.202868,12,9.59101e-05,9.59101e-05,1,1,47,17,6,5,1,6,101,0.079
6,0.202868,13,9.59101e-05,9.59101e-05,1,1,45,17,6,4,0,4,87,0.119
6,0.202868,14,9.59101e-05,9.59101e-05,1,1,45,17,6,4,0,4,87,0.12
6,0.202868,15,9.59101e-05,9.59101e-05,1,1,47,17,6,5,1,6,101,0.079
6,0.202868,16,9.59101e-05,9.59101e-05,1,1,47,19,4,5,1,6,89,0.138
6,0.202868,17,9.59101e-05,9.59101e-05,1,1,45,19,4,4,0,4,75,0.121
6,0.202868,18,9.59101e-05,9.59101e-05,1,1,47,19,4,5,1,6,89,0.083
6,0.202868,19,9.59101e-05,9.59101e-05,1,1,45,19,4,4,0,4,75,0.149
6,0.202868,20,9.59101e-05,9.59101e-05,1,1,45,17,6,4,0,4,87,0.103
6,0.202868,21,9.59101e-05,9.59101e-05,1,1,47,17,6,5,1,6,101,0.14
6,0.202868,22,9.59101e-05,9.59101e-05,1,1,45,17,6,4,0,4,87,0.124
6,0.202868,23,9.59101e-05,9.59101e-05,1,1,47,17,6,5,1,6,101,0.126
6,0.202868,24,9.59101e-05,9.59101e-05,1,1,45,19,4,4,0,4,75,0.136
6,0.202868,25,9.59101e-05,9.59101e-05,1,1,47,19,4,5,1,6,89,0.144
6,0.202868,26,9.59101e-05,9.59101e-05,1,1,45,19,4,4,0,4,75,0.127
6,0.202868,27,9.59101e-05,9.59101e-05,1,1,47,19,4,5,1,6,89,0.127
6,0.202868,28,9.59101e-05,9.59101e-05,1,1,47,17,6,5,1,6,101,0.137
6,0.202868,29,9.59101e-05,9.59101e-05,1,1,45,17,6,4,0,4,87,0.124
6,0.202868,30,9.59101e-05,9.59101e-05,1,1,45,17,6,4,0,4,87,0.144
6,0.202868,31,9.59101e-05,9.59101e-05,1,1,47,17,6,5,1,6,101,0.126
6,0.202868,32,9.59101e-05,9.59101e-05,1,1,47,17,6,5,1,6,101,0.137
6,0.202868,33,9.59101e-05,9.59101e-05,1,1,45,17,6,4,0,4,87,0.124
6,0.202868,34,9.59101e-05,9.59101e-05,1,1,47,17,6,5,1,6,101,0.143
6,0.202868,35,9.59101e-05,9.59101e-05,1,1,45,17,6,4,0,4,87,0.125
6,0.321708,0,8.84143e-05,8.84143e-05,1,1,52,21,5,3,1,4,84,0.141
6,0.321708,1,8.84143e-05,8.84143e-05,1,1,50,21,4,3,1,4,77,0.128
6,0.321708,2,8.84143e-05,8.84143e-05,1,1,52,21,5,3,1,4,84,0.145
6,0.321708,3,8.84143e-05,8.84143e-05,1,1,50,21,4,3,1,4,77,0.128
6,0.321708,4,8.84143e-05,8.84143e-05,1,1,53,21,6,3,1,4,91,0.117
6,0.321708,5,8.84143e-05,8.84143e-05,1,1,53,21,6,3,1,4,91,0.129
6,0.321708,6,8.84143e-05,8.84143e-05,1,1,53,21,6,3,1,4,91,0.127
6,0.321708,7,8.84143e-05,8.84143e-05,1,1,53,21,6,3,1,4,91,0.145
6,0.321708,8,8.84143e-05,8.84143e-05,1,1,53,21,6,3,1,4,91,0.082
6,0.321708,9,8.84143e-05,8.84143e-05,1,1,53,21,6,3,1,4,91,0.124
6,0.321708,10,8.84143e-05,8.84143e-05,1,1,53,21,6,3,1,4,91,0.123
6,0.321708,11,8.84143e-05,8.84143e-05,1,1,53,21,6,3,1,4,91,0.081
6,0.321708,12,8.84143e-05,8.84143e-05,1,1,53,21,6,3,1,4,91,0.143
6,0.321708,13,8.84143e-05,8.84143e-05,1,1,53,21,6,3,1,4,91,0.123
6,0.321708,14,8.84143e-05,8.84143e-05,1,1,53,21,6,3,1,4,91,0.081
6,0.321708,15,8.84143e-05,8.84143e-05,1,1,53,21,6,3,1,4,91,0.124
6,0.321708,16,8.84143e-05,8.84143e-05,1,1,53,21,6,3,1,4,91,0.142
6,0.321708,17,8.84143e-05,8.84143e-05,1,1,53,21,6,3,1,4,91,0.085
6,0.321708,18,8.84143e-05,8.84143e-05,1,1,53,21,6,3,1,4,91,0.124
6,0.321708,19,8.84143e-05,8.84143e-05,1,1,53,21,6,3,1,4,91,0.125
6,0.321708,20,8.84143e-05,8.84143e-05,1,1,52,21,5,3,1,4,84,0.081
6,0.321708,21,8.84143e-05,8.84143e-05,1,1,52,21,5,3,1,4,84,0.139
6,0.321708,22,8.84143e-05,8.84143e-05,1,1,50,21,4,3,1,4,77,0.124
6,0.321708,23,8.84143e-05,8.84143e-05,1,1,52,21,5,3,1,4,84,0.083
6,0.321708,24,8.84143e-05,8.84143e-05,1,1,52,21,5,3,1,4,84,0.123
6,0.321708,25,8.84143e-05,8.84143e-05,1,1,52,21,5,3,1,4,84,0.082
6,0.321708,26,8.84143e-05,8.84143e-05,1,1,50,21,4,3,1,4,77,0.125
6,0.321708,27,8.84143e-05,8.84143e-05,1,1,50,21,4,3,1,4,77,0.143
6,0.321708,28,8.84143e-05,8.84143e-05,1,1,53,21,6,3,1,4,91,0.126
6,0.321708,29,8.84143e-05,8.84143e-05,1,1,53,21,6,3,1,4,91,0.082
6,0.321708,30,8.84143e-05,8.84143e-05,1,1,53,21,6,3,1,4,91,0.128
6,0.321708,31,8.84143e-05,8.84143e-05,1,1,53,21,6,3,1,4,91,0.086
6,0.321708,32,8.84143e-05,8.84143e-05,1,1,53,21,6,3,1,4,91,0.146
6,0.321708,33,8.84143e-05,8.84143e-05,1,1,53,21,6,3,1,4,91,0.126
6,0.321708,34,8.84143e-05,8.84143e-05,1,1,53,21,6,3,1,4,91,0.082
6,0.321708,35,8.84143e-05,8.84143e-05,1,1,53,21,6,3,1,4,91,0.122
6,0.444642,0,0.000185114,0.000185114,1,1,53,21,8,1,1,2,91,0.142
6,0.444642,1,0.000185114,0.000185114,1,1,51,21,8,0,0,0,77,0.124
6,0.444642,2,0.000185114,0.000185114,1,1,51,21,8,0,0,0,77,0.083
6,0.444642,3,0.000185114,0.000185114,1,1,53,21,8,1,1,2,91,0.124
6,0.444642,4,0.000185114,0.000185114,1,1,50,21,6,1,1,2,77,0.081
6,0.444642,5,0.000185114,0.000185114,1,1,48,21,6,0,0,0,63,0.126
6,0.444642,6,0.000185114,0.000185114,1,1,50,21,7,0,0,0,70,0.143
6,0.444642,7,0.000185114,0.000185114,1,1,52,21,7,1,1,2,84,0.123
6,0.444642,8,0.000185114,0.000185114,1,1,53,21,8,1,1,2,91,0.131
6,0.444642,9,0.000185114,0.000185114,1,1,51,21,8,0,0,0,77,0.128
6,0.444642,10,0.000185114,0.000185114,1,1,53,21,8,1,1,2,91,0.143
6,0.444642,11,0.000185114,0.000185114,1,1,51,21,8,0,0,0,77,0.084
6,0.444642,12,0.000185114,0.000185114,1,1,52,21,7,1,1,2,84,0.125
6,0.444642,13,0.000185114,0.000185114,1,1,50,21,7,0,0,0,70,0.082
6,0.444642,14,0.000185114,0.000185114,1,1,48,21,6,0,0,0,63,0.124
6,0.444642,15,0.000185114,0.000185114,1,1,50,21,6,1,1,2,77,0.141
6,0.444642,16,0.000185114,0.000185114,1,1,51,21,8,0,0,0,77,0.124
6,0.444642,17,0.000185114,0.000185114,1,1,53,21,8,1,1,2,91,0.082
6,0.444642,18,0.000185114,0.000185114,1,1,53,21,8,1,1,2,91,0.124
6,0.444642,19,0.000185114,0.000185114,1,1,51,21,8,0,0,0,77,0.081
6,0.444642,20,0.000185114,0.000185114,1,1,53,21,8,1,1,2,91,0.141
6,0.444642,21,0.000185114,0.000185114,1,1,51,21,8,0,0,0,77,0.124
6,0.444642,22,0.000185114,0.000185114,1,1,51,21,8,0,0,0,77,0.081
6,0.444642,23,0.000185114,0.000185114,1,1,53,21,8,1,1,2,91,0.123
6,0.444642,24,0.000185114,0.000185114,1,1,51,21,8,0,0,0,77,0.142
6,0.444642,25,0.000185114,0.000185114,1,1,53,21,8,1,1,2,91,0.124
6,0.444642,26,0.000185114,0.000185114,1,1,51,21,8,0,0,0,77,0.096
6,0.444642,27,0.000185114,0.000185114,1,1,53,21,8,1,1,2,91,0.124
6,0.444642,28,0.000185114,0.000185114,1,1,51,21,8,0,0,0,77,0.081
6,0.444642,29,0.000185114,0.000185114,1,1,53,21,8,1,1,2,91,0.124
6,0.444642,30,0.000185114,0.000185114,1,1,53,21,8,1,1,2,91,0.143
6,0.444642,31,0.000185114,0.000185114,1,1,51,21,8,0,0,0,77,0.124
6,0.444642,32,0.000185114,0.000185114,1,1,48,21,6,0,0,0,63,0.08
6,0.444642,33,0.000185114,0.000185114,1,1,50,21,6,1,1,2,77,0.123
6,0.444642,34,0.000185114,0.000185114,1,1,50,21,7,0,0,0,70,0.083
6,0.444642,35,0.000185114,0.000185114,1,1,52,21,7,1,1,2,84,0.141
6,0.558469,0,0.000199137,0.000199137,1,1,39,13,12,0,0,0,97,0.174
6,0.558469,1,0.000199137,0.000199137,1,1,41,13,12,1,1,2,111,0.114
6,0.558469,2,0.000199137,0.000199137,1,1,39,13,12,0,0,0,97,0.174
6,0.558469,3,0.000199137,0.000199137,1,1,41,13,12,1,1,2,111,0.2
6,0.558469,4,0.000199137,0.000199137,1,1,41,13,12,1,1,2,111,0.116
6,0.558469,5,0.000199137,0.000199137,1,1,39,13,12,0,0,0,97,0.178
6,0.558469,6,0.000199137,0.000199137,1,1,41,13,12,1,1,2,111,0.174
6,0.558469,7,0.000199137,0.000199137,1,1,39,13,12,0,0,0,97,0.115
6,0.558469,8,0.000199137,0.000199137,1,1,39,15,10,0,0,0,85,0.201
6,0.558469,9,0.000199137,0.000199137,1,1,41,15,10,1,1,2,99,0.175
6,0.558469,10,0.000199137,0.000199137,1,1,39,15,10,0,0,0,85,0.116
6,0.558469,11,0.000199137,0.000199137,1,1,41,15,10,1,1,2,99,0.174
6,0.558469,12,0.000199137,0.000199137,1,1,41,13,12,1,1,2,111,0.115
6,0.558469,13,0.000199137,0.000199137,1,1,39,13,12,0,0,0,97,0.203
6,0.558469,14,0.000199137,0.000199137,1,1,39,13,12,0,0,0,97,0.176
6,0.558469,15,0.000199137,0.000199137,1,1,41,13,12,1,1,2,111,0.177
6,0.558469,16,0.000199137,0.000199137,1,1,39,13,12,0,0,0,97,0.116
6,0.558469,17,0.000199137,0.000199137,1,1,41,13,12,1,1,2,111,0.177
6,0.558469,18,0.000199137,0.000199137,1,1,41,13,12,1,1,2,111,0.205
6,0.558469,19,0.000199137,0.000199137,1,1,39,13,12,0,0,0,97,0.118
6,0.558469,20,0.000199137,0.000199137,1,1,41,15,10,1,1,2,99,0.175
6,0.558469,21,0.000199137,0.000199137,1,1,39,15,10,0,0,0,85,0.115
6,0.558469,22,0.000199137,0.000199137,1,1,41,15,10,1,1,2,99,0.174
6,0.558469,23,0.000199137,0.000199137,1,1,39,15,10,0,0,0,85,0.202
6,0.558469,24,0.000199137,0.000199137,1,1,39,15,10,0,0,0,85,0.175
6,0.558469,25,0.000199137,0.000199137,1,1,41,15,10,1,1,2,99,0.115
6,0.558469,26,0.000199137,0.000199137,1,1,39,15,10,0,0,0,85,0.176
6,0.558469,27,0.000199137,0.000199137,1,1,41,15,10,1,1,2,99,0.115
6,0.558469,28,0.000199137,0.000199137,1,1,39,13,12,0,0,0,97,0.175
6,0.558469,29,0.000199137,0.000199137,1,1,41,13,12,1,1,2,111,0.202
6,0.558469,30,0.000199137,0.000199137,1,1,41,13,12,1,1,2,111,0.116
6,0.558469,31,0.000199137,0.000199137,1,1,39,13,12,0,0,0,97,0.176
6,0.558469,32,0.000199137,0.000199137,1,1,41,13,12,1,1,2,111,0.175
6,0.558469,33,0.000199137,0.000199137,1,1,39,13,12,0,0,0,97,0.115
6,0.558469,34,0.000199137,0.000199137,1,1,39,13,12,0,0,0,97,0.205
6,0.558469,35,0.000199137,0.000199137,1,1,41,13,12,1,1,2,111,0.177
6,0.659067,0,0.000199155,0.000199155,1,1,43,13,10,5,1,6,125,0.093
6,0.659067,1,0.000199155,0.000199155,1,1,43,13,10,5,1,6,125,0.14
6,0.659067,2,0.000199155,0.000199155,1,1,43,13,10,5,1,6,125,0.092
6,0.659067,3,0.000199155,0.000199155,1,1,43,13,10,5,1,6,125,0.163
6,0.659067,4,0.000199155,0.000199155,1,1,43,13,10,5,1,6,125,0.138
6,0.659067,5,0.000199155,0.000199155,1,1,43,13,10,5,1,6,125,0.139
6,0.659067,6,0.000199155,0.000199155,1,1,43,13,10,5,1,6,125,0.093
6,0.659067,7,0.000199155,0.000199155,1,1,43,13,10,5,1,6,125,0.16
6,0.659067,8,0.000199155,0.000199155,1,1,43,13,10,5,1,6,125,0.091
6,0.659067,9,0.000199155,0.000199155,1,1,43,13,10,5,1,6,125,0.139
6,0.659067,10,0.000199155,0.000199155,1,1,43,13,10,5,1,6,125,0.139
6,0.659067,11,0.000199155,0.000199155,1,1,43,13,10,5,1,6,125,0.092
6,0.659067,12,0.000199155,0.000199155,1,1,42,13,9,5,1,6,118,0.139
6,0.659067,13,0.000199155,0.000199155,1,1,40,13,8,5,1,6,111,0.159
6,0.659067,14,0.000199155,0.000199155,1,1,42,13,9,5,1,6,118,0.138
6,0.659067,15,0.000199155,0.000199155,1,1,42,13,9,5,1,6,118,0.093
6,0.659067,16,0.000199155,0.000199155,1,1,40,13,8,5,1,6,111,0.091
6,0.659067,17,0.000199155,0.000199155,1,1,40,13,8,5,1,6,111,0.138
6,0.659067,18,0.000199155,0.000199155,1,1,42,13,9,5,1,6,118,0.161
6,0.659067,19,0.000199155,0.000199155,1,1,42,13,9,5,1,6,118,0.14
6,0.659067,20,0.000199155,0.000199155,1,1,43,13,10,5,1,6,125,0.092
6,0.659067,21,0.000199155,0.000199155,1,1,43,13,10,5,1,6,125,0.141
6,0.659067,22,0.000199155,0.000199155,1,1,43,13,10,5,1,6,125,0.14
6,0.659067,23,0.000199155,0.000199155,1,1,43,13,10,5,1,6,125,0.092
6,0.659067,24,0.000199155,0.000199155,1,1,43,13,10,5,1,6,125,0.162
6,0.659067,25,0.000199155,0.000199155,1,1,43,13,10,5,1,6,125,0.099
6,0.659067,26,0.000199155,0.000199155,1,1,43,13,10,5,1,6,125,0.141
6,0.659067,27,0.000199155,0.000199155,1,1,43,13,10,5,1,6,125,0.139
6,0.659067,28,0.000199155,0.000199155,1,1,43,13,10,5,1,6,125,0.162
6,0.659067,29,0.000199155,0.000199155,1,1,43,13,10,5,1,6,125,0.092
6,0.659067,30,0.000199155,0.000199155,1,1,43,13,10,5,1,6,125,0.138
6,0.659067,31,0.000199155,0.000199155,1,1,43,13,10,5,1,6,125,0.14
6,0.659067,32,0.000199155,0.000199155,1,1,40,13,8,5,1,6,111,0.093
6,0.659067,33,0.000199155,0.000199155,1,1,40,13,8,5,1,6,111,0.159
6,0.659067,34,0.000199155,0.000199155,1,1,42,13,9,5,1,6,118,0.092
6,0.659067,35,0.000199155,0.000199155,1,1,42,13,9,5,1,6,118,0.138
6,0.751216,0,0.000105763,0.000105763,1,1,47,17,8,3,1,4,101,0.145
6,0.751216,1,0.000105763,0.000105763,1,1,45,17,8,2,0,2,87,0.098
6,0.751216,2,0.000105763,0.000105763,1,1,45,17,8,2,0,2,87,0.168
6,0.751216,3,0.000105763,0.000105763,1,1,47,17,8,3,1,4,101,0.147
6,0.751216,4,0.000105763,0.000105763,1,1,47,17,8,3,1,4,101,0.146
6,0.751216,5,0.000105763,0.000105763,1,1,45,17,8,2,0,2,87,0.097
6,0.751216,6,0.000105763,0.000105763,1,1,47,17,8,3,1,4,101,0.096
6,0.751216,7,0.000105763,0.000105763,1,1,45,17,8,2,0,2,87,0.168
6,0.751216,8,0.000105763,0.000105763,1,1,44,17,6,3,1,4,87,0.145
6,0.751216,9,0.000105763,0.000105763,1,1,42,17,6,2,0,2,73,0.145
6,0.751216,10,0.000105763,0.000105763,1,1,44,17,7,2,0,2,80,0.097
6,0.751216,11,0.000105763,0.000105763,1,1,46,17,7,3,1,4,94,0.146
6,0.751216,12,0.000105763,0.000105763,1,1,46,17,7,3,1,4,94,0.17
6,0.751216,13,0.000105763,0.000105763,1,1,44,17,7,2,0,2,80,0.148
6,0.751216,14,0.000105763,0.000105763,1,1,42,17,6,2,0,2,73,0.097
6,0.751216,15,0.000105763,0.000105763,1,1,44,17,6,3,1,4,87,0.096
6,0.751216,16,0.000105763,0.000105763,1,1,45,17,8,2,0,2,87,0.146
6,0.751216,17,0.000105763,0.000105763,1,1,47,17,8,3,1,4,101,0.146
6,0.751216,18,0.000105763,0.000105763,1,1,45,17,8,2,0,2,87,0.169
6,0.751216,19,0.000105763,0.000105763,1,1,47,17,8,3,1,4,101,0.097
6,0.751216,20,0.000105763,0.000105763,1,1,47,17,8,3,1,4,101,0.15
6,0.751216,21,0.000105763,0.000105763,1,1,45,17,8,2,0,2,87,0.099
6,0.751216,22,0.000105763,0.000105763,1,1,45,17,8,2,0,2,87,0.15
6,0.751216,23,0.000105763,0.000105763,1,1,47,17,8,3,1,4,101,0.173
6,0.751216,24,0.000105763,0.000105763,1,1,45,17,8,2,0,2,87,0.098
6,0.751216,25,0.000105763,0.000105763,1,1,47,17,8,3,1,4,101,0.148
6,0.751216,26,0.000105763,0.000105763,1,1,45,17,8,2,0,2,87,0.148
6,0.751216,27,0.000105763,0.000105763,1,1,47,17,8,3,1,4,101,0.097
6,0.751216,28,0.000105763,0.000105763,1,1,42,17,6,2,0,2,73,0.171
6,0.751216,29,0.000105763,0.000105763,1,1,44,17,6,3,1,4,87,0.15
6,0.751216,30,0.000105763,0.000105763,1,1,44,17,7,2,0,2,80,0.098
6,0.751216,31,0.000105763,0.000105763,1,1,46,17,7,3,1,4,94,0.148
6,0.751216,32,0.000105763,0.000105763,1,1,47,17,8,3,1,4,101,0.172
6,0.751216,33,0.000105763,0.000105763,1,1,45,17,8,2,0,2,87,0.098
6,0.751216,34,0.000105763,0.000105763,1,1,47,17,8,3,1,4,101,0.15
6,0.751216,35,0.000105763,0.000105763,1,1,45,17,8,2,0,2,87,0.148
6,0.850667,0,0.000106412,0.000106412,1,1,49,20,4,4,1,5,83,0.075
6,0.850667,1,0.000106412,0.000106412,1,1,47,20,4,3,0,3,69,0.131
6,0.850667,2,0.000106412,0.000106412,1,1,47,20,4,3,0,3,69,0.074
6,0.850667,3,0.000106412,0.000106412,1,1,49,20,4,4,1,5,83,0.114
6,0.850667,4,0.000106412,0.000106412,1,1,52,20,6,4,1,5,97,0.115
6,0.850667,5,0.000106412,0.000106412,1,1,50,20,6,3,0,3,83,0.076
6,0.850667,6,0.000106412,0.000106412,1,1,52,20,6,4,1,5,97,0.131
6,0.850667,7,0.000106412,0.000106412,1,1,50,20,6,3,0,3,83,0.117
6,0.850667,8,0.000106412,0.000106412,1,1,52,20,6,4,1,5,97,0.117
6,0.850667,9,0.000106412,0.000106412,1,1,50,20,6,3,0,3,83,0.076
6,0.850667,10,0.000106412,0.000106412,1,1,50,20,6,3,0,3,83,0.076
6,0.850667,11,0.000106412,0.000106412,1,1,52,20,6,4,1,5,97,0.116
6,0.850667,12,0.000106412,0.000106412,1,1,52,20,6,4,1,5,97,0.131
6,0.850667,13,0.000106412,0.000106412,1,1,50,20,6,3,0,3,83,0.116
6,0.850667,14,0.000106412,0.000106412,1,1,52,20,6,4,1,5,97,0.076
6,0.850667,15,0.000106412,0.000106412,1,1,50,20,6,3,0,3,83,0.117
6,0.850667,16,0.000106412,0.000106412,1,1,50,20,6,3,0,3,83,0.132
6,0.850667,17,0.000106412,0.000106412,1,1,52,20,6,4,1,5,97,0.075
6,0.850667,18,0.000106412,0.000106412,1,1,52,20,6,4,1,5,97,0.116
6,0.850667,19,0.000106412,0.000106412,1,1,50,20,6,3,0,3,83,0.076
6,0.850667,20,0.000106412,0.000106412,1,1,47,20,4,3,0,3,69,0.116
6,0.850667,21,0.000106412,0.000106412,1,1,49,20,4,4,1,5,83,0.115
6,0.850667,22,0.000106412,0.000106412,1,1,49,20,4,4,1,5,83,0.13
6,0.850667,23,0.000106412,0.000106412,1,1,47,20,4,3,0,3,69,0.075
6,0.850667,24,0.000106412,0.000106412,1,1,47,20,4,3,0,3,69,0.114
6,0.850667,25,0.000106412,0.000106412,1,1,49,20,4,4,1,5,83,0.074
6,0.850667,26,0.000106412,0.000106412,1,1,47,20,4,3,0,3,69,0.114
6,0.850667,27,0.000106412,0.000106412,1,1,49,20,4,4,1,5,83,0.13
6,0.850667,28,0.000106412,0.000106412,1,1,50,20,6,3,0,3,83,0.074
6,0.850667,29,0.000106412,0.000106412,1,1,52,20,6,4,1,5,97,0.113
6,0.850667,30,0.000106412,0.000106412,1,1,50,20,6,3,0,3,83,0.114
6,0.850667,31,0.000106412,0.000106412,1,1,52,20,6,4,1,5,97,0.075
6,0.850667,32,0.000106412,0.000106412,1,1,50,20,6,3,0,3,83,0.131
6,0.850667,33,0.000106412,0.000106412,1,1,52,20,6,4,1,5,97,0.116
6,0.850667,34,0.000106412,0.000106412,1,1,50,20,6,3,0,3,83,0.077
6,0.850667,35,0.000106412,0.000106412,1,1,52,20,6,4,1,5,97,0.117
6,0.966454,0,0.000136021,0.000136021,1,1,53,21,8,1,1,2,91,0.148
6,0.966454,1,0.000136021,0.000136021,1,1,53,21,8,1,1,2,91,0.085
6,0.966454,2,0.000136021,0.000136021,1,1,53,21,8,1,1,2,91,0.132
6,0.966454,3,0.000136021,0.000136021,1,1,53,21,8,1,1,2,91,0.132
6,0.966454,4,0.000136021,0.000136021,1,1,53,21,8,1,1,2,91,0.086
6,0.966454,5,0.000136021,0.000136021,1,1,53,21,8,1,1,2,91,0.15
6,0.966454,6,0.000136021,0.000136021,1,1,53,21,8,1,1,2,91,0.133
6,0.966454,7,0.000136021,0.000136021,1,1,53,21,8,1,1,2,91,0.085
6,0.966454,8,0.000136021,0.000136021,1,1,50,21,6,1,1,2,77,0.132
6,0.966454,9,0.000136021,0.000136021,1,1,52,21,7,1,1,2,84,0.086
6,0.966454,10,0.000136021,0.000136021,1,1,52,21,7,1,1,2,84,0.132
6,0.966454,11,0.000136021,0.000136021,1,1,52,21,7,1,1,2,84,0.15
6,0.966454,12,0.000136021,0.000136021,1,1,53,21,8,1,1,2,91,0.132
6,0.966454,13,0.000136021,0.000136021,1,1,53,21,8,1,1,2,91,0.086
6,0.966454,14,0.000136021,0.000136021,1,1,53,21,8,1,1,2,91,0.129
6,0.966454,15,0.000136021,0.000136021,1,1,53,21,8,1,1,2,91,0.091
6,0.966454,16,0.000136021,0.000136021,1,1,53,21,8,1,1,2,91,0.149
6,0.966454,17,0.000136021,0.000136021,1,1,53,21,8,1,1,2,91,0.13
6,0.966454,18,0.000136021,0.000136021,1,1,53,21,8,1,1,2,91,0.084
6,0.966454,19,0.000136021,0.000136021,1,1,53,21,8,1,1,2,91,0.129
6,0.966454,20,0.000136021,0.000136021,1,1,50,21,6,1,1,2,77,0.131
6,0.966454,21,0.000136021,0.000136021,1,1,50,21,6,1,1,2,77,0.149
6,0.966454,22,0.000136021,0.000136021,1,1,52,21,7,1,1,2,84,0.085
6,0.966454,23,0.000136021,0.000136021,1,1,52,21,7,1,1,2,84,0.131
6,0.966454,24,0.000136021,0.000136021,1,1,53,21,8,1,1,2,91,0.084
6,0.966454,25,0.000136021,0.000136021,1,1,53,21,8,1,1,2,91,0.131
6,0.966454,26,0.000136021,0.000136021,1,1,53,21,8,1,1,2,91,0.149
6,0.966454,27,0.000136021,0.000136021,1,1,53,21,8,1,1,2,91,0.086
6,0.966454,28,0.000136021,0.000136021,1,1,53,21,8,1,1,2,91,0.13
6,0.966454,29,0.000136021,0.000136021,1,1,53,21,8,1,1,2,91,0.13
6,0.966454,30,0.000136021,0.000136021,1,1,53,21,8,1,1,2,91,0.085
6,0.966454,31,0.000136021,0.000136021,1,1,53,21,8,1,1,2,91,0.148
6,0.966454,32,0.000136021,0.000136021,1,1,52,21,7,1,1,2,84,0.129
6,0.966454,33,0.000136021,0.000136021,1,1,50,21,6,1,1,2,77,0.084
6,0.966454,34,0.000136021,0.000136021,1,1,52,21,7,1,1,2,84,0.129
6,0.966454,35,0.000136021,0.000136021,1,1,50,21,6,1,1,2,77,0.085
6,1.08601,0,0.000108568,0.000108568,1,1,54,21,6,4,1,5,98,0.128
6,1.08601,1,0.000108568,0.000108568,1,1,52,21,6,3,0,3,84,0.112
6,1.08601,2,0.000108568,0.000108568,1,1,52,21,6,3,0,3,84,0.113
6,1.08601,3,0.000108568,0.000108568,1,1,54,21,6,4,1,5,98,0.075
6,1.08601,4,0.000108568,0.000108568,1,1,54,21,6,4,1,5,98,0.128
6,1.08601,5,0.000108568,0.000108568,1,1,52,21,6,3,0,3,84,0.114
6,1.08601,6,0.000108568,0.000108568,1,1,52,21,6,3,0,3,84,0.075
6,1.08601,7,0.000108568,0.000108568,1,1,54,21,6,4,1,5,98,0.113
6,1.08601,8,0.000108568,0.000108568,1,1,54,23,4,4,1,5,86,0.074
6,1.08601,9,0.000108568,0.000108568,1,1,52,23,4,3,0,3,72,0.114
6,1.08601,10,0.000108568,0.000108568,1,1,54,23,4,4,1,5,86,0.13
6,1.08601,11,0.000108568,0.000108568,1,1,52,23,4,3,0,3,72,0.114
6,1.08601,12,0.000108568,0.000108568,1,1,52,23,4,3,0,3,72,0.074
6,1.08601,13,0.000108568,0.000108568,1,1,54,23,4,4,1,5,86,0.113
6,1.08601,14,0.000108568,0.000108568,1,1,52,23,4,3,0,3,72,0.074
6,1.08601,15,0.000108568,0.000108568,1,1,54,23,4,4,1,5,86,0.127
6,1.08601,16,0.000108568,0.000108568,1,1,54,21,6,4,1,5,98,0.112
6,1.08601,17,0.000108568,0.000108568,1,1,52,21,6,3,0,3,84,0.074
6,1.08601,18,0.000108568,0.000108568,1,1,54,21,6,4,1,5,98,0.113
6,1.08601,19,0.000108568,0.000108568,1,1,52,21,6,3,0,3,84,0.129
6,1.08601,20,0.000108568,0.000108568,1,1,52,21,6,3,0,3,84,0.112
6,1.08601,21,0.000108568,0.000108568,1,1,54,21,6,4,1,5,98,0.074
6,1.08601,22,0.000108568,0.000108568,1,1,52,21,6,3,0,3,84,0.113
6,1.08601,23,0.000108568,0.000108568,1,1,54,21,6,4,1,5,98,0.075
6,1.08601,24,0.000108568,0.000108568,1,1,54,21,6,4,1,5,98,0.113
6,1.08601,25,0.000108568,0.000108568,1,1,52,21,6,3,0,3,84,0.129
6,1.08601,26,0.000108568,0.000108568,1,1,54,21,6,4,1,5,98,0.074
6,1.08601,27,0.000108568,0.000108568,1,1,52,21,6,3,0,3,84,0.112
6,1.08601,28,0.000108568,0.000108568,1,1,54,23,4,4,1,5,86,0.113
6,1.08601,29,0.000108568,0.000108568,1,1,52,23,4,3,0,3,72,0.075
6,1.08601,30,0.000108568,0.000108568,1,1,54,23,4,4,1,5,86,0.127
6,1.08601,31,0.000108568,0.000108568,1,1,52,23,4,3,0,3,72,0.113
6,1.08601,32,0.000108568,0.000108568,1,1,52,21,6,3,0,3,84,0.075
6,1.08601,33,0.000108568,0.000108568,1,1,54,21,6,4,1,5,98,0.112
6,1.08601,34,0.000108568,0.000108568,1,1,52,21,6,3,0,3,84,0.128
6,1.08601,35,0.000108568,0.000108568,1,1,54,21,6,4,1,5,98,0.074
6,1.20491,0,8.04398e-05,8.04398e-05,1,1,58,25,5,1,1,2,74,0.106
6,1.20491,1,8.04398e-05,8.04398e-05,1,1,58,25,5,1,1,2,74,0.104
6,1.20491,2,8.04398e-05,8.04398e-05,1,1,58,25,5,1,1,2,74,0.069
6,1.20491,3,8.04398e-05,8.04398e-05,1,1,56,25,4,1,1,2,67,0.117
6,1.20491,4,8.04398e-05,8.04398e-05,1,1,59,25,6,1,1,2,81,0.104
6,1.20491,5,8.04398e-05,8.04398e-05,1,1,59,25,6,1,1,2,81,0.067
6,1.20491,6,8.04398e-05,8.04398e-05,1,1,59,25,6,1,1,2,81,0.105
6,1.20491,7,8.04398e-05,8.04398e-05,1,1,59,25,6,1,1,2,81,0.074
6,1.20491,8,8.04398e-05,8.04398e-05,1,1,59,25,6,1,1,2,81,0.119
6,1.20491,9,8.04398e-05,8.04398e-05,1,1,59,25,6,1,1,2,81,0.105
6,1.20491,10,8.04398e-05,8.04398e-05,1,1,59,25,6,1,1,2,81,0.105
6,1.20491,11,8.04398e-05,8.04398e-05,1,1,59,25,6,1,1,2,81,0.068
6,1.20491,12,8.04398e-05,8.04398e-05,1,1,59,25,6,1,1,2,81,0.106
6,1.20491,13,8.04398e-05,8.04398e-05,1,1,59,25,6,1,1,2,81,0.07
6,1.20491,14,8.04398e-05,8.04398e-05,1,1,59,25,6,1,1,2,81,0.119
6,1.20491,15,8.04398e-05,8.04398e-05,1,1,59,25,6,1,1,2,81,0.105
6,1.20491,16,8.04398e-05,8.04398e-05,1,1,56,25,4,1,1,2,67,0.07
6,1.20491,17,8.04398e-05,8.04398e-05,1,1,58,25,5,1,1,2,74,0.107
6,1.20491,18,8.04398e-05,8.04398e-05,1,1,56,25,4,1,1,2,67,0.119
6,1.20491,19,8.04398e-05,8.04398e-05,1,1,58,25,5,1,1,2,74,0.104
6,1.20491,20,8.04398e-05,8.04398e-05,1,1,59,25,6,1,1,2,81,0.068
6,1.20491,21,8.04398e-05,8.04398e-05,1,1,59,25,6,1,1,2,81,0.07
6,1.20491,22,8.04398e-05,8.04398e-05,1,1,59,25,6,1,1,2,81,0.105
6,1.20491,23,8.04398e-05,8.04398e-05,1,1,59,25,6,1,1,2,81,0.104
6,1.20491,24,8.04398e-05,8.04398e-05,1,1,59,25,6,1,1,2,81,0.119
6,1.20491,25,8.04398e-05,8.04398e-05,1,1,59,25,6,1,1,2,81,0.068
6,1.20491,26,8.04398e-05,8.04398e-05,1,1,59,25,6,1,1,2,81,0.104
6,1.20491,27,8.04398e-05,8.04398e-05,1,1,59,25,6,1,1,2,81,0.105
6,1.20491,28,8.04398e-05,8.04398e-05,1,1,56,25,4,1,1,2,67,0.07
6,1.20491,29,8.04398e-05,8.04398e-05,1,1,58,25,5,1,1,2,74,0.116
6,1.20491,30,8.04398e-05,8.04398e-05,1,1,56,25,4,1,1,2,67,0.068
6,1.20491,31,8.04398e-05,8.04398e-05,1,1,58,25,5,1,1,2,74,0.104
6,1.20491,32,8.04398e-05,8.04398e-05,1,1,59,25,6,1,1,2,81,0.106
6,1.20491,33,8.04398e-05,8.04398e-05,1,1,59,25,6,1,1,2,81,0.117
6,1.20491,34,8.04398e-05,8.04398e-05,1,1,59,25,6,1,1,2,81,0.082
6,1.20491,35,8.04398e-05,8.04398e-05,1,1,59,25,6,1,1,2,81,0.104
6,1.29925,0,0.000105188,0.000105188,1,1,43,15,8,3,1,4,99,0.151
6,1.29925,1,0.000105188,0.000105188,1,1,43,15,8,3,1,4,99,0.098
6,1.29925,2,0.000105188,0.000105188,1,1,43,15,8,3,1,4,99,0.173
6,1.29925,3,0.000105188,0.000105188,1,1,43,15,8,3,1,4,99,0.149
6,1.29925,4,0.000105188,0.000105188,1,1,43,15,8,3,1,4,99,0.098
6,1.29925,5,0.000105188,0.000105188,1,1,43,15,8,3,1,4,99,0.147
6,1.29925,6,0.000105188,0.000105188,1,1,43,15,8,3,1,4,99,0.097
6,1.29925,7,0.000105188,0.000105188,1,1,43,15,8,3,1,4,99,0.172
6,1.29925,8,0.000105188,0.000105188,1,1,43,17,6,3,1,4,87,0.149
6,1.29925,9,0.000105188,0.000105188,1,1,43,17,6,3,1,4,87,0.148
6,1.29925,10,0.000105188,0.000105188,1,1,43,17,6,3,1,4,87,0.1
6,1.29925,11,0.000105188,0.000105188,1,1,43,17,6,3,1,4,87,0.149
6,1.29925,12,0.000105188,0.000105188,1,1,43,17,6,3,1,4,87,0.171
6,1.29925,13,0.000105188,0.000105188,1,1,43,17,6,3,1,4,87,0.098
6,1.29925,14,0.000105188,0.000105188,1,1,43,17,6,3,1,4,87,0.149
6,1.29925,15,0.000105188,0.000105188,1,1,43,17,6,3,1,4,87,0.098
6,1.29925,16,0.000105188,0.000105188,1,1,43,15,8,3,1,4,99,0.148
6,1.29925,17,0.000105188,0.000105188,1,1,43,15,8,3,1,4,99,0.169
6,1.29925,18,0.000105188,0.000105188,1,1,43,15,8,3,1,4,99,0.147
6,1.29925,19,0.000105188,0.000105188,1,1,43,15,8,3,1,4,99,0.102
6,1.29925,20,0.000105188,0.000105188,1,1,43,15,8,3,1,4,99,0.149
6,1.29925,21,0.000105188,0.000105188,1,1,43,15,8,3,1,4,99,0.096
6,1.29925,22,0.000105188,0.000105188,1,1,43,15,8,3,1,4,99,0.17
6,1.29925,23,0.000105188,0.000105188,1,1,43,15,8,3,1,4,99,0.143
6,1.29925,24,0.000105188,0.000105188,1,1,43,15,8,3,1,4,99,0.096
6,1.29925,25,0.000105188,0.000105188,1,1,43,15,8,3,1,4,99,0.146
6,1.29925,26,0.000105188,0.000105188,1,1,43,15,8,3,1,4,99,0.149
6,1.29925,27,0.000105188,0.000105188,1,1,43,15,8,3,1,4,99,0.099
6,1.29925,28,0.000105188,0.000105188,1,1,43,15,8,3,1,4,99,0.171
6,1.29925,29,0.000105188,0.000105188,1,1,43,15,8,3,1,4,99,0.15
6,1.29925,30,0.000105188,0.000105188,1,1,43,15,8,3,1,4,99,0.1
6,1.29925,31,0.000105188,0.000105188,1,1,43,15,8,3,1,4,99,0.15
6,1.29925,32,0.000105188,0.000105188,1,1,43,17,6,3,1,4,87,0.173
6,1.29925,33,0.000105188,0.000105188,1,1,43,17,6,3,1,4,87,0.1
6,1.29925,34,0.000105188,0.000105188,1,1,43,17,6,3,1,4,87,0.15
6,1.29925,35,0.000105188,0.000105188,1,1,43,17,6,3,1,4,87,0.151
6,1.40719,0,0.000185114,0.000185114,1,1,43,15,8,3,1,4,99,0.1
6,1.40719,1,0.000185114,0.000185114,1,1,43,15,8,3,1,4,99,0.175
6,1.40719,2,0.000185114,0.000185114,1,1,43,15,8,3,1,4,99,0.152
6,1.40719,3,0.000185114,0.000185114,1,1,43,15,8,3,1,4,99,0.102
6,1.40719,4,0.000185114,0.000185114,1,1,43,17,6,3,1,4,87,0.153
6,1.40719,5,0.000185114,0.000185114,1,1,43,17,6,3,1,4,87,0.1
6,1.40719,6,0.000185114,0.000185114,1,1,43,17,6,3,1,4,87,0.152
6,1.40719,7,0.000185114,0.000185114,1,1,43,17,6,3,1,4,87,0.176
6,1.40719,8,0.000185114,0.000185114,1,1,43,15,8,3,1,4,99,0.152
6,1.40719,9,0.000185114,0.000185114,1,1,43,15,8,3,1,4,99,0.099
6,1.40719,10,0.000185114,0.000185114,1,1,43,15,8,3,1,4,99,0.15
6,1.40719,11,0.000185114,0.000185114,1,1,43,15,8,3,1,4,99,0.175
6,1.40719,12,0.000185114,0.000185114,1,1,43,15,8,3,1,4,99,0.099
6,1.40719,13,0.000185114,0.000185114,1,1,43,15,8,3,1,4,99,0.151
6,1.40719,14,0.000185114,0.000185114,1,1,43,15,8,3,1,4,99,0.1
6,1.40719,15,0.000185114,0.000185114,1,1,43,15,8,3,1,4,99,0.152
6,1.40719,16,0.000185114,0.000185114,1,1,43,15,8,3,1,4,99,0.175
6,1.40719,17,0.000185114,0.000185114,1,1,43,15,8,3,1,4,99,0.151
6,1.40719,18,0.000185114,0.000185114,1,1,43,15,8,3,1,4,99,0.1
6,1.40719,19,0.000185114,0.000185114,1,1,43,15,8,3,1,4,99,0.153
6,1.40719,20,0.000185114,0.000185114,1,1,43,17,6,3,1,4,87,0.103
6,1.40719,21,0.000185114,0.000185114,1,1,43,17,6,3,1,4,87,0.152
6,1.40719,22,0.000185114,0.000185114,1,1,43,17,6,3,1,4,87,0.173
6,1.40719,23,0.000185114,0.000185114,1,1,43,17,6,3,1,4,87,0.102
6,1.40719,24,0.000185114,0.000185114,1,1,43,17,6,3,1,4,87,0.15
6,1.40719,25,0.000185114,0.000185114,1,1,43,17,6,3,1,4,87,0.15
6,1.40719,26,0.000185114,0.000185114,1,1,43,17,6,3,1,4,87,0.1
6,1.40719,27,0.000185114,0.000185114,1,1,43,17,6,3,1,4,87,0.175
6,1.40719,28,0.000185114,0.000185114,1,1,43,15,8,3,1,4,99,0.152
6,1.40719,29,0.000185114,0.000185114,1,1,43,15,8,3,1,4,99,0.099
6,1.40719,30,0.000185114,0.000185114,1,1,43,15,8,3,1,4,99,0.152
6,1.40719,31,0.000185114,0.000185114,1,1,43,15,8,3,1,4,99,0.172
6,1.40719,32,0.000185114,0.000185114,1,1,43,15,8,3,1,4,99,0.101
6,1.40719,33,0.000185114,0.000185114,1,1,43,15,8,3,1,4,99,0.15
6,1.40719,34,0.000185114,0.000185114,1,1,43,15,8,3,1,4,99,0.151
6,1.40719,35,0.000185114,0.000185114,1,1,43,15,8,3,1,4,99,0.099
6,1.50617,0,0.000199145,0.000199145,1,1,41,13,10,4,0,4,111,0.174
6,1.50617,1,0.000199145,0.000199145,1,1,43,13,10,5,1,6,125,0.151
6,1.50617,2,0.000199145,0.000199145,1,1,41,13,10,4,0,4,111,0.1
6,1.50617,3,0.000199145,0.000199145,1,1,43,13,10,5,1,6,125,0.151
6,1.50617,4,0.000199145,0.000199145,1,1,43,13,10,5,1,6,125,0.099
6,1.50617,5,0.000199145,0.000199145,1,1,41,13,10,4,0,4,111,0.15
6,1.50617,6,0.000199145,0.000199145,1,1,43,13,10,5,1,6,125,0.172
6,1.50617,7,0.000199145,0.000199145,1,1,41,13,10,4,0,4,111,0.15
6,1.50617,8,0.000199145,0.000199145,1,1,43,15,8,5,1,6,113,0.1
6,1.50617,9,0.000199145,0.000199145,1,1,41,15,8,4,0,4,99,0.154
6,1.50617,10,0.000199145,0.000199145,1,1,43,15,8,5,1,6,113,0.102
6,1.50617,11,0.000199145,0.000199145,1,1,41,15,8,4,0,4,99,0.176
6,1.50617,12,0.000199145,0.000199145,1,1,43,13,10,5,1,6,125,0.151
6,1.50617,13,0.000199145,0.000199145,1,1,41,13,10,4,0,4,111,0.101
6,1.50617,14,0.000199145,0.000199145,1,1,43,13,10,5,1,6,125,0.151
6,1.50617,15,0.000199145,0.000199145,1,1,41,13,10,4,0,4,111,0.175
6,1.50617,16,0.000199145,0.000199145,1,1,41,13,10,4,0,4,111,0.151
6,1.50617,17,0.000199145,0.000199145,1,1,43,13,10,5,1,6,125,0.1
6,1.50617,18,0.000199145,0.000199145,1,1,43,13,10,5,1,6,125,0.15
6,1.50617,19,0.000199145,0.000199145,1,1,41,13,10,4,0,4,111,0.098
6,1.50617,20,0.000199145,0.000199145,1,1,41,15,8,4,0,4,99,0.153
6,1.50617,21,0.000199145,0.000199145,1,1,43,15,8,5,1,6,113,0.173
6,1.50617,22,0.000199145,0.000199145,1,1,41,15,8,4,0,4,99,0.101
6,1.50617,23,0.000199145,0.000199145,1,1,43,15,8,5,1,6,113,0.151
6,1.50617,24,0.000199145,0.000199145,1,1,41,13,10,4,0,4,111,0.1
6,1.50617,25,0.000199145,0.000199145,1,1,43,13,10,5,1,6,125,0.151
6,1.50617,26,0.000199145,0.000199145,1,1,43,13,10,5,1,6,125,0.173
6,1.50617,27,0.000199145,0.000199145,1,1,41,13,10,4,0,4,111,0.151
6,1.50617,28,0.000199145,0.000199145,1,1,41,13,10,4,0,4,111,0.103
6,1.50617,29,0.000199145,0.000199145,1,1,43,13,10,5,1,6,125,0.15
6,1.50617,30,0.000199145,0.000199145,1,1,43,13,10,5,1,6,125,0.099
6,1.50617,31,0.000199145,0.000199145,1,1,41,13,10,4,0,4,111,0.172
6,1.50617,32,0.000199145,0.000199145,1,1,41,15,8,4,0,4,99,0.152
6,1.50617,33,0.000199145,0.000199145,1,1,43,15,8,5,1,6,113,0.151
6,1.50617,34,0.000199145,0.000199145,1,1,43,15,8,5,1,6,113,0.103
6,1.50617,35,0.000199145,0.000199145,1,1,41,15,8,4,0,4,99,0.178
6,1.50617,36,0.000206135,0.000206135,1,1,34,9,9,6,0,6,114,0.161
6,1.50617,37,0.000206135,0.000206135,1,1,36,9,9,7,1,8,128,0.108
6,1.50617,38,0.000206135,0.000206135,1,1,34,9,9,6,0,6,114,0.161
6,1.50617,39,0.000206135,0.000206135,1,1,36,9,9,7,1,8,128,0.106
6,1.50617,40,0.000206135,0.000206135,1,1,37,9,10,7,1,8,135,0.161
6,1.50617,41,0.000206135,0.000206135,1,1,35,9,10,6,0,6,121,0.189
6,1.50617,42,0.000206135,0.000206135,1,1,35,9,10,6,0,6,121,0.16
6,1.50617,43,0.000206135,0.000206135,1,1,37,9,10,7,1,8,135,0.105
6,1.50617,44,0.000206135,0.000206135,1,1,35,9,10,6,0,6,121,0.16
6,1.50617,45,0.000206135,0.000206135,1,1,37,9,10,7,1,8,135,0.106
6,1.50617,46,0.000206135,0.000206135,1,1,35,9,10,6,0,6,121,0.188
6,1.50617,47,0.000206135,0.000206135,1,1,37,9,10,7,1,8,135,0.159
6,1.50617,48,0.000206135,0.000206135,1,1,36,9,9,7,1,8,128,0.106
6,1.50617,49,0.000206135,0.000206135,1,1,34,9,9,6,0,6,114,0.16
6,1.50617,50,0.000206135,0.000206135,1,1,36,9,9,7,1,8,128,0.162
6,1.50617,51,0.000206135,0.000206135,1,1,34,9,9,6,0,6,114,0.186
6,1.50617,52,0.000206135,0.000206135,1,1,35,9,10,6,0,6,121,0.105
6,1.50617,53,0.000206135,0.000206135,1,1,37,9,10,7,1,8,135,0.158
6,1.50617,54,0.000206135,0.000206135,1,1,35,9,10,6,0,6,121,0.105
6,1.50617,55,0.000206135,0.000206135,1,1,37,9,10,7,1,8,135,0.157
6,1.50617,56,0.000206135,0.000206135,1,1,36,9,9,7,1,8,128,0.186
6,1.50617,57,0.000206135,0.000206135,1,1,34,9,9,6,0,6,114,0.107
6,1.50617,58,0.000206135,0.000206135,1,1,34,9,9,6,0,6,114,0.159
6,1.50617,59,0.000206135,0.000206135,1,1,36,9,9,7,1,8,128,0.16
6,1.50617,60,0.000206135,0.000206135,1,1,35,9,10,6,0,6,121,0.106
6,1.50617,61,0.000206135,0.000206135,1,1,37,9,10,7,1,8,135,0.191
6,1.50617,62,0.000206135,0.000206135,1,1,37,9,10,7,1,8,135,0.16
6,1.50617,63,0.000206135,0.000206135,1,1,35,9,10,6,0,6,121,0.106
6,1.50617,64,0.000206135,0.000206135,1,1,37,9,10,7,1,8,135,0.159
6,1.50617,65,0.000206135,0.000206135,1,1,35,9,10,6,0,6,121,0.107
6,1.50617,66,0.000206135,0.000206135,1,1,35,9,10,6,0,6,121,0.189
6,1.50617,67,0.000206135,0.000206135,1,1,37,9,10,7,1,8,135,0.16
6,1.50617,68,0.000206135,0.000206135,1,1,37,9,10,7,1,8,135,0.162
6,1.50617,69,0.000206135,0.000206135,1,1,35,9,10,6,0,6,121,0.107
6,1.50617,70,0.000206135,0.000206135,1,1,35,9,10,6,0,6,121,0.161
6,1.50617,71,0.000206135,0.000206135,1,1,37,9,10,7,1,8,135,0.107
6,1.6153,0,0.00012483,0.00012483,1,1,48,20,6,2,1,3,83,0.154
6,1.6153,1,0.00012483,0.00012483,1,1,46,20,6,1,0,1,69,0.133
6,1.6153,2,0.00012483,0.00012483,1,1,46,20,6,1,0,1,69,0.088
6,1.6153,3,0.00012483,0.00012483,1,1,48,20,6,2,1,3,83,0.132
6,1.6153,4,0.00012483,0.00012483,1,1,46,18,8,1,0,1,81,0.152
6,1.6153,5,0.00012483,0.00012483,1,1,48,18,8,2,1,3,95,0.134
6,1.6153,6,0.00012483,0.00012483,1,1,48,18,8,2,1,3,95,0.088
6,1.6153,7,0.00012483,0.00012483,1,1,46,18,8,1,0,1,81,0.134
6,1.6153,8,0.00012483,0.00012483,1,1,46,18,8,1,0,1,81,0.089
6,1.6153,9,0.00012483,0.00012483,1,1,48,18,8,2,1,3,95,0.154
6,1.6153,10,0.00012483,0.00012483,1,1,46,18,8,1,0,1,81,0.133
6,1.6153,11,0.00012483,0.00012483,1,1,48,18,8,2,1,3,95,0.089
6,1.6153,12,0.00012483,0.00012483,1,1,46,18,8,1,0,1,81,0.134
6,1.6153,13,0.00012483,0.00012483,1,1,48,18,8,2,1,3,95,0.134
6,1.6153,14,0.00012483,0.00012483,1,1,46,18,8,1,0,1,81,0.089
6,1.6153,15,0.00012483,0.00012483,1,1,48,18,8,2,1,3,95,0.153
6,1.6153,16,0.00012483,0.00012483,1,1,48,18,8,2,1,3,95,0.134
6,1.6153,17,0.00012483,0.00012483,1,1,46,18,8,1,0,1,81,0.089
6,1.6153,18,0.00012483,0.00012483,1,1,46,18,8,1,0,1,81,0.133
6,1.6153,19,0.00012483,0.00012483,1,1,48,18,8,2,1,3,95,0.154
6,1.6153,20,0.00012483,0.00012483,1,1,48,20,6,2,1,3,83,0.088
6,1.6153,21,0.00012483,0.00012483,1,1,46,20,6,1,0,1,69,0.133
6,1.6153,22,0.00012483,0.00012483,1,1,48,20,6,2,1,3,83,0.134
6,1.6153,23,0.00012483,0.00012483,1,1,46,20,6,1,0,1,69,0.09
6,1.6153,24,0.00012483,0.00012483,1,1,46,20,6,1,0,1,69,0.152
6,1.6153,25,0.00012483,0.00012483,1,1,48,20,6,2,1,3,83,0.134
6,1.6153,26,0.00012483,0.00012483,1,1,46,20,6,1,0,1,69,0.089
6,1.6153,27,0.00012483,0.00012483,1,1,48,20,6,2,1,3,83,0.134
6,1.6153,28,0.00012483,0.00012483,1,1,48,18,8,2,1,3,95,0.09
6,1.6153,29,0.00012483,0.00012483,1,1,46,18,8,1,0,1,81,0.153
6,1.6153,30,0.00012483,0.00012483,1,1,48,18,8,2,1,3,95,0.135
6,1.6153,31,0.00012483,0.00012483,1,1,46,18,8,1,0,1,81,0.133
6,1.6153,32,0.00012483,0.00012483,1,1,48,18,8,2,1,3,95,0.09
6,1.6153,33,0.00012483,0.00012483,1,1,46,18,8,1,0,1,81,0.134
6,1.6153,34,0.00012483,0.00012483,1,1,48,18,8,2,1,3,95,0.152
6,1.6153,35,0.00012483,0.00012483,1,1,46,18,8,1,0,1,81,0.089
6,1.72824,0,0.00012483,0.00012483,1,1,34,12,10,1,0,1,89,0.177
6,1.72824,1,0.00012483,0.00012483,1,1,36,12,10,2,1,3,103,0.118
6,1.72824,2,0.00012483,0.00012483,1,1,34,12,10,1,0,1,89,0.176
6,1.72824,3,0.00012483,0.00012483,1,1,36,12,10,2,1,3,103,0.206
6,1.72824,4,0.00012483,0.00012483,1,1,34,10,12,1,0,1,101,0.117
6,1.72824,5,0.00012483,0.00012483,1,1,36,10,12,2,1,3,115,0.176
6,1.72824,6,0.00012483,0.00012483,1,1,34,10,12,1,0,1,101,0.174
6,1.72824,7,0.00012483,0.00012483,1,1,36,10,12,2,1,3,115,0.125
6,1.72824,8,0.00012483,0.00012483,1,1,36,10,12,2,1,3,115,0.204
6,1.72824,9,0.00012483,0.00012483,1,1,34,10,12,1,0,1,101,0.175
6,1.72824,10,0.00012483,0.00012483,1,1,34,10,12,1,0,1,101,0.116
6,1.72824,11,0.00012483,0.00012483,1,1,36,10,12,2,1,3,115,0.175
6,1.72824,12,0.00012483,0.00012483,1,1,36,12,10,2,1,3,103,0.207
6,1.72824,13,0.00012483,0.00012483,1,1,34,12,10,1,0,1,89,0.176
6,1.72824,14,0.00012483,0.00012483,1,1,34,12,10,1,0,1,89,0.124
6,1.72824,15,0.00012483,0.00012483,1,1,36,12,10,2,1,3,103,0.178
6,1.72824,16,0.00012483,0.00012483,1,1,34,10,12,1,0,1,101,0.118
6,1.72824,17,0.00012483,0.00012483,1,1,36,10,12,2,1,3,115,0.175
6,1.72824,18,0.00012483,0.00012483,1,1,36,10,12,2,1,3,115,0.206
6,1.72824,19,0.00012483,0.00012483,1,1,34,10,12,1,0,1,101,0.116
6,1.72824,20,0.00012483,0.00012483,1,1,36,10,12,2,1,3,115,0.174
6,1.72824,21,0.00012483,0.00012483,1,1,34,10,12,1,0,1,101,0.175
6,1.72824,22,0.00012483,0.00012483,1,1,36,10,12,2,1,3,115,0.118
6,1.72824,23,0.00012483,0.00012483,1,1,34,10,12,1,0,1,101,0.205
6,1.72824,24,0.00012483,0.00012483,1,1,36,10,12,2,1,3,115,0.176
6,1.72824,25,0.00012483,0.00012483,1,1,34,10,12,1,0,1,101,0.117
6,1.72824,26,0.00012483,0.00012483,1,1,36,10,12,2,1,3,115,0.176
6,1.72824,27,0.00012483,0.00012483,1,1,34,10,12,1,0,1,101,0.117
6,1.72824,28,0.00012483,0.00012483,1,1,36,10,12,2,1,3,115,0.206
6,1.72824,29,0.00012483,0.00012483,1,1,34,10,12,1,0,1,101,0.175
6,1.72824,30,0.00012483,0.00012483,1,1,36,10,12,2,1,3,115,0.176
6,1.72824,31,0.00012483,0.00012483,1,1,34,10,12,1,0,1,101,0.117
6,1.72824,32,0.00012483,0.00012483,1,1,36,12,10,2,1,3,103,0.178
6,1.72824,33,0.00012483,0.00012483,1,1,34,12,10,1,0,1,89,0.205
6,1.72824,34,0.00012483,0.00012483,1,1,36,12,10,2,1,3,103,0.117
6,1.72824,35,0.00012483,0.00012483,1,1,34,12,10,1,0,1,89,0.175
6,1.85507,0,9.66333e-05,9.66333e-05,1,1,57,25,6,0,0,0,67,0.066
6,1.85507,1,9.66333e-05,9.66333e-05,1,1,59,25,6,1,1,2,81,0.101
6,1.85507,2,9.66333e-05,9.66333e-05,1,1,59,25,6,1,1,2,81,0.066
6,1.85507,3,9.66333e-05,9.66333e-05,1,1,57,25,6,0,0,0,67,0.115
6,1.85507,4,9.66333e-05,9.66333e-05,1,1,57,25,6,0,0,0,67,0.1
6,1.85507,5,9.66333e-05,9.66333e-05,1,1,59,25,6,1,1,2,81,0.1
6,1.85507,6,9.66333e-05,9.66333e-05,1,1,57,25,6,0,0,0,67,0.066
6,1.85507,7,9.66333e-05,9.66333e-05,1,1,59,25,6,1,1,2,81,0.111
6,1.85507,8,9.66333e-05,9.66333e-05,1,1,59,27,4,1,1,2,69,0.069
6,1.85507,9,9.66333e-05,9.66333e-05,1,1,57,27,4,0,0,0,55,0.102
6,1.85507,10,9.66333e-05,9.66333e-05,1,1,59,27,4,1,1,2,69,0.1
6,1.85507,11,9.66333e-05,9.66333e-05,1,1,57,27,4,0,0,0,55,0.067
6,1.85507,12,9.66333e-05,9.66333e-05,1,1,57,27,4,0,0,0,55,0.115
6,1.85507,13,9.66333e-05,9.66333e-05,1,1,59,27,4,1,1,2,69,0.1
6,1.85507,14,9.66333e-05,9.66333e-05,1,1,57,27,4,0,0,0,55,0.102
6,1.85507,15,9.66333e-05,9.66333e-05,1,1,59,27,4,1,1,2,69,0.068
6,1.85507,16,9.66333e-05,9.66333e-05,1,1,59,25,6,1,1,2,81,0.066
6,1.85507,17,9.66333e-05,9.66333e-05,1,1,57,25,6,0,0,0,67,0.1
6,1.85507,18,9.66333e-05,9.66333e-05,1,1,59,25,6,1,1,2,81,0.111
6,1.85507,19,9.66333e-05,9.66333e-05,1,1,57,25,6,0,0,0,67,0.1
6,1.85507,20,9.66333e-05,9.66333e-05,1,1,59,27,4,1,1,2,69,0.068
6,1.85507,21,9.66333e-05,9.66333e-05,1,1,57,27,4,0,0,0,55,0.103
6,1.85507,22,9.66333e-05,9.66333e-05,1,1,59,27,4,1,1,2,69,0.113
6,1.85507,23,9.66333e-05,9.66333e-05,1,1,57,27,4,0,0,0,55,0.103
6,1.85507,24,9.66333e-05,9.66333e-05,1,1,59,25,6,1,1,2,81,0.066
6,1.85507,25,9.66333e-05,9.66333e-05,1,1,57,25,6,0,0,0,67,0.065
6,1.85507,26,9.66333e-05,9.66333e-05,1,1,57,25,6,0,0,0,67,0.099
6,1.85507,27,9.66333e-05,9.66333e-05,1,1,59,25,6,1,1,2,81,0.099
6,1.85507,28,9.66333e-05,9.66333e-05,1,1,59,25,6,1,1,2,81,0.111
6,1.85507,29,9.66333e-05,9.66333e-05,1,1,57,25,6,0,0,0,67,0.066
6,1.85507,30,9.66333e-05,9.66333e-05,1,1,57,25,6,0,0,0,67,0.098
6,1.85507,31,9.66333e-05,9.66333e-05,1,1,59,25,6,1,1,2,81,0.097
6,1.85507,32,9.66333e-05,9.66333e-05,1,1,57,25,6,0,0,0,67,0.065
6,1.85507,33,9.66333e-05,9.66333e-05,1,1,59,25,6,1,1,2,81,0.112
6,1.85507,34,9.66333e-05,9.66333e-05,1,1,57,25,6,0,0,0,67,0.065
6,1.85507,35,9.66333e-05,9.66333e-05,1,1,59,25,6,1,1,2,81,0.1
6,1.97106,0,6.98221e-05,6.98221e-05,1,1,34,9,12,3,0,3,114,0.176
6,1.97106,1,6.98221e-05,6.98221e-05,1,1,36,9,12,4,1,5,128,0.204
6,1.97106,2,6.98221e-05,6.98221e-05,1,1,36,9,12,4,1,5,128,0.114
6,1.97106,3,6.98221e-05,6.98221e-05,1,1,34,9,12,3,0,3,114,0.173
6,1.97106,4,6.98221e-05,6.98221e-05,1,1,34,11,10,3,0,3,102,0.118
6,1.97106,5,6.98221e-05,6.98221e-05,1,1,36,11,10,4,1,5,116,0.175
6,1.97106,6,6.98221e-05,6.98221e-05,1,1,36,11,10,4,1,5,116,0.205
6,1.97106,7,6.98221e-05,6.98221e-05,1,1,34,11,10,3,0,3,102,0.177
6,1.97106,8,6.98221e-05,6.98221e-05,1,1,34,9,12,3,0,3,114,0.117
6,1.97106,9,6.98221e-05,6.98221e-05,1,1,36,9,12,4,1,5,128,0.174
6,1.97106,10,6.98221e-05,6.98221e-05,1,1,36,9,12,4,1,5,128,0.114
6,1.97106,11,6.98221e-05,6.98221e-05,1,1,34,9,12,3,0,3,114,0.172
6,1.97106,12,6.98221e-05,6.98221e-05,1,1,34,9,12,3,0,3,114,0.204
6,1.97106,13,6.98221e-05,6.98221e-05,1,1,36,9,12,4,1,5,128,0.117
6,1.97106,14,6.98221e-05,6.98221e-05,1,1,34,9,12,3,0,3,114,0.172
6,1.97106,15,6.98221e-05,6.98221e-05,1,1,36,9,12,4,1,5,128,0.171
6,1.97106,16,6.98221e-05,6.98221e-05,1,1,36,9,12,4,1,5,128,0.114
6,1.97106,17,6.98221e-05,6.98221e-05,1,1,34,9,12,3,0,3,114,0.203
6,1.97106,18,6.98221e-05,6.98221e-05,1,1,36,9,12,4,1,5,128,0.175
6,1.97106,19,6.98221e-05,6.98221e-05,1,1,34,9,12,3,0,3,114,0.116
6,1.97106,20,6.98221e-05,6.98221e-05,1,1,34,9,12,3,0,3,114,0.176
6,1.97106,21,6.98221e-05,6.98221e-05,1,1,36,9,12,4,1,5,128,0.117
6,1.97106,22,6.98221e-05,6.98221e-05,1,1,34,9,12,3,0,3,114,0.202
6,1.97106,23,6.98221e-05,6.98221e-05,1,1,36,9,12,4,1,5,128,0.173
6,1.97106,24,6.98221e-05,6.98221e-05,1,1,34,11,10,3,0,3,102,0.175
6,1.97106,25,6.98221e-05,6.98221e-05,1,1,36,11,10,4,1,5,116,0.114
6,1.97106,26,6.98221e-05,6.98221e-05,1,1,34,11,10,3,0,3,102,0.178
6,1.97106,27,6.98221e-05,6.98221e-05,1,1,36,11,10,4,1,5,116,0.204
6,1.97106,28,6.98221e-05,6.98221e-05,1,1,36,11,10,4,1,5,116,0.118
6,1.97106,29,6.98221e-05,6.98221e-05,1,1,34,11,10,3,0,3,102,0.178
6,1.97106,30,6.98221e-05,6.98221e-05,1,1,36,11,10,4,1,5,116,0.117
6,1.97106,31,6.98221e-05,6.98221e-05,1,1,34,11,10,3,0,3,102,0.181
6,1.97106,32,6.98221e-05,6.98221e-05,1,1,36,9,12,4,1,5,128,0.205
6,1.97106,33,6.98221e-05,6.98221e-05,1,1,34,9,12,3,0,3,114,0.177
6,1.97106,34,6.98221e-05,6.98221e-05,1,1,36,9,12,4,1,5,128,0.123
6,1.97106,35,6.98221e-05,6.98221e-05,1,1,34,9,12,3,0,3,114,0.176
6,2.06817,0,0.000199145,0.000199145,1,1,47,17,6,5,1,6,101,0.079
6,2.06817,1,0.000199145,0.000199145,1,1,47,17,6,5,1,6,101,0.14
6,2.06817,2,0.000199145,0.000199145,1,1,47,17,6,5,1,6,101,0.123
6,2.06817,3,0.000199145,0.000199145,1,1,47,17,6,5,1,6,101,0.084
6,2.06817,4,0.000199145,0.000199145,1,1,47,19,4,5,1,6,89,0.122
6,2.06817,5,0.000199145,0.000199145,1,1,47,19,4,5,1,6,89,0.122
6,2.06817,6,0.000199145,0.000199145,1,1,47,19,4,5,1,6,89,0.082
6,2.06817,7,0.000199145,0.000199145,1,1,47,19,4,5,1,6,89,0.139
6,2.06817,8,0.000199145,0.000199145,1,1,47,17,6,5,1,6,101,0.083
6,2.06817,9,0.000199145,0.000199145,1,1,47,17,6,5,1,6,101,0.122
6,2.06817,10,0.000199145,0.000199145,1,1,47,17,6,5,1,6,101,0.125
6,2.06817,11,0.000199145,0.000199145,1,1,47,17,6,5,1,6,101,0.141
6,2.06817,12,0.000199145,0.000199145,1,1,47,17,6,5,1,6,101,0.082
6,2.06817,13,0.000199145,0.000199145,1,1,47,17,6,5,1,6,101,0.122
6,2.06817,14,0.000199145,0.000199145,1,1,47,17,6,5,1,6,101,0.084
6,2.06817,15,0.000199145,0.000199145,1,1,47,17,6,5,1,6,101,0.122
6,2.06817,16,0.000199145,0.000199145,1,1,47,17,6,5,1,6,101,0.141
6,2.06817,17,0.000199145,0.000199145,1,1,47,17,6,5,1,6,101,0.082
6,2.06817,18,0.000199145,0.000199145,1,1,47,17,6,5,1,6,101,0.124
6,2.06817,19,0.000199145,0.000199145,1,1,47,17,6,5,1,6,101,0.123
6,2.06817,20,0.000199145,0.000199145,1,1,47,19,4,5,1,6,89,0.081
6,2.06817,21,0.000199145,0.000199145,1,1,47,19,4,5,1,6,89,0.142
6,2.06817,22,0.000199145,0.000199145,1,1,47,19,4,5,1,6,89,0.121
6,2.06817,23,0.000199145,0.000199145,1,1,47,19,4,5,1,6,89,0.124
6,2.06817,24,0.000199145,0.000199145,1,1,47,17,6,5,1,6,101,0.08
6,2.06817,25,0.000199145,0.000199145,1,1,47,17,6,5,1,6,101,0.142
6,2.06817,26,0.000199145,0.000199145,1,1,47,17,6,5,1,6,101,0.08
6,2.06817,27,0.000199145,0.000199145,1,1,47,17,6,5,1,6,101,0.122
6,2.06817,28,0.000199145,0.000199145,1,1,47,19,4,5,1,6,89,0.126
6,2.06817,29,0.000199145,0.000199145,1,1,47,19,4,5,1,6,89,0.087
6,2.06817,30,0.000199145,0.000199145,1,1,47,19,4,5,1,6,89,0.141
6,2.06817,31,0.000199145,0.000199145,1,1,47,19,4,5,1,6,89,0.124
6,2.06817,32,0.000199145,0.000199145,1,1,47,17,6,5,1,6,101,0.084
6,2.06817,33,0.000199145,0.000199145,1,1,47,17,6,5,1,6,101,0.124
6,2.06817,34,0.000199145,0.000199145,1,1,47,17,6,5,1,6,101,0.083
6,2.06817,35,0.000199145,0.000199145,1,1,47,17,6,5,1,6,101,0.121
6,2.15911,0,0.000180535,0.000180535,1,1,47,19,8,1,1,2,89,0.179
6,2.15911,1,0.000180535,0.000180535,1,1,47,19,8,1,1,2,89,0.152
6,2.15911,2,0.000180535,0.000180535,1,1,47,19,8,1,1,2,89,0.101
6,2.15911,3,0.000180535,0.000180535,1,1,47,19,8,1,1,2,89,0.153
6,2.15911,4,0.000180535,0.000180535,1,1,47,17,10,1,1,2,101,0.102
6,2.15911,5,0.000180535,0.000180535,1,1,47,17,10,1,1,2,101,0.152
6,2.15911,6,0.000180535,0.000180535,1,1,47,17,10,1,1,2,101,0.175
6,2.15911,7,0.000180535,0.000180535,1,1,47,17,10,1,1,2,101,0.151
6,2.15911,8,0.000180535,0.000180535,1,1,47,17,10,1,1,2,101,0.102
6,2.15911,9,0.000180535,0.000180535,1,1,47,17,10,1,1,2,101,0.152
6,2.15911,10,0.000180535,0.000180535,1,1,47,17,10,1,1,2,101,0.175
6,2.15911,11,0.000180535,0.000180535,1,1,47,17,10,1,1,2,101,0.099
6,2.15911,12,0.000180535,0.000180535,1,1,47,17,10,1,1,2,101,0.151
6,2.15911,13,0.000180535,0.000180535,1,1,47,17,10,1,1,2,101,0.109
6,2.15911,14,0.000180535,0.000180535,1,1,47,17,10,1,1,2,101,0.152
6,2.15911,15,0.000180535,0.000180535,1,1,47,17,10,1,1,2,101,0.172
6,2.15911,16,0.000180535,0.000180535,1,1,47,17,10,1,1,2,101,0.153
6,2.15911,17,0.000180535,0.000180535,1,1,47,17,10,1,1,2,101,0.1
6,2.15911,18,0.000180535,0.000180535,1,1,47,17,10,1,1,2,101,0.152
6,2.15911,19,0.000180535,0.000180535,1,1,47,17,10,1,1,2,101,0.099
6,2.15911,20,0.000180535,0.000180535,1,1,47,19,8,1,1,2,89,0.174
6,2.15911,21,0.000180535,0.000180535,1,1,47,19,8,1,1,2,89,0.152
6,2.15911,22,0.000180535,0.000180535,1,1,47,19,8,1,1,2,89,0.1
6,2.15911,23,0.000180535,0.000180535,1,1,47,19,8,1,1,2,89,0.152
6,2.15911,24,0.000180535,0.000180535,1,1,47,17,10,1,1,2,101,0.153
6,2.15911,25,0.000180535,0.000180535,1,1,47,17,10,1,1,2,101,0.1
6,2.15911,26,0.000180535,0.000180535,1,1,47,17,10,1,1,2,101,0.174
6,2.15911,27,0.000180535,0.000180535,1,1,47,17,10,1,1,2,101,0.152
6,2.15911,28,0.000180535,0.000180535,1,1,47,17,10,1,1,2,101,0.102
6,2.15911,29,0.000180535,0.000180535,1,1,47,17,10,1,1,2,101,0.152
6,2.15911,30,0.000180535,0.000180535,1,1,47,17,10,1,1,2,101,0.174
6,2.15911,31,0.000180535,0.000180535,1,1,47,17,10,1,1,2,101,0.104
6,2.15911,32,0.000180535,0.000180535,1,1,47,19,8,1,1,2,89,0.151
6,2.15911,33,0.000180535,0.000180535,1,1,47,19,8,1,1,2,89,0.149
6,2.15911,34,0.000180535,0.000180535,1,1,47,19,8,1,1,2,89,0.101
6,2.15911,35,0.000180535,0.000180535,1,1,47,19,8,1,1,2,89,0.174
6,2.26419,0,0.000135127,0.000135127,1,1,53,23,6,1,1,2,79,0.125
6,2.26419,1,0.000135127,0.000135127,1,1,53,23,6,1,1,2,79,0.084
6,2.26419,2,0.000135127,0.000135127,1,1,53,23,6,1,1,2,79,0.125
6,2.26419,3,0.000135127,0.000135127,1,1,53,23,6,1,1,2,79,0.125
6,2.26419,4,0.000135127,0.000135127,1,1,53,21,8,1,1,2,91,0.082
6,2.26419,5,0.000135127,0.000135127,1,1,53,21,8,1,1,2,91,0.143
6,2.26419,6,0.000135127,0.000135127,1,1,53,21,8,1,1,2,91,0.082
6,2.26419,7,0.000135127,0.000135127,1,1,53,21,8,1,1,2,91,0.125
6,2.26419,8,0.000135127,0.000135127,1,1,53,21,8,1,1,2,91,0.125
6,2.26419,9,0.000135127,0.000135127,1,1,53,21,8,1,1,2,91,0.083
6,2.26419,10,0.000135127,0.000135127,1,1,53,21,8,1,1,2,91,0.141
6,2.26419,11,0.000135127,0.000135127,1,1,53,21,8,1,1,2,91,0.125
6,2.26419,12,0.000135127,0.000135127,1,1,53,21,8,1,1,2,91,0.126
6,2.26419,13,0.000135127,0.000135127,1,1,53,21,8,1,1,2,91,0.082
6,2.26419,14,0.000135127,0.000135127,1,1,53,21,8,1,1,2,91,0.143
6,2.26419,15,0.000135127,0.000135127,1,1,53,21,8,1,1,2,91,0.082
6,2.26419,16,0.000135127,0.000135127,1,1,53,21,8,1,1,2,91,0.126
6,2.26419,17,0.000135127,0.000135127,1,1,53,21,8,1,1,2,91,0.125
6,2.26419,18,0.000135127,0.000135127,1,1,53,21,8,1,1,2,91,0.083
6,2.26419,19,0.000135127,0.000135127,1,1,53,21,8,1,1,2,91,0.146
6,2.26419,20,0.000135127,0.000135127,1,1,53,23,6,1,1,2,79,0.128
6,2.26419,21,0.000135127,0.000135127,1,1,53,23,6,1,1,2,79,0.089
6,2.26419,22,0.000135127,0.000135127,1,1,53,23,6,1,1,2,79,0.128
6,2.26419,23,0.000135127,0.000135127,1,1,53,23,6,1,1,2,79,0.083
6,2.26419,24,0.000135127,0.000135127,1,1,53,23,6,1,1,2,79,0.128
6,2.26419,25,0.000135127,0.000135127,1,1,53,23,6,1,1,2,79,0.143
6,2.26419,26,0.000135127,0.000135127,1,1,53,23,6,1,1,2,79,0.126
6,2.26419,27,0.000135127,0.000135127,1,1,53,23,6,1,1,2,79,0.086
6,2.26419,28,0.000135127,0.000135127,1,1,53,21,8,1,1,2,91,0.127
6,2.26419,29,0.000135127,0.000135127,1,1,53,21,8,1,1,2,91,0.143
6,2.26419,30,0.000135127,0.000135127,1,1,53,21,8,1,1,2,91,0.126
6,2.26419,31,0.000135127,0.000135127,1,1,53,21,8,1,1,2,91,0.09
6,2.26419,32,0.000135127,0.000135127,1,1,53,21,8,1,1,2,91,0.088
6,2.26419,33,0.000135127,0.000135127,1,1,53,21,8,1,1,2,91,0.126
6,2.26419,34,0.000135127,0.000135127,1,1,53,21,8,1,1,2,91,0.127
6,2.26419,35,0.000135127,0.000135127,1,1,53,21,8,1,1,2,91,0.142
6,2.37738,0,0.000180535,0.000180535,1,1,36,12,6,5,0,5,89,0.098
6,2.37738,1,0.000180535,0.000180535,1,1,38,12,6,6,1,7,103,0.148
6,2.37738,2,0.000180535,0.000180535,1,1,38,12,6,6,1,7,103,0.148
6,2.37738,3,0.000180535,0.000180535,1,1,36,12,6,5,0,5,89,0.096
6,2.37738,4,0.000180535,0.000180535,1,1,38,12,6,6,1,7,103,0.172
6,2.37738,5,0.000180535,0.000180535,1,1,36,12,6,5,0,5,89,0.147
6,2.37738,6,0.000180535,0.000180535,1,1,38,12,6,6,1,7,103,0.098
6,2.37738,7,0.000180535,0.000180535,1,1,36,12,6,5,0,5,89,0.148
6,2.37738,8,0.000180535,0.000180535,1,1,38,12,6,6,1,7,103,0.173
6,2.37738,9,0.000180535,0.000180535,1,1,36,12,6,5,0,5,89,0.098
6,2.37738,10,0.000180535,0.000180535,1,1,38,12,6,6,1,7,103,0.15
6,2.37738,11,0.000180535,0.000180535,1,1,36,12,6,5,0,5,89,0.15
6,2.37738,12,0.000180535,0.000180535,1,1,38,14,4,6,1,7,91,0.097
6,2.37738,13,0.000180535,0.000180535,1,1,36,14,4,5,0,5,77,0.173
6,2.37738,14,0.000180535,0.000180535,1,1,38,14,4,6,1,7,91,0.1
6,2.37738,15,0.000180535,0.000180535,1,1,36,14,4,5,0,5,77,0.15
6,2.37738,16,0.000180535,0.000180535,1,1,36,12,6,5,0,5,89,0.149
6,2.37738,17,0.000180535,0.000180535,1,1,38,12,6,6,1,7,103,0.097
6,2.37738,18,0.000180535,0.000180535,1,1,36,12,6,5,0,5,89,0.176
6,2.37738,19,0.000180535,0.000180535,1,1,38,12,6,6,1,7,103,0.15
6,2.37738,20,0.000180535,0.000180535,1,1,38,12,6,6,1,7,103,0.15
6,2.37738,21,0.000180535,0.000180535,1,1,36,12,6,5,0,5,89,0.099
6,2.37738,22,0.000180535,0.000180535,1,1,38,12,6,6,1,7,103,0.111
6,2.37738,23,0.000180535,0.000180535,1,1,36,12,6,5,0,5,89,0.149
6,2.37738,24,0.000180535,0.000180535,1,1,36,12,6,5,0,5,89,0.174
6,2.37738,25,0.000180535,0.000180535,1,1,38,12,6,6,1,7,103,0.148
6,2.37738,26,0.000180535,0.000180535,1,1,36,12,6,5,0,5,89,0.097
6,2.37738,27,0.000180535,0.000180535,1,1,38,12,6,6,1,7,103,0.148
6,2.37738,28,0.000180535,0.000180535,1,1,38,14,4,6,1,7,91,0.15
6,2.37738,29,0.000180535,0.000180535,1,1,36,14,4,5,0,5,77,0.173
6,2.37738,30,0.000180535,0.000180535,1,1,38,14,4,6,1,7,91,0.097
6,2.37738,31,0.000180535,0.000180535,1,1,36,14,4,5,0,5,77,0.149
6,2.37738,32,0.000180535,0.000180535,1,1,36,14,4,5,0,5,77,0.097
6,2.37738,33,0.000180535,0.000180535,1,1,38,14,4,6,1,7,91,0.148
6,2.37738,34,0.000180535,0.000180535,1,1,36,14,4,5,0,5,77,0.175
6,2.37738,35,0.000180535,0.000180535,1,1,38,14,4,6,1,7,91,0.097
6,2.37738,36,0.000199193,0.000199193,1,1,31,7,8,7,1,8,119,0.162
6,2.37738,37,0.000199193,0.000199193,1,1,29,7,8,6,0,6,105,0.162
6,2.37738,38,0.000199193,0.000199193,1,1,31,7,8,7,1,8,119,0.127
6,2.37738,39,0.000199193,0.000199193,1,1,29,7,8,6,0,6,105,0.191
6,2.37738,40,0.000199193,0.000199193,1,1,29,7,8,6,0,6,105,0.161
6,2.37738,41,0.000199193,0.000199193,1,1,31,7,8,7,1,8,119,0.108
6,2.37738,42,0.000199193,0.000199193,1,1,29,7,8,6,0,6,105,0.162
6,2.37738,43,0.000199193,0.000199193,1,1,31,7,8,7,1,8,119,0.19
6,2.37738,44,0.000199193,0.000199193,1,1,31,9,6,7,1,8,107,0.105
6,2.37738,45,0.000199193,0.000199193,1,1,29,9,6,6,0,6,93,0.162
6,2.37738,46,0.000199193,0.000199193,1,1,31,9,6,7,1,8,107,0.16
6,2.37738,47,0.000199193,0.000199193,1,1,29,9,6,6,0,6,93,0.105
6,2.37738,48,0.000199193,0.000199193,1,1,31,9,6,7,1,8,107,0.187
6,2.37738,49,0.000199193,0.000199193,1,1,29,9,6,6,0,6,93,0.161
6,2.37738,50,0.000199193,0.000199193,1,1,29,9,6,6,0,6,93,0.104
6,2.37738,51,0.000199193,0.000199193,1,1,31,9,6,7,1,8,107,0.162
6,2.37738,52,0.000199193,0.000199193,1,1,31,7,8,7,1,8,119,0.106
6,2.37738,53,0.000199193,0.000199193,1,1,29,7,8,6,0,6,105,0.163
6,2.37738,54,0.000199193,0.000199193,1,1,31,7,8,7,1,8,119,0.189
6,2.37738,55,0.000199193,0.000199193,1,1,29,7,8,6,0,6,105,0.161
6,2.37738,56,0.000199193,0.000199193,1,1,29,7,8,6,0,6,105,0.107
6,2.37738,57,0.000199193,0.000199193,1,1,31,7,8,7,1,8,119,0.16
6,2.37738,58,0.000199193,0.000199193,1,1,31,7,8,7,1,8,119,0.105
6,2.37738,59,0.000199193,0.000199193,1,1,29,7,8,6,0,6,105,0.16
6,2.37738,60,0.000199193,0.000199193,1,1,31,7,8,7,1,8,119,0.189
6,2.37738,61,0.000199193,0.000199193,1,1,29,7,8,6,0,6,105,0.107
6,2.37738,62,0.000199193,0.000199193,1,1,29,7,8,6,0,6,105,0.164
6,2.37738,63,0.000199193,0.000199193,1,1,31,7,8,7,1,8,119,0.166
6,2.37738,64,0.000199193,0.000199193,1,1,29,9,6,6,0,6,93,0.15
6,2.37738,65,0.000199193,0.000199193,1,1,31,9,6,7,1,8,107,0.193
6,2.37738,66,0.000199193,0.000199193,1,1,31,9,6,7,1,8,107,0.169
6,2.37738,67,0.000199193,0.000199193,1,1,29,9,6,6,0,6,93,0.167
6,2.37738,68,0.000199193,0.000199193,1,1,31,7,8,7,1,8,119,0.155
6,2.37738,69,0.000199193,0.000199193,1,1,29,7,8,6,0,6,105,0.192
6,2.37738,70,0.000199193,0.000199193,1,1,29,7,8,6,0,6,105,0.161
6,2.37738,71,0.000199193,0.000199193,1,1,31,7,8,7,1,8,119,0.112
6,2.4942,0,0.000100906,0.000100906,1,1,50,19,7,3,1,4,96,0.132
6,2.4942,1,0.000100906,0.000100906,1,1,48,19,7,2,0,2,82,0.148
6,2.4942,2,0.000100906,0.000100906,1,1,50,19,7,3,1,4,96,0.085
6,2.4942,3,0.000100906,0.000100906,1,1,48,19,7,2,0,2,82,0.13
6,2.4942,4,0.000100906,0.000100906,1,1,51,19,8,3,1,4,103,0.131
6,2.4942,5,0.000100906,0.000100906,1,1,49,19,8,2,0,2,89,0.088
6,2.4942,6,0.000100906,0.000100906,1,1,49,19,8,2,0,2,89,0.148
6,2.4942,7,0.000100906,0.000100906,1,1,51,19,8,3,1,4,103,0.131
6,2.4942,8,0.000100906,0.000100906,1,1,51,19,8,3,1,4,103,0.132
6,2.4942,9,0.000100906,0.000100906,1,1,49,19,8,2,0,2,89,0.091
6,2.4942,10,0.000100906,0.000100906,1,1,51,19,8,3,1,4,103,0.087
6,2.4942,11,0.000100906,0.000100906,1,1,49,19,8,2,0,2,89,0.147
6,2.4942,12,0.000100906,0.000100906,1,1,51,19,8,3,1,4,103,0.131
6,2.4942,13,0.000100906,0.000100906,1,1,49,19,8,2,0,2,89,0.13
6,2.4942,14,0.000100906,0.000100906,1,1,49,19,8,2,0,2,89,0.086
6,2.4942,15,0.000100906,0.000100906,1,1,51,19,8,3,1,4,103,0.131
6,2.4942,16,0.000100906,0.000100906,1,1,48,19,7,2,0,2,82,0.148
6,2.4942,17,0.000100906,0.000100906,1,1,50,19,7,3,1,4,96,0.131
6,2.4942,18,0.000100906,0.000100906,1,1,48,19,7,2,0,2,82,0.086
6,2.4942,19,0.000100906,0.000100906,1,1,50,19,7,3,1,4,96,0.086
6,2.4942,20,0.000100906,0.000100906,1,1,49,19,8,2,0,2,89,0.131
6,2.4942,21,0.000100906,0.000100906,1,1,51,19,8,3,1,4,103,0.131
6,2.4942,22,0.000100906,0.000100906,1,1,49,19,8,2,0,2,89,0.148
6,2.4942,23,0.000100906,0.000100906,1,1,51,19,8,3,1,4,103,0.086
6,2.4942,24,0.000100906,0.000100906,1,1,49,19,8,2,0,2,89,0.129
6,2.4942,25,0.000100906,0.000100906,1,1,51,19,8,3,1,4,103,0.129
6,2.4942,26,0.000100906,0.000100906,1,1,49,19,8,2,0,2,89,0.084
6,2.4942,27,0.000100906,0.000100906,1,1,51,19,8,3,1,4,103,0.146
6,2.4942,28,0.000100906,0.000100906,1,1,49,19,8,2,0,2,89,0.084
6,2.4942,29,0.000100906,0.000100906,1,1,51,19,8,3,1,4,103,0.129
6,2.4942,30,0.000100906,0.000100906,1,1,49,19,8,2,0,2,89,0.13
6,2.4942,31,0.000100906,0.000100906,1,1,51,19,8,3,1,4,103,0.147
6,2.4942,32,0.000100906,0.000100906,1,1,48,19,7,2,0,2,82,0.085
6,2.4942,33,0.000100906,0.000100906,1,1,50,19,7,3,1,4,96,0.131
6,2.4942,34,0.000100906,0.000100906,1,1,48,19,7,2,0,2,82,0.13
6,2.4942,35,0.000100906,0.000100906,1,1,50,19,7,3,1,4,96,0.087
6,2.61091,0,0.000141691,0.000141691,1,1,49,19,8,2,0,2,89,0.137
6,2.61091,1,0.000141691,0.000141691,1,1,51,19,8,3,1,4,103,0.079
6,2.61091,2,0.000141691,0.000141691,1,1,51,19,8,3,1,4,103,0.119
6,2.61091,3,0.000141691,0.000141691,1,1,49,19,8,2,0,2,89,0.119
6,2.61091,4,0.000141691,0.000141691,1,1,49,21,6,2,0,2,77,0.085
6,2.61091,5,0.000141691,0.000141691,1,1,51,21,6,3,1,4,91,0.137
6,2.61091,6,0.000141691,0.000141691,1,1,51,21,6,3,1,4,91,0.118
6,2.61091,7,0.000141691,0.000141691,1,1,49,21,6,2,0,2,77,0.12
6,2.61091,8,0.000141691,0.000141691,1,1,49,19,8,2,0,2,89,0.079
6,2.61091,9,0.000141691,0.000141691,1,1,51,19,8,3,1,4,103,0.081
6,2.61091,10,0.000141691,0.000141691,1,1,49,19,8,2,0,2,89,0.138
6,2.61091,11,0.000141691,0.000141691,1,1,51,19,8,3,1,4,103,0.119
6,2.61091,12,0.000141691,0.000141691,1,1,49,21,6,2,0,2,77,0.121
6,2.61091,13,0.000141691,0.000141691,1,1,51,21,6,3,1,4,91,0.079
6,2.61091,14,0.000141691,0.000141691,1,1,49,21,6,2,0,2,77,0.14
6,2.61091,15,0.000141691,0.000141691,1,1,51,21,6,3,1,4,91,0.122
6,2.61091,16,0.000141691,0.000141691,1,1,51,19,8,3,1,4,103,0.121
6,2.61091,17,0.000141691,0.000141691,1,1,49,19,8,2,0,2,89,0.08
6,2.61091,18,0.000141691,0.000141691,1,1,51,19,8,3,1,4,103,0.079
6,2.61091,19,0.000141691,0.000141691,1,1,49,19,8,2,0,2,89,0.121
6,2.61091,20,0.000141691,0.000141691,1,1,49,19,8,2,0,2,89,0.119
6,2.61091,21,0.000141691,0.000141691,1,1,51,19,8,3,1,4,103,0.136
6,2.61091,22,0.000141691,0.000141691,1,1,49,19,8,2,0,2,89,0.08
6,2.61091,23,0.000141691,0.000141691,1,1,51,19,8,3,1,4,103,0.12
6,2.61091,24,0.000141691,0.000141691,1,1,51,19,8,3,1,4,103,0.12
6,2.61091,25,0.000141691,0.000141691,1,1,49,19,8,2,0,2,89,0.079
6,2.61091,26,0.000141691,0.000141691,1,1,51,19,8,3,1,4,103,0.137
6,2.61091,27,0.000141691,0.000141691,1,1,49,19,8,2,0,2,89,0.079
6,2.61091,28,0.000141691,0.000141691,1,1,51,21,6,3,1,4,91,0.121
6,2.61091,29,0.000141691,0.000141691,1,1,49,21,6,2,0,2,77,0.123
6,2.61091,30,0.000141691,0.000141691,1,1,51,21,6,3,1,4,91,0.14
6,2.61091,31,0.000141691,0.000141691,1,1,49,21,6,2,0,2,77,0.081
6,2.61091,32,0.000141691,0.000141691,1,1,51,19,8,3,1,4,103,0.12
6,2.61091,33,0.000141691,0.000141691,1,1,49,19,8,2,0,2,89,0.12
6,2.61091,34,0.000141691,0.000141691,1,1,51,19,8,3,1,4,103,0.081
6,2.61091,35,0.000141691,0.000141691,1,1,49,19,8,2,0,2,89,0.138
6,2.70935,0,0.000182341,0.000182341,1,1,41,13,10,4,0,4,111,0.091
6,2.70935,1,0.000182341,0.000182341,1,1,43,13,10,5,1,6,125,0.139
6,2.70935,2,0.000182341,0.000182341,1,1,41,13,10,4,0,4,111,0.138
6,2.70935,3,0.000182341,0.000182341,1,1,43,13,10,5,1,6,125,0.091
6,2.70935,4,0.000182341,0.000182341,1,1,43,13,10,5,1,6,125,0.163
6,2.70935,5,0.000182341,0.000182341,1,1,41,13,10,4,0,4,111,0.139
6,2.70935,6,0.000182341,0.000182341,1,1,41,13,10,4,0,4,111,0.138
6,2.70935,7,0.000182341,0.000182341,1,1,43,13,10,5,1,6,125,0.092
6,2.70935,8,0.000182341,0.000182341,1,1,40,13,9,4,0,4,104,0.091
6,2.70935,9,0.000182341,0.000182341,1,1,42,13,9,5,1,6,118,0.161
6,2.70935,10,0.000182341,0.000182341,1,1,40,13,9,4,0,4,104,0.138
6,2.70935,11,0.000182341,0.000182341,1,1,42,13,9,5,1,6,118,0.138
6,2.70935,12,0.000182341,0.000182341,1,1,40,13,9,4,0,4,104,0.092
6,2.70935,13,0.000182341,0.000182341,1,1,42,13,9,5,1,6,118,0.161
6,2.70935,14,0.000182341,0.000182341,1,1,42,13,9,5,1,6,118,0.139
6,2.70935,15,0.000182341,0.000182341,1,1,40,13,9,4,0,4,104,0.139
6,2.70935,16,0.000182341,0.000182341,1,1,41,13,10,4,0,4,111,0.094
6,2.70935,17,0.000182341,0.000182341,1,1,43,13,10,5,1,6,125,0.111
6,2.70935,18,0.000182341,0.000182341,1,1,43,13,10,5,1,6,125,0.141
6,2.70935,19,0.000182341,0.000182341,1,1,41,13,10,4,0,4,111,0.141
6,2.70935,20,0.000182341,0.000182341,1,1,43,13,10,5,1,6,125,0.162
6,2.70935,21,0.000182341,0.000182341,1,1,41,13,10,4,0,4,111,0.103
6,2.70935,22,0.000182341,0.000182341,1,1,43,13,10,5,1,6,125,0.139
6,2.70935,23,0.000182341,0.000182341,1,1,41,13,10,4,0,4,111,0.139
6,2.70935,24,0.000182341,0.000182341,1,1,42,13,9,5,1,6,118,0.16
6,2.70935,25,0.000182341,0.000182341,1,1,40,13,9,4,0,4,104,0.095
6,2.70935,26,0.000182341,0.000182341,1,1,42,13,9,5,1,6,118,0.093
6,2.70935,27,0.000182341,0.000182341,1,1,40,13,9,4,0,4,104,0.14
6,2.70935,28,0.000182341,0.000182341,1,1,43,13,10,5,1,6,125,0.14
6,2.70935,29,0.000182341,0.000182341,1,1,41,13,10,4,0,4,111,0.159
6,2.70935,30,0.000182341,0.000182341,1,1,43,13,10,5,1,6,125,0.098
6,2.70935,31,0.000182341,0.000182341,1,1,41,13,10,4,0,4,111,0.14
6,2.70935,32,0.000182341,0.000182341,1,1,43,13,10,5,1,6,125,0.14
6,2.70935,33,0.000182341,0.000182341,1,1,41,13,10,4,0,4,111,0.092
6,2.70935,34,0.000182341,0.000182341,1,1,41,13,10,4,0,4,111,0.161
6,2.70935,35,0.000182341,0.000182341,1,1,43,13,10,5,1,6,125,0.092
6,2.70935,36,0.000209644,0.000209644,1,1,41,15,6,5,1,6,99,0.145
6,2.70935,37,0.000209644,0.000209644,1,1,41,15,6,5,1,6,99,0.146
6,2.70935,38,0.000209644,0.000209644,1,1,41,15,6,5,1,6,99,0.097
6,2.70935,39,0.000209644,0.000209644,1,1,41,15,6,5,1,6,99,0.17
6,2.70935,40,0.000209644,0.000209644,1,1,41,13,8,5,1,6,111,0.143
6,2.70935,41,0.000209644,0.000209644,1,1,41,13,8,5,1,6,111,0.144
6,2.70935,42,0.000209644,0.000209644,1,1,41,13,8,5,1,6,111,0.096
6,2.70935,43,0.000209644,0.000209644,1,1,41,13,8,5,1,6,111,0.17
6,2.70935,44,0.000209644,0.000209644,1,1,41,13,8,5,1,6,111,0.097
6,2.70935,45,0.000209644,0.000209644,1,1,41,13,8,5,1,6,111,0.146
6,2.70935,46,0.000209644,0.000209644,1,1,41,13,8,5,1,6,111,0.145
6,2.70935,47,0.000209644,0.000209644,1,1,41,13,8,5,1,6,111,0.096
6,2.70935,48,0.000209644,0.000209644,1,1,41,13,8,5,1,6,111,0.168
6,2.70935,49,0.000209644,0.000209644,1,1,41,13,8,5,1,6,111,0.144
6,2.70935,50,0.000209644,0.000209644,1,1,41,13,8,5,1,6,111,0.143
6,2.70935,51,0.000209644,0.000209644,1,1,41,13,8,5,1,6,111,0.093
6,2.70935,52,0.000209644,0.000209644,1,1,41,13,8,5,1,6,111,0.095
6,2.70935,53,0.000209644,0.000209644,1,1,41,13,8,5,1,6,111,0.146
6,2.70935,54,0.000209644,0.000209644,1,1,41,13,8,5,1,6,111,0.146
6,2.70935,55,0.000209644,0.000209644,1,1,41,13,8,5,1,6,111,0.167
6,2.70935,56,0.000209644,0.000209644,1,1,41,13,8,5,1,6,111,0.098
6,2.70935,57,0.000209644,0.000209644,1,1,41,13,8,5,1,6,111,0.142
6,2.70935,58,0.000209644,0.000209644,1,1,41,13,8,5,1,6,111,0.143
6,2.70935,59,0.000209644,0.000209644,1,1,41,13,8,5,1,6,111,0.093
6,2.70935,60,0.000209644,0.000209644,1,1,41,15,6,5,1,6,99,0.169
6,2.70935,61,0.000209644,0.000209644,1,1,41,15,6,5,1,6,99,0.097
6,2.70935,62,0.000209644,0.000209644,1,1,41,15,6,5,1,6,99,0.147
6,2.70935,63,0.000209644,0.000209644,1,1,41,15,6,5,1,6,99,0.147
6,2.70935,64,0.000209644,0.000209644,1,1,41,13,8,5,1,6,111,0.168
6,2.70935,65,0.000209644,0.000209644,1,1,41,13,8,5,1,6,111,0.095
6,2.70935,66,0.000209644,0.000209644,1,1,41,13,8,5,1,6,111,0.146
6,2.70935,67,0.000209644,0.000209644,1,1,41,13,8,5,1,6,111,0.146
6,2.70935,68,0.000209644,0.000209644,1,1,41,15,6,5,1,6,99,0.097
6,2.70935,69,0.000209644,0.000209644,1,1,41,15,6,5,1,6,99,0.17
6,2.70935,70,0.000209644,0.000209644,1,1,41,15,6,5,1,6,99,0.099
6,2.70935,71,0.000209644,0.000209644,1,1,41,15,6,5,1,6,99,0.145
6,2.81249,0,0.000138607,0.000138607,1,1,37,9,12,5,1,6,135,0.163
6,2.81249,1,0.000138607,0.000138607,1,1,35,9,12,4,0,4,121,0.106
6,2.81249,2,0.000138607,0.000138607,1,1,35,9,12,4,0,4,121,0.188
6,2.81249,3,0.000138607,0.000138607,1,1,37,9,12,5,1,6,135,0.16
6,2.81249,4,0.000138607,0.000138607,1,1,35,11,10,4,0,4,109,0.165
6,2.81249,5,0.000138607,0.000138607,1,1,37,11,10,5,1,6,123,0.106
6,2.81249,6,0.000138607,0.000138607,1,1,35,11,10,4,0,4,109,0.109
6,2.81249,7,0.000138607,0.000138607,1,1,37,11,10,5,1,6,123,0.188
6,2.81249,8,0.000138607,0.000138607,1,1,37,9,12,5,1,6,135,0.158
6,2.81249,9,0.000138607,0.000138607,1,1,35,9,12,4,0,4,121,0.16
6,2.81249,10,0.000138607,0.000138607,1,1,37,9,12,5,1,6,135,0.121
6,2.81249,11,0.000138607,0.000138607,1,1,35,9,12,4,0,4,121,0.162
6,2.81249,12,0.000138607,0.000138607,1,1,37,11,10,5,1,6,123,0.163
6,2.81249,13,0.000138607,0.000138607,1,1,35,11,10,4,0,4,109,0.19
6,2.81249,14,0.000138607,0.000138607,1,1,37,11,10,5,1,6,123,0.109
6,2.81249,15,0.000138607,0.000138607,1,1,35,11,10,4,0,4,109,0.164
6,2.81249,16,0.000138607,0.000138607,1,1,35,9,12,4,0,4,121,0.107
6,2.81249,17,0.000138607,0.000138607,1,1,37,9,12,5,1,6,135,0.16
6,2.81249,18,0.000138607,0.000138607,1,1,35,9,12,4,0,4,121,0.189
6,2.81249,19,0.000138607,0.000138607,1,1,37,9,12,5,1,6,135,0.109
6,2.81249,20,0.000138607,0.000138607,1,1,37,9,12,5,1,6,135,0.16
6,2.81249,21,0.000138607,0.000138607,1,1,35,9,12,4,0,4,121,0.162
6,2.81249,22,0.000138607,0.000138607,1,1,37,9,12,5,1,6,135,0.106
6,2.81249,23,0.000138607,0.000138607,1,1,35,9,12,4,0,4,121,0.188
6,2.81249,24,0.000138607,0.000138607,1,1,35,9,12,4,0,4,121,0.16
6,2.81249,25,0.000138607,0.000138607,1,1,37,9,12,5,1,6,135,0.108
6,2.81249,26,0.000138607,0.000138607,1,1,35,9,12,4,0,4,121,0.161
6,2.81249,27,0.000138607,0.000138607,1,1,37,9,12,5,1,6,135,0.189
6,2.81249,28,0.000138607,0.000138607,1,1,35,9,12,4,0,4,121,0.108
6,2.81249,29,0.000138607,0.000138607,1,1,37,9,12,5,1,6,135,0.162
6,2.81249,30,0.000138607,0.000138607,1,1,35,9,12,4,0,4,121,0.161
6,2.81249,31,0.000138607,0.000138607,1,1,37,9,12,5,1,6,135,0.106
6,2.81249,32,0.000138607,0.000138607,1,1,35,11,10,4,0,4,109,0.188
6,2.81249,33,0.000138607,0.000138607,1,1,37,11,10,5,1,6,123,0.162
6,2.81249,34,0.000138607,0.000138607,1,1,37,11,10,5,1,6,123,0.109
6,2.81249,35,0.000138607,0.000138607,1,1,35,11,10,4,0,4,109,0.162
6,2.90897,0,0.000185114,0.000185114,1,1,37,9,12,5,1,6,135,0.11
6,2.90897,1,0.000185114,0.000185114,1,1,37,9,12,5,1,6,135,0.164
6,2.90897,2,0.000185114,0.000185114,1,1,37,9,12,5,1,6,135,0.193
6,2.90897,3,0.000185114,0.000185114,1,1,37,9,12,5,1,6,135,0.162
6,2.90897,4,0.000185114,0.000185114,1,1,36,9,11,5,1,6,128,0.109
6,2.90897,5,0.000185114,0.000185114,1,1,36,9,11,5,1,6,128,0.164
6,2.90897,6,0.000185114,0.000185114,1,1,36,9,11,5,1,6,128,0.127
6,2.90897,7,0.000185114,0.000185114,1,1,36,9,11,5,1,6,128,0.164
6,2.90897,8,0.000185114,0.000185114,1,1,37,9,12,5,1,6,135,0.191
6,2.90897,9,0.000185114,0.000185114,1,1,37,9,12,5,1,6,135,0.112
6,2.90897,10,0.000185114,0.000185114,1,1,37,9,12,5,1,6,135,0.167
6,2.90897,11,0.000185114,0.000185114,1,1,37,9,12,5,1,6,135,0.166
6,2.90897,12,0.000185114,0.000185114,1,1,36,9,11,5,1,6,128,0.194
6,2.90897,13,0.000185114,0.000185114,1,1,36,9,11,5,1,6,128,0.109
6,2.90897,14,0.000185114,0.000185114,1,1,36,9,11,5,1,6,128,0.168
6,2.90897,15,0.000185114,0.000185114,1,1,36,9,11,5,1,6,128,0.168
6,2.90897,16,0.000185114,0.000185114,1,1,37,9,12,5,1,6,135,0.111
6,2.90897,17,0.000185114,0.000185114,1,1,37,9,12,5,1,6,135,0.19
6,2.90897,18,0.000185114,0.000185114,1,1,37,9,12,5,1,6,135,0.109
6,2.90897,19,0.000185114,0.000185114,1,1,37,9,12,5,1,6,135,0.163
6,2.90897,20,0.000185114,0.000185114,1,1,37,9,12,5,1,6,135,0.166
6,2.90897,21,0.000185114,0.000185114,1,1,37,9,12,5,1,6,135,0.11
6,2.90897,22,0.000185114,0.000185114,1,1,37,9,12,5,1,6,135,0.193
6,2.90897,23,0.000185114,0.000185114,1,1,37,9,12,5,1,6,135,0.166
6,2.90897,24,0.000185114,0.000185114,1,1,37,9,12,5,1,6,135,0.109
6,2.90897,25,0.000185114,0.000185114,1,1,37,9,12,5,1,6,135,0.166
6,2.90897,26,0.000185114,0.000185114,1,1,37,9,12,5,1,6,135,0.109
6,2.90897,27,0.000185114,0.000185114,1,1,37,9,12,5,1,6,135,0.194
6,2.90897,28,0.000185114,0.000185114,1,1,37,9,12,5,1,6,135,0.165
6,2.90897,29,0.000185114,0.000185114,1,1,37,9,12,5,1,6,135,0.163
6,2.90897,30,0.000185114,0.000185114,1,1,37,9,12,5,1,6,135,0.107
6,2.90897,31,0.000185114,0.000185114,1,1,37,9,12,5,1,6,135,0.164
6,2.90897,32,0.000185114,0.000185114,1,1,36,9,11,5,1,6,128,0.193
6,2.90897,33,0.000185114,0.000185114,1,1,34,9,10,5,1,6,121,0.112
6,2.90897,34,0.000185114,0.000185114,1,1,36,9,11,5,1,6,128,0.164
6,2.90897,35,0.000185114,0.000185114,1,1,36,9,11,5,1,6,128,0.113
6,3.02017,0,0.000180535,0.000180535,1,1,45,15,10,3,1,4,113,0.157
6,3.02017,1,0.000180535,0.000180535,1,1,45,15,10,3,1,4,113,0.157
6,3.02017,2,0.000180535,0.000180535,1,1,45,15,10,3,1,4,113,0.179
6,3.02017,3,0.000180535,0.000180535,1,1,45,15,10,3,1,4,113,0.104
6,3.02017,4,0.000180535,0.000180535,1,1,45,17,8,3,1,4,101,0.155
6,3.02017,5,0.000180535,0.000180535,1,1,45,17,8,3,1,4,101,0.156
6,3.02017,6,0.000180535,0.000180535,1,1,45,17,8,3,1,4,101,0.102
6,3.02017,7,0.000180535,0.000180535,1,1,45,17,8,3,1,4,101,0.18
6,3.02017,8,0.000180535,0.000180535,1,1,45,15,10,3,1,4,113,0.105
6,3.02017,9,0.000180535,0.000180535,1,1,45,15,10,3,1,4,113,0.157
6,3.02017,10,0.000180535,0.000180535,1,1,45,15,10,3,1,4,113,0.157
6,3.02017,11,0.000180535,0.000180535,1,1,45,15,10,3,1,4,113,0.178
6,3.02017,12,0.000180535,0.000180535,1,1,45,15,10,3,1,4,113,0.104
6,3.02017,13,0.000180535,0.000180535,1,1,45,15,10,3,1,4,113,0.158
6,3.02017,14,0.000180535,0.000180535,1,1,45,15,10,3,1,4,113,0.104
6,3.02017,15,0.000180535,0.000180535,1,1,45,15,10,3,1,4,113,0.157
6,3.02017,16,0.000180535,0.000180535,1,1,45,15,10,3,1,4,113,0.177
6,3.02017,17,0.000180535,0.000180535,1,1,45,15,10,3,1,4,113,0.102
6,3.02017,18,0.000180535,0.000180535,1,1,45,15,10,3,1,4,113,0.154
6,3.02017,19,0.000180535,0.000180535,1,1,45,15,10,3,1,4,113,0.155
6,3.02017,20,0.000180535,0.000180535,1,1,45,15,10,3,1,4,113,0.102
6,3.02017,21,0.000180535,0.000180535,1,1,45,15,10,3,1,4,113,0.178
6,3.02017,22,0.000180535,0.000180535,1,1,45,15,10,3,1,4,113,0.156
6,3.02017,23,0.000180535,0.000180535,1,1,45,15,10,3,1,4,113,0.101
6,3.02017,24,0.000180535,0.000180535,1,1,45,17,8,3,1,4,101,0.155
6,3.02017,25,0.000180535,0.000180535,1,1,45,17,8,3,1,4,101,0.105
6,3.02017,26,0.000180535,0.000180535,1,1,45,17,8,3,1,4,101,0.18
6,3.02017,27,0.000180535,0.000180535,1,1,45,17,8,3,1,4,101,0.158
6,3.02017,28,0.000180535,0.000180535,1,1,45,17,8,3,1,4,101,0.158
6,3.02017,29,0.000180535,0.000180535,1,1,45,17,8,3,1,4,101,0.105
6,3.02017,30,0.000180535,0.000180535,1,1,45,17,8,3,1,4,101,0.155
6,3.02017,31,0.000180535,0.000180535,1,1,45,17,8,3,1,4,101,0.179
6,3.02017,32,0.000180535,0.000180535,1,1,45,15,10,3,1,4,113,0.103
6,3.02017,33,0.000180535,0.000180535,1,1,45,15,10,3,1,4,113,0.156
6,3.02017,34,0.000180535,0.000180535,1,1,45,15,10,3,1,4,113,0.105
6,3.02017,35,0.000180535,0.000180535,1,1,45,15,10,3,1,4,113,0.156
6,3.13824,0,0.000123171,0.000123171,1,1,53,23,4,3,1,4,79,0.125
6,3.13824,1,0.000123171,0.000123171,1,1,53,23,4,3,1,4,79,0.144
6,3.13824,2,0.000123171,0.000123171,1,1,53,23,4,3,1,4,79,0.082
6,3.13824,3,0.000123171,0.000123171,1,1,53,23,4,3,1,4,79,0.126
6,3.13824,4,0.000123171,0.000123171,1,1,53,21,6,3,1,4,91,0.126
6,3.13824,5,0.000123171,0.000123171,1,1,53,21,6,3,1,4,91,0.089
6,3.13824,6,0.000123171,0.000123171,1,1,53,21,6,3,1,4,91,0.142
6,3.13824,7,0.000123171,0.000123171,1,1,53,21,6,3,1,4,91,0.091
6,3.13824,8,0.000123171,0.000123171,1,1,53,21,6,3,1,4,91,0.124
6,3.13824,9,0.000123171,0.000123171,1,1,53,21,6,3,1,4,91,0.124
6,3.13824,10,0.000123171,0.000123171,1,1,53,21,6,3,1,4,91,0.142
6,3.13824,11,0.000123171,0.000123171,1,1,53,21,6,3,1,4,91,0.08
6,3.13824,12,0.000123171,0.000123171,1,1,53,21,6,3,1,4,91,0.125
6,3.13824,13,0.000123171,0.000123171,1,1,53,21,6,3,1,4,91,0.125
6,3.13824,14,0.000123171,0.000123171,1,1,53,21,6,3,1,4,91,0.082
6,3.13824,15,0.000123171,0.000123171,1,1,53,21,6,3,1,4,91,0.143
6,3.13824,16,0.000123171,0.000123171,1,1,53,21,6,3,1,4,91,0.086
6,3.13824,17,0.000123171,0.000123171,1,1,53,21,6,3,1,4,91,0.127
6,3.13824,18,0.000123171,0.000123171,1,1,53,21,6,3,1,4,91,0.124
6,3.13824,19,0.000123171,0.000123171,1,1,53,21,6,3,1,4,91,0.085
6,3.13824,20,0.000123171,0.000123171,1,1,53,23,4,3,1,4,79,0.142
6,3.13824,21,0.000123171,0.000123171,1,1,53,23,4,3,1,4,79,0.126
6,3.13824,22,0.000123171,0.000123171,1,1,53,23,4,3,1,4,79,0.126
6,3.13824,23,0.000123171,0.000123171,1,1,53,23,4,3,1,4,79,0.09
6,3.13824,24,0.000123171,0.000123171,1,1,53,21,6,3,1,4,91,0.141
6,3.13824,25,0.000123171,0.000123171,1,1,53,21,6,3,1,4,91,0.082
6,3.13824,26,0.000123171,0.000123171,1,1,53,21,6,3,1,4,91,0.125
6,3.13824,27,0.000123171,0.000123171,1,1,53,21,6,3,1,4,91,0.126
6,3.13824,28,0.000123171,0.000123171,1,1,53,23,4,3,1,4,79,0.082
6,3.13824,29,0.000123171,0.000123171,1,1,53,23,4,3,1,4,79,0.142
6,3.13824,30,0.000123171,0.000123171,1,1,53,23,4,3,1,4,79,0.125
6,3.13824,31,0.000123171,0.000123171,1,1,53,23,4,3,1,4,79,0.125
6,3.13824,32,0.000123171,0.000123171,1,1,53,21,6,3,1,4,91,0.081
6,3.13824,33,0.000123171,0.000123171,1,1,53,21,6,3,1,4,91,0.081
6,3.13824,34,0.000123171,0.000123171,1,1,53,21,6,3,1,4,91,0.141
6,3.13824,35,0.000123171,0.000123171,1,1,53,21,6,3,1,4,91,0.124
8,1.57094e-05,0,2.9452e-06,2.9452e-06,1,1,50,15,14,4,1,5,148,0.246
8,1.57094e-05,1,2.9452e-06,2.9452e-06,1,1,50,15,14,4,1,5,148,0.159
8,1.57094e-05,2,2.9452e-06,2.9452e-06,1,1,50,15,14,4,1,5,148,0.246
8,1.57094e-05,3,2.9452e-06,2.9452e-06,1,1,50,15,14,4,1,5,148,0.28
8,1.57094e-05,4,2.9452e-06,2.9452e-06,1,1,50,17,12,4,1,5,136,0.159
8,1.57094e-05,5,2.9452e-06,2.9452e-06,1,1,50,17,12,4,1,5,136,0.242
8,1.57094e-05,6,2.9452e-06,2.9452e-06,1,1,50,17,12,4,1,5,136,0.242
8,1.57094e-05,7,2.9452e-06,2.9452e-06,1,1,50,17,12,4,1,5,136,0.162
8,1.57094e-05,8,2.9452e-06,2.9452e-06,1,1,50,15,14,4,1,5,148,0.277
8,1.57094e-05,9,2.9452e-06,2.9452e-06,1,1,50,15,14,4,1,5,148,0.24
8,1.57094e-05,10,2.9452e-06,2.9452e-06,1,1,50,15,14,4,1,5,148,0.157
8,1.57094e-05,11,2.9452e-06,2.9452e-06,1,1,50,15,14,4,1,5,148,0.241
8,1.57094e-05,12,2.9452e-06,2.9452e-06,1,1,50,15,14,4,1,5,148,0.164
8,1.57094e-05,13,2.9452e-06,2.9452e-06,1,1,50,15,14,4,1,5,148,0.283
8,1.57094e-05,14,2.9452e-06,2.9452e-06,1,1,50,15,14,4,1,5,148,0.246
8,1.57094e-05,15,2.9452e-06,2.9452e-06,1,1,50,15,14,4,1,5,148,0.241
8,1.57094e-05,16,2.9452e-06,2.9452e-06,1,1,50,15,14,4,1,5,148,0.158
8,1.57094e-05,17,2.9452e-06,2.9452e-06,1,1,50,15,14,4,1,5,148,0.241
8,1.57094e-05,18,2.9452e-06,2.9452e-06,1,1,50,15,14,4,1,5,148,0.286
8,1.57094e-05,19,2.9452e-06,2.9452e-06,1,1,50,15,14,4,1,5,148,0.158
8,1.57094e-05,20,2.9452e-06,2.9452e-06,1,1,50,17,12,4,1,5,136,0.246
8,1.57094e-05,21,2.9452e-06,2.9452e-06,1,1,50,17,12,4,1,5,136,0.158
8,1.57094e-05,22,2.9452e-06,2.9452e-06,1,1,50,17,12,4,1,5,136,0.242
8,1.57094e-05,23,2.9452e-06,2.9452e-06,1,1,50,17,12,4,1,5,136,0.285
8,1.57094e-05,24,2.9452e-06,2.9452e-06,1,1,50,17,12,4,1,5,136,0.16
8,1.57094e-05,25,2.9452e-06,2.9452e-06,1,1,50,17,12,4,1,5,136,0.244
8,1.57094e-05,26,2.9452e-06,2.9452e-06,1,1,50,17,12,4,1,5,136,0.245
8,1.57094e-05,27,2.9452e-06,2.9452e-06,1,1,50,17,12,4,1,5,136,0.164
8,1.57094e-05,28,2.9452e-06,2.9452e-06,1,1,50,15,14,4,1,5,148,0.283
8,1.57094e-05,29,2.9452e-06,2.9452e-06,1,1,50,15,14,4,1,5,148,0.244
8,1.57094e-05,30,2.9452e-06,2.9452e-06,1,1,50,15,14,4,1,5,148,0.165
8,1.57094e-05,31,2.9452e-06,2.9452e-06,1,1,50,15,14,4,1,5,148,0.244
8,1.57094e-05,32,2.9452e-06,2.9452e-06,1,1,50,15,14,4,1,5,148,0.16
8,1.57094e-05,33,2.9452e-06,2.9452e-06,1,1,50,15,14,4,1,5,148,0.244
8,1.57094e-05,34,2.9452e-06,2.9452e-06,1,1,50,15,14,4,1,5,148,0.283
8,1.57094e-05,35,2.9452e-06,2.9452e-06,1,1,50,15,14,4,1,5,148,0.242
8,0.104524,0,2.91895e-06,2.91895e-06,1,1,62,21,10,8,1,9,154,0.117
8,0.104524,1,2.91895e-06,2.91895e-06,1,1,62,21,10,8,1,9,154,0.176
8,0.104524,2,2.91895e-06,2.91895e-06,1,1,62,21,10,8,1,9,154,0.116
8,0.104524,3,2.91895e-06,2.91895e-06,1,1,62,21,10,8,1,9,154,0.201
8,0.104524,4,2.91895e-06,2.91895e-06,1,1,62,21,10,8,1,9,154,0.176
8,0.104524,5,2.91895e-06,2.91895e-06,1,1,62,21,10,8,1,9,154,0.115
8,0.104524,6,2.91895e-06,2.91895e-06,1,1,62,21,10,8,1,9,154,0.176
8,0.104524,7,2.91895e-06,2.91895e-06,1,1,62,21,10,8,1,9,154,0.201
8,0.104524,8,2.91895e-06,2.91895e-06,1,1,62,21,10,8,1,9,154,0.115
8,0.104524,9,2.91895e-06,2.91895e-06,1,1,62,21,10,8,1,9,154,0.176
8,0.104524,10,2.91895e-06,2.91895e-06,1,1,62,21,10,8,1,9,154,0.175
8,0.104524,11,2.91895e-06,2.91895e-06,1,1,62,21,10,8,1,9,154,0.115
8,0.104524,12,2.91895e-06,2.91895e-06,1,1,62,23,8,8,1,9,142,0.203
8,0.104524,13,2.91895e-06,2.91895e-06,1,1,62,23,8,8,1,9,142,0.175
8,0.104524,14,2.91895e-06,2.91895e-06,1,1,62,23,8,8,1,9,142,0.115
8,0.104524,15,2.91895e-06,2.91895e-06,1,1,62,23,8,8,1,9,142,0.176
8,0.104524,16,2.91895e-06,2.91895e-06,1,1,62,23,8,8,1,9,142,0.124
8,0.104524,17,2.91895e-06,2.91895e-06,1,1,62,23,8,8,1,9,142,0.177
8,0.104524,18,2.91895e-06,2.91895e-06,1,1,62,23,8,8,1,9,142,0.203
8,0.104524,19,2.91895e-06,2.91895e-06,1,1,62,23,8,8,1,9,142,0.178
8,0.104524,20,2.91895e-06,2.91895e-06,1,1,62,21,10,8,1,9,154,0.116
8,0.104524,21,2.91895e-06,2.91895e-06,1,1,62,21,10,8,1,9,154,0.177
8,0.104524,22,2.91895e-06,2.91895e-06,1,1,62,21,10,8,1,9,154,0.113
8,0.104524,23,2.91895e-06,2.91895e-06,1,1,62,21,10,8,1,9,154,0.2
8,0.104524,24,2.91895e-06,2.91895e-06,1,1,62,21,10,8,1,9,154,0.178
8,0.104524,25,2.91895e-06,2.91895e-06,1,1,62,21,10,8,1,9,154,0.117
8,0.104524,26,2.91895e-06,2.91895e-06,1,1,62,21,10,8,1,9,154,0.176
8,0.104524,27,2.91895e-06,2.91895e-06,1,1,62,21,10,8,1,9,154,0.2
8,0.104524,28,2.91895e-06,2.91895e-06,1,1,62,21,10,8,1,9,154,0.176
8,0.104524,29,2.91895e-06,2.91895e-06,1,1,62,21,10,8,1,9,154,0.115
8,0.104524,30,2.91895e-06,2.91895e-06,1,1,62,21,10,8,1,9,154,0.176
8,0.104524,31,2.91895e-06,2.91895e-06,1,1,62,21,10,8,1,9,154,0.116
8,0.104524,32,2.91895e-06,2.91895e-06,1,1,62,23,8,8,1,9,142,0.175
8,0.104524,33,2.91895e-06,2.91895e-06,1,1,62,23,8,8,1,9,142,0.197
8,0.104524,34,2.91895e-06,2.91895e-06,1,1,62,23,8,8,1,9,142,0.115
8,0.104524,35,2.91895e-06,2.91895e-06,1,1,62,23,8,8,1,9,142,0.177
8,0.213631,0,2.78855e-06,2.78855e-06,1,1,52,17,10,7,1,8,143,0.21
8,0.213631,1,2.78855e-06,2.78855e-06,1,1,50,17,10,6,0,6,129,0.139
8,0.213631,2,2.78855e-06,2.78855e-06,1,1,54,17,11,7,1,8,150,0.242
8,0.213631,3,2.78855e-06,2.78855e-06,1,1,52,17,11,6,0,6,136,0.209
8,0.213631,4,2.78855e-06,2.78855e-06,1,1,53,17,12,6,0,6,143,0.139
8,0.213631,5,2.78855e-06,2.78855e-06,1,1,55,17,12,7,1,8,157,0.21
8,0.213631,6,2.78855e-06,2.78855e-06,1,1,55,17,12,7,1,8,157,0.242
8,0.213631,7,2.78855e-06,2.78855e-06,1,1,53,17,12,6,0,6,143,0.142
8,0.213631,8,2.78855e-06,2.78855e-06,1,1,53,17,12,6,0,6,143,0.21
8,0.213631,9,2.78855e-06,2.78855e-06,1,1,55,17,12,7,1,8,157,0.208
8,0.213631,10,2.78855e-06,2.78855e-06,1,1,55,17,12,7,1,8,157,0.137
8,0.213631,11,2.78855e-06,2.78855e-06,1,1,53,17,12,6,0,6,143,0.24
8,0.213631,12,2.78855e-06,2.78855e-06,1,1,53,17,12,6,0,6,143,0.208
8,0.213631,13,2.78855e-06,2.78855e-06,1,1,55,17,12,7,1,8,157,0.135
8,0.213631,14,2.78855e-06,2.78855e-06,1,1,55,17,12,7,1,8,157,0.208
8,0.213631,15,2.78855e-06,2.78855e-06,1,1,53,17,12,6,0,6,143,0.137
8,0.213631,16,2.78855e-06,2.78855e-06,1,1,52,17,11,6,0,6,136,0.207
8,0.213631,17,2.78855e-06,2.78855e-06,1,1,54,17,11,7,1,8,150,0.244
8,0.213631,18,2.78855e-06,2.78855e-06,1,1,52,17,11,6,0,6,136,0.209
8,0.213631,19,2.78855e-06,2.78855e-06,1,1,54,17,11,7,1,8,150,0.136
8,0.213631,20,2.78855e-06,2.78855e-06,1,1,55,17,12,7,1,8,157,0.208
8,0.213631,21,2.78855e-06,2.78855e-06,1,1,53,17,12,6,0,6,143,0.137
8,0.213631,22,2.78855e-06,2.78855e-06,1,1,53,17,12,6,0,6,143,0.242
8,0.213631,23,2.78855e-06,2.78855e-06,1,1,55,17,12,7,1,8,157,0.209
8,0.213631,24,2.78855e-06,2.78855e-06,1,1,55,17,12,7,1,8,157,0.138
8,0.213631,25,2.78855e-06,2.78855e-06,1,1,53,17,12,6,0,6,143,0.209
8,0.213631,26,2.78855e-06,2.78855e-06,1,1,53,17,12,6,0,6,143,0.242
8,0.213631,27,2.78855e-06,2.78855e-06,1,1,55,17,12,7,1,8,157,0.137
8,0.213631,28,2.78855e-06,2.78855e-06,1,1,55,17,12,7,1,8,157,0.209
8,0.213631,29,2.78855e-06,2.78855e-06,1,1,53,17,12,6,0,6,143,0.208
8,0.213631,30,2.78855e-06,2.78855e-06,1,1,55,17,12,7,1,8,157,0.14
8,0.213631,31,2.78855e-06,2.78855e-06,1,1,53,17,12,6,0,6,143,0.208
8,0.213631,32,2.78855e-06,2.78855e-06,1,1,50,17,10,6,0,6,129,0.242
8,0.213631,33,2.78855e-06,2.78855e-06,1,1,52,17,10,7,1,8,143,0.139
8,0.213631,34,2.78855e-06,2.78855e-06,1,1,54,17,11,7,1,8,150,0.206
8,0.213631,35,2.78855e-06,2.78855e-06,1,1,52,17,11,6,0,6,136,0.135
8,0.325413,0,2.9047e-06,2.9047e-06,1,1,67,27,6,5,1,6,111,0.157
8,0.325413,1,2.9047e-06,2.9047e-06,1,1,65,27,6,4,0,4,97,0.18
8,0.325413,2,2.9047e-06,2.9047e-06,1,1,65,27,6,4,0,4,97,0.158
8,0.325413,3,2.9047e-06,2.9047e-06,1,1,67,27,6,5,1,6,111,0.103
8,0.325413,4,2.9047e-06,2.9047e-06,1,1,67,29,4,5,1,6,99,0.157
8,0.325413,5,2.9047e-06,2.9047e-06,1,1,65,29,4,4,0,4,85,0.108
8,0.325413,6,2.9047e-06,2.9047e-06,1,1,65,29,4,4,0,4,85,0.182
8,0.325413,7,2.9047e-06,2.9047e-06,1,1,67,29,4,5,1,6,99,0.158
8,0.325413,8,2.9047e-06,2.9047e-06,1,1,67,27,6,5,1,6,111,0.156
8,0.325413,9,2.9047e-06,2.9047e-06,1,1,65,27,6,4,0,4,97,0.102
8,0.325413,10,2.9047e-06,2.9047e-06,1,1,65,27,6,4,0,4,97,0.181
8,0.325413,11,2.9047e-06,2.9047e-06,1,1,67,27,6,5,1,6,111,0.158
8,0.325413,12,2.9047e-06,2.9047e-06,1,1,67,27,6,5,1,6,111,0.107
8,0.325413,13,2.9047e-06,2.9047e-06,1,1,65,27,6,4,0,4,97,0.156
8,0.325413,14,2.9047e-06,2.9047e-06,1,1,65,27,6,4,0,4,97,0.11
8,0.325413,15,2.9047e-06,2.9047e-06,1,1,67,27,6,5,1,6,111,0.159
8,0.325413,16,2.9047e-06,2.9047e-06,1,1,67,27,6,5,1,6,111,0.181
8,0.325413,17,2.9047e-06,2.9047e-06,1,1,65,27,6,4,0,4,97,0.159
8,0.325413,18,2.9047e-06,2.9047e-06,1,1,67,27,6,5,1,6,111,0.106
8,0.325413,19,2.9047e-06,2.9047e-06,1,1,65,27,6,4,0,4,97,0.16
8,0.325413,20,2.9047e-06,2.9047e-06,1,1,65,29,4,4,0,4,85,0.107
8,0.325413,21,2.9047e-06,2.9047e-06,1,1,67,29,4,5,1,6,99,0.161
8,0.325413,22,2.9047e-06,2.9047e-06,1,1,67,29,4,5,1,6,99,0.182
8,0.325413,23,2.9047e-06,2.9047e-06,1,1,65,29,4,4,0,4,85,0.105
8,0.325413,24,2.9047e-06,2.9047e-06,1,1,67,29,4,5,1,6,99,0.159
8,0.325413,25,2.9047e-06,2.9047e-06,1,1,65,29,4,4,0,4,85,0.161
8,0.325413,26,2.9047e-06,2.9047e-06,1,1,67,29,4,5,1,6,99,0.182
8,0.325413,27,2.9047e-06,2.9047e-06,1,1,65,29,4,4,0,4,85,0.107
8,0.325413,28,2.9047e-06,2.9047e-06,1,1,67,27,6,5,1,6,111,0.158
8,0.325413,29,2.9047e-06,2.9047e-06,1,1,65,27,6,4,0,4,97,0.104
8,0.325413,30,2.9047e-06,2.9047e-06,1,1,65,27,6,4,0,4,97,0.156
8,0.325413,31,2.9047e-06,2.9047e-06,1,1,67,27,6,5,1,6,111,0.178
8,0.325413,32,2.9047e-06,2.9047e-06,1,1,67,27,6,5,1,6,111,0.103
8,0.325413,33,2.9047e-06,2.9047e-06,1,1,65,27,6,4,0,4,97,0.157
8,0.325413,34,2.9047e-06,2.9047e-06,1,1,65,27,6,4,0,4,97,0.158
8,0.325413,35,2.9047e-06,2.9047e-06,1,1,67,27,6,5,1,6,111,0.106
8,0.437223,0,2.80731e-06,2.80731e-06,1,1,57,19,12,5,1,6,145,0.24
8,0.437223,1,2.80731e-06,2.80731e-06,1,1,57,19,12,5,1,6,145,0.208
8,0.437223,2,2.80731e-06,2.80731e-06,1,1,57,19,12,5,1,6,145,0.137
8,0.437223,3,2.80731e-06,2.80731e-06,1,1,57,19,12,5,1,6,145,0.208
8,0.437223,4,2.80731e-06,2.80731e-06,1,1,57,19,12,5,1,6,145,0.145
8,0.437223,5,2.80731e-06,2.80731e-06,1,1,57,19,12,5,1,6,145,0.241
8,0.437223,6,2.80731e-06,2.80731e-06,1,1,57,19,12,5,1,6,145,0.207
8,0.437223,7,2.80731e-06,2.80731e-06,1,1,57,19,12,5,1,6,145,0.208
8,0.437223,8,2.80731e-06,2.80731e-06,1,1,57,19,12,5,1,6,145,0.148
8,0.437223,9,2.80731e-06,2.80731e-06,1,1,57,19,12,5,1,6,145,0.209
8,0.437223,10,2.80731e-06,2.80731e-06,1,1,57,19,12,5,1,6,145,0.237
8,0.437223,11,2.80731e-06,2.80731e-06,1,1,57,19,12,5,1,6,145,0.137
8,0.437223,12,2.80731e-06,2.80731e-06,1,1,57,21,10,5,1,6,133,0.207
8,0.437223,13,2.80731e-06,2.80731e-06,1,1,57,21,10,5,1,6,133,0.14
8,0.437223,14,2.80731e-06,2.80731e-06,1,1,57,21,10,5,1,6,133,0.206
8,0.437223,15,2.80731e-06,2.80731e-06,1,1,57,21,10,5,1,6,133,0.206
8,0.437223,16,2.80731e-06,2.80731e-06,1,1,57,19,12,5,1,6,145,0.24
8,0.437223,17,2.80731e-06,2.80731e-06,1,1,57,19,12,5,1,6,145,0.139
8,0.437223,18,2.80731e-06,2.80731e-06,1,1,57,19,12,5,1,6,145,0.208
8,0.437223,19,2.80731e-06,2.80731e-06,1,1,57,19,12,5,1,6,145,0.139
8,0.437223,20,2.80731e-06,2.80731e-06,1,1,57,21,10,5,1,6,133,0.208
8,0.437223,21,2.80731e-06,2.80731e-06,1,1,57,21,10,5,1,6,133,0.244
8,0.437223,22,2.80731e-06,2.80731e-06,1,1,57,21,10,5,1,6,133,0.14
8,0.437223,23,2.80731e-06,2.80731e-06,1,1,57,21,10,5,1,6,133,0.208
8,0.437223,24,2.80731e-06,2.80731e-06,1,1,57,19,12,5,1,6,145,0.208
8,0.437223,25,2.80731e-06,2.80731e-06,1,1,57,19,12,5,1,6,145,0.144
8,0.437223,26,2.80731e-06,2.80731e-06,1,1,57,19,12,5,1,6,145,0.239
8,0.437223,27,2.80731e-06,2.80731e-06,1,1,57,19,12,5,1,6,145,0.208
8,0.437223,28,2.80731e-06,2.80731e-06,1,1,57,21,10,5,1,6,133,0.138
8,0.437223,29,2.80731e-06,2.80731e-06,1,1,57,21,10,5,1,6,133,0.208
8,0.437223,30,2.80731e-06,2.80731e-06,1,1,57,21,10,5,1,6,133,0.239
8,0.437223,31,2.80731e-06,2.80731e-06,1,1,57,21,10,5,1,6,133,0.138
8,0.437223,32,2.80731e-06,2.80731e-06,1,1,57,19,12,5,1,6,145,0.21
8,0.437223,33,2.80731e-06,2.80731e-06,1,1,57,19,12,5,1,6,145,0.208
8,0.437223,34,2.80731e-06,2.80731e-06,1,1,57,19,12,5,1,6,145,0.135
8,0.437223,35,2.80731e-06,2.80731e-06,1,1,57,19,12,5,1,6,145,0.242
8,0.547005,0,2.91154e-06,2.91154e-06,1,1,55,20,10,4,1,5,125,0.202
8,0.547005,1,2.91154e-06,2.91154e-06,1,1,57,20,11,4,1,5,132,0.132
8,0.547005,2,2.91154e-06,2.91154e-06,1,1,57,20,11,4,1,5,132,0.202
8,0.547005,3,2.91154e-06,2.91154e-06,1,1,57,20,11,4,1,5,132,0.131
8,0.547005,4,2.91154e-06,2.91154e-06,1,1,57,20,11,4,1,5,132,0.201
8,0.547005,5,2.91154e-06,2.91154e-06,1,1,55,20,10,4,1,5,125,0.231
8,0.547005,6,2.91154e-06,2.91154e-06,1,1,57,20,11,4,1,5,132,0.202
8,0.547005,7,2.91154e-06,2.91154e-06,1,1,55,20,10,4,1,5,125,0.133
8,0.547005,8,2.91154e-06,2.91154e-06,1,1,58,20,12,4,1,5,139,0.202
8,0.547005,9,2.91154e-06,2.91154e-06,1,1,58,20,12,4,1,5,139,0.142
8,0.547005,10,2.91154e-06,2.91154e-06,1,1,58,20,12,4,1,5,139,0.234
8,0.547005,11,2.91154e-06,2.91154e-06,1,1,58,20,12,4,1,5,139,0.201
8,0.547005,12,2.91154e-06,2.91154e-06,1,1,58,20,12,4,1,5,139,0.134
8,0.547005,13,2.91154e-06,2.91154e-06,1,1,58,20,12,4,1,5,139,0.2
8,0.547005,14,2.91154e-06,2.91154e-06,1,1,58,20,12,4,1,5,139,0.202
8,0.547005,15,2.91154e-06,2.91154e-06,1,1,58,20,12,4,1,5,139,0.23
8,0.547005,16,2.91154e-06,2.91154e-06,1,1,58,20,12,4,1,5,139,0.133
8,0.547005,17,2.91154e-06,2.91154e-06,1,1,58,20,12,4,1,5,139,0.206
8,0.547005,18,2.91154e-06,2.91154e-06,1,1,58,20,12,4,1,5,139,0.134
8,0.547005,19,2.91154e-06,2.91154e-06,1,1,58,20,12,4,1,5,139,0.205
8,0.547005,20,2.91154e-06,2.91154e-06,1,1,58,20,12,4,1,5,139,0.233
8,0.547005,21,2.91154e-06,2.91154e-06,1,1,58,20,12,4,1,5,139,0.133
8,0.547005,22,2.91154e-06,2.91154e-06,1,1,58,20,12,4,1,5,139,0.204
8,0.547005,23,2.91154e-06,2.91154e-06,1,1,58,20,12,4,1,5,139,0.203
8,0.547005,24,2.91154e-06,2.91154e-06,1,1,58,20,12,4,1,5,139,0.132
8,0.547005,25,2.91154e-06,2.91154e-06,1,1,58,20,12,4,1,5,139,0.234
8,0.547005,26,2.91154e-06,2.91154e-06,1,1,58,20,12,4,1,5,139,0.205
8,0.547005,27,2.91154e-06,2.91154e-06,1,1,58,20,12,4,1,5,139,0.133
8,0.547005,28,2.91154e-06,2.91154e-06,1,1,58,20,12,4,1,5,139,0.201
8,0.547005,29,2.91154e-06,2.91154e-06,1,1,58,20,12,4,1,5,139,0.232
8,0.547005,30,2.91154e-06,2.91154e-06,1,1,58,20,12,4,1,5,139,0.134
8,0.547005,31,2.91154e-06,2.91154e-06,1,1,58,20,12,4,1,5,139,0.205
8,0.547005,32,2.91154e-06,2.91154e-06,1,1,57,20,11,4,1,5,132,0.203
8,0.547005,33,2.91154e-06,2.91154e-06,1,1,57,20,11,4,1,5,132,0.134
8,0.547005,34,2.91154e-06,2.91154e-06,1,1,55,20,10,4,1,5,125,0.231
8,0.547005,35,2.91154e-06,2.91154e-06,1,1,55,20,10,4,1,5,125,0.201
8,0.652799,0,2.83433e-06,2.83433e-06,1,1,63,23,12,3,1,4,135,0.12
8,0.652799,1,2.83433e-06,2.83433e-06,1,1,61,23,12,2,0,2,121,0.181
8,0.652799,2,2.83433e-06,2.83433e-06,1,1,61,23,12,2,0,2,121,0.119
8,0.652799,3,2.83433e-06,2.83433e-06,1,1,63,23,12,3,1,4,135,0.18
8,0.652799,4,2.83433e-06,2.83433e-06,1,1,60,23,10,3,1,4,121,0.206
8,0.652799,5,2.83433e-06,2.83433e-06,1,1,58,23,10,2,0,2,107,0.179
8,0.652799,6,2.83433e-06,2.83433e-06,1,1,62,23,11,3,1,4,128,0.123
8,0.652799,7,2.83433e-06,2.83433e-06,1,1,60,23,11,2,0,2,114,0.121
8,0.652799,8,2.83433e-06,2.83433e-06,1,1,61,23,12,2,0,2,121,0.18
8,0.652799,9,2.83433e-06,2.83433e-06,1,1,63,23,12,3,1,4,135,0.18
8,0.652799,10,2.83433e-06,2.83433e-06,1,1,63,23,12,3,1,4,135,0.208
8,0.652799,11,2.83433e-06,2.83433e-06,1,1,61,23,12,2,0,2,121,0.12
8,0.652799,12,2.83433e-06,2.83433e-06,1,1,63,23,12,3,1,4,135,0.179
8,0.652799,13,2.83433e-06,2.83433e-06,1,1,61,23,12,2,0,2,121,0.179
8,0.652799,14,2.83433e-06,2.83433e-06,1,1,61,23,12,2,0,2,121,0.12
8,0.652799,15,2.83433e-06,2.83433e-06,1,1,63,23,12,3,1,4,135,0.208
8,0.652799,16,2.83433e-06,2.83433e-06,1,1,58,23,10,2,0,2,107,0.117
8,0.652799,17,2.83433e-06,2.83433e-06,1,1,60,23,10,3,1,4,121,0.181
8,0.652799,18,2.83433e-06,2.83433e-06,1,1,58,23,10,2,0,2,107,0.179
8,0.652799,19,2.83433e-06,2.83433e-06,1,1,60,23,10,3,1,4,121,0.206
8,0.652799,20,2.83433e-06,2.83433e-06,1,1,61,23,12,2,0,2,121,0.121
8,0.652799,21,2.83433e-06,2.83433e-06,1,1,63,23,12,3,1,4,135,0.182
8,0.652799,22,2.83433e-06,2.83433e-06,1,1,63,23,12,3,1,4,135,0.179
8,0.652799,23,2.83433e-06,2.83433e-06,1,1,61,23,12,2,0,2,121,0.118
8,0.652799,24,2.83433e-06,2.83433e-06,1,1,61,23,12,2,0,2,121,0.21
8,0.652799,25,2.83433e-06,2.83433e-06,1,1,63,23,12,3,1,4,135,0.121
8,0.652799,26,2.83433e-06,2.83433e-06,1,1,61,23,12,2,0,2,121,0.181
8,0.652799,27,2.83433e-06,2.83433e-06,1,1,63,23,12,3,1,4,135,0.181
8,0.652799,28,2.83433e-06,2.83433e-06,1,1,61,23,12,2,0,2,121,0.12
8,0.652799,29,2.83433e-06,2.83433e-06,1,1,63,23,12,3,1,4,135,0.208
8,0.652799,30,2.83433e-06,2.83433e-06,1,1,63,23,12,3,1,4,135,0.182
8,0.652799,31,2.83433e-06,2.83433e-06,1,1,61,23,12,2,0,2,121,0.181
8,0.652799,32,2.83433e-06,2.83433e-06,1,1,62,23,11,3,1,4,128,0.121
8,0.652799,33,2.83433e-06,2.83433e-06,1,1,60,23,11,2,0,2,114,0.207
8,0.652799,34,2.83433e-06,2.83433e-06,1,1,60,23,11,2,0,2,114,0.119
8,0.652799,35,2.83433e-06,2.83433e-06,1,1,62,23,11,3,1,4,128,0.178
8,0.75392,0,2.78706e-06,2.78706e-06,1,1,63,25,12,0,0,0,109,0.192
8,0.75392,1,2.78706e-06,2.78706e-06,1,1,65,25,12,1,1,2,123,0.125
8,0.75392,2,2.78706e-06,2.78706e-06,1,1,65,25,12,1,1,2,123,0.193
8,0.75392,3,2.78706e-06,2.78706e-06,1,1,63,25,12,0,0,0,109,0.216
8,0.75392,4,2.78706e-06,2.78706e-06,1,1,63,27,10,0,0,0,97,0.191
8,0.75392,5,2.78706e-06,2.78706e-06,1,1,65,27,10,1,1,2,111,0.126
8,0.75392,6,2.78706e-06,2.78706e-06,1,1,65,27,10,1,1,2,111,0.148
8,0.75392,7,2.78706e-06,2.78706e-06,1,1,63,27,10,0,0,0,97,0.193
8,0.75392,8,2.78706e-06,2.78706e-06,1,1,65,25,12,1,1,2,123,0.193
8,0.75392,9,2.78706e-06,2.78706e-06,1,1,63,25,12,0,0,0,109,0.22
8,0.75392,10,2.78706e-06,2.78706e-06,1,1,65,25,12,1,1,2,123,0.127
8,0.75392,11,2.78706e-06,2.78706e-06,1,1,63,25,12,0,0,0,109,0.192
8,0.75392,12,2.78706e-06,2.78706e-06,1,1,63,27,10,0,0,0,97,0.191
8,0.75392,13,2.78706e-06,2.78706e-06,1,1,65,27,10,1,1,2,111,0.221
8,0.75392,14,2.78706e-06,2.78706e-06,1,1,63,27,10,0,0,0,97,0.125
8,0.75392,15,2.78706e-06,2.78706e-06,1,1,65,27,10,1,1,2,111,0.194
8,0.75392,16,2.78706e-06,2.78706e-06,1,1,65,25,12,1,1,2,123,0.128
8,0.75392,17,2.78706e-06,2.78706e-06,1,1,63,25,12,0,0,0,109,0.194
8,0.75392,18,2.78706e-06,2.78706e-06,1,1,63,25,12,0,0,0,109,0.219
8,0.75392,19,2.78706e-06,2.78706e-06,1,1,65,25,12,1,1,2,123,0.125
8,0.75392,20,2.78706e-06,2.78706e-06,1,1,63,25,12,0,0,0,109,0.194
8,0.75392,21,2.78706e-06,2.78706e-06,1,1,65,25,12,1,1,2,123,0.194
8,0.75392,22,2.78706e-06,2.78706e-06,1,1,65,25,12,1,1,2,123,0.128
8,0.75392,23,2.78706e-06,2.78706e-06,1,1,63,25,12,0,0,0,109,0.221
8,0.75392,24,2.78706e-06,2.78706e-06,1,1,65,27,10,1,1,2,111,0.126
8,0.75392,25,2.78706e-06,2.78706e-06,1,1,63,27,10,0,0,0,97,0.194
8,0.75392,26,2.78706e-06,2.78706e-06,1,1,65,27,10,1,1,2,111,0.194
8,0.75392,27,2.78706e-06,2.78706e-06,1,1,63,27,10,0,0,0,97,0.128
8,0.75392,28,2.78706e-06,2.78706e-06,1,1,65,25,12,1,1,2,123,0.222
8,0.75392,29,2.78706e-06,2.78706e-06,1,1,63,25,12,0,0,0,109,0.193
8,0.75392,30,2.78706e-06,2.78706e-06,1,1,63,25,12,0,0,0,109,0.192
8,0.75392,31,2.78706e-06,2.78706e-06,1,1,65,25,12,1,1,2,123,0.127
8,0.75392,32,2.78706e-06,2.78706e-06,1,1,63,25,12,0,0,0,109,0.219
8,0.75392,33,2.78706e-06,2.78706e-06,1,1,65,25,12,1,1,2,123,0.127
8,0.75392,34,2.78706e-06,2.78706e-06,1,1,63,25,12,0,0,0,109,0.194
8,0.75392,35,2.78706e-06,2.78706e-06,1,1,65,25,12,1,1,2,123,0.194
8,0.860866,0,2.78494e-06,2.78494e-06,1,1,65,27,8,3,1,4,111,0.123
8,0.860866,1,2.78494e-06,2.78494e-06,1,1,63,27,8,2,0,2,97,0.188
8,0.860866,2,2.78494e-06,2.78494e-06,1,1,63,27,8,2,0,2,97,0.21
8,0.860866,3,2.78494e-06,2.78494e-06,1,1,65,27,8,3,1,4,111,0.184
8,0.860866,4,2.78494e-06,2.78494e-06,1,1,63,25,10,2,0,2,109,0.122
8,0.860866,5,2.78494e-06,2.78494e-06,1,1,65,25,10,3,1,4,123,0.121
8,0.860866,6,2.78494e-06,2.78494e-06,1,1,65,25,10,3,1,4,123,0.187
8,0.860866,7,2.78494e-06,2.78494e-06,1,1,63,25,10,2,0,2,109,0.187
8,0.860866,8,2.78494e-06,2.78494e-06,1,1,63,25,10,2,0,2,109,0.214
8,0.860866,9,2.78494e-06,2.78494e-06,1,1,65,25,10,3,1,4,123,0.122
8,0.860866,10,2.78494e-06,2.78494e-06,1,1,63,25,10,2,0,2,109,0.188
8,0.860866,11,2.78494e-06,2.78494e-06,1,1,65,25,10,3,1,4,123,0.188
8,0.860866,12,2.78494e-06,2.78494e-06,1,1,65,27,8,3,1,4,111,0.121
8,0.860866,13,2.78494e-06,2.78494e-06,1,1,63,27,8,2,0,2,97,0.213
8,0.860866,14,2.78494e-06,2.78494e-06,1,1,63,27,8,2,0,2,97,0.123
8,0.860866,15,2.78494e-06,2.78494e-06,1,1,65,27,8,3,1,4,111,0.189
8,0.860866,16,2.78494e-06,2.78494e-06,1,1,63,25,10,2,0,2,109,0.188
8,0.860866,17,2.78494e-06,2.78494e-06,1,1,65,25,10,3,1,4,123,0.215
8,0.860866,18,2.78494e-06,2.78494e-06,1,1,65,25,10,3,1,4,123,0.125
8,0.860866,19,2.78494e-06,2.78494e-06,1,1,63,25,10,2,0,2,109,0.189
8,0.860866,20,2.78494e-06,2.78494e-06,1,1,65,25,10,3,1,4,123,0.186
8,0.860866,21,2.78494e-06,2.78494e-06,1,1,63,25,10,2,0,2,109,0.123
8,0.860866,22,2.78494e-06,2.78494e-06,1,1,65,25,10,3,1,4,123,0.215
8,0.860866,23,2.78494e-06,2.78494e-06,1,1,63,25,10,2,0,2,109,0.122
8,0.860866,24,2.78494e-06,2.78494e-06,1,1,65,27,8,3,1,4,111,0.184
8,0.860866,25,2.78494e-06,2.78494e-06,1,1,63,27,8,2,0,2,97,0.184
8,0.860866,26,2.78494e-06,2.78494e-06,1,1,65,27,8,3,1,4,111,0.124
8,0.860866,27,2.78494e-06,2.78494e-06,1,1,63,27,8,2,0,2,97,0.215
8,0.860866,28,2.78494e-06,2.78494e-06,1,1,65,25,10,3,1,4,123,0.186
8,0.860866,29,2.78494e-06,2.78494e-06,1,1,63,25,10,2,0,2,109,0.186
8,0.860866,30,2.78494e-06,2.78494e-06,1,1,65,25,10,3,1,4,123,0.124
8,0.860866,31,2.78494e-06,2.78494e-06,1,1,63,25,10,2,0,2,109,0.123
8,0.860866,32,2.78494e-06,2.78494e-06,1,1,63,25,10,2,0,2,109,0.212
8,0.860866,33,2.78494e-06,2.78494e-06,1,1,65,25,10,3,1,4,123,0.186
8,0.860866,34,2.78494e-06,2.78494e-06,1,1,63,25,10,2,0,2,109,0.185
8,0.860866,35,2.78494e-06,2.78494e-06,1,1,65,25,10,3,1,4,123,0.12
8,0.97313,0,2.94326e-06,2.94326e-06,1,1,51,15,14,5,1,6,155,0.226
8,0.97313,1,2.94326e-06,2.94326e-06,1,1,51,15,14,5,1,6,155,0.262
8,0.97313,2,2.94326e-06,2.94326e-06,1,1,51,15,14,5,1,6,155,0.225
8,0.97313,3,2.94326e-06,2.94326e-06,1,1,51,15,14,5,1,6,155,0.152
8,0.97313,4,2.94326e-06,2.94326e-06,1,1,51,15,14,5,1,6,155,0.154
8,0.97313,5,2.94326e-06,2.94326e-06,1,1,51,15,14,5,1,6,155,0.223
8,0.97313,6,2.94326e-06,2.94326e-06,1,1,51,15,14,5,1,6,155,0.223
8,0.97313,7,2.94326e-06,2.94326e-06,1,1,51,15,14,5,1,6,155,0.264
8,0.97313,8,2.94326e-06,2.94326e-06,1,1,51,15,14,5,1,6,155,0.154
8,0.97313,9,2.94326e-06,2.94326e-06,1,1,51,15,14,5,1,6,155,0.224
8,0.97313,10,2.94326e-06,2.94326e-06,1,1,51,15,14,5,1,6,155,0.225
8,0.97313,11,2.94326e-06,2.94326e-06,1,1,51,15,14,5,1,6,155,0.148
8,0.97313,12,2.94326e-06,2.94326e-06,1,1,50,15,13,5,1,6,148,0.267
8,0.97313,13,2.94326e-06,2.94326e-06,1,1,50,15,13,5,1,6,148,0.15
8,0.97313,14,2.94326e-06,2.94326e-06,1,1,50,15,13,5,1,6,148,0.23
8,0.97313,15,2.94326e-06,2.94326e-06,1,1,50,15,13,5,1,6,148,0.229
8,0.97313,16,2.94326e-06,2.94326e-06,1,1,50,15,13,5,1,6,148,0.151
8,0.97313,17,2.94326e-06,2.94326e-06,1,1,50,15,13,5,1,6,148,0.263
8,0.97313,18,2.94326e-06,2.94326e-06,1,1,48,15,12,5,1,6,141,0.226
8,0.97313,19,2.94326e-06,2.94326e-06,1,1,50,15,13,5,1,6,148,0.226
8,0.97313,20,2.94326e-06,2.94326e-06,1,1,51,15,14,5,1,6,155,0.152
8,0.97313,21,2.94326e-06,2.94326e-06,1,1,51,15,14,5,1,6,155,0.261
8,0.97313,22,2.94326e-06,2.94326e-06,1,1,51,15,14,5,1,6,155,0.149
8,0.97313,23,2.94326e-06,2.94326e-06,1,1,51,15,14,5,1,6,155,0.226
8,0.97313,24,2.94326e-06,2.94326e-06,1,1,51,15,14,5,1,6,155,0.226
8,0.97313,25,2.94326e-06,2.94326e-06,1,1,51,15,14,5,1,6,155,0.152
8,0.97313,26,2.94326e-06,2.94326e-06,1,1,51,15,14,5,1,6,155,0.266
8,0.97313,27,2.94326e-06,2.94326e-06,1,1,51,15,14,5,1,6,155,0.227
8,0.97313,28,2.94326e-06,2.94326e-06,1,1,51,15,14,5,1,6,155,0.227
8,0.97313,29,2.94326e-06,2.94326e-06,1,1,51,15,14,5,1,6,155,0.172
8,0.97313,30,2.94326e-06,2.94326e-06,1,1,51,15,14,5,1,6,155,0.152
8,0.97313,31,2.94326e-06,2.94326e-06,1,1,51,15,14,5,1,6,155,0.227
8,0.97313,32,2.94326e-06,2.94326e-06,1,1,50,15,13,5,1,6,148,0.263
8,0.97313,33,2.94326e-06,2.94326e-06,1,1,50,15,13,5,1,6,148,0.227
8,0.97313,34,2.94326e-06,2.94326e-06,1,1,48,15,12,5,1,6,141,0.149
8,0.97313,35,2.94326e-06,2.94326e-06,1,1,50,15,13,5,1,6,148,0.227
8,1.08306,0,2.78056e-06,2.78056e-06,1,1,68,29,8,1,1,2,99,0.159
8,1.08306,1,2.78056e-06,2.78056e-06,1,1,68,29,8,1,1,2,99,0.182
8,1.08306,2,2.78056e-06,2.78056e-06,1,1,70,29,9,1,1,2,106,0.105
8,1.08306,3,2.78056e-06,2.78056e-06,1,1,70,29,9,1,1,2,106,0.104
8,1.08306,4,2.78056e-06,2.78056e-06,1,1,71,29,10,1,1,2,113,0.16
8,1.08306,5,2.78056e-06,2.78056e-06,1,1,71,29,10,1,1,2,113,0.182
8,1.08306,6,2.78056e-06,2.78056e-06,1,1,71,29,10,1,1,2,113,0.163
8,1.08306,7,2.78056e-06,2.78056e-06,1,1,71,29,10,1,1,2,113,0.106
8,1.08306,8,2.78056e-06,2.78056e-06,1,1,71,29,10,1,1,2,113,0.159
8,1.08306,9,2.78056e-06,2.78056e-06,1,1,71,29,10,1,1,2,113,0.108
8,1.08306,10,2.78056e-06,2.78056e-06,1,1,71,29,10,1,1,2,113,0.162
8,1.08306,11,2.78056e-06,2.78056e-06,1,1,71,29,10,1,1,2,113,0.182
8,1.08306,12,2.78056e-06,2.78056e-06,1,1,68,29,8,1,1,2,99,0.108
8,1.08306,13,2.78056e-06,2.78056e-06,1,1,70,29,9,1,1,2,106,0.16
8,1.08306,14,2.78056e-06,2.78056e-06,1,1,68,29,8,1,1,2,99,0.162
8,1.08306,15,2.78056e-06,2.78056e-06,1,1,68,29,8,1,1,2,99,0.107
8,1.08306,16,2.78056e-06,2.78056e-06,1,1,71,29,10,1,1,2,113,0.184
8,1.08306,17,2.78056e-06,2.78056e-06,1,1,71,29,10,1,1,2,113,0.16
8,1.08306,18,2.78056e-06,2.78056e-06,1,1,71,29,10,1,1,2,113,0.106
8,1.08306,19,2.78056e-06,2.78056e-06,1,1,71,29,10,1,1,2,113,0.16
8,1.08306,20,2.78056e-06,2.78056e-06,1,1,71,29,10,1,1,2,113,0.182
8,1.08306,21,2.78056e-06,2.78056e-06,1,1,71,29,10,1,1,2,113,0.105
8,1.08306,22,2.78056e-06,2.78056e-06,1,1,71,29,10,1,1,2,113,0.161
8,1.08306,23,2.78056e-06,2.78056e-06,1,1,71,29,10,1,1,2,113,0.163
8,1.08306,24,2.78056e-06,2.78056e-06,1,1,71,29,10,1,1,2,113,0.105
8,1.08306,25,2.78056e-06,2.78056e-06,1,1,71,29,10,1,1,2,113,0.183
8,1.08306,26,2.78056e-06,2.78056e-06,1,1,71,29,10,1,1,2,113,0.16
8,1.08306,27,2.78056e-06,2.78056e-06,1,1,71,29,10,1,1,2,113,0.104
8,1.08306,28,2.78056e-06,2.78056e-06,1,1,71,29,10,1,1,2,113,0.16
8,1.08306,29,2.78056e-06,2.78056e-06,1,1,71,29,10,1,1,2,113,0.103
8,1.08306,30,2.78056e-06,2.78056e-06,1,1,71,29,10,1,1,2,113,0.16
8,1.08306,31,2.78056e-06,2.78056e-06,1,1,71,29,10,1,1,2,113,0.182
8,1.08306,32,2.78056e-06,2.78056e-06,1,1,70,29,9,1,1,2,106,0.16
8,1.08306,33,2.78056e-06,2.78056e-06,1,1,70,29,9,1,1,2,106,0.104
8,1.08306,34,2.78056e-06,2.78056e-06,1,1,70,29,9,1,1,2,106,0.163
8,1.08306,35,2.78056e-06,2.78056e-06,1,1,68,29,8,1,1,2,99,0.107
8,1.19572,0,2.87277e-06,2.87277e-06,1,1,65,23,10,7,1,8,149,0.179
8,1.19572,1,2.87277e-06,2.87277e-06,1,1,65,23,10,7,1,8,149,0.156
8,1.19572,2,2.87277e-06,2.87277e-06,1,1,65,23,10,7,1,8,149,0.11
8,1.19572,3,2.87277e-06,2.87277e-06,1,1,65,23,10,7,1,8,149,0.155
8,1.19572,4,2.87277e-06,2.87277e-06,1,1,65,25,8,7,1,8,137,0.179
8,1.19572,5,2.87277e-06,2.87277e-06,1,1,65,25,8,7,1,8,137,0.156
8,1.19572,6,2.87277e-06,2.87277e-06,1,1,65,25,8,7,1,8,137,0.102
8,1.19572,7,2.87277e-06,2.87277e-06,1,1,65,25,8,7,1,8,137,0.157
8,1.19572,8,2.87277e-06,2.87277e-06,1,1,65,23,10,7,1,8,149,0.102
8,1.19572,9,2.87277e-06,2.87277e-06,1,1,65,23,10,7,1,8,149,0.155
8,1.19572,10,2.87277e-06,2.87277e-06,1,1,65,23,10,7,1,8,149,0.179
8,1.19572,11,2.87277e-06,2.87277e-06,1,1,65,23,10,7,1,8,149,0.103
8,1.19572,12,2.87277e-06,2.87277e-06,1,1,65,25,8,7,1,8,137,0.157
8,1.19572,13,2.87277e-06,2.87277e-06,1,1,65,25,8,7,1,8,137,0.156
8,1.19572,14,2.87277e-06,2.87277e-06,1,1,65,25,8,7,1,8,137,0.104
8,1.19572,15,2.87277e-06,2.87277e-06,1,1,65,25,8,7,1,8,137,0.18
8,1.19572,16,2.87277e-06,2.87277e-06,1,1,65,23,10,7,1,8,149,0.154
8,1.19572,17,2.87277e-06,2.87277e-06,1,1,65,23,10,7,1,8,149,0.102
8,1.19572,18,2.87277e-06,2.87277e-06,1,1,65,23,10,7,1,8,149,0.155
8,1.19572,19,2.87277e-06,2.87277e-06,1,1,65,23,10,7,1,8,149,0.18
8,1.19572,20,2.87277e-06,2.87277e-06,1,1,65,23,10,7,1,8,149,0.103
8,1.19572,21,2.87277e-06,2.87277e-06,1,1,65,23,10,7,1,8,149,0.155
8,1.19572,22,2.87277e-06,2.87277e-06,1,1,65,23,10,7,1,8,149,0.155
8,1.19572,23,2.87277e-06,2.87277e-06,1,1,65,23,10,7,1,8,149,0.102
8,1.19572,24,2.87277e-06,2.87277e-06,1,1,65,25,8,7,1,8,137,0.177
8,1.19572,25,2.87277e-06,2.87277e-06,1,1,65,25,8,7,1,8,137,0.155
8,1.19572,26,2.87277e-06,2.87277e-06,1,1,65,25,8,7,1,8,137,0.102
8,1.19572,27,2.87277e-06,2.87277e-06,1,1,65,25,8,7,1,8,137,0.156
8,1.19572,28,2.87277e-06,2.87277e-06,1,1,65,23,10,7,1,8,149,0.104
8,1.19572,29,2.87277e-06,2.87277e-06,1,1,65,23,10,7,1,8,149,0.155
8,1.19572,30,2.87277e-06,2.87277e-06,1,1,65,23,10,7,1,8,149,0.176
8,1.19572,31,2.87277e-06,2.87277e-06,1,1,65,23,10,7,1,8,149,0.154
8,1.19572,32,2.87277e-06,2.87277e-06,1,1,65,23,10,7,1,8,149,0.112
8,1.19572,33,2.87277e-06,2.87277e-06,1,1,65,23,10,7,1,8,149,0.155
8,1.19572,34,2.87277e-06,2.87277e-06,1,1,65,23,10,7,1,8,149,0.103
8,1.19572,35,2.87277e-06,2.87277e-06,1,1,65,23,10,7,1,8,149,0.178
8,1.30341,0,2.7829e-06,2.7829e-06,1,1,66,25,9,5,1,6,130,0.16
8,1.30341,1,2.7829e-06,2.7829e-06,1,1,64,25,9,4,0,4,116,0.105
8,1.30341,2,2.7829e-06,2.7829e-06,1,1,62,25,8,4,0,4,109,0.159
8,1.30341,3,2.7829e-06,2.7829e-06,1,1,64,25,8,5,1,6,123,0.181
8,1.30341,4,2.7829e-06,2.7829e-06,1,1,64,25,9,4,0,4,116,0.16
8,1.30341,5,2.7829e-06,2.7829e-06,1,1,66,25,9,5,1,6,130,0.104
8,1.30341,6,2.7829e-06,2.7829e-06,1,1,64,25,8,5,1,6,123,0.16
8,1.30341,7,2.7829e-06,2.7829e-06,1,1,62,25,8,4,0,4,109,0.104
8,1.30341,8,2.7829e-06,2.7829e-06,1,1,67,25,10,5,1,6,137,0.16
8,1.30341,9,2.7829e-06,2.7829e-06,1,1,65,25,10,4,0,4,123,0.181
8,1.30341,10,2.7829e-06,2.7829e-06,1,1,67,25,10,5,1,6,137,0.104
8,1.30341,11,2.7829e-06,2.7829e-06,1,1,65,25,10,4,0,4,123,0.16
8,1.30341,12,2.7829e-06,2.7829e-06,1,1,64,25,8,5,1,6,123,0.104
8,1.30341,13,2.7829e-06,2.7829e-06,1,1,62,25,8,4,0,4,109,0.159
8,1.30341,14,2.7829e-06,2.7829e-06,1,1,66,25,9,5,1,6,130,0.181
8,1.30341,15,2.7829e-06,2.7829e-06,1,1,64,25,9,4,0,4,116,0.159
8,1.30341,16,2.7829e-06,2.7829e-06,1,1,65,25,10,4,0,4,123,0.104
8,1.30341,17,2.7829e-06,2.7829e-06,1,1,67,25,10,5,1,6,137,0.161
8,1.30341,18,2.7829e-06,2.7829e-06,1,1,65,25,10,4,0,4,123,0.182
8,1.30341,19,2.7829e-06,2.7829e-06,1,1,67,25,10,5,1,6,137,0.105
8,1.30341,20,2.7829e-06,2.7829e-06,1,1,65,25,10,4,0,4,123,0.16
8,1.30341,21,2.7829e-06,2.7829e-06,1,1,67,25,10,5,1,6,137,0.103
8,1.30341,22,2.7829e-06,2.7829e-06,1,1,65,25,10,4,0,4,123,0.159
8,1.30341,23,2.7829e-06,2.7829e-06,1,1,67,25,10,5,1,6,137,0.182
8,1.30341,24,2.7829e-06,2.7829e-06,1,1,65,25,10,4,0,4,123,0.158
8,1.30341,25,2.7829e-06,2.7829e-06,1,1,67,25,10,5,1,6,137,0.104
8,1.30341,26,2.7829e-06,2.7829e-06,1,1,67,25,10,5,1,6,137,0.159
8,1.30341,27,2.7829e-06,2.7829e-06,1,1,65,25,10,4,0,4,123,0.105
8,1.30341,28,2.7829e-06,2.7829e-06,1,1,65,25,10,4,0,4,123,0.184
8,1.30341,29,2.7829e-06,2.7829e-06,1,1,67,25,10,5,1,6,137,0.16
8,1.30341,30,2.7829e-06,2.7829e-06,1,1,67,25,10,5,1,6,137,0.104
8,1.30341,31,2.7829e-06,2.7829e-06,1,1,65,25,10,4,0,4,123,0.159
8,1.30341,32,2.7829e-06,2.7829e-06,1,1,67,25,10,5,1,6,137,0.159
8,1.30341,33,2.7829e-06,2.7829e-06,1,1,65,25,10,4,0,4,123,0.105
8,1.30341,34,2.7829e-06,2.7829e-06,1,1,67,25,10,5,1,6,137,0.182
8,1.30341,35,2.7829e-06,2.7829e-06,1,1,65,25,10,4,0,4,123,0.16
8,1.40808,0,2.78996e-06,2.78996e-06,1,1,71,29,10,1,1,2,113,0.107
8,1.40808,1,2.78996e-06,2.78996e-06,1,1,69,29,10,0,0,0,99,0.163
8,1.40808,2,2.78996e-06,2.78996e-06,1,1,71,29,10,1,1,2,113,0.186
8,1.40808,3,2.78996e-06,2.78996e-06,1,1,69,29,10,0,0,0,99,0.105
8,1.40808,4,2.78996e-06,2.78996e-06,1,1,71,29,10,1,1,2,113,0.161
8,1.40808,5,2.78996e-06,2.78996e-06,1,1,69,29,10,0,0,0,99,0.108
8,1.40808,6,2.78996e-06,2.78996e-06,1,1,69,29,10,0,0,0,99,0.163
8,1.40808,7,2.78996e-06,2.78996e-06,1,1,71,29,10,1,1,2,113,0.185
8,1.40808,8,2.78996e-06,2.78996e-06,1,1,69,29,10,0,0,0,99,0.162
8,1.40808,9,2.78996e-06,2.78996e-06,1,1,71,29,10,1,1,2,113,0.107
8,1.40808,10,2.78996e-06,2.78996e-06,1,1,71,29,10,1,1,2,113,0.16
8,1.40808,11,2.78996e-06,2.78996e-06,1,1,69,29,10,0,0,0,99,0.104
8,1.40808,12,2.78996e-06,2.78996e-06,1,1,71,31,8,1,1,2,101,0.162
8,1.40808,13,2.78996e-06,2.78996e-06,1,1,69,31,8,0,0,0,87,0.185
8,1.40808,14,2.78996e-06,2.78996e-06,1,1,69,31,8,0,0,0,87,0.113
8,1.40808,15,2.78996e-06,2.78996e-06,1,1,71,31,8,1,1,2,101,0.162
8,1.40808,16,2.78996e-06,2.78996e-06,1,1,69,29,10,0,0,0,99,0.162
8,1.40808,17,2.78996e-06,2.78996e-06,1,1,71,29,10,1,1,2,113,0.108
8,1.40808,18,2.78996e-06,2.78996e-06,1,1,71,29,10,1,1,2,113,0.188
8,1.40808,19,2.78996e-06,2.78996e-06,1,1,69,29,10,0,0,0,99,0.163
8,1.40808,20,2.78996e-06,2.78996e-06,1,1,71,29,10,1,1,2,113,0.107
8,1.40808,21,2.78996e-06,2.78996e-06,1,1,69,29,10,0,0,0,99,0.164
8,1.40808,22,2.78996e-06,2.78996e-06,1,1,69,29,10,0,0,0,99,0.186
8,1.40808,23,2.78996e-06,2.78996e-06,1,1,71,29,10,1,1,2,113,0.107
8,1.40808,24,2.78996e-06,2.78996e-06,1,1,71,31,8,1,1,2,101,0.163
8,1.40808,25,2.78996e-06,2.78996e-06,1,1,69,31,8,0,0,0,87,0.162
8,1.40808,26,2.78996e-06,2.78996e-06,1,1,69,31,8,0,0,0,87,0.108
8,1.40808,27,2.78996e-06,2.78996e-06,1,1,71,31,8,1,1,2,101,0.184
8,1.40808,28,2.78996e-06,2.78996e-06,1,1,69,29,10,0,0,0,99,0.163
8,1.40808,29,2.78996e-06,2.78996e-06,1,1,71,29,10,1,1,2,113,0.107
8,1.40808,30,2.78996e-06,2.78996e-06,1,1,69,29,10,0,0,0,99,0.161
8,1.40808,31,2.78996e-06,2.78996e-06,1,1,71,29,10,1,1,2,113,0.105
8,1.40808,32,2.78996e-06,2.78996e-06,1,1,71,31,8,1,1,2,101,0.161
8,1.40808,33,2.78996e-06,2.78996e-06,1,1,69,31,8,0,0,0,87,0.184
8,1.40808,34,2.78996e-06,2.78996e-06,1,1,69,31,8,0,0,0,87,0.163
8,1.40808,35,2.78996e-06,2.78996e-06,1,1,71,31,8,1,1,2,101,0.106
8,1.51165,0,2.80241e-06,2.80241e-06,1,1,63,23,10,5,1,6,135,0.19
8,1.51165,1,2.80241e-06,2.80241e-06,1,1,63,23,10,5,1,6,135,0.126
8,1.51165,2,2.80241e-06,2.80241e-06,1,1,63,23,10,5,1,6,135,0.219
8,1.51165,3,2.80241e-06,2.80241e-06,1,1,63,23,10,5,1,6,135,0.192
8,1.51165,4,2.80241e-06,2.80241e-06,1,1,63,25,8,5,1,6,123,0.125
8,1.51165,5,2.80241e-06,2.80241e-06,1,1,63,25,8,5,1,6,123,0.191
8,1.51165,6,2.80241e-06,2.80241e-06,1,1,63,25,8,5,1,6,123,0.219
8,1.51165,7,2.80241e-06,2.80241e-06,1,1,63,25,8,5,1,6,123,0.19
8,1.51165,8,2.80241e-06,2.80241e-06,1,1,63,23,10,5,1,6,135,0.125
8,1.51165,9,2.80241e-06,2.80241e-06,1,1,63,23,10,5,1,6,135,0.19
8,1.51165,10,2.80241e-06,2.80241e-06,1,1,63,23,10,5,1,6,135,0.125
8,1.51165,11,2.80241e-06,2.80241e-06,1,1,63,23,10,5,1,6,135,0.19
8,1.51165,12,2.80241e-06,2.80241e-06,1,1,63,23,10,5,1,6,135,0.219
8,1.51165,13,2.80241e-06,2.80241e-06,1,1,63,23,10,5,1,6,135,0.124
8,1.51165,14,2.80241e-06,2.80241e-06,1,1,63,23,10,5,1,6,135,0.191
8,1.51165,15,2.80241e-06,2.80241e-06,1,1,63,23,10,5,1,6,135,0.189
8,1.51165,16,2.80241e-06,2.80241e-06,1,1,63,23,10,5,1,6,135,0.126
8,1.51165,17,2.80241e-06,2.80241e-06,1,1,63,23,10,5,1,6,135,0.218
8,1.51165,18,2.80241e-06,2.80241e-06,1,1,63,23,10,5,1,6,135,0.19
8,1.51165,19,2.80241e-06,2.80241e-06,1,1,63,23,10,5,1,6,135,0.126
8,1.51165,20,2.80241e-06,2.80241e-06,1,1,63,25,8,5,1,6,123,0.189
8,1.51165,21,2.80241e-06,2.80241e-06,1,1,63,25,8,5,1,6,123,0.124
8,1.51165,22,2.80241e-06,2.80241e-06,1,1,63,25,8,5,1,6,123,0.217
8,1.51165,23,2.80241e-06,2.80241e-06,1,1,63,25,8,5,1,6,123,0.188
8,1.51165,24,2.80241e-06,2.80241e-06,1,1,63,23,10,5,1,6,135,0.189
8,1.51165,25,2.80241e-06,2.80241e-06,1,1,63,23,10,5,1,6,135,0.125
8,1.51165,26,2.80241e-06,2.80241e-06,1,1,63,23,10,5,1,6,135,0.212
8,1.51165,27,2.80241e-06,2.80241e-06,1,1,63,23,10,5,1,6,135,0.189
8,1.51165,28,2.80241e-06,2.80241e-06,1,1,63,23,10,5,1,6,135,0.124
8,1.51165,29,2.80241e-06,2.80241e-06,1,1,63,23,10,5,1,6,135,0.189
8,1.51165,30,2.80241e-06,2.80241e-06,1,1,63,23,10,5,1,6,135,0.124
8,1.51165,31,2.80241e-06,2.80241e-06,1,1,63,23,10,5,1,6,135,0.19
8,1.51165,32,2.80241e-06,2.80241e-06,1,1,63,25,8,5,1,6,123,0.221
8,1.51165,33,2.80241e-06,2.80241e-06,1,1,63,25,8,5,1,6,123,0.19
8,1.51165,34,2.80241e-06,2.80241e-06,1,1,63,25,8,5,1,6,123,0.128
8,1.51165,35,2.80241e-06,2.80241e-06,1,1,63,25,8,5,1,6,123,0.191
8,1.62068,0,2.90942e-06,2.90942e-06,1,1,60,23,12,1,0,1,114,0.135
8,1.62068,1,2.90942e-06,2.90942e-06,1,1,62,23,12,2,1,3,128,0.236
8,1.62068,2,2.90942e-06,2.90942e-06,1,1,60,23,12,1,0,1,114,0.204
8,1.62068,3,2.90942e-06,2.90942e-06,1,1,62,23,12,2,1,3,128,0.132
8,1.62068,4,2.90942e-06,2.90942e-06,1,1,62,23,12,2,1,3,128,0.203
8,1.62068,5,2.90942e-06,2.90942e-06,1,1,60,23,12,1,0,1,114,0.203
8,1.62068,6,2.90942e-06,2.90942e-06,1,1,60,23,12,1,0,1,114,0.235
8,1.62068,7,2.90942e-06,2.90942e-06,1,1,62,23,12,2,1,3,128,0.135
8,1.62068,8,2.90942e-06,2.90942e-06,1,1,60,23,12,1,0,1,114,0.203
8,1.62068,9,2.90942e-06,2.90942e-06,1,1,62,23,12,2,1,3,128,0.133
8,1.62068,10,2.90942e-06,2.90942e-06,1,1,60,23,12,1,0,1,114,0.202
8,1.62068,11,2.90942e-06,2.90942e-06,1,1,62,23,12,2,1,3,128,0.232
8,1.62068,12,2.90942e-06,2.90942e-06,1,1,62,23,12,2,1,3,128,0.135
8,1.62068,13,2.90942e-06,2.90942e-06,1,1,60,23,12,1,0,1,114,0.201
8,1.62068,14,2.90942e-06,2.90942e-06,1,1,62,23,12,2,1,3,128,0.202
8,1.62068,15,2.90942e-06,2.90942e-06,1,1,60,23,12,1,0,1,114,0.133
8,1.62068,16,2.90942e-06,2.90942e-06,1,1,62,23,12,2,1,3,128,0.23
8,1.62068,17,2.90942e-06,2.90942e-06,1,1,60,23,12,1,0,1,114,0.201
8,1.62068,18,2.90942e-06,2.90942e-06,1,1,60,23,12,1,0,1,114,0.132
8,1.62068,19,2.90942e-06,2.90942e-06,1,1,62,23,12,2,1,3,128,0.2
8,1.62068,20,2.90942e-06,2.90942e-06,1,1,62,23,12,2,1,3,128,0.131
8,1.62068,21,2.90942e-06,2.90942e-06,1,1,60,23,12,1,0,1,114,0.229
8,1.62068,22,2.90942e-06,2.90942e-06,1,1,62,23,12,2,1,3,128,0.199
8,1.62068,23,2.90942e-06,2.90942e-06,1,1,60,23,12,1,0,1,114,0.201
8,1.62068,24,2.90942e-06,2.90942e-06,1,1,60,25,10,1,0,1,102,0.132
8,1.62068,25,2.90942e-06,2.90942e-06,1,1,62,25,10,2,1,3,116,0.205
8,1.62068,26,2.90942e-06,2.90942e-06,1,1,62,25,10,2,1,3,116,0.233
8,1.62068,27,2.90942e-06,2.90942e-06,1,1,60,25,10,1,0,1,102,0.131
8,1.62068,28,2.90942e-06,2.90942e-06,1,1,60,25,10,1,0,1,102,0.202
8,1.62068,29,2.90942e-06,2.90942e-06,1,1,62,25,10,2,1,3,116,0.133
8,1.62068,30,2.90942e-06,2.90942e-06,1,1,62,25,10,2,1,3,116,0.202
8,1.62068,31,2.90942e-06,2.90942e-06,1,1,60,25,10,1,0,1,102,0.234
8,1.62068,32,2.90942e-06,2.90942e-06,1,1,60,25,10,1,0,1,102,0.201
8,1.62068,33,2.90942e-06,2.90942e-06,1,1,62,25,10,2,1,3,116,0.13
8,1.62068,34,2.90942e-06,2.90942e-06,1,1,60,25,10,1,0,1,102,0.201
8,1.62068,35,2.90942e-06,2.90942e-06,1,1,62,25,10,2,1,3,116,0.137
8,1.73374,0,2.78983e-06,2.78983e-06,1,1,83,37,6,1,1,2,93,0.129
8,1.73374,1,2.78983e-06,2.78983e-06,1,1,83,37,6,1,1,2,93,0.118
8,1.73374,2,2.78983e-06,2.78983e-06,1,1,83,37,6,1,1,2,93,0.079
8,1.73374,3,2.78983e-06,2.78983e-06,1,1,83,37,6,1,1,2,93,0.117
8,1.73374,4,2.78983e-06,2.78983e-06,1,1,83,37,6,1,1,2,93,0.13
8,1.73374,5,2.78983e-06,2.78983e-06,1,1,83,37,6,1,1,2,93,0.117
8,1.73374,6,2.78983e-06,2.78983e-06,1,1,83,37,6,1,1,2,93,0.078
8,1.73374,7,2.78983e-06,2.78983e-06,1,1,83,37,6,1,1,2,93,0.077
8,1.73374,8,2.78983e-06,2.78983e-06,1,1,83,39,4,1,1,2,81,0.117
8,1.73374,9,2.78983e-06,2.78983e-06,1,1,83,39,4,1,1,2,81,0.118
8,1.73374,10,2.78983e-06,2.78983e-06,1,1,83,39,4,1,1,2,81,0.13
8,1.73374,11,2.78983e-06,2.78983e-06,1,1,83,39,4,1,1,2,81,0.077
8,1.73374,12,2.78983e-06,2.78983e-06,1,1,83,37,6,1,1,2,93,0.117
8,1.73374,13,2.78983e-06,2.78983e-06,1,1,83,37,6,1,1,2,93,0.118
8,1.73374,14,2.78983e-06,2.78983e-06,1,1,83,37,6,1,1,2,93,0.077
8,1.73374,15,2.78983e-06,2.78983e-06,1,1,83,37,6,1,1,2,93,0.131
8,1.73374,16,2.78983e-06,2.78983e-06,1,1,83,37,6,1,1,2,93,0.078
8,1.73374,17,2.78983e-06,2.78983e-06,1,1,83,37,6,1,1,2,93,0.119
8,1.73374,18,2.78983e-06,2.78983e-06,1,1,83,37,6,1,1,2,93,0.118
8,1.73374,19,2.78983e-06,2.78983e-06,1,1,83,37,6,1,1,2,93,0.131
8,1.73374,20,2.78983e-06,2.78983e-06,1,1,83,37,6,1,1,2,93,0.078
8,1.73374,21,2.78983e-06,2.78983e-06,1,1,83,37,6,1,1,2,93,0.117
8,1.73374,22,2.78983e-06,2.78983e-06,1,1,83,37,6,1,1,2,93,0.117
8,1.73374,23,2.78983e-06,2.78983e-06,1,1,83,37,6,1,1,2,93,0.076
8,1.73374,24,2.78983e-06,2.78983e-06,1,1,83,39,4,1,1,2,81,0.129
8,1.73374,25,2.78983e-06,2.78983e-06,1,1,83,39,4,1,1,2,81,0.077
8,1.73374,26,2.78983e-06,2.78983e-06,1,1,83,39,4,1,1,2,81,0.119
8,1.73374,27,2.78983e-06,2.78983e-06,1,1,83,39,4,1,1,2,81,0.119
8,1.73374,28,2.78983e-06,2.78983e-06,1,1,83,37,6,1,1,2,93,0.078
8,1.73374,29,2.78983e-06,2.78983e-06,1,1,83,37,6,1,1,2,93,0.133
8,1.73374,30,2.78983e-06,2.78983e-06,1,1,83,37,6,1,1,2,93,0.119
8,1.73374,31,2.78983e-06,2.78983e-06,1,1,83,37,6,1,1,2,93,0.119
8,1.73374,32,2.78983e-06,2.78983e-06,1,1,83,39,4,1,1,2,81,0.079
8,1.73374,33,2.78983e-06,2.78983e-06,1,1,83,39,4,1,1,2,81,0.131
8,1.73374,34,2.78983e-06,2.78983e-06,1,1,83,39,4,1,1,2,81,0.079
8,1.73374,35,2.78983e-06,2.78983e-06,1,1,83,39,4,1,1,2,81,0.119
8,1.84582,0,2.97789e-06,2.97789e-06,1,1,53,19,14,1,1,2,131,0.245
8,1.84582,1,2.97789e-06,2.97789e-06,1,1,53,19,14,1,1,2,131,0.162
8,1.84582,2,2.97789e-06,2.97789e-06,1,1,53,19,14,1,1,2,131,0.285
8,1.84582,3,2.97789e-06,2.97789e-06,1,1,53,19,14,1,1,2,131,0.244
8,1.84582,4,2.97789e-06,2.97789e-06,1,1,53,17,16,1,1,2,143,0.161
8,1.84582,5,2.97789e-06,2.97789e-06,1,1,53,17,16,1,1,2,143,0.245
8,1.84582,6,2.97789e-06,2.97789e-06,1,1,53,17,16,1,1,2,143,0.245
8,1.84582,7,2.97789e-06,2.97789e-06,1,1,53,17,16,1,1,2,143,0.283
8,1.84582,8,2.97789e-06,2.97789e-06,1,1,53,17,16,1,1,2,143,0.163
8,1.84582,9,2.97789e-06,2.97789e-06,1,1,53,17,16,1,1,2,143,0.243
8,1.84582,10,2.97789e-06,2.97789e-06,1,1,53,17,16,1,1,2,143,0.163
8,1.84582,11,2.97789e-06,2.97789e-06,1,1,53,17,16,1,1,2,143,0.245
8,1.84582,12,2.97789e-06,2.97789e-06,1,1,53,17,16,1,1,2,143,0.285
8,1.84582,13,2.97789e-06,2.97789e-06,1,1,53,17,16,1,1,2,143,0.163
8,1.84582,14,2.97789e-06,2.97789e-06,1,1,53,17,16,1,1,2,143,0.247
8,1.84582,15,2.97789e-06,2.97789e-06,1,1,53,17,16,1,1,2,143,0.244
8,1.84582,16,2.97789e-06,2.97789e-06,1,1,53,17,16,1,1,2,143,0.159
8,1.84582,17,2.97789e-06,2.97789e-06,1,1,53,17,16,1,1,2,143,0.279
8,1.84582,18,2.97789e-06,2.97789e-06,1,1,53,17,16,1,1,2,143,0.245
8,1.84582,19,2.97789e-06,2.97789e-06,1,1,53,17,16,1,1,2,143,0.159
8,1.84582,20,2.97789e-06,2.97789e-06,1,1,53,19,14,1,1,2,131,0.245
8,1.84582,21,2.97789e-06,2.97789e-06,1,1,53,19,14,1,1,2,131,0.165
8,1.84582,22,2.97789e-06,2.97789e-06,1,1,53,19,14,1,1,2,131,0.286
8,1.84582,23,2.97789e-06,2.97789e-06,1,1,53,19,14,1,1,2,131,0.243
8,1.84582,24,2.97789e-06,2.97789e-06,1,1,53,19,14,1,1,2,131,0.243
8,1.84582,25,2.97789e-06,2.97789e-06,1,1,53,19,14,1,1,2,131,0.162
8,1.84582,26,2.97789e-06,2.97789e-06,1,1,53,19,14,1,1,2,131,0.248
8,1.84582,27,2.97789e-06,2.97789e-06,1,1,53,19,14,1,1,2,131,0.285
8,1.84582,28,2.97789e-06,2.97789e-06,1,1,53,17,16,1,1,2,143,0.161
8,1.84582,29,2.97789e-06,2.97789e-06,1,1,53,17,16,1,1,2,143,0.245
8,1.84582,30,2.97789e-06,2.97789e-06,1,1,53,17,16,1,1,2,143,0.159
8,1.84582,31,2.97789e-06,2.97789e-06,1,1,53,17,16,1,1,2,143,0.245
8,1.84582,32,2.97789e-06,2.97789e-06,1,1,53,17,16,1,1,2,143,0.284
8,1.84582,33,2.97789e-06,2.97789e-06,1,1,53,17,16,1,1,2,143,0.247
8,1.84582,34,2.97789e-06,2.97789e-06,1,1,53,17,16,1,1,2,143,0.179
8,1.84582,35,2.97789e-06,2.97789e-06,1,1,53,17,16,1,1,2,143,0.246
8,1.9546,0,2.81069e-06,2.81069e-06,1,1,45,11,16,6,0,6,165,0.154
8,1.9546,1,2.81069e-06,2.81069e-06,1,1,47,11,16,7,1,8,179,0.268
8,1.9546,2,2.81069e-06,2.81069e-06,1,1,45,11,16,6,0,6,165,0.235
8,1.9546,3,2.81069e-06,2.81069e-06,1,1,47,11,16,7,1,8,179,0.155
8,1.9546,4,2.81069e-06,2.81069e-06,1,1,45,13,14,6,0,6,153,0.229
8,1.9546,5,2.81069e-06,2.81069e-06,1,1,47,13,14,7,1,8,167,0.229
8,1.9546,6,2.81069e-06,2.81069e-06,1,1,47,13,14,7,1,8,167,0.151
8,1.9546,7,2.81069e-06,2.81069e-06,1,1,45,13,14,6,0,6,153,0.266
8,1.9546,8,2.81069e-06,2.81069e-06,1,1,45,11,16,6,0,6,165,0.23
8,1.9546,9,2.81069e-06,2.81069e-06,1,1,47,11,16,7,1,8,179,0.153
8,1.9546,10,2.81069e-06,2.81069e-06,1,1,45,11,16,6,0,6,165,0.231
8,1.9546,11,2.81069e-06,2.81069e-06,1,1,47,11,16,7,1,8,179,0.271
8,1.9546,12,2.81069e-06,2.81069e-06,1,1,47,11,16,7,1,8,179,0.152
8,1.9546,13,2.81069e-06,2.81069e-06,1,1,45,11,16,6,0,6,165,0.23
8,1.9546,14,2.81069e-06,2.81069e-06,1,1,45,11,16,6,0,6,165,0.233
8,1.9546,15,2.81069e-06,2.81069e-06,1,1,47,11,16,7,1,8,179,0.154
8,1.9546,16,2.81069e-06,2.81069e-06,1,1,45,13,14,6,0,6,153,0.267
8,1.9546,17,2.81069e-06,2.81069e-06,1,1,47,13,14,7,1,8,167,0.23
8,1.9546,18,2.81069e-06,2.81069e-06,1,1,47,13,14,7,1,8,167,0.153
8,1.9546,19,2.81069e-06,2.81069e-06,1,1,45,13,14,6,0,6,153,0.232
8,1.9546,20,2.81069e-06,2.81069e-06,1,1,47,11,16,7,1,8,179,0.151
8,1.9546,21,2.81069e-06,2.81069e-06,1,1,45,11,16,6,0,6,165,0.23
8,1.9546,22,2.81069e-06,2.81069e-06,1,1,47,11,16,7,1,8,179,0.27
8,1.9546,23,2.81069e-06,2.81069e-06,1,1,45,11,16,6,0,6,165,0.156
8,1.9546,24,2.81069e-06,2.81069e-06,1,1,47,11,16,7,1,8,179,0.231
8,1.9546,25,2.81069e-06,2.81069e-06,1,1,45,11,16,6,0,6,165,0.273
8,1.9546,26,2.81069e-06,2.81069e-06,1,1,47,11,16,7,1,8,179,0.278
8,1.9546,27,2.81069e-06,2.81069e-06,1,1,45,11,16,6,0,6,165,0.37
8,1.9546,28,2.81069e-06,2.81069e-06,1,1,45,11,16,6,0,6,165,0.285
8,1.9546,29,2.81069e-06,2.81069e-06,1,1,47,11,16,7,1,8,179,0.238
8,1.9546,30,2.81069e-06,2.81069e-06,1,1,45,11,16,6,0,6,165,0.267
8,1.9546,31,2.81069e-06,2.81069e-06,1,1,47,11,16,7,1,8,179,0.233
8,1.9546,32,2.81069e-06,2.81069e-06,1,1,47,13,14,7,1,8,167,0.269
8,1.9546,33,2.81069e-06,2.81069e-06,1,1,45,13,14,6,0,6,153,0.231
8,1.9546,34,2.81069e-06,2.81069e-06,1,1,47,13,14,7,1,8,167,0.273
8,1.9546,35,2.81069e-06,2.81069e-06,1,1,45,13,14,6,0,6,153,0.238
8,2.06021,0,2.78169e-06,2.78169e-06,1,1,48,14,12,7,0,7,147,0.247
8,2.06021,1,2.78169e-06,2.78169e-06,1,1,50,14,12,8,1,9,161,0.215
8,2.06021,2,2.78169e-06,2.78169e-06,1,1,48,14,12,7,0,7,147,0.245
8,2.06021,3,2.78169e-06,2.78169e-06,1,1,50,14,12,8,1,9,161,0.211
8,2.06021,4,2.78169e-06,2.78169e-06,1,1,50,14,12,8,1,9,161,0.243
8,2.06021,5,2.78169e-06,2.78169e-06,1,1,48,14,12,7,0,7,147,0.209
8,2.06021,6,2.78169e-06,2.78169e-06,1,1,50,14,12,8,1,9,161,0.209
8,2.06021,7,2.78169e-06,2.78169e-06,1,1,48,14,12,7,0,7,147,0.242
8,2.06021,8,2.78169e-06,2.78169e-06,1,1,50,16,10,8,1,9,149,0.208
8,2.06021,9,2.78169e-06,2.78169e-06,1,1,48,16,10,7,0,7,135,0.245
8,2.06021,10,2.78169e-06,2.78169e-06,1,1,50,16,10,8,1,9,149,0.207
8,2.06021,11,2.78169e-06,2.78169e-06,1,1,48,16,10,7,0,7,135,0.243
8,2.06021,12,2.78169e-06,2.78169e-06,1,1,50,14,12,8,1,9,161,0.209
8,2.06021,13,2.78169e-06,2.78169e-06,1,1,48,14,12,7,0,7,147,0.247
8,2.06021,14,2.78169e-06,2.78169e-06,1,1,50,14,12,8,1,9,161,0.211
8,2.06021,15,2.78169e-06,2.78169e-06,1,1,48,14,12,7,0,7,147,0.211
8,2.06021,16,2.78169e-06,2.78169e-06,1,1,48,16,10,7,0,7,135,0.25
8,2.06021,17,2.78169e-06,2.78169e-06,1,1,50,16,10,8,1,9,149,0.247
8,2.06021,18,2.78169e-06,2.78169e-06,1,1,50,16,10,8,1,9,149,0.21
8,2.06021,19,2.78169e-06,2.78169e-06,1,1,48,16,10,7,0,7,135,0.212
8,2.06021,20,2.78169e-06,2.78169e-06,1,1,48,16,10,7,0,7,135,0.248
8,2.06021,21,2.78169e-06,2.78169e-06,1,1,50,16,10,8,1,9,149,0.211
8,2.06021,22,2.78169e-06,2.78169e-06,1,1,48,16,10,7,0,7,135,0.245
8,2.06021,23,2.78169e-06,2.78169e-06,1,1,50,16,10,8,1,9,149,0.21
8,2.06021,24,2.78169e-06,2.78169e-06,1,1,48,14,12,7,0,7,147,0.242
8,2.06021,25,2.78169e-06,2.78169e-06,1,1,50,14,12,8,1,9,161,0.208
8,2.06021,26,2.78169e-06,2.78169e-06,1,1,50,14,12,8,1,9,161,0.24
8,2.06021,27,2.78169e-06,2.78169e-06,1,1,48,14,12,7,0,7,147,0.207
8,2.06021,28,2.78169e-06,2.78169e-06,1,1,48,14,12,7,0,7,147,0.24
8,2.06021,29,2.78169e-06,2.78169e-06,1,1,50,14,12,8,1,9,161,0.209
8,2.06021,30,2.78169e-06,2.78169e-06,1,1,48,14,12,7,0,7,147,0.243
8,2.06021,31,2.78169e-06,2.78169e-06,1,1,50,14,12,8,1,9,161,0.21
8,2.06021,32,2.78169e-06,2.78169e-06,1,1,50,14,12,8,1,9,161,0.209
8,2.06021,33,2.78169e-06,2.78169e-06,1,1,48,14,12,7,0,7,147,0.242
8,2.06021,34,2.78169e-06,2.78169e-06,1,1,48,14,12,7,0,7,147,0.208
8,2.06021,35,2.78169e-06,2.78169e-06,1,1,50,14,12,8,1,9,161,0.243
8,2.16221,0,2.90148e-06,2.90148e-06,1,1,61,21,10,7,1,8,147,0.188
8,2.16221,1,2.90148e-06,2.90148e-06,1,1,61,21,10,7,1,8,147,0.218
8,2.16221,2,2.90148e-06,2.90148e-06,1,1,61,21,10,7,1,8,147,0.19
8,2.16221,3,2.90148e-06,2.90148e-06,1,1,61,21,10,7,1,8,147,0.22
8,2.16221,4,2.90148e-06,2.90148e-06,1,1,61,23,8,7,1,8,135,0.193
8,2.16221,5,2.90148e-06,2.90148e-06,1,1,61,23,8,7,1,8,135,0.219
8,2.16221,6,2.90148e-06,2.90148e-06,1,1,61,23,8,7,1,8,135,0.192
8,2.16221,7,2.90148e-06,2.90148e-06,1,1,61,23,8,7,1,8,135,0.219
8,2.16221,8,2.90148e-06,2.90148e-06,1,1,61,21,10,7,1,8,147,0.19
8,2.16221,9,2.90148e-06,2.90148e-06,1,1,61,21,10,7,1,8,147,0.188
8,2.16221,10,2.90148e-06,2.90148e-06,1,1,61,21,10,7,1,8,147,0.216
8,2.16221,11,2.90148e-06,2.90148e-06,1,1,61,21,10,7,1,8,147,0.187
8,2.16221,12,2.90148e-06,2.90148e-06,1,1,61,23,8,7,1,8,135,0.217
8,2.16221,13,2.90148e-06,2.90148e-06,1,1,61,23,8,7,1,8,135,0.193
8,2.16221,14,2.90148e-06,2.90148e-06,1,1,61,23,8,7,1,8,135,0.219
8,2.16221,15,2.90148e-06,2.90148e-06,1,1,61,23,8,7,1,8,135,0.191
8,2.16221,16,2.90148e-06,2.90148e-06,1,1,61,21,10,7,1,8,147,0.218
8,2.16221,17,2.90148e-06,2.90148e-06,1,1,61,21,10,7,1,8,147,0.192
8,2.16221,18,2.90148e-06,2.90148e-06,1,1,61,21,10,7,1,8,147,0.221
8,2.16221,19,2.90148e-06,2.90148e-06,1,1,61,21,10,7,1,8,147,0.191
8,2.16221,20,2.90148e-06,2.90148e-06,1,1,61,21,10,7,1,8,147,0.219
8,2.16221,21,2.90148e-06,2.90148e-06,1,1,61,21,10,7,1,8,147,0.192
8,2.16221,22,2.90148e-06,2.90148e-06,1,1,61,21,10,7,1,8,147,0.192
8,2.16221,23,2.90148e-06,2.90148e-06,1,1,61,21,10,7,1,8,147,0.218
8,2.16221,24,2.90148e-06,2.90148e-06,1,1,61,21,10,7,1,8,147,0.22
8,2.16221,25,2.90148e-06,2.90148e-06,1,1,61,21,10,7,1,8,147,0.194
8,2.16221,26,2.90148e-06,2.90148e-06,1,1,61,21,10,7,1,8,147,0.193
8,2.16221,27,2.90148e-06,2.90148e-06,1,1,61,21,10,7,1,8,147,0.219
8,2.16221,28,2.90148e-06,2.90148e-06,1,1,61,21,10,7,1,8,147,0.187
8,2.16221,29,2.90148e-06,2.90148e-06,1,1,61,21,10,7,1,8,147,0.216
8,2.16221,30,2.90148e-06,2.90148e-06,1,1,61,21,10,7,1,8,147,0.184
8,2.16221,31,2.90148e-06,2.90148e-06,1,1,61,21,10,7,1,8,147,0.209
8,2.16221,32,2.90148e-06,2.90148e-06,1,1,61,23,8,7,1,8,135,0.185
8,2.16221,33,2.90148e-06,2.90148e-06,1,1,61,23,8,7,1,8,135,0.218
8,2.16221,34,2.90148e-06,2.90148e-06,1,1,61,23,8,7,1,8,135,0.157
8,2.16221,35,2.90148e-06,2.90148e-06,1,1,61,23,8,7,1,8,135,0.219
8,2.26932,0,2.9468e-06,2.9468e-06,1,1,74,33,7,0,0,0,82,0.139
8,2.26932,1,2.9468e-06,2.9468e-06,1,1,76,33,7,1,1,2,96,0.098
8,2.26932,2,2.9468e-06,2.9468e-06,1,1,72,33,6,0,0,0,75,0.157
8,2.26932,3,2.9468e-06,2.9468e-06,1,1,74,33,6,1,1,2,89,0.137
8,2.26932,4,2.9468e-06,2.9468e-06,1,1,77,33,8,1,1,2,103,0.095
8,2.26932,5,2.9468e-06,2.9468e-06,1,1,75,33,8,0,0,0,89,0.161
8,2.26932,6,2.9468e-06,2.9468e-06,1,1,75,33,8,0,0,0,89,0.158
8,2.26932,7,2.9468e-06,2.9468e-06,1,1,77,33,8,1,1,2,103,0.096
8,2.26932,8,2.9468e-06,2.9468e-06,1,1,75,33,8,0,0,0,89,0.137
8,2.26932,9,2.9468e-06,2.9468e-06,1,1,77,33,8,1,1,2,103,0.094
8,2.26932,10,2.9468e-06,2.9468e-06,1,1,75,33,8,0,0,0,89,0.161
8,2.26932,11,2.9468e-06,2.9468e-06,1,1,77,33,8,1,1,2,103,0.16
8,2.26932,12,2.9468e-06,2.9468e-06,1,1,77,33,8,1,1,2,103,0.138
8,2.26932,13,2.9468e-06,2.9468e-06,1,1,75,33,8,0,0,0,89,0.101
8,2.26932,14,2.9468e-06,2.9468e-06,1,1,75,33,8,0,0,0,89,0.156
8,2.26932,15,2.9468e-06,2.9468e-06,1,1,77,33,8,1,1,2,103,0.092
8,2.26932,16,2.9468e-06,2.9468e-06,1,1,77,33,8,1,1,2,103,0.137
8,2.26932,17,2.9468e-06,2.9468e-06,1,1,75,33,8,0,0,0,89,0.158
8,2.26932,18,2.9468e-06,2.9468e-06,1,1,75,33,8,0,0,0,89,0.092
8,2.26932,19,2.9468e-06,2.9468e-06,1,1,77,33,8,1,1,2,103,0.157
8,2.26932,20,2.9468e-06,2.9468e-06,1,1,76,33,7,1,1,2,96,0.139
8,2.26932,21,2.9468e-06,2.9468e-06,1,1,74,33,7,0,0,0,82,0.159
8,2.26932,22,2.9468e-06,2.9468e-06,1,1,74,33,6,1,1,2,89,0.093
8,2.26932,23,2.9468e-06,2.9468e-06,1,1,72,33,6,0,0,0,75,0.093
8,2.26932,24,2.9468e-06,2.9468e-06,1,1,76,33,7,1,1,2,96,0.14
8,2.26932,25,2.9468e-06,2.9468e-06,1,1,74,33,7,0,0,0,82,0.158
8,2.26932,26,2.9468e-06,2.9468e-06,1,1,74,33,6,1,1,2,89,0.158
8,2.26932,27,2.9468e-06,2.9468e-06,1,1,72,33,6,0,0,0,75,0.092
8,2.26932,28,2.9468e-06,2.9468e-06,1,1,77,33,8,1,1,2,103,0.139
8,2.26932,29,2.9468e-06,2.9468e-06,1,1,75,33,8,0,0,0,89,0.158
8,2.26932,30,2.9468e-06,2.9468e-06,1,1,75,33,8,0,0,0,89,0.098
8,2.26932,31,2.9468e-06,2.9468e-06,1,1,77,33,8,1,1,2,103,0.157
8,2.26932,32,2.9468e-06,2.9468e-06,1,1,77,33,8,1,1,2,103,0.095
8,2.26932,33,2.9468e-06,2.9468e-06,1,1,75,33,8,0,0,0,89,0.138
8,2.26932,34,2.9468e-06,2.9468e-06,1,1,77,33,8,1,1,2,103,0.157
8,2.26932,35,2.9468e-06,2.9468e-06,1,1,75,33,8,0,0,0,89,0.157
8,2.3817,0,2.78548e-06,2.78548e-06,1,1,69,29,6,5,1,6,113,0.107
8,2.3817,1,2.78548e-06,2.78548e-06,1,1,67,29,6,4,0,4,99,0.157
8,2.3817,2,2.78548e-06,2.78548e-06,1,1,69,29,6,5,1,6,113,0.108
8,2.3817,3,2.78548e-06,2.78548e-06,1,1,67,29,6,4,0,4,99,0.183
8,2.3817,4,2.78548e-06,2.78548e-06,1,1,69,27,8,5,1,6,125,0.183
8,2.3817,5,2.78548e-06,2.78548e-06,1,1,67,27,8,4,0,4,111,0.157
8,2.3817,6,2.78548e-06,2.78548e-06,1,1,67,27,8,4,0,4,111,0.108
8,2.3817,7,2.78548e-06,2.78548e-06,1,1,69,27,8,5,1,6,125,0.186
8,2.3817,8,2.78548e-06,2.78548e-06,1,1,69,27,8,5,1,6,125,0.108
8,2.3817,9,2.78548e-06,2.78548e-06,1,1,67,27,8,4,0,4,111,0.186
8,2.3817,10,2.78548e-06,2.78548e-06,1,1,69,27,8,5,1,6,125,0.158
8,2.3817,11,2.78548e-06,2.78548e-06,1,1,67,27,8,4,0,4,111,0.105
8,2.3817,12,2.78548e-06,2.78548e-06,1,1,67,27,8,4,0,4,111,0.184
8,2.3817,13,2.78548e-06,2.78548e-06,1,1,69,27,8,5,1,6,125,0.159
8,2.3817,14,2.78548e-06,2.78548e-06,1,1,69,27,8,5,1,6,125,0.187
8,2.3817,15,2.78548e-06,2.78548e-06,1,1,67,27,8,4,0,4,111,0.108
8,2.3817,16,2.78548e-06,2.78548e-06,1,1,67,29,6,4,0,4,99,0.107
8,2.3817,17,2.78548e-06,2.78548e-06,1,1,69,29,6,5,1,6,113,0.185
8,2.3817,18,2.78548e-06,2.78548e-06,1,1,69,29,6,5,1,6,113,0.162
8,2.3817,19,2.78548e-06,2.78548e-06,1,1,67,29,6,4,0,4,99,0.187
8,2.3817,20,2.78548e-06,2.78548e-06,1,1,67,29,6,4,0,4,99,0.106
8,2.3817,21,2.78548e-06,2.78548e-06,1,1,69,29,6,5,1,6,113,0.157
8,2.3817,22,2.78548e-06,2.78548e-06,1,1,67,29,6,4,0,4,99,0.188
8,2.3817,23,2.78548e-06,2.78548e-06,1,1,69,29,6,5,1,6,113,0.115
8,2.3817,24,2.78548e-06,2.78548e-06,1,1,69,27,8,5,1,6,125,0.184
8,2.3817,25,2.78548e-06,2.78548e-06,1,1,67,27,8,4,0,4,111,0.106
8,2.3817,26,2.78548e-06,2.78548e-06,1,1,69,27,8,5,1,6,125,0.159
8,2.3817,27,2.78548e-06,2.78548e-06,1,1,67,27,8,4,0,4,111,0.185
8,2.3817,28,2.78548e-06,2.78548e-06,1,1,67,27,8,4,0,4,111,0.186
8,2.3817,29,2.78548e-06,2.78548e-06,1,1,69,27,8,5,1,6,125,0.108
8,2.3817,30,2.78548e-06,2.78548e-06,1,1,67,27,8,4,0,4,111,0.157
8,2.3817,31,2.78548e-06,2.78548e-06,1,1,69,27,8,5,1,6,125,0.106
8,2.3817,32,2.78548e-06,2.78548e-06,1,1,67,27,8,4,0,4,111,0.187
8,2.3817,33,2.78548e-06,2.78548e-06,1,1,69,27,8,5,1,6,125,0.186
8,2.3817,34,2.78548e-06,2.78548e-06,1,1,67,27,8,4,0,4,111,0.108
8,2.3817,35,2.78548e-06,2.78548e-06,1,1,69,27,8,5,1,6,125,0.158
8,2.49303,0,2.78702e-06,2.78702e-06,1,1,45,15,8,7,1,8,127,0.155
8,2.49303,1,2.78702e-06,2.78702e-06,1,1,45,15,8,7,1,8,127,0.271
8,2.49303,2,2.78702e-06,2.78702e-06,1,1,45,15,8,7,1,8,127,0.274
8,2.49303,3,2.78702e-06,2.78702e-06,1,1,45,15,8,7,1,8,127,0.229
8,2.49303,4,2.78702e-06,2.78702e-06,1,1,45,15,8,7,1,8,127,0.155
8,2.49303,5,2.78702e-06,2.78702e-06,1,1,45,15,8,7,1,8,127,0.27
8,2.49303,6,2.78702e-06,2.78702e-06,1,1,45,15,8,7,1,8,127,0.229
8,2.49303,7,2.78702e-06,2.78702e-06,1,1,45,15,8,7,1,8,127,0.154
8,2.49303,8,2.78702e-06,2.78702e-06,1,1,45,13,10,7,1,8,139,0.272
8,2.49303,9,2.78702e-06,2.78702e-06,1,1,45,13,10,7,1,8,139,0.155
8,2.49303,10,2.78702e-06,2.78702e-06,1,1,45,13,10,7,1,8,139,0.227
8,2.49303,11,2.78702e-06,2.78702e-06,1,1,45,13,10,7,1,8,139,0.272
8,2.49303,12,2.78702e-06,2.78702e-06,1,1,45,13,10,7,1,8,139,0.271
8,2.49303,13,2.78702e-06,2.78702e-06,1,1,45,13,10,7,1,8,139,0.155
8,2.49303,14,2.78702e-06,2.78702e-06,1,1,45,13,10,7,1,8,139,0.226
8,2.49303,15,2.78702e-06,2.78702e-06,1,1,45,13,10,7,1,8,139,0.153
8,2.49303,16,2.78702e-06,2.78702e-06,1,1,45,13,10,7,1,8,139,0.268
8,2.49303,17,2.78702e-06,2.78702e-06,1,1,45,13,10,7,1,8,139,0.271
8,2.49303,18,2.78702e-06,2.78702e-06,1,1,45,13,10,7,1,8,139,0.152
8,2.49303,19,2.78702e-06,2.78702e-06,1,1,45,13,10,7,1,8,139,0.228
8,2.49303,20,2.78702e-06,2.78702e-06,1,1,45,15,8,7,1,8,127,0.153
8,2.49303,21,2.78702e-06,2.78702e-06,1,1,45,15,8,7,1,8,127,0.268
8,2.49303,22,2.78702e-06,2.78702e-06,1,1,45,15,8,7,1,8,127,0.268
8,2.49303,23,2.78702e-06,2.78702e-06,1,1,45,15,8,7,1,8,127,0.228
8,2.49303,24,2.78702e-06,2.78702e-06,1,1,45,13,10,7,1,8,139,0.153
8,2.49303,25,2.78702e-06,2.78702e-06,1,1,45,13,10,7,1,8,139,0.269
8,2.49303,26,2.78702e-06,2.78702e-06,1,1,45,13,10,7,1,8,139,0.157
8,2.49303,27,2.78702e-06,2.78702e-06,1,1,45,13,10,7,1,8,139,0.269
8,2.49303,28,2.78702e-06,2.78702e-06,1,1,45,13,10,7,1,8,139,0.227
8,2.49303,29,2.78702e-06,2.78702e-06,1,1,45,13,10,7,1,8,139,0.156
8,2.49303,30,2.78702e-06,2.78702e-06,1,1,45,13,10,7,1,8,139,0.273
8,2.49303,31,2.78702e-06,2.78702e-06,1,1,45,13,10,7,1,8,139,0.228
8,2.49303,32,2.78702e-06,2.78702e-06,1,1,45,13,10,7,1,8,139,0.27
8,2.49303,33,2.78702e-06,2.78702e-06,1,1,45,13,10,7,1,8,139,0.154
8,2.49303,34,2.78702e-06,2.78702e-06,1,1,45,13,10,7,1,8,139,0.154
8,2.49303,35,2.78702e-06,2.78702e-06,1,1,45,13,10,7,1,8,139,0.226
8,2.6029,0,2.78674e-06,2.78674e-06,1,1,63,23,12,3,1,4,135,0.214
8,2.6029,1,2.78674e-06,2.78674e-06,1,1,63,23,12,3,1,4,135,0.214
8,2.6029,2,2.78674e-06,2.78674e-06,1,1,63,23,12,3,1,4,135,0.125
8,2.6029,3,2.78674e-06,2.78674e-06,1,1,63,23,12,3,1,4,135,0.183
8,2.6029,4,2.78674e-06,2.78674e-06,1,1,63,25,10,3,1,4,123,0.214
8,2.6029,5,2.78674e-06,2.78674e-06,1,1,63,25,10,3,1,4,123,0.124
8,2.6029,6,2.78674e-06,2.78674e-06,1,1,63,25,10,3,1,4,123,0.216
8,2.6029,7,2.78674e-06,2.78674e-06,1,1,63,25,10,3,1,4,123,0.122
8,2.6029,8,2.78674e-06,2.78674e-06,1,1,63,23,12,3,1,4,135,0.184
8,2.6029,9,2.78674e-06,2.78674e-06,1,1,63,23,12,3,1,4,135,0.217
8,2.6029,10,2.78674e-06,2.78674e-06,1,1,63,23,12,3,1,4,135,0.216
8,2.6029,11,2.78674e-06,2.78674e-06,1,1,63,23,12,3,1,4,135,0.13
8,2.6029,12,2.78674e-06,2.78674e-06,1,1,63,25,10,3,1,4,123,0.183
8,2.6029,13,2.78674e-06,2.78674e-06,1,1,63,25,10,3,1,4,123,0.124
8,2.6029,14,2.78674e-06,2.78674e-06,1,1,63,25,10,3,1,4,123,0.216
8,2.6029,15,2.78674e-06,2.78674e-06,1,1,63,25,10,3,1,4,123,0.211
8,2.6029,16,2.78674e-06,2.78674e-06,1,1,63,23,12,3,1,4,135,0.124
8,2.6029,17,2.78674e-06,2.78674e-06,1,1,63,23,12,3,1,4,135,0.183
8,2.6029,18,2.78674e-06,2.78674e-06,1,1,63,23,12,3,1,4,135,0.123
8,2.6029,19,2.78674e-06,2.78674e-06,1,1,63,23,12,3,1,4,135,0.215
8,2.6029,20,2.78674e-06,2.78674e-06,1,1,63,23,12,3,1,4,135,0.212
8,2.6029,21,2.78674e-06,2.78674e-06,1,1,63,23,12,3,1,4,135,0.184
8,2.6029,22,2.78674e-06,2.78674e-06,1,1,63,23,12,3,1,4,135,0.129
8,2.6029,23,2.78674e-06,2.78674e-06,1,1,63,23,12,3,1,4,135,0.216
8,2.6029,24,2.78674e-06,2.78674e-06,1,1,63,25,10,3,1,4,123,0.126
8,2.6029,25,2.78674e-06,2.78674e-06,1,1,63,25,10,3,1,4,123,0.216
8,2.6029,26,2.78674e-06,2.78674e-06,1,1,63,25,10,3,1,4,123,0.184
8,2.6029,27,2.78674e-06,2.78674e-06,1,1,63,25,10,3,1,4,123,0.124
8,2.6029,28,2.78674e-06,2.78674e-06,1,1,63,23,12,3,1,4,135,0.214
8,2.6029,29,2.78674e-06,2.78674e-06,1,1,63,23,12,3,1,4,135,0.182
8,2.6029,30,2.78674e-06,2.78674e-06,1,1,63,23,12,3,1,4,135,0.215
8,2.6029,31,2.78674e-06,2.78674e-06,1,1,63,23,12,3,1,4,135,0.123
8,2.6029,32,2.78674e-06,2.78674e-06,1,1,63,23,12,3,1,4,135,0.129
8,2.6029,33,2.78674e-06,2.78674e-06,1,1,63,23,12,3,1,4,135,0.184
8,2.6029,34,2.78674e-06,2.78674e-06,1,1,63,23,12,3,1,4,135,0.215
8,2.6029,35,2.78674e-06,2.78674e-06,1,1,63,23,12,3,1,4,135,0.218
8,2.71234,0,2.82162e-06,2.82162e-06,1,1,67,25,8,7,1,8,137,0.107
8,2.71234,1,2.82162e-06,2.82162e-06,1,1,67,25,8,7,1,8,137,0.157
8,2.71234,2,2.82162e-06,2.82162e-06,1,1,67,25,8,7,1,8,137,0.106
8,2.71234,3,2.82162e-06,2.82162e-06,1,1,67,25,8,7,1,8,137,0.181
8,2.71234,4,2.82162e-06,2.82162e-06,1,1,67,27,6,7,1,8,125,0.182
8,2.71234,5,2.82162e-06,2.82162e-06,1,1,67,27,6,7,1,8,125,0.106
8,2.71234,6,2.82162e-06,2.82162e-06,1,1,67,27,6,7,1,8,125,0.156
8,2.71234,7,2.82162e-06,2.82162e-06,1,1,67,27,6,7,1,8,125,0.183
8,2.71234,8,2.82162e-06,2.82162e-06,1,1,67,25,8,7,1,8,137,0.107
8,2.71234,9,2.82162e-06,2.82162e-06,1,1,67,25,8,7,1,8,137,0.183
8,2.71234,10,2.82162e-06,2.82162e-06,1,1,67,25,8,7,1,8,137,0.156
8,2.71234,11,2.82162e-06,2.82162e-06,1,1,67,25,8,7,1,8,137,0.106
8,2.71234,12,2.82162e-06,2.82162e-06,1,1,67,25,8,7,1,8,137,0.185
8,2.71234,13,2.82162e-06,2.82162e-06,1,1,67,25,8,7,1,8,137,0.182
8,2.71234,14,2.82162e-06,2.82162e-06,1,1,67,25,8,7,1,8,137,0.105
8,2.71234,15,2.82162e-06,2.82162e-06,1,1,67,25,8,7,1,8,137,0.157
8,2.71234,16,2.82162e-06,2.82162e-06,1,1,67,27,6,7,1,8,125,0.106
8,2.71234,17,2.82162e-06,2.82162e-06,1,1,67,27,6,7,1,8,125,0.184
8,2.71234,18,2.82162e-06,2.82162e-06,1,1,67,27,6,7,1,8,125,0.185
8,2.71234,19,2.82162e-06,2.82162e-06,1,1,67,27,6,7,1,8,125,0.158
8,2.71234,20,2.82162e-06,2.82162e-06,1,1,67,27,6,7,1,8,125,0.106
8,2.71234,21,2.82162e-06,2.82162e-06,1,1,67,27,6,7,1,8,125,0.184
8,2.71234,22,2.82162e-06,2.82162e-06,1,1,67,27,6,7,1,8,125,0.105
8,2.71234,23,2.82162e-06,2.82162e-06,1,1,67,27,6,7,1,8,125,0.157
8,2.71234,24,2.82162e-06,2.82162e-06,1,1,67,25,8,7,1,8,137,0.185
8,2.71234,25,2.82162e-06,2.82162e-06,1,1,67,25,8,7,1,8,137,0.11
8,2.71234,26,2.82162e-06,2.82162e-06,1,1,67,25,8,7,1,8,137,0.158
8,2.71234,27,2.82162e-06,2.82162e-06,1,1,67,25,8,7,1,8,137,0.181
8,2.71234,28,2.82162e-06,2.82162e-06,1,1,67,25,8,7,1,8,137,0.108
8,2.71234,29,2.82162e-06,2.82162e-06,1,1,67,25,8,7,1,8,137,0.185
8,2.71234,30,2.82162e-06,2.82162e-06,1,1,67,25,8,7,1,8,137,0.106
8,2.71234,31,2.82162e-06,2.82162e-06,1,1,67,25,8,7,1,8,137,0.156
8,2.71234,32,2.82162e-06,2.82162e-06,1,1,67,25,8,7,1,8,137,0.182
8,2.71234,33,2.82162e-06,2.82162e-06,1,1,67,25,8,7,1,8,137,0.182
8,2.71234,34,2.82162e-06,2.82162e-06,1,1,67,25,8,7,1,8,137,0.105
8,2.71234,35,2.82162e-06,2.82162e-06,1,1,67,25,8,7,1,8,137,0.157
8,2.81551,0,2.82162e-06,2.82162e-06,1,1,73,31,6,5,1,6,115,0.094
8,2.81551,1,2.82162e-06,2.82162e-06,1,1,73,31,6,5,1,6,115,0.16
8,2.81551,2,2.82162e-06,2.82162e-06,1,1,73,31,6,5,1,6,115,0.16
8,2.81551,3,2.82162e-06,2.82162e-06,1,1,73,31,6,5,1,6,115,0.095
8,2.81551,4,2.82162e-06,2.82162e-06,1,1,73,31,6,5,1,6,115,0.14
8,2.81551,5,2.82162e-06,2.82162e-06,1,1,73,31,6,5,1,6,115,0.161
8,2.81551,6,2.82162e-06,2.82162e-06,1,1,73,31,6,5,1,6,115,0.093
8,2.81551,7,2.82162e-06,2.82162e-06,1,1,73,31,6,5,1,6,115,0.161
8,2.81551,8,2.82162e-06,2.82162e-06,1,1,73,29,8,5,1,6,127,0.14
8,2.81551,9,2.82162e-06,2.82162e-06,1,1,73,29,8,5,1,6,127,0.094
8,2.81551,10,2.82162e-06,2.82162e-06,1,1,73,29,8,5,1,6,127,0.158
8,2.81551,11,2.82162e-06,2.82162e-06,1,1,73,29,8,5,1,6,127,0.16
8,2.81551,12,2.82162e-06,2.82162e-06,1,1,73,29,8,5,1,6,127,0.095
8,2.81551,13,2.82162e-06,2.82162e-06,1,1,73,29,8,5,1,6,127,0.14
8,2.81551,14,2.82162e-06,2.82162e-06,1,1,73,29,8,5,1,6,127,0.093
8,2.81551,15,2.82162e-06,2.82162e-06,1,1,73,29,8,5,1,6,127,0.159
8,2.81551,16,2.82162e-06,2.82162e-06,1,1,73,29,8,5,1,6,127,0.14
8,2.81551,17,2.82162e-06,2.82162e-06,1,1,73,29,8,5,1,6,127,0.161
8,2.81551,18,2.82162e-06,2.82162e-06,1,1,73,29,8,5,1,6,127,0.097
8,2.81551,19,2.82162e-06,2.82162e-06,1,1,73,29,8,5,1,6,127,0.161
8,2.81551,20,2.82162e-06,2.82162e-06,1,1,73,29,8,5,1,6,127,0.096
8,2.81551,21,2.82162e-06,2.82162e-06,1,1,73,29,8,5,1,6,127,0.141
8,2.81551,22,2.82162e-06,2.82162e-06,1,1,73,29,8,5,1,6,127,0.16
8,2.81551,23,2.82162e-06,2.82162e-06,1,1,73,29,8,5,1,6,127,0.103
8,2.81551,24,2.82162e-06,2.82162e-06,1,1,73,29,8,5,1,6,127,0.141
8,2.81551,25,2.82162e-06,2.82162e-06,1,1,73,29,8,5,1,6,127,0.16
8,2.81551,26,2.82162e-06,2.82162e-06,1,1,73,29,8,5,1,6,127,0.158
8,2.81551,27,2.82162e-06,2.82162e-06,1,1,73,29,8,5,1,6,127,0.094
8,2.81551,28,2.82162e-06,2.82162e-06,1,1,73,31,6,5,1,6,115,0.142
8,2.81551,29,2.82162e-06,2.82162e-06,1,1,73,31,6,5,1,6,115,0.096
8,2.81551,30,2.82162e-06,2.82162e-06,1,1,73,31,6,5,1,6,115,0.161
8,2.81551,31,2.82162e-06,2.82162e-06,1,1,73,31,6,5,1,6,115,0.162
8,2.81551,32,2.82162e-06,2.82162e-06,1,1,73,29,8,5,1,6,127,0.096
8,2.81551,33,2.82162e-06,2.82162e-06,1,1,73,29,8,5,1,6,127,0.141
8,2.81551,34,2.82162e-06,2.82162e-06,1,1,73,29,8,5,1,6,127,0.161
8,2.81551,35,2.82162e-06,2.82162e-06,1,1,73,29,8,5,1,6,127,0.097
8,2.91992,0,2.7844e-06,2.7844e-06,1,1,71,29,8,3,1,4,113,0.191
8,2.91992,1,2.7844e-06,2.7844e-06,1,1,69,29,8,2,0,2,99,0.164
8,2.91992,2,2.7844e-06,2.7844e-06,1,1,71,29,8,3,1,4,113,0.11
8,2.91992,3,2.7844e-06,2.7844e-06,1,1,69,29,8,2,0,2,99,0.189
8,2.91992,4,2.7844e-06,2.7844e-06,1,1,71,29,8,3,1,4,113,0.112
8,2.91992,5,2.7844e-06,2.7844e-06,1,1,69,29,8,2,0,2,99,0.193
8,2.91992,6,2.7844e-06,2.7844e-06,1,1,69,29,8,2,0,2,99,0.166
8,2.91992,7,2.7844e-06,2.7844e-06,1,1,71,29,8,3,1,4,113,0.117
8,2.91992,8,2.7844e-06,2.7844e-06,1,1,71,31,6,3,1,4,101,0.193
8,2.91992,9,2.7844e-06,2.7844e-06,1,1,69,31,6,2,0,2,87,0.192
8,2.91992,10,2.7844e-06,2.7844e-06,1,1,71,31,6,3,1,4,101,0.167
8,2.91992,11,2.7844e-06,2.7844e-06,1,1,69,31,6,2,0,2,87,0.115
8,2.91992,12,2.7844e-06,2.7844e-06,1,1,71,29,8,3,1,4,113,0.192
8,2.91992,13,2.7844e-06,2.7844e-06,1,1,69,29,8,2,0,2,99,0.113
8,2.91992,14,2.7844e-06,2.7844e-06,1,1,71,29,8,3,1,4,113,0.166
8,2.91992,15,2.7844e-06,2.7844e-06,1,1,69,29,8,2,0,2,99,0.192
8,2.91992,16,2.7844e-06,2.7844e-06,1,1,69,31,6,2,0,2,87,0.111
8,2.91992,17,2.7844e-06,2.7844e-06,1,1,71,31,6,3,1,4,101,0.188
8,2.91992,18,2.7844e-06,2.7844e-06,1,1,69,31,6,2,0,2,87,0.166
8,2.91992,19,2.7844e-06,2.7844e-06,1,1,71,31,6,3,1,4,101,0.112
8,2.91992,20,2.7844e-06,2.7844e-06,1,1,69,29,8,2,0,2,99,0.193
8,2.91992,21,2.7844e-06,2.7844e-06,1,1,71,29,8,3,1,4,113,0.114
8,2.91992,22,2.7844e-06,2.7844e-06,1,1,71,29,8,3,1,4,113,0.19
8,2.91992,23,2.7844e-06,2.7844e-06,1,1,69,29,8,2,0,2,99,0.164
8,2.91992,24,2.7844e-06,2.7844e-06,1,1,69,29,8,2,0,2,99,0.191
8,2.91992,25,2.7844e-06,2.7844e-06,1,1,71,29,8,3,1,4,113,0.11
8,2.91992,26,2.7844e-06,2.7844e-06,1,1,69,29,8,2,0,2,99,0.163
8,2.91992,27,2.7844e-06,2.7844e-06,1,1,71,29,8,3,1,4,113,0.189
8,2.91992,28,2.7844e-06,2.7844e-06,1,1,69,29,8,2,0,2,99,0.111
8,2.91992,29,2.7844e-06,2.7844e-06,1,1,71,29,8,3,1,4,113,0.193
8,2.91992,30,2.7844e-06,2.7844e-06,1,1,69,29,8,2,0,2,99,0.11
8,2.91992,31,2.7844e-06,2.7844e-06,1,1,71,29,8,3,1,4,113,0.164
8,2.91992,32,2.7844e-06,2.7844e-06,1,1,69,31,6,2,0,2,87,0.193
8,2.91992,33,2.7844e-06,2.7844e-06,1,1,71,31,6,3,1,4,101,0.113
8,2.91992,34,2.7844e-06,2.7844e-06,1,1,71,31,6,3,1,4,101,0.19
8,2.91992,35,2.7844e-06,2.7844e-06,1,1,69,31,6,2,0,2,87,0.164
8,3.02937,0,2.91964e-06,2.91964e-06,1,1,74,33,4,4,1,5,96,0.104
8,3.02937,1,2.91964e-06,2.91964e-06,1,1,74,33,4,4,1,5,96,0.169
8,3.02937,2,2.91964e-06,2.91964e-06,1,1,74,33,4,4,1,5,96,0.101
8,3.02937,3,2.91964e-06,2.91964e-06,1,1,74,33,4,4,1,5,96,0.173
8,3.02937,4,2.91964e-06,2.91964e-06,1,1,74,31,6,4,1,5,108,0.148
8,3.02937,5,2.91964e-06,2.91964e-06,1,1,74,31,6,4,1,5,108,0.173
8,3.02937,6,2.91964e-06,2.91964e-06,1,1,74,31,6,4,1,5,108,0.1
8,3.02937,7,2.91964e-06,2.91964e-06,1,1,74,31,6,4,1,5,108,0.147
8,3.02937,8,2.91964e-06,2.91964e-06,1,1,74,31,6,4,1,5,108,0.17
8,3.02937,9,2.91964e-06,2.91964e-06,1,1,74,31,6,4,1,5,108,0.101
8,3.02937,10,2.91964e-06,2.91964e-06,1,1,74,31,6,4,1,5,108,0.215
8,3.02937,11,2.91964e-06,2.91964e-06,1,1,74,31,6,4,1,5,108,0.106
8,3.02937,12,2.91964e-06,2.91964e-06,1,1,74,31,6,4,1,5,108,0.196
8,3.02937,13,2.91964e-06,2.91964e-06,1,1,74,31,6,4,1,5,108,0.236
8,3.02937,14,2.91964e-06,2.91964e-06,1,1,74,31,6,4,1,5,108,0.135
8,3.02937,15,2.91964e-06,2.91964e-06,1,1,74,31,6,4,1,5,108,0.213
8,3.02937,16,2.91964e-06,2.91964e-06,1,1,74,33,4,4,1,5,96,0.145
8,3.02937,17,2.91964e-06,2.91964e-06,1,1,74,33,4,4,1,5,96,0.137
8,3.02937,18,2.91964e-06,2.91964e-06,1,1,74,33,4,4,1,5,96,0.194
8,3.02937,19,2.91964e-06,2.91964e-06,1,1,74,33,4,4,1,5,96,0.145
8,3.02937,20,2.91964e-06,2.91964e-06,1,1,74,31,6,4,1,5,108,0.098
8,3.02937,21,2.91964e-06,2.91964e-06,1,1,74,31,6,4,1,5,108,0.167
8,3.02937,22,2.91964e-06,2.91964e-06,1,1,74,31,6,4,1,5,108,0.107
8,3.02937,23,2.91964e-06,2.91964e-06,1,1,74,31,6,4,1,5,108,0.17
8,3.02937,24,2.91964e-06,2.91964e-06,1,1,74,33,4,4,1,5,96,0.146
8,3.02937,25,2.91964e-06,2.91964e-06,1,1,74,33,4,4,1,5,96,0.17
8,3.02937,26,2.91964e-06,2.91964e-06,1,1,74,33,4,4,1,5,96,0.107
8,3.02937,27,2.91964e-06,2.91964e-06,1,1,74,33,4,4,1,5,96,0.145
8,3.02937,28,2.91964e-06,2.91964e-06,1,1,74,31,6,4,1,5,108,0.17
8,3.02937,29,2.91964e-06,2.91964e-06,1,1,74,31,6,4,1,5,108,0.1
8,3.02937,30,2.91964e-06,2.91964e-06,1,1,74,31,6,4,1,5,108,0.169
8,3.02937,31,2.91964e-06,2.91964e-06,1,1,74,31,6,4,1,5,108,0.106
8,3.02937,32,2.91964e-06,2.91964e-06,1,1,74,31,6,4,1,5,108,0.146
8,3.02937,33,2.91964e-06,2.91964e-06,1,1,74,31,6,4,1,5,108,0.17
8,3.02937,34,2.91964e-06,2.91964e-06,1,1,74,31,6,4,1,5,108,0.104
8,3.02937,35,2.91964e-06,2.91964e-06,1,1,74,31,6,4,1,5,108,0.17
8,3.14157,0,2.88324e-06,2.88324e-06,1,1,59,19,12,7,1,8,159,0.183
8,3.14157,1,2.88324e-06,2.88324e-06,1,1,59,19,12,7,1,8,159,0.214
8,3.14157,2,2.88324e-06,2.88324e-06,1,1,59,19,12,7,1,8,159,0.124
8,3.14157,3,2.88324e-06,2.88324e-06,1,1,59,19,12,7,1,8,159,0.211
8,3.14157,4,2.88324e-06,2.88324e-06,1,1,59,19,12,7,1,8,159,0.181
8,3.14157,5,2.88324e-06,2.88324e-06,1,1,59,19,12,7,1,8,159,0.124
8,3.14157,6,2.88324e-06,2.88324e-06,1,1,59,19,12,7,1,8,159,0.215
8,3.14157,7,2.88324e-06,2.88324e-06,1,1,59,19,12,7,1,8,159,0.123
8,3.14157,8,2.88324e-06,2.88324e-06,1,1,59,19,12,7,1,8,159,0.213
8,3.14157,9,2.88324e-06,2.88324e-06,1,1,59,19,12,7,1,8,159,0.183
8,3.14157,10,2.88324e-06,2.88324e-06,1,1,59,19,12,7,1,8,159,0.123
8,3.14157,11,2.88324e-06,2.88324e-06,1,1,59,19,12,7,1,8,159,0.215
8,3.14157,12,2.88324e-06,2.88324e-06,1,1,59,21,10,7,1,8,147,0.18
8,3.14157,13,2.88324e-06,2.88324e-06,1,1,59,21,10,7,1,8,147,0.125
8,3.14157,14,2.88324e-06,2.88324e-06,1,1,59,21,10,7,1,8,147,0.214
8,3.14157,15,2.88324e-06,2.88324e-06,1,1,59,21,10,7,1,8,147,0.124
8,3.14157,16,2.88324e-06,2.88324e-06,1,1,59,21,10,7,1,8,147,0.214
8,3.14157,17,2.88324e-06,2.88324e-06,1,1,59,21,10,7,1,8,147,0.182
8,3.14157,18,2.88324e-06,2.88324e-06,1,1,59,21,10,7,1,8,147,0.212
8,3.14157,19,2.88324e-06,2.88324e-06,1,1,59,21,10,7,1,8,147,0.122
8,3.14157,20,2.88324e-06,2.88324e-06,1,1,59,19,12,7,1,8,159,0.179
8,3.14157,21,2.88324e-06,2.88324e-06,1,1,59,19,12,7,1,8,159,0.213
8,3.14157,22,2.88324e-06,2.88324e-06,1,1,59,19,12,7,1,8,159,0.122
8,3.14157,23,2.88324e-06,2.88324e-06,1,1,59,19,12,7,1,8,159,0.214
8,3.14157,24,2.88324e-06,2.88324e-06,1,1,59,19,12,7,1,8,159,0.122
8,3.14157,25,2.88324e-06,2.88324e-06,1,1,59,19,12,7,1,8,159,0.179
8,3.14157,26,2.88324e-06,2.88324e-06,1,1,59,19,12,7,1,8,159,0.216
8,3.14157,27,2.88324e-06,2.88324e-06,1,1,59,19,12,7,1,8,159,0.12
8,3.14157,28,2.88324e-06,2.88324e-06,1,1,59,19,12,7,1,8,159,0.211
8,3.14157,29,2.88324e-06,2.88324e-06,1,1,59,19,12,7,1,8,159,0.18
8,3.14157,30,2.88324e-06,2.88324e-06,1,1,59,19,12,7,1,8,159,0.121
8,3.14157,31,2.88324e-06,2.88324e-06,1,1,59,19,12,7,1,8,159,0.216
8,3.14157,32,2.88324e-06,2.88324e-06,1,1,59,21,10,7,1,8,147,0.215
8,3.14157,33,2.88324e-06,2.88324e-06,1,1,59,21,10,7,1,8,147,0.123
8,3.14157,34,2.88324e-06,2.88324e-06,1,1,59,21,10,7,1,8,147,0.183
8,3.14157,35,2.88324e-06,2.88324e-06,1,1,59,21,10,7,1,8,147,0.124
10,4.55382e-05,0,2.20187e-07,2.20187e-07,1,1,71,27,12,5,1,6,153,0.286
10,4.55382e-05,1,2.20187e-07,2.20187e-07,1,1,71,27,12,5,1,6,153,0.292
10,4.55382e-05,2,2.20187e-07,2.20187e-07,1,1,71,27,12,5,1,6,153,0.249
10,4.55382e-05,3,2.20187e-07,2.20187e-07,1,1,71,27,12,5,1,6,153,0.164
10,4.55382e-05,4,2.20187e-07,2.20187e-07,1,1,71,25,14,5,1,6,165,0.168
10,4.55382e-05,5,2.20187e-07,2.20187e-07,1,1,71,25,14,5,1,6,165,0.292
10,4.55382e-05,6,2.20187e-07,2.20187e-07,1,1,71,25,14,5,1,6,165,0.245
10,4.55382e-05,7,2.20187e-07,2.20187e-07,1,1,71,25,14,5,1,6,165,0.288
10,4.55382e-05,8,2.20187e-07,2.20187e-07,1,1,71,25,14,5,1,6,165,0.178
10,4.55382e-05,9,2.20187e-07,2.20187e-07,1,1,71,25,14,5,1,6,165,0.25
10,4.55382e-05,10,2.20187e-07,2.20187e-07,1,1,71,25,14,5,1,6,165,0.291
10,4.55382e-05,11,2.20187e-07,2.20187e-07,1,1,71,25,14,5,1,6,165,0.168
10,4.55382e-05,12,2.20187e-07,2.20187e-07,1,1,71,25,14,5,1,6,165,0.29
10,4.55382e-05,13,2.20187e-07,2.20187e-07,1,1,71,25,14,5,1,6,165,0.17
10,4.55382e-05,14,2.20187e-07,2.20187e-07,1,1,71,25,14,5,1,6,165,0.251
10,4.55382e-05,15,2.20187e-07,2.20187e-07,1,1,71,25,14,5,1,6,165,0.293
10,4.55382e-05,16,2.20187e-07,2.20187e-07,1,1,71,27,12,5,1,6,153,0.293
10,4.55382e-05,17,2.20187e-07,2.20187e-07,1,1,71,27,12,5,1,6,153,0.166
10,4.55382e-05,18,2.20187e-07,2.20187e-07,1,1,71,27,12,5,1,6,153,0.25
10,4.55382e-05,19,2.20187e-07,2.20187e-07,1,1,71,27,12,5,1,6,153,0.168
10,4.55382e-05,20,2.20187e-07,2.20187e-07,1,1,71,25,14,5,1,6,165,0.294
10,4.55382e-05,21,2.20187e-07,2.20187e-07,1,1,71,25,14,5,1,6,165,0.291
10,4.55382e-05,22,2.20187e-07,2.20187e-07,1,1,71,25,14,5,1,6,165,0.166
10,4.55382e-05,23,2.20187e-07,2.20187e-07,1,1,71,25,14,5,1,6,165,0.247
10,4.55382e-05,24,2.20187e-07,2.20187e-07,1,1,71,27,12,5,1,6,153,0.167
10,4.55382e-05,25,2.20187e-07,2.20187e-07,1,1,71,27,12,5,1,6,153,0.293
10,4.55382e-05,26,2.20187e-07,2.20187e-07,1,1,71,27,12,5,1,6,153,0.291
10,4.55382e-05,27,2.20187e-07,2.20187e-07,1,1,71,27,12,5,1,6,153,0.248
10,4.55382e-05,28,2.20187e-07,2.20187e-07,1,1,71,25,14,5,1,6,165,0.167
10,4.55382e-05,29,2.20187e-07,2.20187e-07,1,1,71,25,14,5,1,6,165,0.293
10,4.55382e-05,30,2.20187e-07,2.20187e-07,1,1,71,25,14,5,1,6,165,0.167
10,4.55382e-05,31,2.20187e-07,2.20187e-07,1,1,71,25,14,5,1,6,165,0.248
10,4.55382e-05,32,2.20187e-07,2.20187e-07,1,1,71,25,14,5,1,6,165,0.289
10,4.55382e-05,33,2.20187e-07,2.20187e-07,1,1,71,25,14,5,1,6,165,0.166
10,4.55382e-05,34,2.20187e-07,2.20187e-07,1,1,71,25,14,5,1,6,165,0.293
10,4.55382e-05,35,2.20187e-07,2.20187e-07,1,1,71,25,14,5,1,6,165,0.251
10,0.106219,0,2.20192e-07,2.20192e-07,1,1,67,21,14,9,1,10,189,0.275
10,0.106219,1,2.20192e-07,2.20192e-07,1,1,67,21,14,9,1,10,189,0.156
10,0.106219,2,2.20192e-07,2.20192e-07,1,1,67,21,14,9,1,10,189,0.159
10,0.106219,3,2.20192e-07,2.20192e-07,1,1,67,21,14,9,1,10,189,0.232
10,0.106219,4,2.20192e-07,2.20192e-07,1,1,66,21,13,9,1,10,182,0.27
10,0.106219,5,2.20192e-07,2.20192e-07,1,1,64,21,12,9,1,10,175,0.274
10,0.106219,6,2.20192e-07,2.20192e-07,1,1,64,21,12,9,1,10,175,0.156
10,0.106219,7,2.20192e-07,2.20192e-07,1,1,64,21,12,9,1,10,175,0.23
10,0.106219,8,2.20192e-07,2.20192e-07,1,1,67,21,14,9,1,10,189,0.156
10,0.106219,9,2.20192e-07,2.20192e-07,1,1,67,21,14,9,1,10,189,0.279
10,0.106219,10,2.20192e-07,2.20192e-07,1,1,67,21,14,9,1,10,189,0.273
10,0.106219,11,2.20192e-07,2.20192e-07,1,1,67,21,14,9,1,10,189,0.16
10,0.106219,12,2.20192e-07,2.20192e-07,1,1,67,21,14,9,1,10,189,0.232
10,0.106219,13,2.20192e-07,2.20192e-07,1,1,67,21,14,9,1,10,189,0.275
10,0.106219,14,2.20192e-07,2.20192e-07,1,1,67,21,14,9,1,10,189,0.157
10,0.106219,15,2.20192e-07,2.20192e-07,1,1,67,21,14,9,1,10,189,0.275
10,0.106219,16,2.20192e-07,2.20192e-07,1,1,67,21,14,9,1,10,189,0.231
10,0.106219,17,2.20192e-07,2.20192e-07,1,1,67,21,14,9,1,10,189,0.162
10,0.106219,18,2.20192e-07,2.20192e-07,1,1,67,21,14,9,1,10,189,0.275
10,0.106219,19,2.20192e-07,2.20192e-07,1,1,67,21,14,9,1,10,189,0.271
10,0.106219,20,2.20192e-07,2.20192e-07,1,1,67,21,14,9,1,10,189,0.155
10,0.106219,21,2.20192e-07,2.20192e-07,1,1,67,21,14,9,1,10,189,0.232
10,0.106219,22,2.20192e-07,2.20192e-07,1,1,67,21,14,9,1,10,189,0.159
10,0.106219,23,2.20192e-07,2.20192e-07,1,1,67,21,14,9,1,10,189,0.273
10,0.106219,24,2.20192e-07,2.20192e-07,1,1,66,21,13,9,1,10,182,0.237
10,0.106219,25,2.20192e-07,2.20192e-07,1,1,66,21,13,9,1,10,182,0.274
10,0.106219,26,2.20192e-07,2.20192e-07,1,1,64,21,12,9,1,10,175,0.221
10,0.106219,27,2.20192e-07,2.20192e-07,1,1,66,21,13,9,1,10,182,0.238
10,0.106219,28,2.20192e-07,2.20192e-07,1,1,67,21,14,9,1,10,189,0.279
10,0.106219,29,2.20192e-07,2.20192e-07,1,1,67,21,14,9,1,10,189,0.277
10,0.106219,30,2.20192e-07,2.20192e-07,1,1,67,21,14,9,1,10,189,0.21
10,0.106219,31,2.20192e-07,2.20192e-07,1,1,67,21,14,9,1,10,189,0.232
10,0.106219,32,2.20192e-07,2.20192e-07,1,1,66,21,13,9,1,10,182,0.159
10,0.106219,33,2.20192e-07,2.20192e-07,1,1,66,21,13,9,1,10,182,0.272
10,0.106219,34,2.20192e-07,2.20192e-07,1,1,66,21,13,9,1,10,182,0.271
10,0.106219,35,2.20192e-07,2.20192e-07,1,1,66,21,13,9,1,10,182,0.156
10,0.214085,0,2.20188e-07,2.20188e-07,1,1,71,25,14,5,1,6,165,0.238
10,0.214085,1,2.20188e-07,2.20188e-07,1,1,71,25,14,5,1,6,165,0.281
10,0.214085,2,2.20188e-07,2.20188e-07,1,1,71,25,14,5,1,6,165,0.167
10,0.214085,3,2.20188e-07,2.20188e-07,1,1,71,25,14,5,1,6,165,0.28
10,0.214085,4,2.20188e-07,2.20188e-07,1,1,71,25,14,5,1,6,165,0.237
10,0.214085,5,2.20188e-07,2.20188e-07,1,1,71,25,14,5,1,6,165,0.162
10,0.214085,6,2.20188e-07,2.20188e-07,1,1,71,25,14,5,1,6,165,0.28
10,0.214085,7,2.20188e-07,2.20188e-07,1,1,71,25,14,5,1,6,165,0.28
10,0.214085,8,2.20188e-07,2.20188e-07,1,1,71,27,12,5,1,6,153,0.162
10,0.214085,9,2.20188e-07,2.20188e-07,1,1,71,27,12,5,1,6,153,0.238
10,0.214085,10,2.20188e-07,2.20188e-07,1,1,71,27,12,5,1,6,153,0.161
10,0.214085,11,2.20188e-07,2.20188e-07,1,1,71,27,12,5,1,6,153,0.284
10,0.214085,12,2.20188e-07,2.20188e-07,1,1,71,27,12,5,1,6,153,0.283
10,0.214085,13,2.20188e-07,2.20188e-07,1,1,71,27,12,5,1,6,153,0.239
10,0.214085,14,2.20188e-07,2.20188e-07,1,1,71,27,12,5,1,6,153,0.165
10,0.214085,15,2.20188e-07,2.20188e-07,1,1,71,27,12,5,1,6,153,0.162
10,0.214085,16,2.20188e-07,2.20188e-07,1,1,71,25,14,5,1,6,165,0.28
10,0.214085,17,2.20188e-07,2.20188e-07,1,1,71,25,14,5,1,6,165,0.239
10,0.214085,18,2.20188e-07,2.20188e-07,1,1,71,25,14,5,1,6,165,0.281
10,0.214085,19,2.20188e-07,2.20188e-07,1,1,71,25,14,5,1,6,165,0.162
10,0.214085,20,2.20188e-07,2.20188e-07,1,1,71,25,14,5,1,6,165,0.238
10,0.214085,21,2.20188e-07,2.20188e-07,1,1,71,25,14,5,1,6,165,0.28
10,0.214085,22,2.20188e-07,2.20188e-07,1,1,71,25,14,5,1,6,165,0.283
10,0.214085,23,2.20188e-07,2.20188e-07,1,1,71,25,14,5,1,6,165,0.16
10,0.214085,24,2.20188e-07,2.20188e-07,1,1,71,25,14,5,1,6,165,0.161
10,0.214085,25,2.20188e-07,2.20188e-07,1,1,71,25,14,5,1,6,165,0.239
10,0.214085,26,2.20188e-07,2.20188e-07,1,1,71,25,14,5,1,6,165,0.281
10,0.214085,27,2.20188e-07,2.20188e-07,1,1,71,25,14,5,1,6,165,0.281
10,0.214085,28,2.20188e-07,2.20188e-07,1,1,71,25,14,5,1,6,165,0.158
10,0.214085,29,2.20188e-07,2.20188e-07,1,1,71,25,14,5,1,6,165,0.239
10,0.214085,30,2.20188e-07,2.20188e-07,1,1,71,25,14,5,1,6,165,0.161
10,0.214085,31,2.20188e-07,2.20188e-07,1,1,71,25,14,5,1,6,165,0.278
10,0.214085,32,2.20188e-07,2.20188e-07,1,1,71,27,12,5,1,6,153,0.281
10,0.214085,33,2.20188e-07,2.20188e-07,1,1,71,27,12,5,1,6,153,0.164
10,0.214085,34,2.20188e-07,2.20188e-07,1,1,71,27,12,5,1,6,153,0.241
10,0.214085,35,2.20188e-07,2.20188e-07,1,1,71,27,12,5,1,6,153,0.281
10,0.325295,0,2.20197e-07,2.20197e-07,1,1,61,17,16,9,1,10,199,0.175
10,0.325295,1,2.20197e-07,2.20197e-07,1,1,59,17,16,8,0,8,185,0.305
10,0.325295,2,2.20197e-07,2.20197e-07,1,1,61,17,16,9,1,10,199,0.258
10,0.325295,3,2.20197e-07,2.20197e-07,1,1,59,17,16,8,0,8,185,0.174
10,0.325295,4,2.20197e-07,2.20197e-07,1,1,58,17,15,8,0,8,178,0.302
10,0.325295,5,2.20197e-07,2.20197e-07,1,1,60,17,15,9,1,10,192,0.309
10,0.325295,6,2.20197e-07,2.20197e-07,1,1,58,17,15,8,0,8,178,0.174
10,0.325295,7,2.20197e-07,2.20197e-07,1,1,60,17,15,9,1,10,192,0.26
10,0.325295,8,2.20197e-07,2.20197e-07,1,1,61,17,16,9,1,10,199,0.175
10,0.325295,9,2.20197e-07,2.20197e-07,1,1,59,17,16,8,0,8,185,0.305
10,0.325295,10,2.20197e-07,2.20197e-07,1,1,59,17,16,8,0,8,185,0.259
10,0.325295,11,2.20197e-07,2.20197e-07,1,1,61,17,16,9,1,10,199,0.307
10,0.325295,12,2.20197e-07,2.20197e-07,1,1,61,17,16,9,1,10,199,0.177
10,0.325295,13,2.20197e-07,2.20197e-07,1,1,59,17,16,8,0,8,185,0.255
10,0.325295,14,2.20197e-07,2.20197e-07,1,1,61,17,16,9,1,10,199,0.171
10,0.325295,15,2.20197e-07,2.20197e-07,1,1,59,17,16,8,0,8,185,0.306
10,0.325295,16,2.20197e-07,2.20197e-07,1,1,58,17,15,8,0,8,178,0.306
10,0.325295,17,2.20197e-07,2.20197e-07,1,1,60,17,15,9,1,10,192,0.181
10,0.325295,18,2.20197e-07,2.20197e-07,1,1,60,17,15,9,1,10,192,0.256
10,0.325295,19,2.20197e-07,2.20197e-07,1,1,58,17,15,8,0,8,178,0.304
10,0.325295,20,2.20197e-07,2.20197e-07,1,1,59,17,16,8,0,8,185,0.174
10,0.325295,21,2.20197e-07,2.20197e-07,1,1,61,17,16,9,1,10,199,0.305
10,0.325295,22,2.20197e-07,2.20197e-07,1,1,59,17,16,8,0,8,185,0.258
10,0.325295,23,2.20197e-07,2.20197e-07,1,1,61,17,16,9,1,10,199,0.175
10,0.325295,24,2.20197e-07,2.20197e-07,1,1,58,17,15,8,0,8,178,0.304
10,0.325295,25,2.20197e-07,2.20197e-07,1,1,60,17,15,9,1,10,192,0.302
10,0.325295,26,2.20197e-07,2.20197e-07,1,1,60,17,15,9,1,10,192,0.171
10,0.325295,27,2.20197e-07,2.20197e-07,1,1,58,17,15,8,0,8,178,0.255
10,0.325295,28,2.20197e-07,2.20197e-07,1,1,59,17,16,8,0,8,185,0.176
10,0.325295,29,2.20197e-07,2.20197e-07,1,1,61,17,16,9,1,10,199,0.324
10,0.325295,30,2.20197e-07,2.20197e-07,1,1,61,17,16,9,1,10,199,0.479
10,0.325295,31,2.20197e-07,2.20197e-07,1,1,59,17,16,8,0,8,185,0.314
10,0.325295,32,2.20197e-07,2.20197e-07,1,1,61,17,16,9,1,10,199,0.631
10,0.325295,33,2.20197e-07,2.20197e-07,1,1,59,17,16,8,0,8,185,0.429
10,0.325295,34,2.20197e-07,2.20197e-07,1,1,61,17,16,9,1,10,199,0.344
10,0.325295,35,2.20197e-07,2.20197e-07,1,1,59,17,16,8,0,8,185,0.405
10,0.435439,0,2.20189e-07,2.20189e-07,1,1,64,21,16,4,1,5,168,0.32
10,0.435439,1,2.20189e-07,2.20189e-07,1,1,64,21,16,4,1,5,168,0.278
10,0.435439,2,2.20189e-07,2.20189e-07,1,1,64,21,16,4,1,5,168,0.292
10,0.435439,3,2.20189e-07,2.20189e-07,1,1,64,21,16,4,1,5,168,0.326
10,0.435439,4,2.20189e-07,2.20189e-07,1,1,64,21,16,4,1,5,168,0.278
10,0.435439,5,2.20189e-07,2.20189e-07,1,1,64,21,16,4,1,5,168,0.282
10,0.435439,6,2.20189e-07,2.20189e-07,1,1,64,21,16,4,1,5,168,0.326
10,0.435439,7,2.20189e-07,2.20189e-07,1,1,64,21,16,4,1,5,168,0.328
10,0.435439,8,2.20189e-07,2.20189e-07,1,1,63,21,15,4,1,5,161,0.283
10,0.435439,9,2.20189e-07,2.20189e-07,1,1,61,21,14,4,1,5,154,0.281
10,0.435439,10,2.20189e-07,2.20189e-07,1,1,61,21,14,4,1,5,154,0.323
10,0.435439,11,2.20189e-07,2.20189e-07,1,1,63,21,15,4,1,5,161,0.28
10,0.435439,12,2.20189e-07,2.20189e-07,1,1,64,21,16,4,1,5,168,0.326
10,0.435439,13,2.20189e-07,2.20189e-07,1,1,64,21,16,4,1,5,168,0.281
10,0.435439,14,2.20189e-07,2.20189e-07,1,1,64,21,16,4,1,5,168,0.323
10,0.435439,15,2.20189e-07,2.20189e-07,1,1,64,21,16,4,1,5,168,0.281
10,0.435439,16,2.20189e-07,2.20189e-07,1,1,64,21,16,4,1,5,168,0.28
10,0.435439,17,2.20189e-07,2.20189e-07,1,1,64,21,16,4,1,5,168,0.326
10,0.435439,18,2.20189e-07,2.20189e-07,1,1,64,21,16,4,1,5,168,0.323
10,0.435439,19,2.20189e-07,2.20189e-07,1,1,64,21,16,4,1,5,168,0.283
10,0.435439,20,2.20189e-07,2.20189e-07,1,1,61,21,14,4,1,5,154,0.28
10,0.435439,21,2.20189e-07,2.20189e-07,1,1,63,21,15,4,1,5,161,0.326
10,0.435439,22,2.20189e-07,2.20189e-07,1,1,63,21,15,4,1,5,161,0.325
10,0.435439,23,2.20189e-07,2.20189e-07,1,1,63,21,15,4,1,5,161,0.281
10,0.435439,24,2.20189e-07,2.20189e-07,1,1,64,21,16,4,1,5,168,0.281
10,0.435439,25,2.20189e-07,2.20189e-07,1,1,64,21,16,4,1,5,168,0.325
10,0.435439,26,2.20189e-07,2.20189e-07,1,1,64,21,16,4,1,5,168,0.322
10,0.435439,27,2.20189e-07,2.20189e-07,1,1,64,21,16,4,1,5,168,0.278
10,0.435439,28,2.20189e-07,2.20189e-07,1,1,61,21,14,4,1,5,154,0.276
10,0.435439,29,2.20189e-07,2.20189e-07,1,1,63,21,15,4,1,5,161,0.324
10,0.435439,30,2.20189e-07,2.20189e-07,1,1,63,21,15,4,1,5,161,0.279
10,0.435439,31,2.20189e-07,2.20189e-07,1,1,63,21,15,4,1,5,161,0.278
10,0.435439,32,2.20189e-07,2.20189e-07,1,1,64,21,16,4,1,5,168,0.319
10,0.435439,33,2.20189e-07,2.20189e-07,1,1,64,21,16,4,1,5,168,0.323
10,0.435439,34,2.20189e-07,2.20189e-07,1,1,64,21,16,4,1,5,168,0.278
10,0.435439,35,2.20189e-07,2.20189e-07,1,1,64,21,16,4,1,5,168,0.278
10,0.542586,0,2.20187e-07,2.20187e-07,1,1,68,25,14,4,1,5,158,0.298
10,0.542586,1,2.20187e-07,2.20187e-07,1,1,68,25,14,4,1,5,158,0.297
10,0.542586,2,2.20187e-07,2.20187e-07,1,1,68,25,14,4,1,5,158,0.258
10,0.542586,3,2.20187e-07,2.20187e-07,1,1,68,25,14,4,1,5,158,0.256
10,0.542586,4,2.20187e-07,2.20187e-07,1,1,68,23,16,4,1,5,170,0.298
10,0.542586,5,2.20187e-07,2.20187e-07,1,1,68,23,16,4,1,5,170,0.261
10,0.542586,6,2.20187e-07,2.20187e-07,1,1,68,23,16,4,1,5,170,0.258
10,0.542586,7,2.20187e-07,2.20187e-07,1,1,68,23,16,4,1,5,170,0.301
10,0.542586,8,2.20187e-07,2.20187e-07,1,1,68,23,16,4,1,5,170,0.302
10,0.542586,9,2.20187e-07,2.20187e-07,1,1,68,23,16,4,1,5,170,0.261
10,0.542586,10,2.20187e-07,2.20187e-07,1,1,68,23,16,4,1,5,170,0.26
10,0.542586,11,2.20187e-07,2.20187e-07,1,1,68,23,16,4,1,5,170,0.296
10,0.542586,12,2.20187e-07,2.20187e-07,1,1,68,25,14,4,1,5,158,0.302
10,0.542586,13,2.20187e-07,2.20187e-07,1,1,68,25,14,4,1,5,158,0.261
10,0.542586,14,2.20187e-07,2.20187e-07,1,1,68,25,14,4,1,5,158,0.26
10,0.542586,15,2.20187e-07,2.20187e-07,1,1,68,25,14,4,1,5,158,0.299
10,0.542586,16,2.20187e-07,2.20187e-07,1,1,68,23,16,4,1,5,170,0.299
10,0.542586,17,2.20187e-07,2.20187e-07,1,1,68,23,16,4,1,5,170,0.26
10,0.542586,18,2.20187e-07,2.20187e-07,1,1,68,23,16,4,1,5,170,0.26
10,0.542586,19,2.20187e-07,2.20187e-07,1,1,68,23,16,4,1,5,170,0.3
10,0.542586,20,2.20187e-07,2.20187e-07,1,1,68,23,16,4,1,5,170,0.3
10,0.542586,21,2.20187e-07,2.20187e-07,1,1,68,23,16,4,1,5,170,0.26
10,0.542586,22,2.20187e-07,2.20187e-07,1,1,68,23,16,4,1,5,170,0.261
10,0.542586,23,2.20187e-07,2.20187e-07,1,1,68,23,16,4,1,5,170,0.297
10,0.542586,24,2.20187e-07,2.20187e-07,1,1,68,23,16,4,1,5,170,0.258
10,0.542586,25,2.20187e-07,2.20187e-07,1,1,68,23,16,4,1,5,170,0.258
10,0.542586,26,2.20187e-07,2.20187e-07,1,1,68,23,16,4,1,5,170,0.298
10,0.542586,27,2.20187e-07,2.20187e-07,1,1,68,23,16,4,1,5,170,0.3
10,0.542586,28,2.20187e-07,2.20187e-07,1,1,68,23,16,4,1,5,170,0.325
10,0.542586,29,2.20187e-07,2.20187e-07,1,1,68,23,16,4,1,5,170,0.334
10,0.542586,30,2.20187e-07,2.20187e-07,1,1,68,23,16,4,1,5,170,0.3
10,0.542586,31,2.20187e-07,2.20187e-07,1,1,68,23,16,4,1,5,170,0.299
10,0.542586,32,2.20187e-07,2.20187e-07,1,1,68,25,14,4,1,5,158,0.323
10,0.542586,33,2.20187e-07,2.20187e-07,1,1,68,25,14,4,1,5,158,0.35
10,0.542586,34,2.20187e-07,2.20187e-07,1,1,68,25,14,4,1,5,158,0.298
10,0.542586,35,2.20187e-07,2.20187e-07,1,1,68,25,14,4,1,5,158,0.297
10,0.654227,0,2.20192e-07,2.20192e-07,1,1,65,21,12,9,1,10,175,0.295
10,0.654227,1,2.20192e-07,2.20192e-07,1,1,65,21,12,9,1,10,175,0.301
10,0.654227,2,2.20192e-07,2.20192e-07,1,1,65,21,12,9,1,10,175,0.356
10,0.654227,3,2.20192e-07,2.20192e-07,1,1,65,21,12,9,1,10,175,0.306
10,0.654227,4,2.20192e-07,2.20192e-07,1,1,64,21,11,9,1,10,168,0.324
10,0.654227,5,2.20192e-07,2.20192e-07,1,1,64,21,11,9,1,10,168,0.306
10,0.654227,6,2.20192e-07,2.20192e-07,1,1,64,21,11,9,1,10,168,0.26
10,0.654227,7,2.20192e-07,2.20192e-07,1,1,62,21,10,9,1,10,161,0.31
10,0.654227,8,2.20192e-07,2.20192e-07,1,1,65,21,12,9,1,10,175,0.308
10,0.654227,9,2.20192e-07,2.20192e-07,1,1,65,21,12,9,1,10,175,0.264
10,0.654227,10,2.20192e-07,2.20192e-07,1,1,65,21,12,9,1,10,175,0.263
10,0.654227,11,2.20192e-07,2.20192e-07,1,1,65,21,12,9,1,10,175,0.307
10,0.654227,12,2.20192e-07,2.20192e-07,1,1,65,21,12,9,1,10,175,0.269
10,0.654227,13,2.20192e-07,2.20192e-07,1,1,65,21,12,9,1,10,175,0.307
10,0.654227,14,2.20192e-07,2.20192e-07,1,1,65,21,12,9,1,10,175,0.266
10,0.654227,15,2.20192e-07,2.20192e-07,1,1,65,21,12,9,1,10,175,0.306
10,0.654227,16,2.20192e-07,2.20192e-07,1,1,65,21,12,9,1,10,175,0.265
10,0.654227,17,2.20192e-07,2.20192e-07,1,1,65,21,12,9,1,10,175,0.266
10,0.654227,18,2.20192e-07,2.20192e-07,1,1,65,21,12,9,1,10,175,0.306
10,0.654227,19,2.20192e-07,2.20192e-07,1,1,65,21,12,9,1,10,175,0.264
10,0.654227,20,2.20192e-07,2.20192e-07,1,1,64,21,11,9,1,10,168,0.305
10,0.654227,21,2.20192e-07,2.20192e-07,1,1,64,21,11,9,1,10,168,0.263
10,0.654227,22,2.20192e-07,2.20192e-07,1,1,64,21,11,9,1,10,168,0.306
10,0.654227,23,2.20192e-07,2.20192e-07,1,1,64,21,11,9,1,10,168,0.264
10,0.654227,24,2.20192e-07,2.20192e-07,1,1,65,21,12,9,1,10,175,0.265
10,0.654227,25,2.20192e-07,2.20192e-07,1,1,65,21,12,9,1,10,175,0.302
10,0.654227,26,2.20192e-07,2.20192e-07,1,1,65,21,12,9,1,10,175,0.306
10,0.654227,27,2.20192e-07,2.20192e-07,1,1,65,21,12,9,1,10,175,0.262
10,0.654227,28,2.20192e-07,2.20192e-07,1,1,62,21,10,9,1,10,161,0.26
10,0.654227,29,2.20192e-07,2.20192e-07,1,1,62,21,10,9,1,10,161,0.299
10,0.654227,30,2.20192e-07,2.20192e-07,1,1,62,21,10,9,1,10,161,0.303
10,0.654227,31,2.20192e-07,2.20192e-07,1,1,62,21,10,9,1,10,161,0.262
10,0.654227,32,2.20192e-07,2.20192e-07,1,1,65,21,12,9,1,10,175,0.262
10,0.654227,33,2.20192e-07,2.20192e-07,1,1,65,21,12,9,1,10,175,0.305
10,0.654227,34,2.20192e-07,2.20192e-07,1,1,65,21,12,9,1,10,175,0.301
10,0.654227,35,2.20192e-07,2.20192e-07,1,1,65,21,12,9,1,10,175,0.262
10,0.753914,0,2.20188e-07,2.20188e-07,1,1,81,33,10,5,1,6,145,0.195
10,0.753914,1,2.20188e-07,2.20188e-07,1,1,81,33,10,5,1,6,145,0.223
10,0.753914,2,2.20188e-07,2.20188e-07,1,1,81,33,10,5,1,6,145,0.195
10,0.753914,3,2.20188e-07,2.20188e-07,1,1,81,33,10,5,1,6,145,0.196
10,0.753914,4,2.20188e-07,2.20188e-07,1,1,81,31,12,5,1,6,157,0.22
10,0.753914,5,2.20188e-07,2.20188e-07,1,1,81,31,12,5,1,6,157,0.222
10,0.753914,6,2.20188e-07,2.20188e-07,1,1,81,31,12,5,1,6,157,0.196
10,0.753914,7,2.20188e-07,2.20188e-07,1,1,81,31,12,5,1,6,157,0.199
10,0.753914,8,2.20188e-07,2.20188e-07,1,1,81,31,12,5,1,6,157,0.221
10,0.753914,9,2.20188e-07,2.20188e-07,1,1,81,31,12,5,1,6,157,0.196
10,0.753914,10,2.20188e-07,2.20188e-07,1,1,81,31,12,5,1,6,157,0.224
10,0.753914,11,2.20188e-07,2.20188e-07,1,1,81,31,12,5,1,6,157,0.198
10,0.753914,12,2.20188e-07,2.20188e-07,1,1,81,31,12,5,1,6,157,0.224
10,0.753914,13,2.20188e-07,2.20188e-07,1,1,81,31,12,5,1,6,157,0.195
10,0.753914,14,2.20188e-07,2.20188e-07,1,1,81,31,12,5,1,6,157,0.221
10,0.753914,15,2.20188e-07,2.20188e-07,1,1,81,31,12,5,1,6,157,0.196
10,0.753914,16,2.20188e-07,2.20188e-07,1,1,81,31,12,5,1,6,157,0.226
10,0.753914,17,2.20188e-07,2.20188e-07,1,1,81,31,12,5,1,6,157,0.198
10,0.753914,18,2.20188e-07,2.20188e-07,1,1,81,31,12,5,1,6,157,0.199
10,0.753914,19,2.20188e-07,2.20188e-07,1,1,81,31,12,5,1,6,157,0.226
10,0.753914,20,2.20188e-07,2.20188e-07,1,1,81,33,10,5,1,6,145,0.225
10,0.753914,21,2.20188e-07,2.20188e-07,1,1,81,33,10,5,1,6,145,0.198
10,0.753914,22,2.20188e-07,2.20188e-07,1,1,81,33,10,5,1,6,145,0.196
10,0.753914,23,2.20188e-07,2.20188e-07,1,1,81,33,10,5,1,6,145,0.22
10,0.753914,24,2.20188e-07,2.20188e-07,1,1,81,31,12,5,1,6,157,0.224
10,0.753914,25,2.20188e-07,2.20188e-07,1,1,81,31,12,5,1,6,157,0.194
10,0.753914,26,2.20188e-07,2.20188e-07,1,1,81,31,12,5,1,6,157,0.193
10,0.753914,27,2.20188e-07,2.20188e-07,1,1,81,31,12,5,1,6,157,0.224
10,0.753914,28,2.20188e-07,2.20188e-07,1,1,81,31,12,5,1,6,157,0.191
10,0.753914,29,2.20188e-07,2.20188e-07,1,1,81,31,12,5,1,6,157,0.221
10,0.753914,30,2.20188e-07,2.20188e-07,1,1,81,31,12,5,1,6,157,0.194
10,0.753914,31,2.20188e-07,2.20188e-07,1,1,81,31,12,5,1,6,157,0.223
10,0.753914,32,2.20188e-07,2.20188e-07,1,1,81,33,10,5,1,6,145,0.194
10,0.753914,33,2.20188e-07,2.20188e-07,1,1,81,33,10,5,1,6,145,0.196
10,0.753914,34,2.20188e-07,2.20188e-07,1,1,81,33,10,5,1,6,145,0.224
10,0.753914,35,2.20188e-07,2.20188e-07,1,1,81,33,10,5,1,6,145,0.224
10,0.866401,0,2.20194e-07,2.20194e-07,1,1,93,39,8,5,1,6,137,0.155
10,0.866401,1,2.20194e-07,2.20194e-07,1,1,91,39,8,4,0,4,123,0.155
10,0.866401,2,2.20194e-07,2.20194e-07,1,1,93,39,8,5,1,6,137,0.172
10,0.866401,3,2.20194e-07,2.20194e-07,1,1,91,39,8,4,0,4,123,0.152
10,0.866401,4,2.20194e-07,2.20194e-07,1,1,91,41,6,4,0,4,111,0.155
10,0.866401,5,2.20194e-07,2.20194e-07,1,1,93,41,6,5,1,6,125,0.172
10,0.866401,6,2.20194e-07,2.20194e-07,1,1,91,41,6,4,0,4,111,0.171
10,0.866401,7,2.20194e-07,2.20194e-07,1,1,93,41,6,5,1,6,125,0.154
10,0.866401,8,2.20194e-07,2.20194e-07,1,1,93,39,8,5,1,6,137,0.155
10,0.866401,9,2.20194e-07,2.20194e-07,1,1,91,39,8,4,0,4,123,0.167
10,0.866401,10,2.20194e-07,2.20194e-07,1,1,91,39,8,4,0,4,123,0.172
10,0.866401,11,2.20194e-07,2.20194e-07,1,1,93,39,8,5,1,6,137,0.154
10,0.866401,12,2.20194e-07,2.20194e-07,1,1,91,39,8,4,0,4,123,0.155
10,0.866401,13,2.20194e-07,2.20194e-07,1,1,93,39,8,5,1,6,137,0.173
10,0.866401,14,2.20194e-07,2.20194e-07,1,1,93,39,8,5,1,6,137,0.173
10,0.866401,15,2.20194e-07,2.20194e-07,1,1,91,39,8,4,0,4,123,0.155
10,0.866401,16,2.20194e-07,2.20194e-07,1,1,93,41,6,5,1,6,125,0.155
10,0.866401,17,2.20194e-07,2.20194e-07,1,1,91,41,6,4,0,4,111,0.171
10,0.866401,18,2.20194e-07,2.20194e-07,1,1,91,41,6,4,0,4,111,0.171
10,0.866401,19,2.20194e-07,2.20194e-07,1,1,93,41,6,5,1,6,125,0.155
10,0.866401,20,2.20194e-07,2.20194e-07,1,1,93,39,8,5,1,6,137,0.157
10,0.866401,21,2.20194e-07,2.20194e-07,1,1,91,39,8,4,0,4,123,0.172
10,0.866401,22,2.20194e-07,2.20194e-07,1,1,93,39,8,5,1,6,137,0.154
10,0.866401,23,2.20194e-07,2.20194e-07,1,1,91,39,8,4,0,4,123,0.172
10,0.866401,24,2.20194e-07,2.20194e-07,1,1,91,39,8,4,0,4,123,0.154
10,0.866401,25,2.20194e-07,2.20194e-07,1,1,93,39,8,5,1,6,137,0.172
10,0.866401,26,2.20194e-07,2.20194e-07,1,1,93,39,8,5,1,6,137,0.155
10,0.866401,27,2.20194e-07,2.20194e-07,1,1,91,39,8,4,0,4,123,0.172
10,0.866401,28,2.20194e-07,2.20194e-07,1,1,93,39,8,5,1,6,137,0.156
10,0.866401,29,2.20194e-07,2.20194e-07,1,1,91,39,8,4,0,4,123,0.173
10,0.866401,30,2.20194e-07,2.20194e-07,1,1,91,39,8,4,0,4,123,0.154
10,0.866401,31,2.20194e-07,2.20194e-07,1,1,93,39,8,5,1,6,137,0.172
10,0.866401,32,2.20194e-07,2.20194e-07,1,1,91,41,6,4,0,4,111,0.154
10,0.866401,33,2.20194e-07,2.20194e-07,1,1,93,41,6,5,1,6,125,0.156
10,0.866401,34,2.20194e-07,2.20194e-07,1,1,93,41,6,5,1,6,125,0.174
10,0.866401,35,2.20194e-07,2.20194e-07,1,1,91,41,6,4,0,4,111,0.158
10,0.973074,0,2.20188e-07,2.20188e-07,1,1,71,25,16,3,1,4,165,0.294
10,0.973074,1,2.20188e-07,2.20188e-07,1,1,69,25,16,2,0,2,151,0.254
10,0.973074,2,2.20188e-07,2.20188e-07,1,1,71,25,16,3,1,4,165,0.292
10,0.973074,3,2.20188e-07,2.20188e-07,1,1,69,25,16,2,0,2,151,0.255
10,0.973074,4,2.20188e-07,2.20188e-07,1,1,69,25,16,2,0,2,151,0.295
10,0.973074,5,2.20188e-07,2.20188e-07,1,1,71,25,16,3,1,4,165,0.256
10,0.973074,6,2.20188e-07,2.20188e-07,1,1,71,25,16,3,1,4,165,0.258
10,0.973074,7,2.20188e-07,2.20188e-07,1,1,69,25,16,2,0,2,151,0.292
10,0.973074,8,2.20188e-07,2.20188e-07,1,1,69,27,14,2,0,2,139,0.292
10,0.973074,9,2.20188e-07,2.20188e-07,1,1,71,27,14,3,1,4,153,0.253
10,0.973074,10,2.20188e-07,2.20188e-07,1,1,69,27,14,2,0,2,139,0.257
10,0.973074,11,2.20188e-07,2.20188e-07,1,1,71,27,14,3,1,4,153,0.294
10,0.973074,12,2.20188e-07,2.20188e-07,1,1,71,25,16,3,1,4,165,0.254
10,0.973074,13,2.20188e-07,2.20188e-07,1,1,69,25,16,2,0,2,151,0.292
10,0.973074,14,2.20188e-07,2.20188e-07,1,1,69,25,16,2,0,2,151,0.256
10,0.973074,15,2.20188e-07,2.20188e-07,1,1,71,25,16,3,1,4,165,0.289
10,0.973074,16,2.20188e-07,2.20188e-07,1,1,71,27,14,3,1,4,153,0.257
10,0.973074,17,2.20188e-07,2.20188e-07,1,1,69,27,14,2,0,2,139,0.295
10,0.973074,18,2.20188e-07,2.20188e-07,1,1,69,27,14,2,0,2,139,0.256
10,0.973074,19,2.20188e-07,2.20188e-07,1,1,71,27,14,3,1,4,153,0.29
10,0.973074,20,2.20188e-07,2.20188e-07,1,1,69,25,16,2,0,2,151,0.256
10,0.973074,21,2.20188e-07,2.20188e-07,1,1,71,25,16,3,1,4,165,0.258
10,0.973074,22,2.20188e-07,2.20188e-07,1,1,69,25,16,2,0,2,151,0.294
10,0.973074,23,2.20188e-07,2.20188e-07,1,1,71,25,16,3,1,4,165,0.295
10,0.973074,24,2.20188e-07,2.20188e-07,1,1,69,25,16,2,0,2,151,0.254
10,0.973074,25,2.20188e-07,2.20188e-07,1,1,71,25,16,3,1,4,165,0.256
10,0.973074,26,2.20188e-07,2.20188e-07,1,1,69,25,16,2,0,2,151,0.292
10,0.973074,27,2.20188e-07,2.20188e-07,1,1,71,25,16,3,1,4,165,0.254
10,0.973074,28,2.20188e-07,2.20188e-07,1,1,71,27,14,3,1,4,153,0.289
10,0.973074,29,2.20188e-07,2.20188e-07,1,1,69,27,14,2,0,2,139,0.255
10,0.973074,30,2.20188e-07,2.20188e-07,1,1,69,27,14,2,0,2,139,0.295
10,0.973074,31,2.20188e-07,2.20188e-07,1,1,71,27,14,3,1,4,153,0.257
10,0.973074,32,2.20188e-07,2.20188e-07,1,1,71,25,16,3,1,4,165,0.293
10,0.973074,33,2.20188e-07,2.20188e-07,1,1,69,25,16,2,0,2,151,0.258
10,0.973074,34,2.20188e-07,2.20188e-07,1,1,69,25,16,2,0,2,151,0.298
10,0.973074,35,2.20188e-07,2.20188e-07,1,1,71,25,16,3,1,4,165,0.259
10,1.08423,0,2.20193e-07,2.20193e-07,1,1,75,27,12,7,1,8,167,0.228
10,1.08423,1,2.20193e-07,2.20193e-07,1,1,75,27,12,7,1,8,167,0.253
10,1.08423,2,2.20193e-07,2.20193e-07,1,1,75,27,12,7,1,8,167,0.221
10,1.08423,3,2.20193e-07,2.20193e-07,1,1,75,27,12,7,1,8,167,0.256
10,1.08423,4,2.20193e-07,2.20193e-07,1,1,74,27,11,7,1,8,160,0.223
10,1.08423,5,2.20193e-07,2.20193e-07,1,1,74,27,11,7,1,8,160,0.25
10,1.08423,6,2.20193e-07,2.20193e-07,1,1,72,27,10,7,1,8,153,0.217
10,1.08423,7,2.20193e-07,2.20193e-07,1,1,74,27,11,7,1,8,160,0.253
10,1.08423,8,2.20193e-07,2.20193e-07,1,1,75,27,12,7,1,8,167,0.22
10,1.08423,9,2.20193e-07,2.20193e-07,1,1,75,27,12,7,1,8,167,0.252
10,1.08423,10,2.20193e-07,2.20193e-07,1,1,75,27,12,7,1,8,167,0.222
10,1.08423,11,2.20193e-07,2.20193e-07,1,1,75,27,12,7,1,8,167,0.223
10,1.08423,12,2.20193e-07,2.20193e-07,1,1,72,27,10,7,1,8,153,0.254
10,1.08423,13,2.20193e-07,2.20193e-07,1,1,74,27,11,7,1,8,160,0.254
10,1.08423,14,2.20193e-07,2.20193e-07,1,1,74,27,11,7,1,8,160,0.223
10,1.08423,15,2.20193e-07,2.20193e-07,1,1,74,27,11,7,1,8,160,0.226
10,1.08423,16,2.20193e-07,2.20193e-07,1,1,75,27,12,7,1,8,167,0.257
10,1.08423,17,2.20193e-07,2.20193e-07,1,1,75,27,12,7,1,8,167,0.254
10,1.08423,18,2.20193e-07,2.20193e-07,1,1,75,27,12,7,1,8,167,0.221
10,1.08423,19,2.20193e-07,2.20193e-07,1,1,75,27,12,7,1,8,167,0.222
10,1.08423,20,2.20193e-07,2.20193e-07,1,1,75,27,12,7,1,8,167,0.255
10,1.08423,21,2.20193e-07,2.20193e-07,1,1,75,27,12,7,1,8,167,0.252
10,1.08423,22,2.20193e-07,2.20193e-07,1,1,75,27,12,7,1,8,167,0.223
10,1.08423,23,2.20193e-07,2.20193e-07,1,1,75,27,12,7,1,8,167,0.225
10,1.08423,24,2.20193e-07,2.20193e-07,1,1,75,27,12,7,1,8,167,0.257
10,1.08423,25,2.20193e-07,2.20193e-07,1,1,75,27,12,7,1,8,167,0.22
10,1.08423,26,2.20193e-07,2.20193e-07,1,1,75,27,12,7,1,8,167,0.255
10,1.08423,27,2.20193e-07,2.20193e-07,1,1,75,27,12,7,1,8,167,0.225
10,1.08423,28,2.20193e-07,2.20193e-07,1,1,72,27,10,7,1,8,153,0.255
10,1.08423,29,2.20193e-07,2.20193e-07,1,1,74,27,11,7,1,8,160,0.22
10,1.08423,30,2.20193e-07,2.20193e-07,1,1,74,27,11,7,1,8,160,0.251
10,1.08423,31,2.20193e-07,2.20193e-07,1,1,74,27,11,7,1,8,160,0.221
10,1.08423,32,2.20193e-07,2.20193e-07,1,1,75,27,12,7,1,8,167,0.219
10,1.08423,33,2.20193e-07,2.20193e-07,1,1,75,27,12,7,1,8,167,0.258
10,1.08423,34,2.20193e-07,2.20193e-07,1,1,75,27,12,7,1,8,167,0.226
10,1.08423,35,2.20193e-07,2.20193e-07,1,1,75,27,12,7,1,8,167,0.252
10,1.19347,0,2.20199e-07,2.20199e-07,1,1,77,29,14,3,1,4,155,0.235
10,1.19347,1,2.20199e-07,2.20199e-07,1,1,77,29,14,3,1,4,155,0.269
10,1.19347,2,2.20199e-07,2.20199e-07,1,1,77,29,14,3,1,4,155,0.237
10,1.19347,3,2.20199e-07,2.20199e-07,1,1,77,29,14,3,1,4,155,0.264
10,1.19347,4,2.20199e-07,2.20199e-07,1,1,77,29,14,3,1,4,155,0.235
10,1.19347,5,2.20199e-07,2.20199e-07,1,1,77,29,14,3,1,4,155,0.239
10,1.19347,6,2.20199e-07,2.20199e-07,1,1,77,29,14,3,1,4,155,0.268
10,1.19347,7,2.20199e-07,2.20199e-07,1,1,77,29,14,3,1,4,155,0.268
10,1.19347,8,2.20199e-07,2.20199e-07,1,1,77,31,12,3,1,4,143,0.236
10,1.19347,9,2.20199e-07,2.20199e-07,1,1,77,31,12,3,1,4,143,0.246
10,1.19347,10,2.20199e-07,2.20199e-07,1,1,77,31,12,3,1,4,143,0.275
10,1.19347,11,2.20199e-07,2.20199e-07,1,1,77,31,12,3,1,4,143,0.272
10,1.19347,12,2.20199e-07,2.20199e-07,1,1,77,29,14,3,1,4,155,0.243
10,1.19347,13,2.20199e-07,2.20199e-07,1,1,77,29,14,3,1,4,155,0.247
10,1.19347,14,2.20199e-07,2.20199e-07,1,1,77,29,14,3,1,4,155,0.279
10,1.19347,15,2.20199e-07,2.20199e-07,1,1,77,29,14,3,1,4,155,0.275
10,1.19347,16,2.20199e-07,2.20199e-07,1,1,77,29,14,3,1,4,155,0.244
10,1.19347,17,2.20199e-07,2.20199e-07,1,1,77,29,14,3,1,4,155,0.242
10,1.19347,18,2.20199e-07,2.20199e-07,1,1,77,29,14,3,1,4,155,0.278
10,1.19347,19,2.20199e-07,2.20199e-07,1,1,77,29,14,3,1,4,155,0.276
10,1.19347,20,2.20199e-07,2.20199e-07,1,1,77,31,12,3,1,4,143,0.242
10,1.19347,21,2.20199e-07,2.20199e-07,1,1,77,31,12,3,1,4,143,0.246
10,1.19347,22,2.20199e-07,2.20199e-07,1,1,77,31,12,3,1,4,143,0.274
10,1.19347,23,2.20199e-07,2.20199e-07,1,1,77,31,12,3,1,4,143,0.239
10,1.19347,24,2.20199e-07,2.20199e-07,1,1,77,29,14,3,1,4,155,0.273
10,1.19347,25,2.20199e-07,2.20199e-07,1,1,77,29,14,3,1,4,155,0.241
10,1.19347,26,2.20199e-07,2.20199e-07,1,1,77,29,14,3,1,4,155,0.24
10,1.19347,27,2.20199e-07,2.20199e-07,1,1,77,29,14,3,1,4,155,0.274
10,1.19347,28,2.20199e-07,2.20199e-07,1,1,77,29,14,3,1,4,155,0.273
10,1.19347,29,2.20199e-07,2.20199e-07,1,1,77,29,14,3,1,4,155,0.242
10,1.19347,30,2.20199e-07,2.20199e-07,1,1,77,29,14,3,1,4,155,0.239
10,1.19347,31,2.20199e-07,2.20199e-07,1,1,77,29,14,3,1,4,155,0.273
10,1.19347,32,2.20199e-07,2.20199e-07,1,1,77,31,12,3,1,4,143,0.273
10,1.19347,33,2.20199e-07,2.20199e-07,1,1,77,31,12,3,1,4,143,0.243
10,1.19347,34,2.20199e-07,2.20199e-07,1,1,77,31,12,3,1,4,143,0.247
10,1.19347,35,2.20199e-07,2.20199e-07,1,1,77,31,12,3,1,4,143,0.25
10,1.30247,0,2.20192e-07,2.20192e-07,1,1,77,31,14,0,0,0,129,0.288
10,1.30247,1,2.20192e-07,2.20192e-07,1,1,79,31,14,1,1,2,143,0.286
10,1.30247,2,2.20192e-07,2.20192e-07,1,1,77,31,14,0,0,0,129,0.255
10,1.30247,3,2.20192e-07,2.20192e-07,1,1,79,31,14,1,1,2,143,0.257
10,1.30247,4,2.20192e-07,2.20192e-07,1,1,79,31,14,1,1,2,143,0.289
10,1.30247,5,2.20192e-07,2.20192e-07,1,1,77,31,14,0,0,0,129,0.287
10,1.30247,6,2.20192e-07,2.20192e-07,1,1,77,31,14,0,0,0,129,0.255
10,1.30247,7,2.20192e-07,2.20192e-07,1,1,79,31,14,1,1,2,143,0.256
10,1.30247,8,2.20192e-07,2.20192e-07,1,1,77,31,14,0,0,0,129,0.286
10,1.30247,9,2.20192e-07,2.20192e-07,1,1,79,31,14,1,1,2,143,0.285
10,1.30247,10,2.20192e-07,2.20192e-07,1,1,79,31,14,1,1,2,143,0.254
10,1.30247,11,2.20192e-07,2.20192e-07,1,1,77,31,14,0,0,0,129,0.257
10,1.30247,12,2.20192e-07,2.20192e-07,1,1,79,31,14,1,1,2,143,0.285
10,1.30247,13,2.20192e-07,2.20192e-07,1,1,77,31,14,0,0,0,129,0.285
10,1.30247,14,2.20192e-07,2.20192e-07,1,1,77,31,14,0,0,0,129,0.253
10,1.30247,15,2.20192e-07,2.20192e-07,1,1,79,31,14,1,1,2,143,0.255
10,1.30247,16,2.20192e-07,2.20192e-07,1,1,76,31,12,1,1,2,129,0.283
10,1.30247,17,2.20192e-07,2.20192e-07,1,1,74,31,12,0,0,0,115,0.251
10,1.30247,18,2.20192e-07,2.20192e-07,1,1,78,31,13,1,1,2,136,0.285
10,1.30247,19,2.20192e-07,2.20192e-07,1,1,76,31,13,0,0,0,122,0.251
10,1.30247,20,2.20192e-07,2.20192e-07,1,1,74,31,12,0,0,0,115,0.248
10,1.30247,21,2.20192e-07,2.20192e-07,1,1,76,31,12,1,1,2,129,0.282
10,1.30247,22,2.20192e-07,2.20192e-07,1,1,76,31,13,0,0,0,122,0.278
10,1.30247,23,2.20192e-07,2.20192e-07,1,1,78,31,13,1,1,2,136,0.25
10,1.30247,24,2.20192e-07,2.20192e-07,1,1,79,31,14,1,1,2,143,0.252
10,1.30247,25,2.20192e-07,2.20192e-07,1,1,77,31,14,0,0,0,129,0.285
10,1.30247,26,2.20192e-07,2.20192e-07,1,1,77,31,14,0,0,0,129,0.286
10,1.30247,27,2.20192e-07,2.20192e-07,1,1,79,31,14,1,1,2,143,0.256
10,1.30247,28,2.20192e-07,2.20192e-07,1,1,79,31,14,1,1,2,143,0.254
10,1.30247,29,2.20192e-07,2.20192e-07,1,1,77,31,14,0,0,0,129,0.287
10,1.30247,30,2.20192e-07,2.20192e-07,1,1,77,31,14,0,0,0,129,0.282
10,1.30247,31,2.20192e-07,2.20192e-07,1,1,79,31,14,1,1,2,143,0.255
10,1.30247,32,2.20192e-07,2.20192e-07,1,1,76,31,13,0,0,0,122,0.252
10,1.30247,33,2.20192e-07,2.20192e-07,1,1,78,31,13,1,1,2,136,0.285
10,1.30247,34,2.20192e-07,2.20192e-07,1,1,76,31,12,1,1,2,129,0.254
10,1.30247,35,2.20192e-07,2.20192e-07,1,1,74,31,12,0,0,0,115,0.283
10,1.40714,0,2.20195e-07,2.20195e-07,1,1,73,27,14,4,0,4,153,0.242
10,1.40714,1,2.20195e-07,2.20195e-07,1,1,75,27,14,5,1,6,167,0.244
10,1.40714,2,2.20195e-07,2.20195e-07,1,1,73,27,14,4,0,4,153,0.274
10,1.40714,3,2.20195e-07,2.20195e-07,1,1,75,27,14,5,1,6,167,0.269
10,1.40714,4,2.20195e-07,2.20195e-07,1,1,75,27,14,5,1,6,167,0.241
10,1.40714,5,2.20195e-07,2.20195e-07,1,1,73,27,14,4,0,4,153,0.244
10,1.40714,6,2.20195e-07,2.20195e-07,1,1,73,27,14,4,0,4,153,0.275
10,1.40714,7,2.20195e-07,2.20195e-07,1,1,75,27,14,5,1,6,167,0.274
10,1.40714,8,2.20195e-07,2.20195e-07,1,1,75,27,14,5,1,6,167,0.24
10,1.40714,9,2.20195e-07,2.20195e-07,1,1,73,27,14,4,0,4,153,0.24
10,1.40714,10,2.20195e-07,2.20195e-07,1,1,75,27,14,5,1,6,167,0.275
10,1.40714,11,2.20195e-07,2.20195e-07,1,1,73,27,14,4,0,4,153,0.273
10,1.40714,12,2.20195e-07,2.20195e-07,1,1,73,29,12,4,0,4,141,0.238
10,1.40714,13,2.20195e-07,2.20195e-07,1,1,75,29,12,5,1,6,155,0.239
10,1.40714,14,2.20195e-07,2.20195e-07,1,1,75,29,12,5,1,6,155,0.238
10,1.40714,15,2.20195e-07,2.20195e-07,1,1,73,29,12,4,0,4,141,0.269
10,1.40714,16,2.20195e-07,2.20195e-07,1,1,75,27,14,5,1,6,167,0.269
10,1.40714,17,2.20195e-07,2.20195e-07,1,1,73,27,14,4,0,4,153,0.236
10,1.40714,18,2.20195e-07,2.20195e-07,1,1,75,27,14,5,1,6,167,0.236
10,1.40714,19,2.20195e-07,2.20195e-07,1,1,73,27,14,4,0,4,153,0.27
10,1.40714,20,2.20195e-07,2.20195e-07,1,1,73,27,14,4,0,4,153,0.264
10,1.40714,21,2.20195e-07,2.20195e-07,1,1,75,27,14,5,1,6,167,0.237
10,1.40714,22,2.20195e-07,2.20195e-07,1,1,73,27,14,4,0,4,153,0.235
10,1.40714,23,2.20195e-07,2.20195e-07,1,1,75,27,14,5,1,6,167,0.269
10,1.40714,24,2.20195e-07,2.20195e-07,1,1,75,29,12,5,1,6,155,0.268
10,1.40714,25,2.20195e-07,2.20195e-07,1,1,73,29,12,4,0,4,141,0.235
10,1.40714,26,2.20195e-07,2.20195e-07,1,1,75,29,12,5,1,6,155,0.237
10,1.40714,27,2.20195e-07,2.20195e-07,1,1,73,29,12,4,0,4,141,0.272
10,1.40714,28,2.20195e-07,2.20195e-07,1,1,73,29,12,4,0,4,141,0.271
10,1.40714,29,2.20195e-07,2.20195e-07,1,1,75,29,12,5,1,6,155,0.241
10,1.40714,30,2.20195e-07,2.20195e-07,1,1,75,29,12,5,1,6,155,0.238
10,1.40714,31,2.20195e-07,2.20195e-07,1,1,73,29,12,4,0,4,141,0.239
10,1.40714,32,2.20195e-07,2.20195e-07,1,1,75,27,14,5,1,6,167,0.27
10,1.40714,33,2.20195e-07,2.20195e-07,1,1,73,27,14,4,0,4,153,0.271
10,1.40714,34,2.20195e-07,2.20195e-07,1,1,73,27,14,4,0,4,153,0.237
10,1.40714,35,2.20195e-07,2.20195e-07,1,1,75,27,14,5,1,6,167,0.241
10,1.51459,0,2.20191e-07,2.20191e-07,1,1,61,19,16,5,1,6,173,0.323
10,1.51459,1,2.20191e-07,2.20191e-07,1,1,59,19,16,4,0,4,159,0.324
10,1.51459,2,2.20191e-07,2.20191e-07,1,1,59,19,16,4,0,4,159,0.279
10,1.51459,3,2.20191e-07,2.20191e-07,1,1,61,19,16,5,1,6,173,0.282
10,1.51459,4,2.20191e-07,2.20191e-07,1,1,61,19,16,5,1,6,173,0.321
10,1.51459,5,2.20191e-07,2.20191e-07,1,1,59,19,16,4,0,4,159,0.32
10,1.51459,6,2.20191e-07,2.20191e-07,1,1,61,19,16,5,1,6,173,0.281
10,1.51459,7,2.20191e-07,2.20191e-07,1,1,59,19,16,4,0,4,159,0.284
10,1.51459,8,2.20191e-07,2.20191e-07,1,1,59,19,16,4,0,4,159,0.278
10,1.51459,9,2.20191e-07,2.20191e-07,1,1,61,19,16,5,1,6,173,0.318
10,1.51459,10,2.20191e-07,2.20191e-07,1,1,59,19,16,4,0,4,159,0.324
10,1.51459,11,2.20191e-07,2.20191e-07,1,1,61,19,16,5,1,6,173,0.281
10,1.51459,12,2.20191e-07,2.20191e-07,1,1,61,21,14,5,1,6,161,0.278
10,1.51459,13,2.20191e-07,2.20191e-07,1,1,59,21,14,4,0,4,147,0.324
10,1.51459,14,2.20191e-07,2.20191e-07,1,1,59,21,14,4,0,4,147,0.326
10,1.51459,15,2.20191e-07,2.20191e-07,1,1,61,21,14,5,1,6,161,0.281
10,1.51459,16,2.20191e-07,2.20191e-07,1,1,59,21,14,4,0,4,147,0.281
10,1.51459,17,2.20191e-07,2.20191e-07,1,1,61,21,14,5,1,6,161,0.323
10,1.51459,18,2.20191e-07,2.20191e-07,1,1,61,21,14,5,1,6,161,0.327
10,1.51459,19,2.20191e-07,2.20191e-07,1,1,59,21,14,4,0,4,147,0.285
10,1.51459,20,2.20191e-07,2.20191e-07,1,1,61,19,16,5,1,6,173,0.277
10,1.51459,21,2.20191e-07,2.20191e-07,1,1,59,19,16,4,0,4,159,0.321
10,1.51459,22,2.20191e-07,2.20191e-07,1,1,59,19,16,4,0,4,159,0.282
10,1.51459,23,2.20191e-07,2.20191e-07,1,1,61,19,16,5,1,6,173,0.32
10,1.51459,24,2.20191e-07,2.20191e-07,1,1,59,19,16,4,0,4,159,0.281
10,1.51459,25,2.20191e-07,2.20191e-07,1,1,61,19,16,5,1,6,173,0.283
10,1.51459,26,2.20191e-07,2.20191e-07,1,1,59,19,16,4,0,4,159,0.319
10,1.51459,27,2.20191e-07,2.20191e-07,1,1,61,19,16,5,1,6,173,0.322
10,1.51459,28,2.20191e-07,2.20191e-07,1,1,61,19,16,5,1,6,173,0.277
10,1.51459,29,2.20191e-07,2.20191e-07,1,1,59,19,16,4,0,4,159,0.28
10,1.51459,30,2.20191e-07,2.20191e-07,1,1,59,19,16,4,0,4,159,0.323
10,1.51459,31,2.20191e-07,2.20191e-07,1,1,61,19,16,5,1,6,173,0.325
10,1.51459,32,2.20191e-07,2.20191e-07,1,1,61,21,14,5,1,6,161,0.28
10,1.51459,33,2.20191e-07,2.20191e-07,1,1,59,21,14,4,0,4,147,0.291
10,1.51459,34,2.20191e-07,2.20191e-07,1,1,59,21,14,4,0,4,147,0.326
10,1.51459,35,2.20191e-07,2.20191e-07,1,1,61,21,14,5,1,6,161,0.28
10,1.62272,0,2.20187e-07,2.20187e-07,1,1,77,30,9,6,1,7,142,0.253
10,1.62272,1,2.20187e-07,2.20187e-07,1,1,75,30,9,5,0,5,128,0.239
10,1.62272,2,2.20187e-07,2.20187e-07,1,1,75,30,9,5,0,5,128,0.254
10,1.62272,3,2.20187e-07,2.20187e-07,1,1,77,30,9,6,1,7,142,0.224
10,1.62272,4,2.20187e-07,2.20187e-07,1,1,76,30,10,5,0,5,135,0.255
10,1.62272,5,2.20187e-07,2.20187e-07,1,1,78,30,10,6,1,7,149,0.231
10,1.62272,6,2.20187e-07,2.20187e-07,1,1,78,30,10,6,1,7,149,0.225
10,1.62272,7,2.20187e-07,2.20187e-07,1,1,76,30,10,5,0,5,135,0.258
10,1.62272,8,2.20187e-07,2.20187e-07,1,1,75,30,9,5,0,5,128,0.257
10,1.62272,9,2.20187e-07,2.20187e-07,1,1,77,30,9,6,1,7,142,0.235
10,1.62272,10,2.20187e-07,2.20187e-07,1,1,77,30,9,6,1,7,142,0.225
10,1.62272,11,2.20187e-07,2.20187e-07,1,1,75,30,9,5,0,5,128,0.255
10,1.62272,12,2.20187e-07,2.20187e-07,1,1,78,30,10,6,1,7,149,0.248
10,1.62272,13,2.20187e-07,2.20187e-07,1,1,76,30,10,5,0,5,135,0.228
10,1.62272,14,2.20187e-07,2.20187e-07,1,1,76,30,10,5,0,5,135,0.223
10,1.62272,15,2.20187e-07,2.20187e-07,1,1,78,30,10,6,1,7,149,0.254
10,1.62272,16,2.20187e-07,2.20187e-07,1,1,76,30,10,5,0,5,135,0.254
10,1.62272,17,2.20187e-07,2.20187e-07,1,1,78,30,10,6,1,7,149,0.231
10,1.62272,18,2.20187e-07,2.20187e-07,1,1,78,30,10,6,1,7,149,0.224
10,1.62272,19,2.20187e-07,2.20187e-07,1,1,76,30,10,5,0,5,135,0.261
10,1.62272,20,2.20187e-07,2.20187e-07,1,1,78,30,10,6,1,7,149,0.228
10,1.62272,21,2.20187e-07,2.20187e-07,1,1,76,30,10,5,0,5,135,0.255
10,1.62272,22,2.20187e-07,2.20187e-07,1,1,76,30,10,5,0,5,135,0.224
10,1.62272,23,2.20187e-07,2.20187e-07,1,1,78,30,10,6,1,7,149,0.26
10,1.62272,24,2.20187e-07,2.20187e-07,1,1,77,30,9,6,1,7,142,0.226
10,1.62272,25,2.20187e-07,2.20187e-07,1,1,75,30,9,5,0,5,128,0.262
10,1.62272,26,2.20187e-07,2.20187e-07,1,1,75,30,9,5,0,5,128,0.22
10,1.62272,27,2.20187e-07,2.20187e-07,1,1,77,30,9,6,1,7,142,0.268
10,1.62272,28,2.20187e-07,2.20187e-07,1,1,76,30,10,5,0,5,135,0.221
10,1.62272,29,2.20187e-07,2.20187e-07,1,1,78,30,10,6,1,7,149,0.179
10,1.62272,30,2.20187e-07,2.20187e-07,1,1,78,30,10,6,1,7,149,0.27
10,1.62272,31,2.20187e-07,2.20187e-07,1,1,76,30,10,5,0,5,135,0.176
10,1.62272,32,2.20187e-07,2.20187e-07,1,1,76,30,10,5,0,5,135,0.212
10,1.62272,33,2.20187e-07,2.20187e-07,1,1,78,30,10,6,1,7,149,0.248
10,1.62272,34,2.20187e-07,2.20187e-07,1,1,76,30,10,5,0,5,135,0.248
10,1.62272,35,2.20187e-07,2.20187e-07,1,1,78,30,10,6,1,7,149,0.174
10,1.73266,0,2.20188e-07,2.20188e-07,1,1,68,25,12,5,0,5,144,0.255
10,1.73266,1,2.20188e-07,2.20188e-07,1,1,70,25,12,6,1,7,158,0.304
10,1.73266,2,2.20188e-07,2.20188e-07,1,1,68,25,12,5,0,5,144,0.188
10,1.73266,3,2.20188e-07,2.20188e-07,1,1,70,25,12,6,1,7,158,0.305
10,1.73266,4,2.20188e-07,2.20188e-07,1,1,70,27,10,6,1,7,146,0.254
10,1.73266,5,2.20188e-07,2.20188e-07,1,1,68,27,10,5,0,5,132,0.207
10,1.73266,6,2.20188e-07,2.20188e-07,1,1,68,27,10,5,0,5,132,0.247
10,1.73266,7,2.20188e-07,2.20188e-07,1,1,70,27,10,6,1,7,146,0.331
10,1.73266,8,2.20188e-07,2.20188e-07,1,1,68,25,12,5,0,5,144,0.268
10,1.73266,9,2.20188e-07,2.20188e-07,1,1,70,25,12,6,1,7,158,0.316
10,1.73266,10,2.20188e-07,2.20188e-07,1,1,70,25,12,6,1,7,158,0.242
10,1.73266,11,2.20188e-07,2.20188e-07,1,1,68,25,12,5,0,5,144,0.297
10,1.73266,12,2.20188e-07,2.20188e-07,1,1,68,25,12,5,0,5,144,0.307
10,1.73266,13,2.20188e-07,2.20188e-07,1,1,70,25,12,6,1,7,158,0.282
10,1.73266,14,2.20188e-07,2.20188e-07,1,1,68,25,12,5,0,5,144,0.22
10,1.73266,15,2.20188e-07,2.20188e-07,1,1,70,25,12,6,1,7,158,0.269
10,1.73266,16,2.20188e-07,2.20188e-07,1,1,68,27,10,5,0,5,132,0.253
10,1.73266,17,2.20188e-07,2.20188e-07,1,1,70,27,10,6,1,7,146,0.313
10,1.73266,18,2.20188e-07,2.20188e-07,1,1,70,27,10,6,1,7,146,0.288
10,1.73266,19,2.20188e-07,2.20188e-07,1,1,68,27,10,5,0,5,132,0.293
10,1.73266,20,2.20188e-07,2.20188e-07,1,1,68,25,12,5,0,5,144,0.274
10,1.73266,21,2.20188e-07,2.20188e-07,1,1,70,25,12,6,1,7,158,0.313
10,1.73266,22,2.20188e-07,2.20188e-07,1,1,70,25,12,6,1,7,158,0.29
10,1.73266,23,2.20188e-07,2.20188e-07,1,1,68,25,12,5,0,5,144,0.267
10,1.73266,24,2.20188e-07,2.20188e-07,1,1,70,27,10,6,1,7,146,0.304
10,1.73266,25,2.20188e-07,2.20188e-07,1,1,68,27,10,5,0,5,132,0.279
10,1.73266,26,2.20188e-07,2.20188e-07,1,1,68,27,10,5,0,5,132,0.313
10,1.73266,27,2.20188e-07,2.20188e-07,1,1,70,27,10,6,1,7,146,0.271
10,1.73266,28,2.20188e-07,2.20188e-07,1,1,68,25,12,5,0,5,144,0.327
10,1.73266,29,2.20188e-07,2.20188e-07,1,1,70,25,12,6,1,7,158,0.277
10,1.73266,30,2.20188e-07,2.20188e-07,1,1,70,25,12,6,1,7,158,0.317
10,1.73266,31,2.20188e-07,2.20188e-07,1,1,68,25,12,5,0,5,144,0.277
10,1.73266,32,2.20188e-07,2.20188e-07,1,1,70,25,12,6,1,7,158,0.323
10,1.73266,33,2.20188e-07,2.20188e-07,1,1,68,25,12,5,0,5,144,0.272
10,1.73266,34,2.20188e-07,2.20188e-07,1,1,70,25,12,6,1,7,158,0.323
10,1.73266,35,2.20188e-07,2.20188e-07,1,1,68,25,12,5,0,5,144,0.259
10,1.84398,0,2.20187e-07,2.20187e-07,1,1,79,31,10,5,1,6,143,0.218
10,1.84398,1,2.20187e-07,2.20187e-07,1,1,77,31,10,4,0,4,129,0.206
10,1.84398,2,2.20187e-07,2.20187e-07,1,1,77,31,10,4,0,4,129,0.24
10,1.84398,3,2.20187e-07,2.20187e-07,1,1,79,31,10,5,1,6,143,0.228
10,1.84398,4,2.20187e-07,2.20187e-07,1,1,79,33,8,5,1,6,131,0.209
10,1.84398,5,2.20187e-07,2.20187e-07,1,1,77,33,8,4,0,4,117,0.236
10,1.84398,6,2.20187e-07,2.20187e-07,1,1,79,33,8,5,1,6,131,0.219
10,1.84398,7,2.20187e-07,2.20187e-07,1,1,77,33,8,4,0,4,117,0.214
10,1.84398,8,2.20187e-07,2.20187e-07,1,1,79,31,10,5,1,6,143,0.221
10,1.84398,9,2.20187e-07,2.20187e-07,1,1,77,31,10,4,0,4,129,0.231
10,1.84398,10,2.20187e-07,2.20187e-07,1,1,77,31,10,4,0,4,129,0.172
10,1.84398,11,2.20187e-07,2.20187e-07,1,1,79,31,10,5,1,6,143,0.231
10,1.84398,12,2.20187e-07,2.20187e-07,1,1,77,33,8,4,0,4,117,0.244
10,1.84398,13,2.20187e-07,2.20187e-07,1,1,79,33,8,5,1,6,131,0.235
10,1.84398,14,2.20187e-07,2.20187e-07,1,1,79,33,8,5,1,6,131,0.232
10,1.84398,15,2.20187e-07,2.20187e-07,1,1,77,33,8,4,0,4,117,0.213
10,1.84398,16,2.20187e-07,2.20187e-07,1,1,77,31,10,4,0,4,129,0.252
10,1.84398,17,2.20187e-07,2.20187e-07,1,1,79,31,10,5,1,6,143,0.189
10,1.84398,18,2.20187e-07,2.20187e-07,1,1,77,31,10,4,0,4,129,0.238
10,1.84398,19,2.20187e-07,2.20187e-07,1,1,79,31,10,5,1,6,143,0.239
10,1.84398,20,2.20187e-07,2.20187e-07,1,1,77,31,10,4,0,4,129,0.167
10,1.84398,21,2.20187e-07,2.20187e-07,1,1,79,31,10,5,1,6,143,0.237
10,1.84398,22,2.20187e-07,2.20187e-07,1,1,77,31,10,4,0,4,129,0.246
10,1.84398,23,2.20187e-07,2.20187e-07,1,1,79,31,10,5,1,6,143,0.235
10,1.84398,24,2.20187e-07,2.20187e-07,1,1,79,31,10,5,1,6,143,0.161
10,1.84398,25,2.20187e-07,2.20187e-07,1,1,77,31,10,4,0,4,129,0.238
10,1.84398,26,2.20187e-07,2.20187e-07,1,1,77,31,10,4,0,4,129,0.2
10,1.84398,27,2.20187e-07,2.20187e-07,1,1,79,31,10,5,1,6,143,0.235
10,1.84398,28,2.20187e-07,2.20187e-07,1,1,79,33,8,5,1,6,131,0.235
10,1.84398,29,2.20187e-07,2.20187e-07,1,1,77,33,8,4,0,4,117,0.22
10,1.84398,30,2.20187e-07,2.20187e-07,1,1,77,33,8,4,0,4,117,0.243
10,1.84398,31,2.20187e-07,2.20187e-07,1,1,79,33,8,5,1,6,131,0.238
10,1.84398,32,2.20187e-07,2.20187e-07,1,1,79,31,10,5,1,6,143,0.235
10,1.84398,33,2.20187e-07,2.20187e-07,1,1,77,31,10,4,0,4,129,0.229
10,1.84398,34,2.20187e-07,2.20187e-07,1,1,79,31,10,5,1,6,143,0.253
10,1.84398,35,2.20187e-07,2.20187e-07,1,1,77,31,10,4,0,4,129,0.246
10,1.95203,0,2.20189e-07,2.20189e-07,1,1,60,17,18,6,1,7,192,0.332
10,1.95203,1,2.20189e-07,2.20189e-07,1,1,60,17,18,6,1,7,192,0.351
10,1.95203,2,2.20189e-07,2.20189e-07,1,1,60,17,18,6,1,7,192,0.304
10,1.95203,3,2.20189e-07,2.20189e-07,1,1,60,17,18,6,1,7,192,0.369
10,1.95203,4,2.20189e-07,2.20189e-07,1,1,60,17,18,6,1,7,192,0.339
10,1.95203,5,2.20189e-07,2.20189e-07,1,1,60,17,18,6,1,7,192,0.289
10,1.95203,6,2.20189e-07,2.20189e-07,1,1,60,17,18,6,1,7,192,0.285
10,1.95203,7,2.20189e-07,2.20189e-07,1,1,60,17,18,6,1,7,192,0.332
10,1.95203,8,2.20189e-07,2.20189e-07,1,1,57,17,16,6,1,7,178,0.331
10,1.95203,9,2.20189e-07,2.20189e-07,1,1,59,17,17,6,1,7,185,0.278
10,1.95203,10,2.20189e-07,2.20189e-07,1,1,59,17,17,6,1,7,185,0.332
10,1.95203,11,2.20189e-07,2.20189e-07,1,1,59,17,17,6,1,7,185,0.327
10,1.95203,12,2.20189e-07,2.20189e-07,1,1,59,17,17,6,1,7,185,0.329
10,1.95203,13,2.20189e-07,2.20189e-07,1,1,59,17,17,6,1,7,185,0.279
10,1.95203,14,2.20189e-07,2.20189e-07,1,1,59,17,17,6,1,7,185,0.332
10,1.95203,15,2.20189e-07,2.20189e-07,1,1,59,17,17,6,1,7,185,0.336
10,1.95203,16,2.20189e-07,2.20189e-07,1,1,60,17,18,6,1,7,192,0.281
10,1.95203,17,2.20189e-07,2.20189e-07,1,1,60,17,18,6,1,7,192,0.332
10,1.95203,18,2.20189e-07,2.20189e-07,1,1,60,17,18,6,1,7,192,0.458
10,1.95203,19,2.20189e-07,2.20189e-07,1,1,60,17,18,6,1,7,192,0.492
10,1.95203,20,2.20189e-07,2.20189e-07,1,1,60,17,18,6,1,7,192,0.644
10,1.95203,21,2.20189e-07,2.20189e-07,1,1,60,17,18,6,1,7,192,0.692
10,1.95203,22,2.20189e-07,2.20189e-07,1,1,60,17,18,6,1,7,192,0.786
10,1.95203,23,2.20189e-07,2.20189e-07,1,1,60,17,18,6,1,7,192,0.421
10,1.95203,24,2.20189e-07,2.20189e-07,1,1,60,17,18,6,1,7,192,0.806
10,1.95203,25,2.20189e-07,2.20189e-07,1,1,60,17,18,6,1,7,192,0.943
10,1.95203,26,2.20189e-07,2.20189e-07,1,1,60,17,18,6,1,7,192,0.251
10,1.95203,27,2.20189e-07,2.20189e-07,1,1,60,17,18,6,1,7,192,0.831
10,1.95203,28,2.20189e-07,2.20189e-07,1,1,59,17,17,6,1,7,185,0.255
10,1.95203,29,2.20189e-07,2.20189e-07,1,1,59,17,17,6,1,7,185,0.328
10,1.95203,30,2.20189e-07,2.20189e-07,1,1,59,17,17,6,1,7,185,0.719
10,1.95203,31,2.20189e-07,2.20189e-07,1,1,59,17,17,6,1,7,185,0.734
10,1.95203,32,2.20189e-07,2.20189e-07,1,1,60,17,18,6,1,7,192,0.309
10,1.95203,33,2.20189e-07,2.20189e-07,1,1,60,17,18,6,1,7,192,0.633
10,1.95203,34,2.20189e-07,2.20189e-07,1,1,60,17,18,6,1,7,192,0.271
10,1.95203,35,2.20189e-07,2.20189e-07,1,1,60,17,18,6,1,7,192,0.934
10,2.06232,0,2.2019e-07,2.2019e-07,1,1,73,27,14,3,1,4,153,0.243
10,2.06232,1,2.2019e-07,2.2019e-07,1,1,73,27,14,3,1,4,153,0.562
10,2.06232,2,2.2019e-07,2.2019e-07,1,1,73,27,14,3,1,4,153,0.302
10,2.06232,3,2.2019e-07,2.2019e-07,1,1,73,27,14,3,1,4,153,0.254
10,2.06232,4,2.2019e-07,2.2019e-07,1,1,73,27,14,3,1,4,153,0.25
10,2.06232,5,2.2019e-07,2.2019e-07,1,1,73,27,14,3,1,4,153,0.329
10,2.06232,6,2.2019e-07,2.2019e-07,1,1,73,27,14,3,1,4,153,0.557
10,2.06232,7,2.2019e-07,2.2019e-07,1,1,73,27,14,3,1,4,153,0.252
10,2.06232,8,2.2019e-07,2.2019e-07,1,1,73,29,12,3,1,4,141,0.827
10,2.06232,9,2.2019e-07,2.2019e-07,1,1,73,29,12,3,1,4,141,0.429
10,2.06232,10,2.2019e-07,2.2019e-07,1,1,73,29,12,3,1,4,141,0.246
10,2.06232,11,2.2019e-07,2.2019e-07,1,1,73,29,12,3,1,4,141,0.239
10,2.06232,12,2.2019e-07,2.2019e-07,1,1,73,27,14,3,1,4,153,0.326
10,2.06232,13,2.2019e-07,2.2019e-07,1,1,73,27,14,3,1,4,153,0.565
10,2.06232,14,2.2019e-07,2.2019e-07,1,1,73,27,14,3,1,4,153,0.242
10,2.06232,15,2.2019e-07,2.2019e-07,1,1,73,27,14,3,1,4,153,0.394
10,2.06232,16,2.2019e-07,2.2019e-07,1,1,73,27,14,3,1,4,153,0.857
10,2.06232,17,2.2019e-07,2.2019e-07,1,1,73,27,14,3,1,4,153,0.233
10,2.06232,18,2.2019e-07,2.2019e-07,1,1,73,27,14,3,1,4,153,0.363
10,2.06232,19,2.2019e-07,2.2019e-07,1,1,73,27,14,3,1,4,153,0.248
10,2.06232,20,2.2019e-07,2.2019e-07,1,1,73,27,14,3,1,4,153,0.321
10,2.06232,21,2.2019e-07,2.2019e-07,1,1,73,27,14,3,1,4,153,0.242
10,2.06232,22,2.2019e-07,2.2019e-07,1,1,73,27,14,3,1,4,153,0.324
10,2.06232,23,2.2019e-07,2.2019e-07,1,1,73,27,14,3,1,4,153,0.29
10,2.06232,24,2.2019e-07,2.2019e-07,1,1,73,29,12,3,1,4,141,0.245
10,2.06232,25,2.2019e-07,2.2019e-07,1,1,73,29,12,3,1,4,141,0.972
10,2.06232,26,2.2019e-07,2.2019e-07,1,1,73,29,12,3,1,4,141,0.579
10,2.06232,27,2.2019e-07,2.2019e-07,1,1,73,29,12,3,1,4,141,0.281
10,2.06232,28,2.2019e-07,2.2019e-07,1,1,73,29,12,3,1,4,141,0.272
10,2.06232,29,2.2019e-07,2.2019e-07,1,1,73,29,12,3,1,4,141,0.51
10,2.06232,30,2.2019e-07,2.2019e-07,1,1,73,29,12,3,1,4,141,0.32
10,2.06232,31,2.2019e-07,2.2019e-07,1,1,73,29,12,3,1,4,141,0.608
10,2.06232,32,2.2019e-07,2.2019e-07,1,1,73,27,14,3,1,4,153,0.247
10,2.06232,33,2.2019e-07,2.2019e-07,1,1,73,27,14,3,1,4,153,0.534
10,2.06232,34,2.2019e-07,2.2019e-07,1,1,73,27,14,3,1,4,153,0.747
10,2.06232,35,2.2019e-07,2.2019e-07,1,1,73,27,14,3,1,4,153,0.24
10,2.16401,0,2.20189e-07,2.20189e-07,1,1,73,29,12,2,0,2,127,0.446
10,2.16401,1,2.20189e-07,2.20189e-07,1,1,75,29,12,3,1,4,141,0.195
10,2.16401,2,2.20189e-07,2.20189e-07,1,1,75,29,12,3,1,4,141,0.449
10,2.16401,3,2.20189e-07,2.20189e-07,1,1,73,29,12,2,0,2,127,0.203
10,2.16401,4,2.20189e-07,2.20189e-07,1,1,75,29,12,3,1,4,141,0.194
10,2.16401,5,2.20189e-07,2.20189e-07,1,1,73,29,12,2,0,2,127,0.201
10,2.16401,6,2.20189e-07,2.20189e-07,1,1,73,29,12,2,0,2,127,0.211
10,2.16401,7,2.20189e-07,2.20189e-07,1,1,75,29,12,3,1,4,141,0.528
10,2.16401,8,2.20189e-07,2.20189e-07,1,1,75,29,12,3,1,4,141,0.198
10,2.16401,9,2.20189e-07,2.20189e-07,1,1,73,29,12,2,0,2,127,0.341
10,2.16401,10,2.20189e-07,2.20189e-07,1,1,75,29,12,3,1,4,141,0.222
10,2.16401,11,2.20189e-07,2.20189e-07,1,1,73,29,12,2,0,2,127,0.219
10,2.16401,12,2.20189e-07,2.20189e-07,1,1,75,31,10,3,1,4,129,0.22
10,2.16401,13,2.20189e-07,2.20189e-07,1,1,73,31,10,2,0,2,115,0.209
10,2.16401,14,2.20189e-07,2.20189e-07,1,1,73,31,10,2,0,2,115,0.216
10,2.16401,15,2.20189e-07,2.20189e-07,1,1,75,31,10,3,1,4,129,0.216
10,2.16401,16,2.20189e-07,2.20189e-07,1,1,75,31,10,3,1,4,129,0.293
10,2.16401,17,2.20189e-07,2.20189e-07,1,1,73,31,10,2,0,2,115,0.228
10,2.16401,18,2.20189e-07,2.20189e-07,1,1,73,31,10,2,0,2,115,0.204
10,2.16401,19,2.20189e-07,2.20189e-07,1,1,75,31,10,3,1,4,129,0.554
10,2.16401,20,2.20189e-07,2.20189e-07,1,1,73,29,12,2,0,2,127,0.446
10,2.16401,21,2.20189e-07,2.20189e-07,1,1,75,29,12,3,1,4,141,0.313
10,2.16401,22,2.20189e-07,2.20189e-07,1,1,73,29,12,2,0,2,127,0.195
10,2.16401,23,2.20189e-07,2.20189e-07,1,1,75,29,12,3,1,4,141,0.193
10,2.16401,24,2.20189e-07,2.20189e-07,1,1,75,29,12,3,1,4,141,0.239
10,2.16401,25,2.20189e-07,2.20189e-07,1,1,73,29,12,2,0,2,127,0.227
10,2.16401,26,2.20189e-07,2.20189e-07,1,1,75,29,12,3,1,4,141,0.188
10,2.16401,27,2.20189e-07,2.20189e-07,1,1,73,29,12,2,0,2,127,0.609
10,2.16401,28,2.20189e-07,2.20189e-07,1,1,73,29,12,2,0,2,127,0.503
10,2.16401,29,2.20189e-07,2.20189e-07,1,1,75,29,12,3,1,4,141,0.196
10,2.16401,30,2.20189e-07,2.20189e-07,1,1,75,29,12,3,1,4,141,0.208
10,2.16401,31,2.20189e-07,2.20189e-07,1,1,73,29,12,2,0,2,127,0.217
10,2.16401,32,2.20189e-07,2.20189e-07,1,1,73,31,10,2,0,2,115,0.464
10,2.16401,33,2.20189e-07,2.20189e-07,1,1,75,31,10,3,1,4,129,0.296
10,2.16401,34,2.20189e-07,2.20189e-07,1,1,75,31,10,3,1,4,129,0.595
10,2.16401,35,2.20189e-07,2.20189e-07,1,1,73,31,10,2,0,2,115,0.477
10,2.27278,0,2.20195e-07,2.20195e-07,1,1,79,31,14,1,1,2,143,0.31
10,2.27278,1,2.20195e-07,2.20195e-07,1,1,77,31,14,0,0,0,129,0.318
10,2.27278,2,2.20195e-07,2.20195e-07,1,1,79,31,14,1,1,2,143,0.632
10,2.27278,3,2.20195e-07,2.20195e-07,1,1,77,31,14,0,0,0,129,0.264
10,2.27278,4,2.20195e-07,2.20195e-07,1,1,77,31,14,0,0,0,129,0.466
10,2.27278,5,2.20195e-07,2.20195e-07,1,1,79,31,14,1,1,2,143,0.264
10,2.27278,6,2.20195e-07,2.20195e-07,1,1,79,31,14,1,1,2,143,0.288
10,2.27278,7,2.20195e-07,2.20195e-07,1,1,77,31,14,0,0,0,129,0.231
10,2.27278,8,2.20195e-07,2.20195e-07,1,1,77,31,14,0,0,0,129,0.354
10,2.27278,9,2.20195e-07,2.20195e-07,1,1,79,31,14,1,1,2,143,0.393
10,2.27278,10,2.20195e-07,2.20195e-07,1,1,79,31,14,1,1,2,143,0.461
10,2.27278,11,2.20195e-07,2.20195e-07,1,1,77,31,14,0,0,0,129,0.375
10,2.27278,12,2.20195e-07,2.20195e-07,1,1,77,31,14,0,0,0,129,0.395
10,2.27278,13,2.20195e-07,2.20195e-07,1,1,79,31,14,1,1,2,143,0.515
10,2.27278,14,2.20195e-07,2.20195e-07,1,1,79,31,14,1,1,2,143,0.331
10,2.27278,15,2.20195e-07,2.20195e-07,1,1,77,31,14,0,0,0,129,0.788
10,2.27278,16,2.20195e-07,2.20195e-07,1,1,77,33,12,0,0,0,117,0.25
10,2.27278,17,2.20195e-07,2.20195e-07,1,1,79,33,12,1,1,2,131,0.442
10,2.27278,18,2.20195e-07,2.20195e-07,1,1,77,33,12,0,0,0,117,0.437
10,2.27278,19,2.20195e-07,2.20195e-07,1,1,79,33,12,1,1,2,131,0.236
10,2.27278,20,2.20195e-07,2.20195e-07,1,1,79,31,14,1,1,2,143,0.319
10,2.27278,21,2.20195e-07,2.20195e-07,1,1,77,31,14,0,0,0,129,0.306
10,2.27278,22,2.20195e-07,2.20195e-07,1,1,77,31,14,0,0,0,129,0.661
10,2.27278,23,2.20195e-07,2.20195e-07,1,1,79,31,14,1,1,2,143,0.432
10,2.27278,24,2.20195e-07,2.20195e-07,1,1,79,33,12,1,1,2,131,0.251
10,2.27278,25,2.20195e-07,2.20195e-07,1,1,77,33,12,0,0,0,117,0.208
10,2.27278,26,2.20195e-07,2.20195e-07,1,1,77,33,12,0,0,0,117,0.215
10,2.27278,27,2.20195e-07,2.20195e-07,1,1,79,33,12,1,1,2,131,0.201
10,2.27278,28,2.20195e-07,2.20195e-07,1,1,79,33,12,1,1,2,131,0.323
10,2.27278,29,2.20195e-07,2.20195e-07,1,1,77,33,12,0,0,0,117,0.237
10,2.27278,30,2.20195e-07,2.20195e-07,1,1,77,33,12,0,0,0,117,0.23
10,2.27278,31,2.20195e-07,2.20195e-07,1,1,79,33,12,1,1,2,131,0.236
10,2.27278,32,2.20195e-07,2.20195e-07,1,1,79,31,14,1,1,2,143,0.487
10,2.27278,33,2.20195e-07,2.20195e-07,1,1,77,31,14,0,0,0,129,0.449
10,2.27278,34,2.20195e-07,2.20195e-07,1,1,77,31,14,0,0,0,129,0.265
10,2.27278,35,2.20195e-07,2.20195e-07,1,1,79,31,14,1,1,2,143,0.295
10,2.38065,0,2.20188e-07,2.20188e-07,1,1,49,9,22,7,1,8,219,0.533
10,2.38065,1,2.20188e-07,2.20188e-07,1,1,47,9,22,6,0,6,205,0.319
10,2.38065,2,2.20188e-07,2.20188e-07,1,1,47,9,22,6,0,6,205,0.608
10,2.38065,3,2.20188e-07,2.20188e-07,1,1,49,9,22,7,1,8,219,0.733
10,2.38065,4,2.20188e-07,2.20188e-07,1,1,47,11,20,6,0,6,193,0.3
10,2.38065,5,2.20188e-07,2.20188e-07,1,1,49,11,20,7,1,8,207,0.514
10,2.38065,6,2.20188e-07,2.20188e-07,1,1,47,11,20,6,0,6,193,0.404
10,2.38065,7,2.20188e-07,2.20188e-07,1,1,49,11,20,7,1,8,207,0.353
10,2.38065,8,2.20188e-07,2.20188e-07,1,1,47,11,20,6,0,6,193,0.606
10,2.38065,9,2.20188e-07,2.20188e-07,1,1,49,11,20,7,1,8,207,0.268
10,2.38065,10,2.20188e-07,2.20188e-07,1,1,49,11,20,7,1,8,207,0.992
10,2.38065,11,2.20188e-07,2.20188e-07,1,1,47,11,20,6,0,6,193,0.293
10,2.38065,12,2.20188e-07,2.20188e-07,1,1,47,9,22,6,0,6,205,0.261
10,2.38065,13,2.20188e-07,2.20188e-07,1,1,49,9,22,7,1,8,219,0.28
10,2.38065,14,2.20188e-07,2.20188e-07,1,1,47,9,22,6,0,6,205,0.738
10,2.38065,15,2.20188e-07,2.20188e-07,1,1,49,9,22,7,1,8,219,0.303
10,2.38065,16,2.20188e-07,2.20188e-07,1,1,47,9,22,6,0,6,205,0.308
10,2.38065,17,2.20188e-07,2.20188e-07,1,1,49,9,22,7,1,8,219,0.391
10,2.38065,18,2.20188e-07,2.20188e-07,1,1,47,9,22,6,0,6,205,0.275
10,2.38065,19,2.20188e-07,2.20188e-07,1,1,49,9,22,7,1,8,219,0.98
10,2.38065,20,2.20188e-07,2.20188e-07,1,1,49,9,22,7,1,8,219,0.65
10,2.38065,21,2.20188e-07,2.20188e-07,1,1,47,9,22,6,0,6,205,0.352
10,2.38065,22,2.20188e-07,2.20188e-07,1,1,49,9,22,7,1,8,219,0.28
10,2.38065,23,2.20188e-07,2.20188e-07,1,1,47,9,22,6,0,6,205,0.314
10,2.38065,24,2.20188e-07,2.20188e-07,1,1,47,9,22,6,0,6,205,0.299
10,2.38065,25,2.20188e-07,2.20188e-07,1,1,49,9,22,7,1,8,219,0.345
10,2.38065,26,2.20188e-07,2.20188e-07,1,1,49,9,22,7,1,8,219,0.436
10,2.38065,27,2.20188e-07,2.20188e-07,1,1,47,9,22,6,0,6,205,0.321
10,2.38065,28,2.20188e-07,2.20188e-07,1,1,49,9,22,7,1,8,219,0.835
10,2.38065,29,2.20188e-07,2.20188e-07,1,1,47,9,22,6,0,6,205,0.388
10,2.38065,30,2.20188e-07,2.20188e-07,1,1,49,9,22,7,1,8,219,0.56
10,2.38065,31,2.20188e-07,2.20188e-07,1,1,47,9,22,6,0,6,205,0.47
10,2.38065,32,2.20188e-07,2.20188e-07,1,1,47,11,20,6,0,6,193,0.282
10,2.38065,33,2.20188e-07,2.20188e-07,1,1,49,11,20,7,1,8,207,0.482
10,2.38065,34,2.20188e-07,2.20188e-07,1,1,49,11,20,7,1,8,207,0.559
10,2.38065,35,2.20188e-07,2.20188e-07,1,1,47,11,20,6,0,6,193,0.481
10,2.49346,0,2.20189e-07,2.20189e-07,1,1,62,21,16,3,0,3,154,0.618
10,2.49346,1,2.20189e-07,2.20189e-07,1,1,64,21,16,4,1,5,168,0.26
10,2.49346,2,2.20189e-07,2.20189e-07,1,1,64,21,16,4,1,5,168,0.538
10,2.49346,3,2.20189e-07,2.20189e-07,1,1,62,21,16,3,0,3,154,0.325
10,2.49346,4,2.20189e-07,2.20189e-07,1,1,62,23,14,3,0,3,142,0.543
10,2.49346,5,2.20189e-07,2.20189e-07,1,1,64,23,14,4,1,5,156,0.268
10,2.49346,6,2.20189e-07,2.20189e-07,1,1,64,23,14,4,1,5,156,0.458
10,2.49346,7,2.20189e-07,2.20189e-07,1,1,62,23,14,3,0,3,142,0.309
10,2.49346,8,2.20189e-07,2.20189e-07,1,1,62,23,14,3,0,3,142,0.328
10,2.49346,9,2.20189e-07,2.20189e-07,1,1,64,23,14,4,1,5,156,0.346
10,2.49346,10,2.20189e-07,2.20189e-07,1,1,62,23,14,3,0,3,142,0.288
10,2.49346,11,2.20189e-07,2.20189e-07,1,1,64,23,14,4,1,5,156,0.373
10,2.49346,12,2.20189e-07,2.20189e-07,1,1,64,21,16,4,1,5,168,0.306
10,2.49346,13,2.20189e-07,2.20189e-07,1,1,62,21,16,3,0,3,154,0.275
10,2.49346,14,2.20189e-07,2.20189e-07,1,1,62,21,16,3,0,3,154,0.777
10,2.49346,15,2.20189e-07,2.20189e-07,1,1,64,21,16,4,1,5,168,0.32
10,2.49346,16,2.20189e-07,2.20189e-07,1,1,62,21,16,3,0,3,154,0.302
10,2.49346,17,2.20189e-07,2.20189e-07,1,1,64,21,16,4,1,5,168,0.274
10,2.49346,18,2.20189e-07,2.20189e-07,1,1,62,21,16,3,0,3,154,0.32
10,2.49346,19,2.20189e-07,2.20189e-07,1,1,64,21,16,4,1,5,168,0.4
10,2.49346,20,2.20189e-07,2.20189e-07,1,1,62,21,16,3,0,3,154,0.282
10,2.49346,21,2.20189e-07,2.20189e-07,1,1,64,21,16,4,1,5,168,0.335
10,2.49346,22,2.20189e-07,2.20189e-07,1,1,64,21,16,4,1,5,168,0.276
10,2.49346,23,2.20189e-07,2.20189e-07,1,1,62,21,16,3,0,3,154,0.342
10,2.49346,24,2.20189e-07,2.20189e-07,1,1,62,21,16,3,0,3,154,0.639
10,2.49346,25,2.20189e-07,2.20189e-07,1,1,64,21,16,4,1,5,168,0.279
10,2.49346,26,2.20189e-07,2.20189e-07,1,1,62,21,16,3,0,3,154,0.408
10,2.49346,27,2.20189e-07,2.20189e-07,1,1,64,21,16,4,1,5,168,0.282
10,2.49346,28,2.20189e-07,2.20189e-07,1,1,64,21,16,4,1,5,168,0.281
10,2.49346,29,2.20189e-07,2.20189e-07,1,1,62,21,16,3,0,3,154,0.344
10,2.49346,30,2.20189e-07,2.20189e-07,1,1,62,21,16,3,0,3,154,0.639
10,2.49346,31,2.20189e-07,2.20189e-07,1,1,64,21,16,4,1,5,168,0.382
10,2.49346,32,2.20189e-07,2.20189e-07,1,1,62,23,14,3,0,3,142,0.278
10,2.49346,33,2.20189e-07,2.20189e-07,1,1,64,23,14,4,1,5,156,0.335
10,2.49346,34,2.20189e-07,2.20189e-07,1,1,64,23,14,4,1,5,156,0.437
10,2.49346,35,2.20189e-07,2.20189e-07,1,1,62,23,14,3,0,3,142,0.278
10,2.60348,0,2.20193e-07,2.20193e-07,1,1,81,33,12,2,0,2,131,0.252
10,2.60348,1,2.20193e-07,2.20193e-07,1,1,83,33,12,3,1,4,145,0.234
10,2.60348,2,2.20193e-07,2.20193e-07,1,1,83,33,12,3,1,4,145,0.189
10,2.60348,3,2.20193e-07,2.20193e-07,1,1,81,33,12,2,0,2,131,0.246
10,2.60348,4,2.20193e-07,2.20193e-07,1,1,81,33,12,2,0,2,131,0.216
10,2.60348,5,2.20193e-07,2.20193e-07,1,1,83,33,12,3,1,4,145,0.262
10,2.60348,6,2.20193e-07,2.20193e-07,1,1,81,33,12,2,0,2,131,0.298
10,2.60348,7,2.20193e-07,2.20193e-07,1,1,83,33,12,3,1,4,145,0.237
10,2.60348,8,2.20193e-07,2.20193e-07,1,1,81,33,12,2,0,2,131,0.309
10,2.60348,9,2.20193e-07,2.20193e-07,1,1,83,33,12,3,1,4,145,0.26
10,2.60348,10,2.20193e-07,2.20193e-07,1,1,83,33,12,3,1,4,145,0.23
10,2.60348,11,2.20193e-07,2.20193e-07,1,1,81,33,12,2,0,2,131,0.254
10,2.60348,12,2.20193e-07,2.20193e-07,1,1,80,33,11,2,0,2,124,0.205
10,2.60348,13,2.20193e-07,2.20193e-07,1,1,82,33,11,3,1,4,138,0.239
10,2.60348,14,2.20193e-07,2.20193e-07,1,1,78,33,10,2,0,2,117,0.337
10,2.60348,15,2.20193e-07,2.20193e-07,1,1,80,33,10,3,1,4,131,0.421
10,2.60348,16,2.20193e-07,2.20193e-07,1,1,80,33,10,3,1,4,131,0.285
10,2.60348,17,2.20193e-07,2.20193e-07,1,1,78,33,10,2,0,2,117,0.218
10,2.60348,18,2.20193e-07,2.20193e-07,1,1,80,33,11,2,0,2,124,0.189
10,2.60348,19,2.20193e-07,2.20193e-07,1,1,82,33,11,3,1,4,138,0.277
10,2.60348,20,2.20193e-07,2.20193e-07,1,1,83,33,12,3,1,4,145,0.208
10,2.60348,21,2.20193e-07,2.20193e-07,1,1,81,33,12,2,0,2,131,0.232
10,2.60348,22,2.20193e-07,2.20193e-07,1,1,81,33,12,2,0,2,131,0.399
10,2.60348,23,2.20193e-07,2.20193e-07,1,1,83,33,12,3,1,4,145,0.188
10,2.60348,24,2.20193e-07,2.20193e-07,1,1,81,33,12,2,0,2,131,0.19
10,2.60348,25,2.20193e-07,2.20193e-07,1,1,83,33,12,3,1,4,145,0.192
10,2.60348,26,2.20193e-07,2.20193e-07,1,1,83,33,12,3,1,4,145,0.186
10,2.60348,27,2.20193e-07,2.20193e-07,1,1,81,33,12,2,0,2,131,0.189
10,2.60348,28,2.20193e-07,2.20193e-07,1,1,83,33,12,3,1,4,145,0.192
10,2.60348,29,2.20193e-07,2.20193e-07,1,1,81,33,12,2,0,2,131,0.395
10,2.60348,30,2.20193e-07,2.20193e-07,1,1,81,33,12,2,0,2,131,0.186
10,2.60348,31,2.20193e-07,2.20193e-07,1,1,83,33,12,3,1,4,145,0.183
10,2.60348,32,2.20193e-07,2.20193e-07,1,1,80,33,10,3,1,4,131,0.19
10,2.60348,33,2.20193e-07,2.20193e-07,1,1,78,33,10,2,0,2,117,0.186
10,2.60348,34,2.20193e-07,2.20193e-07,1,1,82,33,11,3,1,4,138,0.28
10,2.60348,35,2.20193e-07,2.20193e-07,1,1,80,33,11,2,0,2,124,0.23
10,2.71099,0,2.20189e-07,2.20189e-07,1,1,60,19,16,5,1,6,173,0.538
10,2.71099,1,2.20189e-07,2.20189e-07,1,1,58,19,16,4,0,4,159,0.31
10,2.71099,2,2.20189e-07,2.20189e-07,1,1,62,19,17,5,1,6,180,0.294
10,2.71099,3,2.20189e-07,2.20189e-07,1,1,60,19,17,4,0,4,166,0.289
10,2.71099,4,2.20189e-07,2.20189e-07,1,1,63,19,18,5,1,6,187,0.576
10,2.71099,5,2.20189e-07,2.20189e-07,1,1,61,19,18,4,0,4,173,0.253
10,2.71099,6,2.20189e-07,2.20189e-07,1,1,61,19,18,4,0,4,173,0.244
10,2.71099,7,2.20189e-07,2.20189e-07,1,1,63,19,18,5,1,6,187,0.67
10,2.71099,8,2.20189e-07,2.20189e-07,1,1,61,19,18,4,0,4,173,0.25
10,2.71099,9,2.20189e-07,2.20189e-07,1,1,63,19,18,5,1,6,187,0.246
10,2.71099,10,2.20189e-07,2.20189e-07,1,1,61,19,18,4,0,4,173,0.484
10,2.71099,11,2.20189e-07,2.20189e-07,1,1,63,19,18,5,1,6,187,0.246
10,2.71099,12,2.20189e-07,2.20189e-07,1,1,61,19,18,4,0,4,173,0.242
10,2.71099,13,2.20189e-07,2.20189e-07,1,1,63,19,18,5,1,6,187,0.251
10,2.71099,14,2.20189e-07,2.20189e-07,1,1,61,19,18,4,0,4,173,0.248
10,2.71099,15,2.20189e-07,2.20189e-07,1,1,63,19,18,5,1,6,187,0.246
10,2.71099,16,2.20189e-07,2.20189e-07,1,1,61,19,18,4,0,4,173,0.552
10,2.71099,17,2.20189e-07,2.20189e-07,1,1,63,19,18,5,1,6,187,0.431
10,2.71099,18,2.20189e-07,2.20189e-07,1,1,63,19,18,5,1,6,187,0.245
10,2.71099,19,2.20189e-07,2.20189e-07,1,1,61,19,18,4,0,4,173,0.256
10,2.71099,20,2.20189e-07,2.20189e-07,1,1,62,19,17,5,1,6,180,0.245
10,2.71099,21,2.20189e-07,2.20189e-07,1,1,60,19,17,4,0,4,166,0.248
10,2.71099,22,2.20189e-07,2.20189e-07,1,1,62,19,17,5,1,6,180,0.525
10,2.71099,23,2.20189e-07,2.20189e-07,1,1,60,19,17,4,0,4,166,0.248
10,2.71099,24,2.20189e-07,2.20189e-07,1,1,60,19,17,4,0,4,166,0.398
10,2.71099,25,2.20189e-07,2.20189e-07,1,1,62,19,17,5,1,6,180,0.518
10,2.71099,26,2.20189e-07,2.20189e-07,1,1,58,19,16,4,0,4,159,0.346
10,2.71099,27,2.20189e-07,2.20189e-07,1,1,60,19,16,5,1,6,173,0.323
10,2.71099,28,2.20189e-07,2.20189e-07,1,1,61,19,18,4,0,4,173,0.538
10,2.71099,29,2.20189e-07,2.20189e-07,1,1,63,19,18,5,1,6,187,0.504
10,2.71099,30,2.20189e-07,2.20189e-07,1,1,63,19,18,5,1,6,187,0.259
10,2.71099,31,2.20189e-07,2.20189e-07,1,1,61,19,18,4,0,4,173,0.449
10,2.71099,32,2.20189e-07,2.20189e-07,1,1,63,19,18,5,1,6,187,0.248
10,2.71099,33,2.20189e-07,2.20189e-07,1,1,61,19,18,4,0,4,173,0.523
10,2.71099,34,2.20189e-07,2.20189e-07,1,1,63,19,18,5,1,6,187,0.547
10,2.71099,35,2.20189e-07,2.20189e-07,1,1,61,19,18,4,0,4,173,0.247
10,2.81416,0,2.20187e-07,2.20187e-07,1,1,53,13,20,6,0,6,195,0.544
10,2.81416,1,2.20187e-07,2.20187e-07,1,1,55,13,20,7,1,8,209,0.26
10,2.81416,2,2.20187e-07,2.20187e-07,1,1,53,13,20,6,0,6,195,0.582
10,2.81416,3,2.20187e-07,2.20187e-07,1,1,55,13,20,7,1,8,209,0.547
10,2.81416,4,2.20187e-07,2.20187e-07,1,1,55,15,18,7,1,8,197,0.355
10,2.81416,5,2.20187e-07,2.20187e-07,1,1,53,15,18,6,0,6,183,0.267
10,2.81416,6,2.20187e-07,2.20187e-07,1,1,55,15,18,7,1,8,197,0.358
10,2.81416,7,2.20187e-07,2.20187e-07,1,1,53,15,18,6,0,6,183,0.263
10,2.81416,8,2.20187e-07,2.20187e-07,1,1,55,13,20,7,1,8,209,0.528
10,2.81416,9,2.20187e-07,2.20187e-07,1,1,53,13,20,6,0,6,195,0.57
10,2.81416,10,2.20187e-07,2.20187e-07,1,1,53,13,20,6,0,6,195,0.257
10,2.81416,11,2.20187e-07,2.20187e-07,1,1,55,13,20,7,1,8,209,0.413
10,2.81416,12,2.20187e-07,2.20187e-07,1,1,53,13,20,6,0,6,195,0.255
10,2.81416,13,2.20187e-07,2.20187e-07,1,1,55,13,20,7,1,8,209,0.542
10,2.81416,14,2.20187e-07,2.20187e-07,1,1,53,13,20,6,0,6,195,0.531
10,2.81416,15,2.20187e-07,2.20187e-07,1,1,55,13,20,7,1,8,209,0.397
10,2.81416,16,2.20187e-07,2.20187e-07,1,1,53,13,20,6,0,6,195,0.263
10,2.81416,17,2.20187e-07,2.20187e-07,1,1,55,13,20,7,1,8,209,0.484
10,2.81416,18,2.20187e-07,2.20187e-07,1,1,53,13,20,6,0,6,195,0.589
10,2.81416,19,2.20187e-07,2.20187e-07,1,1,55,13,20,7,1,8,209,0.522
10,2.81416,20,2.20187e-07,2.20187e-07,1,1,55,13,20,7,1,8,209,0.621
10,2.81416,21,2.20187e-07,2.20187e-07,1,1,53,13,20,6,0,6,195,0.41
10,2.81416,22,2.20187e-07,2.20187e-07,1,1,55,13,20,7,1,8,209,0.578
10,2.81416,23,2.20187e-07,2.20187e-07,1,1,53,13,20,6,0,6,195,0.54
10,2.81416,24,2.20187e-07,2.20187e-07,1,1,53,15,18,6,0,6,183,0.63
10,2.81416,25,2.20187e-07,2.20187e-07,1,1,55,15,18,7,1,8,197,0.416
10,2.81416,26,2.20187e-07,2.20187e-07,1,1,55,15,18,7,1,8,197,0.486
10,2.81416,27,2.20187e-07,2.20187e-07,1,1,53,15,18,6,0,6,183,0.252
10,2.81416,28,2.20187e-07,2.20187e-07,1,1,53,15,18,6,0,6,183,0.533
10,2.81416,29,2.20187e-07,2.20187e-07,1,1,55,15,18,7,1,8,197,0.511
10,2.81416,30,2.20187e-07,2.20187e-07,1,1,53,15,18,6,0,6,183,0.309
10,2.81416,31,2.20187e-07,2.20187e-07,1,1,55,15,18,7,1,8,197,0.52
10,2.81416,32,2.20187e-07,2.20187e-07,1,1,55,13,20,7,1,8,209,0.283
10,2.81416,33,2.20187e-07,2.20187e-07,1,1,53,13,20,6,0,6,195,0.567
10,2.81416,34,2.20187e-07,2.20187e-07,1,1,53,13,20,6,0,6,195,0.581
10,2.81416,35,2.20187e-07,2.20187e-07,1,1,55,13,20,7,1,8,209,0.245
10,2.92237,0,2.20187e-07,2.20187e-07,1,1,83,35,7,5,0,5,119,0.349
10,2.92237,1,2.20187e-07,2.20187e-07,1,1,85,35,7,6,1,7,133,0.164
10,2.92237,2,2.20187e-07,2.20187e-07,1,1,83,35,7,5,0,5,119,0.207
10,2.92237,3,2.20187e-07,2.20187e-07,1,1,85,35,7,6,1,7,133,0.163
10,2.92237,4,2.20187e-07,2.20187e-07,1,1,86,35,8,6,1,7,140,0.378
10,2.92237,5,2.20187e-07,2.20187e-07,1,1,84,35,8,5,0,5,126,0.367
10,2.92237,6,2.20187e-07,2.20187e-07,1,1,84,35,8,5,0,5,126,0.214
10,2.92237,7,2.20187e-07,2.20187e-07,1,1,86,35,8,6,1,7,140,0.166
10,2.92237,8,2.20187e-07,2.20187e-07,1,1,84,35,8,5,0,5,126,0.277
10,2.92237,9,2.20187e-07,2.20187e-07,1,1,86,35,8,6,1,7,140,0.188
10,2.92237,10,2.20187e-07,2.20187e-07,1,1,86,35,8,6,1,7,140,0.393
10,2.92237,11,2.20187e-07,2.20187e-07,1,1,84,35,8,5,0,5,126,0.302
10,2.92237,12,2.20187e-07,2.20187e-07,1,1,86,35,8,6,1,7,140,0.445
10,2.92237,13,2.20187e-07,2.20187e-07,1,1,84,35,8,5,0,5,126,0.202
10,2.92237,14,2.20187e-07,2.20187e-07,1,1,86,35,8,6,1,7,140,0.333
10,2.92237,15,2.20187e-07,2.20187e-07,1,1,84,35,8,5,0,5,126,0.164
10,2.92237,16,2.20187e-07,2.20187e-07,1,1,86,35,8,6,1,7,140,0.461
10,2.92237,17,2.20187e-07,2.20187e-07,1,1,84,35,8,5,0,5,126,0.406
10,2.92237,18,2.20187e-07,2.20187e-07,1,1,84,35,8,5,0,5,126,0.176
10,2.92237,19,2.20187e-07,2.20187e-07,1,1,86,35,8,6,1,7,140,0.33
10,2.92237,20,2.20187e-07,2.20187e-07,1,1,86,35,8,6,1,7,140,0.234
10,2.92237,21,2.20187e-07,2.20187e-07,1,1,84,35,8,5,0,5,126,0.446
10,2.92237,22,2.20187e-07,2.20187e-07,1,1,86,35,8,6,1,7,140,0.321
10,2.92237,23,2.20187e-07,2.20187e-07,1,1,84,35,8,5,0,5,126,0.161
10,2.92237,24,2.20187e-07,2.20187e-07,1,1,83,35,7,5,0,5,119,0.325
10,2.92237,25,2.20187e-07,2.20187e-07,1,1,85,35,7,6,1,7,133,0.201
10,2.92237,26,2.20187e-07,2.20187e-07,1,1,83,35,7,5,0,5,119,0.372
10,2.92237,27,2.20187e-07,2.20187e-07,1,1,85,35,7,6,1,7,133,0.382
10,2.92237,28,2.20187e-07,2.20187e-07,1,1,85,35,7,6,1,7,133,0.214
10,2.92237,29,2.20187e-07,2.20187e-07,1,1,83,35,7,5,0,5,119,0.226
10,2.92237,30,2.20187e-07,2.20187e-07,1,1,85,35,7,6,1,7,133,0.211
10,2.92237,31,2.20187e-07,2.20187e-07,1,1,83,35,7,5,0,5,119,0.27
10,2.92237,32,2.20187e-07,2.20187e-07,1,1,86,35,8,6,1,7,140,0.357
10,2.92237,33,2.20187e-07,2.20187e-07,1,1,84,35,8,5,0,5,126,0.384
10,2.92237,34,2.20187e-07,2.20187e-07,1,1,84,35,8,5,0,5,126,0.249
10,2.92237,35,2.20187e-07,2.20187e-07,1,1,86,35,8,6,1,7,140,0.34
10,3.02982,0,2.20196e-07,2.20196e-07,1,1,101,47,4,3,1,4,103,0.12
10,3.02982,1,2.20196e-07,2.20196e-07,1,1,99,47,4,2,0,2,89,0.249
10,3.02982,2,2.20196e-07,2.20196e-07,1,1,101,47,4,3,1,4,103,0.322
10,3.02982,3,2.20196e-07,2.20196e-07,1,1,99,47,4,2,0,2,89,0.112
10,3.02982,4,2.20196e-07,2.20196e-07,1,1,99,45,6,2,0,2,101,0.242
10,3.02982,5,2.20196e-07,2.20196e-07,1,1,101,45,6,3,1,4,115,0.11
10,3.02982,6,2.20196e-07,2.20196e-07,1,1,101,45,6,3,1,4,115,0.288
10,3.02982,7,2.20196e-07,2.20196e-07,1,1,99,45,6,2,0,2,101,0.111
10,3.02982,8,2.20196e-07,2.20196e-07,1,1,99,45,6,2,0,2,101,0.3
10,3.02982,9,2.20196e-07,2.20196e-07,1,1,101,45,6,3,1,4,115,0.229
10,3.02982,10,2.20196e-07,2.20196e-07,1,1,101,45,6,3,1,4,115,0.143
10,3.02982,11,2.20196e-07,2.20196e-07,1,1,99,45,6,2,0,2,101,0.316
10,3.02982,12,2.20196e-07,2.20196e-07,1,1,101,45,6,3,1,4,115,0.125
10,3.02982,13,2.20196e-07,2.20196e-07,1,1,99,45,6,2,0,2,101,0.245
10,3.02982,14,2.20196e-07,2.20196e-07,1,1,101,45,6,3,1,4,115,0.297
10,3.02982,15,2.20196e-07,2.20196e-07,1,1,99,45,6,2,0,2,101,0.109
10,3.02982,16,2.20196e-07,2.20196e-07,1,1,101,47,4,3,1,4,103,0.211
10,3.02982,17,2.20196e-07,2.20196e-07,1,1,99,47,4,2,0,2,89,0.298
10,3.02982,18,2.20196e-07,2.20196e-07,1,1,101,47,4,3,1,4,103,0.228
10,3.02982,19,2.20196e-07,2.20196e-07,1,1,99,47,4,2,0,2,89,0.288
10,3.02982,20,2.20196e-07,2.20196e-07,1,1,99,45,6,2,0,2,101,0.141
10,3.02982,21,2.20196e-07,2.20196e-07,1,1,101,45,6,3,1,4,115,0.222
10,3.02982,22,2.20196e-07,2.20196e-07,1,1,101,45,6,3,1,4,115,0.311
10,3.02982,23,2.20196e-07,2.20196e-07,1,1,99,45,6,2,0,2,101,0.11
10,3.02982,24,2.20196e-07,2.20196e-07,1,1,101,45,6,3,1,4,115,0.228
10,3.02982,25,2.20196e-07,2.20196e-07,1,1,99,45,6,2,0,2,101,0.189
10,3.02982,26,2.20196e-07,2.20196e-07,1,1,99,45,6,2,0,2,101,0.227
10,3.02982,27,2.20196e-07,2.20196e-07,1,1,101,45,6,3,1,4,115,0.307
10,3.02982,28,2.20196e-07,2.20196e-07,1,1,99,47,4,2,0,2,89,0.112
10,3.02982,29,2.20196e-07,2.20196e-07,1,1,101,47,4,3,1,4,103,0.232
10,3.02982,30,2.20196e-07,2.20196e-07,1,1,99,47,4,2,0,2,89,0.258
10,3.02982,31,2.20196e-07,2.20196e-07,1,1,101,47,4,3,1,4,103,0.125
10,3.02982,32,2.20196e-07,2.20196e-07,1,1,99,45,6,2,0,2,101,0.134
10,3.02982,33,2.20196e-07,2.20196e-07,1,1,101,45,6,3,1,4,115,0.227
10,3.02982,34,2.20196e-07,2.20196e-07,1,1,99,45,6,2,0,2,101,0.272
10,3.02982,35,2.20196e-07,2.20196e-07,1,1,101,45,6,3,1,4,115,0.159
10,3.14146,0,2.20192e-07,2.20192e-07,1,1,69,25,14,5,1,6,165,0.252
10,3.14146,1,2.20192e-07,2.20192e-07,1,1,69,25,14,5,1,6,165,0.455
10,3.14146,2,2.20192e-07,2.20192e-07,1,1,69,25,14,5,1,6,165,0.369
10,3.14146,3,2.20192e-07,2.20192e-07,1,1,69,25,14,5,1,6,165,0.424
10,3.14146,4,2.20192e-07,2.20192e-07,1,1,69,23,16,5,1,6,177,0.256
10,3.14146,5,2.20192e-07,2.20192e-07,1,1,69,23,16,5,1,6,177,0.495
10,3.14146,6,2.20192e-07,2.20192e-07,1,1,69,23,16,5,1,6,177,0.298
10,3.14146,7,2.20192e-07,2.20192e-07,1,1,69,23,16,5,1,6,177,0.443
10,3.14146,8,2.20192e-07,2.20192e-07,1,1,69,23,16,5,1,6,177,0.469
10,3.14146,9,2.20192e-07,2.20192e-07,1,1,69,23,16,5,1,6,177,0.243
10,3.14146,10,2.20192e-07,2.20192e-07,1,1,69,23,16,5,1,6,177,0.465
10,3.14146,11,2.20192e-07,2.20192e-07,1,1,69,23,16,5,1,6,177,0.428
10,3.14146,12,2.20192e-07,2.20192e-07,1,1,69,23,16,5,1,6,177,0.594
10,3.14146,13,2.20192e-07,2.20192e-07,1,1,69,23,16,5,1,6,177,0.536
10,3.14146,14,2.20192e-07,2.20192e-07,1,1,69,23,16,5,1,6,177,0.281
10,3.14146,15,2.20192e-07,2.20192e-07,1,1,69,23,16,5,1,6,177,0.339
10,3.14146,16,2.20192e-07,2.20192e-07,1,1,69,25,14,5,1,6,165,0.568
10,3.14146,17,2.20192e-07,2.20192e-07,1,1,69,25,14,5,1,6,165,0.55
10,3.14146,18,2.20192e-07,2.20192e-07,1,1,69,25,14,5,1,6,165,0.331
10,3.14146,19,2.20192e-07,2.20192e-07,1,1,69,25,14,5,1,6,165,0.498
10,3.14146,20,2.20192e-07,2.20192e-07,1,1,69,25,14,5,1,6,165,0.454
10,3.14146,21,2.20192e-07,2.20192e-07,1,1,69,25,14,5,1,6,165,0.572
10,3.14146,22,2.20192e-07,2.20192e-07,1,1,69,25,14,5,1,6,165,0.565
10,3.14146,23,2.20192e-07,2.20192e-07,1,1,69,25,14,5,1,6,165,0.59
10,3.14146,24,2.20192e-07,2.20192e-07,1,1,69,23,16,5,1,6,177,0.45
10,3.14146,25,2.20192e-07,2.20192e-07,1,1,69,23,16,5,1,6,177,0.435
10,3.14146,26,2.20192e-07,2.20192e-07,1,1,69,23,16,5,1,6,177,0.43
10,3.14146,27,2.20192e-07,2.20192e-07,1,1,69,23,16,5,1,6,177,0.335
10,3.14146,28,2.20192e-07,2.20192e-07,1,1,69,23,16,5,1,6,177,0.241
10,3.14146,29,2.20192e-07,2.20192e-07,1,1,69,23,16,5,1,6,177,0.278
10,3.14146,30,2.20192e-07,2.20192e-07,1,1,69,23,16,5,1,6,177,0.279
10,3.14146,31,2.20192e-07,2.20192e-07,1,1,69,23,16,5,1,6,177,0.244
10,3.14146,32,2.20192e-07,2.20192e-07,1,1,69,23,16,5,1,6,177,0.246
10,3.14146,33,2.20192e-07,2.20192e-07,1,1,69,23,16,5,1,6,177,0.244
10,3.14146,34,2.20192e-07,2.20192e-07,1,1,69,23,16,5,1,6,177,0.245
10,3.14146,35,2.20192e-07,2.20192e-07,1,1,69,23,16,5,1,6,177,0.279
12,2.26308e-05,0,6.8861e-09,6.8861e-09,1,1,105,43,14,3,1,4,169,0.272
12,2.26308e-05,1,6.8861e-09,6.8861e-09,1,1,105,43,14,3,1,4,169,0.244
12,2.26308e-05,2,6.8861e-09,6.8861e-09,1,1,105,43,14,3,1,4,169,0.244
12,2.26308e-05,3,6.8861e-09,6.8861e-09,1,1,105,43,14,3,1,4,169,0.281
12,2.26308e-05,4,6.8861e-09,6.8861e-09,1,1,105,45,12,3,1,4,157,0.279
12,2.26308e-05,5,6.8861e-09,6.8861e-09,1,1,105,45,12,3,1,4,157,0.244
12,2.26308e-05,6,6.8861e-09,6.8861e-09,1,1,105,45,12,3,1,4,157,0.245
12,2.26308e-05,7,6.8861e-09,6.8861e-09,1,1,105,45,12,3,1,4,157,0.283
12,2.26308e-05,8,6.8861e-09,6.8861e-09,1,1,105,43,14,3,1,4,169,0.283
12,2.26308e-05,9,6.8861e-09,6.8861e-09,1,1,105,43,14,3,1,4,169,0.242
12,2.26308e-05,10,6.8861e-09,6.8861e-09,1,1,105,43,14,3,1,4,169,0.243
12,2.26308e-05,11,6.8861e-09,6.8861e-09,1,1,105,43,14,3,1,4,169,0.281
12,2.26308e-05,12,6.8861e-09,6.8861e-09,1,1,105,45,12,3,1,4,157,0.28
12,2.26308e-05,13,6.8861e-09,6.8861e-09,1,1,105,45,12,3,1,4,157,0.242
12,2.26308e-05,14,6.8861e-09,6.8861e-09,1,1,105,45,12,3,1,4,157,0.244
12,2.26308e-05,15,6.8861e-09,6.8861e-09,1,1,105,45,12,3,1,4,157,0.286
12,2.26308e-05,16,6.8861e-09,6.8861e-09,1,1,105,43,14,3,1,4,169,0.286
12,2.26308e-05,17,6.8861e-09,6.8861e-09,1,1,105,43,14,3,1,4,169,0.243
12,2.26308e-05,18,6.8861e-09,6.8861e-09,1,1,105,43,14,3,1,4,169,0.243
12,2.26308e-05,19,6.8861e-09,6.8861e-09,1,1,105,43,14,3,1,4,169,0.279
12,2.26308e-05,20,6.8861e-09,6.8861e-09,1,1,105,45,12,3,1,4,157,0.278
12,2.26308e-05,21,6.8861e-09,6.8861e-09,1,1,105,45,12,3,1,4,157,0.24
12,2.26308e-05,22,6.8861e-09,6.8861e-09,1,1,105,45,12,3,1,4,157,0.241
12,2.26308e-05,23,6.8861e-09,6.8861e-09,1,1,105,45,12,3,1,4,157,0.243
12,2.26308e-05,24,6.8861e-09,6.8861e-09,1,1,105,43,14,3,1,4,169,0.286
12,2.26308e-05,25,6.8861e-09,6.8861e-09,1,1,105,43,14,3,1,4,169,0.285
12,2.26308e-05,26,6.8861e-09,6.8861e-09,1,1,105,43,14,3,1,4,169,0.246
12,2.26308e-05,27,6.8861e-09,6.8861e-09,1,1,105,43,14,3,1,4,169,0.243
12,2.26308e-05,28,6.8861e-09,6.8861e-09,1,1,105,43,14,3,1,4,169,0.245
12,2.26308e-05,29,6.8861e-09,6.8861e-09,1,1,105,43,14,3,1,4,169,0.284
12,2.26308e-05,30,6.8861e-09,6.8861e-09,1,1,105,43,14,3,1,4,169,0.283
12,2.26308e-05,31,6.8861e-09,6.8861e-09,1,1,105,43,14,3,1,4,169,0.243
12,2.26308e-05,32,6.8861e-09,6.8861e-09,1,1,105,43,14,3,1,4,169,0.243
12,2.26308e-05,33,6.8861e-09,6.8861e-09,1,1,105,43,14,3,1,4,169,0.281
12,2.26308e-05,34,6.8861e-09,6.8861e-09,1,1,105,43,14,3,1,4,169,0.28
12,2.26308e-05,35,6.8861e-09,6.8861e-09,1,1,105,43,14,3,1,4,169,0.243
12,0.110995,0,6.8861e-09,6.8861e-09,1,1,95,39,16,1,1,2,165,0.286
12,0.110995,1,6.8861e-09,6.8861e-09,1,1,95,39,16,1,1,2,165,0.33
12,0.110995,2,6.8861e-09,6.8861e-09,1,1,95,39,16,1,1,2,165,0.333
12,0.110995,3,6.8861e-09,6.8861e-09,1,1,95,39,16,1,1,2,165,0.288
12,0.110995,4,6.8861e-09,6.8861e-09,1,1,95,37,18,1,1,2,177,0.288
12,0.110995,5,6.8861e-09,6.8861e-09,1,1,95,37,18,1,1,2,177,0.329
12,0.110995,6,6.8861e-09,6.8861e-09,1,1,95,37,18,1,1,2,177,0.33
12,0.110995,7,6.8861e-09,6.8861e-09,1,1,95,37,18,1,1,2,177,0.288
12,0.110995,8,6.8861e-09,6.8861e-09,1,1,95,37,18,1,1,2,177,0.289
12,0.110995,9,6.8861e-09,6.8861e-09,1,1,95,37,18,1,1,2,177,0.327
12,0.110995,10,6.8861e-09,6.8861e-09,1,1,95,37,18,1,1,2,177,0.328
12,0.110995,11,6.8861e-09,6.8861e-09,1,1,95,37,18,1,1,2,177,0.292
12,0.110995,12,6.8861e-09,6.8861e-09,1,1,95,37,18,1,1,2,177,0.291
12,0.110995,13,6.8861e-09,6.8861e-09,1,1,95,37,18,1,1,2,177,0.335
12,0.110995,14,6.8861e-09,6.8861e-09,1,1,95,37,18,1,1,2,177,0.372
12,0.110995,15,6.8861e-09,6.8861e-09,1,1,95,37,18,1,1,2,177,0.373
12,0.110995,16,6.8861e-09,6.8861e-09,1,1,95,39,16,1,1,2,165,0.28
12,0.110995,17,6.8861e-09,6.8861e-09,1,1,95,39,16,1,1,2,165,0.288
12,0.110995,18,6.8861e-09,6.8861e-09,1,1,95,39,16,1,1,2,165,0.289
12,0.110995,19,6.8861e-09,6.8861e-09,1,1,95,39,16,1,1,2,165,0.321
12,0.110995,20,6.8861e-09,6.8861e-09,1,1,95,37,18,1,1,2,177,0.324
12,0.110995,21,6.8861e-09,6.8861e-09,1,1,95,37,18,1,1,2,177,0.291
12,0.110995,22,6.8861e-09,6.8861e-09,1,1,95,37,18,1,1,2,177,0.292
12,0.110995,23,6.8861e-09,6.8861e-09,1,1,95,37,18,1,1,2,177,0.325
12,0.110995,24,6.8861e-09,6.8861e-09,1,1,95,37,18,1,1,2,177,0.327
12,0.110995,25,6.8861e-09,6.8861e-09,1,1,95,37,18,1,1,2,177,0.295
12,0.110995,26,6.8861e-09,6.8861e-09,1,1,95,37,18,1,1,2,177,0.295
12,0.110995,27,6.8861e-09,6.8861e-09,1,1,95,37,18,1,1,2,177,0.331
12,0.110995,28,6.8861e-09,6.8861e-09,1,1,95,39,16,1,1,2,165,0.331
12,0.110995,29,6.8861e-09,6.8861e-09,1,1,95,39,16,1,1,2,165,0.294
12,0.110995,30,6.8861e-09,6.8861e-09,1,1,95,39,16,1,1,2,165,0.295
12,0.110995,31,6.8861e-09,6.8861e-09,1,1,95,39,16,1,1,2,165,0.33
12,0.110995,32,6.8861e-09,6.8861e-09,1,1,95,37,18,1,1,2,177,0.329
12,0.110995,33,6.8861e-09,6.8861e-09,1,1,95,37,18,1,1,2,177,0.293
12,0.110995,34,6.8861e-09,6.8861e-09,1,1,95,37,18,1,1,2,177,0.295
12,0.110995,35,6.8861e-09,6.8861e-09,1,1,95,37,18,1,1,2,177,0.335
12,0.215677,0,6.8861e-09,6.8861e-09,1,1,95,37,16,4,0,4,177,0.29
12,0.215677,1,6.8861e-09,6.8861e-09,1,1,97,37,16,5,1,6,191,0.295
12,0.215677,2,6.8861e-09,6.8861e-09,1,1,95,37,16,4,0,4,177,0.309
12,0.215677,3,6.8861e-09,6.8861e-09,1,1,97,37,16,5,1,6,191,0.387
12,0.215677,4,6.8861e-09,6.8861e-09,1,1,92,37,14,4,0,4,163,0.321
12,0.215677,5,6.8861e-09,6.8861e-09,1,1,94,37,14,5,1,6,177,0.255
12,0.215677,6,6.8861e-09,6.8861e-09,1,1,96,37,15,5,1,6,184,0.253
12,0.215677,7,6.8861e-09,6.8861e-09,1,1,94,37,15,4,0,4,170,0.287
12,0.215677,8,6.8861e-09,6.8861e-09,1,1,95,37,16,4,0,4,177,0.251
12,0.215677,9,6.8861e-09,6.8861e-09,1,1,97,37,16,5,1,6,191,0.252
12,0.215677,10,6.8861e-09,6.8861e-09,1,1,95,37,16,4,0,4,177,0.288
12,0.215677,11,6.8861e-09,6.8861e-09,1,1,97,37,16,5,1,6,191,0.255
12,0.215677,12,6.8861e-09,6.8861e-09,1,1,96,37,15,5,1,6,184,0.256
12,0.215677,13,6.8861e-09,6.8861e-09,1,1,94,37,15,4,0,4,170,0.29
12,0.215677,14,6.8861e-09,6.8861e-09,1,1,92,37,14,4,0,4,163,0.287
12,0.215677,15,6.8861e-09,6.8861e-09,1,1,94,37,14,5,1,6,177,0.257
12,0.215677,16,6.8861e-09,6.8861e-09,1,1,95,37,16,4,0,4,177,0.258
12,0.215677,17,6.8861e-09,6.8861e-09,1,1,97,37,16,5,1,6,191,0.292
12,0.215677,18,6.8861e-09,6.8861e-09,1,1,97,37,16,5,1,6,191,0.291
12,0.215677,19,6.8861e-09,6.8861e-09,1,1,95,37,16,4,0,4,177,0.257
12,0.215677,20,6.8861e-09,6.8861e-09,1,1,97,37,16,5,1,6,191,0.257
12,0.215677,21,6.8861e-09,6.8861e-09,1,1,95,37,16,4,0,4,177,0.289
12,0.215677,22,6.8861e-09,6.8861e-09,1,1,97,37,16,5,1,6,191,0.29
12,0.215677,23,6.8861e-09,6.8861e-09,1,1,95,37,16,4,0,4,177,0.258
12,0.215677,24,6.8861e-09,6.8861e-09,1,1,97,37,16,5,1,6,191,0.258
12,0.215677,25,6.8861e-09,6.8861e-09,1,1,95,37,16,4,0,4,177,0.289
12,0.215677,26,6.8861e-09,6.8861e-09,1,1,97,37,16,5,1,6,191,0.292
12,0.215677,27,6.8861e-09,6.8861e-09,1,1,95,37,16,4,0,4,177,0.259
12,0.215677,28,6.8861e-09,6.8861e-09,1,1,94,37,15,4,0,4,170,0.258
12,0.215677,29,6.8861e-09,6.8861e-09,1,1,96,37,15,5,1,6,184,0.293
12,0.215677,30,6.8861e-09,6.8861e-09,1,1,96,37,15,5,1,6,184,0.29
12,0.215677,31,6.8861e-09,6.8861e-09,1,1,94,37,15,4,0,4,170,0.258
12,0.215677,32,6.8861e-09,6.8861e-09,1,1,97,37,16,5,1,6,191,0.259
12,0.215677,33,6.8861e-09,6.8861e-09,1,1,95,37,16,4,0,4,177,0.186
12,0.215677,34,6.8861e-09,6.8861e-09,1,1,95,37,16,4,0,4,177,0.299
12,0.215677,35,6.8861e-09,6.8861e-09,1,1,97,37,16,5,1,6,191,0.256
12,0.325297,0,6.8861e-09,6.8861e-09,1,1,79,25,18,11,1,12,235,0.302
12,0.325297,1,6.8861e-09,6.8861e-09,1,1,79,25,18,11,1,12,235,0.203
12,0.325297,2,6.8861e-09,6.8861e-09,1,1,79,25,18,11,1,12,235,0.302
12,0.325297,3,6.8861e-09,6.8861e-09,1,1,79,25,18,11,1,12,235,0.356
12,0.325297,4,6.8861e-09,6.8861e-09,1,1,79,23,20,11,1,12,247,0.3
12,0.325297,5,6.8861e-09,6.8861e-09,1,1,79,23,20,11,1,12,247,0.199
12,0.325297,6,6.8861e-09,6.8861e-09,1,1,79,23,20,11,1,12,247,0.201
12,0.325297,7,6.8861e-09,6.8861e-09,1,1,79,23,20,11,1,12,247,0.301
12,0.325297,8,6.8861e-09,6.8861e-09,1,1,79,25,18,11,1,12,235,0.301
12,0.325297,9,6.8861e-09,6.8861e-09,1,1,79,25,18,11,1,12,235,0.355
12,0.325297,10,6.8861e-09,6.8861e-09,1,1,79,25,18,11,1,12,235,0.202
12,0.325297,11,6.8861e-09,6.8861e-09,1,1,79,25,18,11,1,12,235,0.3
12,0.325297,12,6.8861e-09,6.8861e-09,1,1,79,23,20,11,1,12,247,0.301
12,0.325297,13,6.8861e-09,6.8861e-09,1,1,79,23,20,11,1,12,247,0.2
12,0.325297,14,6.8861e-09,6.8861e-09,1,1,79,23,20,11,1,12,247,0.356
12,0.325297,15,6.8861e-09,6.8861e-09,1,1,79,23,20,11,1,12,247,0.205
12,0.325297,16,6.8861e-09,6.8861e-09,1,1,79,23,20,11,1,12,247,0.3
12,0.325297,17,6.8861e-09,6.8861e-09,1,1,79,23,20,11,1,12,247,0.301
12,0.325297,18,6.8861e-09,6.8861e-09,1,1,79,23,20,11,1,12,247,0.202
12,0.325297,19,6.8861e-09,6.8861e-09,1,1,79,23,20,11,1,12,247,0.357
12,0.325297,20,6.8861e-09,6.8861e-09,1,1,79,23,20,11,1,12,247,0.301
12,0.325297,21,6.8861e-09,6.8861e-09,1,1,79,23,20,11,1,12,247,0.3
12,0.325297,22,6.8861e-09,6.8861e-09,1,1,79,23,20,11,1,12,247,0.202
12,0.325297,23,6.8861e-09,6.8861e-09,1,1,79,23,20,11,1,12,247,0.355
12,0.325297,24,6.8861e-09,6.8861e-09,1,1,79,25,18,11,1,12,235,0.205
12,0.325297,25,6.8861e-09,6.8861e-09,1,1,79,25,18,11,1,12,235,0.3
12,0.325297,26,6.8861e-09,6.8861e-09,1,1,79,25,18,11,1,12,235,0.306
12,0.325297,27,6.8861e-09,6.8861e-09,1,1,79,25,18,11,1,12,235,0.205
12,0.325297,28,6.8861e-09,6.8861e-09,1,1,79,23,20,11,1,12,247,0.355
12,0.325297,29,6.8861e-09,6.8861e-09,1,1,79,23,20,11,1,12,247,0.301
12,0.325297,30,6.8861e-09,6.8861e-09,1,1,79,23,20,11,1,12,247,0.3
12,0.325297,31,6.8861e-09,6.8861e-09,1,1,79,23,20,11,1,12,247,0.21
12,0.325297,32,6.8861e-09,6.8861e-09,1,1,79,23,20,11,1,12,247,0.202
12,0.325297,33,6.8861e-09,6.8861e-09,1,1,79,23,20,11,1,12,247,0.298
12,0.325297,34,6.8861e-09,6.8861e-09,1,1,79,23,20,11,1,12,247,0.352
12,0.325297,35,6.8861e-09,6.8861e-09,1,1,79,23,20,11,1,12,247,0.298
12,0.434096,0,6.8861e-09,6.8861e-09,1,1,96,38,12,6,1,7,171,0.17
12,0.434096,1,6.8861e-09,6.8861e-09,1,1,96,38,12,6,1,7,171,0.249
12,0.434096,2,6.8861e-09,6.8861e-09,1,1,96,38,12,6,1,7,171,0.251
12,0.434096,3,6.8861e-09,6.8861e-09,1,1,96,38,12,6,1,7,171,0.168
12,0.434096,4,6.8861e-09,6.8861e-09,1,1,96,40,10,6,1,7,159,0.287
12,0.434096,5,6.8861e-09,6.8861e-09,1,1,96,40,10,6,1,7,159,0.167
12,0.434096,6,6.8861e-09,6.8861e-09,1,1,96,40,10,6,1,7,159,0.251
12,0.434096,7,6.8861e-09,6.8861e-09,1,1,96,40,10,6,1,7,159,0.249
12,0.434096,8,6.8861e-09,6.8861e-09,1,1,96,38,12,6,1,7,171,0.291
12,0.434096,9,6.8861e-09,6.8861e-09,1,1,96,38,12,6,1,7,171,0.17
12,0.434096,10,6.8861e-09,6.8861e-09,1,1,96,38,12,6,1,7,171,0.25
12,0.434096,11,6.8861e-09,6.8861e-09,1,1,96,38,12,6,1,7,171,0.251
12,0.434096,12,6.8861e-09,6.8861e-09,1,1,96,40,10,6,1,7,159,0.167
12,0.434096,13,6.8861e-09,6.8861e-09,1,1,96,40,10,6,1,7,159,0.291
12,0.434096,14,6.8861e-09,6.8861e-09,1,1,96,40,10,6,1,7,159,0.169
12,0.434096,15,6.8861e-09,6.8861e-09,1,1,96,40,10,6,1,7,159,0.249
12,0.434096,16,6.8861e-09,6.8861e-09,1,1,96,38,12,6,1,7,171,0.249
12,0.434096,17,6.8861e-09,6.8861e-09,1,1,96,38,12,6,1,7,171,0.171
12,0.434096,18,6.8861e-09,6.8861e-09,1,1,96,38,12,6,1,7,171,0.29
12,0.434096,19,6.8861e-09,6.8861e-09,1,1,96,38,12,6,1,7,171,0.249
12,0.434096,20,6.8861e-09,6.8861e-09,1,1,96,38,12,6,1,7,171,0.25
12,0.434096,21,6.8861e-09,6.8861e-09,1,1,96,38,12,6,1,7,171,0.172
12,0.434096,22,6.8861e-09,6.8861e-09,1,1,96,38,12,6,1,7,171,0.251
12,0.434096,23,6.8861e-09,6.8861e-09,1,1,96,38,12,6,1,7,171,0.291
12,0.434096,24,6.8861e-09,6.8861e-09,1,1,96,40,10,6,1,7,159,0.169
12,0.434096,25,6.8861e-09,6.8861e-09,1,1,96,40,10,6,1,7,159,0.248
12,0.434096,26,6.8861e-09,6.8861e-09,1,1,96,40,10,6,1,7,159,0.169
12,0.434096,27,6.8861e-09,6.8861e-09,1,1,96,40,10,6,1,7,159,0.252
12,0.434096,28,6.8861e-09,6.8861e-09,1,1,96,38,12,6,1,7,171,0.291
12,0.434096,29,6.8861e-09,6.8861e-09,1,1,96,38,12,6,1,7,171,0.252
12,0.434096,30,6.8861e-09,6.8861e-09,1,1,96,38,12,6,1,7,171,0.169
12,0.434096,31,6.8861e-09,6.8861e-09,1,1,96,38,12,6,1,7,171,0.253
12,0.434096,32,6.8861e-09,6.8861e-09,1,1,96,38,12,6,1,7,171,0.17
12,0.434096,33,6.8861e-09,6.8861e-09,1,1,96,38,12,6,1,7,171,0.254
12,0.434096,34,6.8861e-09,6.8861e-09,1,1,96,38,12,6,1,7,171,0.288
12,0.434096,35,6.8861e-09,6.8861e-09,1,1,96,38,12,6,1,7,171,0.171
12,0.53557,0,6.8861e-09,6.8861e-09,1,1,81,29,18,5,1,6,197,0.332
12,0.53557,1,6.8861e-09,6.8861e-09,1,1,81,29,18,5,1,6,197,0.331
12,0.53557,2,6.8861e-09,6.8861e-09,1,1,81,29,18,5,1,6,197,0.226
12,0.53557,3,6.8861e-09,6.8861e-09,1,1,81,29,18,5,1,6,197,0.391
12,0.53557,4,6.8861e-09,6.8861e-09,1,1,81,27,20,5,1,6,209,0.235
12,0.53557,5,6.8861e-09,6.8861e-09,1,1,81,27,20,5,1,6,209,0.329
12,0.53557,6,6.8861e-09,6.8861e-09,1,1,81,27,20,5,1,6,209,0.33
12,0.53557,7,6.8861e-09,6.8861e-09,1,1,81,27,20,5,1,6,209,0.392
12,0.53557,8,6.8861e-09,6.8861e-09,1,1,81,27,20,5,1,6,209,0.225
12,0.53557,9,6.8861e-09,6.8861e-09,1,1,81,27,20,5,1,6,209,0.334
12,0.53557,10,6.8861e-09,6.8861e-09,1,1,81,27,20,5,1,6,209,0.327
12,0.53557,11,6.8861e-09,6.8861e-09,1,1,81,27,20,5,1,6,209,0.228
12,0.53557,12,6.8861e-09,6.8861e-09,1,1,81,27,20,5,1,6,209,0.391
12,0.53557,13,6.8861e-09,6.8861e-09,1,1,81,27,20,5,1,6,209,0.334
12,0.53557,14,6.8861e-09,6.8861e-09,1,1,81,27,20,5,1,6,209,0.223
12,0.53557,15,6.8861e-09,6.8861e-09,1,1,81,27,20,5,1,6,209,0.33
12,0.53557,16,6.8861e-09,6.8861e-09,1,1,81,27,20,5,1,6,209,0.224
12,0.53557,17,6.8861e-09,6.8861e-09,1,1,81,27,20,5,1,6,209,0.39
12,0.53557,18,6.8861e-09,6.8861e-09,1,1,81,27,20,5,1,6,209,0.331
12,0.53557,19,6.8861e-09,6.8861e-09,1,1,81,27,20,5,1,6,209,0.333
12,0.53557,20,6.8861e-09,6.8861e-09,1,1,81,29,18,5,1,6,197,0.224
12,0.53557,21,6.8861e-09,6.8861e-09,1,1,81,29,18,5,1,6,197,0.327
12,0.53557,22,6.8861e-09,6.8861e-09,1,1,81,29,18,5,1,6,197,0.223
12,0.53557,23,6.8861e-09,6.8861e-09,1,1,81,29,18,5,1,6,197,0.389
12,0.53557,24,6.8861e-09,6.8861e-09,1,1,81,29,18,5,1,6,197,0.329
12,0.53557,25,6.8861e-09,6.8861e-09,1,1,81,29,18,5,1,6,197,0.219
12,0.53557,26,6.8861e-09,6.8861e-09,1,1,81,29,18,5,1,6,197,0.326
12,0.53557,27,6.8861e-09,6.8861e-09,1,1,81,29,18,5,1,6,197,0.326
12,0.53557,28,6.8861e-09,6.8861e-09,1,1,81,27,20,5,1,6,209,0.389
12,0.53557,29,6.8861e-09,6.8861e-09,1,1,81,27,20,5,1,6,209,0.221
12,0.53557,30,6.8861e-09,6.8861e-09,1,1,81,27,20,5,1,6,209,0.327
12,0.53557,31,6.8861e-09,6.8861e-09,1,1,81,27,20,5,1,6,209,0.22
12,0.53557,32,6.8861e-09,6.8861e-09,1,1,81,27,20,5,1,6,209,0.33
12,0.53557,33,6.8861e-09,6.8861e-09,1,1,81,27,20,5,1,6,209,0.386
12,0.53557,34,6.8861e-09,6.8861e-09,1,1,81,27,20,5,1,6,209,0.223
12,0.53557,35,6.8861e-09,6.8861e-09,1,1,81,27,20,5,1,6,209,0.33
12,0.650205,0,6.8861e-09,6.8861e-09,1,1,109,45,10,7,1,8,171,0.213
12,0.650205,1,6.8861e-09,6.8861e-09,1,1,109,45,10,7,1,8,171,0.14
12,0.650205,2,6.8861e-09,6.8861e-09,1,1,109,45,10,7,1,8,171,0.244
12,0.650205,3,6.8861e-09,6.8861e-09,1,1,109,45,10,7,1,8,171,0.212
12,0.650205,4,6.8861e-09,6.8861e-09,1,1,109,47,8,7,1,8,159,0.148
12,0.650205,5,6.8861e-09,6.8861e-09,1,1,109,47,8,7,1,8,159,0.211
12,0.650205,6,6.8861e-09,6.8861e-09,1,1,109,47,8,7,1,8,159,0.141
12,0.650205,7,6.8861e-09,6.8861e-09,1,1,109,47,8,7,1,8,159,0.173
12,0.650205,8,6.8861e-09,6.8861e-09,1,1,109,45,10,7,1,8,171,0.209
12,0.650205,9,6.8861e-09,6.8861e-09,1,1,109,45,10,7,1,8,171,0.207
12,0.650205,10,6.8861e-09,6.8861e-09,1,1,109,45,10,7,1,8,171,0.141
12,0.650205,11,6.8861e-09,6.8861e-09,1,1,109,45,10,7,1,8,171,0.14
12,0.650205,12,6.8861e-09,6.8861e-09,1,1,109,47,8,7,1,8,159,0.206
12,0.650205,13,6.8861e-09,6.8861e-09,1,1,109,47,8,7,1,8,159,0.138
12,0.650205,14,6.8861e-09,6.8861e-09,1,1,109,47,8,7,1,8,159,0.207
12,0.650205,15,6.8861e-09,6.8861e-09,1,1,109,47,8,7,1,8,159,0.138
12,0.650205,16,6.8861e-09,6.8861e-09,1,1,109,45,10,7,1,8,171,0.143
12,0.650205,17,6.8861e-09,6.8861e-09,1,1,109,45,10,7,1,8,171,0.138
12,0.650205,18,6.8861e-09,6.8861e-09,1,1,109,45,10,7,1,8,171,0.207
12,0.650205,19,6.8861e-09,6.8861e-09,1,1,109,45,10,7,1,8,171,0.205
12,0.650205,20,6.8861e-09,6.8861e-09,1,1,109,45,10,7,1,8,171,0.137
12,0.650205,21,6.8861e-09,6.8861e-09,1,1,109,45,10,7,1,8,171,0.141
12,0.650205,22,6.8861e-09,6.8861e-09,1,1,109,45,10,7,1,8,171,0.204
12,0.650205,23,6.8861e-09,6.8861e-09,1,1,109,45,10,7,1,8,171,0.137
12,0.650205,24,6.8861e-09,6.8861e-09,1,1,109,45,10,7,1,8,171,0.204
12,0.650205,25,6.8861e-09,6.8861e-09,1,1,109,45,10,7,1,8,171,0.138
12,0.650205,26,6.8861e-09,6.8861e-09,1,1,109,45,10,7,1,8,171,0.14
12,0.650205,27,6.8861e-09,6.8861e-09,1,1,109,45,10,7,1,8,171,0.203
12,0.650205,28,6.8861e-09,6.8861e-09,1,1,109,47,8,7,1,8,159,0.139
12,0.650205,29,6.8861e-09,6.8861e-09,1,1,109,47,8,7,1,8,159,0.204
12,0.650205,30,6.8861e-09,6.8861e-09,1,1,109,47,8,7,1,8,159,0.138
12,0.650205,31,6.8861e-09,6.8861e-09,1,1,109,47,8,7,1,8,159,0.159
12,0.650205,32,6.8861e-09,6.8861e-09,1,1,109,45,10,7,1,8,171,0.204
12,0.650205,33,6.8861e-09,6.8861e-09,1,1,109,45,10,7,1,8,171,0.14
12,0.650205,34,6.8861e-09,6.8861e-09,1,1,109,45,10,7,1,8,171,0.205
12,0.650205,35,6.8861e-09,6.8861e-09,1,1,109,45,10,7,1,8,171,0.178
12,0.757686,0,6.8861e-09,6.8861e-09,1,1,78,26,16,8,1,9,201,0.202
12,0.757686,1,6.8861e-09,6.8861e-09,1,1,78,26,16,8,1,9,201,0.297
12,0.757686,2,6.8861e-09,6.8861e-09,1,1,78,26,16,8,1,9,201,0.293
12,0.757686,3,6.8861e-09,6.8861e-09,1,1,78,26,16,8,1,9,201,0.209
12,0.757686,4,6.8861e-09,6.8861e-09,1,1,78,26,16,8,1,9,201,0.204
12,0.757686,5,6.8861e-09,6.8861e-09,1,1,78,26,16,8,1,9,201,0.197
12,0.757686,6,6.8861e-09,6.8861e-09,1,1,78,26,16,8,1,9,201,0.29
12,0.757686,7,6.8861e-09,6.8861e-09,1,1,78,26,16,8,1,9,201,0.291
12,0.757686,8,6.8861e-09,6.8861e-09,1,1,77,26,15,8,1,9,194,0.208
12,0.757686,9,6.8861e-09,6.8861e-09,1,1,77,26,15,8,1,9,194,0.198
12,0.757686,10,6.8861e-09,6.8861e-09,1,1,77,26,15,8,1,9,194,0.2
12,0.757686,11,6.8861e-09,6.8861e-09,1,1,75,26,14,8,1,9,187,0.291
12,0.757686,12,6.8861e-09,6.8861e-09,1,1,77,26,15,8,1,9,194,0.291
12,0.757686,13,6.8861e-09,6.8861e-09,1,1,77,26,15,8,1,9,194,0.198
12,0.757686,14,6.8861e-09,6.8861e-09,1,1,77,26,15,8,1,9,194,0.198
12,0.757686,15,6.8861e-09,6.8861e-09,1,1,77,26,15,8,1,9,194,0.197
12,0.757686,16,6.8861e-09,6.8861e-09,1,1,78,26,16,8,1,9,201,0.291
12,0.757686,17,6.8861e-09,6.8861e-09,1,1,78,26,16,8,1,9,201,0.292
12,0.757686,18,6.8861e-09,6.8861e-09,1,1,78,26,16,8,1,9,201,0.198
12,0.757686,19,6.8861e-09,6.8861e-09,1,1,78,26,16,8,1,9,201,0.2
12,0.757686,20,6.8861e-09,6.8861e-09,1,1,78,26,16,8,1,9,201,0.292
12,0.757686,21,6.8861e-09,6.8861e-09,1,1,78,26,16,8,1,9,201,0.198
12,0.757686,22,6.8861e-09,6.8861e-09,1,1,78,26,16,8,1,9,201,0.292
12,0.757686,23,6.8861e-09,6.8861e-09,1,1,78,26,16,8,1,9,201,0.198
12,0.757686,24,6.8861e-09,6.8861e-09,1,1,78,26,16,8,1,9,201,0.2
12,0.757686,25,6.8861e-09,6.8861e-09,1,1,78,26,16,8,1,9,201,0.294
12,0.757686,26,6.8861e-09,6.8861e-09,1,1,78,26,16,8,1,9,201,0.199
12,0.757686,27,6.8861e-09,6.8861e-09,1,1,78,26,16,8,1,9,201,0.294
12,0.757686,28,6.8861e-09,6.8861e-09,1,1,77,26,15,8,1,9,194,0.199
12,0.757686,29,6.8861e-09,6.8861e-09,1,1,77,26,15,8,1,9,194,0.202
12,0.757686,30,6.8861e-09,6.8861e-09,1,1,77,26,15,8,1,9,194,0.294
12,0.757686,31,6.8861e-09,6.8861e-09,1,1,77,26,15,8,1,9,194,0.2
12,0.757686,32,6.8861e-09,6.8861e-09,1,1,78,26,16,8,1,9,201,0.297
12,0.757686,33,6.8861e-09,6.8861e-09,1,1,78,26,16,8,1,9,201,0.201
12,0.757686,34,6.8861e-09,6.8861e-09,1,1,78,26,16,8,1,9,201,0.199
12,0.757686,35,6.8861e-09,6.8861e-09,1,1,78,26,16,8,1,9,201,0.293
12,0.873503,0,6.8861e-09,6.8861e-09,1,1,78,27,18,6,0,6,195,0.2
12,0.873503,1,6.8861e-09,6.8861e-09,1,1,80,27,18,7,1,8,209,0.296
12,0.873503,2,6.8861e-09,6.8861e-09,1,1,82,27,19,7,1,8,216,0.216
12,0.873503,3,6.8861e-09,6.8861e-09,1,1,80,27,19,6,0,6,202,0.202
12,0.873503,4,6.8861e-09,6.8861e-09,1,1,83,27,20,7,1,8,223,0.298
12,0.873503,5,6.8861e-09,6.8861e-09,1,1,81,27,20,6,0,6,209,0.204
12,0.873503,6,6.8861e-09,6.8861e-09,1,1,83,27,20,7,1,8,223,0.304
12,0.873503,7,6.8861e-09,6.8861e-09,1,1,81,27,20,6,0,6,209,0.266
12,0.873503,8,6.8861e-09,6.8861e-09,1,1,81,27,20,6,0,6,209,0.209
12,0.873503,9,6.8861e-09,6.8861e-09,1,1,83,27,20,7,1,8,223,0.301
12,0.873503,10,6.8861e-09,6.8861e-09,1,1,81,27,20,6,0,6,209,0.295
12,0.873503,11,6.8861e-09,6.8861e-09,1,1,83,27,20,7,1,8,223,0.198
12,0.873503,12,6.8861e-09,6.8861e-09,1,1,83,27,20,7,1,8,223,0.201
12,0.873503,13,6.8861e-09,6.8861e-09,1,1,81,27,20,6,0,6,209,0.207
12,0.873503,14,6.8861e-09,6.8861e-09,1,1,81,27,20,6,0,6,209,0.294
12,0.873503,15,6.8861e-09,6.8861e-09,1,1,83,27,20,7,1,8,223,0.295
12,0.873503,16,6.8861e-09,6.8861e-09,1,1,80,27,19,6,0,6,202,0.199
12,0.873503,17,6.8861e-09,6.8861e-09,1,1,82,27,19,7,1,8,216,0.203
12,0.873503,18,6.8861e-09,6.8861e-09,1,1,80,27,18,7,1,8,209,0.203
12,0.873503,19,6.8861e-09,6.8861e-09,1,1,78,27,18,6,0,6,195,0.297
12,0.873503,20,6.8861e-09,6.8861e-09,1,1,83,27,20,7,1,8,223,0.296
12,0.873503,21,6.8861e-09,6.8861e-09,1,1,81,27,20,6,0,6,209,0.2
12,0.873503,22,6.8861e-09,6.8861e-09,1,1,81,27,20,6,0,6,209,0.203
12,0.873503,23,6.8861e-09,6.8861e-09,1,1,83,27,20,7,1,8,223,0.301
12,0.873503,24,6.8861e-09,6.8861e-09,1,1,80,27,19,6,0,6,202,0.215
12,0.873503,25,6.8861e-09,6.8861e-09,1,1,82,27,19,7,1,8,216,0.302
12,0.873503,26,6.8861e-09,6.8861e-09,1,1,78,27,18,6,0,6,195,0.203
12,0.873503,27,6.8861e-09,6.8861e-09,1,1,80,27,18,7,1,8,209,0.208
12,0.873503,28,6.8861e-09,6.8861e-09,1,1,83,27,20,7,1,8,223,0.21
12,0.873503,29,6.8861e-09,6.8861e-09,1,1,81,27,20,6,0,6,209,0.3
12,0.873503,30,6.8861e-09,6.8861e-09,1,1,83,27,20,7,1,8,223,0.301
12,0.873503,31,6.8861e-09,6.8861e-09,1,1,81,27,20,6,0,6,209,0.242
12,0.873503,32,6.8861e-09,6.8861e-09,1,1,81,27,20,6,0,6,209,0.204
12,0.873503,33,6.8861e-09,6.8861e-09,1,1,83,27,20,7,1,8,223,0.298
12,0.873503,34,6.8861e-09,6.8861e-09,1,1,81,27,20,6,0,6,209,0.302
12,0.873503,35,6.8861e-09,6.8861e-09,1,1,83,27,20,7,1,8,223,0.219
12,0.976955,0,6.8861e-09,6.8861e-09,1,1,90,35,16,3,1,4,175,0.192
12,0.976955,1,6.8861e-09,6.8861e-09,1,1,92,35,17,3,1,4,182,0.189
12,0.976955,2,6.8861e-09,6.8861e-09,1,1,92,35,17,3,1,4,182,0.189
12,0.976955,3,6.8861e-09,6.8861e-09,1,1,92,35,17,3,1,4,182,0.279
12,0.976955,4,6.8861e-09,6.8861e-09,1,1,93,35,18,3,1,4,189,0.28
12,0.976955,5,6.8861e-09,6.8861e-09,1,1,93,35,18,3,1,4,189,0.193
12,0.976955,6,6.8861e-09,6.8861e-09,1,1,93,35,18,3,1,4,189,0.187
12,0.976955,7,6.8861e-09,6.8861e-09,1,1,93,35,18,3,1,4,189,0.278
12,0.976955,8,6.8861e-09,6.8861e-09,1,1,93,35,18,3,1,4,189,0.281
12,0.976955,9,6.8861e-09,6.8861e-09,1,1,93,35,18,3,1,4,189,0.189
12,0.976955,10,6.8861e-09,6.8861e-09,1,1,93,35,18,3,1,4,189,0.19
12,0.976955,11,6.8861e-09,6.8861e-09,1,1,93,35,18,3,1,4,189,0.282
12,0.976955,12,6.8861e-09,6.8861e-09,1,1,93,35,18,3,1,4,189,0.188
12,0.976955,13,6.8861e-09,6.8861e-09,1,1,93,35,18,3,1,4,189,0.188
12,0.976955,14,6.8861e-09,6.8861e-09,1,1,93,35,18,3,1,4,189,0.281
12,0.976955,15,6.8861e-09,6.8861e-09,1,1,93,35,18,3,1,4,189,0.2
12,0.976955,16,6.8861e-09,6.8861e-09,1,1,93,35,18,3,1,4,189,0.188
12,0.976955,17,6.8861e-09,6.8861e-09,1,1,93,35,18,3,1,4,189,0.279
12,0.976955,18,6.8861e-09,6.8861e-09,1,1,93,35,18,3,1,4,189,0.281
12,0.976955,19,6.8861e-09,6.8861e-09,1,1,93,35,18,3,1,4,189,0.19
12,0.976955,20,6.8861e-09,6.8861e-09,1,1,92,35,17,3,1,4,182,0.187
12,0.976955,21,6.8861e-09,6.8861e-09,1,1,92,35,17,3,1,4,182,0.281
12,0.976955,22,6.8861e-09,6.8861e-09,1,1,92,35,17,3,1,4,182,0.193
12,0.976955,23,6.8861e-09,6.8861e-09,1,1,92,35,17,3,1,4,182,0.192
12,0.976955,24,6.8861e-09,6.8861e-09,1,1,93,35,18,3,1,4,189,0.279
12,0.976955,25,6.8861e-09,6.8861e-09,1,1,93,35,18,3,1,4,189,0.191
12,0.976955,26,6.8861e-09,6.8861e-09,1,1,93,35,18,3,1,4,189,0.188
12,0.976955,27,6.8861e-09,6.8861e-09,1,1,93,35,18,3,1,4,189,0.279
12,0.976955,28,6.8861e-09,6.8861e-09,1,1,90,35,16,3,1,4,175,0.28
12,0.976955,29,6.8861e-09,6.8861e-09,1,1,92,35,17,3,1,4,182,0.188
12,0.976955,30,6.8861e-09,6.8861e-09,1,1,92,35,17,3,1,4,182,0.187
12,0.976955,31,6.8861e-09,6.8861e-09,1,1,90,35,16,3,1,4,175,0.279
12,0.976955,32,6.8861e-09,6.8861e-09,1,1,93,35,18,3,1,4,189,0.188
12,0.976955,33,6.8861e-09,6.8861e-09,1,1,93,35,18,3,1,4,189,0.188
12,0.976955,34,6.8861e-09,6.8861e-09,1,1,93,35,18,3,1,4,189,0.277
12,0.976955,35,6.8861e-09,6.8861e-09,1,1,93,35,18,3,1,4,189,0.187
12,1.08314,0,6.8861e-09,6.8861e-09,1,1,93,33,16,9,1,10,215,0.164
12,1.08314,1,6.8861e-09,6.8861e-09,1,1,93,33,16,9,1,10,215,0.245
12,1.08314,2,6.8861e-09,6.8861e-09,1,1,93,33,16,9,1,10,215,0.244
12,1.08314,3,6.8861e-09,6.8861e-09,1,1,93,33,16,9,1,10,215,0.163
12,1.08314,4,6.8861e-09,6.8861e-09,1,1,93,33,16,9,1,10,215,0.166
12,1.08314,5,6.8861e-09,6.8861e-09,1,1,93,33,16,9,1,10,215,0.248
12,1.08314,6,6.8861e-09,6.8861e-09,1,1,93,33,16,9,1,10,215,0.172
12,1.08314,7,6.8861e-09,6.8861e-09,1,1,93,33,16,9,1,10,215,0.169
12,1.08314,8,6.8861e-09,6.8861e-09,1,1,93,33,16,9,1,10,215,0.246
12,1.08314,9,6.8861e-09,6.8861e-09,1,1,93,33,16,9,1,10,215,0.165
12,1.08314,10,6.8861e-09,6.8861e-09,1,1,93,33,16,9,1,10,215,0.167
12,1.08314,11,6.8861e-09,6.8861e-09,1,1,93,33,16,9,1,10,215,0.243
12,1.08314,12,6.8861e-09,6.8861e-09,1,1,93,33,16,9,1,10,215,0.242
12,1.08314,13,6.8861e-09,6.8861e-09,1,1,93,33,16,9,1,10,215,0.164
12,1.08314,14,6.8861e-09,6.8861e-09,1,1,93,33,16,9,1,10,215,0.164
12,1.08314,15,6.8861e-09,6.8861e-09,1,1,93,33,16,9,1,10,215,0.243
12,1.08314,16,6.8861e-09,6.8861e-09,1,1,93,35,14,9,1,10,203,0.169
12,1.08314,17,6.8861e-09,6.8861e-09,1,1,93,35,14,9,1,10,203,0.165
12,1.08314,18,6.8861e-09,6.8861e-09,1,1,93,35,14,9,1,10,203,0.246
12,1.08314,19,6.8861e-09,6.8861e-09,1,1,93,35,14,9,1,10,203,0.166
12,1.08314,20,6.8861e-09,6.8861e-09,1,1,93,33,16,9,1,10,215,0.166
12,1.08314,21,6.8861e-09,6.8861e-09,1,1,93,33,16,9,1,10,215,0.244
12,1.08314,22,6.8861e-09,6.8861e-09,1,1,93,33,16,9,1,10,215,0.244
12,1.08314,23,6.8861e-09,6.8861e-09,1,1,93,33,16,9,1,10,215,0.163
12,1.08314,24,6.8861e-09,6.8861e-09,1,1,93,35,14,9,1,10,203,0.167
12,1.08314,25,6.8861e-09,6.8861e-09,1,1,93,35,14,9,1,10,203,0.246
12,1.08314,26,6.8861e-09,6.8861e-09,1,1,93,35,14,9,1,10,203,0.178
12,1.08314,27,6.8861e-09,6.8861e-09,1,1,93,35,14,9,1,10,203,0.169
12,1.08314,28,6.8861e-09,6.8861e-09,1,1,93,33,16,9,1,10,215,0.243
12,1.08314,29,6.8861e-09,6.8861e-09,1,1,93,33,16,9,1,10,215,0.167
12,1.08314,30,6.8861e-09,6.8861e-09,1,1,93,33,16,9,1,10,215,0.165
12,1.08314,31,6.8861e-09,6.8861e-09,1,1,93,33,16,9,1,10,215,0.246
12,1.08314,32,6.8861e-09,6.8861e-09,1,1,93,35,14,9,1,10,203,0.247
12,1.08314,33,6.8861e-09,6.8861e-09,1,1,93,35,14,9,1,10,203,0.176
12,1.08314,34,6.8861e-09,6.8861e-09,1,1,93,35,14,9,1,10,203,0.167
12,1.08314,35,6.8861e-09,6.8861e-09,1,1,93,35,14,9,1,10,203,0.249
12,1.19092,0,6.8861e-09,6.8861e-09,1,1,80,26,14,12,1,13,215,0.267
12,1.19092,1,6.8861e-09,6.8861e-09,1,1,80,26,14,12,1,13,215,0.19
12,1.19092,2,6.8861e-09,6.8861e-09,1,1,80,26,14,12,1,13,215,0.182
12,1.19092,3,6.8861e-09,6.8861e-09,1,1,80,26,14,12,1,13,215,0.268
12,1.19092,4,6.8861e-09,6.8861e-09,1,1,80,26,14,12,1,13,215,0.177
12,1.19092,5,6.8861e-09,6.8861e-09,1,1,80,26,14,12,1,13,215,0.178
12,1.19092,6,6.8861e-09,6.8861e-09,1,1,80,26,14,12,1,13,215,0.267
12,1.19092,7,6.8861e-09,6.8861e-09,1,1,80,26,14,12,1,13,215,0.182
12,1.19092,8,6.8861e-09,6.8861e-09,1,1,80,26,14,12,1,13,215,0.183
12,1.19092,9,6.8861e-09,6.8861e-09,1,1,80,26,14,12,1,13,215,0.265
12,1.19092,10,6.8861e-09,6.8861e-09,1,1,80,26,14,12,1,13,215,0.266
12,1.19092,11,6.8861e-09,6.8861e-09,1,1,80,26,14,12,1,13,215,0.183
12,1.19092,12,6.8861e-09,6.8861e-09,1,1,80,28,12,12,1,13,203,0.184
12,1.19092,13,6.8861e-09,6.8861e-09,1,1,80,28,12,12,1,13,203,0.265
12,1.19092,14,6.8861e-09,6.8861e-09,1,1,80,28,12,12,1,13,203,0.183
12,1.19092,15,6.8861e-09,6.8861e-09,1,1,80,28,12,12,1,13,203,0.179
12,1.19092,16,6.8861e-09,6.8861e-09,1,1,80,26,14,12,1,13,215,0.263
12,1.19092,17,6.8861e-09,6.8861e-09,1,1,80,26,14,12,1,13,215,0.179
12,1.19092,18,6.8861e-09,6.8861e-09,1,1,80,26,14,12,1,13,215,0.18
12,1.19092,19,6.8861e-09,6.8861e-09,1,1,80,26,14,12,1,13,215,0.264
12,1.19092,20,6.8861e-09,6.8861e-09,1,1,80,26,14,12,1,13,215,0.265
12,1.19092,21,6.8861e-09,6.8861e-09,1,1,80,26,14,12,1,13,215,0.179
12,1.19092,22,6.8861e-09,6.8861e-09,1,1,80,26,14,12,1,13,215,0.178
12,1.19092,23,6.8861e-09,6.8861e-09,1,1,80,26,14,12,1,13,215,0.265
12,1.19092,24,6.8861e-09,6.8861e-09,1,1,80,26,14,12,1,13,215,0.18
12,1.19092,25,6.8861e-09,6.8861e-09,1,1,80,26,14,12,1,13,215,0.18
12,1.19092,26,6.8861e-09,6.8861e-09,1,1,80,26,14,12,1,13,215,0.266
12,1.19092,27,6.8861e-09,6.8861e-09,1,1,80,26,14,12,1,13,215,0.183
12,1.19092,28,6.8861e-09,6.8861e-09,1,1,80,28,12,12,1,13,203,0.189
12,1.19092,29,6.8861e-09,6.8861e-09,1,1,80,28,12,12,1,13,203,0.265
12,1.19092,30,6.8861e-09,6.8861e-09,1,1,80,28,12,12,1,13,203,0.265
12,1.19092,31,6.8861e-09,6.8861e-09,1,1,80,28,12,12,1,13,203,0.183
12,1.19092,32,6.8861e-09,6.8861e-09,1,1,80,28,12,12,1,13,203,0.179
12,1.19092,33,6.8861e-09,6.8861e-09,1,1,80,28,12,12,1,13,203,0.266
12,1.19092,34,6.8861e-09,6.8861e-09,1,1,80,28,12,12,1,13,203,0.182
12,1.19092,35,6.8861e-09,6.8861e-09,1,1,80,28,12,12,1,13,203,0.18
12,1.30261,0,6.8861e-09,6.8861e-09,1,1,88,33,10,10,1,11,180,0.266
12,1.30261,1,6.8861e-09,6.8861e-09,1,1,86,33,10,9,0,9,166,0.179
12,1.30261,2,6.8861e-09,6.8861e-09,1,1,88,33,10,10,1,11,180,0.179
12,1.30261,3,6.8861e-09,6.8861e-09,1,1,86,33,10,9,0,9,166,0.265
12,1.30261,4,6.8861e-09,6.8861e-09,1,1,87,33,9,10,1,11,173,0.266
12,1.30261,5,6.8861e-09,6.8861e-09,1,1,85,33,9,9,0,9,159,0.18
12,1.30261,6,6.8861e-09,6.8861e-09,1,1,85,33,9,9,0,9,159,0.178
12,1.30261,7,6.8861e-09,6.8861e-09,1,1,87,33,9,10,1,11,173,0.267
12,1.30261,8,6.8861e-09,6.8861e-09,1,1,88,33,10,10,1,11,180,0.179
12,1.30261,9,6.8861e-09,6.8861e-09,1,1,86,33,10,9,0,9,166,0.179
12,1.30261,10,6.8861e-09,6.8861e-09,1,1,88,33,10,10,1,11,180,0.266
12,1.30261,11,6.8861e-09,6.8861e-09,1,1,86,33,10,9,0,9,166,0.182
12,1.30261,12,6.8861e-09,6.8861e-09,1,1,86,33,10,9,0,9,166,0.179
12,1.30261,13,6.8861e-09,6.8861e-09,1,1,88,33,10,10,1,11,180,0.268
12,1.30261,14,6.8861e-09,6.8861e-09,1,1,86,33,10,9,0,9,166,0.269
12,1.30261,15,6.8861e-09,6.8861e-09,1,1,88,33,10,10,1,11,180,0.18
12,1.30261,16,6.8861e-09,6.8861e-09,1,1,87,33,9,10,1,11,173,0.18
12,1.30261,17,6.8861e-09,6.8861e-09,1,1,85,33,9,9,0,9,159,0.266
12,1.30261,18,6.8861e-09,6.8861e-09,1,1,85,33,9,9,0,9,159,0.177
12,1.30261,19,6.8861e-09,6.8861e-09,1,1,87,33,9,10,1,11,173,0.181
12,1.30261,20,6.8861e-09,6.8861e-09,1,1,88,33,10,10,1,11,180,0.267
12,1.30261,21,6.8861e-09,6.8861e-09,1,1,86,33,10,9,0,9,166,0.183
12,1.30261,22,6.8861e-09,6.8861e-09,1,1,86,33,10,9,0,9,166,0.181
12,1.30261,23,6.8861e-09,6.8861e-09,1,1,88,33,10,10,1,11,180,0.266
12,1.30261,24,6.8861e-09,6.8861e-09,1,1,86,33,10,9,0,9,166,0.267
12,1.30261,25,6.8861e-09,6.8861e-09,1,1,88,33,10,10,1,11,180,0.178
12,1.30261,26,6.8861e-09,6.8861e-09,1,1,88,33,10,10,1,11,180,0.179
12,1.30261,27,6.8861e-09,6.8861e-09,1,1,86,33,10,9,0,9,166,0.264
12,1.30261,28,6.8861e-09,6.8861e-09,1,1,88,33,10,10,1,11,180,0.178
12,1.30261,29,6.8861e-09,6.8861e-09,1,1,86,33,10,9,0,9,166,0.179
12,1.30261,30,6.8861e-09,6.8861e-09,1,1,86,33,10,9,0,9,166,0.265
12,1.30261,31,6.8861e-09,6.8861e-09,1,1,88,33,10,10,1,11,180,0.179
12,1.30261,32,6.8861e-09,6.8861e-09,1,1,87,33,9,10,1,11,173,0.178
12,1.30261,33,6.8861e-09,6.8861e-09,1,1,85,33,9,9,0,9,159,0.267
12,1.30261,34,6.8861e-09,6.8861e-09,1,1,85,33,9,9,0,9,159,0.268
12,1.30261,35,6.8861e-09,6.8861e-09,1,1,87,33,9,10,1,11,173,0.18
12,1.4097,0,6.8861e-09,6.8861e-09,1,1,87,33,14,6,0,6,173,0.201
12,1.4097,1,6.8861e-09,6.8861e-09,1,1,89,33,14,7,1,8,187,0.295
12,1.4097,2,6.8861e-09,6.8861e-09,1,1,89,33,14,7,1,8,187,0.208
12,1.4097,3,6.8861e-09,6.8861e-09,1,1,87,33,14,6,0,6,173,0.297
12,1.4097,4,6.8861e-09,6.8861e-09,1,1,89,33,14,7,1,8,187,0.202
12,1.4097,5,6.8861e-09,6.8861e-09,1,1,87,33,14,6,0,6,173,0.205
12,1.4097,6,6.8861e-09,6.8861e-09,1,1,87,33,14,6,0,6,173,0.205
12,1.4097,7,6.8861e-09,6.8861e-09,1,1,89,33,14,7,1,8,187,0.295
12,1.4097,8,6.8861e-09,6.8861e-09,1,1,87,35,12,6,0,6,161,0.295
12,1.4097,9,6.8861e-09,6.8861e-09,1,1,89,35,12,7,1,8,175,0.207
12,1.4097,10,6.8861e-09,6.8861e-09,1,1,87,35,12,6,0,6,161,0.206
12,1.4097,11,6.8861e-09,6.8861e-09,1,1,89,35,12,7,1,8,175,0.298
12,1.4097,12,6.8861e-09,6.8861e-09,1,1,89,35,12,7,1,8,175,0.296
12,1.4097,13,6.8861e-09,6.8861e-09,1,1,87,35,12,6,0,6,161,0.2
12,1.4097,14,6.8861e-09,6.8861e-09,1,1,87,35,12,6,0,6,161,0.201
12,1.4097,15,6.8861e-09,6.8861e-09,1,1,89,35,12,7,1,8,175,0.297
12,1.4097,16,6.8861e-09,6.8861e-09,1,1,87,33,14,6,0,6,173,0.203
12,1.4097,17,6.8861e-09,6.8861e-09,1,1,89,33,14,7,1,8,187,0.202
12,1.4097,18,6.8861e-09,6.8861e-09,1,1,87,33,14,6,0,6,173,0.295
12,1.4097,19,6.8861e-09,6.8861e-09,1,1,89,33,14,7,1,8,187,0.198
12,1.4097,20,6.8861e-09,6.8861e-09,1,1,87,33,14,6,0,6,173,0.199
12,1.4097,21,6.8861e-09,6.8861e-09,1,1,89,33,14,7,1,8,187,0.295
12,1.4097,22,6.8861e-09,6.8861e-09,1,1,89,33,14,7,1,8,187,0.293
12,1.4097,23,6.8861e-09,6.8861e-09,1,1,87,33,14,6,0,6,173,0.207
12,1.4097,24,6.8861e-09,6.8861e-09,1,1,87,33,14,6,0,6,173,0.202
12,1.4097,25,6.8861e-09,6.8861e-09,1,1,89,33,14,7,1,8,187,0.297
12,1.4097,26,6.8861e-09,6.8861e-09,1,1,87,33,14,6,0,6,173,0.198
12,1.4097,27,6.8861e-09,6.8861e-09,1,1,89,33,14,7,1,8,187,0.205
12,1.4097,28,6.8861e-09,6.8861e-09,1,1,89,33,14,7,1,8,187,0.296
12,1.4097,29,6.8861e-09,6.8861e-09,1,1,87,33,14,6,0,6,173,0.2
12,1.4097,30,6.8861e-09,6.8861e-09,1,1,87,33,14,6,0,6,173,0.203
12,1.4097,31,6.8861e-09,6.8861e-09,1,1,89,33,14,7,1,8,187,0.295
12,1.4097,32,6.8861e-09,6.8861e-09,1,1,89,35,12,7,1,8,175,0.295
12,1.4097,33,6.8861e-09,6.8861e-09,1,1,87,35,12,6,0,6,161,0.198
12,1.4097,34,6.8861e-09,6.8861e-09,1,1,87,35,12,6,0,6,161,0.198
12,1.4097,35,6.8861e-09,6.8861e-09,1,1,89,35,12,7,1,8,175,0.291
12,1.51797,0,6.8861e-09,6.8861e-09,1,1,92,33,16,8,1,9,208,0.189
12,1.51797,1,6.8861e-09,6.8861e-09,1,1,90,33,16,7,0,7,194,0.187
12,1.51797,2,6.8861e-09,6.8861e-09,1,1,90,33,16,7,0,7,194,0.267
12,1.51797,3,6.8861e-09,6.8861e-09,1,1,92,33,16,8,1,9,208,0.179
12,1.51797,4,6.8861e-09,6.8861e-09,1,1,90,35,14,7,0,7,182,0.176
12,1.51797,5,6.8861e-09,6.8861e-09,1,1,92,35,14,8,1,9,196,0.262
12,1.51797,6,6.8861e-09,6.8861e-09,1,1,90,35,14,7,0,7,182,0.264
12,1.51797,7,6.8861e-09,6.8861e-09,1,1,92,35,14,8,1,9,196,0.179
12,1.51797,8,6.8861e-09,6.8861e-09,1,1,92,33,16,8,1,9,208,0.178
12,1.51797,9,6.8861e-09,6.8861e-09,1,1,90,33,16,7,0,7,194,0.264
12,1.51797,10,6.8861e-09,6.8861e-09,1,1,92,33,16,8,1,9,208,0.183
12,1.51797,11,6.8861e-09,6.8861e-09,1,1,90,33,16,7,0,7,194,0.21
12,1.51797,12,6.8861e-09,6.8861e-09,1,1,92,35,14,8,1,9,196,0.264
12,1.51797,13,6.8861e-09,6.8861e-09,1,1,90,35,14,7,0,7,182,0.19
12,1.51797,14,6.8861e-09,6.8861e-09,1,1,92,35,14,8,1,9,196,0.195
12,1.51797,15,6.8861e-09,6.8861e-09,1,1,90,35,14,7,0,7,182,0.267
12,1.51797,16,6.8861e-09,6.8861e-09,1,1,90,33,16,7,0,7,194,0.267
12,1.51797,17,6.8861e-09,6.8861e-09,1,1,92,33,16,8,1,9,208,0.18
12,1.51797,18,6.8861e-09,6.8861e-09,1,1,90,33,16,7,0,7,194,0.18
12,1.51797,19,6.8861e-09,6.8861e-09,1,1,92,33,16,8,1,9,208,0.264
12,1.51797,20,6.8861e-09,6.8861e-09,1,1,90,33,16,7,0,7,194,0.175
12,1.51797,21,6.8861e-09,6.8861e-09,1,1,92,33,16,8,1,9,208,0.264
12,1.51797,22,6.8861e-09,6.8861e-09,1,1,92,33,16,8,1,9,208,0.177
12,1.51797,23,6.8861e-09,6.8861e-09,1,1,90,33,16,7,0,7,194,0.179
12,1.51797,24,6.8861e-09,6.8861e-09,1,1,90,33,16,7,0,7,194,0.179
12,1.51797,25,6.8861e-09,6.8861e-09,1,1,92,33,16,8,1,9,208,0.267
12,1.51797,26,6.8861e-09,6.8861e-09,1,1,92,33,16,8,1,9,208,0.27
12,1.51797,27,6.8861e-09,6.8861e-09,1,1,90,33,16,7,0,7,194,0.186
12,1.51797,28,6.8861e-09,6.8861e-09,1,1,92,33,16,8,1,9,208,0.183
12,1.51797,29,6.8861e-09,6.8861e-09,1,1,90,33,16,7,0,7,194,0.269
12,1.51797,30,6.8861e-09,6.8861e-09,1,1,90,33,16,7,0,7,194,0.188
12,1.51797,31,6.8861e-09,6.8861e-09,1,1,92,33,16,8,1,9,208,0.266
12,1.51797,32,6.8861e-09,6.8861e-09,1,1,92,35,14,8,1,9,196,0.178
12,1.51797,33,6.8861e-09,6.8861e-09,1,1,90,35,14,7,0,7,182,0.188
12,1.51797,34,6.8861e-09,6.8861e-09,1,1,92,35,14,8,1,9,196,0.271
12,1.51797,35,6.8861e-09,6.8861e-09,1,1,90,35,14,7,0,7,182,0.189
12,1.62358,0,6.8861e-09,6.8861e-09,1,1,89,31,18,7,1,8,213,0.275
12,1.62358,1,6.8861e-09,6.8861e-09,1,1,87,31,18,6,0,6,199,0.187
12,1.62358,2,6.8861e-09,6.8861e-09,1,1,87,31,18,6,0,6,199,0.188
12,1.62358,3,6.8861e-09,6.8861e-09,1,1,89,31,18,7,1,8,213,0.274
12,1.62358,4,6.8861e-09,6.8861e-09,1,1,87,31,18,6,0,6,199,0.272
12,1.62358,5,6.8861e-09,6.8861e-09,1,1,89,31,18,7,1,8,213,0.183
12,1.62358,6,6.8861e-09,6.8861e-09,1,1,87,31,18,6,0,6,199,0.185
12,1.62358,7,6.8861e-09,6.8861e-09,1,1,89,31,18,7,1,8,213,0.184
12,1.62358,8,6.8861e-09,6.8861e-09,1,1,87,33,16,6,0,6,187,0.27
12,1.62358,9,6.8861e-09,6.8861e-09,1,1,89,33,16,7,1,8,201,0.185
12,1.62358,10,6.8861e-09,6.8861e-09,1,1,87,33,16,6,0,6,187,0.271
12,1.62358,11,6.8861e-09,6.8861e-09,1,1,89,33,16,7,1,8,201,0.188
12,1.62358,12,6.8861e-09,6.8861e-09,1,1,89,31,18,7,1,8,213,0.184
12,1.62358,13,6.8861e-09,6.8861e-09,1,1,87,31,18,6,0,6,199,0.27
12,1.62358,14,6.8861e-09,6.8861e-09,1,1,87,31,18,6,0,6,199,0.27
12,1.62358,15,6.8861e-09,6.8861e-09,1,1,89,31,18,7,1,8,213,0.182
12,1.62358,16,6.8861e-09,6.8861e-09,1,1,89,31,18,7,1,8,213,0.188
12,1.62358,17,6.8861e-09,6.8861e-09,1,1,87,31,18,6,0,6,199,0.2
12,1.62358,18,6.8861e-09,6.8861e-09,1,1,89,31,18,7,1,8,213,0.273
12,1.62358,19,6.8861e-09,6.8861e-09,1,1,87,31,18,6,0,6,199,0.188
12,1.62358,20,6.8861e-09,6.8861e-09,1,1,89,31,18,7,1,8,213,0.273
12,1.62358,21,6.8861e-09,6.8861e-09,1,1,87,31,18,6,0,6,199,0.19
12,1.62358,22,6.8861e-09,6.8861e-09,1,1,87,31,18,6,0,6,199,0.206
12,1.62358,23,6.8861e-09,6.8861e-09,1,1,89,31,18,7,1,8,213,0.27
12,1.62358,24,6.8861e-09,6.8861e-09,1,1,89,33,16,7,1,8,201,0.269
12,1.62358,25,6.8861e-09,6.8861e-09,1,1,87,33,16,6,0,6,187,0.185
12,1.62358,26,6.8861e-09,6.8861e-09,1,1,87,33,16,6,0,6,187,0.187
12,1.62358,27,6.8861e-09,6.8861e-09,1,1,89,33,16,7,1,8,201,0.271
12,1.62358,28,6.8861e-09,6.8861e-09,1,1,89,33,16,7,1,8,201,0.188
12,1.62358,29,6.8861e-09,6.8861e-09,1,1,87,33,16,6,0,6,187,0.271
12,1.62358,30,6.8861e-09,6.8861e-09,1,1,89,33,16,7,1,8,201,0.209
12,1.62358,31,6.8861e-09,6.8861e-09,1,1,87,33,16,6,0,6,187,0.187
12,1.62358,32,6.8861e-09,6.8861e-09,1,1,87,31,18,6,0,6,199,0.275
12,1.62358,33,6.8861e-09,6.8861e-09,1,1,89,31,18,7,1,8,213,0.2
12,1.62358,34,6.8861e-09,6.8861e-09,1,1,89,31,18,7,1,8,213,0.272
12,1.62358,35,6.8861e-09,6.8861e-09,1,1,87,31,18,6,0,6,199,0.191
12,1.73265,0,6.8861e-09,6.8861e-09,1,1,94,35,13,9,1,10,196,0.177
12,1.73265,1,6.8861e-09,6.8861e-09,1,1,92,35,13,8,0,8,182,0.251
12,1.73265,2,6.8861e-09,6.8861e-09,1,1,90,35,12,8,0,8,175,0.167
12,1.73265,3,6.8861e-09,6.8861e-09,1,1,92,35,12,9,1,10,189,0.249
12,1.73265,4,6.8861e-09,6.8861e-09,1,1,95,35,14,9,1,10,203,0.168
12,1.73265,5,6.8861e-09,6.8861e-09,1,1,93,35,14,8,0,8,189,0.168
12,1.73265,6,6.8861e-09,6.8861e-09,1,1,95,35,14,9,1,10,203,0.248
12,1.73265,7,6.8861e-09,6.8861e-09,1,1,93,35,14,8,0,8,189,0.166
12,1.73265,8,6.8861e-09,6.8861e-09,1,1,93,35,14,8,0,8,189,0.249
12,1.73265,9,6.8861e-09,6.8861e-09,1,1,95,35,14,9,1,10,203,0.168
12,1.73265,10,6.8861e-09,6.8861e-09,1,1,93,35,14,8,0,8,189,0.172
12,1.73265,11,6.8861e-09,6.8861e-09,1,1,95,35,14,9,1,10,203,0.252
12,1.73265,12,6.8861e-09,6.8861e-09,1,1,92,35,13,8,0,8,182,0.172
12,1.73265,13,6.8861e-09,6.8861e-09,1,1,94,35,13,9,1,10,196,0.251
12,1.73265,14,6.8861e-09,6.8861e-09,1,1,92,35,12,9,1,10,189,0.169
12,1.73265,15,6.8861e-09,6.8861e-09,1,1,90,35,12,8,0,8,175,0.165
12,1.73265,16,6.8861e-09,6.8861e-09,1,1,93,35,14,8,0,8,189,0.249
12,1.73265,17,6.8861e-09,6.8861e-09,1,1,95,35,14,9,1,10,203,0.168
12,1.73265,18,6.8861e-09,6.8861e-09,1,1,93,35,14,8,0,8,189,0.249
12,1.73265,19,6.8861e-09,6.8861e-09,1,1,95,35,14,9,1,10,203,0.169
12,1.73265,20,6.8861e-09,6.8861e-09,1,1,95,35,14,9,1,10,203,0.167
12,1.73265,21,6.8861e-09,6.8861e-09,1,1,93,35,14,8,0,8,189,0.249
12,1.73265,22,6.8861e-09,6.8861e-09,1,1,95,35,14,9,1,10,203,0.171
12,1.73265,23,6.8861e-09,6.8861e-09,1,1,93,35,14,8,0,8,189,0.252
12,1.73265,24,6.8861e-09,6.8861e-09,1,1,95,35,14,9,1,10,203,0.178
12,1.73265,25,6.8861e-09,6.8861e-09,1,1,93,35,14,8,0,8,189,0.168
12,1.73265,26,6.8861e-09,6.8861e-09,1,1,93,35,14,8,0,8,189,0.251
12,1.73265,27,6.8861e-09,6.8861e-09,1,1,95,35,14,9,1,10,203,0.17
12,1.73265,28,6.8861e-09,6.8861e-09,1,1,92,35,12,9,1,10,189,0.248
12,1.73265,29,6.8861e-09,6.8861e-09,1,1,90,35,12,8,0,8,175,0.17
12,1.73265,30,6.8861e-09,6.8861e-09,1,1,92,35,13,8,0,8,182,0.171
12,1.73265,31,6.8861e-09,6.8861e-09,1,1,94,35,13,9,1,10,196,0.251
12,1.73265,32,6.8861e-09,6.8861e-09,1,1,95,35,14,9,1,10,203,0.248
12,1.73265,33,6.8861e-09,6.8861e-09,1,1,93,35,14,8,0,8,189,0.173
12,1.73265,34,6.8861e-09,6.8861e-09,1,1,95,35,14,9,1,10,203,0.169
12,1.73265,35,6.8861e-09,6.8861e-09,1,1,93,35,14,8,0,8,189,0.169
12,1.84299,0,6.8861e-09,6.8861e-09,1,1,91,35,14,7,1,8,189,0.276
12,1.84299,1,6.8861e-09,6.8861e-09,1,1,89,35,14,6,0,6,175,0.276
12,1.84299,2,6.8861e-09,6.8861e-09,1,1,89,35,14,6,0,6,175,0.187
12,1.84299,3,6.8861e-09,6.8861e-09,1,1,91,35,14,7,1,8,189,0.185
12,1.84299,4,6.8861e-09,6.8861e-09,1,1,89,33,16,6,0,6,187,0.187
12,1.84299,5,6.8861e-09,6.8861e-09,1,1,91,33,16,7,1,8,201,0.275
12,1.84299,6,6.8861e-09,6.8861e-09,1,1,91,33,16,7,1,8,201,0.275
12,1.84299,7,6.8861e-09,6.8861e-09,1,1,89,33,16,6,0,6,187,0.193
12,1.84299,8,6.8861e-09,6.8861e-09,1,1,91,33,16,7,1,8,201,0.185
12,1.84299,9,6.8861e-09,6.8861e-09,1,1,89,33,16,6,0,6,187,0.186
12,1.84299,10,6.8861e-09,6.8861e-09,1,1,91,33,16,7,1,8,201,0.278
12,1.84299,11,6.8861e-09,6.8861e-09,1,1,89,33,16,6,0,6,187,0.277
12,1.84299,12,6.8861e-09,6.8861e-09,1,1,91,33,16,7,1,8,201,0.189
12,1.84299,13,6.8861e-09,6.8861e-09,1,1,89,33,16,6,0,6,187,0.187
12,1.84299,14,6.8861e-09,6.8861e-09,1,1,89,33,16,6,0,6,187,0.188
12,1.84299,15,6.8861e-09,6.8861e-09,1,1,91,33,16,7,1,8,201,0.276
12,1.84299,16,6.8861e-09,6.8861e-09,1,1,91,35,14,7,1,8,189,0.279
12,1.84299,17,6.8861e-09,6.8861e-09,1,1,89,35,14,6,0,6,175,0.185
12,1.84299,18,6.8861e-09,6.8861e-09,1,1,91,35,14,7,1,8,189,0.187
12,1.84299,19,6.8861e-09,6.8861e-09,1,1,89,35,14,6,0,6,175,0.185
12,1.84299,20,6.8861e-09,6.8861e-09,1,1,91,33,16,7,1,8,201,0.277
12,1.84299,21,6.8861e-09,6.8861e-09,1,1,89,33,16,6,0,6,187,0.276
12,1.84299,22,6.8861e-09,6.8861e-09,1,1,89,33,16,6,0,6,187,0.19
12,1.84299,23,6.8861e-09,6.8861e-09,1,1,91,33,16,7,1,8,201,0.187
12,1.84299,24,6.8861e-09,6.8861e-09,1,1,89,33,16,6,0,6,187,0.187
12,1.84299,25,6.8861e-09,6.8861e-09,1,1,91,33,16,7,1,8,201,0.278
12,1.84299,26,6.8861e-09,6.8861e-09,1,1,89,33,16,6,0,6,187,0.275
12,1.84299,27,6.8861e-09,6.8861e-09,1,1,91,33,16,7,1,8,201,0.186
12,1.84299,28,6.8861e-09,6.8861e-09,1,1,89,33,16,6,0,6,187,0.186
12,1.84299,29,6.8861e-09,6.8861e-09,1,1,91,33,16,7,1,8,201,0.184
12,1.84299,30,6.8861e-09,6.8861e-09,1,1,89,33,16,6,0,6,187,0.274
12,1.84299,31,6.8861e-09,6.8861e-09,1,1,91,33,16,7,1,8,201,0.274
12,1.84299,32,6.8861e-09,6.8861e-09,1,1,91,35,14,7,1,8,189,0.188
12,1.84299,33,6.8861e-09,6.8861e-09,1,1,89,35,14,6,0,6,175,0.185
12,1.84299,34,6.8861e-09,6.8861e-09,1,1,89,35,14,6,0,6,175,0.277
12,1.84299,35,6.8861e-09,6.8861e-09,1,1,91,35,14,7,1,8,189,0.187
12,1.94627,0,6.8861e-09,6.8861e-09,1,1,94,35,15,7,1,8,196,0.257
12,1.94627,1,6.8861e-09,6.8861e-09,1,1,92,35,15,6,0,6,182,0.173
12,1.94627,2,6.8861e-09,6.8861e-09,1,1,92,35,15,6,0,6,182,0.172
12,1.94627,3,6.8861e-09,6.8861e-09,1,1,94,35,15,7,1,8,196,0.173
12,1.94627,4,6.8861e-09,6.8861e-09,1,1,94,35,15,7,1,8,196,0.256
12,1.94627,5,6.8861e-09,6.8861e-09,1,1,92,35,15,6,0,6,182,0.255
12,1.94627,6,6.8861e-09,6.8861e-09,1,1,92,35,15,6,0,6,182,0.172
12,1.94627,7,6.8861e-09,6.8861e-09,1,1,94,35,15,7,1,8,196,0.171
12,1.94627,8,6.8861e-09,6.8861e-09,1,1,93,35,16,6,0,6,189,0.255
12,1.94627,9,6.8861e-09,6.8861e-09,1,1,95,35,16,7,1,8,203,0.171
12,1.94627,10,6.8861e-09,6.8861e-09,1,1,95,35,16,7,1,8,203,0.257
12,1.94627,11,6.8861e-09,6.8861e-09,1,1,93,35,16,6,0,6,189,0.174
12,1.94627,12,6.8861e-09,6.8861e-09,1,1,94,35,15,7,1,8,196,0.176
12,1.94627,13,6.8861e-09,6.8861e-09,1,1,92,35,15,6,0,6,182,0.172
12,1.94627,14,6.8861e-09,6.8861e-09,1,1,94,35,15,7,1,8,196,0.255
12,1.94627,15,6.8861e-09,6.8861e-09,1,1,92,35,15,6,0,6,182,0.255
12,1.94627,16,6.8861e-09,6.8861e-09,1,1,95,35,16,7,1,8,203,0.171
12,1.94627,17,6.8861e-09,6.8861e-09,1,1,93,35,16,6,0,6,189,0.173
12,1.94627,18,6.8861e-09,6.8861e-09,1,1,93,35,16,6,0,6,189,0.256
12,1.94627,19,6.8861e-09,6.8861e-09,1,1,95,35,16,7,1,8,203,0.183
12,1.94627,20,6.8861e-09,6.8861e-09,1,1,95,35,16,7,1,8,203,0.255
12,1.94627,21,6.8861e-09,6.8861e-09,1,1,93,35,16,6,0,6,189,0.172
12,1.94627,22,6.8861e-09,6.8861e-09,1,1,95,35,16,7,1,8,203,0.171
12,1.94627,23,6.8861e-09,6.8861e-09,1,1,93,35,16,6,0,6,189,0.171
12,1.94627,24,6.8861e-09,6.8861e-09,1,1,93,35,16,6,0,6,189,0.253
12,1.94627,25,6.8861e-09,6.8861e-09,1,1,95,35,16,7,1,8,203,0.253
12,1.94627,26,6.8861e-09,6.8861e-09,1,1,93,35,16,6,0,6,189,0.172
12,1.94627,27,6.8861e-09,6.8861e-09,1,1,95,35,16,7,1,8,203,0.177
12,1.94627,28,6.8861e-09,6.8861e-09,1,1,95,35,16,7,1,8,203,0.254
12,1.94627,29,6.8861e-09,6.8861e-09,1,1,93,35,16,6,0,6,189,0.171
12,1.94627,30,6.8861e-09,6.8861e-09,1,1,93,35,16,6,0,6,189,0.254
12,1.94627,31,6.8861e-09,6.8861e-09,1,1,95,35,16,7,1,8,203,0.173
12,1.94627,32,6.8861e-09,6.8861e-09,1,1,95,35,16,7,1,8,203,0.173
12,1.94627,33,6.8861e-09,6.8861e-09,1,1,93,35,16,6,0,6,189,0.256
12,1.94627,34,6.8861e-09,6.8861e-09,1,1,95,35,16,7,1,8,203,0.173
12,1.94627,35,6.8861e-09,6.8861e-09,1,1,93,35,16,6,0,6,189,0.255
12,2.05713,0,6.8861e-09,6.8861e-09,1,1,89,31,18,7,1,8,213,0.191
12,2.05713,1,6.8861e-09,6.8861e-09,1,1,87,31,18,6,0,6,199,0.19
12,2.05713,2,6.8861e-09,6.8861e-09,1,1,89,31,18,7,1,8,213,0.281
12,2.05713,3,6.8861e-09,6.8861e-09,1,1,87,31,18,6,0,6,199,0.28
12,2.05713,4,6.8861e-09,6.8861e-09,1,1,88,31,17,7,1,8,206,0.187
12,2.05713,5,6.8861e-09,6.8861e-09,1,1,86,31,17,6,0,6,192,0.188
12,2.05713,6,6.8861e-09,6.8861e-09,1,1,86,31,17,6,0,6,192,0.195
12,2.05713,7,6.8861e-09,6.8861e-09,1,1,88,31,17,7,1,8,206,0.29
12,2.05713,8,6.8861e-09,6.8861e-09,1,1,86,31,17,6,0,6,192,0.285
12,2.05713,9,6.8861e-09,6.8861e-09,1,1,88,31,17,7,1,8,206,0.29
12,2.05713,10,6.8861e-09,6.8861e-09,1,1,88,31,17,7,1,8,206,0.196
12,2.05713,11,6.8861e-09,6.8861e-09,1,1,86,31,17,6,0,6,192,0.288
12,2.05713,12,6.8861e-09,6.8861e-09,1,1,89,31,18,7,1,8,213,0.242
12,2.05713,13,6.8861e-09,6.8861e-09,1,1,87,31,18,6,0,6,199,0.285
12,2.05713,14,6.8861e-09,6.8861e-09,1,1,89,31,18,7,1,8,213,0.195
12,2.05713,15,6.8861e-09,6.8861e-09,1,1,87,31,18,6,0,6,199,0.19
12,2.05713,16,6.8861e-09,6.8861e-09,1,1,87,31,18,6,0,6,199,0.189
12,2.05713,17,6.8861e-09,6.8861e-09,1,1,89,31,18,7,1,8,213,0.282
12,2.05713,18,6.8861e-09,6.8861e-09,1,1,87,31,18,6,0,6,199,0.282
12,2.05713,19,6.8861e-09,6.8861e-09,1,1,89,31,18,7,1,8,213,0.198
12,2.05713,20,6.8861e-09,6.8861e-09,1,1,87,31,18,6,0,6,199,0.192
12,2.05713,21,6.8861e-09,6.8861e-09,1,1,89,31,18,7,1,8,213,0.282
12,2.05713,22,6.8861e-09,6.8861e-09,1,1,87,31,18,6,0,6,199,0.282
12,2.05713,23,6.8861e-09,6.8861e-09,1,1,89,31,18,7,1,8,213,0.189
12,2.05713,24,6.8861e-09,6.8861e-09,1,1,89,31,18,7,1,8,213,0.186
12,2.05713,25,6.8861e-09,6.8861e-09,1,1,87,31,18,6,0,6,199,0.191
12,2.05713,26,6.8861e-09,6.8861e-09,1,1,87,31,18,6,0,6,199,0.19
12,2.05713,27,6.8861e-09,6.8861e-09,1,1,89,31,18,7,1,8,213,0.283
12,2.05713,28,6.8861e-09,6.8861e-09,1,1,88,31,17,7,1,8,206,0.283
12,2.05713,29,6.8861e-09,6.8861e-09,1,1,86,31,17,6,0,6,192,0.193
12,2.05713,30,6.8861e-09,6.8861e-09,1,1,86,31,17,6,0,6,192,0.19
12,2.05713,31,6.8861e-09,6.8861e-09,1,1,88,31,17,7,1,8,206,0.283
12,2.05713,32,6.8861e-09,6.8861e-09,1,1,87,31,18,6,0,6,199,0.284
12,2.05713,33,6.8861e-09,6.8861e-09,1,1,89,31,18,7,1,8,213,0.191
12,2.05713,34,6.8861e-09,6.8861e-09,1,1,87,31,18,6,0,6,199,0.192
12,2.05713,35,6.8861e-09,6.8861e-09,1,1,89,31,18,7,1,8,213,0.19
12,2.16671,0,6.8861e-09,6.8861e-09,1,1,93,35,14,8,0,8,189,0.17
12,2.16671,1,6.8861e-09,6.8861e-09,1,1,95,35,14,9,1,10,203,0.241
12,2.16671,2,6.8861e-09,6.8861e-09,1,1,93,35,14,8,0,8,189,0.241
12,2.16671,3,6.8861e-09,6.8861e-09,1,1,95,35,14,9,1,10,203,0.169
12,2.16671,4,6.8861e-09,6.8861e-09,1,1,93,37,12,8,0,8,177,0.163
12,2.16671,5,6.8861e-09,6.8861e-09,1,1,95,37,12,9,1,10,191,0.243
12,2.16671,6,6.8861e-09,6.8861e-09,1,1,95,37,12,9,1,10,191,0.246
12,2.16671,7,6.8861e-09,6.8861e-09,1,1,93,37,12,8,0,8,177,0.173
12,2.16671,8,6.8861e-09,6.8861e-09,1,1,93,37,12,8,0,8,177,0.174
12,2.16671,9,6.8861e-09,6.8861e-09,1,1,95,37,12,9,1,10,191,0.242
12,2.16671,10,6.8861e-09,6.8861e-09,1,1,95,37,12,9,1,10,191,0.162
12,2.16671,11,6.8861e-09,6.8861e-09,1,1,93,37,12,8,0,8,177,0.184
12,2.16671,12,6.8861e-09,6.8861e-09,1,1,93,35,14,8,0,8,189,0.242
12,2.16671,13,6.8861e-09,6.8861e-09,1,1,95,35,14,9,1,10,203,0.196
12,2.16671,14,6.8861e-09,6.8861e-09,1,1,95,35,14,9,1,10,203,0.176
12,2.16671,15,6.8861e-09,6.8861e-09,1,1,93,35,14,8,0,8,189,0.242
12,2.16671,16,6.8861e-09,6.8861e-09,1,1,93,35,14,8,0,8,189,0.242
12,2.16671,17,6.8861e-09,6.8861e-09,1,1,95,35,14,9,1,10,203,0.164
12,2.16671,18,6.8861e-09,6.8861e-09,1,1,95,35,14,9,1,10,203,0.164
12,2.16671,19,6.8861e-09,6.8861e-09,1,1,93,35,14,8,0,8,189,0.241
12,2.16671,20,6.8861e-09,6.8861e-09,1,1,95,35,14,9,1,10,203,0.239
12,2.16671,21,6.8861e-09,6.8861e-09,1,1,93,35,14,8,0,8,189,0.163
12,2.16671,22,6.8861e-09,6.8861e-09,1,1,93,35,14,8,0,8,189,0.163
12,2.16671,23,6.8861e-09,6.8861e-09,1,1,95,35,14,9,1,10,203,0.163
12,2.16671,24,6.8861e-09,6.8861e-09,1,1,95,35,14,9,1,10,203,0.161
12,2.16671,25,6.8861e-09,6.8861e-09,1,1,93,35,14,8,0,8,189,0.24
12,2.16671,26,6.8861e-09,6.8861e-09,1,1,95,35,14,9,1,10,203,0.241
12,2.16671,27,6.8861e-09,6.8861e-09,1,1,93,35,14,8,0,8,189,0.164
12,2.16671,28,6.8861e-09,6.8861e-09,1,1,95,35,14,9,1,10,203,0.163
12,2.16671,29,6.8861e-09,6.8861e-09,1,1,93,35,14,8,0,8,189,0.241
12,2.16671,30,6.8861e-09,6.8861e-09,1,1,93,35,14,8,0,8,189,0.24
12,2.16671,31,6.8861e-09,6.8861e-09,1,1,95,35,14,9,1,10,203,0.164
12,2.16671,32,6.8861e-09,6.8861e-09,1,1,95,37,12,9,1,10,191,0.161
12,2.16671,33,6.8861e-09,6.8861e-09,1,1,93,37,12,8,0,8,177,0.167
12,2.16671,34,6.8861e-09,6.8861e-09,1,1,95,37,12,9,1,10,191,0.164
12,2.16671,35,6.8861e-09,6.8861e-09,1,1,93,37,12,8,0,8,177,0.243
12,2.27875,0,6.8861e-09,6.8861e-09,1,1,99,39,14,5,1,6,179,0.259
12,2.27875,1,6.8861e-09,6.8861e-09,1,1,99,39,14,5,1,6,179,0.174
12,2.27875,2,6.8861e-09,6.8861e-09,1,1,99,39,14,5,1,6,179,0.172
12,2.27875,3,6.8861e-09,6.8861e-09,1,1,99,39,14,5,1,6,179,0.257
12,2.27875,4,6.8861e-09,6.8861e-09,1,1,99,39,14,5,1,6,179,0.257
12,2.27875,5,6.8861e-09,6.8861e-09,1,1,99,39,14,5,1,6,179,0.173
12,2.27875,6,6.8861e-09,6.8861e-09,1,1,99,39,14,5,1,6,179,0.171
12,2.27875,7,6.8861e-09,6.8861e-09,1,1,99,39,14,5,1,6,179,0.173
12,2.27875,8,6.8861e-09,6.8861e-09,1,1,98,39,13,5,1,6,172,0.169
12,2.27875,9,6.8861e-09,6.8861e-09,1,1,96,39,12,5,1,6,165,0.256
12,2.27875,10,6.8861e-09,6.8861e-09,1,1,98,39,13,5,1,6,172,0.256
12,2.27875,11,6.8861e-09,6.8861e-09,1,1,98,39,13,5,1,6,172,0.171
12,2.27875,12,6.8861e-09,6.8861e-09,1,1,99,39,14,5,1,6,179,0.174
12,2.27875,13,6.8861e-09,6.8861e-09,1,1,99,39,14,5,1,6,179,0.257
12,2.27875,14,6.8861e-09,6.8861e-09,1,1,99,39,14,5,1,6,179,0.258
12,2.27875,15,6.8861e-09,6.8861e-09,1,1,99,39,14,5,1,6,179,0.175
12,2.27875,16,6.8861e-09,6.8861e-09,1,1,96,39,12,5,1,6,165,0.173
12,2.27875,17,6.8861e-09,6.8861e-09,1,1,96,39,12,5,1,6,165,0.259
12,2.27875,18,6.8861e-09,6.8861e-09,1,1,98,39,13,5,1,6,172,0.172
12,2.27875,19,6.8861e-09,6.8861e-09,1,1,98,39,13,5,1,6,172,0.177
12,2.27875,20,6.8861e-09,6.8861e-09,1,1,99,39,14,5,1,6,179,0.261
12,2.27875,21,6.8861e-09,6.8861e-09,1,1,99,39,14,5,1,6,179,0.175
12,2.27875,22,6.8861e-09,6.8861e-09,1,1,99,39,14,5,1,6,179,0.176
12,2.27875,23,6.8861e-09,6.8861e-09,1,1,99,39,14,5,1,6,179,0.259
12,2.27875,24,6.8861e-09,6.8861e-09,1,1,99,39,14,5,1,6,179,0.259
12,2.27875,25,6.8861e-09,6.8861e-09,1,1,99,39,14,5,1,6,179,0.173
12,2.27875,26,6.8861e-09,6.8861e-09,1,1,99,39,14,5,1,6,179,0.177
12,2.27875,27,6.8861e-09,6.8861e-09,1,1,99,39,14,5,1,6,179,0.26
12,2.27875,28,6.8861e-09,6.8861e-09,1,1,99,39,14,5,1,6,179,0.177
12,2.27875,29,6.8861e-09,6.8861e-09,1,1,99,39,14,5,1,6,179,0.178
12,2.27875,30,6.8861e-09,6.8861e-09,1,1,99,39,14,5,1,6,179,0.26
12,2.27875,31,6.8861e-09,6.8861e-09,1,1,99,39,14,5,1,6,179,0.186
12,2.27875,32,6.8861e-09,6.8861e-09,1,1,96,39,12,5,1,6,165,0.185
12,2.27875,33,6.8861e-09,6.8861e-09,1,1,98,39,13,5,1,6,172,0.261
12,2.27875,34,6.8861e-09,6.8861e-09,1,1,96,39,12,5,1,6,165,0.259
12,2.27875,35,6.8861e-09,6.8861e-09,1,1,96,39,12,5,1,6,165,0.175
12,2.38101,0,6.8861e-09,6.8861e-09,1,1,103,41,10,9,1,10,181,0.15
12,2.38101,1,6.8861e-09,6.8861e-09,1,1,101,41,10,8,0,8,167,0.229
12,2.38101,2,6.8861e-09,6.8861e-09,1,1,101,41,10,8,0,8,167,0.158
12,2.38101,3,6.8861e-09,6.8861e-09,1,1,103,41,10,9,1,10,181,0.159
12,2.38101,4,6.8861e-09,6.8861e-09,1,1,102,41,9,9,1,10,174,0.229
12,2.38101,5,6.8861e-09,6.8861e-09,1,1,100,41,9,8,0,8,160,0.155
12,2.38101,6,6.8861e-09,6.8861e-09,1,1,100,41,9,8,0,8,160,0.152
12,2.38101,7,6.8861e-09,6.8861e-09,1,1,102,41,9,9,1,10,174,0.227
12,2.38101,8,6.8861e-09,6.8861e-09,1,1,101,41,10,8,0,8,167,0.227
12,2.38101,9,6.8861e-09,6.8861e-09,1,1,103,41,10,9,1,10,181,0.152
12,2.38101,10,6.8861e-09,6.8861e-09,1,1,103,41,10,9,1,10,181,0.152
12,2.38101,11,6.8861e-09,6.8861e-09,1,1,101,41,10,8,0,8,167,0.226
12,2.38101,12,6.8861e-09,6.8861e-09,1,1,102,41,9,9,1,10,174,0.153
12,2.38101,13,6.8861e-09,6.8861e-09,1,1,100,41,9,8,0,8,160,0.15
12,2.38101,14,6.8861e-09,6.8861e-09,1,1,100,41,9,8,0,8,160,0.225
12,2.38101,15,6.8861e-09,6.8861e-09,1,1,102,41,9,9,1,10,174,0.152
12,2.38101,16,6.8861e-09,6.8861e-09,1,1,101,41,10,8,0,8,167,0.151
12,2.38101,17,6.8861e-09,6.8861e-09,1,1,103,41,10,9,1,10,181,0.226
12,2.38101,18,6.8861e-09,6.8861e-09,1,1,103,41,10,9,1,10,181,0.225
12,2.38101,19,6.8861e-09,6.8861e-09,1,1,101,41,10,8,0,8,167,0.151
12,2.38101,20,6.8861e-09,6.8861e-09,1,1,101,41,10,8,0,8,167,0.157
12,2.38101,21,6.8861e-09,6.8861e-09,1,1,103,41,10,9,1,10,181,0.225
12,2.38101,22,6.8861e-09,6.8861e-09,1,1,101,41,10,8,0,8,167,0.153
12,2.38101,23,6.8861e-09,6.8861e-09,1,1,103,41,10,9,1,10,181,0.154
12,2.38101,24,6.8861e-09,6.8861e-09,1,1,103,41,10,9,1,10,181,0.226
12,2.38101,25,6.8861e-09,6.8861e-09,1,1,101,41,10,8,0,8,167,0.153
12,2.38101,26,6.8861e-09,6.8861e-09,1,1,103,41,10,9,1,10,181,0.15
12,2.38101,27,6.8861e-09,6.8861e-09,1,1,101,41,10,8,0,8,167,0.226
12,2.38101,28,6.8861e-09,6.8861e-09,1,1,103,41,10,9,1,10,181,0.226
12,2.38101,29,6.8861e-09,6.8861e-09,1,1,101,41,10,8,0,8,167,0.155
12,2.38101,30,6.8861e-09,6.8861e-09,1,1,101,41,10,8,0,8,167,0.152
12,2.38101,31,6.8861e-09,6.8861e-09,1,1,103,41,10,9,1,10,181,0.227
12,2.38101,32,6.8861e-09,6.8861e-09,1,1,100,41,9,8,0,8,160,0.154
12,2.38101,33,6.8861e-09,6.8861e-09,1,1,102,41,9,9,1,10,174,0.153
12,2.38101,34,6.8861e-09,6.8861e-09,1,1,100,41,9,8,0,8,160,0.227
12,2.38101,35,6.8861e-09,6.8861e-09,1,1,102,41,9,9,1,10,174,0.161
12,2.4921,0,6.8861e-09,6.8861e-09,1,1,99,39,12,7,1,8,179,0.154
12,2.4921,1,6.8861e-09,6.8861e-09,1,1,99,39,12,7,1,8,179,0.225
12,2.4921,2,6.8861e-09,6.8861e-09,1,1,99,39,12,7,1,8,179,0.225
12,2.4921,3,6.8861e-09,6.8861e-09,1,1,99,39,12,7,1,8,179,0.151
12,2.4921,4,6.8861e-09,6.8861e-09,1,1,99,41,10,7,1,8,167,0.154
12,2.4921,5,6.8861e-09,6.8861e-09,1,1,99,41,10,7,1,8,167,0.225
12,2.4921,6,6.8861e-09,6.8861e-09,1,1,99,41,10,7,1,8,167,0.226
12,2.4921,7,6.8861e-09,6.8861e-09,1,1,99,41,10,7,1,8,167,0.151
12,2.4921,8,6.8861e-09,6.8861e-09,1,1,99,41,10,7,1,8,167,0.151
12,2.4921,9,6.8861e-09,6.8861e-09,1,1,99,41,10,7,1,8,167,0.158
12,2.4921,10,6.8861e-09,6.8861e-09,1,1,99,41,10,7,1,8,167,0.156
12,2.4921,11,6.8861e-09,6.8861e-09,1,1,99,41,10,7,1,8,167,0.228
12,2.4921,12,6.8861e-09,6.8861e-09,1,1,99,39,12,7,1,8,179,0.227
12,2.4921,13,6.8861e-09,6.8861e-09,1,1,99,39,12,7,1,8,179,0.152
12,2.4921,14,6.8861e-09,6.8861e-09,1,1,99,39,12,7,1,8,179,0.155
12,2.4921,15,6.8861e-09,6.8861e-09,1,1,99,39,12,7,1,8,179,0.229
12,2.4921,16,6.8861e-09,6.8861e-09,1,1,99,39,12,7,1,8,179,0.226
12,2.4921,17,6.8861e-09,6.8861e-09,1,1,99,39,12,7,1,8,179,0.152
12,2.4921,18,6.8861e-09,6.8861e-09,1,1,99,39,12,7,1,8,179,0.171
12,2.4921,19,6.8861e-09,6.8861e-09,1,1,99,39,12,7,1,8,179,0.151
12,2.4921,20,6.8861e-09,6.8861e-09,1,1,99,39,12,7,1,8,179,0.226
12,2.4921,21,6.8861e-09,6.8861e-09,1,1,99,39,12,7,1,8,179,0.15
12,2.4921,22,6.8861e-09,6.8861e-09,1,1,99,39,12,7,1,8,179,0.226
12,2.4921,23,6.8861e-09,6.8861e-09,1,1,99,39,12,7,1,8,179,0.162
12,2.4921,24,6.8861e-09,6.8861e-09,1,1,99,39,12,7,1,8,179,0.16
12,2.4921,25,6.8861e-09,6.8861e-09,1,1,99,39,12,7,1,8,179,0.223
12,2.4921,26,6.8861e-09,6.8861e-09,1,1,99,39,12,7,1,8,179,0.222
12,2.4921,27,6.8861e-09,6.8861e-09,1,1,99,39,12,7,1,8,179,0.149
12,2.4921,28,6.8861e-09,6.8861e-09,1,1,99,41,10,7,1,8,167,0.153
12,2.4921,29,6.8861e-09,6.8861e-09,1,1,99,41,10,7,1,8,167,0.151
12,2.4921,30,6.8861e-09,6.8861e-09,1,1,99,41,10,7,1,8,167,0.226
12,2.4921,31,6.8861e-09,6.8861e-09,1,1,99,41,10,7,1,8,167,0.167
12,2.4921,32,6.8861e-09,6.8861e-09,1,1,99,39,12,7,1,8,179,0.224
12,2.4921,33,6.8861e-09,6.8861e-09,1,1,99,39,12,7,1,8,179,0.15
12,2.4921,34,6.8861e-09,6.8861e-09,1,1,99,39,12,7,1,8,179,0.15
12,2.4921,35,6.8861e-09,6.8861e-09,1,1,99,39,12,7,1,8,179,0.221
12,2.59838,0,6.8861e-09,6.8861e-09,1,1,92,34,14,8,1,9,195,0.263
12,2.59838,1,6.8861e-09,6.8861e-09,1,1,92,34,14,8,1,9,195,0.189
12,2.59838,2,6.8861e-09,6.8861e-09,1,1,92,34,14,8,1,9,195,0.181
12,2.59838,3,6.8861e-09,6.8861e-09,1,1,92,34,14,8,1,9,195,0.267
12,2.59838,4,6.8861e-09,6.8861e-09,1,1,92,34,14,8,1,9,195,0.179
12,2.59838,5,6.8861e-09,6.8861e-09,1,1,92,34,14,8,1,9,195,0.181
12,2.59838,6,6.8861e-09,6.8861e-09,1,1,92,34,14,8,1,9,195,0.265
12,2.59838,7,6.8861e-09,6.8861e-09,1,1,92,34,14,8,1,9,195,0.175
12,2.59838,8,6.8861e-09,6.8861e-09,1,1,92,34,14,8,1,9,195,0.179
12,2.59838,9,6.8861e-09,6.8861e-09,1,1,92,34,14,8,1,9,195,0.268
12,2.59838,10,6.8861e-09,6.8861e-09,1,1,92,34,14,8,1,9,195,0.264
12,2.59838,11,6.8861e-09,6.8861e-09,1,1,92,34,14,8,1,9,195,0.178
12,2.59838,12,6.8861e-09,6.8861e-09,1,1,92,34,14,8,1,9,195,0.178
12,2.59838,13,6.8861e-09,6.8861e-09,1,1,92,34,14,8,1,9,195,0.267
12,2.59838,14,6.8861e-09,6.8861e-09,1,1,92,34,14,8,1,9,195,0.182
12,2.59838,15,6.8861e-09,6.8861e-09,1,1,92,34,14,8,1,9,195,0.184
12,2.59838,16,6.8861e-09,6.8861e-09,1,1,92,36,12,8,1,9,183,0.267
12,2.59838,17,6.8861e-09,6.8861e-09,1,1,92,36,12,8,1,9,183,0.18
12,2.59838,18,6.8861e-09,6.8861e-09,1,1,92,36,12,8,1,9,183,0.183
12,2.59838,19,6.8861e-09,6.8861e-09,1,1,92,36,12,8,1,9,183,0.268
12,2.59838,20,6.8861e-09,6.8861e-09,1,1,92,36,12,8,1,9,183,0.272
12,2.59838,21,6.8861e-09,6.8861e-09,1,1,92,36,12,8,1,9,183,0.184
12,2.59838,22,6.8861e-09,6.8861e-09,1,1,92,36,12,8,1,9,183,0.19
12,2.59838,23,6.8861e-09,6.8861e-09,1,1,92,36,12,8,1,9,183,0.273
12,2.59838,24,6.8861e-09,6.8861e-09,1,1,92,34,14,8,1,9,195,0.189
12,2.59838,25,6.8861e-09,6.8861e-09,1,1,92,34,14,8,1,9,195,0.272
12,2.59838,26,6.8861e-09,6.8861e-09,1,1,92,34,14,8,1,9,195,0.194
12,2.59838,27,6.8861e-09,6.8861e-09,1,1,92,34,14,8,1,9,195,0.24
12,2.59838,28,6.8861e-09,6.8861e-09,1,1,92,36,12,8,1,9,183,0.278
12,2.59838,29,6.8861e-09,6.8861e-09,1,1,92,36,12,8,1,9,183,0.241
12,2.59838,30,6.8861e-09,6.8861e-09,1,1,92,36,12,8,1,9,183,0.276
12,2.59838,31,6.8861e-09,6.8861e-09,1,1,92,36,12,8,1,9,183,0.199
12,2.59838,32,6.8861e-09,6.8861e-09,1,1,92,34,14,8,1,9,195,0.312
12,2.59838,33,6.8861e-09,6.8861e-09,1,1,92,34,14,8,1,9,195,0.276
12,2.59838,34,6.8861e-09,6.8861e-09,1,1,92,34,14,8,1,9,195,0.275
12,2.59838,35,6.8861e-09,6.8861e-09,1,1,92,34,14,8,1,9,195,0.223
12,2.70917,0,6.8861e-09,6.8861e-09,1,1,95,35,16,7,1,8,203,0.256
12,2.70917,1,6.8861e-09,6.8861e-09,1,1,93,35,16,6,0,6,189,0.277
12,2.70917,2,6.8861e-09,6.8861e-09,1,1,93,35,16,6,0,6,189,0.178
12,2.70917,3,6.8861e-09,6.8861e-09,1,1,95,35,16,7,1,8,203,0.252
12,2.70917,4,6.8861e-09,6.8861e-09,1,1,95,35,16,7,1,8,203,0.172
12,2.70917,5,6.8861e-09,6.8861e-09,1,1,93,35,16,6,0,6,189,0.25
12,2.70917,6,6.8861e-09,6.8861e-09,1,1,95,35,16,7,1,8,203,0.167
12,2.70917,7,6.8861e-09,6.8861e-09,1,1,93,35,16,6,0,6,189,0.25
12,2.70917,8,6.8861e-09,6.8861e-09,1,1,93,35,16,6,0,6,189,0.175
12,2.70917,9,6.8861e-09,6.8861e-09,1,1,95,35,16,7,1,8,203,0.185
12,2.70917,10,6.8861e-09,6.8861e-09,1,1,95,35,16,7,1,8,203,0.254
12,2.70917,11,6.8861e-09,6.8861e-09,1,1,93,35,16,6,0,6,189,0.256
12,2.70917,12,6.8861e-09,6.8861e-09,1,1,95,37,14,7,1,8,191,0.176
12,2.70917,13,6.8861e-09,6.8861e-09,1,1,93,37,14,6,0,6,177,0.173
12,2.70917,14,6.8861e-09,6.8861e-09,1,1,95,37,14,7,1,8,191,0.255
12,2.70917,15,6.8861e-09,6.8861e-09,1,1,93,37,14,6,0,6,177,0.17
12,2.70917,16,6.8861e-09,6.8861e-09,1,1,93,35,16,6,0,6,189,0.173
12,2.70917,17,6.8861e-09,6.8861e-09,1,1,95,35,16,7,1,8,203,0.253
12,2.70917,18,6.8861e-09,6.8861e-09,1,1,95,35,16,7,1,8,203,0.177
12,2.70917,19,6.8861e-09,6.8861e-09,1,1,93,35,16,6,0,6,189,0.171
12,2.70917,20,6.8861e-09,6.8861e-09,1,1,93,35,16,6,0,6,189,0.253
12,2.70917,21,6.8861e-09,6.8861e-09,1,1,95,35,16,7,1,8,203,0.253
12,2.70917,22,6.8861e-09,6.8861e-09,1,1,93,35,16,6,0,6,189,0.17
12,2.70917,23,6.8861e-09,6.8861e-09,1,1,95,35,16,7,1,8,203,0.173
12,2.70917,24,6.8861e-09,6.8861e-09,1,1,95,35,16,7,1,8,203,0.252
12,2.70917,25,6.8861e-09,6.8861e-09,1,1,93,35,16,6,0,6,189,0.168
12,2.70917,26,6.8861e-09,6.8861e-09,1,1,95,35,16,7,1,8,203,0.171
12,2.70917,27,6.8861e-09,6.8861e-09,1,1,93,35,16,6,0,6,189,0.253
12,2.70917,28,6.8861e-09,6.8861e-09,1,1,93,37,14,6,0,6,177,0.171
12,2.70917,29,6.8861e-09,6.8861e-09,1,1,95,37,14,7,1,8,191,0.174
12,2.70917,30,6.8861e-09,6.8861e-09,1,1,93,37,14,6,0,6,177,0.251
12,2.70917,31,6.8861e-09,6.8861e-09,1,1,95,37,14,7,1,8,191,0.251
12,2.70917,32,6.8861e-09,6.8861e-09,1,1,93,37,14,6,0,6,177,0.175
12,2.70917,33,6.8861e-09,6.8861e-09,1,1,95,37,14,7,1,8,191,0.17
12,2.70917,34,6.8861e-09,6.8861e-09,1,1,93,37,14,6,0,6,177,0.25
12,2.70917,35,6.8861e-09,6.8861e-09,1,1,95,37,14,7,1,8,191,0.171
12,2.81868,0,6.8861e-09,6.8861e-09,1,1,101,43,6,9,1,10,155,0.255
12,2.81868,1,6.8861e-09,6.8861e-09,1,1,99,43,6,8,0,8,141,0.174
12,2.81868,2,6.8861e-09,6.8861e-09,1,1,99,43,6,8,0,8,141,0.179
12,2.81868,3,6.8861e-09,6.8861e-09,1,1,101,43,6,9,1,10,155,0.173
12,2.81868,4,6.8861e-09,6.8861e-09,1,1,99,41,8,8,0,8,153,0.256
12,2.81868,5,6.8861e-09,6.8861e-09,1,1,101,41,8,9,1,10,167,0.257
12,2.81868,6,6.8861e-09,6.8861e-09,1,1,99,41,8,8,0,8,153,0.173
12,2.81868,7,6.8861e-09,6.8861e-09,1,1,101,41,8,9,1,10,167,0.176
12,2.81868,8,6.8861e-09,6.8861e-09,1,1,101,41,8,9,1,10,167,0.255
12,2.81868,9,6.8861e-09,6.8861e-09,1,1,99,41,8,8,0,8,153,0.171
12,2.81868,10,6.8861e-09,6.8861e-09,1,1,99,41,8,8,0,8,153,0.255
12,2.81868,11,6.8861e-09,6.8861e-09,1,1,101,41,8,9,1,10,167,0.172
12,2.81868,12,6.8861e-09,6.8861e-09,1,1,99,41,8,8,0,8,153,0.174
12,2.81868,13,6.8861e-09,6.8861e-09,1,1,101,41,8,9,1,10,167,0.254
12,2.81868,14,6.8861e-09,6.8861e-09,1,1,101,41,8,9,1,10,167,0.176
12,2.81868,15,6.8861e-09,6.8861e-09,1,1,99,41,8,8,0,8,153,0.255
12,2.81868,16,6.8861e-09,6.8861e-09,1,1,99,43,6,8,0,8,141,0.173
12,2.81868,17,6.8861e-09,6.8861e-09,1,1,101,43,6,9,1,10,155,0.171
12,2.81868,18,6.8861e-09,6.8861e-09,1,1,101,43,6,9,1,10,155,0.257
12,2.81868,19,6.8861e-09,6.8861e-09,1,1,99,43,6,8,0,8,141,0.173
12,2.81868,20,6.8861e-09,6.8861e-09,1,1,101,41,8,9,1,10,167,0.257
12,2.81868,21,6.8861e-09,6.8861e-09,1,1,99,41,8,8,0,8,153,0.175
12,2.81868,22,6.8861e-09,6.8861e-09,1,1,101,41,8,9,1,10,167,0.174
12,2.81868,23,6.8861e-09,6.8861e-09,1,1,99,41,8,8,0,8,153,0.256
12,2.81868,24,6.8861e-09,6.8861e-09,1,1,99,43,6,8,0,8,141,0.178
12,2.81868,25,6.8861e-09,6.8861e-09,1,1,101,43,6,9,1,10,155,0.257
12,2.81868,26,6.8861e-09,6.8861e-09,1,1,99,43,6,8,0,8,141,0.177
12,2.81868,27,6.8861e-09,6.8861e-09,1,1,101,43,6,9,1,10,155,0.176
12,2.81868,28,6.8861e-09,6.8861e-09,1,1,101,41,8,9,1,10,167,0.257
12,2.81868,29,6.8861e-09,6.8861e-09,1,1,99,41,8,8,0,8,153,0.176
12,2.81868,30,6.8861e-09,6.8861e-09,1,1,99,41,8,8,0,8,153,0.255
12,2.81868,31,6.8861e-09,6.8861e-09,1,1,101,41,8,9,1,10,167,0.18
12,2.81868,32,6.8861e-09,6.8861e-09,1,1,101,41,8,9,1,10,167,0.172
12,2.81868,33,6.8861e-09,6.8861e-09,1,1,99,41,8,8,0,8,153,0.256
12,2.81868,34,6.8861e-09,6.8861e-09,1,1,101,41,8,9,1,10,167,0.176
12,2.81868,35,6.8861e-09,6.8861e-09,1,1,99,41,8,8,0,8,153,0.255
12,2.92511,0,6.8861e-09,6.8861e-09,1,1,85,29,20,5,1,6,211,0.206
12,2.92511,1,6.8861e-09,6.8861e-09,1,1,85,29,20,5,1,6,211,0.205
12,2.92511,2,6.8861e-09,6.8861e-09,1,1,85,29,20,5,1,6,211,0.299
12,2.92511,3,6.8861e-09,6.8861e-09,1,1,85,29,20,5,1,6,211,0.3
12,2.92511,4,6.8861e-09,6.8861e-09,1,1,85,29,20,5,1,6,211,0.203
12,2.92511,5,6.8861e-09,6.8861e-09,1,1,85,29,20,5,1,6,211,0.202
12,2.92511,6,6.8861e-09,6.8861e-09,1,1,85,29,20,5,1,6,211,0.296
12,2.92511,7,6.8861e-09,6.8861e-09,1,1,85,29,20,5,1,6,211,0.202
12,2.92511,8,6.8861e-09,6.8861e-09,1,1,85,29,20,5,1,6,211,0.201
12,2.92511,9,6.8861e-09,6.8861e-09,1,1,85,29,20,5,1,6,211,0.299
12,2.92511,10,6.8861e-09,6.8861e-09,1,1,85,29,20,5,1,6,211,0.203
12,2.92511,11,6.8861e-09,6.8861e-09,1,1,85,29,20,5,1,6,211,0.204
12,2.92511,12,6.8861e-09,6.8861e-09,1,1,84,29,19,5,1,6,204,0.298
12,2.92511,13,6.8861e-09,6.8861e-09,1,1,84,29,19,5,1,6,204,0.299
12,2.92511,14,6.8861e-09,6.8861e-09,1,1,82,29,18,5,1,6,197,0.204
12,2.92511,15,6.8861e-09,6.8861e-09,1,1,84,29,19,5,1,6,204,0.215
12,2.92511,16,6.8861e-09,6.8861e-09,1,1,82,29,18,5,1,6,197,0.297
12,2.92511,17,6.8861e-09,6.8861e-09,1,1,84,29,19,5,1,6,204,0.201
12,2.92511,18,6.8861e-09,6.8861e-09,1,1,84,29,19,5,1,6,204,0.298
12,2.92511,19,6.8861e-09,6.8861e-09,1,1,82,29,18,5,1,6,197,0.203
12,2.92511,20,6.8861e-09,6.8861e-09,1,1,84,29,19,5,1,6,204,0.2
12,2.92511,21,6.8861e-09,6.8861e-09,1,1,84,29,19,5,1,6,204,0.202
12,2.92511,22,6.8861e-09,6.8861e-09,1,1,84,29,19,5,1,6,204,0.298
12,2.92511,23,6.8861e-09,6.8861e-09,1,1,82,29,18,5,1,6,197,0.3
12,2.92511,24,6.8861e-09,6.8861e-09,1,1,85,29,20,5,1,6,211,0.201
12,2.92511,25,6.8861e-09,6.8861e-09,1,1,85,29,20,5,1,6,211,0.203
12,2.92511,26,6.8861e-09,6.8861e-09,1,1,85,29,20,5,1,6,211,0.301
12,2.92511,27,6.8861e-09,6.8861e-09,1,1,85,29,20,5,1,6,211,0.204
12,2.92511,28,6.8861e-09,6.8861e-09,1,1,85,29,20,5,1,6,211,0.3
12,2.92511,29,6.8861e-09,6.8861e-09,1,1,85,29,20,5,1,6,211,0.202
12,2.92511,30,6.8861e-09,6.8861e-09,1,1,85,29,20,5,1,6,211,0.209
12,2.92511,31,6.8861e-09,6.8861e-09,1,1,85,29,20,5,1,6,211,0.302
12,2.92511,32,6.8861e-09,6.8861e-09,1,1,85,29,20,5,1,6,211,0.206
12,2.92511,33,6.8861e-09,6.8861e-09,1,1,85,29,20,5,1,6,211,0.303
12,2.92511,34,6.8861e-09,6.8861e-09,1,1,85,29,20,5,1,6,211,0.21
12,2.92511,35,6.8861e-09,6.8861e-09,1,1,85,29,20,5,1,6,211,0.205
12,3.03234,0,6.8861e-09,6.8861e-09,1,1,101,41,12,5,1,6,167,0.235
12,3.03234,1,6.8861e-09,6.8861e-09,1,1,101,41,12,5,1,6,167,0.157
12,3.03234,2,6.8861e-09,6.8861e-09,1,1,101,41,12,5,1,6,167,0.234
12,3.03234,3,6.8861e-09,6.8861e-09,1,1,101,41,12,5,1,6,167,0.155
12,3.03234,4,6.8861e-09,6.8861e-09,1,1,101,43,10,5,1,6,155,0.157
12,3.03234,5,6.8861e-09,6.8861e-09,1,1,101,43,10,5,1,6,155,0.233
12,3.03234,6,6.8861e-09,6.8861e-09,1,1,101,43,10,5,1,6,155,0.158
12,3.03234,7,6.8861e-09,6.8861e-09,1,1,101,43,10,5,1,6,155,0.236
12,3.03234,8,6.8861e-09,6.8861e-09,1,1,101,41,12,5,1,6,167,0.155
12,3.03234,9,6.8861e-09,6.8861e-09,1,1,101,41,12,5,1,6,167,0.154
12,3.03234,10,6.8861e-09,6.8861e-09,1,1,101,41,12,5,1,6,167,0.233
12,3.03234,11,6.8861e-09,6.8861e-09,1,1,101,41,12,5,1,6,167,0.162
12,3.03234,12,6.8861e-09,6.8861e-09,1,1,101,41,12,5,1,6,167,0.233
12,3.03234,13,6.8861e-09,6.8861e-09,1,1,101,41,12,5,1,6,167,0.173
12,3.03234,14,6.8861e-09,6.8861e-09,1,1,101,41,12,5,1,6,167,0.164
12,3.03234,15,6.8861e-09,6.8861e-09,1,1,101,41,12,5,1,6,167,0.235
12,3.03234,16,6.8861e-09,6.8861e-09,1,1,101,41,12,5,1,6,167,0.158
12,3.03234,17,6.8861e-09,6.8861e-09,1,1,101,41,12,5,1,6,167,0.233
12,3.03234,18,6.8861e-09,6.8861e-09,1,1,101,41,12,5,1,6,167,0.165
12,3.03234,19,6.8861e-09,6.8861e-09,1,1,101,41,12,5,1,6,167,0.159
12,3.03234,20,6.8861e-09,6.8861e-09,1,1,101,43,10,5,1,6,155,0.234
12,3.03234,21,6.8861e-09,6.8861e-09,1,1,101,43,10,5,1,6,155,0.158
12,3.03234,22,6.8861e-09,6.8861e-09,1,1,101,43,10,5,1,6,155,0.232
12,3.03234,23,6.8861e-09,6.8861e-09,1,1,101,43,10,5,1,6,155,0.157
12,3.03234,24,6.8861e-09,6.8861e-09,1,1,101,41,12,5,1,6,167,0.155
12,3.03234,25,6.8861e-09,6.8861e-09,1,1,101,41,12,5,1,6,167,0.232
12,3.03234,26,6.8861e-09,6.8861e-09,1,1,101,41,12,5,1,6,167,0.157
12,3.03234,27,6.8861e-09,6.8861e-09,1,1,101,41,12,5,1,6,167,0.234
12,3.03234,28,6.8861e-09,6.8861e-09,1,1,101,43,10,5,1,6,155,0.161
12,3.03234,29,6.8861e-09,6.8861e-09,1,1,101,43,10,5,1,6,155,0.159
12,3.03234,30,6.8861e-09,6.8861e-09,1,1,101,43,10,5,1,6,155,0.232
12,3.03234,31,6.8861e-09,6.8861e-09,1,1,101,43,10,5,1,6,155,0.156
12,3.03234,32,6.8861e-09,6.8861e-09,1,1,101,41,12,5,1,6,167,0.233
12,3.03234,33,6.8861e-09,6.8861e-09,1,1,101,41,12,5,1,6,167,0.159
12,3.03234,34,6.8861e-09,6.8861e-09,1,1,101,41,12,5,1,6,167,0.232
12,3.03234,35,6.8861e-09,6.8861e-09,1,1,101,41,12,5,1,6,167,0.159
12,3.14112,0,6.8861e-09,6.8861e-09,1,1,82,29,14,9,1,10,197,0.187
12,3.14112,1,6.8861e-09,6.8861e-09,1,1,80,29,14,8,0,8,183,0.278
12,3.14112,2,6.8861e-09,6.8861e-09,1,1,82,29,15,8,0,8,190,0.19
12,3.14112,3,6.8861e-09,6.8861e-09,1,1,84,29,15,9,1,10,204,0.278
12,3.14112,4,6.8861e-09,6.8861e-09,1,1,83,29,16,8,0,8,197,0.191
12,3.14112,5,6.8861e-09,6.8861e-09,1,1,85,29,16,9,1,10,211,0.192
12,3.14112,6,6.8861e-09,6.8861e-09,1,1,83,29,16,8,0,8,197,0.278
12,3.14112,7,6.8861e-09,6.8861e-09,1,1,85,29,16,9,1,10,211,0.189
12,3.14112,8,6.8861e-09,6.8861e-09,1,1,85,29,16,9,1,10,211,0.277
12,3.14112,9,6.8861e-09,6.8861e-09,1,1,83,29,16,8,0,8,197,0.188
12,3.14112,10,6.8861e-09,6.8861e-09,1,1,85,29,16,9,1,10,211,0.195
12,3.14112,11,6.8861e-09,6.8861e-09,1,1,83,29,16,8,0,8,197,0.28
12,3.14112,12,6.8861e-09,6.8861e-09,1,1,85,29,16,9,1,10,211,0.187
12,3.14112,13,6.8861e-09,6.8861e-09,1,1,83,29,16,8,0,8,197,0.278
12,3.14112,14,6.8861e-09,6.8861e-09,1,1,83,29,16,8,0,8,197,0.188
12,3.14112,15,6.8861e-09,6.8861e-09,1,1,85,29,16,9,1,10,211,0.276
12,3.14112,16,6.8861e-09,6.8861e-09,1,1,83,29,16,8,0,8,197,0.188
12,3.14112,17,6.8861e-09,6.8861e-09,1,1,85,29,16,9,1,10,211,0.189
12,3.14112,18,6.8861e-09,6.8861e-09,1,1,83,29,16,8,0,8,197,0.278
12,3.14112,19,6.8861e-09,6.8861e-09,1,1,85,29,16,9,1,10,211,0.193
12,3.14112,20,6.8861e-09,6.8861e-09,1,1,80,29,14,8,0,8,183,0.281
12,3.14112,21,6.8861e-09,6.8861e-09,1,1,82,29,14,9,1,10,197,0.195
12,3.14112,22,6.8861e-09,6.8861e-09,1,1,84,29,15,9,1,10,204,0.196
12,3.14112,23,6.8861e-09,6.8861e-09,1,1,82,29,15,8,0,8,190,0.282
12,3.14112,24,6.8861e-09,6.8861e-09,1,1,84,29,15,9,1,10,204,0.199
12,3.14112,25,6.8861e-09,6.8861e-09,1,1,82,29,15,8,0,8,190,0.28
12,3.14112,26,6.8861e-09,6.8861e-09,1,1,80,29,14,8,0,8,183,0.203
12,3.14112,27,6.8861e-09,6.8861e-09,1,1,82,29,14,9,1,10,197,0.191
12,3.14112,28,6.8861e-09,6.8861e-09,1,1,85,29,16,9,1,10,211,0.276
12,3.14112,29,6.8861e-09,6.8861e-09,1,1,83,29,16,8,0,8,197,0.189
12,3.14112,30,6.8861e-09,6.8861e-09,1,1,83,29,16,8,0,8,197,0.279
12,3.14112,31,6.8861e-09,6.8861e-09,1,1,85,29,16,9,1,10,211,0.194
12,3.14112,32,6.8861e-09,6.8861e-09,1,1,85,29,16,9,1,10,211,0.194
12,3.14112,33,6.8861e-09,6.8861e-09,1,1,83,29,16,8,0,8,197,0.278
12,3.14112,34,6.8861e-09,6.8861e-09,1,1,83,29,16,8,0,8,197,0.19
12,3.14112,35,6.8861e-09,6.8861e-09,1,1,85,29,16,9,1,10,211,0.279
14,4.91832e-05,0,3.55918e-10,3.55918e-10,1,1,99,35,18,9,1,10,231,0.223
14,4.91832e-05,1,3.55918e-10,3.55918e-10,1,1,99,35,18,9,1,10,231,0.208
14,4.91832e-05,2,3.55918e-10,3.55918e-10,1,1,99,35,18,9,1,10,231,0.31
14,4.91832e-05,3,3.55918e-10,3.55918e-10,1,1,99,35,18,9,1,10,231,0.224
14,4.91832e-05,4,3.55918e-10,3.55918e-10,1,1,99,35,18,9,1,10,231,0.31
14,4.91832e-05,5,3.55918e-10,3.55918e-10,1,1,99,35,18,9,1,10,231,0.213
14,4.91832e-05,6,3.55918e-10,3.55918e-10,1,1,99,35,18,9,1,10,231,0.311
14,4.91832e-05,7,3.55918e-10,3.55918e-10,1,1,99,35,18,9,1,10,231,0.212
14,4.91832e-05,8,3.55918e-10,3.55918e-10,1,1,99,35,18,9,1,10,231,0.209
14,4.91832e-05,9,3.55918e-10,3.55918e-10,1,1,99,35,18,9,1,10,231,0.312
14,4.91832e-05,10,3.55918e-10,3.55918e-10,1,1,99,35,18,9,1,10,231,0.216
14,4.91832e-05,11,3.55918e-10,3.55918e-10,1,1,99,35,18,9,1,10,231,0.313
14,4.91832e-05,12,3.55918e-10,3.55918e-10,1,1,99,35,18,9,1,10,231,0.211
14,4.91832e-05,13,3.55918e-10,3.55918e-10,1,1,99,35,18,9,1,10,231,0.315
14,4.91832e-05,14,3.55918e-10,3.55918e-10,1,1,99,35,18,9,1,10,231,0.214
14,4.91832e-05,15,3.55918e-10,3.55918e-10,1,1,99,35,18,9,1,10,231,0.209
14,4.91832e-05,16,3.55918e-10,3.55918e-10,1,1,99,37,16,9,1,10,219,0.314
14,4.91832e-05,17,3.55918e-10,3.55918e-10,1,1,99,37,16,9,1,10,219,0.229
14,4.91832e-05,18,3.55918e-10,3.55918e-10,1,1,99,37,16,9,1,10,219,0.208
14,4.91832e-05,19,3.55918e-10,3.55918e-10,1,1,99,37,16,9,1,10,219,0.314
14,4.91832e-05,20,3.55918e-10,3.55918e-10,1,1,99,37,16,9,1,10,219,0.215
14,4.91832e-05,21,3.55918e-10,3.55918e-10,1,1,99,37,16,9,1,10,219,0.315
14,4.91832e-05,22,3.55918e-10,3.55918e-10,1,1,99,37,16,9,1,10,219,0.229
14,4.91832e-05,23,3.55918e-10,3.55918e-10,1,1,99,37,16,9,1,10,219,0.317
14,4.91832e-05,24,3.55918e-10,3.55918e-10,1,1,99,35,18,9,1,10,231,0.216
14,4.91832e-05,25,3.55918e-10,3.55918e-10,1,1,99,35,18,9,1,10,231,0.214
14,4.91832e-05,26,3.55918e-10,3.55918e-10,1,1,99,35,18,9,1,10,231,0.315
14,4.91832e-05,27,3.55918e-10,3.55918e-10,1,1,99,35,18,9,1,10,231,0.212
14,4.91832e-05,28,3.55918e-10,3.55918e-10,1,1,99,35,18,9,1,10,231,0.213
14,4.91832e-05,29,3.55918e-10,3.55918e-10,1,1,99,35,18,9,1,10,231,0.315
14,4.91832e-05,30,3.55918e-10,3.55918e-10,1,1,99,35,18,9,1,10,231,0.212
14,4.91832e-05,31,3.55918e-10,3.55918e-10,1,1,99,35,18,9,1,10,231,0.312
14,4.91832e-05,32,3.55918e-10,3.55918e-10,1,1,99,37,16,9,1,10,219,0.214
14,4.91832e-05,33,3.55918e-10,3.55918e-10,1,1,99,37,16,9,1,10,219,0.312
14,4.91832e-05,34,3.55918e-10,3.55918e-10,1,1,99,37,16,9,1,10,219,0.217
14,4.91832e-05,35,3.55918e-10,3.55918e-10,1,1,99,37,16,9,1,10,219,0.212
14,0.11013,0,3.55918e-10,3.55918e-10,1,1,119,49,14,5,1,6,189,0.281
14,0.11013,1,3.55918e-10,3.55918e-10,1,1,117,49,14,4,0,4,175,0.19
14,0.11013,2,3.55918e-10,3.55918e-10,1,1,117,49,14,4,0,4,175,0.279
14,0.11013,3,3.55918e-10,3.55918e-10,1,1,119,49,14,5,1,6,189,0.19
14,0.11013,4,3.55918e-10,3.55918e-10,1,1,117,49,14,4,0,4,175,0.277
14,0.11013,5,3.55918e-10,3.55918e-10,1,1,119,49,14,5,1,6,189,0.186
14,0.11013,6,3.55918e-10,3.55918e-10,1,1,117,49,14,4,0,4,175,0.188
14,0.11013,7,3.55918e-10,3.55918e-10,1,1,119,49,14,5,1,6,189,0.281
14,0.11013,8,3.55918e-10,3.55918e-10,1,1,117,49,14,4,0,4,175,0.197
14,0.11013,9,3.55918e-10,3.55918e-10,1,1,119,49,14,5,1,6,189,0.196
14,0.11013,10,3.55918e-10,3.55918e-10,1,1,119,49,14,5,1,6,189,0.281
14,0.11013,11,3.55918e-10,3.55918e-10,1,1,117,49,14,4,0,4,175,0.193
14,0.11013,12,3.55918e-10,3.55918e-10,1,1,119,51,12,5,1,6,177,0.28
14,0.11013,13,3.55918e-10,3.55918e-10,1,1,117,51,12,4,0,4,163,0.19
14,0.11013,14,3.55918e-10,3.55918e-10,1,1,117,51,12,4,0,4,163,0.28
14,0.11013,15,3.55918e-10,3.55918e-10,1,1,119,51,12,5,1,6,177,0.19
14,0.11013,16,3.55918e-10,3.55918e-10,1,1,117,49,14,4,0,4,175,0.209
14,0.11013,17,3.55918e-10,3.55918e-10,1,1,119,49,14,5,1,6,189,0.28
14,0.11013,18,3.55918e-10,3.55918e-10,1,1,119,49,14,5,1,6,189,0.191
14,0.11013,19,3.55918e-10,3.55918e-10,1,1,117,49,14,4,0,4,175,0.281
14,0.11013,20,3.55918e-10,3.55918e-10,1,1,119,51,12,5,1,6,177,0.187
14,0.11013,21,3.55918e-10,3.55918e-10,1,1,117,51,12,4,0,4,163,0.196
14,0.11013,22,3.55918e-10,3.55918e-10,1,1,117,51,12,4,0,4,163,0.281
14,0.11013,23,3.55918e-10,3.55918e-10,1,1,119,51,12,5,1,6,177,0.207
14,0.11013,24,3.55918e-10,3.55918e-10,1,1,119,49,14,5,1,6,189,0.28
14,0.11013,25,3.55918e-10,3.55918e-10,1,1,117,49,14,4,0,4,175,0.189
14,0.11013,26,3.55918e-10,3.55918e-10,1,1,119,49,14,5,1,6,189,0.19
14,0.11013,27,3.55918e-10,3.55918e-10,1,1,117,49,14,4,0,4,175,0.282
14,0.11013,28,3.55918e-10,3.55918e-10,1,1,119,51,12,5,1,6,177,0.188
14,0.11013,29,3.55918e-10,3.55918e-10,1,1,117,51,12,4,0,4,163,0.281
14,0.11013,30,3.55918e-10,3.55918e-10,1,1,117,51,12,4,0,4,163,0.189
14,0.11013,31,3.55918e-10,3.55918e-10,1,1,119,51,12,5,1,6,177,0.279
14,0.11013,32,3.55918e-10,3.55918e-10,1,1,117,49,14,4,0,4,175,0.188
14,0.11013,33,3.55918e-10,3.55918e-10,1,1,119,49,14,5,1,6,189,0.188
14,0.11013,34,3.55918e-10,3.55918e-10,1,1,117,49,14,4,0,4,175,0.278
14,0.11013,35,3.55918e-10,3.55918e-10,1,1,119,49,14,5,1,6,189,0.187
14,0.217794,0,3.55918e-10,3.55918e-10,1,1,145,69,6,1,1,2,125,0.115
14,0.217794,1,3.55918e-10,3.55918e-10,1,1,143,69,6,0,0,0,111,0.177
14,0.217794,2,3.55918e-10,3.55918e-10,1,1,145,69,6,1,1,2,125,0.121
14,0.217794,3,3.55918e-10,3.55918e-10,1,1,143,69,6,0,0,0,111,0.118
14,0.217794,4,3.55918e-10,3.55918e-10,1,1,143,69,6,0,0,0,111,0.176
14,0.217794,5,3.55918e-10,3.55918e-10,1,1,145,69,6,1,1,2,125,0.174
14,0.217794,6,3.55918e-10,3.55918e-10,1,1,143,69,6,0,0,0,111,0.118
14,0.217794,7,3.55918e-10,3.55918e-10,1,1,145,69,6,1,1,2,125,0.117
14,0.217794,8,3.55918e-10,3.55918e-10,1,1,143,67,8,0,0,0,123,0.171
14,0.217794,9,3.55918e-10,3.55918e-10,1,1,145,67,8,1,1,2,137,0.114
14,0.217794,10,3.55918e-10,3.55918e-10,1,1,143,67,8,0,0,0,123,0.114
14,0.217794,11,3.55918e-10,3.55918e-10,1,1,145,67,8,1,1,2,137,0.171
14,0.217794,12,3.55918e-10,3.55918e-10,1,1,143,67,8,0,0,0,123,0.116
14,0.217794,13,3.55918e-10,3.55918e-10,1,1,145,67,8,1,1,2,137,0.115
14,0.217794,14,3.55918e-10,3.55918e-10,1,1,145,67,8,1,1,2,137,0.17
14,0.217794,15,3.55918e-10,3.55918e-10,1,1,143,67,8,0,0,0,123,0.171
14,0.217794,16,3.55918e-10,3.55918e-10,1,1,143,67,8,0,0,0,123,0.116
14,0.217794,17,3.55918e-10,3.55918e-10,1,1,145,67,8,1,1,2,137,0.116
14,0.217794,18,3.55918e-10,3.55918e-10,1,1,145,67,8,1,1,2,137,0.172
14,0.217794,19,3.55918e-10,3.55918e-10,1,1,143,67,8,0,0,0,123,0.114
14,0.217794,20,3.55918e-10,3.55918e-10,1,1,143,67,8,0,0,0,123,0.117
14,0.217794,21,3.55918e-10,3.55918e-10,1,1,145,67,8,1,1,2,137,0.173
14,0.217794,22,3.55918e-10,3.55918e-10,1,1,145,67,8,1,1,2,137,0.116
14,0.217794,23,3.55918e-10,3.55918e-10,1,1,143,67,8,0,0,0,123,0.114
14,0.217794,24,3.55918e-10,3.55918e-10,1,1,143,69,6,0,0,0,111,0.173
14,0.217794,25,3.55918e-10,3.55918e-10,1,1,145,69,6,1,1,2,125,0.171
14,0.217794,26,3.55918e-10,3.55918e-10,1,1,145,69,6,1,1,2,125,0.116
14,0.217794,27,3.55918e-10,3.55918e-10,1,1,143,69,6,0,0,0,111,0.115
14,0.217794,28,3.55918e-10,3.55918e-10,1,1,145,67,8,1,1,2,137,0.169
14,0.217794,29,3.55918e-10,3.55918e-10,1,1,143,67,8,0,0,0,123,0.116
14,0.217794,30,3.55918e-10,3.55918e-10,1,1,143,67,8,0,0,0,123,0.114
14,0.217794,31,3.55918e-10,3.55918e-10,1,1,145,67,8,1,1,2,137,0.17
14,0.217794,32,3.55918e-10,3.55918e-10,1,1,143,67,8,0,0,0,123,0.119
14,0.217794,33,3.55918e-10,3.55918e-10,1,1,145,67,8,1,1,2,137,0.114
14,0.217794,34,3.55918e-10,3.55918e-10,1,1,145,67,8,1,1,2,137,0.171
14,0.217794,35,3.55918e-10,3.55918e-10,1,1,143,67,8,0,0,0,123,0.172
14,0.325452,0,3.55918e-10,3.55918e-10,1,1,124,51,12,8,1,9,198,0.158
14,0.325452,1,3.55918e-10,3.55918e-10,1,1,124,51,12,8,1,9,198,0.159
14,0.325452,2,3.55918e-10,3.55918e-10,1,1,124,51,12,8,1,9,198,0.234
14,0.325452,3,3.55918e-10,3.55918e-10,1,1,124,51,12,8,1,9,198,0.234
14,0.325452,4,3.55918e-10,3.55918e-10,1,1,121,51,10,8,1,9,184,0.167
14,0.325452,5,3.55918e-10,3.55918e-10,1,1,123,51,11,8,1,9,191,0.16
14,0.325452,6,3.55918e-10,3.55918e-10,1,1,123,51,11,8,1,9,191,0.235
14,0.325452,7,3.55918e-10,3.55918e-10,1,1,123,51,11,8,1,9,191,0.159
14,0.325452,8,3.55918e-10,3.55918e-10,1,1,124,51,12,8,1,9,198,0.158
14,0.325452,9,3.55918e-10,3.55918e-10,1,1,124,51,12,8,1,9,198,0.237
14,0.325452,10,3.55918e-10,3.55918e-10,1,1,124,51,12,8,1,9,198,0.16
14,0.325452,11,3.55918e-10,3.55918e-10,1,1,124,51,12,8,1,9,198,0.156
14,0.325452,12,3.55918e-10,3.55918e-10,1,1,123,51,11,8,1,9,191,0.233
14,0.325452,13,3.55918e-10,3.55918e-10,1,1,121,51,10,8,1,9,184,0.234
14,0.325452,14,3.55918e-10,3.55918e-10,1,1,123,51,11,8,1,9,191,0.158
14,0.325452,15,3.55918e-10,3.55918e-10,1,1,121,51,10,8,1,9,184,0.16
14,0.325452,16,3.55918e-10,3.55918e-10,1,1,124,51,12,8,1,9,198,0.233
14,0.325452,17,3.55918e-10,3.55918e-10,1,1,124,51,12,8,1,9,198,0.158
14,0.325452,18,3.55918e-10,3.55918e-10,1,1,124,51,12,8,1,9,198,0.162
14,0.325452,19,3.55918e-10,3.55918e-10,1,1,124,51,12,8,1,9,198,0.235
14,0.325452,20,3.55918e-10,3.55918e-10,1,1,124,51,12,8,1,9,198,0.158
14,0.325452,21,3.55918e-10,3.55918e-10,1,1,124,51,12,8,1,9,198,0.159
14,0.325452,22,3.55918e-10,3.55918e-10,1,1,124,51,12,8,1,9,198,0.233
14,0.325452,23,3.55918e-10,3.55918e-10,1,1,124,51,12,8,1,9,198,0.233
14,0.325452,24,3.55918e-10,3.55918e-10,1,1,124,51,12,8,1,9,198,0.155
14,0.325452,25,3.55918e-10,3.55918e-10,1,1,124,51,12,8,1,9,198,0.158
14,0.325452,26,3.55918e-10,3.55918e-10,1,1,124,51,12,8,1,9,198,0.233
14,0.325452,27,3.55918e-10,3.55918e-10,1,1,124,51,12,8,1,9,198,0.157
14,0.325452,28,3.55918e-10,3.55918e-10,1,1,124,51,12,8,1,9,198,0.158
14,0.325452,29,3.55918e-10,3.55918e-10,1,1,124,51,12,8,1,9,198,0.233
14,0.325452,30,3.55918e-10,3.55918e-10,1,1,124,51,12,8,1,9,198,0.163
14,0.325452,31,3.55918e-10,3.55918e-10,1,1,124,51,12,8,1,9,198,0.162
14,0.325452,32,3.55918e-10,3.55918e-10,1,1,123,51,11,8,1,9,191,0.235
14,0.325452,33,3.55918e-10,3.55918e-10,1,1,121,51,10,8,1,9,184,0.235
14,0.325452,34,3.55918e-10,3.55918e-10,1,1,123,51,11,8,1,9,191,0.159
14,0.325452,35,3.55918e-10,3.55918e-10,1,1,123,51,11,8,1,9,191,0.158
14,0.432708,0,3.55918e-10,3.55918e-10,1,1,88,29,23,5,1,6,232,0.382
14,0.432708,1,3.55918e-10,3.55918e-10,1,1,88,29,23,5,1,6,232,0.259
14,0.432708,2,3.55918e-10,3.55918e-10,1,1,86,29,22,5,1,6,225,0.264
14,0.432708,3,3.55918e-10,3.55918e-10,1,1,86,29,22,5,1,6,225,0.383
14,0.432708,4,3.55918e-10,3.55918e-10,1,1,89,29,24,5,1,6,239,0.269
14,0.432708,5,3.55918e-10,3.55918e-10,1,1,89,29,24,5,1,6,239,0.286
14,0.432708,6,3.55918e-10,3.55918e-10,1,1,89,29,24,5,1,6,239,0.39
14,0.432708,7,3.55918e-10,3.55918e-10,1,1,89,29,24,5,1,6,239,0.387
14,0.432708,8,3.55918e-10,3.55918e-10,1,1,89,29,24,5,1,6,239,0.283
14,0.432708,9,3.55918e-10,3.55918e-10,1,1,89,29,24,5,1,6,239,0.27
14,0.432708,10,3.55918e-10,3.55918e-10,1,1,89,29,24,5,1,6,239,0.384
14,0.432708,11,3.55918e-10,3.55918e-10,1,1,89,29,24,5,1,6,239,0.385
14,0.432708,12,3.55918e-10,3.55918e-10,1,1,89,29,24,5,1,6,239,0.264
14,0.432708,13,3.55918e-10,3.55918e-10,1,1,89,29,24,5,1,6,239,0.26
14,0.432708,14,3.55918e-10,3.55918e-10,1,1,89,29,24,5,1,6,239,0.266
14,0.432708,15,3.55918e-10,3.55918e-10,1,1,89,29,24,5,1,6,239,0.263
14,0.432708,16,3.55918e-10,3.55918e-10,1,1,88,29,23,5,1,6,232,0.388
14,0.432708,17,3.55918e-10,3.55918e-10,1,1,88,29,23,5,1,6,232,0.389
14,0.432708,18,3.55918e-10,3.55918e-10,1,1,88,29,23,5,1,6,232,0.278
14,0.432708,19,3.55918e-10,3.55918e-10,1,1,88,29,23,5,1,6,232,0.266
14,0.432708,20,3.55918e-10,3.55918e-10,1,1,89,29,24,5,1,6,239,0.388
14,0.432708,21,3.55918e-10,3.55918e-10,1,1,89,29,24,5,1,6,239,0.389
14,0.432708,22,3.55918e-10,3.55918e-10,1,1,89,29,24,5,1,6,239,0.267
14,0.432708,23,3.55918e-10,3.55918e-10,1,1,89,29,24,5,1,6,239,0.265
14,0.432708,24,3.55918e-10,3.55918e-10,1,1,88,29,23,5,1,6,232,0.26
14,0.432708,25,3.55918e-10,3.55918e-10,1,1,88,29,23,5,1,6,232,0.265
14,0.432708,26,3.55918e-10,3.55918e-10,1,1,88,29,23,5,1,6,232,0.388
14,0.432708,27,3.55918e-10,3.55918e-10,1,1,88,29,23,5,1,6,232,0.388
14,0.432708,28,3.55918e-10,3.55918e-10,1,1,89,29,24,5,1,6,239,0.266
14,0.432708,29,3.55918e-10,3.55918e-10,1,1,89,29,24,5,1,6,239,0.265
14,0.432708,30,3.55918e-10,3.55918e-10,1,1,89,29,24,5,1,6,239,0.387
14,0.432708,31,3.55918e-10,3.55918e-10,1,1,89,29,24,5,1,6,239,0.384
14,0.432708,32,3.55918e-10,3.55918e-10,1,1,89,29,24,5,1,6,239,0.262
14,0.432708,33,3.55918e-10,3.55918e-10,1,1,89,29,24,5,1,6,239,0.259
14,0.432708,34,3.55918e-10,3.55918e-10,1,1,89,29,24,5,1,6,239,0.266
14,0.432708,35,3.55918e-10,3.55918e-10,1,1,89,29,24,5,1,6,239,0.26
14,0.540342,0,3.55918e-10,3.55918e-10,1,1,121,51,14,4,0,4,177,0.253
14,0.540342,1,3.55918e-10,3.55918e-10,1,1,123,51,14,5,1,6,191,0.253
14,0.540342,2,3.55918e-10,3.55918e-10,1,1,123,51,14,5,1,6,191,0.169
14,0.540342,3,3.55918e-10,3.55918e-10,1,1,121,51,14,4,0,4,177,0.253
14,0.540342,4,3.55918e-10,3.55918e-10,1,1,121,51,14,4,0,4,177,0.169
14,0.540342,5,3.55918e-10,3.55918e-10,1,1,123,51,14,5,1,6,191,0.251
14,0.540342,6,3.55918e-10,3.55918e-10,1,1,123,51,14,5,1,6,191,0.173
14,0.540342,7,3.55918e-10,3.55918e-10,1,1,121,51,14,4,0,4,177,0.175
14,0.540342,8,3.55918e-10,3.55918e-10,1,1,118,51,12,4,0,4,163,0.253
14,0.540342,9,3.55918e-10,3.55918e-10,1,1,120,51,12,5,1,6,177,0.253
14,0.540342,10,3.55918e-10,3.55918e-10,1,1,122,51,13,5,1,6,184,0.171
14,0.540342,11,3.55918e-10,3.55918e-10,1,1,120,51,13,4,0,4,170,0.171
14,0.540342,12,3.55918e-10,3.55918e-10,1,1,121,51,14,4,0,4,177,0.254
14,0.540342,13,3.55918e-10,3.55918e-10,1,1,123,51,14,5,1,6,191,0.171
14,0.540342,14,3.55918e-10,3.55918e-10,1,1,121,51,14,4,0,4,177,0.171
14,0.540342,15,3.55918e-10,3.55918e-10,1,1,123,51,14,5,1,6,191,0.251
14,0.540342,16,3.55918e-10,3.55918e-10,1,1,123,51,14,5,1,6,191,0.171
14,0.540342,17,3.55918e-10,3.55918e-10,1,1,121,51,14,4,0,4,177,0.169
14,0.540342,18,3.55918e-10,3.55918e-10,1,1,121,51,14,4,0,4,177,0.248
14,0.540342,19,3.55918e-10,3.55918e-10,1,1,123,51,14,5,1,6,191,0.248
14,0.540342,20,3.55918e-10,3.55918e-10,1,1,120,51,13,4,0,4,170,0.169
14,0.540342,21,3.55918e-10,3.55918e-10,1,1,122,51,13,5,1,6,184,0.168
14,0.540342,22,3.55918e-10,3.55918e-10,1,1,118,51,12,4,0,4,163,0.247
14,0.540342,23,3.55918e-10,3.55918e-10,1,1,120,51,12,5,1,6,177,0.167
14,0.540342,24,3.55918e-10,3.55918e-10,1,1,120,51,12,5,1,6,177,0.185
14,0.540342,25,3.55918e-10,3.55918e-10,1,1,118,51,12,4,0,4,163,0.249
14,0.540342,26,3.55918e-10,3.55918e-10,1,1,122,51,13,5,1,6,184,0.173
14,0.540342,27,3.55918e-10,3.55918e-10,1,1,120,51,13,4,0,4,170,0.17
14,0.540342,28,3.55918e-10,3.55918e-10,1,1,123,51,14,5,1,6,191,0.251
14,0.540342,29,3.55918e-10,3.55918e-10,1,1,121,51,14,4,0,4,177,0.252
14,0.540342,30,3.55918e-10,3.55918e-10,1,1,123,51,14,5,1,6,191,0.172
14,0.540342,31,3.55918e-10,3.55918e-10,1,1,121,51,14,4,0,4,177,0.17
14,0.540342,32,3.55918e-10,3.55918e-10,1,1,121,51,14,4,0,4,177,0.252
14,0.540342,33,3.55918e-10,3.55918e-10,1,1,123,51,14,5,1,6,191,0.18
14,0.540342,34,3.55918e-10,3.55918e-10,1,1,123,51,14,5,1,6,191,0.251
14,0.540342,35,3.55918e-10,3.55918e-10,1,1,121,51,14,4,0,4,177,0.178
14,0.650511,0,3.55918e-10,3.55918e-10,1,1,121,53,14,1,1,2,165,0.183
14,0.650511,1,3.55918e-10,3.55918e-10,1,1,121,53,14,1,1,2,165,0.181
14,0.650511,2,3.55918e-10,3.55918e-10,1,1,121,53,14,1,1,2,165,0.263
14,0.650511,3,3.55918e-10,3.55918e-10,1,1,121,53,14,1,1,2,165,0.262
14,0.650511,4,3.55918e-10,3.55918e-10,1,1,121,51,16,1,1,2,177,0.177
14,0.650511,5,3.55918e-10,3.55918e-10,1,1,121,51,16,1,1,2,177,0.176
14,0.650511,6,3.55918e-10,3.55918e-10,1,1,121,51,16,1,1,2,177,0.259
14,0.650511,7,3.55918e-10,3.55918e-10,1,1,121,51,16,1,1,2,177,0.261
14,0.650511,8,3.55918e-10,3.55918e-10,1,1,121,53,14,1,1,2,165,0.182
14,0.650511,9,3.55918e-10,3.55918e-10,1,1,121,53,14,1,1,2,165,0.177
14,0.650511,10,3.55918e-10,3.55918e-10,1,1,121,53,14,1,1,2,165,0.183
14,0.650511,11,3.55918e-10,3.55918e-10,1,1,121,53,14,1,1,2,165,0.176
14,0.650511,12,3.55918e-10,3.55918e-10,1,1,121,51,16,1,1,2,177,0.261
14,0.650511,13,3.55918e-10,3.55918e-10,1,1,121,51,16,1,1,2,177,0.262
14,0.650511,14,3.55918e-10,3.55918e-10,1,1,121,51,16,1,1,2,177,0.177
14,0.650511,15,3.55918e-10,3.55918e-10,1,1,121,51,16,1,1,2,177,0.177
14,0.650511,16,3.55918e-10,3.55918e-10,1,1,121,53,14,1,1,2,165,0.261
14,0.650511,17,3.55918e-10,3.55918e-10,1,1,121,53,14,1,1,2,165,0.264
14,0.650511,18,3.55918e-10,3.55918e-10,1,1,121,53,14,1,1,2,165,0.183
14,0.650511,19,3.55918e-10,3.55918e-10,1,1,121,53,14,1,1,2,165,0.178
14,0.650511,20,3.55918e-10,3.55918e-10,1,1,121,51,16,1,1,2,177,0.188
14,0.650511,21,3.55918e-10,3.55918e-10,1,1,121,51,16,1,1,2,177,0.184
14,0.650511,22,3.55918e-10,3.55918e-10,1,1,121,51,16,1,1,2,177,0.266
14,0.650511,23,3.55918e-10,3.55918e-10,1,1,121,51,16,1,1,2,177,0.266
14,0.650511,24,3.55918e-10,3.55918e-10,1,1,121,51,16,1,1,2,177,0.178
14,0.650511,25,3.55918e-10,3.55918e-10,1,1,121,51,16,1,1,2,177,0.176
14,0.650511,26,3.55918e-10,3.55918e-10,1,1,121,51,16,1,1,2,177,0.261
14,0.650511,27,3.55918e-10,3.55918e-10,1,1,121,51,16,1,1,2,177,0.264
14,0.650511,28,3.55918e-10,3.55918e-10,1,1,121,51,16,1,1,2,177,0.193
14,0.650511,29,3.55918e-10,3.55918e-10,1,1,121,51,16,1,1,2,177,0.196
14,0.650511,30,3.55918e-10,3.55918e-10,1,1,121,51,16,1,1,2,177,0.266
14,0.650511,31,3.55918e-10,3.55918e-10,1,1,121,51,16,1,1,2,177,0.176
14,0.650511,32,3.55918e-10,3.55918e-10,1,1,121,51,16,1,1,2,177,0.176
14,0.650511,33,3.55918e-10,3.55918e-10,1,1,121,51,16,1,1,2,177,0.263
14,0.650511,34,3.55918e-10,3.55918e-10,1,1,121,51,16,1,1,2,177,0.179
14,0.650511,35,3.55918e-10,3.55918e-10,1,1,121,51,16,1,1,2,177,0.174
14,0.758334,0,3.55918e-10,3.55918e-10,1,1,126,56,10,4,1,5,161,0.234
14,0.758334,1,3.55918e-10,3.55918e-10,1,1,124,56,10,3,0,3,147,0.235
14,0.758334,2,3.55918e-10,3.55918e-10,1,1,124,56,10,3,0,3,147,0.159
14,0.758334,3,3.55918e-10,3.55918e-10,1,1,126,56,10,4,1,5,161,0.157
14,0.758334,4,3.55918e-10,3.55918e-10,1,1,126,54,12,4,1,5,173,0.233
14,0.758334,5,3.55918e-10,3.55918e-10,1,1,124,54,12,3,0,3,159,0.157
14,0.758334,6,3.55918e-10,3.55918e-10,1,1,126,54,12,4,1,5,173,0.157
14,0.758334,7,3.55918e-10,3.55918e-10,1,1,124,54,12,3,0,3,159,0.234
14,0.758334,8,3.55918e-10,3.55918e-10,1,1,126,56,10,4,1,5,161,0.156
14,0.758334,9,3.55918e-10,3.55918e-10,1,1,124,56,10,3,0,3,147,0.157
14,0.758334,10,3.55918e-10,3.55918e-10,1,1,124,56,10,3,0,3,147,0.233
14,0.758334,11,3.55918e-10,3.55918e-10,1,1,126,56,10,4,1,5,161,0.234
14,0.758334,12,3.55918e-10,3.55918e-10,1,1,124,54,12,3,0,3,159,0.157
14,0.758334,13,3.55918e-10,3.55918e-10,1,1,126,54,12,4,1,5,173,0.159
14,0.758334,14,3.55918e-10,3.55918e-10,1,1,124,54,12,3,0,3,159,0.232
14,0.758334,15,3.55918e-10,3.55918e-10,1,1,126,54,12,4,1,5,173,0.157
14,0.758334,16,3.55918e-10,3.55918e-10,1,1,126,56,10,4,1,5,161,0.161
14,0.758334,17,3.55918e-10,3.55918e-10,1,1,124,56,10,3,0,3,147,0.233
14,0.758334,18,3.55918e-10,3.55918e-10,1,1,126,56,10,4,1,5,161,0.156
14,0.758334,19,3.55918e-10,3.55918e-10,1,1,124,56,10,3,0,3,147,0.171
14,0.758334,20,3.55918e-10,3.55918e-10,1,1,124,54,12,3,0,3,159,0.234
14,0.758334,21,3.55918e-10,3.55918e-10,1,1,126,54,12,4,1,5,173,0.234
14,0.758334,22,3.55918e-10,3.55918e-10,1,1,126,54,12,4,1,5,173,0.158
14,0.758334,23,3.55918e-10,3.55918e-10,1,1,124,54,12,3,0,3,159,0.176
14,0.758334,24,3.55918e-10,3.55918e-10,1,1,124,54,12,3,0,3,159,0.235
14,0.758334,25,3.55918e-10,3.55918e-10,1,1,126,54,12,4,1,5,173,0.156
14,0.758334,26,3.55918e-10,3.55918e-10,1,1,126,54,12,4,1,5,173,0.235
14,0.758334,27,3.55918e-10,3.55918e-10,1,1,124,54,12,3,0,3,159,0.164
14,0.758334,28,3.55918e-10,3.55918e-10,1,1,126,54,12,4,1,5,173,0.155
14,0.758334,29,3.55918e-10,3.55918e-10,1,1,124,54,12,3,0,3,159,0.232
14,0.758334,30,3.55918e-10,3.55918e-10,1,1,124,54,12,3,0,3,159,0.157
14,0.758334,31,3.55918e-10,3.55918e-10,1,1,126,54,12,4,1,5,173,0.231
14,0.758334,32,3.55918e-10,3.55918e-10,1,1,124,54,12,3,0,3,159,0.159
14,0.758334,33,3.55918e-10,3.55918e-10,1,1,126,54,12,4,1,5,173,0.164
14,0.758334,34,3.55918e-10,3.55918e-10,1,1,126,54,12,4,1,5,173,0.233
14,0.758334,35,3.55918e-10,3.55918e-10,1,1,124,54,12,3,0,3,159,0.234
14,0.867242,0,3.55918e-10,3.55918e-10,1,1,109,43,16,6,0,6,197,0.205
14,0.867242,1,3.55918e-10,3.55918e-10,1,1,111,43,16,7,1,8,211,0.2
14,0.867242,2,3.55918e-10,3.55918e-10,1,1,109,43,16,6,0,6,197,0.292
14,0.867242,3,3.55918e-10,3.55918e-10,1,1,111,43,16,7,1,8,211,0.199
14,0.867242,4,3.55918e-10,3.55918e-10,1,1,111,43,16,7,1,8,211,0.294
14,0.867242,5,3.55918e-10,3.55918e-10,1,1,109,43,16,6,0,6,197,0.199
14,0.867242,6,3.55918e-10,3.55918e-10,1,1,111,43,16,7,1,8,211,0.2
14,0.867242,7,3.55918e-10,3.55918e-10,1,1,109,43,16,6,0,6,197,0.202
14,0.867242,8,3.55918e-10,3.55918e-10,1,1,109,43,16,6,0,6,197,0.297
14,0.867242,9,3.55918e-10,3.55918e-10,1,1,111,43,16,7,1,8,211,0.296
14,0.867242,10,3.55918e-10,3.55918e-10,1,1,111,43,16,7,1,8,211,0.2
14,0.867242,11,3.55918e-10,3.55918e-10,1,1,109,43,16,6,0,6,197,0.197
14,0.867242,12,3.55918e-10,3.55918e-10,1,1,109,45,14,6,0,6,185,0.292
14,0.867242,13,3.55918e-10,3.55918e-10,1,1,111,45,14,7,1,8,199,0.206
14,0.867242,14,3.55918e-10,3.55918e-10,1,1,111,45,14,7,1,8,199,0.293
14,0.867242,15,3.55918e-10,3.55918e-10,1,1,109,45,14,6,0,6,185,0.2
14,0.867242,16,3.55918e-10,3.55918e-10,1,1,111,43,16,7,1,8,211,0.199
14,0.867242,17,3.55918e-10,3.55918e-10,1,1,109,43,16,6,0,6,197,0.199
14,0.867242,18,3.55918e-10,3.55918e-10,1,1,109,43,16,6,0,6,197,0.293
14,0.867242,19,3.55918e-10,3.55918e-10,1,1,111,43,16,7,1,8,211,0.294
14,0.867242,20,3.55918e-10,3.55918e-10,1,1,109,43,16,6,0,6,197,0.202
14,0.867242,21,3.55918e-10,3.55918e-10,1,1,111,43,16,7,1,8,211,0.199
14,0.867242,22,3.55918e-10,3.55918e-10,1,1,111,43,16,7,1,8,211,0.293
14,0.867242,23,3.55918e-10,3.55918e-10,1,1,109,43,16,6,0,6,197,0.293
14,0.867242,24,3.55918e-10,3.55918e-10,1,1,109,45,14,6,0,6,185,0.199
14,0.867242,25,3.55918e-10,3.55918e-10,1,1,111,45,14,7,1,8,199,0.201
14,0.867242,26,3.55918e-10,3.55918e-10,1,1,109,45,14,6,0,6,185,0.202
14,0.867242,27,3.55918e-10,3.55918e-10,1,1,111,45,14,7,1,8,199,0.292
14,0.867242,28,3.55918e-10,3.55918e-10,1,1,111,43,16,7,1,8,211,0.199
14,0.867242,29,3.55918e-10,3.55918e-10,1,1,109,43,16,6,0,6,197,0.295
14,0.867242,30,3.55918e-10,3.55918e-10,1,1,109,43,16,6,0,6,197,0.261
14,0.867242,31,3.55918e-10,3.55918e-10,1,1,111,43,16,7,1,8,211,0.209
14,0.867242,32,3.55918e-10,3.55918e-10,1,1,111,45,14,7,1,8,199,0.293
14,0.867242,33,3.55918e-10,3.55918e-10,1,1,109,45,14,6,0,6,185,0.294
14,0.867242,34,3.55918e-10,3.55918e-10,1,1,111,45,14,7,1,8,199,0.198
14,0.867242,35,3.55918e-10,3.55918e-10,1,1,109,45,14,6,0,6,185,0.195
14,0.975289,0,3.55918e-10,3.55918e-10,1,1,89,31,20,8,0,8,227,0.359
14,0.975289,1,3.55918e-10,3.55918e-10,1,1,91,31,20,9,1,10,241,0.268
14,0.975289,2,3.55918e-10,3.55918e-10,1,1,89,31,20,8,0,8,227,0.244
14,0.975289,3,3.55918e-10,3.55918e-10,1,1,91,31,20,9,1,10,241,0.359
14,0.975289,4,3.55918e-10,3.55918e-10,1,1,89,29,22,8,0,8,239,0.294
14,0.975289,5,3.55918e-10,3.55918e-10,1,1,91,29,22,9,1,10,253,0.248
14,0.975289,6,3.55918e-10,3.55918e-10,1,1,91,29,22,9,1,10,253,0.363
14,0.975289,7,3.55918e-10,3.55918e-10,1,1,89,29,22,8,0,8,239,0.363
14,0.975289,8,3.55918e-10,3.55918e-10,1,1,91,29,22,9,1,10,253,0.252
14,0.975289,9,3.55918e-10,3.55918e-10,1,1,89,29,22,8,0,8,239,0.251
14,0.975289,10,3.55918e-10,3.55918e-10,1,1,91,29,22,9,1,10,253,0.36
14,0.975289,11,3.55918e-10,3.55918e-10,1,1,89,29,22,8,0,8,239,0.359
14,0.975289,12,3.55918e-10,3.55918e-10,1,1,91,31,20,9,1,10,241,0.242
14,0.975289,13,3.55918e-10,3.55918e-10,1,1,89,31,20,8,0,8,227,0.24
14,0.975289,14,3.55918e-10,3.55918e-10,1,1,89,31,20,8,0,8,227,0.246
14,0.975289,15,3.55918e-10,3.55918e-10,1,1,91,31,20,9,1,10,241,0.246
14,0.975289,16,3.55918e-10,3.55918e-10,1,1,89,29,22,8,0,8,239,0.363
14,0.975289,17,3.55918e-10,3.55918e-10,1,1,91,29,22,9,1,10,253,0.362
14,0.975289,18,3.55918e-10,3.55918e-10,1,1,91,29,22,9,1,10,253,0.244
14,0.975289,19,3.55918e-10,3.55918e-10,1,1,89,29,22,8,0,8,239,0.24
14,0.975289,20,3.55918e-10,3.55918e-10,1,1,91,31,20,9,1,10,241,0.356
14,0.975289,21,3.55918e-10,3.55918e-10,1,1,89,31,20,8,0,8,227,0.356
14,0.975289,22,3.55918e-10,3.55918e-10,1,1,91,31,20,9,1,10,241,0.245
14,0.975289,23,3.55918e-10,3.55918e-10,1,1,89,31,20,8,0,8,227,0.239
14,0.975289,24,3.55918e-10,3.55918e-10,1,1,91,29,22,9,1,10,253,0.244
14,0.975289,25,3.55918e-10,3.55918e-10,1,1,89,29,22,8,0,8,239,0.244
14,0.975289,26,3.55918e-10,3.55918e-10,1,1,89,29,22,8,0,8,239,0.357
14,0.975289,27,3.55918e-10,3.55918e-10,1,1,91,29,22,9,1,10,253,0.355
14,0.975289,28,3.55918e-10,3.55918e-10,1,1,89,29,22,8,0,8,239,0.243
14,0.975289,29,3.55918e-10,3.55918e-10,1,1,91,29,22,9,1,10,253,0.24
14,0.975289,30,3.55918e-10,3.55918e-10,1,1,91,29,22,9,1,10,253,0.354
14,0.975289,31,3.55918e-10,3.55918e-10,1,1,89,29,22,8,0,8,239,0.357
14,0.975289,32,3.55918e-10,3.55918e-10,1,1,89,29,22,8,0,8,239,0.257
14,0.975289,33,3.55918e-10,3.55918e-10,1,1,91,29,22,9,1,10,253,0.245
14,0.975289,34,3.55918e-10,3.55918e-10,1,1,91,29,22,9,1,10,253,0.245
14,0.975289,35,3.55918e-10,3.55918e-10,1,1,89,29,22,8,0,8,239,0.247
14,1.08253,0,3.55918e-10,3.55918e-10,1,1,131,57,12,3,1,4,169,0.222
14,1.08253,1,3.55918e-10,3.55918e-10,1,1,131,57,12,3,1,4,169,0.222
14,1.08253,2,3.55918e-10,3.55918e-10,1,1,131,57,12,3,1,4,169,0.224
14,1.08253,3,3.55918e-10,3.55918e-10,1,1,131,57,12,3,1,4,169,0.153
14,1.08253,4,3.55918e-10,3.55918e-10,1,1,131,57,12,3,1,4,169,0.15
14,1.08253,5,3.55918e-10,3.55918e-10,1,1,131,57,12,3,1,4,169,0.223
14,1.08253,6,3.55918e-10,3.55918e-10,1,1,131,57,12,3,1,4,169,0.151
14,1.08253,7,3.55918e-10,3.55918e-10,1,1,131,57,12,3,1,4,169,0.15
14,1.08253,8,3.55918e-10,3.55918e-10,1,1,131,57,12,3,1,4,169,0.225
14,1.08253,9,3.55918e-10,3.55918e-10,1,1,131,57,12,3,1,4,169,0.225
14,1.08253,10,3.55918e-10,3.55918e-10,1,1,131,57,12,3,1,4,169,0.165
14,1.08253,11,3.55918e-10,3.55918e-10,1,1,131,57,12,3,1,4,169,0.15
14,1.08253,12,3.55918e-10,3.55918e-10,1,1,131,59,10,3,1,4,157,0.223
14,1.08253,13,3.55918e-10,3.55918e-10,1,1,131,59,10,3,1,4,157,0.151
14,1.08253,14,3.55918e-10,3.55918e-10,1,1,131,59,10,3,1,4,157,0.151
14,1.08253,15,3.55918e-10,3.55918e-10,1,1,131,59,10,3,1,4,157,0.223
14,1.08253,16,3.55918e-10,3.55918e-10,1,1,131,57,12,3,1,4,169,0.149
14,1.08253,17,3.55918e-10,3.55918e-10,1,1,131,57,12,3,1,4,169,0.147
14,1.08253,18,3.55918e-10,3.55918e-10,1,1,131,57,12,3,1,4,169,0.223
14,1.08253,19,3.55918e-10,3.55918e-10,1,1,131,57,12,3,1,4,169,0.224
14,1.08253,20,3.55918e-10,3.55918e-10,1,1,131,59,10,3,1,4,157,0.149
14,1.08253,21,3.55918e-10,3.55918e-10,1,1,131,59,10,3,1,4,157,0.151
14,1.08253,22,3.55918e-10,3.55918e-10,1,1,131,59,10,3,1,4,157,0.226
14,1.08253,23,3.55918e-10,3.55918e-10,1,1,131,59,10,3,1,4,157,0.152
14,1.08253,24,3.55918e-10,3.55918e-10,1,1,131,57,12,3,1,4,169,0.154
14,1.08253,25,3.55918e-10,3.55918e-10,1,1,131,57,12,3,1,4,169,0.226
14,1.08253,26,3.55918e-10,3.55918e-10,1,1,131,57,12,3,1,4,169,0.152
14,1.08253,27,3.55918e-10,3.55918e-10,1,1,131,57,12,3,1,4,169,0.152
14,1.08253,28,3.55918e-10,3.55918e-10,1,1,131,57,12,3,1,4,169,0.225
14,1.08253,29,3.55918e-10,3.55918e-10,1,1,131,57,12,3,1,4,169,0.223
14,1.08253,30,3.55918e-10,3.55918e-10,1,1,131,57,12,3,1,4,169,0.148
14,1.08253,31,3.55918e-10,3.55918e-10,1,1,131,57,12,3,1,4,169,0.149
14,1.08253,32,3.55918e-10,3.55918e-10,1,1,131,59,10,3,1,4,157,0.222
14,1.08253,33,3.55918e-10,3.55918e-10,1,1,131,59,10,3,1,4,157,0.15
14,1.08253,34,3.55918e-10,3.55918e-10,1,1,131,59,10,3,1,4,157,0.147
14,1.08253,35,3.55918e-10,3.55918e-10,1,1,131,59,10,3,1,4,157,0.22
14,1.19171,0,3.55918e-10,3.55918e-10,1,1,111,45,18,2,0,2,185,0.199
14,1.19171,1,3.55918e-10,3.55918e-10,1,1,113,45,18,3,1,4,199,0.211
14,1.19171,2,3.55918e-10,3.55918e-10,1,1,111,45,18,2,0,2,185,0.3
14,1.19171,3,3.55918e-10,3.55918e-10,1,1,113,45,18,3,1,4,199,0.3
14,1.19171,4,3.55918e-10,3.55918e-10,1,1,111,45,18,2,0,2,185,0.204
14,1.19171,5,3.55918e-10,3.55918e-10,1,1,113,45,18,3,1,4,199,0.215
14,1.19171,6,3.55918e-10,3.55918e-10,1,1,113,45,18,3,1,4,199,0.301
14,1.19171,7,3.55918e-10,3.55918e-10,1,1,111,45,18,2,0,2,185,0.303
14,1.19171,8,3.55918e-10,3.55918e-10,1,1,111,45,18,2,0,2,185,0.202
14,1.19171,9,3.55918e-10,3.55918e-10,1,1,113,45,18,3,1,4,199,0.203
14,1.19171,10,3.55918e-10,3.55918e-10,1,1,113,45,18,3,1,4,199,0.203
14,1.19171,11,3.55918e-10,3.55918e-10,1,1,111,45,18,2,0,2,185,0.205
14,1.19171,12,3.55918e-10,3.55918e-10,1,1,113,45,18,3,1,4,199,0.302
14,1.19171,13,3.55918e-10,3.55918e-10,1,1,111,45,18,2,0,2,185,0.301
14,1.19171,14,3.55918e-10,3.55918e-10,1,1,111,45,18,2,0,2,185,0.201
14,1.19171,15,3.55918e-10,3.55918e-10,1,1,113,45,18,3,1,4,199,0.202
14,1.19171,16,3.55918e-10,3.55918e-10,1,1,113,45,18,3,1,4,199,0.3
14,1.19171,17,3.55918e-10,3.55918e-10,1,1,111,45,18,2,0,2,185,0.299
14,1.19171,18,3.55918e-10,3.55918e-10,1,1,111,45,18,2,0,2,185,0.202
14,1.19171,19,3.55918e-10,3.55918e-10,1,1,113,45,18,3,1,4,199,0.199
14,1.19171,20,3.55918e-10,3.55918e-10,1,1,111,47,16,2,0,2,173,0.2
14,1.19171,21,3.55918e-10,3.55918e-10,1,1,113,47,16,3,1,4,187,0.302
14,1.19171,22,3.55918e-10,3.55918e-10,1,1,113,47,16,3,1,4,187,0.203
14,1.19171,23,3.55918e-10,3.55918e-10,1,1,111,47,16,2,0,2,173,0.304
14,1.19171,24,3.55918e-10,3.55918e-10,1,1,111,47,16,2,0,2,173,0.204
14,1.19171,25,3.55918e-10,3.55918e-10,1,1,113,47,16,3,1,4,187,0.203
14,1.19171,26,3.55918e-10,3.55918e-10,1,1,113,47,16,3,1,4,187,0.304
14,1.19171,27,3.55918e-10,3.55918e-10,1,1,111,47,16,2,0,2,173,0.303
14,1.19171,28,3.55918e-10,3.55918e-10,1,1,111,45,18,2,0,2,185,0.203
14,1.19171,29,3.55918e-10,3.55918e-10,1,1,113,45,18,3,1,4,199,0.203
14,1.19171,30,3.55918e-10,3.55918e-10,1,1,113,45,18,3,1,4,199,0.218
14,1.19171,31,3.55918e-10,3.55918e-10,1,1,111,45,18,2,0,2,185,0.304
14,1.19171,32,3.55918e-10,3.55918e-10,1,1,113,47,16,3,1,4,187,0.214
14,1.19171,33,3.55918e-10,3.55918e-10,1,1,111,47,16,2,0,2,173,0.303
14,1.19171,34,3.55918e-10,3.55918e-10,1,1,111,47,16,2,0,2,173,0.203
14,1.19171,35,3.55918e-10,3.55918e-10,1,1,113,47,16,3,1,4,187,0.203
14,1.29683,0,3.55918e-10,3.55918e-10,1,1,89,29,22,8,0,8,239,0.356
14,1.29683,1,3.55918e-10,3.55918e-10,1,1,91,29,22,9,1,10,253,0.357
14,1.29683,2,3.55918e-10,3.55918e-10,1,1,91,29,22,9,1,10,253,0.239
14,1.29683,3,3.55918e-10,3.55918e-10,1,1,89,29,22,8,0,8,239,0.24
14,1.29683,4,3.55918e-10,3.55918e-10,1,1,88,29,20,9,1,10,239,0.242
14,1.29683,5,3.55918e-10,3.55918e-10,1,1,86,29,20,8,0,8,225,0.358
14,1.29683,6,3.55918e-10,3.55918e-10,1,1,88,29,20,9,1,10,239,0.242
14,1.29683,7,3.55918e-10,3.55918e-10,1,1,86,29,20,8,0,8,225,0.357
14,1.29683,8,3.55918e-10,3.55918e-10,1,1,91,29,22,9,1,10,253,0.239
14,1.29683,9,3.55918e-10,3.55918e-10,1,1,89,29,22,8,0,8,239,0.237
14,1.29683,10,3.55918e-10,3.55918e-10,1,1,91,29,22,9,1,10,253,0.357
14,1.29683,11,3.55918e-10,3.55918e-10,1,1,89,29,22,8,0,8,239,0.358
14,1.29683,12,3.55918e-10,3.55918e-10,1,1,91,29,22,9,1,10,253,0.238
14,1.29683,13,3.55918e-10,3.55918e-10,1,1,89,29,22,8,0,8,239,0.252
14,1.29683,14,3.55918e-10,3.55918e-10,1,1,89,29,22,8,0,8,239,0.243
14,1.29683,15,3.55918e-10,3.55918e-10,1,1,91,29,22,9,1,10,253,0.427
14,1.29683,16,3.55918e-10,3.55918e-10,1,1,88,29,20,9,1,10,239,0.257
14,1.29683,17,3.55918e-10,3.55918e-10,1,1,86,29,20,8,0,8,225,0.412
14,1.29683,18,3.55918e-10,3.55918e-10,1,1,86,29,20,8,0,8,225,0.432
14,1.29683,19,3.55918e-10,3.55918e-10,1,1,88,29,20,9,1,10,239,0.362
14,1.29683,20,3.55918e-10,3.55918e-10,1,1,86,29,20,8,0,8,225,0.407
14,1.29683,21,3.55918e-10,3.55918e-10,1,1,88,29,20,9,1,10,239,0.377
14,1.29683,22,3.55918e-10,3.55918e-10,1,1,86,29,20,8,0,8,225,0.256
14,1.29683,23,3.55918e-10,3.55918e-10,1,1,88,29,20,9,1,10,239,0.444
14,1.29683,24,3.55918e-10,3.55918e-10,1,1,91,29,22,9,1,10,253,0.374
14,1.29683,25,3.55918e-10,3.55918e-10,1,1,89,29,22,8,0,8,239,0.375
14,1.29683,26,3.55918e-10,3.55918e-10,1,1,89,29,22,8,0,8,239,0.253
14,1.29683,27,3.55918e-10,3.55918e-10,1,1,91,29,22,9,1,10,253,0.442
14,1.29683,28,3.55918e-10,3.55918e-10,1,1,91,29,22,9,1,10,253,0.252
14,1.29683,29,3.55918e-10,3.55918e-10,1,1,89,29,22,8,0,8,239,0.378
14,1.29683,30,3.55918e-10,3.55918e-10,1,1,89,29,22,8,0,8,239,0.379
14,1.29683,31,3.55918e-10,3.55918e-10,1,1,91,29,22,9,1,10,253,0.251
14,1.29683,32,3.55918e-10,3.55918e-10,1,1,89,29,22,8,0,8,239,0.439
14,1.29683,33,3.55918e-10,3.55918e-10,1,1,91,29,22,9,1,10,253,0.375
14,1.29683,34,3.55918e-10,3.55918e-10,1,1,91,29,22,9,1,10,253,0.376
14,1.29683,35,3.55918e-10,3.55918e-10,1,1,89,29,22,8,0,8,239,0.27
14,1.40745,0,3.55918e-10,3.55918e-10,1,1,107,43,16,5,1,6,197,0.224
14,1.40745,1,3.55918e-10,3.55918e-10,1,1,107,43,16,5,1,6,197,0.337
14,1.40745,2,3.55918e-10,3.55918e-10,1,1,107,43,16,5,1,6,197,0.337
14,1.40745,3,3.55918e-10,3.55918e-10,1,1,107,43,16,5,1,6,197,0.393
14,1.40745,4,3.55918e-10,3.55918e-10,1,1,107,41,18,5,1,6,209,0.26
14,1.40745,5,3.55918e-10,3.55918e-10,1,1,107,41,18,5,1,6,209,0.343
14,1.40745,6,3.55918e-10,3.55918e-10,1,1,107,41,18,5,1,6,209,0.344
14,1.40745,7,3.55918e-10,3.55918e-10,1,1,107,41,18,5,1,6,209,0.396
14,1.40745,8,3.55918e-10,3.55918e-10,1,1,107,43,16,5,1,6,197,0.23
14,1.40745,9,3.55918e-10,3.55918e-10,1,1,107,43,16,5,1,6,197,0.228
14,1.40745,10,3.55918e-10,3.55918e-10,1,1,107,43,16,5,1,6,197,0.339
14,1.40745,11,3.55918e-10,3.55918e-10,1,1,107,43,16,5,1,6,197,0.34
14,1.40745,12,3.55918e-10,3.55918e-10,1,1,107,41,18,5,1,6,209,0.393
14,1.40745,13,3.55918e-10,3.55918e-10,1,1,107,41,18,5,1,6,209,0.227
14,1.40745,14,3.55918e-10,3.55918e-10,1,1,107,41,18,5,1,6,209,0.338
14,1.40745,15,3.55918e-10,3.55918e-10,1,1,107,41,18,5,1,6,209,0.336
14,1.40745,16,3.55918e-10,3.55918e-10,1,1,107,41,18,5,1,6,209,0.227
14,1.40745,17,3.55918e-10,3.55918e-10,1,1,107,41,18,5,1,6,209,0.392
14,1.40745,18,3.55918e-10,3.55918e-10,1,1,107,41,18,5,1,6,209,0.336
14,1.40745,19,3.55918e-10,3.55918e-10,1,1,107,41,18,5,1,6,209,0.224
14,1.40745,20,3.55918e-10,3.55918e-10,1,1,107,43,16,5,1,6,197,0.335
14,1.40745,21,3.55918e-10,3.55918e-10,1,1,107,43,16,5,1,6,197,0.222
14,1.40745,22,3.55918e-10,3.55918e-10,1,1,107,43,16,5,1,6,197,0.39
14,1.40745,23,3.55918e-10,3.55918e-10,1,1,107,43,16,5,1,6,197,0.332
14,1.40745,24,3.55918e-10,3.55918e-10,1,1,107,41,18,5,1,6,209,0.33
14,1.40745,25,3.55918e-10,3.55918e-10,1,1,107,41,18,5,1,6,209,0.228
14,1.40745,26,3.55918e-10,3.55918e-10,1,1,107,41,18,5,1,6,209,0.389
14,1.40745,27,3.55918e-10,3.55918e-10,1,1,107,41,18,5,1,6,209,0.333
14,1.40745,28,3.55918e-10,3.55918e-10,1,1,107,41,18,5,1,6,209,0.332
14,1.40745,29,3.55918e-10,3.55918e-10,1,1,107,41,18,5,1,6,209,0.223
14,1.40745,30,3.55918e-10,3.55918e-10,1,1,107,41,18,5,1,6,209,0.223
14,1.40745,31,3.55918e-10,3.55918e-10,1,1,107,41,18,5,1,6,209,0.333
14,1.40745,32,3.55918e-10,3.55918e-10,1,1,107,41,18,5,1,6,209,0.39
14,1.40745,33,3.55918e-10,3.55918e-10,1,1,107,41,18,5,1,6,209,0.335
14,1.40745,34,3.55918e-10,3.55918e-10,1,1,107,41,18,5,1,6,209,0.228
14,1.40745,35,3.55918e-10,3.55918e-10,1,1,107,41,18,5,1,6,209,0.332
14,1.51822,0,3.55918e-10,3.55918e-10,1,1,105,39,16,9,1,10,221,0.307
14,1.51822,1,3.55918e-10,3.55918e-10,1,1,103,39,16,8,0,8,207,0.226
14,1.51822,2,3.55918e-10,3.55918e-10,1,1,103,39,16,8,0,8,207,0.38
14,1.51822,3,3.55918e-10,3.55918e-10,1,1,105,39,16,9,1,10,221,0.239
14,1.51822,4,3.55918e-10,3.55918e-10,1,1,105,39,16,9,1,10,221,0.346
14,1.51822,5,3.55918e-10,3.55918e-10,1,1,103,39,16,8,0,8,207,0.385
14,1.51822,6,3.55918e-10,3.55918e-10,1,1,105,39,16,9,1,10,221,0.274
14,1.51822,7,3.55918e-10,3.55918e-10,1,1,103,39,16,8,0,8,207,0.257
14,1.51822,8,3.55918e-10,3.55918e-10,1,1,105,39,16,9,1,10,221,0.294
14,1.51822,9,3.55918e-10,3.55918e-10,1,1,103,39,16,8,0,8,207,0.194
14,1.51822,10,3.55918e-10,3.55918e-10,1,1,103,39,16,8,0,8,207,0.297
14,1.51822,11,3.55918e-10,3.55918e-10,1,1,105,39,16,9,1,10,221,0.195
14,1.51822,12,3.55918e-10,3.55918e-10,1,1,103,41,14,8,0,8,195,0.197
14,1.51822,13,3.55918e-10,3.55918e-10,1,1,105,41,14,9,1,10,209,0.197
14,1.51822,14,3.55918e-10,3.55918e-10,1,1,105,41,14,9,1,10,209,0.295
14,1.51822,15,3.55918e-10,3.55918e-10,1,1,103,41,14,8,0,8,195,0.298
14,1.51822,16,3.55918e-10,3.55918e-10,1,1,105,39,16,9,1,10,221,0.195
14,1.51822,17,3.55918e-10,3.55918e-10,1,1,103,39,16,8,0,8,207,0.199
14,1.51822,18,3.55918e-10,3.55918e-10,1,1,105,39,16,9,1,10,221,0.293
14,1.51822,19,3.55918e-10,3.55918e-10,1,1,103,39,16,8,0,8,207,0.195
14,1.51822,20,3.55918e-10,3.55918e-10,1,1,103,39,16,8,0,8,207,0.298
14,1.51822,21,3.55918e-10,3.55918e-10,1,1,105,39,16,9,1,10,221,0.194
14,1.51822,22,3.55918e-10,3.55918e-10,1,1,103,39,16,8,0,8,207,0.197
14,1.51822,23,3.55918e-10,3.55918e-10,1,1,105,39,16,9,1,10,221,0.199
14,1.51822,24,3.55918e-10,3.55918e-10,1,1,103,39,16,8,0,8,207,0.295
14,1.51822,25,3.55918e-10,3.55918e-10,1,1,105,39,16,9,1,10,221,0.304
14,1.51822,26,3.55918e-10,3.55918e-10,1,1,105,39,16,9,1,10,221,0.197
14,1.51822,27,3.55918e-10,3.55918e-10,1,1,103,39,16,8,0,8,207,0.2
14,1.51822,28,3.55918e-10,3.55918e-10,1,1,103,41,14,8,0,8,195,0.294
14,1.51822,29,3.55918e-10,3.55918e-10,1,1,105,41,14,9,1,10,209,0.198
14,1.51822,30,3.55918e-10,3.55918e-10,1,1,105,41,14,9,1,10,209,0.303
14,1.51822,31,3.55918e-10,3.55918e-10,1,1,103,41,14,8,0,8,195,0.202
14,1.51822,32,3.55918e-10,3.55918e-10,1,1,103,41,14,8,0,8,195,0.195
14,1.51822,33,3.55918e-10,3.55918e-10,1,1,105,41,14,9,1,10,209,0.2
14,1.51822,34,3.55918e-10,3.55918e-10,1,1,103,41,14,8,0,8,195,0.293
14,1.51822,35,3.55918e-10,3.55918e-10,1,1,105,41,14,9,1,10,209,0.305
14,1.62618,0,3.55918e-10,3.55918e-10,1,1,90,29,19,11,1,12,246,0.214
14,1.62618,1,3.55918e-10,3.55918e-10,1,1,90,29,19,11,1,12,246,0.215
14,1.62618,2,3.55918e-10,3.55918e-10,1,1,88,29,18,11,1,12,239,0.316
14,1.62618,3,3.55918e-10,3.55918e-10,1,1,88,29,18,11,1,12,239,0.212
14,1.62618,4,3.55918e-10,3.55918e-10,1,1,91,29,20,11,1,12,253,0.321
14,1.62618,5,3.55918e-10,3.55918e-10,1,1,91,29,20,11,1,12,253,0.215
14,1.62618,6,3.55918e-10,3.55918e-10,1,1,91,29,20,11,1,12,253,0.212
14,1.62618,7,3.55918e-10,3.55918e-10,1,1,91,29,20,11,1,12,253,0.315
14,1.62618,8,3.55918e-10,3.55918e-10,1,1,90,29,19,11,1,12,246,0.214
14,1.62618,9,3.55918e-10,3.55918e-10,1,1,90,29,19,11,1,12,246,0.325
14,1.62618,10,3.55918e-10,3.55918e-10,1,1,88,29,18,11,1,12,239,0.211
14,1.62618,11,3.55918e-10,3.55918e-10,1,1,88,29,18,11,1,12,239,0.225
14,1.62618,12,3.55918e-10,3.55918e-10,1,1,91,29,20,11,1,12,253,0.315
14,1.62618,13,3.55918e-10,3.55918e-10,1,1,91,29,20,11,1,12,253,0.22
14,1.62618,14,3.55918e-10,3.55918e-10,1,1,91,29,20,11,1,12,253,0.323
14,1.62618,15,3.55918e-10,3.55918e-10,1,1,91,29,20,11,1,12,253,0.214
14,1.62618,16,3.55918e-10,3.55918e-10,1,1,90,29,19,11,1,12,246,0.209
14,1.62618,17,3.55918e-10,3.55918e-10,1,1,88,29,18,11,1,12,239,0.313
14,1.62618,18,3.55918e-10,3.55918e-10,1,1,88,29,18,11,1,12,239,0.214
14,1.62618,19,3.55918e-10,3.55918e-10,1,1,90,29,19,11,1,12,246,0.326
14,1.62618,20,3.55918e-10,3.55918e-10,1,1,91,29,20,11,1,12,253,0.214
14,1.62618,21,3.55918e-10,3.55918e-10,1,1,91,29,20,11,1,12,253,0.215
14,1.62618,22,3.55918e-10,3.55918e-10,1,1,91,29,20,11,1,12,253,0.318
14,1.62618,23,3.55918e-10,3.55918e-10,1,1,91,29,20,11,1,12,253,0.214
14,1.62618,24,3.55918e-10,3.55918e-10,1,1,91,29,20,11,1,12,253,0.329
14,1.62618,25,3.55918e-10,3.55918e-10,1,1,91,29,20,11,1,12,253,0.215
14,1.62618,26,3.55918e-10,3.55918e-10,1,1,91,29,20,11,1,12,253,0.214
14,1.62618,27,3.55918e-10,3.55918e-10,1,1,91,29,20,11,1,12,253,0.318
14,1.62618,28,3.55918e-10,3.55918e-10,1,1,91,29,20,11,1,12,253,0.22
14,1.62618,29,3.55918e-10,3.55918e-10,1,1,91,29,20,11,1,12,253,0.327
14,1.62618,30,3.55918e-10,3.55918e-10,1,1,91,29,20,11,1,12,253,0.214
14,1.62618,31,3.55918e-10,3.55918e-10,1,1,91,29,20,11,1,12,253,0.216
14,1.62618,32,3.55918e-10,3.55918e-10,1,1,91,29,20,11,1,12,253,0.316
14,1.62618,33,3.55918e-10,3.55918e-10,1,1,91,29,20,11,1,12,253,0.214
14,1.62618,34,3.55918e-10,3.55918e-10,1,1,91,29,20,11,1,12,253,0.323
14,1.62618,35,3.55918e-10,3.55918e-10,1,1,91,29,20,11,1,12,253,0.229
14,1.73391,0,3.55918e-10,3.55918e-10,1,1,115,47,14,6,0,6,187,0.18
14,1.73391,1,3.55918e-10,3.55918e-10,1,1,117,47,14,7,1,8,201,0.267
14,1.73391,2,3.55918e-10,3.55918e-10,1,1,115,47,14,6,0,6,187,0.18
14,1.73391,3,3.55918e-10,3.55918e-10,1,1,117,47,14,7,1,8,201,0.27
14,1.73391,4,3.55918e-10,3.55918e-10,1,1,115,49,12,6,0,6,175,0.178
14,1.73391,5,3.55918e-10,3.55918e-10,1,1,117,49,12,7,1,8,189,0.188
14,1.73391,6,3.55918e-10,3.55918e-10,1,1,115,49,12,6,0,6,175,0.266
14,1.73391,7,3.55918e-10,3.55918e-10,1,1,117,49,12,7,1,8,189,0.178
14,1.73391,8,3.55918e-10,3.55918e-10,1,1,117,49,12,7,1,8,189,0.273
14,1.73391,9,3.55918e-10,3.55918e-10,1,1,115,49,12,6,0,6,175,0.184
14,1.73391,10,3.55918e-10,3.55918e-10,1,1,117,49,12,7,1,8,189,0.18
14,1.73391,11,3.55918e-10,3.55918e-10,1,1,115,49,12,6,0,6,175,0.269
14,1.73391,12,3.55918e-10,3.55918e-10,1,1,117,47,14,7,1,8,201,0.18
14,1.73391,13,3.55918e-10,3.55918e-10,1,1,115,47,14,6,0,6,187,0.269
14,1.73391,14,3.55918e-10,3.55918e-10,1,1,115,47,14,6,0,6,187,0.18
14,1.73391,15,3.55918e-10,3.55918e-10,1,1,117,47,14,7,1,8,201,0.265
14,1.73391,16,3.55918e-10,3.55918e-10,1,1,117,47,14,7,1,8,201,0.179
14,1.73391,17,3.55918e-10,3.55918e-10,1,1,115,47,14,6,0,6,187,0.177
14,1.73391,18,3.55918e-10,3.55918e-10,1,1,115,47,14,6,0,6,187,0.267
14,1.73391,19,3.55918e-10,3.55918e-10,1,1,117,47,14,7,1,8,201,0.176
14,1.73391,20,3.55918e-10,3.55918e-10,1,1,117,49,12,7,1,8,189,0.265
14,1.73391,21,3.55918e-10,3.55918e-10,1,1,115,49,12,6,0,6,175,0.176
14,1.73391,22,3.55918e-10,3.55918e-10,1,1,115,49,12,6,0,6,175,0.178
14,1.73391,23,3.55918e-10,3.55918e-10,1,1,117,49,12,7,1,8,189,0.268
14,1.73391,24,3.55918e-10,3.55918e-10,1,1,117,47,14,7,1,8,201,0.18
14,1.73391,25,3.55918e-10,3.55918e-10,1,1,115,47,14,6,0,6,187,0.266
14,1.73391,26,3.55918e-10,3.55918e-10,1,1,115,47,14,6,0,6,187,0.182
14,1.73391,27,3.55918e-10,3.55918e-10,1,1,117,47,14,7,1,8,201,0.192
14,1.73391,28,3.55918e-10,3.55918e-10,1,1,115,47,14,6,0,6,187,0.267
14,1.73391,29,3.55918e-10,3.55918e-10,1,1,117,47,14,7,1,8,201,0.184
14,1.73391,30,3.55918e-10,3.55918e-10,1,1,117,47,14,7,1,8,201,0.264
14,1.73391,31,3.55918e-10,3.55918e-10,1,1,115,47,14,6,0,6,187,0.179
14,1.73391,32,3.55918e-10,3.55918e-10,1,1,117,47,14,7,1,8,201,0.183
14,1.73391,33,3.55918e-10,3.55918e-10,1,1,115,47,14,6,0,6,187,0.272
14,1.73391,34,3.55918e-10,3.55918e-10,1,1,115,47,14,6,0,6,187,0.177
14,1.73391,35,3.55918e-10,3.55918e-10,1,1,117,47,14,7,1,8,201,0.268
14,1.84139,0,3.55918e-10,3.55918e-10,1,1,109,43,14,7,1,8,197,0.196
14,1.84139,1,3.55918e-10,3.55918e-10,1,1,109,43,14,7,1,8,197,0.278
14,1.84139,2,3.55918e-10,3.55918e-10,1,1,109,43,14,7,1,8,197,0.302
14,1.84139,3,3.55918e-10,3.55918e-10,1,1,109,43,14,7,1,8,197,0.2
14,1.84139,4,3.55918e-10,3.55918e-10,1,1,109,45,12,7,1,8,185,0.292
14,1.84139,5,3.55918e-10,3.55918e-10,1,1,109,45,12,7,1,8,185,0.272
14,1.84139,6,3.55918e-10,3.55918e-10,1,1,109,45,12,7,1,8,185,0.199
14,1.84139,7,3.55918e-10,3.55918e-10,1,1,109,45,12,7,1,8,185,0.21
14,1.84139,8,3.55918e-10,3.55918e-10,1,1,109,43,14,7,1,8,197,0.281
14,1.84139,9,3.55918e-10,3.55918e-10,1,1,109,43,14,7,1,8,197,0.201
14,1.84139,10,3.55918e-10,3.55918e-10,1,1,109,43,14,7,1,8,197,0.188
14,1.84139,11,3.55918e-10,3.55918e-10,1,1,109,43,14,7,1,8,197,0.202
14,1.84139,12,3.55918e-10,3.55918e-10,1,1,109,43,14,7,1,8,197,0.192
14,1.84139,13,3.55918e-10,3.55918e-10,1,1,109,43,14,7,1,8,197,0.285
14,1.84139,14,3.55918e-10,3.55918e-10,1,1,109,43,14,7,1,8,197,0.19
14,1.84139,15,3.55918e-10,3.55918e-10,1,1,109,43,14,7,1,8,197,0.192
14,1.84139,16,3.55918e-10,3.55918e-10,1,1,109,43,14,7,1,8,197,0.193
14,1.84139,17,3.55918e-10,3.55918e-10,1,1,109,43,14,7,1,8,197,0.193
14,1.84139,18,3.55918e-10,3.55918e-10,1,1,109,43,14,7,1,8,197,0.207
14,1.84139,19,3.55918e-10,3.55918e-10,1,1,109,43,14,7,1,8,197,0.283
14,1.84139,20,3.55918e-10,3.55918e-10,1,1,109,43,14,7,1,8,197,0.186
14,1.84139,21,3.55918e-10,3.55918e-10,1,1,109,43,14,7,1,8,197,0.188
14,1.84139,22,3.55918e-10,3.55918e-10,1,1,109,43,14,7,1,8,197,0.19
14,1.84139,23,3.55918e-10,3.55918e-10,1,1,109,43,14,7,1,8,197,0.191
14,1.84139,24,3.55918e-10,3.55918e-10,1,1,109,43,14,7,1,8,197,0.282
14,1.84139,25,3.55918e-10,3.55918e-10,1,1,109,43,14,7,1,8,197,0.187
14,1.84139,26,3.55918e-10,3.55918e-10,1,1,109,43,14,7,1,8,197,0.195
14,1.84139,27,3.55918e-10,3.55918e-10,1,1,109,43,14,7,1,8,197,0.191
14,1.84139,28,3.55918e-10,3.55918e-10,1,1,109,45,12,7,1,8,185,0.189
14,1.84139,29,3.55918e-10,3.55918e-10,1,1,109,45,12,7,1,8,185,0.201
14,1.84139,30,3.55918e-10,3.55918e-10,1,1,109,45,12,7,1,8,185,0.282
14,1.84139,31,3.55918e-10,3.55918e-10,1,1,109,45,12,7,1,8,185,0.192
14,1.84139,32,3.55918e-10,3.55918e-10,1,1,109,45,12,7,1,8,185,0.186
14,1.84139,33,3.55918e-10,3.55918e-10,1,1,109,45,12,7,1,8,185,0.189
14,1.84139,34,3.55918e-10,3.55918e-10,1,1,109,45,12,7,1,8,185,0.271
14,1.84139,35,3.55918e-10,3.55918e-10,1,1,109,45,12,7,1,8,185,0.187
14,1.94916,0,3.55918e-10,3.55918e-10,1,1,124,53,13,3,1,4,172,0.163
14,1.94916,1,3.55918e-10,3.55918e-10,1,1,124,53,13,3,1,4,172,0.166
14,1.94916,2,3.55918e-10,3.55918e-10,1,1,124,53,13,3,1,4,172,0.166
14,1.94916,3,3.55918e-10,3.55918e-10,1,1,122,53,12,3,1,4,165,0.166
14,1.94916,4,3.55918e-10,3.55918e-10,1,1,125,53,14,3,1,4,179,0.167
14,1.94916,5,3.55918e-10,3.55918e-10,1,1,125,53,14,3,1,4,179,0.248
14,1.94916,6,3.55918e-10,3.55918e-10,1,1,125,53,14,3,1,4,179,0.164
14,1.94916,7,3.55918e-10,3.55918e-10,1,1,125,53,14,3,1,4,179,0.165
14,1.94916,8,3.55918e-10,3.55918e-10,1,1,125,53,14,3,1,4,179,0.17
14,1.94916,9,3.55918e-10,3.55918e-10,1,1,125,53,14,3,1,4,179,0.166
14,1.94916,10,3.55918e-10,3.55918e-10,1,1,125,53,14,3,1,4,179,0.248
14,1.94916,11,3.55918e-10,3.55918e-10,1,1,125,53,14,3,1,4,179,0.169
14,1.94916,12,3.55918e-10,3.55918e-10,1,1,125,53,14,3,1,4,179,0.167
14,1.94916,13,3.55918e-10,3.55918e-10,1,1,125,53,14,3,1,4,179,0.176
14,1.94916,14,3.55918e-10,3.55918e-10,1,1,125,53,14,3,1,4,179,0.172
14,1.94916,15,3.55918e-10,3.55918e-10,1,1,125,53,14,3,1,4,179,0.247
14,1.94916,16,3.55918e-10,3.55918e-10,1,1,125,53,14,3,1,4,179,0.168
14,1.94916,17,3.55918e-10,3.55918e-10,1,1,125,53,14,3,1,4,179,0.164
14,1.94916,18,3.55918e-10,3.55918e-10,1,1,125,53,14,3,1,4,179,0.165
14,1.94916,19,3.55918e-10,3.55918e-10,1,1,125,53,14,3,1,4,179,0.167
14,1.94916,20,3.55918e-10,3.55918e-10,1,1,125,53,14,3,1,4,179,0.166
14,1.94916,21,3.55918e-10,3.55918e-10,1,1,125,53,14,3,1,4,179,0.247
14,1.94916,22,3.55918e-10,3.55918e-10,1,1,125,53,14,3,1,4,179,0.165
14,1.94916,23,3.55918e-10,3.55918e-10,1,1,125,53,14,3,1,4,179,0.167
14,1.94916,24,3.55918e-10,3.55918e-10,1,1,122,53,12,3,1,4,165,0.168
14,1.94916,25,3.55918e-10,3.55918e-10,1,1,124,53,13,3,1,4,172,0.168
14,1.94916,26,3.55918e-10,3.55918e-10,1,1,124,53,13,3,1,4,172,0.247
14,1.94916,27,3.55918e-10,3.55918e-10,1,1,122,53,12,3,1,4,165,0.167
14,1.94916,28,3.55918e-10,3.55918e-10,1,1,124,53,13,3,1,4,172,0.165
14,1.94916,29,3.55918e-10,3.55918e-10,1,1,124,53,13,3,1,4,172,0.167
14,1.94916,30,3.55918e-10,3.55918e-10,1,1,122,53,12,3,1,4,165,0.167
14,1.94916,31,3.55918e-10,3.55918e-10,1,1,124,53,13,3,1,4,172,0.247
14,1.94916,32,3.55918e-10,3.55918e-10,1,1,125,53,14,3,1,4,179,0.166
14,1.94916,33,3.55918e-10,3.55918e-10,1,1,125,53,14,3,1,4,179,0.169
14,1.94916,34,3.55918e-10,3.55918e-10,1,1,125,53,14,3,1,4,179,0.17
14,1.94916,35,3.55918e-10,3.55918e-10,1,1,125,53,14,3,1,4,179,0.168
14,2.05917,0,3.55918e-10,3.55918e-10,1,1,88,25,20,16,1,17,284,0.224
14,2.05917,1,3.55918e-10,3.55918e-10,1,1,88,25,20,16,1,17,284,0.33
14,2.05917,2,3.55918e-10,3.55918e-10,1,1,88,25,20,16,1,17,284,0.221
14,2.05917,3,3.55918e-10,3.55918e-10,1,1,88,25,20,16,1,17,284,0.222
14,2.05917,4,3.55918e-10,3.55918e-10,1,1,85,25,18,16,1,17,270,0.227
14,2.05917,5,3.55918e-10,3.55918e-10,1,1,85,25,18,16,1,17,270,0.228
14,2.05917,6,3.55918e-10,3.55918e-10,1,1,87,25,19,16,1,17,277,0.22
14,2.05917,7,3.55918e-10,3.55918e-10,1,1,85,25,18,16,1,17,270,0.328
14,2.05917,8,3.55918e-10,3.55918e-10,1,1,88,25,20,16,1,17,284,0.221
14,2.05917,9,3.55918e-10,3.55918e-10,1,1,88,25,20,16,1,17,284,0.223
14,2.05917,10,3.55918e-10,3.55918e-10,1,1,88,25,20,16,1,17,284,0.221
14,2.05917,11,3.55918e-10,3.55918e-10,1,1,88,25,20,16,1,17,284,0.221
14,2.05917,12,3.55918e-10,3.55918e-10,1,1,88,25,20,16,1,17,284,0.328
14,2.05917,13,3.55918e-10,3.55918e-10,1,1,88,25,20,16,1,17,284,0.223
14,2.05917,14,3.55918e-10,3.55918e-10,1,1,88,25,20,16,1,17,284,0.221
14,2.05917,15,3.55918e-10,3.55918e-10,1,1,88,25,20,16,1,17,284,0.226
14,2.05917,16,3.55918e-10,3.55918e-10,1,1,88,25,20,16,1,17,284,0.227
14,2.05917,17,3.55918e-10,3.55918e-10,1,1,88,25,20,16,1,17,284,0.219
14,2.05917,18,3.55918e-10,3.55918e-10,1,1,88,25,20,16,1,17,284,0.329
14,2.05917,19,3.55918e-10,3.55918e-10,1,1,88,25,20,16,1,17,284,0.222
14,2.05917,20,3.55918e-10,3.55918e-10,1,1,88,25,20,16,1,17,284,0.224
14,2.05917,21,3.55918e-10,3.55918e-10,1,1,88,25,20,16,1,17,284,0.222
14,2.05917,22,3.55918e-10,3.55918e-10,1,1,88,25,20,16,1,17,284,0.222
14,2.05917,23,3.55918e-10,3.55918e-10,1,1,88,25,20,16,1,17,284,0.33
14,2.05917,24,3.55918e-10,3.55918e-10,1,1,85,25,18,16,1,17,270,0.224
14,2.05917,25,3.55918e-10,3.55918e-10,1,1,85,25,18,16,1,17,270,0.222
14,2.05917,26,3.55918e-10,3.55918e-10,1,1,87,25,19,16,1,17,277,0.221
14,2.05917,27,3.55918e-10,3.55918e-10,1,1,87,25,19,16,1,17,277,0.242
14,2.05917,28,3.55918e-10,3.55918e-10,1,1,88,25,20,16,1,17,284,0.244
14,2.05917,29,3.55918e-10,3.55918e-10,1,1,88,25,20,16,1,17,284,0.333
14,2.05917,30,3.55918e-10,3.55918e-10,1,1,88,25,20,16,1,17,284,0.238
14,2.05917,31,3.55918e-10,3.55918e-10,1,1,88,25,20,16,1,17,284,0.231
14,2.05917,32,3.55918e-10,3.55918e-10,1,1,87,25,19,16,1,17,277,0.239
14,2.05917,33,3.55918e-10,3.55918e-10,1,1,87,25,19,16,1,17,277,0.229
14,2.05917,34,3.55918e-10,3.55918e-10,1,1,85,25,18,16,1,17,270,0.334
14,2.05917,35,3.55918e-10,3.55918e-10,1,1,87,25,19,16,1,17,277,0.227
14,2.16727,0,3.55918e-10,3.55918e-10,1,1,93,35,18,6,0,6,203,0.225
14,2.16727,1,3.55918e-10,3.55918e-10,1,1,95,35,18,7,1,8,217,0.226
14,2.16727,2,3.55918e-10,3.55918e-10,1,1,93,35,18,6,0,6,203,0.225
14,2.16727,3,3.55918e-10,3.55918e-10,1,1,95,35,18,7,1,8,217,0.335
14,2.16727,4,3.55918e-10,3.55918e-10,1,1,95,33,20,7,1,8,229,0.227
14,2.16727,5,3.55918e-10,3.55918e-10,1,1,93,33,20,6,0,6,215,0.227
14,2.16727,6,3.55918e-10,3.55918e-10,1,1,93,33,20,6,0,6,215,0.261
14,2.16727,7,3.55918e-10,3.55918e-10,1,1,95,33,20,7,1,8,229,0.225
14,2.16727,8,3.55918e-10,3.55918e-10,1,1,93,33,20,6,0,6,215,0.333
14,2.16727,9,3.55918e-10,3.55918e-10,1,1,95,33,20,7,1,8,229,0.225
14,2.16727,10,3.55918e-10,3.55918e-10,1,1,95,33,20,7,1,8,229,0.227
14,2.16727,11,3.55918e-10,3.55918e-10,1,1,93,33,20,6,0,6,215,0.227
14,2.16727,12,3.55918e-10,3.55918e-10,1,1,93,35,18,6,0,6,203,0.234
14,2.16727,13,3.55918e-10,3.55918e-10,1,1,95,35,18,7,1,8,217,0.339
14,2.16727,14,3.55918e-10,3.55918e-10,1,1,95,35,18,7,1,8,217,0.268
14,2.16727,15,3.55918e-10,3.55918e-10,1,1,93,35,18,6,0,6,203,0.293
14,2.16727,16,3.55918e-10,3.55918e-10,1,1,95,33,20,7,1,8,229,0.272
14,2.16727,17,3.55918e-10,3.55918e-10,1,1,93,33,20,6,0,6,215,0.235
14,2.16727,18,3.55918e-10,3.55918e-10,1,1,93,33,20,6,0,6,215,0.232
14,2.16727,19,3.55918e-10,3.55918e-10,1,1,95,33,20,7,1,8,229,0.345
14,2.16727,20,3.55918e-10,3.55918e-10,1,1,93,33,20,6,0,6,215,0.231
14,2.16727,21,3.55918e-10,3.55918e-10,1,1,95,33,20,7,1,8,229,0.23
14,2.16727,22,3.55918e-10,3.55918e-10,1,1,93,33,20,6,0,6,215,0.23
14,2.16727,23,3.55918e-10,3.55918e-10,1,1,95,33,20,7,1,8,229,0.23
14,2.16727,24,3.55918e-10,3.55918e-10,1,1,95,35,18,7,1,8,217,0.336
14,2.16727,25,3.55918e-10,3.55918e-10,1,1,93,35,18,6,0,6,203,0.229
14,2.16727,26,3.55918e-10,3.55918e-10,1,1,95,35,18,7,1,8,217,0.229
14,2.16727,27,3.55918e-10,3.55918e-10,1,1,93,35,18,6,0,6,203,0.235
14,2.16727,28,3.55918e-10,3.55918e-10,1,1,95,33,20,7,1,8,229,0.234
14,2.16727,29,3.55918e-10,3.55918e-10,1,1,93,33,20,6,0,6,215,0.348
14,2.16727,30,3.55918e-10,3.55918e-10,1,1,93,33,20,6,0,6,215,0.233
14,2.16727,31,3.55918e-10,3.55918e-10,1,1,95,33,20,7,1,8,229,0.241
14,2.16727,32,3.55918e-10,3.55918e-10,1,1,95,33,20,7,1,8,229,0.233
14,2.16727,33,3.55918e-10,3.55918e-10,1,1,93,33,20,6,0,6,215,0.228
14,2.16727,34,3.55918e-10,3.55918e-10,1,1,93,33,20,6,0,6,215,0.231
14,2.16727,35,3.55918e-10,3.55918e-10,1,1,95,33,20,7,1,8,229,0.342
14,2.27464,0,3.55918e-10,3.55918e-10,1,1,95,35,20,6,0,6,217,0.229
14,2.27464,1,3.55918e-10,3.55918e-10,1,1,97,35,20,7,1,8,231,0.228
14,2.27464,2,3.55918e-10,3.55918e-10,1,1,97,35,20,7,1,8,231,0.226
14,2.27464,3,3.55918e-10,3.55918e-10,1,1,95,35,20,6,0,6,217,0.228
14,2.27464,4,3.55918e-10,3.55918e-10,1,1,95,35,20,6,0,6,217,0.339
14,2.27464,5,3.55918e-10,3.55918e-10,1,1,97,35,20,7,1,8,231,0.227
14,2.27464,6,3.55918e-10,3.55918e-10,1,1,95,35,20,6,0,6,217,0.238
14,2.27464,7,3.55918e-10,3.55918e-10,1,1,97,35,20,7,1,8,231,0.226
14,2.27464,8,3.55918e-10,3.55918e-10,1,1,95,33,22,6,0,6,229,0.235
14,2.27464,9,3.55918e-10,3.55918e-10,1,1,97,33,22,7,1,8,243,0.228
14,2.27464,10,3.55918e-10,3.55918e-10,1,1,95,33,22,6,0,6,229,0.329
14,2.27464,11,3.55918e-10,3.55918e-10,1,1,97,33,22,7,1,8,243,0.235
14,2.27464,12,3.55918e-10,3.55918e-10,1,1,95,33,22,6,0,6,229,0.222
14,2.27464,13,3.55918e-10,3.55918e-10,1,1,97,33,22,7,1,8,243,0.227
14,2.27464,14,3.55918e-10,3.55918e-10,1,1,95,33,22,6,0,6,229,0.226
14,2.27464,15,3.55918e-10,3.55918e-10,1,1,97,33,22,7,1,8,243,0.332
14,2.27464,16,3.55918e-10,3.55918e-10,1,1,97,35,20,7,1,8,231,0.224
14,2.27464,17,3.55918e-10,3.55918e-10,1,1,95,35,20,6,0,6,217,0.233
14,2.27464,18,3.55918e-10,3.55918e-10,1,1,95,35,20,6,0,6,217,0.226
14,2.27464,19,3.55918e-10,3.55918e-10,1,1,97,35,20,7,1,8,231,0.222
14,2.27464,20,3.55918e-10,3.55918e-10,1,1,97,33,22,7,1,8,243,0.331
14,2.27464,21,3.55918e-10,3.55918e-10,1,1,95,33,22,6,0,6,229,0.227
14,2.27464,22,3.55918e-10,3.55918e-10,1,1,97,33,22,7,1,8,243,0.226
14,2.27464,23,3.55918e-10,3.55918e-10,1,1,95,33,22,6,0,6,229,0.225
14,2.27464,24,3.55918e-10,3.55918e-10,1,1,97,33,22,7,1,8,243,0.231
14,2.27464,25,3.55918e-10,3.55918e-10,1,1,95,33,22,6,0,6,229,0.336
14,2.27464,26,3.55918e-10,3.55918e-10,1,1,95,33,22,6,0,6,229,0.244
14,2.27464,27,3.55918e-10,3.55918e-10,1,1,97,33,22,7,1,8,243,0.227
14,2.27464,28,3.55918e-10,3.55918e-10,1,1,95,33,22,6,0,6,229,0.241
14,2.27464,29,3.55918e-10,3.55918e-10,1,1,97,33,22,7,1,8,243,0.236
14,2.27464,30,3.55918e-10,3.55918e-10,1,1,97,33,22,7,1,8,243,0.228
14,2.27464,31,3.55918e-10,3.55918e-10,1,1,95,33,22,6,0,6,229,0.389
14,2.27464,32,3.55918e-10,3.55918e-10,1,1,95,33,22,6,0,6,229,0.38
14,2.27464,33,3.55918e-10,3.55918e-10,1,1,97,33,22,7,1,8,243,0.269
14,2.27464,34,3.55918e-10,3.55918e-10,1,1,97,33,22,7,1,8,243,0.276
14,2.27464,35,3.55918e-10,3.55918e-10,1,1,95,33,22,6,0,6,229,0.341
14,2.38392,0,3.55918e-10,3.55918e-10,1,1,106,43,16,4,1,5,190,0.22
14,2.38392,1,3.55918e-10,3.55918e-10,1,1,104,43,16,3,0,3,176,0.373
14,2.38392,2,3.55918e-10,3.55918e-10,1,1,104,43,16,3,0,3,176,0.227
14,2.38392,3,3.55918e-10,3.55918e-10,1,1,106,43,16,4,1,5,190,0.221
14,2.38392,4,3.55918e-10,3.55918e-10,1,1,104,41,18,3,0,3,188,0.228
14,2.38392,5,3.55918e-10,3.55918e-10,1,1,106,41,18,4,1,5,202,0.331
14,2.38392,6,3.55918e-10,3.55918e-10,1,1,104,41,18,3,0,3,188,0.373
14,2.38392,7,3.55918e-10,3.55918e-10,1,1,106,41,18,4,1,5,202,0.223
14,2.38392,8,3.55918e-10,3.55918e-10,1,1,104,43,16,3,0,3,176,0.291
14,2.38392,9,3.55918e-10,3.55918e-10,1,1,106,43,16,4,1,5,190,0.337
14,2.38392,10,3.55918e-10,3.55918e-10,1,1,106,43,16,4,1,5,190,0.293
14,2.38392,11,3.55918e-10,3.55918e-10,1,1,104,43,16,3,0,3,176,0.406
14,2.38392,12,3.55918e-10,3.55918e-10,1,1,106,41,18,4,1,5,202,0.266
14,2.38392,13,3.55918e-10,3.55918e-10,1,1,104,41,18,3,0,3,188,0.404
14,2.38392,14,3.55918e-10,3.55918e-10,1,1,106,41,18,4,1,5,202,0.346
14,2.38392,15,3.55918e-10,3.55918e-10,1,1,104,41,18,3,0,3,188,0.243
14,2.38392,16,3.55918e-10,3.55918e-10,1,1,106,41,18,4,1,5,202,0.38
14,2.38392,17,3.55918e-10,3.55918e-10,1,1,104,41,18,3,0,3,188,0.24
14,2.38392,18,3.55918e-10,3.55918e-10,1,1,106,41,18,4,1,5,202,0.338
14,2.38392,19,3.55918e-10,3.55918e-10,1,1,104,41,18,3,0,3,188,0.317
14,2.38392,20,3.55918e-10,3.55918e-10,1,1,104,41,18,3,0,3,188,0.288
14,2.38392,21,3.55918e-10,3.55918e-10,1,1,106,41,18,4,1,5,202,0.355
14,2.38392,22,3.55918e-10,3.55918e-10,1,1,104,41,18,3,0,3,188,0.32
14,2.38392,23,3.55918e-10,3.55918e-10,1,1,106,41,18,4,1,5,202,0.216
14,2.38392,24,3.55918e-10,3.55918e-10,1,1,104,43,16,3,0,3,176,0.273
14,2.38392,25,3.55918e-10,3.55918e-10,1,1,106,43,16,4,1,5,190,0.222
14,2.38392,26,3.55918e-10,3.55918e-10,1,1,106,43,16,4,1,5,190,0.221
14,2.38392,27,3.55918e-10,3.55918e-10,1,1,104,43,16,3,0,3,176,0.324
14,2.38392,28,3.55918e-10,3.55918e-10,1,1,104,41,18,3,0,3,188,0.233
14,2.38392,29,3.55918e-10,3.55918e-10,1,1,106,41,18,4,1,5,202,0.363
14,2.38392,30,3.55918e-10,3.55918e-10,1,1,106,41,18,4,1,5,202,0.226
14,2.38392,31,3.55918e-10,3.55918e-10,1,1,104,41,18,3,0,3,188,0.219
14,2.38392,32,3.55918e-10,3.55918e-10,1,1,104,41,18,3,0,3,188,0.328
14,2.38392,33,3.55918e-10,3.55918e-10,1,1,106,41,18,4,1,5,202,0.221
14,2.38392,34,3.55918e-10,3.55918e-10,1,1,104,41,18,3,0,3,188,0.238
14,2.38392,35,3.55918e-10,3.55918e-10,1,1,106,41,18,4,1,5,202,0.247
14,2.49157,0,3.55918e-10,3.55918e-10,1,1,123,51,14,5,1,6,191,0.19
14,2.49157,1,3.55918e-10,3.55918e-10,1,1,123,51,14,5,1,6,191,0.249
14,2.49157,2,3.55918e-10,3.55918e-10,1,1,123,51,14,5,1,6,191,0.169
14,2.49157,3,3.55918e-10,3.55918e-10,1,1,123,51,14,5,1,6,191,0.261
14,2.49157,4,3.55918e-10,3.55918e-10,1,1,123,51,14,5,1,6,191,0.174
14,2.49157,5,3.55918e-10,3.55918e-10,1,1,123,51,14,5,1,6,191,0.246
14,2.49157,6,3.55918e-10,3.55918e-10,1,1,123,51,14,5,1,6,191,0.165
14,2.49157,7,3.55918e-10,3.55918e-10,1,1,123,51,14,5,1,6,191,0.248
14,2.49157,8,3.55918e-10,3.55918e-10,1,1,123,51,14,5,1,6,191,0.162
14,2.49157,9,3.55918e-10,3.55918e-10,1,1,123,51,14,5,1,6,191,0.165
14,2.49157,10,3.55918e-10,3.55918e-10,1,1,123,51,14,5,1,6,191,0.24
14,2.49157,11,3.55918e-10,3.55918e-10,1,1,123,51,14,5,1,6,191,0.162
14,2.49157,12,3.55918e-10,3.55918e-10,1,1,123,53,12,5,1,6,179,0.191
14,2.49157,13,3.55918e-10,3.55918e-10,1,1,123,53,12,5,1,6,179,0.162
14,2.49157,14,3.55918e-10,3.55918e-10,1,1,123,53,12,5,1,6,179,0.161
14,2.49157,15,3.55918e-10,3.55918e-10,1,1,123,53,12,5,1,6,179,0.238
14,2.49157,16,3.55918e-10,3.55918e-10,1,1,123,51,14,5,1,6,191,0.16
14,2.49157,17,3.55918e-10,3.55918e-10,1,1,123,51,14,5,1,6,191,0.161
14,2.49157,18,3.55918e-10,3.55918e-10,1,1,123,51,14,5,1,6,191,0.16
14,2.49157,19,3.55918e-10,3.55918e-10,1,1,123,51,14,5,1,6,191,0.162
14,2.49157,20,3.55918e-10,3.55918e-10,1,1,123,53,12,5,1,6,179,0.164
14,2.49157,21,3.55918e-10,3.55918e-10,1,1,123,53,12,5,1,6,179,0.237
14,2.49157,22,3.55918e-10,3.55918e-10,1,1,123,53,12,5,1,6,179,0.16
14,2.49157,23,3.55918e-10,3.55918e-10,1,1,123,53,12,5,1,6,179,0.162
14,2.49157,24,3.55918e-10,3.55918e-10,1,1,123,51,14,5,1,6,191,0.161
14,2.49157,25,3.55918e-10,3.55918e-10,1,1,123,51,14,5,1,6,191,0.161
14,2.49157,26,3.55918e-10,3.55918e-10,1,1,123,51,14,5,1,6,191,0.236
14,2.49157,27,3.55918e-10,3.55918e-10,1,1,123,51,14,5,1,6,191,0.158
14,2.49157,28,3.55918e-10,3.55918e-10,1,1,123,53,12,5,1,6,179,0.161
14,2.49157,29,3.55918e-10,3.55918e-10,1,1,123,53,12,5,1,6,179,0.159
14,2.49157,30,3.55918e-10,3.55918e-10,1,1,123,53,12,5,1,6,179,0.176
14,2.49157,31,3.55918e-10,3.55918e-10,1,1,123,53,12,5,1,6,179,0.161
14,2.49157,32,3.55918e-10,3.55918e-10,1,1,123,51,14,5,1,6,191,0.237
14,2.49157,33,3.55918e-10,3.55918e-10,1,1,123,51,14,5,1,6,191,0.166
14,2.49157,34,3.55918e-10,3.55918e-10,1,1,123,51,14,5,1,6,191,0.165
14,2.49157,35,3.55918e-10,3.55918e-10,1,1,123,51,14,5,1,6,191,0.163
14,2.59973,0,3.55918e-10,3.55918e-10,1,1,111,43,16,7,1,8,211,0.194
14,2.59973,1,3.55918e-10,3.55918e-10,1,1,111,43,16,7,1,8,211,0.287
14,2.59973,2,3.55918e-10,3.55918e-10,1,1,111,43,16,7,1,8,211,0.195
14,2.59973,3,3.55918e-10,3.55918e-10,1,1,111,43,16,7,1,8,211,0.197
14,2.59973,4,3.55918e-10,3.55918e-10,1,1,111,43,16,7,1,8,211,0.194
14,2.59973,5,3.55918e-10,3.55918e-10,1,1,111,43,16,7,1,8,211,0.196
14,2.59973,6,3.55918e-10,3.55918e-10,1,1,111,43,16,7,1,8,211,0.2
14,2.59973,7,3.55918e-10,3.55918e-10,1,1,111,43,16,7,1,8,211,0.29
14,2.59973,8,3.55918e-10,3.55918e-10,1,1,111,43,16,7,1,8,211,0.194
14,2.59973,9,3.55918e-10,3.55918e-10,1,1,111,43,16,7,1,8,211,0.195
14,2.59973,10,3.55918e-10,3.55918e-10,1,1,111,43,16,7,1,8,211,0.193
14,2.59973,11,3.55918e-10,3.55918e-10,1,1,111,43,16,7,1,8,211,0.196
14,2.59973,12,3.55918e-10,3.55918e-10,1,1,111,43,16,7,1,8,211,0.291
14,2.59973,13,3.55918e-10,3.55918e-10,1,1,111,43,16,7,1,8,211,0.203
14,2.59973,14,3.55918e-10,3.55918e-10,1,1,111,43,16,7,1,8,211,0.199
14,2.59973,15,3.55918e-10,3.55918e-10,1,1,111,43,16,7,1,8,211,0.197
14,2.59973,16,3.55918e-10,3.55918e-10,1,1,111,43,16,7,1,8,211,0.198
14,2.59973,17,3.55918e-10,3.55918e-10,1,1,111,43,16,7,1,8,211,0.197
14,2.59973,18,3.55918e-10,3.55918e-10,1,1,111,43,16,7,1,8,211,0.292
14,2.59973,19,3.55918e-10,3.55918e-10,1,1,111,43,16,7,1,8,211,0.195
14,2.59973,20,3.55918e-10,3.55918e-10,1,1,111,45,14,7,1,8,199,0.199
14,2.59973,21,3.55918e-10,3.55918e-10,1,1,111,45,14,7,1,8,199,0.194
14,2.59973,22,3.55918e-10,3.55918e-10,1,1,111,45,14,7,1,8,199,0.196
14,2.59973,23,3.55918e-10,3.55918e-10,1,1,111,45,14,7,1,8,199,0.292
14,2.59973,24,3.55918e-10,3.55918e-10,1,1,111,45,14,7,1,8,199,0.199
14,2.59973,25,3.55918e-10,3.55918e-10,1,1,111,45,14,7,1,8,199,0.195
14,2.59973,26,3.55918e-10,3.55918e-10,1,1,111,45,14,7,1,8,199,0.196
14,2.59973,27,3.55918e-10,3.55918e-10,1,1,111,45,14,7,1,8,199,0.197
14,2.59973,28,3.55918e-10,3.55918e-10,1,1,111,43,16,7,1,8,211,0.196
14,2.59973,29,3.55918e-10,3.55918e-10,1,1,111,43,16,7,1,8,211,0.292
14,2.59973,30,3.55918e-10,3.55918e-10,1,1,111,43,16,7,1,8,211,0.195
14,2.59973,31,3.55918e-10,3.55918e-10,1,1,111,43,16,7,1,8,211,0.209
14,2.59973,32,3.55918e-10,3.55918e-10,1,1,111,45,14,7,1,8,199,0.195
14,2.59973,33,3.55918e-10,3.55918e-10,1,1,111,45,14,7,1,8,199,0.288
14,2.59973,34,3.55918e-10,3.55918e-10,1,1,111,45,14,7,1,8,199,0.193
14,2.59973,35,3.55918e-10,3.55918e-10,1,1,111,45,14,7,1,8,199,0.194
14,2.7057,0,3.55918e-10,3.55918e-10,1,1,99,33,18,13,1,14,257,0.202
14,2.7057,1,3.55918e-10,3.55918e-10,1,1,97,33,18,12,0,12,243,0.203
14,2.7057,2,3.55918e-10,3.55918e-10,1,1,99,33,18,13,1,14,257,0.202
14,2.7057,3,3.55918e-10,3.55918e-10,1,1,97,33,18,12,0,12,243,0.202
14,2.7057,4,3.55918e-10,3.55918e-10,1,1,99,33,18,13,1,14,257,0.299
14,2.7057,5,3.55918e-10,3.55918e-10,1,1,97,33,18,12,0,12,243,0.198
14,2.7057,6,3.55918e-10,3.55918e-10,1,1,97,33,18,12,0,12,243,0.203
14,2.7057,7,3.55918e-10,3.55918e-10,1,1,99,33,18,13,1,14,257,0.203
14,2.7057,8,3.55918e-10,3.55918e-10,1,1,97,33,18,12,0,12,243,0.302
14,2.7057,9,3.55918e-10,3.55918e-10,1,1,99,33,18,13,1,14,257,0.203
14,2.7057,10,3.55918e-10,3.55918e-10,1,1,97,33,18,12,0,12,243,0.205
14,2.7057,11,3.55918e-10,3.55918e-10,1,1,99,33,18,13,1,14,257,0.204
14,2.7057,12,3.55918e-10,3.55918e-10,1,1,97,35,16,12,0,12,231,0.204
14,2.7057,13,3.55918e-10,3.55918e-10,1,1,99,35,16,13,1,14,245,0.206
14,2.7057,14,3.55918e-10,3.55918e-10,1,1,97,35,16,12,0,12,231,0.301
14,2.7057,15,3.55918e-10,3.55918e-10,1,1,99,35,16,13,1,14,245,0.208
14,2.7057,16,3.55918e-10,3.55918e-10,1,1,97,35,16,12,0,12,231,0.201
14,2.7057,17,3.55918e-10,3.55918e-10,1,1,99,35,16,13,1,14,245,0.211
14,2.7057,18,3.55918e-10,3.55918e-10,1,1,99,35,16,13,1,14,245,0.208
14,2.7057,19,3.55918e-10,3.55918e-10,1,1,97,35,16,12,0,12,231,0.303
14,2.7057,20,3.55918e-10,3.55918e-10,1,1,99,33,18,13,1,14,257,0.207
14,2.7057,21,3.55918e-10,3.55918e-10,1,1,97,33,18,12,0,12,243,0.204
14,2.7057,22,3.55918e-10,3.55918e-10,1,1,99,33,18,13,1,14,257,0.203
14,2.7057,23,3.55918e-10,3.55918e-10,1,1,97,33,18,12,0,12,243,0.202
14,2.7057,24,3.55918e-10,3.55918e-10,1,1,99,33,18,13,1,14,257,0.203
14,2.7057,25,3.55918e-10,3.55918e-10,1,1,97,33,18,12,0,12,243,0.301
14,2.7057,26,3.55918e-10,3.55918e-10,1,1,99,33,18,13,1,14,257,0.203
14,2.7057,27,3.55918e-10,3.55918e-10,1,1,97,33,18,12,0,12,243,0.202
14,2.7057,28,3.55918e-10,3.55918e-10,1,1,99,35,16,13,1,14,245,0.202
14,2.7057,29,3.55918e-10,3.55918e-10,1,1,97,35,16,12,0,12,231,0.202
14,2.7057,30,3.55918e-10,3.55918e-10,1,1,97,35,16,12,0,12,231,0.303
14,2.7057,31,3.55918e-10,3.55918e-10,1,1,99,35,16,13,1,14,245,0.203
14,2.7057,32,3.55918e-10,3.55918e-10,1,1,97,33,18,12,0,12,243,0.206
14,2.7057,33,3.55918e-10,3.55918e-10,1,1,99,33,18,13,1,14,257,0.205
14,2.7057,34,3.55918e-10,3.55918e-10,1,1,99,33,18,13,1,14,257,0.203
14,2.7057,35,3.55918e-10,3.55918e-10,1,1,97,33,18,12,0,12,243,0.301
14,2.8162,0,3.55918e-10,3.55918e-10,1,1,100,37,18,6,1,7,212,0.22
14,2.8162,1,3.55918e-10,3.55918e-10,1,1,100,37,18,6,1,7,212,0.219
14,2.8162,2,3.55918e-10,3.55918e-10,1,1,100,37,18,6,1,7,212,0.218
14,2.8162,3,3.55918e-10,3.55918e-10,1,1,100,37,18,6,1,7,212,0.221
14,2.8162,4,3.55918e-10,3.55918e-10,1,1,100,39,16,6,1,7,200,0.22
14,2.8162,5,3.55918e-10,3.55918e-10,1,1,100,39,16,6,1,7,200,0.328
14,2.8162,6,3.55918e-10,3.55918e-10,1,1,100,39,16,6,1,7,200,0.218
14,2.8162,7,3.55918e-10,3.55918e-10,1,1,100,39,16,6,1,7,200,0.218
14,2.8162,8,3.55918e-10,3.55918e-10,1,1,100,39,16,6,1,7,200,0.217
14,2.8162,9,3.55918e-10,3.55918e-10,1,1,100,39,16,6,1,7,200,0.217
14,2.8162,10,3.55918e-10,3.55918e-10,1,1,100,39,16,6,1,7,200,0.324
14,2.8162,11,3.55918e-10,3.55918e-10,1,1,100,39,16,6,1,7,200,0.221
14,2.8162,12,3.55918e-10,3.55918e-10,1,1,100,37,18,6,1,7,212,0.217
14,2.8162,13,3.55918e-10,3.55918e-10,1,1,100,37,18,6,1,7,212,0.22
14,2.8162,14,3.55918e-10,3.55918e-10,1,1,100,37,18,6,1,7,212,0.219
14,2.8162,15,3.55918e-10,3.55918e-10,1,1,100,37,18,6,1,7,212,0.221
14,2.8162,16,3.55918e-10,3.55918e-10,1,1,100,37,18,6,1,7,212,0.324
14,2.8162,17,3.55918e-10,3.55918e-10,1,1,100,37,18,6,1,7,212,0.22
14,2.8162,18,3.55918e-10,3.55918e-10,1,1,100,37,18,6,1,7,212,0.218
14,2.8162,19,3.55918e-10,3.55918e-10,1,1,100,37,18,6,1,7,212,0.218
14,2.8162,20,3.55918e-10,3.55918e-10,1,1,100,39,16,6,1,7,200,0.216
14,2.8162,21,3.55918e-10,3.55918e-10,1,1,100,39,16,6,1,7,200,0.323
14,2.8162,22,3.55918e-10,3.55918e-10,1,1,100,39,16,6,1,7,200,0.217
14,2.8162,23,3.55918e-10,3.55918e-10,1,1,100,39,16,6,1,7,200,0.217
14,2.8162,24,3.55918e-10,3.55918e-10,1,1,100,37,18,6,1,7,212,0.217
14,2.8162,25,3.55918e-10,3.55918e-10,1,1,100,37,18,6,1,7,212,0.22
14,2.8162,26,3.55918e-10,3.55918e-10,1,1,100,37,18,6,1,7,212,0.218
14,2.8162,27,3.55918e-10,3.55918e-10,1,1,100,37,18,6,1,7,212,0.324
14,2.8162,28,3.55918e-10,3.55918e-10,1,1,100,37,18,6,1,7,212,0.221
14,2.8162,29,3.55918e-10,3.55918e-10,1,1,100,37,18,6,1,7,212,0.22
14,2.8162,30,3.55918e-10,3.55918e-10,1,1,100,37,18,6,1,7,212,0.226
14,2.8162,31,3.55918e-10,3.55918e-10,1,1,100,37,18,6,1,7,212,0.217
14,2.8162,32,3.55918e-10,3.55918e-10,1,1,100,37,18,6,1,7,212,0.323
14,2.8162,33,3.55918e-10,3.55918e-10,1,1,100,37,18,6,1,7,212,0.228
14,2.8162,34,3.55918e-10,3.55918e-10,1,1,100,37,18,6,1,7,212,0.218
14,2.8162,35,3.55918e-10,3.55918e-10,1,1,100,37,18,6,1,7,212,0.221
14,2.92684,0,3.55918e-10,3.55918e-10,1,1,113,47,16,3,1,4,187,0.202
14,2.92684,1,3.55918e-10,3.55918e-10,1,1,111,47,16,2,0,2,173,0.202
14,2.92684,2,3.55918e-10,3.55918e-10,1,1,113,47,16,3,1,4,187,0.3
14,2.92684,3,3.55918e-10,3.55918e-10,1,1,111,47,16,2,0,2,173,0.201
14,2.92684,4,3.55918e-10,3.55918e-10,1,1,111,45,18,2,0,2,185,0.203
14,2.92684,5,3.55918e-10,3.55918e-10,1,1,113,45,18,3,1,4,199,0.203
14,2.92684,6,3.55918e-10,3.55918e-10,1,1,113,45,18,3,1,4,199,0.201
14,2.92684,7,3.55918e-10,3.55918e-10,1,1,111,45,18,2,0,2,185,0.299
14,2.92684,8,3.55918e-10,3.55918e-10,1,1,111,47,16,2,0,2,173,0.203
14,2.92684,9,3.55918e-10,3.55918e-10,1,1,113,47,16,3,1,4,187,0.201
14,2.92684,10,3.55918e-10,3.55918e-10,1,1,111,47,16,2,0,2,173,0.201
14,2.92684,11,3.55918e-10,3.55918e-10,1,1,113,47,16,3,1,4,187,0.201
14,2.92684,12,3.55918e-10,3.55918e-10,1,1,113,45,18,3,1,4,199,0.203
14,2.92684,13,3.55918e-10,3.55918e-10,1,1,111,45,18,2,0,2,185,0.302
14,2.92684,14,3.55918e-10,3.55918e-10,1,1,111,45,18,2,0,2,185,0.202
14,2.92684,15,3.55918e-10,3.55918e-10,1,1,113,45,18,3,1,4,199,0.202
14,2.92684,16,3.55918e-10,3.55918e-10,1,1,111,47,16,2,0,2,173,0.205
14,2.92684,17,3.55918e-10,3.55918e-10,1,1,113,47,16,3,1,4,187,0.203
14,2.92684,18,3.55918e-10,3.55918e-10,1,1,113,47,16,3,1,4,187,0.304
14,2.92684,19,3.55918e-10,3.55918e-10,1,1,111,47,16,2,0,2,173,0.203
14,2.92684,20,3.55918e-10,3.55918e-10,1,1,111,45,18,2,0,2,185,0.206
14,2.92684,21,3.55918e-10,3.55918e-10,1,1,113,45,18,3,1,4,199,0.205
14,2.92684,22,3.55918e-10,3.55918e-10,1,1,113,45,18,3,1,4,199,0.203
14,2.92684,23,3.55918e-10,3.55918e-10,1,1,111,45,18,2,0,2,185,0.203
14,2.92684,24,3.55918e-10,3.55918e-10,1,1,113,45,18,3,1,4,199,0.303
14,2.92684,25,3.55918e-10,3.55918e-10,1,1,111,45,18,2,0,2,185,0.202
14,2.92684,26,3.55918e-10,3.55918e-10,1,1,111,45,18,2,0,2,185,0.202
14,2.92684,27,3.55918e-10,3.55918e-10,1,1,113,45,18,3,1,4,199,0.203
14,2.92684,28,3.55918e-10,3.55918e-10,1,1,111,45,18,2,0,2,185,0.203
14,2.92684,29,3.55918e-10,3.55918e-10,1,1,113,45,18,3,1,4,199,0.302
14,2.92684,30,3.55918e-10,3.55918e-10,1,1,111,45,18,2,0,2,185,0.203
14,2.92684,31,3.55918e-10,3.55918e-10,1,1,113,45,18,3,1,4,199,0.205
14,2.92684,32,3.55918e-10,3.55918e-10,1,1,113,45,18,3,1,4,199,0.204
14,2.92684,33,3.55918e-10,3.55918e-10,1,1,111,45,18,2,0,2,185,0.202
14,2.92684,34,3.55918e-10,3.55918e-10,1,1,111,45,18,2,0,2,185,0.202
14,2.92684,35,3.55918e-10,3.55918e-10,1,1,113,45,18,3,1,4,199,0.301
14,3.03438,0,3.55918e-10,3.55918e-10,1,1,101,39,16,7,1,8,207,0.221
14,3.03438,1,3.55918e-10,3.55918e-10,1,1,101,39,16,7,1,8,207,0.22
14,3.03438,2,3.55918e-10,3.55918e-10,1,1,101,39,16,7,1,8,207,0.221
14,3.03438,3,3.55918e-10,3.55918e-10,1,1,101,39,16,7,1,8,207,0.218
14,3.03438,4,3.55918e-10,3.55918e-10,1,1,101,37,18,7,1,8,219,0.325
14,3.03438,5,3.55918e-10,3.55918e-10,1,1,101,37,18,7,1,8,219,0.223
14,3.03438,6,3.55918e-10,3.55918e-10,1,1,101,37,18,7,1,8,219,0.22
14,3.03438,7,3.55918e-10,3.55918e-10,1,1,101,37,18,7,1,8,219,0.221
14,3.03438,8,3.55918e-10,3.55918e-10,1,1,101,37,18,7,1,8,219,0.223
14,3.03438,9,3.55918e-10,3.55918e-10,1,1,101,37,18,7,1,8,219,0.325
14,3.03438,10,3.55918e-10,3.55918e-10,1,1,101,37,18,7,1,8,219,0.221
14,3.03438,11,3.55918e-10,3.55918e-10,1,1,101,37,18,7,1,8,219,0.221
14,3.03438,12,3.55918e-10,3.55918e-10,1,1,101,39,16,7,1,8,207,0.219
14,3.03438,13,3.55918e-10,3.55918e-10,1,1,101,39,16,7,1,8,207,0.222
14,3.03438,14,3.55918e-10,3.55918e-10,1,1,101,39,16,7,1,8,207,0.328
14,3.03438,15,3.55918e-10,3.55918e-10,1,1,101,39,16,7,1,8,207,0.222
14,3.03438,16,3.55918e-10,3.55918e-10,1,1,101,39,16,7,1,8,207,0.227
14,3.03438,17,3.55918e-10,3.55918e-10,1,1,101,39,16,7,1,8,207,0.22
14,3.03438,18,3.55918e-10,3.55918e-10,1,1,101,39,16,7,1,8,207,0.221
14,3.03438,19,3.55918e-10,3.55918e-10,1,1,101,39,16,7,1,8,207,0.325
14,3.03438,20,3.55918e-10,3.55918e-10,1,1,101,37,18,7,1,8,219,0.222
14,3.03438,21,3.55918e-10,3.55918e-10,1,1,101,37,18,7,1,8,219,0.223
14,3.03438,22,3.55918e-10,3.55918e-10,1,1,101,37,18,7,1,8,219,0.231
14,3.03438,23,3.55918e-10,3.55918e-10,1,1,101,37,18,7,1,8,219,0.22
14,3.03438,24,3.55918e-10,3.55918e-10,1,1,101,37,18,7,1,8,219,0.219
14,3.03438,25,3.55918e-10,3.55918e-10,1,1,101,37,18,7,1,8,219,0.325
14,3.03438,26,3.55918e-10,3.55918e-10,1,1,101,37,18,7,1,8,219,0.221
14,3.03438,27,3.55918e-10,3.55918e-10,1,1,101,37,18,7,1,8,219,0.224
14,3.03438,28,3.55918e-10,3.55918e-10,1,1,101,37,18,7,1,8,219,0.221
14,3.03438,29,3.55918e-10,3.55918e-10,1,1,101,37,18,7,1,8,219,0.23
14,3.03438,30,3.55918e-10,3.55918e-10,1,1,101,37,18,7,1,8,219,0.325
14,3.03438,31,3.55918e-10,3.55918e-10,1,1,101,37,18,7,1,8,219,0.221
14,3.03438,32,3.55918e-10,3.55918e-10,1,1,101,37,18,7,1,8,219,0.229
14,3.03438,33,3.55918e-10,3.55918e-10,1,1,101,37,18,7,1,8,219,0.218
14,3.03438,34,3.55918e-10,3.55918e-10,1,1,101,37,18,7,1,8,219,0.221
14,3.03438,35,3.55918e-10,3.55918e-10,1,1,101,37,18,7,1,8,219,0.221
14,3.14159,0,3.55918e-10,3.55918e-10,1,1,117,49,16,2,0,2,175,0.266
14,3.14159,1,3.55918e-10,3.55918e-10,1,1,119,49,16,3,1,4,189,0.179
14,3.14159,2,3.55918e-10,3.55918e-10,1,1,119,49,16,3,1,4,189,0.18
14,3.14159,3,3.55918e-10,3.55918e-10,1,1,117,49,16,2,0,2,175,0.18
14,3.14159,4,3.55918e-10,3.55918e-10,1,1,119,49,16,3,1,4,189,0.177
14,3.14159,5,3.55918e-10,3.55918e-10,1,1,117,49,16,2,0,2,175,0.263
14,3.14159,6,3.55918e-10,3.55918e-10,1,1,117,49,16,2,0,2,175,0.183
14,3.14159,7,3.55918e-10,3.55918e-10,1,1,119,49,16,3,1,4,189,0.18
14,3.14159,8,3.55918e-10,3.55918e-10,1,1,117,49,16,2,0,2,175,0.178
14,3.14159,9,3.55918e-10,3.55918e-10,1,1,119,49,16,3,1,4,189,0.184
14,3.14159,10,3.55918e-10,3.55918e-10,1,1,117,49,16,2,0,2,175,0.183
14,3.14159,11,3.55918e-10,3.55918e-10,1,1,119,49,16,3,1,4,189,0.267
14,3.14159,12,3.55918e-10,3.55918e-10,1,1,119,51,14,3,1,4,177,0.181
14,3.14159,13,3.55918e-10,3.55918e-10,1,1,117,51,14,2,0,2,163,0.182
14,3.14159,14,3.55918e-10,3.55918e-10,1,1,119,51,14,3,1,4,177,0.18
14,3.14159,15,3.55918e-10,3.55918e-10,1,1,117,51,14,2,0,2,163,0.179
14,3.14159,16,3.55918e-10,3.55918e-10,1,1,119,49,16,3,1,4,189,0.267
14,3.14159,17,3.55918e-10,3.55918e-10,1,1,117,49,16,2,0,2,175,0.183
14,3.14159,18,3.55918e-10,3.55918e-10,1,1,119,49,16,3,1,4,189,0.188
14,3.14159,19,3.55918e-10,3.55918e-10,1,1,117,49,16,2,0,2,175,0.18
14,3.14159,20,3.55918e-10,3.55918e-10,1,1,117,51,14,2,0,2,163,0.182
14,3.14159,21,3.55918e-10,3.55918e-10,1,1,119,51,14,3,1,4,177,0.181
14,3.14159,22,3.55918e-10,3.55918e-10,1,1,117,51,14,2,0,2,163,0.269
14,3.14159,23,3.55918e-10,3.55918e-10,1,1,119,51,14,3,1,4,177,0.179
14,3.14159,24,3.55918e-10,3.55918e-10,1,1,117,49,16,2,0,2,175,0.183
14,3.14159,25,3.55918e-10,3.55918e-10,1,1,119,49,16,3,1,4,189,0.181
14,3.14159,26,3.55918e-10,3.55918e-10,1,1,119,49,16,3,1,4,189,0.176
14,3.14159,27,3.55918e-10,3.55918e-10,1,1,117,49,16,2,0,2,175,0.263
14,3.14159,28,3.55918e-10,3.55918e-10,1,1,119,51,14,3,1,4,177,0.179
14,3.14159,29,3.55918e-10,3.55918e-10,1,1,117,51,14,2,0,2,163,0.179
14,3.14159,30,3.55918e-10,3.55918e-10,1,1,117,51,14,2,0,2,163,0.177
14,3.14159,31,3.55918e-10,3.55918e-10,1,1,119,51,14,3,1,4,177,0.268
14,3.14159,32,3.55918e-10,3.55918e-10,1,1,117,49,16,2,0,2,175,0.179
14,3.14159,33,3.55918e-10,3.55918e-10,1,1,119,49,16,3,1,4,189,0.181
14,3.14159,34,3.55918e-10,3.55918e-10,1,1,119,49,16,3,1,4,189,0.179
14,3.14159,35,3.55918e-10,3.55918e-10,1,1,117,49,16,2,0,2,175,0.186
16,4.91235e-05,0,2.45874e-11,2.45882e-11,1,1,133,53,18,7,1,8,235,0.22
16,4.91235e-05,1,2.45874e-11,2.45882e-11,1,1,131,53,18,6,0,6,221,0.223
16,4.91235e-05,2,2.45874e-11,2.45882e-11,1,1,131,53,18,6,0,6,221,0.329
16,4.91235e-05,3,2.45874e-11,2.45882e-11,1,1,133,53,18,7,1,8,235,0.223
16,4.91235e-05,4,2.45874e-11,2.45882e-11,1,1,92,29,24,9,0,9,260,0.302
16,4.91235e-05,5,2.45874e-11,2.45882e-11,1,1,94,29,24,10,1,11,274,0.3
16,4.91235e-05,6,2.45874e-11,2.45882e-11,1,1,92,31,22,9,0,9,248,0.299
16,4.91235e-05,7,2.45874e-11,2.45882e-11,1,1,94,31,22,10,1,11,262,0.444
16,4.91235e-05,8,2.45874e-11,2.45882e-11,1,1,92,29,24,9,0,9,260,0.299
16,4.91235e-05,9,2.45874e-11,2.45882e-11,1,1,94,29,24,10,1,11,274,0.297
16,4.91235e-05,10,2.45874e-11,2.45882e-11,1,1,133,53,18,7,1,8,235,0.222
16,4.91235e-05,11,2.45874e-11,2.45882e-11,1,1,131,53,18,6,0,6,221,0.228
16,4.91235e-05,12,2.45875e-11,2.45882e-11,1,1,131,55,16,6,0,6,209,0.331
16,4.91235e-05,13,2.45875e-11,2.45882e-11,1,1,133,55,16,7,1,8,223,0.223
16,4.91235e-05,14,2.45875e-11,2.45882e-11,1,1,94,29,24,10,1,11,274,0.303
16,4.91235e-05,15,2.45875e-11,2.45882e-11,1,1,92,29,24,9,0,9,260,0.298
16,4.91235e-05,16,2.45875e-11,2.45882e-11,1,1,131,55,16,6,0,6,209,0.218
16,4.91235e-05,17,2.45875e-11,2.45882e-11,1,1,133,55,16,7,1,8,223,0.326
16,4.91235e-05,18,2.45875e-11,2.45882e-11,1,1,92,31,22,9,0,9,248,0.299
16,4.91235e-05,19,2.45875e-11,2.45882e-11,1,1,94,31,22,10,1,11,262,0.296
16,4.91235e-05,20,2.45876e-11,2.45882e-11,1,1,92,29,24,9,0,9,260,0.3
16,4.91235e-05,21,2.45876e-11,2.45882e-11,1,1,94,29,24,10,1,11,274,0.445
16,4.91235e-05,22,2.45876e-11,2.45882e-11,1,1,94,29,24,10,1,11,274,0.299
16,4.91235e-05,23,2.45876e-11,2.45882e-11,1,1,92,29,24,9,0,9,260,0.3
16,4.91235e-05,24,2.45876e-11,2.45882e-11,1,1,131,53,18,6,0,6,221,0.224
16,4.91235e-05,25,2.45876e-11,2.45882e-11,1,1,133,53,18,7,1,8,235,0.223
16,4.91235e-05,26,2.45876e-11,2.45882e-11,1,1,92,29,24,9,0,9,260,0.306
16,4.91235e-05,27,2.45876e-11,2.45882e-11,1,1,94,29,24,10,1,11,274,0.388
16,4.91235e-05,28,2.45876e-11,2.45882e-11,1,1,133,53,18,7,1,8,235,0.338
16,4.91235e-05,29,2.45876e-11,2.45882e-11,1,1,131,53,18,6,0,6,221,0.23
16,4.91235e-05,30,2.45876e-11,2.45882e-11,1,1,133,53,18,7,1,8,235,0.222
16,4.91235e-05,31,2.45876e-11,2.45882e-11,1,1,131,53,18,6,0,6,221,0.221
16,4.91235e-05,32,2.45876e-11,2.45882e-11,1,1,94,31,22,10,1,11,262,0.506
16,4.91235e-05,33,2.45876e-11,2.45882e-11,1,1,92,31,22,9,0,9,248,0.444
16,4.91235e-05,34,2.45877e-11,2.45882e-11,1,1,133,55,16,7,1,8,223,0.221
16,4.91235e-05,35,2.45877e-11,2.45882e-11,1,1,131,55,16,6,0,6,209,0.221
16,0.108345,0,4.91038e-11,4.9104e-11,1,1,139,59,14,5,1,6,199,0.206
16,0.108345,1,4.91038e-11,4.9104e-11,1,1,139,59,14,5,1,6,199,0.209
16,0.108345,2,4.91038e-11,4.9104e-11,1,1,139,59,14,5,1,6,199,0.312
16,0.108345,3,4.91038e-11,4.9104e-11,1,1,139,59,14,5,1,6,199,0.249
16,0.108345,4,4.91038e-11,4.9104e-11,1,1,139,59,14,5,1,6,199,0.273
16,0.108345,5,4.91038e-11,4.9104e-11,1,1,139,59,14,5,1,6,199,0.217
16,0.108345,6,4.91038e-11,4.9104e-11,1,1,139,59,14,5,1,6,199,0.212
16,0.108345,7,4.91038e-11,4.9104e-11,1,1,139,59,14,5,1,6,199,0.31
16,0.108345,8,4.91038e-11,4.9104e-11,1,1,139,59,14,5,1,6,199,0.24
16,0.108345,9,4.91038e-11,4.9104e-11,1,1,139,59,14,5,1,6,199,0.212
16,0.108345,10,4.91038e-11,4.9104e-11,1,1,139,59,14,5,1,6,199,0.206
16,0.108345,11,4.91038e-11,4.9104e-11,1,1,139,59,14,5,1,6,199,0.207
16,0.108345,12,4.91038e-11,4.9104e-11,1,1,139,59,14,5,1,6,199,0.207
16,0.108345,13,4.91038e-11,4.9104e-11,1,1,139,59,14,5,1,6,199,0.309
16,0.108345,14,4.91038e-11,4.9104e-11,1,1,139,59,14,5,1,6,199,0.205
16,0.108345,15,4.91038e-11,4.9104e-11,1,1,139,59,14,5,1,6,199,0.207
16,0.108345,16,4.91038e-11,4.9104e-11,1,1,136,59,12,5,1,6,185,0.208
16,0.108345,17,4.91038e-11,4.9104e-11,1,1,138,59,13,5,1,6,192,0.206
16,0.108345,18,4.91038e-11,4.9104e-11,1,1,138,59,13,5,1,6,192,0.308
16,0.108345,19,4.91038e-11,4.9104e-11,1,1,136,59,12,5,1,6,185,0.208
16,0.108345,20,4.91039e-11,4.9104e-11,1,1,138,59,13,5,1,6,192,0.208
16,0.108345,21,4.91039e-11,4.9104e-11,1,1,136,59,12,5,1,6,185,0.207
16,0.108345,22,4.91039e-11,4.9104e-11,1,1,138,59,13,5,1,6,192,0.208
16,0.108345,23,4.91039e-11,4.9104e-11,1,1,136,59,12,5,1,6,185,0.311
16,0.108345,24,4.91039e-11,4.9104e-11,1,1,138,59,13,5,1,6,192,0.211
16,0.108345,25,4.91039e-11,4.9104e-11,1,1,138,59,13,5,1,6,192,0.206
16,0.108345,26,4.91039e-11,4.9104e-11,1,1,138,59,13,5,1,6,192,0.207
16,0.108345,27,4.91039e-11,4.9104e-11,1,1,136,59,12,5,1,6,185,0.209
16,0.108345,28,4.91039e-11,4.9104e-11,1,1,139,59,14,5,1,6,199,0.208
16,0.108345,29,4.91039e-11,4.9104e-11,1,1,139,59,14,5,1,6,199,0.312
16,0.108345,30,4.91039e-11,4.9104e-11,1,1,139,59,14,5,1,6,199,0.214
16,0.108345,31,4.91039e-11,4.9104e-11,1,1,139,59,14,5,1,6,199,0.212
16,0.108345,32,4.91039e-11,4.9104e-11,1,1,139,59,14,5,1,6,199,0.209
16,0.108345,33,4.91039e-11,4.9104e-11,1,1,139,59,14,5,1,6,199,0.209
16,0.108345,34,4.91039e-11,4.9104e-11,1,1,139,59,14,5,1,6,199,0.313
16,0.108345,35,4.91039e-11,4.9104e-11,1,1,139,59,14,5,1,6,199,0.21
16,0.217255,0,2.09192e-11,2.09192e-11,1,1,116,41,23,9,1,10,272,0.253
16,0.217255,1,2.09192e-11,2.09192e-11,1,1,114,41,23,8,0,8,258,0.257
16,0.217255,2,2.09192e-11,2.09192e-11,1,1,114,41,23,8,0,8,258,0.26
16,0.217255,3,2.09192e-11,2.09192e-11,1,1,116,41,23,9,1,10,272,0.382
16,0.217255,4,2.09193e-11,2.09192e-11,1,1,115,41,24,8,0,8,265,0.255
16,0.217255,5,2.09193e-11,2.09192e-11,1,1,117,41,24,9,1,10,279,0.258
16,0.217255,6,2.09193e-11,2.09192e-11,1,1,115,41,24,8,0,8,265,0.255
16,0.217255,7,2.09193e-11,2.09192e-11,1,1,117,41,24,9,1,10,279,0.255
16,0.217255,8,2.09193e-11,2.09192e-11,1,1,115,41,24,8,0,8,265,0.381
16,0.217255,9,2.09193e-11,2.09192e-11,1,1,117,41,24,9,1,10,279,0.256
16,0.217255,10,2.09193e-11,2.09192e-11,1,1,117,41,24,9,1,10,279,0.267
16,0.217255,11,2.09193e-11,2.09192e-11,1,1,115,41,24,8,0,8,265,0.252
16,0.217255,12,2.09193e-11,2.09192e-11,1,1,117,41,24,9,1,10,279,0.257
16,0.217255,13,2.09193e-11,2.09192e-11,1,1,115,41,24,8,0,8,265,0.257
16,0.217255,14,2.09193e-11,2.09192e-11,1,1,117,41,24,9,1,10,279,0.379
16,0.217255,15,2.09193e-11,2.09192e-11,1,1,115,41,24,8,0,8,265,0.252
16,0.217255,16,2.09193e-11,2.09192e-11,1,1,115,41,24,8,0,8,265,0.258
16,0.217255,17,2.09193e-11,2.09192e-11,1,1,117,41,24,9,1,10,279,0.256
16,0.217255,18,2.09193e-11,2.09192e-11,1,1,115,41,24,8,0,8,265,0.26
16,0.217255,19,2.09193e-11,2.09192e-11,1,1,117,41,24,9,1,10,279,0.384
16,0.217255,20,2.09193e-11,2.09192e-11,1,1,114,41,23,8,0,8,258,0.254
16,0.217255,21,2.09193e-11,2.09192e-11,1,1,116,41,23,9,1,10,272,0.262
16,0.217255,22,2.09193e-11,2.09192e-11,1,1,114,41,23,8,0,8,258,0.259
16,0.217255,23,2.09193e-11,2.09192e-11,1,1,116,41,23,9,1,10,272,0.259
16,0.217255,24,2.09193e-11,2.09192e-11,1,1,115,41,24,8,0,8,265,0.259
16,0.217255,25,2.09193e-11,2.09192e-11,1,1,117,41,24,9,1,10,279,0.384
16,0.217255,26,2.09193e-11,2.09192e-11,1,1,115,41,24,8,0,8,265,0.256
16,0.217255,27,2.09193e-11,2.09192e-11,1,1,117,41,24,9,1,10,279,0.262
16,0.217255,28,2.09194e-11,2.09192e-11,1,1,114,41,23,8,0,8,258,0.261
16,0.217255,29,2.09194e-11,2.09192e-11,1,1,116,41,23,9,1,10,272,0.259
16,0.217255,30,2.09194e-11,2.09192e-11,1,1,116,41,23,9,1,10,272,0.384
16,0.217255,31,2.09194e-11,2.09192e-11,1,1,114,41,23,8,0,8,258,0.258
16,0.217255,32,2.09194e-11,2.09192e-11,1,1,117,41,24,9,1,10,279,0.258
16,0.217255,33,2.09194e-11,2.09192e-11,1,1,115,41,24,8,0,8,265,0.256
16,0.217255,34,2.09194e-11,2.09192e-11,1,1,117,41,24,9,1,10,279,0.257
16,0.217255,35,2.09194e-11,2.09192e-11,1,1,115,41,24,8,0,8,265,0.258
16,0.324755,0,1.11309e-11,1.11307e-11,1,1,129,53,18,4,0,4,207,0.342
16,0.324755,1,1.11309e-11,1.11307e-11,1,1,131,53,18,5,1,6,221,0.227
16,0.324755,2,1.11309e-11,1.11307e-11,1,1,131,53,18,5,1,6,221,0.228
16,0.324755,3,1.11309e-11,1.11307e-11,1,1,129,53,18,4,0,4,207,0.229
16,0.324755,4,1.11309e-11,1.11307e-11,1,1,128,53,17,4,0,4,200,0.229
16,0.324755,5,1.11309e-11,1.11307e-11,1,1,130,53,17,5,1,6,214,0.344
16,0.324755,6,1.11309e-11,1.11307e-11,1,1,130,53,17,5,1,6,214,0.229
16,0.324755,7,1.11309e-11,1.11307e-11,1,1,128,53,17,4,0,4,200,0.231
16,0.324755,8,1.11309e-11,1.11307e-11,1,1,129,53,18,4,0,4,207,0.23
16,0.324755,9,1.11309e-11,1.11307e-11,1,1,131,53,18,5,1,6,221,0.233
16,0.324755,10,1.11309e-11,1.11307e-11,1,1,129,53,18,4,0,4,207,0.229
16,0.324755,11,1.11309e-11,1.11307e-11,1,1,131,53,18,5,1,6,221,0.343
16,0.324755,12,1.11309e-11,1.11307e-11,1,1,129,53,18,4,0,4,207,0.229
16,0.324755,13,1.11309e-11,1.11307e-11,1,1,131,53,18,5,1,6,221,0.23
16,0.324755,14,1.11309e-11,1.11307e-11,1,1,131,53,18,5,1,6,221,0.231
16,0.324755,15,1.11309e-11,1.11307e-11,1,1,129,53,18,4,0,4,207,0.228
16,0.324755,16,1.11309e-11,1.11307e-11,1,1,129,53,18,4,0,4,207,0.343
16,0.324755,17,1.11309e-11,1.11307e-11,1,1,131,53,18,5,1,6,221,0.229
16,0.324755,18,1.11309e-11,1.11307e-11,1,1,131,53,18,5,1,6,221,0.23
16,0.324755,19,1.11309e-11,1.11307e-11,1,1,129,53,18,4,0,4,207,0.23
16,0.324755,20,1.11309e-11,1.11307e-11,1,1,130,53,17,5,1,6,214,0.229
16,0.324755,21,1.11309e-11,1.11307e-11,1,1,128,53,17,4,0,4,200,0.23
16,0.324755,22,1.11309e-11,1.11307e-11,1,1,130,53,17,5,1,6,214,0.342
16,0.324755,23,1.11309e-11,1.11307e-11,1,1,128,53,17,4,0,4,200,0.228
16,0.324755,24,1.1131e-11,1.11307e-11,1,1,128,53,17,4,0,4,200,0.23
16,0.324755,25,1.1131e-11,1.11307e-11,1,1,130,53,17,5,1,6,214,0.232
16,0.324755,26,1.1131e-11,1.11307e-11,1,1,130,53,17,5,1,6,214,0.229
16,0.324755,27,1.1131e-11,1.11307e-11,1,1,128,53,17,4,0,4,200,0.342
16,0.324755,28,1.1131e-11,1.11307e-11,1,1,131,53,18,5,1,6,221,0.227
16,0.324755,29,1.1131e-11,1.11307e-11,1,1,129,53,18,4,0,4,207,0.235
16,0.324755,30,1.1131e-11,1.11307e-11,1,1,131,53,18,5,1,6,221,0.237
16,0.324755,31,1.1131e-11,1.11307e-11,1,1,129,53,18,4,0,4,207,0.23
16,0.324755,32,1.11311e-11,1.11307e-11,1,1,131,53,18,5,1,6,221,0.343
16,0.324755,33,1.11311e-11,1.11307e-11,1,1,129,53,18,4,0,4,207,0.23
16,0.324755,34,1.11311e-11,1.11307e-11,1,1,131,53,18,5,1,6,221,0.227
16,0.324755,35,1.11311e-11,1.11307e-11,1,1,129,53,18,4,0,4,207,0.226
16,0.433547,0,1.11308e-11,1.11307e-11,1,1,115,43,22,7,1,8,253,0.267
16,0.433547,1,1.11308e-11,1.11307e-11,1,1,115,43,22,7,1,8,253,0.265
16,0.433547,2,1.11308e-11,1.11307e-11,1,1,115,43,22,7,1,8,253,0.399
16,0.433547,3,1.11308e-11,1.11307e-11,1,1,115,43,22,7,1,8,253,0.273
16,0.433547,4,1.11309e-11,1.11307e-11,1,1,115,41,24,7,1,8,265,0.269
16,0.433547,5,1.11309e-11,1.11307e-11,1,1,115,41,24,7,1,8,265,0.265
16,0.433547,6,1.11309e-11,1.11307e-11,1,1,115,41,24,7,1,8,265,0.273
16,0.433547,7,1.11309e-11,1.11307e-11,1,1,115,41,24,7,1,8,265,0.397
16,0.433547,8,1.11309e-11,1.11307e-11,1,1,115,41,24,7,1,8,265,0.267
16,0.433547,9,1.11309e-11,1.11307e-11,1,1,115,41,24,7,1,8,265,0.266
16,0.433547,10,1.11309e-11,1.11307e-11,1,1,115,41,24,7,1,8,265,0.27
16,0.433547,11,1.11309e-11,1.11307e-11,1,1,115,41,24,7,1,8,265,0.272
16,0.433547,12,1.11309e-11,1.11307e-11,1,1,115,41,24,7,1,8,265,0.269
16,0.433547,13,1.11309e-11,1.11307e-11,1,1,115,41,24,7,1,8,265,0.4
16,0.433547,14,1.11309e-11,1.11307e-11,1,1,115,41,24,7,1,8,265,0.271
16,0.433547,15,1.11309e-11,1.11307e-11,1,1,115,41,24,7,1,8,265,0.269
16,0.433547,16,1.11309e-11,1.11307e-11,1,1,115,43,22,7,1,8,253,0.268
16,0.433547,17,1.11309e-11,1.11307e-11,1,1,115,43,22,7,1,8,253,0.284
16,0.433547,18,1.11309e-11,1.11307e-11,1,1,115,43,22,7,1,8,253,0.398
16,0.433547,19,1.11309e-11,1.11307e-11,1,1,115,43,22,7,1,8,253,0.268
16,0.433547,20,1.1131e-11,1.11307e-11,1,1,115,43,22,7,1,8,253,0.266
16,0.433547,21,1.1131e-11,1.11307e-11,1,1,115,43,22,7,1,8,253,0.265
16,0.433547,22,1.1131e-11,1.11307e-11,1,1,115,43,22,7,1,8,253,0.267
16,0.433547,23,1.1131e-11,1.11307e-11,1,1,115,43,22,7,1,8,253,0.265
16,0.433547,24,1.1131e-11,1.11307e-11,1,1,115,41,24,7,1,8,265,0.398
16,0.433547,25,1.1131e-11,1.11307e-11,1,1,115,41,24,7,1,8,265,0.266
16,0.433547,26,1.1131e-11,1.11307e-11,1,1,115,41,24,7,1,8,265,0.266
16,0.433547,27,1.1131e-11,1.11307e-11,1,1,115,41,24,7,1,8,265,0.265
16,0.433547,28,1.11311e-11,1.11307e-11,1,1,115,41,24,7,1,8,265,0.268
16,0.433547,29,1.11311e-11,1.11307e-11,1,1,115,41,24,7,1,8,265,0.4
16,0.433547,30,1.11311e-11,1.11307e-11,1,1,115,41,24,7,1,8,265,0.27
16,0.433547,31,1.11311e-11,1.11307e-11,1,1,115,41,24,7,1,8,265,0.269
16,0.433547,32,1.11311e-11,1.11307e-11,1,1,115,41,24,7,1,8,265,0.273
16,0.433547,33,1.11311e-11,1.11307e-11,1,1,115,41,24,7,1,8,265,0.273
16,0.433547,34,1.11311e-11,1.11307e-11,1,1,115,41,24,7,1,8,265,0.276
16,0.433547,35,1.11311e-11,1.11307e-11,1,1,115,41,24,7,1,8,265,0.398
16,0.54303,0,3.20502e-11,3.20505e-11,1,1,117,43,22,7,1,8,253,0.255
16,0.54303,1,3.20502e-11,3.20505e-11,1,1,117,43,22,7,1,8,253,0.263
16,0.54303,2,3.20502e-11,3.20505e-11,1,1,117,43,22,7,1,8,253,0.253
16,0.54303,3,3.20502e-11,3.20505e-11,1,1,117,43,22,7,1,8,253,0.255
16,0.54303,4,3.20502e-11,3.20505e-11,1,1,117,45,20,7,1,8,241,0.379
16,0.54303,5,3.20502e-11,3.20505e-11,1,1,117,45,20,7,1,8,241,0.252
16,0.54303,6,3.20502e-11,3.20505e-11,1,1,117,45,20,7,1,8,241,0.253
16,0.54303,7,3.20502e-11,3.20505e-11,1,1,117,45,20,7,1,8,241,0.259
16,0.54303,8,3.20502e-11,3.20505e-11,1,1,117,43,22,7,1,8,253,0.255
16,0.54303,9,3.20502e-11,3.20505e-11,1,1,117,43,22,7,1,8,253,0.256
16,0.54303,10,3.20502e-11,3.20505e-11,1,1,117,43,22,7,1,8,253,0.381
16,0.54303,11,3.20502e-11,3.20505e-11,1,1,117,43,22,7,1,8,253,0.252
16,0.54303,12,3.20502e-11,3.20505e-11,1,1,117,43,22,7,1,8,253,0.256
16,0.54303,13,3.20502e-11,3.20505e-11,1,1,117,43,22,7,1,8,253,0.254
16,0.54303,14,3.20502e-11,3.20505e-11,1,1,117,43,22,7,1,8,253,0.254
16,0.54303,15,3.20502e-11,3.20505e-11,1,1,117,43,22,7,1,8,253,0.382
16,0.54303,16,3.20503e-11,3.20505e-11,1,1,117,45,20,7,1,8,241,0.26
16,0.54303,17,3.20503e-11,3.20505e-11,1,1,117,45,20,7,1,8,241,0.255
16,0.54303,18,3.20503e-11,3.20505e-11,1,1,117,45,20,7,1,8,241,0.254
16,0.54303,19,3.20503e-11,3.20505e-11,1,1,117,45,20,7,1,8,241,0.256
16,0.54303,20,3.20503e-11,3.20505e-11,1,1,117,43,22,7,1,8,253,0.254
16,0.54303,21,3.20503e-11,3.20505e-11,1,1,117,43,22,7,1,8,253,0.383
16,0.54303,22,3.20503e-11,3.20505e-11,1,1,117,43,22,7,1,8,253,0.256
16,0.54303,23,3.20503e-11,3.20505e-11,1,1,117,43,22,7,1,8,253,0.253
16,0.54303,24,3.20503e-11,3.20505e-11,1,1,117,43,22,7,1,8,253,0.257
16,0.54303,25,3.20503e-11,3.20505e-11,1,1,117,43,22,7,1,8,253,0.257
16,0.54303,26,3.20503e-11,3.20505e-11,1,1,117,43,22,7,1,8,253,0.381
16,0.54303,27,3.20503e-11,3.20505e-11,1,1,117,43,22,7,1,8,253,0.256
16,0.54303,28,3.20503e-11,3.20505e-11,1,1,117,45,20,7,1,8,241,0.256
16,0.54303,29,3.20503e-11,3.20505e-11,1,1,117,45,20,7,1,8,241,0.259
16,0.54303,30,3.20503e-11,3.20505e-11,1,1,117,45,20,7,1,8,241,0.26
16,0.54303,31,3.20503e-11,3.20505e-11,1,1,117,45,20,7,1,8,241,0.254
16,0.54303,32,3.20504e-11,3.20505e-11,1,1,117,43,22,7,1,8,253,0.383
16,0.54303,33,3.20504e-11,3.20505e-11,1,1,117,43,22,7,1,8,253,0.257
16,0.54303,34,3.20504e-11,3.20505e-11,1,1,117,43,22,7,1,8,253,0.255
16,0.54303,35,3.20504e-11,3.20505e-11,1,1,117,43,22,7,1,8,253,0.253
16,0.651666,0,4.12028e-11,4.12031e-11,1,1,113,39,22,11,1,12,277,0.25
16,0.651666,1,4.12028e-11,4.12031e-11,1,1,111,39,22,10,0,10,263,0.365
16,0.651666,2,4.12028e-11,4.12031e-11,1,1,113,39,22,11,1,12,277,0.246
16,0.651666,3,4.12028e-11,4.12031e-11,1,1,111,39,22,10,0,10,263,0.244
16,0.651666,4,4.12029e-11,4.12031e-11,1,1,113,39,22,11,1,12,277,0.246
16,0.651666,5,4.12029e-11,4.12031e-11,1,1,111,39,22,10,0,10,263,0.256
16,0.651666,6,4.12029e-11,4.12031e-11,1,1,111,39,22,10,0,10,263,0.251
16,0.651666,7,4.12029e-11,4.12031e-11,1,1,113,39,22,11,1,12,277,0.366
16,0.651666,8,4.12029e-11,4.12031e-11,1,1,113,41,20,11,1,12,265,0.247
16,0.651666,9,4.12029e-11,4.12031e-11,1,1,111,41,20,10,0,10,251,0.249
16,0.651666,10,4.12029e-11,4.12031e-11,1,1,113,41,20,11,1,12,265,0.245
16,0.651666,11,4.12029e-11,4.12031e-11,1,1,111,41,20,10,0,10,251,0.366
16,0.651666,12,4.1203e-11,4.12031e-11,1,1,111,39,22,10,0,10,263,0.252
16,0.651666,13,4.1203e-11,4.12031e-11,1,1,113,39,22,11,1,12,277,0.246
16,0.651666,14,4.1203e-11,4.12031e-11,1,1,113,39,22,11,1,12,277,0.245
16,0.651666,15,4.1203e-11,4.12031e-11,1,1,111,39,22,10,0,10,263,0.249
16,0.651666,16,4.1203e-11,4.12031e-11,1,1,113,41,20,11,1,12,265,0.247
16,0.651666,17,4.1203e-11,4.12031e-11,1,1,111,41,20,10,0,10,251,0.245
16,0.651666,18,4.1203e-11,4.12031e-11,1,1,111,41,20,10,0,10,251,0.364
16,0.651666,19,4.1203e-11,4.12031e-11,1,1,113,41,20,11,1,12,265,0.243
16,0.651666,20,4.12031e-11,4.12031e-11,1,1,111,39,22,10,0,10,263,0.243
16,0.651666,21,4.12031e-11,4.12031e-11,1,1,113,39,22,11,1,12,277,0.241
16,0.651666,22,4.12031e-11,4.12031e-11,1,1,113,39,22,11,1,12,277,0.356
16,0.651666,23,4.12031e-11,4.12031e-11,1,1,111,39,22,10,0,10,263,0.239
16,0.651666,24,4.12031e-11,4.12031e-11,1,1,111,39,22,10,0,10,263,0.243
16,0.651666,25,4.12031e-11,4.12031e-11,1,1,113,39,22,11,1,12,277,0.244
16,0.651666,26,4.12031e-11,4.12031e-11,1,1,111,39,22,10,0,10,263,0.246
16,0.651666,27,4.12031e-11,4.12031e-11,1,1,113,39,22,11,1,12,277,0.246
16,0.651666,28,4.12031e-11,4.12031e-11,1,1,111,41,20,10,0,10,251,0.246
16,0.651666,29,4.12031e-11,4.12031e-11,1,1,113,41,20,11,1,12,265,0.364
16,0.651666,30,4.12031e-11,4.12031e-11,1,1,111,41,20,10,0,10,251,0.251
16,0.651666,31,4.12031e-11,4.12031e-11,1,1,113,41,20,11,1,12,265,0.252
16,0.651666,32,4.12031e-11,4.12031e-11,1,1,111,39,22,10,0,10,263,0.244
16,0.651666,33,4.12031e-11,4.12031e-11,1,1,113,39,22,11,1,12,277,0.366
16,0.651666,34,4.12031e-11,4.12031e-11,1,1,113,39,22,11,1,12,277,0.245
16,0.651666,35,4.12031e-11,4.12031e-11,1,1,111,39,22,10,0,10,263,0.249
16,0.756392,0,1.11308e-11,1.11307e-11,1,1,135,55,18,6,0,6,223,0.207
16,0.756392,1,1.11308e-11,1.11307e-11,1,1,137,55,18,7,1,8,237,0.211
16,0.756392,2,1.11308e-11,1.11307e-11,1,1,137,55,18,7,1,8,237,0.207
16,0.756392,3,1.11308e-11,1.11307e-11,1,1,135,55,18,6,0,6,223,0.211
16,0.756392,4,1.11309e-11,1.11307e-11,1,1,132,55,16,6,0,6,209,0.313
16,0.756392,5,1.11309e-11,1.11307e-11,1,1,134,55,16,7,1,8,223,0.208
16,0.756392,6,1.11309e-11,1.11307e-11,1,1,136,55,17,7,1,8,230,0.212
16,0.756392,7,1.11309e-11,1.11307e-11,1,1,134,55,17,6,0,6,216,0.21
16,0.756392,8,1.11309e-11,1.11307e-11,1,1,134,55,17,6,0,6,216,0.314
16,0.756392,9,1.11309e-11,1.11307e-11,1,1,136,55,17,7,1,8,230,0.206
16,0.756392,10,1.11309e-11,1.11307e-11,1,1,132,55,16,6,0,6,209,0.207
16,0.756392,11,1.11309e-11,1.11307e-11,1,1,134,55,16,7,1,8,223,0.211
16,0.756392,12,1.11309e-11,1.11307e-11,1,1,135,55,18,6,0,6,223,0.214
16,0.756392,13,1.11309e-11,1.11307e-11,1,1,137,55,18,7,1,8,237,0.209
16,0.756392,14,1.11309e-11,1.11307e-11,1,1,137,55,18,7,1,8,237,0.21
16,0.756392,15,1.11309e-11,1.11307e-11,1,1,135,55,18,6,0,6,223,0.315
16,0.756392,16,1.11309e-11,1.11307e-11,1,1,137,55,18,7,1,8,237,0.21
16,0.756392,17,1.11309e-11,1.11307e-11,1,1,135,55,18,6,0,6,223,0.21
16,0.756392,18,1.11309e-11,1.11307e-11,1,1,137,55,18,7,1,8,237,0.219
16,0.756392,19,1.11309e-11,1.11307e-11,1,1,135,55,18,6,0,6,223,0.314
16,0.756392,20,1.11309e-11,1.11307e-11,1,1,137,55,18,7,1,8,237,0.208
16,0.756392,21,1.11309e-11,1.11307e-11,1,1,135,55,18,6,0,6,223,0.216
16,0.756392,22,1.11309e-11,1.11307e-11,1,1,137,55,18,7,1,8,237,0.21
16,0.756392,23,1.11309e-11,1.11307e-11,1,1,135,55,18,6,0,6,223,0.209
16,0.756392,24,1.1131e-11,1.11307e-11,1,1,134,55,16,7,1,8,223,0.208
16,0.756392,25,1.1131e-11,1.11307e-11,1,1,132,55,16,6,0,6,209,0.31
16,0.756392,26,1.1131e-11,1.11307e-11,1,1,136,55,17,7,1,8,230,0.21
16,0.756392,27,1.1131e-11,1.11307e-11,1,1,134,55,17,6,0,6,216,0.208
16,0.756392,28,1.1131e-11,1.11307e-11,1,1,137,55,18,7,1,8,237,0.205
16,0.756392,29,1.1131e-11,1.11307e-11,1,1,135,55,18,6,0,6,223,0.213
16,0.756392,30,1.1131e-11,1.11307e-11,1,1,137,55,18,7,1,8,237,0.314
16,0.756392,31,1.1131e-11,1.11307e-11,1,1,135,55,18,6,0,6,223,0.213
16,0.756392,32,1.1131e-11,1.11307e-11,1,1,135,55,18,6,0,6,223,0.208
16,0.756392,33,1.1131e-11,1.11307e-11,1,1,137,55,18,7,1,8,237,0.216
16,0.756392,34,1.1131e-11,1.11307e-11,1,1,135,55,18,6,0,6,223,0.25
16,0.756392,35,1.1131e-11,1.11307e-11,1,1,137,55,18,7,1,8,237,0.247
16,0.865419,0,4.91038e-11,4.9104e-11,1,1,99,31,26,9,1,10,283,0.466
16,0.865419,1,4.91038e-11,4.9104e-11,1,1,97,31,26,8,0,8,269,0.316
16,0.865419,2,4.91038e-11,4.9104e-11,1,1,97,31,26,8,0,8,269,0.4
16,0.865419,3,4.91038e-11,4.9104e-11,1,1,99,31,26,9,1,10,283,0.389
16,0.865419,4,4.91038e-11,4.9104e-11,1,1,99,31,26,9,1,10,283,0.317
16,0.865419,5,4.91038e-11,4.9104e-11,1,1,97,31,26,8,0,8,269,0.467
16,0.865419,6,4.91038e-11,4.9104e-11,1,1,99,31,26,9,1,10,283,0.319
16,0.865419,7,4.91038e-11,4.9104e-11,1,1,97,31,26,8,0,8,269,0.395
16,0.865419,8,4.91038e-11,4.9104e-11,1,1,97,31,26,8,0,8,269,0.349
16,0.865419,9,4.91038e-11,4.9104e-11,1,1,99,31,26,9,1,10,283,0.306
16,0.865419,10,4.91038e-11,4.9104e-11,1,1,97,31,26,8,0,8,269,0.456
16,0.865419,11,4.91038e-11,4.9104e-11,1,1,99,31,26,9,1,10,283,0.306
16,0.865419,12,4.91038e-11,4.9104e-11,1,1,99,31,26,9,1,10,283,0.307
16,0.865419,13,4.91038e-11,4.9104e-11,1,1,97,31,26,8,0,8,269,0.309
16,0.865419,14,4.91038e-11,4.9104e-11,1,1,99,31,26,9,1,10,283,0.304
16,0.865419,15,4.91038e-11,4.9104e-11,1,1,97,31,26,8,0,8,269,0.307
16,0.865419,16,4.91038e-11,4.9104e-11,1,1,99,33,24,9,1,10,271,0.457
16,0.865419,17,4.91038e-11,4.9104e-11,1,1,97,33,24,8,0,8,257,0.317
16,0.865419,18,4.91038e-11,4.9104e-11,1,1,99,33,24,9,1,10,271,0.307
16,0.865419,19,4.91038e-11,4.9104e-11,1,1,97,33,24,8,0,8,257,0.314
16,0.865419,20,4.91038e-11,4.9104e-11,1,1,97,33,24,8,0,8,257,0.339
16,0.865419,21,4.91038e-11,4.9104e-11,1,1,99,33,24,9,1,10,271,0.46
16,0.865419,22,4.91038e-11,4.9104e-11,1,1,97,33,24,8,0,8,257,0.318
16,0.865419,23,4.91038e-11,4.9104e-11,1,1,99,33,24,9,1,10,271,0.318
16,0.865419,24,4.91039e-11,4.9104e-11,1,1,99,33,24,9,1,10,271,0.309
16,0.865419,25,4.91039e-11,4.9104e-11,1,1,97,33,24,8,0,8,257,0.306
16,0.865419,26,4.91039e-11,4.9104e-11,1,1,97,33,24,8,0,8,257,0.31
16,0.865419,27,4.91039e-11,4.9104e-11,1,1,99,33,24,9,1,10,271,0.457
16,0.865419,28,4.91039e-11,4.9104e-11,1,1,97,31,26,8,0,8,269,0.312
16,0.865419,29,4.91039e-11,4.9104e-11,1,1,99,31,26,9,1,10,283,0.304
16,0.865419,30,4.91039e-11,4.9104e-11,1,1,99,31,26,9,1,10,283,0.31
16,0.865419,31,4.91039e-11,4.9104e-11,1,1,97,31,26,8,0,8,269,0.452
16,0.865419,32,4.91039e-11,4.9104e-11,1,1,97,31,26,8,0,8,269,0.305
16,0.865419,33,4.91039e-11,4.9104e-11,1,1,99,31,26,9,1,10,283,0.302
16,0.865419,34,4.91039e-11,4.9104e-11,1,1,97,31,26,8,0,8,269,0.305
16,0.865419,35,4.91039e-11,4.9104e-11,1,1,99,31,26,9,1,10,283,0.307
16,0.974938,0,3.20502e-11,3.20505e-11,1,1,125,49,18,7,1,8,231,0.238
16,0.974938,1,3.20502e-11,3.20505e-11,1,1,125,49,18,7,1,8,231,0.24
16,0.974938,2,3.20502e-11,3.20505e-11,1,1,125,49,18,7,1,8,231,0.357
16,0.974938,3,3.20502e-11,3.20505e-11,1,1,125,49,18,7,1,8,231,0.239
16,0.974938,4,3.20502e-11,3.20505e-11,1,1,125,51,16,7,1,8,219,0.24
16,0.974938,5,3.20502e-11,3.20505e-11,1,1,125,51,16,7,1,8,219,0.24
16,0.974938,6,3.20502e-11,3.20505e-11,1,1,125,51,16,7,1,8,219,0.362
16,0.974938,7,3.20502e-11,3.20505e-11,1,1,125,51,16,7,1,8,219,0.241
16,0.974938,8,3.20502e-11,3.20505e-11,1,1,125,49,18,7,1,8,231,0.244
16,0.974938,9,3.20502e-11,3.20505e-11,1,1,125,49,18,7,1,8,231,0.246
16,0.974938,10,3.20502e-11,3.20505e-11,1,1,125,49,18,7,1,8,231,0.24
16,0.974938,11,3.20502e-11,3.20505e-11,1,1,125,49,18,7,1,8,231,0.238
16,0.974938,12,3.20502e-11,3.20505e-11,1,1,125,49,18,7,1,8,231,0.239
16,0.974938,13,3.20502e-11,3.20505e-11,1,1,125,49,18,7,1,8,231,0.354
16,0.974938,14,3.20502e-11,3.20505e-11,1,1,125,49,18,7,1,8,231,0.238
16,0.974938,15,3.20502e-11,3.20505e-11,1,1,125,49,18,7,1,8,231,0.24
16,0.974938,16,3.20502e-11,3.20505e-11,1,1,125,51,16,7,1,8,219,0.237
16,0.974938,17,3.20502e-11,3.20505e-11,1,1,125,51,16,7,1,8,219,0.354
16,0.974938,18,3.20502e-11,3.20505e-11,1,1,125,51,16,7,1,8,219,0.237
16,0.974938,19,3.20502e-11,3.20505e-11,1,1,125,51,16,7,1,8,219,0.239
16,0.974938,20,3.20503e-11,3.20505e-11,1,1,125,49,18,7,1,8,231,0.237
16,0.974938,21,3.20503e-11,3.20505e-11,1,1,125,49,18,7,1,8,231,0.237
16,0.974938,22,3.20503e-11,3.20505e-11,1,1,125,49,18,7,1,8,231,0.24
16,0.974938,23,3.20503e-11,3.20505e-11,1,1,125,49,18,7,1,8,231,0.237
16,0.974938,24,3.20503e-11,3.20505e-11,1,1,125,49,18,7,1,8,231,0.353
16,0.974938,25,3.20503e-11,3.20505e-11,1,1,125,49,18,7,1,8,231,0.237
16,0.974938,26,3.20503e-11,3.20505e-11,1,1,125,49,18,7,1,8,231,0.235
16,0.974938,27,3.20503e-11,3.20505e-11,1,1,125,49,18,7,1,8,231,0.241
16,0.974938,28,3.20503e-11,3.20505e-11,1,1,125,49,18,7,1,8,231,0.359
16,0.974938,29,3.20503e-11,3.20505e-11,1,1,125,49,18,7,1,8,231,0.245
16,0.974938,30,3.20503e-11,3.20505e-11,1,1,125,49,18,7,1,8,231,0.24
16,0.974938,31,3.20503e-11,3.20505e-11,1,1,125,49,18,7,1,8,231,0.247
16,0.974938,32,3.20503e-11,3.20505e-11,1,1,125,51,16,7,1,8,219,0.238
16,0.974938,33,3.20503e-11,3.20505e-11,1,1,125,51,16,7,1,8,219,0.236
16,0.974938,34,3.20503e-11,3.20505e-11,1,1,125,51,16,7,1,8,219,0.242
16,0.974938,35,3.20503e-11,3.20505e-11,1,1,125,51,16,7,1,8,219,0.355
16,1.08341,0,3.20502e-11,3.20505e-11,1,1,135,55,20,3,1,4,223,0.229
16,1.08341,1,3.20502e-11,3.20505e-11,1,1,133,55,20,2,0,2,209,0.232
16,1.08341,2,3.20502e-11,3.20505e-11,1,1,135,55,20,3,1,4,223,0.229
16,1.08341,3,3.20502e-11,3.20505e-11,1,1,133,55,20,2,0,2,209,0.342
16,1.08341,4,3.20502e-11,3.20505e-11,1,1,135,57,18,3,1,4,211,0.228
16,1.08341,5,3.20502e-11,3.20505e-11,1,1,133,57,18,2,0,2,197,0.229
16,1.08341,6,3.20502e-11,3.20505e-11,1,1,135,57,18,3,1,4,211,0.228
16,1.08341,7,3.20502e-11,3.20505e-11,1,1,133,57,18,2,0,2,197,0.228
16,1.08341,8,3.20502e-11,3.20505e-11,1,1,133,55,20,2,0,2,209,0.229
16,1.08341,9,3.20502e-11,3.20505e-11,1,1,135,55,20,3,1,4,223,0.228
16,1.08341,10,3.20502e-11,3.20505e-11,1,1,133,55,20,2,0,2,209,0.342
16,1.08341,11,3.20502e-11,3.20505e-11,1,1,135,55,20,3,1,4,223,0.228
16,1.08341,12,3.20502e-11,3.20505e-11,1,1,133,55,20,2,0,2,209,0.228
16,1.08341,13,3.20502e-11,3.20505e-11,1,1,135,55,20,3,1,4,223,0.228
16,1.08341,14,3.20502e-11,3.20505e-11,1,1,135,55,20,3,1,4,223,0.343
16,1.08341,15,3.20502e-11,3.20505e-11,1,1,133,55,20,2,0,2,209,0.227
16,1.08341,16,3.20503e-11,3.20505e-11,1,1,133,55,20,2,0,2,209,0.228
16,1.08341,17,3.20503e-11,3.20505e-11,1,1,135,55,20,3,1,4,223,0.229
16,1.08341,18,3.20503e-11,3.20505e-11,1,1,135,55,20,3,1,4,223,0.227
16,1.08341,19,3.20503e-11,3.20505e-11,1,1,133,55,20,2,0,2,209,0.235
16,1.08341,20,3.20503e-11,3.20505e-11,1,1,133,57,18,2,0,2,197,0.23
16,1.08341,21,3.20503e-11,3.20505e-11,1,1,135,57,18,3,1,4,211,0.342
16,1.08341,22,3.20503e-11,3.20505e-11,1,1,135,57,18,3,1,4,211,0.227
16,1.08341,23,3.20503e-11,3.20505e-11,1,1,133,57,18,2,0,2,197,0.234
16,1.08341,24,3.20503e-11,3.20505e-11,1,1,133,57,18,2,0,2,197,0.228
16,1.08341,25,3.20503e-11,3.20505e-11,1,1,135,57,18,3,1,4,211,0.34
16,1.08341,26,3.20503e-11,3.20505e-11,1,1,133,57,18,2,0,2,197,0.225
16,1.08341,27,3.20503e-11,3.20505e-11,1,1,135,57,18,3,1,4,211,0.228
16,1.08341,28,3.20503e-11,3.20505e-11,1,1,135,55,20,3,1,4,223,0.229
16,1.08341,29,3.20503e-11,3.20505e-11,1,1,133,55,20,2,0,2,209,0.229
16,1.08341,30,3.20503e-11,3.20505e-11,1,1,135,55,20,3,1,4,223,0.229
16,1.08341,31,3.20503e-11,3.20505e-11,1,1,133,55,20,2,0,2,209,0.229
16,1.08341,32,3.20503e-11,3.20505e-11,1,1,133,55,20,2,0,2,209,0.341
16,1.08341,33,3.20503e-11,3.20505e-11,1,1,135,55,20,3,1,4,223,0.228
16,1.08341,34,3.20503e-11,3.20505e-11,1,1,133,55,20,2,0,2,209,0.231
16,1.08341,35,3.20503e-11,3.20505e-11,1,1,135,55,20,3,1,4,223,0.231
16,1.191,0,4.91037e-11,4.9104e-11,1,1,124,47,22,6,1,7,250,0.366
16,1.191,1,4.91037e-11,4.9104e-11,1,1,124,47,22,6,1,7,250,0.242
16,1.191,2,4.91037e-11,4.9104e-11,1,1,124,47,22,6,1,7,250,0.25
16,1.191,3,4.91037e-11,4.9104e-11,1,1,124,47,22,6,1,7,250,0.247
16,1.191,4,4.91038e-11,4.9104e-11,1,1,124,47,22,6,1,7,250,0.252
16,1.191,5,4.91038e-11,4.9104e-11,1,1,124,47,22,6,1,7,250,0.247
16,1.191,6,4.91038e-11,4.9104e-11,1,1,124,47,22,6,1,7,250,0.254
16,1.191,7,4.91038e-11,4.9104e-11,1,1,124,47,22,6,1,7,250,0.366
16,1.191,8,4.91038e-11,4.9104e-11,1,1,124,47,22,6,1,7,250,0.242
16,1.191,9,4.91038e-11,4.9104e-11,1,1,124,47,22,6,1,7,250,0.245
16,1.191,10,4.91038e-11,4.9104e-11,1,1,124,47,22,6,1,7,250,0.247
16,1.191,11,4.91038e-11,4.9104e-11,1,1,124,47,22,6,1,7,250,0.361
16,1.191,12,4.91038e-11,4.9104e-11,1,1,124,49,20,6,1,7,238,0.241
16,1.191,13,4.91038e-11,4.9104e-11,1,1,124,49,20,6,1,7,238,0.246
16,1.191,14,4.91038e-11,4.9104e-11,1,1,124,49,20,6,1,7,238,0.245
16,1.191,15,4.91038e-11,4.9104e-11,1,1,124,49,20,6,1,7,238,0.246
16,1.191,16,4.91039e-11,4.9104e-11,1,1,124,47,22,6,1,7,250,0.245
16,1.191,17,4.91039e-11,4.9104e-11,1,1,124,47,22,6,1,7,250,0.365
16,1.191,18,4.91039e-11,4.9104e-11,1,1,124,47,22,6,1,7,250,0.247
16,1.191,19,4.91039e-11,4.9104e-11,1,1,124,47,22,6,1,7,250,0.245
16,1.191,20,4.91039e-11,4.9104e-11,1,1,124,47,22,6,1,7,250,0.246
16,1.191,21,4.91039e-11,4.9104e-11,1,1,124,47,22,6,1,7,250,0.245
16,1.191,22,4.91039e-11,4.9104e-11,1,1,124,47,22,6,1,7,250,0.37
16,1.191,23,4.91039e-11,4.9104e-11,1,1,124,47,22,6,1,7,250,0.246
16,1.191,24,4.91039e-11,4.9104e-11,1,1,124,47,22,6,1,7,250,0.249
16,1.191,25,4.91039e-11,4.9104e-11,1,1,124,47,22,6,1,7,250,0.253
16,1.191,26,4.91039e-11,4.9104e-11,1,1,124,47,22,6,1,7,250,0.248
16,1.191,27,4.91039e-11,4.9104e-11,1,1,124,47,22,6,1,7,250,0.252
16,1.191,28,4.91039e-11,4.9104e-11,1,1,124,49,20,6,1,7,238,0.374
16,1.191,29,4.91039e-11,4.9104e-11,1,1,124,49,20,6,1,7,238,0.254
16,1.191,30,4.91039e-11,4.9104e-11,1,1,124,49,20,6,1,7,238,0.247
16,1.191,31,4.91039e-11,4.9104e-11,1,1,124,49,20,6,1,7,238,0.247
16,1.191,32,4.91039e-11,4.9104e-11,1,1,124,49,20,6,1,7,238,0.249
16,1.191,33,4.91039e-11,4.9104e-11,1,1,124,49,20,6,1,7,238,0.375
16,1.191,34,4.91039e-11,4.9104e-11,1,1,124,49,20,6,1,7,238,0.25
16,1.191,35,4.91039e-11,4.9104e-11,1,1,124,49,20,6,1,7,238,0.252
16,1.3015,0,1.11308e-11,1.11307e-11,1,1,122,45,20,10,1,11,262,0.248
16,1.3015,1,1.11308e-11,1.11307e-11,1,1,120,45,20,9,0,9,248,0.246
16,1.3015,2,1.11308e-11,1.11307e-11,1,1,120,45,20,9,0,9,248,0.247
16,1.3015,3,1.11308e-11,1.11307e-11,1,1,122,45,20,10,1,11,262,0.367
16,1.3015,4,1.11308e-11,1.11307e-11,1,1,122,45,20,10,1,11,262,0.245
16,1.3015,5,1.11308e-11,1.11307e-11,1,1,120,45,20,9,0,9,248,0.243
16,1.3015,6,1.11308e-11,1.11307e-11,1,1,120,45,20,9,0,9,248,0.247
16,1.3015,7,1.11308e-11,1.11307e-11,1,1,122,45,20,10,1,11,262,0.248
16,1.3015,8,1.11309e-11,1.11307e-11,1,1,122,47,18,10,1,11,250,0.365
16,1.3015,9,1.11309e-11,1.11307e-11,1,1,120,47,18,9,0,9,236,0.243
16,1.3015,10,1.11309e-11,1.11307e-11,1,1,122,47,18,10,1,11,250,0.244
16,1.3015,11,1.11309e-11,1.11307e-11,1,1,120,47,18,9,0,9,236,0.245
16,1.3015,12,1.11309e-11,1.11307e-11,1,1,120,47,18,9,0,9,236,0.245
16,1.3015,13,1.11309e-11,1.11307e-11,1,1,122,47,18,10,1,11,250,0.244
16,1.3015,14,1.11309e-11,1.11307e-11,1,1,120,47,18,9,0,9,236,0.365
16,1.3015,15,1.11309e-11,1.11307e-11,1,1,122,47,18,10,1,11,250,0.252
16,1.3015,16,1.11309e-11,1.11307e-11,1,1,122,45,20,10,1,11,262,0.243
16,1.3015,17,1.11309e-11,1.11307e-11,1,1,120,45,20,9,0,9,248,0.245
16,1.3015,18,1.11309e-11,1.11307e-11,1,1,120,45,20,9,0,9,248,0.251
16,1.3015,19,1.11309e-11,1.11307e-11,1,1,122,45,20,10,1,11,262,0.365
16,1.3015,20,1.11309e-11,1.11307e-11,1,1,120,45,20,9,0,9,248,0.242
16,1.3015,21,1.11309e-11,1.11307e-11,1,1,122,45,20,10,1,11,262,0.246
16,1.3015,22,1.11309e-11,1.11307e-11,1,1,122,45,20,10,1,11,262,0.246
16,1.3015,23,1.11309e-11,1.11307e-11,1,1,120,45,20,9,0,9,248,0.245
16,1.3015,24,1.1131e-11,1.11307e-11,1,1,122,45,20,10,1,11,262,0.245
16,1.3015,25,1.1131e-11,1.11307e-11,1,1,120,45,20,9,0,9,248,0.366
16,1.3015,26,1.1131e-11,1.11307e-11,1,1,122,45,20,10,1,11,262,0.244
16,1.3015,27,1.1131e-11,1.11307e-11,1,1,120,45,20,9,0,9,248,0.242
16,1.3015,28,1.11311e-11,1.11307e-11,1,1,120,47,18,9,0,9,236,0.243
16,1.3015,29,1.11311e-11,1.11307e-11,1,1,122,47,18,10,1,11,250,0.245
16,1.3015,30,1.11311e-11,1.11307e-11,1,1,120,47,18,9,0,9,236,0.367
16,1.3015,31,1.11311e-11,1.11307e-11,1,1,122,47,18,10,1,11,250,0.244
16,1.3015,32,1.11311e-11,1.11307e-11,1,1,120,45,20,9,0,9,248,0.254
16,1.3015,33,1.11311e-11,1.11307e-11,1,1,122,45,20,10,1,11,262,0.253
16,1.3015,34,1.11311e-11,1.11307e-11,1,1,122,45,20,10,1,11,262,0.248
16,1.3015,35,1.11311e-11,1.11307e-11,1,1,120,45,20,9,0,9,248,0.367
16,1.40779,0,1.11308e-11,1.11307e-11,1,1,122,47,17,9,1,10,236,0.24
16,1.40779,1,1.11308e-11,1.11307e-11,1,1,122,47,17,9,1,10,236,0.241
16,1.40779,2,1.11308e-11,1.11307e-11,1,1,122,47,17,9,1,10,236,0.241
16,1.40779,3,1.11308e-11,1.11307e-11,1,1,122,47,17,9,1,10,236,0.242
16,1.40779,4,1.11308e-11,1.11307e-11,1,1,123,47,18,9,1,10,243,0.241
16,1.40779,5,1.11308e-11,1.11307e-11,1,1,123,47,18,9,1,10,243,0.358
16,1.40779,6,1.11308e-11,1.11307e-11,1,1,123,47,18,9,1,10,243,0.235
16,1.40779,7,1.11308e-11,1.11307e-11,1,1,123,47,18,9,1,10,243,0.239
16,1.40779,8,1.11308e-11,1.11307e-11,1,1,123,47,18,9,1,10,243,0.24
16,1.40779,9,1.11308e-11,1.11307e-11,1,1,123,47,18,9,1,10,243,0.239
16,1.40779,10,1.11308e-11,1.11307e-11,1,1,123,47,18,9,1,10,243,0.355
16,1.40779,11,1.11308e-11,1.11307e-11,1,1,123,47,18,9,1,10,243,0.236
16,1.40779,12,1.11309e-11,1.11307e-11,1,1,123,47,18,9,1,10,243,0.237
16,1.40779,13,1.11309e-11,1.11307e-11,1,1,123,47,18,9,1,10,243,0.237
16,1.40779,14,1.11309e-11,1.11307e-11,1,1,123,47,18,9,1,10,243,0.243
16,1.40779,15,1.11309e-11,1.11307e-11,1,1,123,47,18,9,1,10,243,0.241
16,1.40779,16,1.1131e-11,1.11307e-11,1,1,122,47,17,9,1,10,236,0.354
16,1.40779,17,1.1131e-11,1.11307e-11,1,1,122,47,17,9,1,10,236,0.235
16,1.40779,18,1.1131e-11,1.11307e-11,1,1,122,47,17,9,1,10,236,0.239
16,1.40779,19,1.1131e-11,1.11307e-11,1,1,120,47,16,9,1,10,229,0.241
16,1.40779,20,1.1131e-11,1.11307e-11,1,1,123,47,18,9,1,10,243,0.238
16,1.40779,21,1.1131e-11,1.11307e-11,1,1,123,47,18,9,1,10,243,0.358
16,1.40779,22,1.1131e-11,1.11307e-11,1,1,123,47,18,9,1,10,243,0.238
16,1.40779,23,1.1131e-11,1.11307e-11,1,1,123,47,18,9,1,10,243,0.245
16,1.40779,24,1.1131e-11,1.11307e-11,1,1,123,47,18,9,1,10,243,0.241
16,1.40779,25,1.1131e-11,1.11307e-11,1,1,123,47,18,9,1,10,243,0.238
16,1.40779,26,1.1131e-11,1.11307e-11,1,1,123,47,18,9,1,10,243,0.24
16,1.40779,27,1.1131e-11,1.11307e-11,1,1,123,47,18,9,1,10,243,0.356
16,1.40779,28,1.11311e-11,1.11307e-11,1,1,122,47,17,9,1,10,236,0.236
16,1.40779,29,1.11311e-11,1.11307e-11,1,1,122,47,17,9,1,10,236,0.238
16,1.40779,30,1.11311e-11,1.11307e-11,1,1,122,47,17,9,1,10,236,0.24
16,1.40779,31,1.11311e-11,1.11307e-11,1,1,122,47,17,9,1,10,236,0.237
16,1.40779,32,1.11311e-11,1.11307e-11,1,1,123,47,18,9,1,10,243,0.35
16,1.40779,33,1.11311e-11,1.11307e-11,1,1,123,47,18,9,1,10,243,0.248
16,1.40779,34,1.11311e-11,1.11307e-11,1,1,123,47,18,9,1,10,243,0.241
16,1.40779,35,1.11311e-11,1.11307e-11,1,1,123,47,18,9,1,10,243,0.238
16,1.51543,0,3.03028e-11,3.0303e-11,1,1,113,39,24,9,1,10,277,0.269
16,1.51543,1,3.03028e-11,3.0303e-11,1,1,111,39,24,8,0,8,263,0.271
16,1.51543,2,3.03028e-11,3.0303e-11,1,1,101,35,20,12,0,12,259,0.395
16,1.51543,3,3.03028e-11,3.0303e-11,1,1,103,35,20,13,1,14,273,0.267
16,1.51543,4,3.03028e-11,3.0303e-11,1,1,113,39,24,9,1,10,277,0.266
16,1.51543,5,3.03028e-11,3.0303e-11,1,1,111,39,24,8,0,8,263,0.27
16,1.51543,6,3.03029e-11,3.0303e-11,1,1,103,35,20,13,1,14,273,0.265
16,1.51543,7,3.03029e-11,3.0303e-11,1,1,101,35,20,12,0,12,259,0.394
16,1.51543,8,3.03029e-11,3.0303e-11,1,1,101,33,22,12,0,12,271,0.271
16,1.51543,9,3.03029e-11,3.0303e-11,1,1,103,33,22,13,1,14,285,0.265
16,1.51543,10,3.03029e-11,3.0303e-11,1,1,111,39,24,8,0,8,263,0.265
16,1.51543,11,3.03029e-11,3.0303e-11,1,1,113,39,24,9,1,10,277,0.268
16,1.51543,12,3.03029e-11,3.0303e-11,1,1,101,33,22,12,0,12,271,0.266
16,1.51543,13,3.03029e-11,3.0303e-11,1,1,103,33,22,13,1,14,285,0.395
16,1.51543,14,3.03029e-11,3.0303e-11,1,1,103,35,20,13,1,14,273,0.267
16,1.51543,15,3.03029e-11,3.0303e-11,1,1,101,35,20,12,0,12,259,0.268
16,1.51543,16,3.03029e-11,3.0303e-11,1,1,101,33,22,12,0,12,271,0.265
16,1.51543,17,3.03029e-11,3.0303e-11,1,1,103,33,22,13,1,14,285,0.261
16,1.51543,18,3.03029e-11,3.0303e-11,1,1,113,41,22,9,1,10,265,0.399
16,1.51543,19,3.03029e-11,3.0303e-11,1,1,111,41,22,8,0,8,251,0.268
16,1.51543,20,3.03029e-11,3.0303e-11,1,1,113,39,24,9,1,10,277,0.265
16,1.51543,21,3.03029e-11,3.0303e-11,1,1,111,39,24,8,0,8,263,0.265
16,1.51543,22,3.03029e-11,3.0303e-11,1,1,103,33,22,13,1,14,285,0.273
16,1.51543,23,3.03029e-11,3.0303e-11,1,1,101,33,22,12,0,12,271,0.268
16,1.51543,24,3.03029e-11,3.0303e-11,1,1,113,41,22,9,1,10,265,0.4
16,1.51543,25,3.03029e-11,3.0303e-11,1,1,111,41,22,8,0,8,251,0.269
16,1.51543,26,3.03029e-11,3.0303e-11,1,1,103,33,22,13,1,14,285,0.264
16,1.51543,27,3.03029e-11,3.0303e-11,1,1,101,33,22,12,0,12,271,0.266
16,1.51543,28,3.03029e-11,3.0303e-11,1,1,101,33,22,12,0,12,271,0.263
16,1.51543,29,3.03029e-11,3.0303e-11,1,1,103,33,22,13,1,14,285,0.391
16,1.51543,30,3.03029e-11,3.0303e-11,1,1,111,41,22,8,0,8,251,0.269
16,1.51543,31,3.03029e-11,3.0303e-11,1,1,113,41,22,9,1,10,265,0.273
16,1.51543,32,3.03029e-11,3.0303e-11,1,1,111,39,24,8,0,8,263,0.272
16,1.51543,33,3.03029e-11,3.0303e-11,1,1,113,39,24,9,1,10,277,0.273
16,1.51543,34,3.0303e-11,3.0303e-11,1,1,111,39,24,8,0,8,263,0.4
16,1.51543,35,3.0303e-11,3.0303e-11,1,1,113,39,24,9,1,10,277,0.27
16,1.62514,0,4.91038e-11,4.9104e-11,1,1,117,41,24,9,1,10,279,0.251
16,1.62514,1,4.91038e-11,4.9104e-11,1,1,115,41,24,8,0,8,265,0.262
16,1.62514,2,4.91038e-11,4.9104e-11,1,1,117,41,24,9,1,10,279,0.253
16,1.62514,3,4.91038e-11,4.9104e-11,1,1,115,41,24,8,0,8,265,0.254
16,1.62514,4,4.91038e-11,4.9104e-11,1,1,115,41,24,8,0,8,265,0.378
16,1.62514,5,4.91038e-11,4.9104e-11,1,1,117,41,24,9,1,10,279,0.254
16,1.62514,6,4.91038e-11,4.9104e-11,1,1,117,41,24,9,1,10,279,0.252
16,1.62514,7,4.91038e-11,4.9104e-11,1,1,115,41,24,8,0,8,265,0.254
16,1.62514,8,4.91038e-11,4.9104e-11,1,1,115,41,24,8,0,8,265,0.253
16,1.62514,9,4.91038e-11,4.9104e-11,1,1,117,41,24,9,1,10,279,0.375
16,1.62514,10,4.91038e-11,4.9104e-11,1,1,115,41,24,8,0,8,265,0.253
16,1.62514,11,4.91038e-11,4.9104e-11,1,1,117,41,24,9,1,10,279,0.25
16,1.62514,12,4.91038e-11,4.9104e-11,1,1,117,41,24,9,1,10,279,0.252
16,1.62514,13,4.91038e-11,4.9104e-11,1,1,115,41,24,8,0,8,265,0.251
16,1.62514,14,4.91038e-11,4.9104e-11,1,1,115,41,24,8,0,8,265,0.25
16,1.62514,15,4.91038e-11,4.9104e-11,1,1,117,41,24,9,1,10,279,0.376
16,1.62514,16,4.91039e-11,4.9104e-11,1,1,117,43,22,9,1,10,267,0.256
16,1.62514,17,4.91039e-11,4.9104e-11,1,1,115,43,22,8,0,8,253,0.253
16,1.62514,18,4.91039e-11,4.9104e-11,1,1,115,43,22,8,0,8,253,0.251
16,1.62514,19,4.91039e-11,4.9104e-11,1,1,117,43,22,9,1,10,267,0.251
16,1.62514,20,4.91039e-11,4.9104e-11,1,1,115,41,24,8,0,8,265,0.377
16,1.62514,21,4.91039e-11,4.9104e-11,1,1,117,41,24,9,1,10,279,0.253
16,1.62514,22,4.91039e-11,4.9104e-11,1,1,115,41,24,8,0,8,265,0.25
16,1.62514,23,4.91039e-11,4.9104e-11,1,1,117,41,24,9,1,10,279,0.252
16,1.62514,24,4.91039e-11,4.9104e-11,1,1,117,43,22,9,1,10,267,0.251
16,1.62514,25,4.91039e-11,4.9104e-11,1,1,115,43,22,8,0,8,253,0.251
16,1.62514,26,4.91039e-11,4.9104e-11,1,1,115,43,22,8,0,8,253,0.373
16,1.62514,27,4.91039e-11,4.9104e-11,1,1,117,43,22,9,1,10,267,0.248
16,1.62514,28,4.91039e-11,4.9104e-11,1,1,115,43,22,8,0,8,253,0.249
16,1.62514,29,4.91039e-11,4.9104e-11,1,1,117,43,22,9,1,10,267,0.246
16,1.62514,30,4.91039e-11,4.9104e-11,1,1,117,43,22,9,1,10,267,0.254
16,1.62514,31,4.91039e-11,4.9104e-11,1,1,115,43,22,8,0,8,253,0.374
16,1.62514,32,4.91039e-11,4.9104e-11,1,1,115,41,24,8,0,8,265,0.25
16,1.62514,33,4.91039e-11,4.9104e-11,1,1,117,41,24,9,1,10,279,0.247
16,1.62514,34,4.91039e-11,4.9104e-11,1,1,117,41,24,9,1,10,279,0.249
16,1.62514,35,4.91039e-11,4.9104e-11,1,1,115,41,24,8,0,8,265,0.248
16,1.73291,0,4.91038e-11,4.9104e-11,1,1,133,55,18,4,0,4,209,0.226
16,1.73291,1,4.91038e-11,4.9104e-11,1,1,135,55,18,5,1,6,223,0.338
16,1.73291,2,4.91038e-11,4.9104e-11,1,1,133,55,18,4,0,4,209,0.228
16,1.73291,3,4.91038e-11,4.9104e-11,1,1,135,55,18,5,1,6,223,0.233
16,1.73291,4,4.91038e-11,4.9104e-11,1,1,135,57,16,5,1,6,211,0.23
16,1.73291,5,4.91038e-11,4.9104e-11,1,1,133,57,16,4,0,4,197,0.224
16,1.73291,6,4.91038e-11,4.9104e-11,1,1,135,57,16,5,1,6,211,0.337
16,1.73291,7,4.91038e-11,4.9104e-11,1,1,133,57,16,4,0,4,197,0.225
16,1.73291,8,4.91038e-11,4.9104e-11,1,1,135,55,18,5,1,6,223,0.225
16,1.73291,9,4.91038e-11,4.9104e-11,1,1,133,55,18,4,0,4,209,0.228
16,1.73291,10,4.91038e-11,4.9104e-11,1,1,135,55,18,5,1,6,223,0.226
16,1.73291,11,4.91038e-11,4.9104e-11,1,1,133,55,18,4,0,4,209,0.224
16,1.73291,12,4.91039e-11,4.9104e-11,1,1,133,55,18,4,0,4,209,0.337
16,1.73291,13,4.91039e-11,4.9104e-11,1,1,135,55,18,5,1,6,223,0.227
16,1.73291,14,4.91039e-11,4.9104e-11,1,1,135,55,18,5,1,6,223,0.226
16,1.73291,15,4.91039e-11,4.9104e-11,1,1,133,55,18,4,0,4,209,0.225
16,1.73291,16,4.91039e-11,4.9104e-11,1,1,133,57,16,4,0,4,197,0.226
16,1.73291,17,4.91039e-11,4.9104e-11,1,1,135,57,16,5,1,6,211,0.334
16,1.73291,18,4.91039e-11,4.9104e-11,1,1,133,57,16,4,0,4,197,0.225
16,1.73291,19,4.91039e-11,4.9104e-11,1,1,135,57,16,5,1,6,211,0.223
16,1.73291,20,4.91039e-11,4.9104e-11,1,1,133,55,18,4,0,4,209,0.226
16,1.73291,21,4.91039e-11,4.9104e-11,1,1,135,55,18,5,1,6,223,0.225
16,1.73291,22,4.91039e-11,4.9104e-11,1,1,135,55,18,5,1,6,223,0.225
16,1.73291,23,4.91039e-11,4.9104e-11,1,1,133,55,18,4,0,4,209,0.336
16,1.73291,24,4.91039e-11,4.9104e-11,1,1,135,57,16,5,1,6,211,0.228
16,1.73291,25,4.91039e-11,4.9104e-11,1,1,133,57,16,4,0,4,197,0.227
16,1.73291,26,4.91039e-11,4.9104e-11,1,1,135,57,16,5,1,6,211,0.225
16,1.73291,27,4.91039e-11,4.9104e-11,1,1,133,57,16,4,0,4,197,0.334
16,1.73291,28,4.91039e-11,4.9104e-11,1,1,135,55,18,5,1,6,223,0.224
16,1.73291,29,4.91039e-11,4.9104e-11,1,1,133,55,18,4,0,4,209,0.236
16,1.73291,30,4.91039e-11,4.9104e-11,1,1,135,55,18,5,1,6,223,0.224
16,1.73291,31,4.91039e-11,4.9104e-11,1,1,133,55,18,4,0,4,209,0.226
16,1.73291,32,4.91039e-11,4.9104e-11,1,1,133,55,18,4,0,4,209,0.225
16,1.73291,33,4.91039e-11,4.9104e-11,1,1,135,55,18,5,1,6,223,0.227
16,1.73291,34,4.91039e-11,4.9104e-11,1,1,135,55,18,5,1,6,223,0.336
16,1.73291,35,4.91039e-11,4.9104e-11,1,1,133,55,18,4,0,4,209,0.225
16,1.84064,0,1.11308e-11,1.11307e-11,1,1,99,33,20,12,0,12,257,0.278
16,1.84064,1,1.11308e-11,1.11307e-11,1,1,101,33,20,13,1,14,271,0.28
16,1.84064,2,1.11308e-11,1.11307e-11,1,1,99,33,20,12,0,12,257,0.417
16,1.84064,3,1.11308e-11,1.11307e-11,1,1,101,33,20,13,1,14,271,0.279
16,1.84064,4,1.11309e-11,1.11307e-11,1,1,99,35,18,12,0,12,245,0.28
16,1.84064,5,1.11309e-11,1.11307e-11,1,1,101,35,18,13,1,14,259,0.282
16,1.84064,6,1.11309e-11,1.11307e-11,1,1,99,35,18,12,0,12,245,0.287
16,1.84064,7,1.11309e-11,1.11307e-11,1,1,101,35,18,13,1,14,259,0.281
16,1.84064,8,1.11309e-11,1.11307e-11,1,1,99,33,20,12,0,12,257,0.282
16,1.84064,9,1.11309e-11,1.11307e-11,1,1,101,33,20,13,1,14,271,0.416
16,1.84064,10,1.11309e-11,1.11307e-11,1,1,101,33,20,13,1,14,271,0.291
16,1.84064,11,1.11309e-11,1.11307e-11,1,1,99,33,20,12,0,12,257,0.284
16,1.84064,12,1.11309e-11,1.11307e-11,1,1,99,33,20,12,0,12,257,0.287
16,1.84064,13,1.11309e-11,1.11307e-11,1,1,101,33,20,13,1,14,271,0.419
16,1.84064,14,1.11309e-11,1.11307e-11,1,1,101,33,20,13,1,14,271,0.284
16,1.84064,15,1.11309e-11,1.11307e-11,1,1,99,33,20,12,0,12,257,0.281
16,1.84064,16,1.11309e-11,1.11307e-11,1,1,101,33,20,13,1,14,271,0.282
16,1.84064,17,1.11309e-11,1.11307e-11,1,1,99,33,20,12,0,12,257,0.288
16,1.84064,18,1.11309e-11,1.11307e-11,1,1,101,33,20,13,1,14,271,0.282
16,1.84064,19,1.11309e-11,1.11307e-11,1,1,99,33,20,12,0,12,257,0.285
16,1.84064,20,1.11309e-11,1.11307e-11,1,1,101,35,18,13,1,14,259,0.423
16,1.84064,21,1.11309e-11,1.11307e-11,1,1,99,35,18,12,0,12,245,0.284
16,1.84064,22,1.11309e-11,1.11307e-11,1,1,101,35,18,13,1,14,259,0.282
16,1.84064,23,1.11309e-11,1.11307e-11,1,1,99,35,18,12,0,12,245,0.285
16,1.84064,24,1.1131e-11,1.11307e-11,1,1,101,33,20,13,1,14,271,0.418
16,1.84064,25,1.1131e-11,1.11307e-11,1,1,99,33,20,12,0,12,257,0.283
16,1.84064,26,1.1131e-11,1.11307e-11,1,1,99,33,20,12,0,12,257,0.278
16,1.84064,27,1.1131e-11,1.11307e-11,1,1,101,33,20,13,1,14,271,0.285
16,1.84064,28,1.1131e-11,1.11307e-11,1,1,99,35,18,12,0,12,245,0.281
16,1.84064,29,1.1131e-11,1.11307e-11,1,1,101,35,18,13,1,14,259,0.281
16,1.84064,30,1.1131e-11,1.11307e-11,1,1,99,35,18,12,0,12,245,0.42
16,1.84064,31,1.1131e-11,1.11307e-11,1,1,101,35,18,13,1,14,259,0.28
16,1.84064,32,1.11311e-11,1.11307e-11,1,1,101,33,20,13,1,14,271,0.285
16,1.84064,33,1.11311e-11,1.11307e-11,1,1,99,33,20,12,0,12,257,0.28
16,1.84064,34,1.11311e-11,1.11307e-11,1,1,101,33,20,13,1,14,271,0.284
16,1.84064,35,1.11311e-11,1.11307e-11,1,1,99,33,20,12,0,12,257,0.418
16,1.95184,0,4.91038e-11,4.9104e-11,1,1,111,37,26,9,1,10,289,0.278
16,1.95184,1,4.91038e-11,4.9104e-11,1,1,109,37,26,8,0,8,275,0.27
16,1.95184,2,4.91038e-11,4.9104e-11,1,1,111,37,26,9,1,10,289,0.273
16,1.95184,3,4.91038e-11,4.9104e-11,1,1,109,37,26,8,0,8,275,0.272
16,1.95184,4,4.91038e-11,4.9104e-11,1,1,111,39,24,9,1,10,277,0.273
16,1.95184,5,4.91038e-11,4.9104e-11,1,1,109,39,24,8,0,8,263,0.394
16,1.95184,6,4.91038e-11,4.9104e-11,1,1,109,39,24,8,0,8,263,0.283
16,1.95184,7,4.91038e-11,4.9104e-11,1,1,111,39,24,9,1,10,277,0.269
16,1.95184,8,4.91038e-11,4.9104e-11,1,1,111,37,26,9,1,10,289,0.264
16,1.95184,9,4.91038e-11,4.9104e-11,1,1,109,37,26,8,0,8,275,0.269
16,1.95184,10,4.91038e-11,4.9104e-11,1,1,109,37,26,8,0,8,275,0.397
16,1.95184,11,4.91038e-11,4.9104e-11,1,1,111,37,26,9,1,10,289,0.267
16,1.95184,12,4.91038e-11,4.9104e-11,1,1,109,37,26,8,0,8,275,0.264
16,1.95184,13,4.91038e-11,4.9104e-11,1,1,111,37,26,9,1,10,289,0.267
16,1.95184,14,4.91038e-11,4.9104e-11,1,1,111,37,26,9,1,10,289,0.268
16,1.95184,15,4.91038e-11,4.9104e-11,1,1,109,37,26,8,0,8,275,0.267
16,1.95184,16,4.91038e-11,4.9104e-11,1,1,109,39,24,8,0,8,263,0.393
16,1.95184,17,4.91038e-11,4.9104e-11,1,1,111,39,24,9,1,10,277,0.273
16,1.95184,18,4.91038e-11,4.9104e-11,1,1,109,39,24,8,0,8,263,0.264
16,1.95184,19,4.91038e-11,4.9104e-11,1,1,111,39,24,9,1,10,277,0.263
16,1.95184,20,4.91039e-11,4.9104e-11,1,1,111,39,24,9,1,10,277,0.267
16,1.95184,21,4.91039e-11,4.9104e-11,1,1,109,39,24,8,0,8,263,0.392
16,1.95184,22,4.91039e-11,4.9104e-11,1,1,111,39,24,9,1,10,277,0.266
16,1.95184,23,4.91039e-11,4.9104e-11,1,1,109,39,24,8,0,8,263,0.264
16,1.95184,24,4.91039e-11,4.9104e-11,1,1,109,37,26,8,0,8,275,0.265
16,1.95184,25,4.91039e-11,4.9104e-11,1,1,111,37,26,9,1,10,289,0.265
16,1.95184,26,4.91039e-11,4.9104e-11,1,1,109,37,26,8,0,8,275,0.264
16,1.95184,27,4.91039e-11,4.9104e-11,1,1,111,37,26,9,1,10,289,0.394
16,1.95184,28,4.91039e-11,4.9104e-11,1,1,111,37,26,9,1,10,289,0.265
16,1.95184,29,4.91039e-11,4.9104e-11,1,1,109,37,26,8,0,8,275,0.266
16,1.95184,30,4.91039e-11,4.9104e-11,1,1,109,37,26,8,0,8,275,0.266
16,1.95184,31,4.91039e-11,4.9104e-11,1,1,111,37,26,9,1,10,289,0.265
16,1.95184,32,4.91039e-11,4.9104e-11,1,1,109,37,26,8,0,8,275,0.395
16,1.95184,33,4.91039e-11,4.9104e-11,1,1,111,37,26,9,1,10,289,0.264
16,1.95184,34,4.91039e-11,4.9104e-11,1,1,111,37,26,9,1,10,289,0.263
16,1.95184,35,4.91039e-11,4.9104e-11,1,1,109,37,26,8,0,8,275,0.266
16,2.05948,0,4.91037e-11,4.9104e-11,1,1,127,51,20,3,1,4,219,0.244
16,2.05948,1,4.91037e-11,4.9104e-11,1,1,127,51,20,3,1,4,219,0.24
16,2.05948,2,4.91037e-11,4.9104e-11,1,1,127,51,20,3,1,4,219,0.359
16,2.05948,3,4.91037e-11,4.9104e-11,1,1,127,51,20,3,1,4,219,0.245
16,2.05948,4,4.91038e-11,4.9104e-11,1,1,127,51,20,3,1,4,219,0.243
16,2.05948,5,4.91038e-11,4.9104e-11,1,1,127,51,20,3,1,4,219,0.241
16,2.05948,6,4.91038e-11,4.9104e-11,1,1,127,51,20,3,1,4,219,0.243
16,2.05948,7,4.91038e-11,4.9104e-11,1,1,127,51,20,3,1,4,219,0.361
16,2.05948,8,4.91038e-11,4.9104e-11,1,1,127,51,20,3,1,4,219,0.243
16,2.05948,9,4.91038e-11,4.9104e-11,1,1,127,51,20,3,1,4,219,0.243
16,2.05948,10,4.91038e-11,4.9104e-11,1,1,127,51,20,3,1,4,219,0.243
16,2.05948,11,4.91038e-11,4.9104e-11,1,1,127,51,20,3,1,4,219,0.246
16,2.05948,12,4.91038e-11,4.9104e-11,1,1,127,51,20,3,1,4,219,0.239
16,2.05948,13,4.91038e-11,4.9104e-11,1,1,127,51,20,3,1,4,219,0.36
16,2.05948,14,4.91038e-11,4.9104e-11,1,1,127,51,20,3,1,4,219,0.244
16,2.05948,15,4.91038e-11,4.9104e-11,1,1,127,51,20,3,1,4,219,0.242
16,2.05948,16,4.91039e-11,4.9104e-11,1,1,127,51,20,3,1,4,219,0.24
16,2.05948,17,4.91039e-11,4.9104e-11,1,1,127,51,20,3,1,4,219,0.24
16,2.05948,18,4.91039e-11,4.9104e-11,1,1,127,51,20,3,1,4,219,0.359
16,2.05948,19,4.91039e-11,4.9104e-11,1,1,127,51,20,3,1,4,219,0.239
16,2.05948,20,4.91039e-11,4.9104e-11,1,1,127,53,18,3,1,4,207,0.238
16,2.05948,21,4.91039e-11,4.9104e-11,1,1,127,53,18,3,1,4,207,0.242
16,2.05948,22,4.91039e-11,4.9104e-11,1,1,127,53,18,3,1,4,207,0.242
16,2.05948,23,4.91039e-11,4.9104e-11,1,1,127,53,18,3,1,4,207,0.248
16,2.05948,24,4.91039e-11,4.9104e-11,1,1,127,51,20,3,1,4,219,0.357
16,2.05948,25,4.91039e-11,4.9104e-11,1,1,127,51,20,3,1,4,219,0.248
16,2.05948,26,4.91039e-11,4.9104e-11,1,1,127,51,20,3,1,4,219,0.24
16,2.05948,27,4.91039e-11,4.9104e-11,1,1,127,51,20,3,1,4,219,0.239
16,2.05948,28,4.91039e-11,4.9104e-11,1,1,127,53,18,3,1,4,207,0.243
16,2.05948,29,4.91039e-11,4.9104e-11,1,1,127,53,18,3,1,4,207,0.36
16,2.05948,30,4.91039e-11,4.9104e-11,1,1,127,53,18,3,1,4,207,0.243
16,2.05948,31,4.91039e-11,4.9104e-11,1,1,127,53,18,3,1,4,207,0.242
16,2.05948,32,4.91039e-11,4.9104e-11,1,1,127,53,18,3,1,4,207,0.24
16,2.05948,33,4.91039e-11,4.9104e-11,1,1,127,53,18,3,1,4,207,0.24
16,2.05948,34,4.91039e-11,4.9104e-11,1,1,127,53,18,3,1,4,207,0.357
16,2.05948,35,4.91039e-11,4.9104e-11,1,1,127,53,18,3,1,4,207,0.24
16,2.16482,0,3.20502e-11,3.20505e-11,1,1,112,41,26,3,0,3,244,0.279
16,2.16482,1,3.20502e-11,3.20505e-11,1,1,114,41,26,4,1,5,258,0.277
16,2.16482,2,3.20502e-11,3.20505e-11,1,1,114,41,26,4,1,5,258,0.278
16,2.16482,3,3.20502e-11,3.20505e-11,1,1,112,41,26,3,0,3,244,0.415
16,2.16482,4,3.20502e-11,3.20505e-11,1,1,112,41,26,3,0,3,244,0.293
16,2.16482,5,3.20502e-11,3.20505e-11,1,1,114,41,26,4,1,5,258,0.276
16,2.16482,6,3.20502e-11,3.20505e-11,1,1,112,41,26,3,0,3,244,0.279
16,2.16482,7,3.20502e-11,3.20505e-11,1,1,114,41,26,4,1,5,258,0.281
16,2.16482,8,3.20502e-11,3.20505e-11,1,1,114,43,24,4,1,5,246,0.419
16,2.16482,9,3.20502e-11,3.20505e-11,1,1,112,43,24,3,0,3,232,0.285
16,2.16482,10,3.20502e-11,3.20505e-11,1,1,114,43,24,4,1,5,246,0.279
16,2.16482,11,3.20502e-11,3.20505e-11,1,1,112,43,24,3,0,3,232,0.281
16,2.16482,12,3.20502e-11,3.20505e-11,1,1,114,43,24,4,1,5,246,0.287
16,2.16482,13,3.20502e-11,3.20505e-11,1,1,112,43,24,3,0,3,232,0.281
16,2.16482,14,3.20502e-11,3.20505e-11,1,1,114,43,24,4,1,5,246,0.413
16,2.16482,15,3.20502e-11,3.20505e-11,1,1,112,43,24,3,0,3,232,0.296
16,2.16482,16,3.20502e-11,3.20505e-11,1,1,112,41,26,3,0,3,244,0.281
16,2.16482,17,3.20502e-11,3.20505e-11,1,1,114,41,26,4,1,5,258,0.277
16,2.16482,18,3.20502e-11,3.20505e-11,1,1,114,41,26,4,1,5,258,0.278
16,2.16482,19,3.20502e-11,3.20505e-11,1,1,112,41,26,3,0,3,244,0.414
16,2.16482,20,3.20503e-11,3.20505e-11,1,1,114,41,26,4,1,5,258,0.28
16,2.16482,21,3.20503e-11,3.20505e-11,1,1,112,41,26,3,0,3,244,0.275
16,2.16482,22,3.20503e-11,3.20505e-11,1,1,114,41,26,4,1,5,258,0.283
16,2.16482,23,3.20503e-11,3.20505e-11,1,1,112,41,26,3,0,3,244,0.281
16,2.16482,24,3.20503e-11,3.20505e-11,1,1,114,41,26,4,1,5,258,0.278
16,2.16482,25,3.20503e-11,3.20505e-11,1,1,112,41,26,3,0,3,244,0.416
16,2.16482,26,3.20503e-11,3.20505e-11,1,1,114,41,26,4,1,5,258,0.281
16,2.16482,27,3.20503e-11,3.20505e-11,1,1,112,41,26,3,0,3,244,0.283
16,2.16482,28,3.20503e-11,3.20505e-11,1,1,112,43,24,3,0,3,232,0.282
16,2.16482,29,3.20503e-11,3.20505e-11,1,1,114,43,24,4,1,5,246,0.29
16,2.16482,30,3.20503e-11,3.20505e-11,1,1,112,43,24,3,0,3,232,0.418
16,2.16482,31,3.20503e-11,3.20505e-11,1,1,114,43,24,4,1,5,246,0.282
16,2.16482,32,3.20504e-11,3.20505e-11,1,1,112,41,26,3,0,3,244,0.284
16,2.16482,33,3.20504e-11,3.20505e-11,1,1,114,41,26,4,1,5,258,0.282
16,2.16482,34,3.20504e-11,3.20505e-11,1,1,114,41,26,4,1,5,258,0.284
16,2.16482,35,3.20504e-11,3.20505e-11,1,1,112,41,26,3,0,3,244,0.281
16,2.27326,0,3.20502e-11,3.20505e-11,1,1,129,49,20,9,1,10,259,0.315
16,2.27326,1,3.20502e-11,3.20505e-11,1,1,127,49,20,8,0,8,245,0.213
16,2.27326,2,3.20502e-11,3.20505e-11,1,1,129,49,20,9,1,10,259,0.212
16,2.27326,3,3.20502e-11,3.20505e-11,1,1,127,49,20,8,0,8,245,0.21
16,2.27326,4,3.20502e-11,3.20505e-11,1,1,127,51,18,8,0,8,233,0.212
16,2.27326,5,3.20502e-11,3.20505e-11,1,1,129,51,18,9,1,10,247,0.315
16,2.27326,6,3.20502e-11,3.20505e-11,1,1,127,51,18,8,0,8,233,0.247
16,2.27326,7,3.20502e-11,3.20505e-11,1,1,129,51,18,9,1,10,247,0.214
16,2.27326,8,3.20502e-11,3.20505e-11,1,1,127,49,20,8,0,8,245,0.213
16,2.27326,9,3.20502e-11,3.20505e-11,1,1,129,49,20,9,1,10,259,0.211
16,2.27326,10,3.20502e-11,3.20505e-11,1,1,127,49,20,8,0,8,245,0.318
16,2.27326,11,3.20502e-11,3.20505e-11,1,1,129,49,20,9,1,10,259,0.215
16,2.27326,12,3.20502e-11,3.20505e-11,1,1,127,49,20,8,0,8,245,0.212
16,2.27326,13,3.20502e-11,3.20505e-11,1,1,129,49,20,9,1,10,259,0.211
16,2.27326,14,3.20502e-11,3.20505e-11,1,1,127,49,20,8,0,8,245,0.221
16,2.27326,15,3.20502e-11,3.20505e-11,1,1,129,49,20,9,1,10,259,0.214
16,2.27326,16,3.20502e-11,3.20505e-11,1,1,127,51,18,8,0,8,233,0.318
16,2.27326,17,3.20502e-11,3.20505e-11,1,1,129,51,18,9,1,10,247,0.211
16,2.27326,18,3.20502e-11,3.20505e-11,1,1,127,51,18,8,0,8,233,0.211
16,2.27326,19,3.20502e-11,3.20505e-11,1,1,129,51,18,9,1,10,247,0.212
16,2.27326,20,3.20503e-11,3.20505e-11,1,1,129,51,18,9,1,10,247,0.211
16,2.27326,21,3.20503e-11,3.20505e-11,1,1,127,51,18,8,0,8,233,0.314
16,2.27326,22,3.20503e-11,3.20505e-11,1,1,129,51,18,9,1,10,247,0.228
16,2.27326,23,3.20503e-11,3.20505e-11,1,1,127,51,18,8,0,8,233,0.219
16,2.27326,24,3.20503e-11,3.20505e-11,1,1,129,49,20,9,1,10,259,0.213
16,2.27326,25,3.20503e-11,3.20505e-11,1,1,127,49,20,8,0,8,245,0.22
16,2.27326,26,3.20503e-11,3.20505e-11,1,1,127,49,20,8,0,8,245,0.219
16,2.27326,27,3.20503e-11,3.20505e-11,1,1,129,49,20,9,1,10,259,0.32
16,2.27326,28,3.20503e-11,3.20505e-11,1,1,129,49,20,9,1,10,259,0.211
16,2.27326,29,3.20503e-11,3.20505e-11,1,1,127,49,20,8,0,8,245,0.211
16,2.27326,30,3.20503e-11,3.20505e-11,1,1,127,49,20,8,0,8,245,0.217
16,2.27326,31,3.20503e-11,3.20505e-11,1,1,129,49,20,9,1,10,259,0.211
16,2.27326,32,3.20503e-11,3.20505e-11,1,1,129,49,20,9,1,10,259,0.318
16,2.27326,33,3.20503e-11,3.20505e-11,1,1,127,49,20,8,0,8,245,0.217
16,2.27326,34,3.20503e-11,3.20505e-11,1,1,129,49,20,9,1,10,259,0.214
16,2.27326,35,3.20503e-11,3.20505e-11,1,1,127,49,20,8,0,8,245,0.209
16,2.38328,0,1.11308e-11,1.11307e-11,1,1,119,45,22,7,1,8,255,0.255
16,2.38328,1,1.11308e-11,1.11307e-11,1,1,117,45,22,6,0,6,241,0.384
16,2.38328,2,1.11308e-11,1.11307e-11,1,1,119,45,22,7,1,8,255,0.261
16,2.38328,3,1.11308e-11,1.11307e-11,1,1,117,45,22,6,0,6,241,0.257
16,2.38328,4,1.11309e-11,1.11307e-11,1,1,119,43,24,7,1,8,267,0.259
16,2.38328,5,1.11309e-11,1.11307e-11,1,1,117,43,24,6,0,6,253,0.267
16,2.38328,6,1.11309e-11,1.11307e-11,1,1,119,43,24,7,1,8,267,0.262
16,2.38328,7,1.11309e-11,1.11307e-11,1,1,117,43,24,6,0,6,253,0.386
16,2.38328,8,1.11309e-11,1.11307e-11,1,1,117,45,22,6,0,6,241,0.256
16,2.38328,9,1.11309e-11,1.11307e-11,1,1,119,45,22,7,1,8,255,0.256
16,2.38328,10,1.11309e-11,1.11307e-11,1,1,119,45,22,7,1,8,255,0.256
16,2.38328,11,1.11309e-11,1.11307e-11,1,1,117,45,22,6,0,6,241,0.26
16,2.38328,12,1.1131e-11,1.11307e-11,1,1,117,45,22,6,0,6,241,0.387
16,2.38328,13,1.1131e-11,1.11307e-11,1,1,119,45,22,7,1,8,255,0.261
16,2.38328,14,1.1131e-11,1.11307e-11,1,1,119,45,22,7,1,8,255,0.255
16,2.38328,15,1.1131e-11,1.11307e-11,1,1,117,45,22,6,0,6,241,0.259
16,2.38328,16,1.1131e-11,1.11307e-11,1,1,119,43,24,7,1,8,267,0.262
16,2.38328,17,1.1131e-11,1.11307e-11,1,1,117,43,24,6,0,6,253,0.257
16,2.38328,18,1.1131e-11,1.11307e-11,1,1,119,43,24,7,1,8,267,0.385
16,2.38328,19,1.1131e-11,1.11307e-11,1,1,117,43,24,6,0,6,253,0.26
16,2.38328,20,1.1131e-11,1.11307e-11,1,1,117,43,24,6,0,6,253,0.262
16,2.38328,21,1.1131e-11,1.11307e-11,1,1,119,43,24,7,1,8,267,0.259
16,2.38328,22,1.1131e-11,1.11307e-11,1,1,117,43,24,6,0,6,253,0.263
16,2.38328,23,1.1131e-11,1.11307e-11,1,1,119,43,24,7,1,8,267,0.383
16,2.38328,24,1.1131e-11,1.11307e-11,1,1,117,43,24,6,0,6,253,0.255
16,2.38328,25,1.1131e-11,1.11307e-11,1,1,119,43,24,7,1,8,267,0.26
16,2.38328,26,1.1131e-11,1.11307e-11,1,1,117,43,24,6,0,6,253,0.262
16,2.38328,27,1.1131e-11,1.11307e-11,1,1,119,43,24,7,1,8,267,0.257
16,2.38328,28,1.1131e-11,1.11307e-11,1,1,117,43,24,6,0,6,253,0.26
16,2.38328,29,1.1131e-11,1.11307e-11,1,1,119,43,24,7,1,8,267,0.385
16,2.38328,30,1.1131e-11,1.11307e-11,1,1,117,43,24,6,0,6,253,0.258
16,2.38328,31,1.1131e-11,1.11307e-11,1,1,119,43,24,7,1,8,267,0.258
16,2.38328,32,1.1131e-11,1.11307e-11,1,1,119,43,24,7,1,8,267,0.256
16,2.38328,33,1.1131e-11,1.11307e-11,1,1,117,43,24,6,0,6,253,0.26
16,2.38328,34,1.1131e-11,1.11307e-11,1,1,119,43,24,7,1,8,267,0.384
16,2.38328,35,1.1131e-11,1.11307e-11,1,1,117,43,24,6,0,6,253,0.259
16,2.49201,0,4.91038e-11,4.9104e-11,1,1,116,41,16,16,1,17,272,0.246
16,2.49201,1,4.91038e-11,4.9104e-11,1,1,116,41,16,16,1,17,272,0.275
16,2.49201,2,4.91038e-11,4.9104e-11,1,1,116,41,16,16,1,17,272,0.242
16,2.49201,3,4.91038e-11,4.9104e-11,1,1,116,41,16,16,1,17,272,0.244
16,2.49201,4,4.91038e-11,4.9104e-11,1,1,116,41,16,16,1,17,272,0.36
16,2.49201,5,4.91038e-11,4.9104e-11,1,1,116,41,16,16,1,17,272,0.243
16,2.49201,6,4.91038e-11,4.9104e-11,1,1,116,41,16,16,1,17,272,0.241
16,2.49201,7,4.91038e-11,4.9104e-11,1,1,116,41,16,16,1,17,272,0.244
16,2.49201,8,4.91038e-11,4.9104e-11,1,1,116,43,14,16,1,17,260,0.361
16,2.49201,9,4.91038e-11,4.9104e-11,1,1,116,43,14,16,1,17,260,0.243
16,2.49201,10,4.91038e-11,4.9104e-11,1,1,116,43,14,16,1,17,260,0.241
16,2.49201,11,4.91038e-11,4.9104e-11,1,1,116,43,14,16,1,17,260,0.241
16,2.49201,12,4.91038e-11,4.9104e-11,1,1,116,41,16,16,1,17,272,0.264
16,2.49201,13,4.91038e-11,4.9104e-11,1,1,116,41,16,16,1,17,272,0.253
16,2.49201,14,4.91038e-11,4.9104e-11,1,1,116,41,16,16,1,17,272,0.251
16,2.49201,15,4.91038e-11,4.9104e-11,1,1,116,41,16,16,1,17,272,0.362
16,2.49201,16,4.91038e-11,4.9104e-11,1,1,116,41,16,16,1,17,272,0.247
16,2.49201,17,4.91038e-11,4.9104e-11,1,1,116,41,16,16,1,17,272,0.257
16,2.49201,18,4.91038e-11,4.9104e-11,1,1,116,41,16,16,1,17,272,0.241
16,2.49201,19,4.91038e-11,4.9104e-11,1,1,116,41,16,16,1,17,272,0.356
16,2.49201,20,4.91039e-11,4.9104e-11,1,1,116,43,14,16,1,17,260,0.238
16,2.49201,21,4.91039e-11,4.9104e-11,1,1,116,43,14,16,1,17,260,0.24
16,2.49201,22,4.91039e-11,4.9104e-11,1,1,116,43,14,16,1,17,260,0.239
16,2.49201,23,4.91039e-11,4.9104e-11,1,1,116,43,14,16,1,17,260,0.251
16,2.49201,24,4.91039e-11,4.9104e-11,1,1,116,43,14,16,1,17,260,0.241
16,2.49201,25,4.91039e-11,4.9104e-11,1,1,116,43,14,16,1,17,260,0.244
16,2.49201,26,4.91039e-11,4.9104e-11,1,1,116,43,14,16,1,17,260,0.358
16,2.49201,27,4.91039e-11,4.9104e-11,1,1,116,43,14,16,1,17,260,0.241
16,2.49201,28,4.91039e-11,4.9104e-11,1,1,116,41,16,16,1,17,272,0.241
16,2.49201,29,4.91039e-11,4.9104e-11,1,1,116,41,16,16,1,17,272,0.243
16,2.49201,30,4.91039e-11,4.9104e-11,1,1,116,41,16,16,1,17,272,0.359
16,2.49201,31,4.91039e-11,4.9104e-11,1,1,116,41,16,16,1,17,272,0.248
16,2.49201,32,4.91039e-11,4.9104e-11,1,1,116,41,16,16,1,17,272,0.242
16,2.49201,33,4.91039e-11,4.9104e-11,1,1,116,41,16,16,1,17,272,0.254
16,2.49201,34,4.91039e-11,4.9104e-11,1,1,116,41,16,16,1,17,272,0.239
16,2.49201,35,4.91039e-11,4.9104e-11,1,1,116,41,16,16,1,17,272,0.238
16,2.60058,0,1.11308e-11,1.11307e-11,1,1,156,71,8,5,1,6,169,0.159
16,2.60058,1,1.11308e-11,1.11307e-11,1,1,158,71,9,5,1,6,176,0.312
16,2.60058,2,1.11308e-11,1.11307e-11,1,1,158,71,9,5,1,6,176,0.156
16,2.60058,3,1.11308e-11,1.11307e-11,1,1,156,71,8,5,1,6,169,0.159
16,2.60058,4,1.11308e-11,1.11307e-11,1,1,159,71,10,5,1,6,183,0.157
16,2.60058,5,1.11308e-11,1.11307e-11,1,1,159,71,10,5,1,6,183,0.303
16,2.60058,6,1.11308e-11,1.11307e-11,1,1,159,71,10,5,1,6,183,0.158
16,2.60058,7,1.11308e-11,1.11307e-11,1,1,159,71,10,5,1,6,183,0.158
16,2.60058,8,1.11308e-11,1.11307e-11,1,1,159,71,10,5,1,6,183,0.163
16,2.60058,9,1.11308e-11,1.11307e-11,1,1,159,71,10,5,1,6,183,0.156
16,2.60058,10,1.11308e-11,1.11307e-11,1,1,159,71,10,5,1,6,183,0.157
16,2.60058,11,1.11308e-11,1.11307e-11,1,1,159,71,10,5,1,6,183,0.156
16,2.60058,12,1.11309e-11,1.11307e-11,1,1,159,71,10,5,1,6,183,0.25
16,2.60058,13,1.11309e-11,1.11307e-11,1,1,159,71,10,5,1,6,183,0.156
16,2.60058,14,1.11309e-11,1.11307e-11,1,1,159,71,10,5,1,6,183,0.158
16,2.60058,15,1.11309e-11,1.11307e-11,1,1,159,71,10,5,1,6,183,0.158
16,2.60058,16,1.11309e-11,1.11307e-11,1,1,159,71,10,5,1,6,183,0.156
16,2.60058,17,1.11309e-11,1.11307e-11,1,1,159,71,10,5,1,6,183,0.162
16,2.60058,18,1.11309e-11,1.11307e-11,1,1,159,71,10,5,1,6,183,0.157
16,2.60058,19,1.11309e-11,1.11307e-11,1,1,159,71,10,5,1,6,183,0.312
16,2.60058,20,1.1131e-11,1.11307e-11,1,1,156,71,8,5,1,6,169,0.157
16,2.60058,21,1.1131e-11,1.11307e-11,1,1,156,71,8,5,1,6,169,0.159
16,2.60058,22,1.1131e-11,1.11307e-11,1,1,156,71,8,5,1,6,169,0.158
16,2.60058,23,1.1131e-11,1.11307e-11,1,1,158,71,9,5,1,6,176,0.157
16,2.60058,24,1.1131e-11,1.11307e-11,1,1,156,71,8,5,1,6,169,0.158
16,2.60058,25,1.1131e-11,1.11307e-11,1,1,158,71,9,5,1,6,176,0.157
16,2.60058,26,1.1131e-11,1.11307e-11,1,1,158,71,9,5,1,6,176,0.285
16,2.60058,27,1.1131e-11,1.11307e-11,1,1,158,71,9,5,1,6,176,0.156
16,2.60058,28,1.11311e-11,1.11307e-11,1,1,159,71,10,5,1,6,183,0.155
16,2.60058,29,1.11311e-11,1.11307e-11,1,1,159,71,10,5,1,6,183,0.158
16,2.60058,30,1.11311e-11,1.11307e-11,1,1,159,71,10,5,1,6,183,0.157
16,2.60058,31,1.11311e-11,1.11307e-11,1,1,159,71,10,5,1,6,183,0.157
16,2.60058,32,1.11311e-11,1.11307e-11,1,1,159,71,10,5,1,6,183,0.157
16,2.60058,33,1.11311e-11,1.11307e-11,1,1,159,71,10,5,1,6,183,0.299
16,2.60058,34,1.11311e-11,1.11307e-11,1,1,159,71,10,5,1,6,183,0.162
16,2.60058,35,1.11311e-11,1.11307e-11,1,1,159,71,10,5,1,6,183,0.162
16,2.70957,0,1.11308e-11,1.11307e-11,1,1,137,59,14,5,1,6,199,0.213
16,2.70957,1,1.11308e-11,1.11307e-11,1,1,137,59,14,5,1,6,199,0.209
16,2.70957,2,1.11308e-11,1.11307e-11,1,1,137,59,14,5,1,6,199,0.212
16,2.70957,3,1.11308e-11,1.11307e-11,1,1,137,59,14,5,1,6,199,0.392
16,2.70957,4,1.11308e-11,1.11307e-11,1,1,137,57,16,5,1,6,211,0.208
16,2.70957,5,1.11308e-11,1.11307e-11,1,1,137,57,16,5,1,6,211,0.206
16,2.70957,6,1.11308e-11,1.11307e-11,1,1,137,57,16,5,1,6,211,0.208
16,2.70957,7,1.11308e-11,1.11307e-11,1,1,137,57,16,5,1,6,211,0.208
16,2.70957,8,1.11309e-11,1.11307e-11,1,1,137,57,16,5,1,6,211,0.208
16,2.70957,9,1.11309e-11,1.11307e-11,1,1,137,57,16,5,1,6,211,0.396
16,2.70957,10,1.11309e-11,1.11307e-11,1,1,137,57,16,5,1,6,211,0.206
16,2.70957,11,1.11309e-11,1.11307e-11,1,1,137,57,16,5,1,6,211,0.207
16,2.70957,12,1.11309e-11,1.11307e-11,1,1,137,59,14,5,1,6,199,0.207
16,2.70957,13,1.11309e-11,1.11307e-11,1,1,137,59,14,5,1,6,199,0.206
16,2.70957,14,1.11309e-11,1.11307e-11,1,1,137,59,14,5,1,6,199,0.21
16,2.70957,15,1.11309e-11,1.11307e-11,1,1,137,59,14,5,1,6,199,0.32
16,2.70957,16,1.11309e-11,1.11307e-11,1,1,137,57,16,5,1,6,211,0.21
16,2.70957,17,1.11309e-11,1.11307e-11,1,1,137,57,16,5,1,6,211,0.209
16,2.70957,18,1.11309e-11,1.11307e-11,1,1,137,57,16,5,1,6,211,0.207
16,2.70957,19,1.11309e-11,1.11307e-11,1,1,137,57,16,5,1,6,211,0.208
16,2.70957,20,1.1131e-11,1.11307e-11,1,1,137,57,16,5,1,6,211,0.214
16,2.70957,21,1.1131e-11,1.11307e-11,1,1,137,57,16,5,1,6,211,0.209
16,2.70957,22,1.1131e-11,1.11307e-11,1,1,137,57,16,5,1,6,211,0.309
16,2.70957,23,1.1131e-11,1.11307e-11,1,1,137,57,16,5,1,6,211,0.208
16,2.70957,24,1.1131e-11,1.11307e-11,1,1,137,59,14,5,1,6,199,0.207
16,2.70957,25,1.1131e-11,1.11307e-11,1,1,137,59,14,5,1,6,199,0.208
16,2.70957,26,1.1131e-11,1.11307e-11,1,1,137,59,14,5,1,6,199,0.311
16,2.70957,27,1.1131e-11,1.11307e-11,1,1,137,59,14,5,1,6,199,0.21
16,2.70957,28,1.11311e-11,1.11307e-11,1,1,137,57,16,5,1,6,211,0.21
16,2.70957,29,1.11311e-11,1.11307e-11,1,1,137,57,16,5,1,6,211,0.209
16,2.70957,30,1.11311e-11,1.11307e-11,1,1,137,57,16,5,1,6,211,0.206
16,2.70957,31,1.11311e-11,1.11307e-11,1,1,137,57,16,5,1,6,211,0.209
16,2.70957,32,1.11311e-11,1.11307e-11,1,1,137,57,16,5,1,6,211,0.311
16,2.70957,33,1.11311e-11,1.11307e-11,1,1,137,57,16,5,1,6,211,0.207
16,2.70957,34,1.11311e-11,1.11307e-11,1,1,137,57,16,5,1,6,211,0.206
16,2.70957,35,1.11311e-11,1.11307e-11,1,1,137,57,16,5,1,6,211,0.208
16,2.81529,0,3.20502e-11,3.20505e-11,1,1,129,53,16,7,1,8,221,0.242
16,2.81529,1,3.20502e-11,3.20505e-11,1,1,129,53,16,7,1,8,221,0.358
16,2.81529,2,3.20502e-11,3.20505e-11,1,1,129,53,16,7,1,8,221,0.237
16,2.81529,3,3.20502e-11,3.20505e-11,1,1,129,53,16,7,1,8,221,0.242
16,2.81529,4,3.20502e-11,3.20505e-11,1,1,129,51,18,7,1,8,233,0.24
16,2.81529,5,3.20502e-11,3.20505e-11,1,1,129,51,18,7,1,8,233,0.238
16,2.81529,6,3.20502e-11,3.20505e-11,1,1,129,51,18,7,1,8,233,0.241
16,2.81529,7,3.20502e-11,3.20505e-11,1,1,129,51,18,7,1,8,233,0.369
16,2.81529,8,3.20502e-11,3.20505e-11,1,1,129,51,18,7,1,8,233,0.242
16,2.81529,9,3.20502e-11,3.20505e-11,1,1,129,51,18,7,1,8,233,0.336
16,2.81529,10,3.20502e-11,3.20505e-11,1,1,129,51,18,7,1,8,233,0.267
16,2.81529,11,3.20502e-11,3.20505e-11,1,1,129,51,18,7,1,8,233,0.264
16,2.81529,12,3.20502e-11,3.20505e-11,1,1,129,51,18,7,1,8,233,0.39
16,2.81529,13,3.20502e-11,3.20505e-11,1,1,129,51,18,7,1,8,233,0.275
16,2.81529,14,3.20502e-11,3.20505e-11,1,1,129,51,18,7,1,8,233,0.45
16,2.81529,15,3.20502e-11,3.20505e-11,1,1,129,51,18,7,1,8,233,0.257
16,2.81529,16,3.20502e-11,3.20505e-11,1,1,129,53,16,7,1,8,221,0.264
16,2.81529,17,3.20502e-11,3.20505e-11,1,1,129,53,16,7,1,8,221,0.388
16,2.81529,18,3.20502e-11,3.20505e-11,1,1,129,53,16,7,1,8,221,0.258
16,2.81529,19,3.20502e-11,3.20505e-11,1,1,129,53,16,7,1,8,221,0.443
16,2.81529,20,3.20502e-11,3.20505e-11,1,1,129,51,18,7,1,8,233,0.258
16,2.81529,21,3.20502e-11,3.20505e-11,1,1,129,51,18,7,1,8,233,0.256
16,2.81529,22,3.20502e-11,3.20505e-11,1,1,129,51,18,7,1,8,233,0.388
16,2.81529,23,3.20502e-11,3.20505e-11,1,1,129,51,18,7,1,8,233,0.258
16,2.81529,24,3.20503e-11,3.20505e-11,1,1,129,51,18,7,1,8,233,0.256
16,2.81529,25,3.20503e-11,3.20505e-11,1,1,129,51,18,7,1,8,233,0.444
16,2.81529,26,3.20503e-11,3.20505e-11,1,1,129,51,18,7,1,8,233,0.257
16,2.81529,27,3.20503e-11,3.20505e-11,1,1,129,51,18,7,1,8,233,0.385
16,2.81529,28,3.20503e-11,3.20505e-11,1,1,129,53,16,7,1,8,221,0.255
16,2.81529,29,3.20503e-11,3.20505e-11,1,1,129,53,16,7,1,8,221,0.259
16,2.81529,30,3.20503e-11,3.20505e-11,1,1,129,53,16,7,1,8,221,0.438
16,2.81529,31,3.20503e-11,3.20505e-11,1,1,129,53,16,7,1,8,221,0.254
16,2.81529,32,3.20503e-11,3.20505e-11,1,1,129,51,18,7,1,8,233,0.383
16,2.81529,33,3.20503e-11,3.20505e-11,1,1,129,51,18,7,1,8,233,0.258
16,2.81529,34,3.20503e-11,3.20505e-11,1,1,129,51,18,7,1,8,233,0.263
16,2.81529,35,3.20503e-11,3.20505e-11,1,1,129,51,18,7,1,8,233,0.447
16,2.92395,0,3.20502e-11,3.20505e-11,1,1,107,39,22,6,0,6,235,0.282
16,2.92395,1,3.20502e-11,3.20505e-11,1,1,109,39,22,7,1,8,249,0.421
16,2.92395,2,3.20502e-11,3.20505e-11,1,1,107,39,22,6,0,6,235,0.281
16,2.92395,3,3.20502e-11,3.20505e-11,1,1,109,39,22,7,1,8,249,0.283
16,2.92395,4,3.20502e-11,3.20505e-11,1,1,109,39,22,7,1,8,249,0.278
16,2.92395,5,3.20502e-11,3.20505e-11,1,1,107,39,22,6,0,6,235,0.491
16,2.92395,6,3.20502e-11,3.20505e-11,1,1,109,39,22,7,1,8,249,0.416
16,2.92395,7,3.20502e-11,3.20505e-11,1,1,107,39,22,6,0,6,235,0.278
16,2.92395,8,3.20502e-11,3.20505e-11,1,1,109,39,22,7,1,8,249,0.278
16,2.92395,9,3.20502e-11,3.20505e-11,1,1,107,39,22,6,0,6,235,0.277
16,2.92395,10,3.20502e-11,3.20505e-11,1,1,109,39,22,7,1,8,249,0.416
16,2.92395,11,3.20502e-11,3.20505e-11,1,1,107,39,22,6,0,6,235,0.292
16,2.92395,12,3.20502e-11,3.20505e-11,1,1,106,39,20,7,1,8,235,0.485
16,2.92395,13,3.20502e-11,3.20505e-11,1,1,104,39,20,6,0,6,221,0.287
16,2.92395,14,3.20502e-11,3.20505e-11,1,1,106,39,20,7,1,8,235,0.283
16,2.92395,15,3.20502e-11,3.20505e-11,1,1,104,39,20,6,0,6,221,0.412
16,2.92395,16,3.20502e-11,3.20505e-11,1,1,107,39,22,6,0,6,235,0.483
16,2.92395,17,3.20502e-11,3.20505e-11,1,1,109,39,22,7,1,8,249,0.278
16,2.92395,18,3.20502e-11,3.20505e-11,1,1,107,39,22,6,0,6,235,0.275
16,2.92395,19,3.20502e-11,3.20505e-11,1,1,109,39,22,7,1,8,249,0.278
16,2.92395,20,3.20503e-11,3.20505e-11,1,1,104,39,20,6,0,6,221,0.412
16,2.92395,21,3.20503e-11,3.20505e-11,1,1,106,39,20,7,1,8,235,0.281
16,2.92395,22,3.20503e-11,3.20505e-11,1,1,104,39,20,6,0,6,221,0.484
16,2.92395,23,3.20503e-11,3.20505e-11,1,1,106,39,20,7,1,8,235,0.274
16,2.92395,24,3.20503e-11,3.20505e-11,1,1,107,39,22,6,0,6,235,0.274
16,2.92395,25,3.20503e-11,3.20505e-11,1,1,109,39,22,7,1,8,249,0.409
16,2.92395,26,3.20503e-11,3.20505e-11,1,1,109,39,22,7,1,8,249,0.273
16,2.92395,27,3.20503e-11,3.20505e-11,1,1,107,39,22,6,0,6,235,0.269
16,2.92395,28,3.20503e-11,3.20505e-11,1,1,107,39,22,6,0,6,235,0.476
16,2.92395,29,3.20503e-11,3.20505e-11,1,1,109,39,22,7,1,8,249,0.272
16,2.92395,30,3.20503e-11,3.20505e-11,1,1,109,39,22,7,1,8,249,0.409
16,2.92395,31,3.20503e-11,3.20505e-11,1,1,107,39,22,6,0,6,235,0.274
16,2.92395,32,3.20503e-11,3.20505e-11,1,1,104,39,20,6,0,6,221,0.275
16,2.92395,33,3.20503e-11,3.20505e-11,1,1,106,39,20,7,1,8,235,0.483
16,2.92395,34,3.20503e-11,3.20505e-11,1,1,108,39,21,7,1,8,242,0.276
16,2.92395,35,3.20503e-11,3.20505e-11,1,1,106,39,21,6,0,6,228,0.41
16,3.03313,0,1.11308e-11,1.11307e-11,1,1,119,45,22,6,0,6,241,0.266
16,3.03313,1,1.11308e-11,1.11307e-11,1,1,121,45,22,7,1,8,255,0.269
16,3.03313,2,1.11308e-11,1.11307e-11,1,1,121,45,22,7,1,8,255,0.466
16,3.03313,3,1.11308e-11,1.11307e-11,1,1,119,45,22,6,0,6,241,0.271
16,3.03313,4,1.11309e-11,1.11307e-11,1,1,121,45,22,7,1,8,255,0.4
16,3.03313,5,1.11309e-11,1.11307e-11,1,1,119,45,22,6,0,6,241,0.267
16,3.03313,6,1.11309e-11,1.11307e-11,1,1,121,45,22,7,1,8,255,0.272
16,3.03313,7,1.11309e-11,1.11307e-11,1,1,119,45,22,6,0,6,241,0.266
16,3.03313,8,1.11309e-11,1.11307e-11,1,1,121,47,20,7,1,8,243,0.404
16,3.03313,9,1.11309e-11,1.11307e-11,1,1,119,47,20,6,0,6,229,0.467
16,3.03313,10,1.11309e-11,1.11307e-11,1,1,119,47,20,6,0,6,229,0.269
16,3.03313,11,1.11309e-11,1.11307e-11,1,1,121,47,20,7,1,8,243,0.274
16,3.03313,12,1.11309e-11,1.11307e-11,1,1,121,47,20,7,1,8,243,0.271
16,3.03313,13,1.11309e-11,1.11307e-11,1,1,119,47,20,6,0,6,229,0.405
16,3.03313,14,1.11309e-11,1.11307e-11,1,1,121,47,20,7,1,8,243,0.279
16,3.03313,15,1.11309e-11,1.11307e-11,1,1,119,47,20,6,0,6,229,0.473
16,3.03313,16,1.11309e-11,1.11307e-11,1,1,121,45,22,7,1,8,255,0.274
16,3.03313,17,1.11309e-11,1.11307e-11,1,1,119,45,22,6,0,6,241,0.268
16,3.03313,18,1.11309e-11,1.11307e-11,1,1,121,45,22,7,1,8,255,0.4
16,3.03313,19,1.11309e-11,1.11307e-11,1,1,119,45,22,6,0,6,241,0.264
16,3.03313,20,1.1131e-11,1.11307e-11,1,1,119,47,20,6,0,6,229,0.469
16,3.03313,21,1.1131e-11,1.11307e-11,1,1,121,47,20,7,1,8,243,0.27
16,3.03313,22,1.1131e-11,1.11307e-11,1,1,121,47,20,7,1,8,243,0.271
16,3.03313,23,1.1131e-11,1.11307e-11,1,1,119,47,20,6,0,6,229,0.403
16,3.03313,24,1.1131e-11,1.11307e-11,1,1,121,45,22,7,1,8,255,0.269
16,3.03313,25,1.1131e-11,1.11307e-11,1,1,119,45,22,6,0,6,241,0.463
16,3.03313,26,1.1131e-11,1.11307e-11,1,1,119,45,22,6,0,6,241,0.264
16,3.03313,27,1.1131e-11,1.11307e-11,1,1,121,45,22,7,1,8,255,0.268
16,3.03313,28,1.1131e-11,1.11307e-11,1,1,119,45,22,6,0,6,241,0.401
16,3.03313,29,1.1131e-11,1.11307e-11,1,1,121,45,22,7,1,8,255,0.279
16,3.03313,30,1.1131e-11,1.11307e-11,1,1,121,45,22,7,1,8,255,0.266
16,3.03313,31,1.1131e-11,1.11307e-11,1,1,119,45,22,6,0,6,241,0.462
16,3.03313,32,1.1131e-11,1.11307e-11,1,1,119,45,22,6,0,6,241,0.396
16,3.03313,33,1.1131e-11,1.11307e-11,1,1,121,45,22,7,1,8,255,0.262
16,3.03313,34,1.1131e-11,1.11307e-11,1,1,119,45,22,6,0,6,241,0.267
16,3.03313,35,1.1131e-11,1.11307e-11,1,1,121,45,22,7,1,8,255,0.265
16,3.14154,0,3.20501e-11,3.20505e-11,1,1,116,43,22,7,0,7,246,0.27
16,3.14154,1,3.20501e-11,3.20505e-11,1,1,118,43,22,8,1,9,260,0.471
16,3.14154,2,3.20501e-11,3.20505e-11,1,1,116,43,22,7,0,7,246,0.405
16,3.14154,3,3.20501e-11,3.20505e-11,1,1,118,43,22,8,1,9,260,0.273
16,3.14154,4,3.20502e-11,3.20505e-11,1,1,118,43,22,8,1,9,260,0.272
16,3.14154,5,3.20502e-11,3.20505e-11,1,1,116,43,22,7,0,7,246,0.405
16,3.14154,6,3.20502e-11,3.20505e-11,1,1,118,43,22,8,1,9,260,0.272
16,3.14154,7,3.20502e-11,3.20505e-11,1,1,116,43,22,7,0,7,246,0.47
16,3.14154,8,3.20502e-11,3.20505e-11,1,1,113,43,20,7,0,7,232,0.269
16,3.14154,9,3.20502e-11,3.20505e-11,1,1,115,43,20,8,1,9,246,0.265
16,3.14154,10,3.20502e-11,3.20505e-11,1,1,115,43,21,7,0,7,239,0.272
16,3.14154,11,3.20502e-11,3.20505e-11,1,1,117,43,21,8,1,9,253,0.406
16,3.14154,12,3.20502e-11,3.20505e-11,1,1,116,43,22,7,0,7,246,0.475
16,3.14154,13,3.20502e-11,3.20505e-11,1,1,118,43,22,8,1,9,260,0.274
16,3.14154,14,3.20502e-11,3.20505e-11,1,1,118,43,22,8,1,9,260,0.276
16,3.14154,15,3.20502e-11,3.20505e-11,1,1,116,43,22,7,0,7,246,0.4
16,3.14154,16,3.20503e-11,3.20505e-11,1,1,115,43,20,8,1,9,246,0.271
16,3.14154,17,3.20503e-11,3.20505e-11,1,1,113,43,20,7,0,7,232,0.269
16,3.14154,18,3.20503e-11,3.20505e-11,1,1,117,43,21,8,1,9,253,0.471
16,3.14154,19,3.20503e-11,3.20505e-11,1,1,115,43,21,7,0,7,239,0.27
16,3.14154,20,3.20503e-11,3.20505e-11,1,1,118,43,22,8,1,9,260,0.269
16,3.14154,21,3.20503e-11,3.20505e-11,1,1,116,43,22,7,0,7,246,0.4
16,3.14154,22,3.20503e-11,3.20505e-11,1,1,116,43,22,7,0,7,246,0.267
16,3.14154,23,3.20503e-11,3.20505e-11,1,1,118,43,22,8,1,9,260,0.27
16,3.14154,24,3.20503e-11,3.20505e-11,1,1,116,43,22,7,0,7,246,0.471
16,3.14154,25,3.20503e-11,3.20505e-11,1,1,118,43,22,8,1,9,260,0.409
16,3.14154,26,3.20503e-11,3.20505e-11,1,1,116,43,22,7,0,7,246,0.271
16,3.14154,27,3.20503e-11,3.20505e-11,1,1,118,43,22,8,1,9,260,0.273
16,3.14154,28,3.20504e-11,3.20505e-11,1,1,116,43,22,7,0,7,246,0.274
16,3.14154,29,3.20504e-11,3.20505e-11,1,1,118,43,22,8,1,9,260,0.477
16,3.14154,30,3.20504e-11,3.20505e-11,1,1,118,43,22,8,1,9,260,0.277
16,3.14154,31,3.20504e-11,3.20505e-11,1,1,116,43,22,7,0,7,246,0.409
16,3.14154,32,3.20504e-11,3.20505e-11,1,1,113,43,20,7,0,7,232,0.286
16,3.14154,33,3.20504e-11,3.20505e-11,1,1,115,43,20,8,1,9,246,0.287
16,3.14154,34,3.20504e-11,3.20505e-11,1,1,115,43,21,7,0,7,239,0.295
16,3.14154,35,3.20504e-11,3.20505e-11,1,1,117,43,21,8,1,9,253,0.384
