f,theta,rank,epsilon,frob_file,unitary_exact,ok,N_D,n_T3,n_L4,n_R_syl,n_R_resid,n_R,Tcost,wall
12,2.26308e-05,0,6.8861e-09,6.8861e-09,1,1,105,43,14,3,1,4,169,86.415
12,2.26308e-05,1,6.8861e-09,6.8861e-09,1,1,105,43,14,3,1,4,169,86.922
12,2.26308e-05,2,6.8861e-09,6.8861e-09,1,1,105,43,14,3,1,4,169,84.388
12,2.26308e-05,3,6.8861e-09,6.8861e-09,1,1,105,43,14,3,1,4,169,59.945
12,2.26308e-05,4,6.8861e-09,6.8861e-09,1,1,105,45,12,3,1,4,157,67.098
12,2.26308e-05,5,6.8861e-09,6.8861e-09,1,1,105,45,12,3,1,4,157,86.583
12,2.26308e-05,6,6.8861e-09,6.8861e-09,1,1,105,45,12,3,1,4,157,89.988
12,2.26308e-05,7,6.8861e-09,6.8861e-09,1,1,105,45,12,3,1,4,157,52.679
12,2.26308e-05,8,6.8861e-09,6.8861e-09,1,1,105,43,14,3,1,4,169,87.89
12,2.26308e-05,9,6.8861e-09,6.8861e-09,1,1,105,43,14,3,1,4,169,67.484
12,2.26308e-05,10,6.8861e-09,6.8861e-09,1,1,105,43,14,3,1,4,169,86.942
12,2.26308e-05,11,6.8861e-09,6.8861e-09,1,1,105,43,14,3,1,4,169,62.919
12,2.26308e-05,12,6.8861e-09,6.8861e-09,1,1,105,45,12,3,1,4,157,54.842
12,2.26308e-05,13,6.8861e-09,6.8861e-09,1,1,105,45,12,3,1,4,157,81.579
12,2.26308e-05,14,6.8861e-09,6.8861e-09,1,1,105,45,12,3,1,4,157,86.958
12,2.26308e-05,15,6.8861e-09,6.8861e-09,1,1,105,45,12,3,1,4,157,88.126
12,2.26308e-05,16,6.8861e-09,6.8861e-09,1,1,105,43,14,3,1,4,169,63.259
12,2.26308e-05,17,6.8861e-09,6.8861e-09,1,1,105,43,14,3,1,4,169,64.057
12,2.26308e-05,18,6.8861e-09,6.8861e-09,1,1,105,43,14,3,1,4,169,85.275
12,2.26308e-05,19,6.8861e-09,6.8861e-09,1,1,105,43,14,3,1,4,169,87.881
12,2.26308e-05,20,6.8861e-09,6.8861e-09,1,1,105,45,12,3,1,4,157,83.614
12,2.26308e-05,21,6.8861e-09,6.8861e-09,1,1,105,45,12,3,1,4,157,88.512
12,2.26308e-05,22,6.8861e-09,6.8861e-09,1,1,105,45,12,3,1,4,157,79.295
12,2.26308e-05,23,6.8861e-09,6.8861e-09,1,1,105,45,12,3,1,4,157,86.76
12,2.26308e-05,24,6.8861e-09,6.8861e-09,1,1,105,43,14,3,1,4,169,51.043
12,2.26308e-05,25,6.8861e-09,6.8861e-09,1,1,105,43,14,3,1,4,169,87.916
12,2.26308e-05,26,6.8861e-09,6.8861e-09,1,1,105,43,14,3,1,4,169,48.8
12,2.26308e-05,27,6.8861e-09,6.8861e-09,1,1,105,43,14,3,1,4,169,48.497
12,2.26308e-05,28,6.8861e-09,6.8861e-09,1,1,105,43,14,3,1,4,169,85.917
12,2.26308e-05,29,6.8861e-09,6.8861e-09,1,1,105,43,14,3,1,4,169,81.704
12,2.26308e-05,30,6.8861e-09,6.8861e-09,1,1,105,43,14,3,1,4,169,75.978
12,2.26308e-05,31,6.8861e-09,6.8861e-09,1,1,105,43,14,3,1,4,169,48.371
12,2.26308e-05,32,6.8861e-09,6.8861e-09,1,1,105,43,14,3,1,4,169,61.363
12,2.26308e-05,33,6.8861e-09,6.8861e-09,1,1,105,43,14,3,1,4,169,50.49
12,2.26308e-05,34,6.8861e-09,6.8861e-09,1,1,105,43,14,3,1,4,169,67.359
12,2.26308e-05,35,6.8861e-09,6.8861e-09,1,1,105,43,14,3,1,4,169,86.144
12,0.110995,0,6.8861e-09,6.8861e-09,1,1,95,39,16,1,1,2,165,80.387
12,0.110995,1,6.8861e-09,6.8861e-09,1,1,95,39,16,1,1,2,165,84.201
12,0.110995,2,6.8861e-09,6.8861e-09,1,1,95,39,16,1,1,2,165,88.756
12,0.110995,3,6.8861e-09,6.8861e-09,1,1,95,39,16,1,1,2,165,89.303
12,0.110995,4,6.8861e-09,6.8861e-09,1,1,95,37,18,1,1,2,177,88.625
12,0.110995,5,6.8861e-09,6.8861e-09,1,1,95,37,18,1,1,2,177,84.392
12,0.110995,6,6.8861e-09,6.8861e-09,1,1,95,37,18,1,1,2,177,88.925
12,0.110995,7,6.8861e-09,6.8861e-09,1,1,95,37,18,1,1,2,177,89.199
12,0.110995,8,6.8861e-09,6.8861e-09,1,1,95,37,18,1,1,2,177,88.914
12,0.110995,9,6.8861e-09,6.8861e-09,1,1,95,37,18,1,1,2,177,89.246
12,0.110995,10,6.8861e-09,6.8861e-09,1,1,95,37,18,1,1,2,177,86.386
12,0.110995,11,6.8861e-09,6.8861e-09,1,1,95,37,18,1,1,2,177,63.393
12,0.110995,12,6.8861e-09,6.8861e-09,1,1,95,37,18,1,1,2,177,84.431
12,0.110995,13,6.8861e-09,6.8861e-09,1,1,95,37,18,1,1,2,177,87.114
12,0.110995,14,6.8861e-09,6.8861e-09,1,1,95,37,18,1,1,2,177,89.476
12,0.110995,15,6.8861e-09,6.8861e-09,1,1,95,37,18,1,1,2,177,89.183
12,0.110995,16,6.8861e-09,6.8861e-09,1,1,95,39,16,1,1,2,165,73.519
12,0.110995,17,6.8861e-09,6.8861e-09,1,1,95,39,16,1,1,2,165,51.1
12,0.110995,18,6.8861e-09,6.8861e-09,1,1,95,39,16,1,1,2,165,49.156
12,0.110995,19,6.8861e-09,6.8861e-09,1,1,95,39,16,1,1,2,165,49.026
12,0.110995,20,6.8861e-09,6.8861e-09,1,1,95,37,18,1,1,2,177,50.817
12,0.110995,21,6.8861e-09,6.8861e-09,1,1,95,37,18,1,1,2,177,71.418
12,0.110995,22,6.8861e-09,6.8861e-09,1,1,95,37,18,1,1,2,177,86.739
12,0.110995,23,6.8861e-09,6.8861e-09,1,1,95,37,18,1,1,2,177,88.013
12,0.110995,24,6.8861e-09,6.8861e-09,1,1,95,37,18,1,1,2,177,88.451
12,0.110995,25,6.8861e-09,6.8861e-09,1,1,95,37,18,1,1,2,177,50.668
12,0.110995,26,6.8861e-09,6.8861e-09,1,1,95,37,18,1,1,2,177,50.542
12,0.110995,27,6.8861e-09,6.8861e-09,1,1,95,37,18,1,1,2,177,48.661
12,0.110995,28,6.8861e-09,6.8861e-09,1,1,95,39,16,1,1,2,165,89.233
12,0.110995,29,6.8861e-09,6.8861e-09,1,1,95,39,16,1,1,2,165,88.522
12,0.110995,30,6.8861e-09,6.8861e-09,1,1,95,39,16,1,1,2,165,49.31
12,0.110995,31,6.8861e-09,6.8861e-09,1,1,95,39,16,1,1,2,165,88.558
12,0.110995,32,6.8861e-09,6.8861e-09,1,1,95,37,18,1,1,2,177,88.482
12,0.110995,33,6.8861e-09,6.8861e-09,1,1,95,37,18,1,1,2,177,86.203
12,0.110995,34,6.8861e-09,6.8861e-09,1,1,95,37,18,1,1,2,177,88.724
12,0.110995,35,6.8861e-09,6.8861e-09,1,1,95,37,18,1,1,2,177,88.555
12,0.215677,0,6.8861e-09,6.8861e-09,1,1,95,37,16,4,0,4,177,73.002
12,0.215677,1,6.8861e-09,6.8861e-09,1,1,97,37,16,5,1,6,191,73.179
12,0.215677,2,6.8861e-09,6.8861e-09,1,1,95,37,16,4,0,4,177,81.538
12,0.215677,3,6.8861e-09,6.8861e-09,1,1,97,37,16,5,1,6,191,81.358
12,0.215677,4,6.8861e-09,6.8861e-09,1,1,92,37,14,4,0,4,163,72.742
12,0.215677,5,6.8861e-09,6.8861e-09,1,1,94,37,14,5,1,6,177,73.166
12,0.215677,6,6.8861e-09,6.8861e-09,1,1,96,37,15,5,1,6,184,81.159
12,0.215677,7,6.8861e-09,6.8861e-09,1,1,94,37,15,4,0,4,170,81.072
12,0.215677,8,6.8861e-09,6.8861e-09,1,1,95,37,16,4,0,4,177,41.559
12,0.215677,9,6.8861e-09,6.8861e-09,1,1,97,37,16,5,1,6,191,71.957
12,0.215677,10,6.8861e-09,6.8861e-09,1,1,95,37,16,4,0,4,177,80.79
12,0.215677,11,6.8861e-09,6.8861e-09,1,1,97,37,16,5,1,6,191,46.201
12,0.215677,12,6.8861e-09,6.8861e-09,1,1,96,37,15,5,1,6,184,44.91
12,0.215677,13,6.8861e-09,6.8861e-09,1,1,94,37,15,4,0,4,170,64.12
12,0.215677,14,6.8861e-09,6.8861e-09,1,1,92,37,14,4,0,4,163,46.097
12,0.215677,15,6.8861e-09,6.8861e-09,1,1,94,37,14,5,1,6,177,46.202
12,0.215677,16,6.8861e-09,6.8861e-09,1,1,95,37,16,4,0,4,177,46.133
12,0.215677,17,6.8861e-09,6.8861e-09,1,1,97,37,16,5,1,6,191,81.409
12,0.215677,18,6.8861e-09,6.8861e-09,1,1,97,37,16,5,1,6,191,78.683
12,0.215677,19,6.8861e-09,6.8861e-09,1,1,95,37,16,4,0,4,177,78.871
12,0.215677,20,6.8861e-09,6.8861e-09,1,1,97,37,16,5,1,6,191,78.84
12,0.215677,21,6.8861e-09,6.8861e-09,1,1,95,37,16,4,0,4,177,45.277
12,0.215677,22,6.8861e-09,6.8861e-09,1,1,97,37,16,5,1,6,191,81.22
12,0.215677,23,6.8861e-09,6.8861e-09,1,1,95,37,16,4,0,4,177,81.433
12,0.215677,24,6.8861e-09,6.8861e-09,1,1,97,37,16,5,1,6,191,78.579
12,0.215677,25,6.8861e-09,6.8861e-09,1,1,95,37,16,4,0,4,177,78.883
12,0.215677,26,6.8861e-09,6.8861e-09,1,1,97,37,16,5,1,6,191,46.673
12,0.215677,27,6.8861e-09,6.8861e-09,1,1,95,37,16,4,0,4,177,81.492
12,0.215677,28,6.8861e-09,6.8861e-09,1,1,94,37,15,4,0,4,170,81.713
12,0.215677,29,6.8861e-09,6.8861e-09,1,1,96,37,15,5,1,6,184,46.272
12,0.215677,30,6.8861e-09,6.8861e-09,1,1,96,37,15,5,1,6,184,79.076
12,0.215677,31,6.8861e-09,6.8861e-09,1,1,94,37,15,4,0,4,170,79.091
12,0.215677,32,6.8861e-09,6.8861e-09,1,1,97,37,16,5,1,6,191,81.756
12,0.215677,33,6.8861e-09,6.8861e-09,1,1,95,37,16,4,0,4,177,81.66
12,0.215677,34,6.8861e-09,6.8861e-09,1,1,95,37,16,4,0,4,177,78.809
12,0.215677,35,6.8861e-09,6.8861e-09,1,1,97,37,16,5,1,6,191,79.323
12,0.325297,0,6.8861e-09,6.8861e-09,1,1,79,25,18,11,1,12,235,96.562
12,0.325297,1,6.8861e-09,6.8861e-09,1,1,79,25,18,11,1,12,235,97.965
12,0.325297,2,6.8861e-09,6.8861e-09,1,1,79,25,18,11,1,12,235,97.483
12,0.325297,3,6.8861e-09,6.8861e-09,1,1,79,25,18,11,1,12,235,97.61
12,0.325297,4,6.8861e-09,6.8861e-09,1,1,79,23,20,11,1,12,247,53.209
12,0.325297,5,6.8861e-09,6.8861e-09,1,1,79,23,20,11,1,12,247,52.815
12,0.325297,6,6.8861e-09,6.8861e-09,1,1,79,23,20,11,1,12,247,75.721
12,0.325297,7,6.8861e-09,6.8861e-09,1,1,79,23,20,11,1,12,247,53.936
12,0.325297,8,6.8861e-09,6.8861e-09,1,1,79,25,18,11,1,12,235,52.713
12,0.325297,9,6.8861e-09,6.8861e-09,1,1,79,25,18,11,1,12,235,53.073
12,0.325297,10,6.8861e-09,6.8861e-09,1,1,79,25,18,11,1,12,235,95.436
12,0.325297,11,6.8861e-09,6.8861e-09,1,1,79,25,18,11,1,12,235,95.222
12,0.325297,12,6.8861e-09,6.8861e-09,1,1,79,23,20,11,1,12,247,92.4
12,0.325297,13,6.8861e-09,6.8861e-09,1,1,79,23,20,11,1,12,247,50.188
12,0.325297,14,6.8861e-09,6.8861e-09,1,1,79,23,20,11,1,12,247,54.364
12,0.325297,15,6.8861e-09,6.8861e-09,1,1,79,23,20,11,1,12,247,95.454
12,0.325297,16,6.8861e-09,6.8861e-09,1,1,79,23,20,11,1,12,247,87.22
12,0.325297,17,6.8861e-09,6.8861e-09,1,1,79,23,20,11,1,12,247,90.504
12,0.325297,18,6.8861e-09,6.8861e-09,1,1,79,23,20,11,1,12,247,95.416
12,0.325297,19,6.8861e-09,6.8861e-09,1,1,79,23,20,11,1,12,247,93.231
12,0.325297,20,6.8861e-09,6.8861e-09,1,1,79,23,20,11,1,12,247,92.524
12,0.325297,21,6.8861e-09,6.8861e-09,1,1,79,23,20,11,1,12,247,94.415
12,0.325297,22,6.8861e-09,6.8861e-09,1,1,79,23,20,11,1,12,247,95.453
12,0.325297,23,6.8861e-09,6.8861e-09,1,1,79,23,20,11,1,12,247,90.364
12,0.325297,24,6.8861e-09,6.8861e-09,1,1,79,25,18,11,1,12,235,96.391
12,0.325297,25,6.8861e-09,6.8861e-09,1,1,79,25,18,11,1,12,235,90.997
12,0.325297,26,6.8861e-09,6.8861e-09,1,1,79,25,18,11,1,12,235,98.873
12,0.325297,27,6.8861e-09,6.8861e-09,1,1,79,25,18,11,1,12,235,96.425
12,0.325297,28,6.8861e-09,6.8861e-09,1,1,79,23,20,11,1,12,247,75.477
12,0.325297,29,6.8861e-09,6.8861e-09,1,1,79,23,20,11,1,12,247,53.025
12,0.325297,30,6.8861e-09,6.8861e-09,1,1,79,23,20,11,1,12,247,51.154
12,0.325297,31,6.8861e-09,6.8861e-09,1,1,79,23,20,11,1,12,247,54.207
12,0.325297,32,6.8861e-09,6.8861e-09,1,1,79,23,20,11,1,12,247,94.33
12,0.325297,33,6.8861e-09,6.8861e-09,1,1,79,23,20,11,1,12,247,94.911
12,0.325297,34,6.8861e-09,6.8861e-09,1,1,79,23,20,11,1,12,247,93.571
12,0.325297,35,6.8861e-09,6.8861e-09,1,1,79,23,20,11,1,12,247,93.189
12,0.434096,0,6.8861e-09,6.8861e-09,1,1,96,38,12,6,1,7,171,52.269
12,0.434096,1,6.8861e-09,6.8861e-09,1,1,96,38,12,6,1,7,171,52.334
12,0.434096,2,6.8861e-09,6.8861e-09,1,1,96,38,12,6,1,7,171,56.57
12,0.434096,3,6.8861e-09,6.8861e-09,1,1,96,38,12,6,1,7,171,51.787
12,0.434096,4,6.8861e-09,6.8861e-09,1,1,96,40,10,6,1,7,159,94.478
12,0.434096,5,6.8861e-09,6.8861e-09,1,1,96,40,10,6,1,7,159,93.444
12,0.434096,6,6.8861e-09,6.8861e-09,1,1,96,40,10,6,1,7,159,98.68
12,0.434096,7,6.8861e-09,6.8861e-09,1,1,96,40,10,6,1,7,159,52.519
12,0.434096,8,6.8861e-09,6.8861e-09,1,1,96,38,12,6,1,7,171,96.413
12,0.434096,9,6.8861e-09,6.8861e-09,1,1,96,38,12,6,1,7,171,52.634
12,0.434096,10,6.8861e-09,6.8861e-09,1,1,96,38,12,6,1,7,171,94.377
12,0.434096,11,6.8861e-09,6.8861e-09,1,1,96,38,12,6,1,7,171,93.592
12,0.434096,12,6.8861e-09,6.8861e-09,1,1,96,40,10,6,1,7,159,76.459
12,0.434096,13,6.8861e-09,6.8861e-09,1,1,96,40,10,6,1,7,159,96.745
12,0.434096,14,6.8861e-09,6.8861e-09,1,1,96,40,10,6,1,7,159,52.316
12,0.434096,15,6.8861e-09,6.8861e-09,1,1,96,40,10,6,1,7,159,90.94
12,0.434096,16,6.8861e-09,6.8861e-09,1,1,96,38,12,6,1,7,171,91.151
12,0.434096,17,6.8861e-09,6.8861e-09,1,1,96,38,12,6,1,7,171,96.759
12,0.434096,18,6.8861e-09,6.8861e-09,1,1,96,38,12,6,1,7,171,79.596
12,0.434096,19,6.8861e-09,6.8861e-09,1,1,96,38,12,6,1,7,171,77.848
12,0.434096,20,6.8861e-09,6.8861e-09,1,1,96,38,12,6,1,7,171,93.497
12,0.434096,21,6.8861e-09,6.8861e-09,1,1,96,38,12,6,1,7,171,92.259
12,0.434096,22,6.8861e-09,6.8861e-09,1,1,96,38,12,6,1,7,171,99.176
12,0.434096,23,6.8861e-09,6.8861e-09,1,1,96,38,12,6,1,7,171,94.665
12,0.434096,24,6.8861e-09,6.8861e-09,1,1,96,40,10,6,1,7,159,97.969
12,0.434096,25,6.8861e-09,6.8861e-09,1,1,96,40,10,6,1,7,159,63.566
12,0.434096,26,6.8861e-09,6.8861e-09,1,1,96,40,10,6,1,7,159,93.833
12,0.434096,27,6.8861e-09,6.8861e-09,1,1,96,40,10,6,1,7,159,92.918
12,0.434096,28,6.8861e-09,6.8861e-09,1,1,96,38,12,6,1,7,171,94.096
12,0.434096,29,6.8861e-09,6.8861e-09,1,1,96,38,12,6,1,7,171,52.546
12,0.434096,30,6.8861e-09,6.8861e-09,1,1,96,38,12,6,1,7,171,72.038
12,0.434096,31,6.8861e-09,6.8861e-09,1,1,96,38,12,6,1,7,171,55.692
12,0.434096,32,6.8861e-09,6.8861e-09,1,1,96,38,12,6,1,7,171,53.799
12,0.434096,33,6.8861e-09,6.8861e-09,1,1,96,38,12,6,1,7,171,97.922
12,0.434096,34,6.8861e-09,6.8861e-09,1,1,96,38,12,6,1,7,171,91.331
12,0.434096,35,6.8861e-09,6.8861e-09,1,1,96,38,12,6,1,7,171,75.6
12,0.53557,0,6.8861e-09,6.8861e-09,1,1,81,29,18,5,1,6,197,97.802
12,0.53557,1,6.8861e-09,6.8861e-09,1,1,81,29,18,5,1,6,197,53.825
12,0.53557,2,6.8861e-09,6.8861e-09,1,1,81,29,18,5,1,6,197,56.471
12,0.53557,3,6.8861e-09,6.8861e-09,1,1,81,29,18,5,1,6,197,71.347
12,0.53557,4,6.8861e-09,6.8861e-09,1,1,81,27,20,5,1,6,209,94.629
12,0.53557,5,6.8861e-09,6.8861e-09,1,1,81,27,20,5,1,6,209,87.666
12,0.53557,6,6.8861e-09,6.8861e-09,1,1,81,27,20,5,1,6,209,90.794
12,0.53557,7,6.8861e-09,6.8861e-09,1,1,81,27,20,5,1,6,209,96.976
12,0.53557,8,6.8861e-09,6.8861e-09,1,1,81,27,20,5,1,6,209,97.285
12,0.53557,9,6.8861e-09,6.8861e-09,1,1,81,27,20,5,1,6,209,99.886
12,0.53557,10,6.8861e-09,6.8861e-09,1,1,81,27,20,5,1,6,209,87.846
12,0.53557,11,6.8861e-09,6.8861e-09,1,1,81,27,20,5,1,6,209,71.782
12,0.53557,12,6.8861e-09,6.8861e-09,1,1,81,27,20,5,1,6,209,94.538
12,0.53557,13,6.8861e-09,6.8861e-09,1,1,81,27,20,5,1,6,209,100.954
12,0.53557,14,6.8861e-09,6.8861e-09,1,1,81,27,20,5,1,6,209,51.775
12,0.53557,15,6.8861e-09,6.8861e-09,1,1,81,27,20,5,1,6,209,51.739
12,0.53557,16,6.8861e-09,6.8861e-09,1,1,81,27,20,5,1,6,209,99.658
12,0.53557,17,6.8861e-09,6.8861e-09,1,1,81,27,20,5,1,6,209,95.427
12,0.53557,18,6.8861e-09,6.8861e-09,1,1,81,27,20,5,1,6,209,97.857
12,0.53557,19,6.8861e-09,6.8861e-09,1,1,81,27,20,5,1,6,209,101.926
12,0.53557,20,6.8861e-09,6.8861e-09,1,1,81,29,18,5,1,6,197,101.529
12,0.53557,21,6.8861e-09,6.8861e-09,1,1,81,29,18,5,1,6,197,102.07
12,0.53557,22,6.8861e-09,6.8861e-09,1,1,81,29,18,5,1,6,197,97.505
12,0.53557,23,6.8861e-09,6.8861e-09,1,1,81,29,18,5,1,6,197,53.785
12,0.53557,24,6.8861e-09,6.8861e-09,1,1,81,29,18,5,1,6,197,56.962
12,0.53557,25,6.8861e-09,6.8861e-09,1,1,81,29,18,5,1,6,197,80.015
12,0.53557,26,6.8861e-09,6.8861e-09,1,1,81,29,18,5,1,6,197,62.536
12,0.53557,27,6.8861e-09,6.8861e-09,1,1,81,29,18,5,1,6,197,91.475
12,0.53557,28,6.8861e-09,6.8861e-09,1,1,81,27,20,5,1,6,209,71.06
12,0.53557,29,6.8861e-09,6.8861e-09,1,1,81,27,20,5,1,6,209,100.957
12,0.53557,30,6.8861e-09,6.8861e-09,1,1,81,27,20,5,1,6,209,91.736
12,0.53557,31,6.8861e-09,6.8861e-09,1,1,81,27,20,5,1,6,209,94.718
12,0.53557,32,6.8861e-09,6.8861e-09,1,1,81,27,20,5,1,6,209,96.293
12,0.53557,33,6.8861e-09,6.8861e-09,1,1,81,27,20,5,1,6,209,96.126
12,0.53557,34,6.8861e-09,6.8861e-09,1,1,81,27,20,5,1,6,209,100.893
12,0.53557,35,6.8861e-09,6.8861e-09,1,1,81,27,20,5,1,6,209,99.383
12,0.650205,0,6.8861e-09,6.8861e-09,1,1,109,45,10,7,1,8,171,77.188
12,0.650205,1,6.8861e-09,6.8861e-09,1,1,109,45,10,7,1,8,171,74.849
12,0.650205,2,6.8861e-09,6.8861e-09,1,1,109,45,10,7,1,8,171,78.988
12,0.650205,3,6.8861e-09,6.8861e-09,1,1,109,45,10,7,1,8,171,74.549
12,0.650205,4,6.8861e-09,6.8861e-09,1,1,109,47,8,7,1,8,159,77.614
12,0.650205,5,6.8861e-09,6.8861e-09,1,1,109,47,8,7,1,8,159,74.77
12,0.650205,6,6.8861e-09,6.8861e-09,1,1,109,47,8,7,1,8,159,77.053
12,0.650205,7,6.8861e-09,6.8861e-09,1,1,109,47,8,7,1,8,159,77.351
12,0.650205,8,6.8861e-09,6.8861e-09,1,1,109,45,10,7,1,8,171,78.136
12,0.650205,9,6.8861e-09,6.8861e-09,1,1,109,45,10,7,1,8,171,77.185
12,0.650205,10,6.8861e-09,6.8861e-09,1,1,109,45,10,7,1,8,171,77.983
12,0.650205,11,6.8861e-09,6.8861e-09,1,1,109,45,10,7,1,8,171,78.357
12,0.650205,12,6.8861e-09,6.8861e-09,1,1,109,47,8,7,1,8,159,76.879
12,0.650205,13,6.8861e-09,6.8861e-09,1,1,109,47,8,7,1,8,159,75.217
12,0.650205,14,6.8861e-09,6.8861e-09,1,1,109,47,8,7,1,8,159,78.347
12,0.650205,15,6.8861e-09,6.8861e-09,1,1,109,47,8,7,1,8,159,78.366
12,0.650205,16,6.8861e-09,6.8861e-09,1,1,109,45,10,7,1,8,171,77.627
12,0.650205,17,6.8861e-09,6.8861e-09,1,1,109,45,10,7,1,8,171,61.093
12,0.650205,18,6.8861e-09,6.8861e-09,1,1,109,45,10,7,1,8,171,78.253
12,0.650205,19,6.8861e-09,6.8861e-09,1,1,109,45,10,7,1,8,171,76.907
12,0.650205,20,6.8861e-09,6.8861e-09,1,1,109,45,10,7,1,8,171,77.064
12,0.650205,21,6.8861e-09,6.8861e-09,1,1,109,45,10,7,1,8,171,73.95
12,0.650205,22,6.8861e-09,6.8861e-09,1,1,109,45,10,7,1,8,171,75.315
12,0.650205,23,6.8861e-09,6.8861e-09,1,1,109,45,10,7,1,8,171,76.776
12,0.650205,24,6.8861e-09,6.8861e-09,1,1,109,45,10,7,1,8,171,76.953
12,0.650205,25,6.8861e-09,6.8861e-09,1,1,109,45,10,7,1,8,171,78.425
12,0.650205,26,6.8861e-09,6.8861e-09,1,1,109,45,10,7,1,8,171,78.748
12,0.650205,27,6.8861e-09,6.8861e-09,1,1,109,45,10,7,1,8,171,74.754
12,0.650205,28,6.8861e-09,6.8861e-09,1,1,109,47,8,7,1,8,159,74.969
12,0.650205,29,6.8861e-09,6.8861e-09,1,1,109,47,8,7,1,8,159,77.452
12,0.650205,30,6.8861e-09,6.8861e-09,1,1,109,47,8,7,1,8,159,77.246
12,0.650205,31,6.8861e-09,6.8861e-09,1,1,109,47,8,7,1,8,159,72.938
12,0.650205,32,6.8861e-09,6.8861e-09,1,1,109,45,10,7,1,8,171,74.86
12,0.650205,33,6.8861e-09,6.8861e-09,1,1,109,45,10,7,1,8,171,72.723
12,0.650205,34,6.8861e-09,6.8861e-09,1,1,109,45,10,7,1,8,171,75.24
12,0.650205,35,6.8861e-09,6.8861e-09,1,1,109,45,10,7,1,8,171,77.04
12,0.757686,0,6.8861e-09,6.8861e-09,1,1,78,26,16,8,1,9,201,81.038
12,0.757686,1,6.8861e-09,6.8861e-09,1,1,78,26,16,8,1,9,201,65.636
12,0.757686,2,6.8861e-09,6.8861e-09,1,1,78,26,16,8,1,9,201,82.432
12,0.757686,3,6.8861e-09,6.8861e-09,1,1,78,26,16,8,1,9,201,82.688
12,0.757686,4,6.8861e-09,6.8861e-09,1,1,78,26,16,8,1,9,201,80.839
12,0.757686,5,6.8861e-09,6.8861e-09,1,1,78,26,16,8,1,9,201,81.456
12,0.757686,6,6.8861e-09,6.8861e-09,1,1,78,26,16,8,1,9,201,81.601
12,0.757686,7,6.8861e-09,6.8861e-09,1,1,78,26,16,8,1,9,201,84.063
12,0.757686,8,6.8861e-09,6.8861e-09,1,1,77,26,15,8,1,9,194,77.869
12,0.757686,9,6.8861e-09,6.8861e-09,1,1,77,26,15,8,1,9,194,78.632
12,0.757686,10,6.8861e-09,6.8861e-09,1,1,77,26,15,8,1,9,194,82.495
12,0.757686,11,6.8861e-09,6.8861e-09,1,1,75,26,14,8,1,9,187,80.05
12,0.757686,12,6.8861e-09,6.8861e-09,1,1,77,26,15,8,1,9,194,79.8
12,0.757686,13,6.8861e-09,6.8861e-09,1,1,77,26,15,8,1,9,194,79.397
12,0.757686,14,6.8861e-09,6.8861e-09,1,1,77,26,15,8,1,9,194,78.291
12,0.757686,15,6.8861e-09,6.8861e-09,1,1,77,26,15,8,1,9,194,78.436
12,0.757686,16,6.8861e-09,6.8861e-09,1,1,78,26,16,8,1,9,201,80.428
12,0.757686,17,6.8861e-09,6.8861e-09,1,1,78,26,16,8,1,9,201,80.692
12,0.757686,18,6.8861e-09,6.8861e-09,1,1,78,26,16,8,1,9,201,79.213
12,0.757686,19,6.8861e-09,6.8861e-09,1,1,78,26,16,8,1,9,201,80.982
12,0.757686,20,6.8861e-09,6.8861e-09,1,1,78,26,16,8,1,9,201,79.497
12,0.757686,21,6.8861e-09,6.8861e-09,1,1,78,26,16,8,1,9,201,81.795
12,0.757686,22,6.8861e-09,6.8861e-09,1,1,78,26,16,8,1,9,201,79.636
12,0.757686,23,6.8861e-09,6.8861e-09,1,1,78,26,16,8,1,9,201,80.022
12,0.757686,24,6.8861e-09,6.8861e-09,1,1,78,26,16,8,1,9,201,67.606
12,0.757686,25,6.8861e-09,6.8861e-09,1,1,78,26,16,8,1,9,201,83.027
12,0.757686,26,6.8861e-09,6.8861e-09,1,1,78,26,16,8,1,9,201,79.406
12,0.757686,27,6.8861e-09,6.8861e-09,1,1,78,26,16,8,1,9,201,80.075
12,0.757686,28,6.8861e-09,6.8861e-09,1,1,77,26,15,8,1,9,194,82.257
12,0.757686,29,6.8861e-09,6.8861e-09,1,1,77,26,15,8,1,9,194,82.054
12,0.757686,30,6.8861e-09,6.8861e-09,1,1,77,26,15,8,1,9,194,79.572
12,0.757686,31,6.8861e-09,6.8861e-09,1,1,77,26,15,8,1,9,194,79.401
12,0.757686,32,6.8861e-09,6.8861e-09,1,1,78,26,16,8,1,9,201,84.039
12,0.757686,33,6.8861e-09,6.8861e-09,1,1,78,26,16,8,1,9,201,82.974
12,0.757686,34,6.8861e-09,6.8861e-09,1,1,78,26,16,8,1,9,201,80.44
12,0.757686,35,6.8861e-09,6.8861e-09,1,1,78,26,16,8,1,9,201,78.358
12,0.873503,0,6.8861e-09,6.8861e-09,1,1,78,27,18,6,0,6,195,96.827
12,0.873503,1,6.8861e-09,6.8861e-09,1,1,80,27,18,7,1,8,209,97.376
12,0.873503,2,6.8861e-09,6.8861e-09,1,1,82,27,19,7,1,8,216,107.156
12,0.873503,3,6.8861e-09,6.8861e-09,1,1,80,27,19,6,0,6,202,106.655
12,0.873503,4,6.8861e-09,6.8861e-09,1,1,83,27,20,7,1,8,223,97.381
12,0.873503,5,6.8861e-09,6.8861e-09,1,1,81,27,20,6,0,6,209,96.783
12,0.873503,6,6.8861e-09,6.8861e-09,1,1,83,27,20,7,1,8,223,86.13
12,0.873503,7,6.8861e-09,6.8861e-09,1,1,81,27,20,6,0,6,209,106.941
12,0.873503,8,6.8861e-09,6.8861e-09,1,1,81,27,20,6,0,6,209,105.243
12,0.873503,9,6.8861e-09,6.8861e-09,1,1,83,27,20,7,1,8,223,107.651
12,0.873503,10,6.8861e-09,6.8861e-09,1,1,81,27,20,6,0,6,209,97.114
12,0.873503,11,6.8861e-09,6.8861e-09,1,1,83,27,20,7,1,8,223,95.504
12,0.873503,12,6.8861e-09,6.8861e-09,1,1,83,27,20,7,1,8,223,107.072
12,0.873503,13,6.8861e-09,6.8861e-09,1,1,81,27,20,6,0,6,209,107.035
12,0.873503,14,6.8861e-09,6.8861e-09,1,1,81,27,20,6,0,6,209,96.903
12,0.873503,15,6.8861e-09,6.8861e-09,1,1,83,27,20,7,1,8,223,96.979
12,0.873503,16,6.8861e-09,6.8861e-09,1,1,80,27,19,6,0,6,202,106.841
12,0.873503,17,6.8861e-09,6.8861e-09,1,1,82,27,19,7,1,8,216,106.704
12,0.873503,18,6.8861e-09,6.8861e-09,1,1,80,27,18,7,1,8,209,97.22
12,0.873503,19,6.8861e-09,6.8861e-09,1,1,78,27,18,6,0,6,195,96.826
12,0.873503,20,6.8861e-09,6.8861e-09,1,1,83,27,20,7,1,8,223,97.385
12,0.873503,21,6.8861e-09,6.8861e-09,1,1,81,27,20,6,0,6,209,96.8
12,0.873503,22,6.8861e-09,6.8861e-09,1,1,81,27,20,6,0,6,209,106.906
12,0.873503,23,6.8861e-09,6.8861e-09,1,1,83,27,20,7,1,8,223,106.804
12,0.873503,24,6.8861e-09,6.8861e-09,1,1,80,27,19,6,0,6,202,106.738
12,0.873503,25,6.8861e-09,6.8861e-09,1,1,82,27,19,7,1,8,216,105.745
12,0.873503,26,6.8861e-09,6.8861e-09,1,1,78,27,18,6,0,6,195,78.144
12,0.873503,27,6.8861e-09,6.8861e-09,1,1,80,27,18,7,1,8,209,96.956
12,0.873503,28,6.8861e-09,6.8861e-09,1,1,83,27,20,7,1,8,223,97.299
12,0.873503,29,6.8861e-09,6.8861e-09,1,1,81,27,20,6,0,6,209,96.828
12,0.873503,30,6.8861e-09,6.8861e-09,1,1,83,27,20,7,1,8,223,107.423
12,0.873503,31,6.8861e-09,6.8861e-09,1,1,81,27,20,6,0,6,209,105.998
12,0.873503,32,6.8861e-09,6.8861e-09,1,1,81,27,20,6,0,6,209,97.013
12,0.873503,33,6.8861e-09,6.8861e-09,1,1,83,27,20,7,1,8,223,97.108
12,0.873503,34,6.8861e-09,6.8861e-09,1,1,81,27,20,6,0,6,209,106.814
12,0.873503,35,6.8861e-09,6.8861e-09,1,1,83,27,20,7,1,8,223,106.03
12,0.976955,0,6.8861e-09,6.8861e-09,1,1,90,35,16,3,1,4,175,88.005
12,0.976955,1,6.8861e-09,6.8861e-09,1,1,92,35,17,3,1,4,182,90.147
12,0.976955,2,6.8861e-09,6.8861e-09,1,1,92,35,17,3,1,4,182,89.977
12,0.976955,3,6.8861e-09,6.8861e-09,1,1,92,35,17,3,1,4,182,85.836
12,0.976955,4,6.8861e-09,6.8861e-09,1,1,93,35,18,3,1,4,189,89.756
12,0.976955,5,6.8861e-09,6.8861e-09,1,1,93,35,18,3,1,4,189,92.359
12,0.976955,6,6.8861e-09,6.8861e-09,1,1,93,35,18,3,1,4,189,89.883
12,0.976955,7,6.8861e-09,6.8861e-09,1,1,93,35,18,3,1,4,189,86.081
12,0.976955,8,6.8861e-09,6.8861e-09,1,1,93,35,18,3,1,4,189,89.984
12,0.976955,9,6.8861e-09,6.8861e-09,1,1,93,35,18,3,1,4,189,87.76
12,0.976955,10,6.8861e-09,6.8861e-09,1,1,93,35,18,3,1,4,189,89.989
12,0.976955,11,6.8861e-09,6.8861e-09,1,1,93,35,18,3,1,4,189,88.411
12,0.976955,12,6.8861e-09,6.8861e-09,1,1,93,35,18,3,1,4,189,89.831
12,0.976955,13,6.8861e-09,6.8861e-09,1,1,93,35,18,3,1,4,189,86.596
12,0.976955,14,6.8861e-09,6.8861e-09,1,1,93,35,18,3,1,4,189,71.677
12,0.976955,15,6.8861e-09,6.8861e-09,1,1,93,35,18,3,1,4,189,89.508
12,0.976955,16,6.8861e-09,6.8861e-09,1,1,93,35,18,3,1,4,189,89.378
12,0.976955,17,6.8861e-09,6.8861e-09,1,1,93,35,18,3,1,4,189,92.942
12,0.976955,18,6.8861e-09,6.8861e-09,1,1,93,35,18,3,1,4,189,86.095
12,0.976955,19,6.8861e-09,6.8861e-09,1,1,93,35,18,3,1,4,189,89.818
12,0.976955,20,6.8861e-09,6.8861e-09,1,1,92,35,17,3,1,4,182,89.751
12,0.976955,21,6.8861e-09,6.8861e-09,1,1,92,35,17,3,1,4,182,86.767
12,0.976955,22,6.8861e-09,6.8861e-09,1,1,92,35,17,3,1,4,182,92.541
12,0.976955,23,6.8861e-09,6.8861e-09,1,1,92,35,17,3,1,4,182,89.579
12,0.976955,24,6.8861e-09,6.8861e-09,1,1,93,35,18,3,1,4,189,86.641
12,0.976955,25,6.8861e-09,6.8861e-09,1,1,93,35,18,3,1,4,189,89.228
12,0.976955,26,6.8861e-09,6.8861e-09,1,1,93,35,18,3,1,4,189,89.474
12,0.976955,27,6.8861e-09,6.8861e-09,1,1,93,35,18,3,1,4,189,88.732
12,0.976955,28,6.8861e-09,6.8861e-09,1,1,90,35,16,3,1,4,175,88.527
12,0.976955,29,6.8861e-09,6.8861e-09,1,1,92,35,17,3,1,4,182,89.075
12,0.976955,30,6.8861e-09,6.8861e-09,1,1,92,35,17,3,1,4,182,89.466
12,0.976955,31,6.8861e-09,6.8861e-09,1,1,90,35,16,3,1,4,175,89.017
12,0.976955,32,6.8861e-09,6.8861e-09,1,1,93,35,18,3,1,4,189,87.327
12,0.976955,33,6.8861e-09,6.8861e-09,1,1,93,35,18,3,1,4,189,89.516
12,0.976955,34,6.8861e-09,6.8861e-09,1,1,93,35,18,3,1,4,189,88.513
12,0.976955,35,6.8861e-09,6.8861e-09,1,1,93,35,18,3,1,4,189,90.227
12,1.08314,0,6.8861e-09,6.8861e-09,1,1,93,33,16,9,1,10,215,71.733
12,1.08314,1,6.8861e-09,6.8861e-09,1,1,93,33,16,9,1,10,215,72.743
12,1.08314,2,6.8861e-09,6.8861e-09,1,1,93,33,16,9,1,10,215,59.218
12,1.08314,3,6.8861e-09,6.8861e-09,1,1,93,33,16,9,1,10,215,67.296
12,1.08314,4,6.8861e-09,6.8861e-09,1,1,93,33,16,9,1,10,215,75.714
12,1.08314,5,6.8861e-09,6.8861e-09,1,1,93,33,16,9,1,10,215,76.814
12,1.08314,6,6.8861e-09,6.8861e-09,1,1,93,33,16,9,1,10,215,71.967
12,1.08314,7,6.8861e-09,6.8861e-09,1,1,93,33,16,9,1,10,215,72.157
12,1.08314,8,6.8861e-09,6.8861e-09,1,1,93,33,16,9,1,10,215,74.591
12,1.08314,9,6.8861e-09,6.8861e-09,1,1,93,33,16,9,1,10,215,73.919
12,1.08314,10,6.8861e-09,6.8861e-09,1,1,93,33,16,9,1,10,215,71.94
12,1.08314,11,6.8861e-09,6.8861e-09,1,1,93,33,16,9,1,10,215,70.297
12,1.08314,12,6.8861e-09,6.8861e-09,1,1,93,33,16,9,1,10,215,73.051
12,1.08314,13,6.8861e-09,6.8861e-09,1,1,93,33,16,9,1,10,215,73.743
12,1.08314,14,6.8861e-09,6.8861e-09,1,1,93,33,16,9,1,10,215,72.3
12,1.08314,15,6.8861e-09,6.8861e-09,1,1,93,33,16,9,1,10,215,71.006
12,1.08314,16,6.8861e-09,6.8861e-09,1,1,93,35,14,9,1,10,203,73.652
12,1.08314,17,6.8861e-09,6.8861e-09,1,1,93,35,14,9,1,10,203,60.611
12,1.08314,18,6.8861e-09,6.8861e-09,1,1,93,35,14,9,1,10,203,79.24
12,1.08314,19,6.8861e-09,6.8861e-09,1,1,93,35,14,9,1,10,203,76.081
12,1.08314,20,6.8861e-09,6.8861e-09,1,1,93,33,16,9,1,10,215,74.852
12,1.08314,21,6.8861e-09,6.8861e-09,1,1,93,33,16,9,1,10,215,74.193
12,1.08314,22,6.8861e-09,6.8861e-09,1,1,93,33,16,9,1,10,215,72.801
12,1.08314,23,6.8861e-09,6.8861e-09,1,1,93,33,16,9,1,10,215,71.121
12,1.08314,24,6.8861e-09,6.8861e-09,1,1,93,35,14,9,1,10,203,79.202
12,1.08314,25,6.8861e-09,6.8861e-09,1,1,93,35,14,9,1,10,203,77.659
12,1.08314,26,6.8861e-09,6.8861e-09,1,1,93,35,14,9,1,10,203,75.298
12,1.08314,27,6.8861e-09,6.8861e-09,1,1,93,35,14,9,1,10,203,73.594
12,1.08314,28,6.8861e-09,6.8861e-09,1,1,93,33,16,9,1,10,215,67.239
12,1.08314,29,6.8861e-09,6.8861e-09,1,1,93,33,16,9,1,10,215,77.489
12,1.08314,30,6.8861e-09,6.8861e-09,1,1,93,33,16,9,1,10,215,70.968
12,1.08314,31,6.8861e-09,6.8861e-09,1,1,93,33,16,9,1,10,215,72.762
12,1.08314,32,6.8861e-09,6.8861e-09,1,1,93,35,14,9,1,10,203,75.045
12,1.08314,33,6.8861e-09,6.8861e-09,1,1,93,35,14,9,1,10,203,74.515
12,1.08314,34,6.8861e-09,6.8861e-09,1,1,93,35,14,9,1,10,203,70.685
12,1.08314,35,6.8861e-09,6.8861e-09,1,1,93,35,14,9,1,10,203,62.263
12,1.19092,0,6.8861e-09,6.8861e-09,1,1,80,26,14,12,1,13,215,61.42
12,1.19092,1,6.8861e-09,6.8861e-09,1,1,80,26,14,12,1,13,215,63.292
12,1.19092,2,6.8861e-09,6.8861e-09,1,1,80,26,14,12,1,13,215,61.667
12,1.19092,3,6.8861e-09,6.8861e-09,1,1,80,26,14,12,1,13,215,63.489
12,1.19092,4,6.8861e-09,6.8861e-09,1,1,80,26,14,12,1,13,215,54.45
12,1.19092,5,6.8861e-09,6.8861e-09,1,1,80,26,14,12,1,13,215,52.961
12,1.19092,6,6.8861e-09,6.8861e-09,1,1,80,26,14,12,1,13,215,54.422
12,1.19092,7,6.8861e-09,6.8861e-09,1,1,80,26,14,12,1,13,215,60.468
12,1.19092,8,6.8861e-09,6.8861e-09,1,1,80,26,14,12,1,13,215,59.98
12,1.19092,9,6.8861e-09,6.8861e-09,1,1,80,26,14,12,1,13,215,55.122
12,1.19092,10,6.8861e-09,6.8861e-09,1,1,80,26,14,12,1,13,215,58.164
12,1.19092,11,6.8861e-09,6.8861e-09,1,1,80,26,14,12,1,13,215,55.502
12,1.19092,12,6.8861e-09,6.8861e-09,1,1,80,28,12,12,1,13,203,63.429
12,1.19092,13,6.8861e-09,6.8861e-09,1,1,80,28,12,12,1,13,203,57.575
12,1.19092,14,6.8861e-09,6.8861e-09,1,1,80,28,12,12,1,13,203,63.701
12,1.19092,15,6.8861e-09,6.8861e-09,1,1,80,28,12,12,1,13,203,60.406
12,1.19092,16,6.8861e-09,6.8861e-09,1,1,80,26,14,12,1,13,215,55.771
12,1.19092,17,6.8861e-09,6.8861e-09,1,1,80,26,14,12,1,13,215,54.939
12,1.19092,18,6.8861e-09,6.8861e-09,1,1,80,26,14,12,1,13,215,60.565
12,1.19092,19,6.8861e-09,6.8861e-09,1,1,80,26,14,12,1,13,215,57.842
12,1.19092,20,6.8861e-09,6.8861e-09,1,1,80,26,14,12,1,13,215,60.009
12,1.19092,21,6.8861e-09,6.8861e-09,1,1,80,26,14,12,1,13,215,57.958
12,1.19092,22,6.8861e-09,6.8861e-09,1,1,80,26,14,12,1,13,215,55.118
12,1.19092,23,6.8861e-09,6.8861e-09,1,1,80,26,14,12,1,13,215,58.264
12,1.19092,24,6.8861e-09,6.8861e-09,1,1,80,26,14,12,1,13,215,57.811
12,1.19092,25,6.8861e-09,6.8861e-09,1,1,80,26,14,12,1,13,215,56.02
12,1.19092,26,6.8861e-09,6.8861e-09,1,1,80,26,14,12,1,13,215,57.306
12,1.19092,27,6.8861e-09,6.8861e-09,1,1,80,26,14,12,1,13,215,48.372
12,1.19092,28,6.8861e-09,6.8861e-09,1,1,80,28,12,12,1,13,203,57.322
12,1.19092,29,6.8861e-09,6.8861e-09,1,1,80,28,12,12,1,13,203,60.491
12,1.19092,30,6.8861e-09,6.8861e-09,1,1,80,28,12,12,1,13,203,54.826
12,1.19092,31,6.8861e-09,6.8861e-09,1,1,80,28,12,12,1,13,203,57.428
12,1.19092,32,6.8861e-09,6.8861e-09,1,1,80,28,12,12,1,13,203,59.982
12,1.19092,33,6.8861e-09,6.8861e-09,1,1,80,28,12,12,1,13,203,58.164
12,1.19092,34,6.8861e-09,6.8861e-09,1,1,80,28,12,12,1,13,203,56.637
12,1.19092,35,6.8861e-09,6.8861e-09,1,1,80,28,12,12,1,13,203,58.426
12,1.30261,0,6.8861e-09,6.8861e-09,1,1,88,33,10,10,1,11,180,96.872
12,1.30261,1,6.8861e-09,6.8861e-09,1,1,86,33,10,9,0,9,166,95.052
12,1.30261,2,6.8861e-09,6.8861e-09,1,1,88,33,10,10,1,11,180,97.441
12,1.30261,3,6.8861e-09,6.8861e-09,1,1,86,33,10,9,0,9,166,97.769
12,1.30261,4,6.8861e-09,6.8861e-09,1,1,87,33,9,10,1,11,173,96.596
12,1.30261,5,6.8861e-09,6.8861e-09,1,1,85,33,9,9,0,9,159,96.832
12,1.30261,6,6.8861e-09,6.8861e-09,1,1,85,33,9,9,0,9,159,97.645
12,1.30261,7,6.8861e-09,6.8861e-09,1,1,87,33,9,10,1,11,173,97.732
12,1.30261,8,6.8861e-09,6.8861e-09,1,1,88,33,10,10,1,11,180,96.809
12,1.30261,9,6.8861e-09,6.8861e-09,1,1,86,33,10,9,0,9,166,96.928
12,1.30261,10,6.8861e-09,6.8861e-09,1,1,88,33,10,10,1,11,180,98.184
12,1.30261,11,6.8861e-09,6.8861e-09,1,1,86,33,10,9,0,9,166,97.737
12,1.30261,12,6.8861e-09,6.8861e-09,1,1,86,33,10,9,0,9,166,78.116
12,1.30261,13,6.8861e-09,6.8861e-09,1,1,88,33,10,10,1,11,180,96.6
12,1.30261,14,6.8861e-09,6.8861e-09,1,1,86,33,10,9,0,9,166,97.032
12,1.30261,15,6.8861e-09,6.8861e-09,1,1,88,33,10,10,1,11,180,97.555
12,1.30261,16,6.8861e-09,6.8861e-09,1,1,87,33,9,10,1,11,173,97.218
12,1.30261,17,6.8861e-09,6.8861e-09,1,1,85,33,9,9,0,9,159,96.566
12,1.30261,18,6.8861e-09,6.8861e-09,1,1,85,33,9,9,0,9,159,97.064
12,1.30261,19,6.8861e-09,6.8861e-09,1,1,87,33,9,10,1,11,173,96.899
12,1.30261,20,6.8861e-09,6.8861e-09,1,1,88,33,10,10,1,11,180,98.363
12,1.30261,21,6.8861e-09,6.8861e-09,1,1,86,33,10,9,0,9,166,97.539
12,1.30261,22,6.8861e-09,6.8861e-09,1,1,86,33,10,9,0,9,166,96.727
12,1.30261,23,6.8861e-09,6.8861e-09,1,1,88,33,10,10,1,11,180,96.7
12,1.30261,24,6.8861e-09,6.8861e-09,1,1,86,33,10,9,0,9,166,96.3
12,1.30261,25,6.8861e-09,6.8861e-09,1,1,88,33,10,10,1,11,180,97.717
12,1.30261,26,6.8861e-09,6.8861e-09,1,1,88,33,10,10,1,11,180,95.431
12,1.30261,27,6.8861e-09,6.8861e-09,1,1,86,33,10,9,0,9,166,96.636
12,1.30261,28,6.8861e-09,6.8861e-09,1,1,88,33,10,10,1,11,180,97.568
12,1.30261,29,6.8861e-09,6.8861e-09,1,1,86,33,10,9,0,9,166,97.676
12,1.30261,30,6.8861e-09,6.8861e-09,1,1,86,33,10,9,0,9,166,96.487
12,1.30261,31,6.8861e-09,6.8861e-09,1,1,88,33,10,10,1,11,180,96.903
12,1.30261,32,6.8861e-09,6.8861e-09,1,1,87,33,9,10,1,11,173,97.808
12,1.30261,33,6.8861e-09,6.8861e-09,1,1,85,33,9,9,0,9,159,97.603
12,1.30261,34,6.8861e-09,6.8861e-09,1,1,85,33,9,9,0,9,159,96.333
12,1.30261,35,6.8861e-09,6.8861e-09,1,1,87,33,9,10,1,11,173,96.769
12,1.4097,0,6.8861e-09,6.8861e-09,1,1,89,33,14,7,1,8,187,72.943
12,1.4097,1,6.8861e-09,6.8861e-09,1,1,87,33,14,6,0,6,173,90.637
12,1.4097,2,6.8861e-09,6.8861e-09,1,1,87,33,14,6,0,6,173,86.805
12,1.4097,3,6.8861e-09,6.8861e-09,1,1,89,33,14,7,1,8,187,86.778
12,1.4097,4,6.8861e-09,6.8861e-09,1,1,89,33,14,7,1,8,187,91.359
12,1.4097,5,6.8861e-09,6.8861e-09,1,1,87,33,14,6,0,6,173,91.191
12,1.4097,6,6.8861e-09,6.8861e-09,1,1,87,33,14,6,0,6,173,88.06
12,1.4097,7,6.8861e-09,6.8861e-09,1,1,89,33,14,7,1,8,187,87.995
12,1.4097,8,6.8861e-09,6.8861e-09,1,1,87,35,12,6,0,6,161,86.929
12,1.4097,9,6.8861e-09,6.8861e-09,1,1,89,35,12,7,1,8,175,86.766
12,1.4097,10,6.8861e-09,6.8861e-09,1,1,87,35,12,6,0,6,161,91.94
12,1.4097,11,6.8861e-09,6.8861e-09,1,1,89,35,12,7,1,8,175,92.242
12,1.4097,12,6.8861e-09,6.8861e-09,1,1,89,35,12,7,1,8,175,86.895
12,1.4097,13,6.8861e-09,6.8861e-09,1,1,87,35,12,6,0,6,161,86.736
12,1.4097,14,6.8861e-09,6.8861e-09,1,1,87,35,12,6,0,6,161,91.539
12,1.4097,15,6.8861e-09,6.8861e-09,1,1,89,35,12,7,1,8,175,91.245
12,1.4097,16,6.8861e-09,6.8861e-09,1,1,87,33,14,6,0,6,173,72.902
12,1.4097,17,6.8861e-09,6.8861e-09,1,1,89,33,14,7,1,8,187,90.793
12,1.4097,18,6.8861e-09,6.8861e-09,1,1,87,33,14,6,0,6,173,87.265
12,1.4097,19,6.8861e-09,6.8861e-09,1,1,89,33,14,7,1,8,187,86.701
12,1.4097,20,6.8861e-09,6.8861e-09,1,1,87,33,14,6,0,6,173,90.099
12,1.4097,21,6.8861e-09,6.8861e-09,1,1,89,33,14,7,1,8,187,90.562
12,1.4097,22,6.8861e-09,6.8861e-09,1,1,89,33,14,7,1,8,187,87.148
12,1.4097,23,6.8861e-09,6.8861e-09,1,1,87,33,14,6,0,6,173,86.845
12,1.4097,24,6.8861e-09,6.8861e-09,1,1,87,33,14,6,0,6,173,92.076
12,1.4097,25,6.8861e-09,6.8861e-09,1,1,89,33,14,7,1,8,187,92.077
12,1.4097,26,6.8861e-09,6.8861e-09,1,1,87,33,14,6,0,6,173,87.982
12,1.4097,27,6.8861e-09,6.8861e-09,1,1,89,33,14,7,1,8,187,88.054
12,1.4097,28,6.8861e-09,6.8861e-09,1,1,89,33,14,7,1,8,187,88.251
12,1.4097,29,6.8861e-09,6.8861e-09,1,1,87,33,14,6,0,6,173,87.86
12,1.4097,30,6.8861e-09,6.8861e-09,1,1,87,33,14,6,0,6,173,92.043
12,1.4097,31,6.8861e-09,6.8861e-09,1,1,89,33,14,7,1,8,187,91.937
12,1.4097,32,6.8861e-09,6.8861e-09,1,1,87,35,12,6,0,6,161,86.816
12,1.4097,33,6.8861e-09,6.8861e-09,1,1,89,35,12,7,1,8,175,86.988
12,1.4097,34,6.8861e-09,6.8861e-09,1,1,89,35,12,7,1,8,175,91.51
12,1.4097,35,6.8861e-09,6.8861e-09,1,1,87,35,12,6,0,6,161,92.014
12,1.51797,0,6.8861e-09,6.8861e-09,1,1,92,33,16,8,1,9,208,84.432
12,1.51797,1,6.8861e-09,6.8861e-09,1,1,90,33,16,7,0,7,194,84.517
12,1.51797,2,6.8861e-09,6.8861e-09,1,1,90,33,16,7,0,7,194,91.229
12,1.51797,3,6.8861e-09,6.8861e-09,1,1,92,33,16,8,1,9,208,91.64
12,1.51797,4,6.8861e-09,6.8861e-09,1,1,90,35,14,7,0,7,182,84.727
12,1.51797,5,6.8861e-09,6.8861e-09,1,1,92,35,14,8,1,9,196,84.141
12,1.51797,6,6.8861e-09,6.8861e-09,1,1,90,35,14,7,0,7,182,72.737
12,1.51797,7,6.8861e-09,6.8861e-09,1,1,92,35,14,8,1,9,196,90.222
12,1.51797,8,6.8861e-09,6.8861e-09,1,1,92,33,16,8,1,9,208,90.432
12,1.51797,9,6.8861e-09,6.8861e-09,1,1,90,33,16,7,0,7,194,89.989
12,1.51797,10,6.8861e-09,6.8861e-09,1,1,92,33,16,8,1,9,208,89.892
12,1.51797,11,6.8861e-09,6.8861e-09,1,1,90,33,16,7,0,7,194,88.807
12,1.51797,12,6.8861e-09,6.8861e-09,1,1,92,35,14,8,1,9,196,84.538
12,1.51797,13,6.8861e-09,6.8861e-09,1,1,90,35,14,7,0,7,182,84.453
12,1.51797,14,6.8861e-09,6.8861e-09,1,1,92,35,14,8,1,9,196,90.402
12,1.51797,15,6.8861e-09,6.8861e-09,1,1,90,35,14,7,0,7,182,90.232
12,1.51797,16,6.8861e-09,6.8861e-09,1,1,90,33,16,7,0,7,194,90.053
12,1.51797,17,6.8861e-09,6.8861e-09,1,1,92,33,16,8,1,9,208,90.235
12,1.51797,18,6.8861e-09,6.8861e-09,1,1,90,33,16,7,0,7,194,89.666
12,1.51797,19,6.8861e-09,6.8861e-09,1,1,92,33,16,8,1,9,208,89.858
12,1.51797,20,6.8861e-09,6.8861e-09,1,1,90,33,16,7,0,7,194,90.172
12,1.51797,21,6.8861e-09,6.8861e-09,1,1,92,33,16,8,1,9,208,89.716
12,1.51797,22,6.8861e-09,6.8861e-09,1,1,92,33,16,8,1,9,208,90.327
12,1.51797,23,6.8861e-09,6.8861e-09,1,1,90,33,16,7,0,7,194,90.002
12,1.51797,24,6.8861e-09,6.8861e-09,1,1,90,33,16,7,0,7,194,84.154
12,1.51797,25,6.8861e-09,6.8861e-09,1,1,92,33,16,8,1,9,208,85.034
12,1.51797,26,6.8861e-09,6.8861e-09,1,1,92,33,16,8,1,9,208,91.024
12,1.51797,27,6.8861e-09,6.8861e-09,1,1,90,33,16,7,0,7,194,91.585
12,1.51797,28,6.8861e-09,6.8861e-09,1,1,92,33,16,8,1,9,208,91.734
12,1.51797,29,6.8861e-09,6.8861e-09,1,1,90,33,16,7,0,7,194,91.532
12,1.51797,30,6.8861e-09,6.8861e-09,1,1,90,33,16,7,0,7,194,84.315
12,1.51797,31,6.8861e-09,6.8861e-09,1,1,92,33,16,8,1,9,208,68.095
12,1.51797,32,6.8861e-09,6.8861e-09,1,1,92,35,14,8,1,9,196,84.879
12,1.51797,33,6.8861e-09,6.8861e-09,1,1,90,35,14,7,0,7,182,83.774
12,1.51797,34,6.8861e-09,6.8861e-09,1,1,92,35,14,8,1,9,196,90.367
12,1.51797,35,6.8861e-09,6.8861e-09,1,1,90,35,14,7,0,7,182,90.031
12,1.62358,0,6.8861e-09,6.8861e-09,1,1,89,31,18,7,1,8,213,79.354
12,1.62358,1,6.8861e-09,6.8861e-09,1,1,87,31,18,6,0,6,199,79.628
12,1.62358,2,6.8861e-09,6.8861e-09,1,1,87,31,18,6,0,6,199,76.971
12,1.62358,3,6.8861e-09,6.8861e-09,1,1,89,31,18,7,1,8,213,76.589
12,1.62358,4,6.8861e-09,6.8861e-09,1,1,87,31,18,6,0,6,199,79.366
12,1.62358,5,6.8861e-09,6.8861e-09,1,1,89,31,18,7,1,8,213,78.398
12,1.62358,6,6.8861e-09,6.8861e-09,1,1,87,31,18,6,0,6,199,76.78
12,1.62358,7,6.8861e-09,6.8861e-09,1,1,89,31,18,7,1,8,213,76.883
12,1.62358,8,6.8861e-09,6.8861e-09,1,1,87,33,16,6,0,6,187,76.866
12,1.62358,9,6.8861e-09,6.8861e-09,1,1,89,33,16,7,1,8,201,77.006
12,1.62358,10,6.8861e-09,6.8861e-09,1,1,87,33,16,6,0,6,187,64.272
12,1.62358,11,6.8861e-09,6.8861e-09,1,1,89,33,16,7,1,8,201,79.739
12,1.62358,12,6.8861e-09,6.8861e-09,1,1,89,31,18,7,1,8,213,76.566
12,1.62358,13,6.8861e-09,6.8861e-09,1,1,87,31,18,6,0,6,199,76.825
12,1.62358,14,6.8861e-09,6.8861e-09,1,1,87,31,18,6,0,6,199,79.311
12,1.62358,15,6.8861e-09,6.8861e-09,1,1,89,31,18,7,1,8,213,79.484
12,1.62358,16,6.8861e-09,6.8861e-09,1,1,89,31,18,7,1,8,213,79.217
12,1.62358,17,6.8861e-09,6.8861e-09,1,1,87,31,18,6,0,6,199,79.656
12,1.62358,18,6.8861e-09,6.8861e-09,1,1,89,31,18,7,1,8,213,76.668
12,1.62358,19,6.8861e-09,6.8861e-09,1,1,87,31,18,6,0,6,199,76.867
12,1.62358,20,6.8861e-09,6.8861e-09,1,1,89,31,18,7,1,8,213,76.57
12,1.62358,21,6.8861e-09,6.8861e-09,1,1,87,31,18,6,0,6,199,76.801
12,1.62358,22,6.8861e-09,6.8861e-09,1,1,87,31,18,6,0,6,199,79.412
12,1.62358,23,6.8861e-09,6.8861e-09,1,1,89,31,18,7,1,8,213,79.739
12,1.62358,24,6.8861e-09,6.8861e-09,1,1,89,33,16,7,1,8,201,76.741
12,1.62358,25,6.8861e-09,6.8861e-09,1,1,87,33,16,6,0,6,187,76.643
12,1.62358,26,6.8861e-09,6.8861e-09,1,1,87,33,16,6,0,6,187,79.709
12,1.62358,27,6.8861e-09,6.8861e-09,1,1,89,33,16,7,1,8,201,79.584
12,1.62358,28,6.8861e-09,6.8861e-09,1,1,89,33,16,7,1,8,201,79.355
12,1.62358,29,6.8861e-09,6.8861e-09,1,1,87,33,16,6,0,6,187,79.294
12,1.62358,30,6.8861e-09,6.8861e-09,1,1,89,33,16,7,1,8,201,61.878
12,1.62358,31,6.8861e-09,6.8861e-09,1,1,87,33,16,6,0,6,187,76.055
12,1.62358,32,6.8861e-09,6.8861e-09,1,1,87,31,18,6,0,6,199,79.309
12,1.62358,33,6.8861e-09,6.8861e-09,1,1,89,31,18,7,1,8,213,79.481
12,1.62358,34,6.8861e-09,6.8861e-09,1,1,89,31,18,7,1,8,213,76.837
12,1.62358,35,6.8861e-09,6.8861e-09,1,1,87,31,18,6,0,6,199,76.871
12,1.73265,0,6.8861e-09,6.8861e-09,1,1,90,35,12,8,0,8,175,80.603
12,1.73265,1,6.8861e-09,6.8861e-09,1,1,92,35,12,9,1,10,189,79.678
12,1.73265,2,6.8861e-09,6.8861e-09,1,1,94,35,13,9,1,10,196,81.616
12,1.73265,3,6.8861e-09,6.8861e-09,1,1,92,35,13,8,0,8,182,81.64
12,1.73265,4,6.8861e-09,6.8861e-09,1,1,95,35,14,9,1,10,203,81.846
12,1.73265,5,6.8861e-09,6.8861e-09,1,1,93,35,14,8,0,8,189,81.48
12,1.73265,6,6.8861e-09,6.8861e-09,1,1,95,35,14,9,1,10,203,78.272
12,1.73265,7,6.8861e-09,6.8861e-09,1,1,93,35,14,8,0,8,189,78.098
12,1.73265,8,6.8861e-09,6.8861e-09,1,1,93,35,14,8,0,8,189,81.275
12,1.73265,9,6.8861e-09,6.8861e-09,1,1,95,35,14,9,1,10,203,81.334
12,1.73265,10,6.8861e-09,6.8861e-09,1,1,93,35,14,8,0,8,189,81.351
12,1.73265,11,6.8861e-09,6.8861e-09,1,1,95,35,14,9,1,10,203,81.513
12,1.73265,12,6.8861e-09,6.8861e-09,1,1,92,35,13,8,0,8,182,81.546
12,1.73265,13,6.8861e-09,6.8861e-09,1,1,94,35,13,9,1,10,196,65.684
12,1.73265,14,6.8861e-09,6.8861e-09,1,1,92,35,12,9,1,10,189,78.128
12,1.73265,15,6.8861e-09,6.8861e-09,1,1,90,35,12,8,0,8,175,78.273
12,1.73265,16,6.8861e-09,6.8861e-09,1,1,93,35,14,8,0,8,189,80.567
12,1.73265,17,6.8861e-09,6.8861e-09,1,1,95,35,14,9,1,10,203,80.734
12,1.73265,18,6.8861e-09,6.8861e-09,1,1,93,35,14,8,0,8,189,80.433
12,1.73265,19,6.8861e-09,6.8861e-09,1,1,95,35,14,9,1,10,203,80.824
12,1.73265,20,6.8861e-09,6.8861e-09,1,1,95,35,14,9,1,10,203,78.287
12,1.73265,21,6.8861e-09,6.8861e-09,1,1,93,35,14,8,0,8,189,77.923
12,1.73265,22,6.8861e-09,6.8861e-09,1,1,95,35,14,9,1,10,203,81.597
12,1.73265,23,6.8861e-09,6.8861e-09,1,1,93,35,14,8,0,8,189,81.494
12,1.73265,24,6.8861e-09,6.8861e-09,1,1,95,35,14,9,1,10,203,78.304
12,1.73265,25,6.8861e-09,6.8861e-09,1,1,93,35,14,8,0,8,189,78.15
12,1.73265,26,6.8861e-09,6.8861e-09,1,1,93,35,14,8,0,8,189,81.421
12,1.73265,27,6.8861e-09,6.8861e-09,1,1,95,35,14,9,1,10,203,80.668
12,1.73265,28,6.8861e-09,6.8861e-09,1,1,92,35,12,9,1,10,189,78.312
12,1.73265,29,6.8861e-09,6.8861e-09,1,1,90,35,12,8,0,8,175,77.309
12,1.73265,30,6.8861e-09,6.8861e-09,1,1,92,35,13,8,0,8,182,81.073
12,1.73265,31,6.8861e-09,6.8861e-09,1,1,94,35,13,9,1,10,196,81.508
12,1.73265,32,6.8861e-09,6.8861e-09,1,1,95,35,14,9,1,10,203,78.128
12,1.73265,33,6.8861e-09,6.8861e-09,1,1,93,35,14,8,0,8,189,78.366
12,1.73265,34,6.8861e-09,6.8861e-09,1,1,95,35,14,9,1,10,203,81.957
12,1.73265,35,6.8861e-09,6.8861e-09,1,1,93,35,14,8,0,8,189,82.099
12,1.84299,0,6.8861e-09,6.8861e-09,1,1,91,35,14,7,1,8,189,84.364
12,1.84299,1,6.8861e-09,6.8861e-09,1,1,89,35,14,6,0,6,175,83.578
12,1.84299,2,6.8861e-09,6.8861e-09,1,1,89,35,14,6,0,6,175,81.007
12,1.84299,3,6.8861e-09,6.8861e-09,1,1,91,35,14,7,1,8,189,65.492
12,1.84299,4,6.8861e-09,6.8861e-09,1,1,89,33,16,6,0,6,187,80.738
12,1.84299,5,6.8861e-09,6.8861e-09,1,1,91,33,16,7,1,8,201,80.982
12,1.84299,6,6.8861e-09,6.8861e-09,1,1,91,33,16,7,1,8,201,81.131
12,1.84299,7,6.8861e-09,6.8861e-09,1,1,89,33,16,6,0,6,187,80.964
12,1.84299,8,6.8861e-09,6.8861e-09,1,1,91,33,16,7,1,8,201,83.074
12,1.84299,9,6.8861e-09,6.8861e-09,1,1,89,33,16,6,0,6,187,83.802
12,1.84299,10,6.8861e-09,6.8861e-09,1,1,91,33,16,7,1,8,201,84.832
12,1.84299,11,6.8861e-09,6.8861e-09,1,1,89,33,16,6,0,6,187,84.829
12,1.84299,12,6.8861e-09,6.8861e-09,1,1,91,33,16,7,1,8,201,81.17
12,1.84299,13,6.8861e-09,6.8861e-09,1,1,89,33,16,6,0,6,187,80.893
12,1.84299,14,6.8861e-09,6.8861e-09,1,1,89,33,16,6,0,6,187,80.853
12,1.84299,15,6.8861e-09,6.8861e-09,1,1,91,33,16,7,1,8,201,81.155
12,1.84299,16,6.8861e-09,6.8861e-09,1,1,91,35,14,7,1,8,189,84.225
12,1.84299,17,6.8861e-09,6.8861e-09,1,1,89,35,14,6,0,6,175,84.367
12,1.84299,18,6.8861e-09,6.8861e-09,1,1,91,35,14,7,1,8,189,80.168
12,1.84299,19,6.8861e-09,6.8861e-09,1,1,89,35,14,6,0,6,175,80.791
12,1.84299,20,6.8861e-09,6.8861e-09,1,1,91,33,16,7,1,8,201,85.147
12,1.84299,21,6.8861e-09,6.8861e-09,1,1,89,33,16,6,0,6,187,84.354
12,1.84299,22,6.8861e-09,6.8861e-09,1,1,89,33,16,6,0,6,187,83.75
12,1.84299,23,6.8861e-09,6.8861e-09,1,1,91,33,16,7,1,8,201,84.474
12,1.84299,24,6.8861e-09,6.8861e-09,1,1,89,33,16,6,0,6,187,85.242
12,1.84299,25,6.8861e-09,6.8861e-09,1,1,91,33,16,7,1,8,201,85.307
12,1.84299,26,6.8861e-09,6.8861e-09,1,1,89,33,16,6,0,6,187,67.792
12,1.84299,27,6.8861e-09,6.8861e-09,1,1,91,33,16,7,1,8,201,84.264
12,1.84299,28,6.8861e-09,6.8861e-09,1,1,89,33,16,6,0,6,187,79.881
12,1.84299,29,6.8861e-09,6.8861e-09,1,1,91,33,16,7,1,8,201,81.034
12,1.84299,30,6.8861e-09,6.8861e-09,1,1,89,33,16,6,0,6,187,80.691
12,1.84299,31,6.8861e-09,6.8861e-09,1,1,91,33,16,7,1,8,201,81.002
12,1.84299,32,6.8861e-09,6.8861e-09,1,1,91,35,14,7,1,8,189,81.053
12,1.84299,33,6.8861e-09,6.8861e-09,1,1,89,35,14,6,0,6,175,80.952
12,1.84299,34,6.8861e-09,6.8861e-09,1,1,89,35,14,6,0,6,175,83.115
12,1.84299,35,6.8861e-09,6.8861e-09,1,1,91,35,14,7,1,8,189,84.345
12,1.94627,0,6.8861e-09,6.8861e-09,1,1,94,35,15,7,1,8,196,84.816
12,1.94627,1,6.8861e-09,6.8861e-09,1,1,92,35,15,6,0,6,182,84.629
12,1.94627,2,6.8861e-09,6.8861e-09,1,1,92,35,15,6,0,6,182,83.324
12,1.94627,3,6.8861e-09,6.8861e-09,1,1,94,35,15,7,1,8,196,82.168
12,1.94627,4,6.8861e-09,6.8861e-09,1,1,94,35,15,7,1,8,196,83.06
12,1.94627,5,6.8861e-09,6.8861e-09,1,1,92,35,15,6,0,6,182,83.476
12,1.94627,6,6.8861e-09,6.8861e-09,1,1,92,35,15,6,0,6,182,84.46
12,1.94627,7,6.8861e-09,6.8861e-09,1,1,94,35,15,7,1,8,196,83.603
12,1.94627,8,6.8861e-09,6.8861e-09,1,1,93,35,16,6,0,6,189,82.846
12,1.94627,9,6.8861e-09,6.8861e-09,1,1,95,35,16,7,1,8,203,67.02
12,1.94627,10,6.8861e-09,6.8861e-09,1,1,95,35,16,7,1,8,203,84.688
12,1.94627,11,6.8861e-09,6.8861e-09,1,1,93,35,16,6,0,6,189,84.376
12,1.94627,12,6.8861e-09,6.8861e-09,1,1,94,35,15,7,1,8,196,84.743
12,1.94627,13,6.8861e-09,6.8861e-09,1,1,92,35,15,6,0,6,182,84.117
12,1.94627,14,6.8861e-09,6.8861e-09,1,1,94,35,15,7,1,8,196,82.188
12,1.94627,15,6.8861e-09,6.8861e-09,1,1,92,35,15,6,0,6,182,83.325
12,1.94627,16,6.8861e-09,6.8861e-09,1,1,95,35,16,7,1,8,203,82.3
12,1.94627,17,6.8861e-09,6.8861e-09,1,1,93,35,16,6,0,6,189,83.587
12,1.94627,18,6.8861e-09,6.8861e-09,1,1,93,35,16,6,0,6,189,84.579
12,1.94627,19,6.8861e-09,6.8861e-09,1,1,95,35,16,7,1,8,203,85.029
12,1.94627,20,6.8861e-09,6.8861e-09,1,1,95,35,16,7,1,8,203,84.811
12,1.94627,21,6.8861e-09,6.8861e-09,1,1,93,35,16,6,0,6,189,85.033
12,1.94627,22,6.8861e-09,6.8861e-09,1,1,95,35,16,7,1,8,203,83.158
12,1.94627,23,6.8861e-09,6.8861e-09,1,1,93,35,16,6,0,6,189,83.102
12,1.94627,24,6.8861e-09,6.8861e-09,1,1,93,35,16,6,0,6,189,82.066
12,1.94627,25,6.8861e-09,6.8861e-09,1,1,95,35,16,7,1,8,203,82.929
12,1.94627,26,6.8861e-09,6.8861e-09,1,1,93,35,16,6,0,6,189,84.373
12,1.94627,27,6.8861e-09,6.8861e-09,1,1,95,35,16,7,1,8,203,84.95
12,1.94627,28,6.8861e-09,6.8861e-09,1,1,95,35,16,7,1,8,203,83.308
12,1.94627,29,6.8861e-09,6.8861e-09,1,1,93,35,16,6,0,6,189,83.612
12,1.94627,30,6.8861e-09,6.8861e-09,1,1,93,35,16,6,0,6,189,84.619
12,1.94627,31,6.8861e-09,6.8861e-09,1,1,95,35,16,7,1,8,203,84.967
12,1.94627,32,6.8861e-09,6.8861e-09,1,1,95,35,16,7,1,8,203,68.476
12,1.94627,33,6.8861e-09,6.8861e-09,1,1,93,35,16,6,0,6,189,84.17
12,1.94627,34,6.8861e-09,6.8861e-09,1,1,95,35,16,7,1,8,203,82.062
12,1.94627,35,6.8861e-09,6.8861e-09,1,1,93,35,16,6,0,6,189,83.096
12,2.05713,0,6.8861e-09,6.8861e-09,1,1,89,31,18,7,1,8,213,99.107
12,2.05713,1,6.8861e-09,6.8861e-09,1,1,87,31,18,6,0,6,199,97.362
12,2.05713,2,6.8861e-09,6.8861e-09,1,1,89,31,18,7,1,8,213,98.872
12,2.05713,3,6.8861e-09,6.8861e-09,1,1,87,31,18,6,0,6,199,98.541
12,2.05713,4,6.8861e-09,6.8861e-09,1,1,88,31,17,7,1,8,206,98.928
12,2.05713,5,6.8861e-09,6.8861e-09,1,1,86,31,17,6,0,6,192,97.69
12,2.05713,6,6.8861e-09,6.8861e-09,1,1,86,31,17,6,0,6,192,98.42
12,2.05713,7,6.8861e-09,6.8861e-09,1,1,88,31,17,7,1,8,206,99.218
12,2.05713,8,6.8861e-09,6.8861e-09,1,1,86,31,17,6,0,6,192,98.499
12,2.05713,9,6.8861e-09,6.8861e-09,1,1,88,31,17,7,1,8,206,98.814
12,2.05713,10,6.8861e-09,6.8861e-09,1,1,88,31,17,7,1,8,206,98.153
12,2.05713,11,6.8861e-09,6.8861e-09,1,1,86,31,17,6,0,6,192,98.829
12,2.05713,12,6.8861e-09,6.8861e-09,1,1,89,31,18,7,1,8,213,98.535
12,2.05713,13,6.8861e-09,6.8861e-09,1,1,87,31,18,6,0,6,199,98.655
12,2.05713,14,6.8861e-09,6.8861e-09,1,1,89,31,18,7,1,8,213,79.526
12,2.05713,15,6.8861e-09,6.8861e-09,1,1,87,31,18,6,0,6,199,98.676
12,2.05713,16,6.8861e-09,6.8861e-09,1,1,87,31,18,6,0,6,199,97.578
12,2.05713,17,6.8861e-09,6.8861e-09,1,1,89,31,18,7,1,8,213,98.868
12,2.05713,18,6.8861e-09,6.8861e-09,1,1,87,31,18,6,0,6,199,98.941
12,2.05713,19,6.8861e-09,6.8861e-09,1,1,89,31,18,7,1,8,213,98.363
12,2.05713,20,6.8861e-09,6.8861e-09,1,1,87,31,18,6,0,6,199,98.968
12,2.05713,21,6.8861e-09,6.8861e-09,1,1,89,31,18,7,1,8,213,99.004
12,2.05713,22,6.8861e-09,6.8861e-09,1,1,87,31,18,6,0,6,199,99.346
12,2.05713,23,6.8861e-09,6.8861e-09,1,1,89,31,18,7,1,8,213,99.119
12,2.05713,24,6.8861e-09,6.8861e-09,1,1,89,31,18,7,1,8,213,97.516
12,2.05713,25,6.8861e-09,6.8861e-09,1,1,87,31,18,6,0,6,199,99.152
12,2.05713,26,6.8861e-09,6.8861e-09,1,1,87,31,18,6,0,6,199,98.919
12,2.05713,27,6.8861e-09,6.8861e-09,1,1,89,31,18,7,1,8,213,98.984
12,2.05713,28,6.8861e-09,6.8861e-09,1,1,88,31,17,7,1,8,206,99.226
12,2.05713,29,6.8861e-09,6.8861e-09,1,1,86,31,17,6,0,6,192,98.544
12,2.05713,30,6.8861e-09,6.8861e-09,1,1,86,31,17,6,0,6,192,98.87
12,2.05713,31,6.8861e-09,6.8861e-09,1,1,88,31,17,7,1,8,206,97.359
12,2.05713,32,6.8861e-09,6.8861e-09,1,1,87,31,18,6,0,6,199,99.219
12,2.05713,33,6.8861e-09,6.8861e-09,1,1,89,31,18,7,1,8,213,99.097
12,2.05713,34,6.8861e-09,6.8861e-09,1,1,87,31,18,6,0,6,199,98.882
12,2.05713,35,6.8861e-09,6.8861e-09,1,1,89,31,18,7,1,8,213,98.833
12,2.16671,0,6.8861e-09,6.8861e-09,1,1,93,35,14,8,0,8,189,52.266
12,2.16671,1,6.8861e-09,6.8861e-09,1,1,95,35,14,9,1,10,203,64.802
12,2.16671,2,6.8861e-09,6.8861e-09,1,1,93,35,14,8,0,8,189,65.047
12,2.16671,3,6.8861e-09,6.8861e-09,1,1,95,35,14,9,1,10,203,64.816
12,2.16671,4,6.8861e-09,6.8861e-09,1,1,93,37,12,8,0,8,177,64.99
12,2.16671,5,6.8861e-09,6.8861e-09,1,1,95,37,12,9,1,10,191,65.208
12,2.16671,6,6.8861e-09,6.8861e-09,1,1,95,37,12,9,1,10,191,67.845
12,2.16671,7,6.8861e-09,6.8861e-09,1,1,93,37,12,8,0,8,177,66.696
12,2.16671,8,6.8861e-09,6.8861e-09,1,1,93,37,12,8,0,8,177,66.876
12,2.16671,9,6.8861e-09,6.8861e-09,1,1,95,37,12,9,1,10,191,67.613
12,2.16671,10,6.8861e-09,6.8861e-09,1,1,95,37,12,9,1,10,191,65.137
12,2.16671,11,6.8861e-09,6.8861e-09,1,1,93,37,12,8,0,8,177,64.973
12,2.16671,12,6.8861e-09,6.8861e-09,1,1,93,35,14,8,0,8,189,67.63
12,2.16671,13,6.8861e-09,6.8861e-09,1,1,95,35,14,9,1,10,203,67.005
12,2.16671,14,6.8861e-09,6.8861e-09,1,1,95,35,14,9,1,10,203,65.154
12,2.16671,15,6.8861e-09,6.8861e-09,1,1,93,35,14,8,0,8,189,64.644
12,2.16671,16,6.8861e-09,6.8861e-09,1,1,93,35,14,8,0,8,189,52.427
12,2.16671,17,6.8861e-09,6.8861e-09,1,1,95,35,14,9,1,10,203,65.188
12,2.16671,18,6.8861e-09,6.8861e-09,1,1,95,35,14,9,1,10,203,67.319
12,2.16671,19,6.8861e-09,6.8861e-09,1,1,93,35,14,8,0,8,189,66.947
12,2.16671,20,6.8861e-09,6.8861e-09,1,1,95,35,14,9,1,10,203,64.8
12,2.16671,21,6.8861e-09,6.8861e-09,1,1,93,35,14,8,0,8,189,65.104
12,2.16671,22,6.8861e-09,6.8861e-09,1,1,93,35,14,8,0,8,189,65.049
12,2.16671,23,6.8861e-09,6.8861e-09,1,1,95,35,14,9,1,10,203,64.21
12,2.16671,24,6.8861e-09,6.8861e-09,1,1,95,35,14,9,1,10,203,65.324
12,2.16671,25,6.8861e-09,6.8861e-09,1,1,93,35,14,8,0,8,189,65.138
12,2.16671,26,6.8861e-09,6.8861e-09,1,1,95,35,14,9,1,10,203,64.72
12,2.16671,27,6.8861e-09,6.8861e-09,1,1,93,35,14,8,0,8,189,64.872
12,2.16671,28,6.8861e-09,6.8861e-09,1,1,95,35,14,9,1,10,203,67.817
12,2.16671,29,6.8861e-09,6.8861e-09,1,1,93,35,14,8,0,8,189,66.799
12,2.16671,30,6.8861e-09,6.8861e-09,1,1,93,35,14,8,0,8,189,64.754
12,2.16671,31,6.8861e-09,6.8861e-09,1,1,95,35,14,9,1,10,203,64.885
12,2.16671,32,6.8861e-09,6.8861e-09,1,1,95,37,12,9,1,10,191,67.946
12,2.16671,33,6.8861e-09,6.8861e-09,1,1,93,37,12,8,0,8,177,67.844
12,2.16671,34,6.8861e-09,6.8861e-09,1,1,95,37,12,9,1,10,191,64.898
12,2.16671,35,6.8861e-09,6.8861e-09,1,1,93,37,12,8,0,8,177,64.704
12,2.27875,0,6.8861e-09,6.8861e-09,1,1,99,39,14,5,1,6,179,79.194
12,2.27875,1,6.8861e-09,6.8861e-09,1,1,99,39,14,5,1,6,179,76.981
12,2.27875,2,6.8861e-09,6.8861e-09,1,1,99,39,14,5,1,6,179,79.948
12,2.27875,3,6.8861e-09,6.8861e-09,1,1,99,39,14,5,1,6,179,65.053
12,2.27875,4,6.8861e-09,6.8861e-09,1,1,99,39,14,5,1,6,179,80.78
12,2.27875,5,6.8861e-09,6.8861e-09,1,1,99,39,14,5,1,6,179,78.523
12,2.27875,6,6.8861e-09,6.8861e-09,1,1,99,39,14,5,1,6,179,78.124
12,2.27875,7,6.8861e-09,6.8861e-09,1,1,99,39,14,5,1,6,179,79.884
12,2.27875,8,6.8861e-09,6.8861e-09,1,1,98,39,13,5,1,6,172,75.616
12,2.27875,9,6.8861e-09,6.8861e-09,1,1,96,39,12,5,1,6,165,77.316
12,2.27875,10,6.8861e-09,6.8861e-09,1,1,98,39,13,5,1,6,172,79.021
12,2.27875,11,6.8861e-09,6.8861e-09,1,1,98,39,13,5,1,6,172,78.085
12,2.27875,12,6.8861e-09,6.8861e-09,1,1,99,39,14,5,1,6,179,77.04
12,2.27875,13,6.8861e-09,6.8861e-09,1,1,99,39,14,5,1,6,179,78.112
12,2.27875,14,6.8861e-09,6.8861e-09,1,1,99,39,14,5,1,6,179,81.285
12,2.27875,15,6.8861e-09,6.8861e-09,1,1,99,39,14,5,1,6,179,79.775
12,2.27875,16,6.8861e-09,6.8861e-09,1,1,96,39,12,5,1,6,165,78.516
12,2.27875,17,6.8861e-09,6.8861e-09,1,1,96,39,12,5,1,6,165,78.793
12,2.27875,18,6.8861e-09,6.8861e-09,1,1,98,39,13,5,1,6,172,76.078
12,2.27875,19,6.8861e-09,6.8861e-09,1,1,98,39,13,5,1,6,172,77.195
12,2.27875,20,6.8861e-09,6.8861e-09,1,1,99,39,14,5,1,6,179,82.172
12,2.27875,21,6.8861e-09,6.8861e-09,1,1,99,39,14,5,1,6,179,80.915
12,2.27875,22,6.8861e-09,6.8861e-09,1,1,99,39,14,5,1,6,179,78.751
12,2.27875,23,6.8861e-09,6.8861e-09,1,1,99,39,14,5,1,6,179,78.002
12,2.27875,24,6.8861e-09,6.8861e-09,1,1,99,39,14,5,1,6,179,79.886
12,2.27875,25,6.8861e-09,6.8861e-09,1,1,99,39,14,5,1,6,179,79.97
12,2.27875,26,6.8861e-09,6.8861e-09,1,1,99,39,14,5,1,6,179,64.492
12,2.27875,27,6.8861e-09,6.8861e-09,1,1,99,39,14,5,1,6,179,78.812
12,2.27875,28,6.8861e-09,6.8861e-09,1,1,99,39,14,5,1,6,179,82.165
12,2.27875,29,6.8861e-09,6.8861e-09,1,1,99,39,14,5,1,6,179,81.519
12,2.27875,30,6.8861e-09,6.8861e-09,1,1,99,39,14,5,1,6,179,78.197
12,2.27875,31,6.8861e-09,6.8861e-09,1,1,99,39,14,5,1,6,179,78.004
12,2.27875,32,6.8861e-09,6.8861e-09,1,1,96,39,12,5,1,6,165,80.987
12,2.27875,33,6.8861e-09,6.8861e-09,1,1,98,39,13,5,1,6,172,79.747
12,2.27875,34,6.8861e-09,6.8861e-09,1,1,96,39,12,5,1,6,165,77.786
12,2.27875,35,6.8861e-09,6.8861e-09,1,1,96,39,12,5,1,6,165,77.756
12,2.38101,0,6.8861e-09,6.8861e-09,1,1,101,41,10,8,0,8,167,70.222
12,2.38101,1,6.8861e-09,6.8861e-09,1,1,103,41,10,9,1,10,181,70.789
12,2.38101,2,6.8861e-09,6.8861e-09,1,1,103,41,10,9,1,10,181,72.302
12,2.38101,3,6.8861e-09,6.8861e-09,1,1,101,41,10,8,0,8,167,71.944
12,2.38101,4,6.8861e-09,6.8861e-09,1,1,102,41,9,9,1,10,174,72.22
12,2.38101,5,6.8861e-09,6.8861e-09,1,1,100,41,9,8,0,8,160,71.543
12,2.38101,6,6.8861e-09,6.8861e-09,1,1,100,41,9,8,0,8,160,71.158
12,2.38101,7,6.8861e-09,6.8861e-09,1,1,102,41,9,9,1,10,174,71.154
12,2.38101,8,6.8861e-09,6.8861e-09,1,1,101,41,10,8,0,8,167,71.399
12,2.38101,9,6.8861e-09,6.8861e-09,1,1,103,41,10,9,1,10,181,71.048
12,2.38101,10,6.8861e-09,6.8861e-09,1,1,103,41,10,9,1,10,181,71.421
12,2.38101,11,6.8861e-09,6.8861e-09,1,1,101,41,10,8,0,8,167,72.261
12,2.38101,12,6.8861e-09,6.8861e-09,1,1,102,41,9,9,1,10,174,57.059
12,2.38101,13,6.8861e-09,6.8861e-09,1,1,100,41,9,8,0,8,160,70.876
12,2.38101,14,6.8861e-09,6.8861e-09,1,1,100,41,9,8,0,8,160,72.054
12,2.38101,15,6.8861e-09,6.8861e-09,1,1,102,41,9,9,1,10,174,72.193
12,2.38101,16,6.8861e-09,6.8861e-09,1,1,101,41,10,8,0,8,167,72.172
12,2.38101,17,6.8861e-09,6.8861e-09,1,1,103,41,10,9,1,10,181,72.068
12,2.38101,18,6.8861e-09,6.8861e-09,1,1,103,41,10,9,1,10,181,70.638
12,2.38101,19,6.8861e-09,6.8861e-09,1,1,101,41,10,8,0,8,167,70.767
12,2.38101,20,6.8861e-09,6.8861e-09,1,1,101,41,10,8,0,8,167,71.317
12,2.38101,21,6.8861e-09,6.8861e-09,1,1,103,41,10,9,1,10,181,72.403
12,2.38101,22,6.8861e-09,6.8861e-09,1,1,101,41,10,8,0,8,167,70.933
12,2.38101,23,6.8861e-09,6.8861e-09,1,1,103,41,10,9,1,10,181,69.984
12,2.38101,24,6.8861e-09,6.8861e-09,1,1,103,41,10,9,1,10,181,72.511
12,2.38101,25,6.8861e-09,6.8861e-09,1,1,101,41,10,8,0,8,167,57.939
12,2.38101,26,6.8861e-09,6.8861e-09,1,1,103,41,10,9,1,10,181,70.874
12,2.38101,27,6.8861e-09,6.8861e-09,1,1,101,41,10,8,0,8,167,71.104
12,2.38101,28,6.8861e-09,6.8861e-09,1,1,103,41,10,9,1,10,181,71.058
12,2.38101,29,6.8861e-09,6.8861e-09,1,1,101,41,10,8,0,8,167,70.083
12,2.38101,30,6.8861e-09,6.8861e-09,1,1,101,41,10,8,0,8,167,72.015
12,2.38101,31,6.8861e-09,6.8861e-09,1,1,103,41,10,9,1,10,181,72.651
12,2.38101,32,6.8861e-09,6.8861e-09,1,1,100,41,9,8,0,8,160,71.358
12,2.38101,33,6.8861e-09,6.8861e-09,1,1,102,41,9,9,1,10,174,70.859
12,2.38101,34,6.8861e-09,6.8861e-09,1,1,100,41,9,8,0,8,160,72.483
12,2.38101,35,6.8861e-09,6.8861e-09,1,1,102,41,9,9,1,10,174,72.372
12,2.4921,0,6.8861e-09,6.8861e-09,1,1,99,39,12,7,1,8,179,58.022
12,2.4921,1,6.8861e-09,6.8861e-09,1,1,99,39,12,7,1,8,179,57.015
12,2.4921,2,6.8861e-09,6.8861e-09,1,1,99,39,12,7,1,8,179,57.011
12,2.4921,3,6.8861e-09,6.8861e-09,1,1,99,39,12,7,1,8,179,58.19
12,2.4921,4,6.8861e-09,6.8861e-09,1,1,99,41,10,7,1,8,167,59.526
12,2.4921,5,6.8861e-09,6.8861e-09,1,1,99,41,10,7,1,8,167,61.67
12,2.4921,6,6.8861e-09,6.8861e-09,1,1,99,41,10,7,1,8,167,60.479
12,2.4921,7,6.8861e-09,6.8861e-09,1,1,99,41,10,7,1,8,167,64.856
12,2.4921,8,6.8861e-09,6.8861e-09,1,1,99,41,10,7,1,8,167,60.753
12,2.4921,9,6.8861e-09,6.8861e-09,1,1,99,41,10,7,1,8,167,61.378
12,2.4921,10,6.8861e-09,6.8861e-09,1,1,99,41,10,7,1,8,167,61.952
12,2.4921,11,6.8861e-09,6.8861e-09,1,1,99,41,10,7,1,8,167,60.543
12,2.4921,12,6.8861e-09,6.8861e-09,1,1,99,39,12,7,1,8,179,59.341
12,2.4921,13,6.8861e-09,6.8861e-09,1,1,99,39,12,7,1,8,179,46.929
12,2.4921,14,6.8861e-09,6.8861e-09,1,1,99,39,12,7,1,8,179,61.352
12,2.4921,15,6.8861e-09,6.8861e-09,1,1,99,39,12,7,1,8,179,60.592
12,2.4921,16,6.8861e-09,6.8861e-09,1,1,99,39,12,7,1,8,179,56.345
12,2.4921,17,6.8861e-09,6.8861e-09,1,1,99,39,12,7,1,8,179,55.918
12,2.4921,18,6.8861e-09,6.8861e-09,1,1,99,39,12,7,1,8,179,56.55
12,2.4921,19,6.8861e-09,6.8861e-09,1,1,99,39,12,7,1,8,179,57.433
12,2.4921,20,6.8861e-09,6.8861e-09,1,1,99,39,12,7,1,8,179,59.537
12,2.4921,21,6.8861e-09,6.8861e-09,1,1,99,39,12,7,1,8,179,56.515
12,2.4921,22,6.8861e-09,6.8861e-09,1,1,99,39,12,7,1,8,179,59.023
12,2.4921,23,6.8861e-09,6.8861e-09,1,1,99,39,12,7,1,8,179,60.522
12,2.4921,24,6.8861e-09,6.8861e-09,1,1,99,39,12,7,1,8,179,61.826
12,2.4921,25,6.8861e-09,6.8861e-09,1,1,99,39,12,7,1,8,179,56.729
12,2.4921,26,6.8861e-09,6.8861e-09,1,1,99,39,12,7,1,8,179,56.467
12,2.4921,27,6.8861e-09,6.8861e-09,1,1,99,39,12,7,1,8,179,57.826
12,2.4921,28,6.8861e-09,6.8861e-09,1,1,99,41,10,7,1,8,167,62.807
12,2.4921,29,6.8861e-09,6.8861e-09,1,1,99,41,10,7,1,8,167,59.119
12,2.4921,30,6.8861e-09,6.8861e-09,1,1,99,41,10,7,1,8,167,59.519
12,2.4921,31,6.8861e-09,6.8861e-09,1,1,99,41,10,7,1,8,167,60.785
12,2.4921,32,6.8861e-09,6.8861e-09,1,1,99,39,12,7,1,8,179,57.834
12,2.4921,33,6.8861e-09,6.8861e-09,1,1,99,39,12,7,1,8,179,58.116
12,2.4921,34,6.8861e-09,6.8861e-09,1,1,99,39,12,7,1,8,179,57.466
12,2.4921,35,6.8861e-09,6.8861e-09,1,1,99,39,12,7,1,8,179,47.475
12,2.59838,0,6.8861e-09,6.8861e-09,1,1,92,34,14,8,1,9,195,87.287
12,2.59838,1,6.8861e-09,6.8861e-09,1,1,92,34,14,8,1,9,195,86.457
12,2.59838,2,6.8861e-09,6.8861e-09,1,1,92,34,14,8,1,9,195,93.585
12,2.59838,3,6.8861e-09,6.8861e-09,1,1,92,34,14,8,1,9,195,93.901
12,2.59838,4,6.8861e-09,6.8861e-09,1,1,92,34,14,8,1,9,195,91.905
12,2.59838,5,6.8861e-09,6.8861e-09,1,1,92,34,14,8,1,9,195,93.831
12,2.59838,6,6.8861e-09,6.8861e-09,1,1,92,34,14,8,1,9,195,86.752
12,2.59838,7,6.8861e-09,6.8861e-09,1,1,92,34,14,8,1,9,195,85.444
12,2.59838,8,6.8861e-09,6.8861e-09,1,1,92,34,14,8,1,9,195,90.377
12,2.59838,9,6.8861e-09,6.8861e-09,1,1,92,34,14,8,1,9,195,94.625
12,2.59838,10,6.8861e-09,6.8861e-09,1,1,92,34,14,8,1,9,195,87.403
12,2.59838,11,6.8861e-09,6.8861e-09,1,1,92,34,14,8,1,9,195,86.232
12,2.59838,12,6.8861e-09,6.8861e-09,1,1,92,34,14,8,1,9,195,84.236
12,2.59838,13,6.8861e-09,6.8861e-09,1,1,92,34,14,8,1,9,195,86.824
12,2.59838,14,6.8861e-09,6.8861e-09,1,1,92,34,14,8,1,9,195,88.815
12,2.59838,15,6.8861e-09,6.8861e-09,1,1,92,34,14,8,1,9,195,89.787
12,2.59838,16,6.8861e-09,6.8861e-09,1,1,92,36,12,8,1,9,183,90.058
12,2.59838,17,6.8861e-09,6.8861e-09,1,1,92,36,12,8,1,9,183,95.447
12,2.59838,18,6.8861e-09,6.8861e-09,1,1,92,36,12,8,1,9,183,96.528
12,2.59838,19,6.8861e-09,6.8861e-09,1,1,92,36,12,8,1,9,183,90.763
12,2.59838,20,6.8861e-09,6.8861e-09,1,1,92,36,12,8,1,9,183,97.248
12,2.59838,21,6.8861e-09,6.8861e-09,1,1,92,36,12,8,1,9,183,88.303
12,2.59838,22,6.8861e-09,6.8861e-09,1,1,92,36,12,8,1,9,183,90.147
12,2.59838,23,6.8861e-09,6.8861e-09,1,1,92,36,12,8,1,9,183,77.191
12,2.59838,24,6.8861e-09,6.8861e-09,1,1,92,34,14,8,1,9,195,90.429
12,2.59838,25,6.8861e-09,6.8861e-09,1,1,92,34,14,8,1,9,195,88.672
12,2.59838,26,6.8861e-09,6.8861e-09,1,1,92,34,14,8,1,9,195,89.039
12,2.59838,27,6.8861e-09,6.8861e-09,1,1,92,34,14,8,1,9,195,87.863
12,2.59838,28,6.8861e-09,6.8861e-09,1,1,92,36,12,8,1,9,183,92.837
12,2.59838,29,6.8861e-09,6.8861e-09,1,1,92,36,12,8,1,9,183,88.513
12,2.59838,30,6.8861e-09,6.8861e-09,1,1,92,36,12,8,1,9,183,91.235
12,2.59838,31,6.8861e-09,6.8861e-09,1,1,92,36,12,8,1,9,183,89.914
12,2.59838,32,6.8861e-09,6.8861e-09,1,1,92,34,14,8,1,9,195,89.19
12,2.59838,33,6.8861e-09,6.8861e-09,1,1,92,34,14,8,1,9,195,85.419
12,2.59838,34,6.8861e-09,6.8861e-09,1,1,92,34,14,8,1,9,195,86.572
12,2.59838,35,6.8861e-09,6.8861e-09,1,1,92,34,14,8,1,9,195,87.94
12,2.70917,0,6.8861e-09,6.8861e-09,1,1,95,35,16,7,1,8,203,71.88
12,2.70917,1,6.8861e-09,6.8861e-09,1,1,93,35,16,6,0,6,189,72.262
12,2.70917,2,6.8861e-09,6.8861e-09,1,1,93,35,16,6,0,6,189,68.003
12,2.70917,3,6.8861e-09,6.8861e-09,1,1,95,35,16,7,1,8,203,65.849
12,2.70917,4,6.8861e-09,6.8861e-09,1,1,95,35,16,7,1,8,203,71.874
12,2.70917,5,6.8861e-09,6.8861e-09,1,1,93,35,16,6,0,6,189,71.817
12,2.70917,6,6.8861e-09,6.8861e-09,1,1,95,35,16,7,1,8,203,68.395
12,2.70917,7,6.8861e-09,6.8861e-09,1,1,93,35,16,6,0,6,189,57.912
12,2.70917,8,6.8861e-09,6.8861e-09,1,1,93,35,16,6,0,6,189,72.739
12,2.70917,9,6.8861e-09,6.8861e-09,1,1,95,35,16,7,1,8,203,72.85
12,2.70917,10,6.8861e-09,6.8861e-09,1,1,95,35,16,7,1,8,203,69.581
12,2.70917,11,6.8861e-09,6.8861e-09,1,1,93,35,16,6,0,6,189,69.551
12,2.70917,12,6.8861e-09,6.8861e-09,1,1,95,37,14,7,1,8,191,68.902
12,2.70917,13,6.8861e-09,6.8861e-09,1,1,93,37,14,6,0,6,177,69.579
12,2.70917,14,6.8861e-09,6.8861e-09,1,1,95,37,14,7,1,8,191,71.948
12,2.70917,15,6.8861e-09,6.8861e-09,1,1,93,37,14,6,0,6,177,72.073
12,2.70917,16,6.8861e-09,6.8861e-09,1,1,93,35,16,6,0,6,189,69.3
12,2.70917,17,6.8861e-09,6.8861e-09,1,1,95,35,16,7,1,8,203,68.847
12,2.70917,18,6.8861e-09,6.8861e-09,1,1,95,35,16,7,1,8,203,72.977
12,2.70917,19,6.8861e-09,6.8861e-09,1,1,93,35,16,6,0,6,189,73.494
12,2.70917,20,6.8861e-09,6.8861e-09,1,1,93,35,16,6,0,6,189,57.697
12,2.70917,21,6.8861e-09,6.8861e-09,1,1,95,35,16,7,1,8,203,71.919
12,2.70917,22,6.8861e-09,6.8861e-09,1,1,93,35,16,6,0,6,189,68.672
12,2.70917,23,6.8861e-09,6.8861e-09,1,1,95,35,16,7,1,8,203,68.716
12,2.70917,24,6.8861e-09,6.8861e-09,1,1,95,35,16,7,1,8,203,69.882
12,2.70917,25,6.8861e-09,6.8861e-09,1,1,93,35,16,6,0,6,189,69.73
12,2.70917,26,6.8861e-09,6.8861e-09,1,1,95,35,16,7,1,8,203,72.848
12,2.70917,27,6.8861e-09,6.8861e-09,1,1,93,35,16,6,0,6,189,72.953
12,2.70917,28,6.8861e-09,6.8861e-09,1,1,93,37,14,6,0,6,177,70.965
12,2.70917,29,6.8861e-09,6.8861e-09,1,1,95,37,14,7,1,8,191,72.118
12,2.70917,30,6.8861e-09,6.8861e-09,1,1,93,37,14,6,0,6,177,69.505
12,2.70917,31,6.8861e-09,6.8861e-09,1,1,95,37,14,7,1,8,191,68.623
12,2.70917,32,6.8861e-09,6.8861e-09,1,1,93,37,14,6,0,6,177,69.374
12,2.70917,33,6.8861e-09,6.8861e-09,1,1,95,37,14,7,1,8,191,69.812
12,2.70917,34,6.8861e-09,6.8861e-09,1,1,93,37,14,6,0,6,177,71.846
12,2.70917,35,6.8861e-09,6.8861e-09,1,1,95,37,14,7,1,8,191,72.033
12,2.81868,0,6.8861e-09,6.8861e-09,1,1,101,43,6,9,1,10,155,83.252
12,2.81868,1,6.8861e-09,6.8861e-09,1,1,99,43,6,8,0,8,141,87.236
12,2.81868,2,6.8861e-09,6.8861e-09,1,1,99,43,6,8,0,8,141,86.941
12,2.81868,3,6.8861e-09,6.8861e-09,1,1,101,43,6,9,1,10,155,85.707
12,2.81868,4,6.8861e-09,6.8861e-09,1,1,99,41,8,8,0,8,153,85.062
12,2.81868,5,6.8861e-09,6.8861e-09,1,1,101,41,8,9,1,10,167,85.545
12,2.81868,6,6.8861e-09,6.8861e-09,1,1,99,41,8,8,0,8,153,67.772
12,2.81868,7,6.8861e-09,6.8861e-09,1,1,101,41,8,9,1,10,167,83.796
12,2.81868,8,6.8861e-09,6.8861e-09,1,1,101,41,8,9,1,10,167,81.544
12,2.81868,9,6.8861e-09,6.8861e-09,1,1,99,41,8,8,0,8,153,79.906
12,2.81868,10,6.8861e-09,6.8861e-09,1,1,99,41,8,8,0,8,153,81.231
12,2.81868,11,6.8861e-09,6.8861e-09,1,1,101,41,8,9,1,10,167,81.357
12,2.81868,12,6.8861e-09,6.8861e-09,1,1,99,41,8,8,0,8,153,83.06
12,2.81868,13,6.8861e-09,6.8861e-09,1,1,101,41,8,9,1,10,167,83.237
12,2.81868,14,6.8861e-09,6.8861e-09,1,1,101,41,8,9,1,10,167,83.469
12,2.81868,15,6.8861e-09,6.8861e-09,1,1,99,41,8,8,0,8,153,83.368
12,2.81868,16,6.8861e-09,6.8861e-09,1,1,99,43,6,8,0,8,141,86.816
12,2.81868,17,6.8861e-09,6.8861e-09,1,1,101,43,6,9,1,10,155,83.534
12,2.81868,18,6.8861e-09,6.8861e-09,1,1,101,43,6,9,1,10,155,84.901
12,2.81868,19,6.8861e-09,6.8861e-09,1,1,99,43,6,8,0,8,141,86.68
12,2.81868,20,6.8861e-09,6.8861e-09,1,1,101,41,8,9,1,10,167,83.812
12,2.81868,21,6.8861e-09,6.8861e-09,1,1,99,41,8,8,0,8,153,83.785
12,2.81868,22,6.8861e-09,6.8861e-09,1,1,101,41,8,9,1,10,167,85.169
12,2.81868,23,6.8861e-09,6.8861e-09,1,1,99,41,8,8,0,8,153,85.374
12,2.81868,24,6.8861e-09,6.8861e-09,1,1,99,43,6,8,0,8,141,83.379
12,2.81868,25,6.8861e-09,6.8861e-09,1,1,101,43,6,9,1,10,155,81.908
12,2.81868,26,6.8861e-09,6.8861e-09,1,1,99,43,6,8,0,8,141,85.573
12,2.81868,27,6.8861e-09,6.8861e-09,1,1,101,43,6,9,1,10,155,82.029
12,2.81868,28,6.8861e-09,6.8861e-09,1,1,101,41,8,9,1,10,167,82.948
12,2.81868,29,6.8861e-09,6.8861e-09,1,1,99,41,8,8,0,8,153,82.018
12,2.81868,30,6.8861e-09,6.8861e-09,1,1,99,41,8,8,0,8,153,82.749
12,2.81868,31,6.8861e-09,6.8861e-09,1,1,101,41,8,9,1,10,167,83.045
12,2.81868,32,6.8861e-09,6.8861e-09,1,1,101,41,8,9,1,10,167,78.757
12,2.81868,33,6.8861e-09,6.8861e-09,1,1,99,41,8,8,0,8,153,82.879
12,2.81868,34,6.8861e-09,6.8861e-09,1,1,101,41,8,9,1,10,167,80.472
12,2.81868,35,6.8861e-09,6.8861e-09,1,1,99,41,8,8,0,8,153,64.956
12,2.92511,0,6.8861e-09,6.8861e-09,1,1,85,29,20,5,1,6,211,83.878
12,2.92511,1,6.8861e-09,6.8861e-09,1,1,85,29,20,5,1,6,211,84.199
12,2.92511,2,6.8861e-09,6.8861e-09,1,1,85,29,20,5,1,6,211,81.505
12,2.92511,3,6.8861e-09,6.8861e-09,1,1,85,29,20,5,1,6,211,85.26
12,2.92511,4,6.8861e-09,6.8861e-09,1,1,85,29,20,5,1,6,211,84.48
12,2.92511,5,6.8861e-09,6.8861e-09,1,1,85,29,20,5,1,6,211,84.626
12,2.92511,6,6.8861e-09,6.8861e-09,1,1,85,29,20,5,1,6,211,76.329
12,2.92511,7,6.8861e-09,6.8861e-09,1,1,85,29,20,5,1,6,211,83.709
12,2.92511,8,6.8861e-09,6.8861e-09,1,1,85,29,20,5,1,6,211,82.194
12,2.92511,9,6.8861e-09,6.8861e-09,1,1,85,29,20,5,1,6,211,81.954
12,2.92511,10,6.8861e-09,6.8861e-09,1,1,85,29,20,5,1,6,211,84.873
12,2.92511,11,6.8861e-09,6.8861e-09,1,1,85,29,20,5,1,6,211,83.819
12,2.92511,12,6.8861e-09,6.8861e-09,1,1,84,29,19,5,1,6,204,74.222
12,2.92511,13,6.8861e-09,6.8861e-09,1,1,84,29,19,5,1,6,204,80.46
12,2.92511,14,6.8861e-09,6.8861e-09,1,1,82,29,18,5,1,6,197,79.952
12,2.92511,15,6.8861e-09,6.8861e-09,1,1,84,29,19,5,1,6,204,80.304
12,2.92511,16,6.8861e-09,6.8861e-09,1,1,82,29,18,5,1,6,197,82.525
12,2.92511,17,6.8861e-09,6.8861e-09,1,1,84,29,19,5,1,6,204,82.715
12,2.92511,18,6.8861e-09,6.8861e-09,1,1,84,29,19,5,1,6,204,81.951
12,2.92511,19,6.8861e-09,6.8861e-09,1,1,82,29,18,5,1,6,197,81.406
12,2.92511,20,6.8861e-09,6.8861e-09,1,1,84,29,19,5,1,6,204,80.063
12,2.92511,21,6.8861e-09,6.8861e-09,1,1,84,29,19,5,1,6,204,83.205
12,2.92511,22,6.8861e-09,6.8861e-09,1,1,84,29,19,5,1,6,204,82.159
12,2.92511,23,6.8861e-09,6.8861e-09,1,1,82,29,18,5,1,6,197,66.671
12,2.92511,24,6.8861e-09,6.8861e-09,1,1,85,29,20,5,1,6,211,81.332
12,2.92511,25,6.8861e-09,6.8861e-09,1,1,85,29,20,5,1,6,211,83.997
12,2.92511,26,6.8861e-09,6.8861e-09,1,1,85,29,20,5,1,6,211,84.686
12,2.92511,27,6.8861e-09,6.8861e-09,1,1,85,29,20,5,1,6,211,81.787
12,2.92511,28,6.8861e-09,6.8861e-09,1,1,85,29,20,5,1,6,211,82.42
12,2.92511,29,6.8861e-09,6.8861e-09,1,1,85,29,20,5,1,6,211,77.079
12,2.92511,30,6.8861e-09,6.8861e-09,1,1,85,29,20,5,1,6,211,83.322
12,2.92511,31,6.8861e-09,6.8861e-09,1,1,85,29,20,5,1,6,211,85.394
12,2.92511,32,6.8861e-09,6.8861e-09,1,1,85,29,20,5,1,6,211,83.966
12,2.92511,33,6.8861e-09,6.8861e-09,1,1,85,29,20,5,1,6,211,84.655
12,2.92511,34,6.8861e-09,6.8861e-09,1,1,85,29,20,5,1,6,211,82.869
12,2.92511,35,6.8861e-09,6.8861e-09,1,1,85,29,20,5,1,6,211,81.127
12,3.03234,0,6.8861e-09,6.8861e-09,1,1,101,41,12,5,1,6,167,69.237
12,3.03234,1,6.8861e-09,6.8861e-09,1,1,101,41,12,5,1,6,167,68.75
12,3.03234,2,6.8861e-09,6.8861e-09,1,1,101,41,12,5,1,6,167,66.241
12,3.03234,3,6.8861e-09,6.8861e-09,1,1,101,41,12,5,1,6,167,63.961
12,3.03234,4,6.8861e-09,6.8861e-09,1,1,101,43,10,5,1,6,155,68.637
12,3.03234,5,6.8861e-09,6.8861e-09,1,1,101,43,10,5,1,6,155,68.365
12,3.03234,6,6.8861e-09,6.8861e-09,1,1,101,43,10,5,1,6,155,71.308
12,3.03234,7,6.8861e-09,6.8861e-09,1,1,101,43,10,5,1,6,155,70.817
12,3.03234,8,6.8861e-09,6.8861e-09,1,1,101,41,12,5,1,6,167,66.389
12,3.03234,9,6.8861e-09,6.8861e-09,1,1,101,41,12,5,1,6,167,63.199
12,3.03234,10,6.8861e-09,6.8861e-09,1,1,101,41,12,5,1,6,167,67.652
12,3.03234,11,6.8861e-09,6.8861e-09,1,1,101,41,12,5,1,6,167,57.584
12,3.03234,12,6.8861e-09,6.8861e-09,1,1,101,41,12,5,1,6,167,65.419
12,3.03234,13,6.8861e-09,6.8861e-09,1,1,101,41,12,5,1,6,167,66.687
12,3.03234,14,6.8861e-09,6.8861e-09,1,1,101,41,12,5,1,6,167,69.325
12,3.03234,15,6.8861e-09,6.8861e-09,1,1,101,41,12,5,1,6,167,68.951
12,3.03234,16,6.8861e-09,6.8861e-09,1,1,101,41,12,5,1,6,167,65.451
12,3.03234,17,6.8861e-09,6.8861e-09,1,1,101,41,12,5,1,6,167,65.012
12,3.03234,18,6.8861e-09,6.8861e-09,1,1,101,41,12,5,1,6,167,68.733
12,3.03234,19,6.8861e-09,6.8861e-09,1,1,101,41,12,5,1,6,167,67.369
12,3.03234,20,6.8861e-09,6.8861e-09,1,1,101,43,10,5,1,6,155,72.324
12,3.03234,21,6.8861e-09,6.8861e-09,1,1,101,43,10,5,1,6,155,70.984
12,3.03234,22,6.8861e-09,6.8861e-09,1,1,101,43,10,5,1,6,155,68.068
12,3.03234,23,6.8861e-09,6.8861e-09,1,1,101,43,10,5,1,6,155,65.35
12,3.03234,24,6.8861e-09,6.8861e-09,1,1,101,41,12,5,1,6,167,66.477
12,3.03234,25,6.8861e-09,6.8861e-09,1,1,101,41,12,5,1,6,167,67.677
12,3.03234,26,6.8861e-09,6.8861e-09,1,1,101,41,12,5,1,6,167,69.173
12,3.03234,27,6.8861e-09,6.8861e-09,1,1,101,41,12,5,1,6,167,71.078
12,3.03234,28,6.8861e-09,6.8861e-09,1,1,101,43,10,5,1,6,155,72.555
12,3.03234,29,6.8861e-09,6.8861e-09,1,1,101,43,10,5,1,6,155,73.236
12,3.03234,30,6.8861e-09,6.8861e-09,1,1,101,43,10,5,1,6,155,69.562
12,3.03234,31,6.8861e-09,6.8861e-09,1,1,101,43,10,5,1,6,155,69.697
12,3.03234,32,6.8861e-09,6.8861e-09,1,1,101,41,12,5,1,6,167,70.052
12,3.03234,33,6.8861e-09,6.8861e-09,1,1,101,41,12,5,1,6,167,70.286
12,3.03234,34,6.8861e-09,6.8861e-09,1,1,101,41,12,5,1,6,167,66.577
12,3.03234,35,6.8861e-09,6.8861e-09,1,1,101,41,12,5,1,6,167,66.633
12,3.14112,0,6.8861e-09,6.8861e-09,1,1,82,29,14,9,1,10,197,77.239
12,3.14112,1,6.8861e-09,6.8861e-09,1,1,80,29,14,8,0,8,183,95.58
12,3.14112,2,6.8861e-09,6.8861e-09,1,1,82,29,15,8,0,8,190,93.886
12,3.14112,3,6.8861e-09,6.8861e-09,1,1,84,29,15,9,1,10,204,92.877
12,3.14112,4,6.8861e-09,6.8861e-09,1,1,83,29,16,8,0,8,197,94.872
12,3.14112,5,6.8861e-09,6.8861e-09,1,1,85,29,16,9,1,10,211,96.31
12,3.14112,6,6.8861e-09,6.8861e-09,1,1,83,29,16,8,0,8,197,93.474
12,3.14112,7,6.8861e-09,6.8861e-09,1,1,85,29,16,9,1,10,211,93.798
12,3.14112,8,6.8861e-09,6.8861e-09,1,1,85,29,16,9,1,10,211,93.687
12,3.14112,9,6.8861e-09,6.8861e-09,1,1,83,29,16,8,0,8,197,92.639
12,3.14112,10,6.8861e-09,6.8861e-09,1,1,85,29,16,9,1,10,211,95.911
12,3.14112,11,6.8861e-09,6.8861e-09,1,1,83,29,16,8,0,8,197,95.735
12,3.14112,12,6.8861e-09,6.8861e-09,1,1,85,29,16,9,1,10,211,95.76
12,3.14112,13,6.8861e-09,6.8861e-09,1,1,83,29,16,8,0,8,197,95.517
12,3.14112,14,6.8861e-09,6.8861e-09,1,1,83,29,16,8,0,8,197,93.859
12,3.14112,15,6.8861e-09,6.8861e-09,1,1,85,29,16,9,1,10,211,93.756
12,3.14112,16,6.8861e-09,6.8861e-09,1,1,83,29,16,8,0,8,197,96.18
12,3.14112,17,6.8861e-09,6.8861e-09,1,1,85,29,16,9,1,10,211,96.086
12,3.14112,18,6.8861e-09,6.8861e-09,1,1,83,29,16,8,0,8,197,93.504
12,3.14112,19,6.8861e-09,6.8861e-09,1,1,85,29,16,9,1,10,211,93.973
12,3.14112,20,6.8861e-09,6.8861e-09,1,1,80,29,14,8,0,8,183,95.537
12,3.14112,21,6.8861e-09,6.8861e-09,1,1,82,29,14,9,1,10,197,95.975
12,3.14112,22,6.8861e-09,6.8861e-09,1,1,84,29,15,9,1,10,204,93.544
12,3.14112,23,6.8861e-09,6.8861e-09,1,1,82,29,15,8,0,8,190,93.868
12,3.14112,24,6.8861e-09,6.8861e-09,1,1,84,29,15,9,1,10,204,93.819
12,3.14112,25,6.8861e-09,6.8861e-09,1,1,82,29,15,8,0,8,190,93.781
12,3.14112,26,6.8861e-09,6.8861e-09,1,1,80,29,14,8,0,8,183,77.169
12,3.14112,27,6.8861e-09,6.8861e-09,1,1,82,29,14,9,1,10,197,95.91
12,3.14112,28,6.8861e-09,6.8861e-09,1,1,85,29,16,9,1,10,211,93.984
12,3.14112,29,6.8861e-09,6.8861e-09,1,1,83,29,16,8,0,8,197,93.842
12,3.14112,30,6.8861e-09,6.8861e-09,1,1,83,29,16,8,0,8,197,94.684
12,3.14112,31,6.8861e-09,6.8861e-09,1,1,85,29,16,9,1,10,211,95.722
12,3.14112,32,6.8861e-09,6.8861e-09,1,1,85,29,16,9,1,10,211,93.572
12,3.14112,33,6.8861e-09,6.8861e-09,1,1,83,29,16,8,0,8,197,93.518
12,3.14112,34,6.8861e-09,6.8861e-09,1,1,83,29,16,8,0,8,197,95.308
12,3.14112,35,6.8861e-09,6.8861e-09,1,1,85,29,16,9,1,10,211,95.728
14,4.91832e-05,0,3.55918e-10,3.55918e-10,1,1,99,35,18,9,1,10,231,96.175
14,4.91832e-05,1,3.55918e-10,3.55918e-10,1,1,99,35,18,9,1,10,231,95.769
14,4.91832e-05,2,3.55918e-10,3.55918e-10,1,1,99,35,18,9,1,10,231,92.787
14,4.91832e-05,3,3.55918e-10,3.55918e-10,1,1,99,35,18,9,1,10,231,92.873
14,4.91832e-05,4,3.55918e-10,3.55918e-10,1,1,99,35,18,9,1,10,231,92.291
14,4.91832e-05,5,3.55918e-10,3.55918e-10,1,1,99,35,18,9,1,10,231,92.515
14,4.91832e-05,6,3.55918e-10,3.55918e-10,1,1,99,35,18,9,1,10,231,96.11
14,4.91832e-05,7,3.55918e-10,3.55918e-10,1,1,99,35,18,9,1,10,231,76.829
14,4.91832e-05,8,3.55918e-10,3.55918e-10,1,1,99,35,18,9,1,10,231,92.341
14,4.91832e-05,9,3.55918e-10,3.55918e-10,1,1,99,35,18,9,1,10,231,92.355
14,4.91832e-05,10,3.55918e-10,3.55918e-10,1,1,99,35,18,9,1,10,231,97.632
14,4.91832e-05,11,3.55918e-10,3.55918e-10,1,1,99,35,18,9,1,10,231,96.104
14,4.91832e-05,12,3.55918e-10,3.55918e-10,1,1,99,35,18,9,1,10,231,93.164
14,4.91832e-05,13,3.55918e-10,3.55918e-10,1,1,99,35,18,9,1,10,231,94.072
14,4.91832e-05,14,3.55918e-10,3.55918e-10,1,1,99,35,18,9,1,10,231,95.538
14,4.91832e-05,15,3.55918e-10,3.55918e-10,1,1,99,35,18,9,1,10,231,92.974
14,4.91832e-05,16,3.55918e-10,3.55918e-10,1,1,99,37,16,9,1,10,219,92.384
14,4.91832e-05,17,3.55918e-10,3.55918e-10,1,1,99,37,16,9,1,10,219,93.34
14,4.91832e-05,18,3.55918e-10,3.55918e-10,1,1,99,37,16,9,1,10,219,96.232
14,4.91832e-05,19,3.55918e-10,3.55918e-10,1,1,99,37,16,9,1,10,219,95.894
14,4.91832e-05,20,3.55918e-10,3.55918e-10,1,1,99,37,16,9,1,10,219,95.167
14,4.91832e-05,21,3.55918e-10,3.55918e-10,1,1,99,37,16,9,1,10,219,92.841
14,4.91832e-05,22,3.55918e-10,3.55918e-10,1,1,99,37,16,9,1,10,219,92.217
14,4.91832e-05,23,3.55918e-10,3.55918e-10,1,1,99,37,16,9,1,10,219,92.689
14,4.91832e-05,24,3.55918e-10,3.55918e-10,1,1,99,35,18,9,1,10,231,74.306
14,4.91832e-05,25,3.55918e-10,3.55918e-10,1,1,99,35,18,9,1,10,231,94.73
14,4.91832e-05,26,3.55918e-10,3.55918e-10,1,1,99,35,18,9,1,10,231,96.282
14,4.91832e-05,27,3.55918e-10,3.55918e-10,1,1,99,35,18,9,1,10,231,93.506
14,4.91832e-05,28,3.55918e-10,3.55918e-10,1,1,99,35,18,9,1,10,231,93.38
14,4.91832e-05,29,3.55918e-10,3.55918e-10,1,1,99,35,18,9,1,10,231,92.393
14,4.91832e-05,30,3.55918e-10,3.55918e-10,1,1,99,35,18,9,1,10,231,97.145
14,4.91832e-05,31,3.55918e-10,3.55918e-10,1,1,99,35,18,9,1,10,231,95.471
14,4.91832e-05,32,3.55918e-10,3.55918e-10,1,1,99,37,16,9,1,10,219,92.592
14,4.91832e-05,33,3.55918e-10,3.55918e-10,1,1,99,37,16,9,1,10,219,92.422
14,4.91832e-05,34,3.55918e-10,3.55918e-10,1,1,99,37,16,9,1,10,219,97.562
14,4.91832e-05,35,3.55918e-10,3.55918e-10,1,1,99,37,16,9,1,10,219,95.336
14,0.11013,0,3.55918e-10,3.55918e-10,1,1,119,49,14,5,1,6,189,101.573
14,0.11013,1,3.55918e-10,3.55918e-10,1,1,117,49,14,4,0,4,175,101.776
14,0.11013,2,3.55918e-10,3.55918e-10,1,1,117,49,14,4,0,4,175,98.764
14,0.11013,3,3.55918e-10,3.55918e-10,1,1,119,49,14,5,1,6,189,98.055
14,0.11013,4,3.55918e-10,3.55918e-10,1,1,117,49,14,4,0,4,175,98.039
14,0.11013,5,3.55918e-10,3.55918e-10,1,1,119,49,14,5,1,6,189,98.629
14,0.11013,6,3.55918e-10,3.55918e-10,1,1,117,49,14,4,0,4,175,101.374
14,0.11013,7,3.55918e-10,3.55918e-10,1,1,119,49,14,5,1,6,189,100.556
14,0.11013,8,3.55918e-10,3.55918e-10,1,1,119,49,14,5,1,6,189,99.119
14,0.11013,9,3.55918e-10,3.55918e-10,1,1,117,49,14,4,0,4,175,99.29
14,0.11013,10,3.55918e-10,3.55918e-10,1,1,117,49,14,4,0,4,175,79.279
14,0.11013,11,3.55918e-10,3.55918e-10,1,1,119,49,14,5,1,6,189,98.25
14,0.11013,12,3.55918e-10,3.55918e-10,1,1,119,51,12,5,1,6,177,98.398
14,0.11013,13,3.55918e-10,3.55918e-10,1,1,117,51,12,4,0,4,163,97.478
14,0.11013,14,3.55918e-10,3.55918e-10,1,1,117,51,12,4,0,4,163,99.512
14,0.11013,15,3.55918e-10,3.55918e-10,1,1,119,51,12,5,1,6,177,99.432
14,0.11013,16,3.55918e-10,3.55918e-10,1,1,117,49,14,4,0,4,175,99.103
14,0.11013,17,3.55918e-10,3.55918e-10,1,1,119,49,14,5,1,6,189,99.584
14,0.11013,18,3.55918e-10,3.55918e-10,1,1,119,49,14,5,1,6,189,98.65
14,0.11013,19,3.55918e-10,3.55918e-10,1,1,117,49,14,4,0,4,175,97.065
14,0.11013,20,3.55918e-10,3.55918e-10,1,1,119,51,12,5,1,6,177,98.453
14,0.11013,21,3.55918e-10,3.55918e-10,1,1,117,51,12,4,0,4,163,98.236
14,0.11013,22,3.55918e-10,3.55918e-10,1,1,117,51,12,4,0,4,163,99.065
14,0.11013,23,3.55918e-10,3.55918e-10,1,1,119,51,12,5,1,6,177,99.305
14,0.11013,24,3.55918e-10,3.55918e-10,1,1,119,49,14,5,1,6,189,98.321
14,0.11013,25,3.55918e-10,3.55918e-10,1,1,117,49,14,4,0,4,175,98.411
14,0.11013,26,3.55918e-10,3.55918e-10,1,1,119,49,14,5,1,6,189,101.491
14,0.11013,27,3.55918e-10,3.55918e-10,1,1,117,49,14,4,0,4,175,101.286
14,0.11013,28,3.55918e-10,3.55918e-10,1,1,119,51,12,5,1,6,177,99.452
14,0.11013,29,3.55918e-10,3.55918e-10,1,1,117,51,12,4,0,4,163,99.024
14,0.11013,30,3.55918e-10,3.55918e-10,1,1,117,51,12,4,0,4,163,98.333
14,0.11013,31,3.55918e-10,3.55918e-10,1,1,119,51,12,5,1,6,177,98.463
14,0.11013,32,3.55918e-10,3.55918e-10,1,1,117,49,14,4,0,4,175,98.147
14,0.11013,33,3.55918e-10,3.55918e-10,1,1,119,49,14,5,1,6,189,79.275
14,0.11013,34,3.55918e-10,3.55918e-10,1,1,117,49,14,4,0,4,175,98.914
14,0.11013,35,3.55918e-10,3.55918e-10,1,1,119,49,14,5,1,6,189,99.052
14,0.217794,0,3.55918e-10,3.55918e-10,1,1,145,69,6,1,1,2,125,43.695
14,0.217794,1,3.55918e-10,3.55918e-10,1,1,143,69,6,0,0,0,111,46.043
14,0.217794,2,3.55918e-10,3.55918e-10,1,1,145,69,6,1,1,2,125,43.784
14,0.217794,3,3.55918e-10,3.55918e-10,1,1,143,69,6,0,0,0,111,46.566
14,0.217794,4,3.55918e-10,3.55918e-10,1,1,143,69,6,0,0,0,111,45.696
14,0.217794,5,3.55918e-10,3.55918e-10,1,1,145,69,6,1,1,2,125,43.25
14,0.217794,6,3.55918e-10,3.55918e-10,1,1,143,69,6,0,0,0,111,45.469
14,0.217794,7,3.55918e-10,3.55918e-10,1,1,145,69,6,1,1,2,125,42.016
14,0.217794,8,3.55918e-10,3.55918e-10,1,1,143,67,8,0,0,0,123,41.518
14,0.217794,9,3.55918e-10,3.55918e-10,1,1,145,67,8,1,1,2,137,41.835
14,0.217794,10,3.55918e-10,3.55918e-10,1,1,143,67,8,0,0,0,123,41.041
14,0.217794,11,3.55918e-10,3.55918e-10,1,1,145,67,8,1,1,2,137,41.26
14,0.217794,12,3.55918e-10,3.55918e-10,1,1,143,67,8,0,0,0,123,41.41
14,0.217794,13,3.55918e-10,3.55918e-10,1,1,145,67,8,1,1,2,137,41.626
14,0.217794,14,3.55918e-10,3.55918e-10,1,1,145,67,8,1,1,2,137,41.226
14,0.217794,15,3.55918e-10,3.55918e-10,1,1,143,67,8,0,0,0,123,41.043
14,0.217794,16,3.55918e-10,3.55918e-10,1,1,143,67,8,0,0,0,123,42.201
14,0.217794,17,3.55918e-10,3.55918e-10,1,1,145,67,8,1,1,2,137,42.298
14,0.217794,18,3.55918e-10,3.55918e-10,1,1,145,67,8,1,1,2,137,41.357
14,0.217794,19,3.55918e-10,3.55918e-10,1,1,143,67,8,0,0,0,123,41.426
14,0.217794,20,3.55918e-10,3.55918e-10,1,1,143,67,8,0,0,0,123,41.014
14,0.217794,21,3.55918e-10,3.55918e-10,1,1,145,67,8,1,1,2,137,41.271
14,0.217794,22,3.55918e-10,3.55918e-10,1,1,145,67,8,1,1,2,137,41.167
14,0.217794,23,3.55918e-10,3.55918e-10,1,1,143,67,8,0,0,0,123,40.857
14,0.217794,24,3.55918e-10,3.55918e-10,1,1,143,69,6,0,0,0,111,36.523
14,0.217794,25,3.55918e-10,3.55918e-10,1,1,145,69,6,1,1,2,125,42.447
14,0.217794,26,3.55918e-10,3.55918e-10,1,1,145,69,6,1,1,2,125,42.94
14,0.217794,27,3.55918e-10,3.55918e-10,1,1,143,69,6,0,0,0,111,45.663
14,0.217794,28,3.55918e-10,3.55918e-10,1,1,143,67,8,0,0,0,123,41.18
14,0.217794,29,3.55918e-10,3.55918e-10,1,1,145,67,8,1,1,2,137,41.227
14,0.217794,30,3.55918e-10,3.55918e-10,1,1,145,67,8,1,1,2,137,40.975
14,0.217794,31,3.55918e-10,3.55918e-10,1,1,143,67,8,0,0,0,123,41.229
14,0.217794,32,3.55918e-10,3.55918e-10,1,1,143,67,8,0,0,0,123,42.419
14,0.217794,33,3.55918e-10,3.55918e-10,1,1,145,67,8,1,1,2,137,42.811
14,0.217794,34,3.55918e-10,3.55918e-10,1,1,145,67,8,1,1,2,137,43.625
14,0.217794,35,3.55918e-10,3.55918e-10,1,1,143,67,8,0,0,0,123,43.531
14,0.325452,0,3.55918e-10,3.55918e-10,1,1,124,51,12,8,1,9,198,84.255
14,0.325452,1,3.55918e-10,3.55918e-10,1,1,124,51,12,8,1,9,198,83.138
14,0.325452,2,3.55918e-10,3.55918e-10,1,1,124,51,12,8,1,9,198,82.757
14,0.325452,3,3.55918e-10,3.55918e-10,1,1,124,51,12,8,1,9,198,80.513
14,0.325452,4,3.55918e-10,3.55918e-10,1,1,121,51,10,8,1,9,184,83.069
14,0.325452,5,3.55918e-10,3.55918e-10,1,1,123,51,11,8,1,9,191,84.205
14,0.325452,6,3.55918e-10,3.55918e-10,1,1,123,51,11,8,1,9,191,79.471
14,0.325452,7,3.55918e-10,3.55918e-10,1,1,123,51,11,8,1,9,191,82.744
14,0.325452,8,3.55918e-10,3.55918e-10,1,1,124,51,12,8,1,9,198,84.289
14,0.325452,9,3.55918e-10,3.55918e-10,1,1,124,51,12,8,1,9,198,82.79
14,0.325452,10,3.55918e-10,3.55918e-10,1,1,124,51,12,8,1,9,198,82.615
14,0.325452,11,3.55918e-10,3.55918e-10,1,1,124,51,12,8,1,9,198,80.593
14,0.325452,12,3.55918e-10,3.55918e-10,1,1,123,51,11,8,1,9,191,79.64
14,0.325452,13,3.55918e-10,3.55918e-10,1,1,121,51,10,8,1,9,184,82.383
14,0.325452,14,3.55918e-10,3.55918e-10,1,1,123,51,11,8,1,9,191,68.703
14,0.325452,15,3.55918e-10,3.55918e-10,1,1,121,51,10,8,1,9,184,85.175
14,0.325452,16,3.55918e-10,3.55918e-10,1,1,124,51,12,8,1,9,198,83.01
14,0.325452,17,3.55918e-10,3.55918e-10,1,1,124,51,12,8,1,9,198,79.931
14,0.325452,18,3.55918e-10,3.55918e-10,1,1,124,51,12,8,1,9,198,85.015
14,0.325452,19,3.55918e-10,3.55918e-10,1,1,124,51,12,8,1,9,198,83.879
14,0.325452,20,3.55918e-10,3.55918e-10,1,1,124,51,12,8,1,9,198,81.97
14,0.325452,21,3.55918e-10,3.55918e-10,1,1,124,51,12,8,1,9,198,83.059
14,0.325452,22,3.55918e-10,3.55918e-10,1,1,124,51,12,8,1,9,198,85.677
14,0.325452,23,3.55918e-10,3.55918e-10,1,1,124,51,12,8,1,9,198,85.611
14,0.325452,24,3.55918e-10,3.55918e-10,1,1,124,51,12,8,1,9,198,85.621
14,0.325452,25,3.55918e-10,3.55918e-10,1,1,124,51,12,8,1,9,198,85.843
14,0.325452,26,3.55918e-10,3.55918e-10,1,1,124,51,12,8,1,9,198,82.985
14,0.325452,27,3.55918e-10,3.55918e-10,1,1,124,51,12,8,1,9,198,82.005
14,0.325452,28,3.55918e-10,3.55918e-10,1,1,124,51,12,8,1,9,198,82.952
14,0.325452,29,3.55918e-10,3.55918e-10,1,1,124,51,12,8,1,9,198,80.123
14,0.325452,30,3.55918e-10,3.55918e-10,1,1,124,51,12,8,1,9,198,84.536
14,0.325452,31,3.55918e-10,3.55918e-10,1,1,124,51,12,8,1,9,198,68.805
14,0.325452,32,3.55918e-10,3.55918e-10,1,1,123,51,11,8,1,9,191,85.207
14,0.325452,33,3.55918e-10,3.55918e-10,1,1,123,51,11,8,1,9,191,84.206
14,0.325452,34,3.55918e-10,3.55918e-10,1,1,123,51,11,8,1,9,191,81.739
14,0.325452,35,3.55918e-10,3.55918e-10,1,1,121,51,10,8,1,9,184,82.9
14,0.432708,0,3.55918e-10,3.55918e-10,1,1,88,29,23,5,1,6,232,113.151
14,0.432708,1,3.55918e-10,3.55918e-10,1,1,88,29,23,5,1,6,232,112.18
14,0.432708,2,3.55918e-10,3.55918e-10,1,1,86,29,22,5,1,6,225,113.876
14,0.432708,3,3.55918e-10,3.55918e-10,1,1,86,29,22,5,1,6,225,114.047
14,0.432708,4,3.55918e-10,3.55918e-10,1,1,89,29,24,5,1,6,239,114.375
14,0.432708,5,3.55918e-10,3.55918e-10,1,1,89,29,24,5,1,6,239,115.499
14,0.432708,6,3.55918e-10,3.55918e-10,1,1,89,29,24,5,1,6,239,113.615
14,0.432708,7,3.55918e-10,3.55918e-10,1,1,89,29,24,5,1,6,239,112.786
14,0.432708,8,3.55918e-10,3.55918e-10,1,1,89,29,24,5,1,6,239,114.536
14,0.432708,9,3.55918e-10,3.55918e-10,1,1,89,29,24,5,1,6,239,115.244
14,0.432708,10,3.55918e-10,3.55918e-10,1,1,89,29,24,5,1,6,239,113.188
14,0.432708,11,3.55918e-10,3.55918e-10,1,1,89,29,24,5,1,6,239,111.794
14,0.432708,12,3.55918e-10,3.55918e-10,1,1,89,29,24,5,1,6,239,113.794
14,0.432708,13,3.55918e-10,3.55918e-10,1,1,89,29,24,5,1,6,239,116.167
14,0.432708,14,3.55918e-10,3.55918e-10,1,1,89,29,24,5,1,6,239,113.532
14,0.432708,15,3.55918e-10,3.55918e-10,1,1,89,29,24,5,1,6,239,113.108
14,0.432708,16,3.55918e-10,3.55918e-10,1,1,88,29,23,5,1,6,232,92.146
14,0.432708,17,3.55918e-10,3.55918e-10,1,1,88,29,23,5,1,6,232,115.602
14,0.432708,18,3.55918e-10,3.55918e-10,1,1,88,29,23,5,1,6,232,113.557
14,0.432708,19,3.55918e-10,3.55918e-10,1,1,88,29,23,5,1,6,232,113.502
14,0.432708,20,3.55918e-10,3.55918e-10,1,1,89,29,24,5,1,6,239,113.791
14,0.432708,21,3.55918e-10,3.55918e-10,1,1,89,29,24,5,1,6,239,114.647
14,0.432708,22,3.55918e-10,3.55918e-10,1,1,89,29,24,5,1,6,239,115.186
14,0.432708,23,3.55918e-10,3.55918e-10,1,1,89,29,24,5,1,6,239,114.565
14,0.432708,24,3.55918e-10,3.55918e-10,1,1,88,29,23,5,1,6,232,111.39
14,0.432708,25,3.55918e-10,3.55918e-10,1,1,88,29,23,5,1,6,232,114.087
14,0.432708,26,3.55918e-10,3.55918e-10,1,1,88,29,23,5,1,6,232,114.36
14,0.432708,27,3.55918e-10,3.55918e-10,1,1,88,29,23,5,1,6,232,114.612
14,0.432708,28,3.55918e-10,3.55918e-10,1,1,89,29,24,5,1,6,239,113.504
14,0.432708,29,3.55918e-10,3.55918e-10,1,1,89,29,24,5,1,6,239,114.099
14,0.432708,30,3.55918e-10,3.55918e-10,1,1,89,29,24,5,1,6,239,114.824
14,0.432708,31,3.55918e-10,3.55918e-10,1,1,89,29,24,5,1,6,239,111.323
14,0.432708,32,3.55918e-10,3.55918e-10,1,1,89,29,24,5,1,6,239,113.554
14,0.432708,33,3.55918e-10,3.55918e-10,1,1,89,29,24,5,1,6,239,113.676
14,0.432708,34,3.55918e-10,3.55918e-10,1,1,89,29,24,5,1,6,239,112.891
14,0.432708,35,3.55918e-10,3.55918e-10,1,1,89,29,24,5,1,6,239,110.976
14,0.540342,0,3.55918e-10,3.55918e-10,1,1,121,51,14,4,0,4,177,90.409
14,0.540342,1,3.55918e-10,3.55918e-10,1,1,123,51,14,5,1,6,191,90.59
14,0.540342,2,3.55918e-10,3.55918e-10,1,1,123,51,14,5,1,6,191,92.351
14,0.540342,3,3.55918e-10,3.55918e-10,1,1,121,51,14,4,0,4,177,93.712
14,0.540342,4,3.55918e-10,3.55918e-10,1,1,121,51,14,4,0,4,177,90.533
14,0.540342,5,3.55918e-10,3.55918e-10,1,1,123,51,14,5,1,6,191,90.509
14,0.540342,6,3.55918e-10,3.55918e-10,1,1,123,51,14,5,1,6,191,75.239
14,0.540342,7,3.55918e-10,3.55918e-10,1,1,121,51,14,4,0,4,177,93.611
14,0.540342,8,3.55918e-10,3.55918e-10,1,1,118,51,12,4,0,4,163,90.408
14,0.540342,9,3.55918e-10,3.55918e-10,1,1,120,51,12,5,1,6,177,91.238
14,0.540342,10,3.55918e-10,3.55918e-10,1,1,122,51,13,5,1,6,184,93.309
14,0.540342,11,3.55918e-10,3.55918e-10,1,1,120,51,13,4,0,4,170,93.527
14,0.540342,12,3.55918e-10,3.55918e-10,1,1,121,51,14,4,0,4,177,93.721
14,0.540342,13,3.55918e-10,3.55918e-10,1,1,123,51,14,5,1,6,191,93.386
14,0.540342,14,3.55918e-10,3.55918e-10,1,1,121,51,14,4,0,4,177,90.528
14,0.540342,15,3.55918e-10,3.55918e-10,1,1,123,51,14,5,1,6,191,90.327
14,0.540342,16,3.55918e-10,3.55918e-10,1,1,123,51,14,5,1,6,191,93.721
14,0.540342,17,3.55918e-10,3.55918e-10,1,1,121,51,14,4,0,4,177,93.434
14,0.540342,18,3.55918e-10,3.55918e-10,1,1,121,51,14,4,0,4,177,90.542
14,0.540342,19,3.55918e-10,3.55918e-10,1,1,123,51,14,5,1,6,191,89.437
14,0.540342,20,3.55918e-10,3.55918e-10,1,1,120,51,13,4,0,4,170,93.096
14,0.540342,21,3.55918e-10,3.55918e-10,1,1,122,51,13,5,1,6,184,93.907
14,0.540342,22,3.55918e-10,3.55918e-10,1,1,118,51,12,4,0,4,163,73.431
14,0.540342,23,3.55918e-10,3.55918e-10,1,1,120,51,12,5,1,6,177,89.518
14,0.540342,24,3.55918e-10,3.55918e-10,1,1,120,51,12,5,1,6,177,90.887
14,0.540342,25,3.55918e-10,3.55918e-10,1,1,118,51,12,4,0,4,163,90.465
14,0.540342,26,3.55918e-10,3.55918e-10,1,1,122,51,13,5,1,6,184,93.601
14,0.540342,27,3.55918e-10,3.55918e-10,1,1,120,51,13,4,0,4,170,93.86
14,0.540342,28,3.55918e-10,3.55918e-10,1,1,123,51,14,5,1,6,191,90.757
14,0.540342,29,3.55918e-10,3.55918e-10,1,1,121,51,14,4,0,4,177,90.424
14,0.540342,30,3.55918e-10,3.55918e-10,1,1,123,51,14,5,1,6,191,94.035
14,0.540342,31,3.55918e-10,3.55918e-10,1,1,121,51,14,4,0,4,177,93.513
14,0.540342,32,3.55918e-10,3.55918e-10,1,1,121,51,14,4,0,4,177,92.168
14,0.540342,33,3.55918e-10,3.55918e-10,1,1,123,51,14,5,1,6,191,93.29
14,0.540342,34,3.55918e-10,3.55918e-10,1,1,123,51,14,5,1,6,191,90.694
14,0.540342,35,3.55918e-10,3.55918e-10,1,1,121,51,14,4,0,4,177,90.648
14,0.650511,0,3.55918e-10,3.55918e-10,1,1,121,53,14,1,1,2,165,63.472
14,0.650511,1,3.55918e-10,3.55918e-10,1,1,121,53,14,1,1,2,165,57.984
14,0.650511,2,3.55918e-10,3.55918e-10,1,1,121,53,14,1,1,2,165,64.367
14,0.650511,3,3.55918e-10,3.55918e-10,1,1,121,53,14,1,1,2,165,62.123
14,0.650511,4,3.55918e-10,3.55918e-10,1,1,121,51,16,1,1,2,177,61.231
14,0.650511,5,3.55918e-10,3.55918e-10,1,1,121,51,16,1,1,2,177,63.132
14,0.650511,6,3.55918e-10,3.55918e-10,1,1,121,51,16,1,1,2,177,47.083
14,0.650511,7,3.55918e-10,3.55918e-10,1,1,121,51,16,1,1,2,177,60.266
14,0.650511,8,3.55918e-10,3.55918e-10,1,1,121,53,14,1,1,2,165,62.974
14,0.650511,9,3.55918e-10,3.55918e-10,1,1,121,53,14,1,1,2,165,63.618
14,0.650511,10,3.55918e-10,3.55918e-10,1,1,121,53,14,1,1,2,165,66.48
14,0.650511,11,3.55918e-10,3.55918e-10,1,1,121,53,14,1,1,2,165,61.184
14,0.650511,12,3.55918e-10,3.55918e-10,1,1,121,51,16,1,1,2,177,59.633
14,0.650511,13,3.55918e-10,3.55918e-10,1,1,121,51,16,1,1,2,177,59.976
14,0.650511,14,3.55918e-10,3.55918e-10,1,1,121,51,16,1,1,2,177,62.727
14,0.650511,15,3.55918e-10,3.55918e-10,1,1,121,51,16,1,1,2,177,64.443
14,0.650511,16,3.55918e-10,3.55918e-10,1,1,121,53,14,1,1,2,165,60.896
14,0.650511,17,3.55918e-10,3.55918e-10,1,1,121,53,14,1,1,2,165,63.748
14,0.650511,18,3.55918e-10,3.55918e-10,1,1,121,53,14,1,1,2,165,61.097
14,0.650511,19,3.55918e-10,3.55918e-10,1,1,121,53,14,1,1,2,165,61.989
14,0.650511,20,3.55918e-10,3.55918e-10,1,1,121,51,16,1,1,2,177,59.756
14,0.650511,21,3.55918e-10,3.55918e-10,1,1,121,51,16,1,1,2,177,53.912
14,0.650511,22,3.55918e-10,3.55918e-10,1,1,121,51,16,1,1,2,177,61.302
14,0.650511,23,3.55918e-10,3.55918e-10,1,1,121,51,16,1,1,2,177,65.116
14,0.650511,24,3.55918e-10,3.55918e-10,1,1,121,51,16,1,1,2,177,60.917
14,0.650511,25,3.55918e-10,3.55918e-10,1,1,121,51,16,1,1,2,177,61.342
14,0.650511,26,3.55918e-10,3.55918e-10,1,1,121,51,16,1,1,2,177,58.445
14,0.650511,27,3.55918e-10,3.55918e-10,1,1,121,51,16,1,1,2,177,50.375
14,0.650511,28,3.55918e-10,3.55918e-10,1,1,121,51,16,1,1,2,177,59.695
14,0.650511,29,3.55918e-10,3.55918e-10,1,1,121,51,16,1,1,2,177,58.458
14,0.650511,30,3.55918e-10,3.55918e-10,1,1,121,51,16,1,1,2,177,67.668
14,0.650511,31,3.55918e-10,3.55918e-10,1,1,121,51,16,1,1,2,177,58.729
14,0.650511,32,3.55918e-10,3.55918e-10,1,1,121,51,16,1,1,2,177,57.535
14,0.650511,33,3.55918e-10,3.55918e-10,1,1,121,51,16,1,1,2,177,59.419
14,0.650511,34,3.55918e-10,3.55918e-10,1,1,121,51,16,1,1,2,177,61.645
14,0.650511,35,3.55918e-10,3.55918e-10,1,1,121,51,16,1,1,2,177,57.523
14,0.758334,0,3.55918e-10,3.55918e-10,1,1,126,56,10,4,1,5,161,73.84
14,0.758334,1,3.55918e-10,3.55918e-10,1,1,124,56,10,3,0,3,147,74.355
14,0.758334,2,3.55918e-10,3.55918e-10,1,1,124,56,10,3,0,3,147,72.634
14,0.758334,3,3.55918e-10,3.55918e-10,1,1,126,56,10,4,1,5,161,73.18
14,0.758334,4,3.55918e-10,3.55918e-10,1,1,126,54,12,4,1,5,173,73.53
14,0.758334,5,3.55918e-10,3.55918e-10,1,1,124,54,12,3,0,3,159,73.887
14,0.758334,6,3.55918e-10,3.55918e-10,1,1,126,54,12,4,1,5,173,75.246
14,0.758334,7,3.55918e-10,3.55918e-10,1,1,124,54,12,3,0,3,159,74.178
14,0.758334,8,3.55918e-10,3.55918e-10,1,1,126,56,10,4,1,5,161,73.309
14,0.758334,9,3.55918e-10,3.55918e-10,1,1,124,56,10,3,0,3,147,73.023
14,0.758334,10,3.55918e-10,3.55918e-10,1,1,124,56,10,3,0,3,147,74.047
14,0.758334,11,3.55918e-10,3.55918e-10,1,1,126,56,10,4,1,5,161,74.457
14,0.758334,12,3.55918e-10,3.55918e-10,1,1,124,54,12,3,0,3,159,72.807
14,0.758334,13,3.55918e-10,3.55918e-10,1,1,126,54,12,4,1,5,173,58.705
14,0.758334,14,3.55918e-10,3.55918e-10,1,1,124,54,12,3,0,3,159,72.952
14,0.758334,15,3.55918e-10,3.55918e-10,1,1,126,54,12,4,1,5,173,73.002
14,0.758334,16,3.55918e-10,3.55918e-10,1,1,126,56,10,4,1,5,161,74.478
14,0.758334,17,3.55918e-10,3.55918e-10,1,1,124,56,10,3,0,3,147,73.817
14,0.758334,18,3.55918e-10,3.55918e-10,1,1,126,56,10,4,1,5,161,72.902
14,0.758334,19,3.55918e-10,3.55918e-10,1,1,124,56,10,3,0,3,147,73.044
14,0.758334,20,3.55918e-10,3.55918e-10,1,1,126,54,12,4,1,5,173,74.17
14,0.758334,21,3.55918e-10,3.55918e-10,1,1,124,54,12,3,0,3,159,73.172
14,0.758334,22,3.55918e-10,3.55918e-10,1,1,124,54,12,3,0,3,159,75.066
14,0.758334,23,3.55918e-10,3.55918e-10,1,1,126,54,12,4,1,5,173,75.004
14,0.758334,24,3.55918e-10,3.55918e-10,1,1,124,54,12,3,0,3,159,72.636
14,0.758334,25,3.55918e-10,3.55918e-10,1,1,126,54,12,4,1,5,173,72.747
14,0.758334,26,3.55918e-10,3.55918e-10,1,1,126,54,12,4,1,5,173,73.282
14,0.758334,27,3.55918e-10,3.55918e-10,1,1,124,54,12,3,0,3,159,73.537
14,0.758334,28,3.55918e-10,3.55918e-10,1,1,126,54,12,4,1,5,173,75.61
14,0.758334,29,3.55918e-10,3.55918e-10,1,1,124,54,12,3,0,3,159,75.706
14,0.758334,30,3.55918e-10,3.55918e-10,1,1,124,54,12,3,0,3,159,59.765
14,0.758334,31,3.55918e-10,3.55918e-10,1,1,126,54,12,4,1,5,173,74.57
14,0.758334,32,3.55918e-10,3.55918e-10,1,1,124,54,12,3,0,3,159,73.129
14,0.758334,33,3.55918e-10,3.55918e-10,1,1,126,54,12,4,1,5,173,73.232
14,0.758334,34,3.55918e-10,3.55918e-10,1,1,126,54,12,4,1,5,173,73.024
14,0.758334,35,3.55918e-10,3.55918e-10,1,1,124,54,12,3,0,3,159,72.681
14,0.867242,0,3.55918e-10,3.55918e-10,1,1,109,43,16,6,0,6,197,97.679
14,0.867242,1,3.55918e-10,3.55918e-10,1,1,111,43,16,7,1,8,211,98.855
14,0.867242,2,3.55918e-10,3.55918e-10,1,1,109,43,16,6,0,6,197,96
14,0.867242,3,3.55918e-10,3.55918e-10,1,1,111,43,16,7,1,8,211,95.944
14,0.867242,4,3.55918e-10,3.55918e-10,1,1,111,43,16,7,1,8,211,98.872
14,0.867242,5,3.55918e-10,3.55918e-10,1,1,109,43,16,6,0,6,197,98.814
14,0.867242,6,3.55918e-10,3.55918e-10,1,1,111,43,16,7,1,8,211,96.384
14,0.867242,7,3.55918e-10,3.55918e-10,1,1,109,43,16,6,0,6,197,95.303
14,0.867242,8,3.55918e-10,3.55918e-10,1,1,109,43,16,6,0,6,197,101.695
14,0.867242,9,3.55918e-10,3.55918e-10,1,1,111,43,16,7,1,8,211,101.226
14,0.867242,10,3.55918e-10,3.55918e-10,1,1,111,43,16,7,1,8,211,97.655
14,0.867242,11,3.55918e-10,3.55918e-10,1,1,109,43,16,6,0,6,197,97.828
14,0.867242,12,3.55918e-10,3.55918e-10,1,1,109,45,14,6,0,6,185,95.736
14,0.867242,13,3.55918e-10,3.55918e-10,1,1,111,45,14,7,1,8,199,95.963
14,0.867242,14,3.55918e-10,3.55918e-10,1,1,111,45,14,7,1,8,199,97.714
14,0.867242,15,3.55918e-10,3.55918e-10,1,1,109,45,14,6,0,6,185,97.454
14,0.867242,16,3.55918e-10,3.55918e-10,1,1,111,43,16,7,1,8,211,78.787
14,0.867242,17,3.55918e-10,3.55918e-10,1,1,109,43,16,6,0,6,197,97.803
14,0.867242,18,3.55918e-10,3.55918e-10,1,1,109,43,16,6,0,6,197,101.265
14,0.867242,19,3.55918e-10,3.55918e-10,1,1,111,43,16,7,1,8,211,101.246
14,0.867242,20,3.55918e-10,3.55918e-10,1,1,109,43,16,6,0,6,197,99.168
14,0.867242,21,3.55918e-10,3.55918e-10,1,1,111,43,16,7,1,8,211,98.268
14,0.867242,22,3.55918e-10,3.55918e-10,1,1,111,43,16,7,1,8,211,95.643
14,0.867242,23,3.55918e-10,3.55918e-10,1,1,109,43,16,6,0,6,197,95.597
14,0.867242,24,3.55918e-10,3.55918e-10,1,1,109,45,14,6,0,6,185,98.527
14,0.867242,25,3.55918e-10,3.55918e-10,1,1,111,45,14,7,1,8,199,97.931
14,0.867242,26,3.55918e-10,3.55918e-10,1,1,109,45,14,6,0,6,185,94.368
14,0.867242,27,3.55918e-10,3.55918e-10,1,1,111,45,14,7,1,8,199,95.524
14,0.867242,28,3.55918e-10,3.55918e-10,1,1,111,43,16,7,1,8,211,100.837
14,0.867242,29,3.55918e-10,3.55918e-10,1,1,109,43,16,6,0,6,197,100.575
14,0.867242,30,3.55918e-10,3.55918e-10,1,1,109,43,16,6,0,6,197,97.278
14,0.867242,31,3.55918e-10,3.55918e-10,1,1,111,43,16,7,1,8,211,96.956
14,0.867242,32,3.55918e-10,3.55918e-10,1,1,111,45,14,7,1,8,199,95.952
14,0.867242,33,3.55918e-10,3.55918e-10,1,1,109,45,14,6,0,6,185,95.625
14,0.867242,34,3.55918e-10,3.55918e-10,1,1,111,45,14,7,1,8,199,97.683
14,0.867242,35,3.55918e-10,3.55918e-10,1,1,109,45,14,6,0,6,185,97.965
14,0.975289,0,3.55918e-10,3.55918e-10,1,1,89,31,20,8,0,8,227,115.502
14,0.975289,1,3.55918e-10,3.55918e-10,1,1,91,31,20,9,1,10,241,115.497
14,0.975289,2,3.55918e-10,3.55918e-10,1,1,89,31,20,8,0,8,227,92.27
14,0.975289,3,3.55918e-10,3.55918e-10,1,1,91,31,20,9,1,10,241,114.6
14,0.975289,4,3.55918e-10,3.55918e-10,1,1,91,29,22,9,1,10,253,110.787
14,0.975289,5,3.55918e-10,3.55918e-10,1,1,89,29,22,8,0,8,239,110.844
14,0.975289,6,3.55918e-10,3.55918e-10,1,1,89,29,22,8,0,8,239,113.65
14,0.975289,7,3.55918e-10,3.55918e-10,1,1,91,29,22,9,1,10,253,115.174
14,0.975289,8,3.55918e-10,3.55918e-10,1,1,91,29,22,9,1,10,253,114.911
14,0.975289,9,3.55918e-10,3.55918e-10,1,1,89,29,22,8,0,8,239,115.214
14,0.975289,10,3.55918e-10,3.55918e-10,1,1,91,29,22,9,1,10,253,116.992
14,0.975289,11,3.55918e-10,3.55918e-10,1,1,89,29,22,8,0,8,239,117.013
14,0.975289,12,3.55918e-10,3.55918e-10,1,1,91,31,20,9,1,10,241,115.936
14,0.975289,13,3.55918e-10,3.55918e-10,1,1,89,31,20,8,0,8,227,115.833
14,0.975289,14,3.55918e-10,3.55918e-10,1,1,89,31,20,8,0,8,227,115.664
14,0.975289,15,3.55918e-10,3.55918e-10,1,1,91,31,20,9,1,10,241,115.862
14,0.975289,16,3.55918e-10,3.55918e-10,1,1,89,29,22,8,0,8,239,115.301
14,0.975289,17,3.55918e-10,3.55918e-10,1,1,91,29,22,9,1,10,253,116.735
14,0.975289,18,3.55918e-10,3.55918e-10,1,1,91,29,22,9,1,10,253,114.952
14,0.975289,19,3.55918e-10,3.55918e-10,1,1,89,29,22,8,0,8,239,114.783
14,0.975289,20,3.55918e-10,3.55918e-10,1,1,91,31,20,9,1,10,241,114.914
14,0.975289,21,3.55918e-10,3.55918e-10,1,1,89,31,20,8,0,8,227,115.273
14,0.975289,22,3.55918e-10,3.55918e-10,1,1,91,31,20,9,1,10,241,114.953
14,0.975289,23,3.55918e-10,3.55918e-10,1,1,89,31,20,8,0,8,227,115.166
14,0.975289,24,3.55918e-10,3.55918e-10,1,1,91,29,22,9,1,10,253,117.247
14,0.975289,25,3.55918e-10,3.55918e-10,1,1,89,29,22,8,0,8,239,116.872
14,0.975289,26,3.55918e-10,3.55918e-10,1,1,89,29,22,8,0,8,239,92.458
14,0.975289,27,3.55918e-10,3.55918e-10,1,1,91,29,22,9,1,10,253,115.213
14,0.975289,28,3.55918e-10,3.55918e-10,1,1,89,29,22,8,0,8,239,115.563
14,0.975289,29,3.55918e-10,3.55918e-10,1,1,91,29,22,9,1,10,253,115.657
14,0.975289,30,3.55918e-10,3.55918e-10,1,1,91,29,22,9,1,10,253,111.424
14,0.975289,31,3.55918e-10,3.55918e-10,1,1,89,29,22,8,0,8,239,111.426
14,0.975289,32,3.55918e-10,3.55918e-10,1,1,89,29,22,8,0,8,239,109.626
14,0.975289,33,3.55918e-10,3.55918e-10,1,1,91,29,22,9,1,10,253,111.278
14,0.975289,34,3.55918e-10,3.55918e-10,1,1,91,29,22,9,1,10,253,115.354
14,0.975289,35,3.55918e-10,3.55918e-10,1,1,89,29,22,8,0,8,239,115.822
14,1.08253,0,3.55918e-10,3.55918e-10,1,1,131,57,12,3,1,4,169,64.657
14,1.08253,1,3.55918e-10,3.55918e-10,1,1,131,57,12,3,1,4,169,66.088
14,1.08253,2,3.55918e-10,3.55918e-10,1,1,131,57,12,3,1,4,169,68.307
14,1.08253,3,3.55918e-10,3.55918e-10,1,1,131,57,12,3,1,4,169,68.237
14,1.08253,4,3.55918e-10,3.55918e-10,1,1,131,57,12,3,1,4,169,68.56
14,1.08253,5,3.55918e-10,3.55918e-10,1,1,131,57,12,3,1,4,169,65.353
14,1.08253,6,3.55918e-10,3.55918e-10,1,1,131,57,12,3,1,4,169,66.398
14,1.08253,7,3.55918e-10,3.55918e-10,1,1,131,57,12,3,1,4,169,69.509
14,1.08253,8,3.55918e-10,3.55918e-10,1,1,131,57,12,3,1,4,169,53.047
14,1.08253,9,3.55918e-10,3.55918e-10,1,1,131,57,12,3,1,4,169,68.359
14,1.08253,10,3.55918e-10,3.55918e-10,1,1,131,57,12,3,1,4,169,68.231
14,1.08253,11,3.55918e-10,3.55918e-10,1,1,131,57,12,3,1,4,169,66.787
14,1.08253,12,3.55918e-10,3.55918e-10,1,1,131,59,10,3,1,4,157,66.022
14,1.08253,13,3.55918e-10,3.55918e-10,1,1,131,59,10,3,1,4,157,64.653
14,1.08253,14,3.55918e-10,3.55918e-10,1,1,131,59,10,3,1,4,157,67.802
14,1.08253,15,3.55918e-10,3.55918e-10,1,1,131,59,10,3,1,4,157,68.086
14,1.08253,16,3.55918e-10,3.55918e-10,1,1,131,57,12,3,1,4,169,66.796
14,1.08253,17,3.55918e-10,3.55918e-10,1,1,131,57,12,3,1,4,169,63.463
14,1.08253,18,3.55918e-10,3.55918e-10,1,1,131,57,12,3,1,4,169,68.278
14,1.08253,19,3.55918e-10,3.55918e-10,1,1,131,57,12,3,1,4,169,68.524
14,1.08253,20,3.55918e-10,3.55918e-10,1,1,131,59,10,3,1,4,157,68.317
14,1.08253,21,3.55918e-10,3.55918e-10,1,1,131,59,10,3,1,4,157,67.13
14,1.08253,22,3.55918e-10,3.55918e-10,1,1,131,59,10,3,1,4,157,68.462
14,1.08253,23,3.55918e-10,3.55918e-10,1,1,131,59,10,3,1,4,157,68.304
14,1.08253,24,3.55918e-10,3.55918e-10,1,1,131,57,12,3,1,4,169,64.391
14,1.08253,25,3.55918e-10,3.55918e-10,1,1,131,57,12,3,1,4,169,69.245
14,1.08253,26,3.55918e-10,3.55918e-10,1,1,131,57,12,3,1,4,169,68.148
14,1.08253,27,3.55918e-10,3.55918e-10,1,1,131,57,12,3,1,4,169,68.39
14,1.08253,28,3.55918e-10,3.55918e-10,1,1,131,57,12,3,1,4,169,67.288
14,1.08253,29,3.55918e-10,3.55918e-10,1,1,131,57,12,3,1,4,169,53.91
14,1.08253,30,3.55918e-10,3.55918e-10,1,1,131,57,12,3,1,4,169,63.838
14,1.08253,31,3.55918e-10,3.55918e-10,1,1,131,57,12,3,1,4,169,65.042
14,1.08253,32,3.55918e-10,3.55918e-10,1,1,131,59,10,3,1,4,157,67.272
14,1.08253,33,3.55918e-10,3.55918e-10,1,1,131,59,10,3,1,4,157,69.529
14,1.08253,34,3.55918e-10,3.55918e-10,1,1,131,59,10,3,1,4,157,64.808
14,1.08253,35,3.55918e-10,3.55918e-10,1,1,131,59,10,3,1,4,157,64.143
14,1.19171,0,3.55918e-10,3.55918e-10,1,1,111,45,18,2,0,2,185,98.897
14,1.19171,1,3.55918e-10,3.55918e-10,1,1,113,45,18,3,1,4,199,98.909
14,1.19171,2,3.55918e-10,3.55918e-10,1,1,111,45,18,2,0,2,185,99.996
14,1.19171,3,3.55918e-10,3.55918e-10,1,1,113,45,18,3,1,4,199,98.784
14,1.19171,4,3.55918e-10,3.55918e-10,1,1,111,45,18,2,0,2,185,101.55
14,1.19171,5,3.55918e-10,3.55918e-10,1,1,113,45,18,3,1,4,199,101.512
14,1.19171,6,3.55918e-10,3.55918e-10,1,1,113,45,18,3,1,4,199,102.233
14,1.19171,7,3.55918e-10,3.55918e-10,1,1,111,45,18,2,0,2,185,100.683
14,1.19171,8,3.55918e-10,3.55918e-10,1,1,111,45,18,2,0,2,185,102.002
14,1.19171,9,3.55918e-10,3.55918e-10,1,1,113,45,18,3,1,4,199,103.106
14,1.19171,10,3.55918e-10,3.55918e-10,1,1,113,45,18,3,1,4,199,102.108
14,1.19171,11,3.55918e-10,3.55918e-10,1,1,111,45,18,2,0,2,185,101.495
14,1.19171,12,3.55918e-10,3.55918e-10,1,1,111,45,18,2,0,2,185,80.323
14,1.19171,13,3.55918e-10,3.55918e-10,1,1,113,45,18,3,1,4,199,100.21
14,1.19171,14,3.55918e-10,3.55918e-10,1,1,113,45,18,3,1,4,199,99.134
14,1.19171,15,3.55918e-10,3.55918e-10,1,1,111,45,18,2,0,2,185,99.077
14,1.19171,16,3.55918e-10,3.55918e-10,1,1,113,45,18,3,1,4,199,99.923
14,1.19171,17,3.55918e-10,3.55918e-10,1,1,111,45,18,2,0,2,185,99.725
14,1.19171,18,3.55918e-10,3.55918e-10,1,1,111,45,18,2,0,2,185,98.991
14,1.19171,19,3.55918e-10,3.55918e-10,1,1,113,45,18,3,1,4,199,97.508
14,1.19171,20,3.55918e-10,3.55918e-10,1,1,111,47,16,2,0,2,173,99.205
14,1.19171,21,3.55918e-10,3.55918e-10,1,1,113,47,16,3,1,4,187,99.219
14,1.19171,22,3.55918e-10,3.55918e-10,1,1,113,47,16,3,1,4,187,101.872
14,1.19171,23,3.55918e-10,3.55918e-10,1,1,111,47,16,2,0,2,173,101.298
14,1.19171,24,3.55918e-10,3.55918e-10,1,1,111,47,16,2,0,2,173,101.282
14,1.19171,25,3.55918e-10,3.55918e-10,1,1,113,47,16,3,1,4,187,101.304
14,1.19171,26,3.55918e-10,3.55918e-10,1,1,113,47,16,3,1,4,187,99.106
14,1.19171,27,3.55918e-10,3.55918e-10,1,1,111,47,16,2,0,2,173,98.86
14,1.19171,28,3.55918e-10,3.55918e-10,1,1,111,45,18,2,0,2,185,101.26
14,1.19171,29,3.55918e-10,3.55918e-10,1,1,113,45,18,3,1,4,199,100.128
14,1.19171,30,3.55918e-10,3.55918e-10,1,1,113,45,18,3,1,4,199,102.522
14,1.19171,31,3.55918e-10,3.55918e-10,1,1,111,45,18,2,0,2,185,102.284
14,1.19171,32,3.55918e-10,3.55918e-10,1,1,113,47,16,3,1,4,187,99.385
14,1.19171,33,3.55918e-10,3.55918e-10,1,1,111,47,16,2,0,2,173,79.9
14,1.19171,34,3.55918e-10,3.55918e-10,1,1,111,47,16,2,0,2,173,100.137
14,1.19171,35,3.55918e-10,3.55918e-10,1,1,113,47,16,3,1,4,187,101.411
14,1.29683,0,3.55918e-10,3.55918e-10,1,1,89,29,22,8,0,8,239,101.466
14,1.29683,1,3.55918e-10,3.55918e-10,1,1,91,29,22,9,1,10,253,101.159
14,1.29683,2,3.55918e-10,3.55918e-10,1,1,91,29,22,9,1,10,253,102.834
14,1.29683,3,3.55918e-10,3.55918e-10,1,1,89,29,22,8,0,8,239,102.757
14,1.29683,4,3.55918e-10,3.55918e-10,1,1,88,29,20,9,1,10,239,101.009
14,1.29683,5,3.55918e-10,3.55918e-10,1,1,86,29,20,8,0,8,225,100.719
14,1.29683,6,3.55918e-10,3.55918e-10,1,1,88,29,20,9,1,10,239,102.358
14,1.29683,7,3.55918e-10,3.55918e-10,1,1,86,29,20,8,0,8,225,101.818
14,1.29683,8,3.55918e-10,3.55918e-10,1,1,91,29,22,9,1,10,253,100.748
14,1.29683,9,3.55918e-10,3.55918e-10,1,1,89,29,22,8,0,8,239,102.324
14,1.29683,10,3.55918e-10,3.55918e-10,1,1,91,29,22,9,1,10,253,101.304
14,1.29683,11,3.55918e-10,3.55918e-10,1,1,89,29,22,8,0,8,239,101.094
14,1.29683,12,3.55918e-10,3.55918e-10,1,1,91,29,22,9,1,10,253,101.329
14,1.29683,13,3.55918e-10,3.55918e-10,1,1,89,29,22,8,0,8,239,101.093
14,1.29683,14,3.55918e-10,3.55918e-10,1,1,89,29,22,8,0,8,239,102.28
14,1.29683,15,3.55918e-10,3.55918e-10,1,1,91,29,22,9,1,10,253,102.502
14,1.29683,16,3.55918e-10,3.55918e-10,1,1,88,29,20,9,1,10,239,81.761
14,1.29683,17,3.55918e-10,3.55918e-10,1,1,86,29,20,8,0,8,225,100.829
14,1.29683,18,3.55918e-10,3.55918e-10,1,1,86,29,20,8,0,8,225,102.614
14,1.29683,19,3.55918e-10,3.55918e-10,1,1,88,29,20,9,1,10,239,102.638
14,1.29683,20,3.55918e-10,3.55918e-10,1,1,86,29,20,8,0,8,225,99.441
14,1.29683,21,3.55918e-10,3.55918e-10,1,1,88,29,20,9,1,10,239,101.462
14,1.29683,22,3.55918e-10,3.55918e-10,1,1,86,29,20,8,0,8,225,102.449
14,1.29683,23,3.55918e-10,3.55918e-10,1,1,88,29,20,9,1,10,239,102.425
14,1.29683,24,3.55918e-10,3.55918e-10,1,1,91,29,22,9,1,10,253,102.434
14,1.29683,25,3.55918e-10,3.55918e-10,1,1,89,29,22,8,0,8,239,102.475
14,1.29683,26,3.55918e-10,3.55918e-10,1,1,89,29,22,8,0,8,239,100.93
14,1.29683,27,3.55918e-10,3.55918e-10,1,1,91,29,22,9,1,10,253,100.977
14,1.29683,28,3.55918e-10,3.55918e-10,1,1,89,29,22,8,0,8,239,101.415
14,1.29683,29,3.55918e-10,3.55918e-10,1,1,91,29,22,9,1,10,253,100.945
14,1.29683,30,3.55918e-10,3.55918e-10,1,1,91,29,22,9,1,10,253,102.523
14,1.29683,31,3.55918e-10,3.55918e-10,1,1,89,29,22,8,0,8,239,102.612
14,1.29683,32,3.55918e-10,3.55918e-10,1,1,89,29,22,8,0,8,239,100.822
14,1.29683,33,3.55918e-10,3.55918e-10,1,1,91,29,22,9,1,10,253,100.751
14,1.29683,34,3.55918e-10,3.55918e-10,1,1,91,29,22,9,1,10,253,101.101
14,1.29683,35,3.55918e-10,3.55918e-10,1,1,89,29,22,8,0,8,239,101.051
14,1.40745,0,3.55918e-10,3.55918e-10,1,1,107,43,16,5,1,6,197,103.169
14,1.40745,1,3.55918e-10,3.55918e-10,1,1,107,43,16,5,1,6,197,102.933
14,1.40745,2,3.55918e-10,3.55918e-10,1,1,107,43,16,5,1,6,197,101.582
14,1.40745,3,3.55918e-10,3.55918e-10,1,1,107,43,16,5,1,6,197,103.707
14,1.40745,4,3.55918e-10,3.55918e-10,1,1,107,41,18,5,1,6,209,103.105
14,1.40745,5,3.55918e-10,3.55918e-10,1,1,107,41,18,5,1,6,209,102.194
14,1.40745,6,3.55918e-10,3.55918e-10,1,1,107,41,18,5,1,6,209,83.791
14,1.40745,7,3.55918e-10,3.55918e-10,1,1,107,41,18,5,1,6,209,100.639
14,1.40745,8,3.55918e-10,3.55918e-10,1,1,107,43,16,5,1,6,197,104.501
14,1.40745,9,3.55918e-10,3.55918e-10,1,1,107,43,16,5,1,6,197,101.96
14,1.40745,10,3.55918e-10,3.55918e-10,1,1,107,43,16,5,1,6,197,99.888
14,1.40745,11,3.55918e-10,3.55918e-10,1,1,107,43,16,5,1,6,197,103.344
14,1.40745,12,3.55918e-10,3.55918e-10,1,1,107,41,18,5,1,6,209,101.115
14,1.40745,13,3.55918e-10,3.55918e-10,1,1,107,41,18,5,1,6,209,102.94
14,1.40745,14,3.55918e-10,3.55918e-10,1,1,107,41,18,5,1,6,209,102.997
14,1.40745,15,3.55918e-10,3.55918e-10,1,1,107,41,18,5,1,6,209,100.045
14,1.40745,16,3.55918e-10,3.55918e-10,1,1,107,41,18,5,1,6,209,101.72
14,1.40745,17,3.55918e-10,3.55918e-10,1,1,107,41,18,5,1,6,209,103.376
14,1.40745,18,3.55918e-10,3.55918e-10,1,1,107,41,18,5,1,6,209,104.126
14,1.40745,19,3.55918e-10,3.55918e-10,1,1,107,41,18,5,1,6,209,104.162
14,1.40745,20,3.55918e-10,3.55918e-10,1,1,107,43,16,5,1,6,197,101.57
14,1.40745,21,3.55918e-10,3.55918e-10,1,1,107,43,16,5,1,6,197,104.715
14,1.40745,22,3.55918e-10,3.55918e-10,1,1,107,43,16,5,1,6,197,98.938
14,1.40745,23,3.55918e-10,3.55918e-10,1,1,107,43,16,5,1,6,197,100.299
14,1.40745,24,3.55918e-10,3.55918e-10,1,1,107,41,18,5,1,6,209,101.717
14,1.40745,25,3.55918e-10,3.55918e-10,1,1,107,41,18,5,1,6,209,103.1
14,1.40745,26,3.55918e-10,3.55918e-10,1,1,107,41,18,5,1,6,209,102.991
14,1.40745,27,3.55918e-10,3.55918e-10,1,1,107,41,18,5,1,6,209,84.059
14,1.40745,28,3.55918e-10,3.55918e-10,1,1,107,41,18,5,1,6,209,103.135
14,1.40745,29,3.55918e-10,3.55918e-10,1,1,107,41,18,5,1,6,209,102.868
14,1.40745,30,3.55918e-10,3.55918e-10,1,1,107,41,18,5,1,6,209,100.384
14,1.40745,31,3.55918e-10,3.55918e-10,1,1,107,41,18,5,1,6,209,100.053
14,1.40745,32,3.55918e-10,3.55918e-10,1,1,107,41,18,5,1,6,209,103.463
14,1.40745,33,3.55918e-10,3.55918e-10,1,1,107,41,18,5,1,6,209,103.968
14,1.40745,34,3.55918e-10,3.55918e-10,1,1,107,41,18,5,1,6,209,101.369
14,1.40745,35,3.55918e-10,3.55918e-10,1,1,107,41,18,5,1,6,209,98.969
14,1.51822,0,3.55918e-10,3.55918e-10,1,1,105,39,16,9,1,10,221,103.86
14,1.51822,1,3.55918e-10,3.55918e-10,1,1,103,39,16,8,0,8,207,103.819
14,1.51822,2,3.55918e-10,3.55918e-10,1,1,103,39,16,8,0,8,207,104.57
14,1.51822,3,3.55918e-10,3.55918e-10,1,1,105,39,16,9,1,10,221,104.769
14,1.51822,4,3.55918e-10,3.55918e-10,1,1,105,39,16,9,1,10,221,104.369
14,1.51822,5,3.55918e-10,3.55918e-10,1,1,103,39,16,8,0,8,207,104.197
14,1.51822,6,3.55918e-10,3.55918e-10,1,1,105,39,16,9,1,10,221,103.633
14,1.51822,7,3.55918e-10,3.55918e-10,1,1,103,39,16,8,0,8,207,104.141
14,1.51822,8,3.55918e-10,3.55918e-10,1,1,105,39,16,9,1,10,221,105.905
14,1.51822,9,3.55918e-10,3.55918e-10,1,1,103,39,16,8,0,8,207,105.206
14,1.51822,10,3.55918e-10,3.55918e-10,1,1,103,39,16,8,0,8,207,104.307
14,1.51822,11,3.55918e-10,3.55918e-10,1,1,105,39,16,9,1,10,221,83.02
14,1.51822,12,3.55918e-10,3.55918e-10,1,1,105,41,14,9,1,10,209,105.17
14,1.51822,13,3.55918e-10,3.55918e-10,1,1,103,41,14,8,0,8,195,105.41
14,1.51822,14,3.55918e-10,3.55918e-10,1,1,103,41,14,8,0,8,195,102.634
14,1.51822,15,3.55918e-10,3.55918e-10,1,1,105,41,14,9,1,10,209,104.507
14,1.51822,16,3.55918e-10,3.55918e-10,1,1,105,39,16,9,1,10,221,103.449
14,1.51822,17,3.55918e-10,3.55918e-10,1,1,103,39,16,8,0,8,207,103.058
14,1.51822,18,3.55918e-10,3.55918e-10,1,1,105,39,16,9,1,10,221,104.207
14,1.51822,19,3.55918e-10,3.55918e-10,1,1,103,39,16,8,0,8,207,105.5
14,1.51822,20,3.55918e-10,3.55918e-10,1,1,103,39,16,8,0,8,207,104.177
14,1.51822,21,3.55918e-10,3.55918e-10,1,1,105,39,16,9,1,10,221,104.216
14,1.51822,22,3.55918e-10,3.55918e-10,1,1,103,39,16,8,0,8,207,104.026
14,1.51822,23,3.55918e-10,3.55918e-10,1,1,105,39,16,9,1,10,221,103.904
14,1.51822,24,3.55918e-10,3.55918e-10,1,1,103,39,16,8,0,8,207,105.848
14,1.51822,25,3.55918e-10,3.55918e-10,1,1,105,39,16,9,1,10,221,105.581
14,1.51822,26,3.55918e-10,3.55918e-10,1,1,105,39,16,9,1,10,221,103.993
14,1.51822,27,3.55918e-10,3.55918e-10,1,1,103,39,16,8,0,8,207,102.359
14,1.51822,28,3.55918e-10,3.55918e-10,1,1,103,41,14,8,0,8,195,105.758
14,1.51822,29,3.55918e-10,3.55918e-10,1,1,105,41,14,9,1,10,209,106.02
14,1.51822,30,3.55918e-10,3.55918e-10,1,1,105,41,14,9,1,10,209,84.342
14,1.51822,31,3.55918e-10,3.55918e-10,1,1,103,41,14,8,0,8,195,104.525
14,1.51822,32,3.55918e-10,3.55918e-10,1,1,103,41,14,8,0,8,195,105.136
14,1.51822,33,3.55918e-10,3.55918e-10,1,1,105,41,14,9,1,10,209,104.827
14,1.51822,34,3.55918e-10,3.55918e-10,1,1,103,41,14,8,0,8,195,106.451
14,1.51822,35,3.55918e-10,3.55918e-10,1,1,105,41,14,9,1,10,209,106.403
14,1.62618,0,3.55918e-10,3.55918e-10,1,1,90,29,19,11,1,12,246,68.609
14,1.62618,1,3.55918e-10,3.55918e-10,1,1,90,29,19,11,1,12,246,68.709
14,1.62618,2,3.55918e-10,3.55918e-10,1,1,88,29,18,11,1,12,239,70.44
14,1.62618,3,3.55918e-10,3.55918e-10,1,1,88,29,18,11,1,12,239,71.66
14,1.62618,4,3.55918e-10,3.55918e-10,1,1,91,29,20,11,1,12,253,69.668
14,1.62618,5,3.55918e-10,3.55918e-10,1,1,91,29,20,11,1,12,253,70.974
14,1.62618,6,3.55918e-10,3.55918e-10,1,1,91,29,20,11,1,12,253,71.178
14,1.62618,7,3.55918e-10,3.55918e-10,1,1,91,29,20,11,1,12,253,71.18
14,1.62618,8,3.55918e-10,3.55918e-10,1,1,88,29,18,11,1,12,239,68.007
14,1.62618,9,3.55918e-10,3.55918e-10,1,1,88,29,18,11,1,12,239,68.845
14,1.62618,10,3.55918e-10,3.55918e-10,1,1,90,29,19,11,1,12,246,68.856
14,1.62618,11,3.55918e-10,3.55918e-10,1,1,90,29,19,11,1,12,246,68.131
14,1.62618,12,3.55918e-10,3.55918e-10,1,1,91,29,20,11,1,12,253,72.568
14,1.62618,13,3.55918e-10,3.55918e-10,1,1,91,29,20,11,1,12,253,73.81
14,1.62618,14,3.55918e-10,3.55918e-10,1,1,91,29,20,11,1,12,253,70.316
14,1.62618,15,3.55918e-10,3.55918e-10,1,1,91,29,20,11,1,12,253,69.414
14,1.62618,16,3.55918e-10,3.55918e-10,1,1,90,29,19,11,1,12,246,56.572
14,1.62618,17,3.55918e-10,3.55918e-10,1,1,88,29,18,11,1,12,239,69.371
14,1.62618,18,3.55918e-10,3.55918e-10,1,1,88,29,18,11,1,12,239,69.632
14,1.62618,19,3.55918e-10,3.55918e-10,1,1,90,29,19,11,1,12,246,70.403
14,1.62618,20,3.55918e-10,3.55918e-10,1,1,91,29,20,11,1,12,253,71.728
14,1.62618,21,3.55918e-10,3.55918e-10,1,1,91,29,20,11,1,12,253,73.725
14,1.62618,22,3.55918e-10,3.55918e-10,1,1,91,29,20,11,1,12,253,69.846
14,1.62618,23,3.55918e-10,3.55918e-10,1,1,91,29,20,11,1,12,253,69.163
14,1.62618,24,3.55918e-10,3.55918e-10,1,1,91,29,20,11,1,12,253,70.842
14,1.62618,25,3.55918e-10,3.55918e-10,1,1,91,29,20,11,1,12,253,69.972
14,1.62618,26,3.55918e-10,3.55918e-10,1,1,91,29,20,11,1,12,253,70.232
14,1.62618,27,3.55918e-10,3.55918e-10,1,1,91,29,20,11,1,12,253,72.47
14,1.62618,28,3.55918e-10,3.55918e-10,1,1,91,29,20,11,1,12,253,71.039
14,1.62618,29,3.55918e-10,3.55918e-10,1,1,91,29,20,11,1,12,253,69.987
14,1.62618,30,3.55918e-10,3.55918e-10,1,1,91,29,20,11,1,12,253,71.709
14,1.62618,31,3.55918e-10,3.55918e-10,1,1,91,29,20,11,1,12,253,71.74
14,1.62618,32,3.55918e-10,3.55918e-10,1,1,91,29,20,11,1,12,253,70.803
14,1.62618,33,3.55918e-10,3.55918e-10,1,1,91,29,20,11,1,12,253,73.312
14,1.62618,34,3.55918e-10,3.55918e-10,1,1,91,29,20,11,1,12,253,71.081
14,1.62618,35,3.55918e-10,3.55918e-10,1,1,91,29,20,11,1,12,253,69.843
14,1.73391,0,3.55918e-10,3.55918e-10,1,1,115,47,14,6,0,6,187,79.927
14,1.73391,1,3.55918e-10,3.55918e-10,1,1,117,47,14,7,1,8,201,80.42
14,1.73391,2,3.55918e-10,3.55918e-10,1,1,115,47,14,6,0,6,187,78.053
14,1.73391,3,3.55918e-10,3.55918e-10,1,1,117,47,14,7,1,8,201,63.065
14,1.73391,4,3.55918e-10,3.55918e-10,1,1,115,49,12,6,0,6,175,79.746
14,1.73391,5,3.55918e-10,3.55918e-10,1,1,117,49,12,7,1,8,189,79.819
14,1.73391,6,3.55918e-10,3.55918e-10,1,1,115,49,12,6,0,6,175,78.723
14,1.73391,7,3.55918e-10,3.55918e-10,1,1,117,49,12,7,1,8,189,78.927
14,1.73391,8,3.55918e-10,3.55918e-10,1,1,117,49,12,7,1,8,189,79.954
14,1.73391,9,3.55918e-10,3.55918e-10,1,1,115,49,12,6,0,6,175,79.059
14,1.73391,10,3.55918e-10,3.55918e-10,1,1,117,49,12,7,1,8,189,77.876
14,1.73391,11,3.55918e-10,3.55918e-10,1,1,115,49,12,6,0,6,175,78.743
14,1.73391,12,3.55918e-10,3.55918e-10,1,1,117,47,14,7,1,8,201,77.505
14,1.73391,13,3.55918e-10,3.55918e-10,1,1,115,47,14,6,0,6,187,78.44
14,1.73391,14,3.55918e-10,3.55918e-10,1,1,115,47,14,6,0,6,187,79.462
14,1.73391,15,3.55918e-10,3.55918e-10,1,1,117,47,14,7,1,8,201,79.575
14,1.73391,16,3.55918e-10,3.55918e-10,1,1,117,47,14,7,1,8,201,78.368
14,1.73391,17,3.55918e-10,3.55918e-10,1,1,115,47,14,6,0,6,187,78.588
14,1.73391,18,3.55918e-10,3.55918e-10,1,1,115,47,14,6,0,6,187,79.883
14,1.73391,19,3.55918e-10,3.55918e-10,1,1,117,47,14,7,1,8,201,80.099
14,1.73391,20,3.55918e-10,3.55918e-10,1,1,117,49,12,7,1,8,189,78.898
14,1.73391,21,3.55918e-10,3.55918e-10,1,1,115,49,12,6,0,6,175,78.667
14,1.73391,22,3.55918e-10,3.55918e-10,1,1,115,49,12,6,0,6,175,79.924
14,1.73391,23,3.55918e-10,3.55918e-10,1,1,117,49,12,7,1,8,189,80.043
14,1.73391,24,3.55918e-10,3.55918e-10,1,1,117,47,14,7,1,8,201,78.773
14,1.73391,25,3.55918e-10,3.55918e-10,1,1,115,47,14,6,0,6,187,78.548
14,1.73391,26,3.55918e-10,3.55918e-10,1,1,115,47,14,6,0,6,187,79.775
14,1.73391,27,3.55918e-10,3.55918e-10,1,1,117,47,14,7,1,8,201,79.571
14,1.73391,28,3.55918e-10,3.55918e-10,1,1,115,47,14,6,0,6,187,63.29
14,1.73391,29,3.55918e-10,3.55918e-10,1,1,117,47,14,7,1,8,201,78.928
14,1.73391,30,3.55918e-10,3.55918e-10,1,1,117,47,14,7,1,8,201,78.907
14,1.73391,31,3.55918e-10,3.55918e-10,1,1,115,47,14,6,0,6,187,79.41
14,1.73391,32,3.55918e-10,3.55918e-10,1,1,117,47,14,7,1,8,201,79.783
14,1.73391,33,3.55918e-10,3.55918e-10,1,1,115,47,14,6,0,6,187,79.61
14,1.73391,34,3.55918e-10,3.55918e-10,1,1,115,47,14,6,0,6,187,78.001
14,1.73391,35,3.55918e-10,3.55918e-10,1,1,117,47,14,7,1,8,201,77.934
14,1.84139,0,3.55918e-10,3.55918e-10,1,1,109,43,14,7,1,8,197,75.591
14,1.84139,1,3.55918e-10,3.55918e-10,1,1,109,43,14,7,1,8,197,75.743
14,1.84139,2,3.55918e-10,3.55918e-10,1,1,109,43,14,7,1,8,197,75.289
14,1.84139,3,3.55918e-10,3.55918e-10,1,1,109,43,14,7,1,8,197,71.851
14,1.84139,4,3.55918e-10,3.55918e-10,1,1,109,45,12,7,1,8,185,75.106
14,1.84139,5,3.55918e-10,3.55918e-10,1,1,109,45,12,7,1,8,185,75.589
14,1.84139,6,3.55918e-10,3.55918e-10,1,1,109,45,12,7,1,8,185,77.023
14,1.84139,7,3.55918e-10,3.55918e-10,1,1,109,45,12,7,1,8,185,75.896
14,1.84139,8,3.55918e-10,3.55918e-10,1,1,109,43,14,7,1,8,197,72.368
14,1.84139,9,3.55918e-10,3.55918e-10,1,1,109,43,14,7,1,8,197,75.723
14,1.84139,10,3.55918e-10,3.55918e-10,1,1,109,43,14,7,1,8,197,69.897
14,1.84139,11,3.55918e-10,3.55918e-10,1,1,109,43,14,7,1,8,197,75.618
14,1.84139,12,3.55918e-10,3.55918e-10,1,1,109,43,14,7,1,8,197,76.59
14,1.84139,13,3.55918e-10,3.55918e-10,1,1,109,43,14,7,1,8,197,75.518
14,1.84139,14,3.55918e-10,3.55918e-10,1,1,109,43,14,7,1,8,197,56.959
14,1.84139,15,3.55918e-10,3.55918e-10,1,1,109,43,14,7,1,8,197,71.049
14,1.84139,16,3.55918e-10,3.55918e-10,1,1,109,43,14,7,1,8,197,71.615
14,1.84139,17,3.55918e-10,3.55918e-10,1,1,109,43,14,7,1,8,197,76.545
14,1.84139,18,3.55918e-10,3.55918e-10,1,1,109,43,14,7,1,8,197,70.832
14,1.84139,19,3.55918e-10,3.55918e-10,1,1,109,43,14,7,1,8,197,77.356
14,1.84139,20,3.55918e-10,3.55918e-10,1,1,109,43,14,7,1,8,197,70.592
14,1.84139,21,3.55918e-10,3.55918e-10,1,1,109,43,14,7,1,8,197,75.865
14,1.84139,22,3.55918e-10,3.55918e-10,1,1,109,43,14,7,1,8,197,75.711
14,1.84139,23,3.55918e-10,3.55918e-10,1,1,109,43,14,7,1,8,197,76.035
14,1.84139,24,3.55918e-10,3.55918e-10,1,1,109,43,14,7,1,8,197,76.532
14,1.84139,25,3.55918e-10,3.55918e-10,1,1,109,43,14,7,1,8,197,70.142
14,1.84139,26,3.55918e-10,3.55918e-10,1,1,109,43,14,7,1,8,197,74.872
14,1.84139,27,3.55918e-10,3.55918e-10,1,1,109,43,14,7,1,8,197,71.31
14,1.84139,28,3.55918e-10,3.55918e-10,1,1,109,45,12,7,1,8,185,76.736
14,1.84139,29,3.55918e-10,3.55918e-10,1,1,109,45,12,7,1,8,185,71.21
14,1.84139,30,3.55918e-10,3.55918e-10,1,1,109,45,12,7,1,8,185,77.026
14,1.84139,31,3.55918e-10,3.55918e-10,1,1,109,45,12,7,1,8,185,72.259
14,1.84139,32,3.55918e-10,3.55918e-10,1,1,109,45,12,7,1,8,185,56.51
14,1.84139,33,3.55918e-10,3.55918e-10,1,1,109,45,12,7,1,8,185,71.345
14,1.84139,34,3.55918e-10,3.55918e-10,1,1,109,45,12,7,1,8,185,72.083
14,1.84139,35,3.55918e-10,3.55918e-10,1,1,109,45,12,7,1,8,185,75.85
14,1.94916,0,3.55918e-10,3.55918e-10,1,1,124,53,13,3,1,4,172,91.777
14,1.94916,1,3.55918e-10,3.55918e-10,1,1,124,53,13,3,1,4,172,94.013
14,1.94916,2,3.55918e-10,3.55918e-10,1,1,124,53,13,3,1,4,172,95.457
14,1.94916,3,3.55918e-10,3.55918e-10,1,1,122,53,12,3,1,4,165,92.927
14,1.94916,4,3.55918e-10,3.55918e-10,1,1,125,53,14,3,1,4,179,92.998
14,1.94916,5,3.55918e-10,3.55918e-10,1,1,125,53,14,3,1,4,179,94.242
14,1.94916,6,3.55918e-10,3.55918e-10,1,1,125,53,14,3,1,4,179,94.985
14,1.94916,7,3.55918e-10,3.55918e-10,1,1,125,53,14,3,1,4,179,91.056
14,1.94916,8,3.55918e-10,3.55918e-10,1,1,125,53,14,3,1,4,179,93.982
14,1.94916,9,3.55918e-10,3.55918e-10,1,1,125,53,14,3,1,4,179,93.336
14,1.94916,10,3.55918e-10,3.55918e-10,1,1,125,53,14,3,1,4,179,73.96
14,1.94916,11,3.55918e-10,3.55918e-10,1,1,125,53,14,3,1,4,179,94.927
14,1.94916,12,3.55918e-10,3.55918e-10,1,1,125,53,14,3,1,4,179,91.052
14,1.94916,13,3.55918e-10,3.55918e-10,1,1,125,53,14,3,1,4,179,95.734
14,1.94916,14,3.55918e-10,3.55918e-10,1,1,125,53,14,3,1,4,179,95.91
14,1.94916,15,3.55918e-10,3.55918e-10,1,1,125,53,14,3,1,4,179,91.623
14,1.94916,16,3.55918e-10,3.55918e-10,1,1,125,53,14,3,1,4,179,96.665
14,1.94916,17,3.55918e-10,3.55918e-10,1,1,125,53,14,3,1,4,179,96.067
14,1.94916,18,3.55918e-10,3.55918e-10,1,1,125,53,14,3,1,4,179,93.296
14,1.94916,19,3.55918e-10,3.55918e-10,1,1,125,53,14,3,1,4,179,94.486
14,1.94916,20,3.55918e-10,3.55918e-10,1,1,125,53,14,3,1,4,179,95.499
14,1.94916,21,3.55918e-10,3.55918e-10,1,1,125,53,14,3,1,4,179,92.196
14,1.94916,22,3.55918e-10,3.55918e-10,1,1,125,53,14,3,1,4,179,92.058
14,1.94916,23,3.55918e-10,3.55918e-10,1,1,125,53,14,3,1,4,179,95.889
14,1.94916,24,3.55918e-10,3.55918e-10,1,1,122,53,12,3,1,4,165,94.457
14,1.94916,25,3.55918e-10,3.55918e-10,1,1,124,53,13,3,1,4,172,93.223
14,1.94916,26,3.55918e-10,3.55918e-10,1,1,124,53,13,3,1,4,172,93.207
14,1.94916,27,3.55918e-10,3.55918e-10,1,1,122,53,12,3,1,4,165,93.297
14,1.94916,28,3.55918e-10,3.55918e-10,1,1,124,53,13,3,1,4,172,95.551
14,1.94916,29,3.55918e-10,3.55918e-10,1,1,124,53,13,3,1,4,172,97.215
14,1.94916,30,3.55918e-10,3.55918e-10,1,1,122,53,12,3,1,4,165,91.968
14,1.94916,31,3.55918e-10,3.55918e-10,1,1,124,53,13,3,1,4,172,95.896
14,1.94916,32,3.55918e-10,3.55918e-10,1,1,125,53,14,3,1,4,179,93.383
14,1.94916,33,3.55918e-10,3.55918e-10,1,1,125,53,14,3,1,4,179,93.356
14,1.94916,34,3.55918e-10,3.55918e-10,1,1,125,53,14,3,1,4,179,95.309
14,1.94916,35,3.55918e-10,3.55918e-10,1,1,125,53,14,3,1,4,179,77.833
14,2.05917,0,3.55918e-10,3.55918e-10,1,1,88,25,20,16,1,17,284,111.948
14,2.05917,1,3.55918e-10,3.55918e-10,1,1,88,25,20,16,1,17,284,109.508
14,2.05917,2,3.55918e-10,3.55918e-10,1,1,88,25,20,16,1,17,284,105.707
14,2.05917,3,3.55918e-10,3.55918e-10,1,1,88,25,20,16,1,17,284,106.129
14,2.05917,4,3.55918e-10,3.55918e-10,1,1,87,25,19,16,1,17,277,105.507
14,2.05917,5,3.55918e-10,3.55918e-10,1,1,85,25,18,16,1,17,270,108.133
14,2.05917,6,3.55918e-10,3.55918e-10,1,1,85,25,18,16,1,17,270,111.847
14,2.05917,7,3.55918e-10,3.55918e-10,1,1,85,25,18,16,1,17,270,108.346
14,2.05917,8,3.55918e-10,3.55918e-10,1,1,88,25,20,16,1,17,284,108.83
14,2.05917,9,3.55918e-10,3.55918e-10,1,1,88,25,20,16,1,17,284,108.872
14,2.05917,10,3.55918e-10,3.55918e-10,1,1,88,25,20,16,1,17,284,109.002
14,2.05917,11,3.55918e-10,3.55918e-10,1,1,88,25,20,16,1,17,284,110.552
14,2.05917,12,3.55918e-10,3.55918e-10,1,1,88,25,20,16,1,17,284,104.651
14,2.05917,13,3.55918e-10,3.55918e-10,1,1,88,25,20,16,1,17,284,107.892
14,2.05917,14,3.55918e-10,3.55918e-10,1,1,88,25,20,16,1,17,284,108.951
14,2.05917,15,3.55918e-10,3.55918e-10,1,1,88,25,20,16,1,17,284,111.605
14,2.05917,16,3.55918e-10,3.55918e-10,1,1,88,25,20,16,1,17,284,109.011
14,2.05917,17,3.55918e-10,3.55918e-10,1,1,88,25,20,16,1,17,284,106.249
14,2.05917,18,3.55918e-10,3.55918e-10,1,1,88,25,20,16,1,17,284,111.214
14,2.05917,19,3.55918e-10,3.55918e-10,1,1,88,25,20,16,1,17,284,107.863
14,2.05917,20,3.55918e-10,3.55918e-10,1,1,88,25,20,16,1,17,284,109.318
14,2.05917,21,3.55918e-10,3.55918e-10,1,1,88,25,20,16,1,17,284,109.234
14,2.05917,22,3.55918e-10,3.55918e-10,1,1,88,25,20,16,1,17,284,87.671
14,2.05917,23,3.55918e-10,3.55918e-10,1,1,88,25,20,16,1,17,284,109.994
14,2.05917,24,3.55918e-10,3.55918e-10,1,1,85,25,18,16,1,17,270,105.123
14,2.05917,25,3.55918e-10,3.55918e-10,1,1,85,25,18,16,1,17,270,108.715
14,2.05917,26,3.55918e-10,3.55918e-10,1,1,87,25,19,16,1,17,277,109.719
14,2.05917,27,3.55918e-10,3.55918e-10,1,1,87,25,19,16,1,17,277,111.757
14,2.05917,28,3.55918e-10,3.55918e-10,1,1,88,25,20,16,1,17,284,106.612
14,2.05917,29,3.55918e-10,3.55918e-10,1,1,88,25,20,16,1,17,284,107.144
14,2.05917,30,3.55918e-10,3.55918e-10,1,1,88,25,20,16,1,17,284,110.772
14,2.05917,31,3.55918e-10,3.55918e-10,1,1,88,25,20,16,1,17,284,107.827
14,2.05917,32,3.55918e-10,3.55918e-10,1,1,87,25,19,16,1,17,277,108.243
14,2.05917,33,3.55918e-10,3.55918e-10,1,1,87,25,19,16,1,17,277,111.441
14,2.05917,34,3.55918e-10,3.55918e-10,1,1,85,25,18,16,1,17,270,107.723
14,2.05917,35,3.55918e-10,3.55918e-10,1,1,87,25,19,16,1,17,277,108.805
14,2.16727,0,3.55918e-10,3.55918e-10,1,1,93,35,18,6,0,6,203,120.378
14,2.16727,1,3.55918e-10,3.55918e-10,1,1,95,35,18,7,1,8,217,120.619
14,2.16727,2,3.55918e-10,3.55918e-10,1,1,93,35,18,6,0,6,203,108.387
14,2.16727,3,3.55918e-10,3.55918e-10,1,1,95,35,18,7,1,8,217,110.139
14,2.16727,4,3.55918e-10,3.55918e-10,1,1,95,33,20,7,1,8,229,120.148
14,2.16727,5,3.55918e-10,3.55918e-10,1,1,93,33,20,6,0,6,215,120.226
14,2.16727,6,3.55918e-10,3.55918e-10,1,1,93,33,20,6,0,6,215,88.012
14,2.16727,7,3.55918e-10,3.55918e-10,1,1,95,33,20,7,1,8,229,109.846
14,2.16727,8,3.55918e-10,3.55918e-10,1,1,93,33,20,6,0,6,215,109.925
14,2.16727,9,3.55918e-10,3.55918e-10,1,1,95,33,20,7,1,8,229,110.143
14,2.16727,10,3.55918e-10,3.55918e-10,1,1,95,33,20,7,1,8,229,120.056
14,2.16727,11,3.55918e-10,3.55918e-10,1,1,93,33,20,6,0,6,215,120.526
14,2.16727,12,3.55918e-10,3.55918e-10,1,1,93,35,18,6,0,6,203,120.61
14,2.16727,13,3.55918e-10,3.55918e-10,1,1,95,35,18,7,1,8,217,119.869
14,2.16727,14,3.55918e-10,3.55918e-10,1,1,95,35,18,7,1,8,217,108.408
14,2.16727,15,3.55918e-10,3.55918e-10,1,1,93,35,18,6,0,6,203,109.812
14,2.16727,16,3.55918e-10,3.55918e-10,1,1,95,33,20,7,1,8,229,120.697
14,2.16727,17,3.55918e-10,3.55918e-10,1,1,93,33,20,6,0,6,215,118.611
14,2.16727,18,3.55918e-10,3.55918e-10,1,1,93,33,20,6,0,6,215,116.918
14,2.16727,19,3.55918e-10,3.55918e-10,1,1,95,33,20,7,1,8,229,118.943
14,2.16727,20,3.55918e-10,3.55918e-10,1,1,93,33,20,6,0,6,215,118.909
14,2.16727,21,3.55918e-10,3.55918e-10,1,1,95,33,20,7,1,8,229,118.551
14,2.16727,22,3.55918e-10,3.55918e-10,1,1,93,33,20,6,0,6,215,120.421
14,2.16727,23,3.55918e-10,3.55918e-10,1,1,95,33,20,7,1,8,229,118.614
14,2.16727,24,3.55918e-10,3.55918e-10,1,1,95,35,18,7,1,8,217,109.776
14,2.16727,25,3.55918e-10,3.55918e-10,1,1,93,35,18,6,0,6,203,109.917
14,2.16727,26,3.55918e-10,3.55918e-10,1,1,95,35,18,7,1,8,217,97.109
14,2.16727,27,3.55918e-10,3.55918e-10,1,1,93,35,18,6,0,6,203,119.799
14,2.16727,28,3.55918e-10,3.55918e-10,1,1,95,33,20,7,1,8,229,118.469
14,2.16727,29,3.55918e-10,3.55918e-10,1,1,93,33,20,6,0,6,215,118.64
14,2.16727,30,3.55918e-10,3.55918e-10,1,1,93,33,20,6,0,6,215,119.334
14,2.16727,31,3.55918e-10,3.55918e-10,1,1,95,33,20,7,1,8,229,120.077
14,2.16727,32,3.55918e-10,3.55918e-10,1,1,95,33,20,7,1,8,229,110.11
14,2.16727,33,3.55918e-10,3.55918e-10,1,1,93,33,20,6,0,6,215,109.82
14,2.16727,34,3.55918e-10,3.55918e-10,1,1,93,33,20,6,0,6,215,119.883
14,2.16727,35,3.55918e-10,3.55918e-10,1,1,95,33,20,7,1,8,229,120.183
14,2.27464,0,3.55918e-10,3.55918e-10,1,1,95,35,20,6,0,6,217,103.663
14,2.27464,1,3.55918e-10,3.55918e-10,1,1,97,35,20,7,1,8,231,102.001
14,2.27464,2,3.55918e-10,3.55918e-10,1,1,97,35,20,7,1,8,231,94.555
14,2.27464,3,3.55918e-10,3.55918e-10,1,1,95,35,20,6,0,6,217,97.7
14,2.27464,4,3.55918e-10,3.55918e-10,1,1,95,35,20,6,0,6,217,103.569
14,2.27464,5,3.55918e-10,3.55918e-10,1,1,97,35,20,7,1,8,231,101.061
14,2.27464,6,3.55918e-10,3.55918e-10,1,1,95,35,20,6,0,6,217,96.859
14,2.27464,7,3.55918e-10,3.55918e-10,1,1,97,35,20,7,1,8,231,75.071
14,2.27464,8,3.55918e-10,3.55918e-10,1,1,95,33,22,6,0,6,229,98.154
14,2.27464,9,3.55918e-10,3.55918e-10,1,1,97,33,22,7,1,8,243,98.593
14,2.27464,10,3.55918e-10,3.55918e-10,1,1,95,33,22,6,0,6,229,90.613
14,2.27464,11,3.55918e-10,3.55918e-10,1,1,97,33,22,7,1,8,243,90.833
14,2.27464,12,3.55918e-10,3.55918e-10,1,1,95,33,22,6,0,6,229,92.154
14,2.27464,13,3.55918e-10,3.55918e-10,1,1,97,33,22,7,1,8,243,92.298
14,2.27464,14,3.55918e-10,3.55918e-10,1,1,95,33,22,6,0,6,229,96.819
14,2.27464,15,3.55918e-10,3.55918e-10,1,1,97,33,22,7,1,8,243,96.177
14,2.27464,16,3.55918e-10,3.55918e-10,1,1,97,35,20,7,1,8,231,100.923
14,2.27464,17,3.55918e-10,3.55918e-10,1,1,95,35,20,6,0,6,217,104.162
14,2.27464,18,3.55918e-10,3.55918e-10,1,1,95,35,20,6,0,6,217,96.473
14,2.27464,19,3.55918e-10,3.55918e-10,1,1,97,35,20,7,1,8,231,93.387
14,2.27464,20,3.55918e-10,3.55918e-10,1,1,97,33,22,7,1,8,243,90.541
14,2.27464,21,3.55918e-10,3.55918e-10,1,1,95,33,22,6,0,6,229,90.619
14,2.27464,22,3.55918e-10,3.55918e-10,1,1,97,33,22,7,1,8,243,99.777
14,2.27464,23,3.55918e-10,3.55918e-10,1,1,95,33,22,6,0,6,229,99.745
14,2.27464,24,3.55918e-10,3.55918e-10,1,1,97,33,22,7,1,8,243,100.73
14,2.27464,25,3.55918e-10,3.55918e-10,1,1,95,33,22,6,0,6,229,99.98
14,2.27464,26,3.55918e-10,3.55918e-10,1,1,95,33,22,6,0,6,229,100.419
14,2.27464,27,3.55918e-10,3.55918e-10,1,1,97,33,22,7,1,8,243,100.176
14,2.27464,28,3.55918e-10,3.55918e-10,1,1,97,33,22,7,1,8,243,93.079
14,2.27464,29,3.55918e-10,3.55918e-10,1,1,95,33,22,6,0,6,229,91.973
14,2.27464,30,3.55918e-10,3.55918e-10,1,1,95,33,22,6,0,6,229,100.029
14,2.27464,31,3.55918e-10,3.55918e-10,1,1,97,33,22,7,1,8,243,99.933
14,2.27464,32,3.55918e-10,3.55918e-10,1,1,95,33,22,6,0,6,229,73.949
14,2.27464,33,3.55918e-10,3.55918e-10,1,1,97,33,22,7,1,8,243,92.67
14,2.27464,34,3.55918e-10,3.55918e-10,1,1,97,33,22,7,1,8,243,97.404
14,2.27464,35,3.55918e-10,3.55918e-10,1,1,95,33,22,6,0,6,229,97.227
14,2.38392,0,3.55918e-10,3.55918e-10,1,1,106,43,16,4,1,5,190,88.203
14,2.38392,1,3.55918e-10,3.55918e-10,1,1,104,43,16,3,0,3,176,88.001
14,2.38392,2,3.55918e-10,3.55918e-10,1,1,104,43,16,3,0,3,176,94.805
14,2.38392,3,3.55918e-10,3.55918e-10,1,1,106,43,16,4,1,5,190,95.186
14,2.38392,4,3.55918e-10,3.55918e-10,1,1,104,41,18,3,0,3,188,93.773
14,2.38392,5,3.55918e-10,3.55918e-10,1,1,106,41,18,4,1,5,202,93.811
14,2.38392,6,3.55918e-10,3.55918e-10,1,1,104,41,18,3,0,3,188,90.44
14,2.38392,7,3.55918e-10,3.55918e-10,1,1,106,41,18,4,1,5,202,90.464
14,2.38392,8,3.55918e-10,3.55918e-10,1,1,104,43,16,3,0,3,176,89.679
14,2.38392,9,3.55918e-10,3.55918e-10,1,1,106,43,16,4,1,5,190,89.526
14,2.38392,10,3.55918e-10,3.55918e-10,1,1,106,43,16,4,1,5,190,91.239
14,2.38392,11,3.55918e-10,3.55918e-10,1,1,104,43,16,3,0,3,176,95.548
14,2.38392,12,3.55918e-10,3.55918e-10,1,1,106,41,18,4,1,5,202,87.101
14,2.38392,13,3.55918e-10,3.55918e-10,1,1,104,41,18,3,0,3,188,87.005
14,2.38392,14,3.55918e-10,3.55918e-10,1,1,106,41,18,4,1,5,202,89.351
14,2.38392,15,3.55918e-10,3.55918e-10,1,1,104,41,18,3,0,3,188,76.943
14,2.38392,16,3.55918e-10,3.55918e-10,1,1,106,41,18,4,1,5,202,90.717
14,2.38392,17,3.55918e-10,3.55918e-10,1,1,104,41,18,3,0,3,188,91.028
14,2.38392,18,3.55918e-10,3.55918e-10,1,1,106,41,18,4,1,5,202,93.961
14,2.38392,19,3.55918e-10,3.55918e-10,1,1,104,41,18,3,0,3,188,95.304
14,2.38392,20,3.55918e-10,3.55918e-10,1,1,104,41,18,3,0,3,188,89.157
14,2.38392,21,3.55918e-10,3.55918e-10,1,1,106,41,18,4,1,5,202,89.205
14,2.38392,22,3.55918e-10,3.55918e-10,1,1,104,41,18,3,0,3,188,86.903
14,2.38392,23,3.55918e-10,3.55918e-10,1,1,106,41,18,4,1,5,202,87.514
14,2.38392,24,3.55918e-10,3.55918e-10,1,1,104,43,16,3,0,3,176,94.967
14,2.38392,25,3.55918e-10,3.55918e-10,1,1,106,43,16,4,1,5,190,93.685
14,2.38392,26,3.55918e-10,3.55918e-10,1,1,106,43,16,4,1,5,190,89.542
14,2.38392,27,3.55918e-10,3.55918e-10,1,1,104,43,16,3,0,3,176,89.28
14,2.38392,28,3.55918e-10,3.55918e-10,1,1,104,41,18,3,0,3,188,89.385
14,2.38392,29,3.55918e-10,3.55918e-10,1,1,106,41,18,4,1,5,202,89.45
14,2.38392,30,3.55918e-10,3.55918e-10,1,1,106,41,18,4,1,5,202,85.84
14,2.38392,31,3.55918e-10,3.55918e-10,1,1,104,41,18,3,0,3,188,85.927
14,2.38392,32,3.55918e-10,3.55918e-10,1,1,104,41,18,3,0,3,188,95.119
14,2.38392,33,3.55918e-10,3.55918e-10,1,1,106,41,18,4,1,5,202,95.034
14,2.38392,34,3.55918e-10,3.55918e-10,1,1,104,41,18,3,0,3,188,90.666
14,2.38392,35,3.55918e-10,3.55918e-10,1,1,106,41,18,4,1,5,202,89.681
14,2.49157,0,3.55918e-10,3.55918e-10,1,1,123,51,14,5,1,6,191,53.11
14,2.49157,1,3.55918e-10,3.55918e-10,1,1,123,51,14,5,1,6,191,62.63
14,2.49157,2,3.55918e-10,3.55918e-10,1,1,123,51,14,5,1,6,191,63.594
14,2.49157,3,3.55918e-10,3.55918e-10,1,1,123,51,14,5,1,6,191,68.053
14,2.49157,4,3.55918e-10,3.55918e-10,1,1,123,51,14,5,1,6,191,71.39
14,2.49157,5,3.55918e-10,3.55918e-10,1,1,123,51,14,5,1,6,191,66.956
14,2.49157,6,3.55918e-10,3.55918e-10,1,1,123,51,14,5,1,6,191,64.01
14,2.49157,7,3.55918e-10,3.55918e-10,1,1,123,51,14,5,1,6,191,66.645
14,2.49157,8,3.55918e-10,3.55918e-10,1,1,123,51,14,5,1,6,191,70.347
14,2.49157,9,3.55918e-10,3.55918e-10,1,1,123,51,14,5,1,6,191,65.299
14,2.49157,10,3.55918e-10,3.55918e-10,1,1,123,51,14,5,1,6,191,65.002
14,2.49157,11,3.55918e-10,3.55918e-10,1,1,123,51,14,5,1,6,191,65.988
14,2.49157,12,3.55918e-10,3.55918e-10,1,1,123,53,12,5,1,6,179,73.145
14,2.49157,13,3.55918e-10,3.55918e-10,1,1,123,53,12,5,1,6,179,67.611
14,2.49157,14,3.55918e-10,3.55918e-10,1,1,123,53,12,5,1,6,179,57.018
14,2.49157,15,3.55918e-10,3.55918e-10,1,1,123,53,12,5,1,6,179,68.497
14,2.49157,16,3.55918e-10,3.55918e-10,1,1,123,51,14,5,1,6,191,67.862
14,2.49157,17,3.55918e-10,3.55918e-10,1,1,123,51,14,5,1,6,191,68.305
14,2.49157,18,3.55918e-10,3.55918e-10,1,1,123,51,14,5,1,6,191,64.815
14,2.49157,19,3.55918e-10,3.55918e-10,1,1,123,51,14,5,1,6,191,71.592
14,2.49157,20,3.55918e-10,3.55918e-10,1,1,123,53,12,5,1,6,179,70.574
14,2.49157,21,3.55918e-10,3.55918e-10,1,1,123,53,12,5,1,6,179,72.156
14,2.49157,22,3.55918e-10,3.55918e-10,1,1,123,53,12,5,1,6,179,66.48
14,2.49157,23,3.55918e-10,3.55918e-10,1,1,123,53,12,5,1,6,179,68.661
14,2.49157,24,3.55918e-10,3.55918e-10,1,1,123,51,14,5,1,6,191,70.456
14,2.49157,25,3.55918e-10,3.55918e-10,1,1,123,51,14,5,1,6,191,65.583
14,2.49157,26,3.55918e-10,3.55918e-10,1,1,123,51,14,5,1,6,191,65.29
14,2.49157,27,3.55918e-10,3.55918e-10,1,1,123,51,14,5,1,6,191,62.964
14,2.49157,28,3.55918e-10,3.55918e-10,1,1,123,53,12,5,1,6,179,70.429
14,2.49157,29,3.55918e-10,3.55918e-10,1,1,123,53,12,5,1,6,179,69.182
14,2.49157,30,3.55918e-10,3.55918e-10,1,1,123,53,12,5,1,6,179,72.427
14,2.49157,31,3.55918e-10,3.55918e-10,1,1,123,53,12,5,1,6,179,71.026
14,2.49157,32,3.55918e-10,3.55918e-10,1,1,123,51,14,5,1,6,191,64.997
14,2.49157,33,3.55918e-10,3.55918e-10,1,1,123,51,14,5,1,6,191,63.657
14,2.49157,34,3.55918e-10,3.55918e-10,1,1,123,51,14,5,1,6,191,64.823
14,2.49157,35,3.55918e-10,3.55918e-10,1,1,123,51,14,5,1,6,191,68.53
14,2.59973,0,3.55918e-10,3.55918e-10,1,1,111,43,16,7,1,8,211,106.451
14,2.59973,1,3.55918e-10,3.55918e-10,1,1,111,43,16,7,1,8,211,104.161
14,2.59973,2,3.55918e-10,3.55918e-10,1,1,111,43,16,7,1,8,211,107.272
14,2.59973,3,3.55918e-10,3.55918e-10,1,1,111,43,16,7,1,8,211,86.696
14,2.59973,4,3.55918e-10,3.55918e-10,1,1,111,43,16,7,1,8,211,106.123
14,2.59973,5,3.55918e-10,3.55918e-10,1,1,111,43,16,7,1,8,211,106.49
14,2.59973,6,3.55918e-10,3.55918e-10,1,1,111,43,16,7,1,8,211,106.066
14,2.59973,7,3.55918e-10,3.55918e-10,1,1,111,43,16,7,1,8,211,106.188
14,2.59973,8,3.55918e-10,3.55918e-10,1,1,111,43,16,7,1,8,211,107.775
14,2.59973,9,3.55918e-10,3.55918e-10,1,1,111,43,16,7,1,8,211,106.13
14,2.59973,10,3.55918e-10,3.55918e-10,1,1,111,43,16,7,1,8,211,105.337
14,2.59973,11,3.55918e-10,3.55918e-10,1,1,111,43,16,7,1,8,211,103.943
14,2.59973,12,3.55918e-10,3.55918e-10,1,1,111,43,16,7,1,8,211,107.752
14,2.59973,13,3.55918e-10,3.55918e-10,1,1,111,43,16,7,1,8,211,107.655
14,2.59973,14,3.55918e-10,3.55918e-10,1,1,111,43,16,7,1,8,211,105.201
14,2.59973,15,3.55918e-10,3.55918e-10,1,1,111,43,16,7,1,8,211,104.505
14,2.59973,16,3.55918e-10,3.55918e-10,1,1,111,43,16,7,1,8,211,106.072
14,2.59973,17,3.55918e-10,3.55918e-10,1,1,111,43,16,7,1,8,211,104.147
14,2.59973,18,3.55918e-10,3.55918e-10,1,1,111,43,16,7,1,8,211,107.684
14,2.59973,19,3.55918e-10,3.55918e-10,1,1,111,43,16,7,1,8,211,108.464
14,2.59973,20,3.55918e-10,3.55918e-10,1,1,111,45,14,7,1,8,199,108.757
14,2.59973,21,3.55918e-10,3.55918e-10,1,1,111,45,14,7,1,8,199,107.618
14,2.59973,22,3.55918e-10,3.55918e-10,1,1,111,45,14,7,1,8,199,106.764
14,2.59973,23,3.55918e-10,3.55918e-10,1,1,111,45,14,7,1,8,199,104.364
14,2.59973,24,3.55918e-10,3.55918e-10,1,1,111,45,14,7,1,8,199,105.907
14,2.59973,25,3.55918e-10,3.55918e-10,1,1,111,45,14,7,1,8,199,104.282
14,2.59973,26,3.55918e-10,3.55918e-10,1,1,111,45,14,7,1,8,199,86.895
14,2.59973,27,3.55918e-10,3.55918e-10,1,1,111,45,14,7,1,8,199,107.695
14,2.59973,28,3.55918e-10,3.55918e-10,1,1,111,43,16,7,1,8,211,105.472
14,2.59973,29,3.55918e-10,3.55918e-10,1,1,111,43,16,7,1,8,211,105.089
14,2.59973,30,3.55918e-10,3.55918e-10,1,1,111,43,16,7,1,8,211,108.151
14,2.59973,31,3.55918e-10,3.55918e-10,1,1,111,43,16,7,1,8,211,107.189
14,2.59973,32,3.55918e-10,3.55918e-10,1,1,111,45,14,7,1,8,199,106.034
14,2.59973,33,3.55918e-10,3.55918e-10,1,1,111,45,14,7,1,8,199,106.231
14,2.59973,34,3.55918e-10,3.55918e-10,1,1,111,45,14,7,1,8,199,105.509
14,2.59973,35,3.55918e-10,3.55918e-10,1,1,111,45,14,7,1,8,199,104.325
14,2.7057,0,3.55918e-10,3.55918e-10,1,1,99,33,18,13,1,14,257,100.309
14,2.7057,1,3.55918e-10,3.55918e-10,1,1,97,33,18,12,0,12,243,100.416
14,2.7057,2,3.55918e-10,3.55918e-10,1,1,99,33,18,13,1,14,257,99.828
14,2.7057,3,3.55918e-10,3.55918e-10,1,1,97,33,18,12,0,12,243,99.787
14,2.7057,4,3.55918e-10,3.55918e-10,1,1,99,33,18,13,1,14,257,95.363
14,2.7057,5,3.55918e-10,3.55918e-10,1,1,97,33,18,12,0,12,243,95.162
14,2.7057,6,3.55918e-10,3.55918e-10,1,1,97,33,18,12,0,12,243,98.742
14,2.7057,7,3.55918e-10,3.55918e-10,1,1,99,33,18,13,1,14,257,98.087
14,2.7057,8,3.55918e-10,3.55918e-10,1,1,97,33,18,12,0,12,243,99.81
14,2.7057,9,3.55918e-10,3.55918e-10,1,1,99,33,18,13,1,14,257,99.702
14,2.7057,10,3.55918e-10,3.55918e-10,1,1,97,33,18,12,0,12,243,100.236
14,2.7057,11,3.55918e-10,3.55918e-10,1,1,99,33,18,13,1,14,257,100.472
14,2.7057,12,3.55918e-10,3.55918e-10,1,1,97,35,16,12,0,12,231,98.974
14,2.7057,13,3.55918e-10,3.55918e-10,1,1,99,35,16,13,1,14,245,98.871
14,2.7057,14,3.55918e-10,3.55918e-10,1,1,97,35,16,12,0,12,231,100.115
14,2.7057,15,3.55918e-10,3.55918e-10,1,1,99,35,16,13,1,14,245,100.852
14,2.7057,16,3.55918e-10,3.55918e-10,1,1,97,35,16,12,0,12,231,79.252
14,2.7057,17,3.55918e-10,3.55918e-10,1,1,99,35,16,13,1,14,245,98.654
14,2.7057,18,3.55918e-10,3.55918e-10,1,1,99,35,16,13,1,14,245,100.621
14,2.7057,19,3.55918e-10,3.55918e-10,1,1,97,35,16,12,0,12,231,100.424
14,2.7057,20,3.55918e-10,3.55918e-10,1,1,99,33,18,13,1,14,257,99.251
14,2.7057,21,3.55918e-10,3.55918e-10,1,1,97,33,18,12,0,12,243,98.43
14,2.7057,22,3.55918e-10,3.55918e-10,1,1,99,33,18,13,1,14,257,95.276
14,2.7057,23,3.55918e-10,3.55918e-10,1,1,97,33,18,12,0,12,243,95.097
14,2.7057,24,3.55918e-10,3.55918e-10,1,1,99,33,18,13,1,14,257,100.063
14,2.7057,25,3.55918e-10,3.55918e-10,1,1,97,33,18,12,0,12,243,99.358
14,2.7057,26,3.55918e-10,3.55918e-10,1,1,99,33,18,13,1,14,257,98.941
14,2.7057,27,3.55918e-10,3.55918e-10,1,1,97,33,18,12,0,12,243,99.635
14,2.7057,28,3.55918e-10,3.55918e-10,1,1,99,35,16,13,1,14,245,98.675
14,2.7057,29,3.55918e-10,3.55918e-10,1,1,97,35,16,12,0,12,231,98.844
14,2.7057,30,3.55918e-10,3.55918e-10,1,1,97,35,16,12,0,12,231,98.876
14,2.7057,31,3.55918e-10,3.55918e-10,1,1,99,35,16,13,1,14,245,100.397
14,2.7057,32,3.55918e-10,3.55918e-10,1,1,97,33,18,12,0,12,243,94.569
14,2.7057,33,3.55918e-10,3.55918e-10,1,1,99,33,18,13,1,14,257,95.585
14,2.7057,34,3.55918e-10,3.55918e-10,1,1,99,33,18,13,1,14,257,79.399
14,2.7057,35,3.55918e-10,3.55918e-10,1,1,97,33,18,12,0,12,243,98.83
14,2.8162,0,3.55918e-10,3.55918e-10,1,1,100,37,18,6,1,7,212,105.886
14,2.8162,1,3.55918e-10,3.55918e-10,1,1,100,37,18,6,1,7,212,103.031
14,2.8162,2,3.55918e-10,3.55918e-10,1,1,100,37,18,6,1,7,212,104.613
14,2.8162,3,3.55918e-10,3.55918e-10,1,1,100,37,18,6,1,7,212,108.178
14,2.8162,4,3.55918e-10,3.55918e-10,1,1,100,39,16,6,1,7,200,108.003
14,2.8162,5,3.55918e-10,3.55918e-10,1,1,100,39,16,6,1,7,200,109.261
14,2.8162,6,3.55918e-10,3.55918e-10,1,1,100,39,16,6,1,7,200,105.366
14,2.8162,7,3.55918e-10,3.55918e-10,1,1,100,39,16,6,1,7,200,101.223
14,2.8162,8,3.55918e-10,3.55918e-10,1,1,100,39,16,6,1,7,200,107.369
14,2.8162,9,3.55918e-10,3.55918e-10,1,1,100,39,16,6,1,7,200,106.571
14,2.8162,10,3.55918e-10,3.55918e-10,1,1,100,39,16,6,1,7,200,103.504
14,2.8162,11,3.55918e-10,3.55918e-10,1,1,100,39,16,6,1,7,200,106.272
14,2.8162,12,3.55918e-10,3.55918e-10,1,1,100,37,18,6,1,7,212,102.321
14,2.8162,13,3.55918e-10,3.55918e-10,1,1,100,37,18,6,1,7,212,83.967
14,2.8162,14,3.55918e-10,3.55918e-10,1,1,100,37,18,6,1,7,212,102.517
14,2.8162,15,3.55918e-10,3.55918e-10,1,1,100,37,18,6,1,7,212,103.495
14,2.8162,16,3.55918e-10,3.55918e-10,1,1,100,37,18,6,1,7,212,106.116
14,2.8162,17,3.55918e-10,3.55918e-10,1,1,100,37,18,6,1,7,212,103.844
14,2.8162,18,3.55918e-10,3.55918e-10,1,1,100,37,18,6,1,7,212,102.967
14,2.8162,19,3.55918e-10,3.55918e-10,1,1,100,37,18,6,1,7,212,108.395
14,2.8162,20,3.55918e-10,3.55918e-10,1,1,100,39,16,6,1,7,200,105.582
14,2.8162,21,3.55918e-10,3.55918e-10,1,1,100,39,16,6,1,7,200,105.661
14,2.8162,22,3.55918e-10,3.55918e-10,1,1,100,39,16,6,1,7,200,103.079
14,2.8162,23,3.55918e-10,3.55918e-10,1,1,100,39,16,6,1,7,200,105.193
14,2.8162,24,3.55918e-10,3.55918e-10,1,1,100,37,18,6,1,7,212,107.533
14,2.8162,25,3.55918e-10,3.55918e-10,1,1,100,37,18,6,1,7,212,104.996
14,2.8162,26,3.55918e-10,3.55918e-10,1,1,100,37,18,6,1,7,212,100.634
14,2.8162,27,3.55918e-10,3.55918e-10,1,1,100,37,18,6,1,7,212,101.824
14,2.8162,28,3.55918e-10,3.55918e-10,1,1,100,37,18,6,1,7,212,109.173
14,2.8162,29,3.55918e-10,3.55918e-10,1,1,100,37,18,6,1,7,212,107.199
14,2.8162,30,3.55918e-10,3.55918e-10,1,1,100,37,18,6,1,7,212,99.883
14,2.8162,31,3.55918e-10,3.55918e-10,1,1,100,37,18,6,1,7,212,102.097
14,2.8162,32,3.55918e-10,3.55918e-10,1,1,100,37,18,6,1,7,212,100.4
14,2.8162,33,3.55918e-10,3.55918e-10,1,1,100,37,18,6,1,7,212,102.177
14,2.8162,34,3.55918e-10,3.55918e-10,1,1,100,37,18,6,1,7,212,105.158
14,2.8162,35,3.55918e-10,3.55918e-10,1,1,100,37,18,6,1,7,212,101.663
14,2.92684,0,3.55918e-10,3.55918e-10,1,1,113,47,16,3,1,4,187,92.363
14,2.92684,1,3.55918e-10,3.55918e-10,1,1,111,47,16,2,0,2,173,114.734
14,2.92684,2,3.55918e-10,3.55918e-10,1,1,113,47,16,3,1,4,187,116.779
14,2.92684,3,3.55918e-10,3.55918e-10,1,1,111,47,16,2,0,2,173,116.459
14,2.92684,4,3.55918e-10,3.55918e-10,1,1,111,45,18,2,0,2,185,116.506
14,2.92684,5,3.55918e-10,3.55918e-10,1,1,113,45,18,3,1,4,199,115.723
14,2.92684,6,3.55918e-10,3.55918e-10,1,1,113,45,18,3,1,4,199,113.865
14,2.92684,7,3.55918e-10,3.55918e-10,1,1,111,45,18,2,0,2,185,114.053
14,2.92684,8,3.55918e-10,3.55918e-10,1,1,111,47,16,2,0,2,173,115.306
14,2.92684,9,3.55918e-10,3.55918e-10,1,1,113,47,16,3,1,4,187,116.621
14,2.92684,10,3.55918e-10,3.55918e-10,1,1,111,47,16,2,0,2,173,114.706
14,2.92684,11,3.55918e-10,3.55918e-10,1,1,113,47,16,3,1,4,187,114.54
14,2.92684,12,3.55918e-10,3.55918e-10,1,1,113,45,18,3,1,4,199,113.191
14,2.92684,13,3.55918e-10,3.55918e-10,1,1,111,45,18,2,0,2,185,114.637
14,2.92684,14,3.55918e-10,3.55918e-10,1,1,111,45,18,2,0,2,185,114.21
14,2.92684,15,3.55918e-10,3.55918e-10,1,1,113,45,18,3,1,4,199,114.556
14,2.92684,16,3.55918e-10,3.55918e-10,1,1,111,47,16,2,0,2,173,113.842
14,2.92684,17,3.55918e-10,3.55918e-10,1,1,113,47,16,3,1,4,187,113.165
14,2.92684,18,3.55918e-10,3.55918e-10,1,1,113,47,16,3,1,4,187,116.571
14,2.92684,19,3.55918e-10,3.55918e-10,1,1,111,47,16,2,0,2,173,115.551
14,2.92684,20,3.55918e-10,3.55918e-10,1,1,111,45,18,2,0,2,185,116.632
14,2.92684,21,3.55918e-10,3.55918e-10,1,1,113,45,18,3,1,4,199,115.782
14,2.92684,22,3.55918e-10,3.55918e-10,1,1,113,45,18,3,1,4,199,114.319
14,2.92684,23,3.55918e-10,3.55918e-10,1,1,111,45,18,2,0,2,185,113.945
14,2.92684,24,3.55918e-10,3.55918e-10,1,1,113,45,18,3,1,4,199,92.169
14,2.92684,25,3.55918e-10,3.55918e-10,1,1,111,45,18,2,0,2,185,114.368
14,2.92684,26,3.55918e-10,3.55918e-10,1,1,111,45,18,2,0,2,185,114.131
14,2.92684,27,3.55918e-10,3.55918e-10,1,1,113,45,18,3,1,4,199,114.991
14,2.92684,28,3.55918e-10,3.55918e-10,1,1,111,45,18,2,0,2,185,114.585
14,2.92684,29,3.55918e-10,3.55918e-10,1,1,113,45,18,3,1,4,199,114.403
14,2.92684,30,3.55918e-10,3.55918e-10,1,1,111,45,18,2,0,2,185,114.141
14,2.92684,31,3.55918e-10,3.55918e-10,1,1,113,45,18,3,1,4,199,114.169
14,2.92684,32,3.55918e-10,3.55918e-10,1,1,113,45,18,3,1,4,199,116.622
14,2.92684,33,3.55918e-10,3.55918e-10,1,1,111,45,18,2,0,2,185,116.534
14,2.92684,34,3.55918e-10,3.55918e-10,1,1,111,45,18,2,0,2,185,113.854
14,2.92684,35,3.55918e-10,3.55918e-10,1,1,113,45,18,3,1,4,199,114.566
14,3.03438,0,3.55918e-10,3.55918e-10,1,1,101,39,16,7,1,8,207,95.42
14,3.03438,1,3.55918e-10,3.55918e-10,1,1,101,39,16,7,1,8,207,92.304
14,3.03438,2,3.55918e-10,3.55918e-10,1,1,101,39,16,7,1,8,207,93.554
14,3.03438,3,3.55918e-10,3.55918e-10,1,1,101,39,16,7,1,8,207,92.592
14,3.03438,4,3.55918e-10,3.55918e-10,1,1,101,37,18,7,1,8,219,93.418
14,3.03438,5,3.55918e-10,3.55918e-10,1,1,101,37,18,7,1,8,219,90.154
14,3.03438,6,3.55918e-10,3.55918e-10,1,1,101,37,18,7,1,8,219,89.682
14,3.03438,7,3.55918e-10,3.55918e-10,1,1,101,37,18,7,1,8,219,89.813
14,3.03438,8,3.55918e-10,3.55918e-10,1,1,101,37,18,7,1,8,219,92.28
14,3.03438,9,3.55918e-10,3.55918e-10,1,1,101,37,18,7,1,8,219,88.855
14,3.03438,10,3.55918e-10,3.55918e-10,1,1,101,37,18,7,1,8,219,96.089
14,3.03438,11,3.55918e-10,3.55918e-10,1,1,101,37,18,7,1,8,219,91.008
14,3.03438,12,3.55918e-10,3.55918e-10,1,1,101,39,16,7,1,8,207,88.577
14,3.03438,13,3.55918e-10,3.55918e-10,1,1,101,39,16,7,1,8,207,74.043
14,3.03438,14,3.55918e-10,3.55918e-10,1,1,101,39,16,7,1,8,207,95.61
14,3.03438,15,3.55918e-10,3.55918e-10,1,1,101,39,16,7,1,8,207,90.46
14,3.03438,16,3.55918e-10,3.55918e-10,1,1,101,39,16,7,1,8,207,91.248
14,3.03438,17,3.55918e-10,3.55918e-10,1,1,101,39,16,7,1,8,207,88.096
14,3.03438,18,3.55918e-10,3.55918e-10,1,1,101,39,16,7,1,8,207,91.631
14,3.03438,19,3.55918e-10,3.55918e-10,1,1,101,39,16,7,1,8,207,92.149
14,3.03438,20,3.55918e-10,3.55918e-10,1,1,101,37,18,7,1,8,219,91.085
14,3.03438,21,3.55918e-10,3.55918e-10,1,1,101,37,18,7,1,8,219,93.292
14,3.03438,22,3.55918e-10,3.55918e-10,1,1,101,37,18,7,1,8,219,91.34
14,3.03438,23,3.55918e-10,3.55918e-10,1,1,101,37,18,7,1,8,219,90.79
14,3.03438,24,3.55918e-10,3.55918e-10,1,1,101,37,18,7,1,8,219,92.316
14,3.03438,25,3.55918e-10,3.55918e-10,1,1,101,37,18,7,1,8,219,92.161
14,3.03438,26,3.55918e-10,3.55918e-10,1,1,101,37,18,7,1,8,219,95.641
14,3.03438,27,3.55918e-10,3.55918e-10,1,1,101,37,18,7,1,8,219,95.627
14,3.03438,28,3.55918e-10,3.55918e-10,1,1,101,37,18,7,1,8,219,87.766
14,3.03438,29,3.55918e-10,3.55918e-10,1,1,101,37,18,7,1,8,219,92.08
14,3.03438,30,3.55918e-10,3.55918e-10,1,1,101,37,18,7,1,8,219,90.039
14,3.03438,31,3.55918e-10,3.55918e-10,1,1,101,37,18,7,1,8,219,92.341
14,3.03438,32,3.55918e-10,3.55918e-10,1,1,101,37,18,7,1,8,219,92.733
14,3.03438,33,3.55918e-10,3.55918e-10,1,1,101,37,18,7,1,8,219,92.758
14,3.03438,34,3.55918e-10,3.55918e-10,1,1,101,37,18,7,1,8,219,95.585
14,3.03438,35,3.55918e-10,3.55918e-10,1,1,101,37,18,7,1,8,219,87.655
14,3.14159,0,3.55918e-10,3.55918e-10,1,1,119,49,16,3,1,4,189,83.415
14,3.14159,1,3.55918e-10,3.55918e-10,1,1,117,49,16,2,0,2,175,68.297
14,3.14159,2,3.55918e-10,3.55918e-10,1,1,117,49,16,2,0,2,175,82.349
14,3.14159,3,3.55918e-10,3.55918e-10,1,1,119,49,16,3,1,4,189,81.367
14,3.14159,4,3.55918e-10,3.55918e-10,1,1,119,49,16,3,1,4,189,75.963
14,3.14159,5,3.55918e-10,3.55918e-10,1,1,117,49,16,2,0,2,175,75.973
14,3.14159,6,3.55918e-10,3.55918e-10,1,1,117,49,16,2,0,2,175,84.643
14,3.14159,7,3.55918e-10,3.55918e-10,1,1,119,49,16,3,1,4,189,84.949
14,3.14159,8,3.55918e-10,3.55918e-10,1,1,117,49,16,2,0,2,175,66.456
14,3.14159,9,3.55918e-10,3.55918e-10,1,1,119,49,16,3,1,4,189,82.319
14,3.14159,10,3.55918e-10,3.55918e-10,1,1,117,49,16,2,0,2,175,84.062
14,3.14159,11,3.55918e-10,3.55918e-10,1,1,119,49,16,3,1,4,189,83.983
14,3.14159,12,3.55918e-10,3.55918e-10,1,1,119,51,14,3,1,4,177,85.173
14,3.14159,13,3.55918e-10,3.55918e-10,1,1,117,51,14,2,0,2,163,84.755
14,3.14159,14,3.55918e-10,3.55918e-10,1,1,119,51,14,3,1,4,177,83.572
14,3.14159,15,3.55918e-10,3.55918e-10,1,1,117,51,14,2,0,2,163,84.808
14,3.14159,16,3.55918e-10,3.55918e-10,1,1,119,49,16,3,1,4,189,82.743
14,3.14159,17,3.55918e-10,3.55918e-10,1,1,117,49,16,2,0,2,175,82.021
14,3.14159,18,3.55918e-10,3.55918e-10,1,1,119,49,16,3,1,4,189,84.239
14,3.14159,19,3.55918e-10,3.55918e-10,1,1,117,49,16,2,0,2,175,84.777
14,3.14159,20,3.55918e-10,3.55918e-10,1,1,117,51,14,2,0,2,163,84.62
14,3.14159,21,3.55918e-10,3.55918e-10,1,1,119,51,14,3,1,4,177,84.881
14,3.14159,22,3.55918e-10,3.55918e-10,1,1,117,51,14,2,0,2,163,83.653
14,3.14159,23,3.55918e-10,3.55918e-10,1,1,119,51,14,3,1,4,177,84.716
14,3.14159,24,3.55918e-10,3.55918e-10,1,1,117,49,16,2,0,2,175,83.941
14,3.14159,25,3.55918e-10,3.55918e-10,1,1,119,49,16,3,1,4,189,84.833
14,3.14159,26,3.55918e-10,3.55918e-10,1,1,119,49,16,3,1,4,189,76.009
14,3.14159,27,3.55918e-10,3.55918e-10,1,1,117,49,16,2,0,2,175,75.22
14,3.14159,28,3.55918e-10,3.55918e-10,1,1,119,51,14,3,1,4,177,84.764
14,3.14159,29,3.55918e-10,3.55918e-10,1,1,117,51,14,2,0,2,163,84.82
14,3.14159,30,3.55918e-10,3.55918e-10,1,1,117,51,14,2,0,2,163,84.917
14,3.14159,31,3.55918e-10,3.55918e-10,1,1,119,51,14,3,1,4,177,84.723
14,3.14159,32,3.55918e-10,3.55918e-10,1,1,117,49,16,2,0,2,175,75.826
14,3.14159,33,3.55918e-10,3.55918e-10,1,1,119,49,16,3,1,4,189,61.073
14,3.14159,34,3.55918e-10,3.55918e-10,1,1,119,49,16,3,1,4,189,84.931
14,3.14159,35,3.55918e-10,3.55918e-10,1,1,117,49,16,2,0,2,175,84.657
16,4.91235e-05,0,2.45874e-11,2.45882e-11,1,1,133,53,18,7,1,8,235,109.28
16,4.91235e-05,1,2.45874e-11,2.45882e-11,1,1,131,53,18,6,0,6,221,110.263
16,4.91235e-05,2,2.45874e-11,2.45882e-11,1,1,131,53,18,6,0,6,221,112.266
16,4.91235e-05,3,2.45874e-11,2.45882e-11,1,1,133,53,18,7,1,8,235,112.131
16,4.91235e-05,4,2.45874e-11,2.45882e-11,1,1,92,29,24,9,0,9,260,134.682
16,4.91235e-05,5,2.45874e-11,2.45882e-11,1,1,94,29,24,10,1,11,274,136.725
16,4.91235e-05,6,2.45874e-11,2.45882e-11,1,1,92,31,22,9,0,9,248,130.324
16,4.91235e-05,7,2.45874e-11,2.45882e-11,1,1,94,31,22,10,1,11,262,130.864
16,4.91235e-05,8,2.45874e-11,2.45882e-11,1,1,92,29,24,9,0,9,260,130.367
16,4.91235e-05,9,2.45874e-11,2.45882e-11,1,1,94,29,24,10,1,11,274,130.222
16,4.91235e-05,10,2.45874e-11,2.45882e-11,1,1,133,53,18,7,1,8,235,111.613
16,4.91235e-05,11,2.45874e-11,2.45882e-11,1,1,131,53,18,6,0,6,221,111.738
16,4.91235e-05,12,2.45875e-11,2.45882e-11,1,1,131,55,16,6,0,6,209,110.235
16,4.91235e-05,13,2.45875e-11,2.45882e-11,1,1,133,55,16,7,1,8,223,110.68
16,4.91235e-05,14,2.45875e-11,2.45882e-11,1,1,94,29,24,10,1,11,274,136.256
16,4.91235e-05,15,2.45875e-11,2.45882e-11,1,1,92,29,24,9,0,9,260,136.207
16,4.91235e-05,16,2.45875e-11,2.45882e-11,1,1,131,55,16,6,0,6,209,111.851
16,4.91235e-05,17,2.45875e-11,2.45882e-11,1,1,133,55,16,7,1,8,223,111.709
16,4.91235e-05,18,2.45875e-11,2.45882e-11,1,1,92,31,22,9,0,9,248,128.343
16,4.91235e-05,19,2.45875e-11,2.45882e-11,1,1,94,31,22,10,1,11,262,130.474
16,4.91235e-05,20,2.45876e-11,2.45882e-11,1,1,92,29,24,9,0,9,260,109.558
16,4.91235e-05,21,2.45876e-11,2.45882e-11,1,1,94,29,24,10,1,11,274,136.615
16,4.91235e-05,22,2.45876e-11,2.45882e-11,1,1,94,29,24,10,1,11,274,130.076
16,4.91235e-05,23,2.45876e-11,2.45882e-11,1,1,92,29,24,9,0,9,260,130.303
16,4.91235e-05,24,2.45876e-11,2.45882e-11,1,1,131,53,18,6,0,6,221,110.197
16,4.91235e-05,25,2.45876e-11,2.45882e-11,1,1,133,53,18,7,1,8,235,108.396
16,4.91235e-05,26,2.45876e-11,2.45882e-11,1,1,92,29,24,9,0,9,260,129.925
16,4.91235e-05,27,2.45876e-11,2.45882e-11,1,1,94,29,24,10,1,11,274,129.177
16,4.91235e-05,28,2.45876e-11,2.45882e-11,1,1,133,53,18,7,1,8,235,112.534
16,4.91235e-05,29,2.45876e-11,2.45882e-11,1,1,131,53,18,6,0,6,221,112.083
16,4.91235e-05,30,2.45876e-11,2.45882e-11,1,1,133,53,18,7,1,8,235,110.066
16,4.91235e-05,31,2.45876e-11,2.45882e-11,1,1,131,53,18,6,0,6,221,110.14
16,4.91235e-05,32,2.45876e-11,2.45882e-11,1,1,94,31,22,10,1,11,262,128.712
16,4.91235e-05,33,2.45876e-11,2.45882e-11,1,1,92,31,22,9,0,9,248,130.291
16,4.91235e-05,34,2.45877e-11,2.45882e-11,1,1,133,55,16,7,1,8,223,112.263
16,4.91235e-05,35,2.45877e-11,2.45882e-11,1,1,131,55,16,6,0,6,209,111.739
16,0.108345,0,4.91038e-11,4.9104e-11,1,1,139,59,14,5,1,6,199,110.13
16,0.108345,1,4.91038e-11,4.9104e-11,1,1,139,59,14,5,1,6,199,108.462
16,0.108345,2,4.91038e-11,4.9104e-11,1,1,139,59,14,5,1,6,199,110.189
16,0.108345,3,4.91038e-11,4.9104e-11,1,1,139,59,14,5,1,6,199,109.225
16,0.108345,4,4.91038e-11,4.9104e-11,1,1,139,59,14,5,1,6,199,108.744
16,0.108345,5,4.91038e-11,4.9104e-11,1,1,139,59,14,5,1,6,199,108.251
16,0.108345,6,4.91038e-11,4.9104e-11,1,1,139,59,14,5,1,6,199,105.379
16,0.108345,7,4.91038e-11,4.9104e-11,1,1,139,59,14,5,1,6,199,84.864
16,0.108345,8,4.91038e-11,4.9104e-11,1,1,139,59,14,5,1,6,199,106.545
16,0.108345,9,4.91038e-11,4.9104e-11,1,1,139,59,14,5,1,6,199,107.564
16,0.108345,10,4.91038e-11,4.9104e-11,1,1,139,59,14,5,1,6,199,104.735
16,0.108345,11,4.91038e-11,4.9104e-11,1,1,139,59,14,5,1,6,199,108.087
16,0.108345,12,4.91038e-11,4.9104e-11,1,1,139,59,14,5,1,6,199,104.296
16,0.108345,13,4.91038e-11,4.9104e-11,1,1,139,59,14,5,1,6,199,107.87
16,0.108345,14,4.91038e-11,4.9104e-11,1,1,139,59,14,5,1,6,199,109.209
16,0.108345,15,4.91038e-11,4.9104e-11,1,1,139,59,14,5,1,6,199,107.366
16,0.108345,16,4.91038e-11,4.9104e-11,1,1,136,59,12,5,1,6,185,108.139
16,0.108345,17,4.91038e-11,4.9104e-11,1,1,138,59,13,5,1,6,192,108.211
16,0.108345,18,4.91038e-11,4.9104e-11,1,1,138,59,13,5,1,6,192,103.353
16,0.108345,19,4.91038e-11,4.9104e-11,1,1,136,59,12,5,1,6,185,105.97
16,0.108345,20,4.91039e-11,4.9104e-11,1,1,138,59,13,5,1,6,192,87.321
16,0.108345,21,4.91039e-11,4.9104e-11,1,1,136,59,12,5,1,6,185,106.88
16,0.108345,22,4.91039e-11,4.9104e-11,1,1,138,59,13,5,1,6,192,105.906
16,0.108345,23,4.91039e-11,4.9104e-11,1,1,136,59,12,5,1,6,185,106.229
16,0.108345,24,4.91039e-11,4.9104e-11,1,1,138,59,13,5,1,6,192,103.143
16,0.108345,25,4.91039e-11,4.9104e-11,1,1,138,59,13,5,1,6,192,106.232
16,0.108345,26,4.91039e-11,4.9104e-11,1,1,138,59,13,5,1,6,192,106.777
16,0.108345,27,4.91039e-11,4.9104e-11,1,1,136,59,12,5,1,6,185,108.207
16,0.108345,28,4.91039e-11,4.9104e-11,1,1,139,59,14,5,1,6,199,109.262
16,0.108345,29,4.91039e-11,4.9104e-11,1,1,139,59,14,5,1,6,199,109.385
16,0.108345,30,4.91039e-11,4.9104e-11,1,1,139,59,14,5,1,6,199,109.442
16,0.108345,31,4.91039e-11,4.9104e-11,1,1,139,59,14,5,1,6,199,107.879
16,0.108345,32,4.91039e-11,4.9104e-11,1,1,139,59,14,5,1,6,199,105.407
16,0.108345,33,4.91039e-11,4.9104e-11,1,1,139,59,14,5,1,6,199,107.098
16,0.108345,34,4.91039e-11,4.9104e-11,1,1,139,59,14,5,1,6,199,107.745
16,0.108345,35,4.91039e-11,4.9104e-11,1,1,139,59,14,5,1,6,199,106.601
16,0.217255,0,2.09192e-11,2.09192e-11,1,1,116,41,23,9,1,10,272,129.402
16,0.217255,1,2.09192e-11,2.09192e-11,1,1,114,41,23,8,0,8,258,129.602
16,0.217255,2,2.09192e-11,2.09192e-11,1,1,114,41,23,8,0,8,258,134.828
16,0.217255,3,2.09192e-11,2.09192e-11,1,1,116,41,23,9,1,10,272,135.634
16,0.217255,4,2.09193e-11,2.09192e-11,1,1,115,41,24,8,0,8,265,133.854
16,0.217255,5,2.09193e-11,2.09192e-11,1,1,117,41,24,9,1,10,279,135.953
16,0.217255,6,2.09193e-11,2.09192e-11,1,1,115,41,24,8,0,8,265,104.138
16,0.217255,7,2.09193e-11,2.09192e-11,1,1,117,41,24,9,1,10,279,129.355
16,0.217255,8,2.09193e-11,2.09192e-11,1,1,115,41,24,8,0,8,265,136.472
16,0.217255,9,2.09193e-11,2.09192e-11,1,1,117,41,24,9,1,10,279,134.488
16,0.217255,10,2.09193e-11,2.09192e-11,1,1,117,41,24,9,1,10,279,128.657
16,0.217255,11,2.09193e-11,2.09192e-11,1,1,115,41,24,8,0,8,265,129.023
16,0.217255,12,2.09193e-11,2.09192e-11,1,1,117,41,24,9,1,10,279,136.077
16,0.217255,13,2.09193e-11,2.09192e-11,1,1,115,41,24,8,0,8,265,135.101
16,0.217255,14,2.09193e-11,2.09192e-11,1,1,117,41,24,9,1,10,279,129.631
16,0.217255,15,2.09193e-11,2.09192e-11,1,1,115,41,24,8,0,8,265,129.322
16,0.217255,16,2.09193e-11,2.09192e-11,1,1,115,41,24,8,0,8,265,127.532
16,0.217255,17,2.09193e-11,2.09192e-11,1,1,117,41,24,9,1,10,279,129.196
16,0.217255,18,2.09193e-11,2.09192e-11,1,1,115,41,24,8,0,8,265,135.022
16,0.217255,19,2.09193e-11,2.09192e-11,1,1,117,41,24,9,1,10,279,136.239
16,0.217255,20,2.09193e-11,2.09192e-11,1,1,114,41,23,8,0,8,258,135.926
16,0.217255,21,2.09193e-11,2.09192e-11,1,1,116,41,23,9,1,10,272,135.303
16,0.217255,22,2.09193e-11,2.09192e-11,1,1,114,41,23,8,0,8,258,129.338
16,0.217255,23,2.09193e-11,2.09192e-11,1,1,116,41,23,9,1,10,272,129.308
16,0.217255,24,2.09193e-11,2.09192e-11,1,1,115,41,24,8,0,8,265,129.157
16,0.217255,25,2.09193e-11,2.09192e-11,1,1,117,41,24,9,1,10,279,129.208
16,0.217255,26,2.09193e-11,2.09192e-11,1,1,115,41,24,8,0,8,265,135.866
16,0.217255,27,2.09193e-11,2.09192e-11,1,1,117,41,24,9,1,10,279,135.456
16,0.217255,28,2.09194e-11,2.09192e-11,1,1,114,41,23,8,0,8,258,129.238
16,0.217255,29,2.09194e-11,2.09192e-11,1,1,116,41,23,9,1,10,272,104.057
16,0.217255,30,2.09194e-11,2.09192e-11,1,1,116,41,23,9,1,10,272,135.63
16,0.217255,31,2.09194e-11,2.09192e-11,1,1,114,41,23,8,0,8,258,135.134
16,0.217255,32,2.09194e-11,2.09192e-11,1,1,117,41,24,9,1,10,279,128.838
16,0.217255,33,2.09194e-11,2.09192e-11,1,1,115,41,24,8,0,8,265,129.038
16,0.217255,34,2.09194e-11,2.09192e-11,1,1,117,41,24,9,1,10,279,134.829
16,0.217255,35,2.09194e-11,2.09192e-11,1,1,115,41,24,8,0,8,265,133.711
16,0.324755,0,1.11309e-11,1.11307e-11,1,1,129,53,18,4,0,4,207,117.832
16,0.324755,1,1.11309e-11,1.11307e-11,1,1,131,53,18,5,1,6,221,116.979
16,0.324755,2,1.11309e-11,1.11307e-11,1,1,131,53,18,5,1,6,221,117.618
16,0.324755,3,1.11309e-11,1.11307e-11,1,1,129,53,18,4,0,4,207,117.696
16,0.324755,4,1.11309e-11,1.11307e-11,1,1,128,53,17,4,0,4,200,117.716
16,0.324755,5,1.11309e-11,1.11307e-11,1,1,130,53,17,5,1,6,214,116.01
16,0.324755,6,1.11309e-11,1.11307e-11,1,1,130,53,17,5,1,6,214,117.704
16,0.324755,7,1.11309e-11,1.11307e-11,1,1,128,53,17,4,0,4,200,117.31
16,0.324755,8,1.11309e-11,1.11307e-11,1,1,129,53,18,4,0,4,207,117.212
16,0.324755,9,1.11309e-11,1.11307e-11,1,1,131,53,18,5,1,6,221,115.706
16,0.324755,10,1.11309e-11,1.11307e-11,1,1,129,53,18,4,0,4,207,117.509
16,0.324755,11,1.11309e-11,1.11307e-11,1,1,131,53,18,5,1,6,221,117.594
16,0.324755,12,1.11309e-11,1.11307e-11,1,1,129,53,18,4,0,4,207,117.602
16,0.324755,13,1.11309e-11,1.11307e-11,1,1,131,53,18,5,1,6,221,117.702
16,0.324755,14,1.11309e-11,1.11307e-11,1,1,131,53,18,5,1,6,221,117.754
16,0.324755,15,1.11309e-11,1.11307e-11,1,1,129,53,18,4,0,4,207,117.403
16,0.324755,16,1.11309e-11,1.11307e-11,1,1,129,53,18,4,0,4,207,117.668
16,0.324755,17,1.11309e-11,1.11307e-11,1,1,131,53,18,5,1,6,221,94.857
16,0.324755,18,1.11309e-11,1.11307e-11,1,1,131,53,18,5,1,6,221,115.889
16,0.324755,19,1.11309e-11,1.11307e-11,1,1,129,53,18,4,0,4,207,117.552
16,0.324755,20,1.11309e-11,1.11307e-11,1,1,130,53,17,5,1,6,214,117.551
16,0.324755,21,1.11309e-11,1.11307e-11,1,1,128,53,17,4,0,4,200,117.09
16,0.324755,22,1.11309e-11,1.11307e-11,1,1,130,53,17,5,1,6,214,117.852
16,0.324755,23,1.11309e-11,1.11307e-11,1,1,128,53,17,4,0,4,200,117.454
16,0.324755,24,1.1131e-11,1.11307e-11,1,1,128,53,17,4,0,4,200,118.176
16,0.324755,25,1.1131e-11,1.11307e-11,1,1,130,53,17,5,1,6,214,117.602
16,0.324755,26,1.1131e-11,1.11307e-11,1,1,130,53,17,5,1,6,214,117.954
16,0.324755,27,1.1131e-11,1.11307e-11,1,1,128,53,17,4,0,4,200,117.775
16,0.324755,28,1.1131e-11,1.11307e-11,1,1,131,53,18,5,1,6,221,117.754
16,0.324755,29,1.1131e-11,1.11307e-11,1,1,129,53,18,4,0,4,207,116.062
16,0.324755,30,1.1131e-11,1.11307e-11,1,1,131,53,18,5,1,6,221,117.672
16,0.324755,31,1.1131e-11,1.11307e-11,1,1,129,53,18,4,0,4,207,117.571
16,0.324755,32,1.11311e-11,1.11307e-11,1,1,131,53,18,5,1,6,221,117.473
16,0.324755,33,1.11311e-11,1.11307e-11,1,1,129,53,18,4,0,4,207,116.094
16,0.324755,34,1.11311e-11,1.11307e-11,1,1,131,53,18,5,1,6,221,116.217
16,0.324755,35,1.11311e-11,1.11307e-11,1,1,129,53,18,4,0,4,207,117.006
16,0.433547,0,1.11308e-11,1.11307e-11,1,1,115,43,22,7,1,8,253,123.245
16,0.433547,1,1.11308e-11,1.11307e-11,1,1,115,43,22,7,1,8,253,123.459
16,0.433547,2,1.11308e-11,1.11307e-11,1,1,115,43,22,7,1,8,253,133.314
16,0.433547,3,1.11308e-11,1.11307e-11,1,1,115,43,22,7,1,8,253,134.537
16,0.433547,4,1.11309e-11,1.11307e-11,1,1,115,41,24,7,1,8,265,121.665
16,0.433547,5,1.11309e-11,1.11307e-11,1,1,115,41,24,7,1,8,265,121.417
16,0.433547,6,1.11309e-11,1.11307e-11,1,1,115,41,24,7,1,8,265,100.245
16,0.433547,7,1.11309e-11,1.11307e-11,1,1,115,41,24,7,1,8,265,124.054
16,0.433547,8,1.11309e-11,1.11307e-11,1,1,115,41,24,7,1,8,265,123.107
16,0.433547,9,1.11309e-11,1.11307e-11,1,1,115,41,24,7,1,8,265,124.54
16,0.433547,10,1.11309e-11,1.11307e-11,1,1,115,41,24,7,1,8,265,128.362
16,0.433547,11,1.11309e-11,1.11307e-11,1,1,115,41,24,7,1,8,265,133.245
16,0.433547,12,1.11309e-11,1.11307e-11,1,1,115,41,24,7,1,8,265,125.564
16,0.433547,13,1.11309e-11,1.11307e-11,1,1,115,41,24,7,1,8,265,124.405
16,0.433547,14,1.11309e-11,1.11307e-11,1,1,115,41,24,7,1,8,265,134.373
16,0.433547,15,1.11309e-11,1.11307e-11,1,1,115,41,24,7,1,8,265,122.836
16,0.433547,16,1.11309e-11,1.11307e-11,1,1,115,43,22,7,1,8,253,124.522
16,0.433547,17,1.11309e-11,1.11307e-11,1,1,115,43,22,7,1,8,253,124.824
16,0.433547,18,1.11309e-11,1.11307e-11,1,1,115,43,22,7,1,8,253,122.517
16,0.433547,19,1.11309e-11,1.11307e-11,1,1,115,43,22,7,1,8,253,123.955
16,0.433547,20,1.1131e-11,1.11307e-11,1,1,115,43,22,7,1,8,253,125.496
16,0.433547,21,1.1131e-11,1.11307e-11,1,1,115,43,22,7,1,8,253,125.621
16,0.433547,22,1.1131e-11,1.11307e-11,1,1,115,43,22,7,1,8,253,120.695
16,0.433547,23,1.1131e-11,1.11307e-11,1,1,115,43,22,7,1,8,253,128.357
16,0.433547,24,1.1131e-11,1.11307e-11,1,1,115,41,24,7,1,8,265,133.993
16,0.433547,25,1.1131e-11,1.11307e-11,1,1,115,41,24,7,1,8,265,97.846
16,0.433547,26,1.1131e-11,1.11307e-11,1,1,115,41,24,7,1,8,265,124.04
16,0.433547,27,1.1131e-11,1.11307e-11,1,1,115,41,24,7,1,8,265,125.116
16,0.433547,28,1.11311e-11,1.11307e-11,1,1,115,41,24,7,1,8,265,123.496
16,0.433547,29,1.11311e-11,1.11307e-11,1,1,115,41,24,7,1,8,265,123.503
16,0.433547,30,1.11311e-11,1.11307e-11,1,1,115,41,24,7,1,8,265,122.291
16,0.433547,31,1.11311e-11,1.11307e-11,1,1,115,41,24,7,1,8,265,128.886
16,0.433547,32,1.11311e-11,1.11307e-11,1,1,115,41,24,7,1,8,265,125.026
16,0.433547,33,1.11311e-11,1.11307e-11,1,1,115,41,24,7,1,8,265,126.193
16,0.433547,34,1.11311e-11,1.11307e-11,1,1,115,41,24,7,1,8,265,132.656
16,0.433547,35,1.11311e-11,1.11307e-11,1,1,115,41,24,7,1,8,265,123.991
16,0.54303,0,3.20502e-11,3.20505e-11,1,1,117,43,22,7,1,8,253,127.783
16,0.54303,1,3.20502e-11,3.20505e-11,1,1,117,43,22,7,1,8,253,127.732
16,0.54303,2,3.20502e-11,3.20505e-11,1,1,117,43,22,7,1,8,253,125.875
16,0.54303,3,3.20502e-11,3.20505e-11,1,1,117,43,22,7,1,8,253,102.857
16,0.54303,4,3.20502e-11,3.20505e-11,1,1,117,45,20,7,1,8,241,127.275
16,0.54303,5,3.20502e-11,3.20505e-11,1,1,117,45,20,7,1,8,241,133.347
16,0.54303,6,3.20502e-11,3.20505e-11,1,1,117,45,20,7,1,8,241,127.795
16,0.54303,7,3.20502e-11,3.20505e-11,1,1,117,45,20,7,1,8,241,119.494
16,0.54303,8,3.20502e-11,3.20505e-11,1,1,117,43,22,7,1,8,253,125.878
16,0.54303,9,3.20502e-11,3.20505e-11,1,1,117,43,22,7,1,8,253,128.047
16,0.54303,10,3.20502e-11,3.20505e-11,1,1,117,43,22,7,1,8,253,127.238
16,0.54303,11,3.20502e-11,3.20505e-11,1,1,117,43,22,7,1,8,253,118.387
16,0.54303,12,3.20502e-11,3.20505e-11,1,1,117,43,22,7,1,8,253,132.972
16,0.54303,13,3.20502e-11,3.20505e-11,1,1,117,43,22,7,1,8,253,128.086
16,0.54303,14,3.20502e-11,3.20505e-11,1,1,117,43,22,7,1,8,253,118.483
16,0.54303,15,3.20502e-11,3.20505e-11,1,1,117,43,22,7,1,8,253,125.592
16,0.54303,16,3.20503e-11,3.20505e-11,1,1,117,45,20,7,1,8,241,125.88
16,0.54303,17,3.20503e-11,3.20505e-11,1,1,117,45,20,7,1,8,241,128.314
16,0.54303,18,3.20503e-11,3.20505e-11,1,1,117,45,20,7,1,8,241,120.145
16,0.54303,19,3.20503e-11,3.20505e-11,1,1,117,45,20,7,1,8,241,126.05
16,0.54303,20,3.20503e-11,3.20505e-11,1,1,117,43,22,7,1,8,253,127.928
16,0.54303,21,3.20503e-11,3.20505e-11,1,1,117,43,22,7,1,8,253,132.76
16,0.54303,22,3.20503e-11,3.20505e-11,1,1,117,43,22,7,1,8,253,119.577
16,0.54303,23,3.20503e-11,3.20505e-11,1,1,117,43,22,7,1,8,253,117.068
16,0.54303,24,3.20503e-11,3.20505e-11,1,1,117,43,22,7,1,8,253,128.351
16,0.54303,25,3.20503e-11,3.20505e-11,1,1,117,43,22,7,1,8,253,127.27
16,0.54303,26,3.20503e-11,3.20505e-11,1,1,117,43,22,7,1,8,253,96.63
16,0.54303,27,3.20503e-11,3.20505e-11,1,1,117,43,22,7,1,8,253,117.859
16,0.54303,28,3.20503e-11,3.20505e-11,1,1,117,45,20,7,1,8,241,127.718
16,0.54303,29,3.20503e-11,3.20505e-11,1,1,117,45,20,7,1,8,241,128.427
16,0.54303,30,3.20503e-11,3.20505e-11,1,1,117,45,20,7,1,8,241,117.628
16,0.54303,31,3.20503e-11,3.20505e-11,1,1,117,45,20,7,1,8,241,118.235
16,0.54303,32,3.20504e-11,3.20505e-11,1,1,117,43,22,7,1,8,253,128.844
16,0.54303,33,3.20504e-11,3.20505e-11,1,1,117,43,22,7,1,8,253,128.429
16,0.54303,34,3.20504e-11,3.20505e-11,1,1,117,43,22,7,1,8,253,118.188
16,0.54303,35,3.20504e-11,3.20505e-11,1,1,117,43,22,7,1,8,253,119.844
16,0.651666,0,4.12028e-11,4.12031e-11,1,1,113,39,22,11,1,12,277,99.334
16,0.651666,1,4.12028e-11,4.12031e-11,1,1,111,39,22,10,0,10,263,99.148
16,0.651666,2,4.12028e-11,4.12031e-11,1,1,113,39,22,11,1,12,277,97.397
16,0.651666,3,4.12028e-11,4.12031e-11,1,1,111,39,22,10,0,10,263,98.885
16,0.651666,4,4.12029e-11,4.12031e-11,1,1,113,39,22,11,1,12,277,102.404
16,0.651666,5,4.12029e-11,4.12031e-11,1,1,111,39,22,10,0,10,263,102.582
16,0.651666,6,4.12029e-11,4.12031e-11,1,1,111,39,22,10,0,10,263,99.694
16,0.651666,7,4.12029e-11,4.12031e-11,1,1,113,39,22,11,1,12,277,98.492
16,0.651666,8,4.12029e-11,4.12031e-11,1,1,113,41,20,11,1,12,265,101.542
16,0.651666,9,4.12029e-11,4.12031e-11,1,1,111,41,20,10,0,10,251,104.476
16,0.651666,10,4.12029e-11,4.12031e-11,1,1,113,41,20,11,1,12,265,103.812
16,0.651666,11,4.12029e-11,4.12031e-11,1,1,111,41,20,10,0,10,251,106.822
16,0.651666,12,4.1203e-11,4.12031e-11,1,1,111,39,22,10,0,10,263,104.821
16,0.651666,13,4.1203e-11,4.12031e-11,1,1,113,39,22,11,1,12,277,104.295
16,0.651666,14,4.1203e-11,4.12031e-11,1,1,113,39,22,11,1,12,277,83.679
16,0.651666,15,4.1203e-11,4.12031e-11,1,1,111,39,22,10,0,10,263,102.67
16,0.651666,16,4.1203e-11,4.12031e-11,1,1,113,41,20,11,1,12,265,106.282
16,0.651666,17,4.1203e-11,4.12031e-11,1,1,111,41,20,10,0,10,251,109.272
16,0.651666,18,4.1203e-11,4.12031e-11,1,1,111,41,20,10,0,10,251,103.892
16,0.651666,19,4.1203e-11,4.12031e-11,1,1,113,41,20,11,1,12,265,100.378
16,0.651666,20,4.12031e-11,4.12031e-11,1,1,113,39,22,11,1,12,277,96.377
16,0.651666,21,4.12031e-11,4.12031e-11,1,1,111,39,22,10,0,10,263,96.326
16,0.651666,22,4.12031e-11,4.12031e-11,1,1,111,39,22,10,0,10,263,100.163
16,0.651666,23,4.12031e-11,4.12031e-11,1,1,113,39,22,11,1,12,277,100.318
16,0.651666,24,4.12031e-11,4.12031e-11,1,1,111,39,22,10,0,10,263,104.889
16,0.651666,25,4.12031e-11,4.12031e-11,1,1,113,39,22,11,1,12,277,104.697
16,0.651666,26,4.12031e-11,4.12031e-11,1,1,111,39,22,10,0,10,263,104.078
16,0.651666,27,4.12031e-11,4.12031e-11,1,1,113,39,22,11,1,12,277,104.322
16,0.651666,28,4.12031e-11,4.12031e-11,1,1,111,41,20,10,0,10,251,109.421
16,0.651666,29,4.12031e-11,4.12031e-11,1,1,113,41,20,11,1,12,265,105.813
16,0.651666,30,4.12031e-11,4.12031e-11,1,1,111,41,20,10,0,10,251,102.087
16,0.651666,31,4.12031e-11,4.12031e-11,1,1,113,41,20,11,1,12,265,100.427
16,0.651666,32,4.12031e-11,4.12031e-11,1,1,111,39,22,10,0,10,263,98.469
16,0.651666,33,4.12031e-11,4.12031e-11,1,1,113,39,22,11,1,12,277,98.668
16,0.651666,34,4.12031e-11,4.12031e-11,1,1,113,39,22,11,1,12,277,99.46
16,0.651666,35,4.12031e-11,4.12031e-11,1,1,111,39,22,10,0,10,263,97.844
16,0.756392,0,1.11308e-11,1.11307e-11,1,1,135,55,18,6,0,6,223,108.014
16,0.756392,1,1.11308e-11,1.11307e-11,1,1,137,55,18,7,1,8,237,109.678
16,0.756392,2,1.11308e-11,1.11307e-11,1,1,137,55,18,7,1,8,237,86.341
16,0.756392,3,1.11308e-11,1.11307e-11,1,1,135,55,18,6,0,6,223,107.066
16,0.756392,4,1.11309e-11,1.11307e-11,1,1,132,55,16,6,0,6,209,107.331
16,0.756392,5,1.11309e-11,1.11307e-11,1,1,134,55,16,7,1,8,223,105.882
16,0.756392,6,1.11309e-11,1.11307e-11,1,1,136,55,17,7,1,8,230,109.821
16,0.756392,7,1.11309e-11,1.11307e-11,1,1,134,55,17,6,0,6,216,110.276
16,0.756392,8,1.11309e-11,1.11307e-11,1,1,134,55,17,6,0,6,216,109.929
16,0.756392,9,1.11309e-11,1.11307e-11,1,1,136,55,17,7,1,8,230,109.701
16,0.756392,10,1.11309e-11,1.11307e-11,1,1,132,55,16,6,0,6,209,106.006
16,0.756392,11,1.11309e-11,1.11307e-11,1,1,134,55,16,7,1,8,223,107.307
16,0.756392,12,1.11309e-11,1.11307e-11,1,1,135,55,18,6,0,6,223,107.785
16,0.756392,13,1.11309e-11,1.11307e-11,1,1,137,55,18,7,1,8,237,107.121
16,0.756392,14,1.11309e-11,1.11307e-11,1,1,137,55,18,7,1,8,237,110.038
16,0.756392,15,1.11309e-11,1.11307e-11,1,1,135,55,18,6,0,6,223,110.107
16,0.756392,16,1.11309e-11,1.11307e-11,1,1,137,55,18,7,1,8,237,109.875
16,0.756392,17,1.11309e-11,1.11307e-11,1,1,135,55,18,6,0,6,223,109.986
16,0.756392,18,1.11309e-11,1.11307e-11,1,1,137,55,18,7,1,8,237,107.429
16,0.756392,19,1.11309e-11,1.11307e-11,1,1,135,55,18,6,0,6,223,105.753
16,0.756392,20,1.11309e-11,1.11307e-11,1,1,137,55,18,7,1,8,237,107.363
16,0.756392,21,1.11309e-11,1.11307e-11,1,1,135,55,18,6,0,6,223,107.827
16,0.756392,22,1.11309e-11,1.11307e-11,1,1,137,55,18,7,1,8,237,108.274
16,0.756392,23,1.11309e-11,1.11307e-11,1,1,135,55,18,6,0,6,223,109.864
16,0.756392,24,1.1131e-11,1.11307e-11,1,1,134,55,16,7,1,8,223,107.633
16,0.756392,25,1.1131e-11,1.11307e-11,1,1,132,55,16,6,0,6,209,107.613
16,0.756392,26,1.1131e-11,1.11307e-11,1,1,136,55,17,7,1,8,230,88.392
16,0.756392,27,1.1131e-11,1.11307e-11,1,1,134,55,17,6,0,6,216,107.939
16,0.756392,28,1.1131e-11,1.11307e-11,1,1,137,55,18,7,1,8,237,107.495
16,0.756392,29,1.1131e-11,1.11307e-11,1,1,135,55,18,6,0,6,223,107.311
16,0.756392,30,1.1131e-11,1.11307e-11,1,1,137,55,18,7,1,8,237,109.668
16,0.756392,31,1.1131e-11,1.11307e-11,1,1,135,55,18,6,0,6,223,108.226
16,0.756392,32,1.1131e-11,1.11307e-11,1,1,135,55,18,6,0,6,223,107.265
16,0.756392,33,1.1131e-11,1.11307e-11,1,1,137,55,18,7,1,8,237,106.167
16,0.756392,34,1.1131e-11,1.11307e-11,1,1,135,55,18,6,0,6,223,109.207
16,0.756392,35,1.1131e-11,1.11307e-11,1,1,137,55,18,7,1,8,237,109.725
16,0.865419,0,4.91038e-11,4.9104e-11,1,1,99,31,26,9,1,10,283,117.663
16,0.865419,1,4.91038e-11,4.9104e-11,1,1,97,31,26,8,0,8,269,117.762
16,0.865419,2,4.91038e-11,4.9104e-11,1,1,97,31,26,8,0,8,269,118.499
16,0.865419,3,4.91038e-11,4.9104e-11,1,1,99,31,26,9,1,10,283,118.248
16,0.865419,4,4.91038e-11,4.9104e-11,1,1,99,31,26,9,1,10,283,96.285
16,0.865419,5,4.91038e-11,4.9104e-11,1,1,97,31,26,8,0,8,269,119.337
16,0.865419,6,4.91038e-11,4.9104e-11,1,1,99,31,26,9,1,10,283,117.916
16,0.865419,7,4.91038e-11,4.9104e-11,1,1,97,31,26,8,0,8,269,119.836
16,0.865419,8,4.91038e-11,4.9104e-11,1,1,97,31,26,8,0,8,269,118.19
16,0.865419,9,4.91038e-11,4.9104e-11,1,1,99,31,26,9,1,10,283,118.128
16,0.865419,10,4.91038e-11,4.9104e-11,1,1,97,31,26,8,0,8,269,117.692
16,0.865419,11,4.91038e-11,4.9104e-11,1,1,99,31,26,9,1,10,283,117.747
16,0.865419,12,4.91038e-11,4.9104e-11,1,1,99,31,26,9,1,10,283,113.214
16,0.865419,13,4.91038e-11,4.9104e-11,1,1,97,31,26,8,0,8,269,112.553
16,0.865419,14,4.91038e-11,4.9104e-11,1,1,99,31,26,9,1,10,283,118.306
16,0.865419,15,4.91038e-11,4.9104e-11,1,1,97,31,26,8,0,8,269,119.332
16,0.865419,16,4.91038e-11,4.9104e-11,1,1,99,33,24,9,1,10,271,117.151
16,0.865419,17,4.91038e-11,4.9104e-11,1,1,97,33,24,8,0,8,257,119.879
16,0.865419,18,4.91038e-11,4.9104e-11,1,1,99,33,24,9,1,10,271,120.862
16,0.865419,19,4.91038e-11,4.9104e-11,1,1,97,33,24,8,0,8,257,123.45
16,0.865419,20,4.91038e-11,4.9104e-11,1,1,97,33,24,8,0,8,257,122.243
16,0.865419,21,4.91038e-11,4.9104e-11,1,1,99,33,24,9,1,10,271,120.129
16,0.865419,22,4.91038e-11,4.9104e-11,1,1,97,33,24,8,0,8,257,122.506
16,0.865419,23,4.91038e-11,4.9104e-11,1,1,99,33,24,9,1,10,271,96.61
16,0.865419,24,4.91039e-11,4.9104e-11,1,1,99,33,24,9,1,10,271,119.472
16,0.865419,25,4.91039e-11,4.9104e-11,1,1,97,33,24,8,0,8,257,121.745
16,0.865419,26,4.91039e-11,4.9104e-11,1,1,97,33,24,8,0,8,257,121.416
16,0.865419,27,4.91039e-11,4.9104e-11,1,1,99,33,24,9,1,10,271,119.993
16,0.865419,28,4.91039e-11,4.9104e-11,1,1,97,31,26,8,0,8,269,113.433
16,0.865419,29,4.91039e-11,4.9104e-11,1,1,99,31,26,9,1,10,283,111.597
16,0.865419,30,4.91039e-11,4.9104e-11,1,1,99,31,26,9,1,10,283,118.728
16,0.865419,31,4.91039e-11,4.9104e-11,1,1,97,31,26,8,0,8,269,118.655
16,0.865419,32,4.91039e-11,4.9104e-11,1,1,97,31,26,8,0,8,269,115.018
16,0.865419,33,4.91039e-11,4.9104e-11,1,1,99,31,26,9,1,10,283,114.885
16,0.865419,34,4.91039e-11,4.9104e-11,1,1,97,31,26,8,0,8,269,116.357
16,0.865419,35,4.91039e-11,4.9104e-11,1,1,99,31,26,9,1,10,283,116.303
16,0.974938,0,3.20502e-11,3.20505e-11,1,1,125,49,18,7,1,8,231,122.087
16,0.974938,1,3.20502e-11,3.20505e-11,1,1,125,49,18,7,1,8,231,122.884
16,0.974938,2,3.20502e-11,3.20505e-11,1,1,125,49,18,7,1,8,231,121.854
16,0.974938,3,3.20502e-11,3.20505e-11,1,1,125,49,18,7,1,8,231,120.468
16,0.974938,4,3.20502e-11,3.20505e-11,1,1,125,51,16,7,1,8,219,121.264
16,0.974938,5,3.20502e-11,3.20505e-11,1,1,125,51,16,7,1,8,219,118.284
16,0.974938,6,3.20502e-11,3.20505e-11,1,1,125,51,16,7,1,8,219,122.925
16,0.974938,7,3.20502e-11,3.20505e-11,1,1,125,51,16,7,1,8,219,123.724
16,0.974938,8,3.20502e-11,3.20505e-11,1,1,125,49,18,7,1,8,231,123.543
16,0.974938,9,3.20502e-11,3.20505e-11,1,1,125,49,18,7,1,8,231,122.9
16,0.974938,10,3.20502e-11,3.20505e-11,1,1,125,49,18,7,1,8,231,121.717
16,0.974938,11,3.20502e-11,3.20505e-11,1,1,125,49,18,7,1,8,231,97.291
16,0.974938,12,3.20502e-11,3.20505e-11,1,1,125,49,18,7,1,8,231,120.855
16,0.974938,13,3.20502e-11,3.20505e-11,1,1,125,49,18,7,1,8,231,116.538
16,0.974938,14,3.20502e-11,3.20505e-11,1,1,125,49,18,7,1,8,231,123.88
16,0.974938,15,3.20502e-11,3.20505e-11,1,1,125,49,18,7,1,8,231,123.816
16,0.974938,16,3.20502e-11,3.20505e-11,1,1,125,51,16,7,1,8,219,121.705
16,0.974938,17,3.20502e-11,3.20505e-11,1,1,125,51,16,7,1,8,219,120.748
16,0.974938,18,3.20502e-11,3.20505e-11,1,1,125,51,16,7,1,8,219,118.352
16,0.974938,19,3.20502e-11,3.20505e-11,1,1,125,51,16,7,1,8,219,121.769
16,0.974938,20,3.20503e-11,3.20505e-11,1,1,125,49,18,7,1,8,231,119.901
16,0.974938,21,3.20503e-11,3.20505e-11,1,1,125,49,18,7,1,8,231,118.989
16,0.974938,22,3.20503e-11,3.20505e-11,1,1,125,49,18,7,1,8,231,118.804
16,0.974938,23,3.20503e-11,3.20505e-11,1,1,125,49,18,7,1,8,231,120.361
16,0.974938,24,3.20503e-11,3.20505e-11,1,1,125,49,18,7,1,8,231,120.242
16,0.974938,25,3.20503e-11,3.20505e-11,1,1,125,49,18,7,1,8,231,119.354
16,0.974938,26,3.20503e-11,3.20505e-11,1,1,125,49,18,7,1,8,231,120.741
16,0.974938,27,3.20503e-11,3.20505e-11,1,1,125,49,18,7,1,8,231,122.335
16,0.974938,28,3.20503e-11,3.20505e-11,1,1,125,49,18,7,1,8,231,123.586
16,0.974938,29,3.20503e-11,3.20505e-11,1,1,125,49,18,7,1,8,231,120.807
16,0.974938,30,3.20503e-11,3.20505e-11,1,1,125,49,18,7,1,8,231,117.93
16,0.974938,31,3.20503e-11,3.20505e-11,1,1,125,49,18,7,1,8,231,118.788
16,0.974938,32,3.20503e-11,3.20505e-11,1,1,125,51,16,7,1,8,219,120.762
16,0.974938,33,3.20503e-11,3.20505e-11,1,1,125,51,16,7,1,8,219,119.672
16,0.974938,34,3.20503e-11,3.20505e-11,1,1,125,51,16,7,1,8,219,123.765
16,0.974938,35,3.20503e-11,3.20505e-11,1,1,125,51,16,7,1,8,219,120.534
16,1.08341,0,3.20502e-11,3.20505e-11,1,1,135,55,20,3,1,4,223,93.866
16,1.08341,1,3.20502e-11,3.20505e-11,1,1,133,55,20,2,0,2,209,116.851
16,1.08341,2,3.20502e-11,3.20505e-11,1,1,135,55,20,3,1,4,223,119.254
16,1.08341,3,3.20502e-11,3.20505e-11,1,1,133,55,20,2,0,2,209,117.235
16,1.08341,4,3.20502e-11,3.20505e-11,1,1,135,57,18,3,1,4,211,121.677
16,1.08341,5,3.20502e-11,3.20505e-11,1,1,133,57,18,2,0,2,197,119.535
16,1.08341,6,3.20502e-11,3.20505e-11,1,1,135,57,18,3,1,4,211,116.608
16,1.08341,7,3.20502e-11,3.20505e-11,1,1,133,57,18,2,0,2,197,116.496
16,1.08341,8,3.20502e-11,3.20505e-11,1,1,133,55,20,2,0,2,209,119.295
16,1.08341,9,3.20502e-11,3.20505e-11,1,1,135,55,20,3,1,4,223,119.093
16,1.08341,10,3.20502e-11,3.20505e-11,1,1,133,55,20,2,0,2,209,116.163
16,1.08341,11,3.20502e-11,3.20505e-11,1,1,135,55,20,3,1,4,223,115.113
16,1.08341,12,3.20502e-11,3.20505e-11,1,1,133,55,20,2,0,2,209,121.579
16,1.08341,13,3.20502e-11,3.20505e-11,1,1,135,55,20,3,1,4,223,121.001
16,1.08341,14,3.20502e-11,3.20505e-11,1,1,135,55,20,3,1,4,223,116.476
16,1.08341,15,3.20502e-11,3.20505e-11,1,1,133,55,20,2,0,2,209,115.937
16,1.08341,16,3.20503e-11,3.20505e-11,1,1,133,55,20,2,0,2,209,114.526
16,1.08341,17,3.20503e-11,3.20505e-11,1,1,135,55,20,3,1,4,223,116.851
16,1.08341,18,3.20503e-11,3.20505e-11,1,1,135,55,20,3,1,4,223,121.714
16,1.08341,19,3.20503e-11,3.20505e-11,1,1,133,55,20,2,0,2,209,121.718
16,1.08341,20,3.20503e-11,3.20505e-11,1,1,133,57,18,2,0,2,197,116.628
16,1.08341,21,3.20503e-11,3.20505e-11,1,1,135,57,18,3,1,4,211,115.781
16,1.08341,22,3.20503e-11,3.20505e-11,1,1,135,57,18,3,1,4,211,121.553
16,1.08341,23,3.20503e-11,3.20505e-11,1,1,133,57,18,2,0,2,197,97.704
16,1.08341,24,3.20503e-11,3.20505e-11,1,1,133,57,18,2,0,2,197,121.125
16,1.08341,25,3.20503e-11,3.20505e-11,1,1,135,57,18,3,1,4,211,121.359
16,1.08341,26,3.20503e-11,3.20505e-11,1,1,133,57,18,2,0,2,197,116.314
16,1.08341,27,3.20503e-11,3.20505e-11,1,1,135,57,18,3,1,4,211,116.96
16,1.08341,28,3.20503e-11,3.20505e-11,1,1,135,55,20,3,1,4,223,116.733
16,1.08341,29,3.20503e-11,3.20505e-11,1,1,133,55,20,2,0,2,209,116.082
16,1.08341,30,3.20503e-11,3.20505e-11,1,1,135,55,20,3,1,4,223,121.06
16,1.08341,31,3.20503e-11,3.20505e-11,1,1,133,55,20,2,0,2,209,120.876
16,1.08341,32,3.20503e-11,3.20505e-11,1,1,133,55,20,2,0,2,209,116.818
16,1.08341,33,3.20503e-11,3.20505e-11,1,1,135,55,20,3,1,4,223,116.531
16,1.08341,34,3.20503e-11,3.20505e-11,1,1,133,55,20,2,0,2,209,119.103
16,1.08341,35,3.20503e-11,3.20505e-11,1,1,135,55,20,3,1,4,223,119.354
16,1.191,0,4.91037e-11,4.9104e-11,1,1,124,47,22,6,1,7,250,120.296
16,1.191,1,4.91037e-11,4.9104e-11,1,1,124,47,22,6,1,7,250,111.795
16,1.191,2,4.91037e-11,4.9104e-11,1,1,124,47,22,6,1,7,250,120.992
16,1.191,3,4.91037e-11,4.9104e-11,1,1,124,47,22,6,1,7,250,101.137
16,1.191,4,4.91038e-11,4.9104e-11,1,1,124,47,22,6,1,7,250,123.464
16,1.191,5,4.91038e-11,4.9104e-11,1,1,124,47,22,6,1,7,250,121.478
16,1.191,6,4.91038e-11,4.9104e-11,1,1,124,47,22,6,1,7,250,116.501
16,1.191,7,4.91038e-11,4.9104e-11,1,1,124,47,22,6,1,7,250,119.099
16,1.191,8,4.91038e-11,4.9104e-11,1,1,124,47,22,6,1,7,250,123.968
16,1.191,9,4.91038e-11,4.9104e-11,1,1,124,47,22,6,1,7,250,123.637
16,1.191,10,4.91038e-11,4.9104e-11,1,1,124,47,22,6,1,7,250,120.173
16,1.191,11,4.91038e-11,4.9104e-11,1,1,124,47,22,6,1,7,250,118.327
16,1.191,12,4.91038e-11,4.9104e-11,1,1,124,49,20,6,1,7,238,116.064
16,1.191,13,4.91038e-11,4.9104e-11,1,1,124,49,20,6,1,7,238,123.265
16,1.191,14,4.91038e-11,4.9104e-11,1,1,124,49,20,6,1,7,238,123.945
16,1.191,15,4.91038e-11,4.9104e-11,1,1,124,49,20,6,1,7,238,125.592
16,1.191,16,4.91039e-11,4.9104e-11,1,1,124,47,22,6,1,7,250,116.763
16,1.191,17,4.91039e-11,4.9104e-11,1,1,124,47,22,6,1,7,250,120.395
16,1.191,18,4.91039e-11,4.9104e-11,1,1,124,47,22,6,1,7,250,122.309
16,1.191,19,4.91039e-11,4.9104e-11,1,1,124,47,22,6,1,7,250,121.902
16,1.191,20,4.91039e-11,4.9104e-11,1,1,124,47,22,6,1,7,250,118.92
16,1.191,21,4.91039e-11,4.9104e-11,1,1,124,47,22,6,1,7,250,119.314
16,1.191,22,4.91039e-11,4.9104e-11,1,1,124,47,22,6,1,7,250,101
16,1.191,23,4.91039e-11,4.9104e-11,1,1,124,47,22,6,1,7,250,122.062
16,1.191,24,4.91039e-11,4.9104e-11,1,1,124,47,22,6,1,7,250,122.159
16,1.191,25,4.91039e-11,4.9104e-11,1,1,124,47,22,6,1,7,250,124.976
16,1.191,26,4.91039e-11,4.9104e-11,1,1,124,47,22,6,1,7,250,119.864
16,1.191,27,4.91039e-11,4.9104e-11,1,1,124,47,22,6,1,7,250,121.1
16,1.191,28,4.91039e-11,4.9104e-11,1,1,124,49,20,6,1,7,238,129.164
16,1.191,29,4.91039e-11,4.9104e-11,1,1,124,49,20,6,1,7,238,124.637
16,1.191,30,4.91039e-11,4.9104e-11,1,1,124,49,20,6,1,7,238,122.091
16,1.191,31,4.91039e-11,4.9104e-11,1,1,124,49,20,6,1,7,238,120.755
16,1.191,32,4.91039e-11,4.9104e-11,1,1,124,49,20,6,1,7,238,120.213
16,1.191,33,4.91039e-11,4.9104e-11,1,1,124,49,20,6,1,7,238,124.318
16,1.191,34,4.91039e-11,4.9104e-11,1,1,124,49,20,6,1,7,238,124.496
16,1.191,35,4.91039e-11,4.9104e-11,1,1,124,49,20,6,1,7,238,126.532
16,1.3015,0,1.11308e-11,1.11307e-11,1,1,122,45,20,10,1,11,262,119.265
16,1.3015,1,1.11308e-11,1.11307e-11,1,1,120,45,20,9,0,9,248,119.285
16,1.3015,2,1.11308e-11,1.11307e-11,1,1,120,45,20,9,0,9,248,119.487
16,1.3015,3,1.11308e-11,1.11307e-11,1,1,122,45,20,10,1,11,262,118.763
16,1.3015,4,1.11308e-11,1.11307e-11,1,1,122,45,20,10,1,11,262,116.478
16,1.3015,5,1.11308e-11,1.11307e-11,1,1,120,45,20,9,0,9,248,116.231
16,1.3015,6,1.11308e-11,1.11307e-11,1,1,120,45,20,9,0,9,248,118.141
16,1.3015,7,1.11308e-11,1.11307e-11,1,1,122,45,20,10,1,11,262,117.815
16,1.3015,8,1.11309e-11,1.11307e-11,1,1,122,47,18,10,1,11,250,119.146
16,1.3015,9,1.11309e-11,1.11307e-11,1,1,120,47,18,9,0,9,236,119.304
16,1.3015,10,1.11309e-11,1.11307e-11,1,1,122,47,18,10,1,11,250,95.246
16,1.3015,11,1.11309e-11,1.11307e-11,1,1,120,47,18,9,0,9,236,117.2
16,1.3015,12,1.11309e-11,1.11307e-11,1,1,120,47,18,9,0,9,236,118.898
16,1.3015,13,1.11309e-11,1.11307e-11,1,1,122,47,18,10,1,11,250,118.673
16,1.3015,14,1.11309e-11,1.11307e-11,1,1,120,47,18,9,0,9,236,117.188
16,1.3015,15,1.11309e-11,1.11307e-11,1,1,122,47,18,10,1,11,250,116.701
16,1.3015,16,1.11309e-11,1.11307e-11,1,1,122,45,20,10,1,11,262,118.455
16,1.3015,17,1.11309e-11,1.11307e-11,1,1,120,45,20,9,0,9,248,118.716
16,1.3015,18,1.11309e-11,1.11307e-11,1,1,120,45,20,9,0,9,248,118.824
16,1.3015,19,1.11309e-11,1.11307e-11,1,1,122,45,20,10,1,11,262,118.466
16,1.3015,20,1.11309e-11,1.11307e-11,1,1,120,45,20,9,0,9,248,115.985
16,1.3015,21,1.11309e-11,1.11307e-11,1,1,122,45,20,10,1,11,262,114.495
16,1.3015,22,1.11309e-11,1.11307e-11,1,1,122,45,20,10,1,11,262,117.851
16,1.3015,23,1.11309e-11,1.11307e-11,1,1,120,45,20,9,0,9,248,117.537
16,1.3015,24,1.1131e-11,1.11307e-11,1,1,122,45,20,10,1,11,262,118.116
16,1.3015,25,1.1131e-11,1.11307e-11,1,1,120,45,20,9,0,9,248,117.806
16,1.3015,26,1.1131e-11,1.11307e-11,1,1,122,45,20,10,1,11,262,116.098
16,1.3015,27,1.1131e-11,1.11307e-11,1,1,120,45,20,9,0,9,248,116.383
16,1.3015,28,1.11311e-11,1.11307e-11,1,1,120,47,18,9,0,9,236,118.348
16,1.3015,29,1.11311e-11,1.11307e-11,1,1,122,47,18,10,1,11,250,118.664
16,1.3015,30,1.11311e-11,1.11307e-11,1,1,120,47,18,9,0,9,236,117.781
16,1.3015,31,1.11311e-11,1.11307e-11,1,1,122,47,18,10,1,11,250,118.029
16,1.3015,32,1.11311e-11,1.11307e-11,1,1,120,45,20,9,0,9,248,118.346
16,1.3015,33,1.11311e-11,1.11307e-11,1,1,122,45,20,10,1,11,262,117.691
16,1.3015,34,1.11311e-11,1.11307e-11,1,1,122,45,20,10,1,11,262,95.75
16,1.3015,35,1.11311e-11,1.11307e-11,1,1,120,45,20,9,0,9,248,118.601
16,1.40779,0,1.11308e-11,1.11307e-11,1,1,122,47,17,9,1,10,236,101.677
16,1.40779,1,1.11308e-11,1.11307e-11,1,1,122,47,17,9,1,10,236,103.256
16,1.40779,2,1.11308e-11,1.11307e-11,1,1,122,47,17,9,1,10,236,111.366
16,1.40779,3,1.11308e-11,1.11307e-11,1,1,122,47,17,9,1,10,236,111.553
16,1.40779,4,1.11308e-11,1.11307e-11,1,1,123,47,18,9,1,10,243,112.968
16,1.40779,5,1.11308e-11,1.11307e-11,1,1,123,47,18,9,1,10,243,111.046
16,1.40779,6,1.11308e-11,1.11307e-11,1,1,123,47,18,9,1,10,243,103.045
16,1.40779,7,1.11308e-11,1.11307e-11,1,1,123,47,18,9,1,10,243,108.121
16,1.40779,8,1.11308e-11,1.11307e-11,1,1,123,47,18,9,1,10,243,111.316
16,1.40779,9,1.11308e-11,1.11307e-11,1,1,123,47,18,9,1,10,243,111.261
16,1.40779,10,1.11308e-11,1.11307e-11,1,1,123,47,18,9,1,10,243,104.964
16,1.40779,11,1.11308e-11,1.11307e-11,1,1,123,47,18,9,1,10,243,103.805
16,1.40779,12,1.11309e-11,1.11307e-11,1,1,123,47,18,9,1,10,243,107.975
16,1.40779,13,1.11309e-11,1.11307e-11,1,1,123,47,18,9,1,10,243,104.224
16,1.40779,14,1.11309e-11,1.11307e-11,1,1,123,47,18,9,1,10,243,112.695
16,1.40779,15,1.11309e-11,1.11307e-11,1,1,123,47,18,9,1,10,243,112.449
16,1.40779,16,1.1131e-11,1.11307e-11,1,1,122,47,17,9,1,10,236,106.8
16,1.40779,17,1.1131e-11,1.11307e-11,1,1,122,47,17,9,1,10,236,102.522
16,1.40779,18,1.1131e-11,1.11307e-11,1,1,122,47,17,9,1,10,236,108.96
16,1.40779,19,1.1131e-11,1.11307e-11,1,1,120,47,16,9,1,10,229,110.331
16,1.40779,20,1.1131e-11,1.11307e-11,1,1,123,47,18,9,1,10,243,110.909
16,1.40779,21,1.1131e-11,1.11307e-11,1,1,123,47,18,9,1,10,243,90.068
16,1.40779,22,1.1131e-11,1.11307e-11,1,1,123,47,18,9,1,10,243,105.285
16,1.40779,23,1.1131e-11,1.11307e-11,1,1,123,47,18,9,1,10,243,104.328
16,1.40779,24,1.1131e-11,1.11307e-11,1,1,123,47,18,9,1,10,243,106.062
16,1.40779,25,1.1131e-11,1.11307e-11,1,1,123,47,18,9,1,10,243,103.715
16,1.40779,26,1.1131e-11,1.11307e-11,1,1,123,47,18,9,1,10,243,112.754
16,1.40779,27,1.1131e-11,1.11307e-11,1,1,123,47,18,9,1,10,243,111.293
16,1.40779,28,1.11311e-11,1.11307e-11,1,1,122,47,17,9,1,10,236,104.349
16,1.40779,29,1.11311e-11,1.11307e-11,1,1,122,47,17,9,1,10,236,104.294
16,1.40779,30,1.11311e-11,1.11307e-11,1,1,122,47,17,9,1,10,236,110.081
16,1.40779,31,1.11311e-11,1.11307e-11,1,1,122,47,17,9,1,10,236,109.434
16,1.40779,32,1.11311e-11,1.11307e-11,1,1,123,47,18,9,1,10,243,103.833
16,1.40779,33,1.11311e-11,1.11307e-11,1,1,123,47,18,9,1,10,243,104.89
16,1.40779,34,1.11311e-11,1.11307e-11,1,1,123,47,18,9,1,10,243,109.975
16,1.40779,35,1.11311e-11,1.11307e-11,1,1,123,47,18,9,1,10,243,112.693
16,1.51543,0,3.03028e-11,3.0303e-11,1,1,113,39,24,9,1,10,277,125.332
16,1.51543,1,3.03028e-11,3.0303e-11,1,1,111,39,24,8,0,8,263,125.723
16,1.51543,2,3.03028e-11,3.0303e-11,1,1,101,35,20,12,0,12,259,93.003
16,1.51543,3,3.03028e-11,3.0303e-11,1,1,103,35,20,13,1,14,273,92.607
16,1.51543,4,3.03028e-11,3.0303e-11,1,1,113,39,24,9,1,10,277,124.798
16,1.51543,5,3.03028e-11,3.0303e-11,1,1,111,39,24,8,0,8,263,124.602
16,1.51543,6,3.03029e-11,3.0303e-11,1,1,103,35,20,13,1,14,273,91.75
16,1.51543,7,3.03029e-11,3.0303e-11,1,1,101,35,20,12,0,12,259,92.807
16,1.51543,8,3.03029e-11,3.0303e-11,1,1,101,33,22,12,0,12,271,74.699
16,1.51543,9,3.03029e-11,3.0303e-11,1,1,103,33,22,13,1,14,285,92.993
16,1.51543,10,3.03029e-11,3.0303e-11,1,1,111,39,24,8,0,8,263,124.488
16,1.51543,11,3.03029e-11,3.0303e-11,1,1,113,39,24,9,1,10,277,125.473
16,1.51543,12,3.03029e-11,3.0303e-11,1,1,101,33,22,12,0,12,271,92.791
16,1.51543,13,3.03029e-11,3.0303e-11,1,1,103,33,22,13,1,14,285,92.918
16,1.51543,14,3.03029e-11,3.0303e-11,1,1,103,35,20,13,1,14,273,93.035
16,1.51543,15,3.03029e-11,3.0303e-11,1,1,101,35,20,12,0,12,259,92.635
16,1.51543,16,3.03029e-11,3.0303e-11,1,1,101,33,22,12,0,12,271,89.505
16,1.51543,17,3.03029e-11,3.0303e-11,1,1,103,33,22,13,1,14,285,88.112
16,1.51543,18,3.03029e-11,3.0303e-11,1,1,113,41,22,9,1,10,265,125.503
16,1.51543,19,3.03029e-11,3.0303e-11,1,1,111,41,22,8,0,8,251,125.297
16,1.51543,20,3.03029e-11,3.0303e-11,1,1,113,39,24,9,1,10,277,100.523
16,1.51543,21,3.03029e-11,3.0303e-11,1,1,111,39,24,8,0,8,263,122.755
16,1.51543,22,3.03029e-11,3.0303e-11,1,1,103,33,22,13,1,14,285,91.684
16,1.51543,23,3.03029e-11,3.0303e-11,1,1,101,33,22,12,0,12,271,92.514
16,1.51543,24,3.03029e-11,3.0303e-11,1,1,113,41,22,9,1,10,265,124.303
16,1.51543,25,3.03029e-11,3.0303e-11,1,1,111,41,22,8,0,8,251,125.366
16,1.51543,26,3.03029e-11,3.0303e-11,1,1,103,33,22,13,1,14,285,89.015
16,1.51543,27,3.03029e-11,3.0303e-11,1,1,101,33,22,12,0,12,271,88.718
16,1.51543,28,3.03029e-11,3.0303e-11,1,1,101,33,22,12,0,12,271,89.215
16,1.51543,29,3.03029e-11,3.0303e-11,1,1,103,33,22,13,1,14,285,89.171
16,1.51543,30,3.03029e-11,3.0303e-11,1,1,111,41,22,8,0,8,251,125.355
16,1.51543,31,3.03029e-11,3.0303e-11,1,1,113,41,22,9,1,10,265,125.261
16,1.51543,32,3.03029e-11,3.0303e-11,1,1,111,39,24,8,0,8,263,125.46
16,1.51543,33,3.03029e-11,3.0303e-11,1,1,113,39,24,9,1,10,277,125.582
16,1.51543,34,3.0303e-11,3.0303e-11,1,1,111,39,24,8,0,8,263,124.708
16,1.51543,35,3.0303e-11,3.0303e-11,1,1,113,39,24,9,1,10,277,124.948
16,1.62514,0,4.91038e-11,4.9104e-11,1,1,117,41,24,9,1,10,279,117.83
16,1.62514,1,4.91038e-11,4.9104e-11,1,1,115,41,24,8,0,8,265,117.65
16,1.62514,2,4.91038e-11,4.9104e-11,1,1,117,41,24,9,1,10,279,116.686
16,1.62514,3,4.91038e-11,4.9104e-11,1,1,115,41,24,8,0,8,265,115.723
16,1.62514,4,4.91038e-11,4.9104e-11,1,1,115,41,24,8,0,8,265,117.613
16,1.62514,5,4.91038e-11,4.9104e-11,1,1,117,41,24,9,1,10,279,117.543
16,1.62514,6,4.91038e-11,4.9104e-11,1,1,117,41,24,9,1,10,279,115.111
16,1.62514,7,4.91038e-11,4.9104e-11,1,1,115,41,24,8,0,8,265,116.916
16,1.62514,8,4.91038e-11,4.9104e-11,1,1,115,41,24,8,0,8,265,116.908
16,1.62514,9,4.91038e-11,4.9104e-11,1,1,117,41,24,9,1,10,279,116.636
16,1.62514,10,4.91038e-11,4.9104e-11,1,1,115,41,24,8,0,8,265,117.547
16,1.62514,11,4.91038e-11,4.9104e-11,1,1,117,41,24,9,1,10,279,94.917
16,1.62514,12,4.91038e-11,4.9104e-11,1,1,117,41,24,9,1,10,279,115.976
16,1.62514,13,4.91038e-11,4.9104e-11,1,1,115,41,24,8,0,8,265,115.967
16,1.62514,14,4.91038e-11,4.9104e-11,1,1,115,41,24,8,0,8,265,112.761
16,1.62514,15,4.91038e-11,4.9104e-11,1,1,117,41,24,9,1,10,279,113.125
16,1.62514,16,4.91039e-11,4.9104e-11,1,1,117,43,22,9,1,10,267,117.667
16,1.62514,17,4.91039e-11,4.9104e-11,1,1,115,43,22,8,0,8,253,116.414
16,1.62514,18,4.91039e-11,4.9104e-11,1,1,115,43,22,8,0,8,253,111.027
16,1.62514,19,4.91039e-11,4.9104e-11,1,1,117,43,22,9,1,10,267,113.11
16,1.62514,20,4.91039e-11,4.9104e-11,1,1,115,41,24,8,0,8,265,115.617
16,1.62514,21,4.91039e-11,4.9104e-11,1,1,117,41,24,9,1,10,279,115.23
16,1.62514,22,4.91039e-11,4.9104e-11,1,1,115,41,24,8,0,8,265,112.803
16,1.62514,23,4.91039e-11,4.9104e-11,1,1,117,41,24,9,1,10,279,113.119
16,1.62514,24,4.91039e-11,4.9104e-11,1,1,117,43,22,9,1,10,267,112.981
16,1.62514,25,4.91039e-11,4.9104e-11,1,1,115,43,22,8,0,8,253,113.293
16,1.62514,26,4.91039e-11,4.9104e-11,1,1,115,43,22,8,0,8,253,117.437
16,1.62514,27,4.91039e-11,4.9104e-11,1,1,117,43,22,9,1,10,267,117.67
16,1.62514,28,4.91039e-11,4.9104e-11,1,1,115,43,22,8,0,8,253,112.261
16,1.62514,29,4.91039e-11,4.9104e-11,1,1,117,43,22,9,1,10,267,112.215
16,1.62514,30,4.91039e-11,4.9104e-11,1,1,117,43,22,9,1,10,267,117.805
16,1.62514,31,4.91039e-11,4.9104e-11,1,1,115,43,22,8,0,8,253,117.681
16,1.62514,32,4.91039e-11,4.9104e-11,1,1,115,41,24,8,0,8,265,114.327
16,1.62514,33,4.91039e-11,4.9104e-11,1,1,117,41,24,9,1,10,279,93.03
16,1.62514,34,4.91039e-11,4.9104e-11,1,1,117,41,24,9,1,10,279,113.245
16,1.62514,35,4.91039e-11,4.9104e-11,1,1,115,41,24,8,0,8,265,112.547
16,1.73291,0,4.91038e-11,4.9104e-11,1,1,133,55,18,4,0,4,209,113.486
16,1.73291,1,4.91038e-11,4.9104e-11,1,1,135,55,18,5,1,6,223,114.76
16,1.73291,2,4.91038e-11,4.9104e-11,1,1,133,55,18,4,0,4,209,115.517
16,1.73291,3,4.91038e-11,4.9104e-11,1,1,135,55,18,5,1,6,223,115.872
16,1.73291,4,4.91038e-11,4.9104e-11,1,1,135,57,16,5,1,6,211,116.428
16,1.73291,5,4.91038e-11,4.9104e-11,1,1,133,57,16,4,0,4,197,115.849
16,1.73291,6,4.91038e-11,4.9104e-11,1,1,135,57,16,5,1,6,211,114.253
16,1.73291,7,4.91038e-11,4.9104e-11,1,1,133,57,16,4,0,4,197,114.199
16,1.73291,8,4.91038e-11,4.9104e-11,1,1,135,55,18,5,1,6,223,114.522
16,1.73291,9,4.91038e-11,4.9104e-11,1,1,133,55,18,4,0,4,209,114.491
16,1.73291,10,4.91038e-11,4.9104e-11,1,1,135,55,18,5,1,6,223,112.987
16,1.73291,11,4.91038e-11,4.9104e-11,1,1,133,55,18,4,0,4,209,93.718
16,1.73291,12,4.91039e-11,4.9104e-11,1,1,133,55,18,4,0,4,209,114.352
16,1.73291,13,4.91039e-11,4.9104e-11,1,1,135,55,18,5,1,6,223,89.452
16,1.73291,14,4.91039e-11,4.9104e-11,1,1,135,55,18,5,1,6,223,115.324
16,1.73291,15,4.91039e-11,4.9104e-11,1,1,133,55,18,4,0,4,209,92.934
16,1.73291,16,4.91039e-11,4.9104e-11,1,1,133,57,16,4,0,4,197,113.486
16,1.73291,17,4.91039e-11,4.9104e-11,1,1,135,57,16,5,1,6,211,114.342
16,1.73291,18,4.91039e-11,4.9104e-11,1,1,133,57,16,4,0,4,197,115.668
16,1.73291,19,4.91039e-11,4.9104e-11,1,1,135,57,16,5,1,6,211,87.784
16,1.73291,20,4.91039e-11,4.9104e-11,1,1,133,55,18,4,0,4,209,91.122
16,1.73291,21,4.91039e-11,4.9104e-11,1,1,135,55,18,5,1,6,223,113.335
16,1.73291,22,4.91039e-11,4.9104e-11,1,1,135,55,18,5,1,6,223,107.93
16,1.73291,23,4.91039e-11,4.9104e-11,1,1,133,55,18,4,0,4,209,115.795
16,1.73291,24,4.91039e-11,4.9104e-11,1,1,135,57,16,5,1,6,211,116.153
16,1.73291,25,4.91039e-11,4.9104e-11,1,1,133,57,16,4,0,4,197,88.21
16,1.73291,26,4.91039e-11,4.9104e-11,1,1,135,57,16,5,1,6,211,106.842
16,1.73291,27,4.91039e-11,4.9104e-11,1,1,133,57,16,4,0,4,197,113.74
16,1.73291,28,4.91039e-11,4.9104e-11,1,1,135,55,18,5,1,6,223,113.575
16,1.73291,29,4.91039e-11,4.9104e-11,1,1,133,55,18,4,0,4,209,113.517
16,1.73291,30,4.91039e-11,4.9104e-11,1,1,135,55,18,5,1,6,223,114.258
16,1.73291,31,4.91039e-11,4.9104e-11,1,1,133,55,18,4,0,4,209,94.211
16,1.73291,32,4.91039e-11,4.9104e-11,1,1,133,55,18,4,0,4,209,115.109
16,1.73291,33,4.91039e-11,4.9104e-11,1,1,135,55,18,5,1,6,223,78.083
16,1.73291,34,4.91039e-11,4.9104e-11,1,1,135,55,18,5,1,6,223,112.889
16,1.73291,35,4.91039e-11,4.9104e-11,1,1,133,55,18,4,0,4,209,112.956
16,1.84064,0,1.11308e-11,1.11307e-11,1,1,99,33,20,12,0,12,257,133.057
16,1.84064,1,1.11308e-11,1.11307e-11,1,1,101,33,20,13,1,14,271,115.148
16,1.84064,2,1.11308e-11,1.11307e-11,1,1,99,33,20,12,0,12,257,87.981
16,1.84064,3,1.11308e-11,1.11307e-11,1,1,101,33,20,13,1,14,271,86.512
16,1.84064,4,1.11309e-11,1.11307e-11,1,1,99,35,18,12,0,12,245,135.065
16,1.84064,5,1.11309e-11,1.11307e-11,1,1,101,35,18,13,1,14,259,107.064
16,1.84064,6,1.11309e-11,1.11307e-11,1,1,99,35,18,12,0,12,245,137.156
16,1.84064,7,1.11309e-11,1.11307e-11,1,1,101,35,18,13,1,14,259,134.8
16,1.84064,8,1.11309e-11,1.11307e-11,1,1,99,33,20,12,0,12,257,84.393
16,1.84064,9,1.11309e-11,1.11307e-11,1,1,101,33,20,13,1,14,271,129.928
16,1.84064,10,1.11309e-11,1.11307e-11,1,1,101,33,20,13,1,14,271,131.724
16,1.84064,11,1.11309e-11,1.11307e-11,1,1,99,33,20,12,0,12,257,131.552
16,1.84064,12,1.11309e-11,1.11307e-11,1,1,99,33,20,12,0,12,257,133.06
16,1.84064,13,1.11309e-11,1.11307e-11,1,1,101,33,20,13,1,14,271,120.252
16,1.84064,14,1.11309e-11,1.11307e-11,1,1,101,33,20,13,1,14,271,134.195
16,1.84064,15,1.11309e-11,1.11307e-11,1,1,99,33,20,12,0,12,257,98.813
16,1.84064,16,1.11309e-11,1.11307e-11,1,1,101,33,20,13,1,14,271,75.572
16,1.84064,17,1.11309e-11,1.11307e-11,1,1,99,33,20,12,0,12,257,130.758
16,1.84064,18,1.11309e-11,1.11307e-11,1,1,101,33,20,13,1,14,271,115.07
16,1.84064,19,1.11309e-11,1.11307e-11,1,1,99,33,20,12,0,12,257,133.153
16,1.84064,20,1.11309e-11,1.11307e-11,1,1,101,35,18,13,1,14,259,134.781
16,1.84064,21,1.11309e-11,1.11307e-11,1,1,99,35,18,12,0,12,245,137.576
16,1.84064,22,1.11309e-11,1.11307e-11,1,1,101,35,18,13,1,14,259,132.6
16,1.84064,23,1.11309e-11,1.11307e-11,1,1,99,35,18,12,0,12,245,77.37
16,1.84064,24,1.1131e-11,1.11307e-11,1,1,101,33,20,13,1,14,271,76.33
16,1.84064,25,1.1131e-11,1.11307e-11,1,1,99,33,20,12,0,12,257,133.664
16,1.84064,26,1.1131e-11,1.11307e-11,1,1,99,33,20,12,0,12,257,131.682
16,1.84064,27,1.1131e-11,1.11307e-11,1,1,101,33,20,13,1,14,271,132.093
16,1.84064,28,1.1131e-11,1.11307e-11,1,1,99,35,18,12,0,12,245,95.668
16,1.84064,29,1.1131e-11,1.11307e-11,1,1,101,35,18,13,1,14,259,134.976
16,1.84064,30,1.1131e-11,1.11307e-11,1,1,99,35,18,12,0,12,245,109.192
16,1.84064,31,1.1131e-11,1.11307e-11,1,1,101,35,18,13,1,14,259,133.085
16,1.84064,32,1.11311e-11,1.11307e-11,1,1,101,33,20,13,1,14,271,129.403
16,1.84064,33,1.11311e-11,1.11307e-11,1,1,99,33,20,12,0,12,257,74.769
16,1.84064,34,1.11311e-11,1.11307e-11,1,1,101,33,20,13,1,14,271,131.794
16,1.84064,35,1.11311e-11,1.11307e-11,1,1,99,33,20,12,0,12,257,131.849
16,1.95184,0,4.91038e-11,4.9104e-11,1,1,111,37,26,9,1,10,289,113.044
16,1.95184,1,4.91038e-11,4.9104e-11,1,1,109,37,26,8,0,8,275,64.106
16,1.95184,2,4.91038e-11,4.9104e-11,1,1,111,37,26,9,1,10,289,115.834
16,1.95184,3,4.91038e-11,4.9104e-11,1,1,109,37,26,8,0,8,275,66.231
16,1.95184,4,4.91038e-11,4.9104e-11,1,1,111,39,24,9,1,10,277,66.507
16,1.95184,5,4.91038e-11,4.9104e-11,1,1,109,39,24,8,0,8,263,66.119
16,1.95184,6,4.91038e-11,4.9104e-11,1,1,109,39,24,8,0,8,263,115.301
16,1.95184,7,4.91038e-11,4.9104e-11,1,1,111,39,24,9,1,10,277,115.485
16,1.95184,8,4.91038e-11,4.9104e-11,1,1,111,37,26,9,1,10,289,117.795
16,1.95184,9,4.91038e-11,4.9104e-11,1,1,109,37,26,8,0,8,275,117.854
16,1.95184,10,4.91038e-11,4.9104e-11,1,1,109,37,26,8,0,8,275,115.331
16,1.95184,11,4.91038e-11,4.9104e-11,1,1,111,37,26,9,1,10,289,115.462
16,1.95184,12,4.91038e-11,4.9104e-11,1,1,109,37,26,8,0,8,275,115.462
16,1.95184,13,4.91038e-11,4.9104e-11,1,1,111,37,26,9,1,10,289,115.585
16,1.95184,14,4.91038e-11,4.9104e-11,1,1,111,37,26,9,1,10,289,67.69
16,1.95184,15,4.91038e-11,4.9104e-11,1,1,109,37,26,8,0,8,275,117.316
16,1.95184,16,4.91038e-11,4.9104e-11,1,1,109,39,24,8,0,8,263,115.646
16,1.95184,17,4.91038e-11,4.9104e-11,1,1,111,39,24,9,1,10,277,65.453
16,1.95184,18,4.91038e-11,4.9104e-11,1,1,109,39,24,8,0,8,263,93.55
16,1.95184,19,4.91038e-11,4.9104e-11,1,1,111,39,24,9,1,10,277,66.168
16,1.95184,20,4.91039e-11,4.9104e-11,1,1,111,39,24,9,1,10,277,115.56
16,1.95184,21,4.91039e-11,4.9104e-11,1,1,109,39,24,8,0,8,263,65.765
16,1.95184,22,4.91039e-11,4.9104e-11,1,1,111,39,24,9,1,10,277,116.207
16,1.95184,23,4.91039e-11,4.9104e-11,1,1,109,39,24,8,0,8,263,116.4
16,1.95184,24,4.91039e-11,4.9104e-11,1,1,109,37,26,8,0,8,275,64.407
16,1.95184,25,4.91039e-11,4.9104e-11,1,1,111,37,26,9,1,10,289,113.035
16,1.95184,26,4.91039e-11,4.9104e-11,1,1,109,37,26,8,0,8,275,97.902
16,1.95184,27,4.91039e-11,4.9104e-11,1,1,111,37,26,9,1,10,289,116.046
16,1.95184,28,4.91039e-11,4.9104e-11,1,1,111,37,26,9,1,10,289,116.244
16,1.95184,29,4.91039e-11,4.9104e-11,1,1,109,37,26,8,0,8,275,115.935
16,1.95184,30,4.91039e-11,4.9104e-11,1,1,109,37,26,8,0,8,275,64.496
16,1.95184,31,4.91039e-11,4.9104e-11,1,1,111,37,26,9,1,10,289,64.095
16,1.95184,32,4.91039e-11,4.9104e-11,1,1,109,37,26,8,0,8,275,117.633
16,1.95184,33,4.91039e-11,4.9104e-11,1,1,111,37,26,9,1,10,289,117.907
16,1.95184,34,4.91039e-11,4.9104e-11,1,1,111,37,26,9,1,10,289,115.409
16,1.95184,35,4.91039e-11,4.9104e-11,1,1,109,37,26,8,0,8,275,115.526
16,2.05948,0,4.91037e-11,4.9104e-11,1,1,127,51,20,3,1,4,219,65.188
16,2.05948,1,4.91037e-11,4.9104e-11,1,1,127,51,20,3,1,4,219,87.006
16,2.05948,2,4.91037e-11,4.9104e-11,1,1,127,51,20,3,1,4,219,64.37
16,2.05948,3,4.91037e-11,4.9104e-11,1,1,127,51,20,3,1,4,219,116.408
16,2.05948,4,4.91038e-11,4.9104e-11,1,1,127,51,20,3,1,4,219,114.03
16,2.05948,5,4.91038e-11,4.9104e-11,1,1,127,51,20,3,1,4,219,113.152
16,2.05948,6,4.91038e-11,4.9104e-11,1,1,127,51,20,3,1,4,219,117.439
16,2.05948,7,4.91038e-11,4.9104e-11,1,1,127,51,20,3,1,4,219,91.633
16,2.05948,8,4.91038e-11,4.9104e-11,1,1,127,51,20,3,1,4,219,118.67
16,2.05948,9,4.91038e-11,4.9104e-11,1,1,127,51,20,3,1,4,219,115.171
16,2.05948,10,4.91038e-11,4.9104e-11,1,1,127,51,20,3,1,4,219,114.14
16,2.05948,11,4.91038e-11,4.9104e-11,1,1,127,51,20,3,1,4,219,114.291
16,2.05948,12,4.91038e-11,4.9104e-11,1,1,127,51,20,3,1,4,219,65.858
16,2.05948,13,4.91038e-11,4.9104e-11,1,1,127,51,20,3,1,4,219,116.141
16,2.05948,14,4.91038e-11,4.9104e-11,1,1,127,51,20,3,1,4,219,117.477
16,2.05948,15,4.91038e-11,4.9104e-11,1,1,127,51,20,3,1,4,219,117.213
16,2.05948,16,4.91039e-11,4.9104e-11,1,1,127,51,20,3,1,4,219,65.566
16,2.05948,17,4.91039e-11,4.9104e-11,1,1,127,51,20,3,1,4,219,64.532
16,2.05948,18,4.91039e-11,4.9104e-11,1,1,127,51,20,3,1,4,219,118.499
16,2.05948,19,4.91039e-11,4.9104e-11,1,1,127,51,20,3,1,4,219,65.121
16,2.05948,20,4.91039e-11,4.9104e-11,1,1,127,53,18,3,1,4,207,65.449
16,2.05948,21,4.91039e-11,4.9104e-11,1,1,127,53,18,3,1,4,207,120.527
16,2.05948,22,4.91039e-11,4.9104e-11,1,1,127,53,18,3,1,4,207,115.923
16,2.05948,23,4.91039e-11,4.9104e-11,1,1,127,53,18,3,1,4,207,120.678
16,2.05948,24,4.91039e-11,4.9104e-11,1,1,127,51,20,3,1,4,219,112.691
16,2.05948,25,4.91039e-11,4.9104e-11,1,1,127,51,20,3,1,4,219,117.176
16,2.05948,26,4.91039e-11,4.9104e-11,1,1,127,51,20,3,1,4,219,116.374
16,2.05948,27,4.91039e-11,4.9104e-11,1,1,127,51,20,3,1,4,219,113.147
16,2.05948,28,4.91039e-11,4.9104e-11,1,1,127,53,18,3,1,4,207,117.358
16,2.05948,29,4.91039e-11,4.9104e-11,1,1,127,53,18,3,1,4,207,69.367
16,2.05948,30,4.91039e-11,4.9104e-11,1,1,127,53,18,3,1,4,207,93.648
16,2.05948,31,4.91039e-11,4.9104e-11,1,1,127,53,18,3,1,4,207,69.51
16,2.05948,32,4.91039e-11,4.9104e-11,1,1,127,53,18,3,1,4,207,65.67
16,2.05948,33,4.91039e-11,4.9104e-11,1,1,127,53,18,3,1,4,207,117.494
16,2.05948,34,4.91039e-11,4.9104e-11,1,1,127,53,18,3,1,4,207,116.461
16,2.05948,35,4.91039e-11,4.9104e-11,1,1,127,53,18,3,1,4,207,119.538
16,2.16482,0,3.20502e-11,3.20505e-11,1,1,112,41,26,3,0,3,244,70.669
16,2.16482,1,3.20502e-11,3.20505e-11,1,1,114,41,26,4,1,5,258,70.75
16,2.16482,2,3.20502e-11,3.20505e-11,1,1,114,41,26,4,1,5,258,130.994
16,2.16482,3,3.20502e-11,3.20505e-11,1,1,112,41,26,3,0,3,244,131.167
16,2.16482,4,3.20502e-11,3.20505e-11,1,1,112,41,26,3,0,3,244,122.849
16,2.16482,5,3.20502e-11,3.20505e-11,1,1,114,41,26,4,1,5,258,122.794
16,2.16482,6,3.20502e-11,3.20505e-11,1,1,112,41,26,3,0,3,244,133.24
16,2.16482,7,3.20502e-11,3.20505e-11,1,1,114,41,26,4,1,5,258,133.094
16,2.16482,8,3.20502e-11,3.20505e-11,1,1,114,43,24,4,1,5,246,134.527
16,2.16482,9,3.20502e-11,3.20505e-11,1,1,112,43,24,3,0,3,232,94.607
16,2.16482,10,3.20502e-11,3.20505e-11,1,1,114,43,24,4,1,5,246,125.209
16,2.16482,11,3.20502e-11,3.20505e-11,1,1,112,43,24,3,0,3,232,73.391
16,2.16482,12,3.20502e-11,3.20505e-11,1,1,114,43,24,4,1,5,246,78.298
16,2.16482,13,3.20502e-11,3.20505e-11,1,1,112,43,24,3,0,3,232,125.311
16,2.16482,14,3.20502e-11,3.20505e-11,1,1,114,43,24,4,1,5,246,72.613
16,2.16482,15,3.20502e-11,3.20505e-11,1,1,112,43,24,3,0,3,232,73.299
16,2.16482,16,3.20502e-11,3.20505e-11,1,1,112,41,26,3,0,3,244,130.852
16,2.16482,17,3.20502e-11,3.20505e-11,1,1,114,41,26,4,1,5,258,131.58
16,2.16482,18,3.20502e-11,3.20505e-11,1,1,114,41,26,4,1,5,258,125.145
16,2.16482,19,3.20502e-11,3.20505e-11,1,1,112,41,26,3,0,3,244,123.829
16,2.16482,20,3.20503e-11,3.20505e-11,1,1,114,41,26,4,1,5,258,100.951
16,2.16482,21,3.20503e-11,3.20505e-11,1,1,112,41,26,3,0,3,244,125.296
16,2.16482,22,3.20503e-11,3.20505e-11,1,1,114,41,26,4,1,5,258,135.684
16,2.16482,23,3.20503e-11,3.20505e-11,1,1,112,41,26,3,0,3,244,135.832
16,2.16482,24,3.20503e-11,3.20505e-11,1,1,114,41,26,4,1,5,258,130.954
16,2.16482,25,3.20503e-11,3.20505e-11,1,1,112,41,26,3,0,3,244,130.761
16,2.16482,26,3.20503e-11,3.20505e-11,1,1,114,41,26,4,1,5,258,110.929
16,2.16482,27,3.20503e-11,3.20505e-11,1,1,112,41,26,3,0,3,244,135.484
16,2.16482,28,3.20503e-11,3.20505e-11,1,1,112,43,24,3,0,3,232,79.845
16,2.16482,29,3.20503e-11,3.20505e-11,1,1,114,43,24,4,1,5,246,92.596
16,2.16482,30,3.20503e-11,3.20505e-11,1,1,112,43,24,3,0,3,232,72.777
16,2.16482,31,3.20503e-11,3.20505e-11,1,1,114,43,24,4,1,5,246,125.255
16,2.16482,32,3.20504e-11,3.20505e-11,1,1,112,41,26,3,0,3,244,130.599
16,2.16482,33,3.20504e-11,3.20505e-11,1,1,114,41,26,4,1,5,258,130.588
16,2.16482,34,3.20504e-11,3.20505e-11,1,1,114,41,26,4,1,5,258,77.453
16,2.16482,35,3.20504e-11,3.20505e-11,1,1,112,41,26,3,0,3,244,77.091
16,2.27326,0,3.20502e-11,3.20505e-11,1,1,129,49,20,9,1,10,259,82.745
16,2.27326,1,3.20502e-11,3.20505e-11,1,1,127,49,20,8,0,8,245,82.572
16,2.27326,2,3.20502e-11,3.20505e-11,1,1,129,49,20,9,1,10,259,82.988
16,2.27326,3,3.20502e-11,3.20505e-11,1,1,127,49,20,8,0,8,245,82.855
16,2.27326,4,3.20502e-11,3.20505e-11,1,1,127,51,18,8,0,8,233,82.717
16,2.27326,5,3.20502e-11,3.20505e-11,1,1,129,51,18,9,1,10,247,66.579
16,2.27326,6,3.20502e-11,3.20505e-11,1,1,127,51,18,8,0,8,233,91.083
16,2.27326,7,3.20502e-11,3.20505e-11,1,1,129,51,18,9,1,10,247,90.993
16,2.27326,8,3.20502e-11,3.20505e-11,1,1,127,49,20,8,0,8,245,80.697
16,2.27326,9,3.20502e-11,3.20505e-11,1,1,129,49,20,9,1,10,259,80.35
16,2.27326,10,3.20502e-11,3.20505e-11,1,1,127,49,20,8,0,8,245,52.29
16,2.27326,11,3.20502e-11,3.20505e-11,1,1,129,49,20,9,1,10,259,89.176
16,2.27326,12,3.20502e-11,3.20505e-11,1,1,127,49,20,8,0,8,245,47.326
16,2.27326,13,3.20502e-11,3.20505e-11,1,1,129,49,20,9,1,10,259,82.951
16,2.27326,14,3.20502e-11,3.20505e-11,1,1,127,49,20,8,0,8,245,46.889
16,2.27326,15,3.20502e-11,3.20505e-11,1,1,129,49,20,9,1,10,259,47.14
16,2.27326,16,3.20502e-11,3.20505e-11,1,1,127,51,18,8,0,8,233,51.571
16,2.27326,17,3.20502e-11,3.20505e-11,1,1,129,51,18,9,1,10,247,90.836
16,2.27326,18,3.20502e-11,3.20505e-11,1,1,127,51,18,8,0,8,233,81.651
16,2.27326,19,3.20502e-11,3.20505e-11,1,1,129,51,18,9,1,10,247,80.694
16,2.27326,20,3.20503e-11,3.20505e-11,1,1,129,51,18,9,1,10,247,82.8
16,2.27326,21,3.20503e-11,3.20505e-11,1,1,127,51,18,8,0,8,233,79.586
16,2.27326,22,3.20503e-11,3.20505e-11,1,1,129,51,18,9,1,10,247,90.987
16,2.27326,23,3.20503e-11,3.20505e-11,1,1,127,51,18,8,0,8,233,78.635
16,2.27326,24,3.20503e-11,3.20505e-11,1,1,129,49,20,9,1,10,259,68.132
16,2.27326,25,3.20503e-11,3.20505e-11,1,1,127,49,20,8,0,8,245,78.82
16,2.27326,26,3.20503e-11,3.20505e-11,1,1,127,49,20,8,0,8,245,89.485
16,2.27326,27,3.20503e-11,3.20505e-11,1,1,129,49,20,9,1,10,259,55.351
16,2.27326,28,3.20503e-11,3.20505e-11,1,1,129,49,20,9,1,10,259,82.754
16,2.27326,29,3.20503e-11,3.20505e-11,1,1,127,49,20,8,0,8,245,81.613
16,2.27326,30,3.20503e-11,3.20505e-11,1,1,127,49,20,8,0,8,245,48.899
16,2.27326,31,3.20503e-11,3.20505e-11,1,1,129,49,20,9,1,10,259,81.48
16,2.27326,32,3.20503e-11,3.20505e-11,1,1,129,49,20,9,1,10,259,67.282
16,2.27326,33,3.20503e-11,3.20505e-11,1,1,127,49,20,8,0,8,245,65.359
16,2.27326,34,3.20503e-11,3.20505e-11,1,1,129,49,20,9,1,10,259,70.268
16,2.27326,35,3.20503e-11,3.20505e-11,1,1,127,49,20,8,0,8,245,79.527
16,2.38328,0,1.11308e-11,1.11307e-11,1,1,119,45,22,7,1,8,255,129.372
16,2.38328,1,1.11308e-11,1.11307e-11,1,1,117,45,22,6,0,6,241,78.514
16,2.38328,2,1.11308e-11,1.11307e-11,1,1,119,45,22,7,1,8,255,135.843
16,2.38328,3,1.11308e-11,1.11307e-11,1,1,117,45,22,6,0,6,241,134.975
16,2.38328,4,1.11309e-11,1.11307e-11,1,1,119,43,24,7,1,8,267,134.938
16,2.38328,5,1.11309e-11,1.11307e-11,1,1,117,43,24,6,0,6,253,133.058
16,2.38328,6,1.11309e-11,1.11307e-11,1,1,119,43,24,7,1,8,267,132.76
16,2.38328,7,1.11309e-11,1.11307e-11,1,1,117,43,24,6,0,6,253,134.687
16,2.38328,8,1.11309e-11,1.11307e-11,1,1,117,45,22,6,0,6,241,73.798
16,2.38328,9,1.11309e-11,1.11307e-11,1,1,119,45,22,7,1,8,255,129.273
16,2.38328,10,1.11309e-11,1.11307e-11,1,1,119,45,22,7,1,8,255,76.621
16,2.38328,11,1.11309e-11,1.11307e-11,1,1,117,45,22,6,0,6,241,76.396
16,2.38328,12,1.1131e-11,1.11307e-11,1,1,119,45,22,7,1,8,255,129.667
16,2.38328,13,1.1131e-11,1.11307e-11,1,1,117,45,22,6,0,6,241,129.358
16,2.38328,14,1.1131e-11,1.11307e-11,1,1,117,45,22,6,0,6,241,134.979
16,2.38328,15,1.1131e-11,1.11307e-11,1,1,119,45,22,7,1,8,255,76.799
16,2.38328,16,1.1131e-11,1.11307e-11,1,1,119,43,24,7,1,8,267,129.353
16,2.38328,17,1.1131e-11,1.11307e-11,1,1,117,43,24,6,0,6,253,129.336
16,2.38328,18,1.1131e-11,1.11307e-11,1,1,119,43,24,7,1,8,267,130.716
16,2.38328,19,1.1131e-11,1.11307e-11,1,1,117,43,24,6,0,6,253,130.284
16,2.38328,20,1.1131e-11,1.11307e-11,1,1,117,43,24,6,0,6,253,134.87
16,2.38328,21,1.1131e-11,1.11307e-11,1,1,119,43,24,7,1,8,267,135.276
16,2.38328,22,1.1131e-11,1.11307e-11,1,1,117,43,24,6,0,6,253,108.73
16,2.38328,23,1.1131e-11,1.11307e-11,1,1,119,43,24,7,1,8,267,135.42
16,2.38328,24,1.1131e-11,1.11307e-11,1,1,117,43,24,6,0,6,253,130.443
16,2.38328,25,1.1131e-11,1.11307e-11,1,1,119,43,24,7,1,8,267,130.493
16,2.38328,26,1.1131e-11,1.11307e-11,1,1,117,43,24,6,0,6,253,73.786
16,2.38328,27,1.1131e-11,1.11307e-11,1,1,119,43,24,7,1,8,267,74.011
16,2.38328,28,1.1131e-11,1.11307e-11,1,1,117,43,24,6,0,6,253,76.921
16,2.38328,29,1.1131e-11,1.11307e-11,1,1,119,43,24,7,1,8,267,77.02
16,2.38328,30,1.1131e-11,1.11307e-11,1,1,117,43,24,6,0,6,253,77.008
16,2.38328,31,1.1131e-11,1.11307e-11,1,1,119,43,24,7,1,8,267,135.422
16,2.38328,32,1.1131e-11,1.11307e-11,1,1,119,43,24,7,1,8,267,131.227
16,2.38328,33,1.1131e-11,1.11307e-11,1,1,117,43,24,6,0,6,253,130.182
16,2.38328,34,1.1131e-11,1.11307e-11,1,1,119,43,24,7,1,8,267,73.662
16,2.38328,35,1.1131e-11,1.11307e-11,1,1,117,43,24,6,0,6,253,129.297
16,2.49201,0,4.91038e-11,4.9104e-11,1,1,116,41,16,16,1,17,272,129.828
16,2.49201,1,4.91038e-11,4.9104e-11,1,1,116,41,16,16,1,17,272,127.004
16,2.49201,2,4.91038e-11,4.9104e-11,1,1,116,41,16,16,1,17,272,126.577
16,2.49201,3,4.91038e-11,4.9104e-11,1,1,116,41,16,16,1,17,272,125.772
16,2.49201,4,4.91038e-11,4.9104e-11,1,1,116,41,16,16,1,17,272,126.812
16,2.49201,5,4.91038e-11,4.9104e-11,1,1,116,41,16,16,1,17,272,127.121
16,2.49201,6,4.91038e-11,4.9104e-11,1,1,116,41,16,16,1,17,272,102
16,2.49201,7,4.91038e-11,4.9104e-11,1,1,116,41,16,16,1,17,272,127.004
16,2.49201,8,4.91038e-11,4.9104e-11,1,1,116,43,14,16,1,17,260,72.478
16,2.49201,9,4.91038e-11,4.9104e-11,1,1,116,43,14,16,1,17,260,129.864
16,2.49201,10,4.91038e-11,4.9104e-11,1,1,116,43,14,16,1,17,260,126.922
16,2.49201,11,4.91038e-11,4.9104e-11,1,1,116,43,14,16,1,17,260,71.215
16,2.49201,12,4.91038e-11,4.9104e-11,1,1,116,41,16,16,1,17,272,74.175
16,2.49201,13,4.91038e-11,4.9104e-11,1,1,116,41,16,16,1,17,272,127.161
16,2.49201,14,4.91038e-11,4.9104e-11,1,1,116,41,16,16,1,17,272,125.253
16,2.49201,15,4.91038e-11,4.9104e-11,1,1,116,41,16,16,1,17,272,126.609
16,2.49201,16,4.91038e-11,4.9104e-11,1,1,116,41,16,16,1,17,272,127.604
16,2.49201,17,4.91038e-11,4.9104e-11,1,1,116,41,16,16,1,17,272,71.967
16,2.49201,18,4.91038e-11,4.9104e-11,1,1,116,41,16,16,1,17,272,127.276
16,2.49201,19,4.91038e-11,4.9104e-11,1,1,116,41,16,16,1,17,272,126.275
16,2.49201,20,4.91039e-11,4.9104e-11,1,1,116,43,14,16,1,17,260,126.899
16,2.49201,21,4.91039e-11,4.9104e-11,1,1,116,43,14,16,1,17,260,72.046
16,2.49201,22,4.91039e-11,4.9104e-11,1,1,116,43,14,16,1,17,260,72.405
16,2.49201,23,4.91039e-11,4.9104e-11,1,1,116,43,14,16,1,17,260,71.816
16,2.49201,24,4.91039e-11,4.9104e-11,1,1,116,43,14,16,1,17,260,126.967
16,2.49201,25,4.91039e-11,4.9104e-11,1,1,116,43,14,16,1,17,260,74.013
16,2.49201,26,4.91039e-11,4.9104e-11,1,1,116,43,14,16,1,17,260,71.329
16,2.49201,27,4.91039e-11,4.9104e-11,1,1,116,43,14,16,1,17,260,126.68
16,2.49201,28,4.91039e-11,4.9104e-11,1,1,116,41,16,16,1,17,272,126.159
16,2.49201,29,4.91039e-11,4.9104e-11,1,1,116,41,16,16,1,17,272,102.016
16,2.49201,30,4.91039e-11,4.9104e-11,1,1,116,41,16,16,1,17,272,129.725
16,2.49201,31,4.91039e-11,4.9104e-11,1,1,116,41,16,16,1,17,272,129.93
16,2.49201,32,4.91039e-11,4.9104e-11,1,1,116,41,16,16,1,17,272,126.835
16,2.49201,33,4.91039e-11,4.9104e-11,1,1,116,41,16,16,1,17,272,127.193
16,2.49201,34,4.91039e-11,4.9104e-11,1,1,116,41,16,16,1,17,272,127.196
16,2.49201,35,4.91039e-11,4.9104e-11,1,1,116,41,16,16,1,17,272,125.217
16,2.60058,0,1.11308e-11,1.11307e-11,1,1,156,71,8,5,1,6,169,80.372
16,2.60058,1,1.11308e-11,1.11307e-11,1,1,158,71,9,5,1,6,176,44.661
16,2.60058,2,1.11308e-11,1.11307e-11,1,1,158,71,9,5,1,6,176,78.607
16,2.60058,3,1.11308e-11,1.11307e-11,1,1,156,71,8,5,1,6,169,80.593
16,2.60058,4,1.11308e-11,1.11307e-11,1,1,159,71,10,5,1,6,183,78.896
16,2.60058,5,1.11308e-11,1.11307e-11,1,1,159,71,10,5,1,6,183,81.451
16,2.60058,6,1.11308e-11,1.11307e-11,1,1,159,71,10,5,1,6,183,80.579
16,2.60058,7,1.11308e-11,1.11307e-11,1,1,159,71,10,5,1,6,183,78.102
16,2.60058,8,1.11308e-11,1.11307e-11,1,1,159,71,10,5,1,6,183,44.933
16,2.60058,9,1.11308e-11,1.11307e-11,1,1,159,71,10,5,1,6,183,79.93
16,2.60058,10,1.11308e-11,1.11307e-11,1,1,159,71,10,5,1,6,183,78.69
16,2.60058,11,1.11308e-11,1.11307e-11,1,1,159,71,10,5,1,6,183,80.66
16,2.60058,12,1.11309e-11,1.11307e-11,1,1,159,71,10,5,1,6,183,44.656
16,2.60058,13,1.11309e-11,1.11307e-11,1,1,159,71,10,5,1,6,183,79.514
16,2.60058,14,1.11309e-11,1.11307e-11,1,1,159,71,10,5,1,6,183,44.944
16,2.60058,15,1.11309e-11,1.11307e-11,1,1,159,71,10,5,1,6,183,45.749
16,2.60058,16,1.11309e-11,1.11307e-11,1,1,159,71,10,5,1,6,183,44.991
16,2.60058,17,1.11309e-11,1.11307e-11,1,1,159,71,10,5,1,6,183,46.702
16,2.60058,18,1.11309e-11,1.11307e-11,1,1,159,71,10,5,1,6,183,44.53
16,2.60058,19,1.11309e-11,1.11307e-11,1,1,159,71,10,5,1,6,183,80.305
16,2.60058,20,1.1131e-11,1.11307e-11,1,1,156,71,8,5,1,6,169,63.58
16,2.60058,21,1.1131e-11,1.11307e-11,1,1,156,71,8,5,1,6,169,81.451
16,2.60058,22,1.1131e-11,1.11307e-11,1,1,156,71,8,5,1,6,169,45.328
16,2.60058,23,1.1131e-11,1.11307e-11,1,1,158,71,9,5,1,6,176,45.322
16,2.60058,24,1.1131e-11,1.11307e-11,1,1,156,71,8,5,1,6,169,44.71
16,2.60058,25,1.1131e-11,1.11307e-11,1,1,158,71,9,5,1,6,176,79.369
16,2.60058,26,1.1131e-11,1.11307e-11,1,1,158,71,9,5,1,6,176,80.865
16,2.60058,27,1.1131e-11,1.11307e-11,1,1,158,71,9,5,1,6,176,80.519
16,2.60058,28,1.11311e-11,1.11307e-11,1,1,159,71,10,5,1,6,183,80.619
16,2.60058,29,1.11311e-11,1.11307e-11,1,1,159,71,10,5,1,6,183,80.718
16,2.60058,30,1.11311e-11,1.11307e-11,1,1,159,71,10,5,1,6,183,79.322
16,2.60058,31,1.11311e-11,1.11307e-11,1,1,159,71,10,5,1,6,183,79.976
16,2.60058,32,1.11311e-11,1.11307e-11,1,1,159,71,10,5,1,6,183,79.339
16,2.60058,33,1.11311e-11,1.11307e-11,1,1,159,71,10,5,1,6,183,79.686
16,2.60058,34,1.11311e-11,1.11307e-11,1,1,159,71,10,5,1,6,183,80.301
16,2.60058,35,1.11311e-11,1.11307e-11,1,1,159,71,10,5,1,6,183,80.994
16,2.70957,0,1.11308e-11,1.11307e-11,1,1,137,59,14,5,1,6,199,103.568
16,2.70957,1,1.11308e-11,1.11307e-11,1,1,137,59,14,5,1,6,199,104.737
16,2.70957,2,1.11308e-11,1.11307e-11,1,1,137,59,14,5,1,6,199,100.197
16,2.70957,3,1.11308e-11,1.11307e-11,1,1,137,59,14,5,1,6,199,105.068
16,2.70957,4,1.11308e-11,1.11307e-11,1,1,137,57,16,5,1,6,211,103.591
16,2.70957,5,1.11308e-11,1.11307e-11,1,1,137,57,16,5,1,6,211,59.054
16,2.70957,6,1.11308e-11,1.11307e-11,1,1,137,57,16,5,1,6,211,105.217
16,2.70957,7,1.11308e-11,1.11307e-11,1,1,137,57,16,5,1,6,211,100.017
16,2.70957,8,1.11309e-11,1.11307e-11,1,1,137,57,16,5,1,6,211,59.797
16,2.70957,9,1.11309e-11,1.11307e-11,1,1,137,57,16,5,1,6,211,59.155
16,2.70957,10,1.11309e-11,1.11307e-11,1,1,137,57,16,5,1,6,211,58.935
16,2.70957,11,1.11309e-11,1.11307e-11,1,1,137,57,16,5,1,6,211,58.323
16,2.70957,12,1.11309e-11,1.11307e-11,1,1,137,59,14,5,1,6,199,85.226
16,2.70957,13,1.11309e-11,1.11307e-11,1,1,137,59,14,5,1,6,199,103.473
16,2.70957,14,1.11309e-11,1.11307e-11,1,1,137,59,14,5,1,6,199,103.236
16,2.70957,15,1.11309e-11,1.11307e-11,1,1,137,59,14,5,1,6,199,101.986
16,2.70957,16,1.11309e-11,1.11307e-11,1,1,137,57,16,5,1,6,211,103.548
16,2.70957,17,1.11309e-11,1.11307e-11,1,1,137,57,16,5,1,6,211,104.605
16,2.70957,18,1.11309e-11,1.11307e-11,1,1,137,57,16,5,1,6,211,57.21
16,2.70957,19,1.11309e-11,1.11307e-11,1,1,137,57,16,5,1,6,211,104.582
16,2.70957,20,1.1131e-11,1.11307e-11,1,1,137,57,16,5,1,6,211,104.712
16,2.70957,21,1.1131e-11,1.11307e-11,1,1,137,57,16,5,1,6,211,59.65
16,2.70957,22,1.1131e-11,1.11307e-11,1,1,137,57,16,5,1,6,211,102.319
16,2.70957,23,1.1131e-11,1.11307e-11,1,1,137,57,16,5,1,6,211,74.898
16,2.70957,24,1.1131e-11,1.11307e-11,1,1,137,59,14,5,1,6,199,103.988
16,2.70957,25,1.1131e-11,1.11307e-11,1,1,137,59,14,5,1,6,199,104.772
16,2.70957,26,1.1131e-11,1.11307e-11,1,1,137,59,14,5,1,6,199,79.936
16,2.70957,27,1.1131e-11,1.11307e-11,1,1,137,59,14,5,1,6,199,104.349
16,2.70957,28,1.11311e-11,1.11307e-11,1,1,137,57,16,5,1,6,211,103.335
16,2.70957,29,1.11311e-11,1.11307e-11,1,1,137,57,16,5,1,6,211,60.128
16,2.70957,30,1.11311e-11,1.11307e-11,1,1,137,57,16,5,1,6,211,58.302
16,2.70957,31,1.11311e-11,1.11307e-11,1,1,137,57,16,5,1,6,211,103.176
16,2.70957,32,1.11311e-11,1.11307e-11,1,1,137,57,16,5,1,6,211,103.241
16,2.70957,33,1.11311e-11,1.11307e-11,1,1,137,57,16,5,1,6,211,104.319
16,2.70957,34,1.11311e-11,1.11307e-11,1,1,137,57,16,5,1,6,211,102.449
16,2.70957,35,1.11311e-11,1.11307e-11,1,1,137,57,16,5,1,6,211,105.397
16,2.81529,0,3.20502e-11,3.20505e-11,1,1,129,53,16,7,1,8,221,136.418
16,2.81529,1,3.20502e-11,3.20505e-11,1,1,129,53,16,7,1,8,221,132.578
16,2.81529,2,3.20502e-11,3.20505e-11,1,1,129,53,16,7,1,8,221,102.07
16,2.81529,3,3.20502e-11,3.20505e-11,1,1,129,53,16,7,1,8,221,76.599
16,2.81529,4,3.20502e-11,3.20505e-11,1,1,129,51,18,7,1,8,233,75.092
16,2.81529,5,3.20502e-11,3.20505e-11,1,1,129,51,18,7,1,8,233,77.693
16,2.81529,6,3.20502e-11,3.20505e-11,1,1,129,51,18,7,1,8,233,72.923
16,2.81529,7,3.20502e-11,3.20505e-11,1,1,129,51,18,7,1,8,233,72.565
16,2.81529,8,3.20502e-11,3.20505e-11,1,1,129,51,18,7,1,8,233,134.664
16,2.81529,9,3.20502e-11,3.20505e-11,1,1,129,51,18,7,1,8,233,127.501
16,2.81529,10,3.20502e-11,3.20505e-11,1,1,129,51,18,7,1,8,233,131.318
16,2.81529,11,3.20502e-11,3.20505e-11,1,1,129,51,18,7,1,8,233,133.262
16,2.81529,12,3.20502e-11,3.20505e-11,1,1,129,51,18,7,1,8,233,132.457
16,2.81529,13,3.20502e-11,3.20505e-11,1,1,129,51,18,7,1,8,233,133.333
16,2.81529,14,3.20502e-11,3.20505e-11,1,1,129,51,18,7,1,8,233,134.757
16,2.81529,15,3.20502e-11,3.20505e-11,1,1,129,51,18,7,1,8,233,127.262
16,2.81529,16,3.20502e-11,3.20505e-11,1,1,129,53,16,7,1,8,221,134.411
16,2.81529,17,3.20502e-11,3.20505e-11,1,1,129,53,16,7,1,8,221,134.114
16,2.81529,18,3.20502e-11,3.20505e-11,1,1,129,53,16,7,1,8,221,128.648
16,2.81529,19,3.20502e-11,3.20505e-11,1,1,129,53,16,7,1,8,221,129.457
16,2.81529,20,3.20502e-11,3.20505e-11,1,1,129,51,18,7,1,8,233,128.559
16,2.81529,21,3.20502e-11,3.20505e-11,1,1,129,51,18,7,1,8,233,74.128
16,2.81529,22,3.20502e-11,3.20505e-11,1,1,129,51,18,7,1,8,233,76.018
16,2.81529,23,3.20502e-11,3.20505e-11,1,1,129,51,18,7,1,8,233,136.525
16,2.81529,24,3.20503e-11,3.20505e-11,1,1,129,51,18,7,1,8,233,129.22
16,2.81529,25,3.20503e-11,3.20505e-11,1,1,129,51,18,7,1,8,233,129.554
16,2.81529,26,3.20503e-11,3.20505e-11,1,1,129,51,18,7,1,8,233,134.523
16,2.81529,27,3.20503e-11,3.20505e-11,1,1,129,51,18,7,1,8,233,76.02
16,2.81529,28,3.20503e-11,3.20505e-11,1,1,129,53,16,7,1,8,221,131.282
16,2.81529,29,3.20503e-11,3.20505e-11,1,1,129,53,16,7,1,8,221,76.019
16,2.81529,30,3.20503e-11,3.20505e-11,1,1,129,53,16,7,1,8,221,72.822
16,2.81529,31,3.20503e-11,3.20505e-11,1,1,129,53,16,7,1,8,221,104.053
16,2.81529,32,3.20503e-11,3.20505e-11,1,1,129,51,18,7,1,8,233,128.538
16,2.81529,33,3.20503e-11,3.20505e-11,1,1,129,51,18,7,1,8,233,129.368
16,2.81529,34,3.20503e-11,3.20505e-11,1,1,129,51,18,7,1,8,233,76.792
16,2.81529,35,3.20503e-11,3.20505e-11,1,1,129,51,18,7,1,8,233,74.778
16,2.92395,0,3.20502e-11,3.20505e-11,1,1,107,39,22,6,0,6,235,116.761
16,2.92395,1,3.20502e-11,3.20505e-11,1,1,109,39,22,7,1,8,249,117.298
16,2.92395,2,3.20502e-11,3.20505e-11,1,1,107,39,22,6,0,6,235,116.129
16,2.92395,3,3.20502e-11,3.20505e-11,1,1,109,39,22,7,1,8,249,66.194
16,2.92395,4,3.20502e-11,3.20505e-11,1,1,109,39,22,7,1,8,249,66.99
16,2.92395,5,3.20502e-11,3.20505e-11,1,1,107,39,22,6,0,6,235,66.788
16,2.92395,6,3.20502e-11,3.20505e-11,1,1,109,39,22,7,1,8,249,116.15
16,2.92395,7,3.20502e-11,3.20505e-11,1,1,107,39,22,6,0,6,235,116.372
16,2.92395,8,3.20502e-11,3.20505e-11,1,1,109,39,22,7,1,8,249,116.489
16,2.92395,9,3.20502e-11,3.20505e-11,1,1,107,39,22,6,0,6,235,116.339
16,2.92395,10,3.20502e-11,3.20505e-11,1,1,109,39,22,7,1,8,249,117.327
16,2.92395,11,3.20502e-11,3.20505e-11,1,1,107,39,22,6,0,6,235,116.993
16,2.92395,12,3.20502e-11,3.20505e-11,1,1,106,39,20,7,1,8,235,117.902
16,2.92395,13,3.20502e-11,3.20505e-11,1,1,104,39,20,6,0,6,221,117.697
16,2.92395,14,3.20502e-11,3.20505e-11,1,1,106,39,20,7,1,8,235,116.3
16,2.92395,15,3.20502e-11,3.20505e-11,1,1,104,39,20,6,0,6,221,116.565
16,2.92395,16,3.20502e-11,3.20505e-11,1,1,107,39,22,6,0,6,235,92.757
16,2.92395,17,3.20502e-11,3.20505e-11,1,1,109,39,22,7,1,8,249,115.171
16,2.92395,18,3.20502e-11,3.20505e-11,1,1,107,39,22,6,0,6,235,113.651
16,2.92395,19,3.20502e-11,3.20505e-11,1,1,109,39,22,7,1,8,249,113.531
16,2.92395,20,3.20503e-11,3.20505e-11,1,1,104,39,20,6,0,6,221,115.021
16,2.92395,21,3.20503e-11,3.20505e-11,1,1,106,39,20,7,1,8,235,115.389
16,2.92395,22,3.20503e-11,3.20505e-11,1,1,104,39,20,6,0,6,221,66.433
16,2.92395,23,3.20503e-11,3.20505e-11,1,1,106,39,20,7,1,8,235,66.196
16,2.92395,24,3.20503e-11,3.20505e-11,1,1,107,39,22,6,0,6,235,64.56
16,2.92395,25,3.20503e-11,3.20505e-11,1,1,109,39,22,7,1,8,249,64.645
16,2.92395,26,3.20503e-11,3.20505e-11,1,1,109,39,22,7,1,8,249,65.194
16,2.92395,27,3.20503e-11,3.20505e-11,1,1,107,39,22,6,0,6,235,115.252
16,2.92395,28,3.20503e-11,3.20505e-11,1,1,107,39,22,6,0,6,235,115.994
16,2.92395,29,3.20503e-11,3.20505e-11,1,1,109,39,22,7,1,8,249,93.929
16,2.92395,30,3.20503e-11,3.20505e-11,1,1,109,39,22,7,1,8,249,114.914
16,2.92395,31,3.20503e-11,3.20505e-11,1,1,107,39,22,6,0,6,235,92.839
16,2.92395,32,3.20503e-11,3.20505e-11,1,1,104,39,20,6,0,6,221,116.796
16,2.92395,33,3.20503e-11,3.20505e-11,1,1,106,39,20,7,1,8,235,117.203
16,2.92395,34,3.20503e-11,3.20505e-11,1,1,108,39,21,7,1,8,242,91.216
16,2.92395,35,3.20503e-11,3.20505e-11,1,1,106,39,21,6,0,6,228,104.047
16,3.03313,0,1.11308e-11,1.11307e-11,1,1,119,45,22,6,0,6,241,97.587
16,3.03313,1,1.11308e-11,1.11307e-11,1,1,121,45,22,7,1,8,255,73.786
16,3.03313,2,1.11308e-11,1.11307e-11,1,1,121,45,22,7,1,8,255,76.337
16,3.03313,3,1.11308e-11,1.11307e-11,1,1,119,45,22,6,0,6,241,101.226
16,3.03313,4,1.11309e-11,1.11307e-11,1,1,121,45,22,7,1,8,255,129.152
16,3.03313,5,1.11309e-11,1.11307e-11,1,1,119,45,22,6,0,6,241,129.63
16,3.03313,6,1.11309e-11,1.11307e-11,1,1,121,45,22,7,1,8,255,132.903
16,3.03313,7,1.11309e-11,1.11307e-11,1,1,119,45,22,6,0,6,241,95.321
16,3.03313,8,1.11309e-11,1.11307e-11,1,1,121,47,20,7,1,8,243,134.48
16,3.03313,9,1.11309e-11,1.11307e-11,1,1,119,47,20,6,0,6,229,135.132
16,3.03313,10,1.11309e-11,1.11307e-11,1,1,119,47,20,6,0,6,229,130.543
16,3.03313,11,1.11309e-11,1.11307e-11,1,1,121,47,20,7,1,8,243,130.507
16,3.03313,12,1.11309e-11,1.11307e-11,1,1,121,47,20,7,1,8,243,129.546
16,3.03313,13,1.11309e-11,1.11307e-11,1,1,119,47,20,6,0,6,229,78.851
16,3.03313,14,1.11309e-11,1.11307e-11,1,1,121,47,20,7,1,8,243,134.437
16,3.03313,15,1.11309e-11,1.11307e-11,1,1,119,47,20,6,0,6,229,134.227
16,3.03313,16,1.11309e-11,1.11307e-11,1,1,121,45,22,7,1,8,255,129.72
16,3.03313,17,1.11309e-11,1.11307e-11,1,1,119,45,22,6,0,6,241,129.939
16,3.03313,18,1.11309e-11,1.11307e-11,1,1,121,45,22,7,1,8,255,75.795
16,3.03313,19,1.11309e-11,1.11307e-11,1,1,119,45,22,6,0,6,241,132.732
16,3.03313,20,1.1131e-11,1.11307e-11,1,1,119,47,20,6,0,6,229,122.034
16,3.03313,21,1.1131e-11,1.11307e-11,1,1,121,47,20,7,1,8,243,126.983
16,3.03313,22,1.1131e-11,1.11307e-11,1,1,121,47,20,7,1,8,243,73.713
16,3.03313,23,1.1131e-11,1.11307e-11,1,1,119,47,20,6,0,6,229,129.686
16,3.03313,24,1.1131e-11,1.11307e-11,1,1,121,45,22,7,1,8,255,129.012
16,3.03313,25,1.1131e-11,1.11307e-11,1,1,119,45,22,6,0,6,241,103.875
16,3.03313,26,1.1131e-11,1.11307e-11,1,1,119,45,22,6,0,6,241,76.334
16,3.03313,27,1.1131e-11,1.11307e-11,1,1,121,45,22,7,1,8,255,76.326
16,3.03313,28,1.1131e-11,1.11307e-11,1,1,119,45,22,6,0,6,241,134.539
16,3.03313,29,1.1131e-11,1.11307e-11,1,1,121,45,22,7,1,8,255,134.828
16,3.03313,30,1.1131e-11,1.11307e-11,1,1,121,45,22,7,1,8,255,128.936
16,3.03313,31,1.1131e-11,1.11307e-11,1,1,119,45,22,6,0,6,241,73.737
16,3.03313,32,1.1131e-11,1.11307e-11,1,1,119,45,22,6,0,6,241,97.089
16,3.03313,33,1.1131e-11,1.11307e-11,1,1,121,45,22,7,1,8,255,129.635
16,3.03313,34,1.1131e-11,1.11307e-11,1,1,119,45,22,6,0,6,241,132.937
16,3.03313,35,1.1131e-11,1.11307e-11,1,1,121,45,22,7,1,8,255,133.393
16,3.14154,0,3.20501e-11,3.20505e-11,1,1,116,43,22,7,0,7,246,123.07
16,3.14154,1,3.20501e-11,3.20505e-11,1,1,118,43,22,8,1,9,260,122.772
16,3.14154,2,3.20501e-11,3.20505e-11,1,1,116,43,22,7,0,7,246,118.38
16,3.14154,3,3.20501e-11,3.20505e-11,1,1,118,43,22,8,1,9,260,67.293
16,3.14154,4,3.20502e-11,3.20505e-11,1,1,118,43,22,8,1,9,260,69.666
16,3.14154,5,3.20502e-11,3.20505e-11,1,1,116,43,22,7,0,7,246,122.705
16,3.14154,6,3.20502e-11,3.20505e-11,1,1,118,43,22,8,1,9,260,117.909
16,3.14154,7,3.20502e-11,3.20505e-11,1,1,116,43,22,7,0,7,246,117.596
16,3.14154,8,3.20502e-11,3.20505e-11,1,1,113,43,20,7,0,7,232,117.573
16,3.14154,9,3.20502e-11,3.20505e-11,1,1,115,43,20,8,1,9,246,111.028
16,3.14154,10,3.20502e-11,3.20505e-11,1,1,115,43,21,7,0,7,239,69.838
16,3.14154,11,3.20502e-11,3.20505e-11,1,1,117,43,21,8,1,9,253,69.85
16,3.14154,12,3.20502e-11,3.20505e-11,1,1,116,43,22,7,0,7,246,110.143
16,3.14154,13,3.20502e-11,3.20505e-11,1,1,118,43,22,8,1,9,260,98.951
16,3.14154,14,3.20502e-11,3.20505e-11,1,1,118,43,22,8,1,9,260,113.366
16,3.14154,15,3.20502e-11,3.20505e-11,1,1,116,43,22,7,0,7,246,116.27
16,3.14154,16,3.20503e-11,3.20505e-11,1,1,115,43,20,8,1,9,246,103.269
16,3.14154,17,3.20503e-11,3.20505e-11,1,1,113,43,20,7,0,7,232,67.042
16,3.14154,18,3.20503e-11,3.20505e-11,1,1,117,43,21,8,1,9,253,112.763
16,3.14154,19,3.20503e-11,3.20505e-11,1,1,115,43,21,7,0,7,239,69.969
16,3.14154,20,3.20503e-11,3.20505e-11,1,1,118,43,22,8,1,9,260,108.37
16,3.14154,21,3.20503e-11,3.20505e-11,1,1,116,43,22,7,0,7,246,89.393
16,3.14154,22,3.20503e-11,3.20505e-11,1,1,116,43,22,7,0,7,246,88.788
16,3.14154,23,3.20503e-11,3.20505e-11,1,1,118,43,22,8,1,9,260,91.87
16,3.14154,24,3.20503e-11,3.20505e-11,1,1,116,43,22,7,0,7,246,76.662
16,3.14154,25,3.20503e-11,3.20505e-11,1,1,118,43,22,8,1,9,260,80.184
16,3.14154,26,3.20503e-11,3.20505e-11,1,1,116,43,22,7,0,7,246,73.729
16,3.14154,27,3.20503e-11,3.20505e-11,1,1,118,43,22,8,1,9,260,86.579
16,3.14154,28,3.20504e-11,3.20505e-11,1,1,116,43,22,7,0,7,246,84.151
16,3.14154,29,3.20504e-11,3.20505e-11,1,1,118,43,22,8,1,9,260,77.101
16,3.14154,30,3.20504e-11,3.20505e-11,1,1,118,43,22,8,1,9,260,91.594
16,3.14154,31,3.20504e-11,3.20505e-11,1,1,116,43,22,7,0,7,246,76.226
16,3.14154,32,3.20504e-11,3.20505e-11,1,1,113,43,20,7,0,7,232,84.765
16,3.14154,33,3.20504e-11,3.20505e-11,1,1,115,43,20,8,1,9,246,65.575
16,3.14154,34,3.20504e-11,3.20505e-11,1,1,115,43,21,7,0,7,239,68.813
16,3.14154,35,3.20504e-11,3.20505e-11,1,1,117,43,21,8,1,9,253,79.693
