theta,eps,f,key,frob,unit_err,hrsa_D,success,greedy,dec_s,N_D,n_syl,R_syl,R_resid_classify,R_resid_sign,R_total,lvl3,lvl4,cliff_diag,first_eps,R_positions,trail_signs,trail_det,sde0,col0_rel,col0_dig,det_sign,row0_rel,row0_dig,n_T3,n_L4,n_R,Tcost
0.3,0.01,3,hrsa_t0.3_e0.01#213,0.006986746956238,8.326481237903045e-16,34,True,False,36.247,34,31,5,0,1,6,9,9,13,1,0 5 12 19 26,+-+,-1,36,0,121,1,0,122,9,9,6,225
0.3,0.01,3,hrsa_t0.3_e0.01#5,0.0067455188591783,1.0270889293619092e-15,40,True,False,37.217,40,35,1,0,1,2,14,10,11,1,0,+--,-1,36,0,121,1,0,122,14,10,2,142
0.3,0.01,3,hrsa_t0.3_e0.01#152,0.0061083223161055,1.2941078079889909e-15,52,True,False,45.832,52,35,1,0,1,2,21,7,7,1,0,-+-,-1,36,0,121,1,0,122,21,7,2,125
0.3,0.01,3,hrsa_t0.3_e0.01#188,0.0063980353815433,1.0158168366390749e-15,42,True,False,25.593,41,33,3,0,1,4,15,8,10,1,0 13 20,+--,-1,36,0,122,1,0,121,15,8,4,175
0.3,0.01,3,hrsa_t0.3_e0.01#99,0.0062870164904381,7.910761980608188e-16,40,True,False,44.369,40,33,3,0,1,4,13,9,11,1,0 6 27,-+-,-1,36,0,122,1,0,121,13,9,4,181
0.3,0.01,3,hrsa_t0.3_e0.01#138,0.006877801296855,6.70709616019389e-16,52,True,False,35.817,52,35,1,0,1,2,21,7,7,1,0,--+,-1,36,0,121,1,0,122,21,7,2,125
0.3,0.01,3,hrsa_t0.3_e0.01#289,0.0063661617006697,8.937162776836406e-16,58,True,False,34.194,58,35,1,0,1,2,25,5,5,1,0,+-+,-1,36,0,122,1,0,121,25,5,2,113
0.3,0.01,3,hrsa_t0.3_e0.01#223,0.0064379648168302,5.364384590933172e-16,40,True,False,32.86,40,31,5,0,1,6,14,6,11,1,0 10 13 18 21,-+-,-1,36,0,122,1,0,121,14,6,6,206
0.3,0.01,3,hrsa_t0.3_e0.01#82,0.006832634222088,8.047080560200338e-16,46,True,False,38.04,46,31,3,0,1,4,18,6,7,1,0 12 19,+-+,-1,34,0,112,1,0,112,18,6,4,162
0.3,0.01,3,hrsa_t0.3_e0.01#191,0.0064077849525299,9.464060735191709e-16,38,True,False,21.317,38,33,3,0,1,4,11,11,11,1,0 3 30,+--,-1,36,0,121,1,0,122,11,11,4,195
0.3,0.01,3,hrsa_t0.3_e0.01#63,0.0069170629240082,1.0206848949900818e-15,46,True,False,28.845,46,31,5,0,1,6,18,4,9,1,0 8 11 20 23,+--,-1,36,0,121,1,0,122,18,4,6,194
0.3,0.01,3,hrsa_t0.3_e0.01#221,0.0064596173136269,1.1112404671071528e-15,58,True,False,15.92,58,35,1,0,1,2,26,4,5,1,0,++-,-1,36,0,122,1,0,121,26,4,2,106
0.3,0.01,3,hrsa_t0.3_e0.01#133,0.0066681504955785,1.016051241448656e-15,52,True,False,27.321,52,35,1,0,1,2,21,7,7,1,0,+-+,-1,36,0,121,1,0,122,21,7,2,125
0.3,0.01,3,hrsa_t0.3_e0.01#89,0.0067857207856124,9.284225413448806e-16,42,True,False,28.388,42,29,7,0,1,8,13,7,9,1,0 3 11 13 16 18 26,--+,-1,36,0,112,1,0,112,13,7,8,261
0.3,0.01,3,hrsa_t0.3_e0.01#283,0.006264283859563,8.415403975538679e-16,52,True,False,28.36,52,35,1,0,1,2,21,7,7,1,0,-+-,-1,36,0,122,1,0,121,21,7,2,125
0.3,0.01,3,hrsa_t0.3_e0.01#95,0.0063364790696326,7.32839052693063e-16,64,True,False,8.079,64,35,1,0,1,2,29,3,3,1,0,-+-,-1,36,0,112,1,0,112,29,3,2,101
0.3,0.01,3,hrsa_t0.3_e0.01#181,0.0063509896357611,5.744326725607426e-16,34,True,False,24.635,34,33,3,0,1,4,9,11,13,1,0 4 29,-+-,-1,36,0,112,1,0,112,9,11,4,193
0.3,0.01,3,hrsa_t0.3_e0.01#46,0.0067843410819385,1.2625604141240641e-15,52,True,False,20.339,52,35,1,0,1,2,21,7,7,1,0,-+-,-1,36,0,122,1,0,121,21,7,2,125
0.3,0.01,3,hrsa_t0.3_e0.01#271,0.0066842137865393,6.523135664041362e-16,40,True,False,26.59,40,32,3,0,0,3,14,8,10,0,12 16 20,+++,-1,36,0,111,1,0,111,14,8,3,150
0.3,0.01,3,hrsa_t0.3_e0.01#211,0.0063571995557957,7.004157900604495e-16,46,True,False,31.337,46,31,5,0,1,6,18,4,9,1,0 5 13 18 26,-+-,-1,36,0,122,1,0,121,18,4,6,194
0.3,0.01,3,hrsa_t0.3_e0.01#258,0.0059026021923401,8.034919237333738e-16,48,True,False,31.211,48,33,3,0,1,4,19,5,9,1,0 9 24,-+-,-1,36,0,112,1,0,112,19,5,4,155
0.3,0.01,3,hrsa_t0.3_e0.01#85,0.0067899172154851,1.0045214887191249e-15,35,True,False,40.099,35,31,4,0,0,4,9,11,11,0,5 14 17 26,---,1,36,0,111,1,0,111,9,11,4,193
0.3,0.01,3,hrsa_t0.3_e0.01#75,0.0067802095433202,4.345224772481022e-16,43,True,False,48.816,43,33,2,0,0,2,15,9,9,0,10 23,---,1,36,0,111,1,0,111,15,9,2,135
0.3,0.01,3,hrsa_t0.3_e0.01#105,0.0066527504700134,9.31772130426187e-16,44,True,False,37.349,44,31,1,0,1,2,17,7,7,1,0,+-+,-1,32,0,112,1,0,112,17,7,2,121
0.3,0.01,3,hrsa_t0.3_e0.01#39,0.0067513878652699,6.967293592615764e-16,46,True,False,22.755,46,35,1,0,1,2,17,9,9,1,0,+--,-1,36,0,121,1,0,122,17,9,2,137
0.3,0.01,3,hrsa_t0.3_e0.01#97,0.0062829335435598,1.150723942549577e-15,58,True,False,23.808,58,35,1,0,1,2,25,5,5,1,0,+--,-1,36,0,121,1,0,122,25,5,2,113
0.3,0.01,3,hrsa_t0.3_e0.01#174,0.0059409250660774,9.698915181905978e-16,46,True,False,25.844,46,35,1,0,1,2,17,9,9,1,0,+-+,-1,36,0,122,1,0,121,17,9,2,137
0.3,0.01,3,hrsa_t0.3_e0.01#164,0.0066102313190727,5.661291473785596e-16,35,True,False,45.283,35,32,4,0,1,5,9,11,12,1,0 8 16 24,++-,1,36,0,112,1,0,112,9,11,5,217
0.3,0.01,3,hrsa_t0.3_e0.01#12,0.006569223094804,5.548533422518512e-16,47,True,False,26.976,47,32,4,0,1,5,18,5,9,1,0 9 16 23,+--,1,36,0,121,1,0,122,18,5,5,178
0.3,0.01,3,hrsa_t0.3_e0.01#234,0.0061950913148709,7.549725791343293e-16,47,True,False,27.704,47,31,5,0,1,6,17,6,8,1,0 10 13 18 21,-++,-1,36,0,121,1,0,122,17,6,6,209
0.3,0.01,3,hrsa_t0.3_e0.01#173,0.006294941726877,7.950127602466485e-16,40,True,False,20.609,40,34,2,0,1,3,14,8,12,1,0 17,-++,1,36,0,122,1,0,121,14,8,3,150
0.3,0.01,3,hrsa_t0.3_e0.01#13,0.0066952592547034,9.444716990462725e-16,42,True,False,23.704,42,29,7,0,1,8,13,7,9,1,0 5 9 13 16 20 24,+--,-1,36,0,121,1,0,122,13,7,8,261
0.3,0.01,3,hrsa_t0.3_e0.01#261,0.005913872911562,8.722354912283567e-16,41,True,False,32.329,41,33,2,0,0,2,16,6,11,0,7 26,---,1,36,0,111,1,0,111,16,6,2,112
0.3,0.01,3,hrsa_t0.3_e0.01#212,0.0059283527646139,9.254071580194118e-16,36,True,False,31.087,35,33,3,0,1,4,11,10,12,1,0 14 19,++-,-1,36,0,121,1,0,122,11,10,4,187
0.3,0.01,3,hrsa_t0.3_e0.01#1,0.0068650233757737,6.376434369964151e-16,56,True,False,20.094,55,35,1,0,1,2,25,4,6,1,0,-++,-1,36,0,112,1,0,112,25,4,2,105
0.3,0.01,3,hrsa_t0.3_e0.01#3,0.0068656184155653,8.539108504515868e-16,55,True,False,14.925,55,33,2,0,0,2,23,5,5,0,9 24,---,1,36,0,111,1,0,111,23,5,2,111
0.3,0.01,3,hrsa_t0.3_e0.01#83,0.0069607858857754,7.307966264901377e-16,45,True,False,25.987,45,30,4,0,1,5,18,3,9,1,0 8 15 22,+--,1,34,0,121,1,0,122,18,3,5,162
0.3,0.01,3,hrsa_t0.3_e0.01#91,0.0065684799244509,7.701213405649111e-16,40,True,False,31.141,40,33,3,0,1,4,13,9,11,1,0 15 18,-++,-1,36,0,112,1,0,112,13,9,4,181
0.3,0.01,3,hrsa_t0.3_e0.01#146,0.0061171752440332,9.738176899663008e-16,41,True,False,28.425,41,34,2,0,1,3,14,9,11,1,0 17,--+,1,36,0,122,1,0,121,14,9,3,158
0.3,0.01,3,hrsa_t0.3_e0.01#50,0.0068143275580373,1.0199192865626786e-15,42,True,False,25.21,42,30,5,0,0,5,15,5,10,0,7 10 15 20 23,+++,-1,36,0,111,1,0,111,15,5,5,175
0.3,0.01,3,hrsa_t0.3_e0.01#266,0.006573195562721,7.00268472036291e-16,50,True,False,31.076,50,33,3,0,1,4,19,7,7,1,0 9 24,++-,-1,36,0,112,1,0,112,19,7,4,171
0.3,0.01,3,hrsa_t0.3_e0.01#54,0.0064567759552994,1.0015648926551651e-15,26,True,False,36.793,25,31,5,0,1,6,5,10,16,1,0 7 9 22 24,-+-,-1,36,0,122,1,0,121,5,10,6,229
0.3,0.01,3,hrsa_t0.3_e0.01#93,0.0064382623539887,9.187515052751617e-16,58,True,False,29.3,58,33,3,0,1,4,25,3,5,1,0 6 27,--+,-1,36,0,112,1,0,112,25,3,4,145
0.3,0.01,3,hrsa_t0.3_e0.01#192,0.006422160541128,1.2365914212477336e-15,40,True,False,40.459,40,35,1,0,1,2,14,10,11,1,0,+--,-1,36,0,121,1,0,122,14,10,2,142
0.3,0.01,3,hrsa_t0.3_e0.01#119,0.0070122138138557,9.263113204262444e-16,58,True,False,20.329,58,33,3,0,1,4,25,3,5,1,0 10 23,-++,-1,36,0,112,1,0,112,25,3,4,145
0.3,0.01,3,hrsa_t0.3_e0.01#245,0.0067279912604656,9.457248295349212e-16,32,True,False,28.818,32,29,7,0,1,8,7,9,13,1,0 5 9 13 16 20 24,--+,-1,36,0,112,1,0,112,7,9,8,271
0.3,0.01,3,hrsa_t0.3_e0.01#134,0.0067938116760086,1.1197536043418297e-15,44,True,False,34.355,44,33,3,0,1,4,15,9,9,1,0 4 29,-++,-1,36,0,121,1,0,122,15,9,4,183
0.3,0.01,3,hrsa_t0.3_e0.01#297,0.0057984783582551,7.4343429059849945e-16,48,True,False,25.8,48,33,2,0,0,2,19,6,8,0,3 30,---,1,36,0,111,1,0,111,19,6,2,115
0.3,0.01,3,hrsa_t0.3_e0.01#285,0.0061483905822524,8.299204929952901e-16,32,True,False,33.212,32,27,9,0,1,10,7,7,13,1,0 2 4 6 12 15 21 23 25,+-+,-1,36,0,122,1,0,121,7,7,10,303
0.3,0.01,3,hrsa_t0.3_e0.01#233,0.0061738933691682,8.816260555299533e-16,53,True,False,41.188,52,34,2,0,1,3,23,4,7,1,0 17,+-+,1,36,0,122,1,0,121,23,4,3,127
0.3,0.01,3,hrsa_t0.3_e0.01#280,0.0065370506676732,9.07181941485415e-16,58,True,False,24.646,58,35,1,0,1,2,25,5,5,1,0,+--,-1,36,0,121,1,0,122,25,5,2,113
0.3,0.01,3,hrsa_t0.3_e0.01#84,0.0067689555595303,9.298768559426793e-16,41,True,False,27.2,41,29,6,0,0,6,13,7,9,0,5 7 10 19 22 24,---,1,36,0,111,1,0,111,13,7,6,213
0.3,0.01,3,hrsa_t0.3_e0.01#206,0.0067182583866118,8.390367019569464e-16,30,True,False,24.418,30,27,9,0,1,10,5,9,13,1,0 2 4 6 11 16 21 23 25,--+,-1,36,0,121,1,0,122,5,9,10,317
0.3,0.01,3,hrsa_t0.3_e0.01#10,0.0066782283235795,8.718475664284522e-16,64,True,False,19.531,64,33,3,0,1,4,29,1,3,1,0 13 20,++-,-1,36,0,122,1,0,121,29,1,4,133
0.3,0.01,3,hrsa_t0.3_e0.01#59,0.0068680560301618,6.345494057862245e-16,64,True,False,16.741,64,33,3,0,1,4,29,1,3,1,0 8 25,-+-,-1,36,0,121,1,0,122,29,1,4,133
0.3,0.01,3,hrsa_t0.3_e0.01#30,0.0069444413183851,9.843088552192393e-16,39,True,False,26.592,39,31,4,0,0,4,13,7,11,0,4 13 18 27,---,1,36,0,111,1,0,111,13,7,4,165
0.3,0.01,3,hrsa_t0.3_e0.01#292,0.0060891195506229,9.84721713503854e-16,44,True,False,33.254,44,30,5,0,0,5,16,6,8,0,8 13 15 17 22,+++,-1,36,0,111,1,0,111,16,6,5,184
0.3,0.01,3,hrsa_t0.3_e0.01#127,0.0068753423693634,1.1128820682728929e-15,45,True,False,40.983,45,33,2,0,0,2,17,7,9,0,11 22,---,1,36,0,111,1,0,111,17,7,2,121
0.3,0.01,3,hrsa_t0.3_e0.01#55,0.0064833044998658,1.1384520981169993e-15,42,True,False,51.369,42,31,5,0,1,6,13,9,9,1,0 2 5 26 29,++-,-1,36,0,122,1,0,121,13,9,6,229
0.3,0.01,3,hrsa_t0.3_e0.01#296,0.0061351348523144,8.185361633454811e-16,51,True,False,24.744,51,33,2,0,0,2,21,5,7,0,10 23,---,1,36,0,111,1,0,111,21,5,2,109
0.3,0.01,3,hrsa_t0.3_e0.01#205,0.0059556196909504,7.589574309080322e-16,52,True,False,46.1,52,35,1,0,1,2,22,6,7,1,0,--+,-1,36,0,122,1,0,121,22,6,2,118
0.3,0.01,3,hrsa_t0.3_e0.01#193,0.0059803147385788,8.622776761349132e-16,46,True,False,48.058,46,35,1,0,1,2,17,9,9,1,0,--+,-1,36,0,121,1,0,122,17,9,2,137
0.3,0.01,3,hrsa_t0.3_e0.01#142,0.0069184469860393,9.85447705075769e-16,50,True,False,36.147,50,33,3,0,1,4,20,6,7,1,0 13 20,+--,-1,36,0,122,1,0,121,20,6,4,164
0.3,0.01,3,hrsa_t0.3_e0.01#171,0.00610684807146,1.4081526225309497e-15,50,True,False,34.192,50,33,3,0,1,4,19,7,7,1,0 12 21,-+-,-1,36,0,122,1,0,121,19,7,4,171
0.3,0.01,3,hrsa_t0.3_e0.01#47,0.006875764042061,9.95598476234588e-16,52,True,False,23.923,52,35,1,0,1,2,22,6,7,1,0,+-+,-1,36,0,122,1,0,121,22,6,2,118
0.3,0.01,3,hrsa_t0.3_e0.01#65,0.0067646915882542,6.541345376306434e-16,50,True,False,27.142,50,33,3,0,1,4,19,7,7,1,0 4 29,+--,-1,36,0,121,1,0,122,19,7,4,171
0.3,0.01,3,hrsa_t0.3_e0.01#150,0.0060441440751032,1.083995115943412e-15,42,True,False,19.443,42,33,3,0,1,4,16,6,11,1,0 7 26,--+,-1,36,0,121,1,0,122,16,6,4,160
0.3,0.01,3,hrsa_t0.3_e0.01#111,0.0062499965689427,8.260867688095535e-16,39,True,False,29.09,39,32,4,0,1,5,13,8,11,1,0 9 16 23,+--,1,36,0,112,1,0,112,13,8,5,197
0.3,0.01,3,hrsa_t0.3_e0.01#132,0.0068120317359703,1.1326822368564466e-15,49,True,False,28.257,49,31,4,0,0,4,19,5,7,0,7 11 20 24,+++,1,36,0,111,1,0,111,19,5,4,155
0.3,0.01,3,hrsa_t0.3_e0.01#33,0.0069290564300989,5.376706062129589e-16,46,True,False,25.964,46,35,1,0,1,2,17,9,9,1,0,+-+,-1,36,0,112,1,0,112,17,9,2,137
0.3,0.01,3,hrsa_t0.3_e0.01#246,0.0063187978787379,9.388736902122057e-16,57,True,False,21.127,57,35,0,0,0,0,25,5,5,0,,+++,1,36,0,111,1,0,111,25,5,0,65
0.3,0.01,3,hrsa_t0.3_e0.01#42,0.0068127969201744,8.213122317916173e-16,30,True,False,14.134,30,25,5,0,1,6,7,9,9,1,0 4 6 19 21,--+,-1,30,0,122,1,0,121,7,9,6,223
0.3,0.01,3,hrsa_t0.3_e0.01#77,0.0068488971463706,7.085171508466766e-16,38,True,False,37.857,38,33,3,0,1,4,11,11,11,1,0 2 31,+--,-1,36,0,112,1,0,112,11,11,4,195
0.3,0.01,3,hrsa_t0.3_e0.01#288,0.005928719112743,4.528638417552473e-16,56,True,False,27.918,56,33,3,0,1,4,23,5,5,1,0 11 22,++-,-1,36,0,122,1,0,121,23,5,4,159
0.3,0.01,3,hrsa_t0.3_e0.01#299,0.0061387574279744,1.238829522187931e-15,45,True,False,25.467,45,35,0,0,0,0,17,9,9,0,,---,1,36,0,111,1,0,111,17,9,0,89
0.3,0.01,3,hrsa_t0.3_e0.01#2,0.0068391060297901,7.241880921783847e-16,45,True,False,33.178,45,30,6,0,1,7,15,7,8,1,0 4 13 15 17 26,--+,1,36,0,112,1,0,112,15,7,7,239
0.3,0.01,3,hrsa_t0.3_e0.01#38,0.0067140954558357,6.648160810763672e-16,46,True,False,39.685,46,35,1,0,1,2,18,8,9,1,0,+--,-1,36,0,121,1,0,122,18,8,2,130
0.3,0.01,3,hrsa_t0.3_e0.01#58,0.0068875751739303,6.644963062893024e-16,43,True,False,33.262,43,34,2,0,1,3,15,9,10,1,0 17,-++,1,36,0,121,1,0,122,15,9,3,159
0.3,0.01,3,hrsa_t0.3_e0.01#286,0.0059580632542534,1.0882780983931954e-15,48,True,False,22.337,48,31,5,0,1,6,17,7,7,1,0 2 10 21 29,++-,-1,36,0,121,1,0,122,17,7,6,217
0.3,0.01,3,hrsa_t0.3_e0.01#294,0.0058779243362216,8.21748546071947e-16,33,True,False,34.373,33,31,4,0,0,4,9,9,13,0,9 14 17 22,---,1,36,0,111,1,0,111,9,9,4,177
0.3,0.01,3,hrsa_t0.3_e0.01#87,0.006803059132668,8.01838918709477e-16,34,True,False,32.521,34,29,6,0,0,6,9,8,12,0,3 7 9 20 22 26,+++,1,36,0,111,1,0,111,9,8,6,217
0.3,0.01,3,hrsa_t0.3_e0.01#40,0.0067307299274227,8.65668202143539e-16,41,True,False,35.3,41,32,4,0,1,5,13,9,10,1,0 4 16 28,+--,1,36,0,121,1,0,122,13,9,5,205
0.3,0.01,3,hrsa_t0.3_e0.01#98,0.0061693251936018,1.1990090270136242e-15,52,True,False,21.324,52,33,3,0,1,4,21,5,7,1,0 2 31,+-+,-1,36,0,122,1,0,121,21,5,4,157
0.3,0.01,3,hrsa_t0.3_e0.01#291,0.0060625816891099,8.971386813635893e-16,50,True,False,19.078,50,31,5,0,1,6,19,5,7,1,0 8 14 17 23,--+,-1,36,0,112,1,0,112,19,5,6,203
0.3,0.01,3,hrsa_t0.3_e0.01#264,0.0057626252950559,1.055339463240251e-15,39,True,False,19.442,39,33,2,0,0,2,14,8,11,0,12 21,+++,1,36,0,111,1,0,111,14,8,2,126
0.3,0.01,3,hrsa_t0.3_e0.01#281,0.0063176206532696,8.57641603045102e-16,52,True,False,31.207,52,33,3,0,1,4,21,5,7,1,0 13 20,++-,-1,36,0,121,1,0,122,21,5,4,157
0.3,0.01,3,hrsa_t0.3_e0.01#15,0.0070348413949921,8.53962340872439e-16,44,True,False,30.27,44,31,5,0,1,6,16,6,9,1,0 9 14 17 22,+--,-1,36,0,122,1,0,121,16,6,6,208
0.3,0.01,3,hrsa_t0.3_e0.01#182,0.0062442003757622,6.863648456768404e-16,32,True,False,21.523,32,33,3,0,1,4,8,12,13,1,0 6 27,--+,-1,36,0,112,1,0,112,8,12,4,200
0.3,0.01,3,hrsa_t0.3_e0.01#113,0.0062470802418529,1.0641478306596216e-15,39,True,False,27.735,39,33,3,0,1,4,13,8,12,1,0 13 20,+-+,-1,36,0,122,1,0,121,13,8,4,173
0.3,0.01,3,hrsa_t0.3_e0.01#20,0.007048270642272,7.009133593858122e-16,38,True,False,22.348,38,31,5,0,1,6,11,9,11,1,0 7 9 22 24,++-,-1,36,0,122,1,0,121,11,9,6,227
0.3,0.01,3,hrsa_t0.3_e0.01#295,0.0061191764290511,6.410336320774139e-16,57,True,False,19.557,57,33,2,0,0,2,25,3,5,0,14 19,+++,1,36,0,111,1,0,111,25,3,2,97
0.3,0.01,3,hrsa_t0.3_e0.01#204,0.0065499865786352,6.217098724838774e-16,44,True,False,28.981,44,33,3,0,1,4,15,9,9,1,0 15 18,+-+,-1,36,0,122,1,0,121,15,9,4,183
0.3,0.01,3,hrsa_t0.3_e0.01#45,0.0067381719413409,9.21711860115872e-16,30,True,False,49.887,30,27,3,0,1,4,9,7,11,1,0 2 25,+--,-1,30,0,121,1,0,122,9,7,4,161
0.3,0.01,3,hrsa_t0.3_e0.01#201,0.0066894451533634,5.177046723573901e-16,52,True,False,46.604,52,35,1,0,1,2,21,7,7,1,0,+-+,-1,36,0,121,1,0,122,21,7,2,125
0.3,0.01,3,hrsa_t0.3_e0.01#224,0.0063693901250211,8.807962706111287e-16,52,True,False,37.627,52,33,3,0,1,4,22,4,7,1,0 10 23,++-,-1,36,0,121,1,0,122,22,4,4,150
0.3,0.01,3,hrsa_t0.3_e0.01#197,0.0058335483382503,1.1246414566700097e-15,37,True,False,46.101,37,30,6,0,1,7,10,9,11,1,0 2 11 15 19 28,--+,1,36,0,121,1,0,122,10,9,7,250
0.3,0.01,3,hrsa_t0.3_e0.01#259,0.0059207681238039,1.126374714326948e-15,51,True,False,18.872,51,30,6,0,1,7,20,3,7,1,0 2 9 15 21 28,+--,1,36,0,112,1,0,112,20,3,7,212
0.3,0.01,3,hrsa_t0.3_e0.01#94,0.0066767917007018,8.565050343881918e-16,38,True,False,24.886,38,33,3,0,1,4,11,11,11,1,0 7 26,++-,-1,36,0,112,1,0,112,11,11,4,195
0.3,0.01,3,hrsa_t0.3_e0.01#241,0.0066542600628621,1.055546135300836e-15,51,True,False,22.329,51,33,2,0,0,2,21,5,7,0,15 18,+++,1,36,0,111,1,0,111,21,5,2,109
0.3,0.01,3,hrsa_t0.3_e0.01#269,0.0065159051013641,8.177696174090333e-16,38,True,False,13.836,38,33,3,0,1,4,11,11,11,1,0 2 31,-++,-1,36,0,112,1,0,112,11,11,4,195
0.5,0.01,3,hrsa_t0.5_e0.01#213,0.0067309937264153,9.005005983380111e-16,33,True,False,38.898,33,30,6,0,1,7,8,9,13,1,0 4 13 15 17 26,-+-,1,36,0,122,1,0,121,8,9,7,248
0.5,0.01,3,hrsa_t0.5_e0.01#5,0.0069835239716876,1.035243701359564e-15,49,True,False,24.211,49,29,5,0,1,6,19,4,6,1,0 2 8 21 27,-+-,-1,34,0,122,1,0,121,19,4,6,195
0.5,0.01,3,hrsa_t0.5_e0.01#152,0.0065511692957562,6.432433270025975e-16,38,True,False,49.365,38,31,5,0,1,6,11,9,11,1,0 2 5 26 29,+-+,-1,36,0,112,1,0,112,11,9,6,227
0.5,0.01,3,hrsa_t0.5_e0.01#188,0.0061528321076665,8.5228731942184895e-16,58,True,False,35.92,58,33,3,0,1,4,25,3,5,1,0 3 30,-+-,-1,36,0,122,1,0,121,25,3,4,145
0.5,0.01,3,hrsa_t0.5_e0.01#99,0.0067766573219261,4.333953569237226e-16,48,True,False,32.25,48,33,1,0,1,2,19,7,7,1,0,+--,-1,34,0,121,1,0,122,19,7,2,123
0.5,0.01,3,hrsa_t0.5_e0.01#138,0.0068315850784608,9.725748589262357e-16,39,True,False,25.099,39,29,4,0,0,4,14,6,9,0,2 4 25 27,---,1,34,0,111,1,0,111,14,6,4,158
0.5,0.01,3,hrsa_t0.5_e0.01#289,0.0061184187888772,7.676050296687473e-16,48,True,False,20.063,48,31,3,0,1,4,19,5,7,1,0 14 17,--+,-1,34,0,112,1,0,112,19,5,4,155
0.5,0.01,3,hrsa_t0.5_e0.01#223,0.0067255492306436,7.722345472792668e-16,48,True,False,19.907,48,31,5,0,1,6,18,6,7,1,0 8 10 21 23,-+-,-1,36,0,112,1,0,112,18,6,6,210
0.5,0.01,3,hrsa_t0.5_e0.01#82,0.0065066971456241,1.1240460328298085e-15,47,True,False,25.293,47,34,2,0,1,3,18,7,9,1,0 17,+--,1,36,0,122,1,0,121,18,7,3,146
0.5,0.01,3,hrsa_t0.5_e0.01#191,0.0060854707136149,7.879688772398366e-16,50,True,False,30.23,50,33,3,0,1,4,20,6,7,1,0 15 18,-+-,-1,36,0,122,1,0,121,20,6,4,164
0.5,0.01,3,hrsa_t0.5_e0.01#63,0.0065315816088859,7.850381526339397e-16,37,True,False,20.221,37,33,2,0,0,2,11,11,11,0,12 21,---,1,36,0,111,1,0,111,11,11,2,147
0.5,0.01,3,hrsa_t0.5_e0.01#221,0.0058062506873158,1.0431580551681943e-15,43,True,False,23.985,43,34,2,0,1,3,16,8,10,1,0 17,--+,1,36,0,121,1,0,122,16,8,3,152
0.5,0.01,3,hrsa_t0.5_e0.01#133,0.0063675714576877,8.593392042882453e-16,48,True,False,12.795,48,29,7,0,1,8,17,5,7,1,0 2 4 6 23 25 27,+-+,-1,36,0,121,1,0,122,17,5,8,249
0.5,0.01,3,hrsa_t0.5_e0.01#89,0.0066606373098275,1.0441459748781426e-15,58,True,False,15.42,58,35,1,0,1,2,26,4,5,1,0,+--,-1,36,0,112,1,0,112,26,4,2,106
0.5,0.01,3,hrsa_t0.5_e0.01#283,0.0061239382922649,9.750729308477217e-16,30,True,False,21.813,30,25,9,0,1,10,5,9,11,1,0 2 4 9 11 14 16 21 23,--+,-1,34,0,122,1,0,121,5,9,10,317
0.5,0.01,3,hrsa_t0.5_e0.01#95,0.0063731770032389,8.902992379330535e-16,64,True,False,7.081,64,35,1,0,1,2,29,3,3,1,0,-++,-1,36,0,112,1,0,112,29,3,2,101
0.5,0.01,3,hrsa_t0.5_e0.01#181,0.0063568798435162,6.441365325196677e-16,48,True,False,19.263,48,33,3,0,1,4,19,5,9,1,0 13 20,-++,-1,36,0,121,1,0,122,19,5,4,155
0.5,0.01,3,hrsa_t0.5_e0.01#46,0.006601468558882,1.0287732597007089e-15,46,True,False,8.484,46,35,1,0,1,2,18,8,9,1,0,-+-,-1,36,0,112,1,0,112,18,8,2,130
0.5,0.01,3,hrsa_t0.5_e0.01#271,0.0064010927330097,6.972014275703562e-16,28,True,False,23.632,28,35,1,0,1,2,5,15,15,1,0,-+-,-1,36,0,121,1,0,122,5,15,2,173
0.5,0.01,3,hrsa_t0.5_e0.01#211,0.0062244582728081,6.894276657890837e-16,40,True,False,25.031,40,31,5,0,1,6,13,7,11,1,0 4 9 22 27,-+-,-1,36,0,122,1,0,121,13,7,6,213
0.5,0.01,3,hrsa_t0.5_e0.01#258,0.0070238712717644,1.0669211842850705e-15,42,True,False,24.407,42,30,5,0,0,5,15,6,9,0,3 8 15 22 27,+++,-1,36,0,111,1,0,111,15,6,5,183
0.5,0.01,3,hrsa_t0.5_e0.01#85,0.0062446187293046,9.244101757581576e-16,52,True,False,20.353,52,35,1,0,1,2,21,7,7,1,0,+--,-1,36,0,122,1,0,121,21,7,2,125
0.5,0.01,3,hrsa_t0.5_e0.01#75,0.0068577269927471,9.102947440427924e-16,64,True,False,7.312,64,35,1,0,1,2,29,3,3,1,0,++-,-1,36,0,121,1,0,122,29,3,2,101
0.5,0.01,3,hrsa_t0.5_e0.01#105,0.0066310145329591,1.1350983646142156e-15,44,True,False,26.343,44,33,3,0,1,4,16,8,9,1,0 4 29,--+,-1,36,0,121,1,0,122,16,8,4,176
0.5,0.01,3,hrsa_t0.5_e0.01#39,0.0069827935996993,1.3173148080133718e-15,44,True,False,32.988,44,31,5,0,1,6,15,7,9,1,0 3 11 20 28,+--,-1,36,0,121,1,0,122,15,7,6,215
0.5,0.01,3,hrsa_t0.5_e0.01#97,0.0066661152562107,9.156551613648742e-16,45,True,False,18.83,45,32,2,0,1,3,17,7,8,1,0 16,-+-,1,34,0,121,1,0,122,17,7,3,145
0.5,0.01,3,hrsa_t0.5_e0.01#174,0.0066711388985422,4.0796538407549564e-16,41,True,False,26.853,41,31,4,0,0,4,13,9,9,0,3 12 19 28,+++,1,36,0,111,1,0,111,13,9,4,181
0.5,0.01,3,hrsa_t0.5_e0.01#164,0.0068830151590408,1.190998793724314e-15,37,True,False,35.14,37,33,2,0,0,2,11,11,11,0,6 27,---,1,36,0,111,1,0,111,11,11,2,147
0.5,0.01,3,hrsa_t0.5_e0.01#12,0.0070062147058481,8.450823272117254e-16,36,True,False,33.538,36,31,4,0,0,4,13,6,12,0,3 7 24 28,---,1,36,0,111,1,0,111,13,6,4,157
0.5,0.01,3,hrsa_t0.5_e0.01#234,0.006423444456306,9.48514278610288e-16,30,True,False,23.363,30,31,5,0,1,6,5,13,13,1,0 4 9 22 27,-++,-1,36,0,112,1,0,112,5,13,6,253
0.5,0.01,3,hrsa_t0.5_e0.01#173,0.0068123603560026,1.0150739055179237e-15,39,True,False,26.128,39,33,2,0,0,2,13,9,11,0,10 23,+++,1,36,0,111,1,0,111,13,9,2,133
0.5,0.01,3,hrsa_t0.5_e0.01#13,0.0070103566657194,8.1106679086063785e-16,46,True,False,22.851,46,31,5,0,1,6,18,4,9,1,0 2 12 19 29,--+,-1,36,0,112,1,0,112,18,4,6,194
0.5,0.01,3,hrsa_t0.5_e0.01#261,0.00652617656568,5.514898093191644e-16,37,True,False,22.153,37,30,6,0,1,7,10,9,11,1,0 8 10 15 20 22,-+-,1,36,0,112,1,0,112,10,9,7,250
0.5,0.01,3,hrsa_t0.5_e0.01#212,0.0068013764550774,6.985136628585322e-16,56,True,False,11.494,56,33,3,0,1,4,23,5,5,1,0 2 31,+-+,-1,36,0,122,1,0,121,23,5,4,159
0.5,0.01,3,hrsa_t0.5_e0.01#1,0.0070211404780287,7.106999988738892e-16,48,True,False,22.051,48,28,5,0,0,5,19,3,6,0,4 11 14 17 24,---,-1,34,0,111,1,0,111,19,3,5,163
0.5,0.01,3,hrsa_t0.5_e0.01#3,0.0070083918823885,1.105416355051538e-15,50,True,False,22.511,50,32,2,0,1,3,21,4,7,1,0 16,++-,1,34,0,112,1,0,112,21,4,3,125
0.5,0.01,3,hrsa_t0.5_e0.01#83,0.0065392054952238,1.225888930236069e-15,52,True,False,19.803,52,35,1,0,1,2,21,7,7,1,0,-++,-1,36,0,122,1,0,121,21,7,2,125
0.5,0.01,3,hrsa_t0.5_e0.01#91,0.0065732361790139,8.037817369141701e-16,34,True,False,23.48,33,31,5,0,1,6,9,10,12,1,0 12 14 17 19,-+-,-1,36,0,112,1,0,112,9,10,6,233
0.5,0.01,3,hrsa_t0.5_e0.01#146,0.0059952619002635,5.306712942718218e-16,45,True,False,16.802,45,32,4,0,1,5,16,7,9,1,0 10 16 22,-+-,1,36,0,122,1,0,121,16,7,5,192
0.5,0.01,3,hrsa_t0.5_e0.01#50,0.0064005720787303,1.0352398910728992e-15,45,True,False,16.089,45,33,2,0,0,2,17,7,9,0,4 29,+++,1,36,0,111,1,0,111,17,7,2,121
0.5,0.01,3,hrsa_t0.5_e0.01#266,0.0060280682590745,1.1053485959418052e-15,58,True,False,11.751,58,35,1,0,1,2,25,5,5,1,0,++-,-1,36,0,112,1,0,112,25,5,2,113
0.5,0.01,3,hrsa_t0.5_e0.01#54,0.0068345047621446,8.469770838712916e-16,48,True,False,23.099,48,33,3,0,1,4,19,5,9,1,0 9 24,-+-,-1,36,0,121,1,0,122,19,5,4,155
0.5,0.01,3,hrsa_t0.5_e0.01#93,0.0069014766770691,1.1364516216574092e-15,50,True,False,19.603,50,33,3,0,1,4,19,7,7,1,0 9 24,--+,-1,36,0,112,1,0,112,19,7,4,171
0.5,0.01,3,hrsa_t0.5_e0.01#192,0.0060338606870777,9.466564321242986e-16,52,True,False,24.467,52,35,1,0,1,2,21,7,7,1,0,+--,-1,36,0,122,1,0,121,21,7,2,125
0.5,0.01,3,hrsa_t0.5_e0.01#119,0.006405087967877,8.99267103182081e-16,46,True,False,19.421,46,35,1,0,1,2,17,9,9,1,0,--+,-1,36,0,121,1,0,122,17,9,2,137
0.5,0.01,3,hrsa_t0.5_e0.01#245,0.0060901793572719,6.939284890805717e-16,34,True,False,19.755,34,31,5,0,1,6,9,9,13,1,0 2 4 27 29,-++,-1,36,0,112,1,0,112,9,9,6,225
0.5,0.01,3,hrsa_t0.5_e0.01#134,0.0063243138554414,6.195897180399718e-16,52,True,False,13.12,52,35,1,0,1,2,21,7,7,1,0,-++,-1,36,0,121,1,0,122,21,7,2,125
0.5,0.01,3,hrsa_t0.5_e0.01#297,0.006913470115338,6.871249542544613e-16,50,True,False,32.29,50,33,3,0,1,4,19,7,7,1,0 15 18,+--,-1,36,0,112,1,0,112,19,7,4,171
0.5,0.01,3,hrsa_t0.5_e0.01#285,0.0060518776796496,8.906732914358493e-16,41,True,False,47.648,41,33,1,0,1,2,15,8,10,1,0,+-+,-1,34,0,122,1,0,121,15,8,2,127
0.5,0.01,3,hrsa_t0.5_e0.01#233,0.0065200727822692,8.957441648788017e-16,42,True,False,24.328,41,33,3,0,1,4,15,8,10,1,0 4 29,-+-,-1,36,0,112,1,0,112,15,8,4,175
0.5,0.01,3,hrsa_t0.5_e0.01#280,0.0067978179849284,5.736777003492717e-16,30,True,False,48.204,30,27,5,0,1,6,7,9,11,1,0 3 5 22 24,--+,-1,32,0,122,1,0,121,7,9,6,223
0.5,0.01,3,hrsa_t0.5_e0.01#84,0.0063300739335038,9.764150433597082e-16,34,True,False,52.226,34,35,1,0,1,2,10,12,13,1,0,++-,-1,36,0,122,1,0,121,10,12,2,154
0.5,0.01,3,hrsa_t0.5_e0.01#206,0.0064347782740878,1.034664589904513e-15,36,True,False,32.182,36,31,5,0,1,6,9,11,11,1,0 2 7 24 29,+-+,-1,36,0,122,1,0,121,9,11,6,241
0.5,0.01,3,hrsa_t0.5_e0.01#10,0.0069932247574658,1.0259899078392429e-15,43,True,False,36.229,43,32,3,0,0,3,16,6,10,0,14 16 18,---,-1,36,0,111,1,0,111,16,6,3,136
0.5,0.01,3,hrsa_t0.5_e0.01#59,0.0064702880091663,9.517371884751949e-16,58,True,False,33.038,58,35,1,0,1,2,26,4,5,1,0,-++,-1,36,0,112,1,0,112,26,4,2,106
0.5,0.01,3,hrsa_t0.5_e0.01#30,0.0066841077564301,9.383505199411404e-16,42,True,False,33.359,42,30,5,0,0,5,15,6,9,0,2 5 15 25 28,+++,-1,36,0,111,1,0,111,15,6,5,183
0.5,0.01,3,hrsa_t0.5_e0.01#292,0.0070463378862978,1.0151779607448792e-15,50,True,False,24.07,50,33,3,0,1,4,20,6,7,1,0 7 26,++-,-1,36,0,112,1,0,112,20,6,4,164
0.5,0.01,3,hrsa_t0.5_e0.01#127,0.0063968443588077,8.341368912717795e-16,44,True,False,23.015,44,31,5,0,1,6,16,6,9,1,0 7 12 19 24,--+,-1,36,0,122,1,0,121,16,6,6,208
0.5,0.01,3,hrsa_t0.5_e0.01#55,0.0068926477353962,6.137354800558654e-16,46,True,False,27.465,46,33,3,0,1,4,17,7,9,1,0 5 28,++-,-1,36,0,122,1,0,121,17,7,4,169
0.5,0.01,3,hrsa_t0.5_e0.01#296,0.0069371492651793,8.623499257037047e-16,56,True,False,21.247,56,33,3,0,1,4,23,5,5,1,0 5 28,-+-,-1,36,0,112,1,0,112,23,5,4,159
0.5,0.01,3,hrsa_t0.5_e0.01#205,0.0059248295797635,9.977807230728754e-16,48,True,False,19.184,48,33,3,0,1,4,19,5,9,1,0 13 20,+-+,-1,36,0,121,1,0,122,19,5,4,155
0.5,0.01,3,hrsa_t0.5_e0.01#193,0.0059170400782687,7.832981144179973e-16,53,True,False,21.912,53,32,4,0,1,5,22,3,7,1,0 3 16 29,--+,1,36,0,122,1,0,121,22,3,5,166
0.5,0.01,3,hrsa_t0.5_e0.01#142,0.0064450099790213,7.179529314910046e-16,44,True,False,18.524,44,33,3,0,1,4,15,9,9,1,0 4 29,+--,-1,36,0,121,1,0,122,15,9,4,183
0.5,0.01,3,hrsa_t0.5_e0.01#171,0.0067863469873249,9.430695120197234e-16,55,True,False,18.111,55,33,2,0,0,2,23,5,5,0,15 18,---,1,36,0,111,1,0,111,23,5,2,111
0.5,0.01,3,hrsa_t0.5_e0.01#47,0.0064822098497888,7.49653920976962e-16,39,True,False,24.723,39,35,1,0,1,2,13,10,12,1,0,-+-,-1,36,0,112,1,0,112,13,10,2,141
0.5,0.01,3,hrsa_t0.5_e0.01#65,0.0064070411506087,8.70146671066368e-16,54,True,False,18.225,54,33,1,0,1,2,23,5,5,1,0,-+-,-1,34,0,122,1,0,121,23,5,2,111
0.5,0.01,3,hrsa_t0.5_e0.01#150,0.0065828717249339,7.442578906507385e-16,36,True,False,26.824,36,30,5,0,0,5,11,7,12,0,9 11 15 19 21,+++,-1,36,0,111,1,0,111,11,7,5,187
0.5,0.01,3,hrsa_t0.5_e0.01#111,0.0070204013513309,5.789408715167003e-16,50,True,False,25.634,50,33,3,0,1,4,19,7,7,1,0 6 27,-+-,-1,36,0,121,1,0,122,19,7,4,171
0.5,0.01,3,hrsa_t0.5_e0.01#132,0.0062611999456536,5.75486109097892e-16,46,True,False,26.28,46,35,1,0,1,2,17,9,9,1,0,+--,-1,36,0,121,1,0,122,17,9,2,137
0.5,0.01,3,hrsa_t0.5_e0.01#33,0.0065220933374703,9.531420667179653e-16,52,True,False,19.481,52,35,1,0,1,2,21,7,7,1,0,--+,-1,36,0,112,1,0,112,21,7,2,125
0.5,0.01,3,hrsa_t0.5_e0.01#246,0.0069147923700487,8.603534925270946e-16,50,True,False,22.506,50,29,5,0,1,6,19,5,5,1,0 4 10 19 25,-++,-1,34,0,121,1,0,122,19,5,6,203
0.5,0.01,3,hrsa_t0.5_e0.01#42,0.0069846641932489,8.321200653529385e-16,40,True,False,26.096,40,35,1,0,1,2,13,11,11,1,0,-+-,-1,36,0,122,1,0,121,13,11,2,149
0.5,0.01,3,hrsa_t0.5_e0.01#77,0.0065605707228002,1.107363948264593e-15,53,True,False,22.556,53,32,4,0,1,5,22,3,7,1,0 10 16 22,--+,1,36,0,122,1,0,121,22,3,5,166
0.5,0.01,3,hrsa_t0.5_e0.01#288,0.0058707678310842,8.736943543629714e-16,54,True,False,13.65,54,33,1,0,1,2,23,5,5,1,0,+--,-1,34,0,121,1,0,122,23,5,2,111
0.5,0.01,3,hrsa_t0.5_e0.01#299,0.0068361494010892,6.441296023148345e-16,42,True,False,21.508,42,31,5,0,1,6,14,8,9,1,0 5 11 20 26,++-,-1,36,0,112,1,0,112,14,8,6,222
0.5,0.01,3,hrsa_t0.5_e0.01#2,0.0070251154153124,7.498497024671441e-16,39,True,False,25.118,39,31,3,0,1,4,13,8,10,1,0 8 23,-++,-1,34,0,121,1,0,122,13,8,4,173
0.5,0.01,3,hrsa_t0.5_e0.01#38,0.0068017208494048,6.092544763431939e-16,44,True,False,35.586,44,31,5,0,1,6,15,7,9,1,0 3 5 26 28,+--,-1,36,0,122,1,0,121,15,7,6,215
0.5,0.01,3,hrsa_t0.5_e0.01#58,0.0064782413230984,1.1522545033762629e-15,39,True,False,35.095,39,30,6,0,1,7,12,8,10,1,0 3 10 15 20 27,+-+,1,36,0,112,1,0,112,12,8,7,244
0.5,0.01,3,hrsa_t0.5_e0.01#286,0.0061385760147131,8.830111795793891e-16,54,True,False,13.26,54,33,1,0,1,2,23,5,5,1,0,++-,-1,34,0,121,1,0,122,23,5,2,111
0.5,0.01,3,hrsa_t0.5_e0.01#294,0.0069474738767591,1.1900487040169104e-15,49,True,False,22.866,49,31,4,0,0,4,19,5,7,0,9 14 17 22,---,1,36,0,111,1,0,111,19,5,4,155
0.5,0.01,3,hrsa_t0.5_e0.01#87,0.0067912917184511,9.18324654307295e-16,30,True,False,16.945,30,31,5,0,1,6,7,9,15,1,0 6 10 21 25,++-,-1,36,0,112,1,0,112,7,9,6,223
0.5,0.01,3,hrsa_t0.5_e0.01#40,0.0065966124068131,6.975464209269159e-16,40,True,False,31.714,40,35,1,0,1,2,13,11,11,1,0,--+,-1,36,0,121,1,0,122,13,11,2,149
0.5,0.01,3,hrsa_t0.5_e0.01#98,0.0067409349561583,8.561430287202748e-16,42,True,False,28.389,42,31,3,0,1,4,15,7,9,1,0 7 24,+-+,-1,34,0,112,1,0,112,15,7,4,167
0.5,0.01,3,hrsa_t0.5_e0.01#291,0.0070514484925249,8.882732596317407e-16,43,True,False,28.037,43,33,2,0,0,2,15,9,9,0,7 26,+++,1,36,0,111,1,0,111,15,9,2,135
0.5,0.01,3,hrsa_t0.5_e0.01#264,0.0064408405400558,7.787274853276805e-16,53,True,False,20.841,53,32,4,0,1,5,21,5,6,1,0 8 16 24,++-,1,36,0,112,1,0,112,21,5,5,181
0.5,0.01,3,hrsa_t0.5_e0.01#281,0.0059559822920723,4.918402059415013e-16,56,True,False,15.134,56,31,1,0,1,2,25,3,3,1,0,+-+,-1,32,0,122,1,0,121,25,3,2,97
0.5,0.01,3,hrsa_t0.5_e0.01#15,0.0068324914705421,8.444916774787227e-16,34,True,False,30.272,34,31,5,0,1,6,9,9,13,1,0 11 14 17 20,-+-,-1,36,0,112,1,0,112,9,9,6,225
0.5,0.01,3,hrsa_t0.5_e0.01#182,0.0061924551210703,9.28814452447843e-16,50,True,False,20.256,50,31,5,0,1,6,19,5,7,1,0 2 14 17 29,-+-,-1,36,0,122,1,0,121,19,5,6,203
0.5,0.01,3,hrsa_t0.5_e0.01#113,0.0070303431092787,9.898052466829189e-16,53,True,False,18.802,53,33,3,0,1,4,23,2,8,1,0 3 30,-++,-1,36,0,121,1,0,122,23,2,4,135
0.5,0.01,3,hrsa_t0.5_e0.01#20,0.0070172886023585,6.801601612758255e-16,46,True,False,18.487,45,29,3,0,1,4,19,4,6,1,0 10 19,--+,-1,32,0,122,1,0,121,19,4,4,147
0.5,0.01,3,hrsa_t0.5_e0.01#295,0.0069678367770881,1.1340135841460545e-15,43,True,False,23.823,43,33,2,0,0,2,15,9,9,0,10 23,+++,1,36,0,111,1,0,111,15,9,2,135
0.5,0.01,3,hrsa_t0.5_e0.01#204,0.0067468845462749,8.48283279752831e-16,46,True,False,21.886,46,35,1,0,1,2,17,9,9,1,0,++-,-1,36,0,121,1,0,122,17,9,2,137
0.5,0.01,3,hrsa_t0.5_e0.01#45,0.0067113075446032,7.452433766179348e-16,52,True,False,11.916,52,31,5,0,1,6,21,3,7,1,0 2 6 25 29,--+,-1,36,0,112,1,0,112,21,3,6,189
0.5,0.01,3,hrsa_t0.5_e0.01#201,0.006160796324848,7.079417780193403e-16,48,True,False,30.426,48,31,5,0,1,6,17,7,7,1,0 5 8 23 26,-++,-1,36,0,122,1,0,121,17,7,6,217
0.5,0.01,3,hrsa_t0.5_e0.01#224,0.0067828141892113,7.181716464800988e-16,42,True,False,27.259,42,32,3,0,0,3,15,7,10,0,11 16 21,+++,-1,36,0,111,1,0,111,15,7,3,143
0.5,0.01,3,hrsa_t0.5_e0.01#197,0.0065961988830075,8.582575241117262e-16,44,True,False,15.676,44,31,5,0,1,6,15,7,9,1,0 5 7 24 26,++-,-1,36,0,122,1,0,121,15,7,6,215
0.5,0.01,3,hrsa_t0.5_e0.01#259,0.0066125455428727,9.57041229724563e-16,42,True,False,28.155,42,29,7,0,1,8,13,7,9,1,0 3 6 11 18 23 26,+--,-1,36,0,112,1,0,112,13,7,8,261
0.5,0.01,3,hrsa_t0.5_e0.01#94,0.0064856120045524,9.744100392465917e-16,48,True,False,15.637,48,31,5,0,1,6,17,7,7,1,0 2 4 27 29,--+,-1,36,0,112,1,0,112,17,7,6,217
0.5,0.01,3,hrsa_t0.5_e0.01#241,0.0061771339419674,6.161214435753382e-16,42,True,False,25.818,42,33,3,0,1,4,15,7,11,1,0 14 19,--+,-1,36,0,112,1,0,112,15,7,4,167
0.5,0.01,3,hrsa_t0.5_e0.01#269,0.006442745582514,4.330365013391294e-16,52,True,False,23.194,52,35,1,0,1,2,21,7,7,1,0,-++,-1,36,0,122,1,0,121,21,7,2,125
1.0,0.01,3,hrsa_t1.0_e0.01#213,0.0068144875729149,8.532727289902583e-16,33,True,False,44.924,33,30,6,0,1,7,8,10,12,1,0 2 13 15 17 28,+--,1,36,0,112,1,0,112,8,10,7,256
1.0,0.01,3,hrsa_t1.0_e0.01#5,0.0070345185199741,7.517254109376156e-16,32,True,False,29.98,32,33,3,0,1,4,7,13,13,1,0 2 31,-+-,-1,36,0,112,1,0,112,7,13,4,207
1.0,0.01,3,hrsa_t1.0_e0.01#152,0.006278989034062,7.636882261088104e-16,35,True,False,44.575,35,27,6,0,0,6,9,9,9,0,2 6 9 18 21 25,+++,1,34,0,111,1,0,111,9,9,6,225
1.0,0.01,3,hrsa_t1.0_e0.01#188,0.0064084920822091,5.64391184558759e-16,40,True,False,37.365,40,27,5,0,1,6,16,2,9,1,0 9 11 16 18,++-,-1,32,0,122,1,0,121,16,2,6,176
1.0,0.01,3,hrsa_t1.0_e0.01#99,0.0063204585680619,7.588399963349049e-16,52,True,False,29.672,52,33,3,0,1,4,21,5,7,1,0 2 31,-++,-1,36,0,112,1,0,112,21,5,4,157
1.0,0.01,3,hrsa_t1.0_e0.01#138,0.0064979613226767,5.939147321260733e-16,52,True,False,28.512,52,35,1,0,1,2,21,7,7,1,0,++-,-1,36,0,112,1,0,112,21,7,2,125
1.0,0.01,3,hrsa_t1.0_e0.01#289,0.0062163076253467,8.399821265846699e-16,58,True,False,30.419,58,33,3,0,1,4,25,3,5,1,0 3 30,+-+,-1,36,0,112,1,0,112,25,3,4,145
1.0,0.01,3,hrsa_t1.0_e0.01#223,0.0059806812845917,1.2201430658601897e-15,54,True,False,21.449,54,33,3,0,1,4,24,2,7,1,0 12 21,-++,-1,36,0,112,1,0,112,24,2,4,136
1.0,0.01,3,hrsa_t1.0_e0.01#82,0.0063476782177648,8.938142174547431e-16,48,True,False,29.611,48,34,1,0,0,1,20,6,8,0,17,---,-1,36,0,111,1,0,111,20,6,1,92
1.0,0.01,3,hrsa_t1.0_e0.01#191,0.0061192018183296,9.691756873188628e-16,33,True,False,26.446,32,32,4,0,1,5,9,10,13,1,0 10 16 22,+-+,1,36,0,112,1,0,112,9,10,5,209
1.0,0.01,3,hrsa_t1.0_e0.01#63,0.0068377259731444,6.886804477429858e-16,52,True,False,18.315,52,35,1,0,1,2,21,7,7,1,0,-++,-1,36,0,112,1,0,112,21,7,2,125
1.0,0.01,3,hrsa_t1.0_e0.01#221,0.0063865984991219,8.921630319968073e-16,40,True,False,22.194,40,29,7,0,1,8,13,5,11,1,0 2 5 7 22 24 27,-++,-1,36,0,112,1,0,112,13,5,8,245
1.0,0.01,3,hrsa_t1.0_e0.01#133,0.0064388443184594,8.333808104933661e-16,46,True,False,24.074,46,33,3,0,1,4,17,7,9,1,0 6 27,++-,-1,36,0,112,1,0,112,17,7,4,169
1.0,0.01,3,hrsa_t1.0_e0.01#89,0.0067174196562974,1.1108456224830962e-15,46,True,False,24.857,46,29,5,0,1,6,17,5,7,1,0 3 12 17 26,+-+,-1,34,0,121,1,0,122,17,5,6,201
1.0,0.01,3,hrsa_t1.0_e0.01#283,0.0065938699832951,8.80587551489865e-16,45,True,False,14.688,45,35,0,0,0,0,17,9,9,0,,+++,1,36,0,111,1,0,111,17,9,0,89
1.0,0.01,3,hrsa_t1.0_e0.01#95,0.0067860774240893,7.375307480477462e-16,54,True,False,21.028,54,33,1,0,1,2,23,5,5,1,0,-+-,-1,34,0,112,1,0,112,23,5,2,111
1.0,0.01,3,hrsa_t1.0_e0.01#181,0.0059244418716467,7.49351648804667e-16,44,True,False,28.905,44,33,3,0,1,4,15,9,9,1,0 15 18,-++,-1,36,0,122,1,0,121,15,9,4,183
1.0,0.01,3,hrsa_t1.0_e0.01#46,0.0069278331143353,7.980623397301095e-16,54,True,False,7.777,54,33,3,0,1,4,23,3,7,1,0 2 31,--+,-1,36,0,121,1,0,122,23,3,4,143
1.0,0.01,3,hrsa_t1.0_e0.01#271,0.0066027062634596,1.0273152124185156e-15,40,True,False,23.508,40,33,3,0,1,4,13,9,11,1,0 5 28,-+-,-1,36,0,122,1,0,121,13,9,4,181
1.0,0.01,3,hrsa_t1.0_e0.01#211,0.0068265481897432,9.084930894261764e-16,51,True,False,27.873,51,35,0,0,0,0,21,7,7,0,,+++,1,36,0,111,1,0,111,21,7,0,77
1.0,0.01,3,hrsa_t1.0_e0.01#258,0.0065556786738409,1.0971333566864234e-15,61,True,False,16.102,61,34,2,0,1,3,27,3,4,1,0 17,-++,1,36,0,112,1,0,112,27,3,3,123
1.0,0.01,3,hrsa_t1.0_e0.01#85,0.0065979332479134,9.575056027499025e-16,44,True,False,23.707,44,33,3,0,1,4,15,9,9,1,0 2 31,+-+,-1,36,0,121,1,0,122,15,9,4,183
1.0,0.01,3,hrsa_t1.0_e0.01#75,0.0065282916334724,9.961882196518385e-16,37,True,False,23.702,37,31,4,0,0,4,11,9,11,0,5 12 19 26,---,1,36,0,111,1,0,111,11,9,4,179
1.0,0.01,3,hrsa_t1.0_e0.01#105,0.00690663359529,1.0472729219082196e-15,30,True,False,15.327,30,29,6,0,0,6,7,10,12,0,2 5 11 18 24 27,+++,1,36,0,111,1,0,111,7,10,6,231
1.0,0.01,3,hrsa_t1.0_e0.01#39,0.0068896099286158,8.338658141149893e-16,38,True,False,17.584,38,33,3,0,1,4,12,10,11,1,0 12 21,-+-,-1,36,0,121,1,0,122,12,10,4,188
1.0,0.01,3,hrsa_t1.0_e0.01#97,0.0066291412448127,1.0535187187531137e-15,58,True,False,19.247,58,35,1,0,1,2,26,4,5,1,0,+-+,-1,36,0,112,1,0,112,26,4,2,106
1.0,0.01,3,hrsa_t1.0_e0.01#174,0.0064550758313115,8.539224299038377e-16,42,True,False,20.839,42,31,5,0,1,6,13,9,9,1,0 2 4 27 29,-++,-1,36,0,121,1,0,122,13,9,6,229
1.0,0.01,3,hrsa_t1.0_e0.01#164,0.0059682418239711,8.176839928271788e-16,41,True,False,18.223,41,34,2,0,1,3,14,9,11,1,0 17,-++,1,36,0,112,1,0,112,14,9,3,158
1.0,0.01,3,hrsa_t1.0_e0.01#12,0.0069062740867814,7.307604747626064e-16,45,True,False,23.524,45,30,6,0,1,7,16,6,8,1,0 4 13 15 17 26,-+-,1,36,0,122,1,0,121,16,6,7,232
1.0,0.01,3,hrsa_t1.0_e0.01#234,0.0065773726605658,1.069424636900912e-15,40,True,False,23.945,40,35,1,0,1,2,13,11,11,1,0,-++,-1,36,0,112,1,0,112,13,11,2,149
1.0,0.01,3,hrsa_t1.0_e0.01#173,0.0061144236810645,7.054064695193977e-16,34,True,False,24.122,34,35,1,0,1,2,9,13,13,1,0,-++,-1,36,0,121,1,0,122,9,13,2,161
1.0,0.01,3,hrsa_t1.0_e0.01#13,0.0067934615242918,3.622218342695692e-16,56,True,False,15.639,56,33,3,0,1,4,23,5,5,1,0 9 24,-+-,-1,36,0,121,1,0,122,23,5,4,159
1.0,0.01,3,hrsa_t1.0_e0.01#261,0.0063105308996541,1.0574954759083378e-15,51,True,False,25.73,51,35,0,0,0,0,22,6,7,0,,---,1,36,0,111,1,0,111,22,6,0,70
1.0,0.01,3,hrsa_t1.0_e0.01#212,0.0066149904154842,7.558262293022644e-16,42,True,False,26.06,42,31,5,0,1,6,13,9,9,1,0 2 9 22 29,++-,-1,36,0,112,1,0,112,13,9,6,229
1.0,0.01,3,hrsa_t1.0_e0.01#1,0.0069481153853831,9.080033964809449e-16,50,True,False,20.444,50,31,5,0,1,6,19,5,7,1,0 3 5 26 28,+--,-1,36,0,112,1,0,112,19,5,6,203
1.0,0.01,3,hrsa_t1.0_e0.01#3,0.0070501782850038,7.447972602612566e-16,57,True,False,17.828,57,35,0,0,0,0,25,5,5,0,,+++,1,36,0,111,1,0,111,25,5,0,65
1.0,0.01,3,hrsa_t1.0_e0.01#83,0.0066277614420772,8.878591804279301e-16,52,True,False,22.495,52,35,1,0,1,2,21,7,7,1,0,--+,-1,36,0,121,1,0,122,21,7,2,125
1.0,0.01,3,hrsa_t1.0_e0.01#91,0.0067910489071906,9.32146117068465e-16,45,True,False,19.49,45,32,2,0,1,3,17,7,8,1,0 16,+-+,1,34,0,122,1,0,121,17,7,3,145
1.0,0.01,3,hrsa_t1.0_e0.01#146,0.0067315711078701,8.797362992206741e-16,51,True,False,22.866,51,32,2,0,1,3,21,5,6,1,0 16,+-+,1,34,0,121,1,0,122,21,5,3,133
1.0,0.01,3,hrsa_t1.0_e0.01#50,0.0068873910177368,8.978661653615224e-16,45,True,False,21.117,45,31,4,0,0,4,17,5,9,0,4 8 23 27,+++,1,36,0,111,1,0,111,17,5,4,153
1.0,0.01,3,hrsa_t1.0_e0.01#266,0.0059354201424554,9.148451245940498e-16,49,True,False,33.188,49,29,6,0,0,6,20,2,7,0,2 10 12 17 19 27,---,1,36,0,111,1,0,111,20,2,6,180
1.0,0.01,3,hrsa_t1.0_e0.01#54,0.0066886419792236,8.832654016121819e-16,46,True,False,39.241,46,35,1,0,1,2,17,9,9,1,0,-++,-1,36,0,112,1,0,112,17,9,2,137
1.0,0.01,3,hrsa_t1.0_e0.01#93,0.006590448799376,6.757723024960884e-16,54,True,False,32.596,54,33,1,0,1,2,24,4,5,1,0,-++,-1,34,0,122,1,0,121,24,4,2,104
1.0,0.01,3,hrsa_t1.0_e0.01#192,0.0060930916656929,7.549433834046333e-16,44,True,False,39.832,44,33,3,0,1,4,15,9,9,1,0 13 20,++-,-1,36,0,112,1,0,112,15,9,4,183
1.0,0.01,3,hrsa_t1.0_e0.01#119,0.0064618687951957,7.18769436815918e-16,42,True,False,23.915,42,31,5,0,1,6,14,8,9,1,0 10 13 18 21,++-,-1,36,0,121,1,0,122,14,8,6,222
1.0,0.01,3,hrsa_t1.0_e0.01#245,0.0062081374536195,1.1246873611746417e-15,43,True,False,18.481,43,29,7,0,1,8,15,4,10,1,0 3 8 10 19 21 26,+--,-1,36,0,112,1,0,112,15,4,8,239
1.0,0.01,3,hrsa_t1.0_e0.01#134,0.0061961633659757,5.462954332703715e-16,44,True,False,22.002,44,33,3,0,1,4,15,9,9,1,0 15 18,++-,-1,36,0,112,1,0,112,15,9,4,183
1.0,0.01,3,hrsa_t1.0_e0.01#297,0.0063495078638255,1.0331534189717729e-15,47,True,False,22.83,47,32,4,0,1,5,17,7,8,1,0 3 16 29,+--,1,36,0,122,1,0,121,17,7,5,193
1.0,0.01,3,hrsa_t1.0_e0.01#285,0.0064205341714272,1.104476080467512e-15,51,True,False,34.627,51,35,0,0,0,0,21,7,7,0,,+++,1,36,0,111,1,0,111,21,7,0,77
1.0,0.01,3,hrsa_t1.0_e0.01#233,0.0066203154118778,8.740585480856266e-16,63,True,False,23.457,63,35,0,0,0,0,29,3,3,0,,+++,1,36,0,111,1,0,111,29,3,0,53
1.0,0.01,3,hrsa_t1.0_e0.01#280,0.0064328043749358,7.350069151883161e-16,38,True,False,42.459,38,29,7,0,1,8,11,7,11,1,0 2 8 13 16 21 27,+--,-1,36,0,121,1,0,122,11,7,8,259
1.0,0.01,3,hrsa_t1.0_e0.01#84,0.0066268883649145,9.635558245309865e-16,44,True,False,28.881,44,33,3,0,1,4,16,8,9,1,0 10 23,--+,-1,36,0,121,1,0,122,16,8,4,176
1.0,0.01,3,hrsa_t1.0_e0.01#206,0.006689970307312,5.945247994098568e-16,44,True,False,37.911,44,33,3,0,1,4,15,9,9,1,0 14 19,-+-,-1,36,0,112,1,0,112,15,9,4,183
1.0,0.01,3,hrsa_t1.0_e0.01#10,0.006886932561884,1.0661419016037198e-15,42,True,False,26.625,42,31,5,0,1,6,13,9,9,1,0 2 4 27 29,-+-,-1,36,0,122,1,0,121,13,9,6,229
1.0,0.01,3,hrsa_t1.0_e0.01#59,0.0070108049989911,9.691045791807236e-16,56,True,False,24.067,56,33,3,0,1,4,23,5,5,1,0 14 19,-+-,-1,36,0,112,1,0,112,23,5,4,159
1.0,0.01,3,hrsa_t1.0_e0.01#30,0.0068433136707769,9.015565106671166e-16,50,True,False,26.757,50,33,3,0,1,4,19,7,7,1,0 7 26,+-+,-1,36,0,112,1,0,112,19,7,4,171
1.0,0.01,3,hrsa_t1.0_e0.01#292,0.0066797962971683,9.597418531773609e-16,50,True,False,34.455,50,35,0,0,0,0,21,6,8,0,,+++,1,36,0,111,1,0,111,21,6,0,69
1.0,0.01,3,hrsa_t1.0_e0.01#127,0.0061848321380621,1.065780091994942e-15,44,True,False,27.676,44,31,5,0,1,6,16,6,9,1,0 3 11 20 28,-++,-1,36,0,122,1,0,121,16,6,6,208
1.0,0.01,3,hrsa_t1.0_e0.01#55,0.0066319092359589,6.832410599743336e-16,40,True,False,29.572,40,32,3,0,0,3,14,8,10,0,4 16 28,---,-1,36,0,111,1,0,111,14,8,3,150
1.0,0.01,3,hrsa_t1.0_e0.01#296,0.0064804906520698,1.224697838039357e-15,47,True,False,28.054,47,32,4,0,1,5,18,5,9,1,0 12 16 20,+--,1,36,0,122,1,0,121,18,5,5,178
1.0,0.01,3,hrsa_t1.0_e0.01#205,0.0066838686252087,7.042435211404516e-16,39,True,False,34.3,39,35,0,0,0,0,13,11,11,0,,+++,1,36,0,111,1,0,111,13,11,0,101
1.0,0.01,3,hrsa_t1.0_e0.01#193,0.0060745957245149,8.71531276105097e-16,40,True,False,22.393,40,35,1,0,1,2,13,11,11,1,0,-+-,-1,36,0,112,1,0,112,13,11,2,149
1.0,0.01,3,hrsa_t1.0_e0.01#142,0.006892823486147,6.83686364667411e-16,54,True,False,20.346,54,33,1,0,1,2,23,5,5,1,0,++-,-1,34,0,112,1,0,112,23,5,2,111
1.0,0.01,3,hrsa_t1.0_e0.01#171,0.0064423516262593,9.222087146750829e-16,38,True,False,27.948,38,33,3,0,1,4,11,11,11,1,0 2 31,--+,-1,36,0,121,1,0,122,11,11,4,195
1.0,0.01,3,hrsa_t1.0_e0.01#47,0.006908637944811,9.354534965607952e-16,55,True,False,16.096,55,34,2,0,1,3,23,5,6,1,0 17,+-+,1,36,0,122,1,0,121,23,5,3,135
1.0,0.01,3,hrsa_t1.0_e0.01#65,0.0066401134401242,5.126371788559352e-16,44,True,False,21.075,44,33,3,0,1,4,15,9,9,1,0 11 22,--+,-1,36,0,112,1,0,112,15,9,4,183
1.0,0.01,3,hrsa_t1.0_e0.01#150,0.0063928190989989,6.166267019417803e-16,40,True,False,31.063,40,31,3,0,1,4,14,8,9,1,0 11 20,++-,-1,34,0,112,1,0,112,14,8,4,174
1.0,0.01,3,hrsa_t1.0_e0.01#111,0.0065493442729394,8.012181360447893e-16,40,True,False,24.994,40,31,3,0,1,4,13,9,9,1,0 3 28,--+,-1,34,0,112,1,0,112,13,9,4,181
1.0,0.01,3,hrsa_t1.0_e0.01#132,0.0062568346482025,7.21612775524139e-16,38,True,False,21.744,38,31,5,0,1,6,11,9,11,1,0 4 10 21 27,++-,-1,36,0,112,1,0,112,11,9,6,227
1.0,0.01,3,hrsa_t1.0_e0.01#33,0.0068020670328557,1.0447842092779763e-15,41,True,False,31.424,41,29,6,0,0,6,13,7,9,0,2 5 9 20 24 27,+++,1,36,0,111,1,0,111,13,7,6,213
1.0,0.01,3,hrsa_t1.0_e0.01#246,0.0060949935711043,1.0266561816032842e-15,48,True,False,21.863,48,31,5,0,1,6,17,7,7,1,0 9 13 18 22,++-,-1,36,0,112,1,0,112,17,7,6,217
1.0,0.01,3,hrsa_t1.0_e0.01#42,0.0069247936820852,7.981692641155994e-16,36,True,False,25.93,36,31,5,0,1,6,9,11,11,1,0 2 6 25 29,-+-,-1,36,0,121,1,0,122,9,11,6,241
1.0,0.01,3,hrsa_t1.0_e0.01#77,0.0065519767169113,1.0878862131081586e-15,51,True,False,21.555,51,33,2,0,0,2,21,5,7,0,14 19,+++,1,36,0,111,1,0,111,21,5,2,109
1.0,0.01,3,hrsa_t1.0_e0.01#288,0.0065145454391523,6.482021595702554e-16,38,True,False,25.913,38,33,3,0,1,4,11,11,11,1,0 10 23,++-,-1,36,0,112,1,0,112,11,11,4,195
1.0,0.01,3,hrsa_t1.0_e0.01#299,0.0065419097825965,9.708629347048365e-16,46,True,False,18.137,46,35,1,0,1,2,17,9,9,1,0,-++,-1,36,0,121,1,0,122,17,9,2,137
1.0,0.01,3,hrsa_t1.0_e0.01#2,0.0069736178351998,8.276832966024503e-16,43,True,False,33.886,43,31,5,0,1,6,15,6,10,1,0 7 13 18 24,--+,-1,36,0,112,1,0,112,15,6,6,207
1.0,0.01,3,hrsa_t1.0_e0.01#38,0.0068032963948786,8.934188868521902e-16,49,True,False,25.481,49,33,2,0,0,2,19,7,7,0,3 30,+++,1,36,0,111,1,0,111,19,7,2,123
1.0,0.01,3,hrsa_t1.0_e0.01#58,0.0069647445310298,7.699400118498475e-16,52,True,False,23.34,52,35,1,0,1,2,21,7,7,1,0,++-,-1,36,0,112,1,0,112,21,7,2,125
1.0,0.01,3,hrsa_t1.0_e0.01#286,0.0067092381497811,9.355046835496316e-16,39,True,False,36.673,39,35,1,0,1,2,13,10,12,1,0,++-,-1,36,0,112,1,0,112,13,10,2,141
1.0,0.01,3,hrsa_t1.0_e0.01#294,0.0068595022847252,8.27072936315618e-16,40,True,False,50.116,40,35,1,0,1,2,13,11,11,1,0,-+-,-1,36,0,112,1,0,112,13,11,2,149
1.0,0.01,3,hrsa_t1.0_e0.01#87,0.0064916875987201,1.0232933485376778e-15,50,True,False,17.934,50,31,5,0,1,6,19,5,7,1,0 4 11 20 27,+--,-1,36,0,121,1,0,122,19,5,6,203
1.0,0.01,3,hrsa_t1.0_e0.01#40,0.0069145513175906,8.03237195554818e-16,45,True,False,22.49,45,30,6,0,1,7,15,7,8,1,0 5 8 15 22 25,-++,1,36,0,121,1,0,122,15,7,7,239
1.0,0.01,3,hrsa_t1.0_e0.01#98,0.0063899477373403,1.070823582526907e-15,52,True,False,19.19,52,35,1,0,1,2,21,7,7,1,0,+-+,-1,36,0,112,1,0,112,21,7,2,125
1.0,0.01,3,hrsa_t1.0_e0.01#291,0.0068512638477406,8.516475138379996e-16,64,True,False,11.048,64,35,1,0,1,2,29,3,3,1,0,+-+,-1,36,0,112,1,0,112,29,3,2,101
1.0,0.01,3,hrsa_t1.0_e0.01#264,0.0065061755526683,1.1691027370002524e-15,39,True,False,31.88,39,35,0,0,0,0,14,10,11,0,,---,1,36,0,111,1,0,111,14,10,0,94
1.0,0.01,3,hrsa_t1.0_e0.01#281,0.0061501590819096,1.0397398778943433e-15,44,True,False,17.81,44,33,3,0,1,4,16,8,9,1,0 12 21,-++,-1,36,0,121,1,0,122,16,8,4,176
1.0,0.01,3,hrsa_t1.0_e0.01#15,0.0066460565956404,8.9020724891953e-16,41,True,False,32.765,41,32,4,0,1,5,13,9,10,1,0 10 16 22,--+,1,36,0,112,1,0,112,13,9,5,205
1.0,0.01,3,hrsa_t1.0_e0.01#182,0.0059086013840189,9.123730122728149e-16,52,True,False,24.114,52,35,1,0,1,2,21,7,7,1,0,-+-,-1,36,0,122,1,0,121,21,7,2,125
1.0,0.01,3,hrsa_t1.0_e0.01#113,0.0064158265244278,8.439150538964822e-16,42,True,False,32.386,42,33,1,0,1,2,16,8,9,1,0,+--,-1,34,0,122,1,0,121,16,8,2,128
1.0,0.01,3,hrsa_t1.0_e0.01#20,0.0065671060530603,6.341966914722184e-16,41,True,False,21.081,41,29,6,0,0,6,13,7,9,0,5 9 13 16 20 24,---,1,36,0,111,1,0,111,13,7,6,213
1.0,0.01,3,hrsa_t1.0_e0.01#295,0.0056296501414904,7.68580332036924e-16,30,True,False,17.63,30,31,5,0,1,6,5,13,13,1,0 10 12 19 21,++-,-1,36,0,112,1,0,112,5,13,6,253
1.0,0.01,3,hrsa_t1.0_e0.01#204,0.0066692032001817,7.535009685533002e-16,37,True,False,36.896,37,33,2,0,0,2,11,11,11,0,3 30,---,1,36,0,111,1,0,111,11,11,2,147
1.0,0.01,3,hrsa_t1.0_e0.01#45,0.0067754708947873,8.106830433343139e-16,40,True,False,34.052,40,31,5,0,1,6,14,6,11,1,0 4 13 18 27,--+,-1,36,0,121,1,0,122,14,6,6,206
1.0,0.01,3,hrsa_t1.0_e0.01#201,0.0059626350525484,1.0733548874515246e-15,36,True,False,30.168,36,30,5,0,0,5,10,9,11,0,2 11 15 19 28,---,-1,36,0,111,1,0,111,10,9,5,202
1.0,0.01,3,hrsa_t1.0_e0.01#224,0.0061705224240062,5.776183647233881e-16,29,True,False,27.48,29,32,4,0,1,5,5,13,14,1,0 5 16 27,-+-,1,36,0,122,1,0,121,5,13,5,229
1.0,0.01,3,hrsa_t1.0_e0.01#197,0.0060323975348343,8.420209011869422e-16,43,True,False,25.913,43,31,4,0,0,4,15,7,9,0,3 13 18 28,---,1,36,0,111,1,0,111,15,7,4,167
1.0,0.01,3,hrsa_t1.0_e0.01#259,0.0065189836899775,7.685108763454402e-16,45,True,False,23.755,45,35,1,0,1,2,17,8,10,1,0,-+-,-1,36,0,112,1,0,112,17,8,2,129
1.0,0.01,3,hrsa_t1.0_e0.01#94,0.0067954282980656,8.84714184460716e-16,47,True,False,25.335,47,33,0,0,0,0,19,7,7,0,,---,1,34,0,111,1,0,111,19,7,0,75
1.0,0.01,3,hrsa_t1.0_e0.01#241,0.0067688163315063,1.0459773716262282e-15,33,True,False,26.462,33,29,6,0,0,6,8,10,11,0,6 8 13 16 21 23,+++,1,36,0,111,1,0,111,8,10,6,232
1.0,0.01,3,hrsa_t1.0_e0.01#269,0.0064071664600568,9.032597779558966e-16,56,True,False,18.968,56,33,3,0,1,4,23,5,5,1,0 11 22,-++,-1,36,0,112,1,0,112,23,5,4,159
1.7,0.01,3,hrsa_t1.7_e0.01#213,0.0065117321349975,6.776438288957274e-16,47,True,False,22.116,47,31,4,0,0,4,18,6,7,0,11 13 18 20,---,1,36,0,111,1,0,111,18,6,4,162
1.7,0.01,3,hrsa_t1.7_e0.01#5,0.0070043086448606,5.360400077418166e-16,64,True,False,12.789,64,35,1,0,1,2,29,3,3,1,0,+--,-1,36,0,121,1,0,122,29,3,2,101
1.7,0.01,3,hrsa_t1.7_e0.01#152,0.0060668926304052,7.892429635060327e-16,44,True,False,22.496,44,33,3,0,1,4,16,8,9,1,0 13 20,+--,-1,36,0,121,1,0,122,16,8,4,176
1.7,0.01,3,hrsa_t1.7_e0.01#188,0.0060289598761952,1.121207089283138e-15,52,True,False,23.22,52,33,3,0,1,4,22,4,7,1,0 5 28,++-,-1,36,0,112,1,0,112,22,4,4,150
1.7,0.01,3,hrsa_t1.7_e0.01#99,0.0062299952462358,7.797635135595602e-16,47,True,False,26.302,47,33,2,0,0,2,20,4,9,0,9 24,+++,1,36,0,111,1,0,111,20,4,2,100
1.7,0.01,3,hrsa_t1.7_e0.01#138,0.0067745844890921,5.240441494685539e-16,43,True,False,22.312,43,30,4,0,1,5,16,5,9,1,0 9 15 21,--+,1,34,0,112,1,0,112,16,5,5,176
1.7,0.01,3,hrsa_t1.7_e0.01#289,0.0062479942825973,8.877809081870593e-16,48,True,False,24.498,48,31,5,0,1,6,18,6,7,1,0 3 6 25 28,--+,-1,36,0,112,1,0,112,18,6,6,210
1.7,0.01,3,hrsa_t1.7_e0.01#223,0.0063677700045246,3.6203295438889904e-16,54,True,False,22.13,54,32,3,0,0,3,23,3,6,0,7 16 25,---,-1,36,0,111,1,0,111,23,3,3,119
1.7,0.01,3,hrsa_t1.7_e0.01#82,0.0063535210499454,9.547681226097602e-16,43,True,False,25.136,43,30,6,0,1,7,15,6,9,1,0 4 9 15 21 26,+-+,1,36,0,122,1,0,121,15,6,7,231
1.7,0.01,3,hrsa_t1.7_e0.01#191,0.0070336258905408,9.34784071523001e-16,37,True,False,29.256,37,29,6,0,0,6,12,6,11,0,2 8 13 16 21 27,---,1,36,0,111,1,0,111,12,6,6,204
1.7,0.01,3,hrsa_t1.7_e0.01#63,0.0065947770629996,4.729930358450404e-16,48,True,False,25.042,48,33,1,0,1,2,19,7,7,1,0,++-,-1,34,0,122,1,0,121,19,7,2,123
1.7,0.01,3,hrsa_t1.7_e0.01#221,0.0064349861425099,7.012494386997532e-16,41,True,False,26.372,41,33,2,0,0,2,15,7,11,0,7 26,---,1,36,0,111,1,0,111,15,7,2,119
1.7,0.01,3,hrsa_t1.7_e0.01#133,0.0058171344356893,6.390510325805817e-16,51,True,False,22.769,51,35,0,0,0,0,21,7,7,0,,---,1,36,0,111,1,0,111,21,7,0,77
1.7,0.01,3,hrsa_t1.7_e0.01#89,0.0063611683286057,1.1085827444144057e-15,38,True,False,20.216,38,32,3,0,0,3,13,8,11,0,9 16 23,+++,-1,36,0,111,1,0,111,13,8,3,149
1.7,0.01,3,hrsa_t1.7_e0.01#283,0.006230474631522,6.492785278545353e-16,45,True,False,24.019,45,31,4,0,0,4,17,5,9,0,4 13 18 27,---,1,36,0,111,1,0,111,17,5,4,153
1.7,0.01,3,hrsa_t1.7_e0.01#95,0.0069444910539087,4.65380531392886e-16,57,True,False,17.297,57,35,0,0,0,0,25,5,5,0,,---,1,36,0,111,1,0,111,25,5,0,65
1.7,0.01,3,hrsa_t1.7_e0.01#181,0.0067068841850624,7.689811228650408e-16,38,True,False,44.221,38,33,3,0,1,4,11,11,11,1,0 3 30,--+,-1,36,0,112,1,0,112,11,11,4,195
1.7,0.01,3,hrsa_t1.7_e0.01#46,0.0065077477843508,5.163913861988535e-16,52,True,False,22.346,52,33,3,0,1,4,21,5,7,1,0 14 19,-+-,-1,36,0,122,1,0,121,21,5,4,157
1.7,0.01,3,hrsa_t1.7_e0.01#271,0.0063570822048371,9.397777116670196e-16,41,True,False,26.225,41,33,0,0,0,0,15,9,9,0,,+++,1,34,0,111,1,0,111,15,9,0,87
1.7,0.01,3,hrsa_t1.7_e0.01#211,0.0060751829221309,4.524480249338073e-16,52,True,False,28.606,52,35,1,0,1,2,22,6,7,1,0,+-+,-1,36,0,122,1,0,121,22,6,2,118
1.7,0.01,3,hrsa_t1.7_e0.01#258,0.0068326441312931,5.852608893581195e-16,41,True,False,45.502,41,33,0,0,0,0,16,8,9,0,,+++,1,34,0,111,1,0,111,16,8,0,80
1.7,0.01,3,hrsa_t1.7_e0.01#85,0.0064314673581416,5.985681252100177e-16,54,True,False,23.808,54,33,1,0,1,2,23,5,5,1,0,++-,-1,34,0,112,1,0,112,23,5,2,111
1.7,0.01,3,hrsa_t1.7_e0.01#75,0.0063275556477366,1.0705663436945993e-15,36,True,False,16.265,36,33,1,0,1,2,11,11,11,1,0,++-,-1,34,0,121,1,0,122,11,11,2,147
1.7,0.01,3,hrsa_t1.7_e0.01#105,0.0065341163177859,7.366220321112374e-16,54,True,False,14.449,54,31,5,0,1,6,22,4,5,1,0 2 10 21 29,+--,-1,36,0,121,1,0,122,22,4,6,198
1.7,0.01,3,hrsa_t1.7_e0.01#39,0.0064637877357986,3.6862672710321897e-16,54,True,False,20.1,53,33,3,0,1,4,23,4,6,1,0 4 29,+-+,-1,36,0,121,1,0,122,23,4,4,151
1.7,0.01,3,hrsa_t1.7_e0.01#97,0.0063653253919331,9.508528870433098e-16,49,True,False,30.516,49,33,2,0,0,2,20,6,7,0,7 26,+++,1,36,0,111,1,0,111,20,6,2,116
1.7,0.01,3,hrsa_t1.7_e0.01#174,0.0058750696697942,7.308811865416956e-16,56,True,False,16.223,56,31,5,0,1,6,24,2,5,1,0 4 6 25 27,++-,-1,36,0,121,1,0,122,24,2,6,184
1.7,0.01,3,hrsa_t1.7_e0.01#164,0.0065025199202499,8.475661709766551e-16,30,True,False,18.199,30,27,9,0,1,10,6,8,13,1,0 2 4 6 11 16 21 23 25,--+,-1,36,0,121,1,0,122,6,8,10,310
1.7,0.01,3,hrsa_t1.7_e0.01#12,0.0067198006159391,1.0593949850175326e-15,48,True,False,27.729,48,31,4,0,0,4,19,4,8,0,4 12 19 27,+++,1,36,0,111,1,0,111,19,4,4,147
1.7,0.01,3,hrsa_t1.7_e0.01#234,0.0064998899795382,9.154267773579817e-16,50,True,False,23.674,50,33,3,0,1,4,20,6,7,1,0 8 25,--+,-1,36,0,121,1,0,122,20,6,4,164
1.7,0.01,3,hrsa_t1.7_e0.01#173,0.0059408960198754,1.0708856782919394e-15,38,True,False,34.123,38,33,3,0,1,4,12,10,11,1,0 10 23,+--,-1,36,0,122,1,0,121,12,10,4,188
1.7,0.01,3,hrsa_t1.7_e0.01#13,0.006757614589465,1.0861426845923789e-15,42,True,False,21.996,42,31,4,0,0,4,15,6,10,0,5 9 22 26,+++,1,36,0,111,1,0,111,15,6,4,159
1.7,0.01,3,hrsa_t1.7_e0.01#261,0.0068089756652379,1.0178061960020706e-15,40,True,False,30.81,40,28,5,0,0,5,14,5,9,0,4 8 14 20 24,---,-1,34,0,111,1,0,111,14,5,5,174
1.7,0.01,3,hrsa_t1.7_e0.01#212,0.0065130082299882,7.329566449679949e-16,39,True,False,33.991,39,35,0,0,0,0,14,10,11,0,,---,1,36,0,111,1,0,111,14,10,0,94
1.7,0.01,3,hrsa_t1.7_e0.01#1,0.0068437131428738,7.778950513473694e-16,59,True,False,12.787,59,33,0,0,0,0,28,2,3,0,,+++,1,34,0,111,1,0,111,28,2,0,44
1.7,0.01,3,hrsa_t1.7_e0.01#3,0.0068556846354427,8.151594792677332e-16,37,True,False,39.8,37,31,0,0,0,0,13,9,9,0,,---,1,32,0,111,1,0,111,13,9,0,85
1.7,0.01,3,hrsa_t1.7_e0.01#83,0.0067596305736076,8.2500231262143e-16,47,True,False,23.769,47,32,4,0,1,5,18,6,8,1,0 5 16 27,+--,1,36,0,122,1,0,121,18,6,5,186
1.7,0.01,3,hrsa_t1.7_e0.01#91,0.0065064619640498,8.399492493558802e-16,50,True,False,33.366,50,33,3,0,1,4,19,7,7,1,0 6 27,+--,-1,36,0,121,1,0,122,19,7,4,171
1.7,0.01,3,hrsa_t1.7_e0.01#146,0.0063362555374268,7.639350052104838e-16,45,True,False,37.529,45,35,0,0,0,0,17,9,9,0,,+++,1,36,0,111,1,0,111,17,9,0,89
1.7,0.01,3,hrsa_t1.7_e0.01#50,0.0065596558276067,8.377666222402995e-16,49,True,False,39.221,49,34,2,0,1,3,19,7,8,1,0 17,-+-,1,36,0,122,1,0,121,19,7,3,147
1.7,0.01,3,hrsa_t1.7_e0.01#266,0.0066242724637161,9.572774078700406e-16,46,True,False,25.046,46,31,3,0,1,4,17,7,7,1,0 6 25,+--,-1,34,0,122,1,0,121,17,7,4,169
1.7,0.01,3,hrsa_t1.7_e0.01#54,0.0068609730980857,8.672972423774694e-16,39,True,False,23.694,39,33,2,0,0,2,13,9,11,0,10 23,+++,1,36,0,111,1,0,111,13,9,2,133
1.7,0.01,3,hrsa_t1.7_e0.01#93,0.0068141050815256,6.640344394436725e-16,57,True,False,19.135,57,35,0,0,0,0,25,5,5,0,,+++,1,36,0,111,1,0,111,25,5,0,65
1.7,0.01,3,hrsa_t1.7_e0.01#192,0.0063446133818691,8.633916025210738e-16,58,True,False,20.204,58,35,1,0,1,2,25,5,5,1,0,+-+,-1,36,0,112,1,0,112,25,5,2,113
1.7,0.01,3,hrsa_t1.7_e0.01#119,0.0061346151104196,1.0649254833000664e-15,37,True,False,29.842,37,33,2,0,0,2,11,11,11,0,14 19,---,1,36,0,111,1,0,111,11,11,2,147
1.7,0.01,3,hrsa_t1.7_e0.01#245,0.0057237205560443,6.333608187126856e-16,28,True,False,30.47,28,27,7,0,1,8,5,9,13,1,0 2 5 12 15 22 25,+-+,-1,34,0,112,1,0,112,5,9,8,269
1.7,0.01,3,hrsa_t1.7_e0.01#134,0.0058090354325889,7.782934054054849e-16,34,True,False,24.382,34,33,3,0,1,4,10,10,13,1,0 4 29,-++,-1,36,0,112,1,0,112,10,10,4,186
1.7,0.01,3,hrsa_t1.7_e0.01#297,0.0064792273606085,7.099600174971102e-16,38,True,False,30.287,38,33,3,0,1,4,11,11,11,1,0 13 20,++-,-1,36,0,121,1,0,122,11,11,4,195
1.7,0.01,3,hrsa_t1.7_e0.01#285,0.0061916406126033,9.660269145248774e-16,49,True,False,22.242,49,33,2,0,0,2,19,7,7,0,12 21,+++,1,36,0,111,1,0,111,19,7,2,123
1.7,0.01,3,hrsa_t1.7_e0.01#233,0.0066625245244439,7.362002857030748e-16,44,True,False,21.317,44,31,5,0,1,6,16,6,9,1,0 4 13 18 27,--+,-1,36,0,122,1,0,121,16,6,6,208
1.7,0.01,3,hrsa_t1.7_e0.01#280,0.005713336692111,7.661252675903852e-16,34,True,False,22.221,33,27,7,0,1,8,9,8,10,1,0 7 10 12 15 17 20,-+-,-1,34,0,122,1,0,121,9,8,8,265
1.7,0.01,3,hrsa_t1.7_e0.01#84,0.0069252375251192,2.741297498831502e-16,40,True,False,26.375,40,31,3,0,1,4,13,9,9,1,0 3 28,-++,-1,34,0,121,1,0,122,13,9,4,181
1.7,0.01,3,hrsa_t1.7_e0.01#206,0.0061988119249858,7.752108923900042e-16,39,True,False,27.604,39,35,1,0,1,2,13,10,12,1,0,-+-,-1,36,0,122,1,0,121,13,10,2,141
1.7,0.01,3,hrsa_t1.7_e0.01#10,0.0067464279508024,1.1438293400649596e-15,45,True,False,22.799,45,31,4,0,0,4,17,5,9,0,11 14 17 20,---,1,36,0,111,1,0,111,17,5,4,153
1.7,0.01,3,hrsa_t1.7_e0.01#59,0.0066645176682495,9.633504307867094e-16,46,True,False,28.979,46,31,3,0,1,4,17,7,7,1,0 14 17,++-,-1,34,0,122,1,0,121,17,7,4,169
1.7,0.01,3,hrsa_t1.7_e0.01#30,0.0066329434136411,6.988656393828994e-16,49,True,False,28.744,49,34,2,0,1,3,19,7,8,1,0 17,+-+,1,36,0,121,1,0,122,19,7,3,147
1.7,0.01,3,hrsa_t1.7_e0.01#292,0.006177215385827,9.772741772332369e-16,45,True,False,22.673,45,32,4,0,1,5,16,7,9,1,0 5 16 27,+--,1,36,0,112,1,0,112,16,7,5,192
1.7,0.01,3,hrsa_t1.7_e0.01#127,0.0062717288029709,8.84081348515931e-16,63,True,False,15.515,63,35,0,0,0,0,30,2,3,0,,+++,1,36,0,111,1,0,111,30,2,0,46
1.7,0.01,3,hrsa_t1.7_e0.01#55,0.0065983649098101,8.884983504214821e-16,43,True,False,18.934,43,33,2,0,0,2,15,9,9,0,6 27,+++,1,36,0,111,1,0,111,15,9,2,135
1.7,0.01,3,hrsa_t1.7_e0.01#296,0.0063707361653568,1.0758090197350974e-15,46,True,False,29.675,46,33,3,0,1,4,18,6,9,1,0 15 18,-+-,-1,36,0,121,1,0,122,18,6,4,162
1.7,0.01,3,hrsa_t1.7_e0.01#205,0.0058089170137473,5.999887976079224e-16,52,True,False,19.344,52,33,3,0,1,4,21,5,7,1,0 14 19,+--,-1,36,0,122,1,0,121,21,5,4,157
1.7,0.01,3,hrsa_t1.7_e0.01#193,0.0065013695325065,8.544379021947684e-16,52,True,False,32.595,52,33,3,0,1,4,21,5,7,1,0 7 26,--+,-1,36,0,112,1,0,112,21,5,4,157
1.7,0.01,3,hrsa_t1.7_e0.01#142,0.0058598095556848,5.912233680227244e-16,42,True,False,41.851,42,29,3,0,1,4,15,7,7,1,0 7 22,++-,-1,32,0,112,1,0,112,15,7,4,167
1.7,0.01,3,hrsa_t1.7_e0.01#171,0.0060210593049149,6.069129192587314e-16,34,True,False,37.043,34,31,5,0,1,6,9,9,13,1,0 5 12 19 26,--+,-1,36,0,121,1,0,122,9,9,6,225
1.7,0.01,3,hrsa_t1.7_e0.01#47,0.0065547065535792,9.43421297535257e-16,55,True,False,33.168,55,34,2,0,1,3,23,5,6,1,0 17,-+-,1,36,0,122,1,0,121,23,5,3,135
1.7,0.01,3,hrsa_t1.7_e0.01#65,0.0065942206544011,8.964741019731165e-16,37,True,False,26.941,37,30,4,0,1,5,11,9,10,1,0 10 15 20,--+,1,34,0,112,1,0,112,11,9,5,203
1.7,0.01,3,hrsa_t1.7_e0.01#150,0.0062095460466807,9.227805675212502e-16,49,True,False,20.576,49,31,5,0,1,6,19,4,8,1,0 10 13 18 21,-++,-1,36,0,121,1,0,122,19,4,6,195
1.7,0.01,3,hrsa_t1.7_e0.01#111,0.0067562588299172,6.25835862545095e-16,46,True,False,20.431,46,35,1,0,1,2,17,9,9,1,0,+--,-1,36,0,122,1,0,121,17,9,2,137
1.7,0.01,3,hrsa_t1.7_e0.01#132,0.0058140478972691,7.329309453391881e-16,43,True,False,27.878,43,33,2,0,0,2,15,9,9,0,15 18,+++,1,36,0,111,1,0,111,15,9,2,135
1.7,0.01,3,hrsa_t1.7_e0.01#33,0.0066146626639213,1.0041314617922546e-15,42,True,False,24.982,42,31,5,0,1,6,13,9,9,1,0 8 13 18 23,++-,-1,36,0,112,1,0,112,13,9,6,229
1.7,0.01,3,hrsa_t1.7_e0.01#246,0.0056143517875991,8.353971507714515e-16,42,True,False,35.4,42,33,1,0,1,2,16,8,9,1,0,--+,-1,34,0,121,1,0,122,16,8,2,128
1.7,0.01,3,hrsa_t1.7_e0.01#42,0.006433470645038,1.208218475345957e-15,40,True,False,23.164,40,35,1,0,1,2,14,10,11,1,0,--+,-1,36,0,121,1,0,122,14,10,2,142
1.7,0.01,3,hrsa_t1.7_e0.01#77,0.0064976676387568,6.349542990430474e-16,48,True,False,44.485,48,33,1,0,1,2,19,7,7,1,0,-++,-1,34,0,121,1,0,122,19,7,2,123
1.7,0.01,3,hrsa_t1.7_e0.01#288,0.0059936955479802,9.722032826100085e-16,44,True,False,57.895,44,33,3,0,1,4,16,8,9,1,0 3 30,--+,-1,36,0,112,1,0,112,16,8,4,176
1.7,0.01,3,hrsa_t1.7_e0.01#299,0.0065634762204419,5.258934980960393e-16,40,True,False,41.094,40,35,1,0,1,2,14,10,11,1,0,-++,-1,36,0,121,1,0,122,14,10,2,142
1.7,0.01,3,hrsa_t1.7_e0.01#2,0.0068132427731453,9.119128389233188e-16,38,True,False,26.866,38,28,3,0,0,3,13,7,8,0,6 14 22,---,-1,32,0,111,1,0,111,13,7,3,141
1.7,0.01,3,hrsa_t1.7_e0.01#38,0.0069526180023749,7.193637288896185e-16,47,True,False,19.893,47,31,5,0,1,6,17,6,8,1,0 5 7 24 26,++-,-1,36,0,121,1,0,122,17,6,6,209
1.7,0.01,3,hrsa_t1.7_e0.01#58,0.0066740013233357,5.462694883437754e-16,45,True,False,27.265,45,29,4,0,0,4,18,4,7,0,3 12 17 26,+++,1,34,0,111,1,0,111,18,4,4,146
1.7,0.01,3,hrsa_t1.7_e0.01#286,0.0061354124931969,1.0986082708271814e-15,42,True,False,39.589,42,33,2,0,0,2,15,8,10,0,8 25,+++,1,36,0,111,1,0,111,15,8,2,127
1.7,0.01,3,hrsa_t1.7_e0.01#294,0.005722701256851,9.773548453288624e-16,62,True,False,14.099,62,33,3,0,1,4,27,3,3,1,0 5 28,-++,-1,36,0,112,1,0,112,27,3,4,147
1.7,0.01,3,hrsa_t1.7_e0.01#87,0.0069242842811031,9.939257428897708e-16,40,True,False,27.28,40,31,3,0,1,4,14,8,9,1,0 9 22,+-+,-1,34,0,122,1,0,121,14,8,4,174
1.7,0.01,3,hrsa_t1.7_e0.01#40,0.0066427800579315,8.915887143513855e-16,32,True,False,29.448,32,31,5,0,1,6,7,11,13,1,0 10 14 17 21,+-+,-1,36,0,121,1,0,122,7,11,6,239
1.7,0.01,3,hrsa_t1.7_e0.01#98,0.0063703479856092,8.004596250074346e-16,45,True,False,34.115,45,33,2,0,0,2,18,6,9,0,5 28,+++,1,36,0,111,1,0,111,18,6,2,114
1.7,0.01,3,hrsa_t1.7_e0.01#291,0.0062241721635362,8.522979251520943e-16,54,True,False,28.528,54,33,3,0,1,4,23,3,7,1,0 13 20,-++,-1,36,0,112,1,0,112,23,3,4,143
1.7,0.01,3,hrsa_t1.7_e0.01#264,0.0065430628567839,8.199102089025364e-16,42,True,False,25.057,42,29,5,0,1,6,15,5,9,1,0 2 4 25 27,-++,-1,34,0,121,1,0,122,15,5,6,199
1.7,0.01,3,hrsa_t1.7_e0.01#281,0.0061859718014876,9.956865796811024e-16,40,True,False,49.474,40,33,0,0,0,0,15,8,10,0,,---,1,34,0,111,1,0,111,15,8,0,79
1.7,0.01,3,hrsa_t1.7_e0.01#15,0.0066712644533431,7.445825195548316e-16,45,True,False,60.683,45,35,0,0,0,0,17,9,9,0,,+++,1,36,0,111,1,0,111,17,9,0,89
1.7,0.01,3,hrsa_t1.7_e0.01#182,0.0069417472948611,5.823520390003792e-16,37,True,False,24.945,37,33,2,0,0,2,11,11,11,0,2 31,---,1,36,0,111,1,0,111,11,11,2,147
1.7,0.01,3,hrsa_t1.7_e0.01#113,0.0067661131157063,1.0234928114222532e-15,49,True,False,44.66,49,34,2,0,1,3,19,7,8,1,0 17,+-+,1,36,0,122,1,0,121,19,7,3,147
1.7,0.01,3,hrsa_t1.7_e0.01#20,0.0067928790111685,9.49345772276088e-16,36,True,False,53.334,36,29,7,0,1,8,9,9,11,1,0 3 8 12 17 21 26,+-+,-1,36,0,122,1,0,121,9,9,8,273
1.7,0.01,3,hrsa_t1.7_e0.01#295,0.0061252569914935,9.23761548265169e-16,52,True,False,41.951,52,35,1,0,1,2,21,7,7,1,0,-+-,-1,36,0,112,1,0,112,21,7,2,125
1.7,0.01,3,hrsa_t1.7_e0.01#204,0.0062281344152428,7.266635130175341e-16,34,True,False,29.078,34,35,1,0,1,2,9,13,13,1,0,+--,-1,36,0,122,1,0,121,9,13,2,161
1.7,0.01,3,hrsa_t1.7_e0.01#45,0.0065301788734154,7.105795243813944e-16,37,True,False,49.672,37,33,3,0,1,4,11,10,12,1,0 13 20,+-+,-1,36,0,121,1,0,122,11,10,4,187
1.7,0.01,3,hrsa_t1.7_e0.01#201,0.0062821605535937,9.68955301924136e-16,64,True,False,30.563,64,35,1,0,1,2,30,2,3,1,0,+-+,-1,36,0,121,1,0,122,30,2,2,94
1.7,0.01,3,hrsa_t1.7_e0.01#224,0.0063055455347597,6.485803364835312e-16,46,True,False,60.253,46,35,1,0,1,2,18,8,9,1,0,--+,-1,36,0,112,1,0,112,18,8,2,130
1.7,0.01,3,hrsa_t1.7_e0.01#197,0.0058138512051036,8.589761436276208e-16,44,True,False,34.414,44,35,0,0,0,0,17,8,10,0,,---,1,36,0,111,1,0,111,17,8,0,81
1.7,0.01,3,hrsa_t1.7_e0.01#259,0.0068511526651185,8.046669807758596e-16,54,True,False,37.949,54,33,1,0,1,2,24,4,5,1,0,-++,-1,34,0,122,1,0,121,24,4,2,104
1.7,0.01,3,hrsa_t1.7_e0.01#94,0.0062683038076148,5.640725632711211e-16,49,True,False,34.782,49,33,2,0,0,2,20,6,7,0,5 28,---,1,36,0,111,1,0,111,20,6,2,116
1.7,0.01,3,hrsa_t1.7_e0.01#241,0.0062142249345238,3.975817055680288e-16,47,True,False,52.227,47,32,4,0,1,5,17,7,8,1,0 11 16 21,++-,1,36,0,112,1,0,112,17,7,5,193
1.7,0.01,3,hrsa_t1.7_e0.01#269,0.0065735240809149,1.0230316425097157e-15,47,True,False,44.601,47,33,0,0,0,0,19,7,7,0,,+++,1,34,0,111,1,0,111,19,7,0,75
2.5,0.01,3,hrsa_t2.5_e0.01#213,0.0065181492051586,8.038386798841884e-16,52,True,False,21.479,52,35,1,0,1,2,21,7,7,1,0,-+-,-1,36,0,112,1,0,112,21,7,2,125
2.5,0.01,3,hrsa_t2.5_e0.01#5,0.0067444315864974,6.1272134048748e-16,40,True,False,16.481,40,31,4,0,0,4,13,8,10,0,10 12 19 21,---,1,36,0,111,1,0,111,13,8,4,173
2.5,0.01,3,hrsa_t2.5_e0.01#152,0.0067510565517214,1.0730084740743717e-15,50,True,False,29.673,50,31,5,0,1,6,19,5,7,1,0 10 13 18 21,++-,-1,36,0,121,1,0,122,19,5,6,203
2.5,0.01,3,hrsa_t2.5_e0.01#188,0.0068010469845953,1.0438963003450992e-15,50,True,False,22.849,50,33,3,0,1,4,20,6,7,1,0 5 28,++-,-1,36,0,121,1,0,122,20,6,4,164
2.5,0.01,3,hrsa_t2.5_e0.01#99,0.0065563137097426,9.48639599820483e-16,40,True,False,55.095,40,35,1,0,1,2,13,11,11,1,0,-+-,-1,36,0,121,1,0,122,13,11,2,149
2.5,0.01,3,hrsa_t2.5_e0.01#138,0.0070438872446932,6.266022502030807e-16,55,True,False,37.155,55,33,2,0,0,2,23,5,5,0,9 24,---,1,36,0,111,1,0,111,23,5,2,111
2.5,0.01,3,hrsa_t2.5_e0.01#289,0.0069769460313293,4.597814203079956e-16,40,True,False,49.18,40,31,5,0,1,6,13,7,11,1,0 3 8 23 28,--+,-1,36,0,121,1,0,122,13,7,6,213
2.5,0.01,3,hrsa_t2.5_e0.01#223,0.0061800335675286,7.635456610030492e-16,46,True,False,53.276,46,35,1,0,1,2,18,8,9,1,0,--+,-1,36,0,112,1,0,112,18,8,2,130
2.5,0.01,3,hrsa_t2.5_e0.01#82,0.0062411900954149,5.187227497385451e-16,43,True,False,31.805,43,33,2,0,0,2,15,9,9,0,6 27,+++,1,36,0,111,1,0,111,15,9,2,135
2.5,0.01,3,hrsa_t2.5_e0.01#191,0.0067730824414795,7.311298715781904e-16,64,True,False,14.07,64,35,1,0,1,2,29,3,3,1,0,++-,-1,36,0,121,1,0,122,29,3,2,101
2.5,0.01,3,hrsa_t2.5_e0.01#63,0.0064409065410306,1.0739197302796709e-15,42,True,False,39.064,42,31,5,0,1,6,15,5,11,1,0 5 14 17 26,-++,-1,36,0,112,1,0,112,15,5,6,199
2.5,0.01,3,hrsa_t2.5_e0.01#221,0.0066874310387443,1.0273498153688205e-15,42,True,False,50.874,42,31,5,0,1,6,13,9,9,1,0 3 11 20 28,-+-,-1,36,0,112,1,0,112,13,9,6,229
2.5,0.01,3,hrsa_t2.5_e0.01#133,0.0065430906547552,1.0005675370658625e-15,46,True,False,23.797,46,35,1,0,1,2,18,8,9,1,0,--+,-1,36,0,122,1,0,121,18,8,2,130
2.5,0.01,3,hrsa_t2.5_e0.01#89,0.006815817418682,3.4247870460542063e-16,42,True,False,27.141,42,31,5,0,1,6,13,9,9,1,0 3 10 21 28,++-,-1,36,0,122,1,0,121,13,9,6,229
2.5,0.01,3,hrsa_t2.5_e0.01#283,0.0059843589381217,9.188423881440366e-16,56,True,False,39.916,56,33,3,0,1,4,23,5,5,1,0 9 24,+-+,-1,36,0,121,1,0,122,23,5,4,159
2.5,0.01,3,hrsa_t2.5_e0.01#95,0.0067886434702387,8.286946312178387e-16,30,True,False,61.302,30,31,5,0,1,6,6,12,13,1,0 10 14 17 21,++-,-1,36,0,122,1,0,121,6,12,6,246
2.5,0.01,3,hrsa_t2.5_e0.01#181,0.0067855642210406,8.011499158441916e-16,45,True,False,21.11,45,35,1,0,1,2,17,8,10,1,0,--+,-1,36,0,121,1,0,122,17,8,2,129
2.5,0.01,3,hrsa_t2.5_e0.01#46,0.0066964903858345,6.379037158202344e-16,44,True,False,32.557,44,31,5,0,1,6,15,7,9,1,0 8 12 19 23,+-+,-1,36,0,121,1,0,122,15,7,6,215
2.5,0.01,3,hrsa_t2.5_e0.01#271,0.0067875456145355,7.420251277681133e-16,60,True,False,22.6,60,35,0,0,0,0,29,2,4,0,,+++,1,36,0,111,1,0,111,29,2,0,45
2.5,0.01,3,hrsa_t2.5_e0.01#211,0.0065764342144435,3.4216756997464896e-16,46,True,False,33.238,46,35,1,0,1,2,17,9,9,1,0,-+-,-1,36,0,112,1,0,112,17,9,2,137
2.5,0.01,3,hrsa_t2.5_e0.01#258,0.0064924987227683,8.089124143346762e-16,56,True,False,27.601,56,33,3,0,1,4,24,4,5,1,0 8 25,+--,-1,36,0,122,1,0,121,24,4,4,152
2.5,0.01,3,hrsa_t2.5_e0.01#85,0.0068067207579368,8.724415793623423e-16,43,True,False,35.422,43,33,3,0,1,4,15,8,10,1,0 4 29,+--,-1,36,0,122,1,0,121,15,8,4,175
2.5,0.01,3,hrsa_t2.5_e0.01#75,0.0065306530205053,5.708630122769821e-16,32,True,False,36.826,32,33,3,0,1,4,7,13,13,1,0 6 27,--+,-1,36,0,121,1,0,122,7,13,4,207
2.5,0.01,3,hrsa_t2.5_e0.01#105,0.0066682315032487,8.68387557130189e-16,55,True,False,23.826,55,33,3,0,1,4,23,4,6,1,0 13 20,--+,-1,36,0,121,1,0,122,23,4,4,151
2.5,0.01,3,hrsa_t2.5_e0.01#39,0.0070366908993785,9.985509697858778e-16,46,True,False,38.497,46,33,3,0,1,4,17,7,9,1,0 5 28,++-,-1,36,0,121,1,0,122,17,7,4,169
2.5,0.01,3,hrsa_t2.5_e0.01#97,0.0066051318828754,6.70725488831861e-16,58,True,False,14.799,58,35,1,0,1,2,25,5,5,1,0,-+-,-1,36,0,121,1,0,122,25,5,2,113
2.5,0.01,3,hrsa_t2.5_e0.01#174,0.0063733486838517,7.29333915483217e-16,52,True,False,21.472,52,35,1,0,1,2,22,6,7,1,0,+--,-1,36,0,112,1,0,112,22,6,2,118
2.5,0.01,3,hrsa_t2.5_e0.01#164,0.0067428574262201,6.554151712889515e-16,38,True,False,33.951,38,31,5,0,1,6,11,9,11,1,0 6 13 18 25,++-,-1,36,0,112,1,0,112,11,9,6,227
2.5,0.01,3,hrsa_t2.5_e0.01#12,0.0068199445908553,6.565898568214747e-16,56,True,False,28.457,56,33,3,0,1,4,23,5,5,1,0 14 19,+--,-1,36,0,121,1,0,122,23,5,4,159
2.5,0.01,3,hrsa_t2.5_e0.01#234,0.0063380974085986,1.0903688387668945e-15,43,True,False,49.581,43,32,2,0,1,3,17,6,9,1,0 16,-++,1,34,0,112,1,0,112,17,6,3,137
2.5,0.01,3,hrsa_t2.5_e0.01#173,0.0068135736455148,6.707701469780833e-16,36,True,False,44.754,36,31,5,0,1,6,12,6,13,1,0 8 11 20 23,--+,-1,36,0,112,1,0,112,12,6,6,204
2.5,0.01,3,hrsa_t2.5_e0.01#13,0.0067467069736743,6.678787250518571e-16,38,True,False,58.084,38,33,3,0,1,4,11,11,11,1,0 15 18,--+,-1,36,0,122,1,0,121,11,11,4,195
2.5,0.01,3,hrsa_t2.5_e0.01#261,0.0063270074482662,8.794152846251489e-16,50,True,False,43.297,50,31,5,0,1,6,19,5,7,1,0 4 6 25 27,++-,-1,36,0,122,1,0,121,19,5,6,203
2.5,0.01,3,hrsa_t2.5_e0.01#212,0.0061076398213865,9.258524630225178e-16,46,True,False,53.853,46,35,1,0,1,2,17,9,9,1,0,--+,-1,36,0,112,1,0,112,17,9,2,137
2.5,0.01,3,hrsa_t2.5_e0.01#1,0.0068721476759089,9.07445436915021e-16,38,True,False,61.901,38,31,5,0,1,6,12,8,11,1,0 4 8 23 27,++-,-1,36,0,122,1,0,121,12,8,6,220
2.5,0.01,3,hrsa_t2.5_e0.01#3,0.0068685012317336,9.195386092784851e-16,48,True,False,33.777,48,31,5,0,1,6,17,7,7,1,0 2 4 27 29,+-+,-1,36,0,121,1,0,122,17,7,6,217
2.5,0.01,3,hrsa_t2.5_e0.01#83,0.0061986124861676,8.072474401027378e-16,50,True,False,49.67,50,33,3,0,1,4,19,7,7,1,0 6 27,+-+,-1,36,0,112,1,0,112,19,7,4,171
2.5,0.01,3,hrsa_t2.5_e0.01#91,0.0067222367465248,3.525782217576938e-16,36,True,False,35.206,36,31,5,0,1,6,9,11,11,1,0 7 9 22 24,+-+,-1,36,0,122,1,0,121,9,11,6,241
2.5,0.01,3,hrsa_t2.5_e0.01#146,0.006943670717105,6.4410234455968745e-16,44,True,False,60.815,44,33,3,0,1,4,15,9,9,1,0 9 24,--+,-1,36,0,112,1,0,112,15,9,4,183
2.5,0.01,3,hrsa_t2.5_e0.01#50,0.006686750093753,5.126818848086197e-16,45,True,False,64.227,45,33,3,0,1,4,17,6,10,1,0 7 26,--+,-1,36,0,121,1,0,122,17,6,4,161
2.5,0.01,3,hrsa_t2.5_e0.01#266,0.0066766374910787,9.760139258657848e-16,52,True,False,37.418,52,33,3,0,1,4,21,5,7,1,0 2 31,+--,-1,36,0,112,1,0,112,21,5,4,157
2.5,0.01,3,hrsa_t2.5_e0.01#54,0.0065937903354394,5.750944841216686e-16,46,True,False,34.58,46,31,5,0,1,6,17,5,9,1,0 3 13 18 28,++-,-1,36,0,121,1,0,122,17,5,6,201
2.5,0.01,3,hrsa_t2.5_e0.01#93,0.0068026213590677,7.28260620359383e-16,36,True,False,54.111,36,31,5,0,1,6,10,10,11,1,0 6 14 17 25,-++,-1,36,0,122,1,0,121,10,10,6,234
2.5,0.01,3,hrsa_t2.5_e0.01#192,0.0066861618683586,6.013810367660298e-16,45,True,False,56.833,45,32,4,0,1,5,17,5,10,1,0 9 16 23,+-+,1,36,0,121,1,0,122,17,5,5,177
2.5,0.01,3,hrsa_t2.5_e0.01#119,0.0066449501964873,6.719350338224335e-16,56,True,False,26.891,56,33,3,0,1,4,24,4,5,1,0 2 31,++-,-1,36,0,122,1,0,121,24,4,4,152
2.5,0.01,3,hrsa_t2.5_e0.01#245,0.0067843721488612,3.936905831224762e-16,48,True,False,34.205,48,31,5,0,1,6,17,7,7,1,0 8 14 17 23,+-+,-1,36,0,122,1,0,121,17,7,6,217
2.5,0.01,3,hrsa_t2.5_e0.01#134,0.0063847870354905,5.7049062053299635e-16,37,True,False,63.669,37,34,2,0,1,3,12,10,12,1,0 17,-+-,1,36,0,122,1,0,121,12,10,3,164
2.5,0.01,3,hrsa_t2.5_e0.01#297,0.0068308883231548,8.65502298124213e-16,37,True,False,51.623,37,31,4,0,0,4,11,9,11,0,5 9 22 26,---,1,36,0,111,1,0,111,11,9,4,179
2.5,0.01,3,hrsa_t2.5_e0.01#285,0.0059274665303569,8.252113593294935e-16,46,True,False,31.987,46,31,5,0,1,6,17,5,9,1,0 4 9 22 27,+--,-1,36,0,122,1,0,121,17,5,6,201
2.5,0.01,3,hrsa_t2.5_e0.01#233,0.0063318007204808,1.2692801140417201e-15,43,True,False,34.95,43,30,4,0,1,5,15,7,8,1,0 13 15 17,+-+,1,34,0,121,1,0,122,15,7,5,191
2.5,0.01,3,hrsa_t2.5_e0.01#280,0.0070202873783656,6.269732572272032e-16,56,True,False,27.856,56,33,3,0,1,4,24,4,5,1,0 9 24,++-,-1,36,0,122,1,0,121,24,4,4,152
2.5,0.01,3,hrsa_t2.5_e0.01#84,0.0067888097995371,3.536066161831445e-16,39,True,False,61.819,39,32,4,0,1,5,12,9,11,1,0 6 16 26,-++,1,36,0,112,1,0,112,12,9,5,204
2.5,0.01,3,hrsa_t2.5_e0.01#206,0.0069924124215166,9.109084119024342e-16,41,True,False,32.795,41,29,6,0,0,6,13,7,9,0,2 4 6 23 25 27,---,1,36,0,111,1,0,111,13,7,6,213
2.5,0.01,3,hrsa_t2.5_e0.01#10,0.0068071850797525,8.142859845022296e-16,31,True,False,40.265,31,30,6,0,1,7,7,9,14,1,0 2 5 15 25 28,++-,1,36,0,122,1,0,121,7,9,7,247
2.5,0.01,3,hrsa_t2.5_e0.01#59,0.0065434082626619,1.1736168559842267e-15,42,True,False,48.841,42,31,5,0,1,6,13,9,9,1,0 5 13 18 26,-++,-1,36,0,112,1,0,112,13,9,6,229
2.5,0.01,3,hrsa_t2.5_e0.01#30,0.006841340381032,7.534630791445288e-16,50,True,False,26.948,49,32,3,0,0,3,21,4,7,0,14 16 18,---,-1,36,0,111,1,0,111,21,4,3,125
2.5,0.01,3,hrsa_t2.5_e0.01#292,0.0068795894083995,4.3274191193590944e-16,33,True,False,47.798,33,30,6,0,1,7,10,5,15,1,0 7 10 15 20 23,--+,1,36,0,121,1,0,122,10,5,7,218
2.5,0.01,3,hrsa_t2.5_e0.01#127,0.0063616439690021,8.793687058204866e-16,42,True,False,41.611,42,31,5,0,1,6,14,8,9,1,0 7 13 18 24,++-,-1,36,0,122,1,0,121,14,8,6,222
2.5,0.01,3,hrsa_t2.5_e0.01#55,0.0069493499488719,4.3019111874674165e-16,47,True,False,38.132,47,30,6,0,1,7,18,4,8,1,0 10 12 15 18 20,+--,1,36,0,112,1,0,112,18,4,7,218
2.5,0.01,3,hrsa_t2.5_e0.01#296,0.007006248304111,8.634865991599897e-16,44,True,False,50.997,44,33,3,0,1,4,15,9,9,1,0 2 31,+--,-1,36,0,112,1,0,112,15,9,4,183
2.5,0.01,3,hrsa_t2.5_e0.01#205,0.0070167041943181,7.4909936182774595e-16,43,True,False,55.63,43,33,2,0,0,2,15,9,9,0,14 19,+++,1,36,0,111,1,0,111,15,9,2,135
2.5,0.01,3,hrsa_t2.5_e0.01#193,0.006627613552427,6.813098899525855e-16,50,True,False,38.153,50,33,3,0,1,4,19,7,7,1,0 8 25,+-+,-1,36,0,122,1,0,121,19,7,4,171
2.5,0.01,3,hrsa_t2.5_e0.01#142,0.0070126882148231,8.498952927811473e-16,43,True,False,58.712,43,31,4,0,0,4,15,7,9,0,6 11 20 25,---,1,36,0,111,1,0,111,15,7,4,167
2.5,0.01,3,hrsa_t2.5_e0.01#171,0.0068190501867877,5.571270320876889e-16,44,True,False,55.566,44,31,4,0,0,4,17,6,8,0,11 14 17 20,+++,1,36,0,111,1,0,111,17,6,4,161
2.5,0.01,3,hrsa_t2.5_e0.01#47,0.0066944116476387,6.516275747261853e-16,44,True,False,81.472,44,31,5,0,1,6,15,7,9,1,0 6 14 17 25,-+-,-1,36,0,121,1,0,122,15,7,6,215
2.5,0.01,3,hrsa_t2.5_e0.01#65,0.0068219305197433,7.46833442776783e-16,42,True,False,63.889,42,31,5,0,1,6,13,9,9,1,0 10 13 18 21,--+,-1,36,0,122,1,0,121,13,9,6,229
2.5,0.01,3,hrsa_t2.5_e0.01#150,0.0059902377704769,7.515886704014221e-16,58,True,False,38.031,58,35,1,0,1,2,25,5,5,1,0,-+-,-1,36,0,121,1,0,122,25,5,2,113
2.5,0.01,3,hrsa_t2.5_e0.01#111,0.0069740069512332,5.834099565256435e-16,40,True,False,31.876,40,35,1,0,1,2,13,11,11,1,0,-+-,-1,36,0,122,1,0,121,13,11,2,149
2.5,0.01,3,hrsa_t2.5_e0.01#132,0.0066931587001908,6.14431180967546e-16,51,True,False,49.887,51,35,0,0,0,0,22,6,7,0,,---,1,36,0,111,1,0,111,22,6,0,70
2.5,0.01,3,hrsa_t2.5_e0.01#33,0.0067737484449859,4.87120656897041e-16,50,True,False,48.296,50,31,5,0,1,6,19,5,7,1,0 2 6 25 29,--+,-1,36,0,112,1,0,112,19,5,6,203
2.5,0.01,3,hrsa_t2.5_e0.01#246,0.0067307528271518,6.249597127001947e-16,44,True,False,55.237,44,33,3,0,1,4,15,9,9,1,0 9 24,+--,-1,36,0,121,1,0,122,15,9,4,183
2.5,0.01,3,hrsa_t2.5_e0.01#42,0.0070525986003304,6.596329571547849e-16,58,True,False,30.216,58,33,3,0,1,4,25,3,5,1,0 8 25,+--,-1,36,0,122,1,0,121,25,3,4,145
2.5,0.01,3,hrsa_t2.5_e0.01#77,0.0064996909897658,6.213163107935429e-16,56,True,False,43.421,56,33,3,0,1,4,23,5,5,1,0 3 30,-++,-1,36,0,122,1,0,121,23,5,4,159
2.5,0.01,3,hrsa_t2.5_e0.01#288,0.0057831623576267,5.306576086147216e-16,34,True,False,44.654,34,29,7,0,1,8,7,11,11,1,0 3 5 11 18 24 26,--+,-1,36,0,122,1,0,121,7,11,8,287
2.5,0.01,3,hrsa_t2.5_e0.01#299,0.006967234275566,4.844192658838714e-16,40,True,False,48.116,40,35,1,0,1,2,13,11,11,1,0,+-+,-1,36,0,112,1,0,112,13,11,2,149
2.5,0.01,3,hrsa_t2.5_e0.01#2,0.0068742487991827,6.429076061759653e-16,46,True,False,42.808,46,35,1,0,1,2,17,9,9,1,0,-++,-1,36,0,122,1,0,121,17,9,2,137
2.5,0.01,3,hrsa_t2.5_e0.01#38,0.0069906299394204,5.181830600328783e-16,50,True,False,43.93,50,33,3,0,1,4,19,7,7,1,0 8 25,+--,-1,36,0,121,1,0,122,19,7,4,171
2.5,0.01,3,hrsa_t2.5_e0.01#58,0.0066588615277322,7.6611602075632625e-16,36,True,False,49.724,36,31,4,0,0,4,11,8,12,0,6 8 23 25,+++,1,36,0,111,1,0,111,11,8,4,171
2.5,0.01,3,hrsa_t2.5_e0.01#286,0.0060672157655607,1.0368706136337297e-15,44,True,False,51.012,44,33,3,0,1,4,15,9,9,1,0 2 31,-+-,-1,36,0,122,1,0,121,15,9,4,183
2.5,0.01,3,hrsa_t2.5_e0.01#294,0.0069539356435539,1.0022895180812829e-15,53,True,False,30.535,53,33,2,0,0,2,24,2,7,0,9 24,---,1,36,0,111,1,0,111,24,2,2,88
2.5,0.01,3,hrsa_t2.5_e0.01#87,0.0067586927877618,1.0057490712306281e-15,46,True,False,45.299,46,33,3,0,1,4,18,6,9,1,0 2 31,+--,-1,36,0,121,1,0,122,18,6,4,162
2.5,0.01,3,hrsa_t2.5_e0.01#40,0.006900983448028,1.217579129704897e-15,44,True,False,46.75,44,29,7,0,1,8,15,5,9,1,0 2 4 6 23 25 27,+-+,-1,36,0,121,1,0,122,15,5,8,247
2.5,0.01,3,hrsa_t2.5_e0.01#98,0.0067792242609659,8.477282269358703e-16,64,True,False,31.589,64,35,1,0,1,2,29,3,3,1,0,-+-,-1,36,0,121,1,0,122,29,3,2,101
2.5,0.01,3,hrsa_t2.5_e0.01#291,0.0065752617947212,6.54069148031703e-16,50,True,False,45.502,50,33,3,0,1,4,19,7,7,1,0 10 23,+--,-1,36,0,121,1,0,122,19,7,4,171
2.5,0.01,3,hrsa_t2.5_e0.01#264,0.0063481372380452,8.890947755527398e-16,46,True,False,58.693,46,35,1,0,1,2,17,9,9,1,0,+--,-1,36,0,121,1,0,122,17,9,2,137
2.5,0.01,3,hrsa_t2.5_e0.01#281,0.0060696454329824,9.35606406493113e-16,44,True,False,72.62,44,31,5,0,1,6,15,7,9,1,0 11 14 17 20,+-+,-1,36,0,121,1,0,122,15,7,6,215
2.5,0.01,3,hrsa_t2.5_e0.01#15,0.0067310680404355,6.954471225280471e-16,52,True,False,46.16,52,35,1,0,1,2,21,7,7,1,0,+-+,-1,36,0,112,1,0,112,21,7,2,125
2.5,0.01,3,hrsa_t2.5_e0.01#182,0.0061968711061439,4.522222697523858e-16,44,True,False,27.254,44,31,5,0,1,6,15,7,9,1,0 2 9 22 29,-+-,-1,36,0,121,1,0,122,15,7,6,215
2.5,0.01,3,hrsa_t2.5_e0.01#113,0.0067953859401628,3.737664460967074e-16,58,True,False,42.034,58,35,1,0,1,2,26,4,5,1,0,+-+,-1,36,0,122,1,0,121,26,4,2,106
2.5,0.01,3,hrsa_t2.5_e0.01#20,0.0068197935641716,6.955965431452925e-16,56,True,False,43.011,56,33,3,0,1,4,23,5,5,1,0 4 29,-++,-1,36,0,122,1,0,121,23,5,4,159
2.5,0.01,3,hrsa_t2.5_e0.01#295,0.006929238489694,4.979119614765611e-16,44,True,False,46.401,44,33,3,0,1,4,15,9,9,1,0 14 19,-+-,-1,36,0,112,1,0,112,15,9,4,183
2.5,0.01,3,hrsa_t2.5_e0.01#204,0.0065109816819711,7.183491612104052e-16,52,True,False,43.859,52,35,1,0,1,2,21,7,7,1,0,++-,-1,36,0,122,1,0,121,21,7,2,125
2.5,0.01,3,hrsa_t2.5_e0.01#45,0.0066891181351821,5.598853659932856e-16,51,True,False,30.49,51,35,1,0,1,2,21,6,8,1,0,--+,-1,36,0,121,1,0,122,21,6,2,117
2.5,0.01,3,hrsa_t2.5_e0.01#201,0.0065801743845235,8.180193842456591e-16,46,True,False,28.126,46,33,3,0,1,4,17,7,9,1,0 3 30,++-,-1,36,0,121,1,0,122,17,7,4,169
2.5,0.01,3,hrsa_t2.5_e0.01#224,0.0061475472893695,5.190152913664811e-16,58,True,False,21.821,58,31,5,0,1,6,26,0,5,1,0 11 14 17 20,-+-,-1,36,0,112,1,0,112,26,0,6,170
2.5,0.01,3,hrsa_t2.5_e0.01#197,0.0066471185966595,8.729673600087572e-16,50,True,False,28.447,50,33,3,0,1,4,19,7,7,1,0 12 21,++-,-1,36,0,121,1,0,122,19,7,4,171
2.5,0.01,3,hrsa_t2.5_e0.01#259,0.0063941309180173,6.961835005249707e-16,50,True,False,37.665,50,33,3,0,1,4,19,7,7,1,0 12 21,--+,-1,36,0,122,1,0,121,19,7,4,171
2.5,0.01,3,hrsa_t2.5_e0.01#94,0.0066697103726268,8.172942483980951e-16,44,True,False,17.438,44,33,3,0,1,4,15,9,9,1,0 9 24,+-+,-1,36,0,122,1,0,121,15,9,4,183
2.5,0.01,3,hrsa_t2.5_e0.01#241,0.0062631329042715,1.1224213095949656e-15,49,True,False,22.388,49,29,4,0,0,4,19,5,5,0,4 8 21 25,---,1,34,0,111,1,0,111,19,5,4,155
2.5,0.01,3,hrsa_t2.5_e0.01#269,0.0067520770190851,7.746037135290098e-16,49,True,False,16.783,49,33,2,0,0,2,20,6,7,0,7 26,+++,1,36,0,111,1,0,111,20,6,2,116
0.3,0.1,2,hrsa_t0.3_e0.1#213,0.0636506738190801,8.932544898257206e-16,29,True,False,42.09,29,20,4,0,1,5,9,5,6,1,0 6 10 14,--+,1,24,0,121,1,0,122,9,5,5,169
0.3,0.1,2,hrsa_t0.3_e0.1#5,0.0682560578529376,8.549212532407689e-16,34,True,False,40.134,34,23,1,0,1,2,13,5,5,1,0,--+,-1,24,0,112,1,0,112,13,5,2,101
0.3,0.1,2,hrsa_t0.3_e0.1#152,0.0594625164997437,4.960768484402556e-16,38,True,False,27.766,37,23,1,0,1,2,17,2,4,1,0,--+,-1,24,0,122,1,0,121,17,2,2,81
0.3,0.1,2,hrsa_t0.3_e0.1#188,0.0692673370966758,8.288455510982485e-16,28,True,False,23.922,28,17,3,0,1,4,12,0,5,1,0 7 10,++-,-1,20,0,121,1,0,122,12,0,4,108
0.3,0.1,2,hrsa_t0.3_e0.1#99,0.0622345921138248,8.94066317926987e-16,22,True,False,22.083,22,23,1,0,1,2,5,9,9,1,0,+--,-1,24,0,122,1,0,121,5,9,2,125
0.3,0.1,2,hrsa_t0.3_e0.1#138,0.0616653865013178,1.0009341427924654e-15,30,True,False,22.462,30,19,5,0,1,6,10,4,5,1,0 4 8 11 15,--+,-1,24,0,122,1,0,121,10,4,6,186
0.3,0.1,2,hrsa_t0.3_e0.1#289,0.0597105345689106,8.41463171928032e-16,26,True,False,27.154,26,21,3,0,1,4,7,7,7,1,0 5 16,++-,-1,24,0,112,1,0,112,7,7,4,159
0.3,0.1,2,hrsa_t0.3_e0.1#223,0.0543531105765829,9.977617813763796e-16,38,True,False,15.3,38,21,3,0,1,4,15,3,3,1,0 9 12,+-+,-1,24,0,112,1,0,112,15,3,4,135
0.3,0.1,2,hrsa_t0.3_e0.1#82,0.0660828600902532,8.143751489809329e-16,26,True,False,33.521,26,21,3,0,1,4,7,7,7,1,0 9 12,++-,-1,24,0,112,1,0,112,7,7,4,159
0.3,0.1,2,hrsa_t0.3_e0.1#191,0.0616390244406197,1.0400551138787225e-15,32,True,False,24.848,32,19,1,0,1,2,13,3,3,1,0,++-,-1,20,0,121,1,0,122,13,3,2,85
0.3,0.1,2,hrsa_t0.3_e0.1#63,0.0611300550893683,7.781416363521822e-16,40,True,False,24.09,40,23,1,0,1,2,17,3,3,1,0,+--,-1,24,0,122,1,0,121,17,3,2,89
0.3,0.1,2,hrsa_t0.3_e0.1#221,0.0595435241069925,7.739716320496603e-16,36,True,False,24.495,36,21,3,0,1,4,15,1,5,1,0 4 17,--+,-1,24,0,112,1,0,112,15,1,4,119
0.3,0.1,2,hrsa_t0.3_e0.1#133,0.0558394381119315,3.119245557956822e-16,34,True,False,26.668,34,23,1,0,1,2,13,5,5,1,0,-++,-1,24,0,121,1,0,122,13,5,2,101
0.3,0.1,2,hrsa_t0.3_e0.1#287,0.064630724909285,7.697588688346295e-16,40,True,False,15.212,40,23,1,0,1,2,17,3,3,1,0,+--,-1,24,0,112,1,0,112,17,3,2,89
0.3,0.1,2,hrsa_t0.3_e0.1#89,0.0619120631666377,8.3351238896100015e-16,31,True,False,27.332,31,19,4,0,0,4,11,3,5,0,3 5 14 16,---,1,24,0,111,1,0,111,11,3,4,131
0.3,0.1,2,hrsa_t0.3_e0.1#283,0.0668011913009287,7.982183896632638e-16,27,True,False,22.274,27,23,0,0,0,0,10,6,7,0,,+++,1,24,0,111,1,0,111,10,6,0,58
0.3,0.1,2,hrsa_t0.3_e0.1#95,0.0552585867292681,9.009054505633872e-16,40,True,False,24.636,40,23,1,0,1,2,17,3,3,1,0,-+-,-1,24,0,122,1,0,121,17,3,2,89
0.3,0.1,2,hrsa_t0.3_e0.1#181,0.0579485278132254,7.779157077122237e-16,26,True,False,32.711,26,21,3,0,1,4,8,6,7,1,0 4 17,-++,-1,24,0,121,1,0,122,8,6,4,152
0.3,0.1,2,hrsa_t0.3_e0.1#46,0.0652408002243491,1.0822371618646709e-15,33,True,False,40.202,33,21,3,0,1,4,13,2,6,1,0 5 16,+-+,-1,24,0,112,1,0,112,13,2,4,125
0.3,0.1,2,hrsa_t0.3_e0.1#271,0.0676146933795503,7.208519467510269e-16,30,True,False,21.22,30,22,2,0,1,3,11,4,7,1,0 11,-+-,1,24,0,122,1,0,121,11,4,3,115
0.3,0.1,2,hrsa_t0.3_e0.1#211,0.0536731713493877,8.192565241547287e-16,27,True,False,26.154,27,21,2,0,0,2,10,4,7,0,9 12,+++,1,24,0,111,1,0,111,10,4,2,90
0.3,0.1,2,hrsa_t0.3_e0.1#299,0.0673120528818834,8.875224449197703e-16,34,True,False,14.127,34,23,1,0,1,2,13,5,5,1,0,++-,-1,24,0,122,1,0,121,13,5,2,101
0.3,0.1,2,hrsa_t0.3_e0.1#258,0.0501195375048836,8.454062586348712e-16,39,True,False,13.932,39,23,0,0,0,0,18,2,3,0,,---,1,24,0,111,1,0,111,18,2,0,34
0.3,0.1,2,hrsa_t0.3_e0.1#85,0.0646866236851732,9.601443165105922e-16,29,True,False,20.484,29,20,4,0,1,5,10,3,7,1,0 4 10 16,+-+,1,24,0,112,1,0,112,10,3,5,154
0.3,0.1,2,hrsa_t0.3_e0.1#75,0.0626068592238928,4.0266380615213064e-16,28,True,False,17.231,28,21,3,0,1,4,9,5,7,1,0 9 12,++-,-1,24,0,122,1,0,121,9,5,4,145
0.3,0.1,2,hrsa_t0.3_e0.1#105,0.0574454220735973,6.672713377019829e-16,30,True,False,16.136,30,19,5,0,1,6,10,4,5,1,0 3 5 14 16,-++,-1,24,0,121,1,0,122,10,4,6,186
0.3,0.1,2,hrsa_t0.3_e0.1#39,0.0671033859385466,8.921468766113684e-16,32,True,False,20.017,32,21,3,0,1,4,12,4,5,1,0 6 15,++-,-1,24,0,112,1,0,112,12,4,4,140
0.3,0.1,2,hrsa_t0.3_e0.1#97,0.0616918964102039,7.77504244278542e-16,38,True,False,12.757,38,21,3,0,1,4,16,2,3,1,0 4 17,++-,-1,24,0,112,1,0,112,16,2,4,128
0.3,0.1,2,hrsa_t0.3_e0.1#174,0.0612962295310852,7.67724013851815e-16,31,True,False,12.046,31,22,2,0,1,3,12,4,6,1,0 11,-+-,1,24,0,122,1,0,121,12,4,3,116
0.3,0.1,2,hrsa_t0.3_e0.1#164,0.054436884641195,7.957226210850088e-16,38,True,False,12.949,38,21,3,0,1,4,15,3,3,1,0 3 18,--+,-1,24,0,121,1,0,122,15,3,4,135
0.3,0.1,2,hrsa_t0.3_e0.1#12,0.0666475166994682,7.49863459009659e-16,40,True,False,14.522,40,23,1,0,1,2,18,2,3,1,0,--+,-1,24,0,112,1,0,112,18,2,2,82
0.3,0.1,2,hrsa_t0.3_e0.1#234,0.0623339210741345,8.119013284176464e-16,25,True,False,14.212,25,21,2,0,0,2,7,7,7,0,6 15,+++,1,24,0,111,1,0,111,7,7,2,111
0.3,0.1,2,hrsa_t0.3_e0.1#173,0.0600800785995844,4.938408704694623e-16,34,True,False,37.785,34,21,3,0,1,4,14,2,5,1,0 4 17,++-,-1,24,0,122,1,0,121,14,2,4,126
0.3,0.1,2,hrsa_t0.3_e0.1#13,0.0671990322509174,4.631451165544799e-16,28,True,False,41.639,28,23,1,0,1,2,9,7,7,1,0,-++,-1,24,0,112,1,0,112,9,7,2,113
0.3,0.1,2,hrsa_t0.3_e0.1#261,0.0692577919132532,8.095761507176833e-16,22,True,False,43.613,22,19,5,0,1,6,6,4,9,1,0 3 8 11 16,-++,-1,24,0,122,1,0,121,6,4,6,182
0.3,0.1,2,hrsa_t0.3_e0.1#212,0.0502782954020583,6.085030949257328e-16,28,True,False,47.966,28,20,3,0,0,3,9,5,6,0,7 10 13,---,-1,24,0,111,1,0,111,9,5,3,121
0.3,0.1,2,hrsa_t0.3_e0.1#1,0.068665395540728,7.062518625178364e-16,25,True,False,25.19,25,19,0,0,0,0,9,5,5,0,,+++,1,20,0,111,1,0,111,9,5,0,49
0.3,0.1,2,hrsa_t0.3_e0.1#3,0.0692282810945961,8.727685196335406e-16,32,True,False,20.225,32,21,3,0,1,4,12,4,5,1,0 5 16,+-+,-1,24,0,122,1,0,121,12,4,4,140
0.3,0.1,2,hrsa_t0.3_e0.1#83,0.0659470510170534,6.01808681077055e-16,26,True,False,24.654,26,21,3,0,1,4,7,7,7,1,0 5 16,-++,-1,24,0,112,1,0,112,7,7,4,159
0.3,0.1,2,hrsa_t0.3_e0.1#297,0.064542712752469,9.554138171499808e-16,39,True,False,15.976,39,23,1,0,1,2,17,2,4,1,0,-+-,-1,24,0,121,1,0,122,17,2,2,81
0.3,0.1,2,hrsa_t0.3_e0.1#91,0.0604509077802156,9.19691092459729e-16,26,True,False,41.666,26,21,3,0,1,4,7,7,7,1,0 4 17,-++,-1,24,0,112,1,0,112,7,7,4,159
0.3,0.1,2,hrsa_t0.3_e0.1#146,0.0622512479807686,1.0613778216903634e-15,25,True,False,28.33,25,21,2,0,0,2,8,6,7,0,8 13,+++,1,24,0,111,1,0,111,8,6,2,104
0.3,0.1,2,hrsa_t0.3_e0.1#50,0.0588814074945121,7.038773712578232e-16,28,True,False,24.732,27,21,3,0,1,4,11,2,8,1,0 8 13,--+,-1,24,0,121,1,0,122,11,2,4,123
0.3,0.1,2,hrsa_t0.3_e0.1#54,0.0677761641465046,8.276680688335298e-16,46,True,False,9.873,46,23,1,0,1,2,21,1,1,1,0,+--,-1,24,0,112,1,0,112,21,1,2,77
0.3,0.1,2,hrsa_t0.3_e0.1#295,0.055727251337018,9.146393243101874e-16,29,True,False,34.498,29,20,4,0,1,5,9,5,6,1,0 3 10 17,++-,1,24,0,122,1,0,121,9,5,5,169
0.3,0.1,2,hrsa_t0.3_e0.1#93,0.0586263125907864,7.897740957840774e-16,32,True,False,22.178,32,19,5,0,1,6,11,3,5,1,0 3 5 14 16,+--,-1,24,0,122,1,0,121,11,3,6,179
0.3,0.1,2,hrsa_t0.3_e0.1#192,0.0678184525628343,1.0052068896161994e-15,31,True,False,18.481,31,21,2,0,0,2,12,4,5,0,9 12,+++,1,24,0,111,1,0,111,12,4,2,92
0.3,0.1,2,hrsa_t0.3_e0.1#119,0.0682208512853067,6.330713017471341e-16,30,True,False,20.031,30,21,3,0,1,4,12,2,7,1,0 5 16,--+,-1,24,0,122,1,0,121,12,2,4,124
0.3,0.1,2,hrsa_t0.3_e0.1#268,0.0550555967121191,1.0335161633253644e-15,32,True,False,28.745,32,21,3,0,1,4,11,5,5,1,0 4 17,+--,-1,24,0,122,1,0,121,11,5,4,147
0.3,0.1,2,hrsa_t0.3_e0.1#168,0.0568121889518017,1.210680498462693e-15,37,True,False,22.225,37,21,2,0,0,2,15,3,3,0,6 15,+++,1,24,0,111,1,0,111,15,3,2,87
0.3,0.1,2,hrsa_t0.3_e0.1#20,0.0690787063734011,5.949758365582102e-16,23,True,False,18.725,23,20,4,0,1,5,5,7,8,1,0 8 10 12,+-+,1,24,0,121,1,0,122,5,7,5,181
0.3,0.1,2,hrsa_t0.3_e0.1#118,0.0558111677606345,1.0041627251663105e-15,40,True,False,15.476,40,23,1,0,1,2,18,2,3,1,0,+--,-1,24,0,122,1,0,121,18,2,2,82
0.3,0.1,2,hrsa_t0.3_e0.1#61,0.0702165231139157,8.46941511116206e-16,39,True,False,24.007,39,23,0,0,0,0,17,3,3,0,,---,1,24,0,111,1,0,111,17,3,0,41
0.3,0.1,2,hrsa_t0.3_e0.1#255,0.0509423843671782,8.204693155063243e-16,31,True,False,33.362,31,21,3,0,1,4,11,4,6,1,0 3 18,-+-,-1,24,0,112,1,0,112,11,4,4,139
0.3,0.1,2,hrsa_t0.3_e0.1#110,0.0631924339566786,9.089135247606353e-16,37,True,False,32.616,37,22,2,0,1,3,15,3,4,1,0 11,+-+,1,24,0,121,1,0,122,15,3,3,111
0.3,0.1,2,hrsa_t0.3_e0.1#284,0.0666133707919821,6.51067227710534e-16,25,True,False,23.522,25,21,2,0,0,2,7,7,7,0,2 19,---,1,24,0,111,1,0,111,7,7,2,111
0.3,0.1,2,hrsa_t0.3_e0.1#131,0.0540895893291425,7.601512316142474e-16,28,True,False,20.758,28,23,1,0,1,2,9,7,7,1,0,+-+,-1,24,0,122,1,0,121,9,7,2,113
0.3,0.1,2,hrsa_t0.3_e0.1#222,0.062873680588625,1.0281185133524793e-15,34,True,False,26.096,34,21,3,0,1,4,13,3,5,1,0 5 16,-++,-1,24,0,112,1,0,112,13,3,4,133
0.3,0.1,2,hrsa_t0.3_e0.1#265,0.064450206593219,7.836413658131739e-16,20,True,False,35.998,20,20,4,0,1,5,4,6,10,1,0 5 10 15,-+-,1,24,0,122,1,0,121,4,6,5,172
0.3,0.1,2,hrsa_t0.3_e0.1#66,0.0607591875604474,3.321662087191022e-16,31,True,False,23.171,31,22,2,0,1,3,11,5,6,1,0 11,++-,1,24,0,122,1,0,121,11,5,3,123
0.3,0.1,2,hrsa_t0.3_e0.1#21,0.0697314097288128,7.9287821348048745e-16,40,True,False,11.03,40,23,1,0,1,2,17,3,3,1,0,+--,-1,24,0,121,1,0,122,17,3,2,89
0.3,0.1,2,hrsa_t0.3_e0.1#84,0.0650844769283957,6.832052750008159e-16,26,True,False,33.146,25,23,1,0,1,2,9,6,8,1,0,--+,-1,24,0,112,1,0,112,9,6,2,105
0.3,0.1,2,hrsa_t0.3_e0.1#154,0.065385478797824,3.926687943871751e-16,34,True,False,26.942,34,23,1,0,1,2,13,5,5,1,0,-+-,-1,24,0,122,1,0,121,13,5,2,101
0.3,0.1,2,hrsa_t0.3_e0.1#4,0.0648492192326348,8.149797501270021e-16,40,True,False,26.373,40,23,1,0,1,2,17,3,3,1,0,++-,-1,24,0,112,1,0,112,17,3,2,89
0.3,0.1,2,hrsa_t0.3_e0.1#76,0.0676761834591881,3.675721362172918e-16,28,True,False,11.05,28,22,1,0,0,1,10,5,7,0,11,---,-1,24,0,111,1,0,111,10,5,1,74
0.3,0.1,2,hrsa_t0.3_e0.1#117,0.0630894026019447,6.301424264555005e-16,34,True,False,14.898,34,23,1,0,1,2,13,5,5,1,0,-+-,-1,24,0,121,1,0,122,13,5,2,101
0.3,0.1,2,hrsa_t0.3_e0.1#179,0.0679933089723384,1.0315214360473957e-15,34,True,False,29.842,34,23,1,0,1,2,13,5,5,1,0,-++,-1,24,0,112,1,0,112,13,5,2,101
0.3,0.1,2,hrsa_t0.3_e0.1#276,0.0577379456255834,1.0853367210947417e-15,40,True,False,26.317,40,21,3,0,1,4,17,1,3,1,0 4 17,+-+,-1,24,0,121,1,0,122,17,1,4,121
0.3,0.1,2,hrsa_t0.3_e0.1#175,0.0581663393114579,5.927493416255334e-16,34,True,False,16.238,34,23,1,0,1,2,14,4,5,1,0,--+,-1,24,0,122,1,0,121,14,4,2,94
0.3,0.1,2,hrsa_t0.3_e0.1#80,0.0619251557276721,9.28458630505258e-16,25,True,False,33.274,25,18,6,0,1,7,7,4,7,1,0 2 5 9 13 16,+-+,1,24,0,112,1,0,112,7,4,7,207
0.3,0.1,2,hrsa_t0.3_e0.1#197,0.0653456199230378,5.506667850541266e-16,34,True,False,26.321,34,21,3,0,1,4,14,2,5,1,0 6 15,++-,-1,24,0,122,1,0,121,14,2,4,126
0.3,0.1,2,hrsa_t0.3_e0.1#165,0.0522174954281454,7.318868582592018e-16,24,True,False,29.962,24,19,5,0,1,6,5,7,7,1,0 3 5 14 16,--+,-1,24,0,121,1,0,122,5,7,6,205
0.3,0.1,2,hrsa_t0.3_e0.1#6,0.0689805213687714,8.247904050218349e-16,34,True,False,19.82,34,21,3,0,1,4,14,2,5,1,0 8 13,-+-,-1,24,0,112,1,0,112,14,2,4,126
0.3,0.1,2,hrsa_t0.3_e0.1#25,0.0659769425654682,4.832593571731958e-16,34,True,False,36.338,34,23,1,0,1,2,13,5,5,1,0,+-+,-1,24,0,122,1,0,121,13,5,2,101
0.3,0.1,2,hrsa_t0.3_e0.1#31,0.0624743507084499,7.172012532417178e-16,28,True,False,29.986,28,21,3,0,1,4,9,5,7,1,0 8 13,-+-,-1,24,0,121,1,0,122,9,5,4,145
0.3,0.1,2,hrsa_t0.3_e0.1#227,0.0551442613702418,8.209119819647301e-16,30,True,False,29.207,30,19,5,0,1,6,9,5,5,1,0 5 7 12 14,-+-,-1,24,0,121,1,0,122,9,5,6,193
0.3,0.1,2,hrsa_t0.3_e0.1#40,0.0630952978645013,7.44450732046626e-16,32,True,False,42.605,32,21,3,0,1,4,12,4,5,1,0 4 17,-++,-1,24,0,112,1,0,112,12,4,4,140
0.3,0.1,2,hrsa_t0.3_e0.1#198,0.0632718871097411,5.682885182290812e-16,31,True,False,35.651,31,22,2,0,1,3,11,5,6,1,0 11,+-+,1,24,0,122,1,0,121,11,5,3,123
0.3,0.1,2,hrsa_t0.3_e0.1#262,0.067138248715352,1.076738028295459e-15,35,True,False,37.321,35,22,2,0,1,3,14,3,5,1,0 11,-++,1,24,0,122,1,0,121,14,3,3,110
0.3,0.1,2,hrsa_t0.3_e0.1#62,0.0590125205980372,7.736827779459634e-16,26,True,False,42.591,26,21,3,0,1,4,7,7,7,1,0 9 12,--+,-1,24,0,122,1,0,121,7,7,4,159
0.5,0.1,2,hrsa_t0.5_e0.1#213,0.0537325548617647,9.445632306086264e-16,20,True,False,37.244,20,21,3,0,1,4,3,9,9,1,0 7 14,++-,-1,24,0,121,1,0,122,3,9,4,171
0.5,0.1,2,hrsa_t0.5_e0.1#5,0.0702397713692419,9.142954285287164e-16,34,True,False,28.307,34,23,1,0,1,2,13,5,5,1,0,+-+,-1,24,0,112,1,0,112,13,5,2,101
0.5,0.1,2,hrsa_t0.5_e0.1#152,0.0587967280227316,7.522509728667237e-16,32,True,False,37.71,32,21,3,0,1,4,11,5,5,1,0 5 16,+--,-1,24,0,112,1,0,112,11,5,4,147
0.5,0.1,2,hrsa_t0.5_e0.1#188,0.0678204569206943,8.903739955232504e-16,40,True,False,13.395,40,23,1,0,1,2,17,3,3,1,0,++-,-1,24,0,121,1,0,122,17,3,2,89
0.5,0.1,2,hrsa_t0.5_e0.1#99,0.0639075715304595,8.5961940408679e-16,24,True,False,28.971,24,18,5,0,0,5,8,2,8,0,2 4 9 14 16,+++,-1,24,0,111,1,0,111,8,2,5,144
0.5,0.1,2,hrsa_t0.5_e0.1#138,0.0623993589241833,4.0488246203587697e-16,28,True,False,30.169,28,23,1,0,1,2,9,7,7,1,0,+-+,-1,24,0,122,1,0,121,9,7,2,113
0.5,0.1,2,hrsa_t0.5_e0.1#289,0.0566298312974297,6.933494890700582e-16,40,True,False,12.814,40,23,1,0,1,2,17,3,3,1,0,-+-,-1,24,0,122,1,0,121,17,3,2,89
0.5,0.1,2,hrsa_t0.5_e0.1#223,0.0676746579823589,3.357123599700572e-16,32,True,False,28.716,32,21,3,0,1,4,11,5,5,1,0 2 19,+--,-1,24,0,112,1,0,112,11,5,4,147
0.5,0.1,2,hrsa_t0.5_e0.1#82,0.0574675651276197,6.654398804612903e-16,40,True,False,11.642,40,23,1,0,1,2,17,3,3,1,0,-++,-1,24,0,112,1,0,112,17,3,2,89
0.5,0.1,2,hrsa_t0.5_e0.1#191,0.0671745212266868,8.643848688638812e-16,34,True,False,27.251,34,21,3,0,1,4,14,2,5,1,0 3 18,+-+,-1,24,0,122,1,0,121,14,2,4,126
0.5,0.1,2,hrsa_t0.5_e0.1#63,0.0664060345579172,6.094400035423786e-16,26,True,False,27.384,26,19,3,0,1,4,9,3,7,1,0 6 13,++-,-1,22,0,121,1,0,122,9,3,4,129
0.5,0.1,2,hrsa_t0.5_e0.1#221,0.0657294477229135,5.45440332276948e-16,28,True,False,34.153,28,21,3,0,1,4,10,4,7,1,0 5 16,+-+,-1,24,0,112,1,0,112,10,4,4,138
0.5,0.1,2,hrsa_t0.5_e0.1#133,0.0547205266504556,7.125523835946733e-16,34,True,False,26.788,34,23,1,0,1,2,13,5,5,1,0,-++,-1,24,0,122,1,0,121,13,5,2,101
0.5,0.1,2,hrsa_t0.5_e0.1#287,0.0481052122358328,9.227054535845934e-16,22,True,False,32.724,22,19,5,0,1,6,5,5,9,1,0 4 8 11 15,+--,-1,24,0,121,1,0,122,5,5,6,189
0.5,0.1,2,hrsa_t0.5_e0.1#89,0.0700458978158935,6.961087942779539e-16,28,True,False,35.718,28,23,1,0,1,2,10,6,7,1,0,++-,-1,24,0,121,1,0,122,10,6,2,106
0.5,0.1,2,hrsa_t0.5_e0.1#283,0.0474673157415386,4.686160644958928e-16,24,True,False,31.725,24,19,4,0,0,4,9,2,8,0,4 6 13 15,---,1,24,0,111,1,0,111,9,2,4,121
0.5,0.1,2,hrsa_t0.5_e0.1#95,0.0664044085926827,9.0769336272401e-16,37,True,False,22.56,37,22,2,0,1,3,15,3,4,1,0 11,-+-,1,24,0,122,1,0,121,15,3,3,111
0.5,0.1,2,hrsa_t0.5_e0.1#181,0.0639905987441382,8.945451455252857e-16,16,True,False,27.309,16,23,1,0,1,2,2,10,11,1,0,--+,-1,24,0,122,1,0,121,2,10,2,130
0.5,0.1,2,hrsa_t0.5_e0.1#46,0.0645064612104675,9.044925929180584e-16,27,True,False,17.904,27,21,2,0,0,2,9,5,7,0,4 17,---,1,24,0,111,1,0,111,9,5,2,97
0.5,0.1,2,hrsa_t0.5_e0.1#271,0.0588115079158233,5.539508461333089e-16,33,True,False,24.573,33,21,2,0,0,2,13,3,5,0,4 17,---,1,24,0,111,1,0,111,13,3,2,85
0.5,0.1,2,hrsa_t0.5_e0.1#211,0.0533847822139048,6.494289097228249e-16,26,True,False,29.245,26,21,3,0,1,4,7,7,7,1,0 7 14,++-,-1,24,0,121,1,0,122,7,7,4,159
0.5,0.1,2,hrsa_t0.5_e0.1#299,0.0606652845516377,6.375499642188044e-16,28,True,False,31.122,28,23,1,0,1,2,9,7,7,1,0,+--,-1,24,0,122,1,0,121,9,7,2,113
0.5,0.1,2,hrsa_t0.5_e0.1#258,0.0579212426502035,9.918400257797752e-16,29,True,False,21.426,29,20,4,0,1,5,9,5,6,1,0 4 10 16,-++,1,24,0,112,1,0,112,9,5,5,169
0.5,0.1,2,hrsa_t0.5_e0.1#85,0.0619853034036338,9.275459950231097e-16,39,True,False,13.801,39,23,0,0,0,0,17,3,3,0,,+++,1,24,0,111,1,0,111,17,3,0,41
0.5,0.1,2,hrsa_t0.5_e0.1#75,0.0656985910262807,9.380854300491477e-16,34,True,False,24.46,34,23,1,0,1,2,14,4,5,1,0,--+,-1,24,0,121,1,0,122,14,4,2,94
0.5,0.1,2,hrsa_t0.5_e0.1#105,0.0658830266892488,7.464466148109069e-16,32,True,False,18.676,32,21,3,0,1,4,11,5,5,1,0 4 17,-++,-1,24,0,121,1,0,122,11,5,4,147
0.5,0.1,2,hrsa_t0.5_e0.1#39,0.061195680479107,7.665535067666663e-16,33,True,False,17.755,33,23,0,0,0,0,13,5,5,0,,+++,1,24,0,111,1,0,111,13,5,0,53
0.5,0.1,2,hrsa_t0.5_e0.1#97,0.0635201776493258,8.923215603353822e-16,29,True,False,31.858,29,21,2,0,0,2,11,3,7,0,8 13,+++,1,24,0,111,1,0,111,11,3,2,83
0.5,0.1,2,hrsa_t0.5_e0.1#174,0.0587548847330447,5.1373548307133445e-16,22,True,False,46.766,22,19,3,0,1,4,5,7,7,1,0 8 11,+-+,-1,22,0,112,1,0,112,5,7,4,157
0.5,0.1,2,hrsa_t0.5_e0.1#164,0.0557678796805825,9.252028540219365e-16,40,True,False,11.624,39,21,1,0,1,2,19,0,2,1,0,--+,-1,22,0,122,1,0,121,19,0,2,67
0.5,0.1,2,hrsa_t0.5_e0.1#12,0.0657370196663875,7.080371844279301e-16,34,True,False,37.194,34,23,1,0,1,2,13,5,5,1,0,-++,-1,24,0,122,1,0,121,13,5,2,101
0.5,0.1,2,hrsa_t0.5_e0.1#234,0.0591906228283315,6.749584239430454e-16,41,True,False,8.336,41,21,0,0,0,0,19,1,1,0,,---,1,22,0,111,1,0,111,19,1,0,27
0.5,0.1,2,hrsa_t0.5_e0.1#173,0.062949521896744,9.0539230023542e-16,36,True,False,22.404,36,21,1,0,1,2,15,3,3,1,0,+-+,-1,22,0,121,1,0,122,15,3,2,87
0.5,0.1,2,hrsa_t0.5_e0.1#13,0.0664030644430945,9.35273283345055e-16,39,True,False,27.139,39,23,1,0,1,2,17,2,4,1,0,-++,-1,24,0,121,1,0,122,17,2,2,81
0.5,0.1,2,hrsa_t0.5_e0.1#261,0.0549969406472006,7.459092221857925e-16,25,True,False,19.659,25,21,2,0,0,2,7,7,7,0,4 17,+++,1,24,0,111,1,0,111,7,7,2,111
0.5,0.1,2,hrsa_t0.5_e0.1#212,0.0541727445850851,3.222000085246384e-16,23,True,False,23.841,23,21,3,0,1,4,7,4,10,1,0 7 14,+-+,-1,24,0,121,1,0,122,7,4,4,135
0.5,0.1,2,hrsa_t0.5_e0.1#1,0.0656110799072737,9.63599674002114e-16,19,True,False,25.948,19,19,0,0,0,0,5,7,7,0,,---,1,20,0,111,1,0,111,5,7,0,61
0.5,0.1,2,hrsa_t0.5_e0.1#3,0.0695194828574838,6.581741245028016e-16,29,True,False,28.499,29,20,4,0,1,5,10,4,6,1,0 8 10 12,+-+,1,24,0,112,1,0,112,10,4,5,162
0.5,0.1,2,hrsa_t0.5_e0.1#83,0.0670884552770646,8.633464388721286e-16,31,True,False,21.184,31,21,2,0,0,2,12,4,5,0,3 18,---,1,24,0,111,1,0,111,12,4,2,92
0.5,0.1,2,hrsa_t0.5_e0.1#297,0.0579256573859299,9.642519586061736e-16,40,True,False,27.173,40,23,1,0,1,2,18,2,3,1,0,++-,-1,24,0,121,1,0,122,18,2,2,82
0.5,0.1,2,hrsa_t0.5_e0.1#91,0.0697729934867673,9.198950701859688e-16,34,True,False,30.133,34,23,1,0,1,2,13,5,5,1,0,-++,-1,24,0,122,1,0,121,13,5,2,101
0.5,0.1,2,hrsa_t0.5_e0.1#146,0.0648186068920976,7.400013906841511e-16,28,True,False,48.129,28,20,3,0,0,3,9,5,6,0,3 10 17,+++,-1,24,0,111,1,0,111,9,5,3,121
0.5,0.1,2,hrsa_t0.5_e0.1#50,0.069107934074547,1.0132802874986626e-15,33,True,False,42.756,33,23,0,0,0,0,14,4,5,0,,+++,1,24,0,111,1,0,111,14,4,0,46
0.5,0.1,2,hrsa_t0.5_e0.1#54,0.0632875267802658,5.708347484205638e-16,23,True,False,18.993,23,19,4,0,0,4,5,7,7,0,4 6 13 15,---,1,24,0,111,1,0,111,5,7,4,157
0.5,0.1,2,hrsa_t0.5_e0.1#295,0.0484492500505177,4.707326366433341e-16,28,True,False,24.713,28,23,1,0,1,2,9,7,7,1,0,-++,-1,24,0,122,1,0,121,9,7,2,113
0.5,0.1,2,hrsa_t0.5_e0.1#93,0.0694387197340261,6.097877709854553e-16,37,True,False,11.467,37,22,2,0,1,3,15,3,4,1,0 11,++-,1,24,0,122,1,0,121,15,3,3,111
0.5,0.1,2,hrsa_t0.5_e0.1#192,0.0540996137538921,9.832999636665776e-16,40,True,False,20.086,40,21,3,0,1,4,18,0,3,1,0 5 16,-+-,-1,24,0,122,1,0,121,18,0,4,114
0.5,0.1,2,hrsa_t0.5_e0.1#119,0.0667997352139767,1.0245464641839006e-15,34,True,False,26.161,34,23,1,0,1,2,13,5,5,1,0,--+,-1,24,0,112,1,0,112,13,5,2,101
0.5,0.1,2,hrsa_t0.5_e0.1#268,0.058883997901715,4.589145547189446e-16,32,True,False,27.329,32,21,3,0,1,4,11,5,5,1,0 5 16,++-,-1,24,0,112,1,0,112,11,5,4,147
0.5,0.1,2,hrsa_t0.5_e0.1#168,0.060252177396478,7.303498766598856e-16,31,True,False,40.538,31,21,2,0,0,2,11,5,5,0,3 18,---,1,24,0,111,1,0,111,11,5,2,99
0.5,0.1,2,hrsa_t0.5_e0.1#20,0.0670543044514435,7.63904669880085e-16,39,True,False,14.211,39,23,0,0,0,0,17,3,3,0,,+++,1,24,0,111,1,0,111,17,3,0,41
0.5,0.1,2,hrsa_t0.5_e0.1#118,0.0658794266002446,8.288332449490358e-16,26,True,False,32.353,25,23,1,0,1,2,9,6,8,1,0,-+-,-1,24,0,112,1,0,112,9,6,2,105
0.5,0.1,2,hrsa_t0.5_e0.1#61,0.0668117049630804,1.0110033236443582e-15,27,True,False,20.57,27,19,3,0,1,4,9,4,6,1,0 2 17,--+,-1,22,0,121,1,0,122,9,4,4,137
0.5,0.1,2,hrsa_t0.5_e0.1#255,0.0571675641944597,8.91429530361499e-16,26,True,False,33.51,26,21,3,0,1,4,7,7,7,1,0 6 15,--+,-1,24,0,112,1,0,112,7,7,4,159
0.5,0.1,2,hrsa_t0.5_e0.1#110,0.059974809980714,9.7882915011122e-16,46,True,False,11.602,46,23,1,0,1,2,22,0,1,1,0,+-+,-1,24,0,122,1,0,121,22,0,2,70
0.5,0.1,2,hrsa_t0.5_e0.1#284,0.04943448552244,9.093005667578354e-16,24,True,False,27.072,24,21,3,0,1,4,7,5,9,1,0 2 19,--+,-1,24,0,122,1,0,121,7,5,4,143
0.5,0.1,2,hrsa_t0.5_e0.1#131,0.0570318418142912,7.907350661421257e-16,33,True,False,36.604,33,23,0,0,0,0,13,5,5,0,,+++,1,24,0,111,1,0,111,13,5,0,53
0.5,0.1,2,hrsa_t0.5_e0.1#222,0.0656392053068737,4.841083797213512e-16,32,True,False,29.154,32,21,3,0,1,4,12,4,5,1,0 2 19,-+-,-1,24,0,112,1,0,112,12,4,4,140
0.5,0.1,2,hrsa_t0.5_e0.1#265,0.0566457391348727,1.187656784624402e-15,29,True,False,20.919,29,21,2,0,0,2,11,3,7,0,2 19,---,1,24,0,111,1,0,111,11,3,2,83
0.5,0.1,2,hrsa_t0.5_e0.1#66,0.0638595169815885,1.0267648655581032e-15,30,True,False,15.955,30,21,1,0,1,2,12,4,5,1,0,--+,-1,22,0,112,1,0,112,12,4,2,92
0.5,0.1,2,hrsa_t0.5_e0.1#21,0.0642418408952752,7.864271285564263e-16,34,True,False,40.869,34,23,1,0,1,2,13,5,5,1,0,-++,-1,24,0,122,1,0,121,13,5,2,101
0.5,0.1,2,hrsa_t0.5_e0.1#84,0.0661096742963709,4.80826685964404e-16,31,True,False,35.341,31,21,2,0,0,2,11,5,5,0,7 14,+++,1,24,0,111,1,0,111,11,5,2,99
0.5,0.1,2,hrsa_t0.5_e0.1#154,0.0665542342032508,8.789054870916063e-16,40,True,False,11.907,40,23,1,0,1,2,17,3,3,1,0,-++,-1,24,0,112,1,0,112,17,3,2,89
0.5,0.1,2,hrsa_t0.5_e0.1#4,0.0697305373195255,7.133115325577301e-16,40,True,False,21.567,40,23,1,0,1,2,17,3,3,1,0,--+,-1,24,0,112,1,0,112,17,3,2,89
0.5,0.1,2,hrsa_t0.5_e0.1#76,0.061574439097186,5.810056247051519e-16,40,True,False,14.633,40,23,1,0,1,2,17,3,3,1,0,+-+,-1,24,0,121,1,0,122,17,3,2,89
0.5,0.1,2,hrsa_t0.5_e0.1#117,0.0560196054912504,1.3852293089077165e-15,31,True,False,30.223,31,21,2,0,0,2,12,4,5,0,4 17,+++,1,24,0,111,1,0,111,12,4,2,92
0.5,0.1,2,hrsa_t0.5_e0.1#179,0.0668092189244268,6.511199272152203e-16,35,True,False,29.075,35,22,2,0,1,3,14,3,5,1,0 11,++-,1,24,0,121,1,0,122,14,3,3,110
0.5,0.1,2,hrsa_t0.5_e0.1#276,0.0645758712958329,8.633252632286081e-16,30,True,False,31.658,30,22,1,0,0,1,11,5,6,0,11,---,-1,24,0,111,1,0,111,11,5,1,75
0.5,0.1,2,hrsa_t0.5_e0.1#175,0.0612542072105377,8.319131502088813e-16,30,True,False,13.106,30,21,1,0,1,2,11,5,5,1,0,++-,-1,22,0,121,1,0,122,11,5,2,99
0.5,0.1,2,hrsa_t0.5_e0.1#80,0.0614799842398714,7.74913997138479e-16,27,True,False,18.256,27,23,0,0,0,0,9,7,7,0,,+++,1,24,0,111,1,0,111,9,7,0,65
0.5,0.1,2,hrsa_t0.5_e0.1#197,0.0587220261182448,6.993530378847491e-16,21,True,False,12.511,21,23,0,0,0,0,5,9,9,0,,+++,1,24,0,111,1,0,111,5,9,0,77
0.5,0.1,2,hrsa_t0.5_e0.1#165,0.06252676188395,9.656276894986474e-16,32,True,False,11.832,32,21,0,0,0,0,15,2,4,0,,+++,1,22,0,111,1,0,111,15,2,0,31
0.5,0.1,2,hrsa_t0.5_e0.1#6,0.0681537639063466,9.256334777558867e-16,38,True,False,17.292,38,21,3,0,1,4,15,3,3,1,0 6 15,-+-,-1,24,0,112,1,0,112,15,3,4,135
0.5,0.1,2,hrsa_t0.5_e0.1#25,0.0635256502976958,8.311775488283048e-16,28,True,False,19.167,28,23,1,0,1,2,9,7,7,1,0,--+,-1,24,0,121,1,0,122,9,7,2,113
0.5,0.1,2,hrsa_t0.5_e0.1#31,0.0660228049569683,7.616133884312393e-16,34,True,False,17.777,34,23,1,0,1,2,13,5,5,1,0,+-+,-1,24,0,112,1,0,112,13,5,2,101
0.5,0.1,2,hrsa_t0.5_e0.1#227,0.0537962656848831,6.133492631385474e-16,24,True,False,22.148,24,19,5,0,1,6,7,3,9,1,0 3 8 11 16,++-,-1,24,0,122,1,0,121,7,3,6,175
0.5,0.1,2,hrsa_t0.5_e0.1#40,0.0620891499911974,8.690510966785681e-16,33,True,False,14.119,33,23,0,0,0,0,13,5,5,0,,+++,1,24,0,111,1,0,111,13,5,0,53
0.5,0.1,2,hrsa_t0.5_e0.1#198,0.0566318213865164,8.1335516651915e-16,37,True,False,9.973,37,21,2,0,0,2,16,2,3,0,2 19,+++,1,24,0,111,1,0,111,16,2,2,80
0.5,0.1,2,hrsa_t0.5_e0.1#262,0.0578698754327124,1.1291080470804097e-15,28,True,False,22.332,28,23,1,0,1,2,10,6,7,1,0,--+,-1,24,0,112,1,0,112,10,6,2,106
0.5,0.1,2,hrsa_t0.5_e0.1#62,0.0676330276579764,6.501930371862671e-16,24,True,False,12.886,24,21,1,0,1,2,7,7,7,1,0,-++,-1,22,0,112,1,0,112,7,7,2,111
1.0,0.1,2,hrsa_t1.0_e0.1#213,0.0554527034477095,6.399681104985029e-16,27,True,False,26.194,27,23,0,0,0,0,9,7,7,0,,---,1,24,0,111,1,0,111,9,7,0,65
1.0,0.1,2,hrsa_t1.0_e0.1#5,0.0678531017399923,1.0223856874194135e-15,34,True,False,33.865,34,23,1,0,1,2,13,5,5,1,0,+-+,-1,24,0,121,1,0,122,13,5,2,101
1.0,0.1,2,hrsa_t1.0_e0.1#152,0.0541597325035921,9.939817841932932e-16,34,True,False,26.511,34,23,1,0,1,2,14,4,5,1,0,--+,-1,24,0,112,1,0,112,14,4,2,94
1.0,0.1,2,hrsa_t1.0_e0.1#188,0.0651632348064361,5.010913356266442e-16,46,True,False,6.394,46,23,1,0,1,2,21,1,1,1,0,+-+,-1,24,0,112,1,0,112,21,1,2,77
1.0,0.1,2,hrsa_t1.0_e0.1#99,0.0616076276152241,9.15846297990889e-16,38,True,False,11.903,37,23,1,0,1,2,17,2,4,1,0,+-+,-1,24,0,112,1,0,112,17,2,2,81
1.0,0.1,2,hrsa_t1.0_e0.1#138,0.0557581744431195,5.662851106687302e-16,39,True,False,12.503,39,23,0,0,0,0,17,3,3,0,,+++,1,24,0,111,1,0,111,17,3,0,41
1.0,0.1,2,hrsa_t1.0_e0.1#289,0.0627768517960573,7.008154025662724e-16,27,True,False,11.985,27,23,0,0,0,0,9,7,7,0,,+++,1,24,0,111,1,0,111,9,7,0,65
1.0,0.1,2,hrsa_t1.0_e0.1#223,0.0580787107669783,9.812224083547307e-16,28,True,False,13.788,28,23,1,0,1,2,9,7,7,1,0,+--,-1,24,0,121,1,0,122,9,7,2,113
1.0,0.1,2,hrsa_t1.0_e0.1#82,0.0600085699768401,9.893041081142798e-16,39,True,False,15.38,39,23,1,0,1,2,17,2,4,1,0,++-,-1,24,0,121,1,0,122,17,2,2,81
1.0,0.1,2,hrsa_t1.0_e0.1#191,0.0609846449006544,1.0625453689636893e-15,32,True,False,18.262,32,21,3,0,1,4,11,5,5,1,0 5 16,+--,-1,24,0,112,1,0,112,11,5,4,147
1.0,0.1,2,hrsa_t1.0_e0.1#63,0.0681957026985606,5.72012162130554e-16,26,True,False,12.005,26,21,3,0,1,4,7,7,7,1,0 2 19,+--,-1,24,0,121,1,0,122,7,7,4,159
1.0,0.1,2,hrsa_t1.0_e0.1#221,0.0612540936478802,7.99984597185613e-16,32,True,False,13.714,32,21,3,0,1,4,11,5,5,1,0 6 15,+--,-1,24,0,121,1,0,122,11,5,4,147
1.0,0.1,2,hrsa_t1.0_e0.1#133,0.0595641720054534,5.627890043011525e-16,30,True,False,19.781,30,19,5,0,1,6,11,1,7,1,0 5 8 11 14,+-+,-1,24,0,122,1,0,121,11,1,6,163
1.0,0.1,2,hrsa_t1.0_e0.1#287,0.0643015307391673,5.929319640012642e-16,37,True,False,10.989,37,21,2,0,0,2,16,2,3,0,6 15,---,1,24,0,111,1,0,111,16,2,2,80
1.0,0.1,2,hrsa_t1.0_e0.1#89,0.0615162446701079,8.73158261680786e-16,30,True,False,19.996,30,22,1,0,0,1,11,5,6,0,11,+++,-1,24,0,111,1,0,111,11,5,1,75
1.0,0.1,2,hrsa_t1.0_e0.1#283,0.0637536619588207,9.29038656534566e-16,33,True,False,9.979,33,23,1,0,1,2,13,4,6,1,0,-+-,-1,24,0,112,1,0,112,13,4,2,93
1.0,0.1,2,hrsa_t1.0_e0.1#95,0.061181288953396,6.90532206613458e-16,29,True,False,21.167,29,21,0,0,0,0,11,5,5,0,,+++,1,22,0,111,1,0,111,11,5,0,51
1.0,0.1,2,hrsa_t1.0_e0.1#181,0.0671576168612713,7.195016730185044e-16,34,True,False,16.716,34,23,1,0,1,2,13,5,5,1,0,--+,-1,24,0,122,1,0,121,13,5,2,101
1.0,0.1,2,hrsa_t1.0_e0.1#46,0.0604170711180363,8.617305785241803e-16,28,True,False,19.981,28,23,1,0,1,2,9,7,7,1,0,++-,-1,24,0,112,1,0,112,9,7,2,113
1.0,0.1,2,hrsa_t1.0_e0.1#271,0.0456495627285018,9.161296601862325e-16,29,True,False,13.503,29,20,4,0,1,5,9,5,6,1,0 6 10 14,++-,1,24,0,122,1,0,121,9,5,5,169
1.0,0.1,2,hrsa_t1.0_e0.1#211,0.0588439855669666,5.840234268719026e-16,26,True,False,22.165,26,20,3,0,0,3,8,5,7,0,7 10 13,---,-1,24,0,111,1,0,111,8,5,3,120
1.0,0.1,2,hrsa_t1.0_e0.1#299,0.0552026642715332,9.093894855355978e-16,27,True,False,16.106,27,20,4,0,1,5,8,5,7,1,0 4 10 16,+-+,1,24,0,122,1,0,121,8,5,5,168
1.0,0.1,2,hrsa_t1.0_e0.1#258,0.0701106592815227,6.40565846907271e-16,32,True,False,18.719,32,21,3,0,1,4,12,4,5,1,0 9 12,+--,-1,24,0,121,1,0,122,12,4,4,140
1.0,0.1,2,hrsa_t1.0_e0.1#85,0.0623457659403327,8.968935333618057e-16,40,True,False,10.665,40,23,1,0,1,2,18,2,3,1,0,-+-,-1,24,0,112,1,0,112,18,2,2,82
1.0,0.1,2,hrsa_t1.0_e0.1#75,0.0618802976815837,7.18596307319793e-16,34,True,False,17.487,34,23,1,0,1,2,13,5,5,1,0,-+-,-1,24,0,122,1,0,121,13,5,2,101
1.0,0.1,2,hrsa_t1.0_e0.1#105,0.0560105181559408,8.036443391306534e-16,39,True,False,10.885,39,21,2,0,0,2,17,1,3,0,4 17,---,1,24,0,111,1,0,111,17,1,2,73
1.0,0.1,2,hrsa_t1.0_e0.1#39,0.0686681754430687,6.3056244362032585e-16,31,True,False,14.422,31,21,3,0,1,4,11,4,6,1,0 7 14,-+-,-1,24,0,121,1,0,122,11,4,4,139
1.0,0.1,2,hrsa_t1.0_e0.1#97,0.0629691646291879,7.650426285163736e-16,37,True,False,15.097,37,22,2,0,1,3,15,3,4,1,0 11,--+,1,24,0,112,1,0,112,15,3,3,111
1.0,0.1,2,hrsa_t1.0_e0.1#174,0.0598088458197329,9.084025930366556e-16,36,True,False,5.414,36,21,1,0,1,2,15,3,3,1,0,+-+,-1,22,0,112,1,0,112,15,3,2,87
1.0,0.1,2,hrsa_t1.0_e0.1#164,0.0582911262303317,5.773626196821218e-16,33,True,False,12.186,33,23,0,0,0,0,13,5,5,0,,+++,1,24,0,111,1,0,111,13,5,0,53
1.0,0.1,2,hrsa_t1.0_e0.1#12,0.0663591369064638,5.39021344970938e-16,40,True,False,11.494,40,23,1,0,1,2,17,3,3,1,0,--+,-1,24,0,121,1,0,122,17,3,2,89
1.0,0.1,2,hrsa_t1.0_e0.1#234,0.0506649066838293,6.529881622209862e-16,28,True,False,16.806,28,20,3,0,0,3,10,3,7,0,4 10 16,+++,-1,24,0,111,1,0,111,10,3,3,106
1.0,0.1,2,hrsa_t1.0_e0.1#173,0.065334047364532,8.051656313012899e-16,32,True,False,12.057,32,21,3,0,1,4,12,4,5,1,0 2 19,-++,-1,24,0,112,1,0,112,12,4,4,140
1.0,0.1,2,hrsa_t1.0_e0.1#13,0.067553880248749,6.625901776087128e-16,27,True,False,17.618,27,23,1,0,1,2,9,6,8,1,0,+-+,-1,24,0,121,1,0,122,9,6,2,105
1.0,0.1,2,hrsa_t1.0_e0.1#261,0.0464272785240973,5.149153396633458e-16,27,True,False,15.362,27,20,4,0,1,5,8,5,7,1,0 5 10 15,-++,1,24,0,112,1,0,112,8,5,5,168
1.0,0.1,2,hrsa_t1.0_e0.1#212,0.0635339278747348,4.943977613769041e-16,33,True,False,16.233,33,21,2,0,0,2,13,3,5,0,9 12,---,1,24,0,111,1,0,111,13,3,2,85
1.0,0.1,2,hrsa_t1.0_e0.1#1,0.0686471993208688,4.890688428981196e-16,26,True,False,10.381,26,19,1,0,1,2,9,5,5,1,0,-+-,-1,20,0,122,1,0,121,9,5,2,97
1.0,0.1,2,hrsa_t1.0_e0.1#3,0.0689681406310882,1.207814732261374e-15,32,True,False,16.053,32,21,3,0,1,4,12,4,5,1,0 5 16,+--,-1,24,0,112,1,0,112,12,4,4,140
1.0,0.1,2,hrsa_t1.0_e0.1#83,0.0623268284986394,6.714973372669651e-16,38,True,False,12.138,38,21,3,0,1,4,16,2,3,1,0 4 17,++-,-1,24,0,122,1,0,121,16,2,4,128
1.0,0.1,2,hrsa_t1.0_e0.1#297,0.0577238330779294,5.290765353628453e-16,34,True,False,12.508,34,23,1,0,1,2,13,5,5,1,0,-++,-1,24,0,122,1,0,121,13,5,2,101
1.0,0.1,2,hrsa_t1.0_e0.1#91,0.0610128680527721,7.814603487938462e-16,33,True,False,17.345,33,21,2,0,0,2,14,2,5,0,7 14,+++,1,24,0,111,1,0,111,14,2,2,78
1.0,0.1,2,hrsa_t1.0_e0.1#146,0.0599895005907277,8.482972230498108e-16,28,True,False,21.974,28,19,3,0,1,4,10,4,5,1,0 8 11,+--,-1,22,0,121,1,0,122,10,4,4,138
1.0,0.1,2,hrsa_t1.0_e0.1#50,0.0583622362342514,5.84030320998384e-16,28,True,False,37.488,28,23,1,0,1,2,9,7,7,1,0,-+-,-1,24,0,121,1,0,122,9,7,2,113
1.0,0.1,2,hrsa_t1.0_e0.1#54,0.0666118443400551,9.464431195938594e-16,30,True,False,22.035,30,21,1,0,1,2,11,5,5,1,0,-++,-1,22,0,121,1,0,122,11,5,2,99
1.0,0.1,2,hrsa_t1.0_e0.1#295,0.0588773130606544,4.636337089808084e-16,25,True,False,23.973,25,22,2,0,1,3,7,7,8,1,0 11,--+,1,24,0,122,1,0,121,7,7,3,135
1.0,0.1,2,hrsa_t1.0_e0.1#93,0.0572131303237888,3.5312976198728294e-16,36,True,False,13.106,36,21,1,0,1,2,15,3,3,1,0,-+-,-1,22,0,122,1,0,121,15,3,2,87
1.0,0.1,2,hrsa_t1.0_e0.1#192,0.0524975333326806,5.529628850858595e-16,24,True,False,15.771,24,17,7,0,1,8,5,5,7,1,0 2 5 7 10 12 15,-+-,-1,24,0,112,1,0,112,5,5,8,237
1.0,0.1,2,hrsa_t1.0_e0.1#119,0.0622710473630132,6.087964949688076e-16,20,True,False,11.559,20,21,3,0,1,4,3,9,9,1,0 2 19,+-+,-1,24,0,121,1,0,122,3,9,4,171
1.0,0.1,2,hrsa_t1.0_e0.1#268,0.057021169670169,7.528834824904883e-16,34,True,False,6.962,34,23,1,0,1,2,13,5,5,1,0,-+-,-1,24,0,122,1,0,121,13,5,2,101
1.0,0.1,2,hrsa_t1.0_e0.1#168,0.0572713669397276,7.0475277689469525e-16,25,True,False,14.103,25,21,2,0,0,2,7,7,7,0,4 17,---,1,24,0,111,1,0,111,7,7,2,111
1.0,0.1,2,hrsa_t1.0_e0.1#20,0.069359253196853,1.0021749135462877e-15,30,True,False,10.464,30,23,0,0,0,0,13,4,6,0,,+++,1,24,0,111,1,0,111,13,4,0,45
1.0,0.1,2,hrsa_t1.0_e0.1#118,0.061395495112266,1.0708941998568217e-15,32,True,False,11.066,32,21,3,0,1,4,11,5,5,1,0 2 19,+--,-1,24,0,121,1,0,122,11,5,4,147
1.0,0.1,2,hrsa_t1.0_e0.1#61,0.0578948094319744,5.609910850441145e-16,31,True,False,15.071,31,20,4,0,1,5,12,2,6,1,0 6 10 14,+-+,1,24,0,121,1,0,122,12,2,5,148
1.0,0.1,2,hrsa_t1.0_e0.1#255,0.0633329294777899,8.57310961691719e-16,32,True,False,20.199,32,21,3,0,1,4,11,5,5,1,0 5 16,+--,-1,24,0,112,1,0,112,11,5,4,147
1.0,0.1,2,hrsa_t1.0_e0.1#110,0.0552747153585408,8.104351372434062e-16,21,True,False,30.753,21,20,4,0,1,5,4,7,9,1,0 8 10 12,-+-,1,24,0,122,1,0,121,4,7,5,180
1.0,0.1,2,hrsa_t1.0_e0.1#284,0.061218993498404,7.801394978827589e-16,30,True,False,34.493,30,19,5,0,1,6,9,5,5,1,0 3 8 11 16,-++,-1,24,0,112,1,0,112,9,5,6,193
1.0,0.1,2,hrsa_t1.0_e0.1#131,0.0614269768836899,5.436914482960621e-16,29,True,False,17.668,29,19,4,0,0,4,9,5,5,0,4 8 11 15,+++,1,24,0,111,1,0,111,9,5,4,145
1.0,0.1,2,hrsa_t1.0_e0.1#222,0.0628335833273776,8.34944945288124e-16,32,True,False,12.069,32,21,3,0,1,4,11,5,5,1,0 7 14,-+-,-1,24,0,121,1,0,122,11,5,4,147
1.0,0.1,2,hrsa_t1.0_e0.1#265,0.0571227004050886,8.192787726374313e-16,39,True,False,10.228,39,21,2,0,0,2,17,1,3,0,4 17,---,1,24,0,111,1,0,111,17,1,2,73
1.0,0.1,2,hrsa_t1.0_e0.1#66,0.0662017791912211,7.70594834969216e-16,28,True,False,16.572,28,23,1,0,1,2,10,6,7,1,0,-++,-1,24,0,121,1,0,122,10,6,2,106
1.0,0.1,2,hrsa_t1.0_e0.1#21,0.0671744492938889,4.1945637028342996e-16,24,True,False,18.874,24,18,5,0,0,5,7,3,8,0,3 7 9 11 15,+++,-1,24,0,111,1,0,111,7,3,5,151
1.0,0.1,2,hrsa_t1.0_e0.1#84,0.0546009949862974,9.308176029501704e-16,43,True,False,7.424,43,22,2,0,1,3,19,1,2,1,0 11,++-,1,24,0,122,1,0,121,19,1,3,99
1.0,0.1,2,hrsa_t1.0_e0.1#154,0.0540762497879125,1.0108654423193945e-15,37,True,False,10.792,37,21,2,0,0,2,15,3,3,0,3 18,---,1,24,0,111,1,0,111,15,3,2,87
1.0,0.1,2,hrsa_t1.0_e0.1#4,0.0649114427462046,7.888592352976578e-16,40,True,False,11.839,40,23,1,0,1,2,18,2,3,1,0,++-,-1,24,0,121,1,0,122,18,2,2,82
1.0,0.1,2,hrsa_t1.0_e0.1#76,0.0599296332914889,6.474659385580279e-16,26,True,False,18.148,26,21,3,0,1,4,8,6,7,1,0 4 17,++-,-1,24,0,122,1,0,121,8,6,4,152
1.0,0.1,2,hrsa_t1.0_e0.1#117,0.0640270621481024,9.639138086215395e-16,34,True,False,13.129,34,23,1,0,1,2,13,5,5,1,0,-++,-1,24,0,122,1,0,121,13,5,2,101
1.0,0.1,2,hrsa_t1.0_e0.1#179,0.0619538066520775,5.200541207428979e-16,30,True,False,17.037,30,19,0,0,0,0,13,2,4,0,,---,1,20,0,111,1,0,111,13,2,0,29
1.0,0.1,2,hrsa_t1.0_e0.1#276,0.0659442428260866,3.397112867064241e-16,34,True,False,33.064,34,23,1,0,1,2,13,5,5,1,0,+-+,-1,24,0,121,1,0,122,13,5,2,101
1.0,0.1,2,hrsa_t1.0_e0.1#175,0.0645312716145831,8.539292583285956e-16,30,True,False,21.596,30,19,3,0,1,4,12,2,5,1,0 2 17,+-+,-1,22,0,121,1,0,122,12,2,4,124
1.0,0.1,2,hrsa_t1.0_e0.1#80,0.0550701795587087,8.269045534462133e-16,28,True,False,15.485,28,23,1,0,1,2,10,6,7,1,0,-+-,-1,24,0,112,1,0,112,10,6,2,106
1.0,0.1,2,hrsa_t1.0_e0.1#197,0.054779337430651,8.434083631740414e-16,36,True,False,11.234,36,21,3,0,1,4,15,1,5,1,0 6 15,++-,-1,24,0,112,1,0,112,15,1,4,119
1.0,0.1,2,hrsa_t1.0_e0.1#165,0.0617383111707141,4.446407706095124e-16,30,True,False,12.518,30,22,1,0,0,1,11,5,6,0,11,---,-1,24,0,111,1,0,111,11,5,1,75
1.0,0.1,2,hrsa_t1.0_e0.1#6,0.0689751000411532,8.898487209340463e-16,34,True,False,19.33,34,23,1,0,1,2,13,5,5,1,0,-++,-1,24,0,121,1,0,122,13,5,2,101
1.0,0.1,2,hrsa_t1.0_e0.1#25,0.0667983128812957,7.563634172516894e-16,29,True,False,15.095,29,20,4,0,1,5,9,5,6,1,0 5 10 15,-++,1,24,0,121,1,0,122,9,5,5,169
1.0,0.1,2,hrsa_t1.0_e0.1#31,0.0667123977062631,5.815049395165255e-16,22,True,False,13.748,22,19,5,0,1,6,5,5,9,1,0 2 5 14 17,-++,-1,24,0,122,1,0,121,5,5,6,189
1.0,0.1,2,hrsa_t1.0_e0.1#227,0.0654672045283476,8.624583983925478e-16,32,True,False,11.542,32,21,3,0,1,4,11,5,5,1,0 2 19,-+-,-1,24,0,121,1,0,122,11,5,4,147
1.0,0.1,2,hrsa_t1.0_e0.1#40,0.0612957365862482,9.253688123726953e-16,31,True,False,13.552,31,19,0,0,0,0,13,3,3,0,,---,1,20,0,111,1,0,111,13,3,0,37
1.0,0.1,2,hrsa_t1.0_e0.1#198,0.0517083264823078,1.0930641809078697e-15,22,True,False,7.756,22,17,7,0,1,8,3,7,7,1,0 2 4 6 11 13 15,+-+,-1,24,0,122,1,0,121,3,7,8,251
1.0,0.1,2,hrsa_t1.0_e0.1#262,0.0666602986086044,6.885207849336925e-16,31,True,False,8.599,31,22,2,0,1,3,11,5,6,1,0 11,-+-,1,24,0,112,1,0,112,11,5,3,123
1.0,0.1,2,hrsa_t1.0_e0.1#62,0.0678954084433569,6.338207057844566e-16,22,True,False,16.055,22,23,1,0,1,2,6,8,9,1,0,-+-,-1,24,0,121,1,0,122,6,8,2,118
1.7,0.1,2,hrsa_t1.7_e0.1#213,0.0557573565835433,7.146448017019185e-16,40,True,False,21.184,40,23,1,0,1,2,17,3,3,1,0,-+-,-1,24,0,121,1,0,122,17,3,2,89
1.7,0.1,2,hrsa_t1.7_e0.1#5,0.0674735800932602,6.665329014870069e-16,33,True,False,23.124,33,23,0,0,0,0,13,5,5,0,,---,1,24,0,111,1,0,111,13,5,0,53
1.7,0.1,2,hrsa_t1.7_e0.1#152,0.0532779444018286,9.764596175216504e-16,34,True,False,13.874,34,21,3,0,1,4,13,3,5,1,0 2 19,+-+,-1,24,0,122,1,0,121,13,3,4,133
1.7,0.1,2,hrsa_t1.7_e0.1#188,0.05301531270084,5.31625531215836e-16,19,True,False,21.573,19,19,0,0,0,0,5,7,7,0,,---,1,20,0,111,1,0,111,5,7,0,61
1.7,0.1,2,hrsa_t1.7_e0.1#99,0.0599048567562952,9.347759427283925e-16,24,True,False,24.386,24,19,5,0,1,6,5,7,7,1,0 3 6 13 16,-+-,-1,24,0,121,1,0,122,5,7,6,205
1.7,0.1,2,hrsa_t1.7_e0.1#138,0.059513305709384,3.931570014757635e-16,34,True,False,18.63,34,23,1,0,1,2,13,5,5,1,0,+--,-1,24,0,121,1,0,122,13,5,2,101
1.7,0.1,2,hrsa_t1.7_e0.1#289,0.0626502450040109,5.651999115920982e-16,28,True,False,14.728,28,23,1,0,1,2,9,7,7,1,0,-++,-1,24,0,121,1,0,122,9,7,2,113
1.7,0.1,2,hrsa_t1.7_e0.1#223,0.0652199889649155,7.544177643594714e-16,28,True,False,23.809,28,23,1,0,1,2,9,7,7,1,0,-+-,-1,24,0,112,1,0,112,9,7,2,113
1.7,0.1,2,hrsa_t1.7_e0.1#82,0.0629830467761039,9.499432952090412e-16,37,True,False,19.891,37,21,2,0,0,2,15,3,3,0,4 17,+++,1,24,0,111,1,0,111,15,3,2,87
1.7,0.1,2,hrsa_t1.7_e0.1#191,0.0520486078978036,6.693530263545065e-16,24,True,False,16.112,24,17,7,0,1,8,5,5,7,1,0 2 5 7 10 12 15,++-,-1,24,0,122,1,0,121,5,5,8,237
1.7,0.1,2,hrsa_t1.7_e0.1#63,0.0665097169396803,7.539325621711224e-16,40,True,False,7.951,40,21,3,0,1,4,18,0,3,1,0 2 19,-++,-1,24,0,112,1,0,112,18,0,4,114
1.7,0.1,2,hrsa_t1.7_e0.1#221,0.0633568330666561,5.988924406225494e-16,30,True,False,13.383,30,21,2,0,0,2,11,4,6,0,7 14,+++,1,24,0,111,1,0,111,11,4,2,91
1.7,0.1,2,hrsa_t1.7_e0.1#133,0.0612279394513351,6.8669446200795275e-16,25,True,False,11.475,25,21,2,0,0,2,7,7,7,0,5 16,+++,1,24,0,111,1,0,111,7,7,2,111
1.7,0.1,2,hrsa_t1.7_e0.1#287,0.0658751145141503,5.921333861069113e-16,40,True,False,12.851,40,23,1,0,1,2,17,3,3,1,0,+-+,-1,24,0,122,1,0,121,17,3,2,89
1.7,0.1,2,hrsa_t1.7_e0.1#89,0.0615741007253465,8.757266673880315e-16,34,True,False,17.708,34,23,1,0,1,2,13,5,5,1,0,+--,-1,24,0,121,1,0,122,13,5,2,101
1.7,0.1,2,hrsa_t1.7_e0.1#283,0.0641912012016622,6.024678807554233e-16,34,True,False,10.804,34,23,1,0,1,2,14,4,5,1,0,--+,-1,24,0,121,1,0,122,14,4,2,94
1.7,0.1,2,hrsa_t1.7_e0.1#95,0.0625535253743358,8.283963799479758e-16,34,True,False,11.552,34,23,1,0,1,2,13,5,5,1,0,+--,-1,24,0,121,1,0,122,13,5,2,101
1.7,0.1,2,hrsa_t1.7_e0.1#181,0.0629555011901724,7.118758942173557e-16,30,True,False,15.428,30,22,2,0,1,3,11,4,7,1,0 11,+--,1,24,0,121,1,0,122,11,4,3,115
1.7,0.1,2,hrsa_t1.7_e0.1#46,0.0605101458602881,7.4708679666282e-16,26,True,False,17.377,25,23,1,0,1,2,9,6,8,1,0,+--,-1,24,0,121,1,0,122,9,6,2,105
1.7,0.1,2,hrsa_t1.7_e0.1#271,0.0601290062059543,1.1328571012106242e-15,31,True,False,17.193,31,19,4,0,0,4,11,3,5,0,2 6 13 17,---,1,24,0,111,1,0,111,11,3,4,131
1.7,0.1,2,hrsa_t1.7_e0.1#211,0.0630353282565885,8.516490779315057e-16,34,True,False,20.119,34,21,3,0,1,4,13,3,5,1,0 9 12,++-,-1,24,0,122,1,0,121,13,3,4,133
1.7,0.1,2,hrsa_t1.7_e0.1#299,0.0553809418434763,5.144766026454232e-16,33,True,False,22.507,33,23,0,0,0,0,13,5,5,0,,---,1,24,0,111,1,0,111,13,5,0,53
1.7,0.1,2,hrsa_t1.7_e0.1#258,0.0651672808768435,7.413094479660992e-16,32,True,False,22.163,32,21,3,0,1,4,11,5,5,1,0 8 13,+--,-1,24,0,122,1,0,121,11,5,4,147
1.7,0.1,2,hrsa_t1.7_e0.1#85,0.0618080408456415,6.729605111236213e-16,32,True,False,23.359,32,21,3,0,1,4,11,5,5,1,0 5 16,+-+,-1,24,0,121,1,0,122,11,5,4,147
1.7,0.1,2,hrsa_t1.7_e0.1#75,0.0594331312215016,5.680391411018605e-16,25,True,False,16.563,25,21,2,0,0,2,8,6,7,0,4 17,+++,1,24,0,111,1,0,111,8,6,2,104
1.7,0.1,2,hrsa_t1.7_e0.1#105,0.0627740258864476,8.753527532318434e-16,28,True,False,16.096,28,23,1,0,1,2,9,7,7,1,0,-++,-1,24,0,112,1,0,112,9,7,2,113
1.7,0.1,2,hrsa_t1.7_e0.1#39,0.0685320149130879,4.3721581660086763e-16,27,True,False,24.022,27,23,0,0,0,0,10,6,7,0,,---,1,24,0,111,1,0,111,10,6,0,58
1.7,0.1,2,hrsa_t1.7_e0.1#97,0.0612281456931144,7.706108411461866e-16,40,True,False,13.586,40,23,1,0,1,2,17,3,3,1,0,-+-,-1,24,0,122,1,0,121,17,3,2,89
1.7,0.1,2,hrsa_t1.7_e0.1#174,0.0650816802506989,7.138418294175279e-16,29,True,False,17.574,29,19,2,0,0,2,12,2,5,0,2 17,---,1,22,0,111,1,0,111,12,2,2,76
1.7,0.1,2,hrsa_t1.7_e0.1#164,0.0622052889655221,6.883739194704994e-16,24,True,False,15.099,24,19,5,0,1,6,7,3,9,1,0 5 7 12 14,+-+,-1,24,0,122,1,0,121,7,3,6,175
1.7,0.1,2,hrsa_t1.7_e0.1#12,0.0660958804121415,9.207607331743476e-16,39,True,False,15.712,39,23,0,0,0,0,17,3,3,0,,---,1,24,0,111,1,0,111,17,3,0,41
1.7,0.1,2,hrsa_t1.7_e0.1#234,0.047146679371688,6.120693866980677e-16,31,True,False,30.306,31,20,4,0,1,5,11,3,6,1,0 5 10 15,+--,1,24,0,121,1,0,122,11,3,5,155
1.7,0.1,2,hrsa_t1.7_e0.1#173,0.0595944278439471,8.892714016118297e-16,36,True,False,5.682,36,21,1,0,1,2,15,3,3,1,0,+--,-1,22,0,122,1,0,121,15,3,2,87
1.7,0.1,2,hrsa_t1.7_e0.1#13,0.0679325414361246,4.924750266378452e-16,27,True,False,20.303,27,23,0,0,0,0,10,6,7,0,,+++,1,24,0,111,1,0,111,10,6,0,58
1.7,0.1,2,hrsa_t1.7_e0.1#261,0.0657185724296429,9.33499317032902e-16,31,True,False,14.867,31,22,2,0,1,3,11,5,6,1,0 11,-+-,1,24,0,121,1,0,122,11,5,3,123
1.7,0.1,2,hrsa_t1.7_e0.1#212,0.0618718300538082,6.129191084494143e-16,34,True,False,12.083,34,23,1,0,1,2,13,5,5,1,0,--+,-1,24,0,121,1,0,122,13,5,2,101
1.7,0.1,2,hrsa_t1.7_e0.1#1,0.0702816358507786,8.787472239708654e-16,34,True,False,17.717,34,23,1,0,1,2,13,5,5,1,0,++-,-1,24,0,112,1,0,112,13,5,2,101
1.7,0.1,2,hrsa_t1.7_e0.1#3,0.0677487429584154,7.62725464266819e-16,24,True,False,13.12,24,19,5,0,1,6,5,7,7,1,0 2 8 11 17,-++,-1,24,0,121,1,0,122,5,7,6,205
1.7,0.1,2,hrsa_t1.7_e0.1#83,0.0547386544851349,9.073933219604293e-16,42,True,False,8.134,42,22,1,0,0,1,19,1,2,0,11,+++,-1,24,0,111,1,0,111,19,1,1,51
1.7,0.1,2,hrsa_t1.7_e0.1#297,0.0577392164240773,8.301552838318161e-16,34,True,False,12.147,34,23,1,0,1,2,13,5,5,1,0,-+-,-1,24,0,112,1,0,112,13,5,2,101
1.7,0.1,2,hrsa_t1.7_e0.1#91,0.065425491400411,7.834580384969829e-16,20,True,False,14.397,20,17,5,0,1,6,3,7,7,1,0 5 7 10 12,--+,-1,22,0,122,1,0,121,3,7,6,203
1.7,0.1,2,hrsa_t1.7_e0.1#146,0.0595178649024717,8.664676243494432e-16,22,True,False,19.181,22,19,3,0,1,4,5,7,7,1,0 3 16,+--,-1,22,0,122,1,0,121,5,7,4,157
1.7,0.1,2,hrsa_t1.7_e0.1#50,0.0585121894236347,3.3732061005958514e-16,26,True,False,19.802,26,21,3,0,1,4,7,7,7,1,0 7 14,+--,-1,24,0,112,1,0,112,7,7,4,159
1.7,0.1,2,hrsa_t1.7_e0.1#54,0.0667605574657273,9.301034505963166e-16,29,True,False,12.581,29,21,0,0,0,0,11,5,5,0,,+++,1,22,0,111,1,0,111,11,5,0,51
1.7,0.1,2,hrsa_t1.7_e0.1#295,0.059813612389418,3.7850910183719367e-16,31,True,False,31.697,31,21,2,0,0,2,11,5,5,0,9 12,+++,1,24,0,111,1,0,111,11,5,2,99
1.7,0.1,2,hrsa_t1.7_e0.1#93,0.0600413864325194,7.296350196278862e-16,29,True,False,34.374,29,21,0,0,0,0,11,5,5,0,,---,1,22,0,111,1,0,111,11,5,0,51
1.7,0.1,2,hrsa_t1.7_e0.1#192,0.0650525279118739,7.166641483700347e-16,28,True,False,21.384,28,23,1,0,1,2,10,6,7,1,0,+-+,-1,24,0,122,1,0,121,10,6,2,106
1.7,0.1,2,hrsa_t1.7_e0.1#119,0.0625235325403692,6.926970294588909e-16,26,True,False,33.144,26,21,3,0,1,4,7,7,7,1,0 5 16,++-,-1,24,0,121,1,0,122,7,7,4,159
1.7,0.1,2,hrsa_t1.7_e0.1#268,0.0591615194697893,7.270116861685435e-16,27,True,False,18.667,27,21,2,0,0,2,10,4,7,0,7 14,---,1,24,0,111,1,0,111,10,4,2,90
1.7,0.1,2,hrsa_t1.7_e0.1#168,0.0566169125242648,5.293594429355246e-16,26,True,False,13.726,26,21,3,0,1,4,7,7,7,1,0 4 17,+--,-1,24,0,122,1,0,121,7,7,4,159
1.7,0.1,2,hrsa_t1.7_e0.1#20,0.0670205716856434,7.529430601606104e-16,25,True,False,17.404,25,18,6,0,1,7,7,3,8,1,0 3 7 9 11 15,-++,1,24,0,121,1,0,122,7,3,7,199
1.7,0.1,2,hrsa_t1.7_e0.1#118,0.0617118699792441,7.174107377612756e-16,30,True,False,14.669,30,22,1,0,0,1,11,5,6,0,11,---,-1,24,0,111,1,0,111,11,5,1,75
1.7,0.1,2,hrsa_t1.7_e0.1#61,0.0681395211643534,3.561041079492768e-16,29,True,False,12.831,29,22,2,0,1,3,11,4,7,1,0 11,+-+,1,24,0,112,1,0,112,11,4,3,115
1.7,0.1,2,hrsa_t1.7_e0.1#255,0.0536653722556738,8.662454628851961e-16,32,True,False,17.673,32,21,3,0,1,4,11,5,5,1,0 4 17,+-+,-1,24,0,121,1,0,122,11,5,4,147
1.7,0.1,2,hrsa_t1.7_e0.1#110,0.0550283236234219,7.138762427251957e-16,32,True,False,14.18,32,21,3,0,1,4,11,5,5,1,0 8 13,-+-,-1,24,0,112,1,0,112,11,5,4,147
1.7,0.1,2,hrsa_t1.7_e0.1#284,0.0609277147100185,8.950512442886672e-16,34,True,False,19.668,34,23,1,0,1,2,13,5,5,1,0,++-,-1,24,0,121,1,0,122,13,5,2,101
1.7,0.1,2,hrsa_t1.7_e0.1#131,0.060912383567898,9.27848419864201e-16,33,True,False,17.788,33,23,0,0,0,0,13,5,5,0,,---,1,24,0,111,1,0,111,13,5,0,53
1.7,0.1,2,hrsa_t1.7_e0.1#222,0.058391319796474,6.276054235859775e-16,23,True,False,11.661,22,22,2,0,1,3,7,6,9,1,0 11,+-+,1,24,0,112,1,0,112,7,6,3,127
1.7,0.1,2,hrsa_t1.7_e0.1#265,0.0508203583785695,7.231300062821538e-16,34,True,False,20.667,34,23,1,0,1,2,13,5,5,1,0,+--,-1,24,0,122,1,0,121,13,5,2,101
1.7,0.1,2,hrsa_t1.7_e0.1#66,0.0658636405075203,5.193739663321228e-16,22,True,False,13.529,22,22,1,0,0,1,6,7,9,0,11,+++,-1,24,0,111,1,0,111,6,7,1,86
1.7,0.1,2,hrsa_t1.7_e0.1#21,0.06973707327921,5.13363265778762e-16,34,True,False,18.37,34,23,1,0,1,2,14,4,5,1,0,+--,-1,24,0,121,1,0,122,14,4,2,94
1.7,0.1,2,hrsa_t1.7_e0.1#84,0.0624846553587551,9.080004929807317e-16,40,True,False,12.589,40,23,1,0,1,2,17,3,3,1,0,+--,-1,24,0,121,1,0,122,17,3,2,89
1.7,0.1,2,hrsa_t1.7_e0.1#154,0.0523689781621185,6.403977393857208e-16,46,True,False,5.238,46,23,1,0,1,2,22,0,1,1,0,++-,-1,24,0,121,1,0,122,22,0,2,70
1.7,0.1,2,hrsa_t1.7_e0.1#4,0.0650004347467075,8.085534799155511e-16,39,True,False,11.893,39,23,0,0,0,0,18,2,3,0,,+++,1,24,0,111,1,0,111,18,2,0,34
1.7,0.1,2,hrsa_t1.7_e0.1#76,0.0614002695353178,7.259628017199426e-16,25,True,False,18.218,25,18,6,0,1,7,6,5,7,1,0 2 5 9 13 16,+-+,1,24,0,112,1,0,112,6,5,7,214
1.7,0.1,2,hrsa_t1.7_e0.1#117,0.0619410585014648,8.323127593449282e-16,19,True,False,16.554,19,21,2,0,0,2,3,9,9,0,9 12,---,1,24,0,111,1,0,111,3,9,2,123
1.7,0.1,2,hrsa_t1.7_e0.1#179,0.0655550079301443,6.79880213350889e-16,28,True,False,17.112,28,23,1,0,1,2,9,7,7,1,0,+--,-1,24,0,122,1,0,121,9,7,2,113
1.7,0.1,2,hrsa_t1.7_e0.1#276,0.0641152173296669,8.644108480469447e-16,34,True,False,16.186,34,23,1,0,1,2,14,4,5,1,0,+-+,-1,24,0,112,1,0,112,14,4,2,94
1.7,0.1,2,hrsa_t1.7_e0.1#175,0.0677739401571579,9.08449296381165e-16,32,True,False,11.455,32,19,1,0,1,2,13,3,3,1,0,+--,-1,20,0,121,1,0,122,13,3,2,85
1.7,0.1,2,hrsa_t1.7_e0.1#80,0.0549928220671943,5.690458833254202e-16,40,True,False,19.943,40,23,1,0,1,2,18,2,3,1,0,-+-,-1,24,0,121,1,0,122,18,2,2,82
1.7,0.1,2,hrsa_t1.7_e0.1#197,0.051248019984383,7.134175693357301e-16,34,True,False,11.707,34,23,1,0,1,2,13,5,5,1,0,+--,-1,24,0,112,1,0,112,13,5,2,101
1.7,0.1,2,hrsa_t1.7_e0.1#165,0.0565108312923382,9.787278140444917e-16,46,True,False,4.628,46,23,1,0,1,2,21,1,1,1,0,-++,-1,24,0,122,1,0,121,21,1,2,77
1.7,0.1,2,hrsa_t1.7_e0.1#6,0.0691035268905045,8.641883268571452e-16,33,True,False,13.152,33,21,2,0,0,2,13,3,5,0,8 13,---,1,24,0,111,1,0,111,13,3,2,85
1.7,0.1,2,hrsa_t1.7_e0.1#25,0.0666926602828004,8.491650760775167e-16,28,True,False,14.06,28,20,3,0,0,3,9,5,6,0,5 10 15,+++,-1,24,0,111,1,0,111,9,5,3,121
1.7,0.1,2,hrsa_t1.7_e0.1#31,0.066021638192102,4.514104943119964e-16,32,True,False,14.287,32,21,3,0,1,4,11,5,5,1,0 2 19,++-,-1,24,0,112,1,0,112,11,5,4,147
1.7,0.1,2,hrsa_t1.7_e0.1#227,0.0546069375414682,3.8761293847011246e-16,18,True,False,16.36,18,21,2,0,0,2,3,8,10,0,4 17,+++,1,24,0,111,1,0,111,3,8,2,115
1.7,0.1,2,hrsa_t1.7_e0.1#40,0.0670397634507798,4.2522066589256556e-16,23,True,False,11.24,23,21,2,0,0,2,7,5,9,0,2 19,+++,1,24,0,111,1,0,111,7,5,2,95
1.7,0.1,2,hrsa_t1.7_e0.1#198,0.0495280578850881,6.287692162675359e-16,29,True,False,20.907,29,20,4,0,1,5,10,4,6,1,0 7 10 13,+-+,1,24,0,112,1,0,112,10,4,5,162
1.7,0.1,2,hrsa_t1.7_e0.1#262,0.0527772670145205,5.416820332792625e-16,34,True,False,17.966,34,23,1,0,1,2,13,5,5,1,0,++-,-1,24,0,122,1,0,121,13,5,2,101
1.7,0.1,2,hrsa_t1.7_e0.1#62,0.0679462286214192,7.258022179381528e-16,26,True,False,13.754,26,21,3,0,1,4,7,7,7,1,0 4 17,++-,-1,24,0,112,1,0,112,7,7,4,159
2.5,0.1,2,hrsa_t2.5_e0.1#213,0.0633140850806897,6.341580765122843e-16,34,True,False,23.402,34,23,1,0,1,2,13,5,5,1,0,-++,-1,24,0,121,1,0,122,13,5,2,101
2.5,0.1,2,hrsa_t2.5_e0.1#5,0.0691294130870758,8.780511217777357e-16,34,True,False,17.87,34,23,1,0,1,2,14,4,5,1,0,-++,-1,24,0,112,1,0,112,14,4,2,94
2.5,0.1,2,hrsa_t2.5_e0.1#152,0.0688607175430701,7.590733637607711e-16,22,True,False,14.108,22,19,3,0,1,4,5,7,7,1,0 2 17,++-,-1,22,0,121,1,0,122,5,7,4,157
2.5,0.1,2,hrsa_t2.5_e0.1#188,0.0518195825052667,4.742744101581525e-16,33,True,False,18.988,33,19,4,0,0,4,13,1,5,0,5 7 12 14,+++,1,24,0,111,1,0,111,13,1,4,117
2.5,0.1,2,hrsa_t2.5_e0.1#99,0.0619058093873802,4.1462019127828854e-16,20,True,False,13.205,20,17,5,0,1,6,3,7,7,1,0 5 7 10 12,+-+,-1,22,0,121,1,0,122,3,7,6,203
2.5,0.1,2,hrsa_t2.5_e0.1#138,0.0647140385644231,4.356675443572414e-16,25,True,False,24.122,25,22,2,0,1,3,7,7,8,1,0 11,--+,1,24,0,122,1,0,121,7,7,3,135
2.5,0.1,2,hrsa_t2.5_e0.1#289,0.0615216263250369,6.845025732293006e-16,46,True,False,7.017,46,23,1,0,1,2,22,0,1,1,0,+--,-1,24,0,122,1,0,121,22,0,2,70
2.5,0.1,2,hrsa_t2.5_e0.1#223,0.0573758869885441,2.7533137141648784e-16,33,True,False,20.525,33,21,2,0,0,2,14,2,5,0,5 16,+++,1,24,0,111,1,0,111,14,2,2,78
2.5,0.1,2,hrsa_t2.5_e0.1#82,0.0592118941518584,6.018415091597027e-16,33,True,False,30.292,33,23,0,0,0,0,13,5,5,0,,---,1,24,0,111,1,0,111,13,5,0,53
2.5,0.1,2,hrsa_t2.5_e0.1#191,0.0500144475002166,8.983111104390348e-16,27,True,False,27.048,27,23,0,0,0,0,9,7,7,0,,---,1,24,0,111,1,0,111,9,7,0,65
2.5,0.1,2,hrsa_t2.5_e0.1#63,0.0662591482577765,7.61328727371515e-16,29,True,False,21.617,29,21,0,0,0,0,11,5,5,0,,---,1,22,0,111,1,0,111,11,5,0,51
2.5,0.1,2,hrsa_t2.5_e0.1#221,0.0532867985302287,5.541672339167677e-16,20,True,False,26.608,20,19,1,0,1,2,5,7,7,1,0,-++,-1,20,0,112,1,0,112,5,7,2,109
2.5,0.1,2,hrsa_t2.5_e0.1#133,0.0593526114627058,9.628788249024173e-16,22,True,False,26.868,22,21,3,0,1,4,5,7,9,1,0 9 12,+--,-1,24,0,122,1,0,121,5,7,4,157
2.5,0.1,2,hrsa_t2.5_e0.1#287,0.0639952289495639,1.035753635764792e-15,40,True,False,21.239,40,23,1,0,1,2,17,3,3,1,0,+--,-1,24,0,121,1,0,122,17,3,2,89
2.5,0.1,2,hrsa_t2.5_e0.1#89,0.0618561169306048,8.693784489472777e-16,34,True,False,26.562,34,21,3,0,1,4,13,3,5,1,0 3 18,--+,-1,24,0,121,1,0,122,13,3,4,133
2.5,0.1,2,hrsa_t2.5_e0.1#283,0.0685160562876018,1.096983220823041e-15,26,True,False,28.726,26,21,3,0,1,4,7,7,7,1,0 3 18,-++,-1,24,0,122,1,0,121,7,7,4,159
2.5,0.1,2,hrsa_t2.5_e0.1#95,0.0583963773115109,1.1217770651771876e-15,25,True,False,15.794,25,22,2,0,1,3,7,7,8,1,0 11,-++,1,24,0,112,1,0,112,7,7,3,135
2.5,0.1,2,hrsa_t2.5_e0.1#181,0.0699039434095285,6.778723500681219e-16,28,True,False,25.326,28,23,1,0,1,2,9,7,7,1,0,-++,-1,24,0,121,1,0,122,9,7,2,113
2.5,0.1,2,hrsa_t2.5_e0.1#46,0.059608039726259,4.837504925476914e-16,25,True,False,27.176,25,21,3,0,1,4,7,6,8,1,0 7 14,+--,-1,24,0,112,1,0,112,7,6,4,151
2.5,0.1,2,hrsa_t2.5_e0.1#271,0.0470294351071516,7.703421203144001e-16,40,True,False,13.479,40,23,1,0,1,2,17,3,3,1,0,+--,-1,24,0,121,1,0,122,17,3,2,89
2.5,0.1,2,hrsa_t2.5_e0.1#211,0.0524895934387528,7.674036934025701e-16,38,True,False,6.625,38,21,3,0,1,4,15,3,3,1,0 2 19,-+-,-1,24,0,121,1,0,122,15,3,4,135
2.5,0.1,2,hrsa_t2.5_e0.1#299,0.0604253112249924,9.874477339540441e-16,40,True,False,14.798,40,23,1,0,1,2,17,3,3,1,0,+--,-1,24,0,122,1,0,121,17,3,2,89
2.5,0.1,2,hrsa_t2.5_e0.1#258,0.0616624116182799,1.0394894500815978e-15,28,True,False,20.79,28,23,1,0,1,2,9,7,7,1,0,++-,-1,24,0,112,1,0,112,9,7,2,113
2.5,0.1,2,hrsa_t2.5_e0.1#85,0.0569999815099768,4.2006211629910174e-16,32,True,False,15.559,32,19,5,0,1,6,12,2,5,1,0 3 5 14 16,-++,-1,24,0,121,1,0,122,12,2,6,172
2.5,0.1,2,hrsa_t2.5_e0.1#75,0.0641780033072112,8.2114513495096345e-16,38,True,False,16.407,38,21,3,0,1,4,16,2,3,1,0 6 15,+--,-1,24,0,112,1,0,112,16,2,4,128
2.5,0.1,2,hrsa_t2.5_e0.1#105,0.0703157825512491,8.807249264174257e-16,27,True,False,32.054,27,23,0,0,0,0,9,7,7,0,,+++,1,24,0,111,1,0,111,9,7,0,65
2.5,0.1,2,hrsa_t2.5_e0.1#39,0.0647851839245069,5.8021714345818e-16,34,True,False,21.164,34,23,1,0,1,2,13,5,5,1,0,+--,-1,24,0,112,1,0,112,13,5,2,101
2.5,0.1,2,hrsa_t2.5_e0.1#97,0.0543905310223294,8.106710604105689e-16,43,True,False,10.577,43,22,2,0,1,3,20,0,2,1,0 11,+-+,1,24,0,112,1,0,112,20,0,3,92
2.5,0.1,2,hrsa_t2.5_e0.1#174,0.0554344402947823,9.97449052727919e-16,28,True,False,20.329,28,19,3,0,1,4,9,5,5,1,0 5 14,+--,-1,22,0,121,1,0,122,9,5,4,145
2.5,0.1,2,hrsa_t2.5_e0.1#164,0.0596588288931311,9.76622190480924e-16,20,True,False,26.161,20,21,0,0,0,0,7,6,8,0,,+++,1,22,0,111,1,0,111,7,6,0,55
2.5,0.1,2,hrsa_t2.5_e0.1#12,0.0650228426136269,9.195674843307205e-16,32,True,False,23.855,32,21,3,0,1,4,12,4,5,1,0 8 13,-+-,-1,24,0,121,1,0,122,12,4,4,140
2.5,0.1,2,hrsa_t2.5_e0.1#234,0.0638319978417113,8.131193628672951e-16,40,True,False,62704.475,40,23,1,0,1,2,17,3,3,1,0,--+,-1,24,0,121,1,0,122,17,3,2,89
2.5,0.1,2,hrsa_t2.5_e0.1#173,0.0561675049083197,8.8823334344406e-16,46,True,False,8.06,46,23,1,0,1,2,22,0,1,1,0,++-,-1,24,0,121,1,0,122,22,0,2,70
2.5,0.1,2,hrsa_t2.5_e0.1#13,0.0650362528211257,7.772616616846588e-16,28,True,False,16.041,28,23,1,0,1,2,9,7,7,1,0,+-+,-1,24,0,121,1,0,122,9,7,2,113
2.5,0.1,2,hrsa_t2.5_e0.1#261,0.0617976406358878,7.383469054259712e-16,31,True,False,62711.75,31,21,2,0,0,2,11,5,5,0,8 13,---,1,24,0,111,1,0,111,11,5,2,99
2.5,0.1,2,hrsa_t2.5_e0.1#212,0.0602843662742411,1.0123979747008074e-15,29,True,False,20.377,29,20,4,0,1,5,9,5,6,1,0 5 10 15,-++,1,24,0,121,1,0,122,9,5,5,169
2.5,0.1,2,hrsa_t2.5_e0.1#1,0.0689912853508103,6.2820767416665585e-16,25,True,False,17.341,25,19,0,0,0,0,10,4,5,0,,---,1,20,0,111,1,0,111,10,4,0,42
2.5,0.1,2,hrsa_t2.5_e0.1#3,0.0700937845305484,8.922752816679671e-16,34,True,False,62708.034,34,23,1,0,1,2,13,5,5,1,0,+--,-1,24,0,112,1,0,112,13,5,2,101
2.5,0.1,2,hrsa_t2.5_e0.1#83,0.0632932726239646,7.534079628468223e-16,24,True,False,12.342,24,18,5,0,0,5,6,5,7,0,2 5 9 13 16,---,-1,24,0,111,1,0,111,6,5,5,166
2.5,0.1,2,hrsa_t2.5_e0.1#297,0.0596416792058014,5.218940502314918e-16,40,True,False,7.762,40,21,3,0,1,4,18,0,3,1,0 3 18,+-+,-1,24,0,121,1,0,122,18,0,4,114
2.5,0.1,2,hrsa_t2.5_e0.1#91,0.0593598885958868,8.247709004886461e-16,31,True,False,62718.924,31,22,2,0,1,3,11,5,6,1,0 11,++-,1,24,0,122,1,0,121,11,5,3,123
2.5,0.1,2,hrsa_t2.5_e0.1#146,0.0689850794552655,6.88931545151182e-16,40,True,False,13.59,40,23,1,0,1,2,17,3,3,1,0,-+-,-1,24,0,121,1,0,122,17,3,2,89
2.5,0.1,2,hrsa_t2.5_e0.1#50,0.0663702295399653,9.439405933326557e-16,39,True,False,5.617,39,21,2,0,0,2,17,1,3,0,2 19,+++,1,24,0,111,1,0,111,17,1,2,73
2.5,0.1,2,hrsa_t2.5_e0.1#54,0.0674595315585717,4.316658918328521e-16,40,True,False,8.909,40,23,1,0,1,2,18,2,3,1,0,+-+,-1,24,0,112,1,0,112,18,2,2,82
2.5,0.1,2,hrsa_t2.5_e0.1#295,0.0458349079128459,5.88512319659048e-16,40,True,False,12.598,40,23,1,0,1,2,17,3,3,1,0,++-,-1,24,0,122,1,0,121,17,3,2,89
2.5,0.1,2,hrsa_t2.5_e0.1#93,0.058573734150311,6.029124934660347e-16,34,True,False,62705.755,34,23,1,0,1,2,13,5,5,1,0,+-+,-1,24,0,121,1,0,122,13,5,2,101
2.5,0.1,2,hrsa_t2.5_e0.1#192,0.0615464619160731,1.102247094093515e-15,34,True,False,13.956,34,21,3,0,1,4,13,3,5,1,0 5 16,+--,-1,24,0,121,1,0,122,13,3,4,133
2.5,0.1,2,hrsa_t2.5_e0.1#119,0.0678518861143219,9.03877123907554e-16,46,True,False,3.734,46,23,1,0,1,2,22,0,1,1,0,+-+,-1,24,0,112,1,0,112,22,0,2,70
2.5,0.1,2,hrsa_t2.5_e0.1#268,0.049097131123009,9.641081017438937e-16,29,True,False,62705.472,29,20,4,0,1,5,11,2,7,1,0 4 10 16,++-,1,24,0,122,1,0,121,11,2,5,147
2.5,0.1,2,hrsa_t2.5_e0.1#168,0.053070915462816,8.029362575325919e-16,35,True,False,10.356,35,21,0,0,0,0,15,3,3,0,,---,1,22,0,111,1,0,111,15,3,0,39
2.5,0.1,2,hrsa_t2.5_e0.1#20,0.0691993340844282,6.277407844026412e-16,40,True,False,7.0,40,23,1,0,1,2,18,2,3,1,0,+-+,-1,24,0,121,1,0,122,18,2,2,82
2.5,0.1,2,hrsa_t2.5_e0.1#118,0.0571605141414948,6.748122443301421e-16,34,True,False,12.307,34,23,1,0,1,2,13,5,5,1,0,++-,-1,24,0,112,1,0,112,13,5,2,101
2.5,0.1,2,hrsa_t2.5_e0.1#61,0.0593947704396047,6.421252341789239e-16,31,True,False,8.097,31,22,2,0,1,3,11,5,6,1,0 11,--+,1,24,0,121,1,0,122,11,5,3,123
2.5,0.1,2,hrsa_t2.5_e0.1#255,0.0511198039016574,5.59699554971844e-16,34,True,False,12.193,34,23,1,0,1,2,13,5,5,1,0,-+-,-1,24,0,121,1,0,122,13,5,2,101
2.5,0.1,2,hrsa_t2.5_e0.1#110,0.0638817758346167,8.1067976036076e-16,40,True,False,9.28,40,23,1,0,1,2,18,2,3,1,0,+--,-1,24,0,121,1,0,122,18,2,2,82
2.5,0.1,2,hrsa_t2.5_e0.1#284,0.0680750147418122,1.10387726209586e-15,40,True,False,9.759,40,23,1,0,1,2,17,3,3,1,0,++-,-1,24,0,122,1,0,121,17,3,2,89
2.5,0.1,2,hrsa_t2.5_e0.1#131,0.0590362591899561,6.589988120014789e-16,32,True,False,8.264,32,21,3,0,1,4,11,5,5,1,0 2 19,-+-,-1,24,0,112,1,0,112,11,5,4,147
2.5,0.1,2,hrsa_t2.5_e0.1#222,0.0532494475363219,8.932514803662636e-16,38,True,False,3.97,38,19,1,0,1,2,18,0,1,1,0,+-+,-1,20,0,112,1,0,112,18,0,2,66
2.5,0.1,2,hrsa_t2.5_e0.1#265,0.0615862591007076,6.947422128966139e-16,45,True,False,4.059,45,23,0,0,0,0,21,1,1,0,,+++,1,24,0,111,1,0,111,21,1,0,29
2.5,0.1,2,hrsa_t2.5_e0.1#66,0.0586218849395582,6.121781070199197e-16,25,True,False,12.57,25,21,2,0,0,2,7,7,7,0,7 14,---,1,24,0,111,1,0,111,7,7,2,111
2.5,0.1,2,hrsa_t2.5_e0.1#21,0.0693959985886353,7.502130420168287e-16,24,True,False,11.231,24,19,5,0,1,6,6,6,7,1,0 2 6 13 17,+--,-1,24,0,121,1,0,122,6,6,6,198
2.5,0.1,2,hrsa_t2.5_e0.1#84,0.0579224379142259,5.422876358518354e-16,28,True,False,9.167,28,19,5,0,1,6,9,3,7,1,0 2 6 13 17,+-+,-1,24,0,121,1,0,122,9,3,6,177
2.5,0.1,2,hrsa_t2.5_e0.1#154,0.0608175051080909,9.139337664089828e-16,31,True,False,12.733,31,19,4,0,0,4,11,3,5,0,4 7 12 15,---,1,24,0,111,1,0,111,11,3,4,131
2.5,0.1,2,hrsa_t2.5_e0.1#4,0.0690375461279307,9.268358633171704e-16,26,True,False,7.498,26,21,3,0,1,4,7,7,7,1,0 4 17,-++,-1,24,0,112,1,0,112,7,7,4,159
2.5,0.1,2,hrsa_t2.5_e0.1#76,0.0658474547418881,5.543129111514211e-16,32,True,False,11.47,32,21,3,0,1,4,11,5,5,1,0 6 15,--+,-1,24,0,112,1,0,112,11,5,4,147
2.5,0.1,2,hrsa_t2.5_e0.1#117,0.0680301325480736,8.47790301405972e-16,31,True,False,10.137,31,21,2,0,0,2,11,5,5,0,2 19,+++,1,24,0,111,1,0,111,11,5,2,99
2.5,0.1,2,hrsa_t2.5_e0.1#179,0.0700083751543844,6.563546519959846e-16,28,True,False,10.884,28,23,1,0,1,2,9,7,7,1,0,-++,-1,24,0,121,1,0,122,9,7,2,113
2.5,0.1,2,hrsa_t2.5_e0.1#276,0.050675160774841,5.958314768420089e-16,39,True,False,8.046,39,23,0,0,0,0,17,3,3,0,,+++,1,24,0,111,1,0,111,17,3,0,41
2.5,0.1,2,hrsa_t2.5_e0.1#175,0.0573312658220745,5.007792548024594e-16,22,True,False,12.563,22,19,3,0,1,4,5,7,7,1,0 3 16,+--,-1,22,0,112,1,0,112,5,7,4,157
2.5,0.1,2,hrsa_t2.5_e0.1#80,0.0632909555807567,4.283241544711917e-16,33,True,False,9.832,33,23,0,0,0,0,14,4,5,0,,---,1,24,0,111,1,0,111,14,4,0,46
2.5,0.1,2,hrsa_t2.5_e0.1#197,0.0547680139186984,5.6503660959761115e-16,38,True,False,8.799,38,21,3,0,1,4,15,3,3,1,0 4 17,+-+,-1,24,0,122,1,0,121,15,3,4,135
2.5,0.1,2,hrsa_t2.5_e0.1#165,0.0670548983095056,6.414624019857636e-16,14,True,False,6.283,14,18,4,0,1,5,2,4,12,1,0 7 9 11,+--,1,22,0,122,1,0,121,2,4,5,154
2.5,0.1,2,hrsa_t2.5_e0.1#6,0.068204218139665,9.461747940962824e-16,40,True,False,9.546,40,23,1,0,1,2,17,3,3,1,0,+--,-1,24,0,112,1,0,112,17,3,2,89
2.5,0.1,2,hrsa_t2.5_e0.1#25,0.0673120922530871,7.19777315544835e-16,34,True,False,13.326,34,23,1,0,1,2,14,4,5,1,0,++-,-1,24,0,122,1,0,121,14,4,2,94
2.5,0.1,2,hrsa_t2.5_e0.1#31,0.0635893005169936,7.968613119956e-16,36,True,False,8.028,36,21,3,0,1,4,15,1,5,1,0 6 15,+-+,-1,24,0,112,1,0,112,15,1,4,119
2.5,0.1,2,hrsa_t2.5_e0.1#227,0.0642266147765311,1.735236875513837e-16,31,True,False,10.577,31,22,2,0,1,3,11,5,6,1,0 11,-++,1,24,0,121,1,0,122,11,5,3,123
2.5,0.1,2,hrsa_t2.5_e0.1#40,0.0624824667989239,9.084068020407012e-16,33,True,False,8.602,33,23,0,0,0,0,14,4,5,0,,+++,1,24,0,111,1,0,111,14,4,0,46
2.5,0.1,2,hrsa_t2.5_e0.1#198,0.0592854319783463,5.618202393209436e-16,32,True,False,8.153,32,21,3,0,1,4,11,5,5,1,0 5 16,-++,-1,24,0,122,1,0,121,11,5,4,147
2.5,0.1,2,hrsa_t2.5_e0.1#262,0.0539476228827744,1.1066103720867804e-15,26,True,False,9.789,26,21,3,0,1,4,7,7,7,1,0 4 17,-+-,-1,24,0,112,1,0,112,7,7,4,159
2.5,0.1,2,hrsa_t2.5_e0.1#62,0.0675133712169765,9.156724951183484e-16,39,True,False,5.339,39,20,2,0,1,3,17,1,2,1,0 10,+--,1,22,0,122,1,0,121,17,1,3,97
