f,theta,variant,transpose,d,epsilon,ok,N_D,n_T3,n_L4,n_R_syl,n_R_resid,n_R,Tcost,wall
8,1.570939632860646e-05,0,0,"((1, 0), (1, 0), (1, 0))",2.945197522592523e-06,1,50,15,14,4,1,5,148,0.688
8,1.570939632860646e-05,1,1,"((1, 0), (1, 0), (1, 0))",2.945197522592523e-06,1,50,15,14,4,1,5,148,0.227
8,1.570939632860646e-05,2,0,"((1, 0), (1, 0), (1, 1))",2.9451975227077882e-06,1,50,15,14,4,1,5,148,0.23
8,1.570939632860646e-05,3,1,"((1, 0), (1, 0), (1, 1))",2.9451975227077882e-06,1,50,15,14,4,1,5,148,0.223
8,1.570939632860646e-05,4,0,"((1, 0), (1, 0), (1, 2))",2.9451975227654928e-06,1,50,17,12,4,1,5,136,0.247
8,1.570939632860646e-05,5,1,"((1, 0), (1, 0), (1, 2))",2.9451975227654928e-06,1,50,17,12,4,1,5,136,0.297
8,1.570939632860646e-05,6,0,"((1, 0), (1, 0), (1, 3))",2.9451975228208803e-06,1,50,15,14,4,1,5,148,0.295
8,1.570939632860646e-05,7,1,"((1, 0), (1, 0), (1, 3))",2.9451975228208803e-06,1,50,15,14,4,1,5,148,0.24
8,1.570939632860646e-05,24,0,"((1, 0), (1, 0), (-1, 3))",2.9451975228208803e-06,1,50,15,14,4,1,5,148,0.803
8,1.570939632860646e-05,25,1,"((1, 0), (1, 0), (-1, 3))",2.9451975228208803e-06,1,50,15,14,4,1,5,148,0.309
8,1.570939632860646e-05,26,0,"((1, 0), (1, 0), (-1, 4))",2.945197522869056e-06,1,50,15,14,4,1,5,148,0.484
8,1.570939632860646e-05,27,1,"((1, 0), (1, 0), (-1, 4))",2.945197522869056e-06,1,50,15,14,4,1,5,148,0.472
8,1.570939632860646e-05,28,0,"((1, 0), (1, 0), (-1, 5))",2.945197522810471e-06,1,50,17,12,4,1,5,136,0.301
8,1.570939632860646e-05,29,1,"((1, 0), (1, 0), (-1, 5))",2.945197522810471e-06,1,50,17,12,4,1,5,136,0.273
8,1.570939632860646e-05,30,0,"((1, 0), (1, 0), (-1, 6))",2.945197522760891e-06,1,50,15,14,4,1,5,148,0.525
8,1.570939632860646e-05,31,1,"((1, 0), (1, 0), (-1, 6))",2.945197522760891e-06,1,50,15,14,4,1,5,148,0.278
8,1.570939632860646e-05,16,0,"((1, 0), (1, 0), (1, 8))",2.945197522604843e-06,1,50,17,12,4,1,5,136,0.845
8,1.570939632860646e-05,17,1,"((1, 0), (1, 0), (1, 8))",2.945197522604843e-06,1,50,17,12,4,1,5,136,0.415
8,1.570939632860646e-05,18,0,"((1, 0), (1, 0), (-1, 0))",2.945197522592523e-06,1,50,15,14,4,1,5,148,0.49
8,1.570939632860646e-05,19,1,"((1, 0), (1, 0), (-1, 0))",2.945197522592523e-06,1,50,15,14,4,1,5,148,0.231
8,1.570939632860646e-05,20,0,"((1, 0), (1, 0), (-1, 1))",2.9451975227077882e-06,1,50,15,14,4,1,5,148,0.372
8,1.570939632860646e-05,21,1,"((1, 0), (1, 0), (-1, 1))",2.9451975227077882e-06,1,50,15,14,4,1,5,148,0.7
8,1.570939632860646e-05,22,0,"((1, 0), (1, 0), (-1, 2))",2.9451975227654928e-06,1,50,17,12,4,1,5,136,0.214
8,1.570939632860646e-05,23,1,"((1, 0), (1, 0), (-1, 2))",2.9451975227654928e-06,1,50,17,12,4,1,5,136,0.22
8,1.570939632860646e-05,8,0,"((1, 0), (1, 0), (1, 4))",2.945197522869056e-06,1,50,15,14,4,1,5,148,1.537
8,1.570939632860646e-05,9,1,"((1, 0), (1, 0), (1, 4))",2.945197522869056e-06,1,50,15,14,4,1,5,148,0.691
8,1.570939632860646e-05,10,0,"((1, 0), (1, 0), (1, 5))",2.945197522810471e-06,1,50,17,12,4,1,5,136,0.59
8,1.570939632860646e-05,11,1,"((1, 0), (1, 0), (1, 5))",2.945197522810471e-06,1,50,17,12,4,1,5,136,0.344
8,1.570939632860646e-05,12,0,"((1, 0), (1, 0), (1, 6))",2.945197522760891e-06,1,50,15,14,4,1,5,148,0.449
8,1.570939632860646e-05,13,1,"((1, 0), (1, 0), (1, 6))",2.945197522760891e-06,1,50,15,14,4,1,5,148,0.31
8,1.570939632860646e-05,14,0,"((1, 0), (1, 0), (1, 7))",2.9451975226976526e-06,1,50,15,14,4,1,5,148,0.577
8,1.570939632860646e-05,15,1,"((1, 0), (1, 0), (1, 7))",2.9451975226976526e-06,1,50,15,14,4,1,5,148,0.571
8,1.570939632860646e-05,32,0,"((1, 0), (1, 0), (-1, 7))",2.9451975226976526e-06,1,50,15,14,4,1,5,148,0.231
8,1.570939632860646e-05,33,1,"((1, 0), (1, 0), (-1, 7))",2.9451975226976526e-06,1,50,15,14,4,1,5,148,0.399
8,1.570939632860646e-05,34,0,"((1, 0), (1, 0), (-1, 8))",2.945197522604843e-06,1,50,17,12,4,1,5,136,0.335
8,1.570939632860646e-05,35,1,"((1, 0), (1, 0), (-1, 8))",2.945197522604843e-06,1,50,17,12,4,1,5,136,0.533
8,1.570939632860646e-05,36,0,"((1, 0), (1, 1), (1, 0))",2.9451975226503946e-06,1,50,15,14,4,1,5,148,0.688
8,1.570939632860646e-05,37,1,"((1, 0), (1, 1), (1, 0))",2.9451975226503946e-06,1,50,15,14,4,1,5,148,0.351
8,1.570939632860646e-05,38,0,"((1, 0), (1, 1), (1, 1))",2.945197522672894e-06,1,48,16,12,4,1,5,135,0.256
8,1.570939632860646e-05,39,1,"((1, 0), (1, 1), (1, 1))",2.945197522672894e-06,1,51,16,13,4,1,5,142,0.278
8,1.570939632860646e-05,40,0,"((1, 0), (1, 1), (1, 2))",2.945197522779258e-06,1,50,15,14,4,1,5,148,0.311
8,1.570939632860646e-05,41,1,"((1, 0), (1, 1), (1, 2))",2.945197522779258e-06,1,50,15,14,4,1,5,148,0.361
8,1.570939632860646e-05,42,0,"((1, 0), (1, 1), (1, 3))",2.9451975227950877e-06,1,50,15,14,4,1,5,148,0.318
8,1.570939632860646e-05,43,1,"((1, 0), (1, 1), (1, 3))",2.9451975227950877e-06,1,50,15,14,4,1,5,148,0.677
8,1.570939632860646e-05,44,0,"((1, 0), (1, 1), (1, 4))",2.9451975228542157e-06,1,48,16,12,4,1,5,135,0.512
8,1.570939632860646e-05,45,1,"((1, 0), (1, 1), (1, 4))",2.9451975228542157e-06,1,51,16,13,4,1,5,142,0.322
8,1.570939632860646e-05,46,0,"((1, 0), (1, 1), (1, 5))",2.9451975228844857e-06,1,50,15,14,4,1,5,148,0.447
8,1.570939632860646e-05,47,1,"((1, 0), (1, 1), (1, 5))",2.9451975228844857e-06,1,50,15,14,4,1,5,148,0.306
8,1.570939632860646e-05,48,0,"((1, 0), (1, 1), (1, 6))",2.9451975227411025e-06,1,50,15,14,4,1,5,148,0.421
8,1.570939632860646e-05,49,1,"((1, 0), (1, 1), (1, 6))",2.9451975227411025e-06,1,50,15,14,4,1,5,148,0.536
8,1.570939632860646e-05,50,0,"((1, 0), (1, 1), (1, 7))",2.9451975228011452e-06,1,48,16,12,4,1,5,135,0.486
8,1.570939632860646e-05,51,1,"((1, 0), (1, 1), (1, 7))",2.9451975228011452e-06,1,49,16,12,4,1,5,135,0.492
8,1.570939632860646e-05,52,0,"((1, 0), (1, 1), (1, 8))",2.945197522646184e-06,1,50,15,14,4,1,5,148,0.556
8,1.570939632860646e-05,53,1,"((1, 0), (1, 1), (1, 8))",2.945197522646184e-06,1,50,15,14,4,1,5,148,0.515
8,1.570939632860646e-05,54,0,"((1, 0), (1, 1), (-1, 0))",2.9451975226503946e-06,1,50,15,14,4,1,5,148,0.535
8,1.570939632860646e-05,55,1,"((1, 0), (1, 1), (-1, 0))",2.9451975226503946e-06,1,50,15,14,4,1,5,148,0.635
8,1.570939632860646e-05,56,0,"((1, 0), (1, 1), (-1, 1))",2.945197522672894e-06,1,48,16,12,4,1,5,135,0.456
8,1.570939632860646e-05,57,1,"((1, 0), (1, 1), (-1, 1))",2.945197522672894e-06,1,51,16,13,4,1,5,142,0.262
8,1.570939632860646e-05,58,0,"((1, 0), (1, 1), (-1, 2))",2.945197522779258e-06,1,50,15,14,4,1,5,148,0.472
8,1.570939632860646e-05,59,1,"((1, 0), (1, 1), (-1, 2))",2.945197522779258e-06,1,50,15,14,4,1,5,148,0.274
8,1.570939632860646e-05,60,0,"((1, 0), (1, 1), (-1, 3))",2.9451975227950877e-06,1,50,15,14,4,1,5,148,0.482
8,1.570939632860646e-05,61,1,"((1, 0), (1, 1), (-1, 3))",2.9451975227950877e-06,1,50,15,14,4,1,5,148,0.256
8,1.570939632860646e-05,62,0,"((1, 0), (1, 1), (-1, 4))",2.9451975228542157e-06,1,48,16,12,4,1,5,135,0.257
8,1.570939632860646e-05,63,1,"((1, 0), (1, 1), (-1, 4))",2.9451975228542157e-06,1,51,16,13,4,1,5,142,0.26
8,1.570939632860646e-05,72,0,"((1, 0), (1, 2), (1, 0))",2.9451975226751643e-06,1,51,16,13,4,1,5,142,0.28
8,1.570939632860646e-05,73,1,"((1, 0), (1, 2), (1, 0))",2.9451975226751643e-06,1,48,16,12,4,1,5,135,0.273
8,1.570939632860646e-05,74,0,"((1, 0), (1, 2), (1, 1))",2.9451975227141944e-06,1,50,15,14,4,1,5,148,0.278
8,1.570939632860646e-05,75,1,"((1, 0), (1, 2), (1, 1))",2.9451975227141944e-06,1,50,15,14,4,1,5,148,0.285
8,1.570939632860646e-05,76,0,"((1, 0), (1, 2), (1, 2))",2.945197522727793e-06,1,50,15,14,4,1,5,148,0.388
8,1.570939632860646e-05,77,1,"((1, 0), (1, 2), (1, 2))",2.945197522727793e-06,1,50,15,14,4,1,5,148,0.308
8,1.570939632860646e-05,78,0,"((1, 0), (1, 2), (1, 3))",2.945197522792282e-06,1,51,16,13,4,1,5,142,0.3
8,1.570939632860646e-05,79,1,"((1, 0), (1, 2), (1, 3))",2.945197522792282e-06,1,48,16,12,4,1,5,135,0.319
8,1.570939632860646e-05,64,0,"((1, 0), (1, 1), (-1, 5))",2.9451975228844857e-06,1,50,15,14,4,1,5,148,0.459
8,1.570939632860646e-05,65,1,"((1, 0), (1, 1), (-1, 5))",2.9451975228844857e-06,1,50,15,14,4,1,5,148,0.322
8,1.570939632860646e-05,66,0,"((1, 0), (1, 1), (-1, 6))",2.9451975227411025e-06,1,50,15,14,4,1,5,148,0.509
8,1.570939632860646e-05,67,1,"((1, 0), (1, 1), (-1, 6))",2.9451975227411025e-06,1,50,15,14,4,1,5,148,0.291
8,1.570939632860646e-05,68,0,"((1, 0), (1, 1), (-1, 7))",2.9451975228011452e-06,1,48,16,12,4,1,5,135,0.709
8,1.570939632860646e-05,69,1,"((1, 0), (1, 1), (-1, 7))",2.9451975228011452e-06,1,51,16,13,4,1,5,142,0.67
8,1.570939632860646e-05,70,0,"((1, 0), (1, 1), (-1, 8))",2.945197522646184e-06,1,50,15,14,4,1,5,148,0.355
8,1.570939632860646e-05,71,1,"((1, 0), (1, 1), (-1, 8))",2.945197522646184e-06,1,50,15,14,4,1,5,148,0.698
8,1.570939632860646e-05,88,0,"((1, 0), (1, 2), (1, 8))",2.945197522733105e-06,1,50,15,14,4,1,5,148,0.249
8,1.570939632860646e-05,89,1,"((1, 0), (1, 2), (1, 8))",2.945197522733105e-06,1,50,15,14,4,1,5,148,0.33
8,1.570939632860646e-05,90,0,"((1, 0), (1, 2), (-1, 0))",2.9451975226751643e-06,1,51,16,13,4,1,5,142,0.369
8,1.570939632860646e-05,91,1,"((1, 0), (1, 2), (-1, 0))",2.9451975226751643e-06,1,48,16,12,4,1,5,135,0.247
8,1.570939632860646e-05,92,0,"((1, 0), (1, 2), (-1, 1))",2.9451975227141944e-06,1,50,15,14,4,1,5,148,0.249
8,1.570939632860646e-05,93,1,"((1, 0), (1, 2), (-1, 1))",2.9451975227141944e-06,1,50,15,14,4,1,5,148,0.247
8,1.570939632860646e-05,94,0,"((1, 0), (1, 2), (-1, 2))",2.945197522727793e-06,1,50,15,14,4,1,5,148,0.247
8,1.570939632860646e-05,95,1,"((1, 0), (1, 2), (-1, 2))",2.945197522727793e-06,1,50,15,14,4,1,5,148,0.464
8,1.570939632860646e-05,80,0,"((1, 0), (1, 2), (1, 4))",2.9451975228118517e-06,1,50,15,14,4,1,5,148,0.567
8,1.570939632860646e-05,81,1,"((1, 0), (1, 2), (1, 4))",2.9451975228118517e-06,1,50,15,14,4,1,5,148,0.441
8,1.570939632860646e-05,82,0,"((1, 0), (1, 2), (1, 5))",2.945197522853074e-06,1,50,15,14,4,1,5,148,0.43
8,1.570939632860646e-05,83,1,"((1, 0), (1, 2), (1, 5))",2.945197522853074e-06,1,50,15,14,4,1,5,148,0.256
8,1.570939632860646e-05,84,0,"((1, 0), (1, 2), (1, 6))",2.945197522798546e-06,1,49,16,12,4,1,5,135,0.217
8,1.570939632860646e-05,85,1,"((1, 0), (1, 2), (1, 6))",2.945197522798546e-06,1,48,16,12,4,1,5,135,0.334
8,1.570939632860646e-05,86,0,"((1, 0), (1, 2), (1, 7))",2.945197522764786e-06,1,50,15,14,4,1,5,148,0.607
8,1.570939632860646e-05,87,1,"((1, 0), (1, 2), (1, 7))",2.945197522764786e-06,1,50,15,14,4,1,5,148,0.56
8,1.570939632860646e-05,96,0,"((1, 0), (1, 2), (-1, 3))",2.945197522792282e-06,1,51,16,13,4,1,5,142,0.325
8,1.570939632860646e-05,97,1,"((1, 0), (1, 2), (-1, 3))",2.945197522792282e-06,1,48,16,12,4,1,5,135,0.286
8,1.570939632860646e-05,98,0,"((1, 0), (1, 2), (-1, 4))",2.9451975228118517e-06,1,50,15,14,4,1,5,148,0.274
8,1.570939632860646e-05,99,1,"((1, 0), (1, 2), (-1, 4))",2.9451975228118517e-06,1,50,15,14,4,1,5,148,0.3
8,1.570939632860646e-05,100,0,"((1, 0), (1, 2), (-1, 5))",2.945197522853074e-06,1,50,15,14,4,1,5,148,0.271
8,1.570939632860646e-05,101,1,"((1, 0), (1, 2), (-1, 5))",2.945197522853074e-06,1,50,15,14,4,1,5,148,0.298
8,1.570939632860646e-05,102,0,"((1, 0), (1, 2), (-1, 6))",2.945197522798546e-06,1,51,16,13,4,1,5,142,0.505
8,1.570939632860646e-05,103,1,"((1, 0), (1, 2), (-1, 6))",2.945197522798546e-06,1,48,16,12,4,1,5,135,0.493
8,1.570939632860646e-05,104,0,"((1, 0), (1, 2), (-1, 7))",2.945197522764786e-06,1,50,15,14,4,1,5,148,0.5
8,1.570939632860646e-05,105,1,"((1, 0), (1, 2), (-1, 7))",2.945197522764786e-06,1,50,15,14,4,1,5,148,0.331
8,1.570939632860646e-05,106,0,"((1, 0), (1, 2), (-1, 8))",2.945197522733105e-06,1,50,15,14,4,1,5,148,0.264
8,1.570939632860646e-05,107,1,"((1, 0), (1, 2), (-1, 8))",2.945197522733105e-06,1,50,15,14,4,1,5,148,0.253
8,1.570939632860646e-05,108,0,"((1, 0), (1, 3), (1, 0))",2.945197522744829e-06,1,50,15,14,4,1,5,148,0.249
8,1.570939632860646e-05,109,1,"((1, 0), (1, 3), (1, 0))",2.945197522744829e-06,1,50,15,14,4,1,5,148,0.326
8,1.570939632860646e-05,110,0,"((1, 0), (1, 3), (1, 1))",2.945197522721707e-06,1,50,15,14,4,1,5,148,0.249
8,1.570939632860646e-05,111,1,"((1, 0), (1, 3), (1, 1))",2.945197522721707e-06,1,50,15,14,4,1,5,148,0.251
8,1.570939632860646e-05,112,0,"((1, 0), (1, 3), (1, 2))",2.9451975227518365e-06,1,50,17,12,4,1,5,136,0.502
8,1.570939632860646e-05,113,1,"((1, 0), (1, 3), (1, 2))",2.9451975227518365e-06,1,50,17,12,4,1,5,136,0.349
8,1.570939632860646e-05,114,0,"((1, 0), (1, 3), (1, 3))",2.9451975227235596e-06,1,50,15,14,4,1,5,148,0.51
8,1.570939632860646e-05,115,1,"((1, 0), (1, 3), (1, 3))",2.9451975227235596e-06,1,50,15,14,4,1,5,148,0.529
8,1.570939632860646e-05,116,0,"((1, 0), (1, 3), (1, 4))",2.9451975227917893e-06,1,50,15,14,4,1,5,148,0.362
8,1.570939632860646e-05,117,1,"((1, 0), (1, 3), (1, 4))",2.9451975227917893e-06,1,50,15,14,4,1,5,148,0.322
8,1.570939632860646e-05,118,0,"((1, 0), (1, 3), (1, 5))",2.9451975227934533e-06,1,50,17,12,4,1,5,136,0.292
8,1.570939632860646e-05,119,1,"((1, 0), (1, 3), (1, 5))",2.9451975227934533e-06,1,50,17,12,4,1,5,136,0.383
8,1.570939632860646e-05,128,0,"((1, 0), (1, 3), (-1, 1))",2.945197522721707e-06,1,50,15,14,4,1,5,148,0.349
8,1.570939632860646e-05,129,1,"((1, 0), (1, 3), (-1, 1))",2.945197522721707e-06,1,50,15,14,4,1,5,148,0.333
8,1.570939632860646e-05,130,0,"((1, 0), (1, 3), (-1, 2))",2.9451975227518365e-06,1,50,17,12,4,1,5,136,0.258
8,1.570939632860646e-05,131,1,"((1, 0), (1, 3), (-1, 2))",2.9451975227518365e-06,1,50,17,12,4,1,5,136,0.469
8,1.570939632860646e-05,132,0,"((1, 0), (1, 3), (-1, 3))",2.9451975227235596e-06,1,50,15,14,4,1,5,148,0.323
8,1.570939632860646e-05,133,1,"((1, 0), (1, 3), (-1, 3))",2.9451975227235596e-06,1,50,15,14,4,1,5,148,0.341
8,1.570939632860646e-05,134,0,"((1, 0), (1, 3), (-1, 4))",2.9451975227917893e-06,1,50,15,14,4,1,5,148,0.267
8,1.570939632860646e-05,135,1,"((1, 0), (1, 3), (-1, 4))",2.9451975227917893e-06,1,50,15,14,4,1,5,148,0.434
8,1.570939632860646e-05,136,0,"((1, 0), (1, 3), (-1, 5))",2.9451975227934533e-06,1,50,17,12,4,1,5,136,0.259
8,1.570939632860646e-05,137,1,"((1, 0), (1, 3), (-1, 5))",2.9451975227934533e-06,1,50,17,12,4,1,5,136,0.257
8,1.570939632860646e-05,138,0,"((1, 0), (1, 3), (-1, 6))",2.9451975227498773e-06,1,50,15,14,4,1,5,148,0.315
8,1.570939632860646e-05,139,1,"((1, 0), (1, 3), (-1, 6))",2.9451975227498773e-06,1,50,15,14,4,1,5,148,0.535
8,1.570939632860646e-05,140,0,"((1, 0), (1, 3), (-1, 7))",2.9451975228049717e-06,1,50,15,14,4,1,5,148,0.567
8,1.570939632860646e-05,141,1,"((1, 0), (1, 3), (-1, 7))",2.9451975228049717e-06,1,50,15,14,4,1,5,148,0.484
8,1.570939632860646e-05,142,0,"((1, 0), (1, 3), (-1, 8))",2.945197522679489e-06,1,50,17,12,4,1,5,136,0.251
8,1.570939632860646e-05,143,1,"((1, 0), (1, 3), (-1, 8))",2.945197522679489e-06,1,50,17,12,4,1,5,136,0.16
8,1.570939632860646e-05,120,0,"((1, 0), (1, 3), (1, 6))",2.9451975227498773e-06,1,50,15,14,4,1,5,148,0.435
8,1.570939632860646e-05,121,1,"((1, 0), (1, 3), (1, 6))",2.9451975227498773e-06,1,50,15,14,4,1,5,148,0.443
8,1.570939632860646e-05,122,0,"((1, 0), (1, 3), (1, 7))",2.9451975228049717e-06,1,50,15,14,4,1,5,148,0.554
8,1.570939632860646e-05,123,1,"((1, 0), (1, 3), (1, 7))",2.9451975228049717e-06,1,50,15,14,4,1,5,148,0.678
8,1.570939632860646e-05,124,0,"((1, 0), (1, 3), (1, 8))",2.945197522679489e-06,1,50,17,12,4,1,5,136,0.693
8,1.570939632860646e-05,125,1,"((1, 0), (1, 3), (1, 8))",2.945197522679489e-06,1,50,17,12,4,1,5,136,0.665
8,1.570939632860646e-05,126,0,"((1, 0), (1, 3), (-1, 0))",2.945197522744829e-06,1,50,15,14,4,1,5,148,0.298
8,1.570939632860646e-05,127,1,"((1, 0), (1, 3), (-1, 0))",2.945197522744829e-06,1,50,15,14,4,1,5,148,0.285
8,1.570939632860646e-05,160,0,"((1, 0), (1, 4), (1, 8))",2.945197522679828e-06,1,50,15,14,4,1,5,148,0.165
8,1.570939632860646e-05,161,1,"((1, 0), (1, 4), (1, 8))",2.945197522679828e-06,1,50,15,14,4,1,5,148,0.163
8,1.570939632860646e-05,162,0,"((1, 0), (1, 4), (-1, 0))",2.9451975226513657e-06,1,50,15,14,4,1,5,148,0.173
8,1.570939632860646e-05,163,1,"((1, 0), (1, 4), (-1, 0))",2.9451975226513657e-06,1,50,15,14,4,1,5,148,0.165
8,1.570939632860646e-05,164,0,"((1, 0), (1, 4), (-1, 1))",2.9451975227515244e-06,1,48,16,12,4,1,5,135,0.185
8,1.570939632860646e-05,165,1,"((1, 0), (1, 4), (-1, 1))",2.9451975227515244e-06,1,51,16,13,4,1,5,142,0.163
8,1.570939632860646e-05,166,0,"((1, 0), (1, 4), (-1, 2))",2.9451975227195023e-06,1,50,15,14,4,1,5,148,0.166
8,1.570939632860646e-05,167,1,"((1, 0), (1, 4), (-1, 2))",2.9451975227195023e-06,1,50,15,14,4,1,5,148,0.169
8,1.570939632860646e-05,144,0,"((1, 0), (1, 4), (1, 0))",2.9451975226513657e-06,1,50,15,14,4,1,5,148,0.516
8,1.570939632860646e-05,145,1,"((1, 0), (1, 4), (1, 0))",2.9451975226513657e-06,1,50,15,14,4,1,5,148,0.594
8,1.570939632860646e-05,146,0,"((1, 0), (1, 4), (1, 1))",2.9451975227515244e-06,1,48,16,12,4,1,5,135,0.284
8,1.570939632860646e-05,147,1,"((1, 0), (1, 4), (1, 1))",2.9451975227515244e-06,1,51,16,13,4,1,5,142,0.281
8,1.570939632860646e-05,148,0,"((1, 0), (1, 4), (1, 2))",2.9451975227195023e-06,1,50,15,14,4,1,5,148,0.291
8,1.570939632860646e-05,149,1,"((1, 0), (1, 4), (1, 2))",2.9451975227195023e-06,1,50,15,14,4,1,5,148,0.287
8,1.570939632860646e-05,150,0,"((1, 0), (1, 4), (1, 3))",2.945197522707756e-06,1,50,15,14,4,1,5,148,0.292
8,1.570939632860646e-05,151,1,"((1, 0), (1, 4), (1, 3))",2.945197522707756e-06,1,50,15,14,4,1,5,148,0.326
8,1.570939632860646e-05,152,0,"((1, 0), (1, 4), (1, 4))",2.94519752268322e-06,1,48,16,12,4,1,5,135,0.248
8,1.570939632860646e-05,153,1,"((1, 0), (1, 4), (1, 4))",2.94519752268322e-06,1,51,16,13,4,1,5,142,0.244
8,1.570939632860646e-05,154,0,"((1, 0), (1, 4), (1, 5))",2.9451975227335435e-06,1,50,15,14,4,1,5,148,0.243
8,1.570939632860646e-05,155,1,"((1, 0), (1, 4), (1, 5))",2.9451975227335435e-06,1,50,15,14,4,1,5,148,0.246
8,1.570939632860646e-05,156,0,"((1, 0), (1, 4), (1, 6))",2.9451975226504094e-06,1,50,15,14,4,1,5,148,0.241
8,1.570939632860646e-05,157,1,"((1, 0), (1, 4), (1, 6))",2.9451975226504094e-06,1,50,15,14,4,1,5,148,0.247
8,1.570939632860646e-05,158,0,"((1, 0), (1, 4), (1, 7))",2.9451975227164568e-06,1,48,16,12,4,1,5,135,0.254
8,1.570939632860646e-05,159,1,"((1, 0), (1, 4), (1, 7))",2.9451975227164568e-06,1,49,16,12,4,1,5,135,0.41
8,1.570939632860646e-05,168,0,"((1, 0), (1, 4), (-1, 3))",2.945197522707756e-06,1,50,15,14,4,1,5,148,0.289
8,1.570939632860646e-05,169,1,"((1, 0), (1, 4), (-1, 3))",2.945197522707756e-06,1,50,15,14,4,1,5,148,0.292
8,1.570939632860646e-05,170,0,"((1, 0), (1, 4), (-1, 4))",2.94519752268322e-06,1,48,16,12,4,1,5,135,0.289
8,1.570939632860646e-05,171,1,"((1, 0), (1, 4), (-1, 4))",2.94519752268322e-06,1,51,16,13,4,1,5,142,0.287
8,1.570939632860646e-05,172,0,"((1, 0), (1, 4), (-1, 5))",2.9451975227335435e-06,1,50,15,14,4,1,5,148,0.289
8,1.570939632860646e-05,173,1,"((1, 0), (1, 4), (-1, 5))",2.9451975227335435e-06,1,50,15,14,4,1,5,148,0.29
8,1.570939632860646e-05,174,0,"((1, 0), (1, 4), (-1, 6))",2.9451975226504094e-06,1,50,15,14,4,1,5,148,0.286
8,1.570939632860646e-05,175,1,"((1, 0), (1, 4), (-1, 6))",2.9451975226504094e-06,1,50,15,14,4,1,5,148,0.284
8,1.570939632860646e-05,176,0,"((1, 0), (1, 4), (-1, 7))",2.9451975227164568e-06,1,48,16,12,4,1,5,135,0.174
8,1.570939632860646e-05,177,1,"((1, 0), (1, 4), (-1, 7))",2.9451975227164568e-06,1,51,16,13,4,1,5,142,0.172
8,1.570939632860646e-05,178,0,"((1, 0), (1, 4), (-1, 8))",2.945197522679828e-06,1,50,15,14,4,1,5,148,0.166
8,1.570939632860646e-05,179,1,"((1, 0), (1, 4), (-1, 8))",2.945197522679828e-06,1,50,15,14,4,1,5,148,0.167
8,1.570939632860646e-05,180,0,"((1, 0), (1, 5), (1, 0))",2.9451975227465e-06,1,49,16,12,4,1,5,135,0.163
8,1.570939632860646e-05,181,1,"((1, 0), (1, 5), (1, 0))",2.9451975227465e-06,1,48,16,12,4,1,5,135,0.166
8,1.570939632860646e-05,182,0,"((1, 0), (1, 5), (1, 1))",2.9451975227528567e-06,1,50,15,14,4,1,5,148,0.168
8,1.570939632860646e-05,183,1,"((1, 0), (1, 5), (1, 1))",2.9451975227528567e-06,1,50,15,14,4,1,5,148,0.169
8,1.570939632860646e-05,184,0,"((1, 0), (1, 5), (1, 2))",2.9451975228441152e-06,1,50,15,14,4,1,5,148,0.256
8,1.570939632860646e-05,185,1,"((1, 0), (1, 5), (1, 2))",2.9451975228441152e-06,1,50,15,14,4,1,5,148,0.252
8,1.570939632860646e-05,186,0,"((1, 0), (1, 5), (1, 3))",2.9451975227702175e-06,1,51,16,13,4,1,5,142,0.26
8,1.570939632860646e-05,187,1,"((1, 0), (1, 5), (1, 3))",2.9451975227702175e-06,1,48,16,12,4,1,5,135,0.253
8,1.570939632860646e-05,188,0,"((1, 0), (1, 5), (1, 4))",2.945197522762212e-06,1,50,15,14,4,1,5,148,0.253
8,1.570939632860646e-05,189,1,"((1, 0), (1, 5), (1, 4))",2.945197522762212e-06,1,50,15,14,4,1,5,148,0.253
8,1.570939632860646e-05,190,0,"((1, 0), (1, 5), (1, 5))",2.94519752271977e-06,1,50,15,14,4,1,5,148,0.258
8,1.570939632860646e-05,191,1,"((1, 0), (1, 5), (1, 5))",2.94519752271977e-06,1,50,15,14,4,1,5,148,0.251
8,1.570939632860646e-05,192,0,"((1, 0), (1, 5), (1, 6))",2.9451975226852953e-06,1,51,16,13,4,1,5,142,0.251
8,1.570939632860646e-05,193,1,"((1, 0), (1, 5), (1, 6))",2.9451975226852953e-06,1,48,16,12,4,1,5,135,0.255
8,1.570939632860646e-05,194,0,"((1, 0), (1, 5), (1, 7))",2.945197522711784e-06,1,50,15,14,4,1,5,148,0.255
8,1.570939632860646e-05,195,1,"((1, 0), (1, 5), (1, 7))",2.945197522711784e-06,1,50,15,14,4,1,5,148,0.251
8,1.570939632860646e-05,196,0,"((1, 0), (1, 5), (1, 8))",2.9451975226861084e-06,1,50,15,14,4,1,5,148,0.253
8,1.570939632860646e-05,197,1,"((1, 0), (1, 5), (1, 8))",2.9451975226861084e-06,1,50,15,14,4,1,5,148,0.253
8,1.570939632860646e-05,198,0,"((1, 0), (1, 5), (-1, 0))",2.9451975227465e-06,1,51,16,13,4,1,5,142,0.253
8,1.570939632860646e-05,199,1,"((1, 0), (1, 5), (-1, 0))",2.9451975227465e-06,1,48,16,12,4,1,5,135,0.264
8,1.570939632860646e-05,208,0,"((1, 0), (1, 5), (-1, 5))",2.94519752271977e-06,1,50,15,14,4,1,5,148,0.167
8,1.570939632860646e-05,209,1,"((1, 0), (1, 5), (-1, 5))",2.94519752271977e-06,1,50,15,14,4,1,5,148,0.167
8,1.570939632860646e-05,210,0,"((1, 0), (1, 5), (-1, 6))",2.9451975226852953e-06,1,51,16,13,4,1,5,142,0.171
8,1.570939632860646e-05,211,1,"((1, 0), (1, 5), (-1, 6))",2.9451975226852953e-06,1,48,16,12,4,1,5,135,0.171
8,1.570939632860646e-05,212,0,"((1, 0), (1, 5), (-1, 7))",2.945197522711784e-06,1,50,15,14,4,1,5,148,0.17
8,1.570939632860646e-05,213,1,"((1, 0), (1, 5), (-1, 7))",2.945197522711784e-06,1,50,15,14,4,1,5,148,0.18
8,1.570939632860646e-05,214,0,"((1, 0), (1, 5), (-1, 8))",2.9451975226861084e-06,1,50,15,14,4,1,5,148,0.165
8,1.570939632860646e-05,215,1,"((1, 0), (1, 5), (-1, 8))",2.9451975226861084e-06,1,50,15,14,4,1,5,148,0.17
8,1.570939632860646e-05,200,0,"((1, 0), (1, 5), (-1, 1))",2.9451975227528567e-06,1,50,15,14,4,1,5,148,0.287
8,1.570939632860646e-05,201,1,"((1, 0), (1, 5), (-1, 1))",2.9451975227528567e-06,1,50,15,14,4,1,5,148,0.291
8,1.570939632860646e-05,202,0,"((1, 0), (1, 5), (-1, 2))",2.9451975228441152e-06,1,50,15,14,4,1,5,148,0.29
8,1.570939632860646e-05,203,1,"((1, 0), (1, 5), (-1, 2))",2.9451975228441152e-06,1,50,15,14,4,1,5,148,0.284
8,1.570939632860646e-05,204,0,"((1, 0), (1, 5), (-1, 3))",2.9451975227702175e-06,1,51,16,13,4,1,5,142,0.288
8,1.570939632860646e-05,205,1,"((1, 0), (1, 5), (-1, 3))",2.9451975227702175e-06,1,48,16,12,4,1,5,135,0.182
8,1.570939632860646e-05,206,0,"((1, 0), (1, 5), (-1, 4))",2.945197522762212e-06,1,50,15,14,4,1,5,148,0.164
8,1.570939632860646e-05,207,1,"((1, 0), (1, 5), (-1, 4))",2.945197522762212e-06,1,50,15,14,4,1,5,148,0.16
8,1.570939632860646e-05,232,0,"((1, 0), (1, 6), (1, 8))",2.945197522609324e-06,1,50,17,12,4,1,5,136,0.237
8,1.570939632860646e-05,233,1,"((1, 0), (1, 6), (1, 8))",2.945197522609324e-06,1,50,17,12,4,1,5,136,0.168
8,1.570939632860646e-05,234,0,"((1, 0), (1, 6), (-1, 0))",2.945197522680668e-06,1,50,15,14,4,1,5,148,0.17
8,1.570939632860646e-05,235,1,"((1, 0), (1, 6), (-1, 0))",2.945197522680668e-06,1,50,15,14,4,1,5,148,0.171
8,1.570939632860646e-05,236,0,"((1, 0), (1, 6), (-1, 1))",2.9451975227758795e-06,1,50,15,14,4,1,5,148,0.158
8,1.570939632860646e-05,237,1,"((1, 0), (1, 6), (-1, 1))",2.9451975227758795e-06,1,50,15,14,4,1,5,148,0.162
8,1.570939632860646e-05,238,0,"((1, 0), (1, 6), (-1, 2))",2.9451975227733355e-06,1,50,17,12,4,1,5,136,0.164
8,1.570939632860646e-05,239,1,"((1, 0), (1, 6), (-1, 2))",2.9451975227733355e-06,1,50,17,12,4,1,5,136,0.163
8,1.570939632860646e-05,216,0,"((1, 0), (1, 6), (1, 0))",2.945197522680668e-06,1,50,15,14,4,1,5,148,0.254
8,1.570939632860646e-05,217,1,"((1, 0), (1, 6), (1, 0))",2.945197522680668e-06,1,50,15,14,4,1,5,148,0.268
8,1.570939632860646e-05,218,0,"((1, 0), (1, 6), (1, 1))",2.9451975227758795e-06,1,50,15,14,4,1,5,148,0.259
8,1.570939632860646e-05,219,1,"((1, 0), (1, 6), (1, 1))",2.9451975227758795e-06,1,50,15,14,4,1,5,148,0.251
8,1.570939632860646e-05,220,0,"((1, 0), (1, 6), (1, 2))",2.9451975227733355e-06,1,50,17,12,4,1,5,136,0.242
8,1.570939632860646e-05,221,1,"((1, 0), (1, 6), (1, 2))",2.9451975227733355e-06,1,50,17,12,4,1,5,136,0.239
8,1.570939632860646e-05,222,0,"((1, 0), (1, 6), (1, 3))",2.9451975228227183e-06,1,50,15,14,4,1,5,148,0.241
8,1.570939632860646e-05,223,1,"((1, 0), (1, 6), (1, 3))",2.9451975228227183e-06,1,50,15,14,4,1,5,148,0.242
8,1.570939632860646e-05,240,0,"((1, 0), (1, 6), (-1, 3))",2.9451975228227183e-06,1,50,15,14,4,1,5,148,0.159
8,1.570939632860646e-05,241,1,"((1, 0), (1, 6), (-1, 3))",2.9451975228227183e-06,1,50,15,14,4,1,5,148,0.158
8,1.570939632860646e-05,242,0,"((1, 0), (1, 6), (-1, 4))",2.9451975227525607e-06,1,50,15,14,4,1,5,148,0.166
8,1.570939632860646e-05,243,1,"((1, 0), (1, 6), (-1, 4))",2.9451975227525607e-06,1,50,15,14,4,1,5,148,0.158
8,1.570939632860646e-05,244,0,"((1, 0), (1, 6), (-1, 5))",2.9451975227266495e-06,1,50,17,12,4,1,5,136,0.161
8,1.570939632860646e-05,245,1,"((1, 0), (1, 6), (-1, 5))",2.9451975227266495e-06,1,50,17,12,4,1,5,136,0.159
8,1.570939632860646e-05,246,0,"((1, 0), (1, 6), (-1, 6))",2.9451975225994095e-06,1,50,15,14,4,1,5,148,0.172
8,1.570939632860646e-05,247,1,"((1, 0), (1, 6), (-1, 6))",2.9451975225994095e-06,1,50,15,14,4,1,5,148,0.164
8,1.570939632860646e-05,224,0,"((1, 0), (1, 6), (1, 4))",2.9451975227525607e-06,1,50,15,14,4,1,5,148,0.263
8,1.570939632860646e-05,225,1,"((1, 0), (1, 6), (1, 4))",2.9451975227525607e-06,1,50,15,14,4,1,5,148,0.258
8,1.570939632860646e-05,226,0,"((1, 0), (1, 6), (1, 5))",2.9451975227266495e-06,1,50,17,12,4,1,5,136,0.249
8,1.570939632860646e-05,227,1,"((1, 0), (1, 6), (1, 5))",2.9451975227266495e-06,1,50,17,12,4,1,5,136,0.24
8,1.570939632860646e-05,228,0,"((1, 0), (1, 6), (1, 6))",2.9451975225994095e-06,1,50,15,14,4,1,5,148,0.244
8,1.570939632860646e-05,229,1,"((1, 0), (1, 6), (1, 6))",2.9451975225994095e-06,1,50,15,14,4,1,5,148,0.241
8,1.570939632860646e-05,230,0,"((1, 0), (1, 6), (1, 7))",2.9451975226745583e-06,1,50,15,14,4,1,5,148,0.245
8,1.570939632860646e-05,231,1,"((1, 0), (1, 6), (1, 7))",2.9451975226745583e-06,1,50,15,14,4,1,5,148,0.243
8,1.570939632860646e-05,248,0,"((1, 0), (1, 6), (-1, 7))",2.9451975226745583e-06,1,50,15,14,4,1,5,148,0.17
8,1.570939632860646e-05,249,1,"((1, 0), (1, 6), (-1, 7))",2.9451975226745583e-06,1,50,15,14,4,1,5,148,0.165
8,1.570939632860646e-05,250,0,"((1, 0), (1, 6), (-1, 8))",2.945197522609324e-06,1,50,17,12,4,1,5,136,0.165
8,1.570939632860646e-05,251,1,"((1, 0), (1, 6), (-1, 8))",2.945197522609324e-06,1,50,17,12,4,1,5,136,0.165
8,1.570939632860646e-05,252,0,"((1, 0), (1, 7), (1, 0))",2.945197522638158e-06,1,50,15,14,4,1,5,148,0.158
8,1.570939632860646e-05,253,1,"((1, 0), (1, 7), (1, 0))",2.945197522638158e-06,1,50,15,14,4,1,5,148,0.162
8,1.570939632860646e-05,254,0,"((1, 0), (1, 7), (1, 1))",2.9451975227443216e-06,1,48,16,12,4,1,5,135,0.159
8,1.570939632860646e-05,255,1,"((1, 0), (1, 7), (1, 1))",2.9451975227443216e-06,1,51,16,13,4,1,5,142,0.165
8,1.570939632860646e-05,264,0,"((1, 0), (1, 7), (1, 6))",2.9451975226405635e-06,1,50,15,14,4,1,5,148,0.165
8,1.570939632860646e-05,265,1,"((1, 0), (1, 7), (1, 6))",2.9451975226405635e-06,1,50,15,14,4,1,5,148,0.162
8,1.570939632860646e-05,266,0,"((1, 0), (1, 7), (1, 7))",2.9451975226229465e-06,1,48,16,12,4,1,5,135,0.166
8,1.570939632860646e-05,267,1,"((1, 0), (1, 7), (1, 7))",2.9451975226229465e-06,1,49,16,12,4,1,5,135,0.157
8,1.570939632860646e-05,268,0,"((1, 0), (1, 7), (1, 8))",2.9451975226063717e-06,1,50,15,14,4,1,5,148,0.162
8,1.570939632860646e-05,269,1,"((1, 0), (1, 7), (1, 8))",2.9451975226063717e-06,1,50,15,14,4,1,5,148,0.159
8,1.570939632860646e-05,270,0,"((1, 0), (1, 7), (-1, 0))",2.945197522638158e-06,1,50,15,14,4,1,5,148,0.16
8,1.570939632860646e-05,271,1,"((1, 0), (1, 7), (-1, 0))",2.945197522638158e-06,1,50,15,14,4,1,5,148,0.166
8,1.570939632860646e-05,256,0,"((1, 0), (1, 7), (1, 2))",2.945197522830632e-06,1,50,15,14,4,1,5,148,0.242
8,1.570939632860646e-05,257,1,"((1, 0), (1, 7), (1, 2))",2.945197522830632e-06,1,50,15,14,4,1,5,148,0.242
8,1.570939632860646e-05,258,0,"((1, 0), (1, 7), (1, 3))",2.9451975227862125e-06,1,50,15,14,4,1,5,148,0.243
8,1.570939632860646e-05,259,1,"((1, 0), (1, 7), (1, 3))",2.9451975227862125e-06,1,50,15,14,4,1,5,148,0.239
8,1.570939632860646e-05,260,0,"((1, 0), (1, 7), (1, 4))",2.9451975228393363e-06,1,48,16,12,4,1,5,135,0.239
8,1.570939632860646e-05,261,1,"((1, 0), (1, 7), (1, 4))",2.9451975228393363e-06,1,51,16,13,4,1,5,142,0.241
8,1.570939632860646e-05,262,0,"((1, 0), (1, 7), (1, 5))",2.9451975227512732e-06,1,50,15,14,4,1,5,148,0.244
8,1.570939632860646e-05,263,1,"((1, 0), (1, 7), (1, 5))",2.9451975227512732e-06,1,50,15,14,4,1,5,148,0.243
8,1.570939632860646e-05,272,0,"((1, 0), (1, 7), (-1, 1))",2.9451975227443216e-06,1,48,16,12,4,1,5,135,0.241
8,1.570939632860646e-05,273,1,"((1, 0), (1, 7), (-1, 1))",2.9451975227443216e-06,1,51,16,13,4,1,5,142,0.245
8,1.570939632860646e-05,274,0,"((1, 0), (1, 7), (-1, 2))",2.945197522830632e-06,1,50,15,14,4,1,5,148,0.242
8,1.570939632860646e-05,275,1,"((1, 0), (1, 7), (-1, 2))",2.945197522830632e-06,1,50,15,14,4,1,5,148,0.239
8,1.570939632860646e-05,276,0,"((1, 0), (1, 7), (-1, 3))",2.9451975227862125e-06,1,50,15,14,4,1,5,148,0.245
8,1.570939632860646e-05,277,1,"((1, 0), (1, 7), (-1, 3))",2.9451975227862125e-06,1,50,15,14,4,1,5,148,0.241
8,1.570939632860646e-05,278,0,"((1, 0), (1, 7), (-1, 4))",2.9451975228393363e-06,1,48,16,12,4,1,5,135,0.244
8,1.570939632860646e-05,279,1,"((1, 0), (1, 7), (-1, 4))",2.9451975228393363e-06,1,51,16,13,4,1,5,142,0.238
8,1.570939632860646e-05,280,0,"((1, 0), (1, 7), (-1, 5))",2.9451975227512732e-06,1,50,15,14,4,1,5,148,0.163
8,1.570939632860646e-05,281,1,"((1, 0), (1, 7), (-1, 5))",2.9451975227512732e-06,1,50,15,14,4,1,5,148,0.158
8,1.570939632860646e-05,282,0,"((1, 0), (1, 7), (-1, 6))",2.9451975226405635e-06,1,50,15,14,4,1,5,148,0.16
8,1.570939632860646e-05,283,1,"((1, 0), (1, 7), (-1, 6))",2.9451975226405635e-06,1,50,15,14,4,1,5,148,0.182
8,1.570939632860646e-05,284,0,"((1, 0), (1, 7), (-1, 7))",2.9451975226229465e-06,1,48,16,12,4,1,5,135,0.167
8,1.570939632860646e-05,285,1,"((1, 0), (1, 7), (-1, 7))",2.9451975226229465e-06,1,51,16,13,4,1,5,142,0.166
8,1.570939632860646e-05,286,0,"((1, 0), (1, 7), (-1, 8))",2.9451975226063717e-06,1,50,15,14,4,1,5,148,0.171
8,1.570939632860646e-05,287,1,"((1, 0), (1, 7), (-1, 8))",2.9451975226063717e-06,1,50,15,14,4,1,5,148,0.167
8,1.570939632860646e-05,288,0,"((1, 0), (1, 8), (1, 0))",2.9451975226428327e-06,1,51,16,13,4,1,5,142,0.16
8,1.570939632860646e-05,289,1,"((1, 0), (1, 8), (1, 0))",2.9451975226428327e-06,1,48,16,12,4,1,5,135,0.163
8,1.570939632860646e-05,290,0,"((1, 0), (1, 8), (1, 1))",2.9451975227094383e-06,1,50,15,14,4,1,5,148,0.166
8,1.570939632860646e-05,291,1,"((1, 0), (1, 8), (1, 1))",2.9451975227094383e-06,1,50,15,14,4,1,5,148,0.158
8,1.570939632860646e-05,292,0,"((1, 0), (1, 8), (1, 2))",2.9451975228067014e-06,1,50,15,14,4,1,5,148,0.178
8,1.570939632860646e-05,293,1,"((1, 0), (1, 8), (1, 2))",2.9451975228067014e-06,1,50,15,14,4,1,5,148,0.157
8,1.570939632860646e-05,294,0,"((1, 0), (1, 8), (1, 3))",2.9451975228511363e-06,1,49,16,12,4,1,5,135,0.158
8,1.570939632860646e-05,295,1,"((1, 0), (1, 8), (1, 3))",2.9451975228511363e-06,1,48,16,12,4,1,5,135,0.159
8,1.570939632860646e-05,312,0,"((1, 0), (1, 8), (-1, 3))",2.9451975228511363e-06,1,51,16,13,4,1,5,142,0.159
8,1.570939632860646e-05,313,1,"((1, 0), (1, 8), (-1, 3))",2.9451975228511363e-06,1,48,16,12,4,1,5,135,0.175
8,1.570939632860646e-05,314,0,"((1, 0), (1, 8), (-1, 4))",2.9451975228104575e-06,1,50,15,14,4,1,5,148,0.167
8,1.570939632860646e-05,315,1,"((1, 0), (1, 8), (-1, 4))",2.9451975228104575e-06,1,50,15,14,4,1,5,148,0.163
8,1.570939632860646e-05,316,0,"((1, 0), (1, 8), (-1, 5))",2.945197522845675e-06,1,50,15,14,4,1,5,148,0.165
8,1.570939632860646e-05,317,1,"((1, 0), (1, 8), (-1, 5))",2.945197522845675e-06,1,50,15,14,4,1,5,148,0.161
8,1.570939632860646e-05,318,0,"((1, 0), (1, 8), (-1, 6))",2.945197522672814e-06,1,51,16,13,4,1,5,142,0.162
8,1.570939632860646e-05,319,1,"((1, 0), (1, 8), (-1, 6))",2.945197522672814e-06,1,48,16,12,4,1,5,135,0.16
8,1.570939632860646e-05,296,0,"((1, 0), (1, 8), (1, 4))",2.9451975228104575e-06,1,50,15,14,4,1,5,148,0.238
8,1.570939632860646e-05,297,1,"((1, 0), (1, 8), (1, 4))",2.9451975228104575e-06,1,50,15,14,4,1,5,148,0.24
8,1.570939632860646e-05,298,0,"((1, 0), (1, 8), (1, 5))",2.945197522845675e-06,1,50,15,14,4,1,5,148,0.24
8,1.570939632860646e-05,299,1,"((1, 0), (1, 8), (1, 5))",2.945197522845675e-06,1,50,15,14,4,1,5,148,0.241
8,1.570939632860646e-05,300,0,"((1, 0), (1, 8), (1, 6))",2.945197522672814e-06,1,51,16,13,4,1,5,142,0.244
8,1.570939632860646e-05,301,1,"((1, 0), (1, 8), (1, 6))",2.945197522672814e-06,1,48,16,12,4,1,5,135,0.241
8,1.570939632860646e-05,302,0,"((1, 0), (1, 8), (1, 7))",2.945197522671727e-06,1,50,15,14,4,1,5,148,0.243
8,1.570939632860646e-05,303,1,"((1, 0), (1, 8), (1, 7))",2.945197522671727e-06,1,50,15,14,4,1,5,148,0.243
8,1.570939632860646e-05,320,0,"((1, 0), (1, 8), (-1, 7))",2.945197522671727e-06,1,50,15,14,4,1,5,148,0.158
8,1.570939632860646e-05,321,1,"((1, 0), (1, 8), (-1, 7))",2.945197522671727e-06,1,50,15,14,4,1,5,148,0.162
8,1.570939632860646e-05,322,0,"((1, 0), (1, 8), (-1, 8))",2.945197522562387e-06,1,50,15,14,4,1,5,148,0.161
8,1.570939632860646e-05,323,1,"((1, 0), (1, 8), (-1, 8))",2.945197522562387e-06,1,50,15,14,4,1,5,148,0.158
8,1.570939632860646e-05,324,0,"((1, 0), (-1, 0), (1, 0))",2.945197522592523e-06,1,49,15,14,4,0,4,141,0.164
8,1.570939632860646e-05,325,1,"((1, 0), (-1, 0), (1, 0))",2.945197522592523e-06,1,49,15,14,3,1,4,141,0.167
8,1.570939632860646e-05,326,0,"((1, 0), (-1, 0), (1, 1))",2.9451975227077882e-06,1,49,15,14,4,0,4,141,0.167
8,1.570939632860646e-05,327,1,"((1, 0), (-1, 0), (1, 1))",2.9451975227077882e-06,1,49,15,14,3,1,4,141,0.164
8,1.570939632860646e-05,304,0,"((1, 0), (1, 8), (1, 8))",2.945197522562387e-06,1,50,15,14,4,1,5,148,0.241
8,1.570939632860646e-05,305,1,"((1, 0), (1, 8), (1, 8))",2.945197522562387e-06,1,50,15,14,4,1,5,148,0.242
8,1.570939632860646e-05,306,0,"((1, 0), (1, 8), (-1, 0))",2.9451975226428327e-06,1,51,16,13,4,1,5,142,0.242
8,1.570939632860646e-05,307,1,"((1, 0), (1, 8), (-1, 0))",2.9451975226428327e-06,1,48,16,12,4,1,5,135,0.244
8,1.570939632860646e-05,308,0,"((1, 0), (1, 8), (-1, 1))",2.9451975227094383e-06,1,50,15,14,4,1,5,148,0.241
8,1.570939632860646e-05,309,1,"((1, 0), (1, 8), (-1, 1))",2.9451975227094383e-06,1,50,15,14,4,1,5,148,0.247
8,1.570939632860646e-05,310,0,"((1, 0), (1, 8), (-1, 2))",2.9451975228067014e-06,1,50,15,14,4,1,5,148,0.243
8,1.570939632860646e-05,311,1,"((1, 0), (1, 8), (-1, 2))",2.9451975228067014e-06,1,50,15,14,4,1,5,148,0.245
8,1.570939632860646e-05,328,0,"((1, 0), (-1, 0), (1, 2))",2.9451975227654928e-06,1,49,17,12,4,0,4,129,0.162
8,1.570939632860646e-05,329,1,"((1, 0), (-1, 0), (1, 2))",2.9451975227654928e-06,1,49,17,12,3,1,4,129,0.159
8,1.570939632860646e-05,330,0,"((1, 0), (-1, 0), (1, 3))",2.9451975228208803e-06,1,49,15,14,4,0,4,141,0.161
8,1.570939632860646e-05,331,1,"((1, 0), (-1, 0), (1, 3))",2.9451975228208803e-06,1,49,15,14,3,1,4,141,0.163
8,1.570939632860646e-05,332,0,"((1, 0), (-1, 0), (1, 4))",2.945197522869056e-06,1,49,15,14,4,0,4,141,0.164
8,1.570939632860646e-05,333,1,"((1, 0), (-1, 0), (1, 4))",2.945197522869056e-06,1,49,15,14,3,1,4,141,0.161
8,1.570939632860646e-05,334,0,"((1, 0), (-1, 0), (1, 5))",2.945197522810471e-06,1,49,17,12,4,0,4,129,0.168
8,1.570939632860646e-05,335,1,"((1, 0), (-1, 0), (1, 5))",2.945197522810471e-06,1,49,17,12,3,1,4,129,0.162
8,1.570939632860646e-05,344,0,"((1, 0), (-1, 0), (-1, 1))",2.9451975227077882e-06,1,49,15,14,3,1,4,141,0.166
8,1.570939632860646e-05,345,1,"((1, 0), (-1, 0), (-1, 1))",2.9451975227077882e-06,1,49,15,14,4,0,4,141,0.161
8,1.570939632860646e-05,346,0,"((1, 0), (-1, 0), (-1, 2))",2.9451975227654928e-06,1,49,17,12,3,1,4,129,0.167
8,1.570939632860646e-05,347,1,"((1, 0), (-1, 0), (-1, 2))",2.9451975227654928e-06,1,49,17,12,4,0,4,129,0.159
8,1.570939632860646e-05,348,0,"((1, 0), (-1, 0), (-1, 3))",2.9451975228208803e-06,1,49,15,14,3,1,4,141,0.168
8,1.570939632860646e-05,349,1,"((1, 0), (-1, 0), (-1, 3))",2.9451975228208803e-06,1,49,15,14,4,0,4,141,0.171
8,1.570939632860646e-05,350,0,"((1, 0), (-1, 0), (-1, 4))",2.945197522869056e-06,1,49,15,14,3,1,4,141,0.165
8,1.570939632860646e-05,351,1,"((1, 0), (-1, 0), (-1, 4))",2.945197522869056e-06,1,49,15,14,4,0,4,141,0.165
8,1.570939632860646e-05,336,0,"((1, 0), (-1, 0), (1, 6))",2.945197522760891e-06,1,49,15,14,4,0,4,141,0.243
8,1.570939632860646e-05,337,1,"((1, 0), (-1, 0), (1, 6))",2.945197522760891e-06,1,49,15,14,3,1,4,141,0.244
8,1.570939632860646e-05,338,0,"((1, 0), (-1, 0), (1, 7))",2.9451975226976526e-06,1,49,15,14,4,0,4,141,0.244
8,1.570939632860646e-05,339,1,"((1, 0), (-1, 0), (1, 7))",2.9451975226976526e-06,1,49,15,14,3,1,4,141,0.241
8,1.570939632860646e-05,340,0,"((1, 0), (-1, 0), (1, 8))",2.945197522604843e-06,1,49,17,12,4,0,4,129,0.247
8,1.570939632860646e-05,341,1,"((1, 0), (-1, 0), (1, 8))",2.945197522604843e-06,1,49,17,12,3,1,4,129,0.245
8,1.570939632860646e-05,342,0,"((1, 0), (-1, 0), (-1, 0))",2.945197522592523e-06,1,49,15,14,3,1,4,141,0.245
8,1.570939632860646e-05,343,1,"((1, 0), (-1, 0), (-1, 0))",2.945197522592523e-06,1,49,15,14,4,0,4,141,0.247
8,1.570939632860646e-05,352,0,"((1, 0), (-1, 0), (-1, 5))",2.945197522810471e-06,1,49,17,12,3,1,4,129,0.245
8,1.570939632860646e-05,353,1,"((1, 0), (-1, 0), (-1, 5))",2.945197522810471e-06,1,49,17,12,4,0,4,129,0.243
8,1.570939632860646e-05,354,0,"((1, 0), (-1, 0), (-1, 6))",2.945197522760891e-06,1,49,15,14,3,1,4,141,0.245
8,1.570939632860646e-05,355,1,"((1, 0), (-1, 0), (-1, 6))",2.945197522760891e-06,1,49,15,14,4,0,4,141,0.245
8,1.570939632860646e-05,356,0,"((1, 0), (-1, 0), (-1, 7))",2.9451975226976526e-06,1,49,15,14,3,1,4,141,0.246
8,1.570939632860646e-05,357,1,"((1, 0), (-1, 0), (-1, 7))",2.9451975226976526e-06,1,49,15,14,4,0,4,141,0.246
8,1.570939632860646e-05,358,0,"((1, 0), (-1, 0), (-1, 8))",2.945197522604843e-06,1,49,17,12,3,1,4,129,0.248
8,1.570939632860646e-05,359,1,"((1, 0), (-1, 0), (-1, 8))",2.945197522604843e-06,1,49,17,12,4,0,4,129,0.245
8,1.570939632860646e-05,360,0,"((1, 0), (-1, 1), (1, 0))",2.9451975226503946e-06,1,49,15,14,4,0,4,141,0.162
8,1.570939632860646e-05,361,1,"((1, 0), (-1, 1), (1, 0))",2.9451975226503946e-06,1,49,15,14,3,1,4,141,0.176
8,1.570939632860646e-05,362,0,"((1, 0), (-1, 1), (1, 1))",2.945197522672894e-06,1,47,16,12,4,0,4,128,0.162
8,1.570939632860646e-05,363,1,"((1, 0), (-1, 1), (1, 1))",2.945197522672894e-06,1,48,16,12,3,1,4,128,0.173
8,1.570939632860646e-05,364,0,"((1, 0), (-1, 1), (1, 2))",2.945197522779258e-06,1,49,15,14,4,0,4,141,0.167
8,1.570939632860646e-05,365,1,"((1, 0), (-1, 1), (1, 2))",2.945197522779258e-06,1,49,15,14,3,1,4,141,0.164
8,1.570939632860646e-05,366,0,"((1, 0), (-1, 1), (1, 3))",2.9451975227950877e-06,1,49,15,14,4,0,4,141,0.165
8,1.570939632860646e-05,367,1,"((1, 0), (-1, 1), (1, 3))",2.9451975227950877e-06,1,49,15,14,3,1,4,141,0.165
8,1.570939632860646e-05,368,0,"((1, 0), (-1, 1), (1, 4))",2.9451975228542157e-06,1,47,16,12,4,0,4,128,0.165
8,1.570939632860646e-05,369,1,"((1, 0), (-1, 1), (1, 4))",2.9451975228542157e-06,1,48,16,12,3,1,4,128,0.18
8,1.570939632860646e-05,370,0,"((1, 0), (-1, 1), (1, 5))",2.9451975228844857e-06,1,49,15,14,4,0,4,141,0.164
8,1.570939632860646e-05,371,1,"((1, 0), (-1, 1), (1, 5))",2.9451975228844857e-06,1,49,15,14,3,1,4,141,0.167
8,1.570939632860646e-05,372,0,"((1, 0), (-1, 1), (1, 6))",2.9451975227411025e-06,1,49,15,14,4,0,4,141,0.162
8,1.570939632860646e-05,373,1,"((1, 0), (-1, 1), (1, 6))",2.9451975227411025e-06,1,49,15,14,3,1,4,141,0.162
8,1.570939632860646e-05,374,0,"((1, 0), (-1, 1), (1, 7))",2.9451975228011452e-06,1,47,16,12,4,0,4,128,0.164
8,1.570939632860646e-05,375,1,"((1, 0), (-1, 1), (1, 7))",2.9451975228011452e-06,1,48,16,12,3,1,4,128,0.164
8,1.570939632860646e-05,392,0,"((1, 0), (-1, 1), (-1, 7))",2.9451975228011452e-06,1,47,16,12,3,1,4,128,0.162
8,1.570939632860646e-05,393,1,"((1, 0), (-1, 1), (-1, 7))",2.9451975228011452e-06,1,48,16,12,4,0,4,128,0.164
8,1.570939632860646e-05,394,0,"((1, 0), (-1, 1), (-1, 8))",2.945197522646184e-06,1,49,15,14,3,1,4,141,0.162
8,1.570939632860646e-05,395,1,"((1, 0), (-1, 1), (-1, 8))",2.945197522646184e-06,1,49,15,14,4,0,4,141,0.162
8,1.570939632860646e-05,396,0,"((1, 0), (-1, 2), (1, 0))",2.9451975226751643e-06,1,50,16,13,4,0,4,135,0.167
8,1.570939632860646e-05,397,1,"((1, 0), (-1, 2), (1, 0))",2.9451975226751643e-06,1,47,16,12,3,1,4,128,0.164
8,1.570939632860646e-05,398,0,"((1, 0), (-1, 2), (1, 1))",2.9451975227141944e-06,1,49,15,14,4,0,4,141,0.168
8,1.570939632860646e-05,399,1,"((1, 0), (-1, 2), (1, 1))",2.9451975227141944e-06,1,49,15,14,3,1,4,141,0.165
8,1.570939632860646e-05,376,0,"((1, 0), (-1, 1), (1, 8))",2.945197522646184e-06,1,49,15,14,4,0,4,141,0.248
8,1.570939632860646e-05,377,1,"((1, 0), (-1, 1), (1, 8))",2.945197522646184e-06,1,49,15,14,3,1,4,141,0.243
8,1.570939632860646e-05,378,0,"((1, 0), (-1, 1), (-1, 0))",2.9451975226503946e-06,1,49,15,14,3,1,4,141,0.245
8,1.570939632860646e-05,379,1,"((1, 0), (-1, 1), (-1, 0))",2.9451975226503946e-06,1,49,15,14,4,0,4,141,0.246
8,1.570939632860646e-05,380,0,"((1, 0), (-1, 1), (-1, 1))",2.945197522672894e-06,1,47,16,12,3,1,4,128,0.244
8,1.570939632860646e-05,381,1,"((1, 0), (-1, 1), (-1, 1))",2.945197522672894e-06,1,48,16,12,4,0,4,128,0.244
8,1.570939632860646e-05,382,0,"((1, 0), (-1, 1), (-1, 2))",2.945197522779258e-06,1,49,15,14,3,1,4,141,0.245
8,1.570939632860646e-05,383,1,"((1, 0), (-1, 1), (-1, 2))",2.945197522779258e-06,1,49,15,14,4,0,4,141,0.242
8,1.570939632860646e-05,400,0,"((1, 0), (-1, 2), (1, 2))",2.945197522727793e-06,1,49,15,14,4,0,4,141,0.167
8,1.570939632860646e-05,401,1,"((1, 0), (-1, 2), (1, 2))",2.945197522727793e-06,1,49,15,14,3,1,4,141,0.166
8,1.570939632860646e-05,402,0,"((1, 0), (-1, 2), (1, 3))",2.945197522792282e-06,1,50,16,13,4,0,4,135,0.164
8,1.570939632860646e-05,403,1,"((1, 0), (-1, 2), (1, 3))",2.945197522792282e-06,1,47,16,12,3,1,4,128,0.161
8,1.570939632860646e-05,404,0,"((1, 0), (-1, 2), (1, 4))",2.9451975228118517e-06,1,49,15,14,4,0,4,141,0.168
8,1.570939632860646e-05,405,1,"((1, 0), (-1, 2), (1, 4))",2.9451975228118517e-06,1,49,15,14,3,1,4,141,0.158
8,1.570939632860646e-05,406,0,"((1, 0), (-1, 2), (1, 5))",2.945197522853074e-06,1,49,15,14,4,0,4,141,0.166
8,1.570939632860646e-05,407,1,"((1, 0), (-1, 2), (1, 5))",2.945197522853074e-06,1,49,15,14,3,1,4,141,0.165
8,1.570939632860646e-05,384,0,"((1, 0), (-1, 1), (-1, 3))",2.9451975227950877e-06,1,49,15,14,3,1,4,141,0.245
8,1.570939632860646e-05,385,1,"((1, 0), (-1, 1), (-1, 3))",2.9451975227950877e-06,1,49,15,14,4,0,4,141,0.247
8,1.570939632860646e-05,386,0,"((1, 0), (-1, 1), (-1, 4))",2.9451975228542157e-06,1,47,16,12,3,1,4,128,0.244
8,1.570939632860646e-05,387,1,"((1, 0), (-1, 1), (-1, 4))",2.9451975228542157e-06,1,48,16,12,4,0,4,128,0.244
8,1.570939632860646e-05,388,0,"((1, 0), (-1, 1), (-1, 5))",2.9451975228844857e-06,1,49,15,14,3,1,4,141,0.245
8,1.570939632860646e-05,389,1,"((1, 0), (-1, 1), (-1, 5))",2.9451975228844857e-06,1,49,15,14,4,0,4,141,0.243
8,1.570939632860646e-05,390,0,"((1, 0), (-1, 1), (-1, 6))",2.9451975227411025e-06,1,49,15,14,3,1,4,141,0.244
8,1.570939632860646e-05,391,1,"((1, 0), (-1, 1), (-1, 6))",2.9451975227411025e-06,1,49,15,14,4,0,4,141,0.245
8,1.570939632860646e-05,408,0,"((1, 0), (-1, 2), (1, 6))",2.945197522798546e-06,1,50,16,13,4,0,4,135,0.161
8,1.570939632860646e-05,409,1,"((1, 0), (-1, 2), (1, 6))",2.945197522798546e-06,1,47,16,12,3,1,4,128,0.161
8,1.570939632860646e-05,410,0,"((1, 0), (-1, 2), (1, 7))",2.945197522764786e-06,1,49,15,14,4,0,4,141,0.163
8,1.570939632860646e-05,411,1,"((1, 0), (-1, 2), (1, 7))",2.945197522764786e-06,1,49,15,14,3,1,4,141,0.16
8,1.570939632860646e-05,412,0,"((1, 0), (-1, 2), (1, 8))",2.945197522733105e-06,1,49,15,14,4,0,4,141,0.162
8,1.570939632860646e-05,413,1,"((1, 0), (-1, 2), (1, 8))",2.945197522733105e-06,1,49,15,14,3,1,4,141,0.16
8,1.570939632860646e-05,414,0,"((1, 0), (-1, 2), (-1, 0))",2.9451975226751643e-06,1,50,16,13,3,1,4,135,0.164
8,1.570939632860646e-05,415,1,"((1, 0), (-1, 2), (-1, 0))",2.9451975226751643e-06,1,47,16,12,4,0,4,128,0.163
8,1.570939632860646e-05,424,0,"((1, 0), (-1, 2), (-1, 5))",2.945197522853074e-06,1,49,15,14,3,1,4,141,0.161
8,1.570939632860646e-05,425,1,"((1, 0), (-1, 2), (-1, 5))",2.945197522853074e-06,1,49,15,14,4,0,4,141,0.16
8,1.570939632860646e-05,426,0,"((1, 0), (-1, 2), (-1, 6))",2.945197522798546e-06,1,50,16,13,3,1,4,135,0.165
8,1.570939632860646e-05,427,1,"((1, 0), (-1, 2), (-1, 6))",2.945197522798546e-06,1,47,16,12,4,0,4,128,0.163
8,1.570939632860646e-05,428,0,"((1, 0), (-1, 2), (-1, 7))",2.945197522764786e-06,1,49,15,14,3,1,4,141,0.163
8,1.570939632860646e-05,429,1,"((1, 0), (-1, 2), (-1, 7))",2.945197522764786e-06,1,49,15,14,4,0,4,141,0.161
8,1.570939632860646e-05,430,0,"((1, 0), (-1, 2), (-1, 8))",2.945197522733105e-06,1,49,15,14,3,1,4,141,0.17
8,1.570939632860646e-05,431,1,"((1, 0), (-1, 2), (-1, 8))",2.945197522733105e-06,1,49,15,14,4,0,4,141,0.161
8,1.570939632860646e-05,416,0,"((1, 0), (-1, 2), (-1, 1))",2.9451975227141944e-06,1,49,15,14,3,1,4,141,0.247
8,1.570939632860646e-05,417,1,"((1, 0), (-1, 2), (-1, 1))",2.9451975227141944e-06,1,49,15,14,4,0,4,141,0.244
8,1.570939632860646e-05,418,0,"((1, 0), (-1, 2), (-1, 2))",2.945197522727793e-06,1,49,15,14,3,1,4,141,0.245
8,1.570939632860646e-05,419,1,"((1, 0), (-1, 2), (-1, 2))",2.945197522727793e-06,1,49,15,14,4,0,4,141,0.243
8,1.570939632860646e-05,420,0,"((1, 0), (-1, 2), (-1, 3))",2.945197522792282e-06,1,50,16,13,3,1,4,135,0.248
8,1.570939632860646e-05,421,1,"((1, 0), (-1, 2), (-1, 3))",2.945197522792282e-06,1,47,16,12,4,0,4,128,0.244
8,1.570939632860646e-05,422,0,"((1, 0), (-1, 2), (-1, 4))",2.9451975228118517e-06,1,49,15,14,3,1,4,141,0.248
8,1.570939632860646e-05,423,1,"((1, 0), (-1, 2), (-1, 4))",2.9451975228118517e-06,1,49,15,14,4,0,4,141,0.242
8,1.570939632860646e-05,432,0,"((1, 0), (-1, 3), (1, 0))",2.945197522744829e-06,1,49,15,14,4,0,4,141,0.246
8,1.570939632860646e-05,433,1,"((1, 0), (-1, 3), (1, 0))",2.945197522744829e-06,1,49,15,14,3,1,4,141,0.243
8,1.570939632860646e-05,434,0,"((1, 0), (-1, 3), (1, 1))",2.945197522721707e-06,1,49,15,14,4,0,4,141,0.248
8,1.570939632860646e-05,435,1,"((1, 0), (-1, 3), (1, 1))",2.945197522721707e-06,1,49,15,14,3,1,4,141,0.246
8,1.570939632860646e-05,436,0,"((1, 0), (-1, 3), (1, 2))",2.9451975227518365e-06,1,49,17,12,4,0,4,129,0.25
8,1.570939632860646e-05,437,1,"((1, 0), (-1, 3), (1, 2))",2.9451975227518365e-06,1,49,17,12,3,1,4,129,0.241
8,1.570939632860646e-05,438,0,"((1, 0), (-1, 3), (1, 3))",2.9451975227235596e-06,1,49,15,14,4,0,4,141,0.245
8,1.570939632860646e-05,439,1,"((1, 0), (-1, 3), (1, 3))",2.9451975227235596e-06,1,49,15,14,3,1,4,141,0.243
8,1.570939632860646e-05,440,0,"((1, 0), (-1, 3), (1, 4))",2.9451975227917893e-06,1,49,15,14,4,0,4,141,0.169
8,1.570939632860646e-05,441,1,"((1, 0), (-1, 3), (1, 4))",2.9451975227917893e-06,1,49,15,14,3,1,4,141,0.166
8,1.570939632860646e-05,442,0,"((1, 0), (-1, 3), (1, 5))",2.9451975227934533e-06,1,49,17,12,4,0,4,129,0.164
8,1.570939632860646e-05,443,1,"((1, 0), (-1, 3), (1, 5))",2.9451975227934533e-06,1,49,17,12,3,1,4,129,0.158
8,1.570939632860646e-05,444,0,"((1, 0), (-1, 3), (1, 6))",2.9451975227498773e-06,1,49,15,14,4,0,4,141,0.167
8,1.570939632860646e-05,445,1,"((1, 0), (-1, 3), (1, 6))",2.9451975227498773e-06,1,49,15,14,3,1,4,141,0.178
8,1.570939632860646e-05,446,0,"((1, 0), (-1, 3), (1, 7))",2.9451975228049717e-06,1,49,15,14,4,0,4,141,0.164
8,1.570939632860646e-05,447,1,"((1, 0), (-1, 3), (1, 7))",2.9451975228049717e-06,1,49,15,14,3,1,4,141,0.162
8,1.570939632860646e-05,448,0,"((1, 0), (-1, 3), (1, 8))",2.945197522679489e-06,1,49,17,12,4,0,4,129,0.16
8,1.570939632860646e-05,449,1,"((1, 0), (-1, 3), (1, 8))",2.945197522679489e-06,1,49,17,12,3,1,4,129,0.16
8,1.570939632860646e-05,450,0,"((1, 0), (-1, 3), (-1, 0))",2.945197522744829e-06,1,49,15,14,3,1,4,141,0.164
8,1.570939632860646e-05,451,1,"((1, 0), (-1, 3), (-1, 0))",2.945197522744829e-06,1,49,15,14,4,0,4,141,0.164
8,1.570939632860646e-05,452,0,"((1, 0), (-1, 3), (-1, 1))",2.945197522721707e-06,1,49,15,14,3,1,4,141,0.163
8,1.570939632860646e-05,453,1,"((1, 0), (-1, 3), (-1, 1))",2.945197522721707e-06,1,49,15,14,4,0,4,141,0.166
8,1.570939632860646e-05,454,0,"((1, 0), (-1, 3), (-1, 2))",2.9451975227518365e-06,1,49,17,12,3,1,4,129,0.169
8,1.570939632860646e-05,455,1,"((1, 0), (-1, 3), (-1, 2))",2.9451975227518365e-06,1,49,17,12,4,0,4,129,0.165
8,1.570939632860646e-05,472,0,"((1, 0), (-1, 4), (1, 2))",2.9451975227195023e-06,1,49,15,14,4,0,4,141,0.166
8,1.570939632860646e-05,473,1,"((1, 0), (-1, 4), (1, 2))",2.9451975227195023e-06,1,49,15,14,3,1,4,141,0.164
8,1.570939632860646e-05,474,0,"((1, 0), (-1, 4), (1, 3))",2.945197522707756e-06,1,49,15,14,4,0,4,141,0.167
8,1.570939632860646e-05,475,1,"((1, 0), (-1, 4), (1, 3))",2.945197522707756e-06,1,49,15,14,3,1,4,141,0.164
8,1.570939632860646e-05,476,0,"((1, 0), (-1, 4), (1, 4))",2.94519752268322e-06,1,47,16,12,4,0,4,128,0.166
8,1.570939632860646e-05,477,1,"((1, 0), (-1, 4), (1, 4))",2.94519752268322e-06,1,50,16,13,3,1,4,135,0.161
8,1.570939632860646e-05,478,0,"((1, 0), (-1, 4), (1, 5))",2.9451975227335435e-06,1,49,15,14,4,0,4,141,0.165
8,1.570939632860646e-05,479,1,"((1, 0), (-1, 4), (1, 5))",2.9451975227335435e-06,1,49,15,14,3,1,4,141,0.165
8,1.570939632860646e-05,456,0,"((1, 0), (-1, 3), (-1, 3))",2.9451975227235596e-06,1,49,15,14,3,1,4,141,0.245
8,1.570939632860646e-05,457,1,"((1, 0), (-1, 3), (-1, 3))",2.9451975227235596e-06,1,49,15,14,4,0,4,141,0.242
8,1.570939632860646e-05,458,0,"((1, 0), (-1, 3), (-1, 4))",2.9451975227917893e-06,1,49,15,14,3,1,4,141,0.246
8,1.570939632860646e-05,459,1,"((1, 0), (-1, 3), (-1, 4))",2.9451975227917893e-06,1,49,15,14,4,0,4,141,0.244
8,1.570939632860646e-05,460,0,"((1, 0), (-1, 3), (-1, 5))",2.9451975227934533e-06,1,49,17,12,3,1,4,129,0.249
8,1.570939632860646e-05,461,1,"((1, 0), (-1, 3), (-1, 5))",2.9451975227934533e-06,1,49,17,12,4,0,4,129,0.242
8,1.570939632860646e-05,462,0,"((1, 0), (-1, 3), (-1, 6))",2.9451975227498773e-06,1,49,15,14,3,1,4,141,0.244
8,1.570939632860646e-05,463,1,"((1, 0), (-1, 3), (-1, 6))",2.9451975227498773e-06,1,49,15,14,4,0,4,141,0.241
8,1.570939632860646e-05,480,0,"((1, 0), (-1, 4), (1, 6))",2.9451975226504094e-06,1,49,15,14,4,0,4,141,0.168
8,1.570939632860646e-05,481,1,"((1, 0), (-1, 4), (1, 6))",2.9451975226504094e-06,1,49,15,14,3,1,4,141,0.163
8,1.570939632860646e-05,482,0,"((1, 0), (-1, 4), (1, 7))",2.9451975227164568e-06,1,47,16,12,4,0,4,128,0.163
8,1.570939632860646e-05,483,1,"((1, 0), (-1, 4), (1, 7))",2.9451975227164568e-06,1,50,16,13,3,1,4,135,0.159
8,1.570939632860646e-05,484,0,"((1, 0), (-1, 4), (1, 8))",2.945197522679828e-06,1,49,15,14,4,0,4,141,0.163
8,1.570939632860646e-05,485,1,"((1, 0), (-1, 4), (1, 8))",2.945197522679828e-06,1,49,15,14,3,1,4,141,0.165
8,1.570939632860646e-05,486,0,"((1, 0), (-1, 4), (-1, 0))",2.9451975226513657e-06,1,49,15,14,3,1,4,141,0.165
8,1.570939632860646e-05,487,1,"((1, 0), (-1, 4), (-1, 0))",2.9451975226513657e-06,1,49,15,14,4,0,4,141,0.16
8,1.570939632860646e-05,464,0,"((1, 0), (-1, 3), (-1, 7))",2.9451975228049717e-06,1,49,15,14,3,1,4,141,0.246
8,1.570939632860646e-05,465,1,"((1, 0), (-1, 3), (-1, 7))",2.9451975228049717e-06,1,49,15,14,4,0,4,141,0.244
8,1.570939632860646e-05,466,0,"((1, 0), (-1, 3), (-1, 8))",2.945197522679489e-06,1,49,17,12,3,1,4,129,0.249
8,1.570939632860646e-05,467,1,"((1, 0), (-1, 3), (-1, 8))",2.945197522679489e-06,1,49,17,12,4,0,4,129,0.242
8,1.570939632860646e-05,468,0,"((1, 0), (-1, 4), (1, 0))",2.9451975226513657e-06,1,49,15,14,4,0,4,141,0.247
8,1.570939632860646e-05,469,1,"((1, 0), (-1, 4), (1, 0))",2.9451975226513657e-06,1,49,15,14,3,1,4,141,0.243
8,1.570939632860646e-05,470,0,"((1, 0), (-1, 4), (1, 1))",2.9451975227515244e-06,1,47,16,12,4,0,4,128,0.247
8,1.570939632860646e-05,471,1,"((1, 0), (-1, 4), (1, 1))",2.9451975227515244e-06,1,50,16,13,3,1,4,135,0.242
8,1.570939632860646e-05,488,0,"((1, 0), (-1, 4), (-1, 1))",2.9451975227515244e-06,1,47,16,12,3,1,4,128,0.167
8,1.570939632860646e-05,489,1,"((1, 0), (-1, 4), (-1, 1))",2.9451975227515244e-06,1,50,16,13,4,0,4,135,0.163
8,1.570939632860646e-05,490,0,"((1, 0), (-1, 4), (-1, 2))",2.9451975227195023e-06,1,49,15,14,3,1,4,141,0.17
8,1.570939632860646e-05,491,1,"((1, 0), (-1, 4), (-1, 2))",2.9451975227195023e-06,1,49,15,14,4,0,4,141,0.167
8,1.570939632860646e-05,492,0,"((1, 0), (-1, 4), (-1, 3))",2.945197522707756e-06,1,49,15,14,3,1,4,141,0.165
8,1.570939632860646e-05,493,1,"((1, 0), (-1, 4), (-1, 3))",2.945197522707756e-06,1,49,15,14,4,0,4,141,0.162
8,1.570939632860646e-05,494,0,"((1, 0), (-1, 4), (-1, 4))",2.94519752268322e-06,1,47,16,12,3,1,4,128,0.17
8,1.570939632860646e-05,495,1,"((1, 0), (-1, 4), (-1, 4))",2.94519752268322e-06,1,50,16,13,4,0,4,135,0.163
8,1.570939632860646e-05,504,0,"((1, 0), (-1, 5), (1, 0))",2.9451975227465e-06,1,50,16,13,4,0,4,135,0.16
8,1.570939632860646e-05,505,1,"((1, 0), (-1, 5), (1, 0))",2.9451975227465e-06,1,47,16,12,3,1,4,128,0.164
8,1.570939632860646e-05,506,0,"((1, 0), (-1, 5), (1, 1))",2.9451975227528567e-06,1,49,15,14,4,0,4,141,0.161
8,1.570939632860646e-05,507,1,"((1, 0), (-1, 5), (1, 1))",2.9451975227528567e-06,1,49,15,14,3,1,4,141,0.162
8,1.570939632860646e-05,508,0,"((1, 0), (-1, 5), (1, 2))",2.9451975228441152e-06,1,49,15,14,4,0,4,141,0.166
8,1.570939632860646e-05,509,1,"((1, 0), (-1, 5), (1, 2))",2.9451975228441152e-06,1,49,15,14,3,1,4,141,0.161
8,1.570939632860646e-05,510,0,"((1, 0), (-1, 5), (1, 3))",2.9451975227702175e-06,1,50,16,13,4,0,4,135,0.16
8,1.570939632860646e-05,511,1,"((1, 0), (-1, 5), (1, 3))",2.9451975227702175e-06,1,47,16,12,3,1,4,128,0.163
8,1.570939632860646e-05,496,0,"((1, 0), (-1, 4), (-1, 5))",2.9451975227335435e-06,1,49,15,14,3,1,4,141,0.248
8,1.570939632860646e-05,497,1,"((1, 0), (-1, 4), (-1, 5))",2.9451975227335435e-06,1,49,15,14,4,0,4,141,0.244
8,1.570939632860646e-05,498,0,"((1, 0), (-1, 4), (-1, 6))",2.9451975226504094e-06,1,49,15,14,3,1,4,141,0.248
8,1.570939632860646e-05,499,1,"((1, 0), (-1, 4), (-1, 6))",2.9451975226504094e-06,1,49,15,14,4,0,4,141,0.242
8,1.570939632860646e-05,500,0,"((1, 0), (-1, 4), (-1, 7))",2.9451975227164568e-06,1,47,16,12,3,1,4,128,0.247
8,1.570939632860646e-05,501,1,"((1, 0), (-1, 4), (-1, 7))",2.9451975227164568e-06,1,50,16,13,4,0,4,135,0.241
8,1.570939632860646e-05,502,0,"((1, 0), (-1, 4), (-1, 8))",2.945197522679828e-06,1,49,15,14,3,1,4,141,0.247
8,1.570939632860646e-05,503,1,"((1, 0), (-1, 4), (-1, 8))",2.945197522679828e-06,1,49,15,14,4,0,4,141,0.248
8,1.570939632860646e-05,512,0,"((1, 0), (-1, 5), (1, 4))",2.945197522762212e-06,1,49,15,14,4,0,4,141,0.244
8,1.570939632860646e-05,513,1,"((1, 0), (-1, 5), (1, 4))",2.945197522762212e-06,1,49,15,14,3,1,4,141,0.246
8,1.570939632860646e-05,514,0,"((1, 0), (-1, 5), (1, 5))",2.94519752271977e-06,1,49,15,14,4,0,4,141,0.248
8,1.570939632860646e-05,515,1,"((1, 0), (-1, 5), (1, 5))",2.94519752271977e-06,1,49,15,14,3,1,4,141,0.245
8,1.570939632860646e-05,516,0,"((1, 0), (-1, 5), (1, 6))",2.9451975226852953e-06,1,50,16,13,4,0,4,135,0.243
8,1.570939632860646e-05,517,1,"((1, 0), (-1, 5), (1, 6))",2.9451975226852953e-06,1,47,16,12,3,1,4,128,0.248
8,1.570939632860646e-05,518,0,"((1, 0), (-1, 5), (1, 7))",2.945197522711784e-06,1,49,15,14,4,0,4,141,0.246
8,1.570939632860646e-05,519,1,"((1, 0), (-1, 5), (1, 7))",2.945197522711784e-06,1,49,15,14,3,1,4,141,0.246
8,1.570939632860646e-05,520,0,"((1, 0), (-1, 5), (1, 8))",2.9451975226861084e-06,1,49,15,14,4,0,4,141,0.167
8,1.570939632860646e-05,521,1,"((1, 0), (-1, 5), (1, 8))",2.9451975226861084e-06,1,49,15,14,3,1,4,141,0.164
8,1.570939632860646e-05,522,0,"((1, 0), (-1, 5), (-1, 0))",2.9451975227465e-06,1,50,16,13,3,1,4,135,0.165
8,1.570939632860646e-05,523,1,"((1, 0), (-1, 5), (-1, 0))",2.9451975227465e-06,1,47,16,12,4,0,4,128,0.168
8,1.570939632860646e-05,524,0,"((1, 0), (-1, 5), (-1, 1))",2.9451975227528567e-06,1,49,15,14,3,1,4,141,0.175
8,1.570939632860646e-05,525,1,"((1, 0), (-1, 5), (-1, 1))",2.9451975227528567e-06,1,49,15,14,4,0,4,141,0.166
8,1.570939632860646e-05,526,0,"((1, 0), (-1, 5), (-1, 2))",2.9451975228441152e-06,1,49,15,14,3,1,4,141,0.171
8,1.570939632860646e-05,527,1,"((1, 0), (-1, 5), (-1, 2))",2.9451975228441152e-06,1,49,15,14,4,0,4,141,0.168
8,1.570939632860646e-05,528,0,"((1, 0), (-1, 5), (-1, 3))",2.9451975227702175e-06,1,50,16,13,3,1,4,135,0.161
8,1.570939632860646e-05,529,1,"((1, 0), (-1, 5), (-1, 3))",2.9451975227702175e-06,1,47,16,12,4,0,4,128,0.181
8,1.570939632860646e-05,530,0,"((1, 0), (-1, 5), (-1, 4))",2.945197522762212e-06,1,49,15,14,3,1,4,141,0.163
8,1.570939632860646e-05,531,1,"((1, 0), (-1, 5), (-1, 4))",2.945197522762212e-06,1,49,15,14,4,0,4,141,0.17
8,1.570939632860646e-05,532,0,"((1, 0), (-1, 5), (-1, 5))",2.94519752271977e-06,1,49,15,14,3,1,4,141,0.169
8,1.570939632860646e-05,533,1,"((1, 0), (-1, 5), (-1, 5))",2.94519752271977e-06,1,49,15,14,4,0,4,141,0.166
8,1.570939632860646e-05,534,0,"((1, 0), (-1, 5), (-1, 6))",2.9451975226852953e-06,1,50,16,13,3,1,4,135,0.165
8,1.570939632860646e-05,535,1,"((1, 0), (-1, 5), (-1, 6))",2.9451975226852953e-06,1,47,16,12,4,0,4,128,0.166
8,1.570939632860646e-05,536,0,"((1, 0), (-1, 5), (-1, 7))",2.945197522711784e-06,1,49,15,14,3,1,4,141,0.246
8,1.570939632860646e-05,537,1,"((1, 0), (-1, 5), (-1, 7))",2.945197522711784e-06,1,49,15,14,4,0,4,141,0.245
8,1.570939632860646e-05,538,0,"((1, 0), (-1, 5), (-1, 8))",2.9451975226861084e-06,1,49,15,14,3,1,4,141,0.251
8,1.570939632860646e-05,539,1,"((1, 0), (-1, 5), (-1, 8))",2.9451975226861084e-06,1,49,15,14,4,0,4,141,0.249
8,1.570939632860646e-05,540,0,"((1, 0), (-1, 6), (1, 0))",2.945197522680668e-06,1,49,15,14,4,0,4,141,0.25
8,1.570939632860646e-05,541,1,"((1, 0), (-1, 6), (1, 0))",2.945197522680668e-06,1,49,15,14,3,1,4,141,0.247
8,1.570939632860646e-05,542,0,"((1, 0), (-1, 6), (1, 1))",2.9451975227758795e-06,1,49,15,14,4,0,4,141,0.244
8,1.570939632860646e-05,543,1,"((1, 0), (-1, 6), (1, 1))",2.9451975227758795e-06,1,49,15,14,3,1,4,141,0.246
8,1.570939632860646e-05,552,0,"((1, 0), (-1, 6), (1, 6))",2.9451975225994095e-06,1,49,15,14,4,0,4,141,0.171
8,1.570939632860646e-05,553,1,"((1, 0), (-1, 6), (1, 6))",2.9451975225994095e-06,1,49,15,14,3,1,4,141,0.164
8,1.570939632860646e-05,554,0,"((1, 0), (-1, 6), (1, 7))",2.9451975226745583e-06,1,49,15,14,4,0,4,141,0.164
8,1.570939632860646e-05,555,1,"((1, 0), (-1, 6), (1, 7))",2.9451975226745583e-06,1,49,15,14,3,1,4,141,0.163
8,1.570939632860646e-05,556,0,"((1, 0), (-1, 6), (1, 8))",2.945197522609324e-06,1,49,17,12,4,0,4,129,0.162
8,1.570939632860646e-05,557,1,"((1, 0), (-1, 6), (1, 8))",2.945197522609324e-06,1,49,17,12,3,1,4,129,0.164
8,1.570939632860646e-05,558,0,"((1, 0), (-1, 6), (-1, 0))",2.945197522680668e-06,1,49,15,14,3,1,4,141,0.164
8,1.570939632860646e-05,559,1,"((1, 0), (-1, 6), (-1, 0))",2.945197522680668e-06,1,49,15,14,4,0,4,141,0.164
8,1.570939632860646e-05,560,0,"((1, 0), (-1, 6), (-1, 1))",2.9451975227758795e-06,1,49,15,14,3,1,4,141,0.168
8,1.570939632860646e-05,561,1,"((1, 0), (-1, 6), (-1, 1))",2.9451975227758795e-06,1,49,15,14,4,0,4,141,0.161
8,1.570939632860646e-05,562,0,"((1, 0), (-1, 6), (-1, 2))",2.9451975227733355e-06,1,49,17,12,3,1,4,129,0.169
8,1.570939632860646e-05,563,1,"((1, 0), (-1, 6), (-1, 2))",2.9451975227733355e-06,1,49,17,12,4,0,4,129,0.164
8,1.570939632860646e-05,564,0,"((1, 0), (-1, 6), (-1, 3))",2.9451975228227183e-06,1,49,15,14,3,1,4,141,0.166
8,1.570939632860646e-05,565,1,"((1, 0), (-1, 6), (-1, 3))",2.9451975228227183e-06,1,49,15,14,4,0,4,141,0.164
8,1.570939632860646e-05,566,0,"((1, 0), (-1, 6), (-1, 4))",2.9451975227525607e-06,1,49,15,14,3,1,4,141,0.164
8,1.570939632860646e-05,567,1,"((1, 0), (-1, 6), (-1, 4))",2.9451975227525607e-06,1,49,15,14,4,0,4,141,0.162
8,1.570939632860646e-05,544,0,"((1, 0), (-1, 6), (1, 2))",2.9451975227733355e-06,1,49,17,12,4,0,4,129,0.247
8,1.570939632860646e-05,545,1,"((1, 0), (-1, 6), (1, 2))",2.9451975227733355e-06,1,49,17,12,3,1,4,129,0.249
8,1.570939632860646e-05,546,0,"((1, 0), (-1, 6), (1, 3))",2.9451975228227183e-06,1,49,15,14,4,0,4,141,0.249
8,1.570939632860646e-05,547,1,"((1, 0), (-1, 6), (1, 3))",2.9451975228227183e-06,1,49,15,14,3,1,4,141,0.247
8,1.570939632860646e-05,548,0,"((1, 0), (-1, 6), (1, 4))",2.9451975227525607e-06,1,49,15,14,4,0,4,141,0.246
8,1.570939632860646e-05,549,1,"((1, 0), (-1, 6), (1, 4))",2.9451975227525607e-06,1,49,15,14,3,1,4,141,0.245
8,1.570939632860646e-05,550,0,"((1, 0), (-1, 6), (1, 5))",2.9451975227266495e-06,1,49,17,12,4,0,4,129,0.245
8,1.570939632860646e-05,551,1,"((1, 0), (-1, 6), (1, 5))",2.9451975227266495e-06,1,49,17,12,3,1,4,129,0.247
8,1.570939632860646e-05,576,0,"((1, 0), (-1, 7), (1, 0))",2.945197522638158e-06,1,49,15,14,4,0,4,141,0.167
8,1.570939632860646e-05,577,1,"((1, 0), (-1, 7), (1, 0))",2.945197522638158e-06,1,49,15,14,3,1,4,141,0.163
8,1.570939632860646e-05,578,0,"((1, 0), (-1, 7), (1, 1))",2.9451975227443216e-06,1,47,16,12,4,0,4,128,0.164
8,1.570939632860646e-05,579,1,"((1, 0), (-1, 7), (1, 1))",2.9451975227443216e-06,1,50,16,13,3,1,4,135,0.165
8,1.570939632860646e-05,580,0,"((1, 0), (-1, 7), (1, 2))",2.945197522830632e-06,1,49,15,14,4,0,4,141,0.162
8,1.570939632860646e-05,581,1,"((1, 0), (-1, 7), (1, 2))",2.945197522830632e-06,1,49,15,14,3,1,4,141,0.168
8,1.570939632860646e-05,582,0,"((1, 0), (-1, 7), (1, 3))",2.9451975227862125e-06,1,49,15,14,4,0,4,141,0.162
8,1.570939632860646e-05,583,1,"((1, 0), (-1, 7), (1, 3))",2.9451975227862125e-06,1,49,15,14,3,1,4,141,0.164
8,1.570939632860646e-05,584,0,"((1, 0), (-1, 7), (1, 4))",2.9451975228393363e-06,1,47,16,12,4,0,4,128,0.169
8,1.570939632860646e-05,585,1,"((1, 0), (-1, 7), (1, 4))",2.9451975228393363e-06,1,50,16,13,3,1,4,135,0.167
8,1.570939632860646e-05,586,0,"((1, 0), (-1, 7), (1, 5))",2.9451975227512732e-06,1,49,15,14,4,0,4,141,0.163
8,1.570939632860646e-05,587,1,"((1, 0), (-1, 7), (1, 5))",2.9451975227512732e-06,1,49,15,14,3,1,4,141,0.166
8,1.570939632860646e-05,588,0,"((1, 0), (-1, 7), (1, 6))",2.9451975226405635e-06,1,49,15,14,4,0,4,141,0.167
8,1.570939632860646e-05,589,1,"((1, 0), (-1, 7), (1, 6))",2.9451975226405635e-06,1,49,15,14,3,1,4,141,0.169
8,1.570939632860646e-05,590,0,"((1, 0), (-1, 7), (1, 7))",2.9451975226229465e-06,1,47,16,12,4,0,4,128,0.166
8,1.570939632860646e-05,591,1,"((1, 0), (-1, 7), (1, 7))",2.9451975226229465e-06,1,50,16,13,3,1,4,135,0.166
8,1.570939632860646e-05,568,0,"((1, 0), (-1, 6), (-1, 5))",2.9451975227266495e-06,1,49,17,12,3,1,4,129,0.245
8,1.570939632860646e-05,569,1,"((1, 0), (-1, 6), (-1, 5))",2.9451975227266495e-06,1,49,17,12,4,0,4,129,0.247
8,1.570939632860646e-05,570,0,"((1, 0), (-1, 6), (-1, 6))",2.9451975225994095e-06,1,49,15,14,3,1,4,141,0.25
8,1.570939632860646e-05,571,1,"((1, 0), (-1, 6), (-1, 6))",2.9451975225994095e-06,1,49,15,14,4,0,4,141,0.249
8,1.570939632860646e-05,572,0,"((1, 0), (-1, 6), (-1, 7))",2.9451975226745583e-06,1,49,15,14,3,1,4,141,0.247
8,1.570939632860646e-05,573,1,"((1, 0), (-1, 6), (-1, 7))",2.9451975226745583e-06,1,49,15,14,4,0,4,141,0.247
8,1.570939632860646e-05,574,0,"((1, 0), (-1, 6), (-1, 8))",2.945197522609324e-06,1,49,17,12,3,1,4,129,0.245
8,1.570939632860646e-05,575,1,"((1, 0), (-1, 6), (-1, 8))",2.945197522609324e-06,1,49,17,12,4,0,4,129,0.249
8,1.570939632860646e-05,592,0,"((1, 0), (-1, 7), (1, 8))",2.9451975226063717e-06,1,49,15,14,4,0,4,141,0.247
8,1.570939632860646e-05,593,1,"((1, 0), (-1, 7), (1, 8))",2.9451975226063717e-06,1,49,15,14,3,1,4,141,0.246
8,1.570939632860646e-05,594,0,"((1, 0), (-1, 7), (-1, 0))",2.945197522638158e-06,1,49,15,14,3,1,4,141,0.248
8,1.570939632860646e-05,595,1,"((1, 0), (-1, 7), (-1, 0))",2.945197522638158e-06,1,49,15,14,4,0,4,141,0.248
8,1.570939632860646e-05,596,0,"((1, 0), (-1, 7), (-1, 1))",2.9451975227443216e-06,1,47,16,12,3,1,4,128,0.246
8,1.570939632860646e-05,597,1,"((1, 0), (-1, 7), (-1, 1))",2.9451975227443216e-06,1,50,16,13,4,0,4,135,0.248
8,1.570939632860646e-05,598,0,"((1, 0), (-1, 7), (-1, 2))",2.945197522830632e-06,1,49,15,14,3,1,4,141,0.247
8,1.570939632860646e-05,599,1,"((1, 0), (-1, 7), (-1, 2))",2.945197522830632e-06,1,49,15,14,4,0,4,141,0.248
8,1.570939632860646e-05,600,0,"((1, 0), (-1, 7), (-1, 3))",2.9451975227862125e-06,1,49,15,14,3,1,4,141,0.163
8,1.570939632860646e-05,601,1,"((1, 0), (-1, 7), (-1, 3))",2.9451975227862125e-06,1,49,15,14,4,0,4,141,0.163
8,1.570939632860646e-05,602,0,"((1, 0), (-1, 7), (-1, 4))",2.9451975228393363e-06,1,47,16,12,3,1,4,128,0.162
8,1.570939632860646e-05,603,1,"((1, 0), (-1, 7), (-1, 4))",2.9451975228393363e-06,1,50,16,13,4,0,4,135,0.163
8,1.570939632860646e-05,604,0,"((1, 0), (-1, 7), (-1, 5))",2.9451975227512732e-06,1,49,15,14,3,1,4,141,0.17
8,1.570939632860646e-05,605,1,"((1, 0), (-1, 7), (-1, 5))",2.9451975227512732e-06,1,49,15,14,4,0,4,141,0.163
8,1.570939632860646e-05,606,0,"((1, 0), (-1, 7), (-1, 6))",2.9451975226405635e-06,1,49,15,14,3,1,4,141,0.165
8,1.570939632860646e-05,607,1,"((1, 0), (-1, 7), (-1, 6))",2.9451975226405635e-06,1,49,15,14,4,0,4,141,0.165
8,1.570939632860646e-05,608,0,"((1, 0), (-1, 7), (-1, 7))",2.9451975226229465e-06,1,47,16,12,3,1,4,128,0.165
8,1.570939632860646e-05,609,1,"((1, 0), (-1, 7), (-1, 7))",2.9451975226229465e-06,1,50,16,13,4,0,4,135,0.191
8,1.570939632860646e-05,610,0,"((1, 0), (-1, 7), (-1, 8))",2.9451975226063717e-06,1,49,15,14,3,1,4,141,0.165
8,1.570939632860646e-05,611,1,"((1, 0), (-1, 7), (-1, 8))",2.9451975226063717e-06,1,49,15,14,4,0,4,141,0.17
8,1.570939632860646e-05,612,0,"((1, 0), (-1, 8), (1, 0))",2.9451975226428327e-06,1,48,16,12,4,0,4,128,0.164
8,1.570939632860646e-05,613,1,"((1, 0), (-1, 8), (1, 0))",2.9451975226428327e-06,1,47,16,12,3,1,4,128,0.17
8,1.570939632860646e-05,614,0,"((1, 0), (-1, 8), (1, 1))",2.9451975227094383e-06,1,49,15,14,4,0,4,141,0.167
8,1.570939632860646e-05,615,1,"((1, 0), (-1, 8), (1, 1))",2.9451975227094383e-06,1,49,15,14,3,1,4,141,0.167
8,1.570939632860646e-05,632,0,"((1, 0), (-1, 8), (-1, 1))",2.9451975227094383e-06,1,49,15,14,3,1,4,141,0.167
8,1.570939632860646e-05,633,1,"((1, 0), (-1, 8), (-1, 1))",2.9451975227094383e-06,1,49,15,14,4,0,4,141,0.163
8,1.570939632860646e-05,634,0,"((1, 0), (-1, 8), (-1, 2))",2.9451975228067014e-06,1,49,15,14,3,1,4,141,0.166
8,1.570939632860646e-05,635,1,"((1, 0), (-1, 8), (-1, 2))",2.9451975228067014e-06,1,49,15,14,4,0,4,141,0.163
8,1.570939632860646e-05,636,0,"((1, 0), (-1, 8), (-1, 3))",2.9451975228511363e-06,1,48,16,12,3,1,4,128,0.162
8,1.570939632860646e-05,637,1,"((1, 0), (-1, 8), (-1, 3))",2.9451975228511363e-06,1,47,16,12,4,0,4,128,0.164
8,1.570939632860646e-05,638,0,"((1, 0), (-1, 8), (-1, 4))",2.9451975228104575e-06,1,49,15,14,3,1,4,141,0.163
8,1.570939632860646e-05,639,1,"((1, 0), (-1, 8), (-1, 4))",2.9451975228104575e-06,1,49,15,14,4,0,4,141,0.164
8,1.570939632860646e-05,616,0,"((1, 0), (-1, 8), (1, 2))",2.9451975228067014e-06,1,49,15,14,4,0,4,141,0.247
8,1.570939632860646e-05,617,1,"((1, 0), (-1, 8), (1, 2))",2.9451975228067014e-06,1,49,15,14,3,1,4,141,0.249
8,1.570939632860646e-05,618,0,"((1, 0), (-1, 8), (1, 3))",2.9451975228511363e-06,1,48,16,12,4,0,4,128,0.252
8,1.570939632860646e-05,619,1,"((1, 0), (-1, 8), (1, 3))",2.9451975228511363e-06,1,47,16,12,3,1,4,128,0.249
8,1.570939632860646e-05,620,0,"((1, 0), (-1, 8), (1, 4))",2.9451975228104575e-06,1,49,15,14,4,0,4,141,0.251
8,1.570939632860646e-05,621,1,"((1, 0), (-1, 8), (1, 4))",2.9451975228104575e-06,1,49,15,14,3,1,4,141,0.248
8,1.570939632860646e-05,622,0,"((1, 0), (-1, 8), (1, 5))",2.945197522845675e-06,1,49,15,14,4,0,4,141,0.25
8,1.570939632860646e-05,623,1,"((1, 0), (-1, 8), (1, 5))",2.945197522845675e-06,1,49,15,14,3,1,4,141,0.249
8,1.570939632860646e-05,624,0,"((1, 0), (-1, 8), (1, 6))",2.945197522672814e-06,1,48,16,12,4,0,4,128,0.25
8,1.570939632860646e-05,625,1,"((1, 0), (-1, 8), (1, 6))",2.945197522672814e-06,1,47,16,12,3,1,4,128,0.25
8,1.570939632860646e-05,626,0,"((1, 0), (-1, 8), (1, 7))",2.945197522671727e-06,1,49,15,14,4,0,4,141,0.25
8,1.570939632860646e-05,627,1,"((1, 0), (-1, 8), (1, 7))",2.945197522671727e-06,1,49,15,14,3,1,4,141,0.248
8,1.570939632860646e-05,628,0,"((1, 0), (-1, 8), (1, 8))",2.945197522562387e-06,1,49,15,14,4,0,4,141,0.25
8,1.570939632860646e-05,629,1,"((1, 0), (-1, 8), (1, 8))",2.945197522562387e-06,1,49,15,14,3,1,4,141,0.248
8,1.570939632860646e-05,630,0,"((1, 0), (-1, 8), (-1, 0))",2.9451975226428327e-06,1,48,16,12,3,1,4,128,0.252
8,1.570939632860646e-05,631,1,"((1, 0), (-1, 8), (-1, 0))",2.9451975226428327e-06,1,47,16,12,4,0,4,128,0.252
8,1.570939632860646e-05,640,0,"((1, 0), (-1, 8), (-1, 5))",2.945197522845675e-06,1,49,15,14,3,1,4,141,0.164
8,1.570939632860646e-05,641,1,"((1, 0), (-1, 8), (-1, 5))",2.945197522845675e-06,1,49,15,14,4,0,4,141,0.17
8,1.570939632860646e-05,642,0,"((1, 0), (-1, 8), (-1, 6))",2.945197522672814e-06,1,48,16,12,3,1,4,128,0.168
8,1.570939632860646e-05,643,1,"((1, 0), (-1, 8), (-1, 6))",2.945197522672814e-06,1,47,16,12,4,0,4,128,0.164
8,1.570939632860646e-05,644,0,"((1, 0), (-1, 8), (-1, 7))",2.945197522671727e-06,1,49,15,14,3,1,4,141,0.166
8,1.570939632860646e-05,645,1,"((1, 0), (-1, 8), (-1, 7))",2.945197522671727e-06,1,49,15,14,4,0,4,141,0.171
8,1.570939632860646e-05,646,0,"((1, 0), (-1, 8), (-1, 8))",2.945197522562387e-06,1,49,15,14,3,1,4,141,0.165
8,1.570939632860646e-05,647,1,"((1, 0), (-1, 8), (-1, 8))",2.945197522562387e-06,1,49,15,14,4,0,4,141,0.168
8,3.1415705306527872,0,0,"((1, 0), (1, 0), (1, 0))",2.8832399893880286e-06,1,59,19,12,7,1,8,159,0.133
8,3.1415705306527872,1,1,"((1, 0), (1, 0), (1, 0))",2.8832399893880286e-06,1,59,19,12,7,1,8,159,0.125
8,3.1415705306527872,2,0,"((1, 0), (1, 0), (1, 1))",2.8832399895692776e-06,1,59,21,10,7,1,8,147,0.126
8,3.1415705306527872,3,1,"((1, 0), (1, 0), (1, 1))",2.8832399895692776e-06,1,59,21,10,7,1,8,147,0.124
8,3.1415705306527872,4,0,"((1, 0), (1, 0), (1, 2))",2.883239989543577e-06,1,59,19,12,7,1,8,159,0.124
8,3.1415705306527872,5,1,"((1, 0), (1, 0), (1, 2))",2.883239989543577e-06,1,59,19,12,7,1,8,159,0.122
8,3.1415705306527872,6,0,"((1, 0), (1, 0), (1, 3))",2.8832399896180434e-06,1,59,19,12,7,1,8,159,0.126
8,3.1415705306527872,7,1,"((1, 0), (1, 0), (1, 3))",2.8832399896180434e-06,1,59,19,12,7,1,8,159,0.124
8,3.1415705306527872,24,0,"((1, 0), (1, 0), (-1, 3))",2.8832399896180434e-06,1,59,19,12,7,1,8,159,0.126
8,3.1415705306527872,25,1,"((1, 0), (1, 0), (-1, 3))",2.8832399896180434e-06,1,59,19,12,7,1,8,159,0.131
8,3.1415705306527872,26,0,"((1, 0), (1, 0), (-1, 4))",2.8832399897635687e-06,1,59,21,10,7,1,8,147,0.126
8,3.1415705306527872,27,1,"((1, 0), (1, 0), (-1, 4))",2.8832399897635687e-06,1,59,21,10,7,1,8,147,0.127
8,3.1415705306527872,28,0,"((1, 0), (1, 0), (-1, 5))",2.8832399896466905e-06,1,59,19,12,7,1,8,159,0.126
8,3.1415705306527872,29,1,"((1, 0), (1, 0), (-1, 5))",2.8832399896466905e-06,1,59,19,12,7,1,8,159,0.126
8,3.1415705306527872,30,0,"((1, 0), (1, 0), (-1, 6))",2.8832399896611527e-06,1,59,19,12,7,1,8,159,0.127
8,3.1415705306527872,31,1,"((1, 0), (1, 0), (-1, 6))",2.8832399896611527e-06,1,59,19,12,7,1,8,159,0.135
8,3.1415705306527872,8,0,"((1, 0), (1, 0), (1, 4))",2.8832399897635687e-06,1,59,21,10,7,1,8,147,0.193
8,3.1415705306527872,9,1,"((1, 0), (1, 0), (1, 4))",2.8832399897635687e-06,1,59,21,10,7,1,8,147,0.192
8,3.1415705306527872,10,0,"((1, 0), (1, 0), (1, 5))",2.8832399896466905e-06,1,59,19,12,7,1,8,159,0.189
8,3.1415705306527872,11,1,"((1, 0), (1, 0), (1, 5))",2.8832399896466905e-06,1,59,19,12,7,1,8,159,0.187
8,3.1415705306527872,12,0,"((1, 0), (1, 0), (1, 6))",2.8832399896611527e-06,1,59,19,12,7,1,8,159,0.192
8,3.1415705306527872,13,1,"((1, 0), (1, 0), (1, 6))",2.8832399896611527e-06,1,59,19,12,7,1,8,159,0.188
8,3.1415705306527872,14,0,"((1, 0), (1, 0), (1, 7))",2.8832399895990504e-06,1,59,21,10,7,1,8,147,0.192
8,3.1415705306527872,15,1,"((1, 0), (1, 0), (1, 7))",2.8832399895990504e-06,1,59,21,10,7,1,8,147,0.189
8,3.1415705306527872,16,0,"((1, 0), (1, 0), (1, 8))",2.8832399894811785e-06,1,59,19,12,7,1,8,159,0.19
8,3.1415705306527872,17,1,"((1, 0), (1, 0), (1, 8))",2.8832399894811785e-06,1,59,19,12,7,1,8,159,0.188
8,3.1415705306527872,18,0,"((1, 0), (1, 0), (-1, 0))",2.8832399893880286e-06,1,59,19,12,7,1,8,159,0.192
8,3.1415705306527872,19,1,"((1, 0), (1, 0), (-1, 0))",2.8832399893880286e-06,1,59,19,12,7,1,8,159,0.188
8,3.1415705306527872,20,0,"((1, 0), (1, 0), (-1, 1))",2.8832399895692776e-06,1,59,21,10,7,1,8,147,0.193
8,3.1415705306527872,21,1,"((1, 0), (1, 0), (-1, 1))",2.8832399895692776e-06,1,59,21,10,7,1,8,147,0.189
8,3.1415705306527872,22,0,"((1, 0), (1, 0), (-1, 2))",2.883239989543577e-06,1,59,19,12,7,1,8,159,0.191
8,3.1415705306527872,23,1,"((1, 0), (1, 0), (-1, 2))",2.883239989543577e-06,1,59,19,12,7,1,8,159,0.19
8,3.1415705306527872,32,0,"((1, 0), (1, 0), (-1, 7))",2.8832399895990504e-06,1,59,21,10,7,1,8,147,0.126
8,3.1415705306527872,33,1,"((1, 0), (1, 0), (-1, 7))",2.8832399895990504e-06,1,59,21,10,7,1,8,147,0.125
8,3.1415705306527872,34,0,"((1, 0), (1, 0), (-1, 8))",2.8832399894811785e-06,1,59,19,12,7,1,8,159,0.126
8,3.1415705306527872,35,1,"((1, 0), (1, 0), (-1, 8))",2.8832399894811785e-06,1,59,19,12,7,1,8,159,0.125
8,3.1415705306527872,36,0,"((1, 0), (1, 1), (1, 0))",2.8832399893610604e-06,1,57,20,10,7,1,8,146,0.124
8,3.1415705306527872,37,1,"((1, 0), (1, 1), (1, 0))",2.8832399893610604e-06,1,58,20,10,7,1,8,146,0.126
8,3.1415705306527872,38,0,"((1, 0), (1, 1), (1, 1))",2.8832399895341376e-06,1,59,19,12,7,1,8,159,0.123
8,3.1415705306527872,39,1,"((1, 0), (1, 1), (1, 1))",2.8832399895341376e-06,1,59,19,12,7,1,8,159,0.124
8,3.1415705306527872,40,0,"((1, 0), (1, 1), (1, 2))",2.8832399895654456e-06,1,59,19,12,7,1,8,159,0.126
8,3.1415705306527872,41,1,"((1, 0), (1, 1), (1, 2))",2.883239989565446e-06,1,59,19,12,7,1,8,159,0.124
8,3.1415705306527872,42,0,"((1, 0), (1, 1), (1, 3))",2.883239989601034e-06,1,57,20,10,7,1,8,146,0.123
8,3.1415705306527872,43,1,"((1, 0), (1, 1), (1, 3))",2.883239989601034e-06,1,60,20,11,7,1,8,153,0.124
8,3.1415705306527872,44,0,"((1, 0), (1, 1), (1, 4))",2.88323998961678e-06,1,59,19,12,7,1,8,159,0.126
8,3.1415705306527872,45,1,"((1, 0), (1, 1), (1, 4))",2.88323998961678e-06,1,59,19,12,7,1,8,159,0.123
8,3.1415705306527872,46,0,"((1, 0), (1, 1), (1, 5))",2.8832399897946057e-06,1,59,19,12,7,1,8,159,0.126
8,3.1415705306527872,47,1,"((1, 0), (1, 1), (1, 5))",2.8832399897946057e-06,1,59,19,12,7,1,8,159,0.129
8,3.1415705306527872,64,0,"((1, 0), (1, 1), (-1, 5))",2.8832399897946057e-06,1,59,19,12,7,1,8,159,0.128
8,3.1415705306527872,65,1,"((1, 0), (1, 1), (-1, 5))",2.8832399897946057e-06,1,59,19,12,7,1,8,159,0.123
8,3.1415705306527872,66,0,"((1, 0), (1, 1), (-1, 6))",2.8832399896106492e-06,1,57,20,10,7,1,8,146,0.124
8,3.1415705306527872,67,1,"((1, 0), (1, 1), (-1, 6))",2.8832399896106492e-06,1,60,20,11,7,1,8,153,0.127
8,3.1415705306527872,68,0,"((1, 0), (1, 1), (-1, 7))",2.8832399896241315e-06,1,59,19,12,7,1,8,159,0.125
8,3.1415705306527872,69,1,"((1, 0), (1, 1), (-1, 7))",2.8832399896241315e-06,1,59,19,12,7,1,8,159,0.124
8,3.1415705306527872,70,0,"((1, 0), (1, 1), (-1, 8))",2.8832399896403475e-06,1,59,19,12,7,1,8,159,0.123
8,3.1415705306527872,71,1,"((1, 0), (1, 1), (-1, 8))",2.8832399896403475e-06,1,59,19,12,7,1,8,159,0.123
8,3.1415705306527872,48,0,"((1, 0), (1, 1), (1, 6))",2.8832399896106492e-06,1,57,20,10,7,1,8,146,0.189
8,3.1415705306527872,49,1,"((1, 0), (1, 1), (1, 6))",2.8832399896106492e-06,1,58,20,10,7,1,8,146,0.189
8,3.1415705306527872,50,0,"((1, 0), (1, 1), (1, 7))",2.8832399896241315e-06,1,59,19,12,7,1,8,159,0.192
8,3.1415705306527872,51,1,"((1, 0), (1, 1), (1, 7))",2.8832399896241315e-06,1,59,19,12,7,1,8,159,0.187
8,3.1415705306527872,52,0,"((1, 0), (1, 1), (1, 8))",2.8832399896403475e-06,1,59,19,12,7,1,8,159,0.192
8,3.1415705306527872,53,1,"((1, 0), (1, 1), (1, 8))",2.8832399896403475e-06,1,59,19,12,7,1,8,159,0.189
8,3.1415705306527872,54,0,"((1, 0), (1, 1), (-1, 0))",2.8832399893610604e-06,1,57,20,10,7,1,8,146,0.188
8,3.1415705306527872,55,1,"((1, 0), (1, 1), (-1, 0))",2.8832399893610604e-06,1,60,20,11,7,1,8,153,0.19
8,3.1415705306527872,56,0,"((1, 0), (1, 1), (-1, 1))",2.8832399895341376e-06,1,59,19,12,7,1,8,159,0.19
8,3.1415705306527872,57,1,"((1, 0), (1, 1), (-1, 1))",2.8832399895341376e-06,1,59,19,12,7,1,8,159,0.187
8,3.1415705306527872,58,0,"((1, 0), (1, 1), (-1, 2))",2.8832399895654456e-06,1,59,19,12,7,1,8,159,0.192
8,3.1415705306527872,59,1,"((1, 0), (1, 1), (-1, 2))",2.883239989565446e-06,1,59,19,12,7,1,8,159,0.19
8,3.1415705306527872,60,0,"((1, 0), (1, 1), (-1, 3))",2.883239989601034e-06,1,57,20,10,7,1,8,146,0.186
8,3.1415705306527872,61,1,"((1, 0), (1, 1), (-1, 3))",2.883239989601034e-06,1,60,20,11,7,1,8,153,0.189
8,3.1415705306527872,62,0,"((1, 0), (1, 1), (-1, 4))",2.88323998961678e-06,1,59,19,12,7,1,8,159,0.19
8,3.1415705306527872,63,1,"((1, 0), (1, 1), (-1, 4))",2.88323998961678e-06,1,59,19,12,7,1,8,159,0.187
8,3.1415705306527872,72,0,"((1, 0), (1, 2), (1, 0))",2.8832399895323592e-06,1,59,19,12,7,1,8,159,0.13
8,3.1415705306527872,73,1,"((1, 0), (1, 2), (1, 0))",2.883239989532359e-06,1,59,19,12,7,1,8,159,0.126
8,3.1415705306527872,74,0,"((1, 0), (1, 2), (1, 1))",2.883239989519299e-06,1,59,19,12,7,1,8,159,0.125
8,3.1415705306527872,75,1,"((1, 0), (1, 2), (1, 1))",2.883239989519299e-06,1,59,19,12,7,1,8,159,0.124
8,3.1415705306527872,76,0,"((1, 0), (1, 2), (1, 2))",2.8832399895424347e-06,1,60,20,11,7,1,8,153,0.13
8,3.1415705306527872,77,1,"((1, 0), (1, 2), (1, 2))",2.8832399895424347e-06,1,57,20,10,7,1,8,146,0.125
8,3.1415705306527872,78,0,"((1, 0), (1, 2), (1, 3))",2.8832399896350323e-06,1,59,19,12,7,1,8,159,0.126
8,3.1415705306527872,79,1,"((1, 0), (1, 2), (1, 3))",2.8832399896350323e-06,1,59,19,12,7,1,8,159,0.131
8,3.1415705306527872,80,0,"((1, 0), (1, 2), (1, 4))",2.8832399896119003e-06,1,59,19,12,7,1,8,159,0.13
8,3.1415705306527872,81,1,"((1, 0), (1, 2), (1, 4))",2.8832399896119003e-06,1,59,19,12,7,1,8,159,0.123
8,3.1415705306527872,82,0,"((1, 0), (1, 2), (1, 5))",2.883239989659946e-06,1,58,20,10,7,1,8,146,0.127
8,3.1415705306527872,83,1,"((1, 0), (1, 2), (1, 5))",2.883239989659946e-06,1,57,20,10,7,1,8,146,0.123
8,3.1415705306527872,84,0,"((1, 0), (1, 2), (1, 6))",2.883239989770694e-06,1,59,19,12,7,1,8,159,0.124
8,3.1415705306527872,85,1,"((1, 0), (1, 2), (1, 6))",2.883239989770694e-06,1,59,19,12,7,1,8,159,0.123
8,3.1415705306527872,86,0,"((1, 0), (1, 2), (1, 7))",2.883239989585757e-06,1,59,19,12,7,1,8,159,0.122
8,3.1415705306527872,87,1,"((1, 0), (1, 2), (1, 7))",2.8832399895857575e-06,1,59,19,12,7,1,8,159,0.122
8,3.1415705306527872,104,0,"((1, 0), (1, 2), (-1, 7))",2.883239989585757e-06,1,59,19,12,7,1,8,159,0.125
8,3.1415705306527872,105,1,"((1, 0), (1, 2), (-1, 7))",2.8832399895857575e-06,1,59,19,12,7,1,8,159,0.126
8,3.1415705306527872,106,0,"((1, 0), (1, 2), (-1, 8))",2.8832399896775576e-06,1,58,20,10,7,1,8,146,0.126
8,3.1415705306527872,107,1,"((1, 0), (1, 2), (-1, 8))",2.8832399896775576e-06,1,57,20,10,7,1,8,146,0.125
8,3.1415705306527872,108,0,"((1, 0), (1, 3), (1, 0))",2.8832399895594664e-06,1,59,19,12,7,1,8,159,0.129
8,3.1415705306527872,109,1,"((1, 0), (1, 3), (1, 0))",2.8832399895594664e-06,1,59,19,12,7,1,8,159,0.125
8,3.1415705306527872,110,0,"((1, 0), (1, 3), (1, 1))",2.8832399896804947e-06,1,59,21,10,7,1,8,147,0.127
8,3.1415705306527872,111,1,"((1, 0), (1, 3), (1, 1))",2.8832399896804947e-06,1,59,21,10,7,1,8,147,0.129
8,3.1415705306527872,88,0,"((1, 0), (1, 2), (1, 8))",2.8832399896775576e-06,1,58,20,10,7,1,8,146,0.192
8,3.1415705306527872,89,1,"((1, 0), (1, 2), (1, 8))",2.8832399896775576e-06,1,57,20,10,7,1,8,146,0.186
8,3.1415705306527872,90,0,"((1, 0), (1, 2), (-1, 0))",2.8832399895323592e-06,1,59,19,12,7,1,8,159,0.187
8,3.1415705306527872,91,1,"((1, 0), (1, 2), (-1, 0))",2.883239989532359e-06,1,59,19,12,7,1,8,159,0.188
8,3.1415705306527872,92,0,"((1, 0), (1, 2), (-1, 1))",2.883239989519299e-06,1,59,19,12,7,1,8,159,0.188
8,3.1415705306527872,93,1,"((1, 0), (1, 2), (-1, 1))",2.883239989519299e-06,1,59,19,12,7,1,8,159,0.189
8,3.1415705306527872,94,0,"((1, 0), (1, 2), (-1, 2))",2.8832399895424347e-06,1,60,20,11,7,1,8,153,0.19
8,3.1415705306527872,95,1,"((1, 0), (1, 2), (-1, 2))",2.8832399895424347e-06,1,57,20,10,7,1,8,146,0.184
8,3.1415705306527872,112,0,"((1, 0), (1, 3), (1, 2))",2.8832399895174934e-06,1,59,19,12,7,1,8,159,0.125
8,3.1415705306527872,113,1,"((1, 0), (1, 3), (1, 2))",2.8832399895174934e-06,1,59,19,12,7,1,8,159,0.124
8,3.1415705306527872,114,0,"((1, 0), (1, 3), (1, 3))",2.883239989601919e-06,1,59,19,12,7,1,8,159,0.124
8,3.1415705306527872,115,1,"((1, 0), (1, 3), (1, 3))",2.883239989601919e-06,1,59,19,12,7,1,8,159,0.122
8,3.1415705306527872,116,0,"((1, 0), (1, 3), (1, 4))",2.883239989635796e-06,1,59,21,10,7,1,8,147,0.123
8,3.1415705306527872,117,1,"((1, 0), (1, 3), (1, 4))",2.883239989635796e-06,1,59,21,10,7,1,8,147,0.124
8,3.1415705306527872,118,0,"((1, 0), (1, 3), (1, 5))",2.8832399896449642e-06,1,59,19,12,7,1,8,159,0.121
8,3.1415705306527872,119,1,"((1, 0), (1, 3), (1, 5))",2.8832399896449642e-06,1,59,19,12,7,1,8,159,0.121
8,3.1415705306527872,96,0,"((1, 0), (1, 2), (-1, 3))",2.8832399896350323e-06,1,59,19,12,7,1,8,159,0.187
8,3.1415705306527872,97,1,"((1, 0), (1, 2), (-1, 3))",2.8832399896350323e-06,1,59,19,12,7,1,8,159,0.187
8,3.1415705306527872,98,0,"((1, 0), (1, 2), (-1, 4))",2.8832399896119003e-06,1,59,19,12,7,1,8,159,0.187
8,3.1415705306527872,99,1,"((1, 0), (1, 2), (-1, 4))",2.8832399896119003e-06,1,59,19,12,7,1,8,159,0.188
8,3.1415705306527872,100,0,"((1, 0), (1, 2), (-1, 5))",2.883239989659946e-06,1,60,20,11,7,1,8,153,0.187
8,3.1415705306527872,101,1,"((1, 0), (1, 2), (-1, 5))",2.883239989659946e-06,1,57,20,10,7,1,8,146,0.185
8,3.1415705306527872,102,0,"((1, 0), (1, 2), (-1, 6))",2.883239989770694e-06,1,59,19,12,7,1,8,159,0.186
8,3.1415705306527872,103,1,"((1, 0), (1, 2), (-1, 6))",2.883239989770694e-06,1,59,19,12,7,1,8,159,0.186
8,3.1415705306527872,120,0,"((1, 0), (1, 3), (1, 6))",2.8832399896259322e-06,1,59,19,12,7,1,8,159,0.128
8,3.1415705306527872,121,1,"((1, 0), (1, 3), (1, 6))",2.8832399896259322e-06,1,59,19,12,7,1,8,159,0.127
8,3.1415705306527872,122,0,"((1, 0), (1, 3), (1, 7))",2.8832399897356997e-06,1,59,21,10,7,1,8,147,0.123
8,3.1415705306527872,123,1,"((1, 0), (1, 3), (1, 7))",2.8832399897356997e-06,1,59,21,10,7,1,8,147,0.124
8,3.1415705306527872,124,0,"((1, 0), (1, 3), (1, 8))",2.883239989629081e-06,1,59,19,12,7,1,8,159,0.123
8,3.1415705306527872,125,1,"((1, 0), (1, 3), (1, 8))",2.883239989629081e-06,1,59,19,12,7,1,8,159,0.122
8,3.1415705306527872,126,0,"((1, 0), (1, 3), (-1, 0))",2.8832399895594664e-06,1,59,19,12,7,1,8,159,0.124
8,3.1415705306527872,127,1,"((1, 0), (1, 3), (-1, 0))",2.8832399895594664e-06,1,59,19,12,7,1,8,159,0.146
8,3.1415705306527872,136,0,"((1, 0), (1, 3), (-1, 5))",2.8832399896449642e-06,1,59,19,12,7,1,8,159,0.123
8,3.1415705306527872,137,1,"((1, 0), (1, 3), (-1, 5))",2.8832399896449642e-06,1,59,19,12,7,1,8,159,0.125
8,3.1415705306527872,138,0,"((1, 0), (1, 3), (-1, 6))",2.8832399896259322e-06,1,59,19,12,7,1,8,159,0.121
8,3.1415705306527872,139,1,"((1, 0), (1, 3), (-1, 6))",2.8832399896259322e-06,1,59,19,12,7,1,8,159,0.122
8,3.1415705306527872,140,0,"((1, 0), (1, 3), (-1, 7))",2.8832399897356997e-06,1,59,21,10,7,1,8,147,0.121
8,3.1415705306527872,141,1,"((1, 0), (1, 3), (-1, 7))",2.8832399897356997e-06,1,59,21,10,7,1,8,147,0.124
8,3.1415705306527872,142,0,"((1, 0), (1, 3), (-1, 8))",2.883239989629081e-06,1,59,19,12,7,1,8,159,0.125
8,3.1415705306527872,143,1,"((1, 0), (1, 3), (-1, 8))",2.883239989629081e-06,1,59,19,12,7,1,8,159,0.124
8,3.1415705306527872,128,0,"((1, 0), (1, 3), (-1, 1))",2.8832399896804947e-06,1,59,21,10,7,1,8,147,0.189
8,3.1415705306527872,129,1,"((1, 0), (1, 3), (-1, 1))",2.8832399896804947e-06,1,59,21,10,7,1,8,147,0.187
8,3.1415705306527872,130,0,"((1, 0), (1, 3), (-1, 2))",2.8832399895174934e-06,1,59,19,12,7,1,8,159,0.189
8,3.1415705306527872,131,1,"((1, 0), (1, 3), (-1, 2))",2.8832399895174934e-06,1,59,19,12,7,1,8,159,0.186
8,3.1415705306527872,132,0,"((1, 0), (1, 3), (-1, 3))",2.883239989601919e-06,1,59,19,12,7,1,8,159,0.185
8,3.1415705306527872,133,1,"((1, 0), (1, 3), (-1, 3))",2.883239989601919e-06,1,59,19,12,7,1,8,159,0.187
8,3.1415705306527872,134,0,"((1, 0), (1, 3), (-1, 4))",2.883239989635796e-06,1,59,21,10,7,1,8,147,0.188
8,3.1415705306527872,135,1,"((1, 0), (1, 3), (-1, 4))",2.883239989635796e-06,1,59,21,10,7,1,8,147,0.188
8,3.1415705306527872,144,0,"((1, 0), (1, 4), (1, 0))",2.8832399894725807e-06,1,57,20,10,7,1,8,146,0.187
8,3.1415705306527872,145,1,"((1, 0), (1, 4), (1, 0))",2.8832399894725803e-06,1,60,20,11,7,1,8,153,0.186
8,3.1415705306527872,146,0,"((1, 0), (1, 4), (1, 1))",2.8832399896691928e-06,1,59,19,12,7,1,8,159,0.189
8,3.1415705306527872,147,1,"((1, 0), (1, 4), (1, 1))",2.8832399896691928e-06,1,59,19,12,7,1,8,159,0.188
8,3.1415705306527872,148,0,"((1, 0), (1, 4), (1, 2))",2.8832399896402793e-06,1,59,19,12,7,1,8,159,0.189
8,3.1415705306527872,149,1,"((1, 0), (1, 4), (1, 2))",2.8832399896402797e-06,1,59,19,12,7,1,8,159,0.189
8,3.1415705306527872,150,0,"((1, 0), (1, 4), (1, 3))",2.883239989538568e-06,1,57,20,10,7,1,8,146,0.187
8,3.1415705306527872,151,1,"((1, 0), (1, 4), (1, 3))",2.883239989538568e-06,1,60,20,11,7,1,8,153,0.186
8,3.1415705306527872,152,0,"((1, 0), (1, 4), (1, 4))",2.883239989564273e-06,1,59,19,12,7,1,8,159,0.127
8,3.1415705306527872,153,1,"((1, 0), (1, 4), (1, 4))",2.883239989564273e-06,1,59,19,12,7,1,8,159,0.123
8,3.1415705306527872,154,0,"((1, 0), (1, 4), (1, 5))",2.88323998963045e-06,1,59,19,12,7,1,8,159,0.128
8,3.1415705306527872,155,1,"((1, 0), (1, 4), (1, 5))",2.88323998963045e-06,1,59,19,12,7,1,8,159,0.131
8,3.1415705306527872,156,0,"((1, 0), (1, 4), (1, 6))",2.8832399895725404e-06,1,57,20,10,7,1,8,146,0.127
8,3.1415705306527872,157,1,"((1, 0), (1, 4), (1, 6))",2.8832399895725404e-06,1,60,20,11,7,1,8,153,0.123
8,3.1415705306527872,158,0,"((1, 0), (1, 4), (1, 7))",2.883239989552528e-06,1,59,19,12,7,1,8,159,0.124
8,3.1415705306527872,159,1,"((1, 0), (1, 4), (1, 7))",2.883239989552528e-06,1,59,19,12,7,1,8,159,0.124
8,3.1415705306527872,160,0,"((1, 0), (1, 4), (1, 8))",2.8832399897406137e-06,1,59,19,12,7,1,8,159,0.129
8,3.1415705306527872,161,1,"((1, 0), (1, 4), (1, 8))",2.8832399897406137e-06,1,59,19,12,7,1,8,159,0.122
8,3.1415705306527872,162,0,"((1, 0), (1, 4), (-1, 0))",2.8832399894725807e-06,1,57,20,10,7,1,8,146,0.124
8,3.1415705306527872,163,1,"((1, 0), (1, 4), (-1, 0))",2.8832399894725803e-06,1,60,20,11,7,1,8,153,0.127
8,3.1415705306527872,164,0,"((1, 0), (1, 4), (-1, 1))",2.8832399896691928e-06,1,59,19,12,7,1,8,159,0.125
8,3.1415705306527872,165,1,"((1, 0), (1, 4), (-1, 1))",2.8832399896691928e-06,1,59,19,12,7,1,8,159,0.123
8,3.1415705306527872,166,0,"((1, 0), (1, 4), (-1, 2))",2.8832399896402793e-06,1,59,19,12,7,1,8,159,0.123
8,3.1415705306527872,167,1,"((1, 0), (1, 4), (-1, 2))",2.8832399896402797e-06,1,59,19,12,7,1,8,159,0.121
8,3.1415705306527872,184,0,"((1, 0), (1, 5), (1, 2))",2.883239989675579e-06,1,60,20,11,7,1,8,153,0.125
8,3.1415705306527872,185,1,"((1, 0), (1, 5), (1, 2))",2.883239989675579e-06,1,57,20,10,7,1,8,146,0.121
8,3.1415705306527872,186,0,"((1, 0), (1, 5), (1, 3))",2.8832399897079555e-06,1,59,19,12,7,1,8,159,0.124
8,3.1415705306527872,187,1,"((1, 0), (1, 5), (1, 3))",2.8832399897079555e-06,1,59,19,12,7,1,8,159,0.122
8,3.1415705306527872,188,0,"((1, 0), (1, 5), (1, 4))",2.8832399895475233e-06,1,59,19,12,7,1,8,159,0.126
8,3.1415705306527872,189,1,"((1, 0), (1, 5), (1, 4))",2.8832399895475233e-06,1,59,19,12,7,1,8,159,0.124
8,3.1415705306527872,190,0,"((1, 0), (1, 5), (1, 5))",2.883239989605528e-06,1,60,20,11,7,1,8,153,0.129
8,3.1415705306527872,191,1,"((1, 0), (1, 5), (1, 5))",2.883239989605528e-06,1,57,20,10,7,1,8,146,0.137
8,3.1415705306527872,168,0,"((1, 0), (1, 4), (-1, 3))",2.883239989538568e-06,1,57,20,10,7,1,8,146,0.186
8,3.1415705306527872,169,1,"((1, 0), (1, 4), (-1, 3))",2.883239989538568e-06,1,60,20,11,7,1,8,153,0.187
8,3.1415705306527872,170,0,"((1, 0), (1, 4), (-1, 4))",2.883239989564273e-06,1,59,19,12,7,1,8,159,0.186
8,3.1415705306527872,171,1,"((1, 0), (1, 4), (-1, 4))",2.883239989564273e-06,1,59,19,12,7,1,8,159,0.184
8,3.1415705306527872,172,0,"((1, 0), (1, 4), (-1, 5))",2.88323998963045e-06,1,59,19,12,7,1,8,159,0.188
8,3.1415705306527872,173,1,"((1, 0), (1, 4), (-1, 5))",2.88323998963045e-06,1,59,19,12,7,1,8,159,0.188
8,3.1415705306527872,174,0,"((1, 0), (1, 4), (-1, 6))",2.8832399895725404e-06,1,57,20,10,7,1,8,146,0.188
8,3.1415705306527872,175,1,"((1, 0), (1, 4), (-1, 6))",2.8832399895725404e-06,1,58,20,10,7,1,8,146,0.188
8,3.1415705306527872,192,0,"((1, 0), (1, 5), (1, 6))",2.8832399896046272e-06,1,59,19,12,7,1,8,159,0.123
8,3.1415705306527872,193,1,"((1, 0), (1, 5), (1, 6))",2.8832399896046272e-06,1,59,19,12,7,1,8,159,0.126
8,3.1415705306527872,194,0,"((1, 0), (1, 5), (1, 7))",2.8832399895457373e-06,1,59,19,12,7,1,8,159,0.124
8,3.1415705306527872,195,1,"((1, 0), (1, 5), (1, 7))",2.8832399895457373e-06,1,59,19,12,7,1,8,159,0.127
8,3.1415705306527872,196,0,"((1, 0), (1, 5), (1, 8))",2.8832399896040436e-06,1,58,20,10,7,1,8,146,0.132
8,3.1415705306527872,197,1,"((1, 0), (1, 5), (1, 8))",2.8832399896040436e-06,1,57,20,10,7,1,8,146,0.127
8,3.1415705306527872,198,0,"((1, 0), (1, 5), (-1, 0))",2.883239989630714e-06,1,59,19,12,7,1,8,159,0.125
8,3.1415705306527872,199,1,"((1, 0), (1, 5), (-1, 0))",2.883239989630714e-06,1,59,19,12,7,1,8,159,0.123
8,3.1415705306527872,176,0,"((1, 0), (1, 4), (-1, 7))",2.883239989552528e-06,1,59,19,12,7,1,8,159,0.187
8,3.1415705306527872,177,1,"((1, 0), (1, 4), (-1, 7))",2.883239989552528e-06,1,59,19,12,7,1,8,159,0.187
8,3.1415705306527872,178,0,"((1, 0), (1, 4), (-1, 8))",2.8832399897406137e-06,1,59,19,12,7,1,8,159,0.189
8,3.1415705306527872,179,1,"((1, 0), (1, 4), (-1, 8))",2.8832399897406137e-06,1,59,19,12,7,1,8,159,0.188
8,3.1415705306527872,180,0,"((1, 0), (1, 5), (1, 0))",2.883239989630714e-06,1,59,19,12,7,1,8,159,0.189
8,3.1415705306527872,181,1,"((1, 0), (1, 5), (1, 0))",2.883239989630714e-06,1,59,19,12,7,1,8,159,0.189
8,3.1415705306527872,182,0,"((1, 0), (1, 5), (1, 1))",2.883239989628908e-06,1,59,19,12,7,1,8,159,0.188
8,3.1415705306527872,183,1,"((1, 0), (1, 5), (1, 1))",2.883239989628908e-06,1,59,19,12,7,1,8,159,0.186
8,3.1415705306527872,200,0,"((1, 0), (1, 5), (-1, 1))",2.883239989628908e-06,1,59,19,12,7,1,8,159,0.126
8,3.1415705306527872,201,1,"((1, 0), (1, 5), (-1, 1))",2.883239989628908e-06,1,59,19,12,7,1,8,159,0.125
8,3.1415705306527872,202,0,"((1, 0), (1, 5), (-1, 2))",2.883239989675579e-06,1,58,20,10,7,1,8,146,0.123
8,3.1415705306527872,203,1,"((1, 0), (1, 5), (-1, 2))",2.883239989675579e-06,1,57,20,10,7,1,8,146,0.123
8,3.1415705306527872,204,0,"((1, 0), (1, 5), (-1, 3))",2.8832399897079555e-06,1,59,19,12,7,1,8,159,0.127
8,3.1415705306527872,205,1,"((1, 0), (1, 5), (-1, 3))",2.8832399897079555e-06,1,59,19,12,7,1,8,159,0.123
8,3.1415705306527872,206,0,"((1, 0), (1, 5), (-1, 4))",2.8832399895475233e-06,1,59,19,12,7,1,8,159,0.124
8,3.1415705306527872,207,1,"((1, 0), (1, 5), (-1, 4))",2.8832399895475233e-06,1,59,19,12,7,1,8,159,0.13
8,3.1415705306527872,216,0,"((1, 0), (1, 6), (1, 0))",2.883239989420452e-06,1,59,19,12,7,1,8,159,0.123
8,3.1415705306527872,217,1,"((1, 0), (1, 6), (1, 0))",2.883239989420452e-06,1,59,19,12,7,1,8,159,0.123
8,3.1415705306527872,218,0,"((1, 0), (1, 6), (1, 1))",2.88323998971335e-06,1,59,21,10,7,1,8,147,0.124
8,3.1415705306527872,219,1,"((1, 0), (1, 6), (1, 1))",2.88323998971335e-06,1,59,21,10,7,1,8,147,0.128
8,3.1415705306527872,220,0,"((1, 0), (1, 6), (1, 2))",2.883239989561602e-06,1,59,19,12,7,1,8,159,0.122
8,3.1415705306527872,221,1,"((1, 0), (1, 6), (1, 2))",2.883239989561602e-06,1,59,19,12,7,1,8,159,0.123
8,3.1415705306527872,222,0,"((1, 0), (1, 6), (1, 3))",2.8832399896695625e-06,1,59,19,12,7,1,8,159,0.122
8,3.1415705306527872,223,1,"((1, 0), (1, 6), (1, 3))",2.8832399896695625e-06,1,59,19,12,7,1,8,159,0.131
8,3.1415705306527872,208,0,"((1, 0), (1, 5), (-1, 5))",2.883239989605528e-06,1,60,20,11,7,1,8,153,0.19
8,3.1415705306527872,209,1,"((1, 0), (1, 5), (-1, 5))",2.883239989605528e-06,1,57,20,10,7,1,8,146,0.185
8,3.1415705306527872,210,0,"((1, 0), (1, 5), (-1, 6))",2.8832399896046272e-06,1,59,19,12,7,1,8,159,0.186
8,3.1415705306527872,211,1,"((1, 0), (1, 5), (-1, 6))",2.8832399896046272e-06,1,59,19,12,7,1,8,159,0.186
8,3.1415705306527872,212,0,"((1, 0), (1, 5), (-1, 7))",2.8832399895457373e-06,1,59,19,12,7,1,8,159,0.187
8,3.1415705306527872,213,1,"((1, 0), (1, 5), (-1, 7))",2.8832399895457373e-06,1,59,19,12,7,1,8,159,0.185
8,3.1415705306527872,214,0,"((1, 0), (1, 5), (-1, 8))",2.8832399896040436e-06,1,58,20,10,7,1,8,146,0.188
8,3.1415705306527872,215,1,"((1, 0), (1, 5), (-1, 8))",2.8832399896040436e-06,1,57,20,10,7,1,8,146,0.187
8,3.1415705306527872,224,0,"((1, 0), (1, 6), (1, 4))",2.883239989643219e-06,1,59,21,10,7,1,8,147,0.188
8,3.1415705306527872,225,1,"((1, 0), (1, 6), (1, 4))",2.883239989643219e-06,1,59,21,10,7,1,8,147,0.188
8,3.1415705306527872,226,0,"((1, 0), (1, 6), (1, 5))",2.8832399895150865e-06,1,59,19,12,7,1,8,159,0.188
8,3.1415705306527872,227,1,"((1, 0), (1, 6), (1, 5))",2.8832399895150865e-06,1,59,19,12,7,1,8,159,0.185
8,3.1415705306527872,228,0,"((1, 0), (1, 6), (1, 6))",2.8832399895060136e-06,1,59,19,12,7,1,8,159,0.189
8,3.1415705306527872,229,1,"((1, 0), (1, 6), (1, 6))",2.8832399895060136e-06,1,59,19,12,7,1,8,159,0.187
8,3.1415705306527872,230,0,"((1, 0), (1, 6), (1, 7))",2.8832399895041327e-06,1,59,21,10,7,1,8,147,0.191
8,3.1415705306527872,231,1,"((1, 0), (1, 6), (1, 7))",2.8832399895041327e-06,1,59,21,10,7,1,8,147,0.187
8,3.1415705306527872,232,0,"((1, 0), (1, 6), (1, 8))",2.8832399895235607e-06,1,59,19,12,7,1,8,159,0.125
8,3.1415705306527872,233,1,"((1, 0), (1, 6), (1, 8))",2.8832399895235607e-06,1,59,19,12,7,1,8,159,0.124
8,3.1415705306527872,234,0,"((1, 0), (1, 6), (-1, 0))",2.883239989420452e-06,1,59,19,12,7,1,8,159,0.123
8,3.1415705306527872,235,1,"((1, 0), (1, 6), (-1, 0))",2.883239989420452e-06,1,59,19,12,7,1,8,159,0.125
8,3.1415705306527872,236,0,"((1, 0), (1, 6), (-1, 1))",2.88323998971335e-06,1,59,21,10,7,1,8,147,0.128
8,3.1415705306527872,237,1,"((1, 0), (1, 6), (-1, 1))",2.88323998971335e-06,1,59,21,10,7,1,8,147,0.125
8,3.1415705306527872,238,0,"((1, 0), (1, 6), (-1, 2))",2.883239989561602e-06,1,59,19,12,7,1,8,159,0.126
8,3.1415705306527872,239,1,"((1, 0), (1, 6), (-1, 2))",2.883239989561602e-06,1,59,19,12,7,1,8,159,0.125
8,3.1415705306527872,240,0,"((1, 0), (1, 6), (-1, 3))",2.8832399896695625e-06,1,59,19,12,7,1,8,159,0.125
8,3.1415705306527872,241,1,"((1, 0), (1, 6), (-1, 3))",2.8832399896695625e-06,1,59,19,12,7,1,8,159,0.124
8,3.1415705306527872,242,0,"((1, 0), (1, 6), (-1, 4))",2.883239989643219e-06,1,59,21,10,7,1,8,147,0.127
8,3.1415705306527872,243,1,"((1, 0), (1, 6), (-1, 4))",2.883239989643219e-06,1,59,21,10,7,1,8,147,0.128
8,3.1415705306527872,244,0,"((1, 0), (1, 6), (-1, 5))",2.8832399895150865e-06,1,59,19,12,7,1,8,159,0.127
8,3.1415705306527872,245,1,"((1, 0), (1, 6), (-1, 5))",2.8832399895150865e-06,1,59,19,12,7,1,8,159,0.125
8,3.1415705306527872,246,0,"((1, 0), (1, 6), (-1, 6))",2.8832399895060136e-06,1,59,19,12,7,1,8,159,0.126
8,3.1415705306527872,247,1,"((1, 0), (1, 6), (-1, 6))",2.8832399895060136e-06,1,59,19,12,7,1,8,159,0.123
8,3.1415705306527872,264,0,"((1, 0), (1, 7), (1, 6))",2.8832399894769934e-06,1,57,20,10,7,1,8,146,0.123
8,3.1415705306527872,265,1,"((1, 0), (1, 7), (1, 6))",2.8832399894769934e-06,1,58,20,10,7,1,8,146,0.123
8,3.1415705306527872,266,0,"((1, 0), (1, 7), (1, 7))",2.8832399894669403e-06,1,59,19,12,7,1,8,159,0.123
8,3.1415705306527872,267,1,"((1, 0), (1, 7), (1, 7))",2.8832399894669403e-06,1,59,19,12,7,1,8,159,0.123
8,3.1415705306527872,268,0,"((1, 0), (1, 7), (1, 8))",2.8832399895433774e-06,1,59,19,12,7,1,8,159,0.123
8,3.1415705306527872,269,1,"((1, 0), (1, 7), (1, 8))",2.8832399895433774e-06,1,59,19,12,7,1,8,159,0.126
8,3.1415705306527872,270,0,"((1, 0), (1, 7), (-1, 0))",2.8832399894013906e-06,1,57,20,10,7,1,8,146,0.124
8,3.1415705306527872,271,1,"((1, 0), (1, 7), (-1, 0))",2.88323998940139e-06,1,58,20,10,7,1,8,146,0.124
8,3.1415705306527872,248,0,"((1, 0), (1, 6), (-1, 7))",2.8832399895041327e-06,1,59,21,10,7,1,8,147,0.19
8,3.1415705306527872,249,1,"((1, 0), (1, 6), (-1, 7))",2.8832399895041327e-06,1,59,21,10,7,1,8,147,0.188
8,3.1415705306527872,250,0,"((1, 0), (1, 6), (-1, 8))",2.8832399895235607e-06,1,59,19,12,7,1,8,159,0.188
8,3.1415705306527872,251,1,"((1, 0), (1, 6), (-1, 8))",2.8832399895235607e-06,1,59,19,12,7,1,8,159,0.189
8,3.1415705306527872,252,0,"((1, 0), (1, 7), (1, 0))",2.8832399894013906e-06,1,57,20,10,7,1,8,146,0.187
8,3.1415705306527872,253,1,"((1, 0), (1, 7), (1, 0))",2.88323998940139e-06,1,60,20,11,7,1,8,153,0.189
8,3.1415705306527872,254,0,"((1, 0), (1, 7), (1, 1))",2.883239989564509e-06,1,59,19,12,7,1,8,159,0.189
8,3.1415705306527872,255,1,"((1, 0), (1, 7), (1, 1))",2.883239989564509e-06,1,59,19,12,7,1,8,159,0.188
8,3.1415705306527872,272,0,"((1, 0), (1, 7), (-1, 1))",2.883239989564509e-06,1,59,19,12,7,1,8,159,0.125
8,3.1415705306527872,273,1,"((1, 0), (1, 7), (-1, 1))",2.883239989564509e-06,1,59,19,12,7,1,8,159,0.128
8,3.1415705306527872,274,0,"((1, 0), (1, 7), (-1, 2))",2.8832399897074655e-06,1,59,19,12,7,1,8,159,0.126
8,3.1415705306527872,275,1,"((1, 0), (1, 7), (-1, 2))",2.8832399897074655e-06,1,59,19,12,7,1,8,159,0.129
8,3.1415705306527872,276,0,"((1, 0), (1, 7), (-1, 3))",2.8832399896170075e-06,1,57,20,10,7,1,8,146,0.125
8,3.1415705306527872,277,1,"((1, 0), (1, 7), (-1, 3))",2.8832399896170075e-06,1,60,20,11,7,1,8,153,0.127
8,3.1415705306527872,278,0,"((1, 0), (1, 7), (-1, 4))",2.8832399896662476e-06,1,59,19,12,7,1,8,159,0.127
8,3.1415705306527872,279,1,"((1, 0), (1, 7), (-1, 4))",2.8832399896662476e-06,1,59,19,12,7,1,8,159,0.126
8,3.1415705306527872,256,0,"((1, 0), (1, 7), (1, 2))",2.8832399897074655e-06,1,59,19,12,7,1,8,159,0.188
8,3.1415705306527872,257,1,"((1, 0), (1, 7), (1, 2))",2.8832399897074655e-06,1,59,19,12,7,1,8,159,0.187
8,3.1415705306527872,258,0,"((1, 0), (1, 7), (1, 3))",2.8832399896170075e-06,1,57,20,10,7,1,8,146,0.187
8,3.1415705306527872,259,1,"((1, 0), (1, 7), (1, 3))",2.8832399896170075e-06,1,60,20,11,7,1,8,153,0.19
8,3.1415705306527872,260,0,"((1, 0), (1, 7), (1, 4))",2.8832399896662476e-06,1,59,19,12,7,1,8,159,0.191
8,3.1415705306527872,261,1,"((1, 0), (1, 7), (1, 4))",2.8832399896662476e-06,1,59,19,12,7,1,8,159,0.189
8,3.1415705306527872,262,0,"((1, 0), (1, 7), (1, 5))",2.8832399896722035e-06,1,59,19,12,7,1,8,159,0.19
8,3.1415705306527872,263,1,"((1, 0), (1, 7), (1, 5))",2.8832399896722035e-06,1,59,19,12,7,1,8,159,0.19
8,3.1415705306527872,280,0,"((1, 0), (1, 7), (-1, 5))",2.8832399896722035e-06,1,59,19,12,7,1,8,159,0.126
8,3.1415705306527872,281,1,"((1, 0), (1, 7), (-1, 5))",2.8832399896722035e-06,1,59,19,12,7,1,8,159,0.129
8,3.1415705306527872,282,0,"((1, 0), (1, 7), (-1, 6))",2.8832399894769934e-06,1,57,20,10,7,1,8,146,0.124
8,3.1415705306527872,283,1,"((1, 0), (1, 7), (-1, 6))",2.8832399894769934e-06,1,60,20,11,7,1,8,153,0.126
8,3.1415705306527872,284,0,"((1, 0), (1, 7), (-1, 7))",2.8832399894669403e-06,1,59,19,12,7,1,8,159,0.128
8,3.1415705306527872,285,1,"((1, 0), (1, 7), (-1, 7))",2.8832399894669403e-06,1,59,19,12,7,1,8,159,0.125
8,3.1415705306527872,286,0,"((1, 0), (1, 7), (-1, 8))",2.8832399895433774e-06,1,59,19,12,7,1,8,159,0.124
8,3.1415705306527872,287,1,"((1, 0), (1, 7), (-1, 8))",2.8832399895433774e-06,1,59,19,12,7,1,8,159,0.135
8,3.1415705306527872,296,0,"((1, 0), (1, 8), (1, 4))",2.883239989626896e-06,1,59,19,12,7,1,8,159,0.124
8,3.1415705306527872,297,1,"((1, 0), (1, 8), (1, 4))",2.883239989626896e-06,1,59,19,12,7,1,8,159,0.126
8,3.1415705306527872,298,0,"((1, 0), (1, 8), (1, 5))",2.8832399897084366e-06,1,60,20,11,7,1,8,153,0.126
8,3.1415705306527872,299,1,"((1, 0), (1, 8), (1, 5))",2.8832399897084366e-06,1,57,20,10,7,1,8,146,0.131
8,3.1415705306527872,300,0,"((1, 0), (1, 8), (1, 6))",2.883239989647315e-06,1,59,19,12,7,1,8,159,0.125
8,3.1415705306527872,301,1,"((1, 0), (1, 8), (1, 6))",2.883239989647315e-06,1,59,19,12,7,1,8,159,0.126
8,3.1415705306527872,302,0,"((1, 0), (1, 8), (1, 7))",2.8832399894511245e-06,1,59,19,12,7,1,8,159,0.126
8,3.1415705306527872,303,1,"((1, 0), (1, 8), (1, 7))",2.8832399894511245e-06,1,59,19,12,7,1,8,159,0.124
8,3.1415705306527872,288,0,"((1, 0), (1, 8), (1, 0))",2.883239989434412e-06,1,59,19,12,7,1,8,159,0.191
8,3.1415705306527872,289,1,"((1, 0), (1, 8), (1, 0))",2.8832399894344117e-06,1,59,19,12,7,1,8,159,0.19
8,3.1415705306527872,290,0,"((1, 0), (1, 8), (1, 1))",2.883239989558652e-06,1,59,19,12,7,1,8,159,0.189
8,3.1415705306527872,291,1,"((1, 0), (1, 8), (1, 1))",2.883239989558652e-06,1,59,19,12,7,1,8,159,0.189
8,3.1415705306527872,292,0,"((1, 0), (1, 8), (1, 2))",2.8832399895718293e-06,1,60,20,11,7,1,8,153,0.191
8,3.1415705306527872,293,1,"((1, 0), (1, 8), (1, 2))",2.8832399895718293e-06,1,57,20,10,7,1,8,146,0.187
8,3.1415705306527872,294,0,"((1, 0), (1, 8), (1, 3))",2.883239989776075e-06,1,59,19,12,7,1,8,159,0.189
8,3.1415705306527872,295,1,"((1, 0), (1, 8), (1, 3))",2.883239989776075e-06,1,59,19,12,7,1,8,159,0.187
8,3.1415705306527872,304,0,"((1, 0), (1, 8), (1, 8))",2.88323998951939e-06,1,60,20,11,7,1,8,153,0.192
8,3.1415705306527872,305,1,"((1, 0), (1, 8), (1, 8))",2.88323998951939e-06,1,57,20,10,7,1,8,146,0.187
8,3.1415705306527872,306,0,"((1, 0), (1, 8), (-1, 0))",2.883239989434412e-06,1,59,19,12,7,1,8,159,0.191
8,3.1415705306527872,307,1,"((1, 0), (1, 8), (-1, 0))",2.8832399894344117e-06,1,59,19,12,7,1,8,159,0.188
8,3.1415705306527872,308,0,"((1, 0), (1, 8), (-1, 1))",2.883239989558652e-06,1,59,19,12,7,1,8,159,0.19
8,3.1415705306527872,309,1,"((1, 0), (1, 8), (-1, 1))",2.883239989558652e-06,1,59,19,12,7,1,8,159,0.189
8,3.1415705306527872,310,0,"((1, 0), (1, 8), (-1, 2))",2.8832399895718293e-06,1,58,20,10,7,1,8,146,0.19
8,3.1415705306527872,311,1,"((1, 0), (1, 8), (-1, 2))",2.8832399895718293e-06,1,57,20,10,7,1,8,146,0.188
8,3.1415705306527872,312,0,"((1, 0), (1, 8), (-1, 3))",2.883239989776075e-06,1,59,19,12,7,1,8,159,0.124
8,3.1415705306527872,313,1,"((1, 0), (1, 8), (-1, 3))",2.883239989776075e-06,1,59,19,12,7,1,8,159,0.124
8,3.1415705306527872,314,0,"((1, 0), (1, 8), (-1, 4))",2.883239989626896e-06,1,59,19,12,7,1,8,159,0.126
8,3.1415705306527872,315,1,"((1, 0), (1, 8), (-1, 4))",2.883239989626896e-06,1,59,19,12,7,1,8,159,0.124
8,3.1415705306527872,316,0,"((1, 0), (1, 8), (-1, 5))",2.8832399897084366e-06,1,60,20,11,7,1,8,153,0.128
8,3.1415705306527872,317,1,"((1, 0), (1, 8), (-1, 5))",2.8832399897084366e-06,1,57,20,10,7,1,8,146,0.123
8,3.1415705306527872,318,0,"((1, 0), (1, 8), (-1, 6))",2.883239989647315e-06,1,59,19,12,7,1,8,159,0.124
8,3.1415705306527872,319,1,"((1, 0), (1, 8), (-1, 6))",2.883239989647315e-06,1,59,19,12,7,1,8,159,0.127
8,3.1415705306527872,320,0,"((1, 0), (1, 8), (-1, 7))",2.8832399894511245e-06,1,59,19,12,7,1,8,159,0.127
8,3.1415705306527872,321,1,"((1, 0), (1, 8), (-1, 7))",2.8832399894511245e-06,1,59,19,12,7,1,8,159,0.126
8,3.1415705306527872,322,0,"((1, 0), (1, 8), (-1, 8))",2.88323998951939e-06,1,58,20,10,7,1,8,146,0.126
8,3.1415705306527872,323,1,"((1, 0), (1, 8), (-1, 8))",2.88323998951939e-06,1,57,20,10,7,1,8,146,0.128
8,3.1415705306527872,324,0,"((1, 0), (-1, 0), (1, 0))",2.8832399893880286e-06,1,58,19,12,7,0,7,152,0.127
8,3.1415705306527872,325,1,"((1, 0), (-1, 0), (1, 0))",2.8832399893880286e-06,1,58,19,12,6,1,7,152,0.124
8,3.1415705306527872,326,0,"((1, 0), (-1, 0), (1, 1))",2.8832399895692776e-06,1,58,21,10,7,0,7,140,0.127
8,3.1415705306527872,327,1,"((1, 0), (-1, 0), (1, 1))",2.8832399895692776e-06,1,58,21,10,6,1,7,140,0.125
8,3.1415705306527872,344,0,"((1, 0), (-1, 0), (-1, 1))",2.8832399895692776e-06,1,58,21,10,6,1,7,140,0.127
8,3.1415705306527872,345,1,"((1, 0), (-1, 0), (-1, 1))",2.8832399895692776e-06,1,58,21,10,7,0,7,140,0.123
8,3.1415705306527872,346,0,"((1, 0), (-1, 0), (-1, 2))",2.883239989543577e-06,1,58,19,12,6,1,7,152,0.124
8,3.1415705306527872,347,1,"((1, 0), (-1, 0), (-1, 2))",2.883239989543577e-06,1,58,19,12,7,0,7,152,0.123
8,3.1415705306527872,348,0,"((1, 0), (-1, 0), (-1, 3))",2.8832399896180434e-06,1,58,19,12,6,1,7,152,0.123
8,3.1415705306527872,349,1,"((1, 0), (-1, 0), (-1, 3))",2.8832399896180434e-06,1,58,19,12,7,0,7,152,0.141
8,3.1415705306527872,350,0,"((1, 0), (-1, 0), (-1, 4))",2.8832399897635687e-06,1,58,21,10,6,1,7,140,0.127
8,3.1415705306527872,351,1,"((1, 0), (-1, 0), (-1, 4))",2.8832399897635687e-06,1,58,21,10,7,0,7,140,0.148
8,3.1415705306527872,328,0,"((1, 0), (-1, 0), (1, 2))",2.883239989543577e-06,1,58,19,12,7,0,7,152,0.188
8,3.1415705306527872,329,1,"((1, 0), (-1, 0), (1, 2))",2.883239989543577e-06,1,58,19,12,6,1,7,152,0.188
8,3.1415705306527872,330,0,"((1, 0), (-1, 0), (1, 3))",2.8832399896180434e-06,1,58,19,12,7,0,7,152,0.189
8,3.1415705306527872,331,1,"((1, 0), (-1, 0), (1, 3))",2.8832399896180434e-06,1,58,19,12,6,1,7,152,0.189
8,3.1415705306527872,332,0,"((1, 0), (-1, 0), (1, 4))",2.8832399897635687e-06,1,58,21,10,7,0,7,140,0.191
8,3.1415705306527872,333,1,"((1, 0), (-1, 0), (1, 4))",2.8832399897635687e-06,1,58,21,10,6,1,7,140,0.19
8,3.1415705306527872,334,0,"((1, 0), (-1, 0), (1, 5))",2.8832399896466905e-06,1,58,19,12,7,0,7,152,0.189
8,3.1415705306527872,335,1,"((1, 0), (-1, 0), (1, 5))",2.8832399896466905e-06,1,58,19,12,6,1,7,152,0.192
8,3.1415705306527872,336,0,"((1, 0), (-1, 0), (1, 6))",2.8832399896611527e-06,1,58,19,12,7,0,7,152,0.19
8,3.1415705306527872,337,1,"((1, 0), (-1, 0), (1, 6))",2.8832399896611527e-06,1,58,19,12,6,1,7,152,0.19
8,3.1415705306527872,338,0,"((1, 0), (-1, 0), (1, 7))",2.8832399895990504e-06,1,58,21,10,7,0,7,140,0.191
8,3.1415705306527872,339,1,"((1, 0), (-1, 0), (1, 7))",2.8832399895990504e-06,1,58,21,10,6,1,7,140,0.192
8,3.1415705306527872,340,0,"((1, 0), (-1, 0), (1, 8))",2.8832399894811785e-06,1,58,19,12,7,0,7,152,0.188
8,3.1415705306527872,341,1,"((1, 0), (-1, 0), (1, 8))",2.8832399894811785e-06,1,58,19,12,6,1,7,152,0.191
8,3.1415705306527872,342,0,"((1, 0), (-1, 0), (-1, 0))",2.8832399893880286e-06,1,58,19,12,6,1,7,152,0.191
8,3.1415705306527872,343,1,"((1, 0), (-1, 0), (-1, 0))",2.8832399893880286e-06,1,58,19,12,7,0,7,152,0.187
8,3.1415705306527872,352,0,"((1, 0), (-1, 0), (-1, 5))",2.8832399896466905e-06,1,58,19,12,6,1,7,152,0.128
8,3.1415705306527872,353,1,"((1, 0), (-1, 0), (-1, 5))",2.8832399896466905e-06,1,58,19,12,7,0,7,152,0.125
8,3.1415705306527872,354,0,"((1, 0), (-1, 0), (-1, 6))",2.8832399896611527e-06,1,58,19,12,6,1,7,152,0.128
8,3.1415705306527872,355,1,"((1, 0), (-1, 0), (-1, 6))",2.8832399896611527e-06,1,58,19,12,7,0,7,152,0.133
8,3.1415705306527872,356,0,"((1, 0), (-1, 0), (-1, 7))",2.8832399895990504e-06,1,58,21,10,6,1,7,140,0.136
8,3.1415705306527872,357,1,"((1, 0), (-1, 0), (-1, 7))",2.8832399895990504e-06,1,58,21,10,7,0,7,140,0.131
8,3.1415705306527872,358,0,"((1, 0), (-1, 0), (-1, 8))",2.8832399894811785e-06,1,58,19,12,6,1,7,152,0.129
8,3.1415705306527872,359,1,"((1, 0), (-1, 0), (-1, 8))",2.8832399894811785e-06,1,58,19,12,7,0,7,152,0.129
8,3.1415705306527872,360,0,"((1, 0), (-1, 1), (1, 0))",2.8832399893610604e-06,1,56,20,10,7,0,7,139,0.129
8,3.1415705306527872,361,1,"((1, 0), (-1, 1), (1, 0))",2.8832399893610604e-06,1,57,20,10,6,1,7,139,0.126
8,3.1415705306527872,362,0,"((1, 0), (-1, 1), (1, 1))",2.8832399895341376e-06,1,58,19,12,7,0,7,152,0.123
8,3.1415705306527872,363,1,"((1, 0), (-1, 1), (1, 1))",2.8832399895341376e-06,1,58,19,12,6,1,7,152,0.127
8,3.1415705306527872,364,0,"((1, 0), (-1, 1), (1, 2))",2.8832399895654456e-06,1,58,19,12,7,0,7,152,0.13
8,3.1415705306527872,365,1,"((1, 0), (-1, 1), (1, 2))",2.883239989565446e-06,1,58,19,12,6,1,7,152,0.133
8,3.1415705306527872,366,0,"((1, 0), (-1, 1), (1, 3))",2.883239989601034e-06,1,56,20,10,7,0,7,139,0.127
8,3.1415705306527872,367,1,"((1, 0), (-1, 1), (1, 3))",2.883239989601034e-06,1,57,20,10,6,1,7,139,0.124
8,3.1415705306527872,384,0,"((1, 0), (-1, 1), (-1, 3))",2.883239989601034e-06,1,56,20,10,6,1,7,139,0.125
8,3.1415705306527872,385,1,"((1, 0), (-1, 1), (-1, 3))",2.883239989601034e-06,1,57,20,10,7,0,7,139,0.13
8,3.1415705306527872,386,0,"((1, 0), (-1, 1), (-1, 4))",2.88323998961678e-06,1,58,19,12,6,1,7,152,0.128
8,3.1415705306527872,387,1,"((1, 0), (-1, 1), (-1, 4))",2.88323998961678e-06,1,58,19,12,7,0,7,152,0.139
8,3.1415705306527872,388,0,"((1, 0), (-1, 1), (-1, 5))",2.8832399897946057e-06,1,58,19,12,6,1,7,152,0.129
8,3.1415705306527872,389,1,"((1, 0), (-1, 1), (-1, 5))",2.8832399897946057e-06,1,58,19,12,7,0,7,152,0.131
8,3.1415705306527872,390,0,"((1, 0), (-1, 1), (-1, 6))",2.8832399896106492e-06,1,56,20,10,6,1,7,139,0.124
8,3.1415705306527872,391,1,"((1, 0), (-1, 1), (-1, 6))",2.8832399896106492e-06,1,59,20,11,7,0,7,146,0.133
8,3.1415705306527872,368,0,"((1, 0), (-1, 1), (1, 4))",2.88323998961678e-06,1,58,19,12,7,0,7,152,0.19
8,3.1415705306527872,369,1,"((1, 0), (-1, 1), (1, 4))",2.88323998961678e-06,1,58,19,12,6,1,7,152,0.189
8,3.1415705306527872,370,0,"((1, 0), (-1, 1), (1, 5))",2.8832399897946057e-06,1,58,19,12,7,0,7,152,0.188
8,3.1415705306527872,371,1,"((1, 0), (-1, 1), (1, 5))",2.8832399897946057e-06,1,58,19,12,6,1,7,152,0.19
8,3.1415705306527872,372,0,"((1, 0), (-1, 1), (1, 6))",2.8832399896106492e-06,1,56,20,10,7,0,7,139,0.19
8,3.1415705306527872,373,1,"((1, 0), (-1, 1), (1, 6))",2.8832399896106492e-06,1,59,20,11,6,1,7,146,0.191
8,3.1415705306527872,374,0,"((1, 0), (-1, 1), (1, 7))",2.8832399896241315e-06,1,58,19,12,7,0,7,152,0.189
8,3.1415705306527872,375,1,"((1, 0), (-1, 1), (1, 7))",2.8832399896241315e-06,1,58,19,12,6,1,7,152,0.189
8,3.1415705306527872,376,0,"((1, 0), (-1, 1), (1, 8))",2.8832399896403475e-06,1,58,19,12,7,0,7,152,0.188
8,3.1415705306527872,377,1,"((1, 0), (-1, 1), (1, 8))",2.8832399896403475e-06,1,58,19,12,6,1,7,152,0.189
8,3.1415705306527872,378,0,"((1, 0), (-1, 1), (-1, 0))",2.8832399893610604e-06,1,56,20,10,6,1,7,139,0.19
8,3.1415705306527872,379,1,"((1, 0), (-1, 1), (-1, 0))",2.8832399893610604e-06,1,57,20,10,7,0,7,139,0.189
8,3.1415705306527872,380,0,"((1, 0), (-1, 1), (-1, 1))",2.8832399895341376e-06,1,58,19,12,6,1,7,152,0.189
8,3.1415705306527872,381,1,"((1, 0), (-1, 1), (-1, 1))",2.8832399895341376e-06,1,58,19,12,7,0,7,152,0.188
8,3.1415705306527872,382,0,"((1, 0), (-1, 1), (-1, 2))",2.8832399895654456e-06,1,58,19,12,6,1,7,152,0.188
8,3.1415705306527872,383,1,"((1, 0), (-1, 1), (-1, 2))",2.883239989565446e-06,1,58,19,12,7,0,7,152,0.189
8,3.1415705306527872,392,0,"((1, 0), (-1, 1), (-1, 7))",2.8832399896241315e-06,1,58,19,12,6,1,7,152,0.126
8,3.1415705306527872,393,1,"((1, 0), (-1, 1), (-1, 7))",2.8832399896241315e-06,1,58,19,12,7,0,7,152,0.125
8,3.1415705306527872,394,0,"((1, 0), (-1, 1), (-1, 8))",2.8832399896403475e-06,1,58,19,12,6,1,7,152,0.124
8,3.1415705306527872,395,1,"((1, 0), (-1, 1), (-1, 8))",2.8832399896403475e-06,1,58,19,12,7,0,7,152,0.131
8,3.1415705306527872,396,0,"((1, 0), (-1, 2), (1, 0))",2.8832399895323592e-06,1,58,19,12,7,0,7,152,0.124
8,3.1415705306527872,397,1,"((1, 0), (-1, 2), (1, 0))",2.883239989532359e-06,1,58,19,12,6,1,7,152,0.128
8,3.1415705306527872,398,0,"((1, 0), (-1, 2), (1, 1))",2.883239989519299e-06,1,58,19,12,7,0,7,152,0.13
8,3.1415705306527872,399,1,"((1, 0), (-1, 2), (1, 1))",2.883239989519299e-06,1,58,19,12,6,1,7,152,0.126
8,3.1415705306527872,400,0,"((1, 0), (-1, 2), (1, 2))",2.8832399895424347e-06,1,59,20,11,7,0,7,146,0.143
8,3.1415705306527872,401,1,"((1, 0), (-1, 2), (1, 2))",2.8832399895424347e-06,1,56,20,10,6,1,7,139,0.131
8,3.1415705306527872,402,0,"((1, 0), (-1, 2), (1, 3))",2.8832399896350323e-06,1,58,19,12,7,0,7,152,0.133
8,3.1415705306527872,403,1,"((1, 0), (-1, 2), (1, 3))",2.8832399896350323e-06,1,58,19,12,6,1,7,152,0.126
8,3.1415705306527872,404,0,"((1, 0), (-1, 2), (1, 4))",2.8832399896119003e-06,1,58,19,12,7,0,7,152,0.128
8,3.1415705306527872,405,1,"((1, 0), (-1, 2), (1, 4))",2.8832399896119003e-06,1,58,19,12,6,1,7,152,0.125
8,3.1415705306527872,406,0,"((1, 0), (-1, 2), (1, 5))",2.883239989659946e-06,1,57,20,10,7,0,7,139,0.129
8,3.1415705306527872,407,1,"((1, 0), (-1, 2), (1, 5))",2.883239989659946e-06,1,56,20,10,6,1,7,139,0.126
8,3.1415705306527872,408,0,"((1, 0), (-1, 2), (1, 6))",2.883239989770694e-06,1,58,19,12,7,0,7,152,0.188
8,3.1415705306527872,409,1,"((1, 0), (-1, 2), (1, 6))",2.883239989770694e-06,1,58,19,12,6,1,7,152,0.188
8,3.1415705306527872,410,0,"((1, 0), (-1, 2), (1, 7))",2.883239989585757e-06,1,58,19,12,7,0,7,152,0.19
8,3.1415705306527872,411,1,"((1, 0), (-1, 2), (1, 7))",2.8832399895857575e-06,1,58,19,12,6,1,7,152,0.188
8,3.1415705306527872,412,0,"((1, 0), (-1, 2), (1, 8))",2.8832399896775576e-06,1,59,20,11,7,0,7,146,0.19
8,3.1415705306527872,413,1,"((1, 0), (-1, 2), (1, 8))",2.8832399896775576e-06,1,56,20,10,6,1,7,139,0.186
8,3.1415705306527872,414,0,"((1, 0), (-1, 2), (-1, 0))",2.8832399895323592e-06,1,58,19,12,6,1,7,152,0.188
8,3.1415705306527872,415,1,"((1, 0), (-1, 2), (-1, 0))",2.883239989532359e-06,1,58,19,12,7,0,7,152,0.187
8,3.1415705306527872,424,0,"((1, 0), (-1, 2), (-1, 5))",2.883239989659946e-06,1,57,20,10,6,1,7,139,0.129
8,3.1415705306527872,425,1,"((1, 0), (-1, 2), (-1, 5))",2.883239989659946e-06,1,56,20,10,7,0,7,139,0.129
8,3.1415705306527872,426,0,"((1, 0), (-1, 2), (-1, 6))",2.883239989770694e-06,1,58,19,12,6,1,7,152,0.128
8,3.1415705306527872,427,1,"((1, 0), (-1, 2), (-1, 6))",2.883239989770694e-06,1,58,19,12,7,0,7,152,0.127
8,3.1415705306527872,428,0,"((1, 0), (-1, 2), (-1, 7))",2.883239989585757e-06,1,58,19,12,6,1,7,152,0.151
8,3.1415705306527872,429,1,"((1, 0), (-1, 2), (-1, 7))",2.8832399895857575e-06,1,58,19,12,7,0,7,152,0.128
8,3.1415705306527872,430,0,"((1, 0), (-1, 2), (-1, 8))",2.8832399896775576e-06,1,59,20,11,6,1,7,146,0.138
8,3.1415705306527872,431,1,"((1, 0), (-1, 2), (-1, 8))",2.8832399896775576e-06,1,56,20,10,7,0,7,139,0.128
8,3.1415705306527872,416,0,"((1, 0), (-1, 2), (-1, 1))",2.883239989519299e-06,1,58,19,12,6,1,7,152,0.191
8,3.1415705306527872,417,1,"((1, 0), (-1, 2), (-1, 1))",2.883239989519299e-06,1,58,19,12,7,0,7,152,0.188
8,3.1415705306527872,418,0,"((1, 0), (-1, 2), (-1, 2))",2.8832399895424347e-06,1,59,20,11,6,1,7,146,0.191
8,3.1415705306527872,419,1,"((1, 0), (-1, 2), (-1, 2))",2.8832399895424347e-06,1,56,20,10,7,0,7,139,0.185
8,3.1415705306527872,420,0,"((1, 0), (-1, 2), (-1, 3))",2.8832399896350323e-06,1,58,19,12,6,1,7,152,0.188
8,3.1415705306527872,421,1,"((1, 0), (-1, 2), (-1, 3))",2.8832399896350323e-06,1,58,19,12,7,0,7,152,0.186
8,3.1415705306527872,422,0,"((1, 0), (-1, 2), (-1, 4))",2.8832399896119003e-06,1,58,19,12,6,1,7,152,0.191
8,3.1415705306527872,423,1,"((1, 0), (-1, 2), (-1, 4))",2.8832399896119003e-06,1,58,19,12,7,0,7,152,0.188
8,3.1415705306527872,432,0,"((1, 0), (-1, 3), (1, 0))",2.8832399895594664e-06,1,58,19,12,7,0,7,152,0.124
8,3.1415705306527872,433,1,"((1, 0), (-1, 3), (1, 0))",2.8832399895594664e-06,1,58,19,12,6,1,7,152,0.124
8,3.1415705306527872,434,0,"((1, 0), (-1, 3), (1, 1))",2.8832399896804947e-06,1,58,21,10,7,0,7,140,0.129
8,3.1415705306527872,435,1,"((1, 0), (-1, 3), (1, 1))",2.8832399896804947e-06,1,58,21,10,6,1,7,140,0.129
8,3.1415705306527872,436,0,"((1, 0), (-1, 3), (1, 2))",2.8832399895174934e-06,1,58,19,12,7,0,7,152,0.129
8,3.1415705306527872,437,1,"((1, 0), (-1, 3), (1, 2))",2.8832399895174934e-06,1,58,19,12,6,1,7,152,0.129
8,3.1415705306527872,438,0,"((1, 0), (-1, 3), (1, 3))",2.883239989601919e-06,1,58,19,12,7,0,7,152,0.126
8,3.1415705306527872,439,1,"((1, 0), (-1, 3), (1, 3))",2.883239989601919e-06,1,58,19,12,6,1,7,152,0.123
8,3.1415705306527872,448,0,"((1, 0), (-1, 3), (1, 8))",2.883239989629081e-06,1,58,19,12,7,0,7,152,0.129
8,3.1415705306527872,449,1,"((1, 0), (-1, 3), (1, 8))",2.883239989629081e-06,1,58,19,12,6,1,7,152,0.134
8,3.1415705306527872,450,0,"((1, 0), (-1, 3), (-1, 0))",2.8832399895594664e-06,1,58,19,12,6,1,7,152,0.127
8,3.1415705306527872,451,1,"((1, 0), (-1, 3), (-1, 0))",2.8832399895594664e-06,1,58,19,12,7,0,7,152,0.14
8,3.1415705306527872,452,0,"((1, 0), (-1, 3), (-1, 1))",2.8832399896804947e-06,1,58,21,10,6,1,7,140,0.138
8,3.1415705306527872,453,1,"((1, 0), (-1, 3), (-1, 1))",2.8832399896804947e-06,1,58,21,10,7,0,7,140,0.143
8,3.1415705306527872,454,0,"((1, 0), (-1, 3), (-1, 2))",2.8832399895174934e-06,1,58,19,12,6,1,7,152,0.132
8,3.1415705306527872,455,1,"((1, 0), (-1, 3), (-1, 2))",2.8832399895174934e-06,1,58,19,12,7,0,7,152,0.128
8,3.1415705306527872,464,0,"((1, 0), (-1, 3), (-1, 7))",2.8832399897356997e-06,1,58,21,10,6,1,7,140,0.126
8,3.1415705306527872,465,1,"((1, 0), (-1, 3), (-1, 7))",2.8832399897356997e-06,1,58,21,10,7,0,7,140,0.124
8,3.1415705306527872,466,0,"((1, 0), (-1, 3), (-1, 8))",2.883239989629081e-06,1,58,19,12,6,1,7,152,0.125
8,3.1415705306527872,467,1,"((1, 0), (-1, 3), (-1, 8))",2.883239989629081e-06,1,58,19,12,7,0,7,152,0.123
8,3.1415705306527872,468,0,"((1, 0), (-1, 4), (1, 0))",2.8832399894725807e-06,1,56,20,10,7,0,7,139,0.123
8,3.1415705306527872,469,1,"((1, 0), (-1, 4), (1, 0))",2.8832399894725803e-06,1,59,20,11,6,1,7,146,0.126
8,3.1415705306527872,470,0,"((1, 0), (-1, 4), (1, 1))",2.8832399896691928e-06,1,58,19,12,7,0,7,152,0.121
8,3.1415705306527872,471,1,"((1, 0), (-1, 4), (1, 1))",2.8832399896691928e-06,1,58,19,12,6,1,7,152,0.124
8,3.1415705306527872,440,0,"((1, 0), (-1, 3), (1, 4))",2.883239989635796e-06,1,58,21,10,7,0,7,140,0.19
8,3.1415705306527872,441,1,"((1, 0), (-1, 3), (1, 4))",2.883239989635796e-06,1,58,21,10,6,1,7,140,0.191
8,3.1415705306527872,442,0,"((1, 0), (-1, 3), (1, 5))",2.8832399896449642e-06,1,58,19,12,7,0,7,152,0.191
8,3.1415705306527872,443,1,"((1, 0), (-1, 3), (1, 5))",2.8832399896449642e-06,1,58,19,12,6,1,7,152,0.19
8,3.1415705306527872,444,0,"((1, 0), (-1, 3), (1, 6))",2.8832399896259322e-06,1,58,19,12,7,0,7,152,0.191
8,3.1415705306527872,445,1,"((1, 0), (-1, 3), (1, 6))",2.8832399896259322e-06,1,58,19,12,6,1,7,152,0.19
8,3.1415705306527872,446,0,"((1, 0), (-1, 3), (1, 7))",2.8832399897356997e-06,1,58,21,10,7,0,7,140,0.188
8,3.1415705306527872,447,1,"((1, 0), (-1, 3), (1, 7))",2.8832399897356997e-06,1,58,21,10,6,1,7,140,0.192
8,3.1415705306527872,456,0,"((1, 0), (-1, 3), (-1, 3))",2.883239989601919e-06,1,58,19,12,6,1,7,152,0.19
8,3.1415705306527872,457,1,"((1, 0), (-1, 3), (-1, 3))",2.883239989601919e-06,1,58,19,12,7,0,7,152,0.188
8,3.1415705306527872,458,0,"((1, 0), (-1, 3), (-1, 4))",2.883239989635796e-06,1,58,21,10,6,1,7,140,0.194
8,3.1415705306527872,459,1,"((1, 0), (-1, 3), (-1, 4))",2.883239989635796e-06,1,58,21,10,7,0,7,140,0.189
8,3.1415705306527872,460,0,"((1, 0), (-1, 3), (-1, 5))",2.8832399896449642e-06,1,58,19,12,6,1,7,152,0.189
8,3.1415705306527872,461,1,"((1, 0), (-1, 3), (-1, 5))",2.8832399896449642e-06,1,58,19,12,7,0,7,152,0.19
8,3.1415705306527872,462,0,"((1, 0), (-1, 3), (-1, 6))",2.8832399896259322e-06,1,58,19,12,6,1,7,152,0.189
8,3.1415705306527872,463,1,"((1, 0), (-1, 3), (-1, 6))",2.8832399896259322e-06,1,58,19,12,7,0,7,152,0.191
8,3.1415705306527872,472,0,"((1, 0), (-1, 4), (1, 2))",2.8832399896402793e-06,1,58,19,12,7,0,7,152,0.129
8,3.1415705306527872,473,1,"((1, 0), (-1, 4), (1, 2))",2.8832399896402797e-06,1,58,19,12,6,1,7,152,0.132
8,3.1415705306527872,474,0,"((1, 0), (-1, 4), (1, 3))",2.883239989538568e-06,1,56,20,10,7,0,7,139,0.144
8,3.1415705306527872,475,1,"((1, 0), (-1, 4), (1, 3))",2.883239989538568e-06,1,59,20,11,6,1,7,146,0.132
8,3.1415705306527872,476,0,"((1, 0), (-1, 4), (1, 4))",2.883239989564273e-06,1,58,19,12,7,0,7,152,0.129
8,3.1415705306527872,477,1,"((1, 0), (-1, 4), (1, 4))",2.883239989564273e-06,1,58,19,12,6,1,7,152,0.13
8,3.1415705306527872,478,0,"((1, 0), (-1, 4), (1, 5))",2.88323998963045e-06,1,58,19,12,7,0,7,152,0.128
8,3.1415705306527872,479,1,"((1, 0), (-1, 4), (1, 5))",2.88323998963045e-06,1,58,19,12,6,1,7,152,0.132
8,3.1415705306527872,480,0,"((1, 0), (-1, 4), (1, 6))",2.8832399895725404e-06,1,56,20,10,7,0,7,139,0.131
8,3.1415705306527872,481,1,"((1, 0), (-1, 4), (1, 6))",2.8832399895725404e-06,1,59,20,11,6,1,7,146,0.126
8,3.1415705306527872,482,0,"((1, 0), (-1, 4), (1, 7))",2.883239989552528e-06,1,58,19,12,7,0,7,152,0.123
8,3.1415705306527872,483,1,"((1, 0), (-1, 4), (1, 7))",2.883239989552528e-06,1,58,19,12,6,1,7,152,0.125
8,3.1415705306527872,484,0,"((1, 0), (-1, 4), (1, 8))",2.8832399897406137e-06,1,58,19,12,7,0,7,152,0.123
8,3.1415705306527872,485,1,"((1, 0), (-1, 4), (1, 8))",2.8832399897406137e-06,1,58,19,12,6,1,7,152,0.125
8,3.1415705306527872,486,0,"((1, 0), (-1, 4), (-1, 0))",2.8832399894725807e-06,1,56,20,10,6,1,7,139,0.123
8,3.1415705306527872,487,1,"((1, 0), (-1, 4), (-1, 0))",2.8832399894725803e-06,1,59,20,11,7,0,7,146,0.128
8,3.1415705306527872,488,0,"((1, 0), (-1, 4), (-1, 1))",2.8832399896691928e-06,1,58,19,12,6,1,7,152,0.188
8,3.1415705306527872,489,1,"((1, 0), (-1, 4), (-1, 1))",2.8832399896691928e-06,1,58,19,12,7,0,7,152,0.19
8,3.1415705306527872,490,0,"((1, 0), (-1, 4), (-1, 2))",2.8832399896402793e-06,1,58,19,12,6,1,7,152,0.188
8,3.1415705306527872,491,1,"((1, 0), (-1, 4), (-1, 2))",2.8832399896402797e-06,1,58,19,12,7,0,7,152,0.192
8,3.1415705306527872,492,0,"((1, 0), (-1, 4), (-1, 3))",2.883239989538568e-06,1,56,20,10,6,1,7,139,0.189
8,3.1415705306527872,493,1,"((1, 0), (-1, 4), (-1, 3))",2.883239989538568e-06,1,59,20,11,7,0,7,146,0.192
8,3.1415705306527872,494,0,"((1, 0), (-1, 4), (-1, 4))",2.883239989564273e-06,1,58,19,12,6,1,7,152,0.189
8,3.1415705306527872,495,1,"((1, 0), (-1, 4), (-1, 4))",2.883239989564273e-06,1,58,19,12,7,0,7,152,0.187
8,3.1415705306527872,504,0,"((1, 0), (-1, 5), (1, 0))",2.883239989630714e-06,1,58,19,12,7,0,7,152,0.126
8,3.1415705306527872,505,1,"((1, 0), (-1, 5), (1, 0))",2.883239989630714e-06,1,58,19,12,6,1,7,152,0.126
8,3.1415705306527872,506,0,"((1, 0), (-1, 5), (1, 1))",2.883239989628908e-06,1,58,19,12,7,0,7,152,0.128
8,3.1415705306527872,507,1,"((1, 0), (-1, 5), (1, 1))",2.883239989628908e-06,1,58,19,12,6,1,7,152,0.127
8,3.1415705306527872,508,0,"((1, 0), (-1, 5), (1, 2))",2.883239989675579e-06,1,59,20,11,7,0,7,146,0.127
8,3.1415705306527872,509,1,"((1, 0), (-1, 5), (1, 2))",2.883239989675579e-06,1,56,20,10,6,1,7,139,0.129
8,3.1415705306527872,510,0,"((1, 0), (-1, 5), (1, 3))",2.8832399897079555e-06,1,58,19,12,7,0,7,152,0.125
8,3.1415705306527872,511,1,"((1, 0), (-1, 5), (1, 3))",2.8832399897079555e-06,1,58,19,12,6,1,7,152,0.123
8,3.1415705306527872,496,0,"((1, 0), (-1, 4), (-1, 5))",2.88323998963045e-06,1,58,19,12,6,1,7,152,0.19
8,3.1415705306527872,497,1,"((1, 0), (-1, 4), (-1, 5))",2.88323998963045e-06,1,58,19,12,7,0,7,152,0.192
8,3.1415705306527872,498,0,"((1, 0), (-1, 4), (-1, 6))",2.8832399895725404e-06,1,56,20,10,6,1,7,139,0.19
8,3.1415705306527872,499,1,"((1, 0), (-1, 4), (-1, 6))",2.8832399895725404e-06,1,59,20,11,7,0,7,146,0.193
8,3.1415705306527872,500,0,"((1, 0), (-1, 4), (-1, 7))",2.883239989552528e-06,1,58,19,12,6,1,7,152,0.186
8,3.1415705306527872,501,1,"((1, 0), (-1, 4), (-1, 7))",2.883239989552528e-06,1,58,19,12,7,0,7,152,0.189
8,3.1415705306527872,502,0,"((1, 0), (-1, 4), (-1, 8))",2.8832399897406137e-06,1,58,19,12,6,1,7,152,0.187
8,3.1415705306527872,503,1,"((1, 0), (-1, 4), (-1, 8))",2.8832399897406137e-06,1,58,19,12,7,0,7,152,0.192
8,3.1415705306527872,512,0,"((1, 0), (-1, 5), (1, 4))",2.8832399895475233e-06,1,58,19,12,7,0,7,152,0.125
8,3.1415705306527872,513,1,"((1, 0), (-1, 5), (1, 4))",2.8832399895475233e-06,1,58,19,12,6,1,7,152,0.122
8,3.1415705306527872,514,0,"((1, 0), (-1, 5), (1, 5))",2.883239989605528e-06,1,57,20,10,7,0,7,139,0.124
8,3.1415705306527872,515,1,"((1, 0), (-1, 5), (1, 5))",2.883239989605528e-06,1,56,20,10,6,1,7,139,0.121
8,3.1415705306527872,516,0,"((1, 0), (-1, 5), (1, 6))",2.8832399896046272e-06,1,58,19,12,7,0,7,152,0.124
8,3.1415705306527872,517,1,"((1, 0), (-1, 5), (1, 6))",2.8832399896046272e-06,1,58,19,12,6,1,7,152,0.122
8,3.1415705306527872,518,0,"((1, 0), (-1, 5), (1, 7))",2.8832399895457373e-06,1,58,19,12,7,0,7,152,0.124
8,3.1415705306527872,519,1,"((1, 0), (-1, 5), (1, 7))",2.8832399895457373e-06,1,58,19,12,6,1,7,152,0.129
8,3.1415705306527872,528,0,"((1, 0), (-1, 5), (-1, 3))",2.8832399897079555e-06,1,58,19,12,6,1,7,152,0.129
8,3.1415705306527872,529,1,"((1, 0), (-1, 5), (-1, 3))",2.8832399897079555e-06,1,58,19,12,7,0,7,152,0.138
8,3.1415705306527872,530,0,"((1, 0), (-1, 5), (-1, 4))",2.8832399895475233e-06,1,58,19,12,6,1,7,152,0.144
8,3.1415705306527872,531,1,"((1, 0), (-1, 5), (-1, 4))",2.8832399895475233e-06,1,58,19,12,7,0,7,152,0.131
8,3.1415705306527872,532,0,"((1, 0), (-1, 5), (-1, 5))",2.883239989605528e-06,1,57,20,10,6,1,7,139,0.15
8,3.1415705306527872,533,1,"((1, 0), (-1, 5), (-1, 5))",2.883239989605528e-06,1,56,20,10,7,0,7,139,0.143
8,3.1415705306527872,534,0,"((1, 0), (-1, 5), (-1, 6))",2.8832399896046272e-06,1,58,19,12,6,1,7,152,0.136
8,3.1415705306527872,535,1,"((1, 0), (-1, 5), (-1, 6))",2.8832399896046272e-06,1,58,19,12,7,0,7,152,0.132
8,3.1415705306527872,544,0,"((1, 0), (-1, 6), (1, 2))",2.883239989561602e-06,1,58,19,12,7,0,7,152,0.123
8,3.1415705306527872,545,1,"((1, 0), (-1, 6), (1, 2))",2.883239989561602e-06,1,58,19,12,6,1,7,152,0.123
8,3.1415705306527872,546,0,"((1, 0), (-1, 6), (1, 3))",2.8832399896695625e-06,1,58,19,12,7,0,7,152,0.123
8,3.1415705306527872,547,1,"((1, 0), (-1, 6), (1, 3))",2.8832399896695625e-06,1,58,19,12,6,1,7,152,0.124
8,3.1415705306527872,548,0,"((1, 0), (-1, 6), (1, 4))",2.883239989643219e-06,1,58,21,10,7,0,7,140,0.122
8,3.1415705306527872,549,1,"((1, 0), (-1, 6), (1, 4))",2.883239989643219e-06,1,58,21,10,6,1,7,140,0.125
8,3.1415705306527872,550,0,"((1, 0), (-1, 6), (1, 5))",2.8832399895150865e-06,1,58,19,12,7,0,7,152,0.124
8,3.1415705306527872,551,1,"((1, 0), (-1, 6), (1, 5))",2.8832399895150865e-06,1,58,19,12,6,1,7,152,0.123
8,3.1415705306527872,520,0,"((1, 0), (-1, 5), (1, 8))",2.8832399896040436e-06,1,57,20,10,7,0,7,139,0.189
8,3.1415705306527872,521,1,"((1, 0), (-1, 5), (1, 8))",2.8832399896040436e-06,1,56,20,10,6,1,7,139,0.19
8,3.1415705306527872,522,0,"((1, 0), (-1, 5), (-1, 0))",2.883239989630714e-06,1,58,19,12,6,1,7,152,0.193
8,3.1415705306527872,523,1,"((1, 0), (-1, 5), (-1, 0))",2.883239989630714e-06,1,58,19,12,7,0,7,152,0.191
8,3.1415705306527872,524,0,"((1, 0), (-1, 5), (-1, 1))",2.883239989628908e-06,1,58,19,12,6,1,7,152,0.19
8,3.1415705306527872,525,1,"((1, 0), (-1, 5), (-1, 1))",2.883239989628908e-06,1,58,19,12,7,0,7,152,0.187
8,3.1415705306527872,526,0,"((1, 0), (-1, 5), (-1, 2))",2.883239989675579e-06,1,59,20,11,6,1,7,146,0.194
8,3.1415705306527872,527,1,"((1, 0), (-1, 5), (-1, 2))",2.883239989675579e-06,1,56,20,10,7,0,7,139,0.189
8,3.1415705306527872,536,0,"((1, 0), (-1, 5), (-1, 7))",2.8832399895457373e-06,1,58,19,12,6,1,7,152,0.193
8,3.1415705306527872,537,1,"((1, 0), (-1, 5), (-1, 7))",2.8832399895457373e-06,1,58,19,12,7,0,7,152,0.189
8,3.1415705306527872,538,0,"((1, 0), (-1, 5), (-1, 8))",2.8832399896040436e-06,1,57,20,10,6,1,7,139,0.191
8,3.1415705306527872,539,1,"((1, 0), (-1, 5), (-1, 8))",2.8832399896040436e-06,1,56,20,10,7,0,7,139,0.189
8,3.1415705306527872,540,0,"((1, 0), (-1, 6), (1, 0))",2.883239989420452e-06,1,58,19,12,7,0,7,152,0.19
8,3.1415705306527872,541,1,"((1, 0), (-1, 6), (1, 0))",2.883239989420452e-06,1,58,19,12,6,1,7,152,0.188
8,3.1415705306527872,542,0,"((1, 0), (-1, 6), (1, 1))",2.88323998971335e-06,1,58,21,10,7,0,7,140,0.19
8,3.1415705306527872,543,1,"((1, 0), (-1, 6), (1, 1))",2.88323998971335e-06,1,58,21,10,6,1,7,140,0.191
8,3.1415705306527872,552,0,"((1, 0), (-1, 6), (1, 6))",2.8832399895060136e-06,1,58,19,12,7,0,7,152,0.136
8,3.1415705306527872,553,1,"((1, 0), (-1, 6), (1, 6))",2.8832399895060136e-06,1,58,19,12,6,1,7,152,0.137
8,3.1415705306527872,554,0,"((1, 0), (-1, 6), (1, 7))",2.8832399895041327e-06,1,58,21,10,7,0,7,140,0.126
8,3.1415705306527872,555,1,"((1, 0), (-1, 6), (1, 7))",2.8832399895041327e-06,1,58,21,10,6,1,7,140,0.131
8,3.1415705306527872,556,0,"((1, 0), (-1, 6), (1, 8))",2.8832399895235607e-06,1,58,19,12,7,0,7,152,0.133
8,3.1415705306527872,557,1,"((1, 0), (-1, 6), (1, 8))",2.8832399895235607e-06,1,58,19,12,6,1,7,152,0.131
8,3.1415705306527872,558,0,"((1, 0), (-1, 6), (-1, 0))",2.883239989420452e-06,1,58,19,12,6,1,7,152,0.133
8,3.1415705306527872,559,1,"((1, 0), (-1, 6), (-1, 0))",2.883239989420452e-06,1,58,19,12,7,0,7,152,0.138
8,3.1415705306527872,560,0,"((1, 0), (-1, 6), (-1, 1))",2.88323998971335e-06,1,58,21,10,6,1,7,140,0.137
8,3.1415705306527872,561,1,"((1, 0), (-1, 6), (-1, 1))",2.88323998971335e-06,1,58,21,10,7,0,7,140,0.128
8,3.1415705306527872,562,0,"((1, 0), (-1, 6), (-1, 2))",2.883239989561602e-06,1,58,19,12,6,1,7,152,0.126
8,3.1415705306527872,563,1,"((1, 0), (-1, 6), (-1, 2))",2.883239989561602e-06,1,58,19,12,7,0,7,152,0.126
8,3.1415705306527872,564,0,"((1, 0), (-1, 6), (-1, 3))",2.8832399896695625e-06,1,58,19,12,6,1,7,152,0.129
8,3.1415705306527872,565,1,"((1, 0), (-1, 6), (-1, 3))",2.8832399896695625e-06,1,58,19,12,7,0,7,152,0.124
8,3.1415705306527872,566,0,"((1, 0), (-1, 6), (-1, 4))",2.883239989643219e-06,1,58,21,10,6,1,7,140,0.126
8,3.1415705306527872,567,1,"((1, 0), (-1, 6), (-1, 4))",2.883239989643219e-06,1,58,21,10,7,0,7,140,0.125
8,3.1415705306527872,568,0,"((1, 0), (-1, 6), (-1, 5))",2.8832399895150865e-06,1,58,19,12,6,1,7,152,0.188
8,3.1415705306527872,569,1,"((1, 0), (-1, 6), (-1, 5))",2.8832399895150865e-06,1,58,19,12,7,0,7,152,0.188
8,3.1415705306527872,570,0,"((1, 0), (-1, 6), (-1, 6))",2.8832399895060136e-06,1,58,19,12,6,1,7,152,0.19
8,3.1415705306527872,571,1,"((1, 0), (-1, 6), (-1, 6))",2.8832399895060136e-06,1,58,19,12,7,0,7,152,0.189
8,3.1415705306527872,572,0,"((1, 0), (-1, 6), (-1, 7))",2.8832399895041327e-06,1,58,21,10,6,1,7,140,0.191
8,3.1415705306527872,573,1,"((1, 0), (-1, 6), (-1, 7))",2.8832399895041327e-06,1,58,21,10,7,0,7,140,0.19
8,3.1415705306527872,574,0,"((1, 0), (-1, 6), (-1, 8))",2.8832399895235607e-06,1,58,19,12,6,1,7,152,0.19
8,3.1415705306527872,575,1,"((1, 0), (-1, 6), (-1, 8))",2.8832399895235607e-06,1,58,19,12,7,0,7,152,0.188
8,3.1415705306527872,584,0,"((1, 0), (-1, 7), (1, 4))",2.8832399896662476e-06,1,58,19,12,7,0,7,152,0.13
8,3.1415705306527872,585,1,"((1, 0), (-1, 7), (1, 4))",2.8832399896662476e-06,1,58,19,12,6,1,7,152,0.137
8,3.1415705306527872,586,0,"((1, 0), (-1, 7), (1, 5))",2.8832399896722035e-06,1,58,19,12,7,0,7,152,0.143
8,3.1415705306527872,587,1,"((1, 0), (-1, 7), (1, 5))",2.8832399896722035e-06,1,58,19,12,6,1,7,152,0.141
8,3.1415705306527872,588,0,"((1, 0), (-1, 7), (1, 6))",2.8832399894769934e-06,1,56,20,10,7,0,7,139,0.128
8,3.1415705306527872,589,1,"((1, 0), (-1, 7), (1, 6))",2.8832399894769934e-06,1,59,20,11,6,1,7,146,0.134
8,3.1415705306527872,590,0,"((1, 0), (-1, 7), (1, 7))",2.8832399894669403e-06,1,58,19,12,7,0,7,152,0.137
8,3.1415705306527872,591,1,"((1, 0), (-1, 7), (1, 7))",2.8832399894669403e-06,1,58,19,12,6,1,7,152,0.136
8,3.1415705306527872,592,0,"((1, 0), (-1, 7), (1, 8))",2.8832399895433774e-06,1,58,19,12,7,0,7,152,0.124
8,3.1415705306527872,593,1,"((1, 0), (-1, 7), (1, 8))",2.8832399895433774e-06,1,58,19,12,6,1,7,152,0.125
8,3.1415705306527872,594,0,"((1, 0), (-1, 7), (-1, 0))",2.8832399894013906e-06,1,56,20,10,6,1,7,139,0.123
8,3.1415705306527872,595,1,"((1, 0), (-1, 7), (-1, 0))",2.88323998940139e-06,1,59,20,11,7,0,7,146,0.124
8,3.1415705306527872,596,0,"((1, 0), (-1, 7), (-1, 1))",2.883239989564509e-06,1,58,19,12,6,1,7,152,0.125
8,3.1415705306527872,597,1,"((1, 0), (-1, 7), (-1, 1))",2.883239989564509e-06,1,58,19,12,7,0,7,152,0.123
8,3.1415705306527872,598,0,"((1, 0), (-1, 7), (-1, 2))",2.8832399897074655e-06,1,58,19,12,6,1,7,152,0.124
8,3.1415705306527872,599,1,"((1, 0), (-1, 7), (-1, 2))",2.8832399897074655e-06,1,58,19,12,7,0,7,152,0.124
8,3.1415705306527872,576,0,"((1, 0), (-1, 7), (1, 0))",2.8832399894013906e-06,1,56,20,10,7,0,7,139,0.189
8,3.1415705306527872,577,1,"((1, 0), (-1, 7), (1, 0))",2.88323998940139e-06,1,59,20,11,6,1,7,146,0.194
8,3.1415705306527872,578,0,"((1, 0), (-1, 7), (1, 1))",2.883239989564509e-06,1,58,19,12,7,0,7,152,0.19
8,3.1415705306527872,579,1,"((1, 0), (-1, 7), (1, 1))",2.883239989564509e-06,1,58,19,12,6,1,7,152,0.19
8,3.1415705306527872,580,0,"((1, 0), (-1, 7), (1, 2))",2.8832399897074655e-06,1,58,19,12,7,0,7,152,0.189
8,3.1415705306527872,581,1,"((1, 0), (-1, 7), (1, 2))",2.8832399897074655e-06,1,58,19,12,6,1,7,152,0.188
8,3.1415705306527872,582,0,"((1, 0), (-1, 7), (1, 3))",2.8832399896170075e-06,1,56,20,10,7,0,7,139,0.188
8,3.1415705306527872,583,1,"((1, 0), (-1, 7), (1, 3))",2.8832399896170075e-06,1,59,20,11,6,1,7,146,0.194
8,3.1415705306527872,616,0,"((1, 0), (-1, 8), (1, 2))",2.8832399895718293e-06,1,59,20,11,7,0,7,146,0.126
8,3.1415705306527872,617,1,"((1, 0), (-1, 8), (1, 2))",2.8832399895718293e-06,1,56,20,10,6,1,7,139,0.123
8,3.1415705306527872,618,0,"((1, 0), (-1, 8), (1, 3))",2.883239989776075e-06,1,58,19,12,7,0,7,152,0.125
8,3.1415705306527872,619,1,"((1, 0), (-1, 8), (1, 3))",2.883239989776075e-06,1,58,19,12,6,1,7,152,0.122
8,3.1415705306527872,620,0,"((1, 0), (-1, 8), (1, 4))",2.883239989626896e-06,1,58,19,12,7,0,7,152,0.132
8,3.1415705306527872,621,1,"((1, 0), (-1, 8), (1, 4))",2.883239989626896e-06,1,58,19,12,6,1,7,152,0.174
8,3.1415705306527872,622,0,"((1, 0), (-1, 8), (1, 5))",2.8832399897084366e-06,1,59,20,11,7,0,7,146,0.126
8,3.1415705306527872,623,1,"((1, 0), (-1, 8), (1, 5))",2.8832399897084366e-06,1,56,20,10,6,1,7,139,0.124
8,3.1415705306527872,608,0,"((1, 0), (-1, 7), (-1, 7))",2.8832399894669403e-06,1,58,19,12,6,1,7,152,0.132
8,3.1415705306527872,609,1,"((1, 0), (-1, 7), (-1, 7))",2.8832399894669403e-06,1,58,19,12,7,0,7,152,0.134
8,3.1415705306527872,610,0,"((1, 0), (-1, 7), (-1, 8))",2.8832399895433774e-06,1,58,19,12,6,1,7,152,0.141
8,3.1415705306527872,611,1,"((1, 0), (-1, 7), (-1, 8))",2.8832399895433774e-06,1,58,19,12,7,0,7,152,0.14
8,3.1415705306527872,612,0,"((1, 0), (-1, 8), (1, 0))",2.883239989434412e-06,1,58,19,12,7,0,7,152,0.134
8,3.1415705306527872,613,1,"((1, 0), (-1, 8), (1, 0))",2.8832399894344117e-06,1,58,19,12,6,1,7,152,0.14
8,3.1415705306527872,614,0,"((1, 0), (-1, 8), (1, 1))",2.883239989558652e-06,1,58,19,12,7,0,7,152,0.14
8,3.1415705306527872,615,1,"((1, 0), (-1, 8), (1, 1))",2.883239989558652e-06,1,58,19,12,6,1,7,152,0.137
8,3.1415705306527872,600,0,"((1, 0), (-1, 7), (-1, 3))",2.8832399896170075e-06,1,56,20,10,6,1,7,139,0.189
8,3.1415705306527872,601,1,"((1, 0), (-1, 7), (-1, 3))",2.8832399896170075e-06,1,59,20,11,7,0,7,146,0.191
8,3.1415705306527872,602,0,"((1, 0), (-1, 7), (-1, 4))",2.8832399896662476e-06,1,58,19,12,6,1,7,152,0.189
8,3.1415705306527872,603,1,"((1, 0), (-1, 7), (-1, 4))",2.8832399896662476e-06,1,58,19,12,7,0,7,152,0.19
8,3.1415705306527872,604,0,"((1, 0), (-1, 7), (-1, 5))",2.8832399896722035e-06,1,58,19,12,6,1,7,152,0.189
8,3.1415705306527872,605,1,"((1, 0), (-1, 7), (-1, 5))",2.8832399896722035e-06,1,58,19,12,7,0,7,152,0.188
8,3.1415705306527872,606,0,"((1, 0), (-1, 7), (-1, 6))",2.8832399894769934e-06,1,56,20,10,6,1,7,139,0.191
8,3.1415705306527872,607,1,"((1, 0), (-1, 7), (-1, 6))",2.8832399894769934e-06,1,59,20,11,7,0,7,146,0.19
8,3.1415705306527872,624,0,"((1, 0), (-1, 8), (1, 6))",2.883239989647315e-06,1,58,19,12,7,0,7,152,0.193
8,3.1415705306527872,625,1,"((1, 0), (-1, 8), (1, 6))",2.883239989647315e-06,1,58,19,12,6,1,7,152,0.189
8,3.1415705306527872,626,0,"((1, 0), (-1, 8), (1, 7))",2.8832399894511245e-06,1,58,19,12,7,0,7,152,0.19
8,3.1415705306527872,627,1,"((1, 0), (-1, 8), (1, 7))",2.8832399894511245e-06,1,58,19,12,6,1,7,152,0.19
8,3.1415705306527872,628,0,"((1, 0), (-1, 8), (1, 8))",2.88323998951939e-06,1,59,20,11,7,0,7,146,0.193
8,3.1415705306527872,629,1,"((1, 0), (-1, 8), (1, 8))",2.88323998951939e-06,1,56,20,10,6,1,7,139,0.188
8,3.1415705306527872,630,0,"((1, 0), (-1, 8), (-1, 0))",2.883239989434412e-06,1,58,19,12,6,1,7,152,0.191
8,3.1415705306527872,631,1,"((1, 0), (-1, 8), (-1, 0))",2.8832399894344117e-06,1,58,19,12,7,0,7,152,0.185
8,3.1415705306527872,640,0,"((1, 0), (-1, 8), (-1, 5))",2.8832399897084366e-06,1,59,20,11,6,1,7,146,0.13
8,3.1415705306527872,641,1,"((1, 0), (-1, 8), (-1, 5))",2.8832399897084366e-06,1,56,20,10,7,0,7,139,0.13
8,3.1415705306527872,642,0,"((1, 0), (-1, 8), (-1, 6))",2.883239989647315e-06,1,58,19,12,6,1,7,152,0.14
8,3.1415705306527872,643,1,"((1, 0), (-1, 8), (-1, 6))",2.883239989647315e-06,1,58,19,12,7,0,7,152,0.129
8,3.1415705306527872,644,0,"((1, 0), (-1, 8), (-1, 7))",2.8832399894511245e-06,1,58,19,12,6,1,7,152,0.164
8,3.1415705306527872,645,1,"((1, 0), (-1, 8), (-1, 7))",2.8832399894511245e-06,1,58,19,12,7,0,7,152,0.131
8,3.1415705306527872,646,0,"((1, 0), (-1, 8), (-1, 8))",2.88323998951939e-06,1,59,20,11,6,1,7,146,0.149
8,3.1415705306527872,647,1,"((1, 0), (-1, 8), (-1, 8))",2.88323998951939e-06,1,56,20,10,7,0,7,139,0.124
8,3.1415705306527872,632,0,"((1, 0), (-1, 8), (-1, 1))",2.883239989558652e-06,1,58,19,12,6,1,7,152,0.14
8,3.1415705306527872,633,1,"((1, 0), (-1, 8), (-1, 1))",2.883239989558652e-06,1,58,19,12,7,0,7,152,0.129
8,3.1415705306527872,634,0,"((1, 0), (-1, 8), (-1, 2))",2.8832399895718293e-06,1,59,20,11,6,1,7,146,0.212
8,3.1415705306527872,635,1,"((1, 0), (-1, 8), (-1, 2))",2.8832399895718293e-06,1,56,20,10,7,0,7,139,0.208
8,3.1415705306527872,636,0,"((1, 0), (-1, 8), (-1, 3))",2.883239989776075e-06,1,58,19,12,6,1,7,152,0.206
8,3.1415705306527872,637,1,"((1, 0), (-1, 8), (-1, 3))",2.883239989776075e-06,1,58,19,12,7,0,7,152,0.128
8,3.1415705306527872,638,0,"((1, 0), (-1, 8), (-1, 4))",2.883239989626896e-06,1,58,19,12,6,1,7,152,0.14
8,3.1415705306527872,639,1,"((1, 0), (-1, 8), (-1, 4))",2.883239989626896e-06,1,58,19,12,7,0,7,152,0.18
