src,theta,eps,f,idx,N_D,n_T3,n_L4,n_R,Tcost,frob
new_cpp,1.0,0.1,2,0,27,9,6,2,65,0.06864719932086898
new_cpp,1.0,0.1,2,1,21,5,8,2,75,0.07066940400587024
new_cpp,1.0,0.1,2,2,32,13,5,0,48,0.06774129042789782
new_cpp,1.0,0.1,2,3,31,11,6,2,67,0.0689681406310885
new_cpp,1.0,0.1,2,4,41,19,2,2,47,0.06491144274620499
new_cpp,1.0,0.1,2,5,35,13,6,2,69,0.0678531017399926
new_cpp,1.0,0.1,2,6,34,13,5,2,62,0.0689751000411535
new_cpp,1.0,0.1,2,7,35,13,4,4,69,0.06902942503879103
new_cpp,1.0,0.1,2,8,35,13,6,2,69,0.06830899300488537
new_cpp,1.0,0.1,2,9,41,17,4,2,59,0.0688459302101102
new_cpp,1.0,0.1,2,10,41,17,4,2,59,0.06835142304872692
new_cpp,1.0,0.1,2,11,41,17,4,2,59,0.06749147649417174
new_cpp,1.0,0.1,2,12,41,17,4,2,59,0.06635913690646383
new_cpp,1.0,0.1,2,13,28,9,7,2,72,0.06755388024874906
new_cpp,1.0,0.1,2,14,29,9,8,2,79,0.06523553785110096
new_cpp,1.0,0.1,2,15,33,11,6,4,81,0.06537677477359927
new_cpp,1.0,0.1,2,16,29,11,4,4,67,0.06415545992361875
new_cpp,1.0,0.1,2,17,26,10,4,3,59,0.06555249595151177
new_cpp,1.0,0.1,2,18,39,19,2,0,33,0.06992615292936583
new_cpp,1.0,0.1,2,19,22,7,6,3,70,0.06906229445652384
new_cpp,1.0,0.1,2,20,33,13,6,0,55,0.06935925319685297
new_cpp,1.0,0.1,2,21,24,9,2,5,58,0.06717444929388894
new_cpp,1.0,0.1,2,22,41,19,2,2,47,0.0686317648813736
new_cpp,1.0,0.1,2,23,35,13,6,2,69,0.0657052811918993
new_cpp,1.0,0.1,2,24,30,9,6,5,86,0.0667983128812962
new_cpp,1.0,0.1,2,25,41,17,4,2,59,0.06870533026641779
new_cpp,1.0,0.1,2,26,36,15,2,5,64,0.062066754113148784
new_cpp,1.0,0.1,2,27,23,5,10,2,89,0.06854480864953261
new_cpp,1.0,0.1,2,28,29,11,4,4,67,0.062449418153911564
new_cpp,1.0,0.1,2,29,33,13,4,4,69,0.06352968896166993
new_cpp,1.0,0.1,2,30,33,13,4,4,69,0.06592032644596052
new_cpp,1.0,0.1,2,31,23,5,6,6,89,0.06671239770626324
new_cpp,1.0,0.1,2,32,37,17,0,4,45,0.06237420912392243
new_cpp,1.0,0.1,2,33,41,19,2,2,47,0.06626064100052294
new_cpp,1.0,0.1,2,34,29,9,4,6,79,0.062103741810384784
new_cpp,1.0,0.1,2,35,41,17,4,2,59,0.06328040221226296
new_cpp,1.0,0.1,2,36,33,13,2,5,62,0.06531968747591822
new_cpp,1.0,0.1,2,37,33,11,6,4,81,0.06759577925815938
new_cpp,1.0,0.1,2,38,33,11,6,4,81,0.06338665884650926
new_cpp,1.0,0.1,2,39,32,11,5,4,74,0.06866817544306891
new_cpp,1.0,0.1,2,40,33,13,4,2,55,0.06697519224325688
new_cpp,1.0,0.1,2,41,32,13,3,2,48,0.06129573658624824
new_cpp,1.0,0.1,2,42,33,11,6,4,81,0.06466546236139652
new_cpp,1.0,0.1,2,43,35,13,6,2,69,0.06388297670701222
new_cpp,1.0,0.1,2,44,29,9,8,2,79,0.06226731843562488
new_cpp,1.0,0.1,2,45,35,13,4,4,69,0.064858103506893
new_cpp,1.0,0.1,2,46,27,9,8,0,65,0.06041707111803644
new_cpp,1.0,0.1,2,47,29,11,3,3,53,0.062360169011519556
new_cpp,1.0,0.1,2,48,31,11,4,4,67,0.059046073126333816
new_cpp,1.0,0.1,2,49,35,13,4,4,69,0.06191255920962171
new_cpp,1.0,0.1,2,50,27,7,8,4,91,0.058621933576164714
new_cpp,1.0,0.1,2,51,29,9,8,2,79,0.058362236234251706
new_cpp,1.0,0.1,2,52,25,7,8,2,77,0.05877634459149516
new_cpp,1.0,0.1,2,53,39,19,2,0,33,0.060722028207737797
new_cpp,1.0,0.1,2,54,38,17,2,1,38,0.06908481738507335
new_cpp,1.0,0.1,2,55,31,13,4,2,55,0.06661184434005506
new_cpp,1.0,0.1,2,56,27,7,8,4,91,0.0677780166929372
new_cpp,1.0,0.1,2,57,39,17,2,4,59,0.0605868197763639
new_cpp,1.0,0.1,2,58,27,9,4,6,79,0.0685084220820709
new_cpp,1.0,0.1,2,59,32,13,2,5,62,0.057894809431974885
new_cpp,1.0,0.1,2,60,27,11,4,2,53,0.062026569565783896
new_cpp,1.0,0.1,2,61,31,11,6,2,67,0.05644118776531731
new_cpp,1.0,0.1,2,62,24,7,6,4,77,0.06819570269856079
new_cpp,1.0,0.1,2,63,30,10,6,3,73,0.06789540844335706
new_cpp,1.0,0.1,2,64,40,17,3,2,52,0.06612460905406135
new_cpp,1.0,0.1,2,65,38,15,4,3,64,0.0665963691165954
new_cpp,1.0,0.1,2,66,29,11,6,2,67,0.06620177919122085
new_cpp,1.0,0.1,2,67,26,7,7,4,84,0.06620448062035944
new_cpp,1.0,0.1,2,68,27,7,8,4,91,0.06589212896500193
new_cpp,1.0,0.1,2,69,30,10,4,5,73,0.06446080689719062
new_cpp,1.0,0.1,2,70,29,9,8,2,79,0.0653758424281587
new_cpp,1.0,0.1,2,71,35,13,6,2,69,0.06386828787725392
new_cpp,1.0,0.1,2,72,41,19,2,2,47,0.062427062644993925
new_cpp,1.0,0.1,2,73,35,13,6,2,69,0.06064133113852131
new_cpp,1.0,0.1,2,74,33,11,4,6,81,0.06245519740432079
new_cpp,1.0,0.1,2,75,35,13,6,2,69,0.06188029768158341
new_cpp,1.0,0.1,2,76,27,9,6,4,79,0.05992963329148889
new_cpp,1.0,0.1,2,77,25,6,5,7,90,0.06164913005203176
new_cpp,1.0,0.1,2,78,23,5,10,2,89,0.062345765940332865
new_cpp,1.0,0.1,2,79,33,13,4,2,55,0.06260097458951204
new_cpp,1.0,0.1,2,80,31,11,6,2,67,0.061762139044906475
new_cpp,1.0,0.1,2,81,27,7,8,4,91,0.05813389814416197
new_cpp,1.0,0.1,2,82,32,11,6,3,74,0.061516244670107766
new_cpp,1.0,0.1,2,83,33,13,6,0,55,0.06101286805277229
new_cpp,1.0,0.1,2,84,36,15,3,2,50,0.05711710955603312
new_cpp,1.0,0.1,2,85,18,3,10,1,80,0.05857326464067116
new_cpp,1.0,0.1,2,86,27,11,6,0,53,0.05507017955870912
new_cpp,1.0,0.1,2,87,31,11,4,4,67,0.05909970598544135
new_cpp,1.0,0.1,2,88,38,17,3,0,38,0.05511004426174488
new_cpp,1.0,0.1,2,89,26,7,8,3,84,0.06000856997683998
new_cpp,1.0,0.1,2,90,44,19,2,3,54,0.05460099498629753
new_cpp,1.0,0.1,2,91,39,17,2,4,59,0.062326828498639436
new_cpp,1.0,0.1,2,92,37,15,4,2,57,0.05721313032378856
new_cpp,1.0,0.1,2,93,18,3,7,4,80,0.06478489680541753
new_cpp,1.0,0.1,2,94,31,13,4,2,55,0.05959779449671009
new_cpp,1.0,0.1,2,95,29,13,4,0,41,0.06118128895339616
new_cpp,1.0,0.1,2,96,36,17,2,1,38,0.06296916462918818
new_cpp,1.0,0.1,2,97,30,11,6,1,60,0.062421170674788216
new_cpp,1.0,0.1,2,98,38,17,2,2,45,0.061607627615224286
new_cpp,1.0,0.1,2,99,34,13,5,2,62,0.06044554270062076
new_cpp,1.0,0.1,2,100,37,15,4,2,57,0.05887386767805335
new_cpp,1.0,0.1,2,101,23,7,6,4,77,0.06038937307372573
new_cpp,1.0,0.1,2,102,35,13,6,2,69,0.06353082049745504
new_cpp,1.0,0.1,2,103,23,5,6,6,89,0.06616258930232756
new_cpp,1.0,0.1,2,104,39,19,2,0,33,0.05601051815594113
new_cpp,1.0,0.1,2,105,29,13,2,2,41,0.0690033064087923
new_cpp,1.0,0.1,2,106,23,5,10,2,89,0.06608878789812851
new_cpp,1.0,0.1,2,107,29,11,6,2,67,0.06325627664808416
new_cpp,1.0,0.1,2,108,35,13,6,2,69,0.06749464977359887
new_cpp,1.0,0.1,2,109,21,3,10,4,101,0.06091709584424153
new_cpp,1.0,0.1,2,110,27,9,6,4,79,0.0692731645475323
new_cpp,1.0,0.1,2,111,33,13,4,4,69,0.05527471535854068
new_cpp,1.0,0.1,2,112,27,7,8,4,91,0.05901903558695999
new_cpp,1.0,0.1,2,113,25,9,4,4,65,0.054399238837212927
new_cpp,1.0,0.1,2,114,35,13,6,2,69,0.06680015795979416
new_cpp,1.0,0.1,2,115,25,8,4,5,71,0.06699927449198062
new_cpp,1.0,0.1,2,116,35,13,6,2,69,0.0640270621481021
new_cpp,1.0,0.1,2,117,29,9,8,2,79,0.06464819969892352
new_cpp,1.0,0.1,2,118,21,3,10,4,101,0.061395495112266045
new_cpp,1.0,0.1,2,119,32,13,4,3,62,0.06227104736301343
new_cpp,1.0,0.1,2,120,27,7,8,4,91,0.0619359632262394
new_cpp,1.0,0.1,2,121,30,9,6,5,86,0.057532634595143156
new_cpp,1.0,0.1,2,122,36,17,2,0,31,0.05626946770681924
new_cpp,1.0,0.1,2,123,27,9,8,0,65,0.05414319453571103
new_cpp,1.0,0.1,2,124,47,21,2,2,49,0.05264319856485403
new_cpp,1.0,0.1,2,125,35,15,4,2,57,0.05629512961128402
new_cpp,1.0,0.1,2,126,22,7,2,6,63,0.06438020979821585
new_cpp,1.0,0.1,2,127,30,10,6,3,73,0.06640339652698805
new_cpp,1.0,0.1,2,128,26,7,8,3,84,0.06281439500253118
new_cpp,1.0,0.1,2,129,29,9,8,2,79,0.0670211082377219
new_cpp,1.0,0.1,2,130,33,11,6,4,81,0.06337222958187558
new_cpp,1.0,0.1,2,131,31,9,6,6,93,0.061426976883690386
new_cpp,1.0,0.1,2,132,34,13,5,2,62,0.061253404403563715
new_cpp,1.0,0.1,2,133,33,11,4,6,81,0.059564172005453345
new_cpp,1.0,0.1,2,134,27,9,6,4,79,0.061661984749381095
new_cpp,1.0,0.1,2,135,29,11,6,2,67,0.058145717464423805
new_cpp,1.0,0.1,2,136,27,7,8,4,91,0.06164817793533528
new_cpp,1.0,0.1,2,137,32,13,4,3,62,0.055194857032159865
new_cpp,1.0,0.1,2,138,39,17,4,0,45,0.05575817444311932
new_cpp,1.0,0.1,2,139,33,13,6,0,55,0.05891949888285684
new_cpp,1.0,0.1,2,140,39,17,4,0,45,0.05345747284706157
new_cpp,1.0,0.1,2,141,33,13,6,0,55,0.060050267673055956
new_cpp,1.0,0.1,2,142,33,13,6,0,55,0.06296480102471004
new_cpp,1.0,0.1,2,143,39,17,4,0,45,0.05887068600653377
new_cpp,1.0,0.1,2,144,33,13,6,0,55,0.06458795528800347
new_cpp,1.0,0.1,2,145,42,19,2,1,40,0.056053318863737066
new_cpp,1.0,0.1,2,146,24,5,6,7,96,0.05415973250359183
new_cpp,1.0,0.1,2,147,34,13,3,4,62,0.05329684536985598
new_cpp,1.0,0.1,2,148,45,21,2,0,35,0.05407624978791231
new_cpp,1.0,0.1,2,149,45,21,2,0,35,0.05227661279270091
new_cpp,1.0,0.1,2,150,31,13,4,2,55,0.05998950059072752
new_cpp,1.0,0.1,2,151,21,7,6,2,63,0.05933114669809628
new_cpp,1.0,0.1,2,152,29,11,4,2,53,0.056784034884143304
new_cpp,1.0,0.1,2,153,37,15,4,2,57,0.055166338087175235
new_cpp,1.0,0.1,2,154,14,2,6,3,65,0.06398412385892953
new_cpp,1.0,0.1,2,155,25,7,8,2,77,0.058432912444213295
new_cpp,1.0,0.1,2,156,28,9,6,3,72,0.05593974628269006
new_cpp,1.0,0.1,2,157,27,7,6,6,91,0.05632953268919823
new_cpp,1.0,0.1,2,158,23,7,8,2,77,0.06069737195837902
new_cpp,1.0,0.1,2,159,35,13,4,4,69,0.06034938952296758
new_cpp,1.0,0.1,2,160,25,7,4,6,77,0.06173831117071416
new_cpp,1.0,0.1,2,161,29,9,8,2,79,0.05829112623033176
new_cpp,1.0,0.1,2,162,47,21,2,2,49,0.0564547377050643
new_cpp,1.0,0.1,2,163,29,11,6,2,67,0.06199574867986721
new_cpp,1.0,0.1,2,164,39,15,4,4,71,0.05737098019305911
new_cpp,1.0,0.1,2,165,35,13,2,6,69,0.05263176410679094
new_cpp,1.0,0.1,2,166,29,9,8,2,79,0.05027777642655238
new_cpp,1.0,0.1,2,167,35,13,6,2,69,0.057920747226009976
new_cpp,1.0,0.1,2,168,35,15,4,2,57,0.05997484295828554
new_cpp,1.0,0.1,2,169,41,17,4,2,59,0.06219574559812223
new_cpp,1.0,0.1,2,170,39,17,2,4,59,0.05456505650363193
new_cpp,1.0,0.1,2,171,33,13,4,4,69,0.06533404736453204
new_cpp,1.0,0.1,2,172,27,7,8,4,91,0.05727136693972782
new_cpp,1.0,0.1,2,173,33,11,6,4,81,0.05517221043255051
new_cpp,1.0,0.1,2,174,27,11,2,2,39,0.06900656596767052
new_cpp,1.0,0.1,2,175,17,5,6,2,61,0.0677958125353564
new_cpp,1.0,0.1,2,176,31,13,4,0,41,0.06716725373187504
new_cpp,1.0,0.1,2,177,30,13,3,0,34,0.06195380665207757
new_cpp,1.0,0.1,2,178,35,15,4,0,43,0.05980884581973296
new_cpp,1.0,0.1,2,179,31,11,4,4,67,0.06453127161458308
new_cpp,1.0,0.1,2,180,35,13,4,4,69,0.0654370744317707
new_cpp,1.0,0.1,2,181,30,13,4,1,48,0.06310007537872947
new_cpp,1.0,0.1,2,182,45,21,2,0,35,0.06516323480643581
new_cpp,1.0,0.1,2,183,33,11,6,4,81,0.06786137110446575
new_cpp,1.0,0.1,2,184,38,15,4,3,64,0.06606081392726358
new_cpp,1.0,0.1,2,185,35,15,4,2,57,0.06715761686127113
new_cpp,1.0,0.1,2,186,38,15,4,3,64,0.05781483120537387
new_cpp,1.0,0.1,2,187,35,13,4,4,69,0.06093052821819407
new_cpp,1.0,0.1,2,188,21,7,6,2,63,0.05297841512888189
new_cpp,1.0,0.1,2,189,39,17,2,2,45,0.05432121262534409
new_cpp,1.0,0.1,2,190,30,11,5,2,60,0.05568599998906074
new_cpp,1.0,0.1,2,191,31,11,6,2,67,0.06098464490065442
new_cpp,1.0,0.1,2,192,28,9,7,2,72,0.06592501865122034
new_cpp,1.0,0.1,2,193,25,5,6,8,103,0.052497533332680646
new_cpp,1.0,0.1,2,194,35,13,6,2,69,0.05716715809644969
new_cpp,1.0,0.1,2,195,33,11,6,4,81,0.061196585204593416
new_cpp,1.0,0.1,2,196,29,11,6,2,67,0.04954786727809466
new_cpp,1.0,0.1,2,197,35,15,2,2,43,0.054779337430651005
new_cpp,1.0,0.1,2,198,35,15,4,2,57,0.051708326482307644
new_cpp,1.0,0.1,2,199,30,11,4,5,74,0.04988710804752341
new_cpp,1.0,0.1,2,200,29,9,6,4,79,0.05308703498446844
new_cpp,1.0,0.1,2,201,29,9,5,5,79,0.06339161334401026
new_cpp,1.0,0.1,2,202,33,11,6,4,81,0.06271824326633706
new_cpp,1.0,0.1,2,203,39,17,4,0,45,0.06053328469844318
new_cpp,1.0,0.1,2,204,33,13,6,0,55,0.06378390629529734
new_cpp,1.0,0.1,2,205,35,13,6,2,69,0.058843985566966725
new_cpp,1.0,0.1,2,206,41,19,2,2,47,0.06353392787473516
new_cpp,1.0,0.1,2,207,39,19,2,0,33,0.05545270344770969
new_cpp,1.0,0.1,2,208,33,15,4,0,43,0.06252322266256109
new_cpp,1.0,0.1,2,209,37,17,0,4,45,0.059577414537597455
new_cpp,1.0,0.1,2,210,35,15,2,4,57,0.06246172467185416
new_cpp,1.0,0.1,2,211,33,11,6,4,81,0.054661859915870484
new_cpp,1.0,0.1,2,212,41,17,4,2,59,0.06094675443045973
new_cpp,1.0,0.1,2,213,31,11,4,4,67,0.05190896925383809
new_cpp,1.0,0.1,2,214,21,6,6,3,69,0.059741659433508926
new_cpp,1.0,0.1,2,215,27,9,6,4,79,0.06125409364788066
new_cpp,1.0,0.1,2,216,27,7,8,4,91,0.06283358332737811
new_cpp,1.0,0.1,2,217,29,11,6,2,67,0.05807871076697867
new_cpp,1.0,0.1,2,218,31,9,6,6,93,0.06457318329288725
new_cpp,1.0,0.1,2,219,34,13,5,2,62,0.06485911638819648
new_cpp,1.0,0.1,2,220,31,11,5,3,67,0.05721895474073611
new_cpp,1.0,0.1,2,221,33,13,4,4,69,0.06546720452834784
new_cpp,1.0,0.1,2,222,21,3,10,4,101,0.05441753634124646
new_cpp,1.0,0.1,2,223,47,21,2,2,49,0.065793065560797
new_cpp,1.0,0.1,2,224,41,17,4,2,59,0.04902526611344854
new_cpp,1.0,0.1,2,225,38,17,3,0,38,0.05503552700984491
new_cpp,1.0,0.1,2,226,39,17,4,0,45,0.05490170726698007
new_cpp,1.0,0.1,2,227,32,13,4,3,62,0.05452342347607075
new_cpp,1.0,0.1,2,228,35,13,6,2,69,0.053972330402521064
new_cpp,1.0,0.1,2,229,20,3,8,5,94,0.05239643665701031
new_cpp,1.0,0.1,2,230,39,19,2,0,33,0.05333685468373615
new_cpp,1.0,0.1,2,231,28,10,6,1,59,0.05571574842200691
new_cpp,1.0,0.1,2,232,31,11,6,2,67,0.05772148326317715
new_cpp,1.0,0.1,2,233,33,13,6,0,55,0.06041251576405817
new_cpp,1.0,0.1,2,234,28,10,4,3,59,0.050664906683829385
new_cpp,1.0,0.1,2,235,31,9,6,6,93,0.051265432352866715
new_cpp,1.0,0.1,2,236,29,11,6,2,67,0.051497500118963487
new_cpp,1.0,0.1,2,237,39,15,4,4,71,0.05121494857236455
new_cpp,1.0,0.1,2,238,30,10,6,3,73,0.05094160608881404
new_cpp,1.0,0.1,2,239,47,21,2,2,49,0.050120788970011994
new_cpp,1.0,0.1,2,240,38,17,2,2,45,0.049723576612394946
new_cpp,1.0,0.1,2,241,30,11,4,3,60,0.047071915976847234
new_cpp,1.0,0.1,2,242,39,19,2,0,33,0.04746749331085298
new_cpp,1.0,0.1,2,243,26,9,4,4,65,0.06398858706870023
new_cpp,1.0,0.1,2,244,33,11,6,4,81,0.06751536741607196
new_cpp,1.0,0.1,2,245,35,15,4,2,57,0.057998315814017654
new_cpp,1.0,0.1,2,246,28,9,4,7,86,0.06573538229989388
new_cpp,1.0,0.1,2,247,27,7,8,4,91,0.06817701933210618
new_cpp,1.0,0.1,2,248,35,13,6,2,69,0.06978736619238202
new_cpp,1.0,0.1,2,249,36,16,2,3,51,0.06703394195839527
new_cpp,1.0,0.1,2,250,23,5,6,6,89,0.06961299354941622
new_cpp,1.0,0.1,2,251,39,17,2,4,59,0.06182290338246572
new_cpp,1.0,0.1,2,252,36,15,2,5,64,0.06745018809280492
new_cpp,1.0,0.1,2,253,24,7,8,1,70,0.05768680507343702
new_cpp,1.0,0.1,2,254,45,23,0,0,23,0.06522865158424739
new_cpp,1.0,0.1,2,255,31,11,6,2,67,0.0543488865290722
new_cpp,1.0,0.1,2,256,31,11,6,2,67,0.06333292947779015
new_cpp,1.0,0.1,2,257,33,13,4,4,69,0.07011065928152248
new_cpp,1.0,0.1,2,258,39,17,2,4,59,0.04769911651484095
new_cpp,1.0,0.1,2,259,47,21,2,2,49,0.0658615527388
new_cpp,1.0,0.1,2,260,33,11,6,4,81,0.056826599947355
new_cpp,1.0,0.1,2,261,30,11,6,1,60,0.06666029860860408
new_cpp,1.0,0.1,2,262,26,8,6,3,71,0.04642727852409678
new_cpp,1.0,0.1,2,263,41,17,2,4,59,0.056810493147886415
new_cpp,1.0,0.1,2,264,35,13,6,2,69,0.052924361836473706
new_cpp,1.0,0.1,2,265,38,17,0,4,45,0.057122700405088836
new_cpp,1.0,0.1,2,266,30,10,6,3,73,0.05085816656395581
new_cpp,1.0,0.1,2,267,39,15,4,4,71,0.056544376285839935
new_cpp,1.0,0.1,2,268,33,11,6,4,81,0.05702116967016886
new_cpp,1.0,0.1,2,269,29,9,8,2,79,0.053851874754609765
new_cpp,1.0,0.1,2,270,29,9,6,4,79,0.05858251061952189
new_cpp,1.0,0.1,2,271,33,11,4,6,81,0.059275830056116544
new_cpp,1.0,0.1,2,272,30,9,6,5,86,0.045649562728501784
new_cpp,1.0,0.1,2,273,26,7,7,4,84,0.06657368882931981
new_cpp,1.0,0.1,2,274,29,9,8,2,79,0.0669262002021749
new_cpp,1.0,0.1,2,275,35,13,6,2,69,0.06594424282608677
new_cpp,1.0,0.1,2,276,36,14,4,3,63,0.06667671138337944
new_cpp,1.0,0.1,2,277,40,17,3,2,52,0.0643599405144958
new_cpp,1.0,0.1,2,278,27,7,6,6,91,0.06569680603074045
new_cpp,1.0,0.1,2,279,23,5,10,2,89,0.061763898697981205
new_cpp,1.0,0.1,2,280,35,13,6,2,69,0.05913298482748956
new_cpp,1.0,0.1,2,281,33,13,4,4,69,0.06313268714838391
new_cpp,1.0,0.1,2,282,23,7,4,6,77,0.06451909119539474
new_cpp,1.0,0.1,2,283,29,9,6,4,79,0.06121899349840414
new_cpp,1.0,0.1,2,284,32,13,5,0,48,0.0637536619588206
new_cpp,1.0,0.1,2,285,27,9,8,0,65,0.06018716573187022
new_cpp,1.0,0.1,2,286,28,9,6,3,72,0.055163542948164855
new_cpp,1.0,0.1,2,287,41,19,2,2,47,0.0662504343569383
new_cpp,1.0,0.1,2,288,41,17,4,2,59,0.06430153073916768
new_cpp,1.0,0.1,2,289,35,13,6,2,69,0.06682909898706238
new_cpp,1.0,0.1,2,290,29,9,8,2,79,0.06277685179605727
new_cpp,1.0,0.1,2,291,37,15,2,4,57,0.06709062711291053
new_cpp,1.0,0.1,2,292,24,7,6,5,84,0.05888200491015419
new_cpp,1.0,0.1,2,293,30,13,2,3,48,0.05101209701945906
new_cpp,1.0,0.1,2,294,23,7,6,2,63,0.06574108019114308
new_cpp,1.0,0.1,2,295,33,13,4,4,69,0.060079989384787515
new_cpp,1.0,0.1,2,296,33,11,6,4,81,0.05887731306065452
new_cpp,1.0,0.1,2,297,27,7,8,4,91,0.060227542681679305
new_cpp,1.0,0.1,2,298,29,9,8,2,79,0.05772383307792947
new_cpp,1.0,0.1,2,299,35,15,4,2,57,0.05979890402731822
new_cpp,1.0,0.1,2,300,28,8,6,5,85,0.05520266427153314
new_cpp,1.0,0.1,2,301,30,11,6,1,60,0.0576073764360423
new_cpp,1.0,0.1,2,302,31,11,6,2,67,0.05669408891046093
new_cpp,1.0,0.1,2,303,25,7,8,2,77,0.05657528308396602
new_cpp,1.0,0.1,2,304,21,5,8,2,75,0.052692530039467195
new_cpp,1.0,0.1,2,305,41,17,4,2,59,0.055187531977549435
new_cpp,1.0,0.1,2,306,27,7,8,4,91,0.056945298397302
new_cpp,1.0,0.1,2,307,33,13,4,2,55,0.06730543171482206
new_cpp,1.0,0.1,2,308,33,13,6,0,55,0.058960228481260646
new_cpp,1.0,0.1,2,309,30,13,2,3,48,0.06912371065083227
new_cpp,1.0,0.1,2,310,21,5,6,4,75,0.05377813281997497
new_cpp,1.0,0.1,2,311,35,13,6,2,69,0.06481099768375924
new_cpp,1.0,0.1,2,312,32,11,4,5,74,0.057175773509710336
new_cpp,1.0,0.1,2,313,39,15,4,4,71,0.04672508942736606
new_cpp,1.0,0.1,2,314,34,13,5,2,62,0.06706150703563073
new_cpp,1.0,0.1,2,315,27,9,6,4,79,0.053408861965614673
new_cpp,1.0,0.1,2,316,31,9,6,6,93,0.052984649474614294
new_cpp,1.0,0.1,2,317,35,13,6,2,69,0.05308624011504991
new_cpp,1.0,0.1,2,318,39,15,4,4,71,0.05220139281495108
new_cpp,1.0,0.1,2,319,24,6,8,3,83,0.05183497517931561
new_cpp,1.0,0.1,2,320,27,7,6,6,91,0.05020074613384864
new_cpp,1.0,0.1,2,321,31,11,6,2,67,0.05166278312973344
new_cpp,1.0,0.1,2,322,27,9,8,0,65,0.05584245203127847
new_cpp,1.0,0.1,2,323,27,11,0,6,53,0.05580797098192335
new_cpp,1.0,0.1,2,324,27,11,6,0,53,0.050352049510897015
new_cpp,1.0,0.1,2,325,25,5,8,6,103,0.05634888190128714
new_cpp,1.0,0.1,2,326,35,13,6,2,69,0.04624399730131097
new_cpp,1.0,0.1,2,327,30,10,6,3,73,0.04662839180547337
new_cpp,1.0,0.1,2,328,21,3,10,4,101,0.047234378785573926
new_cpp,1.0,0.1,2,329,25,5,8,6,103,0.05944757957767724
new_cpp,1.0,0.1,2,330,33,11,4,6,81,0.0639409148868656
new_cpp,1.0,0.1,2,331,32,11,4,5,74,0.05639714719475897
new_cpp,1.0,0.1,2,332,24,5,8,5,96,0.06576527797759237
new_cpp,1.0,0.1,2,333,33,11,6,4,81,0.050602260083699904
new_cpp,1.0,0.1,2,334,35,13,4,4,69,0.06788936983402297
new_cpp,1.0,0.1,2,335,33,11,6,4,81,0.04905917763966615
new_cpp,1.0,0.1,2,336,28,8,6,5,85,0.06826483900437512
new_cpp,1.0,0.1,2,337,33,13,4,4,69,0.04791691415750118
new_cpp,1.0,0.1,2,338,35,15,4,2,57,0.044121528587975814
new_cpp,1.0,0.1,2,339,26,9,6,3,72,0.05967456016504995
new_cpp,1.0,0.1,2,340,35,13,6,2,69,0.06126429485633748
new_cpp,1.0,0.1,2,341,35,13,4,4,69,0.05087998082458345
new_cpp,1.0,0.1,2,342,33,11,6,4,81,0.06027979404320544
new_cpp,1.0,0.1,2,343,29,9,8,2,79,0.04956232111717144
new_cpp,1.0,0.1,2,344,35,15,2,4,57,0.053097147566183035
new_cpp,1.0,0.1,2,345,31,11,4,4,67,0.05584327040305161
new_cpp,1.0,0.1,2,346,25,9,4,4,65,0.05663711881970409
new_cpp,1.0,0.1,2,347,30,13,2,2,41,0.05192980438463745
new_cpp,1.0,0.1,2,348,32,13,3,2,48,0.05367513322927741
new_cpp,1.0,0.1,2,349,22,7,6,1,56,0.0492463390905771
new_cpp,1.0,0.1,2,350,19,5,8,0,61,0.04834416109031416
new_cpp,1.0,0.1,2,351,35,13,6,2,69,0.06928462498662089
new_cpp,1.0,0.1,2,352,39,15,4,4,71,0.06607998689213149
new_cpp,1.0,0.1,2,353,33,11,6,4,81,0.06361466372077404
new_cpp,1.0,0.1,2,354,24,7,6,5,84,0.056230943218041875
new_cpp,1.0,0.1,2,355,29,9,8,2,79,0.060430024755238496
new_cpp,1.0,0.1,2,356,31,11,4,4,67,0.0680337334235927
new_cpp,1.0,0.1,2,357,35,13,4,4,69,0.06758567434184828
new_cpp,1.0,0.1,2,358,35,13,4,4,69,0.06818217632525479
new_cpp,1.0,0.1,2,359,31,11,6,2,67,0.0676543137014224
new_cpp,1.0,0.1,2,360,37,17,2,2,45,0.06590839754960072
new_cpp,1.0,0.1,2,361,25,7,8,2,77,0.06522308592532515
new_cpp,1.0,0.1,2,362,30,13,4,1,48,0.06177214921289881
new_cpp,1.0,0.1,2,363,23,5,6,6,89,0.062017684529870325
new_cpp,1.0,0.1,2,364,29,9,8,2,79,0.057059067399987465
new_cpp,1.0,0.1,2,365,41,19,0,4,47,0.05384572546193857
new_cpp,1.0,0.1,2,366,35,13,6,2,69,0.059756204402709755
new_cpp,1.0,0.1,2,367,24,9,2,4,51,0.046754500803113254
new_cpp,1.0,0.1,2,368,29,9,4,6,79,0.04801990993975594
new_cpp,1.0,0.1,2,369,27,7,8,4,91,0.06591088791613003
new_cpp,1.0,0.1,2,370,27,9,6,4,79,0.06962231086515534
new_cpp,1.0,0.1,2,371,33,11,6,4,81,0.061234298349016884
new_cpp,1.0,0.1,2,372,25,7,8,2,77,0.05836835236091196
new_cpp,1.0,0.1,2,373,25,7,8,2,77,0.061288329183679775
new_cpp,1.0,0.1,2,374,35,13,2,6,69,0.06843565487839189
new_cpp,1.0,0.1,2,375,33,11,6,4,81,0.0702567688230414
new_cpp,1.0,0.1,2,376,35,13,6,2,69,0.07005247175326362
new_cpp,1.0,0.1,2,377,29,11,6,2,67,0.06387753418444518
new_cpp,1.0,0.1,2,378,39,15,4,4,71,0.061374798371205706
new_cpp,1.0,0.1,2,379,35,15,4,2,57,0.05650160313362163
new_cpp,1.0,0.1,2,380,29,9,8,2,79,0.05303919273336718
new_cpp,1.0,0.1,2,381,41,19,2,2,47,0.060772041382478464
new_cpp,1.0,0.1,2,382,33,13,4,4,69,0.05604538474484185
new_cpp,1.0,0.1,2,383,41,17,4,2,59,0.0673982885160379
new_cpp,1.0,0.1,2,384,28,11,4,2,53,0.06489526150009577
new_cpp,1.0,0.1,2,385,32,13,3,2,48,0.050042986440884396
new_cpp,1.0,0.1,2,386,29,9,8,2,79,0.06063980953730905
new_cpp,1.0,0.1,2,387,30,9,6,5,86,0.04221955405768886
new_cpp,1.0,0.1,2,388,23,7,6,4,77,0.06621596367576431
new_cpp,1.0,0.1,2,389,33,11,6,4,81,0.06554757188065308
new_cpp,1.0,0.1,2,390,33,11,6,4,81,0.06783191215184783
new_cpp,1.0,0.1,2,391,24,6,4,7,83,0.06799033441161277
new_cpp,1.0,0.1,2,392,21,5,4,6,75,0.06507243417767712
new_cpp,1.0,0.1,2,393,26,7,6,5,84,0.06825859494274299
new_cpp,1.0,0.1,2,394,35,13,6,2,69,0.06246808757221434
new_cpp,1.0,0.1,2,395,27,9,6,4,79,0.06805703626669182
new_cpp,1.0,0.1,2,396,35,13,6,2,69,0.060283729549171744
new_cpp,1.0,0.1,2,397,36,15,4,1,50,0.05733064737626611
new_cpp,1.0,0.1,2,398,28,9,6,3,72,0.05609100960193471
new_cpp,1.0,0.1,2,399,24,9,6,1,58,0.058196732524986645
new_cpp,1.0,0.1,2,400,30,13,4,1,48,0.05886594741591667
new_cpp,1.0,0.1,2,401,26,8,6,3,71,0.05265217711407579
new_cpp,1.0,0.1,2,402,27,7,8,4,91,0.04859471947905792
new_cpp,1.0,0.1,2,403,29,9,4,6,79,0.058507304728577174
new_cpp,1.0,0.1,2,404,21,3,10,4,101,0.05133826234036156
new_cpp,1.0,0.1,2,405,19,3,8,4,87,0.06577383467228745
new_cpp,1.0,0.1,2,406,27,11,6,0,53,0.057829897586959514
new_cpp,1.0,0.1,2,407,25,7,6,4,77,0.04518828156882517
new_cpp,1.0,0.1,2,408,29,9,8,2,79,0.043835438220507825
new_cpp,1.0,0.1,2,409,35,13,6,2,69,0.05751036136755656
new_cpp,1.0,0.1,2,410,29,9,3,7,79,0.060690712673235205
new_cpp,1.0,0.1,2,411,32,13,4,2,55,0.06377995762478351
new_cpp,1.0,0.1,2,412,35,13,6,2,69,0.06472450326215666
new_cpp,1.0,0.1,2,413,32,11,6,3,74,0.054131506768328244
new_cpp,1.0,0.1,2,414,31,9,6,6,93,0.05209188779750823
new_cpp,1.0,0.1,2,415,29,9,6,4,79,0.050412629381426634
new_cpp,1.0,0.1,2,416,26,7,8,3,84,0.05333995805259747
new_cpp,1.0,0.1,2,417,33,11,6,4,81,0.05461453890296768
new_cpp,1.0,0.1,2,418,35,13,6,2,69,0.04591543261142644
new_cpp,1.0,0.1,2,419,33,11,6,4,81,0.04596082315050719
new_cpp,1.0,0.1,2,420,29,9,8,2,79,0.04571967119436529
new_cpp,1.0,0.1,2,421,22,6,4,7,83,0.042406974167998907
new_cpp,1.0,0.1,2,422,27,9,2,8,79,0.045442276428012775
new_cpp,1.0,0.1,2,423,31,9,6,6,93,0.04243289331301864
new_cpp,1.0,0.1,2,424,34,13,5,2,62,0.05589203815865927
new_cpp,1.0,0.1,2,425,28,9,5,4,72,0.05982179494867971
new_cpp,1.0,0.1,2,426,33,13,6,0,55,0.06148058020141772
new_cpp,1.0,0.1,2,427,31,11,6,2,67,0.04786377635170456
new_cpp,1.0,0.1,2,428,41,17,2,4,59,0.04678883215522522
new_cpp,1.0,0.1,2,429,33,11,6,4,81,0.0446019775132233
new_cpp,1.0,0.1,2,430,35,13,6,2,69,0.048461407412447075
new_cpp,1.0,0.1,2,431,35,15,4,2,57,0.05621649058982483
new_cpp,1.0,0.1,2,432,40,17,3,2,52,0.06387395587058656
new_cpp,1.0,0.1,2,433,29,9,4,6,79,0.044189650587936884
new_cpp,1.0,0.1,2,434,37,15,4,2,57,0.06678376422634655
new_cpp,1.0,0.1,2,435,35,15,2,4,57,0.06803326977688906
new_cpp,1.0,0.1,2,436,27,9,6,4,79,0.053798692172929485
new_cpp,1.0,0.1,2,437,33,13,4,4,69,0.04753160649279758
new_cpp,1.0,0.1,2,438,31,11,4,6,81,0.04638835397357731
new_cpp,1.0,0.1,2,439,31,9,6,6,93,0.05441625022464802
new_cpp,1.0,0.1,2,440,39,17,2,2,45,0.0607601308745708
new_cpp,1.0,0.1,2,441,27,9,8,0,65,0.053168303362340734
new_cpp,1.0,0.1,2,442,29,9,6,4,79,0.05184558272678603
new_cpp,1.0,0.1,2,443,29,11,4,4,67,0.061564212945756744
new_cpp,1.0,0.1,2,444,37,15,4,2,57,0.06537773796571897
new_cpp,1.0,0.1,2,445,29,11,4,4,67,0.05279766469799402
new_cpp,1.0,0.1,2,446,25,7,8,2,77,0.06441573749441598
new_cpp,1.0,0.1,2,447,27,11,2,4,53,0.04540133377074589
new_cpp,1.0,0.1,2,448,26,9,6,1,58,0.055415906654607425
new_cpp,1.0,0.1,2,449,30,11,5,2,60,0.0542962735997599
new_cpp,1.0,0.1,2,450,31,11,4,4,67,0.05254920242880132
new_cpp,1.0,0.1,2,451,43,19,2,2,47,0.05568032708074097
new_cpp,1.0,0.1,2,452,20,5,6,5,82,0.05437252106557734
new_cpp,1.0,0.1,2,453,29,9,4,6,79,0.04702619818975113
new_cpp,1.0,0.1,2,454,23,9,2,4,51,0.06421002073715043
new_cpp,1.0,0.1,2,455,23,7,4,4,63,0.044739664597921384
new_cpp,1.0,0.1,2,456,31,11,6,2,67,0.06999529373272598
new_cpp,1.0,0.1,2,457,31,11,6,2,67,0.07000228962484484
new_cpp,1.0,0.1,2,458,20,5,8,1,68,0.06799558625405486
new_cpp,1.0,0.1,2,459,25,7,8,2,77,0.0679757146941366
new_cpp,1.0,0.1,2,460,26,9,6,1,58,0.043651692054888926
new_cpp,1.0,0.1,2,461,31,11,6,2,67,0.04364572243815248
new_cpp,1.0,0.1,2,462,31,13,4,2,55,0.058255048361587715
new_cpp,1.0,0.1,2,463,27,11,4,2,53,0.058306002810812586
new_cpp,1.0,0.1,2,464,37,17,2,2,45,0.06244627088179836
new_cpp,1.0,0.1,2,465,35,17,2,0,31,0.060814173023235885
new_cpp,1.0,0.1,2,466,17,3,6,4,73,0.05695325188244366
new_cpp,1.0,0.1,2,467,31,11,6,2,67,0.0616332972371092
new_cpp,1.0,0.1,2,468,27,11,4,2,53,0.059629816071475945
new_cpp,1.0,0.1,2,469,23,7,6,4,77,0.052326969114278095
new_cpp,1.0,0.1,2,470,35,13,4,4,69,0.0691738267950523
new_cpp,1.0,0.1,2,471,39,15,4,4,71,0.06690637554002062
new_cpp,1.0,0.1,2,472,29,9,5,5,79,0.06918115724304405
new_cpp,1.0,0.1,2,473,35,13,6,2,69,0.06554833853119361
new_cpp,1.0,0.1,2,474,35,13,6,2,69,0.05494630347544195
new_cpp,1.0,0.1,2,475,33,11,6,4,81,0.06562428786477333
new_cpp,1.0,0.1,2,476,27,7,8,4,91,0.06326782986889003
new_cpp,1.0,0.1,2,477,40,17,3,2,52,0.04971570630184536
new_cpp,1.0,0.1,2,478,29,11,4,4,67,0.05548702065082708
new_cpp,1.0,0.1,2,479,31,13,2,4,55,0.05222636555932468
new_cpp,1.0,0.1,2,480,41,18,1,3,46,0.04976417709927039
new_cpp,1.0,0.1,2,481,35,14,3,3,56,0.06952640724085246
new_cpp,1.0,0.1,2,482,35,13,6,2,69,0.0690125847932077
new_cpp,1.0,0.1,2,483,41,19,2,2,47,0.04193570050727775
new_cpp,1.0,0.1,2,484,37,15,4,2,57,0.05113507971852913
new_cpp,1.0,0.1,2,485,21,5,8,2,75,0.04673054582972324
new_cpp,1.0,0.1,2,486,28,11,5,0,46,0.03907557624010133
new_cpp,1.0,0.1,2,487,24,7,7,2,70,0.052115980981156225
new_cpp,1.0,0.1,2,488,36,13,4,5,76,0.06900330949866561
new_cpp,1.0,0.1,2,489,27,7,8,4,91,0.06959631618143064
new_cpp,1.0,0.1,2,490,39,17,2,4,59,0.06962527356587897
new_cpp,1.0,0.1,2,491,41,17,4,2,59,0.06766506505563526
new_cpp,1.0,0.1,2,492,29,9,8,2,79,0.06306599792917646
new_cpp,1.0,0.1,2,493,35,13,6,2,69,0.06780668093440469
new_cpp,1.0,0.1,2,494,29,9,8,2,79,0.06403262244332249
new_cpp,1.0,0.1,2,495,35,13,6,2,69,0.05630999565828143
new_cpp,1.0,0.1,2,496,35,13,6,2,69,0.05133931295414988
new_cpp,1.0,0.1,2,497,35,13,6,2,69,0.06106936375181611
new_cpp,1.0,0.1,2,498,21,5,10,0,75,0.05735805580130719
new_cpp,1.0,0.1,2,499,31,11,4,4,67,0.05168825513494598
new_cpp,1.0,0.1,2,500,42,18,2,3,53,0.05815279200523965
new_cpp,1.0,0.1,2,501,32,13,2,4,55,0.049000110882619324
new_cpp,1.0,0.1,2,502,32,13,5,0,48,0.06384938363123663
new_cpp,1.0,0.1,2,503,30,11,5,2,60,0.06531245686091659
new_cpp,1.0,0.1,2,504,35,13,6,2,69,0.06087255736913086
new_cpp,1.0,0.1,2,505,35,13,6,2,69,0.06328687319482515
new_cpp,1.0,0.1,2,506,33,11,6,4,81,0.06929610414791765
new_cpp,1.0,0.1,2,507,41,17,4,2,59,0.06380374309020365
new_cpp,1.0,0.1,2,508,29,9,4,6,79,0.06160764015463115
new_cpp,1.0,0.1,2,509,44,19,2,3,54,0.06969904543733303
new_cpp,1.0,0.1,2,510,14,0,8,5,91,0.05628661716517443
new_cpp,1.0,0.1,2,511,21,3,10,4,101,0.06966714244561148
new_cpp,1.0,0.1,2,512,29,11,6,2,67,0.06922985126588932
new_cpp,1.0,0.1,2,513,32,11,6,3,74,0.05268796494423006
new_cpp,1.0,0.1,2,514,30,11,4,4,67,0.041149428463276176
new_cpp,1.0,0.1,2,515,36,14,4,3,63,0.050892233950376814
new_cpp,1.0,0.1,2,516,21,5,10,0,75,0.0679784551430352
new_cpp,1.0,0.1,2,517,33,15,2,2,43,0.04578809800225509
new_cpp,1.0,0.1,2,518,20,4,8,3,81,0.0675937621815575
new_cpp,1.0,0.1,2,519,33,13,6,0,55,0.04392373133442642
new_cpp,1.0,0.1,2,520,29,11,4,4,67,0.06328691578349789
new_cpp,1.0,0.1,2,521,27,7,6,6,91,0.06297614927082319
new_cpp,1.0,0.1,2,522,31,9,6,6,93,0.053965943231136904
new_cpp,1.0,0.1,2,523,21,3,10,4,101,0.042208335464744146
new_cpp,1.0,0.1,2,524,22,5,9,2,82,0.06060793865185145
new_cpp,1.0,0.1,2,525,18,3,8,4,87,0.06039825846475699
new_cpp,1.0,0.1,2,526,39,15,4,4,71,0.05941098271572242
new_cpp,1.0,0.1,2,527,39,17,2,4,59,0.06010609608240165
new_cpp,1.0,0.1,2,528,35,15,2,4,57,0.05693312928181631
new_cpp,1.0,0.1,2,529,35,13,4,4,69,0.055225472109624585
new_cpp,1.0,0.1,2,530,42,20,0,3,41,0.052958195855720445
new_cpp,1.0,0.1,2,531,35,13,4,4,69,0.05507960983053198
new_cpp,1.0,0.1,2,532,29,11,6,2,67,0.060746305345127434
new_cpp,1.0,0.1,2,533,39,15,4,4,71,0.057543694741338025
new_cpp,1.0,0.1,2,534,41,19,2,2,47,0.055818426712810884
new_cpp,1.0,0.1,2,535,35,15,2,4,57,0.06054984917216898
new_cpp,1.0,0.1,2,536,41,17,4,2,59,0.05136557019829588
new_cpp,1.0,0.1,2,537,33,11,6,4,81,0.059260399440164896
new_cpp,1.0,0.1,2,538,29,9,8,2,79,0.05657082799271198
new_cpp,1.0,0.1,2,539,41,17,4,2,59,0.05596790142047322
new_cpp,1.0,0.1,2,540,47,21,2,2,49,0.05662846500949041
new_cpp,1.0,0.1,2,541,31,11,4,6,81,0.05554580359889744
new_cpp,1.0,0.1,2,542,31,13,2,4,55,0.05445929462193121
new_cpp,1.0,0.1,2,543,30,9,6,5,86,0.05646224932454433
new_cpp,1.0,0.1,2,544,36,17,2,0,31,0.055934273266294965
new_cpp,1.0,0.1,2,545,32,13,5,0,48,0.05296931207383106
new_cpp,1.0,0.1,2,546,25,7,8,2,77,0.05392040866892673
new_cpp,1.0,0.1,2,547,33,13,6,0,55,0.048940946297731616
new_cpp,1.0,0.1,2,548,35,15,4,2,57,0.04602612475907284
new_cpp,1.0,0.1,2,549,35,13,6,2,69,0.052262055863019095
new_cpp,1.0,0.1,2,550,29,11,4,4,67,0.0651996300408515
new_cpp,1.0,0.1,2,551,22,7,6,3,70,0.06266563067095743
new_cpp,1.0,0.1,2,552,41,19,2,2,47,0.06602030659159756
new_cpp,1.0,0.1,2,553,47,21,2,2,49,0.0614715130771142
new_cpp,1.0,0.1,2,554,35,15,4,2,57,0.05889904950734367
new_cpp,1.0,0.1,2,555,27,7,8,4,91,0.06730535485603556
new_cpp,1.0,0.1,2,556,41,17,4,2,59,0.06827001889358701
new_cpp,1.0,0.1,2,557,35,13,6,2,69,0.05584714785315982
new_cpp,1.0,0.1,2,558,25,7,6,4,77,0.06915579496407379
new_cpp,1.0,0.1,2,559,35,13,6,2,69,0.0500372876099574
new_cpp,1.0,0.1,2,560,29,9,8,2,79,0.06925955226585484
new_cpp,1.0,0.1,2,561,23,5,7,5,89,0.04848762286537553
new_cpp,1.0,0.1,2,562,30,9,6,5,86,0.051573179619555
new_cpp,1.0,0.1,2,563,41,19,2,2,47,0.05578319713262898
new_cpp,1.0,0.1,2,564,35,13,6,2,69,0.04340633763130433
new_cpp,1.0,0.1,2,565,30,9,6,5,86,0.06936083154392168
new_cpp,1.0,0.1,2,566,35,13,6,2,69,0.050817356651931406
new_cpp,1.0,0.1,2,567,41,17,4,2,59,0.05013264953432455
new_cpp,1.0,0.1,2,568,31,11,4,4,67,0.04519491189477096
new_cpp,1.0,0.1,2,569,34,15,2,2,43,0.04692475414193541
new_cpp,1.0,0.1,2,570,27,7,8,4,91,0.049494451266422185
new_cpp,1.0,0.1,2,571,41,19,2,2,47,0.052860077427662945
new_cpp,1.0,0.1,2,572,25,9,6,2,65,0.05092591600553643
new_cpp,1.0,0.1,2,573,27,9,8,0,65,0.042417754500397545
new_cpp,1.0,0.1,2,574,41,17,4,2,59,0.06190732330916167
new_cpp,1.0,0.1,2,575,29,9,8,2,79,0.05899813002146207
new_cpp,1.0,0.1,2,576,32,11,6,3,74,0.054693384506422235
new_cpp,1.0,0.1,2,577,35,13,4,4,69,0.06436664910401682
new_cpp,1.0,0.1,2,578,41,17,4,2,59,0.06553189926652975
new_cpp,1.0,0.1,2,579,39,15,4,4,71,0.051191723765336254
new_cpp,1.0,0.1,2,580,35,13,6,2,69,0.06685205270290319
new_cpp,1.0,0.1,2,581,27,7,8,4,91,0.04259179734516296
new_cpp,1.0,0.1,2,582,39,15,4,4,71,0.04727207775470251
new_cpp,1.0,0.1,2,583,39,15,4,4,71,0.04750067995484256
new_cpp,1.0,0.1,2,584,33,13,4,4,69,0.04638449095404041
new_cpp,1.0,0.1,2,585,41,19,2,2,47,0.046043821607808025
new_cpp,1.0,0.1,2,586,25,7,8,2,77,0.0435053406323532
new_cpp,1.0,0.1,2,587,39,17,2,2,45,0.041440306066194234
new_cpp,1.0,0.1,2,588,33,13,4,2,55,0.03779406695158391
new_cpp,1.0,0.1,2,589,33,15,2,2,43,0.044752183566488433
new_cpp,1.0,0.1,2,590,29,9,8,2,79,0.06460163013111353
new_cpp,1.0,0.1,2,591,35,15,4,2,57,0.059969384139839876
new_cpp,1.0,0.1,2,592,39,15,4,4,71,0.05926230300620007
new_cpp,1.0,0.1,2,593,29,9,8,2,79,0.045389515452069956
new_cpp,1.0,0.1,2,594,33,11,4,6,81,0.0663733064612344
new_cpp,1.0,0.1,2,595,35,13,6,2,69,0.0400286586315626
new_cpp,1.0,0.1,2,596,35,13,6,2,69,0.0659417278731976
new_cpp,1.0,0.1,2,597,33,13,4,4,69,0.06157108624623305
new_cpp,1.0,0.1,2,598,35,13,6,2,69,0.056166702182995014
new_cpp,1.0,0.1,2,599,41,17,4,2,59,0.03908699354377788
new_cpp,1.0,0.1,2,600,35,15,4,2,57,0.06413914799266301
new_cpp,1.0,0.1,2,601,38,17,2,3,52,0.07031524706979468
new_cpp,1.0,0.1,2,602,35,13,6,2,69,0.06931801488048696
new_cpp,1.0,0.1,2,603,29,9,8,2,79,0.06546586414830569
new_cpp,1.0,0.1,2,604,29,9,8,2,79,0.07034502720127127
new_cpp,1.0,0.1,2,605,31,9,6,6,93,0.04899430095638899
new_cpp,1.0,0.1,2,606,26,9,6,2,65,0.06361406324440229
new_cpp,1.0,0.1,2,607,39,17,2,4,59,0.061644227786508826
new_cpp,1.0,0.1,2,608,33,11,6,4,81,0.0615067499328789
new_cpp,1.0,0.1,2,609,29,9,8,2,79,0.059107967540360455
new_cpp,1.0,0.1,2,610,35,13,6,2,69,0.05978561986901804
new_cpp,1.0,0.1,2,611,33,11,6,4,81,0.057572769936684545
new_cpp,1.0,0.1,2,612,29,9,6,4,79,0.0584576222109184
new_cpp,1.0,0.1,2,613,33,15,2,2,43,0.06316161930108669
new_cpp,1.0,0.1,2,614,35,15,2,2,43,0.06148583996765146
new_cpp,1.0,0.1,2,615,24,9,6,1,58,0.05994029243954581
new_cpp,1.0,0.1,2,616,33,13,4,2,55,0.06383099485719533
new_cpp,1.0,0.1,2,617,33,11,6,4,81,0.0593142126280528
new_cpp,1.0,0.1,2,618,39,17,2,4,59,0.06398775126636776
new_cpp,1.0,0.1,2,619,27,11,0,6,53,0.0559502456097438
new_cpp,1.0,0.1,2,620,33,13,4,4,69,0.06422187904948641
new_cpp,1.0,0.1,2,621,26,9,7,0,58,0.053160274735604064
new_cpp,1.0,0.1,2,622,29,11,4,2,53,0.06397429316009964
new_cpp,1.0,0.1,2,623,23,7,8,2,77,0.047759589996345074
new_cpp,1.0,0.1,2,624,31,11,4,6,81,0.06297171654325422
new_cpp,1.0,0.1,2,625,35,15,4,2,57,0.04630547174919406
new_cpp,1.0,0.1,2,626,47,21,2,2,49,0.06263668739181608
new_cpp,1.0,0.1,2,627,27,7,8,4,91,0.06143996849829363
new_cpp,1.0,0.1,2,628,22,5,6,5,82,0.041509471510167484
new_cpp,1.0,0.1,2,629,27,7,8,4,91,0.05722672899688767
new_cpp,1.0,0.1,2,630,35,13,6,2,69,0.06037457819774181
new_cpp,1.0,0.1,2,631,41,19,2,2,47,0.05097902620287912
new_cpp,1.0,0.1,2,632,41,17,4,2,59,0.05977137713610444
new_cpp,1.0,0.1,2,633,27,7,8,4,91,0.04445559202717507
new_cpp,1.0,0.1,2,634,27,9,6,4,79,0.057827375012962805
new_cpp,1.0,0.1,2,635,35,13,6,2,69,0.054045821368952224
new_cpp,1.0,0.1,2,636,38,17,2,2,45,0.05698024504147653
new_cpp,1.0,0.1,2,637,23,5,10,2,89,0.05122491015349287
new_cpp,1.0,0.1,2,638,22,4,8,5,95,0.05644447991454144
new_cpp,1.0,0.1,2,639,41,19,2,2,47,0.0487732805165902
new_cpp,1.0,0.1,2,640,33,11,6,4,81,0.05563257232564668
new_cpp,1.0,0.1,2,641,28,9,4,7,86,0.06199209597197869
new_cpp,1.0,0.1,2,642,27,7,6,6,91,0.065200048302749
new_cpp,1.0,0.1,2,643,30,11,4,5,74,0.06899547451623862
new_cpp,1.0,0.1,2,644,25,7,6,6,91,0.053091165189071095
new_cpp,1.0,0.1,2,645,26,7,6,5,84,0.06970379051078303
new_cpp,1.0,0.1,2,646,27,7,8,4,91,0.04882903005533579
new_cpp,1.0,0.1,2,647,33,11,6,4,81,0.0702392338484903
new_cpp,1.0,0.1,2,648,29,10,5,3,66,0.03818597834453516
new_cpp,1.0,0.1,2,649,35,13,4,4,69,0.052346920836126326
new_cpp,1.0,0.1,2,650,35,13,6,2,69,0.05421963288426423
new_cpp,1.0,0.1,2,651,25,7,8,2,77,0.04927306101413119
new_cpp,1.0,0.1,2,652,25,7,8,2,77,0.05328958002898622
new_cpp,1.0,0.1,2,653,32,13,4,2,55,0.04693884991117631
new_cpp,1.0,0.1,2,654,29,9,4,6,79,0.052232207623705666
new_cpp,1.0,0.1,2,655,41,17,4,2,59,0.04219639213325676
new_cpp,1.0,0.1,2,656,29,9,8,2,79,0.049785682288082576
new_cpp,1.0,0.1,2,657,26,9,7,0,58,0.04803871073572624
new_cpp,1.0,0.1,2,658,19,3,10,2,87,0.0492938140755122
new_cpp,1.0,0.1,2,659,33,15,2,2,43,0.04900980316256133
new_cpp,1.0,0.1,2,660,29,13,2,2,41,0.042668701555159505
new_cpp,1.0,0.1,2,661,27,7,6,6,91,0.04810009632159845
new_cpp,1.0,0.1,2,662,29,9,8,2,79,0.039658604301602306
new_cpp,1.0,0.1,2,663,29,13,2,2,41,0.06858874574139728
new_cpp,1.0,0.1,2,664,21,5,8,2,75,0.06868553870638908
new_cpp,1.0,0.1,2,665,29,9,8,2,79,0.06684038192922478
new_cpp,1.0,0.1,2,666,35,13,6,2,69,0.06527326770437641
new_cpp,1.0,0.1,2,667,25,7,6,4,77,0.062349844035748836
new_cpp,1.0,0.1,2,668,26,9,5,2,58,0.05946981886496174
new_cpp,1.0,0.1,2,669,29,9,8,2,79,0.04974639492138419
new_cpp,1.0,0.1,2,670,35,13,6,2,69,0.04936035740609934
new_cpp,1.0,0.1,2,671,23,5,10,2,89,0.0482094936816627
new_cpp,1.0,0.1,2,672,28,9,7,2,72,0.04929201631541568
new_cpp,1.0,0.1,2,673,35,13,6,2,69,0.04590241994642921
new_cpp,1.0,0.1,2,674,47,21,2,2,49,0.04784451480753229
new_cpp,1.0,0.1,2,675,35,13,6,2,69,0.04374909197871021
new_cpp,1.0,0.1,2,676,24,6,8,3,83,0.046324852595628734
new_cpp,1.0,0.1,2,677,35,15,4,2,57,0.05490392460393749
new_cpp,1.0,0.1,2,678,27,9,6,4,79,0.058666877206807105
new_cpp,1.0,0.1,2,679,23,5,8,4,89,0.044784485891669584
new_cpp,1.0,0.1,2,680,31,11,4,6,81,0.04467570822150803
new_cpp,1.0,0.1,2,681,33,13,4,4,69,0.04248118010494483
new_cpp,1.0,0.1,2,682,33,13,4,4,69,0.042244095312903206
new_cpp,1.0,0.1,2,683,37,17,2,2,45,0.05407197139409859
new_cpp,1.0,0.1,2,684,27,9,8,0,65,0.05909505670953236
new_cpp,1.0,0.1,2,685,35,13,6,2,69,0.06255769274368411
new_cpp,1.0,0.1,2,686,33,11,6,4,81,0.04842776434116241
new_cpp,1.0,0.1,2,687,33,11,6,4,81,0.0566142877113557
new_cpp,1.0,0.1,2,688,41,17,4,2,59,0.05806742862374479
new_cpp,1.0,0.1,2,689,33,11,6,4,81,0.05768396737133166
new_cpp,1.0,0.1,2,690,41,17,4,2,59,0.05397600403144759
new_cpp,1.0,0.1,2,691,33,11,6,4,81,0.05195949907923141
new_cpp,1.0,0.1,2,692,41,17,4,2,59,0.05696885152090821
new_cpp,1.0,0.1,2,693,41,17,4,2,59,0.043107386593564036
new_cpp,1.0,0.1,2,694,30,12,2,5,61,0.05275337982642157
new_cpp,1.0,0.1,2,695,27,11,2,4,53,0.0609603759799891
new_cpp,1.0,0.1,2,696,35,15,4,0,43,0.04981003840306664
new_cpp,1.0,0.1,2,697,47,23,0,2,37,0.052005338373708986
new_cpp,1.0,0.1,2,698,38,17,2,3,52,0.05423477431309521
new_cpp,1.0,0.1,2,699,38,15,4,3,64,0.04603619149926569
new_cpp,1.0,0.1,2,700,21,3,10,4,101,0.05380400342481323
new_cpp,1.0,0.1,2,701,27,9,6,2,65,0.04595884376992019
new_cpp,1.0,0.1,2,702,34,14,4,1,49,0.04928394372616401
new_cpp,1.0,0.1,2,703,21,3,10,4,101,0.04995885306705769
new_cpp,1.0,0.1,2,704,20,3,10,3,94,0.04134102917148555
new_cpp,1.0,0.1,2,705,32,11,6,3,74,0.037897289881693746
new_cpp,1.0,0.1,2,706,31,11,4,4,67,0.0497308113510387
new_cpp,1.0,0.1,2,707,35,13,4,4,69,0.05921900949889821
new_cpp,1.0,0.1,2,708,35,13,6,2,69,0.03823775017745056
new_cpp,1.0,0.1,2,709,27,11,0,6,53,0.05756171641747107
new_cpp,1.0,0.1,2,710,27,11,4,2,53,0.05134934735581315
new_cpp,1.0,0.1,2,711,29,9,6,4,79,0.0443451277700256
new_cpp,1.0,0.1,2,712,24,7,6,4,77,0.060394218073547966
new_cpp,1.0,0.1,2,713,35,13,6,2,69,0.06137479400421697
new_cpp,1.0,0.1,2,714,23,8,2,5,57,0.03938879383620833
new_cpp,1.0,0.1,2,715,26,7,6,5,84,0.05552947078566304
new_cpp,1.0,0.1,2,716,26,10,4,3,59,0.0666388907808292
new_cpp,1.0,0.1,2,717,26,9,3,4,58,0.045400174325699
new_cpp,1.0,0.1,2,718,37,15,2,4,57,0.06791107706013355
new_cpp,1.0,0.1,2,719,29,11,6,0,53,0.05388921567571763
new_cpp,1.0,0.1,2,720,26,7,6,5,84,0.0640436935122636
new_cpp,1.0,0.1,2,721,33,15,0,4,43,0.064759133774876
new_cpp,1.0,0.1,2,722,31,11,6,2,67,0.048569504685450654
new_cpp,1.0,0.1,2,723,21,3,8,6,101,0.044180404035397323
new_cpp,1.0,0.1,2,724,27,7,6,6,91,0.06482715843025999
new_cpp,1.0,0.1,2,725,26,7,8,3,84,0.06191059566001437
new_cpp,1.0,0.1,2,726,27,7,8,4,91,0.05482958177201566
new_cpp,1.0,0.1,2,727,25,7,6,4,77,0.04716621518117693
new_cpp,1.0,0.1,2,728,33,11,6,4,81,0.06540946644497804
new_cpp,1.0,0.1,2,729,39,15,4,4,71,0.06676120661659599
new_cpp,1.0,0.1,2,730,33,11,4,6,81,0.04183756603228987
new_cpp,1.0,0.1,2,731,47,23,0,2,37,0.04846901481914822
new_cpp,1.0,0.1,2,732,29,11,4,4,67,0.04361798977732709
new_cpp,1.0,0.1,2,733,24,5,6,7,96,0.03745512818130847
new_cpp,1.0,0.1,2,734,29,9,4,6,79,0.05012716893599131
new_cpp,1.0,0.1,2,735,35,17,0,2,31,0.05716459872110142
new_cpp,1.0,0.1,2,736,37,15,4,2,57,0.05437008772504579
new_cpp,1.0,0.1,2,737,32,13,4,1,48,0.05015389988900966
new_cpp,1.0,0.1,2,738,26,7,4,7,84,0.05841981339728064
new_cpp,1.0,0.1,2,739,35,15,4,0,43,0.05852511480420408
new_cpp,1.0,0.1,2,740,40,17,2,3,52,0.04527912495212537
new_cpp,1.0,0.1,2,741,37,17,2,2,45,0.041173048122258686
new_cpp,1.0,0.1,2,742,29,9,6,4,79,0.05815406009736817
new_cpp,1.0,0.1,2,743,25,7,8,2,77,0.039527852290776024
new_cpp,1.0,0.1,2,744,32,13,4,1,48,0.05794284212319915
new_cpp,1.0,0.1,2,745,25,7,6,4,77,0.064228722075811
new_cpp,1.0,0.1,2,746,29,11,4,2,53,0.06912401932122311
new_cpp,1.0,0.1,2,747,33,15,0,4,43,0.06099050113094232
new_cpp,1.0,0.1,2,748,31,13,2,4,55,0.06832714410527853
new_cpp,1.0,0.1,2,749,20,5,8,3,82,0.06484780187891845
new_cpp,1.0,0.1,2,750,25,7,4,6,77,0.05196406946567776
new_cpp,1.0,0.1,2,751,29,9,6,4,79,0.046781600449676004
new_cpp,1.0,0.1,2,752,29,11,6,0,53,0.05056850940016879
new_cpp,1.0,0.1,2,753,31,11,6,2,67,0.05249564468204291
new_cpp,1.0,0.1,2,754,26,9,6,1,58,0.04116175480079758
new_cpp,1.0,0.1,2,755,26,8,6,3,71,0.034430119810895915
new_cpp,1.0,0.1,2,756,31,11,6,2,67,0.053025932962062775
new_cpp,1.0,0.1,2,757,24,8,6,1,57,0.056118304475478165
new_cpp,1.0,0.1,2,758,27,9,4,6,79,0.04132198838530701
new_cpp,1.0,0.1,2,759,31,11,6,2,67,0.06438902448066475
new_cpp,1.0,0.1,2,760,37,17,0,4,45,0.0641900518021619
new_cpp,1.0,0.1,2,761,25,7,8,2,77,0.061131483099719754
new_cpp,1.0,0.1,2,762,26,10,4,3,59,0.06064715429433345
new_cpp,1.0,0.1,2,763,25,7,8,2,77,0.05929930487885635
new_cpp,1.0,0.1,2,764,27,9,6,2,65,0.058701174934425476
new_cpp,1.0,0.1,2,765,26,8,4,5,71,0.05487582316352361
new_cpp,1.0,0.1,2,766,37,15,4,2,57,0.05567500207417565
new_cpp,1.0,0.1,2,767,41,19,2,0,33,0.034531650748403815
new_cpp,1.0,0.1,2,768,31,11,4,4,67,0.03436329706164472
new_cpp,1.0,0.1,2,769,23,7,8,2,77,0.0566961280193267
new_cpp,1.0,0.1,2,770,25,7,6,4,77,0.055210780394553585
new_cpp,1.0,0.1,2,771,28,9,7,2,72,0.04279009971353961
new_cpp,1.0,0.1,2,772,37,15,3,3,57,0.05885379836225274
new_cpp,1.0,0.1,2,773,37,15,4,2,57,0.05214580174322646
new_cpp,1.0,0.1,2,774,35,17,2,0,31,0.055188735493718624
new_cpp,1.0,0.1,2,775,29,11,4,4,67,0.0456115888136992
new_cpp,1.0,0.1,2,776,23,5,6,6,89,0.05322960132074746
new_cpp,1.0,0.1,2,777,36,15,3,2,50,0.04218921786602388
new_cpp,1.0,0.1,2,778,33,13,4,2,55,0.05177815499372698
new_cpp,1.0,0.1,2,779,31,13,4,2,55,0.05578051634674458
new_cpp,1.0,0.1,2,780,37,15,4,2,57,0.06539739919309376
new_cpp,1.0,0.1,2,781,29,9,6,4,79,0.043877653572664675
new_cpp,1.0,0.1,2,782,20,7,6,1,56,0.06791070363443229
new_cpp,1.0,0.1,2,783,29,9,6,4,79,0.0378765652176549
new_cpp,1.0,0.1,2,784,43,19,2,2,47,0.06818781347355816
new_cpp,1.0,0.1,2,785,29,11,6,2,67,0.06860466348001316
new_cpp,1.0,0.1,2,786,35,13,6,2,69,0.06833693670887658
new_cpp,1.0,0.1,2,787,41,17,4,2,59,0.06522904166709849
new_cpp,1.0,0.1,2,788,35,13,6,2,69,0.06947013299560506
new_cpp,1.0,0.1,2,789,23,3,8,8,115,0.06816235838762393
new_cpp,1.0,0.1,2,790,19,1,10,6,113,0.05888039712223459
new_cpp,1.0,0.1,2,791,35,15,4,2,57,0.0654853182257648
new_cpp,1.0,0.1,2,792,28,8,6,5,85,0.06407050015513648
new_cpp,1.0,0.1,2,793,33,13,4,2,55,0.060547976275065564
new_cpp,1.0,0.1,2,794,36,15,4,1,50,0.06458896425096983
new_cpp,1.0,0.1,2,795,24,7,5,4,70,0.05339471196798095
new_cpp,1.0,0.1,2,796,32,11,5,4,74,0.06101858703830729
new_cpp,1.0,0.1,2,797,27,9,8,0,65,0.04623517973056462
new_cpp,1.0,0.1,2,798,25,7,6,4,77,0.05700213131520167
new_cpp,1.0,0.1,2,799,35,13,6,2,69,0.06034013052898875
new_cpp,1.0,0.1,2,800,33,13,4,4,69,0.05986391903841146
new_cpp,1.0,0.1,2,801,33,11,6,4,81,0.05494121099926962
new_cpp,1.0,0.1,2,802,35,13,6,2,69,0.06253378266267597
new_cpp,1.0,0.1,2,803,33,11,6,4,81,0.06281178236926999
new_cpp,1.0,0.1,2,804,35,13,6,2,69,0.05218942413217744
new_cpp,1.0,0.1,2,805,35,13,6,2,69,0.06278899959985149
new_cpp,1.0,0.1,2,806,36,14,4,3,63,0.049305050554470334
new_cpp,1.0,0.1,2,807,35,15,4,2,57,0.06245882170222204
new_cpp,1.0,0.1,2,808,29,11,6,2,67,0.0453870823334016
new_cpp,1.0,0.1,2,809,27,9,6,4,79,0.05875270685206712
new_cpp,1.0,0.1,2,810,41,17,4,2,59,0.06493484915284134
new_cpp,1.0,0.1,2,811,27,7,8,4,91,0.06887719420063985
new_cpp,1.0,0.1,2,812,47,21,2,2,49,0.033245370399961255
new_cpp,1.0,0.1,2,813,35,13,6,2,69,0.05418898983075534
new_cpp,1.0,0.1,2,814,22,5,6,5,82,0.06400729556901912
new_cpp,1.0,0.1,2,815,30,11,4,3,60,0.048999002882122764
new_cpp,1.0,0.1,2,816,23,7,6,4,77,0.04983474107523887
new_cpp,1.0,0.1,2,817,33,13,4,4,69,0.054202539931541574
new_cpp,1.0,0.1,2,818,24,5,6,7,96,0.04063100849996534
new_cpp,1.0,0.1,2,819,32,13,2,4,55,0.03939147115125205
new_cpp,1.0,0.1,2,820,30,9,6,5,86,0.06584002822592046
new_cpp,1.0,0.1,2,821,30,11,2,7,74,0.06569044510043481
new_cpp,1.0,0.1,2,822,27,9,6,4,79,0.03250144307459366
new_cpp,1.0,0.1,2,823,26,9,6,2,65,0.05480539548575932
new_cpp,1.0,0.1,2,824,27,7,8,4,91,0.059980519626096136
new_cpp,1.0,0.1,2,825,41,17,4,2,59,0.062092989602243555
new_cpp,1.0,0.1,2,826,35,13,6,2,69,0.04553509939537054
new_cpp,1.0,0.1,2,827,33,11,6,4,81,0.05057549407826876
new_cpp,1.0,0.1,2,828,26,7,8,3,84,0.03796665418161317
new_cpp,1.0,0.1,2,829,39,19,0,2,33,0.03796690224578464
new_cpp,1.0,0.1,2,830,45,21,2,0,35,0.06209456269825693
new_cpp,1.0,0.1,2,831,41,17,4,2,59,0.04792283942138873
new_cpp,1.0,0.1,2,832,32,13,4,2,55,0.0359381528816161
new_cpp,1.0,0.1,2,833,25,7,6,6,91,0.0571726401141255
new_cpp,1.0,0.1,2,834,32,11,4,5,74,0.05824490661459829
new_cpp,1.0,0.1,2,835,32,11,6,3,74,0.06439696617690933
new_cpp,1.0,0.1,2,836,27,9,6,4,79,0.04710202922007523
new_cpp,1.0,0.1,2,837,36,13,4,5,76,0.059422671072465044
new_cpp,1.0,0.1,2,838,35,13,6,2,69,0.053165633174312395
new_cpp,1.0,0.1,2,839,24,5,8,5,96,0.04226062620367245
new_cpp,1.0,0.1,2,840,27,7,6,6,91,0.06244492282651177
new_cpp,1.0,0.1,2,841,27,9,8,0,65,0.06291523296430737
new_cpp,1.0,0.1,2,842,31,13,4,2,55,0.033094382047721846
new_cpp,1.0,0.1,2,843,41,17,4,2,59,0.05318872905556734
new_cpp,1.0,0.1,2,844,33,11,6,4,81,0.048829640845197454
new_cpp,1.0,0.1,2,845,35,13,6,2,69,0.041418388527487596
new_cpp,1.0,0.1,2,846,39,15,4,4,71,0.05424322682292723
new_cpp,1.0,0.1,2,847,18,4,6,3,67,0.047567730140358595
new_cpp,1.0,0.1,2,848,33,13,6,0,55,0.051252716544963745
new_cpp,1.0,0.1,2,849,33,11,6,4,81,0.04536050064443262
new_cpp,1.0,0.1,2,850,28,9,7,2,72,0.05171715718966091
new_cpp,1.0,0.1,2,851,35,15,4,2,57,0.051525122208808186
new_cpp,1.0,0.1,2,852,47,23,0,2,37,0.03952698079837814
new_cpp,1.0,0.1,2,853,27,9,6,4,79,0.03563070191952188
new_cpp,1.0,0.1,2,854,33,11,6,4,81,0.03624181321477199
new_cpp,1.0,0.1,2,855,36,15,1,4,50,0.06145360950677108
new_cpp,1.0,0.1,2,856,26,9,4,4,65,0.06660150209980811
new_cpp,1.0,0.1,2,857,36,15,3,2,50,0.06430967300068834
new_cpp,1.0,0.1,2,858,30,11,5,2,60,0.05412752509785066
new_cpp,1.0,0.1,2,859,33,11,6,4,81,0.05759290201192374
new_cpp,1.0,0.1,2,860,35,13,6,2,69,0.05080298488132937
new_cpp,1.0,0.1,2,861,25,5,8,6,103,0.04069317456637698
new_cpp,1.0,0.1,2,862,42,18,2,3,53,0.0607156241792662
new_cpp,1.0,0.1,2,863,24,5,8,5,96,0.03884313898762441
new_cpp,1.0,0.1,2,864,29,9,8,2,79,0.060965455089905765
new_cpp,1.0,0.1,2,865,29,9,6,4,79,0.06256104855699324
new_cpp,1.0,0.1,2,866,27,9,6,2,65,0.06356258388365642
new_cpp,1.0,0.1,2,867,29,9,6,4,79,0.05930639062001344
new_cpp,1.0,0.1,2,868,25,7,8,2,77,0.06311845091547486
new_cpp,1.0,0.1,2,869,21,3,8,6,101,0.06003396157481637
new_cpp,1.0,0.1,2,870,29,9,6,4,79,0.052443560932575156
new_cpp,1.0,0.1,2,871,29,11,6,0,53,0.0582538108630777
new_cpp,1.0,0.1,2,872,35,13,4,4,69,0.049044194216481624
new_cpp,1.0,0.1,2,873,35,13,6,2,69,0.03505695056767941
new_cpp,1.0,0.1,2,874,31,11,5,3,67,0.036492911985232156
new_cpp,1.0,0.1,2,875,33,11,6,4,81,0.033386558669564026
new_cpp,1.0,0.1,2,876,35,15,4,2,57,0.03589943691786341
new_cpp,1.0,0.1,2,877,35,15,4,2,57,0.042650808678399696
new_cpp,1.0,0.1,2,878,23,5,8,4,89,0.050438016967735075
new_cpp,1.0,0.1,2,879,27,7,8,4,91,0.038583550428559966
new_cpp,1.0,0.1,2,880,29,11,6,2,67,0.052125849014045135
new_cpp,1.0,0.1,2,881,38,17,2,2,45,0.05284588883689317
new_cpp,1.0,0.1,2,882,38,15,3,4,64,0.036005016554789576
new_cpp,1.0,0.1,2,883,29,11,6,2,67,0.04867063954811621
new_cpp,1.0,0.1,2,884,29,9,8,2,79,0.05792359095579251
new_cpp,1.0,0.1,2,885,27,9,8,0,65,0.04413211515541136
new_cpp,1.0,0.1,2,886,25,9,6,2,65,0.06015845258727497
new_cpp,1.0,0.1,2,887,34,15,2,2,43,0.06117948765384829
new_cpp,1.0,0.1,2,888,36,17,2,0,31,0.041315953107270785
new_cpp,1.0,0.1,2,889,38,15,4,3,64,0.03416988670043636
new_cpp,1.0,0.1,2,890,33,13,4,4,69,0.04077503984183382
new_cpp,1.0,0.1,2,891,26,11,3,0,32,0.061812752097432894
new_cpp,1.0,0.1,2,892,28,11,3,2,46,0.05653630698744767
new_cpp,1.0,0.1,2,893,41,17,4,2,59,0.06007192488984918
new_cpp,1.0,0.1,2,894,35,13,6,2,69,0.06131706953784561
new_cpp,1.0,0.1,2,895,33,13,4,4,69,0.05906103901179671
new_cpp,1.0,0.1,2,896,33,11,6,4,81,0.056995162914635016
new_cpp,1.0,0.1,2,897,37,15,4,2,57,0.04726343254684457
new_cpp,1.0,0.1,2,898,21,5,8,2,75,0.04615484776047824
new_cpp,1.0,0.1,2,899,39,17,4,0,45,0.05370522238817468
new_cpp,1.0,0.1,2,900,30,11,6,1,60,0.05459632299786606
new_cpp,1.0,0.1,2,901,33,13,4,2,55,0.053785967171982946
new_cpp,1.0,0.1,2,902,23,5,8,4,89,0.05246589091898751
new_cpp,1.0,0.1,2,903,23,9,4,2,51,0.04894561502387594
new_cpp,1.0,0.1,2,904,27,9,8,0,65,0.05116798308142849
new_cpp,1.0,0.1,2,905,36,15,4,1,50,0.07043006852935726
new_cpp,1.0,0.1,2,906,39,19,0,2,33,0.06633845231391293
new_cpp,1.0,0.1,2,907,21,5,10,0,75,0.06015871951294761
new_cpp,1.0,0.1,2,908,19,3,10,2,87,0.06909554461770773
new_cpp,1.0,0.1,2,909,41,17,4,2,59,0.037229228452428036
new_cpp,1.0,0.1,2,910,41,17,4,2,59,0.03148387692261332
new_cpp,1.0,0.1,2,911,23,7,8,2,77,0.058500679043772735
new_cpp,1.0,0.1,2,912,33,13,4,4,69,0.05253409292097839
new_cpp,1.0,0.1,2,913,35,13,6,2,69,0.059389346619484695
new_cpp,1.0,0.1,2,914,30,9,6,5,86,0.04976144768830369
new_cpp,1.0,0.1,2,915,29,9,8,2,79,0.037855961136824275
new_cpp,1.0,0.1,2,916,29,9,8,2,79,0.06001919180838927
new_cpp,1.0,0.1,2,917,31,11,6,2,67,0.06247268547834838
new_cpp,1.0,0.1,2,918,39,15,4,4,71,0.05554948596611282
new_cpp,1.0,0.1,2,919,47,21,2,2,49,0.056208305044107905
new_cpp,1.0,0.1,2,920,27,9,8,0,65,0.05072533422005853
new_cpp,1.0,0.1,2,921,36,15,4,1,50,0.0666600220574822
new_cpp,1.0,0.1,2,922,35,13,6,2,69,0.04900130649606088
new_cpp,1.0,0.1,2,923,41,17,4,2,59,0.059568291850498785
new_cpp,1.0,0.1,2,924,41,17,4,2,59,0.060620645490912145
new_cpp,1.0,0.1,2,925,39,15,4,4,71,0.036148689928850584
new_cpp,1.0,0.1,2,926,37,15,1,5,57,0.044153905365224684
new_cpp,1.0,0.1,2,927,31,9,6,6,93,0.05268922952794978
new_cpp,1.0,0.1,2,928,33,13,6,0,55,0.052268666160581234
new_cpp,1.0,0.1,2,929,31,11,6,2,67,0.03202795366619263
new_cpp,1.0,0.1,2,930,14,0,8,5,91,0.05460520834269037
new_cpp,1.0,0.1,2,931,14,2,6,5,79,0.04195489542954192
new_cpp,1.0,0.1,2,932,33,11,6,4,81,0.06456279826373353
new_cpp,1.0,0.1,2,933,33,11,6,4,81,0.06680727459680193
new_cpp,1.0,0.1,2,934,26,7,7,4,84,0.06639598919039887
new_cpp,1.0,0.1,2,935,25,5,8,6,103,0.06316366715170894
new_cpp,1.0,0.1,2,936,35,15,4,2,57,0.06030928612691126
new_cpp,1.0,0.1,2,937,26,9,6,3,72,0.06516016650270391
new_cpp,1.0,0.1,2,938,33,11,6,4,81,0.05545180261742437
new_cpp,1.0,0.1,2,939,35,13,6,2,69,0.06258143480216628
new_cpp,1.0,0.1,2,940,36,15,2,4,57,0.05212803604820225
new_cpp,1.0,0.1,2,941,29,9,6,4,79,0.060685972215409396
new_cpp,1.0,0.1,2,942,28,8,6,5,85,0.033009981705301575
new_cpp,1.0,0.1,2,943,32,11,5,4,74,0.037748614851716926
new_cpp,1.0,0.1,2,944,28,8,6,5,85,0.058383158900034114
new_cpp,1.0,0.1,2,945,41,17,4,2,59,0.04815824590398958
new_cpp,1.0,0.1,2,946,27,9,6,4,79,0.06524116695199472
new_cpp,1.0,0.1,2,947,31,9,6,6,93,0.0668162609863977
new_cpp,1.0,0.1,2,948,23,5,10,2,89,0.058575075363900345
new_cpp,1.0,0.1,2,949,31,11,4,4,67,0.06954770371047043
new_cpp,1.0,0.1,2,950,41,17,4,2,59,0.06998608792994256
new_cpp,1.0,0.1,2,951,32,11,2,7,74,0.0534308067010287
new_cpp,1.0,0.1,2,952,25,5,8,6,103,0.06896016187705041
new_cpp,1.0,0.1,2,953,33,13,4,4,69,0.038916086089503164
new_cpp,1.0,0.1,2,954,33,13,4,4,69,0.06086147992805862
new_cpp,1.0,0.1,2,955,33,11,6,4,81,0.06078049360102972
new_cpp,1.0,0.1,2,956,29,9,8,2,79,0.05627477224418429
new_cpp,1.0,0.1,2,957,31,11,2,6,67,0.0571280943256763
new_cpp,1.0,0.1,2,958,32,12,2,5,61,0.04895932224680023
new_cpp,1.0,0.1,2,959,33,13,4,4,69,0.0505026335127827
new_cpp,1.0,0.1,2,960,25,9,6,2,65,0.06554922372190863
new_cpp,1.0,0.1,2,961,27,9,8,0,65,0.0635829290759005
new_cpp,1.0,0.1,2,962,21,5,10,0,75,0.031082547258342943
new_cpp,1.0,0.1,2,963,29,13,2,2,41,0.07016058680999514
new_cpp,1.0,0.1,2,964,47,23,0,2,37,0.057240633291553676
new_cpp,1.0,0.1,2,965,35,13,6,2,69,0.057396564410861065
new_cpp,1.0,0.1,2,966,27,7,6,6,91,0.056729673525577534
new_cpp,1.0,0.1,2,967,29,9,8,2,79,0.055974908891106886
new_cpp,1.0,0.1,2,968,36,16,2,3,51,0.053751869235829156
new_cpp,1.0,0.1,2,969,41,19,2,2,47,0.05209292917894321
new_cpp,1.0,0.1,2,970,33,11,6,4,81,0.04976332325908865
new_cpp,1.0,0.1,2,971,27,7,8,4,91,0.051843317127628304
new_cpp,1.0,0.1,2,972,27,7,6,6,91,0.03233066867721019
new_cpp,1.0,0.1,2,973,33,11,6,4,81,0.04689632131824707
new_cpp,1.0,0.1,2,974,27,9,6,4,79,0.04382617754011971
new_cpp,1.0,0.1,2,975,41,17,4,2,59,0.06157170282033894
new_cpp,1.0,0.1,2,976,32,13,4,2,55,0.05991053452798595
new_cpp,1.0,0.1,2,977,27,7,8,4,91,0.06438704475099746
new_cpp,1.0,0.1,2,978,31,13,2,4,55,0.05274234685415218
new_cpp,1.0,0.1,2,979,41,19,0,4,47,0.04706449199296483
new_cpp,1.0,0.1,2,980,35,15,0,6,57,0.06478704608229298
new_cpp,1.0,0.1,2,981,21,3,10,4,101,0.06013077595101459
new_cpp,1.0,0.1,2,982,28,9,5,4,72,0.05013165663393858
new_cpp,1.0,0.1,2,983,41,17,4,2,59,0.05999391186862711
new_cpp,1.0,0.1,2,984,35,13,6,2,69,0.06195806752140186
new_cpp,1.0,0.1,2,985,36,17,2,1,38,0.06424283775938028
new_cpp,1.0,0.1,2,986,27,9,4,4,65,0.05615726891025249
new_cpp,1.0,0.1,2,987,47,23,0,2,37,0.051798770267692924
new_cpp,1.0,0.1,2,988,27,7,8,4,91,0.06559008262586276
new_cpp,1.0,0.1,2,989,27,9,8,0,65,0.06641938581145947
new_cpp,1.0,0.1,2,990,33,13,4,2,55,0.045371993473017964
new_cpp,1.0,0.1,2,991,20,5,9,0,68,0.05260374941981331
new_cpp,1.0,0.1,2,992,26,7,6,5,84,0.0530712705926299
new_cpp,1.0,0.1,2,993,33,11,6,4,81,0.05291225435007449
new_cpp,1.0,0.1,2,994,32,11,6,3,74,0.05064186146687204
new_cpp,1.0,0.1,2,995,33,13,6,0,55,0.04897394724238486
new_cpp,1.0,0.1,2,996,30,13,4,0,41,0.05227204467652173
new_cpp,1.0,0.1,2,997,36,13,4,5,76,0.05050297527414989
new_cpp,1.0,0.1,2,998,35,13,4,4,69,0.04544496358010591
new_cpp,1.0,0.1,2,999,29,9,8,2,79,0.04238431294006867
new_cpp,1.0,0.1,2,1000,21,3,10,4,101,0.04879084339026309
new_cpp,1.0,0.1,2,1001,27,9,6,2,65,0.04687795508012321
new_cpp,1.0,0.1,2,1002,33,15,2,2,43,0.03907087991671433
new_cpp,1.0,0.1,2,1003,35,15,4,2,57,0.054807735270947386
new_cpp,1.0,0.1,2,1004,30,10,6,3,73,0.053593770498836735
new_cpp,1.0,0.1,2,1005,35,15,4,2,57,0.05015245437019212
new_cpp,1.0,0.1,2,1006,47,23,0,2,37,0.056049103296628634
new_cpp,1.0,0.1,2,1007,30,11,4,4,67,0.06614155514301256
new_cpp,1.0,0.1,2,1008,29,9,8,2,79,0.05597179749332645
new_cpp,1.0,0.1,2,1009,29,9,8,2,79,0.05072822842819294
new_cpp,1.0,0.1,2,1010,25,7,7,3,77,0.06810715643148975
new_cpp,1.0,0.1,2,1011,45,21,2,0,35,0.06963637903654918
new_cpp,1.0,0.1,2,1012,33,13,4,2,55,0.042984807717363877
new_cpp,1.0,0.1,2,1013,27,8,3,7,78,0.052441280317745045
new_cpp,1.0,0.1,2,1014,32,11,6,3,74,0.05137189785555045
new_cpp,1.0,0.1,2,1015,33,11,6,4,81,0.048173907472101
new_cpp,1.0,0.1,2,1016,30,9,6,5,86,0.05337625864944998
new_cpp,1.0,0.1,2,1017,39,17,2,4,59,0.05332256243336301
new_cpp,1.0,0.1,2,1018,41,17,4,2,59,0.04574892407490099
new_cpp,1.0,0.1,2,1019,27,9,6,4,79,0.04080892326358147
new_cpp,1.0,0.1,2,1020,33,13,4,4,69,0.05249640524562076
new_cpp,1.0,0.1,2,1021,35,13,6,2,69,0.04428235938514616
new_cpp,1.0,0.1,2,1022,27,9,4,5,72,0.04369402712699234
new_cpp,1.0,0.1,2,1023,32,15,0,3,36,0.04125757559858262
new_cpp,1.0,0.1,2,1024,27,11,6,0,53,0.04414179870502427
new_cpp,1.0,0.1,2,1025,19,3,10,2,87,0.04339945188616428
new_cpp,1.0,0.1,2,1026,31,13,4,2,55,0.039162263508326044
new_cpp,1.0,0.1,2,1027,31,11,6,2,67,0.03459585951673031
new_cpp,1.0,0.1,2,1028,25,7,8,2,77,0.04129531298571415
new_cpp,1.0,0.1,2,1029,35,15,2,4,57,0.0597250147756621
new_cpp,1.0,0.1,2,1030,25,7,8,2,77,0.06475211695694934
new_cpp,1.0,0.1,2,1031,23,7,8,0,63,0.05536122887100068
new_cpp,1.0,0.1,2,1032,37,15,4,2,57,0.045335446586619435
new_cpp,1.0,0.1,2,1033,32,14,2,3,49,0.03775577048923191
new_cpp,1.0,0.1,2,1034,31,13,4,2,55,0.053324445614709996
new_cpp,1.0,0.1,2,1035,31,11,4,4,67,0.05962742282230575
new_cpp,1.0,0.1,2,1036,37,15,4,2,57,0.04187633667244152
new_cpp,1.0,0.1,2,1037,37,15,4,2,57,0.03698332883695197
new_cpp,1.0,0.1,2,1038,39,19,2,0,33,0.03869119000836141
new_cpp,1.0,0.1,2,1039,24,9,6,1,58,0.04037571271172993
new_cpp,1.0,0.1,2,1040,33,15,4,0,43,0.031861688546641766
new_cpp,1.0,0.1,2,1041,32,11,5,4,74,0.03948939540771788
new_cpp,1.0,0.1,2,1042,35,13,4,4,69,0.062338215469026965
new_cpp,1.0,0.1,2,1043,33,13,4,4,69,0.06297863187734974
new_cpp,1.0,0.1,2,1044,41,19,2,2,47,0.06375835761493569
new_cpp,1.0,0.1,2,1045,29,11,6,2,67,0.06301109233877494
new_cpp,1.0,0.1,2,1046,41,17,2,4,59,0.06103182566524568
new_cpp,1.0,0.1,2,1047,38,17,3,0,38,0.062141935139700365
new_cpp,1.0,0.1,2,1048,37,15,4,2,57,0.059481525569944585
new_cpp,1.0,0.1,2,1049,34,14,4,1,49,0.0526653677284717
new_cpp,1.0,0.1,2,1050,29,13,2,2,41,0.057636423405008075
new_cpp,1.0,0.1,2,1051,33,15,2,2,43,0.04722169494423985
new_cpp,1.0,0.1,2,1052,27,11,6,0,53,0.05383113224231487
new_cpp,1.0,0.1,2,1053,29,11,4,2,53,0.06258561778822998
new_cpp,1.0,0.1,2,1054,25,7,8,2,77,0.0658949495619388
new_cpp,1.0,0.1,2,1055,27,9,8,0,65,0.06715478087118958
new_cpp,1.0,0.1,2,1056,28,9,5,4,72,0.05583524949335737
new_cpp,1.0,0.1,2,1057,36,15,4,1,50,0.044520061555419405
new_cpp,1.0,0.1,2,1058,25,7,8,2,77,0.06588801160155268
new_cpp,1.0,0.1,2,1059,35,13,6,2,69,0.03522513539704968
new_cpp,1.0,0.1,2,1060,29,9,8,2,79,0.064144655279798
new_cpp,1.0,0.1,2,1061,29,9,6,4,79,0.05593309981654181
new_cpp,1.0,0.1,2,1062,35,13,6,2,69,0.048100466921846226
new_cpp,1.0,0.1,2,1063,24,5,8,5,96,0.03712978965945603
new_cpp,1.0,0.1,2,1064,31,11,5,3,67,0.05253067262936116
new_cpp,1.0,0.1,2,1065,42,18,2,3,53,0.05715615351655009
new_cpp,1.0,0.1,2,1066,41,17,4,2,59,0.06141536429714355
new_cpp,1.0,0.1,2,1067,33,13,4,4,69,0.06307622365015081
new_cpp,1.0,0.1,2,1068,27,7,8,4,91,0.05219107327365786
new_cpp,1.0,0.1,2,1069,29,9,8,2,79,0.0339165050440562
new_cpp,1.0,0.1,2,1070,23,5,6,6,89,0.06286895548801977
new_cpp,1.0,0.1,2,1071,23,5,8,4,89,0.05026220498403573
new_cpp,1.0,0.1,2,1072,24,7,6,3,70,0.05317200256715431
new_cpp,1.0,0.1,2,1073,26,11,2,2,39,0.05336918642313505
new_cpp,1.0,0.1,2,1074,39,17,4,0,45,0.04964610583899725
new_cpp,1.0,0.1,2,1075,33,13,6,0,55,0.053689612995432415
new_cpp,1.0,0.1,2,1076,22,7,6,2,63,0.04620413213254007
new_cpp,1.0,0.1,2,1077,39,17,4,0,45,0.05341940800765054
new_cpp,1.0,0.1,2,1078,33,13,6,0,55,0.04322214366628454
new_cpp,1.0,0.1,2,1079,30,11,6,1,60,0.039508737738407095
new_cpp,1.0,0.1,2,1080,33,13,6,0,55,0.05276501243970234
new_cpp,1.0,0.1,2,1081,33,15,4,0,43,0.05319068773973727
new_cpp,1.0,0.1,2,1082,27,11,4,2,53,0.05819260923069487
new_cpp,1.0,0.1,2,1083,23,7,6,2,63,0.058673009873904024
new_cpp,1.0,0.1,2,1084,39,17,4,0,45,0.05227391052164469
new_cpp,1.0,0.1,2,1085,37,15,4,2,57,0.06026458177127377
new_cpp,1.0,0.1,2,1086,27,9,8,0,65,0.04740943448405474
new_cpp,1.0,0.1,2,1087,33,13,6,0,55,0.060860850140214175
new_cpp,1.0,0.1,2,1088,30,13,4,0,41,0.04335691063315125
new_cpp,1.0,0.1,2,1089,25,7,8,2,77,0.03835940170010242
new_cpp,1.0,0.1,2,1090,24,7,8,1,70,0.0611205458180655
new_cpp,1.0,0.1,2,1091,25,7,8,2,77,0.047886126684955205
new_cpp,1.0,0.1,2,1092,25,7,8,2,77,0.06334908000912984
new_cpp,1.0,0.1,2,1093,37,15,4,2,57,0.04326499580782077
new_cpp,1.0,0.1,2,1094,27,11,6,0,53,0.06433286632753193
new_cpp,1.0,0.1,2,1095,27,7,8,4,91,0.06530762475835777
new_cpp,1.0,0.1,2,1096,36,13,4,5,76,0.031153139797562932
new_cpp,1.0,0.1,2,1097,35,15,4,2,57,0.05992912003590758
new_cpp,1.0,0.1,2,1098,35,13,6,2,69,0.058609447675289576
new_cpp,1.0,0.1,2,1099,32,11,6,3,74,0.04413163892895331
new_cpp,1.0,0.1,2,1100,29,9,8,2,79,0.06621995238606067
new_cpp,1.0,0.1,2,1101,33,15,4,0,43,0.06038947647231802
new_cpp,1.0,0.1,2,1102,33,13,6,0,55,0.05904789443819283
new_cpp,1.0,0.1,2,1103,35,13,6,2,69,0.0444011395364611
new_cpp,1.0,0.1,2,1104,39,15,4,4,71,0.06684458375616723
new_cpp,1.0,0.1,2,1105,29,9,8,2,79,0.05796887118303624
new_cpp,1.0,0.1,2,1106,35,13,6,2,69,0.05242052446221674
new_cpp,1.0,0.1,2,1107,29,9,8,2,79,0.05141626592921728
new_cpp,1.0,0.1,2,1108,29,11,4,4,67,0.05851601307856638
new_cpp,1.0,0.1,2,1109,25,5,8,6,103,0.0461002788487641
new_cpp,1.0,0.1,2,1110,19,3,8,6,101,0.06038965941332515
new_cpp,1.0,0.1,2,1111,31,13,2,4,55,0.04165986373043797
new_cpp,1.0,0.1,2,1112,27,7,8,4,91,0.061163656800658946
new_cpp,1.0,0.1,2,1113,28,8,6,5,85,0.0615997535708201
new_cpp,1.0,0.1,2,1114,36,13,4,5,76,0.03612904039313929
new_cpp,1.0,0.1,2,1115,29,9,6,4,79,0.032555445265235884
new_cpp,1.0,0.1,2,1116,33,13,4,4,69,0.06169675480302442
new_cpp,1.0,0.1,2,1117,26,7,8,3,84,0.0500264870191065
new_cpp,1.0,0.1,2,1118,39,15,4,4,71,0.06727973960548474
new_cpp,1.0,0.1,2,1119,41,17,4,2,59,0.04509015054832115
new_cpp,1.0,0.1,2,1120,41,19,2,2,47,0.06856005815094181
new_cpp,1.0,0.1,2,1121,36,13,4,5,76,0.07012585959549321
new_cpp,1.0,0.1,2,1122,27,7,8,4,91,0.032264430644009245
new_cpp,1.0,0.1,2,1123,33,13,4,2,55,0.03638386466193567
new_cpp,1.0,0.1,2,1124,33,13,4,4,69,0.03578653766650624
new_cpp,1.0,0.1,2,1125,32,11,6,3,74,0.05122707990258912
new_cpp,1.0,0.1,2,1126,41,19,2,2,47,0.04375220711051242
new_cpp,1.0,0.1,2,1127,38,17,2,3,52,0.047906831426141945
new_cpp,1.0,0.1,2,1128,29,9,8,2,79,0.04908802124584906
new_cpp,1.0,0.1,2,1129,29,11,6,2,67,0.03825613097743787
new_cpp,1.0,0.1,2,1130,44,21,0,3,42,0.04911437916601493
new_cpp,1.0,0.1,2,1131,27,7,8,4,91,0.03413698334078381
new_cpp,1.0,0.1,2,1132,31,11,6,2,67,0.048369188625261586
new_cpp,1.0,0.1,2,1133,39,17,2,2,45,0.04423775677696783
new_cpp,1.0,0.1,2,1134,27,9,4,4,65,0.04340771756968897
new_cpp,1.0,0.1,2,1135,27,11,6,0,53,0.048700948305962014
new_cpp,1.0,0.1,2,1136,15,1,6,6,85,0.038793377804586436
new_cpp,1.0,0.1,2,1137,17,3,10,2,87,0.04955276616190834
new_cpp,1.0,0.1,2,1138,19,3,10,2,87,0.03472781516706955
new_cpp,1.0,0.1,2,1139,24,9,6,1,58,0.04958600744952333
new_cpp,1.0,0.1,2,1140,32,11,5,4,74,0.049208966793230176
new_cpp,1.0,0.1,2,1141,30,11,2,6,67,0.029437576473829045
new_cpp,1.0,0.1,2,1142,29,9,8,2,79,0.044578805240705746
new_cpp,1.0,0.1,2,1143,27,7,8,4,91,0.040925266335109865
new_cpp,1.0,0.1,2,1144,31,11,6,2,67,0.03570621628424972
new_cpp,1.0,0.1,2,1145,25,9,6,2,65,0.045288615377517466
new_cpp,1.0,0.1,2,1146,35,17,0,2,31,0.03168210392835469
new_cpp,1.0,0.1,2,1147,33,13,4,2,55,0.04501807792542321
new_cpp,1.0,0.1,2,1148,41,19,2,2,47,0.06633553833727353
new_cpp,1.0,0.1,2,1149,25,7,6,4,77,0.06762405766623725
new_cpp,1.0,0.1,2,1150,24,5,8,5,96,0.06766919046465039
new_cpp,1.0,0.1,2,1151,35,15,2,4,57,0.06278054978595658
new_cpp,1.0,0.1,2,1152,26,7,7,4,84,0.0664497865290298
new_cpp,1.0,0.1,2,1153,44,21,0,2,35,0.05858867779305196
new_cpp,1.0,0.1,2,1154,33,13,4,4,69,0.05570953864847057
new_cpp,1.0,0.1,2,1155,35,13,6,2,69,0.065346621063794
new_cpp,1.0,0.1,2,1156,41,19,0,4,47,0.06390807786768495
new_cpp,1.0,0.1,2,1157,33,11,6,4,81,0.05228696783041024
new_cpp,1.0,0.1,2,1158,41,17,4,2,59,0.0387659910755239
new_cpp,1.0,0.1,2,1159,35,13,6,2,69,0.03813047467446372
new_cpp,1.0,0.1,2,1160,41,19,0,4,47,0.0357611588428579
new_cpp,1.0,0.1,2,1161,33,11,6,4,81,0.03968892256181621
new_cpp,1.0,0.1,2,1162,41,17,4,2,59,0.03146971794197634
new_cpp,1.0,0.1,2,1163,35,15,2,4,57,0.03959947466609485
new_cpp,1.0,0.1,2,1164,33,11,6,4,81,0.043926680096334596
new_cpp,1.0,0.1,2,1165,35,13,6,2,69,0.060208701145522465
new_cpp,1.0,0.1,2,1166,19,1,10,6,113,0.03682077783784377
new_cpp,1.0,0.1,2,1167,37,15,2,4,57,0.04250629814926641
new_cpp,1.0,0.1,2,1168,35,13,6,2,69,0.04442368889231474
new_cpp,1.0,0.1,2,1169,41,19,2,2,47,0.02920507132329663
new_cpp,1.0,0.1,2,1170,30,9,6,5,86,0.06559654366368957
new_cpp,1.0,0.1,2,1171,23,5,10,2,89,0.063454283158546
new_cpp,1.0,0.1,2,1172,27,9,8,0,65,0.06514608158888986
new_cpp,1.0,0.1,2,1173,27,11,6,0,53,0.06123059617758731
new_cpp,1.0,0.1,2,1174,35,13,6,2,69,0.06413716271150012
new_cpp,1.0,0.1,2,1175,28,9,2,7,72,0.05853821112566686
new_cpp,1.0,0.1,2,1176,35,13,6,2,69,0.03512278200845404
new_cpp,1.0,0.1,2,1177,47,21,2,2,49,0.03457876568679495
new_cpp,1.0,0.1,2,1178,33,13,6,0,55,0.03569053611855325
new_cpp,1.0,0.1,2,1179,37,15,4,2,57,0.03306610952856
new_cpp,1.0,0.1,2,1180,41,19,2,2,47,0.028131081223660405
new_cpp,1.0,0.1,2,1181,33,11,6,4,81,0.03520894062357118
new_cpp,1.0,0.1,2,1182,35,13,6,2,69,0.04307963547903055
new_cpp,1.0,0.1,2,1183,47,21,2,2,49,0.05631577940498968
new_cpp,1.0,0.1,2,1184,41,19,2,2,47,0.03887061789566728
new_cpp,1.0,0.1,2,1185,27,9,6,4,79,0.047096693483378735
new_cpp,1.0,0.1,2,1186,37,15,2,4,57,0.0479042844933446
new_cpp,1.0,0.1,2,1187,35,15,4,2,57,0.037331726151151934
new_cpp,1.0,0.1,2,1188,39,15,4,4,71,0.058055293071585544
new_cpp,1.0,0.1,2,1189,41,17,4,2,59,0.05765271825251516
new_cpp,1.0,0.1,2,1190,23,5,10,2,89,0.05675152870811287
new_cpp,1.0,0.1,2,1191,33,11,6,4,81,0.05601216142665546
new_cpp,1.0,0.1,2,1192,27,7,6,6,91,0.05029310937313191
new_cpp,1.0,0.1,2,1193,23,7,8,2,77,0.051787239734206236
new_cpp,1.0,0.1,2,1194,29,9,8,2,79,0.04915428230040352
new_cpp,1.0,0.1,2,1195,30,12,4,3,61,0.0473244907209585
new_cpp,1.0,0.1,2,1196,27,7,8,4,91,0.05695562183429619
new_cpp,1.0,0.1,2,1197,33,11,6,4,81,0.05697306096297396
new_cpp,1.0,0.1,2,1198,26,9,6,2,65,0.06541072196196415
new_cpp,1.0,0.1,2,1199,34,13,5,2,62,0.06487900561663093
new_cpp,1.0,0.1,2,1200,32,11,6,3,74,0.06572093731193028
new_cpp,1.0,0.1,2,1201,35,13,4,4,69,0.06397191746076997
new_cpp,1.0,0.1,2,1202,30,9,4,7,86,0.06012610465266122
new_cpp,1.0,0.1,2,1203,29,9,8,2,79,0.06512246313541531
new_cpp,1.0,0.1,2,1204,27,9,6,4,79,0.04537500347735224
new_cpp,1.0,0.1,2,1205,33,11,6,4,81,0.04371309486758961
new_cpp,1.0,0.1,2,1206,33,13,4,2,55,0.042115114929209066
new_cpp,1.0,0.1,2,1207,31,11,6,2,67,0.04559931340421552
new_cpp,1.0,0.1,2,1208,35,13,6,2,69,0.038534516391552795
new_cpp,1.0,0.1,2,1209,25,9,4,4,65,0.04507678557492
new_cpp,1.0,0.1,2,1210,39,17,2,2,45,0.03394584117816283
new_cpp,1.0,0.1,2,1211,39,19,2,0,33,0.043721909448589044
new_cpp,1.0,0.1,2,1212,29,9,6,4,79,0.044886839363803624
new_cpp,1.0,0.1,2,1213,25,7,6,4,77,0.0582271277209216
new_cpp,1.0,0.1,2,1214,34,13,5,2,62,0.03163381005705512
new_cpp,1.0,0.1,2,1215,19,4,6,5,81,0.04293970351895729
new_cpp,1.0,0.1,2,1216,30,11,6,1,60,0.04684449206098664
new_cpp,1.0,0.1,2,1217,33,13,6,0,55,0.0568998962196975
new_cpp,1.0,0.1,2,1218,33,15,4,0,43,0.04017885598987738
new_cpp,1.0,0.1,2,1219,27,9,8,0,65,0.05900431696469926
new_cpp,1.0,0.1,2,1220,33,13,2,6,69,0.049941967140621046
new_cpp,1.0,0.1,2,1221,33,13,4,4,69,0.0374209306857138
new_cpp,1.0,0.1,2,1222,33,11,6,4,81,0.05283209785295083
new_cpp,1.0,0.1,2,1223,33,11,4,6,81,0.03968677718873537
new_cpp,1.0,0.1,2,1224,39,17,2,4,59,0.0563804111864042
new_cpp,1.0,0.1,2,1225,25,5,8,6,103,0.04983216403437058
new_cpp,1.0,0.1,2,1226,25,7,8,2,77,0.04532991064539067
new_cpp,1.0,0.1,2,1227,23,7,4,4,63,0.0590800238976004
new_cpp,1.0,0.1,2,1228,25,7,8,2,77,0.05803203456846782
new_cpp,1.0,0.1,2,1229,35,15,2,2,43,0.05450008208079535
new_cpp,1.0,0.1,2,1230,47,23,0,2,37,0.048404112317884225
new_cpp,1.0,0.1,2,1231,33,11,6,4,81,0.058646856134382
new_cpp,1.0,0.1,2,1232,24,7,7,2,70,0.05661402274991041
new_cpp,1.0,0.1,2,1233,26,9,7,0,58,0.03624549279673322
new_cpp,1.0,0.1,2,1234,25,5,8,6,103,0.032827042865061155
new_cpp,1.0,0.1,2,1235,29,11,6,2,67,0.02860406264411962
new_cpp,1.0,0.1,2,1236,37,17,2,2,45,0.06609171435605864
new_cpp,1.0,0.1,2,1237,21,5,8,2,75,0.059957766501225244
new_cpp,1.0,0.1,2,1238,35,17,2,0,31,0.06418668628948021
new_cpp,1.0,0.1,2,1239,37,15,4,2,57,0.04567432533931282
new_cpp,1.0,0.1,2,1240,27,9,4,6,79,0.038315245847390475
new_cpp,1.0,0.1,2,1241,31,11,6,2,67,0.06234455031288396
new_cpp,1.0,0.1,2,1242,28,8,4,7,85,0.048626236047993786
new_cpp,1.0,0.1,2,1243,38,15,4,3,64,0.05181819535816416
new_cpp,1.0,0.1,2,1244,19,5,8,0,61,0.058909545742983675
new_cpp,1.0,0.1,2,1245,25,9,6,0,51,0.06363020557528504
new_cpp,1.0,0.1,2,1246,25,11,2,2,39,0.06429013574261419
new_cpp,1.0,0.1,2,1247,11,1,4,4,57,0.04731947694878193
new_cpp,1.0,0.1,2,1248,21,5,8,2,75,0.03326272600202798
new_cpp,1.0,0.1,2,1249,27,9,6,2,65,0.062122521505652686
new_cpp,1.0,0.1,2,1250,31,11,5,3,67,0.04111895362010546
new_cpp,1.0,0.1,2,1251,41,17,4,2,59,0.042904081076311794
new_cpp,1.0,0.1,2,1252,25,5,8,6,103,0.04959189159488936
new_cpp,1.0,0.1,2,1253,35,15,4,2,57,0.043724758752800665
new_cpp,1.0,0.1,2,1254,40,19,0,3,40,0.04970384751801473
new_cpp,1.0,0.1,2,1255,31,11,6,2,67,0.048571624899593484
new_cpp,1.0,0.1,2,1256,27,11,4,2,53,0.03522266588226631
new_cpp,1.0,0.1,2,1257,25,7,4,6,77,0.05470028717406068
new_cpp,1.0,0.1,2,1258,39,15,4,4,71,0.06536825045943569
new_cpp,1.0,0.1,2,1259,29,9,8,2,79,0.0572798106645874
new_cpp,1.0,0.1,2,1260,31,11,6,2,67,0.06012499264094835
new_cpp,1.0,0.1,2,1261,23,5,8,4,89,0.04630702740629853
new_cpp,1.0,0.1,2,1262,22,5,7,4,82,0.06438687829866005
new_cpp,1.0,0.1,2,1263,31,11,6,2,67,0.04891837452879797
new_cpp,1.0,0.1,2,1264,41,17,4,2,59,0.04173511059723517
new_cpp,1.0,0.1,2,1265,31,11,4,4,67,0.03290823919242415
new_cpp,1.0,0.1,2,1266,27,9,6,4,79,0.06568866448059885
new_cpp,1.0,0.1,2,1267,35,13,6,2,69,0.055458796349716115
new_cpp,1.0,0.1,2,1268,33,13,6,0,55,0.06894059571135631
new_cpp,1.0,0.1,2,1269,25,7,8,2,77,0.03652121671890287
new_cpp,1.0,0.1,2,1270,40,17,3,2,52,0.06218034900372423
new_cpp,1.0,0.1,2,1271,30,9,6,5,86,0.06036249006984367
new_cpp,1.0,0.1,2,1272,29,9,8,2,79,0.0626622234039961
new_cpp,1.0,0.1,2,1273,35,13,6,2,69,0.05887891348087465
new_cpp,1.0,0.1,2,1274,32,11,6,3,74,0.0627700330579493
new_cpp,1.0,0.1,2,1275,39,17,2,4,59,0.05583053740907764
new_cpp,1.0,0.1,2,1276,35,13,6,2,69,0.0608932028043423
new_cpp,1.0,0.1,2,1277,35,13,4,4,69,0.04692931515613821
new_cpp,1.0,0.1,2,1278,30,9,6,5,86,0.06141861440254846
new_cpp,1.0,0.1,2,1279,33,11,6,4,81,0.06392524472776903
new_cpp,1.0,0.1,2,1280,37,15,4,2,57,0.05955414467695472
new_cpp,1.0,0.1,2,1281,31,11,6,2,67,0.0647706850773879
new_cpp,1.0,0.1,2,1282,39,19,2,0,33,0.05587922833480827
new_cpp,1.0,0.1,2,1283,31,11,4,4,67,0.065446886076925
new_cpp,1.0,0.1,2,1284,38,17,2,2,45,0.04547228229555343
new_cpp,1.0,0.1,2,1285,35,13,6,2,69,0.06474002943006416
new_cpp,1.0,0.1,2,1286,41,17,4,2,59,0.04052019784356651
new_cpp,1.0,0.1,2,1287,41,19,2,2,47,0.05245305088897615
new_cpp,1.0,0.1,2,1288,35,13,6,2,69,0.057761640686656984
new_cpp,1.0,0.1,2,1289,29,11,6,2,67,0.037819089604893386
new_cpp,1.0,0.1,2,1290,27,9,8,0,65,0.05813869516697793
new_cpp,1.0,0.1,2,1291,24,7,6,3,70,0.05444495808362103
new_cpp,1.0,0.1,2,1292,31,13,2,4,55,0.061347925543043254
new_cpp,1.0,0.1,2,1293,35,13,6,2,69,0.04900948039230589
new_cpp,1.0,0.1,2,1294,32,11,5,4,74,0.06294856404241282
new_cpp,1.0,0.1,2,1295,40,17,3,2,52,0.04453724283849422
new_cpp,1.0,0.1,2,1296,23,7,6,4,77,0.032978716224114635
new_cpp,1.0,0.1,2,1297,39,17,4,0,45,0.06501328894160142
new_cpp,1.0,0.1,2,1298,41,17,4,2,59,0.05317071364118874
new_cpp,1.0,0.1,2,1299,32,11,5,4,74,0.04992988211954155
new_cpp,1.0,0.1,2,1300,28,10,4,3,59,0.0546751949340527
new_cpp,1.0,0.1,2,1301,33,15,4,0,43,0.027038079363111783
new_cpp,1.0,0.1,2,1302,38,17,2,3,52,0.041143361941483804
new_cpp,1.0,0.1,2,1303,29,11,6,2,67,0.04098061125749953
new_cpp,1.0,0.1,2,1304,23,3,8,8,115,0.03911492558363326
new_cpp,1.0,0.1,2,1305,35,15,4,2,57,0.03880791917038195
new_cpp,1.0,0.1,2,1306,30,11,4,4,67,0.05178496068970383
new_cpp,1.0,0.1,2,1307,37,15,1,5,57,0.04715238859617231
new_cpp,1.0,0.1,2,1308,35,15,4,2,57,0.05579828587614388
new_cpp,1.0,0.1,2,1309,32,11,6,3,74,0.04015864785516615
new_cpp,1.0,0.1,2,1310,29,9,4,6,79,0.05782674343264104
new_cpp,1.0,0.1,2,1311,35,13,6,2,69,0.03410020566132716
new_cpp,1.0,0.1,2,1312,26,9,5,2,58,0.06787128226947808
new_cpp,1.0,0.1,2,1313,30,11,5,2,60,0.06474245979303349
new_cpp,1.0,0.1,2,1314,33,13,4,2,55,0.06901060765575008
new_cpp,1.0,0.1,2,1315,23,5,8,4,89,0.05834268451209568
new_cpp,1.0,0.1,2,1316,39,15,4,4,71,0.057714132876735255
new_cpp,1.0,0.1,2,1317,36,14,4,3,63,0.051375742504912565
new_cpp,1.0,0.1,2,1318,33,13,6,0,55,0.02960591026196204
new_cpp,1.0,0.1,2,1319,27,9,8,0,65,0.027543942501919366
new_cpp,1.0,0.1,2,1320,33,13,6,0,55,0.029678935850998137
new_cpp,1.0,0.1,2,1321,31,11,6,2,67,0.02525062658043184
new_cpp,1.0,0.1,2,1322,33,13,4,4,69,0.055859499222338814
new_cpp,1.0,0.1,2,1323,35,15,4,2,57,0.06160464009800063
new_cpp,1.0,0.1,2,1324,30,10,6,3,73,0.0642490846219652
new_cpp,1.0,0.1,2,1325,26,7,7,4,84,0.04951076370927885
new_cpp,1.0,0.1,2,1326,41,17,4,2,59,0.04513305512148073
new_cpp,1.0,0.1,2,1327,35,14,3,3,56,0.06516639025229276
new_cpp,1.0,0.1,2,1328,41,19,2,2,47,0.06604566918644915
new_cpp,1.0,0.1,2,1329,29,9,8,2,79,0.024850491719251463
new_cpp,1.0,0.1,2,1330,31,11,4,4,67,0.057567948301010335
new_cpp,1.0,0.1,2,1331,21,3,10,4,101,0.05645361273384305
new_cpp,1.0,0.1,2,1332,29,11,6,2,67,0.04374591140664221
new_cpp,1.0,0.1,2,1333,23,3,8,8,115,0.06239784580399925
new_cpp,1.0,0.1,2,1334,35,13,6,2,69,0.03525279749445801
new_cpp,1.0,0.1,2,1335,35,15,4,2,57,0.06288279259834946
new_cpp,1.0,0.1,2,1336,30,9,6,5,86,0.06268195033376064
new_cpp,1.0,0.1,2,1337,20,3,9,4,94,0.02396028593308368
new_cpp,1.0,0.1,2,1338,41,19,2,2,47,0.05487918341999167
new_cpp,1.0,0.1,2,1339,33,11,6,4,81,0.05386504571226239
new_cpp,1.0,0.1,2,1340,23,5,8,4,89,0.05838984597513514
new_cpp,1.0,0.1,2,1341,28,9,6,3,72,0.04588594760533838
new_cpp,1.0,0.1,2,1342,28,11,3,2,46,0.04183842462503498
new_cpp,1.0,0.1,2,1343,31,11,6,2,67,0.05889678268641997
new_cpp,1.0,0.1,2,1344,26,7,6,5,84,0.06677510142671755
new_cpp,1.0,0.1,2,1345,32,13,3,2,48,0.06845196125969444
new_cpp,1.0,0.1,2,1346,37,15,4,2,57,0.058814614553504646
new_cpp,1.0,0.1,2,1347,27,9,5,3,65,0.06952878980541835
new_cpp,1.0,0.1,2,1348,23,5,8,4,89,0.06846038420029103
new_cpp,1.0,0.1,2,1349,31,11,6,2,67,0.05249203385341491
new_cpp,1.0,0.1,2,1350,43,19,2,2,47,0.06678832968735823
new_cpp,1.0,0.1,2,1351,27,7,6,6,91,0.045560473396830684
new_cpp,1.0,0.1,2,1352,29,9,6,4,79,0.03975940339914376
new_cpp,1.0,0.1,2,1353,37,17,2,2,45,0.06528203752489418
new_cpp,1.0,0.1,2,1354,35,15,4,2,57,0.05556753178827349
new_cpp,1.0,0.1,2,1355,29,9,8,2,79,0.03560547420335347
new_cpp,1.0,0.1,2,1356,33,11,6,4,81,0.046221839383194865
new_cpp,1.0,0.1,2,1357,36,13,4,5,76,0.04548248894929885
new_cpp,1.0,0.1,2,1358,23,5,8,4,89,0.04370551414446051
new_cpp,1.0,0.1,2,1359,27,9,8,0,65,0.0472527711960492
new_cpp,1.0,0.1,2,1360,31,11,6,2,67,0.04800237929923049
new_cpp,1.0,0.1,2,1361,37,17,2,2,45,0.03876355500740913
new_cpp,1.0,0.1,2,1362,28,10,6,1,59,0.03503402699354825
new_cpp,1.0,0.1,2,1363,31,13,4,2,55,0.04778963332241822
new_cpp,1.0,0.1,2,1364,27,11,6,0,53,0.02696406359515295
new_cpp,1.0,0.1,2,1365,39,17,4,0,45,0.04662596685632652
new_cpp,1.0,0.1,2,1366,25,7,8,2,77,0.06231486158578524
new_cpp,1.0,0.1,2,1367,19,3,6,6,87,0.06348277357755014
new_cpp,1.0,0.1,2,1368,37,15,4,2,57,0.05554763004411105
new_cpp,1.0,0.1,2,1369,35,15,4,0,43,0.06305942941442565
new_cpp,1.0,0.1,2,1370,33,13,2,4,55,0.06108297272070848
new_cpp,1.0,0.1,2,1371,35,15,4,0,43,0.04979686346776964
new_cpp,1.0,0.1,2,1372,26,9,4,3,58,0.03790870394552599
new_cpp,1.0,0.1,2,1373,23,5,8,4,89,0.056339187888493514
new_cpp,1.0,0.1,2,1374,35,13,6,2,69,0.05464820840407653
new_cpp,1.0,0.1,2,1375,35,13,6,2,69,0.06227351121348309
new_cpp,1.0,0.1,2,1376,29,9,6,4,79,0.05856591135687114
new_cpp,1.0,0.1,2,1377,33,13,2,4,55,0.060586665559616
new_cpp,1.0,0.1,2,1378,31,11,6,2,67,0.06043215505163548
new_cpp,1.0,0.1,2,1379,27,11,4,2,53,0.057370498647458114
new_cpp,1.0,0.1,2,1380,43,19,2,2,47,0.053473611324531975
new_cpp,1.0,0.1,2,1381,29,11,6,0,53,0.059099689861354984
new_cpp,1.0,0.1,2,1382,32,12,4,3,61,0.05652700098295945
new_cpp,1.0,0.1,2,1383,27,9,6,2,65,0.04801796471846816
new_cpp,1.0,0.1,2,1384,33,11,6,4,81,0.06601579406365472
new_cpp,1.0,0.1,2,1385,21,3,10,4,101,0.06629271460150676
new_cpp,1.0,0.1,2,1386,40,17,3,2,52,0.06612271061042786
new_cpp,1.0,0.1,2,1387,29,9,8,2,79,0.06498696545593202
new_cpp,1.0,0.1,2,1388,33,13,4,4,69,0.06464922014491037
new_cpp,1.0,0.1,2,1389,41,19,2,2,47,0.06598392219052027
new_cpp,1.0,0.1,2,1390,29,9,6,4,79,0.06537408979091229
new_cpp,1.0,0.1,2,1391,25,9,6,2,65,0.0634518510914127
new_cpp,1.0,0.1,2,1392,25,7,8,2,77,0.06381532939299529
new_cpp,1.0,0.1,2,1393,37,15,4,2,57,0.06093023732560934
new_cpp,1.0,0.1,2,1394,27,9,8,0,65,0.0623668644940289
new_cpp,1.0,0.1,2,1395,21,5,10,0,75,0.05879154237703966
new_cpp,1.0,0.1,2,1396,35,13,6,2,69,0.05654887870601079
new_cpp,1.0,0.1,2,1397,41,17,4,2,59,0.06078976481946741
new_cpp,1.0,0.1,2,1398,33,13,4,2,55,0.05353061950698307
new_cpp,1.0,0.1,2,1399,27,9,8,0,65,0.058621028099687375
new_cpp,1.0,0.1,2,1400,29,9,8,2,79,0.030822260626304866
new_cpp,1.0,0.1,2,1401,29,11,6,2,67,0.030504369777768377
new_cpp,1.0,0.1,2,1402,41,19,2,2,47,0.05600811674845123
new_cpp,1.0,0.1,2,1403,23,7,8,2,77,0.04992728256455913
new_cpp,1.0,0.1,2,1404,35,15,4,2,57,0.029373767035082467
new_cpp,1.0,0.1,2,1405,31,13,2,4,55,0.03091263901986089
new_cpp,1.0,0.1,2,1406,29,9,6,4,79,0.02926384410944569
new_cpp,1.0,0.1,2,1407,22,7,4,4,63,0.025017636415205
new_cpp,1.0,0.1,2,1408,41,17,4,2,59,0.06305964453995018
new_cpp,1.0,0.1,2,1409,47,23,0,2,37,0.06313026904493721
new_cpp,1.0,0.1,2,1410,33,11,6,4,81,0.05950451137989652
new_cpp,1.0,0.1,2,1411,25,5,8,6,103,0.058764306986730186
new_cpp,1.0,0.1,2,1412,36,17,2,0,31,0.05182772851461295
new_cpp,1.0,0.1,2,1413,27,9,8,0,65,0.053150534158941096
new_cpp,1.0,0.1,2,1414,27,9,8,0,65,0.06526401041693602
new_cpp,1.0,0.1,2,1415,32,13,5,0,48,0.0634512913626205
new_cpp,1.0,0.1,2,1416,31,11,4,6,81,0.05592660108634619
new_cpp,1.0,0.1,2,1417,47,21,2,2,49,0.0685913454456195
new_cpp,1.0,0.1,2,1418,30,10,6,3,73,0.050127847463909664
new_cpp,1.0,0.1,2,1419,41,17,4,2,59,0.0693162127566198
new_cpp,1.0,0.1,2,1420,27,9,8,0,65,0.06881206310258199
new_cpp,1.0,0.1,2,1421,32,14,2,2,42,0.03315871662212709
new_cpp,1.0,0.1,2,1422,33,13,4,4,69,0.059325916966746876
new_cpp,1.0,0.1,2,1423,23,5,10,2,89,0.05913498728658864
new_cpp,1.0,0.1,2,1424,29,11,6,2,67,0.05816914235171989
new_cpp,1.0,0.1,2,1425,31,9,6,6,93,0.05895397769400251
new_cpp,1.0,0.1,2,1426,31,11,4,4,67,0.058756847169369075
new_cpp,1.0,0.1,2,1427,41,17,4,2,59,0.057833680791938465
new_cpp,1.0,0.1,2,1428,31,9,6,6,93,0.05661600141609382
new_cpp,1.0,0.1,2,1429,30,9,6,5,86,0.05795031903974818
new_cpp,1.0,0.1,2,1430,29,11,4,4,67,0.05397415879112353
new_cpp,1.0,0.1,2,1431,35,15,4,2,57,0.055994484899147025
new_cpp,1.0,0.1,2,1432,29,9,4,6,79,0.043056157269764056
new_cpp,1.0,0.1,2,1433,37,15,4,2,57,0.04077473331787688
new_cpp,1.0,0.1,2,1434,27,7,6,6,91,0.05495499911758113
new_cpp,1.0,0.1,2,1435,39,17,2,4,59,0.05652975778005749
new_cpp,1.0,0.1,2,1436,30,13,4,1,48,0.056387554868492194
new_cpp,1.0,0.1,2,1437,33,15,4,0,43,0.054534303094354614
new_cpp,1.0,0.1,2,1438,29,9,8,2,79,0.05304759729926702
new_cpp,1.0,0.1,2,1439,31,13,2,4,55,0.055731574073735995
new_cpp,1.0,0.1,2,1440,25,7,8,2,77,0.04990346658645881
new_cpp,1.0,0.1,2,1441,37,15,4,2,57,0.05398778578336139
new_cpp,1.0,0.1,2,1442,31,11,6,2,67,0.0479332220466148
new_cpp,1.0,0.1,2,1443,27,9,8,0,65,0.040305152146345904
new_cpp,1.0,0.1,2,1444,39,15,4,4,71,0.046842627593098
new_cpp,1.0,0.1,2,1445,27,7,6,6,91,0.051954742126646025
new_cpp,1.0,0.1,2,1446,21,3,8,6,101,0.037612204379237
new_cpp,1.0,0.1,2,1447,23,5,8,4,89,0.03590597636684747
new_cpp,1.0,0.1,2,1448,28,9,7,2,72,0.04858152048165925
new_cpp,1.0,0.1,2,1449,33,11,6,4,81,0.06442247118349607
new_cpp,1.0,0.1,2,1450,27,9,6,4,79,0.06527044510143142
new_cpp,1.0,0.1,2,1451,35,13,6,2,69,0.06647321170663946
new_cpp,1.0,0.1,2,1452,30,10,6,3,73,0.06136464287962667
new_cpp,1.0,0.1,2,1453,35,13,6,2,69,0.06607558617434359
new_cpp,1.0,0.1,2,1454,32,13,4,3,62,0.05801227568267124
new_cpp,1.0,0.1,2,1455,33,11,4,6,81,0.05525290189431951
new_cpp,1.0,0.1,2,1456,27,7,8,4,91,0.06542362286386122
new_cpp,1.0,0.1,2,1457,30,11,6,1,60,0.06672102445139223
new_cpp,1.0,0.1,2,1458,33,13,6,0,55,0.0673340661055293
new_cpp,1.0,0.1,2,1459,20,5,5,4,68,0.06579489742349577
new_cpp,1.0,0.1,2,1460,35,13,6,2,69,0.06715013572601045
new_cpp,1.0,0.1,2,1461,26,7,7,4,84,0.060043273481317126
new_cpp,1.0,0.1,2,1462,34,16,2,1,37,0.06610139562017746
new_cpp,1.0,0.1,2,1463,31,11,4,4,67,0.05647456733963159
new_cpp,1.0,0.1,2,1464,22,5,7,4,82,0.04546205999540216
new_cpp,1.0,0.1,2,1465,39,17,4,0,45,0.04419722556655864
new_cpp,1.0,0.1,2,1466,39,15,4,4,71,0.048536518056631624
new_cpp,1.0,0.1,2,1467,35,13,6,2,69,0.06331998912124172
new_cpp,1.0,0.1,2,1468,35,13,4,4,69,0.043891995943297665
new_cpp,1.0,0.1,2,1469,26,9,6,2,65,0.06170042988203169
new_cpp,1.0,0.1,2,1470,29,9,8,2,79,0.03113126682422035
new_cpp,1.0,0.1,2,1471,25,7,6,4,77,0.04564119722055873
new_cpp,1.0,0.1,2,1472,29,11,6,2,67,0.05125518459895901
new_cpp,1.0,0.1,2,1473,41,19,2,2,47,0.0641953959354646
new_cpp,1.0,0.1,2,1474,35,15,4,2,57,0.048328629744183824
new_cpp,1.0,0.1,2,1475,33,13,4,4,69,0.04298955158233006
new_cpp,1.0,0.1,2,1476,26,7,7,4,84,0.04699742393658071
new_cpp,1.0,0.1,2,1477,21,3,10,4,101,0.06251096463059787
new_cpp,1.0,0.1,2,1478,29,9,8,2,79,0.03484858984209331
new_cpp,1.0,0.1,2,1479,33,11,4,6,81,0.04712562166507239
new_cpp,1.0,0.1,2,1480,41,17,2,4,59,0.02987575649607676
new_cpp,1.0,0.1,2,1481,26,7,5,6,84,0.04586794916807828
new_cpp,1.0,0.1,2,1482,25,7,8,2,77,0.05759959958339438
new_cpp,1.0,0.1,2,1483,37,15,4,2,57,0.037853095811133955
new_cpp,1.0,0.1,2,1484,35,13,4,4,69,0.05905477796628986
new_cpp,1.0,0.1,2,1485,33,11,6,4,81,0.027351142520575588
new_cpp,1.0,0.1,2,1486,27,9,4,4,65,0.045175181020736366
new_cpp,1.0,0.1,2,1487,33,15,4,0,43,0.04761893829171982
new_cpp,1.0,0.1,2,1488,32,11,5,4,74,0.05276341034931261
new_cpp,1.0,0.1,2,1489,34,13,5,2,62,0.023589485021866308
new_cpp,1.0,0.1,2,1490,39,15,4,4,71,0.061133299978618216
new_cpp,1.0,0.1,2,1491,27,7,8,4,91,0.03988751930265891
new_cpp,1.0,0.1,2,1492,33,11,6,4,81,0.0629784879200705
new_cpp,1.0,0.1,2,1493,35,13,4,4,69,0.02910301848385551
new_cpp,1.0,0.1,2,1494,33,11,6,4,81,0.0643337597106014
new_cpp,1.0,0.1,2,1495,28,9,4,5,72,0.058289312782586075
new_cpp,1.0,0.1,2,1496,27,7,8,4,91,0.0674082083666257
new_cpp,1.0,0.1,2,1497,35,15,4,2,57,0.0679872438348388
new_cpp,1.0,0.1,2,1498,35,13,6,2,69,0.04967968942780278
new_cpp,1.0,0.1,2,1499,29,9,6,4,79,0.06717423356057192
new_cpp,1.0,0.1,2,1500,25,7,6,4,77,0.040125306509114604
new_cpp,1.0,0.1,2,1501,26,11,2,2,39,0.03613075518752727
new_cpp,1.0,0.1,2,1502,38,17,3,0,38,0.04746171699780409
new_cpp,1.0,0.1,2,1503,35,13,6,2,69,0.06629883097832837
new_cpp,1.0,0.1,2,1504,41,17,4,2,59,0.03309257674986667
new_cpp,1.0,0.1,2,1505,27,7,8,4,91,0.05510513739514006
new_cpp,1.0,0.1,2,1506,27,9,6,4,79,0.05836298775510229
new_cpp,1.0,0.1,2,1507,32,13,4,2,55,0.06747617323633615
new_cpp,1.0,0.1,2,1508,32,11,5,4,74,0.03036217323281261
new_cpp,1.0,0.1,2,1509,30,13,4,0,41,0.061757459148329544
new_cpp,1.0,0.1,2,1510,27,9,6,4,79,0.060217949910457404
new_cpp,1.0,0.1,2,1511,29,9,8,2,79,0.06293823009175242
new_cpp,1.0,0.1,2,1512,39,17,4,0,45,0.0517734666032429
new_cpp,1.0,0.1,2,1513,27,9,8,0,65,0.06448581927435978
new_cpp,1.0,0.1,2,1514,19,3,8,4,87,0.046658596346405554
new_cpp,1.0,0.1,2,1515,29,11,4,4,67,0.06408060517306008
new_cpp,1.0,0.1,2,1516,27,9,6,4,79,0.03847152736722048
new_cpp,1.0,0.1,2,1517,24,5,8,5,96,0.04059024606723657
new_cpp,1.0,0.1,2,1518,33,13,6,0,55,0.0629098515232141
new_cpp,1.0,0.1,2,1519,39,17,4,0,45,0.038923909132307984
new_cpp,1.0,0.1,2,1520,27,7,8,4,91,0.03248905243563829
new_cpp,1.0,0.1,2,1521,29,9,8,2,79,0.04304275250838456
new_cpp,1.0,0.1,2,1522,35,15,4,2,57,0.04362846417528084
new_cpp,1.0,0.1,2,1523,29,9,6,4,79,0.02777199228174582
new_cpp,1.0,0.1,2,1524,35,13,6,2,69,0.06171934016638464
new_cpp,1.0,0.1,2,1525,21,5,8,4,89,0.03211975900247745
new_cpp,1.0,0.1,2,1526,35,13,6,2,69,0.05752001454421526
new_cpp,1.0,0.1,2,1527,29,9,6,4,79,0.053681773588481835
new_cpp,1.0,0.1,2,1528,25,7,8,2,77,0.04961058322764739
new_cpp,1.0,0.1,2,1529,33,15,4,0,43,0.05446192179756903
new_cpp,1.0,0.1,2,1530,41,17,4,2,59,0.02423962603786379
new_cpp,1.0,0.1,2,1531,36,13,4,5,76,0.025985243219568493
new_cpp,1.0,0.1,2,1532,23,7,6,2,63,0.0494299859086318
new_cpp,1.0,0.1,2,1533,19,3,10,2,87,0.03413055411475795
new_cpp,1.0,0.1,2,1534,30,11,4,4,67,0.05236029764080371
new_cpp,1.0,0.1,2,1535,33,11,6,4,81,0.04850368773977403
new_cpp,1.0,0.1,2,1536,33,11,6,4,81,0.05286245431846157
new_cpp,1.0,0.1,2,1537,39,15,4,4,71,0.05062728735365824
new_cpp,1.0,0.1,2,1538,33,13,4,4,69,0.04162632462967744
new_cpp,1.0,0.1,2,1539,24,7,6,4,77,0.047152467562670664
new_cpp,1.0,0.1,2,1540,46,21,1,2,42,0.03323550722820877
new_cpp,1.0,0.1,2,1541,31,11,4,4,67,0.06590637327570564
new_cpp,1.0,0.1,2,1542,27,9,8,0,65,0.06724053285535422
new_cpp,1.0,0.1,2,1543,30,11,6,1,60,0.04395392782223451
new_cpp,1.0,0.1,2,1544,39,15,4,4,71,0.03821474956953008
new_cpp,1.0,0.1,2,1545,41,17,2,4,59,0.04018051353616406
new_cpp,1.0,0.1,2,1546,30,11,5,2,60,0.05039585530134322
new_cpp,1.0,0.1,2,1547,32,13,5,0,48,0.05391123409502655
new_cpp,1.0,0.1,2,1548,41,17,4,2,59,0.052676950137132014
new_cpp,1.0,0.1,2,1549,31,11,4,4,67,0.05624230884610067
new_cpp,1.0,0.1,2,1550,29,9,8,2,79,0.04528101268767494
new_cpp,1.0,0.1,2,1551,33,11,6,4,81,0.041474230184853876
new_cpp,1.0,0.1,2,1552,29,9,8,2,79,0.05673993119883361
new_cpp,1.0,0.1,2,1553,27,7,8,4,91,0.056857794271789865
new_cpp,1.0,0.1,2,1554,27,7,8,4,91,0.039087831773251064
new_cpp,1.0,0.1,2,1555,25,5,8,6,103,0.03369690441995557
new_cpp,1.0,0.1,2,1556,29,11,6,2,67,0.05680591846727028
new_cpp,1.0,0.1,2,1557,29,9,8,2,79,0.056704310204713025
new_cpp,1.0,0.1,2,1558,25,5,8,6,103,0.03145988568248034
new_cpp,1.0,0.1,2,1559,27,9,6,4,79,0.06745209750848451
new_cpp,1.0,0.1,2,1560,35,13,6,2,69,0.06755382013842028
new_cpp,1.0,0.1,2,1561,35,13,6,2,69,0.06676021987832573
new_cpp,1.0,0.1,2,1562,41,17,4,2,59,0.06661056742952934
new_cpp,1.0,0.1,2,1563,27,9,6,4,79,0.0643963932215056
new_cpp,1.0,0.1,2,1564,41,17,2,4,59,0.06415009695772554
new_cpp,1.0,0.1,2,1565,35,13,6,2,69,0.058781932149971246
new_cpp,1.0,0.1,2,1566,27,7,6,6,91,0.05918396004157065
new_cpp,1.0,0.1,2,1567,26,7,8,3,84,0.05783190887337933
new_cpp,1.0,0.1,2,1568,29,9,8,2,79,0.05825905566901426
new_cpp,1.0,0.1,2,1569,33,11,6,4,81,0.040379272213520216
new_cpp,1.0,0.1,2,1570,35,15,4,2,57,0.038358466308640385
new_cpp,1.0,0.1,2,1571,31,9,6,6,93,0.03812406817612505
new_cpp,1.0,0.1,2,1572,27,7,8,4,91,0.03535097434070522
new_cpp,1.0,0.1,2,1573,35,13,6,2,69,0.03496033570830403
new_cpp,1.0,0.1,2,1574,29,9,4,6,79,0.03193705070890779
new_cpp,1.0,0.1,2,1575,35,15,4,2,57,0.03246024691683406
new_cpp,1.0,0.1,2,1576,35,13,6,2,69,0.046313247596054985
new_cpp,1.0,0.1,2,1577,25,5,8,6,103,0.048470759317134494
new_cpp,1.0,0.1,2,1578,35,13,6,2,69,0.043587544947989144
new_cpp,1.0,0.1,2,1579,38,17,3,0,38,0.05122538023448667
new_cpp,1.0,0.1,2,1580,33,13,6,0,55,0.03646422203312542
new_cpp,1.0,0.1,2,1581,29,9,8,2,79,0.052363704086384424
new_cpp,1.0,0.1,2,1582,28,9,7,2,72,0.027546715064194018
new_cpp,1.0,0.1,2,1583,24,8,6,3,71,0.04735070761344497
new_cpp,1.0,0.1,2,1584,35,13,2,6,69,0.03687345842822537
new_cpp,1.0,0.1,2,1585,32,13,4,3,62,0.052805040946785266
new_cpp,1.0,0.1,2,1586,39,17,2,4,59,0.04915302139083535
new_cpp,1.0,0.1,2,1587,36,15,2,4,57,0.04612019717405997
new_cpp,1.0,0.1,2,1588,27,7,8,4,91,0.051618031867819686
new_cpp,1.0,0.1,2,1589,33,13,6,0,55,0.03839694376991127
new_cpp,1.0,0.1,2,1590,39,17,4,0,45,0.0549687092416032
new_cpp,1.0,0.1,2,1591,41,17,4,2,59,0.028917854958644747
new_cpp,1.0,0.1,2,1592,28,9,4,5,72,0.05662810167199634
new_cpp,1.0,0.1,2,1593,32,11,5,4,74,0.03388725732482702
new_cpp,1.0,0.1,2,1594,28,8,6,5,85,0.05469774317423938
new_cpp,1.0,0.1,2,1595,32,13,4,3,62,0.04266461683460046
new_cpp,1.0,0.1,2,1596,35,13,2,6,69,0.061864868462873715
new_cpp,1.0,0.1,2,1597,27,7,8,4,91,0.039624317615715936
new_cpp,1.0,0.1,2,1598,23,7,8,2,77,0.037039520390001364
new_cpp,1.0,0.1,2,1599,27,7,8,4,91,0.041565632436984995
new_cpp,1.0,0.1,2,1600,35,13,6,2,69,0.029829540492743015
new_cpp,1.0,0.1,2,1601,31,13,2,4,55,0.043751764191583296
new_cpp,1.0,0.1,2,1602,35,13,6,2,69,0.0534645520921622
new_cpp,1.0,0.1,2,1603,28,8,6,5,85,0.05010244265501913
new_cpp,1.0,0.1,2,1604,33,11,6,4,81,0.05626825640107543
new_cpp,1.0,0.1,2,1605,28,9,7,2,72,0.04178685675719142
new_cpp,1.0,0.1,2,1606,35,13,6,2,69,0.06028781407587136
new_cpp,1.0,0.1,2,1607,28,9,4,5,72,0.03189470165249371
new_cpp,1.0,0.1,2,1608,40,17,3,2,52,0.06253470938620262
new_cpp,1.0,0.1,2,1609,33,13,4,4,69,0.05910032740350296
new_cpp,1.0,0.1,2,1610,39,15,4,4,71,0.061383963839722964
new_cpp,1.0,0.1,2,1611,38,17,3,0,38,0.06099718030800349
new_cpp,1.0,0.1,2,1612,30,11,5,2,60,0.05762615975621422
new_cpp,1.0,0.1,2,1613,34,13,4,3,62,0.05934636107725932
new_cpp,1.0,0.1,2,1614,33,13,6,0,55,0.053737095835199394
new_cpp,1.0,0.1,2,1615,32,11,5,4,74,0.04411742854318923
new_cpp,1.0,0.1,2,1616,32,11,5,4,74,0.05422024891505312
new_cpp,1.0,0.1,2,1617,47,21,2,2,49,0.026534643608420734
new_cpp,1.0,0.1,2,1618,25,9,6,2,65,0.027316376042958408
new_cpp,1.0,0.1,2,1619,36,15,4,1,50,0.024928798613593546
new_cpp,1.0,0.1,2,1620,35,13,6,2,69,0.03963181402689284
new_cpp,1.0,0.1,2,1621,31,11,6,2,67,0.046148018629664236
new_cpp,1.0,0.1,2,1622,33,13,6,0,55,0.02599167184969885
new_cpp,1.0,0.1,2,1623,29,9,8,2,79,0.025653619878407124
new_cpp,1.0,0.1,2,1624,27,9,6,4,79,0.023233252036324495
new_cpp,1.0,0.1,2,1625,35,13,6,2,69,0.027127240979020428
new_cpp,1.0,0.1,2,1626,28,9,4,5,72,0.05857126547761744
new_cpp,1.0,0.1,2,1627,25,7,8,2,77,0.05813903244324336
new_cpp,1.0,0.1,2,1628,25,7,8,2,77,0.05278102239790065
new_cpp,1.0,0.1,2,1629,19,3,6,6,87,0.053648119436106784
new_cpp,1.0,0.1,2,1630,29,9,4,6,79,0.041133748626916954
new_cpp,1.0,0.1,2,1631,29,11,4,4,67,0.03945343985709359
new_cpp,1.0,0.1,2,1632,29,9,8,2,79,0.060505722137704596
new_cpp,1.0,0.1,2,1633,23,5,10,2,89,0.05701357040933077
new_cpp,1.0,0.1,2,1634,33,11,6,4,81,0.05190790795230026
new_cpp,1.0,0.1,2,1635,41,17,4,2,59,0.06354678996261656
new_cpp,1.0,0.1,2,1636,39,19,2,0,33,0.06506224929790422
new_cpp,1.0,0.1,2,1637,25,9,6,2,65,0.047750599124334374
new_cpp,1.0,0.1,2,1638,33,13,6,0,55,0.06700512727506676
new_cpp,1.0,0.1,2,1639,31,11,6,2,67,0.037306362291513004
new_cpp,1.0,0.1,2,1640,33,15,4,0,43,0.029337828159864607
new_cpp,1.0,0.1,2,1641,23,7,6,2,63,0.06758582347845862
new_cpp,1.0,0.1,2,1642,27,7,8,4,91,0.0412970975804556
new_cpp,1.0,0.1,2,1643,34,13,2,5,62,0.04879646150664778
new_cpp,1.0,0.1,2,1644,35,13,6,2,69,0.04923968006703899
new_cpp,1.0,0.1,2,1645,39,15,4,4,71,0.03798143505626404
new_cpp,1.0,0.1,2,1646,41,17,4,2,59,0.04895409454255098
new_cpp,1.0,0.1,2,1647,39,15,4,4,71,0.028963215941856156
new_cpp,1.0,0.1,2,1648,29,9,6,4,79,0.038759226771401395
new_cpp,1.0,0.1,2,1649,35,13,6,2,69,0.03418969942414036
new_cpp,1.0,0.1,2,1650,47,23,0,2,37,0.03583444682008108
new_cpp,1.0,0.1,2,1651,29,9,8,2,79,0.02748347459596036
new_cpp,1.0,0.1,2,1652,25,7,8,2,77,0.04522243806287774
new_cpp,1.0,0.1,2,1653,29,9,6,4,79,0.03351486922031173
new_cpp,1.0,0.1,2,1654,29,9,6,4,79,0.05295904004787675
new_cpp,1.0,0.1,2,1655,41,17,4,2,59,0.048395819058060285
new_cpp,1.0,0.1,2,1656,41,17,4,2,59,0.041554570789781434
new_cpp,1.0,0.1,2,1657,35,13,6,2,69,0.05693126269355607
new_cpp,1.0,0.1,2,1658,30,11,5,2,60,0.06484232349295592
new_cpp,1.0,0.1,2,1659,25,7,8,2,77,0.058117077982907286
new_cpp,1.0,0.1,2,1660,41,17,2,4,59,0.05729806478460958
new_cpp,1.0,0.1,2,1661,27,7,8,4,91,0.06467076716831856
new_cpp,1.0,0.1,2,1662,35,13,6,2,69,0.05298768017367239
new_cpp,1.0,0.1,2,1663,35,15,4,2,57,0.06345012097822071
new_cpp,1.0,0.1,2,1664,33,15,2,2,43,0.06222948896460386
new_cpp,1.0,0.1,2,1665,33,15,4,0,43,0.04945789996266413
new_cpp,1.0,0.1,2,1666,32,13,5,0,48,0.05894481156878488
new_cpp,1.0,0.1,2,1667,27,9,8,0,65,0.04070348810029761
new_cpp,1.0,0.1,2,1668,21,7,4,4,63,0.04224892679902961
new_cpp,1.0,0.1,2,1669,37,15,4,2,57,0.06566184859209995
new_cpp,1.0,0.1,2,1670,20,7,6,0,49,0.06764066674817294
new_cpp,1.0,0.1,2,1671,23,5,8,4,89,0.03268471088888095
new_cpp,1.0,0.1,2,1672,35,13,2,6,69,0.06115764150175139
new_cpp,1.0,0.1,2,1673,35,15,4,2,57,0.06632806835720809
new_cpp,1.0,0.1,2,1674,41,17,4,2,59,0.06745138767437182
new_cpp,1.0,0.1,2,1675,41,19,0,4,47,0.05858915880439049
new_cpp,1.0,0.1,2,1676,34,13,5,2,62,0.0536919303291511
new_cpp,1.0,0.1,2,1677,29,9,6,4,79,0.06856589694844457
new_cpp,1.0,0.1,2,1678,35,13,6,2,69,0.06871981848638703
new_cpp,1.0,0.1,2,1679,33,11,6,4,81,0.0523922402553741
new_cpp,1.0,0.1,2,1680,33,11,6,4,81,0.06897289803185024
new_cpp,1.0,0.1,2,1681,35,13,6,2,69,0.04558876371437255
new_cpp,1.0,0.1,2,1682,41,17,2,4,59,0.039898666552489935
new_cpp,1.0,0.1,2,1683,35,13,6,2,69,0.06876535108922593
new_cpp,1.0,0.1,2,1684,35,13,6,2,69,0.02383287991618659
new_cpp,1.0,0.1,2,1685,31,11,4,4,67,0.06756657847552971
new_cpp,1.0,0.1,2,1686,33,13,6,0,55,0.060448785154804244
new_cpp,1.0,0.1,2,1687,36,15,2,3,50,0.06543455785662321
new_cpp,1.0,0.1,2,1688,25,7,8,2,77,0.06775856338825074
new_cpp,1.0,0.1,2,1689,20,7,4,2,49,0.045171233656007025
new_cpp,1.0,0.1,2,1690,37,15,4,2,57,0.06254166638854984
new_cpp,1.0,0.1,2,1691,27,9,6,2,65,0.06415878835278634
new_cpp,1.0,0.1,2,1692,27,11,6,0,53,0.0656600524541338
new_cpp,1.0,0.1,2,1693,36,15,4,1,50,0.06033545870094001
new_cpp,1.0,0.1,2,1694,30,11,4,3,60,0.06799571975415052
new_cpp,1.0,0.1,2,1695,29,13,0,4,41,0.05265574993110827
new_cpp,1.0,0.1,2,1696,26,7,7,4,84,0.05131605916170751
new_cpp,1.0,0.1,2,1697,29,11,2,5,60,0.06816129886356471
new_cpp,1.0,0.1,2,1698,37,15,4,2,57,0.06828271058364507
new_cpp,1.0,0.1,2,1699,33,13,6,0,55,0.03834043345241046
new_cpp,1.0,0.1,2,1700,29,11,4,4,67,0.06780042643577014
new_cpp,1.0,0.1,2,1701,29,9,8,2,79,0.06204336510194401
new_cpp,1.0,0.1,2,1702,32,11,6,3,74,0.05447635524892051
new_cpp,1.0,0.1,2,1703,30,9,6,5,86,0.06716163121782176
new_cpp,1.0,0.1,2,1704,33,13,6,0,55,0.05825270449533154
new_cpp,1.0,0.1,2,1705,27,9,4,4,65,0.05214747807009679
new_cpp,1.0,0.1,2,1706,30,9,6,5,86,0.05086733973585704
new_cpp,1.0,0.1,2,1707,39,15,4,4,71,0.0583824073094987
new_cpp,1.0,0.1,2,1708,29,9,8,2,79,0.057369268113625575
new_cpp,1.0,0.1,2,1709,33,11,6,4,81,0.04092335442642746
new_cpp,1.0,0.1,2,1710,32,11,6,3,74,0.035764166449909304
new_cpp,1.0,0.1,2,1711,35,13,6,2,69,0.05631926244830978
new_cpp,1.0,0.1,2,1712,33,11,6,4,81,0.051081190724102596
new_cpp,1.0,0.1,2,1713,35,15,0,6,57,0.05400229601206512
new_cpp,1.0,0.1,2,1714,33,11,6,4,81,0.045404514478703674
new_cpp,1.0,0.1,2,1715,23,5,6,6,89,0.0539296015753871
new_cpp,1.0,0.1,2,1716,29,9,8,2,79,0.03350889067698841
new_cpp,1.0,0.1,2,1717,35,13,6,2,69,0.05082910192990451
new_cpp,1.0,0.1,2,1718,35,15,4,2,57,0.04520750173658498
new_cpp,1.0,0.1,2,1719,41,19,2,2,47,0.05012526145122097
new_cpp,1.0,0.1,2,1720,29,11,4,4,67,0.054417532394863674
new_cpp,1.0,0.1,2,1721,29,11,6,2,67,0.05572182748645132
new_cpp,1.0,0.1,2,1722,47,21,2,2,49,0.05801752624100554
new_cpp,1.0,0.1,2,1723,26,9,6,2,65,0.04547958099398218
new_cpp,1.0,0.1,2,1724,27,7,8,4,91,0.037244136699019076
new_cpp,1.0,0.1,2,1725,28,9,7,2,72,0.05743509687604291
new_cpp,1.0,0.1,2,1726,27,7,8,4,91,0.05660952608658415
new_cpp,1.0,0.1,2,1727,25,5,8,6,103,0.031084701881189516
new_cpp,1.0,0.1,2,1728,33,13,4,2,55,0.04539752246470596
new_cpp,1.0,0.1,2,1729,28,11,4,2,53,0.04721019027356671
new_cpp,1.0,0.1,2,1730,25,7,8,2,77,0.04539288874109106
new_cpp,1.0,0.1,2,1731,17,3,8,2,73,0.03945774054684881
new_cpp,1.0,0.1,2,1732,30,11,4,5,74,0.04282467043534436
new_cpp,1.0,0.1,2,1733,29,9,4,6,79,0.03393686767463555
new_cpp,1.0,0.1,2,1734,38,17,2,3,52,0.06079326458001259
new_cpp,1.0,0.1,2,1735,29,9,8,2,79,0.05416788400874381
new_cpp,1.0,0.1,2,1736,33,11,6,4,81,0.05090178950513251
new_cpp,1.0,0.1,2,1737,27,7,8,4,91,0.062303274103409724
new_cpp,1.0,0.1,2,1738,39,17,2,4,59,0.06393616111409998
new_cpp,1.0,0.1,2,1739,31,9,6,6,93,0.04457110969038043
new_cpp,1.0,0.1,2,1740,33,11,6,4,81,0.04285257939186179
new_cpp,1.0,0.1,2,1741,29,9,8,2,79,0.06419756725505986
new_cpp,1.0,0.1,2,1742,27,7,6,6,91,0.033394458967119706
new_cpp,1.0,0.1,2,1743,35,15,4,2,57,0.06489003822186581
new_cpp,1.0,0.1,2,1744,33,11,6,4,81,0.06494405135543148
new_cpp,1.0,0.1,2,1745,41,17,4,2,59,0.024354839495658427
new_cpp,1.0,0.1,2,1746,28,11,4,3,60,0.055535253333664346
new_cpp,1.0,0.1,2,1747,30,13,4,1,48,0.053318707660538714
new_cpp,1.0,0.1,2,1748,30,11,6,1,60,0.039470138025824573
new_cpp,1.0,0.1,2,1749,39,17,4,0,45,0.06113422038257056
new_cpp,1.0,0.1,2,1750,22,7,6,2,63,0.062279941655830104
new_cpp,1.0,0.1,2,1751,31,11,6,2,67,0.025845386397005204
new_cpp,1.0,0.1,2,1752,39,15,4,4,71,0.0408896515274527
new_cpp,1.0,0.1,2,1753,35,15,4,2,57,0.041821575449586645
new_cpp,1.0,0.1,2,1754,35,15,4,2,57,0.03865141602312919
new_cpp,1.0,0.1,2,1755,21,5,8,4,89,0.04065759414970316
new_cpp,1.0,0.1,2,1756,39,15,4,4,71,0.034858307421119554
new_cpp,1.0,0.1,2,1757,31,9,6,6,93,0.030030525348691883
new_cpp,1.0,0.1,2,1758,27,11,6,0,53,0.06636513473262866
new_cpp,1.0,0.1,2,1759,19,3,10,2,87,0.05558947868681494
new_cpp,1.0,0.1,2,1760,33,11,4,6,81,0.048057436748929976
new_cpp,1.0,0.1,2,1761,35,13,6,2,69,0.0548521378852753
new_cpp,1.0,0.1,2,1762,29,9,6,4,79,0.056328990734718656
new_cpp,1.0,0.1,2,1763,18,3,8,4,87,0.04458731347390163
new_cpp,1.0,0.1,2,1764,33,11,6,4,81,0.042431610531133285
new_cpp,1.0,0.1,2,1765,41,17,2,4,59,0.05695433989354914
new_cpp,1.0,0.1,2,1766,27,9,6,4,79,0.03764085524476216
new_cpp,1.0,0.1,2,1767,29,9,8,2,79,0.057843548600215636
new_cpp,1.0,0.1,2,1768,44,19,2,3,54,0.05806756493219697
new_cpp,1.0,0.1,2,1769,41,17,4,2,59,0.035694855175941016
new_cpp,1.0,0.1,2,1770,33,11,4,6,81,0.05854927582466001
new_cpp,1.0,0.1,2,1771,35,13,6,2,69,0.024211212933934054
new_cpp,1.0,0.1,2,1772,32,11,6,3,74,0.0588709974687373
new_cpp,1.0,0.1,2,1773,30,9,6,5,86,0.0564095255998629
new_cpp,1.0,0.1,2,1774,22,5,6,5,82,0.041550199467607095
new_cpp,1.0,0.1,2,1775,26,7,7,4,84,0.06549538604898668
new_cpp,1.0,0.1,2,1776,33,11,6,4,81,0.06724455571463486
new_cpp,1.0,0.1,2,1777,27,7,8,4,91,0.027307962746181972
new_cpp,1.0,0.1,2,1778,24,6,8,3,83,0.05598531815608181
new_cpp,1.0,0.1,2,1779,23,5,10,2,89,0.04788379919784599
new_cpp,1.0,0.1,2,1780,35,13,6,2,69,0.0599714462079189
new_cpp,1.0,0.1,2,1781,27,7,8,4,91,0.035708200110730406
new_cpp,1.0,0.1,2,1782,30,11,5,2,60,0.039197706057679534
new_cpp,1.0,0.1,2,1783,19,3,10,2,87,0.044432992285202505
new_cpp,1.0,0.1,2,1784,29,11,5,1,53,0.02955767708392434
new_cpp,1.0,0.1,2,1785,19,3,10,2,87,0.045623793460906836
new_cpp,1.0,0.1,2,1786,27,7,6,6,91,0.04556277767554657
new_cpp,1.0,0.1,2,1787,29,9,8,2,79,0.027612945873511364
new_cpp,1.0,0.1,2,1788,39,15,4,4,71,0.03549391038659818
new_cpp,1.0,0.1,2,1789,33,11,6,4,81,0.04022203444204561
new_cpp,1.0,0.1,2,1790,31,11,6,2,67,0.04078598937600116
new_cpp,1.0,0.1,2,1791,33,15,0,4,43,0.03250911045167238
new_cpp,1.0,0.1,2,1792,33,11,6,4,81,0.040492612877464154
new_cpp,1.0,0.1,2,1793,35,13,6,2,69,0.023783787698103954
new_cpp,1.0,0.1,2,1794,29,11,6,2,67,0.034692092580147965
new_cpp,1.0,0.1,2,1795,33,11,6,4,81,0.027399501359267775
new_cpp,1.0,0.1,2,1796,22,7,4,5,70,0.025357089487748268
new_cpp,1.0,0.1,2,1797,21,5,6,6,89,0.034562214338784265
new_cpp,1.0,0.1,2,1798,29,9,8,2,79,0.020234067638694887
new_cpp,1.0,0.1,2,1799,28,9,7,2,72,0.03386122926488975
new_cpp,1.0,0.1,2,1800,37,15,4,2,57,0.0643374410426912
new_cpp,1.0,0.1,2,1801,23,7,8,0,63,0.06544173892973858
new_cpp,1.0,0.1,2,1802,31,11,6,2,67,0.0628536116536554
new_cpp,1.0,0.1,2,1803,37,15,4,2,57,0.06016790957144436
new_cpp,1.0,0.1,2,1804,35,15,2,4,57,0.0579762060811187
new_cpp,1.0,0.1,2,1805,35,15,4,0,43,0.06129121728576826
new_cpp,1.0,0.1,2,1806,33,13,4,2,55,0.053720395578350996
new_cpp,1.0,0.1,2,1807,31,13,4,2,55,0.05814464044839606
new_cpp,1.0,0.1,2,1808,35,15,2,2,43,0.05281872438819886
new_cpp,1.0,0.1,2,1809,25,7,8,2,77,0.04661318206079627
new_cpp,1.0,0.1,2,1810,33,14,3,1,42,0.0262405757610677
new_cpp,1.0,0.1,2,1811,33,13,4,2,55,0.029941928825166705
new_cpp,1.0,0.1,2,1812,32,13,4,2,55,0.029834452510257285
new_cpp,1.0,0.1,2,1813,36,14,4,3,63,0.023188398478683096
new_cpp,1.0,0.1,2,1814,35,13,6,2,69,0.020997650395601752
new_cpp,1.0,0.1,2,1815,27,7,8,4,91,0.029498300687001298
new_cpp,1.0,0.1,2,1816,35,13,6,2,69,0.041967961666769554
new_cpp,1.0,0.1,2,1817,39,15,4,4,71,0.03257393289497041
new_cpp,1.0,0.1,2,1818,29,11,6,2,67,0.06530820795824661
new_cpp,1.0,0.1,2,1819,29,9,8,2,79,0.032201554074350984
new_cpp,1.0,0.1,2,1820,30,9,6,5,86,0.03328726065598634
new_cpp,1.0,0.1,2,1821,47,21,2,2,49,0.03649016595701839
new_cpp,1.0,0.1,2,1822,31,11,6,2,67,0.03933924469208494
new_cpp,1.0,0.1,2,1823,33,15,4,0,43,0.028562171975966593
new_cpp,1.0,0.1,2,1824,31,13,4,2,55,0.05337633355644542
new_cpp,1.0,0.1,2,1825,23,5,8,4,89,0.05413811226910226
new_cpp,1.0,0.1,2,1826,26,10,4,3,59,0.05058464429109121
new_cpp,1.0,0.1,2,1827,31,11,6,2,67,0.04868252532450187
new_cpp,1.0,0.1,2,1828,29,11,6,0,53,0.04609742423108264
new_cpp,1.0,0.1,2,1829,36,15,3,2,50,0.04848630669696485
new_cpp,1.0,0.1,2,1830,23,5,8,4,89,0.040877149394273574
new_cpp,1.0,0.1,2,1831,19,3,10,2,87,0.04420157736197875
new_cpp,1.0,0.1,2,1832,14,3,4,5,66,0.04760864514772629
new_cpp,1.0,0.1,2,1833,16,1,6,7,92,0.04237660143376678
new_cpp,1.0,0.1,2,1834,33,13,6,0,55,0.0404856891335332
new_cpp,1.0,0.1,2,1835,31,11,6,2,67,0.03273681507479531
new_cpp,1.0,0.1,2,1836,40,17,2,3,52,0.034441590380603244
new_cpp,1.0,0.1,2,1837,31,11,6,2,67,0.0446256568822433
new_cpp,1.0,0.1,2,1838,31,11,6,2,67,0.05992593720690987
new_cpp,1.0,0.1,2,1839,29,9,6,4,79,0.05704296898468511
new_cpp,1.0,0.1,2,1840,21,5,6,4,75,0.05281301568507975
new_cpp,1.0,0.1,2,1841,31,11,6,2,67,0.06132042172260411
new_cpp,1.0,0.1,2,1842,29,9,6,4,79,0.04400790008749381
new_cpp,1.0,0.1,2,1843,43,19,2,2,47,0.06133139328203665
new_cpp,1.0,0.1,2,1844,22,6,4,5,69,0.025521831878551556
new_cpp,1.0,0.1,2,1845,43,19,2,2,47,0.05871275780209612
new_cpp,1.0,0.1,2,1846,29,9,6,4,79,0.046553367154875895
new_cpp,1.0,0.1,2,1847,35,15,4,0,43,0.060647528679589835
new_cpp,1.0,0.1,2,1848,23,7,6,4,77,0.03922751106973709
new_cpp,1.0,0.1,2,1849,31,13,4,2,55,0.0620777017253179
new_cpp,1.0,0.1,2,1850,25,7,6,4,77,0.0328221664664009
new_cpp,1.0,0.1,2,1851,25,7,8,2,77,0.06258490587103598
new_cpp,1.0,0.1,2,1852,28,11,4,3,60,0.03988957402231294
new_cpp,1.0,0.1,2,1853,29,11,2,6,67,0.040335224126268956
new_cpp,1.0,0.1,2,1854,31,11,6,2,67,0.0339097523544533
new_cpp,1.0,0.1,2,1855,41,19,2,0,33,0.034886436365639435
new_cpp,1.0,0.1,2,1856,31,11,4,4,67,0.06897026330058467
new_cpp,1.0,0.1,2,1857,27,7,8,4,91,0.0611640758559239
new_cpp,1.0,0.1,2,1858,31,11,6,2,67,0.05840230488201165
new_cpp,1.0,0.1,2,1859,33,15,2,2,43,0.06966793774367895
new_cpp,1.0,0.1,2,1860,39,17,4,0,45,0.053162630454681684
new_cpp,1.0,0.1,2,1861,33,13,6,0,55,0.07016528024102683
new_cpp,1.0,0.1,2,1862,30,13,4,1,48,0.044488359475500006
new_cpp,1.0,0.1,2,1863,33,13,6,0,55,0.0698462511732976
new_cpp,1.0,0.1,2,1864,33,13,4,2,55,0.06925575017990296
new_cpp,1.0,0.1,2,1865,35,17,0,2,31,0.03834233912212614
new_cpp,1.0,0.1,2,1866,28,9,7,2,72,0.06836427312993552
new_cpp,1.0,0.1,2,1867,22,5,7,4,82,0.030339917394028856
new_cpp,1.0,0.1,2,1868,25,7,6,6,91,0.06059609015037985
new_cpp,1.0,0.1,2,1869,25,5,8,6,103,0.061855469768744946
new_cpp,1.0,0.1,2,1870,29,9,8,2,79,0.06329470801941336
new_cpp,1.0,0.1,2,1871,29,9,6,4,79,0.057204508532635236
new_cpp,1.0,0.1,2,1872,32,11,5,4,74,0.05007614195041841
new_cpp,1.0,0.1,2,1873,36,15,1,4,50,0.06342275853498056
new_cpp,1.0,0.1,2,1874,29,9,8,2,79,0.061032908910475504
new_cpp,1.0,0.1,2,1875,33,13,2,6,69,0.03636086353381616
new_cpp,1.0,0.1,2,1876,38,17,0,4,45,0.0595237283084266
new_cpp,1.0,0.1,2,1877,32,11,5,4,74,0.028839983720305183
new_cpp,1.0,0.1,2,1878,36,14,4,3,63,0.07024449809116595
new_cpp,1.0,0.1,2,1879,29,9,8,2,79,0.06292843013718687
new_cpp,1.0,0.1,2,1880,32,11,6,3,74,0.05460349006356017
new_cpp,1.0,0.1,2,1881,35,13,6,2,69,0.06874159798395266
new_cpp,1.0,0.1,2,1882,19,3,6,6,87,0.025041934372180084
new_cpp,1.0,0.1,2,1883,27,9,6,2,65,0.03103122388800993
new_cpp,1.0,0.1,2,1884,22,7,7,0,56,0.04557231948225435
new_cpp,1.0,0.1,2,1885,18,3,9,2,80,0.03974853629052474
new_cpp,1.0,0.1,2,1886,24,7,5,4,70,0.031067947434255394
new_cpp,1.0,0.1,2,1887,23,8,0,7,57,0.048948499136647686
new_cpp,1.0,0.1,2,1888,28,9,5,4,72,0.01892425378646386
new_cpp,1.0,0.1,2,1889,20,5,5,4,68,0.0504989652563208
new_cpp,1.0,0.1,2,1890,39,17,2,4,59,0.06519761834459786
new_cpp,1.0,0.1,2,1891,38,15,4,3,64,0.06638645340936727
new_cpp,1.0,0.1,2,1892,35,13,2,6,69,0.06293853743094537
new_cpp,1.0,0.1,2,1893,27,7,8,4,91,0.049240617634195405
new_cpp,1.0,0.1,2,1894,33,13,6,0,55,0.05596840729841686
new_cpp,1.0,0.1,2,1895,33,13,6,0,55,0.061964810227564435
new_cpp,1.0,0.1,2,1896,37,15,4,2,57,0.053548020464726565
new_cpp,1.0,0.1,2,1897,33,15,4,0,43,0.0613885582924913
new_cpp,1.0,0.1,2,1898,41,17,4,2,59,0.059373889516181264
new_cpp,1.0,0.1,2,1899,33,11,6,4,81,0.04753433658607068
new_cpp,1.0,0.1,2,1900,31,13,4,2,55,0.03484353889251056
new_cpp,1.0,0.1,2,1901,31,11,6,2,67,0.05450703135873073
new_cpp,1.0,0.1,2,1902,26,7,7,4,84,0.0617112699085039
new_cpp,1.0,0.1,2,1903,32,11,5,4,74,0.05784329500076166
new_cpp,1.0,0.1,2,1904,39,19,2,0,33,0.05113818343282573
new_cpp,1.0,0.1,2,1905,19,3,8,4,87,0.051754616749856805
new_cpp,1.0,0.1,2,1906,25,7,8,2,77,0.04696843947159114
new_cpp,1.0,0.1,2,1907,20,3,8,5,94,0.05132952173128913
new_cpp,1.0,0.1,2,1908,29,9,8,2,79,0.05886128091243081
new_cpp,1.0,0.1,2,1909,30,10,6,3,73,0.051778499478052645
new_cpp,1.0,0.1,2,1910,25,7,8,2,77,0.0430273137141951
new_cpp,1.0,0.1,2,1911,23,7,6,2,63,0.049743194964477294
new_cpp,1.0,0.1,2,1912,35,15,2,3,50,0.05635468008075832
new_cpp,1.0,0.1,2,1913,32,13,4,2,55,0.047130710422695364
new_cpp,1.0,0.1,2,1914,27,9,6,4,79,0.052516722505340355
new_cpp,1.0,0.1,2,1915,35,13,6,2,69,0.04011371106739425
new_cpp,1.0,0.1,2,1916,29,9,8,2,79,0.05590226687762164
new_cpp,1.0,0.1,2,1917,29,11,6,2,67,0.05950081144054404
new_cpp,1.0,0.1,2,1918,41,17,4,2,59,0.051941491068013934
new_cpp,1.0,0.1,2,1919,29,9,8,2,79,0.05962496691832529
new_cpp,1.0,0.1,2,1920,35,15,4,2,57,0.05744575158961117
new_cpp,1.0,0.1,2,1921,23,3,8,8,115,0.0420203806215824
new_cpp,1.0,0.1,2,1922,29,9,8,2,79,0.055690803001380636
new_cpp,1.0,0.1,2,1923,41,17,4,2,59,0.05584625670853113
new_cpp,1.0,0.1,2,1924,39,15,4,4,71,0.05379480734830903
new_cpp,1.0,0.1,2,1925,29,9,8,2,79,0.05302235087985467
new_cpp,1.0,0.1,2,1926,33,11,6,4,81,0.05231750241822618
new_cpp,1.0,0.1,2,1927,33,13,4,4,69,0.051302779593788234
new_cpp,1.0,0.1,2,1928,31,11,4,4,67,0.043779818490459706
new_cpp,1.0,0.1,2,1929,30,13,4,1,48,0.04390887879764321
new_cpp,1.0,0.1,2,1930,30,11,5,2,60,0.03718585464180749
new_cpp,1.0,0.1,2,1931,32,13,3,2,48,0.0386517188477044
new_cpp,1.0,0.1,2,1932,41,17,4,2,59,0.05892629293175039
new_cpp,1.0,0.1,2,1933,29,9,8,2,79,0.055849398812440054
new_cpp,1.0,0.1,2,1934,31,9,6,6,93,0.06528951296961065
new_cpp,1.0,0.1,2,1935,35,13,6,2,69,0.0433110008012515
new_cpp,1.0,0.1,2,1936,29,9,8,2,79,0.06742605050786306
new_cpp,1.0,0.1,2,1937,38,15,4,3,64,0.03282182308008522
new_cpp,1.0,0.1,2,1938,41,17,4,2,59,0.05205695673436057
new_cpp,1.0,0.1,2,1939,47,21,2,2,49,0.05181491682461197
new_cpp,1.0,0.1,2,1940,38,17,2,3,52,0.05115705072633212
new_cpp,1.0,0.1,2,1941,32,11,6,3,74,0.051720444738057335
new_cpp,1.0,0.1,2,1942,27,7,8,4,91,0.0487855127237643
new_cpp,1.0,0.1,2,1943,21,3,10,4,101,0.04999667150359373
new_cpp,1.0,0.1,2,1944,39,17,4,0,45,0.03895800867141119
new_cpp,1.0,0.1,2,1945,26,8,6,3,71,0.03874682860118499
new_cpp,1.0,0.1,2,1946,27,9,8,0,65,0.03688864111325843
new_cpp,1.0,0.1,2,1947,25,7,6,4,77,0.03793233318696189
new_cpp,1.0,0.1,2,1948,29,9,8,2,79,0.04419562015964171
new_cpp,1.0,0.1,2,1949,41,19,2,2,47,0.04170266371302415
new_cpp,1.0,0.1,2,1950,27,9,8,0,65,0.03325895322242345
new_cpp,1.0,0.1,2,1951,39,17,4,0,45,0.030740302663439772
new_cpp,1.0,0.1,2,1952,35,15,4,2,57,0.04487374880191858
new_cpp,1.0,0.1,2,1953,35,15,4,2,57,0.061232062237698594
new_cpp,1.0,0.1,2,1954,23,5,8,4,89,0.05438454343175697
new_cpp,1.0,0.1,2,1955,33,13,4,2,55,0.05147792571055699
new_cpp,1.0,0.1,2,1956,25,5,8,6,103,0.061896181510236785
new_cpp,1.0,0.1,2,1957,35,13,6,2,69,0.028435877429649325
new_cpp,1.0,0.1,2,1958,23,5,8,4,89,0.04734587724831428
new_cpp,1.0,0.1,2,1959,39,19,2,0,33,0.04656376802992943
new_cpp,1.0,0.1,2,1960,33,13,4,4,69,0.04692282587944262
new_cpp,1.0,0.1,2,1961,33,11,6,4,81,0.04413740310132422
new_cpp,1.0,0.1,2,1962,31,9,6,6,93,0.04210271595325277
new_cpp,1.0,0.1,2,1963,27,7,8,4,91,0.04606689655372473
new_cpp,1.0,0.1,2,1964,38,15,4,3,64,0.03945404676756834
new_cpp,1.0,0.1,2,1965,29,11,6,2,67,0.04474395048781829
new_cpp,1.0,0.1,2,1966,29,11,6,2,67,0.03226466407133353
new_cpp,1.0,0.1,2,1967,27,7,8,4,91,0.03151299782474246
new_cpp,1.0,0.1,2,1968,41,17,2,4,59,0.02816500492620395
new_cpp,1.0,0.1,2,1969,32,11,6,3,74,0.03195935942635947
new_cpp,1.0,0.1,2,1970,35,13,6,2,69,0.030864135426749293
new_cpp,1.0,0.1,2,1971,27,9,6,4,79,0.02507155104342405
new_cpp,1.0,0.1,2,1972,30,11,5,2,60,0.033867675886188754
new_cpp,1.0,0.1,2,1973,28,9,5,4,72,0.041705083231969774
new_cpp,1.0,0.1,2,1974,33,11,6,4,81,0.040823168503101
new_cpp,1.0,0.1,2,1975,33,13,4,4,69,0.03226357312817912
new_cpp,1.0,0.1,2,1976,22,7,4,4,63,0.051206940348160174
new_cpp,1.0,0.1,2,1977,33,13,6,0,55,0.06180895293003277
new_cpp,1.0,0.1,2,1978,35,15,2,4,57,0.0421713954126383
new_cpp,1.0,0.1,2,1979,32,13,4,3,62,0.06520518369974823
new_cpp,1.0,0.1,2,1980,45,21,2,0,35,0.0356527374954479
new_cpp,1.0,0.1,2,1981,25,7,8,2,77,0.06650466257571351
new_cpp,1.0,0.1,2,1982,29,9,4,6,79,0.0474816874825198
new_cpp,1.0,0.1,2,1983,33,13,4,4,69,0.04376390195842924
new_cpp,1.0,0.1,2,1984,22,6,6,5,83,0.03417641979033401
new_cpp,1.0,0.1,2,1985,33,13,4,4,69,0.052748011043333834
new_cpp,1.0,0.1,2,1986,29,9,6,4,79,0.02037719545019721
new_cpp,1.0,0.1,2,1987,31,11,6,2,67,0.06787082043512466
new_cpp,1.0,0.1,2,1988,31,13,4,2,55,0.06621955486495316
new_cpp,1.0,0.1,2,1989,27,9,6,2,65,0.0554460174221755
new_cpp,1.0,0.1,2,1990,35,15,4,0,43,0.06667522408107295
new_cpp,1.0,0.1,2,1991,34,15,2,3,50,0.05213535531199234
new_cpp,1.0,0.1,2,1992,38,16,2,3,51,0.03828978125725391
new_cpp,1.0,0.1,2,1993,29,9,6,4,79,0.06628347987924517
new_cpp,1.0,0.1,2,1994,27,11,4,2,53,0.05746213023965414
new_cpp,1.0,0.1,2,1995,25,7,6,4,77,0.05977730858198935
new_cpp,1.0,0.1,2,1996,28,11,4,1,46,0.05387949774751124
new_cpp,1.0,0.1,2,1997,25,9,6,0,51,0.03268739494760904
new_cpp,1.0,0.1,2,1998,25,7,6,4,77,0.03075977401526491
new_cpp,1.0,0.1,2,1999,39,17,4,0,45,0.02739342707251552
new_cpp,1.0,0.1,2,2000,24,6,8,3,83,0.053863033301834666
new_cpp,1.0,0.1,2,2001,22,6,6,5,83,0.04836334881695785
new_cpp,1.0,0.1,2,2002,45,23,0,0,23,0.03201389560517328
new_cpp,1.0,0.1,2,2003,31,13,4,2,55,0.06083034946982231
new_cpp,1.0,0.1,2,2004,27,7,8,4,91,0.03595067047827132
new_cpp,1.0,0.1,2,2005,33,11,6,4,81,0.04099899799004952
new_cpp,1.0,0.1,2,2006,33,11,6,4,81,0.04339515748517232
new_cpp,1.0,0.1,2,2007,28,9,4,6,79,0.0314255428560413
new_cpp,1.0,0.1,2,2008,29,9,6,4,79,0.029532916882766668
new_cpp,1.0,0.1,2,2009,43,19,1,3,47,0.04408950926207089
new_cpp,1.0,0.1,2,2010,40,17,3,2,52,0.02619060725199706
new_cpp,1.0,0.1,2,2011,35,13,6,2,69,0.0450273915664754
new_cpp,1.0,0.1,2,2012,35,13,4,4,69,0.0188046518217562
new_cpp,1.0,0.1,2,2013,41,17,4,2,59,0.02904491981896233
new_cpp,1.0,0.1,2,2014,35,13,6,2,69,0.06623452352568504
new_cpp,1.0,0.1,2,2015,35,15,4,2,57,0.06960447199298883
new_cpp,1.0,0.1,2,2016,41,17,4,2,59,0.05236328179960036
new_cpp,1.0,0.1,2,2017,29,9,8,2,79,0.028046380043653375
new_cpp,1.0,0.1,2,2018,25,5,8,6,103,0.032928408908113674
new_cpp,1.0,0.1,2,2019,33,13,6,0,55,0.021122929920528426
new_cpp,1.0,0.1,2,2020,45,23,0,0,23,0.03560071405034899
new_cpp,1.0,0.1,2,2021,32,13,4,2,55,0.04358190512917392
new_cpp,1.0,0.1,2,2022,33,11,6,4,81,0.0492640080798226
new_cpp,1.0,0.1,2,2023,27,7,8,4,91,0.05215314753442577
new_cpp,1.0,0.1,2,2024,32,12,2,5,61,0.038777700318146986
new_cpp,1.0,0.1,2,2025,44,19,2,3,54,0.03683488394212614
new_cpp,1.0,0.1,2,2026,29,9,6,4,79,0.05303042272409806
new_cpp,1.0,0.1,2,2027,33,13,6,0,55,0.03350010363100579
new_cpp,1.0,0.1,2,2028,39,17,4,0,45,0.054259684471739594
new_cpp,1.0,0.1,2,2029,31,11,4,4,67,0.024303220330769832
new_cpp,1.0,0.1,2,2030,16,1,11,2,92,0.02927110171092324
new_cpp,1.0,0.1,2,2031,29,9,6,4,79,0.03129189973840938
new_cpp,1.0,0.1,2,2032,30,9,6,5,86,0.019120586223046448
new_cpp,1.0,0.1,2,2033,37,15,4,2,57,0.04290485492562084
new_cpp,1.0,0.1,2,2034,31,11,6,2,67,0.056482817848258635
new_cpp,1.0,0.1,2,2035,31,11,4,4,67,0.0548355913289308
new_cpp,1.0,0.1,2,2036,31,13,0,6,55,0.026835042122872587
new_cpp,1.0,0.1,2,2037,39,15,4,4,71,0.04675279998963328
new_cpp,1.0,0.1,2,2038,32,13,4,2,55,0.052954421845159444
new_cpp,1.0,0.1,2,2039,47,23,0,2,37,0.039540033688716926
new_cpp,1.0,0.1,2,2040,35,13,6,2,69,0.05717770805366529
new_cpp,1.0,0.1,2,2041,29,11,4,2,53,0.04759235134915546
new_cpp,1.0,0.1,2,2042,15,1,12,0,85,0.05398988975509712
new_cpp,1.0,0.1,2,2043,27,9,5,3,65,0.05733892887501198
new_cpp,1.0,0.1,2,2044,27,9,6,2,65,0.04230275677907758
new_cpp,1.0,0.1,2,2045,31,13,4,2,55,0.043575055332516134
new_cpp,1.0,0.1,2,2046,23,5,8,4,89,0.04407847792734186
new_cpp,1.0,0.1,2,2047,28,11,4,3,60,0.03507309240157649
new_cpp,1.0,0.1,2,2048,31,11,6,2,67,0.043791468535553615
new_cpp,1.0,0.1,2,2049,28,9,4,5,72,0.028248337082407985
new_cpp,1.0,0.1,2,2050,31,11,4,4,67,0.041709176323243266
new_cpp,1.0,0.1,2,2051,23,5,6,6,89,0.0415645817124815
new_cpp,1.0,0.1,2,2052,25,7,6,4,77,0.04691691781323552
new_cpp,1.0,0.1,2,2053,26,9,6,1,58,0.05571533549111681
new_cpp,1.0,0.1,2,2054,37,15,4,2,57,0.02673569049293432
new_cpp,1.0,0.1,2,2055,35,13,6,2,69,0.06982772367300671
new_cpp,1.0,0.1,2,2056,35,13,6,2,69,0.06975190064580403
new_cpp,1.0,0.1,2,2057,21,3,8,6,101,0.0690207258921865
new_cpp,1.0,0.1,2,2058,31,11,5,3,67,0.06927130599811271
new_cpp,1.0,0.1,2,2059,47,21,2,2,49,0.0681637780765248
new_cpp,1.0,0.1,2,2060,39,15,4,4,71,0.06853221413029675
new_cpp,1.0,0.1,2,2061,27,7,8,4,91,0.06569364866466677
new_cpp,1.0,0.1,2,2062,41,17,2,4,59,0.06629890865261638
new_cpp,1.0,0.1,2,2063,29,9,8,2,79,0.06388544590767006
new_cpp,1.0,0.1,2,2064,29,9,8,2,79,0.06462933167230223
new_cpp,1.0,0.1,2,2065,30,9,6,5,86,0.060363303593042664
new_cpp,1.0,0.1,2,2066,27,7,8,4,91,0.061346545270296995
new_cpp,1.0,0.1,2,2067,28,9,5,4,72,0.05591175899924397
new_cpp,1.0,0.1,2,2068,27,7,6,6,91,0.05456123639305297
new_cpp,1.0,0.1,2,2069,29,11,2,6,67,0.05063357622167577
new_cpp,1.0,0.1,2,2070,36,16,2,3,51,0.05223663291773799
new_cpp,1.0,0.1,2,2071,47,21,2,2,49,0.06247499314751846
new_cpp,1.0,0.1,2,2072,35,13,6,2,69,0.06442732883560984
new_cpp,1.0,0.1,2,2073,37,15,2,4,57,0.061133119889288996
new_cpp,1.0,0.1,2,2074,35,13,6,2,69,0.06401044992947852
new_cpp,1.0,0.1,2,2075,35,15,4,2,57,0.05758321571365383
new_cpp,1.0,0.1,2,2076,31,9,6,6,93,0.06234585041352246
new_cpp,1.0,0.1,2,2077,43,21,0,2,35,0.052889180160485764
new_cpp,1.0,0.1,2,2078,31,11,6,2,67,0.05168303659172164
new_cpp,1.0,0.1,2,2079,30,11,5,2,60,0.048585986107130705
new_cpp,1.0,0.1,2,2080,31,11,6,2,67,0.038834525393329926
new_cpp,1.0,0.1,2,2081,34,13,3,4,62,0.03410610483469519
new_cpp,1.0,0.1,2,2082,25,7,8,2,77,0.04636731459004554
new_cpp,1.0,0.1,2,2083,32,13,4,3,62,0.06043334889758725
new_cpp,1.0,0.1,2,2084,31,13,2,4,55,0.059447819161158585
new_cpp,1.0,0.1,2,2085,32,11,6,3,74,0.057534858221555005
new_cpp,1.0,0.1,2,2086,27,7,8,4,91,0.06080385474403271
new_cpp,1.0,0.1,2,2087,41,17,4,2,59,0.05130473101998677
new_cpp,1.0,0.1,2,2088,41,19,2,2,47,0.05936345309456712
new_cpp,1.0,0.1,2,2089,41,17,2,4,59,0.04192965366288383
new_cpp,1.0,0.1,2,2090,35,15,4,2,57,0.05562396431320234
new_cpp,1.0,0.1,2,2091,35,15,4,2,57,0.02402783131094773
new_cpp,1.0,0.1,2,2092,47,21,2,2,49,0.03445358251554127
new_cpp,1.0,0.1,2,2093,29,11,6,2,67,0.052528771256346925
new_cpp,1.0,0.1,2,2094,31,13,4,2,55,0.03844411950645685
new_cpp,1.0,0.1,2,2095,29,9,6,4,79,0.034666671650065005
new_cpp,1.0,0.1,2,2096,29,9,6,4,79,0.04029005591156897
new_cpp,1.0,0.1,2,2097,35,15,2,4,57,0.022380252083539016
new_cpp,1.0,0.1,2,2098,33,13,6,0,55,0.06338984541128839
new_cpp,1.0,0.1,2,2099,22,6,8,1,69,0.06980498053764436
new_cpp,1.0,0.1,2,2100,37,15,4,2,57,0.06959472664256351
new_cpp,1.0,0.1,2,2101,24,7,8,1,70,0.05549471005127159
new_cpp,1.0,0.1,2,2102,35,13,6,2,69,0.04361201202118828
new_cpp,1.0,0.1,2,2103,24,5,7,6,96,0.05097619105559218
new_cpp,1.0,0.1,2,2104,26,10,4,3,59,0.03145779006371421
new_cpp,1.0,0.1,2,2105,29,11,4,2,53,0.06439320315430101
new_cpp,1.0,0.1,2,2106,21,5,10,0,75,0.060426064503106496
new_cpp,1.0,0.1,2,2107,29,9,6,4,79,0.06481171917711917
new_cpp,1.0,0.1,2,2108,34,15,2,2,43,0.06331547278583886
new_cpp,1.0,0.1,2,2109,44,21,1,0,28,0.05361996019145239
new_cpp,1.0,0.1,2,2110,33,11,6,4,81,0.0650683114333392
new_cpp,1.0,0.1,2,2111,40,17,3,2,52,0.06459025009364601
new_cpp,1.0,0.1,2,2112,28,11,2,4,53,0.06779121791565672
new_cpp,1.0,0.1,2,2113,39,15,4,4,71,0.05439634785069629
new_cpp,1.0,0.1,2,2114,32,11,6,3,74,0.06758660942351641
new_cpp,1.0,0.1,2,2115,38,15,4,3,64,0.05073763182150807
new_cpp,1.0,0.1,2,2116,22,5,6,5,82,0.04635845860036265
new_cpp,1.0,0.1,2,2117,29,11,6,2,67,0.0670798412179957
new_cpp,1.0,0.1,2,2118,39,19,2,0,33,0.045491697816616716
new_cpp,1.0,0.1,2,2119,33,15,4,0,43,0.04276718207753589
new_cpp,1.0,0.1,2,2120,26,9,6,2,65,0.03829041213358863
new_cpp,1.0,0.1,2,2121,35,13,6,2,69,0.04747111302722924
new_cpp,1.0,0.1,2,2122,31,11,4,4,67,0.034321611100736074
new_cpp,1.0,0.1,2,2123,33,11,6,4,81,0.04819003862575747
new_cpp,1.0,0.1,2,2124,31,9,6,6,93,0.03766983279555064
new_cpp,1.0,0.1,2,2125,41,17,4,2,59,0.06570009832696878
new_cpp,1.0,0.1,2,2126,24,7,6,4,77,0.06528202165040037
new_cpp,1.0,0.1,2,2127,35,13,6,2,69,0.03521769785466012
new_cpp,1.0,0.1,2,2128,37,15,4,2,57,0.02294911796439211
new_cpp,1.0,0.1,2,2129,28,11,1,4,46,0.0483924223830203
new_cpp,1.0,0.1,2,2130,30,10,6,3,73,0.06079611492263674
new_cpp,1.0,0.1,2,2131,38,15,3,4,64,0.060204264072170714
new_cpp,1.0,0.1,2,2132,28,8,6,5,85,0.0628786054404505
new_cpp,1.0,0.1,2,2133,29,9,6,4,79,0.05701102231135666
new_cpp,1.0,0.1,2,2134,23,7,4,6,77,0.06465504856462223
new_cpp,1.0,0.1,2,2135,23,7,8,2,77,0.04332340237724448
new_cpp,1.0,0.1,2,2136,27,9,8,0,65,0.03931389997103636
new_cpp,1.0,0.1,2,2137,27,9,4,4,65,0.03560567017706901
new_cpp,1.0,0.1,2,2138,32,13,3,2,48,0.029366776448002757
new_cpp,1.0,0.1,2,2139,39,17,4,0,45,0.04209601787647432
new_cpp,1.0,0.1,2,2140,27,7,8,4,91,0.0628800774919796
new_cpp,1.0,0.1,2,2141,35,15,4,2,57,0.02151882640295302
new_cpp,1.0,0.1,2,2142,27,9,6,2,65,0.060221627949705
new_cpp,1.0,0.1,2,2143,39,17,4,0,45,0.06103344188773235
new_cpp,1.0,0.1,2,2144,22,5,8,3,82,0.06553596994082503
new_cpp,1.0,0.1,2,2145,39,17,4,0,45,0.05254667097702212
new_cpp,1.0,0.1,2,2146,35,15,4,2,57,0.04416654476493183
new_cpp,1.0,0.1,2,2147,33,11,6,4,81,0.06745271048030144
new_cpp,1.0,0.1,2,2148,34,13,5,2,62,0.03822393877838189
new_cpp,1.0,0.1,2,2149,32,11,5,4,74,0.06802299245195399
new_cpp,1.0,0.1,2,2150,29,9,6,4,79,0.044249271327546406
new_cpp,1.0,0.1,2,2151,35,13,6,2,69,0.026601203987052163
new_cpp,1.0,0.1,2,2152,35,13,6,2,69,0.047563578087529465
new_cpp,1.0,0.1,2,2153,29,9,6,4,79,0.029543647235586418
new_cpp,1.0,0.1,2,2154,29,11,4,2,53,0.05809476965250288
new_cpp,1.0,0.1,2,2155,39,19,2,0,33,0.047678332688199224
new_cpp,1.0,0.1,2,2156,41,17,4,2,59,0.03468457338106195
new_cpp,1.0,0.1,2,2157,32,11,6,3,74,0.0589685259208474
new_cpp,1.0,0.1,2,2158,23,6,7,3,76,0.050195058028289406
new_cpp,1.0,0.1,2,2159,26,7,7,4,84,0.04497691900711095
new_cpp,1.0,0.1,2,2160,29,11,4,2,53,0.03699668939313717
new_cpp,1.0,0.1,2,2161,39,19,2,0,33,0.05472520322571517
new_cpp,1.0,0.1,2,2162,23,5,10,2,89,0.02984032494544943
new_cpp,1.0,0.1,2,2163,41,17,4,2,59,0.05704163811809936
new_cpp,1.0,0.1,2,2164,30,9,6,5,86,0.05165876382732578
new_cpp,1.0,0.1,2,2165,36,14,4,3,63,0.04486264661947688
new_cpp,1.0,0.1,2,2166,29,11,6,2,67,0.041604582395542704
new_cpp,1.0,0.1,2,2167,33,11,6,4,81,0.05264484272819623
new_cpp,1.0,0.1,2,2168,35,13,6,2,69,0.053302708915704246
new_cpp,1.0,0.1,2,2169,23,5,10,2,89,0.026331026858662773
new_cpp,1.0,0.1,2,2170,39,15,4,4,71,0.05533212968321283
new_cpp,1.0,0.1,2,2171,41,19,2,2,47,0.05458095100388533
new_cpp,1.0,0.1,2,2172,31,11,6,2,67,0.05803018583543411
new_cpp,1.0,0.1,2,2173,30,11,6,1,60,0.05056161592193378
new_cpp,1.0,0.1,2,2174,39,17,4,0,45,0.04721557261213859
new_cpp,1.0,0.1,2,2175,28,11,4,2,53,0.05929422379922467
new_cpp,1.0,0.1,2,2176,33,15,4,0,43,0.06070270018258769
new_cpp,1.0,0.1,2,2177,39,17,4,0,45,0.03879089202825176
new_cpp,1.0,0.1,2,2178,29,11,6,2,67,0.060962078395330244
new_cpp,1.0,0.1,2,2179,36,15,2,5,64,0.03257025148454038
new_cpp,1.0,0.1,2,2180,33,15,4,0,43,0.024007582901460336
new_cpp,1.0,0.1,2,2181,42,19,2,1,40,0.060888315567809895
new_cpp,1.0,0.1,2,2182,33,13,6,0,55,0.06071308061657969
new_cpp,1.0,0.1,2,2183,39,17,4,0,45,0.01737996941241883
new_cpp,1.0,0.1,2,2184,47,21,2,2,49,0.04427979456120826
new_cpp,1.0,0.1,2,2185,27,9,6,4,79,0.04472001918817829
new_cpp,1.0,0.1,2,2186,27,9,4,6,79,0.046235598529120354
new_cpp,1.0,0.1,2,2187,41,17,4,2,59,0.039079921142500786
new_cpp,1.0,0.1,2,2188,30,11,4,4,67,0.026803835913521475
new_cpp,1.0,0.1,2,2189,27,9,4,5,72,0.044481526493264964
new_cpp,1.0,0.1,2,2190,33,13,4,4,69,0.05451279464022244
new_cpp,1.0,0.1,2,2191,33,13,4,4,69,0.045721028909139066
new_cpp,1.0,0.1,2,2192,33,11,6,4,81,0.04174525314092909
new_cpp,1.0,0.1,2,2193,41,19,2,2,47,0.05604040421436717
new_cpp,1.0,0.1,2,2194,27,7,8,4,91,0.058312550765489676
new_cpp,1.0,0.1,2,2195,35,13,4,4,69,0.022691859741590804
new_cpp,1.0,0.1,2,2196,31,9,6,6,93,0.06778966097751649
new_cpp,1.0,0.1,2,2197,33,13,4,4,69,0.06852804635953635
new_cpp,1.0,0.1,2,2198,35,13,6,2,69,0.0646998921625696
new_cpp,1.0,0.1,2,2199,41,17,2,4,59,0.05920955992566774
new_cpp,1.0,0.1,2,2200,29,9,8,2,79,0.03484316957250838
new_cpp,1.0,0.1,2,2201,23,7,6,4,77,0.035109069462202144
new_cpp,1.0,0.1,2,2202,25,7,8,2,77,0.034934998483332834
new_cpp,1.0,0.1,2,2203,25,9,6,2,65,0.030506222162143937
new_cpp,1.0,0.1,2,2204,33,11,6,4,81,0.05857253729265905
new_cpp,1.0,0.1,2,2205,25,7,6,4,77,0.0494167304116278
new_cpp,1.0,0.1,2,2206,23,7,6,2,63,0.023498776746416296
new_cpp,1.0,0.1,2,2207,25,9,6,2,65,0.0323005733976749
new_cpp,1.0,0.1,2,2208,35,13,4,4,69,0.031881321245133085
new_cpp,1.0,0.1,2,2209,41,17,4,2,59,0.04719724086952208
new_cpp,1.0,0.1,2,2210,27,11,4,2,53,0.04452476499233411
new_cpp,1.0,0.1,2,2211,39,17,4,0,45,0.0455642027892154
new_cpp,1.0,0.1,2,2212,39,19,2,0,33,0.03887136886155795
new_cpp,1.0,0.1,2,2213,33,15,2,2,43,0.04930337352790078
new_cpp,1.0,0.1,2,2214,33,13,6,0,55,0.051098156360610034
new_cpp,1.0,0.1,2,2215,31,13,4,2,55,0.03393994954713673
new_cpp,1.0,0.1,2,2216,29,9,8,2,79,0.053881420764866024
new_cpp,1.0,0.1,2,2217,35,15,4,2,57,0.03597308717392952
new_cpp,1.0,0.1,2,2218,35,15,4,2,57,0.05423839647231036
new_cpp,1.0,0.1,2,2219,29,9,8,2,79,0.03622263838961862
new_cpp,1.0,0.1,2,2220,29,11,4,4,67,0.03556767837596738
new_cpp,1.0,0.1,2,2221,31,11,4,4,67,0.03648252705131268
new_cpp,1.0,0.1,2,2222,33,13,6,0,55,0.040789058252838455
new_cpp,1.0,0.1,2,2223,45,23,0,0,23,0.025232473862640284
new_cpp,1.0,0.1,2,2224,35,13,6,2,69,0.04912459986825218
new_cpp,1.0,0.1,2,2225,47,23,0,2,37,0.05027372880118508
new_cpp,1.0,0.1,2,2226,23,5,6,6,89,0.043022883249274016
new_cpp,1.0,0.1,2,2227,35,13,6,2,69,0.054524859666706275
new_cpp,1.0,0.1,2,2228,33,13,2,6,69,0.05667817842730977
new_cpp,1.0,0.1,2,2229,28,8,6,5,85,0.037850346038434714
new_cpp,1.0,0.1,2,2230,32,13,4,3,62,0.02867086420788055
new_cpp,1.0,0.1,2,2231,27,9,6,4,79,0.03784365412649993
new_cpp,1.0,0.1,2,2232,15,1,6,6,85,0.039007110264461714
new_cpp,1.0,0.1,2,2233,33,11,6,4,81,0.02353171819484415
new_cpp,1.0,0.1,2,2234,37,15,2,4,57,0.043489252038089024
new_cpp,1.0,0.1,2,2235,23,9,4,2,51,0.048446061548980075
new_cpp,1.0,0.1,2,2236,43,19,2,2,47,0.04891999452632195
new_cpp,1.0,0.1,2,2237,27,9,6,2,65,0.02326147742183062
new_cpp,1.0,0.1,2,2238,31,11,6,2,67,0.0577227227148941
new_cpp,1.0,0.1,2,2239,31,13,2,4,55,0.049767062250080374
new_cpp,1.0,0.1,2,2240,31,11,6,2,67,0.022683791356381586
new_cpp,1.0,0.1,2,2241,31,11,6,2,67,0.06316680367238632
new_cpp,1.0,0.1,2,2242,31,11,4,4,67,0.05344703370903943
new_cpp,1.0,0.1,2,2243,29,11,4,4,67,0.05475886915244945
new_cpp,1.0,0.1,2,2244,26,9,6,3,72,0.06233501718657735
new_cpp,1.0,0.1,2,2245,41,17,4,2,59,0.04091277649800417
new_cpp,1.0,0.1,2,2246,41,19,2,2,47,0.0587155558242375
new_cpp,1.0,0.1,2,2247,35,15,4,2,57,0.06189998344916626
new_cpp,1.0,0.1,2,2248,30,11,6,1,60,0.06176746833808102
new_cpp,1.0,0.1,2,2249,20,4,8,3,81,0.05592628688481092
new_cpp,1.0,0.1,2,2250,29,11,6,2,67,0.06100953762596916
new_cpp,1.0,0.1,2,2251,25,7,6,4,77,0.052610892181267854
new_cpp,1.0,0.1,2,2252,40,17,3,2,52,0.016066666535860804
new_cpp,1.0,0.1,2,2253,41,17,4,2,59,0.01710330394474773
new_cpp,1.0,0.1,2,2254,33,11,6,4,81,0.053874376739204734
new_cpp,1.0,0.1,2,2255,30,10,6,3,73,0.03278178440733178
new_cpp,1.0,0.1,2,2256,35,13,6,2,69,0.05573162382490259
new_cpp,1.0,0.1,2,2257,35,13,6,2,69,0.05803265544495431
new_cpp,1.0,0.1,2,2258,23,5,6,6,89,0.05407402253829431
new_cpp,1.0,0.1,2,2259,33,11,4,6,81,0.04546278866122889
new_cpp,1.0,0.1,2,2260,37,15,4,2,57,0.013814802386401157
new_cpp,1.0,0.1,2,2261,28,11,2,3,46,0.014646594467107666
new_cpp,1.0,0.1,2,2262,31,11,6,2,67,0.0471093136878647
new_cpp,1.0,0.1,2,2263,29,9,6,4,79,0.03484382454464821
new_cpp,1.0,0.1,2,2264,27,9,8,0,65,0.045747387204935985
new_cpp,1.0,0.1,2,2265,27,11,6,0,53,0.043276005269305376
new_cpp,1.0,0.1,2,2266,35,13,6,2,69,0.020963662599529732
new_cpp,1.0,0.1,2,2267,26,7,8,3,84,0.043891658406790095
new_cpp,1.0,0.1,2,2268,27,9,6,2,65,0.06774987782824912
new_cpp,1.0,0.1,2,2269,30,13,0,4,41,0.06794998879077349
new_cpp,1.0,0.1,2,2270,31,11,6,2,67,0.05697486512050203
new_cpp,1.0,0.1,2,2271,23,5,8,4,89,0.0629535924650703
new_cpp,1.0,0.1,2,2272,33,11,6,4,81,0.059643818665758165
new_cpp,1.0,0.1,2,2273,39,15,4,4,71,0.051807199940969904
new_cpp,1.0,0.1,2,2274,33,11,6,4,81,0.06283880937240582
new_cpp,1.0,0.1,2,2275,27,7,6,6,91,0.0644808249487924
new_cpp,1.0,0.1,2,2276,29,9,8,2,79,0.06438066515950705
new_cpp,1.0,0.1,2,2277,30,12,4,3,61,0.06021185901381563
new_cpp,1.0,0.1,2,2278,40,17,3,2,52,0.05826747498771475
new_cpp,1.0,0.1,2,2279,36,14,4,3,63,0.06387198021129856
new_cpp,1.0,0.1,2,2280,35,15,4,2,57,0.05005323748178679
new_cpp,1.0,0.1,2,2281,47,21,2,2,49,0.06054195395764808
new_cpp,1.0,0.1,2,2282,36,13,4,5,76,0.03383380937265685
new_cpp,1.0,0.1,2,2283,33,11,6,4,81,0.028712834997694593
new_cpp,1.0,0.1,2,2284,39,15,4,4,71,0.03801436683293709
new_cpp,1.0,0.1,2,2285,38,17,2,2,45,0.054983773404354966
new_cpp,1.0,0.1,2,2286,33,13,2,6,69,0.06086601969622948
new_cpp,1.0,0.1,2,2287,35,13,6,2,69,0.06131520388766575
new_cpp,1.0,0.1,2,2288,23,7,6,2,63,0.05438377294044094
new_cpp,1.0,0.1,2,2289,33,13,6,0,55,0.061747458941217095
new_cpp,1.0,0.1,2,2290,30,11,4,4,67,0.04481702861925748
new_cpp,1.0,0.1,2,2291,31,9,6,6,93,0.05880224200264043
new_cpp,1.0,0.1,2,2292,39,19,2,0,33,0.05596222143929007
new_cpp,1.0,0.1,2,2293,31,13,4,2,55,0.03696728961360572
new_cpp,1.0,0.1,2,2294,35,13,6,2,69,0.05517545849532468
new_cpp,1.0,0.1,2,2295,41,17,4,2,59,0.05810084590029757
new_cpp,1.0,0.1,2,2296,35,15,4,2,57,0.058767235797830504
new_cpp,1.0,0.1,2,2297,29,9,8,2,79,0.05128641900194843
new_cpp,1.0,0.1,2,2298,41,19,2,2,47,0.04849351491923439
new_cpp,1.0,0.1,2,2299,41,17,4,2,59,0.05862298417357714
new_cpp,1.0,0.1,2,2300,25,5,6,8,103,0.0653043012363535
new_cpp,1.0,0.1,2,2301,22,5,4,7,82,0.060103001207298674
new_cpp,1.0,0.1,2,2302,38,15,4,3,64,0.06848734354514054
new_cpp,1.0,0.1,2,2303,29,11,6,2,67,0.050544456039816506
new_cpp,1.0,0.1,2,2304,27,7,8,4,91,0.06913917814548874
new_cpp,1.0,0.1,2,2305,33,13,4,4,69,0.03407284228618358
new_cpp,1.0,0.1,2,2306,34,13,5,2,62,0.016802498892725674
new_cpp,1.0,0.1,2,2307,35,14,1,5,56,0.06849044880895895
new_cpp,1.0,0.1,2,2308,23,5,8,4,89,0.05419969538677867
new_cpp,1.0,0.1,2,2309,30,11,5,2,60,0.04658482865136945
new_cpp,1.0,0.1,2,2310,39,17,4,0,45,0.05733752385649403
new_cpp,1.0,0.1,2,2311,39,17,4,0,45,0.04127246398589163
new_cpp,1.0,0.1,2,2312,33,11,6,4,81,0.03019087267000944
new_cpp,1.0,0.1,2,2313,41,19,2,2,47,0.038142969764124
new_cpp,1.0,0.1,2,2314,35,13,6,2,69,0.06312873268452976
new_cpp,1.0,0.1,2,2315,25,7,6,4,77,0.058336632710757536
new_cpp,1.0,0.1,2,2316,23,5,10,2,89,0.06359874553438835
new_cpp,1.0,0.1,2,2317,41,17,4,2,59,0.057472201544940905
new_cpp,1.0,0.1,2,2318,35,15,4,2,57,0.05294387654355834
new_cpp,1.0,0.1,2,2319,29,9,8,2,79,0.06518581752027679
new_cpp,1.0,0.1,2,2320,32,11,5,4,74,0.06612710607683484
new_cpp,1.0,0.1,2,2321,32,11,5,4,74,0.04480112986156869
new_cpp,1.0,0.1,2,2322,29,9,8,2,79,0.04007308556502047
new_cpp,1.0,0.1,2,2323,35,13,4,4,69,0.06614990239206177
new_cpp,1.0,0.1,2,2324,29,9,8,2,79,0.0658873171316394
new_cpp,1.0,0.1,2,2325,27,9,6,4,79,0.033338012381950874
new_cpp,1.0,0.1,2,2326,26,9,4,4,65,0.016591215913194887
new_cpp,1.0,0.1,2,2327,30,9,5,6,86,0.06487969014958425
new_cpp,1.0,0.1,2,2328,36,15,2,4,57,0.06220660425066709
new_cpp,1.0,0.1,2,2329,32,11,5,4,74,0.05757876588877874
new_cpp,1.0,0.1,2,2330,35,13,6,2,69,0.05230473444985285
new_cpp,1.0,0.1,2,2331,39,15,4,4,71,0.06413295495036925
new_cpp,1.0,0.1,2,2332,32,11,6,3,74,0.06468508338443862
new_cpp,1.0,0.1,2,2333,27,7,8,4,91,0.0486729044680937
new_cpp,1.0,0.1,2,2334,41,17,4,2,59,0.0323305380624997
new_cpp,1.0,0.1,2,2335,33,13,4,4,69,0.040340278507195765
new_cpp,1.0,0.1,2,2336,35,13,4,4,69,0.06315483439431296
new_cpp,1.0,0.1,2,2337,41,19,2,2,47,0.06496889184105022
new_cpp,1.0,0.1,2,2338,29,9,4,6,79,0.058480377653995975
new_cpp,1.0,0.1,2,2339,31,9,6,6,93,0.06486608591180772
new_cpp,1.0,0.1,2,2340,41,17,4,2,59,0.05459306113340398
new_cpp,1.0,0.1,2,2341,31,11,6,2,67,0.053193545291592384
new_cpp,1.0,0.1,2,2342,37,15,4,2,57,0.05249327229443515
new_cpp,1.0,0.1,2,2343,18,5,8,0,61,0.05419950566567242
new_cpp,1.0,0.1,2,2344,18,3,9,2,80,0.050846746187065646
new_cpp,1.0,0.1,2,2345,31,11,6,2,67,0.05445750779144008
new_cpp,1.0,0.1,2,2346,33,15,4,0,43,0.05016784463125798
new_cpp,1.0,0.1,2,2347,23,7,8,2,77,0.06440159071531981
new_cpp,1.0,0.1,2,2348,29,9,8,2,79,0.05140207113512758
new_cpp,1.0,0.1,2,2349,35,15,4,2,57,0.04643173114404631
new_cpp,1.0,0.1,2,2350,35,13,6,2,69,0.05505377024368147
new_cpp,1.0,0.1,2,2351,33,13,6,0,55,0.05497458919102895
new_cpp,1.0,0.1,2,2352,39,17,4,0,45,0.04323202867817947
new_cpp,1.0,0.1,2,2353,29,11,4,2,53,0.05452474734454328
new_cpp,1.0,0.1,2,2354,15,1,12,0,85,0.03926277789222784
new_cpp,1.0,0.1,2,2355,41,17,4,2,59,0.04355232313288013
new_cpp,1.0,0.1,2,2356,33,11,6,4,81,0.06264993187844142
new_cpp,1.0,0.1,2,2357,25,7,7,3,77,0.034930115097864915
new_cpp,1.0,0.1,2,2358,32,11,5,4,74,0.05381567836849452
new_cpp,1.0,0.1,2,2359,35,13,6,2,69,0.03797143832276613
new_cpp,1.0,0.1,2,2360,47,23,0,2,37,0.061222744421355134
new_cpp,1.0,0.1,2,2361,39,17,4,0,45,0.05263715191671443
new_cpp,1.0,0.1,2,2362,33,15,4,0,43,0.028573943940445223
new_cpp,1.0,0.1,2,2363,24,8,6,3,71,0.050199481966220524
new_cpp,1.0,0.1,2,2364,39,15,4,4,71,0.040350960299113954
new_cpp,1.0,0.1,2,2365,32,13,4,2,55,0.03222671686849556
new_cpp,1.0,0.1,2,2366,30,11,4,4,67,0.04831824836719051
new_cpp,1.0,0.1,2,2367,31,11,4,4,67,0.051151117605791184
new_cpp,1.0,0.1,2,2368,38,17,2,3,52,0.051988926793956246
new_cpp,1.0,0.1,2,2369,41,17,4,2,59,0.049223739798949985
new_cpp,1.0,0.1,2,2370,41,17,2,4,59,0.05323711014943361
new_cpp,1.0,0.1,2,2371,34,13,5,2,62,0.04049049123144227
new_cpp,1.0,0.1,2,2372,33,11,6,4,81,0.05464359363028938
new_cpp,1.0,0.1,2,2373,41,17,4,2,59,0.022799747002853518
new_cpp,1.0,0.1,2,2374,34,13,5,2,62,0.052929198137354354
new_cpp,1.0,0.1,2,2375,35,13,6,2,69,0.04577444605443388
new_cpp,1.0,0.1,2,2376,47,21,2,2,49,0.04530805766992155
new_cpp,1.0,0.1,2,2377,33,13,4,4,69,0.04029646166188205
new_cpp,1.0,0.1,2,2378,35,13,4,4,69,0.04610901817599622
new_cpp,1.0,0.1,2,2379,39,15,4,4,71,0.045365986706897156
new_cpp,1.0,0.1,2,2380,27,9,6,4,79,0.037365279538734274
new_cpp,1.0,0.1,2,2381,32,11,5,4,74,0.05477528664791385
new_cpp,1.0,0.1,2,2382,27,9,2,6,65,0.054798507911333554
new_cpp,1.0,0.1,2,2383,27,7,8,4,91,0.051591015189426034
new_cpp,1.0,0.1,2,2384,35,13,6,2,69,0.05222386364857572
new_cpp,1.0,0.1,2,2385,35,15,4,2,57,0.045672789593315284
new_cpp,1.0,0.1,2,2386,25,7,8,2,77,0.037666105861180264
new_cpp,1.0,0.1,2,2387,25,7,8,2,77,0.04232621868264768
new_cpp,1.0,0.1,2,2388,33,15,4,0,43,0.04126694032203293
new_cpp,1.0,0.1,2,2389,27,9,6,2,65,0.03480911433017069
new_cpp,1.0,0.1,2,2390,26,7,5,6,84,0.03860930894423739
new_cpp,1.0,0.1,2,2391,24,5,7,6,96,0.04852564185529745
new_cpp,1.0,0.1,2,2392,29,9,8,2,79,0.02669872978619639
new_cpp,1.0,0.1,2,2393,26,6,6,7,97,0.03777352314061942
new_cpp,1.0,0.1,2,2394,29,9,8,2,79,0.03339970476348235
new_cpp,1.0,0.1,2,2395,39,15,4,4,71,0.04580515390728942
new_cpp,1.0,0.1,2,2396,27,9,8,0,65,0.06022111431090737
new_cpp,1.0,0.1,2,2397,31,11,6,2,67,0.0598673792652351
new_cpp,1.0,0.1,2,2398,38,15,4,3,64,0.05872740844160443
new_cpp,1.0,0.1,2,2399,39,15,4,4,71,0.05698033230722831
new_cpp,1.0,0.1,2,2400,27,7,8,4,91,0.0506629565566916
new_cpp,1.0,0.1,2,2401,41,19,2,2,47,0.047901175799778345
new_cpp,1.0,0.1,2,2402,27,7,8,4,91,0.04527574297365548
new_cpp,1.0,0.1,2,2403,35,13,4,4,69,0.03712147206238573
new_cpp,1.0,0.1,2,2404,27,7,8,4,91,0.03692222514299225
new_cpp,1.0,0.1,2,2405,35,13,2,6,69,0.03707655291345305
new_cpp,1.0,0.1,2,2406,33,11,6,4,81,0.03611737444766742
new_cpp,1.0,0.1,2,2407,35,15,2,4,57,0.032928384970760394
new_cpp,1.0,0.1,2,2408,29,9,8,2,79,0.035478193852228355
new_cpp,1.0,0.1,2,2409,44,19,2,3,54,0.03127300053177721
new_cpp,1.0,0.1,2,2410,41,17,4,2,59,0.02631863862858546
new_cpp,1.0,0.1,2,2411,33,15,4,0,43,0.046962155796647725
new_cpp,1.0,0.1,2,2412,39,17,4,0,45,0.04126997750273938
new_cpp,1.0,0.1,2,2413,33,13,6,0,55,0.041469865154782355
new_cpp,1.0,0.1,2,2414,31,11,6,2,67,0.04894989195791557
new_cpp,1.0,0.1,2,2415,31,11,6,2,67,0.0522495371823733
new_cpp,1.0,0.1,2,2416,25,7,8,2,77,0.03239865376426994
new_cpp,1.0,0.1,2,2417,41,17,4,2,59,0.025194436093774062
new_cpp,1.0,0.1,2,2418,35,13,4,4,69,0.05337900127112026
new_cpp,1.0,0.1,2,2419,21,5,10,0,75,0.028324567908170048
new_cpp,1.0,0.1,2,2420,27,9,8,0,65,0.028427236689149593
new_cpp,1.0,0.1,2,2421,29,11,6,2,67,0.02031891671141583
new_cpp,1.0,0.1,2,2422,29,9,8,2,79,0.02244209036892333
new_cpp,1.0,0.1,2,2423,41,19,2,0,33,0.06269780611338753
new_cpp,1.0,0.1,2,2424,23,5,8,4,89,0.04002502820347141
new_cpp,1.0,0.1,2,2425,31,11,4,4,67,0.027201959833754757
new_cpp,1.0,0.1,2,2426,39,15,4,4,71,0.03678739553975435
new_cpp,1.0,0.1,2,2427,24,6,8,3,83,0.03436895169326257
new_cpp,1.0,0.1,2,2428,35,13,6,2,69,0.028837019146957597
new_cpp,1.0,0.1,2,2429,32,11,6,3,74,0.03456474027918408
new_cpp,1.0,0.1,2,2430,23,5,10,2,89,0.04361924364659229
new_cpp,1.0,0.1,2,2431,27,7,8,4,91,0.06122574018146669
new_cpp,1.0,0.1,2,2432,21,7,4,4,63,0.0525034713816368
new_cpp,1.0,0.1,2,2433,23,7,6,2,63,0.047187365582283244
new_cpp,1.0,0.1,2,2434,23,5,4,8,89,0.03417296480330028
new_cpp,1.0,0.1,2,2435,35,13,6,2,69,0.042775051555267896
new_cpp,1.0,0.1,2,2436,29,9,8,2,79,0.04186184932226652
new_cpp,1.0,0.1,2,2437,29,9,8,2,79,0.030148422731298953
new_cpp,1.0,0.1,2,2438,27,7,8,4,91,0.026786837530760298
new_cpp,1.0,0.1,2,2439,22,5,6,7,96,0.016971954353584975
new_cpp,1.0,0.1,2,2440,27,7,8,4,91,0.028475732792684543
new_cpp,1.0,0.1,2,2441,26,9,5,2,58,0.02241741219699963
new_cpp,1.0,0.1,2,2442,36,15,3,2,50,0.03734077181114498
new_cpp,1.0,0.1,2,2443,28,9,6,3,72,0.036722914308615955
new_cpp,1.0,0.1,2,2444,27,9,4,4,65,0.01456524756418684
new_cpp,1.0,0.1,2,2445,37,15,2,4,57,0.04408650112114077
new_cpp,1.0,0.1,2,2446,25,7,8,2,77,0.045849938121502475
new_cpp,1.0,0.1,2,2447,29,11,4,4,67,0.04829523128873421
new_cpp,1.0,0.1,2,2448,21,7,6,2,63,0.03550361938511539
new_cpp,1.0,0.1,2,2449,29,11,4,2,53,0.040363515944732205
new_cpp,1.0,0.1,2,2450,33,15,2,0,29,0.02766131206843468
new_cpp,1.0,0.1,2,2451,31,11,6,2,67,0.0548865170330967
new_cpp,1.0,0.1,2,2452,35,13,4,4,69,0.05446319115267434
new_cpp,1.0,0.1,2,2453,12,1,6,4,71,0.010167112451744858
new_cpp,1.0,0.1,2,2454,14,1,7,4,78,0.010579429361806152
new_cpp,1.0,0.1,2,2455,25,7,8,2,77,0.06372367959859926
new_cpp,1.0,0.1,2,2456,31,11,6,2,67,0.06762082718753648
new_cpp,1.0,0.1,2,2457,41,19,0,4,47,0.05623832632188086
new_cpp,1.0,0.1,2,2458,35,13,6,2,69,0.06956126804309538
new_cpp,1.0,0.1,2,2459,33,13,4,2,55,0.06655452103981949
new_cpp,1.0,0.1,2,2460,31,11,6,2,67,0.02378222055116106
new_cpp,1.0,0.1,2,2461,27,11,4,2,53,0.0610039678097308
new_cpp,1.0,0.1,2,2462,37,15,4,2,57,0.06026001765167163
new_cpp,1.0,0.1,2,2463,29,13,4,0,41,0.06504936242130865
new_cpp,1.0,0.1,2,2464,21,3,8,6,101,0.053157546498761005
new_cpp,1.0,0.1,2,2465,27,11,2,3,46,0.06300976525521618
new_cpp,1.0,0.1,2,2466,31,11,4,4,67,0.03687734231087821
new_cpp,1.0,0.1,2,2467,29,11,6,0,53,0.04780007203275506
new_cpp,1.0,0.1,2,2468,29,9,6,4,79,0.041123064201395915
new_cpp,1.0,0.1,2,2469,37,19,0,0,19,0.059538124518312106
new_cpp,1.0,0.1,2,2470,22,7,6,1,56,0.024995609788786798
new_cpp,1.0,0.1,2,2471,27,9,6,4,79,0.06724062098282492
new_cpp,1.0,0.1,2,2472,33,13,4,4,69,0.07014376764260676
new_cpp,1.0,0.1,2,2473,24,7,5,4,70,0.05767391126420025
new_cpp,1.0,0.1,2,2474,29,9,8,2,79,0.06806049722797601
new_cpp,1.0,0.1,2,2475,30,11,6,1,60,0.06613710996862157
new_cpp,1.0,0.1,2,2476,39,17,4,0,45,0.06586756503096257
new_cpp,1.0,0.1,2,2477,31,11,4,4,67,0.06583826405859307
new_cpp,1.0,0.1,2,2478,33,13,6,0,55,0.06527810589182512
new_cpp,1.0,0.1,2,2479,22,5,8,3,82,0.06477349534393573
new_cpp,1.0,0.1,2,2480,22,5,7,4,82,0.0637506681287686
new_cpp,1.0,0.1,2,2481,39,19,2,0,33,0.04972104849779879
new_cpp,1.0,0.1,2,2482,27,11,6,0,53,0.053119627921920196
new_cpp,1.0,0.1,2,2483,29,9,6,4,79,0.04945806135174077
new_cpp,1.0,0.1,2,2484,19,5,8,2,75,0.04537315188851818
new_cpp,1.0,0.1,2,2485,30,11,3,4,60,0.06367187172284708
new_cpp,1.0,0.1,2,2486,29,9,8,2,79,0.06369617795107062
new_cpp,1.0,0.1,2,2487,29,11,6,2,67,0.06319879216229662
new_cpp,1.0,0.1,2,2488,27,9,6,4,79,0.06324932954945707
new_cpp,1.0,0.1,2,2489,39,15,4,4,71,0.06008904551648895
new_cpp,1.0,0.1,2,2490,30,9,4,7,86,0.059956791432110475
new_cpp,1.0,0.1,2,2491,33,11,6,4,81,0.05917655928645268
new_cpp,1.0,0.1,2,2492,24,6,8,3,83,0.059027414299047336
new_cpp,1.0,0.1,2,2493,33,13,4,4,69,0.0569679868103681
new_cpp,1.0,0.1,2,2494,35,13,6,2,69,0.05715133919845485
new_cpp,1.0,0.1,2,2495,35,13,6,2,69,0.0263333053425913
new_cpp,1.0,0.1,2,2496,31,11,4,4,67,0.026591355260362094
new_cpp,1.0,0.1,2,2497,32,11,5,4,74,0.04522960052576801
new_cpp,1.0,0.1,2,2498,32,11,5,4,74,0.05279644921200575
new_cpp,1.0,0.1,2,2499,29,9,8,2,79,0.029771624227554264
new_cpp,1.0,0.1,2,2500,29,9,8,2,79,0.05757662678646414
new_cpp,1.0,0.1,2,2501,33,15,4,0,43,0.05952773111251941
new_cpp,1.0,0.1,2,2502,39,17,4,0,45,0.06004917363486754
new_cpp,1.0,0.1,2,2503,35,13,6,2,69,0.05063765725375411
new_cpp,1.0,0.1,2,2504,23,5,6,8,103,0.054640630053323515
new_cpp,1.0,0.1,2,2505,31,11,6,2,67,0.04660023247913406
new_cpp,1.0,0.1,2,2506,27,9,8,0,65,0.03948539546084825
new_cpp,1.0,0.1,2,2507,31,11,6,2,67,0.05962278093596581
new_cpp,1.0,0.1,2,2508,31,11,6,2,67,0.06212459472433835
new_cpp,1.0,0.1,2,2509,24,9,6,1,58,0.05774456500177102
new_cpp,1.0,0.1,2,2510,19,5,8,2,75,0.06295364305519945
new_cpp,1.0,0.1,2,2511,33,13,6,0,55,0.054019014951853975
new_cpp,1.0,0.1,2,2512,39,19,2,0,33,0.06358763439268975
new_cpp,1.0,0.1,2,2513,27,7,8,4,91,0.04333594993909129
new_cpp,1.0,0.1,2,2514,46,21,1,2,42,0.0627427563804461
new_cpp,1.0,0.1,2,2515,33,11,6,4,81,0.050733527960634475
new_cpp,1.0,0.1,2,2516,26,7,4,7,84,0.053758690812334
new_cpp,1.0,0.1,2,2517,29,9,8,2,79,0.03837915372473037
new_cpp,1.0,0.1,2,2518,24,7,5,4,70,0.05007983956380457
new_cpp,1.0,0.1,2,2519,33,15,4,0,43,0.0554463914883804
new_cpp,1.0,0.1,2,2520,33,13,4,2,55,0.05646914406838045
new_cpp,1.0,0.1,2,2521,35,15,4,2,57,0.05436014868654087
new_cpp,1.0,0.1,2,2522,23,7,8,2,77,0.05649155229447232
new_cpp,1.0,0.1,2,2523,29,9,8,2,79,0.05190027166228536
new_cpp,1.0,0.1,2,2524,29,9,8,2,79,0.0558258749157114
new_cpp,1.0,0.1,2,2525,33,11,4,6,81,0.055554909425450244
new_cpp,1.0,0.1,2,2526,27,9,4,5,72,0.05119721125596761
new_cpp,1.0,0.1,2,2527,35,13,6,2,69,0.05380367529917711
new_cpp,1.0,0.1,2,2528,27,7,6,6,91,0.047360548547795665
new_cpp,1.0,0.1,2,2529,38,17,2,2,45,0.04410080265937016
new_cpp,1.0,0.1,2,2530,39,15,4,4,71,0.052139260877340624
new_cpp,1.0,0.1,2,2531,39,17,4,0,45,0.040077360307771724
new_cpp,1.0,0.1,2,2532,28,9,6,3,72,0.0500162408779102
new_cpp,1.0,0.1,2,2533,37,17,2,2,45,0.07041622694310828
new_cpp,1.0,0.1,2,2534,29,11,6,0,53,0.06850031210983551
new_cpp,1.0,0.1,2,2535,27,9,6,2,65,0.06465647927347296
new_cpp,1.0,0.1,2,2536,29,11,4,4,67,0.07010501625965934
new_cpp,1.0,0.1,2,2537,25,7,6,4,77,0.06865986505953107
new_cpp,1.0,0.1,2,2538,23,5,8,4,89,0.06027011680689549
new_cpp,1.0,0.1,2,2539,35,15,4,0,43,0.050151381318908735
new_cpp,1.0,0.1,2,2540,25,7,6,4,77,0.06425850647025397
new_cpp,1.0,0.1,2,2541,33,13,2,4,55,0.04526005474656528
new_cpp,1.0,0.1,2,2542,27,11,4,2,53,0.062026885940065876
new_cpp,1.0,0.1,2,2543,29,9,6,4,79,0.06719138256860571
new_cpp,1.0,0.1,2,2544,22,7,4,4,63,0.06456541930952593
new_cpp,1.0,0.1,2,2545,41,19,2,0,33,0.06627767494410206
new_cpp,1.0,0.1,2,2546,37,17,2,2,45,0.054649531928108216
new_cpp,1.0,0.1,2,2547,29,9,6,4,79,0.03598602241702345
new_cpp,1.0,0.1,2,2548,23,7,8,0,63,0.06027811221109202
new_cpp,1.0,0.1,2,2549,33,13,4,4,69,0.024783030623490528
new_cpp,1.0,0.1,2,2550,35,13,6,2,69,0.06477744427129176
new_cpp,1.0,0.1,2,2551,39,15,4,4,71,0.056646309498447435
new_cpp,1.0,0.1,2,2552,41,17,4,2,59,0.04656073281973203
new_cpp,1.0,0.1,2,2553,29,9,8,2,79,0.06042355592619404
new_cpp,1.0,0.1,2,2554,29,11,6,2,67,0.015580827446344118
new_cpp,1.0,0.1,2,2555,27,9,8,0,65,0.05063862368686478
new_cpp,1.0,0.1,2,2556,33,13,6,0,55,0.041871792743445865
new_cpp,1.0,0.1,2,2557,41,17,4,2,59,0.02750920152788747
new_cpp,1.0,0.1,2,2558,29,9,8,2,79,0.052646996860556246
new_cpp,1.0,0.1,2,2559,37,17,2,2,45,0.052393346709259415
new_cpp,1.0,0.1,2,2560,27,9,8,0,65,0.009461317626398557
new_cpp,1.0,0.1,2,2561,41,17,4,2,59,0.061640341216292235
new_cpp,1.0,0.1,2,2562,39,15,4,4,71,0.05013977087429073
new_cpp,1.0,0.1,2,2563,27,9,8,0,65,0.06723034444603324
new_cpp,1.0,0.1,2,2564,27,11,6,0,53,0.01762586589161827
new_cpp,1.0,0.1,2,2565,24,7,5,4,70,0.05090535043728847
new_cpp,1.0,0.1,2,2566,23,5,6,6,89,0.05622341892606524
new_cpp,1.0,0.1,2,2567,25,9,6,2,65,0.01229126111791854
new_cpp,1.0,0.1,2,2568,21,5,10,0,75,0.06325874799700118
new_cpp,1.0,0.1,2,2569,22,5,7,4,82,0.039482575186058994
new_cpp,1.0,0.1,2,2570,25,8,5,3,64,0.0325202426622857
new_cpp,1.0,0.1,2,2571,25,7,8,2,77,0.017057393754597572
new_cpp,1.0,0.1,2,2572,37,17,2,2,45,0.03919732714260915
new_cpp,1.0,0.1,2,2573,39,15,4,4,71,0.03748435316903462
new_cpp,1.0,0.1,2,2574,23,5,6,6,89,0.04111157193570905
new_cpp,1.0,0.1,2,2575,27,9,6,4,79,0.034568970478698016
new_cpp,1.0,0.1,2,2576,33,13,2,6,69,0.042231256724522596
new_cpp,1.0,0.1,2,2577,31,9,6,6,93,0.028187466085188535
new_cpp,1.0,0.1,2,2578,33,11,6,4,81,0.0429860998817967
new_cpp,1.0,0.1,2,2579,35,13,4,4,69,0.04272852231736968
new_cpp,1.0,0.1,2,2580,47,21,2,2,49,0.01907121799337961
new_cpp,1.0,0.1,2,2581,30,10,6,3,73,0.04238790700699528
new_cpp,1.0,0.1,2,2582,33,11,6,4,81,0.013164113819068906
new_cpp,1.0,0.1,2,2583,31,9,6,6,93,0.040733283489907075
new_cpp,1.0,0.1,2,2584,29,9,6,4,79,0.046199700851689014
new_cpp,1.0,0.1,2,2585,36,15,3,2,50,0.060244069992613794
new_cpp,1.0,0.1,2,2586,33,13,2,4,55,0.05597603374465621
new_cpp,1.0,0.1,2,2587,21,7,6,2,63,0.06101616730621769
new_cpp,1.0,0.1,2,2588,32,12,4,3,61,0.053687997847440425
new_cpp,1.0,0.1,2,2589,23,9,6,0,51,0.06113326125378768
new_cpp,1.0,0.1,2,2590,34,13,4,3,62,0.04148873299337653
new_cpp,1.0,0.1,2,2591,30,11,2,6,67,0.059510891012520446
new_cpp,1.0,0.1,2,2592,38,17,2,2,45,0.060602582440544256
new_cpp,1.0,0.1,2,2593,35,13,6,2,69,0.05842668092484531
new_cpp,1.0,0.1,2,2594,35,15,4,2,57,0.06018037806449792
new_cpp,1.0,0.1,2,2595,33,13,4,2,55,0.056994678308319766
new_cpp,1.0,0.1,2,2596,33,13,6,0,55,0.053094657013777045
new_cpp,1.0,0.1,2,2597,33,13,6,0,55,0.05038803498662776
new_cpp,1.0,0.1,2,2598,35,15,2,2,43,0.043454038083812006
new_cpp,1.0,0.1,2,2599,29,9,8,2,79,0.014981606557341279
new_cpp,1.0,0.1,2,2600,29,9,4,6,79,0.00867966495259395
new_cpp,1.0,0.1,2,2601,37,15,4,2,57,0.056224968473195906
new_cpp,1.0,0.1,2,2602,41,21,0,0,21,0.06312580856620933
new_cpp,1.0,0.1,2,2603,25,7,4,6,77,0.03531784544873129
new_cpp,1.0,0.1,2,2604,20,3,8,5,94,0.06778414898536965
new_cpp,1.0,0.1,2,2605,29,9,8,2,79,0.036524532083989245
new_cpp,1.0,0.1,2,2606,41,17,4,2,59,0.02925265636859139
new_cpp,1.0,0.1,2,2607,35,15,4,2,57,0.03911750791835588
new_cpp,1.0,0.1,2,2608,41,19,2,2,47,0.023298811295735782
new_cpp,1.0,0.1,2,2609,29,11,4,4,67,0.06352924914760458
new_cpp,1.0,0.1,2,2610,31,11,4,4,67,0.06299328930131129
new_cpp,1.0,0.1,2,2611,26,7,7,4,84,0.05767104362716161
new_cpp,1.0,0.1,2,2612,33,11,6,4,81,0.06620091545052408
new_cpp,1.0,0.1,2,2613,29,9,6,4,79,0.06678931934701791
new_cpp,1.0,0.1,2,2614,26,7,8,3,84,0.04774702411350156
new_cpp,1.0,0.1,2,2615,39,17,2,2,45,0.0269905781300707
new_cpp,1.0,0.1,2,2616,27,9,8,0,65,0.01901404308160116
new_cpp,1.0,0.1,2,2617,39,15,4,4,71,0.0457571929761235
new_cpp,1.0,0.1,2,2618,40,17,3,2,52,0.038010188869925875
new_cpp,1.0,0.1,2,2619,33,13,4,2,55,0.04879185525809007
new_cpp,1.0,0.1,2,2620,33,13,6,0,55,0.032266154286169774
new_cpp,1.0,0.1,2,2621,29,9,6,4,79,0.05630682432366991
new_cpp,1.0,0.1,2,2622,28,9,6,3,72,0.06415375540846452
new_cpp,1.0,0.1,2,2623,31,9,6,6,93,0.05063986513693877
new_cpp,1.0,0.1,2,2624,41,19,0,4,47,0.06454612845166079
new_cpp,1.0,0.1,2,2625,33,13,6,0,55,0.06223842695232251
new_cpp,1.0,0.1,2,2626,23,5,8,4,89,0.03221620999934976
new_cpp,1.0,0.1,2,2627,46,21,1,2,42,0.06545312000687216
new_cpp,1.0,0.1,2,2628,35,13,6,2,69,0.05605868960791593
new_cpp,1.0,0.1,2,2629,23,5,10,2,89,0.045290390865122196
new_cpp,1.0,0.1,2,2630,29,9,8,2,79,0.06638937494415068
new_cpp,1.0,0.1,2,2631,33,11,6,4,81,0.05396258070115233
new_cpp,1.0,0.1,2,2632,35,15,4,2,57,0.060717240317141784
new_cpp,1.0,0.1,2,2633,41,17,4,2,59,0.060123141546777684
new_cpp,1.0,0.1,2,2634,27,7,8,4,91,0.04489802054883882
new_cpp,1.0,0.1,2,2635,28,9,7,2,72,0.04979820702707337
new_cpp,1.0,0.1,2,2636,41,17,2,4,59,0.04146744634210656
new_cpp,1.0,0.1,2,2637,28,10,4,5,73,0.05060988371209318
new_cpp,1.0,0.1,2,2638,30,9,6,5,86,0.05591675727887135
new_cpp,1.0,0.1,2,2639,39,15,4,4,71,0.05204276740136831
new_cpp,1.0,0.1,2,2640,41,19,2,2,47,0.05094884387763468
new_cpp,1.0,0.1,2,2641,33,11,4,6,81,0.04529765371582984
new_cpp,1.0,0.1,2,2642,36,14,4,3,63,0.047795793853655934
new_cpp,1.0,0.1,2,2643,41,17,4,2,59,0.04383843126055327
new_cpp,1.0,0.1,2,2644,41,17,4,2,59,0.04031690089232454
new_cpp,1.0,0.1,2,2645,42,19,1,2,40,0.03711752985502491
new_cpp,1.0,0.1,2,2646,35,15,4,0,43,0.040239988605511874
new_cpp,1.0,0.1,2,2647,29,9,6,4,79,0.03485940083102687
new_cpp,1.0,0.1,2,2648,31,11,4,4,67,0.040305078361932145
new_cpp,1.0,0.1,2,2649,29,11,4,4,67,0.03941936443300782
new_cpp,1.0,0.1,2,2650,25,7,8,2,77,0.029791227802292788
new_cpp,1.0,0.1,2,2651,23,9,2,4,51,0.018857484922466028
new_cpp,1.0,0.1,2,2652,25,7,8,2,77,0.03656896555511378
new_cpp,1.0,0.1,2,2653,19,5,8,2,75,0.06262940759838519
new_cpp,1.0,0.1,2,2654,21,5,10,0,75,0.05166761453946104
new_cpp,1.0,0.1,2,2655,31,11,6,2,67,0.06387322072398516
new_cpp,1.0,0.1,2,2656,24,9,4,3,58,0.044233840025799095
new_cpp,1.0,0.1,2,2657,33,11,6,4,81,0.0389734341624507
new_cpp,1.0,0.1,2,2658,41,17,4,2,59,0.06407134717569112
new_cpp,1.0,0.1,2,2659,31,11,4,4,67,0.015143106589138219
new_cpp,1.0,0.1,2,2660,35,13,6,2,69,0.06315072912444515
new_cpp,1.0,0.1,2,2661,27,9,4,4,65,0.048276105049141316
new_cpp,1.0,0.1,2,2662,33,13,2,4,55,0.04040294777229423
new_cpp,1.0,0.1,2,2663,25,7,8,2,77,0.06592446090594933
new_cpp,1.0,0.1,2,2664,25,9,4,4,65,0.050454775059264045
new_cpp,1.0,0.1,2,2665,24,7,7,2,70,0.06937172377209719
new_cpp,1.0,0.1,2,2666,39,17,2,2,45,0.06816127111678456
new_cpp,1.0,0.1,2,2667,31,9,6,6,93,0.06346741624470036
new_cpp,1.0,0.1,2,2668,39,15,4,4,71,0.06431775171887863
new_cpp,1.0,0.1,2,2669,27,11,6,0,53,0.06776919583004391
new_cpp,1.0,0.1,2,2670,33,15,4,0,43,0.06595992797973242
new_cpp,1.0,0.1,2,2671,27,9,8,0,65,0.059483780877957464
new_cpp,1.0,0.1,2,2672,25,7,8,2,77,0.06262681445818356
new_cpp,1.0,0.1,2,2673,24,7,8,1,70,0.04404137184321522
new_cpp,1.0,0.1,2,2674,33,15,4,0,43,0.04394414727258814
new_cpp,1.0,0.1,2,2675,38,17,3,0,38,0.0373743358621896
new_cpp,1.0,0.1,2,2676,19,3,10,2,87,0.0402829474870411
new_cpp,1.0,0.1,2,2677,28,8,6,5,85,0.03796274127268064
new_cpp,1.0,0.1,2,2678,28,8,6,5,85,0.0341472148891663
new_cpp,1.0,0.1,2,2679,31,11,4,6,81,0.05232997422223746
new_cpp,1.0,0.1,2,2680,39,15,4,4,71,0.05319572105270275
new_cpp,1.0,0.1,2,2681,35,13,4,4,69,0.05970481133190214
new_cpp,1.0,0.1,2,2682,27,7,8,4,91,0.03394661647756921
new_cpp,1.0,0.1,2,2683,33,11,6,4,81,0.026136926646421765
new_cpp,1.0,0.1,2,2684,31,11,4,4,67,0.06017926139603816
new_cpp,1.0,0.1,2,2685,31,11,6,2,67,0.019888578208782176
new_cpp,1.0,0.1,2,2686,29,11,6,0,53,0.020179738498461892
new_cpp,1.0,0.1,2,2687,29,9,8,2,79,0.06702038207093919
new_cpp,1.0,0.1,2,2688,41,17,4,2,59,0.0670718281702794
new_cpp,1.0,0.1,2,2689,26,8,6,3,71,0.060308954313662004
new_cpp,1.0,0.1,2,2690,26,10,4,3,59,0.060056118112570056
new_cpp,1.0,0.1,2,2691,29,9,8,2,79,0.06306615154564475
new_cpp,1.0,0.1,2,2692,29,9,8,2,79,0.06360112646219278
new_cpp,1.0,0.1,2,2693,33,13,4,4,69,0.04026513876761874
new_cpp,1.0,0.1,2,2694,39,15,4,4,71,0.03281134836278039
new_cpp,1.0,0.1,2,2695,34,13,5,2,62,0.01740109086643057
new_cpp,1.0,0.1,2,2696,28,9,7,2,72,0.0377776260373443
new_cpp,1.0,0.1,2,2697,34,13,2,5,62,0.05764978598736611
new_cpp,1.0,0.1,2,2698,34,13,5,2,62,0.05670984930171453
new_cpp,1.0,0.1,2,2699,26,9,6,3,72,0.036069930069394567
new_cpp,1.0,0.1,2,2700,26,7,8,3,84,0.05121633456764495
new_cpp,1.0,0.1,2,2701,39,18,0,3,39,0.053316168467887344
new_cpp,1.0,0.1,2,2702,30,11,3,4,60,0.010659266985102556
new_cpp,1.0,0.1,2,2703,35,13,6,2,69,0.03155019352588424
new_cpp,1.0,0.1,2,2704,41,19,2,2,47,0.028426052277255878
new_cpp,1.0,0.1,2,2705,25,9,6,2,65,0.04273865009424562
new_cpp,1.0,0.1,2,2706,25,7,8,2,77,0.06124801929262795
new_cpp,1.0,0.1,2,2707,30,11,3,4,60,0.06550943876449297
new_cpp,1.0,0.1,2,2708,41,18,1,3,46,0.01784675104632521
new_cpp,1.0,0.1,2,2709,33,11,6,4,81,0.010440574028084222
new_cpp,1.0,0.1,2,2710,33,11,6,4,81,0.024882209161234996
new_cpp,1.0,0.1,2,2711,35,15,4,2,57,0.013560160001471446
new_cpp,1.0,0.1,2,2712,34,13,2,5,62,0.014628759815011324
new_cpp,1.0,0.1,2,2713,18,1,9,6,106,0.06860018239372169
new_cpp,1.0,0.1,2,2714,39,17,4,0,45,0.0635156196888603
new_cpp,1.0,0.1,2,2715,39,17,4,0,45,0.06473335842779926
new_cpp,1.0,0.1,2,2716,34,15,0,4,43,0.06110292534514719
new_cpp,1.0,0.1,2,2717,28,11,3,2,46,0.05935617207222089
new_cpp,1.0,0.1,2,2718,35,13,6,2,69,0.05650524901261652
new_cpp,1.0,0.1,2,2719,32,11,6,3,74,0.0585842575352972
new_cpp,1.0,0.1,2,2720,27,7,6,6,91,0.057366201278407886
new_cpp,1.0,0.1,2,2721,27,7,8,4,91,0.05387897250432271
new_cpp,1.0,0.1,2,2722,29,9,8,2,79,0.05781577365191799
new_cpp,1.0,0.1,2,2723,33,11,6,4,81,0.055771125928491316
new_cpp,1.0,0.1,2,2724,27,9,6,4,79,0.04779137160404512
new_cpp,1.0,0.1,2,2725,29,9,4,6,79,0.04070076510825504
new_cpp,1.0,0.1,2,2726,35,13,4,4,69,0.05263043242963259
new_cpp,1.0,0.1,2,2727,32,11,6,3,74,0.050303447887046146
new_cpp,1.0,0.1,2,2728,21,3,10,4,101,0.035557187416059864
new_cpp,1.0,0.1,2,2729,36,14,4,3,63,0.061870456568214396
new_cpp,1.0,0.1,2,2730,29,9,8,2,79,0.05611349222013578
new_cpp,1.0,0.1,2,2731,29,9,4,6,79,0.06458349669723114
new_cpp,1.0,0.1,2,2732,29,11,6,2,67,0.0647683622589685
new_cpp,1.0,0.1,2,2733,41,17,4,2,59,0.04768267642559233
new_cpp,1.0,0.1,2,2734,41,17,4,2,59,0.038158188522475836
new_cpp,1.0,0.1,2,2735,25,5,8,6,103,0.06359726441050602
new_cpp,1.0,0.1,2,2736,27,9,8,0,65,0.027412190038036948
new_cpp,1.0,0.1,2,2737,21,7,8,0,63,0.044172994376016676
new_cpp,1.0,0.1,2,2738,31,11,4,4,67,0.06250000918023102
new_cpp,1.0,0.1,2,2739,47,23,0,2,37,0.031026504676255392
new_cpp,1.0,0.1,2,2740,19,1,10,6,113,0.033105973032052045
new_cpp,1.0,0.1,2,2741,19,1,10,6,113,0.017688276458108197
new_cpp,1.0,0.1,2,2742,37,17,0,4,45,0.014897663782592545
new_cpp,1.0,0.1,2,2743,27,9,6,4,79,0.04433646661406683
new_cpp,1.0,0.1,2,2744,29,9,5,5,79,0.05878184514049608
new_cpp,1.0,0.1,2,2745,21,5,10,0,75,0.05535358872368742
new_cpp,1.0,0.1,2,2746,35,13,6,2,69,0.06029083333502819
new_cpp,1.0,0.1,2,2747,31,11,4,6,81,0.04644244015781201
new_cpp,1.0,0.1,2,2748,25,7,4,6,77,0.03288480857792612
new_cpp,1.0,0.1,2,2749,26,9,6,2,65,0.06212326877164046
new_cpp,1.0,0.1,2,2750,27,9,4,4,65,0.06211051879614354
new_cpp,1.0,0.1,2,2751,31,11,6,2,67,0.010727330700322533
new_cpp,1.0,0.1,2,2752,27,11,6,0,53,0.05961666144957333
new_cpp,1.0,0.1,2,2753,31,11,6,2,67,0.054638441898327346
new_cpp,1.0,0.1,2,2754,39,19,2,0,33,0.06229091204843697
new_cpp,1.0,0.1,2,2755,33,15,4,0,43,0.04939573371802403
new_cpp,1.0,0.1,2,2756,30,13,4,0,41,0.06277600259406876
new_cpp,1.0,0.1,2,2757,33,13,6,0,55,0.047990307761626015
new_cpp,1.0,0.1,2,2758,38,17,3,0,38,0.04050806710378002
new_cpp,1.0,0.1,2,2759,33,13,6,0,55,0.06442121225254391
new_cpp,1.0,0.1,2,2760,35,13,4,4,69,0.034020188049621945
new_cpp,1.0,0.1,2,2761,30,9,6,5,86,0.06507956109141151
new_cpp,1.0,0.1,2,2762,33,11,6,4,81,0.03438123848240995
new_cpp,1.0,0.1,2,2763,38,17,2,2,45,0.02996124271331664
new_cpp,1.0,0.1,2,2764,31,13,4,2,55,0.06546659235067975
new_cpp,1.0,0.1,2,2765,25,9,6,2,65,0.011786804646389818
new_cpp,1.0,0.1,2,2766,29,11,4,4,67,0.06258716186935823
new_cpp,1.0,0.1,2,2767,35,15,4,0,43,0.06353696283224083
new_cpp,1.0,0.1,2,2768,32,13,3,2,48,0.05540541760911506
new_cpp,1.0,0.1,2,2769,31,11,6,2,67,0.06697809010846074
new_cpp,1.0,0.1,2,2770,35,15,4,0,43,0.067552917375425
new_cpp,1.0,0.1,2,2771,25,7,6,4,77,0.05193090307671139
new_cpp,1.0,0.1,2,2772,22,5,7,4,82,0.03737012325063228
new_cpp,1.0,0.1,2,2773,22,5,8,3,82,0.06752492504540832
new_cpp,1.0,0.1,2,2774,35,13,6,2,69,0.06180313187674958
new_cpp,1.0,0.1,2,2775,27,9,6,4,79,0.05646043318090538
new_cpp,1.0,0.1,2,2776,33,11,6,4,81,0.06476067457627127
new_cpp,1.0,0.1,2,2777,35,13,4,4,69,0.05093184888726104
new_cpp,1.0,0.1,2,2778,38,15,4,3,64,0.06531128489790024
new_cpp,1.0,0.1,2,2779,44,19,2,3,54,0.04945941947710141
new_cpp,1.0,0.1,2,2780,33,11,6,4,81,0.04166247203509299
new_cpp,1.0,0.1,2,2781,33,11,6,4,81,0.06725426738711236
new_cpp,1.0,0.1,2,2782,25,8,4,5,71,0.03493853843223217
new_cpp,1.0,0.1,2,2783,39,15,4,4,71,0.0681169800290816
new_cpp,1.0,0.1,2,2784,41,17,4,2,59,0.03783980783672218
new_cpp,1.0,0.1,2,2785,33,11,6,4,81,0.0334055049313784
new_cpp,1.0,0.1,2,2786,41,17,4,2,59,0.06891810398134807
new_cpp,1.0,0.1,2,2787,41,17,2,4,59,0.011958277078190853
new_cpp,1.0,0.1,2,2788,33,13,6,0,55,0.04751350140517672
new_cpp,1.0,0.1,2,2789,41,17,4,2,59,0.04121859693142436
new_cpp,1.0,0.1,2,2790,41,19,2,2,47,0.0497989775138614
new_cpp,1.0,0.1,2,2791,34,13,3,4,62,0.04607017887343747
new_cpp,1.0,0.1,2,2792,41,17,4,2,59,0.05035435330665523
new_cpp,1.0,0.1,2,2793,25,7,8,2,77,0.05087176072989124
new_cpp,1.0,0.1,2,2794,19,3,10,2,87,0.05265188182869422
new_cpp,1.0,0.1,2,2795,22,5,6,5,82,0.048611790719961814
new_cpp,1.0,0.1,2,2796,32,11,3,6,74,0.054853055929219505
new_cpp,1.0,0.1,2,2797,29,9,8,2,79,0.04278854516814432
new_cpp,1.0,0.1,2,2798,35,13,6,2,69,0.03593062357461475
new_cpp,1.0,0.1,2,2799,29,11,6,2,67,0.055639981845299835
new_cpp,1.0,0.1,2,2800,39,17,4,0,45,0.029787844299567236
new_cpp,1.0,0.1,2,2801,30,11,5,2,60,0.05568867030555957
new_cpp,1.0,0.1,2,2802,38,15,4,3,64,0.027159315497912995
new_cpp,1.0,0.1,2,2803,41,19,0,4,47,0.055620362392299214
new_cpp,1.0,0.1,2,2804,41,17,4,2,59,0.05000803535870997
new_cpp,1.0,0.1,2,2805,33,11,6,4,81,0.03931332579378466
new_cpp,1.0,0.1,2,2806,33,11,6,4,81,0.03263348500796215
new_cpp,1.0,0.1,2,2807,35,13,6,2,69,0.05028416042320783
new_cpp,1.0,0.1,2,2808,18,6,4,3,55,0.05144706410731727
new_cpp,1.0,0.1,2,2809,30,9,6,5,86,0.04888506842741246
new_cpp,1.0,0.1,2,2810,27,9,6,4,79,0.053509865192856325
new_cpp,1.0,0.1,2,2811,19,5,6,4,75,0.04378676109657407
new_cpp,1.0,0.1,2,2812,27,9,6,4,79,0.05582441865958062
new_cpp,1.0,0.1,2,2813,32,13,5,0,48,0.05774472759854029
new_cpp,1.0,0.1,2,2814,33,13,6,0,55,0.02778162763398329
new_cpp,1.0,0.1,2,2815,31,11,6,2,67,0.05359618928635125
new_cpp,1.0,0.1,2,2816,43,19,2,2,47,0.057804759593139285
new_cpp,1.0,0.1,2,2817,38,16,2,3,51,0.05002132881363726
new_cpp,1.0,0.1,2,2818,26,7,4,7,84,0.05844825820016597
new_cpp,1.0,0.1,2,2819,26,8,6,3,71,0.058426832148250334
new_cpp,1.0,0.1,2,2820,26,9,4,5,72,0.04700029780024538
new_cpp,1.0,0.1,2,2821,31,11,6,2,67,0.033743366288057186
new_cpp,1.0,0.1,2,2822,31,13,4,2,55,0.05639179207653555
new_cpp,1.0,0.1,2,2823,27,7,8,4,91,0.04537974054660887
new_cpp,1.0,0.1,2,2824,33,13,4,4,69,0.03585565135338738
new_cpp,1.0,0.1,2,2825,27,11,6,0,53,0.02280030136229633
new_cpp,1.0,0.1,2,2826,33,13,6,0,55,0.044428832641403945
new_cpp,1.0,0.1,2,2827,33,11,6,4,81,0.03998023138257219
new_cpp,1.0,0.1,2,2828,35,13,6,2,69,0.04113291957864899
new_cpp,1.0,0.1,2,2829,29,9,8,2,79,0.03826715964544617
new_cpp,1.0,0.1,2,2830,29,9,6,4,79,0.04192769306727488
new_cpp,1.0,0.1,2,2831,32,13,4,2,55,0.03320770422245917
new_cpp,1.0,0.1,2,2832,41,19,2,2,47,0.026495181479474807
new_cpp,1.0,0.1,2,2833,35,13,6,2,69,0.0413011909255063
new_cpp,1.0,0.1,2,2834,24,7,6,4,77,0.01972528955095152
new_cpp,1.0,0.1,2,2835,31,9,6,6,93,0.040254469861584735
new_cpp,1.0,0.1,2,2836,27,9,6,4,79,0.016459939274201685
new_cpp,1.0,0.1,2,2837,26,7,8,3,84,0.03976542786573498
new_cpp,1.0,0.1,2,2838,35,13,6,2,69,0.04707778313912494
new_cpp,1.0,0.1,2,2839,24,5,7,6,96,0.03615534429017091
new_cpp,1.0,0.1,2,2840,35,13,6,2,69,0.05281355576658331
new_cpp,1.0,0.1,2,2841,41,17,4,2,59,0.05491208329057148
new_cpp,1.0,0.1,2,2842,35,13,6,2,69,0.015164762714146112
new_cpp,1.0,0.1,2,2843,31,11,6,2,67,0.06916709401562557
new_cpp,1.0,0.1,2,2844,31,11,6,2,67,0.06693408736618146
new_cpp,1.0,0.1,2,2845,39,17,4,0,45,0.06884489225804284
new_cpp,1.0,0.1,2,2846,29,11,4,2,53,0.06412709978104761
new_cpp,1.0,0.1,2,2847,29,9,8,2,79,0.06824650731809297
new_cpp,1.0,0.1,2,2848,27,7,8,4,91,0.06211411770357213
new_cpp,1.0,0.1,2,2849,33,13,4,4,69,0.057191494741579876
new_cpp,1.0,0.1,2,2850,35,13,6,2,69,0.06628505589099083
new_cpp,1.0,0.1,2,2851,33,13,6,0,55,0.06173927370319042
new_cpp,1.0,0.1,2,2852,33,15,4,0,43,0.047467405100642526
new_cpp,1.0,0.1,2,2853,20,5,6,4,75,0.06294552520691904
new_cpp,1.0,0.1,2,2854,25,7,8,2,77,0.06335716095405537
new_cpp,1.0,0.1,2,2855,21,7,8,0,63,0.05574485731525712
new_cpp,1.0,0.1,2,2856,27,11,4,2,53,0.05095868086495373
new_cpp,1.0,0.1,2,2857,29,9,8,2,79,0.023668011430683773
new_cpp,1.0,0.1,2,2858,35,13,6,2,69,0.02213160527139736
new_cpp,1.0,0.1,2,2859,38,17,2,2,45,0.017157705007921364
new_cpp,1.0,0.1,2,2860,29,11,4,2,53,0.0364332688370574
new_cpp,1.0,0.1,2,2861,31,11,6,2,67,0.03836631715706323
new_cpp,1.0,0.1,2,2862,40,19,0,2,33,0.036703594769686015
new_cpp,1.0,0.1,2,2863,43,19,2,2,47,0.034008733975386216
new_cpp,1.0,0.1,2,2864,24,5,8,5,96,0.06503065902545867
new_cpp,1.0,0.1,2,2865,30,11,4,4,67,0.0656696818677409
new_cpp,1.0,0.1,2,2866,31,11,4,6,81,0.06569390534898908
new_cpp,1.0,0.1,2,2867,28,7,6,7,98,0.06421168447275125
new_cpp,1.0,0.1,2,2868,23,5,10,2,89,0.0656300887236749
new_cpp,1.0,0.1,2,2869,33,11,6,4,81,0.06385056496670645
new_cpp,1.0,0.1,2,2870,33,11,6,4,81,0.06321832192200634
new_cpp,1.0,0.1,2,2871,29,9,8,2,79,0.06545978046667277
new_cpp,1.0,0.1,2,2872,24,7,6,5,84,0.06489965215249448
new_cpp,1.0,0.1,2,2873,29,11,6,2,67,0.061761719078692115
new_cpp,1.0,0.1,2,2874,29,9,8,2,79,0.059539560786087437
new_cpp,1.0,0.1,2,2875,29,9,8,2,79,0.05219714279687244
new_cpp,1.0,0.1,2,2876,23,5,6,6,89,0.029031926351673953
new_cpp,1.0,0.1,2,2877,33,13,6,0,55,0.029615777440518264
new_cpp,1.0,0.1,2,2878,37,15,4,2,57,0.0277140036724644
new_cpp,1.0,0.1,2,2879,29,11,6,2,67,0.02917036279651315
new_cpp,1.0,0.1,2,2880,20,5,8,3,82,0.023975837528261424
new_cpp,1.0,0.1,2,2881,25,5,8,6,103,0.05579839482547366
new_cpp,1.0,0.1,2,2882,27,7,8,4,91,0.04610859221453931
new_cpp,1.0,0.1,2,2883,32,11,5,4,74,0.028839947649697276
new_cpp,1.0,0.1,2,2884,39,15,4,4,71,0.02275539887153393
new_cpp,1.0,0.1,2,2885,47,21,2,2,49,0.014416575473757446
new_cpp,1.0,0.1,2,2886,35,15,4,2,57,0.026245248287545042
new_cpp,1.0,0.1,2,2887,21,3,8,6,101,0.03159148079660399
new_cpp,1.0,0.1,2,2888,25,9,6,2,65,0.058757146568664376
new_cpp,1.0,0.1,2,2889,33,13,3,3,55,0.034572215152680684
new_cpp,1.0,0.1,2,2890,26,9,6,1,58,0.03453570072000816
new_cpp,1.0,0.1,2,2891,31,15,0,2,29,0.03177667006063645
new_cpp,1.0,0.1,2,2892,25,7,8,2,77,0.031303710688244966
new_cpp,1.0,0.1,2,2893,29,13,4,0,41,0.028764127597993277
new_cpp,1.0,0.1,2,2894,35,13,4,4,69,0.02943967581001036
new_cpp,1.0,0.1,2,2895,32,11,6,3,74,0.05599473028795988
new_cpp,1.0,0.1,2,2896,35,13,6,2,69,0.05564722878922752
new_cpp,1.0,0.1,2,2897,39,15,4,4,71,0.05495416173689615
new_cpp,1.0,0.1,2,2898,33,11,6,4,81,0.05576199326307732
new_cpp,1.0,0.1,2,2899,27,7,6,6,91,0.0525946047336751
new_cpp,1.0,0.1,2,2900,38,15,4,3,64,0.05432138168368683
new_cpp,1.0,0.1,2,2901,32,11,6,3,74,0.050722706476878446
new_cpp,1.0,0.1,2,2902,25,7,6,6,91,0.052991105533274505
new_cpp,1.0,0.1,2,2903,34,13,5,2,62,0.04929564340679686
new_cpp,1.0,0.1,2,2904,27,7,6,6,91,0.04582156790338239
new_cpp,1.0,0.1,2,2905,39,17,4,0,45,0.05452660484442874
new_cpp,1.0,0.1,2,2906,33,13,6,0,55,0.054014611265245996
new_cpp,1.0,0.1,2,2907,28,11,4,2,53,0.053197498670927934
new_cpp,1.0,0.1,2,2908,33,13,6,0,55,0.05438833417275393
new_cpp,1.0,0.1,2,2909,33,13,6,0,55,0.05055320763873314
new_cpp,1.0,0.1,2,2910,32,12,4,3,61,0.053104454865910325
new_cpp,1.0,0.1,2,2911,41,17,4,2,59,0.04848996929506528
new_cpp,1.0,0.1,2,2912,39,15,4,4,71,0.051848607211727044
new_cpp,1.0,0.1,2,2913,27,11,6,0,53,0.04906827629316722
new_cpp,1.0,0.1,2,2914,25,9,6,2,65,0.044266804485679205
new_cpp,1.0,0.1,2,2915,41,17,4,2,59,0.04827899004963181
new_cpp,1.0,0.1,2,2916,36,15,1,4,50,0.04309896330372703
new_cpp,1.0,0.1,2,2917,33,11,6,4,81,0.03919726575274291
new_cpp,1.0,0.1,2,2918,27,7,8,4,91,0.0456323405970648
new_cpp,1.0,0.1,2,2919,34,15,1,2,36,0.04397195963068776
new_cpp,1.0,0.1,2,2920,33,13,6,0,55,0.036729391227690075
new_cpp,1.0,0.1,2,2921,37,17,2,2,45,0.019922868719138186
new_cpp,1.0,0.1,2,2922,31,11,6,2,67,0.019148640120334338
new_cpp,1.0,0.1,2,2923,32,11,5,4,74,0.04111018445065421
new_cpp,1.0,0.1,2,2924,37,15,2,4,57,0.04575825338730113
new_cpp,1.0,0.1,2,2925,32,11,6,3,74,0.03694352732848583
new_cpp,1.0,0.1,2,2926,32,11,4,5,74,0.04540167846872819
new_cpp,1.0,0.1,2,2927,27,7,8,4,91,0.03318460313458223
new_cpp,1.0,0.1,2,2928,27,9,6,4,79,0.04459556028250421
new_cpp,1.0,0.1,2,2929,21,7,8,0,63,0.06777505829319679
new_cpp,1.0,0.1,2,2930,29,11,4,4,67,0.06852417598048188
new_cpp,1.0,0.1,2,2931,31,13,4,2,55,0.0666276962341369
new_cpp,1.0,0.1,2,2932,27,9,8,0,65,0.06909103575978519
new_cpp,1.0,0.1,2,2933,29,9,6,4,79,0.06218899093755419
new_cpp,1.0,0.1,2,2934,37,15,3,3,57,0.06920828255893355
new_cpp,1.0,0.1,2,2935,25,9,4,4,65,0.06139034004987063
new_cpp,1.0,0.1,2,2936,36,15,2,5,64,0.06907776633702949
new_cpp,1.0,0.1,2,2937,39,17,4,0,45,0.06807161180207726
new_cpp,1.0,0.1,2,2938,32,13,5,0,48,0.05722764251965479
new_cpp,1.0,0.1,2,2939,33,15,4,0,43,0.05386450617129729
new_cpp,1.0,0.1,2,2940,37,17,2,2,45,0.06702494639898421
new_cpp,1.0,0.1,2,2941,26,9,7,0,58,0.04123966104260435
new_cpp,1.0,0.1,2,2942,27,9,8,0,65,0.03902333898782222
new_cpp,1.0,0.1,2,2943,29,9,8,2,79,0.03681549072549349
new_cpp,1.0,0.1,2,2944,27,9,6,4,79,0.04201768870657914
new_cpp,1.0,0.1,2,2945,31,13,2,4,55,0.03588513699698086
new_cpp,1.0,0.1,2,2946,31,11,6,2,67,0.04217223060172039
new_cpp,1.0,0.1,2,2947,45,21,2,0,35,0.06416301096629114
new_cpp,1.0,0.1,2,2948,27,9,8,0,65,0.04571113734640702
new_cpp,1.0,0.1,2,2949,33,13,6,0,55,0.030512132020791585
new_cpp,1.0,0.1,2,2950,33,13,6,0,55,0.042160662843314434
new_cpp,1.0,0.1,2,2951,39,19,0,2,33,0.04492263821609131
new_cpp,1.0,0.1,2,2952,27,9,6,2,65,0.049408120828577234
new_cpp,1.0,0.1,2,2953,41,19,2,2,47,0.0545789016098024
new_cpp,1.0,0.1,2,2954,29,11,6,2,67,0.031069766499717686
new_cpp,1.0,0.1,2,2955,29,9,6,4,79,0.05556033146429104
new_cpp,1.0,0.1,2,2956,35,15,4,2,57,0.02282721449759983
new_cpp,1.0,0.1,2,2957,35,15,0,6,57,0.06211880365620484
new_cpp,1.0,0.1,2,2958,24,5,8,5,96,0.03998930756072349
new_cpp,1.0,0.1,2,2959,28,9,7,2,72,0.04215787886265905
new_cpp,1.0,0.1,2,2960,28,9,4,5,72,0.04639072395803244
new_cpp,1.0,0.1,2,2961,47,21,2,2,49,0.0490210016046528
new_cpp,1.0,0.1,2,2962,41,17,4,2,59,0.037000498426033625
new_cpp,1.0,0.1,2,2963,29,9,8,2,79,0.05098045623361583
new_cpp,1.0,0.1,2,2964,41,17,4,2,59,0.02855451216420468
new_cpp,1.0,0.1,2,2965,35,13,6,2,69,0.05172592238457806
new_cpp,1.0,0.1,2,2966,28,9,7,2,72,0.020065923827469724
new_cpp,1.0,0.1,2,2967,29,9,6,4,79,0.04836649896946104
new_cpp,1.0,0.1,2,2968,29,11,6,2,67,0.053258304452359094
new_cpp,1.0,0.1,2,2969,32,11,4,5,74,0.05927254001062414
new_cpp,1.0,0.1,2,2970,39,15,4,4,71,0.03387495062086979
new_cpp,1.0,0.1,2,2971,27,9,6,4,79,0.06057750730399994
new_cpp,1.0,0.1,2,2972,31,9,6,6,93,0.025592130637621554
new_cpp,1.0,0.1,2,2973,24,5,8,5,96,0.05017923885439956
new_cpp,1.0,0.1,2,2974,29,9,8,2,79,0.05534791091766621
new_cpp,1.0,0.1,2,2975,34,15,2,2,43,0.058859100116712165
new_cpp,1.0,0.1,2,2976,31,11,6,2,67,0.04426808162725073
new_cpp,1.0,0.1,2,2977,27,7,8,4,91,0.06189478732336592
new_cpp,1.0,0.1,2,2978,29,9,6,4,79,0.03514773990353328
new_cpp,1.0,0.1,2,2979,23,7,6,2,63,0.06339475445493475
new_cpp,1.0,0.1,2,2980,25,7,8,2,77,0.026669808559334006
new_cpp,1.0,0.1,2,2981,39,19,2,0,33,0.04960694496929357
new_cpp,1.0,0.1,2,2982,36,15,4,1,50,0.044628111277637675
new_cpp,1.0,0.1,2,2983,24,7,8,1,70,0.029195678025559092
new_cpp,1.0,0.1,2,2984,14,1,8,3,78,0.05554377330716699
new_cpp,1.0,0.1,2,2985,28,10,4,5,73,0.019444133087999436
new_cpp,1.0,0.1,2,2986,41,17,4,2,59,0.05677384362440237
new_cpp,1.0,0.1,2,2987,32,11,5,4,74,0.06183801322975927
new_cpp,1.0,0.1,2,2988,41,17,4,2,59,0.06518471941934946
new_cpp,1.0,0.1,2,2989,38,15,4,3,64,0.045994046223635364
new_cpp,1.0,0.1,2,2990,41,17,4,2,59,0.06433072807762588
new_cpp,1.0,0.1,2,2991,41,17,4,2,59,0.03398319693615028
new_cpp,1.0,0.1,2,2992,35,13,6,2,69,0.030473965224188094
new_cpp,1.0,0.1,2,2993,35,15,4,2,57,0.06182432981774575
new_cpp,1.0,0.1,2,2994,41,17,4,2,59,0.035274901764625055
new_cpp,1.0,0.1,2,2995,22,6,6,5,83,0.015685831903241767
new_cpp,1.0,0.1,2,2996,33,13,4,4,69,0.036365587732962355
new_cpp,1.0,0.1,2,2997,28,9,7,2,72,0.06543031632643091
new_cpp,1.0,0.1,2,2998,27,7,8,4,91,0.06195254908558609
new_cpp,1.0,0.1,2,2999,39,17,2,2,45,0.06483951401888137
new_cpp,1.0,0.1,2,3000,37,15,4,2,57,0.045781976711476845
new_cpp,1.0,0.1,2,3001,33,11,6,4,81,0.030773976177211296
new_cpp,1.0,0.1,2,3002,29,9,4,6,79,0.03439123754472384
new_cpp,1.0,0.1,2,3003,28,11,4,3,60,0.03483062270929484
new_cpp,1.0,0.1,2,3004,39,17,2,2,45,0.06244718793024768
new_cpp,1.0,0.1,2,3005,27,11,6,0,53,0.03698994063011788
new_cpp,1.0,0.1,2,3006,27,11,6,0,53,0.015700961275281235
new_cpp,1.0,0.1,2,3007,27,7,8,4,91,0.0626572944120702
new_cpp,1.0,0.1,2,3008,29,11,6,2,67,0.0596889005575857
new_cpp,1.0,0.1,2,3009,31,11,6,2,67,0.06081882711827379
new_cpp,1.0,0.1,2,3010,45,21,2,0,35,0.044392330393974805
new_cpp,1.0,0.1,2,3011,39,17,4,0,45,0.025552460701231263
new_cpp,1.0,0.1,2,3012,32,12,4,3,61,0.02908896474046165
new_cpp,1.0,0.1,2,3013,31,11,4,4,67,0.03085174378420927
new_cpp,1.0,0.1,2,3014,41,17,4,2,59,0.005678651794895718
new_cpp,1.0,0.1,2,3015,29,9,6,4,79,0.05915214702403141
new_cpp,1.0,0.1,2,3016,38,17,2,2,45,0.0568030919314175
new_cpp,1.0,0.1,2,3017,41,17,4,2,59,0.05861063900861324
new_cpp,1.0,0.1,2,3018,39,15,4,4,71,0.05116689624402963
new_cpp,1.0,0.1,2,3019,25,7,6,6,91,0.04644605455685349
new_cpp,1.0,0.1,2,3020,23,5,6,6,89,0.057133685689662456
new_cpp,1.0,0.1,2,3021,27,9,6,4,79,0.055689738505068656
new_cpp,1.0,0.1,2,3022,27,9,6,4,79,0.0424867992768907
new_cpp,1.0,0.1,2,3023,40,17,3,2,52,0.017187968430169242
new_cpp,1.0,0.1,2,3024,35,13,6,2,69,0.02098474255678672
new_cpp,1.0,0.1,2,3025,27,9,6,4,79,0.02211710276267421
new_cpp,1.0,0.1,2,3026,27,7,8,4,91,0.009451397085389203
new_cpp,1.0,0.1,2,3027,32,13,4,2,55,0.03215084859456818
new_cpp,1.0,0.1,2,3028,29,9,8,2,79,0.051821516873832414
new_cpp,1.0,0.1,2,3029,20,3,6,7,94,0.05711893480963982
new_cpp,1.0,0.1,2,3030,41,17,4,2,59,0.06138010054138626
new_cpp,1.0,0.1,2,3031,27,7,8,4,91,0.05040585588524789
new_cpp,1.0,0.1,2,3032,41,19,2,2,47,0.06271981337260302
new_cpp,1.0,0.1,2,3033,33,11,6,4,81,0.03747054879474894
new_cpp,1.0,0.1,2,3034,35,13,6,2,69,0.06170052484634991
new_cpp,1.0,0.1,2,3035,31,9,6,6,93,0.025584583194837272
new_cpp,1.0,0.1,2,3036,39,15,4,4,71,0.019644230486817228
new_cpp,1.0,0.1,2,3037,27,7,8,4,91,0.012617389471569717
new_cpp,1.0,0.1,2,3038,21,4,7,5,88,0.02790347764222078
new_cpp,1.0,0.1,2,3039,29,11,6,2,67,0.059522007431182106
new_cpp,1.0,0.1,2,3040,41,17,4,2,59,0.02192712962416594
new_cpp,1.0,0.1,2,3041,33,13,6,0,55,0.05663096425555317
new_cpp,1.0,0.1,2,3042,31,11,6,2,67,0.05471688508927094
new_cpp,1.0,0.1,2,3043,38,17,3,0,38,0.04489285793403662
new_cpp,1.0,0.1,2,3044,29,9,6,4,79,0.05368017517447529
new_cpp,1.0,0.1,2,3045,18,1,10,5,106,0.006989377672808003
new_cpp,1.0,0.1,2,3046,17,1,9,5,99,0.01273792600581551
new_cpp,1.0,0.1,2,3047,31,9,6,6,93,0.042037985952193865
new_cpp,1.0,0.1,2,3048,33,11,6,4,81,0.03535116871581198
new_cpp,1.0,0.1,2,3049,23,5,10,2,89,0.050018423955601174
new_cpp,1.0,0.1,2,3050,29,9,6,4,79,0.04333207608404655
new_cpp,1.0,0.1,2,3051,21,3,10,4,101,0.03766876920642716
new_cpp,1.0,0.1,2,3052,22,5,9,2,82,0.053459435763606934
new_cpp,1.0,0.1,2,3053,23,7,8,2,77,0.04804342827539687
new_cpp,1.0,0.1,2,3054,35,13,6,2,69,0.04759900328371642
new_cpp,1.0,0.1,2,3055,31,11,4,4,67,0.04547271676960768
new_cpp,1.0,0.1,2,3056,32,11,6,3,74,0.04416451046267185
new_cpp,1.0,0.1,2,3057,33,11,6,4,81,0.03845139276277268
new_cpp,1.0,0.1,2,3058,23,5,10,2,89,0.0357244152603731
new_cpp,1.0,0.1,2,3059,31,11,6,2,67,0.055935095283153234
new_cpp,1.0,0.1,2,3060,37,15,4,2,57,0.05951911400077268
new_cpp,1.0,0.1,2,3061,31,11,6,2,67,0.06151061394500196
new_cpp,1.0,0.1,2,3062,31,11,6,2,67,0.05091261801515998
new_cpp,1.0,0.1,2,3063,34,13,4,3,62,0.06230445714922827
new_cpp,1.0,0.1,2,3064,31,11,6,2,67,0.04052938744201334
new_cpp,1.0,0.1,2,3065,37,15,4,2,57,0.060644325683411895
new_cpp,1.0,0.1,2,3066,29,9,6,4,79,0.015718115301367033
new_cpp,1.0,0.1,2,3067,21,7,4,4,63,0.06977019888849467
new_cpp,1.0,0.1,2,3068,23,5,8,4,89,0.06834906209530138
new_cpp,1.0,0.1,2,3069,29,11,4,4,67,0.06760481226140283
new_cpp,1.0,0.1,2,3070,23,7,8,0,63,0.06417079263484345
new_cpp,1.0,0.1,2,3071,31,11,6,2,67,0.062023754279612514
new_cpp,1.0,0.1,2,3072,37,15,4,2,57,0.06624541585024094
new_cpp,1.0,0.1,2,3073,23,7,8,0,63,0.057906732935510186
new_cpp,1.0,0.1,2,3074,31,11,6,2,67,0.06349045458083352
new_cpp,1.0,0.1,2,3075,37,15,4,2,57,0.051161807411516005
new_cpp,1.0,0.1,2,3076,29,11,4,4,67,0.058844058989790886
new_cpp,1.0,0.1,2,3077,27,7,8,4,91,0.02762076068471959
new_cpp,1.0,0.1,2,3078,29,9,8,2,79,0.031333842637439636
new_cpp,1.0,0.1,2,3079,21,3,10,4,101,0.017106257130789698
new_cpp,1.0,0.1,2,3080,29,9,8,2,79,0.02994207612984842
new_cpp,1.0,0.1,2,3081,39,15,4,4,71,0.014416948707652515
new_cpp,1.0,0.1,2,3082,35,13,4,4,69,0.02940337108079483
new_cpp,1.0,0.1,2,3083,27,7,8,4,91,0.035940524441851515
new_cpp,1.0,0.1,2,3084,26,7,7,4,84,0.04536600584483231
new_cpp,1.0,0.1,2,3085,26,7,6,5,84,0.018439618574097788
new_cpp,1.0,0.1,2,3086,22,5,9,2,82,0.04954000495630198
new_cpp,1.0,0.1,2,3087,47,21,2,2,49,0.01375548511900243
new_cpp,1.0,0.1,2,3088,41,17,4,2,59,0.049882591535857626
new_cpp,1.0,0.1,2,3089,31,11,6,2,67,0.05933266280925094
new_cpp,1.0,0.1,2,3090,26,11,4,1,46,0.05818497375179287
new_cpp,1.0,0.1,2,3091,25,9,6,2,65,0.056416403627221966
new_cpp,1.0,0.1,2,3092,35,13,4,4,69,0.05358984767975864
new_cpp,1.0,0.1,2,3093,31,11,6,2,67,0.04628628714807548
new_cpp,1.0,0.1,2,3094,27,9,6,2,65,0.05107042459659963
new_cpp,1.0,0.1,2,3095,15,1,8,4,85,0.04841420930060396
new_cpp,1.0,0.1,2,3096,15,1,8,4,85,0.026319498323524267
new_cpp,1.0,0.1,2,3097,19,5,6,2,61,0.054825054042483695
new_cpp,1.0,0.1,2,3098,29,9,6,4,79,0.04764352220978152
new_cpp,1.0,0.1,2,3099,35,13,4,4,69,0.055321895736496894
new_cpp,1.0,0.1,2,3100,35,15,2,2,43,0.036932451008178165
new_cpp,1.0,0.1,2,3101,31,11,6,2,67,0.03115678342832586
new_cpp,1.0,0.1,2,3102,21,5,8,2,75,0.05478022343489716
new_cpp,1.0,0.1,2,3103,35,17,2,0,31,0.017017326714584703
new_cpp,1.0,0.1,2,3104,31,11,6,2,67,0.05320577929794994
new_cpp,1.0,0.1,2,3105,30,11,5,2,60,0.06165845768653919
new_cpp,1.0,0.1,2,3106,31,11,4,4,67,0.04719260673787547
new_cpp,1.0,0.1,2,3107,29,13,2,2,41,0.06636219493758574
new_cpp,1.0,0.1,2,3108,18,2,8,5,93,0.02781713400227629
new_cpp,1.0,0.1,2,3109,27,11,2,4,53,0.013798724572812626
new_cpp,1.0,0.1,2,3110,35,13,4,4,69,0.06733816903527982
new_cpp,1.0,0.1,2,3111,37,17,2,2,45,0.03481172856589989
new_cpp,1.0,0.1,2,3112,27,9,6,2,65,0.049223099506193496
new_cpp,1.0,0.1,2,3113,29,9,6,4,79,0.03851090816207528
new_cpp,1.0,0.1,2,3114,35,17,2,0,31,0.05407426822854028
new_cpp,1.0,0.1,2,3115,23,5,6,6,89,0.035159185274788556
new_cpp,1.0,0.1,2,3116,31,13,4,2,55,0.02096147355620084
new_cpp,1.0,0.1,2,3117,39,17,4,0,45,0.06641210603852067
new_cpp,1.0,0.1,2,3118,31,11,6,2,67,0.0629392713854288
new_cpp,1.0,0.1,2,3119,22,5,8,3,82,0.06668410398065489
new_cpp,1.0,0.1,2,3120,21,7,8,0,63,0.05119644773965534
new_cpp,1.0,0.1,2,3121,37,17,2,2,45,0.046984632934211186
new_cpp,1.0,0.1,2,3122,39,19,2,0,33,0.06591867198354245
new_cpp,1.0,0.1,2,3123,31,13,4,2,55,0.028114423291602523
new_cpp,1.0,0.1,2,3124,25,7,8,2,77,0.06185926182082046
new_cpp,1.0,0.1,2,3125,21,5,6,4,75,0.02861789109674511
new_cpp,1.0,0.1,2,3126,25,9,4,4,65,0.03760008777127519
new_cpp,1.0,0.1,2,3127,29,11,2,6,67,0.039890526853666494
new_cpp,1.0,0.1,2,3128,15,1,8,4,85,0.022431611205987974
new_cpp,1.0,0.1,2,3129,29,9,6,4,79,0.007524336015909139
new_cpp,1.0,0.1,2,3130,23,7,6,4,77,0.024612222202208427
new_cpp,1.0,0.1,2,3131,34,13,5,2,62,0.05640712953022147
new_cpp,1.0,0.1,2,3132,35,13,6,2,69,0.05471706750522512
new_cpp,1.0,0.1,2,3133,29,9,8,2,79,0.05307978982197811
new_cpp,1.0,0.1,2,3134,21,3,10,4,101,0.045323105857022865
new_cpp,1.0,0.1,2,3135,41,19,2,2,47,0.05891940961462936
new_cpp,1.0,0.1,2,3136,38,15,4,3,64,0.06536417267780976
new_cpp,1.0,0.1,2,3137,29,9,6,4,79,0.06977302790063214
new_cpp,1.0,0.1,2,3138,30,10,4,5,73,0.03250544283354295
new_cpp,1.0,0.1,2,3139,36,13,4,5,76,0.06508759950822642
new_cpp,1.0,0.1,2,3140,33,13,4,4,69,0.05853571210480451
new_cpp,1.0,0.1,2,3141,32,11,5,4,74,0.05346435961364723
new_cpp,1.0,0.1,2,3142,30,11,4,4,67,0.06730788661052586
new_cpp,1.0,0.1,2,3143,35,13,6,2,69,0.06946436986885063
new_cpp,1.0,0.1,2,3144,41,19,0,4,47,0.03915932575958181
new_cpp,1.0,0.1,2,3145,31,11,5,3,67,0.031537994221138066
new_cpp,1.0,0.1,2,3146,29,10,5,3,66,0.06963538941445924
new_cpp,1.0,0.1,2,3147,31,9,6,6,93,0.06218953140154199
new_cpp,1.0,0.1,2,3148,27,7,8,4,91,0.05243316927458133
new_cpp,1.0,0.1,2,3149,29,9,8,2,79,0.06356699178738942
new_cpp,1.0,0.1,2,3150,33,11,6,4,81,0.04539816818327113
new_cpp,1.0,0.1,2,3151,27,7,8,4,91,0.0638436995508199
new_cpp,1.0,0.1,2,3152,15,3,4,6,73,0.03733595981218822
new_cpp,1.0,0.1,2,3153,25,7,6,4,77,0.030121015928277102
new_cpp,1.0,0.1,2,3154,33,11,6,4,81,0.06362151625083716
new_cpp,1.0,0.1,2,3155,25,9,4,4,65,0.05842356850508723
new_cpp,1.0,0.1,2,3156,21,5,4,6,75,0.05322806305395214
new_cpp,1.0,0.1,2,3157,35,13,6,2,69,0.06037922594097277
new_cpp,1.0,0.1,2,3158,35,15,4,2,57,0.045225269140969235
new_cpp,1.0,0.1,2,3159,30,11,3,4,60,0.06047516250597096
new_cpp,1.0,0.1,2,3160,22,5,9,2,82,0.04378339067436689
new_cpp,1.0,0.1,2,3161,33,11,6,4,81,0.06041540216900594
new_cpp,1.0,0.1,2,3162,30,9,6,5,86,0.0359505981586289
new_cpp,1.0,0.1,2,3163,33,11,6,4,81,0.02886995075538008
new_cpp,1.0,0.1,2,3164,25,7,6,4,77,0.05994975674481296
new_cpp,1.0,0.1,2,3165,33,11,6,4,81,0.01459905170255768
new_cpp,1.0,0.1,2,3166,21,3,10,4,101,0.04963377821379007
new_cpp,1.0,0.1,2,3167,38,15,4,3,64,0.052570514825960604
new_cpp,1.0,0.1,2,3168,41,17,4,2,59,0.05397309404133086
new_cpp,1.0,0.1,2,3169,33,11,6,4,81,0.0551808573173166
new_cpp,1.0,0.1,2,3170,27,7,6,6,91,0.050553207638733125
new_cpp,1.0,0.1,2,3171,27,9,8,0,65,0.056001910018671976
new_cpp,1.0,0.1,2,3172,39,17,4,0,45,0.04803175359747816
new_cpp,1.0,0.1,2,3173,47,21,2,2,49,0.05655150297600511
new_cpp,1.0,0.1,2,3174,39,15,4,4,71,0.04159533451863976
new_cpp,1.0,0.1,2,3175,35,13,6,2,69,0.03224068535231671
new_cpp,1.0,0.1,2,3176,21,3,10,4,101,0.04426110469217092
new_cpp,1.0,0.1,2,3177,29,11,4,4,67,0.05605837642670814
new_cpp,1.0,0.1,2,3178,21,3,10,4,101,0.033969670635763394
new_cpp,1.0,0.1,2,3179,35,13,6,2,69,0.02718164364251839
new_cpp,1.0,0.1,2,3180,35,15,2,4,57,0.020481057579879808
new_cpp,1.0,0.1,2,3181,40,17,1,4,52,0.029161640450794137
new_cpp,1.0,0.1,2,3182,31,11,3,5,67,0.01382638354312177
new_cpp,1.0,0.1,2,3183,25,7,4,6,77,0.00813646641840586
new_cpp,1.0,0.1,2,3184,33,11,6,4,81,0.04432139557573124
new_cpp,1.0,0.1,2,3185,41,17,4,2,59,0.04396697819935629
new_cpp,1.0,0.1,2,3186,35,15,2,4,57,0.04444285931675016
new_cpp,1.0,0.1,2,3187,38,15,4,3,64,0.03383329697439727
new_cpp,1.0,0.1,2,3188,38,15,4,3,64,0.0307323651727208
new_cpp,1.0,0.1,2,3189,35,13,4,4,69,0.05405045368852035
new_cpp,1.0,0.1,2,3190,35,15,4,2,57,0.04594338901526024
new_cpp,1.0,0.1,2,3191,31,11,3,5,67,0.05739704022928932
new_cpp,1.0,0.1,2,3192,40,17,1,4,52,0.04026265013661485
new_cpp,1.0,0.1,2,3193,47,21,2,2,49,0.05311190412151389
new_cpp,1.0,0.1,2,3194,34,13,5,2,62,0.06084150608785343
new_cpp,1.0,0.1,2,3195,41,17,2,4,59,0.04935914731691775
new_cpp,1.0,0.1,2,3196,29,11,6,2,67,0.06268131508788934
new_cpp,1.0,0.1,2,3197,33,11,6,4,81,0.042053739485831985
new_cpp,1.0,0.1,2,3198,30,11,3,4,60,0.06479569475257527
new_cpp,1.0,0.1,2,3199,27,7,8,4,91,0.04004878423434669
new_cpp,1.0,0.1,2,3200,39,15,4,4,71,0.06516401330125034
new_cpp,1.0,0.1,2,3201,39,15,4,4,71,0.02862431456824784
new_cpp,1.0,0.1,2,3202,35,13,6,2,69,0.06632599876225677
new_cpp,1.0,0.1,2,3203,35,15,4,2,57,0.06668982163893075
new_cpp,1.0,0.1,2,3204,41,19,2,2,47,0.01599807017283205
new_cpp,1.0,0.1,2,3205,38,17,2,3,52,0.04474857918747377
new_cpp,1.0,0.1,2,3206,29,9,8,2,79,0.041749424969956386
new_cpp,1.0,0.1,2,3207,35,13,6,2,69,0.04388281504342023
new_cpp,1.0,0.1,2,3208,35,13,6,2,69,0.03387386742325481
new_cpp,1.0,0.1,2,3209,39,17,4,0,45,0.04180734724259418
new_cpp,1.0,0.1,2,3210,45,21,2,0,35,0.026334802353891094
new_cpp,1.0,0.1,2,3211,41,17,4,2,59,0.06875672621790342
new_cpp,1.0,0.1,2,3212,36,14,4,3,63,0.0696329354245418
new_cpp,1.0,0.1,2,3213,27,7,8,4,91,0.06941993430319249
new_cpp,1.0,0.1,2,3214,35,13,6,2,69,0.0651313049198077
new_cpp,1.0,0.1,2,3215,41,17,2,4,59,0.06877641777235319
new_cpp,1.0,0.1,2,3216,37,17,0,4,45,0.06320493477950244
new_cpp,1.0,0.1,2,3217,31,13,2,4,55,0.0667334558099798
new_cpp,1.0,0.1,2,3218,29,9,8,2,79,0.05848531117957759
new_cpp,1.0,0.1,2,3219,33,11,6,4,81,0.04167178441764767
new_cpp,1.0,0.1,2,3220,35,13,4,4,69,0.04249867297659238
new_cpp,1.0,0.1,2,3221,33,13,4,4,69,0.042069048450001645
new_cpp,1.0,0.1,2,3222,33,13,4,4,69,0.04919640206559404
new_cpp,1.0,0.1,2,3223,39,15,4,4,71,0.0620799205142288
new_cpp,1.0,0.1,2,3224,27,7,8,4,91,0.033780256540940794
new_cpp,1.0,0.1,2,3225,27,7,8,4,91,0.01476367109950757
new_cpp,1.0,0.1,2,3226,35,15,4,2,57,0.025421665222990712
new_cpp,1.0,0.1,2,3227,41,19,2,2,47,0.03929752376125825
new_cpp,1.0,0.1,2,3228,41,17,4,2,59,0.02486173020518586
new_cpp,1.0,0.1,2,3229,46,21,1,2,42,0.06747849505231003
new_cpp,1.0,0.1,2,3230,27,7,8,4,91,0.0669526286716275
new_cpp,1.0,0.1,2,3231,27,9,6,4,79,0.06397097776865934
new_cpp,1.0,0.1,2,3232,27,9,6,4,79,0.06654845488109783
new_cpp,1.0,0.1,2,3233,23,5,6,6,89,0.037371532759829525
new_cpp,1.0,0.1,2,3234,32,11,5,4,74,0.03910870084480847
new_cpp,1.0,0.1,2,3235,35,13,6,2,69,0.03045681701575415
new_cpp,1.0,0.1,2,3236,27,7,8,4,91,0.03641695711588578
new_cpp,1.0,0.1,2,3237,37,15,4,2,57,0.02326032605782568
new_cpp,1.0,0.1,2,3238,28,11,4,3,60,0.03287864729779942
new_cpp,1.0,0.1,2,3239,33,13,4,4,69,0.06298318385323408
new_cpp,1.0,0.1,2,3240,35,13,6,2,69,0.0632246257026566
new_cpp,1.0,0.1,2,3241,35,13,4,4,69,0.05192744290133432
new_cpp,1.0,0.1,2,3242,41,17,4,2,59,0.05473374372470422
new_cpp,1.0,0.1,2,3243,45,23,0,0,23,0.03091449859861261
new_cpp,1.0,0.1,2,3244,39,17,4,0,45,0.029973953428951886
new_cpp,1.0,0.1,2,3245,38,15,4,3,64,0.029949124201597937
new_cpp,1.0,0.1,2,3246,41,17,2,4,59,0.028282565828990573
new_cpp,1.0,0.1,2,3247,21,5,8,2,75,0.026015761105685663
new_cpp,1.0,0.1,2,3248,21,5,10,0,75,0.022472534516163677
new_cpp,1.0,0.1,2,3249,34,13,5,2,62,0.0453647508773276
new_cpp,1.0,0.1,2,3250,23,5,10,2,89,0.05504145323727708
new_cpp,1.0,0.1,2,3251,28,9,7,2,72,0.030426419513047472
new_cpp,1.0,0.1,2,3252,33,11,6,4,81,0.06005156977972612
new_cpp,1.0,0.1,2,3253,30,11,6,1,60,0.02738986916205423
new_cpp,1.0,0.1,2,3254,27,9,6,2,65,0.06053930780610674
new_cpp,1.0,0.1,2,3255,33,13,2,6,69,0.06068321977398922
new_cpp,1.0,0.1,2,3256,27,7,8,4,91,0.0606745021104202
new_cpp,1.0,0.1,2,3257,33,11,6,4,81,0.06001516130873352
new_cpp,1.0,0.1,2,3258,33,11,6,4,81,0.060039472383771775
new_cpp,1.0,0.1,2,3259,29,9,8,2,79,0.05849698651584494
new_cpp,1.0,0.1,2,3260,32,11,6,3,74,0.05854000341839005
new_cpp,1.0,0.1,2,3261,31,9,6,6,93,0.057036212455467764
new_cpp,1.0,0.1,2,3262,39,17,2,4,59,0.05709242649648604
new_cpp,1.0,0.1,2,3263,35,13,6,2,69,0.05050865222087199
new_cpp,1.0,0.1,2,3264,41,17,2,4,59,0.0504056713493463
new_cpp,1.0,0.1,2,3265,28,10,4,5,73,0.04870612806843674
new_cpp,1.0,0.1,2,3266,27,7,8,4,91,0.0488202212693696
new_cpp,1.0,0.1,2,3267,35,13,4,4,69,0.02337715155824693
new_cpp,1.0,0.1,2,3268,41,17,4,2,59,0.0234491062660845
new_cpp,1.0,0.1,2,3269,33,11,6,4,81,0.02217781214074675
new_cpp,1.0,0.1,2,3270,41,17,4,2,59,0.02208508848224999
new_cpp,1.0,0.1,2,3271,33,13,4,4,69,0.018609042111072796
new_cpp,1.0,0.1,2,3272,39,15,4,4,71,0.045134941765048016
new_cpp,1.0,0.1,2,3273,29,11,2,6,67,0.044996164409445066
new_cpp,1.0,0.1,2,3274,33,11,6,4,81,0.018755845210876334
new_cpp,1.0,0.1,2,3275,15,1,12,0,85,0.010007503947434711
new_cpp,1.0,0.1,2,3276,15,1,12,0,85,0.013889740474231442
new_cpp,1.0,0.1,2,3277,32,13,5,0,48,0.03697016269674721
new_cpp,1.0,0.1,2,3278,37,15,4,2,57,0.0491755035077496
new_cpp,1.0,0.1,2,3279,39,17,4,0,45,0.05053558754157536
new_cpp,1.0,0.1,2,3280,37,15,4,2,57,0.05298323546443059
new_cpp,1.0,0.1,2,3281,34,13,5,2,62,0.04778218291382191
new_cpp,1.0,0.1,2,3282,22,5,9,2,82,0.052155569645692366
new_cpp,1.0,0.1,2,3283,19,3,10,2,87,0.03894690976403637
new_cpp,1.0,0.1,2,3284,22,5,8,3,82,0.04794945523993607
new_cpp,1.0,0.1,2,3285,24,7,7,2,70,0.04554420656619433
new_cpp,1.0,0.1,2,3286,26,9,3,4,58,0.034235828002542976
new_cpp,1.0,0.1,2,3287,22,6,8,1,69,0.03117879605627344
new_cpp,1.0,0.1,2,3288,39,17,4,0,45,0.04402379595295026
new_cpp,1.0,0.1,2,3289,33,11,6,4,81,0.04410450752470713
new_cpp,1.0,0.1,2,3290,35,13,6,2,69,0.048117334788414054
new_cpp,1.0,0.1,2,3291,29,11,6,2,67,0.052471641315922614
new_cpp,1.0,0.1,2,3292,23,7,8,2,77,0.03149910176377698
new_cpp,1.0,0.1,2,3293,38,17,2,2,45,0.05316711410746513
new_cpp,1.0,0.1,2,3294,41,17,2,4,59,0.024136482648829557
new_cpp,1.0,0.1,2,3295,35,13,6,2,69,0.04095748449820721
new_cpp,1.0,0.1,2,3296,27,9,4,6,79,0.044713302262285676
new_cpp,1.0,0.1,2,3297,27,11,6,0,53,0.04844056343356375
new_cpp,1.0,0.1,2,3298,34,16,2,1,37,0.028553245227690774
new_cpp,1.0,0.1,2,3299,27,11,6,0,53,0.04887153837509978
new_cpp,1.0,0.1,2,3300,27,9,8,0,65,0.02090918454906234
new_cpp,1.0,0.1,2,3301,32,13,2,4,55,0.052268452520582535
new_cpp,1.0,0.1,2,3302,41,17,4,2,59,0.057303004715351866
new_cpp,1.0,0.1,2,3303,25,7,8,2,77,0.06374068565866513
new_cpp,1.0,0.1,2,3304,27,9,8,0,65,0.037917430467287835
new_cpp,1.0,0.1,2,3305,27,7,6,6,91,0.06522926628631309
new_cpp,1.0,0.1,2,3306,27,7,8,4,91,0.030159486469259957
new_cpp,1.0,0.1,2,3307,27,9,4,4,65,0.06127166003146541
new_cpp,1.0,0.1,2,3308,24,6,6,5,83,0.052969874670081
new_cpp,1.0,0.1,2,3309,26,8,6,3,71,0.05007237826574354
new_cpp,1.0,0.1,2,3310,31,11,6,2,67,0.06129576955764671
new_cpp,1.0,0.1,2,3311,25,7,8,2,77,0.05949142833870338
new_cpp,1.0,0.1,2,3312,17,3,10,0,73,0.03769762139624252
new_cpp,1.0,0.1,2,3313,27,9,4,4,65,0.06803628378468678
new_cpp,1.0,0.1,2,3314,27,7,8,4,91,0.0667677292844104
new_cpp,1.0,0.1,2,3315,29,11,6,2,67,0.06898838254554185
new_cpp,1.0,0.1,2,3316,23,5,10,2,89,0.06996340987564473
new_cpp,1.0,0.1,2,3317,29,11,4,4,67,0.06345737438544939
new_cpp,1.0,0.1,2,3318,33,11,6,4,81,0.06114807283492058
new_cpp,1.0,0.1,2,3319,35,13,6,2,69,0.07006136182954786
new_cpp,1.0,0.1,2,3320,30,13,4,1,48,0.06964885371775302
new_cpp,1.0,0.1,2,3321,21,5,8,2,75,0.05674134812605245
new_cpp,1.0,0.1,2,3322,27,11,6,0,53,0.05557504907259795
new_cpp,1.0,0.1,2,3323,24,7,8,1,70,0.06945982144007007
new_cpp,1.0,0.1,2,3324,26,9,7,0,58,0.06819303397148595
new_cpp,1.0,0.1,2,3325,32,13,3,2,48,0.04952105148441905
new_cpp,1.0,0.1,2,3326,28,11,4,3,60,0.0445614046902098
new_cpp,1.0,0.1,2,3327,27,9,8,0,65,0.06697119815661143
new_cpp,1.0,0.1,2,3328,47,21,2,2,49,0.03595614552755775
new_cpp,1.0,0.1,2,3329,29,11,4,4,67,0.0325869158969426
new_cpp,1.0,0.1,2,3330,33,11,6,4,81,0.027931683689090166
new_cpp,1.0,0.1,2,3331,33,11,6,4,81,0.03764680594307109
new_cpp,1.0,0.1,2,3332,35,13,6,2,69,0.01924519265934813
new_cpp,1.0,0.1,2,3333,30,9,4,7,86,0.038332168103986666
new_cpp,1.0,0.1,2,3334,32,13,4,2,55,0.06444745094129983
new_cpp,1.0,0.1,2,3335,40,17,3,2,52,0.03452791205987956
new_cpp,1.0,0.1,2,3336,39,17,2,4,59,0.007180978046164039
new_cpp,1.0,0.1,2,3337,37,15,2,4,57,0.038105266948416296
new_cpp,1.0,0.1,2,3338,33,11,6,4,81,0.06664330727830052
new_cpp,1.0,0.1,2,3339,41,17,4,2,59,0.06746286368538021
new_cpp,1.0,0.1,2,3340,35,13,6,2,69,0.06550479074795443
new_cpp,1.0,0.1,2,3341,35,15,4,2,57,0.06812474496784067
new_cpp,1.0,0.1,2,3342,41,19,2,2,47,0.06310091353166218
new_cpp,1.0,0.1,2,3343,35,13,6,2,69,0.062437281644696016
new_cpp,1.0,0.1,2,3344,28,9,4,5,72,0.06817691642823621
new_cpp,1.0,0.1,2,3345,29,11,2,6,67,0.05892806209048227
new_cpp,1.0,0.1,2,3346,35,13,6,2,69,0.06797859603527771
new_cpp,1.0,0.1,2,3347,38,15,4,3,64,0.05606424447003354
new_cpp,1.0,0.1,2,3348,33,13,2,6,69,0.06746949600287766
new_cpp,1.0,0.1,2,3349,35,13,6,2,69,0.06722126691157519
new_cpp,1.0,0.1,2,3350,31,11,4,6,81,0.054948549901066505
new_cpp,1.0,0.1,2,3351,32,11,6,3,74,0.049138389260366025
new_cpp,1.0,0.1,2,3352,35,13,6,2,69,0.06567215628235916
new_cpp,1.0,0.1,2,3353,33,11,6,4,81,0.06424274408595143
new_cpp,1.0,0.1,2,3354,29,9,4,6,79,0.044367995112725093
new_cpp,1.0,0.1,2,3355,31,11,6,2,67,0.029832713030635286
new_cpp,1.0,0.1,2,3356,33,13,6,0,55,0.033006641424420995
new_cpp,1.0,0.1,2,3357,44,19,2,3,54,0.03849560311422615
new_cpp,1.0,0.1,2,3358,41,19,0,4,47,0.062457049259448484
new_cpp,1.0,0.1,2,3359,41,19,2,2,47,0.03473856368575537
new_cpp,1.0,0.1,2,3360,35,15,2,4,57,0.01605124297721504
new_cpp,1.0,0.1,2,3361,29,11,6,2,67,0.034734228302142844
new_cpp,1.0,0.1,2,3362,33,13,4,4,69,0.061351226685533805
new_cpp,1.0,0.1,2,3363,23,5,7,5,89,0.031945130447824426
new_cpp,1.0,0.1,2,3364,25,5,8,6,103,0.06056748274019244
new_cpp,1.0,0.1,2,3365,31,11,6,2,67,0.04327743758586574
new_cpp,1.0,0.1,2,3366,33,13,4,2,55,0.049608000105575374
new_cpp,1.0,0.1,2,3367,29,9,8,2,79,0.059709778946098455
new_cpp,1.0,0.1,2,3368,33,11,6,4,81,0.05166219601993586
new_cpp,1.0,0.1,2,3369,35,15,4,2,57,0.04092091462831204
new_cpp,1.0,0.1,2,3370,35,13,6,2,69,0.053775726669585
new_cpp,1.0,0.1,2,3371,27,9,6,4,79,0.05186673246517096
new_cpp,1.0,0.1,2,3372,35,13,6,2,69,0.052510426430681566
new_cpp,1.0,0.1,2,3373,29,11,2,4,53,0.04727609855606416
new_cpp,1.0,0.1,2,3374,27,9,8,0,65,0.04859320582035272
new_cpp,1.0,0.1,2,3375,23,7,6,2,63,0.041582970282175336
new_cpp,1.0,0.1,2,3376,31,11,6,2,67,0.043580577555758275
new_cpp,1.0,0.1,2,3377,21,5,8,4,89,0.03993809591264146
new_cpp,1.0,0.1,2,3378,41,17,2,4,59,0.03743787387916783
new_cpp,1.0,0.1,2,3379,35,13,4,4,69,0.05731843278563215
new_cpp,1.0,0.1,2,3380,22,4,8,5,95,0.05748498812698278
new_cpp,1.0,0.1,2,3381,32,11,5,4,74,0.05679556665469877
new_cpp,1.0,0.1,2,3382,21,5,10,0,75,0.05705413088647283
new_cpp,1.0,0.1,2,3383,39,17,4,0,45,0.055278178138167385
new_cpp,1.0,0.1,2,3384,25,7,8,2,77,0.054807806302253764
new_cpp,1.0,0.1,2,3385,33,13,6,0,55,0.05683973174812239
new_cpp,1.0,0.1,2,3386,25,7,8,2,77,0.052125722088770574
new_cpp,1.0,0.1,2,3387,33,15,4,0,43,0.05535936940946556
new_cpp,1.0,0.1,2,3388,33,11,4,6,81,0.04978514194230616
new_cpp,1.0,0.1,2,3389,29,9,8,2,79,0.05389727919556347
new_cpp,1.0,0.1,2,3390,26,10,4,3,59,0.05329120693189269
new_cpp,1.0,0.1,2,3391,37,15,4,2,57,0.048849091999662766
new_cpp,1.0,0.1,2,3392,28,9,6,3,72,0.04382424969254409
new_cpp,1.0,0.1,2,3393,31,11,6,2,67,0.04994990703480361
new_cpp,1.0,0.1,2,3394,36,15,4,1,50,0.04710100658181363
new_cpp,1.0,0.1,2,3395,34,13,4,3,62,0.0395637334059611
new_cpp,1.0,0.1,2,3396,41,17,4,2,59,0.06538480466393388
new_cpp,1.0,0.1,2,3397,31,11,4,4,67,0.05182308538712365
new_cpp,1.0,0.1,2,3398,41,19,2,2,47,0.06687010597043
new_cpp,1.0,0.1,2,3399,23,5,10,2,89,0.04512531147051395
new_cpp,1.0,0.1,2,3400,32,13,4,2,55,0.06744253163312108
new_cpp,1.0,0.1,2,3401,35,13,6,2,69,0.03951121502730044
new_cpp,1.0,0.1,2,3402,33,13,4,4,69,0.06769996320568905
new_cpp,1.0,0.1,2,3403,35,15,4,2,57,0.023631063855999487
new_cpp,1.0,0.1,2,3404,33,11,6,4,81,0.06820007936248977
new_cpp,1.0,0.1,2,3405,27,7,8,4,91,0.0683455465763988
new_cpp,1.0,0.1,2,3406,23,5,8,4,89,0.0673956512687802
new_cpp,1.0,0.1,2,3407,26,7,7,4,84,0.06799191286089044
new_cpp,1.0,0.1,2,3408,22,6,8,1,69,0.0660878795539541
new_cpp,1.0,0.1,2,3409,21,5,8,2,75,0.06709587681642007
new_cpp,1.0,0.1,2,3410,25,9,6,2,65,0.06538179382467985
new_cpp,1.0,0.1,2,3411,27,11,2,4,53,0.06387226791921183
new_cpp,1.0,0.1,2,3412,41,17,4,2,59,0.049205892168349336
new_cpp,1.0,0.1,2,3413,34,12,4,5,75,0.048796355407953046
new_cpp,1.0,0.1,2,3414,47,21,2,2,49,0.058136540841077736
new_cpp,1.0,0.1,2,3415,39,15,4,4,71,0.04920172887869748
new_cpp,1.0,0.1,2,3416,26,7,7,4,84,0.04806594876353658
new_cpp,1.0,0.1,2,3417,29,9,8,2,79,0.04686095902229761
new_cpp,1.0,0.1,2,3418,35,15,0,6,57,0.0599208058677854
new_cpp,1.0,0.1,2,3419,29,9,8,2,79,0.05728005474164617
new_cpp,1.0,0.1,2,3420,27,9,8,0,65,0.057220723085989154
new_cpp,1.0,0.1,2,3421,39,17,4,0,45,0.0540831491528648
new_cpp,1.0,0.1,2,3422,35,13,6,2,69,0.04398912651684905
new_cpp,1.0,0.1,2,3423,23,5,10,2,89,0.041473702334723
new_cpp,1.0,0.1,2,3424,40,17,3,2,52,0.04042925178329982
new_cpp,1.0,0.1,2,3425,29,9,8,2,79,0.043165915950624585
new_cpp,1.0,0.1,2,3426,41,19,2,2,47,0.038579966568974985
new_cpp,1.0,0.1,2,3427,33,13,4,4,69,0.03462337978304834
new_cpp,1.0,0.1,2,3428,30,11,3,4,60,0.050695880018188026
new_cpp,1.0,0.1,2,3429,31,11,6,2,67,0.046326968345988276
new_cpp,1.0,0.1,2,3430,35,15,2,2,43,0.060278537554643026
new_cpp,1.0,0.1,2,3431,32,11,4,5,74,0.06248064470494537
new_cpp,1.0,0.1,2,3432,41,19,2,2,47,0.05764224140587393
new_cpp,1.0,0.1,2,3433,33,11,6,4,81,0.051270567544132395
new_cpp,1.0,0.1,2,3434,27,9,6,4,79,0.06559099287263041
new_cpp,1.0,0.1,2,3435,32,13,5,0,48,0.03830477086189021
new_cpp,1.0,0.1,2,3436,27,9,8,0,65,0.06791480175609134
new_cpp,1.0,0.1,2,3437,29,9,8,2,79,0.020907984973405368
new_cpp,1.0,0.1,2,3438,39,15,4,4,71,0.06837114116133255
new_cpp,1.0,0.1,2,3439,32,11,4,5,74,0.056004761907114106
new_cpp,1.0,0.1,2,3440,35,15,4,2,57,0.03592982805059702
new_cpp,1.0,0.1,2,3441,35,13,6,2,69,0.06160183242158987
new_cpp,1.0,0.1,2,3442,41,17,4,2,59,0.0192926663388108
new_cpp,1.0,0.1,2,3443,32,11,6,3,74,0.06120140797385538
new_cpp,1.0,0.1,2,3444,41,19,2,2,47,0.06152905743112547
new_cpp,1.0,0.1,2,3445,41,19,2,2,47,0.06384930225575625
new_cpp,1.0,0.1,2,3446,32,11,4,5,74,0.05877389893281041
new_cpp,1.0,0.1,2,3447,29,11,6,2,67,0.052170271889184
new_cpp,1.0,0.1,2,3448,35,13,6,2,69,0.06718450573306296
new_cpp,1.0,0.1,2,3449,23,5,10,2,89,0.038835708099237184
new_cpp,1.0,0.1,2,3450,35,13,6,2,69,0.06982914278476002
new_cpp,1.0,0.1,2,3451,33,11,4,6,81,0.020962432102648896
new_cpp,1.0,0.1,2,3452,33,11,6,4,81,0.07054770624878817
new_cpp,1.0,0.1,2,3453,36,17,2,0,31,0.05540846530682969
new_cpp,1.0,0.1,2,3454,28,11,4,3,60,0.05309666210899479
new_cpp,1.0,0.1,2,3455,37,15,4,2,57,0.05727473531833397
new_cpp,1.0,0.1,2,3456,33,11,6,4,81,0.05971532630396404
new_cpp,1.0,0.1,2,3457,39,17,2,4,59,0.0473087848352643
new_cpp,1.0,0.1,2,3458,35,15,4,2,57,0.06102587002977752
new_cpp,1.0,0.1,2,3459,33,11,6,4,81,0.0350529717901796
new_cpp,1.0,0.1,2,3460,23,5,8,4,89,0.03271069367014821
new_cpp,1.0,0.1,2,3461,25,9,6,2,65,0.061037591911717974
new_cpp,1.0,0.1,2,3462,19,3,10,2,87,0.060609627663901655
new_cpp,1.0,0.1,2,3463,33,13,6,0,55,0.01764714395185512
new_cpp,1.0,0.1,2,3464,41,17,2,4,59,0.06573129889286623
new_cpp,1.0,0.1,2,3465,41,17,2,4,59,0.06603821759470178
new_cpp,1.0,0.1,2,3466,32,13,4,2,55,0.06306904159006294
new_cpp,1.0,0.1,2,3467,29,9,8,2,79,0.06520004430953268
new_cpp,1.0,0.1,2,3468,30,9,4,7,86,0.0636827909146214
new_cpp,1.0,0.1,2,3469,34,13,2,5,62,0.06048332819507441
new_cpp,1.0,0.1,2,3470,27,9,2,8,79,0.04583469904862407
new_cpp,1.0,0.1,2,3471,29,9,8,2,79,0.04516751594596327
new_cpp,1.0,0.1,2,3472,32,11,5,4,74,0.046054202355621916
new_cpp,1.0,0.1,2,3473,39,17,4,0,45,0.045268000720993566
new_cpp,1.0,0.1,2,3474,33,13,6,0,55,0.042617985022075006
new_cpp,1.0,0.1,2,3475,29,11,2,4,53,0.04341317095435241
new_cpp,1.0,0.1,2,3476,25,9,6,2,65,0.03908811932200631
new_cpp,1.0,0.1,2,3477,41,17,4,2,59,0.04154526604029635
new_cpp,1.0,0.1,2,3478,47,21,2,2,49,0.035892920364534966
new_cpp,1.0,0.1,2,3479,30,13,4,1,48,0.03457760721431589
new_cpp,1.0,0.1,2,3480,30,11,6,1,60,0.0407603901420931
new_cpp,1.0,0.1,2,3481,28,7,6,7,98,0.06721081692626024
new_cpp,1.0,0.1,2,3482,39,15,4,4,71,0.06615690079118904
new_cpp,1.0,0.1,2,3483,33,13,4,4,69,0.06326821831101996
new_cpp,1.0,0.1,2,3484,39,17,2,4,59,0.0683502199253064
new_cpp,1.0,0.1,2,3485,29,9,6,4,79,0.06852419746630732
new_cpp,1.0,0.1,2,3486,30,11,4,4,67,0.06120101096889272
new_cpp,1.0,0.1,2,3487,35,15,4,2,57,0.05720757230147107
new_cpp,1.0,0.1,2,3488,29,11,6,2,67,0.06821586411211439
new_cpp,1.0,0.1,2,3489,39,15,4,4,71,0.046979311557011835
new_cpp,1.0,0.1,2,3490,27,9,8,0,65,0.048242527843839714
new_cpp,1.0,0.1,2,3491,25,9,4,4,65,0.04523521541413903
new_cpp,1.0,0.1,2,3492,39,17,2,2,45,0.04932529501469256
new_cpp,1.0,0.1,2,3493,39,17,4,0,45,0.041487010689357805
new_cpp,1.0,0.1,2,3494,33,11,6,4,81,0.046114158488708056
new_cpp,1.0,0.1,2,3495,28,11,2,4,53,0.0657012702026605
new_cpp,1.0,0.1,2,3496,23,5,10,2,89,0.04061776072586318
new_cpp,1.0,0.1,2,3497,47,21,2,2,49,0.064195487058709
new_cpp,1.0,0.1,2,3498,35,13,6,2,69,0.02920211328059319
new_cpp,1.0,0.1,2,3499,31,11,4,4,67,0.048723911969248405
new_cpp,1.0,0.1,2,3500,25,7,6,4,77,0.039870608970830355
new_cpp,1.0,0.1,2,3501,41,19,2,2,47,0.03889270039722635
new_cpp,1.0,0.1,2,3502,35,13,4,4,69,0.029624887947613605
new_cpp,1.0,0.1,2,3503,41,19,2,2,47,0.038609293684486554
new_cpp,1.0,0.1,2,3504,35,13,6,2,69,0.03299244079245575
new_cpp,1.0,0.1,2,3505,35,13,6,2,69,0.039455027956497704
new_cpp,1.0,0.1,2,3506,35,13,6,2,69,0.021378752791364065
new_cpp,1.0,0.1,2,3507,40,17,3,2,52,0.03656467743073441
new_cpp,1.0,0.1,2,3508,32,11,4,5,74,0.049103351139440816
new_cpp,1.0,0.1,2,3509,41,17,4,2,59,0.04613856076905934
new_cpp,1.0,0.1,2,3510,32,13,4,3,62,0.05150695267623488
new_cpp,1.0,0.1,2,3511,41,19,2,2,47,0.054751691387005294
new_cpp,1.0,0.1,2,3512,35,13,6,2,69,0.03857947303126933
new_cpp,1.0,0.1,2,3513,33,13,6,0,55,0.05753408044411008
new_cpp,1.0,0.1,2,3514,38,15,4,3,64,0.05632812538125567
new_cpp,1.0,0.1,2,3515,35,15,4,2,57,0.029331990862663974
new_cpp,1.0,0.1,2,3516,27,9,8,0,65,0.05839408863432578
new_cpp,1.0,0.1,2,3517,30,12,2,5,61,0.059055381077905963
new_cpp,1.0,0.1,2,3518,29,11,4,4,67,0.05489164365934195
new_cpp,1.0,0.1,2,3519,27,9,8,0,65,0.05801491552608581
new_cpp,1.0,0.1,2,3520,33,13,4,2,55,0.04885069689865018
new_cpp,1.0,0.1,2,3521,41,17,4,2,59,0.03346477863252419
new_cpp,1.0,0.1,2,3522,29,9,8,2,79,0.0271563420580618
new_cpp,1.0,0.1,2,3523,35,13,6,2,69,0.03524714540721019
new_cpp,1.0,0.1,2,3524,25,5,6,8,103,0.03519781773225585
new_cpp,1.0,0.1,2,3525,23,7,4,6,77,0.025782585355166365
new_cpp,1.0,0.1,2,3526,33,13,6,0,55,0.053956777084480725
new_cpp,1.0,0.1,2,3527,21,5,10,0,75,0.036849006659781074
new_cpp,1.0,0.1,2,3528,33,13,4,2,55,0.05171922496606394
new_cpp,1.0,0.1,2,3529,19,3,10,2,87,0.030364376822030255
new_cpp,1.0,0.1,2,3530,35,15,2,4,57,0.056884273662829256
new_cpp,1.0,0.1,2,3531,27,7,8,4,91,0.019978217763276043
new_cpp,1.0,0.1,2,3532,35,15,4,2,57,0.01514785953458294
new_cpp,1.0,0.1,2,3533,35,13,6,2,69,0.056992995966296846
new_cpp,1.0,0.1,2,3534,41,17,4,2,59,0.05517143669537489
new_cpp,1.0,0.1,2,3535,31,11,5,3,67,0.05490623920175848
new_cpp,1.0,0.1,2,3536,33,13,6,0,55,0.053865511666747
new_cpp,1.0,0.1,2,3537,31,13,2,4,55,0.05200181853567777
new_cpp,1.0,0.1,2,3538,39,17,4,0,45,0.04900973809175391
new_cpp,1.0,0.1,2,3539,33,13,6,0,55,0.051852763797989254
new_cpp,1.0,0.1,2,3540,29,9,8,2,79,0.028090932997938748
new_cpp,1.0,0.1,2,3541,33,13,4,4,69,0.028249251835022363
new_cpp,1.0,0.1,2,3542,29,9,8,2,79,0.02719624205173269
new_cpp,1.0,0.1,2,3543,33,13,4,4,69,0.02317255277153693
new_cpp,1.0,0.1,2,3544,31,9,6,6,93,0.026553325484796268
new_cpp,1.0,0.1,2,3545,26,9,6,2,65,0.03970427582431783
new_cpp,1.0,0.1,2,3546,38,15,4,3,64,0.04506990233795856
new_cpp,1.0,0.1,2,3547,41,17,4,2,59,0.055802904193569265
new_cpp,1.0,0.1,2,3548,38,15,3,4,64,0.056785680209868086
new_cpp,1.0,0.1,2,3549,33,11,6,4,81,0.05068443503531891
new_cpp,1.0,0.1,2,3550,39,17,2,4,59,0.057591367289813095
new_cpp,1.0,0.1,2,3551,35,13,6,2,69,0.056822361560644
new_cpp,1.0,0.1,2,3552,33,11,6,4,81,0.046280426002851593
new_cpp,1.0,0.1,2,3553,27,7,6,6,91,0.030481755509749686
new_cpp,1.0,0.1,2,3554,39,19,2,0,33,0.028252706901962785
new_cpp,1.0,0.1,2,3555,25,7,8,2,77,0.03192983194772056
new_cpp,1.0,0.1,2,3556,31,13,2,4,55,0.032858213370282975
new_cpp,1.0,0.1,2,3557,26,7,8,3,84,0.021034683617470826
new_cpp,1.0,0.1,2,3558,32,11,5,4,74,0.052970878281520514
new_cpp,1.0,0.1,2,3559,35,13,6,2,69,0.032890830524518105
new_cpp,1.0,0.1,2,3560,29,9,8,2,79,0.04256040084496542
new_cpp,1.0,0.1,2,3561,32,11,6,3,74,0.038746465304597744
new_cpp,1.0,0.1,2,3562,34,12,4,5,75,0.04561733929278922
new_cpp,1.0,0.1,2,3563,41,17,2,4,59,0.049777832413697376
new_cpp,1.0,0.1,2,3564,47,21,2,2,49,0.028439200115754997
new_cpp,1.0,0.1,2,3565,29,11,6,2,67,0.015001505916909018
new_cpp,1.0,0.1,2,3566,41,17,4,2,59,0.021534851592144078
new_cpp,1.0,0.1,2,3567,41,17,4,2,59,0.0489755558890918
new_cpp,1.0,0.1,2,3568,26,7,7,4,84,0.03376042444756835
new_cpp,1.0,0.1,2,3569,33,11,6,4,81,0.03505834033455572
new_cpp,1.0,0.1,2,3570,41,17,2,4,59,0.03375151659563773
new_cpp,1.0,0.1,2,3571,23,5,10,2,89,0.01617929616478386
new_cpp,1.0,0.1,2,3572,33,11,6,4,81,0.03992517381613488
new_cpp,1.0,0.1,2,3573,29,9,5,5,79,0.042243403364509866
new_cpp,1.0,0.1,2,3574,28,9,2,7,72,0.03497904127711974
new_cpp,1.0,0.1,2,3575,32,12,2,5,61,0.044695645939488625
new_cpp,1.0,0.1,2,3576,25,7,6,4,77,0.04508654218756664
new_cpp,1.0,0.1,2,3577,27,7,6,6,91,0.03356067525441297
new_cpp,1.0,0.1,2,3578,26,9,4,4,65,0.028619713222318995
new_cpp,1.0,0.1,2,3579,35,13,6,2,69,0.04589702163499323
new_cpp,1.0,0.1,2,3580,31,9,6,6,93,0.04626951516286944
new_cpp,1.0,0.1,2,3581,35,13,4,4,69,0.01642369050055944
new_cpp,1.0,0.1,2,3582,29,9,8,2,79,0.049399554913175756
new_cpp,1.0,0.1,2,3583,35,15,4,2,57,0.05285075369736621
new_cpp,1.0,0.1,2,3584,27,10,2,5,59,0.062177091857886495
new_cpp,1.0,0.1,2,3585,28,9,3,6,72,0.019990208880733915
new_cpp,1.0,0.1,2,3586,27,11,6,0,53,0.023975252773429167
new_cpp,1.0,0.1,2,3587,27,9,8,0,65,0.026375433957093946
new_cpp,1.0,0.1,2,3588,25,7,8,2,77,0.028514627133972834
new_cpp,1.0,0.1,2,3589,28,9,4,5,72,0.015426693724951573
new_cpp,1.0,0.1,2,3590,24,7,8,1,70,0.030828894274577627
new_cpp,1.0,0.1,2,3591,22,7,6,3,70,0.03424085496162184
new_cpp,1.0,0.1,2,3592,39,19,2,0,33,0.038470559562601356
new_cpp,1.0,0.1,2,3593,33,15,4,0,43,0.020578228678250383
new_cpp,1.0,0.1,2,3594,35,15,4,2,57,0.037878172759411355
new_cpp,1.0,0.1,2,3595,35,13,6,2,69,0.034107577860963786
new_cpp,1.0,0.1,2,3596,37,15,4,2,57,0.042094705327192304
new_cpp,1.0,0.1,2,3597,30,13,4,1,48,0.02586171079220512
new_cpp,1.0,0.1,2,3598,29,11,4,2,53,0.025827643203261252
new_cpp,1.0,0.1,2,3599,39,17,4,0,45,0.021805373477476322
new_cpp,1.0,0.1,2,3600,35,15,4,2,57,0.04362174986365942
new_cpp,1.0,0.1,2,3601,39,15,4,4,71,0.03965061552076167
new_cpp,1.0,0.1,2,3602,32,11,6,3,74,0.04827889554290729
new_cpp,1.0,0.1,2,3603,39,17,2,4,59,0.03141474303649929
new_cpp,1.0,0.1,2,3604,19,1,10,6,113,0.023441547006281226
new_cpp,1.0,0.1,2,3605,19,3,8,6,101,0.019205818667308177
new_cpp,1.0,0.1,2,3606,15,1,10,2,85,0.024236828651307555
new_cpp,1.0,0.1,2,3607,15,3,8,2,73,0.04188580863291295
new_cpp,1.0,0.1,2,3608,41,17,4,2,59,0.04895416250777373
new_cpp,1.0,0.1,2,3609,31,11,4,4,67,0.044564425428111745
new_cpp,1.0,0.1,2,3610,17,1,10,4,99,0.04951719064702306
new_cpp,1.0,0.1,2,3611,17,3,8,4,87,0.04506084742764249
new_cpp,1.0,0.1,2,3612,23,7,4,4,63,0.04844359240178225
new_cpp,1.0,0.1,2,3613,23,7,4,4,63,0.04905441683298692
new_cpp,1.0,0.1,2,3614,17,3,8,2,73,0.040898393939269875
new_cpp,1.0,0.1,2,3615,21,7,6,0,49,0.03918395103005661
new_cpp,1.0,0.1,2,3616,30,9,6,5,86,0.06632243013309763
new_cpp,1.0,0.1,2,3617,33,11,4,6,81,0.06663054690336312
new_cpp,1.0,0.1,2,3618,29,11,4,4,67,0.06548076641749141
new_cpp,1.0,0.1,2,3619,28,9,2,7,72,0.06491847973913671
new_cpp,1.0,0.1,2,3620,33,11,6,4,81,0.06383970358856968
new_cpp,1.0,0.1,2,3621,27,7,8,4,91,0.06303754417656093
new_cpp,1.0,0.1,2,3622,27,7,8,4,91,0.06119431791081384
new_cpp,1.0,0.1,2,3623,25,7,6,6,91,0.060088368666535455
new_cpp,1.0,0.1,2,3624,47,21,2,2,49,0.029642552790082165
new_cpp,1.0,0.1,2,3625,30,10,6,3,73,0.030591246073743257
new_cpp,1.0,0.1,2,3626,40,17,3,2,52,0.0516784321475803
new_cpp,1.0,0.1,2,3627,34,13,5,2,62,0.0535313327069225
new_cpp,1.0,0.1,2,3628,35,13,4,4,69,0.049816020117158355
new_cpp,1.0,0.1,2,3629,29,11,4,4,67,0.047598038625405
new_cpp,1.0,0.1,2,3630,31,11,4,4,67,0.06929538489779334
new_cpp,1.0,0.1,2,3631,35,13,6,2,69,0.06600589483201864
new_cpp,1.0,0.1,2,3632,21,5,8,2,75,0.06334767587242514
new_cpp,1.0,0.1,2,3633,27,9,8,0,65,0.06935088856772408
new_cpp,1.0,0.1,2,3634,31,11,4,4,67,0.0602652972615834
new_cpp,1.0,0.1,2,3635,41,19,2,2,47,0.06883071754216456
new_cpp,1.0,0.1,2,3636,27,9,8,0,65,0.055760126795066145
new_cpp,1.0,0.1,2,3637,17,1,10,4,99,0.06757587479775097
new_cpp,1.0,0.1,2,3638,35,15,4,2,57,0.03712022606344203
new_cpp,1.0,0.1,2,3639,33,11,6,4,81,0.027514836395563028
new_cpp,1.0,0.1,2,3640,22,3,8,7,108,0.06314504910989903
new_cpp,1.0,0.1,2,3641,31,9,6,6,93,0.04323541031177659
new_cpp,1.0,0.1,2,3642,25,7,6,4,77,0.036878798767120365
new_cpp,1.0,0.1,2,3643,35,13,6,2,69,0.060889221904215994
new_cpp,1.0,0.1,2,3644,29,11,6,2,67,0.054251925976632816
new_cpp,1.0,0.1,2,3645,39,15,4,4,71,0.06362690450976152
new_cpp,1.0,0.1,2,3646,25,7,8,2,77,0.05821808212915633
new_cpp,1.0,0.1,2,3647,25,7,8,2,77,0.0422281505622405
new_cpp,1.0,0.1,2,3648,35,15,4,2,57,0.06808647913581639
new_cpp,1.0,0.1,2,3649,38,15,4,3,64,0.05220460167342453
new_cpp,1.0,0.1,2,3650,25,7,8,2,77,0.037184817525861405
new_cpp,1.0,0.1,2,3651,21,5,10,0,75,0.06449252483503304
new_cpp,1.0,0.1,2,3652,41,17,4,2,59,0.06271292412094281
new_cpp,1.0,0.1,2,3653,35,13,6,2,69,0.0609730923766781
new_cpp,1.0,0.1,2,3654,35,13,4,4,69,0.058861314362840936
new_cpp,1.0,0.1,2,3655,30,11,4,4,67,0.06204691595973767
new_cpp,1.0,0.1,2,3656,35,15,4,2,57,0.0562447207053046
new_cpp,1.0,0.1,2,3657,41,17,4,2,59,0.060812050197668284
new_cpp,1.0,0.1,2,3658,29,9,8,2,79,0.052264143942826566
new_cpp,1.0,0.1,2,3659,35,15,4,2,57,0.058618684545730465
new_cpp,1.0,0.1,2,3660,39,17,4,0,45,0.021526484187368584
new_cpp,1.0,0.1,2,3661,25,9,6,2,65,0.01277538127650757
new_cpp,1.0,0.1,2,3662,41,17,4,2,59,0.06100655733937885
new_cpp,1.0,0.1,2,3663,27,7,8,4,91,0.06255244339680761
new_cpp,1.0,0.1,2,3664,35,13,6,2,69,0.0518297775269276
new_cpp,1.0,0.1,2,3665,33,11,4,6,81,0.040770975196745524
new_cpp,1.0,0.1,2,3666,41,19,0,4,47,0.06180748992503999
new_cpp,1.0,0.1,2,3667,31,11,4,4,67,0.05897700963376917
new_cpp,1.0,0.1,2,3668,31,11,4,4,67,0.06049836538614065
new_cpp,1.0,0.1,2,3669,26,8,4,5,71,0.05644024459201209
new_cpp,1.0,0.1,2,3670,25,7,6,4,77,0.05821121584910076
new_cpp,1.0,0.1,2,3671,31,11,6,2,67,0.05256543195729915
new_cpp,1.0,0.1,2,3672,27,7,8,4,91,0.013117339793334251
new_cpp,1.0,0.1,2,3673,33,11,6,4,81,0.020940576502423383
new_cpp,1.0,0.1,2,3674,35,15,2,2,43,0.04137398785752988
new_cpp,1.0,0.1,2,3675,29,11,4,2,53,0.05119346397040438
new_cpp,1.0,0.1,2,3676,37,17,2,2,45,0.04157489788587689
new_cpp,1.0,0.1,2,3677,28,11,2,5,60,0.04976896753838279
new_cpp,1.0,0.1,2,3678,25,7,6,6,91,0.0585972030412272
new_cpp,1.0,0.1,2,3679,35,13,6,2,69,0.05728735311165535
new_cpp,1.0,0.1,2,3680,30,9,6,5,86,0.05605980435135526
new_cpp,1.0,0.1,2,3681,25,7,6,4,77,0.05878797540182601
new_cpp,1.0,0.1,2,3682,41,19,2,2,47,0.041065615404958886
new_cpp,1.0,0.1,2,3683,29,9,8,2,79,0.0536082163674952
new_cpp,1.0,0.1,2,3684,36,14,4,3,63,0.05123645071814609
new_cpp,1.0,0.1,2,3685,29,9,8,2,79,0.05215071087923703
new_cpp,1.0,0.1,2,3686,25,5,8,6,103,0.04566962888474691
new_cpp,1.0,0.1,2,3687,19,3,8,4,87,0.0421451966314853
new_cpp,1.0,0.1,2,3688,38,15,4,3,64,0.06590748182198054
new_cpp,1.0,0.1,2,3689,29,11,6,2,67,0.06242363625861994
new_cpp,1.0,0.1,2,3690,31,11,4,6,81,0.06488469659248979
new_cpp,1.0,0.1,2,3691,36,13,4,5,76,0.05638536155776493
new_cpp,1.0,0.1,2,3692,27,11,4,2,53,0.0556927035016699
new_cpp,1.0,0.1,2,3693,27,9,6,2,65,0.05395561895514096
new_cpp,1.0,0.1,2,3694,32,11,6,3,74,0.05339955851538948
new_cpp,1.0,0.1,2,3695,33,11,6,4,81,0.06391337847498273
new_cpp,1.0,0.1,2,3696,33,15,4,0,43,0.05596288580042439
new_cpp,1.0,0.1,2,3697,24,7,6,3,70,0.049276174779212166
new_cpp,1.0,0.1,2,3698,27,9,6,2,65,0.05515376525851396
new_cpp,1.0,0.1,2,3699,33,13,4,2,55,0.04544390073064867
new_cpp,1.0,0.1,2,3700,27,9,8,0,65,0.05464575241009776
new_cpp,1.0,0.1,2,3701,34,14,4,1,49,0.04360640156262304
new_cpp,1.0,0.1,2,3702,41,19,2,2,47,0.04765138765090775
new_cpp,1.0,0.1,2,3703,35,13,4,4,69,0.061762483585944085
new_cpp,1.0,0.1,2,3704,29,9,6,4,79,0.053387896770094284
new_cpp,1.0,0.1,2,3705,25,7,6,6,91,0.03953397624526263
new_cpp,1.0,0.1,2,3706,28,11,2,5,60,0.06125490754236773
new_cpp,1.0,0.1,2,3707,35,13,6,2,69,0.05996974168265774
new_cpp,1.0,0.1,2,3708,31,11,6,2,67,0.050927406505082776
new_cpp,1.0,0.1,2,3709,33,13,6,0,55,0.05027155406311047
new_cpp,1.0,0.1,2,3710,31,13,4,2,55,0.049330932562049346
new_cpp,1.0,0.1,2,3711,27,11,6,0,53,0.050700529176493064
new_cpp,1.0,0.1,2,3712,33,11,6,4,81,0.049563826550946634
new_cpp,1.0,0.1,2,3713,38,15,4,3,64,0.04702506700375206
new_cpp,1.0,0.1,2,3714,36,13,4,5,76,0.044551862771413604
new_cpp,1.0,0.1,2,3715,32,11,5,4,74,0.039195384473037706
new_cpp,1.0,0.1,2,3716,36,15,3,2,50,0.06295967249484491
new_cpp,1.0,0.1,2,3717,28,9,6,3,72,0.05844766376019818
new_cpp,1.0,0.1,2,3718,39,17,4,0,45,0.055374030545379094
new_cpp,1.0,0.1,2,3719,45,21,2,0,35,0.0647844208572288
new_cpp,1.0,0.1,2,3720,35,13,4,4,69,0.0672711136026273
new_cpp,1.0,0.1,2,3721,39,15,4,4,71,0.047948752591759077
new_cpp,1.0,0.1,2,3722,27,9,6,2,65,0.06885767895172995
new_cpp,1.0,0.1,2,3723,20,7,4,2,49,0.03223331457051523
new_cpp,1.0,0.1,2,3724,41,19,2,2,47,0.02167327861481274
new_cpp,1.0,0.1,2,3725,35,13,2,6,69,0.06895702541196247
new_cpp,1.0,0.1,2,3726,25,7,8,2,77,0.04076578968101322
new_cpp,1.0,0.1,2,3727,29,11,6,0,53,0.051977106688993406
new_cpp,1.0,0.1,2,3728,27,11,2,4,53,0.03495848973041946
new_cpp,1.0,0.1,2,3729,29,11,4,4,67,0.05462675797073304
new_cpp,1.0,0.1,2,3730,35,13,6,2,69,0.05136057927349522
new_cpp,1.0,0.1,2,3731,33,11,6,4,81,0.0489421217042103
new_cpp,1.0,0.1,2,3732,28,12,4,1,47,0.05226641192547096
new_cpp,1.0,0.1,2,3733,45,21,2,0,35,0.041783949136189144
new_cpp,1.0,0.1,2,3734,33,11,4,6,81,0.05036409927859888
new_cpp,1.0,0.1,2,3735,27,7,8,4,91,0.029950202724056997
new_cpp,1.0,0.1,2,3736,32,11,6,3,74,0.022139548281690256
new_cpp,1.0,0.1,2,3737,41,17,4,2,59,0.048865462056542075
new_cpp,1.0,0.1,2,3738,38,17,0,5,52,0.058349673422210216
new_cpp,1.0,0.1,2,3739,33,11,6,4,81,0.05192484406945426
new_cpp,1.0,0.1,2,3740,27,7,8,4,91,0.058784202347604675
new_cpp,1.0,0.1,2,3741,35,13,6,2,69,0.04925324306449062
new_cpp,1.0,0.1,2,3742,33,11,6,4,81,0.058664595729065704
new_cpp,1.0,0.1,2,3743,28,10,2,7,73,0.04252252760710821
new_cpp,1.0,0.1,2,3744,33,13,4,4,69,0.04568892965315591
new_cpp,1.0,0.1,2,3745,39,15,4,4,71,0.042256878972653435
new_cpp,1.0,0.1,2,3746,35,13,6,2,69,0.039581162120065023
new_cpp,1.0,0.1,2,3747,21,3,8,6,101,0.046794320206081715
new_cpp,1.0,0.1,2,3748,23,3,8,8,115,0.03769764660815853
new_cpp,1.0,0.1,2,3749,35,13,6,2,69,0.058100667243878905
new_cpp,1.0,0.1,2,3750,33,13,2,6,69,0.04762025568246914
new_cpp,1.0,0.1,2,3751,33,11,4,6,81,0.033948980985036604
new_cpp,1.0,0.1,2,3752,35,13,6,2,69,0.04766690102984473
new_cpp,1.0,0.1,2,3753,47,21,2,2,49,0.03233302491774433
new_cpp,1.0,0.1,2,3754,28,9,4,5,72,0.047514400442928886
new_cpp,1.0,0.1,2,3755,31,11,4,4,67,0.026640265756192688
new_cpp,1.0,0.1,2,3756,28,9,7,2,72,0.047258528187694424
new_cpp,1.0,0.1,2,3757,32,11,5,4,74,0.0226835645444591
new_cpp,1.0,0.1,2,3758,33,13,6,0,55,0.027376413324762747
new_cpp,1.0,0.1,2,3759,33,13,6,0,55,0.05653457714961267
new_cpp,1.0,0.1,2,3760,33,13,6,0,55,0.056055601490775445
new_cpp,1.0,0.1,2,3761,25,7,8,2,77,0.024165813444186012
new_cpp,1.0,0.1,2,3762,35,13,6,2,69,0.050956908676827506
new_cpp,1.0,0.1,2,3763,41,17,4,2,59,0.04570139114075243
new_cpp,1.0,0.1,2,3764,41,17,4,2,59,0.03656335490315328
new_cpp,1.0,0.1,2,3765,35,15,4,2,57,0.033473336280299366
new_cpp,1.0,0.1,2,3766,33,11,4,6,81,0.030772385967744578
new_cpp,1.0,0.1,2,3767,35,13,6,2,69,0.03733173060981471
new_cpp,1.0,0.1,2,3768,41,17,4,2,59,0.03146207108495855
new_cpp,1.0,0.1,2,3769,35,15,2,4,57,0.04890079806102717
new_cpp,1.0,0.1,2,3770,23,5,8,4,89,0.03744333859774347
new_cpp,1.0,0.1,2,3771,23,5,8,4,89,0.024544643122037982
new_cpp,1.0,0.1,2,3772,29,9,8,2,79,0.036478723137952584
new_cpp,1.0,0.1,2,3773,35,15,4,2,57,0.014860882119968211
new_cpp,1.0,0.1,2,3774,15,2,8,3,79,0.05015547554472816
new_cpp,1.0,0.1,2,3775,30,11,1,6,60,0.03688697708996431
new_cpp,1.0,0.1,2,3776,28,11,1,4,46,0.05081612549829281
new_cpp,1.0,0.1,2,3777,14,2,8,2,72,0.03741161743596913
new_cpp,1.0,0.1,2,3778,30,11,4,5,74,0.03663771177118693
new_cpp,1.0,0.1,2,3779,24,6,8,3,83,0.04247229220735043
new_cpp,1.0,0.1,2,3780,34,13,3,4,62,0.044621980838417154
new_cpp,1.0,0.1,2,3781,34,13,5,2,62,0.03222345481469563
new_cpp,1.0,0.1,2,3782,25,9,4,4,65,0.022226006364484067
new_cpp,1.0,0.1,2,3783,23,5,8,4,89,0.046896930796018775
new_cpp,1.0,0.1,2,3784,33,11,6,4,81,0.018904177754529895
new_cpp,1.0,0.1,2,3785,41,19,2,2,47,0.04725764946926783
new_cpp,1.0,0.1,2,3786,39,17,2,2,45,0.06982959348046892
new_cpp,1.0,0.1,2,3787,38,17,1,2,38,0.05286483797307486
new_cpp,1.0,0.1,2,3788,27,9,6,2,65,0.06815157117225266
new_cpp,1.0,0.1,2,3789,19,3,8,4,87,0.04024287182988475
new_cpp,1.0,0.1,2,3790,27,7,8,4,91,0.05169080528067121
new_cpp,1.0,0.1,2,3791,30,11,2,6,67,0.04486404265202062
new_cpp,1.0,0.1,2,3792,35,13,6,2,69,0.0400459677989601
new_cpp,1.0,0.1,2,3793,35,13,6,2,69,0.05444535629100899
new_cpp,1.0,0.1,2,3794,23,5,10,2,89,0.057737069419881375
new_cpp,1.0,0.1,2,3795,30,11,4,4,67,0.029970859785396955
new_cpp,1.0,0.1,2,3796,26,9,6,2,65,0.05834418931680337
new_cpp,1.0,0.1,2,3797,24,5,8,5,96,0.026927923933558903
new_cpp,1.0,0.1,2,3798,35,13,6,2,69,0.017790708533511616
new_cpp,1.0,0.1,2,3799,29,9,6,4,79,0.029758090223095054
new_cpp,1.0,0.1,2,3800,27,9,6,4,79,0.04539894288061199
new_cpp,1.0,0.1,2,3801,27,7,8,4,91,0.05226793889913383
new_cpp,1.0,0.1,2,3802,34,13,5,2,62,0.05505024133652906
new_cpp,1.0,0.1,2,3803,34,13,5,2,62,0.04056756173587742
new_cpp,1.0,0.1,2,3804,21,7,6,2,63,0.03050817385754642
new_cpp,1.0,0.1,2,3805,23,7,6,2,63,0.0583896628449241
new_cpp,1.0,0.1,2,3806,33,15,4,0,43,0.023020598969792392
new_cpp,1.0,0.1,2,3807,16,2,6,5,79,0.028651334116489242
new_cpp,1.0,0.1,2,3808,41,17,4,2,59,0.02748534556824477
new_cpp,1.0,0.1,2,3809,33,13,4,4,69,0.05900841525744218
new_cpp,1.0,0.1,2,3810,27,7,8,4,91,0.015533764175708325
new_cpp,1.0,0.1,2,3811,29,9,8,2,79,0.021912082951798653
new_cpp,1.0,0.1,2,3812,31,11,4,4,67,0.0674807160761598
new_cpp,1.0,0.1,2,3813,28,10,2,5,59,0.06167335193576989
new_cpp,1.0,0.1,2,3814,31,13,2,4,55,0.0487574751001477
new_cpp,1.0,0.1,2,3815,23,5,6,6,89,0.06952103864525887
new_cpp,1.0,0.1,2,3816,38,15,4,3,64,0.046935769338436205
new_cpp,1.0,0.1,2,3817,39,17,2,4,59,0.03879603571412563
new_cpp,1.0,0.1,2,3818,21,3,10,4,101,0.040462601980783226
new_cpp,1.0,0.1,2,3819,19,5,6,4,75,0.02945884602087371
new_cpp,1.0,0.1,2,3820,16,1,8,5,92,0.04717965187048203
new_cpp,1.0,0.1,2,3821,16,1,8,5,92,0.042666808974321804
new_cpp,1.0,0.1,2,3822,35,13,6,2,69,0.04240052253983082
new_cpp,1.0,0.1,2,3823,27,9,6,4,79,0.026245138317111925
new_cpp,1.0,0.1,2,3824,29,10,5,3,66,0.044039627808374365
new_cpp,1.0,0.1,2,3825,32,13,4,2,55,0.018102854949786515
new_cpp,1.0,0.1,2,3826,29,9,6,4,79,0.04770088612514545
new_cpp,1.0,0.1,2,3827,23,5,8,4,89,0.05822202582442007
new_cpp,1.0,0.1,2,3828,14,3,8,0,59,0.05847913184347452
new_cpp,1.0,0.1,2,3829,23,5,8,4,89,0.02209968752594306
new_cpp,1.0,0.1,2,3830,16,3,5,4,66,0.06905472467852299
new_cpp,1.0,0.1,2,3831,29,11,2,4,53,0.06959738219335442
new_cpp,1.0,0.1,2,3832,31,15,2,0,29,0.03428584501423994
new_cpp,1.0,0.1,2,3833,34,15,2,1,36,0.03677133629152772
new_cpp,1.0,0.1,2,3834,29,11,4,4,67,0.06043504590297312
new_cpp,1.0,0.1,2,3835,31,11,6,2,67,0.04578823230611044
new_cpp,1.0,0.1,2,3836,37,15,4,2,57,0.06270827751424406
new_cpp,1.0,0.1,2,3837,31,13,4,2,55,0.04718529875502604
new_cpp,1.0,0.1,2,3838,34,15,2,3,50,0.0468083994231485
new_cpp,1.0,0.1,2,3839,27,9,6,2,65,0.03601534299407715
new_cpp,1.0,0.1,2,3840,25,7,8,2,77,0.063387994551734
new_cpp,1.0,0.1,2,3841,43,19,2,2,47,0.06271111649632542
new_cpp,1.0,0.1,2,3842,26,7,6,5,84,0.06354017683308635
new_cpp,1.0,0.1,2,3843,27,11,4,2,53,0.05882574148578119
new_cpp,1.0,0.1,2,3844,23,5,8,4,89,0.05843724302949892
new_cpp,1.0,0.1,2,3845,31,11,6,2,67,0.04566129321199512
new_cpp,1.0,0.1,2,3846,35,15,2,4,57,0.031140495137623847
new_cpp,1.0,0.1,2,3847,23,7,4,4,63,0.030660844756347866
new_cpp,1.0,0.1,2,3848,25,9,4,4,65,0.03221876609349706
new_cpp,1.0,0.1,2,3849,23,7,8,0,63,0.024003321338473646
new_cpp,1.0,0.1,2,3850,31,11,6,2,67,0.05370373901758507
new_cpp,1.0,0.1,2,3851,37,17,2,2,45,0.05365234502331936
new_cpp,1.0,0.1,2,3852,29,12,2,3,47,0.04121759499502822
new_cpp,1.0,0.1,2,3853,43,19,2,2,47,0.040161158586004116
new_cpp,1.0,0.1,2,3854,27,9,4,4,65,0.04191585199746574
new_cpp,1.0,0.1,2,3855,34,15,2,3,50,0.04268053446507825
new_cpp,1.0,0.1,2,3856,18,2,8,5,93,0.03666364677846639
new_cpp,1.0,0.1,2,3857,29,11,4,2,53,0.042207151332772364
new_cpp,1.0,0.1,2,3858,31,11,4,4,67,0.06976184996658231
new_cpp,1.0,0.1,2,3859,32,13,4,3,62,0.07008627820808316
new_cpp,1.0,0.1,2,3860,21,5,8,4,89,0.07047195145198977
new_cpp,1.0,0.1,2,3861,30,12,4,3,61,0.06892305331105127
new_cpp,1.0,0.1,2,3862,36,15,3,2,50,0.07041641751465721
new_cpp,1.0,0.1,2,3863,37,15,4,2,57,0.06649854604751082
new_cpp,1.0,0.1,2,3864,25,7,8,2,77,0.06997096604273072
new_cpp,1.0,0.1,2,3865,28,11,4,2,53,0.06472235223131712
new_cpp,1.0,0.1,2,3866,27,7,8,4,91,0.06079755295672214
new_cpp,1.0,0.1,2,3867,25,7,6,4,77,0.051738037983054125
new_cpp,1.0,0.1,2,3868,30,9,6,5,86,0.06431253126594716
new_cpp,1.0,0.1,2,3869,28,12,4,1,47,0.04716292404162245
new_cpp,1.0,0.1,2,3870,21,5,6,4,75,0.062081853138304596
new_cpp,1.0,0.1,2,3871,27,9,6,4,79,0.05486155147406732
new_cpp,1.0,0.1,2,3872,27,7,8,4,91,0.039948509470881785
new_cpp,1.0,0.1,2,3873,27,7,8,4,91,0.061210719425124197
new_cpp,1.0,0.1,2,3874,31,11,2,6,67,0.045361987039960555
new_cpp,1.0,0.1,2,3875,31,11,6,2,67,0.04077263368497945
new_cpp,1.0,0.1,2,3876,27,11,2,4,53,0.03724146313106125
new_cpp,1.0,0.1,2,3877,40,19,0,2,33,0.029769444135420715
new_cpp,1.0,0.1,2,3878,29,11,4,2,53,0.044786425311349284
new_cpp,1.0,0.1,2,3879,21,7,6,2,63,0.04721412703663503
new_cpp,1.0,0.1,2,3880,28,9,4,5,72,0.019164038972662164
new_cpp,1.0,0.1,2,3881,42,19,2,1,40,0.05143590326525998
new_cpp,1.0,0.1,2,3882,32,13,5,0,48,0.05567084920081354
new_cpp,1.0,0.1,2,3883,35,13,6,2,69,0.05213585101065763
new_cpp,1.0,0.1,2,3884,44,19,2,3,54,0.05646693655809684
new_cpp,1.0,0.1,2,3885,27,9,4,6,79,0.04553487001158805
new_cpp,1.0,0.1,2,3886,33,13,2,4,55,0.041783177064438126
new_cpp,1.0,0.1,2,3887,31,11,4,4,67,0.034136356725353166
new_cpp,1.0,0.1,2,3888,41,19,2,0,33,0.04996675779595001
new_cpp,1.0,0.1,2,3889,26,9,4,3,58,0.0528226619531848
new_cpp,1.0,0.1,2,3890,23,7,6,4,77,0.02400259578827843
new_cpp,1.0,0.1,2,3891,37,15,4,2,57,0.05705869929279395
new_cpp,1.0,0.1,2,3892,28,8,6,5,85,0.05875071905350041
new_cpp,1.0,0.1,2,3893,38,17,2,3,52,0.05494723030556941
new_cpp,1.0,0.1,2,3894,25,7,6,6,91,0.06091150338757335
new_cpp,1.0,0.1,2,3895,39,15,4,4,71,0.049649011550065014
new_cpp,1.0,0.1,2,3896,33,11,4,6,81,0.04502966285893651
new_cpp,1.0,0.1,2,3897,28,9,7,2,72,0.04856897766878007
new_cpp,1.0,0.1,2,3898,25,7,8,2,77,0.06190415089538377
new_cpp,1.0,0.1,2,3899,32,13,5,0,48,0.03862561353286965
new_cpp,1.0,0.1,2,3900,41,17,4,2,59,0.03387576744900004
new_cpp,1.0,0.1,2,3901,27,7,8,4,91,0.05219223670140581
new_cpp,1.0,0.1,2,3902,30,12,4,3,61,0.03470405607193453
new_cpp,1.0,0.1,2,3903,41,17,4,2,59,0.04013403195340434
new_cpp,1.0,0.1,2,3904,41,17,4,2,59,0.0245277294770154
new_cpp,1.0,0.1,2,3905,31,9,6,6,93,0.06127424758062164
new_cpp,1.0,0.1,2,3906,33,15,4,0,43,0.0662111792651173
new_cpp,1.0,0.1,2,3907,33,13,6,0,55,0.06154648232862802
new_cpp,1.0,0.1,2,3908,21,5,10,0,75,0.057941316307372946
new_cpp,1.0,0.1,2,3909,24,7,7,2,70,0.06722413328969658
new_cpp,1.0,0.1,2,3910,35,13,6,2,69,0.054997243069864525
new_cpp,1.0,0.1,2,3911,35,13,6,2,69,0.06749795531697518
new_cpp,1.0,0.1,2,3912,30,11,4,3,60,0.0674708724189888
new_cpp,1.0,0.1,2,3913,33,13,6,0,55,0.05149419513621
new_cpp,1.0,0.1,2,3914,23,7,6,2,63,0.06507498143274729
new_cpp,1.0,0.1,2,3915,39,17,4,0,45,0.03277079177632613
new_cpp,1.0,0.1,2,3916,37,15,4,2,57,0.01809372446811127
new_cpp,1.0,0.1,2,3917,26,8,4,5,71,0.021723455107016995
new_cpp,1.0,0.1,2,3918,35,15,4,2,57,0.06232864206145987
new_cpp,1.0,0.1,2,3919,38,15,4,3,64,0.06165499821499695
new_cpp,1.0,0.1,2,3920,39,17,4,0,45,0.06360039071029705
new_cpp,1.0,0.1,2,3921,32,13,3,2,48,0.05948549924602571
new_cpp,1.0,0.1,2,3922,39,19,0,2,33,0.056126920967304456
new_cpp,1.0,0.1,2,3923,28,10,6,1,59,0.06432490611775209
new_cpp,1.0,0.1,2,3924,36,15,3,2,50,0.0533428412284665
new_cpp,1.0,0.1,2,3925,33,13,6,0,55,0.06439609133540952
new_cpp,1.0,0.1,2,3926,35,13,6,2,69,0.051477941385407136
new_cpp,1.0,0.1,2,3927,47,21,2,2,49,0.0641519632519916
new_cpp,1.0,0.1,2,3928,41,17,4,2,59,0.05000140938980033
new_cpp,1.0,0.1,2,3929,41,17,4,2,59,0.05416522701361971
new_cpp,1.0,0.1,2,3930,35,15,4,2,57,0.04505474829564242
new_cpp,1.0,0.1,2,3931,41,17,4,2,59,0.041730697460378025
new_cpp,1.0,0.1,2,3932,32,13,4,2,55,0.06282348647548852
new_cpp,1.0,0.1,2,3933,35,13,4,4,69,0.05390492905064269
new_cpp,1.0,0.1,2,3934,38,15,2,5,64,0.034740280820713794
new_cpp,1.0,0.1,2,3935,19,5,6,4,75,0.06085490583636548
new_cpp,1.0,0.1,2,3936,41,19,2,2,47,0.03189048463276404
new_cpp,1.0,0.1,2,3937,29,9,6,4,79,0.020686340175538095
new_cpp,1.0,0.1,2,3938,31,11,4,4,67,0.052122786078630357
new_cpp,1.0,0.1,2,3939,41,17,4,2,59,0.04800479481735361
new_cpp,1.0,0.1,2,3940,30,12,4,3,61,0.055059015109849695
new_cpp,1.0,0.1,2,3941,35,15,4,2,57,0.058384529206315185
new_cpp,1.0,0.1,2,3942,33,13,4,4,69,0.06127071263039237
new_cpp,1.0,0.1,2,3943,38,15,4,3,64,0.054629204311496815
new_cpp,1.0,0.1,2,3944,35,15,4,2,57,0.061986682247348046
new_cpp,1.0,0.1,2,3945,39,15,4,4,71,0.05196303526476963
new_cpp,1.0,0.1,2,3946,38,17,2,2,45,0.061894524726258504
new_cpp,1.0,0.1,2,3947,35,13,6,2,69,0.04068668185136571
new_cpp,1.0,0.1,2,3948,33,13,4,4,69,0.05976294352527056
new_cpp,1.0,0.1,2,3949,32,13,4,3,62,0.05741610163952287
new_cpp,1.0,0.1,2,3950,33,13,4,4,69,0.031023987209880102
new_cpp,1.0,0.1,2,3951,27,9,6,2,65,0.039326702654549094
new_cpp,1.0,0.1,2,3952,25,7,6,4,77,0.059622541471089294
new_cpp,1.0,0.1,2,3953,39,19,2,0,33,0.06275234933396215
new_cpp,1.0,0.1,2,3954,29,9,6,4,79,0.05146677733684645
new_cpp,1.0,0.1,2,3955,27,7,8,4,91,0.05715584740275038
new_cpp,1.0,0.1,2,3956,30,11,4,4,67,0.05666565908195939
new_cpp,1.0,0.1,2,3957,33,11,4,6,81,0.049570851709042595
new_cpp,1.0,0.1,2,3958,35,15,4,2,57,0.05767699139038362
new_cpp,1.0,0.1,2,3959,29,9,6,4,79,0.05641092433069541
new_cpp,1.0,0.1,2,3960,35,13,4,4,69,0.044626468620513046
new_cpp,1.0,0.1,2,3961,39,19,2,0,33,0.03877247521103514
new_cpp,1.0,0.1,2,3962,39,17,4,0,45,0.05455754865165443
new_cpp,1.0,0.1,2,3963,25,9,6,2,65,0.05150940655052491
new_cpp,1.0,0.1,2,3964,23,7,6,4,77,0.029303463902423416
new_cpp,1.0,0.1,2,3965,28,7,6,7,98,0.06004759279117922
new_cpp,1.0,0.1,2,3966,18,3,8,4,87,0.04998173055760936
new_cpp,1.0,0.1,2,3967,27,7,8,4,91,0.06028236957895477
new_cpp,1.0,0.1,2,3968,28,9,4,5,72,0.046629531337676035
new_cpp,1.0,0.1,2,3969,35,15,4,2,57,0.04254301086658914
new_cpp,1.0,0.1,2,3970,33,13,4,4,69,0.060180308587424805
new_cpp,1.0,0.1,2,3971,35,13,4,4,69,0.05906656120760829
new_cpp,1.0,0.1,2,3972,22,5,6,6,89,0.03186447702057203
new_cpp,1.0,0.1,2,3973,40,17,3,2,52,0.05258058288778795
new_cpp,1.0,0.1,2,3974,41,17,4,2,59,0.052244648920736075
new_cpp,1.0,0.1,2,3975,30,9,6,5,86,0.05293913035431185
new_cpp,1.0,0.1,2,3976,41,17,4,2,59,0.05088227007449822
new_cpp,1.0,0.1,2,3977,47,21,2,2,49,0.04837153040482527
new_cpp,1.0,0.1,2,3978,35,15,2,4,57,0.05249897582026056
new_cpp,1.0,0.1,2,3979,29,9,8,2,79,0.04610660316531989
new_cpp,1.0,0.1,2,3980,34,13,5,2,62,0.05171575239434519
new_cpp,1.0,0.1,2,3981,20,5,4,5,68,0.03941940172514624
new_cpp,1.0,0.1,2,3982,35,13,6,2,69,0.05052079182708559
new_cpp,1.0,0.1,2,3983,33,11,6,4,81,0.04325838109279182
new_cpp,1.0,0.1,2,3984,29,11,6,2,67,0.04970733796702453
new_cpp,1.0,0.1,2,3985,33,11,6,4,81,0.04146477859297392
new_cpp,1.0,0.1,2,3986,29,11,2,4,53,0.039703569613458965
new_cpp,1.0,0.1,2,3987,32,13,5,0,48,0.03457239198476138
new_cpp,1.0,0.1,2,3988,25,5,8,6,103,0.036309277613786606
new_cpp,1.0,0.1,2,3989,39,15,4,4,71,0.024537449190980547
new_cpp,1.0,0.1,2,3990,26,8,6,3,71,0.04275868017480517
new_cpp,1.0,0.1,2,3991,42,19,2,1,40,0.04599560587800714
new_cpp,1.0,0.1,2,3992,26,7,8,3,84,0.042346576707265694
new_cpp,1.0,0.1,2,3993,29,9,8,2,79,0.0370903538701105
new_cpp,1.0,0.1,2,3994,27,7,8,4,91,0.0541951827999032
new_cpp,1.0,0.1,2,3995,23,5,6,6,89,0.04920490814673726
new_cpp,1.0,0.1,2,3996,47,21,2,2,49,0.05614290591481578
new_cpp,1.0,0.1,2,3997,47,21,2,2,49,0.043244192705446084
new_cpp,1.0,0.1,2,3998,27,7,8,4,91,0.05663923913506363
new_cpp,1.0,0.1,2,3999,36,14,4,3,63,0.03896759118527757
new_cpp,1.0,0.1,2,4000,31,13,2,4,55,0.05606009493164232
new_cpp,1.0,0.1,2,4001,25,7,6,4,77,0.016723295210538364
new_cpp,1.0,0.1,2,4002,29,9,8,2,79,0.04505445208727038
new_cpp,1.0,0.1,2,4003,27,9,6,4,79,0.04497128128168284
new_cpp,1.0,0.1,2,4004,26,7,7,4,84,0.04222275272405162
new_cpp,1.0,0.1,2,4005,33,11,6,4,81,0.04325835553525641
new_cpp,1.0,0.1,2,4006,29,9,6,4,79,0.04026020577744784
new_cpp,1.0,0.1,2,4007,25,5,8,6,103,0.04168395959172841
new_cpp,1.0,0.1,2,4008,39,17,4,0,45,0.02885967623219112
new_cpp,1.0,0.1,2,4009,19,1,10,6,113,0.06809113363982015
new_cpp,1.0,0.1,2,4010,24,5,5,8,96,0.06790242721053666
new_cpp,1.0,0.1,2,4011,23,7,4,6,77,0.06113104565114376
new_cpp,1.0,0.1,2,4012,31,11,4,4,67,0.06253362390085695
new_cpp,1.0,0.1,2,4013,26,7,7,4,84,0.040144788596553016
new_cpp,1.0,0.1,2,4014,33,11,6,4,81,0.04023517967912613
new_cpp,1.0,0.1,2,4015,35,15,4,2,57,0.04001831035531812
new_cpp,1.0,0.1,2,4016,27,9,4,6,79,0.03958395744399182
new_cpp,1.0,0.1,2,4017,38,15,3,4,64,0.039266713269704205
new_cpp,1.0,0.1,2,4018,39,15,4,4,71,0.03982379762406869
new_cpp,1.0,0.1,2,4019,39,15,4,4,71,0.038197521574038544
new_cpp,1.0,0.1,2,4020,41,17,4,2,59,0.03705603134558669
new_cpp,1.0,0.1,2,4021,39,15,4,4,71,0.036399187068474684
new_cpp,1.0,0.1,2,4022,28,9,5,4,72,0.03480933466061367
new_cpp,1.0,0.1,2,4023,31,9,6,6,93,0.05513824052483065
new_cpp,1.0,0.1,2,4024,39,15,4,4,71,0.05280284679293403
new_cpp,1.0,0.1,2,4025,39,19,2,0,33,0.020540866169708967
new_cpp,1.0,0.1,2,4026,29,9,8,2,79,0.03177553898094819
new_cpp,1.0,0.1,2,4027,27,7,8,4,91,0.03391468357036728
new_cpp,1.0,0.1,2,4028,35,13,6,2,69,0.02825845235624268
new_cpp,1.0,0.1,2,4029,33,11,6,4,81,0.03103348011178377
new_cpp,1.0,0.1,2,4030,35,13,6,2,69,0.06074019457388839
new_cpp,1.0,0.1,2,4031,33,11,6,4,81,0.04208316687903996
new_cpp,1.0,0.1,2,4032,38,17,2,3,52,0.062020266184106124
new_cpp,1.0,0.1,2,4033,30,10,6,3,73,0.036307592032131825
new_cpp,1.0,0.1,2,4034,27,7,8,4,91,0.018911416490956182
new_cpp,1.0,0.1,2,4035,41,17,4,2,59,0.06349912914113706
new_cpp,1.0,0.1,2,4036,33,11,6,4,81,0.0448267111713509
new_cpp,1.0,0.1,2,4037,21,5,4,8,89,0.046202175055380004
new_cpp,1.0,0.1,2,4038,34,15,2,3,50,0.04836210937154185
new_cpp,1.0,0.1,2,4039,45,23,0,0,23,0.0417500000810962
new_cpp,1.0,0.1,2,4040,36,17,0,2,31,0.05111808207133932
new_cpp,1.0,0.1,2,4041,25,7,8,2,77,0.03365624871916236
new_cpp,1.0,0.1,2,4042,35,13,4,4,69,0.029644776378755195
new_cpp,1.0,0.1,2,4043,39,19,2,0,33,0.018054477838552893
new_cpp,1.0,0.1,2,4044,36,17,2,1,38,0.05241686511228236
new_cpp,1.0,0.1,2,4045,35,15,4,2,57,0.06770221899849552
new_cpp,1.0,0.1,2,4046,29,9,8,2,79,0.06736769056728922
new_cpp,1.0,0.1,2,4047,41,17,4,2,59,0.06751892513573686
new_cpp,1.0,0.1,2,4048,47,21,2,2,49,0.0659073707266735
new_cpp,1.0,0.1,2,4049,40,17,3,2,52,0.06462028792456191
new_cpp,1.0,0.1,2,4050,35,13,6,2,69,0.06395984760955399
new_cpp,1.0,0.1,2,4051,33,13,6,0,55,0.06314510847064103
new_cpp,1.0,0.1,2,4052,28,9,6,3,72,0.06451816549534999
new_cpp,1.0,0.1,2,4053,21,7,8,0,63,0.06123724634792118
new_cpp,1.0,0.1,2,4054,39,17,2,2,45,0.06374749661939852
new_cpp,1.0,0.1,2,4055,33,11,6,4,81,0.0620895723352954
new_cpp,1.0,0.1,2,4056,30,9,6,5,86,0.06556647167501296
new_cpp,1.0,0.1,2,4057,32,11,5,4,74,0.06422411938484372
new_cpp,1.0,0.1,2,4058,29,9,8,2,79,0.059920954980105426
new_cpp,1.0,0.1,2,4059,41,19,2,2,47,0.0576570554171376
new_cpp,1.0,0.1,2,4060,29,9,8,2,79,0.0627536633587005
new_cpp,1.0,0.1,2,4061,25,7,7,3,77,0.05519514938621022
new_cpp,1.0,0.1,2,4062,35,13,6,2,69,0.060170224871297986
new_cpp,1.0,0.1,2,4063,35,13,6,2,69,0.06072559159994703
new_cpp,1.0,0.1,2,4064,27,7,8,4,91,0.05462180699776307
new_cpp,1.0,0.1,2,4065,35,13,6,2,69,0.03335982812617762
new_cpp,1.0,0.1,2,4066,33,11,6,4,81,0.03371825058602303
new_cpp,1.0,0.1,2,4067,41,17,4,2,59,0.0339270644943904
new_cpp,1.0,0.1,2,4068,35,13,4,4,69,0.03219680054496644
new_cpp,1.0,0.1,2,4069,33,11,6,4,81,0.051011786261731
new_cpp,1.0,0.1,2,4070,31,9,6,6,93,0.05828059250707427
new_cpp,1.0,0.1,2,4071,39,17,4,0,45,0.03163335049964103
new_cpp,1.0,0.1,2,4072,39,17,2,2,45,0.033859497696971934
new_cpp,1.0,0.1,2,4073,37,15,4,2,57,0.031068759380472107
new_cpp,1.0,0.1,2,4074,27,9,8,0,65,0.024303242772009483
new_cpp,1.0,0.1,2,4075,29,9,8,2,79,0.05330116189865598
new_cpp,1.0,0.1,2,4076,29,9,8,2,79,0.04479792354694541
new_cpp,1.0,0.1,2,4077,30,12,4,3,61,0.05359281922374123
new_cpp,1.0,0.1,2,4078,27,7,8,4,91,0.04403761025688831
new_cpp,1.0,0.1,2,4079,29,11,6,2,67,0.03967630399197237
new_cpp,1.0,0.1,2,4080,33,11,6,4,81,0.041356574198647474
new_cpp,1.0,0.1,2,4081,29,9,8,2,79,0.04853995421650634
new_cpp,1.0,0.1,2,4082,35,13,6,2,69,0.0153155161864695
new_cpp,1.0,0.1,2,4083,25,7,8,2,77,0.027104997134995867
new_cpp,1.0,0.1,2,4084,27,9,8,0,65,0.023453406965622026
new_cpp,1.0,0.1,2,4085,33,15,4,0,43,0.026526070689826126
new_cpp,1.0,0.1,2,4086,26,9,4,3,58,0.015651070398006915
new_cpp,1.0,0.1,2,4087,24,7,7,2,70,0.05106335619660327
new_cpp,1.0,0.1,2,4088,24,7,5,4,70,0.04189841679898967
new_cpp,1.0,0.1,2,4089,21,5,8,4,89,0.05542344628621333
new_cpp,1.0,0.1,2,4090,31,9,6,6,93,0.03090356841764595
new_cpp,1.0,0.1,2,4091,29,9,6,4,79,0.05710017847306609
new_cpp,1.0,0.1,2,4092,23,5,10,2,89,0.021696751895274972
new_cpp,1.0,0.1,2,4093,25,7,6,6,91,0.05720559455118085
new_cpp,1.0,0.1,2,4094,30,9,6,5,86,0.0561022197412589
new_cpp,1.0,0.1,2,4095,21,3,10,4,101,0.04595620427262436
new_cpp,1.0,0.1,2,4096,29,9,8,2,79,0.05779314325855025
new_cpp,1.0,0.1,2,4097,25,9,6,2,65,0.04951631138986705
new_cpp,1.0,0.1,2,4098,26,10,4,3,59,0.047873287228373904
new_cpp,1.0,0.1,2,4099,35,15,4,2,57,0.054392665247165406
new_cpp,1.0,0.1,2,4100,29,9,8,2,79,0.03178867975136069
new_cpp,1.0,0.1,2,4101,42,18,2,3,53,0.06077934166251835
new_cpp,1.0,0.1,2,4102,41,17,4,2,59,0.06285250252949587
new_cpp,1.0,0.1,2,4103,28,11,4,2,53,0.06780248361379274
new_cpp,1.0,0.1,2,4104,30,13,4,0,41,0.04560120254939211
new_cpp,1.0,0.1,2,4105,35,13,6,2,69,0.024494677365780412
new_cpp,1.0,0.1,2,4106,29,9,8,2,79,0.06777698217735813
new_cpp,1.0,0.1,2,4107,35,13,6,2,69,0.06131109014643926
new_cpp,1.0,0.1,2,4108,41,17,4,2,59,0.042701494488947674
new_cpp,1.0,0.1,2,4109,35,15,4,2,57,0.022683912552377603
new_cpp,1.0,0.1,2,4110,33,11,6,4,81,0.059874615589787086
new_cpp,1.0,0.1,2,4111,19,3,8,4,87,0.054558978812968374
new_cpp,1.0,0.1,2,4112,23,5,10,2,89,0.05615295724445603
new_cpp,1.0,0.1,2,4113,21,3,10,4,101,0.021554999010235006
new_cpp,1.0,0.1,2,4114,29,9,8,2,79,0.056695342659292255
new_cpp,1.0,0.1,2,4115,27,7,6,6,91,0.05080107343991452
new_cpp,1.0,0.1,2,4116,31,9,6,6,93,0.04916351335912402
new_cpp,1.0,0.1,2,4117,16,1,10,3,92,0.03479859171392068
new_cpp,1.0,0.1,2,4118,27,9,8,0,65,0.05309368262032819
new_cpp,1.0,0.1,2,4119,26,10,4,3,59,0.0323289493371933
new_cpp,1.0,0.1,2,4120,27,11,4,2,53,0.02761939988872593
new_cpp,1.0,0.1,2,4121,35,15,4,2,57,0.044604165518795716
new_cpp,1.0,0.1,2,4122,27,7,8,4,91,0.04235922286883539
new_cpp,1.0,0.1,2,4123,29,11,6,2,67,0.04739973790469099
new_cpp,1.0,0.1,2,4124,29,11,6,2,67,0.036300010580501155
new_cpp,1.0,0.1,2,4125,41,17,4,2,59,0.0320488551981323
new_cpp,1.0,0.1,2,4126,27,7,8,4,91,0.042243260308834796
new_cpp,1.0,0.1,2,4127,23,5,10,2,89,0.021192021905928938
new_cpp,1.0,0.1,2,4128,33,11,6,4,81,0.048649918419441426
new_cpp,1.0,0.1,2,4129,27,9,8,0,65,0.06505376234396476
new_cpp,1.0,0.1,2,4130,34,14,4,1,49,0.06435704291950886
new_cpp,1.0,0.1,2,4131,31,11,6,2,67,0.05887196084434578
new_cpp,1.0,0.1,2,4132,23,7,6,2,63,0.06132805235862974
new_cpp,1.0,0.1,2,4133,28,7,6,7,98,0.05837032392390473
new_cpp,1.0,0.1,2,4134,29,11,6,2,67,0.05505350375286544
new_cpp,1.0,0.1,2,4135,31,11,6,2,67,0.034680506412969096
new_cpp,1.0,0.1,2,4136,27,11,2,4,53,0.03505947616005591
new_cpp,1.0,0.1,2,4137,30,11,4,4,67,0.029356425862773945
new_cpp,1.0,0.1,2,4138,40,17,3,2,52,0.024539471576235268
new_cpp,1.0,0.1,2,4139,27,7,8,4,91,0.049841915547457684
new_cpp,1.0,0.1,2,4140,30,12,4,3,61,0.04422453597673006
new_cpp,1.0,0.1,2,4141,27,9,4,5,72,0.060984598179300145
new_cpp,1.0,0.1,2,4142,40,17,1,4,52,0.061127091372297285
new_cpp,1.0,0.1,2,4143,30,12,4,3,61,0.06020455677158394
new_cpp,1.0,0.1,2,4144,27,7,6,6,91,0.060433348897587516
new_cpp,1.0,0.1,2,4145,41,17,4,2,59,0.056417340874747035
new_cpp,1.0,0.1,2,4146,35,13,6,2,69,0.05591013302311936
new_cpp,1.0,0.1,2,4147,29,9,8,2,79,0.048759494528133496
new_cpp,1.0,0.1,2,4148,29,9,8,2,79,0.04786588091871652
new_cpp,1.0,0.1,2,4149,25,7,6,4,77,0.03987994194773266
new_cpp,1.0,0.1,2,4150,33,11,6,4,81,0.03707562990716412
new_cpp,1.0,0.1,2,4151,30,13,2,3,48,0.04343144448826244
new_cpp,1.0,0.1,2,4152,28,12,4,1,47,0.029314029240767866
new_cpp,1.0,0.1,2,4153,33,13,6,0,55,0.02295124307201628
new_cpp,1.0,0.1,2,4154,27,9,8,0,65,0.044557294487460375
new_cpp,1.0,0.1,2,4155,38,17,2,3,52,0.02403729297951085
new_cpp,1.0,0.1,2,4156,35,15,2,4,57,0.037616374611322334
new_cpp,1.0,0.1,2,4157,35,13,6,2,69,0.05237301544842664
new_cpp,1.0,0.1,2,4158,29,9,8,2,79,0.05506308119376407
new_cpp,1.0,0.1,2,4159,29,11,2,6,67,0.05828177612417612
new_cpp,1.0,0.1,2,4160,23,5,10,2,89,0.05202205113006587
new_cpp,1.0,0.1,2,4161,33,13,4,4,69,0.06792558342005245
new_cpp,1.0,0.1,2,4162,27,9,6,4,79,0.04302403301097787
new_cpp,1.0,0.1,2,4163,33,13,4,4,69,0.05293589559639888
new_cpp,1.0,0.1,2,4164,41,17,4,2,59,0.0532500872095877
new_cpp,1.0,0.1,2,4165,44,19,2,3,54,0.05413880414414366
new_cpp,1.0,0.1,2,4166,35,15,4,2,57,0.049103576260185425
new_cpp,1.0,0.1,2,4167,27,7,8,4,91,0.05323316322758265
new_cpp,1.0,0.1,2,4168,34,13,5,2,62,0.044190920891550536
new_cpp,1.0,0.1,2,4169,26,7,8,3,84,0.04062752611361947
new_cpp,1.0,0.1,2,4170,27,7,8,4,91,0.052188662069312344
new_cpp,1.0,0.1,2,4171,35,13,4,4,69,0.0682831195227237
new_cpp,1.0,0.1,2,4172,35,15,4,2,57,0.06240903602926029
new_cpp,1.0,0.1,2,4173,25,7,6,4,77,0.051125120204706394
new_cpp,1.0,0.1,2,4174,20,3,9,4,94,0.046960569302091915
new_cpp,1.0,0.1,2,4175,27,11,6,0,53,0.03878126341020699
new_cpp,1.0,0.1,2,4176,30,13,4,1,48,0.04844757583646802
new_cpp,1.0,0.1,2,4177,36,14,4,3,63,0.0421546792114403
new_cpp,1.0,0.1,2,4178,35,13,6,2,69,0.05797999057097805
new_cpp,1.0,0.1,2,4179,35,13,6,2,69,0.06850718387497093
new_cpp,1.0,0.1,2,4180,29,9,8,2,79,0.06933735774354517
new_cpp,1.0,0.1,2,4181,27,9,8,0,65,0.06688551064602173
new_cpp,1.0,0.1,2,4182,27,11,4,2,53,0.06963022107726524
new_cpp,1.0,0.1,2,4183,33,11,6,4,81,0.06727431226794305
new_cpp,1.0,0.1,2,4184,31,11,4,6,81,0.059094267102528526
new_cpp,1.0,0.1,2,4185,34,13,5,2,62,0.04854536234357134
new_cpp,1.0,0.1,2,4186,34,13,5,2,62,0.03752183685029828
new_cpp,1.0,0.1,2,4187,24,5,8,5,96,0.029719189721590017
new_cpp,1.0,0.1,2,4188,31,13,0,6,55,0.045741178588538225
new_cpp,1.0,0.1,2,4189,31,11,4,4,67,0.0584601686465985
new_cpp,1.0,0.1,2,4190,33,13,6,0,55,0.04042892931638826
new_cpp,1.0,0.1,2,4191,35,13,6,2,69,0.05764012217167189
new_cpp,1.0,0.1,2,4192,28,11,2,5,60,0.056805412863264626
new_cpp,1.0,0.1,2,4193,33,13,4,4,69,0.05241239976345955
new_cpp,1.0,0.1,2,4194,33,13,4,4,69,0.06070777257098361
new_cpp,1.0,0.1,2,4195,29,9,4,6,79,0.048811509569333465
new_cpp,1.0,0.1,2,4196,27,7,6,6,91,0.062217888371194054
new_cpp,1.0,0.1,2,4197,27,7,6,6,91,0.03984758473652632
new_cpp,1.0,0.1,2,4198,35,15,4,2,57,0.06411111394471927
new_cpp,1.0,0.1,2,4199,39,15,4,4,71,0.06464612593989355
new_cpp,1.0,0.1,2,4200,31,9,6,6,93,0.03326542517045002
new_cpp,1.0,0.1,2,4201,41,17,4,2,59,0.06486496006647932
new_cpp,1.0,0.1,2,4202,23,5,6,8,103,0.02418267544736405
new_cpp,1.0,0.1,2,4203,26,7,7,4,84,0.017048122859463093
new_cpp,1.0,0.1,2,4204,27,7,8,4,91,0.06485381121000802
new_cpp,1.0,0.1,2,4205,35,13,6,2,69,0.04052124811433807
new_cpp,1.0,0.1,2,4206,25,9,4,4,65,0.0394227663716308
new_cpp,1.0,0.1,2,4207,35,15,4,2,57,0.037345521915940816
new_cpp,1.0,0.1,2,4208,41,17,4,2,59,0.03529693882933528
new_cpp,1.0,0.1,2,4209,29,11,6,2,67,0.031991694901938914
new_cpp,1.0,0.1,2,4210,35,15,4,2,57,0.034709343488995306
new_cpp,1.0,0.1,2,4211,26,7,7,4,84,0.05472191669984557
new_cpp,1.0,0.1,2,4212,27,9,4,5,72,0.056843991372067595
new_cpp,1.0,0.1,2,4213,35,15,4,2,57,0.0513403598561133
new_cpp,1.0,0.1,2,4214,41,17,4,2,59,0.058404030447991105
new_cpp,1.0,0.1,2,4215,35,15,4,2,57,0.04128281734650076
new_cpp,1.0,0.1,2,4216,28,7,6,7,98,0.05908822759820044
new_cpp,1.0,0.1,2,4217,35,15,4,2,57,0.05865741032115986
new_cpp,1.0,0.1,2,4218,33,11,4,6,81,0.03608459243225442
new_cpp,1.0,0.1,2,4219,35,13,6,2,69,0.022762851779849394
new_cpp,1.0,0.1,2,4220,35,13,6,2,69,0.03343086108060415
new_cpp,1.0,0.1,2,4221,35,13,6,2,69,0.015905726966481668
new_cpp,1.0,0.1,2,4222,38,17,0,5,52,0.03469745730917935
new_cpp,1.0,0.1,2,4223,35,15,4,2,57,0.05730906094073534
new_cpp,1.0,0.1,2,4224,38,15,4,3,64,0.02464320305305518
new_cpp,1.0,0.1,2,4225,29,9,8,2,79,0.046185659528945315
new_cpp,1.0,0.1,2,4226,35,13,6,2,69,0.051099365353415166
new_cpp,1.0,0.1,2,4227,35,13,4,4,69,0.040952519415192276
new_cpp,1.0,0.1,2,4228,39,17,2,4,59,0.04934964222091029
new_cpp,1.0,0.1,2,4229,39,15,4,4,71,0.018641027119044865
new_cpp,1.0,0.1,2,4230,41,19,2,2,47,0.01793304188771488
new_cpp,1.0,0.1,2,4231,26,7,8,3,84,0.04509986591265842
new_cpp,1.0,0.1,2,4232,25,7,6,6,91,0.05414344262401494
new_cpp,1.0,0.1,2,4233,35,13,6,2,69,0.03020586603922884
new_cpp,1.0,0.1,2,4234,30,10,6,3,73,0.042075489170511654
new_cpp,1.0,0.1,2,4235,31,13,2,4,55,0.018574767230273903
new_cpp,1.0,0.1,2,4236,25,7,8,2,77,0.04130320692872266
new_cpp,1.0,0.1,2,4237,43,19,2,2,47,0.062276106781772714
new_cpp,1.0,0.1,2,4238,37,15,4,2,57,0.03155488168289792
new_cpp,1.0,0.1,2,4239,27,7,8,4,91,0.042142682658148196
new_cpp,1.0,0.1,2,4240,35,13,6,2,69,0.04574487023192445
new_cpp,1.0,0.1,2,4241,31,11,6,2,67,0.03642202130293964
new_cpp,1.0,0.1,2,4242,35,17,0,2,31,0.04861245744335183
new_cpp,1.0,0.1,2,4243,31,13,4,2,55,0.014979298445182138
new_cpp,1.0,0.1,2,4244,25,7,8,2,77,0.05112906803961798
new_cpp,1.0,0.1,2,4245,27,9,6,2,65,0.05055691276005174
new_cpp,1.0,0.1,2,4246,26,7,6,5,84,0.026220323207651646
new_cpp,1.0,0.1,2,4247,28,11,4,3,60,0.0400054424202327
new_cpp,1.0,0.1,2,4248,29,11,4,4,67,0.045311110023544945
new_cpp,1.0,0.1,2,4249,37,17,2,2,45,0.025082584499687758
new_cpp,1.0,0.1,2,4250,31,13,4,2,55,0.049687341550744266
new_cpp,1.0,0.1,2,4251,31,11,3,5,67,0.03702252014728647
new_cpp,1.0,0.1,2,4252,32,15,2,0,29,0.04208585090593709
new_cpp,1.0,0.1,2,4253,37,15,2,4,57,0.045655567742486615
new_cpp,1.0,0.1,2,4254,31,11,4,4,67,0.02458769868185617
new_cpp,1.0,0.1,2,4255,36,16,2,3,51,0.05755501418028262
new_cpp,1.0,0.1,2,4256,41,17,4,2,59,0.06218523978145786
new_cpp,1.0,0.1,2,4257,39,15,4,4,71,0.06324108419510932
new_cpp,1.0,0.1,2,4258,35,13,6,2,69,0.03689249667389236
new_cpp,1.0,0.1,2,4259,32,13,5,0,48,0.05671461952272939
new_cpp,1.0,0.1,2,4260,27,9,8,0,65,0.061150982447146354
new_cpp,1.0,0.1,2,4261,41,17,4,2,59,0.052927344002297864
new_cpp,1.0,0.1,2,4262,35,13,6,2,69,0.062294872391189304
new_cpp,1.0,0.1,2,4263,18,1,10,5,106,0.06235805301684919
new_cpp,1.0,0.1,2,4264,27,7,8,4,91,0.04199274008288448
new_cpp,1.0,0.1,2,4265,35,13,6,2,69,0.06174639011152299
new_cpp,1.0,0.1,2,4266,41,17,4,2,59,0.03639067692542794
new_cpp,1.0,0.1,2,4267,31,11,6,2,67,0.048863103260340546
new_cpp,1.0,0.1,2,4268,29,9,6,4,79,0.05540887551910371
new_cpp,1.0,0.1,2,4269,31,11,6,2,67,0.032620666348450796
new_cpp,1.0,0.1,2,4270,37,15,4,2,57,0.06195219378089224
new_cpp,1.0,0.1,2,4271,36,15,3,2,50,0.050146856116285915
new_cpp,1.0,0.1,2,4272,29,11,3,3,53,0.057003133460495174
new_cpp,1.0,0.1,2,4273,31,11,4,4,67,0.06334586432913972
new_cpp,1.0,0.1,2,4274,37,15,2,4,57,0.03603423126531609
new_cpp,1.0,0.1,2,4275,23,5,8,4,89,0.029791132191587178
new_cpp,1.0,0.1,2,4276,23,7,4,4,63,0.03449825692636706
new_cpp,1.0,0.1,2,4277,31,11,6,2,67,0.03703236513315856
new_cpp,1.0,0.1,2,4278,37,15,4,2,57,0.0159168203069648
new_cpp,1.0,0.1,2,4279,31,11,6,2,67,0.04926421776863843
new_cpp,1.0,0.1,2,4280,33,15,2,2,43,0.05215341198105327
new_cpp,1.0,0.1,2,4281,34,13,5,2,62,0.052374576214015825
new_cpp,1.0,0.1,2,4282,35,13,6,2,69,0.04739783499879321
new_cpp,1.0,0.1,2,4283,27,9,6,2,65,0.046195617533604114
new_cpp,1.0,0.1,2,4284,33,13,4,2,55,0.05233422017975691
new_cpp,1.0,0.1,2,4285,35,15,4,2,57,0.05173817616651124
new_cpp,1.0,0.1,2,4286,41,19,2,2,47,0.042400391346165744
new_cpp,1.0,0.1,2,4287,29,9,8,2,79,0.05016838540263455
new_cpp,1.0,0.1,2,4288,35,13,4,4,69,0.03641429545625903
new_cpp,1.0,0.1,2,4289,34,14,4,1,49,0.0485913628801675
new_cpp,1.0,0.1,2,4290,31,11,6,2,67,0.031092255050177722
new_cpp,1.0,0.1,2,4291,39,15,4,4,71,0.04759855850111833
new_cpp,1.0,0.1,2,4292,32,11,5,4,74,0.043851195588337916
new_cpp,1.0,0.1,2,4293,24,6,8,3,83,0.04395259179372564
new_cpp,1.0,0.1,2,4294,29,9,6,4,79,0.03331571118612966
new_cpp,1.0,0.1,2,4295,33,11,4,6,81,0.04176786055436742
new_cpp,1.0,0.1,2,4296,41,17,4,2,59,0.027967728279372387
new_cpp,1.0,0.1,2,4297,29,9,8,2,79,0.06985000161338553
new_cpp,1.0,0.1,2,4298,46,21,1,2,42,0.06876689666577901
new_cpp,1.0,0.1,2,4299,41,19,2,2,47,0.06665450187465882
new_cpp,1.0,0.1,2,4300,31,11,4,6,81,0.06894005622649985
new_cpp,1.0,0.1,2,4301,30,11,4,4,67,0.06802323470005797
new_cpp,1.0,0.1,2,4302,35,13,6,2,69,0.06505565906571424
new_cpp,1.0,0.1,2,4303,27,7,8,4,91,0.061047243160437185
new_cpp,1.0,0.1,2,4304,33,13,4,4,69,0.06543286379244219
new_cpp,1.0,0.1,2,4305,33,11,6,4,81,0.04170387656748745
new_cpp,1.0,0.1,2,4306,32,13,4,2,55,0.043146330526182226
new_cpp,1.0,0.1,2,4307,41,19,2,2,47,0.05991033480862884
new_cpp,1.0,0.1,2,4308,35,13,6,2,69,0.05309702537643566
new_cpp,1.0,0.1,2,4309,29,9,8,2,79,0.03737760278617565
new_cpp,1.0,0.1,2,4310,29,9,8,2,79,0.029994336839666652
new_cpp,1.0,0.1,2,4311,25,5,8,6,103,0.06411993113972428
new_cpp,1.0,0.1,2,4312,27,7,8,4,91,0.06400510139334971
new_cpp,1.0,0.1,2,4313,47,23,0,2,37,0.06230173896817035
new_cpp,1.0,0.1,2,4314,29,11,4,4,67,0.061737289853477324
new_cpp,1.0,0.1,2,4315,41,17,4,2,59,0.06028111350242138
new_cpp,1.0,0.1,2,4316,27,7,8,4,91,0.06101665555141742
new_cpp,1.0,0.1,2,4317,25,7,6,4,77,0.04864176235685756
new_cpp,1.0,0.1,2,4318,29,9,8,2,79,0.05039808468350048
new_cpp,1.0,0.1,2,4319,29,11,6,2,67,0.06336808123047957
new_cpp,1.0,0.1,2,4320,33,11,6,4,81,0.061970798384931414
new_cpp,1.0,0.1,2,4321,45,23,0,0,23,0.06393080833345582
new_cpp,1.0,0.1,2,4322,25,9,6,2,65,0.057041444409339344
new_cpp,1.0,0.1,2,4323,35,13,4,4,69,0.03523680137758768
new_cpp,1.0,0.1,2,4324,30,9,6,5,86,0.05755198355561063
new_cpp,1.0,0.1,2,4325,31,11,4,4,67,0.06812570488001107
new_cpp,1.0,0.1,2,4326,38,17,2,2,45,0.06568712510923269
new_cpp,1.0,0.1,2,4327,32,13,4,2,55,0.05949831737354367
new_cpp,1.0,0.1,2,4328,41,17,4,2,59,0.05887342829622392
new_cpp,1.0,0.1,2,4329,33,13,6,0,55,0.05341532650319754
new_cpp,1.0,0.1,2,4330,24,7,7,2,70,0.05746093934340526
new_cpp,1.0,0.1,2,4331,33,15,4,0,43,0.04942745347853471
new_cpp,1.0,0.1,2,4332,36,17,2,1,38,0.055132331929827076
new_cpp,1.0,0.1,2,4333,29,9,8,2,79,0.054469343515714176
new_cpp,1.0,0.1,2,4334,32,11,4,5,74,0.048341220492174077
new_cpp,1.0,0.1,2,4335,35,13,6,2,69,0.04397970303783304
new_cpp,1.0,0.1,2,4336,34,15,0,5,50,0.03252107562818244
new_cpp,1.0,0.1,2,4337,33,13,4,2,55,0.06501644029524095
new_cpp,1.0,0.1,2,4338,24,7,8,1,70,0.06439974947431394
new_cpp,1.0,0.1,2,4339,39,17,4,0,45,0.06399419331082651
new_cpp,1.0,0.1,2,4340,27,9,6,2,65,0.05754380483175823
new_cpp,1.0,0.1,2,4341,27,9,6,4,79,0.05285431058415855
new_cpp,1.0,0.1,2,4342,33,11,6,4,81,0.05545695061257161
new_cpp,1.0,0.1,2,4343,30,11,3,4,60,0.04837372654201632
new_cpp,1.0,0.1,2,4344,27,7,8,4,91,0.05986310137832295
new_cpp,1.0,0.1,2,4345,35,13,6,2,69,0.04386402747255877
new_cpp,1.0,0.1,2,4346,33,11,6,4,81,0.057682284505760094
new_cpp,1.0,0.1,2,4347,39,17,2,4,59,0.056695564298175606
new_cpp,1.0,0.1,2,4348,33,13,4,4,69,0.04414672428342447
new_cpp,1.0,0.1,2,4349,27,7,8,4,91,0.06284301619804185
new_cpp,1.0,0.1,2,4350,20,3,9,4,94,0.057190347222462495
new_cpp,1.0,0.1,2,4351,33,11,6,4,81,0.06201242367860029
new_cpp,1.0,0.1,2,4352,33,11,6,4,81,0.05347355302365226
new_cpp,1.0,0.1,2,4353,27,7,8,4,91,0.052076342219087475
new_cpp,1.0,0.1,2,4354,22,6,6,5,83,0.0505780579389901
new_cpp,1.0,0.1,2,4355,33,15,2,2,43,0.05237838951790917
new_cpp,1.0,0.1,2,4356,33,15,4,0,43,0.04485053777251644
new_cpp,1.0,0.1,2,4357,26,7,6,5,84,0.04175049672087171
new_cpp,1.0,0.1,2,4358,25,7,8,2,77,0.05172821003471933
new_cpp,1.0,0.1,2,4359,29,11,4,4,67,0.04276554889250643
new_cpp,1.0,0.1,2,4360,39,15,4,4,71,0.05825059197608605
new_cpp,1.0,0.1,2,4361,39,17,4,0,45,0.035399770695043874
new_cpp,1.0,0.1,2,4362,29,9,6,4,79,0.04993454165502614
new_cpp,1.0,0.1,2,4363,37,15,4,2,57,0.04938513157744885
new_cpp,1.0,0.1,2,4364,26,9,7,0,58,0.03359831535880617
new_cpp,1.0,0.1,2,4365,39,15,4,4,71,0.05954576179074615
new_cpp,1.0,0.1,2,4366,39,17,2,4,59,0.05568303383772937
new_cpp,1.0,0.1,2,4367,33,11,6,4,81,0.0642238112567555
new_cpp,1.0,0.1,2,4368,35,13,6,2,69,0.04479487845105775
new_cpp,1.0,0.1,2,4369,35,13,4,4,69,0.058406769843708954
new_cpp,1.0,0.1,2,4370,33,13,4,4,69,0.05729951593949134
new_cpp,1.0,0.1,2,4371,35,13,2,6,69,0.05909799262685917
new_cpp,1.0,0.1,2,4372,29,9,8,2,79,0.0472661990110438
new_cpp,1.0,0.1,2,4373,35,15,4,2,57,0.03352206146626796
new_cpp,1.0,0.1,2,4374,29,9,8,2,79,0.055856958122528784
new_cpp,1.0,0.1,2,4375,22,5,6,5,82,0.05970652747132789
new_cpp,1.0,0.1,2,4376,20,5,5,4,68,0.050337722407318236
new_cpp,1.0,0.1,2,4377,26,8,6,3,71,0.042179784485980885
new_cpp,1.0,0.1,2,4378,27,9,8,0,65,0.06250813283723028
new_cpp,1.0,0.1,2,4379,33,11,6,4,81,0.018574306697434696
new_cpp,1.0,0.1,2,4380,21,5,8,4,89,0.06445205667539414
new_cpp,1.0,0.1,2,4381,31,11,6,2,67,0.06075063169282206
new_cpp,1.0,0.1,2,4382,33,15,4,0,43,0.06263603664492683
new_cpp,1.0,0.1,2,4383,33,11,6,4,81,0.04669498484828427
new_cpp,1.0,0.1,2,4384,29,9,6,4,79,0.06682493351047893
new_cpp,1.0,0.1,2,4385,31,13,4,2,55,0.06628684038644601
new_cpp,1.0,0.1,2,4386,36,15,4,1,50,0.027732836393299733
new_cpp,1.0,0.1,2,4387,23,5,6,6,89,0.06126085423208433
new_cpp,1.0,0.1,2,4388,24,5,6,7,96,0.051470575075908326
new_cpp,1.0,0.1,2,4389,41,17,2,4,59,0.043078892650520374
new_cpp,1.0,0.1,2,4390,29,9,8,2,79,0.06429592940563425
new_cpp,1.0,0.1,2,4391,21,5,8,4,89,0.019036937675459827
new_cpp,1.0,0.1,2,4392,33,11,6,4,81,0.06663350600837382
new_cpp,1.0,0.1,2,4393,47,21,2,2,49,0.053004703047527475
new_cpp,1.0,0.1,2,4394,27,7,8,4,91,0.0543262913512448
new_cpp,1.0,0.1,2,4395,29,9,8,2,79,0.046632770096719095
new_cpp,1.0,0.1,2,4396,35,15,4,2,57,0.05597614829611777
new_cpp,1.0,0.1,2,4397,35,13,4,4,69,0.04122842434032678
new_cpp,1.0,0.1,2,4398,23,5,10,2,89,0.05561602749703309
new_cpp,1.0,0.1,2,4399,39,17,4,0,45,0.04333750364959328
new_cpp,1.0,0.1,2,4400,36,15,3,2,50,0.037109589650606456
new_cpp,1.0,0.1,2,4401,39,15,4,4,71,0.030072551335133407
new_cpp,1.0,0.1,2,4402,38,15,4,3,64,0.044028941539066904
new_cpp,1.0,0.1,2,4403,37,15,4,2,57,0.0437300550114594
new_cpp,1.0,0.1,2,4404,31,11,4,4,67,0.0243810087652544
new_cpp,1.0,0.1,2,4405,35,13,4,4,69,0.020145765911794906
new_cpp,1.0,0.1,2,4406,33,11,6,4,81,0.03174916315672942
new_cpp,1.0,0.1,2,4407,31,11,6,2,67,0.05304113645153826
new_cpp,1.0,0.1,2,4408,31,13,4,2,55,0.06431924298186951
new_cpp,1.0,0.1,2,4409,25,7,6,6,91,0.0533650104418684
new_cpp,1.0,0.1,2,4410,35,13,6,2,69,0.05184764507712114
new_cpp,1.0,0.1,2,4411,39,17,4,0,45,0.04863066017024803
new_cpp,1.0,0.1,2,4412,39,17,4,0,45,0.054897823212391374
new_cpp,1.0,0.1,2,4413,38,15,3,4,64,0.055507267660621834
new_cpp,1.0,0.1,2,4414,29,9,8,2,79,0.044744226713414964
new_cpp,1.0,0.1,2,4415,19,5,8,2,75,0.05539078639501975
new_cpp,1.0,0.1,2,4416,24,9,6,1,58,0.03872911608912661
new_cpp,1.0,0.1,2,4417,47,21,2,2,49,0.04109542645179485
new_cpp,1.0,0.1,2,4418,31,11,5,3,67,0.038003186083949196
new_cpp,1.0,0.1,2,4419,28,8,6,5,85,0.03511785955295238
new_cpp,1.0,0.1,2,4420,34,13,3,4,62,0.04239278312566554
new_cpp,1.0,0.1,2,4421,33,13,4,4,69,0.03184695307115483
new_cpp,1.0,0.1,2,4422,41,17,4,2,59,0.04311488331601482
new_cpp,1.0,0.1,2,4423,24,6,8,3,83,0.043485710947580206
new_cpp,1.0,0.1,2,4424,23,5,8,4,89,0.026963869053681054
new_cpp,1.0,0.1,2,4425,29,9,4,6,79,0.0199831635723016
new_cpp,1.0,0.1,2,4426,33,11,4,6,81,0.04338865897288174
new_cpp,1.0,0.1,2,4427,29,11,4,4,67,0.06070896418139278
new_cpp,1.0,0.1,2,4428,37,15,4,2,57,0.06308428136532027
new_cpp,1.0,0.1,2,4429,27,11,4,2,53,0.055952664467485716
new_cpp,1.0,0.1,2,4430,21,3,8,6,101,0.0606904486091658
new_cpp,1.0,0.1,2,4431,29,11,2,5,60,0.04673151965086687
new_cpp,1.0,0.1,2,4432,23,7,6,2,63,0.05505009576423448
new_cpp,1.0,0.1,2,4433,43,19,2,2,47,0.06925778230707907
new_cpp,1.0,0.1,2,4434,35,15,4,0,43,0.06079229073803707
new_cpp,1.0,0.1,2,4435,31,11,6,2,67,0.06967874710671465
new_cpp,1.0,0.1,2,4436,25,7,8,2,77,0.05278296648491432
new_cpp,1.0,0.1,2,4437,33,13,2,4,55,0.06786571355543836
new_cpp,1.0,0.1,2,4438,37,17,2,2,45,0.03789104158053965
new_cpp,1.0,0.1,2,4439,31,13,0,6,55,0.033713793697150204
new_cpp,1.0,0.1,2,4440,33,11,6,4,81,0.0366419996444716
new_cpp,1.0,0.1,2,4441,22,5,8,3,82,0.028851522038497498
new_cpp,1.0,0.1,2,4442,19,3,10,2,87,0.033642633110919404
new_cpp,1.0,0.1,2,4443,39,15,4,4,71,0.04737936601470808
new_cpp,1.0,0.1,2,4444,47,23,0,2,37,0.0413390902827477
new_cpp,1.0,0.1,2,4445,35,13,4,4,69,0.03774820891672239
new_cpp,1.0,0.1,2,4446,28,11,0,7,60,0.04084041281229686
new_cpp,1.0,0.1,2,4447,25,5,8,6,103,0.022332755368080513
new_cpp,1.0,0.1,2,4448,27,7,8,4,91,0.046273259887264835
new_cpp,1.0,0.1,2,4449,28,11,5,0,46,0.06373123360266703
new_cpp,1.0,0.1,2,4450,25,7,6,4,77,0.06019854454883349
new_cpp,1.0,0.1,2,4451,31,11,6,2,67,0.06576676862490403
new_cpp,1.0,0.1,2,4452,27,9,6,2,65,0.0553593490950733
new_cpp,1.0,0.1,2,4453,25,7,4,6,77,0.050028283347876505
new_cpp,1.0,0.1,2,4454,34,15,2,2,43,0.0665897604792358
new_cpp,1.0,0.1,2,4455,37,15,4,2,57,0.0667380107221304
new_cpp,1.0,0.1,2,4456,34,15,3,0,36,0.04565949669543897
new_cpp,1.0,0.1,2,4457,31,13,4,2,55,0.04393313402156946
new_cpp,1.0,0.1,2,4458,20,4,8,3,81,0.06671837011813245
new_cpp,1.0,0.1,2,4459,24,7,4,5,70,0.06545552395544559
new_cpp,1.0,0.1,2,4460,31,11,6,2,67,0.0255859894568114
new_cpp,1.0,0.1,2,4461,27,9,6,2,65,0.06008011647712601
new_cpp,1.0,0.1,2,4462,33,13,4,2,55,0.030170733589171193
new_cpp,1.0,0.1,2,4463,25,7,6,4,77,0.06444936172220164
new_cpp,1.0,0.1,2,4464,31,13,2,4,55,0.05336315983780779
new_cpp,1.0,0.1,2,4465,29,11,6,0,53,0.052821171682766815
new_cpp,1.0,0.1,2,4466,29,11,6,0,53,0.05247763325054759
new_cpp,1.0,0.1,2,4467,31,11,6,2,67,0.05087427148876958
new_cpp,1.0,0.1,2,4468,25,7,8,2,77,0.04814203067845317
new_cpp,1.0,0.1,2,4469,25,9,6,2,65,0.05071033741824627
new_cpp,1.0,0.1,2,4470,15,1,10,2,85,0.049001804407034416
new_cpp,1.0,0.1,2,4471,17,1,10,4,99,0.04571370671891434
new_cpp,1.0,0.1,2,4472,22,7,2,6,63,0.04473370259404833
new_cpp,1.0,0.1,2,4473,37,15,4,2,57,0.04829622274986576
new_cpp,1.0,0.1,2,4474,25,7,8,2,77,0.033911204093097155
new_cpp,1.0,0.1,2,4475,39,17,4,0,45,0.03689785905117473
new_cpp,1.0,0.1,2,4476,20,5,6,3,68,0.025353667430779693
new_cpp,1.0,0.1,2,4477,25,7,8,2,77,0.040610391420319525
new_cpp,1.0,0.1,2,4478,29,9,8,2,79,0.04731828441224571
new_cpp,1.0,0.1,2,4479,26,8,4,7,85,0.05099554268621012
new_cpp,1.0,0.1,2,4480,25,7,8,2,77,0.031170487677378046
new_cpp,1.0,0.1,2,4481,23,5,8,4,89,0.05843856654093436
new_cpp,1.0,0.1,2,4482,39,17,4,0,45,0.03621078061580731
new_cpp,1.0,0.1,2,4483,27,9,8,0,65,0.0327374148380894
new_cpp,1.0,0.1,2,4484,21,5,5,5,75,0.05378903933438848
new_cpp,1.0,0.1,2,4485,33,13,4,2,55,0.026566551475380364
new_cpp,1.0,0.1,2,4486,19,5,6,4,75,0.054087821620366815
new_cpp,1.0,0.1,2,4487,29,9,8,2,79,0.048961538354700115
new_cpp,1.0,0.1,2,4488,38,15,4,3,64,0.05282317081493032
new_cpp,1.0,0.1,2,4489,27,7,8,4,91,0.039355120424451204
new_cpp,1.0,0.1,2,4490,22,5,6,5,82,0.058474649954293176
new_cpp,1.0,0.1,2,4491,23,7,6,2,63,0.0439413457381394
new_cpp,1.0,0.1,2,4492,24,9,2,3,44,0.0402190045110879
new_cpp,1.0,0.1,2,4493,25,11,4,0,39,0.04454391947480896
new_cpp,1.0,0.1,2,4494,37,15,4,2,57,0.03443376259131854
new_cpp,1.0,0.1,2,4495,35,17,2,0,31,0.059806436004907086
new_cpp,1.0,0.1,2,4496,35,13,6,2,69,0.07039893137267544
new_cpp,1.0,0.1,2,4497,41,19,2,2,47,0.06936634670096878
new_cpp,1.0,0.1,2,4498,38,15,2,5,64,0.06729577881542331
new_cpp,1.0,0.1,2,4499,35,13,6,2,69,0.06947390097669263
new_cpp,1.0,0.1,2,4500,36,14,4,3,63,0.0657250709400903
new_cpp,1.0,0.1,2,4501,33,13,4,4,69,0.06855220693803746
new_cpp,1.0,0.1,2,4502,41,17,4,2,59,0.06595914669307257
new_cpp,1.0,0.1,2,4503,41,17,4,2,59,0.06178517071040085
new_cpp,1.0,0.1,2,4504,35,13,6,2,69,0.053982457736120884
new_cpp,1.0,0.1,2,4505,38,15,4,3,64,0.06045020569111049
new_cpp,1.0,0.1,2,4506,25,9,6,2,65,0.07023692549495368
new_cpp,1.0,0.1,2,4507,31,13,4,2,55,0.06373003707308597
new_cpp,1.0,0.1,2,4508,45,23,0,0,23,0.05588907776370729
new_cpp,1.0,0.1,2,4509,39,17,2,2,45,0.06843848262447742
new_cpp,1.0,0.1,2,4510,33,15,4,0,43,0.0637113767585131
new_cpp,1.0,0.1,2,4511,39,17,4,0,45,0.06393219493200739
new_cpp,1.0,0.1,2,4512,39,17,4,0,45,0.062312025092214424
new_cpp,1.0,0.1,2,4513,33,13,6,0,55,0.06122628250491068
new_cpp,1.0,0.1,2,4514,37,15,4,2,57,0.061099167103493265
new_cpp,1.0,0.1,2,4515,31,11,4,4,67,0.05968402786830877
new_cpp,1.0,0.1,2,4516,33,15,4,0,43,0.05569579044361225
new_cpp,1.0,0.1,2,4517,30,11,6,1,60,0.05781086970650961
new_cpp,1.0,0.1,2,4518,31,11,6,2,67,0.05088062670966207
new_cpp,1.0,0.1,2,4519,37,15,4,2,57,0.047493118597664745
new_cpp,1.0,0.1,2,4520,23,5,7,5,89,0.06031737355739005
new_cpp,1.0,0.1,2,4521,29,9,5,5,79,0.0579138295790728
new_cpp,1.0,0.1,2,4522,35,13,6,2,69,0.05923752965540226
new_cpp,1.0,0.1,2,4523,41,17,4,2,59,0.05609774997771988
new_cpp,1.0,0.1,2,4524,29,9,8,2,79,0.051459871884209606
new_cpp,1.0,0.1,2,4525,35,15,4,2,57,0.05618496581768415
new_cpp,1.0,0.1,2,4526,41,17,2,4,59,0.049554024276399294
new_cpp,1.0,0.1,2,4527,33,11,6,4,81,0.04182803169437479
new_cpp,1.0,0.1,2,4528,27,9,4,4,65,0.06060735759344298
new_cpp,1.0,0.1,2,4529,24,7,7,2,70,0.030578424159612653
new_cpp,1.0,0.1,2,4530,41,17,4,2,59,0.06104758212689574
new_cpp,1.0,0.1,2,4531,41,17,4,2,59,0.04767624396909384
new_cpp,1.0,0.1,2,4532,41,19,2,2,47,0.03324479311422698
new_cpp,1.0,0.1,2,4533,33,11,6,4,81,0.060887493315383595
new_cpp,1.0,0.1,2,4534,23,7,4,6,77,0.04345217382122232
new_cpp,1.0,0.1,2,4535,21,7,6,2,63,0.055192182414124484
new_cpp,1.0,0.1,2,4536,28,9,6,3,72,0.058107459486530476
new_cpp,1.0,0.1,2,4537,31,11,6,2,67,0.02658228521931722
new_cpp,1.0,0.1,2,4538,41,17,4,2,59,0.05357396177018855
new_cpp,1.0,0.1,2,4539,32,11,6,3,74,0.0501625052763693
new_cpp,1.0,0.1,2,4540,41,19,2,2,47,0.037844312371592075
new_cpp,1.0,0.1,2,4541,33,13,4,4,69,0.0539827044689596
new_cpp,1.0,0.1,2,4542,41,19,2,2,47,0.032570762431857435
new_cpp,1.0,0.1,2,4543,35,13,6,2,69,0.05430759668896225
new_cpp,1.0,0.1,2,4544,23,5,8,4,89,0.047957625848031205
new_cpp,1.0,0.1,2,4545,21,5,6,4,75,0.06172693962916999
new_cpp,1.0,0.1,2,4546,31,13,4,2,55,0.06610895765372181
new_cpp,1.0,0.1,2,4547,28,11,4,3,60,0.02980907574779139
new_cpp,1.0,0.1,2,4548,30,10,6,3,73,0.04733507075749207
new_cpp,1.0,0.1,2,4549,34,13,5,2,62,0.04446912331212378
new_cpp,1.0,0.1,2,4550,25,7,8,2,77,0.03500736972245441
new_cpp,1.0,0.1,2,4551,27,9,4,4,65,0.04977526474118848
new_cpp,1.0,0.1,2,4552,38,15,4,3,64,0.029760852207894307
new_cpp,1.0,0.1,2,4553,35,13,6,2,69,0.04981194488937101
new_cpp,1.0,0.1,2,4554,37,15,4,2,57,0.026239167633870186
new_cpp,1.0,0.1,2,4555,27,9,4,4,65,0.0344190104152119
new_cpp,1.0,0.1,2,4556,25,7,8,2,77,0.0636194171166051
new_cpp,1.0,0.1,2,4557,31,11,6,2,67,0.06566603689407817
new_cpp,1.0,0.1,2,4558,33,15,4,0,43,0.06226468490615853
new_cpp,1.0,0.1,2,4559,37,15,4,2,57,0.0657668389974549
new_cpp,1.0,0.1,2,4560,21,5,8,4,89,0.058708409363570496
new_cpp,1.0,0.1,2,4561,27,11,0,6,53,0.06511890532982047
new_cpp,1.0,0.1,2,4562,31,9,6,6,93,0.054680942384228125
new_cpp,1.0,0.1,2,4563,27,7,8,4,91,0.0637603281787783
new_cpp,1.0,0.1,2,4564,39,17,2,4,59,0.03543143363396139
new_cpp,1.0,0.1,2,4565,35,13,6,2,69,0.03338557690553613
new_cpp,1.0,0.1,2,4566,39,19,2,0,33,0.024341099190152
new_cpp,1.0,0.1,2,4567,33,15,4,0,43,0.035531326854803036
new_cpp,1.0,0.1,2,4568,29,9,8,2,79,0.05866410906933693
new_cpp,1.0,0.1,2,4569,23,7,4,5,70,0.06390977872825647
new_cpp,1.0,0.1,2,4570,41,17,4,2,59,0.05792230616018694
new_cpp,1.0,0.1,2,4571,47,21,2,2,49,0.06367258942467353
new_cpp,1.0,0.1,2,4572,33,11,6,4,81,0.05399165063753115
new_cpp,1.0,0.1,2,4573,33,13,4,4,69,0.06214764359595883
new_cpp,1.0,0.1,2,4574,41,19,2,2,47,0.06071049274720973
new_cpp,1.0,0.1,2,4575,33,13,4,4,69,0.05076066465936922
new_cpp,1.0,0.1,2,4576,26,9,6,2,65,0.05695809244473267
new_cpp,1.0,0.1,2,4577,31,9,6,6,93,0.042788506637007034
new_cpp,1.0,0.1,2,4578,35,13,6,2,69,0.022212565312865244
new_cpp,1.0,0.1,2,4579,35,13,6,2,69,0.03291728835959825
new_cpp,1.0,0.1,2,4580,33,11,6,4,81,0.06498683203126272
new_cpp,1.0,0.1,2,4581,35,13,6,2,69,0.06369511039778422
new_cpp,1.0,0.1,2,4582,35,15,4,2,57,0.06613779646432799
new_cpp,1.0,0.1,2,4583,23,5,10,2,89,0.061886567300721465
new_cpp,1.0,0.1,2,4584,35,13,6,2,69,0.06696702682992399
new_cpp,1.0,0.1,2,4585,33,13,4,4,69,0.0596848566516927
new_cpp,1.0,0.1,2,4586,33,11,6,4,81,0.06769279350794148
new_cpp,1.0,0.1,2,4587,35,13,6,2,69,0.05430959000248805
new_cpp,1.0,0.1,2,4588,39,17,2,4,59,0.06749835070438441
new_cpp,1.0,0.1,2,4589,29,9,6,4,79,0.048415434103942216
new_cpp,1.0,0.1,2,4590,29,9,4,6,79,0.043560589539767484
new_cpp,1.0,0.1,2,4591,41,17,4,2,59,0.06698908649479782
new_cpp,1.0,0.1,2,4592,39,15,4,4,71,0.031025655955298454
new_cpp,1.0,0.1,2,4593,39,17,2,4,59,0.035386247445734854
new_cpp,1.0,0.1,2,4594,31,11,4,6,81,0.02687451290564184
new_cpp,1.0,0.1,2,4595,33,11,6,4,81,0.03728101775389492
new_cpp,1.0,0.1,2,4596,35,13,6,2,69,0.030799670073220355
new_cpp,1.0,0.1,2,4597,41,19,2,2,47,0.06518523285789839
new_cpp,1.0,0.1,2,4598,19,3,8,4,87,0.06091500355642552
new_cpp,1.0,0.1,2,4599,29,9,6,4,79,0.06584820344991077
new_cpp,1.0,0.1,2,4600,29,9,8,2,79,0.05843638614108584
new_cpp,1.0,0.1,2,4601,31,11,4,4,67,0.06689186642021079
new_cpp,1.0,0.1,2,4602,29,11,4,4,67,0.053692956392571774
new_cpp,1.0,0.1,2,4603,23,5,10,2,89,0.0678831778163447
new_cpp,1.0,0.1,2,4604,33,11,6,4,81,0.05243219127444156
new_cpp,1.0,0.1,2,4605,29,9,8,2,79,0.06800867150403797
new_cpp,1.0,0.1,2,4606,21,5,8,4,89,0.045831339798743126
new_cpp,1.0,0.1,2,4607,21,3,10,4,101,0.06813250415164562
new_cpp,1.0,0.1,2,4608,41,17,2,4,59,0.06783590360483932
new_cpp,1.0,0.1,2,4609,31,11,4,4,67,0.040321471637468444
new_cpp,1.0,0.1,2,4610,41,17,4,2,59,0.03456884778018383
new_cpp,1.0,0.1,2,4611,36,14,4,3,63,0.029364338723845123
new_cpp,1.0,0.1,2,4612,29,11,6,2,67,0.06645459116804261
new_cpp,1.0,0.1,2,4613,27,7,8,4,91,0.024979787718924448
new_cpp,1.0,0.1,2,4614,21,5,10,0,75,0.05869659606013714
new_cpp,1.0,0.1,2,4615,23,5,8,4,89,0.0630860696165523
new_cpp,1.0,0.1,2,4616,35,13,6,2,69,0.06383536158100327
new_cpp,1.0,0.1,2,4617,29,9,6,4,79,0.039129228430548835
new_cpp,1.0,0.1,2,4618,35,13,6,2,69,0.05662258814854856
new_cpp,1.0,0.1,2,4619,33,11,6,4,81,0.05717134895404389
new_cpp,1.0,0.1,2,4620,23,7,6,2,63,0.05509875610812222
new_cpp,1.0,0.1,2,4621,27,9,8,0,65,0.05625630500411352
new_cpp,1.0,0.1,2,4622,39,17,4,0,45,0.04958233894494894
new_cpp,1.0,0.1,2,4623,38,17,3,0,38,0.05207877272435591
new_cpp,1.0,0.1,2,4624,33,13,6,0,55,0.04976320174196484
new_cpp,1.0,0.1,2,4625,28,9,6,3,72,0.04668202779753475
new_cpp,1.0,0.1,2,4626,36,15,4,1,50,0.054360882243377866
new_cpp,1.0,0.1,2,4627,27,9,8,0,65,0.06103834927774273
new_cpp,1.0,0.1,2,4628,29,11,4,2,53,0.0489979085343133
new_cpp,1.0,0.1,2,4629,39,17,4,0,45,0.061359364593088175
new_cpp,1.0,0.1,2,4630,35,15,4,2,57,0.04292969270014752
new_cpp,1.0,0.1,2,4631,37,15,2,4,57,0.060753961984494786
new_cpp,1.0,0.1,2,4632,39,17,4,0,45,0.05992878229016656
new_cpp,1.0,0.1,2,4633,39,17,4,0,45,0.03778259557699443
new_cpp,1.0,0.1,2,4634,34,14,4,1,49,0.050815012407213395
new_cpp,1.0,0.1,2,4635,39,17,4,0,45,0.04458716718192802
new_cpp,1.0,0.1,2,4636,26,7,7,4,84,0.05344809497046077
new_cpp,1.0,0.1,2,4637,24,5,8,5,96,0.053498625434512115
new_cpp,1.0,0.1,2,4638,25,7,6,4,77,0.052893637555425144
new_cpp,1.0,0.1,2,4639,33,11,6,4,81,0.05295582659606621
new_cpp,1.0,0.1,2,4640,38,15,3,4,64,0.04774441276606549
new_cpp,1.0,0.1,2,4641,29,9,8,2,79,0.04787995029539618
new_cpp,1.0,0.1,2,4642,23,5,10,2,89,0.04512302851384094
new_cpp,1.0,0.1,2,4643,23,5,6,6,89,0.0449545542918568
new_cpp,1.0,0.1,2,4644,27,7,8,4,91,0.05469158034343644
new_cpp,1.0,0.1,2,4645,29,9,6,4,79,0.05819482659163507
new_cpp,1.0,0.1,2,4646,27,9,4,5,72,0.05674795053628092
new_cpp,1.0,0.1,2,4647,28,9,7,2,72,0.036583934308121735
new_cpp,1.0,0.1,2,4648,32,13,5,0,48,0.06008767876657018
new_cpp,1.0,0.1,2,4649,29,11,5,1,53,0.05845152733231383
new_cpp,1.0,0.1,2,4650,33,11,6,4,81,0.061587163646278545
new_cpp,1.0,0.1,2,4651,35,13,6,2,69,0.05619547462580426
new_cpp,1.0,0.1,2,4652,41,17,4,2,59,0.06382513549005057
new_cpp,1.0,0.1,2,4653,39,15,4,4,71,0.04818400164836377
new_cpp,1.0,0.1,2,4654,30,13,4,0,41,0.032479014846720805
new_cpp,1.0,0.1,2,4655,20,5,9,0,68,0.06385084984583564
new_cpp,1.0,0.1,2,4656,25,7,8,2,77,0.05003026101550282
new_cpp,1.0,0.1,2,4657,31,11,6,2,67,0.04914702000363826
new_cpp,1.0,0.1,2,4658,23,7,8,2,77,0.04455555208528563
new_cpp,1.0,0.1,2,4659,27,7,8,4,91,0.04036317188669033
new_cpp,1.0,0.1,2,4660,33,15,4,0,43,0.036623133453927356
new_cpp,1.0,0.1,2,4661,39,19,2,0,33,0.04192982262744874
new_cpp,1.0,0.1,2,4662,32,13,4,3,62,0.04563680691227718
new_cpp,1.0,0.1,2,4663,39,15,4,4,71,0.049094914722185634
new_cpp,1.0,0.1,2,4664,29,9,8,2,79,0.03578109505088053
new_cpp,1.0,0.1,2,4665,31,11,4,6,81,0.045452819989516904
new_cpp,1.0,0.1,2,4666,29,9,8,2,79,0.04330805290340658
new_cpp,1.0,0.1,2,4667,41,17,4,2,59,0.030913414967125873
new_cpp,1.0,0.1,2,4668,35,13,4,4,69,0.057110257946466035
new_cpp,1.0,0.1,2,4669,35,15,4,2,57,0.050464818854628155
new_cpp,1.0,0.1,2,4670,41,17,4,2,59,0.060334985259426176
new_cpp,1.0,0.1,2,4671,29,9,8,2,79,0.03867375834090606
new_cpp,1.0,0.1,2,4672,25,7,8,2,77,0.06086715000591345
new_cpp,1.0,0.1,2,4673,33,13,6,0,55,0.028273588890724132
new_cpp,1.0,0.1,2,4674,35,13,4,4,69,0.04584328932631134
new_cpp,1.0,0.1,2,4675,33,11,6,4,81,0.04397923909195335
new_cpp,1.0,0.1,2,4676,35,13,6,2,69,0.045619195774243344
new_cpp,1.0,0.1,2,4677,26,9,6,2,65,0.042395507861372146
new_cpp,1.0,0.1,2,4678,39,15,4,4,71,0.045317533733685134
new_cpp,1.0,0.1,2,4679,38,15,4,3,64,0.04132875429011213
new_cpp,1.0,0.1,2,4680,23,5,8,4,89,0.04439666458063433
new_cpp,1.0,0.1,2,4681,33,15,4,0,43,0.038847814124320194
new_cpp,1.0,0.1,2,4682,39,17,4,0,45,0.043964601036133824
new_cpp,1.0,0.1,2,4683,27,9,8,0,65,0.0378230753485267
new_cpp,1.0,0.1,2,4684,35,13,6,2,69,0.04130488629722553
new_cpp,1.0,0.1,2,4685,27,7,8,4,91,0.03202519772301355
new_cpp,1.0,0.1,2,4686,23,5,8,4,89,0.056784068558982784
new_cpp,1.0,0.1,2,4687,25,7,8,2,77,0.06202516958749649
new_cpp,1.0,0.1,2,4688,23,5,6,6,89,0.05943021303887903
new_cpp,1.0,0.1,2,4689,23,5,8,4,89,0.048916446047672334
new_cpp,1.0,0.1,2,4690,33,13,2,4,55,0.06745541957223054
new_cpp,1.0,0.1,2,4691,39,19,2,0,33,0.06786936997911991
new_cpp,1.0,0.1,2,4692,23,5,8,4,89,0.0665419471101123
new_cpp,1.0,0.1,2,4693,27,7,6,6,91,0.06715091111609345
new_cpp,1.0,0.1,2,4694,27,9,6,4,79,0.0639381247925298
new_cpp,1.0,0.1,2,4695,33,11,6,4,81,0.06494018428584425
new_cpp,1.0,0.1,2,4696,39,17,4,0,45,0.058342900035118675
new_cpp,1.0,0.1,2,4697,25,7,8,2,77,0.05997785946846027
new_cpp,1.0,0.1,2,4698,27,9,8,0,65,0.0590935609999764
new_cpp,1.0,0.1,2,4699,33,13,6,0,55,0.057356597154698444
new_cpp,1.0,0.1,2,4700,38,17,2,3,52,0.03483422556955944
new_cpp,1.0,0.1,2,4701,31,9,6,6,93,0.034305397247842914
new_cpp,1.0,0.1,2,4702,39,17,2,4,59,0.031109389994325495
new_cpp,1.0,0.1,2,4703,41,17,4,2,59,0.02944359431700148
new_cpp,1.0,0.1,2,4704,24,7,3,6,70,0.030229646451644138
new_cpp,1.0,0.1,2,4705,32,11,5,4,74,0.02835740736554526
new_cpp,1.0,0.1,2,4706,29,9,8,2,79,0.05929016014259941
new_cpp,1.0,0.1,2,4707,28,9,7,2,72,0.05009139100910196
new_cpp,1.0,0.1,2,4708,31,9,6,6,93,0.06420558398838565
new_cpp,1.0,0.1,2,4709,34,13,5,2,62,0.03669535894949248
new_cpp,1.0,0.1,2,4710,37,15,4,2,57,0.06469423458937631
new_cpp,1.0,0.1,2,4711,31,11,6,2,67,0.03415870430183518
new_cpp,1.0,0.1,2,4712,41,17,4,2,59,0.06440789024470947
new_cpp,1.0,0.1,2,4713,32,11,6,3,74,0.06486882566990883
new_cpp,1.0,0.1,2,4714,35,13,6,2,69,0.06194554299838236
new_cpp,1.0,0.1,2,4715,35,13,4,4,69,0.06419358963645719
new_cpp,1.0,0.1,2,4716,34,12,4,5,75,0.06087556355203804
new_cpp,1.0,0.1,2,4717,41,17,4,2,59,0.05628115764590887
new_cpp,1.0,0.1,2,4718,35,13,4,4,69,0.05171286733123244
new_cpp,1.0,0.1,2,4719,35,15,4,2,57,0.05786197907227521
new_cpp,1.0,0.1,2,4720,38,17,2,3,52,0.027734667874540344
new_cpp,1.0,0.1,2,4721,29,9,8,2,79,0.025335002718146576
new_cpp,1.0,0.1,2,4722,28,10,4,3,59,0.027107093712478426
new_cpp,1.0,0.1,2,4723,28,9,6,3,72,0.0227813322229356
new_cpp,1.0,0.1,2,4724,29,9,8,2,79,0.05271710540538497
new_cpp,1.0,0.1,2,4725,25,5,8,6,103,0.044034785582733625
new_cpp,1.0,0.1,2,4726,24,5,8,5,96,0.05529292248018257
new_cpp,1.0,0.1,2,4727,23,7,4,6,77,0.04463042677309778
new_cpp,1.0,0.1,2,4728,41,19,2,2,47,0.047027114764724105
new_cpp,1.0,0.1,2,4729,30,10,6,3,73,0.0366963595985603
new_cpp,1.0,0.1,2,4730,31,11,6,2,67,0.04932839091462886
new_cpp,1.0,0.1,2,4731,35,15,2,2,43,0.031106135137690217
new_cpp,1.0,0.1,2,4732,33,11,6,4,81,0.06174430388451383
new_cpp,1.0,0.1,2,4733,38,15,4,3,64,0.06334839702049451
new_cpp,1.0,0.1,2,4734,29,9,4,6,79,0.05911636355188406
new_cpp,1.0,0.1,2,4735,29,11,6,2,67,0.06443422869844402
new_cpp,1.0,0.1,2,4736,25,7,8,2,77,0.05688676616143204
new_cpp,1.0,0.1,2,4737,33,13,6,0,55,0.06473793849941914
new_cpp,1.0,0.1,2,4738,21,7,8,0,63,0.05138399300358667
new_cpp,1.0,0.1,2,4739,23,5,8,4,89,0.06445949004301375
new_cpp,1.0,0.1,2,4740,15,1,12,0,85,0.06385539440611347
new_cpp,1.0,0.1,2,4741,19,3,10,2,87,0.04759127174874924
new_cpp,1.0,0.1,2,4742,33,11,6,4,81,0.04013925493753522
new_cpp,1.0,0.1,2,4743,33,11,6,4,81,0.06229050554072679
new_cpp,1.0,0.1,2,4744,28,10,4,3,59,0.041586122243632326
new_cpp,1.0,0.1,2,4745,31,11,4,4,67,0.04616126467645676
new_cpp,1.0,0.1,2,4746,30,9,6,5,86,0.04965795423553476
new_cpp,1.0,0.1,2,4747,24,7,6,5,84,0.05489279268505381
new_cpp,1.0,0.1,2,4748,31,9,6,6,93,0.05331486548862431
new_cpp,1.0,0.1,2,4749,29,9,6,4,79,0.036504554502341316
new_cpp,1.0,0.1,2,4750,25,9,6,0,51,0.043949161436794115
new_cpp,1.0,0.1,2,4751,19,5,8,0,61,0.05767773192399244
new_cpp,1.0,0.1,2,4752,28,9,6,3,72,0.0469385482628131
new_cpp,1.0,0.1,2,4753,27,9,6,2,65,0.050114376801587285
new_cpp,1.0,0.1,2,4754,38,17,3,0,38,0.04199162343861222
new_cpp,1.0,0.1,2,4755,23,7,6,2,63,0.05265470004220175
new_cpp,1.0,0.1,2,4756,30,11,4,5,74,0.03774678662627787
new_cpp,1.0,0.1,2,4757,35,15,2,4,57,0.05377345583866432
new_cpp,1.0,0.1,2,4758,25,7,8,2,77,0.026057386259384016
new_cpp,1.0,0.1,2,4759,24,7,7,2,70,0.0548238344418725
new_cpp,1.0,0.1,2,4760,23,5,8,4,89,0.031537828938036944
new_cpp,1.0,0.1,2,4761,18,1,10,5,106,0.0430308789693134
new_cpp,1.0,0.1,2,4762,29,9,8,2,79,0.026280389119956404
new_cpp,1.0,0.1,2,4763,24,5,8,5,96,0.04400253316115322
new_cpp,1.0,0.1,2,4764,41,17,4,2,59,0.03904363942716123
new_cpp,1.0,0.1,2,4765,33,11,6,4,81,0.04330253130277044
new_cpp,1.0,0.1,2,4766,26,7,8,3,84,0.032189570443580055
new_cpp,1.0,0.1,2,4767,37,15,2,4,57,0.0467384461863667
new_cpp,1.0,0.1,2,4768,41,17,4,2,59,0.025810116315122342
new_cpp,1.0,0.1,2,4769,33,11,6,4,81,0.04832265794589654
new_cpp,1.0,0.1,2,4770,22,5,5,6,82,0.030966282557150147
new_cpp,1.0,0.1,2,4771,38,17,2,2,45,0.03533239634048812
new_cpp,1.0,0.1,2,4772,29,9,6,4,79,0.06344274309513795
new_cpp,1.0,0.1,2,4773,34,13,5,2,62,0.0675891764622389
new_cpp,1.0,0.1,2,4774,35,13,6,2,69,0.0560848624041238
new_cpp,1.0,0.1,2,4775,32,11,3,6,74,0.050403747143125316
new_cpp,1.0,0.1,2,4776,27,7,8,4,91,0.06870495460656798
new_cpp,1.0,0.1,2,4777,33,11,6,4,81,0.06840942089959162
new_cpp,1.0,0.1,2,4778,35,13,6,2,69,0.024147521261815564
new_cpp,1.0,0.1,2,4779,37,17,2,2,45,0.05595340951365652
new_cpp,1.0,0.1,2,4780,33,11,6,4,81,0.05841823344757778
new_cpp,1.0,0.1,2,4781,35,13,6,2,69,0.05012707188867108
new_cpp,1.0,0.1,2,4782,41,19,2,2,47,0.030228505478500388
new_cpp,1.0,0.1,2,4783,38,17,2,3,52,0.05650272673809706
new_cpp,1.0,0.1,2,4784,30,9,6,5,86,0.06874509666245046
new_cpp,1.0,0.1,2,4785,32,13,4,2,55,0.06803578021953138
new_cpp,1.0,0.1,2,4786,25,7,8,2,77,0.06585455932863085
new_cpp,1.0,0.1,2,4787,33,13,6,0,55,0.06927137430959465
new_cpp,1.0,0.1,2,4788,30,9,6,5,86,0.06833691624108197
new_cpp,1.0,0.1,2,4789,23,5,10,2,89,0.060966405461280355
new_cpp,1.0,0.1,2,4790,23,5,10,2,89,0.05048481488308426
new_cpp,1.0,0.1,2,4791,35,13,6,2,69,0.04460936330366304
new_cpp,1.0,0.1,2,4792,24,5,8,5,96,0.040185825700991135
new_cpp,1.0,0.1,2,4793,27,7,8,4,91,0.04970826076913767
new_cpp,1.0,0.1,2,4794,41,17,4,2,59,0.06674256910353442
new_cpp,1.0,0.1,2,4795,44,19,2,3,54,0.06616743324820643
new_cpp,1.0,0.1,2,4796,22,4,8,5,95,0.0656340604264824
new_cpp,1.0,0.1,2,4797,39,15,4,4,71,0.05964017837103314
new_cpp,1.0,0.1,2,4798,40,17,3,2,52,0.06153425792940482
new_cpp,1.0,0.1,2,4799,47,21,2,2,49,0.05094485194254183
new_cpp,1.0,0.1,2,4800,35,13,6,2,69,0.04672025143794874
new_cpp,1.0,0.1,2,4801,29,9,8,2,79,0.05938645863888979
new_cpp,1.0,0.1,2,4802,29,9,8,2,79,0.05386974856404284
new_cpp,1.0,0.1,2,4803,32,12,2,5,61,0.060964251128041054
new_cpp,1.0,0.1,2,4804,39,15,4,4,71,0.036030610816233655
new_cpp,1.0,0.1,2,4805,29,9,8,2,79,0.06012461599294123
new_cpp,1.0,0.1,2,4806,24,7,6,4,77,0.05998153704563372
new_cpp,1.0,0.1,2,4807,31,11,6,2,67,0.05878591221773081
new_cpp,1.0,0.1,2,4808,25,7,8,2,77,0.05947740190427568
new_cpp,1.0,0.1,2,4809,41,17,4,2,59,0.05481418507275759
new_cpp,1.0,0.1,2,4810,35,13,6,2,69,0.05292845658302343
new_cpp,1.0,0.1,2,4811,33,13,4,4,69,0.03696304117829133
new_cpp,1.0,0.1,2,4812,34,13,3,4,62,0.03532237685314975
new_cpp,1.0,0.1,2,4813,33,11,6,4,81,0.033892591854298076
new_cpp,1.0,0.1,2,4814,27,11,6,0,53,0.05014810010772655
new_cpp,1.0,0.1,2,4815,31,11,6,2,67,0.0474032211502018
new_cpp,1.0,0.1,2,4816,41,17,4,2,59,0.029932078560297875
new_cpp,1.0,0.1,2,4817,35,15,4,2,57,0.03236585716528553
new_cpp,1.0,0.1,2,4818,24,6,6,5,83,0.034743070248136346
new_cpp,1.0,0.1,2,4819,23,5,8,4,89,0.05199412179872963
new_cpp,1.0,0.1,2,4820,33,13,2,4,55,0.06586943147778486
new_cpp,1.0,0.1,2,4821,31,13,3,1,41,0.06570238939654949
new_cpp,1.0,0.1,2,4822,16,3,8,2,73,0.06193195304467004
new_cpp,1.0,0.1,2,4823,31,11,6,2,67,0.06299877374783924
new_cpp,1.0,0.1,2,4824,25,7,6,4,77,0.05975130712090543
new_cpp,1.0,0.1,2,4825,25,7,8,2,77,0.058163733761150804
new_cpp,1.0,0.1,2,4826,43,19,2,2,47,0.056029426922583184
new_cpp,1.0,0.1,2,4827,30,10,4,5,73,0.053927190192636594
new_cpp,1.0,0.1,2,4828,32,12,4,3,61,0.05297829983886113
new_cpp,1.0,0.1,2,4829,26,9,4,5,72,0.05046637626198782
new_cpp,1.0,0.1,2,4830,28,9,4,5,72,0.06268752179092278
new_cpp,1.0,0.1,2,4831,37,15,4,2,57,0.062171274469633005
new_cpp,1.0,0.1,2,4832,29,11,6,0,53,0.05724043237416904
new_cpp,1.0,0.1,2,4833,31,11,6,2,67,0.06055866564844643
new_cpp,1.0,0.1,2,4834,35,15,4,0,43,0.05762668317673988
new_cpp,1.0,0.1,2,4835,37,15,4,2,57,0.052647989473349664
new_cpp,1.0,0.1,2,4836,19,5,6,2,61,0.051259369842310054
new_cpp,1.0,0.1,2,4837,21,3,8,6,101,0.04319073016337593
new_cpp,1.0,0.1,2,4838,33,11,6,4,81,0.0475686007803623
new_cpp,1.0,0.1,2,4839,33,11,6,4,81,0.04373234237891827
new_cpp,1.0,0.1,2,4840,35,13,6,2,69,0.03676814817584754
new_cpp,1.0,0.1,2,4841,37,15,2,4,57,0.04555088652231829
new_cpp,1.0,0.1,2,4842,26,7,6,5,84,0.03254052106892553
new_cpp,1.0,0.1,2,4843,33,11,6,4,81,0.04392124346610984
new_cpp,1.0,0.1,2,4844,23,5,7,5,89,0.061961029110951
new_cpp,1.0,0.1,2,4845,29,10,5,3,66,0.04585546064910007
new_cpp,1.0,0.1,2,4846,33,13,2,4,55,0.04581304622762202
new_cpp,1.0,0.1,2,4847,27,9,6,2,65,0.06536229214979877
new_cpp,1.0,0.1,2,4848,39,17,4,0,45,0.04812089527407843
new_cpp,1.0,0.1,2,4849,26,8,6,3,71,0.04503856432588833
new_cpp,1.0,0.1,2,4850,34,15,1,2,36,0.03713630724351301
new_cpp,1.0,0.1,2,4851,29,11,5,1,53,0.052398264291191585
new_cpp,1.0,0.1,2,4852,20,3,7,6,94,0.0676456574094003
new_cpp,1.0,0.1,2,4853,29,9,6,4,79,0.06816617534983373
new_cpp,1.0,0.1,2,4854,21,6,4,5,69,0.060939185710997636
new_cpp,1.0,0.1,2,4855,19,3,8,4,87,0.06939088511138666
new_cpp,1.0,0.1,2,4856,17,1,12,2,99,0.06865530256205796
new_cpp,1.0,0.1,2,4857,27,9,6,4,79,0.056612173003235254
new_cpp,1.0,0.1,2,4858,29,11,6,2,67,0.06530849958022851
new_cpp,1.0,0.1,2,4859,23,7,8,2,77,0.044626073758532885
new_cpp,1.0,0.1,2,4860,28,12,4,1,47,0.033189427358887844
new_cpp,1.0,0.1,2,4861,33,13,4,2,55,0.0351339795795355
new_cpp,1.0,0.1,2,4862,36,15,4,1,50,0.037072685196105355
new_cpp,1.0,0.1,2,4863,25,7,8,2,77,0.02724226862349513
new_cpp,1.0,0.1,2,4864,27,9,6,2,65,0.04620094116156973
new_cpp,1.0,0.1,2,4865,32,13,1,4,48,0.06616742269542548
new_cpp,1.0,0.1,2,4866,35,13,6,2,69,0.05062831377616835
new_cpp,1.0,0.1,2,4867,33,11,6,4,81,0.04737666163455255
new_cpp,1.0,0.1,2,4868,36,15,2,4,57,0.03919087216227774
new_cpp,1.0,0.1,2,4869,30,11,4,4,67,0.0552488944732036
new_cpp,1.0,0.1,2,4870,18,3,8,3,80,0.042064856072682205
new_cpp,1.0,0.1,2,4871,31,11,4,4,67,0.05857455088571288
new_cpp,1.0,0.1,2,4872,25,7,6,4,77,0.02623314931656939
new_cpp,1.0,0.1,2,4873,24,7,3,6,70,0.05919280187149923
new_cpp,1.0,0.1,2,4874,27,9,8,0,65,0.039736085345652476
new_cpp,1.0,0.1,2,4875,33,13,6,0,55,0.03703571865460027
new_cpp,1.0,0.1,2,4876,31,11,6,2,67,0.029535073895900793
new_cpp,1.0,0.1,2,4877,18,4,6,3,67,0.0431146253923359
new_cpp,1.0,0.1,2,4878,23,7,6,4,77,0.03413969159632784
new_cpp,1.0,0.1,2,4879,27,7,8,4,91,0.03157346272956675
new_cpp,1.0,0.1,2,4880,38,15,2,5,64,0.05550207939436298
new_cpp,1.0,0.1,2,4881,33,11,6,4,81,0.051787705739948744
new_cpp,1.0,0.1,2,4882,20,4,6,5,81,0.042700114336923965
new_cpp,1.0,0.1,2,4883,33,11,6,4,81,0.06098965565091669
new_cpp,1.0,0.1,2,4884,29,9,6,4,79,0.06571560961360097
new_cpp,1.0,0.1,2,4885,47,21,2,2,49,0.06301887667181937
new_cpp,1.0,0.1,2,4886,20,3,10,3,94,0.05954517592758902
new_cpp,1.0,0.1,2,4887,27,9,4,6,79,0.06639380581409277
new_cpp,1.0,0.1,2,4888,38,17,2,3,52,0.047052125372020616
new_cpp,1.0,0.1,2,4889,16,0,10,5,105,0.06434422805380913
new_cpp,1.0,0.1,2,4890,36,15,2,4,57,0.038985711080221454
new_cpp,1.0,0.1,2,4891,32,11,5,4,74,0.06217939794203873
new_cpp,1.0,0.1,2,4892,47,23,0,2,37,0.06331077871790866
new_cpp,1.0,0.1,2,4893,29,11,6,2,67,0.06630817055701112
new_cpp,1.0,0.1,2,4894,29,9,6,4,79,0.06720911634913143
new_cpp,1.0,0.1,2,4895,33,13,6,0,55,0.05959704797149265
new_cpp,1.0,0.1,2,4896,27,9,8,0,65,0.06566939169873093
new_cpp,1.0,0.1,2,4897,30,13,4,0,41,0.046440512490756265
new_cpp,1.0,0.1,2,4898,23,5,10,2,89,0.06374629591185363
new_cpp,1.0,0.1,2,4899,39,15,4,4,71,0.03791676377281941
new_cpp,1.0,0.1,2,4900,33,11,4,6,81,0.06297881193174383
new_cpp,1.0,0.1,2,4901,33,13,4,4,69,0.062484628426774796
new_cpp,1.0,0.1,2,4902,22,5,8,3,82,0.06365372639255837
new_cpp,1.0,0.1,2,4903,27,9,8,0,65,0.061292281517791154
new_cpp,1.0,0.1,2,4904,27,9,6,2,65,0.05804885840137567
new_cpp,1.0,0.1,2,4905,19,5,8,2,75,0.06405244693588
new_cpp,1.0,0.1,2,4906,18,4,6,3,67,0.05120270304901862
new_cpp,1.0,0.1,2,4907,29,11,4,2,53,0.06280819227060898
new_cpp,1.0,0.1,2,4908,23,5,4,8,89,0.04601935191402794
new_cpp,1.0,0.1,2,4909,35,15,4,2,57,0.06127741777137383
new_cpp,1.0,0.1,2,4910,23,5,8,4,89,0.03814831214791705
new_cpp,1.0,0.1,2,4911,37,15,4,2,57,0.05873235880313026
new_cpp,1.0,0.1,2,4912,25,7,8,2,77,0.0435744499526374
new_cpp,1.0,0.1,2,4913,27,9,6,2,65,0.040581711399970744
new_cpp,1.0,0.1,2,4914,32,13,2,5,62,0.04485296947324767
new_cpp,1.0,0.1,2,4915,29,9,6,4,79,0.03783060944779737
new_cpp,1.0,0.1,2,4916,22,8,4,3,57,0.024157052153959514
new_cpp,1.0,0.1,2,4917,32,12,4,3,61,0.04594421776559621
new_cpp,1.0,0.1,2,4918,34,13,5,2,62,0.06062909084318511
new_cpp,1.0,0.1,2,4919,29,11,4,3,60,0.05874555624034503
new_cpp,1.0,0.1,2,4920,26,7,8,3,84,0.05582182356337912
new_cpp,1.0,0.1,2,4921,21,3,10,4,101,0.06061927343163657
new_cpp,1.0,0.1,2,4922,35,13,6,2,69,0.06013061021199858
new_cpp,1.0,0.1,2,4923,32,11,6,3,74,0.05366071652642632
new_cpp,1.0,0.1,2,4924,23,7,7,1,63,0.0661807284356205
new_cpp,1.0,0.1,2,4925,33,15,4,0,43,0.06645965041113441
new_cpp,1.0,0.1,2,4926,27,9,8,0,65,0.06559228062321162
new_cpp,1.0,0.1,2,4927,30,13,4,0,41,0.06629420419152449
new_cpp,1.0,0.1,2,4928,32,13,5,0,48,0.06406950506001259
new_cpp,1.0,0.1,2,4929,33,11,6,4,81,0.06361534518068036
new_cpp,1.0,0.1,2,4930,37,15,2,4,57,0.06615671358935091
new_cpp,1.0,0.1,2,4931,34,13,3,4,62,0.06402090773507664
new_cpp,1.0,0.1,2,4932,33,11,6,4,81,0.05485760398807537
new_cpp,1.0,0.1,2,4933,30,9,6,5,86,0.04899984578720492
new_cpp,1.0,0.1,2,4934,27,9,6,4,79,0.05656107026981371
new_cpp,1.0,0.1,2,4935,41,17,4,2,59,0.05629105177651769
new_cpp,1.0,0.1,2,4936,41,19,2,2,47,0.05513793829115244
new_cpp,1.0,0.1,2,4937,27,7,8,4,91,0.056788914711490605
new_cpp,1.0,0.1,2,4938,33,13,4,4,69,0.058960285702317816
new_cpp,1.0,0.1,2,4939,29,9,8,2,79,0.0640010463300235
new_cpp,1.0,0.1,2,4940,39,15,4,4,71,0.052958912318596604
new_cpp,1.0,0.1,2,4941,29,9,6,4,79,0.05625759650407509
new_cpp,1.0,0.1,2,4942,41,19,0,4,47,0.0554471039348449
new_cpp,1.0,0.1,2,4943,31,11,4,4,67,0.05098600502980114
new_cpp,1.0,0.1,2,4944,29,9,6,4,79,0.04851756178348812
new_cpp,1.0,0.1,2,4945,27,7,8,4,91,0.05425219150129536
new_cpp,1.0,0.1,2,4946,41,17,4,2,59,0.04697591219357083
new_cpp,1.0,0.1,2,4947,47,21,2,2,49,0.053451165820935766
new_cpp,1.0,0.1,2,4948,33,13,4,4,69,0.05883189284860688
new_cpp,1.0,0.1,2,4949,27,7,8,4,91,0.05011560998755538
new_cpp,1.0,0.1,2,4950,29,9,8,2,79,0.05279483477578365
new_cpp,1.0,0.1,2,4951,28,8,6,5,85,0.057670238896489937
new_cpp,1.0,0.1,2,4952,20,3,10,3,94,0.04311591916042307
new_cpp,1.0,0.1,2,4953,35,15,4,2,57,0.06018641288921018
new_cpp,1.0,0.1,2,4954,41,17,4,2,59,0.06373648235476995
new_cpp,1.0,0.1,2,4955,27,9,6,4,79,0.06736632382099864
new_cpp,1.0,0.1,2,4956,29,9,8,2,79,0.05701142029125348
new_cpp,1.0,0.1,2,4957,31,11,6,2,67,0.0529800793824432
new_cpp,1.0,0.1,2,4958,36,17,2,0,31,0.05409147592005642
new_cpp,1.0,0.1,2,4959,29,9,8,2,79,0.06840265686908911
new_cpp,1.0,0.1,2,4960,22,5,4,8,89,0.04752290487825298
new_cpp,1.0,0.1,2,4961,27,9,4,6,79,0.03990416758911697
new_cpp,1.0,0.1,2,4962,18,1,10,5,106,0.05870733217483669
new_cpp,1.0,0.1,2,4963,42,18,2,3,53,0.06793584371778165
new_cpp,1.0,0.1,2,4964,35,13,4,4,69,0.036798805743812495
new_cpp,1.0,0.1,2,4965,27,9,6,4,79,0.028541637950048025
new_cpp,1.0,0.1,2,4966,35,13,6,2,69,0.0672535621144646
new_cpp,1.0,0.1,2,4967,29,9,8,2,79,0.04443980677906536
new_cpp,1.0,0.1,2,4968,41,17,4,2,59,0.04507814243862898
new_cpp,1.0,0.1,2,4969,35,15,4,2,57,0.0436620461526869
new_cpp,1.0,0.1,2,4970,21,3,6,8,101,0.04200483711312876
new_cpp,1.0,0.1,2,4971,30,10,2,7,73,0.0399253584597467
new_cpp,1.0,0.1,2,4972,35,15,4,2,57,0.042203517060510745
new_cpp,1.0,0.1,2,4973,37,15,4,2,57,0.038182563061215764
new_cpp,1.0,0.1,2,4974,30,11,6,1,60,0.062125407826128284
new_cpp,1.0,0.1,2,4975,20,3,9,4,94,0.055323442148351346
new_cpp,1.0,0.1,2,4976,33,13,6,0,55,0.04307778258068525
new_cpp,1.0,0.1,2,4977,39,17,4,0,45,0.043284288748624646
new_cpp,1.0,0.1,2,4978,29,9,8,2,79,0.042321606642084085
new_cpp,1.0,0.1,2,4979,35,13,6,2,69,0.04331267402417706
new_cpp,1.0,0.1,2,4980,35,13,6,2,69,0.051462590715784996
new_cpp,1.0,0.1,2,4981,27,7,8,4,91,0.047808365878803966
new_cpp,1.0,0.1,2,4982,33,13,2,6,69,0.04208209472937037
new_cpp,1.0,0.1,2,4983,35,13,6,2,69,0.03949745163858059
new_cpp,1.0,0.1,2,4984,35,13,4,4,69,0.03875284507781801
new_cpp,1.0,0.1,2,4985,35,13,6,2,69,0.03401262863778771
new_cpp,1.0,0.1,2,4986,31,11,4,4,67,0.04719566805265606
new_cpp,1.0,0.1,2,4987,21,3,10,4,101,0.041697578098078295
new_cpp,1.0,0.1,2,4988,33,11,6,4,81,0.045715733174351264
new_cpp,1.0,0.1,2,4989,29,11,6,2,67,0.04678657348131824
new_cpp,1.0,0.1,2,4990,31,9,6,6,93,0.04067822911676473
new_cpp,1.0,0.1,2,4991,41,17,4,2,59,0.029480669051088548
new_cpp,1.0,0.1,2,4992,35,15,4,2,57,0.03030633516027582
new_cpp,1.0,0.1,2,4993,39,17,4,0,45,0.0447024502474356
new_cpp,1.0,0.1,2,4994,31,13,4,2,55,0.03153123927330732
new_cpp,1.0,0.1,2,4995,25,7,6,6,91,0.03732029343895383
new_cpp,1.0,0.1,2,4996,35,15,4,2,57,0.0457278766614008
new_cpp,1.0,0.1,2,4997,39,15,4,4,71,0.06945808680957108
new_cpp,1.0,0.1,2,4998,44,19,2,3,54,0.06834986966401056
new_cpp,1.0,0.1,2,4999,30,12,4,3,61,0.05759188007278853
new_cpp,1.0,0.1,2,5000,33,11,6,4,81,0.06853005129276503
new_cpp,1.0,0.1,2,5001,35,13,4,4,69,0.04162350271181397
new_cpp,1.0,0.1,2,5002,24,7,6,4,77,0.03627005374757533
new_cpp,1.0,0.1,2,5003,27,8,5,5,78,0.04346907535976049
new_cpp,1.0,0.1,2,5004,14,0,8,5,91,0.04348365005834939
new_cpp,1.0,0.1,2,5005,26,7,8,3,84,0.03518592611351329
new_cpp,1.0,0.1,2,5006,26,7,8,3,84,0.04595594138080959
new_cpp,1.0,0.1,2,5007,29,9,4,6,79,0.06437600681929784
new_cpp,1.0,0.1,2,5008,35,13,6,2,69,0.04539743551227686
new_cpp,1.0,0.1,2,5009,30,10,6,3,73,0.0485789782351297
new_cpp,1.0,0.1,2,5010,27,7,8,4,91,0.05536857309249145
new_cpp,1.0,0.1,2,5011,41,17,4,2,59,0.036304278388389434
new_cpp,1.0,0.1,2,5012,35,13,6,2,69,0.053659395448865076
new_cpp,1.0,0.1,2,5013,17,1,12,2,99,0.03412705645444068
new_cpp,1.0,0.1,2,5014,29,9,8,2,79,0.06286519071910536
new_cpp,1.0,0.1,2,5015,35,15,4,2,57,0.05648509323619426
new_cpp,1.0,0.1,2,5016,33,15,2,2,43,0.05281993767586808
new_cpp,1.0,0.1,2,5017,39,19,0,2,33,0.028012262898955538
new_cpp,1.0,0.1,2,5018,22,7,6,2,63,0.061174883286111974
new_cpp,1.0,0.1,2,5019,28,9,5,4,72,0.05930002490834561
new_cpp,1.0,0.1,2,5020,43,19,2,2,47,0.05698359371321815
new_cpp,1.0,0.1,2,5021,29,11,6,0,53,0.057248558489193295
new_cpp,1.0,0.1,2,5022,23,5,6,6,89,0.05365304403116372
new_cpp,1.0,0.1,2,5023,23,7,8,0,63,0.05788150613995802
new_cpp,1.0,0.1,2,5024,35,15,4,0,43,0.049366742644526264
new_cpp,1.0,0.1,2,5025,31,11,6,2,67,0.05688829799061474
new_cpp,1.0,0.1,2,5026,35,13,4,4,69,0.04971672047011205
new_cpp,1.0,0.1,2,5027,31,11,6,2,67,0.06066808816028007
new_cpp,1.0,0.1,2,5028,39,17,2,4,59,0.05984065936960961
new_cpp,1.0,0.1,2,5029,33,11,6,4,81,0.06050806028883327
new_cpp,1.0,0.1,2,5030,21,5,10,0,75,0.05387608784273036
new_cpp,1.0,0.1,2,5031,33,13,4,2,55,0.05020362904716388
new_cpp,1.0,0.1,2,5032,29,9,8,2,79,0.062990205750427
new_cpp,1.0,0.1,2,5033,35,13,6,2,69,0.06767170494810604
new_cpp,1.0,0.1,2,5034,35,13,6,2,69,0.06974662572466739
new_cpp,1.0,0.1,2,5035,22,5,6,6,89,0.04877048436246615
new_cpp,1.0,0.1,2,5036,31,11,6,2,67,0.04476745045497506
new_cpp,1.0,0.1,2,5037,29,9,6,4,79,0.0452074370783404
new_cpp,1.0,0.1,2,5038,35,13,4,4,69,0.05691200475388175
new_cpp,1.0,0.1,2,5039,29,9,8,2,79,0.060173005222231124
new_cpp,1.0,0.1,2,5040,22,7,7,0,56,0.038455748264395205
new_cpp,1.0,0.1,2,5041,28,9,5,4,72,0.04500886547442223
new_cpp,1.0,0.1,2,5042,21,5,8,2,75,0.03919135252108445
new_cpp,1.0,0.1,2,5043,37,15,4,2,57,0.03951499628613209
new_cpp,1.0,0.1,2,5044,30,12,2,3,47,0.034676196641985825
new_cpp,1.0,0.1,2,5045,29,9,6,4,79,0.03999186061747488
new_cpp,1.0,0.1,2,5046,37,15,2,4,57,0.04415446755323503
new_cpp,1.0,0.1,2,5047,28,9,4,5,72,0.03258576965441393
new_cpp,1.0,0.1,2,5048,29,11,4,4,67,0.03307055659731778
new_cpp,1.0,0.1,2,5049,23,9,6,0,51,0.03273865895798384
new_cpp,1.0,0.1,2,5050,25,7,8,2,77,0.0332430947318854
new_cpp,1.0,0.1,2,5051,27,9,6,2,65,0.027654450671577523
new_cpp,1.0,0.1,2,5052,29,9,8,2,79,0.06640012291755296
new_cpp,1.0,0.1,2,5053,35,13,6,2,69,0.06761063297946467
new_cpp,1.0,0.1,2,5054,29,9,8,2,79,0.0668370147837232
new_cpp,1.0,0.1,2,5055,26,7,7,4,84,0.06462842047437245
new_cpp,1.0,0.1,2,5056,26,7,6,5,84,0.06240227413256894
new_cpp,1.0,0.1,2,5057,28,10,4,5,73,0.06555208165360676
new_cpp,1.0,0.1,2,5058,28,8,6,5,85,0.06335771510044691
new_cpp,1.0,0.1,2,5059,29,11,6,2,67,0.05901725194191054
new_cpp,1.0,0.1,2,5060,31,9,6,6,93,0.04710728865801146
new_cpp,1.0,0.1,2,5061,29,9,8,2,79,0.0483683962583294
new_cpp,1.0,0.1,2,5062,30,11,4,4,67,0.04326587832590491
new_cpp,1.0,0.1,2,5063,35,13,6,2,69,0.03718317425747453
new_cpp,1.0,0.1,2,5064,44,19,2,3,54,0.05678960154078387
new_cpp,1.0,0.1,2,5065,35,13,4,4,69,0.049528623879524766
new_cpp,1.0,0.1,2,5066,28,11,4,2,53,0.06512622268719159
new_cpp,1.0,0.1,2,5067,28,10,6,1,59,0.0639104909224079
new_cpp,1.0,0.1,2,5068,28,10,4,3,59,0.06531862791512975
new_cpp,1.0,0.1,2,5069,31,11,4,4,67,0.06279098075116706
new_cpp,1.0,0.1,2,5070,27,11,4,2,53,0.06038828539452556
new_cpp,1.0,0.1,2,5071,27,9,8,0,65,0.06501023508940515
new_cpp,1.0,0.1,2,5072,35,13,6,2,69,0.05322601298478769
new_cpp,1.0,0.1,2,5073,28,8,6,5,85,0.0623961860399019
new_cpp,1.0,0.1,2,5074,38,15,4,3,64,0.04487710777139448
new_cpp,1.0,0.1,2,5075,38,15,2,5,64,0.04211424748983719
new_cpp,1.0,0.1,2,5076,26,8,6,3,71,0.06282438765722423
new_cpp,1.0,0.1,2,5077,33,13,6,0,55,0.054393044054726176
new_cpp,1.0,0.1,2,5078,33,13,6,0,55,0.06736630039321001
new_cpp,1.0,0.1,2,5079,24,7,8,1,70,0.04256435525338429
new_cpp,1.0,0.1,2,5080,33,13,4,4,69,0.06052556555960356
new_cpp,1.0,0.1,2,5081,39,17,2,4,59,0.0599640400322893
new_cpp,1.0,0.1,2,5082,29,9,8,2,79,0.05831713728935763
new_cpp,1.0,0.1,2,5083,35,13,4,4,69,0.059346330506105646
new_cpp,1.0,0.1,2,5084,33,13,4,2,55,0.05761106049667265
new_cpp,1.0,0.1,2,5085,33,13,6,0,55,0.05613324418239067
new_cpp,1.0,0.1,2,5086,33,15,4,0,43,0.05269989855193505
new_cpp,1.0,0.1,2,5087,23,5,8,4,89,0.05476141844486765
new_cpp,1.0,0.1,2,5088,29,9,8,2,79,0.058173156324191594
new_cpp,1.0,0.1,2,5089,36,13,4,5,76,0.056891316246819236
new_cpp,1.0,0.1,2,5090,35,13,4,4,69,0.055669228195678565
new_cpp,1.0,0.1,2,5091,41,17,4,2,59,0.05227447009582421
new_cpp,1.0,0.1,2,5092,33,11,6,4,81,0.048243430910352256
new_cpp,1.0,0.1,2,5093,25,7,6,6,91,0.053012936432410306
new_cpp,1.0,0.1,2,5094,29,9,6,4,79,0.05697158620101521
new_cpp,1.0,0.1,2,5095,24,8,4,5,71,0.04654755356202898
new_cpp,1.0,0.1,2,5096,23,5,10,2,89,0.04139162390298414
new_cpp,1.0,0.1,2,5097,29,9,8,2,79,0.05951369010650306
new_cpp,1.0,0.1,2,5098,29,11,4,2,53,0.04982805002725778
new_cpp,1.0,0.1,2,5099,32,13,5,0,48,0.04795846394968279
new_cpp,1.0,0.1,2,5100,29,9,6,4,79,0.050216915123553946
new_cpp,1.0,0.1,2,5101,35,13,6,2,69,0.04630728835042468
new_cpp,1.0,0.1,2,5102,32,11,5,4,74,0.04274635782818949
new_cpp,1.0,0.1,2,5103,39,15,4,4,71,0.0500269694682964
new_cpp,1.0,0.1,2,5104,25,7,6,4,77,0.051888162842009145
new_cpp,1.0,0.1,2,5105,32,11,5,4,74,0.04863008019496853
new_cpp,1.0,0.1,2,5106,41,17,4,2,59,0.052993076557379504
new_cpp,1.0,0.1,2,5107,39,15,4,4,71,0.046176343129738756
new_cpp,1.0,0.1,2,5108,39,17,2,4,59,0.04975887946772158
new_cpp,1.0,0.1,2,5109,35,13,6,2,69,0.05486156369547377
new_cpp,1.0,0.1,2,5110,27,7,8,4,91,0.04619004645528969
new_cpp,1.0,0.1,2,5111,23,5,10,2,89,0.0568812055991925
new_cpp,1.0,0.1,2,5112,41,17,4,2,59,0.05918267214876007
new_cpp,1.0,0.1,2,5113,35,13,6,2,69,0.03911839109873619
new_cpp,1.0,0.1,2,5114,35,15,4,2,57,0.030349544886751824
new_cpp,1.0,0.1,2,5115,32,11,6,3,74,0.06048836481352291
new_cpp,1.0,0.1,2,5116,33,11,6,4,81,0.0456510767333269
new_cpp,1.0,0.1,2,5117,28,9,4,6,79,0.05019892645686614
new_cpp,1.0,0.1,2,5118,32,13,4,3,62,0.04235214908924237
new_cpp,1.0,0.1,2,5119,35,15,4,2,57,0.05189897086475104
new_cpp,1.0,0.1,2,5120,29,9,4,6,79,0.05367293587985393
new_cpp,1.0,0.1,2,5121,33,13,4,4,69,0.035640832288214574
new_cpp,1.0,0.1,2,5122,29,11,4,2,53,0.0521873348027372
new_cpp,1.0,0.1,2,5123,45,23,0,0,23,0.05770660305471159
new_cpp,1.0,0.1,2,5124,39,19,0,2,33,0.04839850401297884
new_cpp,1.0,0.1,2,5125,33,15,4,0,43,0.05995339393392471
new_cpp,1.0,0.1,2,5126,23,5,10,2,89,0.06261615783796284
new_cpp,1.0,0.1,2,5127,30,11,2,6,67,0.040986420621516674
new_cpp,1.0,0.1,2,5128,30,11,6,1,60,0.031915883320636156
new_cpp,1.0,0.1,2,5129,33,15,4,0,43,0.06425843320095516
new_cpp,1.0,0.1,2,5130,41,17,4,2,59,0.0429903303842069
new_cpp,1.0,0.1,2,5131,35,13,6,2,69,0.047243735004191934
new_cpp,1.0,0.1,2,5132,27,7,8,4,91,0.03981933042266285
new_cpp,1.0,0.1,2,5133,35,13,6,2,69,0.04876284049708368
new_cpp,1.0,0.1,2,5134,38,15,4,3,64,0.05022564578149753
new_cpp,1.0,0.1,2,5135,47,21,2,2,49,0.03323587605805878
new_cpp,1.0,0.1,2,5136,41,17,4,2,59,0.050420305253391834
new_cpp,1.0,0.1,2,5137,29,9,6,4,79,0.03134274497558063
new_cpp,1.0,0.1,2,5138,41,19,2,2,47,0.046677050711564985
new_cpp,1.0,0.1,2,5139,29,9,8,2,79,0.04241628107075762
new_cpp,1.0,0.1,2,5140,41,19,2,2,47,0.03641228329755102
new_cpp,1.0,0.1,2,5141,28,9,4,7,86,0.04467408266042366
new_cpp,1.0,0.1,2,5142,33,13,6,0,55,0.0457413170121834
new_cpp,1.0,0.1,2,5143,30,13,4,0,41,0.02988653906601213
new_cpp,1.0,0.1,2,5144,30,11,6,1,60,0.04583568025140729
new_cpp,1.0,0.1,2,5145,33,13,6,0,55,0.027962467848501604
new_cpp,1.0,0.1,2,5146,39,15,4,4,71,0.052366501358900155
new_cpp,1.0,0.1,2,5147,47,21,2,2,49,0.03957548722152791
new_cpp,1.0,0.1,2,5148,27,9,4,4,65,0.06264878687680207
new_cpp,1.0,0.1,2,5149,33,13,6,0,55,0.06074342969956409
new_cpp,1.0,0.1,2,5150,31,13,4,2,55,0.05785485833585858
new_cpp,1.0,0.1,2,5151,25,7,8,2,77,0.06270004289153569
new_cpp,1.0,0.1,2,5152,31,11,6,2,67,0.0557362464454999
new_cpp,1.0,0.1,2,5153,31,13,4,2,55,0.06226027087240637
new_cpp,1.0,0.1,2,5154,41,19,2,2,47,0.060969884167560696
new_cpp,1.0,0.1,2,5155,33,11,6,4,81,0.0617850553246555
new_cpp,1.0,0.1,2,5156,41,17,4,2,59,0.05914561887300506
new_cpp,1.0,0.1,2,5157,29,9,6,4,79,0.063042816564257
new_cpp,1.0,0.1,2,5158,15,3,10,0,73,0.05000906239351939
new_cpp,1.0,0.1,2,5159,15,3,10,0,73,0.06783522067689093
new_cpp,1.0,0.1,2,5160,26,9,6,2,65,0.03804304150114037
new_cpp,1.0,0.1,2,5161,24,6,8,3,83,0.06394912014693878
new_cpp,1.0,0.1,2,5162,29,9,6,4,79,0.06834440948851922
new_cpp,1.0,0.1,2,5163,26,9,6,2,65,0.05063895405816244
new_cpp,1.0,0.1,2,5164,39,17,2,2,45,0.053807327132193154
new_cpp,1.0,0.1,2,5165,37,15,4,2,57,0.05327187011424201
new_cpp,1.0,0.1,2,5166,29,9,8,2,79,0.051256786964061045
new_cpp,1.0,0.1,2,5167,29,9,6,4,79,0.05262801204265878
new_cpp,1.0,0.1,2,5168,35,13,6,2,69,0.04956621405926861
new_cpp,1.0,0.1,2,5169,27,7,8,4,91,0.051425156981271
new_cpp,1.0,0.1,2,5170,27,9,8,0,65,0.045361992359768524
new_cpp,1.0,0.1,2,5171,25,9,6,2,65,0.04170817988994034
new_cpp,1.0,0.1,2,5172,28,11,4,3,60,0.053489452709112
new_cpp,1.0,0.1,2,5173,28,10,6,1,59,0.05359377049883654
new_cpp,1.0,0.1,2,5174,33,11,6,4,81,0.050698697725153716
new_cpp,1.0,0.1,2,5175,32,11,6,3,74,0.050647122951763324
new_cpp,1.0,0.1,2,5176,32,12,2,5,61,0.050439483962399
new_cpp,1.0,0.1,2,5177,18,3,5,6,80,0.0505054675209527
new_cpp,1.0,0.1,2,5178,30,9,5,6,86,0.04892007927710977
new_cpp,1.0,0.1,2,5179,29,9,8,2,79,0.04905262603266663
new_cpp,1.0,0.1,2,5180,41,17,4,2,59,0.04736354230770644
new_cpp,1.0,0.1,2,5181,32,11,6,3,74,0.04754387050421672
new_cpp,1.0,0.1,2,5182,36,13,4,5,76,0.04554266024211105
new_cpp,1.0,0.1,2,5183,27,7,8,4,91,0.04530883910424831
new_cpp,1.0,0.1,2,5184,35,13,6,2,69,0.053220262847825585
new_cpp,1.0,0.1,2,5185,29,9,6,4,79,0.05821018063176573
new_cpp,1.0,0.1,2,5186,33,11,6,4,81,0.06086736046554301
new_cpp,1.0,0.1,2,5187,40,17,3,2,52,0.04340762242821166
new_cpp,1.0,0.1,2,5188,35,13,6,2,69,0.0688318261232981
new_cpp,1.0,0.1,2,5189,47,21,2,2,49,0.06939446873773414
new_cpp,1.0,0.1,2,5190,23,5,10,2,89,0.06837193854259785
new_cpp,1.0,0.1,2,5191,35,13,6,2,69,0.06253616241653631
new_cpp,1.0,0.1,2,5192,30,11,5,2,60,0.06447626367483851
new_cpp,1.0,0.1,2,5193,21,5,10,0,75,0.054271236272698815
new_cpp,1.0,0.1,2,5194,29,9,6,4,79,0.06244041835424854
new_cpp,1.0,0.1,2,5195,25,7,6,4,77,0.05031342112701642
new_cpp,1.0,0.1,2,5196,27,9,8,0,65,0.039705893320571
new_cpp,1.0,0.1,2,5197,27,9,8,0,65,0.041489446504808035
new_cpp,1.0,0.1,2,5198,33,11,6,4,81,0.041484506355294506
new_cpp,1.0,0.1,2,5199,35,15,4,2,57,0.03919722752571931
new_cpp,1.0,0.1,2,5200,37,17,2,2,45,0.04075270948430319
new_cpp,1.0,0.1,2,5201,31,11,6,2,67,0.0360692953661382
new_cpp,1.0,0.1,2,5202,35,15,3,1,43,0.039625382770510476
new_cpp,1.0,0.1,2,5203,23,5,8,4,89,0.03310584425880817
new_cpp,1.0,0.1,2,5204,35,15,2,4,57,0.06845466839722437
new_cpp,1.0,0.1,2,5205,33,11,6,4,81,0.06792895195347926
new_cpp,1.0,0.1,2,5206,29,10,5,3,66,0.06863735984881933
new_cpp,1.0,0.1,2,5207,30,11,4,4,67,0.06610512498856558
new_cpp,1.0,0.1,2,5208,35,13,6,2,69,0.05353658482279928
new_cpp,1.0,0.1,2,5209,33,11,6,4,81,0.06311387572917279
new_cpp,1.0,0.1,2,5210,41,17,4,2,59,0.05554575580036144
new_cpp,1.0,0.1,2,5211,27,7,8,4,91,0.054821530186032384
new_cpp,1.0,0.1,2,5212,21,5,8,4,89,0.04865482522509937
new_cpp,1.0,0.1,2,5213,41,17,4,2,59,0.047333933027593665
new_cpp,1.0,0.1,2,5214,34,13,5,2,62,0.06762764938355213
new_cpp,1.0,0.1,2,5215,26,7,7,4,84,0.059673859269219115
new_cpp,1.0,0.1,2,5216,30,11,4,5,74,0.03596998319373999
new_cpp,1.0,0.1,2,5217,32,11,4,5,74,0.0678909512199185
new_cpp,1.0,0.1,2,5218,24,7,8,1,70,0.0504654118507049
new_cpp,1.0,0.1,2,5219,33,13,4,2,55,0.06659313874201521
new_cpp,1.0,0.1,2,5220,29,11,6,2,67,0.035382129915954
new_cpp,1.0,0.1,2,5221,29,9,8,2,79,0.06516571857625264
new_cpp,1.0,0.1,2,5222,33,11,6,4,81,0.05831227574748611
new_cpp,1.0,0.1,2,5223,41,17,4,2,59,0.05716105780352426
new_cpp,1.0,0.1,2,5224,30,10,4,5,73,0.05950170433974583
new_cpp,1.0,0.1,2,5225,33,11,6,4,81,0.0539244452046774
new_cpp,1.0,0.1,2,5226,29,11,4,3,60,0.04687203684346027
new_cpp,1.0,0.1,2,5227,25,7,4,7,84,0.059184467601000997
new_cpp,1.0,0.1,2,5228,42,21,0,1,28,0.05887761980492226
new_cpp,1.0,0.1,2,5229,27,9,8,0,65,0.06012115226221349
new_cpp,1.0,0.1,2,5230,32,13,2,5,62,0.06134023483645978
new_cpp,1.0,0.1,2,5231,33,11,6,4,81,0.05622465754441343
new_cpp,1.0,0.1,2,5232,28,9,6,3,72,0.055486576425699465
new_cpp,1.0,0.1,2,5233,23,7,4,4,63,0.06150575158212783
new_cpp,1.0,0.1,2,5234,33,11,6,4,81,0.06175913696036723
new_cpp,1.0,0.1,2,5235,32,13,4,2,55,0.053047488281401066
new_cpp,1.0,0.1,2,5236,16,3,8,3,80,0.061509334729434914
new_cpp,1.0,0.1,2,5237,21,7,8,0,63,0.04826810349880624
new_cpp,1.0,0.1,2,5238,23,7,8,2,77,0.06092591954332013
new_cpp,1.0,0.1,2,5239,26,7,8,3,84,0.044299227508234854
new_cpp,1.0,0.1,2,5240,33,13,6,0,55,0.04007294758044759
new_cpp,1.0,0.1,2,5241,23,7,6,2,63,0.060130259022106614
new_cpp,1.0,0.1,2,5242,30,9,6,5,86,0.05391058576496789
new_cpp,1.0,0.1,2,5243,35,15,4,2,57,0.05434303485756668
new_cpp,1.0,0.1,2,5244,27,9,8,0,65,0.05172741523557796
new_cpp,1.0,0.1,2,5245,28,9,6,3,72,0.04707305194162263
new_cpp,1.0,0.1,2,5246,40,17,3,2,52,0.06658927577535642
new_cpp,1.0,0.1,2,5247,27,9,6,2,65,0.04695824692910271
new_cpp,1.0,0.1,2,5248,31,11,6,2,67,0.046507294370942545
new_cpp,1.0,0.1,2,5249,31,11,6,2,67,0.0466324517835697
new_cpp,1.0,0.1,2,5250,39,17,4,0,45,0.04442983685442947
new_cpp,1.0,0.1,2,5251,47,21,2,2,49,0.0582243361085735
new_cpp,1.0,0.1,2,5252,30,9,6,5,86,0.05187656821075186
new_cpp,1.0,0.1,2,5253,33,13,4,2,55,0.03863976976985295
new_cpp,1.0,0.1,2,5254,29,9,6,4,79,0.04366983612853082
new_cpp,1.0,0.1,2,5255,25,9,4,4,65,0.054718778835834904
new_cpp,1.0,0.1,2,5256,25,7,8,2,77,0.04051905925613084
new_cpp,1.0,0.1,2,5257,31,13,2,4,55,0.05516510020983072
new_cpp,1.0,0.1,2,5258,35,15,4,2,57,0.032828824260100656
new_cpp,1.0,0.1,2,5259,25,9,6,2,65,0.04487905774905236
new_cpp,1.0,0.1,2,5260,30,11,6,1,60,0.045967960846204935
new_cpp,1.0,0.1,2,5261,20,3,9,4,94,0.04544769335747403
new_cpp,1.0,0.1,2,5262,32,13,2,4,55,0.03307221535195215
new_cpp,1.0,0.1,2,5263,27,7,8,4,91,0.047947334131805644
new_cpp,1.0,0.1,2,5264,29,11,6,2,67,0.05006178514328669
new_cpp,1.0,0.1,2,5265,38,15,3,4,64,0.053632481690455355
new_cpp,1.0,0.1,2,5266,35,13,6,2,69,0.038415960714631325
new_cpp,1.0,0.1,2,5267,29,11,6,2,67,0.05418889924817867
new_cpp,1.0,0.1,2,5268,25,9,4,4,65,0.030012887087887172
new_cpp,1.0,0.1,2,5269,29,9,6,4,79,0.036266124286013675
new_cpp,1.0,0.1,2,5270,35,13,6,2,69,0.03650123137267857
new_cpp,1.0,0.1,2,5271,27,7,8,4,91,0.03425455166210693
new_cpp,1.0,0.1,2,5272,35,13,4,4,69,0.035422985909950265
new_cpp,1.0,0.1,2,5273,33,11,6,4,81,0.04893369588008102
new_cpp,1.0,0.1,2,5274,35,13,6,2,69,0.04618094975437423
new_cpp,1.0,0.1,2,5275,36,15,2,5,64,0.03394599849801018
new_cpp,1.0,0.1,2,5276,35,13,6,2,69,0.05405511859665941
new_cpp,1.0,0.1,2,5277,26,7,8,3,84,0.0428993761966029
new_cpp,1.0,0.1,2,5278,29,11,6,2,67,0.055069125019097734
new_cpp,1.0,0.1,2,5279,22,5,8,3,82,0.055708443284377004
new_cpp,1.0,0.1,2,5280,39,17,4,0,45,0.041320884194397764
new_cpp,1.0,0.1,2,5281,34,13,5,2,62,0.03601824371843652
new_cpp,1.0,0.1,2,5282,41,17,4,2,59,0.05727164755044319
new_cpp,1.0,0.1,2,5283,23,5,10,2,89,0.06873884633615758
new_cpp,1.0,0.1,2,5284,35,13,6,2,69,0.05842169229385557
new_cpp,1.0,0.1,2,5285,33,11,4,6,81,0.06962479407614296
new_cpp,1.0,0.1,2,5286,35,15,4,2,57,0.05326923243096386
new_cpp,1.0,0.1,2,5287,23,5,10,2,89,0.0698304391923845
new_cpp,1.0,0.1,2,5288,26,9,6,2,65,0.04909846448045729
new_cpp,1.0,0.1,2,5289,25,7,8,2,77,0.04328003634612393
new_cpp,1.0,0.1,2,5290,16,1,9,4,92,0.04583641177789186
new_cpp,1.0,0.1,2,5291,31,11,6,2,67,0.048696656523356766
new_cpp,1.0,0.1,2,5292,27,9,6,2,65,0.03801951205354699
new_cpp,1.0,0.1,2,5293,47,23,0,2,37,0.03871107575120269
new_cpp,1.0,0.1,2,5294,33,13,4,4,69,0.06942969881343666
new_cpp,1.0,0.1,2,5295,31,13,4,2,55,0.03654181852409042
new_cpp,1.0,0.1,2,5296,39,19,0,2,33,0.04918764344471907
new_cpp,1.0,0.1,2,5297,39,19,2,0,33,0.050304016252772366
new_cpp,1.0,0.1,2,5298,27,9,8,0,65,0.031476087550084894
new_cpp,1.0,0.1,2,5299,35,15,4,2,57,0.05548020331891802
new_cpp,1.0,0.1,2,5300,35,13,6,2,69,0.058717024438281654
new_cpp,1.0,0.1,2,5301,35,13,4,4,69,0.05856658259054489
new_cpp,1.0,0.1,2,5302,23,5,8,4,89,0.0691243128741556
new_cpp,1.0,0.1,2,5303,35,13,4,4,69,0.05333791456629197
new_cpp,1.0,0.1,2,5304,31,11,4,6,81,0.07007411821923794
new_cpp,1.0,0.1,2,5305,39,17,4,0,45,0.04910902860288385
new_cpp,1.0,0.1,2,5306,36,17,2,0,31,0.07032314599316951
new_cpp,1.0,0.1,2,5307,33,11,4,6,81,0.04625121518383438
new_cpp,1.0,0.1,2,5308,14,1,5,6,78,0.04364716802856515
new_cpp,1.0,0.1,2,5309,29,9,8,2,79,0.03831146784217012
new_cpp,1.0,0.1,2,5310,35,13,6,2,69,0.04918527297090897
new_cpp,1.0,0.1,2,5311,35,15,2,4,57,0.07000963330716375
new_cpp,1.0,0.1,2,5312,41,19,0,4,47,0.03857167105391982
new_cpp,1.0,0.1,2,5313,41,19,2,2,47,0.04969339576701697
new_cpp,1.0,0.1,2,5314,35,15,4,2,57,0.036815854980373174
new_cpp,1.0,0.1,2,5315,35,15,2,4,57,0.031694829764995464
new_cpp,1.0,0.1,2,5316,27,7,8,4,91,0.05086047480007078
new_cpp,1.0,0.1,2,5317,35,15,4,2,57,0.04415294203083129
new_cpp,1.0,0.1,2,5318,39,15,4,4,71,0.056792372418641324
new_cpp,1.0,0.1,2,5319,21,5,8,4,89,0.05747471543011652
new_cpp,1.0,0.1,2,5320,31,13,2,4,55,0.04253697281767384
new_cpp,1.0,0.1,2,5321,35,13,4,4,69,0.037131022734100856
new_cpp,1.0,0.1,2,5322,33,11,4,6,81,0.05916530648033087
new_cpp,1.0,0.1,2,5323,31,9,6,6,93,0.045090030160213936
new_cpp,1.0,0.1,2,5324,41,19,2,2,47,0.04254364084511358
new_cpp,1.0,0.1,2,5325,26,7,8,3,84,0.0484023747305848
new_cpp,1.0,0.1,2,5326,25,7,4,6,77,0.03578928463304553
new_cpp,1.0,0.1,2,5327,36,17,2,0,31,0.05522495122510763
new_cpp,1.0,0.1,2,5328,26,9,4,3,58,0.052003168585182946
new_cpp,1.0,0.1,2,5329,35,13,6,2,69,0.038511695540441704
new_cpp,1.0,0.1,2,5330,36,15,2,5,64,0.06179056590726729
new_cpp,1.0,0.1,2,5331,35,13,6,2,69,0.03139934983932774
new_cpp,1.0,0.1,2,5332,41,17,4,2,59,0.03199385735560471
new_cpp,1.0,0.1,2,5333,23,5,8,4,89,0.056823646765202844
new_cpp,1.0,0.1,2,5334,13,1,6,4,71,0.05343907085250763
new_cpp,1.0,0.1,2,5335,32,13,5,0,48,0.046960886754592396
new_cpp,1.0,0.1,2,5336,27,9,8,0,65,0.06100857073434471
new_cpp,1.0,0.1,2,5337,33,13,6,0,55,0.061810959133860824
new_cpp,1.0,0.1,2,5338,25,7,8,2,77,0.04521788400761537
new_cpp,1.0,0.1,2,5339,25,7,8,2,77,0.03942992747866346
new_cpp,1.0,0.1,2,5340,33,15,2,2,43,0.06385171800452004
new_cpp,1.0,0.1,2,5341,41,19,2,2,47,0.05739726208988116
new_cpp,1.0,0.1,2,5342,25,7,6,4,77,0.05394722394823219
new_cpp,1.0,0.1,2,5343,25,9,2,6,65,0.06250354509890486
new_cpp,1.0,0.1,2,5344,26,9,6,3,72,0.04559217142341964
new_cpp,1.0,0.1,2,5345,27,7,8,4,91,0.05787030849224373
new_cpp,1.0,0.1,2,5346,39,19,2,0,33,0.0655491268302842
new_cpp,1.0,0.1,2,5347,31,13,4,2,55,0.051921524894344546
new_cpp,1.0,0.1,2,5348,41,17,4,2,59,0.0481894472150771
new_cpp,1.0,0.1,2,5349,27,7,8,4,91,0.0598887935908511
new_cpp,1.0,0.1,2,5350,41,17,4,2,59,0.044494638234470925
new_cpp,1.0,0.1,2,5351,36,15,2,5,64,0.05942090513663112
new_cpp,1.0,0.1,2,5352,23,7,6,4,77,0.05758667509843
new_cpp,1.0,0.1,2,5353,33,13,2,6,69,0.035021031694978486
new_cpp,1.0,0.1,2,5354,17,1,10,4,99,0.06098628511885556
new_cpp,1.0,0.1,2,5355,29,11,4,4,67,0.06701810620055834
new_cpp,1.0,0.1,2,5356,25,9,2,6,65,0.05872638803823993
new_cpp,1.0,0.1,2,5357,37,15,4,2,57,0.06683079652799276
new_cpp,1.0,0.1,2,5358,29,9,6,4,79,0.06455784779617267
new_cpp,1.0,0.1,2,5359,22,7,5,2,56,0.04943030020515533
new_cpp,1.0,0.1,2,5360,27,9,6,2,65,0.05698642515121208
new_cpp,1.0,0.1,2,5361,29,11,6,2,67,0.05945449645213252
new_cpp,1.0,0.1,2,5362,26,8,4,5,71,0.051224148772962545
new_cpp,1.0,0.1,2,5363,29,9,8,2,79,0.05459632299786603
new_cpp,1.0,0.1,2,5364,36,16,2,3,51,0.04221589064922836
new_cpp,1.0,0.1,2,5365,41,17,4,2,59,0.054699242548366896
new_cpp,1.0,0.1,2,5366,29,9,8,2,79,0.050693945991852826
new_cpp,1.0,0.1,2,5367,39,15,4,4,71,0.054406725466317474
new_cpp,1.0,0.1,2,5368,33,13,6,0,55,0.06449056065403112
new_cpp,1.0,0.1,2,5369,33,13,4,2,55,0.05162871924574016
new_cpp,1.0,0.1,2,5370,27,7,8,4,91,0.06580214151801171
new_cpp,1.0,0.1,2,5371,27,7,8,4,91,0.04518556388821367
new_cpp,1.0,0.1,2,5372,32,13,2,5,62,0.048672742858053196
new_cpp,1.0,0.1,2,5373,27,7,8,4,91,0.044924203164568334
new_cpp,1.0,0.1,2,5374,25,5,8,6,103,0.04882348848190566
new_cpp,1.0,0.1,2,5375,32,11,5,4,74,0.037840031662535654
new_cpp,1.0,0.1,2,5376,35,13,6,2,69,0.04603124359963235
new_cpp,1.0,0.1,2,5377,29,11,4,4,67,0.0533933402019794
new_cpp,1.0,0.1,2,5378,21,5,6,4,75,0.05732661269933493
new_cpp,1.0,0.1,2,5379,25,7,8,2,77,0.0440307039754631
new_cpp,1.0,0.1,2,5380,23,5,8,4,89,0.03745986690701057
new_cpp,1.0,0.1,2,5381,27,9,8,0,65,0.04105008364359504
new_cpp,1.0,0.1,2,5382,27,9,6,4,79,0.054612434347325926
new_cpp,1.0,0.1,2,5383,32,11,6,3,74,0.0603409542610752
new_cpp,1.0,0.1,2,5384,35,15,4,2,57,0.04458531678037765
new_cpp,1.0,0.1,2,5385,26,7,6,5,84,0.04742943429455636
new_cpp,1.0,0.1,2,5386,29,11,6,0,53,0.046491204276597496
new_cpp,1.0,0.1,2,5387,15,1,8,4,85,0.04629888886029396
new_cpp,1.0,0.1,2,5388,29,11,2,5,60,0.044404804786963896
new_cpp,1.0,0.1,2,5389,35,13,4,4,69,0.04497879371152205
new_cpp,1.0,0.1,2,5390,25,7,4,6,77,0.042387172580850015
new_cpp,1.0,0.1,2,5391,31,11,6,2,67,0.06273266352789185
new_cpp,1.0,0.1,2,5392,24,7,7,2,70,0.05391995293113866
new_cpp,1.0,0.1,2,5393,16,1,10,3,92,0.06538889971239883
new_cpp,1.0,0.1,2,5394,23,7,6,2,63,0.047659528712294376
new_cpp,1.0,0.1,2,5395,29,11,6,0,53,0.0666821190085532
new_cpp,1.0,0.1,2,5396,22,5,7,4,82,0.042485578405872235
new_cpp,1.0,0.1,2,5397,31,11,4,4,67,0.06363914012458727
new_cpp,1.0,0.1,2,5398,29,9,6,4,79,0.06203685945378575
new_cpp,1.0,0.1,2,5399,23,9,6,0,51,0.0618863089082529
new_cpp,1.0,0.1,2,5400,37,15,4,2,57,0.049688163736808275
new_cpp,1.0,0.1,2,5401,27,7,6,6,91,0.04226142086649591
new_cpp,1.0,0.1,2,5402,31,13,4,2,55,0.06977321044545902
new_cpp,1.0,0.1,2,5403,29,11,4,2,53,0.04266171943573702
new_cpp,1.0,0.1,2,5404,31,11,6,2,67,0.05524021578331283
new_cpp,1.0,0.1,2,5405,25,9,6,2,65,0.05535321093093075
new_cpp,1.0,0.1,2,5406,29,9,6,4,79,0.036805240557044476
new_cpp,1.0,0.1,2,5407,26,9,6,2,65,0.06615938964570056
new_cpp,1.0,0.1,2,5408,35,13,6,2,69,0.06770872123781102
new_cpp,1.0,0.1,2,5409,27,8,5,5,78,0.06519354752717128
new_cpp,1.0,0.1,2,5410,39,15,4,4,71,0.05837176890103109
new_cpp,1.0,0.1,2,5411,35,15,4,2,57,0.06375516097592003
new_cpp,1.0,0.1,2,5412,27,9,6,4,79,0.05547722556078174
new_cpp,1.0,0.1,2,5413,34,13,5,2,62,0.0636062985458477
new_cpp,1.0,0.1,2,5414,47,21,2,2,49,0.06460132386386604
new_cpp,1.0,0.1,2,5415,35,13,6,2,69,0.06096509247968459
new_cpp,1.0,0.1,2,5416,35,13,6,2,69,0.056553302577947204
new_cpp,1.0,0.1,2,5417,29,11,4,4,67,0.047450050490029816
new_cpp,1.0,0.1,2,5418,19,3,8,4,87,0.051784182309309104
new_cpp,1.0,0.1,2,5419,28,9,5,4,72,0.05508734810605835
new_cpp,1.0,0.1,2,5420,24,6,6,5,83,0.038020952847313286
new_cpp,1.0,0.1,2,5421,28,11,4,3,60,0.038922766216114124
new_cpp,1.0,0.1,2,5422,37,15,2,4,57,0.042367828375141296
new_cpp,1.0,0.1,2,5423,35,15,2,4,57,0.06875847169182138
new_cpp,1.0,0.1,2,5424,29,9,8,2,79,0.06905453355755725
new_cpp,1.0,0.1,2,5425,30,9,5,6,86,0.0701298758009109
new_cpp,1.0,0.1,2,5426,35,13,6,2,69,0.06544040830917787
new_cpp,1.0,0.1,2,5427,27,7,8,4,91,0.05781940394430708
new_cpp,1.0,0.1,2,5428,33,13,4,4,69,0.060674214294813796
new_cpp,1.0,0.1,2,5429,31,9,6,6,93,0.058823555973383755
new_cpp,1.0,0.1,2,5430,35,13,6,2,69,0.06908340461477781
new_cpp,1.0,0.1,2,5431,27,9,6,2,65,0.06083628714044098
new_cpp,1.0,0.1,2,5432,29,9,6,4,79,0.052610129827759804
new_cpp,1.0,0.1,2,5433,33,11,4,6,81,0.058374364142064095
new_cpp,1.0,0.1,2,5434,33,11,6,4,81,0.042400291282180744
new_cpp,1.0,0.1,2,5435,33,13,6,0,55,0.06315100208229248
new_cpp,1.0,0.1,2,5436,33,15,4,0,43,0.06331090445009803
new_cpp,1.0,0.1,2,5437,41,17,2,4,59,0.06330796476481079
new_cpp,1.0,0.1,2,5438,24,7,6,4,77,0.06076850968141973
new_cpp,1.0,0.1,2,5439,33,13,6,0,55,0.057494358416813114
new_cpp,1.0,0.1,2,5440,37,15,4,2,57,0.061964060249166696
new_cpp,1.0,0.1,2,5441,30,9,6,5,86,0.05267529540196171
new_cpp,1.0,0.1,2,5442,32,11,6,3,74,0.053159096387136805
new_cpp,1.0,0.1,2,5443,24,7,5,4,70,0.052112048482167744
new_cpp,1.0,0.1,2,5444,33,11,6,4,81,0.047467319552626404
new_cpp,1.0,0.1,2,5445,29,9,8,2,79,0.04950595169349358
new_cpp,1.0,0.1,2,5446,29,9,8,2,79,0.04206498784668977
new_cpp,1.0,0.1,2,5447,39,19,2,0,33,0.04680167437215452
new_cpp,1.0,0.1,2,5448,30,13,4,1,48,0.05599693407073525
new_cpp,1.0,0.1,2,5449,36,15,3,2,50,0.055880093540200494
new_cpp,1.0,0.1,2,5450,37,15,4,2,57,0.05953774624387538
new_cpp,1.0,0.1,2,5451,34,12,4,5,75,0.048556913253499236
new_cpp,1.0,0.1,2,5452,30,9,6,5,86,0.04618601569533006
new_cpp,1.0,0.1,2,5453,35,15,4,2,57,0.05731849188698751
new_cpp,1.0,0.1,2,5454,35,15,4,2,57,0.04913246971874021
new_cpp,1.0,0.1,2,5455,33,11,6,4,81,0.05851991978182798
new_cpp,1.0,0.1,2,5456,40,17,3,2,52,0.05150247874462214
new_cpp,1.0,0.1,2,5457,29,11,4,4,67,0.049836702543048256
new_cpp,1.0,0.1,2,5458,33,13,6,0,55,0.05781993688809069
new_cpp,1.0,0.1,2,5459,35,13,6,2,69,0.05047930271866143
new_cpp,1.0,0.1,2,5460,31,11,4,6,81,0.05864416413491121
new_cpp,1.0,0.1,2,5461,35,13,6,2,69,0.055169747139835704
new_cpp,1.0,0.1,2,5462,41,17,4,2,59,0.061559803763641
new_cpp,1.0,0.1,2,5463,27,7,8,4,91,0.0626005135558646
new_cpp,1.0,0.1,2,5464,34,13,3,4,62,0.05230317334298137
new_cpp,1.0,0.1,2,5465,25,7,8,2,77,0.04386654249860352
new_cpp,1.0,0.1,2,5466,33,13,6,0,55,0.05053555554682967
new_cpp,1.0,0.1,2,5467,35,15,4,2,57,0.04027522344569918
new_cpp,1.0,0.1,2,5468,37,17,0,4,45,0.06375291073043501
new_cpp,1.0,0.1,2,5469,35,13,4,4,69,0.04944854770973987
new_cpp,1.0,0.1,2,5470,29,11,6,2,67,0.05119922611768223
new_cpp,1.0,0.1,2,5471,39,15,4,4,71,0.04903848435362771
new_cpp,1.0,0.1,2,5472,47,23,0,2,37,0.045893164182816186
new_cpp,1.0,0.1,2,5473,28,11,4,2,53,0.03862473077524619
new_cpp,1.0,0.1,2,5474,33,13,6,0,55,0.0373913728420305
new_cpp,1.0,0.1,2,5475,41,17,2,4,59,0.04723511749745127
new_cpp,1.0,0.1,2,5476,28,8,6,5,85,0.04321393654428882
new_cpp,1.0,0.1,2,5477,32,13,2,4,55,0.03751474214938478
new_cpp,1.0,0.1,2,5478,31,9,6,6,93,0.043200717475389706
new_cpp,1.0,0.1,2,5479,34,14,2,3,49,0.03675439867530325
new_cpp,1.0,0.1,2,5480,27,9,6,2,65,0.055958150389240076
new_cpp,1.0,0.1,2,5481,29,9,8,2,79,0.06227520075825513
new_cpp,1.0,0.1,2,5482,33,11,6,4,81,0.06146486541165843
new_cpp,1.0,0.1,2,5483,22,5,6,6,89,0.05384295247983196
new_cpp,1.0,0.1,2,5484,28,8,6,5,85,0.06679414093380488
new_cpp,1.0,0.1,2,5485,23,5,10,2,89,0.06874800965813985
new_cpp,1.0,0.1,2,5486,33,11,4,6,81,0.04559240949582232
new_cpp,1.0,0.1,2,5487,31,11,6,2,67,0.05250906478804348
new_cpp,1.0,0.1,2,5488,25,7,4,6,77,0.050033058354523846
new_cpp,1.0,0.1,2,5489,30,11,6,1,60,0.054843600633865536
new_cpp,1.0,0.1,2,5490,33,13,6,0,55,0.04665284760990814
new_cpp,1.0,0.1,2,5491,47,23,0,2,37,0.06934572884438238
new_cpp,1.0,0.1,2,5492,34,14,2,5,63,0.03979662921494452
new_cpp,1.0,0.1,2,5493,39,17,4,0,45,0.05672648370597758
new_cpp,1.0,0.1,2,5494,33,14,1,3,42,0.042533801023480554
new_cpp,1.0,0.1,2,5495,35,13,6,2,69,0.04641175056733113
new_cpp,1.0,0.1,2,5496,28,9,7,2,72,0.05326929814572311
new_cpp,1.0,0.1,2,5497,29,11,6,2,67,0.039867745222521726
new_cpp,1.0,0.1,2,5498,39,15,4,4,71,0.03501026165540132
new_cpp,1.0,0.1,2,5499,23,5,10,2,89,0.0521284693654642
new_cpp,1.0,0.1,2,5500,47,21,2,2,49,0.036143774128829353
new_cpp,1.0,0.1,2,5501,28,9,6,3,72,0.03626911042901304
new_cpp,1.0,0.1,2,5502,25,7,8,2,77,0.04257130561982587
new_cpp,1.0,0.1,2,5503,35,13,6,2,69,0.04771372625513668
new_cpp,1.0,0.1,2,5504,23,5,10,2,89,0.04169059104894993
new_cpp,1.0,0.1,2,5505,29,9,5,5,79,0.0386112069836491
new_cpp,1.0,0.1,2,5506,35,13,6,2,69,0.04842536061547968
new_cpp,1.0,0.1,2,5507,39,17,2,4,59,0.03707115591214779
new_cpp,1.0,0.1,2,5508,35,13,6,2,69,0.03654087455182508
new_cpp,1.0,0.1,2,5509,18,4,8,1,67,0.0676661197625053
new_cpp,1.0,0.1,2,5510,25,9,6,2,65,0.06317594977562917
new_cpp,1.0,0.1,2,5511,22,7,7,0,56,0.047049971447920294
new_cpp,1.0,0.1,2,5512,31,11,6,2,67,0.0624927809086025
new_cpp,1.0,0.1,2,5513,29,9,6,4,79,0.04744358233287269
new_cpp,1.0,0.1,2,5514,21,3,8,6,101,0.03680427602360724
new_cpp,1.0,0.1,2,5515,27,7,6,6,91,0.06540805442276684
new_cpp,1.0,0.1,2,5516,29,9,8,2,79,0.06768418153556217
new_cpp,1.0,0.1,2,5517,33,13,4,4,69,0.06014853830355659
new_cpp,1.0,0.1,2,5518,35,13,6,2,69,0.06789514785015364
new_cpp,1.0,0.1,2,5519,24,5,8,5,96,0.06559115059145824
new_cpp,1.0,0.1,2,5520,32,13,4,3,62,0.051198876936892436
new_cpp,1.0,0.1,2,5521,24,7,5,4,70,0.06325769576564129
new_cpp,1.0,0.1,2,5522,32,11,3,6,74,0.04420485236862402
new_cpp,1.0,0.1,2,5523,27,11,4,2,53,0.053675198376419354
new_cpp,1.0,0.1,2,5524,27,9,6,2,65,0.05453575141271823
new_cpp,1.0,0.1,2,5525,31,11,4,4,67,0.05027873322618524
new_cpp,1.0,0.1,2,5526,45,21,2,0,35,0.055511568176621055
new_cpp,1.0,0.1,2,5527,39,19,2,0,33,0.059587081838406705
new_cpp,1.0,0.1,2,5528,29,9,8,2,79,0.05734878339505855
new_cpp,1.0,0.1,2,5529,35,15,4,2,57,0.057214781304240674
new_cpp,1.0,0.1,2,5530,29,9,8,2,79,0.053053389416778306
new_cpp,1.0,0.1,2,5531,33,11,6,4,81,0.05526182128254594
new_cpp,1.0,0.1,2,5532,31,11,6,2,67,0.05284862552393363
new_cpp,1.0,0.1,2,5533,23,7,6,2,63,0.0496524240161371
new_cpp,1.0,0.1,2,5534,31,11,4,4,67,0.04984884818434561
new_cpp,1.0,0.1,2,5535,29,11,6,2,67,0.045602079213871355
new_cpp,1.0,0.1,2,5536,30,11,4,3,60,0.04233606300584172
new_cpp,1.0,0.1,2,5537,35,13,6,2,69,0.05288009602804116
new_cpp,1.0,0.1,2,5538,30,9,4,7,86,0.05281594249713979
new_cpp,1.0,0.1,2,5539,35,13,4,4,69,0.04988119126260706
new_cpp,1.0,0.1,2,5540,35,15,2,4,57,0.049658139757317366
new_cpp,1.0,0.1,2,5541,17,1,12,2,99,0.044805126435487036
new_cpp,1.0,0.1,2,5542,17,1,12,2,99,0.044718995327791465
new_cpp,1.0,0.1,2,5543,33,13,4,2,55,0.06791830311913612
new_cpp,1.0,0.1,2,5544,29,13,2,2,41,0.06826037447999599
new_cpp,1.0,0.1,2,5545,23,3,8,8,115,0.06700385310276408
new_cpp,1.0,0.1,2,5546,29,9,8,2,79,0.06532870238486058
new_cpp,1.0,0.1,2,5547,29,9,8,2,79,0.06379151359463554
new_cpp,1.0,0.1,2,5548,33,13,4,4,69,0.06596850568319551
new_cpp,1.0,0.1,2,5549,35,13,4,4,69,0.061065385418965376
new_cpp,1.0,0.1,2,5550,35,13,6,2,69,0.057196159060088576
new_cpp,1.0,0.1,2,5551,31,11,4,4,67,0.059808711517120014
new_cpp,1.0,0.1,2,5552,38,15,2,5,64,0.055562084168230254
new_cpp,1.0,0.1,2,5553,28,9,6,3,72,0.05205572829991786
new_cpp,1.0,0.1,2,5554,27,11,6,0,53,0.057101183745239495
new_cpp,1.0,0.1,2,5555,29,9,8,2,79,0.06456861626020387
new_cpp,1.0,0.1,2,5556,25,5,8,6,103,0.06594837093096258
new_cpp,1.0,0.1,2,5557,32,13,4,2,55,0.06510629414426285
new_cpp,1.0,0.1,2,5558,29,10,3,5,66,0.062186087409049615
new_cpp,1.0,0.1,2,5559,23,5,6,6,89,0.05591637989777576
new_cpp,1.0,0.1,2,5560,27,7,8,4,91,0.0615789659905951
new_cpp,1.0,0.1,2,5561,28,11,3,2,46,0.04592770995744488
new_cpp,1.0,0.1,2,5562,26,9,7,0,58,0.044500084454256184
new_cpp,1.0,0.1,2,5563,31,11,4,4,67,0.04404856566140138
new_cpp,1.0,0.1,2,5564,41,17,4,2,59,0.03895602225179529
new_cpp,1.0,0.1,2,5565,35,13,6,2,69,0.061057208305840896
new_cpp,1.0,0.1,2,5566,27,7,8,4,91,0.06208382860920099
new_cpp,1.0,0.1,2,5567,33,11,6,4,81,0.059951117025767844
new_cpp,1.0,0.1,2,5568,37,15,2,4,57,0.06233445212061049
new_cpp,1.0,0.1,2,5569,29,9,6,4,79,0.06234522906272806
new_cpp,1.0,0.1,2,5570,33,13,4,2,55,0.05948248764590121
new_cpp,1.0,0.1,2,5571,33,13,6,0,55,0.061923198204472736
new_cpp,1.0,0.1,2,5572,33,13,6,0,55,0.056858447465469066
new_cpp,1.0,0.1,2,5573,17,1,8,6,99,0.05461036055256968
new_cpp,1.0,0.1,2,5574,27,9,6,4,79,0.06122841911428138
new_cpp,1.0,0.1,2,5575,32,12,4,3,61,0.05019678927849523
new_cpp,1.0,0.1,2,5576,25,7,8,2,77,0.05949103847446041
new_cpp,1.0,0.1,2,5577,25,7,8,2,77,0.049006414612027815
new_cpp,1.0,0.1,2,5578,33,13,6,0,55,0.05897803353644402
new_cpp,1.0,0.1,2,5579,36,13,4,5,76,0.03917346902458694
new_cpp,1.0,0.1,2,5580,29,11,6,2,67,0.03972990767874146
new_cpp,1.0,0.1,2,5581,37,15,4,2,57,0.05723722526602176
new_cpp,1.0,0.1,2,5582,31,11,6,2,67,0.04510312394488684
new_cpp,1.0,0.1,2,5583,25,5,8,6,103,0.05730110670695374
new_cpp,1.0,0.1,2,5584,29,9,8,2,79,0.05975162943294801
new_cpp,1.0,0.1,2,5585,36,15,4,1,50,0.06084622606512076
new_cpp,1.0,0.1,2,5586,44,21,1,0,28,0.05775151759635187
new_cpp,1.0,0.1,2,5587,28,10,6,1,59,0.048866615576310043
new_cpp,1.0,0.1,2,5588,33,13,6,0,55,0.06430035735780147
new_cpp,1.0,0.1,2,5589,38,15,3,4,64,0.059142268391648545
new_cpp,1.0,0.1,2,5590,30,9,6,5,86,0.056234440261866095
new_cpp,1.0,0.1,2,5591,35,15,4,2,57,0.06054300193486956
new_cpp,1.0,0.1,2,5592,29,9,6,4,79,0.05377732785964777
new_cpp,1.0,0.1,2,5593,35,15,4,2,57,0.05280754765505306
new_cpp,1.0,0.1,2,5594,35,13,6,2,69,0.060944175728972115
new_cpp,1.0,0.1,2,5595,27,7,8,4,91,0.047689382997779105
new_cpp,1.0,0.1,2,5596,19,1,10,6,113,0.0622159464650401
new_cpp,1.0,0.1,2,5597,27,9,6,4,79,0.05625203624887182
new_cpp,1.0,0.1,2,5598,35,13,6,2,69,0.05363862790532319
new_cpp,1.0,0.1,2,5599,27,11,4,2,53,0.04560541449645057
new_cpp,1.0,0.1,2,5600,25,9,4,4,65,0.0587070797901867
new_cpp,1.0,0.1,2,5601,39,19,2,0,33,0.058871837685681834
new_cpp,1.0,0.1,2,5602,31,11,6,2,67,0.041525017028979636
new_cpp,1.0,0.1,2,5603,35,15,2,2,43,0.06463649176344724
new_cpp,1.0,0.1,2,5604,35,15,2,2,43,0.0591880152629365
new_cpp,1.0,0.1,2,5605,25,5,8,6,103,0.05339222447088482
new_cpp,1.0,0.1,2,5606,19,1,10,6,113,0.05104919630796245
new_cpp,1.0,0.1,2,5607,33,13,4,2,55,0.05439779555076495
new_cpp,1.0,0.1,2,5608,26,10,4,3,59,0.04893838789528928
new_cpp,1.0,0.1,2,5609,27,7,8,4,91,0.05517941842740066
new_cpp,1.0,0.1,2,5610,29,9,8,2,79,0.03950706500979607
new_cpp,1.0,0.1,2,5611,33,11,6,4,81,0.04164605677654499
new_cpp,1.0,0.1,2,5612,25,7,6,4,77,0.05242962733011088
new_cpp,1.0,0.1,2,5613,25,5,8,6,103,0.05215296172420582
new_cpp,1.0,0.1,2,5614,24,8,6,3,71,0.03777795274051939
new_cpp,1.0,0.1,2,5615,22,7,6,2,63,0.05334790780182858
new_cpp,1.0,0.1,2,5616,30,11,5,2,60,0.04162369161633274
new_cpp,1.0,0.1,2,5617,33,13,6,0,55,0.037573039586262805
new_cpp,1.0,0.1,2,5618,23,5,8,4,89,0.05320378679863841
new_cpp,1.0,0.1,2,5619,35,13,2,6,69,0.047352293141082864
new_cpp,1.0,0.1,2,5620,33,11,4,6,81,0.04990966846031353
new_cpp,1.0,0.1,2,5621,28,10,6,1,59,0.0519705211119316
new_cpp,1.0,0.1,2,5622,22,5,8,3,82,0.038952030371548686
new_cpp,1.0,0.1,2,5623,39,17,2,4,59,0.045013239490968276
new_cpp,1.0,0.1,2,5624,29,9,8,2,79,0.047871742470843255
new_cpp,1.0,0.1,2,5625,35,15,4,2,57,0.04244477620770021
new_cpp,1.0,0.1,2,5626,29,9,8,2,79,0.049129139238120914
new_cpp,1.0,0.1,2,5627,41,19,2,2,47,0.049462569592851335
new_cpp,1.0,0.1,2,5628,35,13,2,6,69,0.04140119718664689
new_cpp,1.0,0.1,2,5629,41,17,4,2,59,0.049874092335617085
new_cpp,1.0,0.1,2,5630,27,9,6,4,79,0.039629732851081
new_cpp,1.0,0.1,2,5631,22,3,7,8,108,0.041125063274552294
new_cpp,1.0,0.1,2,5632,35,13,6,2,69,0.03982027810205667
new_cpp,1.0,0.1,2,5633,27,9,6,4,79,0.03760494489336915
new_cpp,1.0,0.1,2,5634,29,9,8,2,79,0.04129773552601877
new_cpp,1.0,0.1,2,5635,35,13,4,4,69,0.05040279939033957
new_cpp,1.0,0.1,2,5636,26,9,4,3,58,0.05088023880545471
new_cpp,1.0,0.1,2,5637,24,7,8,1,70,0.06612620170344034
new_cpp,1.0,0.1,2,5638,20,3,9,4,94,0.053288468027904934
new_cpp,1.0,0.1,2,5639,17,1,12,2,99,0.05584511282756173
new_cpp,1.0,0.1,2,5640,25,9,6,2,65,0.06295788815406628
new_cpp,1.0,0.1,2,5641,33,13,4,4,69,0.06270983127219942
new_cpp,1.0,0.1,2,5642,29,9,8,2,79,0.06288340958502296
new_cpp,1.0,0.1,2,5643,27,7,6,6,91,0.06135334248999371
new_cpp,1.0,0.1,2,5644,33,13,4,4,69,0.061862783560127886
new_cpp,1.0,0.1,2,5645,33,13,6,0,55,0.05754168659391837
new_cpp,1.0,0.1,2,5646,37,15,4,2,57,0.058557811216482264
new_cpp,1.0,0.1,2,5647,31,11,4,4,67,0.05445680220226396
new_cpp,1.0,0.1,2,5648,31,11,4,4,67,0.052977359838343445
new_cpp,1.0,0.1,2,5649,33,11,6,4,81,0.06567610985962921
new_cpp,1.0,0.1,2,5650,41,17,4,2,59,0.06036331141116281
new_cpp,1.0,0.1,2,5651,28,11,4,2,53,0.06828091137024787
new_cpp,1.0,0.1,2,5652,38,17,3,0,38,0.03841490921894214
new_cpp,1.0,0.1,2,5653,31,11,4,4,67,0.058953955809917136
new_cpp,1.0,0.1,2,5654,41,17,4,2,59,0.05841974289796023
new_cpp,1.0,0.1,2,5655,29,9,6,4,79,0.059141577833171456
new_cpp,1.0,0.1,2,5656,41,17,4,2,59,0.05643863402695219
new_cpp,1.0,0.1,2,5657,27,9,4,5,72,0.05856333036387925
new_cpp,1.0,0.1,2,5658,25,7,6,6,91,0.05716834847887587
new_cpp,1.0,0.1,2,5659,39,15,4,4,71,0.053794636853133265
new_cpp,1.0,0.1,2,5660,28,8,6,5,85,0.05150044863007622
new_cpp,1.0,0.1,2,5661,38,17,2,2,45,0.05578093931688631
new_cpp,1.0,0.1,2,5662,35,15,4,2,57,0.05520510559578642
new_cpp,1.0,0.1,2,5663,33,11,6,4,81,0.05058572109677449
new_cpp,1.0,0.1,2,5664,33,13,4,4,69,0.055768510815155714
new_cpp,1.0,0.1,2,5665,30,10,6,3,73,0.06758612412300971
new_cpp,1.0,0.1,2,5666,25,9,6,2,65,0.0687696328115305
new_cpp,1.0,0.1,2,5667,33,13,4,2,55,0.04995846798395484
new_cpp,1.0,0.1,2,5668,35,15,4,2,57,0.04615066426469337
new_cpp,1.0,0.1,2,5669,29,9,8,2,79,0.04012175170066043
new_cpp,1.0,0.1,2,5670,25,5,8,6,103,0.04810257713966331
new_cpp,1.0,0.1,2,5671,39,17,4,0,45,0.043966418399935765
new_cpp,1.0,0.1,2,5672,26,7,6,5,84,0.06857511921448332
new_cpp,1.0,0.1,2,5673,32,13,3,2,48,0.06318662910386398
new_cpp,1.0,0.1,2,5674,35,13,4,4,69,0.05210997806641083
new_cpp,1.0,0.1,2,5675,41,17,4,2,59,0.048813764915321106
new_cpp,1.0,0.1,2,5676,35,13,6,2,69,0.05484132347546865
new_cpp,1.0,0.1,2,5677,27,7,8,4,91,0.06294327644224205
new_cpp,1.0,0.1,2,5678,35,13,4,4,69,0.060848482635902965
new_cpp,1.0,0.1,2,5679,28,9,7,2,72,0.06455470345183936
new_cpp,1.0,0.1,2,5680,33,11,6,4,81,0.057603992491266784
new_cpp,1.0,0.1,2,5681,29,9,6,4,79,0.06519262270761068
new_cpp,1.0,0.1,2,5682,35,13,6,2,69,0.054918505178947565
new_cpp,1.0,0.1,2,5683,35,13,6,2,69,0.06554332078312673
new_cpp,1.0,0.1,2,5684,34,13,5,2,62,0.048357306743088246
new_cpp,1.0,0.1,2,5685,35,15,0,6,57,0.043812167950981785
new_cpp,1.0,0.1,2,5686,35,13,4,4,69,0.0652836112817416
new_cpp,1.0,0.1,2,5687,33,11,6,4,81,0.057286390986641914
new_cpp,1.0,0.1,2,5688,27,9,6,4,79,0.0485087837426554
new_cpp,1.0,0.1,2,5689,29,9,6,4,79,0.05504303760543754
new_cpp,1.0,0.1,2,5690,33,13,6,0,55,0.04349491644068764
new_cpp,1.0,0.1,2,5691,27,11,6,0,53,0.05973058633252267
new_cpp,1.0,0.1,2,5692,30,13,4,1,48,0.057277376775072095
new_cpp,1.0,0.1,2,5693,29,9,8,2,79,0.06168246456521493
new_cpp,1.0,0.1,2,5694,26,7,7,4,84,0.053524295411841435
new_cpp,1.0,0.1,2,5695,41,17,2,4,59,0.06251459325426363
new_cpp,1.0,0.1,2,5696,32,11,6,3,74,0.050419171376820324
new_cpp,1.0,0.1,2,5697,38,17,3,0,38,0.06318702590173267
new_cpp,1.0,0.1,2,5698,39,17,4,0,45,0.042729412796140946
new_cpp,1.0,0.1,2,5699,24,7,7,2,70,0.049544695291068544
new_cpp,1.0,0.1,2,5700,36,15,3,2,50,0.06521044505273152
new_cpp,1.0,0.1,2,5701,33,11,6,4,81,0.04014760685461167
new_cpp,1.0,0.1,2,5702,29,9,6,4,79,0.06680931362800958
new_cpp,1.0,0.1,2,5703,33,11,6,4,81,0.055887766639014486
new_cpp,1.0,0.1,2,5704,35,13,4,4,69,0.0588109975727208
new_cpp,1.0,0.1,2,5705,29,9,8,2,79,0.05150467484156643
new_cpp,1.0,0.1,2,5706,29,11,6,2,67,0.06124198041517382
new_cpp,1.0,0.1,2,5707,47,23,0,2,37,0.03886611491304797
new_cpp,1.0,0.1,2,5708,37,15,2,4,57,0.06357328946428666
new_cpp,1.0,0.1,2,5709,35,13,4,4,69,0.06386641205052909
new_cpp,1.0,0.1,2,5710,33,11,6,4,81,0.07024486305984516
new_cpp,1.0,0.1,2,5711,39,15,4,4,71,0.04430294574887978
new_cpp,1.0,0.1,2,5712,25,5,8,6,103,0.05157613369709208
new_cpp,1.0,0.1,2,5713,35,13,6,2,69,0.041170021350503704
new_cpp,1.0,0.1,2,5714,41,17,4,2,59,0.05204294850472715
new_cpp,1.0,0.1,2,5715,39,17,2,4,59,0.04137004588721456
new_cpp,1.0,0.1,2,5716,29,9,8,2,79,0.047817475993582145
new_cpp,1.0,0.1,2,5717,21,7,8,0,63,0.059570233369980075
new_cpp,1.0,0.1,2,5718,27,9,8,0,65,0.06390124486600221
new_cpp,1.0,0.1,2,5719,33,11,6,4,81,0.06232132487180874
new_cpp,1.0,0.1,2,5720,30,9,6,5,86,0.05272679846530672
new_cpp,1.0,0.1,2,5721,29,10,5,3,66,0.040540412638497135
new_cpp,1.0,0.1,2,5722,31,11,3,5,67,0.0421504865685832
new_cpp,1.0,0.1,2,5723,38,15,4,3,64,0.062011924909376445
new_cpp,1.0,0.1,2,5724,35,13,6,2,69,0.06266668211538863
new_cpp,1.0,0.1,2,5725,35,13,6,2,69,0.05570000432864606
new_cpp,1.0,0.1,2,5726,24,5,8,5,96,0.06613994164937206
new_cpp,1.0,0.1,2,5727,33,13,2,4,55,0.06758217364557305
new_cpp,1.0,0.1,2,5728,45,21,2,0,35,0.04406487467283963
new_cpp,1.0,0.1,2,5729,30,10,6,3,73,0.0519337615831298
new_cpp,1.0,0.1,2,5730,35,15,4,2,57,0.052913515396141655
new_cpp,1.0,0.1,2,5731,18,5,8,0,61,0.04868818329119346
new_cpp,1.0,0.1,2,5732,22,7,6,2,63,0.04645963325892841
new_cpp,1.0,0.1,2,5733,26,9,4,5,72,0.06487015872372577
new_cpp,1.0,0.1,2,5734,29,11,6,0,53,0.06866099758107336
new_cpp,1.0,0.1,2,5735,24,7,7,2,70,0.05273106057100192
new_cpp,1.0,0.1,2,5736,25,7,8,2,77,0.06955452254590289
new_cpp,1.0,0.1,2,5737,33,11,6,4,81,0.05158230961872746
new_cpp,1.0,0.1,2,5738,29,9,8,2,79,0.05615075892808272
new_cpp,1.0,0.1,2,5739,17,3,8,3,80,0.04926492318654361
new_cpp,1.0,0.1,2,5740,33,11,6,4,81,0.056636962644004384
new_cpp,1.0,0.1,2,5741,37,15,4,2,57,0.060853860978789226
new_cpp,1.0,0.1,2,5742,32,12,4,3,61,0.0637129845273816
new_cpp,1.0,0.1,2,5743,37,17,2,2,45,0.050054959892709146
new_cpp,1.0,0.1,2,5744,31,11,4,4,67,0.06287260180247956
new_cpp,1.0,0.1,2,5745,28,9,4,5,72,0.05746813477944553
new_cpp,1.0,0.1,2,5746,28,10,2,5,59,0.056517279608401895
new_cpp,1.0,0.1,2,5747,17,3,6,4,73,0.050882619637439286
new_cpp,1.0,0.1,2,5748,21,5,8,2,75,0.05254488785321482
new_cpp,1.0,0.1,2,5749,29,9,8,2,79,0.040804015057825396
new_cpp,1.0,0.1,2,5750,36,16,2,3,51,0.04487369667784238
new_cpp,1.0,0.1,2,5751,28,11,4,2,53,0.054008547689458695
new_cpp,1.0,0.1,2,5752,24,7,4,5,70,0.05541590665460731
new_cpp,1.0,0.1,2,5753,23,5,8,4,89,0.05277115210321509
new_cpp,1.0,0.1,2,5754,20,3,8,5,94,0.05518841275236419
new_cpp,1.0,0.1,2,5755,25,7,6,4,77,0.05003714887939442
new_cpp,1.0,0.1,2,5756,25,9,6,2,65,0.05411622221347303
new_cpp,1.0,0.1,2,5757,35,17,0,2,31,0.04504381709180996
new_cpp,1.0,0.1,2,5758,31,11,6,2,67,0.051525010912545785
new_cpp,1.0,0.1,2,5759,28,9,6,3,72,0.043301341237909116
new_cpp,1.0,0.1,2,5760,28,9,5,4,72,0.042416108757120395
new_cpp,1.0,0.1,2,5761,29,11,4,2,53,0.04269325106952334
new_cpp,1.0,0.1,2,5762,22,7,6,3,70,0.04115978875992523
new_cpp,1.0,0.1,2,5763,35,13,4,4,69,0.05133694438926899
new_cpp,1.0,0.1,2,5764,35,13,6,2,69,0.060851116127017116
new_cpp,1.0,0.1,2,5765,35,15,4,2,57,0.045231234772420956
new_cpp,1.0,0.1,2,5766,35,13,6,2,69,0.06289929138674455
new_cpp,1.0,0.1,2,5767,33,11,6,4,81,0.044499428338510734
new_cpp,1.0,0.1,2,5768,41,17,4,2,59,0.05191704910693498
new_cpp,1.0,0.1,2,5769,27,9,8,0,65,0.070464463723111
new_cpp,1.0,0.1,2,5770,25,7,8,2,77,0.06831426394372073
new_cpp,1.0,0.1,2,5771,27,9,6,2,65,0.07019606755553104
new_cpp,1.0,0.1,2,5772,27,11,4,2,53,0.06794487921571761
new_cpp,1.0,0.1,2,5773,23,5,8,4,89,0.06423897783145954
new_cpp,1.0,0.1,2,5774,33,11,6,4,81,0.06494313260294483
new_cpp,1.0,0.1,2,5775,29,9,8,2,79,0.05964581647681123
new_cpp,1.0,0.1,2,5776,25,7,8,2,77,0.05653742151314986
new_cpp,1.0,0.1,2,5777,33,13,4,2,55,0.06282507152603661
new_cpp,1.0,0.1,2,5778,41,17,4,2,59,0.06607998689213097
new_cpp,1.0,0.1,2,5779,31,11,4,4,67,0.062191680768335374
new_cpp,1.0,0.1,2,5780,29,9,8,2,79,0.05463290804766659
new_cpp,1.0,0.1,2,5781,30,11,4,5,74,0.06795477121474298
new_cpp,1.0,0.1,2,5782,27,7,8,4,91,0.06494235032145697
new_cpp,1.0,0.1,2,5783,29,9,6,4,79,0.06207408416438505
new_cpp,1.0,0.1,2,5784,23,7,8,2,77,0.06158547731722038
new_cpp,1.0,0.1,2,5785,27,9,8,0,65,0.06460441615519273
new_cpp,1.0,0.1,2,5786,33,13,6,0,55,0.06308173436908648
new_cpp,1.0,0.1,2,5787,27,9,6,2,65,0.0657845782845813
new_cpp,1.0,0.1,2,5788,29,9,8,2,79,0.05919628635485337
new_cpp,1.0,0.1,2,5789,19,4,6,5,81,0.06713498430894772
new_cpp,1.0,0.1,2,5790,27,7,8,4,91,0.05487196713321162
new_cpp,1.0,0.1,2,5791,41,19,2,2,47,0.06743495834599253
new_cpp,1.0,0.1,2,5792,30,13,4,0,41,0.06724945769866969
new_cpp,1.0,0.1,2,5793,25,7,8,2,77,0.05135799063085955
new_cpp,1.0,0.1,2,5794,27,9,4,6,79,0.06711428247723294
new_cpp,1.0,0.1,2,5795,27,7,6,6,91,0.049985150920249355
new_cpp,1.0,0.1,2,5796,35,15,4,2,57,0.059851511221839515
new_cpp,1.0,0.1,2,5797,41,17,2,4,59,0.057619738950084154
new_cpp,1.0,0.1,2,5798,36,13,4,5,76,0.05852778823806389
new_cpp,1.0,0.1,2,5799,35,15,4,2,57,0.05498941410853293
new_cpp,1.0,0.1,2,5800,19,1,10,6,113,0.05704900576669896
new_cpp,1.0,0.1,2,5801,33,11,4,6,81,0.053055990690542634
new_cpp,1.0,0.1,2,5802,38,15,3,4,64,0.05794898819344999
new_cpp,1.0,0.1,2,5803,25,7,8,2,77,0.056314440072810806
new_cpp,1.0,0.1,2,5804,45,21,2,0,35,0.04637384549637393
new_cpp,1.0,0.1,2,5805,34,13,5,2,62,0.055714756357834135
new_cpp,1.0,0.1,2,5806,21,5,6,4,75,0.0457546588869978
new_cpp,1.0,0.1,2,5807,27,9,8,0,65,0.05410592325298699
new_cpp,1.0,0.1,2,5808,29,9,8,2,79,0.05582342764809503
new_cpp,1.0,0.1,2,5809,33,13,4,4,69,0.054531876276037984
new_cpp,1.0,0.1,2,5810,23,5,10,2,89,0.04551325309706051
new_cpp,1.0,0.1,2,5811,29,9,4,6,79,0.05248541823334256
new_cpp,1.0,0.1,2,5812,29,9,6,4,79,0.053551558265069236
new_cpp,1.0,0.1,2,5813,27,9,6,4,79,0.04801576953983472
new_cpp,1.0,0.1,2,5814,23,5,10,2,89,0.052829009608605516
new_cpp,1.0,0.1,2,5815,47,21,2,2,49,0.04392583759837746
new_cpp,1.0,0.1,2,5816,35,15,4,2,57,0.048128289417568824
new_cpp,1.0,0.1,2,5817,37,15,4,2,57,0.04559423040232501
new_cpp,1.0,0.1,2,5818,37,15,4,2,57,0.047092206376470366
new_cpp,1.0,0.1,2,5819,41,17,4,2,59,0.047617509971903116
new_cpp,1.0,0.1,2,5820,35,13,6,2,69,0.05878548509233293
new_cpp,1.0,0.1,2,5821,35,13,6,2,69,0.06415787900610398
new_cpp,1.0,0.1,2,5822,27,7,8,4,91,0.04958909496433443
new_cpp,1.0,0.1,2,5823,35,13,4,4,69,0.06532210556467433
new_cpp,1.0,0.1,2,5824,19,3,8,4,87,0.044924930126937206
new_cpp,1.0,0.1,2,5825,32,11,6,3,74,0.04465922841877356
new_cpp,1.0,0.1,2,5826,24,7,6,4,77,0.04473820278515664
new_cpp,1.0,0.1,2,5827,35,13,6,2,69,0.045103197780802406
new_cpp,1.0,0.1,2,5828,33,13,4,2,55,0.0670467508949334
new_cpp,1.0,0.1,2,5829,27,9,6,2,65,0.05618082148748363
new_cpp,1.0,0.1,2,5830,31,11,4,4,67,0.0676498552364115
new_cpp,1.0,0.1,2,5831,26,10,2,5,59,0.06617908758059132
new_cpp,1.0,0.1,2,5832,29,11,4,4,67,0.05267915314153216
new_cpp,1.0,0.1,2,5833,25,7,6,4,77,0.05350093056807641
new_cpp,1.0,0.1,2,5834,31,11,6,2,67,0.04776019456300267
new_cpp,1.0,0.1,2,5835,23,7,4,5,70,0.048949151410802555
new_cpp,1.0,0.1,2,5836,19,5,6,4,75,0.056425726524892805
new_cpp,1.0,0.1,2,5837,27,9,6,2,65,0.0464248251817764
new_cpp,1.0,0.1,2,5838,25,9,4,4,65,0.06066980125492871
new_cpp,1.0,0.1,2,5839,31,11,6,2,67,0.06369742080980906
new_cpp,1.0,0.1,2,5840,27,9,6,4,79,0.06713798731968083
new_cpp,1.0,0.1,2,5841,41,19,2,2,47,0.05211197486155317
new_cpp,1.0,0.1,2,5842,27,7,8,4,91,0.06771409606433816
new_cpp,1.0,0.1,2,5843,24,8,4,5,71,0.04797722086949361
new_cpp,1.0,0.1,2,5844,29,9,6,4,79,0.05753107226169521
new_cpp,1.0,0.1,2,5845,29,11,4,4,67,0.05481606330808721
new_cpp,1.0,0.1,2,5846,35,15,4,0,43,0.0608153113043771
new_cpp,1.0,0.1,2,5847,37,15,4,2,57,0.04958661559007202
new_cpp,1.0,0.1,2,5848,35,15,2,4,57,0.05107289123270327
new_cpp,1.0,0.1,2,5849,33,13,4,2,55,0.048818572316186595
new_cpp,1.0,0.1,2,5850,32,11,6,3,74,0.05613285429028325
new_cpp,1.0,0.1,2,5851,35,13,6,2,69,0.06251081158102376
new_cpp,1.0,0.1,2,5852,29,9,6,4,79,0.06406292268217699
new_cpp,1.0,0.1,2,5853,27,7,8,4,91,0.050419103551627195
new_cpp,1.0,0.1,2,5854,35,13,6,2,69,0.06442218347986789
new_cpp,1.0,0.1,2,5855,34,13,5,2,62,0.046473342940662014
new_cpp,1.0,0.1,2,5856,33,13,6,0,55,0.05683913032393022
new_cpp,1.0,0.1,2,5857,22,7,5,2,56,0.05939181009518651
new_cpp,1.0,0.1,2,5858,33,15,4,0,43,0.06186672720673197
new_cpp,1.0,0.1,2,5859,25,9,6,2,65,0.049148377086792434
new_cpp,1.0,0.1,2,5860,35,13,6,2,69,0.06207311801285877
new_cpp,1.0,0.1,2,5861,29,9,8,2,79,0.04531918124328019
new_cpp,1.0,0.1,2,5862,39,19,2,0,33,0.05625505142707589
new_cpp,1.0,0.1,2,5863,26,8,6,3,71,0.05145030344067518
new_cpp,1.0,0.1,2,5864,33,13,6,0,55,0.0465360275554756
new_cpp,1.0,0.1,2,5865,31,11,6,2,67,0.0568665793308903
new_cpp,1.0,0.1,2,5866,35,13,6,2,69,0.051355455539225686
new_cpp,1.0,0.1,2,5867,35,15,4,2,57,0.05332257247507312
new_cpp,1.0,0.1,2,5868,30,10,4,5,73,0.0495141393231847
new_cpp,1.0,0.1,2,5869,32,11,5,4,74,0.054095891239719016
new_cpp,1.0,0.1,2,5870,29,9,4,6,79,0.054523195545177205
new_cpp,1.0,0.1,2,5871,29,9,8,2,79,0.04464170426537866
new_cpp,1.0,0.1,2,5872,29,11,6,2,67,0.06194935276210814
new_cpp,1.0,0.1,2,5873,33,11,6,4,81,0.06213637422479312
new_cpp,1.0,0.1,2,5874,38,17,2,2,45,0.05927059196358381
new_cpp,1.0,0.1,2,5875,33,11,6,4,81,0.061541649441209115
new_cpp,1.0,0.1,2,5876,39,15,4,4,71,0.05763318484903308
new_cpp,1.0,0.1,2,5877,27,7,8,4,91,0.06068924268016287
new_cpp,1.0,0.1,2,5878,29,11,2,6,67,0.06259086866581373
new_cpp,1.0,0.1,2,5879,19,3,8,6,101,0.05783148174451566
new_cpp,1.0,0.1,2,5880,30,11,4,5,74,0.06461375252229078
new_cpp,1.0,0.1,2,5881,35,13,6,2,69,0.05245002734944387
new_cpp,1.0,0.1,2,5882,41,17,4,2,59,0.0652187209521986
new_cpp,1.0,0.1,2,5883,33,13,4,4,69,0.04875296202903692
new_cpp,1.0,0.1,2,5884,33,11,6,4,81,0.05473119722391346
new_cpp,1.0,0.1,2,5885,22,4,6,7,95,0.05465510809595656
new_cpp,1.0,0.1,2,5886,37,15,4,2,57,0.05459017159407603
new_cpp,1.0,0.1,2,5887,27,9,6,2,65,0.05422618436900878
new_cpp,1.0,0.1,2,5888,32,11,5,4,74,0.05205040821641278
new_cpp,1.0,0.1,2,5889,29,9,8,2,79,0.0507893360710224
new_cpp,1.0,0.1,2,5890,35,15,4,2,57,0.05179509602461296
new_cpp,1.0,0.1,2,5891,41,17,4,2,59,0.05160870738586752
new_cpp,1.0,0.1,2,5892,47,21,2,2,49,0.04976252888709071
new_cpp,1.0,0.1,2,5893,38,17,2,2,45,0.04664759621338813
new_cpp,1.0,0.1,2,5894,27,11,4,2,53,0.05746194222324509
new_cpp,1.0,0.1,2,5895,33,15,2,2,43,0.05146748470039401
new_cpp,1.0,0.1,2,5896,33,13,4,2,55,0.06795410316335747
new_cpp,1.0,0.1,2,5897,36,15,4,1,50,0.06790495495705968
new_cpp,1.0,0.1,2,5898,33,11,6,4,81,0.062145159748203074
new_cpp,1.0,0.1,2,5899,28,9,4,6,79,0.06232081705578918
new_cpp,1.0,0.1,2,5900,31,11,4,4,67,0.06646108946730403
new_cpp,1.0,0.1,2,5901,18,1,10,5,106,0.06794922430973277
new_cpp,1.0,0.1,2,5902,35,13,6,2,69,0.06830192678756242
new_cpp,1.0,0.1,2,5903,41,17,4,2,59,0.065209470014297
new_cpp,1.0,0.1,2,5904,33,11,6,4,81,0.06261900083769446
new_cpp,1.0,0.1,2,5905,35,15,4,2,57,0.0682651754512484
new_cpp,1.0,0.1,2,5906,35,13,4,4,69,0.05514796663827848
new_cpp,1.0,0.1,2,5907,33,11,6,4,81,0.06628115895393392
new_cpp,1.0,0.1,2,5908,22,3,8,7,108,0.05154694334875094
new_cpp,1.0,0.1,2,5909,23,5,6,6,89,0.06497567797856316
new_cpp,1.0,0.1,2,5910,27,7,8,4,91,0.06794809682187555
new_cpp,1.0,0.1,2,5911,41,17,4,2,59,0.069255937764666
new_cpp,1.0,0.1,2,5912,29,9,4,6,79,0.0695233115486161
new_cpp,1.0,0.1,2,5913,24,5,8,5,96,0.0668063815339231
new_cpp,1.0,0.1,2,5914,21,5,10,0,75,0.06923526905076924
new_cpp,1.0,0.1,2,5915,22,7,6,2,63,0.06375140890683025
new_cpp,1.0,0.1,2,5916,28,9,4,5,72,0.057449302161235775
new_cpp,1.0,0.1,2,5917,33,11,6,4,81,0.06718052707223475
new_cpp,1.0,0.1,2,5918,27,11,6,0,53,0.05410324988993023
new_cpp,1.0,0.1,2,5919,31,11,6,2,67,0.06580972366317928
new_cpp,1.0,0.1,2,5920,31,11,4,4,67,0.06232137936364154
new_cpp,1.0,0.1,2,5921,31,11,4,4,67,0.06843365574736421
new_cpp,1.0,0.1,2,5922,29,9,8,2,79,0.06964571339051784
new_cpp,1.0,0.1,2,5923,29,11,4,4,67,0.047261572606461126
new_cpp,1.0,0.1,2,5924,31,11,6,2,67,0.06021374775729128
new_cpp,1.0,0.1,2,5925,26,8,6,3,71,0.06559413145026739
new_cpp,1.0,0.1,2,5926,27,7,8,4,91,0.06641138693654795
new_cpp,1.0,0.1,2,5927,33,11,6,4,81,0.052237519040868534
new_cpp,1.0,0.1,2,5928,29,13,2,2,41,0.06580924955042941
new_cpp,1.0,0.1,2,5929,33,13,6,0,55,0.045983586718276306
new_cpp,1.0,0.1,2,5930,26,7,7,4,84,0.05239323055478647
new_cpp,1.0,0.1,2,5931,27,8,5,5,78,0.05540532159047624
new_cpp,1.0,0.1,2,5932,23,5,10,2,89,0.057865317773298834
new_cpp,1.0,0.1,2,5933,35,13,4,4,69,0.05124257172328341
new_cpp,1.0,0.1,2,5934,35,13,6,2,69,0.04660846695350482
new_cpp,1.0,0.1,2,5935,25,7,6,4,77,0.05887013019287975
new_cpp,1.0,0.1,2,5936,40,17,3,2,52,0.058983466705871554
new_cpp,1.0,0.1,2,5937,31,9,6,6,93,0.04534675257363364
new_cpp,1.0,0.1,2,5938,33,11,6,4,81,0.05608727591673242
new_cpp,1.0,0.1,2,5939,41,17,4,2,59,0.05227272837378734
new_cpp,1.0,0.1,2,5940,23,5,8,4,89,0.06870313773876403
new_cpp,1.0,0.1,2,5941,25,7,6,6,91,0.06852625481844614
new_cpp,1.0,0.1,2,5942,23,7,4,6,77,0.06611405226446891
new_cpp,1.0,0.1,2,5943,35,13,2,6,69,0.0689151022130964
new_cpp,1.0,0.1,2,5944,33,13,4,2,55,0.06784441645339043
new_cpp,1.0,0.1,2,5945,30,11,5,2,60,0.06294386560046426
new_cpp,1.0,0.1,2,5946,39,17,4,0,45,0.06683247930087782
new_cpp,1.0,0.1,2,5947,29,11,4,2,53,0.060711283476534296
new_cpp,1.0,0.1,2,5948,25,7,3,7,77,0.05889079954793232
new_cpp,1.0,0.1,2,5949,34,15,0,4,43,0.06392882314876325
new_cpp,1.0,0.1,2,5950,37,15,2,4,57,0.05466927699714512
new_cpp,1.0,0.1,2,5951,27,9,6,4,79,0.061459222773131296
new_cpp,1.0,0.1,2,5952,29,9,6,4,79,0.061649825978585954
new_cpp,1.0,0.1,2,5953,23,7,8,0,63,0.05479929815016218
new_cpp,1.0,0.1,2,5954,27,7,8,4,91,0.05683331193130023
new_cpp,1.0,0.1,2,5955,25,7,6,4,77,0.06606813458388537
new_cpp,1.0,0.1,2,5956,33,11,6,4,81,0.06696973544468443
new_cpp,1.0,0.1,2,5957,29,9,6,4,79,0.04628346678830068
new_cpp,1.0,0.1,2,5958,33,13,4,4,69,0.06737478238007283
new_cpp,1.0,0.1,2,5959,28,9,4,5,72,0.05732417318343893
new_cpp,1.0,0.1,2,5960,35,13,6,2,69,0.04620859320164741
new_cpp,1.0,0.1,2,5961,32,11,6,3,74,0.06871876786767663
new_cpp,1.0,0.1,2,5962,23,5,10,2,89,0.05532252171388565
new_cpp,1.0,0.1,2,5963,25,9,4,4,65,0.05325551831442551
new_cpp,1.0,0.1,2,5964,24,5,8,5,96,0.04980385548558615
new_cpp,1.0,0.1,2,5965,24,7,4,7,84,0.05348591832671718
new_cpp,1.0,0.1,2,5966,40,17,3,2,52,0.05819460590688434
new_cpp,1.0,0.1,2,5967,26,7,7,4,84,0.053950134133769305
new_cpp,1.0,0.1,2,5968,21,3,10,4,101,0.051784719368109654
new_cpp,1.0,0.1,2,5969,32,13,4,3,62,0.05862344044823651
new_cpp,1.0,0.1,2,5970,37,15,4,2,57,0.05578557384129298
new_cpp,1.0,0.1,2,5971,33,13,6,0,55,0.05202155223285189
new_cpp,1.0,0.1,2,5972,39,17,4,0,45,0.04997861243434632
new_cpp,1.0,0.1,2,5973,25,9,6,2,65,0.05604949816874064
new_cpp,1.0,0.1,2,5974,29,9,8,2,79,0.047262123995012194
new_cpp,1.0,0.1,2,5975,35,13,4,4,69,0.05222403483070539
new_cpp,1.0,0.1,2,5976,32,11,6,3,74,0.04722235221238537
new_cpp,1.0,0.1,2,5977,47,23,0,2,37,0.047002339573874584
new_cpp,1.0,0.1,2,5978,33,15,4,0,43,0.06253440033045805
new_cpp,1.0,0.1,2,5979,31,11,6,2,67,0.06278253119544668
new_cpp,1.0,0.1,2,5980,32,13,5,0,48,0.05995716396487825
new_cpp,1.0,0.1,2,5981,30,11,5,2,60,0.05735343885318364
new_cpp,1.0,0.1,2,5982,41,17,4,2,59,0.050470785634745656
new_cpp,1.0,0.1,2,5983,41,19,2,2,47,0.05155803976406645
new_cpp,1.0,0.1,2,5984,37,17,2,2,45,0.05683782166334262
new_cpp,1.0,0.1,2,5985,43,19,2,2,47,0.061145079815590635
new_cpp,1.0,0.1,2,5986,23,5,8,4,89,0.05075353715862336
new_cpp,1.0,0.1,2,5987,23,7,6,4,77,0.05416697567435852
new_cpp,1.0,0.1,2,5988,37,15,4,2,57,0.06315645901012037
new_cpp,1.0,0.1,2,5989,29,9,6,4,79,0.06332691419504408
new_cpp,1.0,0.1,2,5990,31,11,6,2,67,0.061810562001534695
new_cpp,1.0,0.1,2,5991,31,11,4,4,67,0.059030565512324884
new_cpp,1.0,0.1,2,5992,31,11,4,4,67,0.059812449346210224
new_cpp,1.0,0.1,2,5993,37,15,4,2,57,0.05583398206497808
new_cpp,1.0,0.1,2,5994,35,13,6,2,69,0.07004091824803961
new_cpp,1.0,0.1,2,5995,31,13,4,2,55,0.05699761732558286
new_cpp,1.0,0.1,2,5996,31,13,4,2,55,0.05694349202817104
new_cpp,1.0,0.1,2,5997,25,7,8,2,77,0.05668343641307074
new_cpp,1.0,0.1,2,5998,29,11,6,0,53,0.05635258285558692
new_cpp,1.0,0.1,2,5999,23,5,8,4,89,0.05486393524608481
new_cpp,1.0,0.1,2,6000,27,9,4,4,65,0.05552445094442713
new_cpp,1.0,0.1,2,6001,25,7,6,4,77,0.05339153756269372
new_cpp,1.0,0.1,2,6002,29,9,6,4,79,0.054283977795795156
new_cpp,1.0,0.1,2,6003,29,9,6,4,79,0.05319120191963628
new_cpp,1.0,0.1,2,6004,34,13,4,3,62,0.05198499685352298
new_cpp,1.0,0.1,2,6005,30,11,5,2,60,0.04994394563641703
new_cpp,1.0,0.1,2,6006,30,11,5,2,60,0.05236159507749147
new_cpp,1.0,0.1,2,6007,23,5,10,2,89,0.06698694492230854
new_cpp,1.0,0.1,2,6008,33,11,6,4,81,0.06779229075017096
new_cpp,1.0,0.1,2,6009,33,13,6,0,55,0.06791613442968851
new_cpp,1.0,0.1,2,6010,19,5,8,2,75,0.06567460408603802
new_cpp,1.0,0.1,2,6011,25,7,8,2,77,0.06739644657780816
new_cpp,1.0,0.1,2,6012,33,13,6,0,55,0.06344876300637442
new_cpp,1.0,0.1,2,6013,22,7,4,4,63,0.06667121296860244
new_cpp,1.0,0.1,2,6014,33,11,6,4,81,0.061537152700718495
new_cpp,1.0,0.1,2,6015,17,5,6,2,61,0.059185977962150776
new_cpp,1.0,0.1,2,6016,33,13,6,0,55,0.05595450673712186
new_cpp,1.0,0.1,2,6017,32,14,2,3,49,0.059488641044653
new_cpp,1.0,0.1,2,6018,31,11,6,2,67,0.06494181855089881
new_cpp,1.0,0.1,2,6019,34,14,4,1,49,0.05781109348768683
new_cpp,1.0,0.1,2,6020,28,11,3,2,46,0.056816243512886576
new_cpp,1.0,0.1,2,6021,31,11,6,2,67,0.06444076815445975
new_cpp,1.0,0.1,2,6022,28,11,4,2,53,0.06820974396562934
new_cpp,1.0,0.1,2,6023,45,21,2,0,35,0.06915687105239411
new_cpp,1.0,0.1,2,6024,29,11,6,2,67,0.06614071030247635
new_cpp,1.0,0.1,2,6025,27,7,8,4,91,0.07002398081262803
new_cpp,1.0,0.1,2,6026,29,11,6,2,67,0.05995549038393097
new_cpp,1.0,0.1,2,6027,31,11,4,6,81,0.069804456658844
new_cpp,1.0,0.1,2,6028,32,13,4,2,55,0.058451949130281504
new_cpp,1.0,0.1,2,6029,41,17,4,2,59,0.06013285874581607
new_cpp,1.0,0.1,2,6030,35,15,4,2,57,0.060931138137798456
new_cpp,1.0,0.1,2,6031,38,15,4,3,64,0.05623786025317046
new_cpp,1.0,0.1,2,6032,35,15,2,4,57,0.06109885218967098
new_cpp,1.0,0.1,2,6033,41,19,2,2,47,0.05276838430682182
new_cpp,1.0,0.1,2,6034,23,5,8,4,89,0.0683470378707833
new_cpp,1.0,0.1,2,6035,33,13,6,0,55,0.0538914326635086
new_cpp,1.0,0.1,2,6036,35,13,6,2,69,0.060787301406025035
new_cpp,1.0,0.1,2,6037,26,9,6,2,65,0.04986302610033405
new_cpp,1.0,0.1,2,6038,23,7,4,6,77,0.06223403619804377
new_cpp,1.0,0.1,2,6039,35,15,4,2,57,0.06775058897932726
new_cpp,1.0,0.1,2,6040,27,7,8,4,91,0.05583258074303582
new_cpp,1.0,0.1,2,6041,25,7,6,4,77,0.06780435774505447
new_cpp,1.0,0.1,2,6042,41,19,2,2,47,0.054995774125211644
new_cpp,1.0,0.1,2,6043,41,17,4,2,59,0.05705607170309033
new_cpp,1.0,0.1,2,6044,44,21,0,2,35,0.05241358975742768
new_cpp,1.0,0.1,2,6045,35,13,6,2,69,0.0672956519114222
new_cpp,1.0,0.1,2,6046,32,11,5,4,74,0.06390907805959671
new_cpp,1.0,0.1,2,6047,42,18,2,3,53,0.06296895976585384
new_cpp,1.0,0.1,2,6048,38,15,4,3,64,0.06423871889743347
new_cpp,1.0,0.1,2,6049,27,7,8,4,91,0.05435925089474467
new_cpp,1.0,0.1,2,6050,33,11,4,6,81,0.05398818786653422
new_cpp,1.0,0.1,2,6051,29,9,8,2,79,0.05226831074768544
new_cpp,1.0,0.1,2,6052,30,11,5,2,60,0.06044334387267218
new_cpp,1.0,0.1,2,6053,19,3,8,4,87,0.061932308856666715
new_cpp,1.0,0.1,2,6054,33,13,4,4,69,0.05740719417339746
new_cpp,1.0,0.1,2,6055,33,11,6,4,81,0.06353056129544891
new_cpp,1.0,0.1,2,6056,23,5,6,6,89,0.06429480892902899
new_cpp,1.0,0.1,2,6057,22,7,6,3,70,0.05387287064407164
new_cpp,1.0,0.1,2,6058,45,21,2,0,35,0.057509672386893376
new_cpp,1.0,0.1,2,6059,38,17,3,0,38,0.05698542532574627
new_cpp,1.0,0.1,2,6060,33,11,6,4,81,0.05753664395560648
new_cpp,1.0,0.1,2,6061,41,17,2,4,59,0.05499842086667465
new_cpp,1.0,0.1,2,6062,41,17,4,2,59,0.05336719277140202
new_cpp,1.0,0.1,2,6063,40,17,3,2,52,0.05704159711236654
new_cpp,1.0,0.1,2,6064,17,1,8,6,99,0.06358727815167903
new_cpp,1.0,0.1,2,6065,33,11,6,4,81,0.055364557713362315
new_cpp,1.0,0.1,2,6066,23,5,10,2,89,0.062061590189373045
new_cpp,1.0,0.1,2,6067,31,11,4,4,67,0.05285269234208011
new_cpp,1.0,0.1,2,6068,33,11,6,4,81,0.05333348632029348
new_cpp,1.0,0.1,2,6069,27,9,6,2,65,0.06757870064219411
new_cpp,1.0,0.1,2,6070,24,7,3,6,70,0.06065042550105405
new_cpp,1.0,0.1,2,6071,29,9,6,4,79,0.0687106994071554
new_cpp,1.0,0.1,2,6072,23,9,6,0,51,0.0517012669763702
new_cpp,1.0,0.1,2,6073,27,9,6,2,65,0.05669382330739905
new_cpp,1.0,0.1,2,6074,33,13,4,2,55,0.062102758241795585
new_cpp,1.0,0.1,2,6075,35,15,4,2,57,0.06667639257400032
new_cpp,1.0,0.1,2,6076,35,13,6,2,69,0.06835767566702752
new_cpp,1.0,0.1,2,6077,27,7,8,4,91,0.06728029772151516
new_cpp,1.0,0.1,2,6078,32,11,6,3,74,0.05470092729490956
new_cpp,1.0,0.1,2,6079,35,13,6,2,69,0.06246920484313169
new_cpp,1.0,0.1,2,6080,35,13,6,2,69,0.05857732553317674
new_cpp,1.0,0.1,2,6081,30,11,5,2,60,0.05903009153652486
new_cpp,1.0,0.1,2,6082,24,7,7,2,70,0.0640564290667331
new_cpp,1.0,0.1,2,6083,32,11,6,3,74,0.05539957260493716
new_cpp,1.0,0.1,2,6084,29,9,4,6,79,0.058549883208594874
new_cpp,1.0,0.1,2,6085,41,17,4,2,59,0.06299382858360394
new_cpp,1.0,0.1,2,6086,35,13,6,2,69,0.05875733485142371
new_cpp,1.0,0.1,2,6087,25,7,6,6,91,0.0609046139181771
new_cpp,1.0,0.1,2,6088,33,11,6,4,81,0.056970899375477405
new_cpp,1.0,0.1,2,6089,41,19,2,2,47,0.06739766897280357
new_cpp,1.0,0.1,2,6090,33,13,2,6,69,0.06873583898391669
new_cpp,1.0,0.1,2,6091,17,1,10,4,99,0.06567717555338956
new_cpp,1.0,0.1,2,6092,19,5,5,3,61,0.06569646023418182
new_cpp,1.0,0.1,2,6093,22,6,6,3,69,0.06047787182520764
new_cpp,1.0,0.1,2,6094,33,13,4,2,55,0.060562938909267464
new_cpp,1.0,0.1,2,6095,29,9,8,2,79,0.06904436906065436
new_cpp,1.0,0.1,2,6096,31,11,4,6,81,0.0661617602750201
new_cpp,1.0,0.1,2,6097,35,15,4,2,57,0.06452422613230024
new_cpp,1.0,0.1,2,6098,41,17,4,2,59,0.06945384889442922
new_cpp,1.0,0.1,2,6099,40,17,3,2,52,0.06350575470906482
new_cpp,1.0,0.1,2,6100,26,9,4,4,65,0.06955204301829145
new_cpp,1.0,0.1,2,6101,31,11,6,2,67,0.06951316444122971
new_cpp,1.0,0.1,2,6102,30,11,6,1,60,0.06129322337583202
new_cpp,1.0,0.1,2,6103,28,10,6,1,59,0.06042745575693587
new_cpp,1.0,0.1,2,6104,25,7,8,2,77,0.06943138006795119
new_cpp,1.0,0.1,2,6105,33,13,4,4,69,0.06864556888457712
new_cpp,1.0,0.1,2,6106,41,17,4,2,59,0.055930452957647335
new_cpp,1.0,0.1,2,6107,35,13,6,2,69,0.05914429481609272
new_cpp,1.0,0.1,2,6108,38,17,2,3,52,0.060329710897477726
new_cpp,1.0,0.1,2,6109,27,7,8,4,91,0.060470446087253424
new_cpp,1.0,0.1,2,6110,41,17,4,2,59,0.059133812928225796
new_cpp,1.0,0.1,2,6111,28,7,6,7,98,0.05692580988664086
new_cpp,1.0,0.1,2,6112,35,13,6,2,69,0.058804992489455
new_cpp,1.0,0.1,2,6113,33,11,6,4,81,0.05620017272937318
new_cpp,1.0,0.1,2,6114,41,17,4,2,59,0.05850957394381844
new_cpp,1.0,0.1,2,6115,37,17,0,4,45,0.0576816880562489
new_cpp,1.0,0.1,2,6116,29,9,8,2,79,0.054526362560939824
new_cpp,1.0,0.1,2,6117,24,6,8,3,83,0.05533673877958117
new_cpp,1.0,0.1,2,6118,28,10,4,5,73,0.05489675496828207
new_cpp,1.0,0.1,2,6119,29,9,6,4,79,0.06315424389371638
new_cpp,1.0,0.1,2,6120,33,13,6,0,55,0.06123955214214771
new_cpp,1.0,0.1,2,6121,33,13,6,0,55,0.05866292868515368
new_cpp,1.0,0.1,2,6122,33,15,4,0,43,0.06497077784524727
new_cpp,1.0,0.1,2,6123,27,7,8,4,91,0.06960781636314485
new_cpp,1.0,0.1,2,6124,35,13,6,2,69,0.059957041773476105
new_cpp,1.0,0.1,2,6125,31,11,4,4,67,0.06129456839040891
new_cpp,1.0,0.1,2,6126,29,9,8,2,79,0.06869013443839231
new_cpp,1.0,0.1,2,6127,23,7,4,6,77,0.07032816507020223
new_cpp,1.0,0.1,2,6128,25,9,6,2,65,0.07021821160426231
new_cpp,1.0,0.1,2,6129,30,11,6,1,60,0.07014954840173893
new_cpp,1.0,0.1,2,6130,21,5,6,6,89,0.0694857952587862
new_cpp,1.0,0.1,2,6131,31,13,4,2,55,0.06930996477434545
new_cpp,1.0,0.1,2,6132,35,13,4,4,69,0.06577467926471535
new_cpp,1.0,0.1,2,6133,28,9,3,6,72,0.06616996872301764
new_cpp,1.0,0.1,2,6134,33,13,4,2,55,0.06544542431438524
new_cpp,1.0,0.1,2,6135,27,9,6,2,65,0.06107390616977578
new_cpp,1.0,0.1,2,6136,27,11,6,0,53,0.06708226572952838
new_cpp,1.0,0.1,2,6137,33,11,6,4,81,0.0634935219973779
new_cpp,1.0,0.1,2,6138,32,12,2,5,61,0.06134826143917707
new_cpp,1.0,0.1,2,6139,39,15,4,4,71,0.06355541554531093
new_cpp,1.0,0.1,2,6140,35,13,6,2,69,0.06340423311973534
new_cpp,1.0,0.1,2,6141,35,15,4,2,57,0.06088187872120157
new_cpp,1.0,0.1,2,6142,23,5,10,2,89,0.06480817610777677
new_cpp,1.0,0.1,2,6143,26,7,7,4,84,0.05698457223433519
new_cpp,1.0,0.1,2,6144,29,9,8,2,79,0.06605984498006628
new_cpp,1.0,0.1,2,6145,29,11,4,2,53,0.06288130850049824
new_cpp,1.0,0.1,2,6146,41,17,2,4,59,0.06355918543317492
new_cpp,1.0,0.1,2,6147,29,9,8,2,79,0.06186923825397077
new_cpp,1.0,0.1,2,6148,27,11,4,2,53,0.06397219551527872
new_cpp,1.0,0.1,2,6149,19,5,8,2,75,0.059629870651447335
new_cpp,1.0,0.1,2,6150,16,3,8,2,73,0.05899842093638498
new_cpp,1.0,0.1,2,6151,31,11,6,2,67,0.06396209430080138
new_cpp,1.0,0.1,2,6152,27,11,6,0,53,0.0556056399093863
new_cpp,1.0,0.1,2,6153,33,13,6,0,55,0.06345924627999212
new_cpp,1.0,0.1,2,6154,35,15,2,4,57,0.05963916562927551
new_cpp,1.0,0.1,2,6155,41,19,2,2,47,0.060091691342550775
new_cpp,1.0,0.1,2,6156,25,7,6,4,77,0.058839642785196676
new_cpp,1.0,0.1,2,6157,33,11,6,4,81,0.060128002246532315
new_cpp,1.0,0.1,2,6158,39,15,4,4,71,0.05690631647925411
new_cpp,1.0,0.1,2,6159,26,7,8,3,84,0.056341558727923985
new_cpp,1.0,0.1,2,6160,28,9,5,4,72,0.06002611245851247
new_cpp,1.0,0.1,2,6161,29,9,6,4,79,0.056455648517988205
new_cpp,1.0,0.1,2,6162,38,17,2,3,52,0.05668945843662809
new_cpp,1.0,0.1,2,6163,33,11,6,4,81,0.05585911366035691
new_cpp,1.0,0.1,2,6164,35,13,6,2,69,0.05979096275796525
new_cpp,1.0,0.1,2,6165,23,7,6,2,63,0.06018880989348936
new_cpp,1.0,0.1,2,6166,35,13,4,4,69,0.06188124631914458
new_cpp,1.0,0.1,2,6167,19,3,6,6,87,0.06276355559397695
new_cpp,1.0,0.1,2,6168,25,7,4,6,77,0.0639156206180567
new_cpp,1.0,0.1,2,6169,31,11,4,4,67,0.06260313299385045
new_cpp,1.0,0.1,2,6170,33,13,2,4,55,0.06088550391804691
new_cpp,1.0,0.1,2,6171,27,9,8,0,65,0.06498540948491324
new_cpp,1.0,0.1,2,6172,39,19,2,0,33,0.06396680943499185
new_cpp,1.0,0.1,2,6173,27,7,8,4,91,0.06519053324926963
new_cpp,1.0,0.1,2,6174,38,15,4,3,64,0.06651168912791883
new_cpp,1.0,0.1,2,6175,39,15,4,4,71,0.06294846285037442
new_cpp,1.0,0.1,2,6176,24,7,5,4,70,0.06732189273230935
new_cpp,1.0,0.1,2,6177,35,15,4,2,57,0.062204165924391715
new_cpp,1.0,0.1,2,6178,27,7,8,4,91,0.0691280333900617
new_cpp,1.0,0.1,2,6179,38,17,2,2,45,0.06982197309814826
new_cpp,1.0,0.1,2,6180,40,17,3,2,52,0.05961145786932501
new_cpp,1.0,0.1,2,6181,35,13,6,2,69,0.059508710436363195
new_cpp,1.0,0.1,2,6182,29,11,6,2,67,0.064821303074826
new_cpp,1.0,0.1,2,6183,23,5,6,6,89,0.06308311225612671
new_cpp,1.0,0.1,2,6184,35,15,4,2,57,0.06469117487898395
new_cpp,1.0,0.1,2,6185,35,13,6,2,69,0.06397174903744758
new_cpp,1.0,0.1,2,6186,35,15,4,2,57,0.06238587063480308
new_cpp,1.0,0.1,2,6187,41,17,4,2,59,0.06369860940882728
new_cpp,1.0,0.1,2,6188,39,15,4,4,71,0.06608590022504407
new_cpp,1.0,0.1,2,6189,37,15,2,4,57,0.06494341347900377
new_cpp,1.0,0.1,2,6190,41,17,4,2,59,0.06862632627405332
new_cpp,1.0,0.1,2,6191,39,15,4,4,71,0.06662628502053444
new_cpp,1.0,0.1,2,6192,41,19,2,2,47,0.06649995717950795
new_cpp,1.0,0.1,2,6193,31,11,4,4,67,0.0657900350962642
new_cpp,1.0,0.1,2,6194,39,15,4,4,71,0.06656059897176851
new_cpp,1.0,0.1,2,6195,33,11,6,4,81,0.06428141063437322
new_cpp,1.0,0.1,2,6196,41,17,4,2,59,0.06580982286543285
new_cpp,1.0,0.1,2,6197,31,11,6,2,67,0.06280631636296824
new_cpp,1.0,0.1,2,6198,39,17,4,0,45,0.0628047671282358
new_cpp,1.0,0.1,2,6199,31,11,6,2,67,0.06264295229094136
new_cpp,1.0,0.1,2,6200,31,13,4,2,55,0.0626449315984747
new_cpp,1.0,0.1,2,6201,23,5,8,4,89,0.06548950311232486
new_cpp,1.0,0.1,2,6202,29,11,6,0,53,0.06457952797853923
new_cpp,1.0,0.1,2,6203,24,8,6,1,57,0.06520959966286861
new_cpp,1.0,0.1,2,6204,43,21,0,2,35,0.06254189834754594
new_cpp,1.0,0.1,2,6205,34,13,4,3,62,0.06662010708220585
new_cpp,1.0,0.1,2,6206,33,13,6,0,55,0.06788802932386324
new_cpp,1.0,0.1,2,6207,30,9,6,5,86,0.06401798173590872
new_cpp,1.0,0.1,2,6208,30,11,4,5,74,0.06922016086468222
new_cpp,1.0,0.1,2,6209,33,11,6,4,81,0.06330886658573846
new_cpp,1.0,0.1,2,6210,33,11,6,4,81,0.06942334753272554
new_cpp,1.0,0.1,2,6211,30,9,4,7,86,0.06736898035360986
new_cpp,1.0,0.1,2,6212,41,19,2,2,47,0.06721030003249762
new_cpp,1.0,0.1,2,6213,30,11,4,5,74,0.06606545523120208
new_cpp,1.0,0.1,2,6214,35,15,4,2,57,0.06763441619768104
new_cpp,1.0,0.1,2,6215,27,7,8,4,91,0.06742752899675956
new_cpp,1.0,0.1,2,6216,29,9,8,2,79,0.0649131940595344
new_cpp,1.0,0.1,2,6217,35,13,6,2,69,0.06643391847306439
new_cpp,1.0,0.1,2,6218,38,17,2,2,45,0.06579596003344679
new_cpp,1.0,0.1,2,6219,31,13,2,2,41,0.06613058775248701
new_cpp,1.0,0.1,2,6220,24,9,5,0,44,0.06797280871294915
new_cpp,1.0,0.1,2,6221,29,9,8,2,79,0.06893140254213898
new_cpp,1.0,0.1,2,6222,27,7,8,4,91,0.06868579790747611
