#f=8
# columns: theta, 3^f*Mij (3x3 6-element-groups), frob, rank
1.570939632860646e-05 , 3062 694 -1350 1238 -2309 -1757 , 3467 -23 23 0 1826 1849 , -1044 1388 -2089 -1 1522 -1887 , 2520 -320 320 0 1080 1400 , 1824 1350 -694 -1238 -407 -3003 , -2205 -877 2768 -2569 -500 -683 , 364 -2768 877 2569 -3451 377 , -1043 2089 -1388 1 202 134 , 574 343 -343 0 -2906 -3249 , 2.9451975222319408e-06 , 0
1.570939632860646e-05 , 3062 694 -1350 1238 -2309 -1757 , 3467 -23 23 0 1826 1849 , 1044 -1388 2089 1 -1522 1887 , 2520 -320 320 0 1080 1400 , 1824 1350 -694 -1238 -407 -3003 , 2205 877 -2768 2569 500 683 , -364 2768 -877 -2569 3451 -377 , 1043 -2089 1388 -1 -202 -134 , 574 343 -343 0 -2906 -3249 , 2.9451975222319408e-06 , 1
1.570939632860646e-05 , 3062 694 -1350 1238 -2309 -1757 , 2520 -320 320 0 1080 1400 , 2205 -683 -500 -364 2768 -877 , 3467 -23 23 0 1826 1849 , 1824 1350 -694 -1238 -407 -3003 , 1044 -1887 1522 1043 -2089 1388 , 1 -1522 1887 -1043 -134 -202 , 2569 500 683 364 -377 3451 , 574 343 -343 0 -2906 -3249 , 2.9451975222578215e-06 , 2
1.570939632860646e-05 , 3062 694 -1350 1238 -2309 -1757 , 2520 -320 320 0 1080 1400 , -2205 683 500 364 -2768 877 , 3467 -23 23 0 1826 1849 , 1824 1350 -694 -1238 -407 -3003 , -1044 1887 -1522 -1043 2089 -1388 , -1 1522 -1887 1043 134 202 , -2569 -500 -683 -364 377 -3451 , 574 343 -343 0 -2906 -3249 , 2.9451975222578215e-06 , 3
1.570939632860646e-05 , 3062 694 -1350 1238 -2309 -1757 , 3467 -23 23 0 1826 1849 , 1388 -2089 1043 1522 -1887 1044 , 2520 -320 320 0 1080 1400 , 1824 1350 -694 -1238 -407 -3003 , -877 2768 -364 -500 -683 2205 , -377 364 -2768 500 2569 -3451 , -134 -1043 2089 -1522 1 202 , 574 343 -343 0 -2906 -3249 , 2.9451975222837021e-06 , 4
1.570939632860646e-05 , 3062 694 -1350 1238 -2309 -1757 , 3467 -23 23 0 1826 1849 , -1388 2089 -1043 -1522 1887 -1044 , 2520 -320 320 0 1080 1400 , 1824 1350 -694 -1238 -407 -3003 , 877 -2768 364 500 683 -2205 , 377 -364 2768 -500 -2569 3451 , 134 1043 -2089 1522 -1 -202 , 574 343 -343 0 -2906 -3249 , 2.9451975222837021e-06 , 5
1.570939632860646e-05 , 3062 694 -1350 1238 -2309 -1757 , 2520 -320 320 0 1080 1400 , 377 -364 2768 -500 -2569 3451 , 3467 -23 23 0 1826 1849 , 1824 1350 -694 -1238 -407 -3003 , 134 1043 -2089 1522 -1 -202 , -1388 2089 -1043 -1522 1887 -1044 , 877 -2768 364 500 683 -2205 , 574 343 -343 0 -2906 -3249 , 2.9451975223095824e-06 , 6
1.570939632860646e-05 , 3062 694 -1350 1238 -2309 -1757 , 2520 -320 320 0 1080 1400 , 877 2205 -683 377 -364 2768 , 3467 -23 23 0 1826 1849 , 1824 1350 -694 -1238 -407 -3003 , -1388 1044 -1887 134 1043 -2089 , -1522 1887 -1044 -134 -202 -1 , 500 683 -2205 -377 3451 -2569 , 574 343 -343 0 -2906 -3249 , 2.9451975223095824e-06 , 7
1.570939632860646e-05 , 3062 694 -1350 1238 -2309 -1757 , 2520 -320 320 0 1080 1400 , -364 2768 -877 -2569 3451 -377 , 3467 -23 23 0 1826 1849 , 1824 1350 -694 -1238 -407 -3003 , 1043 -2089 1388 -1 -202 -134 , 1044 -1388 2089 1 -1522 1887 , 2205 877 -2768 2569 500 683 , 574 343 -343 0 -2906 -3249 , 2.9451975223095824e-06 , 8
1.570939632860646e-05 , 3062 694 -1350 1238 -2309 -1757 , 2520 -320 320 0 1080 1400 , 364 -2768 877 2569 -3451 377 , 3467 -23 23 0 1826 1849 , 1824 1350 -694 -1238 -407 -3003 , -1043 2089 -1388 1 202 134 , -1044 1388 -2089 -1 1522 -1887 , -2205 -877 2768 -2569 -500 -683 , 574 343 -343 0 -2906 -3249 , 2.9451975223095824e-06 , 9
1.570939632860646e-05 , 3062 694 -1350 1238 -2309 -1757 , 2520 -320 320 0 1080 1400 , -877 -2205 683 -377 364 -2768 , 3467 -23 23 0 1826 1849 , 1824 1350 -694 -1238 -407 -3003 , 1388 -1044 1887 -134 -1043 2089 , 1522 -1887 1044 134 202 1 , -500 -683 2205 377 -3451 2569 , 574 343 -343 0 -2906 -3249 , 2.9451975223095824e-06 , 10
1.570939632860646e-05 , 3062 694 -1350 1238 -2309 -1757 , 2520 -320 320 0 1080 1400 , -377 364 -2768 500 2569 -3451 , 3467 -23 23 0 1826 1849 , 1824 1350 -694 -1238 -407 -3003 , -134 -1043 2089 -1522 1 202 , 1388 -2089 1043 1522 -1887 1044 , -877 2768 -364 -500 -683 2205 , 574 343 -343 0 -2906 -3249 , 2.9451975223095824e-06 , 11
1.570939632860646e-05 , 3062 694 -1350 1238 -2309 -1757 , 3467 -23 23 0 1826 1849 , -2089 1043 134 -1887 1044 -1388 , 2520 -320 320 0 1080 1400 , 1824 1350 -694 -1238 -407 -3003 , 2768 -364 377 -683 2205 877 , 3451 -377 364 683 500 2569 , -202 -134 -1043 1887 -1522 1 , 574 343 -343 0 -2906 -3249 , 2.9451975223095828e-06 , 12
1.570939632860646e-05 , 3062 694 -1350 1238 -2309 -1757 , 3467 -23 23 0 1826 1849 , 2089 -1043 -134 1887 -1044 1388 , 2520 -320 320 0 1080 1400 , 1824 1350 -694 -1238 -407 -3003 , -2768 364 -377 683 -2205 -877 , -3451 377 -364 -683 -500 -2569 , 202 134 1043 -1887 1522 -1 , 574 343 -343 0 -2906 -3249 , 2.9451975223095828e-06 , 13
1.570939632860646e-05 , 3062 694 -1350 1238 -2309 -1757 , 2520 -320 320 0 1080 1400 , -2569 3451 -377 -2205 683 500 , 3467 -23 23 0 1826 1849 , 1824 1350 -694 -1238 -407 -3003 , -1 -202 -134 -1044 1887 -1522 , 1043 134 202 1044 -1388 2089 , -364 377 -3451 2205 877 -2768 , 574 343 -343 0 -2906 -3249 , 2.9451975223354626e-06 , 14
1.570939632860646e-05 , 3062 694 -1350 1238 -2309 -1757 , 2520 -320 320 0 1080 1400 , 2569 -3451 377 2205 -683 -500 , 3467 -23 23 0 1826 1849 , 1824 1350 -694 -1238 -407 -3003 , 1 202 134 1044 -1887 1522 , -1043 -134 -202 -1044 1388 -2089 , 364 -377 3451 -2205 -877 2768 , 574 343 -343 0 -2906 -3249 , 2.9451975223354626e-06 , 15
1.570939632860646e-05 , 3062 694 -1350 1238 -2309 -1757 , 3467 -23 23 0 1826 1849 , -202 -1 1522 -2089 1043 134 , 2520 -320 320 0 1080 1400 , 1824 1350 -694 -1238 -407 -3003 , 3451 -2569 -500 2768 -364 377 , 683 500 2569 -2768 877 2205 , 1887 -1522 1 2089 -1388 1044 , 574 343 -343 0 -2906 -3249 , 2.9451975223354631e-06 , 16
1.570939632860646e-05 , 3062 694 -1350 1238 -2309 -1757 , 3467 -23 23 0 1826 1849 , -134 -202 -1 1388 -2089 1043 , 2520 -320 320 0 1080 1400 , 1824 1350 -694 -1238 -407 -3003 , -377 3451 -2569 -877 2768 -364 , 500 2569 -3451 877 2205 -683 , -1522 1 202 -1388 1044 -1887 , 574 343 -343 0 -2906 -3249 , 2.9451975223354631e-06 , 17
1.570939632860646e-05 , 3062 694 -1350 1238 -2309 -1757 , 3467 -23 23 0 1826 1849 , -1 1522 -1887 1043 134 202 , 2520 -320 320 0 1080 1400 , 1824 1350 -694 -1238 -407 -3003 , -2569 -500 -683 -364 377 -3451 , -2205 683 500 364 -2768 877 , -1044 1887 -1522 -1043 2089 -1388 , 574 343 -343 0 -2906 -3249 , 2.9451975223354631e-06 , 18
1.570939632860646e-05 , 3062 694 -1350 1238 -2309 -1757 , 3467 -23 23 0 1826 1849 , -1887 1044 -1388 202 1 -1522 , 2520 -320 320 0 1080 1400 , 1824 1350 -694 -1238 -407 -3003 , -683 2205 877 -3451 2569 500 , 2768 -877 -2205 3451 -377 364 , -2089 1388 -1044 -202 -134 -1043 , 574 343 -343 0 -2906 -3249 , 2.9451975223354631e-06 , 19
1.570939632860646e-05 , 3062 694 -1350 1238 -2309 -1757 , 3467 -23 23 0 1826 1849 , 1887 -1044 1388 -202 -1 1522 , 2520 -320 320 0 1080 1400 , 1824 1350 -694 -1238 -407 -3003 , 683 -2205 -877 3451 -2569 -500 , -2768 877 2205 -3451 377 -364 , 2089 -1388 1044 202 134 1043 , 574 343 -343 0 -2906 -3249 , 2.9451975223354631e-06 , 20
1.570939632860646e-05 , 3062 694 -1350 1238 -2309 -1757 , 3467 -23 23 0 1826 1849 , 1 -1522 1887 -1043 -134 -202 , 2520 -320 320 0 1080 1400 , 1824 1350 -694 -1238 -407 -3003 , 2569 500 683 364 -377 3451 , 2205 -683 -500 -364 2768 -877 , 1044 -1887 1522 1043 -2089 1388 , 574 343 -343 0 -2906 -3249 , 2.9451975223354631e-06 , 21
1.570939632860646e-05 , 3062 694 -1350 1238 -2309 -1757 , 3467 -23 23 0 1826 1849 , 134 202 1 -1388 2089 -1043 , 2520 -320 320 0 1080 1400 , 1824 1350 -694 -1238 -407 -3003 , 377 -3451 2569 877 -2768 364 , -500 -2569 3451 -877 -2205 683 , 1522 -1 -202 1388 -1044 1887 , 574 343 -343 0 -2906 -3249 , 2.9451975223354631e-06 , 22
1.570939632860646e-05 , 3062 694 -1350 1238 -2309 -1757 , 3467 -23 23 0 1826 1849 , 202 1 -1522 2089 -1043 -134 , 2520 -320 320 0 1080 1400 , 1824 1350 -694 -1238 -407 -3003 , -3451 2569 500 -2768 364 -377 , -683 -500 -2569 2768 -877 -2205 , -1887 1522 -1 -2089 1388 -1044 , 574 343 -343 0 -2906 -3249 , 2.9451975223354631e-06 , 23
1.570939632860646e-05 , 3062 694 -1350 1238 -2309 -1757 , 2520 -320 320 0 1080 1400 , -3451 377 -364 -683 -500 -2569 , 3467 -23 23 0 1826 1849 , 1824 1350 -694 -1238 -407 -3003 , 202 134 1043 -1887 1522 -1 , 2089 -1043 -134 1887 -1044 1388 , -2768 364 -377 683 -2205 -877 , 574 343 -343 0 -2906 -3249 , 2.9451975223354631e-06 , 24
1.570939632860646e-05 , 3062 694 -1350 1238 -2309 -1757 , 2520 -320 320 0 1080 1400 , -2768 877 2205 -3451 377 -364 , 3467 -23 23 0 1826 1849 , 1824 1350 -694 -1238 -407 -3003 , 2089 -1388 1044 202 134 1043 , 1887 -1044 1388 -202 -1 1522 , 683 -2205 -877 3451 -2569 -500 , 574 343 -343 0 -2906 -3249 , 2.9451975223354631e-06 , 25
1.570939632860646e-05 , 3062 694 -1350 1238 -2309 -1757 , 2520 -320 320 0 1080 1400 , 2768 -877 -2205 3451 -377 364 , 3467 -23 23 0 1826 1849 , 1824 1350 -694 -1238 -407 -3003 , -2089 1388 -1044 -202 -134 -1043 , -1887 1044 -1388 202 1 -1522 , -683 2205 877 -3451 2569 500 , 574 343 -343 0 -2906 -3249 , 2.9451975223354631e-06 , 26
1.570939632860646e-05 , 3062 694 -1350 1238 -2309 -1757 , 2520 -320 320 0 1080 1400 , 3451 -377 364 683 500 2569 , 3467 -23 23 0 1826 1849 , 1824 1350 -694 -1238 -407 -3003 , -202 -134 -1043 1887 -1522 1 , -2089 1043 134 -1887 1044 -1388 , 2768 -364 377 -683 2205 877 , 574 343 -343 0 -2906 -3249 , 2.9451975223354631e-06 , 27
1.570939632860646e-05 , 3062 694 -1350 1238 -2309 -1757 , 3467 -23 23 0 1826 1849 , -1522 1887 -1044 -134 -202 -1 , 2520 -320 320 0 1080 1400 , 1824 1350 -694 -1238 -407 -3003 , 500 683 -2205 -377 3451 -2569 , 877 2205 -683 377 -364 2768 , -1388 1044 -1887 134 1043 -2089 , 574 343 -343 0 -2906 -3249 , 2.9451975223613429e-06 , 28
1.570939632860646e-05 , 3062 694 -1350 1238 -2309 -1757 , 3467 -23 23 0 1826 1849 , 1522 -1887 1044 134 202 1 , 2520 -320 320 0 1080 1400 , 1824 1350 -694 -1238 -407 -3003 , -500 -683 2205 377 -3451 2569 , -877 -2205 683 -377 364 -2768 , 1388 -1044 1887 -134 -1043 2089 , 574 343 -343 0 -2906 -3249 , 2.9451975223613429e-06 , 29
1.570939632860646e-05 , 3062 694 -1350 1238 -2309 -1757 , 2520 -320 320 0 1080 1400 , -683 -500 -2569 2768 -877 -2205 , 3467 -23 23 0 1826 1849 , 1824 1350 -694 -1238 -407 -3003 , -1887 1522 -1 -2089 1388 -1044 , 202 1 -1522 2089 -1043 -134 , -3451 2569 500 -2768 364 -377 , 574 343 -343 0 -2906 -3249 , 2.9451975223613437e-06 , 30
1.570939632860646e-05 , 3062 694 -1350 1238 -2309 -1757 , 2520 -320 320 0 1080 1400 , 683 500 2569 -2768 877 2205 , 3467 -23 23 0 1826 1849 , 1824 1350 -694 -1238 -407 -3003 , 1887 -1522 1 2089 -1388 1044 , -202 -1 1522 -2089 1043 134 , 3451 -2569 -500 2768 -364 377 , 574 343 -343 0 -2906 -3249 , 2.9451975223613437e-06 , 31
1.570939632860646e-05 , 3062 694 -1350 1238 -2309 -1757 , 3467 -23 23 0 1826 1849 , -1043 -134 -202 -1044 1388 -2089 , 2520 -320 320 0 1080 1400 , 1824 1350 -694 -1238 -407 -3003 , 364 -377 3451 -2205 -877 2768 , 2569 -3451 377 2205 -683 -500 , 1 202 134 1044 -1887 1522 , 574 343 -343 0 -2906 -3249 , 2.9451975224131042e-06 , 32
1.570939632860646e-05 , 3062 694 -1350 1238 -2309 -1757 , 3467 -23 23 0 1826 1849 , 1043 134 202 1044 -1388 2089 , 2520 -320 320 0 1080 1400 , 1824 1350 -694 -1238 -407 -3003 , -364 377 -3451 2205 877 -2768 , -2569 3451 -377 -2205 683 500 , -1 -202 -134 -1044 1887 -1522 , 574 343 -343 0 -2906 -3249 , 2.9451975224131042e-06 , 33
1.570939632860646e-05 , 3062 694 -1350 1238 -2309 -1757 , 2520 -320 320 0 1080 1400 , -500 -2569 3451 -877 -2205 683 , 3467 -23 23 0 1826 1849 , 1824 1350 -694 -1238 -407 -3003 , 1522 -1 -202 1388 -1044 1887 , 134 202 1 -1388 2089 -1043 , 377 -3451 2569 877 -2768 364 , 574 343 -343 0 -2906 -3249 , 2.9451975224131046e-06 , 34
1.570939632860646e-05 , 3062 694 -1350 1238 -2309 -1757 , 2520 -320 320 0 1080 1400 , 500 2569 -3451 877 2205 -683 , 3467 -23 23 0 1826 1849 , 1824 1350 -694 -1238 -407 -3003 , -1522 1 202 -1388 1044 -1887 , -134 -202 -1 1388 -2089 1043 , -377 3451 -2569 -877 2768 -364 , 574 343 -343 0 -2906 -3249 , 2.9451975224131046e-06 , 35
0.10452435644193285 , 2480 -166 -396 -526 -1240 -3022 , 3362 21 -21 0 1806 1785 , 61 -79 451 1086 -2197 1703 , 2625 -364 364 0 1100 1464 , 3006 396 166 526 -2626 -1074 , 972 766 1832 -2606 1634 1750 , 3578 -1832 -766 2606 -82 868 , -1025 -451 79 -1086 1252 -2118 , 574 343 -343 0 -2906 -3249 , 2.918945438001689e-06 , 0
0.10452435644193285 , 2480 -166 -396 -526 -1240 -3022 , 3362 21 -21 0 1806 1785 , -61 79 -451 -1086 2197 -1703 , 2625 -364 364 0 1100 1464 , 3006 396 166 526 -2626 -1074 , -972 -766 -1832 2606 -1634 -1750 , -3578 1832 766 -2606 82 -868 , 1025 451 -79 1086 -1252 2118 , 574 343 -343 0 -2906 -3249 , 2.918945438001689e-06 , 1
0.10452435644193285 , 2480 -166 -396 -526 -1240 -3022 , 2625 -364 364 0 1100 1464 , 1750 1634 -2606 1832 766 972 , 3362 21 -21 0 1806 1785 , 3006 396 166 526 -2626 -1074 , 1703 -2197 1086 451 -79 61 , 1252 -1086 2197 -451 -1025 2118 , -82 2606 -1634 -1832 3578 -868 , 574 343 -343 0 -2906 -3249 , 2.9189454380494612e-06 , 2
0.10452435644193285 , 2480 -166 -396 -526 -1240 -3022 , 2625 -364 364 0 1100 1464 , -1750 -1634 2606 -1832 -766 -972 , 3362 21 -21 0 1806 1785 , 3006 396 166 526 -2626 -1074 , -1703 2197 -1086 -451 79 -61 , -1252 1086 -2197 451 1025 -2118 , 82 -2606 1634 1832 -3578 868 , 574 343 -343 0 -2906 -3249 , 2.9189454380494612e-06 , 3
0.10452435644193285 , 2480 -166 -396 -526 -1240 -3022 , 3362 21 -21 0 1806 1785 , -451 -1025 2118 -1703 61 -79 , 2625 -364 364 0 1100 1464 , 3006 396 166 526 -2626 -1074 , -1832 3578 -868 -1750 972 766 , -82 868 -3578 1750 1634 -2606 , 1252 -2118 1025 1703 -2197 1086 , 574 343 -343 0 -2906 -3249 , 2.9189454380494616e-06 , 4
0.10452435644193285 , 2480 -166 -396 -526 -1240 -3022 , 3362 21 -21 0 1806 1785 , 451 1025 -2118 1703 -61 79 , 2625 -364 364 0 1100 1464 , 3006 396 166 526 -2626 -1074 , 1832 -3578 868 1750 -972 -766 , 82 -868 3578 -1750 -1634 2606 , -1252 2118 -1025 -1703 2197 -1086 , 574 343 -343 0 -2906 -3249 , 2.9189454380494616e-06 , 5
0.10452435644193285 , 2480 -166 -396 -526 -1240 -3022 , 2625 -364 364 0 1100 1464 , 1832 766 972 82 -868 3578 , 3362 21 -21 0 1806 1785 , 3006 396 166 526 -2626 -1074 , 451 -79 61 -1252 2118 -1025 , 1703 -61 79 1252 -1086 2197 , 1750 -972 -766 -82 2606 -1634 , 574 343 -343 0 -2906 -3249 , 2.9189454380733475e-06 , 6
0.10452435644193285 , 2480 -166 -396 -526 -1240 -3022 , 2625 -364 364 0 1100 1464 , -1832 -766 -972 -82 868 -3578 , 3362 21 -21 0 1806 1785 , 3006 396 166 526 -2626 -1074 , -451 79 -61 1252 -2118 1025 , -1703 61 -79 -1252 1086 -2197 , -1750 972 766 82 -2606 1634 , 574 343 -343 0 -2906 -3249 , 2.9189454380733475e-06 , 7
0.10452435644193285 , 2480 -166 -396 -526 -1240 -3022 , 3362 21 -21 0 1806 1785 , -2118 1252 -1086 79 -451 -1025 , 2625 -364 364 0 1100 1464 , 3006 396 166 526 -2626 -1074 , 868 -82 2606 -766 -1832 3578 , 1634 -2606 82 766 972 -1750 , -2197 1086 -1252 -79 61 -1703 , 574 343 -343 0 -2906 -3249 , 2.918945438073348e-06 , 8
0.10452435644193285 , 2480 -166 -396 -526 -1240 -3022 , 3362 21 -21 0 1806 1785 , 2118 -1252 1086 -79 451 1025 , 2625 -364 364 0 1100 1464 , 3006 396 166 526 -2626 -1074 , -868 82 -2606 766 1832 -3578 , -1634 2606 -82 -766 -972 1750 , 2197 -1086 1252 79 -61 1703 , 574 343 -343 0 -2906 -3249 , 2.918945438073348e-06 , 9
0.10452435644193285 , 2480 -166 -396 -526 -1240 -3022 , 2625 -364 364 0 1100 1464 , -3578 1832 766 -2606 82 -868 , 3362 21 -21 0 1806 1785 , 3006 396 166 526 -2626 -1074 , 1025 451 -79 1086 -1252 2118 , -61 79 -451 -1086 2197 -1703 , -972 -766 -1832 2606 -1634 -1750 , 574 343 -343 0 -2906 -3249 , 2.9189454380972339e-06 , 10
0.10452435644193285 , 2480 -166 -396 -526 -1240 -3022 , 2625 -364 364 0 1100 1464 , 3578 -1832 -766 2606 -82 868 , 3362 21 -21 0 1806 1785 , 3006 396 166 526 -2626 -1074 , -1025 -451 79 -1086 1252 -2118 , 61 -79 451 1086 -2197 1703 , 972 766 1832 -2606 1634 1750 , 574 343 -343 0 -2906 -3249 , 2.9189454380972339e-06 , 11
0.10452435644193285 , 2480 -166 -396 -526 -1240 -3022 , 3362 21 -21 0 1806 1785 , 79 -451 -1025 2197 -1703 61 , 2625 -364 364 0 1100 1464 , 3006 396 166 526 -2626 -1074 , -766 -1832 3578 -1634 -1750 972 , 868 -3578 1832 1634 -2606 82 , -2118 1025 451 -2197 1086 -1252 , 574 343 -343 0 -2906 -3249 , 2.9189454380972339e-06 , 12
0.10452435644193285 , 2480 -166 -396 -526 -1240 -3022 , 3362 21 -21 0 1806 1785 , -1252 1086 -2197 451 1025 -2118 , 2625 -364 364 0 1100 1464 , 3006 396 166 526 -2626 -1074 , 82 -2606 1634 1832 -3578 868 , -1750 -1634 2606 -1832 -766 -972 , -1703 2197 -1086 -451 79 -61 , 574 343 -343 0 -2906 -3249 , 2.9189454380972339e-06 , 13
0.10452435644193285 , 2480 -166 -396 -526 -1240 -3022 , 3362 21 -21 0 1806 1785 , 1252 -1086 2197 -451 -1025 2118 , 2625 -364 364 0 1100 1464 , 3006 396 166 526 -2626 -1074 , -82 2606 -1634 -1832 3578 -868 , 1750 1634 -2606 1832 766 972 , 1703 -2197 1086 451 -79 61 , 574 343 -343 0 -2906 -3249 , 2.9189454380972339e-06 , 14
0.10452435644193285 , 2480 -166 -396 -526 -1240 -3022 , 3362 21 -21 0 1806 1785 , -79 451 1025 -2197 1703 -61 , 2625 -364 364 0 1100 1464 , 3006 396 166 526 -2626 -1074 , 766 1832 -3578 1634 1750 -972 , -868 3578 -1832 -1634 2606 -82 , 2118 -1025 -451 2197 -1086 1252 , 574 343 -343 0 -2906 -3249 , 2.9189454380972339e-06 , 15
0.10452435644193285 , 2480 -166 -396 -526 -1240 -3022 , 2625 -364 364 0 1100 1464 , -2606 82 -868 972 -1750 -1634 , 3362 21 -21 0 1806 1785 , 3006 396 166 526 -2626 -1074 , 1086 -1252 2118 61 -1703 2197 , 1025 -2118 1252 -61 79 -451 , -3578 868 -82 -972 -766 -1832 , 574 343 -343 0 -2906 -3249 , 2.9189454381211198e-06 , 16
0.10452435644193285 , 2480 -166 -396 -526 -1240 -3022 , 2625 -364 364 0 1100 1464 , 2606 -82 868 -972 1750 1634 , 3362 21 -21 0 1806 1785 , 3006 396 166 526 -2626 -1074 , -1086 1252 -2118 -61 1703 -2197 , -1025 2118 -1252 61 -79 451 , 3578 -868 82 972 766 1832 , 574 343 -343 0 -2906 -3249 , 2.9189454381211198e-06 , 17
0.10452435644193285 , 2480 -166 -396 -526 -1240 -3022 , 3362 21 -21 0 1806 1785 , -1703 61 -79 -1252 1086 -2197 , 2625 -364 364 0 1100 1464 , 3006 396 166 526 -2626 -1074 , -1750 972 766 82 -2606 1634 , -1832 -766 -972 -82 868 -3578 , -451 79 -61 1252 -2118 1025 , 574 343 -343 0 -2906 -3249 , 2.9189454381211198e-06 , 18
0.10452435644193285 , 2480 -166 -396 -526 -1240 -3022 , 3362 21 -21 0 1806 1785 , 1703 -61 79 1252 -1086 2197 , 2625 -364 364 0 1100 1464 , 3006 396 166 526 -2626 -1074 , 1750 -972 -766 -82 2606 -1634 , 1832 766 972 82 -868 3578 , 451 -79 61 -1252 2118 -1025 , 574 343 -343 0 -2906 -3249 , 2.9189454381211198e-06 , 19
0.10452435644193285 , 2480 -166 -396 -526 -1240 -3022 , 2625 -364 364 0 1100 1464 , 868 -3578 1832 1634 -2606 82 , 3362 21 -21 0 1806 1785 , 3006 396 166 526 -2626 -1074 , -2118 1025 451 -2197 1086 -1252 , 79 -451 -1025 2197 -1703 61 , -766 -1832 3578 -1634 -1750 972 , 574 343 -343 0 -2906 -3249 , 2.9189454381450061e-06 , 20
0.10452435644193285 , 2480 -166 -396 -526 -1240 -3022 , 2625 -364 364 0 1100 1464 , -82 868 -3578 1750 1634 -2606 , 3362 21 -21 0 1806 1785 , 3006 396 166 526 -2626 -1074 , 1252 -2118 1025 1703 -2197 1086 , -451 -1025 2118 -1703 61 -79 , -1832 3578 -868 -1750 972 766 , 574 343 -343 0 -2906 -3249 , 2.9189454381450061e-06 , 21
0.10452435644193285 , 2480 -166 -396 -526 -1240 -3022 , 2625 -364 364 0 1100 1464 , 82 -868 3578 -1750 -1634 2606 , 3362 21 -21 0 1806 1785 , 3006 396 166 526 -2626 -1074 , -1252 2118 -1025 -1703 2197 -1086 , 451 1025 -2118 1703 -61 79 , 1832 -3578 868 1750 -972 -766 , 574 343 -343 0 -2906 -3249 , 2.9189454381450061e-06 , 22
0.10452435644193285 , 2480 -166 -396 -526 -1240 -3022 , 2625 -364 364 0 1100 1464 , -868 3578 -1832 -1634 2606 -82 , 3362 21 -21 0 1806 1785 , 3006 396 166 526 -2626 -1074 , 2118 -1025 -451 2197 -1086 1252 , -79 451 1025 -2197 1703 -61 , 766 1832 -3578 1634 1750 -972 , 574 343 -343 0 -2906 -3249 , 2.9189454381450061e-06 , 23
0.10452435644193285 , 2480 -166 -396 -526 -1240 -3022 , 3362 21 -21 0 1806 1785 , -1086 2197 -1703 -1025 2118 -1252 , 2625 -364 364 0 1100 1464 , 3006 396 166 526 -2626 -1074 , 2606 -1634 -1750 3578 -868 82 , -972 1750 1634 -3578 1832 766 , -61 1703 -2197 1025 451 -79 , 574 343 -343 0 -2906 -3249 , 2.9189454381450061e-06 , 24
0.10452435644193285 , 2480 -166 -396 -526 -1240 -3022 , 3362 21 -21 0 1806 1785 , 1086 -2197 1703 1025 -2118 1252 , 2625 -364 364 0 1100 1464 , 3006 396 166 526 -2626 -1074 , -2606 1634 1750 -3578 868 -82 , 972 -1750 -1634 3578 -1832 -766 , 61 -1703 2197 -1025 -451 79 , 574 343 -343 0 -2906 -3249 , 2.9189454381450061e-06 , 25
0.10452435644193285 , 2480 -166 -396 -526 -1240 -3022 , 2625 -364 364 0 1100 1464 , -972 1750 1634 -3578 1832 766 , 3362 21 -21 0 1806 1785 , 3006 396 166 526 -2626 -1074 , -61 1703 -2197 1025 451 -79 , -1086 2197 -1703 -1025 2118 -1252 , 2606 -1634 -1750 3578 -868 82 , 574 343 -343 0 -2906 -3249 , 2.9189454381688924e-06 , 26
0.10452435644193285 , 2480 -166 -396 -526 -1240 -3022 , 2625 -364 364 0 1100 1464 , 766 972 -1750 -868 3578 -1832 , 3362 21 -21 0 1806 1785 , 3006 396 166 526 -2626 -1074 , -79 61 -1703 2118 -1025 -451 , -2197 1703 -61 -2118 1252 -1086 , 1634 1750 -972 868 -82 2606 , 574 343 -343 0 -2906 -3249 , 2.9189454381688924e-06 , 27
0.10452435644193285 , 2480 -166 -396 -526 -1240 -3022 , 2625 -364 364 0 1100 1464 , -766 -972 1750 868 -3578 1832 , 3362 21 -21 0 1806 1785 , 3006 396 166 526 -2626 -1074 , 79 -61 1703 -2118 1025 451 , 2197 -1703 61 2118 -1252 1086 , -1634 -1750 972 -868 82 -2606 , 574 343 -343 0 -2906 -3249 , 2.9189454381688924e-06 , 28
0.10452435644193285 , 2480 -166 -396 -526 -1240 -3022 , 2625 -364 364 0 1100 1464 , 972 -1750 -1634 3578 -1832 -766 , 3362 21 -21 0 1806 1785 , 3006 396 166 526 -2626 -1074 , 61 -1703 2197 -1025 -451 79 , 1086 -2197 1703 1025 -2118 1252 , -2606 1634 1750 -3578 868 -82 , 574 343 -343 0 -2906 -3249 , 2.9189454381688924e-06 , 29
0.10452435644193285 , 2480 -166 -396 -526 -1240 -3022 , 3362 21 -21 0 1806 1785 , 2197 -1703 61 2118 -1252 1086 , 2625 -364 364 0 1100 1464 , 3006 396 166 526 -2626 -1074 , -1634 -1750 972 -868 82 -2606 , -766 -972 1750 868 -3578 1832 , 79 -61 1703 -2118 1025 451 , 574 343 -343 0 -2906 -3249 , 2.9189454381927783e-06 , 30
0.10452435644193285 , 2480 -166 -396 -526 -1240 -3022 , 3362 21 -21 0 1806 1785 , -2197 1703 -61 -2118 1252 -1086 , 2625 -364 364 0 1100 1464 , 3006 396 166 526 -2626 -1074 , 1634 1750 -972 868 -82 2606 , 766 972 -1750 -868 3578 -1832 , -79 61 -1703 2118 -1025 -451 , 574 343 -343 0 -2906 -3249 , 2.9189454381927783e-06 , 31
0.10452435644193285 , 2480 -166 -396 -526 -1240 -3022 , 2625 -364 364 0 1100 1464 , 1634 -2606 82 766 972 -1750 , 3362 21 -21 0 1806 1785 , 3006 396 166 526 -2626 -1074 , -2197 1086 -1252 -79 61 -1703 , -2118 1252 -1086 79 -451 -1025 , 868 -82 2606 -766 -1832 3578 , 574 343 -343 0 -2906 -3249 , 2.9189454382166647e-06 , 32
0.10452435644193285 , 2480 -166 -396 -526 -1240 -3022 , 2625 -364 364 0 1100 1464 , -1634 2606 -82 -766 -972 1750 , 3362 21 -21 0 1806 1785 , 3006 396 166 526 -2626 -1074 , 2197 -1086 1252 79 -61 1703 , 2118 -1252 1086 -79 451 1025 , -868 82 -2606 766 1832 -3578 , 574 343 -343 0 -2906 -3249 , 2.9189454382166647e-06 , 33
0.10452435644193285 , 2480 -166 -396 -526 -1240 -3022 , 3362 21 -21 0 1806 1785 , -1025 2118 -1252 61 -79 451 , 2625 -364 364 0 1100 1464 , 3006 396 166 526 -2626 -1074 , 3578 -868 82 972 766 1832 , 2606 -82 868 -972 1750 1634 , -1086 1252 -2118 -61 1703 -2197 , 574 343 -343 0 -2906 -3249 , 2.9189454382166647e-06 , 34
0.10452435644193285 , 2480 -166 -396 -526 -1240 -3022 , 3362 21 -21 0 1806 1785 , 1025 -2118 1252 -61 79 -451 , 2625 -364 364 0 1100 1464 , 3006 396 166 526 -2626 -1074 , -3578 868 -82 -972 -766 -1832 , -2606 82 -868 972 -1750 -1634 , 1086 -1252 2118 61 -1703 2197 , 574 343 -343 0 -2906 -3249 , 2.9189454382166647e-06 , 35
0.21363145862657543 , 925 974 -1695 -222 -1896 -3463 , 3652 -762 762 0 1322 2084 , -1467 -246 -233 818 -1589 -651 , 2335 419 -419 0 1584 1165 , 1147 1695 -974 222 -1768 -2870 , -2052 495 -579 1304 -2573 -8 , -3356 579 -495 -1304 571 -3068 , -2285 233 246 -818 -418 -1343 , 574 343 -343 0 -2906 -3249 , 2.7885528857633177e-06 , 0
0.21363145862657543 , 925 974 -1695 -222 -1896 -3463 , 3652 -762 762 0 1322 2084 , 1467 246 233 -818 1589 651 , 2335 419 -419 0 1584 1165 , 1147 1695 -974 222 -1768 -2870 , 2052 -495 579 -1304 2573 8 , 3356 -579 495 1304 -571 3068 , 2285 -233 -246 818 418 1343 , 574 343 -343 0 -2906 -3249 , 2.7885528857633177e-06 , 1
0.21363145862657543 , 925 974 -1695 -222 -1896 -3463 , 2335 419 -419 0 1584 1165 , 579 -495 2052 571 -3068 3356 , 3652 -762 762 0 1322 2084 , 1147 1695 -974 222 -1768 -2870 , 233 246 1467 -418 -1343 2285 , 651 -1467 -246 418 818 -1589 , 8 -2052 495 -571 1304 -2573 , 574 343 -343 0 -2906 -3249 , 2.7885528857870888e-06 , 2
0.21363145862657543 , 925 974 -1695 -222 -1896 -3463 , 2335 419 -419 0 1584 1165 , -579 495 -2052 -571 3068 -3356 , 3652 -762 762 0 1322 2084 , 1147 1695 -974 222 -1768 -2870 , -233 -246 -1467 418 1343 -2285 , -651 1467 246 -418 -818 1589 , -8 2052 -495 571 -1304 2573 , 574 343 -343 0 -2906 -3249 , 2.7885528857870888e-06 , 3
0.21363145862657543 , 925 974 -1695 -222 -1896 -3463 , 2335 419 -419 0 1584 1165 , -2573 1304 -571 495 -2052 8 , 3652 -762 762 0 1322 2084 , 1147 1695 -974 222 -1768 -2870 , -1589 818 418 -246 -1467 651 , -1343 -418 -818 246 233 -2285 , -3068 571 -1304 -495 579 -3356 , 574 343 -343 0 -2906 -3249 , 2.7885528858049167e-06 , 4
0.21363145862657543 , 925 974 -1695 -222 -1896 -3463 , 2335 419 -419 0 1584 1165 , 2573 -1304 571 -495 2052 -8 , 3652 -762 762 0 1322 2084 , 1147 1695 -974 222 -1768 -2870 , 1589 -818 -418 246 1467 -651 , 1343 418 818 -246 -233 2285 , 3068 -571 1304 495 -579 3356 , 574 343 -343 0 -2906 -3249 , 2.7885528858049167e-06 , 5
0.21363145862657543 , 925 974 -1695 -222 -1896 -3463 , 3652 -762 762 0 1322 2084 , 651 -1467 -246 418 818 -1589 , 2335 419 -419 0 1584 1165 , 1147 1695 -974 222 -1768 -2870 , 8 -2052 495 -571 1304 -2573 , 579 -495 2052 571 -3068 3356 , 233 246 1467 -418 -1343 2285 , 574 343 -343 0 -2906 -3249 , 2.7885528858049167e-06 , 6
0.21363145862657543 , 925 974 -1695 -222 -1896 -3463 , 3652 -762 762 0 1322 2084 , -651 1467 246 -418 -818 1589 , 2335 419 -419 0 1584 1165 , 1147 1695 -974 222 -1768 -2870 , -8 2052 -495 571 -1304 2573 , -579 495 -2052 -571 3068 -3356 , -233 -246 -1467 418 1343 -2285 , 574 343 -343 0 -2906 -3249 , 2.7885528858049167e-06 , 7
0.21363145862657543 , 925 974 -1695 -222 -1896 -3463 , 2335 419 -419 0 1584 1165 , -3068 3356 -579 -2573 1304 -571 , 3652 -762 762 0 1322 2084 , 1147 1695 -974 222 -1768 -2870 , -1343 2285 -233 -1589 818 418 , 246 233 -2285 1589 651 -1467 , -495 579 -3356 2573 8 -2052 , 574 343 -343 0 -2906 -3249 , 2.7885528858108595e-06 , 8
0.21363145862657543 , 925 974 -1695 -222 -1896 -3463 , 2335 419 -419 0 1584 1165 , -8 -2573 1304 -579 495 -2052 , 3652 -762 762 0 1322 2084 , 1147 1695 -974 222 -1768 -2870 , -651 -1589 818 -233 -246 -1467 , -418 -818 1589 233 -2285 1343 , 571 -1304 2573 579 -3356 3068 , 574 343 -343 0 -2906 -3249 , 2.7885528858108595e-06 , 9
0.21363145862657543 , 925 974 -1695 -222 -1896 -3463 , 2335 419 -419 0 1584 1165 , 8 2573 -1304 579 -495 2052 , 3652 -762 762 0 1322 2084 , 1147 1695 -974 222 -1768 -2870 , 651 1589 -818 233 246 1467 , 418 818 -1589 -233 2285 -1343 , -571 1304 -2573 -579 3356 -3068 , 574 343 -343 0 -2906 -3249 , 2.7885528858108595e-06 , 10
0.21363145862657543 , 925 974 -1695 -222 -1896 -3463 , 2335 419 -419 0 1584 1165 , 3068 -3356 579 2573 -1304 571 , 3652 -762 762 0 1322 2084 , 1147 1695 -974 222 -1768 -2870 , 1343 -2285 233 1589 -818 -418 , -246 -233 2285 -1589 -651 1467 , 495 -579 3356 -2573 -8 2052 , 574 343 -343 0 -2906 -3249 , 2.7885528858108595e-06 , 11
0.21363145862657543 , 925 974 -1695 -222 -1896 -3463 , 3652 -762 762 0 1322 2084 , 818 -1589 -651 2285 -1343 -418 , 2335 419 -419 0 1584 1165 , 1147 1695 -974 222 -1768 -2870 , 1304 -2573 -8 3356 -3068 571 , -2052 8 2573 -3356 579 -495 , -1467 651 1589 -2285 233 246 , 574 343 -343 0 -2906 -3249 , 2.7885528858108595e-06 , 12
0.21363145862657543 , 925 974 -1695 -222 -1896 -3463 , 3652 -762 762 0 1322 2084 , -818 1589 651 -2285 1343 418 , 2335 419 -419 0 1584 1165 , 1147 1695 -974 222 -1768 -2870 , -1304 2573 8 -3356 3068 -571 , 2052 -8 -2573 3356 -579 495 , 1467 -651 -1589 2285 -233 -246 , 574 343 -343 0 -2906 -3249 , 2.7885528858108595e-06 , 13
0.21363145862657543 , 925 974 -1695 -222 -1896 -3463 , 2335 419 -419 0 1584 1165 , 2052 -8 -2573 3356 -579 495 , 3652 -762 762 0 1322 2084 , 1147 1695 -974 222 -1768 -2870 , 1467 -651 -1589 2285 -233 -246 , -818 1589 651 -2285 1343 418 , -1304 2573 8 -3356 3068 -571 , 574 343 -343 0 -2906 -3249 , 2.7885528858108599e-06 , 14
0.21363145862657543 , 925 974 -1695 -222 -1896 -3463 , 2335 419 -419 0 1584 1165 , -2052 8 2573 -3356 579 -495 , 3652 -762 762 0 1322 2084 , 1147 1695 -974 222 -1768 -2870 , -1467 651 1589 -2285 233 246 , 818 -1589 -651 2285 -1343 -418 , 1304 -2573 -8 3356 -3068 571 , 574 343 -343 0 -2906 -3249 , 2.7885528858108599e-06 , 15
0.21363145862657543 , 925 974 -1695 -222 -1896 -3463 , 3652 -762 762 0 1322 2084 , -1589 -651 1467 -1343 -418 -818 , 2335 419 -419 0 1584 1165 , 1147 1695 -974 222 -1768 -2870 , -2573 -8 2052 -3068 571 -1304 , 495 -2052 8 3068 -3356 579 , -246 -1467 651 1343 -2285 233 , 574 343 -343 0 -2906 -3249 , 2.7885528858108604e-06 , 16
0.21363145862657543 , 925 974 -1695 -222 -1896 -3463 , 3652 -762 762 0 1322 2084 , 1589 651 -1467 1343 418 818 , 2335 419 -419 0 1584 1165 , 1147 1695 -974 222 -1768 -2870 , 2573 8 -2052 3068 -571 1304 , -495 2052 -8 -3068 3356 -579 , 246 1467 -651 -1343 2285 -233 , 574 343 -343 0 -2906 -3249 , 2.7885528858108604e-06 , 17
0.21363145862657543 , 925 974 -1695 -222 -1896 -3463 , 3652 -762 762 0 1322 2084 , 418 818 -1589 -233 2285 -1343 , 2335 419 -419 0 1584 1165 , 1147 1695 -974 222 -1768 -2870 , -571 1304 -2573 -579 3356 -3068 , 8 2573 -1304 579 -495 2052 , 651 1589 -818 233 246 1467 , 574 343 -343 0 -2906 -3249 , 2.7885528858168023e-06 , 18
0.21363145862657543 , 925 974 -1695 -222 -1896 -3463 , 3652 -762 762 0 1322 2084 , -418 -818 1589 233 -2285 1343 , 2335 419 -419 0 1584 1165 , 1147 1695 -974 222 -1768 -2870 , 571 -1304 2573 579 -3356 3068 , -8 -2573 1304 -579 495 -2052 , -651 -1589 818 -233 -246 -1467 , 574 343 -343 0 -2906 -3249 , 2.7885528858168023e-06 , 19
0.21363145862657543 , 925 974 -1695 -222 -1896 -3463 , 2335 419 -419 0 1584 1165 , -3356 579 -495 -1304 571 -3068 , 3652 -762 762 0 1322 2084 , 1147 1695 -974 222 -1768 -2870 , -2285 233 246 -818 -418 -1343 , -1467 -246 -233 818 -1589 -651 , -2052 495 -579 1304 -2573 -8 , 574 343 -343 0 -2906 -3249 , 2.7885528858168027e-06 , 20
0.21363145862657543 , 925 974 -1695 -222 -1896 -3463 , 2335 419 -419 0 1584 1165 , 3356 -579 495 1304 -571 3068 , 3652 -762 762 0 1322 2084 , 1147 1695 -974 222 -1768 -2870 , 2285 -233 -246 818 418 1343 , 1467 246 233 -818 1589 651 , 2052 -495 579 -1304 2573 8 , 574 343 -343 0 -2906 -3249 , 2.7885528858168027e-06 , 21
0.21363145862657543 , 925 974 -1695 -222 -1896 -3463 , 3652 -762 762 0 1322 2084 , -246 -233 2285 -1589 -651 1467 , 2335 419 -419 0 1584 1165 , 1147 1695 -974 222 -1768 -2870 , 495 -579 3356 -2573 -8 2052 , 3068 -3356 579 2573 -1304 571 , 1343 -2285 233 1589 -818 -418 , 574 343 -343 0 -2906 -3249 , 2.7885528858168027e-06 , 22
0.21363145862657543 , 925 974 -1695 -222 -1896 -3463 , 3652 -762 762 0 1322 2084 , 246 233 -2285 1589 651 -1467 , 2335 419 -419 0 1584 1165 , 1147 1695 -974 222 -1768 -2870 , -495 579 -3356 2573 8 -2052 , -3068 3356 -579 -2573 1304 -571 , -1343 2285 -233 -1589 818 418 , 574 343 -343 0 -2906 -3249 , 2.7885528858168027e-06 , 23
0.21363145862657543 , 925 974 -1695 -222 -1896 -3463 , 2335 419 -419 0 1584 1165 , 571 -3068 3356 -8 -2573 1304 , 3652 -762 762 0 1322 2084 , 1147 1695 -974 222 -1768 -2870 , -418 -1343 2285 -651 -1589 818 , 233 -2285 1343 651 -1467 -246 , 579 -3356 3068 8 -2052 495 , 574 343 -343 0 -2906 -3249 , 2.7885528858227451e-06 , 24
0.21363145862657543 , 925 974 -1695 -222 -1896 -3463 , 2335 419 -419 0 1584 1165 , -571 3068 -3356 8 2573 -1304 , 3652 -762 762 0 1322 2084 , 1147 1695 -974 222 -1768 -2870 , 418 1343 -2285 651 1589 -818 , -233 2285 -1343 -651 1467 246 , -579 3356 -3068 -8 2052 -495 , 574 343 -343 0 -2906 -3249 , 2.7885528858227451e-06 , 25
0.21363145862657543 , 925 974 -1695 -222 -1896 -3463 , 3652 -762 762 0 1322 2084 , -2285 1343 418 -1467 -246 -233 , 2335 419 -419 0 1584 1165 , 1147 1695 -974 222 -1768 -2870 , -3356 3068 -571 -2052 495 -579 , -1304 571 -3068 2052 -8 -2573 , -818 -418 -1343 1467 -651 -1589 , 574 343 -343 0 -2906 -3249 , 2.7885528858227451e-06 , 26
0.21363145862657543 , 925 974 -1695 -222 -1896 -3463 , 3652 -762 762 0 1322 2084 , -233 2285 -1343 -651 1467 246 , 2335 419 -419 0 1584 1165 , 1147 1695 -974 222 -1768 -2870 , -579 3356 -3068 -8 2052 -495 , -571 3068 -3356 8 2573 -1304 , 418 1343 -2285 651 1589 -818 , 574 343 -343 0 -2906 -3249 , 2.7885528858227451e-06 , 27
0.21363145862657543 , 925 974 -1695 -222 -1896 -3463 , 3652 -762 762 0 1322 2084 , 233 -2285 1343 651 -1467 -246 , 2335 419 -419 0 1584 1165 , 1147 1695 -974 222 -1768 -2870 , 579 -3356 3068 8 -2052 495 , 571 -3068 3356 -8 -2573 1304 , -418 -1343 2285 -651 -1589 818 , 574 343 -343 0 -2906 -3249 , 2.7885528858227451e-06 , 28
0.21363145862657543 , 925 974 -1695 -222 -1896 -3463 , 3652 -762 762 0 1322 2084 , 2285 -1343 -418 1467 246 233 , 2335 419 -419 0 1584 1165 , 1147 1695 -974 222 -1768 -2870 , 3356 -3068 571 2052 -495 579 , 1304 -571 3068 -2052 8 2573 , 818 418 1343 -1467 651 1589 , 574 343 -343 0 -2906 -3249 , 2.7885528858227451e-06 , 29
0.21363145862657543 , 925 974 -1695 -222 -1896 -3463 , 2335 419 -419 0 1584 1165 , -495 2052 -8 -3068 3356 -579 , 3652 -762 762 0 1322 2084 , 1147 1695 -974 222 -1768 -2870 , 246 1467 -651 -1343 2285 -233 , 1589 651 -1467 1343 418 818 , 2573 8 -2052 3068 -571 1304 , 574 343 -343 0 -2906 -3249 , 2.7885528858346306e-06 , 30
0.21363145862657543 , 925 974 -1695 -222 -1896 -3463 , 2335 419 -419 0 1584 1165 , 495 -2052 8 3068 -3356 579 , 3652 -762 762 0 1322 2084 , 1147 1695 -974 222 -1768 -2870 , -246 -1467 651 1343 -2285 233 , -1589 -651 1467 -1343 -418 -818 , -2573 -8 2052 -3068 571 -1304 , 574 343 -343 0 -2906 -3249 , 2.7885528858346306e-06 , 31
0.21363145862657543 , 925 974 -1695 -222 -1896 -3463 , 2335 419 -419 0 1584 1165 , -1304 571 -3068 2052 -8 -2573 , 3652 -762 762 0 1322 2084 , 1147 1695 -974 222 -1768 -2870 , -818 -418 -1343 1467 -651 -1589 , -2285 1343 418 -1467 -246 -233 , -3356 3068 -571 -2052 495 -579 , 574 343 -343 0 -2906 -3249 , 2.788552885840573e-06 , 32
0.21363145862657543 , 925 974 -1695 -222 -1896 -3463 , 2335 419 -419 0 1584 1165 , 1304 -571 3068 -2052 8 2573 , 3652 -762 762 0 1322 2084 , 1147 1695 -974 222 -1768 -2870 , 818 418 1343 -1467 651 1589 , 2285 -1343 -418 1467 246 233 , 3356 -3068 571 2052 -495 579 , 574 343 -343 0 -2906 -3249 , 2.788552885840573e-06 , 33
0.21363145862657543 , 925 974 -1695 -222 -1896 -3463 , 3652 -762 762 0 1322 2084 , 1343 418 818 -246 -233 2285 , 2335 419 -419 0 1584 1165 , 1147 1695 -974 222 -1768 -2870 , 3068 -571 1304 495 -579 3356 , 2573 -1304 571 -495 2052 -8 , 1589 -818 -418 246 1467 -651 , 574 343 -343 0 -2906 -3249 , 2.7885528858762297e-06 , 34
0.21363145862657543 , 925 974 -1695 -222 -1896 -3463 , 3652 -762 762 0 1322 2084 , -1343 -418 -818 246 233 -2285 , 2335 419 -419 0 1584 1165 , 1147 1695 -974 222 -1768 -2870 , -3068 571 -1304 -495 579 -3356 , -2573 1304 -571 495 -2052 8 , -1589 818 418 -246 -1467 651 , 574 343 -343 0 -2906 -3249 , 2.7885528858762297e-06 , 35
0.3254128009491381 , 2025 1369 -2360 203 -1781 -2382 , 2344 104 -104 0 1332 1228 , -27 44 1795 400 -3069 3195 , 3643 -447 447 0 1574 2021 , 1822 2360 -1369 -203 -22 -3150 , 861 -44 -1772 2086 -327 -230 , -1225 1772 44 -2086 1542 -283 , -427 -1795 -44 -400 1400 -3113 , 574 343 -343 0 -2906 -3249 , 2.9046989896625783e-06 , 0
0.3254128009491381 , 2025 1369 -2360 203 -1781 -2382 , 2344 104 -104 0 1332 1228 , 27 -44 -1795 -400 3069 -3195 , 3643 -447 447 0 1574 2021 , 1822 2360 -1369 -203 -22 -3150 , -861 44 1772 -2086 327 230 , 1225 -1772 -44 2086 -1542 283 , 427 1795 44 400 -1400 3113 , 574 343 -343 0 -2906 -3249 , 2.9046989896625783e-06 , 1
0.3254128009491381 , 2025 1369 -2360 203 -1781 -2382 , 3643 -447 447 0 1574 2021 , -861 -230 -327 1225 -1772 -44 , 2344 104 -104 0 1332 1228 , 1822 2360 -1369 -203 -22 -3150 , 27 3195 -3069 427 1795 44 , -400 3069 -3195 -427 3113 -1400 , -2086 327 230 -1225 283 -1542 , 574 343 -343 0 -2906 -3249 , 2.9046989896852835e-06 , 2
0.3254128009491381 , 2025 1369 -2360 203 -1781 -2382 , 3643 -447 447 0 1574 2021 , 861 230 327 -1225 1772 44 , 2344 104 -104 0 1332 1228 , 1822 2360 -1369 -203 -22 -3150 , -27 -3195 3069 -427 -1795 -44 , 400 -3069 3195 427 -3113 1400 , 2086 -327 -230 1225 -283 1542 , 574 343 -343 0 -2906 -3249 , 2.9046989896852835e-06 , 3
0.3254128009491381 , 2025 1369 -2360 203 -1781 -2382 , 3643 -447 447 0 1574 2021 , -2086 1542 -283 -861 -230 -327 , 2344 104 -104 0 1332 1228 , 1822 2360 -1369 -203 -22 -3150 , -400 1400 -3113 27 3195 -3069 , -427 3113 -1400 -27 44 1795 , -1225 283 -1542 861 -44 -1772 , 574 343 -343 0 -2906 -3249 , 2.9046989896852839e-06 , 4
0.3254128009491381 , 2025 1369 -2360 203 -1781 -2382 , 3643 -447 447 0 1574 2021 , -1225 1772 44 -2086 1542 -283 , 2344 104 -104 0 1332 1228 , 1822 2360 -1369 -203 -22 -3150 , -427 -1795 -44 -400 1400 -3113 , -27 44 1795 400 -3069 3195 , 861 -44 -1772 2086 -327 -230 , 574 343 -343 0 -2906 -3249 , 2.9046989896852839e-06 , 5
0.3254128009491381 , 2025 1369 -2360 203 -1781 -2382 , 3643 -447 447 0 1574 2021 , -230 -327 2086 -1772 -44 861 , 2344 104 -104 0 1332 1228 , 1822 2360 -1369 -203 -22 -3150 , 3195 -3069 400 1795 44 -27 , 1400 -400 3069 -1795 -427 3113 , 1542 -2086 327 1772 -1225 283 , 574 343 -343 0 -2906 -3249 , 2.9046989896852839e-06 , 6
0.3254128009491381 , 2025 1369 -2360 203 -1781 -2382 , 3643 -447 447 0 1574 2021 , 230 327 -2086 1772 44 -861 , 2344 104 -104 0 1332 1228 , 1822 2360 -1369 -203 -22 -3150 , -3195 3069 -400 -1795 -44 27 , -1400 400 -3069 1795 427 -3113 , -1542 2086 -327 -1772 1225 -283 , 574 343 -343 0 -2906 -3249 , 2.9046989896852839e-06 , 7
0.3254128009491381 , 2025 1369 -2360 203 -1781 -2382 , 3643 -447 447 0 1574 2021 , 1225 -1772 -44 2086 -1542 283 , 2344 104 -104 0 1332 1228 , 1822 2360 -1369 -203 -22 -3150 , 427 1795 44 400 -1400 3113 , 27 -44 -1795 -400 3069 -3195 , -861 44 1772 -2086 327 230 , 574 343 -343 0 -2906 -3249 , 2.9046989896852839e-06 , 8
0.3254128009491381 , 2025 1369 -2360 203 -1781 -2382 , 3643 -447 447 0 1574 2021 , 2086 -1542 283 861 230 327 , 2344 104 -104 0 1332 1228 , 1822 2360 -1369 -203 -22 -3150 , 400 -1400 3113 -27 -3195 3069 , 427 -3113 1400 27 -44 -1795 , 1225 -283 1542 -861 44 1772 , 574 343 -343 0 -2906 -3249 , 2.9046989896852839e-06 , 9
0.3254128009491381 , 2025 1369 -2360 203 -1781 -2382 , 2344 104 -104 0 1332 1228 , -3113 1400 -400 -44 -1795 -427 , 3643 -447 447 0 1574 2021 , 1822 2360 -1369 -203 -22 -3150 , -283 1542 -2086 44 1772 -1225 , -327 2086 -1542 -44 861 230 , -3069 400 -1400 44 -27 -3195 , 574 343 -343 0 -2906 -3249 , 2.9046989897079895e-06 , 10
0.3254128009491381 , 2025 1369 -2360 203 -1781 -2382 , 2344 104 -104 0 1332 1228 , 3113 -1400 400 44 1795 427 , 3643 -447 447 0 1574 2021 , 1822 2360 -1369 -203 -22 -3150 , 283 -1542 2086 -44 -1772 1225 , 327 -2086 1542 44 -861 -230 , 3069 -400 1400 -44 27 3195 , 574 343 -343 0 -2906 -3249 , 2.9046989897079895e-06 , 11
0.3254128009491381 , 2025 1369 -2360 203 -1781 -2382 , 3643 -447 447 0 1574 2021 , 44 -861 -230 -283 1225 -1772 , 2344 104 -104 0 1332 1228 , 1822 2360 -1369 -203 -22 -3150 , -44 27 3195 -3113 427 1795 , 3069 -3195 -27 3113 -1400 400 , 327 230 861 283 -1542 2086 , 574 343 -343 0 -2906 -3249 , 2.9046989897079899e-06 , 12
0.3254128009491381 , 2025 1369 -2360 203 -1781 -2382 , 3643 -447 447 0 1574 2021 , -44 861 230 283 -1225 1772 , 2344 104 -104 0 1332 1228 , 1822 2360 -1369 -203 -22 -3150 , 44 -27 -3195 3113 -427 -1795 , -3069 3195 27 -3113 1400 -400 , -327 -230 -861 -283 1542 -2086 , 574 343 -343 0 -2906 -3249 , 2.9046989897079899e-06 , 13
0.3254128009491381 , 2025 1369 -2360 203 -1781 -2382 , 2344 104 -104 0 1332 1228 , -3195 -27 44 -1400 400 -3069 , 3643 -447 447 0 1574 2021 , 1822 2360 -1369 -203 -22 -3150 , 230 861 -44 -1542 2086 -327 , 1772 44 -861 1542 -283 1225 , -1795 -44 27 1400 -3113 427 , 574 343 -343 0 -2906 -3249 , 2.9046989897306959e-06 , 14
0.3254128009491381 , 2025 1369 -2360 203 -1781 -2382 , 2344 104 -104 0 1332 1228 , 3195 27 -44 1400 -400 3069 , 3643 -447 447 0 1574 2021 , 1822 2360 -1369 -203 -22 -3150 , -230 -861 44 1542 -2086 327 , -1772 -44 861 -1542 283 -1225 , 1795 44 -27 -1400 3113 -427 , 574 343 -343 0 -2906 -3249 , 2.9046989897306959e-06 , 15
0.3254128009491381 , 2025 1369 -2360 203 -1781 -2382 , 2344 104 -104 0 1332 1228 , -3069 3195 27 -3113 1400 -400 , 3643 -447 447 0 1574 2021 , 1822 2360 -1369 -203 -22 -3150 , -327 -230 -861 -283 1542 -2086 , -44 861 230 283 -1225 1772 , 44 -27 -3195 3113 -427 -1795 , 574 343 -343 0 -2906 -3249 , 2.904698989776107e-06 , 16
0.3254128009491381 , 2025 1369 -2360 203 -1781 -2382 , 2344 104 -104 0 1332 1228 , 3069 -3195 -27 3113 -1400 400 , 3643 -447 447 0 1574 2021 , 1822 2360 -1369 -203 -22 -3150 , 327 230 861 283 -1542 2086 , 44 -861 -230 -283 1225 -1772 , -44 27 3195 -3113 427 1795 , 574 343 -343 0 -2906 -3249 , 2.904698989776107e-06 , 17
0.3254128009491381 , 2025 1369 -2360 203 -1781 -2382 , 2344 104 -104 0 1332 1228 , 44 1795 427 -3069 3195 27 , 3643 -447 447 0 1574 2021 , 1822 2360 -1369 -203 -22 -3150 , -44 -1772 1225 -327 -230 -861 , 283 -1225 1772 327 -2086 1542 , 3113 -427 -1795 3069 -400 1400 , 574 343 -343 0 -2906 -3249 , 2.9046989897761074e-06 , 18
0.3254128009491381 , 2025 1369 -2360 203 -1781 -2382 , 2344 104 -104 0 1332 1228 , -44 -1795 -427 3069 -3195 -27 , 3643 -447 447 0 1574 2021 , 1822 2360 -1369 -203 -22 -3150 , 44 1772 -1225 327 230 861 , -283 1225 -1772 -327 2086 -1542 , -3113 427 1795 -3069 400 -1400 , 574 343 -343 0 -2906 -3249 , 2.9046989897761074e-06 , 19
0.3254128009491381 , 2025 1369 -2360 203 -1781 -2382 , 3643 -447 447 0 1574 2021 , -283 1225 -1772 -327 2086 -1542 , 2344 104 -104 0 1332 1228 , 1822 2360 -1369 -203 -22 -3150 , -3113 427 1795 -3069 400 -1400 , -44 -1795 -427 3069 -3195 -27 , 44 1772 -1225 327 230 861 , 574 343 -343 0 -2906 -3249 , 2.9046989897761074e-06 , 20
0.3254128009491381 , 2025 1369 -2360 203 -1781 -2382 , 3643 -447 447 0 1574 2021 , 283 -1225 1772 327 -2086 1542 , 2344 104 -104 0 1332 1228 , 1822 2360 -1369 -203 -22 -3150 , 3113 -427 -1795 3069 -400 1400 , 44 1795 427 -3069 3195 27 , -44 -1772 1225 -327 -230 -861 , 574 343 -343 0 -2906 -3249 , 2.9046989897761074e-06 , 21
0.3254128009491381 , 2025 1369 -2360 203 -1781 -2382 , 2344 104 -104 0 1332 1228 , 427 -3113 1400 27 -44 -1795 , 3643 -447 447 0 1574 2021 , 1822 2360 -1369 -203 -22 -3150 , 1225 -283 1542 -861 44 1772 , 2086 -1542 283 861 230 327 , 400 -1400 3113 -27 -3195 3069 , 574 343 -343 0 -2906 -3249 , 2.904698989798813e-06 , 22
0.3254128009491381 , 2025 1369 -2360 203 -1781 -2382 , 2344 104 -104 0 1332 1228 , -427 3113 -1400 -27 44 1795 , 3643 -447 447 0 1574 2021 , 1822 2360 -1369 -203 -22 -3150 , -1225 283 -1542 861 -44 -1772 , -2086 1542 -283 -861 -230 -327 , -400 1400 -3113 27 3195 -3069 , 574 343 -343 0 -2906 -3249 , 2.904698989798813e-06 , 23
0.3254128009491381 , 2025 1369 -2360 203 -1781 -2382 , 2344 104 -104 0 1332 1228 , 1795 427 -3113 3195 27 -44 , 3643 -447 447 0 1574 2021 , 1822 2360 -1369 -203 -22 -3150 , -1772 1225 -283 -230 -861 44 , -1542 283 -1225 230 327 -2086 , -1400 3113 -427 -3195 3069 -400 , 574 343 -343 0 -2906 -3249 , 2.9046989897988134e-06 , 24
0.3254128009491381 , 2025 1369 -2360 203 -1781 -2382 , 2344 104 -104 0 1332 1228 , -1795 -427 3113 -3195 -27 44 , 3643 -447 447 0 1574 2021 , 1822 2360 -1369 -203 -22 -3150 , 1772 -1225 283 230 861 -44 , 1542 -283 1225 -230 -327 2086 , 1400 -3113 427 3195 -3069 400 , 574 343 -343 0 -2906 -3249 , 2.9046989897988134e-06 , 25
0.3254128009491381 , 2025 1369 -2360 203 -1781 -2382 , 3643 -447 447 0 1574 2021 , 1542 -283 1225 -230 -327 2086 , 2344 104 -104 0 1332 1228 , 1822 2360 -1369 -203 -22 -3150 , 1400 -3113 427 3195 -3069 400 , -1795 -427 3113 -3195 -27 44 , 1772 -1225 283 230 861 -44 , 574 343 -343 0 -2906 -3249 , 2.9046989897988134e-06 , 26
0.3254128009491381 , 2025 1369 -2360 203 -1781 -2382 , 3643 -447 447 0 1574 2021 , -1542 283 -1225 230 327 -2086 , 2344 104 -104 0 1332 1228 , 1822 2360 -1369 -203 -22 -3150 , -1400 3113 -427 -3195 3069 -400 , 1795 427 -3113 3195 27 -44 , -1772 1225 -283 -230 -861 44 , 574 343 -343 0 -2906 -3249 , 2.9046989897988134e-06 , 27
0.3254128009491381 , 2025 1369 -2360 203 -1781 -2382 , 2344 104 -104 0 1332 1228 , 400 -3069 3195 427 -3113 1400 , 3643 -447 447 0 1574 2021 , 1822 2360 -1369 -203 -22 -3150 , 2086 -327 -230 1225 -283 1542 , 861 230 327 -1225 1772 44 , -27 -3195 3069 -427 -1795 -44 , 574 343 -343 0 -2906 -3249 , 2.904698989821519e-06 , 28
0.3254128009491381 , 2025 1369 -2360 203 -1781 -2382 , 2344 104 -104 0 1332 1228 , -400 3069 -3195 -427 3113 -1400 , 3643 -447 447 0 1574 2021 , 1822 2360 -1369 -203 -22 -3150 , -2086 327 230 -1225 283 -1542 , -861 -230 -327 1225 -1772 -44 , 27 3195 -3069 427 1795 44 , 574 343 -343 0 -2906 -3249 , 2.904698989821519e-06 , 29
0.3254128009491381 , 2025 1369 -2360 203 -1781 -2382 , 2344 104 -104 0 1332 1228 , -1400 400 -3069 1795 427 -3113 , 3643 -447 447 0 1574 2021 , 1822 2360 -1369 -203 -22 -3150 , -1542 2086 -327 -1772 1225 -283 , 230 327 -2086 1772 44 -861 , -3195 3069 -400 -1795 -44 27 , 574 343 -343 0 -2906 -3249 , 2.9046989898669301e-06 , 30
0.3254128009491381 , 2025 1369 -2360 203 -1781 -2382 , 2344 104 -104 0 1332 1228 , 1400 -400 3069 -1795 -427 3113 , 3643 -447 447 0 1574 2021 , 1822 2360 -1369 -203 -22 -3150 , 1542 -2086 327 1772 -1225 283 , -230 -327 2086 -1772 -44 861 , 3195 -3069 400 1795 44 -27 , 574 343 -343 0 -2906 -3249 , 2.9046989898669301e-06 , 31
0.3254128009491381 , 2025 1369 -2360 203 -1781 -2382 , 3643 -447 447 0 1574 2021 , 1772 44 -861 1542 -283 1225 , 2344 104 -104 0 1332 1228 , 1822 2360 -1369 -203 -22 -3150 , -1795 -44 27 1400 -3113 427 , -3195 -27 44 -1400 400 -3069 , 230 861 -44 -1542 2086 -327 , 574 343 -343 0 -2906 -3249 , 2.9046989898669301e-06 , 32
0.3254128009491381 , 2025 1369 -2360 203 -1781 -2382 , 3643 -447 447 0 1574 2021 , -1772 -44 861 -1542 283 -1225 , 2344 104 -104 0 1332 1228 , 1822 2360 -1369 -203 -22 -3150 , 1795 44 -27 -1400 3113 -427 , 3195 27 -44 1400 -400 3069 , -230 -861 44 1542 -2086 327 , 574 343 -343 0 -2906 -3249 , 2.9046989898669301e-06 , 33
0.3254128009491381 , 2025 1369 -2360 203 -1781 -2382 , 3643 -447 447 0 1574 2021 , 327 -2086 1542 44 -861 -230 , 2344 104 -104 0 1332 1228 , 1822 2360 -1369 -203 -22 -3150 , 3069 -400 1400 -44 27 3195 , 3113 -1400 400 44 1795 427 , 283 -1542 2086 -44 -1772 1225 , 574 343 -343 0 -2906 -3249 , 2.9046989898669305e-06 , 34
0.3254128009491381 , 2025 1369 -2360 203 -1781 -2382 , 3643 -447 447 0 1574 2021 , -327 2086 -1542 -44 861 230 , 2344 104 -104 0 1332 1228 , 1822 2360 -1369 -203 -22 -3150 , -3069 400 -1400 44 -27 -3195 , -3113 1400 -400 -44 -1795 -427 , -283 1542 -2086 44 1772 -1225 , 574 343 -343 0 -2906 -3249 , 2.9046989898669305e-06 , 35
0.43722323498657395 , 1376 954 -1268 -1237 -1660 -2490 , 1831 575 -575 0 1443 868 , -716 -635 1294 1465 -4031 2211 , 4156 -918 918 0 1463 2381 , 2613 1268 -954 1237 -1222 -2614 , 551 -1199 -118 1079 -563 -424 , -528 118 1199 -1079 -306 636 , -2181 -1294 635 -1465 917 -3396 , 574 343 -343 0 -2906 -3249 , 2.8073120767879913e-06 , 0
0.43722323498657395 , 1376 954 -1268 -1237 -1660 -2490 , 1831 575 -575 0 1443 868 , -2181 3396 -917 -716 -635 1294 , 4156 -918 918 0 1463 2381 , 2613 1268 -954 1237 -1222 -2614 , -528 -636 306 551 -1199 -118 , -1079 -306 636 -551 -424 -563 , -1465 917 -3396 716 2211 -4031 , 574 343 -343 0 -2906 -3249 , 2.8073120767879913e-06 , 1
0.43722323498657395 , 1376 954 -1268 -1237 -1660 -2490 , 1831 575 -575 0 1443 868 , 2181 -3396 917 716 635 -1294 , 4156 -918 918 0 1463 2381 , 2613 1268 -954 1237 -1222 -2614 , 528 636 -306 -551 1199 118 , 1079 306 -636 551 424 563 , 1465 -917 3396 -716 -2211 4031 , 574 343 -343 0 -2906 -3249 , 2.8073120767879913e-06 , 2
0.43722323498657395 , 1376 954 -1268 -1237 -1660 -2490 , 1831 575 -575 0 1443 868 , 716 635 -1294 -1465 4031 -2211 , 4156 -918 918 0 1463 2381 , 2613 1268 -954 1237 -1222 -2614 , -551 1199 118 -1079 563 424 , 528 -118 -1199 1079 306 -636 , 2181 1294 -635 1465 -917 3396 , 574 343 -343 0 -2906 -3249 , 2.8073120767879913e-06 , 3
0.43722323498657395 , 1376 954 -1268 -1237 -1660 -2490 , 4156 -918 918 0 1463 2381 , -1079 -306 636 -551 -424 -563 , 1831 575 -575 0 1443 868 , 2613 1268 -954 1237 -1222 -2614 , -1465 917 -3396 716 2211 -4031 , -2181 3396 -917 -716 -635 1294 , -528 -636 306 551 -1199 -118 , 574 343 -343 0 -2906 -3249 , 2.8073120767879913e-06 , 4
0.43722323498657395 , 1376 954 -1268 -1237 -1660 -2490 , 4156 -918 918 0 1463 2381 , 1079 306 -636 551 424 563 , 1831 575 -575 0 1443 868 , 2613 1268 -954 1237 -1222 -2614 , 1465 -917 3396 -716 -2211 4031 , 2181 -3396 917 716 635 -1294 , 528 636 -306 -551 1199 118 , 574 343 -343 0 -2906 -3249 , 2.8073120767879913e-06 , 5
0.43722323498657395 , 1376 954 -1268 -1237 -1660 -2490 , 1831 575 -575 0 1443 868 , -635 1294 2181 -4031 2211 716 , 4156 -918 918 0 1463 2381 , 2613 1268 -954 1237 -1222 -2614 , -1199 -118 528 -563 -424 -551 , -636 -528 118 563 -1079 -306 , 3396 -2181 -1294 4031 -1465 917 , 574 343 -343 0 -2906 -3249 , 2.8073120768096182e-06 , 6
0.43722323498657395 , 1376 954 -1268 -1237 -1660 -2490 , 1831 575 -575 0 1443 868 , 635 -1294 -2181 4031 -2211 -716 , 4156 -918 918 0 1463 2381 , 2613 1268 -954 1237 -1222 -2614 , 1199 118 -528 563 424 551 , 636 528 -118 -563 1079 306 , -3396 2181 1294 -4031 1465 -917 , 574 343 -343 0 -2906 -3249 , 2.8073120768096182e-06 , 7
0.43722323498657395 , 1376 954 -1268 -1237 -1660 -2490 , 1831 575 -575 0 1443 868 , -917 1465 -4031 1294 2181 -3396 , 4156 -918 918 0 1463 2381 , 2613 1268 -954 1237 -1222 -2614 , 306 1079 -563 -118 528 636 , 424 563 -1079 118 1199 -551 , -2211 4031 -1465 -1294 635 716 , 574 343 -343 0 -2906 -3249 , 2.8073120768096186e-06 , 8
0.43722323498657395 , 1376 954 -1268 -1237 -1660 -2490 , 1831 575 -575 0 1443 868 , 917 -1465 4031 -1294 -2181 3396 , 4156 -918 918 0 1463 2381 , 2613 1268 -954 1237 -1222 -2614 , -306 -1079 563 118 -528 -636 , -424 -563 1079 -118 -1199 551 , 2211 -4031 1465 1294 -635 -716 , 574 343 -343 0 -2906 -3249 , 2.8073120768096186e-06 , 9
0.43722323498657395 , 1376 954 -1268 -1237 -1660 -2490 , 4156 -918 918 0 1463 2381 , -306 636 528 -424 -563 1079 , 1831 575 -575 0 1443 868 , 2613 1268 -954 1237 -1222 -2614 , 917 -3396 2181 2211 -4031 1465 , -1294 -2181 3396 -2211 -716 -635 , 118 -528 -636 424 551 -1199 , 574 343 -343 0 -2906 -3249 , 2.8073120768204318e-06 , 10
0.43722323498657395 , 1376 954 -1268 -1237 -1660 -2490 , 4156 -918 918 0 1463 2381 , -528 118 1199 -1079 -306 636 , 1831 575 -575 0 1443 868 , 2613 1268 -954 1237 -1222 -2614 , -2181 -1294 635 -1465 917 -3396 , -716 -635 1294 1465 -4031 2211 , 551 -1199 -118 1079 -563 -424 , 574 343 -343 0 -2906 -3249 , 2.8073120768204318e-06 , 11
0.43722323498657395 , 1376 954 -1268 -1237 -1660 -2490 , 4156 -918 918 0 1463 2381 , 528 -118 -1199 1079 306 -636 , 1831 575 -575 0 1443 868 , 2613 1268 -954 1237 -1222 -2614 , 2181 1294 -635 1465 -917 3396 , 716 635 -1294 -1465 4031 -2211 , -551 1199 118 -1079 563 424 , 574 343 -343 0 -2906 -3249 , 2.8073120768204318e-06 , 12
0.43722323498657395 , 1376 954 -1268 -1237 -1660 -2490 , 4156 -918 918 0 1463 2381 , 306 -636 -528 424 563 -1079 , 1831 575 -575 0 1443 868 , 2613 1268 -954 1237 -1222 -2614 , -917 3396 -2181 -2211 4031 -1465 , 1294 2181 -3396 2211 716 635 , -118 528 636 -424 -551 1199 , 574 343 -343 0 -2906 -3249 , 2.8073120768204318e-06 , 13
0.43722323498657395 , 1376 954 -1268 -1237 -1660 -2490 , 4156 -918 918 0 1463 2381 , 118 1199 -551 -306 636 528 , 1831 575 -575 0 1443 868 , 2613 1268 -954 1237 -1222 -2614 , -1294 635 716 917 -3396 2181 , -2211 -716 -635 -917 1465 -4031 , 424 551 -1199 306 1079 -563 , 574 343 -343 0 -2906 -3249 , 2.8073120768312455e-06 , 14
0.43722323498657395 , 1376 954 -1268 -1237 -1660 -2490 , 4156 -918 918 0 1463 2381 , -118 -1199 551 306 -636 -528 , 1831 575 -575 0 1443 868 , 2613 1268 -954 1237 -1222 -2614 , 1294 -635 -716 -917 3396 -2181 , 2211 716 635 917 -1465 4031 , -424 -551 1199 -306 -1079 563 , 574 343 -343 0 -2906 -3249 , 2.8073120768312455e-06 , 15
0.43722323498657395 , 1376 954 -1268 -1237 -1660 -2490 , 1831 575 -575 0 1443 868 , -2211 -716 -635 -917 1465 -4031 , 4156 -918 918 0 1463 2381 , 2613 1268 -954 1237 -1222 -2614 , 424 551 -1199 306 1079 -563 , 118 1199 -551 -306 636 528 , -1294 635 716 917 -3396 2181 , 574 343 -343 0 -2906 -3249 , 2.8073120768312459e-06 , 16
0.43722323498657395 , 1376 954 -1268 -1237 -1660 -2490 , 1831 575 -575 0 1443 868 , 2211 716 635 917 -1465 4031 , 4156 -918 918 0 1463 2381 , 2613 1268 -954 1237 -1222 -2614 , -424 -551 1199 -306 -1079 563 , -118 -1199 551 306 -636 -528 , 1294 -635 -716 -917 3396 -2181 , 574 343 -343 0 -2906 -3249 , 2.8073120768312459e-06 , 17
0.43722323498657395 , 1376 954 -1268 -1237 -1660 -2490 , 4156 -918 918 0 1463 2381 , -424 -563 1079 -118 -1199 551 , 1831 575 -575 0 1443 868 , 2613 1268 -954 1237 -1222 -2614 , 2211 -4031 1465 1294 -635 -716 , 917 -1465 4031 -1294 -2181 3396 , -306 -1079 563 118 -528 -636 , 574 343 -343 0 -2906 -3249 , 2.8073120768312459e-06 , 18
0.43722323498657395 , 1376 954 -1268 -1237 -1660 -2490 , 4156 -918 918 0 1463 2381 , 424 563 -1079 118 1199 -551 , 1831 575 -575 0 1443 868 , 2613 1268 -954 1237 -1222 -2614 , -2211 4031 -1465 -1294 635 716 , -917 1465 -4031 1294 2181 -3396 , 306 1079 -563 -118 528 636 , 574 343 -343 0 -2906 -3249 , 2.8073120768312459e-06 , 19
0.43722323498657395 , 1376 954 -1268 -1237 -1660 -2490 , 1831 575 -575 0 1443 868 , -4031 2211 716 -3396 917 -1465 , 4156 -918 918 0 1463 2381 , 2613 1268 -954 1237 -1222 -2614 , -563 -424 -551 636 -306 -1079 , -1199 551 424 -636 -528 118 , -635 -716 -2211 3396 -2181 -1294 , 574 343 -343 0 -2906 -3249 , 2.8073120768420596e-06 , 20
0.43722323498657395 , 1376 954 -1268 -1237 -1660 -2490 , 1831 575 -575 0 1443 868 , 4031 -2211 -716 3396 -917 1465 , 4156 -918 918 0 1463 2381 , 2613 1268 -954 1237 -1222 -2614 , 563 424 551 -636 306 1079 , 1199 -551 -424 636 528 -118 , 635 716 2211 -3396 2181 1294 , 574 343 -343 0 -2906 -3249 , 2.8073120768420596e-06 , 21
0.43722323498657395 , 1376 954 -1268 -1237 -1660 -2490 , 1831 575 -575 0 1443 868 , 1294 2181 -3396 2211 716 635 , 4156 -918 918 0 1463 2381 , 2613 1268 -954 1237 -1222 -2614 , -118 528 636 -424 -551 1199 , 306 -636 -528 424 563 -1079 , -917 3396 -2181 -2211 4031 -1465 , 574 343 -343 0 -2906 -3249 , 2.80731207684206e-06 , 22
0.43722323498657395 , 1376 954 -1268 -1237 -1660 -2490 , 1831 575 -575 0 1443 868 , 1465 -4031 2211 2181 -3396 917 , 4156 -918 918 0 1463 2381 , 2613 1268 -954 1237 -1222 -2614 , 1079 -563 -424 528 636 -306 , 551 424 563 -528 118 1199 , -716 -2211 4031 -2181 -1294 635 , 574 343 -343 0 -2906 -3249 , 2.80731207684206e-06 , 23
0.43722323498657395 , 1376 954 -1268 -1237 -1660 -2490 , 1831 575 -575 0 1443 868 , -1465 4031 -2211 -2181 3396 -917 , 4156 -918 918 0 1463 2381 , 2613 1268 -954 1237 -1222 -2614 , -1079 563 424 -528 -636 306 , -551 -424 -563 528 -118 -1199 , 716 2211 -4031 2181 1294 -635 , 574 343 -343 0 -2906 -3249 , 2.80731207684206e-06 , 24
0.43722323498657395 , 1376 954 -1268 -1237 -1660 -2490 , 1831 575 -575 0 1443 868 , -1294 -2181 3396 -2211 -716 -635 , 4156 -918 918 0 1463 2381 , 2613 1268 -954 1237 -1222 -2614 , 118 -528 -636 424 551 -1199 , -306 636 528 -424 -563 1079 , 917 -3396 2181 2211 -4031 1465 , 574 343 -343 0 -2906 -3249 , 2.80731207684206e-06 , 25
0.43722323498657395 , 1376 954 -1268 -1237 -1660 -2490 , 4156 -918 918 0 1463 2381 , -551 -424 -563 528 -118 -1199 , 1831 575 -575 0 1443 868 , 2613 1268 -954 1237 -1222 -2614 , 716 2211 -4031 2181 1294 -635 , -1465 4031 -2211 -2181 3396 -917 , -1079 563 424 -528 -636 306 , 574 343 -343 0 -2906 -3249 , 2.80731207684206e-06 , 26
0.43722323498657395 , 1376 954 -1268 -1237 -1660 -2490 , 4156 -918 918 0 1463 2381 , 636 528 -118 -563 1079 306 , 1831 575 -575 0 1443 868 , 2613 1268 -954 1237 -1222 -2614 , -3396 2181 1294 -4031 1465 -917 , 635 -1294 -2181 4031 -2211 -716 , 1199 118 -528 563 424 551 , 574 343 -343 0 -2906 -3249 , 2.80731207684206e-06 , 27
0.43722323498657395 , 1376 954 -1268 -1237 -1660 -2490 , 4156 -918 918 0 1463 2381 , -636 -528 118 563 -1079 -306 , 1831 575 -575 0 1443 868 , 2613 1268 -954 1237 -1222 -2614 , 3396 -2181 -1294 4031 -1465 917 , -635 1294 2181 -4031 2211 716 , -1199 -118 528 -563 -424 -551 , 574 343 -343 0 -2906 -3249 , 2.80731207684206e-06 , 28
0.43722323498657395 , 1376 954 -1268 -1237 -1660 -2490 , 4156 -918 918 0 1463 2381 , 551 424 563 -528 118 1199 , 1831 575 -575 0 1443 868 , 2613 1268 -954 1237 -1222 -2614 , -716 -2211 4031 -2181 -1294 635 , 1465 -4031 2211 2181 -3396 917 , 1079 -563 -424 528 636 -306 , 574 343 -343 0 -2906 -3249 , 2.80731207684206e-06 , 29
0.43722323498657395 , 1376 954 -1268 -1237 -1660 -2490 , 1831 575 -575 0 1443 868 , -3396 917 -1465 635 -1294 -2181 , 4156 -918 918 0 1463 2381 , 2613 1268 -954 1237 -1222 -2614 , 636 -306 -1079 1199 118 -528 , -563 1079 306 -1199 551 424 , -4031 1465 -917 -635 -716 -2211 , 574 343 -343 0 -2906 -3249 , 2.8073120768528732e-06 , 30
0.43722323498657395 , 1376 954 -1268 -1237 -1660 -2490 , 1831 575 -575 0 1443 868 , 3396 -917 1465 -635 1294 2181 , 4156 -918 918 0 1463 2381 , 2613 1268 -954 1237 -1222 -2614 , -636 306 1079 -1199 -118 528 , 563 -1079 -306 1199 -551 -424 , 4031 -1465 917 635 716 2211 , 574 343 -343 0 -2906 -3249 , 2.8073120768528732e-06 , 31
0.43722323498657395 , 1376 954 -1268 -1237 -1660 -2490 , 4156 -918 918 0 1463 2381 , 563 -1079 -306 1199 -551 -424 , 1831 575 -575 0 1443 868 , 2613 1268 -954 1237 -1222 -2614 , 4031 -1465 917 635 716 2211 , 3396 -917 1465 -635 1294 2181 , -636 306 1079 -1199 -118 528 , 574 343 -343 0 -2906 -3249 , 2.8073120768528732e-06 , 32
0.43722323498657395 , 1376 954 -1268 -1237 -1660 -2490 , 4156 -918 918 0 1463 2381 , -563 1079 306 -1199 551 424 , 1831 575 -575 0 1443 868 , 2613 1268 -954 1237 -1222 -2614 , -4031 1465 -917 -635 -716 -2211 , -3396 917 -1465 635 -1294 -2181 , 636 -306 -1079 1199 118 -528 , 574 343 -343 0 -2906 -3249 , 2.8073120768528732e-06 , 33
0.43722323498657395 , 1376 954 -1268 -1237 -1660 -2490 , 4156 -918 918 0 1463 2381 , 1199 -551 -424 636 528 -118 , 1831 575 -575 0 1443 868 , 2613 1268 -954 1237 -1222 -2614 , 635 716 2211 -3396 2181 1294 , 4031 -2211 -716 3396 -917 1465 , 563 424 551 -636 306 1079 , 574 343 -343 0 -2906 -3249 , 2.8073120769069414e-06 , 34
0.43722323498657395 , 1376 954 -1268 -1237 -1660 -2490 , 4156 -918 918 0 1463 2381 , -1199 551 424 -636 -528 118 , 1831 575 -575 0 1443 868 , 2613 1268 -954 1237 -1222 -2614 , -635 -716 -2211 3396 -2181 -1294 , -4031 2211 716 -3396 917 -1465 , -563 -424 -551 636 -306 -1079 , 574 343 -343 0 -2906 -3249 , 2.8073120769069414e-06 , 35
0.5470053295320269 , 1909 354 -1002 -845 -2480 -1658 , 1949 655 -655 0 1571 916 , -2955 194 -1201 -777 1133 -3928 , 4038 -998 998 0 1335 2333 , 2754 1002 -354 845 -656 -2834 , 1440 -514 -661 709 844 -230 , 731 661 514 -709 431 1358 , -2178 1201 -194 777 -2727 939 , 574 343 -343 0 -2906 -3249 , 2.9115402536546457e-06 , 0
0.5470053295320269 , 1909 354 -1002 -845 -2480 -1658 , 1949 655 -655 0 1571 916 , 2955 -194 1201 777 -1133 3928 , 4038 -998 998 0 1335 2333 , 2754 1002 -354 845 -656 -2834 , -1440 514 661 -709 -844 230 , -731 -661 -514 709 -431 -1358 , 2178 -1201 194 -777 2727 -939 , 574 343 -343 0 -2906 -3249 , 2.9115402536546457e-06 , 1
0.5470053295320269 , 1909 354 -1002 -845 -2480 -1658 , 1949 655 -655 0 1571 916 , -3928 2955 -194 -2727 777 -1133 , 4038 -998 998 0 1335 2333 , 2754 1002 -354 845 -656 -2834 , -230 -1440 514 431 -709 -844 , -661 -514 1440 -431 -1358 731 , -1201 194 -2955 2727 -939 -2178 , 574 343 -343 0 -2906 -3249 , 2.9115402537012101e-06 , 2
0.5470053295320269 , 1909 354 -1002 -845 -2480 -1658 , 1949 655 -655 0 1571 916 , 3928 -2955 194 2727 -777 1133 , 4038 -998 998 0 1335 2333 , 2754 1002 -354 845 -656 -2834 , 230 1440 -514 -431 709 844 , 661 514 -1440 431 1358 -731 , 1201 -194 2955 -2727 939 2178 , 574 343 -343 0 -2906 -3249 , 2.9115402537012101e-06 , 3
0.5470053295320269 , 1909 354 -1002 -845 -2480 -1658 , 4038 -998 998 0 1335 2333 , -1440 -230 844 -731 -661 -514 , 1949 655 -655 0 1571 916 , 2754 1002 -354 845 -656 -2834 , 2955 -3928 1133 2178 -1201 194 , 777 -1133 3928 -2178 -939 2727 , -709 -844 230 731 -1358 -431 , 574 343 -343 0 -2906 -3249 , 2.9115402537012101e-06 , 4
0.5470053295320269 , 1909 354 -1002 -845 -2480 -1658 , 4038 -998 998 0 1335 2333 , 1440 230 -844 731 661 514 , 1949 655 -655 0 1571 916 , 2754 1002 -354 845 -656 -2834 , -2955 3928 -1133 -2178 1201 -194 , -777 1133 -3928 2178 939 -2727 , 709 844 -230 -731 1358 431 , 574 343 -343 0 -2906 -3249 , 2.9115402537012101e-06 , 5
0.5470053295320269 , 1909 354 -1002 -845 -2480 -1658 , 1949 655 -655 0 1571 916 , 194 -1201 2178 1133 -3928 2955 , 4038 -998 998 0 1335 2333 , 2754 1002 -354 845 -656 -2834 , -514 -661 -731 844 -230 -1440 , -1358 731 661 -844 -709 431 , -939 -2178 1201 -1133 777 -2727 , 574 343 -343 0 -2906 -3249 , 2.9115402537244925e-06 , 6
0.5470053295320269 , 1909 354 -1002 -845 -2480 -1658 , 1949 655 -655 0 1571 916 , -194 1201 -2178 -1133 3928 -2955 , 4038 -998 998 0 1335 2333 , 2754 1002 -354 845 -656 -2834 , 514 661 731 -844 230 1440 , 1358 -731 -661 844 709 -431 , 939 2178 -1201 1133 -777 2727 , 574 343 -343 0 -2906 -3249 , 2.9115402537244925e-06 , 7
0.5470053295320269 , 1909 354 -1002 -845 -2480 -1658 , 4038 -998 998 0 1335 2333 , 661 514 -1440 431 1358 -731 , 1949 655 -655 0 1571 916 , 2754 1002 -354 845 -656 -2834 , 1201 -194 2955 -2727 939 2178 , 3928 -2955 194 2727 -777 1133 , 230 1440 -514 -431 709 844 , 574 343 -343 0 -2906 -3249 , 2.9115402537244925e-06 , 8
0.5470053295320269 , 1909 354 -1002 -845 -2480 -1658 , 4038 -998 998 0 1335 2333 , 514 -1440 -230 1358 -731 -661 , 1949 655 -655 0 1571 916 , 2754 1002 -354 845 -656 -2834 , -194 2955 -3928 939 2178 -1201 , -1133 3928 -2955 -939 2727 -777 , -844 230 1440 -1358 -431 709 , 574 343 -343 0 -2906 -3249 , 2.9115402537244925e-06 , 9
0.5470053295320269 , 1909 354 -1002 -845 -2480 -1658 , 4038 -998 998 0 1335 2333 , -514 1440 230 -1358 731 661 , 1949 655 -655 0 1571 916 , 2754 1002 -354 845 -656 -2834 , 194 -2955 3928 -939 -2178 1201 , 1133 -3928 2955 939 -2727 777 , 844 -230 -1440 1358 431 -709 , 574 343 -343 0 -2906 -3249 , 2.9115402537244925e-06 , 10
0.5470053295320269 , 1909 354 -1002 -845 -2480 -1658 , 4038 -998 998 0 1335 2333 , -661 -514 1440 -431 -1358 731 , 1949 655 -655 0 1571 916 , 2754 1002 -354 845 -656 -2834 , -1201 194 -2955 2727 -939 -2178 , -3928 2955 -194 -2727 777 -1133 , -230 -1440 514 431 -709 -844 , 574 343 -343 0 -2906 -3249 , 2.9115402537244925e-06 , 11
0.5470053295320269 , 1909 354 -1002 -845 -2480 -1658 , 1949 655 -655 0 1571 916 , -2178 -939 2727 -2955 194 -1201 , 4038 -998 998 0 1335 2333 , 2754 1002 -354 845 -656 -2834 , 731 -1358 -431 1440 -514 -661 , -709 431 1358 -1440 -230 844 , 777 -2727 939 2955 -3928 1133 , 574 343 -343 0 -2906 -3249 , 2.9115402537477749e-06 , 12
0.5470053295320269 , 1909 354 -1002 -845 -2480 -1658 , 1949 655 -655 0 1571 916 , 2178 939 -2727 2955 -194 1201 , 4038 -998 998 0 1335 2333 , 2754 1002 -354 845 -656 -2834 , -731 1358 431 -1440 514 661 , 709 -431 -1358 1440 230 -844 , -777 2727 -939 -2955 3928 -1133 , 574 343 -343 0 -2906 -3249 , 2.9115402537477749e-06 , 13
0.5470053295320269 , 1909 354 -1002 -845 -2480 -1658 , 4038 -998 998 0 1335 2333 , -1358 731 661 -844 -709 431 , 1949 655 -655 0 1571 916 , 2754 1002 -354 845 -656 -2834 , -939 -2178 1201 -1133 777 -2727 , 194 -1201 2178 1133 -3928 2955 , -514 -661 -731 844 -230 -1440 , 574 343 -343 0 -2906 -3249 , 2.9115402537477749e-06 , 14
0.5470053295320269 , 1909 354 -1002 -845 -2480 -1658 , 4038 -998 998 0 1335 2333 , 1358 -731 -661 844 709 -431 , 1949 655 -655 0 1571 916 , 2754 1002 -354 845 -656 -2834 , 939 2178 -1201 1133 -777 2727 , -194 1201 -2178 -1133 3928 -2955 , 514 661 731 -844 230 1440 , 574 343 -343 0 -2906 -3249 , 2.9115402537477749e-06 , 15
0.5470053295320269 , 1909 354 -1002 -845 -2480 -1658 , 1949 655 -655 0 1571 916 , 1133 -3928 2955 939 -2727 777 , 4038 -998 998 0 1335 2333 , 2754 1002 -354 845 -656 -2834 , 844 -230 -1440 1358 431 -709 , -514 1440 230 -1358 731 661 , 194 -2955 3928 -939 -2178 1201 , 574 343 -343 0 -2906 -3249 , 2.9115402537943388e-06 , 16
0.5470053295320269 , 1909 354 -1002 -845 -2480 -1658 , 1949 655 -655 0 1571 916 , -1133 3928 -2955 -939 2727 -777 , 4038 -998 998 0 1335 2333 , 2754 1002 -354 845 -656 -2834 , -844 230 1440 -1358 -431 709 , 514 -1440 -230 1358 -731 -661 , -194 2955 -3928 939 2178 -1201 , 574 343 -343 0 -2906 -3249 , 2.9115402537943388e-06 , 17
0.5470053295320269 , 1909 354 -1002 -845 -2480 -1658 , 1949 655 -655 0 1571 916 , -939 2727 -777 194 -1201 2178 , 4038 -998 998 0 1335 2333 , 2754 1002 -354 845 -656 -2834 , -1358 -431 709 -514 -661 -731 , -844 -709 431 514 -1440 -230 , -1133 777 -2727 -194 2955 -3928 , 574 343 -343 0 -2906 -3249 , 2.9115402537943397e-06 , 18
0.5470053295320269 , 1909 354 -1002 -845 -2480 -1658 , 1949 655 -655 0 1571 916 , 939 -2727 777 -194 1201 -2178 , 4038 -998 998 0 1335 2333 , 2754 1002 -354 845 -656 -2834 , 1358 431 -709 514 661 731 , 844 709 -431 -514 1440 230 , 1133 -777 2727 194 -2955 3928 , 574 343 -343 0 -2906 -3249 , 2.9115402537943397e-06 , 19
0.5470053295320269 , 1909 354 -1002 -845 -2480 -1658 , 4038 -998 998 0 1335 2333 , 731 661 514 -709 431 1358 , 1949 655 -655 0 1571 916 , 2754 1002 -354 845 -656 -2834 , -2178 1201 -194 777 -2727 939 , -2955 194 -1201 -777 1133 -3928 , 1440 -514 -661 709 844 -230 , 574 343 -343 0 -2906 -3249 , 2.9115402537943397e-06 , 20
0.5470053295320269 , 1909 354 -1002 -845 -2480 -1658 , 4038 -998 998 0 1335 2333 , -731 -661 -514 709 -431 -1358 , 1949 655 -655 0 1571 916 , 2754 1002 -354 845 -656 -2834 , 2178 -1201 194 -777 2727 -939 , 2955 -194 1201 777 -1133 3928 , -1440 514 661 -709 -844 230 , 574 343 -343 0 -2906 -3249 , 2.9115402537943397e-06 , 21
0.5470053295320269 , 1909 354 -1002 -845 -2480 -1658 , 4038 -998 998 0 1335 2333 , 230 -844 -709 661 514 -1440 , 1949 655 -655 0 1571 916 , 2754 1002 -354 845 -656 -2834 , 3928 -1133 777 1201 -194 2955 , 2727 -777 1133 -1201 2178 939 , -431 709 844 -661 -731 1358 , 574 343 -343 0 -2906 -3249 , 2.9115402538176212e-06 , 22
0.5470053295320269 , 1909 354 -1002 -845 -2480 -1658 , 4038 -998 998 0 1335 2333 , -230 844 709 -661 -514 1440 , 1949 655 -655 0 1571 916 , 2754 1002 -354 845 -656 -2834 , -3928 1133 -777 -1201 194 -2955 , -2727 777 -1133 1201 -2178 -939 , 431 -709 -844 661 731 -1358 , 574 343 -343 0 -2906 -3249 , 2.9115402538176212e-06 , 23
0.5470053295320269 , 1909 354 -1002 -845 -2480 -1658 , 4038 -998 998 0 1335 2333 , -709 431 1358 -1440 -230 844 , 1949 655 -655 0 1571 916 , 2754 1002 -354 845 -656 -2834 , 777 -2727 939 2955 -3928 1133 , -2178 -939 2727 -2955 194 -1201 , 731 -1358 -431 1440 -514 -661 , 574 343 -343 0 -2906 -3249 , 2.9115402538409036e-06 , 24
0.5470053295320269 , 1909 354 -1002 -845 -2480 -1658 , 4038 -998 998 0 1335 2333 , 709 -431 -1358 1440 230 -844 , 1949 655 -655 0 1571 916 , 2754 1002 -354 845 -656 -2834 , -777 2727 -939 -2955 3928 -1133 , 2178 939 -2727 2955 -194 1201 , -731 1358 431 -1440 514 661 , 574 343 -343 0 -2906 -3249 , 2.9115402538409036e-06 , 25
0.5470053295320269 , 1909 354 -1002 -845 -2480 -1658 , 1949 655 -655 0 1571 916 , -777 1133 -3928 2178 939 -2727 , 4038 -998 998 0 1335 2333 , 2754 1002 -354 845 -656 -2834 , 709 844 -230 -731 1358 431 , 1440 230 -844 731 661 514 , -2955 3928 -1133 -2178 1201 -194 , 574 343 -343 0 -2906 -3249 , 2.9115402538874684e-06 , 26
0.5470053295320269 , 1909 354 -1002 -845 -2480 -1658 , 1949 655 -655 0 1571 916 , -1201 2178 939 -3928 2955 -194 , 4038 -998 998 0 1335 2333 , 2754 1002 -354 845 -656 -2834 , -661 -731 1358 -230 -1440 514 , -431 -1358 731 230 -844 -709 , 2727 -939 -2178 3928 -1133 777 , 574 343 -343 0 -2906 -3249 , 2.9115402538874684e-06 , 27
0.5470053295320269 , 1909 354 -1002 -845 -2480 -1658 , 1949 655 -655 0 1571 916 , -2727 777 -1133 1201 -2178 -939 , 4038 -998 998 0 1335 2333 , 2754 1002 -354 845 -656 -2834 , 431 -709 -844 661 731 -1358 , -230 844 709 -661 -514 1440 , -3928 1133 -777 -1201 194 -2955 , 574 343 -343 0 -2906 -3249 , 2.9115402538874684e-06 , 28
0.5470053295320269 , 1909 354 -1002 -845 -2480 -1658 , 1949 655 -655 0 1571 916 , 2727 -777 1133 -1201 2178 939 , 4038 -998 998 0 1335 2333 , 2754 1002 -354 845 -656 -2834 , -431 709 844 -661 -731 1358 , 230 -844 -709 661 514 -1440 , 3928 -1133 777 1201 -194 2955 , 574 343 -343 0 -2906 -3249 , 2.9115402538874684e-06 , 29
0.5470053295320269 , 1909 354 -1002 -845 -2480 -1658 , 1949 655 -655 0 1571 916 , 1201 -2178 -939 3928 -2955 194 , 4038 -998 998 0 1335 2333 , 2754 1002 -354 845 -656 -2834 , 661 731 -1358 230 1440 -514 , 431 1358 -731 -230 844 709 , -2727 939 2178 -3928 1133 -777 , 574 343 -343 0 -2906 -3249 , 2.9115402538874684e-06 , 30
0.5470053295320269 , 1909 354 -1002 -845 -2480 -1658 , 1949 655 -655 0 1571 916 , 777 -1133 3928 -2178 -939 2727 , 4038 -998 998 0 1335 2333 , 2754 1002 -354 845 -656 -2834 , -709 -844 230 731 -1358 -431 , -1440 -230 844 -731 -661 -514 , 2955 -3928 1133 2178 -1201 194 , 574 343 -343 0 -2906 -3249 , 2.9115402538874684e-06 , 31
0.5470053295320269 , 1909 354 -1002 -845 -2480 -1658 , 4038 -998 998 0 1335 2333 , -844 -709 431 514 -1440 -230 , 1949 655 -655 0 1571 916 , 2754 1002 -354 845 -656 -2834 , -1133 777 -2727 -194 2955 -3928 , -939 2727 -777 194 -1201 2178 , -1358 -431 709 -514 -661 -731 , 574 343 -343 0 -2906 -3249 , 2.9115402539340328e-06 , 32
0.5470053295320269 , 1909 354 -1002 -845 -2480 -1658 , 4038 -998 998 0 1335 2333 , 431 1358 -731 -230 844 709 , 1949 655 -655 0 1571 916 , 2754 1002 -354 845 -656 -2834 , -2727 939 2178 -3928 1133 -777 , 1201 -2178 -939 3928 -2955 194 , 661 731 -1358 230 1440 -514 , 574 343 -343 0 -2906 -3249 , 2.9115402539340328e-06 , 33
0.5470053295320269 , 1909 354 -1002 -845 -2480 -1658 , 4038 -998 998 0 1335 2333 , -431 -1358 731 230 -844 -709 , 1949 655 -655 0 1571 916 , 2754 1002 -354 845 -656 -2834 , 2727 -939 -2178 3928 -1133 777 , -1201 2178 939 -3928 2955 -194 , -661 -731 1358 -230 -1440 514 , 574 343 -343 0 -2906 -3249 , 2.9115402539340328e-06 , 34
0.5470053295320269 , 1909 354 -1002 -845 -2480 -1658 , 4038 -998 998 0 1335 2333 , 844 709 -431 -514 1440 230 , 1949 655 -655 0 1571 916 , 2754 1002 -354 845 -656 -2834 , 1133 -777 2727 194 -2955 3928 , 939 -2727 777 -194 1201 -2178 , 1358 431 -709 514 661 731 , 574 343 -343 0 -2906 -3249 , 2.9115402539340328e-06 , 35
0.652798963735495 , 2172 -114 -2330 544 -2860 -2255 , 3043 385 -385 0 1933 1548 , -1561 914 -1319 1143 -1291 -477 , 2944 -728 728 0 973 1701 , 1628 2330 114 -544 75 -2746 , -2153 2884 342 -2849 1224 415 , 696 -342 -2884 2849 73 -1660 , -2704 1319 -914 -1143 842 -2205 , 574 343 -343 0 -2906 -3249 , 2.8343253907036799e-06 , 0
0.652798963735495 , 2172 -114 -2330 544 -2860 -2255 , 3043 385 -385 0 1933 1548 , 1561 -914 1319 -1143 1291 477 , 2944 -728 728 0 973 1701 , 1628 2330 114 -544 75 -2746 , 2153 -2884 -342 2849 -1224 -415 , -696 342 2884 -2849 -73 1660 , 2704 -1319 914 1143 -842 2205 , 574 343 -343 0 -2906 -3249 , 2.8343253907036799e-06 , 1
0.652798963735495 , 2172 -114 -2330 544 -2860 -2255 , 2944 -728 728 0 973 1701 , -1224 2849 73 -2884 2153 415 , 3043 385 -385 0 1933 1548 , 1628 2330 114 -544 75 -2746 , 1291 -1143 842 -914 1561 -477 , 2205 -842 1143 914 -1319 2704 , 1660 -73 -2849 2884 342 -696 , 574 343 -343 0 -2906 -3249 , 2.8343253907188998e-06 , 2
0.652798963735495 , 2172 -114 -2330 544 -2860 -2255 , 2944 -728 728 0 973 1701 , 1224 -2849 -73 2884 -2153 -415 , 3043 385 -385 0 1933 1548 , 1628 2330 114 -544 75 -2746 , -1291 1143 -842 914 -1561 477 , -2205 842 -1143 -914 1319 -2704 , -1660 73 2849 -2884 -342 696 , 574 343 -343 0 -2906 -3249 , 2.8343253907188998e-06 , 3
0.652798963735495 , 2172 -114 -2330 544 -2860 -2255 , 3043 385 -385 0 1933 1548 , -1291 -477 1561 -2205 842 -1143 , 2944 -728 728 0 973 1701 , 1628 2330 114 -544 75 -2746 , 1224 415 2153 -1660 73 2849 , 2884 -2153 -415 1660 696 -342 , 914 -1561 477 2205 -2704 1319 , 574 343 -343 0 -2906 -3249 , 2.8343253907341185e-06 , 4
0.652798963735495 , 2172 -114 -2330 544 -2860 -2255 , 3043 385 -385 0 1933 1548 , 1291 477 -1561 2205 -842 1143 , 2944 -728 728 0 973 1701 , 1628 2330 114 -544 75 -2746 , -1224 -415 -2153 1660 -73 -2849 , -2884 2153 415 -1660 -696 342 , -914 1561 -477 -2205 2704 -1319 , 574 343 -343 0 -2906 -3249 , 2.8343253907341185e-06 , 5
0.652798963735495 , 2172 -114 -2330 544 -2860 -2255 , 2944 -728 728 0 973 1701 , -342 -2884 2153 73 -1660 -696 , 3043 385 -385 0 1933 1548 , 1628 2330 114 -544 75 -2746 , 1319 -914 1561 842 -2205 2704 , 477 -1561 914 -842 1143 -1291 , -415 -2153 2884 -73 -2849 1224 , 574 343 -343 0 -2906 -3249 , 2.8343253907341189e-06 , 6
0.652798963735495 , 2172 -114 -2330 544 -2860 -2255 , 2944 -728 728 0 973 1701 , 342 2884 -2153 -73 1660 696 , 3043 385 -385 0 1933 1548 , 1628 2330 114 -544 75 -2746 , -1319 914 -1561 -842 2205 -2704 , -477 1561 -914 842 -1143 1291 , 415 2153 -2884 73 2849 -1224 , 574 343 -343 0 -2906 -3249 , 2.8343253907341189e-06 , 7
0.652798963735495 , 2172 -114 -2330 544 -2860 -2255 , 3043 385 -385 0 1933 1548 , 1143 -1291 -477 2704 -2205 842 , 2944 -728 728 0 973 1701 , 1628 2330 114 -544 75 -2746 , -2849 1224 415 -696 -1660 73 , -2153 -415 -1224 696 -342 -2884 , -1561 477 1291 -2704 1319 -914 , 574 343 -343 0 -2906 -3249 , 2.8343253907493384e-06 , 8
0.652798963735495 , 2172 -114 -2330 544 -2860 -2255 , 3043 385 -385 0 1933 1548 , 914 -1319 2704 -1291 -477 1561 , 2944 -728 728 0 973 1701 , 1628 2330 114 -544 75 -2746 , 2884 342 -696 1224 415 2153 , 1660 696 -342 -1224 2849 73 , 2205 -2704 1319 1291 -1143 842 , 574 343 -343 0 -2906 -3249 , 2.8343253907493384e-06 , 9
0.652798963735495 , 2172 -114 -2330 544 -2860 -2255 , 3043 385 -385 0 1933 1548 , -914 1319 -2704 1291 477 -1561 , 2944 -728 728 0 973 1701 , 1628 2330 114 -544 75 -2746 , -2884 -342 696 -1224 -415 -2153 , -1660 -696 342 1224 -2849 -73 , -2205 2704 -1319 -1291 1143 -842 , 574 343 -343 0 -2906 -3249 , 2.8343253907493384e-06 , 10
0.652798963735495 , 2172 -114 -2330 544 -2860 -2255 , 3043 385 -385 0 1933 1548 , -1143 1291 477 -2704 2205 -842 , 2944 -728 728 0 973 1701 , 1628 2330 114 -544 75 -2746 , 2849 -1224 -415 696 1660 -73 , 2153 415 1224 -696 342 2884 , 1561 -477 -1291 2704 -1319 914 , 574 343 -343 0 -2906 -3249 , 2.8343253907493384e-06 , 11
0.652798963735495 , 2172 -114 -2330 544 -2860 -2255 , 2944 -728 728 0 973 1701 , -2153 -415 -1224 696 -342 -2884 , 3043 385 -385 0 1933 1548 , 1628 2330 114 -544 75 -2746 , -1561 477 1291 -2704 1319 -914 , 1143 -1291 -477 2704 -2205 842 , -2849 1224 415 -696 -1660 73 , 574 343 -343 0 -2906 -3249 , 2.8343253907645583e-06 , 12
0.652798963735495 , 2172 -114 -2330 544 -2860 -2255 , 2944 -728 728 0 973 1701 , 73 -1660 -696 415 1224 -2849 , 3043 385 -385 0 1933 1548 , 1628 2330 114 -544 75 -2746 , 842 -2205 2704 -477 -1291 1143 , 1319 -2704 2205 477 -1561 914 , -342 696 1660 -415 -2153 2884 , 574 343 -343 0 -2906 -3249 , 2.8343253907645583e-06 , 13
0.652798963735495 , 2172 -114 -2330 544 -2860 -2255 , 2944 -728 728 0 973 1701 , -1660 -696 342 1224 -2849 -73 , 3043 385 -385 0 1933 1548 , 1628 2330 114 -544 75 -2746 , -2205 2704 -1319 -1291 1143 -842 , -914 1319 -2704 1291 477 -1561 , -2884 -342 696 -1224 -415 -2153 , 574 343 -343 0 -2906 -3249 , 2.8343253907645583e-06 , 14
0.652798963735495 , 2172 -114 -2330 544 -2860 -2255 , 2944 -728 728 0 973 1701 , -2849 -73 1660 -2153 -415 -1224 , 3043 385 -385 0 1933 1548 , 1628 2330 114 -544 75 -2746 , 1143 -842 2205 -1561 477 1291 , 2704 -2205 842 1561 -914 1319 , -696 -1660 73 2153 -2884 -342 , 574 343 -343 0 -2906 -3249 , 2.8343253907645583e-06 , 15
0.652798963735495 , 2172 -114 -2330 544 -2860 -2255 , 2944 -728 728 0 973 1701 , 2849 73 -1660 2153 415 1224 , 3043 385 -385 0 1933 1548 , 1628 2330 114 -544 75 -2746 , -1143 842 -2205 1561 -477 -1291 , -2704 2205 -842 -1561 914 -1319 , 696 1660 -73 -2153 2884 342 , 574 343 -343 0 -2906 -3249 , 2.8343253907645583e-06 , 16
0.652798963735495 , 2172 -114 -2330 544 -2860 -2255 , 2944 -728 728 0 973 1701 , 1660 696 -342 -1224 2849 73 , 3043 385 -385 0 1933 1548 , 1628 2330 114 -544 75 -2746 , 2205 -2704 1319 1291 -1143 842 , 914 -1319 2704 -1291 -477 1561 , 2884 342 -696 1224 415 2153 , 574 343 -343 0 -2906 -3249 , 2.8343253907645583e-06 , 17
0.652798963735495 , 2172 -114 -2330 544 -2860 -2255 , 2944 -728 728 0 973 1701 , -73 1660 696 -415 -1224 2849 , 3043 385 -385 0 1933 1548 , 1628 2330 114 -544 75 -2746 , -842 2205 -2704 477 1291 -1143 , -1319 2704 -2205 -477 1561 -914 , 342 -696 -1660 415 2153 -2884 , 574 343 -343 0 -2906 -3249 , 2.8343253907645583e-06 , 18
0.652798963735495 , 2172 -114 -2330 544 -2860 -2255 , 2944 -728 728 0 973 1701 , 2153 415 1224 -696 342 2884 , 3043 385 -385 0 1933 1548 , 1628 2330 114 -544 75 -2746 , 1561 -477 -1291 2704 -1319 914 , -1143 1291 477 -2704 2205 -842 , 2849 -1224 -415 696 1660 -73 , 574 343 -343 0 -2906 -3249 , 2.8343253907645583e-06 , 19
0.652798963735495 , 2172 -114 -2330 544 -2860 -2255 , 3043 385 -385 0 1933 1548 , -842 1143 -1291 -1319 2704 -2205 , 2944 -728 728 0 973 1701 , 1628 2330 114 -544 75 -2746 , -73 -2849 1224 342 -696 -1660 , -415 -1224 2849 -342 -2884 2153 , 477 1291 -1143 1319 -914 1561 , 574 343 -343 0 -2906 -3249 , 2.8343253907645583e-06 , 20
0.652798963735495 , 2172 -114 -2330 544 -2860 -2255 , 3043 385 -385 0 1933 1548 , -477 1561 -914 842 -1143 1291 , 2944 -728 728 0 973 1701 , 1628 2330 114 -544 75 -2746 , 415 2153 -2884 73 2849 -1224 , 342 2884 -2153 -73 1660 696 , -1319 914 -1561 -842 2205 -2704 , 574 343 -343 0 -2906 -3249 , 2.8343253907645583e-06 , 21
0.652798963735495 , 2172 -114 -2330 544 -2860 -2255 , 3043 385 -385 0 1933 1548 , -2704 2205 -842 -1561 914 -1319 , 2944 -728 728 0 973 1701 , 1628 2330 114 -544 75 -2746 , 696 1660 -73 -2153 2884 342 , 2849 73 -1660 2153 415 1224 , -1143 842 -2205 1561 -477 -1291 , 574 343 -343 0 -2906 -3249 , 2.8343253907645583e-06 , 22
0.652798963735495 , 2172 -114 -2330 544 -2860 -2255 , 3043 385 -385 0 1933 1548 , 2704 -2205 842 1561 -914 1319 , 2944 -728 728 0 973 1701 , 1628 2330 114 -544 75 -2746 , -696 -1660 73 2153 -2884 -342 , -2849 -73 1660 -2153 -415 -1224 , 1143 -842 2205 -1561 477 1291 , 574 343 -343 0 -2906 -3249 , 2.8343253907645583e-06 , 23
0.652798963735495 , 2172 -114 -2330 544 -2860 -2255 , 3043 385 -385 0 1933 1548 , 477 -1561 914 -842 1143 -1291 , 2944 -728 728 0 973 1701 , 1628 2330 114 -544 75 -2746 , -415 -2153 2884 -73 -2849 1224 , -342 -2884 2153 73 -1660 -696 , 1319 -914 1561 842 -2205 2704 , 574 343 -343 0 -2906 -3249 , 2.8343253907645583e-06 , 24
0.652798963735495 , 2172 -114 -2330 544 -2860 -2255 , 3043 385 -385 0 1933 1548 , 842 -1143 1291 1319 -2704 2205 , 2944 -728 728 0 973 1701 , 1628 2330 114 -544 75 -2746 , 73 2849 -1224 -342 696 1660 , 415 1224 -2849 342 2884 -2153 , -477 -1291 1143 -1319 914 -1561 , 574 343 -343 0 -2906 -3249 , 2.8343253907645583e-06 , 25
0.652798963735495 , 2172 -114 -2330 544 -2860 -2255 , 2944 -728 728 0 973 1701 , 696 -342 -2884 2849 73 -1660 , 3043 385 -385 0 1933 1548 , 1628 2330 114 -544 75 -2746 , -2704 1319 -914 -1143 842 -2205 , -1561 914 -1319 1143 -1291 -477 , -2153 2884 342 -2849 1224 415 , 574 343 -343 0 -2906 -3249 , 2.8343253907797774e-06 , 26
0.652798963735495 , 2172 -114 -2330 544 -2860 -2255 , 2944 -728 728 0 973 1701 , -696 342 2884 -2849 -73 1660 , 3043 385 -385 0 1933 1548 , 1628 2330 114 -544 75 -2746 , 2704 -1319 914 1143 -842 2205 , 1561 -914 1319 -1143 1291 477 , 2153 -2884 -342 2849 -1224 -415 , 574 343 -343 0 -2906 -3249 , 2.8343253907797774e-06 , 27
0.652798963735495 , 2172 -114 -2330 544 -2860 -2255 , 2944 -728 728 0 973 1701 , -415 -1224 2849 -342 -2884 2153 , 3043 385 -385 0 1933 1548 , 1628 2330 114 -544 75 -2746 , 477 1291 -1143 1319 -914 1561 , -842 1143 -1291 -1319 2704 -2205 , -73 -2849 1224 342 -696 -1660 , 574 343 -343 0 -2906 -3249 , 2.8343253907797778e-06 , 28
0.652798963735495 , 2172 -114 -2330 544 -2860 -2255 , 2944 -728 728 0 973 1701 , 415 1224 -2849 342 2884 -2153 , 3043 385 -385 0 1933 1548 , 1628 2330 114 -544 75 -2746 , -477 -1291 1143 -1319 914 -1561 , 842 -1143 1291 1319 -2704 2205 , 73 2849 -1224 -342 696 1660 , 574 343 -343 0 -2906 -3249 , 2.8343253907797778e-06 , 29
0.652798963735495 , 2172 -114 -2330 544 -2860 -2255 , 2944 -728 728 0 973 1701 , -2884 2153 415 -1660 -696 342 , 3043 385 -385 0 1933 1548 , 1628 2330 114 -544 75 -2746 , -914 1561 -477 -2205 2704 -1319 , 1291 477 -1561 2205 -842 1143 , -1224 -415 -2153 1660 -73 -2849 , 574 343 -343 0 -2906 -3249 , 2.8343253907949969e-06 , 30
0.652798963735495 , 2172 -114 -2330 544 -2860 -2255 , 2944 -728 728 0 973 1701 , 2884 -2153 -415 1660 696 -342 , 3043 385 -385 0 1933 1548 , 1628 2330 114 -544 75 -2746 , 914 -1561 477 2205 -2704 1319 , -1291 -477 1561 -2205 842 -1143 , 1224 415 2153 -1660 73 2849 , 574 343 -343 0 -2906 -3249 , 2.8343253907949969e-06 , 31
0.652798963735495 , 2172 -114 -2330 544 -2860 -2255 , 3043 385 -385 0 1933 1548 , -2205 842 -1143 -914 1319 -2704 , 2944 -728 728 0 973 1701 , 1628 2330 114 -544 75 -2746 , -1660 73 2849 -2884 -342 696 , 1224 -2849 -73 2884 -2153 -415 , -1291 1143 -842 914 -1561 477 , 574 343 -343 0 -2906 -3249 , 2.8343253907949973e-06 , 32
0.652798963735495 , 2172 -114 -2330 544 -2860 -2255 , 3043 385 -385 0 1933 1548 , 2205 -842 1143 914 -1319 2704 , 2944 -728 728 0 973 1701 , 1628 2330 114 -544 75 -2746 , 1660 -73 -2849 2884 342 -696 , -1224 2849 73 -2884 2153 415 , 1291 -1143 842 -914 1561 -477 , 574 343 -343 0 -2906 -3249 , 2.8343253907949973e-06 , 33
0.652798963735495 , 2172 -114 -2330 544 -2860 -2255 , 3043 385 -385 0 1933 1548 , -1319 2704 -2205 -477 1561 -914 , 2944 -728 728 0 973 1701 , 1628 2330 114 -544 75 -2746 , 342 -696 -1660 415 2153 -2884 , -73 1660 696 -415 -1224 2849 , -842 2205 -2704 477 1291 -1143 , 574 343 -343 0 -2906 -3249 , 2.8343253908254363e-06 , 34
0.652798963735495 , 2172 -114 -2330 544 -2860 -2255 , 3043 385 -385 0 1933 1548 , 1319 -2704 2205 477 -1561 914 , 2944 -728 728 0 973 1701 , 1628 2330 114 -544 75 -2746 , -342 696 1660 -415 -2153 2884 , 73 -1660 -696 415 1224 -2849 , 842 -2205 2704 -477 -1291 1143 , 574 343 -343 0 -2906 -3249 , 2.8343253908254363e-06 , 35
0.7539203545054091 , 2578 -1142 -1396 52 -2996 -1969 , 2171 147 -147 0 1275 1128 , -2216 -1187 2675 -2557 -234 -1237 , 3816 -490 490 0 1631 2121 , 2526 1396 1142 -52 -573 -1854 , 639 33 796 312 -1228 1916 , 327 -796 -33 -312 1120 -1261 , 341 -2675 1187 2557 -3912 953 , 574 343 -343 0 -2906 -3249 , 2.7870620223293747e-06 , 0
0.7539203545054091 , 2578 -1142 -1396 52 -2996 -1969 , 2171 147 -147 0 1275 1128 , 2216 1187 -2675 2557 234 1237 , 3816 -490 490 0 1631 2121 , 2526 1396 1142 -52 -573 -1854 , -639 -33 -796 -312 1228 -1916 , -327 796 33 312 -1120 1261 , -341 2675 -1187 -2557 3912 -953 , 574 343 -343 0 -2906 -3249 , 2.7870620223293747e-06 , 1
0.7539203545054091 , 2578 -1142 -1396 52 -2996 -1969 , 3816 -490 490 0 1631 2121 , -1228 312 -1120 33 639 -1916 , 2171 147 -147 0 1275 1128 , 2526 1396 1142 -52 -573 -1854 , -234 -2557 3912 -1187 -2216 1237 , 953 -3912 2557 1187 -2675 341 , -1261 1120 -312 -33 -796 327 , 574 343 -343 0 -2906 -3249 , 2.7870620223347377e-06 , 2
0.7539203545054091 , 2578 -1142 -1396 52 -2996 -1969 , 3816 -490 490 0 1631 2121 , 1228 -312 1120 -33 -639 1916 , 2171 147 -147 0 1275 1128 , 2526 1396 1142 -52 -573 -1854 , 234 2557 -3912 1187 2216 -1237 , -953 3912 -2557 -1187 2675 -341 , 1261 -1120 312 33 796 -327 , 574 343 -343 0 -2906 -3249 , 2.7870620223347377e-06 , 3
0.7539203545054091 , 2578 -1142 -1396 52 -2996 -1969 , 3816 -490 490 0 1631 2121 , -327 796 33 312 -1120 1261 , 2171 147 -147 0 1275 1128 , 2526 1396 1142 -52 -573 -1854 , -341 2675 -1187 -2557 3912 -953 , 2216 1187 -2675 2557 234 1237 , -639 -33 -796 -312 1228 -1916 , 574 343 -343 0 -2906 -3249 , 2.7870620223401003e-06 , 4
0.7539203545054091 , 2578 -1142 -1396 52 -2996 -1969 , 3816 -490 490 0 1631 2121 , -1120 1261 327 -1916 1228 -312 , 2171 147 -147 0 1275 1128 , 2526 1396 1142 -52 -573 -1854 , 3912 -953 341 1237 234 2557 , 2675 -341 953 -1237 2216 1187 , 796 -327 -1261 1916 -639 -33 , 574 343 -343 0 -2906 -3249 , 2.7870620223401003e-06 , 5
0.7539203545054091 , 2578 -1142 -1396 52 -2996 -1969 , 3816 -490 490 0 1631 2121 , 1120 -1261 -327 1916 -1228 312 , 2171 147 -147 0 1275 1128 , 2526 1396 1142 -52 -573 -1854 , -3912 953 -341 -1237 -234 -2557 , -2675 341 -953 1237 -2216 -1187 , -796 327 1261 -1916 639 33 , 574 343 -343 0 -2906 -3249 , 2.7870620223401003e-06 , 6
0.7539203545054091 , 2578 -1142 -1396 52 -2996 -1969 , 3816 -490 490 0 1631 2121 , 327 -796 -33 -312 1120 -1261 , 2171 147 -147 0 1275 1128 , 2526 1396 1142 -52 -573 -1854 , 341 -2675 1187 2557 -3912 953 , -2216 -1187 2675 -2557 -234 -1237 , 639 33 796 312 -1228 1916 , 574 343 -343 0 -2906 -3249 , 2.7870620223401003e-06 , 7
0.7539203545054091 , 2578 -1142 -1396 52 -2996 -1969 , 3816 -490 490 0 1631 2121 , 796 33 639 -1120 1261 327 , 2171 147 -147 0 1275 1128 , 2526 1396 1142 -52 -573 -1854 , 2675 -1187 -2216 3912 -953 341 , -1237 2216 1187 -3912 2557 234 , 1916 -639 -33 1120 -312 1228 , 574 343 -343 0 -2906 -3249 , 2.7870620223454629e-06 , 8
0.7539203545054091 , 2578 -1142 -1396 52 -2996 -1969 , 3816 -490 490 0 1631 2121 , 312 -1120 1261 639 -1916 1228 , 2171 147 -147 0 1275 1128 , 2526 1396 1142 -52 -573 -1854 , -2557 3912 -953 -2216 1237 234 , -341 953 -3912 2216 1187 -2675 , -327 -1261 1120 -639 -33 -796 , 574 343 -343 0 -2906 -3249 , 2.7870620223454629e-06 , 9
0.7539203545054091 , 2578 -1142 -1396 52 -2996 -1969 , 3816 -490 490 0 1631 2121 , 1916 -1228 312 796 33 639 , 2171 147 -147 0 1275 1128 , 2526 1396 1142 -52 -573 -1854 , -1237 -234 -2557 2675 -1187 -2216 , -3912 2557 234 -2675 341 -953 , 1120 -312 1228 -796 327 1261 , 574 343 -343 0 -2906 -3249 , 2.7870620223454629e-06 , 10
0.7539203545054091 , 2578 -1142 -1396 52 -2996 -1969 , 3816 -490 490 0 1631 2121 , -1916 1228 -312 -796 -33 -639 , 2171 147 -147 0 1275 1128 , 2526 1396 1142 -52 -573 -1854 , 1237 234 2557 -2675 1187 2216 , 3912 -2557 -234 2675 -341 953 , -1120 312 -1228 796 -327 -1261 , 574 343 -343 0 -2906 -3249 , 2.7870620223454629e-06 , 11
0.7539203545054091 , 2578 -1142 -1396 52 -2996 -1969 , 3816 -490 490 0 1631 2121 , -312 1120 -1261 -639 1916 -1228 , 2171 147 -147 0 1275 1128 , 2526 1396 1142 -52 -573 -1854 , 2557 -3912 953 2216 -1237 -234 , 341 -953 3912 -2216 -1187 2675 , 327 1261 -1120 639 33 796 , 574 343 -343 0 -2906 -3249 , 2.7870620223454629e-06 , 12
0.7539203545054091 , 2578 -1142 -1396 52 -2996 -1969 , 3816 -490 490 0 1631 2121 , -796 -33 -639 1120 -1261 -327 , 2171 147 -147 0 1275 1128 , 2526 1396 1142 -52 -573 -1854 , -2675 1187 2216 -3912 953 -341 , 1237 -2216 -1187 3912 -2557 -234 , -1916 639 33 -1120 312 -1228 , 574 343 -343 0 -2906 -3249 , 2.7870620223454629e-06 , 13
0.7539203545054091 , 2578 -1142 -1396 52 -2996 -1969 , 2171 147 -147 0 1275 1128 , -953 3912 -2557 -1187 2675 -341 , 3816 -490 490 0 1631 2121 , 2526 1396 1142 -52 -573 -1854 , 1261 -1120 312 33 796 -327 , 1228 -312 1120 -33 -639 1916 , 234 2557 -3912 1187 2216 -1237 , 574 343 -343 0 -2906 -3249 , 2.7870620223454629e-06 , 14
0.7539203545054091 , 2578 -1142 -1396 52 -2996 -1969 , 2171 147 -147 0 1275 1128 , 953 -3912 2557 1187 -2675 341 , 3816 -490 490 0 1631 2121 , 2526 1396 1142 -52 -573 -1854 , -1261 1120 -312 -33 -796 327 , -1228 312 -1120 33 639 -1916 , -234 -2557 3912 -1187 -2216 1237 , 574 343 -343 0 -2906 -3249 , 2.7870620223454629e-06 , 15
0.7539203545054091 , 2578 -1142 -1396 52 -2996 -1969 , 2171 147 -147 0 1275 1128 , -1237 2216 1187 -3912 2557 234 , 3816 -490 490 0 1631 2121 , 2526 1396 1142 -52 -573 -1854 , 1916 -639 -33 1120 -312 1228 , 796 33 639 -1120 1261 327 , 2675 -1187 -2216 3912 -953 341 , 574 343 -343 0 -2906 -3249 , 2.7870620223454633e-06 , 16
0.7539203545054091 , 2578 -1142 -1396 52 -2996 -1969 , 2171 147 -147 0 1275 1128 , 1237 -2216 -1187 3912 -2557 -234 , 3816 -490 490 0 1631 2121 , 2526 1396 1142 -52 -573 -1854 , -1916 639 33 -1120 312 -1228 , -796 -33 -639 1120 -1261 -327 , -2675 1187 2216 -3912 953 -341 , 574 343 -343 0 -2906 -3249 , 2.7870620223454633e-06 , 17
0.7539203545054091 , 2578 -1142 -1396 52 -2996 -1969 , 3816 -490 490 0 1631 2121 , -1261 -327 796 -1228 312 -1120 , 2171 147 -147 0 1275 1128 , 2526 1396 1142 -52 -573 -1854 , 953 -341 2675 -234 -2557 3912 , 1187 -2675 341 234 1237 -2216 , -33 -796 327 1228 -1916 639 , 574 343 -343 0 -2906 -3249 , 2.7870620223508259e-06 , 18
0.7539203545054091 , 2578 -1142 -1396 52 -2996 -1969 , 3816 -490 490 0 1631 2121 , 1261 327 -796 1228 -312 1120 , 2171 147 -147 0 1275 1128 , 2526 1396 1142 -52 -573 -1854 , -953 341 -2675 234 2557 -3912 , -1187 2675 -341 -234 -1237 2216 , 33 796 -327 -1228 1916 -639 , 574 343 -343 0 -2906 -3249 , 2.7870620223508259e-06 , 19
0.7539203545054091 , 2578 -1142 -1396 52 -2996 -1969 , 2171 147 -147 0 1275 1128 , -3912 2557 234 -2675 341 -953 , 3816 -490 490 0 1631 2121 , 2526 1396 1142 -52 -573 -1854 , 1120 -312 1228 -796 327 1261 , 1916 -1228 312 796 33 639 , -1237 -234 -2557 2675 -1187 -2216 , 574 343 -343 0 -2906 -3249 , 2.7870620223508259e-06 , 20
0.7539203545054091 , 2578 -1142 -1396 52 -2996 -1969 , 2171 147 -147 0 1275 1128 , 3912 -2557 -234 2675 -341 953 , 3816 -490 490 0 1631 2121 , 2526 1396 1142 -52 -573 -1854 , -1120 312 -1228 796 -327 -1261 , -1916 1228 -312 -796 -33 -639 , 1237 234 2557 -2675 1187 2216 , 574 343 -343 0 -2906 -3249 , 2.7870620223508259e-06 , 21
0.7539203545054091 , 2578 -1142 -1396 52 -2996 -1969 , 2171 147 -147 0 1275 1128 , -2675 341 -953 1237 -2216 -1187 , 3816 -490 490 0 1631 2121 , 2526 1396 1142 -52 -573 -1854 , -796 327 1261 -1916 639 33 , 1120 -1261 -327 1916 -1228 312 , -3912 953 -341 -1237 -234 -2557 , 574 343 -343 0 -2906 -3249 , 2.7870620223508263e-06 , 22
0.7539203545054091 , 2578 -1142 -1396 52 -2996 -1969 , 2171 147 -147 0 1275 1128 , 2675 -341 953 -1237 2216 1187 , 3816 -490 490 0 1631 2121 , 2526 1396 1142 -52 -573 -1854 , 796 -327 -1261 1916 -639 -33 , -1120 1261 327 -1916 1228 -312 , 3912 -953 341 1237 234 2557 , 574 343 -343 0 -2906 -3249 , 2.7870620223508263e-06 , 23
0.7539203545054091 , 2578 -1142 -1396 52 -2996 -1969 , 3816 -490 490 0 1631 2121 , 33 639 -1916 1261 327 -796 , 2171 147 -147 0 1275 1128 , 2526 1396 1142 -52 -573 -1854 , -1187 -2216 1237 -953 341 -2675 , -234 -1237 2216 953 -3912 2557 , -1228 1916 -639 -1261 1120 -312 , 574 343 -343 0 -2906 -3249 , 2.7870620223561884e-06 , 24
0.7539203545054091 , 2578 -1142 -1396 52 -2996 -1969 , 3816 -490 490 0 1631 2121 , -639 1916 -1228 -327 796 33 , 2171 147 -147 0 1275 1128 , 2526 1396 1142 -52 -573 -1854 , 2216 -1237 -234 -341 2675 -1187 , 2557 234 1237 341 -953 3912 , -312 1228 -1916 327 1261 -1120 , 574 343 -343 0 -2906 -3249 , 2.7870620223561884e-06 , 25
0.7539203545054091 , 2578 -1142 -1396 52 -2996 -1969 , 3816 -490 490 0 1631 2121 , 639 -1916 1228 327 -796 -33 , 2171 147 -147 0 1275 1128 , 2526 1396 1142 -52 -573 -1854 , -2216 1237 234 341 -2675 1187 , -2557 -234 -1237 -341 953 -3912 , 312 -1228 1916 -327 -1261 1120 , 574 343 -343 0 -2906 -3249 , 2.7870620223561884e-06 , 26
0.7539203545054091 , 2578 -1142 -1396 52 -2996 -1969 , 3816 -490 490 0 1631 2121 , -33 -639 1916 -1261 -327 796 , 2171 147 -147 0 1275 1128 , 2526 1396 1142 -52 -573 -1854 , 1187 2216 -1237 953 -341 2675 , 234 1237 -2216 -953 3912 -2557 , 1228 -1916 639 1261 -1120 312 , 574 343 -343 0 -2906 -3249 , 2.7870620223561884e-06 , 27
0.7539203545054091 , 2578 -1142 -1396 52 -2996 -1969 , 2171 147 -147 0 1275 1128 , 341 -953 3912 -2216 -1187 2675 , 3816 -490 490 0 1631 2121 , 2526 1396 1142 -52 -573 -1854 , 327 1261 -1120 639 33 796 , -312 1120 -1261 -639 1916 -1228 , 2557 -3912 953 2216 -1237 -234 , 574 343 -343 0 -2906 -3249 , 2.7870620223561884e-06 , 28
0.7539203545054091 , 2578 -1142 -1396 52 -2996 -1969 , 2171 147 -147 0 1275 1128 , -341 953 -3912 2216 1187 -2675 , 3816 -490 490 0 1631 2121 , 2526 1396 1142 -52 -573 -1854 , -327 -1261 1120 -639 -33 -796 , 312 -1120 1261 639 -1916 1228 , -2557 3912 -953 -2216 1237 234 , 574 343 -343 0 -2906 -3249 , 2.7870620223561884e-06 , 29
0.7539203545054091 , 2578 -1142 -1396 52 -2996 -1969 , 2171 147 -147 0 1275 1128 , 1187 -2675 341 234 1237 -2216 , 3816 -490 490 0 1631 2121 , 2526 1396 1142 -52 -573 -1854 , -33 -796 327 1228 -1916 639 , -1261 -327 796 -1228 312 -1120 , 953 -341 2675 -234 -2557 3912 , 574 343 -343 0 -2906 -3249 , 2.787062022361551e-06 , 30
0.7539203545054091 , 2578 -1142 -1396 52 -2996 -1969 , 2171 147 -147 0 1275 1128 , -1187 2675 -341 -234 -1237 2216 , 3816 -490 490 0 1631 2121 , 2526 1396 1142 -52 -573 -1854 , 33 796 -327 -1228 1916 -639 , 1261 327 -796 1228 -312 1120 , -953 341 -2675 234 2557 -3912 , 574 343 -343 0 -2906 -3249 , 2.787062022361551e-06 , 31
0.7539203545054091 , 2578 -1142 -1396 52 -2996 -1969 , 2171 147 -147 0 1275 1128 , 234 1237 -2216 -953 3912 -2557 , 3816 -490 490 0 1631 2121 , 2526 1396 1142 -52 -573 -1854 , 1228 -1916 639 1261 -1120 312 , -33 -639 1916 -1261 -327 796 , 1187 2216 -1237 953 -341 2675 , 574 343 -343 0 -2906 -3249 , 2.7870620223669144e-06 , 32
0.7539203545054091 , 2578 -1142 -1396 52 -2996 -1969 , 2171 147 -147 0 1275 1128 , -234 -1237 2216 953 -3912 2557 , 3816 -490 490 0 1631 2121 , 2526 1396 1142 -52 -573 -1854 , -1228 1916 -639 -1261 1120 -312 , 33 639 -1916 1261 327 -796 , -1187 -2216 1237 -953 341 -2675 , 574 343 -343 0 -2906 -3249 , 2.7870620223669144e-06 , 33
0.7539203545054091 , 2578 -1142 -1396 52 -2996 -1969 , 2171 147 -147 0 1275 1128 , 2557 234 1237 341 -953 3912 , 3816 -490 490 0 1631 2121 , 2526 1396 1142 -52 -573 -1854 , -312 1228 -1916 327 1261 -1120 , -639 1916 -1228 -327 796 33 , 2216 -1237 -234 -341 2675 -1187 , 574 343 -343 0 -2906 -3249 , 2.7870620223883651e-06 , 34
0.7539203545054091 , 2578 -1142 -1396 52 -2996 -1969 , 2171 147 -147 0 1275 1128 , -2557 -234 -1237 -341 953 -3912 , 3816 -490 490 0 1631 2121 , 2526 1396 1142 -52 -573 -1854 , 312 -1228 1916 -327 -1261 1120 , 639 -1916 1228 327 -796 -33 , -2216 1237 234 341 -2675 1187 , 574 343 -343 0 -2906 -3249 , 2.7870620223883651e-06 , 35
0.8608658022059216 , 1875 -1173 -246 -1420 -3046 -1550 , 2678 -114 114 0 1332 1446 , -3037 2797 -232 -1890 104 -93 , 3309 -229 229 0 1574 1803 , 3295 246 1173 1420 -1304 -1873 , 310 -1903 2601 -274 -1907 1312 , 584 -2601 1903 274 -1289 -4 , -1147 232 -2797 1890 139 -2693 , 574 343 -343 0 -2906 -3249 , 2.784941913519233e-06 , 0
0.8608658022059216 , 1875 -1173 -246 -1420 -3046 -1550 , 2678 -114 114 0 1332 1446 , 3037 -2797 232 1890 -104 93 , 3309 -229 229 0 1574 1803 , 3295 246 1173 1420 -1304 -1873 , -310 1903 -2601 274 1907 -1312 , -584 2601 -1903 -274 1289 4 , 1147 -232 2797 -1890 -139 2693 , 574 343 -343 0 -2906 -3249 , 2.784941913519233e-06 , 1
0.8608658022059216 , 1875 -1173 -246 -1420 -3046 -1550 , 3309 -229 229 0 1574 1803 , 2601 -1903 310 1289 4 584 , 2678 -114 114 0 1332 1446 , 3295 246 1173 1420 -1304 -1873 , -232 2797 -3037 -139 2693 -1147 , -93 3037 -2797 139 1890 -104 , 1312 -310 1903 -1289 274 1907 , 574 343 -343 0 -2906 -3249 , 2.7849419135324522e-06 , 2
0.8608658022059216 , 1875 -1173 -246 -1420 -3046 -1550 , 3309 -229 229 0 1574 1803 , -2601 1903 -310 -1289 -4 -584 , 2678 -114 114 0 1332 1446 , 3295 246 1173 1420 -1304 -1873 , 232 -2797 3037 139 -2693 1147 , 93 -3037 2797 -139 -1890 104 , -1312 310 -1903 1289 -274 -1907 , 574 343 -343 0 -2906 -3249 , 2.7849419135324522e-06 , 3
0.8608658022059216 , 1875 -1173 -246 -1420 -3046 -1550 , 2678 -114 114 0 1332 1446 , 139 1890 -104 232 -1147 2693 , 3309 -229 229 0 1574 1803 , 3295 246 1173 1420 -1304 -1873 , -1289 274 1907 -2601 584 4 , 1312 -1907 -274 2601 -1903 310 , -93 104 -1890 -232 2797 -3037 , 574 343 -343 0 -2906 -3249 , 2.7849419135324522e-06 , 4
0.8608658022059216 , 1875 -1173 -246 -1420 -3046 -1550 , 2678 -114 114 0 1332 1446 , -139 -1890 104 -232 1147 -2693 , 3309 -229 229 0 1574 1803 , 3295 246 1173 1420 -1304 -1873 , 1289 -274 -1907 2601 -584 -4 , -1312 1907 274 -2601 1903 -310 , 93 -104 1890 232 -2797 3037 , 574 343 -343 0 -2906 -3249 , 2.7849419135324522e-06 , 5
0.8608658022059216 , 1875 -1173 -246 -1420 -3046 -1550 , 3309 -229 229 0 1574 1803 , -4 -584 2601 -1907 -274 1289 , 2678 -114 114 0 1332 1446 , 3295 246 1173 1420 -1304 -1873 , -2693 1147 -232 104 -1890 -139 , -2797 232 -1147 -104 93 -3037 , 1903 -2601 584 1907 -1312 310 , 574 343 -343 0 -2906 -3249 , 2.7849419135412648e-06 , 6
0.8608658022059216 , 1875 -1173 -246 -1420 -3046 -1550 , 3309 -229 229 0 1574 1803 , 4 584 -2601 1907 274 -1289 , 2678 -114 114 0 1332 1446 , 3295 246 1173 1420 -1304 -1873 , 2693 -1147 232 -104 1890 139 , 2797 -232 1147 104 -93 3037 , -1903 2601 -584 -1907 1312 -310 , 574 343 -343 0 -2906 -3249 , 2.7849419135412648e-06 , 7
0.8608658022059216 , 1875 -1173 -246 -1420 -3046 -1550 , 2678 -114 114 0 1332 1446 , -2797 232 -1147 -104 93 -3037 , 3309 -229 229 0 1574 1803 , 3295 246 1173 1420 -1304 -1873 , 1903 -2601 584 1907 -1312 310 , -4 -584 2601 -1907 -274 1289 , -2693 1147 -232 104 -1890 -139 , 574 343 -343 0 -2906 -3249 , 2.784941913545671e-06 , 8
0.8608658022059216 , 1875 -1173 -246 -1420 -3046 -1550 , 2678 -114 114 0 1332 1446 , 2797 -232 1147 104 -93 3037 , 3309 -229 229 0 1574 1803 , 3295 246 1173 1420 -1304 -1873 , -1903 2601 -584 -1907 1312 -310 , 4 584 -2601 1907 274 -1289 , 2693 -1147 232 -104 1890 139 , 574 343 -343 0 -2906 -3249 , 2.784941913545671e-06 , 9
0.8608658022059216 , 1875 -1173 -246 -1420 -3046 -1550 , 3309 -229 229 0 1574 1803 , -584 2601 -1903 -274 1289 4 , 2678 -114 114 0 1332 1446 , 3295 246 1173 1420 -1304 -1873 , 1147 -232 2797 -1890 -139 2693 , 3037 -2797 232 1890 -104 93 , -310 1903 -2601 274 1907 -1312 , 574 343 -343 0 -2906 -3249 , 2.7849419135500773e-06 , 10
0.8608658022059216 , 1875 -1173 -246 -1420 -3046 -1550 , 3309 -229 229 0 1574 1803 , -1903 310 -1312 4 584 -2601 , 2678 -114 114 0 1332 1446 , 3295 246 1173 1420 -1304 -1873 , 2797 -3037 93 2693 -1147 232 , 104 -93 3037 -2693 139 1890 , -1907 1312 -310 -4 -1289 274 , 574 343 -343 0 -2906 -3249 , 2.7849419135500773e-06 , 11
0.8608658022059216 , 1875 -1173 -246 -1420 -3046 -1550 , 3309 -229 229 0 1574 1803 , 1903 -310 1312 -4 -584 2601 , 2678 -114 114 0 1332 1446 , 3295 246 1173 1420 -1304 -1873 , -2797 3037 -93 -2693 1147 -232 , -104 93 -3037 2693 -139 -1890 , 1907 -1312 310 4 1289 -274 , 574 343 -343 0 -2906 -3249 , 2.7849419135500773e-06 , 12
0.8608658022059216 , 1875 -1173 -246 -1420 -3046 -1550 , 3309 -229 229 0 1574 1803 , 584 -2601 1903 274 -1289 -4 , 2678 -114 114 0 1332 1446 , 3295 246 1173 1420 -1304 -1873 , -1147 232 -2797 1890 139 -2693 , -3037 2797 -232 -1890 104 -93 , 310 -1903 2601 -274 -1907 1312 , 574 343 -343 0 -2906 -3249 , 2.7849419135500773e-06 , 13
0.8608658022059216 , 1875 -1173 -246 -1420 -3046 -1550 , 2678 -114 114 0 1332 1446 , -104 93 -3037 2693 -139 -1890 , 3309 -229 229 0 1574 1803 , 3295 246 1173 1420 -1304 -1873 , 1907 -1312 310 4 1289 -274 , 1903 -310 1312 -4 -584 2601 , -2797 3037 -93 -2693 1147 -232 , 574 343 -343 0 -2906 -3249 , 2.7849419135500773e-06 , 14
0.8608658022059216 , 1875 -1173 -246 -1420 -3046 -1550 , 2678 -114 114 0 1332 1446 , 104 -93 3037 -2693 139 1890 , 3309 -229 229 0 1574 1803 , 3295 246 1173 1420 -1304 -1873 , -1907 1312 -310 -4 -1289 274 , -1903 310 -1312 4 584 -2601 , 2797 -3037 93 2693 -1147 232 , 574 343 -343 0 -2906 -3249 , 2.7849419135500773e-06 , 15
0.8608658022059216 , 1875 -1173 -246 -1420 -3046 -1550 , 2678 -114 114 0 1332 1446 , 232 -1147 2693 93 -3037 2797 , 3309 -229 229 0 1574 1803 , 3295 246 1173 1420 -1304 -1873 , -2601 584 4 -1312 310 -1903 , -1289 -4 -584 1312 -1907 -274 , 139 -2693 1147 -93 104 -1890 , 574 343 -343 0 -2906 -3249 , 2.7849419135588894e-06 , 16
0.8608658022059216 , 1875 -1173 -246 -1420 -3046 -1550 , 2678 -114 114 0 1332 1446 , -232 1147 -2693 -93 3037 -2797 , 3309 -229 229 0 1574 1803 , 3295 246 1173 1420 -1304 -1873 , 2601 -584 -4 1312 -310 1903 , 1289 4 584 -1312 1907 274 , -139 2693 -1147 93 -104 1890 , 574 343 -343 0 -2906 -3249 , 2.7849419135588894e-06 , 17
0.8608658022059216 , 1875 -1173 -246 -1420 -3046 -1550 , 3309 -229 229 0 1574 1803 , -1907 -274 1289 -1903 310 -1312 , 2678 -114 114 0 1332 1446 , 3295 246 1173 1420 -1304 -1873 , 104 -1890 -139 2797 -3037 93 , -2693 139 1890 -2797 232 -1147 , -4 -1289 274 1903 -2601 584 , 574 343 -343 0 -2906 -3249 , 2.7849419135588898e-06 , 18
0.8608658022059216 , 1875 -1173 -246 -1420 -3046 -1550 , 3309 -229 229 0 1574 1803 , -274 1289 4 310 -1312 1907 , 2678 -114 114 0 1332 1446 , 3295 246 1173 1420 -1304 -1873 , -1890 -139 2693 -3037 93 -104 , 1147 -2693 139 3037 -2797 232 , -584 -4 -1289 -310 1903 -2601 , 574 343 -343 0 -2906 -3249 , 2.7849419135588898e-06 , 19
0.8608658022059216 , 1875 -1173 -246 -1420 -3046 -1550 , 3309 -229 229 0 1574 1803 , -1289 -4 -584 1312 -1907 -274 , 2678 -114 114 0 1332 1446 , 3295 246 1173 1420 -1304 -1873 , 139 -2693 1147 -93 104 -1890 , 232 -1147 2693 93 -3037 2797 , -2601 584 4 -1312 310 -1903 , 574 343 -343 0 -2906 -3249 , 2.7849419135588898e-06 , 20
0.8608658022059216 , 1875 -1173 -246 -1420 -3046 -1550 , 3309 -229 229 0 1574 1803 , 1289 4 584 -1312 1907 274 , 2678 -114 114 0 1332 1446 , 3295 246 1173 1420 -1304 -1873 , -139 2693 -1147 93 -104 1890 , -232 1147 -2693 -93 3037 -2797 , 2601 -584 -4 1312 -310 1903 , 574 343 -343 0 -2906 -3249 , 2.7849419135588898e-06 , 21
0.8608658022059216 , 1875 -1173 -246 -1420 -3046 -1550 , 3309 -229 229 0 1574 1803 , 274 -1289 -4 -310 1312 -1907 , 2678 -114 114 0 1332 1446 , 3295 246 1173 1420 -1304 -1873 , 1890 139 -2693 3037 -93 104 , -1147 2693 -139 -3037 2797 -232 , 584 4 1289 310 -1903 2601 , 574 343 -343 0 -2906 -3249 , 2.7849419135588898e-06 , 22
0.8608658022059216 , 1875 -1173 -246 -1420 -3046 -1550 , 3309 -229 229 0 1574 1803 , 1907 274 -1289 1903 -310 1312 , 2678 -114 114 0 1332 1446 , 3295 246 1173 1420 -1304 -1873 , -104 1890 139 -2797 3037 -93 , 2693 -139 -1890 2797 -232 1147 , 4 1289 -274 -1903 2601 -584 , 574 343 -343 0 -2906 -3249 , 2.7849419135588898e-06 , 23
0.8608658022059216 , 1875 -1173 -246 -1420 -3046 -1550 , 2678 -114 114 0 1332 1446 , 93 -3037 2797 -139 -1890 104 , 3309 -229 229 0 1574 1803 , 3295 246 1173 1420 -1304 -1873 , -1312 310 -1903 1289 -274 -1907 , -2601 1903 -310 -1289 -4 -584 , 232 -2797 3037 139 -2693 1147 , 574 343 -343 0 -2906 -3249 , 2.7849419135588898e-06 , 24
0.8608658022059216 , 1875 -1173 -246 -1420 -3046 -1550 , 2678 -114 114 0 1332 1446 , -93 3037 -2797 139 1890 -104 , 3309 -229 229 0 1574 1803 , 3295 246 1173 1420 -1304 -1873 , 1312 -310 1903 -1289 274 1907 , 2601 -1903 310 1289 4 584 , -232 2797 -3037 -139 2693 -1147 , 574 343 -343 0 -2906 -3249 , 2.7849419135588898e-06 , 25
0.8608658022059216 , 1875 -1173 -246 -1420 -3046 -1550 , 3309 -229 229 0 1574 1803 , 1312 -1907 -274 2601 -1903 310 , 2678 -114 114 0 1332 1446 , 3295 246 1173 1420 -1304 -1873 , -93 104 -1890 -232 2797 -3037 , 139 1890 -104 232 -1147 2693 , -1289 274 1907 -2601 584 4 , 574 343 -343 0 -2906 -3249 , 2.7849419135632965e-06 , 26
0.8608658022059216 , 1875 -1173 -246 -1420 -3046 -1550 , 3309 -229 229 0 1574 1803 , -1312 1907 274 -2601 1903 -310 , 2678 -114 114 0 1332 1446 , 3295 246 1173 1420 -1304 -1873 , 93 -104 1890 232 -2797 3037 , -139 -1890 104 -232 1147 -2693 , 1289 -274 -1907 2601 -584 -4 , 574 343 -343 0 -2906 -3249 , 2.7849419135632965e-06 , 27
0.8608658022059216 , 1875 -1173 -246 -1420 -3046 -1550 , 2678 -114 114 0 1332 1446 , -1147 2693 -139 -3037 2797 -232 , 3309 -229 229 0 1574 1803 , 3295 246 1173 1420 -1304 -1873 , 584 4 1289 310 -1903 2601 , 274 -1289 -4 -310 1312 -1907 , 1890 139 -2693 3037 -93 104 , 574 343 -343 0 -2906 -3249 , 2.7849419135677023e-06 , 28
0.8608658022059216 , 1875 -1173 -246 -1420 -3046 -1550 , 2678 -114 114 0 1332 1446 , -2693 139 1890 -2797 232 -1147 , 3309 -229 229 0 1574 1803 , 3295 246 1173 1420 -1304 -1873 , -4 -1289 274 1903 -2601 584 , -1907 -274 1289 -1903 310 -1312 , 104 -1890 -139 2797 -3037 93 , 574 343 -343 0 -2906 -3249 , 2.7849419135677023e-06 , 29
0.8608658022059216 , 1875 -1173 -246 -1420 -3046 -1550 , 2678 -114 114 0 1332 1446 , 2693 -139 -1890 2797 -232 1147 , 3309 -229 229 0 1574 1803 , 3295 246 1173 1420 -1304 -1873 , 4 1289 -274 -1903 2601 -584 , 1907 274 -1289 1903 -310 1312 , -104 1890 139 -2797 3037 -93 , 574 343 -343 0 -2906 -3249 , 2.7849419135677023e-06 , 30
0.8608658022059216 , 1875 -1173 -246 -1420 -3046 -1550 , 2678 -114 114 0 1332 1446 , 1147 -2693 139 3037 -2797 232 , 3309 -229 229 0 1574 1803 , 3295 246 1173 1420 -1304 -1873 , -584 -4 -1289 -310 1903 -2601 , -274 1289 4 310 -1312 1907 , -1890 -139 2693 -3037 93 -104 , 574 343 -343 0 -2906 -3249 , 2.7849419135677023e-06 , 31
0.8608658022059216 , 1875 -1173 -246 -1420 -3046 -1550 , 3309 -229 229 0 1574 1803 , -310 1312 -1907 -584 2601 -1903 , 2678 -114 114 0 1332 1446 , 3295 246 1173 1420 -1304 -1873 , 3037 -93 104 1147 -232 2797 , 1890 -104 93 -1147 2693 -139 , 274 1907 -1312 584 4 1289 , 574 343 -343 0 -2906 -3249 , 2.7849419135721086e-06 , 32
0.8608658022059216 , 1875 -1173 -246 -1420 -3046 -1550 , 3309 -229 229 0 1574 1803 , 310 -1312 1907 584 -2601 1903 , 2678 -114 114 0 1332 1446 , 3295 246 1173 1420 -1304 -1873 , -3037 93 -104 -1147 232 -2797 , -1890 104 -93 1147 -2693 139 , -274 -1907 1312 -584 -4 -1289 , 574 343 -343 0 -2906 -3249 , 2.7849419135721086e-06 , 33
0.8608658022059216 , 1875 -1173 -246 -1420 -3046 -1550 , 2678 -114 114 0 1332 1446 , 1890 -104 93 -1147 2693 -139 , 3309 -229 229 0 1574 1803 , 3295 246 1173 1420 -1304 -1873 , 274 1907 -1312 584 4 1289 , -310 1312 -1907 -584 2601 -1903 , 3037 -93 104 1147 -232 2797 , 574 343 -343 0 -2906 -3249 , 2.7849419135721086e-06 , 34
0.8608658022059216 , 1875 -1173 -246 -1420 -3046 -1550 , 2678 -114 114 0 1332 1446 , -1890 104 -93 1147 -2693 139 , 3309 -229 229 0 1574 1803 , 3295 246 1173 1420 -1304 -1873 , -274 -1907 1312 -584 -4 -1289 , 310 -1312 1907 584 -2601 1903 , -3037 93 -104 -1147 232 -2797 , 574 343 -343 0 -2906 -3249 , 2.7849419135721086e-06 , 35
0.9731300740749259 , 1358 -945 -1260 -1272 -2699 -2354 , 4203 -853 853 0 1541 2394 , 635 554 -429 299 163 726 , 1784 510 -510 0 1365 855 , 2630 1260 945 1272 -1094 -1754 , 1154 993 517 -2708 3538 36 , 3862 -517 -993 2708 -481 2545 , 336 429 -554 -299 1155 -391 , 574 343 -343 0 -2906 -3249 , 2.9432649217389646e-06 , 0
0.9731300740749259 , 1358 -945 -1260 -1272 -2699 -2354 , 4203 -853 853 0 1541 2394 , -635 -554 429 -299 -163 -726 , 1784 510 -510 0 1365 855 , 2630 1260 945 1272 -1094 -1754 , -1154 -993 -517 2708 -3538 -36 , -3862 517 993 -2708 481 -2545 , -336 -429 554 299 -1155 391 , 574 343 -343 0 -2906 -3249 , 2.9432649217389646e-06 , 1
0.9731300740749259 , 1358 -945 -1260 -1272 -2699 -2354 , 4203 -853 853 0 1541 2394 , 299 163 726 -336 -391 1155 , 1784 510 -510 0 1365 855 , 2630 1260 945 1272 -1094 -1754 , -2708 3538 36 -3862 2545 -481 , 1154 -36 -3538 3862 -517 -993 , 635 -726 -163 336 429 -554 , 574 343 -343 0 -2906 -3249 , 2.9432649217389651e-06 , 2
0.9731300740749259 , 1358 -945 -1260 -1272 -2699 -2354 , 4203 -853 853 0 1541 2394 , -299 -163 -726 336 391 -1155 , 1784 510 -510 0 1365 855 , 2630 1260 945 1272 -1094 -1754 , 2708 -3538 -36 3862 -2545 481 , -1154 36 3538 -3862 517 993 , -635 726 163 -336 -429 554 , 574 343 -343 0 -2906 -3249 , 2.9432649217389651e-06 , 3
0.9731300740749259 , 1358 -945 -1260 -1272 -2699 -2354 , 1784 510 -510 0 1365 855 , -517 -993 -1154 -481 2545 -3862 , 4203 -853 853 0 1541 2394 , 2630 1260 945 1272 -1094 -1754 , 429 -554 -635 1155 -391 -336 , -726 635 554 -1155 299 163 , -36 1154 993 481 -2708 3538 , 574 343 -343 0 -2906 -3249 , 2.9432649217647051e-06 , 4
0.9731300740749259 , 1358 -945 -1260 -1272 -2699 -2354 , 1784 510 -510 0 1365 855 , 517 993 1154 481 -2545 3862 , 4203 -853 853 0 1541 2394 , 2630 1260 945 1272 -1094 -1754 , -429 554 635 -1155 391 336 , 726 -635 -554 1155 -299 -163 , 36 -1154 -993 -481 2708 -3538 , 574 343 -343 0 -2906 -3249 , 2.9432649217647051e-06 , 5
0.9731300740749259 , 1358 -945 -1260 -1272 -2699 -2354 , 1784 510 -510 0 1365 855 , -3538 2708 -481 -993 -1154 36 , 4203 -853 853 0 1541 2394 , 2630 1260 945 1272 -1094 -1754 , -163 -299 1155 -554 -635 726 , 391 -1155 299 554 -429 -336 , -2545 481 -2708 993 517 -3862 , 574 343 -343 0 -2906 -3249 , 2.943264921790446e-06 , 6
0.9731300740749259 , 1358 -945 -1260 -1272 -2699 -2354 , 1784 510 -510 0 1365 855 , -2545 3862 -517 -3538 2708 -481 , 4203 -853 853 0 1541 2394 , 2630 1260 945 1272 -1094 -1754 , 391 336 429 -163 -299 1155 , 554 -429 -336 163 726 -635 , 993 517 -3862 3538 36 -1154 , 574 343 -343 0 -2906 -3249 , 2.943264921790446e-06 , 7
0.9731300740749259 , 1358 -945 -1260 -1272 -2699 -2354 , 1784 510 -510 0 1365 855 , 2545 -3862 517 3538 -2708 481 , 4203 -853 853 0 1541 2394 , 2630 1260 945 1272 -1094 -1754 , -391 -336 -429 163 299 -1155 , -554 429 336 -163 -726 635 , -993 -517 3862 -3538 -36 1154 , 574 343 -343 0 -2906 -3249 , 2.943264921790446e-06 , 8
0.9731300740749259 , 1358 -945 -1260 -1272 -2699 -2354 , 1784 510 -510 0 1365 855 , 3538 -2708 481 993 1154 -36 , 4203 -853 853 0 1541 2394 , 2630 1260 945 1272 -1094 -1754 , 163 299 -1155 554 635 -726 , -391 1155 -299 -554 429 336 , 2545 -481 2708 -993 -517 3862 , 574 343 -343 0 -2906 -3249 , 2.943264921790446e-06 , 9
0.9731300740749259 , 1358 -945 -1260 -1272 -2699 -2354 , 4203 -853 853 0 1541 2394 , 554 -429 -336 163 726 -635 , 1784 510 -510 0 1365 855 , 2630 1260 945 1272 -1094 -1754 , 993 517 -3862 3538 36 -1154 , -2545 3862 -517 -3538 2708 -481 , 391 336 429 -163 -299 1155 , 574 343 -343 0 -2906 -3249 , 2.9432649217904465e-06 , 10
0.9731300740749259 , 1358 -945 -1260 -1272 -2699 -2354 , 4203 -853 853 0 1541 2394 , -554 429 336 -163 -726 635 , 1784 510 -510 0 1365 855 , 2630 1260 945 1272 -1094 -1754 , -993 -517 3862 -3538 -36 1154 , 2545 -3862 517 3538 -2708 481 , -391 -336 -429 163 299 -1155 , 574 343 -343 0 -2906 -3249 , 2.9432649217904465e-06 , 11
0.9731300740749259 , 1358 -945 -1260 -1272 -2699 -2354 , 1784 510 -510 0 1365 855 , 36 3538 -2708 517 993 1154 , 4203 -853 853 0 1541 2394 , 2630 1260 945 1272 -1094 -1754 , 726 163 299 -429 554 635 , 1155 -299 -163 429 336 391 , -481 2708 -3538 -517 3862 -2545 , 574 343 -343 0 -2906 -3249 , 2.9432649218161869e-06 , 12
0.9731300740749259 , 1358 -945 -1260 -1272 -2699 -2354 , 1784 510 -510 0 1365 855 , -36 -3538 2708 -517 -993 -1154 , 4203 -853 853 0 1541 2394 , 2630 1260 945 1272 -1094 -1754 , -726 -163 -299 429 -554 -635 , -1155 299 163 -429 -336 -391 , 481 -2708 3538 517 -3862 2545 , 574 343 -343 0 -2906 -3249 , 2.9432649218161869e-06 , 13
0.9731300740749259 , 1358 -945 -1260 -1272 -2699 -2354 , 4203 -853 853 0 1541 2394 , -429 -336 -391 726 -635 -554 , 1784 510 -510 0 1365 855 , 2630 1260 945 1272 -1094 -1754 , 517 -3862 2545 36 -1154 -993 , 481 -2545 3862 -36 -3538 2708 , -1155 391 336 -726 -163 -299 , 574 343 -343 0 -2906 -3249 , 2.9432649218419274e-06 , 14
0.9731300740749259 , 1358 -945 -1260 -1272 -2699 -2354 , 4203 -853 853 0 1541 2394 , 429 336 391 -726 635 554 , 1784 510 -510 0 1365 855 , 2630 1260 945 1272 -1094 -1754 , -517 3862 -2545 -36 1154 993 , -481 2545 -3862 36 3538 -2708 , 1155 -391 -336 726 163 299 , 574 343 -343 0 -2906 -3249 , 2.9432649218419274e-06 , 15
0.9731300740749259 , 1358 -945 -1260 -1272 -2699 -2354 , 4203 -853 853 0 1541 2394 , -726 635 554 -1155 299 163 , 1784 510 -510 0 1365 855 , 2630 1260 945 1272 -1094 -1754 , -36 1154 993 481 -2708 3538 , -517 -993 -1154 -481 2545 -3862 , 429 -554 -635 1155 -391 -336 , 574 343 -343 0 -2906 -3249 , 2.9432649218676679e-06 , 16
0.9731300740749259 , 1358 -945 -1260 -1272 -2699 -2354 , 4203 -853 853 0 1541 2394 , 726 -635 -554 1155 -299 -163 , 1784 510 -510 0 1365 855 , 2630 1260 945 1272 -1094 -1754 , 36 -1154 -993 -481 2708 -3538 , 517 993 1154 481 -2545 3862 , -429 554 635 -1155 391 336 , 574 343 -343 0 -2906 -3249 , 2.9432649218676679e-06 , 17
0.9731300740749259 , 1358 -945 -1260 -1272 -2699 -2354 , 1784 510 -510 0 1365 855 , -993 -1154 36 2545 -3862 517 , 4203 -853 853 0 1541 2394 , 2630 1260 945 1272 -1094 -1754 , -554 -635 726 -391 -336 -429 , -163 -726 635 391 -1155 299 , -3538 -36 1154 -2545 481 -2708 , 574 343 -343 0 -2906 -3249 , 2.9432649218676683e-06 , 18
0.9731300740749259 , 1358 -945 -1260 -1272 -2699 -2354 , 1784 510 -510 0 1365 855 , 993 1154 -36 -2545 3862 -517 , 4203 -853 853 0 1541 2394 , 2630 1260 945 1272 -1094 -1754 , 554 635 -726 391 336 429 , 163 726 -635 -391 1155 -299 , 3538 36 -1154 2545 -481 2708 , 574 343 -343 0 -2906 -3249 , 2.9432649218676683e-06 , 19
0.9731300740749259 , 1358 -945 -1260 -1272 -2699 -2354 , 1784 510 -510 0 1365 855 , -3862 517 993 -2708 481 -2545 , 4203 -853 853 0 1541 2394 , 2630 1260 945 1272 -1094 -1754 , -336 -429 554 299 -1155 391 , -635 -554 429 -299 -163 -726 , -1154 -993 -517 2708 -3538 -36 , 574 343 -343 0 -2906 -3249 , 2.9432649218934084e-06 , 20
0.9731300740749259 , 1358 -945 -1260 -1272 -2699 -2354 , 1784 510 -510 0 1365 855 , 3862 -517 -993 2708 -481 2545 , 4203 -853 853 0 1541 2394 , 2630 1260 945 1272 -1094 -1754 , 336 429 -554 -299 1155 -391 , 635 554 -429 299 163 726 , 1154 993 517 -2708 3538 36 , 574 343 -343 0 -2906 -3249 , 2.9432649218934084e-06 , 21
0.9731300740749259 , 1358 -945 -1260 -1272 -2699 -2354 , 4203 -853 853 0 1541 2394 , 336 391 -1155 635 554 -429 , 1784 510 -510 0 1365 855 , 2630 1260 945 1272 -1094 -1754 , 3862 -2545 481 1154 993 517 , 2708 -481 2545 -1154 36 3538 , -299 1155 -391 -635 726 163 , 574 343 -343 0 -2906 -3249 , 2.9432649218934088e-06 , 22
0.9731300740749259 , 1358 -945 -1260 -1272 -2699 -2354 , 4203 -853 853 0 1541 2394 , -336 -391 1155 -635 -554 429 , 1784 510 -510 0 1365 855 , 2630 1260 945 1272 -1094 -1754 , -3862 2545 -481 -1154 -993 -517 , -2708 481 -2545 1154 -36 -3538 , 299 -1155 391 635 -726 -163 , 574 343 -343 0 -2906 -3249 , 2.9432649218934088e-06 , 23
0.9731300740749259 , 1358 -945 -1260 -1272 -2699 -2354 , 1784 510 -510 0 1365 855 , -1154 36 3538 -3862 517 993 , 4203 -853 853 0 1541 2394 , 2630 1260 945 1272 -1094 -1754 , -635 726 163 -336 -429 554 , -299 -163 -726 336 391 -1155 , 2708 -3538 -36 3862 -2545 481 , 574 343 -343 0 -2906 -3249 , 2.9432649218934092e-06 , 24
0.9731300740749259 , 1358 -945 -1260 -1272 -2699 -2354 , 1784 510 -510 0 1365 855 , 1154 -36 -3538 3862 -517 -993 , 4203 -853 853 0 1541 2394 , 2630 1260 945 1272 -1094 -1754 , 635 -726 -163 336 429 -554 , 299 163 726 -336 -391 1155 , -2708 3538 36 -3862 2545 -481 , 574 343 -343 0 -2906 -3249 , 2.9432649218934092e-06 , 25
0.9731300740749259 , 1358 -945 -1260 -1272 -2699 -2354 , 4203 -853 853 0 1541 2394 , -1155 299 163 -429 -336 -391 , 1784 510 -510 0 1365 855 , 2630 1260 945 1272 -1094 -1754 , 481 -2708 3538 517 -3862 2545 , -36 -3538 2708 -517 -993 -1154 , -726 -163 -299 429 -554 -635 , 574 343 -343 0 -2906 -3249 , 2.9432649219191497e-06 , 26
0.9731300740749259 , 1358 -945 -1260 -1272 -2699 -2354 , 4203 -853 853 0 1541 2394 , 1155 -299 -163 429 336 391 , 1784 510 -510 0 1365 855 , 2630 1260 945 1272 -1094 -1754 , -481 2708 -3538 -517 3862 -2545 , 36 3538 -2708 517 993 1154 , 726 163 299 -429 554 635 , 574 343 -343 0 -2906 -3249 , 2.9432649219191497e-06 , 27
0.9731300740749259 , 1358 -945 -1260 -1272 -2699 -2354 , 4203 -853 853 0 1541 2394 , -163 -726 635 391 -1155 299 , 1784 510 -510 0 1365 855 , 2630 1260 945 1272 -1094 -1754 , -3538 -36 1154 -2545 481 -2708 , -993 -1154 36 2545 -3862 517 , -554 -635 726 -391 -336 -429 , 574 343 -343 0 -2906 -3249 , 2.9432649219448902e-06 , 28
0.9731300740749259 , 1358 -945 -1260 -1272 -2699 -2354 , 4203 -853 853 0 1541 2394 , 163 726 -635 -391 1155 -299 , 1784 510 -510 0 1365 855 , 2630 1260 945 1272 -1094 -1754 , 3538 36 -1154 2545 -481 2708 , 993 1154 -36 -2545 3862 -517 , 554 635 -726 391 336 429 , 574 343 -343 0 -2906 -3249 , 2.9432649219448902e-06 , 29
0.9731300740749259 , 1358 -945 -1260 -1272 -2699 -2354 , 1784 510 -510 0 1365 855 , -2708 481 -2545 1154 -36 -3538 , 4203 -853 853 0 1541 2394 , 2630 1260 945 1272 -1094 -1754 , 299 -1155 391 635 -726 -163 , -336 -391 1155 -635 -554 429 , -3862 2545 -481 -1154 -993 -517 , 574 343 -343 0 -2906 -3249 , 2.9432649219963716e-06 , 30
0.9731300740749259 , 1358 -945 -1260 -1272 -2699 -2354 , 1784 510 -510 0 1365 855 , 2708 -481 2545 -1154 36 3538 , 4203 -853 853 0 1541 2394 , 2630 1260 945 1272 -1094 -1754 , -299 1155 -391 -635 726 163 , 336 391 -1155 635 554 -429 , 3862 -2545 481 1154 993 517 , 574 343 -343 0 -2906 -3249 , 2.9432649219963716e-06 , 31
0.9731300740749259 , 1358 -945 -1260 -1272 -2699 -2354 , 1784 510 -510 0 1365 855 , -481 2545 -3862 36 3538 -2708 , 4203 -853 853 0 1541 2394 , 2630 1260 945 1272 -1094 -1754 , 1155 -391 -336 726 163 299 , 429 336 391 -726 635 554 , -517 3862 -2545 -36 1154 993 , 574 343 -343 0 -2906 -3249 , 2.943264921996372e-06 , 32
0.9731300740749259 , 1358 -945 -1260 -1272 -2699 -2354 , 1784 510 -510 0 1365 855 , 481 -2545 3862 -36 -3538 2708 , 4203 -853 853 0 1541 2394 , 2630 1260 945 1272 -1094 -1754 , -1155 391 336 -726 -163 -299 , -429 -336 -391 726 -635 -554 , 517 -3862 2545 36 -1154 -993 , 574 343 -343 0 -2906 -3249 , 2.943264921996372e-06 , 33
0.9731300740749259 , 1358 -945 -1260 -1272 -2699 -2354 , 4203 -853 853 0 1541 2394 , 391 -1155 299 554 -429 -336 , 1784 510 -510 0 1365 855 , 2630 1260 945 1272 -1094 -1754 , -2545 481 -2708 993 517 -3862 , -3538 2708 -481 -993 -1154 36 , -163 -299 1155 -554 -635 726 , 574 343 -343 0 -2906 -3249 , 2.943264922047853e-06 , 34
0.9731300740749259 , 1358 -945 -1260 -1272 -2699 -2354 , 4203 -853 853 0 1541 2394 , -391 1155 -299 -554 429 336 , 1784 510 -510 0 1365 855 , 2630 1260 945 1272 -1094 -1754 , 2545 -481 2708 -993 -517 3862 , 3538 -2708 481 993 1154 -36 , 163 299 -1155 554 635 -726 , 574 343 -343 0 -2906 -3249 , 2.943264922047853e-06 , 35
1.0830570496501741 , 2524 -1494 -1356 -1016 -2414 -1811 , 2898 -644 644 0 1017 1661 , -594 -318 2104 -33 -2931 2446 , 3089 301 -301 0 1889 1588 , 3540 1356 1494 1016 -455 -920 , -680 1357 -1012 -1649 2806 -1733 , 969 1012 -1357 1649 -721 1449 , -561 -2104 318 33 342 -2613 , 574 343 -343 0 -2906 -3249 , 2.7805610036446596e-06 , 0
1.0830570496501741 , 2524 -1494 -1356 -1016 -2414 -1811 , 2898 -644 644 0 1017 1661 , 594 318 -2104 33 2931 -2446 , 3089 301 -301 0 1889 1588 , 3540 1356 1494 1016 -455 -920 , 680 -1357 1012 1649 -2806 1733 , -969 -1012 1357 -1649 721 -1449 , 561 2104 -318 -33 -342 2613 , 574 343 -343 0 -2906 -3249 , 2.7805610036446596e-06 , 1
1.0830570496501741 , 2524 -1494 -1356 -1016 -2414 -1811 , 3089 301 -301 0 1889 1588 , 1012 -1357 680 -721 1449 -969 , 2898 -644 644 0 1017 1661 , 3540 1356 1494 1016 -455 -920 , -2104 318 594 342 -2613 561 , -2446 -594 -318 -342 -33 -2931 , 1733 -680 1357 721 -1649 2806 , 574 343 -343 0 -2906 -3249 , 2.7805610036448625e-06 , 2
1.0830570496501741 , 2524 -1494 -1356 -1016 -2414 -1811 , 3089 301 -301 0 1889 1588 , -1012 1357 -680 721 -1449 969 , 2898 -644 644 0 1017 1661 , 3540 1356 1494 1016 -455 -920 , 2104 -318 -594 -342 2613 -561 , 2446 594 318 342 33 2931 , -1733 680 -1357 -721 1649 -2806 , 574 343 -343 0 -2906 -3249 , 2.7805610036448625e-06 , 3
1.0830570496501741 , 2524 -1494 -1356 -1016 -2414 -1811 , 2898 -644 644 0 1017 1661 , -2931 2446 594 -2613 342 33 , 3089 301 -301 0 1889 1588 , 3540 1356 1494 1016 -455 -920 , 2806 -1733 680 1449 -721 1649 , 1357 -680 1733 -1449 969 1012 , -318 -594 -2446 2613 -561 -2104 , 574 343 -343 0 -2906 -3249 , 2.7805610036450658e-06 , 4
1.0830570496501741 , 2524 -1494 -1356 -1016 -2414 -1811 , 2898 -644 644 0 1017 1661 , 2931 -2446 -594 2613 -342 -33 , 3089 301 -301 0 1889 1588 , 3540 1356 1494 1016 -455 -920 , -2806 1733 -680 -1449 721 -1649 , -1357 680 -1733 1449 -969 -1012 , 318 594 2446 -2613 561 2104 , 574 343 -343 0 -2906 -3249 , 2.7805610036450658e-06 , 5
1.0830570496501741 , 2524 -1494 -1356 -1016 -2414 -1811 , 2898 -644 644 0 1017 1661 , -33 -2931 2446 561 -2613 342 , 3089 301 -301 0 1889 1588 , 3540 1356 1494 1016 -455 -920 , -1649 2806 -1733 -969 1449 -721 , -680 1733 -2806 969 1012 -1357 , -594 -2446 2931 -561 -2104 318 , 574 343 -343 0 -2906 -3249 , 2.7805610036452695e-06 , 6
1.0830570496501741 , 2524 -1494 -1356 -1016 -2414 -1811 , 2898 -644 644 0 1017 1661 , -2104 -561 2613 -2446 -594 -318 , 3089 301 -301 0 1889 1588 , 3540 1356 1494 1016 -455 -920 , 1012 969 -1449 1733 -680 1357 , -721 1449 -969 -1733 2806 -1649 , 342 -2613 561 2446 -2931 -33 , 574 343 -343 0 -2906 -3249 , 2.7805610036452695e-06 , 7
1.0830570496501741 , 2524 -1494 -1356 -1016 -2414 -1811 , 2898 -644 644 0 1017 1661 , 2104 561 -2613 2446 594 318 , 3089 301 -301 0 1889 1588 , 3540 1356 1494 1016 -455 -920 , -1012 -969 1449 -1733 680 -1357 , 721 -1449 969 1733 -2806 1649 , -342 2613 -561 -2446 2931 33 , 574 343 -343 0 -2906 -3249 , 2.7805610036452695e-06 , 8
1.0830570496501741 , 2524 -1494 -1356 -1016 -2414 -1811 , 2898 -644 644 0 1017 1661 , 33 2931 -2446 -561 2613 -342 , 3089 301 -301 0 1889 1588 , 3540 1356 1494 1016 -455 -920 , 1649 -2806 1733 969 -1449 721 , 680 -1733 2806 -969 -1012 1357 , 594 2446 -2931 561 2104 -318 , 574 343 -343 0 -2906 -3249 , 2.7805610036452695e-06 , 9
1.0830570496501741 , 2524 -1494 -1356 -1016 -2414 -1811 , 3089 301 -301 0 1889 1588 , -1733 2806 -1649 -1012 1357 -680 , 2898 -644 644 0 1017 1661 , 3540 1356 1494 1016 -455 -920 , 2446 -2931 -33 2104 -318 -594 , 342 33 2931 -2104 -561 2613 , -721 1649 -2806 1012 969 -1449 , 574 343 -343 0 -2906 -3249 , 2.7805610036454728e-06 , 10
1.0830570496501741 , 2524 -1494 -1356 -1016 -2414 -1811 , 3089 301 -301 0 1889 1588 , 1733 -2806 1649 1012 -1357 680 , 2898 -644 644 0 1017 1661 , 3540 1356 1494 1016 -455 -920 , -2446 2931 33 -2104 318 594 , -342 -33 -2931 2104 561 -2613 , 721 -1649 2806 -1012 -969 1449 , 574 343 -343 0 -2906 -3249 , 2.7805610036454728e-06 , 11
1.0830570496501741 , 2524 -1494 -1356 -1016 -2414 -1811 , 2898 -644 644 0 1017 1661 , -318 2104 561 -2931 2446 594 , 3089 301 -301 0 1889 1588 , 3540 1356 1494 1016 -455 -920 , 1357 -1012 -969 2806 -1733 680 , -1449 969 1012 -2806 1649 -721 , 2613 -561 -2104 2931 33 342 , 574 343 -343 0 -2906 -3249 , 2.7805610036454728e-06 , 12
1.0830570496501741 , 2524 -1494 -1356 -1016 -2414 -1811 , 2898 -644 644 0 1017 1661 , 318 -2104 -561 2931 -2446 -594 , 3089 301 -301 0 1889 1588 , 3540 1356 1494 1016 -455 -920 , -1357 1012 969 -2806 1733 -680 , 1449 -969 -1012 2806 -1649 721 , -2613 561 2104 -2931 -33 -342 , 574 343 -343 0 -2906 -3249 , 2.7805610036454728e-06 , 13
1.0830570496501741 , 2524 -1494 -1356 -1016 -2414 -1811 , 3089 301 -301 0 1889 1588 , -2806 1649 -721 -1357 680 -1733 , 2898 -644 644 0 1017 1661 , 3540 1356 1494 1016 -455 -920 , 2931 33 342 318 594 2446 , 2613 -342 -33 -318 2104 561 , -1449 721 -1649 1357 -1012 -969 , 574 343 -343 0 -2906 -3249 , 2.7805610036456761e-06 , 14
1.0830570496501741 , 2524 -1494 -1356 -1016 -2414 -1811 , 3089 301 -301 0 1889 1588 , -1449 969 1012 -2806 1649 -721 , 2898 -644 644 0 1017 1661 , 3540 1356 1494 1016 -455 -920 , 2613 -561 -2104 2931 33 342 , -318 2104 561 -2931 2446 594 , 1357 -1012 -969 2806 -1733 680 , 574 343 -343 0 -2906 -3249 , 2.7805610036456761e-06 , 15
1.0830570496501741 , 2524 -1494 -1356 -1016 -2414 -1811 , 3089 301 -301 0 1889 1588 , 1449 -969 -1012 2806 -1649 721 , 2898 -644 644 0 1017 1661 , 3540 1356 1494 1016 -455 -920 , -2613 561 2104 -2931 -33 -342 , 318 -2104 -561 2931 -2446 -594 , -1357 1012 969 -2806 1733 -680 , 574 343 -343 0 -2906 -3249 , 2.7805610036456761e-06 , 16
1.0830570496501741 , 2524 -1494 -1356 -1016 -2414 -1811 , 3089 301 -301 0 1889 1588 , 2806 -1649 721 1357 -680 1733 , 2898 -644 644 0 1017 1661 , 3540 1356 1494 1016 -455 -920 , -2931 -33 -342 -318 -594 -2446 , -2613 342 33 318 -2104 -561 , 1449 -721 1649 -1357 1012 969 , 574 343 -343 0 -2906 -3249 , 2.7805610036456761e-06 , 17
1.0830570496501741 , 2524 -1494 -1356 -1016 -2414 -1811 , 2898 -644 644 0 1017 1661 , -342 -33 -2931 2104 561 -2613 , 3089 301 -301 0 1889 1588 , 3540 1356 1494 1016 -455 -920 , 721 -1649 2806 -1012 -969 1449 , 1733 -2806 1649 1012 -1357 680 , -2446 2931 33 -2104 318 594 , 574 343 -343 0 -2906 -3249 , 2.7805610036456761e-06 , 18
1.0830570496501741 , 2524 -1494 -1356 -1016 -2414 -1811 , 2898 -644 644 0 1017 1661 , -561 2613 -342 -594 -318 2104 , 3089 301 -301 0 1889 1588 , 3540 1356 1494 1016 -455 -920 , 969 -1449 721 -680 1357 -1012 , 1649 -721 1449 680 -1733 2806 , 33 342 -2613 594 2446 -2931 , 574 343 -343 0 -2906 -3249 , 2.7805610036456761e-06 , 19
1.0830570496501741 , 2524 -1494 -1356 -1016 -2414 -1811 , 2898 -644 644 0 1017 1661 , 561 -2613 342 594 318 -2104 , 3089 301 -301 0 1889 1588 , 3540 1356 1494 1016 -455 -920 , -969 1449 -721 680 -1357 1012 , -1649 721 -1449 -680 1733 -2806 , -33 -342 2613 -594 -2446 2931 , 574 343 -343 0 -2906 -3249 , 2.7805610036456761e-06 , 20
1.0830570496501741 , 2524 -1494 -1356 -1016 -2414 -1811 , 2898 -644 644 0 1017 1661 , 342 33 2931 -2104 -561 2613 , 3089 301 -301 0 1889 1588 , 3540 1356 1494 1016 -455 -920 , -721 1649 -2806 1012 969 -1449 , -1733 2806 -1649 -1012 1357 -680 , 2446 -2931 -33 2104 -318 -594 , 574 343 -343 0 -2906 -3249 , 2.7805610036456761e-06 , 21
1.0830570496501741 , 2524 -1494 -1356 -1016 -2414 -1811 , 3089 301 -301 0 1889 1588 , 1649 -721 1449 680 -1733 2806 , 2898 -644 644 0 1017 1661 , 3540 1356 1494 1016 -455 -920 , 33 342 -2613 594 2446 -2931 , -561 2613 -342 -594 -318 2104 , 969 -1449 721 -680 1357 -1012 , 574 343 -343 0 -2906 -3249 , 2.7805610036458798e-06 , 22
1.0830570496501741 , 2524 -1494 -1356 -1016 -2414 -1811 , 3089 301 -301 0 1889 1588 , -1649 721 -1449 -680 1733 -2806 , 2898 -644 644 0 1017 1661 , 3540 1356 1494 1016 -455 -920 , -33 -342 2613 -594 -2446 2931 , 561 -2613 342 594 318 -2104 , -969 1449 -721 680 -1357 1012 , 574 343 -343 0 -2906 -3249 , 2.7805610036458798e-06 , 23
1.0830570496501741 , 2524 -1494 -1356 -1016 -2414 -1811 , 2898 -644 644 0 1017 1661 , -2446 -594 -318 -342 -33 -2931 , 3089 301 -301 0 1889 1588 , 3540 1356 1494 1016 -455 -920 , 1733 -680 1357 721 -1649 2806 , 1012 -1357 680 -721 1449 -969 , -2104 318 594 342 -2613 561 , 574 343 -343 0 -2906 -3249 , 2.7805610036458798e-06 , 24
1.0830570496501741 , 2524 -1494 -1356 -1016 -2414 -1811 , 2898 -644 644 0 1017 1661 , 2446 594 318 342 33 2931 , 3089 301 -301 0 1889 1588 , 3540 1356 1494 1016 -455 -920 , -1733 680 -1357 -721 1649 -2806 , -1012 1357 -680 721 -1449 969 , 2104 -318 -594 -342 2613 -561 , 574 343 -343 0 -2906 -3249 , 2.7805610036458798e-06 , 25
1.0830570496501741 , 2524 -1494 -1356 -1016 -2414 -1811 , 3089 301 -301 0 1889 1588 , 680 -1733 2806 -969 -1012 1357 , 2898 -644 644 0 1017 1661 , 3540 1356 1494 1016 -455 -920 , 594 2446 -2931 561 2104 -318 , 33 2931 -2446 -561 2613 -342 , 1649 -2806 1733 969 -1449 721 , 574 343 -343 0 -2906 -3249 , 2.7805610036460826e-06 , 26
1.0830570496501741 , 2524 -1494 -1356 -1016 -2414 -1811 , 3089 301 -301 0 1889 1588 , -680 1733 -2806 969 1012 -1357 , 2898 -644 644 0 1017 1661 , 3540 1356 1494 1016 -455 -920 , -594 -2446 2931 -561 -2104 318 , -33 -2931 2446 561 -2613 342 , -1649 2806 -1733 -969 1449 -721 , 574 343 -343 0 -2906 -3249 , 2.7805610036460826e-06 , 27
1.0830570496501741 , 2524 -1494 -1356 -1016 -2414 -1811 , 3089 301 -301 0 1889 1588 , -721 1449 -969 -1733 2806 -1649 , 2898 -644 644 0 1017 1661 , 3540 1356 1494 1016 -455 -920 , 342 -2613 561 2446 -2931 -33 , -2104 -561 2613 -2446 -594 -318 , 1012 969 -1449 1733 -680 1357 , 574 343 -343 0 -2906 -3249 , 2.7805610036460831e-06 , 28
1.0830570496501741 , 2524 -1494 -1356 -1016 -2414 -1811 , 3089 301 -301 0 1889 1588 , 969 1012 -1357 1649 -721 1449 , 2898 -644 644 0 1017 1661 , 3540 1356 1494 1016 -455 -920 , -561 -2104 318 33 342 -2613 , -594 -318 2104 -33 -2931 2446 , -680 1357 -1012 -1649 2806 -1733 , 574 343 -343 0 -2906 -3249 , 2.7805610036460831e-06 , 29
1.0830570496501741 , 2524 -1494 -1356 -1016 -2414 -1811 , 3089 301 -301 0 1889 1588 , -969 -1012 1357 -1649 721 -1449 , 2898 -644 644 0 1017 1661 , 3540 1356 1494 1016 -455 -920 , 561 2104 -318 -33 -342 2613 , 594 318 -2104 33 2931 -2446 , 680 -1357 1012 1649 -2806 1733 , 574 343 -343 0 -2906 -3249 , 2.7805610036460831e-06 , 30
1.0830570496501741 , 2524 -1494 -1356 -1016 -2414 -1811 , 3089 301 -301 0 1889 1588 , 721 -1449 969 1733 -2806 1649 , 2898 -644 644 0 1017 1661 , 3540 1356 1494 1016 -455 -920 , -342 2613 -561 -2446 2931 33 , 2104 561 -2613 2446 594 318 , -1012 -969 1449 -1733 680 -1357 , 574 343 -343 0 -2906 -3249 , 2.7805610036460831e-06 , 31
1.0830570496501741 , 2524 -1494 -1356 -1016 -2414 -1811 , 3089 301 -301 0 1889 1588 , -1357 680 -1733 1449 -969 -1012 , 2898 -644 644 0 1017 1661 , 3540 1356 1494 1016 -455 -920 , 318 594 2446 -2613 561 2104 , 2931 -2446 -594 2613 -342 -33 , -2806 1733 -680 -1449 721 -1649 , 574 343 -343 0 -2906 -3249 , 2.7805610036462863e-06 , 32
1.0830570496501741 , 2524 -1494 -1356 -1016 -2414 -1811 , 3089 301 -301 0 1889 1588 , 1357 -680 1733 -1449 969 1012 , 2898 -644 644 0 1017 1661 , 3540 1356 1494 1016 -455 -920 , -318 -594 -2446 2613 -561 -2104 , -2931 2446 594 -2613 342 33 , 2806 -1733 680 1449 -721 1649 , 574 343 -343 0 -2906 -3249 , 2.7805610036462863e-06 , 33
1.0830570496501741 , 2524 -1494 -1356 -1016 -2414 -1811 , 2898 -644 644 0 1017 1661 , -2613 342 33 318 -2104 -561 , 3089 301 -301 0 1889 1588 , 3540 1356 1494 1016 -455 -920 , 1449 -721 1649 -1357 1012 969 , 2806 -1649 721 1357 -680 1733 , -2931 -33 -342 -318 -594 -2446 , 574 343 -343 0 -2906 -3249 , 2.7805610036464892e-06 , 34
1.0830570496501741 , 2524 -1494 -1356 -1016 -2414 -1811 , 2898 -644 644 0 1017 1661 , 2613 -342 -33 -318 2104 561 , 3089 301 -301 0 1889 1588 , 3540 1356 1494 1016 -455 -920 , -1449 721 -1649 1357 -1012 -969 , -2806 1649 -721 -1357 680 -1733 , 2931 33 342 318 594 2446 , 574 343 -343 0 -2906 -3249 , 2.7805610036464892e-06 , 35
1.1957172287208124 , -83 630 -2274 -2616 -1592 -2782 , 2800 286 -286 0 1723 1437 , 2362 -806 -1398 3013 -1047 1042 , 3187 -629 629 0 1183 1812 , 2533 2274 -630 2616 -508 -2222 , 1857 421 1003 -211 -264 2881 , 2068 -1003 -421 211 1878 -685 , -651 1398 806 -3013 2440 -241 , 574 343 -343 0 -2906 -3249 , 2.8727698095254936e-06 , 0
1.1957172287208124 , -83 630 -2274 -2616 -1592 -2782 , 2800 286 -286 0 1723 1437 , -2362 806 1398 -3013 1047 -1042 , 3187 -629 629 0 1183 1812 , 2533 2274 -630 2616 -508 -2222 , -1857 -421 -1003 211 264 -2881 , -2068 1003 421 -211 -1878 685 , 651 -1398 -806 3013 -2440 241 , 574 343 -343 0 -2906 -3249 , 2.8727698095254936e-06 , 1
1.1957172287208124 , -83 630 -2274 -2616 -1592 -2782 , 3187 -629 629 0 1183 1812 , -2068 1003 421 -211 -1878 685 , 2800 286 -286 0 1723 1437 , 2533 2274 -630 2616 -508 -2222 , 651 -1398 -806 3013 -2440 241 , -2362 806 1398 -3013 1047 -1042 , -1857 -421 -1003 211 264 -2881 , 574 343 -343 0 -2906 -3249 , 2.8727698095846877e-06 , 2
1.1957172287208124 , -83 630 -2274 -2616 -1592 -2782 , 3187 -629 629 0 1183 1812 , 2068 -1003 -421 211 1878 -685 , 2800 286 -286 0 1723 1437 , 2533 2274 -630 2616 -508 -2222 , -651 1398 806 -3013 2440 -241 , 2362 -806 -1398 3013 -1047 1042 , 1857 421 1003 -211 -264 2881 , 574 343 -343 0 -2906 -3249 , 2.8727698095846877e-06 , 3
1.1957172287208124 , -83 630 -2274 -2616 -1592 -2782 , 3187 -629 629 0 1183 1812 , -1003 -421 -1857 1878 -685 -2068 , 2800 286 -286 0 1723 1437 , 2533 2274 -630 2616 -508 -2222 , 1398 806 -2362 2440 -241 651 , -1042 2362 -806 -2440 3013 -1047 , -2881 1857 421 -1878 -211 -264 , 574 343 -343 0 -2906 -3249 , 2.8727698096044189e-06 , 4
1.1957172287208124 , -83 630 -2274 -2616 -1592 -2782 , 3187 -629 629 0 1183 1812 , 1003 421 1857 -1878 685 2068 , 2800 286 -286 0 1723 1437 , 2533 2274 -630 2616 -508 -2222 , -1398 -806 2362 -2440 241 -651 , 1042 -2362 806 2440 -3013 1047 , 2881 -1857 -421 1878 211 264 , 574 343 -343 0 -2906 -3249 , 2.8727698096044189e-06 , 5
1.1957172287208124 , -83 630 -2274 -2616 -1592 -2782 , 3187 -629 629 0 1183 1812 , -685 -2068 1003 -264 -211 -1878 , 2800 286 -286 0 1723 1437 , 2533 2274 -630 2616 -508 -2222 , -241 651 -1398 -1047 3013 -2440 , 806 1398 -651 1047 -1042 2362 , -421 -1003 2068 264 -2881 1857 , 574 343 -343 0 -2906 -3249 , 2.8727698096241501e-06 , 6
1.1957172287208124 , -83 630 -2274 -2616 -1592 -2782 , 3187 -629 629 0 1183 1812 , 685 2068 -1003 264 211 1878 , 2800 286 -286 0 1723 1437 , 2533 2274 -630 2616 -508 -2222 , 241 -651 1398 1047 -3013 2440 , -806 -1398 651 -1047 1042 -2362 , 421 1003 -2068 -264 2881 -1857 , 574 343 -343 0 -2906 -3249 , 2.8727698096241501e-06 , 7
1.1957172287208124 , -83 630 -2274 -2616 -1592 -2782 , 2800 286 -286 0 1723 1437 , -3013 1047 -1042 -651 241 -2440 , 3187 -629 629 0 1183 1812 , 2533 2274 -630 2616 -508 -2222 , 211 264 -2881 2068 685 -1878 , -1857 2881 -264 -2068 1003 421 , -2362 1042 -1047 651 -1398 -806 , 574 343 -343 0 -2906 -3249 , 2.8727698096241505e-06 , 8
1.1957172287208124 , -83 630 -2274 -2616 -1592 -2782 , 2800 286 -286 0 1723 1437 , 3013 -1047 1042 651 -241 2440 , 3187 -629 629 0 1183 1812 , 2533 2274 -630 2616 -508 -2222 , -211 -264 2881 -2068 -685 1878 , 1857 -2881 264 2068 -1003 -421 , 2362 -1042 1047 -651 1398 806 , 574 343 -343 0 -2906 -3249 , 2.8727698096241505e-06 , 9
1.1957172287208124 , -83 630 -2274 -2616 -1592 -2782 , 3187 -629 629 0 1183 1812 , -1857 2881 -264 -2068 1003 421 , 2800 286 -286 0 1723 1437 , 2533 2274 -630 2616 -508 -2222 , -2362 1042 -1047 651 -1398 -806 , -3013 1047 -1042 -651 241 -2440 , 211 264 -2881 2068 685 -1878 , 574 343 -343 0 -2906 -3249 , 2.8727698096438813e-06 , 10
1.1957172287208124 , -83 630 -2274 -2616 -1592 -2782 , 3187 -629 629 0 1183 1812 , 1857 -2881 264 2068 -1003 -421 , 2800 286 -286 0 1723 1437 , 2533 2274 -630 2616 -508 -2222 , 2362 -1042 1047 -651 1398 806 , 3013 -1047 1042 651 -241 2440 , -211 -264 2881 -2068 -685 1878 , 574 343 -343 0 -2906 -3249 , 2.8727698096438813e-06 , 11
1.1957172287208124 , -83 630 -2274 -2616 -1592 -2782 , 2800 286 -286 0 1723 1437 , -806 -1398 651 -1047 1042 -2362 , 3187 -629 629 0 1183 1812 , 2533 2274 -630 2616 -508 -2222 , 421 1003 -2068 -264 2881 -1857 , 685 2068 -1003 264 211 1878 , 241 -651 1398 1047 -3013 2440 , 574 343 -343 0 -2906 -3249 , 2.8727698096636125e-06 , 12
1.1957172287208124 , -83 630 -2274 -2616 -1592 -2782 , 2800 286 -286 0 1723 1437 , 806 1398 -651 1047 -1042 2362 , 3187 -629 629 0 1183 1812 , 2533 2274 -630 2616 -508 -2222 , -421 -1003 2068 264 -2881 1857 , -685 -2068 1003 -264 -211 -1878 , -241 651 -1398 -1047 3013 -2440 , 574 343 -343 0 -2906 -3249 , 2.8727698096636125e-06 , 13
1.1957172287208124 , -83 630 -2274 -2616 -1592 -2782 , 2800 286 -286 0 1723 1437 , -1042 2362 -806 -2440 3013 -1047 , 3187 -629 629 0 1183 1812 , 2533 2274 -630 2616 -508 -2222 , -2881 1857 421 -1878 -211 -264 , -1003 -421 -1857 1878 -685 -2068 , 1398 806 -2362 2440 -241 651 , 574 343 -343 0 -2906 -3249 , 2.8727698096636129e-06 , 14
1.1957172287208124 , -83 630 -2274 -2616 -1592 -2782 , 2800 286 -286 0 1723 1437 , 1042 -2362 806 2440 -3013 1047 , 3187 -629 629 0 1183 1812 , 2533 2274 -630 2616 -508 -2222 , 2881 -1857 -421 1878 211 264 , 1003 421 1857 -1878 685 2068 , -1398 -806 2362 -2440 241 -651 , 574 343 -343 0 -2906 -3249 , 2.8727698096636129e-06 , 15
1.1957172287208124 , -83 630 -2274 -2616 -1592 -2782 , 3187 -629 629 0 1183 1812 , 264 211 1878 -421 -1857 2881 , 2800 286 -286 0 1723 1437 , 2533 2274 -630 2616 -508 -2222 , 1047 -3013 2440 806 -2362 1042 , 241 -2440 3013 -806 -1398 651 , 685 -1878 -211 421 1003 -2068 , 574 343 -343 0 -2906 -3249 , 2.8727698096833433e-06 , 16
1.1957172287208124 , -83 630 -2274 -2616 -1592 -2782 , 3187 -629 629 0 1183 1812 , 1878 -685 -2068 2881 -264 -211 , 2800 286 -286 0 1723 1437 , 2533 2274 -630 2616 -508 -2222 , 2440 -241 651 1042 -1047 3013 , 1398 -651 241 -1042 2362 -806 , -1003 2068 685 -2881 1857 421 , 574 343 -343 0 -2906 -3249 , 2.8727698096833433e-06 , 17
1.1957172287208124 , -83 630 -2274 -2616 -1592 -2782 , 3187 -629 629 0 1183 1812 , -1878 685 2068 -2881 264 211 , 2800 286 -286 0 1723 1437 , 2533 2274 -630 2616 -508 -2222 , -2440 241 -651 -1042 1047 -3013 , -1398 651 -241 1042 -2362 806 , 1003 -2068 -685 2881 -1857 -421 , 574 343 -343 0 -2906 -3249 , 2.8727698096833433e-06 , 18
1.1957172287208124 , -83 630 -2274 -2616 -1592 -2782 , 3187 -629 629 0 1183 1812 , -264 -211 -1878 421 1857 -2881 , 2800 286 -286 0 1723 1437 , 2533 2274 -630 2616 -508 -2222 , -1047 3013 -2440 -806 2362 -1042 , -241 2440 -3013 806 1398 -651 , -685 1878 211 -421 -1003 2068 , 574 343 -343 0 -2906 -3249 , 2.8727698096833433e-06 , 19
1.1957172287208124 , -83 630 -2274 -2616 -1592 -2782 , 2800 286 -286 0 1723 1437 , -2440 3013 -1047 -1398 651 -241 , 3187 -629 629 0 1183 1812 , 2533 2274 -630 2616 -508 -2222 , -1878 -211 -264 1003 -2068 -685 , -2881 264 211 -1003 -421 -1857 , -1042 1047 -3013 1398 806 -2362 , 574 343 -343 0 -2906 -3249 , 2.8727698096833437e-06 , 20
1.1957172287208124 , -83 630 -2274 -2616 -1592 -2782 , 2800 286 -286 0 1723 1437 , -1398 651 -241 1042 -2362 806 , 3187 -629 629 0 1183 1812 , 2533 2274 -630 2616 -508 -2222 , 1003 -2068 -685 2881 -1857 -421 , -1878 685 2068 -2881 264 211 , -2440 241 -651 -1042 1047 -3013 , 574 343 -343 0 -2906 -3249 , 2.8727698096833437e-06 , 21
1.1957172287208124 , -83 630 -2274 -2616 -1592 -2782 , 2800 286 -286 0 1723 1437 , 241 -2440 3013 -806 -1398 651 , 3187 -629 629 0 1183 1812 , 2533 2274 -630 2616 -508 -2222 , 685 -1878 -211 421 1003 -2068 , 264 211 1878 -421 -1857 2881 , 1047 -3013 2440 806 -2362 1042 , 574 343 -343 0 -2906 -3249 , 2.8727698096833437e-06 , 22
1.1957172287208124 , -83 630 -2274 -2616 -1592 -2782 , 2800 286 -286 0 1723 1437 , -241 2440 -3013 806 1398 -651 , 3187 -629 629 0 1183 1812 , 2533 2274 -630 2616 -508 -2222 , -685 1878 211 -421 -1003 2068 , -264 -211 -1878 421 1857 -2881 , -1047 3013 -2440 -806 2362 -1042 , 574 343 -343 0 -2906 -3249 , 2.8727698096833437e-06 , 23
1.1957172287208124 , -83 630 -2274 -2616 -1592 -2782 , 2800 286 -286 0 1723 1437 , 1398 -651 241 -1042 2362 -806 , 3187 -629 629 0 1183 1812 , 2533 2274 -630 2616 -508 -2222 , -1003 2068 685 -2881 1857 421 , 1878 -685 -2068 2881 -264 -211 , 2440 -241 651 1042 -1047 3013 , 574 343 -343 0 -2906 -3249 , 2.8727698096833437e-06 , 24
1.1957172287208124 , -83 630 -2274 -2616 -1592 -2782 , 2800 286 -286 0 1723 1437 , 2440 -3013 1047 1398 -651 241 , 3187 -629 629 0 1183 1812 , 2533 2274 -630 2616 -508 -2222 , 1878 211 264 -1003 2068 685 , 2881 -264 -211 1003 421 1857 , 1042 -1047 3013 -1398 -806 2362 , 574 343 -343 0 -2906 -3249 , 2.8727698096833437e-06 , 25
1.1957172287208124 , -83 630 -2274 -2616 -1592 -2782 , 3187 -629 629 0 1183 1812 , -421 -1857 2881 -685 -2068 1003 , 2800 286 -286 0 1723 1437 , 2533 2274 -630 2616 -508 -2222 , 806 -2362 1042 -241 651 -1398 , 1047 -1042 2362 241 -2440 3013 , 264 -2881 1857 685 -1878 -211 , 574 343 -343 0 -2906 -3249 , 2.8727698096833437e-06 , 26
1.1957172287208124 , -83 630 -2274 -2616 -1592 -2782 , 3187 -629 629 0 1183 1812 , -2881 264 211 -1003 -421 -1857 , 2800 286 -286 0 1723 1437 , 2533 2274 -630 2616 -508 -2222 , -1042 1047 -3013 1398 806 -2362 , -2440 3013 -1047 -1398 651 -241 , -1878 -211 -264 1003 -2068 -685 , 574 343 -343 0 -2906 -3249 , 2.8727698096833437e-06 , 27
1.1957172287208124 , -83 630 -2274 -2616 -1592 -2782 , 3187 -629 629 0 1183 1812 , 2881 -264 -211 1003 421 1857 , 2800 286 -286 0 1723 1437 , 2533 2274 -630 2616 -508 -2222 , 1042 -1047 3013 -1398 -806 2362 , 2440 -3013 1047 1398 -651 241 , 1878 211 264 -1003 2068 685 , 574 343 -343 0 -2906 -3249 , 2.8727698096833437e-06 , 28
1.1957172287208124 , -83 630 -2274 -2616 -1592 -2782 , 3187 -629 629 0 1183 1812 , 421 1857 -2881 685 2068 -1003 , 2800 286 -286 0 1723 1437 , 2533 2274 -630 2616 -508 -2222 , -806 2362 -1042 241 -651 1398 , -1047 1042 -2362 -241 2440 -3013 , -264 2881 -1857 -685 1878 211 , 574 343 -343 0 -2906 -3249 , 2.8727698096833437e-06 , 29
1.1957172287208124 , -83 630 -2274 -2616 -1592 -2782 , 2800 286 -286 0 1723 1437 , -1047 1042 -2362 -241 2440 -3013 , 3187 -629 629 0 1183 1812 , 2533 2274 -630 2616 -508 -2222 , -264 2881 -1857 -685 1878 211 , 421 1857 -2881 685 2068 -1003 , -806 2362 -1042 241 -651 1398 , 574 343 -343 0 -2906 -3249 , 2.8727698096833442e-06 , 30
1.1957172287208124 , -83 630 -2274 -2616 -1592 -2782 , 2800 286 -286 0 1723 1437 , 1047 -1042 2362 241 -2440 3013 , 3187 -629 629 0 1183 1812 , 2533 2274 -630 2616 -508 -2222 , 264 -2881 1857 685 -1878 -211 , -421 -1857 2881 -685 -2068 1003 , 806 -2362 1042 -241 651 -1398 , 574 343 -343 0 -2906 -3249 , 2.8727698096833442e-06 , 31
1.1957172287208124 , -83 630 -2274 -2616 -1592 -2782 , 3187 -629 629 0 1183 1812 , 211 1878 -685 -1857 2881 -264 , 2800 286 -286 0 1723 1437 , 2533 2274 -630 2616 -508 -2222 , -3013 2440 -241 -2362 1042 -1047 , -651 241 -2440 2362 -806 -1398 , 2068 685 -1878 1857 421 1003 , 574 343 -343 0 -2906 -3249 , 2.8727698097228062e-06 , 32
1.1957172287208124 , -83 630 -2274 -2616 -1592 -2782 , 3187 -629 629 0 1183 1812 , -211 -1878 685 1857 -2881 264 , 2800 286 -286 0 1723 1437 , 2533 2274 -630 2616 -508 -2222 , 3013 -2440 241 2362 -1042 1047 , 651 -241 2440 -2362 806 1398 , -2068 -685 1878 -1857 -421 -1003 , 574 343 -343 0 -2906 -3249 , 2.8727698097228062e-06 , 33
1.1957172287208124 , -83 630 -2274 -2616 -1592 -2782 , 2800 286 -286 0 1723 1437 , -651 241 -2440 2362 -806 -1398 , 3187 -629 629 0 1183 1812 , 2533 2274 -630 2616 -508 -2222 , 2068 685 -1878 1857 421 1003 , 211 1878 -685 -1857 2881 -264 , -3013 2440 -241 -2362 1042 -1047 , 574 343 -343 0 -2906 -3249 , 2.872769809801731e-06 , 34
1.1957172287208124 , -83 630 -2274 -2616 -1592 -2782 , 2800 286 -286 0 1723 1437 , 651 -241 2440 -2362 806 1398 , 3187 -629 629 0 1183 1812 , 2533 2274 -630 2616 -508 -2222 , -2068 -685 1878 -1857 -421 -1003 , -211 -1878 685 1857 -2881 264 , 3013 -2440 241 2362 -1042 1047 , 574 343 -343 0 -2906 -3249 , 2.872769809801731e-06 , 35
1.3034103355039397 , 1272 -1483 -1306 -1052 -3756 -1332 , 2666 582 -582 0 1893 1311 , 364 -796 -38 -1093 2343 -2030 , 3321 -925 925 0 1013 1938 , 2324 1306 1483 1052 -26 -2273 , 2765 -899 -1216 2084 395 481 , 681 1216 899 -2084 1697 1294 , 1457 38 796 1093 -1992 3139 , 574 343 -343 0 -2906 -3249 , 2.7829020329614606e-06 , 0
1.3034103355039397 , 1272 -1483 -1306 -1052 -3756 -1332 , 2666 582 -582 0 1893 1311 , -364 796 38 1093 -2343 2030 , 3321 -925 925 0 1013 1938 , 2324 1306 1483 1052 -26 -2273 , -2765 899 1216 -2084 -395 -481 , -681 -1216 -899 2084 -1697 -1294 , -1457 -38 -796 -1093 1992 -3139 , 574 343 -343 0 -2906 -3249 , 2.7829020329614606e-06 , 1
1.3034103355039397 , 1272 -1483 -1306 -1052 -3756 -1332 , 3321 -925 925 0 1013 1938 , -2765 481 395 -681 -1216 -899 , 2666 582 -582 0 1893 1311 , 2324 1306 1483 1052 -26 -2273 , -364 -2030 2343 -1457 -38 -796 , 1093 -2343 2030 1457 -3139 1992 , -2084 -395 -481 681 -1294 -1697 , 574 343 -343 0 -2906 -3249 , 2.7829020329614614e-06 , 2
1.3034103355039397 , 1272 -1483 -1306 -1052 -3756 -1332 , 3321 -925 925 0 1013 1938 , 2765 -481 -395 681 1216 899 , 2666 582 -582 0 1893 1311 , 2324 1306 1483 1052 -26 -2273 , 364 2030 -2343 1457 38 796 , -1093 2343 -2030 -1457 3139 -1992 , 2084 395 481 -681 1294 1697 , 574 343 -343 0 -2906 -3249 , 2.7829020329614614e-06 , 3
1.3034103355039397 , 1272 -1483 -1306 -1052 -3756 -1332 , 2666 582 -582 0 1893 1311 , -1093 2343 -2030 -1457 3139 -1992 , 3321 -925 925 0 1013 1938 , 2324 1306 1483 1052 -26 -2273 , 2084 395 481 -681 1294 1697 , 2765 -481 -395 681 1216 899 , 364 2030 -2343 1457 38 796 , 574 343 -343 0 -2906 -3249 , 2.7829020329614614e-06 , 4
1.3034103355039397 , 1272 -1483 -1306 -1052 -3756 -1332 , 2666 582 -582 0 1893 1311 , 1093 -2343 2030 1457 -3139 1992 , 3321 -925 925 0 1013 1938 , 2324 1306 1483 1052 -26 -2273 , -2084 -395 -481 681 -1294 -1697 , -2765 481 395 -681 -1216 -899 , -364 -2030 2343 -1457 -38 -796 , 574 343 -343 0 -2906 -3249 , 2.7829020329614614e-06 , 5
1.3034103355039397 , 1272 -1483 -1306 -1052 -3756 -1332 , 3321 -925 925 0 1013 1938 , 681 1216 899 -2084 1697 1294 , 2666 582 -582 0 1893 1311 , 2324 1306 1483 1052 -26 -2273 , 1457 38 796 1093 -1992 3139 , 364 -796 -38 -1093 2343 -2030 , 2765 -899 -1216 2084 395 481 , 574 343 -343 0 -2906 -3249 , 2.7829020329679133e-06 , 6
1.3034103355039397 , 1272 -1483 -1306 -1052 -3756 -1332 , 3321 -925 925 0 1013 1938 , -681 -1216 -899 2084 -1697 -1294 , 2666 582 -582 0 1893 1311 , 2324 1306 1483 1052 -26 -2273 , -1457 -38 -796 -1093 1992 -3139 , -364 796 38 1093 -2343 2030 , -2765 899 1216 -2084 -395 -481 , 574 343 -343 0 -2906 -3249 , 2.7829020329679133e-06 , 7
1.3034103355039397 , 1272 -1483 -1306 -1052 -3756 -1332 , 2666 582 -582 0 1893 1311 , -38 -1457 3139 -2030 -364 796 , 3321 -925 925 0 1013 1938 , 2324 1306 1483 1052 -26 -2273 , -1216 -681 1294 481 -2765 899 , -1697 -1294 681 -481 -395 -2084 , 1992 -3139 1457 2030 -2343 1093 , 574 343 -343 0 -2906 -3249 , 2.7829020329775898e-06 , 8
1.3034103355039397 , 1272 -1483 -1306 -1052 -3756 -1332 , 2666 582 -582 0 1893 1311 , 38 1457 -3139 2030 364 -796 , 3321 -925 925 0 1013 1938 , 2324 1306 1483 1052 -26 -2273 , 1216 681 -1294 -481 2765 -899 , 1697 1294 -681 481 395 2084 , -1992 3139 -1457 -2030 2343 -1093 , 574 343 -343 0 -2906 -3249 , 2.7829020329775898e-06 , 9
1.3034103355039397 , 1272 -1483 -1306 -1052 -3756 -1332 , 3321 -925 925 0 1013 1938 , -2084 1697 1294 -2765 481 395 , 2666 582 -582 0 1893 1311 , 2324 1306 1483 1052 -26 -2273 , 1093 -1992 3139 -364 -2030 2343 , 1457 -3139 1992 364 -796 -38 , 681 -1294 -1697 2765 -899 -1216 , 574 343 -343 0 -2906 -3249 , 2.7829020329775902e-06 , 10
1.3034103355039397 , 1272 -1483 -1306 -1052 -3756 -1332 , 3321 -925 925 0 1013 1938 , 2084 -1697 -1294 2765 -481 -395 , 2666 582 -582 0 1893 1311 , 2324 1306 1483 1052 -26 -2273 , -1093 1992 -3139 364 2030 -2343 , -1457 3139 -1992 -364 796 38 , -681 1294 1697 -2765 899 1216 , 574 343 -343 0 -2906 -3249 , 2.7829020329775902e-06 , 11
1.3034103355039397 , 1272 -1483 -1306 -1052 -3756 -1332 , 2666 582 -582 0 1893 1311 , -796 -38 -1457 2343 -2030 -364 , 3321 -925 925 0 1013 1938 , 2324 1306 1483 1052 -26 -2273 , -899 -1216 -681 395 481 -2765 , -1294 681 1216 -395 -2084 1697 , -3139 1457 38 -2343 1093 -1992 , 574 343 -343 0 -2906 -3249 , 2.7829020329775902e-06 , 12
1.3034103355039397 , 1272 -1483 -1306 -1052 -3756 -1332 , 2666 582 -582 0 1893 1311 , -1457 3139 -1992 -364 796 38 , 3321 -925 925 0 1013 1938 , 2324 1306 1483 1052 -26 -2273 , -681 1294 1697 -2765 899 1216 , 2084 -1697 -1294 2765 -481 -395 , -1093 1992 -3139 364 2030 -2343 , 574 343 -343 0 -2906 -3249 , 2.7829020329775902e-06 , 13
1.3034103355039397 , 1272 -1483 -1306 -1052 -3756 -1332 , 2666 582 -582 0 1893 1311 , 1992 -1093 2343 -38 -1457 3139 , 3321 -925 925 0 1013 1938 , 2324 1306 1483 1052 -26 -2273 , -1697 2084 395 -1216 -681 1294 , -481 -395 -2084 1216 899 -2765 , 2030 -2343 1093 38 796 -364 , 574 343 -343 0 -2906 -3249 , 2.7829020329775902e-06 , 14
1.3034103355039397 , 1272 -1483 -1306 -1052 -3756 -1332 , 2666 582 -582 0 1893 1311 , -1992 1093 -2343 38 1457 -3139 , 3321 -925 925 0 1013 1938 , 2324 1306 1483 1052 -26 -2273 , 1697 -2084 -395 1216 681 -1294 , 481 395 2084 -1216 -899 2765 , -2030 2343 -1093 -38 -796 364 , 574 343 -343 0 -2906 -3249 , 2.7829020329775902e-06 , 15
1.3034103355039397 , 1272 -1483 -1306 -1052 -3756 -1332 , 2666 582 -582 0 1893 1311 , 1457 -3139 1992 364 -796 -38 , 3321 -925 925 0 1013 1938 , 2324 1306 1483 1052 -26 -2273 , 681 -1294 -1697 2765 -899 -1216 , -2084 1697 1294 -2765 481 395 , 1093 -1992 3139 -364 -2030 2343 , 574 343 -343 0 -2906 -3249 , 2.7829020329775902e-06 , 16
1.3034103355039397 , 1272 -1483 -1306 -1052 -3756 -1332 , 2666 582 -582 0 1893 1311 , 796 38 1457 -2343 2030 364 , 3321 -925 925 0 1013 1938 , 2324 1306 1483 1052 -26 -2273 , 899 1216 681 -395 -481 2765 , 1294 -681 -1216 395 2084 -1697 , 3139 -1457 -38 2343 -1093 1992 , 574 343 -343 0 -2906 -3249 , 2.7829020329775902e-06 , 17
1.3034103355039397 , 1272 -1483 -1306 -1052 -3756 -1332 , 3321 -925 925 0 1013 1938 , -395 -2084 1697 899 -2765 481 , 2666 582 -582 0 1893 1311 , 2324 1306 1483 1052 -26 -2273 , -2343 1093 -1992 796 -364 -2030 , -3139 1992 -1093 -796 -38 -1457 , -1294 -1697 2084 -899 -1216 -681 , 574 343 -343 0 -2906 -3249 , 2.7829020329808161e-06 , 18
1.3034103355039397 , 1272 -1483 -1306 -1052 -3756 -1332 , 3321 -925 925 0 1013 1938 , 395 2084 -1697 -899 2765 -481 , 2666 582 -582 0 1893 1311 , 2324 1306 1483 1052 -26 -2273 , 2343 -1093 1992 -796 364 2030 , 3139 -1992 1093 796 38 1457 , 1294 1697 -2084 899 1216 681 , 574 343 -343 0 -2906 -3249 , 2.7829020329808161e-06 , 19
1.3034103355039397 , 1272 -1483 -1306 -1052 -3756 -1332 , 2666 582 -582 0 1893 1311 , -2343 2030 364 -3139 1992 -1093 , 3321 -925 925 0 1013 1938 , 2324 1306 1483 1052 -26 -2273 , -395 -481 2765 -1294 -1697 2084 , 899 -2765 481 1294 -681 -1216 , 796 -364 -2030 3139 -1457 -38 , 574 343 -343 0 -2906 -3249 , 2.7829020329808161e-06 , 20
1.3034103355039397 , 1272 -1483 -1306 -1052 -3756 -1332 , 2666 582 -582 0 1893 1311 , -2030 -364 796 -1992 1093 -2343 , 3321 -925 925 0 1013 1938 , 2324 1306 1483 1052 -26 -2273 , 481 -2765 899 1697 -2084 -395 , -1216 -899 2765 -1697 -1294 681 , -38 -796 364 1992 -3139 1457 , 574 343 -343 0 -2906 -3249 , 2.7829020329808161e-06 , 21
1.3034103355039397 , 1272 -1483 -1306 -1052 -3756 -1332 , 2666 582 -582 0 1893 1311 , 2030 364 -796 1992 -1093 2343 , 3321 -925 925 0 1013 1938 , 2324 1306 1483 1052 -26 -2273 , -481 2765 -899 -1697 2084 395 , 1216 899 -2765 1697 1294 -681 , 38 796 -364 -1992 3139 -1457 , 574 343 -343 0 -2906 -3249 , 2.7829020329808161e-06 , 22
1.3034103355039397 , 1272 -1483 -1306 -1052 -3756 -1332 , 2666 582 -582 0 1893 1311 , 2343 -2030 -364 3139 -1992 1093 , 3321 -925 925 0 1013 1938 , 2324 1306 1483 1052 -26 -2273 , 395 481 -2765 1294 1697 -2084 , -899 2765 -481 -1294 681 1216 , -796 364 2030 -3139 1457 38 , 574 343 -343 0 -2906 -3249 , 2.7829020329808161e-06 , 23
1.3034103355039397 , 1272 -1483 -1306 -1052 -3756 -1332 , 3321 -925 925 0 1013 1938 , 1216 899 -2765 1697 1294 -681 , 2666 582 -582 0 1893 1311 , 2324 1306 1483 1052 -26 -2273 , 38 796 -364 -1992 3139 -1457 , 2030 364 -796 1992 -1093 2343 , -481 2765 -899 -1697 2084 395 , 574 343 -343 0 -2906 -3249 , 2.782902032984042e-06 , 24
1.3034103355039397 , 1272 -1483 -1306 -1052 -3756 -1332 , 3321 -925 925 0 1013 1938 , -1294 681 1216 -395 -2084 1697 , 2666 582 -582 0 1893 1311 , 2324 1306 1483 1052 -26 -2273 , -3139 1457 38 -2343 1093 -1992 , -796 -38 -1457 2343 -2030 -364 , -899 -1216 -681 395 481 -2765 , 574 343 -343 0 -2906 -3249 , 2.782902032984042e-06 , 25
1.3034103355039397 , 1272 -1483 -1306 -1052 -3756 -1332 , 3321 -925 925 0 1013 1938 , 1294 -681 -1216 395 2084 -1697 , 2666 582 -582 0 1893 1311 , 2324 1306 1483 1052 -26 -2273 , 3139 -1457 -38 2343 -1093 1992 , 796 38 1457 -2343 2030 364 , 899 1216 681 -395 -481 2765 , 574 343 -343 0 -2906 -3249 , 2.782902032984042e-06 , 26
1.3034103355039397 , 1272 -1483 -1306 -1052 -3756 -1332 , 3321 -925 925 0 1013 1938 , -1216 -899 2765 -1697 -1294 681 , 2666 582 -582 0 1893 1311 , 2324 1306 1483 1052 -26 -2273 , -38 -796 364 1992 -3139 1457 , -2030 -364 796 -1992 1093 -2343 , 481 -2765 899 1697 -2084 -395 , 574 343 -343 0 -2906 -3249 , 2.782902032984042e-06 , 27
1.3034103355039397 , 1272 -1483 -1306 -1052 -3756 -1332 , 3321 -925 925 0 1013 1938 , -481 -395 -2084 1216 899 -2765 , 2666 582 -582 0 1893 1311 , 2324 1306 1483 1052 -26 -2273 , 2030 -2343 1093 38 796 -364 , 1992 -1093 2343 -38 -1457 3139 , -1697 2084 395 -1216 -681 1294 , 574 343 -343 0 -2906 -3249 , 2.782902032987268e-06 , 28
1.3034103355039397 , 1272 -1483 -1306 -1052 -3756 -1332 , 3321 -925 925 0 1013 1938 , 481 395 2084 -1216 -899 2765 , 2666 582 -582 0 1893 1311 , 2324 1306 1483 1052 -26 -2273 , -2030 2343 -1093 -38 -796 364 , -1992 1093 -2343 38 1457 -3139 , 1697 -2084 -395 1216 681 -1294 , 574 343 -343 0 -2906 -3249 , 2.782902032987268e-06 , 29
1.3034103355039397 , 1272 -1483 -1306 -1052 -3756 -1332 , 3321 -925 925 0 1013 1938 , 899 -2765 481 1294 -681 -1216 , 2666 582 -582 0 1893 1311 , 2324 1306 1483 1052 -26 -2273 , 796 -364 -2030 3139 -1457 -38 , -2343 2030 364 -3139 1992 -1093 , -395 -481 2765 -1294 -1697 2084 , 574 343 -343 0 -2906 -3249 , 2.7829020329904935e-06 , 30
1.3034103355039397 , 1272 -1483 -1306 -1052 -3756 -1332 , 3321 -925 925 0 1013 1938 , -899 2765 -481 -1294 681 1216 , 2666 582 -582 0 1893 1311 , 2324 1306 1483 1052 -26 -2273 , -796 364 2030 -3139 1457 38 , 2343 -2030 -364 3139 -1992 1093 , 395 481 -2765 1294 1697 -2084 , 574 343 -343 0 -2906 -3249 , 2.7829020329904935e-06 , 31
1.3034103355039397 , 1272 -1483 -1306 -1052 -3756 -1332 , 3321 -925 925 0 1013 1938 , 1697 1294 -681 481 395 2084 , 2666 582 -582 0 1893 1311 , 2324 1306 1483 1052 -26 -2273 , -1992 3139 -1457 -2030 2343 -1093 , 38 1457 -3139 2030 364 -796 , 1216 681 -1294 -481 2765 -899 , 574 343 -343 0 -2906 -3249 , 2.782902032993719e-06 , 32
1.3034103355039397 , 1272 -1483 -1306 -1052 -3756 -1332 , 3321 -925 925 0 1013 1938 , -1697 -1294 681 -481 -395 -2084 , 2666 582 -582 0 1893 1311 , 2324 1306 1483 1052 -26 -2273 , 1992 -3139 1457 2030 -2343 1093 , -38 -1457 3139 -2030 -364 796 , -1216 -681 1294 481 -2765 899 , 574 343 -343 0 -2906 -3249 , 2.782902032993719e-06 , 33
1.3034103355039397 , 1272 -1483 -1306 -1052 -3756 -1332 , 2666 582 -582 0 1893 1311 , -3139 1992 -1093 -796 -38 -1457 , 3321 -925 925 0 1013 1938 , 2324 1306 1483 1052 -26 -2273 , -1294 -1697 2084 -899 -1216 -681 , -395 -2084 1697 899 -2765 481 , -2343 1093 -1992 796 -364 -2030 , 574 343 -343 0 -2906 -3249 , 2.7829020329969449e-06 , 34
1.3034103355039397 , 1272 -1483 -1306 -1052 -3756 -1332 , 2666 582 -582 0 1893 1311 , 3139 -1992 1093 796 38 1457 , 3321 -925 925 0 1013 1938 , 2324 1306 1483 1052 -26 -2273 , 1294 1697 -2084 899 1216 681 , 395 2084 -1697 -899 2765 -481 , 2343 -1093 1992 -796 364 2030 , 574 343 -343 0 -2906 -3249 , 2.7829020329969449e-06 , 35
1.4080792118695997 , 1674 -2026 -1285 -1390 -3040 -1650 , 3810 -280 280 0 1799 2079 , -1619 857 -348 -1140 898 -1380 , 2177 -63 63 0 1107 1170 , 3064 1285 2026 1390 -365 -1014 , 224 -1133 3250 -255 -3266 3317 , 479 -3250 1133 255 67 -2133 , -479 348 -857 1140 -1032 41 , 574 343 -343 0 -2906 -3249 , 2.7899631029711048e-06 , 0
1.4080792118695997 , 1674 -2026 -1285 -1390 -3040 -1650 , 3810 -280 280 0 1799 2079 , 1619 -857 348 1140 -898 1380 , 2177 -63 63 0 1107 1170 , 3064 1285 2026 1390 -365 -1014 , -224 1133 -3250 255 3266 -3317 , -479 3250 -1133 -255 -67 2133 , 479 -348 857 -1140 1032 -41 , 574 343 -343 0 -2906 -3249 , 2.7899631029711048e-06 , 1
1.4080792118695997 , 1674 -2026 -1285 -1390 -3040 -1650 , 2177 -63 63 0 1107 1170 , -3266 -255 -67 -1133 224 -3317 , 3810 -280 280 0 1799 2079 , 3064 1285 2026 1390 -365 -1014 , 898 -1140 1032 857 -1619 1380 , 41 -1032 1140 -857 348 -479 , -2133 67 255 1133 -3250 479 , 574 343 -343 0 -2906 -3249 , 2.7899631029775478e-06 , 2
1.4080792118695997 , 1674 -2026 -1285 -1390 -3040 -1650 , 2177 -63 63 0 1107 1170 , 3266 255 67 1133 -224 3317 , 3810 -280 280 0 1799 2079 , 3064 1285 2026 1390 -365 -1014 , -898 1140 -1032 -857 1619 -1380 , -41 1032 -1140 857 -348 479 , 2133 -67 -255 -1133 3250 -479 , 574 343 -343 0 -2906 -3249 , 2.7899631029775478e-06 , 3
1.4080792118695997 , 1674 -2026 -1285 -1390 -3040 -1650 , 3810 -280 280 0 1799 2079 , -41 1032 -1140 857 -348 479 , 2177 -63 63 0 1107 1170 , 3064 1285 2026 1390 -365 -1014 , 2133 -67 -255 -1133 3250 -479 , 3266 255 67 1133 -224 3317 , -898 1140 -1032 -857 1619 -1380 , 574 343 -343 0 -2906 -3249 , 2.7899631029904328e-06 , 4
1.4080792118695997 , 1674 -2026 -1285 -1390 -3040 -1650 , 3810 -280 280 0 1799 2079 , 41 -1032 1140 -857 348 -479 , 2177 -63 63 0 1107 1170 , 3064 1285 2026 1390 -365 -1014 , -2133 67 255 1133 -3250 479 , -3266 -255 -67 -1133 224 -3317 , 898 -1140 1032 857 -1619 1380 , 574 343 -343 0 -2906 -3249 , 2.7899631029904328e-06 , 5
1.4080792118695997 , 1674 -2026 -1285 -1390 -3040 -1650 , 3810 -280 280 0 1799 2079 , 1032 -1140 898 -348 479 41 , 2177 -63 63 0 1107 1170 , 3064 1285 2026 1390 -365 -1014 , -67 -255 -3266 3250 -479 -2133 , -3317 3266 255 -3250 1133 -224 , 1380 -898 1140 348 -857 1619 , 574 343 -343 0 -2906 -3249 , 2.7899631029968762e-06 , 6
1.4080792118695997 , 1674 -2026 -1285 -1390 -3040 -1650 , 3810 -280 280 0 1799 2079 , 479 41 -1032 1619 -857 348 , 2177 -63 63 0 1107 1170 , 3064 1285 2026 1390 -365 -1014 , -479 -2133 67 -224 1133 -3250 , -255 -67 2133 224 -3317 3266 , -1140 1032 -41 -1619 1380 -898 , 574 343 -343 0 -2906 -3249 , 2.7899631029968762e-06 , 7
1.4080792118695997 , 1674 -2026 -1285 -1390 -3040 -1650 , 3810 -280 280 0 1799 2079 , -479 -41 1032 -1619 857 -348 , 2177 -63 63 0 1107 1170 , 3064 1285 2026 1390 -365 -1014 , 479 2133 -67 224 -1133 3250 , 255 67 -2133 -224 3317 -3266 , 1140 -1032 41 1619 -1380 898 , 574 343 -343 0 -2906 -3249 , 2.7899631029968762e-06 , 8
1.4080792118695997 , 1674 -2026 -1285 -1390 -3040 -1650 , 3810 -280 280 0 1799 2079 , -1032 1140 -898 348 -479 -41 , 2177 -63 63 0 1107 1170 , 3064 1285 2026 1390 -365 -1014 , 67 255 3266 -3250 479 2133 , 3317 -3266 -255 3250 -1133 224 , -1380 898 -1140 -348 857 -1619 , 574 343 -343 0 -2906 -3249 , 2.7899631029968762e-06 , 9
1.4080792118695997 , 1674 -2026 -1285 -1390 -3040 -1650 , 2177 -63 63 0 1107 1170 , 255 67 -2133 -224 3317 -3266 , 3810 -280 280 0 1799 2079 , 3064 1285 2026 1390 -365 -1014 , 1140 -1032 41 1619 -1380 898 , -479 -41 1032 -1619 857 -348 , 479 2133 -67 224 -1133 3250 , 574 343 -343 0 -2906 -3249 , 2.7899631030033183e-06 , 10
1.4080792118695997 , 1674 -2026 -1285 -1390 -3040 -1650 , 2177 -63 63 0 1107 1170 , -255 -67 2133 224 -3317 3266 , 3810 -280 280 0 1799 2079 , 3064 1285 2026 1390 -365 -1014 , -1140 1032 -41 -1619 1380 -898 , 479 41 -1032 1619 -857 348 , -479 -2133 67 -224 1133 -3250 , 574 343 -343 0 -2906 -3249 , 2.7899631030033183e-06 , 11
1.4080792118695997 , 1674 -2026 -1285 -1390 -3040 -1650 , 2177 -63 63 0 1107 1170 , 1133 -224 3317 -2133 -479 3250 , 3810 -280 280 0 1799 2079 , 3064 1285 2026 1390 -365 -1014 , -857 1619 -1380 41 479 -348 , -898 1380 -1619 -41 1032 -1140 , 3266 -3317 224 2133 -67 -255 , 574 343 -343 0 -2906 -3249 , 2.7899631030097617e-06 , 12
1.4080792118695997 , 1674 -2026 -1285 -1390 -3040 -1650 , 2177 -63 63 0 1107 1170 , -1133 224 -3317 2133 479 -3250 , 3810 -280 280 0 1799 2079 , 3064 1285 2026 1390 -365 -1014 , 857 -1619 1380 -41 -479 348 , 898 -1380 1619 41 -1032 1140 , -3266 3317 -224 -2133 67 255 , 574 343 -343 0 -2906 -3249 , 2.7899631030097617e-06 , 13
1.4080792118695997 , 1674 -2026 -1285 -1390 -3040 -1650 , 3810 -280 280 0 1799 2079 , 857 -348 479 898 -1380 1619 , 2177 -63 63 0 1107 1170 , 3064 1285 2026 1390 -365 -1014 , -1133 3250 -479 -3266 3317 -224 , 2133 479 -3250 3266 255 67 , -41 -479 348 -898 1140 -1032 , 574 343 -343 0 -2906 -3249 , 2.7899631030097617e-06 , 14
1.4080792118695997 , 1674 -2026 -1285 -1390 -3040 -1650 , 3810 -280 280 0 1799 2079 , -857 348 -479 -898 1380 -1619 , 2177 -63 63 0 1107 1170 , 3064 1285 2026 1390 -365 -1014 , 1133 -3250 479 3266 -3317 224 , -2133 -479 3250 -3266 -255 -67 , 41 479 -348 898 -1140 1032 , 574 343 -343 0 -2906 -3249 , 2.7899631030097617e-06 , 15
1.4080792118695997 , 1674 -2026 -1285 -1390 -3040 -1650 , 2177 -63 63 0 1107 1170 , -3250 1133 -224 67 -2133 -479 , 3810 -280 280 0 1799 2079 , 3064 1285 2026 1390 -365 -1014 , 348 -857 1619 -1032 41 479 , 1380 -1619 857 1032 -1140 898 , -3317 224 -1133 -67 -255 -3266 , 574 343 -343 0 -2906 -3249 , 2.7899631030162042e-06 , 16
1.4080792118695997 , 1674 -2026 -1285 -1390 -3040 -1650 , 2177 -63 63 0 1107 1170 , 3250 -1133 224 -67 2133 479 , 3810 -280 280 0 1799 2079 , 3064 1285 2026 1390 -365 -1014 , -348 857 -1619 1032 -41 -479 , -1380 1619 -857 -1032 1140 -898 , 3317 -224 1133 67 255 3266 , 574 343 -343 0 -2906 -3249 , 2.7899631030162042e-06 , 17
1.4080792118695997 , 1674 -2026 -1285 -1390 -3040 -1650 , 2177 -63 63 0 1107 1170 , 67 -2133 -479 3317 -3266 -255 , 3810 -280 280 0 1799 2079 , 3064 1285 2026 1390 -365 -1014 , -1032 41 479 -1380 898 -1140 , 348 -479 -41 1380 -1619 857 , -3250 479 2133 -3317 224 -1133 , 574 343 -343 0 -2906 -3249 , 2.7899631030226472e-06 , 18
1.4080792118695997 , 1674 -2026 -1285 -1390 -3040 -1650 , 2177 -63 63 0 1107 1170 , -67 2133 479 -3317 3266 255 , 3810 -280 280 0 1799 2079 , 3064 1285 2026 1390 -365 -1014 , 1032 -41 -479 1380 -898 1140 , -348 479 41 -1380 1619 -857 , 3250 -479 -2133 3317 -224 1133 , 574 343 -343 0 -2906 -3249 , 2.7899631030226472e-06 , 19
1.4080792118695997 , 1674 -2026 -1285 -1390 -3040 -1650 , 3810 -280 280 0 1799 2079 , -1140 898 -1380 479 41 -1032 , 2177 -63 63 0 1107 1170 , 3064 1285 2026 1390 -365 -1014 , -255 -3266 3317 -479 -2133 67 , 224 -3317 3266 479 -3250 1133 , -1619 1380 -898 -479 348 -857 , 574 343 -343 0 -2906 -3249 , 2.7899631030226472e-06 , 20
1.4080792118695997 , 1674 -2026 -1285 -1390 -3040 -1650 , 3810 -280 280 0 1799 2079 , 898 -1380 1619 41 -1032 1140 , 2177 -63 63 0 1107 1170 , 3064 1285 2026 1390 -365 -1014 , -3266 3317 -224 -2133 67 255 , -1133 224 -3317 2133 479 -3250 , 857 -1619 1380 -41 -479 348 , 574 343 -343 0 -2906 -3249 , 2.7899631030226472e-06 , 21
1.4080792118695997 , 1674 -2026 -1285 -1390 -3040 -1650 , 3810 -280 280 0 1799 2079 , -898 1380 -1619 -41 1032 -1140 , 2177 -63 63 0 1107 1170 , 3064 1285 2026 1390 -365 -1014 , 3266 -3317 224 2133 -67 -255 , 1133 -224 3317 -2133 -479 3250 , -857 1619 -1380 41 479 -348 , 574 343 -343 0 -2906 -3249 , 2.7899631030226472e-06 , 22
1.4080792118695997 , 1674 -2026 -1285 -1390 -3040 -1650 , 3810 -280 280 0 1799 2079 , 1140 -898 1380 -479 -41 1032 , 2177 -63 63 0 1107 1170 , 3064 1285 2026 1390 -365 -1014 , 255 3266 -3317 479 2133 -67 , -224 3317 -3266 -479 3250 -1133 , 1619 -1380 898 479 -348 857 , 574 343 -343 0 -2906 -3249 , 2.7899631030226472e-06 , 23
1.4080792118695997 , 1674 -2026 -1285 -1390 -3040 -1650 , 2177 -63 63 0 1107 1170 , 479 -3250 1133 255 67 -2133 , 3810 -280 280 0 1799 2079 , 3064 1285 2026 1390 -365 -1014 , -479 348 -857 1140 -1032 41 , -1619 857 -348 -1140 898 -1380 , 224 -1133 3250 -255 -3266 3317 , 574 343 -343 0 -2906 -3249 , 2.7899631030355327e-06 , 24
1.4080792118695997 , 1674 -2026 -1285 -1390 -3040 -1650 , 2177 -63 63 0 1107 1170 , -2133 -479 3250 -3266 -255 -67 , 3810 -280 280 0 1799 2079 , 3064 1285 2026 1390 -365 -1014 , 41 479 -348 898 -1140 1032 , -857 348 -479 -898 1380 -1619 , 1133 -3250 479 3266 -3317 224 , 574 343 -343 0 -2906 -3249 , 2.7899631030355327e-06 , 25
1.4080792118695997 , 1674 -2026 -1285 -1390 -3040 -1650 , 2177 -63 63 0 1107 1170 , -224 3317 -3266 -479 3250 -1133 , 3810 -280 280 0 1799 2079 , 3064 1285 2026 1390 -365 -1014 , 1619 -1380 898 479 -348 857 , 1140 -898 1380 -479 -41 1032 , 255 3266 -3317 479 2133 -67 , 574 343 -343 0 -2906 -3249 , 2.7899631030355327e-06 , 26
1.4080792118695997 , 1674 -2026 -1285 -1390 -3040 -1650 , 2177 -63 63 0 1107 1170 , 224 -3317 3266 479 -3250 1133 , 3810 -280 280 0 1799 2079 , 3064 1285 2026 1390 -365 -1014 , -1619 1380 -898 -479 348 -857 , -1140 898 -1380 479 41 -1032 , -255 -3266 3317 -479 -2133 67 , 574 343 -343 0 -2906 -3249 , 2.7899631030355327e-06 , 27
1.4080792118695997 , 1674 -2026 -1285 -1390 -3040 -1650 , 2177 -63 63 0 1107 1170 , 2133 479 -3250 3266 255 67 , 3810 -280 280 0 1799 2079 , 3064 1285 2026 1390 -365 -1014 , -41 -479 348 -898 1140 -1032 , 857 -348 479 898 -1380 1619 , -1133 3250 -479 -3266 3317 -224 , 574 343 -343 0 -2906 -3249 , 2.7899631030355327e-06 , 28
1.4080792118695997 , 1674 -2026 -1285 -1390 -3040 -1650 , 2177 -63 63 0 1107 1170 , -479 3250 -1133 -255 -67 2133 , 3810 -280 280 0 1799 2079 , 3064 1285 2026 1390 -365 -1014 , 479 -348 857 -1140 1032 -41 , 1619 -857 348 1140 -898 1380 , -224 1133 -3250 255 3266 -3317 , 574 343 -343 0 -2906 -3249 , 2.7899631030355327e-06 , 29
1.4080792118695997 , 1674 -2026 -1285 -1390 -3040 -1650 , 3810 -280 280 0 1799 2079 , -1380 1619 -857 -1032 1140 -898 , 2177 -63 63 0 1107 1170 , 3064 1285 2026 1390 -365 -1014 , 3317 -224 1133 67 255 3266 , 3250 -1133 224 -67 2133 479 , -348 857 -1619 1032 -41 -479 , 574 343 -343 0 -2906 -3249 , 2.7899631030355327e-06 , 30
1.4080792118695997 , 1674 -2026 -1285 -1390 -3040 -1650 , 3810 -280 280 0 1799 2079 , 1380 -1619 857 1032 -1140 898 , 2177 -63 63 0 1107 1170 , 3064 1285 2026 1390 -365 -1014 , -3317 224 -1133 -67 -255 -3266 , -3250 1133 -224 67 -2133 -479 , 348 -857 1619 -1032 41 479 , 574 343 -343 0 -2906 -3249 , 2.7899631030355327e-06 , 31
1.4080792118695997 , 1674 -2026 -1285 -1390 -3040 -1650 , 2177 -63 63 0 1107 1170 , -3317 3266 255 -3250 1133 -224 , 3810 -280 280 0 1799 2079 , 3064 1285 2026 1390 -365 -1014 , 1380 -898 1140 348 -857 1619 , 1032 -1140 898 -348 479 41 , -67 -255 -3266 3250 -479 -2133 , 574 343 -343 0 -2906 -3249 , 2.7899631030484182e-06 , 32
1.4080792118695997 , 1674 -2026 -1285 -1390 -3040 -1650 , 2177 -63 63 0 1107 1170 , 3317 -3266 -255 3250 -1133 224 , 3810 -280 280 0 1799 2079 , 3064 1285 2026 1390 -365 -1014 , -1380 898 -1140 -348 857 -1619 , -1032 1140 -898 348 -479 -41 , 67 255 3266 -3250 479 2133 , 574 343 -343 0 -2906 -3249 , 2.7899631030484182e-06 , 33
1.4080792118695997 , 1674 -2026 -1285 -1390 -3040 -1650 , 3810 -280 280 0 1799 2079 , -348 479 41 -1380 1619 -857 , 2177 -63 63 0 1107 1170 , 3064 1285 2026 1390 -365 -1014 , 3250 -479 -2133 3317 -224 1133 , -67 2133 479 -3317 3266 255 , 1032 -41 -479 1380 -898 1140 , 574 343 -343 0 -2906 -3249 , 2.7899631030484182e-06 , 34
1.4080792118695997 , 1674 -2026 -1285 -1390 -3040 -1650 , 3810 -280 280 0 1799 2079 , 348 -479 -41 1380 -1619 857 , 2177 -63 63 0 1107 1170 , 3064 1285 2026 1390 -365 -1014 , -3250 479 2133 -3317 224 -1133 , 67 -2133 -479 3317 -3266 -255 , -1032 41 479 -1380 898 -1140 , 574 343 -343 0 -2906 -3249 , 2.7899631030484182e-06 , 35
1.5116515521932818 , 889 -1299 -3013 -345 -3367 -2200 , 2612 183 -183 0 1539 1356 , -3121 2888 -322 -2337 817 -600 , 3375 -526 526 0 1367 1893 , 1234 3013 1299 345 813 -2068 , -180 1578 272 -2287 2202 160 , 2107 -272 -1578 2287 -112 624 , -784 322 -2888 2337 -278 -2071 , 574 343 -343 0 -2906 -3249 , 2.8024080967331085e-06 , 0
1.5116515521932818 , 889 -1299 -3013 -345 -3367 -2200 , 2612 183 -183 0 1539 1356 , 3121 -2888 322 2337 -817 600 , 3375 -526 526 0 1367 1893 , 1234 3013 1299 345 813 -2068 , 180 -1578 -272 2287 -2202 -160 , -2107 272 1578 -2287 112 -624 , 784 -322 2888 -2337 278 2071 , 574 343 -343 0 -2906 -3249 , 2.8024080967331085e-06 , 1
1.5116515521932818 , 889 -1299 -3013 -345 -3367 -2200 , 3375 -526 526 0 1367 1893 , -1578 180 160 624 -2107 272 , 2612 183 -183 0 1539 1356 , 1234 3013 1299 345 813 -2068 , -2888 3121 -600 -2071 784 -322 , -817 600 -3121 2071 278 -2337 , -2202 -160 -180 -624 112 -2287 , 574 343 -343 0 -2906 -3249 , 2.8024080967428943e-06 , 2
1.5116515521932818 , 889 -1299 -3013 -345 -3367 -2200 , 3375 -526 526 0 1367 1893 , -112 624 -2107 160 2202 -2287 , 2612 183 -183 0 1539 1356 , 1234 3013 1299 345 813 -2068 , -278 -2071 784 -600 817 -2337 , 322 -784 2071 600 -3121 2888 , -272 2107 -624 -160 -180 1578 , 574 343 -343 0 -2906 -3249 , 2.8024080967428943e-06 , 3
1.5116515521932818 , 889 -1299 -3013 -345 -3367 -2200 , 3375 -526 526 0 1367 1893 , 112 -624 2107 -160 -2202 2287 , 2612 183 -183 0 1539 1356 , 1234 3013 1299 345 813 -2068 , 278 2071 -784 600 -817 2337 , -322 784 -2071 -600 3121 -2888 , 272 -2107 624 160 180 -1578 , 574 343 -343 0 -2906 -3249 , 2.8024080967428943e-06 , 4
1.5116515521932818 , 889 -1299 -3013 -345 -3367 -2200 , 3375 -526 526 0 1367 1893 , 1578 -180 -160 -624 2107 -272 , 2612 183 -183 0 1539 1356 , 1234 3013 1299 345 813 -2068 , 2888 -3121 600 2071 -784 322 , 817 -600 3121 -2071 -278 2337 , 2202 160 180 624 -112 2287 , 574 343 -343 0 -2906 -3249 , 2.8024080967428943e-06 , 5
1.5116515521932818 , 889 -1299 -3013 -345 -3367 -2200 , 2612 183 -183 0 1539 1356 , 278 -2337 817 -322 784 -2071 , 3375 -526 526 0 1367 1893 , 1234 3013 1299 345 813 -2068 , 112 -2287 2202 272 -2107 624 , -160 -2202 2287 -272 -1578 180 , 600 -817 2337 322 -2888 3121 , 574 343 -343 0 -2906 -3249 , 2.8024080967428943e-06 , 6
1.5116515521932818 , 889 -1299 -3013 -345 -3367 -2200 , 2612 183 -183 0 1539 1356 , -278 2337 -817 322 -784 2071 , 3375 -526 526 0 1367 1893 , 1234 3013 1299 345 813 -2068 , -112 2287 -2202 -272 2107 -624 , 160 2202 -2287 272 1578 -180 , -600 817 -2337 -322 2888 -3121 , 574 343 -343 0 -2906 -3249 , 2.8024080967428943e-06 , 7
1.5116515521932818 , 889 -1299 -3013 -345 -3367 -2200 , 3375 -526 526 0 1367 1893 , 624 -2107 272 2202 -2287 112 , 2612 183 -183 0 1539 1356 , 1234 3013 1299 345 813 -2068 , -2071 784 -322 817 -2337 278 , -2888 322 -784 -817 600 -3121 , -1578 -272 2107 -2202 -160 -180 , 574 343 -343 0 -2906 -3249 , 2.8024080967624654e-06 , 8
1.5116515521932818 , 889 -1299 -3013 -345 -3367 -2200 , 3375 -526 526 0 1367 1893 , -624 2107 -272 -2202 2287 -112 , 2612 183 -183 0 1539 1356 , 1234 3013 1299 345 813 -2068 , 2071 -784 322 -817 2337 -278 , 2888 -322 784 817 -600 3121 , 1578 272 -2107 2202 160 180 , 574 343 -343 0 -2906 -3249 , 2.8024080967624654e-06 , 9
1.5116515521932818 , 889 -1299 -3013 -345 -3367 -2200 , 2612 183 -183 0 1539 1356 , -817 600 -3121 2071 278 -2337 , 3375 -526 526 0 1367 1893 , 1234 3013 1299 345 813 -2068 , -2202 -160 -180 -624 112 -2287 , -1578 180 160 624 -2107 272 , -2888 3121 -600 -2071 784 -322 , 574 343 -343 0 -2906 -3249 , 2.8024080967624654e-06 , 10
1.5116515521932818 , 889 -1299 -3013 -345 -3367 -2200 , 2612 183 -183 0 1539 1356 , 817 -600 3121 -2071 -278 2337 , 3375 -526 526 0 1367 1893 , 1234 3013 1299 345 813 -2068 , 2202 160 180 624 -112 2287 , 1578 -180 -160 -624 2107 -272 , 2888 -3121 600 2071 -784 322 , 574 343 -343 0 -2906 -3249 , 2.8024080967624654e-06 , 11
1.5116515521932818 , 889 -1299 -3013 -345 -3367 -2200 , 3375 -526 526 0 1367 1893 , -2107 272 1578 -2287 112 -624 , 2612 183 -183 0 1539 1356 , 1234 3013 1299 345 813 -2068 , 784 -322 2888 -2337 278 2071 , 3121 -2888 322 2337 -817 600 , 180 -1578 -272 2287 -2202 -160 , 574 343 -343 0 -2906 -3249 , 2.8024080967624658e-06 , 12
1.5116515521932818 , 889 -1299 -3013 -345 -3367 -2200 , 3375 -526 526 0 1367 1893 , 2107 -272 -1578 2287 -112 624 , 2612 183 -183 0 1539 1356 , 1234 3013 1299 345 813 -2068 , -784 322 -2888 2337 -278 -2071 , -3121 2888 -322 -2337 817 -600 , -180 1578 272 -2287 2202 160 , 574 343 -343 0 -2906 -3249 , 2.8024080967624658e-06 , 13
1.5116515521932818 , 889 -1299 -3013 -345 -3367 -2200 , 2612 183 -183 0 1539 1356 , -2888 322 -784 -817 600 -3121 , 3375 -526 526 0 1367 1893 , 1234 3013 1299 345 813 -2068 , -1578 -272 2107 -2202 -160 -180 , 624 -2107 272 2202 -2287 112 , -2071 784 -322 817 -2337 278 , 574 343 -343 0 -2906 -3249 , 2.8024080967624658e-06 , 14
1.5116515521932818 , 889 -1299 -3013 -345 -3367 -2200 , 2612 183 -183 0 1539 1356 , 2888 -322 784 817 -600 3121 , 3375 -526 526 0 1367 1893 , 1234 3013 1299 345 813 -2068 , 1578 272 -2107 2202 160 180 , -624 2107 -272 -2202 2287 -112 , 2071 -784 322 -817 2337 -278 , 574 343 -343 0 -2906 -3249 , 2.8024080967624658e-06 , 15
1.5116515521932818 , 889 -1299 -3013 -345 -3367 -2200 , 3375 -526 526 0 1367 1893 , -272 -1578 180 -112 624 -2107 , 2612 183 -183 0 1539 1356 , 1234 3013 1299 345 813 -2068 , 322 -2888 3121 -278 -2071 784 , 600 -3121 2888 278 -2337 817 , -160 -180 1578 112 -2287 2202 , 574 343 -343 0 -2906 -3249 , 2.8024080967722511e-06 , 16
1.5116515521932818 , 889 -1299 -3013 -345 -3367 -2200 , 3375 -526 526 0 1367 1893 , 272 1578 -180 112 -624 2107 , 2612 183 -183 0 1539 1356 , 1234 3013 1299 345 813 -2068 , -322 2888 -3121 278 2071 -784 , -600 3121 -2888 -278 2337 -817 , 160 180 -1578 -112 2287 -2202 , 574 343 -343 0 -2906 -3249 , 2.8024080967722511e-06 , 17
1.5116515521932818 , 889 -1299 -3013 -345 -3367 -2200 , 2612 183 -183 0 1539 1356 , -322 784 -2071 -600 3121 -2888 , 3375 -526 526 0 1367 1893 , 1234 3013 1299 345 813 -2068 , 272 -2107 624 160 180 -1578 , 112 -624 2107 -160 -2202 2287 , 278 2071 -784 600 -817 2337 , 574 343 -343 0 -2906 -3249 , 2.8024080967722511e-06 , 18
1.5116515521932818 , 889 -1299 -3013 -345 -3367 -2200 , 2612 183 -183 0 1539 1356 , 322 -784 2071 600 -3121 2888 , 3375 -526 526 0 1367 1893 , 1234 3013 1299 345 813 -2068 , -272 2107 -624 -160 -180 1578 , -112 624 -2107 160 2202 -2287 , -278 -2071 784 -600 817 -2337 , 574 343 -343 0 -2906 -3249 , 2.8024080967722511e-06 , 19
1.5116515521932818 , 889 -1299 -3013 -345 -3367 -2200 , 3375 -526 526 0 1367 1893 , 2287 -112 624 180 160 2202 , 2612 183 -183 0 1539 1356 , 1234 3013 1299 345 813 -2068 , 2337 -278 -2071 3121 -600 817 , -784 2071 278 -3121 2888 -322 , 2107 -624 112 -180 1578 272 , 574 343 -343 0 -2906 -3249 , 2.8024080967820365e-06 , 20
1.5116515521932818 , 889 -1299 -3013 -345 -3367 -2200 , 3375 -526 526 0 1367 1893 , -2287 112 -624 -180 -160 -2202 , 2612 183 -183 0 1539 1356 , 1234 3013 1299 345 813 -2068 , -2337 278 2071 -3121 600 -817 , 784 -2071 -278 3121 -2888 322 , -2107 624 -112 180 -1578 -272 , 574 343 -343 0 -2906 -3249 , 2.8024080967820365e-06 , 21
1.5116515521932818 , 889 -1299 -3013 -345 -3367 -2200 , 2612 183 -183 0 1539 1356 , -784 2071 278 -3121 2888 -322 , 3375 -526 526 0 1367 1893 , 1234 3013 1299 345 813 -2068 , 2107 -624 112 -180 1578 272 , 2287 -112 624 180 160 2202 , 2337 -278 -2071 3121 -600 817 , 574 343 -343 0 -2906 -3249 , 2.8024080967820365e-06 , 22
1.5116515521932818 , 889 -1299 -3013 -345 -3367 -2200 , 2612 183 -183 0 1539 1356 , 784 -2071 -278 3121 -2888 322 , 3375 -526 526 0 1367 1893 , 1234 3013 1299 345 813 -2068 , -2107 624 -112 180 -1578 -272 , -2287 112 -624 -180 -160 -2202 , -2337 278 2071 -3121 600 -817 , 574 343 -343 0 -2906 -3249 , 2.8024080967820365e-06 , 23
1.5116515521932818 , 889 -1299 -3013 -345 -3367 -2200 , 2612 183 -183 0 1539 1356 , 2071 278 -2337 2888 -322 784 , 3375 -526 526 0 1367 1893 , 1234 3013 1299 345 813 -2068 , -624 112 -2287 1578 272 -2107 , -2202 2287 -112 -1578 180 160 , -817 2337 -278 -2888 3121 -600 , 574 343 -343 0 -2906 -3249 , 2.8024080967820369e-06 , 24
1.5116515521932818 , 889 -1299 -3013 -345 -3367 -2200 , 2612 183 -183 0 1539 1356 , -2071 -278 2337 -2888 322 -784 , 3375 -526 526 0 1367 1893 , 1234 3013 1299 345 813 -2068 , 624 -112 2287 -1578 -272 2107 , 2202 -2287 112 1578 -180 -160 , 817 -2337 278 2888 -3121 600 , 574 343 -343 0 -2906 -3249 , 2.8024080967820369e-06 , 25
1.5116515521932818 , 889 -1299 -3013 -345 -3367 -2200 , 3375 -526 526 0 1367 1893 , 160 2202 -2287 272 1578 -180 , 2612 183 -183 0 1539 1356 , 1234 3013 1299 345 813 -2068 , -600 817 -2337 -322 2888 -3121 , -278 2337 -817 322 -784 2071 , -112 2287 -2202 -272 2107 -624 , 574 343 -343 0 -2906 -3249 , 2.8024080967918223e-06 , 26
1.5116515521932818 , 889 -1299 -3013 -345 -3367 -2200 , 3375 -526 526 0 1367 1893 , -160 -2202 2287 -272 -1578 180 , 2612 183 -183 0 1539 1356 , 1234 3013 1299 345 813 -2068 , 600 -817 2337 322 -2888 3121 , 278 -2337 817 -322 784 -2071 , 112 -2287 2202 272 -2107 624 , 574 343 -343 0 -2906 -3249 , 2.8024080967918223e-06 , 27
1.5116515521932818 , 889 -1299 -3013 -345 -3367 -2200 , 2612 183 -183 0 1539 1356 , 600 -3121 2888 278 -2337 817 , 3375 -526 526 0 1367 1893 , 1234 3013 1299 345 813 -2068 , -160 -180 1578 112 -2287 2202 , -272 -1578 180 -112 624 -2107 , 322 -2888 3121 -278 -2071 784 , 574 343 -343 0 -2906 -3249 , 2.8024080968016076e-06 , 28
1.5116515521932818 , 889 -1299 -3013 -345 -3367 -2200 , 2612 183 -183 0 1539 1356 , -600 3121 -2888 -278 2337 -817 , 3375 -526 526 0 1367 1893 , 1234 3013 1299 345 813 -2068 , 160 180 -1578 -112 2287 -2202 , 272 1578 -180 112 -624 2107 , -322 2888 -3121 278 2071 -784 , 574 343 -343 0 -2906 -3249 , 2.8024080968016076e-06 , 29
1.5116515521932818 , 889 -1299 -3013 -345 -3367 -2200 , 3375 -526 526 0 1367 1893 , -2202 2287 -112 -1578 180 160 , 2612 183 -183 0 1539 1356 , 1234 3013 1299 345 813 -2068 , -817 2337 -278 -2888 3121 -600 , 2071 278 -2337 2888 -322 784 , -624 112 -2287 1578 272 -2107 , 574 343 -343 0 -2906 -3249 , 2.8024080968113934e-06 , 30
1.5116515521932818 , 889 -1299 -3013 -345 -3367 -2200 , 3375 -526 526 0 1367 1893 , 2202 -2287 112 1578 -180 -160 , 2612 183 -183 0 1539 1356 , 1234 3013 1299 345 813 -2068 , 817 -2337 278 2888 -3121 600 , -2071 -278 2337 -2888 322 -784 , 624 -112 2287 -1578 -272 2107 , 574 343 -343 0 -2906 -3249 , 2.8024080968113934e-06 , 31
1.5116515521932818 , 889 -1299 -3013 -345 -3367 -2200 , 2612 183 -183 0 1539 1356 , -2337 817 -600 784 -2071 -278 , 3375 -526 526 0 1367 1893 , 1234 3013 1299 345 813 -2068 , -2287 2202 160 -2107 624 -112 , -180 -160 -2202 2107 -272 -1578 , -3121 600 -817 -784 322 -2888 , 574 343 -343 0 -2906 -3249 , 2.8024080968309641e-06 , 32
1.5116515521932818 , 889 -1299 -3013 -345 -3367 -2200 , 2612 183 -183 0 1539 1356 , 2337 -817 600 -784 2071 278 , 3375 -526 526 0 1367 1893 , 1234 3013 1299 345 813 -2068 , 2287 -2202 -160 2107 -624 112 , 180 160 2202 -2107 272 1578 , 3121 -600 817 784 -322 2888 , 574 343 -343 0 -2906 -3249 , 2.8024080968309641e-06 , 33
1.5116515521932818 , 889 -1299 -3013 -345 -3367 -2200 , 3375 -526 526 0 1367 1893 , 180 160 2202 -2107 272 1578 , 2612 183 -183 0 1539 1356 , 1234 3013 1299 345 813 -2068 , 3121 -600 817 784 -322 2888 , 2337 -817 600 -784 2071 278 , 2287 -2202 -160 2107 -624 112 , 574 343 -343 0 -2906 -3249 , 2.8024080968505352e-06 , 34
1.5116515521932818 , 889 -1299 -3013 -345 -3367 -2200 , 3375 -526 526 0 1367 1893 , -180 -160 -2202 2107 -272 -1578 , 2612 183 -183 0 1539 1356 , 1234 3013 1299 345 813 -2068 , -3121 600 -817 -784 322 -2888 , -2337 817 -600 784 -2071 -278 , -2287 2202 160 -2107 624 -112 , 574 343 -343 0 -2906 -3249 , 2.8024080968505352e-06 , 35
1.6206752195526795 , -681 -530 -2170 -3013 -1896 -2871 , 3009 325 -325 0 1866 1541 , -1315 1208 -2644 928 798 -2195 , 2978 -668 668 0 1040 1708 , 2332 2170 530 3013 -701 -1366 , 1765 -29 -2729 2831 294 -450 , -1066 2729 29 -2831 2279 323 , -2243 2644 -1208 -928 449 -410 , 574 343 -343 0 -2906 -3249 , 2.9094247970731173e-06 , 0
1.6206752195526795 , -681 -530 -2170 -3013 -1896 -2871 , 3009 325 -325 0 1866 1541 , 1315 -1208 2644 -928 -798 2195 , 2978 -668 668 0 1040 1708 , 2332 2170 530 3013 -701 -1366 , -1765 29 2729 -2831 -294 450 , 1066 -2729 -29 2831 -2279 -323 , 2243 -2644 1208 928 -449 410 , 574 343 -343 0 -2906 -3249 , 2.9094247970731173e-06 , 1
1.6206752195526795 , -681 -530 -2170 -3013 -1896 -2871 , 2978 -668 668 0 1040 1708 , 29 -1765 -450 323 1066 -2729 , 3009 325 -325 0 1866 1541 , 2332 2170 530 3013 -701 -1366 , -1208 1315 -2195 -410 2243 -2644 , -798 2195 -1315 410 -449 928 , -294 450 1765 -323 -2279 2831 , 574 343 -343 0 -2906 -3249 , 2.909424797096223e-06 , 2
1.6206752195526795 , -681 -530 -2170 -3013 -1896 -2871 , 2978 -668 668 0 1040 1708 , -29 1765 450 -323 -1066 2729 , 3009 325 -325 0 1866 1541 , 2332 2170 530 3013 -701 -1366 , 1208 -1315 2195 410 -2243 2644 , 798 -2195 1315 -410 449 -928 , 294 -450 -1765 323 2279 -2831 , 574 343 -343 0 -2906 -3249 , 2.909424797096223e-06 , 3
1.6206752195526795 , -681 -530 -2170 -3013 -1896 -2871 , 2978 -668 668 0 1040 1708 , -1765 -450 294 1066 -2729 -29 , 3009 325 -325 0 1866 1541 , 2332 2170 530 3013 -701 -1366 , 1315 -2195 798 2243 -2644 1208 , -928 -798 2195 -2243 410 -449 , -2831 -294 450 -1066 -323 -2279 , 574 343 -343 0 -2906 -3249 , 2.9094247971193288e-06 , 4
1.6206752195526795 , -681 -530 -2170 -3013 -1896 -2871 , 2978 -668 668 0 1040 1708 , 1765 450 -294 -1066 2729 29 , 3009 325 -325 0 1866 1541 , 2332 2170 530 3013 -701 -1366 , -1315 2195 -798 -2243 2644 -1208 , 928 798 -2195 2243 -410 449 , 2831 294 -450 1066 323 2279 , 574 343 -343 0 -2906 -3249 , 2.9094247971193288e-06 , 5
1.6206752195526795 , -681 -530 -2170 -3013 -1896 -2871 , 3009 325 -325 0 1866 1541 , 2195 -1315 1208 -449 928 798 , 2978 -668 668 0 1040 1708 , 2332 2170 530 3013 -701 -1366 , 450 1765 -29 -2279 2831 294 , 2729 29 -1765 2279 323 1066 , 2644 -1208 1315 449 -410 2243 , 574 343 -343 0 -2906 -3249 , 2.9094247971193288e-06 , 6
1.6206752195526795 , -681 -530 -2170 -3013 -1896 -2871 , 3009 325 -325 0 1866 1541 , -2195 1315 -1208 449 -928 -798 , 2978 -668 668 0 1040 1708 , 2332 2170 530 3013 -701 -1366 , -450 -1765 29 2279 -2831 -294 , -2729 -29 1765 -2279 -323 -1066 , -2644 1208 -1315 -449 410 -2243 , 574 343 -343 0 -2906 -3249 , 2.9094247971193288e-06 , 7
1.6206752195526795 , -681 -530 -2170 -3013 -1896 -2871 , 3009 325 -325 0 1866 1541 , 410 -449 928 1208 -2644 2243 , 2978 -668 668 0 1040 1708 , 2332 2170 530 3013 -701 -1366 , -323 -2279 2831 -29 -2729 1066 , -294 -2831 2279 29 -1765 -450 , -798 -928 449 -1208 1315 -2195 , 574 343 -343 0 -2906 -3249 , 2.9094247971424346e-06 , 8
1.6206752195526795 , -681 -530 -2170 -3013 -1896 -2871 , 3009 325 -325 0 1866 1541 , -410 449 -928 -1208 2644 -2243 , 2978 -668 668 0 1040 1708 , 2332 2170 530 3013 -701 -1366 , 323 2279 -2831 29 2729 -1066 , 294 2831 -2279 -29 1765 450 , 798 928 -449 1208 -1315 2195 , 574 343 -343 0 -2906 -3249 , 2.9094247971424346e-06 , 9
1.6206752195526795 , -681 -530 -2170 -3013 -1896 -2871 , 2978 -668 668 0 1040 1708 , -450 294 2831 -2729 -29 1765 , 3009 325 -325 0 1866 1541 , 2332 2170 530 3013 -701 -1366 , -2195 798 928 -2644 1208 -1315 , 449 -928 -798 2644 -2243 410 , 2279 -2831 -294 2729 -1066 -323 , 574 343 -343 0 -2906 -3249 , 2.9094247971655404e-06 , 10
1.6206752195526795 , -681 -530 -2170 -3013 -1896 -2871 , 2978 -668 668 0 1040 1708 , 450 -294 -2831 2729 29 -1765 , 3009 325 -325 0 1866 1541 , 2332 2170 530 3013 -701 -1366 , 2195 -798 -928 2644 -1208 1315 , -449 928 798 -2644 2243 -410 , -2279 2831 294 -2729 1066 323 , 574 343 -343 0 -2906 -3249 , 2.9094247971655404e-06 , 11
1.6206752195526795 , -681 -530 -2170 -3013 -1896 -2871 , 3009 325 -325 0 1866 1541 , -798 2195 -1315 410 -449 928 , 2978 -668 668 0 1040 1708 , 2332 2170 530 3013 -701 -1366 , -294 450 1765 -323 -2279 2831 , 29 -1765 -450 323 1066 -2729 , -1208 1315 -2195 -410 2243 -2644 , 574 343 -343 0 -2906 -3249 , 2.9094247971655404e-06 , 12
1.6206752195526795 , -681 -530 -2170 -3013 -1896 -2871 , 3009 325 -325 0 1866 1541 , 798 -2195 1315 -410 449 -928 , 2978 -668 668 0 1040 1708 , 2332 2170 530 3013 -701 -1366 , 294 -450 -1765 323 2279 -2831 , -29 1765 450 -323 -1066 2729 , 1208 -1315 2195 410 -2243 2644 , 574 343 -343 0 -2906 -3249 , 2.9094247971655404e-06 , 13
1.6206752195526795 , -681 -530 -2170 -3013 -1896 -2871 , 3009 325 -325 0 1866 1541 , -928 -798 2195 -2243 410 -449 , 2978 -668 668 0 1040 1708 , 2332 2170 530 3013 -701 -1366 , -2831 -294 450 -1066 -323 -2279 , -1765 -450 294 1066 -2729 -29 , 1315 -2195 798 2243 -2644 1208 , 574 343 -343 0 -2906 -3249 , 2.9094247971655408e-06 , 14
1.6206752195526795 , -681 -530 -2170 -3013 -1896 -2871 , 3009 325 -325 0 1866 1541 , 928 798 -2195 2243 -410 449 , 2978 -668 668 0 1040 1708 , 2332 2170 530 3013 -701 -1366 , 2831 294 -450 1066 323 2279 , 1765 450 -294 -1066 2729 29 , -1315 2195 -798 -2243 2644 -1208 , 574 343 -343 0 -2906 -3249 , 2.9094247971655408e-06 , 15
1.6206752195526795 , -681 -530 -2170 -3013 -1896 -2871 , 2978 -668 668 0 1040 1708 , -2729 -29 1765 -2279 -323 -1066 , 3009 325 -325 0 1866 1541 , 2332 2170 530 3013 -701 -1366 , -2644 1208 -1315 -449 410 -2243 , -2195 1315 -1208 449 -928 -798 , -450 -1765 29 2279 -2831 -294 , 574 343 -343 0 -2906 -3249 , 2.9094247971886466e-06 , 16
1.6206752195526795 , -681 -530 -2170 -3013 -1896 -2871 , 2978 -668 668 0 1040 1708 , 2729 29 -1765 2279 323 1066 , 3009 325 -325 0 1866 1541 , 2332 2170 530 3013 -701 -1366 , 2644 -1208 1315 449 -410 2243 , 2195 -1315 1208 -449 928 798 , 450 1765 -29 -2279 2831 294 , 574 343 -343 0 -2906 -3249 , 2.9094247971886466e-06 , 17
1.6206752195526795 , -681 -530 -2170 -3013 -1896 -2871 , 2978 -668 668 0 1040 1708 , -2831 2279 323 -1765 -450 294 , 3009 325 -325 0 1866 1541 , 2332 2170 530 3013 -701 -1366 , -928 449 -410 1315 -2195 798 , -2243 410 -449 -1315 1208 -2644 , -1066 -323 -2279 1765 -29 -2729 , 574 343 -343 0 -2906 -3249 , 2.9094247972117528e-06 , 18
1.6206752195526795 , -681 -530 -2170 -3013 -1896 -2871 , 2978 -668 668 0 1040 1708 , 323 1066 -2729 294 2831 -2279 , 3009 325 -325 0 1866 1541 , 2332 2170 530 3013 -701 -1366 , -410 2243 -2644 798 928 -449 , -1208 2644 -2243 -798 2195 -1315 , 29 2729 -1066 -294 450 1765 , 574 343 -343 0 -2906 -3249 , 2.9094247972117528e-06 , 19
1.6206752195526795 , -681 -530 -2170 -3013 -1896 -2871 , 2978 -668 668 0 1040 1708 , 1066 -2729 -29 2831 -2279 -323 , 3009 325 -325 0 1866 1541 , 2332 2170 530 3013 -701 -1366 , 2243 -2644 1208 928 -449 410 , 1315 -1208 2644 -928 -798 2195 , -1765 29 2729 -2831 -294 450 , 574 343 -343 0 -2906 -3249 , 2.9094247972117528e-06 , 20
1.6206752195526795 , -681 -530 -2170 -3013 -1896 -2871 , 2978 -668 668 0 1040 1708 , -1066 2729 29 -2831 2279 323 , 3009 325 -325 0 1866 1541 , 2332 2170 530 3013 -701 -1366 , -2243 2644 -1208 -928 449 -410 , -1315 1208 -2644 928 798 -2195 , 1765 -29 -2729 2831 294 -450 , 574 343 -343 0 -2906 -3249 , 2.9094247972117528e-06 , 21
1.6206752195526795 , -681 -530 -2170 -3013 -1896 -2871 , 2978 -668 668 0 1040 1708 , -323 -1066 2729 -294 -2831 2279 , 3009 325 -325 0 1866 1541 , 2332 2170 530 3013 -701 -1366 , 410 -2243 2644 -798 -928 449 , 1208 -2644 2243 798 -2195 1315 , -29 -2729 1066 294 -450 -1765 , 574 343 -343 0 -2906 -3249 , 2.9094247972117528e-06 , 22
1.6206752195526795 , -681 -530 -2170 -3013 -1896 -2871 , 2978 -668 668 0 1040 1708 , 2831 -2279 -323 1765 450 -294 , 3009 325 -325 0 1866 1541 , 2332 2170 530 3013 -701 -1366 , 928 -449 410 -1315 2195 -798 , 2243 -410 449 1315 -1208 2644 , 1066 323 2279 -1765 29 2729 , 574 343 -343 0 -2906 -3249 , 2.9094247972117528e-06 , 23
1.6206752195526795 , -681 -530 -2170 -3013 -1896 -2871 , 3009 325 -325 0 1866 1541 , -2644 2243 -410 -2195 1315 -1208 , 2978 -668 668 0 1040 1708 , 2332 2170 530 3013 -701 -1366 , -2729 1066 323 -450 -1765 29 , -2279 -323 -1066 450 -294 -2831 , -449 410 -2243 2195 -798 -928 , 574 343 -343 0 -2906 -3249 , 2.9094247972117528e-06 , 24
1.6206752195526795 , -681 -530 -2170 -3013 -1896 -2871 , 3009 325 -325 0 1866 1541 , 2644 -2243 410 2195 -1315 1208 , 2978 -668 668 0 1040 1708 , 2332 2170 530 3013 -701 -1366 , 2729 -1066 -323 450 1765 -29 , 2279 323 1066 -450 294 2831 , 449 -410 2243 -2195 798 928 , 574 343 -343 0 -2906 -3249 , 2.9094247972117528e-06 , 25
1.6206752195526795 , -681 -530 -2170 -3013 -1896 -2871 , 2978 -668 668 0 1040 1708 , -2279 -323 -1066 450 -294 -2831 , 3009 325 -325 0 1866 1541 , 2332 2170 530 3013 -701 -1366 , -449 410 -2243 2195 -798 -928 , -2644 2243 -410 -2195 1315 -1208 , -2729 1066 323 -450 -1765 29 , 574 343 -343 0 -2906 -3249 , 2.9094247972348586e-06 , 26
1.6206752195526795 , -681 -530 -2170 -3013 -1896 -2871 , 2978 -668 668 0 1040 1708 , 2279 323 1066 -450 294 2831 , 3009 325 -325 0 1866 1541 , 2332 2170 530 3013 -701 -1366 , 449 -410 2243 -2195 798 928 , 2644 -2243 410 2195 -1315 1208 , 2729 -1066 -323 450 1765 -29 , 574 343 -343 0 -2906 -3249 , 2.9094247972348586e-06 , 27
1.6206752195526795 , -681 -530 -2170 -3013 -1896 -2871 , 3009 325 -325 0 1866 1541 , -1208 2644 -2243 -798 2195 -1315 , 2978 -668 668 0 1040 1708 , 2332 2170 530 3013 -701 -1366 , 29 2729 -1066 -294 450 1765 , 323 1066 -2729 294 2831 -2279 , -410 2243 -2644 798 928 -449 , 574 343 -343 0 -2906 -3249 , 2.9094247972579648e-06 , 28
1.6206752195526795 , -681 -530 -2170 -3013 -1896 -2871 , 3009 325 -325 0 1866 1541 , 1208 -2644 2243 798 -2195 1315 , 2978 -668 668 0 1040 1708 , 2332 2170 530 3013 -701 -1366 , -29 -2729 1066 294 -450 -1765 , -323 -1066 2729 -294 -2831 2279 , 410 -2243 2644 -798 -928 449 , 574 343 -343 0 -2906 -3249 , 2.9094247972579648e-06 , 29
1.6206752195526795 , -681 -530 -2170 -3013 -1896 -2871 , 3009 325 -325 0 1866 1541 , -2243 410 -449 -1315 1208 -2644 , 2978 -668 668 0 1040 1708 , 2332 2170 530 3013 -701 -1366 , -1066 -323 -2279 1765 -29 -2729 , -2831 2279 323 -1765 -450 294 , -928 449 -410 1315 -2195 798 , 574 343 -343 0 -2906 -3249 , 2.9094247972810706e-06 , 30
1.6206752195526795 , -681 -530 -2170 -3013 -1896 -2871 , 3009 325 -325 0 1866 1541 , 2243 -410 449 1315 -1208 2644 , 2978 -668 668 0 1040 1708 , 2332 2170 530 3013 -701 -1366 , 1066 323 2279 -1765 29 2729 , 2831 -2279 -323 1765 450 -294 , 928 -449 410 -1315 2195 -798 , 574 343 -343 0 -2906 -3249 , 2.9094247972810706e-06 , 31
1.6206752195526795 , -681 -530 -2170 -3013 -1896 -2871 , 2978 -668 668 0 1040 1708 , 294 2831 -2279 -29 1765 450 , 3009 325 -325 0 1866 1541 , 2332 2170 530 3013 -701 -1366 , 798 928 -449 1208 -1315 2195 , -410 449 -928 -1208 2644 -2243 , 323 2279 -2831 29 2729 -1066 , 574 343 -343 0 -2906 -3249 , 2.909424797281071e-06 , 32
1.6206752195526795 , -681 -530 -2170 -3013 -1896 -2871 , 2978 -668 668 0 1040 1708 , -294 -2831 2279 29 -1765 -450 , 3009 325 -325 0 1866 1541 , 2332 2170 530 3013 -701 -1366 , -798 -928 449 -1208 1315 -2195 , 410 -449 928 1208 -2644 2243 , -323 -2279 2831 -29 -2729 1066 , 574 343 -343 0 -2906 -3249 , 2.909424797281071e-06 , 33
1.6206752195526795 , -681 -530 -2170 -3013 -1896 -2871 , 3009 325 -325 0 1866 1541 , -449 928 798 -2644 2243 -410 , 2978 -668 668 0 1040 1708 , 2332 2170 530 3013 -701 -1366 , -2279 2831 294 -2729 1066 323 , 450 -294 -2831 2729 29 -1765 , 2195 -798 -928 2644 -1208 1315 , 574 343 -343 0 -2906 -3249 , 2.9094247973503888e-06 , 34
1.6206752195526795 , -681 -530 -2170 -3013 -1896 -2871 , 3009 325 -325 0 1866 1541 , 449 -928 -798 2644 -2243 410 , 2978 -668 668 0 1040 1708 , 2332 2170 530 3013 -701 -1366 , 2279 -2831 -294 2729 -1066 -323 , -450 294 2831 -2729 -29 1765 , -2195 798 928 -2644 1208 -1315 , 574 343 -343 0 -2906 -3249 , 2.9094247973503888e-06 , 35
1.7337405757374624 , 1012 -1952 -1287 -2355 -2652 -1366 , 3000 640 -640 0 2118 1478 , 2300 -1705 1709 685 -1221 2230 , 2987 -983 983 0 788 1771 , 3367 1287 1952 2355 -79 -700 , -3038 1795 1171 -2564 -221 32 , -474 -1171 -1795 2564 -1139 -2016 , 1615 -1709 1705 -685 521 484 , 574 343 -343 0 -2906 -3249 , 2.7898256931809668e-06 , 0
1.7337405757374624 , 1012 -1952 -1287 -2355 -2652 -1366 , 3000 640 -640 0 2118 1478 , -2300 1705 -1709 -685 1221 -2230 , 2987 -983 983 0 788 1771 , 3367 1287 1952 2355 -79 -700 , 3038 -1795 -1171 2564 221 -32 , 474 1171 1795 -2564 1139 2016 , -1615 1709 -1705 685 -521 -484 , 574 343 -343 0 -2906 -3249 , 2.7898256931809668e-06 , 1
1.7337405757374624 , 1012 -1952 -1287 -2355 -2652 -1366 , 3000 640 -640 0 2118 1478 , -521 685 -1221 1709 -1615 484 , 2987 -983 983 0 788 1771 , 3367 1287 1952 2355 -79 -700 , 1139 -2564 -221 1171 474 -2016 , -32 221 2564 -1171 -1795 3038 , -2230 1221 -685 -1709 1705 -2300 , 574 343 -343 0 -2906 -3249 , 2.7898256931873627e-06 , 2
1.7337405757374624 , 1012 -1952 -1287 -2355 -2652 -1366 , 3000 640 -640 0 2118 1478 , 521 -685 1221 -1709 1615 -484 , 2987 -983 983 0 788 1771 , 3367 1287 1952 2355 -79 -700 , -1139 2564 221 -1171 -474 2016 , 32 -221 -2564 1171 1795 -3038 , 2230 -1221 685 1709 -1705 2300 , 574 343 -343 0 -2906 -3249 , 2.7898256931873627e-06 , 3
1.7337405757374624 , 1012 -1952 -1287 -2355 -2652 -1366 , 3000 640 -640 0 2118 1478 , -1709 1615 -484 -2230 2300 -1705 , 2987 -983 983 0 788 1771 , 3367 1287 1952 2355 -79 -700 , -1171 -474 2016 -32 -3038 1795 , -1139 -2016 474 32 -221 -2564 , 521 484 -1615 2230 -1221 685 , 574 343 -343 0 -2906 -3249 , 2.7898256931937582e-06 , 4
1.7337405757374624 , 1012 -1952 -1287 -2355 -2652 -1366 , 3000 640 -640 0 2118 1478 , 1709 -1615 484 2230 -2300 1705 , 2987 -983 983 0 788 1771 , 3367 1287 1952 2355 -79 -700 , 1171 474 -2016 32 3038 -1795 , 1139 2016 -474 -32 221 2564 , -521 -484 1615 -2230 1221 -685 , 574 343 -343 0 -2906 -3249 , 2.7898256931937582e-06 , 5
1.7337405757374624 , 1012 -1952 -1287 -2355 -2652 -1366 , 2987 -983 983 0 788 1771 , -2564 1139 2016 -3038 -32 221 , 3000 640 -640 0 2118 1478 , 3367 1287 1952 2355 -79 -700 , 685 -521 -484 2300 -2230 1221 , -1615 484 521 -2300 1705 -1709 , 474 -2016 -1139 3038 -1795 -1171 , 574 343 -343 0 -2906 -3249 , 2.7898256931937582e-06 , 6
1.7337405757374624 , 1012 -1952 -1287 -2355 -2652 -1366 , 2987 -983 983 0 788 1771 , 221 2564 -1139 -1795 3038 32 , 3000 640 -640 0 2118 1478 , 3367 1287 1952 2355 -79 -700 , 1221 -685 521 1705 -2300 2230 , -484 -521 685 -1705 1709 -1615 , 2016 1139 -2564 1795 1171 474 , 574 343 -343 0 -2906 -3249 , 2.7898256931937582e-06 , 7
1.7337405757374624 , 1012 -1952 -1287 -2355 -2652 -1366 , 2987 -983 983 0 788 1771 , 474 1171 1795 -2564 1139 2016 , 3000 640 -640 0 2118 1478 , 3367 1287 1952 2355 -79 -700 , -1615 1709 -1705 685 -521 -484 , -2300 1705 -1709 -685 1221 -2230 , 3038 -1795 -1171 2564 221 -32 , 574 343 -343 0 -2906 -3249 , 2.7898256931937582e-06 , 8
1.7337405757374624 , 1012 -1952 -1287 -2355 -2652 -1366 , 2987 -983 983 0 788 1771 , -474 -1171 -1795 2564 -1139 -2016 , 3000 640 -640 0 2118 1478 , 3367 1287 1952 2355 -79 -700 , 1615 -1709 1705 -685 521 484 , 2300 -1705 1709 685 -1221 2230 , -3038 1795 1171 -2564 -221 32 , 574 343 -343 0 -2906 -3249 , 2.7898256931937582e-06 , 9
1.7337405757374624 , 1012 -1952 -1287 -2355 -2652 -1366 , 2987 -983 983 0 788 1771 , -221 -2564 1139 1795 -3038 -32 , 3000 640 -640 0 2118 1478 , 3367 1287 1952 2355 -79 -700 , -1221 685 -521 -1705 2300 -2230 , 484 521 -685 1705 -1709 1615 , -2016 -1139 2564 -1795 -1171 -474 , 574 343 -343 0 -2906 -3249 , 2.7898256931937582e-06 , 10
1.7337405757374624 , 1012 -1952 -1287 -2355 -2652 -1366 , 2987 -983 983 0 788 1771 , 2564 -1139 -2016 3038 32 -221 , 3000 640 -640 0 2118 1478 , 3367 1287 1952 2355 -79 -700 , -685 521 484 -2300 2230 -1221 , 1615 -484 -521 2300 -1705 1709 , -474 2016 1139 -3038 1795 1171 , 574 343 -343 0 -2906 -3249 , 2.7898256931937582e-06 , 11
1.7337405757374624 , 1012 -1952 -1287 -2355 -2652 -1366 , 3000 640 -640 0 2118 1478 , -484 -521 685 -1705 1709 -1615 , 2987 -983 983 0 788 1771 , 3367 1287 1952 2355 -79 -700 , 2016 1139 -2564 1795 1171 474 , 221 2564 -1139 -1795 3038 32 , 1221 -685 521 1705 -2300 2230 , 574 343 -343 0 -2906 -3249 , 2.7898256932001538e-06 , 12
1.7337405757374624 , 1012 -1952 -1287 -2355 -2652 -1366 , 3000 640 -640 0 2118 1478 , 484 521 -685 1705 -1709 1615 , 2987 -983 983 0 788 1771 , 3367 1287 1952 2355 -79 -700 , -2016 -1139 2564 -1795 -1171 -474 , -221 -2564 1139 1795 -3038 -32 , -1221 685 -521 -1705 2300 -2230 , 574 343 -343 0 -2906 -3249 , 2.7898256932001538e-06 , 13
1.7337405757374624 , 1012 -1952 -1287 -2355 -2652 -1366 , 2987 -983 983 0 788 1771 , -1139 -2016 474 32 -221 -2564 , 3000 640 -640 0 2118 1478 , 3367 1287 1952 2355 -79 -700 , 521 484 -1615 2230 -1221 685 , -1709 1615 -484 -2230 2300 -1705 , -1171 -474 2016 -32 -3038 1795 , 574 343 -343 0 -2906 -3249 , 2.7898256932001538e-06 , 14
1.7337405757374624 , 1012 -1952 -1287 -2355 -2652 -1366 , 2987 -983 983 0 788 1771 , 1139 2016 -474 -32 221 2564 , 3000 640 -640 0 2118 1478 , 3367 1287 1952 2355 -79 -700 , -521 -484 1615 -2230 1221 -685 , 1709 -1615 484 2230 -2300 1705 , 1171 474 -2016 32 3038 -1795 , 574 343 -343 0 -2906 -3249 , 2.7898256932001538e-06 , 15
1.7337405757374624 , 1012 -1952 -1287 -2355 -2652 -1366 , 3000 640 -640 0 2118 1478 , -1705 1709 -1615 -1221 2230 -2300 , 2987 -983 983 0 788 1771 , 3367 1287 1952 2355 -79 -700 , 1795 1171 474 -221 32 3038 , 2016 -474 -1171 221 2564 -1139 , -484 1615 -1709 1221 -685 521 , 574 343 -343 0 -2906 -3249 , 2.7898256932065497e-06 , 16
1.7337405757374624 , 1012 -1952 -1287 -2355 -2652 -1366 , 3000 640 -640 0 2118 1478 , 1705 -1709 1615 1221 -2230 2300 , 2987 -983 983 0 788 1771 , 3367 1287 1952 2355 -79 -700 , -1795 -1171 -474 221 -32 -3038 , -2016 474 1171 -221 -2564 1139 , 484 -1615 1709 -1221 685 -521 , 574 343 -343 0 -2906 -3249 , 2.7898256932065497e-06 , 17
1.7337405757374624 , 1012 -1952 -1287 -2355 -2652 -1366 , 2987 -983 983 0 788 1771 , -2016 474 1171 -221 -2564 1139 , 3000 640 -640 0 2118 1478 , 3367 1287 1952 2355 -79 -700 , 484 -1615 1709 -1221 685 -521 , 1705 -1709 1615 1221 -2230 2300 , -1795 -1171 -474 221 -32 -3038 , 574 343 -343 0 -2906 -3249 , 2.7898256932065497e-06 , 18
1.7337405757374624 , 1012 -1952 -1287 -2355 -2652 -1366 , 2987 -983 983 0 788 1771 , -3038 -32 221 -474 -1171 -1795 , 3000 640 -640 0 2118 1478 , 3367 1287 1952 2355 -79 -700 , 2300 -2230 1221 1615 -1709 1705 , 685 -1221 2230 -1615 484 521 , -2564 -221 32 474 -2016 -1139 , 574 343 -343 0 -2906 -3249 , 2.7898256932065497e-06 , 19
1.7337405757374624 , 1012 -1952 -1287 -2355 -2652 -1366 , 2987 -983 983 0 788 1771 , 3038 32 -221 474 1171 1795 , 3000 640 -640 0 2118 1478 , 3367 1287 1952 2355 -79 -700 , -2300 2230 -1221 -1615 1709 -1705 , -685 1221 -2230 1615 -484 -521 , 2564 221 -32 -474 2016 1139 , 574 343 -343 0 -2906 -3249 , 2.7898256932065497e-06 , 20
1.7337405757374624 , 1012 -1952 -1287 -2355 -2652 -1366 , 2987 -983 983 0 788 1771 , 2016 -474 -1171 221 2564 -1139 , 3000 640 -640 0 2118 1478 , 3367 1287 1952 2355 -79 -700 , -484 1615 -1709 1221 -685 521 , -1705 1709 -1615 -1221 2230 -2300 , 1795 1171 474 -221 32 3038 , 574 343 -343 0 -2906 -3249 , 2.7898256932065497e-06 , 21
1.7337405757374624 , 1012 -1952 -1287 -2355 -2652 -1366 , 2987 -983 983 0 788 1771 , 32 -221 -2564 1171 1795 -3038 , 3000 640 -640 0 2118 1478 , 3367 1287 1952 2355 -79 -700 , 2230 -1221 685 1709 -1705 2300 , 521 -685 1221 -1709 1615 -484 , -1139 2564 221 -1171 -474 2016 , 574 343 -343 0 -2906 -3249 , 2.7898256932065501e-06 , 22
1.7337405757374624 , 1012 -1952 -1287 -2355 -2652 -1366 , 2987 -983 983 0 788 1771 , -32 221 2564 -1171 -1795 3038 , 3000 640 -640 0 2118 1478 , 3367 1287 1952 2355 -79 -700 , -2230 1221 -685 -1709 1705 -2300 , -521 685 -1221 1709 -1615 484 , 1139 -2564 -221 1171 474 -2016 , 574 343 -343 0 -2906 -3249 , 2.7898256932065501e-06 , 23
1.7337405757374624 , 1012 -1952 -1287 -2355 -2652 -1366 , 2987 -983 983 0 788 1771 , -1171 -1795 3038 -1139 -2016 474 , 3000 640 -640 0 2118 1478 , 3367 1287 1952 2355 -79 -700 , -1709 1705 -2300 521 484 -1615 , -2230 2300 -1705 -521 685 -1221 , -32 -3038 1795 1139 -2564 -221 , 574 343 -343 0 -2906 -3249 , 2.7898256932129457e-06 , 24
1.7337405757374624 , 1012 -1952 -1287 -2355 -2652 -1366 , 2987 -983 983 0 788 1771 , 1171 1795 -3038 1139 2016 -474 , 3000 640 -640 0 2118 1478 , 3367 1287 1952 2355 -79 -700 , 1709 -1705 2300 -521 -484 1615 , 2230 -2300 1705 521 -685 1221 , 32 3038 -1795 -1139 2564 221 , 574 343 -343 0 -2906 -3249 , 2.7898256932129457e-06 , 25
1.7337405757374624 , 1012 -1952 -1287 -2355 -2652 -1366 , 3000 640 -640 0 2118 1478 , 1615 -484 -521 2300 -1705 1709 , 2987 -983 983 0 788 1771 , 3367 1287 1952 2355 -79 -700 , -474 2016 1139 -3038 1795 1171 , 2564 -1139 -2016 3038 32 -221 , -685 521 484 -2300 2230 -1221 , 574 343 -343 0 -2906 -3249 , 2.7898256932193412e-06 , 26
1.7337405757374624 , 1012 -1952 -1287 -2355 -2652 -1366 , 3000 640 -640 0 2118 1478 , -1615 484 521 -2300 1705 -1709 , 2987 -983 983 0 788 1771 , 3367 1287 1952 2355 -79 -700 , 474 -2016 -1139 3038 -1795 -1171 , -2564 1139 2016 -3038 -32 221 , 685 -521 -484 2300 -2230 1221 , 574 343 -343 0 -2906 -3249 , 2.7898256932193412e-06 , 27
1.7337405757374624 , 1012 -1952 -1287 -2355 -2652 -1366 , 2987 -983 983 0 788 1771 , -1795 3038 32 -2016 474 1171 , 3000 640 -640 0 2118 1478 , 3367 1287 1952 2355 -79 -700 , 1705 -2300 2230 484 -1615 1709 , 1221 -2230 2300 -484 -521 685 , 221 -32 -3038 2016 1139 -2564 , 574 343 -343 0 -2906 -3249 , 2.7898256932193412e-06 , 28
1.7337405757374624 , 1012 -1952 -1287 -2355 -2652 -1366 , 2987 -983 983 0 788 1771 , 1795 -3038 -32 2016 -474 -1171 , 3000 640 -640 0 2118 1478 , 3367 1287 1952 2355 -79 -700 , -1705 2300 -2230 -484 1615 -1709 , -1221 2230 -2300 484 521 -685 , -221 32 3038 -2016 -1139 2564 , 574 343 -343 0 -2906 -3249 , 2.7898256932193412e-06 , 29
1.7337405757374624 , 1012 -1952 -1287 -2355 -2652 -1366 , 3000 640 -640 0 2118 1478 , 1221 -2230 2300 -484 -521 685 , 2987 -983 983 0 788 1771 , 3367 1287 1952 2355 -79 -700 , 221 -32 -3038 2016 1139 -2564 , -1795 3038 32 -2016 474 1171 , 1705 -2300 2230 484 -1615 1709 , 574 343 -343 0 -2906 -3249 , 2.7898256932257367e-06 , 30
1.7337405757374624 , 1012 -1952 -1287 -2355 -2652 -1366 , 3000 640 -640 0 2118 1478 , -1221 2230 -2300 484 521 -685 , 2987 -983 983 0 788 1771 , 3367 1287 1952 2355 -79 -700 , -221 32 3038 -2016 -1139 2564 , 1795 -3038 -32 2016 -474 -1171 , -1705 2300 -2230 -484 1615 -1709 , 574 343 -343 0 -2906 -3249 , 2.7898256932257367e-06 , 31
1.7337405757374624 , 1012 -1952 -1287 -2355 -2652 -1366 , 3000 640 -640 0 2118 1478 , -2230 2300 -1705 -521 685 -1221 , 2987 -983 983 0 788 1771 , 3367 1287 1952 2355 -79 -700 , -32 -3038 1795 1139 -2564 -221 , -1171 -1795 3038 -1139 -2016 474 , -1709 1705 -2300 521 484 -1615 , 574 343 -343 0 -2906 -3249 , 2.7898256932321335e-06 , 32
1.7337405757374624 , 1012 -1952 -1287 -2355 -2652 -1366 , 3000 640 -640 0 2118 1478 , 2230 -2300 1705 521 -685 1221 , 2987 -983 983 0 788 1771 , 3367 1287 1952 2355 -79 -700 , 32 3038 -1795 -1139 2564 221 , 1171 1795 -3038 1139 2016 -474 , 1709 -1705 2300 -521 -484 1615 , 574 343 -343 0 -2906 -3249 , 2.7898256932321335e-06 , 33
1.7337405757374624 , 1012 -1952 -1287 -2355 -2652 -1366 , 3000 640 -640 0 2118 1478 , -685 1221 -2230 1615 -484 -521 , 2987 -983 983 0 788 1771 , 3367 1287 1952 2355 -79 -700 , 2564 221 -32 -474 2016 1139 , 3038 32 -221 474 1171 1795 , -2300 2230 -1221 -1615 1709 -1705 , 574 343 -343 0 -2906 -3249 , 2.7898256932513205e-06 , 34
1.7337405757374624 , 1012 -1952 -1287 -2355 -2652 -1366 , 3000 640 -640 0 2118 1478 , 685 -1221 2230 -1615 484 521 , 2987 -983 983 0 788 1771 , 3367 1287 1952 2355 -79 -700 , -2564 -221 32 474 -2016 -1139 , -3038 -32 221 -474 -1171 -1795 , 2300 -2230 1221 1615 -1709 1705 , 574 343 -343 0 -2906 -3249 , 2.7898256932513205e-06 , 35
1.8458219404125207 , 1540 -2759 -1895 -1128 -3186 -1388 , 3012 220 -220 0 1782 1562 , -871 1688 38 -2612 2589 -743 , 2975 -563 563 0 1124 1687 , 2668 1895 2759 1128 507 -427 , 3096 -1209 -1168 2564 -64 793 , 532 1168 1209 -2564 1961 1145 , 1741 -38 -1688 2612 -781 901 , 574 343 -343 0 -2906 -3249 , 2.9778884811807432e-06 , 0
1.8458219404125207 , 1540 -2759 -1895 -1128 -3186 -1388 , 3012 220 -220 0 1782 1562 , 871 -1688 -38 2612 -2589 743 , 2975 -563 563 0 1124 1687 , 2668 1895 2759 1128 507 -427 , -3096 1209 1168 -2564 64 -793 , -532 -1168 -1209 2564 -1961 -1145 , -1741 38 1688 -2612 781 -901 , 574 343 -343 0 -2906 -3249 , 2.9778884811807432e-06 , 1
1.8458219404125207 , 1540 -2759 -1895 -1128 -3186 -1388 , 2975 -563 563 0 1124 1687 , -532 -1168 -1209 2564 -1961 -1145 , 3012 220 -220 0 1782 1562 , 2668 1895 2759 1128 507 -427 , -1741 38 1688 -2612 781 -901 , 871 -1688 -38 2612 -2589 743 , -3096 1209 1168 -2564 64 -793 , 574 343 -343 0 -2906 -3249 , 2.9778884812088456e-06 , 2
1.8458219404125207 , 1540 -2759 -1895 -1128 -3186 -1388 , 2975 -563 563 0 1124 1687 , 532 1168 1209 -2564 1961 1145 , 3012 220 -220 0 1782 1562 , 2668 1895 2759 1128 507 -427 , 1741 -38 -1688 2612 -781 901 , -871 1688 38 -2612 2589 -743 , 3096 -1209 -1168 2564 -64 793 , 574 343 -343 0 -2906 -3249 , 2.9778884812088456e-06 , 3
1.8458219404125207 , 1540 -2759 -1895 -1128 -3186 -1388 , 2975 -563 563 0 1124 1687 , -2564 1961 1145 -3096 793 -64 , 3012 220 -220 0 1782 1562 , 2668 1895 2759 1128 507 -427 , 2612 -781 901 871 -743 2589 , 1741 -901 781 -871 1688 38 , 532 -1145 -1961 3096 -1209 -1168 , 574 343 -343 0 -2906 -3249 , 2.9778884812088461e-06 , 4
1.8458219404125207 , 1540 -2759 -1895 -1128 -3186 -1388 , 2975 -563 563 0 1124 1687 , 2564 -1961 -1145 3096 -793 64 , 3012 220 -220 0 1782 1562 , 2668 1895 2759 1128 507 -427 , -2612 781 -901 -871 743 -2589 , -1741 901 -781 871 -1688 -38 , -532 1145 1961 -3096 1209 1168 , 574 343 -343 0 -2906 -3249 , 2.9778884812088461e-06 , 5
1.8458219404125207 , 1540 -2759 -1895 -1128 -3186 -1388 , 2975 -563 563 0 1124 1687 , 793 -64 2564 -1168 -1209 3096 , 3012 220 -220 0 1782 1562 , 2668 1895 2759 1128 507 -427 , -743 2589 -2612 38 1688 -871 , -781 2612 -2589 -38 1741 -901 , 1961 -2564 64 1168 532 -1145 , 574 343 -343 0 -2906 -3249 , 2.9778884812650505e-06 , 6
1.8458219404125207 , 1540 -2759 -1895 -1128 -3186 -1388 , 2975 -563 563 0 1124 1687 , -793 64 -2564 1168 1209 -3096 , 3012 220 -220 0 1782 1562 , 2668 1895 2759 1128 507 -427 , 743 -2589 2612 -38 -1688 871 , 781 -2612 2589 38 -1741 901 , -1961 2564 -64 -1168 -532 1145 , 574 343 -343 0 -2906 -3249 , 2.9778884812650505e-06 , 7
1.8458219404125207 , 1540 -2759 -1895 -1128 -3186 -1388 , 3012 220 -220 0 1782 1562 , -1688 -38 1741 -2589 743 -871 , 2975 -563 563 0 1124 1687 , 2668 1895 2759 1128 507 -427 , 1209 1168 532 64 -793 3096 , 1145 -532 -1168 -64 2564 -1961 , 901 -1741 38 2589 -2612 781 , 574 343 -343 0 -2906 -3249 , 2.977888481293153e-06 , 8
1.8458219404125207 , 1540 -2759 -1895 -1128 -3186 -1388 , 3012 220 -220 0 1782 1562 , 1688 38 -1741 2589 -743 871 , 2975 -563 563 0 1124 1687 , 2668 1895 2759 1128 507 -427 , -1209 -1168 -532 -64 793 -3096 , -1145 532 1168 64 -2564 1961 , -901 1741 -38 -2589 2612 -781 , 574 343 -343 0 -2906 -3249 , 2.977888481293153e-06 , 9
1.8458219404125207 , 1540 -2759 -1895 -1128 -3186 -1388 , 3012 220 -220 0 1782 1562 , 781 -2612 2589 38 -1741 901 , 2975 -563 563 0 1124 1687 , 2668 1895 2759 1128 507 -427 , -1961 2564 -64 -1168 -532 1145 , -793 64 -2564 1168 1209 -3096 , 743 -2589 2612 -38 -1688 871 , 574 343 -343 0 -2906 -3249 , 2.977888481321255e-06 , 10
1.8458219404125207 , 1540 -2759 -1895 -1128 -3186 -1388 , 3012 220 -220 0 1782 1562 , -781 2612 -2589 -38 1741 -901 , 2975 -563 563 0 1124 1687 , 2668 1895 2759 1128 507 -427 , 1961 -2564 64 1168 532 -1145 , 793 -64 2564 -1168 -1209 3096 , -743 2589 -2612 38 1688 -871 , 574 343 -343 0 -2906 -3249 , 2.977888481321255e-06 , 11
1.8458219404125207 , 1540 -2759 -1895 -1128 -3186 -1388 , 2975 -563 563 0 1124 1687 , 1168 1209 -3096 1961 1145 -532 , 3012 220 -220 0 1782 1562 , 2668 1895 2759 1128 507 -427 , -38 -1688 871 -781 901 -1741 , 743 -871 1688 781 -2612 2589 , -793 3096 -1209 -1961 2564 -64 , 574 343 -343 0 -2906 -3249 , 2.977888481321255e-06 , 12
1.8458219404125207 , 1540 -2759 -1895 -1128 -3186 -1388 , 2975 -563 563 0 1124 1687 , -1168 -1209 3096 -1961 -1145 532 , 3012 220 -220 0 1782 1562 , 2668 1895 2759 1128 507 -427 , 38 1688 -871 781 -901 1741 , -743 871 -1688 -781 2612 -2589 , 793 -3096 1209 1961 -2564 64 , 574 343 -343 0 -2906 -3249 , 2.977888481321255e-06 , 13
1.8458219404125207 , 1540 -2759 -1895 -1128 -3186 -1388 , 3012 220 -220 0 1782 1562 , -901 781 -2612 1688 38 -1741 , 2975 -563 563 0 1124 1687 , 2668 1895 2759 1128 507 -427 , -1145 -1961 2564 -1209 -1168 -532 , 64 -2564 1961 1209 -3096 793 , -2589 2612 -781 -1688 871 -743 , 574 343 -343 0 -2906 -3249 , 2.9778884813212554e-06 , 14
1.8458219404125207 , 1540 -2759 -1895 -1128 -3186 -1388 , 3012 220 -220 0 1782 1562 , 901 -781 2612 -1688 -38 1741 , 2975 -563 563 0 1124 1687 , 2668 1895 2759 1128 507 -427 , 1145 1961 -2564 1209 1168 532 , -64 2564 -1961 -1209 3096 -793 , 2589 -2612 781 1688 -871 743 , 574 343 -343 0 -2906 -3249 , 2.9778884813212554e-06 , 15
1.8458219404125207 , 1540 -2759 -1895 -1128 -3186 -1388 , 3012 220 -220 0 1782 1562 , 743 -871 1688 781 -2612 2589 , 2975 -563 563 0 1124 1687 , 2668 1895 2759 1128 507 -427 , -793 3096 -1209 -1961 2564 -64 , 1168 1209 -3096 1961 1145 -532 , -38 -1688 871 -781 901 -1741 , 574 343 -343 0 -2906 -3249 , 2.9778884813493578e-06 , 16
1.8458219404125207 , 1540 -2759 -1895 -1128 -3186 -1388 , 3012 220 -220 0 1782 1562 , 1741 -901 781 -871 1688 38 , 2975 -563 563 0 1124 1687 , 2668 1895 2759 1128 507 -427 , 532 -1145 -1961 3096 -1209 -1168 , -2564 1961 1145 -3096 793 -64 , 2612 -781 901 871 -743 2589 , 574 343 -343 0 -2906 -3249 , 2.9778884813493578e-06 , 17
1.8458219404125207 , 1540 -2759 -1895 -1128 -3186 -1388 , 3012 220 -220 0 1782 1562 , -1741 901 -781 871 -1688 -38 , 2975 -563 563 0 1124 1687 , 2668 1895 2759 1128 507 -427 , -532 1145 1961 -3096 1209 1168 , 2564 -1961 -1145 3096 -793 64 , -2612 781 -901 -871 743 -2589 , 574 343 -343 0 -2906 -3249 , 2.9778884813493578e-06 , 18
1.8458219404125207 , 1540 -2759 -1895 -1128 -3186 -1388 , 3012 220 -220 0 1782 1562 , -743 871 -1688 -781 2612 -2589 , 2975 -563 563 0 1124 1687 , 2668 1895 2759 1128 507 -427 , 793 -3096 1209 1961 -2564 64 , -1168 -1209 3096 -1961 -1145 532 , 38 1688 -871 781 -901 1741 , 574 343 -343 0 -2906 -3249 , 2.9778884813493578e-06 , 19
1.8458219404125207 , 1540 -2759 -1895 -1128 -3186 -1388 , 2975 -563 563 0 1124 1687 , 1145 -532 -1168 -64 2564 -1961 , 3012 220 -220 0 1782 1562 , 2668 1895 2759 1128 507 -427 , 901 -1741 38 2589 -2612 781 , -1688 -38 1741 -2589 743 -871 , 1209 1168 532 64 -793 3096 , 574 343 -343 0 -2906 -3249 , 2.9778884813493578e-06 , 20
1.8458219404125207 , 1540 -2759 -1895 -1128 -3186 -1388 , 2975 -563 563 0 1124 1687 , -1145 532 1168 64 -2564 1961 , 3012 220 -220 0 1782 1562 , 2668 1895 2759 1128 507 -427 , -901 1741 -38 -2589 2612 -781 , 1688 38 -1741 2589 -743 871 , -1209 -1168 -532 -64 793 -3096 , 574 343 -343 0 -2906 -3249 , 2.9778884813493578e-06 , 21
1.8458219404125207 , 1540 -2759 -1895 -1128 -3186 -1388 , 2975 -563 563 0 1124 1687 , 64 -2564 1961 1209 -3096 793 , 3012 220 -220 0 1782 1562 , 2668 1895 2759 1128 507 -427 , -2589 2612 -781 -1688 871 -743 , -901 781 -2612 1688 38 -1741 , -1145 -1961 2564 -1209 -1168 -532 , 574 343 -343 0 -2906 -3249 , 2.9778884813774594e-06 , 22
1.8458219404125207 , 1540 -2759 -1895 -1128 -3186 -1388 , 2975 -563 563 0 1124 1687 , -64 2564 -1961 -1209 3096 -793 , 3012 220 -220 0 1782 1562 , 2668 1895 2759 1128 507 -427 , 2589 -2612 781 1688 -871 743 , 901 -781 2612 -1688 -38 1741 , 1145 1961 -2564 1209 1168 532 , 574 343 -343 0 -2906 -3249 , 2.9778884813774594e-06 , 23
1.8458219404125207 , 1540 -2759 -1895 -1128 -3186 -1388 , 3012 220 -220 0 1782 1562 , -2589 743 -871 -901 781 -2612 , 2975 -563 563 0 1124 1687 , 2668 1895 2759 1128 507 -427 , 64 -793 3096 -1145 -1961 2564 , 1209 -3096 793 1145 -532 -1168 , -1688 871 -743 901 -1741 38 , 574 343 -343 0 -2906 -3249 , 2.9778884813774603e-06 , 24
1.8458219404125207 , 1540 -2759 -1895 -1128 -3186 -1388 , 3012 220 -220 0 1782 1562 , -2612 2589 -743 -1741 901 -781 , 2975 -563 563 0 1124 1687 , 2668 1895 2759 1128 507 -427 , 2564 -64 793 -532 1145 1961 , 3096 -793 64 532 1168 1209 , -871 743 -2589 1741 -38 -1688 , 574 343 -343 0 -2906 -3249 , 2.9778884813774603e-06 , 25
1.8458219404125207 , 1540 -2759 -1895 -1128 -3186 -1388 , 3012 220 -220 0 1782 1562 , 2612 -2589 743 1741 -901 781 , 2975 -563 563 0 1124 1687 , 2668 1895 2759 1128 507 -427 , -2564 64 -793 532 -1145 -1961 , -3096 793 -64 -532 -1168 -1209 , 871 -743 2589 -1741 38 1688 , 574 343 -343 0 -2906 -3249 , 2.9778884813774603e-06 , 26
1.8458219404125207 , 1540 -2759 -1895 -1128 -3186 -1388 , 3012 220 -220 0 1782 1562 , 2589 -743 871 901 -781 2612 , 2975 -563 563 0 1124 1687 , 2668 1895 2759 1128 507 -427 , -64 793 -3096 1145 1961 -2564 , -1209 3096 -793 -1145 532 1168 , 1688 -871 743 -901 1741 -38 , 574 343 -343 0 -2906 -3249 , 2.9778884813774603e-06 , 27
1.8458219404125207 , 1540 -2759 -1895 -1128 -3186 -1388 , 2975 -563 563 0 1124 1687 , -3096 793 -64 -532 -1168 -1209 , 3012 220 -220 0 1782 1562 , 2668 1895 2759 1128 507 -427 , 871 -743 2589 -1741 38 1688 , 2612 -2589 743 1741 -901 781 , -2564 64 -793 532 -1145 -1961 , 574 343 -343 0 -2906 -3249 , 2.9778884813774603e-06 , 28
1.8458219404125207 , 1540 -2759 -1895 -1128 -3186 -1388 , 2975 -563 563 0 1124 1687 , 3096 -793 64 532 1168 1209 , 3012 220 -220 0 1782 1562 , 2668 1895 2759 1128 507 -427 , -871 743 -2589 1741 -38 -1688 , -2612 2589 -743 -1741 901 -781 , 2564 -64 793 -532 1145 1961 , 574 343 -343 0 -2906 -3249 , 2.9778884813774603e-06 , 29
1.8458219404125207 , 1540 -2759 -1895 -1128 -3186 -1388 , 2975 -563 563 0 1124 1687 , 1961 1145 -532 793 -64 2564 , 3012 220 -220 0 1782 1562 , 2668 1895 2759 1128 507 -427 , -781 901 -1741 -743 2589 -2612 , -38 1741 -901 743 -871 1688 , 1168 532 -1145 -793 3096 -1209 , 574 343 -343 0 -2906 -3249 , 2.9778884814055627e-06 , 30
1.8458219404125207 , 1540 -2759 -1895 -1128 -3186 -1388 , 2975 -563 563 0 1124 1687 , -1961 -1145 532 -793 64 -2564 , 3012 220 -220 0 1782 1562 , 2668 1895 2759 1128 507 -427 , 781 -901 1741 743 -2589 2612 , 38 -1741 901 -743 871 -1688 , -1168 -532 1145 793 -3096 1209 , 574 343 -343 0 -2906 -3249 , 2.9778884814055627e-06 , 31
1.8458219404125207 , 1540 -2759 -1895 -1128 -3186 -1388 , 2975 -563 563 0 1124 1687 , 1209 -3096 793 1145 -532 -1168 , 3012 220 -220 0 1782 1562 , 2668 1895 2759 1128 507 -427 , -1688 871 -743 901 -1741 38 , -2589 743 -871 -901 781 -2612 , 64 -793 3096 -1145 -1961 2564 , 574 343 -343 0 -2906 -3249 , 2.9778884814336647e-06 , 32
1.8458219404125207 , 1540 -2759 -1895 -1128 -3186 -1388 , 2975 -563 563 0 1124 1687 , -1209 3096 -793 -1145 532 1168 , 3012 220 -220 0 1782 1562 , 2668 1895 2759 1128 507 -427 , 1688 -871 743 -901 1741 -38 , 2589 -743 871 901 -781 2612 , -64 793 -3096 1145 1961 -2564 , 574 343 -343 0 -2906 -3249 , 2.9778884814336647e-06 , 33
1.8458219404125207 , 1540 -2759 -1895 -1128 -3186 -1388 , 3012 220 -220 0 1782 1562 , -38 1741 -901 743 -871 1688 , 2975 -563 563 0 1124 1687 , 2668 1895 2759 1128 507 -427 , 1168 532 -1145 -793 3096 -1209 , 1961 1145 -532 793 -64 2564 , -781 901 -1741 -743 2589 -2612 , 574 343 -343 0 -2906 -3249 , 2.9778884814617671e-06 , 34
1.8458219404125207 , 1540 -2759 -1895 -1128 -3186 -1388 , 3012 220 -220 0 1782 1562 , 38 -1741 901 -743 871 -1688 , 2975 -563 563 0 1124 1687 , 2668 1895 2759 1128 507 -427 , -1168 -532 1145 793 -3096 1209 , -1961 -1145 532 -793 64 -2564 , 781 -901 1741 743 -2589 2612 , 574 343 -343 0 -2906 -3249 , 2.9778884814617671e-06 , 35
1.9546040861845997 , 133 -1100 -3230 -2084 -1703 -2445 , 2427 922 -922 0 2043 1121 , -1884 1236 -1240 1170 -1782 -67 , 3560 -1265 1265 0 863 2128 , 2217 3230 1100 2084 785 -603 , 1197 1658 -646 -201 933 1680 , 1398 646 -1658 201 2326 -725 , -3054 1240 -1236 -1170 1173 -3018 , 574 343 -343 0 -2906 -3249 , 2.8106940115191567e-06 , 0
1.9546040861845997 , 133 -1100 -3230 -2084 -1703 -2445 , 2427 922 -922 0 2043 1121 , 1884 -1236 1240 -1170 1782 67 , 3560 -1265 1265 0 863 2128 , 2217 3230 1100 2084 785 -603 , -1197 -1658 646 201 -933 -1680 , -1398 -646 1658 -201 -2326 725 , 3054 -1240 1236 1170 -1173 3018 , 574 343 -343 0 -2906 -3249 , 2.8106940115191567e-06 , 1
1.9546040861845997 , 133 -1100 -3230 -2084 -1703 -2445 , 3560 -1265 1265 0 863 2128 , 646 -1658 -1197 2326 -725 -1398 , 2427 922 -922 0 2043 1121 , 2217 3230 1100 2084 785 -603 , 1240 -1236 1884 1173 -3018 3054 , 67 -1884 1236 -1173 1170 -1782 , -1680 1197 1658 -2326 -201 933 , 574 343 -343 0 -2906 -3249 , 2.810694011576489e-06 , 2
1.9546040861845997 , 133 -1100 -3230 -2084 -1703 -2445 , 3560 -1265 1265 0 863 2128 , -646 1658 1197 -2326 725 1398 , 2427 922 -922 0 2043 1121 , 2217 3230 1100 2084 785 -603 , -1240 1236 -1884 -1173 3018 -3054 , -67 1884 -1236 1173 -1170 1782 , 1680 -1197 -1658 2326 201 -933 , 574 343 -343 0 -2906 -3249 , 2.810694011576489e-06 , 3
1.9546040861845997 , 133 -1100 -3230 -2084 -1703 -2445 , 3560 -1265 1265 0 863 2128 , -1680 -933 201 646 -1658 -1197 , 2427 922 -922 0 2043 1121 , 2217 3230 1100 2084 785 -603 , 67 1782 -1170 1240 -1236 1884 , -1173 1170 -1782 -1240 3054 -3018 , -2326 -201 933 -646 -1398 -725 , 574 343 -343 0 -2906 -3249 , 2.8106940115879548e-06 , 4
1.9546040861845997 , 133 -1100 -3230 -2084 -1703 -2445 , 3560 -1265 1265 0 863 2128 , 1680 933 -201 -646 1658 1197 , 2427 922 -922 0 2043 1121 , 2217 3230 1100 2084 785 -603 , -67 -1782 1170 -1240 1236 -1884 , 1173 -1170 1782 1240 -3054 3018 , 2326 201 -933 646 1398 725 , 574 343 -343 0 -2906 -3249 , 2.8106940115879548e-06 , 5
1.9546040861845997 , 133 -1100 -3230 -2084 -1703 -2445 , 2427 922 -922 0 2043 1121 , -67 1884 -1236 1173 -1170 1782 , 3560 -1265 1265 0 863 2128 , 2217 3230 1100 2084 785 -603 , 1680 -1197 -1658 2326 201 -933 , -646 1658 1197 -2326 725 1398 , -1240 1236 -1884 -1173 3018 -3054 , 574 343 -343 0 -2906 -3249 , 2.8106940116108878e-06 , 6
1.9546040861845997 , 133 -1100 -3230 -2084 -1703 -2445 , 2427 922 -922 0 2043 1121 , 67 -1884 1236 -1173 1170 -1782 , 3560 -1265 1265 0 863 2128 , 2217 3230 1100 2084 785 -603 , -1680 1197 1658 -2326 -201 933 , 646 -1658 -1197 2326 -725 -1398 , 1240 -1236 1884 1173 -3018 3054 , 574 343 -343 0 -2906 -3249 , 2.8106940116108878e-06 , 7
1.9546040861845997 , 133 -1100 -3230 -2084 -1703 -2445 , 2427 922 -922 0 2043 1121 , -3054 3018 -1173 -1884 1236 -1240 , 3560 -1265 1265 0 863 2128 , 2217 3230 1100 2084 785 -603 , 1398 725 -2326 1197 1658 -646 , 201 2326 -725 -1197 1680 933 , -1170 1173 -3018 1884 -67 -1782 , 574 343 -343 0 -2906 -3249 , 2.8106940116223537e-06 , 8
1.9546040861845997 , 133 -1100 -3230 -2084 -1703 -2445 , 2427 922 -922 0 2043 1121 , 3054 -3018 1173 1884 -1236 1240 , 3560 -1265 1265 0 863 2128 , 2217 3230 1100 2084 785 -603 , -1398 -725 2326 -1197 -1658 646 , -201 -2326 725 1197 -1680 -933 , 1170 -1173 3018 -1884 67 1782 , 574 343 -343 0 -2906 -3249 , 2.8106940116223537e-06 , 9
1.9546040861845997 , 133 -1100 -3230 -2084 -1703 -2445 , 2427 922 -922 0 2043 1121 , -1782 -67 1884 -3018 1173 -1170 , 3560 -1265 1265 0 863 2128 , 2217 3230 1100 2084 785 -603 , 933 1680 -1197 -725 2326 201 , 1658 1197 -1680 725 1398 646 , 1236 -1884 67 3018 -3054 1240 , 574 343 -343 0 -2906 -3249 , 2.8106940116452862e-06 , 10
1.9546040861845997 , 133 -1100 -3230 -2084 -1703 -2445 , 2427 922 -922 0 2043 1121 , 1782 67 -1884 3018 -1173 1170 , 3560 -1265 1265 0 863 2128 , 2217 3230 1100 2084 785 -603 , -933 -1680 1197 725 -2326 -201 , -1658 -1197 1680 -725 -1398 -646 , -1236 1884 -67 -3018 3054 -1240 , 574 343 -343 0 -2906 -3249 , 2.8106940116452862e-06 , 11
1.9546040861845997 , 133 -1100 -3230 -2084 -1703 -2445 , 3560 -1265 1265 0 863 2128 , -933 201 2326 -1658 -1197 1680 , 2427 922 -922 0 2043 1121 , 2217 3230 1100 2084 785 -603 , 1782 -1170 1173 -1236 1884 -67 , 3018 -1173 1170 1236 -1240 3054 , 725 -2326 -201 1658 -646 -1398 , 574 343 -343 0 -2906 -3249 , 2.8106940116452862e-06 , 12
1.9546040861845997 , 133 -1100 -3230 -2084 -1703 -2445 , 3560 -1265 1265 0 863 2128 , 933 -201 -2326 1658 1197 -1680 , 2427 922 -922 0 2043 1121 , 2217 3230 1100 2084 785 -603 , -1782 1170 -1173 1236 -1884 67 , -3018 1173 -1170 -1236 1240 -3054 , -725 2326 201 -1658 646 1398 , 574 343 -343 0 -2906 -3249 , 2.8106940116452862e-06 , 13
1.9546040861845997 , 133 -1100 -3230 -2084 -1703 -2445 , 2427 922 -922 0 2043 1121 , -1173 1170 -1782 -1240 3054 -3018 , 3560 -1265 1265 0 863 2128 , 2217 3230 1100 2084 785 -603 , -2326 -201 933 -646 -1398 -725 , -1680 -933 201 646 -1658 -1197 , 67 1782 -1170 1240 -1236 1884 , 574 343 -343 0 -2906 -3249 , 2.8106940116452867e-06 , 14
1.9546040861845997 , 133 -1100 -3230 -2084 -1703 -2445 , 2427 922 -922 0 2043 1121 , 1236 -1240 3054 -1782 -67 1884 , 3560 -1265 1265 0 863 2128 , 2217 3230 1100 2084 785 -603 , 1658 -646 -1398 933 1680 -1197 , 725 1398 646 -933 201 2326 , 3018 -3054 1240 1782 -1170 1173 , 574 343 -343 0 -2906 -3249 , 2.8106940116452867e-06 , 15
1.9546040861845997 , 133 -1100 -3230 -2084 -1703 -2445 , 2427 922 -922 0 2043 1121 , -1236 1240 -3054 1782 67 -1884 , 3560 -1265 1265 0 863 2128 , 2217 3230 1100 2084 785 -603 , -1658 646 1398 -933 -1680 1197 , -725 -1398 -646 933 -201 -2326 , -3018 3054 -1240 -1782 1170 -1173 , 574 343 -343 0 -2906 -3249 , 2.8106940116452867e-06 , 16
1.9546040861845997 , 133 -1100 -3230 -2084 -1703 -2445 , 2427 922 -922 0 2043 1121 , 1173 -1170 1782 1240 -3054 3018 , 3560 -1265 1265 0 863 2128 , 2217 3230 1100 2084 785 -603 , 2326 201 -933 646 1398 725 , 1680 933 -201 -646 1658 1197 , -67 -1782 1170 -1240 1236 -1884 , 574 343 -343 0 -2906 -3249 , 2.8106940116452867e-06 , 17
1.9546040861845997 , 133 -1100 -3230 -2084 -1703 -2445 , 3560 -1265 1265 0 863 2128 , 1197 -1680 -933 1398 646 -1658 , 2427 922 -922 0 2043 1121 , 2217 3230 1100 2084 785 -603 , -1884 67 1782 -3054 1240 -1236 , 1170 -1782 -67 3054 -3018 1173 , -201 933 1680 -1398 -725 2326 , 574 343 -343 0 -2906 -3249 , 2.8106940116452867e-06 , 18
1.9546040861845997 , 133 -1100 -3230 -2084 -1703 -2445 , 3560 -1265 1265 0 863 2128 , -1197 1680 933 -1398 -646 1658 , 2427 922 -922 0 2043 1121 , 2217 3230 1100 2084 785 -603 , 1884 -67 -1782 3054 -1240 1236 , -1170 1782 67 -3054 3018 -1173 , 201 -933 -1680 1398 725 -2326 , 574 343 -343 0 -2906 -3249 , 2.8106940116452867e-06 , 19
1.9546040861845997 , 133 -1100 -3230 -2084 -1703 -2445 , 3560 -1265 1265 0 863 2128 , -1658 -1197 1680 -725 -1398 -646 , 2427 922 -922 0 2043 1121 , 2217 3230 1100 2084 785 -603 , -1236 1884 -67 -3018 3054 -1240 , 1782 67 -1884 3018 -1173 1170 , -933 -1680 1197 725 -2326 -201 , 574 343 -343 0 -2906 -3249 , 2.8106940116567529e-06 , 20
1.9546040861845997 , 133 -1100 -3230 -2084 -1703 -2445 , 3560 -1265 1265 0 863 2128 , 1398 646 -1658 201 2326 -725 , 2427 922 -922 0 2043 1121 , 2217 3230 1100 2084 785 -603 , -3054 1240 -1236 -1170 1173 -3018 , -1884 1236 -1240 1170 -1782 -67 , 1197 1658 -646 -201 933 1680 , 574 343 -343 0 -2906 -3249 , 2.8106940116567529e-06 , 21
1.9546040861845997 , 133 -1100 -3230 -2084 -1703 -2445 , 3560 -1265 1265 0 863 2128 , 201 2326 -725 -1197 1680 933 , 2427 922 -922 0 2043 1121 , 2217 3230 1100 2084 785 -603 , -1170 1173 -3018 1884 -67 -1782 , -3054 3018 -1173 -1884 1236 -1240 , 1398 725 -2326 1197 1658 -646 , 574 343 -343 0 -2906 -3249 , 2.8106940116567529e-06 , 22
1.9546040861845997 , 133 -1100 -3230 -2084 -1703 -2445 , 3560 -1265 1265 0 863 2128 , -201 -2326 725 1197 -1680 -933 , 2427 922 -922 0 2043 1121 , 2217 3230 1100 2084 785 -603 , 1170 -1173 3018 -1884 67 1782 , 3054 -3018 1173 1884 -1236 1240 , -1398 -725 2326 -1197 -1658 646 , 574 343 -343 0 -2906 -3249 , 2.8106940116567529e-06 , 23
1.9546040861845997 , 133 -1100 -3230 -2084 -1703 -2445 , 3560 -1265 1265 0 863 2128 , -1398 -646 1658 -201 -2326 725 , 2427 922 -922 0 2043 1121 , 2217 3230 1100 2084 785 -603 , 3054 -1240 1236 1170 -1173 3018 , 1884 -1236 1240 -1170 1782 67 , -1197 -1658 646 201 -933 -1680 , 574 343 -343 0 -2906 -3249 , 2.8106940116567529e-06 , 24
1.9546040861845997 , 133 -1100 -3230 -2084 -1703 -2445 , 3560 -1265 1265 0 863 2128 , 1658 1197 -1680 725 1398 646 , 2427 922 -922 0 2043 1121 , 2217 3230 1100 2084 785 -603 , 1236 -1884 67 3018 -3054 1240 , -1782 -67 1884 -3018 1173 -1170 , 933 1680 -1197 -725 2326 201 , 574 343 -343 0 -2906 -3249 , 2.8106940116567529e-06 , 25
1.9546040861845997 , 133 -1100 -3230 -2084 -1703 -2445 , 2427 922 -922 0 2043 1121 , 1170 -1782 -67 3054 -3018 1173 , 3560 -1265 1265 0 863 2128 , 2217 3230 1100 2084 785 -603 , -201 933 1680 -1398 -725 2326 , 1197 -1680 -933 1398 646 -1658 , -1884 67 1782 -3054 1240 -1236 , 574 343 -343 0 -2906 -3249 , 2.8106940116682192e-06 , 26
1.9546040861845997 , 133 -1100 -3230 -2084 -1703 -2445 , 2427 922 -922 0 2043 1121 , -1170 1782 67 -3054 3018 -1173 , 3560 -1265 1265 0 863 2128 , 2217 3230 1100 2084 785 -603 , 201 -933 -1680 1398 725 -2326 , -1197 1680 933 -1398 -646 1658 , 1884 -67 -1782 3054 -1240 1236 , 574 343 -343 0 -2906 -3249 , 2.8106940116682192e-06 , 27
1.9546040861845997 , 133 -1100 -3230 -2084 -1703 -2445 , 3560 -1265 1265 0 863 2128 , -2326 725 1398 -1680 -933 201 , 2427 922 -922 0 2043 1121 , 2217 3230 1100 2084 785 -603 , -1173 3018 -3054 67 1782 -1170 , -1240 3054 -3018 -67 1884 -1236 , -646 -1398 -725 1680 -1197 -1658 , 574 343 -343 0 -2906 -3249 , 2.8106940116682192e-06 , 28
1.9546040861845997 , 133 -1100 -3230 -2084 -1703 -2445 , 3560 -1265 1265 0 863 2128 , 2326 -725 -1398 1680 933 -201 , 2427 922 -922 0 2043 1121 , 2217 3230 1100 2084 785 -603 , 1173 -3018 3054 -67 -1782 1170 , 1240 -3054 3018 67 -1884 1236 , 646 1398 725 -1680 1197 1658 , 574 343 -343 0 -2906 -3249 , 2.8106940116682192e-06 , 29
1.9546040861845997 , 133 -1100 -3230 -2084 -1703 -2445 , 2427 922 -922 0 2043 1121 , -3018 1173 -1170 -1236 1240 -3054 , 3560 -1265 1265 0 863 2128 , 2217 3230 1100 2084 785 -603 , -725 2326 201 -1658 646 1398 , 933 -201 -2326 1658 1197 -1680 , -1782 1170 -1173 1236 -1884 67 , 574 343 -343 0 -2906 -3249 , 2.8106940116796855e-06 , 30
1.9546040861845997 , 133 -1100 -3230 -2084 -1703 -2445 , 2427 922 -922 0 2043 1121 , 3018 -1173 1170 1236 -1240 3054 , 3560 -1265 1265 0 863 2128 , 2217 3230 1100 2084 785 -603 , 725 -2326 -201 1658 -646 -1398 , -933 201 2326 -1658 -1197 1680 , 1782 -1170 1173 -1236 1884 -67 , 574 343 -343 0 -2906 -3249 , 2.8106940116796855e-06 , 31
1.9546040861845997 , 133 -1100 -3230 -2084 -1703 -2445 , 2427 922 -922 0 2043 1121 , -1240 3054 -3018 -67 1884 -1236 , 3560 -1265 1265 0 863 2128 , 2217 3230 1100 2084 785 -603 , -646 -1398 -725 1680 -1197 -1658 , -2326 725 1398 -1680 -933 201 , -1173 3018 -3054 67 1782 -1170 , 574 343 -343 0 -2906 -3249 , 2.8106940116796859e-06 , 32
1.9546040861845997 , 133 -1100 -3230 -2084 -1703 -2445 , 2427 922 -922 0 2043 1121 , 1240 -3054 3018 67 -1884 1236 , 3560 -1265 1265 0 863 2128 , 2217 3230 1100 2084 785 -603 , 646 1398 725 -1680 1197 1658 , 2326 -725 -1398 1680 933 -201 , 1173 -3018 3054 -67 -1782 1170 , 574 343 -343 0 -2906 -3249 , 2.8106940116796859e-06 , 33
1.9546040861845997 , 133 -1100 -3230 -2084 -1703 -2445 , 3560 -1265 1265 0 863 2128 , 725 1398 646 -933 201 2326 , 2427 922 -922 0 2043 1121 , 2217 3230 1100 2084 785 -603 , 3018 -3054 1240 1782 -1170 1173 , 1236 -1240 3054 -1782 -67 1884 , 1658 -646 -1398 933 1680 -1197 , 574 343 -343 0 -2906 -3249 , 2.8106940117026185e-06 , 34
1.9546040861845997 , 133 -1100 -3230 -2084 -1703 -2445 , 3560 -1265 1265 0 863 2128 , -725 -1398 -646 933 -201 -2326 , 2427 922 -922 0 2043 1121 , 2217 3230 1100 2084 785 -603 , -3018 3054 -1240 -1782 1170 -1173 , -1236 1240 -3054 1782 67 -1884 , -1658 646 1398 -933 -1680 1197 , 574 343 -343 0 -2906 -3249 , 2.8106940117026185e-06 , 35
2.0602111910204806 , -1055 -1182 -1918 -3602 -1850 -2268 , 2935 -413 413 0 1225 1638 , 163 -2984 2403 325 -2061 73 , 3052 70 -70 0 1681 1611 , 2547 1918 1182 3602 -350 -668 , -694 -959 -37 -784 1392 -2502 , 90 37 959 784 -2465 2351 , -162 -2403 2984 -325 -2330 923 , 574 343 -343 0 -2906 -3249 , 2.7816893378231925e-06 , 0
2.0602111910204806 , -1055 -1182 -1918 -3602 -1850 -2268 , 2935 -413 413 0 1225 1638 , -163 2984 -2403 -325 2061 -73 , 3052 70 -70 0 1681 1611 , 2547 1918 1182 3602 -350 -668 , 694 959 37 784 -1392 2502 , -90 -37 -959 -784 2465 -2351 , 162 2403 -2984 325 2330 -923 , 574 343 -343 0 -2906 -3249 , 2.7816893378231925e-06 , 1
2.0602111910204806 , -1055 -1182 -1918 -3602 -1850 -2268 , 2935 -413 413 0 1225 1638 , -162 -923 2330 163 -2984 2403 , 3052 70 -70 0 1681 1611 , 2547 1918 1182 3602 -350 -668 , 90 -2351 2465 -694 -959 -37 , 784 -2465 2351 694 -2502 1392 , -325 -2330 923 -163 73 -2061 , 574 343 -343 0 -2906 -3249 , 2.7816893378254372e-06 , 2
2.0602111910204806 , -1055 -1182 -1918 -3602 -1850 -2268 , 2935 -413 413 0 1225 1638 , 162 923 -2330 -163 2984 -2403 , 3052 70 -70 0 1681 1611 , 2547 1918 1182 3602 -350 -668 , -90 2351 -2465 694 959 37 , -784 2465 -2351 -694 2502 -1392 , 325 2330 -923 163 -73 2061 , 574 343 -343 0 -2906 -3249 , 2.7816893378254372e-06 , 3
2.0602111910204806 , -1055 -1182 -1918 -3602 -1850 -2268 , 3052 70 -70 0 1681 1611 , -2351 90 37 -1392 784 -2465 , 2935 -413 413 0 1225 1638 , 2547 1918 1182 3602 -350 -668 , -923 -162 -2403 2061 -325 -2330 , -2984 2403 162 -2061 73 -163 , -959 -37 -90 1392 -2502 694 , 574 343 -343 0 -2906 -3249 , 2.7816893378254372e-06 , 4
2.0602111910204806 , -1055 -1182 -1918 -3602 -1850 -2268 , 3052 70 -70 0 1681 1611 , 2351 -90 -37 1392 -784 2465 , 2935 -413 413 0 1225 1638 , 2547 1918 1182 3602 -350 -668 , 923 162 2403 -2061 325 2330 , 2984 -2403 -162 2061 -73 163 , 959 37 90 -1392 2502 -694 , 574 343 -343 0 -2906 -3249 , 2.7816893378254372e-06 , 5
2.0602111910204806 , -1055 -1182 -1918 -3602 -1850 -2268 , 2935 -413 413 0 1225 1638 , -2984 2403 162 -2061 73 -163 , 3052 70 -70 0 1681 1611 , 2547 1918 1182 3602 -350 -668 , -959 -37 -90 1392 -2502 694 , -2351 90 37 -1392 784 -2465 , -923 -162 -2403 2061 -325 -2330 , 574 343 -343 0 -2906 -3249 , 2.7816893378254376e-06 , 6
2.0602111910204806 , -1055 -1182 -1918 -3602 -1850 -2268 , 2935 -413 413 0 1225 1638 , 2984 -2403 -162 2061 -73 163 , 3052 70 -70 0 1681 1611 , 2547 1918 1182 3602 -350 -668 , 959 37 90 -1392 2502 -694 , 2351 -90 -37 1392 -784 2465 , 923 162 2403 -2061 325 2330 , 574 343 -343 0 -2906 -3249 , 2.7816893378254376e-06 , 7
2.0602111910204806 , -1055 -1182 -1918 -3602 -1850 -2268 , 3052 70 -70 0 1681 1611 , 694 -2502 1392 -90 -37 -959 , 2935 -413 413 0 1225 1638 , 2547 1918 1182 3602 -350 -668 , -163 73 -2061 162 2403 -2984 , -325 2061 -73 -162 -923 2330 , 784 -1392 2502 90 -2351 2465 , 574 343 -343 0 -2906 -3249 , 2.7816893378254376e-06 , 8
2.0602111910204806 , -1055 -1182 -1918 -3602 -1850 -2268 , 3052 70 -70 0 1681 1611 , -694 2502 -1392 90 37 959 , 2935 -413 413 0 1225 1638 , 2547 1918 1182 3602 -350 -668 , 163 -73 2061 -162 -2403 2984 , 325 -2061 73 162 923 -2330 , -784 1392 -2502 -90 2351 -2465 , 574 343 -343 0 -2906 -3249 , 2.7816893378254376e-06 , 9
2.0602111910204806 , -1055 -1182 -1918 -3602 -1850 -2268 , 2935 -413 413 0 1225 1638 , -73 163 -2984 2330 325 -2061 , 3052 70 -70 0 1681 1611 , 2547 1918 1182 3602 -350 -668 , 2502 -694 -959 2465 -784 1392 , 37 959 694 -2465 2351 -90 , -2403 2984 -163 -2330 923 162 , 574 343 -343 0 -2906 -3249 , 2.7816893378299273e-06 , 10
2.0602111910204806 , -1055 -1182 -1918 -3602 -1850 -2268 , 2935 -413 413 0 1225 1638 , 73 -163 2984 -2330 -325 2061 , 3052 70 -70 0 1681 1611 , 2547 1918 1182 3602 -350 -668 , -2502 694 959 -2465 784 -1392 , -37 -959 -694 2465 -2351 90 , 2403 -2984 163 2330 -923 -162 , 574 343 -343 0 -2906 -3249 , 2.7816893378299273e-06 , 11
2.0602111910204806 , -1055 -1182 -1918 -3602 -1850 -2268 , 2935 -413 413 0 1225 1638 , -2403 -162 -923 -73 163 -2984 , 3052 70 -70 0 1681 1611 , 2547 1918 1182 3602 -350 -668 , 37 90 -2351 2502 -694 -959 , -2465 2351 -90 -2502 1392 -784 , -2330 923 162 73 -2061 325 , 574 343 -343 0 -2906 -3249 , 2.7816893378299277e-06 , 12
2.0602111910204806 , -1055 -1182 -1918 -3602 -1850 -2268 , 2935 -413 413 0 1225 1638 , 2403 162 923 73 -163 2984 , 3052 70 -70 0 1681 1611 , 2547 1918 1182 3602 -350 -668 , -37 -90 2351 -2502 694 959 , 2465 -2351 90 2502 -1392 784 , 2330 -923 -162 -73 2061 -325 , 574 343 -343 0 -2906 -3249 , 2.7816893378299277e-06 , 13
2.0602111910204806 , -1055 -1182 -1918 -3602 -1850 -2268 , 2935 -413 413 0 1225 1638 , -923 2330 325 -2984 2403 162 , 3052 70 -70 0 1681 1611 , 2547 1918 1182 3602 -350 -668 , -2351 2465 -784 -959 -37 -90 , -1392 784 -2465 959 694 -2502 , 2061 -325 -2330 2984 -163 73 , 574 343 -343 0 -2906 -3249 , 2.7816893378321723e-06 , 14
2.0602111910204806 , -1055 -1182 -1918 -3602 -1850 -2268 , 2935 -413 413 0 1225 1638 , -2061 73 -163 923 -2330 -325 , 3052 70 -70 0 1681 1611 , 2547 1918 1182 3602 -350 -668 , 1392 -2502 694 2351 -2465 784 , -959 -694 2502 -2351 90 37 , -2984 163 -73 -923 -162 -2403 , 574 343 -343 0 -2906 -3249 , 2.7816893378321723e-06 , 15
2.0602111910204806 , -1055 -1182 -1918 -3602 -1850 -2268 , 2935 -413 413 0 1225 1638 , 2061 -73 163 -923 2330 325 , 3052 70 -70 0 1681 1611 , 2547 1918 1182 3602 -350 -668 , -1392 2502 -694 -2351 2465 -784 , 959 694 -2502 2351 -90 -37 , 2984 -163 73 923 162 2403 , 574 343 -343 0 -2906 -3249 , 2.7816893378321723e-06 , 16
2.0602111910204806 , -1055 -1182 -1918 -3602 -1850 -2268 , 2935 -413 413 0 1225 1638 , 923 -2330 -325 2984 -2403 -162 , 3052 70 -70 0 1681 1611 , 2547 1918 1182 3602 -350 -668 , 2351 -2465 784 959 37 90 , 1392 -784 2465 -959 -694 2502 , -2061 325 2330 -2984 163 -73 , 574 343 -343 0 -2906 -3249 , 2.7816893378321723e-06 , 17
2.0602111910204806 , -1055 -1182 -1918 -3602 -1850 -2268 , 3052 70 -70 0 1681 1611 , -2465 2351 -90 -2502 1392 -784 , 2935 -413 413 0 1225 1638 , 2547 1918 1182 3602 -350 -668 , -2330 923 162 73 -2061 325 , -2403 -162 -923 -73 163 -2984 , 37 90 -2351 2502 -694 -959 , 574 343 -343 0 -2906 -3249 , 2.7816893378344174e-06 , 18
2.0602111910204806 , -1055 -1182 -1918 -3602 -1850 -2268 , 3052 70 -70 0 1681 1611 , 37 959 694 -2465 2351 -90 , 2935 -413 413 0 1225 1638 , 2547 1918 1182 3602 -350 -668 , -2403 2984 -163 -2330 923 162 , -73 163 -2984 2330 325 -2061 , 2502 -694 -959 2465 -784 1392 , 574 343 -343 0 -2906 -3249 , 2.7816893378344174e-06 , 19
2.0602111910204806 , -1055 -1182 -1918 -3602 -1850 -2268 , 3052 70 -70 0 1681 1611 , -37 -959 -694 2465 -2351 90 , 2935 -413 413 0 1225 1638 , 2547 1918 1182 3602 -350 -668 , 2403 -2984 163 2330 -923 -162 , 73 -163 2984 -2330 -325 2061 , -2502 694 959 -2465 784 -1392 , 574 343 -343 0 -2906 -3249 , 2.7816893378344174e-06 , 20
2.0602111910204806 , -1055 -1182 -1918 -3602 -1850 -2268 , 3052 70 -70 0 1681 1611 , 2465 -2351 90 2502 -1392 784 , 2935 -413 413 0 1225 1638 , 2547 1918 1182 3602 -350 -668 , 2330 -923 -162 -73 2061 -325 , 2403 162 923 73 -163 2984 , -37 -90 2351 -2502 694 959 , 574 343 -343 0 -2906 -3249 , 2.7816893378344174e-06 , 21
2.0602111910204806 , -1055 -1182 -1918 -3602 -1850 -2268 , 3052 70 -70 0 1681 1611 , 959 694 -2502 2351 -90 -37 , 2935 -413 413 0 1225 1638 , 2547 1918 1182 3602 -350 -668 , 2984 -163 73 923 162 2403 , 2061 -73 163 -923 2330 325 , -1392 2502 -694 -2351 2465 -784 , 574 343 -343 0 -2906 -3249 , 2.7816893378344178e-06 , 22
2.0602111910204806 , -1055 -1182 -1918 -3602 -1850 -2268 , 3052 70 -70 0 1681 1611 , -959 -694 2502 -2351 90 37 , 2935 -413 413 0 1225 1638 , 2547 1918 1182 3602 -350 -668 , -2984 163 -73 -923 -162 -2403 , -2061 73 -163 923 -2330 -325 , 1392 -2502 694 2351 -2465 784 , 574 343 -343 0 -2906 -3249 , 2.7816893378344178e-06 , 23
2.0602111910204806 , -1055 -1182 -1918 -3602 -1850 -2268 , 3052 70 -70 0 1681 1611 , 90 37 959 784 -2465 2351 , 2935 -413 413 0 1225 1638 , 2547 1918 1182 3602 -350 -668 , -162 -2403 2984 -325 -2330 923 , 163 -2984 2403 325 -2061 73 , -694 -959 -37 -784 1392 -2502 , 574 343 -343 0 -2906 -3249 , 2.781689337836662e-06 , 24
2.0602111910204806 , -1055 -1182 -1918 -3602 -1850 -2268 , 3052 70 -70 0 1681 1611 , -90 -37 -959 -784 2465 -2351 , 2935 -413 413 0 1225 1638 , 2547 1918 1182 3602 -350 -668 , 162 2403 -2984 325 2330 -923 , -163 2984 -2403 -325 2061 -73 , 694 959 37 784 -1392 2502 , 574 343 -343 0 -2906 -3249 , 2.781689337836662e-06 , 25
2.0602111910204806 , -1055 -1182 -1918 -3602 -1850 -2268 , 2935 -413 413 0 1225 1638 , 325 -2061 73 162 923 -2330 , 3052 70 -70 0 1681 1611 , 2547 1918 1182 3602 -350 -668 , -784 1392 -2502 -90 2351 -2465 , -694 2502 -1392 90 37 959 , 163 -73 2061 -162 -2403 2984 , 574 343 -343 0 -2906 -3249 , 2.7816893378366625e-06 , 26
2.0602111910204806 , -1055 -1182 -1918 -3602 -1850 -2268 , 2935 -413 413 0 1225 1638 , -325 2061 -73 -162 -923 2330 , 3052 70 -70 0 1681 1611 , 2547 1918 1182 3602 -350 -668 , 784 -1392 2502 90 -2351 2465 , 694 -2502 1392 -90 -37 -959 , -163 73 -2061 162 2403 -2984 , 574 343 -343 0 -2906 -3249 , 2.7816893378366625e-06 , 27
2.0602111910204806 , -1055 -1182 -1918 -3602 -1850 -2268 , 3052 70 -70 0 1681 1611 , -1392 784 -2465 959 694 -2502 , 2935 -413 413 0 1225 1638 , 2547 1918 1182 3602 -350 -668 , 2061 -325 -2330 2984 -163 73 , -923 2330 325 -2984 2403 162 , -2351 2465 -784 -959 -37 -90 , 574 343 -343 0 -2906 -3249 , 2.7816893378366625e-06 , 28
2.0602111910204806 , -1055 -1182 -1918 -3602 -1850 -2268 , 3052 70 -70 0 1681 1611 , 1392 -784 2465 -959 -694 2502 , 2935 -413 413 0 1225 1638 , 2547 1918 1182 3602 -350 -668 , -2061 325 2330 -2984 163 -73 , 923 -2330 -325 2984 -2403 -162 , 2351 -2465 784 959 37 90 , 574 343 -343 0 -2906 -3249 , 2.7816893378366625e-06 , 29
2.0602111910204806 , -1055 -1182 -1918 -3602 -1850 -2268 , 3052 70 -70 0 1681 1611 , 784 -2465 2351 694 -2502 1392 , 2935 -413 413 0 1225 1638 , 2547 1918 1182 3602 -350 -668 , -325 -2330 923 -163 73 -2061 , -162 -923 2330 163 -2984 2403 , 90 -2351 2465 -694 -959 -37 , 574 343 -343 0 -2906 -3249 , 2.7816893378389071e-06 , 30
2.0602111910204806 , -1055 -1182 -1918 -3602 -1850 -2268 , 3052 70 -70 0 1681 1611 , -784 2465 -2351 -694 2502 -1392 , 2935 -413 413 0 1225 1638 , 2547 1918 1182 3602 -350 -668 , 325 2330 -923 163 -73 2061 , 162 923 -2330 -163 2984 -2403 , -90 2351 -2465 694 959 37 , 574 343 -343 0 -2906 -3249 , 2.7816893378389071e-06 , 31
2.0602111910204806 , -1055 -1182 -1918 -3602 -1850 -2268 , 2935 -413 413 0 1225 1638 , 2330 325 -2061 2403 162 923 , 3052 70 -70 0 1681 1611 , 2547 1918 1182 3602 -350 -668 , 2465 -784 1392 -37 -90 2351 , 2502 -1392 784 37 959 694 , -73 2061 -325 -2403 2984 -163 , 574 343 -343 0 -2906 -3249 , 2.7816893378411522e-06 , 32
2.0602111910204806 , -1055 -1182 -1918 -3602 -1850 -2268 , 2935 -413 413 0 1225 1638 , -2330 -325 2061 -2403 -162 -923 , 3052 70 -70 0 1681 1611 , 2547 1918 1182 3602 -350 -668 , -2465 784 -1392 37 90 -2351 , -2502 1392 -784 -37 -959 -694 , 73 -2061 325 2403 -2984 163 , 574 343 -343 0 -2906 -3249 , 2.7816893378411522e-06 , 33
2.0602111910204806 , -1055 -1182 -1918 -3602 -1850 -2268 , 3052 70 -70 0 1681 1611 , -2502 1392 -784 -37 -959 -694 , 2935 -413 413 0 1225 1638 , 2547 1918 1182 3602 -350 -668 , 73 -2061 325 2403 -2984 163 , -2330 -325 2061 -2403 -162 -923 , -2465 784 -1392 37 90 -2351 , 574 343 -343 0 -2906 -3249 , 2.7816893378411526e-06 , 34
2.0602111910204806 , -1055 -1182 -1918 -3602 -1850 -2268 , 3052 70 -70 0 1681 1611 , 2502 -1392 784 37 959 694 , 2935 -413 413 0 1225 1638 , 2547 1918 1182 3602 -350 -668 , -73 2061 -325 -2403 2984 -163 , 2330 325 -2061 2403 162 923 , 2465 -784 1392 -37 -90 2351 , 574 343 -343 0 -2906 -3249 , 2.7816893378411526e-06 , 35
2.1622149909893733 , 1059 -2863 -1745 -1931 -2710 -1076 , 3496 1 -1 0 1861 1860 , -1693 1765 -472 -1840 1615 -1086 , 2491 -344 344 0 1045 1389 , 2990 1745 2863 1931 669 153 , 3734 -1298 -983 2582 46 1314 , 1152 983 1298 -2582 2297 1344 , 147 472 -1765 1840 -614 -150 , 574 343 -343 0 -2906 -3249 , 2.9014815519588224e-06 , 0
2.1622149909893733 , 1059 -2863 -1745 -1931 -2710 -1076 , 3496 1 -1 0 1861 1860 , 1693 -1765 472 1840 -1615 1086 , 2491 -344 344 0 1045 1389 , 2990 1745 2863 1931 669 153 , -3734 1298 983 -2582 -46 -1314 , -1152 -983 -1298 2582 -2297 -1344 , -147 -472 1765 -1840 614 150 , 574 343 -343 0 -2906 -3249 , 2.9014815519588224e-06 , 1
2.1622149909893733 , 1059 -2863 -1745 -1931 -2710 -1076 , 2491 -344 344 0 1045 1389 , -2582 2297 1344 -3734 1314 46 , 3496 1 -1 0 1861 1860 , 2990 1745 2863 1931 669 153 , 1840 -614 -150 1693 -1086 1615 , 147 150 614 -1693 1765 -472 , 1152 -1344 -2297 3734 -1298 -983 , 574 343 -343 0 -2906 -3249 , 2.9014815520709632e-06 , 2
2.1622149909893733 , 1059 -2863 -1745 -1931 -2710 -1076 , 2491 -344 344 0 1045 1389 , 1298 -3734 1314 1344 -1152 -983 , 3496 1 -1 0 1861 1860 , 2990 1745 2863 1931 669 153 , -1765 1693 -1086 -150 -147 -472 , -1615 1086 -1693 150 614 -1840 , -46 -1314 3734 -1344 -2297 2582 , 574 343 -343 0 -2906 -3249 , 2.9014815520709632e-06 , 3
2.1622149909893733 , 1059 -2863 -1745 -1931 -2710 -1076 , 2491 -344 344 0 1045 1389 , 983 1298 -3734 2297 1344 -1152 , 3496 1 -1 0 1861 1860 , 2990 1745 2863 1931 669 153 , 472 -1765 1693 -614 -150 -147 , 1086 -1693 1765 614 -1840 1615 , -1314 3734 -1298 -2297 2582 46 , 574 343 -343 0 -2906 -3249 , 2.9014815520709632e-06 , 4
2.1622149909893733 , 1059 -2863 -1745 -1931 -2710 -1076 , 2491 -344 344 0 1045 1389 , -1152 -983 -1298 2582 -2297 -1344 , 3496 1 -1 0 1861 1860 , 2990 1745 2863 1931 669 153 , -147 -472 1765 -1840 614 150 , 1693 -1765 472 1840 -1615 1086 , -3734 1298 983 -2582 -46 -1314 , 574 343 -343 0 -2906 -3249 , 2.9014815520709632e-06 , 5
2.1622149909893733 , 1059 -2863 -1745 -1931 -2710 -1076 , 2491 -344 344 0 1045 1389 , 1152 983 1298 -2582 2297 1344 , 3496 1 -1 0 1861 1860 , 2990 1745 2863 1931 669 153 , 147 472 -1765 1840 -614 -150 , -1693 1765 -472 -1840 1615 -1086 , 3734 -1298 -983 2582 46 1314 , 574 343 -343 0 -2906 -3249 , 2.9014815520709632e-06 , 6
2.1622149909893733 , 1059 -2863 -1745 -1931 -2710 -1076 , 2491 -344 344 0 1045 1389 , -983 -1298 3734 -2297 -1344 1152 , 3496 1 -1 0 1861 1860 , 2990 1745 2863 1931 669 153 , -472 1765 -1693 614 150 147 , -1086 1693 -1765 -614 1840 -1615 , 1314 -3734 1298 2297 -2582 -46 , 574 343 -343 0 -2906 -3249 , 2.9014815520709632e-06 , 7
2.1622149909893733 , 1059 -2863 -1745 -1931 -2710 -1076 , 2491 -344 344 0 1045 1389 , -1298 3734 -1314 -1344 1152 983 , 3496 1 -1 0 1861 1860 , 2990 1745 2863 1931 669 153 , 1765 -1693 1086 150 147 472 , 1615 -1086 1693 -150 -614 1840 , 46 1314 -3734 1344 2297 -2582 , 574 343 -343 0 -2906 -3249 , 2.9014815520709632e-06 , 8
2.1622149909893733 , 1059 -2863 -1745 -1931 -2710 -1076 , 2491 -344 344 0 1045 1389 , 2582 -2297 -1344 3734 -1314 -46 , 3496 1 -1 0 1861 1860 , 2990 1745 2863 1931 669 153 , -1840 614 150 -1693 1086 -1615 , -147 -150 -614 1693 -1765 472 , -1152 1344 2297 -3734 1298 983 , 574 343 -343 0 -2906 -3249 , 2.9014815520709632e-06 , 9
2.1622149909893733 , 1059 -2863 -1745 -1931 -2710 -1076 , 3496 1 -1 0 1861 1860 , -1840 1615 -1086 -147 -150 -614 , 2491 -344 344 0 1045 1389 , 2990 1745 2863 1931 669 153 , 2582 46 1314 -1152 1344 2297 , 3734 -1314 -46 1152 983 1298 , -1693 1086 -1615 147 472 -1765 , 574 343 -343 0 -2906 -3249 , 2.9014815520709632e-06 , 10
2.1622149909893733 , 1059 -2863 -1745 -1931 -2710 -1076 , 3496 1 -1 0 1861 1860 , 614 -1840 1615 -472 -147 -150 , 2491 -344 344 0 1045 1389 , 2990 1745 2863 1931 669 153 , -2297 2582 46 -983 -1152 1344 , -1314 -46 -2582 983 1298 -3734 , 1086 -1615 1840 472 -1765 1693 , 574 343 -343 0 -2906 -3249 , 2.9014815520709632e-06 , 11
2.1622149909893733 , 1059 -2863 -1745 -1931 -2710 -1076 , 3496 1 -1 0 1861 1860 , -614 1840 -1615 472 147 150 , 2491 -344 344 0 1045 1389 , 2990 1745 2863 1931 669 153 , 2297 -2582 -46 983 1152 -1344 , 1314 46 2582 -983 -1298 3734 , -1086 1615 -1840 -472 1765 -1693 , 574 343 -343 0 -2906 -3249 , 2.9014815520709632e-06 , 12
2.1622149909893733 , 1059 -2863 -1745 -1931 -2710 -1076 , 3496 1 -1 0 1861 1860 , 1840 -1615 1086 147 150 614 , 2491 -344 344 0 1045 1389 , 2990 1745 2863 1931 669 153 , -2582 -46 -1314 1152 -1344 -2297 , -3734 1314 46 -1152 -983 -1298 , 1693 -1086 1615 -147 -472 1765 , 574 343 -343 0 -2906 -3249 , 2.9014815520709632e-06 , 13
2.1622149909893733 , 1059 -2863 -1745 -1931 -2710 -1076 , 2491 -344 344 0 1045 1389 , -46 -2582 2297 1298 -3734 1314 , 3496 1 -1 0 1861 1860 , 2990 1745 2863 1931 669 153 , -1615 1840 -614 -1765 1693 -1086 , 150 614 -1840 1765 -472 -147 , -1344 -2297 2582 -1298 -983 -1152 , 574 343 -343 0 -2906 -3249 , 2.90148155211582e-06 , 14
2.1622149909893733 , 1059 -2863 -1745 -1931 -2710 -1076 , 2491 -344 344 0 1045 1389 , 46 2582 -2297 -1298 3734 -1314 , 3496 1 -1 0 1861 1860 , 2990 1745 2863 1931 669 153 , 1615 -1840 614 1765 -1693 1086 , -150 -614 1840 -1765 472 147 , 1344 2297 -2582 1298 983 1152 , 574 343 -343 0 -2906 -3249 , 2.90148155211582e-06 , 15
2.1622149909893733 , 1059 -2863 -1745 -1931 -2710 -1076 , 3496 1 -1 0 1861 1860 , 150 614 -1840 1765 -472 -147 , 2491 -344 344 0 1045 1389 , 2990 1745 2863 1931 669 153 , -1344 -2297 2582 -1298 -983 -1152 , -46 -2582 2297 1298 -3734 1314 , -1615 1840 -614 -1765 1693 -1086 , 574 343 -343 0 -2906 -3249 , 2.90148155211582e-06 , 16
2.1622149909893733 , 1059 -2863 -1745 -1931 -2710 -1076 , 3496 1 -1 0 1861 1860 , 1086 -1693 1765 614 -1840 1615 , 2491 -344 344 0 1045 1389 , 2990 1745 2863 1931 669 153 , -1314 3734 -1298 -2297 2582 46 , 983 1298 -3734 2297 1344 -1152 , 472 -1765 1693 -614 -150 -147 , 574 343 -343 0 -2906 -3249 , 2.90148155211582e-06 , 17
2.1622149909893733 , 1059 -2863 -1745 -1931 -2710 -1076 , 3496 1 -1 0 1861 1860 , -1765 472 147 -1615 1086 -1693 , 2491 -344 344 0 1045 1389 , 2990 1745 2863 1931 669 153 , 1298 983 1152 -46 -1314 3734 , 1344 -1152 -983 46 2582 -2297 , -150 -147 -472 1615 -1840 614 , 574 343 -343 0 -2906 -3249 , 2.90148155211582e-06 , 18
2.1622149909893733 , 1059 -2863 -1745 -1931 -2710 -1076 , 3496 1 -1 0 1861 1860 , 1765 -472 -147 1615 -1086 1693 , 2491 -344 344 0 1045 1389 , 2990 1745 2863 1931 669 153 , -1298 -983 -1152 46 1314 -3734 , -1344 1152 983 -46 -2582 2297 , 150 147 472 -1615 1840 -614 , 574 343 -343 0 -2906 -3249 , 2.90148155211582e-06 , 19
2.1622149909893733 , 1059 -2863 -1745 -1931 -2710 -1076 , 3496 1 -1 0 1861 1860 , -1086 1693 -1765 -614 1840 -1615 , 2491 -344 344 0 1045 1389 , 2990 1745 2863 1931 669 153 , 1314 -3734 1298 2297 -2582 -46 , -983 -1298 3734 -2297 -1344 1152 , -472 1765 -1693 614 150 147 , 574 343 -343 0 -2906 -3249 , 2.90148155211582e-06 , 20
2.1622149909893733 , 1059 -2863 -1745 -1931 -2710 -1076 , 3496 1 -1 0 1861 1860 , -150 -614 1840 -1765 472 147 , 2491 -344 344 0 1045 1389 , 2990 1745 2863 1931 669 153 , 1344 2297 -2582 1298 983 1152 , 46 2582 -2297 -1298 3734 -1314 , 1615 -1840 614 1765 -1693 1086 , 574 343 -343 0 -2906 -3249 , 2.90148155211582e-06 , 21
2.1622149909893733 , 1059 -2863 -1745 -1931 -2710 -1076 , 3496 1 -1 0 1861 1860 , 147 150 614 -1693 1765 -472 , 2491 -344 344 0 1045 1389 , 2990 1745 2863 1931 669 153 , 1152 -1344 -2297 3734 -1298 -983 , -2582 2297 1344 -3734 1314 46 , 1840 -614 -150 1693 -1086 1615 , 574 343 -343 0 -2906 -3249 , 2.9014815521606759e-06 , 22
2.1622149909893733 , 1059 -2863 -1745 -1931 -2710 -1076 , 3496 1 -1 0 1861 1860 , -147 -150 -614 1693 -1765 472 , 2491 -344 344 0 1045 1389 , 2990 1745 2863 1931 669 153 , -1152 1344 2297 -3734 1298 983 , 2582 -2297 -1344 3734 -1314 -46 , -1840 614 150 -1693 1086 -1615 , 574 343 -343 0 -2906 -3249 , 2.9014815521606759e-06 , 23
2.1622149909893733 , 1059 -2863 -1745 -1931 -2710 -1076 , 2491 -344 344 0 1045 1389 , -3734 1314 46 -1152 -983 -1298 , 3496 1 -1 0 1861 1860 , 2990 1745 2863 1931 669 153 , 1693 -1086 1615 -147 -472 1765 , 1840 -1615 1086 147 150 614 , -2582 -46 -1314 1152 -1344 -2297 , 574 343 -343 0 -2906 -3249 , 2.9014815521606763e-06 , 24
2.1622149909893733 , 1059 -2863 -1745 -1931 -2710 -1076 , 2491 -344 344 0 1045 1389 , 3734 -1314 -46 1152 983 1298 , 3496 1 -1 0 1861 1860 , 2990 1745 2863 1931 669 153 , -1693 1086 -1615 147 472 -1765 , -1840 1615 -1086 -147 -150 -614 , 2582 46 1314 -1152 1344 2297 , 574 343 -343 0 -2906 -3249 , 2.9014815521606763e-06 , 25
2.1622149909893733 , 1059 -2863 -1745 -1931 -2710 -1076 , 2491 -344 344 0 1045 1389 , 1344 -1152 -983 46 2582 -2297 , 3496 1 -1 0 1861 1860 , 2990 1745 2863 1931 669 153 , -150 -147 -472 1615 -1840 614 , -1765 472 147 -1615 1086 -1693 , 1298 983 1152 -46 -1314 3734 , 574 343 -343 0 -2906 -3249 , 2.9014815521606767e-06 , 26
2.1622149909893733 , 1059 -2863 -1745 -1931 -2710 -1076 , 2491 -344 344 0 1045 1389 , -1344 1152 983 -46 -2582 2297 , 3496 1 -1 0 1861 1860 , 2990 1745 2863 1931 669 153 , 150 147 472 -1615 1840 -614 , 1765 -472 -147 1615 -1086 1693 , -1298 -983 -1152 46 1314 -3734 , 574 343 -343 0 -2906 -3249 , 2.9014815521606767e-06 , 27
2.1622149909893733 , 1059 -2863 -1745 -1931 -2710 -1076 , 2491 -344 344 0 1045 1389 , -1314 -46 -2582 983 1298 -3734 , 3496 1 -1 0 1861 1860 , 2990 1745 2863 1931 669 153 , 1086 -1615 1840 472 -1765 1693 , 614 -1840 1615 -472 -147 -150 , -2297 2582 46 -983 -1152 1344 , 574 343 -343 0 -2906 -3249 , 2.9014815522279608e-06 , 28
2.1622149909893733 , 1059 -2863 -1745 -1931 -2710 -1076 , 2491 -344 344 0 1045 1389 , 2297 1344 -1152 1314 46 2582 , 3496 1 -1 0 1861 1860 , 2990 1745 2863 1931 669 153 , -614 -150 -147 -1086 1615 -1840 , 472 147 150 1086 -1693 1765 , 983 1152 -1344 -1314 3734 -1298 , 574 343 -343 0 -2906 -3249 , 2.9014815522279608e-06 , 29
2.1622149909893733 , 1059 -2863 -1745 -1931 -2710 -1076 , 2491 -344 344 0 1045 1389 , -2297 -1344 1152 -1314 -46 -2582 , 3496 1 -1 0 1861 1860 , 2990 1745 2863 1931 669 153 , 614 150 147 1086 -1615 1840 , -472 -147 -150 -1086 1693 -1765 , -983 -1152 1344 1314 -3734 1298 , 574 343 -343 0 -2906 -3249 , 2.9014815522279608e-06 , 30
2.1622149909893733 , 1059 -2863 -1745 -1931 -2710 -1076 , 2491 -344 344 0 1045 1389 , 1314 46 2582 -983 -1298 3734 , 3496 1 -1 0 1861 1860 , 2990 1745 2863 1931 669 153 , -1086 1615 -1840 -472 1765 -1693 , -614 1840 -1615 472 147 150 , 2297 -2582 -46 983 1152 -1344 , 574 343 -343 0 -2906 -3249 , 2.9014815522279608e-06 , 31
2.1622149909893733 , 1059 -2863 -1745 -1931 -2710 -1076 , 3496 1 -1 0 1861 1860 , -1615 1086 -1693 150 614 -1840 , 2491 -344 344 0 1045 1389 , 2990 1745 2863 1931 669 153 , -46 -1314 3734 -1344 -2297 2582 , 1298 -3734 1314 1344 -1152 -983 , -1765 1693 -1086 -150 -147 -472 , 574 343 -343 0 -2906 -3249 , 2.9014815522728171e-06 , 32
2.1622149909893733 , 1059 -2863 -1745 -1931 -2710 -1076 , 3496 1 -1 0 1861 1860 , 472 147 150 1086 -1693 1765 , 2491 -344 344 0 1045 1389 , 2990 1745 2863 1931 669 153 , 983 1152 -1344 -1314 3734 -1298 , 2297 1344 -1152 1314 46 2582 , -614 -150 -147 -1086 1615 -1840 , 574 343 -343 0 -2906 -3249 , 2.9014815522728171e-06 , 33
2.1622149909893733 , 1059 -2863 -1745 -1931 -2710 -1076 , 3496 1 -1 0 1861 1860 , -472 -147 -150 -1086 1693 -1765 , 2491 -344 344 0 1045 1389 , 2990 1745 2863 1931 669 153 , -983 -1152 1344 1314 -3734 1298 , -2297 -1344 1152 -1314 -46 -2582 , 614 150 147 1086 -1615 1840 , 574 343 -343 0 -2906 -3249 , 2.9014815522728171e-06 , 34
2.1622149909893733 , 1059 -2863 -1745 -1931 -2710 -1076 , 3496 1 -1 0 1861 1860 , 1615 -1086 1693 -150 -614 1840 , 2491 -344 344 0 1045 1389 , 2990 1745 2863 1931 669 153 , 46 1314 -3734 1344 2297 -2582 , -1298 3734 -1314 -1344 1152 983 , 1765 -1693 1086 150 147 472 , 574 343 -343 0 -2906 -3249 , 2.9014815522728171e-06 , 35
2.2693209957564044 , -1228 -1260 -3644 -2146 -1954 -2861 , 2971 -331 331 0 1311 1642 , -2615 2770 -97 -2232 685 -40 , 3016 -12 12 0 1595 1607 , 918 3644 1260 2146 783 -694 , -1072 3071 -1921 -850 1686 -226 , -222 1921 -3071 850 1695 -1385 , -383 97 -2770 2232 57 -2085 , 574 343 -343 0 -2906 -3249 , 2.9467962203499827e-06 , 0
2.2693209957564044 , -1228 -1260 -3644 -2146 -1954 -2861 , 2971 -331 331 0 1311 1642 , 2615 -2770 97 2232 -685 40 , 3016 -12 12 0 1595 1607 , 918 3644 1260 2146 783 -694 , 1072 -3071 1921 850 -1686 226 , 222 -1921 3071 -850 -1695 1385 , 383 -97 2770 -2232 -57 2085 , 574 343 -343 0 -2906 -3249 , 2.9467962203499827e-06 , 1
2.2693209957564044 , -1228 -1260 -3644 -2146 -1954 -2861 , 3016 -12 12 0 1595 1607 , -1921 3071 -1072 -1695 1385 -222 , 2971 -331 331 0 1311 1642 , 918 3644 1260 2146 783 -694 , -97 2770 -2615 -57 2085 -383 , -40 2615 -2770 57 2232 -685 , -226 1072 -3071 1695 850 -1686 , 574 343 -343 0 -2906 -3249 , 2.9467962203499832e-06 , 2
2.2693209957564044 , -1228 -1260 -3644 -2146 -1954 -2861 , 3016 -12 12 0 1595 1607 , 1921 -3071 1072 1695 -1385 222 , 2971 -331 331 0 1311 1642 , 918 3644 1260 2146 783 -694 , 97 -2770 2615 57 -2085 383 , 40 -2615 2770 -57 -2232 685 , 226 -1072 3071 -1695 -850 1686 , 574 343 -343 0 -2906 -3249 , 2.9467962203499832e-06 , 3
2.2693209957564044 , -1228 -1260 -3644 -2146 -1954 -2861 , 2971 -331 331 0 1311 1642 , -2770 97 -383 -685 40 -2615 , 3016 -12 12 0 1595 1607 , 918 3644 1260 2146 783 -694 , -3071 1921 -222 -1686 226 -1072 , -1385 222 -1921 1686 -850 -1695 , -2085 383 -97 685 -2232 -57 , 574 343 -343 0 -2906 -3249 , 2.9467962204019736e-06 , 4
2.2693209957564044 , -1228 -1260 -3644 -2146 -1954 -2861 , 2971 -331 331 0 1311 1642 , -685 40 -2615 2085 -57 -2232 , 3016 -12 12 0 1595 1607 , 918 3644 1260 2146 783 -694 , -1686 226 -1072 1385 -1695 -850 , -3071 1072 -226 -1385 222 -1921 , -2770 2615 -40 -2085 383 -97 , 574 343 -343 0 -2906 -3249 , 2.9467962204019736e-06 , 5
2.2693209957564044 , -1228 -1260 -3644 -2146 -1954 -2861 , 2971 -331 331 0 1311 1642 , 685 -40 2615 -2085 57 2232 , 3016 -12 12 0 1595 1607 , 918 3644 1260 2146 783 -694 , 1686 -226 1072 -1385 1695 850 , 3071 -1072 226 1385 -222 1921 , 2770 -2615 40 2085 -383 97 , 574 343 -343 0 -2906 -3249 , 2.9467962204019736e-06 , 6
2.2693209957564044 , -1228 -1260 -3644 -2146 -1954 -2861 , 2971 -331 331 0 1311 1642 , 2770 -97 383 685 -40 2615 , 3016 -12 12 0 1595 1607 , 918 3644 1260 2146 783 -694 , 3071 -1921 222 1686 -226 1072 , 1385 -222 1921 -1686 850 1695 , 2085 -383 97 -685 2232 57 , 574 343 -343 0 -2906 -3249 , 2.9467962204019736e-06 , 7
2.2693209957564044 , -1228 -1260 -3644 -2146 -1954 -2861 , 3016 -12 12 0 1595 1607 , -850 -1695 1385 -1072 226 -1686 , 2971 -331 331 0 1311 1642 , 918 3644 1260 2146 783 -694 , -2232 -57 2085 -2615 40 -685 , 383 -2085 57 2615 -2770 97 , 222 -1385 1695 1072 -3071 1921 , 574 343 -343 0 -2906 -3249 , 2.9467962204019736e-06 , 8
2.2693209957564044 , -1228 -1260 -3644 -2146 -1954 -2861 , 3016 -12 12 0 1595 1607 , -3071 1072 -226 -1385 222 -1921 , 2971 -331 331 0 1311 1642 , 918 3644 1260 2146 783 -694 , -2770 2615 -40 -2085 383 -97 , -685 40 -2615 2085 -57 -2232 , -1686 226 -1072 1385 -1695 -850 , 574 343 -343 0 -2906 -3249 , 2.9467962204019736e-06 , 9
2.2693209957564044 , -1228 -1260 -3644 -2146 -1954 -2861 , 3016 -12 12 0 1595 1607 , 3071 -1072 226 1385 -222 1921 , 2971 -331 331 0 1311 1642 , 918 3644 1260 2146 783 -694 , 2770 -2615 40 2085 -383 97 , 685 -40 2615 -2085 57 2232 , 1686 -226 1072 -1385 1695 850 , 574 343 -343 0 -2906 -3249 , 2.9467962204019736e-06 , 10
2.2693209957564044 , -1228 -1260 -3644 -2146 -1954 -2861 , 3016 -12 12 0 1595 1607 , 850 1695 -1385 1072 -226 1686 , 2971 -331 331 0 1311 1642 , 918 3644 1260 2146 783 -694 , 2232 57 -2085 2615 -40 685 , -383 2085 -57 -2615 2770 -97 , -222 1385 -1695 -1072 3071 -1921 , 574 343 -343 0 -2906 -3249 , 2.9467962204019736e-06 , 11
2.2693209957564044 , -1228 -1260 -3644 -2146 -1954 -2861 , 2971 -331 331 0 1311 1642 , -2085 57 2232 -2770 97 -383 , 3016 -12 12 0 1595 1607 , 918 3644 1260 2146 783 -694 , -1385 1695 850 -3071 1921 -222 , 1686 -850 -1695 3071 -1072 226 , 685 -2232 -57 2770 -2615 40 , 574 343 -343 0 -2906 -3249 , 2.946796220401974e-06 , 12
2.2693209957564044 , -1228 -1260 -3644 -2146 -1954 -2861 , 2971 -331 331 0 1311 1642 , -383 2085 -57 -2615 2770 -97 , 3016 -12 12 0 1595 1607 , 918 3644 1260 2146 783 -694 , -222 1385 -1695 -1072 3071 -1921 , 850 1695 -1385 1072 -226 1686 , 2232 57 -2085 2615 -40 685 , 574 343 -343 0 -2906 -3249 , 2.946796220401974e-06 , 13
2.2693209957564044 , -1228 -1260 -3644 -2146 -1954 -2861 , 2971 -331 331 0 1311 1642 , 383 -2085 57 2615 -2770 97 , 3016 -12 12 0 1595 1607 , 918 3644 1260 2146 783 -694 , 222 -1385 1695 1072 -3071 1921 , -850 -1695 1385 -1072 226 -1686 , -2232 -57 2085 -2615 40 -685 , 574 343 -343 0 -2906 -3249 , 2.946796220401974e-06 , 14
2.2693209957564044 , -1228 -1260 -3644 -2146 -1954 -2861 , 2971 -331 331 0 1311 1642 , 2085 -57 -2232 2770 -97 383 , 3016 -12 12 0 1595 1607 , 918 3644 1260 2146 783 -694 , 1385 -1695 -850 3071 -1921 222 , -1686 850 1695 -3071 1072 -226 , -685 2232 57 -2770 2615 -40 , 574 343 -343 0 -2906 -3249 , 2.946796220401974e-06 , 15
2.2693209957564044 , -1228 -1260 -3644 -2146 -1954 -2861 , 2971 -331 331 0 1311 1642 , 57 2232 -685 97 -383 2085 , 3016 -12 12 0 1595 1607 , 918 3644 1260 2146 783 -694 , 1695 850 -1686 1921 -222 1385 , -226 1686 -850 -1921 3071 -1072 , -40 685 -2232 -97 2770 -2615 , 574 343 -343 0 -2906 -3249 , 2.9467962204279691e-06 , 16
2.2693209957564044 , -1228 -1260 -3644 -2146 -1954 -2861 , 2971 -331 331 0 1311 1642 , -57 -2232 685 -97 383 -2085 , 3016 -12 12 0 1595 1607 , 918 3644 1260 2146 783 -694 , -1695 -850 1686 -1921 222 -1385 , 226 -1686 850 1921 -3071 1072 , 40 -685 2232 97 -2770 2615 , 574 343 -343 0 -2906 -3249 , 2.9467962204279691e-06 , 17
2.2693209957564044 , -1228 -1260 -3644 -2146 -1954 -2861 , 3016 -12 12 0 1595 1607 , -226 1686 -850 -1921 3071 -1072 , 2971 -331 331 0 1311 1642 , 918 3644 1260 2146 783 -694 , -40 685 -2232 -97 2770 -2615 , 57 2232 -685 97 -383 2085 , 1695 850 -1686 1921 -222 1385 , 574 343 -343 0 -2906 -3249 , 2.9467962204279691e-06 , 18
2.2693209957564044 , -1228 -1260 -3644 -2146 -1954 -2861 , 3016 -12 12 0 1595 1607 , 226 -1686 850 1921 -3071 1072 , 2971 -331 331 0 1311 1642 , 918 3644 1260 2146 783 -694 , 40 -685 2232 97 -2770 2615 , -57 -2232 685 -97 383 -2085 , -1695 -850 1686 -1921 222 -1385 , 574 343 -343 0 -2906 -3249 , 2.9467962204279691e-06 , 19
2.2693209957564044 , -1228 -1260 -3644 -2146 -1954 -2861 , 3016 -12 12 0 1595 1607 , -1385 222 -1921 1686 -850 -1695 , 2971 -331 331 0 1311 1642 , 918 3644 1260 2146 783 -694 , -2085 383 -97 685 -2232 -57 , -2770 97 -383 -685 40 -2615 , -3071 1921 -222 -1686 226 -1072 , 574 343 -343 0 -2906 -3249 , 2.9467962204539641e-06 , 20
2.2693209957564044 , -1228 -1260 -3644 -2146 -1954 -2861 , 3016 -12 12 0 1595 1607 , 222 -1921 3071 -850 -1695 1385 , 2971 -331 331 0 1311 1642 , 918 3644 1260 2146 783 -694 , 383 -97 2770 -2232 -57 2085 , 2615 -2770 97 2232 -685 40 , 1072 -3071 1921 850 -1686 226 , 574 343 -343 0 -2906 -3249 , 2.9467962204539641e-06 , 21
2.2693209957564044 , -1228 -1260 -3644 -2146 -1954 -2861 , 3016 -12 12 0 1595 1607 , -222 1921 -3071 850 1695 -1385 , 2971 -331 331 0 1311 1642 , 918 3644 1260 2146 783 -694 , -383 97 -2770 2232 57 -2085 , -2615 2770 -97 -2232 685 -40 , -1072 3071 -1921 -850 1686 -226 , 574 343 -343 0 -2906 -3249 , 2.9467962204539641e-06 , 22
2.2693209957564044 , -1228 -1260 -3644 -2146 -1954 -2861 , 3016 -12 12 0 1595 1607 , 1385 -222 1921 -1686 850 1695 , 2971 -331 331 0 1311 1642 , 918 3644 1260 2146 783 -694 , 2085 -383 97 -685 2232 57 , 2770 -97 383 685 -40 2615 , 3071 -1921 222 1686 -226 1072 , 574 343 -343 0 -2906 -3249 , 2.9467962204539641e-06 , 23
2.2693209957564044 , -1228 -1260 -3644 -2146 -1954 -2861 , 2971 -331 331 0 1311 1642 , 2232 -685 40 -383 2085 -57 , 3016 -12 12 0 1595 1607 , 918 3644 1260 2146 783 -694 , 850 -1686 226 -222 1385 -1695 , 1072 -226 1686 222 -1921 3071 , 2615 -40 685 383 -97 2770 , 574 343 -343 0 -2906 -3249 , 2.9467962204799595e-06 , 24
2.2693209957564044 , -1228 -1260 -3644 -2146 -1954 -2861 , 2971 -331 331 0 1311 1642 , -2232 685 -40 383 -2085 57 , 3016 -12 12 0 1595 1607 , 918 3644 1260 2146 783 -694 , -850 1686 -226 222 -1385 1695 , -1072 226 -1686 -222 1921 -3071 , -2615 40 -685 -383 97 -2770 , 574 343 -343 0 -2906 -3249 , 2.9467962204799595e-06 , 25
2.2693209957564044 , -1228 -1260 -3644 -2146 -1954 -2861 , 2971 -331 331 0 1311 1642 , -40 2615 -2770 57 2232 -685 , 3016 -12 12 0 1595 1607 , 918 3644 1260 2146 783 -694 , -226 1072 -3071 1695 850 -1686 , -1921 3071 -1072 -1695 1385 -222 , -97 2770 -2615 -57 2085 -383 , 574 343 -343 0 -2906 -3249 , 2.946796220505955e-06 , 26
2.2693209957564044 , -1228 -1260 -3644 -2146 -1954 -2861 , 2971 -331 331 0 1311 1642 , 40 -2615 2770 -57 -2232 685 , 3016 -12 12 0 1595 1607 , 918 3644 1260 2146 783 -694 , 226 -1072 3071 -1695 -850 1686 , 1921 -3071 1072 1695 -1385 222 , 97 -2770 2615 57 -2085 383 , 574 343 -343 0 -2906 -3249 , 2.946796220505955e-06 , 27
2.2693209957564044 , -1228 -1260 -3644 -2146 -1954 -2861 , 3016 -12 12 0 1595 1607 , -1695 1385 -222 226 -1686 850 , 2971 -331 331 0 1311 1642 , 918 3644 1260 2146 783 -694 , -57 2085 -383 40 -685 2232 , -97 383 -2085 -40 2615 -2770 , -1921 222 -1385 -226 1072 -3071 , 574 343 -343 0 -2906 -3249 , 2.9467962205319504e-06 , 28
2.2693209957564044 , -1228 -1260 -3644 -2146 -1954 -2861 , 3016 -12 12 0 1595 1607 , -1072 226 -1686 -222 1921 -3071 , 2971 -331 331 0 1311 1642 , 918 3644 1260 2146 783 -694 , -2615 40 -685 -383 97 -2770 , -2232 685 -40 383 -2085 57 , -850 1686 -226 222 -1385 1695 , 574 343 -343 0 -2906 -3249 , 2.9467962205319504e-06 , 29
2.2693209957564044 , -1228 -1260 -3644 -2146 -1954 -2861 , 3016 -12 12 0 1595 1607 , 1072 -226 1686 222 -1921 3071 , 2971 -331 331 0 1311 1642 , 918 3644 1260 2146 783 -694 , 2615 -40 685 383 -97 2770 , 2232 -685 40 -383 2085 -57 , 850 -1686 226 -222 1385 -1695 , 574 343 -343 0 -2906 -3249 , 2.9467962205319504e-06 , 30
2.2693209957564044 , -1228 -1260 -3644 -2146 -1954 -2861 , 3016 -12 12 0 1595 1607 , 1695 -1385 222 -226 1686 -850 , 2971 -331 331 0 1311 1642 , 918 3644 1260 2146 783 -694 , 57 -2085 383 -40 685 -2232 , 97 -383 2085 40 -2615 2770 , 1921 -222 1385 226 -1072 3071 , 574 343 -343 0 -2906 -3249 , 2.9467962205319504e-06 , 31
2.2693209957564044 , -1228 -1260 -3644 -2146 -1954 -2861 , 3016 -12 12 0 1595 1607 , 1686 -850 -1695 3071 -1072 226 , 2971 -331 331 0 1311 1642 , 918 3644 1260 2146 783 -694 , 685 -2232 -57 2770 -2615 40 , -2085 57 2232 -2770 97 -383 , -1385 1695 850 -3071 1921 -222 , 574 343 -343 0 -2906 -3249 , 2.9467962205319508e-06 , 32
2.2693209957564044 , -1228 -1260 -3644 -2146 -1954 -2861 , 3016 -12 12 0 1595 1607 , -1686 850 1695 -3071 1072 -226 , 2971 -331 331 0 1311 1642 , 918 3644 1260 2146 783 -694 , -685 2232 57 -2770 2615 -40 , 2085 -57 -2232 2770 -97 383 , 1385 -1695 -850 3071 -1921 222 , 574 343 -343 0 -2906 -3249 , 2.9467962205319508e-06 , 33
2.2693209957564044 , -1228 -1260 -3644 -2146 -1954 -2861 , 2971 -331 331 0 1311 1642 , 97 -383 2085 40 -2615 2770 , 3016 -12 12 0 1595 1607 , 918 3644 1260 2146 783 -694 , 1921 -222 1385 226 -1072 3071 , 1695 -1385 222 -226 1686 -850 , 57 -2085 383 -40 685 -2232 , 574 343 -343 0 -2906 -3249 , 2.9467962206359313e-06 , 34
2.2693209957564044 , -1228 -1260 -3644 -2146 -1954 -2861 , 2971 -331 331 0 1311 1642 , -97 383 -2085 -40 2615 -2770 , 3016 -12 12 0 1595 1607 , 918 3644 1260 2146 783 -694 , -1921 222 -1385 -226 1072 -3071 , -1695 1385 -222 226 -1686 850 , -57 2085 -383 40 -685 2232 , 574 343 -343 0 -2906 -3249 , 2.9467962206359313e-06 , 35
2.3817030135301223 , -322 -1309 -3595 -1980 -1800 -1810 , 3908 -934 934 0 1318 2252 , -632 -180 1879 -1327 -739 973 , 2079 591 -591 0 1588 997 , 1658 3595 1309 1980 1785 -491 , 3255 -1590 880 -114 1567 824 , 3369 -880 1590 114 -56 3157 , 695 -1879 180 1327 -906 -559 , 574 343 -343 0 -2906 -3249 , 2.7854769412149219e-06 , 0
2.3817030135301223 , -322 -1309 -3595 -1980 -1800 -1810 , 3908 -934 934 0 1318 2252 , 632 180 -1879 1327 739 -973 , 2079 591 -591 0 1588 997 , 1658 3595 1309 1980 1785 -491 , -3255 1590 -880 114 -1567 -824 , -3369 880 -1590 -114 56 -3157 , -695 1879 -180 -1327 906 559 , 574 343 -343 0 -2906 -3249 , 2.7854769412149219e-06 , 1
2.3817030135301223 , -322 -1309 -3595 -1980 -1800 -1810 , 3908 -934 934 0 1318 2252 , 906 -1327 -739 1879 -695 -559 , 2079 591 -591 0 1588 997 , 1658 3595 1309 1980 1785 -491 , 56 -114 1567 880 -3369 3157 , -824 -1567 114 -880 1590 -3255 , -973 739 1327 -1879 180 632 , 574 343 -343 0 -2906 -3249 , 2.7854769412335871e-06 , 2
2.3817030135301223 , -322 -1309 -3595 -1980 -1800 -1810 , 3908 -934 934 0 1318 2252 , -906 1327 739 -1879 695 559 , 2079 591 -591 0 1588 997 , 1658 3595 1309 1980 1785 -491 , -56 114 -1567 -880 3369 -3157 , 824 1567 -114 880 -1590 3255 , 973 -739 -1327 1879 -180 -632 , 574 343 -343 0 -2906 -3249 , 2.7854769412335871e-06 , 3
2.3817030135301223 , -322 -1309 -3595 -1980 -1800 -1810 , 2079 591 -591 0 1588 997 , -1567 114 -56 1590 -3255 824 , 3908 -934 934 0 1318 2252 , 1658 3595 1309 1980 1785 -491 , 739 1327 -906 180 632 973 , 559 906 -1327 -180 1879 -695 , -3157 56 -114 -1590 880 -3369 , 574 343 -343 0 -2906 -3249 , 2.7854769412382538e-06 , 4
2.3817030135301223 , -322 -1309 -3595 -1980 -1800 -1810 , 2079 591 -591 0 1588 997 , 1567 -114 56 -1590 3255 -824 , 3908 -934 934 0 1318 2252 , 1658 3595 1309 1980 1785 -491 , -739 -1327 906 -180 -632 -973 , -559 -906 1327 180 -1879 695 , 3157 -56 114 1590 -880 3369 , 574 343 -343 0 -2906 -3249 , 2.7854769412382538e-06 , 5
2.3817030135301223 , -322 -1309 -3595 -1980 -1800 -1810 , 3908 -934 934 0 1318 2252 , -973 -632 -180 906 -1327 -739 , 2079 591 -591 0 1588 997 , 1658 3595 1309 1980 1785 -491 , -824 3255 -1590 56 -114 1567 , -880 1590 -3255 -56 3157 -3369 , -1879 180 632 -906 -559 -695 , 574 343 -343 0 -2906 -3249 , 2.7854769412429201e-06 , 6
2.3817030135301223 , -322 -1309 -3595 -1980 -1800 -1810 , 3908 -934 934 0 1318 2252 , 973 632 180 -906 1327 739 , 2079 591 -591 0 1588 997 , 1658 3595 1309 1980 1785 -491 , 824 -3255 1590 -56 114 -1567 , 880 -1590 3255 56 -3157 3369 , 1879 -180 -632 906 559 695 , 574 343 -343 0 -2906 -3249 , 2.7854769412429201e-06 , 7
2.3817030135301223 , -322 -1309 -3595 -1980 -1800 -1810 , 3908 -934 934 0 1318 2252 , 559 906 -1327 -180 1879 -695 , 2079 591 -591 0 1588 997 , 1658 3595 1309 1980 1785 -491 , -3157 56 -114 -1590 880 -3369 , -1567 114 -56 1590 -3255 824 , 739 1327 -906 180 632 973 , 574 343 -343 0 -2906 -3249 , 2.7854769412475864e-06 , 8
2.3817030135301223 , -322 -1309 -3595 -1980 -1800 -1810 , 3908 -934 934 0 1318 2252 , -1327 -739 973 -695 -559 -906 , 2079 591 -591 0 1588 997 , 1658 3595 1309 1980 1785 -491 , -114 1567 824 -3369 3157 -56 , 3255 -824 -1567 3369 -880 1590 , -632 -973 739 695 -1879 180 , 574 343 -343 0 -2906 -3249 , 2.7854769412475864e-06 , 9
2.3817030135301223 , -322 -1309 -3595 -1980 -1800 -1810 , 3908 -934 934 0 1318 2252 , 1327 739 -973 695 559 906 , 2079 591 -591 0 1588 997 , 1658 3595 1309 1980 1785 -491 , 114 -1567 -824 3369 -3157 56 , -3255 824 1567 -3369 880 -1590 , 632 973 -739 -695 1879 -180 , 574 343 -343 0 -2906 -3249 , 2.7854769412475864e-06 , 10
2.3817030135301223 , -322 -1309 -3595 -1980 -1800 -1810 , 3908 -934 934 0 1318 2252 , -559 -906 1327 180 -1879 695 , 2079 591 -591 0 1588 997 , 1658 3595 1309 1980 1785 -491 , 3157 -56 114 1590 -880 3369 , 1567 -114 56 -1590 3255 -824 , -739 -1327 906 -180 -632 -973 , 574 343 -343 0 -2906 -3249 , 2.7854769412475864e-06 , 11
2.3817030135301223 , -322 -1309 -3595 -1980 -1800 -1810 , 2079 591 -591 0 1588 997 , -880 1590 -3255 -56 3157 -3369 , 3908 -934 934 0 1318 2252 , 1658 3595 1309 1980 1785 -491 , -1879 180 632 -906 -559 -695 , -973 -632 -180 906 -1327 -739 , -824 3255 -1590 56 -114 1567 , 574 343 -343 0 -2906 -3249 , 2.7854769412522527e-06 , 12
2.3817030135301223 , -322 -1309 -3595 -1980 -1800 -1810 , 2079 591 -591 0 1588 997 , 880 -1590 3255 56 -3157 3369 , 3908 -934 934 0 1318 2252 , 1658 3595 1309 1980 1785 -491 , 1879 -180 -632 906 559 695 , 973 632 180 -906 1327 739 , 824 -3255 1590 -56 114 -1567 , 574 343 -343 0 -2906 -3249 , 2.7854769412522527e-06 , 13
2.3817030135301223 , -322 -1309 -3595 -1980 -1800 -1810 , 2079 591 -591 0 1588 997 , 114 -56 3157 -3255 824 1567 , 3908 -934 934 0 1318 2252 , 1658 3595 1309 1980 1785 -491 , 1327 -906 -559 632 973 -739 , 695 559 906 -632 -180 1879 , 3369 -3157 56 3255 -1590 880 , 574 343 -343 0 -2906 -3249 , 2.7854769412522531e-06 , 14
2.3817030135301223 , -322 -1309 -3595 -1980 -1800 -1810 , 2079 591 -591 0 1588 997 , -114 56 -3157 3255 -824 -1567 , 3908 -934 934 0 1318 2252 , 1658 3595 1309 1980 1785 -491 , -1327 906 559 -632 -973 739 , -695 -559 -906 632 180 -1879 , -3369 3157 -56 -3255 1590 -880 , 574 343 -343 0 -2906 -3249 , 2.7854769412522531e-06 , 15
2.3817030135301223 , -322 -1309 -3595 -1980 -1800 -1810 , 3908 -934 934 0 1318 2252 , -180 1879 -695 -739 973 632 , 2079 591 -591 0 1588 997 , 1658 3595 1309 1980 1785 -491 , -1590 880 -3369 1567 824 -3255 , -3157 3369 -880 -1567 114 -56 , 559 695 -1879 739 1327 -906 , 574 343 -343 0 -2906 -3249 , 2.785476941256919e-06 , 16
2.3817030135301223 , -322 -1309 -3595 -1980 -1800 -1810 , 3908 -934 934 0 1318 2252 , 180 -1879 695 739 -973 -632 , 2079 591 -591 0 1588 997 , 1658 3595 1309 1980 1785 -491 , 1590 -880 3369 -1567 -824 3255 , 3157 -3369 880 1567 -114 56 , -559 -695 1879 -739 -1327 906 , 574 343 -343 0 -2906 -3249 , 2.785476941256919e-06 , 17
2.3817030135301223 , -322 -1309 -3595 -1980 -1800 -1810 , 3908 -934 934 0 1318 2252 , -1879 695 559 -973 -632 -180 , 2079 591 -591 0 1588 997 , 1658 3595 1309 1980 1785 -491 , -880 3369 -3157 -824 3255 -1590 , -56 3157 -3369 824 1567 -114 , -906 -559 -695 973 -739 -1327 , 574 343 -343 0 -2906 -3249 , 2.7854769412569194e-06 , 18
2.3817030135301223 , -322 -1309 -3595 -1980 -1800 -1810 , 3908 -934 934 0 1318 2252 , 695 559 906 -632 -180 1879 , 2079 591 -591 0 1588 997 , 1658 3595 1309 1980 1785 -491 , 3369 -3157 56 3255 -1590 880 , 114 -56 3157 -3255 824 1567 , 1327 -906 -559 632 973 -739 , 574 343 -343 0 -2906 -3249 , 2.7854769412569194e-06 , 19
2.3817030135301223 , -322 -1309 -3595 -1980 -1800 -1810 , 3908 -934 934 0 1318 2252 , -695 -559 -906 632 180 -1879 , 2079 591 -591 0 1588 997 , 1658 3595 1309 1980 1785 -491 , -3369 3157 -56 -3255 1590 -880 , -114 56 -3157 3255 -824 -1567 , -1327 906 559 -632 -973 739 , 574 343 -343 0 -2906 -3249 , 2.7854769412569194e-06 , 20
2.3817030135301223 , -322 -1309 -3595 -1980 -1800 -1810 , 3908 -934 934 0 1318 2252 , 1879 -695 -559 973 632 180 , 2079 591 -591 0 1588 997 , 1658 3595 1309 1980 1785 -491 , 880 -3369 3157 824 -3255 1590 , 56 -3157 3369 -824 -1567 114 , 906 559 695 -973 739 1327 , 574 343 -343 0 -2906 -3249 , 2.7854769412569194e-06 , 21
2.3817030135301223 , -322 -1309 -3595 -1980 -1800 -1810 , 2079 591 -591 0 1588 997 , 824 1567 -114 880 -1590 3255 , 3908 -934 934 0 1318 2252 , 1658 3595 1309 1980 1785 -491 , 973 -739 -1327 1879 -180 -632 , -906 1327 739 -1879 695 559 , -56 114 -1567 -880 3369 -3157 , 574 343 -343 0 -2906 -3249 , 2.7854769412569194e-06 , 22
2.3817030135301223 , -322 -1309 -3595 -1980 -1800 -1810 , 2079 591 -591 0 1588 997 , -824 -1567 114 -880 1590 -3255 , 3908 -934 934 0 1318 2252 , 1658 3595 1309 1980 1785 -491 , -973 739 1327 -1879 180 632 , 906 -1327 -739 1879 -695 -559 , 56 -114 1567 880 -3369 3157 , 574 343 -343 0 -2906 -3249 , 2.7854769412569194e-06 , 23
2.3817030135301223 , -322 -1309 -3595 -1980 -1800 -1810 , 2079 591 -591 0 1588 997 , 1590 -3255 824 3157 -3369 880 , 3908 -934 934 0 1318 2252 , 1658 3595 1309 1980 1785 -491 , 180 632 973 -559 -695 1879 , 739 -973 -632 559 906 -1327 , -1567 -824 3255 -3157 56 -114 , 574 343 -343 0 -2906 -3249 , 2.7854769412569199e-06 , 24
2.3817030135301223 , -322 -1309 -3595 -1980 -1800 -1810 , 2079 591 -591 0 1588 997 , -1590 3255 -824 -3157 3369 -880 , 3908 -934 934 0 1318 2252 , 1658 3595 1309 1980 1785 -491 , -180 -632 -973 559 695 -1879 , -739 973 632 -559 -906 1327 , 1567 824 -3255 3157 -56 114 , 574 343 -343 0 -2906 -3249 , 2.7854769412569199e-06 , 25
2.3817030135301223 , -322 -1309 -3595 -1980 -1800 -1810 , 3908 -934 934 0 1318 2252 , 739 -973 -632 559 906 -1327 , 2079 591 -591 0 1588 997 , 1658 3595 1309 1980 1785 -491 , -1567 -824 3255 -3157 56 -114 , 1590 -3255 824 3157 -3369 880 , 180 632 973 -559 -695 1879 , 574 343 -343 0 -2906 -3249 , 2.785476941266252e-06 , 26
2.3817030135301223 , -322 -1309 -3595 -1980 -1800 -1810 , 3908 -934 934 0 1318 2252 , -739 973 632 -559 -906 1327 , 2079 591 -591 0 1588 997 , 1658 3595 1309 1980 1785 -491 , 1567 824 -3255 3157 -56 114 , -1590 3255 -824 -3157 3369 -880 , -180 -632 -973 559 695 -1879 , 574 343 -343 0 -2906 -3249 , 2.785476941266252e-06 , 27
2.3817030135301223 , -322 -1309 -3595 -1980 -1800 -1810 , 2079 591 -591 0 1588 997 , -3369 880 -1590 -114 56 -3157 , 3908 -934 934 0 1318 2252 , 1658 3595 1309 1980 1785 -491 , -695 1879 -180 -1327 906 559 , 632 180 -1879 1327 739 -973 , -3255 1590 -880 114 -1567 -824 , 574 343 -343 0 -2906 -3249 , 2.785476941266252e-06 , 28
2.3817030135301223 , -322 -1309 -3595 -1980 -1800 -1810 , 2079 591 -591 0 1588 997 , 3369 -880 1590 114 -56 3157 , 3908 -934 934 0 1318 2252 , 1658 3595 1309 1980 1785 -491 , 695 -1879 180 1327 -906 -559 , -632 -180 1879 -1327 -739 973 , 3255 -1590 880 -114 1567 824 , 574 343 -343 0 -2906 -3249 , 2.785476941266252e-06 , 29
2.3817030135301223 , -322 -1309 -3595 -1980 -1800 -1810 , 2079 591 -591 0 1588 997 , -56 3157 -3369 824 1567 -114 , 3908 -934 934 0 1318 2252 , 1658 3595 1309 1980 1785 -491 , -906 -559 -695 973 -739 -1327 , -1879 695 559 -973 -632 -180 , -880 3369 -3157 -824 3255 -1590 , 574 343 -343 0 -2906 -3249 , 2.7854769412709188e-06 , 30
2.3817030135301223 , -322 -1309 -3595 -1980 -1800 -1810 , 2079 591 -591 0 1588 997 , 56 -3157 3369 -824 -1567 114 , 3908 -934 934 0 1318 2252 , 1658 3595 1309 1980 1785 -491 , 906 559 695 -973 739 1327 , 1879 -695 -559 973 632 180 , 880 -3369 3157 824 -3255 1590 , 574 343 -343 0 -2906 -3249 , 2.7854769412709188e-06 , 31
2.3817030135301223 , -322 -1309 -3595 -1980 -1800 -1810 , 2079 591 -591 0 1588 997 , -3255 824 1567 -3369 880 -1590 , 3908 -934 934 0 1318 2252 , 1658 3595 1309 1980 1785 -491 , 632 973 -739 -695 1879 -180 , 1327 739 -973 695 559 906 , 114 -1567 -824 3369 -3157 56 , 574 343 -343 0 -2906 -3249 , 2.7854769412755851e-06 , 32
2.3817030135301223 , -322 -1309 -3595 -1980 -1800 -1810 , 2079 591 -591 0 1588 997 , -3157 3369 -880 -1567 114 -56 , 3908 -934 934 0 1318 2252 , 1658 3595 1309 1980 1785 -491 , 559 695 -1879 739 1327 -906 , -180 1879 -695 -739 973 632 , -1590 880 -3369 1567 824 -3255 , 574 343 -343 0 -2906 -3249 , 2.7854769412755851e-06 , 33
2.3817030135301223 , -322 -1309 -3595 -1980 -1800 -1810 , 2079 591 -591 0 1588 997 , 3157 -3369 880 1567 -114 56 , 3908 -934 934 0 1318 2252 , 1658 3595 1309 1980 1785 -491 , -559 -695 1879 -739 -1327 906 , 180 -1879 695 739 -973 -632 , 1590 -880 3369 -1567 -824 3255 , 574 343 -343 0 -2906 -3249 , 2.7854769412755851e-06 , 34
2.3817030135301223 , -322 -1309 -3595 -1980 -1800 -1810 , 2079 591 -591 0 1588 997 , 3255 -824 -1567 3369 -880 1590 , 3908 -934 934 0 1318 2252 , 1658 3595 1309 1980 1785 -491 , -632 -973 739 695 -1879 180 , -1327 -739 973 -695 -559 -906 , -114 1567 824 -3369 3157 -56 , 574 343 -343 0 -2906 -3249 , 2.7854769412755851e-06 , 35
2.4930255509480075 , -176 -1818 -2002 -3381 -1453 -1012 , 2460 438 -438 0 1666 1228 , -3332 1173 -1183 -427 -149 -2432 , 3527 -781 781 0 1240 2021 , 3205 2002 1818 3381 990 365 , 2331 -223 -1148 1719 272 900 , 612 1148 223 -1719 2048 495 , -2905 1183 -1173 427 -1249 -1322 , 574 343 -343 0 -2906 -3249 , 2.7870183083750282e-06 , 0
2.4930255509480075 , -176 -1818 -2002 -3381 -1453 -1012 , 2460 438 -438 0 1666 1228 , 3332 -1173 1183 427 149 2432 , 3527 -781 781 0 1240 2021 , 3205 2002 1818 3381 990 365 , -2331 223 1148 -1719 -272 -900 , -612 -1148 -223 1719 -2048 -495 , 2905 -1183 1173 -427 1249 1322 , 574 343 -343 0 -2906 -3249 , 2.7870183083750282e-06 , 1
2.4930255509480075 , -176 -1818 -2002 -3381 -1453 -1012 , 3527 -781 781 0 1240 2021 , -612 -1148 -223 1719 -2048 -495 , 2460 438 -438 0 1666 1228 , 3205 2002 1818 3381 990 365 , 2905 -1183 1173 -427 1249 1322 , 3332 -1173 1183 427 149 2432 , -2331 223 1148 -1719 -272 -900 , 574 343 -343 0 -2906 -3249 , 2.7870183083910621e-06 , 2
2.4930255509480075 , -176 -1818 -2002 -3381 -1453 -1012 , 3527 -781 781 0 1240 2021 , 612 1148 223 -1719 2048 495 , 2460 438 -438 0 1666 1228 , 3205 2002 1818 3381 990 365 , -2905 1183 -1173 427 -1249 -1322 , -3332 1173 -1183 -427 -149 -2432 , 2331 -223 -1148 1719 272 900 , 574 343 -343 0 -2906 -3249 , 2.7870183083910621e-06 , 3
2.4930255509480075 , -176 -1818 -2002 -3381 -1453 -1012 , 2460 438 -438 0 1666 1228 , -1249 427 149 1183 -2905 1322 , 3527 -781 781 0 1240 2021 , 3205 2002 1818 3381 990 365 , 2048 -1719 -272 1148 612 -495 , 900 272 1719 -1148 -223 2331 , -2432 -149 -427 -1183 1173 -3332 , 574 343 -343 0 -2906 -3249 , 2.7870183083964068e-06 , 4
2.4930255509480075 , -176 -1818 -2002 -3381 -1453 -1012 , 2460 438 -438 0 1666 1228 , -2905 1322 1249 -3332 1173 -1183 , 3527 -781 781 0 1240 2021 , 3205 2002 1818 3381 990 365 , 612 -495 -2048 2331 -223 -1148 , -1719 2048 495 -2331 900 272 , 427 -1249 -1322 3332 -2432 -149 , 574 343 -343 0 -2906 -3249 , 2.7870183083964068e-06 , 5
2.4930255509480075 , -176 -1818 -2002 -3381 -1453 -1012 , 2460 438 -438 0 1666 1228 , 2905 -1322 -1249 3332 -1173 1183 , 3527 -781 781 0 1240 2021 , 3205 2002 1818 3381 990 365 , -612 495 2048 -2331 223 1148 , 1719 -2048 -495 2331 -900 -272 , -427 1249 1322 -3332 2432 149 , 574 343 -343 0 -2906 -3249 , 2.7870183083964068e-06 , 6
2.4930255509480075 , -176 -1818 -2002 -3381 -1453 -1012 , 2460 438 -438 0 1666 1228 , 1249 -427 -149 -1183 2905 -1322 , 3527 -781 781 0 1240 2021 , 3205 2002 1818 3381 990 365 , -2048 1719 272 -1148 -612 495 , -900 -272 -1719 1148 223 -2331 , 2432 149 427 1183 -1173 3332 , 574 343 -343 0 -2906 -3249 , 2.7870183083964068e-06 , 7
2.4930255509480075 , -176 -1818 -2002 -3381 -1453 -1012 , 3527 -781 781 0 1240 2021 , -495 612 1148 -272 -1719 2048 , 2460 438 -438 0 1666 1228 , 3205 2002 1818 3381 990 365 , 1322 -2905 1183 149 427 -1249 , 1173 -1183 2905 -149 -2432 3332 , -223 -1148 -612 272 900 -2331 , 574 343 -343 0 -2906 -3249 , 2.7870183084017516e-06 , 8
2.4930255509480075 , -176 -1818 -2002 -3381 -1453 -1012 , 3527 -781 781 0 1240 2021 , 495 -612 -1148 272 1719 -2048 , 2460 438 -438 0 1666 1228 , 3205 2002 1818 3381 990 365 , -1322 2905 -1183 -149 -427 1249 , -1173 1183 -2905 149 2432 -3332 , 223 1148 612 -272 -900 2331 , 574 343 -343 0 -2906 -3249 , 2.7870183084017516e-06 , 9
2.4930255509480075 , -176 -1818 -2002 -3381 -1453 -1012 , 2460 438 -438 0 1666 1228 , -2432 3332 -1173 -1249 427 149 , 3527 -781 781 0 1240 2021 , 3205 2002 1818 3381 990 365 , 900 -2331 223 2048 -1719 -272 , -1148 -223 2331 -2048 -495 612 , -1183 1173 -3332 1249 1322 -2905 , 574 343 -343 0 -2906 -3249 , 2.7870183084070964e-06 , 10
2.4930255509480075 , -176 -1818 -2002 -3381 -1453 -1012 , 2460 438 -438 0 1666 1228 , 2432 -3332 1173 1249 -427 -149 , 3527 -781 781 0 1240 2021 , 3205 2002 1818 3381 990 365 , -900 2331 -223 -2048 1719 272 , 1148 223 -2331 2048 495 -612 , 1183 -1173 3332 -1249 -1322 2905 , 574 343 -343 0 -2906 -3249 , 2.7870183084070964e-06 , 11
2.4930255509480075 , -176 -1818 -2002 -3381 -1453 -1012 , 2460 438 -438 0 1666 1228 , -1183 2905 -1322 -2432 3332 -1173 , 3527 -781 781 0 1240 2021 , 3205 2002 1818 3381 990 365 , -1148 -612 495 900 -2331 223 , -2048 -495 612 -900 -272 -1719 , 1249 1322 -2905 2432 149 427 , 574 343 -343 0 -2906 -3249 , 2.7870183084124408e-06 , 12
2.4930255509480075 , -176 -1818 -2002 -3381 -1453 -1012 , 2460 438 -438 0 1666 1228 , 1183 -2905 1322 2432 -3332 1173 , 3527 -781 781 0 1240 2021 , 3205 2002 1818 3381 990 365 , 1148 612 -495 -900 2331 -223 , 2048 495 -612 900 272 1719 , -1249 -1322 2905 -2432 -149 -427 , 574 343 -343 0 -2906 -3249 , 2.7870183084124408e-06 , 13
2.4930255509480075 , -176 -1818 -2002 -3381 -1453 -1012 , 2460 438 -438 0 1666 1228 , -1173 1183 -2905 149 2432 -3332 , 3527 -781 781 0 1240 2021 , 3205 2002 1818 3381 990 365 , 223 1148 612 -272 -900 2331 , 495 -612 -1148 272 1719 -2048 , -1322 2905 -1183 -149 -427 1249 , 574 343 -343 0 -2906 -3249 , 2.7870183084124412e-06 , 14
2.4930255509480075 , -176 -1818 -2002 -3381 -1453 -1012 , 2460 438 -438 0 1666 1228 , 1173 -1183 2905 -149 -2432 3332 , 3527 -781 781 0 1240 2021 , 3205 2002 1818 3381 990 365 , -223 -1148 -612 272 900 -2331 , -495 612 1148 -272 -1719 2048 , 1322 -2905 1183 149 427 -1249 , 574 343 -343 0 -2906 -3249 , 2.7870183084124412e-06 , 15
2.4930255509480075 , -176 -1818 -2002 -3381 -1453 -1012 , 3527 -781 781 0 1240 2021 , 1719 -2048 -495 2331 -900 -272 , 2460 438 -438 0 1666 1228 , 3205 2002 1818 3381 990 365 , -427 1249 1322 -3332 2432 149 , 2905 -1322 -1249 3332 -1173 1183 , -612 495 2048 -2331 223 1148 , 574 343 -343 0 -2906 -3249 , 2.7870183084124412e-06 , 16
2.4930255509480075 , -176 -1818 -2002 -3381 -1453 -1012 , 3527 -781 781 0 1240 2021 , -1719 2048 495 -2331 900 272 , 2460 438 -438 0 1666 1228 , 3205 2002 1818 3381 990 365 , 427 -1249 -1322 3332 -2432 -149 , -2905 1322 1249 -3332 1173 -1183 , 612 -495 -2048 2331 -223 -1148 , 574 343 -343 0 -2906 -3249 , 2.7870183084124412e-06 , 17
2.4930255509480075 , -176 -1818 -2002 -3381 -1453 -1012 , 2460 438 -438 0 1666 1228 , -1322 -1249 427 -1173 1183 -2905 , 3527 -781 781 0 1240 2021 , 3205 2002 1818 3381 990 365 , 495 2048 -1719 223 1148 612 , 272 1719 -2048 -223 2331 -900 , -149 -427 1249 1173 -3332 2432 , 574 343 -343 0 -2906 -3249 , 2.787018308417786e-06 , 18
2.4930255509480075 , -176 -1818 -2002 -3381 -1453 -1012 , 2460 438 -438 0 1666 1228 , 1322 1249 -427 1173 -1183 2905 , 3527 -781 781 0 1240 2021 , 3205 2002 1818 3381 990 365 , -495 -2048 1719 -223 -1148 -612 , -272 -1719 2048 223 -2331 900 , 149 427 -1249 -1173 3332 -2432 , 574 343 -343 0 -2906 -3249 , 2.787018308417786e-06 , 19
2.4930255509480075 , -176 -1818 -2002 -3381 -1453 -1012 , 3527 -781 781 0 1240 2021 , -2048 -495 612 -900 -272 -1719 , 2460 438 -438 0 1666 1228 , 3205 2002 1818 3381 990 365 , 1249 1322 -2905 2432 149 427 , -1183 2905 -1322 -2432 3332 -1173 , -1148 -612 495 900 -2331 223 , 574 343 -343 0 -2906 -3249 , 2.787018308417786e-06 , 20
2.4930255509480075 , -176 -1818 -2002 -3381 -1453 -1012 , 3527 -781 781 0 1240 2021 , 272 1719 -2048 -223 2331 -900 , 2460 438 -438 0 1666 1228 , 3205 2002 1818 3381 990 365 , -149 -427 1249 1173 -3332 2432 , -1322 -1249 427 -1173 1183 -2905 , 495 2048 -1719 223 1148 612 , 574 343 -343 0 -2906 -3249 , 2.787018308417786e-06 , 21
2.4930255509480075 , -176 -1818 -2002 -3381 -1453 -1012 , 3527 -781 781 0 1240 2021 , -272 -1719 2048 223 -2331 900 , 2460 438 -438 0 1666 1228 , 3205 2002 1818 3381 990 365 , 149 427 -1249 -1173 3332 -2432 , 1322 1249 -427 1173 -1183 2905 , -495 -2048 1719 -223 -1148 -612 , 574 343 -343 0 -2906 -3249 , 2.787018308417786e-06 , 22
2.4930255509480075 , -176 -1818 -2002 -3381 -1453 -1012 , 3527 -781 781 0 1240 2021 , 2048 495 -612 900 272 1719 , 2460 438 -438 0 1666 1228 , 3205 2002 1818 3381 990 365 , -1249 -1322 2905 -2432 -149 -427 , 1183 -2905 1322 2432 -3332 1173 , 1148 612 -495 -900 2331 -223 , 574 343 -343 0 -2906 -3249 , 2.787018308417786e-06 , 23
2.4930255509480075 , -176 -1818 -2002 -3381 -1453 -1012 , 3527 -781 781 0 1240 2021 , -223 2331 -900 -495 612 1148 , 2460 438 -438 0 1666 1228 , 3205 2002 1818 3381 990 365 , 1173 -3332 2432 1322 -2905 1183 , -149 -2432 3332 -1322 -1249 427 , 272 900 -2331 495 2048 -1719 , 574 343 -343 0 -2906 -3249 , 2.7870183084231307e-06 , 24
2.4930255509480075 , -176 -1818 -2002 -3381 -1453 -1012 , 3527 -781 781 0 1240 2021 , -1148 -223 2331 -2048 -495 612 , 2460 438 -438 0 1666 1228 , 3205 2002 1818 3381 990 365 , -1183 1173 -3332 1249 1322 -2905 , -2432 3332 -1173 -1249 427 149 , 900 -2331 223 2048 -1719 -272 , 574 343 -343 0 -2906 -3249 , 2.7870183084231307e-06 , 25
2.4930255509480075 , -176 -1818 -2002 -3381 -1453 -1012 , 3527 -781 781 0 1240 2021 , 1148 223 -2331 2048 495 -612 , 2460 438 -438 0 1666 1228 , 3205 2002 1818 3381 990 365 , 1183 -1173 3332 -1249 -1322 2905 , 2432 -3332 1173 1249 -427 -149 , -900 2331 -223 -2048 1719 272 , 574 343 -343 0 -2906 -3249 , 2.7870183084231307e-06 , 26
2.4930255509480075 , -176 -1818 -2002 -3381 -1453 -1012 , 3527 -781 781 0 1240 2021 , 223 -2331 900 495 -612 -1148 , 2460 438 -438 0 1666 1228 , 3205 2002 1818 3381 990 365 , -1173 3332 -2432 -1322 2905 -1183 , 149 2432 -3332 1322 1249 -427 , -272 -900 2331 -495 -2048 1719 , 574 343 -343 0 -2906 -3249 , 2.7870183084231307e-06 , 27
2.4930255509480075 , -176 -1818 -2002 -3381 -1453 -1012 , 2460 438 -438 0 1666 1228 , -149 -2432 3332 -1322 -1249 427 , 3527 -781 781 0 1240 2021 , 3205 2002 1818 3381 990 365 , 272 900 -2331 495 2048 -1719 , -223 2331 -900 -495 612 1148 , 1173 -3332 2432 1322 -2905 1183 , 574 343 -343 0 -2906 -3249 , 2.7870183084338203e-06 , 28
2.4930255509480075 , -176 -1818 -2002 -3381 -1453 -1012 , 2460 438 -438 0 1666 1228 , -427 -149 -2432 2905 -1322 -1249 , 3527 -781 781 0 1240 2021 , 3205 2002 1818 3381 990 365 , 1719 272 900 -612 495 2048 , 2331 -900 -272 612 1148 223 , -3332 2432 149 -2905 1183 -1173 , 574 343 -343 0 -2906 -3249 , 2.7870183084338203e-06 , 29
2.4930255509480075 , -176 -1818 -2002 -3381 -1453 -1012 , 2460 438 -438 0 1666 1228 , 427 149 2432 -2905 1322 1249 , 3527 -781 781 0 1240 2021 , 3205 2002 1818 3381 990 365 , -1719 -272 -900 612 -495 -2048 , -2331 900 272 -612 -1148 -223 , 3332 -2432 -149 2905 -1183 1173 , 574 343 -343 0 -2906 -3249 , 2.7870183084338203e-06 , 30
2.4930255509480075 , -176 -1818 -2002 -3381 -1453 -1012 , 2460 438 -438 0 1666 1228 , 149 2432 -3332 1322 1249 -427 , 3527 -781 781 0 1240 2021 , 3205 2002 1818 3381 990 365 , -272 -900 2331 -495 -2048 1719 , 223 -2331 900 495 -612 -1148 , -1173 3332 -2432 -1322 2905 -1183 , 574 343 -343 0 -2906 -3249 , 2.7870183084338203e-06 , 31
2.4930255509480075 , -176 -1818 -2002 -3381 -1453 -1012 , 3527 -781 781 0 1240 2021 , -900 -272 -1719 1148 223 -2331 , 2460 438 -438 0 1666 1228 , 3205 2002 1818 3381 990 365 , 2432 149 427 1183 -1173 3332 , 1249 -427 -149 -1183 2905 -1322 , -2048 1719 272 -1148 -612 495 , 574 343 -343 0 -2906 -3249 , 2.7870183084338203e-06 , 32
2.4930255509480075 , -176 -1818 -2002 -3381 -1453 -1012 , 3527 -781 781 0 1240 2021 , 900 272 1719 -1148 -223 2331 , 2460 438 -438 0 1666 1228 , 3205 2002 1818 3381 990 365 , -2432 -149 -427 -1183 1173 -3332 , -1249 427 149 1183 -2905 1322 , 2048 -1719 -272 1148 612 -495 , 574 343 -343 0 -2906 -3249 , 2.7870183084338203e-06 , 33
2.4930255509480075 , -176 -1818 -2002 -3381 -1453 -1012 , 3527 -781 781 0 1240 2021 , 2331 -900 -272 612 1148 223 , 2460 438 -438 0 1666 1228 , 3205 2002 1818 3381 990 365 , -3332 2432 149 -2905 1183 -1173 , -427 -149 -2432 2905 -1322 -1249 , 1719 272 900 -612 495 2048 , 574 343 -343 0 -2906 -3249 , 2.7870183084445103e-06 , 34
2.4930255509480075 , -176 -1818 -2002 -3381 -1453 -1012 , 3527 -781 781 0 1240 2021 , -2331 900 272 -612 -1148 -223 , 2460 438 -438 0 1666 1228 , 3205 2002 1818 3381 990 365 , 3332 -2432 -149 2905 -1183 1173 , 427 149 2432 -2905 1322 1249 , -1719 -272 -900 612 -495 -2048 , 574 343 -343 0 -2906 -3249 , 2.7870183084445103e-06 , 35
2.602904365242723 , -1455 -1712 -3428 -2459 -1652 -2475 , 3320 -798 798 0 1116 1914 , -851 -1830 2489 -826 -1567 69 , 2667 455 -455 0 1790 1335 , 1004 3428 1712 2459 953 60 , -722 9 2494 -3058 936 391 , 2336 -2494 -9 3058 -2103 927 , -25 -2489 1830 826 -2420 263 , 574 343 -343 0 -2906 -3249 , 2.7867356692061391e-06 , 0
2.602904365242723 , -1455 -1712 -3428 -2459 -1652 -2475 , 3320 -798 798 0 1116 1914 , 2420 -826 -1567 2489 25 263 , 2667 455 -455 0 1790 1335 , 1004 3428 1712 2459 953 60 , 2103 -3058 936 2494 -2336 927 , -391 -936 3058 -2494 -9 722 , -69 1567 826 -2489 1830 851 , 574 343 -343 0 -2906 -3249 , 2.7867356692061391e-06 , 1
2.602904365242723 , -1455 -1712 -3428 -2459 -1652 -2475 , 3320 -798 798 0 1116 1914 , -2420 826 1567 -2489 -25 -263 , 2667 455 -455 0 1790 1335 , 1004 3428 1712 2459 953 60 , -2103 3058 -936 -2494 2336 -927 , 391 936 -3058 2494 9 -722 , 69 -1567 -826 2489 -1830 -851 , 574 343 -343 0 -2906 -3249 , 2.7867356692061391e-06 , 2
2.602904365242723 , -1455 -1712 -3428 -2459 -1652 -2475 , 3320 -798 798 0 1116 1914 , 851 1830 -2489 826 1567 -69 , 2667 455 -455 0 1790 1335 , 1004 3428 1712 2459 953 60 , 722 -9 -2494 3058 -936 -391 , -2336 2494 9 -3058 2103 -927 , 25 2489 -1830 -826 2420 -263 , 574 343 -343 0 -2906 -3249 , 2.7867356692061391e-06 , 3
2.602904365242723 , -1455 -1712 -3428 -2459 -1652 -2475 , 2667 455 -455 0 1790 1335 , -2494 -9 722 -2103 927 -2336 , 3320 -798 798 0 1116 1914 , 1004 3428 1712 2459 953 60 , -2489 1830 851 -2420 263 25 , -69 -851 -1830 2420 -826 -1567 , -391 -722 9 2103 -3058 936 , 574 343 -343 0 -2906 -3249 , 2.7867356692061391e-06 , 4
2.602904365242723 , -1455 -1712 -3428 -2459 -1652 -2475 , 2667 455 -455 0 1790 1335 , 2494 9 -722 2103 -927 2336 , 3320 -798 798 0 1116 1914 , 1004 3428 1712 2459 953 60 , 2489 -1830 -851 2420 -263 -25 , 69 851 1830 -2420 826 1567 , 391 722 -9 -2103 3058 -936 , 574 343 -343 0 -2906 -3249 , 2.7867356692061391e-06 , 5
2.602904365242723 , -1455 -1712 -3428 -2459 -1652 -2475 , 2667 455 -455 0 1790 1335 , -936 3058 -2103 -9 722 391 , 3320 -798 798 0 1116 1914 , 1004 3428 1712 2459 953 60 , 1567 826 -2420 1830 851 69 , -263 2420 -826 -1830 2489 25 , -927 2103 -3058 9 2494 -2336 , 574 343 -343 0 -2906 -3249 , 2.7867356692113661e-06 , 6
2.602904365242723 , -1455 -1712 -3428 -2459 -1652 -2475 , 2667 455 -455 0 1790 1335 , 936 -3058 2103 9 -722 -391 , 3320 -798 798 0 1116 1914 , 1004 3428 1712 2459 953 60 , -1567 -826 2420 -1830 -851 -69 , 263 -2420 826 1830 -2489 -25 , 927 -2103 3058 -9 -2494 2336 , 574 343 -343 0 -2906 -3249 , 2.7867356692113661e-06 , 7
2.602904365242723 , -1455 -1712 -3428 -2459 -1652 -2475 , 3320 -798 798 0 1116 1914 , -1830 2489 25 -1567 69 851 , 2667 455 -455 0 1790 1335 , 1004 3428 1712 2459 953 60 , 9 2494 -2336 936 391 722 , -927 2336 -2494 -936 3058 -2103 , -263 -25 -2489 1567 826 -2420 , 574 343 -343 0 -2906 -3249 , 2.7867356692165927e-06 , 8
2.602904365242723 , -1455 -1712 -3428 -2459 -1652 -2475 , 3320 -798 798 0 1116 1914 , -826 -1567 69 25 263 -2420 , 2667 455 -455 0 1790 1335 , 1004 3428 1712 2459 953 60 , -3058 936 391 -2336 927 -2103 , -722 -391 -936 2336 -2494 -9 , -851 -69 1567 -25 -2489 1830 , 574 343 -343 0 -2906 -3249 , 2.7867356692165927e-06 , 9
2.602904365242723 , -1455 -1712 -3428 -2459 -1652 -2475 , 3320 -798 798 0 1116 1914 , 826 1567 -69 -25 -263 2420 , 2667 455 -455 0 1790 1335 , 1004 3428 1712 2459 953 60 , 3058 -936 -391 2336 -927 2103 , 722 391 936 -2336 2494 9 , 851 69 -1567 25 2489 -1830 , 574 343 -343 0 -2906 -3249 , 2.7867356692165927e-06 , 10
2.602904365242723 , -1455 -1712 -3428 -2459 -1652 -2475 , 3320 -798 798 0 1116 1914 , 1830 -2489 -25 1567 -69 -851 , 2667 455 -455 0 1790 1335 , 1004 3428 1712 2459 953 60 , -9 -2494 2336 -936 -391 -722 , 927 -2336 2494 936 -3058 2103 , 263 25 2489 -1567 -826 2420 , 574 343 -343 0 -2906 -3249 , 2.7867356692165927e-06 , 11
2.602904365242723 , -1455 -1712 -3428 -2459 -1652 -2475 , 2667 455 -455 0 1790 1335 , -3058 2103 -927 -722 -391 -936 , 3320 -798 798 0 1116 1914 , 1004 3428 1712 2459 953 60 , -826 2420 -263 -851 -69 1567 , 25 263 -2420 851 1830 -2489 , -2336 927 -2103 722 -9 -2494 , 574 343 -343 0 -2906 -3249 , 2.7867356692165927e-06 , 12
2.602904365242723 , -1455 -1712 -3428 -2459 -1652 -2475 , 2667 455 -455 0 1790 1335 , 3058 -2103 927 722 391 936 , 3320 -798 798 0 1116 1914 , 1004 3428 1712 2459 953 60 , 826 -2420 263 851 69 -1567 , -25 -263 2420 -851 -1830 2489 , 2336 -927 2103 -722 9 2494 , 574 343 -343 0 -2906 -3249 , 2.7867356692165927e-06 , 13
2.602904365242723 , -1455 -1712 -3428 -2459 -1652 -2475 , 3320 -798 798 0 1116 1914 , -263 2420 -826 -1830 2489 25 , 2667 455 -455 0 1790 1335 , 1004 3428 1712 2459 953 60 , -927 2103 -3058 9 2494 -2336 , -936 3058 -2103 -9 722 391 , 1567 826 -2420 1830 851 69 , 574 343 -343 0 -2906 -3249 , 2.7867356692218198e-06 , 14
2.602904365242723 , -1455 -1712 -3428 -2459 -1652 -2475 , 3320 -798 798 0 1116 1914 , 263 -2420 826 1830 -2489 -25 , 2667 455 -455 0 1790 1335 , 1004 3428 1712 2459 953 60 , 927 -2103 3058 -9 -2494 2336 , 936 -3058 2103 9 -722 -391 , -1567 -826 2420 -1830 -851 -69 , 574 343 -343 0 -2906 -3249 , 2.7867356692218198e-06 , 15
2.602904365242723 , -1455 -1712 -3428 -2459 -1652 -2475 , 3320 -798 798 0 1116 1914 , -1567 69 851 263 -2420 826 , 2667 455 -455 0 1790 1335 , 1004 3428 1712 2459 953 60 , 936 391 722 927 -2103 3058 , 9 -722 -391 -927 2336 -2494 , -1830 -851 -69 -263 -25 -2489 , 574 343 -343 0 -2906 -3249 , 2.7867356692218202e-06 , 16
2.602904365242723 , -1455 -1712 -3428 -2459 -1652 -2475 , 3320 -798 798 0 1116 1914 , 1567 -69 -851 -263 2420 -826 , 2667 455 -455 0 1790 1335 , 1004 3428 1712 2459 953 60 , -936 -391 -722 -927 2103 -3058 , -9 722 391 927 -2336 2494 , 1830 851 69 263 25 2489 , 574 343 -343 0 -2906 -3249 , 2.7867356692218202e-06 , 17
2.602904365242723 , -1455 -1712 -3428 -2459 -1652 -2475 , 2667 455 -455 0 1790 1335 , -2103 927 -2336 391 936 -3058 , 3320 -798 798 0 1116 1914 , 1004 3428 1712 2459 953 60 , -2420 263 25 69 -1567 -826 , -2489 -25 -263 -69 -851 -1830 , -2494 2336 -927 -391 -722 9 , 574 343 -343 0 -2906 -3249 , 2.7867356692322738e-06 , 18
2.602904365242723 , -1455 -1712 -3428 -2459 -1652 -2475 , 2667 455 -455 0 1790 1335 , -927 2336 -2494 -936 3058 -2103 , 3320 -798 798 0 1116 1914 , 1004 3428 1712 2459 953 60 , -263 -25 -2489 1567 826 -2420 , -1830 2489 25 -1567 69 851 , 9 2494 -2336 936 391 722 , 574 343 -343 0 -2906 -3249 , 2.7867356692322738e-06 , 19
2.602904365242723 , -1455 -1712 -3428 -2459 -1652 -2475 , 2667 455 -455 0 1790 1335 , -2336 2494 9 -3058 2103 -927 , 3320 -798 798 0 1116 1914 , 1004 3428 1712 2459 953 60 , 25 2489 -1830 -826 2420 -263 , 851 1830 -2489 826 1567 -69 , 722 -9 -2494 3058 -936 -391 , 574 343 -343 0 -2906 -3249 , 2.7867356692322738e-06 , 20
2.602904365242723 , -1455 -1712 -3428 -2459 -1652 -2475 , 2667 455 -455 0 1790 1335 , 2336 -2494 -9 3058 -2103 927 , 3320 -798 798 0 1116 1914 , 1004 3428 1712 2459 953 60 , -25 -2489 1830 826 -2420 263 , -851 -1830 2489 -826 -1567 69 , -722 9 2494 -3058 936 391 , 574 343 -343 0 -2906 -3249 , 2.7867356692322738e-06 , 21
2.602904365242723 , -1455 -1712 -3428 -2459 -1652 -2475 , 2667 455 -455 0 1790 1335 , 927 -2336 2494 936 -3058 2103 , 3320 -798 798 0 1116 1914 , 1004 3428 1712 2459 953 60 , 263 25 2489 -1567 -826 2420 , 1830 -2489 -25 1567 -69 -851 , -9 -2494 2336 -936 -391 -722 , 574 343 -343 0 -2906 -3249 , 2.7867356692322738e-06 , 22
2.602904365242723 , -1455 -1712 -3428 -2459 -1652 -2475 , 2667 455 -455 0 1790 1335 , 2103 -927 2336 -391 -936 3058 , 3320 -798 798 0 1116 1914 , 1004 3428 1712 2459 953 60 , 2420 -263 -25 -69 1567 826 , 2489 25 263 69 851 1830 , 2494 -2336 927 391 722 -9 , 574 343 -343 0 -2906 -3249 , 2.7867356692322738e-06 , 23
2.602904365242723 , -1455 -1712 -3428 -2459 -1652 -2475 , 3320 -798 798 0 1116 1914 , -25 -263 2420 -851 -1830 2489 , 2667 455 -455 0 1790 1335 , 1004 3428 1712 2459 953 60 , 2336 -927 2103 -722 9 2494 , 3058 -2103 927 722 391 936 , 826 -2420 263 851 69 -1567 , 574 343 -343 0 -2906 -3249 , 2.7867356692375009e-06 , 24
2.602904365242723 , -1455 -1712 -3428 -2459 -1652 -2475 , 3320 -798 798 0 1116 1914 , 25 263 -2420 851 1830 -2489 , 2667 455 -455 0 1790 1335 , 1004 3428 1712 2459 953 60 , -2336 927 -2103 722 -9 -2494 , -3058 2103 -927 -722 -391 -936 , -826 2420 -263 -851 -69 1567 , 574 343 -343 0 -2906 -3249 , 2.7867356692375009e-06 , 25
2.602904365242723 , -1455 -1712 -3428 -2459 -1652 -2475 , 2667 455 -455 0 1790 1335 , -391 -936 3058 -2494 -9 722 , 3320 -798 798 0 1116 1914 , 1004 3428 1712 2459 953 60 , -69 1567 826 -2489 1830 851 , 2420 -826 -1567 2489 25 263 , 2103 -3058 936 2494 -2336 927 , 574 343 -343 0 -2906 -3249 , 2.7867356692375009e-06 , 26
2.602904365242723 , -1455 -1712 -3428 -2459 -1652 -2475 , 2667 455 -455 0 1790 1335 , 391 936 -3058 2494 9 -722 , 3320 -798 798 0 1116 1914 , 1004 3428 1712 2459 953 60 , 69 -1567 -826 2489 -1830 -851 , -2420 826 1567 -2489 -25 -263 , -2103 3058 -936 -2494 2336 -927 , 574 343 -343 0 -2906 -3249 , 2.7867356692375009e-06 , 27
2.602904365242723 , -1455 -1712 -3428 -2459 -1652 -2475 , 3320 -798 798 0 1116 1914 , -2489 -25 -263 -69 -851 -1830 , 2667 455 -455 0 1790 1335 , 1004 3428 1712 2459 953 60 , -2494 2336 -927 -391 -722 9 , -2103 927 -2336 391 936 -3058 , -2420 263 25 69 -1567 -826 , 574 343 -343 0 -2906 -3249 , 2.786735669247955e-06 , 28
2.602904365242723 , -1455 -1712 -3428 -2459 -1652 -2475 , 3320 -798 798 0 1116 1914 , 2489 25 263 69 851 1830 , 2667 455 -455 0 1790 1335 , 1004 3428 1712 2459 953 60 , 2494 -2336 927 391 722 -9 , 2103 -927 2336 -391 -936 3058 , 2420 -263 -25 -69 1567 826 , 574 343 -343 0 -2906 -3249 , 2.786735669247955e-06 , 29
2.602904365242723 , -1455 -1712 -3428 -2459 -1652 -2475 , 2667 455 -455 0 1790 1335 , 722 391 936 -2336 2494 9 , 3320 -798 798 0 1116 1914 , 1004 3428 1712 2459 953 60 , 851 69 -1567 25 2489 -1830 , 826 1567 -69 -25 -263 2420 , 3058 -936 -391 2336 -927 2103 , 574 343 -343 0 -2906 -3249 , 2.786735669247955e-06 , 30
2.602904365242723 , -1455 -1712 -3428 -2459 -1652 -2475 , 2667 455 -455 0 1790 1335 , -722 -391 -936 2336 -2494 -9 , 3320 -798 798 0 1116 1914 , 1004 3428 1712 2459 953 60 , -851 -69 1567 -25 -2489 1830 , -826 -1567 69 25 263 -2420 , -3058 936 391 -2336 927 -2103 , 574 343 -343 0 -2906 -3249 , 2.786735669247955e-06 , 31
2.602904365242723 , -1455 -1712 -3428 -2459 -1652 -2475 , 3320 -798 798 0 1116 1914 , -69 -851 -1830 2420 -826 -1567 , 2667 455 -455 0 1790 1335 , 1004 3428 1712 2459 953 60 , -391 -722 9 2103 -3058 936 , -2494 -9 722 -2103 927 -2336 , -2489 1830 851 -2420 263 25 , 574 343 -343 0 -2906 -3249 , 2.7867356692479554e-06 , 32
2.602904365242723 , -1455 -1712 -3428 -2459 -1652 -2475 , 3320 -798 798 0 1116 1914 , 69 851 1830 -2420 826 1567 , 2667 455 -455 0 1790 1335 , 1004 3428 1712 2459 953 60 , 391 722 -9 -2103 3058 -936 , 2494 9 -722 2103 -927 2336 , 2489 -1830 -851 2420 -263 -25 , 574 343 -343 0 -2906 -3249 , 2.7867356692479554e-06 , 33
2.602904365242723 , -1455 -1712 -3428 -2459 -1652 -2475 , 2667 455 -455 0 1790 1335 , -9 722 391 927 -2336 2494 , 3320 -798 798 0 1116 1914 , 1004 3428 1712 2459 953 60 , 1830 851 69 263 25 2489 , 1567 -69 -851 -263 2420 -826 , -936 -391 -722 -927 2103 -3058 , 574 343 -343 0 -2906 -3249 , 2.7867356692688631e-06 , 34
2.602904365242723 , -1455 -1712 -3428 -2459 -1652 -2475 , 2667 455 -455 0 1790 1335 , 9 -722 -391 -927 2336 -2494 , 3320 -798 798 0 1116 1914 , 1004 3428 1712 2459 953 60 , -1830 -851 -69 -263 -25 -2489 , -1567 69 851 263 -2420 826 , 936 391 722 927 -2103 3058 , 574 343 -343 0 -2906 -3249 , 2.7867356692688631e-06 , 35
2.7123388028044237 , 384 -2682 -1864 -2579 -2021 -216 , 3234 -840 840 0 1036 1876 , -1977 -652 -580 138 -135 -2681 , 2753 497 -497 0 1870 1373 , 2963 1864 2682 2579 1648 661 , 2606 -690 951 1059 -1150 2973 , 1547 -951 690 -1059 2022 -460 , -2115 580 652 -138 -2101 517 , 574 343 -343 0 -2906 -3249 , 2.8216198031149472e-06 , 0
2.7123388028044237 , 384 -2682 -1864 -2579 -2021 -216 , 3234 -840 840 0 1036 1876 , 1977 652 580 -138 135 2681 , 2753 497 -497 0 1870 1373 , 2963 1864 2682 2579 1648 661 , -2606 690 -951 -1059 1150 -2973 , -1547 951 -690 1059 -2022 460 , 2115 -580 -652 138 2101 -517 , 574 343 -343 0 -2906 -3249 , 2.8216198031149472e-06 , 1
2.7123388028044237 , 384 -2682 -1864 -2579 -2021 -216 , 3234 -840 840 0 1036 1876 , -652 -580 2115 -135 -2681 1977 , 2753 497 -497 0 1870 1373 , 2963 1864 2682 2579 1648 661 , -690 951 -1547 -1150 2973 -2606 , 460 1547 -951 1150 -1059 2022 , -517 -2115 580 135 -138 -2101 , 574 343 -343 0 -2906 -3249 , 2.8216198031149476e-06 , 2
2.7123388028044237 , 384 -2682 -1864 -2579 -2021 -216 , 3234 -840 840 0 1036 1876 , 652 580 -2115 135 2681 -1977 , 2753 497 -497 0 1870 1373 , 2963 1864 2682 2579 1648 661 , 690 -951 1547 1150 -2973 2606 , -460 -1547 951 -1150 1059 -2022 , 517 2115 -580 -135 138 2101 , 574 343 -343 0 -2906 -3249 , 2.8216198031149476e-06 , 3
2.7123388028044237 , 384 -2682 -1864 -2579 -2021 -216 , 2753 497 -497 0 1870 1373 , 1547 -951 690 -1059 2022 -460 , 3234 -840 840 0 1036 1876 , 2963 1864 2682 2579 1648 661 , -2115 580 652 -138 -2101 517 , -1977 -652 -580 138 -135 -2681 , 2606 -690 951 1059 -1150 2973 , 574 343 -343 0 -2906 -3249 , 2.821619803128293e-06 , 4
2.7123388028044237 , 384 -2682 -1864 -2579 -2021 -216 , 2753 497 -497 0 1870 1373 , -1547 951 -690 1059 -2022 460 , 3234 -840 840 0 1036 1876 , 2963 1864 2682 2579 1648 661 , 2115 -580 -652 138 2101 -517 , 1977 652 580 -138 135 2681 , -2606 690 -951 -1059 1150 -2973 , 574 343 -343 0 -2906 -3249 , 2.821619803128293e-06 , 5
2.7123388028044237 , 384 -2682 -1864 -2579 -2021 -216 , 2753 497 -497 0 1870 1373 , -1059 2022 -460 -2606 2973 -1150 , 3234 -840 840 0 1036 1876 , 2963 1864 2682 2579 1648 661 , -138 -2101 517 1977 -2681 -135 , -2115 -517 2101 -1977 -652 -580 , 1547 460 -2022 2606 -690 951 , 574 343 -343 0 -2906 -3249 , 2.8216198031549831e-06 , 6
2.7123388028044237 , 384 -2682 -1864 -2579 -2021 -216 , 2753 497 -497 0 1870 1373 , 1059 -2022 460 2606 -2973 1150 , 3234 -840 840 0 1036 1876 , 2963 1864 2682 2579 1648 661 , 138 2101 -517 -1977 2681 135 , 2115 517 -2101 1977 652 580 , -1547 -460 2022 -2606 690 -951 , 574 343 -343 0 -2906 -3249 , 2.8216198031549831e-06 , 7
2.7123388028044237 , 384 -2682 -1864 -2579 -2021 -216 , 3234 -840 840 0 1036 1876 , -580 2115 517 -2681 1977 652 , 2753 497 -497 0 1870 1373 , 2963 1864 2682 2579 1648 661 , 951 -1547 -460 2973 -2606 690 , -2022 460 1547 -2973 1150 -1059 , 2101 -517 -2115 2681 135 -138 , 574 343 -343 0 -2906 -3249 , 2.8216198031549835e-06 , 8
2.7123388028044237 , 384 -2682 -1864 -2579 -2021 -216 , 3234 -840 840 0 1036 1876 , -135 -2681 1977 517 -2101 -138 , 2753 497 -497 0 1870 1373 , 2963 1864 2682 2579 1648 661 , -1150 2973 -2606 -460 2022 -1059 , -690 2606 -2973 460 1547 -951 , -652 -1977 2681 -517 -2115 580 , 574 343 -343 0 -2906 -3249 , 2.8216198031549835e-06 , 9
2.7123388028044237 , 384 -2682 -1864 -2579 -2021 -216 , 3234 -840 840 0 1036 1876 , 135 2681 -1977 -517 2101 138 , 2753 497 -497 0 1870 1373 , 2963 1864 2682 2579 1648 661 , 1150 -2973 2606 460 -2022 1059 , 690 -2606 2973 -460 -1547 951 , 652 1977 -2681 517 2115 -580 , 574 343 -343 0 -2906 -3249 , 2.8216198031549835e-06 , 10
2.7123388028044237 , 384 -2682 -1864 -2579 -2021 -216 , 3234 -840 840 0 1036 1876 , 580 -2115 -517 2681 -1977 -652 , 2753 497 -497 0 1870 1373 , 2963 1864 2682 2579 1648 661 , -951 1547 460 -2973 2606 -690 , 2022 -460 -1547 2973 -1150 1059 , -2101 517 2115 -2681 -135 138 , 574 343 -343 0 -2906 -3249 , 2.8216198031549835e-06 , 11
2.7123388028044237 , 384 -2682 -1864 -2579 -2021 -216 , 2753 497 -497 0 1870 1373 , -951 690 -2606 2022 -460 -1547 , 3234 -840 840 0 1036 1876 , 2963 1864 2682 2579 1648 661 , 580 652 1977 -2101 517 2115 , 2681 -1977 -652 2101 138 -135 , -2973 2606 -690 -2022 1059 -1150 , 574 343 -343 0 -2906 -3249 , 2.8216198031549835e-06 , 12
2.7123388028044237 , 384 -2682 -1864 -2579 -2021 -216 , 2753 497 -497 0 1870 1373 , 951 -690 2606 -2022 460 1547 , 3234 -840 840 0 1036 1876 , 2963 1864 2682 2579 1648 661 , -580 -652 -1977 2101 -517 -2115 , -2681 1977 652 -2101 -138 135 , 2973 -2606 690 2022 -1059 1150 , 574 343 -343 0 -2906 -3249 , 2.8216198031549835e-06 , 13
2.7123388028044237 , 384 -2682 -1864 -2579 -2021 -216 , 3234 -840 840 0 1036 1876 , 138 -135 -2681 2115 517 -2101 , 2753 497 -497 0 1870 1373 , 2963 1864 2682 2579 1648 661 , 1059 -1150 2973 -1547 -460 2022 , 2606 -2973 1150 1547 -951 690 , -1977 2681 135 -2115 580 652 , 574 343 -343 0 -2906 -3249 , 2.8216198031816739e-06 , 14
2.7123388028044237 , 384 -2682 -1864 -2579 -2021 -216 , 3234 -840 840 0 1036 1876 , -138 135 2681 -2115 -517 2101 , 2753 497 -497 0 1870 1373 , 2963 1864 2682 2579 1648 661 , -1059 1150 -2973 1547 460 -2022 , -2606 2973 -1150 -1547 951 -690 , 1977 -2681 -135 2115 -580 -652 , 574 343 -343 0 -2906 -3249 , 2.8216198031816739e-06 , 15
2.7123388028044237 , 384 -2682 -1864 -2579 -2021 -216 , 2753 497 -497 0 1870 1373 , -690 2606 -2973 460 1547 -951 , 3234 -840 840 0 1036 1876 , 2963 1864 2682 2579 1648 661 , -652 -1977 2681 -517 -2115 580 , -135 -2681 1977 517 -2101 -138 , -1150 2973 -2606 -460 2022 -1059 , 574 343 -343 0 -2906 -3249 , 2.8216198031816739e-06 , 16
2.7123388028044237 , 384 -2682 -1864 -2579 -2021 -216 , 2753 497 -497 0 1870 1373 , 1150 -1059 2022 690 -2606 2973 , 3234 -840 840 0 1036 1876 , 2963 1864 2682 2579 1648 661 , 135 -138 -2101 652 1977 -2681 , -517 2101 138 -652 -580 2115 , 460 -2022 1059 -690 951 -1547 , 574 343 -343 0 -2906 -3249 , 2.8216198031816739e-06 , 17
2.7123388028044237 , 384 -2682 -1864 -2579 -2021 -216 , 2753 497 -497 0 1870 1373 , -1150 1059 -2022 -690 2606 -2973 , 3234 -840 840 0 1036 1876 , 2963 1864 2682 2579 1648 661 , -135 138 2101 -652 -1977 2681 , 517 -2101 -138 652 580 -2115 , -460 2022 -1059 690 -951 1547 , 574 343 -343 0 -2906 -3249 , 2.8216198031816739e-06 , 18
2.7123388028044237 , 384 -2682 -1864 -2579 -2021 -216 , 2753 497 -497 0 1870 1373 , 690 -2606 2973 -460 -1547 951 , 3234 -840 840 0 1036 1876 , 2963 1864 2682 2579 1648 661 , 652 1977 -2681 517 2115 -580 , 135 2681 -1977 -517 2101 138 , 1150 -2973 2606 460 -2022 1059 , 574 343 -343 0 -2906 -3249 , 2.8216198031816739e-06 , 19
2.7123388028044237 , 384 -2682 -1864 -2579 -2021 -216 , 2753 497 -497 0 1870 1373 , -2606 2973 -1150 -1547 951 -690 , 3234 -840 840 0 1036 1876 , 2963 1864 2682 2579 1648 661 , 1977 -2681 -135 2115 -580 -652 , -138 135 2681 -2115 -517 2101 , -1059 1150 -2973 1547 460 -2022 , 574 343 -343 0 -2906 -3249 , 2.8216198031950189e-06 , 20
2.7123388028044237 , 384 -2682 -1864 -2579 -2021 -216 , 2753 497 -497 0 1870 1373 , 2606 -2973 1150 1547 -951 690 , 3234 -840 840 0 1036 1876 , 2963 1864 2682 2579 1648 661 , -1977 2681 135 -2115 580 652 , 138 -135 -2681 2115 517 -2101 , 1059 -1150 2973 -1547 -460 2022 , 574 343 -343 0 -2906 -3249 , 2.8216198031950189e-06 , 21
2.7123388028044237 , 384 -2682 -1864 -2579 -2021 -216 , 2753 497 -497 0 1870 1373 , 460 1547 -951 1150 -1059 2022 , 3234 -840 840 0 1036 1876 , 2963 1864 2682 2579 1648 661 , -517 -2115 580 135 -138 -2101 , -652 -580 2115 -135 -2681 1977 , -690 951 -1547 -1150 2973 -2606 , 574 343 -343 0 -2906 -3249 , 2.8216198032083643e-06 , 22
2.7123388028044237 , 384 -2682 -1864 -2579 -2021 -216 , 2753 497 -497 0 1870 1373 , -460 -1547 951 -1150 1059 -2022 , 3234 -840 840 0 1036 1876 , 2963 1864 2682 2579 1648 661 , 517 2115 -580 -135 138 2101 , 652 580 -2115 135 2681 -1977 , 690 -951 1547 1150 -2973 2606 , 574 343 -343 0 -2906 -3249 , 2.8216198032083643e-06 , 23
2.7123388028044237 , 384 -2682 -1864 -2579 -2021 -216 , 2753 497 -497 0 1870 1373 , -2973 1150 -1059 -951 690 -2606 , 3234 -840 840 0 1036 1876 , 2963 1864 2682 2579 1648 661 , 2681 135 -138 580 652 1977 , 2101 138 -135 -580 2115 517 , -2022 1059 -1150 951 -1547 -460 , 574 343 -343 0 -2906 -3249 , 2.8216198032217098e-06 , 24
2.7123388028044237 , 384 -2682 -1864 -2579 -2021 -216 , 2753 497 -497 0 1870 1373 , 2973 -1150 1059 951 -690 2606 , 3234 -840 840 0 1036 1876 , 2963 1864 2682 2579 1648 661 , -2681 -135 138 -580 -652 -1977 , -2101 -138 135 580 -2115 -517 , 2022 -1059 1150 -951 1547 460 , 574 343 -343 0 -2906 -3249 , 2.8216198032217098e-06 , 25
2.7123388028044237 , 384 -2682 -1864 -2579 -2021 -216 , 3234 -840 840 0 1036 1876 , -2101 -138 135 580 -2115 -517 , 2753 497 -497 0 1870 1373 , 2963 1864 2682 2579 1648 661 , 2022 -1059 1150 -951 1547 460 , 2973 -1150 1059 951 -690 2606 , -2681 -135 138 -580 -652 -1977 , 574 343 -343 0 -2906 -3249 , 2.8216198032350548e-06 , 26
2.7123388028044237 , 384 -2682 -1864 -2579 -2021 -216 , 3234 -840 840 0 1036 1876 , -517 2101 138 -652 -580 2115 , 2753 497 -497 0 1870 1373 , 2963 1864 2682 2579 1648 661 , 460 -2022 1059 -690 951 -1547 , 1150 -1059 2022 690 -2606 2973 , 135 -138 -2101 652 1977 -2681 , 574 343 -343 0 -2906 -3249 , 2.8216198032350548e-06 , 27
2.7123388028044237 , 384 -2682 -1864 -2579 -2021 -216 , 3234 -840 840 0 1036 1876 , 517 -2101 -138 652 580 -2115 , 2753 497 -497 0 1870 1373 , 2963 1864 2682 2579 1648 661 , -460 2022 -1059 690 -951 1547 , -1150 1059 -2022 -690 2606 -2973 , -135 138 2101 -652 -1977 2681 , 574 343 -343 0 -2906 -3249 , 2.8216198032350548e-06 , 28
2.7123388028044237 , 384 -2682 -1864 -2579 -2021 -216 , 3234 -840 840 0 1036 1876 , 2101 138 -135 -580 2115 517 , 2753 497 -497 0 1870 1373 , 2963 1864 2682 2579 1648 661 , -2022 1059 -1150 951 -1547 -460 , -2973 1150 -1059 -951 690 -2606 , 2681 135 -138 580 652 1977 , 574 343 -343 0 -2906 -3249 , 2.8216198032350548e-06 , 29
2.7123388028044237 , 384 -2682 -1864 -2579 -2021 -216 , 3234 -840 840 0 1036 1876 , -2681 1977 652 -2101 -138 135 , 2753 497 -497 0 1870 1373 , 2963 1864 2682 2579 1648 661 , 2973 -2606 690 2022 -1059 1150 , 951 -690 2606 -2022 460 1547 , -580 -652 -1977 2101 -517 -2115 , 574 343 -343 0 -2906 -3249 , 2.8216198032617456e-06 , 30
2.7123388028044237 , 384 -2682 -1864 -2579 -2021 -216 , 3234 -840 840 0 1036 1876 , 2681 -1977 -652 2101 138 -135 , 2753 497 -497 0 1870 1373 , 2963 1864 2682 2579 1648 661 , -2973 2606 -690 -2022 1059 -1150 , -951 690 -2606 2022 -460 -1547 , 580 652 1977 -2101 517 2115 , 574 343 -343 0 -2906 -3249 , 2.8216198032617456e-06 , 31
2.7123388028044237 , 384 -2682 -1864 -2579 -2021 -216 , 2753 497 -497 0 1870 1373 , -2022 460 1547 -2973 1150 -1059 , 3234 -840 840 0 1036 1876 , 2963 1864 2682 2579 1648 661 , 2101 -517 -2115 2681 135 -138 , -580 2115 517 -2681 1977 652 , 951 -1547 -460 2973 -2606 690 , 574 343 -343 0 -2906 -3249 , 2.8216198032750911e-06 , 32
2.7123388028044237 , 384 -2682 -1864 -2579 -2021 -216 , 2753 497 -497 0 1870 1373 , 2022 -460 -1547 2973 -1150 1059 , 3234 -840 840 0 1036 1876 , 2963 1864 2682 2579 1648 661 , -2101 517 2115 -2681 -135 138 , 580 -2115 -517 2681 -1977 -652 , -951 1547 460 -2973 2606 -690 , 574 343 -343 0 -2906 -3249 , 2.8216198032750911e-06 , 33
2.7123388028044237 , 384 -2682 -1864 -2579 -2021 -216 , 3234 -840 840 0 1036 1876 , 2115 517 -2101 1977 652 580 , 2753 497 -497 0 1870 1373 , 2963 1864 2682 2579 1648 661 , -1547 -460 2022 -2606 690 -951 , 1059 -2022 460 2606 -2973 1150 , 138 2101 -517 -1977 2681 135 , 574 343 -343 0 -2906 -3249 , 2.8216198033017811e-06 , 34
2.7123388028044237 , 384 -2682 -1864 -2579 -2021 -216 , 3234 -840 840 0 1036 1876 , -2115 -517 2101 -1977 -652 -580 , 2753 497 -497 0 1870 1373 , 2963 1864 2682 2579 1648 661 , 1547 460 -2022 2606 -690 951 , -1059 2022 -460 -2606 2973 -1150 , -138 -2101 517 1977 -2681 -135 , 574 343 -343 0 -2906 -3249 , 2.8216198033017811e-06 , 35
2.8155058135891724 , 423 -2671 -2216 -1889 -2505 240 , 2753 497 -497 0 1870 1373 , 1270 -999 -1396 3214 -1836 405 , 3234 -840 840 0 1036 1876 , 2312 2216 2671 1889 2456 166 , -1829 2343 700 -2789 1110 467 , 960 -700 -2343 2789 -233 -1233 , -1944 1396 999 -3214 1801 -837 , 574 343 -343 0 -2906 -3249 , 2.8216198030482209e-06 , 0
2.8155058135891724 , 423 -2671 -2216 -1889 -2505 240 , 2753 497 -497 0 1870 1373 , -1270 999 1396 -3214 1836 -405 , 3234 -840 840 0 1036 1876 , 2312 2216 2671 1889 2456 166 , 1829 -2343 -700 2789 -1110 -467 , -960 700 2343 -2789 233 1233 , 1944 -1396 -999 3214 -1801 837 , 574 343 -343 0 -2906 -3249 , 2.8216198030482209e-06 , 1
2.8155058135891724 , 423 -2671 -2216 -1889 -2505 240 , 3234 -840 840 0 1036 1876 , 960 -700 -2343 2789 -233 -1233 , 2753 497 -497 0 1870 1373 , 2312 2216 2671 1889 2456 166 , -1944 1396 999 -3214 1801 -837 , 1270 -999 -1396 3214 -1836 405 , -1829 2343 700 -2789 1110 467 , 574 343 -343 0 -2906 -3249 , 2.821619803114948e-06 , 2
2.8155058135891724 , 423 -2671 -2216 -1889 -2505 240 , 3234 -840 840 0 1036 1876 , -960 700 2343 -2789 233 1233 , 2753 497 -497 0 1870 1373 , 2312 2216 2671 1889 2456 166 , 1944 -1396 -999 3214 -1801 837 , -1270 999 1396 -3214 1836 -405 , 1829 -2343 -700 2789 -1110 -467 , 574 343 -343 0 -2906 -3249 , 2.821619803114948e-06 , 3
2.8155058135891724 , 423 -2671 -2216 -1889 -2505 240 , 2753 497 -497 0 1870 1373 , -405 1270 -999 -1801 3214 -1836 , 3234 -840 840 0 1036 1876 , 2312 2216 2671 1889 2456 166 , -467 -1829 2343 233 -2789 1110 , -700 -2343 1829 -233 -1233 -960 , 1396 999 -1270 1801 -837 1944 , 574 343 -343 0 -2906 -3249 , 2.8216198031282926e-06 , 4
2.8155058135891724 , 423 -2671 -2216 -1889 -2505 240 , 2753 497 -497 0 1870 1373 , 405 -1270 999 1801 -3214 1836 , 3234 -840 840 0 1036 1876 , 2312 2216 2671 1889 2456 166 , 467 1829 -2343 -233 2789 -1110 , 700 2343 -1829 233 1233 960 , -1396 -999 1270 -1801 837 -1944 , 574 343 -343 0 -2906 -3249 , 2.8216198031282926e-06 , 5
2.8155058135891724 , 423 -2671 -2216 -1889 -2505 240 , 3234 -840 840 0 1036 1876 , -700 -2343 1829 -233 -1233 -960 , 2753 497 -497 0 1870 1373 , 2312 2216 2671 1889 2456 166 , 1396 999 -1270 1801 -837 1944 , -405 1270 -999 -1801 3214 -1836 , -467 -1829 2343 233 -2789 1110 , 574 343 -343 0 -2906 -3249 , 2.8216198031416381e-06 , 6
2.8155058135891724 , 423 -2671 -2216 -1889 -2505 240 , 3234 -840 840 0 1036 1876 , 700 2343 -1829 233 1233 960 , 2753 497 -497 0 1870 1373 , 2312 2216 2671 1889 2456 166 , -1396 -999 1270 -1801 837 -1944 , 405 -1270 999 1801 -3214 1836 , 467 1829 -2343 -233 2789 -1110 , 574 343 -343 0 -2906 -3249 , 2.8216198031416381e-06 , 7
2.8155058135891724 , 423 -2671 -2216 -1889 -2505 240 , 2753 497 -497 0 1870 1373 , -999 -1396 1944 -1836 405 -1270 , 3234 -840 840 0 1036 1876 , 2312 2216 2671 1889 2456 166 , 2343 700 -960 1110 467 1829 , 1233 960 -700 -1110 2789 -233 , 837 -1944 1396 1836 -3214 1801 , 574 343 -343 0 -2906 -3249 , 2.8216198031416381e-06 , 8
2.8155058135891724 , 423 -2671 -2216 -1889 -2505 240 , 2753 497 -497 0 1870 1373 , 999 1396 -1944 1836 -405 1270 , 3234 -840 840 0 1036 1876 , 2312 2216 2671 1889 2456 166 , -2343 -700 960 -1110 -467 -1829 , -1233 -960 700 1110 -2789 233 , -837 1944 -1396 -1836 3214 -1801 , 574 343 -343 0 -2906 -3249 , 2.8216198031416381e-06 , 9
2.8155058135891724 , 423 -2671 -2216 -1889 -2505 240 , 2753 497 -497 0 1870 1373 , -1836 405 -1270 -837 1801 -3214 , 3234 -840 840 0 1036 1876 , 2312 2216 2671 1889 2456 166 , 1110 467 1829 -1233 -233 2789 , 2343 -1829 -467 1233 960 -700 , -999 1270 -405 837 -1944 1396 , 574 343 -343 0 -2906 -3249 , 2.8216198031549831e-06 , 10
2.8155058135891724 , 423 -2671 -2216 -1889 -2505 240 , 2753 497 -497 0 1870 1373 , 1836 -405 1270 837 -1801 3214 , 3234 -840 840 0 1036 1876 , 2312 2216 2671 1889 2456 166 , -1110 -467 -1829 1233 233 -2789 , -2343 1829 467 -1233 -960 700 , 999 -1270 405 -837 1944 -1396 , 574 343 -343 0 -2906 -3249 , 2.8216198031549831e-06 , 11
2.8155058135891724 , 423 -2671 -2216 -1889 -2505 240 , 3234 -840 840 0 1036 1876 , -1829 -467 -1110 960 -700 -2343 , 2753 497 -497 0 1870 1373 , 2312 2216 2671 1889 2456 166 , 1270 -405 1836 -1944 1396 999 , 3214 -1836 405 1944 -837 1801 , -2789 1110 467 -960 -1233 -233 , 574 343 -343 0 -2906 -3249 , 2.8216198031549835e-06 , 12
2.8155058135891724 , 423 -2671 -2216 -1889 -2505 240 , 3234 -840 840 0 1036 1876 , 1829 467 1110 -960 700 2343 , 2753 497 -497 0 1870 1373 , 2312 2216 2671 1889 2456 166 , -1270 405 -1836 1944 -1396 -999 , -3214 1836 -405 -1944 837 -1801 , 2789 -1110 -467 960 1233 233 , 574 343 -343 0 -2906 -3249 , 2.8216198031549835e-06 , 13
2.8155058135891724 , 423 -2671 -2216 -1889 -2505 240 , 2753 497 -497 0 1870 1373 , -1801 3214 -1836 -1396 1944 -837 , 3234 -840 840 0 1036 1876 , 2312 2216 2671 1889 2456 166 , 233 -2789 1110 700 -960 -1233 , -467 -1110 2789 -700 -2343 1829 , -405 1836 -3214 1396 999 -1270 , 574 343 -343 0 -2906 -3249 , 2.8216198031549835e-06 , 14
2.8155058135891724 , 423 -2671 -2216 -1889 -2505 240 , 2753 497 -497 0 1870 1373 , 1801 -3214 1836 1396 -1944 837 , 3234 -840 840 0 1036 1876 , 2312 2216 2671 1889 2456 166 , -233 2789 -1110 -700 960 1233 , 467 1110 -2789 700 2343 -1829 , 405 -1836 3214 -1396 -999 1270 , 574 343 -343 0 -2906 -3249 , 2.8216198031549835e-06 , 15
2.8155058135891724 , 423 -2671 -2216 -1889 -2505 240 , 2753 497 -497 0 1870 1373 , 837 -1801 3214 -999 -1396 1944 , 3234 -840 840 0 1036 1876 , 2312 2216 2671 1889 2456 166 , 1233 233 -2789 2343 700 -960 , -1110 2789 -233 -2343 1829 467 , 1836 -3214 1801 999 -1270 405 , 574 343 -343 0 -2906 -3249 , 2.8216198031683289e-06 , 16
2.8155058135891724 , 423 -2671 -2216 -1889 -2505 240 , 2753 497 -497 0 1870 1373 , -837 1801 -3214 999 1396 -1944 , 3234 -840 840 0 1036 1876 , 2312 2216 2671 1889 2456 166 , -1233 -233 2789 -2343 -700 960 , 1110 -2789 233 2343 -1829 -467 , -1836 3214 -1801 -999 1270 -405 , 574 343 -343 0 -2906 -3249 , 2.8216198031683289e-06 , 17
2.8155058135891724 , 423 -2671 -2216 -1889 -2505 240 , 3234 -840 840 0 1036 1876 , -2343 1829 467 -1233 -960 700 , 2753 497 -497 0 1870 1373 , 2312 2216 2671 1889 2456 166 , 999 -1270 405 -837 1944 -1396 , 1836 -405 1270 837 -1801 3214 , -1110 -467 -1829 1233 233 -2789 , 574 343 -343 0 -2906 -3249 , 2.8216198031816739e-06 , 18
2.8155058135891724 , 423 -2671 -2216 -1889 -2505 240 , 3234 -840 840 0 1036 1876 , -1110 2789 -233 -2343 1829 467 , 2753 497 -497 0 1870 1373 , 2312 2216 2671 1889 2456 166 , 1836 -3214 1801 999 -1270 405 , 837 -1801 3214 -999 -1396 1944 , 1233 233 -2789 2343 700 -960 , 574 343 -343 0 -2906 -3249 , 2.8216198031816739e-06 , 19
2.8155058135891724 , 423 -2671 -2216 -1889 -2505 240 , 3234 -840 840 0 1036 1876 , -1233 -960 700 1110 -2789 233 , 2753 497 -497 0 1870 1373 , 2312 2216 2671 1889 2456 166 , -837 1944 -1396 -1836 3214 -1801 , 999 1396 -1944 1836 -405 1270 , -2343 -700 960 -1110 -467 -1829 , 574 343 -343 0 -2906 -3249 , 2.8216198031816739e-06 , 20
2.8155058135891724 , 423 -2671 -2216 -1889 -2505 240 , 3234 -840 840 0 1036 1876 , 1233 960 -700 -1110 2789 -233 , 2753 497 -497 0 1870 1373 , 2312 2216 2671 1889 2456 166 , 837 -1944 1396 1836 -3214 1801 , -999 -1396 1944 -1836 405 -1270 , 2343 700 -960 1110 467 1829 , 574 343 -343 0 -2906 -3249 , 2.8216198031816739e-06 , 21
2.8155058135891724 , 423 -2671 -2216 -1889 -2505 240 , 3234 -840 840 0 1036 1876 , 1110 -2789 233 2343 -1829 -467 , 2753 497 -497 0 1870 1373 , 2312 2216 2671 1889 2456 166 , -1836 3214 -1801 -999 1270 -405 , -837 1801 -3214 999 1396 -1944 , -1233 -233 2789 -2343 -700 960 , 574 343 -343 0 -2906 -3249 , 2.8216198031816739e-06 , 22
2.8155058135891724 , 423 -2671 -2216 -1889 -2505 240 , 3234 -840 840 0 1036 1876 , 2343 -1829 -467 1233 960 -700 , 2753 497 -497 0 1870 1373 , 2312 2216 2671 1889 2456 166 , -999 1270 -405 837 -1944 1396 , -1836 405 -1270 -837 1801 -3214 , 1110 467 1829 -1233 -233 2789 , 574 343 -343 0 -2906 -3249 , 2.8216198031816739e-06 , 23
2.8155058135891724 , 423 -2671 -2216 -1889 -2505 240 , 2753 497 -497 0 1870 1373 , -3214 1836 -405 -1944 837 -1801 , 3234 -840 840 0 1036 1876 , 2312 2216 2671 1889 2456 166 , 2789 -1110 -467 960 1233 233 , 1829 467 1110 -960 700 2343 , -1270 405 -1836 1944 -1396 -999 , 574 343 -343 0 -2906 -3249 , 2.8216198031816739e-06 , 24
2.8155058135891724 , 423 -2671 -2216 -1889 -2505 240 , 2753 497 -497 0 1870 1373 , -1396 1944 -837 405 -1270 999 , 3234 -840 840 0 1036 1876 , 2312 2216 2671 1889 2456 166 , 700 -960 -1233 467 1829 -2343 , 233 1233 960 -467 -1110 2789 , -1801 837 -1944 -405 1836 -3214 , 574 343 -343 0 -2906 -3249 , 2.8216198031816739e-06 , 25
2.8155058135891724 , 423 -2671 -2216 -1889 -2505 240 , 2753 497 -497 0 1870 1373 , 1396 -1944 837 -405 1270 -999 , 3234 -840 840 0 1036 1876 , 2312 2216 2671 1889 2456 166 , -700 960 1233 -467 -1829 2343 , -233 -1233 -960 467 1110 -2789 , 1801 -837 1944 405 -1836 3214 , 574 343 -343 0 -2906 -3249 , 2.8216198031816739e-06 , 26
2.8155058135891724 , 423 -2671 -2216 -1889 -2505 240 , 2753 497 -497 0 1870 1373 , 3214 -1836 405 1944 -837 1801 , 3234 -840 840 0 1036 1876 , 2312 2216 2671 1889 2456 166 , -2789 1110 467 -960 -1233 -233 , -1829 -467 -1110 960 -700 -2343 , 1270 -405 1836 -1944 1396 999 , 574 343 -343 0 -2906 -3249 , 2.8216198031816739e-06 , 27
2.8155058135891724 , 423 -2671 -2216 -1889 -2505 240 , 3234 -840 840 0 1036 1876 , 2789 -233 -1233 1829 467 1110 , 2753 497 -497 0 1870 1373 , 2312 2216 2671 1889 2456 166 , -3214 1801 -837 -1270 405 -1836 , -1944 837 -1801 1270 -999 -1396 , 960 1233 233 -1829 2343 700 , 574 343 -343 0 -2906 -3249 , 2.8216198032083639e-06 , 28
2.8155058135891724 , 423 -2671 -2216 -1889 -2505 240 , 3234 -840 840 0 1036 1876 , -2789 233 1233 -1829 -467 -1110 , 2753 497 -497 0 1870 1373 , 2312 2216 2671 1889 2456 166 , 3214 -1801 837 1270 -405 1836 , 1944 -837 1801 -1270 999 1396 , -960 -1233 -233 1829 -2343 -700 , 574 343 -343 0 -2906 -3249 , 2.8216198032083639e-06 , 29
2.8155058135891724 , 423 -2671 -2216 -1889 -2505 240 , 3234 -840 840 0 1036 1876 , -467 -1110 2789 -700 -2343 1829 , 2753 497 -497 0 1870 1373 , 2312 2216 2671 1889 2456 166 , -405 1836 -3214 1396 999 -1270 , -1801 3214 -1836 -1396 1944 -837 , 233 -2789 1110 700 -960 -1233 , 574 343 -343 0 -2906 -3249 , 2.8216198032083643e-06 , 30
2.8155058135891724 , 423 -2671 -2216 -1889 -2505 240 , 3234 -840 840 0 1036 1876 , 467 1110 -2789 700 2343 -1829 , 2753 497 -497 0 1870 1373 , 2312 2216 2671 1889 2456 166 , 405 -1836 3214 -1396 -999 1270 , 1801 -3214 1836 1396 -1944 837 , -233 2789 -1110 -700 960 1233 , 574 343 -343 0 -2906 -3249 , 2.8216198032083643e-06 , 31
2.8155058135891724 , 423 -2671 -2216 -1889 -2505 240 , 3234 -840 840 0 1036 1876 , -233 -1233 -960 467 1110 -2789 , 2753 497 -497 0 1870 1373 , 2312 2216 2671 1889 2456 166 , 1801 -837 1944 405 -1836 3214 , 1396 -1944 837 -405 1270 -999 , -700 960 1233 -467 -1829 2343 , 574 343 -343 0 -2906 -3249 , 2.8216198032350552e-06 , 32
2.8155058135891724 , 423 -2671 -2216 -1889 -2505 240 , 3234 -840 840 0 1036 1876 , 233 1233 960 -467 -1110 2789 , 2753 497 -497 0 1870 1373 , 2312 2216 2671 1889 2456 166 , -1801 837 -1944 -405 1836 -3214 , -1396 1944 -837 405 -1270 999 , 700 -960 -1233 467 1829 -2343 , 574 343 -343 0 -2906 -3249 , 2.8216198032350552e-06 , 33
2.8155058135891724 , 423 -2671 -2216 -1889 -2505 240 , 2753 497 -497 0 1870 1373 , -1944 837 -1801 1270 -999 -1396 , 3234 -840 840 0 1036 1876 , 2312 2216 2671 1889 2456 166 , 960 1233 233 -1829 2343 700 , 2789 -233 -1233 1829 467 1110 , -3214 1801 -837 -1270 405 -1836 , 574 343 -343 0 -2906 -3249 , 2.8216198032617452e-06 , 34
2.8155058135891724 , 423 -2671 -2216 -1889 -2505 240 , 2753 497 -497 0 1870 1373 , 1944 -837 1801 -1270 999 1396 , 3234 -840 840 0 1036 1876 , 2312 2216 2671 1889 2456 166 , -960 -1233 -233 1829 -2343 -700 , -2789 233 1233 -1829 -467 -1110 , 3214 -1801 837 1270 -405 1836 , 574 343 -343 0 -2906 -3249 , 2.8216198032617452e-06 , 35
2.91992003270306 , -1924 -1753 -3272 -2040 -2476 -1292 , 2384 -46 46 0 1231 1277 , -2265 -914 2606 -2599 -248 -1043 , 3603 -297 297 0 1675 1972 , 116 3272 1753 2040 1980 -723 , -641 -721 1931 -1654 -25 -8 , 1013 -1931 721 1654 -1939 696 , 334 -2606 914 2599 -3649 666 , 574 343 -343 0 -2906 -3249 , 2.7843991704151911e-06 , 0
2.91992003270306 , -1924 -1753 -3272 -2040 -2476 -1292 , 2384 -46 46 0 1231 1277 , 2265 914 -2606 2599 248 1043 , 3603 -297 297 0 1675 1972 , 116 3272 1753 2040 1980 -723 , 641 721 -1931 1654 25 8 , -1013 1931 -721 -1654 1939 -696 , -334 2606 -914 -2599 3649 -666 , 574 343 -343 0 -2906 -3249 , 2.7843991704151911e-06 , 1
2.91992003270306 , -1924 -1753 -3272 -2040 -2476 -1292 , 3603 -297 297 0 1675 1972 , -1931 721 641 -1939 696 -1013 , 2384 -46 46 0 1231 1277 , 116 3272 1753 2040 1980 -723 , -2606 914 2265 -3649 666 -334 , 1043 -2265 -914 3649 -2599 -248 , 8 -641 -721 1939 -1654 -25 , 574 343 -343 0 -2906 -3249 , 2.7843991704151911e-06 , 2
2.91992003270306 , -1924 -1753 -3272 -2040 -2476 -1292 , 3603 -297 297 0 1675 1972 , 721 641 -8 696 -1013 1931 , 2384 -46 46 0 1231 1277 , 116 3272 1753 2040 1980 -723 , 914 2265 -1043 666 -334 2606 , 248 1043 -2265 -666 3649 -2599 , 25 8 -641 -696 1939 -1654 , 574 343 -343 0 -2906 -3249 , 2.7843991704151911e-06 , 3
2.91992003270306 , -1924 -1753 -3272 -2040 -2476 -1292 , 3603 -297 297 0 1675 1972 , -721 -641 8 -696 1013 -1931 , 2384 -46 46 0 1231 1277 , 116 3272 1753 2040 1980 -723 , -914 -2265 1043 -666 334 -2606 , -248 -1043 2265 666 -3649 2599 , -25 -8 641 696 -1939 1654 , 574 343 -343 0 -2906 -3249 , 2.7843991704151911e-06 , 4
2.91992003270306 , -1924 -1753 -3272 -2040 -2476 -1292 , 3603 -297 297 0 1675 1972 , 1931 -721 -641 1939 -696 1013 , 2384 -46 46 0 1231 1277 , 116 3272 1753 2040 1980 -723 , 2606 -914 -2265 3649 -666 334 , -1043 2265 914 -3649 2599 248 , -8 641 721 -1939 1654 25 , 574 343 -343 0 -2906 -3249 , 2.7843991704151911e-06 , 5
2.91992003270306 , -1924 -1753 -3272 -2040 -2476 -1292 , 2384 -46 46 0 1231 1277 , -2599 -248 -1043 -334 666 -3649 , 3603 -297 297 0 1675 1972 , 116 3272 1753 2040 1980 -723 , -1654 -25 -8 -1013 696 -1939 , -641 8 25 1013 -1931 721 , -2265 1043 248 334 -2606 914 , 574 343 -343 0 -2906 -3249 , 2.7843991704234425e-06 , 6
2.91992003270306 , -1924 -1753 -3272 -2040 -2476 -1292 , 2384 -46 46 0 1231 1277 , 1043 -2265 -914 3649 -2599 -248 , 3603 -297 297 0 1675 1972 , 116 3272 1753 2040 1980 -723 , 8 -641 -721 1939 -1654 -25 , -1931 721 641 -1939 696 -1013 , -2606 914 2265 -3649 666 -334 , 574 343 -343 0 -2906 -3249 , 2.7843991704234425e-06 , 7
2.91992003270306 , -1924 -1753 -3272 -2040 -2476 -1292 , 2384 -46 46 0 1231 1277 , -1043 2265 914 -3649 2599 248 , 3603 -297 297 0 1675 1972 , 116 3272 1753 2040 1980 -723 , -8 641 721 -1939 1654 25 , 1931 -721 -641 1939 -696 1013 , 2606 -914 -2265 3649 -666 334 , 574 343 -343 0 -2906 -3249 , 2.7843991704234425e-06 , 8
2.91992003270306 , -1924 -1753 -3272 -2040 -2476 -1292 , 2384 -46 46 0 1231 1277 , 2599 248 1043 334 -666 3649 , 3603 -297 297 0 1675 1972 , 116 3272 1753 2040 1980 -723 , 1654 25 8 1013 -696 1939 , 641 -8 -25 -1013 1931 -721 , 2265 -1043 -248 -334 2606 -914 , 574 343 -343 0 -2906 -3249 , 2.7843991704234425e-06 , 9
2.91992003270306 , -1924 -1753 -3272 -2040 -2476 -1292 , 3603 -297 297 0 1675 1972 , 25 1654 -1939 721 641 -8 , 2384 -46 46 0 1231 1277 , 116 3272 1753 2040 1980 -723 , 248 2599 -3649 914 2265 -1043 , -666 3649 -2599 -914 2606 -334 , -696 1939 -1654 -721 1931 -1013 , 574 343 -343 0 -2906 -3249 , 2.784399170427568e-06 , 10
2.91992003270306 , -1924 -1753 -3272 -2040 -2476 -1292 , 3603 -297 297 0 1675 1972 , -25 -1654 1939 -721 -641 8 , 2384 -46 46 0 1231 1277 , 116 3272 1753 2040 1980 -723 , -248 -2599 3649 -914 -2265 1043 , 666 -3649 2599 914 -2606 334 , 696 -1939 1654 721 -1931 1013 , 574 343 -343 0 -2906 -3249 , 2.784399170427568e-06 , 11
2.91992003270306 , -1924 -1753 -3272 -2040 -2476 -1292 , 2384 -46 46 0 1231 1277 , -666 3649 -2599 -914 2606 -334 , 3603 -297 297 0 1675 1972 , 116 3272 1753 2040 1980 -723 , -696 1939 -1654 -721 1931 -1013 , 25 1654 -1939 721 641 -8 , 248 2599 -3649 914 2265 -1043 , 574 343 -343 0 -2906 -3249 , 2.7843991704316934e-06 , 12
2.91992003270306 , -1924 -1753 -3272 -2040 -2476 -1292 , 2384 -46 46 0 1231 1277 , 666 -3649 2599 914 -2606 334 , 3603 -297 297 0 1675 1972 , 116 3272 1753 2040 1980 -723 , 696 -1939 1654 721 -1931 1013 , -25 -1654 1939 -721 -641 8 , -248 -2599 3649 -914 -2265 1043 , 574 343 -343 0 -2906 -3249 , 2.7843991704316934e-06 , 13
2.91992003270306 , -1924 -1753 -3272 -2040 -2476 -1292 , 3603 -297 297 0 1675 1972 , -641 8 25 1013 -1931 721 , 2384 -46 46 0 1231 1277 , 116 3272 1753 2040 1980 -723 , -2265 1043 248 334 -2606 914 , -2599 -248 -1043 -334 666 -3649 , -1654 -25 -8 -1013 696 -1939 , 574 343 -343 0 -2906 -3249 , 2.7843991704358189e-06 , 14
2.91992003270306 , -1924 -1753 -3272 -2040 -2476 -1292 , 3603 -297 297 0 1675 1972 , 1654 -1939 696 641 -8 -25 , 2384 -46 46 0 1231 1277 , 116 3272 1753 2040 1980 -723 , 2599 -3649 666 2265 -1043 -248 , 334 -666 3649 -2265 -914 2606 , 1013 -696 1939 -641 -721 1931 , 574 343 -343 0 -2906 -3249 , 2.7843991704358189e-06 , 15
2.91992003270306 , -1924 -1753 -3272 -2040 -2476 -1292 , 3603 -297 297 0 1675 1972 , -1654 1939 -696 -641 8 25 , 2384 -46 46 0 1231 1277 , 116 3272 1753 2040 1980 -723 , -2599 3649 -666 -2265 1043 248 , -334 666 -3649 2265 914 -2606 , -1013 696 -1939 641 721 -1931 , 574 343 -343 0 -2906 -3249 , 2.7843991704358189e-06 , 16
2.91992003270306 , -1924 -1753 -3272 -2040 -2476 -1292 , 3603 -297 297 0 1675 1972 , 641 -8 -25 -1013 1931 -721 , 2384 -46 46 0 1231 1277 , 116 3272 1753 2040 1980 -723 , 2265 -1043 -248 -334 2606 -914 , 2599 248 1043 334 -666 3649 , 1654 25 8 1013 -696 1939 , 574 343 -343 0 -2906 -3249 , 2.7843991704358189e-06 , 17
2.91992003270306 , -1924 -1753 -3272 -2040 -2476 -1292 , 3603 -297 297 0 1675 1972 , 8 25 1654 -1931 721 641 , 2384 -46 46 0 1231 1277 , 116 3272 1753 2040 1980 -723 , 1043 248 2599 -2606 914 2265 , 3649 -2599 -248 2606 -334 666 , 1939 -1654 -25 1931 -1013 696 , 574 343 -343 0 -2906 -3249 , 2.7843991704399444e-06 , 18
2.91992003270306 , -1924 -1753 -3272 -2040 -2476 -1292 , 3603 -297 297 0 1675 1972 , -8 -25 -1654 1931 -721 -641 , 2384 -46 46 0 1231 1277 , 116 3272 1753 2040 1980 -723 , -1043 -248 -2599 2606 -914 -2265 , -3649 2599 248 -2606 334 -666 , -1939 1654 25 -1931 1013 -696 , 574 343 -343 0 -2906 -3249 , 2.7843991704399444e-06 , 19
2.91992003270306 , -1924 -1753 -3272 -2040 -2476 -1292 , 2384 -46 46 0 1231 1277 , -3649 2599 248 -2606 334 -666 , 3603 -297 297 0 1675 1972 , 116 3272 1753 2040 1980 -723 , -1939 1654 25 -1931 1013 -696 , -8 -25 -1654 1931 -721 -641 , -1043 -248 -2599 2606 -914 -2265 , 574 343 -343 0 -2906 -3249 , 2.7843991704399448e-06 , 20
2.91992003270306 , -1924 -1753 -3272 -2040 -2476 -1292 , 2384 -46 46 0 1231 1277 , 3649 -2599 -248 2606 -334 666 , 3603 -297 297 0 1675 1972 , 116 3272 1753 2040 1980 -723 , 1939 -1654 -25 1931 -1013 696 , 8 25 1654 -1931 721 641 , 1043 248 2599 -2606 914 2265 , 574 343 -343 0 -2906 -3249 , 2.7843991704399448e-06 , 21
2.91992003270306 , -1924 -1753 -3272 -2040 -2476 -1292 , 2384 -46 46 0 1231 1277 , -914 2606 -334 -248 -1043 2265 , 3603 -297 297 0 1675 1972 , 116 3272 1753 2040 1980 -723 , -721 1931 -1013 -25 -8 641 , -696 1013 -1931 25 1654 -1939 , -666 334 -2606 248 2599 -3649 , 574 343 -343 0 -2906 -3249 , 2.7843991704481953e-06 , 22
2.91992003270306 , -1924 -1753 -3272 -2040 -2476 -1292 , 2384 -46 46 0 1231 1277 , 914 -2606 334 248 1043 -2265 , 3603 -297 297 0 1675 1972 , 116 3272 1753 2040 1980 -723 , 721 -1931 1013 25 8 -641 , 696 -1013 1931 -25 -1654 1939 , 666 -334 2606 -248 -2599 3649 , 574 343 -343 0 -2906 -3249 , 2.7843991704481953e-06 , 23
2.91992003270306 , -1924 -1753 -3272 -2040 -2476 -1292 , 2384 -46 46 0 1231 1277 , -334 666 -3649 2265 914 -2606 , 3603 -297 297 0 1675 1972 , 116 3272 1753 2040 1980 -723 , -1013 696 -1939 641 721 -1931 , -1654 1939 -696 -641 8 25 , -2599 3649 -666 -2265 1043 248 , 574 343 -343 0 -2906 -3249 , 2.7843991704481958e-06 , 24
2.91992003270306 , -1924 -1753 -3272 -2040 -2476 -1292 , 2384 -46 46 0 1231 1277 , 334 -666 3649 -2265 -914 2606 , 3603 -297 297 0 1675 1972 , 116 3272 1753 2040 1980 -723 , 1013 -696 1939 -641 -721 1931 , 1654 -1939 696 641 -8 -25 , 2599 -3649 666 2265 -1043 -248 , 574 343 -343 0 -2906 -3249 , 2.7843991704481958e-06 , 25
2.91992003270306 , -1924 -1753 -3272 -2040 -2476 -1292 , 2384 -46 46 0 1231 1277 , -248 -1043 2265 666 -3649 2599 , 3603 -297 297 0 1675 1972 , 116 3272 1753 2040 1980 -723 , -25 -8 641 696 -1939 1654 , -721 -641 8 -696 1013 -1931 , -914 -2265 1043 -666 334 -2606 , 574 343 -343 0 -2906 -3249 , 2.7843991704523212e-06 , 26
2.91992003270306 , -1924 -1753 -3272 -2040 -2476 -1292 , 2384 -46 46 0 1231 1277 , 248 1043 -2265 -666 3649 -2599 , 3603 -297 297 0 1675 1972 , 116 3272 1753 2040 1980 -723 , 25 8 -641 -696 1939 -1654 , 721 641 -8 696 -1013 1931 , 914 2265 -1043 666 -334 2606 , 574 343 -343 0 -2906 -3249 , 2.7843991704523212e-06 , 27
2.91992003270306 , -1924 -1753 -3272 -2040 -2476 -1292 , 3603 -297 297 0 1675 1972 , -696 1013 -1931 25 1654 -1939 , 2384 -46 46 0 1231 1277 , 116 3272 1753 2040 1980 -723 , -666 334 -2606 248 2599 -3649 , -914 2606 -334 -248 -1043 2265 , -721 1931 -1013 -25 -8 641 , 574 343 -343 0 -2906 -3249 , 2.7843991704564467e-06 , 28
2.91992003270306 , -1924 -1753 -3272 -2040 -2476 -1292 , 3603 -297 297 0 1675 1972 , 1013 -1931 721 1654 -1939 696 , 2384 -46 46 0 1231 1277 , 116 3272 1753 2040 1980 -723 , 334 -2606 914 2599 -3649 666 , -2265 -914 2606 -2599 -248 -1043 , -641 -721 1931 -1654 -25 -8 , 574 343 -343 0 -2906 -3249 , 2.7843991704564467e-06 , 29
2.91992003270306 , -1924 -1753 -3272 -2040 -2476 -1292 , 3603 -297 297 0 1675 1972 , -1013 1931 -721 -1654 1939 -696 , 2384 -46 46 0 1231 1277 , 116 3272 1753 2040 1980 -723 , -334 2606 -914 -2599 3649 -666 , 2265 914 -2606 2599 248 1043 , 641 721 -1931 1654 25 8 , 574 343 -343 0 -2906 -3249 , 2.7843991704564467e-06 , 30
2.91992003270306 , -1924 -1753 -3272 -2040 -2476 -1292 , 3603 -297 297 0 1675 1972 , 696 -1013 1931 -25 -1654 1939 , 2384 -46 46 0 1231 1277 , 116 3272 1753 2040 1980 -723 , 666 -334 2606 -248 -2599 3649 , 914 -2606 334 248 1043 -2265 , 721 -1931 1013 25 8 -641 , 574 343 -343 0 -2906 -3249 , 2.7843991704564467e-06 , 31
2.91992003270306 , -1924 -1753 -3272 -2040 -2476 -1292 , 3603 -297 297 0 1675 1972 , -1939 696 -1013 -8 -25 -1654 , 2384 -46 46 0 1231 1277 , 116 3272 1753 2040 1980 -723 , -3649 666 -334 -1043 -248 -2599 , -2606 334 -666 1043 -2265 -914 , -1931 1013 -696 8 -641 -721 , 574 343 -343 0 -2906 -3249 , 2.7843991704564471e-06 , 32
2.91992003270306 , -1924 -1753 -3272 -2040 -2476 -1292 , 3603 -297 297 0 1675 1972 , 1939 -696 1013 8 25 1654 , 2384 -46 46 0 1231 1277 , 116 3272 1753 2040 1980 -723 , 3649 -666 334 1043 248 2599 , 2606 -334 666 -1043 2265 914 , 1931 -1013 696 -8 641 721 , 574 343 -343 0 -2906 -3249 , 2.7843991704564471e-06 , 33
2.91992003270306 , -1924 -1753 -3272 -2040 -2476 -1292 , 2384 -46 46 0 1231 1277 , -2606 334 -666 1043 -2265 -914 , 3603 -297 297 0 1675 1972 , 116 3272 1753 2040 1980 -723 , -1931 1013 -696 8 -641 -721 , -1939 696 -1013 -8 -25 -1654 , -3649 666 -334 -1043 -248 -2599 , 574 343 -343 0 -2906 -3249 , 2.7843991704646977e-06 , 34
2.91992003270306 , -1924 -1753 -3272 -2040 -2476 -1292 , 2384 -46 46 0 1231 1277 , 2606 -334 666 -1043 2265 914 , 3603 -297 297 0 1675 1972 , 116 3272 1753 2040 1980 -723 , 1931 -1013 696 -8 641 721 , 1939 -696 1013 8 25 1654 , 3649 -666 334 1043 248 2599 , 574 343 -343 0 -2906 -3249 , 2.7843991704646977e-06 , 35
3.029369724174432 , -790 -2938 -1323 -3298 -1794 -323 , 3516 64 -64 0 1923 1859 , -646 1376 -1968 922 163 -583 , 2471 -407 407 0 983 1390 , 2508 1323 2938 3298 1000 1144 , 2290 193 1869 -1085 260 3257 , 3375 -1869 -193 1085 1388 67 , -1568 1968 -1376 -922 1385 -1213 , 574 343 -343 0 -2906 -3249 , 2.919635109351083e-06 , 0
3.029369724174432 , -790 -2938 -1323 -3298 -1794 -323 , 3516 64 -64 0 1923 1859 , 646 -1376 1968 -922 -163 583 , 2471 -407 407 0 983 1390 , 2508 1323 2938 3298 1000 1144 , -2290 -193 -1869 1085 -260 -3257 , -3375 1869 193 -1085 -1388 -67 , 1568 -1968 1376 922 -1385 1213 , 574 343 -343 0 -2906 -3249 , 2.919635109351083e-06 , 1
3.029369724174432 , -790 -2938 -1323 -3298 -1794 -323 , 2471 -407 407 0 983 1390 , -1869 -193 -2290 1388 67 -3375 , 3516 64 -64 0 1923 1859 , 2508 1323 2938 3298 1000 1144 , 1968 -1376 646 1385 -1213 1568 , 583 -646 1376 -1385 922 163 , -3257 2290 193 -1388 -1085 260 , 574 343 -343 0 -2906 -3249 , 2.9196351094229076e-06 , 2
3.029369724174432 , -790 -2938 -1323 -3298 -1794 -323 , 2471 -407 407 0 983 1390 , 1085 1388 67 -2290 3257 260 , 3516 64 -64 0 1923 1859 , 2508 1323 2938 3298 1000 1144 , -922 1385 -1213 646 -583 163 , -1568 1213 -1385 -646 1376 -1968 , 3375 -67 -1388 2290 193 1869 , 574 343 -343 0 -2906 -3249 , 2.9196351094229076e-06 , 3
3.029369724174432 , -790 -2938 -1323 -3298 -1794 -323 , 2471 -407 407 0 983 1390 , 67 -3375 1869 260 -1085 -1388 , 3516 64 -64 0 1923 1859 , 2508 1323 2938 3298 1000 1144 , -1213 1568 -1968 163 922 -1385 , -1376 1968 -1568 -163 583 -646 , -193 -1869 3375 -260 -3257 2290 , 574 343 -343 0 -2906 -3249 , 2.9196351094229076e-06 , 4
3.029369724174432 , -790 -2938 -1323 -3298 -1794 -323 , 2471 -407 407 0 983 1390 , -67 3375 -1869 -260 1085 1388 , 3516 64 -64 0 1923 1859 , 2508 1323 2938 3298 1000 1144 , 1213 -1568 1968 -163 -922 1385 , 1376 -1968 1568 163 -583 646 , 193 1869 -3375 260 3257 -2290 , 574 343 -343 0 -2906 -3249 , 2.9196351094229076e-06 , 5
3.029369724174432 , -790 -2938 -1323 -3298 -1794 -323 , 2471 -407 407 0 983 1390 , -1085 -1388 -67 2290 -3257 -260 , 3516 64 -64 0 1923 1859 , 2508 1323 2938 3298 1000 1144 , 922 -1385 1213 -646 583 -163 , 1568 -1213 1385 646 -1376 1968 , -3375 67 1388 -2290 -193 -1869 , 574 343 -343 0 -2906 -3249 , 2.9196351094229076e-06 , 6
3.029369724174432 , -790 -2938 -1323 -3298 -1794 -323 , 2471 -407 407 0 983 1390 , 1869 193 2290 -1388 -67 3375 , 3516 64 -64 0 1923 1859 , 2508 1323 2938 3298 1000 1144 , -1968 1376 -646 -1385 1213 -1568 , -583 646 -1376 1385 -922 -163 , 3257 -2290 -193 1388 1085 -260 , 574 343 -343 0 -2906 -3249 , 2.9196351094229076e-06 , 7
3.029369724174432 , -790 -2938 -1323 -3298 -1794 -323 , 2471 -407 407 0 983 1390 , -2290 3257 260 -3375 1869 193 , 3516 64 -64 0 1923 1859 , 2508 1323 2938 3298 1000 1144 , 646 -583 163 1568 -1968 1376 , -922 -163 583 -1568 1213 -1385 , 1085 -260 -3257 3375 -67 -1388 , 574 343 -343 0 -2906 -3249 , 2.919635109446849e-06 , 8
3.029369724174432 , -790 -2938 -1323 -3298 -1794 -323 , 2471 -407 407 0 983 1390 , 2290 -3257 -260 3375 -1869 -193 , 3516 64 -64 0 1923 1859 , 2508 1323 2938 3298 1000 1144 , -646 583 -163 -1568 1968 -1376 , 922 163 -583 1568 -1213 1385 , -1085 260 3257 -3375 67 1388 , 574 343 -343 0 -2906 -3249 , 2.919635109446849e-06 , 9
3.029369724174432 , -790 -2938 -1323 -3298 -1794 -323 , 2471 -407 407 0 983 1390 , -3375 1869 193 -1085 -1388 -67 , 3516 64 -64 0 1923 1859 , 2508 1323 2938 3298 1000 1144 , 1568 -1968 1376 922 -1385 1213 , 646 -1376 1968 -922 -163 583 , -2290 -193 -1869 1085 -260 -3257 , 574 343 -343 0 -2906 -3249 , 2.9196351094707904e-06 , 10
3.029369724174432 , -790 -2938 -1323 -3298 -1794 -323 , 2471 -407 407 0 983 1390 , -3257 -260 1085 -1869 -193 -2290 , 3516 64 -64 0 1923 1859 , 2508 1323 2938 3298 1000 1144 , 583 -163 -922 1968 -1376 646 , -1385 922 163 -1968 1568 -1213 , -1388 -1085 260 1869 -3375 67 , 574 343 -343 0 -2906 -3249 , 2.9196351094707904e-06 , 11
3.029369724174432 , -790 -2938 -1323 -3298 -1794 -323 , 2471 -407 407 0 983 1390 , 3257 260 -1085 1869 193 2290 , 3516 64 -64 0 1923 1859 , 2508 1323 2938 3298 1000 1144 , -583 163 922 -1968 1376 -646 , 1385 -922 -163 1968 -1568 1213 , 1388 1085 -260 -1869 3375 -67 , 574 343 -343 0 -2906 -3249 , 2.9196351094707904e-06 , 12
3.029369724174432 , -790 -2938 -1323 -3298 -1794 -323 , 2471 -407 407 0 983 1390 , 3375 -1869 -193 1085 1388 67 , 3516 64 -64 0 1923 1859 , 2508 1323 2938 3298 1000 1144 , -1568 1968 -1376 -922 1385 -1213 , -646 1376 -1968 922 163 -583 , 2290 193 1869 -1085 260 3257 , 574 343 -343 0 -2906 -3249 , 2.9196351094707904e-06 , 13
3.029369724174432 , -790 -2938 -1323 -3298 -1794 -323 , 3516 64 -64 0 1923 1859 , 583 -646 1376 -1385 922 163 , 2471 -407 407 0 983 1390 , 2508 1323 2938 3298 1000 1144 , -3257 2290 193 -1388 -1085 260 , -1869 -193 -2290 1388 67 -3375 , 1968 -1376 646 1385 -1213 1568 , 574 343 -343 0 -2906 -3249 , 2.9196351094947318e-06 , 14
3.029369724174432 , -790 -2938 -1323 -3298 -1794 -323 , 3516 64 -64 0 1923 1859 , -583 646 -1376 1385 -922 -163 , 2471 -407 407 0 983 1390 , 2508 1323 2938 3298 1000 1144 , 3257 -2290 -193 1388 1085 -260 , 1869 193 2290 -1388 -67 3375 , -1968 1376 -646 -1385 1213 -1568 , 574 343 -343 0 -2906 -3249 , 2.9196351094947318e-06 , 15
3.029369724174432 , -790 -2938 -1323 -3298 -1794 -323 , 2471 -407 407 0 983 1390 , 1388 67 -3375 3257 260 -1085 , 3516 64 -64 0 1923 1859 , 2508 1323 2938 3298 1000 1144 , 1385 -1213 1568 -583 163 922 , 1968 -1568 1213 583 -646 1376 , -1869 3375 -67 -3257 2290 193 , 574 343 -343 0 -2906 -3249 , 2.9196351094947318e-06 , 16
3.029369724174432 , -790 -2938 -1323 -3298 -1794 -323 , 2471 -407 407 0 983 1390 , -1388 -67 3375 -3257 -260 1085 , 3516 64 -64 0 1923 1859 , 2508 1323 2938 3298 1000 1144 , -1385 1213 -1568 583 -163 -922 , -1968 1568 -1213 -583 646 -1376 , 1869 -3375 67 3257 -2290 -193 , 574 343 -343 0 -2906 -3249 , 2.9196351094947318e-06 , 17
3.029369724174432 , -790 -2938 -1323 -3298 -1794 -323 , 3516 64 -64 0 1923 1859 , -1385 922 163 -1968 1568 -1213 , 2471 -407 407 0 983 1390 , 2508 1323 2938 3298 1000 1144 , -1388 -1085 260 1869 -3375 67 , -3257 -260 1085 -1869 -193 -2290 , 583 -163 -922 1968 -1376 646 , 574 343 -343 0 -2906 -3249 , 2.9196351095186727e-06 , 18
3.029369724174432 , -790 -2938 -1323 -3298 -1794 -323 , 3516 64 -64 0 1923 1859 , 1385 -922 -163 1968 -1568 1213 , 2471 -407 407 0 983 1390 , 2508 1323 2938 3298 1000 1144 , 1388 1085 -260 -1869 3375 -67 , 3257 260 -1085 1869 193 2290 , -583 163 922 -1968 1376 -646 , 574 343 -343 0 -2906 -3249 , 2.9196351095186727e-06 , 19
3.029369724174432 , -790 -2938 -1323 -3298 -1794 -323 , 3516 64 -64 0 1923 1859 , -1968 1568 -1213 -583 646 -1376 , 2471 -407 407 0 983 1390 , 2508 1323 2938 3298 1000 1144 , 1869 -3375 67 3257 -2290 -193 , -1388 -67 3375 -3257 -260 1085 , -1385 1213 -1568 583 -163 -922 , 574 343 -343 0 -2906 -3249 , 2.9196351095186732e-06 , 20
3.029369724174432 , -790 -2938 -1323 -3298 -1794 -323 , 3516 64 -64 0 1923 1859 , 1968 -1568 1213 583 -646 1376 , 2471 -407 407 0 983 1390 , 2508 1323 2938 3298 1000 1144 , -1869 3375 -67 -3257 2290 193 , 1388 67 -3375 3257 260 -1085 , 1385 -1213 1568 -583 163 922 , 574 343 -343 0 -2906 -3249 , 2.9196351095186732e-06 , 21
3.029369724174432 , -790 -2938 -1323 -3298 -1794 -323 , 2471 -407 407 0 983 1390 , -193 -2290 3257 67 -3375 1869 , 3516 64 -64 0 1923 1859 , 2508 1323 2938 3298 1000 1144 , -1376 646 -583 -1213 1568 -1968 , -163 583 -646 1213 -1385 922 , -260 -3257 2290 -67 -1388 -1085 , 574 343 -343 0 -2906 -3249 , 2.9196351095426145e-06 , 22
3.029369724174432 , -790 -2938 -1323 -3298 -1794 -323 , 2471 -407 407 0 983 1390 , 193 2290 -3257 -67 3375 -1869 , 3516 64 -64 0 1923 1859 , 2508 1323 2938 3298 1000 1144 , 1376 -646 583 1213 -1568 1968 , 163 -583 646 -1213 1385 -922 , 260 3257 -2290 67 1388 1085 , 574 343 -343 0 -2906 -3249 , 2.9196351095426145e-06 , 23
3.029369724174432 , -790 -2938 -1323 -3298 -1794 -323 , 3516 64 -64 0 1923 1859 , -922 -163 583 -1568 1213 -1385 , 2471 -407 407 0 983 1390 , 2508 1323 2938 3298 1000 1144 , 1085 -260 -3257 3375 -67 -1388 , -2290 3257 260 -3375 1869 193 , 646 -583 163 1568 -1968 1376 , 574 343 -343 0 -2906 -3249 , 2.919635109542615e-06 , 24
3.029369724174432 , -790 -2938 -1323 -3298 -1794 -323 , 3516 64 -64 0 1923 1859 , 922 163 -583 1568 -1213 1385 , 2471 -407 407 0 983 1390 , 2508 1323 2938 3298 1000 1144 , -1085 260 3257 -3375 67 1388 , 2290 -3257 -260 3375 -1869 -193 , -646 583 -163 -1568 1968 -1376 , 574 343 -343 0 -2906 -3249 , 2.919635109542615e-06 , 25
3.029369724174432 , -790 -2938 -1323 -3298 -1794 -323 , 3516 64 -64 0 1923 1859 , -163 583 -646 1213 -1385 922 , 2471 -407 407 0 983 1390 , 2508 1323 2938 3298 1000 1144 , -260 -3257 2290 -67 -1388 -1085 , -193 -2290 3257 67 -3375 1869 , -1376 646 -583 -1213 1568 -1968 , 574 343 -343 0 -2906 -3249 , 2.9196351095665559e-06 , 26
3.029369724174432 , -790 -2938 -1323 -3298 -1794 -323 , 3516 64 -64 0 1923 1859 , -1376 1968 -1568 -163 583 -646 , 2471 -407 407 0 983 1390 , 2508 1323 2938 3298 1000 1144 , -193 -1869 3375 -260 -3257 2290 , 67 -3375 1869 260 -1085 -1388 , -1213 1568 -1968 163 922 -1385 , 574 343 -343 0 -2906 -3249 , 2.9196351095665559e-06 , 27
3.029369724174432 , -790 -2938 -1323 -3298 -1794 -323 , 3516 64 -64 0 1923 1859 , 1376 -1968 1568 163 -583 646 , 2471 -407 407 0 983 1390 , 2508 1323 2938 3298 1000 1144 , 193 1869 -3375 260 3257 -2290 , -67 3375 -1869 -260 1085 1388 , 1213 -1568 1968 -163 -922 1385 , 574 343 -343 0 -2906 -3249 , 2.9196351095665559e-06 , 28
3.029369724174432 , -790 -2938 -1323 -3298 -1794 -323 , 3516 64 -64 0 1923 1859 , 163 -583 646 -1213 1385 -922 , 2471 -407 407 0 983 1390 , 2508 1323 2938 3298 1000 1144 , 260 3257 -2290 67 1388 1085 , 193 2290 -3257 -67 3375 -1869 , 1376 -646 583 1213 -1568 1968 , 574 343 -343 0 -2906 -3249 , 2.9196351095665559e-06 , 29
3.029369724174432 , -790 -2938 -1323 -3298 -1794 -323 , 2471 -407 407 0 983 1390 , -260 1085 1388 -193 -2290 3257 , 3516 64 -64 0 1923 1859 , 2508 1323 2938 3298 1000 1144 , -163 -922 1385 -1376 646 -583 , 1213 -1385 922 1376 -1968 1568 , -67 -1388 -1085 193 1869 -3375 , 574 343 -343 0 -2906 -3249 , 2.9196351095904969e-06 , 30
3.029369724174432 , -790 -2938 -1323 -3298 -1794 -323 , 2471 -407 407 0 983 1390 , 260 -1085 -1388 193 2290 -3257 , 3516 64 -64 0 1923 1859 , 2508 1323 2938 3298 1000 1144 , 163 922 -1385 1376 -646 583 , -1213 1385 -922 -1376 1968 -1568 , 67 1388 1085 -193 -1869 3375 , 574 343 -343 0 -2906 -3249 , 2.9196351095904969e-06 , 31
3.029369724174432 , -790 -2938 -1323 -3298 -1794 -323 , 3516 64 -64 0 1923 1859 , -1568 1213 -1385 -646 1376 -1968 , 2471 -407 407 0 983 1390 , 2508 1323 2938 3298 1000 1144 , 3375 -67 -1388 2290 193 1869 , 1085 1388 67 -2290 3257 260 , -922 1385 -1213 646 -583 163 , 574 343 -343 0 -2906 -3249 , 2.9196351096144387e-06 , 32
3.029369724174432 , -790 -2938 -1323 -3298 -1794 -323 , 3516 64 -64 0 1923 1859 , 1568 -1213 1385 646 -1376 1968 , 2471 -407 407 0 983 1390 , 2508 1323 2938 3298 1000 1144 , -3375 67 1388 -2290 -193 -1869 , -1085 -1388 -67 2290 -3257 -260 , 922 -1385 1213 -646 583 -163 , 574 343 -343 0 -2906 -3249 , 2.9196351096144387e-06 , 33
3.029369724174432 , -790 -2938 -1323 -3298 -1794 -323 , 3516 64 -64 0 1923 1859 , 1213 -1385 922 1376 -1968 1568 , 2471 -407 407 0 983 1390 , 2508 1323 2938 3298 1000 1144 , -67 -1388 -1085 193 1869 -3375 , -260 1085 1388 -193 -2290 3257 , -163 -922 1385 -1376 646 -583 , 574 343 -343 0 -2906 -3249 , 2.9196351096383797e-06 , 34
3.029369724174432 , -790 -2938 -1323 -3298 -1794 -323 , 3516 64 -64 0 1923 1859 , -1213 1385 -922 -1376 1968 -1568 , 2471 -407 407 0 983 1390 , 2508 1323 2938 3298 1000 1144 , 67 1388 1085 -193 -1869 3375 , 260 -1085 -1388 193 2290 -3257 , 163 922 -1385 1376 -646 583 , 574 343 -343 0 -2906 -3249 , 2.9196351096383797e-06 , 35
3.1415705306527872 , -1264 -2672 -2492 -3052 -809 -1551 , 2980 -370 370 0 1284 1654 , -2901 101 281 -1291 2 -2268 , 3007 27 -27 0 1622 1595 , 1788 2492 2672 3052 941 1863 , -856 2178 -731 78 -749 1437 , -934 731 -2178 -78 2168 -2927 , -1610 -281 -101 1291 -2549 -99 , 574 343 -343 0 -2906 -3249 , 2.8832399890272985e-06 , 0
3.1415705306527872 , -1264 -2672 -2492 -3052 -809 -1551 , 2980 -370 370 0 1284 1654 , 2901 -101 -281 1291 -2 2268 , 3007 27 -27 0 1622 1595 , 1788 2492 2672 3052 941 1863 , 856 -2178 731 -78 749 -1437 , 934 -731 2178 78 -2168 2927 , 1610 281 101 -1291 2549 99 , 574 343 -343 0 -2906 -3249 , 2.8832399890272985e-06 , 1
3.1415705306527872 , -1264 -2672 -2492 -3052 -809 -1551 , 2980 -370 370 0 1284 1654 , -1291 2 -2268 1610 -99 -2549 , 3007 27 -27 0 1622 1595 , 1788 2492 2672 3052 941 1863 , 78 -749 1437 934 -2927 2168 , -856 -1437 749 -934 731 -2178 , -2901 2268 -2 -1610 -281 -101 , 574 343 -343 0 -2906 -3249 , 2.8832399890480635e-06 , 2
3.1415705306527872 , -1264 -2672 -2492 -3052 -809 -1551 , 2980 -370 370 0 1284 1654 , 1291 -2 2268 -1610 99 2549 , 3007 27 -27 0 1622 1595 , 1788 2492 2672 3052 941 1863 , -78 749 -1437 -934 2927 -2168 , 856 1437 -749 934 -731 2178 , 2901 -2268 2 1610 281 101 , 574 343 -343 0 -2906 -3249 , 2.8832399890480635e-06 , 3
3.1415705306527872 , -1264 -2672 -2492 -3052 -809 -1551 , 3007 27 -27 0 1622 1595 , 731 -2178 856 2168 -2927 934 , 2980 -370 370 0 1284 1654 , 1788 2492 2672 3052 941 1863 , -281 -101 2901 -2549 -99 1610 , 2268 -2901 101 2549 -1291 2 , -1437 -856 2178 -2168 78 -749 , 574 343 -343 0 -2906 -3249 , 2.8832399890895931e-06 , 4
3.1415705306527872 , -1264 -2672 -2492 -3052 -809 -1551 , 3007 27 -27 0 1622 1595 , -1437 749 -78 731 -2178 856 , 2980 -370 370 0 1284 1654 , 1788 2492 2672 3052 941 1863 , 2268 -2 1291 -281 -101 2901 , 2549 -1291 2 281 1610 -99 , -2168 78 -749 -731 934 -2927 , 574 343 -343 0 -2906 -3249 , 2.8832399890895931e-06 , 5
3.1415705306527872 , -1264 -2672 -2492 -3052 -809 -1551 , 3007 27 -27 0 1622 1595 , 749 -78 2168 -2178 856 1437 , 2980 -370 370 0 1284 1654 , 1788 2492 2672 3052 941 1863 , -2 1291 -2549 -101 2901 -2268 , 99 2549 -1291 101 281 1610 , 2927 -2168 78 2178 -731 934 , 574 343 -343 0 -2906 -3249 , 2.8832399890895931e-06 , 6
3.1415705306527872 , -1264 -2672 -2492 -3052 -809 -1551 , 3007 27 -27 0 1622 1595 , -749 78 -2168 2178 -856 -1437 , 2980 -370 370 0 1284 1654 , 1788 2492 2672 3052 941 1863 , 2 -1291 2549 101 -2901 2268 , -99 -2549 1291 -101 -281 -1610 , -2927 2168 -78 -2178 731 -934 , 574 343 -343 0 -2906 -3249 , 2.8832399890895931e-06 , 7
3.1415705306527872 , -1264 -2672 -2492 -3052 -809 -1551 , 3007 27 -27 0 1622 1595 , 1437 -749 78 -731 2178 -856 , 2980 -370 370 0 1284 1654 , 1788 2492 2672 3052 941 1863 , -2268 2 -1291 281 101 -2901 , -2549 1291 -2 -281 -1610 99 , 2168 -78 749 731 -934 2927 , 574 343 -343 0 -2906 -3249 , 2.8832399890895931e-06 , 8
3.1415705306527872 , -1264 -2672 -2492 -3052 -809 -1551 , 3007 27 -27 0 1622 1595 , -731 2178 -856 -2168 2927 -934 , 2980 -370 370 0 1284 1654 , 1788 2492 2672 3052 941 1863 , 281 101 -2901 2549 99 -1610 , -2268 2901 -101 -2549 1291 -2 , 1437 856 -2178 2168 -78 749 , 574 343 -343 0 -2906 -3249 , 2.8832399890895931e-06 , 9
3.1415705306527872 , -1264 -2672 -2492 -3052 -809 -1551 , 2980 -370 370 0 1284 1654 , 99 2549 -1291 101 281 1610 , 3007 27 -27 0 1622 1595 , 1788 2492 2672 3052 941 1863 , 2927 -2168 78 2178 -731 934 , 749 -78 2168 -2178 856 1437 , -2 1291 -2549 -101 2901 -2268 , 574 343 -343 0 -2906 -3249 , 2.8832399890895935e-06 , 10
3.1415705306527872 , -1264 -2672 -2492 -3052 -809 -1551 , 2980 -370 370 0 1284 1654 , -99 -2549 1291 -101 -281 -1610 , 3007 27 -27 0 1622 1595 , 1788 2492 2672 3052 941 1863 , -2927 2168 -78 -2178 731 -934 , -749 78 -2168 2178 -856 -1437 , 2 -1291 2549 101 -2901 2268 , 574 343 -343 0 -2906 -3249 , 2.8832399890895935e-06 , 11
3.1415705306527872 , -1264 -2672 -2492 -3052 -809 -1551 , 3007 27 -27 0 1622 1595 , -934 731 -2178 -78 2168 -2927 , 2980 -370 370 0 1284 1654 , 1788 2492 2672 3052 941 1863 , -1610 -281 -101 1291 -2549 -99 , -2901 101 281 -1291 2 -2268 , -856 2178 -731 78 -749 1437 , 574 343 -343 0 -2906 -3249 , 2.8832399891103581e-06 , 12
3.1415705306527872 , -1264 -2672 -2492 -3052 -809 -1551 , 3007 27 -27 0 1622 1595 , 934 -731 2178 78 -2168 2927 , 2980 -370 370 0 1284 1654 , 1788 2492 2672 3052 941 1863 , 1610 281 101 -1291 2549 99 , 2901 -101 -281 1291 -2 2268 , 856 -2178 731 -78 749 -1437 , 574 343 -343 0 -2906 -3249 , 2.8832399891103581e-06 , 13
3.1415705306527872 , -1264 -2672 -2492 -3052 -809 -1551 , 2980 -370 370 0 1284 1654 , -2549 1291 -2 -281 -1610 99 , 3007 27 -27 0 1622 1595 , 1788 2492 2672 3052 941 1863 , 2168 -78 749 731 -934 2927 , 1437 -749 78 -731 2178 -856 , -2268 2 -1291 281 101 -2901 , 574 343 -343 0 -2906 -3249 , 2.8832399891103581e-06 , 14
3.1415705306527872 , -1264 -2672 -2492 -3052 -809 -1551 , 2980 -370 370 0 1284 1654 , 2549 -1291 2 281 1610 -99 , 3007 27 -27 0 1622 1595 , 1788 2492 2672 3052 941 1863 , -2168 78 -749 -731 934 -2927 , -1437 749 -78 731 -2178 856 , 2268 -2 1291 -281 -101 2901 , 574 343 -343 0 -2906 -3249 , 2.8832399891103581e-06 , 15
3.1415705306527872 , -1264 -2672 -2492 -3052 -809 -1551 , 2980 -370 370 0 1284 1654 , 101 281 1610 2 -2268 2901 , 3007 27 -27 0 1622 1595 , 1788 2492 2672 3052 941 1863 , 2178 -731 934 -749 1437 856 , 2927 -934 731 749 -78 2168 , 99 -1610 -281 -2 1291 -2549 , 574 343 -343 0 -2906 -3249 , 2.8832399891311231e-06 , 16
3.1415705306527872 , -1264 -2672 -2492 -3052 -809 -1551 , 2980 -370 370 0 1284 1654 , -101 -281 -1610 -2 2268 -2901 , 3007 27 -27 0 1622 1595 , 1788 2492 2672 3052 941 1863 , -2178 731 -934 749 -1437 -856 , -2927 934 -731 -749 78 -2168 , -99 1610 281 2 -1291 2549 , 574 343 -343 0 -2906 -3249 , 2.8832399891311231e-06 , 17
3.1415705306527872 , -1264 -2672 -2492 -3052 -809 -1551 , 3007 27 -27 0 1622 1595 , 856 1437 -749 934 -731 2178 , 2980 -370 370 0 1284 1654 , 1788 2492 2672 3052 941 1863 , 2901 -2268 2 1610 281 101 , 1291 -2 2268 -1610 99 2549 , -78 749 -1437 -934 2927 -2168 , 574 343 -343 0 -2906 -3249 , 2.8832399891726523e-06 , 18
3.1415705306527872 , -1264 -2672 -2492 -3052 -809 -1551 , 3007 27 -27 0 1622 1595 , -856 -1437 749 -934 731 -2178 , 2980 -370 370 0 1284 1654 , 1788 2492 2672 3052 941 1863 , -2901 2268 -2 -1610 -281 -101 , -1291 2 -2268 1610 -99 -2549 , 78 -749 1437 934 -2927 2168 , 574 343 -343 0 -2906 -3249 , 2.8832399891726523e-06 , 19
3.1415705306527872 , -1264 -2672 -2492 -3052 -809 -1551 , 2980 -370 370 0 1284 1654 , -281 -1610 99 2268 -2901 101 , 3007 27 -27 0 1622 1595 , 1788 2492 2672 3052 941 1863 , 731 -934 2927 -1437 -856 2178 , 2168 -2927 934 1437 -749 78 , -2549 -99 1610 -2268 2 -1291 , 574 343 -343 0 -2906 -3249 , 2.8832399891726523e-06 , 20
3.1415705306527872 , -1264 -2672 -2492 -3052 -809 -1551 , 2980 -370 370 0 1284 1654 , 2268 -2901 101 2549 -1291 2 , 3007 27 -27 0 1622 1595 , 1788 2492 2672 3052 941 1863 , -1437 -856 2178 -2168 78 -749 , 731 -2178 856 2168 -2927 934 , -281 -101 2901 -2549 -99 1610 , 574 343 -343 0 -2906 -3249 , 2.8832399891726523e-06 , 21
3.1415705306527872 , -1264 -2672 -2492 -3052 -809 -1551 , 2980 -370 370 0 1284 1654 , -2268 2901 -101 -2549 1291 -2 , 3007 27 -27 0 1622 1595 , 1788 2492 2672 3052 941 1863 , 1437 856 -2178 2168 -78 749 , -731 2178 -856 -2168 2927 -934 , 281 101 -2901 2549 99 -1610 , 574 343 -343 0 -2906 -3249 , 2.8832399891726523e-06 , 22
3.1415705306527872 , -1264 -2672 -2492 -3052 -809 -1551 , 2980 -370 370 0 1284 1654 , 281 1610 -99 -2268 2901 -101 , 3007 27 -27 0 1622 1595 , 1788 2492 2672 3052 941 1863 , -731 934 -2927 1437 856 -2178 , -2168 2927 -934 -1437 749 -78 , 2549 99 -1610 2268 -2 1291 , 574 343 -343 0 -2906 -3249 , 2.8832399891726523e-06 , 23
3.1415705306527872 , -1264 -2672 -2492 -3052 -809 -1551 , 3007 27 -27 0 1622 1595 , -78 2168 -2927 856 1437 -749 , 2980 -370 370 0 1284 1654 , 1788 2492 2672 3052 941 1863 , 1291 -2549 -99 2901 -2268 2 , -1610 99 2549 -2901 101 281 , -934 2927 -2168 -856 2178 -731 , 574 343 -343 0 -2906 -3249 , 2.8832399891726527e-06 , 24
3.1415705306527872 , -1264 -2672 -2492 -3052 -809 -1551 , 3007 27 -27 0 1622 1595 , 78 -2168 2927 -856 -1437 749 , 2980 -370 370 0 1284 1654 , 1788 2492 2672 3052 941 1863 , -1291 2549 99 -2901 2268 -2 , 1610 -99 -2549 2901 -101 -281 , 934 -2927 2168 856 -2178 731 , 574 343 -343 0 -2906 -3249 , 2.8832399891726527e-06 , 25
3.1415705306527872 , -1264 -2672 -2492 -3052 -809 -1551 , 3007 27 -27 0 1622 1595 , 2168 -2927 934 1437 -749 78 , 2980 -370 370 0 1284 1654 , 1788 2492 2672 3052 941 1863 , -2549 -99 1610 -2268 2 -1291 , -281 -1610 99 2268 -2901 101 , 731 -934 2927 -1437 -856 2178 , 574 343 -343 0 -2906 -3249 , 2.8832399891934177e-06 , 26
3.1415705306527872 , -1264 -2672 -2492 -3052 -809 -1551 , 3007 27 -27 0 1622 1595 , -2168 2927 -934 -1437 749 -78 , 2980 -370 370 0 1284 1654 , 1788 2492 2672 3052 941 1863 , 2549 99 -1610 2268 -2 1291 , 281 1610 -99 -2268 2901 -101 , -731 934 -2927 1437 856 -2178 , 574 343 -343 0 -2906 -3249 , 2.8832399891934177e-06 , 27
3.1415705306527872 , -1264 -2672 -2492 -3052 -809 -1551 , 3007 27 -27 0 1622 1595 , -2927 934 -731 -749 78 -2168 , 2980 -370 370 0 1284 1654 , 1788 2492 2672 3052 941 1863 , -99 1610 281 2 -1291 2549 , -101 -281 -1610 -2 2268 -2901 , -2178 731 -934 749 -1437 -856 , 574 343 -343 0 -2906 -3249 , 2.8832399892141819e-06 , 28
3.1415705306527872 , -1264 -2672 -2492 -3052 -809 -1551 , 3007 27 -27 0 1622 1595 , 2927 -934 731 749 -78 2168 , 2980 -370 370 0 1284 1654 , 1788 2492 2672 3052 941 1863 , 99 -1610 -281 -2 1291 -2549 , 101 281 1610 2 -2268 2901 , 2178 -731 934 -749 1437 856 , 574 343 -343 0 -2906 -3249 , 2.8832399892141819e-06 , 29
3.1415705306527872 , -1264 -2672 -2492 -3052 -809 -1551 , 3007 27 -27 0 1622 1595 , -2178 856 1437 -2927 934 -731 , 2980 -370 370 0 1284 1654 , 1788 2492 2672 3052 941 1863 , -101 2901 -2268 -99 1610 281 , -2 2268 -2901 99 2549 -1291 , 749 -1437 -856 2927 -2168 78 , 574 343 -343 0 -2906 -3249 , 2.8832399892141823e-06 , 30
3.1415705306527872 , -1264 -2672 -2492 -3052 -809 -1551 , 3007 27 -27 0 1622 1595 , 2178 -856 -1437 2927 -934 731 , 2980 -370 370 0 1284 1654 , 1788 2492 2672 3052 941 1863 , 101 -2901 2268 99 -1610 -281 , 2 -2268 2901 -99 -2549 1291 , -749 1437 856 -2927 2168 -78 , 574 343 -343 0 -2906 -3249 , 2.8832399892141823e-06 , 31
3.1415705306527872 , -1264 -2672 -2492 -3052 -809 -1551 , 2980 -370 370 0 1284 1654 , -2 2268 -2901 99 2549 -1291 , 3007 27 -27 0 1622 1595 , 1788 2492 2672 3052 941 1863 , 749 -1437 -856 2927 -2168 78 , -2178 856 1437 -2927 934 -731 , -101 2901 -2268 -99 1610 281 , 574 343 -343 0 -2906 -3249 , 2.8832399892349469e-06 , 32
3.1415705306527872 , -1264 -2672 -2492 -3052 -809 -1551 , 2980 -370 370 0 1284 1654 , 2 -2268 2901 -99 -2549 1291 , 3007 27 -27 0 1622 1595 , 1788 2492 2672 3052 941 1863 , -749 1437 856 -2927 2168 -78 , 2178 -856 -1437 2927 -934 731 , 101 -2901 2268 99 -1610 -281 , 574 343 -343 0 -2906 -3249 , 2.8832399892349469e-06 , 33
3.1415705306527872 , -1264 -2672 -2492 -3052 -809 -1551 , 2980 -370 370 0 1284 1654 , -1610 99 2549 -2901 101 281 , 3007 27 -27 0 1622 1595 , 1788 2492 2672 3052 941 1863 , -934 2927 -2168 -856 2178 -731 , -78 2168 -2927 856 1437 -749 , 1291 -2549 -99 2901 -2268 2 , 574 343 -343 0 -2906 -3249 , 2.8832399892557119e-06 , 34
3.1415705306527872 , -1264 -2672 -2492 -3052 -809 -1551 , 2980 -370 370 0 1284 1654 , 1610 -99 -2549 2901 -101 -281 , 3007 27 -27 0 1622 1595 , 1788 2492 2672 3052 941 1863 , 934 -2927 2168 856 -2178 731 , 78 -2168 2927 -856 -1437 749 , -1291 2549 99 -2901 2268 -2 , 574 343 -343 0 -2906 -3249 , 2.8832399892557119e-06 , 35
