#f=16
# columns: theta, 3^f*Mij (3x3 6-element-groups), frob, rank
4.9123503231244155e-05 , 13744189 11280542 692399 -8034229 -10219062 -7365185 , 21090666 -10584140 10584140 0 2593839 13177979 , -11576687 10350918 7766237 -12697799 -2676701 6986694 , 15656629 -3474430 3474430 0 5498337 8972767 , 21778418 -692399 -11280542 8034229 -8057584 -21499604 , 7753956 -23670646 12757307 12152502 -19085905 3932249 , -4398546 -12757307 23670646 -12152502 -8825058 4584741 , 1121112 -7766237 -10350918 12697799 -779543 -13027619 , 6299426 14058570 -14058570 0 -8092176 -22150746 , 2.4588193019097949e-11 , 0
4.9123503231244155e-05 , 13744189 11280542 692399 -8034229 -10219062 -7365185 , 21090666 -10584140 10584140 0 2593839 13177979 , 11576687 -10350918 -7766237 12697799 2676701 -6986694 , 15656629 -3474430 3474430 0 5498337 8972767 , 21778418 -692399 -11280542 8034229 -8057584 -21499604 , -7753956 23670646 -12757307 -12152502 19085905 -3932249 , 4398546 12757307 -23670646 12152502 8825058 -4584741 , -1121112 7766237 10350918 -12697799 779543 13027619 , 6299426 14058570 -14058570 0 -8092176 -22150746 , 2.4588193019097949e-11 , 1
4.9123503231244155e-05 , 13744189 11280542 692399 -8034229 -10219062 -7365185 , 15656629 -3474430 3474430 0 5498337 8972767 , -14828647 1803620 -13911464 8692116 -3424074 -18081631 , 21090666 -10584140 10584140 0 2593839 13177979 , 21778418 -692399 -11280542 8034229 -8057584 -21499604 , 14953549 -1828431 -8111385 6701214 9591089 -232970 , 8252335 8111385 1828431 -6701214 7878415 11419520 , -23520763 13911464 -1803620 -8692116 -4170167 -5227694 , 6299426 14058570 -14058570 0 -8092176 -22150746 , 2.4588193019315391e-11 , 2
4.9123503231244155e-05 , 13744189 11280542 692399 -8034229 -10219062 -7365185 , 15656629 -3474430 3474430 0 5498337 8972767 , 14828647 -1803620 13911464 -8692116 3424074 18081631 , 21090666 -10584140 10584140 0 2593839 13177979 , 21778418 -692399 -11280542 8034229 -8057584 -21499604 , -14953549 1828431 8111385 -6701214 -9591089 232970 , -8252335 -8111385 -1828431 6701214 -7878415 -11419520 , 23520763 -13911464 1803620 8692116 4170167 5227694 , 6299426 14058570 -14058570 0 -8092176 -22150746 , 2.4588193019315391e-11 , 3
4.9123503231244155e-05 , 13744189 11280542 692399 -8034229 -10219062 -7365185 , 21090666 -10584140 10584140 0 2593839 13177979 , -12697799 -2676701 6986694 -1121112 -13027619 -779543 , 15656629 -3474430 3474430 0 5498337 8972767 , 21778418 -692399 -11280542 8034229 -8057584 -21499604 , 12152502 -19085905 3932249 4398546 4584741 -8825058 , 7753956 -3932249 19085905 -4398546 -12757307 23670646 , -11576687 -6986694 2676701 1121112 -7766237 -10350918 , 6299426 14058570 -14058570 0 -8092176 -22150746 , 2.4588193019332241e-11 , 4
4.9123503231244155e-05 , 13744189 11280542 692399 -8034229 -10219062 -7365185 , 21090666 -10584140 10584140 0 2593839 13177979 , 12697799 2676701 -6986694 1121112 13027619 779543 , 15656629 -3474430 3474430 0 5498337 8972767 , 21778418 -692399 -11280542 8034229 -8057584 -21499604 , -12152502 19085905 -3932249 -4398546 -4584741 8825058 , -7753956 3932249 -19085905 4398546 12757307 -23670646 , 11576687 6986694 -2676701 -1121112 7766237 10350918 , 6299426 14058570 -14058570 0 -8092176 -22150746 , 2.4588193019332241e-11 , 5
4.9123503231244155e-05 , 13744189 11280542 692399 -8034229 -10219062 -7365185 , 15656629 -3474430 3474430 0 5498337 8972767 , -23520763 5227694 4170167 -14828647 1803620 -13911464 , 21090666 -10584140 10584140 0 2593839 13177979 , 21778418 -692399 -11280542 8034229 -8057584 -21499604 , 8252335 -11419520 -7878415 14953549 -1828431 -8111385 , -6701214 7878415 11419520 -14953549 -232970 9591089 , -8692116 -4170167 -5227694 14828647 -18081631 -3424074 , 6299426 14058570 -14058570 0 -8092176 -22150746 , 2.4588193019532138e-11 , 6
4.9123503231244155e-05 , 13744189 11280542 692399 -8034229 -10219062 -7365185 , 15656629 -3474430 3474430 0 5498337 8972767 , 23520763 -5227694 -4170167 14828647 -1803620 13911464 , 21090666 -10584140 10584140 0 2593839 13177979 , 21778418 -692399 -11280542 8034229 -8057584 -21499604 , -8252335 11419520 7878415 -14953549 1828431 8111385 , 6701214 -7878415 -11419520 14953549 232970 -9591089 , 8692116 4170167 5227694 -14828647 18081631 3424074 , 6299426 14058570 -14058570 0 -8092176 -22150746 , 2.4588193019532138e-11 , 7
4.9123503231244155e-05 , 13744189 11280542 692399 -8034229 -10219062 -7365185 , 15656629 -3474430 3474430 0 5498337 8972767 , -13911464 23520763 -5227694 -18081631 14828647 -1803620 , 21090666 -10584140 10584140 0 2593839 13177979 , 21778418 -692399 -11280542 8034229 -8057584 -21499604 , -8111385 -8252335 11419520 -232970 -14953549 1828431 , -7878415 -11419520 8252335 232970 -9591089 -6701214 , 4170167 5227694 -23520763 18081631 3424074 -8692116 , 6299426 14058570 -14058570 0 -8092176 -22150746 , 2.4588193021962618e-11 , 8
4.9123503231244155e-05 , 13744189 11280542 692399 -8034229 -10219062 -7365185 , 15656629 -3474430 3474430 0 5498337 8972767 , 13911464 -23520763 5227694 18081631 -14828647 1803620 , 21090666 -10584140 10584140 0 2593839 13177979 , 21778418 -692399 -11280542 8034229 -8057584 -21499604 , 8111385 8252335 -11419520 232970 14953549 -1828431 , 7878415 11419520 -8252335 -232970 9591089 6701214 , -4170167 -5227694 23520763 -18081631 -3424074 8692116 , 6299426 14058570 -14058570 0 -8092176 -22150746 , 2.4588193021962618e-11 , 9
4.9123503231244155e-05 , 13744189 11280542 692399 -8034229 -10219062 -7365185 , 21090666 -10584140 10584140 0 2593839 13177979 , -13027619 -779543 12697799 -10350918 -7766237 1121112 , 15656629 -3474430 3474430 0 5498337 8972767 , 21778418 -692399 -11280542 8034229 -8057584 -21499604 , 4584741 -8825058 -12152502 23670646 -12757307 -4398546 , -19085905 12152502 8825058 -23670646 7753956 -3932249 , -2676701 -12697799 779543 10350918 -11576687 -6986694 , 6299426 14058570 -14058570 0 -8092176 -22150746 , 2.4588193022224556e-11 , 10
4.9123503231244155e-05 , 13744189 11280542 692399 -8034229 -10219062 -7365185 , 21090666 -10584140 10584140 0 2593839 13177979 , 13027619 779543 -12697799 10350918 7766237 -1121112 , 15656629 -3474430 3474430 0 5498337 8972767 , 21778418 -692399 -11280542 8034229 -8057584 -21499604 , -4584741 8825058 12152502 -23670646 12757307 4398546 , 19085905 -12152502 -8825058 23670646 -7753956 3932249 , 2676701 12697799 -779543 -10350918 11576687 6986694 , 6299426 14058570 -14058570 0 -8092176 -22150746 , 2.4588193022224556e-11 , 11
4.9123503231244155e-05 , 13744189 11280542 692399 -8034229 -10219062 -7365185 , 21090666 -10584140 10584140 0 2593839 13177979 , 10350918 7766237 -1121112 -2676701 6986694 11576687 , 15656629 -3474430 3474430 0 5498337 8972767 , 21778418 -692399 -11280542 8034229 -8057584 -21499604 , -23670646 12757307 4398546 -19085905 3932249 -7753956 , -4584741 -4398546 -12757307 19085905 -12152502 -8825058 , 13027619 1121112 -7766237 2676701 12697799 -779543 , 6299426 14058570 -14058570 0 -8092176 -22150746 , 2.458819302387873e-11 , 12
4.9123503231244155e-05 , 13744189 11280542 692399 -8034229 -10219062 -7365185 , 21090666 -10584140 10584140 0 2593839 13177979 , -10350918 -7766237 1121112 2676701 -6986694 -11576687 , 15656629 -3474430 3474430 0 5498337 8972767 , 21778418 -692399 -11280542 8034229 -8057584 -21499604 , 23670646 -12757307 -4398546 19085905 -3932249 7753956 , 4584741 4398546 12757307 -19085905 12152502 8825058 , -13027619 -1121112 7766237 -2676701 -12697799 779543 , 6299426 14058570 -14058570 0 -8092176 -22150746 , 2.458819302387873e-11 , 13
4.9123503231244155e-05 , 13744189 11280542 692399 -8034229 -10219062 -7365185 , 21090666 -10584140 10584140 0 2593839 13177979 , -1121112 -13027619 -779543 11576687 -10350918 -7766237 , 15656629 -3474430 3474430 0 5498337 8972767 , 21778418 -692399 -11280542 8034229 -8057584 -21499604 , 4398546 4584741 -8825058 -7753956 23670646 -12757307 , 12152502 8825058 -4584741 7753956 -3932249 19085905 , -12697799 779543 13027619 -11576687 -6986694 2676701 , 6299426 14058570 -14058570 0 -8092176 -22150746 , 2.4588193025061265e-11 , 14
4.9123503231244155e-05 , 13744189 11280542 692399 -8034229 -10219062 -7365185 , 21090666 -10584140 10584140 0 2593839 13177979 , 1121112 13027619 779543 -11576687 10350918 7766237 , 15656629 -3474430 3474430 0 5498337 8972767 , 21778418 -692399 -11280542 8034229 -8057584 -21499604 , -4398546 -4584741 8825058 7753956 -23670646 12757307 , -12152502 -8825058 4584741 -7753956 3932249 -19085905 , 12697799 -779543 -13027619 11576687 6986694 -2676701 , 6299426 14058570 -14058570 0 -8092176 -22150746 , 2.4588193025061265e-11 , 15
4.9123503231244155e-05 , 13744189 11280542 692399 -8034229 -10219062 -7365185 , 21090666 -10584140 10584140 0 2593839 13177979 , 7766237 -1121112 -13027619 6986694 11576687 -10350918 , 15656629 -3474430 3474430 0 5498337 8972767 , 21778418 -692399 -11280542 8034229 -8057584 -21499604 , 12757307 4398546 4584741 3932249 -7753956 23670646 , 8825058 -4584741 -4398546 -3932249 19085905 -12152502 , 779543 13027619 1121112 -6986694 2676701 12697799 , 6299426 14058570 -14058570 0 -8092176 -22150746 , 2.4588193025615816e-11 , 16
4.9123503231244155e-05 , 13744189 11280542 692399 -8034229 -10219062 -7365185 , 21090666 -10584140 10584140 0 2593839 13177979 , -7766237 1121112 13027619 -6986694 -11576687 10350918 , 15656629 -3474430 3474430 0 5498337 8972767 , 21778418 -692399 -11280542 8034229 -8057584 -21499604 , -12757307 -4398546 -4584741 -3932249 7753956 -23670646 , -8825058 4584741 4398546 3932249 -19085905 12152502 , -779543 -13027619 -1121112 6986694 -2676701 -12697799 , 6299426 14058570 -14058570 0 -8092176 -22150746 , 2.4588193025615816e-11 , 17
4.9123503231244155e-05 , 13744189 11280542 692399 -8034229 -10219062 -7365185 , 15656629 -3474430 3474430 0 5498337 8972767 , 3424074 18081631 -14828647 5227694 4170167 8692116 , 21090666 -10584140 10584140 0 2593839 13177979 , 21778418 -692399 -11280542 8034229 -8057584 -21499604 , -9591089 232970 14953549 -11419520 -7878415 6701214 , 1828431 -14953549 -232970 11419520 -8252335 -8111385 , -1803620 14828647 -18081631 -5227694 23520763 -13911464 , 6299426 14058570 -14058570 0 -8092176 -22150746 , 2.4588193025619851e-11 , 18
4.9123503231244155e-05 , 13744189 11280542 692399 -8034229 -10219062 -7365185 , 15656629 -3474430 3474430 0 5498337 8972767 , -3424074 -18081631 14828647 -5227694 -4170167 -8692116 , 21090666 -10584140 10584140 0 2593839 13177979 , 21778418 -692399 -11280542 8034229 -8057584 -21499604 , 9591089 -232970 -14953549 11419520 7878415 -6701214 , -1828431 14953549 232970 -11419520 8252335 8111385 , 1803620 -14828647 18081631 5227694 -23520763 13911464 , 6299426 14058570 -14058570 0 -8092176 -22150746 , 2.4588193025619851e-11 , 19
4.9123503231244155e-05 , 13744189 11280542 692399 -8034229 -10219062 -7365185 , 21090666 -10584140 10584140 0 2593839 13177979 , 779543 -12697799 -2676701 7766237 -1121112 -13027619 , 15656629 -3474430 3474430 0 5498337 8972767 , 21778418 -692399 -11280542 8034229 -8057584 -21499604 , 8825058 12152502 -19085905 12757307 4398546 4584741 , -3932249 19085905 -12152502 -12757307 23670646 -7753956 , -6986694 2676701 12697799 -7766237 -10350918 11576687 , 6299426 14058570 -14058570 0 -8092176 -22150746 , 2.4588193026636162e-11 , 20
4.9123503231244155e-05 , 13744189 11280542 692399 -8034229 -10219062 -7365185 , 21090666 -10584140 10584140 0 2593839 13177979 , -779543 12697799 2676701 -7766237 1121112 13027619 , 15656629 -3474430 3474430 0 5498337 8972767 , 21778418 -692399 -11280542 8034229 -8057584 -21499604 , -8825058 -12152502 19085905 -12757307 -4398546 -4584741 , 3932249 -19085905 12152502 12757307 -23670646 7753956 , 6986694 -2676701 -12697799 7766237 10350918 -11576687 , 6299426 14058570 -14058570 0 -8092176 -22150746 , 2.4588193026636162e-11 , 21
4.9123503231244155e-05 , 13744189 11280542 692399 -8034229 -10219062 -7365185 , 15656629 -3474430 3474430 0 5498337 8972767 , -18081631 14828647 -1803620 -4170167 -8692116 3424074 , 21090666 -10584140 10584140 0 2593839 13177979 , 21778418 -692399 -11280542 8034229 -8057584 -21499604 , -232970 -14953549 1828431 7878415 -6701214 -9591089 , -8111385 -1828431 14953549 -7878415 -11419520 8252335 , -13911464 1803620 -14828647 4170167 5227694 -23520763 , 6299426 14058570 -14058570 0 -8092176 -22150746 , 2.4588193029716483e-11 , 22
4.9123503231244155e-05 , 13744189 11280542 692399 -8034229 -10219062 -7365185 , 15656629 -3474430 3474430 0 5498337 8972767 , 18081631 -14828647 1803620 4170167 8692116 -3424074 , 21090666 -10584140 10584140 0 2593839 13177979 , 21778418 -692399 -11280542 8034229 -8057584 -21499604 , 232970 14953549 -1828431 -7878415 6701214 9591089 , 8111385 1828431 -14953549 7878415 11419520 -8252335 , 13911464 -1803620 14828647 -4170167 -5227694 23520763 , 6299426 14058570 -14058570 0 -8092176 -22150746 , 2.4588193029716483e-11 , 23
4.9123503231244155e-05 , 13744189 11280542 692399 -8034229 -10219062 -7365185 , 15656629 -3474430 3474430 0 5498337 8972767 , 8692116 -3424074 -18081631 23520763 -5227694 -4170167 , 21090666 -10584140 10584140 0 2593839 13177979 , 21778418 -692399 -11280542 8034229 -8057584 -21499604 , 6701214 9591089 -232970 -8252335 11419520 7878415 , 14953549 232970 -9591089 8252335 8111385 1828431 , -14828647 18081631 3424074 -23520763 13911464 -1803620 , 6299426 14058570 -14058570 0 -8092176 -22150746 , 2.4588193030352669e-11 , 24
4.9123503231244155e-05 , 13744189 11280542 692399 -8034229 -10219062 -7365185 , 15656629 -3474430 3474430 0 5498337 8972767 , -8692116 3424074 18081631 -23520763 5227694 4170167 , 21090666 -10584140 10584140 0 2593839 13177979 , 21778418 -692399 -11280542 8034229 -8057584 -21499604 , -6701214 -9591089 232970 8252335 -11419520 -7878415 , -14953549 -232970 9591089 -8252335 -8111385 -1828431 , 14828647 -18081631 -3424074 23520763 -13911464 1803620 , 6299426 14058570 -14058570 0 -8092176 -22150746 , 2.4588193030352669e-11 , 25
4.9123503231244155e-05 , 13744189 11280542 692399 -8034229 -10219062 -7365185 , 21090666 -10584140 10584140 0 2593839 13177979 , -2676701 6986694 11576687 -13027619 -779543 12697799 , 15656629 -3474430 3474430 0 5498337 8972767 , 21778418 -692399 -11280542 8034229 -8057584 -21499604 , -19085905 3932249 -7753956 4584741 -8825058 -12152502 , -23670646 7753956 -3932249 -4584741 -4398546 -12757307 , 10350918 -11576687 -6986694 13027619 1121112 -7766237 , 6299426 14058570 -14058570 0 -8092176 -22150746 , 2.458819303036581e-11 , 26
4.9123503231244155e-05 , 13744189 11280542 692399 -8034229 -10219062 -7365185 , 21090666 -10584140 10584140 0 2593839 13177979 , 2676701 -6986694 -11576687 13027619 779543 -12697799 , 15656629 -3474430 3474430 0 5498337 8972767 , 21778418 -692399 -11280542 8034229 -8057584 -21499604 , 19085905 -3932249 7753956 -4584741 8825058 12152502 , 23670646 -7753956 3932249 4584741 4398546 12757307 , -10350918 11576687 6986694 -13027619 -1121112 7766237 , 6299426 14058570 -14058570 0 -8092176 -22150746 , 2.458819303036581e-11 , 27
4.9123503231244155e-05 , 13744189 11280542 692399 -8034229 -10219062 -7365185 , 15656629 -3474430 3474430 0 5498337 8972767 , -4170167 -8692116 3424074 13911464 -23520763 5227694 , 21090666 -10584140 10584140 0 2593839 13177979 , 21778418 -692399 -11280542 8034229 -8057584 -21499604 , 7878415 -6701214 -9591089 8111385 8252335 -11419520 , -232970 9591089 6701214 -8111385 -1828431 14953549 , -18081631 -3424074 8692116 -13911464 1803620 -14828647 , 6299426 14058570 -14058570 0 -8092176 -22150746 , 2.4588193030873104e-11 , 28
4.9123503231244155e-05 , 13744189 11280542 692399 -8034229 -10219062 -7365185 , 15656629 -3474430 3474430 0 5498337 8972767 , 4170167 8692116 -3424074 -13911464 23520763 -5227694 , 21090666 -10584140 10584140 0 2593839 13177979 , 21778418 -692399 -11280542 8034229 -8057584 -21499604 , -7878415 6701214 9591089 -8111385 -8252335 11419520 , 232970 -9591089 -6701214 8111385 1828431 -14953549 , 18081631 3424074 -8692116 13911464 -1803620 14828647 , 6299426 14058570 -14058570 0 -8092176 -22150746 , 2.4588193030873104e-11 , 29
4.9123503231244155e-05 , 13744189 11280542 692399 -8034229 -10219062 -7365185 , 15656629 -3474430 3474430 0 5498337 8972767 , 5227694 4170167 8692116 1803620 -13911464 23520763 , 21090666 -10584140 10584140 0 2593839 13177979 , 21778418 -692399 -11280542 8034229 -8057584 -21499604 , -11419520 -7878415 6701214 -1828431 -8111385 -8252335 , -9591089 -6701214 7878415 1828431 -14953549 -232970 , 3424074 -8692116 -4170167 -1803620 14828647 -18081631 , 6299426 14058570 -14058570 0 -8092176 -22150746 , 2.4588193032536606e-11 , 30
4.9123503231244155e-05 , 13744189 11280542 692399 -8034229 -10219062 -7365185 , 15656629 -3474430 3474430 0 5498337 8972767 , -5227694 -4170167 -8692116 -1803620 13911464 -23520763 , 21090666 -10584140 10584140 0 2593839 13177979 , 21778418 -692399 -11280542 8034229 -8057584 -21499604 , 11419520 7878415 -6701214 1828431 8111385 8252335 , 9591089 6701214 -7878415 -1828431 14953549 232970 , -3424074 8692116 4170167 1803620 -14828647 18081631 , 6299426 14058570 -14058570 0 -8092176 -22150746 , 2.4588193032536606e-11 , 31
4.9123503231244155e-05 , 13744189 11280542 692399 -8034229 -10219062 -7365185 , 21090666 -10584140 10584140 0 2593839 13177979 , -6986694 -11576687 10350918 779543 -12697799 -2676701 , 15656629 -3474430 3474430 0 5498337 8972767 , 21778418 -692399 -11280542 8034229 -8057584 -21499604 , -3932249 7753956 -23670646 8825058 12152502 -19085905 , -12757307 23670646 -7753956 -8825058 4584741 4398546 , -7766237 -10350918 11576687 -779543 -13027619 -1121112 , 6299426 14058570 -14058570 0 -8092176 -22150746 , 2.4588193042043878e-11 , 32
4.9123503231244155e-05 , 13744189 11280542 692399 -8034229 -10219062 -7365185 , 21090666 -10584140 10584140 0 2593839 13177979 , 6986694 11576687 -10350918 -779543 12697799 2676701 , 15656629 -3474430 3474430 0 5498337 8972767 , 21778418 -692399 -11280542 8034229 -8057584 -21499604 , 3932249 -7753956 23670646 -8825058 -12152502 19085905 , 12757307 -23670646 7753956 8825058 -4584741 -4398546 , 7766237 10350918 -11576687 779543 13027619 1121112 , 6299426 14058570 -14058570 0 -8092176 -22150746 , 2.4588193042043878e-11 , 33
4.9123503231244155e-05 , 13744189 11280542 692399 -8034229 -10219062 -7365185 , 15656629 -3474430 3474430 0 5498337 8972767 , 1803620 -13911464 23520763 -3424074 -18081631 14828647 , 21090666 -10584140 10584140 0 2593839 13177979 , 21778418 -692399 -11280542 8034229 -8057584 -21499604 , -1828431 -8111385 -8252335 9591089 -232970 -14953549 , -11419520 8252335 8111385 -9591089 -6701214 7878415 , 5227694 -23520763 13911464 3424074 -8692116 -4170167 , 6299426 14058570 -14058570 0 -8092176 -22150746 , 2.4588193047440294e-11 , 34
4.9123503231244155e-05 , 13744189 11280542 692399 -8034229 -10219062 -7365185 , 15656629 -3474430 3474430 0 5498337 8972767 , -1803620 13911464 -23520763 3424074 18081631 -14828647 , 21090666 -10584140 10584140 0 2593839 13177979 , 21778418 -692399 -11280542 8034229 -8057584 -21499604 , 1828431 8111385 8252335 -9591089 232970 14953549 , 11419520 -8252335 -8111385 9591089 6701214 -7878415 , -5227694 23520763 -13911464 -3424074 8692116 4170167 , 6299426 14058570 -14058570 0 -8092176 -22150746 , 2.4588193047440294e-11 , 35
0.10834471506045561 , 13358766 -9638424 459804 10438628 -30654335 -14198351 , -5604455 -12570769 12570769 0 -13229853 -659084 , -2364849 2625833 -4428398 10109234 -12177367 5604000 , 18423256 -1361171 1361171 0 8693173 10054344 , 2920138 -459804 9638424 -10438628 -14658155 -21015911 , -10977143 7902419 -3825749 -8742168 8502591 -9797471 , -2234975 3825749 -7902419 8742168 -5971722 600172 , -12474083 4428398 -2625833 -10109234 10032398 -14803200 , 30227920 13931940 -13931940 0 4536680 -9395260 , 4.9103951870968604e-11 , 0
0.10834471506045561 , 13358766 -9638424 459804 10438628 -30654335 -14198351 , -5604455 -12570769 12570769 0 -13229853 -659084 , 2364849 -2625833 4428398 -10109234 12177367 -5604000 , 18423256 -1361171 1361171 0 8693173 10054344 , 2920138 -459804 9638424 -10438628 -14658155 -21015911 , 10977143 -7902419 3825749 8742168 -8502591 9797471 , 2234975 -3825749 7902419 -8742168 5971722 -600172 , 12474083 -4428398 2625833 10109234 -10032398 14803200 , 30227920 13931940 -13931940 0 4536680 -9395260 , 4.9103951870968604e-11 , 1
0.10834471506045561 , 13358766 -9638424 459804 10438628 -30654335 -14198351 , -5604455 -12570769 12570769 0 -13229853 -659084 , -10032398 10109234 -12177367 -4428398 12474083 -14803200 , 18423256 -1361171 1361171 0 8693173 10054344 , 2920138 -459804 9638424 -10438628 -14658155 -21015911 , 5971722 -8742168 8502591 -3825749 2234975 600172 , 9797471 -8502591 8742168 3825749 -7902419 10977143 , -5604000 12177367 -10109234 4428398 -2625833 2364849 , 30227920 13931940 -13931940 0 4536680 -9395260 , 4.9103951870991313e-11 , 2
0.10834471506045561 , 13358766 -9638424 459804 10438628 -30654335 -14198351 , -5604455 -12570769 12570769 0 -13229853 -659084 , 10032398 -10109234 12177367 4428398 -12474083 14803200 , 18423256 -1361171 1361171 0 8693173 10054344 , 2920138 -459804 9638424 -10438628 -14658155 -21015911 , -5971722 8742168 -8502591 3825749 -2234975 -600172 , -9797471 8502591 -8742168 -3825749 7902419 -10977143 , 5604000 -12177367 10109234 -4428398 2625833 -2364849 , 30227920 13931940 -13931940 0 4536680 -9395260 , 4.9103951870991313e-11 , 3
0.10834471506045561 , 13358766 -9638424 459804 10438628 -30654335 -14198351 , 18423256 -1361171 1361171 0 8693173 10054344 , -8742168 5971722 -600172 -10977143 9797471 -8502591 , -5604455 -12570769 12570769 0 -13229853 -659084 , 2920138 -459804 9638424 -10438628 -14658155 -21015911 , 10109234 -10032398 14803200 -2364849 -5604000 12177367 , 12474083 -14803200 10032398 2364849 -2625833 4428398 , 2234975 600172 -5971722 10977143 -7902419 3825749 , 30227920 13931940 -13931940 0 4536680 -9395260 , 4.9103951871108701e-11 , 4
0.10834471506045561 , 13358766 -9638424 459804 10438628 -30654335 -14198351 , 18423256 -1361171 1361171 0 8693173 10054344 , 8742168 -5971722 600172 10977143 -9797471 8502591 , -5604455 -12570769 12570769 0 -13229853 -659084 , 2920138 -459804 9638424 -10438628 -14658155 -21015911 , -10109234 10032398 -14803200 2364849 5604000 -12177367 , -12474083 14803200 -10032398 -2364849 2625833 -4428398 , -2234975 -600172 5971722 -10977143 7902419 -3825749 , 30227920 13931940 -13931940 0 4536680 -9395260 , 4.9103951871108701e-11 , 5
0.10834471506045561 , 13358766 -9638424 459804 10438628 -30654335 -14198351 , -5604455 -12570769 12570769 0 -13229853 -659084 , 5604000 2364849 -2625833 10032398 -10109234 12177367 , 18423256 -1361171 1361171 0 8693173 10054344 , 2920138 -459804 9638424 -10438628 -14658155 -21015911 , -9797471 10977143 -7902419 -5971722 8742168 -8502591 , -3825749 7902419 -10977143 5971722 -600172 -2234975 , -4428398 2625833 -2364849 -10032398 14803200 -12474083 , 30227920 13931940 -13931940 0 4536680 -9395260 , 4.9103951871297479e-11 , 6
0.10834471506045561 , 13358766 -9638424 459804 10438628 -30654335 -14198351 , -5604455 -12570769 12570769 0 -13229853 -659084 , -5604000 -2364849 2625833 -10032398 10109234 -12177367 , 18423256 -1361171 1361171 0 8693173 10054344 , 2920138 -459804 9638424 -10438628 -14658155 -21015911 , 9797471 -10977143 7902419 5971722 -8742168 8502591 , 3825749 -7902419 10977143 -5971722 600172 2234975 , 4428398 -2625833 2364849 10032398 -14803200 12474083 , 30227920 13931940 -13931940 0 4536680 -9395260 , 4.9103951871297479e-11 , 7
0.10834471506045561 , 13358766 -9638424 459804 10438628 -30654335 -14198351 , 18423256 -1361171 1361171 0 8693173 10054344 , 5971722 -600172 -2234975 9797471 -8502591 8742168 , -5604455 -12570769 12570769 0 -13229853 -659084 , 2920138 -459804 9638424 -10438628 -14658155 -21015911 , -10032398 14803200 -12474083 -5604000 12177367 -10109234 , -4428398 12474083 -14803200 5604000 2364849 -2625833 , -3825749 2234975 600172 -9797471 10977143 -7902419 , 30227920 13931940 -13931940 0 4536680 -9395260 , 4.9103951871357482e-11 , 8
0.10834471506045561 , 13358766 -9638424 459804 10438628 -30654335 -14198351 , 18423256 -1361171 1361171 0 8693173 10054344 , -5971722 600172 2234975 -9797471 8502591 -8742168 , -5604455 -12570769 12570769 0 -13229853 -659084 , 2920138 -459804 9638424 -10438628 -14658155 -21015911 , 10032398 -14803200 12474083 5604000 -12177367 10109234 , 4428398 -12474083 14803200 -5604000 -2364849 2625833 , 3825749 -2234975 -600172 9797471 -10977143 7902419 , 30227920 13931940 -13931940 0 4536680 -9395260 , 4.9103951871357482e-11 , 9
0.10834471506045561 , 13358766 -9638424 459804 10438628 -30654335 -14198351 , 18423256 -1361171 1361171 0 8693173 10054344 , -3825749 7902419 -10977143 5971722 -600172 -2234975 , -5604455 -12570769 12570769 0 -13229853 -659084 , 2920138 -459804 9638424 -10438628 -14658155 -21015911 , -4428398 2625833 -2364849 -10032398 14803200 -12474083 , 5604000 2364849 -2625833 10032398 -10109234 12177367 , -9797471 10977143 -7902419 -5971722 8742168 -8502591 , 30227920 13931940 -13931940 0 4536680 -9395260 , 4.9103951871563825e-11 , 10
0.10834471506045561 , 13358766 -9638424 459804 10438628 -30654335 -14198351 , 18423256 -1361171 1361171 0 8693173 10054344 , 3825749 -7902419 10977143 -5971722 600172 2234975 , -5604455 -12570769 12570769 0 -13229853 -659084 , 2920138 -459804 9638424 -10438628 -14658155 -21015911 , 4428398 -2625833 2364849 10032398 -14803200 12474083 , -5604000 -2364849 2625833 -10032398 10109234 -12177367 , 9797471 -10977143 7902419 5971722 -8742168 8502591 , 30227920 13931940 -13931940 0 4536680 -9395260 , 4.9103951871563825e-11 , 11
0.10834471506045561 , 13358766 -9638424 459804 10438628 -30654335 -14198351 , 18423256 -1361171 1361171 0 8693173 10054344 , -10977143 9797471 -8502591 -2234975 3825749 -7902419 , -5604455 -12570769 12570769 0 -13229853 -659084 , 2920138 -459804 9638424 -10438628 -14658155 -21015911 , -2364849 -5604000 12177367 -12474083 4428398 -2625833 , 10109234 -12177367 5604000 12474083 -14803200 10032398 , -8742168 8502591 -9797471 2234975 600172 -5971722 , 30227920 13931940 -13931940 0 4536680 -9395260 , 4.9103951871677937e-11 , 12
0.10834471506045561 , 13358766 -9638424 459804 10438628 -30654335 -14198351 , 18423256 -1361171 1361171 0 8693173 10054344 , 10977143 -9797471 8502591 2234975 -3825749 7902419 , -5604455 -12570769 12570769 0 -13229853 -659084 , 2920138 -459804 9638424 -10438628 -14658155 -21015911 , 2364849 5604000 -12177367 12474083 -4428398 2625833 , -10109234 12177367 -5604000 -12474083 14803200 -10032398 , 8742168 -8502591 9797471 -2234975 -600172 5971722 , 30227920 13931940 -13931940 0 4536680 -9395260 , 4.9103951871677937e-11 , 13
0.10834471506045561 , 13358766 -9638424 459804 10438628 -30654335 -14198351 , -5604455 -12570769 12570769 0 -13229853 -659084 , -12474083 14803200 -10032398 -2364849 2625833 -4428398 , 18423256 -1361171 1361171 0 8693173 10054344 , 2920138 -459804 9638424 -10438628 -14658155 -21015911 , -2234975 -600172 5971722 -10977143 7902419 -3825749 , 8742168 -5971722 600172 10977143 -9797471 8502591 , -10109234 10032398 -14803200 2364849 5604000 -12177367 , 30227920 13931940 -13931940 0 4536680 -9395260 , 4.9103951872073291e-11 , 14
0.10834471506045561 , 13358766 -9638424 459804 10438628 -30654335 -14198351 , -5604455 -12570769 12570769 0 -13229853 -659084 , 12474083 -14803200 10032398 2364849 -2625833 4428398 , 18423256 -1361171 1361171 0 8693173 10054344 , 2920138 -459804 9638424 -10438628 -14658155 -21015911 , 2234975 600172 -5971722 10977143 -7902419 3825749 , -8742168 5971722 -600172 -10977143 9797471 -8502591 , 10109234 -10032398 14803200 -2364849 -5604000 12177367 , 30227920 13931940 -13931940 0 4536680 -9395260 , 4.9103951872073291e-11 , 15
0.10834471506045561 , 13358766 -9638424 459804 10438628 -30654335 -14198351 , -5604455 -12570769 12570769 0 -13229853 -659084 , 2625833 -4428398 12474083 -12177367 5604000 2364849 , 18423256 -1361171 1361171 0 8693173 10054344 , 2920138 -459804 9638424 -10438628 -14658155 -21015911 , 7902419 -3825749 2234975 8502591 -9797471 10977143 , -600172 -2234975 3825749 -8502591 8742168 -5971722 , 14803200 -12474083 4428398 12177367 -10109234 10032398 , 30227920 13931940 -13931940 0 4536680 -9395260 , 4.9103951874132971e-11 , 16
0.10834471506045561 , 13358766 -9638424 459804 10438628 -30654335 -14198351 , -5604455 -12570769 12570769 0 -13229853 -659084 , -2625833 4428398 -12474083 12177367 -5604000 -2364849 , 18423256 -1361171 1361171 0 8693173 10054344 , 2920138 -459804 9638424 -10438628 -14658155 -21015911 , -7902419 3825749 -2234975 -8502591 9797471 -10977143 , 600172 2234975 -3825749 8502591 -8742168 5971722 , -14803200 12474083 -4428398 -12177367 10109234 -10032398 , 30227920 13931940 -13931940 0 4536680 -9395260 , 4.9103951874132971e-11 , 17
0.10834471506045561 , 13358766 -9638424 459804 10438628 -30654335 -14198351 , 18423256 -1361171 1361171 0 8693173 10054344 , 600172 2234975 -3825749 8502591 -8742168 5971722 , -5604455 -12570769 12570769 0 -13229853 -659084 , 2920138 -459804 9638424 -10438628 -14658155 -21015911 , -14803200 12474083 -4428398 -12177367 10109234 -10032398 , -2625833 4428398 -12474083 12177367 -5604000 -2364849 , -7902419 3825749 -2234975 -8502591 9797471 -10977143 , 30227920 13931940 -13931940 0 4536680 -9395260 , 4.9103951875008173e-11 , 18
0.10834471506045561 , 13358766 -9638424 459804 10438628 -30654335 -14198351 , 18423256 -1361171 1361171 0 8693173 10054344 , -600172 -2234975 3825749 -8502591 8742168 -5971722 , -5604455 -12570769 12570769 0 -13229853 -659084 , 2920138 -459804 9638424 -10438628 -14658155 -21015911 , 14803200 -12474083 4428398 12177367 -10109234 10032398 , 2625833 -4428398 12474083 -12177367 5604000 2364849 , 7902419 -3825749 2234975 8502591 -9797471 10977143 , 30227920 13931940 -13931940 0 4536680 -9395260 , 4.9103951875008173e-11 , 19
0.10834471506045561 , 13358766 -9638424 459804 10438628 -30654335 -14198351 , 18423256 -1361171 1361171 0 8693173 10054344 , -2234975 3825749 -7902419 8742168 -5971722 600172 , -5604455 -12570769 12570769 0 -13229853 -659084 , 2920138 -459804 9638424 -10438628 -14658155 -21015911 , -12474083 4428398 -2625833 -10109234 10032398 -14803200 , -2364849 2625833 -4428398 10109234 -12177367 5604000 , -10977143 7902419 -3825749 -8742168 8502591 -9797471 , 30227920 13931940 -13931940 0 4536680 -9395260 , 4.9103951878639354e-11 , 20
0.10834471506045561 , 13358766 -9638424 459804 10438628 -30654335 -14198351 , 18423256 -1361171 1361171 0 8693173 10054344 , 2234975 -3825749 7902419 -8742168 5971722 -600172 , -5604455 -12570769 12570769 0 -13229853 -659084 , 2920138 -459804 9638424 -10438628 -14658155 -21015911 , 12474083 -4428398 2625833 10109234 -10032398 14803200 , 2364849 -2625833 4428398 -10109234 12177367 -5604000 , 10977143 -7902419 3825749 8742168 -8502591 9797471 , 30227920 13931940 -13931940 0 4536680 -9395260 , 4.9103951878639354e-11 , 21
0.10834471506045561 , 13358766 -9638424 459804 10438628 -30654335 -14198351 , -5604455 -12570769 12570769 0 -13229853 -659084 , 10109234 -12177367 5604000 12474083 -14803200 10032398 , 18423256 -1361171 1361171 0 8693173 10054344 , 2920138 -459804 9638424 -10438628 -14658155 -21015911 , -8742168 8502591 -9797471 2234975 600172 -5971722 , -10977143 9797471 -8502591 -2234975 3825749 -7902419 , -2364849 -5604000 12177367 -12474083 4428398 -2625833 , 30227920 13931940 -13931940 0 4536680 -9395260 , 4.9103951879177861e-11 , 22
0.10834471506045561 , 13358766 -9638424 459804 10438628 -30654335 -14198351 , -5604455 -12570769 12570769 0 -13229853 -659084 , -10109234 12177367 -5604000 -12474083 14803200 -10032398 , 18423256 -1361171 1361171 0 8693173 10054344 , 2920138 -459804 9638424 -10438628 -14658155 -21015911 , 8742168 -8502591 9797471 -2234975 -600172 5971722 , 10977143 -9797471 8502591 2234975 -3825749 7902419 , 2364849 5604000 -12177367 12474083 -4428398 2625833 , 30227920 13931940 -13931940 0 4536680 -9395260 , 4.9103951879177861e-11 , 23
0.10834471506045561 , 13358766 -9638424 459804 10438628 -30654335 -14198351 , 18423256 -1361171 1361171 0 8693173 10054344 , 7902419 -10977143 9797471 -600172 -2234975 3825749 , -5604455 -12570769 12570769 0 -13229853 -659084 , 2920138 -459804 9638424 -10438628 -14658155 -21015911 , 2625833 -2364849 -5604000 14803200 -12474083 4428398 , -12177367 5604000 2364849 -14803200 10032398 -10109234 , 8502591 -9797471 10977143 600172 -5971722 8742168 , 30227920 13931940 -13931940 0 4536680 -9395260 , 4.9103951879597507e-11 , 24
0.10834471506045561 , 13358766 -9638424 459804 10438628 -30654335 -14198351 , 18423256 -1361171 1361171 0 8693173 10054344 , -7902419 10977143 -9797471 600172 2234975 -3825749 , -5604455 -12570769 12570769 0 -13229853 -659084 , 2920138 -459804 9638424 -10438628 -14658155 -21015911 , -2625833 2364849 5604000 -14803200 12474083 -4428398 , 12177367 -5604000 -2364849 14803200 -10032398 10109234 , -8502591 9797471 -10977143 -600172 5971722 -8742168 , 30227920 13931940 -13931940 0 4536680 -9395260 , 4.9103951879597507e-11 , 25
0.10834471506045561 , 13358766 -9638424 459804 10438628 -30654335 -14198351 , 18423256 -1361171 1361171 0 8693173 10054344 , 9797471 -8502591 8742168 3825749 -7902419 10977143 , -5604455 -12570769 12570769 0 -13229853 -659084 , 2920138 -459804 9638424 -10438628 -14658155 -21015911 , -5604000 12177367 -10109234 4428398 -2625833 2364849 , -10032398 10109234 -12177367 -4428398 12474083 -14803200 , 5971722 -8742168 8502591 -3825749 2234975 600172 , 30227920 13931940 -13931940 0 4536680 -9395260 , 4.9103951880124279e-11 , 26
0.10834471506045561 , 13358766 -9638424 459804 10438628 -30654335 -14198351 , 18423256 -1361171 1361171 0 8693173 10054344 , -9797471 8502591 -8742168 -3825749 7902419 -10977143 , -5604455 -12570769 12570769 0 -13229853 -659084 , 2920138 -459804 9638424 -10438628 -14658155 -21015911 , 5604000 -12177367 10109234 -4428398 2625833 -2364849 , 10032398 -10109234 12177367 4428398 -12474083 14803200 , -5971722 8742168 -8502591 3825749 -2234975 -600172 , 30227920 13931940 -13931940 0 4536680 -9395260 , 4.9103951880124279e-11 , 27
0.10834471506045561 , 13358766 -9638424 459804 10438628 -30654335 -14198351 , 18423256 -1361171 1361171 0 8693173 10054344 , 8502591 -8742168 5971722 7902419 -10977143 9797471 , -5604455 -12570769 12570769 0 -13229853 -659084 , 2920138 -459804 9638424 -10438628 -14658155 -21015911 , -12177367 10109234 -10032398 2625833 -2364849 -5604000 , -14803200 10032398 -10109234 -2625833 4428398 -12474083 , 600172 -5971722 8742168 -7902419 3825749 -2234975 , 30227920 13931940 -13931940 0 4536680 -9395260 , 4.9103951883865759e-11 , 28
0.10834471506045561 , 13358766 -9638424 459804 10438628 -30654335 -14198351 , 18423256 -1361171 1361171 0 8693173 10054344 , -8502591 8742168 -5971722 -7902419 10977143 -9797471 , -5604455 -12570769 12570769 0 -13229853 -659084 , 2920138 -459804 9638424 -10438628 -14658155 -21015911 , 12177367 -10109234 10032398 -2625833 2364849 5604000 , 14803200 -10032398 10109234 2625833 -4428398 12474083 , -600172 5971722 -8742168 7902419 -3825749 2234975 , 30227920 13931940 -13931940 0 4536680 -9395260 , 4.9103951883865759e-11 , 29
0.10834471506045561 , 13358766 -9638424 459804 10438628 -30654335 -14198351 , -5604455 -12570769 12570769 0 -13229853 -659084 , -12177367 5604000 2364849 -14803200 10032398 -10109234 , 18423256 -1361171 1361171 0 8693173 10054344 , 2920138 -459804 9638424 -10438628 -14658155 -21015911 , 8502591 -9797471 10977143 600172 -5971722 8742168 , 7902419 -10977143 9797471 -600172 -2234975 3825749 , 2625833 -2364849 -5604000 14803200 -12474083 4428398 , 30227920 13931940 -13931940 0 4536680 -9395260 , 4.9103951886996889e-11 , 30
0.10834471506045561 , 13358766 -9638424 459804 10438628 -30654335 -14198351 , -5604455 -12570769 12570769 0 -13229853 -659084 , 12177367 -5604000 -2364849 14803200 -10032398 10109234 , 18423256 -1361171 1361171 0 8693173 10054344 , 2920138 -459804 9638424 -10438628 -14658155 -21015911 , -8502591 9797471 -10977143 -600172 5971722 -8742168 , -7902419 10977143 -9797471 600172 2234975 -3825749 , -2625833 2364849 5604000 -14803200 12474083 -4428398 , 30227920 13931940 -13931940 0 4536680 -9395260 , 4.9103951886996889e-11 , 31
0.10834471506045561 , 13358766 -9638424 459804 10438628 -30654335 -14198351 , -5604455 -12570769 12570769 0 -13229853 -659084 , -4428398 12474083 -14803200 5604000 2364849 -2625833 , 18423256 -1361171 1361171 0 8693173 10054344 , 2920138 -459804 9638424 -10438628 -14658155 -21015911 , -3825749 2234975 600172 -9797471 10977143 -7902419 , 5971722 -600172 -2234975 9797471 -8502591 8742168 , -10032398 14803200 -12474083 -5604000 12177367 -10109234 , 30227920 13931940 -13931940 0 4536680 -9395260 , 4.9103951887214838e-11 , 32
0.10834471506045561 , 13358766 -9638424 459804 10438628 -30654335 -14198351 , -5604455 -12570769 12570769 0 -13229853 -659084 , 4428398 -12474083 14803200 -5604000 -2364849 2625833 , 18423256 -1361171 1361171 0 8693173 10054344 , 2920138 -459804 9638424 -10438628 -14658155 -21015911 , 3825749 -2234975 -600172 9797471 -10977143 7902419 , -5971722 600172 2234975 -9797471 8502591 -8742168 , 10032398 -14803200 12474083 5604000 -12177367 10109234 , 30227920 13931940 -13931940 0 4536680 -9395260 , 4.9103951887214838e-11 , 33
0.10834471506045561 , 13358766 -9638424 459804 10438628 -30654335 -14198351 , -5604455 -12570769 12570769 0 -13229853 -659084 , -14803200 10032398 -10109234 -2625833 4428398 -12474083 , 18423256 -1361171 1361171 0 8693173 10054344 , 2920138 -459804 9638424 -10438628 -14658155 -21015911 , 600172 -5971722 8742168 -7902419 3825749 -2234975 , 8502591 -8742168 5971722 7902419 -10977143 9797471 , -12177367 10109234 -10032398 2625833 -2364849 -5604000 , 30227920 13931940 -13931940 0 4536680 -9395260 , 4.910395188770186e-11 , 34
0.10834471506045561 , 13358766 -9638424 459804 10438628 -30654335 -14198351 , -5604455 -12570769 12570769 0 -13229853 -659084 , 14803200 -10032398 10109234 2625833 -4428398 12474083 , 18423256 -1361171 1361171 0 8693173 10054344 , 2920138 -459804 9638424 -10438628 -14658155 -21015911 , -600172 5971722 -8742168 7902419 -3825749 2234975 , -8502591 8742168 -5971722 -7902419 10977143 -9797471 , 12177367 -10109234 10032398 -2625833 2364849 5604000 , 30227920 13931940 -13931940 0 4536680 -9395260 , 4.910395188770186e-11 , 35
0.21725486100971234 , 13321917 -1320319 -3724847 -4609113 -9721162 -20953506 , -1170929 22281716 -22281716 0 17541183 -4740533 , -10193622 14026251 1819824 -11458562 2216568 4803174 , 25764032 -5907419 5907419 0 8892983 14800402 , 17931030 3724847 1320319 4609113 -17228659 -8400843 , 4185378 6889324 -506382 -3311785 4317456 7421347 , 7497163 506382 -6889324 3311785 7927729 -2571868 , 1264940 -1819824 -14026251 11458562 2983350 -11809683 , 18453618 -16374297 16374297 0 -26434166 -10059869 , 2.0919180015968498e-11 , 0
0.21725486100971234 , 13321917 -1320319 -3724847 -4609113 -9721162 -20953506 , -1170929 22281716 -22281716 0 17541183 -4740533 , 10193622 -14026251 -1819824 11458562 -2216568 -4803174 , 25764032 -5907419 5907419 0 8892983 14800402 , 17931030 3724847 1320319 4609113 -17228659 -8400843 , -4185378 -6889324 506382 3311785 -4317456 -7421347 , -7497163 -506382 6889324 -3311785 -7927729 2571868 , -1264940 1819824 14026251 -11458562 -2983350 11809683 , 18453618 -16374297 16374297 0 -26434166 -10059869 , 2.0919180015968498e-11 , 1
0.21725486100971234 , 13321917 -1320319 -3724847 -4609113 -9721162 -20953506 , 25764032 -5907419 5907419 0 8892983 14800402 , 4317456 -3311785 -7927729 6889324 4185378 -7421347 , -1170929 22281716 -22281716 0 17541183 -4740533 , 17931030 3724847 1320319 4609113 -17228659 -8400843 , 2216568 -11458562 -2983350 14026251 -10193622 -4803174 , -11809683 2983350 11458562 -14026251 -1819824 1264940 , -2571868 7927729 3311785 -6889324 506382 7497163 , 18453618 -16374297 16374297 0 -26434166 -10059869 , 2.0919180016837583e-11 , 2
0.21725486100971234 , 13321917 -1320319 -3724847 -4609113 -9721162 -20953506 , 25764032 -5907419 5907419 0 8892983 14800402 , -4317456 3311785 7927729 -6889324 -4185378 7421347 , -1170929 22281716 -22281716 0 17541183 -4740533 , 17931030 3724847 1320319 4609113 -17228659 -8400843 , -2216568 11458562 2983350 -14026251 10193622 4803174 , 11809683 -2983350 -11458562 14026251 1819824 -1264940 , 2571868 -7927729 -3311785 6889324 -506382 -7497163 , 18453618 -16374297 16374297 0 -26434166 -10059869 , 2.0919180016837583e-11 , 3
0.21725486100971234 , 13321917 -1320319 -3724847 -4609113 -9721162 -20953506 , -1170929 22281716 -22281716 0 17541183 -4740533 , -2983350 -11458562 2216568 1819824 -1264940 -11809683 , 25764032 -5907419 5907419 0 8892983 14800402 , 17931030 3724847 1320319 4609113 -17228659 -8400843 , -7927729 -3311785 4317456 -506382 -7497163 -2571868 , -7421347 -4317456 3311785 506382 -6889324 -4185378 , -4803174 -2216568 11458562 -1819824 -14026251 10193622 , 18453618 -16374297 16374297 0 -26434166 -10059869 , 2.0919180017189245e-11 , 4
0.21725486100971234 , 13321917 -1320319 -3724847 -4609113 -9721162 -20953506 , -1170929 22281716 -22281716 0 17541183 -4740533 , 2983350 11458562 -2216568 -1819824 1264940 11809683 , 25764032 -5907419 5907419 0 8892983 14800402 , 17931030 3724847 1320319 4609113 -17228659 -8400843 , 7927729 3311785 -4317456 506382 7497163 2571868 , 7421347 4317456 -3311785 -506382 6889324 4185378 , 4803174 2216568 -11458562 1819824 14026251 -10193622 , 18453618 -16374297 16374297 0 -26434166 -10059869 , 2.0919180017189245e-11 , 5
0.21725486100971234 , 13321917 -1320319 -3724847 -4609113 -9721162 -20953506 , 25764032 -5907419 5907419 0 8892983 14800402 , -506382 6889324 4185378 -7927729 2571868 7497163 , -1170929 22281716 -22281716 0 17541183 -4740533 , 17931030 3724847 1320319 4609113 -17228659 -8400843 , 1819824 14026251 -10193622 -2983350 11809683 1264940 , 4803174 10193622 -14026251 2983350 11458562 -2216568 , 7421347 -4185378 -6889324 7927729 3311785 -4317456 , 18453618 -16374297 16374297 0 -26434166 -10059869 , 2.091918001909272e-11 , 6
0.21725486100971234 , 13321917 -1320319 -3724847 -4609113 -9721162 -20953506 , 25764032 -5907419 5907419 0 8892983 14800402 , 506382 -6889324 -4185378 7927729 -2571868 -7497163 , -1170929 22281716 -22281716 0 17541183 -4740533 , 17931030 3724847 1320319 4609113 -17228659 -8400843 , -1819824 -14026251 10193622 2983350 -11809683 -1264940 , -4803174 -10193622 14026251 -2983350 -11458562 2216568 , -7421347 4185378 6889324 -7927729 -3311785 4317456 , 18453618 -16374297 16374297 0 -26434166 -10059869 , 2.091918001909272e-11 , 7
0.21725486100971234 , 13321917 -1320319 -3724847 -4609113 -9721162 -20953506 , -1170929 22281716 -22281716 0 17541183 -4740533 , 1264940 11809683 -2983350 -10193622 14026251 1819824 , 25764032 -5907419 5907419 0 8892983 14800402 , 17931030 3724847 1320319 4609113 -17228659 -8400843 , 7497163 2571868 -7927729 4185378 6889324 -506382 , 3311785 7927729 -2571868 -4185378 7421347 4317456 , 11458562 2983350 -11809683 10193622 4803174 2216568 , 18453618 -16374297 16374297 0 -26434166 -10059869 , 2.091918002077189e-11 , 8
0.21725486100971234 , 13321917 -1320319 -3724847 -4609113 -9721162 -20953506 , -1170929 22281716 -22281716 0 17541183 -4740533 , -1264940 -11809683 2983350 10193622 -14026251 -1819824 , 25764032 -5907419 5907419 0 8892983 14800402 , 17931030 3724847 1320319 4609113 -17228659 -8400843 , -7497163 -2571868 7927729 -4185378 -6889324 506382 , -3311785 -7927729 2571868 4185378 -7421347 -4317456 , -11458562 -2983350 11809683 -10193622 -4803174 -2216568 , 18453618 -16374297 16374297 0 -26434166 -10059869 , 2.091918002077189e-11 , 9
0.21725486100971234 , 13321917 -1320319 -3724847 -4609113 -9721162 -20953506 , 25764032 -5907419 5907419 0 8892983 14800402 , -7421347 -4317456 3311785 506382 -6889324 -4185378 , -1170929 22281716 -22281716 0 17541183 -4740533 , 17931030 3724847 1320319 4609113 -17228659 -8400843 , -4803174 -2216568 11458562 -1819824 -14026251 10193622 , -2983350 -11458562 2216568 1819824 -1264940 -11809683 , -7927729 -3311785 4317456 -506382 -7497163 -2571868 , 18453618 -16374297 16374297 0 -26434166 -10059869 , 2.0919180021601029e-11 , 10
0.21725486100971234 , 13321917 -1320319 -3724847 -4609113 -9721162 -20953506 , 25764032 -5907419 5907419 0 8892983 14800402 , 7421347 4317456 -3311785 -506382 6889324 4185378 , -1170929 22281716 -22281716 0 17541183 -4740533 , 17931030 3724847 1320319 4609113 -17228659 -8400843 , 4803174 2216568 -11458562 1819824 14026251 -10193622 , 2983350 11458562 -2216568 -1819824 1264940 11809683 , 7927729 3311785 -4317456 506382 7497163 2571868 , 18453618 -16374297 16374297 0 -26434166 -10059869 , 2.0919180021601029e-11 , 11
0.21725486100971234 , 13321917 -1320319 -3724847 -4609113 -9721162 -20953506 , -1170929 22281716 -22281716 0 17541183 -4740533 , -4803174 -10193622 14026251 -2983350 -11458562 2216568 , 25764032 -5907419 5907419 0 8892983 14800402 , 17931030 3724847 1320319 4609113 -17228659 -8400843 , -7421347 4185378 6889324 -7927729 -3311785 4317456 , 506382 -6889324 -4185378 7927729 -2571868 -7497163 , -1819824 -14026251 10193622 2983350 -11809683 -1264940 , 18453618 -16374297 16374297 0 -26434166 -10059869 , 2.09191800220572e-11 , 12
0.21725486100971234 , 13321917 -1320319 -3724847 -4609113 -9721162 -20953506 , -1170929 22281716 -22281716 0 17541183 -4740533 , 4803174 10193622 -14026251 2983350 11458562 -2216568 , 25764032 -5907419 5907419 0 8892983 14800402 , 17931030 3724847 1320319 4609113 -17228659 -8400843 , 7421347 -4185378 -6889324 7927729 3311785 -4317456 , -506382 6889324 4185378 -7927729 2571868 7497163 , 1819824 14026251 -10193622 -2983350 11809683 1264940 , 18453618 -16374297 16374297 0 -26434166 -10059869 , 2.09191800220572e-11 , 13
0.21725486100971234 , 13321917 -1320319 -3724847 -4609113 -9721162 -20953506 , 25764032 -5907419 5907419 0 8892983 14800402 , -7927729 2571868 7497163 -7421347 -4317456 3311785 , -1170929 22281716 -22281716 0 17541183 -4740533 , 17931030 3724847 1320319 4609113 -17228659 -8400843 , -2983350 11809683 1264940 -4803174 -2216568 11458562 , 1819824 -1264940 -11809683 4803174 10193622 -14026251 , -506382 -7497163 -2571868 7421347 -4185378 -6889324 , 18453618 -16374297 16374297 0 -26434166 -10059869 , 2.0919180023566126e-11 , 14
0.21725486100971234 , 13321917 -1320319 -3724847 -4609113 -9721162 -20953506 , 25764032 -5907419 5907419 0 8892983 14800402 , 7927729 -2571868 -7497163 7421347 4317456 -3311785 , -1170929 22281716 -22281716 0 17541183 -4740533 , 17931030 3724847 1320319 4609113 -17228659 -8400843 , 2983350 -11809683 -1264940 4803174 2216568 -11458562 , -1819824 1264940 11809683 -4803174 -10193622 14026251 , 506382 7497163 2571868 -7421347 4185378 6889324 , 18453618 -16374297 16374297 0 -26434166 -10059869 , 2.0919180023566126e-11 , 15
0.21725486100971234 , 13321917 -1320319 -3724847 -4609113 -9721162 -20953506 , 25764032 -5907419 5907419 0 8892983 14800402 , -2571868 -7497163 -506382 4317456 -3311785 -7927729 , -1170929 22281716 -22281716 0 17541183 -4740533 , 17931030 3724847 1320319 4609113 -17228659 -8400843 , -11809683 -1264940 1819824 2216568 -11458562 -2983350 , -14026251 -1819824 1264940 -2216568 -4803174 -10193622 , -6889324 506382 7497163 -4317456 -7421347 4185378 , 18453618 -16374297 16374297 0 -26434166 -10059869 , 2.0919180026863071e-11 , 16
0.21725486100971234 , 13321917 -1320319 -3724847 -4609113 -9721162 -20953506 , 25764032 -5907419 5907419 0 8892983 14800402 , 2571868 7497163 506382 -4317456 3311785 7927729 , -1170929 22281716 -22281716 0 17541183 -4740533 , 17931030 3724847 1320319 4609113 -17228659 -8400843 , 11809683 1264940 -1819824 -2216568 11458562 2983350 , 14026251 1819824 -1264940 2216568 4803174 10193622 , 6889324 -506382 -7497163 4317456 7421347 -4185378 , 18453618 -16374297 16374297 0 -26434166 -10059869 , 2.0919180026863071e-11 , 17
0.21725486100971234 , 13321917 -1320319 -3724847 -4609113 -9721162 -20953506 , -1170929 22281716 -22281716 0 17541183 -4740533 , -11458562 2216568 4803174 -1264940 -11809683 2983350 , 25764032 -5907419 5907419 0 8892983 14800402 , 17931030 3724847 1320319 4609113 -17228659 -8400843 , -3311785 4317456 7421347 -7497163 -2571868 7927729 , 4185378 -7421347 -4317456 7497163 506382 -6889324 , -10193622 -4803174 -2216568 1264940 -1819824 -14026251 , 18453618 -16374297 16374297 0 -26434166 -10059869 , 2.0919180028781451e-11 , 18
0.21725486100971234 , 13321917 -1320319 -3724847 -4609113 -9721162 -20953506 , -1170929 22281716 -22281716 0 17541183 -4740533 , 11458562 -2216568 -4803174 1264940 11809683 -2983350 , 25764032 -5907419 5907419 0 8892983 14800402 , 17931030 3724847 1320319 4609113 -17228659 -8400843 , 3311785 -4317456 -7421347 7497163 2571868 -7927729 , -4185378 7421347 4317456 -7497163 -506382 6889324 , 10193622 4803174 2216568 -1264940 1819824 14026251 , 18453618 -16374297 16374297 0 -26434166 -10059869 , 2.0919180028781451e-11 , 19
0.21725486100971234 , 13321917 -1320319 -3724847 -4609113 -9721162 -20953506 , -1170929 22281716 -22281716 0 17541183 -4740533 , 2216568 4803174 10193622 -11809683 2983350 11458562 , 25764032 -5907419 5907419 0 8892983 14800402 , 17931030 3724847 1320319 4609113 -17228659 -8400843 , 4317456 7421347 -4185378 -2571868 7927729 3311785 , 6889324 4185378 -7421347 2571868 7497163 506382 , 14026251 -10193622 -4803174 11809683 1264940 -1819824 , 18453618 -16374297 16374297 0 -26434166 -10059869 , 2.0919180029192418e-11 , 20
0.21725486100971234 , 13321917 -1320319 -3724847 -4609113 -9721162 -20953506 , -1170929 22281716 -22281716 0 17541183 -4740533 , -2216568 -4803174 -10193622 11809683 -2983350 -11458562 , 25764032 -5907419 5907419 0 8892983 14800402 , 17931030 3724847 1320319 4609113 -17228659 -8400843 , -4317456 -7421347 4185378 2571868 -7927729 -3311785 , -6889324 -4185378 7421347 -2571868 -7497163 -506382 , -14026251 10193622 4803174 -11809683 -1264940 1819824 , 18453618 -16374297 16374297 0 -26434166 -10059869 , 2.0919180029192418e-11 , 21
0.21725486100971234 , 13321917 -1320319 -3724847 -4609113 -9721162 -20953506 , -1170929 22281716 -22281716 0 17541183 -4740533 , -11809683 2983350 11458562 -14026251 -1819824 1264940 , 25764032 -5907419 5907419 0 8892983 14800402 , 17931030 3724847 1320319 4609113 -17228659 -8400843 , -2571868 7927729 3311785 -6889324 506382 7497163 , 4317456 -3311785 -7927729 6889324 4185378 -7421347 , 2216568 -11458562 -2983350 14026251 -10193622 -4803174 , 18453618 -16374297 16374297 0 -26434166 -10059869 , 2.0919180030469785e-11 , 22
0.21725486100971234 , 13321917 -1320319 -3724847 -4609113 -9721162 -20953506 , -1170929 22281716 -22281716 0 17541183 -4740533 , 11809683 -2983350 -11458562 14026251 1819824 -1264940 , 25764032 -5907419 5907419 0 8892983 14800402 , 17931030 3724847 1320319 4609113 -17228659 -8400843 , 2571868 -7927729 -3311785 6889324 -506382 -7497163 , -4317456 3311785 7927729 -6889324 -4185378 7421347 , -2216568 11458562 2983350 -14026251 10193622 4803174 , 18453618 -16374297 16374297 0 -26434166 -10059869 , 2.0919180030469785e-11 , 23
0.21725486100971234 , 13321917 -1320319 -3724847 -4609113 -9721162 -20953506 , 25764032 -5907419 5907419 0 8892983 14800402 , 6889324 4185378 -7421347 2571868 7497163 506382 , -1170929 22281716 -22281716 0 17541183 -4740533 , 17931030 3724847 1320319 4609113 -17228659 -8400843 , 14026251 -10193622 -4803174 11809683 1264940 -1819824 , 2216568 4803174 10193622 -11809683 2983350 11458562 , 4317456 7421347 -4185378 -2571868 7927729 3311785 , 18453618 -16374297 16374297 0 -26434166 -10059869 , 2.0919180030788983e-11 , 24
0.21725486100971234 , 13321917 -1320319 -3724847 -4609113 -9721162 -20953506 , 25764032 -5907419 5907419 0 8892983 14800402 , -6889324 -4185378 7421347 -2571868 -7497163 -506382 , -1170929 22281716 -22281716 0 17541183 -4740533 , 17931030 3724847 1320319 4609113 -17228659 -8400843 , -14026251 10193622 4803174 -11809683 -1264940 1819824 , -2216568 -4803174 -10193622 11809683 -2983350 -11458562 , -4317456 -7421347 4185378 2571868 -7927729 -3311785 , 18453618 -16374297 16374297 0 -26434166 -10059869 , 2.0919180030788983e-11 , 25
0.21725486100971234 , 13321917 -1320319 -3724847 -4609113 -9721162 -20953506 , 25764032 -5907419 5907419 0 8892983 14800402 , -3311785 -7927729 2571868 4185378 -7421347 -4317456 , -1170929 22281716 -22281716 0 17541183 -4740533 , 17931030 3724847 1320319 4609113 -17228659 -8400843 , -11458562 -2983350 11809683 -10193622 -4803174 -2216568 , -1264940 -11809683 2983350 10193622 -14026251 -1819824 , -7497163 -2571868 7927729 -4185378 -6889324 506382 , 18453618 -16374297 16374297 0 -26434166 -10059869 , 2.0919180031958894e-11 , 26
0.21725486100971234 , 13321917 -1320319 -3724847 -4609113 -9721162 -20953506 , 25764032 -5907419 5907419 0 8892983 14800402 , 3311785 7927729 -2571868 -4185378 7421347 4317456 , -1170929 22281716 -22281716 0 17541183 -4740533 , 17931030 3724847 1320319 4609113 -17228659 -8400843 , 11458562 2983350 -11809683 10193622 4803174 2216568 , 1264940 11809683 -2983350 -10193622 14026251 1819824 , 7497163 2571868 -7927729 4185378 6889324 -506382 , 18453618 -16374297 16374297 0 -26434166 -10059869 , 2.0919180031958894e-11 , 27
0.21725486100971234 , 13321917 -1320319 -3724847 -4609113 -9721162 -20953506 , 25764032 -5907419 5907419 0 8892983 14800402 , -7497163 -506382 6889324 -3311785 -7927729 2571868 , -1170929 22281716 -22281716 0 17541183 -4740533 , 17931030 3724847 1320319 4609113 -17228659 -8400843 , -1264940 1819824 14026251 -11458562 -2983350 11809683 , 10193622 -14026251 -1819824 11458562 -2216568 -4803174 , -4185378 -6889324 506382 3311785 -4317456 -7421347 , 18453618 -16374297 16374297 0 -26434166 -10059869 , 2.0919180032603933e-11 , 28
0.21725486100971234 , 13321917 -1320319 -3724847 -4609113 -9721162 -20953506 , 25764032 -5907419 5907419 0 8892983 14800402 , 7497163 506382 -6889324 3311785 7927729 -2571868 , -1170929 22281716 -22281716 0 17541183 -4740533 , 17931030 3724847 1320319 4609113 -17228659 -8400843 , 1264940 -1819824 -14026251 11458562 2983350 -11809683 , -10193622 14026251 1819824 -11458562 2216568 4803174 , 4185378 6889324 -506382 -3311785 4317456 7421347 , 18453618 -16374297 16374297 0 -26434166 -10059869 , 2.0919180032603933e-11 , 29
0.21725486100971234 , 13321917 -1320319 -3724847 -4609113 -9721162 -20953506 , 25764032 -5907419 5907419 0 8892983 14800402 , 4185378 -7421347 -4317456 7497163 506382 -6889324 , -1170929 22281716 -22281716 0 17541183 -4740533 , 17931030 3724847 1320319 4609113 -17228659 -8400843 , -10193622 -4803174 -2216568 1264940 -1819824 -14026251 , -11458562 2216568 4803174 -1264940 -11809683 2983350 , -3311785 4317456 7421347 -7497163 -2571868 7927729 , 18453618 -16374297 16374297 0 -26434166 -10059869 , 2.0919180033296413e-11 , 30
0.21725486100971234 , 13321917 -1320319 -3724847 -4609113 -9721162 -20953506 , 25764032 -5907419 5907419 0 8892983 14800402 , -4185378 7421347 4317456 -7497163 -506382 6889324 , -1170929 22281716 -22281716 0 17541183 -4740533 , 17931030 3724847 1320319 4609113 -17228659 -8400843 , 10193622 4803174 2216568 -1264940 1819824 14026251 , 11458562 -2216568 -4803174 1264940 11809683 -2983350 , 3311785 -4317456 -7421347 7497163 2571868 -7927729 , 18453618 -16374297 16374297 0 -26434166 -10059869 , 2.0919180033296413e-11 , 31
0.21725486100971234 , 13321917 -1320319 -3724847 -4609113 -9721162 -20953506 , -1170929 22281716 -22281716 0 17541183 -4740533 , -14026251 -1819824 1264940 -2216568 -4803174 -10193622 , 25764032 -5907419 5907419 0 8892983 14800402 , 17931030 3724847 1320319 4609113 -17228659 -8400843 , -6889324 506382 7497163 -4317456 -7421347 4185378 , -2571868 -7497163 -506382 4317456 -3311785 -7927729 , -11809683 -1264940 1819824 2216568 -11458562 -2983350 , 18453618 -16374297 16374297 0 -26434166 -10059869 , 2.09191800512871e-11 , 32
0.21725486100971234 , 13321917 -1320319 -3724847 -4609113 -9721162 -20953506 , -1170929 22281716 -22281716 0 17541183 -4740533 , 14026251 1819824 -1264940 2216568 4803174 10193622 , 25764032 -5907419 5907419 0 8892983 14800402 , 17931030 3724847 1320319 4609113 -17228659 -8400843 , 6889324 -506382 -7497163 4317456 7421347 -4185378 , 2571868 7497163 506382 -4317456 3311785 7927729 , 11809683 1264940 -1819824 -2216568 11458562 2983350 , 18453618 -16374297 16374297 0 -26434166 -10059869 , 2.09191800512871e-11 , 33
0.21725486100971234 , 13321917 -1320319 -3724847 -4609113 -9721162 -20953506 , -1170929 22281716 -22281716 0 17541183 -4740533 , 1819824 -1264940 -11809683 4803174 10193622 -14026251 , 25764032 -5907419 5907419 0 8892983 14800402 , 17931030 3724847 1320319 4609113 -17228659 -8400843 , -506382 -7497163 -2571868 7421347 -4185378 -6889324 , -7927729 2571868 7497163 -7421347 -4317456 3311785 , -2983350 11809683 1264940 -4803174 -2216568 11458562 , 18453618 -16374297 16374297 0 -26434166 -10059869 , 2.0919180060158955e-11 , 34
0.21725486100971234 , 13321917 -1320319 -3724847 -4609113 -9721162 -20953506 , -1170929 22281716 -22281716 0 17541183 -4740533 , -1819824 1264940 11809683 -4803174 -10193622 14026251 , 25764032 -5907419 5907419 0 8892983 14800402 , 17931030 3724847 1320319 4609113 -17228659 -8400843 , 506382 7497163 2571868 -7421347 4185378 6889324 , 7927729 -2571868 -7497163 7421347 4317456 -3311785 , 2983350 -11809683 -1264940 4803174 2216568 -11458562 , 18453618 -16374297 16374297 0 -26434166 -10059869 , 2.0919180060158955e-11 , 35
0.3247552717508481 , 14838460 -8043904 330930 -6718218 -10754484 -21583138 , 4765385 -11742940 11742940 0 -7037324 4705616 , -17056060 -8963526 11742286 -8215696 -7539110 -11377336 , 13576605 9775247 -9775247 0 15192815 5417568 , 21556678 -330930 8043904 6718218 -21914068 -2710580 , -6999129 7930447 -6947408 5989317 -7759810 2305774 , -12988446 6947408 -7930447 -5989317 9253182 -15690257 , -8840364 -11742286 8963526 8215696 -23119622 1424416 , 24704731 1967693 -1967693 0 -8155491 -10123184 , 1.113065297434216e-11 , 0
0.3247552717508481 , 14838460 -8043904 330930 -6718218 -10754484 -21583138 , 4765385 -11742940 11742940 0 -7037324 4705616 , 17056060 8963526 -11742286 8215696 7539110 11377336 , 13576605 9775247 -9775247 0 15192815 5417568 , 21556678 -330930 8043904 6718218 -21914068 -2710580 , 6999129 -7930447 6947408 -5989317 7759810 -2305774 , 12988446 -6947408 7930447 5989317 -9253182 15690257 , 8840364 11742286 -8963526 -8215696 23119622 -1424416 , 24704731 1967693 -1967693 0 -8155491 -10123184 , 1.113065297434216e-11 , 1
0.3247552717508481 , 14838460 -8043904 330930 -6718218 -10754484 -21583138 , 4765385 -11742940 11742940 0 -7037324 4705616 , -8963526 11742286 8840364 -7539110 -11377336 17056060 , 13576605 9775247 -9775247 0 15192815 5417568 , 21556678 -330930 8043904 6718218 -21914068 -2710580 , 7930447 -6947408 12988446 -7759810 2305774 6999129 , 15690257 -12988446 6947408 7759810 -5989317 9253182 , -1424416 -8840364 -11742286 7539110 8215696 -23119622 , 24704731 1967693 -1967693 0 -8155491 -10123184 , 1.1130652974587335e-11 , 2
0.3247552717508481 , 14838460 -8043904 330930 -6718218 -10754484 -21583138 , 4765385 -11742940 11742940 0 -7037324 4705616 , 8963526 -11742286 -8840364 7539110 11377336 -17056060 , 13576605 9775247 -9775247 0 15192815 5417568 , 21556678 -330930 8043904 6718218 -21914068 -2710580 , -7930447 6947408 -12988446 7759810 -2305774 -6999129 , -15690257 12988446 -6947408 -7759810 5989317 -9253182 , 1424416 8840364 11742286 -7539110 -8215696 23119622 , 24704731 1967693 -1967693 0 -8155491 -10123184 , 1.1130652974587335e-11 , 3
0.3247552717508481 , 14838460 -8043904 330930 -6718218 -10754484 -21583138 , 4765385 -11742940 11742940 0 -7037324 4705616 , -11377336 17056060 8963526 -23119622 8215696 7539110 , 13576605 9775247 -9775247 0 15192815 5417568 , 21556678 -330930 8043904 6718218 -21914068 -2710580 , 2305774 6999129 -7930447 9253182 -5989317 7759810 , -6947408 7930447 -6999129 -9253182 15690257 -12988446 , 11742286 -8963526 -17056060 23119622 -1424416 -8840364 , 24704731 1967693 -1967693 0 -8155491 -10123184 , 1.1130652979150528e-11 , 4
0.3247552717508481 , 14838460 -8043904 330930 -6718218 -10754484 -21583138 , 4765385 -11742940 11742940 0 -7037324 4705616 , 11377336 -17056060 -8963526 23119622 -8215696 -7539110 , 13576605 9775247 -9775247 0 15192815 5417568 , 21556678 -330930 8043904 6718218 -21914068 -2710580 , -2305774 -6999129 7930447 -9253182 5989317 -7759810 , 6947408 -7930447 6999129 9253182 -15690257 12988446 , -11742286 8963526 17056060 -23119622 1424416 8840364 , 24704731 1967693 -1967693 0 -8155491 -10123184 , 1.1130652979150528e-11 , 5
0.3247552717508481 , 14838460 -8043904 330930 -6718218 -10754484 -21583138 , 13576605 9775247 -9775247 0 15192815 5417568 , -7759810 5989317 -9253182 7930447 -6999129 -2305774 , 4765385 -11742940 11742940 0 -7037324 4705616 , 21556678 -330930 8043904 6718218 -21914068 -2710580 , -7539110 -8215696 23119622 -8963526 -17056060 11377336 , 1424416 -23119622 8215696 8963526 -11742286 -8840364 , -15690257 9253182 -5989317 -7930447 6947408 -12988446 , 24704731 1967693 -1967693 0 -8155491 -10123184 , 1.1130652984027703e-11 , 6
0.3247552717508481 , 14838460 -8043904 330930 -6718218 -10754484 -21583138 , 13576605 9775247 -9775247 0 15192815 5417568 , 7759810 -5989317 9253182 -7930447 6999129 2305774 , 4765385 -11742940 11742940 0 -7037324 4705616 , 21556678 -330930 8043904 6718218 -21914068 -2710580 , 7539110 8215696 -23119622 8963526 17056060 -11377336 , -1424416 23119622 -8215696 -8963526 11742286 8840364 , 15690257 -9253182 5989317 7930447 -6947408 12988446 , 24704731 1967693 -1967693 0 -8155491 -10123184 , 1.1130652984027703e-11 , 7
0.3247552717508481 , 14838460 -8043904 330930 -6718218 -10754484 -21583138 , 13576605 9775247 -9775247 0 15192815 5417568 , -9253182 15690257 -12988446 -2305774 7759810 -5989317 , 4765385 -11742940 11742940 0 -7037324 4705616 , 21556678 -330930 8043904 6718218 -21914068 -2710580 , 23119622 -1424416 -8840364 11377336 7539110 8215696 , 11742286 8840364 1424416 -11377336 17056060 8963526 , -6947408 12988446 -15690257 2305774 6999129 -7930447 , 24704731 1967693 -1967693 0 -8155491 -10123184 , 1.1130652984453052e-11 , 8
0.3247552717508481 , 14838460 -8043904 330930 -6718218 -10754484 -21583138 , 13576605 9775247 -9775247 0 15192815 5417568 , 9253182 -15690257 12988446 2305774 -7759810 5989317 , 4765385 -11742940 11742940 0 -7037324 4705616 , 21556678 -330930 8043904 6718218 -21914068 -2710580 , -23119622 1424416 8840364 -11377336 -7539110 -8215696 , -11742286 -8840364 -1424416 11377336 -17056060 -8963526 , 6947408 -12988446 15690257 -2305774 -6999129 7930447 , 24704731 1967693 -1967693 0 -8155491 -10123184 , 1.1130652984453052e-11 , 9
0.3247552717508481 , 14838460 -8043904 330930 -6718218 -10754484 -21583138 , 13576605 9775247 -9775247 0 15192815 5417568 , 5989317 -9253182 15690257 -6999129 -2305774 7759810 , 4765385 -11742940 11742940 0 -7037324 4705616 , 21556678 -330930 8043904 6718218 -21914068 -2710580 , -8215696 23119622 -1424416 -17056060 11377336 7539110 , 8840364 1424416 -23119622 17056060 8963526 -11742286 , 12988446 -15690257 9253182 6999129 -7930447 6947408 , 24704731 1967693 -1967693 0 -8155491 -10123184 , 1.1130652984846227e-11 , 10
0.3247552717508481 , 14838460 -8043904 330930 -6718218 -10754484 -21583138 , 13576605 9775247 -9775247 0 15192815 5417568 , -5989317 9253182 -15690257 6999129 2305774 -7759810 , 4765385 -11742940 11742940 0 -7037324 4705616 , 21556678 -330930 8043904 6718218 -21914068 -2710580 , 8215696 -23119622 1424416 17056060 -11377336 -7539110 , -8840364 -1424416 23119622 -17056060 -8963526 11742286 , -12988446 15690257 -9253182 -6999129 7930447 -6947408 , 24704731 1967693 -1967693 0 -8155491 -10123184 , 1.1130652984846227e-11 , 11
0.3247552717508481 , 14838460 -8043904 330930 -6718218 -10754484 -21583138 , 13576605 9775247 -9775247 0 15192815 5417568 , 7930447 -6999129 -2305774 15690257 -12988446 6947408 , 4765385 -11742940 11742940 0 -7037324 4705616 , 21556678 -330930 8043904 6718218 -21914068 -2710580 , -8963526 -17056060 11377336 -1424416 -8840364 -11742286 , -7539110 -11377336 17056060 1424416 -23119622 8215696 , -7759810 2305774 6999129 -15690257 9253182 -5989317 , 24704731 1967693 -1967693 0 -8155491 -10123184 , 1.1130652990783921e-11 , 12
0.3247552717508481 , 14838460 -8043904 330930 -6718218 -10754484 -21583138 , 13576605 9775247 -9775247 0 15192815 5417568 , -7930447 6999129 2305774 -15690257 12988446 -6947408 , 4765385 -11742940 11742940 0 -7037324 4705616 , 21556678 -330930 8043904 6718218 -21914068 -2710580 , 8963526 17056060 -11377336 1424416 8840364 11742286 , 7539110 11377336 -17056060 -1424416 23119622 -8215696 , 7759810 -2305774 -6999129 15690257 -9253182 5989317 , 24704731 1967693 -1967693 0 -8155491 -10123184 , 1.1130652990783921e-11 , 13
0.3247552717508481 , 14838460 -8043904 330930 -6718218 -10754484 -21583138 , 13576605 9775247 -9775247 0 15192815 5417568 , -6947408 7930447 -6999129 -9253182 15690257 -12988446 , 4765385 -11742940 11742940 0 -7037324 4705616 , 21556678 -330930 8043904 6718218 -21914068 -2710580 , 11742286 -8963526 -17056060 23119622 -1424416 -8840364 , -11377336 17056060 8963526 -23119622 8215696 7539110 , 2305774 6999129 -7930447 9253182 -5989317 7759810 , 24704731 1967693 -1967693 0 -8155491 -10123184 , 1.1130652993685139e-11 , 14
0.3247552717508481 , 14838460 -8043904 330930 -6718218 -10754484 -21583138 , 13576605 9775247 -9775247 0 15192815 5417568 , 6947408 -7930447 6999129 9253182 -15690257 12988446 , 4765385 -11742940 11742940 0 -7037324 4705616 , 21556678 -330930 8043904 6718218 -21914068 -2710580 , -11742286 8963526 17056060 -23119622 1424416 8840364 , 11377336 -17056060 -8963526 23119622 -8215696 -7539110 , -2305774 -6999129 7930447 -9253182 5989317 -7759810 , 24704731 1967693 -1967693 0 -8155491 -10123184 , 1.1130652993685139e-11 , 15
0.3247552717508481 , 14838460 -8043904 330930 -6718218 -10754484 -21583138 , 4765385 -11742940 11742940 0 -7037324 4705616 , -7539110 -11377336 17056060 1424416 -23119622 8215696 , 13576605 9775247 -9775247 0 15192815 5417568 , 21556678 -330930 8043904 6718218 -21914068 -2710580 , -7759810 2305774 6999129 -15690257 9253182 -5989317 , 7930447 -6999129 -2305774 15690257 -12988446 6947408 , -8963526 -17056060 11377336 -1424416 -8840364 -11742286 , 24704731 1967693 -1967693 0 -8155491 -10123184 , 1.1130652994033039e-11 , 16
0.3247552717508481 , 14838460 -8043904 330930 -6718218 -10754484 -21583138 , 4765385 -11742940 11742940 0 -7037324 4705616 , 7539110 11377336 -17056060 -1424416 23119622 -8215696 , 13576605 9775247 -9775247 0 15192815 5417568 , 21556678 -330930 8043904 6718218 -21914068 -2710580 , 7759810 -2305774 -6999129 15690257 -9253182 5989317 , -7930447 6999129 2305774 -15690257 12988446 -6947408 , 8963526 17056060 -11377336 1424416 8840364 11742286 , 24704731 1967693 -1967693 0 -8155491 -10123184 , 1.1130652994033039e-11 , 17
0.3247552717508481 , 14838460 -8043904 330930 -6718218 -10754484 -21583138 , 4765385 -11742940 11742940 0 -7037324 4705616 , -1424416 23119622 -8215696 -8963526 11742286 8840364 , 13576605 9775247 -9775247 0 15192815 5417568 , 21556678 -330930 8043904 6718218 -21914068 -2710580 , 15690257 -9253182 5989317 7930447 -6947408 12988446 , 7759810 -5989317 9253182 -7930447 6999129 2305774 , 7539110 8215696 -23119622 8963526 17056060 -11377336 , 24704731 1967693 -1967693 0 -8155491 -10123184 , 1.1130653001436661e-11 , 18
0.3247552717508481 , 14838460 -8043904 330930 -6718218 -10754484 -21583138 , 4765385 -11742940 11742940 0 -7037324 4705616 , 1424416 -23119622 8215696 8963526 -11742286 -8840364 , 13576605 9775247 -9775247 0 15192815 5417568 , 21556678 -330930 8043904 6718218 -21914068 -2710580 , -15690257 9253182 -5989317 -7930447 6947408 -12988446 , -7759810 5989317 -9253182 7930447 -6999129 -2305774 , -7539110 -8215696 23119622 -8963526 -17056060 11377336 , 24704731 1967693 -1967693 0 -8155491 -10123184 , 1.1130653001436661e-11 , 19
0.3247552717508481 , 14838460 -8043904 330930 -6718218 -10754484 -21583138 , 13576605 9775247 -9775247 0 15192815 5417568 , -6999129 -2305774 7759810 -12988446 6947408 -7930447 , 4765385 -11742940 11742940 0 -7037324 4705616 , 21556678 -330930 8043904 6718218 -21914068 -2710580 , -17056060 11377336 7539110 -8840364 -11742286 8963526 , -8215696 -7539110 -11377336 8840364 1424416 -23119622 , 5989317 -7759810 2305774 12988446 -15690257 9253182 , 24704731 1967693 -1967693 0 -8155491 -10123184 , 1.1130653011213621e-11 , 20
0.3247552717508481 , 14838460 -8043904 330930 -6718218 -10754484 -21583138 , 13576605 9775247 -9775247 0 15192815 5417568 , 6999129 2305774 -7759810 12988446 -6947408 7930447 , 4765385 -11742940 11742940 0 -7037324 4705616 , 21556678 -330930 8043904 6718218 -21914068 -2710580 , 17056060 -11377336 -7539110 8840364 11742286 -8963526 , 8215696 7539110 11377336 -8840364 -1424416 23119622 , -5989317 7759810 -2305774 -12988446 15690257 -9253182 , 24704731 1967693 -1967693 0 -8155491 -10123184 , 1.1130653011213621e-11 , 21
0.3247552717508481 , 14838460 -8043904 330930 -6718218 -10754484 -21583138 , 4765385 -11742940 11742940 0 -7037324 4705616 , -8840364 -1424416 23119622 -17056060 -8963526 11742286 , 13576605 9775247 -9775247 0 15192815 5417568 , 21556678 -330930 8043904 6718218 -21914068 -2710580 , -12988446 15690257 -9253182 -6999129 7930447 -6947408 , -5989317 9253182 -15690257 6999129 2305774 -7759810 , 8215696 -23119622 1424416 17056060 -11377336 -7539110 , 24704731 1967693 -1967693 0 -8155491 -10123184 , 1.1130653013929867e-11 , 22
0.3247552717508481 , 14838460 -8043904 330930 -6718218 -10754484 -21583138 , 4765385 -11742940 11742940 0 -7037324 4705616 , 8840364 1424416 -23119622 17056060 8963526 -11742286 , 13576605 9775247 -9775247 0 15192815 5417568 , 21556678 -330930 8043904 6718218 -21914068 -2710580 , 12988446 -15690257 9253182 6999129 -7930447 6947408 , 5989317 -9253182 15690257 -6999129 -2305774 7759810 , -8215696 23119622 -1424416 -17056060 11377336 7539110 , 24704731 1967693 -1967693 0 -8155491 -10123184 , 1.1130653013929867e-11 , 23
0.3247552717508481 , 14838460 -8043904 330930 -6718218 -10754484 -21583138 , 13576605 9775247 -9775247 0 15192815 5417568 , -12988446 6947408 -7930447 -5989317 9253182 -15690257 , 4765385 -11742940 11742940 0 -7037324 4705616 , 21556678 -330930 8043904 6718218 -21914068 -2710580 , -8840364 -11742286 8963526 8215696 -23119622 1424416 , -17056060 -8963526 11742286 -8215696 -7539110 -11377336 , -6999129 7930447 -6947408 5989317 -7759810 2305774 , 24704731 1967693 -1967693 0 -8155491 -10123184 , 1.1130653015455737e-11 , 24
0.3247552717508481 , 14838460 -8043904 330930 -6718218 -10754484 -21583138 , 13576605 9775247 -9775247 0 15192815 5417568 , 12988446 -6947408 7930447 5989317 -9253182 15690257 , 4765385 -11742940 11742940 0 -7037324 4705616 , 21556678 -330930 8043904 6718218 -21914068 -2710580 , 8840364 11742286 -8963526 -8215696 23119622 -1424416 , 17056060 8963526 -11742286 8215696 7539110 11377336 , 6999129 -7930447 6947408 -5989317 7759810 -2305774 , 24704731 1967693 -1967693 0 -8155491 -10123184 , 1.1130653015455737e-11 , 25
0.3247552717508481 , 14838460 -8043904 330930 -6718218 -10754484 -21583138 , 4765385 -11742940 11742940 0 -7037324 4705616 , -8215696 -7539110 -11377336 8840364 1424416 -23119622 , 13576605 9775247 -9775247 0 15192815 5417568 , 21556678 -330930 8043904 6718218 -21914068 -2710580 , 5989317 -7759810 2305774 12988446 -15690257 9253182 , -6999129 -2305774 7759810 -12988446 6947408 -7930447 , -17056060 11377336 7539110 -8840364 -11742286 8963526 , 24704731 1967693 -1967693 0 -8155491 -10123184 , 1.1130653016019448e-11 , 26
0.3247552717508481 , 14838460 -8043904 330930 -6718218 -10754484 -21583138 , 4765385 -11742940 11742940 0 -7037324 4705616 , 8215696 7539110 11377336 -8840364 -1424416 23119622 , 13576605 9775247 -9775247 0 15192815 5417568 , 21556678 -330930 8043904 6718218 -21914068 -2710580 , -5989317 7759810 -2305774 -12988446 15690257 -9253182 , 6999129 2305774 -7759810 12988446 -6947408 7930447 , 17056060 -11377336 -7539110 8840364 11742286 -8963526 , 24704731 1967693 -1967693 0 -8155491 -10123184 , 1.1130653016019448e-11 , 27
0.3247552717508481 , 14838460 -8043904 330930 -6718218 -10754484 -21583138 , 4765385 -11742940 11742940 0 -7037324 4705616 , -23119622 8215696 7539110 -11742286 -8840364 -1424416 , 13576605 9775247 -9775247 0 15192815 5417568 , 21556678 -330930 8043904 6718218 -21914068 -2710580 , 9253182 -5989317 7759810 6947408 -12988446 15690257 , 2305774 -7759810 5989317 -6947408 7930447 -6999129 , -11377336 -7539110 -8215696 11742286 -8963526 -17056060 , 24704731 1967693 -1967693 0 -8155491 -10123184 , 1.1130653034665954e-11 , 28
0.3247552717508481 , 14838460 -8043904 330930 -6718218 -10754484 -21583138 , 4765385 -11742940 11742940 0 -7037324 4705616 , 23119622 -8215696 -7539110 11742286 8840364 1424416 , 13576605 9775247 -9775247 0 15192815 5417568 , 21556678 -330930 8043904 6718218 -21914068 -2710580 , -9253182 5989317 -7759810 -6947408 12988446 -15690257 , -2305774 7759810 -5989317 6947408 -7930447 6999129 , 11377336 7539110 8215696 -11742286 8963526 17056060 , 24704731 1967693 -1967693 0 -8155491 -10123184 , 1.1130653034665954e-11 , 29
0.3247552717508481 , 14838460 -8043904 330930 -6718218 -10754484 -21583138 , 13576605 9775247 -9775247 0 15192815 5417568 , -2305774 7759810 -5989317 6947408 -7930447 6999129 , 4765385 -11742940 11742940 0 -7037324 4705616 , 21556678 -330930 8043904 6718218 -21914068 -2710580 , 11377336 7539110 8215696 -11742286 8963526 17056060 , 23119622 -8215696 -7539110 11742286 8840364 1424416 , -9253182 5989317 -7759810 -6947408 12988446 -15690257 , 24704731 1967693 -1967693 0 -8155491 -10123184 , 1.1130653041743625e-11 , 30
0.3247552717508481 , 14838460 -8043904 330930 -6718218 -10754484 -21583138 , 13576605 9775247 -9775247 0 15192815 5417568 , 2305774 -7759810 5989317 -6947408 7930447 -6999129 , 4765385 -11742940 11742940 0 -7037324 4705616 , 21556678 -330930 8043904 6718218 -21914068 -2710580 , -11377336 -7539110 -8215696 11742286 -8963526 -17056060 , -23119622 8215696 7539110 -11742286 -8840364 -1424416 , 9253182 -5989317 7759810 6947408 -12988446 15690257 , 24704731 1967693 -1967693 0 -8155491 -10123184 , 1.1130653041743625e-11 , 31
0.3247552717508481 , 14838460 -8043904 330930 -6718218 -10754484 -21583138 , 13576605 9775247 -9775247 0 15192815 5417568 , -15690257 12988446 -6947408 -7759810 5989317 -9253182 , 4765385 -11742940 11742940 0 -7037324 4705616 , 21556678 -330930 8043904 6718218 -21914068 -2710580 , 1424416 8840364 11742286 -7539110 -8215696 23119622 , 8963526 -11742286 -8840364 7539110 11377336 -17056060 , -7930447 6947408 -12988446 7759810 -2305774 -6999129 , 24704731 1967693 -1967693 0 -8155491 -10123184 , 1.1130653044350192e-11 , 32
0.3247552717508481 , 14838460 -8043904 330930 -6718218 -10754484 -21583138 , 13576605 9775247 -9775247 0 15192815 5417568 , 15690257 -12988446 6947408 7759810 -5989317 9253182 , 4765385 -11742940 11742940 0 -7037324 4705616 , 21556678 -330930 8043904 6718218 -21914068 -2710580 , -1424416 -8840364 -11742286 7539110 8215696 -23119622 , -8963526 11742286 8840364 -7539110 -11377336 17056060 , 7930447 -6947408 12988446 -7759810 2305774 6999129 , 24704731 1967693 -1967693 0 -8155491 -10123184 , 1.1130653044350192e-11 , 33
0.3247552717508481 , 14838460 -8043904 330930 -6718218 -10754484 -21583138 , 4765385 -11742940 11742940 0 -7037324 4705616 , -11742286 -8840364 -1424416 11377336 -17056060 -8963526 , 13576605 9775247 -9775247 0 15192815 5417568 , 21556678 -330930 8043904 6718218 -21914068 -2710580 , 6947408 -12988446 15690257 -2305774 -6999129 7930447 , 9253182 -15690257 12988446 2305774 -7759810 5989317 , -23119622 1424416 8840364 -11377336 -7539110 -8215696 , 24704731 1967693 -1967693 0 -8155491 -10123184 , 1.1130653090382169e-11 , 34
0.3247552717508481 , 14838460 -8043904 330930 -6718218 -10754484 -21583138 , 4765385 -11742940 11742940 0 -7037324 4705616 , 11742286 8840364 1424416 -11377336 17056060 8963526 , 13576605 9775247 -9775247 0 15192815 5417568 , 21556678 -330930 8043904 6718218 -21914068 -2710580 , -6947408 12988446 -15690257 2305774 6999129 -7930447 , -9253182 15690257 -12988446 -2305774 7759810 -5989317 , 23119622 -1424416 -8840364 11377336 7539110 8215696 , 24704731 1967693 -1967693 0 -8155491 -10123184 , 1.1130653090382169e-11 , 35
0.43354683813585493 , 17615173 1539093 4842909 -4872117 -26410031 5160455 , 8053416 -2189000 2189000 0 2500644 4689644 , -892761 -19305598 12693539 524811 -8108750 -6512949 , 10288574 221307 -221307 0 5654847 5433540 , 22487290 -4842909 -1539093 4872117 317546 -27949124 , 12305088 -4273524 -13664334 19882572 -3230665 -262705 , -7577484 13664334 4273524 -19882572 13401629 1042859 , -1417572 -12693539 19305598 -524811 -19206488 11196848 , 24704731 1967693 -1967693 0 -8155491 -10123184 , 1.1130652975175491e-11 , 0
0.43354683813585493 , 17615173 1539093 4842909 -4872117 -26410031 5160455 , 8053416 -2189000 2189000 0 2500644 4689644 , 892761 19305598 -12693539 -524811 8108750 6512949 , 10288574 221307 -221307 0 5654847 5433540 , 22487290 -4842909 -1539093 4872117 317546 -27949124 , -12305088 4273524 13664334 -19882572 3230665 262705 , 7577484 -13664334 -4273524 19882572 -13401629 -1042859 , 1417572 12693539 -19305598 524811 19206488 -11196848 , 24704731 1967693 -1967693 0 -8155491 -10123184 , 1.1130652975175491e-11 , 1
0.43354683813585493 , 17615173 1539093 4842909 -4872117 -26410031 5160455 , 10288574 221307 -221307 0 5654847 5433540 , -13401629 -1042859 -7577484 262705 3230665 -19882572 , 8053416 -2189000 2189000 0 2500644 4689644 , 22487290 -4842909 -1539093 4872117 317546 -27949124 , 19206488 -11196848 -1417572 6512949 8108750 -524811 , 12693539 1417572 11196848 -6512949 892761 19305598 , -13664334 7577484 1042859 -262705 -12305088 4273524 , 24704731 1967693 -1967693 0 -8155491 -10123184 , 1.1130652977941027e-11 , 2
0.43354683813585493 , 17615173 1539093 4842909 -4872117 -26410031 5160455 , 10288574 221307 -221307 0 5654847 5433540 , 13401629 1042859 7577484 -262705 -3230665 19882572 , 8053416 -2189000 2189000 0 2500644 4689644 , 22487290 -4842909 -1539093 4872117 317546 -27949124 , -19206488 11196848 1417572 -6512949 -8108750 524811 , -12693539 -1417572 -11196848 6512949 -892761 -19305598 , 13664334 -7577484 -1042859 262705 12305088 -4273524 , 24704731 1967693 -1967693 0 -8155491 -10123184 , 1.1130652977941027e-11 , 3
0.43354683813585493 , 17615173 1539093 4842909 -4872117 -26410031 5160455 , 8053416 -2189000 2189000 0 2500644 4689644 , 6512949 -892761 -19305598 19206488 524811 -8108750 , 10288574 221307 -221307 0 5654847 5433540 , 22487290 -4842909 -1539093 4872117 317546 -27949124 , 262705 12305088 -4273524 -13401629 19882572 -3230665 , 13664334 4273524 -12305088 13401629 1042859 7577484 , -12693539 19305598 892761 -19206488 11196848 1417572 , 24704731 1967693 -1967693 0 -8155491 -10123184 , 1.1130652979289837e-11 , 4
0.43354683813585493 , 17615173 1539093 4842909 -4872117 -26410031 5160455 , 8053416 -2189000 2189000 0 2500644 4689644 , -6512949 892761 19305598 -19206488 -524811 8108750 , 10288574 221307 -221307 0 5654847 5433540 , 22487290 -4842909 -1539093 4872117 317546 -27949124 , -262705 -12305088 4273524 13401629 -19882572 3230665 , -13664334 -4273524 12305088 -13401629 -1042859 -7577484 , 12693539 -19305598 -892761 19206488 -11196848 -1417572 , 24704731 1967693 -1967693 0 -8155491 -10123184 , 1.1130652979289837e-11 , 5
0.43354683813585493 , 17615173 1539093 4842909 -4872117 -26410031 5160455 , 10288574 221307 -221307 0 5654847 5433540 , -19882572 13401629 1042859 -12305088 -262705 -3230665 , 8053416 -2189000 2189000 0 2500644 4689644 , 22487290 -4842909 -1539093 4872117 317546 -27949124 , -524811 -19206488 11196848 892761 -6512949 -8108750 , -1417572 -11196848 19206488 -892761 -19305598 12693539 , -7577484 -1042859 -13401629 12305088 -4273524 -13664334 , 24704731 1967693 -1967693 0 -8155491 -10123184 , 1.1130652982611691e-11 , 6
0.43354683813585493 , 17615173 1539093 4842909 -4872117 -26410031 5160455 , 10288574 221307 -221307 0 5654847 5433540 , 19882572 -13401629 -1042859 12305088 262705 3230665 , 8053416 -2189000 2189000 0 2500644 4689644 , 22487290 -4842909 -1539093 4872117 317546 -27949124 , 524811 19206488 -11196848 -892761 6512949 8108750 , 1417572 11196848 -19206488 892761 19305598 -12693539 , 7577484 1042859 13401629 -12305088 4273524 13664334 , 24704731 1967693 -1967693 0 -8155491 -10123184 , 1.1130652982611691e-11 , 7
0.43354683813585493 , 17615173 1539093 4842909 -4872117 -26410031 5160455 , 8053416 -2189000 2189000 0 2500644 4689644 , -19305598 12693539 1417572 -8108750 -6512949 892761 , 10288574 221307 -221307 0 5654847 5433540 , 22487290 -4842909 -1539093 4872117 317546 -27949124 , -4273524 -13664334 7577484 -3230665 -262705 -12305088 , -1042859 -7577484 13664334 3230665 -19882572 13401629 , -11196848 -1417572 -12693539 8108750 -524811 -19206488 , 24704731 1967693 -1967693 0 -8155491 -10123184 , 1.1130652983344832e-11 , 8
0.43354683813585493 , 17615173 1539093 4842909 -4872117 -26410031 5160455 , 8053416 -2189000 2189000 0 2500644 4689644 , 19305598 -12693539 -1417572 8108750 6512949 -892761 , 10288574 221307 -221307 0 5654847 5433540 , 22487290 -4842909 -1539093 4872117 317546 -27949124 , 4273524 13664334 -7577484 3230665 262705 12305088 , 1042859 7577484 -13664334 -3230665 19882572 -13401629 , 11196848 1417572 12693539 -8108750 524811 19206488 , 24704731 1967693 -1967693 0 -8155491 -10123184 , 1.1130652983344832e-11 , 9
0.43354683813585493 , 17615173 1539093 4842909 -4872117 -26410031 5160455 , 8053416 -2189000 2189000 0 2500644 4689644 , -524811 8108750 6512949 -1417572 -11196848 19206488 , 10288574 221307 -221307 0 5654847 5433540 , 22487290 -4842909 -1539093 4872117 317546 -27949124 , -19882572 3230665 262705 -7577484 -1042859 -13401629 , -12305088 -262705 -3230665 7577484 -13664334 -4273524 , 892761 -6512949 -8108750 1417572 12693539 -19305598 , 24704731 1967693 -1967693 0 -8155491 -10123184 , 1.1130652988495317e-11 , 10
0.43354683813585493 , 17615173 1539093 4842909 -4872117 -26410031 5160455 , 8053416 -2189000 2189000 0 2500644 4689644 , 524811 -8108750 -6512949 1417572 11196848 -19206488 , 10288574 221307 -221307 0 5654847 5433540 , 22487290 -4842909 -1539093 4872117 317546 -27949124 , 19882572 -3230665 -262705 7577484 1042859 13401629 , 12305088 262705 3230665 -7577484 13664334 4273524 , -892761 6512949 8108750 -1417572 -12693539 19305598 , 24704731 1967693 -1967693 0 -8155491 -10123184 , 1.1130652988495317e-11 , 11
0.43354683813585493 , 17615173 1539093 4842909 -4872117 -26410031 5160455 , 10288574 221307 -221307 0 5654847 5433540 , -13664334 -4273524 12305088 -13401629 -1042859 -7577484 , 8053416 -2189000 2189000 0 2500644 4689644 , 22487290 -4842909 -1539093 4872117 317546 -27949124 , 12693539 -19305598 -892761 19206488 -11196848 -1417572 , -6512949 892761 19305598 -19206488 -524811 8108750 , -262705 -12305088 4273524 13401629 -19882572 3230665 , 24704731 1967693 -1967693 0 -8155491 -10123184 , 1.1130652989543132e-11 , 12
0.43354683813585493 , 17615173 1539093 4842909 -4872117 -26410031 5160455 , 10288574 221307 -221307 0 5654847 5433540 , 13664334 4273524 -12305088 13401629 1042859 7577484 , 8053416 -2189000 2189000 0 2500644 4689644 , 22487290 -4842909 -1539093 4872117 317546 -27949124 , -12693539 19305598 892761 -19206488 11196848 1417572 , 6512949 -892761 -19305598 19206488 524811 -8108750 , 262705 12305088 -4273524 -13401629 19882572 -3230665 , 24704731 1967693 -1967693 0 -8155491 -10123184 , 1.1130652989543132e-11 , 13
0.43354683813585493 , 17615173 1539093 4842909 -4872117 -26410031 5160455 , 8053416 -2189000 2189000 0 2500644 4689644 , -1417572 -11196848 19206488 -892761 -19305598 12693539 , 10288574 221307 -221307 0 5654847 5433540 , 22487290 -4842909 -1539093 4872117 317546 -27949124 , -7577484 -1042859 -13401629 12305088 -4273524 -13664334 , -19882572 13401629 1042859 -12305088 -262705 -3230665 , -524811 -19206488 11196848 892761 -6512949 -8108750 , 24704731 1967693 -1967693 0 -8155491 -10123184 , 1.1130652991924375e-11 , 14
0.43354683813585493 , 17615173 1539093 4842909 -4872117 -26410031 5160455 , 8053416 -2189000 2189000 0 2500644 4689644 , 1417572 11196848 -19206488 892761 19305598 -12693539 , 10288574 221307 -221307 0 5654847 5433540 , 22487290 -4842909 -1539093 4872117 317546 -27949124 , 7577484 1042859 13401629 -12305088 4273524 13664334 , 19882572 -13401629 -1042859 12305088 262705 3230665 , 524811 19206488 -11196848 -892761 6512949 8108750 , 24704731 1967693 -1967693 0 -8155491 -10123184 , 1.1130652991924375e-11 , 15
0.43354683813585493 , 17615173 1539093 4842909 -4872117 -26410031 5160455 , 8053416 -2189000 2189000 0 2500644 4689644 , -11196848 19206488 524811 -19305598 12693539 1417572 , 10288574 221307 -221307 0 5654847 5433540 , 22487290 -4842909 -1539093 4872117 317546 -27949124 , -1042859 -13401629 19882572 -4273524 -13664334 7577484 , 3230665 -19882572 13401629 4273524 -12305088 -262705 , 8108750 -524811 -19206488 19305598 892761 -6512949 , 24704731 1967693 -1967693 0 -8155491 -10123184 , 1.1130652992927002e-11 , 16
0.43354683813585493 , 17615173 1539093 4842909 -4872117 -26410031 5160455 , 8053416 -2189000 2189000 0 2500644 4689644 , 11196848 -19206488 -524811 19305598 -12693539 -1417572 , 10288574 221307 -221307 0 5654847 5433540 , 22487290 -4842909 -1539093 4872117 317546 -27949124 , 1042859 13401629 -19882572 4273524 13664334 -7577484 , -3230665 19882572 -13401629 -4273524 12305088 262705 , -8108750 524811 19206488 -19305598 -892761 6512949 , 24704731 1967693 -1967693 0 -8155491 -10123184 , 1.1130652992927002e-11 , 17
0.43354683813585493 , 17615173 1539093 4842909 -4872117 -26410031 5160455 , 10288574 221307 -221307 0 5654847 5433540 , -3230665 19882572 -13401629 -4273524 12305088 262705 , 8053416 -2189000 2189000 0 2500644 4689644 , 22487290 -4842909 -1539093 4872117 317546 -27949124 , -8108750 524811 19206488 -19305598 -892761 6512949 , 11196848 -19206488 -524811 19305598 -12693539 -1417572 , 1042859 13401629 -19882572 4273524 13664334 -7577484 , 24704731 1967693 -1967693 0 -8155491 -10123184 , 1.1130653000413298e-11 , 18
0.43354683813585493 , 17615173 1539093 4842909 -4872117 -26410031 5160455 , 10288574 221307 -221307 0 5654847 5433540 , 3230665 -19882572 13401629 4273524 -12305088 -262705 , 8053416 -2189000 2189000 0 2500644 4689644 , 22487290 -4842909 -1539093 4872117 317546 -27949124 , 8108750 -524811 -19206488 19305598 892761 -6512949 , -11196848 19206488 524811 -19305598 12693539 1417572 , -1042859 -13401629 19882572 -4273524 -13664334 7577484 , 24704731 1967693 -1967693 0 -8155491 -10123184 , 1.1130653000413298e-11 , 19
0.43354683813585493 , 17615173 1539093 4842909 -4872117 -26410031 5160455 , 8053416 -2189000 2189000 0 2500644 4689644 , 19206488 524811 -8108750 12693539 1417572 11196848 , 10288574 221307 -221307 0 5654847 5433540 , 22487290 -4842909 -1539093 4872117 317546 -27949124 , -13401629 19882572 -3230665 -13664334 7577484 1042859 , 262705 3230665 -19882572 13664334 4273524 -12305088 , 6512949 8108750 -524811 -12693539 19305598 892761 , 24704731 1967693 -1967693 0 -8155491 -10123184 , 1.1130653001517206e-11 , 20
0.43354683813585493 , 17615173 1539093 4842909 -4872117 -26410031 5160455 , 8053416 -2189000 2189000 0 2500644 4689644 , -19206488 -524811 8108750 -12693539 -1417572 -11196848 , 10288574 221307 -221307 0 5654847 5433540 , 22487290 -4842909 -1539093 4872117 317546 -27949124 , 13401629 -19882572 3230665 13664334 -7577484 -1042859 , -262705 -3230665 19882572 -13664334 -4273524 12305088 , -6512949 -8108750 524811 12693539 -19305598 -892761 , 24704731 1967693 -1967693 0 -8155491 -10123184 , 1.1130653001517206e-11 , 21
0.43354683813585493 , 17615173 1539093 4842909 -4872117 -26410031 5160455 , 10288574 221307 -221307 0 5654847 5433540 , 262705 3230665 -19882572 13664334 4273524 -12305088 , 8053416 -2189000 2189000 0 2500644 4689644 , 22487290 -4842909 -1539093 4872117 317546 -27949124 , 6512949 8108750 -524811 -12693539 19305598 892761 , 19206488 524811 -8108750 12693539 1417572 11196848 , -13401629 19882572 -3230665 -13664334 7577484 1042859 , 24704731 1967693 -1967693 0 -8155491 -10123184 , 1.1130653003742648e-11 , 22
0.43354683813585493 , 17615173 1539093 4842909 -4872117 -26410031 5160455 , 10288574 221307 -221307 0 5654847 5433540 , -262705 -3230665 19882572 -13664334 -4273524 12305088 , 8053416 -2189000 2189000 0 2500644 4689644 , 22487290 -4842909 -1539093 4872117 317546 -27949124 , -6512949 -8108750 524811 12693539 -19305598 -892761 , -19206488 -524811 8108750 -12693539 -1417572 -11196848 , 13401629 -19882572 3230665 13664334 -7577484 -1042859 , 24704731 1967693 -1967693 0 -8155491 -10123184 , 1.1130653003742648e-11 , 23
0.43354683813585493 , 17615173 1539093 4842909 -4872117 -26410031 5160455 , 8053416 -2189000 2189000 0 2500644 4689644 , -8108750 -6512949 892761 11196848 -19206488 -524811 , 10288574 221307 -221307 0 5654847 5433540 , 22487290 -4842909 -1539093 4872117 317546 -27949124 , -3230665 -262705 -12305088 1042859 13401629 -19882572 , -4273524 12305088 262705 -1042859 -7577484 13664334 , -19305598 -892761 6512949 -11196848 -1417572 -12693539 , 24704731 1967693 -1967693 0 -8155491 -10123184 , 1.1130653015156458e-11 , 24
0.43354683813585493 , 17615173 1539093 4842909 -4872117 -26410031 5160455 , 8053416 -2189000 2189000 0 2500644 4689644 , 8108750 6512949 -892761 -11196848 19206488 524811 , 10288574 221307 -221307 0 5654847 5433540 , 22487290 -4842909 -1539093 4872117 317546 -27949124 , 3230665 262705 12305088 -1042859 -13401629 19882572 , 4273524 -12305088 -262705 1042859 7577484 -13664334 , 19305598 892761 -6512949 11196848 1417572 12693539 , 24704731 1967693 -1967693 0 -8155491 -10123184 , 1.1130653015156458e-11 , 25
0.43354683813585493 , 17615173 1539093 4842909 -4872117 -26410031 5160455 , 10288574 221307 -221307 0 5654847 5433540 , -1042859 -7577484 13664334 3230665 -19882572 13401629 , 8053416 -2189000 2189000 0 2500644 4689644 , 22487290 -4842909 -1539093 4872117 317546 -27949124 , -11196848 -1417572 -12693539 8108750 -524811 -19206488 , -19305598 12693539 1417572 -8108750 -6512949 892761 , -4273524 -13664334 7577484 -3230665 -262705 -12305088 , 24704731 1967693 -1967693 0 -8155491 -10123184 , 1.113065302081706e-11 , 26
0.43354683813585493 , 17615173 1539093 4842909 -4872117 -26410031 5160455 , 10288574 221307 -221307 0 5654847 5433540 , 1042859 7577484 -13664334 -3230665 19882572 -13401629 , 8053416 -2189000 2189000 0 2500644 4689644 , 22487290 -4842909 -1539093 4872117 317546 -27949124 , 11196848 1417572 12693539 -8108750 524811 19206488 , 19305598 -12693539 -1417572 8108750 6512949 -892761 , 4273524 13664334 -7577484 3230665 262705 12305088 , 24704731 1967693 -1967693 0 -8155491 -10123184 , 1.113065302081706e-11 , 27
0.43354683813585493 , 17615173 1539093 4842909 -4872117 -26410031 5160455 , 10288574 221307 -221307 0 5654847 5433540 , -12305088 -262705 -3230665 7577484 -13664334 -4273524 , 8053416 -2189000 2189000 0 2500644 4689644 , 22487290 -4842909 -1539093 4872117 317546 -27949124 , 892761 -6512949 -8108750 1417572 12693539 -19305598 , -524811 8108750 6512949 -1417572 -11196848 19206488 , -19882572 3230665 262705 -7577484 -1042859 -13401629 , 24704731 1967693 -1967693 0 -8155491 -10123184 , 1.1130653021196447e-11 , 28
0.43354683813585493 , 17615173 1539093 4842909 -4872117 -26410031 5160455 , 10288574 221307 -221307 0 5654847 5433540 , 12305088 262705 3230665 -7577484 13664334 4273524 , 8053416 -2189000 2189000 0 2500644 4689644 , 22487290 -4842909 -1539093 4872117 317546 -27949124 , -892761 6512949 8108750 -1417572 -12693539 19305598 , 524811 -8108750 -6512949 1417572 11196848 -19206488 , 19882572 -3230665 -262705 7577484 1042859 13401629 , 24704731 1967693 -1967693 0 -8155491 -10123184 , 1.1130653021196447e-11 , 29
0.43354683813585493 , 17615173 1539093 4842909 -4872117 -26410031 5160455 , 10288574 221307 -221307 0 5654847 5433540 , -4273524 12305088 262705 -1042859 -7577484 13664334 , 8053416 -2189000 2189000 0 2500644 4689644 , 22487290 -4842909 -1539093 4872117 317546 -27949124 , -19305598 -892761 6512949 -11196848 -1417572 -12693539 , -8108750 -6512949 892761 11196848 -19206488 -524811 , -3230665 -262705 -12305088 1042859 13401629 -19882572 , 24704731 1967693 -1967693 0 -8155491 -10123184 , 1.1130653036981496e-11 , 30
0.43354683813585493 , 17615173 1539093 4842909 -4872117 -26410031 5160455 , 10288574 221307 -221307 0 5654847 5433540 , 4273524 -12305088 -262705 1042859 7577484 -13664334 , 8053416 -2189000 2189000 0 2500644 4689644 , 22487290 -4842909 -1539093 4872117 317546 -27949124 , 19305598 892761 -6512949 11196848 1417572 12693539 , 8108750 6512949 -892761 -11196848 19206488 524811 , 3230665 262705 12305088 -1042859 -13401629 19882572 , 24704731 1967693 -1967693 0 -8155491 -10123184 , 1.1130653036981496e-11 , 31
0.43354683813585493 , 17615173 1539093 4842909 -4872117 -26410031 5160455 , 10288574 221307 -221307 0 5654847 5433540 , -7577484 13664334 4273524 -19882572 13401629 1042859 , 8053416 -2189000 2189000 0 2500644 4689644 , 22487290 -4842909 -1539093 4872117 317546 -27949124 , -1417572 -12693539 19305598 -524811 -19206488 11196848 , -892761 -19305598 12693539 524811 -8108750 -6512949 , 12305088 -4273524 -13664334 19882572 -3230665 -262705 , 24704731 1967693 -1967693 0 -8155491 -10123184 , 1.113065305368972e-11 , 32
0.43354683813585493 , 17615173 1539093 4842909 -4872117 -26410031 5160455 , 10288574 221307 -221307 0 5654847 5433540 , 7577484 -13664334 -4273524 19882572 -13401629 -1042859 , 8053416 -2189000 2189000 0 2500644 4689644 , 22487290 -4842909 -1539093 4872117 317546 -27949124 , 1417572 12693539 -19305598 524811 19206488 -11196848 , 892761 19305598 -12693539 -524811 8108750 6512949 , -12305088 4273524 13664334 -19882572 3230665 262705 , 24704731 1967693 -1967693 0 -8155491 -10123184 , 1.113065305368972e-11 , 33
0.43354683813585493 , 17615173 1539093 4842909 -4872117 -26410031 5160455 , 8053416 -2189000 2189000 0 2500644 4689644 , -12693539 -1417572 -11196848 6512949 -892761 -19305598 , 10288574 221307 -221307 0 5654847 5433540 , 22487290 -4842909 -1539093 4872117 317546 -27949124 , 13664334 -7577484 -1042859 262705 12305088 -4273524 , 13401629 1042859 7577484 -262705 -3230665 19882572 , -19206488 11196848 1417572 -6512949 -8108750 524811 , 24704731 1967693 -1967693 0 -8155491 -10123184 , 1.1130653070726248e-11 , 34
0.43354683813585493 , 17615173 1539093 4842909 -4872117 -26410031 5160455 , 8053416 -2189000 2189000 0 2500644 4689644 , 12693539 1417572 11196848 -6512949 892761 19305598 , 10288574 221307 -221307 0 5654847 5433540 , 22487290 -4842909 -1539093 4872117 317546 -27949124 , -13664334 7577484 1042859 -262705 -12305088 4273524 , -13401629 -1042859 -7577484 262705 3230665 -19882572 , 19206488 -11196848 -1417572 6512949 8108750 -524811 , 24704731 1967693 -1967693 0 -8155491 -10123184 , 1.1130653070726248e-11 , 35
0.5430302690059761 , 10585394 11238289 -37345697 4267399 4487396 -37364127 , 1597762 -3470387 3470387 0 -1978934 1491453 , -9722876 13865249 -2062885 -8272388 2902372 2074254 , 4779981 1566009 -1566009 0 3819997 2253988 , 6317995 37345697 -11238289 -4267399 -18430 -6750893 , 129222 7510932 -14157266 5318696 6997592 -6183285 , -5189474 14157266 -7510932 -5318696 7973981 -513340 , -1450488 2062885 -13865249 8272388 4137139 -10962877 , 36668978 1904378 -1904378 0 -1841063 -3745441 , 3.2050504574121308e-11 , 0
0.5430302690059761 , 10585394 11238289 -37345697 4267399 4487396 -37364127 , 1597762 -3470387 3470387 0 -1978934 1491453 , 9722876 -13865249 2062885 8272388 -2902372 -2074254 , 4779981 1566009 -1566009 0 3819997 2253988 , 6317995 37345697 -11238289 -4267399 -18430 -6750893 , -129222 -7510932 14157266 -5318696 -6997592 6183285 , 5189474 -14157266 7510932 5318696 -7973981 513340 , 1450488 -2062885 13865249 -8272388 -4137139 10962877 , 36668978 1904378 -1904378 0 -1841063 -3745441 , 3.2050504574121308e-11 , 1
0.5430302690059761 , 10585394 11238289 -37345697 4267399 4487396 -37364127 , 1597762 -3470387 3470387 0 -1978934 1491453 , -2902372 -2074254 -9722876 10962877 -4137139 -8272388 , 4779981 1566009 -1566009 0 3819997 2253988 , 6317995 37345697 -11238289 -4267399 -18430 -6750893 , -6997592 6183285 129222 513340 -7973981 5318696 , -7510932 -129222 -6183285 -513340 5189474 -14157266 , -13865249 9722876 2074254 -10962877 1450488 -2062885 , 36668978 1904378 -1904378 0 -1841063 -3745441 , 3.2050504575660096e-11 , 2
0.5430302690059761 , 10585394 11238289 -37345697 4267399 4487396 -37364127 , 1597762 -3470387 3470387 0 -1978934 1491453 , 2902372 2074254 9722876 -10962877 4137139 8272388 , 4779981 1566009 -1566009 0 3819997 2253988 , 6317995 37345697 -11238289 -4267399 -18430 -6750893 , 6997592 -6183285 -129222 -513340 7973981 -5318696 , 7510932 129222 6183285 513340 -5189474 14157266 , 13865249 -9722876 -2074254 10962877 -1450488 2062885 , 36668978 1904378 -1904378 0 -1841063 -3745441 , 3.2050504575660096e-11 , 3
0.5430302690059761 , 10585394 11238289 -37345697 4267399 4487396 -37364127 , 1597762 -3470387 3470387 0 -1978934 1491453 , -10962877 4137139 8272388 -13865249 2062885 -1450488 , 4779981 1566009 -1566009 0 3819997 2253988 , 6317995 37345697 -11238289 -4267399 -18430 -6750893 , -513340 7973981 -5318696 -7510932 14157266 -5189474 , 6997592 5318696 -7973981 7510932 129222 6183285 , 2902372 -8272388 -4137139 13865249 -9722876 -2074254 , 36668978 1904378 -1904378 0 -1841063 -3745441 , 3.2050504576243117e-11 , 4
0.5430302690059761 , 10585394 11238289 -37345697 4267399 4487396 -37364127 , 1597762 -3470387 3470387 0 -1978934 1491453 , 10962877 -4137139 -8272388 13865249 -2062885 1450488 , 4779981 1566009 -1566009 0 3819997 2253988 , 6317995 37345697 -11238289 -4267399 -18430 -6750893 , 513340 -7973981 5318696 7510932 -14157266 5189474 , -6997592 -5318696 7973981 -7510932 -129222 -6183285 , -2902372 8272388 4137139 -13865249 9722876 2074254 , 36668978 1904378 -1904378 0 -1841063 -3745441 , 3.2050504576243117e-11 , 5
0.5430302690059761 , 10585394 11238289 -37345697 4267399 4487396 -37364127 , 1597762 -3470387 3470387 0 -1978934 1491453 , -2074254 -9722876 13865249 -4137139 -8272388 2902372 , 4779981 1566009 -1566009 0 3819997 2253988 , 6317995 37345697 -11238289 -4267399 -18430 -6750893 , 6183285 129222 7510932 -7973981 5318696 6997592 , 14157266 -7510932 -129222 7973981 -513340 5189474 , 2062885 -13865249 9722876 4137139 -10962877 1450488 , 36668978 1904378 -1904378 0 -1841063 -3745441 , 3.2050504578112732e-11 , 6
0.5430302690059761 , 10585394 11238289 -37345697 4267399 4487396 -37364127 , 1597762 -3470387 3470387 0 -1978934 1491453 , 2074254 9722876 -13865249 4137139 8272388 -2902372 , 4779981 1566009 -1566009 0 3819997 2253988 , 6317995 37345697 -11238289 -4267399 -18430 -6750893 , -6183285 -129222 -7510932 7973981 -5318696 -6997592 , -14157266 7510932 129222 -7973981 513340 -5189474 , -2062885 13865249 -9722876 -4137139 10962877 -1450488 , 36668978 1904378 -1904378 0 -1841063 -3745441 , 3.2050504578112732e-11 , 7
0.5430302690059761 , 10585394 11238289 -37345697 4267399 4487396 -37364127 , 1597762 -3470387 3470387 0 -1978934 1491453 , -8272388 2902372 2074254 1450488 -10962877 4137139 , 4779981 1566009 -1566009 0 3819997 2253988 , 6317995 37345697 -11238289 -4267399 -18430 -6750893 , 5318696 6997592 -6183285 5189474 -513340 7973981 , 129222 6183285 -6997592 -5189474 14157266 -7510932 , -9722876 -2074254 -2902372 -1450488 2062885 -13865249 , 36668978 1904378 -1904378 0 -1841063 -3745441 , 3.205050457870995e-11 , 8
0.5430302690059761 , 10585394 11238289 -37345697 4267399 4487396 -37364127 , 1597762 -3470387 3470387 0 -1978934 1491453 , 8272388 -2902372 -2074254 -1450488 10962877 -4137139 , 4779981 1566009 -1566009 0 3819997 2253988 , 6317995 37345697 -11238289 -4267399 -18430 -6750893 , -5318696 -6997592 6183285 -5189474 513340 -7973981 , -129222 -6183285 6997592 5189474 -14157266 7510932 , 9722876 2074254 2902372 1450488 -2062885 13865249 , 36668978 1904378 -1904378 0 -1841063 -3745441 , 3.205050457870995e-11 , 9
0.5430302690059761 , 10585394 11238289 -37345697 4267399 4487396 -37364127 , 4779981 1566009 -1566009 0 3819997 2253988 , -129222 -6183285 6997592 5189474 -14157266 7510932 , 1597762 -3470387 3470387 0 -1978934 1491453 , 6317995 37345697 -11238289 -4267399 -18430 -6750893 , 9722876 2074254 2902372 1450488 -2062885 13865249 , 8272388 -2902372 -2074254 -1450488 10962877 -4137139 , -5318696 -6997592 6183285 -5189474 513340 -7973981 , 36668978 1904378 -1904378 0 -1841063 -3745441 , 3.2050504578898987e-11 , 10
0.5430302690059761 , 10585394 11238289 -37345697 4267399 4487396 -37364127 , 4779981 1566009 -1566009 0 3819997 2253988 , 129222 6183285 -6997592 -5189474 14157266 -7510932 , 1597762 -3470387 3470387 0 -1978934 1491453 , 6317995 37345697 -11238289 -4267399 -18430 -6750893 , -9722876 -2074254 -2902372 -1450488 2062885 -13865249 , -8272388 2902372 2074254 1450488 -10962877 4137139 , 5318696 6997592 -6183285 5189474 -513340 7973981 , 36668978 1904378 -1904378 0 -1841063 -3745441 , 3.2050504578898987e-11 , 11
0.5430302690059761 , 10585394 11238289 -37345697 4267399 4487396 -37364127 , 4779981 1566009 -1566009 0 3819997 2253988 , -5318696 7973981 -513340 -129222 -6183285 6997592 , 1597762 -3470387 3470387 0 -1978934 1491453 , 6317995 37345697 -11238289 -4267399 -18430 -6750893 , 8272388 4137139 -10962877 9722876 2074254 2902372 , -1450488 10962877 -4137139 -9722876 13865249 -2062885 , -5189474 513340 -7973981 129222 7510932 -14157266 , 36668978 1904378 -1904378 0 -1841063 -3745441 , 3.2050504581958288e-11 , 12
0.5430302690059761 , 10585394 11238289 -37345697 4267399 4487396 -37364127 , 4779981 1566009 -1566009 0 3819997 2253988 , 5318696 -7973981 513340 129222 6183285 -6997592 , 1597762 -3470387 3470387 0 -1978934 1491453 , 6317995 37345697 -11238289 -4267399 -18430 -6750893 , -8272388 -4137139 10962877 -9722876 -2074254 -2902372 , 1450488 -10962877 4137139 9722876 -13865249 2062885 , 5189474 -513340 7973981 -129222 -7510932 14157266 , 36668978 1904378 -1904378 0 -1841063 -3745441 , 3.2050504581958288e-11 , 13
0.5430302690059761 , 10585394 11238289 -37345697 4267399 4487396 -37364127 , 4779981 1566009 -1566009 0 3819997 2253988 , -14157266 7510932 129222 -7973981 513340 -5189474 , 1597762 -3470387 3470387 0 -1978934 1491453 , 6317995 37345697 -11238289 -4267399 -18430 -6750893 , -2062885 13865249 -9722876 -4137139 10962877 -1450488 , 2074254 9722876 -13865249 4137139 8272388 -2902372 , -6183285 -129222 -7510932 7973981 -5318696 -6997592 , 36668978 1904378 -1904378 0 -1841063 -3745441 , 3.205050458434053e-11 , 14
0.5430302690059761 , 10585394 11238289 -37345697 4267399 4487396 -37364127 , 4779981 1566009 -1566009 0 3819997 2253988 , 14157266 -7510932 -129222 7973981 -513340 5189474 , 1597762 -3470387 3470387 0 -1978934 1491453 , 6317995 37345697 -11238289 -4267399 -18430 -6750893 , 2062885 -13865249 9722876 4137139 -10962877 1450488 , -2074254 -9722876 13865249 -4137139 -8272388 2902372 , 6183285 129222 7510932 -7973981 5318696 6997592 , 36668978 1904378 -1904378 0 -1841063 -3745441 , 3.205050458434053e-11 , 15
0.5430302690059761 , 10585394 11238289 -37345697 4267399 4487396 -37364127 , 1597762 -3470387 3470387 0 -1978934 1491453 , 2062885 -1450488 10962877 -2074254 -9722876 13865249 , 4779981 1566009 -1566009 0 3819997 2253988 , 6317995 37345697 -11238289 -4267399 -18430 -6750893 , 14157266 -5189474 513340 6183285 129222 7510932 , 7973981 -513340 5189474 -6183285 6997592 5318696 , 4137139 -10962877 1450488 2074254 2902372 -8272388 , 36668978 1904378 -1904378 0 -1841063 -3745441 , 3.2050504585145015e-11 , 16
0.5430302690059761 , 10585394 11238289 -37345697 4267399 4487396 -37364127 , 1597762 -3470387 3470387 0 -1978934 1491453 , -2062885 1450488 -10962877 2074254 9722876 -13865249 , 4779981 1566009 -1566009 0 3819997 2253988 , 6317995 37345697 -11238289 -4267399 -18430 -6750893 , -14157266 5189474 -513340 -6183285 -129222 -7510932 , -7973981 513340 -5189474 6183285 -6997592 -5318696 , -4137139 10962877 -1450488 -2074254 -2902372 8272388 , 36668978 1904378 -1904378 0 -1841063 -3745441 , 3.2050504585145015e-11 , 17
0.5430302690059761 , 10585394 11238289 -37345697 4267399 4487396 -37364127 , 4779981 1566009 -1566009 0 3819997 2253988 , -7510932 -129222 -6183285 -513340 5189474 -14157266 , 1597762 -3470387 3470387 0 -1978934 1491453 , 6317995 37345697 -11238289 -4267399 -18430 -6750893 , -13865249 9722876 2074254 -10962877 1450488 -2062885 , -2902372 -2074254 -9722876 10962877 -4137139 -8272388 , -6997592 6183285 129222 513340 -7973981 5318696 , 36668978 1904378 -1904378 0 -1841063 -3745441 , 3.2050504587052635e-11 , 18
0.5430302690059761 , 10585394 11238289 -37345697 4267399 4487396 -37364127 , 4779981 1566009 -1566009 0 3819997 2253988 , 7510932 129222 6183285 513340 -5189474 14157266 , 1597762 -3470387 3470387 0 -1978934 1491453 , 6317995 37345697 -11238289 -4267399 -18430 -6750893 , 13865249 -9722876 -2074254 10962877 -1450488 2062885 , 2902372 2074254 9722876 -10962877 4137139 8272388 , 6997592 -6183285 -129222 -513340 7973981 -5318696 , 36668978 1904378 -1904378 0 -1841063 -3745441 , 3.2050504587052635e-11 , 19
0.5430302690059761 , 10585394 11238289 -37345697 4267399 4487396 -37364127 , 1597762 -3470387 3470387 0 -1978934 1491453 , -13865249 2062885 -1450488 -2902372 -2074254 -9722876 , 4779981 1566009 -1566009 0 3819997 2253988 , 6317995 37345697 -11238289 -4267399 -18430 -6750893 , -7510932 14157266 -5189474 -6997592 6183285 129222 , -513340 5189474 -14157266 6997592 5318696 -7973981 , -10962877 1450488 -2062885 2902372 -8272388 -4137139 , 36668978 1904378 -1904378 0 -1841063 -3745441 , 3.2050504588411893e-11 , 20
0.5430302690059761 , 10585394 11238289 -37345697 4267399 4487396 -37364127 , 1597762 -3470387 3470387 0 -1978934 1491453 , 13865249 -2062885 1450488 2902372 2074254 9722876 , 4779981 1566009 -1566009 0 3819997 2253988 , 6317995 37345697 -11238289 -4267399 -18430 -6750893 , 7510932 -14157266 5189474 6997592 -6183285 -129222 , 513340 -5189474 14157266 -6997592 -5318696 7973981 , 10962877 -1450488 2062885 -2902372 8272388 4137139 , 36668978 1904378 -1904378 0 -1841063 -3745441 , 3.2050504588411893e-11 , 21
0.5430302690059761 , 10585394 11238289 -37345697 4267399 4487396 -37364127 , 4779981 1566009 -1566009 0 3819997 2253988 , -6997592 -5318696 7973981 -7510932 -129222 -6183285 , 1597762 -3470387 3470387 0 -1978934 1491453 , 6317995 37345697 -11238289 -4267399 -18430 -6750893 , -2902372 8272388 4137139 -13865249 9722876 2074254 , 10962877 -4137139 -8272388 13865249 -2062885 1450488 , 513340 -7973981 5318696 7510932 -14157266 5189474 , 36668978 1904378 -1904378 0 -1841063 -3745441 , 3.2050504590528972e-11 , 22
0.5430302690059761 , 10585394 11238289 -37345697 4267399 4487396 -37364127 , 4779981 1566009 -1566009 0 3819997 2253988 , 6997592 5318696 -7973981 7510932 129222 6183285 , 1597762 -3470387 3470387 0 -1978934 1491453 , 6317995 37345697 -11238289 -4267399 -18430 -6750893 , 2902372 -8272388 -4137139 13865249 -9722876 -2074254 , -10962877 4137139 8272388 -13865249 2062885 -1450488 , -513340 7973981 -5318696 -7510932 14157266 -5189474 , 36668978 1904378 -1904378 0 -1841063 -3745441 , 3.2050504590528972e-11 , 23
0.5430302690059761 , 10585394 11238289 -37345697 4267399 4487396 -37364127 , 4779981 1566009 -1566009 0 3819997 2253988 , -513340 5189474 -14157266 6997592 5318696 -7973981 , 1597762 -3470387 3470387 0 -1978934 1491453 , 6317995 37345697 -11238289 -4267399 -18430 -6750893 , -10962877 1450488 -2062885 2902372 -8272388 -4137139 , -13865249 2062885 -1450488 -2902372 -2074254 -9722876 , -7510932 14157266 -5189474 -6997592 6183285 129222 , 36668978 1904378 -1904378 0 -1841063 -3745441 , 3.2050504593931773e-11 , 24
0.5430302690059761 , 10585394 11238289 -37345697 4267399 4487396 -37364127 , 4779981 1566009 -1566009 0 3819997 2253988 , 513340 -5189474 14157266 -6997592 -5318696 7973981 , 1597762 -3470387 3470387 0 -1978934 1491453 , 6317995 37345697 -11238289 -4267399 -18430 -6750893 , 10962877 -1450488 2062885 -2902372 8272388 4137139 , 13865249 -2062885 1450488 2902372 2074254 9722876 , 7510932 -14157266 5189474 6997592 -6183285 -129222 , 36668978 1904378 -1904378 0 -1841063 -3745441 , 3.2050504593931773e-11 , 25
0.5430302690059761 , 10585394 11238289 -37345697 4267399 4487396 -37364127 , 1597762 -3470387 3470387 0 -1978934 1491453 , -4137139 -8272388 2902372 -2062885 1450488 -10962877 , 4779981 1566009 -1566009 0 3819997 2253988 , 6317995 37345697 -11238289 -4267399 -18430 -6750893 , -7973981 5318696 6997592 -14157266 5189474 -513340 , 6183285 -6997592 -5318696 14157266 -7510932 -129222 , -2074254 -2902372 8272388 2062885 -13865249 9722876 , 36668978 1904378 -1904378 0 -1841063 -3745441 , 3.2050504596764039e-11 , 26
0.5430302690059761 , 10585394 11238289 -37345697 4267399 4487396 -37364127 , 1597762 -3470387 3470387 0 -1978934 1491453 , 4137139 8272388 -2902372 2062885 -1450488 10962877 , 4779981 1566009 -1566009 0 3819997 2253988 , 6317995 37345697 -11238289 -4267399 -18430 -6750893 , 7973981 -5318696 -6997592 14157266 -5189474 513340 , -6183285 6997592 5318696 -14157266 7510932 129222 , 2074254 2902372 -8272388 -2062885 13865249 -9722876 , 36668978 1904378 -1904378 0 -1841063 -3745441 , 3.2050504596764039e-11 , 27
0.5430302690059761 , 10585394 11238289 -37345697 4267399 4487396 -37364127 , 4779981 1566009 -1566009 0 3819997 2253988 , 5189474 -14157266 7510932 5318696 -7973981 513340 , 1597762 -3470387 3470387 0 -1978934 1491453 , 6317995 37345697 -11238289 -4267399 -18430 -6750893 , 1450488 -2062885 13865249 -8272388 -4137139 10962877 , 9722876 -13865249 2062885 8272388 -2902372 -2074254 , -129222 -7510932 14157266 -5318696 -6997592 6183285 , 36668978 1904378 -1904378 0 -1841063 -3745441 , 3.2050504597148879e-11 , 28
0.5430302690059761 , 10585394 11238289 -37345697 4267399 4487396 -37364127 , 4779981 1566009 -1566009 0 3819997 2253988 , -5189474 14157266 -7510932 -5318696 7973981 -513340 , 1597762 -3470387 3470387 0 -1978934 1491453 , 6317995 37345697 -11238289 -4267399 -18430 -6750893 , -1450488 2062885 -13865249 8272388 4137139 -10962877 , -9722876 13865249 -2062885 -8272388 2902372 2074254 , 129222 7510932 -14157266 5318696 6997592 -6183285 , 36668978 1904378 -1904378 0 -1841063 -3745441 , 3.2050504597148879e-11 , 29
0.5430302690059761 , 10585394 11238289 -37345697 4267399 4487396 -37364127 , 4779981 1566009 -1566009 0 3819997 2253988 , -6183285 6997592 5318696 -14157266 7510932 129222 , 1597762 -3470387 3470387 0 -1978934 1491453 , 6317995 37345697 -11238289 -4267399 -18430 -6750893 , 2074254 2902372 -8272388 -2062885 13865249 -9722876 , 4137139 8272388 -2902372 2062885 -1450488 10962877 , 7973981 -5318696 -6997592 14157266 -5189474 513340 , 36668978 1904378 -1904378 0 -1841063 -3745441 , 3.2050504599552633e-11 , 30
0.5430302690059761 , 10585394 11238289 -37345697 4267399 4487396 -37364127 , 4779981 1566009 -1566009 0 3819997 2253988 , 6183285 -6997592 -5318696 14157266 -7510932 -129222 , 1597762 -3470387 3470387 0 -1978934 1491453 , 6317995 37345697 -11238289 -4267399 -18430 -6750893 , -2074254 -2902372 8272388 2062885 -13865249 9722876 , -4137139 -8272388 2902372 -2062885 1450488 -10962877 , -7973981 5318696 6997592 -14157266 5189474 -513340 , 36668978 1904378 -1904378 0 -1841063 -3745441 , 3.2050504599552633e-11 , 31
0.5430302690059761 , 10585394 11238289 -37345697 4267399 4487396 -37364127 , 4779981 1566009 -1566009 0 3819997 2253988 , -7973981 513340 -5189474 6183285 -6997592 -5318696 , 1597762 -3470387 3470387 0 -1978934 1491453 , 6317995 37345697 -11238289 -4267399 -18430 -6750893 , -4137139 10962877 -1450488 -2074254 -2902372 8272388 , -2062885 1450488 -10962877 2074254 9722876 -13865249 , -14157266 5189474 -513340 -6183285 -129222 -7510932 , 36668978 1904378 -1904378 0 -1841063 -3745441 , 3.2050504602003725e-11 , 32
0.5430302690059761 , 10585394 11238289 -37345697 4267399 4487396 -37364127 , 4779981 1566009 -1566009 0 3819997 2253988 , 7973981 -513340 5189474 -6183285 6997592 5318696 , 1597762 -3470387 3470387 0 -1978934 1491453 , 6317995 37345697 -11238289 -4267399 -18430 -6750893 , 4137139 -10962877 1450488 2074254 2902372 -8272388 , 2062885 -1450488 10962877 -2074254 -9722876 13865249 , 14157266 -5189474 513340 6183285 129222 7510932 , 36668978 1904378 -1904378 0 -1841063 -3745441 , 3.2050504602003725e-11 , 33
0.5430302690059761 , 10585394 11238289 -37345697 4267399 4487396 -37364127 , 1597762 -3470387 3470387 0 -1978934 1491453 , -1450488 10962877 -4137139 -9722876 13865249 -2062885 , 4779981 1566009 -1566009 0 3819997 2253988 , 6317995 37345697 -11238289 -4267399 -18430 -6750893 , -5189474 513340 -7973981 129222 7510932 -14157266 , -5318696 7973981 -513340 -129222 -6183285 6997592 , 8272388 4137139 -10962877 9722876 2074254 2902372 , 36668978 1904378 -1904378 0 -1841063 -3745441 , 3.2050504603698779e-11 , 34
0.5430302690059761 , 10585394 11238289 -37345697 4267399 4487396 -37364127 , 1597762 -3470387 3470387 0 -1978934 1491453 , 1450488 -10962877 4137139 9722876 -13865249 2062885 , 4779981 1566009 -1566009 0 3819997 2253988 , 6317995 37345697 -11238289 -4267399 -18430 -6750893 , 5189474 -513340 7973981 -129222 -7510932 14157266 , 5318696 -7973981 513340 129222 6183285 -6997592 , -8272388 -4137139 10962877 -9722876 -2074254 -2902372 , 36668978 1904378 -1904378 0 -1841063 -3745441 , 3.2050504603698779e-11 , 35
0.6516662352276114 , 12634776 -4129067 -13048894 -11608880 2443071 -31996927 , 16325281 1158800 -1158800 0 9631163 8472363 , -3433846 -2534729 9235719 -1590978 -10484141 7316822 , -3633110 5155628 -5155628 0 2269769 -2885859 , 24243656 13048894 4129067 11608880 -18948033 6572138 , 9467554 9426201 1998838 -10941395 14092166 9858469 , 20408949 -1998838 -9426201 10941395 7859631 4665965 , -1842868 -9235719 2534729 1590978 -1918897 -7949412 , 30354550 -6314428 6314428 0 -11900932 -5586504 , 4.1203071292298357e-11 , 0
0.6516662352276114 , 12634776 -4129067 -13048894 -11608880 2443071 -31996927 , 16325281 1158800 -1158800 0 9631163 8472363 , 3433846 2534729 -9235719 1590978 10484141 -7316822 , -3633110 5155628 -5155628 0 2269769 -2885859 , 24243656 13048894 4129067 11608880 -18948033 6572138 , -9467554 -9426201 -1998838 10941395 -14092166 -9858469 , -20408949 1998838 9426201 -10941395 -7859631 -4665965 , 1842868 9235719 -2534729 -1590978 1918897 7949412 , 30354550 -6314428 6314428 0 -11900932 -5586504 , 4.1203071292298357e-11 , 1
0.6516662352276114 , 12634776 -4129067 -13048894 -11608880 2443071 -31996927 , -3633110 5155628 -5155628 0 2269769 -2885859 , -9858469 -14092166 10941395 -1998838 -9426201 -9467554 , 16325281 1158800 -1158800 0 9631163 8472363 , 24243656 13048894 4129067 11608880 -18948033 6572138 , -7316822 10484141 1590978 -9235719 2534729 3433846 , 1918897 -1590978 -10484141 9235719 1842868 -7949412 , -7859631 -10941395 14092166 1998838 -20408949 4665965 , 30354550 -6314428 6314428 0 -11900932 -5586504 , 4.1203071293243346e-11 , 2
0.6516662352276114 , 12634776 -4129067 -13048894 -11608880 2443071 -31996927 , -3633110 5155628 -5155628 0 2269769 -2885859 , 9858469 14092166 -10941395 1998838 9426201 9467554 , 16325281 1158800 -1158800 0 9631163 8472363 , 24243656 13048894 4129067 11608880 -18948033 6572138 , 7316822 -10484141 -1590978 9235719 -2534729 -3433846 , -1918897 1590978 10484141 -9235719 -1842868 7949412 , 7859631 10941395 -14092166 -1998838 20408949 -4665965 , 30354550 -6314428 6314428 0 -11900932 -5586504 , 4.1203071293243346e-11 , 3
0.6516662352276114 , 12634776 -4129067 -13048894 -11608880 2443071 -31996927 , 16325281 1158800 -1158800 0 9631163 8472363 , -7316822 -3433846 -2534729 1918897 -1590978 -10484141 , -3633110 5155628 -5155628 0 2269769 -2885859 , 24243656 13048894 4129067 11608880 -18948033 6572138 , -9858469 9467554 9426201 -7859631 -10941395 14092166 , -1998838 -9426201 -9467554 7859631 4665965 -20408949 , -9235719 2534729 3433846 -1918897 -7949412 1842868 , 30354550 -6314428 6314428 0 -11900932 -5586504 , 4.1203071293540465e-11 , 4
0.6516662352276114 , 12634776 -4129067 -13048894 -11608880 2443071 -31996927 , 16325281 1158800 -1158800 0 9631163 8472363 , 7316822 3433846 2534729 -1918897 1590978 10484141 , -3633110 5155628 -5155628 0 2269769 -2885859 , 24243656 13048894 4129067 11608880 -18948033 6572138 , 9858469 -9467554 -9426201 7859631 10941395 -14092166 , 1998838 9426201 9467554 -7859631 -4665965 20408949 , 9235719 -2534729 -3433846 1918897 7949412 -1842868 , 30354550 -6314428 6314428 0 -11900932 -5586504 , 4.1203071293540465e-11 , 5
0.6516662352276114 , 12634776 -4129067 -13048894 -11608880 2443071 -31996927 , -3633110 5155628 -5155628 0 2269769 -2885859 , -7859631 -4665965 20408949 -9858469 -14092166 10941395 , 16325281 1158800 -1158800 0 9631163 8472363 , 24243656 13048894 4129067 11608880 -18948033 6572138 , 1918897 7949412 -1842868 -7316822 10484141 1590978 , 9235719 1842868 -7949412 7316822 3433846 2534729 , 1998838 -20408949 4665965 9858469 -9467554 -9426201 , 30354550 -6314428 6314428 0 -11900932 -5586504 , 4.1203071293869974e-11 , 6
0.6516662352276114 , 12634776 -4129067 -13048894 -11608880 2443071 -31996927 , -3633110 5155628 -5155628 0 2269769 -2885859 , 7859631 4665965 -20408949 9858469 14092166 -10941395 , 16325281 1158800 -1158800 0 9631163 8472363 , 24243656 13048894 4129067 11608880 -18948033 6572138 , -1918897 -7949412 1842868 7316822 -10484141 -1590978 , -9235719 -1842868 7949412 -7316822 -3433846 -2534729 , -1998838 20408949 -4665965 -9858469 9467554 9426201 , 30354550 -6314428 6314428 0 -11900932 -5586504 , 4.1203071293869974e-11 , 7
0.6516662352276114 , 12634776 -4129067 -13048894 -11608880 2443071 -31996927 , 16325281 1158800 -1158800 0 9631163 8472363 , -10484141 7316822 3433846 -7949412 -1918897 1590978 , -3633110 5155628 -5155628 0 2269769 -2885859 , 24243656 13048894 4129067 11608880 -18948033 6572138 , 14092166 9858469 -9467554 4665965 7859631 10941395 , 9426201 9467554 -9858469 -4665965 20408949 -1998838 , -2534729 -3433846 -7316822 7949412 -1842868 -9235719 , 30354550 -6314428 6314428 0 -11900932 -5586504 , 4.1203071293879454e-11 , 8
0.6516662352276114 , 12634776 -4129067 -13048894 -11608880 2443071 -31996927 , 16325281 1158800 -1158800 0 9631163 8472363 , 10484141 -7316822 -3433846 7949412 1918897 -1590978 , -3633110 5155628 -5155628 0 2269769 -2885859 , 24243656 13048894 4129067 11608880 -18948033 6572138 , -14092166 -9858469 9467554 -4665965 -7859631 -10941395 , -9426201 -9467554 9858469 4665965 -20408949 1998838 , 2534729 3433846 7316822 -7949412 1842868 9235719 , 30354550 -6314428 6314428 0 -11900932 -5586504 , 4.1203071293879454e-11 , 9
0.6516662352276114 , 12634776 -4129067 -13048894 -11608880 2443071 -31996927 , -3633110 5155628 -5155628 0 2269769 -2885859 , -14092166 10941395 7859631 -9426201 -9467554 9858469 , 16325281 1158800 -1158800 0 9631163 8472363 , 24243656 13048894 4129067 11608880 -18948033 6572138 , 10484141 1590978 -1918897 2534729 3433846 7316822 , 7949412 1918897 -1590978 -2534729 9235719 1842868 , -4665965 -7859631 -10941395 9426201 1998838 -20408949 , 30354550 -6314428 6314428 0 -11900932 -5586504 , 4.1203071294771485e-11 , 10
0.6516662352276114 , 12634776 -4129067 -13048894 -11608880 2443071 -31996927 , -3633110 5155628 -5155628 0 2269769 -2885859 , 14092166 -10941395 -7859631 9426201 9467554 -9858469 , 16325281 1158800 -1158800 0 9631163 8472363 , 24243656 13048894 4129067 11608880 -18948033 6572138 , -10484141 -1590978 1918897 -2534729 -3433846 -7316822 , -7949412 -1918897 1590978 2534729 -9235719 -1842868 , 4665965 7859631 10941395 -9426201 -1998838 20408949 , 30354550 -6314428 6314428 0 -11900932 -5586504 , 4.1203071294771485e-11 , 11
0.6516662352276114 , 12634776 -4129067 -13048894 -11608880 2443071 -31996927 , 16325281 1158800 -1158800 0 9631163 8472363 , -7949412 -1918897 1590978 2534729 -9235719 -1842868 , -3633110 5155628 -5155628 0 2269769 -2885859 , 24243656 13048894 4129067 11608880 -18948033 6572138 , 4665965 7859631 10941395 -9426201 -1998838 20408949 , 14092166 -10941395 -7859631 9426201 9467554 -9858469 , -10484141 -1590978 1918897 -2534729 -3433846 -7316822 , 30354550 -6314428 6314428 0 -11900932 -5586504 , 4.1203071296125179e-11 , 12
0.6516662352276114 , 12634776 -4129067 -13048894 -11608880 2443071 -31996927 , 16325281 1158800 -1158800 0 9631163 8472363 , 7949412 1918897 -1590978 -2534729 9235719 1842868 , -3633110 5155628 -5155628 0 2269769 -2885859 , 24243656 13048894 4129067 11608880 -18948033 6572138 , -4665965 -7859631 -10941395 9426201 1998838 -20408949 , -14092166 10941395 7859631 -9426201 -9467554 9858469 , 10484141 1590978 -1918897 2534729 3433846 7316822 , 30354550 -6314428 6314428 0 -11900932 -5586504 , 4.1203071296125179e-11 , 13
0.6516662352276114 , 12634776 -4129067 -13048894 -11608880 2443071 -31996927 , 16325281 1158800 -1158800 0 9631163 8472363 , -1590978 -10484141 7316822 1842868 -7949412 -1918897 , -3633110 5155628 -5155628 0 2269769 -2885859 , 24243656 13048894 4129067 11608880 -18948033 6572138 , -10941395 14092166 9858469 -20408949 4665965 7859631 , 9467554 -9858469 -14092166 20408949 -1998838 -9426201 , -3433846 -7316822 10484141 -1842868 -9235719 2534729 , 30354550 -6314428 6314428 0 -11900932 -5586504 , 4.1203071296421846e-11 , 14
0.6516662352276114 , 12634776 -4129067 -13048894 -11608880 2443071 -31996927 , 16325281 1158800 -1158800 0 9631163 8472363 , 1590978 10484141 -7316822 -1842868 7949412 1918897 , -3633110 5155628 -5155628 0 2269769 -2885859 , 24243656 13048894 4129067 11608880 -18948033 6572138 , 10941395 -14092166 -9858469 20408949 -4665965 -7859631 , -9467554 9858469 14092166 -20408949 1998838 9426201 , 3433846 7316822 -10484141 1842868 9235719 -2534729 , 30354550 -6314428 6314428 0 -11900932 -5586504 , 4.1203071296421846e-11 , 15
0.6516662352276114 , 12634776 -4129067 -13048894 -11608880 2443071 -31996927 , 16325281 1158800 -1158800 0 9631163 8472363 , 1918897 -1590978 -10484141 9235719 1842868 -7949412 , -3633110 5155628 -5155628 0 2269769 -2885859 , 24243656 13048894 4129067 11608880 -18948033 6572138 , -7859631 -10941395 14092166 1998838 -20408949 4665965 , -9858469 -14092166 10941395 -1998838 -9426201 -9467554 , -7316822 10484141 1590978 -9235719 2534729 3433846 , 30354550 -6314428 6314428 0 -11900932 -5586504 , 4.1203071297283807e-11 , 16
0.6516662352276114 , 12634776 -4129067 -13048894 -11608880 2443071 -31996927 , 16325281 1158800 -1158800 0 9631163 8472363 , -1918897 1590978 10484141 -9235719 -1842868 7949412 , -3633110 5155628 -5155628 0 2269769 -2885859 , 24243656 13048894 4129067 11608880 -18948033 6572138 , 7859631 10941395 -14092166 -1998838 20408949 -4665965 , 9858469 14092166 -10941395 1998838 9426201 9467554 , 7316822 -10484141 -1590978 9235719 -2534729 -3433846 , 30354550 -6314428 6314428 0 -11900932 -5586504 , 4.1203071297283807e-11 , 17
0.6516662352276114 , 12634776 -4129067 -13048894 -11608880 2443071 -31996927 , -3633110 5155628 -5155628 0 2269769 -2885859 , 9467554 -9858469 -14092166 20408949 -1998838 -9426201 , 16325281 1158800 -1158800 0 9631163 8472363 , 24243656 13048894 4129067 11608880 -18948033 6572138 , -3433846 -7316822 10484141 -1842868 -9235719 2534729 , -1590978 -10484141 7316822 1842868 -7949412 -1918897 , -10941395 14092166 9858469 -20408949 4665965 7859631 , 30354550 -6314428 6314428 0 -11900932 -5586504 , 4.1203071297576687e-11 , 18
0.6516662352276114 , 12634776 -4129067 -13048894 -11608880 2443071 -31996927 , -3633110 5155628 -5155628 0 2269769 -2885859 , -9467554 9858469 14092166 -20408949 1998838 9426201 , 16325281 1158800 -1158800 0 9631163 8472363 , 24243656 13048894 4129067 11608880 -18948033 6572138 , 3433846 7316822 -10484141 1842868 9235719 -2534729 , 1590978 10484141 -7316822 -1842868 7949412 1918897 , 10941395 -14092166 -9858469 20408949 -4665965 -7859631 , 30354550 -6314428 6314428 0 -11900932 -5586504 , 4.1203071297576687e-11 , 19
0.6516662352276114 , 12634776 -4129067 -13048894 -11608880 2443071 -31996927 , -3633110 5155628 -5155628 0 2269769 -2885859 , 1998838 9426201 9467554 -7859631 -4665965 20408949 , 16325281 1158800 -1158800 0 9631163 8472363 , 24243656 13048894 4129067 11608880 -18948033 6572138 , 9235719 -2534729 -3433846 1918897 7949412 -1842868 , 7316822 3433846 2534729 -1918897 1590978 10484141 , 9858469 -9467554 -9426201 7859631 10941395 -14092166 , 30354550 -6314428 6314428 0 -11900932 -5586504 , 4.1203071299228024e-11 , 20
0.6516662352276114 , 12634776 -4129067 -13048894 -11608880 2443071 -31996927 , -3633110 5155628 -5155628 0 2269769 -2885859 , -1998838 -9426201 -9467554 7859631 4665965 -20408949 , 16325281 1158800 -1158800 0 9631163 8472363 , 24243656 13048894 4129067 11608880 -18948033 6572138 , -9235719 2534729 3433846 -1918897 -7949412 1842868 , -7316822 -3433846 -2534729 1918897 -1590978 -10484141 , -9858469 9467554 9426201 -7859631 -10941395 14092166 , 30354550 -6314428 6314428 0 -11900932 -5586504 , 4.1203071299228024e-11 , 21
0.6516662352276114 , 12634776 -4129067 -13048894 -11608880 2443071 -31996927 , -3633110 5155628 -5155628 0 2269769 -2885859 , -9426201 -9467554 9858469 4665965 -20408949 1998838 , 16325281 1158800 -1158800 0 9631163 8472363 , 24243656 13048894 4129067 11608880 -18948033 6572138 , 2534729 3433846 7316822 -7949412 1842868 9235719 , 10484141 -7316822 -3433846 7949412 1918897 -1590978 , -14092166 -9858469 9467554 -4665965 -7859631 -10941395 , 30354550 -6314428 6314428 0 -11900932 -5586504 , 4.1203071301423762e-11 , 22
0.6516662352276114 , 12634776 -4129067 -13048894 -11608880 2443071 -31996927 , -3633110 5155628 -5155628 0 2269769 -2885859 , 9426201 9467554 -9858469 -4665965 20408949 -1998838 , 16325281 1158800 -1158800 0 9631163 8472363 , 24243656 13048894 4129067 11608880 -18948033 6572138 , -2534729 -3433846 -7316822 7949412 -1842868 -9235719 , -10484141 7316822 3433846 -7949412 -1918897 1590978 , 14092166 9858469 -9467554 4665965 7859631 10941395 , 30354550 -6314428 6314428 0 -11900932 -5586504 , 4.1203071301423762e-11 , 23
0.6516662352276114 , 12634776 -4129067 -13048894 -11608880 2443071 -31996927 , 16325281 1158800 -1158800 0 9631163 8472363 , -1842868 7949412 1918897 -3433846 -2534729 9235719 , -3633110 5155628 -5155628 0 2269769 -2885859 , 24243656 13048894 4129067 11608880 -18948033 6572138 , 20408949 -4665965 -7859631 9467554 9426201 1998838 , 10941395 7859631 4665965 -9467554 9858469 14092166 , 1590978 -1918897 -7949412 3433846 7316822 -10484141 , 30354550 -6314428 6314428 0 -11900932 -5586504 , 4.1203071305769814e-11 , 24
0.6516662352276114 , 12634776 -4129067 -13048894 -11608880 2443071 -31996927 , 16325281 1158800 -1158800 0 9631163 8472363 , 1842868 -7949412 -1918897 3433846 2534729 -9235719 , -3633110 5155628 -5155628 0 2269769 -2885859 , 24243656 13048894 4129067 11608880 -18948033 6572138 , -20408949 4665965 7859631 -9467554 -9426201 -1998838 , -10941395 -7859631 -4665965 9467554 -9858469 -14092166 , -1590978 1918897 7949412 -3433846 -7316822 10484141 , 30354550 -6314428 6314428 0 -11900932 -5586504 , 4.1203071305769814e-11 , 25
0.6516662352276114 , 12634776 -4129067 -13048894 -11608880 2443071 -31996927 , -3633110 5155628 -5155628 0 2269769 -2885859 , -20408949 1998838 9426201 -10941395 -7859631 -4665965 , 16325281 1158800 -1158800 0 9631163 8472363 , 24243656 13048894 4129067 11608880 -18948033 6572138 , 1842868 9235719 -2534729 -1590978 1918897 7949412 , 3433846 2534729 -9235719 1590978 10484141 -7316822 , -9467554 -9426201 -1998838 10941395 -14092166 -9858469 , 30354550 -6314428 6314428 0 -11900932 -5586504 , 4.1203071306884963e-11 , 26
0.6516662352276114 , 12634776 -4129067 -13048894 -11608880 2443071 -31996927 , -3633110 5155628 -5155628 0 2269769 -2885859 , 20408949 -1998838 -9426201 10941395 7859631 4665965 , 16325281 1158800 -1158800 0 9631163 8472363 , 24243656 13048894 4129067 11608880 -18948033 6572138 , -1842868 -9235719 2534729 1590978 -1918897 -7949412 , -3433846 -2534729 9235719 -1590978 -10484141 7316822 , 9467554 9426201 1998838 -10941395 14092166 9858469 , 30354550 -6314428 6314428 0 -11900932 -5586504 , 4.1203071306884963e-11 , 27
0.6516662352276114 , 12634776 -4129067 -13048894 -11608880 2443071 -31996927 , -3633110 5155628 -5155628 0 2269769 -2885859 , -4665965 20408949 -1998838 -14092166 10941395 7859631 , 16325281 1158800 -1158800 0 9631163 8472363 , 24243656 13048894 4129067 11608880 -18948033 6572138 , 7949412 -1842868 -9235719 10484141 1590978 -1918897 , -2534729 9235719 1842868 -10484141 7316822 3433846 , 9426201 1998838 -20408949 14092166 9858469 -9467554 , 30354550 -6314428 6314428 0 -11900932 -5586504 , 4.120307130688906e-11 , 28
0.6516662352276114 , 12634776 -4129067 -13048894 -11608880 2443071 -31996927 , -3633110 5155628 -5155628 0 2269769 -2885859 , 4665965 -20408949 1998838 14092166 -10941395 -7859631 , 16325281 1158800 -1158800 0 9631163 8472363 , 24243656 13048894 4129067 11608880 -18948033 6572138 , -7949412 1842868 9235719 -10484141 -1590978 1918897 , 2534729 -9235719 -1842868 10484141 -7316822 -3433846 , -9426201 -1998838 20408949 -14092166 -9858469 9467554 , 30354550 -6314428 6314428 0 -11900932 -5586504 , 4.120307130688906e-11 , 29
0.6516662352276114 , 12634776 -4129067 -13048894 -11608880 2443071 -31996927 , -3633110 5155628 -5155628 0 2269769 -2885859 , -10941395 -7859631 -4665965 9467554 -9858469 -14092166 , 16325281 1158800 -1158800 0 9631163 8472363 , 24243656 13048894 4129067 11608880 -18948033 6572138 , -1590978 1918897 7949412 -3433846 -7316822 10484141 , 1842868 -7949412 -1918897 3433846 2534729 -9235719 , -20408949 4665965 7859631 -9467554 -9426201 -1998838 , 30354550 -6314428 6314428 0 -11900932 -5586504 , 4.1203071310736549e-11 , 30
0.6516662352276114 , 12634776 -4129067 -13048894 -11608880 2443071 -31996927 , -3633110 5155628 -5155628 0 2269769 -2885859 , 10941395 7859631 4665965 -9467554 9858469 14092166 , 16325281 1158800 -1158800 0 9631163 8472363 , 24243656 13048894 4129067 11608880 -18948033 6572138 , 1590978 -1918897 -7949412 3433846 7316822 -10484141 , -1842868 7949412 1918897 -3433846 -2534729 9235719 , 20408949 -4665965 -7859631 9467554 9426201 1998838 , 30354550 -6314428 6314428 0 -11900932 -5586504 , 4.1203071310736549e-11 , 31
0.6516662352276114 , 12634776 -4129067 -13048894 -11608880 2443071 -31996927 , 16325281 1158800 -1158800 0 9631163 8472363 , 9235719 1842868 -7949412 7316822 3433846 2534729 , -3633110 5155628 -5155628 0 2269769 -2885859 , 24243656 13048894 4129067 11608880 -18948033 6572138 , 1998838 -20408949 4665965 9858469 -9467554 -9426201 , -7859631 -4665965 20408949 -9858469 -14092166 10941395 , 1918897 7949412 -1842868 -7316822 10484141 1590978 , 30354550 -6314428 6314428 0 -11900932 -5586504 , 4.1203071313575381e-11 , 32
0.6516662352276114 , 12634776 -4129067 -13048894 -11608880 2443071 -31996927 , 16325281 1158800 -1158800 0 9631163 8472363 , -9235719 -1842868 7949412 -7316822 -3433846 -2534729 , -3633110 5155628 -5155628 0 2269769 -2885859 , 24243656 13048894 4129067 11608880 -18948033 6572138 , -1998838 20408949 -4665965 -9858469 9467554 9426201 , 7859631 4665965 -20408949 9858469 14092166 -10941395 , -1918897 -7949412 1842868 7316822 -10484141 -1590978 , 30354550 -6314428 6314428 0 -11900932 -5586504 , 4.1203071313575381e-11 , 33
0.6516662352276114 , 12634776 -4129067 -13048894 -11608880 2443071 -31996927 , 16325281 1158800 -1158800 0 9631163 8472363 , -2534729 9235719 1842868 -10484141 7316822 3433846 , -3633110 5155628 -5155628 0 2269769 -2885859 , 24243656 13048894 4129067 11608880 -18948033 6572138 , 9426201 1998838 -20408949 14092166 9858469 -9467554 , -4665965 20408949 -1998838 -14092166 10941395 7859631 , 7949412 -1842868 -9235719 10484141 1590978 -1918897 , 30354550 -6314428 6314428 0 -11900932 -5586504 , 4.1203071322705516e-11 , 34
0.6516662352276114 , 12634776 -4129067 -13048894 -11608880 2443071 -31996927 , 16325281 1158800 -1158800 0 9631163 8472363 , 2534729 -9235719 -1842868 10484141 -7316822 -3433846 , -3633110 5155628 -5155628 0 2269769 -2885859 , 24243656 13048894 4129067 11608880 -18948033 6572138 , -9426201 -1998838 20408949 -14092166 -9858469 9467554 , 4665965 -20408949 1998838 14092166 -10941395 -7859631 , -7949412 1842868 9235719 -10484141 -1590978 1918897 , 30354550 -6314428 6314428 0 -11900932 -5586504 , 4.1203071322705516e-11 , 35
0.7563919277790115 , -3161944 -6594246 -5217734 -13504198 -14976898 -30114536 , 2997693 4961343 -4961343 0 5639563 678220 , -17248463 8251042 12176557 -23505259 6038712 -2910808 , 15344297 -6929036 6929036 0 2515928 9444964 , 10342254 5217734 6594246 13504198 -24896802 -8382652 , -13483302 13530118 2595898 -10422346 -1903024 4609564 , -3060956 -2595898 -13530118 10422346 2013666 -15433142 , 6256796 -12176557 -8251042 23505259 -15087365 -2212330 , 24704731 1967693 -1967693 0 -8155491 -10123184 , 1.1130652980683766e-11 , 0
0.7563919277790115 , -3161944 -6594246 -5217734 -13504198 -14976898 -30114536 , 2997693 4961343 -4961343 0 5639563 678220 , 17248463 -8251042 -12176557 23505259 -6038712 2910808 , 15344297 -6929036 6929036 0 2515928 9444964 , 10342254 5217734 6594246 13504198 -24896802 -8382652 , 13483302 -13530118 -2595898 10422346 1903024 -4609564 , 3060956 2595898 13530118 -10422346 -2013666 15433142 , -6256796 12176557 8251042 -23505259 15087365 2212330 , 24704731 1967693 -1967693 0 -8155491 -10123184 , 1.1130652980683766e-11 , 1
0.7563919277790115 , -3161944 -6594246 -5217734 -13504198 -14976898 -30114536 , 2997693 4961343 -4961343 0 5639563 678220 , -12176557 6256796 2212330 2910808 -17248463 8251042 , 15344297 -6929036 6929036 0 2515928 9444964 , 10342254 5217734 6594246 13504198 -24896802 -8382652 , -2595898 -3060956 15433142 -4609564 -13483302 13530118 , 2013666 -15433142 3060956 4609564 -1903024 -10422346 , -15087365 -2212330 -6256796 -2910808 6038712 -23505259 , 24704731 1967693 -1967693 0 -8155491 -10123184 , 1.1130652986375415e-11 , 2
0.7563919277790115 , -3161944 -6594246 -5217734 -13504198 -14976898 -30114536 , 2997693 4961343 -4961343 0 5639563 678220 , 12176557 -6256796 -2212330 -2910808 17248463 -8251042 , 15344297 -6929036 6929036 0 2515928 9444964 , 10342254 5217734 6594246 13504198 -24896802 -8382652 , 2595898 3060956 -15433142 4609564 13483302 -13530118 , -2013666 15433142 -3060956 -4609564 1903024 10422346 , 15087365 2212330 6256796 2910808 -6038712 23505259 , 24704731 1967693 -1967693 0 -8155491 -10123184 , 1.1130652986375415e-11 , 3
0.7563919277790115 , -3161944 -6594246 -5217734 -13504198 -14976898 -30114536 , 15344297 -6929036 6929036 0 2515928 9444964 , -2595898 -13530118 13483302 2013666 -15433142 3060956 , 2997693 4961343 -4961343 0 5639563 678220 , 10342254 5217734 6594246 13504198 -24896802 -8382652 , -12176557 -8251042 17248463 -15087365 -2212330 -6256796 , 2910808 -17248463 8251042 15087365 -23505259 6038712 , -4609564 -13483302 13530118 -2013666 -10422346 -1903024 , 24704731 1967693 -1967693 0 -8155491 -10123184 , 1.1130652987611704e-11 , 4
0.7563919277790115 , -3161944 -6594246 -5217734 -13504198 -14976898 -30114536 , 15344297 -6929036 6929036 0 2515928 9444964 , 2595898 13530118 -13483302 -2013666 15433142 -3060956 , 2997693 4961343 -4961343 0 5639563 678220 , 10342254 5217734 6594246 13504198 -24896802 -8382652 , 12176557 8251042 -17248463 15087365 2212330 6256796 , -2910808 17248463 -8251042 -15087365 23505259 -6038712 , 4609564 13483302 -13530118 2013666 10422346 1903024 , 24704731 1967693 -1967693 0 -8155491 -10123184 , 1.1130652987611704e-11 , 5
0.7563919277790115 , -3161944 -6594246 -5217734 -13504198 -14976898 -30114536 , 15344297 -6929036 6929036 0 2515928 9444964 , -2013666 15433142 -3060956 -4609564 1903024 10422346 , 2997693 4961343 -4961343 0 5639563 678220 , 10342254 5217734 6594246 13504198 -24896802 -8382652 , 15087365 2212330 6256796 2910808 -6038712 23505259 , 12176557 -6256796 -2212330 -2910808 17248463 -8251042 , 2595898 3060956 -15433142 4609564 13483302 -13530118 , 24704731 1967693 -1967693 0 -8155491 -10123184 , 1.1130652989137781e-11 , 6
0.7563919277790115 , -3161944 -6594246 -5217734 -13504198 -14976898 -30114536 , 15344297 -6929036 6929036 0 2515928 9444964 , 2013666 -15433142 3060956 4609564 -1903024 -10422346 , 2997693 4961343 -4961343 0 5639563 678220 , 10342254 5217734 6594246 13504198 -24896802 -8382652 , -15087365 -2212330 -6256796 -2910808 6038712 -23505259 , -12176557 6256796 2212330 2910808 -17248463 8251042 , -2595898 -3060956 15433142 -4609564 -13483302 13530118 , 24704731 1967693 -1967693 0 -8155491 -10123184 , 1.1130652989137781e-11 , 7
0.7563919277790115 , -3161944 -6594246 -5217734 -13504198 -14976898 -30114536 , 15344297 -6929036 6929036 0 2515928 9444964 , -13530118 13483302 4609564 -15433142 3060956 2595898 , 2997693 4961343 -4961343 0 5639563 678220 , 10342254 5217734 6594246 13504198 -24896802 -8382652 , -8251042 17248463 -2910808 -2212330 -6256796 12176557 , -6038712 2910808 -17248463 2212330 15087365 -23505259 , 1903024 -4609564 -13483302 15433142 -2013666 -10422346 , 24704731 1967693 -1967693 0 -8155491 -10123184 , 1.1130652990095252e-11 , 8
0.7563919277790115 , -3161944 -6594246 -5217734 -13504198 -14976898 -30114536 , 15344297 -6929036 6929036 0 2515928 9444964 , 13530118 -13483302 -4609564 15433142 -3060956 -2595898 , 2997693 4961343 -4961343 0 5639563 678220 , 10342254 5217734 6594246 13504198 -24896802 -8382652 , 8251042 -17248463 2910808 2212330 6256796 -12176557 , 6038712 -2910808 17248463 -2212330 -15087365 23505259 , -1903024 4609564 13483302 -15433142 2013666 10422346 , 24704731 1967693 -1967693 0 -8155491 -10123184 , 1.1130652990095252e-11 , 9
0.7563919277790115 , -3161944 -6594246 -5217734 -13504198 -14976898 -30114536 , 2997693 4961343 -4961343 0 5639563 678220 , 2212330 15087365 -23505259 8251042 12176557 -6256796 , 15344297 -6929036 6929036 0 2515928 9444964 , 10342254 5217734 6594246 13504198 -24896802 -8382652 , 15433142 -2013666 -10422346 13530118 2595898 3060956 , 1903024 10422346 2013666 -13530118 13483302 4609564 , -6038712 23505259 -15087365 -8251042 17248463 -2910808 , 24704731 1967693 -1967693 0 -8155491 -10123184 , 1.1130652991978318e-11 , 10
0.7563919277790115 , -3161944 -6594246 -5217734 -13504198 -14976898 -30114536 , 2997693 4961343 -4961343 0 5639563 678220 , -2212330 -15087365 23505259 -8251042 -12176557 6256796 , 15344297 -6929036 6929036 0 2515928 9444964 , 10342254 5217734 6594246 13504198 -24896802 -8382652 , -15433142 2013666 10422346 -13530118 -2595898 -3060956 , -1903024 -10422346 -2013666 13530118 -13483302 -4609564 , 6038712 -23505259 15087365 8251042 -17248463 2910808 , 24704731 1967693 -1967693 0 -8155491 -10123184 , 1.1130652991978318e-11 , 11
0.7563919277790115 , -3161944 -6594246 -5217734 -13504198 -14976898 -30114536 , 15344297 -6929036 6929036 0 2515928 9444964 , -4609564 1903024 10422346 -2595898 -13530118 13483302 , 2997693 4961343 -4961343 0 5639563 678220 , 10342254 5217734 6594246 13504198 -24896802 -8382652 , 2910808 -6038712 23505259 -12176557 -8251042 17248463 , 15087365 -23505259 6038712 12176557 -6256796 -2212330 , -2013666 -10422346 -1903024 2595898 3060956 -15433142 , 24704731 1967693 -1967693 0 -8155491 -10123184 , 1.113065299230693e-11 , 12
0.7563919277790115 , -3161944 -6594246 -5217734 -13504198 -14976898 -30114536 , 15344297 -6929036 6929036 0 2515928 9444964 , 4609564 -1903024 -10422346 2595898 13530118 -13483302 , 2997693 4961343 -4961343 0 5639563 678220 , 10342254 5217734 6594246 13504198 -24896802 -8382652 , -2910808 6038712 -23505259 12176557 8251042 -17248463 , -15087365 23505259 -6038712 -12176557 6256796 2212330 , 2013666 10422346 1903024 -2595898 -3060956 15433142 , 24704731 1967693 -1967693 0 -8155491 -10123184 , 1.113065299230693e-11 , 13
0.7563919277790115 , -3161944 -6594246 -5217734 -13504198 -14976898 -30114536 , 2997693 4961343 -4961343 0 5639563 678220 , -6038712 2910808 -17248463 2212330 15087365 -23505259 , 15344297 -6929036 6929036 0 2515928 9444964 , 10342254 5217734 6594246 13504198 -24896802 -8382652 , 1903024 -4609564 -13483302 15433142 -2013666 -10422346 , -13530118 13483302 4609564 -15433142 3060956 2595898 , -8251042 17248463 -2910808 -2212330 -6256796 12176557 , 24704731 1967693 -1967693 0 -8155491 -10123184 , 1.1130652999515426e-11 , 14
0.7563919277790115 , -3161944 -6594246 -5217734 -13504198 -14976898 -30114536 , 2997693 4961343 -4961343 0 5639563 678220 , 6038712 -2910808 17248463 -2212330 -15087365 23505259 , 15344297 -6929036 6929036 0 2515928 9444964 , 10342254 5217734 6594246 13504198 -24896802 -8382652 , -1903024 4609564 13483302 -15433142 2013666 10422346 , 13530118 -13483302 -4609564 15433142 -3060956 -2595898 , 8251042 -17248463 2910808 2212330 6256796 -12176557 , 24704731 1967693 -1967693 0 -8155491 -10123184 , 1.1130652999515426e-11 , 15
0.7563919277790115 , -3161944 -6594246 -5217734 -13504198 -14976898 -30114536 , 15344297 -6929036 6929036 0 2515928 9444964 , -15433142 3060956 2595898 -1903024 -10422346 -2013666 , 2997693 4961343 -4961343 0 5639563 678220 , 10342254 5217734 6594246 13504198 -24896802 -8382652 , -2212330 -6256796 12176557 6038712 -23505259 15087365 , -8251042 -12176557 6256796 -6038712 2910808 -17248463 , -13530118 -2595898 -3060956 1903024 -4609564 -13483302 , 24704731 1967693 -1967693 0 -8155491 -10123184 , 1.1130653000110408e-11 , 16
0.7563919277790115 , -3161944 -6594246 -5217734 -13504198 -14976898 -30114536 , 15344297 -6929036 6929036 0 2515928 9444964 , 15433142 -3060956 -2595898 1903024 10422346 2013666 , 2997693 4961343 -4961343 0 5639563 678220 , 10342254 5217734 6594246 13504198 -24896802 -8382652 , 2212330 6256796 -12176557 -6038712 23505259 -15087365 , 8251042 12176557 -6256796 6038712 -2910808 17248463 , 13530118 2595898 3060956 -1903024 4609564 13483302 , 24704731 1967693 -1967693 0 -8155491 -10123184 , 1.1130653000110408e-11 , 17
0.7563919277790115 , -3161944 -6594246 -5217734 -13504198 -14976898 -30114536 , 2997693 4961343 -4961343 0 5639563 678220 , 2910808 -17248463 8251042 15087365 -23505259 6038712 , 15344297 -6929036 6929036 0 2515928 9444964 , 10342254 5217734 6594246 13504198 -24896802 -8382652 , -4609564 -13483302 13530118 -2013666 -10422346 -1903024 , -2595898 -13530118 13483302 2013666 -15433142 3060956 , -12176557 -8251042 17248463 -15087365 -2212330 -6256796 , 24704731 1967693 -1967693 0 -8155491 -10123184 , 1.1130653001177178e-11 , 18
0.7563919277790115 , -3161944 -6594246 -5217734 -13504198 -14976898 -30114536 , 2997693 4961343 -4961343 0 5639563 678220 , -2910808 17248463 -8251042 -15087365 23505259 -6038712 , 15344297 -6929036 6929036 0 2515928 9444964 , 10342254 5217734 6594246 13504198 -24896802 -8382652 , 4609564 13483302 -13530118 2013666 10422346 1903024 , 2595898 13530118 -13483302 -2013666 15433142 -3060956 , 12176557 8251042 -17248463 15087365 2212330 6256796 , 24704731 1967693 -1967693 0 -8155491 -10123184 , 1.1130653001177178e-11 , 19
0.7563919277790115 , -3161944 -6594246 -5217734 -13504198 -14976898 -30114536 , 15344297 -6929036 6929036 0 2515928 9444964 , -10422346 -2013666 15433142 -13483302 -4609564 1903024 , 2997693 4961343 -4961343 0 5639563 678220 , 10342254 5217734 6594246 13504198 -24896802 -8382652 , -23505259 15087365 2212330 -17248463 2910808 -6038712 , -6256796 -2212330 -15087365 17248463 -8251042 -12176557 , 3060956 -15433142 2013666 13483302 -13530118 -2595898 , 24704731 1967693 -1967693 0 -8155491 -10123184 , 1.1130653002270619e-11 , 20
0.7563919277790115 , -3161944 -6594246 -5217734 -13504198 -14976898 -30114536 , 15344297 -6929036 6929036 0 2515928 9444964 , 10422346 2013666 -15433142 13483302 4609564 -1903024 , 2997693 4961343 -4961343 0 5639563 678220 , 10342254 5217734 6594246 13504198 -24896802 -8382652 , 23505259 -15087365 -2212330 17248463 -2910808 6038712 , 6256796 2212330 15087365 -17248463 8251042 12176557 , -3060956 15433142 -2013666 -13483302 13530118 2595898 , 24704731 1967693 -1967693 0 -8155491 -10123184 , 1.1130653002270619e-11 , 21
0.7563919277790115 , -3161944 -6594246 -5217734 -13504198 -14976898 -30114536 , 15344297 -6929036 6929036 0 2515928 9444964 , -3060956 -2595898 -13530118 10422346 2013666 -15433142 , 2997693 4961343 -4961343 0 5639563 678220 , 10342254 5217734 6594246 13504198 -24896802 -8382652 , 6256796 -12176557 -8251042 23505259 -15087365 -2212330 , -17248463 8251042 12176557 -23505259 6038712 -2910808 , -13483302 13530118 2595898 -10422346 -1903024 4609564 , 24704731 1967693 -1967693 0 -8155491 -10123184 , 1.1130653003100751e-11 , 22
0.7563919277790115 , -3161944 -6594246 -5217734 -13504198 -14976898 -30114536 , 15344297 -6929036 6929036 0 2515928 9444964 , 3060956 2595898 13530118 -10422346 -2013666 15433142 , 2997693 4961343 -4961343 0 5639563 678220 , 10342254 5217734 6594246 13504198 -24896802 -8382652 , -6256796 12176557 8251042 -23505259 15087365 2212330 , 17248463 -8251042 -12176557 23505259 -6038712 2910808 , 13483302 -13530118 -2595898 10422346 1903024 -4609564 , 24704731 1967693 -1967693 0 -8155491 -10123184 , 1.1130653003100751e-11 , 23
0.7563919277790115 , -3161944 -6594246 -5217734 -13504198 -14976898 -30114536 , 2997693 4961343 -4961343 0 5639563 678220 , -15087365 23505259 -6038712 -12176557 6256796 2212330 , 15344297 -6929036 6929036 0 2515928 9444964 , 10342254 5217734 6594246 13504198 -24896802 -8382652 , 2013666 10422346 1903024 -2595898 -3060956 15433142 , 4609564 -1903024 -10422346 2595898 13530118 -13483302 , -2910808 6038712 -23505259 12176557 8251042 -17248463 , 24704731 1967693 -1967693 0 -8155491 -10123184 , 1.1130653007820235e-11 , 24
0.7563919277790115 , -3161944 -6594246 -5217734 -13504198 -14976898 -30114536 , 2997693 4961343 -4961343 0 5639563 678220 , 15087365 -23505259 6038712 12176557 -6256796 -2212330 , 15344297 -6929036 6929036 0 2515928 9444964 , 10342254 5217734 6594246 13504198 -24896802 -8382652 , -2013666 -10422346 -1903024 2595898 3060956 -15433142 , -4609564 1903024 10422346 -2595898 -13530118 13483302 , 2910808 -6038712 23505259 -12176557 -8251042 17248463 , 24704731 1967693 -1967693 0 -8155491 -10123184 , 1.1130653007820235e-11 , 25
0.7563919277790115 , -3161944 -6594246 -5217734 -13504198 -14976898 -30114536 , 2997693 4961343 -4961343 0 5639563 678220 , -6256796 -2212330 -15087365 17248463 -8251042 -12176557 , 15344297 -6929036 6929036 0 2515928 9444964 , 10342254 5217734 6594246 13504198 -24896802 -8382652 , 3060956 -15433142 2013666 13483302 -13530118 -2595898 , -10422346 -2013666 15433142 -13483302 -4609564 1903024 , -23505259 15087365 2212330 -17248463 2910808 -6038712 , 24704731 1967693 -1967693 0 -8155491 -10123184 , 1.1130653021093747e-11 , 26
0.7563919277790115 , -3161944 -6594246 -5217734 -13504198 -14976898 -30114536 , 2997693 4961343 -4961343 0 5639563 678220 , 6256796 2212330 15087365 -17248463 8251042 12176557 , 15344297 -6929036 6929036 0 2515928 9444964 , 10342254 5217734 6594246 13504198 -24896802 -8382652 , -3060956 15433142 -2013666 -13483302 13530118 2595898 , 10422346 2013666 -15433142 13483302 4609564 -1903024 , 23505259 -15087365 -2212330 17248463 -2910808 6038712 , 24704731 1967693 -1967693 0 -8155491 -10123184 , 1.1130653021093747e-11 , 27
0.7563919277790115 , -3161944 -6594246 -5217734 -13504198 -14976898 -30114536 , 2997693 4961343 -4961343 0 5639563 678220 , 8251042 12176557 -6256796 6038712 -2910808 17248463 , 15344297 -6929036 6929036 0 2515928 9444964 , 10342254 5217734 6594246 13504198 -24896802 -8382652 , 13530118 2595898 3060956 -1903024 4609564 13483302 , 15433142 -3060956 -2595898 1903024 10422346 2013666 , 2212330 6256796 -12176557 -6038712 23505259 -15087365 , 24704731 1967693 -1967693 0 -8155491 -10123184 , 1.1130653021119727e-11 , 28
0.7563919277790115 , -3161944 -6594246 -5217734 -13504198 -14976898 -30114536 , 2997693 4961343 -4961343 0 5639563 678220 , -8251042 -12176557 6256796 -6038712 2910808 -17248463 , 15344297 -6929036 6929036 0 2515928 9444964 , 10342254 5217734 6594246 13504198 -24896802 -8382652 , -13530118 -2595898 -3060956 1903024 -4609564 -13483302 , -15433142 3060956 2595898 -1903024 -10422346 -2013666 , -2212330 -6256796 12176557 6038712 -23505259 15087365 , 24704731 1967693 -1967693 0 -8155491 -10123184 , 1.1130653021119727e-11 , 29
0.7563919277790115 , -3161944 -6594246 -5217734 -13504198 -14976898 -30114536 , 15344297 -6929036 6929036 0 2515928 9444964 , 1903024 10422346 2013666 -13530118 13483302 4609564 , 2997693 4961343 -4961343 0 5639563 678220 , 10342254 5217734 6594246 13504198 -24896802 -8382652 , -6038712 23505259 -15087365 -8251042 17248463 -2910808 , 2212330 15087365 -23505259 8251042 12176557 -6256796 , 15433142 -2013666 -10422346 13530118 2595898 3060956 , 24704731 1967693 -1967693 0 -8155491 -10123184 , 1.1130653028035489e-11 , 30
0.7563919277790115 , -3161944 -6594246 -5217734 -13504198 -14976898 -30114536 , 15344297 -6929036 6929036 0 2515928 9444964 , -1903024 -10422346 -2013666 13530118 -13483302 -4609564 , 2997693 4961343 -4961343 0 5639563 678220 , 10342254 5217734 6594246 13504198 -24896802 -8382652 , 6038712 -23505259 15087365 8251042 -17248463 2910808 , -2212330 -15087365 23505259 -8251042 -12176557 6256796 , -15433142 2013666 10422346 -13530118 -2595898 -3060956 , 24704731 1967693 -1967693 0 -8155491 -10123184 , 1.1130653028035489e-11 , 31
0.7563919277790115 , -3161944 -6594246 -5217734 -13504198 -14976898 -30114536 , 2997693 4961343 -4961343 0 5639563 678220 , -23505259 6038712 -2910808 -6256796 -2212330 -15087365 , 15344297 -6929036 6929036 0 2515928 9444964 , 10342254 5217734 6594246 13504198 -24896802 -8382652 , -10422346 -1903024 4609564 3060956 -15433142 2013666 , -13483302 -4609564 1903024 -3060956 -2595898 -13530118 , -17248463 2910808 -6038712 6256796 -12176557 -8251042 , 24704731 1967693 -1967693 0 -8155491 -10123184 , 1.1130653033425879e-11 , 32
0.7563919277790115 , -3161944 -6594246 -5217734 -13504198 -14976898 -30114536 , 2997693 4961343 -4961343 0 5639563 678220 , 23505259 -6038712 2910808 6256796 2212330 15087365 , 15344297 -6929036 6929036 0 2515928 9444964 , 10342254 5217734 6594246 13504198 -24896802 -8382652 , 10422346 1903024 -4609564 -3060956 15433142 -2013666 , 13483302 4609564 -1903024 3060956 2595898 13530118 , 17248463 -2910808 6038712 -6256796 12176557 8251042 , 24704731 1967693 -1967693 0 -8155491 -10123184 , 1.1130653033425879e-11 , 33
0.7563919277790115 , -3161944 -6594246 -5217734 -13504198 -14976898 -30114536 , 15344297 -6929036 6929036 0 2515928 9444964 , -13483302 -4609564 1903024 -3060956 -2595898 -13530118 , 2997693 4961343 -4961343 0 5639563 678220 , 10342254 5217734 6594246 13504198 -24896802 -8382652 , -17248463 2910808 -6038712 6256796 -12176557 -8251042 , -23505259 6038712 -2910808 -6256796 -2212330 -15087365 , -10422346 -1903024 4609564 3060956 -15433142 2013666 , 24704731 1967693 -1967693 0 -8155491 -10123184 , 1.1130653040672243e-11 , 34
0.7563919277790115 , -3161944 -6594246 -5217734 -13504198 -14976898 -30114536 , 15344297 -6929036 6929036 0 2515928 9444964 , 13483302 4609564 -1903024 3060956 2595898 13530118 , 2997693 4961343 -4961343 0 5639563 678220 , 10342254 5217734 6594246 13504198 -24896802 -8382652 , 17248463 -2910808 6038712 -6256796 12176557 8251042 , 23505259 -6038712 2910808 6256796 2212330 15087365 , 10422346 1903024 -4609564 -3060956 15433142 -2013666 , 24704731 1967693 -1967693 0 -8155491 -10123184 , 1.1130653040672243e-11 , 35
0.8654186005521479 , -15020711 1376007 -5073246 -15608753 -25157573 -23924908 , 11239678 -9020301 9020301 0 -1372909 7647392 , 8331507 -8902737 3170859 9559756 -9748333 6856271 , 1579123 -4911639 4911639 0 -3163771 1747868 , 588042 5073246 -1376007 15608753 -18851662 -26533580 , 14428434 -14954043 8364368 9936242 -10858399 10280879 , 4492192 -8364368 14954043 -9936242 1916511 4095644 , -1228249 -3170859 8902737 -9559756 3685412 -845596 , 30227920 13931940 -13931940 0 4536680 -9395260 , 4.9103951870114346e-11 , 0
0.8654186005521479 , -15020711 1376007 -5073246 -15608753 -25157573 -23924908 , 11239678 -9020301 9020301 0 -1372909 7647392 , -8331507 8902737 -3170859 -9559756 9748333 -6856271 , 1579123 -4911639 4911639 0 -3163771 1747868 , 588042 5073246 -1376007 15608753 -18851662 -26533580 , -14428434 14954043 -8364368 -9936242 10858399 -10280879 , -4492192 8364368 -14954043 9936242 -1916511 -4095644 , 1228249 3170859 -8902737 9559756 -3685412 845596 , 30227920 13931940 -13931940 0 4536680 -9395260 , 4.9103951870114346e-11 , 1
0.8654186005521479 , -15020711 1376007 -5073246 -15608753 -25157573 -23924908 , 11239678 -9020301 9020301 0 -1372909 7647392 , 845596 -3685412 9559756 -8902737 3170859 1228249 , 1579123 -4911639 4911639 0 -3163771 1747868 , 588042 5073246 -1376007 15608753 -18851662 -26533580 , -4095644 -1916511 9936242 -14954043 8364368 -4492192 , 10858399 -9936242 1916511 14954043 -14428434 10280879 , 9748333 -9559756 3685412 8902737 -8331507 6856271 , 30227920 13931940 -13931940 0 4536680 -9395260 , 4.9103951871239622e-11 , 2
0.8654186005521479 , -15020711 1376007 -5073246 -15608753 -25157573 -23924908 , 11239678 -9020301 9020301 0 -1372909 7647392 , -845596 3685412 -9559756 8902737 -3170859 -1228249 , 1579123 -4911639 4911639 0 -3163771 1747868 , 588042 5073246 -1376007 15608753 -18851662 -26533580 , 4095644 1916511 -9936242 14954043 -8364368 4492192 , -10858399 9936242 -1916511 -14954043 14428434 -10280879 , -9748333 9559756 -3685412 -8902737 8331507 -6856271 , 30227920 13931940 -13931940 0 4536680 -9395260 , 4.9103951871239622e-11 , 3
0.8654186005521479 , -15020711 1376007 -5073246 -15608753 -25157573 -23924908 , 1579123 -4911639 4911639 0 -3163771 1747868 , -14954043 14428434 -10280879 -4095644 4492192 -8364368 , 11239678 -9020301 9020301 0 -1372909 7647392 , 588042 5073246 -1376007 15608753 -18851662 -26533580 , -8902737 8331507 -6856271 845596 -1228249 -3170859 , -9748333 6856271 -8331507 -845596 3685412 -9559756 , -10858399 10280879 -14428434 4095644 1916511 -9936242 , 30227920 13931940 -13931940 0 4536680 -9395260 , 4.910395187167428e-11 , 4
0.8654186005521479 , -15020711 1376007 -5073246 -15608753 -25157573 -23924908 , 1579123 -4911639 4911639 0 -3163771 1747868 , 14954043 -14428434 10280879 4095644 -4492192 8364368 , 11239678 -9020301 9020301 0 -1372909 7647392 , 588042 5073246 -1376007 15608753 -18851662 -26533580 , 8902737 -8331507 6856271 -845596 1228249 3170859 , 9748333 -6856271 8331507 845596 -3685412 9559756 , 10858399 -10280879 14428434 -4095644 -1916511 9936242 , 30227920 13931940 -13931940 0 4536680 -9395260 , 4.910395187167428e-11 , 5
0.8654186005521479 , -15020711 1376007 -5073246 -15608753 -25157573 -23924908 , 11239678 -9020301 9020301 0 -1372909 7647392 , -1228249 845596 -3685412 8331507 -8902737 3170859 , 1579123 -4911639 4911639 0 -3163771 1747868 , 588042 5073246 -1376007 15608753 -18851662 -26533580 , 4492192 -4095644 -1916511 14428434 -14954043 8364368 , -9936242 1916511 4095644 -14428434 10280879 -10858399 , -9559756 3685412 -845596 -8331507 6856271 -9748333 , 30227920 13931940 -13931940 0 4536680 -9395260 , 4.9103951872681559e-11 , 6
0.8654186005521479 , -15020711 1376007 -5073246 -15608753 -25157573 -23924908 , 11239678 -9020301 9020301 0 -1372909 7647392 , 1228249 -845596 3685412 -8331507 8902737 -3170859 , 1579123 -4911639 4911639 0 -3163771 1747868 , 588042 5073246 -1376007 15608753 -18851662 -26533580 , -4492192 4095644 1916511 -14428434 14954043 -8364368 , 9936242 -1916511 -4095644 14428434 -10280879 10858399 , 9559756 -3685412 845596 8331507 -6856271 9748333 , 30227920 13931940 -13931940 0 4536680 -9395260 , 4.9103951872681559e-11 , 7
0.8654186005521479 , -15020711 1376007 -5073246 -15608753 -25157573 -23924908 , 1579123 -4911639 4911639 0 -3163771 1747868 , -9936242 1916511 4095644 -14428434 10280879 -10858399 , 11239678 -9020301 9020301 0 -1372909 7647392 , 588042 5073246 -1376007 15608753 -18851662 -26533580 , -9559756 3685412 -845596 -8331507 6856271 -9748333 , -1228249 845596 -3685412 8331507 -8902737 3170859 , 4492192 -4095644 -1916511 14428434 -14954043 8364368 , 30227920 13931940 -13931940 0 4536680 -9395260 , 4.9103951872688267e-11 , 8
0.8654186005521479 , -15020711 1376007 -5073246 -15608753 -25157573 -23924908 , 1579123 -4911639 4911639 0 -3163771 1747868 , 9936242 -1916511 -4095644 14428434 -10280879 10858399 , 11239678 -9020301 9020301 0 -1372909 7647392 , 588042 5073246 -1376007 15608753 -18851662 -26533580 , 9559756 -3685412 845596 8331507 -6856271 9748333 , 1228249 -845596 3685412 -8331507 8902737 -3170859 , -4492192 4095644 1916511 -14428434 14954043 -8364368 , 30227920 13931940 -13931940 0 4536680 -9395260 , 4.9103951872688267e-11 , 9
0.8654186005521479 , -15020711 1376007 -5073246 -15608753 -25157573 -23924908 , 1579123 -4911639 4911639 0 -3163771 1747868 , 1916511 4095644 -4492192 10280879 -10858399 9936242 , 11239678 -9020301 9020301 0 -1372909 7647392 , 588042 5073246 -1376007 15608753 -18851662 -26533580 , 3685412 -845596 1228249 6856271 -9748333 9559756 , -3170859 -1228249 845596 -6856271 8331507 -8902737 , -8364368 4492192 -4095644 -10280879 14428434 -14954043 , 30227920 13931940 -13931940 0 4536680 -9395260 , 4.9103951873180705e-11 , 10
0.8654186005521479 , -15020711 1376007 -5073246 -15608753 -25157573 -23924908 , 1579123 -4911639 4911639 0 -3163771 1747868 , -1916511 -4095644 4492192 -10280879 10858399 -9936242 , 11239678 -9020301 9020301 0 -1372909 7647392 , 588042 5073246 -1376007 15608753 -18851662 -26533580 , -3685412 845596 -1228249 -6856271 9748333 -9559756 , 3170859 1228249 -845596 6856271 -8331507 8902737 , 8364368 -4492192 4095644 10280879 -14428434 14954043 , 30227920 13931940 -13931940 0 4536680 -9395260 , 4.9103951873180705e-11 , 11
0.8654186005521479 , -15020711 1376007 -5073246 -15608753 -25157573 -23924908 , 11239678 -9020301 9020301 0 -1372909 7647392 , -6856271 8331507 -8902737 -3685412 9559756 -9748333 , 1579123 -4911639 4911639 0 -3163771 1747868 , 588042 5073246 -1376007 15608753 -18851662 -26533580 , -10280879 14428434 -14954043 -1916511 9936242 -10858399 , -8364368 14954043 -14428434 1916511 4095644 -4492192 , -3170859 8902737 -8331507 3685412 -845596 1228249 , 30227920 13931940 -13931940 0 4536680 -9395260 , 4.910395187349451e-11 , 12
0.8654186005521479 , -15020711 1376007 -5073246 -15608753 -25157573 -23924908 , 11239678 -9020301 9020301 0 -1372909 7647392 , 6856271 -8331507 8902737 3685412 -9559756 9748333 , 1579123 -4911639 4911639 0 -3163771 1747868 , 588042 5073246 -1376007 15608753 -18851662 -26533580 , 10280879 -14428434 14954043 1916511 -9936242 10858399 , 8364368 -14954043 14428434 -1916511 -4095644 4492192 , 3170859 -8902737 8331507 -3685412 845596 -1228249 , 30227920 13931940 -13931940 0 4536680 -9395260 , 4.910395187349451e-11 , 13
0.8654186005521479 , -15020711 1376007 -5073246 -15608753 -25157573 -23924908 , 1579123 -4911639 4911639 0 -3163771 1747868 , -10280879 10858399 -9936242 -8364368 14954043 -14428434 , 11239678 -9020301 9020301 0 -1372909 7647392 , 588042 5073246 -1376007 15608753 -18851662 -26533580 , -6856271 9748333 -9559756 -3170859 8902737 -8331507 , -3685412 9559756 -9748333 3170859 1228249 -845596 , -1916511 9936242 -10858399 8364368 -4492192 4095644 , 30227920 13931940 -13931940 0 4536680 -9395260 , 4.9103951873818196e-11 , 14
0.8654186005521479 , -15020711 1376007 -5073246 -15608753 -25157573 -23924908 , 1579123 -4911639 4911639 0 -3163771 1747868 , 10280879 -10858399 9936242 8364368 -14954043 14428434 , 11239678 -9020301 9020301 0 -1372909 7647392 , 588042 5073246 -1376007 15608753 -18851662 -26533580 , 6856271 -9748333 9559756 3170859 -8902737 8331507 , 3685412 -9559756 9748333 -3170859 -1228249 845596 , 1916511 -9936242 10858399 -8364368 4492192 -4095644 , 30227920 13931940 -13931940 0 4536680 -9395260 , 4.9103951873818196e-11 , 15
0.8654186005521479 , -15020711 1376007 -5073246 -15608753 -25157573 -23924908 , 11239678 -9020301 9020301 0 -1372909 7647392 , -8902737 3170859 1228249 -9748333 6856271 -8331507 , 1579123 -4911639 4911639 0 -3163771 1747868 , 588042 5073246 -1376007 15608753 -18851662 -26533580 , -14954043 8364368 -4492192 -10858399 10280879 -14428434 , -4095644 4492192 -8364368 10858399 -9936242 1916511 , 845596 -1228249 -3170859 9748333 -9559756 3685412 , 30227920 13931940 -13931940 0 4536680 -9395260 , 4.910395187462714e-11 , 16
0.8654186005521479 , -15020711 1376007 -5073246 -15608753 -25157573 -23924908 , 11239678 -9020301 9020301 0 -1372909 7647392 , 8902737 -3170859 -1228249 9748333 -6856271 8331507 , 1579123 -4911639 4911639 0 -3163771 1747868 , 588042 5073246 -1376007 15608753 -18851662 -26533580 , 14954043 -8364368 4492192 10858399 -10280879 14428434 , 4095644 -4492192 8364368 -10858399 9936242 -1916511 , -845596 1228249 3170859 -9748333 9559756 -3685412 , 30227920 13931940 -13931940 0 4536680 -9395260 , 4.910395187462714e-11 , 17
0.8654186005521479 , -15020711 1376007 -5073246 -15608753 -25157573 -23924908 , 1579123 -4911639 4911639 0 -3163771 1747868 , -4095644 4492192 -8364368 10858399 -9936242 1916511 , 11239678 -9020301 9020301 0 -1372909 7647392 , 588042 5073246 -1376007 15608753 -18851662 -26533580 , 845596 -1228249 -3170859 9748333 -9559756 3685412 , -8902737 3170859 1228249 -9748333 6856271 -8331507 , -14954043 8364368 -4492192 -10858399 10280879 -14428434 , 30227920 13931940 -13931940 0 4536680 -9395260 , 4.9103951874749304e-11 , 18
0.8654186005521479 , -15020711 1376007 -5073246 -15608753 -25157573 -23924908 , 1579123 -4911639 4911639 0 -3163771 1747868 , 4095644 -4492192 8364368 -10858399 9936242 -1916511 , 11239678 -9020301 9020301 0 -1372909 7647392 , 588042 5073246 -1376007 15608753 -18851662 -26533580 , -845596 1228249 3170859 -9748333 9559756 -3685412 , 8902737 -3170859 -1228249 9748333 -6856271 8331507 , 14954043 -8364368 4492192 10858399 -10280879 14428434 , 30227920 13931940 -13931940 0 4536680 -9395260 , 4.9103951874749304e-11 , 19
0.8654186005521479 , -15020711 1376007 -5073246 -15608753 -25157573 -23924908 , 11239678 -9020301 9020301 0 -1372909 7647392 , -9559756 9748333 -6856271 -1228249 845596 -3685412 , 1579123 -4911639 4911639 0 -3163771 1747868 , 588042 5073246 -1376007 15608753 -18851662 -26533580 , -9936242 10858399 -10280879 4492192 -4095644 -1916511 , -14428434 10280879 -10858399 -4492192 8364368 -14954043 , -8331507 6856271 -9748333 1228249 3170859 -8902737 , 30227920 13931940 -13931940 0 4536680 -9395260 , 4.9103951875317267e-11 , 20
0.8654186005521479 , -15020711 1376007 -5073246 -15608753 -25157573 -23924908 , 11239678 -9020301 9020301 0 -1372909 7647392 , 9559756 -9748333 6856271 1228249 -845596 3685412 , 1579123 -4911639 4911639 0 -3163771 1747868 , 588042 5073246 -1376007 15608753 -18851662 -26533580 , 9936242 -10858399 10280879 -4492192 4095644 1916511 , 14428434 -10280879 10858399 4492192 -8364368 14954043 , 8331507 -6856271 9748333 -1228249 -3170859 8902737 , 30227920 13931940 -13931940 0 4536680 -9395260 , 4.9103951875317267e-11 , 21
0.8654186005521479 , -15020711 1376007 -5073246 -15608753 -25157573 -23924908 , 11239678 -9020301 9020301 0 -1372909 7647392 , 3170859 1228249 -845596 6856271 -8331507 8902737 , 1579123 -4911639 4911639 0 -3163771 1747868 , 588042 5073246 -1376007 15608753 -18851662 -26533580 , 8364368 -4492192 4095644 10280879 -14428434 14954043 , -1916511 -4095644 4492192 -10280879 10858399 -9936242 , -3685412 845596 -1228249 -6856271 9748333 -9559756 , 30227920 13931940 -13931940 0 4536680 -9395260 , 4.9103951876452514e-11 , 22
0.8654186005521479 , -15020711 1376007 -5073246 -15608753 -25157573 -23924908 , 11239678 -9020301 9020301 0 -1372909 7647392 , -3170859 -1228249 845596 -6856271 8331507 -8902737 , 1579123 -4911639 4911639 0 -3163771 1747868 , 588042 5073246 -1376007 15608753 -18851662 -26533580 , -8364368 4492192 -4095644 -10280879 14428434 -14954043 , 1916511 4095644 -4492192 10280879 -10858399 9936242 , 3685412 -845596 1228249 6856271 -9748333 9559756 , 30227920 13931940 -13931940 0 4536680 -9395260 , 4.9103951876452514e-11 , 23
0.8654186005521479 , -15020711 1376007 -5073246 -15608753 -25157573 -23924908 , 1579123 -4911639 4911639 0 -3163771 1747868 , 4492192 -8364368 14954043 -9936242 1916511 4095644 , 11239678 -9020301 9020301 0 -1372909 7647392 , 588042 5073246 -1376007 15608753 -18851662 -26533580 , -1228249 -3170859 8902737 -9559756 3685412 -845596 , 8331507 -8902737 3170859 9559756 -9748333 6856271 , 14428434 -14954043 8364368 9936242 -10858399 10280879 , 30227920 13931940 -13931940 0 4536680 -9395260 , 4.9103951877262699e-11 , 24
0.8654186005521479 , -15020711 1376007 -5073246 -15608753 -25157573 -23924908 , 1579123 -4911639 4911639 0 -3163771 1747868 , -4492192 8364368 -14954043 9936242 -1916511 -4095644 , 11239678 -9020301 9020301 0 -1372909 7647392 , 588042 5073246 -1376007 15608753 -18851662 -26533580 , 1228249 3170859 -8902737 9559756 -3685412 845596 , -8331507 8902737 -3170859 -9559756 9748333 -6856271 , -14428434 14954043 -8364368 -9936242 10858399 -10280879 , 30227920 13931940 -13931940 0 4536680 -9395260 , 4.9103951877262699e-11 , 25
0.8654186005521479 , -15020711 1376007 -5073246 -15608753 -25157573 -23924908 , 1579123 -4911639 4911639 0 -3163771 1747868 , -8364368 14954043 -14428434 1916511 4095644 -4492192 , 11239678 -9020301 9020301 0 -1372909 7647392 , 588042 5073246 -1376007 15608753 -18851662 -26533580 , -3170859 8902737 -8331507 3685412 -845596 1228249 , -6856271 8331507 -8902737 -3685412 9559756 -9748333 , -10280879 14428434 -14954043 -1916511 9936242 -10858399 , 30227920 13931940 -13931940 0 4536680 -9395260 , 4.910395187849399e-11 , 26
0.8654186005521479 , -15020711 1376007 -5073246 -15608753 -25157573 -23924908 , 1579123 -4911639 4911639 0 -3163771 1747868 , 8364368 -14954043 14428434 -1916511 -4095644 4492192 , 11239678 -9020301 9020301 0 -1372909 7647392 , 588042 5073246 -1376007 15608753 -18851662 -26533580 , 3170859 -8902737 8331507 -3685412 845596 -1228249 , 6856271 -8331507 8902737 3685412 -9559756 9748333 , 10280879 -14428434 14954043 1916511 -9936242 10858399 , 30227920 13931940 -13931940 0 4536680 -9395260 , 4.910395187849399e-11 , 27
0.8654186005521479 , -15020711 1376007 -5073246 -15608753 -25157573 -23924908 , 1579123 -4911639 4911639 0 -3163771 1747868 , 14428434 -10280879 10858399 4492192 -8364368 14954043 , 11239678 -9020301 9020301 0 -1372909 7647392 , 588042 5073246 -1376007 15608753 -18851662 -26533580 , 8331507 -6856271 9748333 -1228249 -3170859 8902737 , 9559756 -9748333 6856271 1228249 -845596 3685412 , 9936242 -10858399 10280879 -4492192 4095644 1916511 , 30227920 13931940 -13931940 0 4536680 -9395260 , 4.9103951878494952e-11 , 28
0.8654186005521479 , -15020711 1376007 -5073246 -15608753 -25157573 -23924908 , 1579123 -4911639 4911639 0 -3163771 1747868 , -14428434 10280879 -10858399 -4492192 8364368 -14954043 , 11239678 -9020301 9020301 0 -1372909 7647392 , 588042 5073246 -1376007 15608753 -18851662 -26533580 , -8331507 6856271 -9748333 1228249 3170859 -8902737 , -9559756 9748333 -6856271 -1228249 845596 -3685412 , -9936242 10858399 -10280879 4492192 -4095644 -1916511 , 30227920 13931940 -13931940 0 4536680 -9395260 , 4.9103951878494952e-11 , 29
0.8654186005521479 , -15020711 1376007 -5073246 -15608753 -25157573 -23924908 , 11239678 -9020301 9020301 0 -1372909 7647392 , -9748333 6856271 -8331507 -845596 3685412 -9559756 , 1579123 -4911639 4911639 0 -3163771 1747868 , 588042 5073246 -1376007 15608753 -18851662 -26533580 , -10858399 10280879 -14428434 4095644 1916511 -9936242 , -14954043 14428434 -10280879 -4095644 4492192 -8364368 , -8902737 8331507 -6856271 845596 -1228249 -3170859 , 30227920 13931940 -13931940 0 4536680 -9395260 , 4.9103951879774911e-11 , 30
0.8654186005521479 , -15020711 1376007 -5073246 -15608753 -25157573 -23924908 , 11239678 -9020301 9020301 0 -1372909 7647392 , 9748333 -6856271 8331507 845596 -3685412 9559756 , 1579123 -4911639 4911639 0 -3163771 1747868 , 588042 5073246 -1376007 15608753 -18851662 -26533580 , 10858399 -10280879 14428434 -4095644 -1916511 9936242 , 14954043 -14428434 10280879 4095644 -4492192 8364368 , 8902737 -8331507 6856271 -845596 1228249 3170859 , 30227920 13931940 -13931940 0 4536680 -9395260 , 4.9103951879774911e-11 , 31
0.8654186005521479 , -15020711 1376007 -5073246 -15608753 -25157573 -23924908 , 11239678 -9020301 9020301 0 -1372909 7647392 , -3685412 9559756 -9748333 3170859 1228249 -845596 , 1579123 -4911639 4911639 0 -3163771 1747868 , 588042 5073246 -1376007 15608753 -18851662 -26533580 , -1916511 9936242 -10858399 8364368 -4492192 4095644 , -10280879 10858399 -9936242 -8364368 14954043 -14428434 , -6856271 9748333 -9559756 -3170859 8902737 -8331507 , 30227920 13931940 -13931940 0 4536680 -9395260 , 4.9103951880213963e-11 , 32
0.8654186005521479 , -15020711 1376007 -5073246 -15608753 -25157573 -23924908 , 11239678 -9020301 9020301 0 -1372909 7647392 , 3685412 -9559756 9748333 -3170859 -1228249 845596 , 1579123 -4911639 4911639 0 -3163771 1747868 , 588042 5073246 -1376007 15608753 -18851662 -26533580 , 1916511 -9936242 10858399 -8364368 4492192 -4095644 , 10280879 -10858399 9936242 8364368 -14954043 14428434 , 6856271 -9748333 9559756 3170859 -8902737 8331507 , 30227920 13931940 -13931940 0 4536680 -9395260 , 4.9103951880213963e-11 , 33
0.8654186005521479 , -15020711 1376007 -5073246 -15608753 -25157573 -23924908 , 1579123 -4911639 4911639 0 -3163771 1747868 , -10858399 9936242 -1916511 -14954043 14428434 -10280879 , 11239678 -9020301 9020301 0 -1372909 7647392 , 588042 5073246 -1376007 15608753 -18851662 -26533580 , -9748333 9559756 -3685412 -8902737 8331507 -6856271 , -845596 3685412 -9559756 8902737 -3170859 -1228249 , 4095644 1916511 -9936242 14954043 -8364368 4492192 , 30227920 13931940 -13931940 0 4536680 -9395260 , 4.910395188102482e-11 , 34
0.8654186005521479 , -15020711 1376007 -5073246 -15608753 -25157573 -23924908 , 1579123 -4911639 4911639 0 -3163771 1747868 , 10858399 -9936242 1916511 14954043 -14428434 10280879 , 11239678 -9020301 9020301 0 -1372909 7647392 , 588042 5073246 -1376007 15608753 -18851662 -26533580 , 9748333 -9559756 3685412 8902737 -8331507 6856271 , 845596 -3685412 9559756 -8902737 3170859 1228249 , -4095644 -1916511 9936242 -14954043 8364368 -4492192 , 30227920 13931940 -13931940 0 4536680 -9395260 , 4.910395188102482e-11 , 35
0.9749381435856638 , 16533776 -8945738 -7266894 -15256949 -2989650 -20406462 , -11588600 -6605263 6605263 0 -11550825 -4945562 , -2423488 -5205479 12064704 1386454 -16898636 11567819 , 17966343 4700885 -4700885 0 13391888 8691003 , 31790725 7266894 8945738 15256949 -13139568 5956088 , 1005947 -455763 2561825 -6151938 6751538 -2305789 , 7157885 -2561825 455763 6151938 -4867614 7207301 , -3809942 -12064704 5205479 -1386454 -496885 -11693157 , 36668978 1904378 -1904378 0 -1841063 -3745441 , 3.2050504575419704e-11 , 0
0.9749381435856638 , 16533776 -8945738 -7266894 -15256949 -2989650 -20406462 , -11588600 -6605263 6605263 0 -11550825 -4945562 , 2423488 5205479 -12064704 -1386454 16898636 -11567819 , 17966343 4700885 -4700885 0 13391888 8691003 , 31790725 7266894 8945738 15256949 -13139568 5956088 , -1005947 455763 -2561825 6151938 -6751538 2305789 , -7157885 2561825 -455763 -6151938 4867614 -7207301 , 3809942 12064704 -5205479 1386454 496885 11693157 , 36668978 1904378 -1904378 0 -1841063 -3745441 , 3.2050504575419704e-11 , 1
0.9749381435856638 , 16533776 -8945738 -7266894 -15256949 -2989650 -20406462 , -11588600 -6605263 6605263 0 -11550825 -4945562 , 496885 1386454 -16898636 12064704 3809942 -11693157 , 17966343 4700885 -4700885 0 13391888 8691003 , 31790725 7266894 8945738 15256949 -13139568 5956088 , 4867614 -6151938 6751538 2561825 -7157885 7207301 , 2305789 -6751538 6151938 -2561825 455763 -1005947 , -11567819 16898636 -1386454 -12064704 5205479 2423488 , 36668978 1904378 -1904378 0 -1841063 -3745441 , 3.2050504576218443e-11 , 2
0.9749381435856638 , 16533776 -8945738 -7266894 -15256949 -2989650 -20406462 , -11588600 -6605263 6605263 0 -11550825 -4945562 , -496885 -1386454 16898636 -12064704 -3809942 11693157 , 17966343 4700885 -4700885 0 13391888 8691003 , 31790725 7266894 8945738 15256949 -13139568 5956088 , -4867614 6151938 -6751538 -2561825 7157885 -7207301 , -2305789 6751538 -6151938 2561825 -455763 1005947 , 11567819 -16898636 1386454 12064704 -5205479 -2423488 , 36668978 1904378 -1904378 0 -1841063 -3745441 , 3.2050504576218443e-11 , 3
0.9749381435856638 , 16533776 -8945738 -7266894 -15256949 -2989650 -20406462 , -11588600 -6605263 6605263 0 -11550825 -4945562 , 1386454 -16898636 11567819 3809942 -11693157 -496885 , 17966343 4700885 -4700885 0 13391888 8691003 , 31790725 7266894 8945738 15256949 -13139568 5956088 , -6151938 6751538 -2305789 -7157885 7207301 -4867614 , 1005947 2305789 -6751538 7157885 -2561825 455763 , -2423488 -11567819 16898636 -3809942 -12064704 5205479 , 36668978 1904378 -1904378 0 -1841063 -3745441 , 3.2050504577009667e-11 , 4
0.9749381435856638 , 16533776 -8945738 -7266894 -15256949 -2989650 -20406462 , -11588600 -6605263 6605263 0 -11550825 -4945562 , -1386454 16898636 -11567819 -3809942 11693157 496885 , 17966343 4700885 -4700885 0 13391888 8691003 , 31790725 7266894 8945738 15256949 -13139568 5956088 , 6151938 -6751538 2305789 7157885 -7207301 4867614 , -1005947 -2305789 6751538 -7157885 2561825 -455763 , 2423488 11567819 -16898636 3809942 12064704 -5205479 , 36668978 1904378 -1904378 0 -1841063 -3745441 , 3.2050504577009667e-11 , 5
0.9749381435856638 , 16533776 -8945738 -7266894 -15256949 -2989650 -20406462 , 17966343 4700885 -4700885 0 13391888 8691003 , 455763 -1005947 -2305789 7207301 -7157885 2561825 , -11588600 -6605263 6605263 0 -11550825 -4945562 , 31790725 7266894 8945738 15256949 -13139568 5956088 , 5205479 2423488 11567819 -11693157 3809942 12064704 , 16898636 -11567819 -2423488 11693157 496885 1386454 , -6751538 2305789 1005947 -7207301 4867614 -6151938 , 36668978 1904378 -1904378 0 -1841063 -3745441 , 3.2050504577737981e-11 , 6
0.9749381435856638 , 16533776 -8945738 -7266894 -15256949 -2989650 -20406462 , 17966343 4700885 -4700885 0 13391888 8691003 , -455763 1005947 2305789 -7207301 7157885 -2561825 , -11588600 -6605263 6605263 0 -11550825 -4945562 , 31790725 7266894 8945738 15256949 -13139568 5956088 , -5205479 -2423488 -11567819 11693157 -3809942 -12064704 , -16898636 11567819 2423488 -11693157 -496885 -1386454 , 6751538 -2305789 -1005947 7207301 -4867614 6151938 , 36668978 1904378 -1904378 0 -1841063 -3745441 , 3.2050504577737981e-11 , 7
0.9749381435856638 , 16533776 -8945738 -7266894 -15256949 -2989650 -20406462 , 17966343 4700885 -4700885 0 13391888 8691003 , -2561825 455763 -1005947 -4867614 7207301 -7157885 , -11588600 -6605263 6605263 0 -11550825 -4945562 , 31790725 7266894 8945738 15256949 -13139568 5956088 , -12064704 5205479 2423488 -496885 -11693157 3809942 , -11567819 -2423488 -5205479 496885 1386454 -16898636 , 2305789 1005947 -455763 4867614 -6151938 6751538 , 36668978 1904378 -1904378 0 -1841063 -3745441 , 3.2050504578319327e-11 , 8
0.9749381435856638 , 16533776 -8945738 -7266894 -15256949 -2989650 -20406462 , 17966343 4700885 -4700885 0 13391888 8691003 , 2561825 -455763 1005947 4867614 -7207301 7157885 , -11588600 -6605263 6605263 0 -11550825 -4945562 , 31790725 7266894 8945738 15256949 -13139568 5956088 , 12064704 -5205479 -2423488 496885 11693157 -3809942 , 11567819 2423488 5205479 -496885 -1386454 16898636 , -2305789 -1005947 455763 -4867614 6151938 -6751538 , 36668978 1904378 -1904378 0 -1841063 -3745441 , 3.2050504578319327e-11 , 9
0.9749381435856638 , 16533776 -8945738 -7266894 -15256949 -2989650 -20406462 , -11588600 -6605263 6605263 0 -11550825 -4945562 , -11567819 -2423488 -5205479 496885 1386454 -16898636 , 17966343 4700885 -4700885 0 13391888 8691003 , 31790725 7266894 8945738 15256949 -13139568 5956088 , 2305789 1005947 -455763 4867614 -6151938 6751538 , -2561825 455763 -1005947 -4867614 7207301 -7157885 , -12064704 5205479 2423488 -496885 -11693157 3809942 , 36668978 1904378 -1904378 0 -1841063 -3745441 , 3.2050504578498683e-11 , 10
0.9749381435856638 , 16533776 -8945738 -7266894 -15256949 -2989650 -20406462 , -11588600 -6605263 6605263 0 -11550825 -4945562 , 11567819 2423488 5205479 -496885 -1386454 16898636 , 17966343 4700885 -4700885 0 13391888 8691003 , 31790725 7266894 8945738 15256949 -13139568 5956088 , -2305789 -1005947 455763 -4867614 6151938 -6751538 , 2561825 -455763 1005947 4867614 -7207301 7157885 , 12064704 -5205479 -2423488 496885 11693157 -3809942 , 36668978 1904378 -1904378 0 -1841063 -3745441 , 3.2050504578498683e-11 , 11
0.9749381435856638 , 16533776 -8945738 -7266894 -15256949 -2989650 -20406462 , -11588600 -6605263 6605263 0 -11550825 -4945562 , -16898636 11567819 2423488 -11693157 -496885 -1386454 , 17966343 4700885 -4700885 0 13391888 8691003 , 31790725 7266894 8945738 15256949 -13139568 5956088 , 6751538 -2305789 -1005947 7207301 -4867614 6151938 , -455763 1005947 2305789 -7207301 7157885 -2561825 , -5205479 -2423488 -11567819 11693157 -3809942 -12064704 , 36668978 1904378 -1904378 0 -1841063 -3745441 , 3.2050504581382254e-11 , 12
0.9749381435856638 , 16533776 -8945738 -7266894 -15256949 -2989650 -20406462 , -11588600 -6605263 6605263 0 -11550825 -4945562 , 16898636 -11567819 -2423488 11693157 496885 1386454 , 17966343 4700885 -4700885 0 13391888 8691003 , 31790725 7266894 8945738 15256949 -13139568 5956088 , -6751538 2305789 1005947 -7207301 4867614 -6151938 , 455763 -1005947 -2305789 7207301 -7157885 2561825 , 5205479 2423488 11567819 -11693157 3809942 12064704 , 36668978 1904378 -1904378 0 -1841063 -3745441 , 3.2050504581382254e-11 , 13
0.9749381435856638 , 16533776 -8945738 -7266894 -15256949 -2989650 -20406462 , 17966343 4700885 -4700885 0 13391888 8691003 , -6751538 6151938 -4867614 455763 -1005947 -2305789 , -11588600 -6605263 6605263 0 -11550825 -4945562 , 31790725 7266894 8945738 15256949 -13139568 5956088 , 16898636 -1386454 -496885 5205479 2423488 11567819 , 11693157 496885 1386454 -5205479 12064704 3809942 , -7207301 4867614 -6151938 -455763 2561825 -7157885 , 36668978 1904378 -1904378 0 -1841063 -3745441 , 3.2050504581862116e-11 , 14
0.9749381435856638 , 16533776 -8945738 -7266894 -15256949 -2989650 -20406462 , 17966343 4700885 -4700885 0 13391888 8691003 , 6751538 -6151938 4867614 -455763 1005947 2305789 , -11588600 -6605263 6605263 0 -11550825 -4945562 , 31790725 7266894 8945738 15256949 -13139568 5956088 , -16898636 1386454 496885 -5205479 -2423488 -11567819 , -11693157 -496885 -1386454 5205479 -12064704 -3809942 , 7207301 -4867614 6151938 455763 -2561825 7157885 , 36668978 1904378 -1904378 0 -1841063 -3745441 , 3.2050504581862116e-11 , 15
0.9749381435856638 , 16533776 -8945738 -7266894 -15256949 -2989650 -20406462 , 17966343 4700885 -4700885 0 13391888 8691003 , -2305789 6751538 -6151938 2561825 -455763 1005947 , -11588600 -6605263 6605263 0 -11550825 -4945562 , 31790725 7266894 8945738 15256949 -13139568 5956088 , 11567819 -16898636 1386454 12064704 -5205479 -2423488 , -496885 -1386454 16898636 -12064704 -3809942 11693157 , -4867614 6151938 -6751538 -2561825 7157885 -7207301 , 36668978 1904378 -1904378 0 -1841063 -3745441 , 3.2050504582444619e-11 , 16
0.9749381435856638 , 16533776 -8945738 -7266894 -15256949 -2989650 -20406462 , 17966343 4700885 -4700885 0 13391888 8691003 , 2305789 -6751538 6151938 -2561825 455763 -1005947 , -11588600 -6605263 6605263 0 -11550825 -4945562 , 31790725 7266894 8945738 15256949 -13139568 5956088 , -11567819 16898636 -1386454 -12064704 5205479 2423488 , 496885 1386454 -16898636 12064704 3809942 -11693157 , 4867614 -6151938 6751538 2561825 -7157885 7207301 , 36668978 1904378 -1904378 0 -1841063 -3745441 , 3.2050504582444619e-11 , 17
0.9749381435856638 , 16533776 -8945738 -7266894 -15256949 -2989650 -20406462 , 17966343 4700885 -4700885 0 13391888 8691003 , -1005947 -2305789 6751538 -7157885 2561825 -455763 , -11588600 -6605263 6605263 0 -11550825 -4945562 , 31790725 7266894 8945738 15256949 -13139568 5956088 , 2423488 11567819 -16898636 3809942 12064704 -5205479 , -1386454 16898636 -11567819 -3809942 11693157 496885 , 6151938 -6751538 2305789 7157885 -7207301 4867614 , 36668978 1904378 -1904378 0 -1841063 -3745441 , 3.2050504582539299e-11 , 18
0.9749381435856638 , 16533776 -8945738 -7266894 -15256949 -2989650 -20406462 , 17966343 4700885 -4700885 0 13391888 8691003 , 1005947 2305789 -6751538 7157885 -2561825 455763 , -11588600 -6605263 6605263 0 -11550825 -4945562 , 31790725 7266894 8945738 15256949 -13139568 5956088 , -2423488 -11567819 16898636 -3809942 -12064704 5205479 , 1386454 -16898636 11567819 3809942 -11693157 -496885 , -6151938 6751538 -2305789 -7157885 7207301 -4867614 , 36668978 1904378 -1904378 0 -1841063 -3745441 , 3.2050504582539299e-11 , 19
0.9749381435856638 , 16533776 -8945738 -7266894 -15256949 -2989650 -20406462 , -11588600 -6605263 6605263 0 -11550825 -4945562 , -5205479 12064704 3809942 -16898636 11567819 2423488 , 17966343 4700885 -4700885 0 13391888 8691003 , 31790725 7266894 8945738 15256949 -13139568 5956088 , -455763 2561825 -7157885 6751538 -2305789 -1005947 , -7207301 7157885 -2561825 -6751538 6151938 -4867614 , 11693157 -3809942 -12064704 16898636 -1386454 -496885 , 36668978 1904378 -1904378 0 -1841063 -3745441 , 3.2050504589279431e-11 , 20
0.9749381435856638 , 16533776 -8945738 -7266894 -15256949 -2989650 -20406462 , -11588600 -6605263 6605263 0 -11550825 -4945562 , 5205479 -12064704 -3809942 16898636 -11567819 -2423488 , 17966343 4700885 -4700885 0 13391888 8691003 , 31790725 7266894 8945738 15256949 -13139568 5956088 , 455763 -2561825 7157885 -6751538 2305789 1005947 , 7207301 -7157885 2561825 6751538 -6151938 4867614 , -11693157 3809942 12064704 -16898636 1386454 496885 , 36668978 1904378 -1904378 0 -1841063 -3745441 , 3.2050504589279431e-11 , 21
0.9749381435856638 , 16533776 -8945738 -7266894 -15256949 -2989650 -20406462 , 17966343 4700885 -4700885 0 13391888 8691003 , -7157885 2561825 -455763 -6151938 4867614 -7207301 , -11588600 -6605263 6605263 0 -11550825 -4945562 , 31790725 7266894 8945738 15256949 -13139568 5956088 , 3809942 12064704 -5205479 1386454 496885 11693157 , 2423488 5205479 -12064704 -1386454 16898636 -11567819 , -1005947 455763 -2561825 6151938 -6751538 2305789 , 36668978 1904378 -1904378 0 -1841063 -3745441 , 3.205050459052333e-11 , 22
0.9749381435856638 , 16533776 -8945738 -7266894 -15256949 -2989650 -20406462 , 17966343 4700885 -4700885 0 13391888 8691003 , 7157885 -2561825 455763 6151938 -4867614 7207301 , -11588600 -6605263 6605263 0 -11550825 -4945562 , 31790725 7266894 8945738 15256949 -13139568 5956088 , -3809942 -12064704 5205479 -1386454 -496885 -11693157 , -2423488 -5205479 12064704 1386454 -16898636 11567819 , 1005947 -455763 2561825 -6151938 6751538 -2305789 , 36668978 1904378 -1904378 0 -1841063 -3745441 , 3.205050459052333e-11 , 23
0.9749381435856638 , 16533776 -8945738 -7266894 -15256949 -2989650 -20406462 , -11588600 -6605263 6605263 0 -11550825 -4945562 , -12064704 -3809942 11693157 -11567819 -2423488 -5205479 , 17966343 4700885 -4700885 0 13391888 8691003 , 31790725 7266894 8945738 15256949 -13139568 5956088 , -2561825 7157885 -7207301 2305789 1005947 -455763 , -4867614 7207301 -7157885 -2305789 6751538 -6151938 , -496885 -11693157 3809942 11567819 -16898636 1386454 , 36668978 1904378 -1904378 0 -1841063 -3745441 , 3.2050504591385944e-11 , 24
0.9749381435856638 , 16533776 -8945738 -7266894 -15256949 -2989650 -20406462 , -11588600 -6605263 6605263 0 -11550825 -4945562 , 12064704 3809942 -11693157 11567819 2423488 5205479 , 17966343 4700885 -4700885 0 13391888 8691003 , 31790725 7266894 8945738 15256949 -13139568 5956088 , 2561825 -7157885 7207301 -2305789 -1005947 455763 , 4867614 -7207301 7157885 2305789 -6751538 6151938 , 496885 11693157 -3809942 -11567819 16898636 -1386454 , 36668978 1904378 -1904378 0 -1841063 -3745441 , 3.2050504591385944e-11 , 25
0.9749381435856638 , 16533776 -8945738 -7266894 -15256949 -2989650 -20406462 , 17966343 4700885 -4700885 0 13391888 8691003 , 6151938 -4867614 7207301 -1005947 -2305789 6751538 , -11588600 -6605263 6605263 0 -11550825 -4945562 , 31790725 7266894 8945738 15256949 -13139568 5956088 , -1386454 -496885 -11693157 2423488 11567819 -16898636 , -3809942 11693157 496885 -2423488 -5205479 12064704 , 7157885 -7207301 4867614 1005947 -455763 2561825 , 36668978 1904378 -1904378 0 -1841063 -3745441 , 3.2050504593986793e-11 , 26
0.9749381435856638 , 16533776 -8945738 -7266894 -15256949 -2989650 -20406462 , 17966343 4700885 -4700885 0 13391888 8691003 , -6151938 4867614 -7207301 1005947 2305789 -6751538 , -11588600 -6605263 6605263 0 -11550825 -4945562 , 31790725 7266894 8945738 15256949 -13139568 5956088 , 1386454 496885 11693157 -2423488 -11567819 16898636 , 3809942 -11693157 -496885 2423488 5205479 -12064704 , -7157885 7207301 -4867614 -1005947 455763 -2561825 , 36668978 1904378 -1904378 0 -1841063 -3745441 , 3.2050504593986793e-11 , 27
0.9749381435856638 , 16533776 -8945738 -7266894 -15256949 -2989650 -20406462 , -11588600 -6605263 6605263 0 -11550825 -4945562 , -11693157 -496885 -1386454 5205479 -12064704 -3809942 , 17966343 4700885 -4700885 0 13391888 8691003 , 31790725 7266894 8945738 15256949 -13139568 5956088 , 7207301 -4867614 6151938 455763 -2561825 7157885 , 6751538 -6151938 4867614 -455763 1005947 2305789 , -16898636 1386454 496885 -5205479 -2423488 -11567819 , 36668978 1904378 -1904378 0 -1841063 -3745441 , 3.2050504604363121e-11 , 28
0.9749381435856638 , 16533776 -8945738 -7266894 -15256949 -2989650 -20406462 , -11588600 -6605263 6605263 0 -11550825 -4945562 , 11693157 496885 1386454 -5205479 12064704 3809942 , 17966343 4700885 -4700885 0 13391888 8691003 , 31790725 7266894 8945738 15256949 -13139568 5956088 , -7207301 4867614 -6151938 -455763 2561825 -7157885 , -6751538 6151938 -4867614 455763 -1005947 -2305789 , 16898636 -1386454 -496885 5205479 2423488 11567819 , 36668978 1904378 -1904378 0 -1841063 -3745441 , 3.2050504604363121e-11 , 29
0.9749381435856638 , 16533776 -8945738 -7266894 -15256949 -2989650 -20406462 , -11588600 -6605263 6605263 0 -11550825 -4945562 , -3809942 11693157 496885 -2423488 -5205479 12064704 , 17966343 4700885 -4700885 0 13391888 8691003 , 31790725 7266894 8945738 15256949 -13139568 5956088 , 7157885 -7207301 4867614 1005947 -455763 2561825 , 6151938 -4867614 7207301 -1005947 -2305789 6751538 , -1386454 -496885 -11693157 2423488 11567819 -16898636 , 36668978 1904378 -1904378 0 -1841063 -3745441 , 3.2050504606865647e-11 , 30
0.9749381435856638 , 16533776 -8945738 -7266894 -15256949 -2989650 -20406462 , -11588600 -6605263 6605263 0 -11550825 -4945562 , 3809942 -11693157 -496885 2423488 5205479 -12064704 , 17966343 4700885 -4700885 0 13391888 8691003 , 31790725 7266894 8945738 15256949 -13139568 5956088 , -7157885 7207301 -4867614 -1005947 455763 -2561825 , -6151938 4867614 -7207301 1005947 2305789 -6751538 , 1386454 496885 11693157 -2423488 -11567819 16898636 , 36668978 1904378 -1904378 0 -1841063 -3745441 , 3.2050504606865647e-11 , 31
0.9749381435856638 , 16533776 -8945738 -7266894 -15256949 -2989650 -20406462 , 17966343 4700885 -4700885 0 13391888 8691003 , -7207301 7157885 -2561825 -6751538 6151938 -4867614 , -11588600 -6605263 6605263 0 -11550825 -4945562 , 31790725 7266894 8945738 15256949 -13139568 5956088 , 11693157 -3809942 -12064704 16898636 -1386454 -496885 , -5205479 12064704 3809942 -16898636 11567819 2423488 , -455763 2561825 -7157885 6751538 -2305789 -1005947 , 36668978 1904378 -1904378 0 -1841063 -3745441 , 3.2050504610819221e-11 , 32
0.9749381435856638 , 16533776 -8945738 -7266894 -15256949 -2989650 -20406462 , 17966343 4700885 -4700885 0 13391888 8691003 , 7207301 -7157885 2561825 6751538 -6151938 4867614 , -11588600 -6605263 6605263 0 -11550825 -4945562 , 31790725 7266894 8945738 15256949 -13139568 5956088 , -11693157 3809942 12064704 -16898636 1386454 496885 , 5205479 -12064704 -3809942 16898636 -11567819 -2423488 , 455763 -2561825 7157885 -6751538 2305789 1005947 , 36668978 1904378 -1904378 0 -1841063 -3745441 , 3.2050504610819221e-11 , 33
0.9749381435856638 , 16533776 -8945738 -7266894 -15256949 -2989650 -20406462 , 17966343 4700885 -4700885 0 13391888 8691003 , -4867614 7207301 -7157885 -2305789 6751538 -6151938 , -11588600 -6605263 6605263 0 -11550825 -4945562 , 31790725 7266894 8945738 15256949 -13139568 5956088 , -496885 -11693157 3809942 11567819 -16898636 1386454 , -12064704 -3809942 11693157 -11567819 -2423488 -5205479 , -2561825 7157885 -7207301 2305789 1005947 -455763 , 36668978 1904378 -1904378 0 -1841063 -3745441 , 3.2050504613014313e-11 , 34
0.9749381435856638 , 16533776 -8945738 -7266894 -15256949 -2989650 -20406462 , 17966343 4700885 -4700885 0 13391888 8691003 , 4867614 -7207301 7157885 2305789 -6751538 6151938 , -11588600 -6605263 6605263 0 -11550825 -4945562 , 31790725 7266894 8945738 15256949 -13139568 5956088 , 496885 11693157 -3809942 -11567819 16898636 -1386454 , 12064704 3809942 -11693157 11567819 2423488 5205479 , 2561825 -7157885 7207301 -2305789 -1005947 455763 , 36668978 1904378 -1904378 0 -1841063 -3745441 , 3.2050504613014313e-11 , 35
1.0834128712259554 , 2597342 -4460848 143113 -6232940 -38959920 2179520 , 4130656 -10914423 10914423 0 -6699643 4214780 , -3209752 -10580395 10368309 -1476826 -7784719 -1554456 , 2247087 9010045 -9010045 0 8540706 -469339 , 8830282 -143113 4460848 6232940 2036407 -34499072 , 6000173 -9525137 -486103 13450707 -11691909 3065397 , -7450534 486103 9525137 -13450707 3551500 -2166772 , -1732926 -10368309 10580395 1476826 -11922765 2795676 , 36668978 1904378 -1904378 0 -1841063 -3745441 , 3.2050504576398801e-11 , 0
1.0834128712259554 , 2597342 -4460848 143113 -6232940 -38959920 2179520 , 4130656 -10914423 10914423 0 -6699643 4214780 , 3209752 10580395 -10368309 1476826 7784719 1554456 , 2247087 9010045 -9010045 0 8540706 -469339 , 8830282 -143113 4460848 6232940 2036407 -34499072 , -6000173 9525137 486103 -13450707 11691909 -3065397 , 7450534 -486103 -9525137 13450707 -3551500 2166772 , 1732926 10368309 -10580395 -1476826 11922765 -2795676 , 36668978 1904378 -1904378 0 -1841063 -3745441 , 3.2050504576398801e-11 , 1
1.0834128712259554 , 2597342 -4460848 143113 -6232940 -38959920 2179520 , 2247087 9010045 -9010045 0 8540706 -469339 , -6000173 3065397 -11691909 7450534 -486103 -9525137 , 4130656 -10914423 10914423 0 -6699643 4214780 , 8830282 -143113 4460848 6232940 2036407 -34499072 , 3209752 -1554456 -7784719 1732926 10368309 -10580395 , 1476826 7784719 1554456 -1732926 -2795676 11922765 , -13450707 11691909 -3065397 -7450534 2166772 -3551500 , 36668978 1904378 -1904378 0 -1841063 -3745441 , 3.2050504576401903e-11 , 2
1.0834128712259554 , 2597342 -4460848 143113 -6232940 -38959920 2179520 , 2247087 9010045 -9010045 0 8540706 -469339 , 6000173 -3065397 11691909 -7450534 486103 9525137 , 4130656 -10914423 10914423 0 -6699643 4214780 , 8830282 -143113 4460848 6232940 2036407 -34499072 , -3209752 1554456 7784719 -1732926 -10368309 10580395 , -1476826 -7784719 -1554456 1732926 2795676 -11922765 , 13450707 -11691909 3065397 7450534 -2166772 3551500 , 36668978 1904378 -1904378 0 -1841063 -3745441 , 3.2050504576401903e-11 , 3
1.0834128712259554 , 2597342 -4460848 143113 -6232940 -38959920 2179520 , 2247087 9010045 -9010045 0 8540706 -469339 , 3551500 -2166772 7450534 3065397 -11691909 13450707 , 4130656 -10914423 10914423 0 -6699643 4214780 , 8830282 -143113 4460848 6232940 2036407 -34499072 , -11922765 2795676 1732926 -1554456 -7784719 -1476826 , -10368309 -1732926 -2795676 1554456 -3209752 -10580395 , 486103 -7450534 2166772 -3065397 6000173 -9525137 , 36668978 1904378 -1904378 0 -1841063 -3745441 , 3.2050504576573717e-11 , 4
1.0834128712259554 , 2597342 -4460848 143113 -6232940 -38959920 2179520 , 2247087 9010045 -9010045 0 8540706 -469339 , -3551500 2166772 -7450534 -3065397 11691909 -13450707 , 4130656 -10914423 10914423 0 -6699643 4214780 , 8830282 -143113 4460848 6232940 2036407 -34499072 , 11922765 -2795676 -1732926 1554456 7784719 1476826 , 10368309 1732926 2795676 -1554456 3209752 10580395 , -486103 7450534 -2166772 3065397 -6000173 9525137 , 36668978 1904378 -1904378 0 -1841063 -3745441 , 3.2050504576573717e-11 , 5
1.0834128712259554 , 2597342 -4460848 143113 -6232940 -38959920 2179520 , 4130656 -10914423 10914423 0 -6699643 4214780 , -1732926 -2795676 11922765 -3209752 -10580395 10368309 , 2247087 9010045 -9010045 0 8540706 -469339 , 8830282 -143113 4460848 6232940 2036407 -34499072 , -7450534 2166772 -3551500 6000173 -9525137 -486103 , -13450707 3551500 -2166772 -6000173 3065397 -11691909 , 1476826 -11922765 2795676 3209752 -1554456 -7784719 , 36668978 1904378 -1904378 0 -1841063 -3745441 , 3.2050504576592316e-11 , 6
1.0834128712259554 , 2597342 -4460848 143113 -6232940 -38959920 2179520 , 4130656 -10914423 10914423 0 -6699643 4214780 , 1732926 2795676 -11922765 3209752 10580395 -10368309 , 2247087 9010045 -9010045 0 8540706 -469339 , 8830282 -143113 4460848 6232940 2036407 -34499072 , 7450534 -2166772 3551500 -6000173 9525137 486103 , 13450707 -3551500 2166772 6000173 -3065397 11691909 , -1476826 11922765 -2795676 -3209752 1554456 7784719 , 36668978 1904378 -1904378 0 -1841063 -3745441 , 3.2050504576592316e-11 , 7
1.0834128712259554 , 2597342 -4460848 143113 -6232940 -38959920 2179520 , 4130656 -10914423 10914423 0 -6699643 4214780 , -10580395 10368309 1732926 -7784719 -1554456 3209752 , 2247087 9010045 -9010045 0 8540706 -469339 , 8830282 -143113 4460848 6232940 2036407 -34499072 , -9525137 -486103 7450534 -11691909 3065397 -6000173 , 2166772 -7450534 486103 11691909 -13450707 3551500 , -2795676 -1732926 -10368309 7784719 1476826 -11922765 , 36668978 1904378 -1904378 0 -1841063 -3745441 , 3.2050504580043003e-11 , 8
1.0834128712259554 , 2597342 -4460848 143113 -6232940 -38959920 2179520 , 4130656 -10914423 10914423 0 -6699643 4214780 , 10580395 -10368309 -1732926 7784719 1554456 -3209752 , 2247087 9010045 -9010045 0 8540706 -469339 , 8830282 -143113 4460848 6232940 2036407 -34499072 , 9525137 486103 -7450534 11691909 -3065397 6000173 , -2166772 7450534 -486103 -11691909 13450707 -3551500 , 2795676 1732926 10368309 -7784719 -1476826 11922765 , 36668978 1904378 -1904378 0 -1841063 -3745441 , 3.2050504580043003e-11 , 9
1.0834128712259554 , 2597342 -4460848 143113 -6232940 -38959920 2179520 , 2247087 9010045 -9010045 0 8540706 -469339 , 486103 9525137 -6000173 3551500 -2166772 7450534 , 4130656 -10914423 10914423 0 -6699643 4214780 , 8830282 -143113 4460848 6232940 2036407 -34499072 , -10368309 10580395 3209752 -11922765 2795676 1732926 , 1554456 -3209752 -10580395 11922765 -1476826 -7784719 , -3065397 6000173 -9525137 -3551500 13450707 -11691909 , 36668978 1904378 -1904378 0 -1841063 -3745441 , 3.2050504580053821e-11 , 10
1.0834128712259554 , 2597342 -4460848 143113 -6232940 -38959920 2179520 , 2247087 9010045 -9010045 0 8540706 -469339 , -486103 -9525137 6000173 -3551500 2166772 -7450534 , 4130656 -10914423 10914423 0 -6699643 4214780 , 8830282 -143113 4460848 6232940 2036407 -34499072 , 10368309 -10580395 -3209752 11922765 -2795676 -1732926 , -1554456 3209752 10580395 -11922765 1476826 7784719 , 3065397 -6000173 9525137 3551500 -13450707 11691909 , 36668978 1904378 -1904378 0 -1841063 -3745441 , 3.2050504580053821e-11 , 11
1.0834128712259554 , 2597342 -4460848 143113 -6232940 -38959920 2179520 , 2247087 9010045 -9010045 0 8540706 -469339 , -7450534 486103 9525137 -13450707 3551500 -2166772 , 4130656 -10914423 10914423 0 -6699643 4214780 , 8830282 -143113 4460848 6232940 2036407 -34499072 , -1732926 -10368309 10580395 1476826 -11922765 2795676 , -3209752 -10580395 10368309 -1476826 -7784719 -1554456 , 6000173 -9525137 -486103 13450707 -11691909 3065397 , 36668978 1904378 -1904378 0 -1841063 -3745441 , 3.2050504581382726e-11 , 12
1.0834128712259554 , 2597342 -4460848 143113 -6232940 -38959920 2179520 , 2247087 9010045 -9010045 0 8540706 -469339 , 7450534 -486103 -9525137 13450707 -3551500 2166772 , 4130656 -10914423 10914423 0 -6699643 4214780 , 8830282 -143113 4460848 6232940 2036407 -34499072 , 1732926 10368309 -10580395 -1476826 11922765 -2795676 , 3209752 10580395 -10368309 1476826 7784719 1554456 , -6000173 9525137 486103 -13450707 11691909 -3065397 , 36668978 1904378 -1904378 0 -1841063 -3745441 , 3.2050504581382726e-11 , 13
1.0834128712259554 , 2597342 -4460848 143113 -6232940 -38959920 2179520 , 4130656 -10914423 10914423 0 -6699643 4214780 , 1554456 -3209752 -10580395 11922765 -1476826 -7784719 , 2247087 9010045 -9010045 0 8540706 -469339 , 8830282 -143113 4460848 6232940 2036407 -34499072 , -3065397 6000173 -9525137 -3551500 13450707 -11691909 , 486103 9525137 -6000173 3551500 -2166772 7450534 , -10368309 10580395 3209752 -11922765 2795676 1732926 , 36668978 1904378 -1904378 0 -1841063 -3745441 , 3.2050504582168431e-11 , 14
1.0834128712259554 , 2597342 -4460848 143113 -6232940 -38959920 2179520 , 4130656 -10914423 10914423 0 -6699643 4214780 , -1554456 3209752 10580395 -11922765 1476826 7784719 , 2247087 9010045 -9010045 0 8540706 -469339 , 8830282 -143113 4460848 6232940 2036407 -34499072 , 3065397 -6000173 9525137 3551500 -13450707 11691909 , -486103 -9525137 6000173 -3551500 2166772 -7450534 , 10368309 -10580395 -3209752 11922765 -2795676 -1732926 , 36668978 1904378 -1904378 0 -1841063 -3745441 , 3.2050504582168431e-11 , 15
1.0834128712259554 , 2597342 -4460848 143113 -6232940 -38959920 2179520 , 2247087 9010045 -9010045 0 8540706 -469339 , -2166772 7450534 -486103 -11691909 13450707 -3551500 , 4130656 -10914423 10914423 0 -6699643 4214780 , 8830282 -143113 4460848 6232940 2036407 -34499072 , 2795676 1732926 10368309 -7784719 -1476826 11922765 , 10580395 -10368309 -1732926 7784719 1554456 -3209752 , 9525137 486103 -7450534 11691909 -3065397 6000173 , 36668978 1904378 -1904378 0 -1841063 -3745441 , 3.2050504582347115e-11 , 16
1.0834128712259554 , 2597342 -4460848 143113 -6232940 -38959920 2179520 , 2247087 9010045 -9010045 0 8540706 -469339 , 2166772 -7450534 486103 11691909 -13450707 3551500 , 4130656 -10914423 10914423 0 -6699643 4214780 , 8830282 -143113 4460848 6232940 2036407 -34499072 , -2795676 -1732926 -10368309 7784719 1476826 -11922765 , -10580395 10368309 1732926 -7784719 -1554456 3209752 , -9525137 -486103 7450534 -11691909 3065397 -6000173 , 36668978 1904378 -1904378 0 -1841063 -3745441 , 3.2050504582347115e-11 , 17
1.0834128712259554 , 2597342 -4460848 143113 -6232940 -38959920 2179520 , 2247087 9010045 -9010045 0 8540706 -469339 , -9525137 6000173 -3065397 2166772 -7450534 486103 , 4130656 -10914423 10914423 0 -6699643 4214780 , 8830282 -143113 4460848 6232940 2036407 -34499072 , -10580395 -3209752 1554456 -2795676 -1732926 -10368309 , -7784719 -1554456 3209752 2795676 -11922765 1476826 , -11691909 3065397 -6000173 -2166772 3551500 -13450707 , 36668978 1904378 -1904378 0 -1841063 -3745441 , 3.205050458292229e-11 , 18
1.0834128712259554 , 2597342 -4460848 143113 -6232940 -38959920 2179520 , 2247087 9010045 -9010045 0 8540706 -469339 , 9525137 -6000173 3065397 -2166772 7450534 -486103 , 4130656 -10914423 10914423 0 -6699643 4214780 , 8830282 -143113 4460848 6232940 2036407 -34499072 , 10580395 3209752 -1554456 2795676 1732926 10368309 , 7784719 1554456 -3209752 -2795676 11922765 -1476826 , 11691909 -3065397 6000173 2166772 -3551500 13450707 , 36668978 1904378 -1904378 0 -1841063 -3745441 , 3.205050458292229e-11 , 19
1.0834128712259554 , 2597342 -4460848 143113 -6232940 -38959920 2179520 , 2247087 9010045 -9010045 0 8540706 -469339 , -11691909 13450707 -3551500 -9525137 6000173 -3065397 , 4130656 -10914423 10914423 0 -6699643 4214780 , 8830282 -143113 4460848 6232940 2036407 -34499072 , -7784719 -1476826 11922765 -10580395 -3209752 1554456 , 2795676 -11922765 1476826 10580395 -10368309 -1732926 , -2166772 3551500 -13450707 9525137 486103 -7450534 , 36668978 1904378 -1904378 0 -1841063 -3745441 , 3.2050504584279493e-11 , 20
1.0834128712259554 , 2597342 -4460848 143113 -6232940 -38959920 2179520 , 2247087 9010045 -9010045 0 8540706 -469339 , 11691909 -13450707 3551500 9525137 -6000173 3065397 , 4130656 -10914423 10914423 0 -6699643 4214780 , 8830282 -143113 4460848 6232940 2036407 -34499072 , 7784719 1476826 -11922765 10580395 3209752 -1554456 , -2795676 11922765 -1476826 -10580395 10368309 1732926 , 2166772 -3551500 13450707 -9525137 -486103 7450534 , 36668978 1904378 -1904378 0 -1841063 -3745441 , 3.2050504584279493e-11 , 21
1.0834128712259554 , 2597342 -4460848 143113 -6232940 -38959920 2179520 , 4130656 -10914423 10914423 0 -6699643 4214780 , -2795676 11922765 -1476826 -10580395 10368309 1732926 , 2247087 9010045 -9010045 0 8540706 -469339 , 8830282 -143113 4460848 6232940 2036407 -34499072 , 2166772 -3551500 13450707 -9525137 -486103 7450534 , 11691909 -13450707 3551500 9525137 -6000173 3065397 , 7784719 1476826 -11922765 10580395 3209752 -1554456 , 36668978 1904378 -1904378 0 -1841063 -3745441 , 3.2050504585038593e-11 , 22
1.0834128712259554 , 2597342 -4460848 143113 -6232940 -38959920 2179520 , 4130656 -10914423 10914423 0 -6699643 4214780 , 2795676 -11922765 1476826 10580395 -10368309 -1732926 , 2247087 9010045 -9010045 0 8540706 -469339 , 8830282 -143113 4460848 6232940 2036407 -34499072 , -2166772 3551500 -13450707 9525137 486103 -7450534 , -11691909 13450707 -3551500 -9525137 6000173 -3065397 , -7784719 -1476826 11922765 -10580395 -3209752 1554456 , 36668978 1904378 -1904378 0 -1841063 -3745441 , 3.2050504585038593e-11 , 23
1.0834128712259554 , 2597342 -4460848 143113 -6232940 -38959920 2179520 , 4130656 -10914423 10914423 0 -6699643 4214780 , -7784719 -1554456 3209752 2795676 -11922765 1476826 , 2247087 9010045 -9010045 0 8540706 -469339 , 8830282 -143113 4460848 6232940 2036407 -34499072 , -11691909 3065397 -6000173 -2166772 3551500 -13450707 , -9525137 6000173 -3065397 2166772 -7450534 486103 , -10580395 -3209752 1554456 -2795676 -1732926 -10368309 , 36668978 1904378 -1904378 0 -1841063 -3745441 , 3.205050458522582e-11 , 24
1.0834128712259554 , 2597342 -4460848 143113 -6232940 -38959920 2179520 , 4130656 -10914423 10914423 0 -6699643 4214780 , 7784719 1554456 -3209752 -2795676 11922765 -1476826 , 2247087 9010045 -9010045 0 8540706 -469339 , 8830282 -143113 4460848 6232940 2036407 -34499072 , 11691909 -3065397 6000173 2166772 -3551500 13450707 , 9525137 -6000173 3065397 -2166772 7450534 -486103 , 10580395 3209752 -1554456 2795676 1732926 10368309 , 36668978 1904378 -1904378 0 -1841063 -3745441 , 3.205050458522582e-11 , 25
1.0834128712259554 , 2597342 -4460848 143113 -6232940 -38959920 2179520 , 4130656 -10914423 10914423 0 -6699643 4214780 , -1476826 -7784719 -1554456 1732926 2795676 -11922765 , 2247087 9010045 -9010045 0 8540706 -469339 , 8830282 -143113 4460848 6232940 2036407 -34499072 , 13450707 -11691909 3065397 7450534 -2166772 3551500 , 6000173 -3065397 11691909 -7450534 486103 9525137 , -3209752 1554456 7784719 -1732926 -10368309 10580395 , 36668978 1904378 -1904378 0 -1841063 -3745441 , 3.205050458580453e-11 , 26
1.0834128712259554 , 2597342 -4460848 143113 -6232940 -38959920 2179520 , 4130656 -10914423 10914423 0 -6699643 4214780 , 1476826 7784719 1554456 -1732926 -2795676 11922765 , 2247087 9010045 -9010045 0 8540706 -469339 , 8830282 -143113 4460848 6232940 2036407 -34499072 , -13450707 11691909 -3065397 -7450534 2166772 -3551500 , -6000173 3065397 -11691909 7450534 -486103 -9525137 , 3209752 -1554456 -7784719 1732926 10368309 -10580395 , 36668978 1904378 -1904378 0 -1841063 -3745441 , 3.205050458580453e-11 , 27
1.0834128712259554 , 2597342 -4460848 143113 -6232940 -38959920 2179520 , 4130656 -10914423 10914423 0 -6699643 4214780 , -10368309 -1732926 -2795676 1554456 -3209752 -10580395 , 2247087 9010045 -9010045 0 8540706 -469339 , 8830282 -143113 4460848 6232940 2036407 -34499072 , 486103 -7450534 2166772 -3065397 6000173 -9525137 , 3551500 -2166772 7450534 3065397 -11691909 13450707 , -11922765 2795676 1732926 -1554456 -7784719 -1476826 , 36668978 1904378 -1904378 0 -1841063 -3745441 , 3.2050504585806236e-11 , 28
1.0834128712259554 , 2597342 -4460848 143113 -6232940 -38959920 2179520 , 4130656 -10914423 10914423 0 -6699643 4214780 , 10368309 1732926 2795676 -1554456 3209752 10580395 , 2247087 9010045 -9010045 0 8540706 -469339 , 8830282 -143113 4460848 6232940 2036407 -34499072 , -486103 7450534 -2166772 3065397 -6000173 9525137 , -3551500 2166772 -7450534 -3065397 11691909 -13450707 , 11922765 -2795676 -1732926 1554456 7784719 1476826 , 36668978 1904378 -1904378 0 -1841063 -3745441 , 3.2050504585806236e-11 , 29
1.0834128712259554 , 2597342 -4460848 143113 -6232940 -38959920 2179520 , 2247087 9010045 -9010045 0 8540706 -469339 , -13450707 3551500 -2166772 -6000173 3065397 -11691909 , 4130656 -10914423 10914423 0 -6699643 4214780 , 8830282 -143113 4460848 6232940 2036407 -34499072 , 1476826 -11922765 2795676 3209752 -1554456 -7784719 , -1732926 -2795676 11922765 -3209752 -10580395 10368309 , -7450534 2166772 -3551500 6000173 -9525137 -486103 , 36668978 1904378 -1904378 0 -1841063 -3745441 , 3.2050504595994147e-11 , 30
1.0834128712259554 , 2597342 -4460848 143113 -6232940 -38959920 2179520 , 2247087 9010045 -9010045 0 8540706 -469339 , 13450707 -3551500 2166772 6000173 -3065397 11691909 , 4130656 -10914423 10914423 0 -6699643 4214780 , 8830282 -143113 4460848 6232940 2036407 -34499072 , -1476826 11922765 -2795676 -3209752 1554456 7784719 , 1732926 2795676 -11922765 3209752 10580395 -10368309 , 7450534 -2166772 3551500 -6000173 9525137 486103 , 36668978 1904378 -1904378 0 -1841063 -3745441 , 3.2050504595994147e-11 , 31
1.0834128712259554 , 2597342 -4460848 143113 -6232940 -38959920 2179520 , 4130656 -10914423 10914423 0 -6699643 4214780 , -11922765 1476826 7784719 -10368309 -1732926 -2795676 , 2247087 9010045 -9010045 0 8540706 -469339 , 8830282 -143113 4460848 6232940 2036407 -34499072 , 3551500 -13450707 11691909 486103 -7450534 2166772 , 3065397 -11691909 13450707 -486103 -9525137 6000173 , -1554456 -7784719 -1476826 10368309 -10580395 -3209752 , 36668978 1904378 -1904378 0 -1841063 -3745441 , 3.2050504608109752e-11 , 32
1.0834128712259554 , 2597342 -4460848 143113 -6232940 -38959920 2179520 , 4130656 -10914423 10914423 0 -6699643 4214780 , 11922765 -1476826 -7784719 10368309 1732926 2795676 , 2247087 9010045 -9010045 0 8540706 -469339 , 8830282 -143113 4460848 6232940 2036407 -34499072 , -3551500 13450707 -11691909 -486103 7450534 -2166772 , -3065397 11691909 -13450707 486103 9525137 -6000173 , 1554456 7784719 1476826 -10368309 10580395 3209752 , 36668978 1904378 -1904378 0 -1841063 -3745441 , 3.2050504608109752e-11 , 33
1.0834128712259554 , 2597342 -4460848 143113 -6232940 -38959920 2179520 , 2247087 9010045 -9010045 0 8540706 -469339 , 3065397 -11691909 13450707 -486103 -9525137 6000173 , 4130656 -10914423 10914423 0 -6699643 4214780 , 8830282 -143113 4460848 6232940 2036407 -34499072 , -1554456 -7784719 -1476826 10368309 -10580395 -3209752 , -11922765 1476826 7784719 -10368309 -1732926 -2795676 , 3551500 -13450707 11691909 486103 -7450534 2166772 , 36668978 1904378 -1904378 0 -1841063 -3745441 , 3.2050504619649891e-11 , 34
1.0834128712259554 , 2597342 -4460848 143113 -6232940 -38959920 2179520 , 2247087 9010045 -9010045 0 8540706 -469339 , -3065397 11691909 -13450707 486103 9525137 -6000173 , 4130656 -10914423 10914423 0 -6699643 4214780 , 8830282 -143113 4460848 6232940 2036407 -34499072 , 1554456 7784719 1476826 -10368309 10580395 3209752 , 11922765 -1476826 -7784719 10368309 1732926 2795676 , -3551500 13450707 -11691909 -486103 7450534 -2166772 , 36668978 1904378 -1904378 0 -1841063 -3745441 , 3.2050504619649891e-11 , 35
1.1910017559624193 , 6558734 -19451068 -14396627 8339093 -33801196 -20097419 , 11370151 1068463 -1068463 0 6920950 5852487 , 11775498 -10141322 9814194 6907642 -12144053 14546105 , 1448650 -15000403 15000403 0 -11457630 3542773 , -1780359 14396627 19451068 -8339093 -5700792 -14350128 , -2125300 8233362 -6529133 4549571 -3685399 4508289 , -6674871 6529133 -8233362 -4549571 11037422 -11918761 , 4867856 -9814194 10141322 -6907642 4731911 -2002731 , 30227920 13931940 -13931940 0 4536680 -9395260 , 4.9103951869798971e-11 , 0
1.1910017559624193 , 6558734 -19451068 -14396627 8339093 -33801196 -20097419 , 11370151 1068463 -1068463 0 6920950 5852487 , -11775498 10141322 -9814194 -6907642 12144053 -14546105 , 1448650 -15000403 15000403 0 -11457630 3542773 , -1780359 14396627 19451068 -8339093 -5700792 -14350128 , 2125300 -8233362 6529133 -4549571 3685399 -4508289 , 6674871 -6529133 8233362 4549571 -11037422 11918761 , -4867856 9814194 -10141322 6907642 -4731911 2002731 , 30227920 13931940 -13931940 0 4536680 -9395260 , 4.9103951869798971e-11 , 1
1.1910017559624193 , 6558734 -19451068 -14396627 8339093 -33801196 -20097419 , 1448650 -15000403 15000403 0 -11457630 3542773 , -11037422 11918761 -6674871 -4508289 3685399 -4549571 , 11370151 1068463 -1068463 0 6920950 5852487 , -1780359 14396627 19451068 -8339093 -5700792 -14350128 , -4731911 2002731 4867856 -14546105 12144053 -6907642 , 9814194 -4867856 -2002731 14546105 -11775498 10141322 , -6529133 6674871 -11918761 4508289 2125300 -8233362 , 30227920 13931940 -13931940 0 4536680 -9395260 , 4.9103951869920243e-11 , 2
1.1910017559624193 , 6558734 -19451068 -14396627 8339093 -33801196 -20097419 , 1448650 -15000403 15000403 0 -11457630 3542773 , 11037422 -11918761 6674871 4508289 -3685399 4549571 , 11370151 1068463 -1068463 0 6920950 5852487 , -1780359 14396627 19451068 -8339093 -5700792 -14350128 , 4731911 -2002731 -4867856 14546105 -12144053 6907642 , -9814194 4867856 2002731 -14546105 11775498 -10141322 , 6529133 -6674871 11918761 -4508289 -2125300 8233362 , 30227920 13931940 -13931940 0 4536680 -9395260 , 4.9103951869920243e-11 , 3
1.1910017559624193 , 6558734 -19451068 -14396627 8339093 -33801196 -20097419 , 11370151 1068463 -1068463 0 6920950 5852487 , -9814194 4867856 2002731 -14546105 11775498 -10141322 , 1448650 -15000403 15000403 0 -11457630 3542773 , -1780359 14396627 19451068 -8339093 -5700792 -14350128 , 6529133 -6674871 11918761 -4508289 -2125300 8233362 , 11037422 -11918761 6674871 4508289 -3685399 4549571 , 4731911 -2002731 -4867856 14546105 -12144053 6907642 , 30227920 13931940 -13931940 0 4536680 -9395260 , 4.9103951870044126e-11 , 4
1.1910017559624193 , 6558734 -19451068 -14396627 8339093 -33801196 -20097419 , 11370151 1068463 -1068463 0 6920950 5852487 , 9814194 -4867856 -2002731 14546105 -11775498 10141322 , 1448650 -15000403 15000403 0 -11457630 3542773 , -1780359 14396627 19451068 -8339093 -5700792 -14350128 , -6529133 6674871 -11918761 4508289 2125300 -8233362 , -11037422 11918761 -6674871 -4508289 3685399 -4549571 , -4731911 2002731 4867856 -14546105 12144053 -6907642 , 30227920 13931940 -13931940 0 4536680 -9395260 , 4.9103951870044126e-11 , 5
1.1910017559624193 , 6558734 -19451068 -14396627 8339093 -33801196 -20097419 , 1448650 -15000403 15000403 0 -11457630 3542773 , -2125300 -4508289 3685399 -6674871 6529133 -8233362 , 11370151 1068463 -1068463 0 6920950 5852487 , -1780359 14396627 19451068 -8339093 -5700792 -14350128 , 11775498 -14546105 12144053 4867856 -9814194 10141322 , 6907642 -12144053 14546105 -4867856 -2002731 4731911 , 4549571 -3685399 4508289 6674871 -11918761 11037422 , 30227920 13931940 -13931940 0 4536680 -9395260 , 4.9103951870557334e-11 , 6
1.1910017559624193 , 6558734 -19451068 -14396627 8339093 -33801196 -20097419 , 1448650 -15000403 15000403 0 -11457630 3542773 , 2125300 4508289 -3685399 6674871 -6529133 8233362 , 11370151 1068463 -1068463 0 6920950 5852487 , -1780359 14396627 19451068 -8339093 -5700792 -14350128 , -11775498 14546105 -12144053 -4867856 9814194 -10141322 , -6907642 12144053 -14546105 4867856 2002731 -4731911 , -4549571 3685399 -4508289 -6674871 11918761 -11037422 , 30227920 13931940 -13931940 0 4536680 -9395260 , 4.9103951870557334e-11 , 7
1.1910017559624193 , 6558734 -19451068 -14396627 8339093 -33801196 -20097419 , 11370151 1068463 -1068463 0 6920950 5852487 , -14546105 11775498 -10141322 -4731911 6907642 -12144053 , 1448650 -15000403 15000403 0 -11457630 3542773 , -1780359 14396627 19451068 -8339093 -5700792 -14350128 , -4508289 -2125300 8233362 -11037422 4549571 -3685399 , 6529133 -8233362 2125300 11037422 -11918761 6674871 , -9814194 10141322 -11775498 4731911 -2002731 -4867856 , 30227920 13931940 -13931940 0 4536680 -9395260 , 4.9103951871298203e-11 , 8
1.1910017559624193 , 6558734 -19451068 -14396627 8339093 -33801196 -20097419 , 11370151 1068463 -1068463 0 6920950 5852487 , 14546105 -11775498 10141322 4731911 -6907642 12144053 , 1448650 -15000403 15000403 0 -11457630 3542773 , -1780359 14396627 19451068 -8339093 -5700792 -14350128 , 4508289 2125300 -8233362 11037422 -4549571 3685399 , -6529133 8233362 -2125300 -11037422 11918761 -6674871 , 9814194 -10141322 11775498 -4731911 2002731 4867856 , 30227920 13931940 -13931940 0 4536680 -9395260 , 4.9103951871298203e-11 , 9
1.1910017559624193 , 6558734 -19451068 -14396627 8339093 -33801196 -20097419 , 1448650 -15000403 15000403 0 -11457630 3542773 , 4549571 -11037422 11918761 -2125300 -4508289 3685399 , 11370151 1068463 -1068463 0 6920950 5852487 , -1780359 14396627 19451068 -8339093 -5700792 -14350128 , 6907642 -4731911 2002731 11775498 -14546105 12144053 , -4867856 -2002731 4731911 -11775498 10141322 -9814194 , 6674871 -11918761 11037422 2125300 -8233362 6529133 , 30227920 13931940 -13931940 0 4536680 -9395260 , 4.9103951872939827e-11 , 10
1.1910017559624193 , 6558734 -19451068 -14396627 8339093 -33801196 -20097419 , 1448650 -15000403 15000403 0 -11457630 3542773 , -4549571 11037422 -11918761 2125300 4508289 -3685399 , 11370151 1068463 -1068463 0 6920950 5852487 , -1780359 14396627 19451068 -8339093 -5700792 -14350128 , -6907642 4731911 -2002731 -11775498 14546105 -12144053 , 4867856 2002731 -4731911 11775498 -10141322 9814194 , -6674871 11918761 -11037422 -2125300 8233362 -6529133 , 30227920 13931940 -13931940 0 4536680 -9395260 , 4.9103951872939827e-11 , 11
1.1910017559624193 , 6558734 -19451068 -14396627 8339093 -33801196 -20097419 , 11370151 1068463 -1068463 0 6920950 5852487 , -10141322 9814194 -4867856 -12144053 14546105 -11775498 , 1448650 -15000403 15000403 0 -11457630 3542773 , -1780359 14396627 19451068 -8339093 -5700792 -14350128 , 8233362 -6529133 6674871 -3685399 4508289 2125300 , 11918761 -6674871 6529133 3685399 -4549571 11037422 , 2002731 4867856 -9814194 12144053 -6907642 4731911 , 30227920 13931940 -13931940 0 4536680 -9395260 , 4.9103951873054405e-11 , 12
1.1910017559624193 , 6558734 -19451068 -14396627 8339093 -33801196 -20097419 , 11370151 1068463 -1068463 0 6920950 5852487 , 10141322 -9814194 4867856 12144053 -14546105 11775498 , 1448650 -15000403 15000403 0 -11457630 3542773 , -1780359 14396627 19451068 -8339093 -5700792 -14350128 , -8233362 6529133 -6674871 3685399 -4508289 -2125300 , -11918761 6674871 -6529133 -3685399 4549571 -11037422 , -2002731 -4867856 9814194 -12144053 6907642 -4731911 , 30227920 13931940 -13931940 0 4536680 -9395260 , 4.9103951873054405e-11 , 13
1.1910017559624193 , 6558734 -19451068 -14396627 8339093 -33801196 -20097419 , 1448650 -15000403 15000403 0 -11457630 3542773 , -4508289 3685399 -4549571 6529133 -8233362 2125300 , 11370151 1068463 -1068463 0 6920950 5852487 , -1780359 14396627 19451068 -8339093 -5700792 -14350128 , -14546105 12144053 -6907642 -9814194 10141322 -11775498 , -4731911 6907642 -12144053 9814194 -4867856 -2002731 , -11037422 4549571 -3685399 -6529133 6674871 -11918761 , 30227920 13931940 -13931940 0 4536680 -9395260 , 4.9103951875191193e-11 , 14
1.1910017559624193 , 6558734 -19451068 -14396627 8339093 -33801196 -20097419 , 1448650 -15000403 15000403 0 -11457630 3542773 , 4508289 -3685399 4549571 -6529133 8233362 -2125300 , 11370151 1068463 -1068463 0 6920950 5852487 , -1780359 14396627 19451068 -8339093 -5700792 -14350128 , 14546105 -12144053 6907642 9814194 -10141322 11775498 , 4731911 -6907642 12144053 -9814194 4867856 2002731 , 11037422 -4549571 3685399 6529133 -6674871 11918761 , 30227920 13931940 -13931940 0 4536680 -9395260 , 4.9103951875191193e-11 , 15
1.1910017559624193 , 6558734 -19451068 -14396627 8339093 -33801196 -20097419 , 11370151 1068463 -1068463 0 6920950 5852487 , -2002731 4731911 -6907642 10141322 -9814194 4867856 , 1448650 -15000403 15000403 0 -11457630 3542773 , -1780359 14396627 19451068 -8339093 -5700792 -14350128 , -11918761 11037422 -4549571 -8233362 6529133 -6674871 , -3685399 4549571 -11037422 8233362 -2125300 -4508289 , -12144053 6907642 -4731911 -10141322 11775498 -14546105 , 30227920 13931940 -13931940 0 4536680 -9395260 , 4.9103951875196473e-11 , 16
1.1910017559624193 , 6558734 -19451068 -14396627 8339093 -33801196 -20097419 , 11370151 1068463 -1068463 0 6920950 5852487 , 2002731 -4731911 6907642 -10141322 9814194 -4867856 , 1448650 -15000403 15000403 0 -11457630 3542773 , -1780359 14396627 19451068 -8339093 -5700792 -14350128 , 11918761 -11037422 4549571 8233362 -6529133 6674871 , 3685399 -4549571 11037422 -8233362 2125300 4508289 , 12144053 -6907642 4731911 10141322 -11775498 14546105 , 30227920 13931940 -13931940 0 4536680 -9395260 , 4.9103951875196473e-11 , 17
1.1910017559624193 , 6558734 -19451068 -14396627 8339093 -33801196 -20097419 , 1448650 -15000403 15000403 0 -11457630 3542773 , 3685399 -4549571 11037422 -8233362 2125300 4508289 , 11370151 1068463 -1068463 0 6920950 5852487 , -1780359 14396627 19451068 -8339093 -5700792 -14350128 , 12144053 -6907642 4731911 10141322 -11775498 14546105 , 2002731 -4731911 6907642 -10141322 9814194 -4867856 , 11918761 -11037422 4549571 8233362 -6529133 6674871 , 30227920 13931940 -13931940 0 4536680 -9395260 , 4.9103951875442617e-11 , 18
1.1910017559624193 , 6558734 -19451068 -14396627 8339093 -33801196 -20097419 , 1448650 -15000403 15000403 0 -11457630 3542773 , -3685399 4549571 -11037422 8233362 -2125300 -4508289 , 11370151 1068463 -1068463 0 6920950 5852487 , -1780359 14396627 19451068 -8339093 -5700792 -14350128 , -12144053 6907642 -4731911 -10141322 11775498 -14546105 , -2002731 4731911 -6907642 10141322 -9814194 4867856 , -11918761 11037422 -4549571 -8233362 6529133 -6674871 , 30227920 13931940 -13931940 0 4536680 -9395260 , 4.9103951875442617e-11 , 19
1.1910017559624193 , 6558734 -19451068 -14396627 8339093 -33801196 -20097419 , 1448650 -15000403 15000403 0 -11457630 3542773 , -8233362 2125300 4508289 -11918761 6674871 -6529133 , 11370151 1068463 -1068463 0 6920950 5852487 , -1780359 14396627 19451068 -8339093 -5700792 -14350128 , 10141322 -11775498 14546105 -2002731 -4867856 9814194 , 12144053 -14546105 11775498 2002731 -4731911 6907642 , 3685399 -4508289 -2125300 11918761 -11037422 4549571 , 30227920 13931940 -13931940 0 4536680 -9395260 , 4.9103951875444633e-11 , 20
1.1910017559624193 , 6558734 -19451068 -14396627 8339093 -33801196 -20097419 , 1448650 -15000403 15000403 0 -11457630 3542773 , 8233362 -2125300 -4508289 11918761 -6674871 6529133 , 11370151 1068463 -1068463 0 6920950 5852487 , -1780359 14396627 19451068 -8339093 -5700792 -14350128 , -10141322 11775498 -14546105 2002731 4867856 -9814194 , -12144053 14546105 -11775498 -2002731 4731911 -6907642 , -3685399 4508289 2125300 -11918761 11037422 -4549571 , 30227920 13931940 -13931940 0 4536680 -9395260 , 4.9103951875444633e-11 , 21
1.1910017559624193 , 6558734 -19451068 -14396627 8339093 -33801196 -20097419 , 1448650 -15000403 15000403 0 -11457630 3542773 , 6529133 -8233362 2125300 11037422 -11918761 6674871 , 11370151 1068463 -1068463 0 6920950 5852487 , -1780359 14396627 19451068 -8339093 -5700792 -14350128 , -9814194 10141322 -11775498 4731911 -2002731 -4867856 , -14546105 11775498 -10141322 -4731911 6907642 -12144053 , -4508289 -2125300 8233362 -11037422 4549571 -3685399 , 30227920 13931940 -13931940 0 4536680 -9395260 , 4.9103951875570087e-11 , 22
1.1910017559624193 , 6558734 -19451068 -14396627 8339093 -33801196 -20097419 , 1448650 -15000403 15000403 0 -11457630 3542773 , -6529133 8233362 -2125300 -11037422 11918761 -6674871 , 11370151 1068463 -1068463 0 6920950 5852487 , -1780359 14396627 19451068 -8339093 -5700792 -14350128 , 9814194 -10141322 11775498 -4731911 2002731 4867856 , 14546105 -11775498 10141322 4731911 -6907642 12144053 , 4508289 2125300 -8233362 11037422 -4549571 3685399 , 30227920 13931940 -13931940 0 4536680 -9395260 , 4.9103951875570087e-11 , 23
1.1910017559624193 , 6558734 -19451068 -14396627 8339093 -33801196 -20097419 , 11370151 1068463 -1068463 0 6920950 5852487 , 4867856 2002731 -4731911 11775498 -10141322 9814194 , 1448650 -15000403 15000403 0 -11457630 3542773 , -1780359 14396627 19451068 -8339093 -5700792 -14350128 , -6674871 11918761 -11037422 -2125300 8233362 -6529133 , -4549571 11037422 -11918761 2125300 4508289 -3685399 , -6907642 4731911 -2002731 -11775498 14546105 -12144053 , 30227920 13931940 -13931940 0 4536680 -9395260 , 4.9103951878576882e-11 , 24
1.1910017559624193 , 6558734 -19451068 -14396627 8339093 -33801196 -20097419 , 11370151 1068463 -1068463 0 6920950 5852487 , -4867856 -2002731 4731911 -11775498 10141322 -9814194 , 1448650 -15000403 15000403 0 -11457630 3542773 , -1780359 14396627 19451068 -8339093 -5700792 -14350128 , 6674871 -11918761 11037422 2125300 -8233362 6529133 , 4549571 -11037422 11918761 -2125300 -4508289 3685399 , 6907642 -4731911 2002731 11775498 -14546105 12144053 , 30227920 13931940 -13931940 0 4536680 -9395260 , 4.9103951878576882e-11 , 25
1.1910017559624193 , 6558734 -19451068 -14396627 8339093 -33801196 -20097419 , 11370151 1068463 -1068463 0 6920950 5852487 , -12144053 14546105 -11775498 -2002731 4731911 -6907642 , 1448650 -15000403 15000403 0 -11457630 3542773 , -1780359 14396627 19451068 -8339093 -5700792 -14350128 , -3685399 4508289 2125300 -11918761 11037422 -4549571 , 8233362 -2125300 -4508289 11918761 -6674871 6529133 , -10141322 11775498 -14546105 2002731 4867856 -9814194 , 30227920 13931940 -13931940 0 4536680 -9395260 , 4.9103951878703318e-11 , 26
1.1910017559624193 , 6558734 -19451068 -14396627 8339093 -33801196 -20097419 , 11370151 1068463 -1068463 0 6920950 5852487 , 12144053 -14546105 11775498 2002731 -4731911 6907642 , 1448650 -15000403 15000403 0 -11457630 3542773 , -1780359 14396627 19451068 -8339093 -5700792 -14350128 , 3685399 -4508289 -2125300 11918761 -11037422 4549571 , -8233362 2125300 4508289 -11918761 6674871 -6529133 , 10141322 -11775498 14546105 -2002731 -4867856 9814194 , 30227920 13931940 -13931940 0 4536680 -9395260 , 4.9103951878703318e-11 , 27
1.1910017559624193 , 6558734 -19451068 -14396627 8339093 -33801196 -20097419 , 1448650 -15000403 15000403 0 -11457630 3542773 , 6674871 -6529133 8233362 4549571 -11037422 11918761 , 11370151 1068463 -1068463 0 6920950 5852487 , -1780359 14396627 19451068 -8339093 -5700792 -14350128 , -4867856 9814194 -10141322 6907642 -4731911 2002731 , -11775498 10141322 -9814194 -6907642 12144053 -14546105 , 2125300 -8233362 6529133 -4549571 3685399 -4508289 , 30227920 13931940 -13931940 0 4536680 -9395260 , 4.9103951878703738e-11 , 28
1.1910017559624193 , 6558734 -19451068 -14396627 8339093 -33801196 -20097419 , 1448650 -15000403 15000403 0 -11457630 3542773 , -6674871 6529133 -8233362 -4549571 11037422 -11918761 , 11370151 1068463 -1068463 0 6920950 5852487 , -1780359 14396627 19451068 -8339093 -5700792 -14350128 , 4867856 -9814194 10141322 -6907642 4731911 -2002731 , 11775498 -10141322 9814194 6907642 -12144053 14546105 , -2125300 8233362 -6529133 4549571 -3685399 4508289 , 30227920 13931940 -13931940 0 4536680 -9395260 , 4.9103951878703738e-11 , 29
1.1910017559624193 , 6558734 -19451068 -14396627 8339093 -33801196 -20097419 , 11370151 1068463 -1068463 0 6920950 5852487 , -4731911 6907642 -12144053 9814194 -4867856 -2002731 , 1448650 -15000403 15000403 0 -11457630 3542773 , -1780359 14396627 19451068 -8339093 -5700792 -14350128 , -11037422 4549571 -3685399 -6529133 6674871 -11918761 , -4508289 3685399 -4549571 6529133 -8233362 2125300 , -14546105 12144053 -6907642 -9814194 10141322 -11775498 , 30227920 13931940 -13931940 0 4536680 -9395260 , 4.9103951881089844e-11 , 30
1.1910017559624193 , 6558734 -19451068 -14396627 8339093 -33801196 -20097419 , 11370151 1068463 -1068463 0 6920950 5852487 , 4731911 -6907642 12144053 -9814194 4867856 2002731 , 1448650 -15000403 15000403 0 -11457630 3542773 , -1780359 14396627 19451068 -8339093 -5700792 -14350128 , 11037422 -4549571 3685399 6529133 -6674871 11918761 , 4508289 -3685399 4549571 -6529133 8233362 -2125300 , 14546105 -12144053 6907642 9814194 -10141322 11775498 , 30227920 13931940 -13931940 0 4536680 -9395260 , 4.9103951881089844e-11 , 31
1.1910017559624193 , 6558734 -19451068 -14396627 8339093 -33801196 -20097419 , 1448650 -15000403 15000403 0 -11457630 3542773 , 11918761 -6674871 6529133 3685399 -4549571 11037422 , 11370151 1068463 -1068463 0 6920950 5852487 , -1780359 14396627 19451068 -8339093 -5700792 -14350128 , 2002731 4867856 -9814194 12144053 -6907642 4731911 , -10141322 9814194 -4867856 -12144053 14546105 -11775498 , 8233362 -6529133 6674871 -3685399 4508289 2125300 , 30227920 13931940 -13931940 0 4536680 -9395260 , 4.910395188510399e-11 , 32
1.1910017559624193 , 6558734 -19451068 -14396627 8339093 -33801196 -20097419 , 1448650 -15000403 15000403 0 -11457630 3542773 , -11918761 6674871 -6529133 -3685399 4549571 -11037422 , 11370151 1068463 -1068463 0 6920950 5852487 , -1780359 14396627 19451068 -8339093 -5700792 -14350128 , -2002731 -4867856 9814194 -12144053 6907642 -4731911 , 10141322 -9814194 4867856 12144053 -14546105 11775498 , -8233362 6529133 -6674871 3685399 -4508289 -2125300 , 30227920 13931940 -13931940 0 4536680 -9395260 , 4.910395188510399e-11 , 33
1.1910017559624193 , 6558734 -19451068 -14396627 8339093 -33801196 -20097419 , 11370151 1068463 -1068463 0 6920950 5852487 , -6907642 12144053 -14546105 4867856 2002731 -4731911 , 1448650 -15000403 15000403 0 -11457630 3542773 , -1780359 14396627 19451068 -8339093 -5700792 -14350128 , -4549571 3685399 -4508289 -6674871 11918761 -11037422 , 2125300 4508289 -3685399 6674871 -6529133 8233362 , -11775498 14546105 -12144053 -4867856 9814194 -10141322 , 30227920 13931940 -13931940 0 4536680 -9395260 , 4.9103951885110388e-11 , 34
1.1910017559624193 , 6558734 -19451068 -14396627 8339093 -33801196 -20097419 , 11370151 1068463 -1068463 0 6920950 5852487 , 6907642 -12144053 14546105 -4867856 -2002731 4731911 , 1448650 -15000403 15000403 0 -11457630 3542773 , -1780359 14396627 19451068 -8339093 -5700792 -14350128 , 4549571 -3685399 4508289 6674871 -11918761 11037422 , -2125300 -4508289 3685399 -6674871 6529133 -8233362 , 11775498 -14546105 12144053 4867856 -9814194 10141322 , 30227920 13931940 -13931940 0 4536680 -9395260 , 4.9103951885110388e-11 , 35
1.3015038377909514 , 1747501 3329851 -32198269 -5113634 -5972514 -29129643 , 4546248 -7991286 7991286 0 -4095548 3895738 , -3298992 -9743560 -10777521 19061982 -11255053 -12332958 , 13795742 6023593 -6023593 0 12251039 6227446 , 6861135 32198269 -3329851 5113634 3068626 -9302365 , -5207698 6080097 -1382435 4701016 -11345935 8003737 , -9908714 1382435 -6080097 -4701016 9386172 -17426032 , -22360974 10777521 9743560 -19061982 -1555437 -1511493 , 24704731 1967693 -1967693 0 -8155491 -10123184 , 1.1130652975163994e-11 , 0
1.3015038377909514 , 1747501 3329851 -32198269 -5113634 -5972514 -29129643 , 4546248 -7991286 7991286 0 -4095548 3895738 , 3298992 9743560 10777521 -19061982 11255053 12332958 , 13795742 6023593 -6023593 0 12251039 6227446 , 6861135 32198269 -3329851 5113634 3068626 -9302365 , 5207698 -6080097 1382435 -4701016 11345935 -8003737 , 9908714 -1382435 6080097 4701016 -9386172 17426032 , 22360974 -10777521 -9743560 19061982 1555437 1511493 , 24704731 1967693 -1967693 0 -8155491 -10123184 , 1.1130652975163994e-11 , 1
1.3015038377909514 , 1747501 3329851 -32198269 -5113634 -5972514 -29129643 , 13795742 6023593 -6023593 0 12251039 6227446 , -11345935 4701016 -9386172 6080097 -5207698 -8003737 , 4546248 -7991286 7991286 0 -4095548 3895738 , 6861135 32198269 -3329851 5113634 3068626 -9302365 , -11255053 19061982 1555437 -9743560 -3298992 12332958 , -1511493 -1555437 -19061982 9743560 10777521 -22360974 , -17426032 9386172 -4701016 -6080097 1382435 -9908714 , 24704731 1967693 -1967693 0 -8155491 -10123184 , 1.1130652986783347e-11 , 2
1.3015038377909514 , 1747501 3329851 -32198269 -5113634 -5972514 -29129643 , 13795742 6023593 -6023593 0 12251039 6227446 , 11345935 -4701016 9386172 -6080097 5207698 8003737 , 4546248 -7991286 7991286 0 -4095548 3895738 , 6861135 32198269 -3329851 5113634 3068626 -9302365 , 11255053 -19061982 -1555437 9743560 3298992 -12332958 , 1511493 1555437 19061982 -9743560 -10777521 22360974 , 17426032 -9386172 4701016 6080097 -1382435 9908714 , 24704731 1967693 -1967693 0 -8155491 -10123184 , 1.1130652986783347e-11 , 3
1.3015038377909514 , 1747501 3329851 -32198269 -5113634 -5972514 -29129643 , 4546248 -7991286 7991286 0 -4095548 3895738 , -9743560 -10777521 22360974 -11255053 -12332958 3298992 , 13795742 6023593 -6023593 0 12251039 6227446 , 6861135 32198269 -3329851 5113634 3068626 -9302365 , 6080097 -1382435 9908714 -11345935 8003737 5207698 , 17426032 -9908714 1382435 11345935 -4701016 9386172 , 1511493 -22360974 10777521 11255053 -19061982 -1555437 , 24704731 1967693 -1967693 0 -8155491 -10123184 , 1.1130652987319131e-11 , 4
1.3015038377909514 , 1747501 3329851 -32198269 -5113634 -5972514 -29129643 , 4546248 -7991286 7991286 0 -4095548 3895738 , 9743560 10777521 -22360974 11255053 12332958 -3298992 , 13795742 6023593 -6023593 0 12251039 6227446 , 6861135 32198269 -3329851 5113634 3068626 -9302365 , -6080097 1382435 -9908714 11345935 -8003737 -5207698 , -17426032 9908714 -1382435 -11345935 4701016 -9386172 , -1511493 22360974 -10777521 -11255053 19061982 1555437 , 24704731 1967693 -1967693 0 -8155491 -10123184 , 1.1130652987319131e-11 , 5
1.3015038377909514 , 1747501 3329851 -32198269 -5113634 -5972514 -29129643 , 13795742 6023593 -6023593 0 12251039 6227446 , 4701016 -9386172 17426032 -5207698 -8003737 11345935 , 4546248 -7991286 7991286 0 -4095548 3895738 , 6861135 32198269 -3329851 5113634 3068626 -9302365 , 19061982 1555437 1511493 -3298992 12332958 11255053 , 22360974 -1511493 -1555437 3298992 9743560 10777521 , 9908714 -17426032 9386172 5207698 -6080097 1382435 , 24704731 1967693 -1967693 0 -8155491 -10123184 , 1.1130652994009952e-11 , 6
1.3015038377909514 , 1747501 3329851 -32198269 -5113634 -5972514 -29129643 , 13795742 6023593 -6023593 0 12251039 6227446 , -4701016 9386172 -17426032 5207698 8003737 -11345935 , 4546248 -7991286 7991286 0 -4095548 3895738 , 6861135 32198269 -3329851 5113634 3068626 -9302365 , -19061982 -1555437 -1511493 3298992 -12332958 -11255053 , -22360974 1511493 1555437 -3298992 -9743560 -10777521 , -9908714 17426032 -9386172 -5207698 6080097 -1382435 , 24704731 1967693 -1967693 0 -8155491 -10123184 , 1.1130652994009952e-11 , 7
1.3015038377909514 , 1747501 3329851 -32198269 -5113634 -5972514 -29129643 , 13795742 6023593 -6023593 0 12251039 6227446 , -5207698 -8003737 11345935 -9908714 1382435 -6080097 , 4546248 -7991286 7991286 0 -4095548 3895738 , 6861135 32198269 -3329851 5113634 3068626 -9302365 , -3298992 12332958 11255053 -22360974 10777521 9743560 , 19061982 -11255053 -12332958 22360974 -1511493 -1555437 , 4701016 -11345935 8003737 9908714 -17426032 9386172 , 24704731 1967693 -1967693 0 -8155491 -10123184 , 1.1130652995072222e-11 , 8
1.3015038377909514 , 1747501 3329851 -32198269 -5113634 -5972514 -29129643 , 13795742 6023593 -6023593 0 12251039 6227446 , 5207698 8003737 -11345935 9908714 -1382435 6080097 , 4546248 -7991286 7991286 0 -4095548 3895738 , 6861135 32198269 -3329851 5113634 3068626 -9302365 , 3298992 -12332958 -11255053 22360974 -10777521 -9743560 , -19061982 11255053 12332958 -22360974 1511493 1555437 , -4701016 11345935 -8003737 -9908714 17426032 -9386172 , 24704731 1967693 -1967693 0 -8155491 -10123184 , 1.1130652995072222e-11 , 9
1.3015038377909514 , 1747501 3329851 -32198269 -5113634 -5972514 -29129643 , 4546248 -7991286 7991286 0 -4095548 3895738 , 1511493 1555437 19061982 -9743560 -10777521 22360974 , 13795742 6023593 -6023593 0 12251039 6227446 , 6861135 32198269 -3329851 5113634 3068626 -9302365 , 17426032 -9386172 4701016 6080097 -1382435 9908714 , 11345935 -4701016 9386172 -6080097 5207698 8003737 , 11255053 -19061982 -1555437 9743560 3298992 -12332958 , 24704731 1967693 -1967693 0 -8155491 -10123184 , 1.1130652996748458e-11 , 10
1.3015038377909514 , 1747501 3329851 -32198269 -5113634 -5972514 -29129643 , 4546248 -7991286 7991286 0 -4095548 3895738 , -1511493 -1555437 -19061982 9743560 10777521 -22360974 , 13795742 6023593 -6023593 0 12251039 6227446 , 6861135 32198269 -3329851 5113634 3068626 -9302365 , -17426032 9386172 -4701016 -6080097 1382435 -9908714 , -11345935 4701016 -9386172 6080097 -5207698 -8003737 , -11255053 19061982 1555437 -9743560 -3298992 12332958 , 24704731 1967693 -1967693 0 -8155491 -10123184 , 1.1130652996748458e-11 , 11
1.3015038377909514 , 1747501 3329851 -32198269 -5113634 -5972514 -29129643 , 4546248 -7991286 7991286 0 -4095548 3895738 , -22360974 1511493 1555437 -3298992 -9743560 -10777521 , 13795742 6023593 -6023593 0 12251039 6227446 , 6861135 32198269 -3329851 5113634 3068626 -9302365 , -9908714 17426032 -9386172 -5207698 6080097 -1382435 , -4701016 9386172 -17426032 5207698 8003737 -11345935 , -19061982 -1555437 -1511493 3298992 -12332958 -11255053 , 24704731 1967693 -1967693 0 -8155491 -10123184 , 1.1130652996754093e-11 , 12
1.3015038377909514 , 1747501 3329851 -32198269 -5113634 -5972514 -29129643 , 4546248 -7991286 7991286 0 -4095548 3895738 , 22360974 -1511493 -1555437 3298992 9743560 10777521 , 13795742 6023593 -6023593 0 12251039 6227446 , 6861135 32198269 -3329851 5113634 3068626 -9302365 , 9908714 -17426032 9386172 5207698 -6080097 1382435 , 4701016 -9386172 17426032 -5207698 -8003737 11345935 , 19061982 1555437 1511493 -3298992 12332958 11255053 , 24704731 1967693 -1967693 0 -8155491 -10123184 , 1.1130652996754093e-11 , 13
1.3015038377909514 , 1747501 3329851 -32198269 -5113634 -5972514 -29129643 , 13795742 6023593 -6023593 0 12251039 6227446 , 6080097 -5207698 -8003737 17426032 -9908714 1382435 , 4546248 -7991286 7991286 0 -4095548 3895738 , 6861135 32198269 -3329851 5113634 3068626 -9302365 , -9743560 -3298992 12332958 1511493 -22360974 10777521 , -11255053 -12332958 3298992 -1511493 -1555437 -19061982 , -11345935 8003737 5207698 -17426032 9386172 -4701016 , 24704731 1967693 -1967693 0 -8155491 -10123184 , 1.113065299677228e-11 , 14
1.3015038377909514 , 1747501 3329851 -32198269 -5113634 -5972514 -29129643 , 13795742 6023593 -6023593 0 12251039 6227446 , -6080097 5207698 8003737 -17426032 9908714 -1382435 , 4546248 -7991286 7991286 0 -4095548 3895738 , 6861135 32198269 -3329851 5113634 3068626 -9302365 , 9743560 3298992 -12332958 -1511493 22360974 -10777521 , 11255053 12332958 -3298992 1511493 1555437 19061982 , 11345935 -8003737 -5207698 17426032 -9386172 4701016 , 24704731 1967693 -1967693 0 -8155491 -10123184 , 1.113065299677228e-11 , 15
1.3015038377909514 , 1747501 3329851 -32198269 -5113634 -5972514 -29129643 , 13795742 6023593 -6023593 0 12251039 6227446 , -1382435 6080097 -5207698 -9386172 17426032 -9908714 , 4546248 -7991286 7991286 0 -4095548 3895738 , 6861135 32198269 -3329851 5113634 3068626 -9302365 , -10777521 -9743560 -3298992 1555437 1511493 -22360974 , -12332958 3298992 9743560 -1555437 -19061982 11255053 , 8003737 5207698 -6080097 9386172 -4701016 11345935 , 24704731 1967693 -1967693 0 -8155491 -10123184 , 1.1130652998391446e-11 , 16
1.3015038377909514 , 1747501 3329851 -32198269 -5113634 -5972514 -29129643 , 13795742 6023593 -6023593 0 12251039 6227446 , 1382435 -6080097 5207698 9386172 -17426032 9908714 , 4546248 -7991286 7991286 0 -4095548 3895738 , 6861135 32198269 -3329851 5113634 3068626 -9302365 , 10777521 9743560 3298992 -1555437 -1511493 22360974 , 12332958 -3298992 -9743560 1555437 19061982 -11255053 , -8003737 -5207698 6080097 -9386172 4701016 -11345935 , 24704731 1967693 -1967693 0 -8155491 -10123184 , 1.1130652998391446e-11 , 17
1.3015038377909514 , 1747501 3329851 -32198269 -5113634 -5972514 -29129643 , 13795742 6023593 -6023593 0 12251039 6227446 , -9386172 17426032 -9908714 -8003737 11345935 -4701016 , 4546248 -7991286 7991286 0 -4095548 3895738 , 6861135 32198269 -3329851 5113634 3068626 -9302365 , 1555437 1511493 -22360974 12332958 11255053 -19061982 , -10777521 22360974 -1511493 -12332958 3298992 9743560 , -1382435 9908714 -17426032 8003737 5207698 -6080097 , 24704731 1967693 -1967693 0 -8155491 -10123184 , 1.113065299949905e-11 , 18
1.3015038377909514 , 1747501 3329851 -32198269 -5113634 -5972514 -29129643 , 13795742 6023593 -6023593 0 12251039 6227446 , 9386172 -17426032 9908714 8003737 -11345935 4701016 , 4546248 -7991286 7991286 0 -4095548 3895738 , 6861135 32198269 -3329851 5113634 3068626 -9302365 , -1555437 -1511493 22360974 -12332958 -11255053 19061982 , 10777521 -22360974 1511493 12332958 -3298992 -9743560 , 1382435 -9908714 17426032 -8003737 -5207698 6080097 , 24704731 1967693 -1967693 0 -8155491 -10123184 , 1.113065299949905e-11 , 19
1.3015038377909514 , 1747501 3329851 -32198269 -5113634 -5972514 -29129643 , 4546248 -7991286 7991286 0 -4095548 3895738 , -12332958 3298992 9743560 -1555437 -19061982 11255053 , 13795742 6023593 -6023593 0 12251039 6227446 , 6861135 32198269 -3329851 5113634 3068626 -9302365 , 8003737 5207698 -6080097 9386172 -4701016 11345935 , -1382435 6080097 -5207698 -9386172 17426032 -9908714 , -10777521 -9743560 -3298992 1555437 1511493 -22360974 , 24704731 1967693 -1967693 0 -8155491 -10123184 , 1.1130653006151022e-11 , 20
1.3015038377909514 , 1747501 3329851 -32198269 -5113634 -5972514 -29129643 , 4546248 -7991286 7991286 0 -4095548 3895738 , 12332958 -3298992 -9743560 1555437 19061982 -11255053 , 13795742 6023593 -6023593 0 12251039 6227446 , 6861135 32198269 -3329851 5113634 3068626 -9302365 , -8003737 -5207698 6080097 -9386172 4701016 -11345935 , 1382435 -6080097 5207698 9386172 -17426032 9908714 , 10777521 9743560 3298992 -1555437 -1511493 22360974 , 24704731 1967693 -1967693 0 -8155491 -10123184 , 1.1130653006151022e-11 , 21
1.3015038377909514 , 1747501 3329851 -32198269 -5113634 -5972514 -29129643 , 13795742 6023593 -6023593 0 12251039 6227446 , -8003737 11345935 -4701016 1382435 -6080097 5207698 , 4546248 -7991286 7991286 0 -4095548 3895738 , 6861135 32198269 -3329851 5113634 3068626 -9302365 , 12332958 11255053 -19061982 10777521 9743560 3298992 , 1555437 19061982 -11255053 -10777521 22360974 -1511493 , -9386172 4701016 -11345935 -1382435 9908714 -17426032 , 24704731 1967693 -1967693 0 -8155491 -10123184 , 1.1130653007295342e-11 , 22
1.3015038377909514 , 1747501 3329851 -32198269 -5113634 -5972514 -29129643 , 13795742 6023593 -6023593 0 12251039 6227446 , 8003737 -11345935 4701016 -1382435 6080097 -5207698 , 4546248 -7991286 7991286 0 -4095548 3895738 , 6861135 32198269 -3329851 5113634 3068626 -9302365 , -12332958 -11255053 19061982 -10777521 -9743560 -3298992 , -1555437 -19061982 11255053 10777521 -22360974 1511493 , 9386172 -4701016 11345935 1382435 -9908714 17426032 , 24704731 1967693 -1967693 0 -8155491 -10123184 , 1.1130653007295342e-11 , 23
1.3015038377909514 , 1747501 3329851 -32198269 -5113634 -5972514 -29129643 , 4546248 -7991286 7991286 0 -4095548 3895738 , 11255053 12332958 -3298992 1511493 1555437 19061982 , 13795742 6023593 -6023593 0 12251039 6227446 , 6861135 32198269 -3329851 5113634 3068626 -9302365 , 11345935 -8003737 -5207698 17426032 -9386172 4701016 , -6080097 5207698 8003737 -17426032 9908714 -1382435 , 9743560 3298992 -12332958 -1511493 22360974 -10777521 , 24704731 1967693 -1967693 0 -8155491 -10123184 , 1.1130653007841115e-11 , 24
1.3015038377909514 , 1747501 3329851 -32198269 -5113634 -5972514 -29129643 , 4546248 -7991286 7991286 0 -4095548 3895738 , -11255053 -12332958 3298992 -1511493 -1555437 -19061982 , 13795742 6023593 -6023593 0 12251039 6227446 , 6861135 32198269 -3329851 5113634 3068626 -9302365 , -11345935 8003737 5207698 -17426032 9386172 -4701016 , 6080097 -5207698 -8003737 17426032 -9908714 1382435 , -9743560 -3298992 12332958 1511493 -22360974 10777521 , 24704731 1967693 -1967693 0 -8155491 -10123184 , 1.1130653007841115e-11 , 25
1.3015038377909514 , 1747501 3329851 -32198269 -5113634 -5972514 -29129643 , 4546248 -7991286 7991286 0 -4095548 3895738 , -10777521 22360974 -1511493 -12332958 3298992 9743560 , 13795742 6023593 -6023593 0 12251039 6227446 , 6861135 32198269 -3329851 5113634 3068626 -9302365 , -1382435 9908714 -17426032 8003737 5207698 -6080097 , -9386172 17426032 -9908714 -8003737 11345935 -4701016 , 1555437 1511493 -22360974 12332958 11255053 -19061982 , 24704731 1967693 -1967693 0 -8155491 -10123184 , 1.1130653008932502e-11 , 26
1.3015038377909514 , 1747501 3329851 -32198269 -5113634 -5972514 -29129643 , 4546248 -7991286 7991286 0 -4095548 3895738 , 10777521 -22360974 1511493 12332958 -3298992 -9743560 , 13795742 6023593 -6023593 0 12251039 6227446 , 6861135 32198269 -3329851 5113634 3068626 -9302365 , 1382435 -9908714 17426032 -8003737 -5207698 6080097 , 9386172 -17426032 9908714 8003737 -11345935 4701016 , -1555437 -1511493 22360974 -12332958 -11255053 19061982 , 24704731 1967693 -1967693 0 -8155491 -10123184 , 1.1130653008932502e-11 , 27
1.3015038377909514 , 1747501 3329851 -32198269 -5113634 -5972514 -29129643 , 4546248 -7991286 7991286 0 -4095548 3895738 , -19061982 11255053 12332958 -22360974 1511493 1555437 , 13795742 6023593 -6023593 0 12251039 6227446 , 6861135 32198269 -3329851 5113634 3068626 -9302365 , -4701016 11345935 -8003737 -9908714 17426032 -9386172 , 5207698 8003737 -11345935 9908714 -1382435 6080097 , 3298992 -12332958 -11255053 22360974 -10777521 -9743560 , 24704731 1967693 -1967693 0 -8155491 -10123184 , 1.1130653023893652e-11 , 28
1.3015038377909514 , 1747501 3329851 -32198269 -5113634 -5972514 -29129643 , 4546248 -7991286 7991286 0 -4095548 3895738 , 19061982 -11255053 -12332958 22360974 -1511493 -1555437 , 13795742 6023593 -6023593 0 12251039 6227446 , 6861135 32198269 -3329851 5113634 3068626 -9302365 , 4701016 -11345935 8003737 9908714 -17426032 9386172 , -5207698 -8003737 11345935 -9908714 1382435 -6080097 , -3298992 12332958 11255053 -22360974 10777521 9743560 , 24704731 1967693 -1967693 0 -8155491 -10123184 , 1.1130653023893652e-11 , 29
1.3015038377909514 , 1747501 3329851 -32198269 -5113634 -5972514 -29129643 , 13795742 6023593 -6023593 0 12251039 6227446 , -17426032 9908714 -1382435 -11345935 4701016 -9386172 , 4546248 -7991286 7991286 0 -4095548 3895738 , 6861135 32198269 -3329851 5113634 3068626 -9302365 , -1511493 22360974 -10777521 -11255053 19061982 1555437 , 9743560 10777521 -22360974 11255053 12332958 -3298992 , -6080097 1382435 -9908714 11345935 -8003737 -5207698 , 24704731 1967693 -1967693 0 -8155491 -10123184 , 1.1130653037720798e-11 , 30
1.3015038377909514 , 1747501 3329851 -32198269 -5113634 -5972514 -29129643 , 13795742 6023593 -6023593 0 12251039 6227446 , 17426032 -9908714 1382435 11345935 -4701016 9386172 , 4546248 -7991286 7991286 0 -4095548 3895738 , 6861135 32198269 -3329851 5113634 3068626 -9302365 , 1511493 -22360974 10777521 11255053 -19061982 -1555437 , -9743560 -10777521 22360974 -11255053 -12332958 3298992 , 6080097 -1382435 9908714 -11345935 8003737 5207698 , 24704731 1967693 -1967693 0 -8155491 -10123184 , 1.1130653037720798e-11 , 31
1.3015038377909514 , 1747501 3329851 -32198269 -5113634 -5972514 -29129643 , 13795742 6023593 -6023593 0 12251039 6227446 , -9908714 1382435 -6080097 -4701016 9386172 -17426032 , 4546248 -7991286 7991286 0 -4095548 3895738 , 6861135 32198269 -3329851 5113634 3068626 -9302365 , -22360974 10777521 9743560 -19061982 -1555437 -1511493 , -3298992 -9743560 -10777521 19061982 -11255053 -12332958 , -5207698 6080097 -1382435 4701016 -11345935 8003737 , 24704731 1967693 -1967693 0 -8155491 -10123184 , 1.1130653044911332e-11 , 32
1.3015038377909514 , 1747501 3329851 -32198269 -5113634 -5972514 -29129643 , 13795742 6023593 -6023593 0 12251039 6227446 , 9908714 -1382435 6080097 4701016 -9386172 17426032 , 4546248 -7991286 7991286 0 -4095548 3895738 , 6861135 32198269 -3329851 5113634 3068626 -9302365 , 22360974 -10777521 -9743560 19061982 1555437 1511493 , 3298992 9743560 10777521 -19061982 11255053 12332958 , 5207698 -6080097 1382435 -4701016 11345935 -8003737 , 24704731 1967693 -1967693 0 -8155491 -10123184 , 1.1130653044911332e-11 , 33
1.3015038377909514 , 1747501 3329851 -32198269 -5113634 -5972514 -29129643 , 4546248 -7991286 7991286 0 -4095548 3895738 , 1555437 19061982 -11255053 -10777521 22360974 -1511493 , 13795742 6023593 -6023593 0 12251039 6227446 , 6861135 32198269 -3329851 5113634 3068626 -9302365 , -9386172 4701016 -11345935 -1382435 9908714 -17426032 , -8003737 11345935 -4701016 1382435 -6080097 5207698 , 12332958 11255053 -19061982 10777521 9743560 3298992 , 24704731 1967693 -1967693 0 -8155491 -10123184 , 1.1130653055978613e-11 , 34
1.3015038377909514 , 1747501 3329851 -32198269 -5113634 -5972514 -29129643 , 4546248 -7991286 7991286 0 -4095548 3895738 , -1555437 -19061982 11255053 10777521 -22360974 1511493 , 13795742 6023593 -6023593 0 12251039 6227446 , 6861135 32198269 -3329851 5113634 3068626 -9302365 , 9386172 -4701016 11345935 1382435 -9908714 17426032 , 8003737 -11345935 4701016 -1382435 6080097 -5207698 , -12332958 -11255053 19061982 -10777521 -9743560 -3298992 , 24704731 1967693 -1967693 0 -8155491 -10123184 , 1.1130653055978613e-11 , 35
1.4077933674707384 , 2238300 765881 -34786557 -3830836 -4668322 -31637000 , 13067818 -354150 354150 0 6664535 7018685 , 8723092 -18911734 5848286 12130816 -11760679 252660 , 5274172 -1613543 1613543 0 1490956 3104499 , 6069136 34786557 -765881 3830836 3149557 -5434203 , -449025 -7365135 22833256 -7987760 -14845219 16832877 , 7538735 -22833256 7365135 7987760 -6000379 -7480084 , -3407724 -5848286 18911734 -12130816 -5595626 7151055 , 24704731 1967693 -1967693 0 -8155491 -10123184 , 1.1130652975731505e-11 , 0
1.4077933674707384 , 2238300 765881 -34786557 -3830836 -4668322 -31637000 , 13067818 -354150 354150 0 6664535 7018685 , -8723092 18911734 -5848286 -12130816 11760679 -252660 , 5274172 -1613543 1613543 0 1490956 3104499 , 6069136 34786557 -765881 3830836 3149557 -5434203 , 449025 7365135 -22833256 7987760 14845219 -16832877 , -7538735 22833256 -7365135 -7987760 6000379 7480084 , 3407724 5848286 -18911734 12130816 5595626 -7151055 , 24704731 1967693 -1967693 0 -8155491 -10123184 , 1.1130652975731505e-11 , 1
1.4077933674707384 , 2238300 765881 -34786557 -3830836 -4668322 -31637000 , 5274172 -1613543 1613543 0 1490956 3104499 , -7365135 -449025 -16832877 7480084 7538735 -22833256 , 13067818 -354150 354150 0 6664535 7018685 , 6069136 34786557 -765881 3830836 3149557 -5434203 , -18911734 8723092 -252660 -7151055 -3407724 -5848286 , -11760679 252660 -8723092 7151055 -5595626 -12130816 , -14845219 16832877 449025 -7480084 -6000379 7987760 , 24704731 1967693 -1967693 0 -8155491 -10123184 , 1.1130652976270843e-11 , 2
1.4077933674707384 , 2238300 765881 -34786557 -3830836 -4668322 -31637000 , 5274172 -1613543 1613543 0 1490956 3104499 , 7365135 449025 16832877 -7480084 -7538735 22833256 , 13067818 -354150 354150 0 6664535 7018685 , 6069136 34786557 -765881 3830836 3149557 -5434203 , 18911734 -8723092 252660 7151055 3407724 5848286 , 11760679 -252660 8723092 -7151055 5595626 12130816 , 14845219 -16832877 -449025 7480084 6000379 -7987760 , 24704731 1967693 -1967693 0 -8155491 -10123184 , 1.1130652976270843e-11 , 3
1.4077933674707384 , 2238300 765881 -34786557 -3830836 -4668322 -31637000 , 5274172 -1613543 1613543 0 1490956 3104499 , -7987760 6000379 7480084 -449025 -16832877 14845219 , 13067818 -354150 354150 0 6664535 7018685 , 6069136 34786557 -765881 3830836 3149557 -5434203 , 12130816 5595626 -7151055 8723092 -252660 11760679 , 3407724 7151055 -5595626 -8723092 18911734 -5848286 , -7538735 -7480084 -6000379 449025 7365135 -22833256 , 24704731 1967693 -1967693 0 -8155491 -10123184 , 1.1130652979571596e-11 , 4
1.4077933674707384 , 2238300 765881 -34786557 -3830836 -4668322 -31637000 , 5274172 -1613543 1613543 0 1490956 3104499 , 7987760 -6000379 -7480084 449025 16832877 -14845219 , 13067818 -354150 354150 0 6664535 7018685 , 6069136 34786557 -765881 3830836 3149557 -5434203 , -12130816 -5595626 7151055 -8723092 252660 -11760679 , -3407724 -7151055 5595626 8723092 -18911734 5848286 , 7538735 7480084 6000379 -449025 -7365135 22833256 , 24704731 1967693 -1967693 0 -8155491 -10123184 , 1.1130652979571596e-11 , 5
1.4077933674707384 , 2238300 765881 -34786557 -3830836 -4668322 -31637000 , 13067818 -354150 354150 0 6664535 7018685 , -7151055 5595626 12130816 -18911734 5848286 3407724 , 5274172 -1613543 1613543 0 1490956 3104499 , 6069136 34786557 -765881 3830836 3149557 -5434203 , 7480084 6000379 -7987760 -7365135 22833256 -7538735 , 14845219 7987760 -6000379 7365135 449025 16832877 , 11760679 -12130816 -5595626 18911734 -8723092 252660 , 24704731 1967693 -1967693 0 -8155491 -10123184 , 1.1130652980679278e-11 , 6
1.4077933674707384 , 2238300 765881 -34786557 -3830836 -4668322 -31637000 , 13067818 -354150 354150 0 6664535 7018685 , 7151055 -5595626 -12130816 18911734 -5848286 -3407724 , 5274172 -1613543 1613543 0 1490956 3104499 , 6069136 34786557 -765881 3830836 3149557 -5434203 , -7480084 -6000379 7987760 7365135 -22833256 7538735 , -14845219 -7987760 6000379 -7365135 -449025 -16832877 , -11760679 12130816 5595626 -18911734 8723092 -252660 , 24704731 1967693 -1967693 0 -8155491 -10123184 , 1.1130652980679278e-11 , 7
1.4077933674707384 , 2238300 765881 -34786557 -3830836 -4668322 -31637000 , 5274172 -1613543 1613543 0 1490956 3104499 , -16832877 14845219 7987760 -22833256 7365135 449025 , 13067818 -354150 354150 0 6664535 7018685 , 6069136 34786557 -765881 3830836 3149557 -5434203 , -252660 11760679 -12130816 -5848286 18911734 -8723092 , 5595626 12130816 -11760679 5848286 3407724 7151055 , 6000379 -7987760 -14845219 22833256 -7538735 -7480084 , 24704731 1967693 -1967693 0 -8155491 -10123184 , 1.1130652984001101e-11 , 8
1.4077933674707384 , 2238300 765881 -34786557 -3830836 -4668322 -31637000 , 5274172 -1613543 1613543 0 1490956 3104499 , 16832877 -14845219 -7987760 22833256 -7365135 -449025 , 13067818 -354150 354150 0 6664535 7018685 , 6069136 34786557 -765881 3830836 3149557 -5434203 , 252660 -11760679 12130816 5848286 -18911734 8723092 , -5595626 -12130816 11760679 -5848286 -3407724 -7151055 , -6000379 7987760 14845219 -22833256 7538735 7480084 , 24704731 1967693 -1967693 0 -8155491 -10123184 , 1.1130652984001101e-11 , 9
1.4077933674707384 , 2238300 765881 -34786557 -3830836 -4668322 -31637000 , 13067818 -354150 354150 0 6664535 7018685 , 5848286 3407724 7151055 252660 -8723092 18911734 , 5274172 -1613543 1613543 0 1490956 3104499 , 6069136 34786557 -765881 3830836 3149557 -5434203 , 22833256 -7538735 -7480084 16832877 449025 7365135 , 6000379 7480084 7538735 -16832877 14845219 7987760 , 5595626 -7151055 -3407724 -252660 11760679 -12130816 , 24704731 1967693 -1967693 0 -8155491 -10123184 , 1.1130652986221816e-11 , 10
1.4077933674707384 , 2238300 765881 -34786557 -3830836 -4668322 -31637000 , 13067818 -354150 354150 0 6664535 7018685 , -5848286 -3407724 -7151055 -252660 8723092 -18911734 , 5274172 -1613543 1613543 0 1490956 3104499 , 6069136 34786557 -765881 3830836 3149557 -5434203 , -22833256 7538735 7480084 -16832877 -449025 -7365135 , -6000379 -7480084 -7538735 16832877 -14845219 -7987760 , -5595626 7151055 3407724 252660 -11760679 12130816 , 24704731 1967693 -1967693 0 -8155491 -10123184 , 1.1130652986221816e-11 , 11
1.4077933674707384 , 2238300 765881 -34786557 -3830836 -4668322 -31637000 , 13067818 -354150 354150 0 6664535 7018685 , -252660 8723092 -18911734 5595626 12130816 -11760679 , 5274172 -1613543 1613543 0 1490956 3104499 , 6069136 34786557 -765881 3830836 3149557 -5434203 , -16832877 -449025 -7365135 6000379 -7987760 -14845219 , -22833256 7365135 449025 -6000379 -7480084 -7538735 , -5848286 18911734 -8723092 -5595626 7151055 3407724 , 24704731 1967693 -1967693 0 -8155491 -10123184 , 1.1130652987875862e-11 , 12
1.4077933674707384 , 2238300 765881 -34786557 -3830836 -4668322 -31637000 , 13067818 -354150 354150 0 6664535 7018685 , 252660 -8723092 18911734 -5595626 -12130816 11760679 , 5274172 -1613543 1613543 0 1490956 3104499 , 6069136 34786557 -765881 3830836 3149557 -5434203 , 16832877 449025 7365135 -6000379 7987760 14845219 , 22833256 -7365135 -449025 6000379 7480084 7538735 , 5848286 -18911734 8723092 5595626 -7151055 -3407724 , 24704731 1967693 -1967693 0 -8155491 -10123184 , 1.1130652987875862e-11 , 13
1.4077933674707384 , 2238300 765881 -34786557 -3830836 -4668322 -31637000 , 5274172 -1613543 1613543 0 1490956 3104499 , -449025 -16832877 14845219 7538735 -22833256 7365135 , 13067818 -354150 354150 0 6664535 7018685 , 6069136 34786557 -765881 3830836 3149557 -5434203 , 8723092 -252660 11760679 -3407724 -5848286 18911734 , 12130816 -11760679 252660 3407724 7151055 -5595626 , -7987760 -14845219 16832877 -7538735 -7480084 -6000379 , 24704731 1967693 -1967693 0 -8155491 -10123184 , 1.1130652989020292e-11 , 14
1.4077933674707384 , 2238300 765881 -34786557 -3830836 -4668322 -31637000 , 5274172 -1613543 1613543 0 1490956 3104499 , 449025 16832877 -14845219 -7538735 22833256 -7365135 , 13067818 -354150 354150 0 6664535 7018685 , 6069136 34786557 -765881 3830836 3149557 -5434203 , -8723092 252660 -11760679 3407724 5848286 -18911734 , -12130816 11760679 -252660 -3407724 -7151055 5595626 , 7987760 14845219 -16832877 7538735 7480084 6000379 , 24704731 1967693 -1967693 0 -8155491 -10123184 , 1.1130652989020292e-11 , 15
1.4077933674707384 , 2238300 765881 -34786557 -3830836 -4668322 -31637000 , 5274172 -1613543 1613543 0 1490956 3104499 , -14845219 -7987760 6000379 -7365135 -449025 -16832877 , 13067818 -354150 354150 0 6664535 7018685 , 6069136 34786557 -765881 3830836 3149557 -5434203 , -11760679 12130816 5595626 -18911734 8723092 -252660 , 7151055 -5595626 -12130816 18911734 -5848286 -3407724 , -7480084 -6000379 7987760 7365135 -22833256 7538735 , 24704731 1967693 -1967693 0 -8155491 -10123184 , 1.1130652991198312e-11 , 16
1.4077933674707384 , 2238300 765881 -34786557 -3830836 -4668322 -31637000 , 5274172 -1613543 1613543 0 1490956 3104499 , 14845219 7987760 -6000379 7365135 449025 16832877 , 13067818 -354150 354150 0 6664535 7018685 , 6069136 34786557 -765881 3830836 3149557 -5434203 , 11760679 -12130816 -5595626 18911734 -8723092 252660 , -7151055 5595626 12130816 -18911734 5848286 3407724 , 7480084 6000379 -7987760 -7365135 22833256 -7538735 , 24704731 1967693 -1967693 0 -8155491 -10123184 , 1.1130652991198312e-11 , 17
1.4077933674707384 , 2238300 765881 -34786557 -3830836 -4668322 -31637000 , 5274172 -1613543 1613543 0 1490956 3104499 , -22833256 7365135 449025 -6000379 -7480084 -7538735 , 13067818 -354150 354150 0 6664535 7018685 , 6069136 34786557 -765881 3830836 3149557 -5434203 , -5848286 18911734 -8723092 -5595626 7151055 3407724 , -252660 8723092 -18911734 5595626 12130816 -11760679 , -16832877 -449025 -7365135 6000379 -7987760 -14845219 , 24704731 1967693 -1967693 0 -8155491 -10123184 , 1.1130652992329771e-11 , 18
1.4077933674707384 , 2238300 765881 -34786557 -3830836 -4668322 -31637000 , 5274172 -1613543 1613543 0 1490956 3104499 , 22833256 -7365135 -449025 6000379 7480084 7538735 , 13067818 -354150 354150 0 6664535 7018685 , 6069136 34786557 -765881 3830836 3149557 -5434203 , 5848286 -18911734 8723092 5595626 -7151055 -3407724 , 252660 -8723092 18911734 -5595626 -12130816 11760679 , 16832877 449025 7365135 -6000379 7987760 14845219 , 24704731 1967693 -1967693 0 -8155491 -10123184 , 1.1130652992329771e-11 , 19
1.4077933674707384 , 2238300 765881 -34786557 -3830836 -4668322 -31637000 , 13067818 -354150 354150 0 6664535 7018685 , -3407724 -7151055 5595626 8723092 -18911734 5848286 , 5274172 -1613543 1613543 0 1490956 3104499 , 6069136 34786557 -765881 3830836 3149557 -5434203 , 7538735 7480084 6000379 -449025 -7365135 22833256 , 7987760 -6000379 -7480084 449025 16832877 -14845219 , -12130816 -5595626 7151055 -8723092 252660 -11760679 , 24704731 1967693 -1967693 0 -8155491 -10123184 , 1.1130652998949253e-11 , 20
1.4077933674707384 , 2238300 765881 -34786557 -3830836 -4668322 -31637000 , 13067818 -354150 354150 0 6664535 7018685 , 3407724 7151055 -5595626 -8723092 18911734 -5848286 , 5274172 -1613543 1613543 0 1490956 3104499 , 6069136 34786557 -765881 3830836 3149557 -5434203 , -7538735 -7480084 -6000379 449025 7365135 -22833256 , -7987760 6000379 7480084 -449025 -16832877 14845219 , 12130816 5595626 -7151055 8723092 -252660 11760679 , 24704731 1967693 -1967693 0 -8155491 -10123184 , 1.1130652998949253e-11 , 21
1.4077933674707384 , 2238300 765881 -34786557 -3830836 -4668322 -31637000 , 13067818 -354150 354150 0 6664535 7018685 , 5595626 12130816 -11760679 5848286 3407724 7151055 , 5274172 -1613543 1613543 0 1490956 3104499 , 6069136 34786557 -765881 3830836 3149557 -5434203 , 6000379 -7987760 -14845219 22833256 -7538735 -7480084 , -16832877 14845219 7987760 -22833256 7365135 449025 , -252660 11760679 -12130816 -5848286 18911734 -8723092 , 24704731 1967693 -1967693 0 -8155491 -10123184 , 1.1130653013348398e-11 , 22
1.4077933674707384 , 2238300 765881 -34786557 -3830836 -4668322 -31637000 , 13067818 -354150 354150 0 6664535 7018685 , -5595626 -12130816 11760679 -5848286 -3407724 -7151055 , 5274172 -1613543 1613543 0 1490956 3104499 , 6069136 34786557 -765881 3830836 3149557 -5434203 , -6000379 7987760 14845219 -22833256 7538735 7480084 , 16832877 -14845219 -7987760 22833256 -7365135 -449025 , 252660 -11760679 12130816 5848286 -18911734 8723092 , 24704731 1967693 -1967693 0 -8155491 -10123184 , 1.1130653013348398e-11 , 23
1.4077933674707384 , 2238300 765881 -34786557 -3830836 -4668322 -31637000 , 5274172 -1613543 1613543 0 1490956 3104499 , 6000379 7480084 7538735 -16832877 14845219 7987760 , 13067818 -354150 354150 0 6664535 7018685 , 6069136 34786557 -765881 3830836 3149557 -5434203 , 5595626 -7151055 -3407724 -252660 11760679 -12130816 , 5848286 3407724 7151055 252660 -8723092 18911734 , 22833256 -7538735 -7480084 16832877 449025 7365135 , 24704731 1967693 -1967693 0 -8155491 -10123184 , 1.1130653013380059e-11 , 24
1.4077933674707384 , 2238300 765881 -34786557 -3830836 -4668322 -31637000 , 5274172 -1613543 1613543 0 1490956 3104499 , -6000379 -7480084 -7538735 16832877 -14845219 -7987760 , 13067818 -354150 354150 0 6664535 7018685 , 6069136 34786557 -765881 3830836 3149557 -5434203 , -5595626 7151055 3407724 252660 -11760679 12130816 , -5848286 -3407724 -7151055 -252660 8723092 -18911734 , -22833256 7538735 7480084 -16832877 -449025 -7365135 , 24704731 1967693 -1967693 0 -8155491 -10123184 , 1.1130653013380059e-11 , 25
1.4077933674707384 , 2238300 765881 -34786557 -3830836 -4668322 -31637000 , 13067818 -354150 354150 0 6664535 7018685 , -18911734 5848286 3407724 -11760679 252660 -8723092 , 5274172 -1613543 1613543 0 1490956 3104499 , 6069136 34786557 -765881 3830836 3149557 -5434203 , -7365135 22833256 -7538735 -14845219 16832877 449025 , 7480084 7538735 -22833256 14845219 7987760 -6000379 , -7151055 -3407724 -5848286 11760679 -12130816 -5595626 , 24704731 1967693 -1967693 0 -8155491 -10123184 , 1.1130653015575793e-11 , 26
1.4077933674707384 , 2238300 765881 -34786557 -3830836 -4668322 -31637000 , 13067818 -354150 354150 0 6664535 7018685 , 18911734 -5848286 -3407724 11760679 -252660 8723092 , 5274172 -1613543 1613543 0 1490956 3104499 , 6069136 34786557 -765881 3830836 3149557 -5434203 , 7365135 -22833256 7538735 14845219 -16832877 -449025 , -7480084 -7538735 22833256 -14845219 -7987760 6000379 , 7151055 3407724 5848286 -11760679 12130816 5595626 , 24704731 1967693 -1967693 0 -8155491 -10123184 , 1.1130653015575793e-11 , 27
1.4077933674707384 , 2238300 765881 -34786557 -3830836 -4668322 -31637000 , 5274172 -1613543 1613543 0 1490956 3104499 , 7480084 7538735 -22833256 14845219 7987760 -6000379 , 13067818 -354150 354150 0 6664535 7018685 , 6069136 34786557 -765881 3830836 3149557 -5434203 , -7151055 -3407724 -5848286 11760679 -12130816 -5595626 , -18911734 5848286 3407724 -11760679 252660 -8723092 , -7365135 22833256 -7538735 -14845219 16832877 449025 , 24704731 1967693 -1967693 0 -8155491 -10123184 , 1.1130653038824239e-11 , 28
1.4077933674707384 , 2238300 765881 -34786557 -3830836 -4668322 -31637000 , 5274172 -1613543 1613543 0 1490956 3104499 , -7480084 -7538735 22833256 -14845219 -7987760 6000379 , 13067818 -354150 354150 0 6664535 7018685 , 6069136 34786557 -765881 3830836 3149557 -5434203 , 7151055 3407724 5848286 -11760679 12130816 5595626 , 18911734 -5848286 -3407724 11760679 -252660 8723092 , 7365135 -22833256 7538735 14845219 -16832877 -449025 , 24704731 1967693 -1967693 0 -8155491 -10123184 , 1.1130653038824239e-11 , 29
1.4077933674707384 , 2238300 765881 -34786557 -3830836 -4668322 -31637000 , 13067818 -354150 354150 0 6664535 7018685 , -12130816 11760679 -252660 -3407724 -7151055 5595626 , 5274172 -1613543 1613543 0 1490956 3104499 , 6069136 34786557 -765881 3830836 3149557 -5434203 , 7987760 14845219 -16832877 7538735 7480084 6000379 , 449025 16832877 -14845219 -7538735 22833256 -7365135 , -8723092 252660 -11760679 3407724 5848286 -18911734 , 24704731 1967693 -1967693 0 -8155491 -10123184 , 1.1130653048792375e-11 , 30
1.4077933674707384 , 2238300 765881 -34786557 -3830836 -4668322 -31637000 , 13067818 -354150 354150 0 6664535 7018685 , 12130816 -11760679 252660 3407724 7151055 -5595626 , 5274172 -1613543 1613543 0 1490956 3104499 , 6069136 34786557 -765881 3830836 3149557 -5434203 , -7987760 -14845219 16832877 -7538735 -7480084 -6000379 , -449025 -16832877 14845219 7538735 -22833256 7365135 , 8723092 -252660 11760679 -3407724 -5848286 18911734 , 24704731 1967693 -1967693 0 -8155491 -10123184 , 1.1130653048792375e-11 , 31
1.4077933674707384 , 2238300 765881 -34786557 -3830836 -4668322 -31637000 , 13067818 -354150 354150 0 6664535 7018685 , -11760679 252660 -8723092 7151055 -5595626 -12130816 , 5274172 -1613543 1613543 0 1490956 3104499 , 6069136 34786557 -765881 3830836 3149557 -5434203 , -14845219 16832877 449025 -7480084 -6000379 7987760 , -7365135 -449025 -16832877 7480084 7538735 -22833256 , -18911734 8723092 -252660 -7151055 -3407724 -5848286 , 24704731 1967693 -1967693 0 -8155491 -10123184 , 1.1130653066027965e-11 , 32
1.4077933674707384 , 2238300 765881 -34786557 -3830836 -4668322 -31637000 , 13067818 -354150 354150 0 6664535 7018685 , 11760679 -252660 8723092 -7151055 5595626 12130816 , 5274172 -1613543 1613543 0 1490956 3104499 , 6069136 34786557 -765881 3830836 3149557 -5434203 , 14845219 -16832877 -449025 7480084 6000379 -7987760 , 7365135 449025 16832877 -7480084 -7538735 22833256 , 18911734 -8723092 252660 7151055 3407724 5848286 , 24704731 1967693 -1967693 0 -8155491 -10123184 , 1.1130653066027965e-11 , 33
1.4077933674707384 , 2238300 765881 -34786557 -3830836 -4668322 -31637000 , 5274172 -1613543 1613543 0 1490956 3104499 , -7538735 22833256 -7365135 -7987760 6000379 7480084 , 13067818 -354150 354150 0 6664535 7018685 , 6069136 34786557 -765881 3830836 3149557 -5434203 , 3407724 5848286 -18911734 12130816 5595626 -7151055 , -8723092 18911734 -5848286 -12130816 11760679 -252660 , 449025 7365135 -22833256 7987760 14845219 -16832877 , 24704731 1967693 -1967693 0 -8155491 -10123184 , 1.1130653073750344e-11 , 34
1.4077933674707384 , 2238300 765881 -34786557 -3830836 -4668322 -31637000 , 5274172 -1613543 1613543 0 1490956 3104499 , 7538735 -22833256 7365135 7987760 -6000379 -7480084 , 13067818 -354150 354150 0 6664535 7018685 , 6069136 34786557 -765881 3830836 3149557 -5434203 , -3407724 -5848286 18911734 -12130816 -5595626 7151055 , 8723092 -18911734 5848286 12130816 -11760679 252660 , -449025 -7365135 22833256 -7987760 -14845219 16832877 , 24704731 1967693 -1967693 0 -8155491 -10123184 , 1.1130653073750344e-11 , 35
1.515427816683449 , -2481641 867766 -21523353 -13781102 -11557644 -20296774 , 18772866 4975939 -4975939 0 14045256 9069317 , -6642021 6970662 -7497828 8112731 -9570786 2482794 , 24225542 -692519 692519 0 12325595 13018114 , 11299461 21523353 -867766 13781102 1226579 -12425410 , 2391527 3031673 -6238014 8679608 -5234092 4479483 , -6288081 6238014 -3031673 -8679608 10717497 -8265765 , -14754752 7497828 -6970662 -8112731 9980622 -16541448 , 48313 -4283420 4283420 0 -26370851 -22087431 , 3.0302957699794019e-11 , 0
1.515427816683449 , -2481641 867766 -21523353 -13781102 -11557644 -20296774 , 18772866 4975939 -4975939 0 14045256 9069317 , 6642021 -6970662 7497828 -8112731 9570786 -2482794 , 24225542 -692519 692519 0 12325595 13018114 , 11299461 21523353 -867766 13781102 1226579 -12425410 , -2391527 -3031673 6238014 -8679608 5234092 -4479483 , 6288081 -6238014 3031673 8679608 -10717497 8265765 , 14754752 -7497828 6970662 8112731 -9980622 16541448 , 48313 -4283420 4283420 0 -26370851 -22087431 , 3.0302957699794019e-11 , 1
1.515427816683449 , -2481641 867766 -21523353 -13781102 -11557644 -20296774 , 18772866 4975939 -4975939 0 14045256 9069317 , -9570786 2482794 6642021 -16541448 9980622 -8112731 , 24225542 -692519 692519 0 12325595 13018114 , 11299461 21523353 -867766 13781102 1226579 -12425410 , -5234092 4479483 -2391527 -8265765 10717497 -8679608 , 3031673 2391527 -4479483 8265765 -6288081 6238014 , 6970662 -6642021 -2482794 16541448 -14754752 7497828 , 48313 -4283420 4283420 0 -26370851 -22087431 , 3.0302957699794077e-11 , 2
1.515427816683449 , -2481641 867766 -21523353 -13781102 -11557644 -20296774 , 18772866 4975939 -4975939 0 14045256 9069317 , 9570786 -2482794 -6642021 16541448 -9980622 8112731 , 24225542 -692519 692519 0 12325595 13018114 , 11299461 21523353 -867766 13781102 1226579 -12425410 , 5234092 -4479483 2391527 8265765 -10717497 8679608 , -3031673 -2391527 4479483 -8265765 6288081 -6238014 , -6970662 6642021 2482794 -16541448 14754752 -7497828 , 48313 -4283420 4283420 0 -26370851 -22087431 , 3.0302957699794077e-11 , 3
1.515427816683449 , -2481641 867766 -21523353 -13781102 -11557644 -20296774 , 24225542 -692519 692519 0 12325595 13018114 , -8403446 4971205 -4235599 -6448761 8470179 -10711769 , 18772866 4975939 -4975939 0 14045256 9069317 , 11299461 21523353 -867766 13781102 1226579 -12425410 , -15092260 15187504 -6849115 -11806400 11204716 -9868208 , -3285860 6849115 -15187504 11806400 -3019093 -3982788 , -1954685 4235599 -4971205 6448761 -6476170 3498974 , 48313 -4283420 4283420 0 -26370851 -22087431 , 3.0302957699800649e-11 , 4
1.515427816683449 , -2481641 867766 -21523353 -13781102 -11557644 -20296774 , 24225542 -692519 692519 0 12325595 13018114 , 8403446 -4971205 4235599 6448761 -8470179 10711769 , 18772866 4975939 -4975939 0 14045256 9069317 , 11299461 21523353 -867766 13781102 1226579 -12425410 , 15092260 -15187504 6849115 11806400 -11204716 9868208 , 3285860 -6849115 15187504 -11806400 3019093 3982788 , 1954685 -4235599 4971205 -6448761 6476170 -3498974 , 48313 -4283420 4283420 0 -26370851 -22087431 , 3.0302957699800649e-11 , 5
1.515427816683449 , -2481641 867766 -21523353 -13781102 -11557644 -20296774 , 18772866 4975939 -4975939 0 14045256 9069317 , -9980622 8112731 -9570786 -7497828 14754752 -16541448 , 24225542 -692519 692519 0 12325595 13018114 , 11299461 21523353 -867766 13781102 1226579 -12425410 , -10717497 8679608 -5234092 -6238014 6288081 -8265765 , -4479483 5234092 -8679608 6238014 -3031673 -2391527 , -2482794 9570786 -8112731 7497828 -6970662 6642021 , 48313 -4283420 4283420 0 -26370851 -22087431 , 3.0302957701228427e-11 , 6
1.515427816683449 , -2481641 867766 -21523353 -13781102 -11557644 -20296774 , 18772866 4975939 -4975939 0 14045256 9069317 , 9980622 -8112731 9570786 7497828 -14754752 16541448 , 24225542 -692519 692519 0 12325595 13018114 , 11299461 21523353 -867766 13781102 1226579 -12425410 , 10717497 -8679608 5234092 6238014 -6288081 8265765 , 4479483 -5234092 8679608 -6238014 3031673 2391527 , 2482794 -9570786 8112731 -7497828 6970662 -6642021 , 48313 -4283420 4283420 0 -26370851 -22087431 , 3.0302957701228427e-11 , 7
1.515427816683449 , -2481641 867766 -21523353 -13781102 -11557644 -20296774 , 24225542 -692519 692519 0 12325595 13018114 , -1954685 -3498974 6476170 -8403446 4971205 -4235599 , 18772866 4975939 -4975939 0 14045256 9069317 , 11299461 21523353 -867766 13781102 1226579 -12425410 , -3285860 3982788 3019093 -15092260 15187504 -6849115 , 11806400 -3019093 -3982788 15092260 -9868208 11204716 , 6448761 -6476170 3498974 8403446 -10711769 8470179 , 48313 -4283420 4283420 0 -26370851 -22087431 , 3.0302957701827778e-11 , 8
1.515427816683449 , -2481641 867766 -21523353 -13781102 -11557644 -20296774 , 24225542 -692519 692519 0 12325595 13018114 , 1954685 3498974 -6476170 8403446 -4971205 4235599 , 18772866 4975939 -4975939 0 14045256 9069317 , 11299461 21523353 -867766 13781102 1226579 -12425410 , 3285860 -3982788 -3019093 15092260 -15187504 6849115 , -11806400 3019093 3982788 -15092260 9868208 -11204716 , -6448761 6476170 -3498974 -8403446 10711769 -8470179 , 48313 -4283420 4283420 0 -26370851 -22087431 , 3.0302957701827778e-11 , 9
1.515427816683449 , -2481641 867766 -21523353 -13781102 -11557644 -20296774 , 24225542 -692519 692519 0 12325595 13018114 , 10711769 -8403446 4971205 6476170 -6448761 8470179 , 18772866 4975939 -4975939 0 14045256 9069317 , 11299461 21523353 -867766 13781102 1226579 -12425410 , 9868208 -15092260 15187504 3019093 -11806400 11204716 , 6849115 -15187504 15092260 -3019093 -3982788 3285860 , 4235599 -4971205 8403446 -6476170 3498974 1954685 , 48313 -4283420 4283420 0 -26370851 -22087431 , 3.0302957701831772e-11 , 10
1.515427816683449 , -2481641 867766 -21523353 -13781102 -11557644 -20296774 , 24225542 -692519 692519 0 12325595 13018114 , -10711769 8403446 -4971205 -6476170 6448761 -8470179 , 18772866 4975939 -4975939 0 14045256 9069317 , 11299461 21523353 -867766 13781102 1226579 -12425410 , -9868208 15092260 -15187504 -3019093 11806400 -11204716 , -6849115 15187504 -15092260 3019093 3982788 -3285860 , -4235599 4971205 -8403446 6476170 -3498974 -1954685 , 48313 -4283420 4283420 0 -26370851 -22087431 , 3.0302957701831772e-11 , 11
1.515427816683449 , -2481641 867766 -21523353 -13781102 -11557644 -20296774 , 18772866 4975939 -4975939 0 14045256 9069317 , 16541448 -9980622 8112731 6970662 -7497828 14754752 , 24225542 -692519 692519 0 12325595 13018114 , 11299461 21523353 -867766 13781102 1226579 -12425410 , 8265765 -10717497 8679608 3031673 -6238014 6288081 , 5234092 -8679608 10717497 -3031673 -2391527 4479483 , 9570786 -8112731 9980622 -6970662 6642021 2482794 , 48313 -4283420 4283420 0 -26370851 -22087431 , 3.0302957703046932e-11 , 12
1.515427816683449 , -2481641 867766 -21523353 -13781102 -11557644 -20296774 , 18772866 4975939 -4975939 0 14045256 9069317 , -16541448 9980622 -8112731 -6970662 7497828 -14754752 , 24225542 -692519 692519 0 12325595 13018114 , 11299461 21523353 -867766 13781102 1226579 -12425410 , -8265765 10717497 -8679608 -3031673 6238014 -6288081 , -5234092 8679608 -10717497 3031673 2391527 -4479483 , -9570786 8112731 -9980622 6970662 -6642021 -2482794 , 48313 -4283420 4283420 0 -26370851 -22087431 , 3.0302957703046932e-11 , 13
1.515427816683449 , -2481641 867766 -21523353 -13781102 -11557644 -20296774 , 24225542 -692519 692519 0 12325595 13018114 , -8470179 10711769 -8403446 -3498974 6476170 -6448761 , 18772866 4975939 -4975939 0 14045256 9069317 , 11299461 21523353 -867766 13781102 1226579 -12425410 , -11204716 9868208 -15092260 3982788 3019093 -11806400 , -15187504 15092260 -9868208 -3982788 3285860 -6849115 , -4971205 8403446 -10711769 3498974 1954685 -4235599 , 48313 -4283420 4283420 0 -26370851 -22087431 , 3.0302957704063737e-11 , 14
1.515427816683449 , -2481641 867766 -21523353 -13781102 -11557644 -20296774 , 24225542 -692519 692519 0 12325595 13018114 , 8470179 -10711769 8403446 3498974 -6476170 6448761 , 18772866 4975939 -4975939 0 14045256 9069317 , 11299461 21523353 -867766 13781102 1226579 -12425410 , 11204716 -9868208 15092260 -3982788 -3019093 11806400 , 15187504 -15092260 9868208 3982788 -3285860 6849115 , 4971205 -8403446 10711769 -3498974 -1954685 4235599 , 48313 -4283420 4283420 0 -26370851 -22087431 , 3.0302957704063737e-11 , 15
1.515427816683449 , -2481641 867766 -21523353 -13781102 -11557644 -20296774 , 18772866 4975939 -4975939 0 14045256 9069317 , -14754752 16541448 -9980622 -6642021 6970662 -7497828 , 24225542 -692519 692519 0 12325595 13018114 , 11299461 21523353 -867766 13781102 1226579 -12425410 , -6288081 8265765 -10717497 2391527 3031673 -6238014 , -8679608 10717497 -8265765 -2391527 4479483 -5234092 , -8112731 9980622 -16541448 6642021 2482794 -9570786 , 48313 -4283420 4283420 0 -26370851 -22087431 , 3.0302957704874769e-11 , 16
1.515427816683449 , -2481641 867766 -21523353 -13781102 -11557644 -20296774 , 18772866 4975939 -4975939 0 14045256 9069317 , 14754752 -16541448 9980622 6642021 -6970662 7497828 , 24225542 -692519 692519 0 12325595 13018114 , 11299461 21523353 -867766 13781102 1226579 -12425410 , 6288081 -8265765 10717497 -2391527 -3031673 6238014 , 8679608 -10717497 8265765 2391527 -4479483 5234092 , 8112731 -9980622 16541448 -6642021 -2482794 9570786 , 48313 -4283420 4283420 0 -26370851 -22087431 , 3.0302957704874769e-11 , 17
1.515427816683449 , -2481641 867766 -21523353 -13781102 -11557644 -20296774 , 18772866 4975939 -4975939 0 14045256 9069317 , 8112731 -9570786 2482794 14754752 -16541448 9980622 , 24225542 -692519 692519 0 12325595 13018114 , 11299461 21523353 -867766 13781102 1226579 -12425410 , 8679608 -5234092 4479483 6288081 -8265765 10717497 , 2391527 -4479483 5234092 -6288081 6238014 -3031673 , -6642021 -2482794 9570786 -14754752 7497828 -6970662 , 48313 -4283420 4283420 0 -26370851 -22087431 , 3.0302957705094514e-11 , 18
1.515427816683449 , -2481641 867766 -21523353 -13781102 -11557644 -20296774 , 18772866 4975939 -4975939 0 14045256 9069317 , -8112731 9570786 -2482794 -14754752 16541448 -9980622 , 24225542 -692519 692519 0 12325595 13018114 , 11299461 21523353 -867766 13781102 1226579 -12425410 , -8679608 5234092 -4479483 -6288081 8265765 -10717497 , -2391527 4479483 -5234092 6288081 -6238014 3031673 , 6642021 2482794 -9570786 14754752 -7497828 6970662 , 48313 -4283420 4283420 0 -26370851 -22087431 , 3.0302957705094514e-11 , 19
1.515427816683449 , -2481641 867766 -21523353 -13781102 -11557644 -20296774 , 24225542 -692519 692519 0 12325595 13018114 , -4235599 1954685 3498974 -10711769 8403446 -4971205 , 18772866 4975939 -4975939 0 14045256 9069317 , 11299461 21523353 -867766 13781102 1226579 -12425410 , -6849115 3285860 -3982788 -9868208 15092260 -15187504 , 3019093 3982788 -3285860 9868208 -11204716 11806400 , 6476170 -3498974 -1954685 10711769 -8470179 6448761 , 48313 -4283420 4283420 0 -26370851 -22087431 , 3.0302957708134707e-11 , 20
1.515427816683449 , -2481641 867766 -21523353 -13781102 -11557644 -20296774 , 24225542 -692519 692519 0 12325595 13018114 , 4235599 -1954685 -3498974 10711769 -8403446 4971205 , 18772866 4975939 -4975939 0 14045256 9069317 , 11299461 21523353 -867766 13781102 1226579 -12425410 , 6849115 -3285860 3982788 9868208 -15092260 15187504 , -3019093 -3982788 3285860 -9868208 11204716 -11806400 , -6476170 3498974 1954685 -10711769 8470179 -6448761 , 48313 -4283420 4283420 0 -26370851 -22087431 , 3.0302957708134707e-11 , 21
1.515427816683449 , -2481641 867766 -21523353 -13781102 -11557644 -20296774 , 18772866 4975939 -4975939 0 14045256 9069317 , -2482794 -6642021 6970662 -9980622 8112731 -9570786 , 24225542 -692519 692519 0 12325595 13018114 , 11299461 21523353 -867766 13781102 1226579 -12425410 , -4479483 2391527 3031673 -10717497 8679608 -5234092 , 6238014 -3031673 -2391527 10717497 -8265765 6288081 , 7497828 -6970662 6642021 9980622 -16541448 14754752 , 48313 -4283420 4283420 0 -26370851 -22087431 , 3.0302957708741321e-11 , 22
1.515427816683449 , -2481641 867766 -21523353 -13781102 -11557644 -20296774 , 18772866 4975939 -4975939 0 14045256 9069317 , 2482794 6642021 -6970662 9980622 -8112731 9570786 , 24225542 -692519 692519 0 12325595 13018114 , 11299461 21523353 -867766 13781102 1226579 -12425410 , 4479483 -2391527 -3031673 10717497 -8679608 5234092 , -6238014 3031673 2391527 -10717497 8265765 -6288081 , -7497828 6970662 -6642021 -9980622 16541448 -14754752 , 48313 -4283420 4283420 0 -26370851 -22087431 , 3.0302957708741321e-11 , 23
1.515427816683449 , -2481641 867766 -21523353 -13781102 -11557644 -20296774 , 24225542 -692519 692519 0 12325595 13018114 , -3498974 6476170 -6448761 4971205 -4235599 1954685 , 18772866 4975939 -4975939 0 14045256 9069317 , 11299461 21523353 -867766 13781102 1226579 -12425410 , 3982788 3019093 -11806400 15187504 -6849115 3285860 , -11204716 11806400 -3019093 -15187504 15092260 -9868208 , -8470179 6448761 -6476170 -4971205 8403446 -10711769 , 48313 -4283420 4283420 0 -26370851 -22087431 , 3.0302957709560979e-11 , 24
1.515427816683449 , -2481641 867766 -21523353 -13781102 -11557644 -20296774 , 24225542 -692519 692519 0 12325595 13018114 , 3498974 -6476170 6448761 -4971205 4235599 -1954685 , 18772866 4975939 -4975939 0 14045256 9069317 , 11299461 21523353 -867766 13781102 1226579 -12425410 , -3982788 -3019093 11806400 -15187504 6849115 -3285860 , 11204716 -11806400 3019093 15187504 -15092260 9868208 , 8470179 -6448761 6476170 4971205 -8403446 10711769 , 48313 -4283420 4283420 0 -26370851 -22087431 , 3.0302957709560979e-11 , 25
1.515427816683449 , -2481641 867766 -21523353 -13781102 -11557644 -20296774 , 24225542 -692519 692519 0 12325595 13018114 , 4971205 -4235599 1954685 8470179 -10711769 8403446 , 18772866 4975939 -4975939 0 14045256 9069317 , 11299461 21523353 -867766 13781102 1226579 -12425410 , 15187504 -6849115 3285860 11204716 -9868208 15092260 , 3982788 -3285860 6849115 -11204716 11806400 -3019093 , -3498974 -1954685 4235599 -8470179 6448761 -6476170 , 48313 -4283420 4283420 0 -26370851 -22087431 , 3.0302957711796403e-11 , 26
1.515427816683449 , -2481641 867766 -21523353 -13781102 -11557644 -20296774 , 24225542 -692519 692519 0 12325595 13018114 , -4971205 4235599 -1954685 -8470179 10711769 -8403446 , 18772866 4975939 -4975939 0 14045256 9069317 , 11299461 21523353 -867766 13781102 1226579 -12425410 , -15187504 6849115 -3285860 -11204716 9868208 -15092260 , -3982788 3285860 -6849115 11204716 -11806400 3019093 , 3498974 1954685 -4235599 8470179 -6448761 6476170 , 48313 -4283420 4283420 0 -26370851 -22087431 , 3.0302957711796403e-11 , 27
1.515427816683449 , -2481641 867766 -21523353 -13781102 -11557644 -20296774 , 18772866 4975939 -4975939 0 14045256 9069317 , 6970662 -7497828 14754752 -9570786 2482794 6642021 , 24225542 -692519 692519 0 12325595 13018114 , 11299461 21523353 -867766 13781102 1226579 -12425410 , 3031673 -6238014 6288081 -5234092 4479483 -2391527 , 8265765 -6288081 6238014 5234092 -8679608 10717497 , 16541448 -14754752 7497828 9570786 -8112731 9980622 , 48313 -4283420 4283420 0 -26370851 -22087431 , 3.0302957712400768e-11 , 28
1.515427816683449 , -2481641 867766 -21523353 -13781102 -11557644 -20296774 , 18772866 4975939 -4975939 0 14045256 9069317 , -6970662 7497828 -14754752 9570786 -2482794 -6642021 , 24225542 -692519 692519 0 12325595 13018114 , 11299461 21523353 -867766 13781102 1226579 -12425410 , -3031673 6238014 -6288081 5234092 -4479483 2391527 , -8265765 6288081 -6238014 -5234092 8679608 -10717497 , -16541448 14754752 -7497828 -9570786 8112731 -9980622 , 48313 -4283420 4283420 0 -26370851 -22087431 , 3.0302957712400768e-11 , 29
1.515427816683449 , -2481641 867766 -21523353 -13781102 -11557644 -20296774 , 24225542 -692519 692519 0 12325595 13018114 , 6476170 -6448761 8470179 -4235599 1954685 3498974 , 18772866 4975939 -4975939 0 14045256 9069317 , 11299461 21523353 -867766 13781102 1226579 -12425410 , 3019093 -11806400 11204716 -6849115 3285860 -3982788 , 9868208 -11204716 11806400 6849115 -15187504 15092260 , 10711769 -8470179 6448761 4235599 -4971205 8403446 , 48313 -4283420 4283420 0 -26370851 -22087431 , 3.0302957713214475e-11 , 30
1.515427816683449 , -2481641 867766 -21523353 -13781102 -11557644 -20296774 , 24225542 -692519 692519 0 12325595 13018114 , -6476170 6448761 -8470179 4235599 -1954685 -3498974 , 18772866 4975939 -4975939 0 14045256 9069317 , 11299461 21523353 -867766 13781102 1226579 -12425410 , -3019093 11806400 -11204716 6849115 -3285860 3982788 , -9868208 11204716 -11806400 -6849115 15187504 -15092260 , -10711769 8470179 -6448761 -4235599 4971205 -8403446 , 48313 -4283420 4283420 0 -26370851 -22087431 , 3.0302957713214475e-11 , 31
1.515427816683449 , -2481641 867766 -21523353 -13781102 -11557644 -20296774 , 18772866 4975939 -4975939 0 14045256 9069317 , -7497828 14754752 -16541448 2482794 6642021 -6970662 , 24225542 -692519 692519 0 12325595 13018114 , 11299461 21523353 -867766 13781102 1226579 -12425410 , -6238014 6288081 -8265765 4479483 -2391527 -3031673 , -10717497 8265765 -6288081 -4479483 5234092 -8679608 , -9980622 16541448 -14754752 -2482794 9570786 -8112731 , 48313 -4283420 4283420 0 -26370851 -22087431 , 3.0302957721159357e-11 , 32
1.515427816683449 , -2481641 867766 -21523353 -13781102 -11557644 -20296774 , 18772866 4975939 -4975939 0 14045256 9069317 , 7497828 -14754752 16541448 -2482794 -6642021 6970662 , 24225542 -692519 692519 0 12325595 13018114 , 11299461 21523353 -867766 13781102 1226579 -12425410 , 6238014 -6288081 8265765 -4479483 2391527 3031673 , 10717497 -8265765 6288081 4479483 -5234092 8679608 , 9980622 -16541448 14754752 2482794 -9570786 8112731 , 48313 -4283420 4283420 0 -26370851 -22087431 , 3.0302957721159357e-11 , 33
1.515427816683449 , -2481641 867766 -21523353 -13781102 -11557644 -20296774 , 24225542 -692519 692519 0 12325595 13018114 , -6448761 8470179 -10711769 1954685 3498974 -6476170 , 18772866 4975939 -4975939 0 14045256 9069317 , 11299461 21523353 -867766 13781102 1226579 -12425410 , -11806400 11204716 -9868208 3285860 -3982788 -3019093 , -15092260 9868208 -11204716 -3285860 6849115 -15187504 , -8403446 10711769 -8470179 -1954685 4235599 -4971205 , 48313 -4283420 4283420 0 -26370851 -22087431 , 3.0302957724005246e-11 , 34
1.515427816683449 , -2481641 867766 -21523353 -13781102 -11557644 -20296774 , 24225542 -692519 692519 0 12325595 13018114 , 6448761 -8470179 10711769 -1954685 -3498974 6476170 , 18772866 4975939 -4975939 0 14045256 9069317 , 11299461 21523353 -867766 13781102 1226579 -12425410 , 11806400 -11204716 9868208 -3285860 3982788 3019093 , 15092260 -9868208 11204716 3285860 -6849115 15187504 , 8403446 -10711769 8470179 1954685 -4235599 4971205 , 48313 -4283420 4283420 0 -26370851 -22087431 , 3.0302957724005246e-11 , 35
1.6251382739637605 , 15869561 -2760122 -28322151 -9649479 1413982 -18375500 , 5642421 6164819 -6164819 0 8027876 1863057 , -15703884 16863465 -13832929 -2683254 5419314 -9512308 , 7176380 -20096759 20096759 0 -12564556 7532203 , 25519040 28322151 2760122 9649479 9946651 4174104 , 4206545 -221493 -4362901 5802505 -655723 1057992 , -1595960 4362901 221493 -5802505 5420893 -434230 , -13020630 13832929 -16863465 2683254 4320621 -11444151 , 30227920 13931940 -13931940 0 4536680 -9395260 , 4.9103951868411375e-11 , 0
1.6251382739637605 , 15869561 -2760122 -28322151 -9649479 1413982 -18375500 , 5642421 6164819 -6164819 0 8027876 1863057 , 15703884 -16863465 13832929 2683254 -5419314 9512308 , 7176380 -20096759 20096759 0 -12564556 7532203 , 25519040 28322151 2760122 9649479 9946651 4174104 , -4206545 221493 4362901 -5802505 655723 -1057992 , 1595960 -4362901 -221493 5802505 -5420893 434230 , 13020630 -13832929 16863465 -2683254 -4320621 11444151 , 30227920 13931940 -13931940 0 4536680 -9395260 , 4.9103951868411375e-11 , 1
1.6251382739637605 , 15869561 -2760122 -28322151 -9649479 1413982 -18375500 , 5642421 6164819 -6164819 0 8027876 1863057 , 13832929 -13020630 11444151 9512308 -15703884 16863465 , 7176380 -20096759 20096759 0 -12564556 7532203 , 25519040 28322151 2760122 9649479 9946651 4174104 , 4362901 -1595960 434230 -1057992 4206545 -221493 , 5420893 -434230 1595960 1057992 -655723 5802505 , 4320621 -11444151 13020630 -9512308 5419314 -2683254 , 30227920 13931940 -13931940 0 4536680 -9395260 , 4.9103951869049926e-11 , 2
1.6251382739637605 , 15869561 -2760122 -28322151 -9649479 1413982 -18375500 , 5642421 6164819 -6164819 0 8027876 1863057 , -13832929 13020630 -11444151 -9512308 15703884 -16863465 , 7176380 -20096759 20096759 0 -12564556 7532203 , 25519040 28322151 2760122 9649479 9946651 4174104 , -4362901 1595960 -434230 1057992 -4206545 221493 , -5420893 434230 -1595960 -1057992 655723 -5802505 , -4320621 11444151 -13020630 9512308 -5419314 2683254 , 30227920 13931940 -13931940 0 4536680 -9395260 , 4.9103951869049926e-11 , 3
1.6251382739637605 , 15869561 -2760122 -28322151 -9649479 1413982 -18375500 , 7176380 -20096759 20096759 0 -12564556 7532203 , 655723 -5802505 5420893 221493 -4206545 1057992 , 5642421 6164819 -6164819 0 8027876 1863057 , 25519040 28322151 2760122 9649479 9946651 4174104 , -5419314 2683254 4320621 -16863465 15703884 -9512308 , 11444151 -4320621 -2683254 16863465 -13832929 13020630 , 434230 -5420893 5802505 -221493 -4362901 1595960 , 30227920 13931940 -13931940 0 4536680 -9395260 , 4.9103951869298539e-11 , 4
1.6251382739637605 , 15869561 -2760122 -28322151 -9649479 1413982 -18375500 , 7176380 -20096759 20096759 0 -12564556 7532203 , -655723 5802505 -5420893 -221493 4206545 -1057992 , 5642421 6164819 -6164819 0 8027876 1863057 , 25519040 28322151 2760122 9649479 9946651 4174104 , 5419314 -2683254 -4320621 16863465 -15703884 9512308 , -11444151 4320621 2683254 -16863465 13832929 -13020630 , -434230 5420893 -5802505 221493 4362901 -1595960 , 30227920 13931940 -13931940 0 4536680 -9395260 , 4.9103951869298539e-11 , 5
1.6251382739637605 , 15869561 -2760122 -28322151 -9649479 1413982 -18375500 , 7176380 -20096759 20096759 0 -12564556 7532203 , 434230 -1595960 4362901 655723 -5802505 5420893 , 5642421 6164819 -6164819 0 8027876 1863057 , 25519040 28322151 2760122 9649479 9946651 4174104 , 11444151 -13020630 13832929 -5419314 2683254 4320621 , 16863465 -13832929 13020630 5419314 -9512308 15703884 , -221493 -4362901 1595960 -655723 1057992 -4206545 , 30227920 13931940 -13931940 0 4536680 -9395260 , 4.9103951870418535e-11 , 6
1.6251382739637605 , 15869561 -2760122 -28322151 -9649479 1413982 -18375500 , 7176380 -20096759 20096759 0 -12564556 7532203 , -434230 1595960 -4362901 -655723 5802505 -5420893 , 5642421 6164819 -6164819 0 8027876 1863057 , 25519040 28322151 2760122 9649479 9946651 4174104 , -11444151 13020630 -13832929 5419314 -2683254 -4320621 , -16863465 13832929 -13020630 -5419314 9512308 -15703884 , 221493 4362901 -1595960 655723 -1057992 4206545 , 30227920 13931940 -13931940 0 4536680 -9395260 , 4.9103951870418535e-11 , 7
1.6251382739637605 , 15869561 -2760122 -28322151 -9649479 1413982 -18375500 , 7176380 -20096759 20096759 0 -12564556 7532203 , -5802505 5420893 -434230 -4206545 1057992 -655723 , 5642421 6164819 -6164819 0 8027876 1863057 , 25519040 28322151 2760122 9649479 9946651 4174104 , 2683254 4320621 -11444151 15703884 -9512308 5419314 , -13020630 11444151 -4320621 -15703884 16863465 -13832929 , -1595960 434230 -5420893 4206545 -221493 -4362901 , 30227920 13931940 -13931940 0 4536680 -9395260 , 4.9103951871548115e-11 , 8
1.6251382739637605 , 15869561 -2760122 -28322151 -9649479 1413982 -18375500 , 7176380 -20096759 20096759 0 -12564556 7532203 , 5802505 -5420893 434230 4206545 -1057992 655723 , 5642421 6164819 -6164819 0 8027876 1863057 , 25519040 28322151 2760122 9649479 9946651 4174104 , -2683254 -4320621 11444151 -15703884 9512308 -5419314 , 13020630 -11444151 4320621 15703884 -16863465 13832929 , 1595960 -434230 5420893 -4206545 221493 4362901 , 30227920 13931940 -13931940 0 4536680 -9395260 , 4.9103951871548115e-11 , 9
1.6251382739637605 , 15869561 -2760122 -28322151 -9649479 1413982 -18375500 , 5642421 6164819 -6164819 0 8027876 1863057 , -5419314 9512308 -15703884 11444151 -4320621 -2683254 , 7176380 -20096759 20096759 0 -12564556 7532203 , 25519040 28322151 2760122 9649479 9946651 4174104 , 655723 -1057992 4206545 434230 -5420893 5802505 , 221493 -4206545 1057992 -434230 1595960 -4362901 , -16863465 15703884 -9512308 -11444151 13020630 -13832929 , 30227920 13931940 -13931940 0 4536680 -9395260 , 4.9103951871683741e-11 , 10
1.6251382739637605 , 15869561 -2760122 -28322151 -9649479 1413982 -18375500 , 5642421 6164819 -6164819 0 8027876 1863057 , 5419314 -9512308 15703884 -11444151 4320621 2683254 , 7176380 -20096759 20096759 0 -12564556 7532203 , 25519040 28322151 2760122 9649479 9946651 4174104 , -655723 1057992 -4206545 -434230 5420893 -5802505 , -221493 4206545 -1057992 434230 -1595960 4362901 , 16863465 -15703884 9512308 11444151 -13020630 13832929 , 30227920 13931940 -13931940 0 4536680 -9395260 , 4.9103951871683741e-11 , 11
1.6251382739637605 , 15869561 -2760122 -28322151 -9649479 1413982 -18375500 , 5642421 6164819 -6164819 0 8027876 1863057 , 4320621 2683254 -5419314 13832929 -13020630 11444151 , 7176380 -20096759 20096759 0 -12564556 7532203 , 25519040 28322151 2760122 9649479 9946651 4174104 , 5420893 -5802505 655723 4362901 -1595960 434230 , 1057992 -655723 5802505 -4362901 -221493 4206545 , -9512308 5419314 -2683254 -13832929 16863465 -15703884 , 30227920 13931940 -13931940 0 4536680 -9395260 , 4.9103951873557227e-11 , 12
1.6251382739637605 , 15869561 -2760122 -28322151 -9649479 1413982 -18375500 , 5642421 6164819 -6164819 0 8027876 1863057 , -4320621 -2683254 5419314 -13832929 13020630 -11444151 , 7176380 -20096759 20096759 0 -12564556 7532203 , 25519040 28322151 2760122 9649479 9946651 4174104 , -5420893 5802505 -655723 -4362901 1595960 -434230 , -1057992 655723 -5802505 4362901 221493 -4206545 , 9512308 -5419314 2683254 13832929 -16863465 15703884 , 30227920 13931940 -13931940 0 4536680 -9395260 , 4.9103951873557227e-11 , 13
1.6251382739637605 , 15869561 -2760122 -28322151 -9649479 1413982 -18375500 , 5642421 6164819 -6164819 0 8027876 1863057 , -16863465 13832929 -13020630 -5419314 9512308 -15703884 , 7176380 -20096759 20096759 0 -12564556 7532203 , 25519040 28322151 2760122 9649479 9946651 4174104 , 221493 4362901 -1595960 655723 -1057992 4206545 , -434230 1595960 -4362901 -655723 5802505 -5420893 , -11444151 13020630 -13832929 5419314 -2683254 -4320621 , 30227920 13931940 -13931940 0 4536680 -9395260 , 4.91039518759429e-11 , 14
1.6251382739637605 , 15869561 -2760122 -28322151 -9649479 1413982 -18375500 , 5642421 6164819 -6164819 0 8027876 1863057 , 16863465 -13832929 13020630 5419314 -9512308 15703884 , 7176380 -20096759 20096759 0 -12564556 7532203 , 25519040 28322151 2760122 9649479 9946651 4174104 , -221493 -4362901 1595960 -655723 1057992 -4206545 , 434230 -1595960 4362901 655723 -5802505 5420893 , 11444151 -13020630 13832929 -5419314 2683254 4320621 , 30227920 13931940 -13931940 0 4536680 -9395260 , 4.91039518759429e-11 , 15
1.6251382739637605 , 15869561 -2760122 -28322151 -9649479 1413982 -18375500 , 5642421 6164819 -6164819 0 8027876 1863057 , -9512308 15703884 -16863465 4320621 2683254 -5419314 , 7176380 -20096759 20096759 0 -12564556 7532203 , 25519040 28322151 2760122 9649479 9946651 4174104 , 1057992 -4206545 221493 5420893 -5802505 655723 , -4362901 -221493 4206545 -5420893 434230 -1595960 , -13832929 16863465 -15703884 -4320621 11444151 -13020630 , 30227920 13931940 -13931940 0 4536680 -9395260 , 4.9103951876325445e-11 , 16
1.6251382739637605 , 15869561 -2760122 -28322151 -9649479 1413982 -18375500 , 5642421 6164819 -6164819 0 8027876 1863057 , 9512308 -15703884 16863465 -4320621 -2683254 5419314 , 7176380 -20096759 20096759 0 -12564556 7532203 , 25519040 28322151 2760122 9649479 9946651 4174104 , -1057992 4206545 -221493 -5420893 5802505 -655723 , 4362901 221493 -4206545 5420893 -434230 1595960 , 13832929 -16863465 15703884 4320621 -11444151 13020630 , 30227920 13931940 -13931940 0 4536680 -9395260 , 4.9103951876325445e-11 , 17
1.6251382739637605 , 15869561 -2760122 -28322151 -9649479 1413982 -18375500 , 7176380 -20096759 20096759 0 -12564556 7532203 , -1057992 655723 -5802505 4362901 221493 -4206545 , 5642421 6164819 -6164819 0 8027876 1863057 , 25519040 28322151 2760122 9649479 9946651 4174104 , 9512308 -5419314 2683254 13832929 -16863465 15703884 , -4320621 -2683254 5419314 -13832929 13020630 -11444151 , -5420893 5802505 -655723 -4362901 1595960 -434230 , 30227920 13931940 -13931940 0 4536680 -9395260 , 4.9103951877574397e-11 , 18
1.6251382739637605 , 15869561 -2760122 -28322151 -9649479 1413982 -18375500 , 7176380 -20096759 20096759 0 -12564556 7532203 , 1057992 -655723 5802505 -4362901 -221493 4206545 , 5642421 6164819 -6164819 0 8027876 1863057 , 25519040 28322151 2760122 9649479 9946651 4174104 , -9512308 5419314 -2683254 -13832929 16863465 -15703884 , 4320621 2683254 -5419314 13832929 -13020630 11444151 , 5420893 -5802505 655723 4362901 -1595960 434230 , 30227920 13931940 -13931940 0 4536680 -9395260 , 4.9103951877574397e-11 , 19
1.6251382739637605 , 15869561 -2760122 -28322151 -9649479 1413982 -18375500 , 5642421 6164819 -6164819 0 8027876 1863057 , -13020630 11444151 -4320621 -15703884 16863465 -13832929 , 7176380 -20096759 20096759 0 -12564556 7532203 , 25519040 28322151 2760122 9649479 9946651 4174104 , -1595960 434230 -5420893 4206545 -221493 -4362901 , -5802505 5420893 -434230 -4206545 1057992 -655723 , 2683254 4320621 -11444151 15703884 -9512308 5419314 , 30227920 13931940 -13931940 0 4536680 -9395260 , 4.9103951877707709e-11 , 20
1.6251382739637605 , 15869561 -2760122 -28322151 -9649479 1413982 -18375500 , 5642421 6164819 -6164819 0 8027876 1863057 , 13020630 -11444151 4320621 15703884 -16863465 13832929 , 7176380 -20096759 20096759 0 -12564556 7532203 , 25519040 28322151 2760122 9649479 9946651 4174104 , 1595960 -434230 5420893 -4206545 221493 4362901 , 5802505 -5420893 434230 4206545 -1057992 655723 , -2683254 -4320621 11444151 -15703884 9512308 -5419314 , 30227920 13931940 -13931940 0 4536680 -9395260 , 4.9103951877707709e-11 , 21
1.6251382739637605 , 15869561 -2760122 -28322151 -9649479 1413982 -18375500 , 7176380 -20096759 20096759 0 -12564556 7532203 , -5420893 434230 -1595960 -1057992 655723 -5802505 , 5642421 6164819 -6164819 0 8027876 1863057 , 25519040 28322151 2760122 9649479 9946651 4174104 , -4320621 11444151 -13020630 9512308 -5419314 2683254 , -13832929 13020630 -11444151 -9512308 15703884 -16863465 , -4362901 1595960 -434230 1057992 -4206545 221493 , 30227920 13931940 -13931940 0 4536680 -9395260 , 4.9103951877824788e-11 , 22
1.6251382739637605 , 15869561 -2760122 -28322151 -9649479 1413982 -18375500 , 7176380 -20096759 20096759 0 -12564556 7532203 , 5420893 -434230 1595960 1057992 -655723 5802505 , 5642421 6164819 -6164819 0 8027876 1863057 , 25519040 28322151 2760122 9649479 9946651 4174104 , 4320621 -11444151 13020630 -9512308 5419314 -2683254 , 13832929 -13020630 11444151 9512308 -15703884 16863465 , 4362901 -1595960 434230 -1057992 4206545 -221493 , 30227920 13931940 -13931940 0 4536680 -9395260 , 4.9103951877824788e-11 , 23
1.6251382739637605 , 15869561 -2760122 -28322151 -9649479 1413982 -18375500 , 7176380 -20096759 20096759 0 -12564556 7532203 , -4362901 -221493 4206545 -5420893 434230 -1595960 , 5642421 6164819 -6164819 0 8027876 1863057 , 25519040 28322151 2760122 9649479 9946651 4174104 , -13832929 16863465 -15703884 -4320621 11444151 -13020630 , -9512308 15703884 -16863465 4320621 2683254 -5419314 , 1057992 -4206545 221493 5420893 -5802505 655723 , 30227920 13931940 -13931940 0 4536680 -9395260 , 4.9103951880473594e-11 , 24
1.6251382739637605 , 15869561 -2760122 -28322151 -9649479 1413982 -18375500 , 7176380 -20096759 20096759 0 -12564556 7532203 , 4362901 221493 -4206545 5420893 -434230 1595960 , 5642421 6164819 -6164819 0 8027876 1863057 , 25519040 28322151 2760122 9649479 9946651 4174104 , 13832929 -16863465 15703884 4320621 -11444151 13020630 , 9512308 -15703884 16863465 -4320621 -2683254 5419314 , -1057992 4206545 -221493 -5420893 5802505 -655723 , 30227920 13931940 -13931940 0 4536680 -9395260 , 4.9103951880473594e-11 , 25
1.6251382739637605 , 15869561 -2760122 -28322151 -9649479 1413982 -18375500 , 5642421 6164819 -6164819 0 8027876 1863057 , -2683254 5419314 -9512308 13020630 -11444151 4320621 , 7176380 -20096759 20096759 0 -12564556 7532203 , 25519040 28322151 2760122 9649479 9946651 4174104 , 5802505 -655723 1057992 1595960 -434230 5420893 , 4206545 -1057992 655723 -1595960 4362901 221493 , -15703884 9512308 -5419314 -13020630 13832929 -16863465 , 30227920 13931940 -13931940 0 4536680 -9395260 , 4.9103951880964364e-11 , 26
1.6251382739637605 , 15869561 -2760122 -28322151 -9649479 1413982 -18375500 , 5642421 6164819 -6164819 0 8027876 1863057 , 2683254 -5419314 9512308 -13020630 11444151 -4320621 , 7176380 -20096759 20096759 0 -12564556 7532203 , 25519040 28322151 2760122 9649479 9946651 4174104 , -5802505 655723 -1057992 -1595960 434230 -5420893 , -4206545 1057992 -655723 1595960 -4362901 -221493 , 15703884 -9512308 5419314 13020630 -13832929 16863465 , 30227920 13931940 -13931940 0 4536680 -9395260 , 4.9103951880964364e-11 , 27
1.6251382739637605 , 15869561 -2760122 -28322151 -9649479 1413982 -18375500 , 7176380 -20096759 20096759 0 -12564556 7532203 , -1595960 4362901 221493 -5802505 5420893 -434230 , 5642421 6164819 -6164819 0 8027876 1863057 , 25519040 28322151 2760122 9649479 9946651 4174104 , -13020630 13832929 -16863465 2683254 4320621 -11444151 , -15703884 16863465 -13832929 -2683254 5419314 -9512308 , 4206545 -221493 -4362901 5802505 -655723 1057992 , 30227920 13931940 -13931940 0 4536680 -9395260 , 4.9103951884852475e-11 , 28
1.6251382739637605 , 15869561 -2760122 -28322151 -9649479 1413982 -18375500 , 7176380 -20096759 20096759 0 -12564556 7532203 , 1595960 -4362901 -221493 5802505 -5420893 434230 , 5642421 6164819 -6164819 0 8027876 1863057 , 25519040 28322151 2760122 9649479 9946651 4174104 , 13020630 -13832929 16863465 -2683254 -4320621 11444151 , 15703884 -16863465 13832929 2683254 -5419314 9512308 , -4206545 221493 4362901 -5802505 655723 -1057992 , 30227920 13931940 -13931940 0 4536680 -9395260 , 4.9103951884852475e-11 , 29
1.6251382739637605 , 15869561 -2760122 -28322151 -9649479 1413982 -18375500 , 7176380 -20096759 20096759 0 -12564556 7532203 , -4206545 1057992 -655723 1595960 -4362901 -221493 , 5642421 6164819 -6164819 0 8027876 1863057 , 25519040 28322151 2760122 9649479 9946651 4174104 , 15703884 -9512308 5419314 13020630 -13832929 16863465 , 2683254 -5419314 9512308 -13020630 11444151 -4320621 , -5802505 655723 -1057992 -1595960 434230 -5420893 , 30227920 13931940 -13931940 0 4536680 -9395260 , 4.9103951884986485e-11 , 30
1.6251382739637605 , 15869561 -2760122 -28322151 -9649479 1413982 -18375500 , 7176380 -20096759 20096759 0 -12564556 7532203 , 4206545 -1057992 655723 -1595960 4362901 221493 , 5642421 6164819 -6164819 0 8027876 1863057 , 25519040 28322151 2760122 9649479 9946651 4174104 , -15703884 9512308 -5419314 -13020630 13832929 -16863465 , -2683254 5419314 -9512308 13020630 -11444151 4320621 , 5802505 -655723 1057992 1595960 -434230 5420893 , 30227920 13931940 -13931940 0 4536680 -9395260 , 4.9103951884986485e-11 , 31
1.6251382739637605 , 15869561 -2760122 -28322151 -9649479 1413982 -18375500 , 7176380 -20096759 20096759 0 -12564556 7532203 , -221493 4206545 -1057992 434230 -1595960 4362901 , 5642421 6164819 -6164819 0 8027876 1863057 , 25519040 28322151 2760122 9649479 9946651 4174104 , 16863465 -15703884 9512308 11444151 -13020630 13832929 , 5419314 -9512308 15703884 -11444151 4320621 2683254 , -655723 1057992 -4206545 -434230 5420893 -5802505 , 30227920 13931940 -13931940 0 4536680 -9395260 , 4.9103951885493469e-11 , 32
1.6251382739637605 , 15869561 -2760122 -28322151 -9649479 1413982 -18375500 , 7176380 -20096759 20096759 0 -12564556 7532203 , 221493 -4206545 1057992 -434230 1595960 -4362901 , 5642421 6164819 -6164819 0 8027876 1863057 , 25519040 28322151 2760122 9649479 9946651 4174104 , -16863465 15703884 -9512308 -11444151 13020630 -13832929 , -5419314 9512308 -15703884 11444151 -4320621 -2683254 , 655723 -1057992 4206545 434230 -5420893 5802505 , 30227920 13931940 -13931940 0 4536680 -9395260 , 4.9103951885493469e-11 , 33
1.6251382739637605 , 15869561 -2760122 -28322151 -9649479 1413982 -18375500 , 5642421 6164819 -6164819 0 8027876 1863057 , -11444151 4320621 2683254 -16863465 13832929 -13020630 , 7176380 -20096759 20096759 0 -12564556 7532203 , 25519040 28322151 2760122 9649479 9946651 4174104 , -434230 5420893 -5802505 221493 4362901 -1595960 , -655723 5802505 -5420893 -221493 4206545 -1057992 , 5419314 -2683254 -4320621 16863465 -15703884 9512308 , 30227920 13931940 -13931940 0 4536680 -9395260 , 4.9103951891382517e-11 , 34
1.6251382739637605 , 15869561 -2760122 -28322151 -9649479 1413982 -18375500 , 5642421 6164819 -6164819 0 8027876 1863057 , 11444151 -4320621 -2683254 16863465 -13832929 13020630 , 7176380 -20096759 20096759 0 -12564556 7532203 , 25519040 28322151 2760122 9649479 9946651 4174104 , 434230 -5420893 5802505 -221493 -4362901 1595960 , 655723 -5802505 5420893 221493 -4206545 1057992 , -5419314 2683254 4320621 -16863465 15703884 -9512308 , 30227920 13931940 -13931940 0 4536680 -9395260 , 4.9103951891382517e-11 , 35
1.7329066261521084 , 16697104 5044056 -34052843 -3582062 -5218849 -6950337 , 9695166 -7935369 7935369 0 -1310282 6625087 , -8940483 8156197 -10518528 -1423888 7256144 -11307525 , 3123635 -5996571 5996571 0 -3226398 2770173 , 20279166 34052843 -5044056 3582062 27102506 -10262905 , -10745246 7394430 981972 -15040497 12068451 -9290966 , 4295251 -981972 -7394430 15040497 -10272938 4674021 , -7516595 10518528 -8156197 1423888 -788997 -900053 , 30227920 13931940 -13931940 0 4536680 -9395260 , 4.9103951868787355e-11 , 0
1.7329066261521084 , 16697104 5044056 -34052843 -3582062 -5218849 -6950337 , 9695166 -7935369 7935369 0 -1310282 6625087 , 8940483 -8156197 10518528 1423888 -7256144 11307525 , 3123635 -5996571 5996571 0 -3226398 2770173 , 20279166 34052843 -5044056 3582062 27102506 -10262905 , 10745246 -7394430 -981972 15040497 -12068451 9290966 , -4295251 981972 7394430 -15040497 10272938 -4674021 , 7516595 -10518528 8156197 -1423888 788997 900053 , 30227920 13931940 -13931940 0 4536680 -9395260 , 4.9103951868787355e-11 , 1
1.7329066261521084 , 16697104 5044056 -34052843 -3582062 -5218849 -6950337 , 3123635 -5996571 5996571 0 -3226398 2770173 , -10745246 9290966 -12068451 4295251 -981972 -7394430 , 9695166 -7935369 7935369 0 -1310282 6625087 , 20279166 34052843 -5044056 3582062 27102506 -10262905 , -8940483 11307525 -7256144 -7516595 10518528 -8156197 , -1423888 7256144 -11307525 7516595 -900053 -788997 , -15040497 12068451 -9290966 -4295251 4674021 -10272938 , 30227920 13931940 -13931940 0 4536680 -9395260 , 4.9103951869297725e-11 , 2
1.7329066261521084 , 16697104 5044056 -34052843 -3582062 -5218849 -6950337 , 3123635 -5996571 5996571 0 -3226398 2770173 , 10745246 -9290966 12068451 -4295251 981972 7394430 , 9695166 -7935369 7935369 0 -1310282 6625087 , 20279166 34052843 -5044056 3582062 27102506 -10262905 , 8940483 -11307525 7256144 7516595 -10518528 8156197 , 1423888 -7256144 11307525 -7516595 900053 788997 , 15040497 -12068451 9290966 4295251 -4674021 10272938 , 30227920 13931940 -13931940 0 4536680 -9395260 , 4.9103951869297725e-11 , 3
1.7329066261521084 , 16697104 5044056 -34052843 -3582062 -5218849 -6950337 , 3123635 -5996571 5996571 0 -3226398 2770173 , -7394430 10745246 -9290966 4674021 -4295251 981972 , 9695166 -7935369 7935369 0 -1310282 6625087 , 20279166 34052843 -5044056 3582062 27102506 -10262905 , -8156197 8940483 -11307525 -900053 7516595 -10518528 , -7256144 11307525 -8940483 900053 788997 -1423888 , -12068451 9290966 -10745246 -4674021 10272938 -15040497 , 30227920 13931940 -13931940 0 4536680 -9395260 , 4.9103951869666745e-11 , 4
1.7329066261521084 , 16697104 5044056 -34052843 -3582062 -5218849 -6950337 , 3123635 -5996571 5996571 0 -3226398 2770173 , 7394430 -10745246 9290966 -4674021 4295251 -981972 , 9695166 -7935369 7935369 0 -1310282 6625087 , 20279166 34052843 -5044056 3582062 27102506 -10262905 , 8156197 -8940483 11307525 900053 -7516595 10518528 , 7256144 -11307525 8940483 -900053 -788997 1423888 , 12068451 -9290966 10745246 4674021 -10272938 15040497 , 30227920 13931940 -13931940 0 4536680 -9395260 , 4.9103951869666745e-11 , 5
1.7329066261521084 , 16697104 5044056 -34052843 -3582062 -5218849 -6950337 , 9695166 -7935369 7935369 0 -1310282 6625087 , -10518528 7516595 -900053 -11307525 8940483 -8156197 , 3123635 -5996571 5996571 0 -3226398 2770173 , 20279166 34052843 -5044056 3582062 27102506 -10262905 , 981972 -4295251 4674021 -9290966 10745246 -7394430 , 10272938 -4674021 4295251 9290966 -12068451 15040497 , 788997 900053 -7516595 11307525 -7256144 1423888 , 30227920 13931940 -13931940 0 4536680 -9395260 , 4.9103951869921387e-11 , 6
1.7329066261521084 , 16697104 5044056 -34052843 -3582062 -5218849 -6950337 , 9695166 -7935369 7935369 0 -1310282 6625087 , 10518528 -7516595 900053 11307525 -8940483 8156197 , 3123635 -5996571 5996571 0 -3226398 2770173 , 20279166 34052843 -5044056 3582062 27102506 -10262905 , -981972 4295251 -4674021 9290966 -10745246 7394430 , -10272938 4674021 -4295251 -9290966 12068451 -15040497 , -788997 -900053 7516595 -11307525 7256144 -1423888 , 30227920 13931940 -13931940 0 4536680 -9395260 , 4.9103951869921387e-11 , 7
1.7329066261521084 , 16697104 5044056 -34052843 -3582062 -5218849 -6950337 , 9695166 -7935369 7935369 0 -1310282 6625087 , 900053 788997 -1423888 8156197 -10518528 7516595 , 3123635 -5996571 5996571 0 -3226398 2770173 , 20279166 34052843 -5044056 3582062 27102506 -10262905 , -4674021 10272938 -15040497 7394430 981972 -4295251 , -12068451 15040497 -10272938 -7394430 10745246 -9290966 , -7256144 1423888 -788997 -8156197 8940483 -11307525 , 30227920 13931940 -13931940 0 4536680 -9395260 , 4.9103951871437577e-11 , 8
1.7329066261521084 , 16697104 5044056 -34052843 -3582062 -5218849 -6950337 , 9695166 -7935369 7935369 0 -1310282 6625087 , -900053 -788997 1423888 -8156197 10518528 -7516595 , 3123635 -5996571 5996571 0 -3226398 2770173 , 20279166 34052843 -5044056 3582062 27102506 -10262905 , 4674021 -10272938 15040497 -7394430 -981972 4295251 , 12068451 -15040497 10272938 7394430 -10745246 9290966 , 7256144 -1423888 788997 8156197 -8940483 11307525 , 30227920 13931940 -13931940 0 4536680 -9395260 , 4.9103951871437577e-11 , 9
1.7329066261521084 , 16697104 5044056 -34052843 -3582062 -5218849 -6950337 , 3123635 -5996571 5996571 0 -3226398 2770173 , 9290966 -12068451 15040497 -981972 -7394430 10745246 , 9695166 -7935369 7935369 0 -1310282 6625087 , 20279166 34052843 -5044056 3582062 27102506 -10262905 , 11307525 -7256144 1423888 10518528 -8156197 8940483 , 788997 -1423888 7256144 -10518528 7516595 -900053 , 10272938 -15040497 12068451 981972 -4295251 4674021 , 30227920 13931940 -13931940 0 4536680 -9395260 , 4.9103951871925736e-11 , 10
1.7329066261521084 , 16697104 5044056 -34052843 -3582062 -5218849 -6950337 , 3123635 -5996571 5996571 0 -3226398 2770173 , -9290966 12068451 -15040497 981972 7394430 -10745246 , 9695166 -7935369 7935369 0 -1310282 6625087 , 20279166 34052843 -5044056 3582062 27102506 -10262905 , -11307525 7256144 -1423888 -10518528 8156197 -8940483 , -788997 1423888 -7256144 10518528 -7516595 900053 , -10272938 15040497 -12068451 -981972 4295251 -4674021 , 30227920 13931940 -13931940 0 4536680 -9395260 , 4.9103951871925736e-11 , 11
1.7329066261521084 , 16697104 5044056 -34052843 -3582062 -5218849 -6950337 , 9695166 -7935369 7935369 0 -1310282 6625087 , 8156197 -10518528 7516595 7256144 -11307525 8940483 , 3123635 -5996571 5996571 0 -3226398 2770173 , 20279166 34052843 -5044056 3582062 27102506 -10262905 , 7394430 981972 -4295251 12068451 -9290966 10745246 , -4674021 4295251 -981972 -12068451 15040497 -10272938 , 900053 -7516595 10518528 -7256144 1423888 -788997 , 30227920 13931940 -13931940 0 4536680 -9395260 , 4.9103951871927539e-11 , 12
1.7329066261521084 , 16697104 5044056 -34052843 -3582062 -5218849 -6950337 , 9695166 -7935369 7935369 0 -1310282 6625087 , -8156197 10518528 -7516595 -7256144 11307525 -8940483 , 3123635 -5996571 5996571 0 -3226398 2770173 , 20279166 34052843 -5044056 3582062 27102506 -10262905 , -7394430 -981972 4295251 -12068451 9290966 -10745246 , 4674021 -4295251 981972 12068451 -15040497 10272938 , -900053 7516595 -10518528 7256144 -1423888 788997 , 30227920 13931940 -13931940 0 4536680 -9395260 , 4.9103951871927539e-11 , 13
1.7329066261521084 , 16697104 5044056 -34052843 -3582062 -5218849 -6950337 , 3123635 -5996571 5996571 0 -3226398 2770173 , -12068451 15040497 -10272938 -7394430 10745246 -9290966 , 9695166 -7935369 7935369 0 -1310282 6625087 , 20279166 34052843 -5044056 3582062 27102506 -10262905 , -7256144 1423888 -788997 -8156197 8940483 -11307525 , 900053 788997 -1423888 8156197 -10518528 7516595 , -4674021 10272938 -15040497 7394430 981972 -4295251 , 30227920 13931940 -13931940 0 4536680 -9395260 , 4.91039518719353e-11 , 14
1.7329066261521084 , 16697104 5044056 -34052843 -3582062 -5218849 -6950337 , 3123635 -5996571 5996571 0 -3226398 2770173 , 12068451 -15040497 10272938 7394430 -10745246 9290966 , 9695166 -7935369 7935369 0 -1310282 6625087 , 20279166 34052843 -5044056 3582062 27102506 -10262905 , 7256144 -1423888 788997 8156197 -8940483 11307525 , -900053 -788997 1423888 -8156197 10518528 -7516595 , 4674021 -10272938 15040497 -7394430 -981972 4295251 , 30227920 13931940 -13931940 0 4536680 -9395260 , 4.91039518719353e-11 , 15
1.7329066261521084 , 16697104 5044056 -34052843 -3582062 -5218849 -6950337 , 3123635 -5996571 5996571 0 -3226398 2770173 , -15040497 10272938 -4674021 -10745246 9290966 -12068451 , 9695166 -7935369 7935369 0 -1310282 6625087 , 20279166 34052843 -5044056 3582062 27102506 -10262905 , -1423888 788997 900053 -8940483 11307525 -7256144 , 7516595 -900053 -788997 8940483 -8156197 10518528 , -4295251 4674021 -10272938 10745246 -7394430 -981972 , 30227920 13931940 -13931940 0 4536680 -9395260 , 4.9103951872679233e-11 , 16
1.7329066261521084 , 16697104 5044056 -34052843 -3582062 -5218849 -6950337 , 3123635 -5996571 5996571 0 -3226398 2770173 , 15040497 -10272938 4674021 10745246 -9290966 12068451 , 9695166 -7935369 7935369 0 -1310282 6625087 , 20279166 34052843 -5044056 3582062 27102506 -10262905 , 1423888 -788997 -900053 8940483 -11307525 7256144 , -7516595 900053 788997 -8940483 8156197 -10518528 , 4295251 -4674021 10272938 -10745246 7394430 981972 , 30227920 13931940 -13931940 0 4536680 -9395260 , 4.9103951872679233e-11 , 17
1.7329066261521084 , 16697104 5044056 -34052843 -3582062 -5218849 -6950337 , 3123635 -5996571 5996571 0 -3226398 2770173 , 10272938 -4674021 4295251 9290966 -12068451 15040497 , 9695166 -7935369 7935369 0 -1310282 6625087 , 20279166 34052843 -5044056 3582062 27102506 -10262905 , 788997 900053 -7516595 11307525 -7256144 1423888 , -10518528 7516595 -900053 -11307525 8940483 -8156197 , 981972 -4295251 4674021 -9290966 10745246 -7394430 , 30227920 13931940 -13931940 0 4536680 -9395260 , 4.9103951873687327e-11 , 18
1.7329066261521084 , 16697104 5044056 -34052843 -3582062 -5218849 -6950337 , 3123635 -5996571 5996571 0 -3226398 2770173 , -10272938 4674021 -4295251 -9290966 12068451 -15040497 , 9695166 -7935369 7935369 0 -1310282 6625087 , 20279166 34052843 -5044056 3582062 27102506 -10262905 , -788997 -900053 7516595 -11307525 7256144 -1423888 , 10518528 -7516595 900053 11307525 -8940483 8156197 , -981972 4295251 -4674021 9290966 -10745246 7394430 , 30227920 13931940 -13931940 0 4536680 -9395260 , 4.9103951873687327e-11 , 19
1.7329066261521084 , 16697104 5044056 -34052843 -3582062 -5218849 -6950337 , 9695166 -7935369 7935369 0 -1310282 6625087 , -7516595 900053 788997 -8940483 8156197 -10518528 , 3123635 -5996571 5996571 0 -3226398 2770173 , 20279166 34052843 -5044056 3582062 27102506 -10262905 , 4295251 -4674021 10272938 -10745246 7394430 981972 , 15040497 -10272938 4674021 10745246 -9290966 12068451 , 1423888 -788997 -900053 8940483 -11307525 7256144 , 30227920 13931940 -13931940 0 4536680 -9395260 , 4.9103951873932741e-11 , 20
1.7329066261521084 , 16697104 5044056 -34052843 -3582062 -5218849 -6950337 , 9695166 -7935369 7935369 0 -1310282 6625087 , 7516595 -900053 -788997 8940483 -8156197 10518528 , 3123635 -5996571 5996571 0 -3226398 2770173 , 20279166 34052843 -5044056 3582062 27102506 -10262905 , -4295251 4674021 -10272938 10745246 -7394430 -981972 , -15040497 10272938 -4674021 -10745246 9290966 -12068451 , -1423888 788997 900053 -8940483 11307525 -7256144 , 30227920 13931940 -13931940 0 4536680 -9395260 , 4.9103951873932741e-11 , 21
1.7329066261521084 , 16697104 5044056 -34052843 -3582062 -5218849 -6950337 , 9695166 -7935369 7935369 0 -1310282 6625087 , -11307525 8940483 -8156197 -788997 1423888 -7256144 , 3123635 -5996571 5996571 0 -3226398 2770173 , 20279166 34052843 -5044056 3582062 27102506 -10262905 , -9290966 10745246 -7394430 -10272938 15040497 -12068451 , 981972 7394430 -10745246 10272938 -4674021 4295251 , -10518528 8156197 -8940483 788997 900053 -7516595 , 30227920 13931940 -13931940 0 4536680 -9395260 , 4.9103951875450262e-11 , 22
1.7329066261521084 , 16697104 5044056 -34052843 -3582062 -5218849 -6950337 , 9695166 -7935369 7935369 0 -1310282 6625087 , 11307525 -8940483 8156197 788997 -1423888 7256144 , 3123635 -5996571 5996571 0 -3226398 2770173 , 20279166 34052843 -5044056 3582062 27102506 -10262905 , 9290966 -10745246 7394430 10272938 -15040497 12068451 , -981972 -7394430 10745246 -10272938 4674021 -4295251 , 10518528 -8156197 8940483 -788997 -900053 7516595 , 30227920 13931940 -13931940 0 4536680 -9395260 , 4.9103951875450262e-11 , 23
1.7329066261521084 , 16697104 5044056 -34052843 -3582062 -5218849 -6950337 , 3123635 -5996571 5996571 0 -3226398 2770173 , 981972 7394430 -10745246 10272938 -4674021 4295251 , 9695166 -7935369 7935369 0 -1310282 6625087 , 20279166 34052843 -5044056 3582062 27102506 -10262905 , -10518528 8156197 -8940483 788997 900053 -7516595 , -11307525 8940483 -8156197 -788997 1423888 -7256144 , -9290966 10745246 -7394430 -10272938 15040497 -12068451 , 30227920 13931940 -13931940 0 4536680 -9395260 , 4.910395187857937e-11 , 24
1.7329066261521084 , 16697104 5044056 -34052843 -3582062 -5218849 -6950337 , 3123635 -5996571 5996571 0 -3226398 2770173 , -981972 -7394430 10745246 -10272938 4674021 -4295251 , 9695166 -7935369 7935369 0 -1310282 6625087 , 20279166 34052843 -5044056 3582062 27102506 -10262905 , 10518528 -8156197 8940483 -788997 -900053 7516595 , 11307525 -8940483 8156197 788997 -1423888 7256144 , 9290966 -10745246 7394430 10272938 -15040497 12068451 , 30227920 13931940 -13931940 0 4536680 -9395260 , 4.910395187857937e-11 , 25
1.7329066261521084 , 16697104 5044056 -34052843 -3582062 -5218849 -6950337 , 9695166 -7935369 7935369 0 -1310282 6625087 , 788997 -1423888 7256144 -10518528 7516595 -900053 , 3123635 -5996571 5996571 0 -3226398 2770173 , 20279166 34052843 -5044056 3582062 27102506 -10262905 , 10272938 -15040497 12068451 981972 -4295251 4674021 , 9290966 -12068451 15040497 -981972 -7394430 10745246 , 11307525 -7256144 1423888 10518528 -8156197 8940483 , 30227920 13931940 -13931940 0 4536680 -9395260 , 4.9103951882724463e-11 , 26
1.7329066261521084 , 16697104 5044056 -34052843 -3582062 -5218849 -6950337 , 9695166 -7935369 7935369 0 -1310282 6625087 , -788997 1423888 -7256144 10518528 -7516595 900053 , 3123635 -5996571 5996571 0 -3226398 2770173 , 20279166 34052843 -5044056 3582062 27102506 -10262905 , -10272938 15040497 -12068451 -981972 4295251 -4674021 , -9290966 12068451 -15040497 981972 7394430 -10745246 , -11307525 7256144 -1423888 -10518528 8156197 -8940483 , 30227920 13931940 -13931940 0 4536680 -9395260 , 4.9103951882724463e-11 , 27
1.7329066261521084 , 16697104 5044056 -34052843 -3582062 -5218849 -6950337 , 9695166 -7935369 7935369 0 -1310282 6625087 , -7256144 11307525 -8940483 900053 788997 -1423888 , 3123635 -5996571 5996571 0 -3226398 2770173 , 20279166 34052843 -5044056 3582062 27102506 -10262905 , -12068451 9290966 -10745246 -4674021 10272938 -15040497 , -7394430 10745246 -9290966 4674021 -4295251 981972 , -8156197 8940483 -11307525 -900053 7516595 -10518528 , 30227920 13931940 -13931940 0 4536680 -9395260 , 4.9103951889120966e-11 , 28
1.7329066261521084 , 16697104 5044056 -34052843 -3582062 -5218849 -6950337 , 9695166 -7935369 7935369 0 -1310282 6625087 , 7256144 -11307525 8940483 -900053 -788997 1423888 , 3123635 -5996571 5996571 0 -3226398 2770173 , 20279166 34052843 -5044056 3582062 27102506 -10262905 , 12068451 -9290966 10745246 4674021 -10272938 15040497 , 7394430 -10745246 9290966 -4674021 4295251 -981972 , 8156197 -8940483 11307525 900053 -7516595 10518528 , 30227920 13931940 -13931940 0 4536680 -9395260 , 4.9103951889120966e-11 , 29
1.7329066261521084 , 16697104 5044056 -34052843 -3582062 -5218849 -6950337 , 3123635 -5996571 5996571 0 -3226398 2770173 , -4295251 981972 7394430 -15040497 10272938 -4674021 , 9695166 -7935369 7935369 0 -1310282 6625087 , 20279166 34052843 -5044056 3582062 27102506 -10262905 , 7516595 -10518528 8156197 -1423888 788997 900053 , 8940483 -8156197 10518528 1423888 -7256144 11307525 , 10745246 -7394430 -981972 15040497 -12068451 9290966 , 30227920 13931940 -13931940 0 4536680 -9395260 , 4.9103951889121774e-11 , 30
1.7329066261521084 , 16697104 5044056 -34052843 -3582062 -5218849 -6950337 , 3123635 -5996571 5996571 0 -3226398 2770173 , 4295251 -981972 -7394430 15040497 -10272938 4674021 , 9695166 -7935369 7935369 0 -1310282 6625087 , 20279166 34052843 -5044056 3582062 27102506 -10262905 , -7516595 10518528 -8156197 1423888 -788997 -900053 , -8940483 8156197 -10518528 -1423888 7256144 -11307525 , -10745246 7394430 981972 -15040497 12068451 -9290966 , 30227920 13931940 -13931940 0 4536680 -9395260 , 4.9103951889121774e-11 , 31
1.7329066261521084 , 16697104 5044056 -34052843 -3582062 -5218849 -6950337 , 3123635 -5996571 5996571 0 -3226398 2770173 , 4674021 -4295251 981972 12068451 -15040497 10272938 , 9695166 -7935369 7935369 0 -1310282 6625087 , 20279166 34052843 -5044056 3582062 27102506 -10262905 , -900053 7516595 -10518528 7256144 -1423888 788997 , -8156197 10518528 -7516595 -7256144 11307525 -8940483 , -7394430 -981972 4295251 -12068451 9290966 -10745246 , 30227920 13931940 -13931940 0 4536680 -9395260 , 4.910395189376775e-11 , 32
1.7329066261521084 , 16697104 5044056 -34052843 -3582062 -5218849 -6950337 , 3123635 -5996571 5996571 0 -3226398 2770173 , -4674021 4295251 -981972 -12068451 15040497 -10272938 , 9695166 -7935369 7935369 0 -1310282 6625087 , 20279166 34052843 -5044056 3582062 27102506 -10262905 , 900053 -7516595 10518528 -7256144 1423888 -788997 , 8156197 -10518528 7516595 7256144 -11307525 8940483 , 7394430 981972 -4295251 12068451 -9290966 10745246 , 30227920 13931940 -13931940 0 4536680 -9395260 , 4.910395189376775e-11 , 33
1.7329066261521084 , 16697104 5044056 -34052843 -3582062 -5218849 -6950337 , 9695166 -7935369 7935369 0 -1310282 6625087 , -1423888 7256144 -11307525 7516595 -900053 -788997 , 3123635 -5996571 5996571 0 -3226398 2770173 , 20279166 34052843 -5044056 3582062 27102506 -10262905 , -15040497 12068451 -9290966 -4295251 4674021 -10272938 , -10745246 9290966 -12068451 4295251 -981972 -7394430 , -8940483 11307525 -7256144 -7516595 10518528 -8156197 , 30227920 13931940 -13931940 0 4536680 -9395260 , 4.9103951902423737e-11 , 34
1.7329066261521084 , 16697104 5044056 -34052843 -3582062 -5218849 -6950337 , 9695166 -7935369 7935369 0 -1310282 6625087 , 1423888 -7256144 11307525 -7516595 900053 788997 , 3123635 -5996571 5996571 0 -3226398 2770173 , 20279166 34052843 -5044056 3582062 27102506 -10262905 , 15040497 -12068451 9290966 4295251 -4674021 10272938 , 10745246 -9290966 12068451 -4295251 981972 7394430 , 8940483 -11307525 7256144 7516595 -10518528 8156197 , 30227920 13931940 -13931940 0 4536680 -9395260 , 4.9103951902423737e-11 , 35
1.8406420474591494 , 6382955 2964445 -23046790 -10592235 -14851737 -2302425 , -2548178 3423541 -3423541 0 1435039 -1988502 , -21024069 2116787 -7788022 4748540 -9095404 -15518136 , 20890168 -5391234 5391234 0 6720452 12111686 , 16975190 23046790 -2964445 10592235 20744365 -17816182 , 2097059 7536279 -9263270 -2547100 13488605 -5469830 , 4644159 9263270 -7536279 2547100 3793440 5952326 , -25772609 7788022 -2116787 -4748540 -7730114 -11212191 , 24704731 1967693 -1967693 0 -8155491 -10123184 , 1.1130652977383065e-11 , 0
1.8406420474591494 , 6382955 2964445 -23046790 -10592235 -14851737 -2302425 , -2548178 3423541 -3423541 0 1435039 -1988502 , 21024069 -2116787 7788022 -4748540 9095404 15518136 , 20890168 -5391234 5391234 0 6720452 12111686 , 16975190 23046790 -2964445 10592235 20744365 -17816182 , -2097059 -7536279 9263270 2547100 -13488605 5469830 , -4644159 -9263270 7536279 -2547100 -3793440 -5952326 , 25772609 -7788022 2116787 4748540 7730114 11212191 , 24704731 1967693 -1967693 0 -8155491 -10123184 , 1.1130652977383065e-11 , 1
1.8406420474591494 , 6382955 2964445 -23046790 -10592235 -14851737 -2302425 , 20890168 -5391234 5391234 0 6720452 12111686 , -2547100 -3793440 -5952326 2097059 5469830 -13488605 , -2548178 3423541 -3423541 0 1435039 -1988502 , 16975190 23046790 -2964445 10592235 20744365 -17816182 , 4748540 7730114 11212191 -21024069 15518136 9095404 , 25772609 -11212191 -7730114 21024069 -2116787 7788022 , -4644159 5952326 3793440 -2097059 -7536279 9263270 , 24704731 1967693 -1967693 0 -8155491 -10123184 , 1.1130652983457264e-11 , 2
1.8406420474591494 , 6382955 2964445 -23046790 -10592235 -14851737 -2302425 , 20890168 -5391234 5391234 0 6720452 12111686 , 2547100 3793440 5952326 -2097059 -5469830 13488605 , -2548178 3423541 -3423541 0 1435039 -1988502 , 16975190 23046790 -2964445 10592235 20744365 -17816182 , -4748540 -7730114 -11212191 21024069 -15518136 -9095404 , -25772609 11212191 7730114 -21024069 2116787 -7788022 , 4644159 -5952326 -3793440 2097059 7536279 -9263270 , 24704731 1967693 -1967693 0 -8155491 -10123184 , 1.1130652983457264e-11 , 3
1.8406420474591494 , 6382955 2964445 -23046790 -10592235 -14851737 -2302425 , 20890168 -5391234 5391234 0 6720452 12111686 , -3793440 -5952326 4644159 5469830 -13488605 2547100 , -2548178 3423541 -3423541 0 1435039 -1988502 , 16975190 23046790 -2964445 10592235 20744365 -17816182 , 7730114 11212191 -25772609 15518136 9095404 -4748540 , -7788022 25772609 -11212191 -15518136 21024069 -2116787 , -9263270 -4644159 5952326 -5469830 -2097059 -7536279 , 24704731 1967693 -1967693 0 -8155491 -10123184 , 1.1130652988441006e-11 , 4
1.8406420474591494 , 6382955 2964445 -23046790 -10592235 -14851737 -2302425 , 20890168 -5391234 5391234 0 6720452 12111686 , 3793440 5952326 -4644159 -5469830 13488605 -2547100 , -2548178 3423541 -3423541 0 1435039 -1988502 , 16975190 23046790 -2964445 10592235 20744365 -17816182 , -7730114 -11212191 25772609 -15518136 -9095404 4748540 , 7788022 -25772609 11212191 15518136 -21024069 2116787 , 9263270 4644159 -5952326 5469830 2097059 7536279 , 24704731 1967693 -1967693 0 -8155491 -10123184 , 1.1130652988441006e-11 , 5
1.8406420474591494 , 6382955 2964445 -23046790 -10592235 -14851737 -2302425 , 20890168 -5391234 5391234 0 6720452 12111686 , -9263270 7536279 2097059 -3793440 -5952326 4644159 , -2548178 3423541 -3423541 0 1435039 -1988502 , 16975190 23046790 -2964445 10592235 20744365 -17816182 , -7788022 2116787 -21024069 7730114 11212191 -25772609 , -15518136 21024069 -2116787 -7730114 -4748540 9095404 , -5469830 -2097059 -7536279 3793440 2547100 -13488605 , 24704731 1967693 -1967693 0 -8155491 -10123184 , 1.1130652990106111e-11 , 6
1.8406420474591494 , 6382955 2964445 -23046790 -10592235 -14851737 -2302425 , 20890168 -5391234 5391234 0 6720452 12111686 , 9263270 -7536279 -2097059 3793440 5952326 -4644159 , -2548178 3423541 -3423541 0 1435039 -1988502 , 16975190 23046790 -2964445 10592235 20744365 -17816182 , 7788022 -2116787 21024069 -7730114 -11212191 25772609 , 15518136 -21024069 2116787 7730114 4748540 -9095404 , 5469830 2097059 7536279 -3793440 -2547100 13488605 , 24704731 1967693 -1967693 0 -8155491 -10123184 , 1.1130652990106111e-11 , 7
1.8406420474591494 , 6382955 2964445 -23046790 -10592235 -14851737 -2302425 , 20890168 -5391234 5391234 0 6720452 12111686 , -13488605 2547100 3793440 -7536279 -2097059 -5469830 , -2548178 3423541 -3423541 0 1435039 -1988502 , 16975190 23046790 -2964445 10592235 20744365 -17816182 , 9095404 -4748540 -7730114 -2116787 21024069 -15518136 , 11212191 7730114 4748540 2116787 -7788022 25772609 , -5952326 -3793440 -2547100 7536279 -9263270 -4644159 , 24704731 1967693 -1967693 0 -8155491 -10123184 , 1.1130652991791864e-11 , 8
1.8406420474591494 , 6382955 2964445 -23046790 -10592235 -14851737 -2302425 , 20890168 -5391234 5391234 0 6720452 12111686 , 13488605 -2547100 -3793440 7536279 2097059 5469830 , -2548178 3423541 -3423541 0 1435039 -1988502 , 16975190 23046790 -2964445 10592235 20744365 -17816182 , -9095404 4748540 7730114 2116787 -21024069 15518136 , -11212191 -7730114 -4748540 -2116787 7788022 -25772609 , 5952326 3793440 2547100 -7536279 9263270 4644159 , 24704731 1967693 -1967693 0 -8155491 -10123184 , 1.1130652991791864e-11 , 9
1.8406420474591494 , 6382955 2964445 -23046790 -10592235 -14851737 -2302425 , -2548178 3423541 -3423541 0 1435039 -1988502 , 11212191 7730114 4748540 2116787 -7788022 25772609 , 20890168 -5391234 5391234 0 6720452 12111686 , 16975190 23046790 -2964445 10592235 20744365 -17816182 , -5952326 -3793440 -2547100 7536279 -9263270 -4644159 , -13488605 2547100 3793440 -7536279 -2097059 -5469830 , 9095404 -4748540 -7730114 -2116787 21024069 -15518136 , 24704731 1967693 -1967693 0 -8155491 -10123184 , 1.1130652992915466e-11 , 10
1.8406420474591494 , 6382955 2964445 -23046790 -10592235 -14851737 -2302425 , -2548178 3423541 -3423541 0 1435039 -1988502 , -11212191 -7730114 -4748540 -2116787 7788022 -25772609 , 20890168 -5391234 5391234 0 6720452 12111686 , 16975190 23046790 -2964445 10592235 20744365 -17816182 , 5952326 3793440 2547100 -7536279 9263270 4644159 , 13488605 -2547100 -3793440 7536279 2097059 5469830 , -9095404 4748540 7730114 2116787 -21024069 15518136 , 24704731 1967693 -1967693 0 -8155491 -10123184 , 1.1130652992915466e-11 , 11
1.8406420474591494 , 6382955 2964445 -23046790 -10592235 -14851737 -2302425 , -2548178 3423541 -3423541 0 1435039 -1988502 , 2116787 -7788022 25772609 -9095404 -15518136 21024069 , 20890168 -5391234 5391234 0 6720452 12111686 , 16975190 23046790 -2964445 10592235 20744365 -17816182 , 7536279 -9263270 -4644159 13488605 -5469830 -2097059 , -5952326 4644159 9263270 -13488605 2547100 3793440 , 11212191 -25772609 7788022 9095404 -4748540 -7730114 , 24704731 1967693 -1967693 0 -8155491 -10123184 , 1.1130652996228772e-11 , 12
1.8406420474591494 , 6382955 2964445 -23046790 -10592235 -14851737 -2302425 , -2548178 3423541 -3423541 0 1435039 -1988502 , -2116787 7788022 -25772609 9095404 15518136 -21024069 , 20890168 -5391234 5391234 0 6720452 12111686 , 16975190 23046790 -2964445 10592235 20744365 -17816182 , -7536279 9263270 4644159 -13488605 5469830 2097059 , 5952326 -4644159 -9263270 13488605 -2547100 -3793440 , -11212191 25772609 -7788022 -9095404 4748540 7730114 , 24704731 1967693 -1967693 0 -8155491 -10123184 , 1.1130652996228772e-11 , 13
1.8406420474591494 , 6382955 2964445 -23046790 -10592235 -14851737 -2302425 , 20890168 -5391234 5391234 0 6720452 12111686 , -5952326 4644159 9263270 -13488605 2547100 3793440 , -2548178 3423541 -3423541 0 1435039 -1988502 , 16975190 23046790 -2964445 10592235 20744365 -17816182 , 11212191 -25772609 7788022 9095404 -4748540 -7730114 , 2116787 -7788022 25772609 -9095404 -15518136 21024069 , 7536279 -9263270 -4644159 13488605 -5469830 -2097059 , 24704731 1967693 -1967693 0 -8155491 -10123184 , 1.1130652996820373e-11 , 14
1.8406420474591494 , 6382955 2964445 -23046790 -10592235 -14851737 -2302425 , 20890168 -5391234 5391234 0 6720452 12111686 , 5952326 -4644159 -9263270 13488605 -2547100 -3793440 , -2548178 3423541 -3423541 0 1435039 -1988502 , 16975190 23046790 -2964445 10592235 20744365 -17816182 , -11212191 25772609 -7788022 -9095404 4748540 7730114 , -2116787 7788022 -25772609 9095404 15518136 -21024069 , -7536279 9263270 4644159 -13488605 5469830 2097059 , 24704731 1967693 -1967693 0 -8155491 -10123184 , 1.1130652996820373e-11 , 15
1.8406420474591494 , 6382955 2964445 -23046790 -10592235 -14851737 -2302425 , 20890168 -5391234 5391234 0 6720452 12111686 , -5469830 13488605 -2547100 -9263270 7536279 2097059 , -2548178 3423541 -3423541 0 1435039 -1988502 , 16975190 23046790 -2964445 10592235 20744365 -17816182 , -15518136 -9095404 4748540 -7788022 2116787 -21024069 , -7730114 -4748540 9095404 7788022 -25772609 11212191 , 3793440 2547100 -13488605 9263270 4644159 -5952326 , 24704731 1967693 -1967693 0 -8155491 -10123184 , 1.1130652998992993e-11 , 16
1.8406420474591494 , 6382955 2964445 -23046790 -10592235 -14851737 -2302425 , 20890168 -5391234 5391234 0 6720452 12111686 , 5469830 -13488605 2547100 9263270 -7536279 -2097059 , -2548178 3423541 -3423541 0 1435039 -1988502 , 16975190 23046790 -2964445 10592235 20744365 -17816182 , 15518136 9095404 -4748540 7788022 -2116787 21024069 , 7730114 4748540 -9095404 -7788022 25772609 -11212191 , -3793440 -2547100 13488605 -9263270 -4644159 5952326 , 24704731 1967693 -1967693 0 -8155491 -10123184 , 1.1130652998992993e-11 , 17
1.8406420474591494 , 6382955 2964445 -23046790 -10592235 -14851737 -2302425 , -2548178 3423541 -3423541 0 1435039 -1988502 , -15518136 21024069 -2116787 -7730114 -4748540 9095404 , 20890168 -5391234 5391234 0 6720452 12111686 , 16975190 23046790 -2964445 10592235 20744365 -17816182 , -5469830 -2097059 -7536279 3793440 2547100 -13488605 , -9263270 7536279 2097059 -3793440 -5952326 4644159 , -7788022 2116787 -21024069 7730114 11212191 -25772609 , 24704731 1967693 -1967693 0 -8155491 -10123184 , 1.1130652999536894e-11 , 18
1.8406420474591494 , 6382955 2964445 -23046790 -10592235 -14851737 -2302425 , -2548178 3423541 -3423541 0 1435039 -1988502 , 15518136 -21024069 2116787 7730114 4748540 -9095404 , 20890168 -5391234 5391234 0 6720452 12111686 , 16975190 23046790 -2964445 10592235 20744365 -17816182 , 5469830 2097059 7536279 -3793440 -2547100 13488605 , 9263270 -7536279 -2097059 3793440 5952326 -4644159 , 7788022 -2116787 21024069 -7730114 -11212191 25772609 , 24704731 1967693 -1967693 0 -8155491 -10123184 , 1.1130652999536894e-11 , 19
1.8406420474591494 , 6382955 2964445 -23046790 -10592235 -14851737 -2302425 , 20890168 -5391234 5391234 0 6720452 12111686 , 7536279 2097059 5469830 -5952326 4644159 9263270 , -2548178 3423541 -3423541 0 1435039 -1988502 , 16975190 23046790 -2964445 10592235 20744365 -17816182 , 2116787 -21024069 15518136 11212191 -25772609 7788022 , -9095404 -15518136 21024069 -11212191 -7730114 -4748540 , 13488605 -5469830 -2097059 5952326 3793440 2547100 , 24704731 1967693 -1967693 0 -8155491 -10123184 , 1.1130653007305816e-11 , 20
1.8406420474591494 , 6382955 2964445 -23046790 -10592235 -14851737 -2302425 , 20890168 -5391234 5391234 0 6720452 12111686 , -7536279 -2097059 -5469830 5952326 -4644159 -9263270 , -2548178 3423541 -3423541 0 1435039 -1988502 , 16975190 23046790 -2964445 10592235 20744365 -17816182 , -2116787 21024069 -15518136 -11212191 25772609 -7788022 , 9095404 15518136 -21024069 11212191 7730114 4748540 , -13488605 5469830 2097059 -5952326 -3793440 -2547100 , 24704731 1967693 -1967693 0 -8155491 -10123184 , 1.1130653007305816e-11 , 21
1.8406420474591494 , 6382955 2964445 -23046790 -10592235 -14851737 -2302425 , -2548178 3423541 -3423541 0 1435039 -1988502 , -7730114 -4748540 9095404 7788022 -25772609 11212191 , 20890168 -5391234 5391234 0 6720452 12111686 , 16975190 23046790 -2964445 10592235 20744365 -17816182 , 3793440 2547100 -13488605 9263270 4644159 -5952326 , -5469830 13488605 -2547100 -9263270 7536279 2097059 , -15518136 -9095404 4748540 -7788022 2116787 -21024069 , 24704731 1967693 -1967693 0 -8155491 -10123184 , 1.113065301279588e-11 , 22
1.8406420474591494 , 6382955 2964445 -23046790 -10592235 -14851737 -2302425 , -2548178 3423541 -3423541 0 1435039 -1988502 , 7730114 4748540 -9095404 -7788022 25772609 -11212191 , 20890168 -5391234 5391234 0 6720452 12111686 , 16975190 23046790 -2964445 10592235 20744365 -17816182 , -3793440 -2547100 13488605 -9263270 -4644159 5952326 , 5469830 -13488605 2547100 9263270 -7536279 -2097059 , 15518136 9095404 -4748540 7788022 -2116787 21024069 , 24704731 1967693 -1967693 0 -8155491 -10123184 , 1.113065301279588e-11 , 23
1.8406420474591494 , 6382955 2964445 -23046790 -10592235 -14851737 -2302425 , 20890168 -5391234 5391234 0 6720452 12111686 , 2097059 5469830 -13488605 4644159 9263270 -7536279 , -2548178 3423541 -3423541 0 1435039 -1988502 , 16975190 23046790 -2964445 10592235 20744365 -17816182 , -21024069 15518136 9095404 -25772609 7788022 -2116787 , 4748540 -9095404 -15518136 25772609 -11212191 -7730114 , -2547100 13488605 -5469830 -4644159 5952326 3793440 , 24704731 1967693 -1967693 0 -8155491 -10123184 , 1.113065301337876e-11 , 24
1.8406420474591494 , 6382955 2964445 -23046790 -10592235 -14851737 -2302425 , 20890168 -5391234 5391234 0 6720452 12111686 , -2097059 -5469830 13488605 -4644159 -9263270 7536279 , -2548178 3423541 -3423541 0 1435039 -1988502 , 16975190 23046790 -2964445 10592235 20744365 -17816182 , 21024069 -15518136 -9095404 25772609 -7788022 2116787 , -4748540 9095404 15518136 -25772609 11212191 7730114 , 2547100 -13488605 5469830 4644159 -5952326 -3793440 , 24704731 1967693 -1967693 0 -8155491 -10123184 , 1.113065301337876e-11 , 25
1.8406420474591494 , 6382955 2964445 -23046790 -10592235 -14851737 -2302425 , -2548178 3423541 -3423541 0 1435039 -1988502 , -7788022 25772609 -11212191 -15518136 21024069 -2116787 , 20890168 -5391234 5391234 0 6720452 12111686 , 16975190 23046790 -2964445 10592235 20744365 -17816182 , -9263270 -4644159 5952326 -5469830 -2097059 -7536279 , -3793440 -5952326 4644159 5469830 -13488605 2547100 , 7730114 11212191 -25772609 15518136 9095404 -4748540 , 24704731 1967693 -1967693 0 -8155491 -10123184 , 1.1130653013916409e-11 , 26
1.8406420474591494 , 6382955 2964445 -23046790 -10592235 -14851737 -2302425 , -2548178 3423541 -3423541 0 1435039 -1988502 , 7788022 -25772609 11212191 15518136 -21024069 2116787 , 20890168 -5391234 5391234 0 6720452 12111686 , 16975190 23046790 -2964445 10592235 20744365 -17816182 , 9263270 4644159 -5952326 5469830 2097059 7536279 , 3793440 5952326 -4644159 -5469830 13488605 -2547100 , -7730114 -11212191 25772609 -15518136 -9095404 4748540 , 24704731 1967693 -1967693 0 -8155491 -10123184 , 1.1130653013916409e-11 , 27
1.8406420474591494 , 6382955 2964445 -23046790 -10592235 -14851737 -2302425 , -2548178 3423541 -3423541 0 1435039 -1988502 , 9095404 15518136 -21024069 11212191 7730114 4748540 , 20890168 -5391234 5391234 0 6720452 12111686 , 16975190 23046790 -2964445 10592235 20744365 -17816182 , -13488605 5469830 2097059 -5952326 -3793440 -2547100 , -7536279 -2097059 -5469830 5952326 -4644159 -9263270 , -2116787 21024069 -15518136 -11212191 25772609 -7788022 , 24704731 1967693 -1967693 0 -8155491 -10123184 , 1.1130653016677684e-11 , 28
1.8406420474591494 , 6382955 2964445 -23046790 -10592235 -14851737 -2302425 , -2548178 3423541 -3423541 0 1435039 -1988502 , -9095404 -15518136 21024069 -11212191 -7730114 -4748540 , 20890168 -5391234 5391234 0 6720452 12111686 , 16975190 23046790 -2964445 10592235 20744365 -17816182 , 13488605 -5469830 -2097059 5952326 3793440 2547100 , 7536279 2097059 5469830 -5952326 4644159 9263270 , 2116787 -21024069 15518136 11212191 -25772609 7788022 , 24704731 1967693 -1967693 0 -8155491 -10123184 , 1.1130653016677684e-11 , 29
1.8406420474591494 , 6382955 2964445 -23046790 -10592235 -14851737 -2302425 , -2548178 3423541 -3423541 0 1435039 -1988502 , 4748540 -9095404 -15518136 25772609 -11212191 -7730114 , 20890168 -5391234 5391234 0 6720452 12111686 , 16975190 23046790 -2964445 10592235 20744365 -17816182 , -2547100 13488605 -5469830 -4644159 5952326 3793440 , 2097059 5469830 -13488605 4644159 9263270 -7536279 , -21024069 15518136 9095404 -25772609 7788022 -2116787 , 24704731 1967693 -1967693 0 -8155491 -10123184 , 1.1130653027813556e-11 , 30
1.8406420474591494 , 6382955 2964445 -23046790 -10592235 -14851737 -2302425 , -2548178 3423541 -3423541 0 1435039 -1988502 , -4748540 9095404 15518136 -25772609 11212191 7730114 , 20890168 -5391234 5391234 0 6720452 12111686 , 16975190 23046790 -2964445 10592235 20744365 -17816182 , 2547100 -13488605 5469830 4644159 -5952326 -3793440 , -2097059 -5469830 13488605 -4644159 -9263270 7536279 , 21024069 -15518136 -9095404 25772609 -7788022 2116787 , 24704731 1967693 -1967693 0 -8155491 -10123184 , 1.1130653027813556e-11 , 31
1.8406420474591494 , 6382955 2964445 -23046790 -10592235 -14851737 -2302425 , -2548178 3423541 -3423541 0 1435039 -1988502 , -25772609 11212191 7730114 -21024069 2116787 -7788022 , 20890168 -5391234 5391234 0 6720452 12111686 , 16975190 23046790 -2964445 10592235 20744365 -17816182 , 4644159 -5952326 -3793440 2097059 7536279 -9263270 , 2547100 3793440 5952326 -2097059 -5469830 13488605 , -4748540 -7730114 -11212191 21024069 -15518136 -9095404 , 24704731 1967693 -1967693 0 -8155491 -10123184 , 1.1130653060961092e-11 , 32
1.8406420474591494 , 6382955 2964445 -23046790 -10592235 -14851737 -2302425 , -2548178 3423541 -3423541 0 1435039 -1988502 , 25772609 -11212191 -7730114 21024069 -2116787 7788022 , 20890168 -5391234 5391234 0 6720452 12111686 , 16975190 23046790 -2964445 10592235 20744365 -17816182 , -4644159 5952326 3793440 -2097059 -7536279 9263270 , -2547100 -3793440 -5952326 2097059 5469830 -13488605 , 4748540 7730114 11212191 -21024069 15518136 9095404 , 24704731 1967693 -1967693 0 -8155491 -10123184 , 1.1130653060961092e-11 , 33
1.8406420474591494 , 6382955 2964445 -23046790 -10592235 -14851737 -2302425 , 20890168 -5391234 5391234 0 6720452 12111686 , -4644159 -9263270 7536279 -2547100 -3793440 -5952326 , -2548178 3423541 -3423541 0 1435039 -1988502 , 16975190 23046790 -2964445 10592235 20744365 -17816182 , 25772609 -7788022 2116787 4748540 7730114 11212191 , 21024069 -2116787 7788022 -4748540 9095404 15518136 , -2097059 -7536279 9263270 2547100 -13488605 5469830 , 24704731 1967693 -1967693 0 -8155491 -10123184 , 1.1130653073146504e-11 , 34
1.8406420474591494 , 6382955 2964445 -23046790 -10592235 -14851737 -2302425 , 20890168 -5391234 5391234 0 6720452 12111686 , 4644159 9263270 -7536279 2547100 3793440 5952326 , -2548178 3423541 -3423541 0 1435039 -1988502 , 16975190 23046790 -2964445 10592235 20744365 -17816182 , -25772609 7788022 -2116787 -4748540 -7730114 -11212191 , -21024069 2116787 -7788022 4748540 -9095404 -15518136 , 2097059 7536279 -9263270 -2547100 13488605 -5469830 , 24704731 1967693 -1967693 0 -8155491 -10123184 , 1.1130653073146504e-11 , 35
1.9518429426179 , 11472174 -2191438 -31368322 -2859019 -11042826 -8482399 , 14411832 3753824 -3753824 0 10728521 6974697 , -7571815 9401347 -11324651 6652308 -3965497 -2060542 , -1593031 -17685764 17685764 0 -15265201 2420563 , 14331193 31368322 2191438 2859019 22885923 -8851388 , -6785142 11568161 -9820986 -4373957 10167481 -7445138 , -2411185 9820986 -11568161 4373957 2375848 -1400680 , -14224123 11324651 -9401347 -6652308 9264109 -13366844 , 30227920 13931940 -13931940 0 4536680 -9395260 , 4.9103951869416445e-11 , 0
1.9518429426179 , 11472174 -2191438 -31368322 -2859019 -11042826 -8482399 , 14411832 3753824 -3753824 0 10728521 6974697 , 7571815 -9401347 11324651 -6652308 3965497 2060542 , -1593031 -17685764 17685764 0 -15265201 2420563 , 14331193 31368322 2191438 2859019 22885923 -8851388 , 6785142 -11568161 9820986 4373957 -10167481 7445138 , 2411185 -9820986 11568161 -4373957 -2375848 1400680 , 14224123 -11324651 9401347 6652308 -9264109 13366844 , 30227920 13931940 -13931940 0 4536680 -9395260 , 4.9103951869416445e-11 , 1
1.9518429426179 , 11472174 -2191438 -31368322 -2859019 -11042826 -8482399 , -1593031 -17685764 17685764 0 -15265201 2420563 , -9820986 11568161 -6785142 -2375848 1400680 -2411185 , 14411832 3753824 -3753824 0 10728521 6974697 , 14331193 31368322 2191438 2859019 22885923 -8851388 , -11324651 9401347 -7571815 -9264109 13366844 -14224123 , -2060542 7571815 -9401347 9264109 -6652308 3965497 , -7445138 6785142 -11568161 2375848 4373957 -10167481 , 30227920 13931940 -13931940 0 4536680 -9395260 , 4.9103951869422507e-11 , 2
1.9518429426179 , 11472174 -2191438 -31368322 -2859019 -11042826 -8482399 , -1593031 -17685764 17685764 0 -15265201 2420563 , 9820986 -11568161 6785142 2375848 -1400680 2411185 , 14411832 3753824 -3753824 0 10728521 6974697 , 14331193 31368322 2191438 2859019 22885923 -8851388 , 11324651 -9401347 7571815 9264109 -13366844 14224123 , 2060542 -7571815 9401347 -9264109 6652308 -3965497 , 7445138 -6785142 11568161 -2375848 -4373957 10167481 , 30227920 13931940 -13931940 0 4536680 -9395260 , 4.9103951869422507e-11 , 3
1.9518429426179 , 11472174 -2191438 -31368322 -2859019 -11042826 -8482399 , -1593031 -17685764 17685764 0 -15265201 2420563 , 2411185 -9820986 11568161 -4373957 -2375848 1400680 , 14411832 3753824 -3753824 0 10728521 6974697 , 14331193 31368322 2191438 2859019 22885923 -8851388 , 14224123 -11324651 9401347 6652308 -9264109 13366844 , 7571815 -9401347 11324651 -6652308 3965497 2060542 , 6785142 -11568161 9820986 4373957 -10167481 7445138 , 30227920 13931940 -13931940 0 4536680 -9395260 , 4.9103951869795442e-11 , 4
1.9518429426179 , 11472174 -2191438 -31368322 -2859019 -11042826 -8482399 , -1593031 -17685764 17685764 0 -15265201 2420563 , -2411185 9820986 -11568161 4373957 2375848 -1400680 , 14411832 3753824 -3753824 0 10728521 6974697 , 14331193 31368322 2191438 2859019 22885923 -8851388 , -14224123 11324651 -9401347 -6652308 9264109 -13366844 , -7571815 9401347 -11324651 6652308 -3965497 -2060542 , -6785142 11568161 -9820986 -4373957 10167481 -7445138 , 30227920 13931940 -13931940 0 4536680 -9395260 , 4.9103951869795442e-11 , 5
1.9518429426179 , 11472174 -2191438 -31368322 -2859019 -11042826 -8482399 , 14411832 3753824 -3753824 0 10728521 6974697 , 6652308 -3965497 -2060542 14224123 -13366844 9264109 , -1593031 -17685764 17685764 0 -15265201 2420563 , 14331193 31368322 2191438 2859019 22885923 -8851388 , -4373957 10167481 -7445138 2411185 -1400680 2375848 , -6785142 7445138 -10167481 -2411185 9820986 -11568161 , -7571815 2060542 3965497 -14224123 11324651 -9401347 , 30227920 13931940 -13931940 0 4536680 -9395260 , 4.9103951869923804e-11 , 6
1.9518429426179 , 11472174 -2191438 -31368322 -2859019 -11042826 -8482399 , 14411832 3753824 -3753824 0 10728521 6974697 , -6652308 3965497 2060542 -14224123 13366844 -9264109 , -1593031 -17685764 17685764 0 -15265201 2420563 , 14331193 31368322 2191438 2859019 22885923 -8851388 , 4373957 -10167481 7445138 -2411185 1400680 -2375848 , 6785142 -7445138 10167481 2411185 -9820986 11568161 , 7571815 -2060542 -3965497 14224123 -11324651 9401347 , 30227920 13931940 -13931940 0 4536680 -9395260 , 4.9103951869923804e-11 , 7
1.9518429426179 , 11472174 -2191438 -31368322 -2859019 -11042826 -8482399 , -1593031 -17685764 17685764 0 -15265201 2420563 , -4373957 -2375848 1400680 -6785142 7445138 -10167481 , 14411832 3753824 -3753824 0 10728521 6974697 , 14331193 31368322 2191438 2859019 22885923 -8851388 , 6652308 -9264109 13366844 -7571815 2060542 3965497 , 14224123 -13366844 9264109 7571815 -9401347 11324651 , 2411185 -1400680 2375848 6785142 -11568161 9820986 , 30227920 13931940 -13931940 0 4536680 -9395260 , 4.9103951870304326e-11 , 8
1.9518429426179 , 11472174 -2191438 -31368322 -2859019 -11042826 -8482399 , -1593031 -17685764 17685764 0 -15265201 2420563 , 4373957 2375848 -1400680 6785142 -7445138 10167481 , 14411832 3753824 -3753824 0 10728521 6974697 , 14331193 31368322 2191438 2859019 22885923 -8851388 , -6652308 9264109 -13366844 7571815 -2060542 -3965497 , -14224123 13366844 -9264109 -7571815 9401347 -11324651 , -2411185 1400680 -2375848 -6785142 11568161 -9820986 , 30227920 13931940 -13931940 0 4536680 -9395260 , 4.9103951870304326e-11 , 9
1.9518429426179 , 11472174 -2191438 -31368322 -2859019 -11042826 -8482399 , -1593031 -17685764 17685764 0 -15265201 2420563 , 1400680 -2411185 9820986 -10167481 4373957 2375848 , 14411832 3753824 -3753824 0 10728521 6974697 , 14331193 31368322 2191438 2859019 22885923 -8851388 , 13366844 -14224123 11324651 3965497 -6652308 9264109 , 9401347 -11324651 14224123 -3965497 -2060542 7571815 , 11568161 -9820986 2411185 10167481 -7445138 6785142 , 30227920 13931940 -13931940 0 4536680 -9395260 , 4.9103951871048698e-11 , 10
1.9518429426179 , 11472174 -2191438 -31368322 -2859019 -11042826 -8482399 , -1593031 -17685764 17685764 0 -15265201 2420563 , -1400680 2411185 -9820986 10167481 -4373957 -2375848 , 14411832 3753824 -3753824 0 10728521 6974697 , 14331193 31368322 2191438 2859019 22885923 -8851388 , -13366844 14224123 -11324651 -3965497 6652308 -9264109 , -9401347 11324651 -14224123 3965497 2060542 -7571815 , -11568161 9820986 -2411185 -10167481 7445138 -6785142 , 30227920 13931940 -13931940 0 4536680 -9395260 , 4.9103951871048698e-11 , 11
1.9518429426179 , 11472174 -2191438 -31368322 -2859019 -11042826 -8482399 , 14411832 3753824 -3753824 0 10728521 6974697 , -3965497 -2060542 7571815 -13366844 9264109 -6652308 , -1593031 -17685764 17685764 0 -15265201 2420563 , 14331193 31368322 2191438 2859019 22885923 -8851388 , 10167481 -7445138 6785142 -1400680 2375848 4373957 , 11568161 -6785142 7445138 1400680 -2411185 9820986 , 9401347 -7571815 2060542 13366844 -14224123 11324651 , 30227920 13931940 -13931940 0 4536680 -9395260 , 4.9103951872439079e-11 , 12
1.9518429426179 , 11472174 -2191438 -31368322 -2859019 -11042826 -8482399 , 14411832 3753824 -3753824 0 10728521 6974697 , 3965497 2060542 -7571815 13366844 -9264109 6652308 , -1593031 -17685764 17685764 0 -15265201 2420563 , 14331193 31368322 2191438 2859019 22885923 -8851388 , -10167481 7445138 -6785142 1400680 -2375848 -4373957 , -11568161 6785142 -7445138 -1400680 2411185 -9820986 , -9401347 7571815 -2060542 -13366844 14224123 -11324651 , 30227920 13931940 -13931940 0 4536680 -9395260 , 4.9103951872439079e-11 , 13
1.9518429426179 , 11472174 -2191438 -31368322 -2859019 -11042826 -8482399 , -1593031 -17685764 17685764 0 -15265201 2420563 , -2375848 1400680 -2411185 7445138 -10167481 4373957 , 14411832 3753824 -3753824 0 10728521 6974697 , 14331193 31368322 2191438 2859019 22885923 -8851388 , -9264109 13366844 -14224123 2060542 3965497 -6652308 , -11324651 14224123 -13366844 -2060542 7571815 -9401347 , -9820986 2411185 -1400680 -7445138 6785142 -11568161 , 30227920 13931940 -13931940 0 4536680 -9395260 , 4.9103951873057203e-11 , 14
1.9518429426179 , 11472174 -2191438 -31368322 -2859019 -11042826 -8482399 , -1593031 -17685764 17685764 0 -15265201 2420563 , 2375848 -1400680 2411185 -7445138 10167481 -4373957 , 14411832 3753824 -3753824 0 10728521 6974697 , 14331193 31368322 2191438 2859019 22885923 -8851388 , 9264109 -13366844 14224123 -2060542 -3965497 6652308 , 11324651 -14224123 13366844 2060542 -7571815 9401347 , 9820986 -2411185 1400680 7445138 -6785142 11568161 , 30227920 13931940 -13931940 0 4536680 -9395260 , 4.9103951873057203e-11 , 15
1.9518429426179 , 11472174 -2191438 -31368322 -2859019 -11042826 -8482399 , 14411832 3753824 -3753824 0 10728521 6974697 , 9401347 -11324651 14224123 -3965497 -2060542 7571815 , -1593031 -17685764 17685764 0 -15265201 2420563 , 14331193 31368322 2191438 2859019 22885923 -8851388 , 11568161 -9820986 2411185 10167481 -7445138 6785142 , 1400680 -2411185 9820986 -10167481 4373957 2375848 , 13366844 -14224123 11324651 3965497 -6652308 9264109 , 30227920 13931940 -13931940 0 4536680 -9395260 , 4.9103951873059704e-11 , 16
1.9518429426179 , 11472174 -2191438 -31368322 -2859019 -11042826 -8482399 , 14411832 3753824 -3753824 0 10728521 6974697 , -9401347 11324651 -14224123 3965497 2060542 -7571815 , -1593031 -17685764 17685764 0 -15265201 2420563 , 14331193 31368322 2191438 2859019 22885923 -8851388 , -11568161 9820986 -2411185 -10167481 7445138 -6785142 , -1400680 2411185 -9820986 10167481 -4373957 -2375848 , -13366844 14224123 -11324651 -3965497 6652308 -9264109 , 30227920 13931940 -13931940 0 4536680 -9395260 , 4.9103951873059704e-11 , 17
1.9518429426179 , 11472174 -2191438 -31368322 -2859019 -11042826 -8482399 , 14411832 3753824 -3753824 0 10728521 6974697 , -2060542 7571815 -9401347 9264109 -6652308 3965497 , -1593031 -17685764 17685764 0 -15265201 2420563 , 14331193 31368322 2191438 2859019 22885923 -8851388 , -7445138 6785142 -11568161 2375848 4373957 -10167481 , -9820986 11568161 -6785142 -2375848 1400680 -2411185 , -11324651 9401347 -7571815 -9264109 13366844 -14224123 , 30227920 13931940 -13931940 0 4536680 -9395260 , 4.910395187493931e-11 , 18
1.9518429426179 , 11472174 -2191438 -31368322 -2859019 -11042826 -8482399 , 14411832 3753824 -3753824 0 10728521 6974697 , 2060542 -7571815 9401347 -9264109 6652308 -3965497 , -1593031 -17685764 17685764 0 -15265201 2420563 , 14331193 31368322 2191438 2859019 22885923 -8851388 , 7445138 -6785142 11568161 -2375848 -4373957 10167481 , 9820986 -11568161 6785142 2375848 -1400680 2411185 , 11324651 -9401347 7571815 9264109 -13366844 14224123 , 30227920 13931940 -13931940 0 4536680 -9395260 , 4.910395187493931e-11 , 19
1.9518429426179 , 11472174 -2191438 -31368322 -2859019 -11042826 -8482399 , -1593031 -17685764 17685764 0 -15265201 2420563 , -10167481 4373957 2375848 -11568161 6785142 -7445138 , 14411832 3753824 -3753824 0 10728521 6974697 , 14331193 31368322 2191438 2859019 22885923 -8851388 , 3965497 -6652308 9264109 -9401347 7571815 -2060542 , 13366844 -9264109 6652308 9401347 -11324651 14224123 , 1400680 -2375848 -4373957 11568161 -9820986 2411185 , 30227920 13931940 -13931940 0 4536680 -9395260 , 4.9103951875439483e-11 , 20
1.9518429426179 , 11472174 -2191438 -31368322 -2859019 -11042826 -8482399 , -1593031 -17685764 17685764 0 -15265201 2420563 , 10167481 -4373957 -2375848 11568161 -6785142 7445138 , 14411832 3753824 -3753824 0 10728521 6974697 , 14331193 31368322 2191438 2859019 22885923 -8851388 , -3965497 6652308 -9264109 9401347 -7571815 2060542 , -13366844 9264109 -6652308 -9401347 11324651 -14224123 , -1400680 2375848 4373957 -11568161 9820986 -2411185 , 30227920 13931940 -13931940 0 4536680 -9395260 , 4.9103951875439483e-11 , 21
1.9518429426179 , 11472174 -2191438 -31368322 -2859019 -11042826 -8482399 , 14411832 3753824 -3753824 0 10728521 6974697 , -9264109 6652308 -3965497 -11324651 14224123 -13366844 , -1593031 -17685764 17685764 0 -15265201 2420563 , 14331193 31368322 2191438 2859019 22885923 -8851388 , -2375848 -4373957 10167481 -9820986 2411185 -1400680 , 7445138 -10167481 4373957 9820986 -11568161 6785142 , 2060542 3965497 -6652308 11324651 -9401347 7571815 , 30227920 13931940 -13931940 0 4536680 -9395260 , 4.9103951876319448e-11 , 22
1.9518429426179 , 11472174 -2191438 -31368322 -2859019 -11042826 -8482399 , 14411832 3753824 -3753824 0 10728521 6974697 , 9264109 -6652308 3965497 11324651 -14224123 13366844 , -1593031 -17685764 17685764 0 -15265201 2420563 , 14331193 31368322 2191438 2859019 22885923 -8851388 , 2375848 4373957 -10167481 9820986 -2411185 1400680 , -7445138 10167481 -4373957 -9820986 11568161 -6785142 , -2060542 -3965497 6652308 -11324651 9401347 -7571815 , 30227920 13931940 -13931940 0 4536680 -9395260 , 4.9103951876319448e-11 , 23
1.9518429426179 , 11472174 -2191438 -31368322 -2859019 -11042826 -8482399 , -1593031 -17685764 17685764 0 -15265201 2420563 , -7445138 10167481 -4373957 -9820986 11568161 -6785142 , 14411832 3753824 -3753824 0 10728521 6974697 , 14331193 31368322 2191438 2859019 22885923 -8851388 , -2060542 -3965497 6652308 -11324651 9401347 -7571815 , 9264109 -6652308 3965497 11324651 -14224123 13366844 , 2375848 4373957 -10167481 9820986 -2411185 1400680 , 30227920 13931940 -13931940 0 4536680 -9395260 , 4.9103951876320379e-11 , 24
1.9518429426179 , 11472174 -2191438 -31368322 -2859019 -11042826 -8482399 , -1593031 -17685764 17685764 0 -15265201 2420563 , 7445138 -10167481 4373957 9820986 -11568161 6785142 , 14411832 3753824 -3753824 0 10728521 6974697 , 14331193 31368322 2191438 2859019 22885923 -8851388 , 2060542 3965497 -6652308 11324651 -9401347 7571815 , -9264109 6652308 -3965497 -11324651 14224123 -13366844 , -2375848 -4373957 10167481 -9820986 2411185 -1400680 , 30227920 13931940 -13931940 0 4536680 -9395260 , 4.9103951876320379e-11 , 25
1.9518429426179 , 11472174 -2191438 -31368322 -2859019 -11042826 -8482399 , 14411832 3753824 -3753824 0 10728521 6974697 , 13366844 -9264109 6652308 9401347 -11324651 14224123 , -1593031 -17685764 17685764 0 -15265201 2420563 , 14331193 31368322 2191438 2859019 22885923 -8851388 , 1400680 -2375848 -4373957 11568161 -9820986 2411185 , -10167481 4373957 2375848 -11568161 6785142 -7445138 , 3965497 -6652308 9264109 -9401347 7571815 -2060542 , 30227920 13931940 -13931940 0 4536680 -9395260 , 4.9103951879718443e-11 , 26
1.9518429426179 , 11472174 -2191438 -31368322 -2859019 -11042826 -8482399 , 14411832 3753824 -3753824 0 10728521 6974697 , -13366844 9264109 -6652308 -9401347 11324651 -14224123 , -1593031 -17685764 17685764 0 -15265201 2420563 , 14331193 31368322 2191438 2859019 22885923 -8851388 , -1400680 2375848 4373957 -11568161 9820986 -2411185 , 10167481 -4373957 -2375848 11568161 -6785142 7445138 , -3965497 6652308 -9264109 9401347 -7571815 2060542 , 30227920 13931940 -13931940 0 4536680 -9395260 , 4.9103951879718443e-11 , 27
1.9518429426179 , 11472174 -2191438 -31368322 -2859019 -11042826 -8482399 , 14411832 3753824 -3753824 0 10728521 6974697 , -14224123 13366844 -9264109 -7571815 9401347 -11324651 , -1593031 -17685764 17685764 0 -15265201 2420563 , 14331193 31368322 2191438 2859019 22885923 -8851388 , -2411185 1400680 -2375848 -6785142 11568161 -9820986 , 4373957 2375848 -1400680 6785142 -7445138 10167481 , -6652308 9264109 -13366844 7571815 -2060542 -3965497 , 30227920 13931940 -13931940 0 4536680 -9395260 , 4.9103951884729917e-11 , 28
1.9518429426179 , 11472174 -2191438 -31368322 -2859019 -11042826 -8482399 , 14411832 3753824 -3753824 0 10728521 6974697 , 14224123 -13366844 9264109 7571815 -9401347 11324651 , -1593031 -17685764 17685764 0 -15265201 2420563 , 14331193 31368322 2191438 2859019 22885923 -8851388 , 2411185 -1400680 2375848 6785142 -11568161 9820986 , -4373957 -2375848 1400680 -6785142 7445138 -10167481 , 6652308 -9264109 13366844 -7571815 2060542 3965497 , 30227920 13931940 -13931940 0 4536680 -9395260 , 4.9103951884729917e-11 , 29
1.9518429426179 , 11472174 -2191438 -31368322 -2859019 -11042826 -8482399 , 14411832 3753824 -3753824 0 10728521 6974697 , -11324651 14224123 -13366844 -2060542 7571815 -9401347 , -1593031 -17685764 17685764 0 -15265201 2420563 , 14331193 31368322 2191438 2859019 22885923 -8851388 , -9820986 2411185 -1400680 -7445138 6785142 -11568161 , -2375848 1400680 -2411185 7445138 -10167481 4373957 , -9264109 13366844 -14224123 2060542 3965497 -6652308 , 30227920 13931940 -13931940 0 4536680 -9395260 , 4.9103951886611733e-11 , 30
1.9518429426179 , 11472174 -2191438 -31368322 -2859019 -11042826 -8482399 , 14411832 3753824 -3753824 0 10728521 6974697 , 11324651 -14224123 13366844 2060542 -7571815 9401347 , -1593031 -17685764 17685764 0 -15265201 2420563 , 14331193 31368322 2191438 2859019 22885923 -8851388 , 9820986 -2411185 1400680 7445138 -6785142 11568161 , 2375848 -1400680 2411185 -7445138 10167481 -4373957 , 9264109 -13366844 14224123 -2060542 -3965497 6652308 , 30227920 13931940 -13931940 0 4536680 -9395260 , 4.9103951886611733e-11 , 31
1.9518429426179 , 11472174 -2191438 -31368322 -2859019 -11042826 -8482399 , -1593031 -17685764 17685764 0 -15265201 2420563 , -11568161 6785142 -7445138 -1400680 2411185 -9820986 , 14411832 3753824 -3753824 0 10728521 6974697 , 14331193 31368322 2191438 2859019 22885923 -8851388 , -9401347 7571815 -2060542 -13366844 14224123 -11324651 , 3965497 2060542 -7571815 13366844 -9264109 6652308 , -10167481 7445138 -6785142 1400680 -2375848 -4373957 , 30227920 13931940 -13931940 0 4536680 -9395260 , 4.9103951888499198e-11 , 32
1.9518429426179 , 11472174 -2191438 -31368322 -2859019 -11042826 -8482399 , -1593031 -17685764 17685764 0 -15265201 2420563 , 11568161 -6785142 7445138 1400680 -2411185 9820986 , 14411832 3753824 -3753824 0 10728521 6974697 , 14331193 31368322 2191438 2859019 22885923 -8851388 , 9401347 -7571815 2060542 13366844 -14224123 11324651 , -3965497 -2060542 7571815 -13366844 9264109 -6652308 , 10167481 -7445138 6785142 -1400680 2375848 4373957 , 30227920 13931940 -13931940 0 4536680 -9395260 , 4.9103951888499198e-11 , 33
1.9518429426179 , 11472174 -2191438 -31368322 -2859019 -11042826 -8482399 , -1593031 -17685764 17685764 0 -15265201 2420563 , 6785142 -7445138 10167481 2411185 -9820986 11568161 , 14411832 3753824 -3753824 0 10728521 6974697 , 14331193 31368322 2191438 2859019 22885923 -8851388 , 7571815 -2060542 -3965497 14224123 -11324651 9401347 , -6652308 3965497 2060542 -14224123 13366844 -9264109 , 4373957 -10167481 7445138 -2411185 1400680 -2375848 , 30227920 13931940 -13931940 0 4536680 -9395260 , 4.9103951894893013e-11 , 34
1.9518429426179 , 11472174 -2191438 -31368322 -2859019 -11042826 -8482399 , -1593031 -17685764 17685764 0 -15265201 2420563 , -6785142 7445138 -10167481 -2411185 9820986 -11568161 , 14411832 3753824 -3753824 0 10728521 6974697 , 14331193 31368322 2191438 2859019 22885923 -8851388 , -7571815 2060542 3965497 -14224123 11324651 -9401347 , 6652308 -3965497 -2060542 14224123 -13366844 9264109 , -4373957 10167481 -7445138 2411185 -1400680 2375848 , 30227920 13931940 -13931940 0 4536680 -9395260 , 4.9103951894893013e-11 , 35
2.059483593006773 , -1248764 -25024259 -20683403 -8819916 -11708127 -32743565 , 735322 -8069197 8069197 0 -6186813 1882384 , 6983192 -7087958 5060619 10540425 -15479919 12459842 , 12083479 -5862743 5862743 0 1650133 7512876 , 7571152 20683403 25024259 8819916 -12060162 13316132 , 4568184 -6357191 11347319 -7050320 1326786 4200441 , 11618504 -11347319 6357191 7050320 -7146878 7683977 , -3557233 -5060619 7087958 -10540425 7399223 -8391961 , 30227920 13931940 -13931940 0 4536680 -9395260 , 4.9103951868786838e-11 , 0
2.059483593006773 , -1248764 -25024259 -20683403 -8819916 -11708127 -32743565 , 735322 -8069197 8069197 0 -6186813 1882384 , -6983192 7087958 -5060619 -10540425 15479919 -12459842 , 12083479 -5862743 5862743 0 1650133 7512876 , 7571152 20683403 25024259 8819916 -12060162 13316132 , -4568184 6357191 -11347319 7050320 -1326786 -4200441 , -11618504 11347319 -6357191 -7050320 7146878 -7683977 , 3557233 5060619 -7087958 10540425 -7399223 8391961 , 30227920 13931940 -13931940 0 4536680 -9395260 , 4.9103951868786838e-11 , 1
2.059483593006773 , -1248764 -25024259 -20683403 -8819916 -11708127 -32743565 , 12083479 -5862743 5862743 0 1650133 7512876 , -7050320 7146878 -7683977 4568184 -4200441 -1326786 , 735322 -8069197 8069197 0 -6186813 1882384 , 7571152 20683403 25024259 8819916 -12060162 13316132 , 10540425 -7399223 8391961 6983192 -12459842 15479919 , 3557233 -8391961 7399223 -6983192 7087958 -5060619 , -11618504 7683977 -7146878 -4568184 6357191 -11347319 , 30227920 13931940 -13931940 0 4536680 -9395260 , 4.9103951869172524e-11 , 2
2.059483593006773 , -1248764 -25024259 -20683403 -8819916 -11708127 -32743565 , 12083479 -5862743 5862743 0 1650133 7512876 , 7050320 -7146878 7683977 -4568184 4200441 1326786 , 735322 -8069197 8069197 0 -6186813 1882384 , 7571152 20683403 25024259 8819916 -12060162 13316132 , -10540425 7399223 -8391961 -6983192 12459842 -15479919 , -3557233 8391961 -7399223 6983192 -7087958 5060619 , 11618504 -7683977 7146878 4568184 -6357191 11347319 , 30227920 13931940 -13931940 0 4536680 -9395260 , 4.9103951869172524e-11 , 3
2.059483593006773 , -1248764 -25024259 -20683403 -8819916 -11708127 -32743565 , 735322 -8069197 8069197 0 -6186813 1882384 , -7399223 10540425 -15479919 5060619 3557233 -8391961 , 12083479 -5862743 5862743 0 1650133 7512876 , 7571152 20683403 25024259 8819916 -12060162 13316132 , 7146878 -7050320 1326786 11347319 -11618504 7683977 , -4200441 -1326786 7050320 -11347319 6357191 -4568184 , -12459842 15479919 -10540425 -5060619 7087958 -6983192 , 30227920 13931940 -13931940 0 4536680 -9395260 , 4.9103951871423573e-11 , 4
2.059483593006773 , -1248764 -25024259 -20683403 -8819916 -11708127 -32743565 , 735322 -8069197 8069197 0 -6186813 1882384 , 7399223 -10540425 15479919 -5060619 -3557233 8391961 , 12083479 -5862743 5862743 0 1650133 7512876 , 7571152 20683403 25024259 8819916 -12060162 13316132 , -7146878 7050320 -1326786 -11347319 11618504 -7683977 , 4200441 1326786 -7050320 11347319 -6357191 4568184 , 12459842 -15479919 10540425 5060619 -7087958 6983192 , 30227920 13931940 -13931940 0 4536680 -9395260 , 4.9103951871423573e-11 , 5
2.059483593006773 , -1248764 -25024259 -20683403 -8819916 -11708127 -32743565 , 735322 -8069197 8069197 0 -6186813 1882384 , -15479919 12459842 -6983192 -8391961 7399223 -10540425 , 12083479 -5862743 5862743 0 1650133 7512876 , 7571152 20683403 25024259 8819916 -12060162 13316132 , 1326786 4200441 -4568184 7683977 -7146878 7050320 , -6357191 4568184 -4200441 -7683977 11618504 -11347319 , -7087958 6983192 -12459842 8391961 -3557233 -5060619 , 30227920 13931940 -13931940 0 4536680 -9395260 , 4.9103951871555353e-11 , 6
2.059483593006773 , -1248764 -25024259 -20683403 -8819916 -11708127 -32743565 , 735322 -8069197 8069197 0 -6186813 1882384 , 15479919 -12459842 6983192 8391961 -7399223 10540425 , 12083479 -5862743 5862743 0 1650133 7512876 , 7571152 20683403 25024259 8819916 -12060162 13316132 , -1326786 -4200441 4568184 -7683977 7146878 -7050320 , 6357191 -4568184 4200441 7683977 -11618504 11347319 , 7087958 -6983192 12459842 -8391961 3557233 5060619 , 30227920 13931940 -13931940 0 4536680 -9395260 , 4.9103951871555353e-11 , 7
2.059483593006773 , -1248764 -25024259 -20683403 -8819916 -11708127 -32743565 , 735322 -8069197 8069197 0 -6186813 1882384 , -7087958 5060619 3557233 -15479919 12459842 -6983192 , 12083479 -5862743 5862743 0 1650133 7512876 , 7571152 20683403 25024259 8819916 -12060162 13316132 , -6357191 11347319 -11618504 1326786 4200441 -4568184 , -7683977 11618504 -11347319 -1326786 7050320 -7146878 , 8391961 -3557233 -5060619 15479919 -10540425 7399223 , 30227920 13931940 -13931940 0 4536680 -9395260 , 4.9103951872426743e-11 , 8
2.059483593006773 , -1248764 -25024259 -20683403 -8819916 -11708127 -32743565 , 735322 -8069197 8069197 0 -6186813 1882384 , 7087958 -5060619 -3557233 15479919 -12459842 6983192 , 12083479 -5862743 5862743 0 1650133 7512876 , 7571152 20683403 25024259 8819916 -12060162 13316132 , 6357191 -11347319 11618504 -1326786 -4200441 4568184 , 7683977 -11618504 11347319 1326786 -7050320 7146878 , -8391961 3557233 5060619 -15479919 10540425 -7399223 , 30227920 13931940 -13931940 0 4536680 -9395260 , 4.9103951872426743e-11 , 9
2.059483593006773 , -1248764 -25024259 -20683403 -8819916 -11708127 -32743565 , 12083479 -5862743 5862743 0 1650133 7512876 , -1326786 7050320 -7146878 6357191 -4568184 4200441 , 735322 -8069197 8069197 0 -6186813 1882384 , 7571152 20683403 25024259 8819916 -12060162 13316132 , 15479919 -10540425 7399223 7087958 -6983192 12459842 , 8391961 -7399223 10540425 -7087958 5060619 3557233 , -7683977 7146878 -7050320 -6357191 11347319 -11618504 , 30227920 13931940 -13931940 0 4536680 -9395260 , 4.910395187356115e-11 , 10
2.059483593006773 , -1248764 -25024259 -20683403 -8819916 -11708127 -32743565 , 12083479 -5862743 5862743 0 1650133 7512876 , 1326786 -7050320 7146878 -6357191 4568184 -4200441 , 735322 -8069197 8069197 0 -6186813 1882384 , 7571152 20683403 25024259 8819916 -12060162 13316132 , -15479919 10540425 -7399223 -7087958 6983192 -12459842 , -8391961 7399223 -10540425 7087958 -5060619 -3557233 , 7683977 -7146878 7050320 6357191 -11347319 11618504 , 30227920 13931940 -13931940 0 4536680 -9395260 , 4.910395187356115e-11 , 11
2.059483593006773 , -1248764 -25024259 -20683403 -8819916 -11708127 -32743565 , 12083479 -5862743 5862743 0 1650133 7512876 , -7683977 11618504 -11347319 -1326786 7050320 -7146878 , 735322 -8069197 8069197 0 -6186813 1882384 , 7571152 20683403 25024259 8819916 -12060162 13316132 , 8391961 -3557233 -5060619 15479919 -10540425 7399223 , -7087958 5060619 3557233 -15479919 12459842 -6983192 , -6357191 11347319 -11618504 1326786 4200441 -4568184 , 30227920 13931940 -13931940 0 4536680 -9395260 , 4.9103951874686477e-11 , 12
2.059483593006773 , -1248764 -25024259 -20683403 -8819916 -11708127 -32743565 , 12083479 -5862743 5862743 0 1650133 7512876 , 7683977 -11618504 11347319 1326786 -7050320 7146878 , 735322 -8069197 8069197 0 -6186813 1882384 , 7571152 20683403 25024259 8819916 -12060162 13316132 , -8391961 3557233 5060619 -15479919 10540425 -7399223 , 7087958 -5060619 -3557233 15479919 -12459842 6983192 , 6357191 -11347319 11618504 -1326786 -4200441 4568184 , 30227920 13931940 -13931940 0 4536680 -9395260 , 4.9103951874686477e-11 , 13
2.059483593006773 , -1248764 -25024259 -20683403 -8819916 -11708127 -32743565 , 12083479 -5862743 5862743 0 1650133 7512876 , 11347319 -6357191 4568184 7146878 -7683977 11618504 , 735322 -8069197 8069197 0 -6186813 1882384 , 7571152 20683403 25024259 8819916 -12060162 13316132 , 5060619 -7087958 6983192 -7399223 8391961 -3557233 , 12459842 -6983192 7087958 7399223 -10540425 15479919 , 4200441 -4568184 6357191 -7146878 7050320 -1326786 , 30227920 13931940 -13931940 0 4536680 -9395260 , 4.9103951874938864e-11 , 14
2.059483593006773 , -1248764 -25024259 -20683403 -8819916 -11708127 -32743565 , 12083479 -5862743 5862743 0 1650133 7512876 , -11347319 6357191 -4568184 -7146878 7683977 -11618504 , 735322 -8069197 8069197 0 -6186813 1882384 , 7571152 20683403 25024259 8819916 -12060162 13316132 , -5060619 7087958 -6983192 7399223 -8391961 3557233 , -12459842 6983192 -7087958 -7399223 10540425 -15479919 , -4200441 4568184 -6357191 7146878 -7050320 1326786 , 30227920 13931940 -13931940 0 4536680 -9395260 , 4.9103951874938864e-11 , 15
2.059483593006773 , -1248764 -25024259 -20683403 -8819916 -11708127 -32743565 , 12083479 -5862743 5862743 0 1650133 7512876 , -11618504 11347319 -6357191 -7050320 7146878 -7683977 , 735322 -8069197 8069197 0 -6186813 1882384 , 7571152 20683403 25024259 8819916 -12060162 13316132 , 3557233 5060619 -7087958 10540425 -7399223 8391961 , -6983192 7087958 -5060619 -10540425 15479919 -12459842 , -4568184 6357191 -11347319 7050320 -1326786 -4200441 , 30227920 13931940 -13931940 0 4536680 -9395260 , 4.9103951874940687e-11 , 16
2.059483593006773 , -1248764 -25024259 -20683403 -8819916 -11708127 -32743565 , 12083479 -5862743 5862743 0 1650133 7512876 , 11618504 -11347319 6357191 7050320 -7146878 7683977 , 735322 -8069197 8069197 0 -6186813 1882384 , 7571152 20683403 25024259 8819916 -12060162 13316132 , -3557233 -5060619 7087958 -10540425 7399223 -8391961 , 6983192 -7087958 5060619 10540425 -15479919 12459842 , 4568184 -6357191 11347319 -7050320 1326786 4200441 , 30227920 13931940 -13931940 0 4536680 -9395260 , 4.9103951874940687e-11 , 17
2.059483593006773 , -1248764 -25024259 -20683403 -8819916 -11708127 -32743565 , 12083479 -5862743 5862743 0 1650133 7512876 , 7146878 -7683977 11618504 -4200441 -1326786 7050320 , 735322 -8069197 8069197 0 -6186813 1882384 , 7571152 20683403 25024259 8819916 -12060162 13316132 , -7399223 8391961 -3557233 -12459842 15479919 -10540425 , 5060619 3557233 -8391961 12459842 -6983192 7087958 , 11347319 -11618504 7683977 4200441 -4568184 6357191 , 30227920 13931940 -13931940 0 4536680 -9395260 , 4.9103951876325419e-11 , 18
2.059483593006773 , -1248764 -25024259 -20683403 -8819916 -11708127 -32743565 , 12083479 -5862743 5862743 0 1650133 7512876 , -7146878 7683977 -11618504 4200441 1326786 -7050320 , 735322 -8069197 8069197 0 -6186813 1882384 , 7571152 20683403 25024259 8819916 -12060162 13316132 , 7399223 -8391961 3557233 12459842 -15479919 10540425 , -5060619 -3557233 8391961 -12459842 6983192 -7087958 , -11347319 11618504 -7683977 -4200441 4568184 -6357191 , 30227920 13931940 -13931940 0 4536680 -9395260 , 4.9103951876325419e-11 , 19
2.059483593006773 , -1248764 -25024259 -20683403 -8819916 -11708127 -32743565 , 735322 -8069197 8069197 0 -6186813 1882384 , -12459842 6983192 -7087958 -7399223 10540425 -15479919 , 12083479 -5862743 5862743 0 1650133 7512876 , 7571152 20683403 25024259 8819916 -12060162 13316132 , -4200441 4568184 -6357191 7146878 -7050320 1326786 , -11347319 6357191 -4568184 -7146878 7683977 -11618504 , -5060619 7087958 -6983192 7399223 -8391961 3557233 , 30227920 13931940 -13931940 0 4536680 -9395260 , 4.910395187832741e-11 , 20
2.059483593006773 , -1248764 -25024259 -20683403 -8819916 -11708127 -32743565 , 735322 -8069197 8069197 0 -6186813 1882384 , 12459842 -6983192 7087958 7399223 -10540425 15479919 , 12083479 -5862743 5862743 0 1650133 7512876 , 7571152 20683403 25024259 8819916 -12060162 13316132 , 4200441 -4568184 6357191 -7146878 7050320 -1326786 , 11347319 -6357191 4568184 7146878 -7683977 11618504 , 5060619 -7087958 6983192 -7399223 8391961 -3557233 , 30227920 13931940 -13931940 0 4536680 -9395260 , 4.910395187832741e-11 , 21
2.059483593006773 , -1248764 -25024259 -20683403 -8819916 -11708127 -32743565 , 12083479 -5862743 5862743 0 1650133 7512876 , 4568184 -4200441 -1326786 11618504 -11347319 6357191 , 735322 -8069197 8069197 0 -6186813 1882384 , 7571152 20683403 25024259 8819916 -12060162 13316132 , 6983192 -12459842 15479919 -3557233 -5060619 7087958 , 10540425 -15479919 12459842 3557233 -8391961 7399223 , -7050320 1326786 4200441 -11618504 7683977 -7146878 , 30227920 13931940 -13931940 0 4536680 -9395260 , 4.9103951880086655e-11 , 22
2.059483593006773 , -1248764 -25024259 -20683403 -8819916 -11708127 -32743565 , 12083479 -5862743 5862743 0 1650133 7512876 , -4568184 4200441 1326786 -11618504 11347319 -6357191 , 735322 -8069197 8069197 0 -6186813 1882384 , 7571152 20683403 25024259 8819916 -12060162 13316132 , -6983192 12459842 -15479919 3557233 5060619 -7087958 , -10540425 15479919 -12459842 -3557233 8391961 -7399223 , 7050320 -1326786 -4200441 11618504 -7683977 7146878 , 30227920 13931940 -13931940 0 4536680 -9395260 , 4.9103951880086655e-11 , 23
2.059483593006773 , -1248764 -25024259 -20683403 -8819916 -11708127 -32743565 , 735322 -8069197 8069197 0 -6186813 1882384 , 10540425 -15479919 12459842 3557233 -8391961 7399223 , 12083479 -5862743 5862743 0 1650133 7512876 , 7571152 20683403 25024259 8819916 -12060162 13316132 , -7050320 1326786 4200441 -11618504 7683977 -7146878 , 4568184 -4200441 -1326786 11618504 -11347319 6357191 , 6983192 -12459842 15479919 -3557233 -5060619 7087958 , 30227920 13931940 -13931940 0 4536680 -9395260 , 4.9103951880963731e-11 , 24
2.059483593006773 , -1248764 -25024259 -20683403 -8819916 -11708127 -32743565 , 735322 -8069197 8069197 0 -6186813 1882384 , -10540425 15479919 -12459842 -3557233 8391961 -7399223 , 12083479 -5862743 5862743 0 1650133 7512876 , 7571152 20683403 25024259 8819916 -12060162 13316132 , 7050320 -1326786 -4200441 11618504 -7683977 7146878 , -4568184 4200441 1326786 -11618504 11347319 -6357191 , -6983192 12459842 -15479919 3557233 5060619 -7087958 , 30227920 13931940 -13931940 0 4536680 -9395260 , 4.9103951880963731e-11 , 25
2.059483593006773 , -1248764 -25024259 -20683403 -8819916 -11708127 -32743565 , 12083479 -5862743 5862743 0 1650133 7512876 , -4200441 -1326786 7050320 -11347319 6357191 -4568184 , 735322 -8069197 8069197 0 -6186813 1882384 , 7571152 20683403 25024259 8819916 -12060162 13316132 , -12459842 15479919 -10540425 -5060619 7087958 -6983192 , -7399223 10540425 -15479919 5060619 3557233 -8391961 , 7146878 -7050320 1326786 11347319 -11618504 7683977 , 30227920 13931940 -13931940 0 4536680 -9395260 , 4.910395188171896e-11 , 26
2.059483593006773 , -1248764 -25024259 -20683403 -8819916 -11708127 -32743565 , 12083479 -5862743 5862743 0 1650133 7512876 , 4200441 1326786 -7050320 11347319 -6357191 4568184 , 735322 -8069197 8069197 0 -6186813 1882384 , 7571152 20683403 25024259 8819916 -12060162 13316132 , 12459842 -15479919 10540425 5060619 -7087958 6983192 , 7399223 -10540425 15479919 -5060619 -3557233 8391961 , -7146878 7050320 -1326786 -11347319 11618504 -7683977 , 30227920 13931940 -13931940 0 4536680 -9395260 , 4.910395188171896e-11 , 27
2.059483593006773 , -1248764 -25024259 -20683403 -8819916 -11708127 -32743565 , 12083479 -5862743 5862743 0 1650133 7512876 , -6357191 4568184 -4200441 -7683977 11618504 -11347319 , 735322 -8069197 8069197 0 -6186813 1882384 , 7571152 20683403 25024259 8819916 -12060162 13316132 , -7087958 6983192 -12459842 8391961 -3557233 -5060619 , -15479919 12459842 -6983192 -8391961 7399223 -10540425 , 1326786 4200441 -4568184 7683977 -7146878 7050320 , 30227920 13931940 -13931940 0 4536680 -9395260 , 4.9103951881841938e-11 , 28
2.059483593006773 , -1248764 -25024259 -20683403 -8819916 -11708127 -32743565 , 12083479 -5862743 5862743 0 1650133 7512876 , 6357191 -4568184 4200441 7683977 -11618504 11347319 , 735322 -8069197 8069197 0 -6186813 1882384 , 7571152 20683403 25024259 8819916 -12060162 13316132 , 7087958 -6983192 12459842 -8391961 3557233 5060619 , 15479919 -12459842 6983192 8391961 -7399223 10540425 , -1326786 -4200441 4568184 -7683977 7146878 -7050320 , 30227920 13931940 -13931940 0 4536680 -9395260 , 4.9103951881841938e-11 , 29
2.059483593006773 , -1248764 -25024259 -20683403 -8819916 -11708127 -32743565 , 735322 -8069197 8069197 0 -6186813 1882384 , -3557233 8391961 -7399223 6983192 -7087958 5060619 , 12083479 -5862743 5862743 0 1650133 7512876 , 7571152 20683403 25024259 8819916 -12060162 13316132 , 11618504 -7683977 7146878 4568184 -6357191 11347319 , 7050320 -7146878 7683977 -4568184 4200441 1326786 , -10540425 7399223 -8391961 -6983192 12459842 -15479919 , 30227920 13931940 -13931940 0 4536680 -9395260 , 4.9103951889123403e-11 , 30
2.059483593006773 , -1248764 -25024259 -20683403 -8819916 -11708127 -32743565 , 735322 -8069197 8069197 0 -6186813 1882384 , 3557233 -8391961 7399223 -6983192 7087958 -5060619 , 12083479 -5862743 5862743 0 1650133 7512876 , 7571152 20683403 25024259 8819916 -12060162 13316132 , -11618504 7683977 -7146878 -4568184 6357191 -11347319 , -7050320 7146878 -7683977 4568184 -4200441 -1326786 , 10540425 -7399223 8391961 6983192 -12459842 15479919 , 30227920 13931940 -13931940 0 4536680 -9395260 , 4.9103951889123403e-11 , 31
2.059483593006773 , -1248764 -25024259 -20683403 -8819916 -11708127 -32743565 , 735322 -8069197 8069197 0 -6186813 1882384 , 5060619 3557233 -8391961 12459842 -6983192 7087958 , 12083479 -5862743 5862743 0 1650133 7512876 , 7571152 20683403 25024259 8819916 -12060162 13316132 , 11347319 -11618504 7683977 4200441 -4568184 6357191 , 7146878 -7683977 11618504 -4200441 -1326786 7050320 , -7399223 8391961 -3557233 -12459842 15479919 -10540425 , 30227920 13931940 -13931940 0 4536680 -9395260 , 4.9103951890006541e-11 , 32
2.059483593006773 , -1248764 -25024259 -20683403 -8819916 -11708127 -32743565 , 735322 -8069197 8069197 0 -6186813 1882384 , -5060619 -3557233 8391961 -12459842 6983192 -7087958 , 12083479 -5862743 5862743 0 1650133 7512876 , 7571152 20683403 25024259 8819916 -12060162 13316132 , -11347319 11618504 -7683977 -4200441 4568184 -6357191 , -7146878 7683977 -11618504 4200441 1326786 -7050320 , 7399223 -8391961 3557233 12459842 -15479919 10540425 , 30227920 13931940 -13931940 0 4536680 -9395260 , 4.9103951890006541e-11 , 33
2.059483593006773 , -1248764 -25024259 -20683403 -8819916 -11708127 -32743565 , 735322 -8069197 8069197 0 -6186813 1882384 , -8391961 7399223 -10540425 7087958 -5060619 -3557233 , 12083479 -5862743 5862743 0 1650133 7512876 , 7571152 20683403 25024259 8819916 -12060162 13316132 , 7683977 -7146878 7050320 6357191 -11347319 11618504 , 1326786 -7050320 7146878 -6357191 4568184 -4200441 , -15479919 10540425 -7399223 -7087958 6983192 -12459842 , 30227920 13931940 -13931940 0 4536680 -9395260 , 4.9103951890136531e-11 , 34
2.059483593006773 , -1248764 -25024259 -20683403 -8819916 -11708127 -32743565 , 735322 -8069197 8069197 0 -6186813 1882384 , 8391961 -7399223 10540425 -7087958 5060619 3557233 , 12083479 -5862743 5862743 0 1650133 7512876 , 7571152 20683403 25024259 8819916 -12060162 13316132 , -7683977 7146878 -7050320 -6357191 11347319 -11618504 , -1326786 7050320 -7146878 6357191 -4568184 4200441 , 15479919 -10540425 7399223 7087958 -6983192 12459842 , 30227920 13931940 -13931940 0 4536680 -9395260 , 4.9103951890136531e-11 , 35
2.164818737935894 , -16850433 -13195888 -21914808 -9033837 -24898076 -24527902 , 6425774 -16048057 16048057 0 -9663413 6384644 , -9468204 2982774 9224567 -11002330 -2196705 2111281 , -48031 14143679 -14143679 0 11504476 -2639203 , -7816596 21914808 13195888 9033837 -2613094 -11702188 , -7499057 3767737 7371713 -15074812 7169134 -2694599 , 7575755 -7371713 -3767737 15074812 -10066312 3401397 , 1534126 -9224567 -2982774 11002330 -7113286 -5179479 , 36668978 1904378 -1904378 0 -1841063 -3745441 , 3.2050504573513324e-11 , 0
2.164818737935894 , -16850433 -13195888 -21914808 -9033837 -24898076 -24527902 , 6425774 -16048057 16048057 0 -9663413 6384644 , 9468204 -2982774 -9224567 11002330 2196705 -2111281 , -48031 14143679 -14143679 0 11504476 -2639203 , -7816596 21914808 13195888 9033837 -2613094 -11702188 , 7499057 -3767737 -7371713 15074812 -7169134 2694599 , -7575755 7371713 3767737 -15074812 10066312 -3401397 , -1534126 9224567 2982774 -11002330 7113286 5179479 , 36668978 1904378 -1904378 0 -1841063 -3745441 , 3.2050504573513324e-11 , 1
2.164818737935894 , -16850433 -13195888 -21914808 -9033837 -24898076 -24527902 , 6425774 -16048057 16048057 0 -9663413 6384644 , -2111281 -9468204 2982774 7113286 -11002330 -2196705 , -48031 14143679 -14143679 0 11504476 -2639203 , -7816596 21914808 13195888 9033837 -2613094 -11702188 , 2694599 -7499057 3767737 10066312 -15074812 7169134 , -7371713 -3767737 7499057 -10066312 3401397 -7575755 , -9224567 -2982774 9468204 -7113286 -5179479 -1534126 , 36668978 1904378 -1904378 0 -1841063 -3745441 , 3.2050504577150075e-11 , 2
2.164818737935894 , -16850433 -13195888 -21914808 -9033837 -24898076 -24527902 , 6425774 -16048057 16048057 0 -9663413 6384644 , 2111281 9468204 -2982774 -7113286 11002330 2196705 , -48031 14143679 -14143679 0 11504476 -2639203 , -7816596 21914808 13195888 9033837 -2613094 -11702188 , -2694599 7499057 -3767737 -10066312 15074812 -7169134 , 7371713 3767737 -7499057 10066312 -3401397 7575755 , 9224567 2982774 -9468204 7113286 5179479 1534126 , 36668978 1904378 -1904378 0 -1841063 -3745441 , 3.2050504577150075e-11 , 3
2.164818737935894 , -16850433 -13195888 -21914808 -9033837 -24898076 -24527902 , -48031 14143679 -14143679 0 11504476 -2639203 , -7371713 -3767737 7499057 -10066312 3401397 -7575755 , 6425774 -16048057 16048057 0 -9663413 6384644 , -7816596 21914808 13195888 9033837 -2613094 -11702188 , -9224567 -2982774 9468204 -7113286 -5179479 -1534126 , -2111281 -9468204 2982774 7113286 -11002330 -2196705 , 2694599 -7499057 3767737 10066312 -15074812 7169134 , 36668978 1904378 -1904378 0 -1841063 -3745441 , 3.2050504577345975e-11 , 4
2.164818737935894 , -16850433 -13195888 -21914808 -9033837 -24898076 -24527902 , -48031 14143679 -14143679 0 11504476 -2639203 , 7371713 3767737 -7499057 10066312 -3401397 7575755 , 6425774 -16048057 16048057 0 -9663413 6384644 , -7816596 21914808 13195888 9033837 -2613094 -11702188 , 9224567 2982774 -9468204 7113286 5179479 1534126 , 2111281 9468204 -2982774 -7113286 11002330 2196705 , -2694599 7499057 -3767737 -10066312 15074812 -7169134 , 36668978 1904378 -1904378 0 -1841063 -3745441 , 3.2050504577345975e-11 , 5
2.164818737935894 , -16850433 -13195888 -21914808 -9033837 -24898076 -24527902 , -48031 14143679 -14143679 0 11504476 -2639203 , -7499057 2694599 -7169134 7575755 -7371713 -3767737 , 6425774 -16048057 16048057 0 -9663413 6384644 , -7816596 21914808 13195888 9033837 -2613094 -11702188 , -9468204 -2111281 2196705 1534126 -9224567 -2982774 , -11002330 -2196705 2111281 -1534126 -5179479 -7113286 , -15074812 7169134 -2694599 -7575755 3401397 -10066312 , 36668978 1904378 -1904378 0 -1841063 -3745441 , 3.2050504578319999e-11 , 6
2.164818737935894 , -16850433 -13195888 -21914808 -9033837 -24898076 -24527902 , -48031 14143679 -14143679 0 11504476 -2639203 , 7499057 -2694599 7169134 -7575755 7371713 3767737 , 6425774 -16048057 16048057 0 -9663413 6384644 , -7816596 21914808 13195888 9033837 -2613094 -11702188 , 9468204 2111281 -2196705 -1534126 9224567 2982774 , 11002330 2196705 -2111281 1534126 5179479 7113286 , 15074812 -7169134 2694599 7575755 -3401397 10066312 , 36668978 1904378 -1904378 0 -1841063 -3745441 , 3.2050504578319999e-11 , 7
2.164818737935894 , -16850433 -13195888 -21914808 -9033837 -24898076 -24527902 , 6425774 -16048057 16048057 0 -9663413 6384644 , 7113286 -11002330 -2196705 9224567 -1534126 -5179479 , -48031 14143679 -14143679 0 11504476 -2639203 , -7816596 21914808 13195888 9033837 -2613094 -11702188 , 10066312 -15074812 7169134 7371713 -7575755 3401397 , 2694599 -7169134 15074812 -7371713 -3767737 7499057 , -2111281 2196705 11002330 -9224567 -2982774 9468204 , 36668978 1904378 -1904378 0 -1841063 -3745441 , 3.2050504579168512e-11 , 8
2.164818737935894 , -16850433 -13195888 -21914808 -9033837 -24898076 -24527902 , 6425774 -16048057 16048057 0 -9663413 6384644 , -7113286 11002330 2196705 -9224567 1534126 5179479 , -48031 14143679 -14143679 0 11504476 -2639203 , -7816596 21914808 13195888 9033837 -2613094 -11702188 , -10066312 15074812 -7169134 -7371713 7575755 -3401397 , -2694599 7169134 -15074812 7371713 3767737 -7499057 , 2111281 -2196705 -11002330 9224567 2982774 -9468204 , 36668978 1904378 -1904378 0 -1841063 -3745441 , 3.2050504579168512e-11 , 9
2.164818737935894 , -16850433 -13195888 -21914808 -9033837 -24898076 -24527902 , -48031 14143679 -14143679 0 11504476 -2639203 , -3767737 7499057 -2694599 3401397 -7575755 7371713 , 6425774 -16048057 16048057 0 -9663413 6384644 , -7816596 21914808 13195888 9033837 -2613094 -11702188 , -2982774 9468204 2111281 -5179479 -1534126 9224567 , 2196705 -2111281 -9468204 5179479 7113286 -11002330 , -7169134 2694599 -7499057 -3401397 10066312 -15074812 , 36668978 1904378 -1904378 0 -1841063 -3745441 , 3.205050458023657e-11 , 10
2.164818737935894 , -16850433 -13195888 -21914808 -9033837 -24898076 -24527902 , -48031 14143679 -14143679 0 11504476 -2639203 , 3767737 -7499057 2694599 -3401397 7575755 -7371713 , 6425774 -16048057 16048057 0 -9663413 6384644 , -7816596 21914808 13195888 9033837 -2613094 -11702188 , 2982774 -9468204 -2111281 5179479 1534126 -9224567 , -2196705 2111281 9468204 -5179479 -7113286 11002330 , 7169134 -2694599 7499057 3401397 -10066312 15074812 , 36668978 1904378 -1904378 0 -1841063 -3745441 , 3.205050458023657e-11 , 11
2.164818737935894 , -16850433 -13195888 -21914808 -9033837 -24898076 -24527902 , 6425774 -16048057 16048057 0 -9663413 6384644 , -2196705 2111281 9468204 -5179479 -7113286 11002330 , -48031 14143679 -14143679 0 11504476 -2639203 , -7816596 21914808 13195888 9033837 -2613094 -11702188 , 7169134 -2694599 7499057 3401397 -10066312 15074812 , 3767737 -7499057 2694599 -3401397 7575755 -7371713 , 2982774 -9468204 -2111281 5179479 1534126 -9224567 , 36668978 1904378 -1904378 0 -1841063 -3745441 , 3.2050504580339179e-11 , 12
2.164818737935894 , -16850433 -13195888 -21914808 -9033837 -24898076 -24527902 , 6425774 -16048057 16048057 0 -9663413 6384644 , 2196705 -2111281 -9468204 5179479 7113286 -11002330 , -48031 14143679 -14143679 0 11504476 -2639203 , -7816596 21914808 13195888 9033837 -2613094 -11702188 , -7169134 2694599 -7499057 -3401397 10066312 -15074812 , -3767737 7499057 -2694599 3401397 -7575755 7371713 , -2982774 9468204 2111281 -5179479 -1534126 9224567 , 36668978 1904378 -1904378 0 -1841063 -3745441 , 3.2050504580339179e-11 , 13
2.164818737935894 , -16850433 -13195888 -21914808 -9033837 -24898076 -24527902 , -48031 14143679 -14143679 0 11504476 -2639203 , 2694599 -7169134 15074812 -7371713 -3767737 7499057 , 6425774 -16048057 16048057 0 -9663413 6384644 , -7816596 21914808 13195888 9033837 -2613094 -11702188 , -2111281 2196705 11002330 -9224567 -2982774 9468204 , 7113286 -11002330 -2196705 9224567 -1534126 -5179479 , 10066312 -15074812 7169134 7371713 -7575755 3401397 , 36668978 1904378 -1904378 0 -1841063 -3745441 , 3.2050504581476876e-11 , 14
2.164818737935894 , -16850433 -13195888 -21914808 -9033837 -24898076 -24527902 , -48031 14143679 -14143679 0 11504476 -2639203 , -2694599 7169134 -15074812 7371713 3767737 -7499057 , 6425774 -16048057 16048057 0 -9663413 6384644 , -7816596 21914808 13195888 9033837 -2613094 -11702188 , 2111281 -2196705 -11002330 9224567 2982774 -9468204 , -7113286 11002330 2196705 -9224567 1534126 5179479 , -10066312 15074812 -7169134 -7371713 7575755 -3401397 , 36668978 1904378 -1904378 0 -1841063 -3745441 , 3.2050504581476876e-11 , 15
2.164818737935894 , -16850433 -13195888 -21914808 -9033837 -24898076 -24527902 , -48031 14143679 -14143679 0 11504476 -2639203 , -3401397 7575755 -7371713 -7169134 15074812 -10066312 , 6425774 -16048057 16048057 0 -9663413 6384644 , -7816596 21914808 13195888 9033837 -2613094 -11702188 , 5179479 1534126 -9224567 2196705 11002330 -7113286 , 2982774 9224567 -1534126 -2196705 2111281 9468204 , 3767737 7371713 -7575755 7169134 -2694599 7499057 , 36668978 1904378 -1904378 0 -1841063 -3745441 , 3.2050504581974496e-11 , 16
2.164818737935894 , -16850433 -13195888 -21914808 -9033837 -24898076 -24527902 , -48031 14143679 -14143679 0 11504476 -2639203 , 3401397 -7575755 7371713 7169134 -15074812 10066312 , 6425774 -16048057 16048057 0 -9663413 6384644 , -7816596 21914808 13195888 9033837 -2613094 -11702188 , -5179479 -1534126 9224567 -2196705 -11002330 7113286 , -2982774 -9224567 1534126 2196705 -2111281 -9468204 , -3767737 -7371713 7575755 -7169134 2694599 -7499057 , 36668978 1904378 -1904378 0 -1841063 -3745441 , 3.2050504581974496e-11 , 17
2.164818737935894 , -16850433 -13195888 -21914808 -9033837 -24898076 -24527902 , -48031 14143679 -14143679 0 11504476 -2639203 , -7575755 7371713 3767737 -15074812 10066312 -3401397 , 6425774 -16048057 16048057 0 -9663413 6384644 , -7816596 21914808 13195888 9033837 -2613094 -11702188 , -1534126 9224567 2982774 -11002330 7113286 5179479 , 9468204 -2982774 -9224567 11002330 2196705 -2111281 , 7499057 -3767737 -7371713 15074812 -7169134 2694599 , 36668978 1904378 -1904378 0 -1841063 -3745441 , 3.2050504582344614e-11 , 18
2.164818737935894 , -16850433 -13195888 -21914808 -9033837 -24898076 -24527902 , -48031 14143679 -14143679 0 11504476 -2639203 , 7575755 -7371713 -3767737 15074812 -10066312 3401397 , 6425774 -16048057 16048057 0 -9663413 6384644 , -7816596 21914808 13195888 9033837 -2613094 -11702188 , 1534126 -9224567 -2982774 11002330 -7113286 -5179479 , -9468204 2982774 9224567 -11002330 -2196705 2111281 , -7499057 3767737 7371713 -15074812 7169134 -2694599 , 36668978 1904378 -1904378 0 -1841063 -3745441 , 3.2050504582344614e-11 , 19
2.164818737935894 , -16850433 -13195888 -21914808 -9033837 -24898076 -24527902 , 6425774 -16048057 16048057 0 -9663413 6384644 , -11002330 -2196705 2111281 -1534126 -5179479 -7113286 , -48031 14143679 -14143679 0 11504476 -2639203 , -7816596 21914808 13195888 9033837 -2613094 -11702188 , -15074812 7169134 -2694599 -7575755 3401397 -10066312 , -7499057 2694599 -7169134 7575755 -7371713 -3767737 , -9468204 -2111281 2196705 1534126 -9224567 -2982774 , 36668978 1904378 -1904378 0 -1841063 -3745441 , 3.2050504583594225e-11 , 20
2.164818737935894 , -16850433 -13195888 -21914808 -9033837 -24898076 -24527902 , 6425774 -16048057 16048057 0 -9663413 6384644 , 11002330 2196705 -2111281 1534126 5179479 7113286 , -48031 14143679 -14143679 0 11504476 -2639203 , -7816596 21914808 13195888 9033837 -2613094 -11702188 , 15074812 -7169134 2694599 7575755 -3401397 10066312 , 7499057 -2694599 7169134 -7575755 7371713 3767737 , 9468204 2111281 -2196705 -1534126 9224567 2982774 , 36668978 1904378 -1904378 0 -1841063 -3745441 , 3.2050504583594225e-11 , 21
2.164818737935894 , -16850433 -13195888 -21914808 -9033837 -24898076 -24527902 , -48031 14143679 -14143679 0 11504476 -2639203 , -15074812 10066312 -3401397 -7499057 2694599 -7169134 , 6425774 -16048057 16048057 0 -9663413 6384644 , -7816596 21914808 13195888 9033837 -2613094 -11702188 , -11002330 7113286 5179479 -9468204 -2111281 2196705 , -1534126 -5179479 -7113286 9468204 -2982774 -9224567 , -7575755 3401397 -10066312 7499057 -3767737 -7371713 , 36668978 1904378 -1904378 0 -1841063 -3745441 , 3.2050504588883302e-11 , 22
2.164818737935894 , -16850433 -13195888 -21914808 -9033837 -24898076 -24527902 , -48031 14143679 -14143679 0 11504476 -2639203 , 15074812 -10066312 3401397 7499057 -2694599 7169134 , 6425774 -16048057 16048057 0 -9663413 6384644 , -7816596 21914808 13195888 9033837 -2613094 -11702188 , 11002330 -7113286 -5179479 9468204 2111281 -2196705 , 1534126 5179479 7113286 -9468204 2982774 9224567 , 7575755 -3401397 10066312 -7499057 3767737 7371713 , 36668978 1904378 -1904378 0 -1841063 -3745441 , 3.2050504588883302e-11 , 23
2.164818737935894 , -16850433 -13195888 -21914808 -9033837 -24898076 -24527902 , 6425774 -16048057 16048057 0 -9663413 6384644 , 1534126 5179479 7113286 -9468204 2982774 9224567 , -48031 14143679 -14143679 0 11504476 -2639203 , -7816596 21914808 13195888 9033837 -2613094 -11702188 , 7575755 -3401397 10066312 -7499057 3767737 7371713 , 15074812 -10066312 3401397 7499057 -2694599 7169134 , 11002330 -7113286 -5179479 9468204 2111281 -2196705 , 36668978 1904378 -1904378 0 -1841063 -3745441 , 3.2050504589652748e-11 , 24
2.164818737935894 , -16850433 -13195888 -21914808 -9033837 -24898076 -24527902 , 6425774 -16048057 16048057 0 -9663413 6384644 , -1534126 -5179479 -7113286 9468204 -2982774 -9224567 , -48031 14143679 -14143679 0 11504476 -2639203 , -7816596 21914808 13195888 9033837 -2613094 -11702188 , -7575755 3401397 -10066312 7499057 -3767737 -7371713 , -15074812 10066312 -3401397 -7499057 2694599 -7169134 , -11002330 7113286 5179479 -9468204 -2111281 2196705 , 36668978 1904378 -1904378 0 -1841063 -3745441 , 3.2050504589652748e-11 , 25
2.164818737935894 , -16850433 -13195888 -21914808 -9033837 -24898076 -24527902 , -48031 14143679 -14143679 0 11504476 -2639203 , -7169134 15074812 -10066312 -3767737 7499057 -2694599 , 6425774 -16048057 16048057 0 -9663413 6384644 , -7816596 21914808 13195888 9033837 -2613094 -11702188 , 2196705 11002330 -7113286 -2982774 9468204 2111281 , 5179479 7113286 -11002330 2982774 9224567 -1534126 , -3401397 10066312 -15074812 3767737 7371713 -7575755 , 36668978 1904378 -1904378 0 -1841063 -3745441 , 3.2050504593120083e-11 , 26
2.164818737935894 , -16850433 -13195888 -21914808 -9033837 -24898076 -24527902 , -48031 14143679 -14143679 0 11504476 -2639203 , 7169134 -15074812 10066312 3767737 -7499057 2694599 , 6425774 -16048057 16048057 0 -9663413 6384644 , -7816596 21914808 13195888 9033837 -2613094 -11702188 , -2196705 -11002330 7113286 2982774 -9468204 -2111281 , -5179479 -7113286 11002330 -2982774 -9224567 1534126 , 3401397 -10066312 15074812 -3767737 -7371713 7575755 , 36668978 1904378 -1904378 0 -1841063 -3745441 , 3.2050504593120083e-11 , 27
2.164818737935894 , -16850433 -13195888 -21914808 -9033837 -24898076 -24527902 , 6425774 -16048057 16048057 0 -9663413 6384644 , 2982774 9224567 -1534126 -2196705 2111281 9468204 , -48031 14143679 -14143679 0 11504476 -2639203 , -7816596 21914808 13195888 9033837 -2613094 -11702188 , 3767737 7371713 -7575755 7169134 -2694599 7499057 , -3401397 7575755 -7371713 -7169134 15074812 -10066312 , 5179479 1534126 -9224567 2196705 11002330 -7113286 , 36668978 1904378 -1904378 0 -1841063 -3745441 , 3.2050504593697558e-11 , 28
2.164818737935894 , -16850433 -13195888 -21914808 -9033837 -24898076 -24527902 , 6425774 -16048057 16048057 0 -9663413 6384644 , -2982774 -9224567 1534126 2196705 -2111281 -9468204 , -48031 14143679 -14143679 0 11504476 -2639203 , -7816596 21914808 13195888 9033837 -2613094 -11702188 , -3767737 -7371713 7575755 -7169134 2694599 -7499057 , 3401397 -7575755 7371713 7169134 -15074812 10066312 , -5179479 -1534126 9224567 -2196705 -11002330 7113286 , 36668978 1904378 -1904378 0 -1841063 -3745441 , 3.2050504593697558e-11 , 29
2.164818737935894 , -16850433 -13195888 -21914808 -9033837 -24898076 -24527902 , 6425774 -16048057 16048057 0 -9663413 6384644 , -9224567 1534126 5179479 -2111281 -9468204 2982774 , -48031 14143679 -14143679 0 11504476 -2639203 , -7816596 21914808 13195888 9033837 -2613094 -11702188 , -7371713 7575755 -3401397 2694599 -7499057 3767737 , -10066312 3401397 -7575755 -2694599 7169134 -15074812 , -7113286 -5179479 -1534126 2111281 -2196705 -11002330 , 36668978 1904378 -1904378 0 -1841063 -3745441 , 3.2050504595706987e-11 , 30
2.164818737935894 , -16850433 -13195888 -21914808 -9033837 -24898076 -24527902 , 6425774 -16048057 16048057 0 -9663413 6384644 , 9224567 -1534126 -5179479 2111281 9468204 -2982774 , -48031 14143679 -14143679 0 11504476 -2639203 , -7816596 21914808 13195888 9033837 -2613094 -11702188 , 7371713 -7575755 3401397 -2694599 7499057 -3767737 , 10066312 -3401397 7575755 2694599 -7169134 15074812 , 7113286 5179479 1534126 -2111281 2196705 11002330 , 36668978 1904378 -1904378 0 -1841063 -3745441 , 3.2050504595706987e-11 , 31
2.164818737935894 , -16850433 -13195888 -21914808 -9033837 -24898076 -24527902 , 6425774 -16048057 16048057 0 -9663413 6384644 , 5179479 7113286 -11002330 2982774 9224567 -1534126 , -48031 14143679 -14143679 0 11504476 -2639203 , -7816596 21914808 13195888 9033837 -2613094 -11702188 , -3401397 10066312 -15074812 3767737 7371713 -7575755 , -7169134 15074812 -10066312 -3767737 7499057 -2694599 , 2196705 11002330 -7113286 -2982774 9468204 2111281 , 36668978 1904378 -1904378 0 -1841063 -3745441 , 3.2050504596192968e-11 , 32
2.164818737935894 , -16850433 -13195888 -21914808 -9033837 -24898076 -24527902 , 6425774 -16048057 16048057 0 -9663413 6384644 , -5179479 -7113286 11002330 -2982774 -9224567 1534126 , -48031 14143679 -14143679 0 11504476 -2639203 , -7816596 21914808 13195888 9033837 -2613094 -11702188 , 3401397 -10066312 15074812 -3767737 -7371713 7575755 , 7169134 -15074812 10066312 3767737 -7499057 2694599 , -2196705 -11002330 7113286 2982774 -9468204 -2111281 , 36668978 1904378 -1904378 0 -1841063 -3745441 , 3.2050504596192968e-11 , 33
2.164818737935894 , -16850433 -13195888 -21914808 -9033837 -24898076 -24527902 , -48031 14143679 -14143679 0 11504476 -2639203 , -10066312 3401397 -7575755 -2694599 7169134 -15074812 , 6425774 -16048057 16048057 0 -9663413 6384644 , -7816596 21914808 13195888 9033837 -2613094 -11702188 , -7113286 -5179479 -1534126 2111281 -2196705 -11002330 , -9224567 1534126 5179479 -2111281 -9468204 2982774 , -7371713 7575755 -3401397 2694599 -7499057 3767737 , 36668978 1904378 -1904378 0 -1841063 -3745441 , 3.2050504613782182e-11 , 34
2.164818737935894 , -16850433 -13195888 -21914808 -9033837 -24898076 -24527902 , -48031 14143679 -14143679 0 11504476 -2639203 , 10066312 -3401397 7575755 2694599 -7169134 15074812 , 6425774 -16048057 16048057 0 -9663413 6384644 , -7816596 21914808 13195888 9033837 -2613094 -11702188 , 7113286 5179479 1534126 -2111281 2196705 11002330 , 9224567 -1534126 -5179479 2111281 9468204 -2982774 , 7371713 -7575755 3401397 -2694599 7499057 -3767737 , 36668978 1904378 -1904378 0 -1841063 -3745441 , 3.2050504613782182e-11 , 35
2.2732557080733145 , -11008527 -5155550 -7294660 -30413106 -13417100 -6936287 , 4153338 -21340868 21340868 0 -15187290 6153578 , -11082259 3782632 6880265 -6921049 -6575537 2819708 , 2224405 19436490 -19436490 0 17028353 -2408137 , 19404579 7294660 5155550 30413106 358373 -8261550 , 3780694 -4956241 -1056622 12112916 -12485655 5828217 , -8332222 1056622 4956241 -12112916 6884839 -7529414 , -4161210 -6880265 -3782632 6921049 -4060557 -10358169 , 36668978 1904378 -1904378 0 -1841063 -3745441 , 3.2050504574564877e-11 , 0
2.2732557080733145 , -11008527 -5155550 -7294660 -30413106 -13417100 -6936287 , 4153338 -21340868 21340868 0 -15187290 6153578 , 11082259 -3782632 -6880265 6921049 6575537 -2819708 , 2224405 19436490 -19436490 0 17028353 -2408137 , 19404579 7294660 5155550 30413106 358373 -8261550 , -3780694 4956241 1056622 -12112916 12485655 -5828217 , 8332222 -1056622 -4956241 12112916 -6884839 7529414 , 4161210 6880265 3782632 -6921049 4060557 10358169 , 36668978 1904378 -1904378 0 -1841063 -3745441 , 3.2050504574564877e-11 , 1
2.2732557080733145 , -11008527 -5155550 -7294660 -30413106 -13417100 -6936287 , 2224405 19436490 -19436490 0 17028353 -2408137 , 1056622 4956241 -3780694 6884839 -7529414 8332222 , 4153338 -21340868 21340868 0 -15187290 6153578 , 19404579 7294660 5155550 30413106 358373 -8261550 , -6880265 -3782632 11082259 -4060557 -10358169 4161210 , -2819708 -11082259 3782632 4060557 -6921049 -6575537 , -5828217 3780694 -4956241 -6884839 12112916 -12485655 , 36668978 1904378 -1904378 0 -1841063 -3745441 , 3.2050504578993692e-11 , 2
2.2732557080733145 , -11008527 -5155550 -7294660 -30413106 -13417100 -6936287 , 2224405 19436490 -19436490 0 17028353 -2408137 , -1056622 -4956241 3780694 -6884839 7529414 -8332222 , 4153338 -21340868 21340868 0 -15187290 6153578 , 19404579 7294660 5155550 30413106 358373 -8261550 , 6880265 3782632 -11082259 4060557 10358169 -4161210 , 2819708 11082259 -3782632 -4060557 6921049 6575537 , 5828217 -3780694 4956241 6884839 -12112916 12485655 , 36668978 1904378 -1904378 0 -1841063 -3745441 , 3.2050504578993692e-11 , 3
2.2732557080733145 , -11008527 -5155550 -7294660 -30413106 -13417100 -6936287 , 4153338 -21340868 21340868 0 -15187290 6153578 , -2819708 -11082259 3782632 4060557 -6921049 -6575537 , 2224405 19436490 -19436490 0 17028353 -2408137 , 19404579 7294660 5155550 30413106 358373 -8261550 , -5828217 3780694 -4956241 -6884839 12112916 -12485655 , 1056622 4956241 -3780694 6884839 -7529414 8332222 , -6880265 -3782632 11082259 -4060557 -10358169 4161210 , 36668978 1904378 -1904378 0 -1841063 -3745441 , 3.2050504579370202e-11 , 4
2.2732557080733145 , -11008527 -5155550 -7294660 -30413106 -13417100 -6936287 , 4153338 -21340868 21340868 0 -15187290 6153578 , 2819708 11082259 -3782632 -4060557 6921049 6575537 , 2224405 19436490 -19436490 0 17028353 -2408137 , 19404579 7294660 5155550 30413106 358373 -8261550 , 5828217 -3780694 4956241 6884839 -12112916 12485655 , -1056622 -4956241 3780694 -6884839 7529414 -8332222 , 6880265 3782632 -11082259 4060557 10358169 -4161210 , 36668978 1904378 -1904378 0 -1841063 -3745441 , 3.2050504579370202e-11 , 5
2.2732557080733145 , -11008527 -5155550 -7294660 -30413106 -13417100 -6936287 , 2224405 19436490 -19436490 0 17028353 -2408137 , -3780694 5828217 -12485655 8332222 -1056622 -4956241 , 4153338 -21340868 21340868 0 -15187290 6153578 , 19404579 7294660 5155550 30413106 358373 -8261550 , 11082259 2819708 -6575537 4161210 6880265 3782632 , 6921049 6575537 -2819708 -4161210 10358169 4060557 , -12112916 12485655 -5828217 -8332222 7529414 -6884839 , 36668978 1904378 -1904378 0 -1841063 -3745441 , 3.2050504579757277e-11 , 6
2.2732557080733145 , -11008527 -5155550 -7294660 -30413106 -13417100 -6936287 , 2224405 19436490 -19436490 0 17028353 -2408137 , 3780694 -5828217 12485655 -8332222 1056622 4956241 , 4153338 -21340868 21340868 0 -15187290 6153578 , 19404579 7294660 5155550 30413106 358373 -8261550 , -11082259 -2819708 6575537 -4161210 -6880265 -3782632 , -6921049 -6575537 2819708 4161210 -10358169 -4060557 , 12112916 -12485655 5828217 8332222 -7529414 6884839 , 36668978 1904378 -1904378 0 -1841063 -3745441 , 3.2050504579757277e-11 , 7
2.2732557080733145 , -11008527 -5155550 -7294660 -30413106 -13417100 -6936287 , 2224405 19436490 -19436490 0 17028353 -2408137 , -8332222 1056622 4956241 -12112916 6884839 -7529414 , 4153338 -21340868 21340868 0 -15187290 6153578 , 19404579 7294660 5155550 30413106 358373 -8261550 , -4161210 -6880265 -3782632 6921049 -4060557 -10358169 , -11082259 3782632 6880265 -6921049 -6575537 2819708 , 3780694 -4956241 -1056622 12112916 -12485655 5828217 , 36668978 1904378 -1904378 0 -1841063 -3745441 , 3.2050504580036968e-11 , 8
2.2732557080733145 , -11008527 -5155550 -7294660 -30413106 -13417100 -6936287 , 2224405 19436490 -19436490 0 17028353 -2408137 , 8332222 -1056622 -4956241 12112916 -6884839 7529414 , 4153338 -21340868 21340868 0 -15187290 6153578 , 19404579 7294660 5155550 30413106 358373 -8261550 , 4161210 6880265 3782632 -6921049 4060557 10358169 , 11082259 -3782632 -6880265 6921049 6575537 -2819708 , -3780694 4956241 1056622 -12112916 12485655 -5828217 , 36668978 1904378 -1904378 0 -1841063 -3745441 , 3.2050504580036968e-11 , 9
2.2732557080733145 , -11008527 -5155550 -7294660 -30413106 -13417100 -6936287 , 2224405 19436490 -19436490 0 17028353 -2408137 , 4956241 -3780694 5828217 -7529414 8332222 -1056622 , 4153338 -21340868 21340868 0 -15187290 6153578 , 19404579 7294660 5155550 30413106 358373 -8261550 , -3782632 11082259 2819708 -10358169 4161210 6880265 , 6575537 -2819708 -11082259 10358169 4060557 -6921049 , 12485655 -5828217 3780694 7529414 -6884839 12112916 , 36668978 1904378 -1904378 0 -1841063 -3745441 , 3.2050504581288705e-11 , 10
2.2732557080733145 , -11008527 -5155550 -7294660 -30413106 -13417100 -6936287 , 2224405 19436490 -19436490 0 17028353 -2408137 , -4956241 3780694 -5828217 7529414 -8332222 1056622 , 4153338 -21340868 21340868 0 -15187290 6153578 , 19404579 7294660 5155550 30413106 358373 -8261550 , 3782632 -11082259 -2819708 10358169 -4161210 -6880265 , -6575537 2819708 11082259 -10358169 -4060557 6921049 , -12485655 5828217 -3780694 -7529414 6884839 -12112916 , 36668978 1904378 -1904378 0 -1841063 -3745441 , 3.2050504581288705e-11 , 11
2.2732557080733145 , -11008527 -5155550 -7294660 -30413106 -13417100 -6936287 , 4153338 -21340868 21340868 0 -15187290 6153578 , 4060557 -6921049 -6575537 6880265 4161210 -10358169 , 2224405 19436490 -19436490 0 17028353 -2408137 , 19404579 7294660 5155550 30413106 358373 -8261550 , -6884839 12112916 -12485655 -1056622 8332222 -7529414 , -5828217 12485655 -12112916 1056622 4956241 -3780694 , -2819708 6575537 6921049 -6880265 -3782632 11082259 , 36668978 1904378 -1904378 0 -1841063 -3745441 , 3.2050504587060616e-11 , 12
2.2732557080733145 , -11008527 -5155550 -7294660 -30413106 -13417100 -6936287 , 4153338 -21340868 21340868 0 -15187290 6153578 , -4060557 6921049 6575537 -6880265 -4161210 10358169 , 2224405 19436490 -19436490 0 17028353 -2408137 , 19404579 7294660 5155550 30413106 358373 -8261550 , 6884839 -12112916 12485655 1056622 -8332222 7529414 , 5828217 -12485655 12112916 -1056622 -4956241 3780694 , 2819708 -6575537 -6921049 6880265 3782632 -11082259 , 36668978 1904378 -1904378 0 -1841063 -3745441 , 3.2050504587060616e-11 , 13
2.2732557080733145 , -11008527 -5155550 -7294660 -30413106 -13417100 -6936287 , 2224405 19436490 -19436490 0 17028353 -2408137 , -12112916 6884839 -7529414 -3780694 5828217 -12485655 , 4153338 -21340868 21340868 0 -15187290 6153578 , 19404579 7294660 5155550 30413106 358373 -8261550 , 6921049 -4060557 -10358169 11082259 2819708 -6575537 , -4161210 10358169 4060557 -11082259 3782632 6880265 , -8332222 7529414 -6884839 3780694 -4956241 -1056622 , 36668978 1904378 -1904378 0 -1841063 -3745441 , 3.2050504587251701e-11 , 14
2.2732557080733145 , -11008527 -5155550 -7294660 -30413106 -13417100 -6936287 , 2224405 19436490 -19436490 0 17028353 -2408137 , 12112916 -6884839 7529414 3780694 -5828217 12485655 , 4153338 -21340868 21340868 0 -15187290 6153578 , 19404579 7294660 5155550 30413106 358373 -8261550 , -6921049 4060557 10358169 -11082259 -2819708 6575537 , 4161210 -10358169 -4060557 11082259 -3782632 -6880265 , 8332222 -7529414 6884839 -3780694 4956241 1056622 , 36668978 1904378 -1904378 0 -1841063 -3745441 , 3.2050504587251701e-11 , 15
2.2732557080733145 , -11008527 -5155550 -7294660 -30413106 -13417100 -6936287 , 4153338 -21340868 21340868 0 -15187290 6153578 , -4161210 10358169 4060557 -11082259 3782632 6880265 , 2224405 19436490 -19436490 0 17028353 -2408137 , 19404579 7294660 5155550 30413106 358373 -8261550 , -8332222 7529414 -6884839 3780694 -4956241 -1056622 , -12112916 6884839 -7529414 -3780694 5828217 -12485655 , 6921049 -4060557 -10358169 11082259 2819708 -6575537 , 36668978 1904378 -1904378 0 -1841063 -3745441 , 3.2050504588991818e-11 , 16
2.2732557080733145 , -11008527 -5155550 -7294660 -30413106 -13417100 -6936287 , 4153338 -21340868 21340868 0 -15187290 6153578 , 4161210 -10358169 -4060557 11082259 -3782632 -6880265 , 2224405 19436490 -19436490 0 17028353 -2408137 , 19404579 7294660 5155550 30413106 358373 -8261550 , 8332222 -7529414 6884839 -3780694 4956241 1056622 , 12112916 -6884839 7529414 3780694 -5828217 12485655 , -6921049 4060557 10358169 -11082259 -2819708 6575537 , 36668978 1904378 -1904378 0 -1841063 -3745441 , 3.2050504588991818e-11 , 17
2.2732557080733145 , -11008527 -5155550 -7294660 -30413106 -13417100 -6936287 , 4153338 -21340868 21340868 0 -15187290 6153578 , -6575537 2819708 11082259 -10358169 -4060557 6921049 , 2224405 19436490 -19436490 0 17028353 -2408137 , 19404579 7294660 5155550 30413106 358373 -8261550 , -12485655 5828217 -3780694 -7529414 6884839 -12112916 , -4956241 3780694 -5828217 7529414 -8332222 1056622 , 3782632 -11082259 -2819708 10358169 -4161210 -6880265 , 36668978 1904378 -1904378 0 -1841063 -3745441 , 3.2050504589574263e-11 , 18
2.2732557080733145 , -11008527 -5155550 -7294660 -30413106 -13417100 -6936287 , 4153338 -21340868 21340868 0 -15187290 6153578 , 6575537 -2819708 -11082259 10358169 4060557 -6921049 , 2224405 19436490 -19436490 0 17028353 -2408137 , 19404579 7294660 5155550 30413106 358373 -8261550 , 12485655 -5828217 3780694 7529414 -6884839 12112916 , 4956241 -3780694 5828217 -7529414 8332222 -1056622 , -3782632 11082259 2819708 -10358169 4161210 6880265 , 36668978 1904378 -1904378 0 -1841063 -3745441 , 3.2050504589574263e-11 , 19
2.2732557080733145 , -11008527 -5155550 -7294660 -30413106 -13417100 -6936287 , 4153338 -21340868 21340868 0 -15187290 6153578 , -6921049 -6575537 2819708 4161210 -10358169 -4060557 , 2224405 19436490 -19436490 0 17028353 -2408137 , 19404579 7294660 5155550 30413106 358373 -8261550 , 12112916 -12485655 5828217 8332222 -7529414 6884839 , 3780694 -5828217 12485655 -8332222 1056622 4956241 , -11082259 -2819708 6575537 -4161210 -6880265 -3782632 , 36668978 1904378 -1904378 0 -1841063 -3745441 , 3.2050504590430912e-11 , 20
2.2732557080733145 , -11008527 -5155550 -7294660 -30413106 -13417100 -6936287 , 4153338 -21340868 21340868 0 -15187290 6153578 , 6921049 6575537 -2819708 -4161210 10358169 4060557 , 2224405 19436490 -19436490 0 17028353 -2408137 , 19404579 7294660 5155550 30413106 358373 -8261550 , -12112916 12485655 -5828217 -8332222 7529414 -6884839 , -3780694 5828217 -12485655 8332222 -1056622 -4956241 , 11082259 2819708 -6575537 4161210 6880265 3782632 , 36668978 1904378 -1904378 0 -1841063 -3745441 , 3.2050504590430912e-11 , 21
2.2732557080733145 , -11008527 -5155550 -7294660 -30413106 -13417100 -6936287 , 2224405 19436490 -19436490 0 17028353 -2408137 , -5828217 12485655 -12112916 1056622 4956241 -3780694 , 4153338 -21340868 21340868 0 -15187290 6153578 , 19404579 7294660 5155550 30413106 358373 -8261550 , -2819708 6575537 6921049 -6880265 -3782632 11082259 , 4060557 -6921049 -6575537 6880265 4161210 -10358169 , -6884839 12112916 -12485655 -1056622 8332222 -7529414 , 36668978 1904378 -1904378 0 -1841063 -3745441 , 3.2050504590807131e-11 , 22
2.2732557080733145 , -11008527 -5155550 -7294660 -30413106 -13417100 -6936287 , 2224405 19436490 -19436490 0 17028353 -2408137 , 5828217 -12485655 12112916 -1056622 -4956241 3780694 , 4153338 -21340868 21340868 0 -15187290 6153578 , 19404579 7294660 5155550 30413106 358373 -8261550 , 2819708 -6575537 -6921049 6880265 3782632 -11082259 , -4060557 6921049 6575537 -6880265 -4161210 10358169 , 6884839 -12112916 12485655 1056622 -8332222 7529414 , 36668978 1904378 -1904378 0 -1841063 -3745441 , 3.2050504590807131e-11 , 23
2.2732557080733145 , -11008527 -5155550 -7294660 -30413106 -13417100 -6936287 , 2224405 19436490 -19436490 0 17028353 -2408137 , 6884839 -7529414 8332222 5828217 -12485655 12112916 , 4153338 -21340868 21340868 0 -15187290 6153578 , 19404579 7294660 5155550 30413106 358373 -8261550 , -4060557 -10358169 4161210 2819708 -6575537 -6921049 , -6880265 -4161210 10358169 -2819708 -11082259 3782632 , 1056622 -8332222 7529414 -5828217 3780694 -4956241 , 36668978 1904378 -1904378 0 -1841063 -3745441 , 3.205050459282295e-11 , 24
2.2732557080733145 , -11008527 -5155550 -7294660 -30413106 -13417100 -6936287 , 2224405 19436490 -19436490 0 17028353 -2408137 , -6884839 7529414 -8332222 -5828217 12485655 -12112916 , 4153338 -21340868 21340868 0 -15187290 6153578 , 19404579 7294660 5155550 30413106 358373 -8261550 , 4060557 10358169 -4161210 -2819708 6575537 6921049 , 6880265 4161210 -10358169 2819708 11082259 -3782632 , -1056622 8332222 -7529414 5828217 -3780694 4956241 , 36668978 1904378 -1904378 0 -1841063 -3745441 , 3.205050459282295e-11 , 25
2.2732557080733145 , -11008527 -5155550 -7294660 -30413106 -13417100 -6936287 , 4153338 -21340868 21340868 0 -15187290 6153578 , -6880265 -4161210 10358169 -2819708 -11082259 3782632 , 2224405 19436490 -19436490 0 17028353 -2408137 , 19404579 7294660 5155550 30413106 358373 -8261550 , 1056622 -8332222 7529414 -5828217 3780694 -4956241 , 6884839 -7529414 8332222 5828217 -12485655 12112916 , -4060557 -10358169 4161210 2819708 -6575537 -6921049 , 36668978 1904378 -1904378 0 -1841063 -3745441 , 3.2050504594370566e-11 , 26
2.2732557080733145 , -11008527 -5155550 -7294660 -30413106 -13417100 -6936287 , 4153338 -21340868 21340868 0 -15187290 6153578 , 6880265 4161210 -10358169 2819708 11082259 -3782632 , 2224405 19436490 -19436490 0 17028353 -2408137 , 19404579 7294660 5155550 30413106 358373 -8261550 , -1056622 8332222 -7529414 5828217 -3780694 4956241 , -6884839 7529414 -8332222 -5828217 12485655 -12112916 , 4060557 10358169 -4161210 -2819708 6575537 6921049 , 36668978 1904378 -1904378 0 -1841063 -3745441 , 3.2050504594370566e-11 , 27
2.2732557080733145 , -11008527 -5155550 -7294660 -30413106 -13417100 -6936287 , 4153338 -21340868 21340868 0 -15187290 6153578 , -3782632 -6880265 -4161210 6575537 -2819708 -11082259 , 2224405 19436490 -19436490 0 17028353 -2408137 , 19404579 7294660 5155550 30413106 358373 -8261550 , 4956241 1056622 -8332222 12485655 -5828217 3780694 , -7529414 8332222 -1056622 -12485655 12112916 -6884839 , -10358169 4161210 6880265 -6575537 -6921049 4060557 , 36668978 1904378 -1904378 0 -1841063 -3745441 , 3.2050504595237865e-11 , 28
2.2732557080733145 , -11008527 -5155550 -7294660 -30413106 -13417100 -6936287 , 4153338 -21340868 21340868 0 -15187290 6153578 , 3782632 6880265 4161210 -6575537 2819708 11082259 , 2224405 19436490 -19436490 0 17028353 -2408137 , 19404579 7294660 5155550 30413106 358373 -8261550 , -4956241 -1056622 8332222 -12485655 5828217 -3780694 , 7529414 -8332222 1056622 12485655 -12112916 6884839 , 10358169 -4161210 -6880265 6575537 6921049 -4060557 , 36668978 1904378 -1904378 0 -1841063 -3745441 , 3.2050504595237865e-11 , 29
2.2732557080733145 , -11008527 -5155550 -7294660 -30413106 -13417100 -6936287 , 2224405 19436490 -19436490 0 17028353 -2408137 , -7529414 8332222 -1056622 -12485655 12112916 -6884839 , 4153338 -21340868 21340868 0 -15187290 6153578 , 19404579 7294660 5155550 30413106 358373 -8261550 , -10358169 4161210 6880265 -6575537 -6921049 4060557 , -3782632 -6880265 -4161210 6575537 -2819708 -11082259 , 4956241 1056622 -8332222 12485655 -5828217 3780694 , 36668978 1904378 -1904378 0 -1841063 -3745441 , 3.2050504599477664e-11 , 30
2.2732557080733145 , -11008527 -5155550 -7294660 -30413106 -13417100 -6936287 , 2224405 19436490 -19436490 0 17028353 -2408137 , 7529414 -8332222 1056622 12485655 -12112916 6884839 , 4153338 -21340868 21340868 0 -15187290 6153578 , 19404579 7294660 5155550 30413106 358373 -8261550 , 10358169 -4161210 -6880265 6575537 6921049 -4060557 , 3782632 6880265 4161210 -6575537 2819708 11082259 , -4956241 -1056622 8332222 -12485655 5828217 -3780694 , 36668978 1904378 -1904378 0 -1841063 -3745441 , 3.2050504599477664e-11 , 31
2.2732557080733145 , -11008527 -5155550 -7294660 -30413106 -13417100 -6936287 , 4153338 -21340868 21340868 0 -15187290 6153578 , -10358169 -4060557 6921049 -3782632 -6880265 -4161210 , 2224405 19436490 -19436490 0 17028353 -2408137 , 19404579 7294660 5155550 30413106 358373 -8261550 , -7529414 6884839 -12112916 4956241 1056622 -8332222 , -12485655 12112916 -6884839 -4956241 3780694 -5828217 , -6575537 -6921049 4060557 3782632 -11082259 -2819708 , 36668978 1904378 -1904378 0 -1841063 -3745441 , 3.2050504605805311e-11 , 32
2.2732557080733145 , -11008527 -5155550 -7294660 -30413106 -13417100 -6936287 , 4153338 -21340868 21340868 0 -15187290 6153578 , 10358169 4060557 -6921049 3782632 6880265 4161210 , 2224405 19436490 -19436490 0 17028353 -2408137 , 19404579 7294660 5155550 30413106 358373 -8261550 , 7529414 -6884839 12112916 -4956241 -1056622 8332222 , 12485655 -12112916 6884839 4956241 -3780694 5828217 , 6575537 6921049 -4060557 -3782632 11082259 2819708 , 36668978 1904378 -1904378 0 -1841063 -3745441 , 3.2050504605805311e-11 , 33
2.2732557080733145 , -11008527 -5155550 -7294660 -30413106 -13417100 -6936287 , 2224405 19436490 -19436490 0 17028353 -2408137 , -12485655 12112916 -6884839 -4956241 3780694 -5828217 , 4153338 -21340868 21340868 0 -15187290 6153578 , 19404579 7294660 5155550 30413106 358373 -8261550 , -6575537 -6921049 4060557 3782632 -11082259 -2819708 , -10358169 -4060557 6921049 -3782632 -6880265 -4161210 , -7529414 6884839 -12112916 4956241 1056622 -8332222 , 36668978 1904378 -1904378 0 -1841063 -3745441 , 3.2050504607441002e-11 , 34
2.2732557080733145 , -11008527 -5155550 -7294660 -30413106 -13417100 -6936287 , 2224405 19436490 -19436490 0 17028353 -2408137 , 12485655 -12112916 6884839 4956241 -3780694 5828217 , 4153338 -21340868 21340868 0 -15187290 6153578 , 19404579 7294660 5155550 30413106 358373 -8261550 , 6575537 6921049 -4060557 -3782632 11082259 2819708 , 10358169 4060557 -6921049 3782632 6880265 4161210 , 7529414 -6884839 12112916 -4956241 -1056622 8332222 , 36668978 1904378 -1904378 0 -1841063 -3745441 , 3.2050504607441002e-11 , 35
2.3832755232378533 , -11893998 7843852 -21804578 -25578496 -8875022 -4763058 , 15344297 -6929036 6929036 0 2515928 9444964 , -3208298 -4975246 -10958638 13027234 -4254174 -12172604 , 2997693 4961343 -4961343 0 5639563 678220 , 13684498 21804578 -7843852 25578496 17041520 -16718874 , 3790981 17120014 -19858412 7141656 8721284 1799675 , -3350675 19858412 -17120014 -7141656 21658087 -8398730 , -16235532 10958638 4975246 -13027234 -1213966 721072 , 24704731 1967693 -1967693 0 -8155491 -10123184 , 1.1130652979846984e-11 , 0
2.3832755232378533 , -11893998 7843852 -21804578 -25578496 -8875022 -4763058 , 15344297 -6929036 6929036 0 2515928 9444964 , 3208298 4975246 10958638 -13027234 4254174 12172604 , 2997693 4961343 -4961343 0 5639563 678220 , 13684498 21804578 -7843852 25578496 17041520 -16718874 , -3790981 -17120014 19858412 -7141656 -8721284 -1799675 , 3350675 -19858412 17120014 7141656 -21658087 8398730 , 16235532 -10958638 -4975246 13027234 1213966 -721072 , 24704731 1967693 -1967693 0 -8155491 -10123184 , 1.1130652979846984e-11 , 1
2.3832755232378533 , -11893998 7843852 -21804578 -25578496 -8875022 -4763058 , 15344297 -6929036 6929036 0 2515928 9444964 , -721072 1213966 13027234 -4975246 -10958638 16235532 , 2997693 4961343 -4961343 0 5639563 678220 , 13684498 21804578 -7843852 25578496 17041520 -16718874 , 8398730 -21658087 7141656 17120014 -19858412 3350675 , -8721284 -7141656 21658087 -17120014 -3790981 1799675 , 4254174 -13027234 -1213966 4975246 3208298 -12172604 , 24704731 1967693 -1967693 0 -8155491 -10123184 , 1.1130652981802455e-11 , 2
2.3832755232378533 , -11893998 7843852 -21804578 -25578496 -8875022 -4763058 , 15344297 -6929036 6929036 0 2515928 9444964 , 721072 -1213966 -13027234 4975246 10958638 -16235532 , 2997693 4961343 -4961343 0 5639563 678220 , 13684498 21804578 -7843852 25578496 17041520 -16718874 , -8398730 21658087 -7141656 -17120014 19858412 -3350675 , 8721284 7141656 -21658087 17120014 3790981 -1799675 , -4254174 13027234 1213966 -4975246 -3208298 12172604 , 24704731 1967693 -1967693 0 -8155491 -10123184 , 1.1130652981802455e-11 , 3
2.3832755232378533 , -11893998 7843852 -21804578 -25578496 -8875022 -4763058 , 15344297 -6929036 6929036 0 2515928 9444964 , -4975246 -10958638 16235532 -4254174 -12172604 3208298 , 2997693 4961343 -4961343 0 5639563 678220 , 13684498 21804578 -7843852 25578496 17041520 -16718874 , 17120014 -19858412 3350675 8721284 1799675 -3790981 , 8398730 -3350675 19858412 -8721284 -7141656 21658087 , -721072 -16235532 10958638 4254174 -13027234 -1213966 , 24704731 1967693 -1967693 0 -8155491 -10123184 , 1.1130652982061624e-11 , 4
2.3832755232378533 , -11893998 7843852 -21804578 -25578496 -8875022 -4763058 , 15344297 -6929036 6929036 0 2515928 9444964 , 4975246 10958638 -16235532 4254174 12172604 -3208298 , 2997693 4961343 -4961343 0 5639563 678220 , 13684498 21804578 -7843852 25578496 17041520 -16718874 , -17120014 19858412 -3350675 -8721284 -1799675 3790981 , -8398730 3350675 -19858412 8721284 7141656 -21658087 , 721072 16235532 -10958638 -4254174 13027234 1213966 , 24704731 1967693 -1967693 0 -8155491 -10123184 , 1.1130652982061624e-11 , 5
2.3832755232378533 , -11893998 7843852 -21804578 -25578496 -8875022 -4763058 , 2997693 4961343 -4961343 0 5639563 678220 , -19858412 17120014 3790981 -21658087 8398730 -3350675 , 15344297 -6929036 6929036 0 2515928 9444964 , 13684498 21804578 -7843852 25578496 17041520 -16718874 , -10958638 -4975246 -3208298 1213966 -721072 -16235532 , -12172604 3208298 4975246 -1213966 -13027234 4254174 , 1799675 -3790981 -17120014 21658087 -7141656 -8721284 , 24704731 1967693 -1967693 0 -8155491 -10123184 , 1.1130652982079596e-11 , 6
2.3832755232378533 , -11893998 7843852 -21804578 -25578496 -8875022 -4763058 , 2997693 4961343 -4961343 0 5639563 678220 , 19858412 -17120014 -3790981 21658087 -8398730 3350675 , 15344297 -6929036 6929036 0 2515928 9444964 , 13684498 21804578 -7843852 25578496 17041520 -16718874 , 10958638 4975246 3208298 -1213966 721072 16235532 , 12172604 -3208298 -4975246 1213966 13027234 -4254174 , -1799675 3790981 17120014 -21658087 7141656 8721284 , 24704731 1967693 -1967693 0 -8155491 -10123184 , 1.1130652982079596e-11 , 7
2.3832755232378533 , -11893998 7843852 -21804578 -25578496 -8875022 -4763058 , 2997693 4961343 -4961343 0 5639563 678220 , -7141656 21658087 -8398730 -3790981 1799675 8721284 , 15344297 -6929036 6929036 0 2515928 9444964 , 13684498 21804578 -7843852 25578496 17041520 -16718874 , -13027234 -1213966 721072 3208298 -12172604 -4254174 , -16235532 -721072 1213966 -3208298 -4975246 -10958638 , -3350675 8398730 -21658087 3790981 17120014 -19858412 , 24704731 1967693 -1967693 0 -8155491 -10123184 , 1.1130652986826711e-11 , 8
2.3832755232378533 , -11893998 7843852 -21804578 -25578496 -8875022 -4763058 , 2997693 4961343 -4961343 0 5639563 678220 , 7141656 -21658087 8398730 3790981 -1799675 -8721284 , 15344297 -6929036 6929036 0 2515928 9444964 , 13684498 21804578 -7843852 25578496 17041520 -16718874 , 13027234 1213966 -721072 -3208298 12172604 4254174 , 16235532 721072 -1213966 3208298 4975246 10958638 , 3350675 -8398730 21658087 -3790981 -17120014 19858412 , 24704731 1967693 -1967693 0 -8155491 -10123184 , 1.1130652986826711e-11 , 9
2.3832755232378533 , -11893998 7843852 -21804578 -25578496 -8875022 -4763058 , 2997693 4961343 -4961343 0 5639563 678220 , -1799675 -8721284 -7141656 19858412 -17120014 -3790981 , 15344297 -6929036 6929036 0 2515928 9444964 , 13684498 21804578 -7843852 25578496 17041520 -16718874 , 12172604 4254174 -13027234 10958638 4975246 3208298 , 1213966 13027234 -4254174 -10958638 16235532 721072 , -21658087 7141656 8721284 -19858412 3350675 -8398730 , 24704731 1967693 -1967693 0 -8155491 -10123184 , 1.1130652989871291e-11 , 10
2.3832755232378533 , -11893998 7843852 -21804578 -25578496 -8875022 -4763058 , 2997693 4961343 -4961343 0 5639563 678220 , 1799675 8721284 7141656 -19858412 17120014 3790981 , 15344297 -6929036 6929036 0 2515928 9444964 , 13684498 21804578 -7843852 25578496 17041520 -16718874 , -12172604 -4254174 13027234 -10958638 -4975246 -3208298 , -1213966 -13027234 4254174 10958638 -16235532 -721072 , 21658087 -7141656 -8721284 19858412 -3350675 8398730 , 24704731 1967693 -1967693 0 -8155491 -10123184 , 1.1130652989871291e-11 , 11
2.3832755232378533 , -11893998 7843852 -21804578 -25578496 -8875022 -4763058 , 2997693 4961343 -4961343 0 5639563 678220 , 17120014 3790981 -1799675 8398730 -3350675 19858412 , 15344297 -6929036 6929036 0 2515928 9444964 , 13684498 21804578 -7843852 25578496 17041520 -16718874 , -4975246 -3208298 12172604 -721072 -16235532 10958638 , -4254174 -12172604 3208298 721072 -1213966 -13027234 , 8721284 1799675 -3790981 -8398730 21658087 -7141656 , 24704731 1967693 -1967693 0 -8155491 -10123184 , 1.1130652997561499e-11 , 12
2.3832755232378533 , -11893998 7843852 -21804578 -25578496 -8875022 -4763058 , 2997693 4961343 -4961343 0 5639563 678220 , -17120014 -3790981 1799675 -8398730 3350675 -19858412 , 15344297 -6929036 6929036 0 2515928 9444964 , 13684498 21804578 -7843852 25578496 17041520 -16718874 , 4975246 3208298 -12172604 721072 16235532 -10958638 , 4254174 12172604 -3208298 -721072 1213966 13027234 , -8721284 -1799675 3790981 8398730 -21658087 7141656 , 24704731 1967693 -1967693 0 -8155491 -10123184 , 1.1130652997561499e-11 , 13
2.3832755232378533 , -11893998 7843852 -21804578 -25578496 -8875022 -4763058 , 2997693 4961343 -4961343 0 5639563 678220 , 8398730 -3350675 19858412 -8721284 -7141656 21658087 , 15344297 -6929036 6929036 0 2515928 9444964 , 13684498 21804578 -7843852 25578496 17041520 -16718874 , -721072 -16235532 10958638 4254174 -13027234 -1213966 , -4975246 -10958638 16235532 -4254174 -12172604 3208298 , 17120014 -19858412 3350675 8721284 1799675 -3790981 , 24704731 1967693 -1967693 0 -8155491 -10123184 , 1.1130653009230618e-11 , 14
2.3832755232378533 , -11893998 7843852 -21804578 -25578496 -8875022 -4763058 , 2997693 4961343 -4961343 0 5639563 678220 , -8398730 3350675 -19858412 8721284 7141656 -21658087 , 15344297 -6929036 6929036 0 2515928 9444964 , 13684498 21804578 -7843852 25578496 17041520 -16718874 , 721072 16235532 -10958638 -4254174 13027234 1213966 , 4975246 10958638 -16235532 4254174 12172604 -3208298 , -17120014 19858412 -3350675 -8721284 -1799675 3790981 , 24704731 1967693 -1967693 0 -8155491 -10123184 , 1.1130653009230618e-11 , 15
2.3832755232378533 , -11893998 7843852 -21804578 -25578496 -8875022 -4763058 , 2997693 4961343 -4961343 0 5639563 678220 , 8721284 7141656 -21658087 17120014 3790981 -1799675 , 15344297 -6929036 6929036 0 2515928 9444964 , 13684498 21804578 -7843852 25578496 17041520 -16718874 , -4254174 13027234 1213966 -4975246 -3208298 12172604 , 721072 -1213966 -13027234 4975246 10958638 -16235532 , -8398730 21658087 -7141656 -17120014 19858412 -3350675 , 24704731 1967693 -1967693 0 -8155491 -10123184 , 1.1130653009742105e-11 , 16
2.3832755232378533 , -11893998 7843852 -21804578 -25578496 -8875022 -4763058 , 2997693 4961343 -4961343 0 5639563 678220 , -8721284 -7141656 21658087 -17120014 -3790981 1799675 , 15344297 -6929036 6929036 0 2515928 9444964 , 13684498 21804578 -7843852 25578496 17041520 -16718874 , 4254174 -13027234 -1213966 4975246 3208298 -12172604 , -721072 1213966 13027234 -4975246 -10958638 16235532 , 8398730 -21658087 7141656 17120014 -19858412 3350675 , 24704731 1967693 -1967693 0 -8155491 -10123184 , 1.1130653009742105e-11 , 17
2.3832755232378533 , -11893998 7843852 -21804578 -25578496 -8875022 -4763058 , 15344297 -6929036 6929036 0 2515928 9444964 , 4254174 12172604 -3208298 -721072 1213966 13027234 , 2997693 4961343 -4961343 0 5639563 678220 , 13684498 21804578 -7843852 25578496 17041520 -16718874 , -8721284 -1799675 3790981 8398730 -21658087 7141656 , -17120014 -3790981 1799675 -8398730 3350675 -19858412 , 4975246 3208298 -12172604 721072 16235532 -10958638 , 24704731 1967693 -1967693 0 -8155491 -10123184 , 1.1130653010307003e-11 , 18
2.3832755232378533 , -11893998 7843852 -21804578 -25578496 -8875022 -4763058 , 15344297 -6929036 6929036 0 2515928 9444964 , -4254174 -12172604 3208298 721072 -1213966 -13027234 , 2997693 4961343 -4961343 0 5639563 678220 , 13684498 21804578 -7843852 25578496 17041520 -16718874 , 8721284 1799675 -3790981 -8398730 21658087 -7141656 , 17120014 3790981 -1799675 8398730 -3350675 19858412 , -4975246 -3208298 12172604 -721072 -16235532 10958638 , 24704731 1967693 -1967693 0 -8155491 -10123184 , 1.1130653010307003e-11 , 19
2.3832755232378533 , -11893998 7843852 -21804578 -25578496 -8875022 -4763058 , 15344297 -6929036 6929036 0 2515928 9444964 , 1213966 13027234 -4254174 -10958638 16235532 721072 , 2997693 4961343 -4961343 0 5639563 678220 , 13684498 21804578 -7843852 25578496 17041520 -16718874 , -21658087 7141656 8721284 -19858412 3350675 -8398730 , -1799675 -8721284 -7141656 19858412 -17120014 -3790981 , 12172604 4254174 -13027234 10958638 4975246 3208298 , 24704731 1967693 -1967693 0 -8155491 -10123184 , 1.1130653012537063e-11 , 20
2.3832755232378533 , -11893998 7843852 -21804578 -25578496 -8875022 -4763058 , 15344297 -6929036 6929036 0 2515928 9444964 , -1213966 -13027234 4254174 10958638 -16235532 -721072 , 2997693 4961343 -4961343 0 5639563 678220 , 13684498 21804578 -7843852 25578496 17041520 -16718874 , 21658087 -7141656 -8721284 19858412 -3350675 8398730 , 1799675 8721284 7141656 -19858412 17120014 3790981 , -12172604 -4254174 13027234 -10958638 -4975246 -3208298 , 24704731 1967693 -1967693 0 -8155491 -10123184 , 1.1130653012537063e-11 , 21
2.3832755232378533 , -11893998 7843852 -21804578 -25578496 -8875022 -4763058 , 15344297 -6929036 6929036 0 2515928 9444964 , -12172604 3208298 4975246 -1213966 -13027234 4254174 , 2997693 4961343 -4961343 0 5639563 678220 , 13684498 21804578 -7843852 25578496 17041520 -16718874 , 1799675 -3790981 -17120014 21658087 -7141656 -8721284 , -19858412 17120014 3790981 -21658087 8398730 -3350675 , -10958638 -4975246 -3208298 1213966 -721072 -16235532 , 24704731 1967693 -1967693 0 -8155491 -10123184 , 1.1130653015030949e-11 , 22
2.3832755232378533 , -11893998 7843852 -21804578 -25578496 -8875022 -4763058 , 15344297 -6929036 6929036 0 2515928 9444964 , 12172604 -3208298 -4975246 1213966 13027234 -4254174 , 2997693 4961343 -4961343 0 5639563 678220 , 13684498 21804578 -7843852 25578496 17041520 -16718874 , -1799675 3790981 17120014 -21658087 7141656 8721284 , 19858412 -17120014 -3790981 21658087 -8398730 3350675 , 10958638 4975246 3208298 -1213966 721072 16235532 , 24704731 1967693 -1967693 0 -8155491 -10123184 , 1.1130653015030949e-11 , 23
2.3832755232378533 , -11893998 7843852 -21804578 -25578496 -8875022 -4763058 , 2997693 4961343 -4961343 0 5639563 678220 , -3790981 1799675 8721284 3350675 -19858412 17120014 , 15344297 -6929036 6929036 0 2515928 9444964 , 13684498 21804578 -7843852 25578496 17041520 -16718874 , 3208298 -12172604 -4254174 16235532 -10958638 -4975246 , -13027234 4254174 12172604 -16235532 -721072 1213966 , -7141656 -8721284 -1799675 -3350675 8398730 -21658087 , 24704731 1967693 -1967693 0 -8155491 -10123184 , 1.1130653015332475e-11 , 24
2.3832755232378533 , -11893998 7843852 -21804578 -25578496 -8875022 -4763058 , 2997693 4961343 -4961343 0 5639563 678220 , 3790981 -1799675 -8721284 -3350675 19858412 -17120014 , 15344297 -6929036 6929036 0 2515928 9444964 , 13684498 21804578 -7843852 25578496 17041520 -16718874 , -3208298 12172604 4254174 -16235532 10958638 4975246 , 13027234 -4254174 -12172604 16235532 721072 -1213966 , 7141656 8721284 1799675 3350675 -8398730 21658087 , 24704731 1967693 -1967693 0 -8155491 -10123184 , 1.1130653015332475e-11 , 25
2.3832755232378533 , -11893998 7843852 -21804578 -25578496 -8875022 -4763058 , 15344297 -6929036 6929036 0 2515928 9444964 , -16235532 -721072 1213966 -3208298 -4975246 -10958638 , 2997693 4961343 -4961343 0 5639563 678220 , 13684498 21804578 -7843852 25578496 17041520 -16718874 , -3350675 8398730 -21658087 3790981 17120014 -19858412 , -7141656 21658087 -8398730 -3790981 1799675 8721284 , -13027234 -1213966 721072 3208298 -12172604 -4254174 , 24704731 1967693 -1967693 0 -8155491 -10123184 , 1.1130653021936475e-11 , 26
2.3832755232378533 , -11893998 7843852 -21804578 -25578496 -8875022 -4763058 , 15344297 -6929036 6929036 0 2515928 9444964 , 16235532 721072 -1213966 3208298 4975246 10958638 , 2997693 4961343 -4961343 0 5639563 678220 , 13684498 21804578 -7843852 25578496 17041520 -16718874 , 3350675 -8398730 21658087 -3790981 -17120014 19858412 , 7141656 -21658087 8398730 3790981 -1799675 -8721284 , 13027234 1213966 -721072 -3208298 12172604 4254174 , 24704731 1967693 -1967693 0 -8155491 -10123184 , 1.1130653021936475e-11 , 27
2.3832755232378533 , -11893998 7843852 -21804578 -25578496 -8875022 -4763058 , 15344297 -6929036 6929036 0 2515928 9444964 , -10958638 16235532 721072 -12172604 3208298 4975246 , 2997693 4961343 -4961343 0 5639563 678220 , 13684498 21804578 -7843852 25578496 17041520 -16718874 , -19858412 3350675 -8398730 1799675 -3790981 -17120014 , -21658087 8398730 -3350675 -1799675 -8721284 -7141656 , 1213966 -721072 -16235532 12172604 4254174 -13027234 , 24704731 1967693 -1967693 0 -8155491 -10123184 , 1.1130653033558792e-11 , 28
2.3832755232378533 , -11893998 7843852 -21804578 -25578496 -8875022 -4763058 , 15344297 -6929036 6929036 0 2515928 9444964 , 10958638 -16235532 -721072 12172604 -3208298 -4975246 , 2997693 4961343 -4961343 0 5639563 678220 , 13684498 21804578 -7843852 25578496 17041520 -16718874 , 19858412 -3350675 8398730 -1799675 3790981 17120014 , 21658087 -8398730 3350675 1799675 8721284 7141656 , -1213966 721072 16235532 -12172604 -4254174 13027234 , 24704731 1967693 -1967693 0 -8155491 -10123184 , 1.1130653033558792e-11 , 29
2.3832755232378533 , -11893998 7843852 -21804578 -25578496 -8875022 -4763058 , 2997693 4961343 -4961343 0 5639563 678220 , -3350675 19858412 -17120014 -7141656 21658087 -8398730 , 15344297 -6929036 6929036 0 2515928 9444964 , 13684498 21804578 -7843852 25578496 17041520 -16718874 , -16235532 10958638 4975246 -13027234 -1213966 721072 , -3208298 -4975246 -10958638 13027234 -4254174 -12172604 , 3790981 17120014 -19858412 7141656 8721284 1799675 , 24704731 1967693 -1967693 0 -8155491 -10123184 , 1.1130653035488863e-11 , 30
2.3832755232378533 , -11893998 7843852 -21804578 -25578496 -8875022 -4763058 , 2997693 4961343 -4961343 0 5639563 678220 , 3350675 -19858412 17120014 7141656 -21658087 8398730 , 15344297 -6929036 6929036 0 2515928 9444964 , 13684498 21804578 -7843852 25578496 17041520 -16718874 , 16235532 -10958638 -4975246 13027234 1213966 -721072 , 3208298 4975246 10958638 -13027234 4254174 12172604 , -3790981 -17120014 19858412 -7141656 -8721284 -1799675 , 24704731 1967693 -1967693 0 -8155491 -10123184 , 1.1130653035488863e-11 , 31
2.3832755232378533 , -11893998 7843852 -21804578 -25578496 -8875022 -4763058 , 2997693 4961343 -4961343 0 5639563 678220 , -21658087 8398730 -3350675 -1799675 -8721284 -7141656 , 15344297 -6929036 6929036 0 2515928 9444964 , 13684498 21804578 -7843852 25578496 17041520 -16718874 , 1213966 -721072 -16235532 12172604 4254174 -13027234 , -10958638 16235532 721072 -12172604 3208298 4975246 , -19858412 3350675 -8398730 1799675 -3790981 -17120014 , 24704731 1967693 -1967693 0 -8155491 -10123184 , 1.113065304075069e-11 , 32
2.3832755232378533 , -11893998 7843852 -21804578 -25578496 -8875022 -4763058 , 2997693 4961343 -4961343 0 5639563 678220 , 21658087 -8398730 3350675 1799675 8721284 7141656 , 15344297 -6929036 6929036 0 2515928 9444964 , 13684498 21804578 -7843852 25578496 17041520 -16718874 , -1213966 721072 16235532 -12172604 -4254174 13027234 , 10958638 -16235532 -721072 12172604 -3208298 -4975246 , 19858412 -3350675 8398730 -1799675 3790981 17120014 , 24704731 1967693 -1967693 0 -8155491 -10123184 , 1.113065304075069e-11 , 33
2.3832755232378533 , -11893998 7843852 -21804578 -25578496 -8875022 -4763058 , 15344297 -6929036 6929036 0 2515928 9444964 , -13027234 4254174 12172604 -16235532 -721072 1213966 , 2997693 4961343 -4961343 0 5639563 678220 , 13684498 21804578 -7843852 25578496 17041520 -16718874 , -7141656 -8721284 -1799675 -3350675 8398730 -21658087 , -3790981 1799675 8721284 3350675 -19858412 17120014 , 3208298 -12172604 -4254174 16235532 -10958638 -4975246 , 24704731 1967693 -1967693 0 -8155491 -10123184 , 1.1130653046594866e-11 , 34
2.3832755232378533 , -11893998 7843852 -21804578 -25578496 -8875022 -4763058 , 15344297 -6929036 6929036 0 2515928 9444964 , 13027234 -4254174 -12172604 16235532 721072 -1213966 , 2997693 4961343 -4961343 0 5639563 678220 , 13684498 21804578 -7843852 25578496 17041520 -16718874 , 7141656 8721284 1799675 3350675 -8398730 21658087 , 3790981 -1799675 -8721284 -3350675 19858412 -17120014 , -3208298 12172604 4254174 -16235532 10958638 4975246 , 24704731 1967693 -1967693 0 -8155491 -10123184 , 1.1130653046594866e-11 , 35
2.492005655014123 , -13893035 5320508 -8045457 -38235405 -7752742 1544927 , 1206831 -822304 822304 0 -28207 794097 , -12235348 14751380 -15377951 -3627119 11916388 -13823319 , 11611970 -13109636 13109636 0 -4508473 8601163 , 24342370 8045457 -5320508 38235405 9590384 -13073250 , -1666402 6188605 -4420564 2703283 -2365422 3381797 , -4369685 4420564 -6188605 -2703283 7802361 -8554027 , -8608229 15377951 -14751380 3627119 1554632 -2834992 , 30227920 13931940 -13931940 0 4536680 -9395260 , 4.9103951870043454e-11 , 0
2.492005655014123 , -13893035 5320508 -8045457 -38235405 -7752742 1544927 , 1206831 -822304 822304 0 -28207 794097 , 12235348 -14751380 15377951 3627119 -11916388 13823319 , 11611970 -13109636 13109636 0 -4508473 8601163 , 24342370 8045457 -5320508 38235405 9590384 -13073250 , 1666402 -6188605 4420564 -2703283 2365422 -3381797 , 4369685 -4420564 6188605 2703283 -7802361 8554027 , 8608229 -15377951 14751380 -3627119 -1554632 2834992 , 30227920 13931940 -13931940 0 4536680 -9395260 , 4.9103951870043454e-11 , 1
2.492005655014123 , -13893035 5320508 -8045457 -38235405 -7752742 1544927 , 1206831 -822304 822304 0 -28207 794097 , -3627119 11916388 -13823319 8608229 -2834992 1554632 , 11611970 -13109636 13109636 0 -4508473 8601163 , 24342370 8045457 -5320508 38235405 9590384 -13073250 , 2703283 -2365422 3381797 4369685 -8554027 7802361 , -1666402 -3381797 2365422 -4369685 4420564 -6188605 , -12235348 13823319 -11916388 -8608229 15377951 -14751380 , 30227920 13931940 -13931940 0 4536680 -9395260 , 4.910395187061271e-11 , 2
2.492005655014123 , -13893035 5320508 -8045457 -38235405 -7752742 1544927 , 1206831 -822304 822304 0 -28207 794097 , 3627119 -11916388 13823319 -8608229 2834992 -1554632 , 11611970 -13109636 13109636 0 -4508473 8601163 , 24342370 8045457 -5320508 38235405 9590384 -13073250 , -2703283 2365422 -3381797 -4369685 8554027 -7802361 , 1666402 3381797 -2365422 4369685 -4420564 6188605 , 12235348 -13823319 11916388 8608229 -15377951 14751380 , 30227920 13931940 -13931940 0 4536680 -9395260 , 4.910395187061271e-11 , 3
2.492005655014123 , -13893035 5320508 -8045457 -38235405 -7752742 1544927 , 11611970 -13109636 13109636 0 -4508473 8601163 , 2703283 -7802361 8554027 -1666402 -3381797 2365422 , 1206831 -822304 822304 0 -28207 794097 , 24342370 8045457 -5320508 38235405 9590384 -13073250 , -3627119 -1554632 2834992 -12235348 13823319 -11916388 , 8608229 -2834992 1554632 12235348 -14751380 15377951 , 4369685 -8554027 7802361 1666402 -6188605 4420564 , 30227920 13931940 -13931940 0 4536680 -9395260 , 4.9103951870798825e-11 , 4
2.492005655014123 , -13893035 5320508 -8045457 -38235405 -7752742 1544927 , 11611970 -13109636 13109636 0 -4508473 8601163 , -2703283 7802361 -8554027 1666402 3381797 -2365422 , 1206831 -822304 822304 0 -28207 794097 , 24342370 8045457 -5320508 38235405 9590384 -13073250 , 3627119 1554632 -2834992 12235348 -13823319 11916388 , -8608229 2834992 -1554632 -12235348 14751380 -15377951 , -4369685 8554027 -7802361 -1666402 6188605 -4420564 , 30227920 13931940 -13931940 0 4536680 -9395260 , 4.9103951870798825e-11 , 5
2.492005655014123 , -13893035 5320508 -8045457 -38235405 -7752742 1544927 , 1206831 -822304 822304 0 -28207 794097 , -13823319 12235348 -14751380 1554632 3627119 -11916388 , 11611970 -13109636 13109636 0 -4508473 8601163 , 24342370 8045457 -5320508 38235405 9590384 -13073250 , 3381797 1666402 -6188605 7802361 -2703283 2365422 , -4420564 6188605 -1666402 -7802361 8554027 -4369685 , -15377951 14751380 -12235348 -1554632 2834992 -8608229 , 30227920 13931940 -13931940 0 4536680 -9395260 , 4.9103951872121823e-11 , 6
2.492005655014123 , -13893035 5320508 -8045457 -38235405 -7752742 1544927 , 1206831 -822304 822304 0 -28207 794097 , 13823319 -12235348 14751380 -1554632 -3627119 11916388 , 11611970 -13109636 13109636 0 -4508473 8601163 , 24342370 8045457 -5320508 38235405 9590384 -13073250 , -3381797 -1666402 6188605 -7802361 2703283 -2365422 , 4420564 -6188605 1666402 7802361 -8554027 4369685 , 15377951 -14751380 12235348 1554632 -2834992 8608229 , 30227920 13931940 -13931940 0 4536680 -9395260 , 4.9103951872121823e-11 , 7
2.492005655014123 , -13893035 5320508 -8045457 -38235405 -7752742 1544927 , 11611970 -13109636 13109636 0 -4508473 8601163 , 4369685 -4420564 6188605 2703283 -7802361 8554027 , 1206831 -822304 822304 0 -28207 794097 , 24342370 8045457 -5320508 38235405 9590384 -13073250 , 8608229 -15377951 14751380 -3627119 -1554632 2834992 , 12235348 -14751380 15377951 3627119 -11916388 13823319 , 1666402 -6188605 4420564 -2703283 2365422 -3381797 , 30227920 13931940 -13931940 0 4536680 -9395260 , 4.9103951872614881e-11 , 8
2.492005655014123 , -13893035 5320508 -8045457 -38235405 -7752742 1544927 , 11611970 -13109636 13109636 0 -4508473 8601163 , -4369685 4420564 -6188605 -2703283 7802361 -8554027 , 1206831 -822304 822304 0 -28207 794097 , 24342370 8045457 -5320508 38235405 9590384 -13073250 , -8608229 15377951 -14751380 3627119 1554632 -2834992 , -12235348 14751380 -15377951 -3627119 11916388 -13823319 , -1666402 6188605 -4420564 2703283 -2365422 3381797 , 30227920 13931940 -13931940 0 4536680 -9395260 , 4.9103951872614881e-11 , 9
2.492005655014123 , -13893035 5320508 -8045457 -38235405 -7752742 1544927 , 11611970 -13109636 13109636 0 -4508473 8601163 , -2365422 2703283 -7802361 6188605 -1666402 -3381797 , 1206831 -822304 822304 0 -28207 794097 , 24342370 8045457 -5320508 38235405 9590384 -13073250 , 11916388 -3627119 -1554632 14751380 -12235348 13823319 , -2834992 1554632 3627119 -14751380 15377951 -8608229 , -8554027 7802361 -2703283 -6188605 4420564 -4369685 , 30227920 13931940 -13931940 0 4536680 -9395260 , 4.9103951872939271e-11 , 10
2.492005655014123 , -13893035 5320508 -8045457 -38235405 -7752742 1544927 , 11611970 -13109636 13109636 0 -4508473 8601163 , 2365422 -2703283 7802361 -6188605 1666402 3381797 , 1206831 -822304 822304 0 -28207 794097 , 24342370 8045457 -5320508 38235405 9590384 -13073250 , -11916388 3627119 1554632 -14751380 12235348 -13823319 , 2834992 -1554632 -3627119 14751380 -15377951 8608229 , 8554027 -7802361 2703283 6188605 -4420564 4369685 , 30227920 13931940 -13931940 0 4536680 -9395260 , 4.9103951872939271e-11 , 11
2.492005655014123 , -13893035 5320508 -8045457 -38235405 -7752742 1544927 , 1206831 -822304 822304 0 -28207 794097 , -1554632 -3627119 11916388 -15377951 8608229 -2834992 , 11611970 -13109636 13109636 0 -4508473 8601163 , 24342370 8045457 -5320508 38235405 9590384 -13073250 , -7802361 2703283 -2365422 -4420564 4369685 -8554027 , -3381797 2365422 -2703283 4420564 -6188605 1666402 , 13823319 -11916388 3627119 15377951 -14751380 12235348 , 30227920 13931940 -13931940 0 4536680 -9395260 , 4.9103951873075472e-11 , 12
2.492005655014123 , -13893035 5320508 -8045457 -38235405 -7752742 1544927 , 1206831 -822304 822304 0 -28207 794097 , 1554632 3627119 -11916388 15377951 -8608229 2834992 , 11611970 -13109636 13109636 0 -4508473 8601163 , 24342370 8045457 -5320508 38235405 9590384 -13073250 , 7802361 -2703283 2365422 4420564 -4369685 8554027 , 3381797 -2365422 2703283 -4420564 6188605 -1666402 , -13823319 11916388 -3627119 -15377951 14751380 -12235348 , 30227920 13931940 -13931940 0 4536680 -9395260 , 4.9103951873075472e-11 , 13
2.492005655014123 , -13893035 5320508 -8045457 -38235405 -7752742 1544927 , 1206831 -822304 822304 0 -28207 794097 , -15377951 8608229 -2834992 -13823319 12235348 -14751380 , 11611970 -13109636 13109636 0 -4508473 8601163 , 24342370 8045457 -5320508 38235405 9590384 -13073250 , -4420564 4369685 -8554027 3381797 1666402 -6188605 , -7802361 8554027 -4369685 -3381797 2365422 -2703283 , -1554632 2834992 -8608229 13823319 -11916388 3627119 , 30227920 13931940 -13931940 0 4536680 -9395260 , 4.9103951874814309e-11 , 14
2.492005655014123 , -13893035 5320508 -8045457 -38235405 -7752742 1544927 , 1206831 -822304 822304 0 -28207 794097 , 15377951 -8608229 2834992 13823319 -12235348 14751380 , 11611970 -13109636 13109636 0 -4508473 8601163 , 24342370 8045457 -5320508 38235405 9590384 -13073250 , 4420564 -4369685 8554027 -3381797 -1666402 6188605 , 7802361 -8554027 4369685 3381797 -2365422 2703283 , 1554632 -2834992 8608229 -13823319 11916388 -3627119 , 30227920 13931940 -13931940 0 4536680 -9395260 , 4.9103951874814309e-11 , 15
2.492005655014123 , -13893035 5320508 -8045457 -38235405 -7752742 1544927 , 1206831 -822304 822304 0 -28207 794097 , 2834992 -1554632 -3627119 14751380 -15377951 8608229 , 11611970 -13109636 13109636 0 -4508473 8601163 , 24342370 8045457 -5320508 38235405 9590384 -13073250 , 8554027 -7802361 2703283 6188605 -4420564 4369685 , 2365422 -2703283 7802361 -6188605 1666402 3381797 , -11916388 3627119 1554632 -14751380 12235348 -13823319 , 30227920 13931940 -13931940 0 4536680 -9395260 , 4.9103951875126479e-11 , 16
2.492005655014123 , -13893035 5320508 -8045457 -38235405 -7752742 1544927 , 1206831 -822304 822304 0 -28207 794097 , -2834992 1554632 3627119 -14751380 15377951 -8608229 , 11611970 -13109636 13109636 0 -4508473 8601163 , 24342370 8045457 -5320508 38235405 9590384 -13073250 , -8554027 7802361 -2703283 -6188605 4420564 -4369685 , -2365422 2703283 -7802361 6188605 -1666402 -3381797 , 11916388 -3627119 -1554632 14751380 -12235348 13823319 , 30227920 13931940 -13931940 0 4536680 -9395260 , 4.9103951875126479e-11 , 17
2.492005655014123 , -13893035 5320508 -8045457 -38235405 -7752742 1544927 , 1206831 -822304 822304 0 -28207 794097 , -11916388 13823319 -12235348 2834992 -1554632 -3627119 , 11611970 -13109636 13109636 0 -4508473 8601163 , 24342370 8045457 -5320508 38235405 9590384 -13073250 , 2365422 -3381797 -1666402 8554027 -7802361 2703283 , -6188605 1666402 3381797 -8554027 4369685 -4420564 , -14751380 12235348 -13823319 -2834992 8608229 -15377951 , 30227920 13931940 -13931940 0 4536680 -9395260 , 4.9103951875701861e-11 , 18
2.492005655014123 , -13893035 5320508 -8045457 -38235405 -7752742 1544927 , 1206831 -822304 822304 0 -28207 794097 , 11916388 -13823319 12235348 -2834992 1554632 3627119 , 11611970 -13109636 13109636 0 -4508473 8601163 , 24342370 8045457 -5320508 38235405 9590384 -13073250 , -2365422 3381797 1666402 -8554027 7802361 -2703283 , 6188605 -1666402 -3381797 8554027 -4369685 4420564 , 14751380 -12235348 13823319 2834992 -8608229 15377951 , 30227920 13931940 -13931940 0 4536680 -9395260 , 4.9103951875701861e-11 , 19
2.492005655014123 , -13893035 5320508 -8045457 -38235405 -7752742 1544927 , 1206831 -822304 822304 0 -28207 794097 , -14751380 15377951 -8608229 -11916388 13823319 -12235348 , 11611970 -13109636 13109636 0 -4508473 8601163 , 24342370 8045457 -5320508 38235405 9590384 -13073250 , -6188605 4420564 -4369685 2365422 -3381797 -1666402 , -8554027 4369685 -4420564 -2365422 2703283 -7802361 , -2834992 8608229 -15377951 11916388 -3627119 -1554632 , 30227920 13931940 -13931940 0 4536680 -9395260 , 4.9103951876513028e-11 , 20
2.492005655014123 , -13893035 5320508 -8045457 -38235405 -7752742 1544927 , 1206831 -822304 822304 0 -28207 794097 , 14751380 -15377951 8608229 11916388 -13823319 12235348 , 11611970 -13109636 13109636 0 -4508473 8601163 , 24342370 8045457 -5320508 38235405 9590384 -13073250 , 6188605 -4420564 4369685 -2365422 3381797 1666402 , 8554027 -4369685 4420564 2365422 -2703283 7802361 , 2834992 -8608229 15377951 -11916388 3627119 1554632 , 30227920 13931940 -13931940 0 4536680 -9395260 , 4.9103951876513028e-11 , 21
2.492005655014123 , -13893035 5320508 -8045457 -38235405 -7752742 1544927 , 11611970 -13109636 13109636 0 -4508473 8601163 , -3381797 2365422 -2703283 4420564 -6188605 1666402 , 1206831 -822304 822304 0 -28207 794097 , 24342370 8045457 -5320508 38235405 9590384 -13073250 , 13823319 -11916388 3627119 15377951 -14751380 12235348 , -1554632 -3627119 11916388 -15377951 8608229 -2834992 , -7802361 2703283 -2365422 -4420564 4369685 -8554027 , 30227920 13931940 -13931940 0 4536680 -9395260 , 4.9103951877769916e-11 , 22
2.492005655014123 , -13893035 5320508 -8045457 -38235405 -7752742 1544927 , 11611970 -13109636 13109636 0 -4508473 8601163 , 3381797 -2365422 2703283 -4420564 6188605 -1666402 , 1206831 -822304 822304 0 -28207 794097 , 24342370 8045457 -5320508 38235405 9590384 -13073250 , -13823319 11916388 -3627119 -15377951 14751380 -12235348 , 1554632 3627119 -11916388 15377951 -8608229 2834992 , 7802361 -2703283 2365422 4420564 -4369685 8554027 , 30227920 13931940 -13931940 0 4536680 -9395260 , 4.9103951877769916e-11 , 23
2.492005655014123 , -13893035 5320508 -8045457 -38235405 -7752742 1544927 , 11611970 -13109636 13109636 0 -4508473 8601163 , -6188605 1666402 3381797 -8554027 4369685 -4420564 , 1206831 -822304 822304 0 -28207 794097 , 24342370 8045457 -5320508 38235405 9590384 -13073250 , -14751380 12235348 -13823319 -2834992 8608229 -15377951 , -11916388 13823319 -12235348 2834992 -1554632 -3627119 , 2365422 -3381797 -1666402 8554027 -7802361 2703283 , 30227920 13931940 -13931940 0 4536680 -9395260 , 4.9103951878513978e-11 , 24
2.492005655014123 , -13893035 5320508 -8045457 -38235405 -7752742 1544927 , 11611970 -13109636 13109636 0 -4508473 8601163 , 6188605 -1666402 -3381797 8554027 -4369685 4420564 , 1206831 -822304 822304 0 -28207 794097 , 24342370 8045457 -5320508 38235405 9590384 -13073250 , 14751380 -12235348 13823319 2834992 -8608229 15377951 , 11916388 -13823319 12235348 -2834992 1554632 3627119 , -2365422 3381797 1666402 -8554027 7802361 -2703283 , 30227920 13931940 -13931940 0 4536680 -9395260 , 4.9103951878513978e-11 , 25
2.492005655014123 , -13893035 5320508 -8045457 -38235405 -7752742 1544927 , 11611970 -13109636 13109636 0 -4508473 8601163 , -8554027 4369685 -4420564 -2365422 2703283 -7802361 , 1206831 -822304 822304 0 -28207 794097 , 24342370 8045457 -5320508 38235405 9590384 -13073250 , -2834992 8608229 -15377951 11916388 -3627119 -1554632 , -14751380 15377951 -8608229 -11916388 13823319 -12235348 , -6188605 4420564 -4369685 2365422 -3381797 -1666402 , 30227920 13931940 -13931940 0 4536680 -9395260 , 4.9103951879267533e-11 , 26
2.492005655014123 , -13893035 5320508 -8045457 -38235405 -7752742 1544927 , 11611970 -13109636 13109636 0 -4508473 8601163 , 8554027 -4369685 4420564 2365422 -2703283 7802361 , 1206831 -822304 822304 0 -28207 794097 , 24342370 8045457 -5320508 38235405 9590384 -13073250 , 2834992 -8608229 15377951 -11916388 3627119 1554632 , 14751380 -15377951 8608229 11916388 -13823319 12235348 , 6188605 -4420564 4369685 -2365422 3381797 1666402 , 30227920 13931940 -13931940 0 4536680 -9395260 , 4.9103951879267533e-11 , 27
2.492005655014123 , -13893035 5320508 -8045457 -38235405 -7752742 1544927 , 1206831 -822304 822304 0 -28207 794097 , 8608229 -2834992 1554632 12235348 -14751380 15377951 , 11611970 -13109636 13109636 0 -4508473 8601163 , 24342370 8045457 -5320508 38235405 9590384 -13073250 , 4369685 -8554027 7802361 1666402 -6188605 4420564 , 2703283 -7802361 8554027 -1666402 -3381797 2365422 , -3627119 -1554632 2834992 -12235348 13823319 -11916388 , 30227920 13931940 -13931940 0 4536680 -9395260 , 4.9103951883551365e-11 , 28
2.492005655014123 , -13893035 5320508 -8045457 -38235405 -7752742 1544927 , 1206831 -822304 822304 0 -28207 794097 , -8608229 2834992 -1554632 -12235348 14751380 -15377951 , 11611970 -13109636 13109636 0 -4508473 8601163 , 24342370 8045457 -5320508 38235405 9590384 -13073250 , -4369685 8554027 -7802361 -1666402 6188605 -4420564 , -2703283 7802361 -8554027 1666402 3381797 -2365422 , 3627119 1554632 -2834992 12235348 -13823319 11916388 , 30227920 13931940 -13931940 0 4536680 -9395260 , 4.9103951883551365e-11 , 29
2.492005655014123 , -13893035 5320508 -8045457 -38235405 -7752742 1544927 , 11611970 -13109636 13109636 0 -4508473 8601163 , 1666402 3381797 -2365422 4369685 -4420564 6188605 , 1206831 -822304 822304 0 -28207 794097 , 24342370 8045457 -5320508 38235405 9590384 -13073250 , 12235348 -13823319 11916388 8608229 -15377951 14751380 , 3627119 -11916388 13823319 -8608229 2834992 -1554632 , -2703283 2365422 -3381797 -4369685 8554027 -7802361 , 30227920 13931940 -13931940 0 4536680 -9395260 , 4.910395188504082e-11 , 30
2.492005655014123 , -13893035 5320508 -8045457 -38235405 -7752742 1544927 , 11611970 -13109636 13109636 0 -4508473 8601163 , -1666402 -3381797 2365422 -4369685 4420564 -6188605 , 1206831 -822304 822304 0 -28207 794097 , 24342370 8045457 -5320508 38235405 9590384 -13073250 , -12235348 13823319 -11916388 -8608229 15377951 -14751380 , -3627119 11916388 -13823319 8608229 -2834992 1554632 , 2703283 -2365422 3381797 4369685 -8554027 7802361 , 30227920 13931940 -13931940 0 4536680 -9395260 , 4.910395188504082e-11 , 31
2.492005655014123 , -13893035 5320508 -8045457 -38235405 -7752742 1544927 , 11611970 -13109636 13109636 0 -4508473 8601163 , -7802361 8554027 -4369685 -3381797 2365422 -2703283 , 1206831 -822304 822304 0 -28207 794097 , 24342370 8045457 -5320508 38235405 9590384 -13073250 , -1554632 2834992 -8608229 13823319 -11916388 3627119 , -15377951 8608229 -2834992 -13823319 12235348 -14751380 , -4420564 4369685 -8554027 3381797 1666402 -6188605 , 30227920 13931940 -13931940 0 4536680 -9395260 , 4.9103951885479601e-11 , 32
2.492005655014123 , -13893035 5320508 -8045457 -38235405 -7752742 1544927 , 11611970 -13109636 13109636 0 -4508473 8601163 , 7802361 -8554027 4369685 3381797 -2365422 2703283 , 1206831 -822304 822304 0 -28207 794097 , 24342370 8045457 -5320508 38235405 9590384 -13073250 , 1554632 -2834992 8608229 -13823319 11916388 -3627119 , 15377951 -8608229 2834992 13823319 -12235348 14751380 , 4420564 -4369685 8554027 -3381797 -1666402 6188605 , 30227920 13931940 -13931940 0 4536680 -9395260 , 4.9103951885479601e-11 , 33
2.492005655014123 , -13893035 5320508 -8045457 -38235405 -7752742 1544927 , 11611970 -13109636 13109636 0 -4508473 8601163 , -4420564 6188605 -1666402 -7802361 8554027 -4369685 , 1206831 -822304 822304 0 -28207 794097 , 24342370 8045457 -5320508 38235405 9590384 -13073250 , -15377951 14751380 -12235348 -1554632 2834992 -8608229 , -13823319 12235348 -14751380 1554632 3627119 -11916388 , 3381797 1666402 -6188605 7802361 -2703283 2365422 , 30227920 13931940 -13931940 0 4536680 -9395260 , 4.910395188930756e-11 , 34
2.492005655014123 , -13893035 5320508 -8045457 -38235405 -7752742 1544927 , 11611970 -13109636 13109636 0 -4508473 8601163 , 4420564 -6188605 1666402 7802361 -8554027 4369685 , 1206831 -822304 822304 0 -28207 794097 , 24342370 8045457 -5320508 38235405 9590384 -13073250 , 15377951 -14751380 12235348 1554632 -2834992 8608229 , 13823319 -12235348 14751380 -1554632 -3627119 11916388 , -3381797 -1666402 6188605 -7802361 2703283 -2365422 , 30227920 13931940 -13931940 0 4536680 -9395260 , 4.910395188930756e-11 , 35
2.600583386977846 , 15056983 -30332206 -17838140 1139365 -20323519 -4523889 , 10288574 221307 -221307 0 5654847 5433540 , 261316 -12405453 2486025 14702336 -19134851 1936369 , 8053416 -2189000 2189000 0 2500644 4689644 , 13917618 17838140 30332206 -1139365 13314251 10008687 , -17466007 16232780 4556979 -19576801 5923048 -18207 , 2110794 -4556979 -16232780 19576801 -4575186 -10309732 , -14441020 -2486025 12405453 -14702336 -549656 -6729398 , 24704731 1967693 -1967693 0 -8155491 -10123184 , 1.1130652973754889e-11 , 0
2.600583386977846 , 15056983 -30332206 -17838140 1139365 -20323519 -4523889 , 10288574 221307 -221307 0 5654847 5433540 , -261316 12405453 -2486025 -14702336 19134851 -1936369 , 8053416 -2189000 2189000 0 2500644 4689644 , 13917618 17838140 30332206 -1139365 13314251 10008687 , 17466007 -16232780 -4556979 19576801 -5923048 18207 , -2110794 4556979 16232780 -19576801 4575186 10309732 , 14441020 2486025 -12405453 14702336 549656 6729398 , 24704731 1967693 -1967693 0 -8155491 -10123184 , 1.1130652973754889e-11 , 1
2.600583386977846 , 15056983 -30332206 -17838140 1139365 -20323519 -4523889 , 10288574 221307 -221307 0 5654847 5433540 , 2486025 14441020 -6729398 1936369 -261316 12405453 , 8053416 -2189000 2189000 0 2500644 4689644 , 13917618 17838140 30332206 -1139365 13314251 10008687 , 4556979 -2110794 -10309732 -18207 17466007 -16232780 , 4575186 10309732 2110794 18207 -5923048 19576801 , 549656 6729398 -14441020 -1936369 19134851 -14702336 , 24704731 1967693 -1967693 0 -8155491 -10123184 , 1.113065297486356e-11 , 2
2.600583386977846 , 15056983 -30332206 -17838140 1139365 -20323519 -4523889 , 10288574 221307 -221307 0 5654847 5433540 , -2486025 -14441020 6729398 -1936369 261316 -12405453 , 8053416 -2189000 2189000 0 2500644 4689644 , 13917618 17838140 30332206 -1139365 13314251 10008687 , -4556979 2110794 10309732 18207 -17466007 16232780 , -4575186 -10309732 -2110794 -18207 5923048 -19576801 , -549656 -6729398 14441020 1936369 -19134851 14702336 , 24704731 1967693 -1967693 0 -8155491 -10123184 , 1.113065297486356e-11 , 3
2.600583386977846 , 15056983 -30332206 -17838140 1139365 -20323519 -4523889 , 8053416 -2189000 2189000 0 2500644 4689644 , -19576801 4575186 10309732 -17466007 18207 -5923048 , 10288574 221307 -221307 0 5654847 5433540 , 13917618 17838140 30332206 -1139365 13314251 10008687 , 14702336 549656 6729398 261316 -1936369 19134851 , 14441020 -6729398 -549656 -261316 12405453 -2486025 , -2110794 -10309732 -4575186 17466007 -16232780 -4556979 , 24704731 1967693 -1967693 0 -8155491 -10123184 , 1.1130652976259495e-11 , 4
2.600583386977846 , 15056983 -30332206 -17838140 1139365 -20323519 -4523889 , 8053416 -2189000 2189000 0 2500644 4689644 , 19576801 -4575186 -10309732 17466007 -18207 5923048 , 10288574 221307 -221307 0 5654847 5433540 , 13917618 17838140 30332206 -1139365 13314251 10008687 , -14702336 -549656 -6729398 -261316 1936369 -19134851 , -14441020 6729398 549656 261316 -12405453 2486025 , 2110794 10309732 4575186 -17466007 16232780 4556979 , 24704731 1967693 -1967693 0 -8155491 -10123184 , 1.1130652976259495e-11 , 5
2.600583386977846 , 15056983 -30332206 -17838140 1139365 -20323519 -4523889 , 8053416 -2189000 2189000 0 2500644 4689644 , 18207 -5923048 19576801 -4556979 -16232780 17466007 , 10288574 221307 -221307 0 5654847 5433540 , 13917618 17838140 30332206 -1139365 13314251 10008687 , -1936369 19134851 -14702336 -2486025 12405453 -261316 , 549656 14702336 -19134851 2486025 14441020 -6729398 , 4575186 -19576801 5923048 4556979 -2110794 -10309732 , 24704731 1967693 -1967693 0 -8155491 -10123184 , 1.1130652976538946e-11 , 6
2.600583386977846 , 15056983 -30332206 -17838140 1139365 -20323519 -4523889 , 8053416 -2189000 2189000 0 2500644 4689644 , -18207 5923048 -19576801 4556979 16232780 -17466007 , 10288574 221307 -221307 0 5654847 5433540 , 13917618 17838140 30332206 -1139365 13314251 10008687 , 1936369 -19134851 14702336 2486025 -12405453 261316 , -549656 -14702336 19134851 -2486025 -14441020 6729398 , -4575186 19576801 -5923048 -4556979 2110794 10309732 , 24704731 1967693 -1967693 0 -8155491 -10123184 , 1.1130652976538946e-11 , 7
2.600583386977846 , 15056983 -30332206 -17838140 1139365 -20323519 -4523889 , 8053416 -2189000 2189000 0 2500644 4689644 , -5923048 19576801 -4575186 -16232780 17466007 -18207 , 10288574 221307 -221307 0 5654847 5433540 , 13917618 17838140 30332206 -1139365 13314251 10008687 , 19134851 -14702336 -549656 12405453 -261316 1936369 , 6729398 549656 14702336 -12405453 2486025 14441020 , 10309732 4575186 -19576801 16232780 4556979 -2110794 , 24704731 1967693 -1967693 0 -8155491 -10123184 , 1.1130652979299998e-11 , 8
2.600583386977846 , 15056983 -30332206 -17838140 1139365 -20323519 -4523889 , 8053416 -2189000 2189000 0 2500644 4689644 , 5923048 -19576801 4575186 16232780 -17466007 18207 , 10288574 221307 -221307 0 5654847 5433540 , 13917618 17838140 30332206 -1139365 13314251 10008687 , -19134851 14702336 549656 -12405453 261316 -1936369 , -6729398 -549656 -14702336 12405453 -2486025 -14441020 , -10309732 -4575186 19576801 -16232780 -4556979 2110794 , 24704731 1967693 -1967693 0 -8155491 -10123184 , 1.1130652979299998e-11 , 9
2.600583386977846 , 15056983 -30332206 -17838140 1139365 -20323519 -4523889 , 10288574 221307 -221307 0 5654847 5433540 , -1936369 261316 -12405453 549656 14702336 -19134851 , 8053416 -2189000 2189000 0 2500644 4689644 , 13917618 17838140 30332206 -1139365 13314251 10008687 , 18207 -17466007 16232780 4575186 -19576801 5923048 , -4556979 -16232780 17466007 -4575186 -10309732 -2110794 , -2486025 12405453 -261316 -549656 -6729398 14441020 , 24704731 1967693 -1967693 0 -8155491 -10123184 , 1.1130652982386906e-11 , 10
2.600583386977846 , 15056983 -30332206 -17838140 1139365 -20323519 -4523889 , 10288574 221307 -221307 0 5654847 5433540 , 1936369 -261316 12405453 -549656 -14702336 19134851 , 8053416 -2189000 2189000 0 2500644 4689644 , 13917618 17838140 30332206 -1139365 13314251 10008687 , -18207 17466007 -16232780 -4575186 19576801 -5923048 , 4556979 16232780 -17466007 4575186 10309732 2110794 , 2486025 -12405453 261316 549656 6729398 -14441020 , 24704731 1967693 -1967693 0 -8155491 -10123184 , 1.1130652982386906e-11 , 11
2.600583386977846 , 15056983 -30332206 -17838140 1139365 -20323519 -4523889 , 10288574 221307 -221307 0 5654847 5433540 , -14441020 6729398 549656 261316 -12405453 2486025 , 8053416 -2189000 2189000 0 2500644 4689644 , 13917618 17838140 30332206 -1139365 13314251 10008687 , 2110794 10309732 4575186 -17466007 16232780 4556979 , 19576801 -4575186 -10309732 17466007 -18207 5923048 , -14702336 -549656 -6729398 -261316 1936369 -19134851 , 24704731 1967693 -1967693 0 -8155491 -10123184 , 1.11306529834795e-11 , 12
2.600583386977846 , 15056983 -30332206 -17838140 1139365 -20323519 -4523889 , 10288574 221307 -221307 0 5654847 5433540 , 14441020 -6729398 -549656 -261316 12405453 -2486025 , 8053416 -2189000 2189000 0 2500644 4689644 , 13917618 17838140 30332206 -1139365 13314251 10008687 , -2110794 -10309732 -4575186 17466007 -16232780 -4556979 , -19576801 4575186 10309732 -17466007 18207 -5923048 , 14702336 549656 6729398 261316 -1936369 19134851 , 24704731 1967693 -1967693 0 -8155491 -10123184 , 1.11306529834795e-11 , 13
2.600583386977846 , 15056983 -30332206 -17838140 1139365 -20323519 -4523889 , 8053416 -2189000 2189000 0 2500644 4689644 , -17466007 18207 -5923048 2110794 -4556979 -16232780 , 10288574 221307 -221307 0 5654847 5433540 , 13917618 17838140 30332206 -1139365 13314251 10008687 , 261316 -1936369 19134851 -14441020 -2486025 12405453 , 14702336 -19134851 1936369 14441020 -6729398 -549656 , -19576801 5923048 -18207 -2110794 -10309732 -4575186 , 24704731 1967693 -1967693 0 -8155491 -10123184 , 1.1130652986765682e-11 , 14
2.600583386977846 , 15056983 -30332206 -17838140 1139365 -20323519 -4523889 , 8053416 -2189000 2189000 0 2500644 4689644 , 17466007 -18207 5923048 -2110794 4556979 16232780 , 10288574 221307 -221307 0 5654847 5433540 , 13917618 17838140 30332206 -1139365 13314251 10008687 , -261316 1936369 -19134851 14441020 2486025 -12405453 , -14702336 19134851 -1936369 -14441020 6729398 549656 , 19576801 -5923048 18207 2110794 10309732 4575186 , 24704731 1967693 -1967693 0 -8155491 -10123184 , 1.1130652986765682e-11 , 15
2.600583386977846 , 15056983 -30332206 -17838140 1139365 -20323519 -4523889 , 8053416 -2189000 2189000 0 2500644 4689644 , -16232780 17466007 -18207 -10309732 -2110794 4556979 , 10288574 221307 -221307 0 5654847 5433540 , 13917618 17838140 30332206 -1139365 13314251 10008687 , 12405453 -261316 1936369 -6729398 14441020 2486025 , 19134851 -1936369 261316 6729398 549656 14702336 , -5923048 18207 -17466007 10309732 4575186 -19576801 , 24704731 1967693 -1967693 0 -8155491 -10123184 , 1.1130652992606839e-11 , 16
2.600583386977846 , 15056983 -30332206 -17838140 1139365 -20323519 -4523889 , 8053416 -2189000 2189000 0 2500644 4689644 , 16232780 -17466007 18207 10309732 2110794 -4556979 , 10288574 221307 -221307 0 5654847 5433540 , 13917618 17838140 30332206 -1139365 13314251 10008687 , -12405453 261316 -1936369 6729398 -14441020 -2486025 , -19134851 1936369 -261316 -6729398 -549656 -14702336 , 5923048 -18207 17466007 -10309732 -4575186 19576801 , 24704731 1967693 -1967693 0 -8155491 -10123184 , 1.1130652992606839e-11 , 17
2.600583386977846 , 15056983 -30332206 -17838140 1139365 -20323519 -4523889 , 10288574 221307 -221307 0 5654847 5433540 , 549656 14702336 -19134851 2486025 14441020 -6729398 , 8053416 -2189000 2189000 0 2500644 4689644 , 13917618 17838140 30332206 -1139365 13314251 10008687 , 4575186 -19576801 5923048 4556979 -2110794 -10309732 , 18207 -5923048 19576801 -4556979 -16232780 17466007 , -1936369 19134851 -14702336 -2486025 12405453 -261316 , 24704731 1967693 -1967693 0 -8155491 -10123184 , 1.1130652993701244e-11 , 18
2.600583386977846 , 15056983 -30332206 -17838140 1139365 -20323519 -4523889 , 10288574 221307 -221307 0 5654847 5433540 , -549656 -14702336 19134851 -2486025 -14441020 6729398 , 8053416 -2189000 2189000 0 2500644 4689644 , 13917618 17838140 30332206 -1139365 13314251 10008687 , -4575186 19576801 -5923048 -4556979 2110794 10309732 , -18207 5923048 -19576801 4556979 16232780 -17466007 , 1936369 -19134851 14702336 2486025 -12405453 261316 , 24704731 1967693 -1967693 0 -8155491 -10123184 , 1.1130652993701244e-11 , 19
2.600583386977846 , 15056983 -30332206 -17838140 1139365 -20323519 -4523889 , 8053416 -2189000 2189000 0 2500644 4689644 , 4575186 10309732 2110794 18207 -5923048 19576801 , 10288574 221307 -221307 0 5654847 5433540 , 13917618 17838140 30332206 -1139365 13314251 10008687 , 549656 6729398 -14441020 -1936369 19134851 -14702336 , 2486025 14441020 -6729398 1936369 -261316 12405453 , 4556979 -2110794 -10309732 -18207 17466007 -16232780 , 24704731 1967693 -1967693 0 -8155491 -10123184 , 1.113065299927586e-11 , 20
2.600583386977846 , 15056983 -30332206 -17838140 1139365 -20323519 -4523889 , 8053416 -2189000 2189000 0 2500644 4689644 , -4575186 -10309732 -2110794 -18207 5923048 -19576801 , 10288574 221307 -221307 0 5654847 5433540 , 13917618 17838140 30332206 -1139365 13314251 10008687 , -549656 -6729398 14441020 1936369 -19134851 14702336 , -2486025 -14441020 6729398 -1936369 261316 -12405453 , -4556979 2110794 10309732 18207 -17466007 16232780 , 24704731 1967693 -1967693 0 -8155491 -10123184 , 1.113065299927586e-11 , 21
2.600583386977846 , 15056983 -30332206 -17838140 1139365 -20323519 -4523889 , 8053416 -2189000 2189000 0 2500644 4689644 , 4556979 16232780 -17466007 4575186 10309732 2110794 , 10288574 221307 -221307 0 5654847 5433540 , 13917618 17838140 30332206 -1139365 13314251 10008687 , 2486025 -12405453 261316 549656 6729398 -14441020 , 1936369 -261316 12405453 -549656 -14702336 19134851 , -18207 17466007 -16232780 -4575186 19576801 -5923048 , 24704731 1967693 -1967693 0 -8155491 -10123184 , 1.1130653001438627e-11 , 22
2.600583386977846 , 15056983 -30332206 -17838140 1139365 -20323519 -4523889 , 8053416 -2189000 2189000 0 2500644 4689644 , -4556979 -16232780 17466007 -4575186 -10309732 -2110794 , 10288574 221307 -221307 0 5654847 5433540 , 13917618 17838140 30332206 -1139365 13314251 10008687 , -2486025 12405453 -261316 -549656 -6729398 14441020 , -1936369 261316 -12405453 549656 14702336 -19134851 , 18207 -17466007 16232780 4575186 -19576801 5923048 , 24704731 1967693 -1967693 0 -8155491 -10123184 , 1.1130653001438627e-11 , 23
2.600583386977846 , 15056983 -30332206 -17838140 1139365 -20323519 -4523889 , 10288574 221307 -221307 0 5654847 5433540 , -19134851 1936369 -261316 -6729398 -549656 -14702336 , 8053416 -2189000 2189000 0 2500644 4689644 , 13917618 17838140 30332206 -1139365 13314251 10008687 , 5923048 -18207 17466007 -10309732 -4575186 19576801 , 16232780 -17466007 18207 10309732 2110794 -4556979 , -12405453 261316 -1936369 6729398 -14441020 -2486025 , 24704731 1967693 -1967693 0 -8155491 -10123184 , 1.113065300313833e-11 , 24
2.600583386977846 , 15056983 -30332206 -17838140 1139365 -20323519 -4523889 , 10288574 221307 -221307 0 5654847 5433540 , 19134851 -1936369 261316 6729398 549656 14702336 , 8053416 -2189000 2189000 0 2500644 4689644 , 13917618 17838140 30332206 -1139365 13314251 10008687 , -5923048 18207 -17466007 10309732 4575186 -19576801 , -16232780 17466007 -18207 -10309732 -2110794 4556979 , 12405453 -261316 1936369 -6729398 14441020 2486025 , 24704731 1967693 -1967693 0 -8155491 -10123184 , 1.113065300313833e-11 , 25
2.600583386977846 , 15056983 -30332206 -17838140 1139365 -20323519 -4523889 , 10288574 221307 -221307 0 5654847 5433540 , -12405453 2486025 14441020 -19134851 1936369 -261316 , 8053416 -2189000 2189000 0 2500644 4689644 , 13917618 17838140 30332206 -1139365 13314251 10008687 , 16232780 4556979 -2110794 5923048 -18207 17466007 , 10309732 2110794 -4556979 -5923048 19576801 -4575186 , 6729398 -14441020 -2486025 19134851 -14702336 -549656 , 24704731 1967693 -1967693 0 -8155491 -10123184 , 1.1130653006781002e-11 , 26
2.600583386977846 , 15056983 -30332206 -17838140 1139365 -20323519 -4523889 , 10288574 221307 -221307 0 5654847 5433540 , 12405453 -2486025 -14441020 19134851 -1936369 261316 , 8053416 -2189000 2189000 0 2500644 4689644 , 13917618 17838140 30332206 -1139365 13314251 10008687 , -16232780 -4556979 2110794 -5923048 18207 -17466007 , -10309732 -2110794 4556979 5923048 -19576801 4575186 , -6729398 14441020 2486025 -19134851 14702336 549656 , 24704731 1967693 -1967693 0 -8155491 -10123184 , 1.1130653006781002e-11 , 27
2.600583386977846 , 15056983 -30332206 -17838140 1139365 -20323519 -4523889 , 10288574 221307 -221307 0 5654847 5433540 , 6729398 549656 14702336 -12405453 2486025 14441020 , 8053416 -2189000 2189000 0 2500644 4689644 , 13917618 17838140 30332206 -1139365 13314251 10008687 , 10309732 4575186 -19576801 16232780 4556979 -2110794 , -5923048 19576801 -4575186 -16232780 17466007 -18207 , 19134851 -14702336 -549656 12405453 -261316 1936369 , 24704731 1967693 -1967693 0 -8155491 -10123184 , 1.1130653011163447e-11 , 28
2.600583386977846 , 15056983 -30332206 -17838140 1139365 -20323519 -4523889 , 10288574 221307 -221307 0 5654847 5433540 , -6729398 -549656 -14702336 12405453 -2486025 -14441020 , 8053416 -2189000 2189000 0 2500644 4689644 , 13917618 17838140 30332206 -1139365 13314251 10008687 , -10309732 -4575186 19576801 -16232780 -4556979 2110794 , 5923048 -19576801 4575186 16232780 -17466007 18207 , -19134851 14702336 549656 -12405453 261316 -1936369 , 24704731 1967693 -1967693 0 -8155491 -10123184 , 1.1130653011163447e-11 , 29
2.600583386977846 , 15056983 -30332206 -17838140 1139365 -20323519 -4523889 , 8053416 -2189000 2189000 0 2500644 4689644 , 2110794 -4556979 -16232780 19576801 -4575186 -10309732 , 10288574 221307 -221307 0 5654847 5433540 , 13917618 17838140 30332206 -1139365 13314251 10008687 , -14441020 -2486025 12405453 -14702336 -549656 -6729398 , 261316 -12405453 2486025 14702336 -19134851 1936369 , -17466007 16232780 4556979 -19576801 5923048 -18207 , 24704731 1967693 -1967693 0 -8155491 -10123184 , 1.1130653025269768e-11 , 30
2.600583386977846 , 15056983 -30332206 -17838140 1139365 -20323519 -4523889 , 8053416 -2189000 2189000 0 2500644 4689644 , -2110794 4556979 16232780 -19576801 4575186 10309732 , 10288574 221307 -221307 0 5654847 5433540 , 13917618 17838140 30332206 -1139365 13314251 10008687 , 14441020 2486025 -12405453 14702336 549656 6729398 , -261316 12405453 -2486025 -14702336 19134851 -1936369 , 17466007 -16232780 -4556979 19576801 -5923048 18207 , 24704731 1967693 -1967693 0 -8155491 -10123184 , 1.1130653025269768e-11 , 31
2.600583386977846 , 15056983 -30332206 -17838140 1139365 -20323519 -4523889 , 8053416 -2189000 2189000 0 2500644 4689644 , -10309732 -2110794 4556979 5923048 -19576801 4575186 , 10288574 221307 -221307 0 5654847 5433540 , 13917618 17838140 30332206 -1139365 13314251 10008687 , -6729398 14441020 2486025 -19134851 14702336 549656 , 12405453 -2486025 -14441020 19134851 -1936369 261316 , -16232780 -4556979 2110794 -5923048 18207 -17466007 , 24704731 1967693 -1967693 0 -8155491 -10123184 , 1.113065303358148e-11 , 32
2.600583386977846 , 15056983 -30332206 -17838140 1139365 -20323519 -4523889 , 8053416 -2189000 2189000 0 2500644 4689644 , 10309732 2110794 -4556979 -5923048 19576801 -4575186 , 10288574 221307 -221307 0 5654847 5433540 , 13917618 17838140 30332206 -1139365 13314251 10008687 , 6729398 -14441020 -2486025 19134851 -14702336 -549656 , -12405453 2486025 14441020 -19134851 1936369 -261316 , 16232780 4556979 -2110794 5923048 -18207 17466007 , 24704731 1967693 -1967693 0 -8155491 -10123184 , 1.113065303358148e-11 , 33
2.600583386977846 , 15056983 -30332206 -17838140 1139365 -20323519 -4523889 , 10288574 221307 -221307 0 5654847 5433540 , -14702336 19134851 -1936369 -14441020 6729398 549656 , 8053416 -2189000 2189000 0 2500644 4689644 , 13917618 17838140 30332206 -1139365 13314251 10008687 , 19576801 -5923048 18207 2110794 10309732 4575186 , 17466007 -18207 5923048 -2110794 4556979 16232780 , -261316 1936369 -19134851 14441020 2486025 -12405453 , 24704731 1967693 -1967693 0 -8155491 -10123184 , 1.1130653048546185e-11 , 34
2.600583386977846 , 15056983 -30332206 -17838140 1139365 -20323519 -4523889 , 10288574 221307 -221307 0 5654847 5433540 , 14702336 -19134851 1936369 14441020 -6729398 -549656 , 8053416 -2189000 2189000 0 2500644 4689644 , 13917618 17838140 30332206 -1139365 13314251 10008687 , -19576801 5923048 -18207 -2110794 -10309732 -4575186 , -17466007 18207 -5923048 2110794 -4556979 -16232780 , 261316 -1936369 19134851 -14441020 -2486025 12405453 , 24704731 1967693 -1967693 0 -8155491 -10123184 , 1.1130653048546185e-11 , 35
2.7095710912617466 , -9334059 -26943582 -11677465 -19082567 -12037861 -21682675 , 11845703 -3552341 3552341 0 3407072 6959413 , -18780527 2630820 7159675 -12759178 -1490749 -8238335 , 6496287 1584648 -1584648 0 4748419 3163771 , 9748508 11677465 26943582 19082567 -10005210 14905721 , -10968377 11917099 1367419 -1826725 -11220721 10487995 , -9141652 -1367419 -11917099 1826725 9120576 -23137820 , -6021349 -7159675 -2630820 12759178 -15398010 -4121569 , 24704731 1967693 -1967693 0 -8155491 -10123184 , 1.1130652978535145e-11 , 0
2.7095710912617466 , -9334059 -26943582 -11677465 -19082567 -12037861 -21682675 , 11845703 -3552341 3552341 0 3407072 6959413 , 18780527 -2630820 -7159675 12759178 1490749 8238335 , 6496287 1584648 -1584648 0 4748419 3163771 , 9748508 11677465 26943582 19082567 -10005210 14905721 , 10968377 -11917099 -1367419 1826725 11220721 -10487995 , 9141652 1367419 11917099 -1826725 -9120576 23137820 , 6021349 7159675 2630820 -12759178 15398010 4121569 , 24704731 1967693 -1967693 0 -8155491 -10123184 , 1.1130652978535145e-11 , 1
2.7095710912617466 , -9334059 -26943582 -11677465 -19082567 -12037861 -21682675 , 11845703 -3552341 3552341 0 3407072 6959413 , 8238335 -18780527 2630820 15398010 -12759178 -1490749 , 6496287 1584648 -1584648 0 4748419 3163771 , 9748508 11677465 26943582 19082567 -10005210 14905721 , -10487995 -10968377 11917099 -9120576 -1826725 -11220721 , -1367419 -11917099 10968377 9120576 -23137820 9141652 , -7159675 -2630820 18780527 -15398010 -4121569 6021349 , 24704731 1967693 -1967693 0 -8155491 -10123184 , 1.1130652978557038e-11 , 2
2.7095710912617466 , -9334059 -26943582 -11677465 -19082567 -12037861 -21682675 , 11845703 -3552341 3552341 0 3407072 6959413 , -8238335 18780527 -2630820 -15398010 12759178 1490749 , 6496287 1584648 -1584648 0 4748419 3163771 , 9748508 11677465 26943582 19082567 -10005210 14905721 , 10487995 10968377 -11917099 9120576 1826725 11220721 , 1367419 11917099 -10968377 -9120576 23137820 -9141652 , 7159675 2630820 -18780527 15398010 4121569 -6021349 , 24704731 1967693 -1967693 0 -8155491 -10123184 , 1.1130652978557038e-11 , 3
2.7095710912617466 , -9334059 -26943582 -11677465 -19082567 -12037861 -21682675 , 11845703 -3552341 3552341 0 3407072 6959413 , 2630820 7159675 6021349 -1490749 -8238335 18780527 , 6496287 1584648 -1584648 0 4748419 3163771 , 9748508 11677465 26943582 19082567 -10005210 14905721 , 11917099 1367419 9141652 -11220721 10487995 10968377 , 23137820 -9141652 -1367419 11220721 1826725 9120576 , 4121569 -6021349 -7159675 1490749 12759178 -15398010 , 24704731 1967693 -1967693 0 -8155491 -10123184 , 1.1130652984657866e-11 , 4
2.7095710912617466 , -9334059 -26943582 -11677465 -19082567 -12037861 -21682675 , 11845703 -3552341 3552341 0 3407072 6959413 , -2630820 -7159675 -6021349 1490749 8238335 -18780527 , 6496287 1584648 -1584648 0 4748419 3163771 , 9748508 11677465 26943582 19082567 -10005210 14905721 , -11917099 -1367419 -9141652 11220721 -10487995 -10968377 , -23137820 9141652 1367419 -11220721 -1826725 -9120576 , -4121569 6021349 7159675 -1490749 -12759178 15398010 , 24704731 1967693 -1967693 0 -8155491 -10123184 , 1.1130652984657866e-11 , 5
2.7095710912617466 , -9334059 -26943582 -11677465 -19082567 -12037861 -21682675 , 6496287 1584648 -1584648 0 4748419 3163771 , -9120576 23137820 -9141652 -10487995 11220721 1826725 , 11845703 -3552341 3552341 0 3407072 6959413 , 9748508 11677465 26943582 19082567 -10005210 14905721 , 15398010 4121569 -6021349 8238335 1490749 12759178 , 7159675 6021349 -4121569 -8238335 18780527 -2630820 , 1367419 9141652 -23137820 10487995 10968377 -11917099 , 24704731 1967693 -1967693 0 -8155491 -10123184 , 1.1130652989634286e-11 , 6
2.7095710912617466 , -9334059 -26943582 -11677465 -19082567 -12037861 -21682675 , 6496287 1584648 -1584648 0 4748419 3163771 , 9120576 -23137820 9141652 10487995 -11220721 -1826725 , 11845703 -3552341 3552341 0 3407072 6959413 , 9748508 11677465 26943582 19082567 -10005210 14905721 , -15398010 -4121569 6021349 -8238335 -1490749 -12759178 , -7159675 -6021349 4121569 8238335 -18780527 2630820 , -1367419 -9141652 23137820 -10487995 -10968377 11917099 , 24704731 1967693 -1967693 0 -8155491 -10123184 , 1.1130652989634286e-11 , 7
2.7095710912617466 , -9334059 -26943582 -11677465 -19082567 -12037861 -21682675 , 6496287 1584648 -1584648 0 4748419 3163771 , -10487995 11220721 1826725 -1367419 -11917099 10968377 , 11845703 -3552341 3552341 0 3407072 6959413 , 9748508 11677465 26943582 19082567 -10005210 14905721 , 8238335 1490749 12759178 -7159675 -2630820 18780527 , 15398010 -12759178 -1490749 7159675 6021349 -4121569 , -9120576 -1826725 -11220721 1367419 9141652 -23137820 , 24704731 1967693 -1967693 0 -8155491 -10123184 , 1.1130652992032504e-11 , 8
2.7095710912617466 , -9334059 -26943582 -11677465 -19082567 -12037861 -21682675 , 6496287 1584648 -1584648 0 4748419 3163771 , 10487995 -11220721 -1826725 1367419 11917099 -10968377 , 11845703 -3552341 3552341 0 3407072 6959413 , 9748508 11677465 26943582 19082567 -10005210 14905721 , -8238335 -1490749 -12759178 7159675 2630820 -18780527 , -15398010 12759178 1490749 -7159675 -6021349 4121569 , 9120576 1826725 11220721 -1367419 -9141652 23137820 , 24704731 1967693 -1967693 0 -8155491 -10123184 , 1.1130652992032504e-11 , 9
2.7095710912617466 , -9334059 -26943582 -11677465 -19082567 -12037861 -21682675 , 11845703 -3552341 3552341 0 3407072 6959413 , -12759178 -1490749 -8238335 6021349 -4121569 -15398010 , 6496287 1584648 -1584648 0 4748419 3163771 , 9748508 11677465 26943582 19082567 -10005210 14905721 , -1826725 -11220721 10487995 9141652 -23137820 9120576 , -10968377 -10487995 11220721 -9141652 -1367419 -11917099 , -18780527 8238335 1490749 -6021349 -7159675 -2630820 , 24704731 1967693 -1967693 0 -8155491 -10123184 , 1.1130652995155633e-11 , 10
2.7095710912617466 , -9334059 -26943582 -11677465 -19082567 -12037861 -21682675 , 11845703 -3552341 3552341 0 3407072 6959413 , 12759178 1490749 8238335 -6021349 4121569 15398010 , 6496287 1584648 -1584648 0 4748419 3163771 , 9748508 11677465 26943582 19082567 -10005210 14905721 , 1826725 11220721 -10487995 -9141652 23137820 -9120576 , 10968377 10487995 -11220721 9141652 1367419 11917099 , 18780527 -8238335 -1490749 6021349 7159675 2630820 , 24704731 1967693 -1967693 0 -8155491 -10123184 , 1.1130652995155633e-11 , 11
2.7095710912617466 , -9334059 -26943582 -11677465 -19082567 -12037861 -21682675 , 6496287 1584648 -1584648 0 4748419 3163771 , 1367419 11917099 -10968377 -9120576 23137820 -9141652 , 11845703 -3552341 3552341 0 3407072 6959413 , 9748508 11677465 26943582 19082567 -10005210 14905721 , 7159675 2630820 -18780527 15398010 4121569 -6021349 , -8238335 18780527 -2630820 -15398010 12759178 1490749 , 10487995 10968377 -11917099 9120576 1826725 11220721 , 24704731 1967693 -1967693 0 -8155491 -10123184 , 1.1130652995363758e-11 , 12
2.7095710912617466 , -9334059 -26943582 -11677465 -19082567 -12037861 -21682675 , 6496287 1584648 -1584648 0 4748419 3163771 , -1367419 -11917099 10968377 9120576 -23137820 9141652 , 11845703 -3552341 3552341 0 3407072 6959413 , 9748508 11677465 26943582 19082567 -10005210 14905721 , -7159675 -2630820 18780527 -15398010 -4121569 6021349 , 8238335 -18780527 2630820 15398010 -12759178 -1490749 , -10487995 -10968377 11917099 -9120576 -1826725 -11220721 , 24704731 1967693 -1967693 0 -8155491 -10123184 , 1.1130652995363758e-11 , 13
2.7095710912617466 , -9334059 -26943582 -11677465 -19082567 -12037861 -21682675 , 6496287 1584648 -1584648 0 4748419 3163771 , -11220721 -1826725 -9120576 11917099 -10968377 -10487995 , 11845703 -3552341 3552341 0 3407072 6959413 , 9748508 11677465 26943582 19082567 -10005210 14905721 , -1490749 -12759178 15398010 2630820 -18780527 8238335 , -4121569 -15398010 12759178 -2630820 -7159675 -6021349 , -23137820 9120576 1826725 -11917099 -1367419 -9141652 , 24704731 1967693 -1967693 0 -8155491 -10123184 , 1.1130653000705424e-11 , 14
2.7095710912617466 , -9334059 -26943582 -11677465 -19082567 -12037861 -21682675 , 6496287 1584648 -1584648 0 4748419 3163771 , 11220721 1826725 9120576 -11917099 10968377 10487995 , 11845703 -3552341 3552341 0 3407072 6959413 , 9748508 11677465 26943582 19082567 -10005210 14905721 , 1490749 12759178 -15398010 -2630820 18780527 -8238335 , 4121569 15398010 -12759178 2630820 7159675 6021349 , 23137820 -9120576 -1826725 11917099 1367419 9141652 , 24704731 1967693 -1967693 0 -8155491 -10123184 , 1.1130653000705424e-11 , 15
2.7095710912617466 , -9334059 -26943582 -11677465 -19082567 -12037861 -21682675 , 6496287 1584648 -1584648 0 4748419 3163771 , -1826725 -9120576 23137820 -10968377 -10487995 11220721 , 11845703 -3552341 3552341 0 3407072 6959413 , 9748508 11677465 26943582 19082567 -10005210 14905721 , -12759178 15398010 4121569 -18780527 8238335 1490749 , 6021349 -4121569 -15398010 18780527 -2630820 -7159675 , 9141652 -23137820 9120576 10968377 -11917099 -1367419 , 24704731 1967693 -1967693 0 -8155491 -10123184 , 1.1130653005869002e-11 , 16
2.7095710912617466 , -9334059 -26943582 -11677465 -19082567 -12037861 -21682675 , 6496287 1584648 -1584648 0 4748419 3163771 , 1826725 9120576 -23137820 10968377 10487995 -11220721 , 11845703 -3552341 3552341 0 3407072 6959413 , 9748508 11677465 26943582 19082567 -10005210 14905721 , 12759178 -15398010 -4121569 18780527 -8238335 -1490749 , -6021349 4121569 15398010 -18780527 2630820 7159675 , -9141652 23137820 -9120576 -10968377 11917099 1367419 , 24704731 1967693 -1967693 0 -8155491 -10123184 , 1.1130653005869002e-11 , 17
2.7095710912617466 , -9334059 -26943582 -11677465 -19082567 -12037861 -21682675 , 11845703 -3552341 3552341 0 3407072 6959413 , -7159675 -6021349 4121569 8238335 -18780527 2630820 , 6496287 1584648 -1584648 0 4748419 3163771 , 9748508 11677465 26943582 19082567 -10005210 14905721 , -1367419 -9141652 23137820 -10487995 -10968377 11917099 , 9120576 -23137820 9141652 10487995 -11220721 -1826725 , -15398010 -4121569 6021349 -8238335 -1490749 -12759178 , 24704731 1967693 -1967693 0 -8155491 -10123184 , 1.1130653010034517e-11 , 18
2.7095710912617466 , -9334059 -26943582 -11677465 -19082567 -12037861 -21682675 , 11845703 -3552341 3552341 0 3407072 6959413 , 7159675 6021349 -4121569 -8238335 18780527 -2630820 , 6496287 1584648 -1584648 0 4748419 3163771 , 9748508 11677465 26943582 19082567 -10005210 14905721 , 1367419 9141652 -23137820 10487995 10968377 -11917099 , -9120576 23137820 -9141652 -10487995 11220721 1826725 , 15398010 4121569 -6021349 8238335 1490749 12759178 , 24704731 1967693 -1967693 0 -8155491 -10123184 , 1.1130653010034517e-11 , 19
2.7095710912617466 , -9334059 -26943582 -11677465 -19082567 -12037861 -21682675 , 11845703 -3552341 3552341 0 3407072 6959413 , -15398010 12759178 1490749 -7159675 -6021349 4121569 , 6496287 1584648 -1584648 0 4748419 3163771 , 9748508 11677465 26943582 19082567 -10005210 14905721 , 9120576 1826725 11220721 -1367419 -9141652 23137820 , 10487995 -11220721 -1826725 1367419 11917099 -10968377 , -8238335 -1490749 -12759178 7159675 2630820 -18780527 , 24704731 1967693 -1967693 0 -8155491 -10123184 , 1.1130653013963969e-11 , 20
2.7095710912617466 , -9334059 -26943582 -11677465 -19082567 -12037861 -21682675 , 11845703 -3552341 3552341 0 3407072 6959413 , 15398010 -12759178 -1490749 7159675 6021349 -4121569 , 6496287 1584648 -1584648 0 4748419 3163771 , 9748508 11677465 26943582 19082567 -10005210 14905721 , -9120576 -1826725 -11220721 1367419 9141652 -23137820 , -10487995 11220721 1826725 -1367419 -11917099 10968377 , 8238335 1490749 12759178 -7159675 -2630820 18780527 , 24704731 1967693 -1967693 0 -8155491 -10123184 , 1.1130653013963969e-11 , 21
2.7095710912617466 , -9334059 -26943582 -11677465 -19082567 -12037861 -21682675 , 6496287 1584648 -1584648 0 4748419 3163771 , -10968377 -10487995 11220721 -9141652 -1367419 -11917099 , 11845703 -3552341 3552341 0 3407072 6959413 , 9748508 11677465 26943582 19082567 -10005210 14905721 , -18780527 8238335 1490749 -6021349 -7159675 -2630820 , -12759178 -1490749 -8238335 6021349 -4121569 -15398010 , -1826725 -11220721 10487995 9141652 -23137820 9120576 , 24704731 1967693 -1967693 0 -8155491 -10123184 , 1.1130653014587598e-11 , 22
2.7095710912617466 , -9334059 -26943582 -11677465 -19082567 -12037861 -21682675 , 6496287 1584648 -1584648 0 4748419 3163771 , 10968377 10487995 -11220721 9141652 1367419 11917099 , 11845703 -3552341 3552341 0 3407072 6959413 , 9748508 11677465 26943582 19082567 -10005210 14905721 , 18780527 -8238335 -1490749 6021349 7159675 2630820 , 12759178 1490749 8238335 -6021349 4121569 15398010 , 1826725 11220721 -10487995 -9141652 23137820 -9120576 , 24704731 1967693 -1967693 0 -8155491 -10123184 , 1.1130653014587598e-11 , 23
2.7095710912617466 , -9334059 -26943582 -11677465 -19082567 -12037861 -21682675 , 6496287 1584648 -1584648 0 4748419 3163771 , -23137820 9141652 1367419 -11220721 -1826725 -9120576 , 11845703 -3552341 3552341 0 3407072 6959413 , 9748508 11677465 26943582 19082567 -10005210 14905721 , -4121569 6021349 7159675 -1490749 -12759178 15398010 , -2630820 -7159675 -6021349 1490749 8238335 -18780527 , -11917099 -1367419 -9141652 11220721 -10487995 -10968377 , 24704731 1967693 -1967693 0 -8155491 -10123184 , 1.1130653014587771e-11 , 24
2.7095710912617466 , -9334059 -26943582 -11677465 -19082567 -12037861 -21682675 , 6496287 1584648 -1584648 0 4748419 3163771 , 23137820 -9141652 -1367419 11220721 1826725 9120576 , 11845703 -3552341 3552341 0 3407072 6959413 , 9748508 11677465 26943582 19082567 -10005210 14905721 , 4121569 -6021349 -7159675 1490749 12759178 -15398010 , 2630820 7159675 6021349 -1490749 -8238335 18780527 , 11917099 1367419 9141652 -11220721 10487995 10968377 , 24704731 1967693 -1967693 0 -8155491 -10123184 , 1.1130653014587771e-11 , 25
2.7095710912617466 , -9334059 -26943582 -11677465 -19082567 -12037861 -21682675 , 11845703 -3552341 3552341 0 3407072 6959413 , -1490749 -8238335 18780527 -4121569 -15398010 12759178 , 6496287 1584648 -1584648 0 4748419 3163771 , 9748508 11677465 26943582 19082567 -10005210 14905721 , -11220721 10487995 10968377 -23137820 9120576 1826725 , 11917099 -10968377 -10487995 23137820 -9141652 -1367419 , 2630820 -18780527 8238335 4121569 -6021349 -7159675 , 24704731 1967693 -1967693 0 -8155491 -10123184 , 1.1130653015666108e-11 , 26
2.7095710912617466 , -9334059 -26943582 -11677465 -19082567 -12037861 -21682675 , 11845703 -3552341 3552341 0 3407072 6959413 , 1490749 8238335 -18780527 4121569 15398010 -12759178 , 6496287 1584648 -1584648 0 4748419 3163771 , 9748508 11677465 26943582 19082567 -10005210 14905721 , 11220721 -10487995 -10968377 23137820 -9120576 -1826725 , -11917099 10968377 10487995 -23137820 9141652 1367419 , -2630820 18780527 -8238335 -4121569 6021349 7159675 , 24704731 1967693 -1967693 0 -8155491 -10123184 , 1.1130653015666108e-11 , 27
2.7095710912617466 , -9334059 -26943582 -11677465 -19082567 -12037861 -21682675 , 11845703 -3552341 3552341 0 3407072 6959413 , 4121569 15398010 -12759178 2630820 7159675 6021349 , 6496287 1584648 -1584648 0 4748419 3163771 , 9748508 11677465 26943582 19082567 -10005210 14905721 , 23137820 -9120576 -1826725 11917099 1367419 9141652 , 11220721 1826725 9120576 -11917099 10968377 10487995 , 1490749 12759178 -15398010 -2630820 18780527 -8238335 , 24704731 1967693 -1967693 0 -8155491 -10123184 , 1.1130653018335987e-11 , 28
2.7095710912617466 , -9334059 -26943582 -11677465 -19082567 -12037861 -21682675 , 11845703 -3552341 3552341 0 3407072 6959413 , -4121569 -15398010 12759178 -2630820 -7159675 -6021349 , 6496287 1584648 -1584648 0 4748419 3163771 , 9748508 11677465 26943582 19082567 -10005210 14905721 , -23137820 9120576 1826725 -11917099 -1367419 -9141652 , -11220721 -1826725 -9120576 11917099 -10968377 -10487995 , -1490749 -12759178 15398010 2630820 -18780527 8238335 , 24704731 1967693 -1967693 0 -8155491 -10123184 , 1.1130653018335987e-11 , 29
2.7095710912617466 , -9334059 -26943582 -11677465 -19082567 -12037861 -21682675 , 6496287 1584648 -1584648 0 4748419 3163771 , 9141652 1367419 11917099 -1826725 -9120576 23137820 , 11845703 -3552341 3552341 0 3407072 6959413 , 9748508 11677465 26943582 19082567 -10005210 14905721 , 6021349 7159675 2630820 -12759178 15398010 4121569 , 18780527 -2630820 -7159675 12759178 1490749 8238335 , 10968377 -11917099 -1367419 1826725 11220721 -10487995 , 24704731 1967693 -1967693 0 -8155491 -10123184 , 1.1130653031136343e-11 , 30
2.7095710912617466 , -9334059 -26943582 -11677465 -19082567 -12037861 -21682675 , 6496287 1584648 -1584648 0 4748419 3163771 , -9141652 -1367419 -11917099 1826725 9120576 -23137820 , 11845703 -3552341 3552341 0 3407072 6959413 , 9748508 11677465 26943582 19082567 -10005210 14905721 , -6021349 -7159675 -2630820 12759178 -15398010 -4121569 , -18780527 2630820 7159675 -12759178 -1490749 -8238335 , -10968377 11917099 1367419 -1826725 -11220721 10487995 , 24704731 1967693 -1967693 0 -8155491 -10123184 , 1.1130653031136343e-11 , 31
2.7095710912617466 , -9334059 -26943582 -11677465 -19082567 -12037861 -21682675 , 6496287 1584648 -1584648 0 4748419 3163771 , 11917099 -10968377 -10487995 23137820 -9141652 -1367419 , 11845703 -3552341 3552341 0 3407072 6959413 , 9748508 11677465 26943582 19082567 -10005210 14905721 , 2630820 -18780527 8238335 4121569 -6021349 -7159675 , -1490749 -8238335 18780527 -4121569 -15398010 12759178 , -11220721 10487995 10968377 -23137820 9120576 1826725 , 24704731 1967693 -1967693 0 -8155491 -10123184 , 1.1130653035216216e-11 , 32
2.7095710912617466 , -9334059 -26943582 -11677465 -19082567 -12037861 -21682675 , 6496287 1584648 -1584648 0 4748419 3163771 , -11917099 10968377 10487995 -23137820 9141652 1367419 , 11845703 -3552341 3552341 0 3407072 6959413 , 9748508 11677465 26943582 19082567 -10005210 14905721 , -2630820 18780527 -8238335 -4121569 6021349 7159675 , 1490749 8238335 -18780527 4121569 15398010 -12759178 , 11220721 -10487995 -10968377 23137820 -9120576 -1826725 , 24704731 1967693 -1967693 0 -8155491 -10123184 , 1.1130653035216216e-11 , 33
2.7095710912617466 , -9334059 -26943582 -11677465 -19082567 -12037861 -21682675 , 11845703 -3552341 3552341 0 3407072 6959413 , -6021349 4121569 15398010 -18780527 2630820 7159675 , 6496287 1584648 -1584648 0 4748419 3163771 , 9748508 11677465 26943582 19082567 -10005210 14905721 , -9141652 23137820 -9120576 -10968377 11917099 1367419 , 1826725 9120576 -23137820 10968377 10487995 -11220721 , 12759178 -15398010 -4121569 18780527 -8238335 -1490749 , 24704731 1967693 -1967693 0 -8155491 -10123184 , 1.1130653036665455e-11 , 34
2.7095710912617466 , -9334059 -26943582 -11677465 -19082567 -12037861 -21682675 , 11845703 -3552341 3552341 0 3407072 6959413 , 6021349 -4121569 -15398010 18780527 -2630820 -7159675 , 6496287 1584648 -1584648 0 4748419 3163771 , 9748508 11677465 26943582 19082567 -10005210 14905721 , 9141652 -23137820 9120576 10968377 -11917099 -1367419 , -1826725 -9120576 23137820 -10968377 -10487995 11220721 , -12759178 15398010 4121569 -18780527 8238335 1490749 , 24704731 1967693 -1967693 0 -8155491 -10123184 , 1.1130653036665455e-11 , 35
2.815294063089071 , -28477453 -11717880 -18250902 -14874182 -27354392 -15402081 , 9798426 -8466838 8466838 0 -1688596 6778242 , -4891080 -5376993 11111242 -6198889 -5214338 977629 , -3420683 6562460 -6562460 0 3529659 -3032801 , -13603271 18250902 11717880 14874182 2848821 -15636512 , -1459553 -10023954 15339380 -6565129 -6051307 2654316 , 5105576 -15339380 10023954 6565129 -12685064 3972647 , 1307809 -11111242 5376993 6198889 -10133613 162655 , 36668978 1904378 -1904378 0 -1841063 -3745441 , 3.2050504576598449e-11 , 0
2.815294063089071 , -28477453 -11717880 -18250902 -14874182 -27354392 -15402081 , 9798426 -8466838 8466838 0 -1688596 6778242 , 4891080 5376993 -11111242 6198889 5214338 -977629 , -3420683 6562460 -6562460 0 3529659 -3032801 , -13603271 18250902 11717880 14874182 2848821 -15636512 , 1459553 10023954 -15339380 6565129 6051307 -2654316 , -5105576 15339380 -10023954 -6565129 12685064 -3972647 , -1307809 11111242 -5376993 -6198889 10133613 -162655 , 36668978 1904378 -1904378 0 -1841063 -3745441 , 3.2050504576598449e-11 , 1
2.815294063089071 , -28477453 -11717880 -18250902 -14874182 -27354392 -15402081 , -3420683 6562460 -6562460 0 3529659 -3032801 , -15339380 10023954 1459553 -12685064 3972647 -5105576 , 9798426 -8466838 8466838 0 -1688596 6778242 , -13603271 18250902 11717880 14874182 2848821 -15636512 , -11111242 5376993 4891080 -10133613 162655 -1307809 , -977629 -4891080 -5376993 10133613 -6198889 -5214338 , -2654316 -1459553 -10023954 12685064 -6565129 -6051307 , 36668978 1904378 -1904378 0 -1841063 -3745441 , 3.2050504577254332e-11 , 2
2.815294063089071 , -28477453 -11717880 -18250902 -14874182 -27354392 -15402081 , -3420683 6562460 -6562460 0 3529659 -3032801 , 15339380 -10023954 -1459553 12685064 -3972647 5105576 , 9798426 -8466838 8466838 0 -1688596 6778242 , -13603271 18250902 11717880 14874182 2848821 -15636512 , 11111242 -5376993 -4891080 10133613 -162655 1307809 , 977629 4891080 5376993 -10133613 6198889 5214338 , 2654316 1459553 10023954 -12685064 6565129 6051307 , 36668978 1904378 -1904378 0 -1841063 -3745441 , 3.2050504577254332e-11 , 3
2.815294063089071 , -28477453 -11717880 -18250902 -14874182 -27354392 -15402081 , -3420683 6562460 -6562460 0 3529659 -3032801 , -3972647 5105576 -15339380 6051307 6565129 -12685064 , 9798426 -8466838 8466838 0 -1688596 6778242 , -13603271 18250902 11717880 14874182 2848821 -15636512 , -162655 1307809 -11111242 5214338 6198889 -10133613 , -5376993 11111242 -1307809 -5214338 977629 4891080 , -10023954 15339380 -5105576 -6051307 2654316 1459553 , 36668978 1904378 -1904378 0 -1841063 -3745441 , 3.205050457909994e-11 , 4
2.815294063089071 , -28477453 -11717880 -18250902 -14874182 -27354392 -15402081 , -3420683 6562460 -6562460 0 3529659 -3032801 , 3972647 -5105576 15339380 -6051307 -6565129 12685064 , 9798426 -8466838 8466838 0 -1688596 6778242 , -13603271 18250902 11717880 14874182 2848821 -15636512 , 162655 -1307809 11111242 -5214338 -6198889 10133613 , 5376993 -11111242 1307809 5214338 -977629 -4891080 , 10023954 -15339380 5105576 6051307 -2654316 -1459553 , 36668978 1904378 -1904378 0 -1841063 -3745441 , 3.205050457909994e-11 , 5
2.815294063089071 , -28477453 -11717880 -18250902 -14874182 -27354392 -15402081 , 9798426 -8466838 8466838 0 -1688596 6778242 , -5214338 977629 4891080 162655 -10133613 6198889 , -3420683 6562460 -6562460 0 3529659 -3032801 , -13603271 18250902 11717880 14874182 2848821 -15636512 , -6051307 2654316 1459553 3972647 -12685064 6565129 , -10023954 -1459553 -2654316 -3972647 5105576 -15339380 , -5376993 -4891080 -977629 -162655 1307809 -11111242 , 36668978 1904378 -1904378 0 -1841063 -3745441 , 3.2050504579482511e-11 , 6
2.815294063089071 , -28477453 -11717880 -18250902 -14874182 -27354392 -15402081 , 9798426 -8466838 8466838 0 -1688596 6778242 , 5214338 -977629 -4891080 -162655 10133613 -6198889 , -3420683 6562460 -6562460 0 3529659 -3032801 , -13603271 18250902 11717880 14874182 2848821 -15636512 , 6051307 -2654316 -1459553 -3972647 12685064 -6565129 , 10023954 1459553 2654316 3972647 -5105576 15339380 , 5376993 4891080 977629 162655 -1307809 11111242 , 36668978 1904378 -1904378 0 -1841063 -3745441 , 3.2050504579482511e-11 , 7
2.815294063089071 , -28477453 -11717880 -18250902 -14874182 -27354392 -15402081 , 9798426 -8466838 8466838 0 -1688596 6778242 , -5376993 11111242 -1307809 -5214338 977629 4891080 , -3420683 6562460 -6562460 0 3529659 -3032801 , -13603271 18250902 11717880 14874182 2848821 -15636512 , -10023954 15339380 -5105576 -6051307 2654316 1459553 , -3972647 5105576 -15339380 6051307 6565129 -12685064 , -162655 1307809 -11111242 5214338 6198889 -10133613 , 36668978 1904378 -1904378 0 -1841063 -3745441 , 3.2050504580645049e-11 , 8
2.815294063089071 , -28477453 -11717880 -18250902 -14874182 -27354392 -15402081 , 9798426 -8466838 8466838 0 -1688596 6778242 , 5376993 -11111242 1307809 5214338 -977629 -4891080 , -3420683 6562460 -6562460 0 3529659 -3032801 , -13603271 18250902 11717880 14874182 2848821 -15636512 , 10023954 -15339380 5105576 6051307 -2654316 -1459553 , 3972647 -5105576 15339380 -6051307 -6565129 12685064 , 162655 -1307809 11111242 -5214338 -6198889 10133613 , 36668978 1904378 -1904378 0 -1841063 -3745441 , 3.2050504580645049e-11 , 9
2.815294063089071 , -28477453 -11717880 -18250902 -14874182 -27354392 -15402081 , 9798426 -8466838 8466838 0 -1688596 6778242 , 977629 4891080 5376993 -10133613 6198889 5214338 , -3420683 6562460 -6562460 0 3529659 -3032801 , -13603271 18250902 11717880 14874182 2848821 -15636512 , 2654316 1459553 10023954 -12685064 6565129 6051307 , 15339380 -10023954 -1459553 12685064 -3972647 5105576 , 11111242 -5376993 -4891080 10133613 -162655 1307809 , 36668978 1904378 -1904378 0 -1841063 -3745441 , 3.2050504582183417e-11 , 10
2.815294063089071 , -28477453 -11717880 -18250902 -14874182 -27354392 -15402081 , 9798426 -8466838 8466838 0 -1688596 6778242 , -977629 -4891080 -5376993 10133613 -6198889 -5214338 , -3420683 6562460 -6562460 0 3529659 -3032801 , -13603271 18250902 11717880 14874182 2848821 -15636512 , -2654316 -1459553 -10023954 12685064 -6565129 -6051307 , -15339380 10023954 1459553 -12685064 3972647 -5105576 , -11111242 5376993 4891080 -10133613 162655 -1307809 , 36668978 1904378 -1904378 0 -1841063 -3745441 , 3.2050504582183417e-11 , 11
2.815294063089071 , -28477453 -11717880 -18250902 -14874182 -27354392 -15402081 , 9798426 -8466838 8466838 0 -1688596 6778242 , -6198889 -5214338 977629 -1307809 162655 -10133613 , -3420683 6562460 -6562460 0 3529659 -3032801 , -13603271 18250902 11717880 14874182 2848821 -15636512 , -6565129 -6051307 2654316 -5105576 3972647 -12685064 , -1459553 -2654316 6051307 5105576 -15339380 10023954 , -4891080 -977629 5214338 1307809 -11111242 5376993 , 36668978 1904378 -1904378 0 -1841063 -3745441 , 3.2050504582568328e-11 , 12
2.815294063089071 , -28477453 -11717880 -18250902 -14874182 -27354392 -15402081 , 9798426 -8466838 8466838 0 -1688596 6778242 , 6198889 5214338 -977629 1307809 -162655 10133613 , -3420683 6562460 -6562460 0 3529659 -3032801 , -13603271 18250902 11717880 14874182 2848821 -15636512 , 6565129 6051307 -2654316 5105576 -3972647 12685064 , 1459553 2654316 -6051307 -5105576 15339380 -10023954 , 4891080 977629 -5214338 -1307809 11111242 -5376993 , 36668978 1904378 -1904378 0 -1841063 -3745441 , 3.2050504582568328e-11 , 13
2.815294063089071 , -28477453 -11717880 -18250902 -14874182 -27354392 -15402081 , -3420683 6562460 -6562460 0 3529659 -3032801 , -10023954 -1459553 -2654316 -3972647 5105576 -15339380 , 9798426 -8466838 8466838 0 -1688596 6778242 , -13603271 18250902 11717880 14874182 2848821 -15636512 , -5376993 -4891080 -977629 -162655 1307809 -11111242 , -5214338 977629 4891080 162655 -10133613 6198889 , -6051307 2654316 1459553 3972647 -12685064 6565129 , 36668978 1904378 -1904378 0 -1841063 -3745441 , 3.205050458333115e-11 , 14
2.815294063089071 , -28477453 -11717880 -18250902 -14874182 -27354392 -15402081 , -3420683 6562460 -6562460 0 3529659 -3032801 , 10023954 1459553 2654316 3972647 -5105576 15339380 , 9798426 -8466838 8466838 0 -1688596 6778242 , -13603271 18250902 11717880 14874182 2848821 -15636512 , 5376993 4891080 977629 162655 -1307809 11111242 , 5214338 -977629 -4891080 -162655 10133613 -6198889 , 6051307 -2654316 -1459553 -3972647 12685064 -6565129 , 36668978 1904378 -1904378 0 -1841063 -3745441 , 3.205050458333115e-11 , 15
2.815294063089071 , -28477453 -11717880 -18250902 -14874182 -27354392 -15402081 , 9798426 -8466838 8466838 0 -1688596 6778242 , -1307809 162655 -10133613 4891080 5376993 -11111242 , -3420683 6562460 -6562460 0 3529659 -3032801 , -13603271 18250902 11717880 14874182 2848821 -15636512 , -5105576 3972647 -12685064 1459553 10023954 -15339380 , -6565129 12685064 -3972647 -1459553 -2654316 6051307 , -6198889 10133613 -162655 -4891080 -977629 5214338 , 36668978 1904378 -1904378 0 -1841063 -3745441 , 3.2050504585610918e-11 , 16
2.815294063089071 , -28477453 -11717880 -18250902 -14874182 -27354392 -15402081 , 9798426 -8466838 8466838 0 -1688596 6778242 , 1307809 -162655 10133613 -4891080 -5376993 11111242 , -3420683 6562460 -6562460 0 3529659 -3032801 , -13603271 18250902 11717880 14874182 2848821 -15636512 , 5105576 -3972647 12685064 -1459553 -10023954 15339380 , 6565129 -12685064 3972647 1459553 2654316 -6051307 , 6198889 -10133613 162655 4891080 977629 -5214338 , 36668978 1904378 -1904378 0 -1841063 -3745441 , 3.2050504585610918e-11 , 17
2.815294063089071 , -28477453 -11717880 -18250902 -14874182 -27354392 -15402081 , 9798426 -8466838 8466838 0 -1688596 6778242 , 162655 -10133613 6198889 5376993 -11111242 1307809 , -3420683 6562460 -6562460 0 3529659 -3032801 , -13603271 18250902 11717880 14874182 2848821 -15636512 , 3972647 -12685064 6565129 10023954 -15339380 5105576 , -6051307 -6565129 12685064 -10023954 -1459553 -2654316 , -5214338 -6198889 10133613 -5376993 -4891080 -977629 , 36668978 1904378 -1904378 0 -1841063 -3745441 , 3.205050458565682e-11 , 18
2.815294063089071 , -28477453 -11717880 -18250902 -14874182 -27354392 -15402081 , 9798426 -8466838 8466838 0 -1688596 6778242 , -162655 10133613 -6198889 -5376993 11111242 -1307809 , -3420683 6562460 -6562460 0 3529659 -3032801 , -13603271 18250902 11717880 14874182 2848821 -15636512 , -3972647 12685064 -6565129 -10023954 15339380 -5105576 , 6051307 6565129 -12685064 10023954 1459553 2654316 , 5214338 6198889 -10133613 5376993 4891080 977629 , 36668978 1904378 -1904378 0 -1841063 -3745441 , 3.205050458565682e-11 , 19
2.815294063089071 , -28477453 -11717880 -18250902 -14874182 -27354392 -15402081 , -3420683 6562460 -6562460 0 3529659 -3032801 , -6565129 12685064 -3972647 -1459553 -2654316 6051307 , 9798426 -8466838 8466838 0 -1688596 6778242 , -13603271 18250902 11717880 14874182 2848821 -15636512 , -6198889 10133613 -162655 -4891080 -977629 5214338 , -1307809 162655 -10133613 4891080 5376993 -11111242 , -5105576 3972647 -12685064 1459553 10023954 -15339380 , 36668978 1904378 -1904378 0 -1841063 -3745441 , 3.2050504585898854e-11 , 20
2.815294063089071 , -28477453 -11717880 -18250902 -14874182 -27354392 -15402081 , -3420683 6562460 -6562460 0 3529659 -3032801 , 6565129 -12685064 3972647 1459553 2654316 -6051307 , 9798426 -8466838 8466838 0 -1688596 6778242 , -13603271 18250902 11717880 14874182 2848821 -15636512 , 6198889 -10133613 162655 4891080 977629 -5214338 , 1307809 -162655 10133613 -4891080 -5376993 11111242 , 5105576 -3972647 12685064 -1459553 -10023954 15339380 , 36668978 1904378 -1904378 0 -1841063 -3745441 , 3.2050504585898854e-11 , 21
2.815294063089071 , -28477453 -11717880 -18250902 -14874182 -27354392 -15402081 , -3420683 6562460 -6562460 0 3529659 -3032801 , -12685064 3972647 -5105576 2654316 -6051307 -6565129 , 9798426 -8466838 8466838 0 -1688596 6778242 , -13603271 18250902 11717880 14874182 2848821 -15636512 , -10133613 162655 -1307809 977629 -5214338 -6198889 , -11111242 1307809 -162655 -977629 -4891080 -5376993 , -15339380 5105576 -3972647 -2654316 -1459553 -10023954 , 36668978 1904378 -1904378 0 -1841063 -3745441 , 3.2050504587184622e-11 , 22
2.815294063089071 , -28477453 -11717880 -18250902 -14874182 -27354392 -15402081 , -3420683 6562460 -6562460 0 3529659 -3032801 , 12685064 -3972647 5105576 -2654316 6051307 6565129 , 9798426 -8466838 8466838 0 -1688596 6778242 , -13603271 18250902 11717880 14874182 2848821 -15636512 , 10133613 -162655 1307809 -977629 5214338 6198889 , 11111242 -1307809 162655 977629 4891080 5376993 , 15339380 -5105576 3972647 2654316 1459553 10023954 , 36668978 1904378 -1904378 0 -1841063 -3745441 , 3.2050504587184622e-11 , 23
2.815294063089071 , -28477453 -11717880 -18250902 -14874182 -27354392 -15402081 , -3420683 6562460 -6562460 0 3529659 -3032801 , -1459553 -2654316 6051307 5105576 -15339380 10023954 , 9798426 -8466838 8466838 0 -1688596 6778242 , -13603271 18250902 11717880 14874182 2848821 -15636512 , -4891080 -977629 5214338 1307809 -11111242 5376993 , -6198889 -5214338 977629 -1307809 162655 -10133613 , -6565129 -6051307 2654316 -5105576 3972647 -12685064 , 36668978 1904378 -1904378 0 -1841063 -3745441 , 3.2050504587568453e-11 , 24
2.815294063089071 , -28477453 -11717880 -18250902 -14874182 -27354392 -15402081 , -3420683 6562460 -6562460 0 3529659 -3032801 , 1459553 2654316 -6051307 -5105576 15339380 -10023954 , 9798426 -8466838 8466838 0 -1688596 6778242 , -13603271 18250902 11717880 14874182 2848821 -15636512 , 4891080 977629 -5214338 -1307809 11111242 -5376993 , 6198889 5214338 -977629 1307809 -162655 10133613 , 6565129 6051307 -2654316 5105576 -3972647 12685064 , 36668978 1904378 -1904378 0 -1841063 -3745441 , 3.2050504587568453e-11 , 25
2.815294063089071 , -28477453 -11717880 -18250902 -14874182 -27354392 -15402081 , -3420683 6562460 -6562460 0 3529659 -3032801 , -6051307 -6565129 12685064 -10023954 -1459553 -2654316 , 9798426 -8466838 8466838 0 -1688596 6778242 , -13603271 18250902 11717880 14874182 2848821 -15636512 , -5214338 -6198889 10133613 -5376993 -4891080 -977629 , 162655 -10133613 6198889 5376993 -11111242 1307809 , 3972647 -12685064 6565129 10023954 -15339380 5105576 , 36668978 1904378 -1904378 0 -1841063 -3745441 , 3.2050504592374767e-11 , 26
2.815294063089071 , -28477453 -11717880 -18250902 -14874182 -27354392 -15402081 , -3420683 6562460 -6562460 0 3529659 -3032801 , 6051307 6565129 -12685064 10023954 1459553 2654316 , 9798426 -8466838 8466838 0 -1688596 6778242 , -13603271 18250902 11717880 14874182 2848821 -15636512 , 5214338 6198889 -10133613 5376993 4891080 977629 , -162655 10133613 -6198889 -5376993 11111242 -1307809 , -3972647 12685064 -6565129 -10023954 15339380 -5105576 , 36668978 1904378 -1904378 0 -1841063 -3745441 , 3.2050504592374767e-11 , 27
2.815294063089071 , -28477453 -11717880 -18250902 -14874182 -27354392 -15402081 , -3420683 6562460 -6562460 0 3529659 -3032801 , 5105576 -15339380 10023954 6565129 -12685064 3972647 , 9798426 -8466838 8466838 0 -1688596 6778242 , -13603271 18250902 11717880 14874182 2848821 -15636512 , 1307809 -11111242 5376993 6198889 -10133613 162655 , -4891080 -5376993 11111242 -6198889 -5214338 977629 , -1459553 -10023954 15339380 -6565129 -6051307 2654316 , 36668978 1904378 -1904378 0 -1841063 -3745441 , 3.2050504595818649e-11 , 28
2.815294063089071 , -28477453 -11717880 -18250902 -14874182 -27354392 -15402081 , -3420683 6562460 -6562460 0 3529659 -3032801 , -5105576 15339380 -10023954 -6565129 12685064 -3972647 , 9798426 -8466838 8466838 0 -1688596 6778242 , -13603271 18250902 11717880 14874182 2848821 -15636512 , -1307809 11111242 -5376993 -6198889 10133613 -162655 , 4891080 5376993 -11111242 6198889 5214338 -977629 , 1459553 10023954 -15339380 6565129 6051307 -2654316 , 36668978 1904378 -1904378 0 -1841063 -3745441 , 3.2050504595818649e-11 , 29
2.815294063089071 , -28477453 -11717880 -18250902 -14874182 -27354392 -15402081 , -3420683 6562460 -6562460 0 3529659 -3032801 , -2654316 6051307 6565129 -15339380 10023954 1459553 , 9798426 -8466838 8466838 0 -1688596 6778242 , -13603271 18250902 11717880 14874182 2848821 -15636512 , -977629 5214338 6198889 -11111242 5376993 4891080 , 10133613 -6198889 -5214338 11111242 -1307809 162655 , 12685064 -6565129 -6051307 15339380 -5105576 3972647 , 36668978 1904378 -1904378 0 -1841063 -3745441 , 3.205050459851794e-11 , 30
2.815294063089071 , -28477453 -11717880 -18250902 -14874182 -27354392 -15402081 , -3420683 6562460 -6562460 0 3529659 -3032801 , 2654316 -6051307 -6565129 15339380 -10023954 -1459553 , 9798426 -8466838 8466838 0 -1688596 6778242 , -13603271 18250902 11717880 14874182 2848821 -15636512 , 977629 -5214338 -6198889 11111242 -5376993 -4891080 , -10133613 6198889 5214338 -11111242 1307809 -162655 , -12685064 6565129 6051307 -15339380 5105576 -3972647 , 36668978 1904378 -1904378 0 -1841063 -3745441 , 3.205050459851794e-11 , 31
2.815294063089071 , -28477453 -11717880 -18250902 -14874182 -27354392 -15402081 , 9798426 -8466838 8466838 0 -1688596 6778242 , -11111242 1307809 -162655 -977629 -4891080 -5376993 , -3420683 6562460 -6562460 0 3529659 -3032801 , -13603271 18250902 11717880 14874182 2848821 -15636512 , -15339380 5105576 -3972647 -2654316 -1459553 -10023954 , -12685064 3972647 -5105576 2654316 -6051307 -6565129 , -10133613 162655 -1307809 977629 -5214338 -6198889 , 36668978 1904378 -1904378 0 -1841063 -3745441 , 3.2050504601676936e-11 , 32
2.815294063089071 , -28477453 -11717880 -18250902 -14874182 -27354392 -15402081 , 9798426 -8466838 8466838 0 -1688596 6778242 , 11111242 -1307809 162655 977629 4891080 5376993 , -3420683 6562460 -6562460 0 3529659 -3032801 , -13603271 18250902 11717880 14874182 2848821 -15636512 , 15339380 -5105576 3972647 2654316 1459553 10023954 , 12685064 -3972647 5105576 -2654316 6051307 6565129 , 10133613 -162655 1307809 -977629 5214338 6198889 , 36668978 1904378 -1904378 0 -1841063 -3745441 , 3.2050504601676936e-11 , 33
2.815294063089071 , -28477453 -11717880 -18250902 -14874182 -27354392 -15402081 , 9798426 -8466838 8466838 0 -1688596 6778242 , -10133613 6198889 5214338 -11111242 1307809 -162655 , -3420683 6562460 -6562460 0 3529659 -3032801 , -13603271 18250902 11717880 14874182 2848821 -15636512 , -12685064 6565129 6051307 -15339380 5105576 -3972647 , 2654316 -6051307 -6565129 15339380 -10023954 -1459553 , 977629 -5214338 -6198889 11111242 -5376993 -4891080 , 36668978 1904378 -1904378 0 -1841063 -3745441 , 3.2050504603397214e-11 , 34
2.815294063089071 , -28477453 -11717880 -18250902 -14874182 -27354392 -15402081 , 9798426 -8466838 8466838 0 -1688596 6778242 , 10133613 -6198889 -5214338 11111242 -1307809 162655 , -3420683 6562460 -6562460 0 3529659 -3032801 , -13603271 18250902 11717880 14874182 2848821 -15636512 , 12685064 -6565129 -6051307 15339380 -5105576 3972647 , -2654316 6051307 6565129 -15339380 10023954 1459553 , -977629 5214338 6198889 -11111242 5376993 4891080 , 36668978 1904378 -1904378 0 -1841063 -3745441 , 3.2050504603397214e-11 , 35
2.923951791595877 , 4807486 -14051411 2891616 -27070457 -17432347 21056628 , 7466030 -6215708 6215708 0 -1094500 5121208 , 2565760 5175799 -13152794 6500231 6373007 -5312471 , -1088287 4311330 -4311330 0 2935563 -1375767 , 31877943 -2891616 14051411 27070457 18165012 -3380936 , 3339852 -541685 12099005 -10851534 2389892 8732505 , 14191386 -12099005 541685 10851534 -3366500 2931577 , -3934471 13152794 -5175799 -6500231 7840323 1197208 , 36668978 1904378 -1904378 0 -1841063 -3745441 , 3.2050504576050306e-11 , 0
2.923951791595877 , 4807486 -14051411 2891616 -27070457 -17432347 21056628 , 7466030 -6215708 6215708 0 -1094500 5121208 , -2565760 -5175799 13152794 -6500231 -6373007 5312471 , -1088287 4311330 -4311330 0 2935563 -1375767 , 31877943 -2891616 14051411 27070457 18165012 -3380936 , -3339852 541685 -12099005 10851534 -2389892 -8732505 , -14191386 12099005 -541685 -10851534 3366500 -2931577 , 3934471 -13152794 5175799 6500231 -7840323 -1197208 , 36668978 1904378 -1904378 0 -1841063 -3745441 , 3.2050504576050306e-11 , 1
2.923951791595877 , 4807486 -14051411 2891616 -27070457 -17432347 21056628 , -1088287 4311330 -4311330 0 2935563 -1375767 , -8732505 -2389892 10851534 -12099005 541685 -3339852 , 7466030 -6215708 6215708 0 -1094500 5121208 , 31877943 -2891616 14051411 27070457 18165012 -3380936 , 5312471 -6373007 -6500231 13152794 -5175799 -2565760 , -7840323 6500231 6373007 -13152794 3934471 1197208 , 3366500 -10851534 2389892 12099005 -14191386 2931577 , 36668978 1904378 -1904378 0 -1841063 -3745441 , 3.2050504576603845e-11 , 2
2.923951791595877 , 4807486 -14051411 2891616 -27070457 -17432347 21056628 , -1088287 4311330 -4311330 0 2935563 -1375767 , 8732505 2389892 -10851534 12099005 -541685 3339852 , 7466030 -6215708 6215708 0 -1094500 5121208 , 31877943 -2891616 14051411 27070457 18165012 -3380936 , -5312471 6373007 6500231 -13152794 5175799 2565760 , 7840323 -6500231 -6373007 13152794 -3934471 -1197208 , -3366500 10851534 -2389892 -12099005 14191386 -2931577 , 36668978 1904378 -1904378 0 -1841063 -3745441 , 3.2050504576603845e-11 , 3
2.923951791595877 , 4807486 -14051411 2891616 -27070457 -17432347 21056628 , -1088287 4311330 -4311330 0 2935563 -1375767 , -12099005 541685 -3339852 -3366500 2931577 -14191386 , 7466030 -6215708 6215708 0 -1094500 5121208 , 31877943 -2891616 14051411 27070457 18165012 -3380936 , 13152794 -5175799 -2565760 7840323 1197208 3934471 , 5312471 2565760 5175799 -7840323 6500231 6373007 , -8732505 3339852 -541685 3366500 -10851534 2389892 , 36668978 1904378 -1904378 0 -1841063 -3745441 , 3.2050504577359604e-11 , 4
2.923951791595877 , 4807486 -14051411 2891616 -27070457 -17432347 21056628 , -1088287 4311330 -4311330 0 2935563 -1375767 , 12099005 -541685 3339852 3366500 -2931577 14191386 , 7466030 -6215708 6215708 0 -1094500 5121208 , 31877943 -2891616 14051411 27070457 18165012 -3380936 , -13152794 5175799 2565760 -7840323 -1197208 -3934471 , -5312471 -2565760 -5175799 7840323 -6500231 -6373007 , 8732505 -3339852 541685 -3366500 10851534 -2389892 , 36668978 1904378 -1904378 0 -1841063 -3745441 , 3.2050504577359604e-11 , 5
2.923951791595877 , 4807486 -14051411 2891616 -27070457 -17432347 21056628 , -1088287 4311330 -4311330 0 2935563 -1375767 , -2931577 14191386 -12099005 -2389892 10851534 -3366500 , 7466030 -6215708 6215708 0 -1094500 5121208 , 31877943 -2891616 14051411 27070457 18165012 -3380936 , -1197208 -3934471 13152794 -6373007 -6500231 7840323 , 5175799 -13152794 3934471 6373007 -5312471 -2565760 , -541685 12099005 -14191386 2389892 8732505 -3339852 , 36668978 1904378 -1904378 0 -1841063 -3745441 , 3.2050504578529618e-11 , 6
2.923951791595877 , 4807486 -14051411 2891616 -27070457 -17432347 21056628 , -1088287 4311330 -4311330 0 2935563 -1375767 , 2931577 -14191386 12099005 2389892 -10851534 3366500 , 7466030 -6215708 6215708 0 -1094500 5121208 , 31877943 -2891616 14051411 27070457 18165012 -3380936 , 1197208 3934471 -13152794 6373007 6500231 -7840323 , -5175799 13152794 -3934471 -6373007 5312471 2565760 , 541685 -12099005 14191386 -2389892 -8732505 3339852 , 36668978 1904378 -1904378 0 -1841063 -3745441 , 3.2050504578529618e-11 , 7
2.923951791595877 , 4807486 -14051411 2891616 -27070457 -17432347 21056628 , -1088287 4311330 -4311330 0 2935563 -1375767 , 3339852 -8732505 -2389892 14191386 -12099005 541685 , 7466030 -6215708 6215708 0 -1094500 5121208 , 31877943 -2891616 14051411 27070457 18165012 -3380936 , 2565760 5312471 -6373007 -3934471 13152794 -5175799 , 6500231 6373007 -5312471 3934471 1197208 7840323 , -10851534 2389892 8732505 -14191386 2931577 -3366500 , 36668978 1904378 -1904378 0 -1841063 -3745441 , 3.2050504578764867e-11 , 8
2.923951791595877 , 4807486 -14051411 2891616 -27070457 -17432347 21056628 , -1088287 4311330 -4311330 0 2935563 -1375767 , -3339852 8732505 2389892 -14191386 12099005 -541685 , 7466030 -6215708 6215708 0 -1094500 5121208 , 31877943 -2891616 14051411 27070457 18165012 -3380936 , -2565760 -5312471 6373007 3934471 -13152794 5175799 , -6500231 -6373007 5312471 -3934471 -1197208 -7840323 , 10851534 -2389892 -8732505 14191386 -2931577 3366500 , 36668978 1904378 -1904378 0 -1841063 -3745441 , 3.2050504578764867e-11 , 9
2.923951791595877 , 4807486 -14051411 2891616 -27070457 -17432347 21056628 , -1088287 4311330 -4311330 0 2935563 -1375767 , 3366500 -2931577 14191386 -8732505 -2389892 10851534 , 7466030 -6215708 6215708 0 -1094500 5121208 , 31877943 -2891616 14051411 27070457 18165012 -3380936 , -7840323 -1197208 -3934471 5312471 -6373007 -6500231 , -13152794 3934471 1197208 -5312471 -2565760 -5175799 , 12099005 -14191386 2931577 8732505 -3339852 541685 , 36668978 1904378 -1904378 0 -1841063 -3745441 , 3.2050504579097355e-11 , 10
2.923951791595877 , 4807486 -14051411 2891616 -27070457 -17432347 21056628 , -1088287 4311330 -4311330 0 2935563 -1375767 , -3366500 2931577 -14191386 8732505 2389892 -10851534 , 7466030 -6215708 6215708 0 -1094500 5121208 , 31877943 -2891616 14051411 27070457 18165012 -3380936 , 7840323 1197208 3934471 -5312471 6373007 6500231 , 13152794 -3934471 -1197208 5312471 2565760 5175799 , -12099005 14191386 -2931577 -8732505 3339852 -541685 , 36668978 1904378 -1904378 0 -1841063 -3745441 , 3.2050504579097355e-11 , 11
2.923951791595877 , 4807486 -14051411 2891616 -27070457 -17432347 21056628 , 7466030 -6215708 6215708 0 -1094500 5121208 , -13152794 3934471 1197208 -5312471 -2565760 -5175799 , -1088287 4311330 -4311330 0 2935563 -1375767 , 31877943 -2891616 14051411 27070457 18165012 -3380936 , 12099005 -14191386 2931577 8732505 -3339852 541685 , 3366500 -2931577 14191386 -8732505 -2389892 10851534 , -7840323 -1197208 -3934471 5312471 -6373007 -6500231 , 36668978 1904378 -1904378 0 -1841063 -3745441 , 3.2050504579801085e-11 , 12
2.923951791595877 , 4807486 -14051411 2891616 -27070457 -17432347 21056628 , 7466030 -6215708 6215708 0 -1094500 5121208 , 13152794 -3934471 -1197208 5312471 2565760 5175799 , -1088287 4311330 -4311330 0 2935563 -1375767 , 31877943 -2891616 14051411 27070457 18165012 -3380936 , -12099005 14191386 -2931577 -8732505 3339852 -541685 , -3366500 2931577 -14191386 8732505 2389892 -10851534 , 7840323 1197208 3934471 -5312471 6373007 6500231 , 36668978 1904378 -1904378 0 -1841063 -3745441 , 3.2050504579801085e-11 , 13
2.923951791595877 , 4807486 -14051411 2891616 -27070457 -17432347 21056628 , 7466030 -6215708 6215708 0 -1094500 5121208 , -5312471 -2565760 -5175799 7840323 -6500231 -6373007 , -1088287 4311330 -4311330 0 2935563 -1375767 , 31877943 -2891616 14051411 27070457 18165012 -3380936 , 8732505 -3339852 541685 -3366500 10851534 -2389892 , 12099005 -541685 3339852 3366500 -2931577 14191386 , -13152794 5175799 2565760 -7840323 -1197208 -3934471 , 36668978 1904378 -1904378 0 -1841063 -3745441 , 3.205050458103542e-11 , 14
2.923951791595877 , 4807486 -14051411 2891616 -27070457 -17432347 21056628 , 7466030 -6215708 6215708 0 -1094500 5121208 , 5312471 2565760 5175799 -7840323 6500231 6373007 , -1088287 4311330 -4311330 0 2935563 -1375767 , 31877943 -2891616 14051411 27070457 18165012 -3380936 , -8732505 3339852 -541685 3366500 -10851534 2389892 , -12099005 541685 -3339852 -3366500 2931577 -14191386 , 13152794 -5175799 -2565760 7840323 1197208 3934471 , 36668978 1904378 -1904378 0 -1841063 -3745441 , 3.205050458103542e-11 , 15
2.923951791595877 , 4807486 -14051411 2891616 -27070457 -17432347 21056628 , 7466030 -6215708 6215708 0 -1094500 5121208 , 5175799 -13152794 3934471 6373007 -5312471 -2565760 , -1088287 4311330 -4311330 0 2935563 -1375767 , 31877943 -2891616 14051411 27070457 18165012 -3380936 , -541685 12099005 -14191386 2389892 8732505 -3339852 , -2931577 14191386 -12099005 -2389892 10851534 -3366500 , -1197208 -3934471 13152794 -6373007 -6500231 7840323 , 36668978 1904378 -1904378 0 -1841063 -3745441 , 3.2050504581229917e-11 , 16
2.923951791595877 , 4807486 -14051411 2891616 -27070457 -17432347 21056628 , 7466030 -6215708 6215708 0 -1094500 5121208 , -5175799 13152794 -3934471 -6373007 5312471 2565760 , -1088287 4311330 -4311330 0 2935563 -1375767 , 31877943 -2891616 14051411 27070457 18165012 -3380936 , 541685 -12099005 14191386 -2389892 -8732505 3339852 , 2931577 -14191386 12099005 2389892 -10851534 3366500 , 1197208 3934471 -13152794 6373007 6500231 -7840323 , 36668978 1904378 -1904378 0 -1841063 -3745441 , 3.2050504581229917e-11 , 17
2.923951791595877 , 4807486 -14051411 2891616 -27070457 -17432347 21056628 , 7466030 -6215708 6215708 0 -1094500 5121208 , -1197208 -7840323 6500231 5175799 -13152794 3934471 , -1088287 4311330 -4311330 0 2935563 -1375767 , 31877943 -2891616 14051411 27070457 18165012 -3380936 , -2931577 3366500 -10851534 -541685 12099005 -14191386 , -2389892 10851534 -3366500 541685 -3339852 8732505 , -6373007 -6500231 7840323 -5175799 -2565760 -5312471 , 36668978 1904378 -1904378 0 -1841063 -3745441 , 3.2050504582638379e-11 , 18
2.923951791595877 , 4807486 -14051411 2891616 -27070457 -17432347 21056628 , 7466030 -6215708 6215708 0 -1094500 5121208 , 1197208 7840323 -6500231 -5175799 13152794 -3934471 , -1088287 4311330 -4311330 0 2935563 -1375767 , 31877943 -2891616 14051411 27070457 18165012 -3380936 , 2931577 -3366500 10851534 541685 -12099005 14191386 , 2389892 -10851534 3366500 -541685 3339852 -8732505 , 6373007 6500231 -7840323 5175799 2565760 5312471 , 36668978 1904378 -1904378 0 -1841063 -3745441 , 3.2050504582638379e-11 , 19
2.923951791595877 , 4807486 -14051411 2891616 -27070457 -17432347 21056628 , 7466030 -6215708 6215708 0 -1094500 5121208 , -7840323 6500231 6373007 -13152794 3934471 1197208 , -1088287 4311330 -4311330 0 2935563 -1375767 , 31877943 -2891616 14051411 27070457 18165012 -3380936 , 3366500 -10851534 2389892 12099005 -14191386 2931577 , -8732505 -2389892 10851534 -12099005 541685 -3339852 , 5312471 -6373007 -6500231 13152794 -5175799 -2565760 , 36668978 1904378 -1904378 0 -1841063 -3745441 , 3.2050504584880543e-11 , 20
2.923951791595877 , 4807486 -14051411 2891616 -27070457 -17432347 21056628 , 7466030 -6215708 6215708 0 -1094500 5121208 , 7840323 -6500231 -6373007 13152794 -3934471 -1197208 , -1088287 4311330 -4311330 0 2935563 -1375767 , 31877943 -2891616 14051411 27070457 18165012 -3380936 , -3366500 10851534 -2389892 -12099005 14191386 -2931577 , 8732505 2389892 -10851534 12099005 -541685 3339852 , -5312471 6373007 6500231 -13152794 5175799 2565760 , 36668978 1904378 -1904378 0 -1841063 -3745441 , 3.2050504584880543e-11 , 21
2.923951791595877 , 4807486 -14051411 2891616 -27070457 -17432347 21056628 , -1088287 4311330 -4311330 0 2935563 -1375767 , -14191386 12099005 -541685 -10851534 3366500 -2931577 , 7466030 -6215708 6215708 0 -1094500 5121208 , 31877943 -2891616 14051411 27070457 18165012 -3380936 , 3934471 -13152794 5175799 6500231 -7840323 -1197208 , -2565760 -5175799 13152794 -6500231 -6373007 5312471 , -3339852 541685 -12099005 10851534 -2389892 -8732505 , 36668978 1904378 -1904378 0 -1841063 -3745441 , 3.2050504584937334e-11 , 22
2.923951791595877 , 4807486 -14051411 2891616 -27070457 -17432347 21056628 , -1088287 4311330 -4311330 0 2935563 -1375767 , 14191386 -12099005 541685 10851534 -3366500 2931577 , 7466030 -6215708 6215708 0 -1094500 5121208 , 31877943 -2891616 14051411 27070457 18165012 -3380936 , -3934471 13152794 -5175799 -6500231 7840323 1197208 , 2565760 5175799 -13152794 6500231 6373007 -5312471 , 3339852 -541685 12099005 -10851534 2389892 8732505 , 36668978 1904378 -1904378 0 -1841063 -3745441 , 3.2050504584937334e-11 , 23
2.923951791595877 , 4807486 -14051411 2891616 -27070457 -17432347 21056628 , 7466030 -6215708 6215708 0 -1094500 5121208 , -6373007 5312471 2565760 -1197208 -7840323 6500231 , -1088287 4311330 -4311330 0 2935563 -1375767 , 31877943 -2891616 14051411 27070457 18165012 -3380936 , -2389892 -8732505 3339852 -2931577 3366500 -10851534 , 541685 -3339852 8732505 2931577 -14191386 12099005 , -5175799 -2565760 -5312471 1197208 3934471 -13152794 , 36668978 1904378 -1904378 0 -1841063 -3745441 , 3.2050504585058219e-11 , 24
2.923951791595877 , 4807486 -14051411 2891616 -27070457 -17432347 21056628 , 7466030 -6215708 6215708 0 -1094500 5121208 , 6373007 -5312471 -2565760 1197208 7840323 -6500231 , -1088287 4311330 -4311330 0 2935563 -1375767 , 31877943 -2891616 14051411 27070457 18165012 -3380936 , 2389892 8732505 -3339852 2931577 -3366500 10851534 , -541685 3339852 -8732505 -2931577 14191386 -12099005 , 5175799 2565760 5312471 -1197208 -3934471 13152794 , 36668978 1904378 -1904378 0 -1841063 -3745441 , 3.2050504585058219e-11 , 25
2.923951791595877 , 4807486 -14051411 2891616 -27070457 -17432347 21056628 , -1088287 4311330 -4311330 0 2935563 -1375767 , -2389892 10851534 -3366500 541685 -3339852 8732505 , 7466030 -6215708 6215708 0 -1094500 5121208 , 31877943 -2891616 14051411 27070457 18165012 -3380936 , -6373007 -6500231 7840323 -5175799 -2565760 -5312471 , -1197208 -7840323 6500231 5175799 -13152794 3934471 , -2931577 3366500 -10851534 -541685 12099005 -14191386 , 36668978 1904378 -1904378 0 -1841063 -3745441 , 3.2050504585451104e-11 , 26
2.923951791595877 , 4807486 -14051411 2891616 -27070457 -17432347 21056628 , -1088287 4311330 -4311330 0 2935563 -1375767 , 2389892 -10851534 3366500 -541685 3339852 -8732505 , 7466030 -6215708 6215708 0 -1094500 5121208 , 31877943 -2891616 14051411 27070457 18165012 -3380936 , 6373007 6500231 -7840323 5175799 2565760 5312471 , 1197208 7840323 -6500231 -5175799 13152794 -3934471 , 2931577 -3366500 10851534 541685 -12099005 14191386 , 36668978 1904378 -1904378 0 -1841063 -3745441 , 3.2050504585451104e-11 , 27
2.923951791595877 , 4807486 -14051411 2891616 -27070457 -17432347 21056628 , 7466030 -6215708 6215708 0 -1094500 5121208 , 6500231 6373007 -5312471 3934471 1197208 7840323 , -1088287 4311330 -4311330 0 2935563 -1375767 , 31877943 -2891616 14051411 27070457 18165012 -3380936 , -10851534 2389892 8732505 -14191386 2931577 -3366500 , 3339852 -8732505 -2389892 14191386 -12099005 541685 , 2565760 5312471 -6373007 -3934471 13152794 -5175799 , 36668978 1904378 -1904378 0 -1841063 -3745441 , 3.2050504590709207e-11 , 28
2.923951791595877 , 4807486 -14051411 2891616 -27070457 -17432347 21056628 , 7466030 -6215708 6215708 0 -1094500 5121208 , -6500231 -6373007 5312471 -3934471 -1197208 -7840323 , -1088287 4311330 -4311330 0 2935563 -1375767 , 31877943 -2891616 14051411 27070457 18165012 -3380936 , 10851534 -2389892 -8732505 14191386 -2931577 3366500 , -3339852 8732505 2389892 -14191386 12099005 -541685 , -2565760 -5312471 6373007 3934471 -13152794 5175799 , 36668978 1904378 -1904378 0 -1841063 -3745441 , 3.2050504590709207e-11 , 29
2.923951791595877 , 4807486 -14051411 2891616 -27070457 -17432347 21056628 , -1088287 4311330 -4311330 0 2935563 -1375767 , -10851534 3366500 -2931577 3339852 -8732505 -2389892 , 7466030 -6215708 6215708 0 -1094500 5121208 , 31877943 -2891616 14051411 27070457 18165012 -3380936 , 6500231 -7840323 -1197208 2565760 5312471 -6373007 , 3934471 1197208 7840323 -2565760 -5175799 13152794 , -14191386 2931577 -3366500 -3339852 541685 -12099005 , 36668978 1904378 -1904378 0 -1841063 -3745441 , 3.2050504591530849e-11 , 30
2.923951791595877 , 4807486 -14051411 2891616 -27070457 -17432347 21056628 , -1088287 4311330 -4311330 0 2935563 -1375767 , 10851534 -3366500 2931577 -3339852 8732505 2389892 , 7466030 -6215708 6215708 0 -1094500 5121208 , 31877943 -2891616 14051411 27070457 18165012 -3380936 , -6500231 7840323 1197208 -2565760 -5312471 6373007 , -3934471 -1197208 -7840323 2565760 5175799 -13152794 , 14191386 -2931577 3366500 3339852 -541685 12099005 , 36668978 1904378 -1904378 0 -1841063 -3745441 , 3.2050504591530849e-11 , 31
2.923951791595877 , 4807486 -14051411 2891616 -27070457 -17432347 21056628 , -1088287 4311330 -4311330 0 2935563 -1375767 , -541685 3339852 -8732505 -2931577 14191386 -12099005 , 7466030 -6215708 6215708 0 -1094500 5121208 , 31877943 -2891616 14051411 27070457 18165012 -3380936 , 5175799 2565760 5312471 -1197208 -3934471 13152794 , 6373007 -5312471 -2565760 1197208 7840323 -6500231 , 2389892 8732505 -3339852 2931577 -3366500 10851534 , 36668978 1904378 -1904378 0 -1841063 -3745441 , 3.2050504596188503e-11 , 32
2.923951791595877 , 4807486 -14051411 2891616 -27070457 -17432347 21056628 , -1088287 4311330 -4311330 0 2935563 -1375767 , 541685 -3339852 8732505 2931577 -14191386 12099005 , 7466030 -6215708 6215708 0 -1094500 5121208 , 31877943 -2891616 14051411 27070457 18165012 -3380936 , -5175799 -2565760 -5312471 1197208 3934471 -13152794 , -6373007 5312471 2565760 -1197208 -7840323 6500231 , -2389892 -8732505 3339852 -2931577 3366500 -10851534 , 36668978 1904378 -1904378 0 -1841063 -3745441 , 3.2050504596188503e-11 , 33
2.923951791595877 , 4807486 -14051411 2891616 -27070457 -17432347 21056628 , 7466030 -6215708 6215708 0 -1094500 5121208 , 3934471 1197208 7840323 -2565760 -5175799 13152794 , -1088287 4311330 -4311330 0 2935563 -1375767 , 31877943 -2891616 14051411 27070457 18165012 -3380936 , -14191386 2931577 -3366500 -3339852 541685 -12099005 , -10851534 3366500 -2931577 3339852 -8732505 -2389892 , 6500231 -7840323 -1197208 2565760 5312471 -6373007 , 36668978 1904378 -1904378 0 -1841063 -3745441 , 3.205050459655073e-11 , 34
2.923951791595877 , 4807486 -14051411 2891616 -27070457 -17432347 21056628 , 7466030 -6215708 6215708 0 -1094500 5121208 , -3934471 -1197208 -7840323 2565760 5175799 -13152794 , -1088287 4311330 -4311330 0 2935563 -1375767 , 31877943 -2891616 14051411 27070457 18165012 -3380936 , 14191386 -2931577 3366500 3339852 -541685 12099005 , 10851534 -3366500 2931577 -3339852 8732505 2389892 , -6500231 7840323 1197208 -2565760 -5312471 6373007 , 36668978 1904378 -1904378 0 -1841063 -3745441 , 3.205050459655073e-11 , 35
3.0331255588998687 , -2066996 -15180036 -9712126 -20791571 -12162215 4372734 , 26417400 -5294684 5294684 0 9740139 15034823 , 4129194 -190256 -1168427 -1374408 5978264 -1223775 , -8075410 3326991 -3326991 0 -1584648 -4911639 , 18724575 9712126 15180036 20791571 14084860 3017821 , -12757271 14546195 3679377 -2726054 -15308525 15721112 , -10031217 -3679377 -14546195 2726054 12041735 -29854720 , 5503602 1168427 190256 1374408 -55348 6168520 , 24704731 1967693 -1967693 0 -8155491 -10123184 , 1.1130652975486558e-11 , 0
3.0331255588998687 , -2066996 -15180036 -9712126 -20791571 -12162215 4372734 , 26417400 -5294684 5294684 0 9740139 15034823 , -4129194 190256 1168427 1374408 -5978264 1223775 , -8075410 3326991 -3326991 0 -1584648 -4911639 , 18724575 9712126 15180036 20791571 14084860 3017821 , 12757271 -14546195 -3679377 2726054 15308525 -15721112 , 10031217 3679377 14546195 -2726054 -12041735 29854720 , -5503602 -1168427 -190256 -1374408 55348 -6168520 , 24704731 1967693 -1967693 0 -8155491 -10123184 , 1.1130652975486558e-11 , 1
3.0331255588998687 , -2066996 -15180036 -9712126 -20791571 -12162215 4372734 , -8075410 3326991 -3326991 0 -1584648 -4911639 , -12041735 29854720 -10031217 -15721112 15308525 2726054 , 26417400 -5294684 5294684 0 9740139 15034823 , 18724575 9712126 15180036 20791571 14084860 3017821 , 55348 -6168520 5503602 1223775 -5978264 1374408 , -1168427 -5503602 6168520 -1223775 -4129194 190256 , 3679377 10031217 -29854720 15721112 12757271 -14546195 , 24704731 1967693 -1967693 0 -8155491 -10123184 , 1.1130652979789766e-11 , 2
3.0331255588998687 , -2066996 -15180036 -9712126 -20791571 -12162215 4372734 , -8075410 3326991 -3326991 0 -1584648 -4911639 , 12041735 -29854720 10031217 15721112 -15308525 -2726054 , 26417400 -5294684 5294684 0 9740139 15034823 , 18724575 9712126 15180036 20791571 14084860 3017821 , -55348 6168520 -5503602 -1223775 5978264 -1374408 , 1168427 5503602 -6168520 1223775 4129194 -190256 , -3679377 -10031217 29854720 -15721112 -12757271 14546195 , 24704731 1967693 -1967693 0 -8155491 -10123184 , 1.1130652979789766e-11 , 3
3.0331255588998687 , -2066996 -15180036 -9712126 -20791571 -12162215 4372734 , 26417400 -5294684 5294684 0 9740139 15034823 , 1223775 4129194 -190256 55348 -1374408 5978264 , -8075410 3326991 -3326991 0 -1584648 -4911639 , 18724575 9712126 15180036 20791571 14084860 3017821 , -15721112 -12757271 14546195 -12041735 -2726054 -15308525 , -3679377 -14546195 12757271 12041735 -29854720 10031217 , 1168427 190256 -4129194 -55348 6168520 -5503602 , 24704731 1967693 -1967693 0 -8155491 -10123184 , 1.1130652981159913e-11 , 4
3.0331255588998687 , -2066996 -15180036 -9712126 -20791571 -12162215 4372734 , 26417400 -5294684 5294684 0 9740139 15034823 , -1223775 -4129194 190256 -55348 1374408 -5978264 , -8075410 3326991 -3326991 0 -1584648 -4911639 , 18724575 9712126 15180036 20791571 14084860 3017821 , 15721112 12757271 -14546195 12041735 2726054 15308525 , 3679377 14546195 -12757271 -12041735 29854720 -10031217 , -1168427 -190256 4129194 55348 -6168520 5503602 , 24704731 1967693 -1967693 0 -8155491 -10123184 , 1.1130652981159913e-11 , 5
3.0331255588998687 , -2066996 -15180036 -9712126 -20791571 -12162215 4372734 , -8075410 3326991 -3326991 0 -1584648 -4911639 , -2726054 -12041735 29854720 -12757271 -15721112 15308525 , 26417400 -5294684 5294684 0 9740139 15034823 , 18724575 9712126 15180036 20791571 14084860 3017821 , -1374408 55348 -6168520 4129194 1223775 -5978264 , -5503602 6168520 -55348 -4129194 190256 1168427 , 10031217 -29854720 12041735 12757271 -14546195 -3679377 , 24704731 1967693 -1967693 0 -8155491 -10123184 , 1.1130652983673016e-11 , 6
3.0331255588998687 , -2066996 -15180036 -9712126 -20791571 -12162215 4372734 , -8075410 3326991 -3326991 0 -1584648 -4911639 , 2726054 12041735 -29854720 12757271 15721112 -15308525 , 26417400 -5294684 5294684 0 9740139 15034823 , 18724575 9712126 15180036 20791571 14084860 3017821 , 1374408 -55348 6168520 -4129194 -1223775 5978264 , 5503602 -6168520 55348 4129194 -190256 -1168427 , -10031217 29854720 -12041735 -12757271 14546195 3679377 , 24704731 1967693 -1967693 0 -8155491 -10123184 , 1.1130652983673016e-11 , 7
3.0331255588998687 , -2066996 -15180036 -9712126 -20791571 -12162215 4372734 , -8075410 3326991 -3326991 0 -1584648 -4911639 , -29854720 10031217 3679377 -15308525 -2726054 -12041735 , 26417400 -5294684 5294684 0 9740139 15034823 , 18724575 9712126 15180036 20791571 14084860 3017821 , 6168520 -5503602 -1168427 5978264 -1374408 55348 , 190256 1168427 5503602 -5978264 1223775 4129194 , -14546195 -3679377 -10031217 15308525 -15721112 -12757271 , 24704731 1967693 -1967693 0 -8155491 -10123184 , 1.113065298522411e-11 , 8
3.0331255588998687 , -2066996 -15180036 -9712126 -20791571 -12162215 4372734 , -8075410 3326991 -3326991 0 -1584648 -4911639 , 29854720 -10031217 -3679377 15308525 2726054 12041735 , 26417400 -5294684 5294684 0 9740139 15034823 , 18724575 9712126 15180036 20791571 14084860 3017821 , -6168520 5503602 1168427 -5978264 1374408 -55348 , -190256 -1168427 -5503602 5978264 -1223775 -4129194 , 14546195 3679377 10031217 -15308525 15721112 12757271 , 24704731 1967693 -1967693 0 -8155491 -10123184 , 1.113065298522411e-11 , 9
3.0331255588998687 , -2066996 -15180036 -9712126 -20791571 -12162215 4372734 , 26417400 -5294684 5294684 0 9740139 15034823 , 5978264 -1223775 -4129194 6168520 -55348 1374408 , -8075410 3326991 -3326991 0 -1584648 -4911639 , 18724575 9712126 15180036 20791571 14084860 3017821 , -15308525 15721112 12757271 -29854720 12041735 2726054 , 14546195 -12757271 -15721112 29854720 -10031217 -3679377 , -190256 4129194 1223775 -6168520 5503602 1168427 , 24704731 1967693 -1967693 0 -8155491 -10123184 , 1.1130652986062585e-11 , 10
3.0331255588998687 , -2066996 -15180036 -9712126 -20791571 -12162215 4372734 , 26417400 -5294684 5294684 0 9740139 15034823 , -5978264 1223775 4129194 -6168520 55348 -1374408 , -8075410 3326991 -3326991 0 -1584648 -4911639 , 18724575 9712126 15180036 20791571 14084860 3017821 , 15308525 -15721112 -12757271 29854720 -12041735 -2726054 , -14546195 12757271 15721112 -29854720 10031217 3679377 , 190256 -4129194 -1223775 6168520 -5503602 -1168427 , 24704731 1967693 -1967693 0 -8155491 -10123184 , 1.1130652986062585e-11 , 11
3.0331255588998687 , -2066996 -15180036 -9712126 -20791571 -12162215 4372734 , 26417400 -5294684 5294684 0 9740139 15034823 , -1374408 5978264 -1223775 -5503602 6168520 -55348 , -8075410 3326991 -3326991 0 -1584648 -4911639 , 18724575 9712126 15180036 20791571 14084860 3017821 , -2726054 -15308525 15721112 10031217 -29854720 12041735 , -12757271 -15721112 15308525 -10031217 -3679377 -14546195 , 4129194 1223775 -5978264 5503602 1168427 190256 , 24704731 1967693 -1967693 0 -8155491 -10123184 , 1.1130652990156942e-11 , 12
3.0331255588998687 , -2066996 -15180036 -9712126 -20791571 -12162215 4372734 , 26417400 -5294684 5294684 0 9740139 15034823 , 1374408 -5978264 1223775 5503602 -6168520 55348 , -8075410 3326991 -3326991 0 -1584648 -4911639 , 18724575 9712126 15180036 20791571 14084860 3017821 , 2726054 15308525 -15721112 -10031217 29854720 -12041735 , 12757271 15721112 -15308525 10031217 3679377 14546195 , -4129194 -1223775 5978264 -5503602 -1168427 -190256 , 24704731 1967693 -1967693 0 -8155491 -10123184 , 1.1130652990156942e-11 , 13
3.0331255588998687 , -2066996 -15180036 -9712126 -20791571 -12162215 4372734 , 26417400 -5294684 5294684 0 9740139 15034823 , -1168427 -5503602 6168520 -1223775 -4129194 190256 , -8075410 3326991 -3326991 0 -1584648 -4911639 , 18724575 9712126 15180036 20791571 14084860 3017821 , 3679377 10031217 -29854720 15721112 12757271 -14546195 , -12041735 29854720 -10031217 -15721112 15308525 2726054 , 55348 -6168520 5503602 1223775 -5978264 1374408 , 24704731 1967693 -1967693 0 -8155491 -10123184 , 1.1130652996177482e-11 , 14
3.0331255588998687 , -2066996 -15180036 -9712126 -20791571 -12162215 4372734 , 26417400 -5294684 5294684 0 9740139 15034823 , 1168427 5503602 -6168520 1223775 4129194 -190256 , -8075410 3326991 -3326991 0 -1584648 -4911639 , 18724575 9712126 15180036 20791571 14084860 3017821 , -3679377 -10031217 29854720 -15721112 -12757271 14546195 , 12041735 -29854720 10031217 15721112 -15308525 -2726054 , -55348 6168520 -5503602 -1223775 5978264 -1374408 , 24704731 1967693 -1967693 0 -8155491 -10123184 , 1.1130652996177482e-11 , 15
3.0331255588998687 , -2066996 -15180036 -9712126 -20791571 -12162215 4372734 , -8075410 3326991 -3326991 0 -1584648 -4911639 , -3679377 -14546195 12757271 12041735 -29854720 10031217 , 26417400 -5294684 5294684 0 9740139 15034823 , 18724575 9712126 15180036 20791571 14084860 3017821 , 1168427 190256 -4129194 -55348 6168520 -5503602 , 1223775 4129194 -190256 55348 -1374408 5978264 , -15721112 -12757271 14546195 -12041735 -2726054 -15308525 , 24704731 1967693 -1967693 0 -8155491 -10123184 , 1.113065299688484e-11 , 16
3.0331255588998687 , -2066996 -15180036 -9712126 -20791571 -12162215 4372734 , -8075410 3326991 -3326991 0 -1584648 -4911639 , 3679377 14546195 -12757271 -12041735 29854720 -10031217 , 26417400 -5294684 5294684 0 9740139 15034823 , 18724575 9712126 15180036 20791571 14084860 3017821 , -1168427 -190256 4129194 55348 -6168520 5503602 , -1223775 -4129194 190256 -55348 1374408 -5978264 , 15721112 12757271 -14546195 12041735 2726054 15308525 , 24704731 1967693 -1967693 0 -8155491 -10123184 , 1.113065299688484e-11 , 17
3.0331255588998687 , -2066996 -15180036 -9712126 -20791571 -12162215 4372734 , -8075410 3326991 -3326991 0 -1584648 -4911639 , 12757271 15721112 -15308525 10031217 3679377 14546195 , 26417400 -5294684 5294684 0 9740139 15034823 , 18724575 9712126 15180036 20791571 14084860 3017821 , -4129194 -1223775 5978264 -5503602 -1168427 -190256 , 1374408 -5978264 1223775 5503602 -6168520 55348 , 2726054 15308525 -15721112 -10031217 29854720 -12041735 , 24704731 1967693 -1967693 0 -8155491 -10123184 , 1.1130652998966071e-11 , 18
3.0331255588998687 , -2066996 -15180036 -9712126 -20791571 -12162215 4372734 , -8075410 3326991 -3326991 0 -1584648 -4911639 , -12757271 -15721112 15308525 -10031217 -3679377 -14546195 , 26417400 -5294684 5294684 0 9740139 15034823 , 18724575 9712126 15180036 20791571 14084860 3017821 , 4129194 1223775 -5978264 5503602 1168427 190256 , -1374408 5978264 -1223775 -5503602 6168520 -55348 , -2726054 -15308525 15721112 10031217 -29854720 12041735 , 24704731 1967693 -1967693 0 -8155491 -10123184 , 1.1130652998966071e-11 , 19
3.0331255588998687 , -2066996 -15180036 -9712126 -20791571 -12162215 4372734 , -8075410 3326991 -3326991 0 -1584648 -4911639 , 10031217 3679377 14546195 -2726054 -12041735 29854720 , 26417400 -5294684 5294684 0 9740139 15034823 , 18724575 9712126 15180036 20791571 14084860 3017821 , -5503602 -1168427 -190256 -1374408 55348 -6168520 , -4129194 190256 1168427 1374408 -5978264 1223775 , 12757271 -14546195 -3679377 2726054 15308525 -15721112 , 24704731 1967693 -1967693 0 -8155491 -10123184 , 1.1130653002167394e-11 , 20
3.0331255588998687 , -2066996 -15180036 -9712126 -20791571 -12162215 4372734 , -8075410 3326991 -3326991 0 -1584648 -4911639 , -10031217 -3679377 -14546195 2726054 12041735 -29854720 , 26417400 -5294684 5294684 0 9740139 15034823 , 18724575 9712126 15180036 20791571 14084860 3017821 , 5503602 1168427 190256 1374408 -55348 6168520 , 4129194 -190256 -1168427 -1374408 5978264 -1223775 , -12757271 14546195 3679377 -2726054 -15308525 15721112 , 24704731 1967693 -1967693 0 -8155491 -10123184 , 1.1130653002167394e-11 , 21
3.0331255588998687 , -2066996 -15180036 -9712126 -20791571 -12162215 4372734 , -8075410 3326991 -3326991 0 -1584648 -4911639 , -15308525 -2726054 -12041735 14546195 -12757271 -15721112 , 26417400 -5294684 5294684 0 9740139 15034823 , 18724575 9712126 15180036 20791571 14084860 3017821 , 5978264 -1374408 55348 -190256 4129194 1223775 , 6168520 -55348 1374408 190256 1168427 5503602 , -29854720 12041735 2726054 -14546195 -3679377 -10031217 , 24704731 1967693 -1967693 0 -8155491 -10123184 , 1.1130653003115072e-11 , 22
3.0331255588998687 , -2066996 -15180036 -9712126 -20791571 -12162215 4372734 , -8075410 3326991 -3326991 0 -1584648 -4911639 , 15308525 2726054 12041735 -14546195 12757271 15721112 , 26417400 -5294684 5294684 0 9740139 15034823 , 18724575 9712126 15180036 20791571 14084860 3017821 , -5978264 1374408 -55348 190256 -4129194 -1223775 , -6168520 55348 -1374408 -190256 -1168427 -5503602 , 29854720 -12041735 -2726054 14546195 3679377 10031217 , 24704731 1967693 -1967693 0 -8155491 -10123184 , 1.1130653003115072e-11 , 23
3.0331255588998687 , -2066996 -15180036 -9712126 -20791571 -12162215 4372734 , 26417400 -5294684 5294684 0 9740139 15034823 , -190256 -1168427 -5503602 5978264 -1223775 -4129194 , -8075410 3326991 -3326991 0 -1584648 -4911639 , 18724575 9712126 15180036 20791571 14084860 3017821 , 14546195 3679377 10031217 -15308525 15721112 12757271 , 29854720 -10031217 -3679377 15308525 2726054 12041735 , -6168520 5503602 1168427 -5978264 1374408 -55348 , 24704731 1967693 -1967693 0 -8155491 -10123184 , 1.1130653006470063e-11 , 24
3.0331255588998687 , -2066996 -15180036 -9712126 -20791571 -12162215 4372734 , 26417400 -5294684 5294684 0 9740139 15034823 , 190256 1168427 5503602 -5978264 1223775 4129194 , -8075410 3326991 -3326991 0 -1584648 -4911639 , 18724575 9712126 15180036 20791571 14084860 3017821 , -14546195 -3679377 -10031217 15308525 -15721112 -12757271 , -29854720 10031217 3679377 -15308525 -2726054 -12041735 , 6168520 -5503602 -1168427 5978264 -1374408 55348 , 24704731 1967693 -1967693 0 -8155491 -10123184 , 1.1130653006470063e-11 , 25
3.0331255588998687 , -2066996 -15180036 -9712126 -20791571 -12162215 4372734 , 26417400 -5294684 5294684 0 9740139 15034823 , -5503602 6168520 -55348 -4129194 190256 1168427 , -8075410 3326991 -3326991 0 -1584648 -4911639 , 18724575 9712126 15180036 20791571 14084860 3017821 , 10031217 -29854720 12041735 12757271 -14546195 -3679377 , -2726054 -12041735 29854720 -12757271 -15721112 15308525 , -1374408 55348 -6168520 4129194 1223775 -5978264 , 24704731 1967693 -1967693 0 -8155491 -10123184 , 1.1130653011527649e-11 , 26
3.0331255588998687 , -2066996 -15180036 -9712126 -20791571 -12162215 4372734 , 26417400 -5294684 5294684 0 9740139 15034823 , 5503602 -6168520 55348 4129194 -190256 -1168427 , -8075410 3326991 -3326991 0 -1584648 -4911639 , 18724575 9712126 15180036 20791571 14084860 3017821 , -10031217 29854720 -12041735 -12757271 14546195 3679377 , 2726054 12041735 -29854720 12757271 15721112 -15308525 , 1374408 -55348 6168520 -4129194 -1223775 5978264 , 24704731 1967693 -1967693 0 -8155491 -10123184 , 1.1130653011527649e-11 , 27
3.0331255588998687 , -2066996 -15180036 -9712126 -20791571 -12162215 4372734 , -8075410 3326991 -3326991 0 -1584648 -4911639 , -14546195 12757271 15721112 -29854720 10031217 3679377 , 26417400 -5294684 5294684 0 9740139 15034823 , 18724575 9712126 15180036 20791571 14084860 3017821 , 190256 -4129194 -1223775 6168520 -5503602 -1168427 , -5978264 1223775 4129194 -6168520 55348 -1374408 , 15308525 -15721112 -12757271 29854720 -12041735 -2726054 , 24704731 1967693 -1967693 0 -8155491 -10123184 , 1.1130653011579136e-11 , 28
3.0331255588998687 , -2066996 -15180036 -9712126 -20791571 -12162215 4372734 , -8075410 3326991 -3326991 0 -1584648 -4911639 , 14546195 -12757271 -15721112 29854720 -10031217 -3679377 , 26417400 -5294684 5294684 0 9740139 15034823 , 18724575 9712126 15180036 20791571 14084860 3017821 , -190256 4129194 1223775 -6168520 5503602 1168427 , 5978264 -1223775 -4129194 6168520 -55348 1374408 , -15308525 15721112 12757271 -29854720 12041735 2726054 , 24704731 1967693 -1967693 0 -8155491 -10123184 , 1.1130653011579136e-11 , 29
3.0331255588998687 , -2066996 -15180036 -9712126 -20791571 -12162215 4372734 , 26417400 -5294684 5294684 0 9740139 15034823 , -6168520 55348 -1374408 -190256 -1168427 -5503602 , -8075410 3326991 -3326991 0 -1584648 -4911639 , 18724575 9712126 15180036 20791571 14084860 3017821 , 29854720 -12041735 -2726054 14546195 3679377 10031217 , 15308525 2726054 12041735 -14546195 12757271 15721112 , -5978264 1374408 -55348 190256 -4129194 -1223775 , 24704731 1967693 -1967693 0 -8155491 -10123184 , 1.1130653026336198e-11 , 30
3.0331255588998687 , -2066996 -15180036 -9712126 -20791571 -12162215 4372734 , 26417400 -5294684 5294684 0 9740139 15034823 , 6168520 -55348 1374408 190256 1168427 5503602 , -8075410 3326991 -3326991 0 -1584648 -4911639 , 18724575 9712126 15180036 20791571 14084860 3017821 , -29854720 12041735 2726054 -14546195 -3679377 -10031217 , -15308525 -2726054 -12041735 14546195 -12757271 -15721112 , 5978264 -1374408 55348 -190256 4129194 1223775 , 24704731 1967693 -1967693 0 -8155491 -10123184 , 1.1130653026336198e-11 , 31
3.0331255588998687 , -2066996 -15180036 -9712126 -20791571 -12162215 4372734 , -8075410 3326991 -3326991 0 -1584648 -4911639 , -15721112 15308525 2726054 -3679377 -14546195 12757271 , 26417400 -5294684 5294684 0 9740139 15034823 , 18724575 9712126 15180036 20791571 14084860 3017821 , 1223775 -5978264 1374408 1168427 190256 -4129194 , 55348 -1374408 5978264 -1168427 -5503602 6168520 , -12041735 -2726054 -15308525 3679377 10031217 -29854720 , 24704731 1967693 -1967693 0 -8155491 -10123184 , 1.1130653031173334e-11 , 32
3.0331255588998687 , -2066996 -15180036 -9712126 -20791571 -12162215 4372734 , -8075410 3326991 -3326991 0 -1584648 -4911639 , 15721112 -15308525 -2726054 3679377 14546195 -12757271 , 26417400 -5294684 5294684 0 9740139 15034823 , 18724575 9712126 15180036 20791571 14084860 3017821 , -1223775 5978264 -1374408 -1168427 -190256 4129194 , -55348 1374408 -5978264 1168427 5503602 -6168520 , 12041735 2726054 15308525 -3679377 -10031217 29854720 , 24704731 1967693 -1967693 0 -8155491 -10123184 , 1.1130653031173334e-11 , 33
3.0331255588998687 , -2066996 -15180036 -9712126 -20791571 -12162215 4372734 , 26417400 -5294684 5294684 0 9740139 15034823 , 55348 -1374408 5978264 -1168427 -5503602 6168520 , -8075410 3326991 -3326991 0 -1584648 -4911639 , 18724575 9712126 15180036 20791571 14084860 3017821 , -12041735 -2726054 -15308525 3679377 10031217 -29854720 , -15721112 15308525 2726054 -3679377 -14546195 12757271 , 1223775 -5978264 1374408 1168427 190256 -4129194 , 24704731 1967693 -1967693 0 -8155491 -10123184 , 1.1130653069276835e-11 , 34
3.0331255588998687 , -2066996 -15180036 -9712126 -20791571 -12162215 4372734 , 26417400 -5294684 5294684 0 9740139 15034823 , -55348 1374408 -5978264 1168427 5503602 -6168520 , -8075410 3326991 -3326991 0 -1584648 -4911639 , 18724575 9712126 15180036 20791571 14084860 3017821 , 12041735 2726054 15308525 -3679377 -10031217 29854720 , 15721112 -15308525 -2726054 3679377 14546195 -12757271 , -1223775 5978264 -1374408 -1168427 -190256 4129194 , 24704731 1967693 -1967693 0 -8155491 -10123184 , 1.1130653069276835e-11 , 35
3.1415447263346623 , -11496251 -15876525 -38810558 3595231 -13818840 -20443858 , 6514926 3025900 -3025900 0 5933256 2907356 , -9376679 10602569 -2753925 -3372233 -1753822 1704085 , -137183 -4930278 4930278 0 -4092193 838085 , -15091482 38810558 15876525 -3595231 18366700 2057685 , -1969564 14537551 -9562403 -4123070 10417048 -235115 , 2153506 9562403 -14537551 4123070 9327288 -4120503 , -6004446 2753925 -10602569 3372233 4458010 -12356391 , 36668978 1904378 -1904378 0 -1841063 -3745441 , 3.2050504575967814e-11 , 0
3.1415447263346623 , -11496251 -15876525 -38810558 3595231 -13818840 -20443858 , 6514926 3025900 -3025900 0 5933256 2907356 , 9376679 -10602569 2753925 3372233 1753822 -1704085 , -137183 -4930278 4930278 0 -4092193 838085 , -15091482 38810558 15876525 -3595231 18366700 2057685 , 1969564 -14537551 9562403 4123070 -10417048 235115 , -2153506 -9562403 14537551 -4123070 -9327288 4120503 , 6004446 -2753925 10602569 -3372233 -4458010 12356391 , 36668978 1904378 -1904378 0 -1841063 -3745441 , 3.2050504575967814e-11 , 1
3.1415447263346623 , -11496251 -15876525 -38810558 3595231 -13818840 -20443858 , -137183 -4930278 4930278 0 -4092193 838085 , -10417048 4123070 9327288 -14537551 1969564 -235115 , 6514926 3025900 -3025900 0 5933256 2907356 , -15091482 38810558 15876525 -3595231 18366700 2057685 , 1753822 3372233 4458010 -10602569 9376679 1704085 , 12356391 -4458010 -3372233 10602569 -2753925 6004446 , 4120503 -9327288 -4123070 14537551 -9562403 -2153506 , 36668978 1904378 -1904378 0 -1841063 -3745441 , 3.2050504576151203e-11 , 2
3.1415447263346623 , -11496251 -15876525 -38810558 3595231 -13818840 -20443858 , -137183 -4930278 4930278 0 -4092193 838085 , 10417048 -4123070 -9327288 14537551 -1969564 235115 , 6514926 3025900 -3025900 0 5933256 2907356 , -15091482 38810558 15876525 -3595231 18366700 2057685 , -1753822 -3372233 -4458010 10602569 -9376679 -1704085 , -12356391 4458010 3372233 -10602569 2753925 -6004446 , -4120503 9327288 4123070 -14537551 9562403 2153506 , 36668978 1904378 -1904378 0 -1841063 -3745441 , 3.2050504576151203e-11 , 3
3.1415447263346623 , -11496251 -15876525 -38810558 3595231 -13818840 -20443858 , 6514926 3025900 -3025900 0 5933256 2907356 , -3372233 -1753822 1704085 6004446 -12356391 4458010 , -137183 -4930278 4930278 0 -4092193 838085 , -15091482 38810558 15876525 -3595231 18366700 2057685 , -4123070 10417048 -235115 -2153506 -4120503 9327288 , -1969564 235115 -10417048 2153506 9562403 -14537551 , -9376679 -1704085 1753822 -6004446 2753925 -10602569 , 36668978 1904378 -1904378 0 -1841063 -3745441 , 3.2050504576417354e-11 , 4
3.1415447263346623 , -11496251 -15876525 -38810558 3595231 -13818840 -20443858 , 6514926 3025900 -3025900 0 5933256 2907356 , 3372233 1753822 -1704085 -6004446 12356391 -4458010 , -137183 -4930278 4930278 0 -4092193 838085 , -15091482 38810558 15876525 -3595231 18366700 2057685 , 4123070 -10417048 235115 2153506 4120503 -9327288 , 1969564 -235115 10417048 -2153506 -9562403 14537551 , 9376679 1704085 -1753822 6004446 -2753925 10602569 , 36668978 1904378 -1904378 0 -1841063 -3745441 , 3.2050504576417354e-11 , 5
3.1415447263346623 , -11496251 -15876525 -38810558 3595231 -13818840 -20443858 , -137183 -4930278 4930278 0 -4092193 838085 , -1969564 235115 -10417048 2153506 9562403 -14537551 , 6514926 3025900 -3025900 0 5933256 2907356 , -15091482 38810558 15876525 -3595231 18366700 2057685 , -9376679 -1704085 1753822 -6004446 2753925 -10602569 , -3372233 -1753822 1704085 6004446 -12356391 4458010 , -4123070 10417048 -235115 -2153506 -4120503 9327288 , 36668978 1904378 -1904378 0 -1841063 -3745441 , 3.2050504576630832e-11 , 6
3.1415447263346623 , -11496251 -15876525 -38810558 3595231 -13818840 -20443858 , -137183 -4930278 4930278 0 -4092193 838085 , 1969564 -235115 10417048 -2153506 -9562403 14537551 , 6514926 3025900 -3025900 0 5933256 2907356 , -15091482 38810558 15876525 -3595231 18366700 2057685 , 9376679 1704085 -1753822 6004446 -2753925 10602569 , 3372233 1753822 -1704085 -6004446 12356391 -4458010 , 4123070 -10417048 235115 2153506 4120503 -9327288 , 36668978 1904378 -1904378 0 -1841063 -3745441 , 3.2050504576630832e-11 , 7
3.1415447263346623 , -11496251 -15876525 -38810558 3595231 -13818840 -20443858 , 6514926 3025900 -3025900 0 5933256 2907356 , -1753822 1704085 9376679 -12356391 4458010 3372233 , -137183 -4930278 4930278 0 -4092193 838085 , -15091482 38810558 15876525 -3595231 18366700 2057685 , 10417048 -235115 1969564 -4120503 9327288 4123070 , 14537551 -1969564 235115 4120503 2153506 9562403 , 10602569 -9376679 -1704085 12356391 -6004446 2753925 , 36668978 1904378 -1904378 0 -1841063 -3745441 , 3.2050504576664281e-11 , 8
3.1415447263346623 , -11496251 -15876525 -38810558 3595231 -13818840 -20443858 , 6514926 3025900 -3025900 0 5933256 2907356 , 1753822 -1704085 -9376679 12356391 -4458010 -3372233 , -137183 -4930278 4930278 0 -4092193 838085 , -15091482 38810558 15876525 -3595231 18366700 2057685 , -10417048 235115 -1969564 4120503 -9327288 -4123070 , -14537551 1969564 -235115 -4120503 -2153506 -9562403 , -10602569 9376679 1704085 -12356391 6004446 -2753925 , 36668978 1904378 -1904378 0 -1841063 -3745441 , 3.2050504576664281e-11 , 9
3.1415447263346623 , -11496251 -15876525 -38810558 3595231 -13818840 -20443858 , -137183 -4930278 4930278 0 -4092193 838085 , 235115 -10417048 4123070 9562403 -14537551 1969564 , 6514926 3025900 -3025900 0 5933256 2907356 , -15091482 38810558 15876525 -3595231 18366700 2057685 , -1704085 1753822 3372233 2753925 -10602569 9376679 , -4458010 -3372233 -1753822 -2753925 6004446 -12356391 , -9327288 -4123070 10417048 -9562403 -2153506 -4120503 , 36668978 1904378 -1904378 0 -1841063 -3745441 , 3.2050504577159135e-11 , 10
3.1415447263346623 , -11496251 -15876525 -38810558 3595231 -13818840 -20443858 , -137183 -4930278 4930278 0 -4092193 838085 , -235115 10417048 -4123070 -9562403 14537551 -1969564 , 6514926 3025900 -3025900 0 5933256 2907356 , -15091482 38810558 15876525 -3595231 18366700 2057685 , 1704085 -1753822 -3372233 -2753925 10602569 -9376679 , 4458010 3372233 1753822 2753925 -6004446 12356391 , 9327288 4123070 -10417048 9562403 2153506 4120503 , 36668978 1904378 -1904378 0 -1841063 -3745441 , 3.2050504577159135e-11 , 11
3.1415447263346623 , -11496251 -15876525 -38810558 3595231 -13818840 -20443858 , 6514926 3025900 -3025900 0 5933256 2907356 , -4458010 -3372233 -1753822 -2753925 6004446 -12356391 , -137183 -4930278 4930278 0 -4092193 838085 , -15091482 38810558 15876525 -3595231 18366700 2057685 , -9327288 -4123070 10417048 -9562403 -2153506 -4120503 , 235115 -10417048 4123070 9562403 -14537551 1969564 , -1704085 1753822 3372233 2753925 -10602569 9376679 , 36668978 1904378 -1904378 0 -1841063 -3745441 , 3.2050504577411283e-11 , 12
3.1415447263346623 , -11496251 -15876525 -38810558 3595231 -13818840 -20443858 , 6514926 3025900 -3025900 0 5933256 2907356 , 4458010 3372233 1753822 2753925 -6004446 12356391 , -137183 -4930278 4930278 0 -4092193 838085 , -15091482 38810558 15876525 -3595231 18366700 2057685 , 9327288 4123070 -10417048 9562403 2153506 4120503 , -235115 10417048 -4123070 -9562403 14537551 -1969564 , 1704085 -1753822 -3372233 -2753925 10602569 -9376679 , 36668978 1904378 -1904378 0 -1841063 -3745441 , 3.2050504577411283e-11 , 13
3.1415447263346623 , -11496251 -15876525 -38810558 3595231 -13818840 -20443858 , -137183 -4930278 4930278 0 -4092193 838085 , -14537551 1969564 -235115 -4120503 -2153506 -9562403 , 6514926 3025900 -3025900 0 5933256 2907356 , -15091482 38810558 15876525 -3595231 18366700 2057685 , -10602569 9376679 1704085 -12356391 6004446 -2753925 , 1753822 -1704085 -9376679 12356391 -4458010 -3372233 , -10417048 235115 -1969564 4120503 -9327288 -4123070 , 36668978 1904378 -1904378 0 -1841063 -3745441 , 3.2050504580023636e-11 , 14
3.1415447263346623 , -11496251 -15876525 -38810558 3595231 -13818840 -20443858 , -137183 -4930278 4930278 0 -4092193 838085 , 14537551 -1969564 235115 4120503 2153506 9562403 , 6514926 3025900 -3025900 0 5933256 2907356 , -15091482 38810558 15876525 -3595231 18366700 2057685 , 10602569 -9376679 -1704085 12356391 -6004446 2753925 , -1753822 1704085 9376679 -12356391 4458010 3372233 , 10417048 -235115 1969564 -4120503 9327288 4123070 , 36668978 1904378 -1904378 0 -1841063 -3745441 , 3.2050504580023636e-11 , 15
3.1415447263346623 , -11496251 -15876525 -38810558 3595231 -13818840 -20443858 , 6514926 3025900 -3025900 0 5933256 2907356 , -1704085 -9376679 10602569 -4458010 -3372233 -1753822 , -137183 -4930278 4930278 0 -4092193 838085 , -15091482 38810558 15876525 -3595231 18366700 2057685 , 235115 -1969564 14537551 -9327288 -4123070 10417048 , 9562403 -14537551 1969564 9327288 -4120503 -2153506 , 2753925 -10602569 9376679 4458010 -12356391 6004446 , 36668978 1904378 -1904378 0 -1841063 -3745441 , 3.2050504582299106e-11 , 16
3.1415447263346623 , -11496251 -15876525 -38810558 3595231 -13818840 -20443858 , 6514926 3025900 -3025900 0 5933256 2907356 , 1704085 9376679 -10602569 4458010 3372233 1753822 , -137183 -4930278 4930278 0 -4092193 838085 , -15091482 38810558 15876525 -3595231 18366700 2057685 , -235115 1969564 -14537551 9327288 4123070 -10417048 , -9562403 14537551 -1969564 -9327288 4120503 2153506 , -2753925 10602569 -9376679 -4458010 12356391 -6004446 , 36668978 1904378 -1904378 0 -1841063 -3745441 , 3.2050504582299106e-11 , 17
3.1415447263346623 , -11496251 -15876525 -38810558 3595231 -13818840 -20443858 , -137183 -4930278 4930278 0 -4092193 838085 , 2153506 9562403 -14537551 4123070 9327288 -4120503 , 6514926 3025900 -3025900 0 5933256 2907356 , -15091482 38810558 15876525 -3595231 18366700 2057685 , -6004446 2753925 -10602569 3372233 4458010 -12356391 , -9376679 10602569 -2753925 -3372233 -1753822 1704085 , -1969564 14537551 -9562403 -4123070 10417048 -235115 , 36668978 1904378 -1904378 0 -1841063 -3745441 , 3.2050504582423015e-11 , 18
3.1415447263346623 , -11496251 -15876525 -38810558 3595231 -13818840 -20443858 , -137183 -4930278 4930278 0 -4092193 838085 , -2153506 -9562403 14537551 -4123070 -9327288 4120503 , 6514926 3025900 -3025900 0 5933256 2907356 , -15091482 38810558 15876525 -3595231 18366700 2057685 , 6004446 -2753925 10602569 -3372233 -4458010 12356391 , 9376679 -10602569 2753925 3372233 1753822 -1704085 , 1969564 -14537551 9562403 4123070 -10417048 235115 , 36668978 1904378 -1904378 0 -1841063 -3745441 , 3.2050504582423015e-11 , 19
3.1415447263346623 , -11496251 -15876525 -38810558 3595231 -13818840 -20443858 , -137183 -4930278 4930278 0 -4092193 838085 , -9562403 14537551 -1969564 -9327288 4120503 2153506 , 6514926 3025900 -3025900 0 5933256 2907356 , -15091482 38810558 15876525 -3595231 18366700 2057685 , -2753925 10602569 -9376679 -4458010 12356391 -6004446 , 1704085 9376679 -10602569 4458010 3372233 1753822 , -235115 1969564 -14537551 9327288 4123070 -10417048 , 36668978 1904378 -1904378 0 -1841063 -3745441 , 3.2050504583249743e-11 , 20
3.1415447263346623 , -11496251 -15876525 -38810558 3595231 -13818840 -20443858 , -137183 -4930278 4930278 0 -4092193 838085 , 9562403 -14537551 1969564 9327288 -4120503 -2153506 , 6514926 3025900 -3025900 0 5933256 2907356 , -15091482 38810558 15876525 -3595231 18366700 2057685 , 2753925 -10602569 9376679 4458010 -12356391 6004446 , -1704085 -9376679 10602569 -4458010 -3372233 -1753822 , 235115 -1969564 14537551 -9327288 -4123070 10417048 , 36668978 1904378 -1904378 0 -1841063 -3745441 , 3.2050504583249743e-11 , 21
3.1415447263346623 , -11496251 -15876525 -38810558 3595231 -13818840 -20443858 , 6514926 3025900 -3025900 0 5933256 2907356 , -12356391 4458010 3372233 -10602569 2753925 -6004446 , -137183 -4930278 4930278 0 -4092193 838085 , -15091482 38810558 15876525 -3595231 18366700 2057685 , -4120503 9327288 4123070 -14537551 9562403 2153506 , 10417048 -4123070 -9327288 14537551 -1969564 235115 , -1753822 -3372233 -4458010 10602569 -9376679 -1704085 , 36668978 1904378 -1904378 0 -1841063 -3745441 , 3.2050504593942565e-11 , 22
3.1415447263346623 , -11496251 -15876525 -38810558 3595231 -13818840 -20443858 , 6514926 3025900 -3025900 0 5933256 2907356 , 12356391 -4458010 -3372233 10602569 -2753925 6004446 , -137183 -4930278 4930278 0 -4092193 838085 , -15091482 38810558 15876525 -3595231 18366700 2057685 , 4120503 -9327288 -4123070 14537551 -9562403 -2153506 , -10417048 4123070 9327288 -14537551 1969564 -235115 , 1753822 3372233 4458010 -10602569 9376679 1704085 , 36668978 1904378 -1904378 0 -1841063 -3745441 , 3.2050504593942565e-11 , 23
3.1415447263346623 , -11496251 -15876525 -38810558 3595231 -13818840 -20443858 , 6514926 3025900 -3025900 0 5933256 2907356 , -6004446 12356391 -4458010 -9376679 10602569 -2753925 , -137183 -4930278 4930278 0 -4092193 838085 , -15091482 38810558 15876525 -3595231 18366700 2057685 , 2153506 4120503 -9327288 -1969564 14537551 -9562403 , 4123070 9327288 -4120503 1969564 -235115 10417048 , 3372233 4458010 -12356391 9376679 1704085 -1753822 , 36668978 1904378 -1904378 0 -1841063 -3745441 , 3.2050504594116383e-11 , 24
3.1415447263346623 , -11496251 -15876525 -38810558 3595231 -13818840 -20443858 , 6514926 3025900 -3025900 0 5933256 2907356 , 6004446 -12356391 4458010 9376679 -10602569 2753925 , -137183 -4930278 4930278 0 -4092193 838085 , -15091482 38810558 15876525 -3595231 18366700 2057685 , -2153506 -4120503 9327288 1969564 -14537551 9562403 , -4123070 -9327288 4120503 -1969564 235115 -10417048 , -3372233 -4458010 12356391 -9376679 -1704085 1753822 , 36668978 1904378 -1904378 0 -1841063 -3745441 , 3.2050504594116383e-11 , 25
3.1415447263346623 , -11496251 -15876525 -38810558 3595231 -13818840 -20443858 , -137183 -4930278 4930278 0 -4092193 838085 , -4120503 -2153506 -9562403 10417048 -4123070 -9327288 , 6514926 3025900 -3025900 0 5933256 2907356 , -15091482 38810558 15876525 -3595231 18366700 2057685 , -12356391 6004446 -2753925 -1753822 -3372233 -4458010 , -10602569 2753925 -6004446 1753822 -1704085 -9376679 , -14537551 9562403 2153506 -10417048 235115 -1969564 , 36668978 1904378 -1904378 0 -1841063 -3745441 , 3.2050504594440638e-11 , 26
3.1415447263346623 , -11496251 -15876525 -38810558 3595231 -13818840 -20443858 , -137183 -4930278 4930278 0 -4092193 838085 , 4120503 2153506 9562403 -10417048 4123070 9327288 , 6514926 3025900 -3025900 0 5933256 2907356 , -15091482 38810558 15876525 -3595231 18366700 2057685 , 12356391 -6004446 2753925 1753822 3372233 4458010 , 10602569 -2753925 6004446 -1753822 1704085 9376679 , 14537551 -9562403 -2153506 10417048 -235115 1969564 , 36668978 1904378 -1904378 0 -1841063 -3745441 , 3.2050504594440638e-11 , 27
3.1415447263346623 , -11496251 -15876525 -38810558 3595231 -13818840 -20443858 , 6514926 3025900 -3025900 0 5933256 2907356 , -10602569 2753925 -6004446 1753822 -1704085 -9376679 , -137183 -4930278 4930278 0 -4092193 838085 , -15091482 38810558 15876525 -3595231 18366700 2057685 , -14537551 9562403 2153506 -10417048 235115 -1969564 , -4120503 -2153506 -9562403 10417048 -4123070 -9327288 , -12356391 6004446 -2753925 -1753822 -3372233 -4458010 , 36668978 1904378 -1904378 0 -1841063 -3745441 , 3.205050459623834e-11 , 28
3.1415447263346623 , -11496251 -15876525 -38810558 3595231 -13818840 -20443858 , 6514926 3025900 -3025900 0 5933256 2907356 , 10602569 -2753925 6004446 -1753822 1704085 9376679 , -137183 -4930278 4930278 0 -4092193 838085 , -15091482 38810558 15876525 -3595231 18366700 2057685 , 14537551 -9562403 -2153506 10417048 -235115 1969564 , 4120503 2153506 9562403 -10417048 4123070 9327288 , 12356391 -6004446 2753925 1753822 3372233 4458010 , 36668978 1904378 -1904378 0 -1841063 -3745441 , 3.205050459623834e-11 , 29
3.1415447263346623 , -11496251 -15876525 -38810558 3595231 -13818840 -20443858 , -137183 -4930278 4930278 0 -4092193 838085 , -9327288 4120503 2153506 235115 -10417048 4123070 , 6514926 3025900 -3025900 0 5933256 2907356 , -15091482 38810558 15876525 -3595231 18366700 2057685 , -4458010 12356391 -6004446 -1704085 1753822 3372233 , -2753925 6004446 -12356391 1704085 9376679 -10602569 , -9562403 -2153506 -4120503 -235115 1969564 -14537551 , 36668978 1904378 -1904378 0 -1841063 -3745441 , 3.2050504603325811e-11 , 30
3.1415447263346623 , -11496251 -15876525 -38810558 3595231 -13818840 -20443858 , -137183 -4930278 4930278 0 -4092193 838085 , 9327288 -4120503 -2153506 -235115 10417048 -4123070 , 6514926 3025900 -3025900 0 5933256 2907356 , -15091482 38810558 15876525 -3595231 18366700 2057685 , 4458010 -12356391 6004446 1704085 -1753822 -3372233 , 2753925 -6004446 12356391 -1704085 -9376679 10602569 , 9562403 2153506 4120503 235115 -1969564 14537551 , 36668978 1904378 -1904378 0 -1841063 -3745441 , 3.2050504603325811e-11 , 31
3.1415447263346623 , -11496251 -15876525 -38810558 3595231 -13818840 -20443858 , 6514926 3025900 -3025900 0 5933256 2907356 , -2753925 6004446 -12356391 1704085 9376679 -10602569 , -137183 -4930278 4930278 0 -4092193 838085 , -15091482 38810558 15876525 -3595231 18366700 2057685 , -9562403 -2153506 -4120503 -235115 1969564 -14537551 , -9327288 4120503 2153506 235115 -10417048 4123070 , -4458010 12356391 -6004446 -1704085 1753822 3372233 , 36668978 1904378 -1904378 0 -1841063 -3745441 , 3.2050504603327194e-11 , 32
3.1415447263346623 , -11496251 -15876525 -38810558 3595231 -13818840 -20443858 , 6514926 3025900 -3025900 0 5933256 2907356 , 2753925 -6004446 12356391 -1704085 -9376679 10602569 , -137183 -4930278 4930278 0 -4092193 838085 , -15091482 38810558 15876525 -3595231 18366700 2057685 , 9562403 2153506 4120503 235115 -1969564 14537551 , 9327288 -4120503 -2153506 -235115 10417048 -4123070 , 4458010 -12356391 6004446 1704085 -1753822 -3372233 , 36668978 1904378 -1904378 0 -1841063 -3745441 , 3.2050504603327194e-11 , 33
3.1415447263346623 , -11496251 -15876525 -38810558 3595231 -13818840 -20443858 , -137183 -4930278 4930278 0 -4092193 838085 , 4123070 9327288 -4120503 1969564 -235115 10417048 , 6514926 3025900 -3025900 0 5933256 2907356 , -15091482 38810558 15876525 -3595231 18366700 2057685 , 3372233 4458010 -12356391 9376679 1704085 -1753822 , -6004446 12356391 -4458010 -9376679 10602569 -2753925 , 2153506 4120503 -9327288 -1969564 14537551 -9562403 , 36668978 1904378 -1904378 0 -1841063 -3745441 , 3.2050504603494226e-11 , 34
3.1415447263346623 , -11496251 -15876525 -38810558 3595231 -13818840 -20443858 , -137183 -4930278 4930278 0 -4092193 838085 , -4123070 -9327288 4120503 -1969564 235115 -10417048 , 6514926 3025900 -3025900 0 5933256 2907356 , -15091482 38810558 15876525 -3595231 18366700 2057685 , -3372233 -4458010 12356391 -9376679 -1704085 1753822 , 6004446 -12356391 4458010 9376679 -10602569 2753925 , -2153506 -4120503 9327288 1969564 -14537551 9562403 , 36668978 1904378 -1904378 0 -1841063 -3745441 , 3.2050504603494226e-11 , 35
