#f=12
# columns: theta, 3^f*Mij (3x3 6-element-groups), frob, rank
2.2630837080578327e-05 , 128438 165772 90845 -179744 -149659 -31642 , 159271 -172792 172792 0 -56115 116677 , -80636 206661 -42728 -102754 62128 67311 , 178410 -89836 89836 0 21695 111531 , 308182 -90845 -165772 179744 -122487 -315431 , 43731 -171801 218879 5650 -188869 132794 , 38081 -218879 171801 -5650 -86085 -17068 , 22118 42728 -206661 102754 110039 -144533 , 193760 262628 -262628 0 34420 -228208 , 6.8860997849334982e-09 , 0
2.2630837080578327e-05 , 128438 165772 90845 -179744 -149659 -31642 , 159271 -172792 172792 0 -56115 116677 , 80636 -206661 42728 102754 -62128 -67311 , 178410 -89836 89836 0 21695 111531 , 308182 -90845 -165772 179744 -122487 -315431 , -43731 171801 -218879 -5650 188869 -132794 , -38081 218879 -171801 5650 86085 17068 , -22118 -42728 206661 -102754 -110039 144533 , 193760 262628 -262628 0 34420 -228208 , 6.8860997849334982e-09 , 1
2.2630837080578327e-05 , 128438 165772 90845 -179744 -149659 -31642 , 178410 -89836 89836 0 21695 111531 , -218879 171801 -43731 -86085 -17068 -38081 , 159271 -172792 172792 0 -56115 116677 , 308182 -90845 -165772 179744 -122487 -315431 , 42728 -206661 80636 110039 -144533 -22118 , -67311 -80636 206661 -110039 -102754 62128 , -132794 43731 -171801 86085 5650 -188869 , 193760 262628 -262628 0 34420 -228208 , 6.8860997849335346e-09 , 2
2.2630837080578327e-05 , 128438 165772 90845 -179744 -149659 -31642 , 178410 -89836 89836 0 21695 111531 , 218879 -171801 43731 86085 17068 38081 , 159271 -172792 172792 0 -56115 116677 , 308182 -90845 -165772 179744 -122487 -315431 , -42728 206661 -80636 -110039 144533 22118 , 67311 80636 -206661 110039 102754 -62128 , 132794 -43731 171801 -86085 -5650 188869 , 193760 262628 -262628 0 34420 -228208 , 6.8860997849335346e-09 , 3
2.2630837080578327e-05 , 128438 165772 90845 -179744 -149659 -31642 , 159271 -172792 172792 0 -56115 116677 , -62128 -67311 -80636 144533 -110039 -102754 , 178410 -89836 89836 0 21695 111531 , 308182 -90845 -165772 179744 -122487 -315431 , 188869 -132794 43731 17068 86085 5650 , 171801 -43731 132794 -17068 -38081 218879 , -206661 80636 67311 -144533 -22118 -42728 , 193760 262628 -262628 0 34420 -228208 , 6.8860997849358697e-09 , 4
2.2630837080578327e-05 , 128438 165772 90845 -179744 -149659 -31642 , 159271 -172792 172792 0 -56115 116677 , 62128 67311 80636 -144533 110039 102754 , 178410 -89836 89836 0 21695 111531 , 308182 -90845 -165772 179744 -122487 -315431 , -188869 132794 -43731 -17068 -86085 -5650 , -171801 43731 -132794 17068 38081 -218879 , 206661 -80636 -67311 144533 22118 42728 , 193760 262628 -262628 0 34420 -228208 , 6.8860997849358697e-09 , 5
2.2630837080578327e-05 , 128438 165772 90845 -179744 -149659 -31642 , 178410 -89836 89836 0 21695 111531 , -17068 -38081 218879 -188869 5650 86085 , 159271 -172792 172792 0 -56115 116677 , 308182 -90845 -165772 179744 -122487 -315431 , -144533 -22118 -42728 62128 -102754 -110039 , -206661 42728 22118 -62128 -67311 -80636 , 171801 -218879 38081 188869 -132794 43731 , 193760 262628 -262628 0 34420 -228208 , 6.8860997849359086e-09 , 6
2.2630837080578327e-05 , 128438 165772 90845 -179744 -149659 -31642 , 178410 -89836 89836 0 21695 111531 , 17068 38081 -218879 188869 -5650 -86085 , 159271 -172792 172792 0 -56115 116677 , 308182 -90845 -165772 179744 -122487 -315431 , 144533 22118 42728 -62128 102754 110039 , 206661 -42728 -22118 62128 67311 80636 , -171801 218879 -38081 -188869 132794 -43731 , 193760 262628 -262628 0 34420 -228208 , 6.8860997849359086e-09 , 7
2.2630837080578327e-05 , 128438 165772 90845 -179744 -149659 -31642 , 159271 -172792 172792 0 -56115 116677 , 22118 144533 -110039 -80636 206661 -42728 , 178410 -89836 89836 0 21695 111531 , 308182 -90845 -165772 179744 -122487 -315431 , 38081 17068 86085 43731 -171801 218879 , -5650 -86085 -17068 -43731 132794 -188869 , 102754 110039 -144533 80636 67311 62128 , 193760 262628 -262628 0 34420 -228208 , 6.8860997849360401e-09 , 8
2.2630837080578327e-05 , 128438 165772 90845 -179744 -149659 -31642 , 159271 -172792 172792 0 -56115 116677 , -22118 -144533 110039 80636 -206661 42728 , 178410 -89836 89836 0 21695 111531 , 308182 -90845 -165772 179744 -122487 -315431 , -38081 -17068 -86085 -43731 171801 -218879 , 5650 86085 17068 43731 -132794 188869 , -102754 -110039 144533 -80636 -67311 -62128 , 193760 262628 -262628 0 34420 -228208 , 6.8860997849360401e-09 , 9
2.2630837080578327e-05 , 128438 165772 90845 -179744 -149659 -31642 , 178410 -89836 89836 0 21695 111531 , -86085 -17068 -38081 132794 -188869 5650 , 159271 -172792 172792 0 -56115 116677 , 308182 -90845 -165772 179744 -122487 -315431 , 110039 -144533 -22118 67311 62128 -102754 , 42728 22118 144533 -67311 -80636 206661 , -218879 38081 17068 -132794 43731 -171801 , 193760 262628 -262628 0 34420 -228208 , 6.8860997849366804e-09 , 10
2.2630837080578327e-05 , 128438 165772 90845 -179744 -149659 -31642 , 178410 -89836 89836 0 21695 111531 , 86085 17068 38081 -132794 188869 -5650 , 159271 -172792 172792 0 -56115 116677 , 308182 -90845 -165772 179744 -122487 -315431 , -110039 144533 22118 -67311 -62128 102754 , -42728 -22118 -144533 67311 80636 -206661 , 218879 -38081 -17068 132794 -43731 171801 , 193760 262628 -262628 0 34420 -228208 , 6.8860997849366804e-09 , 11
2.2630837080578327e-05 , 128438 165772 90845 -179744 -149659 -31642 , 159271 -172792 172792 0 -56115 116677 , 110039 102754 -62128 42728 22118 144533 , 178410 -89836 89836 0 21695 111531 , 308182 -90845 -165772 179744 -122487 -315431 , -86085 -5650 188869 -218879 38081 17068 , 132794 -188869 5650 218879 -171801 43731 , 67311 62128 -102754 -42728 206661 -80636 , 193760 262628 -262628 0 34420 -228208 , 6.8860997849366886e-09 , 12
2.2630837080578327e-05 , 128438 165772 90845 -179744 -149659 -31642 , 159271 -172792 172792 0 -56115 116677 , -110039 -102754 62128 -42728 -22118 -144533 , 178410 -89836 89836 0 21695 111531 , 308182 -90845 -165772 179744 -122487 -315431 , 86085 5650 -188869 218879 -38081 -17068 , -132794 188869 -5650 -218879 171801 -43731 , -67311 -62128 102754 42728 -206661 80636 , 193760 262628 -262628 0 34420 -228208 , 6.8860997849366886e-09 , 13
2.2630837080578327e-05 , 128438 165772 90845 -179744 -149659 -31642 , 159271 -172792 172792 0 -56115 116677 , -102754 62128 67311 -22118 -144533 110039 , 178410 -89836 89836 0 21695 111531 , 308182 -90845 -165772 179744 -122487 -315431 , 5650 -188869 132794 -38081 -17068 -86085 , 43731 -132794 188869 38081 -218879 171801 , -80636 -67311 -62128 22118 42728 -206661 , 193760 262628 -262628 0 34420 -228208 , 6.8860997849367126e-09 , 14
2.2630837080578327e-05 , 128438 165772 90845 -179744 -149659 -31642 , 159271 -172792 172792 0 -56115 116677 , 102754 -62128 -67311 22118 144533 -110039 , 178410 -89836 89836 0 21695 111531 , 308182 -90845 -165772 179744 -122487 -315431 , -5650 188869 -132794 38081 17068 86085 , -43731 132794 -188869 -38081 218879 -171801 , 80636 67311 62128 -22118 -42728 206661 , 193760 262628 -262628 0 34420 -228208 , 6.8860997849367126e-09 , 15
2.2630837080578327e-05 , 128438 165772 90845 -179744 -149659 -31642 , 159271 -172792 172792 0 -56115 116677 , -144533 110039 102754 -206661 42728 22118 , 178410 -89836 89836 0 21695 111531 , 308182 -90845 -165772 179744 -122487 -315431 , -17068 -86085 -5650 171801 -218879 38081 , -188869 5650 86085 -171801 43731 -132794 , 62128 -102754 -110039 206661 -80636 -67311 , 193760 262628 -262628 0 34420 -228208 , 6.886099784937534e-09 , 16
2.2630837080578327e-05 , 128438 165772 90845 -179744 -149659 -31642 , 159271 -172792 172792 0 -56115 116677 , 144533 -110039 -102754 206661 -42728 -22118 , 178410 -89836 89836 0 21695 111531 , 308182 -90845 -165772 179744 -122487 -315431 , 17068 86085 5650 -171801 218879 -38081 , 188869 -5650 -86085 171801 -43731 132794 , -62128 102754 110039 -206661 80636 67311 , 193760 262628 -262628 0 34420 -228208 , 6.886099784937534e-09 , 17
2.2630837080578327e-05 , 128438 165772 90845 -179744 -149659 -31642 , 178410 -89836 89836 0 21695 111531 , 38081 -218879 171801 -5650 -86085 -17068 , 159271 -172792 172792 0 -56115 116677 , 308182 -90845 -165772 179744 -122487 -315431 , 22118 42728 -206661 102754 110039 -144533 , -80636 206661 -42728 -102754 62128 67311 , 43731 -171801 218879 5650 -188869 132794 , 193760 262628 -262628 0 34420 -228208 , 6.8860997849382909e-09 , 18
2.2630837080578327e-05 , 128438 165772 90845 -179744 -149659 -31642 , 178410 -89836 89836 0 21695 111531 , -38081 218879 -171801 5650 86085 17068 , 159271 -172792 172792 0 -56115 116677 , 308182 -90845 -165772 179744 -122487 -315431 , -22118 -42728 206661 -102754 -110039 144533 , 80636 -206661 42728 102754 -62128 -67311 , -43731 171801 -218879 -5650 188869 -132794 , 193760 262628 -262628 0 34420 -228208 , 6.8860997849382909e-09 , 19
2.2630837080578327e-05 , 128438 165772 90845 -179744 -149659 -31642 , 178410 -89836 89836 0 21695 111531 , 171801 -43731 132794 -17068 -38081 218879 , 159271 -172792 172792 0 -56115 116677 , 308182 -90845 -165772 179744 -122487 -315431 , -206661 80636 67311 -144533 -22118 -42728 , -62128 -67311 -80636 144533 -110039 -102754 , 188869 -132794 43731 17068 86085 5650 , 193760 262628 -262628 0 34420 -228208 , 6.8860997849392182e-09 , 20
2.2630837080578327e-05 , 128438 165772 90845 -179744 -149659 -31642 , 178410 -89836 89836 0 21695 111531 , -171801 43731 -132794 17068 38081 -218879 , 159271 -172792 172792 0 -56115 116677 , 308182 -90845 -165772 179744 -122487 -315431 , 206661 -80636 -67311 144533 22118 42728 , 62128 67311 80636 -144533 110039 102754 , -188869 132794 -43731 -17068 -86085 -5650 , 193760 262628 -262628 0 34420 -228208 , 6.8860997849392182e-09 , 21
2.2630837080578327e-05 , 128438 165772 90845 -179744 -149659 -31642 , 159271 -172792 172792 0 -56115 116677 , 42728 22118 144533 -67311 -80636 206661 , 178410 -89836 89836 0 21695 111531 , 308182 -90845 -165772 179744 -122487 -315431 , -218879 38081 17068 -132794 43731 -171801 , -86085 -17068 -38081 132794 -188869 5650 , 110039 -144533 -22118 67311 62128 -102754 , 193760 262628 -262628 0 34420 -228208 , 6.8860997849400528e-09 , 22
2.2630837080578327e-05 , 128438 165772 90845 -179744 -149659 -31642 , 159271 -172792 172792 0 -56115 116677 , -42728 -22118 -144533 67311 80636 -206661 , 178410 -89836 89836 0 21695 111531 , 308182 -90845 -165772 179744 -122487 -315431 , 218879 -38081 -17068 132794 -43731 171801 , 86085 17068 38081 -132794 188869 -5650 , -110039 144533 22118 -67311 -62128 102754 , 193760 262628 -262628 0 34420 -228208 , 6.8860997849400528e-09 , 23
2.2630837080578327e-05 , 128438 165772 90845 -179744 -149659 -31642 , 178410 -89836 89836 0 21695 111531 , -5650 -86085 -17068 -43731 132794 -188869 , 159271 -172792 172792 0 -56115 116677 , 308182 -90845 -165772 179744 -122487 -315431 , 102754 110039 -144533 80636 67311 62128 , 22118 144533 -110039 -80636 206661 -42728 , 38081 17068 86085 43731 -171801 218879 , 193760 262628 -262628 0 34420 -228208 , 6.8860997849406814e-09 , 24
2.2630837080578327e-05 , 128438 165772 90845 -179744 -149659 -31642 , 178410 -89836 89836 0 21695 111531 , 5650 86085 17068 43731 -132794 188869 , 159271 -172792 172792 0 -56115 116677 , 308182 -90845 -165772 179744 -122487 -315431 , -102754 -110039 144533 -80636 -67311 -62128 , -22118 -144533 110039 80636 -206661 42728 , -38081 -17068 -86085 -43731 171801 -218879 , 193760 262628 -262628 0 34420 -228208 , 6.8860997849406814e-09 , 25
2.2630837080578327e-05 , 128438 165772 90845 -179744 -149659 -31642 , 159271 -172792 172792 0 -56115 116677 , -67311 -80636 206661 -110039 -102754 62128 , 178410 -89836 89836 0 21695 111531 , 308182 -90845 -165772 179744 -122487 -315431 , -132794 43731 -171801 86085 5650 -188869 , -218879 171801 -43731 -86085 -17068 -38081 , 42728 -206661 80636 110039 -144533 -22118 , 193760 262628 -262628 0 34420 -228208 , 6.8860997849406988e-09 , 26
2.2630837080578327e-05 , 128438 165772 90845 -179744 -149659 -31642 , 159271 -172792 172792 0 -56115 116677 , 67311 80636 -206661 110039 102754 -62128 , 178410 -89836 89836 0 21695 111531 , 308182 -90845 -165772 179744 -122487 -315431 , 132794 -43731 171801 -86085 -5650 188869 , 218879 -171801 43731 86085 17068 38081 , -42728 206661 -80636 -110039 144533 22118 , 193760 262628 -262628 0 34420 -228208 , 6.8860997849406988e-09 , 27
2.2630837080578327e-05 , 128438 165772 90845 -179744 -149659 -31642 , 178410 -89836 89836 0 21695 111531 , -132794 188869 -5650 -218879 171801 -43731 , 159271 -172792 172792 0 -56115 116677 , 308182 -90845 -165772 179744 -122487 -315431 , -67311 -62128 102754 42728 -206661 80636 , -110039 -102754 62128 -42728 -22118 -144533 , 86085 5650 -188869 218879 -38081 -17068 , 193760 262628 -262628 0 34420 -228208 , 6.8860997849407997e-09 , 28
2.2630837080578327e-05 , 128438 165772 90845 -179744 -149659 -31642 , 178410 -89836 89836 0 21695 111531 , 132794 -188869 5650 218879 -171801 43731 , 159271 -172792 172792 0 -56115 116677 , 308182 -90845 -165772 179744 -122487 -315431 , 67311 62128 -102754 -42728 206661 -80636 , 110039 102754 -62128 42728 22118 144533 , -86085 -5650 188869 -218879 38081 17068 , 193760 262628 -262628 0 34420 -228208 , 6.8860997849407997e-09 , 29
2.2630837080578327e-05 , 128438 165772 90845 -179744 -149659 -31642 , 178410 -89836 89836 0 21695 111531 , -43731 132794 -188869 -38081 218879 -171801 , 159271 -172792 172792 0 -56115 116677 , 308182 -90845 -165772 179744 -122487 -315431 , 80636 67311 62128 -22118 -42728 206661 , 102754 -62128 -67311 22118 144533 -110039 , -5650 188869 -132794 38081 17068 86085 , 193760 262628 -262628 0 34420 -228208 , 6.8860997849408245e-09 , 30
2.2630837080578327e-05 , 128438 165772 90845 -179744 -149659 -31642 , 178410 -89836 89836 0 21695 111531 , 43731 -132794 188869 38081 -218879 171801 , 159271 -172792 172792 0 -56115 116677 , 308182 -90845 -165772 179744 -122487 -315431 , -80636 -67311 -62128 22118 42728 -206661 , -102754 62128 67311 -22118 -144533 110039 , 5650 -188869 132794 -38081 -17068 -86085 , 193760 262628 -262628 0 34420 -228208 , 6.8860997849408245e-09 , 31
2.2630837080578327e-05 , 128438 165772 90845 -179744 -149659 -31642 , 178410 -89836 89836 0 21695 111531 , 188869 -5650 -86085 171801 -43731 132794 , 159271 -172792 172792 0 -56115 116677 , 308182 -90845 -165772 179744 -122487 -315431 , -62128 102754 110039 -206661 80636 67311 , 144533 -110039 -102754 206661 -42728 -22118 , 17068 86085 5650 -171801 218879 -38081 , 193760 262628 -262628 0 34420 -228208 , 6.8860997849430993e-09 , 32
2.2630837080578327e-05 , 128438 165772 90845 -179744 -149659 -31642 , 178410 -89836 89836 0 21695 111531 , -188869 5650 86085 -171801 43731 -132794 , 159271 -172792 172792 0 -56115 116677 , 308182 -90845 -165772 179744 -122487 -315431 , 62128 -102754 -110039 206661 -80636 -67311 , -144533 110039 102754 -206661 42728 22118 , -17068 -86085 -5650 171801 -218879 38081 , 193760 262628 -262628 0 34420 -228208 , 6.8860997849430993e-09 , 33
2.2630837080578327e-05 , 128438 165772 90845 -179744 -149659 -31642 , 159271 -172792 172792 0 -56115 116677 , -206661 42728 22118 -62128 -67311 -80636 , 178410 -89836 89836 0 21695 111531 , 308182 -90845 -165772 179744 -122487 -315431 , 171801 -218879 38081 188869 -132794 43731 , -17068 -38081 218879 -188869 5650 86085 , -144533 -22118 -42728 62128 -102754 -110039 , 193760 262628 -262628 0 34420 -228208 , 6.8860997849431547e-09 , 34
2.2630837080578327e-05 , 128438 165772 90845 -179744 -149659 -31642 , 159271 -172792 172792 0 -56115 116677 , 206661 -42728 -22118 62128 67311 80636 , 178410 -89836 89836 0 21695 111531 , 308182 -90845 -165772 179744 -122487 -315431 , -171801 218879 -38081 -188869 132794 -43731 , 17068 38081 -218879 188869 -5650 -86085 , 144533 22118 42728 -62128 102754 110039 , 193760 262628 -262628 0 34420 -228208 , 6.8860997849431547e-09 , 35
0.11099460266329358 , 118266 -19210 -75556 32838 -200798 -285118 , 250045 3540 -3540 0 135932 132392 , 99190 19342 -37094 143752 -127778 165758 , 87636 -266168 266168 0 -170352 95816 , 85428 75556 19210 -32838 -209562 -181588 , 139988 94978 -82149 4094 128356 80684 , 135894 82149 -94978 -4094 162833 33378 , -44562 37094 -19342 -143752 202852 -147120 , 193760 262628 -262628 0 34420 -228208 , 6.8860997862866772e-09 , 0
0.11099460266329358 , 118266 -19210 -75556 32838 -200798 -285118 , 250045 3540 -3540 0 135932 132392 , -99190 -19342 37094 -143752 127778 -165758 , 87636 -266168 266168 0 -170352 95816 , 85428 75556 19210 -32838 -209562 -181588 , -139988 -94978 82149 -4094 -128356 -80684 , -135894 -82149 94978 4094 -162833 -33378 , 44562 -37094 19342 143752 -202852 147120 , 193760 262628 -262628 0 34420 -228208 , 6.8860997862866772e-09 , 1
0.11099460266329358 , 118266 -19210 -75556 32838 -200798 -285118 , 87636 -266168 266168 0 -170352 95816 , -4094 162833 33378 -139988 80684 128356 , 250045 3540 -3540 0 135932 132392 , 85428 75556 19210 -32838 -209562 -181588 , -143752 202852 -147120 -99190 165758 -127778 , -44562 147120 -202852 99190 19342 -37094 , 135894 -33378 -162833 139988 94978 -82149 , 193760 262628 -262628 0 34420 -228208 , 6.886099786288454e-09 , 2
0.11099460266329358 , 118266 -19210 -75556 32838 -200798 -285118 , 87636 -266168 266168 0 -170352 95816 , 4094 -162833 -33378 139988 -80684 -128356 , 250045 3540 -3540 0 135932 132392 , 85428 75556 19210 -32838 -209562 -181588 , 143752 -202852 147120 99190 -165758 127778 , 44562 -147120 202852 -99190 -19342 37094 , -135894 33378 162833 -139988 -94978 82149 , 193760 262628 -262628 0 34420 -228208 , 6.886099786288454e-09 , 3
0.11099460266329358 , 118266 -19210 -75556 32838 -200798 -285118 , 87636 -266168 266168 0 -170352 95816 , -80684 -128356 -4094 82149 -94978 -139988 , 250045 3540 -3540 0 135932 132392 , 85428 75556 19210 -32838 -209562 -181588 , -165758 127778 -143752 37094 -19342 -99190 , -202852 143752 -127778 -37094 44562 -147120 , -162833 4094 128356 -82149 -135894 33378 , 193760 262628 -262628 0 34420 -228208 , 6.8860997862901886e-09 , 4
0.11099460266329358 , 118266 -19210 -75556 32838 -200798 -285118 , 87636 -266168 266168 0 -170352 95816 , 80684 128356 4094 -82149 94978 139988 , 250045 3540 -3540 0 135932 132392 , 85428 75556 19210 -32838 -209562 -181588 , 165758 -127778 143752 -37094 19342 99190 , 202852 -143752 127778 37094 -44562 147120 , 162833 -4094 -128356 82149 135894 -33378 , 193760 262628 -262628 0 34420 -228208 , 6.8860997862901886e-09 , 5
0.11099460266329358 , 118266 -19210 -75556 32838 -200798 -285118 , 250045 3540 -3540 0 135932 132392 , -44562 147120 -202852 99190 19342 -37094 , 87636 -266168 266168 0 -170352 95816 , 85428 75556 19210 -32838 -209562 -181588 , 135894 -33378 -162833 139988 94978 -82149 , -4094 162833 33378 -139988 80684 128356 , -143752 202852 -147120 -99190 165758 -127778 , 193760 262628 -262628 0 34420 -228208 , 6.8860997862954246e-09 , 6
0.11099460266329358 , 118266 -19210 -75556 32838 -200798 -285118 , 250045 3540 -3540 0 135932 132392 , 44562 -147120 202852 -99190 -19342 37094 , 87636 -266168 266168 0 -170352 95816 , 85428 75556 19210 -32838 -209562 -181588 , -135894 33378 162833 -139988 -94978 82149 , 4094 -162833 -33378 139988 -80684 -128356 , 143752 -202852 147120 99190 -165758 127778 , 193760 262628 -262628 0 34420 -228208 , 6.8860997862954246e-09 , 7
0.11099460266329358 , 118266 -19210 -75556 32838 -200798 -285118 , 250045 3540 -3540 0 135932 132392 , -165758 99190 19342 -202852 143752 -127778 , 87636 -266168 266168 0 -170352 95816 , 85428 75556 19210 -32838 -209562 -181588 , -80684 139988 94978 -162833 4094 128356 , 82149 -94978 -139988 162833 33378 -135894 , 37094 -19342 -99190 202852 -147120 44562 , 193760 262628 -262628 0 34420 -228208 , 6.8860997862954412e-09 , 8
0.11099460266329358 , 118266 -19210 -75556 32838 -200798 -285118 , 250045 3540 -3540 0 135932 132392 , 165758 -99190 -19342 202852 -143752 127778 , 87636 -266168 266168 0 -170352 95816 , 85428 75556 19210 -32838 -209562 -181588 , 80684 -139988 -94978 162833 -4094 -128356 , -82149 94978 139988 -162833 -33378 135894 , -37094 19342 99190 -202852 147120 -44562 , 193760 262628 -262628 0 34420 -228208 , 6.8860997862954412e-09 , 9
0.11099460266329358 , 118266 -19210 -75556 32838 -200798 -285118 , 250045 3540 -3540 0 135932 132392 , -19342 37094 -44562 127778 -165758 99190 , 87636 -266168 266168 0 -170352 95816 , 85428 75556 19210 -32838 -209562 -181588 , -94978 82149 135894 -128356 -80684 139988 , 33378 -135894 -82149 128356 4094 -162833 , -147120 44562 -37094 -127778 143752 -202852 , 193760 262628 -262628 0 34420 -228208 , 6.8860997862955181e-09 , 10
0.11099460266329358 , 118266 -19210 -75556 32838 -200798 -285118 , 250045 3540 -3540 0 135932 132392 , 19342 -37094 44562 -127778 165758 -99190 , 87636 -266168 266168 0 -170352 95816 , 85428 75556 19210 -32838 -209562 -181588 , 94978 -82149 -135894 128356 80684 -139988 , -33378 135894 82149 -128356 -4094 162833 , 147120 -44562 37094 127778 -143752 202852 , 193760 262628 -262628 0 34420 -228208 , 6.8860997862955181e-09 , 11
0.11099460266329358 , 118266 -19210 -75556 32838 -200798 -285118 , 87636 -266168 266168 0 -170352 95816 , -128356 -4094 162833 -94978 -139988 80684 , 250045 3540 -3540 0 135932 132392 , 85428 75556 19210 -32838 -209562 -181588 , 127778 -143752 202852 -19342 -99190 165758 , 147120 -202852 143752 19342 -37094 44562 , -33378 -162833 4094 94978 -82149 -135894 , 193760 262628 -262628 0 34420 -228208 , 6.8860997862972212e-09 , 12
0.11099460266329358 , 118266 -19210 -75556 32838 -200798 -285118 , 87636 -266168 266168 0 -170352 95816 , 128356 4094 -162833 94978 139988 -80684 , 250045 3540 -3540 0 135932 132392 , 85428 75556 19210 -32838 -209562 -181588 , -127778 143752 -202852 19342 99190 -165758 , -147120 202852 -143752 -19342 37094 -44562 , 33378 162833 -4094 -94978 82149 135894 , 193760 262628 -262628 0 34420 -228208 , 6.8860997862972212e-09 , 13
0.11099460266329358 , 118266 -19210 -75556 32838 -200798 -285118 , 250045 3540 -3540 0 135932 132392 , -37094 44562 -147120 165758 -99190 -19342 , 87636 -266168 266168 0 -170352 95816 , 85428 75556 19210 -32838 -209562 -181588 , -82149 -135894 33378 80684 -139988 -94978 , -162833 -33378 135894 -80684 -128356 -4094 , -202852 147120 -44562 -165758 127778 -143752 , 193760 262628 -262628 0 34420 -228208 , 6.8860997863006714e-09 , 14
0.11099460266329358 , 118266 -19210 -75556 32838 -200798 -285118 , 250045 3540 -3540 0 135932 132392 , 37094 -44562 147120 -165758 99190 19342 , 87636 -266168 266168 0 -170352 95816 , 85428 75556 19210 -32838 -209562 -181588 , 82149 135894 -33378 -80684 139988 94978 , 162833 33378 -135894 80684 128356 4094 , 202852 -147120 44562 165758 -127778 143752 , 193760 262628 -262628 0 34420 -228208 , 6.8860997863006714e-09 , 15
0.11099460266329358 , 118266 -19210 -75556 32838 -200798 -285118 , 87636 -266168 266168 0 -170352 95816 , -162833 -33378 135894 -80684 -128356 -4094 , 250045 3540 -3540 0 135932 132392 , 85428 75556 19210 -32838 -209562 -181588 , -202852 147120 -44562 -165758 127778 -143752 , -37094 44562 -147120 165758 -99190 -19342 , -82149 -135894 33378 80684 -139988 -94978 , 193760 262628 -262628 0 34420 -228208 , 6.886099786300707e-09 , 16
0.11099460266329358 , 118266 -19210 -75556 32838 -200798 -285118 , 87636 -266168 266168 0 -170352 95816 , 162833 33378 -135894 80684 128356 4094 , 250045 3540 -3540 0 135932 132392 , 85428 75556 19210 -32838 -209562 -181588 , 202852 -147120 44562 165758 -127778 143752 , 37094 -44562 147120 -165758 99190 19342 , 82149 135894 -33378 -80684 139988 94978 , 193760 262628 -262628 0 34420 -228208 , 6.886099786300707e-09 , 17
0.11099460266329358 , 118266 -19210 -75556 32838 -200798 -285118 , 250045 3540 -3540 0 135932 132392 , 143752 -127778 165758 44562 -147120 202852 , 87636 -266168 266168 0 -170352 95816 , 85428 75556 19210 -32838 -209562 -181588 , 4094 128356 80684 -135894 33378 162833 , 139988 -80684 -128356 135894 82149 -94978 , 99190 -165758 127778 -44562 37094 -19342 , 193760 262628 -262628 0 34420 -228208 , 6.8860997863007789e-09 , 18
0.11099460266329358 , 118266 -19210 -75556 32838 -200798 -285118 , 250045 3540 -3540 0 135932 132392 , -143752 127778 -165758 -44562 147120 -202852 , 87636 -266168 266168 0 -170352 95816 , 85428 75556 19210 -32838 -209562 -181588 , -4094 -128356 -80684 135894 -33378 -162833 , -139988 80684 128356 -135894 -82149 94978 , -99190 165758 -127778 44562 -37094 19342 , 193760 262628 -262628 0 34420 -228208 , 6.8860997863007789e-09 , 19
0.11099460266329358 , 118266 -19210 -75556 32838 -200798 -285118 , 87636 -266168 266168 0 -170352 95816 , -135894 -82149 94978 4094 -162833 -33378 , 250045 3540 -3540 0 135932 132392 , 85428 75556 19210 -32838 -209562 -181588 , 44562 -37094 19342 143752 -202852 147120 , -99190 -19342 37094 -143752 127778 -165758 , -139988 -94978 82149 -4094 -128356 -80684 , 193760 262628 -262628 0 34420 -228208 , 6.8860997863025202e-09 , 20
0.11099460266329358 , 118266 -19210 -75556 32838 -200798 -285118 , 87636 -266168 266168 0 -170352 95816 , 135894 82149 -94978 -4094 162833 33378 , 250045 3540 -3540 0 135932 132392 , 85428 75556 19210 -32838 -209562 -181588 , -44562 37094 -19342 -143752 202852 -147120 , 99190 19342 -37094 143752 -127778 165758 , 139988 94978 -82149 4094 128356 80684 , 193760 262628 -262628 0 34420 -228208 , 6.8860997863025202e-09 , 21
0.11099460266329358 , 118266 -19210 -75556 32838 -200798 -285118 , 87636 -266168 266168 0 -170352 95816 , -139988 80684 128356 -135894 -82149 94978 , 250045 3540 -3540 0 135932 132392 , 85428 75556 19210 -32838 -209562 -181588 , -99190 165758 -127778 44562 -37094 19342 , -143752 127778 -165758 -44562 147120 -202852 , -4094 -128356 -80684 135894 -33378 -162833 , 193760 262628 -262628 0 34420 -228208 , 6.8860997863041778e-09 , 22
0.11099460266329358 , 118266 -19210 -75556 32838 -200798 -285118 , 87636 -266168 266168 0 -170352 95816 , 139988 -80684 -128356 135894 82149 -94978 , 250045 3540 -3540 0 135932 132392 , 85428 75556 19210 -32838 -209562 -181588 , 99190 -165758 127778 -44562 37094 -19342 , 143752 -127778 165758 44562 -147120 202852 , 4094 128356 80684 -135894 33378 162833 , 193760 262628 -262628 0 34420 -228208 , 6.8860997863041778e-09 , 23
0.11099460266329358 , 118266 -19210 -75556 32838 -200798 -285118 , 87636 -266168 266168 0 -170352 95816 , -33378 135894 82149 -128356 -4094 162833 , 250045 3540 -3540 0 135932 132392 , 85428 75556 19210 -32838 -209562 -181588 , 147120 -44562 37094 127778 -143752 202852 , 19342 -37094 44562 -127778 165758 -99190 , 94978 -82149 -135894 128356 80684 -139988 , 193760 262628 -262628 0 34420 -228208 , 6.8860997863042498e-09 , 24
0.11099460266329358 , 118266 -19210 -75556 32838 -200798 -285118 , 87636 -266168 266168 0 -170352 95816 , 33378 -135894 -82149 128356 4094 -162833 , 250045 3540 -3540 0 135932 132392 , 85428 75556 19210 -32838 -209562 -181588 , -147120 44562 -37094 -127778 143752 -202852 , -19342 37094 -44562 127778 -165758 99190 , -94978 82149 135894 -128356 -80684 139988 , 193760 262628 -262628 0 34420 -228208 , 6.8860997863042498e-09 , 25
0.11099460266329358 , 118266 -19210 -75556 32838 -200798 -285118 , 250045 3540 -3540 0 135932 132392 , 127778 -165758 99190 147120 -202852 143752 , 87636 -266168 266168 0 -170352 95816 , 85428 75556 19210 -32838 -209562 -181588 , -128356 -80684 139988 -33378 -162833 4094 , -94978 -139988 80684 33378 -135894 -82149 , -19342 -99190 165758 -147120 44562 -37094 , 193760 262628 -262628 0 34420 -228208 , 6.8860997863059827e-09 , 26
0.11099460266329358 , 118266 -19210 -75556 32838 -200798 -285118 , 250045 3540 -3540 0 135932 132392 , -127778 165758 -99190 -147120 202852 -143752 , 87636 -266168 266168 0 -170352 95816 , 85428 75556 19210 -32838 -209562 -181588 , 128356 80684 -139988 33378 162833 -4094 , 94978 139988 -80684 -33378 135894 82149 , 19342 99190 -165758 147120 -44562 37094 , 193760 262628 -262628 0 34420 -228208 , 6.8860997863059827e-09 , 27
0.11099460266329358 , 118266 -19210 -75556 32838 -200798 -285118 , 250045 3540 -3540 0 135932 132392 , 147120 -202852 143752 19342 -37094 44562 , 87636 -266168 266168 0 -170352 95816 , 85428 75556 19210 -32838 -209562 -181588 , -33378 -162833 4094 94978 -82149 -135894 , -128356 -4094 162833 -94978 -139988 80684 , 127778 -143752 202852 -19342 -99190 165758 , 193760 262628 -262628 0 34420 -228208 , 6.8860997863059976e-09 , 28
0.11099460266329358 , 118266 -19210 -75556 32838 -200798 -285118 , 250045 3540 -3540 0 135932 132392 , -147120 202852 -143752 -19342 37094 -44562 , 87636 -266168 266168 0 -170352 95816 , 85428 75556 19210 -32838 -209562 -181588 , 33378 162833 -4094 -94978 82149 135894 , 128356 4094 -162833 94978 139988 -80684 , -127778 143752 -202852 19342 99190 -165758 , 193760 262628 -262628 0 34420 -228208 , 6.8860997863059976e-09 , 29
0.11099460266329358 , 118266 -19210 -75556 32838 -200798 -285118 , 87636 -266168 266168 0 -170352 95816 , -82149 94978 139988 -162833 -33378 135894 , 250045 3540 -3540 0 135932 132392 , 85428 75556 19210 -32838 -209562 -181588 , -37094 19342 99190 -202852 147120 -44562 , 165758 -99190 -19342 202852 -143752 127778 , 80684 -139988 -94978 162833 -4094 -128356 , 193760 262628 -262628 0 34420 -228208 , 6.8860997863060597e-09 , 30
0.11099460266329358 , 118266 -19210 -75556 32838 -200798 -285118 , 87636 -266168 266168 0 -170352 95816 , 82149 -94978 -139988 162833 33378 -135894 , 250045 3540 -3540 0 135932 132392 , 85428 75556 19210 -32838 -209562 -181588 , 37094 -19342 -99190 202852 -147120 44562 , -165758 99190 19342 -202852 143752 -127778 , -80684 139988 94978 -162833 4094 128356 , 193760 262628 -262628 0 34420 -228208 , 6.8860997863060597e-09 , 31
0.11099460266329358 , 118266 -19210 -75556 32838 -200798 -285118 , 87636 -266168 266168 0 -170352 95816 , -94978 -139988 80684 33378 -135894 -82149 , 250045 3540 -3540 0 135932 132392 , 85428 75556 19210 -32838 -209562 -181588 , -19342 -99190 165758 -147120 44562 -37094 , 127778 -165758 99190 147120 -202852 143752 , -128356 -80684 139988 -33378 -162833 4094 , 193760 262628 -262628 0 34420 -228208 , 6.8860997863078414e-09 , 32
0.11099460266329358 , 118266 -19210 -75556 32838 -200798 -285118 , 87636 -266168 266168 0 -170352 95816 , 94978 139988 -80684 -33378 135894 82149 , 250045 3540 -3540 0 135932 132392 , 85428 75556 19210 -32838 -209562 -181588 , 19342 99190 -165758 147120 -44562 37094 , -127778 165758 -99190 -147120 202852 -143752 , 128356 80684 -139988 33378 162833 -4094 , 193760 262628 -262628 0 34420 -228208 , 6.8860997863078414e-09 , 33
0.11099460266329358 , 118266 -19210 -75556 32838 -200798 -285118 , 250045 3540 -3540 0 135932 132392 , -202852 143752 -127778 -37094 44562 -147120 , 87636 -266168 266168 0 -170352 95816 , 85428 75556 19210 -32838 -209562 -181588 , -162833 4094 128356 -82149 -135894 33378 , -80684 -128356 -4094 82149 -94978 -139988 , -165758 127778 -143752 37094 -19342 -99190 , 193760 262628 -262628 0 34420 -228208 , 6.8860997863112535e-09 , 34
0.11099460266329358 , 118266 -19210 -75556 32838 -200798 -285118 , 250045 3540 -3540 0 135932 132392 , 202852 -143752 127778 37094 -44562 147120 , 87636 -266168 266168 0 -170352 95816 , 85428 75556 19210 -32838 -209562 -181588 , 162833 -4094 -128356 82149 135894 -33378 , 80684 128356 4094 -82149 94978 139988 , 165758 -127778 143752 -37094 19342 99190 , 193760 262628 -262628 0 34420 -228208 , 6.8860997863112535e-09 , 35
0.21567688346734132 , 277515 165338 -101396 -102781 -10982 -85219 , 153977 -194513 194513 0 -76639 117874 , -55217 1543 143460 -46792 -151795 145700 , 183704 -68115 68115 0 42219 110334 , 380296 101396 -165338 102781 16177 -176320 , -17773 -41493 -46381 -64583 174057 -201003 , 46810 46381 41493 64583 -154622 215550 , -8425 -143460 -1543 46792 2240 -153338 , 193760 262628 -262628 0 34420 -228208 , 6.8860997847602949e-09 , 0
0.21567688346734132 , 277515 165338 -101396 -102781 -10982 -85219 , 153977 -194513 194513 0 -76639 117874 , 55217 -1543 -143460 46792 151795 -145700 , 183704 -68115 68115 0 42219 110334 , 380296 101396 -165338 102781 16177 -176320 , 17773 41493 46381 64583 -174057 201003 , -46810 -46381 -41493 -64583 154622 -215550 , 8425 143460 1543 -46792 -2240 153338 , 193760 262628 -262628 0 34420 -228208 , 6.8860997847602949e-09 , 1
0.21567688346734132 , 277515 165338 -101396 -102781 -10982 -85219 , 153977 -194513 194513 0 -76639 117874 , 1543 143460 8425 -151795 145700 55217 , 183704 -68115 68115 0 42219 110334 , 380296 101396 -165338 102781 16177 -176320 , -41493 -46381 -46810 174057 -201003 17773 , -215550 46810 46381 -174057 64583 -154622 , 153338 -8425 -143460 151795 46792 2240 , 193760 262628 -262628 0 34420 -228208 , 6.8860997847609872e-09 , 2
0.21567688346734132 , 277515 165338 -101396 -102781 -10982 -85219 , 153977 -194513 194513 0 -76639 117874 , -1543 -143460 -8425 151795 -145700 -55217 , 183704 -68115 68115 0 42219 110334 , 380296 101396 -165338 102781 16177 -176320 , 41493 46381 46810 -174057 201003 -17773 , 215550 -46810 -46381 174057 -64583 154622 , -153338 8425 143460 -151795 -46792 -2240 , 193760 262628 -262628 0 34420 -228208 , 6.8860997847609872e-09 , 3
0.21567688346734132 , 277515 165338 -101396 -102781 -10982 -85219 , 153977 -194513 194513 0 -76639 117874 , -145700 -55217 1543 -2240 -46792 -151795 , 183704 -68115 68115 0 42219 110334 , 380296 101396 -165338 102781 16177 -176320 , 201003 -17773 -41493 154622 -64583 174057 , 46381 41493 17773 -154622 215550 -46810 , -143460 -1543 55217 2240 -153338 8425 , 193760 262628 -262628 0 34420 -228208 , 6.8860997847619806e-09 , 4
0.21567688346734132 , 277515 165338 -101396 -102781 -10982 -85219 , 153977 -194513 194513 0 -76639 117874 , 145700 55217 -1543 2240 46792 151795 , 183704 -68115 68115 0 42219 110334 , 380296 101396 -165338 102781 16177 -176320 , -201003 17773 41493 -154622 64583 -174057 , -46381 -41493 -17773 154622 -215550 46810 , 143460 1543 -55217 -2240 153338 -8425 , 193760 262628 -262628 0 34420 -228208 , 6.8860997847619806e-09 , 5
0.21567688346734132 , 277515 165338 -101396 -102781 -10982 -85219 , 153977 -194513 194513 0 -76639 117874 , -151795 145700 55217 -153338 2240 46792 , 183704 -68115 68115 0 42219 110334 , 380296 101396 -165338 102781 16177 -176320 , 174057 -201003 17773 215550 -154622 64583 , -41493 -17773 201003 -215550 46810 46381 , 1543 -55217 -145700 153338 -8425 -143460 , 193760 262628 -262628 0 34420 -228208 , 6.8860997847625547e-09 , 6
0.21567688346734132 , 277515 165338 -101396 -102781 -10982 -85219 , 153977 -194513 194513 0 -76639 117874 , 151795 -145700 -55217 153338 -2240 -46792 , 183704 -68115 68115 0 42219 110334 , 380296 101396 -165338 102781 16177 -176320 , -174057 201003 -17773 -215550 154622 -64583 , 41493 17773 -201003 215550 -46810 -46381 , -1543 55217 145700 -153338 8425 143460 , 193760 262628 -262628 0 34420 -228208 , 6.8860997847625547e-09 , 7
0.21567688346734132 , 277515 165338 -101396 -102781 -10982 -85219 , 153977 -194513 194513 0 -76639 117874 , -46792 -151795 145700 8425 -153338 2240 , 183704 -68115 68115 0 42219 110334 , 380296 101396 -165338 102781 16177 -176320 , -64583 174057 -201003 -46810 215550 -154622 , -17773 201003 -174057 46810 46381 41493 , -55217 -145700 151795 -8425 -143460 -1543 , 193760 262628 -262628 0 34420 -228208 , 6.8860997847625985e-09 , 8
0.21567688346734132 , 277515 165338 -101396 -102781 -10982 -85219 , 153977 -194513 194513 0 -76639 117874 , 46792 151795 -145700 -8425 153338 -2240 , 183704 -68115 68115 0 42219 110334 , 380296 101396 -165338 102781 16177 -176320 , 64583 -174057 201003 46810 -215550 154622 , 17773 -201003 174057 -46810 -46381 -41493 , 55217 145700 -151795 8425 143460 1543 , 193760 262628 -262628 0 34420 -228208 , 6.8860997847625985e-09 , 9
0.21567688346734132 , 277515 165338 -101396 -102781 -10982 -85219 , 183704 -68115 68115 0 42219 110334 , -64583 154622 -215550 -17773 201003 -174057 , 153977 -194513 194513 0 -76639 117874 , 380296 101396 -165338 102781 16177 -176320 , -46792 -2240 153338 -55217 -145700 151795 , 8425 -153338 2240 55217 -1543 -143460 , -46810 215550 -154622 17773 41493 46381 , 193760 262628 -262628 0 34420 -228208 , 6.8860997847626002e-09 , 10
0.21567688346734132 , 277515 165338 -101396 -102781 -10982 -85219 , 183704 -68115 68115 0 42219 110334 , 64583 -154622 215550 17773 -201003 174057 , 153977 -194513 194513 0 -76639 117874 , 380296 101396 -165338 102781 16177 -176320 , 46792 2240 -153338 55217 145700 -151795 , -8425 153338 -2240 -55217 1543 143460 , 46810 -215550 154622 -17773 -41493 -46381 , 193760 262628 -262628 0 34420 -228208 , 6.8860997847626002e-09 , 11
0.21567688346734132 , 277515 165338 -101396 -102781 -10982 -85219 , 183704 -68115 68115 0 42219 110334 , -215550 46810 46381 -174057 64583 -154622 , 153977 -194513 194513 0 -76639 117874 , 380296 101396 -165338 102781 16177 -176320 , 153338 -8425 -143460 151795 46792 2240 , 1543 143460 8425 -151795 145700 55217 , -41493 -46381 -46810 174057 -201003 17773 , 193760 262628 -262628 0 34420 -228208 , 6.8860997847631073e-09 , 12
0.21567688346734132 , 277515 165338 -101396 -102781 -10982 -85219 , 183704 -68115 68115 0 42219 110334 , 215550 -46810 -46381 174057 -64583 154622 , 153977 -194513 194513 0 -76639 117874 , 380296 101396 -165338 102781 16177 -176320 , -153338 8425 143460 -151795 -46792 -2240 , -1543 -143460 -8425 151795 -145700 -55217 , 41493 46381 46810 -174057 201003 -17773 , 193760 262628 -262628 0 34420 -228208 , 6.8860997847631073e-09 , 13
0.21567688346734132 , 277515 165338 -101396 -102781 -10982 -85219 , 153977 -194513 194513 0 -76639 117874 , -143460 -8425 153338 -145700 -55217 1543 , 183704 -68115 68115 0 42219 110334 , 380296 101396 -165338 102781 16177 -176320 , 46381 46810 -215550 201003 -17773 -41493 , -154622 215550 -46810 -201003 174057 -64583 , 2240 -153338 8425 145700 -151795 -46792 , 193760 262628 -262628 0 34420 -228208 , 6.8860997847632959e-09 , 14
0.21567688346734132 , 277515 165338 -101396 -102781 -10982 -85219 , 153977 -194513 194513 0 -76639 117874 , 143460 8425 -153338 145700 55217 -1543 , 183704 -68115 68115 0 42219 110334 , 380296 101396 -165338 102781 16177 -176320 , -46381 -46810 215550 -201003 17773 41493 , 154622 -215550 46810 201003 -174057 64583 , -2240 153338 -8425 -145700 151795 46792 , 193760 262628 -262628 0 34420 -228208 , 6.8860997847632959e-09 , 15
0.21567688346734132 , 277515 165338 -101396 -102781 -10982 -85219 , 183704 -68115 68115 0 42219 110334 , -201003 174057 -64583 -46381 -41493 -17773 , 153977 -194513 194513 0 -76639 117874 , 380296 101396 -165338 102781 16177 -176320 , 145700 -151795 -46792 143460 1543 -55217 , 2240 46792 151795 -143460 -8425 153338 , -154622 64583 -174057 46381 46810 -215550 , 193760 262628 -262628 0 34420 -228208 , 6.8860997847633662e-09 , 16
0.21567688346734132 , 277515 165338 -101396 -102781 -10982 -85219 , 183704 -68115 68115 0 42219 110334 , 201003 -174057 64583 46381 41493 17773 , 153977 -194513 194513 0 -76639 117874 , 380296 101396 -165338 102781 16177 -176320 , -145700 151795 46792 -143460 -1543 55217 , -2240 -46792 -151795 143460 8425 -153338 , 154622 -64583 174057 -46381 -46810 215550 , 193760 262628 -262628 0 34420 -228208 , 6.8860997847633662e-09 , 17
0.21567688346734132 , 277515 165338 -101396 -102781 -10982 -85219 , 183704 -68115 68115 0 42219 110334 , 154622 -215550 46810 201003 -174057 64583 , 153977 -194513 194513 0 -76639 117874 , 380296 101396 -165338 102781 16177 -176320 , -2240 153338 -8425 -145700 151795 46792 , 143460 8425 -153338 145700 55217 -1543 , -46381 -46810 215550 -201003 17773 41493 , 193760 262628 -262628 0 34420 -228208 , 6.8860997847636863e-09 , 18
0.21567688346734132 , 277515 165338 -101396 -102781 -10982 -85219 , 183704 -68115 68115 0 42219 110334 , -154622 215550 -46810 -201003 174057 -64583 , 153977 -194513 194513 0 -76639 117874 , 380296 101396 -165338 102781 16177 -176320 , 2240 -153338 8425 145700 -151795 -46792 , -143460 -8425 153338 -145700 -55217 1543 , 46381 46810 -215550 201003 -17773 -41493 , 193760 262628 -262628 0 34420 -228208 , 6.8860997847636863e-09 , 19
0.21567688346734132 , 277515 165338 -101396 -102781 -10982 -85219 , 183704 -68115 68115 0 42219 110334 , 46810 46381 41493 64583 -154622 215550 , 153977 -194513 194513 0 -76639 117874 , 380296 101396 -165338 102781 16177 -176320 , -8425 -143460 -1543 46792 2240 -153338 , -55217 1543 143460 -46792 -151795 145700 , -17773 -41493 -46381 -64583 174057 -201003 , 193760 262628 -262628 0 34420 -228208 , 6.8860997847637152e-09 , 20
0.21567688346734132 , 277515 165338 -101396 -102781 -10982 -85219 , 183704 -68115 68115 0 42219 110334 , -46810 -46381 -41493 -64583 154622 -215550 , 153977 -194513 194513 0 -76639 117874 , 380296 101396 -165338 102781 16177 -176320 , 8425 143460 1543 -46792 -2240 153338 , 55217 -1543 -143460 46792 151795 -145700 , 17773 41493 46381 64583 -174057 201003 , 193760 262628 -262628 0 34420 -228208 , 6.8860997847637152e-09 , 21
0.21567688346734132 , 277515 165338 -101396 -102781 -10982 -85219 , 183704 -68115 68115 0 42219 110334 , -174057 64583 -154622 41493 17773 -201003 , 153977 -194513 194513 0 -76639 117874 , 380296 101396 -165338 102781 16177 -176320 , 151795 46792 2240 -1543 55217 145700 , 153338 -2240 -46792 1543 143460 8425 , -215550 154622 -64583 -41493 -46381 -46810 , 193760 262628 -262628 0 34420 -228208 , 6.8860997847637186e-09 , 22
0.21567688346734132 , 277515 165338 -101396 -102781 -10982 -85219 , 183704 -68115 68115 0 42219 110334 , 174057 -64583 154622 -41493 -17773 201003 , 153977 -194513 194513 0 -76639 117874 , 380296 101396 -165338 102781 16177 -176320 , -151795 -46792 -2240 1543 -55217 -145700 , -153338 2240 46792 -1543 -143460 -8425 , 215550 -154622 64583 41493 46381 46810 , 193760 262628 -262628 0 34420 -228208 , 6.8860997847637186e-09 , 23
0.21567688346734132 , 277515 165338 -101396 -102781 -10982 -85219 , 153977 -194513 194513 0 -76639 117874 , -8425 153338 -2240 -55217 1543 143460 , 183704 -68115 68115 0 42219 110334 , 380296 101396 -165338 102781 16177 -176320 , 46810 -215550 154622 -17773 -41493 -46381 , 64583 -154622 215550 17773 -201003 174057 , 46792 2240 -153338 55217 145700 -151795 , 193760 262628 -262628 0 34420 -228208 , 6.8860997847643001e-09 , 24
0.21567688346734132 , 277515 165338 -101396 -102781 -10982 -85219 , 153977 -194513 194513 0 -76639 117874 , 8425 -153338 2240 55217 -1543 -143460 , 183704 -68115 68115 0 42219 110334 , 380296 101396 -165338 102781 16177 -176320 , -46810 215550 -154622 17773 41493 46381 , -64583 154622 -215550 -17773 201003 -174057 , -46792 -2240 153338 -55217 -145700 151795 , 193760 262628 -262628 0 34420 -228208 , 6.8860997847643001e-09 , 25
0.21567688346734132 , 277515 165338 -101396 -102781 -10982 -85219 , 153977 -194513 194513 0 -76639 117874 , -153338 2240 46792 -1543 -143460 -8425 , 183704 -68115 68115 0 42219 110334 , 380296 101396 -165338 102781 16177 -176320 , 215550 -154622 64583 41493 46381 46810 , 174057 -64583 154622 -41493 -17773 201003 , -151795 -46792 -2240 1543 -55217 -145700 , 193760 262628 -262628 0 34420 -228208 , 6.8860997847648725e-09 , 26
0.21567688346734132 , 277515 165338 -101396 -102781 -10982 -85219 , 153977 -194513 194513 0 -76639 117874 , 153338 -2240 -46792 1543 143460 8425 , 183704 -68115 68115 0 42219 110334 , 380296 101396 -165338 102781 16177 -176320 , -215550 154622 -64583 -41493 -46381 -46810 , -174057 64583 -154622 41493 17773 -201003 , 151795 46792 2240 -1543 55217 145700 , 193760 262628 -262628 0 34420 -228208 , 6.8860997847648725e-09 , 27
0.21567688346734132 , 277515 165338 -101396 -102781 -10982 -85219 , 183704 -68115 68115 0 42219 110334 , -46381 -41493 -17773 154622 -215550 46810 , 153977 -194513 194513 0 -76639 117874 , 380296 101396 -165338 102781 16177 -176320 , 143460 1543 -55217 -2240 153338 -8425 , 145700 55217 -1543 2240 46792 151795 , -201003 17773 41493 -154622 64583 -174057 , 193760 262628 -262628 0 34420 -228208 , 6.8860997847648915e-09 , 28
0.21567688346734132 , 277515 165338 -101396 -102781 -10982 -85219 , 183704 -68115 68115 0 42219 110334 , 46381 41493 17773 -154622 215550 -46810 , 153977 -194513 194513 0 -76639 117874 , 380296 101396 -165338 102781 16177 -176320 , -143460 -1543 55217 2240 -153338 8425 , -145700 -55217 1543 -2240 -46792 -151795 , 201003 -17773 -41493 154622 -64583 174057 , 193760 262628 -262628 0 34420 -228208 , 6.8860997847648915e-09 , 29
0.21567688346734132 , 277515 165338 -101396 -102781 -10982 -85219 , 183704 -68115 68115 0 42219 110334 , -17773 201003 -174057 46810 46381 41493 , 153977 -194513 194513 0 -76639 117874 , 380296 101396 -165338 102781 16177 -176320 , -55217 -145700 151795 -8425 -143460 -1543 , -46792 -151795 145700 8425 -153338 2240 , -64583 174057 -201003 -46810 215550 -154622 , 193760 262628 -262628 0 34420 -228208 , 6.8860997847649345e-09 , 30
0.21567688346734132 , 277515 165338 -101396 -102781 -10982 -85219 , 183704 -68115 68115 0 42219 110334 , 17773 -201003 174057 -46810 -46381 -41493 , 153977 -194513 194513 0 -76639 117874 , 380296 101396 -165338 102781 16177 -176320 , 55217 145700 -151795 8425 143460 1543 , 46792 151795 -145700 -8425 153338 -2240 , 64583 -174057 201003 46810 -215550 154622 , 193760 262628 -262628 0 34420 -228208 , 6.8860997847649345e-09 , 31
0.21567688346734132 , 277515 165338 -101396 -102781 -10982 -85219 , 153977 -194513 194513 0 -76639 117874 , -2240 -46792 -151795 143460 8425 -153338 , 183704 -68115 68115 0 42219 110334 , 380296 101396 -165338 102781 16177 -176320 , 154622 -64583 174057 -46381 -46810 215550 , 201003 -174057 64583 46381 41493 17773 , -145700 151795 46792 -143460 -1543 55217 , 193760 262628 -262628 0 34420 -228208 , 6.8860997847665632e-09 , 32
0.21567688346734132 , 277515 165338 -101396 -102781 -10982 -85219 , 153977 -194513 194513 0 -76639 117874 , 2240 46792 151795 -143460 -8425 153338 , 183704 -68115 68115 0 42219 110334 , 380296 101396 -165338 102781 16177 -176320 , -154622 64583 -174057 46381 46810 -215550 , -201003 174057 -64583 -46381 -41493 -17773 , 145700 -151795 -46792 143460 1543 -55217 , 193760 262628 -262628 0 34420 -228208 , 6.8860997847665632e-09 , 33
0.21567688346734132 , 277515 165338 -101396 -102781 -10982 -85219 , 183704 -68115 68115 0 42219 110334 , -41493 -17773 201003 -215550 46810 46381 , 153977 -194513 194513 0 -76639 117874 , 380296 101396 -165338 102781 16177 -176320 , 1543 -55217 -145700 153338 -8425 -143460 , -151795 145700 55217 -153338 2240 46792 , 174057 -201003 17773 215550 -154622 64583 , 193760 262628 -262628 0 34420 -228208 , 6.8860997847672093e-09 , 34
0.21567688346734132 , 277515 165338 -101396 -102781 -10982 -85219 , 183704 -68115 68115 0 42219 110334 , 41493 17773 -201003 215550 -46810 -46381 , 153977 -194513 194513 0 -76639 117874 , 380296 101396 -165338 102781 16177 -176320 , -1543 55217 145700 -153338 8425 143460 , 151795 -145700 -55217 153338 -2240 -46792 , -174057 201003 -17773 -215550 154622 -64583 , 193760 262628 -262628 0 34420 -228208 , 6.8860997847672093e-09 , 35
0.3252969351101265 , 26818 -77140 -24586 -23071 -281063 -303634 , 182675 -52549 52549 0 54361 106910 , -221670 97755 -116296 -820 -12021 -165239 , 155006 -210079 210079 0 -88781 121298 , 49889 24586 77140 23071 -279048 -203923 , -103961 -77505 68067 35063 -159503 -20391 , -139024 -68067 77505 -35063 -88458 -81998 , -220850 116296 -97755 820 -48943 -109776 , 193760 262628 -262628 0 34420 -228208 , 6.8860997845864984e-09 , 0
0.3252969351101265 , 26818 -77140 -24586 -23071 -281063 -303634 , 182675 -52549 52549 0 54361 106910 , 221670 -97755 116296 820 12021 165239 , 155006 -210079 210079 0 -88781 121298 , 49889 24586 77140 23071 -279048 -203923 , 103961 77505 -68067 -35063 159503 20391 , 139024 68067 -77505 35063 88458 81998 , 220850 -116296 97755 -820 48943 109776 , 193760 262628 -262628 0 34420 -228208 , 6.8860997845864984e-09 , 1
0.3252969351101265 , 26818 -77140 -24586 -23071 -281063 -303634 , 155006 -210079 210079 0 -88781 121298 , -20391 -159503 35063 68067 -77505 -103961 , 182675 -52549 52549 0 54361 106910 , 49889 24586 77140 23071 -279048 -203923 , -165239 -12021 -820 -116296 97755 -221670 , -48943 820 12021 116296 -220850 109776 , -88458 -35063 159503 -68067 -139024 81998 , 193760 262628 -262628 0 34420 -228208 , 6.8860997845870816e-09 , 2
0.3252969351101265 , 26818 -77140 -24586 -23071 -281063 -303634 , 155006 -210079 210079 0 -88781 121298 , 20391 159503 -35063 -68067 77505 103961 , 182675 -52549 52549 0 54361 106910 , 49889 24586 77140 23071 -279048 -203923 , 165239 12021 820 116296 -97755 221670 , 48943 -820 -12021 -116296 220850 -109776 , 88458 35063 -159503 68067 139024 -81998 , 193760 262628 -262628 0 34420 -228208 , 6.8860997845870816e-09 , 3
0.3252969351101265 , 26818 -77140 -24586 -23071 -281063 -303634 , 155006 -210079 210079 0 -88781 121298 , -88458 -81998 139024 -20391 -159503 35063 , 182675 -52549 52549 0 54361 106910 , 49889 24586 77140 23071 -279048 -203923 , -48943 -109776 220850 -165239 -12021 -820 , 116296 -220850 109776 165239 -221670 97755 , -68067 -139024 81998 20391 -103961 -77505 , 193760 262628 -262628 0 34420 -228208 , 6.886099784587209e-09 , 4
0.3252969351101265 , 26818 -77140 -24586 -23071 -281063 -303634 , 155006 -210079 210079 0 -88781 121298 , 88458 81998 -139024 20391 159503 -35063 , 182675 -52549 52549 0 54361 106910 , 49889 24586 77140 23071 -279048 -203923 , 48943 109776 -220850 165239 12021 820 , -116296 220850 -109776 -165239 221670 -97755 , 68067 139024 -81998 -20391 103961 77505 , 193760 262628 -262628 0 34420 -228208 , 6.886099784587209e-09 , 5
0.3252969351101265 , 26818 -77140 -24586 -23071 -281063 -303634 , 155006 -210079 210079 0 -88781 121298 , -159503 35063 88458 -77505 -103961 20391 , 182675 -52549 52549 0 54361 106910 , 49889 24586 77140 23071 -279048 -203923 , -12021 -820 48943 97755 -221670 165239 , -109776 -48943 820 -97755 116296 -220850 , -81998 -88458 -35063 77505 -68067 -139024 , 193760 262628 -262628 0 34420 -228208 , 6.8860997845872834e-09 , 6
0.3252969351101265 , 26818 -77140 -24586 -23071 -281063 -303634 , 155006 -210079 210079 0 -88781 121298 , 159503 -35063 -88458 77505 103961 -20391 , 182675 -52549 52549 0 54361 106910 , 49889 24586 77140 23071 -279048 -203923 , 12021 820 -48943 -97755 221670 -165239 , 109776 48943 -820 97755 -116296 220850 , 81998 88458 35063 -77505 68067 139024 , 193760 262628 -262628 0 34420 -228208 , 6.8860997845872834e-09 , 7
0.3252969351101265 , 26818 -77140 -24586 -23071 -281063 -303634 , 182675 -52549 52549 0 54361 106910 , -165239 221670 -97755 -48943 820 12021 , 155006 -210079 210079 0 -88781 121298 , 49889 24586 77140 23071 -279048 -203923 , -20391 103961 77505 -88458 -35063 159503 , 68067 -77505 -103961 88458 81998 -139024 , -116296 97755 -221670 48943 109776 -220850 , 193760 262628 -262628 0 34420 -228208 , 6.8860997845872859e-09 , 8
0.3252969351101265 , 26818 -77140 -24586 -23071 -281063 -303634 , 182675 -52549 52549 0 54361 106910 , 165239 -221670 97755 48943 -820 -12021 , 155006 -210079 210079 0 -88781 121298 , 49889 24586 77140 23071 -279048 -203923 , 20391 -103961 -77505 88458 35063 -159503 , -68067 77505 103961 -88458 -81998 139024 , 116296 -97755 221670 -48943 -109776 220850 , 193760 262628 -262628 0 34420 -228208 , 6.8860997845872859e-09 , 9
0.3252969351101265 , 26818 -77140 -24586 -23071 -281063 -303634 , 155006 -210079 210079 0 -88781 121298 , 35063 88458 81998 -103961 20391 159503 , 182675 -52549 52549 0 54361 106910 , 49889 24586 77140 23071 -279048 -203923 , -820 48943 109776 -221670 165239 12021 , 220850 -109776 -48943 221670 -97755 116296 , 139024 -81998 -88458 103961 77505 -68067 , 193760 262628 -262628 0 34420 -228208 , 6.8860997845874712e-09 , 10
0.3252969351101265 , 26818 -77140 -24586 -23071 -281063 -303634 , 155006 -210079 210079 0 -88781 121298 , -35063 -88458 -81998 103961 -20391 -159503 , 182675 -52549 52549 0 54361 106910 , 49889 24586 77140 23071 -279048 -203923 , 820 -48943 -109776 221670 -165239 -12021 , -220850 109776 48943 -221670 97755 -116296 , -139024 81998 88458 -103961 -77505 68067 , 193760 262628 -262628 0 34420 -228208 , 6.8860997845874712e-09 , 11
0.3252969351101265 , 26818 -77140 -24586 -23071 -281063 -303634 , 182675 -52549 52549 0 54361 106910 , -97755 116296 -220850 12021 165239 -221670 , 155006 -210079 210079 0 -88781 121298 , 49889 24586 77140 23071 -279048 -203923 , 77505 -68067 -139024 159503 20391 -103961 , -81998 139024 68067 -159503 35063 88458 , -109776 220850 -116296 -12021 -820 48943 , 193760 262628 -262628 0 34420 -228208 , 6.8860997845874844e-09 , 12
0.3252969351101265 , 26818 -77140 -24586 -23071 -281063 -303634 , 182675 -52549 52549 0 54361 106910 , 97755 -116296 220850 -12021 -165239 221670 , 155006 -210079 210079 0 -88781 121298 , 49889 24586 77140 23071 -279048 -203923 , -77505 68067 139024 -159503 -20391 103961 , 81998 -139024 -68067 159503 -35063 -88458 , 109776 -220850 116296 12021 820 -48943 , 193760 262628 -262628 0 34420 -228208 , 6.8860997845874844e-09 , 13
0.3252969351101265 , 26818 -77140 -24586 -23071 -281063 -303634 , 155006 -210079 210079 0 -88781 121298 , -103961 20391 159503 -139024 -68067 77505 , 182675 -52549 52549 0 54361 106910 , 49889 24586 77140 23071 -279048 -203923 , -221670 165239 12021 -220850 116296 -97755 , -820 -12021 -165239 220850 -109776 -48943 , 35063 -159503 -20391 139024 -81998 -88458 , 193760 262628 -262628 0 34420 -228208 , 6.8860997845877847e-09 , 14
0.3252969351101265 , 26818 -77140 -24586 -23071 -281063 -303634 , 155006 -210079 210079 0 -88781 121298 , 103961 -20391 -159503 139024 68067 -77505 , 182675 -52549 52549 0 54361 106910 , 49889 24586 77140 23071 -279048 -203923 , 221670 -165239 -12021 220850 -116296 97755 , 820 12021 165239 -220850 109776 48943 , -35063 159503 20391 -139024 81998 88458 , 193760 262628 -262628 0 34420 -228208 , 6.8860997845877847e-09 , 15
0.3252969351101265 , 26818 -77140 -24586 -23071 -281063 -303634 , 155006 -210079 210079 0 -88781 121298 , -77505 -103961 20391 81998 -139024 -68067 , 182675 -52549 52549 0 54361 106910 , 49889 24586 77140 23071 -279048 -203923 , 97755 -221670 165239 109776 -220850 116296 , -12021 -165239 221670 -109776 -48943 820 , -159503 -20391 103961 -81998 -88458 -35063 , 193760 262628 -262628 0 34420 -228208 , 6.8860997845878633e-09 , 16
0.3252969351101265 , 26818 -77140 -24586 -23071 -281063 -303634 , 155006 -210079 210079 0 -88781 121298 , 77505 103961 -20391 -81998 139024 68067 , 182675 -52549 52549 0 54361 106910 , 49889 24586 77140 23071 -279048 -203923 , -97755 221670 -165239 -109776 220850 -116296 , 12021 165239 -221670 109776 48943 -820 , 159503 20391 -103961 81998 88458 35063 , 193760 262628 -262628 0 34420 -228208 , 6.8860997845878633e-09 , 17
0.3252969351101265 , 26818 -77140 -24586 -23071 -281063 -303634 , 155006 -210079 210079 0 -88781 121298 , -81998 139024 68067 -159503 35063 88458 , 182675 -52549 52549 0 54361 106910 , 49889 24586 77140 23071 -279048 -203923 , -109776 220850 -116296 -12021 -820 48943 , -97755 116296 -220850 12021 165239 -221670 , 77505 -68067 -139024 159503 20391 -103961 , 193760 262628 -262628 0 34420 -228208 , 6.8860997845879038e-09 , 18
0.3252969351101265 , 26818 -77140 -24586 -23071 -281063 -303634 , 155006 -210079 210079 0 -88781 121298 , 81998 -139024 -68067 159503 -35063 -88458 , 182675 -52549 52549 0 54361 106910 , 49889 24586 77140 23071 -279048 -203923 , 109776 -220850 116296 12021 820 -48943 , 97755 -116296 220850 -12021 -165239 221670 , -77505 68067 139024 -159503 -20391 103961 , 193760 262628 -262628 0 34420 -228208 , 6.8860997845879038e-09 , 19
0.3252969351101265 , 26818 -77140 -24586 -23071 -281063 -303634 , 182675 -52549 52549 0 54361 106910 , 820 12021 165239 -220850 109776 48943 , 155006 -210079 210079 0 -88781 121298 , 49889 24586 77140 23071 -279048 -203923 , -35063 159503 20391 -139024 81998 88458 , 103961 -20391 -159503 139024 68067 -77505 , 221670 -165239 -12021 220850 -116296 97755 , 193760 262628 -262628 0 34420 -228208 , 6.8860997845879063e-09 , 20
0.3252969351101265 , 26818 -77140 -24586 -23071 -281063 -303634 , 182675 -52549 52549 0 54361 106910 , -820 -12021 -165239 220850 -109776 -48943 , 155006 -210079 210079 0 -88781 121298 , 49889 24586 77140 23071 -279048 -203923 , 35063 -159503 -20391 139024 -81998 -88458 , -103961 20391 159503 -139024 -68067 77505 , -221670 165239 12021 -220850 116296 -97755 , 193760 262628 -262628 0 34420 -228208 , 6.8860997845879063e-09 , 21
0.3252969351101265 , 26818 -77140 -24586 -23071 -281063 -303634 , 182675 -52549 52549 0 54361 106910 , -116296 220850 -109776 -165239 221670 -97755 , 155006 -210079 210079 0 -88781 121298 , 49889 24586 77140 23071 -279048 -203923 , 68067 139024 -81998 -20391 103961 77505 , 88458 81998 -139024 20391 159503 -35063 , 48943 109776 -220850 165239 12021 820 , 193760 262628 -262628 0 34420 -228208 , 6.8860997845879137e-09 , 22
0.3252969351101265 , 26818 -77140 -24586 -23071 -281063 -303634 , 182675 -52549 52549 0 54361 106910 , 116296 -220850 109776 165239 -221670 97755 , 155006 -210079 210079 0 -88781 121298 , 49889 24586 77140 23071 -279048 -203923 , -68067 -139024 81998 20391 -103961 -77505 , -88458 -81998 139024 -20391 -159503 35063 , -48943 -109776 220850 -165239 -12021 -820 , 193760 262628 -262628 0 34420 -228208 , 6.8860997845879137e-09 , 23
0.3252969351101265 , 26818 -77140 -24586 -23071 -281063 -303634 , 182675 -52549 52549 0 54361 106910 , -220850 109776 48943 -221670 97755 -116296 , 155006 -210079 210079 0 -88781 121298 , 49889 24586 77140 23071 -279048 -203923 , -139024 81998 88458 -103961 -77505 68067 , -35063 -88458 -81998 103961 -20391 -159503 , 820 -48943 -109776 221670 -165239 -12021 , 193760 262628 -262628 0 34420 -228208 , 6.8860997845879667e-09 , 24
0.3252969351101265 , 26818 -77140 -24586 -23071 -281063 -303634 , 182675 -52549 52549 0 54361 106910 , 220850 -109776 -48943 221670 -97755 116296 , 155006 -210079 210079 0 -88781 121298 , 49889 24586 77140 23071 -279048 -203923 , 139024 -81998 -88458 103961 77505 -68067 , 35063 88458 81998 -103961 20391 159503 , -820 48943 109776 -221670 165239 12021 , 193760 262628 -262628 0 34420 -228208 , 6.8860997845879667e-09 , 25
0.3252969351101265 , 26818 -77140 -24586 -23071 -281063 -303634 , 155006 -210079 210079 0 -88781 121298 , -68067 77505 103961 -88458 -81998 139024 , 182675 -52549 52549 0 54361 106910 , 49889 24586 77140 23071 -279048 -203923 , 116296 -97755 221670 -48943 -109776 220850 , 165239 -221670 97755 48943 -820 -12021 , 20391 -103961 -77505 88458 35063 -159503 , 193760 262628 -262628 0 34420 -228208 , 6.8860997845881089e-09 , 26
0.3252969351101265 , 26818 -77140 -24586 -23071 -281063 -303634 , 155006 -210079 210079 0 -88781 121298 , 68067 -77505 -103961 88458 81998 -139024 , 182675 -52549 52549 0 54361 106910 , 49889 24586 77140 23071 -279048 -203923 , -116296 97755 -221670 48943 109776 -220850 , -165239 221670 -97755 -48943 820 12021 , -20391 103961 77505 -88458 -35063 159503 , 193760 262628 -262628 0 34420 -228208 , 6.8860997845881089e-09 , 27
0.3252969351101265 , 26818 -77140 -24586 -23071 -281063 -303634 , 182675 -52549 52549 0 54361 106910 , -12021 -165239 221670 -109776 -48943 820 , 155006 -210079 210079 0 -88781 121298 , 49889 24586 77140 23071 -279048 -203923 , -159503 -20391 103961 -81998 -88458 -35063 , -77505 -103961 20391 81998 -139024 -68067 , 97755 -221670 165239 109776 -220850 116296 , 193760 262628 -262628 0 34420 -228208 , 6.8860997845882587e-09 , 28
0.3252969351101265 , 26818 -77140 -24586 -23071 -281063 -303634 , 182675 -52549 52549 0 54361 106910 , 12021 165239 -221670 109776 48943 -820 , 155006 -210079 210079 0 -88781 121298 , 49889 24586 77140 23071 -279048 -203923 , 159503 20391 -103961 81998 88458 35063 , 77505 103961 -20391 -81998 139024 68067 , -97755 221670 -165239 -109776 220850 -116296 , 193760 262628 -262628 0 34420 -228208 , 6.8860997845882587e-09 , 29
0.3252969351101265 , 26818 -77140 -24586 -23071 -281063 -303634 , 182675 -52549 52549 0 54361 106910 , -109776 -48943 820 -97755 116296 -220850 , 155006 -210079 210079 0 -88781 121298 , 49889 24586 77140 23071 -279048 -203923 , -81998 -88458 -35063 77505 -68067 -139024 , -159503 35063 88458 -77505 -103961 20391 , -12021 -820 48943 97755 -221670 165239 , 193760 262628 -262628 0 34420 -228208 , 6.8860997845883042e-09 , 30
0.3252969351101265 , 26818 -77140 -24586 -23071 -281063 -303634 , 182675 -52549 52549 0 54361 106910 , 109776 48943 -820 97755 -116296 220850 , 155006 -210079 210079 0 -88781 121298 , 49889 24586 77140 23071 -279048 -203923 , 81998 88458 35063 -77505 68067 139024 , 159503 -35063 -88458 77505 103961 -20391 , 12021 820 -48943 -97755 221670 -165239 , 193760 262628 -262628 0 34420 -228208 , 6.8860997845883042e-09 , 31
0.3252969351101265 , 26818 -77140 -24586 -23071 -281063 -303634 , 182675 -52549 52549 0 54361 106910 , -48943 820 12021 116296 -220850 109776 , 155006 -210079 210079 0 -88781 121298 , 49889 24586 77140 23071 -279048 -203923 , -88458 -35063 159503 -68067 -139024 81998 , -20391 -159503 35063 68067 -77505 -103961 , -165239 -12021 -820 -116296 97755 -221670 , 193760 262628 -262628 0 34420 -228208 , 6.8860997845883629e-09 , 32
0.3252969351101265 , 26818 -77140 -24586 -23071 -281063 -303634 , 182675 -52549 52549 0 54361 106910 , 48943 -820 -12021 -116296 220850 -109776 , 155006 -210079 210079 0 -88781 121298 , 49889 24586 77140 23071 -279048 -203923 , 88458 35063 -159503 68067 139024 -81998 , 20391 159503 -35063 -68067 77505 103961 , 165239 12021 820 116296 -97755 221670 , 193760 262628 -262628 0 34420 -228208 , 6.8860997845883629e-09 , 33
0.3252969351101265 , 26818 -77140 -24586 -23071 -281063 -303634 , 155006 -210079 210079 0 -88781 121298 , 139024 68067 -77505 35063 88458 81998 , 182675 -52549 52549 0 54361 106910 , 49889 24586 77140 23071 -279048 -203923 , 220850 -116296 97755 -820 48943 109776 , 221670 -97755 116296 820 12021 165239 , 103961 77505 -68067 -35063 159503 20391 , 193760 262628 -262628 0 34420 -228208 , 6.8860997845884034e-09 , 34
0.3252969351101265 , 26818 -77140 -24586 -23071 -281063 -303634 , 155006 -210079 210079 0 -88781 121298 , -139024 -68067 77505 -35063 -88458 -81998 , 182675 -52549 52549 0 54361 106910 , 49889 24586 77140 23071 -279048 -203923 , -220850 116296 -97755 820 -48943 -109776 , -221670 97755 -116296 -820 -12021 -165239 , -103961 -77505 68067 35063 -159503 -20391 , 193760 262628 -262628 0 34420 -228208 , 6.8860997845884034e-09 , 35
0.43409578754514555 , 28574 -15017 -6159 -89900 -274219 -213197 , 108496 -251463 251463 0 -147265 104198 , -67376 95590 123032 -134547 -46335 146887 , 229185 -11165 11165 0 112845 124010 , 118474 6159 15017 89900 -207038 -259202 , 28247 -95706 216241 -151476 6688 65910 , 179723 -216241 95706 151476 -150331 102394 , 67171 -123032 -95590 134547 23855 -141925 , 193760 262628 -262628 0 34420 -228208 , 6.8860997847513241e-09 , 0
0.43409578754514555 , 28574 -15017 -6159 -89900 -274219 -213197 , 108496 -251463 251463 0 -147265 104198 , 67376 -95590 -123032 134547 46335 -146887 , 229185 -11165 11165 0 112845 124010 , 118474 6159 15017 89900 -207038 -259202 , -28247 95706 -216241 151476 -6688 -65910 , -179723 216241 -95706 -151476 150331 -102394 , -67171 123032 95590 -134547 -23855 141925 , 193760 262628 -262628 0 34420 -228208 , 6.8860997847513241e-09 , 1
0.43409578754514555 , 28574 -15017 -6159 -89900 -274219 -213197 , 229185 -11165 11165 0 112845 124010 , -6688 151476 -150331 95706 -28247 65910 , 108496 -251463 251463 0 -147265 104198 , 118474 6159 15017 89900 -207038 -259202 , 46335 134547 23855 -95590 67376 146887 , 141925 -23855 -134547 95590 123032 -67171 , -102394 150331 -151476 -95706 216241 -179723 , 193760 262628 -262628 0 34420 -228208 , 6.8860997847518502e-09 , 2
0.43409578754514555 , 28574 -15017 -6159 -89900 -274219 -213197 , 229185 -11165 11165 0 112845 124010 , 6688 -151476 150331 -95706 28247 -65910 , 108496 -251463 251463 0 -147265 104198 , 118474 6159 15017 89900 -207038 -259202 , -46335 -134547 -23855 95590 -67376 -146887 , -141925 23855 134547 -95590 -123032 67171 , 102394 -150331 151476 95706 -216241 179723 , 193760 262628 -262628 0 34420 -228208 , 6.8860997847518502e-09 , 3
0.43409578754514555 , 28574 -15017 -6159 -89900 -274219 -213197 , 229185 -11165 11165 0 112845 124010 , -150331 102394 -179723 65910 6688 -151476 , 108496 -251463 251463 0 -147265 104198 , 118474 6159 15017 89900 -207038 -259202 , 23855 -141925 -67171 146887 -46335 -134547 , -123032 67171 141925 -146887 -67376 95590 , -216241 179723 -102394 -65910 28247 -95706 , 193760 262628 -262628 0 34420 -228208 , 6.8860997847518833e-09 , 4
0.43409578754514555 , 28574 -15017 -6159 -89900 -274219 -213197 , 229185 -11165 11165 0 112845 124010 , 150331 -102394 179723 -65910 -6688 151476 , 108496 -251463 251463 0 -147265 104198 , 118474 6159 15017 89900 -207038 -259202 , -23855 141925 67171 -146887 46335 134547 , 123032 -67171 -141925 146887 67376 -95590 , 216241 -179723 102394 65910 -28247 95706 , 193760 262628 -262628 0 34420 -228208 , 6.8860997847518833e-09 , 5
0.43409578754514555 , 28574 -15017 -6159 -89900 -274219 -213197 , 229185 -11165 11165 0 112845 124010 , -151476 150331 -102394 28247 -65910 -6688 , 108496 -251463 251463 0 -147265 104198 , 118474 6159 15017 89900 -207038 -259202 , -134547 -23855 141925 -67376 -146887 46335 , -67171 -141925 23855 67376 -95590 -123032 , -179723 102394 -150331 -28247 95706 -216241 , 193760 262628 -262628 0 34420 -228208 , 6.8860997847519287e-09 , 6
0.43409578754514555 , 28574 -15017 -6159 -89900 -274219 -213197 , 229185 -11165 11165 0 112845 124010 , 151476 -150331 102394 -28247 65910 6688 , 108496 -251463 251463 0 -147265 104198 , 118474 6159 15017 89900 -207038 -259202 , 134547 23855 -141925 67376 146887 -46335 , 67171 141925 -23855 -67376 95590 123032 , 179723 -102394 150331 28247 -95706 216241 , 193760 262628 -262628 0 34420 -228208 , 6.8860997847519287e-09 , 7
0.43409578754514555 , 28574 -15017 -6159 -89900 -274219 -213197 , 108496 -251463 251463 0 -147265 104198 , -95590 -123032 67171 46335 -146887 -67376 , 229185 -11165 11165 0 112845 124010 , 118474 6159 15017 89900 -207038 -259202 , 95706 -216241 179723 -6688 -65910 28247 , 102394 -179723 216241 6688 -151476 150331 , -141925 -67171 123032 -46335 -134547 -23855 , 193760 262628 -262628 0 34420 -228208 , 6.8860997847524143e-09 , 8
0.43409578754514555 , 28574 -15017 -6159 -89900 -274219 -213197 , 108496 -251463 251463 0 -147265 104198 , 95590 123032 -67171 -46335 146887 67376 , 229185 -11165 11165 0 112845 124010 , 118474 6159 15017 89900 -207038 -259202 , -95706 216241 -179723 6688 65910 -28247 , -102394 179723 -216241 -6688 151476 -150331 , 141925 67171 -123032 46335 134547 23855 , 193760 262628 -262628 0 34420 -228208 , 6.8860997847524143e-09 , 9
0.43409578754514555 , 28574 -15017 -6159 -89900 -274219 -213197 , 108496 -251463 251463 0 -147265 104198 , -146887 -67376 95590 -23855 -134547 -46335 , 229185 -11165 11165 0 112845 124010 , 118474 6159 15017 89900 -207038 -259202 , -65910 28247 -95706 150331 -151476 6688 , -216241 95706 -28247 -150331 102394 -179723 , -123032 -95590 67376 23855 -141925 -67171 , 193760 262628 -262628 0 34420 -228208 , 6.886099784752966e-09 , 10
0.43409578754514555 , 28574 -15017 -6159 -89900 -274219 -213197 , 108496 -251463 251463 0 -147265 104198 , 146887 67376 -95590 23855 134547 46335 , 229185 -11165 11165 0 112845 124010 , 118474 6159 15017 89900 -207038 -259202 , 65910 -28247 95706 -150331 151476 -6688 , 216241 -95706 28247 150331 -102394 179723 , 123032 95590 -67376 -23855 141925 67171 , 193760 262628 -262628 0 34420 -228208 , 6.886099784752966e-09 , 11
0.43409578754514555 , 28574 -15017 -6159 -89900 -274219 -213197 , 229185 -11165 11165 0 112845 124010 , -102394 179723 -216241 -6688 151476 -150331 , 108496 -251463 251463 0 -147265 104198 , 118474 6159 15017 89900 -207038 -259202 , 141925 67171 -123032 46335 134547 23855 , 95590 123032 -67171 -46335 146887 67376 , -95706 216241 -179723 6688 65910 -28247 , 193760 262628 -262628 0 34420 -228208 , 6.8860997847534963e-09 , 12
0.43409578754514555 , 28574 -15017 -6159 -89900 -274219 -213197 , 229185 -11165 11165 0 112845 124010 , 102394 -179723 216241 6688 -151476 150331 , 108496 -251463 251463 0 -147265 104198 , 118474 6159 15017 89900 -207038 -259202 , -141925 -67171 123032 -46335 -134547 -23855 , -95590 -123032 67171 46335 -146887 -67376 , 95706 -216241 179723 -6688 -65910 28247 , 193760 262628 -262628 0 34420 -228208 , 6.8860997847534963e-09 , 13
0.43409578754514555 , 28574 -15017 -6159 -89900 -274219 -213197 , 229185 -11165 11165 0 112845 124010 , 95706 -28247 65910 102394 -179723 216241 , 108496 -251463 251463 0 -147265 104198 , 118474 6159 15017 89900 -207038 -259202 , -95590 67376 146887 -141925 -67171 123032 , 46335 -146887 -67376 141925 -23855 -134547 , -6688 -65910 28247 -102394 150331 -151476 , 193760 262628 -262628 0 34420 -228208 , 6.8860997847541348e-09 , 14
0.43409578754514555 , 28574 -15017 -6159 -89900 -274219 -213197 , 229185 -11165 11165 0 112845 124010 , -95706 28247 -65910 -102394 179723 -216241 , 108496 -251463 251463 0 -147265 104198 , 118474 6159 15017 89900 -207038 -259202 , 95590 -67376 -146887 141925 67171 -123032 , -46335 146887 67376 -141925 23855 134547 , 6688 65910 -28247 102394 -150331 151476 , 193760 262628 -262628 0 34420 -228208 , 6.8860997847541348e-09 , 15
0.43409578754514555 , 28574 -15017 -6159 -89900 -274219 -213197 , 108496 -251463 251463 0 -147265 104198 , -123032 67171 141925 -146887 -67376 95590 , 229185 -11165 11165 0 112845 124010 , 118474 6159 15017 89900 -207038 -259202 , -216241 179723 -102394 -65910 28247 -95706 , -150331 102394 -179723 65910 6688 -151476 , 23855 -141925 -67171 146887 -46335 -134547 , 193760 262628 -262628 0 34420 -228208 , 6.8860997847546659e-09 , 16
0.43409578754514555 , 28574 -15017 -6159 -89900 -274219 -213197 , 108496 -251463 251463 0 -147265 104198 , 123032 -67171 -141925 146887 67376 -95590 , 229185 -11165 11165 0 112845 124010 , 118474 6159 15017 89900 -207038 -259202 , 216241 -179723 102394 65910 -28247 95706 , 150331 -102394 179723 -65910 -6688 151476 , -23855 141925 67171 -146887 46335 134547 , 193760 262628 -262628 0 34420 -228208 , 6.8860997847546659e-09 , 17
0.43409578754514555 , 28574 -15017 -6159 -89900 -274219 -213197 , 108496 -251463 251463 0 -147265 104198 , 23855 134547 46335 -123032 67171 141925 , 229185 -11165 11165 0 112845 124010 , 118474 6159 15017 89900 -207038 -259202 , -150331 151476 -6688 -216241 179723 -102394 , 65910 6688 -151476 216241 -95706 28247 , 146887 -46335 -134547 123032 95590 -67376 , 193760 262628 -262628 0 34420 -228208 , 6.8860997847552027e-09 , 18
0.43409578754514555 , 28574 -15017 -6159 -89900 -274219 -213197 , 108496 -251463 251463 0 -147265 104198 , -23855 -134547 -46335 123032 -67171 -141925 , 229185 -11165 11165 0 112845 124010 , 118474 6159 15017 89900 -207038 -259202 , 150331 -151476 6688 216241 -179723 102394 , -65910 -6688 151476 -216241 95706 -28247 , -146887 46335 134547 -123032 -95590 67376 , 193760 262628 -262628 0 34420 -228208 , 6.8860997847552027e-09 , 19
0.43409578754514555 , 28574 -15017 -6159 -89900 -274219 -213197 , 108496 -251463 251463 0 -147265 104198 , 46335 -146887 -67376 141925 -23855 -134547 , 229185 -11165 11165 0 112845 124010 , 118474 6159 15017 89900 -207038 -259202 , -6688 -65910 28247 -102394 150331 -151476 , 95706 -28247 65910 102394 -179723 216241 , -95590 67376 146887 -141925 -67171 123032 , 193760 262628 -262628 0 34420 -228208 , 6.8860997847557412e-09 , 20
0.43409578754514555 , 28574 -15017 -6159 -89900 -274219 -213197 , 108496 -251463 251463 0 -147265 104198 , -46335 146887 67376 -141925 23855 134547 , 229185 -11165 11165 0 112845 124010 , 118474 6159 15017 89900 -207038 -259202 , 6688 65910 -28247 102394 -150331 151476 , -95706 28247 -65910 -102394 179723 -216241 , 95590 -67376 -146887 141925 67171 -123032 , 193760 262628 -262628 0 34420 -228208 , 6.8860997847557412e-09 , 21
0.43409578754514555 , 28574 -15017 -6159 -89900 -274219 -213197 , 229185 -11165 11165 0 112845 124010 , -216241 95706 -28247 -150331 102394 -179723 , 108496 -251463 251463 0 -147265 104198 , 118474 6159 15017 89900 -207038 -259202 , -123032 -95590 67376 23855 -141925 -67171 , -146887 -67376 95590 -23855 -134547 -46335 , -65910 28247 -95706 150331 -151476 6688 , 193760 262628 -262628 0 34420 -228208 , 6.8860997847557826e-09 , 22
0.43409578754514555 , 28574 -15017 -6159 -89900 -274219 -213197 , 229185 -11165 11165 0 112845 124010 , 216241 -95706 28247 150331 -102394 179723 , 108496 -251463 251463 0 -147265 104198 , 118474 6159 15017 89900 -207038 -259202 , 123032 95590 -67376 -23855 141925 67171 , 146887 67376 -95590 23855 134547 46335 , 65910 -28247 95706 -150331 151476 -6688 , 193760 262628 -262628 0 34420 -228208 , 6.8860997847557826e-09 , 23
0.43409578754514555 , 28574 -15017 -6159 -89900 -274219 -213197 , 229185 -11165 11165 0 112845 124010 , 28247 -65910 -6688 179723 -216241 95706 , 108496 -251463 251463 0 -147265 104198 , 118474 6159 15017 89900 -207038 -259202 , -67376 -146887 46335 67171 -123032 -95590 , -134547 -46335 146887 -67171 -141925 23855 , -151476 6688 65910 -179723 102394 -150331 , 193760 262628 -262628 0 34420 -228208 , 6.886099784755833e-09 , 24
0.43409578754514555 , 28574 -15017 -6159 -89900 -274219 -213197 , 229185 -11165 11165 0 112845 124010 , -28247 65910 6688 -179723 216241 -95706 , 108496 -251463 251463 0 -147265 104198 , 118474 6159 15017 89900 -207038 -259202 , 67376 146887 -46335 -67171 123032 95590 , 134547 46335 -146887 67171 141925 -23855 , 151476 -6688 -65910 179723 -102394 150331 , 193760 262628 -262628 0 34420 -228208 , 6.886099784755833e-09 , 25
0.43409578754514555 , 28574 -15017 -6159 -89900 -274219 -213197 , 229185 -11165 11165 0 112845 124010 , 179723 -216241 95706 151476 -150331 102394 , 108496 -251463 251463 0 -147265 104198 , 118474 6159 15017 89900 -207038 -259202 , 67171 -123032 -95590 134547 23855 -141925 , -67376 95590 123032 -134547 -46335 146887 , 28247 -95706 216241 -151476 6688 65910 , 193760 262628 -262628 0 34420 -228208 , 6.8860997847563087e-09 , 26
0.43409578754514555 , 28574 -15017 -6159 -89900 -274219 -213197 , 229185 -11165 11165 0 112845 124010 , -179723 216241 -95706 -151476 150331 -102394 , 108496 -251463 251463 0 -147265 104198 , 118474 6159 15017 89900 -207038 -259202 , -67171 123032 95590 -134547 -23855 141925 , 67376 -95590 -123032 134547 46335 -146887 , -28247 95706 -216241 151476 -6688 -65910 , 193760 262628 -262628 0 34420 -228208 , 6.8860997847563087e-09 , 27
0.43409578754514555 , 28574 -15017 -6159 -89900 -274219 -213197 , 108496 -251463 251463 0 -147265 104198 , 67171 141925 -23855 -67376 95590 123032 , 229185 -11165 11165 0 112845 124010 , 118474 6159 15017 89900 -207038 -259202 , 179723 -102394 150331 28247 -95706 216241 , 151476 -150331 102394 -28247 65910 6688 , 134547 23855 -141925 67376 146887 -46335 , 193760 262628 -262628 0 34420 -228208 , 6.8860997847563724e-09 , 28
0.43409578754514555 , 28574 -15017 -6159 -89900 -274219 -213197 , 108496 -251463 251463 0 -147265 104198 , -67171 -141925 23855 67376 -95590 -123032 , 229185 -11165 11165 0 112845 124010 , 118474 6159 15017 89900 -207038 -259202 , -179723 102394 -150331 -28247 95706 -216241 , -151476 150331 -102394 28247 -65910 -6688 , -134547 -23855 141925 -67376 -146887 46335 , 193760 262628 -262628 0 34420 -228208 , 6.8860997847563724e-09 , 29
0.43409578754514555 , 28574 -15017 -6159 -89900 -274219 -213197 , 108496 -251463 251463 0 -147265 104198 , -141925 23855 134547 -95590 -123032 67171 , 229185 -11165 11165 0 112845 124010 , 118474 6159 15017 89900 -207038 -259202 , 102394 -150331 151476 95706 -216241 179723 , 6688 -151476 150331 -95706 28247 -65910 , -46335 -134547 -23855 95590 -67376 -146887 , 193760 262628 -262628 0 34420 -228208 , 6.886099784756489e-09 , 30
0.43409578754514555 , 28574 -15017 -6159 -89900 -274219 -213197 , 108496 -251463 251463 0 -147265 104198 , 141925 -23855 -134547 95590 123032 -67171 , 229185 -11165 11165 0 112845 124010 , 118474 6159 15017 89900 -207038 -259202 , -102394 150331 -151476 -95706 216241 -179723 , -6688 151476 -150331 95706 -28247 65910 , 46335 134547 23855 -95590 67376 146887 , 193760 262628 -262628 0 34420 -228208 , 6.886099784756489e-09 , 31
0.43409578754514555 , 28574 -15017 -6159 -89900 -274219 -213197 , 229185 -11165 11165 0 112845 124010 , -65910 -6688 151476 -216241 95706 -28247 , 108496 -251463 251463 0 -147265 104198 , 118474 6159 15017 89900 -207038 -259202 , -146887 46335 134547 -123032 -95590 67376 , -23855 -134547 -46335 123032 -67171 -141925 , 150331 -151476 6688 216241 -179723 102394 , 193760 262628 -262628 0 34420 -228208 , 6.8860997847568951e-09 , 32
0.43409578754514555 , 28574 -15017 -6159 -89900 -274219 -213197 , 229185 -11165 11165 0 112845 124010 , 65910 6688 -151476 216241 -95706 28247 , 108496 -251463 251463 0 -147265 104198 , 118474 6159 15017 89900 -207038 -259202 , 146887 -46335 -134547 123032 95590 -67376 , 23855 134547 46335 -123032 67171 141925 , -150331 151476 -6688 -216241 179723 -102394 , 193760 262628 -262628 0 34420 -228208 , 6.8860997847568951e-09 , 33
0.43409578754514555 , 28574 -15017 -6159 -89900 -274219 -213197 , 108496 -251463 251463 0 -147265 104198 , -134547 -46335 146887 -67171 -141925 23855 , 229185 -11165 11165 0 112845 124010 , 118474 6159 15017 89900 -207038 -259202 , -151476 6688 65910 -179723 102394 -150331 , 28247 -65910 -6688 179723 -216241 95706 , -67376 -146887 46335 67171 -123032 -95590 , 193760 262628 -262628 0 34420 -228208 , 6.8860997847574212e-09 , 34
0.43409578754514555 , 28574 -15017 -6159 -89900 -274219 -213197 , 108496 -251463 251463 0 -147265 104198 , 134547 46335 -146887 67171 141925 -23855 , 229185 -11165 11165 0 112845 124010 , 118474 6159 15017 89900 -207038 -259202 , 151476 -6688 -65910 179723 -102394 150331 , -28247 65910 6688 -179723 216241 -95706 , 67376 146887 -46335 -67171 123032 95590 , 193760 262628 -262628 0 34420 -228208 , 6.8860997847574212e-09 , 35
0.5355701169546254 , 246756 -108463 -206842 101292 -165767 -297571 , 223891 -32886 32886 0 92321 125207 , -17437 162034 -207495 88823 47978 -20048 , 113790 -229742 229742 0 -126741 103001 , 145464 206842 108463 -101292 -90729 -57304 , 30811 -134971 -55884 80622 39983 -170449 , -49811 55884 134971 -80622 -114565 174954 , -106260 207495 -162034 -88823 187447 -114056 , 193760 262628 -262628 0 34420 -228208 , 6.8860997849479499e-09 , 0
0.5355701169546254 , 246756 -108463 -206842 101292 -165767 -297571 , 223891 -32886 32886 0 92321 125207 , 17437 -162034 207495 -88823 -47978 20048 , 113790 -229742 229742 0 -126741 103001 , 145464 206842 108463 -101292 -90729 -57304 , -30811 134971 55884 -80622 -39983 170449 , 49811 -55884 -134971 80622 114565 -174954 , 106260 -207495 162034 88823 -187447 114056 , 193760 262628 -262628 0 34420 -228208 , 6.8860997849479499e-09 , 1
0.5355701169546254 , 246756 -108463 -206842 101292 -165767 -297571 , 113790 -229742 229742 0 -126741 103001 , 39983 80622 114565 -134971 30811 170449 , 223891 -32886 32886 0 92321 125207 , 145464 206842 108463 -101292 -90729 -57304 , 47978 88823 -187447 162034 -17437 20048 , -114056 187447 -88823 -162034 207495 -106260 , 174954 -114565 -80622 134971 55884 -49811 , 193760 262628 -262628 0 34420 -228208 , 6.8860997849487729e-09 , 2
0.5355701169546254 , 246756 -108463 -206842 101292 -165767 -297571 , 113790 -229742 229742 0 -126741 103001 , -39983 -80622 -114565 134971 -30811 -170449 , 223891 -32886 32886 0 92321 125207 , 145464 206842 108463 -101292 -90729 -57304 , -47978 -88823 187447 -162034 17437 -20048 , 114056 -187447 88823 162034 -207495 106260 , -174954 114565 80622 -134971 -55884 49811 , 193760 262628 -262628 0 34420 -228208 , 6.8860997849487729e-09 , 3
0.5355701169546254 , 246756 -108463 -206842 101292 -165767 -297571 , 223891 -32886 32886 0 92321 125207 , 114056 -187447 88823 162034 -207495 106260 , 113790 -229742 229742 0 -126741 103001 , 145464 206842 108463 -101292 -90729 -57304 , -174954 114565 80622 -134971 -55884 49811 , -39983 -80622 -114565 134971 -30811 -170449 , -47978 -88823 187447 -162034 17437 -20048 , 193760 262628 -262628 0 34420 -228208 , 6.8860997849487862e-09 , 4
0.5355701169546254 , 246756 -108463 -206842 101292 -165767 -297571 , 223891 -32886 32886 0 92321 125207 , -114056 187447 -88823 -162034 207495 -106260 , 113790 -229742 229742 0 -126741 103001 , 145464 206842 108463 -101292 -90729 -57304 , 174954 -114565 -80622 134971 55884 -49811 , 39983 80622 114565 -134971 30811 170449 , 47978 88823 -187447 162034 -17437 20048 , 193760 262628 -262628 0 34420 -228208 , 6.8860997849487862e-09 , 5
0.5355701169546254 , 246756 -108463 -206842 101292 -165767 -297571 , 113790 -229742 229742 0 -126741 103001 , -170449 39983 80622 -55884 -134971 30811 , 223891 -32886 32886 0 92321 125207 , 145464 206842 108463 -101292 -90729 -57304 , -20048 47978 88823 -207495 162034 -17437 , 187447 -88823 -47978 207495 -106260 114056 , -114565 -80622 -39983 55884 -49811 -174954 , 193760 262628 -262628 0 34420 -228208 , 6.8860997849488465e-09 , 6
0.5355701169546254 , 246756 -108463 -206842 101292 -165767 -297571 , 113790 -229742 229742 0 -126741 103001 , 170449 -39983 -80622 55884 134971 -30811 , 223891 -32886 32886 0 92321 125207 , 145464 206842 108463 -101292 -90729 -57304 , 20048 -47978 -88823 207495 -162034 17437 , -187447 88823 47978 -207495 106260 -114056 , 114565 80622 39983 -55884 49811 174954 , 193760 262628 -262628 0 34420 -228208 , 6.8860997849488465e-09 , 7
0.5355701169546254 , 246756 -108463 -206842 101292 -165767 -297571 , 223891 -32886 32886 0 92321 125207 , -20048 17437 -162034 187447 -88823 -47978 , 113790 -229742 229742 0 -126741 103001 , 145464 206842 108463 -101292 -90729 -57304 , -170449 -30811 134971 -114565 -80622 -39983 , -55884 -134971 30811 114565 -174954 -49811 , -207495 162034 -17437 -187447 114056 -106260 , 193760 262628 -262628 0 34420 -228208 , 6.886099784950486e-09 , 8
0.5355701169546254 , 246756 -108463 -206842 101292 -165767 -297571 , 223891 -32886 32886 0 92321 125207 , 20048 -17437 162034 -187447 88823 47978 , 113790 -229742 229742 0 -126741 103001 , 145464 206842 108463 -101292 -90729 -57304 , 170449 30811 -134971 114565 80622 39983 , 55884 134971 -30811 -114565 174954 49811 , 207495 -162034 17437 187447 -114056 106260 , 193760 262628 -262628 0 34420 -228208 , 6.886099784950486e-09 , 9
0.5355701169546254 , 246756 -108463 -206842 101292 -165767 -297571 , 223891 -32886 32886 0 92321 125207 , -162034 207495 -106260 -47978 20048 -17437 , 113790 -229742 229742 0 -126741 103001 , 145464 206842 108463 -101292 -90729 -57304 , 134971 55884 -49811 -39983 170449 30811 , 174954 49811 -55884 39983 80622 114565 , -114056 106260 -207495 47978 88823 -187447 , 193760 262628 -262628 0 34420 -228208 , 6.8860997849505083e-09 , 10
0.5355701169546254 , 246756 -108463 -206842 101292 -165767 -297571 , 223891 -32886 32886 0 92321 125207 , 162034 -207495 106260 47978 -20048 17437 , 113790 -229742 229742 0 -126741 103001 , 145464 206842 108463 -101292 -90729 -57304 , -134971 -55884 49811 39983 -170449 -30811 , -174954 -49811 55884 -39983 -80622 -114565 , 114056 -106260 207495 -47978 -88823 187447 , 193760 262628 -262628 0 34420 -228208 , 6.8860997849505083e-09 , 11
0.5355701169546254 , 246756 -108463 -206842 101292 -165767 -297571 , 113790 -229742 229742 0 -126741 103001 , 30811 170449 -39983 -49811 55884 134971 , 223891 -32886 32886 0 92321 125207 , 145464 206842 108463 -101292 -90729 -57304 , -17437 20048 -47978 -106260 207495 -162034 , 88823 47978 -20048 106260 -114056 187447 , 80622 39983 -170449 49811 174954 -114565 , 193760 262628 -262628 0 34420 -228208 , 6.8860997849505414e-09 , 12
0.5355701169546254 , 246756 -108463 -206842 101292 -165767 -297571 , 113790 -229742 229742 0 -126741 103001 , -30811 -170449 39983 49811 -55884 -134971 , 223891 -32886 32886 0 92321 125207 , 145464 206842 108463 -101292 -90729 -57304 , 17437 -20048 47978 106260 -207495 162034 , -88823 -47978 20048 -106260 114056 -187447 , -80622 -39983 170449 -49811 -174954 114565 , 193760 262628 -262628 0 34420 -228208 , 6.8860997849505414e-09 , 13
0.5355701169546254 , 246756 -108463 -206842 101292 -165767 -297571 , 223891 -32886 32886 0 92321 125207 , -47978 20048 -17437 114056 -187447 88823 , 113790 -229742 229742 0 -126741 103001 , 145464 206842 108463 -101292 -90729 -57304 , -39983 170449 30811 -174954 114565 80622 , 134971 -30811 -170449 174954 49811 -55884 , -162034 17437 -20048 -114056 106260 -207495 , 193760 262628 -262628 0 34420 -228208 , 6.8860997849505497e-09 , 14
0.5355701169546254 , 246756 -108463 -206842 101292 -165767 -297571 , 223891 -32886 32886 0 92321 125207 , 47978 -20048 17437 -114056 187447 -88823 , 113790 -229742 229742 0 -126741 103001 , 145464 206842 108463 -101292 -90729 -57304 , 39983 -170449 -30811 174954 -114565 -80622 , -134971 30811 170449 -174954 -49811 55884 , 162034 -17437 20048 114056 -106260 207495 , 193760 262628 -262628 0 34420 -228208 , 6.8860997849505497e-09 , 15
0.5355701169546254 , 246756 -108463 -206842 101292 -165767 -297571 , 113790 -229742 229742 0 -126741 103001 , -114565 174954 49811 -170449 39983 80622 , 223891 -32886 32886 0 92321 125207 , 145464 206842 108463 -101292 -90729 -57304 , 187447 -114056 106260 -20048 47978 88823 , 207495 -106260 114056 20048 -17437 162034 , 55884 -49811 -174954 170449 30811 -134971 , 193760 262628 -262628 0 34420 -228208 , 6.8860997849505497e-09 , 16
0.5355701169546254 , 246756 -108463 -206842 101292 -165767 -297571 , 113790 -229742 229742 0 -126741 103001 , 114565 -174954 -49811 170449 -39983 -80622 , 223891 -32886 32886 0 92321 125207 , 145464 206842 108463 -101292 -90729 -57304 , -187447 114056 -106260 20048 -47978 -88823 , -207495 106260 -114056 -20048 17437 -162034 , -55884 49811 174954 -170449 -30811 134971 , 193760 262628 -262628 0 34420 -228208 , 6.8860997849505497e-09 , 17
0.5355701169546254 , 246756 -108463 -206842 101292 -165767 -297571 , 113790 -229742 229742 0 -126741 103001 , 80622 114565 -174954 30811 170449 -39983 , 223891 -32886 32886 0 92321 125207 , 145464 206842 108463 -101292 -90729 -57304 , 88823 -187447 114056 -17437 20048 -47978 , 106260 -114056 187447 17437 -162034 207495 , 49811 174954 -114565 -30811 134971 55884 , 193760 262628 -262628 0 34420 -228208 , 6.8860997849520643e-09 , 18
0.5355701169546254 , 246756 -108463 -206842 101292 -165767 -297571 , 113790 -229742 229742 0 -126741 103001 , -80622 -114565 174954 -30811 -170449 39983 , 223891 -32886 32886 0 92321 125207 , 145464 206842 108463 -101292 -90729 -57304 , -88823 187447 -114056 17437 -20048 47978 , -106260 114056 -187447 -17437 162034 -207495 , -49811 -174954 114565 30811 -134971 -55884 , 193760 262628 -262628 0 34420 -228208 , 6.8860997849520643e-09 , 19
0.5355701169546254 , 246756 -108463 -206842 101292 -165767 -297571 , 223891 -32886 32886 0 92321 125207 , -207495 106260 -114056 -20048 17437 -162034 , 113790 -229742 229742 0 -126741 103001 , 145464 206842 108463 -101292 -90729 -57304 , -55884 49811 174954 -170449 -30811 134971 , 114565 -174954 -49811 170449 -39983 -80622 , -187447 114056 -106260 20048 -47978 -88823 , 193760 262628 -262628 0 34420 -228208 , 6.8860997849529063e-09 , 20
0.5355701169546254 , 246756 -108463 -206842 101292 -165767 -297571 , 223891 -32886 32886 0 92321 125207 , 207495 -106260 114056 20048 -17437 162034 , 113790 -229742 229742 0 -126741 103001 , 145464 206842 108463 -101292 -90729 -57304 , 55884 -49811 -174954 170449 30811 -134971 , -114565 174954 49811 -170449 39983 80622 , 187447 -114056 106260 -20048 47978 88823 , 193760 262628 -262628 0 34420 -228208 , 6.8860997849529063e-09 , 21
0.5355701169546254 , 246756 -108463 -206842 101292 -165767 -297571 , 223891 -32886 32886 0 92321 125207 , -187447 88823 47978 -207495 106260 -114056 , 113790 -229742 229742 0 -126741 103001 , 145464 206842 108463 -101292 -90729 -57304 , 114565 80622 39983 -55884 49811 174954 , 170449 -39983 -80622 55884 134971 -30811 , 20048 -47978 -88823 207495 -162034 17437 , 193760 262628 -262628 0 34420 -228208 , 6.8860997849536657e-09 , 22
0.5355701169546254 , 246756 -108463 -206842 101292 -165767 -297571 , 223891 -32886 32886 0 92321 125207 , 187447 -88823 -47978 207495 -106260 114056 , 113790 -229742 229742 0 -126741 103001 , 145464 206842 108463 -101292 -90729 -57304 , -114565 -80622 -39983 55884 -49811 -174954 , -170449 39983 80622 -55884 -134971 30811 , -20048 47978 88823 -207495 162034 -17437 , 193760 262628 -262628 0 34420 -228208 , 6.8860997849536657e-09 , 23
0.5355701169546254 , 246756 -108463 -206842 101292 -165767 -297571 , 113790 -229742 229742 0 -126741 103001 , -174954 -49811 55884 -39983 -80622 -114565 , 223891 -32886 32886 0 92321 125207 , 145464 206842 108463 -101292 -90729 -57304 , 114056 -106260 207495 -47978 -88823 187447 , 162034 -207495 106260 47978 -20048 17437 , -134971 -55884 49811 39983 -170449 -30811 , 193760 262628 -262628 0 34420 -228208 , 6.8860997849536715e-09 , 24
0.5355701169546254 , 246756 -108463 -206842 101292 -165767 -297571 , 113790 -229742 229742 0 -126741 103001 , 174954 49811 -55884 39983 80622 114565 , 223891 -32886 32886 0 92321 125207 , 145464 206842 108463 -101292 -90729 -57304 , -114056 106260 -207495 47978 88823 -187447 , -162034 207495 -106260 -47978 20048 -17437 , 134971 55884 -49811 -39983 170449 30811 , 193760 262628 -262628 0 34420 -228208 , 6.8860997849536715e-09 , 25
0.5355701169546254 , 246756 -108463 -206842 101292 -165767 -297571 , 223891 -32886 32886 0 92321 125207 , 106260 -114056 187447 17437 -162034 207495 , 113790 -229742 229742 0 -126741 103001 , 145464 206842 108463 -101292 -90729 -57304 , 49811 174954 -114565 -30811 134971 55884 , 80622 114565 -174954 30811 170449 -39983 , 88823 -187447 114056 -17437 20048 -47978 , 193760 262628 -262628 0 34420 -228208 , 6.8860997849537459e-09 , 26
0.5355701169546254 , 246756 -108463 -206842 101292 -165767 -297571 , 223891 -32886 32886 0 92321 125207 , -106260 114056 -187447 -17437 162034 -207495 , 113790 -229742 229742 0 -126741 103001 , 145464 206842 108463 -101292 -90729 -57304 , -49811 -174954 114565 30811 -134971 -55884 , -80622 -114565 174954 -30811 -170449 39983 , -88823 187447 -114056 17437 -20048 47978 , 193760 262628 -262628 0 34420 -228208 , 6.8860997849537459e-09 , 27
0.5355701169546254 , 246756 -108463 -206842 101292 -165767 -297571 , 113790 -229742 229742 0 -126741 103001 , -134971 30811 170449 -174954 -49811 55884 , 223891 -32886 32886 0 92321 125207 , 145464 206842 108463 -101292 -90729 -57304 , 162034 -17437 20048 114056 -106260 207495 , 47978 -20048 17437 -114056 187447 -88823 , 39983 -170449 -30811 174954 -114565 -80622 , 193760 262628 -262628 0 34420 -228208 , 6.8860997849545202e-09 , 28
0.5355701169546254 , 246756 -108463 -206842 101292 -165767 -297571 , 113790 -229742 229742 0 -126741 103001 , 134971 -30811 -170449 174954 49811 -55884 , 223891 -32886 32886 0 92321 125207 , 145464 206842 108463 -101292 -90729 -57304 , -162034 17437 -20048 -114056 106260 -207495 , -47978 20048 -17437 114056 -187447 88823 , -39983 170449 30811 -174954 114565 80622 , 193760 262628 -262628 0 34420 -228208 , 6.8860997849545202e-09 , 29
0.5355701169546254 , 246756 -108463 -206842 101292 -165767 -297571 , 113790 -229742 229742 0 -126741 103001 , -49811 55884 134971 -80622 -114565 174954 , 223891 -32886 32886 0 92321 125207 , 145464 206842 108463 -101292 -90729 -57304 , -106260 207495 -162034 -88823 187447 -114056 , -17437 162034 -207495 88823 47978 -20048 , 30811 -134971 -55884 80622 39983 -170449 , 193760 262628 -262628 0 34420 -228208 , 6.8860997849552837e-09 , 30
0.5355701169546254 , 246756 -108463 -206842 101292 -165767 -297571 , 113790 -229742 229742 0 -126741 103001 , 49811 -55884 -134971 80622 114565 -174954 , 223891 -32886 32886 0 92321 125207 , 145464 206842 108463 -101292 -90729 -57304 , 106260 -207495 162034 88823 -187447 114056 , 17437 -162034 207495 -88823 -47978 20048 , -30811 134971 55884 -80622 -39983 170449 , 193760 262628 -262628 0 34420 -228208 , 6.8860997849552837e-09 , 31
0.5355701169546254 , 246756 -108463 -206842 101292 -165767 -297571 , 223891 -32886 32886 0 92321 125207 , 88823 47978 -20048 106260 -114056 187447 , 113790 -229742 229742 0 -126741 103001 , 145464 206842 108463 -101292 -90729 -57304 , 80622 39983 -170449 49811 174954 -114565 , 30811 170449 -39983 -49811 55884 134971 , -17437 20048 -47978 -106260 207495 -162034 , 193760 262628 -262628 0 34420 -228208 , 6.8860997849561034e-09 , 32
0.5355701169546254 , 246756 -108463 -206842 101292 -165767 -297571 , 223891 -32886 32886 0 92321 125207 , -88823 -47978 20048 -106260 114056 -187447 , 113790 -229742 229742 0 -126741 103001 , 145464 206842 108463 -101292 -90729 -57304 , -80622 -39983 170449 -49811 -174954 114565 , -30811 -170449 39983 49811 -55884 -134971 , 17437 -20048 47978 106260 -207495 162034 , 193760 262628 -262628 0 34420 -228208 , 6.8860997849561034e-09 , 33
0.5355701169546254 , 246756 -108463 -206842 101292 -165767 -297571 , 113790 -229742 229742 0 -126741 103001 , -55884 -134971 30811 114565 -174954 -49811 , 223891 -32886 32886 0 92321 125207 , 145464 206842 108463 -101292 -90729 -57304 , -207495 162034 -17437 -187447 114056 -106260 , -20048 17437 -162034 187447 -88823 -47978 , -170449 -30811 134971 -114565 -80622 -39983 , 193760 262628 -262628 0 34420 -228208 , 6.886099784957771e-09 , 34
0.5355701169546254 , 246756 -108463 -206842 101292 -165767 -297571 , 113790 -229742 229742 0 -126741 103001 , 55884 134971 -30811 -114565 174954 49811 , 223891 -32886 32886 0 92321 125207 , 145464 206842 108463 -101292 -90729 -57304 , 207495 -162034 17437 187447 -114056 106260 , 20048 -17437 162034 -187447 88823 47978 , 170449 30811 -134971 114565 80622 39983 , 193760 262628 -262628 0 34420 -228208 , 6.886099784957771e-09 , 35
0.6502045047172098 , 104324 -113267 -219369 58282 -194073 -394716 , 99402 -138741 138741 0 -60212 78529 , -239903 172348 -24498 -80966 -62301 -13945 , 238279 -123887 123887 0 25792 149679 , 46042 219369 113267 -58282 -175347 -80806 , -42694 145424 -32448 -39248 3753 84251 , -3446 32448 -145424 39248 116699 -141671 , -158937 24498 -172348 80966 10553 -234649 , 193760 262628 -262628 0 34420 -228208 , 6.8860997847441648e-09 , 0
0.6502045047172098 , 104324 -113267 -219369 58282 -194073 -394716 , 99402 -138741 138741 0 -60212 78529 , 239903 -172348 24498 80966 62301 13945 , 238279 -123887 123887 0 25792 149679 , 46042 219369 113267 -58282 -175347 -80806 , 42694 -145424 32448 39248 -3753 -84251 , 3446 -32448 145424 -39248 -116699 141671 , 158937 -24498 172348 -80966 -10553 234649 , 193760 262628 -262628 0 34420 -228208 , 6.8860997847441648e-09 , 1
0.6502045047172098 , 104324 -113267 -219369 58282 -194073 -394716 , 99402 -138741 138741 0 -60212 78529 , -158937 234649 -10553 -239903 172348 -24498 , 238279 -123887 123887 0 25792 149679 , 46042 219369 113267 -58282 -175347 -80806 , -3446 141671 -116699 -42694 145424 -32448 , 39248 116699 -141671 42694 84251 3753 , 80966 10553 -234649 239903 -13945 -62301 , 193760 262628 -262628 0 34420 -228208 , 6.8860997847447124e-09 , 2
0.6502045047172098 , 104324 -113267 -219369 58282 -194073 -394716 , 99402 -138741 138741 0 -60212 78529 , 158937 -234649 10553 239903 -172348 24498 , 238279 -123887 123887 0 25792 149679 , 46042 219369 113267 -58282 -175347 -80806 , 3446 -141671 116699 42694 -145424 32448 , -39248 -116699 141671 -42694 -84251 -3753 , -80966 -10553 234649 -239903 13945 62301 , 193760 262628 -262628 0 34420 -228208 , 6.8860997847447124e-09 , 3
0.6502045047172098 , 104324 -113267 -219369 58282 -194073 -394716 , 238279 -123887 123887 0 25792 149679 , -145424 42694 84251 -141671 3446 -32448 , 99402 -138741 138741 0 -60212 78529 , 46042 219369 113267 -58282 -175347 -80806 , -172348 239903 -13945 -234649 158937 -24498 , 62301 13945 -239903 234649 -10553 -80966 , -3753 -84251 -42694 141671 -116699 -39248 , 193760 262628 -262628 0 34420 -228208 , 6.8860997847447174e-09 , 4
0.6502045047172098 , 104324 -113267 -219369 58282 -194073 -394716 , 238279 -123887 123887 0 25792 149679 , 145424 -42694 -84251 141671 -3446 32448 , 99402 -138741 138741 0 -60212 78529 , 46042 219369 113267 -58282 -175347 -80806 , 172348 -239903 13945 234649 -158937 24498 , -62301 -13945 239903 -234649 10553 80966 , 3753 84251 42694 -141671 116699 39248 , 193760 262628 -262628 0 34420 -228208 , 6.8860997847447174e-09 , 5
0.6502045047172098 , 104324 -113267 -219369 58282 -194073 -394716 , 99402 -138741 138741 0 -60212 78529 , -234649 10553 80966 -172348 24498 -158937 , 238279 -123887 123887 0 25792 149679 , 46042 219369 113267 -58282 -175347 -80806 , -141671 116699 39248 -145424 32448 -3446 , 3753 -39248 -116699 145424 -42694 -84251 , -62301 -80966 -10553 172348 -239903 13945 , 193760 262628 -262628 0 34420 -228208 , 6.8860997847453204e-09 , 6
0.6502045047172098 , 104324 -113267 -219369 58282 -194073 -394716 , 99402 -138741 138741 0 -60212 78529 , 234649 -10553 -80966 172348 -24498 158937 , 238279 -123887 123887 0 25792 149679 , 46042 219369 113267 -58282 -175347 -80806 , 141671 -116699 -39248 145424 -32448 3446 , -3753 39248 116699 -145424 42694 84251 , 62301 80966 10553 -172348 239903 -13945 , 193760 262628 -262628 0 34420 -228208 , 6.8860997847453204e-09 , 7
0.6502045047172098 , 104324 -113267 -219369 58282 -194073 -394716 , 99402 -138741 138741 0 -60212 78529 , 10553 80966 62301 24498 -158937 234649 , 238279 -123887 123887 0 25792 149679 , 46042 219369 113267 -58282 -175347 -80806 , 116699 39248 -3753 32448 -3446 141671 , 84251 3753 -39248 -32448 145424 -42694 , -13945 -62301 -80966 -24498 172348 -239903 , 193760 262628 -262628 0 34420 -228208 , 6.8860997847457902e-09 , 8
0.6502045047172098 , 104324 -113267 -219369 58282 -194073 -394716 , 99402 -138741 138741 0 -60212 78529 , -10553 -80966 -62301 -24498 158937 -234649 , 238279 -123887 123887 0 25792 149679 , 46042 219369 113267 -58282 -175347 -80806 , -116699 -39248 3753 -32448 3446 -141671 , -84251 -3753 39248 32448 -145424 42694 , 13945 62301 80966 24498 -172348 239903 , 193760 262628 -262628 0 34420 -228208 , 6.8860997847457902e-09 , 9
0.6502045047172098 , 104324 -113267 -219369 58282 -194073 -394716 , 238279 -123887 123887 0 25792 149679 , -3446 32448 -145424 39248 116699 -141671 , 99402 -138741 138741 0 -60212 78529 , 46042 219369 113267 -58282 -175347 -80806 , -158937 24498 -172348 80966 10553 -234649 , -239903 172348 -24498 -80966 -62301 -13945 , -42694 145424 -32448 -39248 3753 84251 , 193760 262628 -262628 0 34420 -228208 , 6.8860997847457911e-09 , 10
0.6502045047172098 , 104324 -113267 -219369 58282 -194073 -394716 , 238279 -123887 123887 0 25792 149679 , 3446 -32448 145424 -39248 -116699 141671 , 99402 -138741 138741 0 -60212 78529 , 46042 219369 113267 -58282 -175347 -80806 , 158937 -24498 172348 -80966 -10553 234649 , 239903 -172348 24498 80966 62301 13945 , 42694 -145424 32448 39248 -3753 -84251 , 193760 262628 -262628 0 34420 -228208 , 6.8860997847457911e-09 , 11
0.6502045047172098 , 104324 -113267 -219369 58282 -194073 -394716 , 238279 -123887 123887 0 25792 149679 , 32448 -145424 42694 116699 -141671 3446 , 99402 -138741 138741 0 -60212 78529 , 46042 219369 113267 -58282 -175347 -80806 , 24498 -172348 239903 10553 -234649 158937 , 13945 -239903 172348 -10553 -80966 -62301 , -84251 -42694 145424 -116699 -39248 3753 , 193760 262628 -262628 0 34420 -228208 , 6.8860997847463411e-09 , 12
0.6502045047172098 , 104324 -113267 -219369 58282 -194073 -394716 , 238279 -123887 123887 0 25792 149679 , -32448 145424 -42694 -116699 141671 -3446 , 99402 -138741 138741 0 -60212 78529 , 46042 219369 113267 -58282 -175347 -80806 , -24498 172348 -239903 -10553 234649 -158937 , -13945 239903 -172348 10553 80966 62301 , 84251 42694 -145424 116699 39248 -3753 , 193760 262628 -262628 0 34420 -228208 , 6.8860997847463411e-09 , 13
0.6502045047172098 , 104324 -113267 -219369 58282 -194073 -394716 , 99402 -138741 138741 0 -60212 78529 , 80966 62301 13945 -158937 234649 -10553 , 238279 -123887 123887 0 25792 149679 , 46042 219369 113267 -58282 -175347 -80806 , 39248 -3753 -84251 -3446 141671 -116699 , 42694 84251 3753 3446 -32448 145424 , 239903 -13945 -62301 158937 -24498 172348 , 193760 262628 -262628 0 34420 -228208 , 6.8860997847463974e-09 , 14
0.6502045047172098 , 104324 -113267 -219369 58282 -194073 -394716 , 99402 -138741 138741 0 -60212 78529 , -80966 -62301 -13945 158937 -234649 10553 , 238279 -123887 123887 0 25792 149679 , 46042 219369 113267 -58282 -175347 -80806 , -39248 3753 84251 3446 -141671 116699 , -42694 -84251 -3753 -3446 32448 -145424 , -239903 13945 62301 -158937 24498 -172348 , 193760 262628 -262628 0 34420 -228208 , 6.8860997847463974e-09 , 15
0.6502045047172098 , 104324 -113267 -219369 58282 -194073 -394716 , 238279 -123887 123887 0 25792 149679 , -141671 3446 -32448 3753 -39248 -116699 , 99402 -138741 138741 0 -60212 78529 , 46042 219369 113267 -58282 -175347 -80806 , -234649 158937 -24498 -62301 -80966 -10553 , -172348 24498 -158937 62301 13945 -239903 , -145424 32448 -3446 -3753 -84251 -42694 , 193760 262628 -262628 0 34420 -228208 , 6.886099784746399e-09 , 16
0.6502045047172098 , 104324 -113267 -219369 58282 -194073 -394716 , 238279 -123887 123887 0 25792 149679 , 141671 -3446 32448 -3753 39248 116699 , 99402 -138741 138741 0 -60212 78529 , 46042 219369 113267 -58282 -175347 -80806 , 234649 -158937 24498 62301 80966 10553 , 172348 -24498 158937 -62301 -13945 239903 , 145424 -32448 3446 3753 84251 42694 , 193760 262628 -262628 0 34420 -228208 , 6.886099784746399e-09 , 17
0.6502045047172098 , 104324 -113267 -219369 58282 -194073 -394716 , 99402 -138741 138741 0 -60212 78529 , 24498 -158937 234649 13945 -239903 172348 , 238279 -123887 123887 0 25792 149679 , 46042 219369 113267 -58282 -175347 -80806 , 32448 -3446 141671 -84251 -42694 145424 , 116699 -141671 3446 84251 3753 -39248 , 10553 -234649 158937 -13945 -62301 -80966 , 193760 262628 -262628 0 34420 -228208 , 6.8860997847469102e-09 , 18
0.6502045047172098 , 104324 -113267 -219369 58282 -194073 -394716 , 99402 -138741 138741 0 -60212 78529 , -24498 158937 -234649 -13945 239903 -172348 , 238279 -123887 123887 0 25792 149679 , 46042 219369 113267 -58282 -175347 -80806 , -32448 3446 -141671 84251 42694 -145424 , -116699 141671 -3446 -84251 -3753 39248 , -10553 234649 -158937 13945 62301 80966 , 193760 262628 -262628 0 34420 -228208 , 6.8860997847469102e-09 , 19
0.6502045047172098 , 104324 -113267 -219369 58282 -194073 -394716 , 238279 -123887 123887 0 25792 149679 , 42694 84251 3753 3446 -32448 145424 , 99402 -138741 138741 0 -60212 78529 , 46042 219369 113267 -58282 -175347 -80806 , 239903 -13945 -62301 158937 -24498 172348 , 80966 62301 13945 -158937 234649 -10553 , 39248 -3753 -84251 -3446 141671 -116699 , 193760 262628 -262628 0 34420 -228208 , 6.8860997847469599e-09 , 20
0.6502045047172098 , 104324 -113267 -219369 58282 -194073 -394716 , 238279 -123887 123887 0 25792 149679 , -42694 -84251 -3753 -3446 32448 -145424 , 99402 -138741 138741 0 -60212 78529 , 46042 219369 113267 -58282 -175347 -80806 , -239903 13945 62301 -158937 24498 -172348 , -80966 -62301 -13945 158937 -234649 10553 , -39248 3753 84251 3446 -141671 116699 , 193760 262628 -262628 0 34420 -228208 , 6.8860997847469599e-09 , 21
0.6502045047172098 , 104324 -113267 -219369 58282 -194073 -394716 , 238279 -123887 123887 0 25792 149679 , -84251 -3753 39248 32448 -145424 42694 , 99402 -138741 138741 0 -60212 78529 , 46042 219369 113267 -58282 -175347 -80806 , 13945 62301 80966 24498 -172348 239903 , -10553 -80966 -62301 -24498 158937 -234649 , -116699 -39248 3753 -32448 3446 -141671 , 193760 262628 -262628 0 34420 -228208 , 6.8860997847479847e-09 , 22
0.6502045047172098 , 104324 -113267 -219369 58282 -194073 -394716 , 238279 -123887 123887 0 25792 149679 , 84251 3753 -39248 -32448 145424 -42694 , 99402 -138741 138741 0 -60212 78529 , 46042 219369 113267 -58282 -175347 -80806 , -13945 -62301 -80966 -24498 172348 -239903 , 10553 80966 62301 24498 -158937 234649 , 116699 39248 -3753 32448 -3446 141671 , 193760 262628 -262628 0 34420 -228208 , 6.8860997847479847e-09 , 23
0.6502045047172098 , 104324 -113267 -219369 58282 -194073 -394716 , 238279 -123887 123887 0 25792 149679 , 39248 116699 -141671 42694 84251 3753 , 99402 -138741 138741 0 -60212 78529 , 46042 219369 113267 -58282 -175347 -80806 , 80966 10553 -234649 239903 -13945 -62301 , -158937 234649 -10553 -239903 172348 -24498 , -3446 141671 -116699 -42694 145424 -32448 , 193760 262628 -262628 0 34420 -228208 , 6.8860997847486043e-09 , 24
0.6502045047172098 , 104324 -113267 -219369 58282 -194073 -394716 , 238279 -123887 123887 0 25792 149679 , -39248 -116699 141671 -42694 -84251 -3753 , 99402 -138741 138741 0 -60212 78529 , 46042 219369 113267 -58282 -175347 -80806 , -80966 -10553 234649 -239903 13945 62301 , 158937 -234649 10553 239903 -172348 24498 , 3446 -141671 116699 42694 -145424 32448 , 193760 262628 -262628 0 34420 -228208 , 6.8860997847486043e-09 , 25
0.6502045047172098 , 104324 -113267 -219369 58282 -194073 -394716 , 99402 -138741 138741 0 -60212 78529 , 62301 13945 -239903 234649 -10553 -80966 , 238279 -123887 123887 0 25792 149679 , 46042 219369 113267 -58282 -175347 -80806 , -3753 -84251 -42694 141671 -116699 -39248 , -145424 42694 84251 -141671 3446 -32448 , -172348 239903 -13945 -234649 158937 -24498 , 193760 262628 -262628 0 34420 -228208 , 6.8860997847491569e-09 , 26
0.6502045047172098 , 104324 -113267 -219369 58282 -194073 -394716 , 99402 -138741 138741 0 -60212 78529 , -62301 -13945 239903 -234649 10553 80966 , 238279 -123887 123887 0 25792 149679 , 46042 219369 113267 -58282 -175347 -80806 , 3753 84251 42694 -141671 116699 39248 , 145424 -42694 -84251 141671 -3446 32448 , 172348 -239903 13945 234649 -158937 24498 , 193760 262628 -262628 0 34420 -228208 , 6.8860997847491569e-09 , 27
0.6502045047172098 , 104324 -113267 -219369 58282 -194073 -394716 , 238279 -123887 123887 0 25792 149679 , -116699 141671 -3446 -84251 -3753 39248 , 99402 -138741 138741 0 -60212 78529 , 46042 219369 113267 -58282 -175347 -80806 , -10553 234649 -158937 13945 62301 80966 , -24498 158937 -234649 -13945 239903 -172348 , -32448 3446 -141671 84251 42694 -145424 , 193760 262628 -262628 0 34420 -228208 , 6.8860997847491577e-09 , 28
0.6502045047172098 , 104324 -113267 -219369 58282 -194073 -394716 , 238279 -123887 123887 0 25792 149679 , 116699 -141671 3446 84251 3753 -39248 , 99402 -138741 138741 0 -60212 78529 , 46042 219369 113267 -58282 -175347 -80806 , 10553 -234649 158937 -13945 -62301 -80966 , 24498 -158937 234649 13945 -239903 172348 , 32448 -3446 141671 -84251 -42694 145424 , 193760 262628 -262628 0 34420 -228208 , 6.8860997847491577e-09 , 29
0.6502045047172098 , 104324 -113267 -219369 58282 -194073 -394716 , 238279 -123887 123887 0 25792 149679 , -3753 39248 116699 -145424 42694 84251 , 99402 -138741 138741 0 -60212 78529 , 46042 219369 113267 -58282 -175347 -80806 , 62301 80966 10553 -172348 239903 -13945 , 234649 -10553 -80966 172348 -24498 158937 , 141671 -116699 -39248 145424 -32448 3446 , 193760 262628 -262628 0 34420 -228208 , 6.8860997847496151e-09 , 30
0.6502045047172098 , 104324 -113267 -219369 58282 -194073 -394716 , 238279 -123887 123887 0 25792 149679 , 3753 -39248 -116699 145424 -42694 -84251 , 99402 -138741 138741 0 -60212 78529 , 46042 219369 113267 -58282 -175347 -80806 , -62301 -80966 -10553 172348 -239903 13945 , -234649 10553 80966 -172348 24498 -158937 , -141671 116699 39248 -145424 32448 -3446 , 193760 262628 -262628 0 34420 -228208 , 6.8860997847496151e-09 , 31
0.6502045047172098 , 104324 -113267 -219369 58282 -194073 -394716 , 99402 -138741 138741 0 -60212 78529 , 13945 -239903 172348 -10553 -80966 -62301 , 238279 -123887 123887 0 25792 149679 , 46042 219369 113267 -58282 -175347 -80806 , -84251 -42694 145424 -116699 -39248 3753 , 32448 -145424 42694 116699 -141671 3446 , 24498 -172348 239903 10553 -234649 158937 , 193760 262628 -262628 0 34420 -228208 , 6.8860997847497375e-09 , 32
0.6502045047172098 , 104324 -113267 -219369 58282 -194073 -394716 , 99402 -138741 138741 0 -60212 78529 , -13945 239903 -172348 10553 80966 62301 , 238279 -123887 123887 0 25792 149679 , 46042 219369 113267 -58282 -175347 -80806 , 84251 42694 -145424 116699 39248 -3753 , -32448 145424 -42694 -116699 141671 -3446 , -24498 172348 -239903 -10553 234649 -158937 , 193760 262628 -262628 0 34420 -228208 , 6.8860997847497375e-09 , 33
0.6502045047172098 , 104324 -113267 -219369 58282 -194073 -394716 , 99402 -138741 138741 0 -60212 78529 , -172348 24498 -158937 62301 13945 -239903 , 238279 -123887 123887 0 25792 149679 , 46042 219369 113267 -58282 -175347 -80806 , -145424 32448 -3446 -3753 -84251 -42694 , -141671 3446 -32448 3753 -39248 -116699 , -234649 158937 -24498 -62301 -80966 -10553 , 193760 262628 -262628 0 34420 -228208 , 6.8860997847501851e-09 , 34
0.6502045047172098 , 104324 -113267 -219369 58282 -194073 -394716 , 99402 -138741 138741 0 -60212 78529 , 172348 -24498 158937 -62301 -13945 239903 , 238279 -123887 123887 0 25792 149679 , 46042 219369 113267 -58282 -175347 -80806 , 145424 -32448 3446 3753 84251 42694 , 141671 -3446 32448 -3753 39248 116699 , 234649 -158937 24498 62301 80966 10553 , 193760 262628 -262628 0 34420 -228208 , 6.8860997847501851e-09 , 35
0.7576860141682445 , 127917 8086 -121096 -60206 -230908 -142163 , 38543 -251107 251107 0 -184196 66911 , -2986 -216094 102262 134055 -229769 -2002 , 299138 -11521 11521 0 149776 161297 , 188123 121096 -8086 60206 -21067 -238994 , -29005 72955 -127420 110045 -51178 -2315 , -139050 127420 -72955 -110045 125105 -124133 , -137041 -102262 216094 -134055 -104264 -13675 , 193760 262628 -262628 0 34420 -228208 , 6.8860997846103113e-09 , 0
0.7576860141682445 , 127917 8086 -121096 -60206 -230908 -142163 , 38543 -251107 251107 0 -184196 66911 , 2986 216094 -102262 -134055 229769 2002 , 299138 -11521 11521 0 149776 161297 , 188123 121096 -8086 60206 -21067 -238994 , 29005 -72955 127420 -110045 51178 2315 , 139050 -127420 72955 110045 -125105 124133 , 137041 102262 -216094 134055 104264 13675 , 193760 262628 -262628 0 34420 -228208 , 6.8860997846103113e-09 , 1
0.7576860141682445 , 127917 8086 -121096 -60206 -230908 -142163 , 299138 -11521 11521 0 149776 161297 , 2315 51178 -110045 127420 -72955 29005 , 38543 -251107 251107 0 -184196 66911 , 188123 121096 -8086 60206 -21067 -238994 , 2002 229769 -134055 -102262 216094 2986 , 104264 134055 -229769 102262 137041 -13675 , -125105 110045 -51178 -127420 139050 -124133 , 193760 262628 -262628 0 34420 -228208 , 6.8860997846105776e-09 , 2
0.7576860141682445 , 127917 8086 -121096 -60206 -230908 -142163 , 299138 -11521 11521 0 149776 161297 , -2315 -51178 110045 -127420 72955 -29005 , 38543 -251107 251107 0 -184196 66911 , 188123 121096 -8086 60206 -21067 -238994 , -2002 -229769 134055 102262 -216094 -2986 , -104264 -134055 229769 -102262 -137041 13675 , 125105 -110045 51178 127420 -139050 124133 , 193760 262628 -262628 0 34420 -228208 , 6.8860997846105776e-09 , 3
0.7576860141682445 , 127917 8086 -121096 -60206 -230908 -142163 , 38543 -251107 251107 0 -184196 66911 , 102262 137041 -13675 -2002 2986 216094 , 299138 -11521 11521 0 149776 161297 , 188123 121096 -8086 60206 -21067 -238994 , -127420 139050 -124133 -2315 29005 -72955 , -125105 124133 -139050 2315 51178 -110045 , 104264 13675 -137041 2002 229769 -134055 , 193760 262628 -262628 0 34420 -228208 , 6.8860997846106339e-09 , 4
0.7576860141682445 , 127917 8086 -121096 -60206 -230908 -142163 , 38543 -251107 251107 0 -184196 66911 , -102262 -137041 13675 2002 -2986 -216094 , 299138 -11521 11521 0 149776 161297 , 188123 121096 -8086 60206 -21067 -238994 , 127420 -139050 124133 2315 -29005 72955 , 125105 -124133 139050 -2315 -51178 110045 , -104264 -13675 137041 -2002 -229769 134055 , 193760 262628 -262628 0 34420 -228208 , 6.8860997846106339e-09 , 5
0.7576860141682445 , 127917 8086 -121096 -60206 -230908 -142163 , 38543 -251107 251107 0 -184196 66911 , -216094 102262 137041 -229769 -2002 2986 , 299138 -11521 11521 0 149776 161297 , 188123 121096 -8086 60206 -21067 -238994 , 72955 -127420 139050 -51178 -2315 29005 , 124133 -139050 127420 51178 -110045 125105 , 13675 -137041 -102262 229769 -134055 -104264 , 193760 262628 -262628 0 34420 -228208 , 6.8860997846108357e-09 , 6
0.7576860141682445 , 127917 8086 -121096 -60206 -230908 -142163 , 38543 -251107 251107 0 -184196 66911 , 216094 -102262 -137041 229769 2002 -2986 , 299138 -11521 11521 0 149776 161297 , 188123 121096 -8086 60206 -21067 -238994 , -72955 127420 -139050 51178 2315 -29005 , -124133 139050 -127420 -51178 110045 -125105 , -13675 137041 102262 -229769 134055 104264 , 193760 262628 -262628 0 34420 -228208 , 6.8860997846108357e-09 , 7
0.7576860141682445 , 127917 8086 -121096 -60206 -230908 -142163 , 38543 -251107 251107 0 -184196 66911 , -134055 229769 2002 -137041 13675 104264 , 299138 -11521 11521 0 149776 161297 , 188123 121096 -8086 60206 -21067 -238994 , -110045 51178 2315 -139050 124133 -125105 , 29005 -2315 -51178 139050 -127420 72955 , 2986 -2002 -229769 137041 102262 -216094 , 193760 262628 -262628 0 34420 -228208 , 6.8860997846111219e-09 , 8
0.7576860141682445 , 127917 8086 -121096 -60206 -230908 -142163 , 38543 -251107 251107 0 -184196 66911 , 134055 -229769 -2002 137041 -13675 -104264 , 299138 -11521 11521 0 149776 161297 , 188123 121096 -8086 60206 -21067 -238994 , 110045 -51178 -2315 139050 -124133 125105 , -29005 2315 51178 -139050 127420 -72955 , -2986 2002 229769 -137041 -102262 216094 , 193760 262628 -262628 0 34420 -228208 , 6.8860997846111219e-09 , 9
0.7576860141682445 , 127917 8086 -121096 -60206 -230908 -142163 , 38543 -251107 251107 0 -184196 66911 , -137041 13675 104264 -2986 -216094 102262 , 299138 -11521 11521 0 149776 161297 , 188123 121096 -8086 60206 -21067 -238994 , -139050 124133 -125105 -29005 72955 -127420 , -110045 125105 -124133 29005 -2315 -51178 , -134055 -104264 -13675 2986 -2002 -229769 , 193760 262628 -262628 0 34420 -228208 , 6.8860997846113469e-09 , 10
0.7576860141682445 , 127917 8086 -121096 -60206 -230908 -142163 , 38543 -251107 251107 0 -184196 66911 , 137041 -13675 -104264 2986 216094 -102262 , 299138 -11521 11521 0 149776 161297 , 188123 121096 -8086 60206 -21067 -238994 , 139050 -124133 125105 29005 -72955 127420 , 110045 -125105 124133 -29005 2315 51178 , 134055 104264 13675 -2986 2002 229769 , 193760 262628 -262628 0 34420 -228208 , 6.8860997846113469e-09 , 11
0.7576860141682445 , 127917 8086 -121096 -60206 -230908 -142163 , 299138 -11521 11521 0 149776 161297 , -110045 125105 -124133 29005 -2315 -51178 , 38543 -251107 251107 0 -184196 66911 , 188123 121096 -8086 60206 -21067 -238994 , -134055 -104264 -13675 2986 -2002 -229769 , -137041 13675 104264 -2986 -216094 102262 , -139050 124133 -125105 -29005 72955 -127420 , 193760 262628 -262628 0 34420 -228208 , 6.8860997846114793e-09 , 12
0.7576860141682445 , 127917 8086 -121096 -60206 -230908 -142163 , 299138 -11521 11521 0 149776 161297 , 110045 -125105 124133 -29005 2315 51178 , 38543 -251107 251107 0 -184196 66911 , 188123 121096 -8086 60206 -21067 -238994 , 134055 104264 13675 -2986 2002 229769 , 137041 -13675 -104264 2986 216094 -102262 , 139050 -124133 125105 29005 -72955 127420 , 193760 262628 -262628 0 34420 -228208 , 6.8860997846114793e-09 , 13
0.7576860141682445 , 127917 8086 -121096 -60206 -230908 -142163 , 299138 -11521 11521 0 149776 161297 , -51178 110045 -125105 72955 -29005 2315 , 38543 -251107 251107 0 -184196 66911 , 188123 121096 -8086 60206 -21067 -238994 , -229769 134055 104264 -216094 -2986 2002 , -13675 -104264 -134055 216094 -102262 -137041 , -124133 125105 -110045 -72955 127420 -139050 , 193760 262628 -262628 0 34420 -228208 , 6.8860997846115488e-09 , 14
0.7576860141682445 , 127917 8086 -121096 -60206 -230908 -142163 , 299138 -11521 11521 0 149776 161297 , 51178 -110045 125105 -72955 29005 -2315 , 38543 -251107 251107 0 -184196 66911 , 188123 121096 -8086 60206 -21067 -238994 , 229769 -134055 -104264 216094 2986 -2002 , 13675 104264 134055 -216094 102262 137041 , 124133 -125105 110045 72955 -127420 139050 , 193760 262628 -262628 0 34420 -228208 , 6.8860997846115488e-09 , 15
0.7576860141682445 , 127917 8086 -121096 -60206 -230908 -142163 , 299138 -11521 11521 0 149776 161297 , -29005 2315 51178 -139050 127420 -72955 , 38543 -251107 251107 0 -184196 66911 , 188123 121096 -8086 60206 -21067 -238994 , -2986 2002 229769 -137041 -102262 216094 , 134055 -229769 -2002 137041 -13675 -104264 , 110045 -51178 -2315 139050 -124133 125105 , 193760 262628 -262628 0 34420 -228208 , 6.8860997846119789e-09 , 16
0.7576860141682445 , 127917 8086 -121096 -60206 -230908 -142163 , 299138 -11521 11521 0 149776 161297 , 29005 -2315 -51178 139050 -127420 72955 , 38543 -251107 251107 0 -184196 66911 , 188123 121096 -8086 60206 -21067 -238994 , 2986 -2002 -229769 137041 102262 -216094 , -134055 229769 2002 -137041 13675 104264 , -110045 51178 2315 -139050 124133 -125105 , 193760 262628 -262628 0 34420 -228208 , 6.8860997846119789e-09 , 17
0.7576860141682445 , 127917 8086 -121096 -60206 -230908 -142163 , 38543 -251107 251107 0 -184196 66911 , 2002 -2986 -216094 104264 134055 -229769 , 299138 -11521 11521 0 149776 161297 , 188123 121096 -8086 60206 -21067 -238994 , 2315 -29005 72955 -125105 110045 -51178 , 127420 -72955 29005 125105 -124133 139050 , -102262 216094 2986 -104264 -13675 137041 , 193760 262628 -262628 0 34420 -228208 , 6.8860997846122419e-09 , 18
0.7576860141682445 , 127917 8086 -121096 -60206 -230908 -142163 , 38543 -251107 251107 0 -184196 66911 , -2002 2986 216094 -104264 -134055 229769 , 299138 -11521 11521 0 149776 161297 , 188123 121096 -8086 60206 -21067 -238994 , -2315 29005 -72955 125105 -110045 51178 , -127420 72955 -29005 -125105 124133 -139050 , 102262 -216094 -2986 104264 13675 -137041 , 193760 262628 -262628 0 34420 -228208 , 6.8860997846122419e-09 , 19
0.7576860141682445 , 127917 8086 -121096 -60206 -230908 -142163 , 299138 -11521 11521 0 149776 161297 , 124133 -139050 127420 51178 -110045 125105 , 38543 -251107 251107 0 -184196 66911 , 188123 121096 -8086 60206 -21067 -238994 , 13675 -137041 -102262 229769 -134055 -104264 , -216094 102262 137041 -229769 -2002 2986 , 72955 -127420 139050 -51178 -2315 29005 , 193760 262628 -262628 0 34420 -228208 , 6.8860997846127887e-09 , 20
0.7576860141682445 , 127917 8086 -121096 -60206 -230908 -142163 , 299138 -11521 11521 0 149776 161297 , -124133 139050 -127420 -51178 110045 -125105 , 38543 -251107 251107 0 -184196 66911 , 188123 121096 -8086 60206 -21067 -238994 , -13675 137041 102262 -229769 134055 104264 , 216094 -102262 -137041 229769 2002 -2986 , -72955 127420 -139050 51178 2315 -29005 , 193760 262628 -262628 0 34420 -228208 , 6.8860997846127887e-09 , 21
0.7576860141682445 , 127917 8086 -121096 -60206 -230908 -142163 , 38543 -251107 251107 0 -184196 66911 , 104264 134055 -229769 102262 137041 -13675 , 299138 -11521 11521 0 149776 161297 , 188123 121096 -8086 60206 -21067 -238994 , -125105 110045 -51178 -127420 139050 -124133 , 2315 51178 -110045 127420 -72955 29005 , 2002 229769 -134055 -102262 216094 2986 , 193760 262628 -262628 0 34420 -228208 , 6.8860997846129293e-09 , 22
0.7576860141682445 , 127917 8086 -121096 -60206 -230908 -142163 , 38543 -251107 251107 0 -184196 66911 , -104264 -134055 229769 -102262 -137041 13675 , 299138 -11521 11521 0 149776 161297 , 188123 121096 -8086 60206 -21067 -238994 , 125105 -110045 51178 127420 -139050 124133 , -2315 -51178 110045 -127420 72955 -29005 , -2002 -229769 134055 102262 -216094 -2986 , 193760 262628 -262628 0 34420 -228208 , 6.8860997846129293e-09 , 23
0.7576860141682445 , 127917 8086 -121096 -60206 -230908 -142163 , 299138 -11521 11521 0 149776 161297 , -125105 124133 -139050 2315 51178 -110045 , 38543 -251107 251107 0 -184196 66911 , 188123 121096 -8086 60206 -21067 -238994 , 104264 13675 -137041 2002 229769 -134055 , 102262 137041 -13675 -2002 2986 216094 , -127420 139050 -124133 -2315 29005 -72955 , 193760 262628 -262628 0 34420 -228208 , 6.8860997846129434e-09 , 24
0.7576860141682445 , 127917 8086 -121096 -60206 -230908 -142163 , 299138 -11521 11521 0 149776 161297 , 125105 -124133 139050 -2315 -51178 110045 , 38543 -251107 251107 0 -184196 66911 , 188123 121096 -8086 60206 -21067 -238994 , -104264 -13675 137041 -2002 -229769 134055 , -102262 -137041 13675 2002 -2986 -216094 , 127420 -139050 124133 2315 -29005 72955 , 193760 262628 -262628 0 34420 -228208 , 6.8860997846129434e-09 , 25
0.7576860141682445 , 127917 8086 -121096 -60206 -230908 -142163 , 38543 -251107 251107 0 -184196 66911 , -229769 -2002 2986 -13675 -104264 -134055 , 299138 -11521 11521 0 149776 161297 , 188123 121096 -8086 60206 -21067 -238994 , -51178 -2315 29005 -124133 125105 -110045 , 72955 -29005 2315 124133 -139050 127420 , -216094 -2986 2002 13675 -137041 -102262 , 193760 262628 -262628 0 34420 -228208 , 6.886099784612969e-09 , 26
0.7576860141682445 , 127917 8086 -121096 -60206 -230908 -142163 , 38543 -251107 251107 0 -184196 66911 , 229769 2002 -2986 13675 104264 134055 , 299138 -11521 11521 0 149776 161297 , 188123 121096 -8086 60206 -21067 -238994 , 51178 2315 -29005 124133 -125105 110045 , -72955 29005 -2315 -124133 139050 -127420 , 216094 2986 -2002 -13675 137041 102262 , 193760 262628 -262628 0 34420 -228208 , 6.886099784612969e-09 , 27
0.7576860141682445 , 127917 8086 -121096 -60206 -230908 -142163 , 38543 -251107 251107 0 -184196 66911 , 13675 104264 134055 -216094 102262 137041 , 299138 -11521 11521 0 149776 161297 , 188123 121096 -8086 60206 -21067 -238994 , 124133 -125105 110045 72955 -127420 139050 , 51178 -110045 125105 -72955 29005 -2315 , 229769 -134055 -104264 216094 2986 -2002 , 193760 262628 -262628 0 34420 -228208 , 6.8860997846129814e-09 , 28
0.7576860141682445 , 127917 8086 -121096 -60206 -230908 -142163 , 38543 -251107 251107 0 -184196 66911 , -13675 -104264 -134055 216094 -102262 -137041 , 299138 -11521 11521 0 149776 161297 , 188123 121096 -8086 60206 -21067 -238994 , -124133 125105 -110045 -72955 127420 -139050 , -51178 110045 -125105 72955 -29005 2315 , -229769 134055 104264 -216094 -2986 2002 , 193760 262628 -262628 0 34420 -228208 , 6.8860997846129814e-09 , 29
0.7576860141682445 , 127917 8086 -121096 -60206 -230908 -142163 , 299138 -11521 11521 0 149776 161297 , -127420 72955 -29005 -125105 124133 -139050 , 38543 -251107 251107 0 -184196 66911 , 188123 121096 -8086 60206 -21067 -238994 , 102262 -216094 -2986 104264 13675 -137041 , -2002 2986 216094 -104264 -134055 229769 , -2315 29005 -72955 125105 -110045 51178 , 193760 262628 -262628 0 34420 -228208 , 6.886099784612993e-09 , 30
0.7576860141682445 , 127917 8086 -121096 -60206 -230908 -142163 , 299138 -11521 11521 0 149776 161297 , 127420 -72955 29005 125105 -124133 139050 , 38543 -251107 251107 0 -184196 66911 , 188123 121096 -8086 60206 -21067 -238994 , -102262 216094 2986 -104264 -13675 137041 , 2002 -2986 -216094 104264 134055 -229769 , 2315 -29005 72955 -125105 110045 -51178 , 193760 262628 -262628 0 34420 -228208 , 6.886099784612993e-09 , 31
0.7576860141682445 , 127917 8086 -121096 -60206 -230908 -142163 , 299138 -11521 11521 0 149776 161297 , 72955 -29005 2315 124133 -139050 127420 , 38543 -251107 251107 0 -184196 66911 , 188123 121096 -8086 60206 -21067 -238994 , -216094 -2986 2002 13675 -137041 -102262 , -229769 -2002 2986 -13675 -104264 -134055 , -51178 -2315 29005 -124133 125105 -110045 , 193760 262628 -262628 0 34420 -228208 , 6.8860997846132403e-09 , 32
0.7576860141682445 , 127917 8086 -121096 -60206 -230908 -142163 , 299138 -11521 11521 0 149776 161297 , -72955 29005 -2315 -124133 139050 -127420 , 38543 -251107 251107 0 -184196 66911 , 188123 121096 -8086 60206 -21067 -238994 , 216094 2986 -2002 -13675 137041 102262 , 229769 2002 -2986 13675 104264 134055 , 51178 2315 -29005 124133 -125105 110045 , 193760 262628 -262628 0 34420 -228208 , 6.8860997846132403e-09 , 33
0.7576860141682445 , 127917 8086 -121096 -60206 -230908 -142163 , 299138 -11521 11521 0 149776 161297 , -139050 127420 -72955 -110045 125105 -124133 , 38543 -251107 251107 0 -184196 66911 , 188123 121096 -8086 60206 -21067 -238994 , -137041 -102262 216094 -134055 -104264 -13675 , -2986 -216094 102262 134055 -229769 -2002 , -29005 72955 -127420 110045 -51178 -2315 , 193760 262628 -262628 0 34420 -228208 , 6.8860997846133264e-09 , 34
0.7576860141682445 , 127917 8086 -121096 -60206 -230908 -142163 , 299138 -11521 11521 0 149776 161297 , 139050 -127420 72955 110045 -125105 124133 , 38543 -251107 251107 0 -184196 66911 , 188123 121096 -8086 60206 -21067 -238994 , 137041 102262 -216094 134055 104264 13675 , 2986 216094 -102262 -134055 229769 2002 , 29005 -72955 127420 -110045 51178 2315 , 193760 262628 -262628 0 34420 -228208 , 6.8860997846133264e-09 , 35
0.873503313918098 , 114080 -143916 -172016 17583 -242769 -306754 , 108496 -251463 251463 0 -147265 104198 , -67376 95590 123032 -134547 -46335 146887 , 229185 -11165 11165 0 112845 124010 , 96497 172016 143916 -17583 -134738 -98853 , -133651 231538 -166696 -56175 116341 -70732 , -77476 166696 -231538 56175 95964 -115197 , 67171 -123032 -95590 134547 23855 -141925 , 193760 262628 -262628 0 34420 -228208 , 6.886099784751334e-09 , 0
0.873503313918098 , 114080 -143916 -172016 17583 -242769 -306754 , 108496 -251463 251463 0 -147265 104198 , 67376 -95590 -123032 134547 46335 -146887 , 229185 -11165 11165 0 112845 124010 , 96497 172016 143916 -17583 -134738 -98853 , 133651 -231538 166696 56175 -116341 70732 , 77476 -166696 231538 -56175 -95964 115197 , -67171 123032 95590 -134547 -23855 141925 , 193760 262628 -262628 0 34420 -228208 , 6.886099784751334e-09 , 1
0.873503313918098 , 114080 -143916 -172016 17583 -242769 -306754 , 108496 -251463 251463 0 -147265 104198 , -146887 -67376 95590 -23855 -134547 -46335 , 229185 -11165 11165 0 112845 124010 , 96497 172016 143916 -17583 -134738 -98853 , 70732 -133651 231538 -95964 -56175 116341 , 166696 -231538 133651 95964 -115197 77476 , -123032 -95590 67376 23855 -141925 -67171 , 193760 262628 -262628 0 34420 -228208 , 6.8860997847518799e-09 , 2
0.873503313918098 , 114080 -143916 -172016 17583 -242769 -306754 , 108496 -251463 251463 0 -147265 104198 , 146887 67376 -95590 23855 134547 46335 , 229185 -11165 11165 0 112845 124010 , 96497 172016 143916 -17583 -134738 -98853 , -70732 133651 -231538 95964 56175 -116341 , -166696 231538 -133651 -95964 115197 -77476 , 123032 95590 -67376 -23855 141925 67171 , 193760 262628 -262628 0 34420 -228208 , 6.8860997847518799e-09 , 3
0.873503313918098 , 114080 -143916 -172016 17583 -242769 -306754 , 108496 -251463 251463 0 -147265 104198 , -95590 -123032 67171 46335 -146887 -67376 , 229185 -11165 11165 0 112845 124010 , 96497 172016 143916 -17583 -134738 -98853 , -231538 166696 -77476 -116341 70732 -133651 , -115197 77476 -166696 116341 -56175 -95964 , -141925 -67171 123032 -46335 -134547 -23855 , 193760 262628 -262628 0 34420 -228208 , 6.8860997847524308e-09 , 4
0.873503313918098 , 114080 -143916 -172016 17583 -242769 -306754 , 108496 -251463 251463 0 -147265 104198 , 95590 123032 -67171 -46335 146887 67376 , 229185 -11165 11165 0 112845 124010 , 96497 172016 143916 -17583 -134738 -98853 , 231538 -166696 77476 116341 -70732 133651 , 115197 -77476 166696 -116341 56175 95964 , 141925 67171 -123032 46335 134547 23855 , 193760 262628 -262628 0 34420 -228208 , 6.8860997847524308e-09 , 5
0.873503313918098 , 114080 -143916 -172016 17583 -242769 -306754 , 229185 -11165 11165 0 112845 124010 , 56175 95964 -115197 133651 -70732 116341 , 108496 -251463 251463 0 -147265 104198 , 96497 172016 143916 -17583 -134738 -98853 , 134547 23855 -141925 67376 146887 -46335 , 67171 141925 -23855 -67376 95590 123032 , -77476 115197 -95964 -133651 231538 -166696 , 193760 262628 -262628 0 34420 -228208 , 6.8860997847530223e-09 , 6
0.873503313918098 , 114080 -143916 -172016 17583 -242769 -306754 , 229185 -11165 11165 0 112845 124010 , -56175 -95964 115197 -133651 70732 -116341 , 108496 -251463 251463 0 -147265 104198 , 96497 172016 143916 -17583 -134738 -98853 , -134547 -23855 141925 -67376 -146887 46335 , -67171 -141925 23855 67376 -95590 -123032 , 77476 -115197 95964 133651 -231538 166696 , 193760 262628 -262628 0 34420 -228208 , 6.8860997847530223e-09 , 7
0.873503313918098 , 114080 -143916 -172016 17583 -242769 -306754 , 229185 -11165 11165 0 112845 124010 , 115197 -77476 166696 -116341 56175 95964 , 108496 -251463 251463 0 -147265 104198 , 96497 172016 143916 -17583 -134738 -98853 , 141925 67171 -123032 46335 134547 23855 , 95590 123032 -67171 -46335 146887 67376 , 231538 -166696 77476 116341 -70732 133651 , 193760 262628 -262628 0 34420 -228208 , 6.8860997847534971e-09 , 8
0.873503313918098 , 114080 -143916 -172016 17583 -242769 -306754 , 229185 -11165 11165 0 112845 124010 , -115197 77476 -166696 116341 -56175 -95964 , 108496 -251463 251463 0 -147265 104198 , 96497 172016 143916 -17583 -134738 -98853 , -141925 -67171 123032 -46335 -134547 -23855 , -95590 -123032 67171 46335 -146887 -67376 , -231538 166696 -77476 -116341 70732 -133651 , 193760 262628 -262628 0 34420 -228208 , 6.8860997847534971e-09 , 9
0.873503313918098 , 114080 -143916 -172016 17583 -242769 -306754 , 108496 -251463 251463 0 -147265 104198 , 23855 134547 46335 -123032 67171 141925 , 229185 -11165 11165 0 112845 124010 , 96497 172016 143916 -17583 -134738 -98853 , 95964 56175 -116341 166696 -77476 115197 , -70732 116341 -56175 -166696 231538 -133651 , 146887 -46335 -134547 123032 95590 -67376 , 193760 262628 -262628 0 34420 -228208 , 6.8860997847541051e-09 , 10
0.873503313918098 , 114080 -143916 -172016 17583 -242769 -306754 , 108496 -251463 251463 0 -147265 104198 , -23855 -134547 -46335 123032 -67171 -141925 , 229185 -11165 11165 0 112845 124010 , 96497 172016 143916 -17583 -134738 -98853 , -95964 -56175 116341 -166696 77476 -115197 , 70732 -116341 56175 166696 -231538 133651 , -146887 46335 134547 -123032 -95590 67376 , 193760 262628 -262628 0 34420 -228208 , 6.8860997847541051e-09 , 11
0.873503313918098 , 114080 -143916 -172016 17583 -242769 -306754 , 229185 -11165 11165 0 112845 124010 , -231538 133651 -70732 -115197 77476 -166696 , 108496 -251463 251463 0 -147265 104198 , 96497 172016 143916 -17583 -134738 -98853 , -95590 67376 146887 -141925 -67171 123032 , 46335 -146887 -67376 141925 -23855 -134547 , -116341 70732 -133651 115197 -95964 -56175 , 193760 262628 -262628 0 34420 -228208 , 6.8860997847541233e-09 , 12
0.873503313918098 , 114080 -143916 -172016 17583 -242769 -306754 , 229185 -11165 11165 0 112845 124010 , 231538 -133651 70732 115197 -77476 166696 , 108496 -251463 251463 0 -147265 104198 , 96497 172016 143916 -17583 -134738 -98853 , 95590 -67376 -146887 141925 67171 -123032 , -46335 146887 67376 -141925 23855 134547 , 116341 -70732 133651 -115197 95964 56175 , 193760 262628 -262628 0 34420 -228208 , 6.8860997847541233e-09 , 13
0.873503313918098 , 114080 -143916 -172016 17583 -242769 -306754 , 108496 -251463 251463 0 -147265 104198 , 46335 -146887 -67376 141925 -23855 -134547 , 229185 -11165 11165 0 112845 124010 , 96497 172016 143916 -17583 -134738 -98853 , -116341 70732 -133651 115197 -95964 -56175 , -231538 133651 -70732 -115197 77476 -166696 , -95590 67376 146887 -141925 -67171 123032 , 193760 262628 -262628 0 34420 -228208 , 6.8860997847546361e-09 , 14
0.873503313918098 , 114080 -143916 -172016 17583 -242769 -306754 , 108496 -251463 251463 0 -147265 104198 , -46335 146887 67376 -141925 23855 134547 , 229185 -11165 11165 0 112845 124010 , 96497 172016 143916 -17583 -134738 -98853 , 116341 -70732 133651 -115197 95964 56175 , 231538 -133651 70732 115197 -77476 166696 , 95590 -67376 -146887 141925 67171 -123032 , 193760 262628 -262628 0 34420 -228208 , 6.8860997847546361e-09 , 15
0.873503313918098 , 114080 -143916 -172016 17583 -242769 -306754 , 229185 -11165 11165 0 112845 124010 , 166696 -231538 133651 95964 -115197 77476 , 108496 -251463 251463 0 -147265 104198 , 96497 172016 143916 -17583 -134738 -98853 , -123032 -95590 67376 23855 -141925 -67171 , -146887 -67376 95590 -23855 -134547 -46335 , 70732 -133651 231538 -95964 -56175 116341 , 193760 262628 -262628 0 34420 -228208 , 6.8860997847546882e-09 , 16
0.873503313918098 , 114080 -143916 -172016 17583 -242769 -306754 , 229185 -11165 11165 0 112845 124010 , -166696 231538 -133651 -95964 115197 -77476 , 108496 -251463 251463 0 -147265 104198 , 96497 172016 143916 -17583 -134738 -98853 , 123032 95590 -67376 -23855 141925 67171 , 146887 67376 -95590 23855 134547 46335 , -70732 133651 -231538 95964 56175 -116341 , 193760 262628 -262628 0 34420 -228208 , 6.8860997847546882e-09 , 17
0.873503313918098 , 114080 -143916 -172016 17583 -242769 -306754 , 229185 -11165 11165 0 112845 124010 , -95964 115197 -77476 70732 -116341 56175 , 108496 -251463 251463 0 -147265 104198 , 96497 172016 143916 -17583 -134738 -98853 , -23855 141925 67171 -146887 46335 134547 , 123032 -67171 -141925 146887 67376 -95590 , -166696 77476 -115197 -70732 133651 -231538 , 193760 262628 -262628 0 34420 -228208 , 6.8860997847551854e-09 , 18
0.873503313918098 , 114080 -143916 -172016 17583 -242769 -306754 , 229185 -11165 11165 0 112845 124010 , 95964 -115197 77476 -70732 116341 -56175 , 108496 -251463 251463 0 -147265 104198 , 96497 172016 143916 -17583 -134738 -98853 , 23855 -141925 -67171 146887 -46335 -134547 , -123032 67171 141925 -146887 -67376 95590 , 166696 -77476 115197 70732 -133651 231538 , 193760 262628 -262628 0 34420 -228208 , 6.8860997847551854e-09 , 19
0.873503313918098 , 114080 -143916 -172016 17583 -242769 -306754 , 229185 -11165 11165 0 112845 124010 , -77476 166696 -231538 56175 95964 -115197 , 108496 -251463 251463 0 -147265 104198 , 96497 172016 143916 -17583 -134738 -98853 , 67171 -123032 -95590 134547 23855 -141925 , -67376 95590 123032 -134547 -46335 146887 , -133651 231538 -166696 -56175 116341 -70732 , 193760 262628 -262628 0 34420 -228208 , 6.8860997847551936e-09 , 20
0.873503313918098 , 114080 -143916 -172016 17583 -242769 -306754 , 229185 -11165 11165 0 112845 124010 , 77476 -166696 231538 -56175 -95964 115197 , 108496 -251463 251463 0 -147265 104198 , 96497 172016 143916 -17583 -134738 -98853 , -67171 123032 95590 -134547 -23855 141925 , 67376 -95590 -123032 134547 46335 -146887 , 133651 -231538 166696 56175 -116341 70732 , 193760 262628 -262628 0 34420 -228208 , 6.8860997847551936e-09 , 21
0.873503313918098 , 114080 -143916 -172016 17583 -242769 -306754 , 108496 -251463 251463 0 -147265 104198 , 67171 141925 -23855 -67376 95590 123032 , 229185 -11165 11165 0 112845 124010 , 96497 172016 143916 -17583 -134738 -98853 , -77476 115197 -95964 -133651 231538 -166696 , 56175 95964 -115197 133651 -70732 116341 , 134547 23855 -141925 67376 146887 -46335 , 193760 262628 -262628 0 34420 -228208 , 6.8860997847552408e-09 , 22
0.873503313918098 , 114080 -143916 -172016 17583 -242769 -306754 , 108496 -251463 251463 0 -147265 104198 , -67171 -141925 23855 67376 -95590 -123032 , 229185 -11165 11165 0 112845 124010 , 96497 172016 143916 -17583 -134738 -98853 , 77476 -115197 95964 133651 -231538 166696 , -56175 -95964 115197 -133651 70732 -116341 , -134547 -23855 141925 -67376 -146887 46335 , 193760 262628 -262628 0 34420 -228208 , 6.8860997847552408e-09 , 23
0.873503313918098 , 114080 -143916 -172016 17583 -242769 -306754 , 108496 -251463 251463 0 -147265 104198 , -123032 67171 141925 -146887 -67376 95590 , 229185 -11165 11165 0 112845 124010 , 96497 172016 143916 -17583 -134738 -98853 , 166696 -77476 115197 70732 -133651 231538 , 95964 -115197 77476 -70732 116341 -56175 , 23855 -141925 -67171 146887 -46335 -134547 , 193760 262628 -262628 0 34420 -228208 , 6.886099784755752e-09 , 24
0.873503313918098 , 114080 -143916 -172016 17583 -242769 -306754 , 108496 -251463 251463 0 -147265 104198 , 123032 -67171 -141925 146887 67376 -95590 , 229185 -11165 11165 0 112845 124010 , 96497 172016 143916 -17583 -134738 -98853 , -166696 77476 -115197 -70732 133651 -231538 , -95964 115197 -77476 70732 -116341 56175 , -23855 141925 67171 -146887 46335 134547 , 193760 262628 -262628 0 34420 -228208 , 6.886099784755752e-09 , 25
0.873503313918098 , 114080 -143916 -172016 17583 -242769 -306754 , 229185 -11165 11165 0 112845 124010 , -133651 70732 -116341 -77476 166696 -231538 , 108496 -251463 251463 0 -147265 104198 , 96497 172016 143916 -17583 -134738 -98853 , -67376 -146887 46335 67171 -123032 -95590 , -134547 -46335 146887 -67171 -141925 23855 , -56175 116341 -70732 77476 -115197 95964 , 193760 262628 -262628 0 34420 -228208 , 6.8860997847558074e-09 , 26
0.873503313918098 , 114080 -143916 -172016 17583 -242769 -306754 , 229185 -11165 11165 0 112845 124010 , 133651 -70732 116341 77476 -166696 231538 , 108496 -251463 251463 0 -147265 104198 , 96497 172016 143916 -17583 -134738 -98853 , 67376 146887 -46335 -67171 123032 95590 , 134547 46335 -146887 67171 141925 -23855 , 56175 -116341 70732 -77476 115197 -95964 , 193760 262628 -262628 0 34420 -228208 , 6.8860997847558074e-09 , 27
0.873503313918098 , 114080 -143916 -172016 17583 -242769 -306754 , 108496 -251463 251463 0 -147265 104198 , -134547 -46335 146887 -67171 -141925 23855 , 229185 -11165 11165 0 112845 124010 , 96497 172016 143916 -17583 -134738 -98853 , -56175 116341 -70732 77476 -115197 95964 , -133651 70732 -116341 -77476 166696 -231538 , -67376 -146887 46335 67171 -123032 -95590 , 193760 262628 -262628 0 34420 -228208 , 6.8860997847563037e-09 , 28
0.873503313918098 , 114080 -143916 -172016 17583 -242769 -306754 , 108496 -251463 251463 0 -147265 104198 , 134547 46335 -146887 67171 141925 -23855 , 229185 -11165 11165 0 112845 124010 , 96497 172016 143916 -17583 -134738 -98853 , 56175 -116341 70732 -77476 115197 -95964 , 133651 -70732 116341 77476 -166696 231538 , 67376 146887 -46335 -67171 123032 95590 , 193760 262628 -262628 0 34420 -228208 , 6.8860997847563037e-09 , 29
0.873503313918098 , 114080 -143916 -172016 17583 -242769 -306754 , 229185 -11165 11165 0 112845 124010 , -116341 56175 95964 -231538 133651 -70732 , 108496 -251463 251463 0 -147265 104198 , 96497 172016 143916 -17583 -134738 -98853 , 46335 134547 23855 -95590 67376 146887 , 141925 -23855 -134547 95590 123032 -67171 , 115197 -95964 -56175 231538 -166696 77476 , 193760 262628 -262628 0 34420 -228208 , 6.8860997847563426e-09 , 30
0.873503313918098 , 114080 -143916 -172016 17583 -242769 -306754 , 229185 -11165 11165 0 112845 124010 , 116341 -56175 -95964 231538 -133651 70732 , 108496 -251463 251463 0 -147265 104198 , 96497 172016 143916 -17583 -134738 -98853 , -46335 -134547 -23855 95590 -67376 -146887 , -141925 23855 134547 -95590 -123032 67171 , -115197 95964 56175 -231538 166696 -77476 , 193760 262628 -262628 0 34420 -228208 , 6.8860997847563426e-09 , 31
0.873503313918098 , 114080 -143916 -172016 17583 -242769 -306754 , 108496 -251463 251463 0 -147265 104198 , -141925 23855 134547 -95590 -123032 67171 , 229185 -11165 11165 0 112845 124010 , 96497 172016 143916 -17583 -134738 -98853 , -115197 95964 56175 -231538 166696 -77476 , 116341 -56175 -95964 231538 -133651 70732 , -46335 -134547 -23855 95590 -67376 -146887 , 193760 262628 -262628 0 34420 -228208 , 6.8860997847564435e-09 , 32
0.873503313918098 , 114080 -143916 -172016 17583 -242769 -306754 , 108496 -251463 251463 0 -147265 104198 , 141925 -23855 -134547 95590 123032 -67171 , 229185 -11165 11165 0 112845 124010 , 96497 172016 143916 -17583 -134738 -98853 , 115197 -95964 -56175 231538 -166696 77476 , -116341 56175 95964 -231538 133651 -70732 , 46335 134547 23855 -95590 67376 146887 , 193760 262628 -262628 0 34420 -228208 , 6.8860997847564435e-09 , 33
0.873503313918098 , 114080 -143916 -172016 17583 -242769 -306754 , 229185 -11165 11165 0 112845 124010 , 70732 -116341 56175 166696 -231538 133651 , 108496 -251463 251463 0 -147265 104198 , 96497 172016 143916 -17583 -134738 -98853 , -146887 46335 134547 -123032 -95590 67376 , -23855 -134547 -46335 123032 -67171 -141925 , -95964 -56175 116341 -166696 77476 -115197 , 193760 262628 -262628 0 34420 -228208 , 6.8860997847580259e-09 , 34
0.873503313918098 , 114080 -143916 -172016 17583 -242769 -306754 , 229185 -11165 11165 0 112845 124010 , -70732 116341 -56175 -166696 231538 -133651 , 108496 -251463 251463 0 -147265 104198 , 96497 172016 143916 -17583 -134738 -98853 , 146887 -46335 -134547 123032 95590 -67376 , 23855 134547 46335 -123032 67171 141925 , 95964 56175 -116341 166696 -77476 115197 , 193760 262628 -262628 0 34420 -228208 , 6.8860997847580259e-09 , 35
0.9769554978843751 , 723 51626 -5237 -210941 -311144 -34135 , 155155 -110528 110528 0 -7547 102981 , -170766 130006 -23261 -10891 -112012 37765 , 182526 -152100 152100 0 -26873 125227 , 211664 5237 -51626 210941 -28898 -362770 , -159266 -30085 1062 -40391 -8284 -164041 , -118875 -1062 30085 40391 -165103 21801 , -159875 23261 -130006 10891 61026 -242018 , 193760 262628 -262628 0 34420 -228208 , 6.886099785155348e-09 , 0
0.9769554978843751 , 723 51626 -5237 -210941 -311144 -34135 , 155155 -110528 110528 0 -7547 102981 , 170766 -130006 23261 10891 112012 -37765 , 182526 -152100 152100 0 -26873 125227 , 211664 5237 -51626 210941 -28898 -362770 , 159266 30085 -1062 40391 8284 164041 , 118875 1062 -30085 -40391 165103 -21801 , 159875 -23261 130006 -10891 -61026 242018 , 193760 262628 -262628 0 34420 -228208 , 6.886099785155348e-09 , 1
0.9769554978843751 , 723 51626 -5237 -210941 -311144 -34135 , 182526 -152100 152100 0 -26873 125227 , -165103 21801 118875 -164041 -8284 -40391 , 155155 -110528 110528 0 -7547 102981 , 211664 5237 -51626 210941 -28898 -362770 , 61026 -242018 159875 37765 -112012 -10891 , 23261 -159875 242018 -37765 -170766 130006 , -1062 -118875 -21801 164041 -159266 -30085 , 193760 262628 -262628 0 34420 -228208 , 6.8860997851563862e-09 , 2
0.9769554978843751 , 723 51626 -5237 -210941 -311144 -34135 , 182526 -152100 152100 0 -26873 125227 , 165103 -21801 -118875 164041 8284 40391 , 155155 -110528 110528 0 -7547 102981 , 211664 5237 -51626 210941 -28898 -362770 , -61026 242018 -159875 -37765 112012 10891 , -23261 159875 -242018 37765 170766 -130006 , 1062 118875 21801 -164041 159266 30085 , 193760 262628 -262628 0 34420 -228208 , 6.8860997851563862e-09 , 3
0.9769554978843751 , 723 51626 -5237 -210941 -311144 -34135 , 155155 -110528 110528 0 -7547 102981 , -10891 -112012 37765 159875 -242018 61026 , 182526 -152100 152100 0 -26873 125227 , 211664 5237 -51626 210941 -28898 -362770 , -40391 -8284 -164041 118875 21801 -165103 , -159266 164041 8284 -118875 -1062 30085 , -170766 -37765 112012 -159875 23261 -130006 , 193760 262628 -262628 0 34420 -228208 , 6.8860997851583507e-09 , 4
0.9769554978843751 , 723 51626 -5237 -210941 -311144 -34135 , 155155 -110528 110528 0 -7547 102981 , 10891 112012 -37765 -159875 242018 -61026 , 182526 -152100 152100 0 -26873 125227 , 211664 5237 -51626 210941 -28898 -362770 , 40391 8284 164041 -118875 -21801 165103 , 159266 -164041 -8284 118875 1062 -30085 , 170766 37765 -112012 159875 -23261 130006 , 193760 262628 -262628 0 34420 -228208 , 6.8860997851583507e-09 , 5
0.9769554978843751 , 723 51626 -5237 -210941 -311144 -34135 , 182526 -152100 152100 0 -26873 125227 , -40391 165103 -21801 -159266 164041 8284 , 155155 -110528 110528 0 -7547 102981 , 211664 5237 -51626 210941 -28898 -362770 , -10891 -61026 242018 -170766 -37765 112012 , 159875 -242018 61026 170766 -130006 23261 , 118875 21801 -165103 159266 30085 -1062 , 193760 262628 -262628 0 34420 -228208 , 6.8860997851604675e-09 , 6
0.9769554978843751 , 723 51626 -5237 -210941 -311144 -34135 , 182526 -152100 152100 0 -26873 125227 , 40391 -165103 21801 159266 -164041 -8284 , 155155 -110528 110528 0 -7547 102981 , 211664 5237 -51626 210941 -28898 -362770 , 10891 61026 -242018 170766 37765 -112012 , -159875 242018 -61026 -170766 130006 -23261 , -118875 -21801 165103 -159266 -30085 1062 , 193760 262628 -262628 0 34420 -228208 , 6.8860997851604675e-09 , 7
0.9769554978843751 , 723 51626 -5237 -210941 -311144 -34135 , 155155 -110528 110528 0 -7547 102981 , 37765 170766 -130006 61026 10891 112012 , 182526 -152100 152100 0 -26873 125227 , 211664 5237 -51626 210941 -28898 -362770 , -164041 159266 30085 -165103 40391 8284 , 1062 -30085 -159266 165103 -21801 -118875 , -23261 130006 -170766 -61026 242018 -159875 , 193760 262628 -262628 0 34420 -228208 , 6.8860997851614361e-09 , 8
0.9769554978843751 , 723 51626 -5237 -210941 -311144 -34135 , 155155 -110528 110528 0 -7547 102981 , -37765 -170766 130006 -61026 -10891 -112012 , 182526 -152100 152100 0 -26873 125227 , 211664 5237 -51626 210941 -28898 -362770 , 164041 -159266 -30085 165103 -40391 -8284 , -1062 30085 159266 -165103 21801 118875 , 23261 -130006 170766 61026 -242018 159875 , 193760 262628 -262628 0 34420 -228208 , 6.8860997851614361e-09 , 9
0.9769554978843751 , 723 51626 -5237 -210941 -311144 -34135 , 182526 -152100 152100 0 -26873 125227 , 21801 118875 1062 -8284 -40391 165103 , 155155 -110528 110528 0 -7547 102981 , 211664 5237 -51626 210941 -28898 -362770 , -242018 159875 -23261 -112012 -10891 -61026 , -130006 23261 -159875 112012 -37765 -170766 , 30085 -1062 -118875 8284 164041 -159266 , 193760 262628 -262628 0 34420 -228208 , 6.8860997851624734e-09 , 10
0.9769554978843751 , 723 51626 -5237 -210941 -311144 -34135 , 182526 -152100 152100 0 -26873 125227 , -21801 -118875 -1062 8284 40391 -165103 , 155155 -110528 110528 0 -7547 102981 , 211664 5237 -51626 210941 -28898 -362770 , 242018 -159875 23261 112012 10891 61026 , 130006 -23261 159875 -112012 37765 170766 , -30085 1062 118875 -8284 -164041 159266 , 193760 262628 -262628 0 34420 -228208 , 6.8860997851624734e-09 , 11
0.9769554978843751 , 723 51626 -5237 -210941 -311144 -34135 , 155155 -110528 110528 0 -7547 102981 , -112012 37765 170766 -242018 61026 10891 , 182526 -152100 152100 0 -26873 125227 , 211664 5237 -51626 210941 -28898 -362770 , -8284 -164041 159266 21801 -165103 40391 , -30085 -159266 164041 -21801 -118875 -1062 , 130006 -170766 -37765 242018 -159875 23261 , 193760 262628 -262628 0 34420 -228208 , 6.8860997851634643e-09 , 12
0.9769554978843751 , 723 51626 -5237 -210941 -311144 -34135 , 155155 -110528 110528 0 -7547 102981 , 112012 -37765 -170766 242018 -61026 -10891 , 182526 -152100 152100 0 -26873 125227 , 211664 5237 -51626 210941 -28898 -362770 , 8284 164041 -159266 -21801 165103 -40391 , 30085 159266 -164041 21801 118875 1062 , -130006 170766 37765 -242018 159875 -23261 , 193760 262628 -262628 0 34420 -228208 , 6.8860997851634643e-09 , 13
0.9769554978843751 , 723 51626 -5237 -210941 -311144 -34135 , 155155 -110528 110528 0 -7547 102981 , -159875 242018 -61026 -170766 130006 -23261 , 182526 -152100 152100 0 -26873 125227 , 211664 5237 -51626 210941 -28898 -362770 , -118875 -21801 165103 -159266 -30085 1062 , 40391 -165103 21801 159266 -164041 -8284 , 10891 61026 -242018 170766 37765 -112012 , 193760 262628 -262628 0 34420 -228208 , 6.8860997851635206e-09 , 14
0.9769554978843751 , 723 51626 -5237 -210941 -311144 -34135 , 155155 -110528 110528 0 -7547 102981 , 159875 -242018 61026 170766 -130006 23261 , 182526 -152100 152100 0 -26873 125227 , 211664 5237 -51626 210941 -28898 -362770 , 118875 21801 -165103 159266 30085 -1062 , -40391 165103 -21801 -159266 164041 8284 , -10891 -61026 242018 -170766 -37765 112012 , 193760 262628 -262628 0 34420 -228208 , 6.8860997851635206e-09 , 15
0.9769554978843751 , 723 51626 -5237 -210941 -311144 -34135 , 182526 -152100 152100 0 -26873 125227 , 1062 -30085 -159266 165103 -21801 -118875 , 155155 -110528 110528 0 -7547 102981 , 211664 5237 -51626 210941 -28898 -362770 , -23261 130006 -170766 -61026 242018 -159875 , 37765 170766 -130006 61026 10891 112012 , -164041 159266 30085 -165103 40391 8284 , 193760 262628 -262628 0 34420 -228208 , 6.8860997851644379e-09 , 16
0.9769554978843751 , 723 51626 -5237 -210941 -311144 -34135 , 182526 -152100 152100 0 -26873 125227 , -1062 30085 159266 -165103 21801 118875 , 155155 -110528 110528 0 -7547 102981 , 211664 5237 -51626 210941 -28898 -362770 , 23261 -130006 170766 61026 -242018 159875 , -37765 -170766 130006 -61026 -10891 -112012 , 164041 -159266 -30085 165103 -40391 -8284 , 193760 262628 -262628 0 34420 -228208 , 6.8860997851644379e-09 , 17
0.9769554978843751 , 723 51626 -5237 -210941 -311144 -34135 , 182526 -152100 152100 0 -26873 125227 , -118875 -1062 30085 40391 -165103 21801 , 155155 -110528 110528 0 -7547 102981 , 211664 5237 -51626 210941 -28898 -362770 , -159875 23261 -130006 10891 61026 -242018 , -170766 130006 -23261 -10891 -112012 37765 , -159266 -30085 1062 -40391 -8284 -164041 , 193760 262628 -262628 0 34420 -228208 , 6.8860997851654702e-09 , 18
0.9769554978843751 , 723 51626 -5237 -210941 -311144 -34135 , 182526 -152100 152100 0 -26873 125227 , 118875 1062 -30085 -40391 165103 -21801 , 155155 -110528 110528 0 -7547 102981 , 211664 5237 -51626 210941 -28898 -362770 , 159875 -23261 130006 -10891 -61026 242018 , 170766 -130006 23261 10891 112012 -37765 , 159266 30085 -1062 40391 8284 164041 , 193760 262628 -262628 0 34420 -228208 , 6.8860997851654702e-09 , 19
0.9769554978843751 , 723 51626 -5237 -210941 -311144 -34135 , 182526 -152100 152100 0 -26873 125227 , -30085 -159266 164041 -21801 -118875 -1062 , 155155 -110528 110528 0 -7547 102981 , 211664 5237 -51626 210941 -28898 -362770 , 130006 -170766 -37765 242018 -159875 23261 , -112012 37765 170766 -242018 61026 10891 , -8284 -164041 159266 21801 -165103 40391 , 193760 262628 -262628 0 34420 -228208 , 6.8860997851655191e-09 , 20
0.9769554978843751 , 723 51626 -5237 -210941 -311144 -34135 , 182526 -152100 152100 0 -26873 125227 , 30085 159266 -164041 21801 118875 1062 , 155155 -110528 110528 0 -7547 102981 , 211664 5237 -51626 210941 -28898 -362770 , -130006 170766 37765 -242018 159875 -23261 , 112012 -37765 -170766 242018 -61026 -10891 , 8284 164041 -159266 -21801 165103 -40391 , 193760 262628 -262628 0 34420 -228208 , 6.8860997851655191e-09 , 21
0.9769554978843751 , 723 51626 -5237 -210941 -311144 -34135 , 182526 -152100 152100 0 -26873 125227 , -8284 -40391 165103 -30085 -159266 164041 , 155155 -110528 110528 0 -7547 102981 , 211664 5237 -51626 210941 -28898 -362770 , -112012 -10891 -61026 130006 -170766 -37765 , -242018 61026 10891 -130006 23261 -159875 , 21801 -165103 40391 30085 -1062 -118875 , 193760 262628 -262628 0 34420 -228208 , 6.8860997851655943e-09 , 22
0.9769554978843751 , 723 51626 -5237 -210941 -311144 -34135 , 182526 -152100 152100 0 -26873 125227 , 8284 40391 -165103 30085 159266 -164041 , 155155 -110528 110528 0 -7547 102981 , 211664 5237 -51626 210941 -28898 -362770 , 112012 10891 61026 -130006 170766 37765 , 242018 -61026 -10891 130006 -23261 159875 , -21801 165103 -40391 -30085 1062 118875 , 193760 262628 -262628 0 34420 -228208 , 6.8860997851655943e-09 , 23
0.9769554978843751 , 723 51626 -5237 -210941 -311144 -34135 , 182526 -152100 152100 0 -26873 125227 , -164041 -8284 -40391 1062 -30085 -159266 , 155155 -110528 110528 0 -7547 102981 , 211664 5237 -51626 210941 -28898 -362770 , 37765 -112012 -10891 -23261 130006 -170766 , 61026 10891 112012 23261 -159875 242018 , -165103 40391 8284 -1062 -118875 -21801 , 193760 262628 -262628 0 34420 -228208 , 6.8860997851665878e-09 , 24
0.9769554978843751 , 723 51626 -5237 -210941 -311144 -34135 , 182526 -152100 152100 0 -26873 125227 , 164041 8284 40391 -1062 30085 159266 , 155155 -110528 110528 0 -7547 102981 , 211664 5237 -51626 210941 -28898 -362770 , -37765 112012 10891 23261 -130006 170766 , -61026 -10891 -112012 -23261 159875 -242018 , 165103 -40391 -8284 1062 118875 21801 , 193760 262628 -262628 0 34420 -228208 , 6.8860997851665878e-09 , 25
0.9769554978843751 , 723 51626 -5237 -210941 -311144 -34135 , 155155 -110528 110528 0 -7547 102981 , 130006 -23261 159875 -112012 37765 170766 , 182526 -152100 152100 0 -26873 125227 , 211664 5237 -51626 210941 -28898 -362770 , -30085 1062 118875 -8284 -164041 159266 , -21801 -118875 -1062 8284 40391 -165103 , 242018 -159875 23261 112012 10891 61026 , 193760 262628 -262628 0 34420 -228208 , 6.8860997851666151e-09 , 26
0.9769554978843751 , 723 51626 -5237 -210941 -311144 -34135 , 155155 -110528 110528 0 -7547 102981 , -130006 23261 -159875 112012 -37765 -170766 , 182526 -152100 152100 0 -26873 125227 , 211664 5237 -51626 210941 -28898 -362770 , 30085 -1062 -118875 8284 164041 -159266 , 21801 118875 1062 -8284 -40391 165103 , -242018 159875 -23261 -112012 -10891 -61026 , 193760 262628 -262628 0 34420 -228208 , 6.8860997851666151e-09 , 27
0.9769554978843751 , 723 51626 -5237 -210941 -311144 -34135 , 155155 -110528 110528 0 -7547 102981 , -61026 -10891 -112012 -23261 159875 -242018 , 182526 -152100 152100 0 -26873 125227 , 211664 5237 -51626 210941 -28898 -362770 , 165103 -40391 -8284 1062 118875 21801 , 164041 8284 40391 -1062 30085 159266 , -37765 112012 10891 23261 -130006 170766 , 193760 262628 -262628 0 34420 -228208 , 6.886099785167525e-09 , 28
0.9769554978843751 , 723 51626 -5237 -210941 -311144 -34135 , 155155 -110528 110528 0 -7547 102981 , 61026 10891 112012 23261 -159875 242018 , 182526 -152100 152100 0 -26873 125227 , 211664 5237 -51626 210941 -28898 -362770 , -165103 40391 8284 -1062 -118875 -21801 , -164041 -8284 -40391 1062 -30085 -159266 , 37765 -112012 -10891 -23261 130006 -170766 , 193760 262628 -262628 0 34420 -228208 , 6.886099785167525e-09 , 29
0.9769554978843751 , 723 51626 -5237 -210941 -311144 -34135 , 182526 -152100 152100 0 -26873 125227 , -159266 164041 8284 -118875 -1062 30085 , 155155 -110528 110528 0 -7547 102981 , 211664 5237 -51626 210941 -28898 -362770 , -170766 -37765 112012 -159875 23261 -130006 , -10891 -112012 37765 159875 -242018 61026 , -40391 -8284 -164041 118875 21801 -165103 , 193760 262628 -262628 0 34420 -228208 , 6.8860997851675523e-09 , 30
0.9769554978843751 , 723 51626 -5237 -210941 -311144 -34135 , 182526 -152100 152100 0 -26873 125227 , 159266 -164041 -8284 118875 1062 -30085 , 155155 -110528 110528 0 -7547 102981 , 211664 5237 -51626 210941 -28898 -362770 , 170766 37765 -112012 159875 -23261 130006 , 10891 112012 -37765 -159875 242018 -61026 , 40391 8284 164041 -118875 -21801 165103 , 193760 262628 -262628 0 34420 -228208 , 6.8860997851675523e-09 , 31
0.9769554978843751 , 723 51626 -5237 -210941 -311144 -34135 , 155155 -110528 110528 0 -7547 102981 , -242018 61026 10891 -130006 23261 -159875 , 182526 -152100 152100 0 -26873 125227 , 211664 5237 -51626 210941 -28898 -362770 , 21801 -165103 40391 30085 -1062 -118875 , -8284 -40391 165103 -30085 -159266 164041 , -112012 -10891 -61026 130006 -170766 -37765 , 193760 262628 -262628 0 34420 -228208 , 6.886099785167616e-09 , 32
0.9769554978843751 , 723 51626 -5237 -210941 -311144 -34135 , 155155 -110528 110528 0 -7547 102981 , 242018 -61026 -10891 130006 -23261 159875 , 182526 -152100 152100 0 -26873 125227 , 211664 5237 -51626 210941 -28898 -362770 , -21801 165103 -40391 -30085 1062 118875 , 8284 40391 -165103 30085 159266 -164041 , 112012 10891 61026 -130006 170766 37765 , 193760 262628 -262628 0 34420 -228208 , 6.886099785167616e-09 , 33
0.9769554978843751 , 723 51626 -5237 -210941 -311144 -34135 , 155155 -110528 110528 0 -7547 102981 , -23261 159875 -242018 37765 170766 -130006 , 182526 -152100 152100 0 -26873 125227 , 211664 5237 -51626 210941 -28898 -362770 , 1062 118875 21801 -164041 159266 30085 , 165103 -21801 -118875 164041 8284 40391 , -61026 242018 -159875 -37765 112012 10891 , 193760 262628 -262628 0 34420 -228208 , 6.8860997851716989e-09 , 34
0.9769554978843751 , 723 51626 -5237 -210941 -311144 -34135 , 155155 -110528 110528 0 -7547 102981 , 23261 -159875 242018 -37765 -170766 130006 , 182526 -152100 152100 0 -26873 125227 , 211664 5237 -51626 210941 -28898 -362770 , -1062 -118875 -21801 164041 -159266 -30085 , -165103 21801 118875 -164041 -8284 -40391 , 61026 -242018 159875 37765 -112012 -10891 , 193760 262628 -262628 0 34420 -228208 , 6.8860997851716989e-09 , 35
1.083136794173897 , 127721 -231282 -178761 40444 -272892 -318905 , 153977 -194513 194513 0 -76639 117874 , -145700 -55217 1543 -2240 -46792 -151795 , 183704 -68115 68115 0 42219 110334 , 87277 178761 231282 -40444 -140144 -41610 , 64583 -154622 215550 17773 -201003 174057 , 46810 -215550 154622 -17773 -41493 -46381 , -143460 -1543 55217 2240 -153338 8425 , 193760 262628 -262628 0 34420 -228208 , 6.8860997847585694e-09 , 0
1.083136794173897 , 127721 -231282 -178761 40444 -272892 -318905 , 153977 -194513 194513 0 -76639 117874 , 145700 55217 -1543 2240 46792 151795 , 183704 -68115 68115 0 42219 110334 , 87277 178761 231282 -40444 -140144 -41610 , -64583 154622 -215550 -17773 201003 -174057 , -46810 215550 -154622 17773 41493 46381 , 143460 1543 -55217 -2240 153338 -8425 , 193760 262628 -262628 0 34420 -228208 , 6.8860997847585694e-09 , 1
1.083136794173897 , 127721 -231282 -178761 40444 -272892 -318905 , 183704 -68115 68115 0 42219 110334 , 41493 46381 46810 -174057 201003 -17773 , 153977 -194513 194513 0 -76639 117874 , 87277 178761 231282 -40444 -140144 -41610 , 153338 -8425 -143460 151795 46792 2240 , 1543 143460 8425 -151795 145700 55217 , 215550 -46810 -46381 174057 -64583 154622 , 193760 262628 -262628 0 34420 -228208 , 6.8860997847586388e-09 , 2
1.083136794173897 , 127721 -231282 -178761 40444 -272892 -318905 , 183704 -68115 68115 0 42219 110334 , -41493 -46381 -46810 174057 -201003 17773 , 153977 -194513 194513 0 -76639 117874 , 87277 178761 231282 -40444 -140144 -41610 , -153338 8425 143460 -151795 -46792 -2240 , -1543 -143460 -8425 151795 -145700 -55217 , -215550 46810 46381 -174057 64583 -154622 , 193760 262628 -262628 0 34420 -228208 , 6.8860997847586388e-09 , 3
1.083136794173897 , 127721 -231282 -178761 40444 -272892 -318905 , 183704 -68115 68115 0 42219 110334 , 17773 41493 46381 64583 -174057 201003 , 153977 -194513 194513 0 -76639 117874 , 87277 178761 231282 -40444 -140144 -41610 , -2240 153338 -8425 -145700 151795 46792 , 143460 8425 -153338 145700 55217 -1543 , -46810 -46381 -41493 -64583 154622 -215550 , 193760 262628 -262628 0 34420 -228208 , 6.8860997847602709e-09 , 4
1.083136794173897 , 127721 -231282 -178761 40444 -272892 -318905 , 183704 -68115 68115 0 42219 110334 , -17773 -41493 -46381 -64583 174057 -201003 , 153977 -194513 194513 0 -76639 117874 , 87277 178761 231282 -40444 -140144 -41610 , 2240 -153338 8425 145700 -151795 -46792 , -143460 -8425 153338 -145700 -55217 1543 , 46810 46381 41493 64583 -154622 215550 , 193760 262628 -262628 0 34420 -228208 , 6.8860997847602709e-09 , 5
1.083136794173897 , 127721 -231282 -178761 40444 -272892 -318905 , 153977 -194513 194513 0 -76639 117874 , -46792 -151795 145700 8425 -153338 2240 , 183704 -68115 68115 0 42219 110334 , 87277 178761 231282 -40444 -140144 -41610 , -201003 174057 -64583 -46381 -41493 -17773 , -154622 64583 -174057 46381 46810 -215550 , -55217 -145700 151795 -8425 -143460 -1543 , 193760 262628 -262628 0 34420 -228208 , 6.8860997847603883e-09 , 6
1.083136794173897 , 127721 -231282 -178761 40444 -272892 -318905 , 153977 -194513 194513 0 -76639 117874 , 46792 151795 -145700 -8425 153338 -2240 , 183704 -68115 68115 0 42219 110334 , 87277 178761 231282 -40444 -140144 -41610 , 201003 -174057 64583 46381 41493 17773 , 154622 -64583 174057 -46381 -46810 215550 , 55217 145700 -151795 8425 143460 1543 , 193760 262628 -262628 0 34420 -228208 , 6.8860997847603883e-09 , 7
1.083136794173897 , 127721 -231282 -178761 40444 -272892 -318905 , 183704 -68115 68115 0 42219 110334 , 46381 46810 -215550 201003 -17773 -41493 , 153977 -194513 194513 0 -76639 117874 , 87277 178761 231282 -40444 -140144 -41610 , -8425 -143460 -1543 46792 2240 -153338 , -55217 1543 143460 -46792 -151795 145700 , -154622 215550 -46810 -201003 174057 -64583 , 193760 262628 -262628 0 34420 -228208 , 6.8860997847614661e-09 , 8
1.083136794173897 , 127721 -231282 -178761 40444 -272892 -318905 , 183704 -68115 68115 0 42219 110334 , -46381 -46810 215550 -201003 17773 41493 , 153977 -194513 194513 0 -76639 117874 , 87277 178761 231282 -40444 -140144 -41610 , 8425 143460 1543 -46792 -2240 153338 , 55217 -1543 -143460 46792 151795 -145700 , 154622 -215550 46810 201003 -174057 64583 , 193760 262628 -262628 0 34420 -228208 , 6.8860997847614661e-09 , 9
1.083136794173897 , 127721 -231282 -178761 40444 -272892 -318905 , 153977 -194513 194513 0 -76639 117874 , -151795 145700 55217 -153338 2240 46792 , 183704 -68115 68115 0 42219 110334 , 87277 178761 231282 -40444 -140144 -41610 , 174057 -64583 154622 -41493 -17773 201003 , 215550 -154622 64583 41493 46381 46810 , 1543 -55217 -145700 153338 -8425 -143460 , 193760 262628 -262628 0 34420 -228208 , 6.8860997847625919e-09 , 10
1.083136794173897 , 127721 -231282 -178761 40444 -272892 -318905 , 153977 -194513 194513 0 -76639 117874 , 151795 -145700 -55217 153338 -2240 -46792 , 183704 -68115 68115 0 42219 110334 , 87277 178761 231282 -40444 -140144 -41610 , -174057 64583 -154622 41493 17773 -201003 , -215550 154622 -64583 -41493 -46381 -46810 , -1543 55217 145700 -153338 8425 143460 , 193760 262628 -262628 0 34420 -228208 , 6.8860997847625919e-09 , 11
1.083136794173897 , 127721 -231282 -178761 40444 -272892 -318905 , 153977 -194513 194513 0 -76639 117874 , -55217 1543 143460 -46792 -151795 145700 , 183704 -68115 68115 0 42219 110334 , 87277 178761 231282 -40444 -140144 -41610 , -154622 215550 -46810 -201003 174057 -64583 , 46381 46810 -215550 201003 -17773 -41493 , -8425 -143460 -1543 46792 2240 -153338 , 193760 262628 -262628 0 34420 -228208 , 6.8860997847637219e-09 , 12
1.083136794173897 , 127721 -231282 -178761 40444 -272892 -318905 , 153977 -194513 194513 0 -76639 117874 , 55217 -1543 -143460 46792 151795 -145700 , 183704 -68115 68115 0 42219 110334 , 87277 178761 231282 -40444 -140144 -41610 , 154622 -215550 46810 201003 -174057 64583 , -46381 -46810 215550 -201003 17773 41493 , 8425 143460 1543 -46792 -2240 153338 , 193760 262628 -262628 0 34420 -228208 , 6.8860997847637219e-09 , 13
1.083136794173897 , 127721 -231282 -178761 40444 -272892 -318905 , 183704 -68115 68115 0 42219 110334 , -174057 201003 -17773 -215550 154622 -64583 , 153977 -194513 194513 0 -76639 117874 , 87277 178761 231282 -40444 -140144 -41610 , 151795 46792 2240 -1543 55217 145700 , 153338 -2240 -46792 1543 143460 8425 , 41493 17773 -201003 215550 -46810 -46381 , 193760 262628 -262628 0 34420 -228208 , 6.88609978476375e-09 , 14
1.083136794173897 , 127721 -231282 -178761 40444 -272892 -318905 , 183704 -68115 68115 0 42219 110334 , 174057 -201003 17773 215550 -154622 64583 , 153977 -194513 194513 0 -76639 117874 , 87277 178761 231282 -40444 -140144 -41610 , -151795 -46792 -2240 1543 -55217 -145700 , -153338 2240 46792 -1543 -143460 -8425 , -41493 -17773 201003 -215550 46810 46381 , 193760 262628 -262628 0 34420 -228208 , 6.88609978476375e-09 , 15
1.083136794173897 , 127721 -231282 -178761 40444 -272892 -318905 , 153977 -194513 194513 0 -76639 117874 , -8425 153338 -2240 -55217 1543 143460 , 183704 -68115 68115 0 42219 110334 , 87277 178761 231282 -40444 -140144 -41610 , 46381 41493 17773 -154622 215550 -46810 , 201003 -17773 -41493 154622 -64583 174057 , 46792 2240 -153338 55217 145700 -151795 , 193760 262628 -262628 0 34420 -228208 , 6.8860997847642786e-09 , 16
1.083136794173897 , 127721 -231282 -178761 40444 -272892 -318905 , 153977 -194513 194513 0 -76639 117874 , 8425 -153338 2240 55217 -1543 -143460 , 183704 -68115 68115 0 42219 110334 , 87277 178761 231282 -40444 -140144 -41610 , -46381 -41493 -17773 154622 -215550 46810 , -201003 17773 41493 -154622 64583 -174057 , -46792 -2240 153338 -55217 -145700 151795 , 193760 262628 -262628 0 34420 -228208 , 6.8860997847642786e-09 , 17
1.083136794173897 , 127721 -231282 -178761 40444 -272892 -318905 , 153977 -194513 194513 0 -76639 117874 , -2240 -46792 -151795 143460 8425 -153338 , 183704 -68115 68115 0 42219 110334 , 87277 178761 231282 -40444 -140144 -41610 , 17773 -201003 174057 -46810 -46381 -41493 , 64583 -174057 201003 46810 -215550 154622 , -145700 151795 46792 -143460 -1543 55217 , 193760 262628 -262628 0 34420 -228208 , 6.8860997847642852e-09 , 18
1.083136794173897 , 127721 -231282 -178761 40444 -272892 -318905 , 153977 -194513 194513 0 -76639 117874 , 2240 46792 151795 -143460 -8425 153338 , 183704 -68115 68115 0 42219 110334 , 87277 178761 231282 -40444 -140144 -41610 , -17773 201003 -174057 46810 46381 41493 , -64583 174057 -201003 -46810 215550 -154622 , 145700 -151795 -46792 143460 1543 -55217 , 193760 262628 -262628 0 34420 -228208 , 6.8860997847642852e-09 , 19
1.083136794173897 , 127721 -231282 -178761 40444 -272892 -318905 , 183704 -68115 68115 0 42219 110334 , -46810 215550 -154622 17773 41493 46381 , 153977 -194513 194513 0 -76639 117874 , 87277 178761 231282 -40444 -140144 -41610 , 143460 1543 -55217 -2240 153338 -8425 , 145700 55217 -1543 2240 46792 151795 , -64583 154622 -215550 -17773 201003 -174057 , 193760 262628 -262628 0 34420 -228208 , 6.8860997847648634e-09 , 20
1.083136794173897 , 127721 -231282 -178761 40444 -272892 -318905 , 183704 -68115 68115 0 42219 110334 , 46810 -215550 154622 -17773 -41493 -46381 , 153977 -194513 194513 0 -76639 117874 , 87277 178761 231282 -40444 -140144 -41610 , -143460 -1543 55217 2240 -153338 8425 , -145700 -55217 1543 -2240 -46792 -151795 , 64583 -154622 215550 17773 -201003 174057 , 193760 262628 -262628 0 34420 -228208 , 6.8860997847648634e-09 , 21
1.083136794173897 , 127721 -231282 -178761 40444 -272892 -318905 , 153977 -194513 194513 0 -76639 117874 , 1543 143460 8425 -151795 145700 55217 , 183704 -68115 68115 0 42219 110334 , 87277 178761 231282 -40444 -140144 -41610 , 215550 -46810 -46381 174057 -64583 154622 , 41493 46381 46810 -174057 201003 -17773 , 153338 -8425 -143460 151795 46792 2240 , 193760 262628 -262628 0 34420 -228208 , 6.8860997847654788e-09 , 22
1.083136794173897 , 127721 -231282 -178761 40444 -272892 -318905 , 153977 -194513 194513 0 -76639 117874 , -1543 -143460 -8425 151795 -145700 -55217 , 183704 -68115 68115 0 42219 110334 , 87277 178761 231282 -40444 -140144 -41610 , -215550 46810 46381 -174057 64583 -154622 , -41493 -46381 -46810 174057 -201003 17773 , -153338 8425 143460 -151795 -46792 -2240 , 193760 262628 -262628 0 34420 -228208 , 6.8860997847654788e-09 , 23
1.083136794173897 , 127721 -231282 -178761 40444 -272892 -318905 , 153977 -194513 194513 0 -76639 117874 , -143460 -8425 153338 -145700 -55217 1543 , 183704 -68115 68115 0 42219 110334 , 87277 178761 231282 -40444 -140144 -41610 , 46810 46381 41493 64583 -154622 215550 , -17773 -41493 -46381 -64583 174057 -201003 , 2240 -153338 8425 145700 -151795 -46792 , 193760 262628 -262628 0 34420 -228208 , 6.8860997847655293e-09 , 24
1.083136794173897 , 127721 -231282 -178761 40444 -272892 -318905 , 153977 -194513 194513 0 -76639 117874 , 143460 8425 -153338 145700 55217 -1543 , 183704 -68115 68115 0 42219 110334 , 87277 178761 231282 -40444 -140144 -41610 , -46810 -46381 -41493 -64583 154622 -215550 , 17773 41493 46381 64583 -174057 201003 , -2240 153338 -8425 -145700 151795 46792 , 193760 262628 -262628 0 34420 -228208 , 6.8860997847655293e-09 , 25
1.083136794173897 , 127721 -231282 -178761 40444 -272892 -318905 , 183704 -68115 68115 0 42219 110334 , 64583 -174057 201003 46810 -215550 154622 , 153977 -194513 194513 0 -76639 117874 , 87277 178761 231282 -40444 -140144 -41610 , -145700 151795 46792 -143460 -1543 55217 , -2240 -46792 -151795 143460 8425 -153338 , 17773 -201003 174057 -46810 -46381 -41493 , 193760 262628 -262628 0 34420 -228208 , 6.8860997847655474e-09 , 26
1.083136794173897 , 127721 -231282 -178761 40444 -272892 -318905 , 183704 -68115 68115 0 42219 110334 , -64583 174057 -201003 -46810 215550 -154622 , 153977 -194513 194513 0 -76639 117874 , 87277 178761 231282 -40444 -140144 -41610 , 145700 -151795 -46792 143460 1543 -55217 , 2240 46792 151795 -143460 -8425 153338 , -17773 201003 -174057 46810 46381 41493 , 193760 262628 -262628 0 34420 -228208 , 6.8860997847655474e-09 , 27
1.083136794173897 , 127721 -231282 -178761 40444 -272892 -318905 , 153977 -194513 194513 0 -76639 117874 , -153338 2240 46792 -1543 -143460 -8425 , 183704 -68115 68115 0 42219 110334 , 87277 178761 231282 -40444 -140144 -41610 , -41493 -17773 201003 -215550 46810 46381 , 174057 -201003 17773 215550 -154622 64583 , -151795 -46792 -2240 1543 -55217 -145700 , 193760 262628 -262628 0 34420 -228208 , 6.8860997847660024e-09 , 28
1.083136794173897 , 127721 -231282 -178761 40444 -272892 -318905 , 153977 -194513 194513 0 -76639 117874 , 153338 -2240 -46792 1543 143460 8425 , 183704 -68115 68115 0 42219 110334 , 87277 178761 231282 -40444 -140144 -41610 , 41493 17773 -201003 215550 -46810 -46381 , -174057 201003 -17773 -215550 154622 -64583 , 151795 46792 2240 -1543 55217 145700 , 193760 262628 -262628 0 34420 -228208 , 6.8860997847660024e-09 , 29
1.083136794173897 , 127721 -231282 -178761 40444 -272892 -318905 , 183704 -68115 68115 0 42219 110334 , -215550 154622 -64583 -41493 -46381 -46810 , 153977 -194513 194513 0 -76639 117874 , 87277 178761 231282 -40444 -140144 -41610 , -1543 55217 145700 -153338 8425 143460 , 151795 -145700 -55217 153338 -2240 -46792 , -174057 64583 -154622 41493 17773 -201003 , 193760 262628 -262628 0 34420 -228208 , 6.8860997847660537e-09 , 30
1.083136794173897 , 127721 -231282 -178761 40444 -272892 -318905 , 183704 -68115 68115 0 42219 110334 , 215550 -154622 64583 41493 46381 46810 , 153977 -194513 194513 0 -76639 117874 , 87277 178761 231282 -40444 -140144 -41610 , 1543 -55217 -145700 153338 -8425 -143460 , -151795 145700 55217 -153338 2240 46792 , 174057 -64583 154622 -41493 -17773 201003 , 193760 262628 -262628 0 34420 -228208 , 6.8860997847660537e-09 , 31
1.083136794173897 , 127721 -231282 -178761 40444 -272892 -318905 , 183704 -68115 68115 0 42219 110334 , -201003 17773 41493 -154622 64583 -174057 , 153977 -194513 194513 0 -76639 117874 , 87277 178761 231282 -40444 -140144 -41610 , -46792 -2240 153338 -55217 -145700 151795 , 8425 -153338 2240 55217 -1543 -143460 , -46381 -41493 -17773 154622 -215550 46810 , 193760 262628 -262628 0 34420 -228208 , 6.8860997847660644e-09 , 32
1.083136794173897 , 127721 -231282 -178761 40444 -272892 -318905 , 183704 -68115 68115 0 42219 110334 , 201003 -17773 -41493 154622 -64583 174057 , 153977 -194513 194513 0 -76639 117874 , 87277 178761 231282 -40444 -140144 -41610 , 46792 2240 -153338 55217 145700 -151795 , -8425 153338 -2240 -55217 1543 143460 , 46381 41493 17773 -154622 215550 -46810 , 193760 262628 -262628 0 34420 -228208 , 6.8860997847660644e-09 , 33
1.083136794173897 , 127721 -231282 -178761 40444 -272892 -318905 , 183704 -68115 68115 0 42219 110334 , -154622 64583 -174057 46381 46810 -215550 , 153977 -194513 194513 0 -76639 117874 , 87277 178761 231282 -40444 -140144 -41610 , -55217 -145700 151795 -8425 -143460 -1543 , -46792 -151795 145700 8425 -153338 2240 , -201003 174057 -64583 -46381 -41493 -17773 , 193760 262628 -262628 0 34420 -228208 , 6.886099784767158e-09 , 34
1.083136794173897 , 127721 -231282 -178761 40444 -272892 -318905 , 183704 -68115 68115 0 42219 110334 , 154622 -64583 174057 -46381 -46810 215550 , 153977 -194513 194513 0 -76639 117874 , 87277 178761 231282 -40444 -140144 -41610 , 55217 145700 -151795 8425 143460 1543 , 46792 151795 -145700 -8425 153338 -2240 , 201003 -174057 64583 46381 41493 17773 , 193760 262628 -262628 0 34420 -228208 , 6.886099784767158e-09 , 35
1.1909217607711737 , 33180 114243 -98437 -267276 -170888 -44858 , 182675 -52549 52549 0 54361 106910 , -256266 154525 -53186 -117144 32555 -126795 , 155006 -210079 210079 0 -88781 121298 , 300456 98437 -114243 267276 53579 -285131 , -11793 -81959 -102419 111138 5050 -162475 , -122931 102419 81959 -111138 -60056 87009 , -139122 53186 -154525 117144 -73609 -121970 , 193760 262628 -262628 0 34420 -228208 , 6.8860997845868177e-09 , 0
1.1909217607711737 , 33180 114243 -98437 -267276 -170888 -44858 , 182675 -52549 52549 0 54361 106910 , 256266 -154525 53186 117144 -32555 126795 , 155006 -210079 210079 0 -88781 121298 , 300456 98437 -114243 267276 53579 -285131 , 11793 81959 102419 -111138 -5050 162475 , 122931 -102419 -81959 111138 60056 -87009 , 139122 -53186 154525 -117144 73609 121970 , 193760 262628 -262628 0 34420 -228208 , 6.8860997845868177e-09 , 1
1.1909217607711737 , 33180 114243 -98437 -267276 -170888 -44858 , 182675 -52549 52549 0 54361 106910 , -32555 126795 -256266 121970 73609 -117144 , 155006 -210079 210079 0 -88781 121298 , 300456 98437 -114243 267276 53579 -285131 , -5050 162475 -11793 -87009 60056 111138 , 81959 11793 -162475 87009 122931 -102419 , -154525 256266 -126795 -121970 139122 -53186 , 193760 262628 -262628 0 34420 -228208 , 6.8860997845871006e-09 , 2
1.1909217607711737 , 33180 114243 -98437 -267276 -170888 -44858 , 182675 -52549 52549 0 54361 106910 , 32555 -126795 256266 -121970 -73609 117144 , 155006 -210079 210079 0 -88781 121298 , 300456 98437 -114243 267276 53579 -285131 , 5050 -162475 11793 87009 -60056 -111138 , -81959 -11793 162475 -87009 -122931 102419 , 154525 -256266 126795 121970 -139122 53186 , 193760 262628 -262628 0 34420 -228208 , 6.8860997845871006e-09 , 3
1.1909217607711737 , 33180 114243 -98437 -267276 -170888 -44858 , 155006 -210079 210079 0 -88781 121298 , -5050 -111138 -60056 81959 11793 -162475 , 182675 -52549 52549 0 54361 106910 , 300456 98437 -114243 267276 53579 -285131 , -32555 117144 -73609 -154525 256266 -126795 , 121970 73609 -117144 154525 -53186 139122 , -87009 60056 111138 -81959 -102419 122931 , 193760 262628 -262628 0 34420 -228208 , 6.8860997845871411e-09 , 4
1.1909217607711737 , 33180 114243 -98437 -267276 -170888 -44858 , 155006 -210079 210079 0 -88781 121298 , 5050 111138 60056 -81959 -11793 162475 , 182675 -52549 52549 0 54361 106910 , 300456 98437 -114243 267276 53579 -285131 , 32555 -117144 73609 154525 -256266 126795 , -121970 -73609 117144 -154525 53186 -139122 , 87009 -60056 -111138 81959 102419 -122931 , 193760 262628 -262628 0 34420 -228208 , 6.8860997845871411e-09 , 5
1.1909217607711737 , 33180 114243 -98437 -267276 -170888 -44858 , 182675 -52549 52549 0 54361 106910 , 53186 -139122 121970 126795 -256266 154525 , 155006 -210079 210079 0 -88781 121298 , 300456 98437 -114243 267276 53579 -285131 , 102419 -122931 -87009 162475 -11793 -81959 , -60056 87009 122931 -162475 5050 111138 , -73609 -121970 139122 -126795 32555 -117144 , 193760 262628 -262628 0 34420 -228208 , 6.8860997845872851e-09 , 6
1.1909217607711737 , 33180 114243 -98437 -267276 -170888 -44858 , 182675 -52549 52549 0 54361 106910 , -53186 139122 -121970 -126795 256266 -154525 , 155006 -210079 210079 0 -88781 121298 , 300456 98437 -114243 267276 53579 -285131 , -102419 122931 87009 -162475 11793 81959 , 60056 -87009 -122931 162475 -5050 -111138 , 73609 121970 -139122 126795 -32555 117144 , 193760 262628 -262628 0 34420 -228208 , 6.8860997845872851e-09 , 7
1.1909217607711737 , 33180 114243 -98437 -267276 -170888 -44858 , 155006 -210079 210079 0 -88781 121298 , -87009 -122931 102419 -5050 -111138 -60056 , 182675 -52549 52549 0 54361 106910 , 300456 98437 -114243 267276 53579 -285131 , 121970 -139122 53186 -32555 117144 -73609 , 154525 -53186 139122 32555 -126795 256266 , -81959 -102419 122931 5050 -162475 11793 , 193760 262628 -262628 0 34420 -228208 , 6.8860997845873248e-09 , 8
1.1909217607711737 , 33180 114243 -98437 -267276 -170888 -44858 , 155006 -210079 210079 0 -88781 121298 , 87009 122931 -102419 5050 111138 60056 , 182675 -52549 52549 0 54361 106910 , 300456 98437 -114243 267276 53579 -285131 , -121970 139122 -53186 32555 -117144 73609 , -154525 53186 -139122 -32555 126795 -256266 , 81959 102419 -122931 -5050 162475 -11793 , 193760 262628 -262628 0 34420 -228208 , 6.8860997845873248e-09 , 9
1.1909217607711737 , 33180 114243 -98437 -267276 -170888 -44858 , 155006 -210079 210079 0 -88781 121298 , -60056 87009 122931 -162475 5050 111138 , 182675 -52549 52549 0 54361 106910 , 300456 98437 -114243 267276 53579 -285131 , -73609 -121970 139122 -126795 32555 -117144 , 53186 -139122 121970 126795 -256266 154525 , 102419 -122931 -87009 162475 -11793 -81959 , 193760 262628 -262628 0 34420 -228208 , 6.8860997845874836e-09 , 10
1.1909217607711737 , 33180 114243 -98437 -267276 -170888 -44858 , 155006 -210079 210079 0 -88781 121298 , 60056 -87009 -122931 162475 -5050 -111138 , 182675 -52549 52549 0 54361 106910 , 300456 98437 -114243 267276 53579 -285131 , 73609 121970 -139122 126795 -32555 117144 , -53186 139122 -121970 -126795 256266 -154525 , -102419 122931 87009 -162475 11793 81959 , 193760 262628 -262628 0 34420 -228208 , 6.8860997845874836e-09 , 11
1.1909217607711737 , 33180 114243 -98437 -267276 -170888 -44858 , 155006 -210079 210079 0 -88781 121298 , -111138 -60056 87009 11793 -162475 5050 , 182675 -52549 52549 0 54361 106910 , 300456 98437 -114243 267276 53579 -285131 , 117144 -73609 -121970 256266 -126795 32555 , -139122 121970 73609 -256266 154525 -53186 , -122931 -87009 60056 -11793 -81959 -102419 , 193760 262628 -262628 0 34420 -228208 , 6.8860997845875043e-09 , 12
1.1909217607711737 , 33180 114243 -98437 -267276 -170888 -44858 , 155006 -210079 210079 0 -88781 121298 , 111138 60056 -87009 -11793 162475 -5050 , 182675 -52549 52549 0 54361 106910 , 300456 98437 -114243 267276 53579 -285131 , -117144 73609 121970 -256266 126795 -32555 , 139122 -121970 -73609 256266 -154525 53186 , 122931 87009 -60056 11793 81959 102419 , 193760 262628 -262628 0 34420 -228208 , 6.8860997845875043e-09 , 13
1.1909217607711737 , 33180 114243 -98437 -267276 -170888 -44858 , 155006 -210079 210079 0 -88781 121298 , -162475 5050 111138 -102419 -81959 -11793 , 182675 -52549 52549 0 54361 106910 , 300456 98437 -114243 267276 53579 -285131 , -126795 32555 -117144 -53186 154525 -256266 , -73609 117144 -32555 53186 -139122 121970 , -60056 -111138 -5050 102419 -122931 -87009 , 193760 262628 -262628 0 34420 -228208 , 6.8860997845876325e-09 , 14
1.1909217607711737 , 33180 114243 -98437 -267276 -170888 -44858 , 155006 -210079 210079 0 -88781 121298 , 162475 -5050 -111138 102419 81959 11793 , 182675 -52549 52549 0 54361 106910 , 300456 98437 -114243 267276 53579 -285131 , 126795 -32555 117144 53186 -154525 256266 , 73609 -117144 32555 -53186 139122 -121970 , 60056 111138 5050 -102419 122931 87009 , 193760 262628 -262628 0 34420 -228208 , 6.8860997845876325e-09 , 15
1.1909217607711737 , 33180 114243 -98437 -267276 -170888 -44858 , 155006 -210079 210079 0 -88781 121298 , -122931 102419 81959 -111138 -60056 87009 , 182675 -52549 52549 0 54361 106910 , 300456 98437 -114243 267276 53579 -285131 , -139122 53186 -154525 117144 -73609 -121970 , -256266 154525 -53186 -117144 32555 -126795 , -11793 -81959 -102419 111138 5050 -162475 , 193760 262628 -262628 0 34420 -228208 , 6.8860997845876829e-09 , 16
1.1909217607711737 , 33180 114243 -98437 -267276 -170888 -44858 , 155006 -210079 210079 0 -88781 121298 , 122931 -102419 -81959 111138 60056 -87009 , 182675 -52549 52549 0 54361 106910 , 300456 98437 -114243 267276 53579 -285131 , 139122 -53186 154525 -117144 73609 121970 , 256266 -154525 53186 117144 -32555 126795 , 11793 81959 102419 -111138 -5050 162475 , 193760 262628 -262628 0 34420 -228208 , 6.8860997845876829e-09 , 17
1.1909217607711737 , 33180 114243 -98437 -267276 -170888 -44858 , 182675 -52549 52549 0 54361 106910 , 117144 -32555 126795 -139122 121970 73609 , 155006 -210079 210079 0 -88781 121298 , 300456 98437 -114243 267276 53579 -285131 , -111138 -5050 162475 -122931 -87009 60056 , 11793 -162475 5050 122931 -102419 -81959 , 256266 -126795 32555 139122 -53186 154525 , 193760 262628 -262628 0 34420 -228208 , 6.8860997845878128e-09 , 18
1.1909217607711737 , 33180 114243 -98437 -267276 -170888 -44858 , 182675 -52549 52549 0 54361 106910 , -117144 32555 -126795 139122 -121970 -73609 , 155006 -210079 210079 0 -88781 121298 , 300456 98437 -114243 267276 53579 -285131 , 111138 5050 -162475 122931 87009 -60056 , -11793 162475 -5050 -122931 102419 81959 , -256266 126795 -32555 -139122 53186 -154525 , 193760 262628 -262628 0 34420 -228208 , 6.8860997845878128e-09 , 19
1.1909217607711737 , 33180 114243 -98437 -267276 -170888 -44858 , 182675 -52549 52549 0 54361 106910 , -154525 53186 -139122 -32555 126795 -256266 , 155006 -210079 210079 0 -88781 121298 , 300456 98437 -114243 267276 53579 -285131 , 81959 102419 -122931 -5050 162475 -11793 , 87009 122931 -102419 5050 111138 60056 , -121970 139122 -53186 32555 -117144 73609 , 193760 262628 -262628 0 34420 -228208 , 6.8860997845878467e-09 , 20
1.1909217607711737 , 33180 114243 -98437 -267276 -170888 -44858 , 182675 -52549 52549 0 54361 106910 , 154525 -53186 139122 32555 -126795 256266 , 155006 -210079 210079 0 -88781 121298 , 300456 98437 -114243 267276 53579 -285131 , -81959 -102419 122931 5050 -162475 11793 , -87009 -122931 102419 -5050 -111138 -60056 , 121970 -139122 53186 -32555 117144 -73609 , 193760 262628 -262628 0 34420 -228208 , 6.8860997845878467e-09 , 21
1.1909217607711737 , 33180 114243 -98437 -267276 -170888 -44858 , 155006 -210079 210079 0 -88781 121298 , -11793 162475 -5050 -122931 102419 81959 , 182675 -52549 52549 0 54361 106910 , 300456 98437 -114243 267276 53579 -285131 , -256266 126795 -32555 -139122 53186 -154525 , -117144 32555 -126795 139122 -121970 -73609 , 111138 5050 -162475 122931 87009 -60056 , 193760 262628 -262628 0 34420 -228208 , 6.8860997845879179e-09 , 22
1.1909217607711737 , 33180 114243 -98437 -267276 -170888 -44858 , 155006 -210079 210079 0 -88781 121298 , 11793 -162475 5050 122931 -102419 -81959 , 182675 -52549 52549 0 54361 106910 , 300456 98437 -114243 267276 53579 -285131 , 256266 -126795 32555 139122 -53186 154525 , 117144 -32555 126795 -139122 121970 73609 , -111138 -5050 162475 -122931 -87009 60056 , 193760 262628 -262628 0 34420 -228208 , 6.8860997845879179e-09 , 23
1.1909217607711737 , 33180 114243 -98437 -267276 -170888 -44858 , 182675 -52549 52549 0 54361 106910 , -126795 256266 -154525 -73609 117144 -32555 , 155006 -210079 210079 0 -88781 121298 , 300456 98437 -114243 267276 53579 -285131 , -162475 11793 81959 -60056 -111138 -5050 , -102419 -81959 -11793 60056 -87009 -122931 , -53186 154525 -256266 73609 121970 -139122 , 193760 262628 -262628 0 34420 -228208 , 6.8860997845879369e-09 , 24
1.1909217607711737 , 33180 114243 -98437 -267276 -170888 -44858 , 182675 -52549 52549 0 54361 106910 , 126795 -256266 154525 73609 -117144 32555 , 155006 -210079 210079 0 -88781 121298 , 300456 98437 -114243 267276 53579 -285131 , 162475 -11793 -81959 60056 111138 5050 , 102419 81959 11793 -60056 87009 122931 , 53186 -154525 256266 -73609 -121970 139122 , 193760 262628 -262628 0 34420 -228208 , 6.8860997845879369e-09 , 25
1.1909217607711737 , 33180 114243 -98437 -267276 -170888 -44858 , 155006 -210079 210079 0 -88781 121298 , 102419 81959 11793 -60056 87009 122931 , 182675 -52549 52549 0 54361 106910 , 300456 98437 -114243 267276 53579 -285131 , 53186 -154525 256266 -73609 -121970 139122 , 126795 -256266 154525 73609 -117144 32555 , 162475 -11793 -81959 60056 111138 5050 , 193760 262628 -262628 0 34420 -228208 , 6.8860997845880758e-09 , 26
1.1909217607711737 , 33180 114243 -98437 -267276 -170888 -44858 , 155006 -210079 210079 0 -88781 121298 , -102419 -81959 -11793 60056 -87009 -122931 , 182675 -52549 52549 0 54361 106910 , 300456 98437 -114243 267276 53579 -285131 , -53186 154525 -256266 73609 121970 -139122 , -126795 256266 -154525 -73609 117144 -32555 , -162475 11793 81959 -60056 -111138 -5050 , 193760 262628 -262628 0 34420 -228208 , 6.8860997845880758e-09 , 27
1.1909217607711737 , 33180 114243 -98437 -267276 -170888 -44858 , 182675 -52549 52549 0 54361 106910 , -73609 117144 -32555 53186 -139122 121970 , 155006 -210079 210079 0 -88781 121298 , 300456 98437 -114243 267276 53579 -285131 , -60056 -111138 -5050 102419 -122931 -87009 , -162475 5050 111138 -102419 -81959 -11793 , -126795 32555 -117144 -53186 154525 -256266 , 193760 262628 -262628 0 34420 -228208 , 6.8860997845881247e-09 , 28
1.1909217607711737 , 33180 114243 -98437 -267276 -170888 -44858 , 182675 -52549 52549 0 54361 106910 , 73609 -117144 32555 -53186 139122 -121970 , 155006 -210079 210079 0 -88781 121298 , 300456 98437 -114243 267276 53579 -285131 , 60056 111138 5050 -102419 122931 87009 , 162475 -5050 -111138 102419 81959 11793 , 126795 -32555 117144 53186 -154525 256266 , 193760 262628 -262628 0 34420 -228208 , 6.8860997845881247e-09 , 29
1.1909217607711737 , 33180 114243 -98437 -267276 -170888 -44858 , 182675 -52549 52549 0 54361 106910 , -121970 -73609 117144 -154525 53186 -139122 , 155006 -210079 210079 0 -88781 121298 , 300456 98437 -114243 267276 53579 -285131 , 87009 -60056 -111138 81959 102419 -122931 , 5050 111138 60056 -81959 -11793 162475 , 32555 -117144 73609 154525 -256266 126795 , 193760 262628 -262628 0 34420 -228208 , 6.8860997845881908e-09 , 30
1.1909217607711737 , 33180 114243 -98437 -267276 -170888 -44858 , 182675 -52549 52549 0 54361 106910 , 121970 73609 -117144 154525 -53186 139122 , 155006 -210079 210079 0 -88781 121298 , 300456 98437 -114243 267276 53579 -285131 , -87009 60056 111138 -81959 -102419 122931 , -5050 -111138 -60056 81959 11793 -162475 , -32555 117144 -73609 -154525 256266 -126795 , 193760 262628 -262628 0 34420 -228208 , 6.8860997845881908e-09 , 31
1.1909217607711737 , 33180 114243 -98437 -267276 -170888 -44858 , 182675 -52549 52549 0 54361 106910 , -139122 121970 73609 -256266 154525 -53186 , 155006 -210079 210079 0 -88781 121298 , 300456 98437 -114243 267276 53579 -285131 , -122931 -87009 60056 -11793 -81959 -102419 , -111138 -60056 87009 11793 -162475 5050 , 117144 -73609 -121970 256266 -126795 32555 , 193760 262628 -262628 0 34420 -228208 , 6.8860997845882711e-09 , 32
1.1909217607711737 , 33180 114243 -98437 -267276 -170888 -44858 , 182675 -52549 52549 0 54361 106910 , 139122 -121970 -73609 256266 -154525 53186 , 155006 -210079 210079 0 -88781 121298 , 300456 98437 -114243 267276 53579 -285131 , 122931 87009 -60056 11793 81959 102419 , 111138 60056 -87009 -11793 162475 -5050 , -117144 73609 121970 -256266 126795 -32555 , 193760 262628 -262628 0 34420 -228208 , 6.8860997845882711e-09 , 33
1.1909217607711737 , 33180 114243 -98437 -267276 -170888 -44858 , 155006 -210079 210079 0 -88781 121298 , -81959 -11793 162475 -87009 -122931 102419 , 182675 -52549 52549 0 54361 106910 , 300456 98437 -114243 267276 53579 -285131 , 154525 -256266 126795 121970 -139122 53186 , 32555 -126795 256266 -121970 -73609 117144 , 5050 -162475 11793 87009 -60056 -111138 , 193760 262628 -262628 0 34420 -228208 , 6.8860997845884464e-09 , 34
1.1909217607711737 , 33180 114243 -98437 -267276 -170888 -44858 , 155006 -210079 210079 0 -88781 121298 , 81959 11793 -162475 87009 122931 -102419 , 182675 -52549 52549 0 54361 106910 , 300456 98437 -114243 267276 53579 -285131 , -154525 256266 -126795 -121970 139122 -53186 , -32555 126795 -256266 121970 73609 -117144 , -5050 162475 -11793 -87009 60056 111138 , 193760 262628 -262628 0 34420 -228208 , 6.8860997845884464e-09 , 35
1.3026108647185812 , -6088 119355 -115799 -301182 -145167 -74932 , 113098 -177057 177057 0 -84160 92897 , -94493 -7937 -168776 87641 47062 -231911 , 224583 -85571 85571 0 49740 135311 , 295094 115799 -119355 301182 40867 -264522 , 493 155726 -184344 53749 83420 -18611 , -53256 184344 -155726 -53749 165733 -72306 , -182134 168776 7937 -87641 -63135 54999 , 193760 262628 -262628 0 34420 -228208 , 6.8860997858654694e-09 , 0
1.3026108647185812 , -6088 119355 -115799 -301182 -145167 -74932 , 113098 -177057 177057 0 -84160 92897 , 94493 7937 168776 -87641 -47062 231911 , 224583 -85571 85571 0 49740 135311 , 295094 115799 -119355 301182 40867 -264522 , -493 -155726 184344 -53749 -83420 18611 , 53256 -184344 155726 53749 -165733 72306 , 182134 -168776 -7937 87641 63135 -54999 , 193760 262628 -262628 0 34420 -228208 , 6.8860997858654694e-09 , 1
1.3026108647185812 , -6088 119355 -115799 -301182 -145167 -74932 , 224583 -85571 85571 0 49740 135311 , 83420 53749 -165733 155726 493 18611 , 113098 -177057 177057 0 -84160 92897 , 295094 115799 -119355 301182 40867 -264522 , 47062 87641 63135 -7937 -94493 231911 , 54999 -63135 -87641 7937 168776 -182134 , -72306 165733 -53749 -155726 184344 -53256 , 193760 262628 -262628 0 34420 -228208 , 6.8860997858685051e-09 , 2
1.3026108647185812 , -6088 119355 -115799 -301182 -145167 -74932 , 224583 -85571 85571 0 49740 135311 , -83420 -53749 165733 -155726 -493 -18611 , 113098 -177057 177057 0 -84160 92897 , 295094 115799 -119355 301182 40867 -264522 , -47062 -87641 -63135 7937 94493 -231911 , -54999 63135 87641 -7937 -168776 182134 , 72306 -165733 53749 155726 -184344 53256 , 193760 262628 -262628 0 34420 -228208 , 6.8860997858685051e-09 , 3
1.3026108647185812 , -6088 119355 -115799 -301182 -145167 -74932 , 224583 -85571 85571 0 49740 135311 , 53749 -165733 72306 493 18611 -83420 , 113098 -177057 177057 0 -84160 92897 , 295094 115799 -119355 301182 40867 -264522 , 87641 63135 -54999 -94493 231911 -47062 , 182134 54999 -63135 94493 7937 168776 , 53256 -72306 165733 -493 -155726 184344 , 193760 262628 -262628 0 34420 -228208 , 6.88609978587155e-09 , 4
1.3026108647185812 , -6088 119355 -115799 -301182 -145167 -74932 , 224583 -85571 85571 0 49740 135311 , -53749 165733 -72306 -493 -18611 83420 , 113098 -177057 177057 0 -84160 92897 , 295094 115799 -119355 301182 40867 -264522 , -87641 -63135 54999 94493 -231911 47062 , -182134 -54999 63135 -94493 -7937 -168776 , -53256 72306 -165733 493 155726 -184344 , 193760 262628 -262628 0 34420 -228208 , 6.88609978587155e-09 , 5
1.3026108647185812 , -6088 119355 -115799 -301182 -145167 -74932 , 224583 -85571 85571 0 49740 135311 , -493 -18611 83420 53256 -184344 155726 , 113098 -177057 177057 0 -84160 92897 , 295094 115799 -119355 301182 40867 -264522 , 94493 -231911 47062 182134 -168776 -7937 , -87641 -47062 231911 -182134 -54999 63135 , -53749 -83420 18611 -53256 72306 -165733 , 193760 262628 -262628 0 34420 -228208 , 6.886099785873163e-09 , 6
1.3026108647185812 , -6088 119355 -115799 -301182 -145167 -74932 , 224583 -85571 85571 0 49740 135311 , 493 18611 -83420 -53256 184344 -155726 , 113098 -177057 177057 0 -84160 92897 , 295094 115799 -119355 301182 40867 -264522 , -94493 231911 -47062 -182134 168776 7937 , 87641 47062 -231911 182134 54999 -63135 , 53749 83420 -18611 53256 -72306 165733 , 193760 262628 -262628 0 34420 -228208 , 6.886099785873163e-09 , 7
1.3026108647185812 , -6088 119355 -115799 -301182 -145167 -74932 , 224583 -85571 85571 0 49740 135311 , -18611 83420 53749 -184344 155726 493 , 113098 -177057 177057 0 -84160 92897 , 295094 115799 -119355 301182 40867 -264522 , -231911 47062 87641 -168776 -7937 -94493 , -63135 -87641 -47062 168776 -182134 -54999 , 165733 -53749 -83420 184344 -53256 72306 , 193760 262628 -262628 0 34420 -228208 , 6.8860997858761532e-09 , 8
1.3026108647185812 , -6088 119355 -115799 -301182 -145167 -74932 , 224583 -85571 85571 0 49740 135311 , 18611 -83420 -53749 184344 -155726 -493 , 113098 -177057 177057 0 -84160 92897 , 295094 115799 -119355 301182 40867 -264522 , 231911 -47062 -87641 168776 7937 94493 , 63135 87641 47062 -168776 182134 54999 , -165733 53749 83420 -184344 53256 -72306 , 193760 262628 -262628 0 34420 -228208 , 6.8860997858761532e-09 , 9
1.3026108647185812 , -6088 119355 -115799 -301182 -145167 -74932 , 113098 -177057 177057 0 -84160 92897 , -168776 182134 54999 -231911 94493 7937 , 224583 -85571 85571 0 49740 135311 , 295094 115799 -119355 301182 40867 -264522 , -184344 53256 -72306 -18611 -493 -155726 , -165733 72306 -53256 18611 -83420 -53749 , 63135 -54999 -182134 231911 -47062 -87641 , 193760 262628 -262628 0 34420 -228208 , 6.8860997858762401e-09 , 10
1.3026108647185812 , -6088 119355 -115799 -301182 -145167 -74932 , 113098 -177057 177057 0 -84160 92897 , 168776 -182134 -54999 231911 -94493 -7937 , 224583 -85571 85571 0 49740 135311 , 295094 115799 -119355 301182 40867 -264522 , 184344 -53256 72306 18611 493 155726 , 165733 -72306 53256 -18611 83420 53749 , -63135 54999 182134 -231911 47062 87641 , 193760 262628 -262628 0 34420 -228208 , 6.8860997858762401e-09 , 11
1.3026108647185812 , -6088 119355 -115799 -301182 -145167 -74932 , 113098 -177057 177057 0 -84160 92897 , -182134 -54999 63135 -94493 -7937 -168776 , 224583 -85571 85571 0 49740 135311 , 295094 115799 -119355 301182 40867 -264522 , -53256 72306 -165733 493 155726 -184344 , -53749 165733 -72306 -493 -18611 83420 , -87641 -63135 54999 94493 -231911 47062 , 193760 262628 -262628 0 34420 -228208 , 6.8860997858778365e-09 , 12
1.3026108647185812 , -6088 119355 -115799 -301182 -145167 -74932 , 113098 -177057 177057 0 -84160 92897 , 182134 54999 -63135 94493 7937 168776 , 224583 -85571 85571 0 49740 135311 , 295094 115799 -119355 301182 40867 -264522 , 53256 -72306 165733 -493 -155726 184344 , 53749 -165733 72306 493 18611 -83420 , 87641 63135 -54999 -94493 231911 -47062 , 193760 262628 -262628 0 34420 -228208 , 6.8860997858778365e-09 , 13
1.3026108647185812 , -6088 119355 -115799 -301182 -145167 -74932 , 113098 -177057 177057 0 -84160 92897 , -54999 63135 87641 -7937 -168776 182134 , 224583 -85571 85571 0 49740 135311 , 295094 115799 -119355 301182 40867 -264522 , 72306 -165733 53749 155726 -184344 53256 , -83420 -53749 165733 -155726 -493 -18611 , -47062 -87641 -63135 7937 94493 -231911 , 193760 262628 -262628 0 34420 -228208 , 6.8860997858792287e-09 , 14
1.3026108647185812 , -6088 119355 -115799 -301182 -145167 -74932 , 113098 -177057 177057 0 -84160 92897 , 54999 -63135 -87641 7937 168776 -182134 , 224583 -85571 85571 0 49740 135311 , 295094 115799 -119355 301182 40867 -264522 , -72306 165733 -53749 -155726 184344 -53256 , 83420 53749 -165733 155726 493 18611 , 47062 87641 63135 -7937 -94493 231911 , 193760 262628 -262628 0 34420 -228208 , 6.8860997858792287e-09 , 15
1.3026108647185812 , -6088 119355 -115799 -301182 -145167 -74932 , 224583 -85571 85571 0 49740 135311 , -165733 72306 -53256 18611 -83420 -53749 , 113098 -177057 177057 0 -84160 92897 , 295094 115799 -119355 301182 40867 -264522 , 63135 -54999 -182134 231911 -47062 -87641 , -168776 182134 54999 -231911 94493 7937 , -184344 53256 -72306 -18611 -493 -155726 , 193760 262628 -262628 0 34420 -228208 , 6.8860997858806862e-09 , 16
1.3026108647185812 , -6088 119355 -115799 -301182 -145167 -74932 , 224583 -85571 85571 0 49740 135311 , 165733 -72306 53256 -18611 83420 53749 , 113098 -177057 177057 0 -84160 92897 , 295094 115799 -119355 301182 40867 -264522 , -63135 54999 182134 -231911 47062 87641 , 168776 -182134 -54999 231911 -94493 -7937 , 184344 -53256 72306 18611 493 155726 , 193760 262628 -262628 0 34420 -228208 , 6.8860997858806862e-09 , 17
1.3026108647185812 , -6088 119355 -115799 -301182 -145167 -74932 , 224583 -85571 85571 0 49740 135311 , 155726 493 18611 72306 -53256 184344 , 113098 -177057 177057 0 -84160 92897 , 295094 115799 -119355 301182 40867 -264522 , -7937 -94493 231911 -54999 -182134 168776 , 47062 -231911 94493 54999 -63135 -87641 , 83420 -18611 -493 -72306 165733 -53749 , 193760 262628 -262628 0 34420 -228208 , 6.8860997858807813e-09 , 18
1.3026108647185812 , -6088 119355 -115799 -301182 -145167 -74932 , 224583 -85571 85571 0 49740 135311 , -155726 -493 -18611 -72306 53256 -184344 , 113098 -177057 177057 0 -84160 92897 , 295094 115799 -119355 301182 40867 -264522 , 7937 94493 -231911 54999 182134 -168776 , -47062 231911 -94493 -54999 63135 87641 , -83420 18611 493 72306 -165733 53749 , 193760 262628 -262628 0 34420 -228208 , 6.8860997858807813e-09 , 19
1.3026108647185812 , -6088 119355 -115799 -301182 -145167 -74932 , 113098 -177057 177057 0 -84160 92897 , -7937 -168776 182134 47062 -231911 94493 , 224583 -85571 85571 0 49740 135311 , 295094 115799 -119355 301182 40867 -264522 , 155726 -184344 53256 83420 -18611 -493 , 72306 -53256 184344 -83420 -53749 165733 , -54999 -182134 168776 -47062 -87641 -63135 , 193760 262628 -262628 0 34420 -228208 , 6.8860997858822165e-09 , 20
1.3026108647185812 , -6088 119355 -115799 -301182 -145167 -74932 , 113098 -177057 177057 0 -84160 92897 , 7937 168776 -182134 -47062 231911 -94493 , 224583 -85571 85571 0 49740 135311 , 295094 115799 -119355 301182 40867 -264522 , -155726 184344 -53256 -83420 18611 493 , -72306 53256 -184344 83420 53749 -165733 , 54999 182134 -168776 47062 87641 63135 , 193760 262628 -262628 0 34420 -228208 , 6.8860997858822165e-09 , 21
1.3026108647185812 , -6088 119355 -115799 -301182 -145167 -74932 , 113098 -177057 177057 0 -84160 92897 , 87641 47062 -231911 182134 54999 -63135 , 224583 -85571 85571 0 49740 135311 , 295094 115799 -119355 301182 40867 -264522 , 53749 83420 -18611 53256 -72306 165733 , 493 18611 -83420 -53256 184344 -155726 , -94493 231911 -47062 -182134 168776 7937 , 193760 262628 -262628 0 34420 -228208 , 6.8860997858822404e-09 , 22
1.3026108647185812 , -6088 119355 -115799 -301182 -145167 -74932 , 113098 -177057 177057 0 -84160 92897 , -87641 -47062 231911 -182134 -54999 63135 , 224583 -85571 85571 0 49740 135311 , 295094 115799 -119355 301182 40867 -264522 , -53749 -83420 18611 -53256 72306 -165733 , -493 -18611 83420 53256 -184344 155726 , 94493 -231911 47062 182134 -168776 -7937 , 193760 262628 -262628 0 34420 -228208 , 6.8860997858822404e-09 , 23
1.3026108647185812 , -6088 119355 -115799 -301182 -145167 -74932 , 224583 -85571 85571 0 49740 135311 , 72306 -53256 184344 -83420 -53749 165733 , 113098 -177057 177057 0 -84160 92897 , 295094 115799 -119355 301182 40867 -264522 , -54999 -182134 168776 -47062 -87641 -63135 , -7937 -168776 182134 47062 -231911 94493 , 155726 -184344 53256 83420 -18611 -493 , 193760 262628 -262628 0 34420 -228208 , 6.8860997858822984e-09 , 24
1.3026108647185812 , -6088 119355 -115799 -301182 -145167 -74932 , 224583 -85571 85571 0 49740 135311 , -72306 53256 -184344 83420 53749 -165733 , 113098 -177057 177057 0 -84160 92897 , 295094 115799 -119355 301182 40867 -264522 , 54999 182134 -168776 47062 87641 63135 , 7937 168776 -182134 -47062 231911 -94493 , -155726 184344 -53256 -83420 18611 493 , 193760 262628 -262628 0 34420 -228208 , 6.8860997858822984e-09 , 25
1.3026108647185812 , -6088 119355 -115799 -301182 -145167 -74932 , 113098 -177057 177057 0 -84160 92897 , -47062 231911 -94493 -54999 63135 87641 , 224583 -85571 85571 0 49740 135311 , 295094 115799 -119355 301182 40867 -264522 , -83420 18611 493 72306 -165733 53749 , -155726 -493 -18611 -72306 53256 -184344 , 7937 94493 -231911 54999 182134 -168776 , 193760 262628 -262628 0 34420 -228208 , 6.8860997858837749e-09 , 26
1.3026108647185812 , -6088 119355 -115799 -301182 -145167 -74932 , 113098 -177057 177057 0 -84160 92897 , 47062 -231911 94493 54999 -63135 -87641 , 224583 -85571 85571 0 49740 135311 , 295094 115799 -119355 301182 40867 -264522 , 83420 -18611 -493 -72306 165733 -53749 , 155726 493 18611 72306 -53256 184344 , -7937 -94493 231911 -54999 -182134 168776 , 193760 262628 -262628 0 34420 -228208 , 6.8860997858837749e-09 , 27
1.3026108647185812 , -6088 119355 -115799 -301182 -145167 -74932 , 113098 -177057 177057 0 -84160 92897 , -231911 94493 7937 -63135 -87641 -47062 , 224583 -85571 85571 0 49740 135311 , 295094 115799 -119355 301182 40867 -264522 , -18611 -493 -155726 165733 -53749 -83420 , -184344 155726 493 -165733 72306 -53256 , -168776 -7937 -94493 63135 -54999 -182134 , 193760 262628 -262628 0 34420 -228208 , 6.8860997858852836e-09 , 28
1.3026108647185812 , -6088 119355 -115799 -301182 -145167 -74932 , 113098 -177057 177057 0 -84160 92897 , 231911 -94493 -7937 63135 87641 47062 , 224583 -85571 85571 0 49740 135311 , 295094 115799 -119355 301182 40867 -264522 , 18611 493 155726 -165733 53749 83420 , 184344 -155726 -493 165733 -72306 53256 , 168776 7937 94493 -63135 54999 182134 , 193760 262628 -262628 0 34420 -228208 , 6.8860997858852836e-09 , 29
1.3026108647185812 , -6088 119355 -115799 -301182 -145167 -74932 , 224583 -85571 85571 0 49740 135311 , 53256 -184344 155726 53749 -165733 72306 , 113098 -177057 177057 0 -84160 92897 , 295094 115799 -119355 301182 40867 -264522 , 182134 -168776 -7937 87641 63135 -54999 , 94493 7937 168776 -87641 -47062 231911 , -493 -155726 184344 -53749 -83420 18611 , 193760 262628 -262628 0 34420 -228208 , 6.8860997858868321e-09 , 30
1.3026108647185812 , -6088 119355 -115799 -301182 -145167 -74932 , 224583 -85571 85571 0 49740 135311 , -53256 184344 -155726 -53749 165733 -72306 , 113098 -177057 177057 0 -84160 92897 , 295094 115799 -119355 301182 40867 -264522 , -182134 168776 7937 -87641 -63135 54999 , -94493 -7937 -168776 87641 47062 -231911 , 493 155726 -184344 53749 83420 -18611 , 193760 262628 -262628 0 34420 -228208 , 6.8860997858868321e-09 , 31
1.3026108647185812 , -6088 119355 -115799 -301182 -145167 -74932 , 113098 -177057 177057 0 -84160 92897 , 63135 87641 47062 -168776 182134 54999 , 224583 -85571 85571 0 49740 135311 , 295094 115799 -119355 301182 40867 -264522 , -165733 53749 83420 -184344 53256 -72306 , 18611 -83420 -53749 184344 -155726 -493 , 231911 -47062 -87641 168776 7937 94493 , 193760 262628 -262628 0 34420 -228208 , 6.8860997858868586e-09 , 32
1.3026108647185812 , -6088 119355 -115799 -301182 -145167 -74932 , 113098 -177057 177057 0 -84160 92897 , -63135 -87641 -47062 168776 -182134 -54999 , 224583 -85571 85571 0 49740 135311 , 295094 115799 -119355 301182 40867 -264522 , 165733 -53749 -83420 184344 -53256 72306 , -18611 83420 53749 -184344 155726 493 , -231911 47062 87641 -168776 -7937 -94493 , 193760 262628 -262628 0 34420 -228208 , 6.8860997858868586e-09 , 33
1.3026108647185812 , -6088 119355 -115799 -301182 -145167 -74932 , 224583 -85571 85571 0 49740 135311 , -184344 155726 493 -165733 72306 -53256 , 113098 -177057 177057 0 -84160 92897 , 295094 115799 -119355 301182 40867 -264522 , -168776 -7937 -94493 63135 -54999 -182134 , -231911 94493 7937 -63135 -87641 -47062 , -18611 -493 -155726 165733 -53749 -83420 , 193760 262628 -262628 0 34420 -228208 , 6.8860997858884311e-09 , 34
1.3026108647185812 , -6088 119355 -115799 -301182 -145167 -74932 , 224583 -85571 85571 0 49740 135311 , 184344 -155726 -493 165733 -72306 53256 , 113098 -177057 177057 0 -84160 92897 , 295094 115799 -119355 301182 40867 -264522 , 168776 7937 94493 -63135 54999 182134 , 231911 -94493 -7937 63135 87641 47062 , 18611 493 155726 -165733 53749 83420 , 193760 262628 -262628 0 34420 -228208 , 6.8860997858884311e-09 , 35
1.4096996328540004 , -9105 -233037 -96646 -99162 -317482 -278060 , 207988 -62989 62989 0 59319 122308 , 66345 -98393 225891 -86412 -84296 162410 , 129693 -199639 199639 0 -93739 105900 , 90057 96646 233037 99162 -181414 -84445 , -136391 186876 32746 -182457 63415 46918 , 46066 -32746 -186876 182457 14172 -123461 , 152757 -225891 98393 86412 -63481 14097 , 193760 262628 -262628 0 34420 -228208 , 6.8860997854444617e-09 , 0
1.4096996328540004 , -9105 -233037 -96646 -99162 -317482 -278060 , 207988 -62989 62989 0 59319 122308 , -66345 98393 -225891 86412 84296 -162410 , 129693 -199639 199639 0 -93739 105900 , 90057 96646 233037 99162 -181414 -84445 , 136391 -186876 -32746 182457 -63415 -46918 , -46066 32746 186876 -182457 -14172 123461 , -152757 225891 -98393 -86412 63481 -14097 , 193760 262628 -262628 0 34420 -228208 , 6.8860997854444617e-09 , 1
1.4096996328540004 , -9105 -233037 -96646 -99162 -317482 -278060 , 207988 -62989 62989 0 59319 122308 , -225891 152757 -14097 -162410 66345 -98393 , 129693 -199639 199639 0 -93739 105900 , 90057 96646 233037 99162 -181414 -84445 , -32746 46066 123461 -46918 -136391 186876 , 14172 -123461 -46066 46918 63415 -182457 , -63481 14097 -152757 162410 -84296 -86412 , 193760 262628 -262628 0 34420 -228208 , 6.886099785445743e-09 , 2
1.4096996328540004 , -9105 -233037 -96646 -99162 -317482 -278060 , 207988 -62989 62989 0 59319 122308 , 225891 -152757 14097 162410 -66345 98393 , 129693 -199639 199639 0 -93739 105900 , 90057 96646 233037 99162 -181414 -84445 , 32746 -46066 -123461 46918 136391 -186876 , -14172 123461 46066 -46918 -63415 182457 , 63481 -14097 152757 -162410 84296 86412 , 193760 262628 -262628 0 34420 -228208 , 6.886099785445743e-09 , 3
1.4096996328540004 , -9105 -233037 -96646 -99162 -317482 -278060 , 129693 -199639 199639 0 -93739 105900 , -182457 -14172 123461 -136391 -46918 -63415 , 207988 -62989 62989 0 59319 122308 , 90057 96646 233037 99162 -181414 -84445 , -86412 63481 -14097 66345 -162410 84296 , -152757 14097 -63481 -66345 98393 -225891 , -46066 -123461 14172 136391 -186876 -32746 , 193760 262628 -262628 0 34420 -228208 , 6.8860997854469904e-09 , 4
1.4096996328540004 , -9105 -233037 -96646 -99162 -317482 -278060 , 129693 -199639 199639 0 -93739 105900 , 182457 14172 -123461 136391 46918 63415 , 207988 -62989 62989 0 59319 122308 , 90057 96646 233037 99162 -181414 -84445 , 86412 -63481 14097 -66345 162410 -84296 , 152757 -14097 63481 66345 -98393 225891 , 46066 123461 -14172 -136391 186876 32746 , 193760 262628 -262628 0 34420 -228208 , 6.8860997854469904e-09 , 5
1.4096996328540004 , -9105 -233037 -96646 -99162 -317482 -278060 , 207988 -62989 62989 0 59319 122308 , -14097 63481 -86412 -98393 225891 -152757 , 129693 -199639 199639 0 -93739 105900 , 90057 96646 233037 99162 -181414 -84445 , 123461 -14172 -182457 186876 32746 -46066 , -63415 182457 14172 -186876 136391 46918 , 84296 86412 -63481 98393 -66345 162410 , 193760 262628 -262628 0 34420 -228208 , 6.8860997854481733e-09 , 6
1.4096996328540004 , -9105 -233037 -96646 -99162 -317482 -278060 , 207988 -62989 62989 0 59319 122308 , 14097 -63481 86412 98393 -225891 152757 , 129693 -199639 199639 0 -93739 105900 , 90057 96646 233037 99162 -181414 -84445 , -123461 14172 182457 -186876 -32746 46066 , 63415 -182457 -14172 186876 -136391 -46918 , -84296 -86412 63481 -98393 66345 -162410 , 193760 262628 -262628 0 34420 -228208 , 6.8860997854481733e-09 , 7
1.4096996328540004 , -9105 -233037 -96646 -99162 -317482 -278060 , 207988 -62989 62989 0 59319 122308 , -98393 225891 -152757 -84296 162410 -66345 , 129693 -199639 199639 0 -93739 105900 , 90057 96646 233037 99162 -181414 -84445 , 186876 32746 -46066 63415 46918 136391 , 123461 46066 -32746 -63415 182457 14172 , -14097 152757 -225891 84296 86412 -63481 , 193760 262628 -262628 0 34420 -228208 , 6.8860997854482486e-09 , 8
1.4096996328540004 , -9105 -233037 -96646 -99162 -317482 -278060 , 207988 -62989 62989 0 59319 122308 , 98393 -225891 152757 84296 -162410 66345 , 129693 -199639 199639 0 -93739 105900 , 90057 96646 233037 99162 -181414 -84445 , -186876 -32746 46066 -63415 -46918 -136391 , -123461 -46066 32746 63415 -182457 -14172 , 14097 -152757 225891 -84296 -86412 63481 , 193760 262628 -262628 0 34420 -228208 , 6.8860997854482486e-09 , 9
1.4096996328540004 , -9105 -233037 -96646 -99162 -317482 -278060 , 129693 -199639 199639 0 -93739 105900 , -136391 -46918 -63415 46066 -32746 -186876 , 207988 -62989 62989 0 59319 122308 , 90057 96646 233037 99162 -181414 -84445 , 66345 -162410 84296 152757 -225891 98393 , -86412 -84296 162410 -152757 14097 -63481 , -182457 63415 46918 -46066 -123461 14172 , 193760 262628 -262628 0 34420 -228208 , 6.886099785449424e-09 , 10
1.4096996328540004 , -9105 -233037 -96646 -99162 -317482 -278060 , 129693 -199639 199639 0 -93739 105900 , 136391 46918 63415 -46066 32746 186876 , 207988 -62989 62989 0 59319 122308 , 90057 96646 233037 99162 -181414 -84445 , -66345 162410 -84296 -152757 225891 -98393 , 86412 84296 -162410 152757 -14097 63481 , 182457 -63415 -46918 46066 123461 -14172 , 193760 262628 -262628 0 34420 -228208 , 6.886099785449424e-09 , 11
1.4096996328540004 , -9105 -233037 -96646 -99162 -317482 -278060 , 129693 -199639 199639 0 -93739 105900 , 32746 186876 -136391 -14172 123461 46066 , 207988 -62989 62989 0 59319 122308 , 90057 96646 233037 99162 -181414 -84445 , 225891 -98393 66345 63481 -14097 152757 , 162410 -66345 98393 -63481 86412 84296 , 46918 136391 -186876 14172 182457 -63415 , 193760 262628 -262628 0 34420 -228208 , 6.8860997854506962e-09 , 12
1.4096996328540004 , -9105 -233037 -96646 -99162 -317482 -278060 , 129693 -199639 199639 0 -93739 105900 , -32746 -186876 136391 14172 -123461 -46066 , 207988 -62989 62989 0 59319 122308 , 90057 96646 233037 99162 -181414 -84445 , -225891 98393 -66345 -63481 14097 -152757 , -162410 66345 -98393 63481 -86412 -84296 , -46918 -136391 186876 -14172 -182457 63415 , 193760 262628 -262628 0 34420 -228208 , 6.8860997854506962e-09 , 13
1.4096996328540004 , -9105 -233037 -96646 -99162 -317482 -278060 , 129693 -199639 199639 0 -93739 105900 , -46918 -63415 182457 -32746 -186876 136391 , 207988 -62989 62989 0 59319 122308 , 90057 96646 233037 99162 -181414 -84445 , -162410 84296 86412 -225891 98393 -66345 , 63481 -86412 -84296 225891 -152757 14097 , -14172 -182457 63415 32746 -46066 -123461 , 193760 262628 -262628 0 34420 -228208 , 6.8860997854507276e-09 , 14
1.4096996328540004 , -9105 -233037 -96646 -99162 -317482 -278060 , 129693 -199639 199639 0 -93739 105900 , 46918 63415 -182457 32746 186876 -136391 , 207988 -62989 62989 0 59319 122308 , 90057 96646 233037 99162 -181414 -84445 , 162410 -84296 -86412 225891 -98393 66345 , -63481 86412 84296 -225891 152757 -14097 , 14172 182457 -63415 -32746 46066 123461 , 193760 262628 -262628 0 34420 -228208 , 6.8860997854507276e-09 , 15
1.4096996328540004 , -9105 -233037 -96646 -99162 -317482 -278060 , 207988 -62989 62989 0 59319 122308 , 152757 -14097 63481 66345 -98393 225891 , 129693 -199639 199639 0 -93739 105900 , 90057 96646 233037 99162 -181414 -84445 , 46066 123461 -14172 -136391 186876 32746 , 182457 14172 -123461 136391 46918 63415 , 86412 -63481 14097 -66345 162410 -84296 , 193760 262628 -262628 0 34420 -228208 , 6.8860997854519461e-09 , 16
1.4096996328540004 , -9105 -233037 -96646 -99162 -317482 -278060 , 207988 -62989 62989 0 59319 122308 , -152757 14097 -63481 -66345 98393 -225891 , 129693 -199639 199639 0 -93739 105900 , 90057 96646 233037 99162 -181414 -84445 , -46066 -123461 14172 136391 -186876 -32746 , -182457 -14172 123461 -136391 -46918 -63415 , -86412 63481 -14097 66345 -162410 84296 , 193760 262628 -262628 0 34420 -228208 , 6.8860997854519461e-09 , 17
1.4096996328540004 , -9105 -233037 -96646 -99162 -317482 -278060 , 129693 -199639 199639 0 -93739 105900 , -63415 182457 14172 -186876 136391 46918 , 207988 -62989 62989 0 59319 122308 , 90057 96646 233037 99162 -181414 -84445 , 84296 86412 -63481 98393 -66345 162410 , -14097 63481 -86412 -98393 225891 -152757 , 123461 -14172 -182457 186876 32746 -46066 , 193760 262628 -262628 0 34420 -228208 , 6.8860997854519891e-09 , 18
1.4096996328540004 , -9105 -233037 -96646 -99162 -317482 -278060 , 129693 -199639 199639 0 -93739 105900 , 63415 -182457 -14172 186876 -136391 -46918 , 207988 -62989 62989 0 59319 122308 , 90057 96646 233037 99162 -181414 -84445 , -84296 -86412 63481 -98393 66345 -162410 , 14097 -63481 86412 98393 -225891 152757 , -123461 14172 182457 -186876 -32746 46066 , 193760 262628 -262628 0 34420 -228208 , 6.8860997854519891e-09 , 19
1.4096996328540004 , -9105 -233037 -96646 -99162 -317482 -278060 , 129693 -199639 199639 0 -93739 105900 , -14172 123461 46066 -46918 -63415 182457 , 207988 -62989 62989 0 59319 122308 , 90057 96646 233037 99162 -181414 -84445 , 63481 -14097 152757 -162410 84296 86412 , 225891 -152757 14097 162410 -66345 98393 , 32746 -46066 -123461 46918 136391 -186876 , 193760 262628 -262628 0 34420 -228208 , 6.8860997854531951e-09 , 20
1.4096996328540004 , -9105 -233037 -96646 -99162 -317482 -278060 , 129693 -199639 199639 0 -93739 105900 , 14172 -123461 -46066 46918 63415 -182457 , 207988 -62989 62989 0 59319 122308 , 90057 96646 233037 99162 -181414 -84445 , -63481 14097 -152757 162410 -84296 -86412 , -225891 152757 -14097 -162410 66345 -98393 , -32746 46066 123461 -46918 -136391 186876 , 193760 262628 -262628 0 34420 -228208 , 6.8860997854531951e-09 , 21
1.4096996328540004 , -9105 -233037 -96646 -99162 -317482 -278060 , 129693 -199639 199639 0 -93739 105900 , -186876 136391 46918 -123461 -46066 32746 , 207988 -62989 62989 0 59319 122308 , 90057 96646 233037 99162 -181414 -84445 , 98393 -66345 162410 14097 -152757 225891 , 84296 -162410 66345 -14097 63481 -86412 , -63415 -46918 -136391 123461 -14172 -182457 , 193760 262628 -262628 0 34420 -228208 , 6.8860997854532183e-09 , 22
1.4096996328540004 , -9105 -233037 -96646 -99162 -317482 -278060 , 129693 -199639 199639 0 -93739 105900 , 186876 -136391 -46918 123461 46066 -32746 , 207988 -62989 62989 0 59319 122308 , 90057 96646 233037 99162 -181414 -84445 , -98393 66345 -162410 -14097 152757 -225891 , -84296 162410 -66345 14097 -63481 86412 , 63415 46918 136391 -123461 14172 182457 , 193760 262628 -262628 0 34420 -228208 , 6.8860997854532183e-09 , 23
1.4096996328540004 , -9105 -233037 -96646 -99162 -317482 -278060 , 207988 -62989 62989 0 59319 122308 , -84296 162410 -66345 14097 -63481 86412 , 129693 -199639 199639 0 -93739 105900 , 90057 96646 233037 99162 -181414 -84445 , 63415 46918 136391 -123461 14172 182457 , 186876 -136391 -46918 123461 46066 -32746 , -98393 66345 -162410 -14097 152757 -225891 , 193760 262628 -262628 0 34420 -228208 , 6.8860997854532389e-09 , 24
1.4096996328540004 , -9105 -233037 -96646 -99162 -317482 -278060 , 207988 -62989 62989 0 59319 122308 , 84296 -162410 66345 -14097 63481 -86412 , 129693 -199639 199639 0 -93739 105900 , 90057 96646 233037 99162 -181414 -84445 , -63415 -46918 -136391 123461 -14172 -182457 , -186876 136391 46918 -123461 -46066 32746 , 98393 -66345 162410 14097 -152757 225891 , 193760 262628 -262628 0 34420 -228208 , 6.8860997854532389e-09 , 25
1.4096996328540004 , -9105 -233037 -96646 -99162 -317482 -278060 , 207988 -62989 62989 0 59319 122308 , -162410 66345 -98393 63481 -86412 -84296 , 129693 -199639 199639 0 -93739 105900 , 90057 96646 233037 99162 -181414 -84445 , -46918 -136391 186876 -14172 -182457 63415 , -32746 -186876 136391 14172 -123461 -46066 , -225891 98393 -66345 -63481 14097 -152757 , 193760 262628 -262628 0 34420 -228208 , 6.8860997854544152e-09 , 26
1.4096996328540004 , -9105 -233037 -96646 -99162 -317482 -278060 , 207988 -62989 62989 0 59319 122308 , 162410 -66345 98393 -63481 86412 84296 , 129693 -199639 199639 0 -93739 105900 , 90057 96646 233037 99162 -181414 -84445 , 46918 136391 -186876 14172 182457 -63415 , 32746 186876 -136391 -14172 123461 46066 , 225891 -98393 66345 63481 -14097 152757 , 193760 262628 -262628 0 34420 -228208 , 6.8860997854544152e-09 , 27
1.4096996328540004 , -9105 -233037 -96646 -99162 -317482 -278060 , 207988 -62989 62989 0 59319 122308 , -86412 -84296 162410 -152757 14097 -63481 , 129693 -199639 199639 0 -93739 105900 , 90057 96646 233037 99162 -181414 -84445 , -182457 63415 46918 -46066 -123461 14172 , -136391 -46918 -63415 46066 -32746 -186876 , 66345 -162410 84296 152757 -225891 98393 , 193760 262628 -262628 0 34420 -228208 , 6.8860997854557081e-09 , 28
1.4096996328540004 , -9105 -233037 -96646 -99162 -317482 -278060 , 207988 -62989 62989 0 59319 122308 , 86412 84296 -162410 152757 -14097 63481 , 129693 -199639 199639 0 -93739 105900 , 90057 96646 233037 99162 -181414 -84445 , 182457 -63415 -46918 46066 123461 -14172 , 136391 46918 63415 -46066 32746 186876 , -66345 162410 -84296 -152757 225891 -98393 , 193760 262628 -262628 0 34420 -228208 , 6.8860997854557081e-09 , 29
1.4096996328540004 , -9105 -233037 -96646 -99162 -317482 -278060 , 207988 -62989 62989 0 59319 122308 , 63481 -86412 -84296 225891 -152757 14097 , 129693 -199639 199639 0 -93739 105900 , 90057 96646 233037 99162 -181414 -84445 , -14172 -182457 63415 32746 -46066 -123461 , -46918 -63415 182457 -32746 -186876 136391 , -162410 84296 86412 -225891 98393 -66345 , 193760 262628 -262628 0 34420 -228208 , 6.886099785456967e-09 , 30
1.4096996328540004 , -9105 -233037 -96646 -99162 -317482 -278060 , 207988 -62989 62989 0 59319 122308 , -63481 86412 84296 -225891 152757 -14097 , 129693 -199639 199639 0 -93739 105900 , 90057 96646 233037 99162 -181414 -84445 , 14172 182457 -63415 -32746 46066 123461 , 46918 63415 -182457 32746 186876 -136391 , 162410 -84296 -86412 225891 -98393 66345 , 193760 262628 -262628 0 34420 -228208 , 6.886099785456967e-09 , 31
1.4096996328540004 , -9105 -233037 -96646 -99162 -317482 -278060 , 129693 -199639 199639 0 -93739 105900 , -123461 -46066 32746 63415 -182457 -14172 , 207988 -62989 62989 0 59319 122308 , 90057 96646 233037 99162 -181414 -84445 , 14097 -152757 225891 -84296 -86412 63481 , 98393 -225891 152757 84296 -162410 66345 , -186876 -32746 46066 -63415 -46918 -136391 , 193760 262628 -262628 0 34420 -228208 , 6.8860997854569679e-09 , 32
1.4096996328540004 , -9105 -233037 -96646 -99162 -317482 -278060 , 129693 -199639 199639 0 -93739 105900 , 123461 46066 -32746 -63415 182457 14172 , 207988 -62989 62989 0 59319 122308 , 90057 96646 233037 99162 -181414 -84445 , -14097 152757 -225891 84296 86412 -63481 , -98393 225891 -152757 -84296 162410 -66345 , 186876 32746 -46066 63415 46918 136391 , 193760 262628 -262628 0 34420 -228208 , 6.8860997854569679e-09 , 33
1.4096996328540004 , -9105 -233037 -96646 -99162 -317482 -278060 , 129693 -199639 199639 0 -93739 105900 , -46066 32746 186876 -182457 -14172 123461 , 207988 -62989 62989 0 59319 122308 , 90057 96646 233037 99162 -181414 -84445 , -152757 225891 -98393 -86412 63481 -14097 , -66345 98393 -225891 86412 84296 -162410 , 136391 -186876 -32746 182457 -63415 -46918 , 193760 262628 -262628 0 34420 -228208 , 6.8860997854569894e-09 , 34
1.4096996328540004 , -9105 -233037 -96646 -99162 -317482 -278060 , 129693 -199639 199639 0 -93739 105900 , 46066 -32746 -186876 182457 14172 -123461 , 207988 -62989 62989 0 59319 122308 , 90057 96646 233037 99162 -181414 -84445 , 152757 -225891 98393 86412 -63481 14097 , 66345 -98393 225891 -86412 -84296 162410 , -136391 186876 32746 -182457 63415 46918 , 193760 262628 -262628 0 34420 -228208 , 6.8860997854569894e-09 , 35
1.517972393995034 , 130693 34302 -285387 -128134 -107722 -120117 , 267165 -44355 44355 0 105997 150352 , 1831 52959 -8686 69930 -122641 128948 , 70516 -218273 218273 0 -140417 77856 , 258827 285387 -34302 128134 165270 -142024 , 24776 -44596 -203622 214459 -17319 -144409 , -189683 203622 44596 -214459 59213 27277 , -68099 8686 -52959 -69930 137634 -175600 , 193760 262628 -262628 0 34420 -228208 , 6.8860997849677278e-09 , 0
1.517972393995034 , 130693 34302 -285387 -128134 -107722 -120117 , 267165 -44355 44355 0 105997 150352 , -1831 -52959 8686 -69930 122641 -128948 , 70516 -218273 218273 0 -140417 77856 , 258827 285387 -34302 128134 165270 -142024 , -24776 44596 203622 -214459 17319 144409 , 189683 -203622 -44596 214459 -59213 -27277 , 68099 -8686 52959 69930 -137634 175600 , 193760 262628 -262628 0 34420 -228208 , 6.8860997849677278e-09 , 1
1.517972393995034 , 130693 34302 -285387 -128134 -107722 -120117 , 70516 -218273 218273 0 -140417 77856 , -144409 -17319 214459 -203622 -44596 24776 , 267165 -44355 44355 0 105997 150352 , 258827 285387 -34302 128134 165270 -142024 , 128948 -122641 69930 -8686 52959 1831 , 137634 -69930 122641 8686 -68099 175600 , 59213 -214459 17319 203622 -189683 -27277 , 193760 262628 -262628 0 34420 -228208 , 6.8860997849685731e-09 , 2
1.517972393995034 , 130693 34302 -285387 -128134 -107722 -120117 , 70516 -218273 218273 0 -140417 77856 , 144409 17319 -214459 203622 44596 -24776 , 267165 -44355 44355 0 105997 150352 , 258827 285387 -34302 128134 165270 -142024 , -128948 122641 -69930 8686 -52959 -1831 , -137634 69930 -122641 -8686 68099 -175600 , -59213 214459 -17319 -203622 189683 27277 , 193760 262628 -262628 0 34420 -228208 , 6.8860997849685731e-09 , 3
1.517972393995034 , 130693 34302 -285387 -128134 -107722 -120117 , 70516 -218273 218273 0 -140417 77856 , 203622 44596 -24776 59213 27277 189683 , 267165 -44355 44355 0 105997 150352 , 258827 285387 -34302 128134 165270 -142024 , 8686 -52959 -1831 137634 -175600 68099 , -128948 1831 52959 -137634 69930 -122641 , 144409 24776 -44596 -59213 214459 -17319 , 193760 262628 -262628 0 34420 -228208 , 6.8860997849686674e-09 , 4
1.517972393995034 , 130693 34302 -285387 -128134 -107722 -120117 , 70516 -218273 218273 0 -140417 77856 , -203622 -44596 24776 -59213 -27277 -189683 , 267165 -44355 44355 0 105997 150352 , 258827 285387 -34302 128134 165270 -142024 , -8686 52959 1831 -137634 175600 -68099 , 128948 -1831 -52959 137634 -69930 122641 , -144409 -24776 44596 59213 -214459 17319 , 193760 262628 -262628 0 34420 -228208 , 6.8860997849686674e-09 , 5
1.517972393995034 , 130693 34302 -285387 -128134 -107722 -120117 , 70516 -218273 218273 0 -140417 77856 , -189683 203622 44596 -214459 59213 27277 , 267165 -44355 44355 0 105997 150352 , 258827 285387 -34302 128134 165270 -142024 , -68099 8686 -52959 -69930 137634 -175600 , 1831 52959 -8686 69930 -122641 128948 , 24776 -44596 -203622 214459 -17319 -144409 , 193760 262628 -262628 0 34420 -228208 , 6.8860997849693466e-09 , 6
1.517972393995034 , 130693 34302 -285387 -128134 -107722 -120117 , 70516 -218273 218273 0 -140417 77856 , 189683 -203622 -44596 214459 -59213 -27277 , 267165 -44355 44355 0 105997 150352 , 258827 285387 -34302 128134 165270 -142024 , 68099 -8686 52959 69930 -137634 175600 , -1831 -52959 8686 -69930 122641 -128948 , -24776 44596 203622 -214459 17319 144409 , 193760 262628 -262628 0 34420 -228208 , 6.8860997849693466e-09 , 7
1.517972393995034 , 130693 34302 -285387 -128134 -107722 -120117 , 70516 -218273 218273 0 -140417 77856 , -44596 24776 144409 -27277 -189683 203622 , 267165 -44355 44355 0 105997 150352 , 258827 285387 -34302 128134 165270 -142024 , 52959 1831 -128948 175600 -68099 8686 , -122641 128948 -1831 -175600 137634 -69930 , -17319 -144409 -24776 27277 59213 -214459 , 193760 262628 -262628 0 34420 -228208 , 6.8860997849693838e-09 , 8
1.517972393995034 , 130693 34302 -285387 -128134 -107722 -120117 , 70516 -218273 218273 0 -140417 77856 , 44596 -24776 -144409 27277 189683 -203622 , 267165 -44355 44355 0 105997 150352 , 258827 285387 -34302 128134 165270 -142024 , -52959 -1831 128948 -175600 68099 -8686 , 122641 -128948 1831 175600 -137634 69930 , 17319 144409 24776 -27277 -59213 214459 , 193760 262628 -262628 0 34420 -228208 , 6.8860997849693838e-09 , 9
1.517972393995034 , 130693 34302 -285387 -128134 -107722 -120117 , 70516 -218273 218273 0 -140417 77856 , 24776 144409 17319 -189683 203622 44596 , 267165 -44355 44355 0 105997 150352 , 258827 285387 -34302 128134 165270 -142024 , 1831 -128948 122641 -68099 8686 -52959 , 69930 -122641 128948 68099 -175600 137634 , 214459 -17319 -144409 189683 27277 59213 , 193760 262628 -262628 0 34420 -228208 , 6.886099784969416e-09 , 10
1.517972393995034 , 130693 34302 -285387 -128134 -107722 -120117 , 70516 -218273 218273 0 -140417 77856 , -24776 -144409 -17319 189683 -203622 -44596 , 267165 -44355 44355 0 105997 150352 , 258827 285387 -34302 128134 165270 -142024 , -1831 128948 -122641 68099 -8686 52959 , -69930 122641 -128948 -68099 175600 -137634 , -214459 17319 144409 -189683 -27277 -59213 , 193760 262628 -262628 0 34420 -228208 , 6.886099784969416e-09 , 11
1.517972393995034 , 130693 34302 -285387 -128134 -107722 -120117 , 267165 -44355 44355 0 105997 150352 , -175600 137634 -69930 -52959 8686 -68099 , 70516 -218273 218273 0 -140417 77856 , 258827 285387 -34302 128134 165270 -142024 , 27277 59213 -214459 44596 203622 -189683 , -17319 214459 -59213 -44596 24776 144409 , -122641 69930 -137634 52959 1831 -128948 , 193760 262628 -262628 0 34420 -228208 , 6.8860997849702697e-09 , 12
1.517972393995034 , 130693 34302 -285387 -128134 -107722 -120117 , 267165 -44355 44355 0 105997 150352 , 175600 -137634 69930 52959 -8686 68099 , 70516 -218273 218273 0 -140417 77856 , 258827 285387 -34302 128134 165270 -142024 , -27277 -59213 214459 -44596 -203622 189683 , 17319 -214459 59213 44596 -24776 -144409 , 122641 -69930 137634 -52959 -1831 128948 , 193760 262628 -262628 0 34420 -228208 , 6.8860997849702697e-09 , 13
1.517972393995034 , 130693 34302 -285387 -128134 -107722 -120117 , 267165 -44355 44355 0 105997 150352 , -68099 175600 -137634 1831 52959 -8686 , 70516 -218273 218273 0 -140417 77856 , 258827 285387 -34302 128134 165270 -142024 , -189683 -27277 -59213 24776 -44596 -203622 , -214459 59213 27277 -24776 -144409 -17319 , -69930 137634 -175600 -1831 128948 -122641 , 193760 262628 -262628 0 34420 -228208 , 6.8860997849703689e-09 , 14
1.517972393995034 , 130693 34302 -285387 -128134 -107722 -120117 , 267165 -44355 44355 0 105997 150352 , 68099 -175600 137634 -1831 -52959 8686 , 70516 -218273 218273 0 -140417 77856 , 258827 285387 -34302 128134 165270 -142024 , 189683 27277 59213 -24776 44596 203622 , 214459 -59213 -27277 24776 144409 17319 , 69930 -137634 175600 1831 -128948 122641 , 193760 262628 -262628 0 34420 -228208 , 6.8860997849703689e-09 , 15
1.517972393995034 , 130693 34302 -285387 -128134 -107722 -120117 , 267165 -44355 44355 0 105997 150352 , 137634 -69930 122641 8686 -68099 175600 , 70516 -218273 218273 0 -140417 77856 , 258827 285387 -34302 128134 165270 -142024 , 59213 -214459 17319 203622 -189683 -27277 , -144409 -17319 214459 -203622 -44596 24776 , 128948 -122641 69930 -8686 52959 1831 , 193760 262628 -262628 0 34420 -228208 , 6.886099784971082e-09 , 16
1.517972393995034 , 130693 34302 -285387 -128134 -107722 -120117 , 267165 -44355 44355 0 105997 150352 , -137634 69930 -122641 -8686 68099 -175600 , 70516 -218273 218273 0 -140417 77856 , 258827 285387 -34302 128134 165270 -142024 , -59213 214459 -17319 -203622 189683 27277 , 144409 17319 -214459 203622 44596 -24776 , -128948 122641 -69930 8686 -52959 -1831 , 193760 262628 -262628 0 34420 -228208 , 6.886099784971082e-09 , 17
1.517972393995034 , 130693 34302 -285387 -128134 -107722 -120117 , 70516 -218273 218273 0 -140417 77856 , 17319 -214459 59213 44596 -24776 -144409 , 267165 -44355 44355 0 105997 150352 , 258827 285387 -34302 128134 165270 -142024 , 122641 -69930 137634 -52959 -1831 128948 , 175600 -137634 69930 52959 -8686 68099 , -27277 -59213 214459 -44596 -203622 189683 , 193760 262628 -262628 0 34420 -228208 , 6.8860997849718628e-09 , 18
1.517972393995034 , 130693 34302 -285387 -128134 -107722 -120117 , 70516 -218273 218273 0 -140417 77856 , -17319 214459 -59213 -44596 24776 144409 , 267165 -44355 44355 0 105997 150352 , 258827 285387 -34302 128134 165270 -142024 , -122641 69930 -137634 52959 1831 -128948 , -175600 137634 -69930 -52959 8686 -68099 , 27277 59213 -214459 44596 203622 -189683 , 193760 262628 -262628 0 34420 -228208 , 6.8860997849718628e-09 , 19
1.517972393995034 , 130693 34302 -285387 -128134 -107722 -120117 , 70516 -218273 218273 0 -140417 77856 , 59213 27277 189683 -144409 -17319 214459 , 267165 -44355 44355 0 105997 150352 , 258827 285387 -34302 128134 165270 -142024 , 137634 -175600 68099 128948 -122641 69930 , 8686 -68099 175600 -128948 1831 52959 , 203622 -189683 -27277 144409 24776 -44596 , 193760 262628 -262628 0 34420 -228208 , 6.8860997849727314e-09 , 20
1.517972393995034 , 130693 34302 -285387 -128134 -107722 -120117 , 70516 -218273 218273 0 -140417 77856 , -59213 -27277 -189683 144409 17319 -214459 , 267165 -44355 44355 0 105997 150352 , 258827 285387 -34302 128134 165270 -142024 , -137634 175600 -68099 -128948 122641 -69930 , -8686 68099 -175600 128948 -1831 -52959 , -203622 189683 27277 -144409 -24776 44596 , 193760 262628 -262628 0 34420 -228208 , 6.8860997849727314e-09 , 21
1.517972393995034 , 130693 34302 -285387 -128134 -107722 -120117 , 267165 -44355 44355 0 105997 150352 , -69930 122641 -128948 -68099 175600 -137634 , 70516 -218273 218273 0 -140417 77856 , 258827 285387 -34302 128134 165270 -142024 , -214459 17319 144409 -189683 -27277 -59213 , -24776 -144409 -17319 189683 -203622 -44596 , -1831 128948 -122641 68099 -8686 52959 , 193760 262628 -262628 0 34420 -228208 , 6.8860997849727934e-09 , 22
1.517972393995034 , 130693 34302 -285387 -128134 -107722 -120117 , 267165 -44355 44355 0 105997 150352 , 69930 -122641 128948 68099 -175600 137634 , 70516 -218273 218273 0 -140417 77856 , 258827 285387 -34302 128134 165270 -142024 , 214459 -17319 -144409 189683 27277 59213 , 24776 144409 17319 -189683 203622 44596 , 1831 -128948 122641 -68099 8686 -52959 , 193760 262628 -262628 0 34420 -228208 , 6.8860997849727934e-09 , 23
1.517972393995034 , 130693 34302 -285387 -128134 -107722 -120117 , 267165 -44355 44355 0 105997 150352 , 122641 -128948 1831 175600 -137634 69930 , 70516 -218273 218273 0 -140417 77856 , 258827 285387 -34302 128134 165270 -142024 , 17319 144409 24776 -27277 -59213 214459 , 44596 -24776 -144409 27277 189683 -203622 , -52959 -1831 128948 -175600 68099 -8686 , 193760 262628 -262628 0 34420 -228208 , 6.8860997849735743e-09 , 24
1.517972393995034 , 130693 34302 -285387 -128134 -107722 -120117 , 267165 -44355 44355 0 105997 150352 , -122641 128948 -1831 -175600 137634 -69930 , 70516 -218273 218273 0 -140417 77856 , 258827 285387 -34302 128134 165270 -142024 , -17319 -144409 -24776 27277 59213 -214459 , -44596 24776 144409 -27277 -189683 203622 , 52959 1831 -128948 175600 -68099 8686 , 193760 262628 -262628 0 34420 -228208 , 6.8860997849735743e-09 , 25
1.517972393995034 , 130693 34302 -285387 -128134 -107722 -120117 , 70516 -218273 218273 0 -140417 77856 , -27277 -189683 203622 17319 -214459 59213 , 267165 -44355 44355 0 105997 150352 , 258827 285387 -34302 128134 165270 -142024 , 175600 -68099 8686 122641 -69930 137634 , 52959 -8686 68099 -122641 128948 -1831 , -44596 -203622 189683 -17319 -144409 -24776 , 193760 262628 -262628 0 34420 -228208 , 6.8860997849743816e-09 , 26
1.517972393995034 , 130693 34302 -285387 -128134 -107722 -120117 , 70516 -218273 218273 0 -140417 77856 , 27277 189683 -203622 -17319 214459 -59213 , 267165 -44355 44355 0 105997 150352 , 258827 285387 -34302 128134 165270 -142024 , -175600 68099 -8686 -122641 69930 -137634 , -52959 8686 -68099 122641 -128948 1831 , 44596 203622 -189683 17319 144409 24776 , 193760 262628 -262628 0 34420 -228208 , 6.8860997849743816e-09 , 27
1.517972393995034 , 130693 34302 -285387 -128134 -107722 -120117 , 267165 -44355 44355 0 105997 150352 , 8686 -68099 175600 -128948 1831 52959 , 70516 -218273 218273 0 -140417 77856 , 258827 285387 -34302 128134 165270 -142024 , 203622 -189683 -27277 144409 24776 -44596 , 59213 27277 189683 -144409 -17319 214459 , 137634 -175600 68099 128948 -122641 69930 , 193760 262628 -262628 0 34420 -228208 , 6.8860997849743833e-09 , 28
1.517972393995034 , 130693 34302 -285387 -128134 -107722 -120117 , 267165 -44355 44355 0 105997 150352 , -8686 68099 -175600 128948 -1831 -52959 , 70516 -218273 218273 0 -140417 77856 , 258827 285387 -34302 128134 165270 -142024 , -203622 189683 27277 -144409 -24776 44596 , -59213 -27277 -189683 144409 17319 -214459 , -137634 175600 -68099 -128948 122641 -69930 , 193760 262628 -262628 0 34420 -228208 , 6.8860997849743833e-09 , 29
1.517972393995034 , 130693 34302 -285387 -128134 -107722 -120117 , 267165 -44355 44355 0 105997 150352 , -52959 8686 -68099 122641 -128948 1831 , 70516 -218273 218273 0 -140417 77856 , 258827 285387 -34302 128134 165270 -142024 , 44596 203622 -189683 17319 144409 24776 , 27277 189683 -203622 -17319 214459 -59213 , -175600 68099 -8686 -122641 69930 -137634 , 193760 262628 -262628 0 34420 -228208 , 6.886099784975227e-09 , 30
1.517972393995034 , 130693 34302 -285387 -128134 -107722 -120117 , 267165 -44355 44355 0 105997 150352 , 52959 -8686 68099 -122641 128948 -1831 , 70516 -218273 218273 0 -140417 77856 , 258827 285387 -34302 128134 165270 -142024 , -44596 -203622 189683 -17319 -144409 -24776 , -27277 -189683 203622 17319 -214459 59213 , 175600 -68099 8686 122641 -69930 137634 , 193760 262628 -262628 0 34420 -228208 , 6.886099784975227e-09 , 31
1.517972393995034 , 130693 34302 -285387 -128134 -107722 -120117 , 267165 -44355 44355 0 105997 150352 , -128948 1831 52959 -137634 69930 -122641 , 70516 -218273 218273 0 -140417 77856 , 258827 285387 -34302 128134 165270 -142024 , 144409 24776 -44596 -59213 214459 -17319 , 203622 44596 -24776 59213 27277 189683 , 8686 -52959 -1831 137634 -175600 68099 , 193760 262628 -262628 0 34420 -228208 , 6.8860997849752361e-09 , 32
1.517972393995034 , 130693 34302 -285387 -128134 -107722 -120117 , 267165 -44355 44355 0 105997 150352 , 128948 -1831 -52959 137634 -69930 122641 , 70516 -218273 218273 0 -140417 77856 , 258827 285387 -34302 128134 165270 -142024 , -144409 -24776 44596 59213 -214459 17319 , -203622 -44596 24776 -59213 -27277 -189683 , -8686 52959 1831 -137634 175600 -68099 , 193760 262628 -262628 0 34420 -228208 , 6.8860997849752361e-09 , 33
1.517972393995034 , 130693 34302 -285387 -128134 -107722 -120117 , 70516 -218273 218273 0 -140417 77856 , -214459 59213 27277 -24776 -144409 -17319 , 267165 -44355 44355 0 105997 150352 , 258827 285387 -34302 128134 165270 -142024 , -69930 137634 -175600 -1831 128948 -122641 , -68099 175600 -137634 1831 52959 -8686 , -189683 -27277 -59213 24776 -44596 -203622 , 193760 262628 -262628 0 34420 -228208 , 6.8860997849760781e-09 , 34
1.517972393995034 , 130693 34302 -285387 -128134 -107722 -120117 , 70516 -218273 218273 0 -140417 77856 , 214459 -59213 -27277 24776 144409 17319 , 267165 -44355 44355 0 105997 150352 , 258827 285387 -34302 128134 165270 -142024 , 69930 -137634 175600 1831 -128948 122641 , 68099 -175600 137634 -1831 -52959 8686 , 189683 27277 59213 -24776 44596 203622 , 193760 262628 -262628 0 34420 -228208 , 6.8860997849760781e-09 , 35
1.6235789402541678 , -83995 29286 -115644 -277268 -237942 -90619 , 85053 -209723 209723 0 -125712 84011 , -135357 96221 63036 -36547 -152155 117646 , 252628 -52905 52905 0 91292 144197 , 193273 115644 -29286 277268 25025 -267228 , -49219 -7582 -60065 132936 -144899 4507 , -182155 60065 7582 -132936 64572 -137317 , -98810 -63036 -96221 36547 54610 -248376 , 193760 262628 -262628 0 34420 -228208 , 6.8860997846008012e-09 , 0
1.6235789402541678 , -83995 29286 -115644 -277268 -237942 -90619 , 85053 -209723 209723 0 -125712 84011 , 135357 -96221 -63036 36547 152155 -117646 , 252628 -52905 52905 0 91292 144197 , 193273 115644 -29286 277268 25025 -267228 , 49219 7582 60065 -132936 144899 -4507 , 182155 -60065 -7582 132936 -64572 137317 , 98810 63036 96221 -36547 -54610 248376 , 193760 262628 -262628 0 34420 -228208 , 6.8860997846008012e-09 , 1
1.6235789402541678 , -83995 29286 -115644 -277268 -237942 -90619 , 252628 -52905 52905 0 91292 144197 , 49219 4507 -144899 182155 -60065 -7582 , 85053 -209723 209723 0 -125712 84011 , 193273 115644 -29286 277268 25025 -267228 , 135357 117646 -152155 98810 63036 96221 , 36547 152155 -117646 -98810 248376 -54610 , -132936 144899 -4507 -182155 137317 -64572 , 193760 262628 -262628 0 34420 -228208 , 6.8860997846013116e-09 , 2
1.6235789402541678 , -83995 29286 -115644 -277268 -237942 -90619 , 252628 -52905 52905 0 91292 144197 , -49219 -4507 144899 -182155 60065 7582 , 85053 -209723 209723 0 -125712 84011 , 193273 115644 -29286 277268 25025 -267228 , -135357 -117646 152155 -98810 -63036 -96221 , -36547 -152155 117646 98810 -248376 54610 , 132936 -144899 4507 182155 -137317 64572 , 193760 262628 -262628 0 34420 -228208 , 6.8860997846013116e-09 , 3
1.6235789402541678 , -83995 29286 -115644 -277268 -237942 -90619 , 252628 -52905 52905 0 91292 144197 , -144899 132936 -64572 -7582 -49219 -4507 , 85053 -209723 209723 0 -125712 84011 , 193273 115644 -29286 277268 25025 -267228 , -152155 -36547 -54610 96221 -135357 -117646 , -248376 54610 36547 -96221 -63036 -98810 , -137317 64572 -132936 7582 60065 -182155 , 193760 262628 -262628 0 34420 -228208 , 6.8860997846013926e-09 , 4
1.6235789402541678 , -83995 29286 -115644 -277268 -237942 -90619 , 252628 -52905 52905 0 91292 144197 , 144899 -132936 64572 7582 49219 4507 , 85053 -209723 209723 0 -125712 84011 , 193273 115644 -29286 277268 25025 -267228 , 152155 36547 54610 -96221 135357 117646 , 248376 -54610 -36547 96221 63036 98810 , 137317 -64572 132936 -7582 -60065 182155 , 193760 262628 -262628 0 34420 -228208 , 6.8860997846013926e-09 , 5
1.6235789402541678 , -83995 29286 -115644 -277268 -237942 -90619 , 252628 -52905 52905 0 91292 144197 , -137317 182155 -60065 -144899 132936 -64572 , 85053 -209723 209723 0 -125712 84011 , 193273 115644 -29286 277268 25025 -267228 , -248376 98810 63036 -152155 -36547 -54610 , -96221 -63036 -98810 152155 -117646 -135357 , 7582 60065 -182155 144899 -4507 -49219 , 193760 262628 -262628 0 34420 -228208 , 6.8860997846018856e-09 , 6
1.6235789402541678 , -83995 29286 -115644 -277268 -237942 -90619 , 252628 -52905 52905 0 91292 144197 , 137317 -182155 60065 144899 -132936 64572 , 85053 -209723 209723 0 -125712 84011 , 193273 115644 -29286 277268 25025 -267228 , 248376 -98810 -63036 152155 36547 54610 , 96221 63036 98810 -152155 117646 135357 , -7582 -60065 182155 -144899 4507 49219 , 193760 262628 -262628 0 34420 -228208 , 6.8860997846018856e-09 , 7
1.6235789402541678 , -83995 29286 -115644 -277268 -237942 -90619 , 85053 -209723 209723 0 -125712 84011 , 96221 63036 98810 -152155 117646 135357 , 252628 -52905 52905 0 91292 144197 , 193273 115644 -29286 277268 25025 -267228 , -7582 -60065 182155 -144899 4507 49219 , 137317 -182155 60065 144899 -132936 64572 , 248376 -98810 -63036 152155 36547 54610 , 193760 262628 -262628 0 34420 -228208 , 6.8860997846018922e-09 , 8
1.6235789402541678 , -83995 29286 -115644 -277268 -237942 -90619 , 85053 -209723 209723 0 -125712 84011 , -96221 -63036 -98810 152155 -117646 -135357 , 252628 -52905 52905 0 91292 144197 , 193273 115644 -29286 277268 25025 -267228 , 7582 60065 -182155 144899 -4507 -49219 , -137317 182155 -60065 -144899 132936 -64572 , -248376 98810 63036 -152155 -36547 -54610 , 193760 262628 -262628 0 34420 -228208 , 6.8860997846018922e-09 , 9
1.6235789402541678 , -83995 29286 -115644 -277268 -237942 -90619 , 85053 -209723 209723 0 -125712 84011 , 98810 -248376 54610 135357 -96221 -63036 , 252628 -52905 52905 0 91292 144197 , 193273 115644 -29286 277268 25025 -267228 , 182155 -137317 64572 49219 7582 60065 , 132936 -64572 137317 -49219 -4507 144899 , -36547 -54610 248376 -135357 -117646 152155 , 193760 262628 -262628 0 34420 -228208 , 6.8860997846019055e-09 , 10
1.6235789402541678 , -83995 29286 -115644 -277268 -237942 -90619 , 85053 -209723 209723 0 -125712 84011 , -98810 248376 -54610 -135357 96221 63036 , 252628 -52905 52905 0 91292 144197 , 193273 115644 -29286 277268 25025 -267228 , -182155 137317 -64572 -49219 -7582 -60065 , -132936 64572 -137317 49219 4507 -144899 , 36547 54610 -248376 135357 117646 -152155 , 193760 262628 -262628 0 34420 -228208 , 6.8860997846019055e-09 , 11
1.6235789402541678 , -83995 29286 -115644 -277268 -237942 -90619 , 85053 -209723 209723 0 -125712 84011 , 63036 98810 -248376 117646 135357 -96221 , 252628 -52905 52905 0 91292 144197 , 193273 115644 -29286 277268 25025 -267228 , -60065 182155 -137317 4507 49219 7582 , -64572 137317 -182155 -4507 144899 -132936 , -54610 248376 -98810 -117646 152155 36547 , 193760 262628 -262628 0 34420 -228208 , 6.886099784601908e-09 , 12
1.6235789402541678 , -83995 29286 -115644 -277268 -237942 -90619 , 85053 -209723 209723 0 -125712 84011 , -63036 -98810 248376 -117646 -135357 96221 , 252628 -52905 52905 0 91292 144197 , 193273 115644 -29286 277268 25025 -267228 , 60065 -182155 137317 -4507 -49219 -7582 , 64572 -137317 182155 4507 -144899 132936 , 54610 -248376 98810 117646 -152155 -36547 , 193760 262628 -262628 0 34420 -228208 , 6.886099784601908e-09 , 13
1.6235789402541678 , -83995 29286 -115644 -277268 -237942 -90619 , 252628 -52905 52905 0 91292 144197 , -132936 64572 -137317 49219 4507 -144899 , 85053 -209723 209723 0 -125712 84011 , 193273 115644 -29286 277268 25025 -267228 , 36547 54610 -248376 135357 117646 -152155 , -98810 248376 -54610 -135357 96221 63036 , -182155 137317 -64572 -49219 -7582 -60065 , 193760 262628 -262628 0 34420 -228208 , 6.8860997846020924e-09 , 14
1.6235789402541678 , -83995 29286 -115644 -277268 -237942 -90619 , 252628 -52905 52905 0 91292 144197 , 132936 -64572 137317 -49219 -4507 144899 , 85053 -209723 209723 0 -125712 84011 , 193273 115644 -29286 277268 25025 -267228 , -36547 -54610 248376 -135357 -117646 152155 , 98810 -248376 54610 135357 -96221 -63036 , 182155 -137317 64572 49219 7582 60065 , 193760 262628 -262628 0 34420 -228208 , 6.8860997846020924e-09 , 15
1.6235789402541678 , -83995 29286 -115644 -277268 -237942 -90619 , 252628 -52905 52905 0 91292 144197 , 64572 -137317 182155 4507 -144899 132936 , 85053 -209723 209723 0 -125712 84011 , 193273 115644 -29286 277268 25025 -267228 , 54610 -248376 98810 117646 -152155 -36547 , -63036 -98810 248376 -117646 -135357 96221 , 60065 -182155 137317 -4507 -49219 -7582 , 193760 262628 -262628 0 34420 -228208 , 6.8860997846021462e-09 , 16
1.6235789402541678 , -83995 29286 -115644 -277268 -237942 -90619 , 252628 -52905 52905 0 91292 144197 , -64572 137317 -182155 -4507 144899 -132936 , 85053 -209723 209723 0 -125712 84011 , 193273 115644 -29286 277268 25025 -267228 , -54610 248376 -98810 -117646 152155 36547 , 63036 98810 -248376 117646 135357 -96221 , -60065 182155 -137317 4507 49219 7582 , 193760 262628 -262628 0 34420 -228208 , 6.8860997846021462e-09 , 17
1.6235789402541678 , -83995 29286 -115644 -277268 -237942 -90619 , 85053 -209723 209723 0 -125712 84011 , 117646 135357 -96221 54610 36547 152155 , 252628 -52905 52905 0 91292 144197 , 193273 115644 -29286 277268 25025 -267228 , 4507 49219 7582 64572 -132936 144899 , -60065 -7582 -49219 -64572 137317 -182155 , 63036 96221 -135357 -54610 248376 -98810 , 193760 262628 -262628 0 34420 -228208 , 6.8860997846022579e-09 , 18
1.6235789402541678 , -83995 29286 -115644 -277268 -237942 -90619 , 85053 -209723 209723 0 -125712 84011 , -117646 -135357 96221 -54610 -36547 -152155 , 252628 -52905 52905 0 91292 144197 , 193273 115644 -29286 277268 25025 -267228 , -4507 -49219 -7582 -64572 132936 -144899 , 60065 7582 49219 64572 -137317 182155 , -63036 -96221 135357 54610 -248376 98810 , 193760 262628 -262628 0 34420 -228208 , 6.8860997846022579e-09 , 19
1.6235789402541678 , -83995 29286 -115644 -277268 -237942 -90619 , 252628 -52905 52905 0 91292 144197 , -7582 -49219 -4507 137317 -182155 60065 , 85053 -209723 209723 0 -125712 84011 , 193273 115644 -29286 277268 25025 -267228 , 96221 -135357 -117646 248376 -98810 -63036 , -152155 117646 135357 -248376 54610 36547 , -144899 4507 49219 -137317 64572 -132936 , 193760 262628 -262628 0 34420 -228208 , 6.8860997846025416e-09 , 20
1.6235789402541678 , -83995 29286 -115644 -277268 -237942 -90619 , 252628 -52905 52905 0 91292 144197 , 7582 49219 4507 -137317 182155 -60065 , 85053 -209723 209723 0 -125712 84011 , 193273 115644 -29286 277268 25025 -267228 , -96221 135357 117646 -248376 98810 63036 , 152155 -117646 -135357 248376 -54610 -36547 , 144899 -4507 -49219 137317 -64572 132936 , 193760 262628 -262628 0 34420 -228208 , 6.8860997846025416e-09 , 21
1.6235789402541678 , -83995 29286 -115644 -277268 -237942 -90619 , 252628 -52905 52905 0 91292 144197 , 4507 -144899 132936 -60065 -7582 -49219 , 85053 -209723 209723 0 -125712 84011 , 193273 115644 -29286 277268 25025 -267228 , 117646 -152155 -36547 63036 96221 -135357 , 54610 36547 152155 -63036 -98810 248376 , 64572 -132936 144899 60065 -182155 137317 , 193760 262628 -262628 0 34420 -228208 , 6.8860997846026723e-09 , 22
1.6235789402541678 , -83995 29286 -115644 -277268 -237942 -90619 , 252628 -52905 52905 0 91292 144197 , -4507 144899 -132936 60065 7582 49219 , 85053 -209723 209723 0 -125712 84011 , 193273 115644 -29286 277268 25025 -267228 , -117646 152155 36547 -63036 -96221 135357 , -54610 -36547 -152155 63036 98810 -248376 , -64572 132936 -144899 -60065 182155 -137317 , 193760 262628 -262628 0 34420 -228208 , 6.8860997846026723e-09 , 23
1.6235789402541678 , -83995 29286 -115644 -277268 -237942 -90619 , 85053 -209723 209723 0 -125712 84011 , -152155 117646 135357 -248376 54610 36547 , 252628 -52905 52905 0 91292 144197 , 193273 115644 -29286 277268 25025 -267228 , -144899 4507 49219 -137317 64572 -132936 , -7582 -49219 -4507 137317 -182155 60065 , 96221 -135357 -117646 248376 -98810 -63036 , 193760 262628 -262628 0 34420 -228208 , 6.8860997846027219e-09 , 24
1.6235789402541678 , -83995 29286 -115644 -277268 -237942 -90619 , 85053 -209723 209723 0 -125712 84011 , 152155 -117646 -135357 248376 -54610 -36547 , 252628 -52905 52905 0 91292 144197 , 193273 115644 -29286 277268 25025 -267228 , 144899 -4507 -49219 137317 -64572 132936 , 7582 49219 4507 -137317 182155 -60065 , -96221 135357 117646 -248376 98810 63036 , 193760 262628 -262628 0 34420 -228208 , 6.8860997846027219e-09 , 25
1.6235789402541678 , -83995 29286 -115644 -277268 -237942 -90619 , 85053 -209723 209723 0 -125712 84011 , -36547 -152155 117646 98810 -248376 54610 , 252628 -52905 52905 0 91292 144197 , 193273 115644 -29286 277268 25025 -267228 , 132936 -144899 4507 182155 -137317 64572 , -49219 -4507 144899 -182155 60065 7582 , -135357 -117646 152155 -98810 -63036 -96221 , 193760 262628 -262628 0 34420 -228208 , 6.8860997846030933e-09 , 26
1.6235789402541678 , -83995 29286 -115644 -277268 -237942 -90619 , 85053 -209723 209723 0 -125712 84011 , 36547 152155 -117646 -98810 248376 -54610 , 252628 -52905 52905 0 91292 144197 , 193273 115644 -29286 277268 25025 -267228 , -132936 144899 -4507 -182155 137317 -64572 , 49219 4507 -144899 182155 -60065 -7582 , 135357 117646 -152155 98810 63036 96221 , 193760 262628 -262628 0 34420 -228208 , 6.8860997846030933e-09 , 27
1.6235789402541678 , -83995 29286 -115644 -277268 -237942 -90619 , 252628 -52905 52905 0 91292 144197 , -60065 -7582 -49219 -64572 137317 -182155 , 85053 -209723 209723 0 -125712 84011 , 193273 115644 -29286 277268 25025 -267228 , 63036 96221 -135357 -54610 248376 -98810 , 117646 135357 -96221 54610 36547 152155 , 4507 49219 7582 64572 -132936 144899 , 193760 262628 -262628 0 34420 -228208 , 6.8860997846033274e-09 , 28
1.6235789402541678 , -83995 29286 -115644 -277268 -237942 -90619 , 252628 -52905 52905 0 91292 144197 , 60065 7582 49219 64572 -137317 182155 , 85053 -209723 209723 0 -125712 84011 , 193273 115644 -29286 277268 25025 -267228 , -63036 -96221 135357 54610 -248376 98810 , -117646 -135357 96221 -54610 -36547 -152155 , -4507 -49219 -7582 -64572 132936 -144899 , 193760 262628 -262628 0 34420 -228208 , 6.8860997846033274e-09 , 29
1.6235789402541678 , -83995 29286 -115644 -277268 -237942 -90619 , 85053 -209723 209723 0 -125712 84011 , 54610 36547 152155 -63036 -98810 248376 , 252628 -52905 52905 0 91292 144197 , 193273 115644 -29286 277268 25025 -267228 , 64572 -132936 144899 60065 -182155 137317 , 4507 -144899 132936 -60065 -7582 -49219 , 117646 -152155 -36547 63036 96221 -135357 , 193760 262628 -262628 0 34420 -228208 , 6.8860997846033291e-09 , 30
1.6235789402541678 , -83995 29286 -115644 -277268 -237942 -90619 , 85053 -209723 209723 0 -125712 84011 , -54610 -36547 -152155 63036 98810 -248376 , 252628 -52905 52905 0 91292 144197 , 193273 115644 -29286 277268 25025 -267228 , -64572 132936 -144899 -60065 182155 -137317 , -4507 144899 -132936 60065 7582 49219 , -117646 152155 36547 -63036 -96221 135357 , 193760 262628 -262628 0 34420 -228208 , 6.8860997846033291e-09 , 31
1.6235789402541678 , -83995 29286 -115644 -277268 -237942 -90619 , 85053 -209723 209723 0 -125712 84011 , -248376 54610 36547 -96221 -63036 -98810 , 252628 -52905 52905 0 91292 144197 , 193273 115644 -29286 277268 25025 -267228 , -137317 64572 -132936 7582 60065 -182155 , -144899 132936 -64572 -7582 -49219 -4507 , -152155 -36547 -54610 96221 -135357 -117646 , 193760 262628 -262628 0 34420 -228208 , 6.886099784603736e-09 , 32
1.6235789402541678 , -83995 29286 -115644 -277268 -237942 -90619 , 85053 -209723 209723 0 -125712 84011 , 248376 -54610 -36547 96221 63036 98810 , 252628 -52905 52905 0 91292 144197 , 193273 115644 -29286 277268 25025 -267228 , 137317 -64572 132936 -7582 -60065 182155 , 144899 -132936 64572 7582 49219 4507 , 152155 36547 54610 -96221 135357 117646 , 193760 262628 -262628 0 34420 -228208 , 6.886099784603736e-09 , 33
1.6235789402541678 , -83995 29286 -115644 -277268 -237942 -90619 , 252628 -52905 52905 0 91292 144197 , 182155 -60065 -7582 132936 -64572 137317 , 85053 -209723 209723 0 -125712 84011 , 193273 115644 -29286 277268 25025 -267228 , 98810 63036 96221 -36547 -54610 248376 , 135357 -96221 -63036 36547 152155 -117646 , 49219 7582 60065 -132936 144899 -4507 , 193760 262628 -262628 0 34420 -228208 , 6.8860997846041215e-09 , 34
1.6235789402541678 , -83995 29286 -115644 -277268 -237942 -90619 , 252628 -52905 52905 0 91292 144197 , -182155 60065 7582 -132936 64572 -137317 , 85053 -209723 209723 0 -125712 84011 , 193273 115644 -29286 277268 25025 -267228 , -98810 -63036 -96221 36547 54610 -248376 , -135357 96221 63036 -36547 -152155 117646 , -49219 -7582 -60065 132936 -144899 4507 , 193760 262628 -262628 0 34420 -228208 , 6.8860997846041215e-09 , 35
1.732647755516861 , 189233 -31325 -223134 -186687 -71101 -61224 , 240149 -92587 92587 0 52303 144890 , -117071 -40024 101760 -123913 11749 -84224 , 97532 -170041 170041 0 -86723 83318 , 375920 223134 31325 186687 161910 -39776 , 157380 66676 -179937 170793 29021 68686 , -13413 179937 -66676 -170793 248623 -37655 , 6842 -101760 40024 123913 -185984 51773 , 193760 262628 -262628 0 34420 -228208 , 6.8860997855853587e-09 , 0
1.732647755516861 , 189233 -31325 -223134 -186687 -71101 -61224 , 240149 -92587 92587 0 52303 144890 , 117071 40024 -101760 123913 -11749 84224 , 97532 -170041 170041 0 -86723 83318 , 375920 223134 31325 186687 161910 -39776 , -157380 -66676 179937 -170793 -29021 -68686 , 13413 -179937 66676 170793 -248623 37655 , -6842 101760 -40024 -123913 185984 -51773 , 193760 262628 -262628 0 34420 -228208 , 6.8860997855853587e-09 , 1
1.732647755516861 , 189233 -31325 -223134 -186687 -71101 -61224 , 240149 -92587 92587 0 52303 144890 , -11749 84224 -117071 -51773 185984 -123913 , 97532 -170041 170041 0 -86723 83318 , 375920 223134 31325 186687 161910 -39776 , -29021 -68686 157380 37655 -248623 170793 , -66676 -157380 68686 -37655 13413 -179937 , 40024 117071 -84224 51773 -6842 101760 , 193760 262628 -262628 0 34420 -228208 , 6.8860997855867186e-09 , 2
1.732647755516861 , 189233 -31325 -223134 -186687 -71101 -61224 , 240149 -92587 92587 0 52303 144890 , 11749 -84224 117071 51773 -185984 123913 , 97532 -170041 170041 0 -86723 83318 , 375920 223134 31325 186687 161910 -39776 , 29021 68686 -157380 -37655 248623 -170793 , 66676 157380 -68686 37655 -13413 179937 , -40024 -117071 84224 -51773 6842 -101760 , 193760 262628 -262628 0 34420 -228208 , 6.8860997855867186e-09 , 3
1.732647755516861 , 189233 -31325 -223134 -186687 -71101 -61224 , 97532 -170041 170041 0 -86723 83318 , -248623 37655 -13413 -68686 -29021 -170793 , 240149 -92587 92587 0 52303 144890 , 375920 223134 31325 186687 161910 -39776 , 185984 -51773 6842 84224 -11749 123913 , 101760 -6842 51773 -84224 117071 40024 , -179937 13413 -37655 68686 -157380 -66676 , 193760 262628 -262628 0 34420 -228208 , 6.88609978558676e-09 , 4
1.732647755516861 , 189233 -31325 -223134 -186687 -71101 -61224 , 97532 -170041 170041 0 -86723 83318 , 248623 -37655 13413 68686 29021 170793 , 240149 -92587 92587 0 52303 144890 , 375920 223134 31325 186687 161910 -39776 , -185984 51773 -6842 -84224 11749 -123913 , -101760 6842 -51773 84224 -117071 -40024 , 179937 -13413 37655 -68686 157380 66676 , 193760 262628 -262628 0 34420 -228208 , 6.88609978558676e-09 , 5
1.732647755516861 , 189233 -31325 -223134 -186687 -71101 -61224 , 97532 -170041 170041 0 -86723 83318 , 37655 -13413 179937 -29021 -170793 248623 , 240149 -92587 92587 0 52303 144890 , 375920 223134 31325 186687 161910 -39776 , -51773 6842 -101760 -11749 123913 -185984 , -40024 101760 -6842 11749 -84224 117071 , 66676 -179937 13413 29021 68686 -157380 , 193760 262628 -262628 0 34420 -228208 , 6.8860997855894408e-09 , 6
1.732647755516861 , 189233 -31325 -223134 -186687 -71101 -61224 , 97532 -170041 170041 0 -86723 83318 , -37655 13413 -179937 29021 170793 -248623 , 240149 -92587 92587 0 52303 144890 , 375920 223134 31325 186687 161910 -39776 , 51773 -6842 101760 11749 -123913 185984 , 40024 -101760 6842 -11749 84224 -117071 , -66676 179937 -13413 -29021 -68686 157380 , 193760 262628 -262628 0 34420 -228208 , 6.8860997855894408e-09 , 7
1.732647755516861 , 189233 -31325 -223134 -186687 -71101 -61224 , 240149 -92587 92587 0 52303 144890 , 84224 -117071 -40024 185984 -123913 11749 , 97532 -170041 170041 0 -86723 83318 , 375920 223134 31325 186687 161910 -39776 , -68686 157380 66676 -248623 170793 29021 , 179937 -66676 -157380 248623 -37655 13413 , -101760 40024 117071 -185984 51773 -6842 , 193760 262628 -262628 0 34420 -228208 , 6.8860997855894615e-09 , 8
1.732647755516861 , 189233 -31325 -223134 -186687 -71101 -61224 , 240149 -92587 92587 0 52303 144890 , -84224 117071 40024 -185984 123913 -11749 , 97532 -170041 170041 0 -86723 83318 , 375920 223134 31325 186687 161910 -39776 , 68686 -157380 -66676 248623 -170793 -29021 , -179937 66676 157380 -248623 37655 -13413 , 101760 -40024 -117071 185984 -51773 6842 , 193760 262628 -262628 0 34420 -228208 , 6.8860997855894615e-09 , 9
1.732647755516861 , 189233 -31325 -223134 -186687 -71101 -61224 , 240149 -92587 92587 0 52303 144890 , -40024 101760 -6842 11749 -84224 117071 , 97532 -170041 170041 0 -86723 83318 , 375920 223134 31325 186687 161910 -39776 , 66676 -179937 13413 29021 68686 -157380 , 37655 -13413 179937 -29021 -170793 248623 , -51773 6842 -101760 -11749 123913 -185984 , 193760 262628 -262628 0 34420 -228208 , 6.8860997855907114e-09 , 10
1.732647755516861 , 189233 -31325 -223134 -186687 -71101 -61224 , 240149 -92587 92587 0 52303 144890 , 40024 -101760 6842 -11749 84224 -117071 , 97532 -170041 170041 0 -86723 83318 , 375920 223134 31325 186687 161910 -39776 , -66676 179937 -13413 -29021 -68686 157380 , -37655 13413 -179937 29021 170793 -248623 , 51773 -6842 101760 11749 -123913 185984 , 193760 262628 -262628 0 34420 -228208 , 6.8860997855907114e-09 , 11
1.732647755516861 , 189233 -31325 -223134 -186687 -71101 -61224 , 240149 -92587 92587 0 52303 144890 , -101760 6842 -51773 84224 -117071 -40024 , 97532 -170041 170041 0 -86723 83318 , 375920 223134 31325 186687 161910 -39776 , 179937 -13413 37655 -68686 157380 66676 , 248623 -37655 13413 68686 29021 170793 , -185984 51773 -6842 -84224 11749 -123913 , 193760 262628 -262628 0 34420 -228208 , 6.8860997855907255e-09 , 12
1.732647755516861 , 189233 -31325 -223134 -186687 -71101 -61224 , 240149 -92587 92587 0 52303 144890 , 101760 -6842 51773 -84224 117071 40024 , 97532 -170041 170041 0 -86723 83318 , 375920 223134 31325 186687 161910 -39776 , -179937 13413 -37655 68686 -157380 -66676 , -248623 37655 -13413 -68686 -29021 -170793 , 185984 -51773 6842 84224 -11749 123913 , 193760 262628 -262628 0 34420 -228208 , 6.8860997855907255e-09 , 13
1.732647755516861 , 189233 -31325 -223134 -186687 -71101 -61224 , 97532 -170041 170041 0 -86723 83318 , -68686 -29021 -170793 179937 -66676 -157380 , 240149 -92587 92587 0 52303 144890 , 375920 223134 31325 186687 161910 -39776 , 84224 -11749 123913 -101760 40024 117071 , 185984 -123913 11749 101760 -6842 51773 , -248623 170793 29021 -179937 13413 -37655 , 193760 262628 -262628 0 34420 -228208 , 6.8860997855907412e-09 , 14
1.732647755516861 , 189233 -31325 -223134 -186687 -71101 -61224 , 97532 -170041 170041 0 -86723 83318 , 68686 29021 170793 -179937 66676 157380 , 240149 -92587 92587 0 52303 144890 , 375920 223134 31325 186687 161910 -39776 , -84224 11749 -123913 101760 -40024 -117071 , -185984 123913 -11749 -101760 6842 -51773 , 248623 -170793 -29021 179937 -13413 37655 , 193760 262628 -262628 0 34420 -228208 , 6.8860997855907412e-09 , 15
1.732647755516861 , 189233 -31325 -223134 -186687 -71101 -61224 , 97532 -170041 170041 0 -86723 83318 , 66676 157380 -68686 37655 -13413 179937 , 240149 -92587 92587 0 52303 144890 , 375920 223134 31325 186687 161910 -39776 , -40024 -117071 84224 -51773 6842 -101760 , 11749 -84224 117071 51773 -185984 123913 , 29021 68686 -157380 -37655 248623 -170793 , 193760 262628 -262628 0 34420 -228208 , 6.8860997855921871e-09 , 16
1.732647755516861 , 189233 -31325 -223134 -186687 -71101 -61224 , 97532 -170041 170041 0 -86723 83318 , -66676 -157380 68686 -37655 13413 -179937 , 240149 -92587 92587 0 52303 144890 , 375920 223134 31325 186687 161910 -39776 , 40024 117071 -84224 51773 -6842 101760 , -11749 84224 -117071 -51773 185984 -123913 , -29021 -68686 157380 37655 -248623 170793 , 193760 262628 -262628 0 34420 -228208 , 6.8860997855921871e-09 , 17
1.732647755516861 , 189233 -31325 -223134 -186687 -71101 -61224 , 240149 -92587 92587 0 52303 144890 , 6842 -51773 185984 -117071 -40024 101760 , 97532 -170041 170041 0 -86723 83318 , 375920 223134 31325 186687 161910 -39776 , -13413 37655 -248623 157380 66676 -179937 , -170793 248623 -37655 -157380 68686 29021 , 123913 -185984 51773 117071 -84224 11749 , 193760 262628 -262628 0 34420 -228208 , 6.8860997855934097e-09 , 18
1.732647755516861 , 189233 -31325 -223134 -186687 -71101 -61224 , 240149 -92587 92587 0 52303 144890 , -6842 51773 -185984 117071 40024 -101760 , 97532 -170041 170041 0 -86723 83318 , 375920 223134 31325 186687 161910 -39776 , 13413 -37655 248623 -157380 -66676 179937 , 170793 -248623 37655 157380 -68686 -29021 , -123913 185984 -51773 -117071 84224 -11749 , 193760 262628 -262628 0 34420 -228208 , 6.8860997855934097e-09 , 19
1.732647755516861 , 189233 -31325 -223134 -186687 -71101 -61224 , 97532 -170041 170041 0 -86723 83318 , -170793 248623 -37655 -157380 68686 29021 , 240149 -92587 92587 0 52303 144890 , 375920 223134 31325 186687 161910 -39776 , 123913 -185984 51773 117071 -84224 11749 , 6842 -51773 185984 -117071 -40024 101760 , -13413 37655 -248623 157380 66676 -179937 , 193760 262628 -262628 0 34420 -228208 , 6.886099785593432e-09 , 20
1.732647755516861 , 189233 -31325 -223134 -186687 -71101 -61224 , 97532 -170041 170041 0 -86723 83318 , 170793 -248623 37655 157380 -68686 -29021 , 240149 -92587 92587 0 52303 144890 , 375920 223134 31325 186687 161910 -39776 , -123913 185984 -51773 -117071 84224 -11749 , -6842 51773 -185984 117071 40024 -101760 , 13413 -37655 248623 -157380 -66676 179937 , 193760 262628 -262628 0 34420 -228208 , 6.886099785593432e-09 , 21
1.732647755516861 , 189233 -31325 -223134 -186687 -71101 -61224 , 240149 -92587 92587 0 52303 144890 , 123913 -11749 84224 6842 -51773 185984 , 97532 -170041 170041 0 -86723 83318 , 375920 223134 31325 186687 161910 -39776 , -170793 -29021 -68686 -13413 37655 -248623 , -157380 68686 29021 13413 -179937 66676 , 117071 -84224 11749 -6842 101760 -40024 , 193760 262628 -262628 0 34420 -228208 , 6.8860997855948523e-09 , 22
1.732647755516861 , 189233 -31325 -223134 -186687 -71101 -61224 , 240149 -92587 92587 0 52303 144890 , -123913 11749 -84224 -6842 51773 -185984 , 97532 -170041 170041 0 -86723 83318 , 375920 223134 31325 186687 161910 -39776 , 170793 29021 68686 13413 -37655 248623 , 157380 -68686 -29021 -13413 179937 -66676 , -117071 84224 -11749 6842 -101760 40024 , 193760 262628 -262628 0 34420 -228208 , 6.8860997855948523e-09 , 23
1.732647755516861 , 189233 -31325 -223134 -186687 -71101 -61224 , 97532 -170041 170041 0 -86723 83318 , -13413 179937 -66676 -170793 248623 -37655 , 240149 -92587 92587 0 52303 144890 , 375920 223134 31325 186687 161910 -39776 , 6842 -101760 40024 123913 -185984 51773 , -117071 -40024 101760 -123913 11749 -84224 , 157380 66676 -179937 170793 29021 68686 , 193760 262628 -262628 0 34420 -228208 , 6.8860997855962287e-09 , 24
1.732647755516861 , 189233 -31325 -223134 -186687 -71101 -61224 , 97532 -170041 170041 0 -86723 83318 , 13413 -179937 66676 170793 -248623 37655 , 240149 -92587 92587 0 52303 144890 , 375920 223134 31325 186687 161910 -39776 , -6842 101760 -40024 -123913 185984 -51773 , 117071 40024 -101760 123913 -11749 84224 , -157380 -66676 179937 -170793 -29021 -68686 , 193760 262628 -262628 0 34420 -228208 , 6.8860997855962287e-09 , 25
1.732647755516861 , 189233 -31325 -223134 -186687 -71101 -61224 , 97532 -170041 170041 0 -86723 83318 , -29021 -170793 248623 -66676 -157380 68686 , 240149 -92587 92587 0 52303 144890 , 375920 223134 31325 186687 161910 -39776 , -11749 123913 -185984 40024 117071 -84224 , -51773 185984 -123913 -40024 101760 -6842 , 37655 -248623 170793 66676 -179937 13413 , 193760 262628 -262628 0 34420 -228208 , 6.8860997855974587e-09 , 26
1.732647755516861 , 189233 -31325 -223134 -186687 -71101 -61224 , 97532 -170041 170041 0 -86723 83318 , 29021 170793 -248623 66676 157380 -68686 , 240149 -92587 92587 0 52303 144890 , 375920 223134 31325 186687 161910 -39776 , 11749 -123913 185984 -40024 -117071 84224 , 51773 -185984 123913 40024 -101760 6842 , -37655 248623 -170793 -66676 179937 -13413 , 193760 262628 -262628 0 34420 -228208 , 6.8860997855974587e-09 , 27
1.732647755516861 , 189233 -31325 -223134 -186687 -71101 -61224 , 240149 -92587 92587 0 52303 144890 , -185984 123913 -11749 -101760 6842 -51773 , 97532 -170041 170041 0 -86723 83318 , 375920 223134 31325 186687 161910 -39776 , 248623 -170793 -29021 179937 -13413 37655 , 68686 29021 170793 -179937 66676 157380 , -84224 11749 -123913 101760 -40024 -117071 , 193760 262628 -262628 0 34420 -228208 , 6.8860997855988856e-09 , 28
1.732647755516861 , 189233 -31325 -223134 -186687 -71101 -61224 , 240149 -92587 92587 0 52303 144890 , 185984 -123913 11749 101760 -6842 51773 , 97532 -170041 170041 0 -86723 83318 , 375920 223134 31325 186687 161910 -39776 , -248623 170793 29021 -179937 13413 -37655 , -68686 -29021 -170793 179937 -66676 -157380 , 84224 -11749 123913 -101760 40024 117071 , 193760 262628 -262628 0 34420 -228208 , 6.8860997855988856e-09 , 29
1.732647755516861 , 189233 -31325 -223134 -186687 -71101 -61224 , 97532 -170041 170041 0 -86723 83318 , -157380 68686 29021 13413 -179937 66676 , 240149 -92587 92587 0 52303 144890 , 375920 223134 31325 186687 161910 -39776 , 117071 -84224 11749 -6842 101760 -40024 , 123913 -11749 84224 6842 -51773 185984 , -170793 -29021 -68686 -13413 37655 -248623 , 193760 262628 -262628 0 34420 -228208 , 6.8860997856001818e-09 , 30
1.732647755516861 , 189233 -31325 -223134 -186687 -71101 -61224 , 97532 -170041 170041 0 -86723 83318 , 157380 -68686 -29021 -13413 179937 -66676 , 240149 -92587 92587 0 52303 144890 , 375920 223134 31325 186687 161910 -39776 , -117071 84224 -11749 6842 -101760 40024 , -123913 11749 -84224 -6842 51773 -185984 , 170793 29021 68686 13413 -37655 248623 , 193760 262628 -262628 0 34420 -228208 , 6.8860997856001818e-09 , 31
1.732647755516861 , 189233 -31325 -223134 -186687 -71101 -61224 , 97532 -170041 170041 0 -86723 83318 , -179937 66676 157380 -248623 37655 -13413 , 240149 -92587 92587 0 52303 144890 , 375920 223134 31325 186687 161910 -39776 , 101760 -40024 -117071 185984 -51773 6842 , -84224 117071 40024 -185984 123913 -11749 , 68686 -157380 -66676 248623 -170793 -29021 , 193760 262628 -262628 0 34420 -228208 , 6.8860997856001967e-09 , 32
1.732647755516861 , 189233 -31325 -223134 -186687 -71101 -61224 , 97532 -170041 170041 0 -86723 83318 , 179937 -66676 -157380 248623 -37655 13413 , 240149 -92587 92587 0 52303 144890 , 375920 223134 31325 186687 161910 -39776 , -101760 40024 117071 -185984 51773 -6842 , 84224 -117071 -40024 185984 -123913 11749 , -68686 157380 66676 -248623 170793 29021 , 193760 262628 -262628 0 34420 -228208 , 6.8860997856001967e-09 , 33
1.732647755516861 , 189233 -31325 -223134 -186687 -71101 -61224 , 240149 -92587 92587 0 52303 144890 , -51773 185984 -123913 -40024 101760 -6842 , 97532 -170041 170041 0 -86723 83318 , 375920 223134 31325 186687 161910 -39776 , 37655 -248623 170793 66676 -179937 13413 , -29021 -170793 248623 -66676 -157380 68686 , -11749 123913 -185984 40024 117071 -84224 , 193760 262628 -262628 0 34420 -228208 , 6.8860997856016327e-09 , 34
1.732647755516861 , 189233 -31325 -223134 -186687 -71101 -61224 , 240149 -92587 92587 0 52303 144890 , 51773 -185984 123913 40024 -101760 6842 , 97532 -170041 170041 0 -86723 83318 , 375920 223134 31325 186687 161910 -39776 , -37655 248623 -170793 -66676 179937 -13413 , 29021 170793 -248623 66676 157380 -68686 , 11749 -123913 185984 -40024 -117071 84224 , 193760 262628 -262628 0 34420 -228208 , 6.8860997856016327e-09 , 35
1.8429942608167962 , 38376 -155975 -294523 -58398 -200099 -251513 , 72574 -249405 249405 0 -164701 84704 , 87577 76897 103391 -94491 11153 214115 , 265107 -13223 13223 0 130281 143504 , 96774 294523 155975 58398 43010 -44124 , 194670 -117684 47882 129121 -96136 147507 , 65549 -47882 117684 -129121 99625 21548 , 182068 -103391 -76897 94491 110724 -65744 , 193760 262628 -262628 0 34420 -228208 , 6.8860997862762423e-09 , 0
1.8429942608167962 , 38376 -155975 -294523 -58398 -200099 -251513 , 72574 -249405 249405 0 -164701 84704 , -87577 -76897 -103391 94491 -11153 -214115 , 265107 -13223 13223 0 130281 143504 , 96774 294523 155975 58398 43010 -44124 , -194670 117684 -47882 -129121 96136 -147507 , -65549 47882 -117684 129121 -99625 -21548 , -182068 103391 76897 -94491 -110724 65744 , 193760 262628 -262628 0 34420 -228208 , 6.8860997862762423e-09 , 1
1.8429942608167962 , 38376 -155975 -294523 -58398 -200099 -251513 , 265107 -13223 13223 0 130281 143504 , -147507 96136 -129121 -47882 117684 -194670 , 72574 -249405 249405 0 -164701 84704 , 96774 294523 155975 58398 43010 -44124 , -214115 -11153 94491 -103391 -76897 -87577 , -110724 -94491 11153 103391 -182068 -65744 , -99625 129121 -96136 47882 -65549 21548 , 193760 262628 -262628 0 34420 -228208 , 6.8860997862781837e-09 , 2
1.8429942608167962 , 38376 -155975 -294523 -58398 -200099 -251513 , 265107 -13223 13223 0 130281 143504 , 147507 -96136 129121 47882 -117684 194670 , 72574 -249405 249405 0 -164701 84704 , 96774 294523 155975 58398 43010 -44124 , 214115 11153 -94491 103391 76897 87577 , 110724 94491 -11153 -103391 182068 65744 , 99625 -129121 96136 -47882 65549 -21548 , 193760 262628 -262628 0 34420 -228208 , 6.8860997862781837e-09 , 3
1.8429942608167962 , 38376 -155975 -294523 -58398 -200099 -251513 , 72574 -249405 249405 0 -164701 84704 , -65744 110724 94491 -76897 -103391 182068 , 265107 -13223 13223 0 130281 143504 , 96774 294523 155975 58398 43010 -44124 , 21548 99625 -129121 117684 -47882 65549 , -96136 129121 -99625 -117684 194670 -147507 , 11153 -94491 -110724 76897 87577 -214115 , 193760 262628 -262628 0 34420 -228208 , 6.8860997862832047e-09 , 4
1.8429942608167962 , 38376 -155975 -294523 -58398 -200099 -251513 , 72574 -249405 249405 0 -164701 84704 , 65744 -110724 -94491 76897 103391 -182068 , 265107 -13223 13223 0 130281 143504 , 96774 294523 155975 58398 43010 -44124 , -21548 -99625 129121 -117684 47882 -65549 , 96136 -129121 99625 117684 -194670 147507 , -11153 94491 110724 -76897 -87577 214115 , 193760 262628 -262628 0 34420 -228208 , 6.8860997862832047e-09 , 5
1.8429942608167962 , 38376 -155975 -294523 -58398 -200099 -251513 , 265107 -13223 13223 0 130281 143504 , -65549 47882 -117684 129121 -99625 -21548 , 72574 -249405 249405 0 -164701 84704 , 96774 294523 155975 58398 43010 -44124 , -182068 103391 76897 -94491 -110724 65744 , -87577 -76897 -103391 94491 -11153 -214115 , -194670 117684 -47882 -129121 96136 -147507 , 193760 262628 -262628 0 34420 -228208 , 6.8860997862832171e-09 , 6
1.8429942608167962 , 38376 -155975 -294523 -58398 -200099 -251513 , 265107 -13223 13223 0 130281 143504 , 65549 -47882 117684 -129121 99625 21548 , 72574 -249405 249405 0 -164701 84704 , 96774 294523 155975 58398 43010 -44124 , 182068 -103391 -76897 94491 110724 -65744 , 87577 76897 103391 -94491 11153 214115 , 194670 -117684 47882 129121 -96136 147507 , 193760 262628 -262628 0 34420 -228208 , 6.8860997862832171e-09 , 7
1.8429942608167962 , 38376 -155975 -294523 -58398 -200099 -251513 , 265107 -13223 13223 0 130281 143504 , 129121 -99625 -21548 194670 -147507 96136 , 72574 -249405 249405 0 -164701 84704 , 96774 294523 155975 58398 43010 -44124 , -94491 -110724 65744 87577 -214115 -11153 , -182068 -65744 110724 -87577 -76897 -103391 , -65549 21548 99625 -194670 117684 -47882 , 193760 262628 -262628 0 34420 -228208 , 6.886099786283256e-09 , 8
1.8429942608167962 , 38376 -155975 -294523 -58398 -200099 -251513 , 265107 -13223 13223 0 130281 143504 , -129121 99625 21548 -194670 147507 -96136 , 72574 -249405 249405 0 -164701 84704 , 96774 294523 155975 58398 43010 -44124 , 94491 110724 -65744 -87577 214115 11153 , 182068 65744 -110724 87577 76897 103391 , 65549 -21548 -99625 194670 -117684 47882 , 193760 262628 -262628 0 34420 -228208 , 6.886099786283256e-09 , 9
1.8429942608167962 , 38376 -155975 -294523 -58398 -200099 -251513 , 265107 -13223 13223 0 130281 143504 , -96136 129121 -99625 -117684 194670 -147507 , 72574 -249405 249405 0 -164701 84704 , 96774 294523 155975 58398 43010 -44124 , 11153 -94491 -110724 76897 87577 -214115 , -65744 110724 94491 -76897 -103391 182068 , 21548 99625 -129121 117684 -47882 65549 , 193760 262628 -262628 0 34420 -228208 , 6.8860997862850592e-09 , 10
1.8429942608167962 , 38376 -155975 -294523 -58398 -200099 -251513 , 265107 -13223 13223 0 130281 143504 , 96136 -129121 99625 117684 -194670 147507 , 72574 -249405 249405 0 -164701 84704 , 96774 294523 155975 58398 43010 -44124 , -11153 94491 110724 -76897 -87577 214115 , 65744 -110724 -94491 76897 103391 -182068 , -21548 -99625 129121 -117684 47882 -65549 , 193760 262628 -262628 0 34420 -228208 , 6.8860997862850592e-09 , 11
1.8429942608167962 , 38376 -155975 -294523 -58398 -200099 -251513 , 72574 -249405 249405 0 -164701 84704 , -94491 11153 214115 -182068 -65744 110724 , 265107 -13223 13223 0 130281 143504 , 96774 294523 155975 58398 43010 -44124 , 129121 -96136 147507 -65549 21548 99625 , 194670 -147507 96136 65549 -47882 117684 , 87577 -214115 -11153 182068 -103391 -76897 , 193760 262628 -262628 0 34420 -228208 , 6.8860997862867458e-09 , 12
1.8429942608167962 , 38376 -155975 -294523 -58398 -200099 -251513 , 72574 -249405 249405 0 -164701 84704 , 94491 -11153 -214115 182068 65744 -110724 , 265107 -13223 13223 0 130281 143504 , 96774 294523 155975 58398 43010 -44124 , -129121 96136 -147507 65549 -21548 -99625 , -194670 147507 -96136 -65549 47882 -117684 , -87577 214115 11153 -182068 103391 76897 , 193760 262628 -262628 0 34420 -228208 , 6.8860997862867458e-09 , 13
1.8429942608167962 , 38376 -155975 -294523 -58398 -200099 -251513 , 72574 -249405 249405 0 -164701 84704 , -76897 -103391 182068 -11153 -214115 87577 , 265107 -13223 13223 0 130281 143504 , 96774 294523 155975 58398 43010 -44124 , 117684 -47882 65549 96136 -147507 194670 , 21548 -65549 47882 -96136 129121 -99625 , -65744 -182068 103391 11153 -94491 -110724 , 193760 262628 -262628 0 34420 -228208 , 6.8860997862867657e-09 , 14
1.8429942608167962 , 38376 -155975 -294523 -58398 -200099 -251513 , 72574 -249405 249405 0 -164701 84704 , 76897 103391 -182068 11153 214115 -87577 , 265107 -13223 13223 0 130281 143504 , 96774 294523 155975 58398 43010 -44124 , -117684 47882 -65549 -96136 147507 -194670 , -21548 65549 -47882 96136 -129121 99625 , 65744 182068 -103391 -11153 94491 110724 , 193760 262628 -262628 0 34420 -228208 , 6.8860997862867657e-09 , 15
1.8429942608167962 , 38376 -155975 -294523 -58398 -200099 -251513 , 265107 -13223 13223 0 130281 143504 , 47882 -117684 194670 -99625 -21548 65549 , 72574 -249405 249405 0 -164701 84704 , 96774 294523 155975 58398 43010 -44124 , 103391 76897 87577 -110724 65744 182068 , 214115 -87577 -76897 110724 94491 -11153 , 147507 -194670 117684 99625 -129121 96136 , 193760 262628 -262628 0 34420 -228208 , 6.8860997862883994e-09 , 16
1.8429942608167962 , 38376 -155975 -294523 -58398 -200099 -251513 , 265107 -13223 13223 0 130281 143504 , -47882 117684 -194670 99625 21548 -65549 , 72574 -249405 249405 0 -164701 84704 , 96774 294523 155975 58398 43010 -44124 , -103391 -76897 -87577 110724 -65744 -182068 , -214115 87577 76897 -110724 -94491 11153 , -147507 194670 -117684 -99625 129121 -96136 , 193760 262628 -262628 0 34420 -228208 , 6.8860997862883994e-09 , 17
1.8429942608167962 , 38376 -155975 -294523 -58398 -200099 -251513 , 72574 -249405 249405 0 -164701 84704 , -103391 182068 65744 -214115 87577 76897 , 265107 -13223 13223 0 130281 143504 , 96774 294523 155975 58398 43010 -44124 , -47882 65549 -21548 -147507 194670 -117684 , 99625 21548 -65549 147507 -96136 129121 , 110724 -65744 -182068 214115 11153 -94491 , 193760 262628 -262628 0 34420 -228208 , 6.8860997862902109e-09 , 18
1.8429942608167962 , 38376 -155975 -294523 -58398 -200099 -251513 , 72574 -249405 249405 0 -164701 84704 , 103391 -182068 -65744 214115 -87577 -76897 , 265107 -13223 13223 0 130281 143504 , 96774 294523 155975 58398 43010 -44124 , 47882 -65549 21548 147507 -194670 117684 , -99625 -21548 65549 -147507 96136 -129121 , -110724 65744 182068 -214115 -11153 94491 , 193760 262628 -262628 0 34420 -228208 , 6.8860997862902109e-09 , 19
1.8429942608167962 , 38376 -155975 -294523 -58398 -200099 -251513 , 265107 -13223 13223 0 130281 143504 , -117684 194670 -147507 -21548 65549 -47882 , 72574 -249405 249405 0 -164701 84704 , 96774 294523 155975 58398 43010 -44124 , 76897 87577 -214115 65744 182068 -103391 , 11153 214115 -87577 -65744 110724 94491 , -96136 147507 -194670 21548 99625 -129121 , 193760 262628 -262628 0 34420 -228208 , 6.8860997862919629e-09 , 20
1.8429942608167962 , 38376 -155975 -294523 -58398 -200099 -251513 , 265107 -13223 13223 0 130281 143504 , 117684 -194670 147507 21548 -65549 47882 , 72574 -249405 249405 0 -164701 84704 , 96774 294523 155975 58398 43010 -44124 , -76897 -87577 214115 -65744 -182068 103391 , -11153 -214115 87577 65744 -110724 -94491 , 96136 -147507 194670 -21548 -99625 129121 , 193760 262628 -262628 0 34420 -228208 , 6.8860997862919629e-09 , 21
1.8429942608167962 , 38376 -155975 -294523 -58398 -200099 -251513 , 72574 -249405 249405 0 -164701 84704 , -182068 -65744 110724 -87577 -76897 -103391 , 265107 -13223 13223 0 130281 143504 , 96774 294523 155975 58398 43010 -44124 , -65549 21548 99625 -194670 117684 -47882 , 129121 -99625 -21548 194670 -147507 96136 , -94491 -110724 65744 87577 -214115 -11153 , 193760 262628 -262628 0 34420 -228208 , 6.8860997862919678e-09 , 22
1.8429942608167962 , 38376 -155975 -294523 -58398 -200099 -251513 , 72574 -249405 249405 0 -164701 84704 , 182068 65744 -110724 87577 76897 103391 , 265107 -13223 13223 0 130281 143504 , 96774 294523 155975 58398 43010 -44124 , 65549 -21548 -99625 194670 -117684 47882 , -129121 99625 21548 -194670 147507 -96136 , 94491 110724 -65744 -87577 214115 11153 , 193760 262628 -262628 0 34420 -228208 , 6.8860997862919678e-09 , 23
1.8429942608167962 , 38376 -155975 -294523 -58398 -200099 -251513 , 265107 -13223 13223 0 130281 143504 , -21548 65549 -47882 96136 -129121 99625 , 72574 -249405 249405 0 -164701 84704 , 96774 294523 155975 58398 43010 -44124 , 65744 182068 -103391 -11153 94491 110724 , 76897 103391 -182068 11153 214115 -87577 , -117684 47882 -65549 -96136 147507 -194670 , 193760 262628 -262628 0 34420 -228208 , 6.8860997862919885e-09 , 24
1.8429942608167962 , 38376 -155975 -294523 -58398 -200099 -251513 , 265107 -13223 13223 0 130281 143504 , 21548 -65549 47882 -96136 129121 -99625 , 72574 -249405 249405 0 -164701 84704 , 96774 294523 155975 58398 43010 -44124 , -65744 -182068 103391 11153 -94491 -110724 , -76897 -103391 182068 -11153 -214115 87577 , 117684 -47882 65549 96136 -147507 194670 , 193760 262628 -262628 0 34420 -228208 , 6.8860997862919885e-09 , 25
1.8429942608167962 , 38376 -155975 -294523 -58398 -200099 -251513 , 72574 -249405 249405 0 -164701 84704 , 11153 214115 -87577 -65744 110724 94491 , 265107 -13223 13223 0 130281 143504 , 96774 294523 155975 58398 43010 -44124 , -96136 147507 -194670 21548 99625 -129121 , -117684 194670 -147507 -21548 65549 -47882 , 76897 87577 -214115 65744 182068 -103391 , 193760 262628 -262628 0 34420 -228208 , 6.8860997862920307e-09 , 26
1.8429942608167962 , 38376 -155975 -294523 -58398 -200099 -251513 , 72574 -249405 249405 0 -164701 84704 , -11153 -214115 87577 65744 -110724 -94491 , 265107 -13223 13223 0 130281 143504 , 96774 294523 155975 58398 43010 -44124 , 96136 -147507 194670 -21548 -99625 129121 , 117684 -194670 147507 21548 -65549 47882 , -76897 -87577 214115 -65744 -182068 103391 , 193760 262628 -262628 0 34420 -228208 , 6.8860997862920307e-09 , 27
1.8429942608167962 , 38376 -155975 -294523 -58398 -200099 -251513 , 72574 -249405 249405 0 -164701 84704 , -214115 87577 76897 -110724 -94491 11153 , 265107 -13223 13223 0 130281 143504 , 96774 294523 155975 58398 43010 -44124 , -147507 194670 -117684 -99625 129121 -96136 , -47882 117684 -194670 99625 21548 -65549 , -103391 -76897 -87577 110724 -65744 -182068 , 193760 262628 -262628 0 34420 -228208 , 6.8860997862937909e-09 , 28
1.8429942608167962 , 38376 -155975 -294523 -58398 -200099 -251513 , 72574 -249405 249405 0 -164701 84704 , 214115 -87577 -76897 110724 94491 -11153 , 265107 -13223 13223 0 130281 143504 , 96774 294523 155975 58398 43010 -44124 , 147507 -194670 117684 99625 -129121 96136 , 47882 -117684 194670 -99625 -21548 65549 , 103391 76897 87577 -110724 65744 182068 , 193760 262628 -262628 0 34420 -228208 , 6.8860997862937909e-09 , 29
1.8429942608167962 , 38376 -155975 -294523 -58398 -200099 -251513 , 265107 -13223 13223 0 130281 143504 , -99625 -21548 65549 -147507 96136 -129121 , 72574 -249405 249405 0 -164701 84704 , 96774 294523 155975 58398 43010 -44124 , -110724 65744 182068 -214115 -11153 94491 , 103391 -182068 -65744 214115 -87577 -76897 , 47882 -65549 21548 147507 -194670 117684 , 193760 262628 -262628 0 34420 -228208 , 6.8860997862954718e-09 , 30
1.8429942608167962 , 38376 -155975 -294523 -58398 -200099 -251513 , 265107 -13223 13223 0 130281 143504 , 99625 21548 -65549 147507 -96136 129121 , 72574 -249405 249405 0 -164701 84704 , 96774 294523 155975 58398 43010 -44124 , 110724 -65744 -182068 214115 11153 -94491 , -103391 182068 65744 -214115 87577 76897 , -47882 65549 -21548 -147507 194670 -117684 , 193760 262628 -262628 0 34420 -228208 , 6.8860997862954718e-09 , 31
1.8429942608167962 , 38376 -155975 -294523 -58398 -200099 -251513 , 265107 -13223 13223 0 130281 143504 , -194670 147507 -96136 -65549 47882 -117684 , 72574 -249405 249405 0 -164701 84704 , 96774 294523 155975 58398 43010 -44124 , -87577 214115 11153 -182068 103391 76897 , 94491 -11153 -214115 182068 65744 -110724 , -129121 96136 -147507 65549 -21548 -99625 , 193760 262628 -262628 0 34420 -228208 , 6.8860997862955297e-09 , 32
1.8429942608167962 , 38376 -155975 -294523 -58398 -200099 -251513 , 265107 -13223 13223 0 130281 143504 , 194670 -147507 96136 65549 -47882 117684 , 72574 -249405 249405 0 -164701 84704 , 96774 294523 155975 58398 43010 -44124 , 87577 -214115 -11153 182068 -103391 -76897 , -94491 11153 214115 -182068 -65744 110724 , 129121 -96136 147507 -65549 21548 99625 , 193760 262628 -262628 0 34420 -228208 , 6.8860997862955297e-09 , 33
1.8429942608167962 , 38376 -155975 -294523 -58398 -200099 -251513 , 72574 -249405 249405 0 -164701 84704 , -110724 -94491 11153 103391 -182068 -65744 , 265107 -13223 13223 0 130281 143504 , 96774 294523 155975 58398 43010 -44124 , -99625 129121 -96136 47882 -65549 21548 , -147507 96136 -129121 -47882 117684 -194670 , -214115 -11153 94491 -103391 -76897 -87577 , 193760 262628 -262628 0 34420 -228208 , 6.8860997863006714e-09 , 34
1.8429942608167962 , 38376 -155975 -294523 -58398 -200099 -251513 , 72574 -249405 249405 0 -164701 84704 , 110724 94491 -11153 -103391 182068 65744 , 265107 -13223 13223 0 130281 143504 , 96774 294523 155975 58398 43010 -44124 , 99625 -129121 96136 -47882 65549 -21548 , 147507 -96136 129121 47882 -117684 194670 , 214115 11153 -94491 103391 76897 87577 , 193760 262628 -262628 0 34420 -228208 , 6.8860997863006714e-09 , 35
1.9462706405812134 , -116265 -108630 -6149 -319831 -307128 -54352 , 238279 -123887 123887 0 25792 149679 , -145424 42694 84251 -141671 3446 -32448 , 99402 -138741 138741 0 -60212 78529 , 203566 6149 108630 319831 -48203 -198498 , -80966 -62301 -13945 158937 -234649 10553 , -239903 13945 62301 -158937 24498 -172348 , -3753 -84251 -42694 141671 -116699 -39248 , 193760 262628 -262628 0 34420 -228208 , 6.8860997847436768e-09 , 0
1.9462706405812134 , -116265 -108630 -6149 -319831 -307128 -54352 , 238279 -123887 123887 0 25792 149679 , 145424 -42694 -84251 141671 -3446 32448 , 99402 -138741 138741 0 -60212 78529 , 203566 6149 108630 319831 -48203 -198498 , 80966 62301 13945 -158937 234649 -10553 , 239903 -13945 -62301 158937 -24498 172348 , 3753 84251 42694 -141671 116699 39248 , 193760 262628 -262628 0 34420 -228208 , 6.8860997847436768e-09 , 1
1.9462706405812134 , -116265 -108630 -6149 -319831 -307128 -54352 , 99402 -138741 138741 0 -60212 78529 , -234649 158937 -24498 -62301 -80966 -10553 , 238279 -123887 123887 0 25792 149679 , 203566 6149 108630 319831 -48203 -198498 , 3446 -141671 116699 42694 -145424 32448 , -39248 -116699 141671 -42694 -84251 -3753 , -172348 24498 -158937 62301 13945 -239903 , 193760 262628 -262628 0 34420 -228208 , 6.8860997847437322e-09 , 2
1.9462706405812134 , -116265 -108630 -6149 -319831 -307128 -54352 , 99402 -138741 138741 0 -60212 78529 , 234649 -158937 24498 62301 80966 10553 , 238279 -123887 123887 0 25792 149679 , 203566 6149 108630 319831 -48203 -198498 , -3446 141671 -116699 -42694 145424 -32448 , 39248 116699 -141671 42694 84251 3753 , 172348 -24498 158937 -62301 -13945 239903 , 193760 262628 -262628 0 34420 -228208 , 6.8860997847437322e-09 , 3
1.9462706405812134 , -116265 -108630 -6149 -319831 -307128 -54352 , 99402 -138741 138741 0 -60212 78529 , -10553 234649 -158937 13945 62301 80966 , 238279 -123887 123887 0 25792 149679 , 203566 6149 108630 319831 -48203 -198498 , 32448 -3446 141671 -84251 -42694 145424 , 116699 -141671 3446 84251 3753 -39248 , -24498 158937 -234649 -13945 239903 -172348 , 193760 262628 -262628 0 34420 -228208 , 6.8860997847448249e-09 , 4
1.9462706405812134 , -116265 -108630 -6149 -319831 -307128 -54352 , 99402 -138741 138741 0 -60212 78529 , 10553 -234649 158937 -13945 -62301 -80966 , 238279 -123887 123887 0 25792 149679 , 203566 6149 108630 319831 -48203 -198498 , -32448 3446 -141671 84251 42694 -145424 , -116699 141671 -3446 -84251 -3753 39248 , 24498 -158937 234649 13945 -239903 172348 , 193760 262628 -262628 0 34420 -228208 , 6.8860997847448249e-09 , 5
1.9462706405812134 , -116265 -108630 -6149 -319831 -307128 -54352 , 99402 -138741 138741 0 -60212 78529 , 158937 -24498 172348 -80966 -10553 234649 , 238279 -123887 123887 0 25792 149679 , 203566 6149 108630 319831 -48203 -198498 , -141671 116699 39248 -145424 32448 -3446 , 3753 -39248 -116699 145424 -42694 -84251 , 239903 -172348 24498 80966 62301 13945 , 193760 262628 -262628 0 34420 -228208 , 6.8860997847453014e-09 , 6
1.9462706405812134 , -116265 -108630 -6149 -319831 -307128 -54352 , 99402 -138741 138741 0 -60212 78529 , -158937 24498 -172348 80966 10553 -234649 , 238279 -123887 123887 0 25792 149679 , 203566 6149 108630 319831 -48203 -198498 , 141671 -116699 -39248 145424 -32448 3446 , -3753 39248 116699 -145424 42694 84251 , -239903 172348 -24498 -80966 -62301 -13945 , 193760 262628 -262628 0 34420 -228208 , 6.8860997847453014e-09 , 7
1.9462706405812134 , -116265 -108630 -6149 -319831 -307128 -54352 , 238279 -123887 123887 0 25792 149679 , -3753 39248 116699 -145424 42694 84251 , 99402 -138741 138741 0 -60212 78529 , 203566 6149 108630 319831 -48203 -198498 , -239903 172348 -24498 -80966 -62301 -13945 , -158937 24498 -172348 80966 10553 -234649 , 141671 -116699 -39248 145424 -32448 3446 , 193760 262628 -262628 0 34420 -228208 , 6.8860997847453204e-09 , 8
1.9462706405812134 , -116265 -108630 -6149 -319831 -307128 -54352 , 238279 -123887 123887 0 25792 149679 , 3753 -39248 -116699 145424 -42694 -84251 , 99402 -138741 138741 0 -60212 78529 , 203566 6149 108630 319831 -48203 -198498 , 239903 -172348 24498 80966 62301 13945 , 158937 -24498 172348 -80966 -10553 234649 , -141671 116699 39248 -145424 32448 -3446 , 193760 262628 -262628 0 34420 -228208 , 6.8860997847453204e-09 , 9
1.9462706405812134 , -116265 -108630 -6149 -319831 -307128 -54352 , 238279 -123887 123887 0 25792 149679 , -3446 32448 -145424 39248 116699 -141671 , 99402 -138741 138741 0 -60212 78529 , 203566 6149 108630 319831 -48203 -198498 , 234649 -10553 -80966 172348 -24498 158937 , 62301 80966 10553 -172348 239903 -13945 , -42694 145424 -32448 -39248 3753 84251 , 193760 262628 -262628 0 34420 -228208 , 6.8860997847457894e-09 , 10
1.9462706405812134 , -116265 -108630 -6149 -319831 -307128 -54352 , 238279 -123887 123887 0 25792 149679 , 3446 -32448 145424 -39248 -116699 141671 , 99402 -138741 138741 0 -60212 78529 , 203566 6149 108630 319831 -48203 -198498 , -234649 10553 80966 -172348 24498 -158937 , -62301 -80966 -10553 172348 -239903 13945 , 42694 -145424 32448 39248 -3753 -84251 , 193760 262628 -262628 0 34420 -228208 , 6.8860997847457894e-09 , 11
1.9462706405812134 , -116265 -108630 -6149 -319831 -307128 -54352 , 99402 -138741 138741 0 -60212 78529 , -24498 172348 -239903 -10553 234649 -158937 , 238279 -123887 123887 0 25792 149679 , 203566 6149 108630 319831 -48203 -198498 , 116699 39248 -3753 32448 -3446 141671 , 84251 3753 -39248 -32448 145424 -42694 , -13945 239903 -172348 10553 80966 62301 , 193760 262628 -262628 0 34420 -228208 , 6.8860997847457927e-09 , 12
1.9462706405812134 , -116265 -108630 -6149 -319831 -307128 -54352 , 99402 -138741 138741 0 -60212 78529 , 24498 -172348 239903 10553 -234649 158937 , 238279 -123887 123887 0 25792 149679 , 203566 6149 108630 319831 -48203 -198498 , -116699 -39248 3753 -32448 3446 -141671 , -84251 -3753 39248 32448 -145424 42694 , 13945 -239903 172348 -10553 -80966 -62301 , 193760 262628 -262628 0 34420 -228208 , 6.8860997847457927e-09 , 13
1.9462706405812134 , -116265 -108630 -6149 -319831 -307128 -54352 , 99402 -138741 138741 0 -60212 78529 , -80966 -10553 234649 -239903 13945 62301 , 238279 -123887 123887 0 25792 149679 , 203566 6149 108630 319831 -48203 -198498 , -145424 32448 -3446 -3753 -84251 -42694 , -141671 3446 -32448 3753 -39248 -116699 , 158937 -234649 10553 239903 -172348 24498 , 193760 262628 -262628 0 34420 -228208 , 6.8860997847458299e-09 , 14
1.9462706405812134 , -116265 -108630 -6149 -319831 -307128 -54352 , 99402 -138741 138741 0 -60212 78529 , 80966 10553 -234649 239903 -13945 -62301 , 238279 -123887 123887 0 25792 149679 , 203566 6149 108630 319831 -48203 -198498 , 145424 -32448 3446 3753 84251 42694 , 141671 -3446 32448 -3753 39248 116699 , -158937 234649 -10553 -239903 172348 -24498 , 193760 262628 -262628 0 34420 -228208 , 6.8860997847458299e-09 , 15
1.9462706405812134 , -116265 -108630 -6149 -319831 -307128 -54352 , 238279 -123887 123887 0 25792 149679 , -84251 -3753 39248 32448 -145424 42694 , 99402 -138741 138741 0 -60212 78529 , 203566 6149 108630 319831 -48203 -198498 , 13945 -239903 172348 -10553 -80966 -62301 , 24498 -172348 239903 10553 -234649 158937 , -116699 -39248 3753 -32448 3446 -141671 , 193760 262628 -262628 0 34420 -228208 , 6.8860997847458779e-09 , 16
1.9462706405812134 , -116265 -108630 -6149 -319831 -307128 -54352 , 238279 -123887 123887 0 25792 149679 , 84251 3753 -39248 -32448 145424 -42694 , 99402 -138741 138741 0 -60212 78529 , 203566 6149 108630 319831 -48203 -198498 , -13945 239903 -172348 10553 80966 62301 , -24498 172348 -239903 -10553 234649 -158937 , 116699 39248 -3753 32448 -3446 141671 , 193760 262628 -262628 0 34420 -228208 , 6.8860997847458779e-09 , 17
1.9462706405812134 , -116265 -108630 -6149 -319831 -307128 -54352 , 238279 -123887 123887 0 25792 149679 , 42694 84251 3753 3446 -32448 145424 , 99402 -138741 138741 0 -60212 78529 , 203566 6149 108630 319831 -48203 -198498 , -62301 -13945 239903 -234649 10553 80966 , 172348 -239903 13945 234649 -158937 24498 , 39248 -3753 -84251 -3446 141671 -116699 , 193760 262628 -262628 0 34420 -228208 , 6.8860997847459044e-09 , 18
1.9462706405812134 , -116265 -108630 -6149 -319831 -307128 -54352 , 238279 -123887 123887 0 25792 149679 , -42694 -84251 -3753 -3446 32448 -145424 , 99402 -138741 138741 0 -60212 78529 , 203566 6149 108630 319831 -48203 -198498 , 62301 13945 -239903 234649 -10553 -80966 , -172348 239903 -13945 -234649 158937 -24498 , -39248 3753 84251 3446 -141671 116699 , 193760 262628 -262628 0 34420 -228208 , 6.8860997847459044e-09 , 19
1.9462706405812134 , -116265 -108630 -6149 -319831 -307128 -54352 , 238279 -123887 123887 0 25792 149679 , 32448 -145424 42694 116699 -141671 3446 , 99402 -138741 138741 0 -60212 78529 , 203566 6149 108630 319831 -48203 -198498 , -10553 -80966 -62301 -24498 158937 -234649 , 13945 62301 80966 24498 -172348 239903 , -84251 -42694 145424 -116699 -39248 3753 , 193760 262628 -262628 0 34420 -228208 , 6.8860997847463535e-09 , 20
1.9462706405812134 , -116265 -108630 -6149 -319831 -307128 -54352 , 238279 -123887 123887 0 25792 149679 , -32448 145424 -42694 -116699 141671 -3446 , 99402 -138741 138741 0 -60212 78529 , 203566 6149 108630 319831 -48203 -198498 , 10553 80966 62301 24498 -158937 234649 , -13945 -62301 -80966 -24498 172348 -239903 , 84251 42694 -145424 116699 39248 -3753 , 193760 262628 -262628 0 34420 -228208 , 6.8860997847463535e-09 , 21
1.9462706405812134 , -116265 -108630 -6149 -319831 -307128 -54352 , 99402 -138741 138741 0 -60212 78529 , 172348 -239903 13945 234649 -158937 24498 , 238279 -123887 123887 0 25792 149679 , 203566 6149 108630 319831 -48203 -198498 , 39248 -3753 -84251 -3446 141671 -116699 , 42694 84251 3753 3446 -32448 145424 , -62301 -13945 239903 -234649 10553 80966 , 193760 262628 -262628 0 34420 -228208 , 6.8860997847474843e-09 , 22
1.9462706405812134 , -116265 -108630 -6149 -319831 -307128 -54352 , 99402 -138741 138741 0 -60212 78529 , -172348 239903 -13945 -234649 158937 -24498 , 238279 -123887 123887 0 25792 149679 , 203566 6149 108630 319831 -48203 -198498 , -39248 3753 84251 3446 -141671 116699 , -42694 -84251 -3753 -3446 32448 -145424 , 62301 13945 -239903 234649 -10553 -80966 , 193760 262628 -262628 0 34420 -228208 , 6.8860997847474843e-09 , 23
1.9462706405812134 , -116265 -108630 -6149 -319831 -307128 -54352 , 238279 -123887 123887 0 25792 149679 , -141671 3446 -32448 3753 -39248 -116699 , 99402 -138741 138741 0 -60212 78529 , 203566 6149 108630 319831 -48203 -198498 , 158937 -234649 10553 239903 -172348 24498 , -80966 -10553 234649 -239903 13945 62301 , -145424 32448 -3446 -3753 -84251 -42694 , 193760 262628 -262628 0 34420 -228208 , 6.8860997847474884e-09 , 24
1.9462706405812134 , -116265 -108630 -6149 -319831 -307128 -54352 , 238279 -123887 123887 0 25792 149679 , 141671 -3446 32448 -3753 39248 116699 , 99402 -138741 138741 0 -60212 78529 , 203566 6149 108630 319831 -48203 -198498 , -158937 234649 -10553 -239903 172348 -24498 , 80966 10553 -234649 239903 -13945 -62301 , 145424 -32448 3446 3753 84251 42694 , 193760 262628 -262628 0 34420 -228208 , 6.8860997847474884e-09 , 25
1.9462706405812134 , -116265 -108630 -6149 -319831 -307128 -54352 , 99402 -138741 138741 0 -60212 78529 , -62301 -80966 -10553 172348 -239903 13945 , 238279 -123887 123887 0 25792 149679 , 203566 6149 108630 319831 -48203 -198498 , 42694 -145424 32448 39248 -3753 -84251 , 3446 -32448 145424 -39248 -116699 141671 , -234649 10553 80966 -172348 24498 -158937 , 193760 262628 -262628 0 34420 -228208 , 6.8860997847485348e-09 , 26
1.9462706405812134 , -116265 -108630 -6149 -319831 -307128 -54352 , 99402 -138741 138741 0 -60212 78529 , 62301 80966 10553 -172348 239903 -13945 , 238279 -123887 123887 0 25792 149679 , 203566 6149 108630 319831 -48203 -198498 , -42694 145424 -32448 -39248 3753 84251 , -3446 32448 -145424 39248 116699 -141671 , 234649 -10553 -80966 172348 -24498 158937 , 193760 262628 -262628 0 34420 -228208 , 6.8860997847485348e-09 , 27
1.9462706405812134 , -116265 -108630 -6149 -319831 -307128 -54352 , 99402 -138741 138741 0 -60212 78529 , -239903 13945 62301 -158937 24498 -172348 , 238279 -123887 123887 0 25792 149679 , 203566 6149 108630 319831 -48203 -198498 , -3753 -84251 -42694 141671 -116699 -39248 , -145424 42694 84251 -141671 3446 -32448 , -80966 -62301 -13945 158937 -234649 10553 , 193760 262628 -262628 0 34420 -228208 , 6.886099784750257e-09 , 28
1.9462706405812134 , -116265 -108630 -6149 -319831 -307128 -54352 , 99402 -138741 138741 0 -60212 78529 , 239903 -13945 -62301 158937 -24498 172348 , 238279 -123887 123887 0 25792 149679 , 203566 6149 108630 319831 -48203 -198498 , 3753 84251 42694 -141671 116699 39248 , 145424 -42694 -84251 141671 -3446 32448 , 80966 62301 13945 -158937 234649 -10553 , 193760 262628 -262628 0 34420 -228208 , 6.886099784750257e-09 , 29
1.9462706405812134 , -116265 -108630 -6149 -319831 -307128 -54352 , 238279 -123887 123887 0 25792 149679 , -116699 141671 -3446 -84251 -3753 39248 , 99402 -138741 138741 0 -60212 78529 , 203566 6149 108630 319831 -48203 -198498 , 24498 -158937 234649 13945 -239903 172348 , 10553 -234649 158937 -13945 -62301 -80966 , -32448 3446 -141671 84251 42694 -145424 , 193760 262628 -262628 0 34420 -228208 , 6.8860997847513539e-09 , 30
1.9462706405812134 , -116265 -108630 -6149 -319831 -307128 -54352 , 238279 -123887 123887 0 25792 149679 , 116699 -141671 3446 84251 3753 -39248 , 99402 -138741 138741 0 -60212 78529 , 203566 6149 108630 319831 -48203 -198498 , -24498 158937 -234649 -13945 239903 -172348 , -10553 234649 -158937 13945 62301 80966 , 32448 -3446 141671 -84251 -42694 145424 , 193760 262628 -262628 0 34420 -228208 , 6.8860997847513539e-09 , 31
1.9462706405812134 , -116265 -108630 -6149 -319831 -307128 -54352 , 99402 -138741 138741 0 -60212 78529 , 13945 62301 80966 24498 -172348 239903 , 238279 -123887 123887 0 25792 149679 , 203566 6149 108630 319831 -48203 -198498 , -84251 -42694 145424 -116699 -39248 3753 , 32448 -145424 42694 116699 -141671 3446 , -10553 -80966 -62301 -24498 158937 -234649 , 193760 262628 -262628 0 34420 -228208 , 6.8860997847519147e-09 , 32
1.9462706405812134 , -116265 -108630 -6149 -319831 -307128 -54352 , 99402 -138741 138741 0 -60212 78529 , -13945 -62301 -80966 -24498 172348 -239903 , 238279 -123887 123887 0 25792 149679 , 203566 6149 108630 319831 -48203 -198498 , 84251 42694 -145424 116699 39248 -3753 , -32448 145424 -42694 -116699 141671 -3446 , 10553 80966 62301 24498 -158937 234649 , 193760 262628 -262628 0 34420 -228208 , 6.8860997847519147e-09 , 33
1.9462706405812134 , -116265 -108630 -6149 -319831 -307128 -54352 , 238279 -123887 123887 0 25792 149679 , 39248 116699 -141671 42694 84251 3753 , 99402 -138741 138741 0 -60212 78529 , 203566 6149 108630 319831 -48203 -198498 , 172348 -24498 158937 -62301 -13945 239903 , 234649 -158937 24498 62301 80966 10553 , -3446 141671 -116699 -42694 145424 -32448 , 193760 262628 -262628 0 34420 -228208 , 6.8860997847529842e-09 , 34
1.9462706405812134 , -116265 -108630 -6149 -319831 -307128 -54352 , 238279 -123887 123887 0 25792 149679 , -39248 -116699 141671 -42694 -84251 -3753 , 99402 -138741 138741 0 -60212 78529 , 203566 6149 108630 319831 -48203 -198498 , -172348 24498 -158937 62301 13945 -239903 , -234649 158937 -24498 -62301 -80966 -10553 , 3446 -141671 116699 42694 -145424 32448 , 193760 262628 -262628 0 34420 -228208 , 6.8860997847529842e-09 , 35
2.0571347375489997 , 61289 -3838 -194331 -237207 -151502 12051 , 223891 -32886 32886 0 92321 125207 , 661 210 -149589 200075 -104752 -28474 , 113790 -229742 229742 0 -126741 103001 , 298496 194331 3838 237207 206382 -147664 , 16681 181278 -67421 -105509 164905 44307 , 122190 67421 -181278 105509 111728 -16373 , -199414 149589 -210 -200075 121115 -104962 , 193760 262628 -262628 0 34420 -228208 , 6.8860997849487506e-09 , 0
2.0571347375489997 , 61289 -3838 -194331 -237207 -151502 12051 , 223891 -32886 32886 0 92321 125207 , -661 -210 149589 -200075 104752 28474 , 113790 -229742 229742 0 -126741 103001 , 298496 194331 3838 237207 206382 -147664 , -16681 -181278 67421 105509 -164905 -44307 , -122190 -67421 181278 -105509 -111728 16373 , 199414 -149589 210 200075 -121115 104962 , 193760 262628 -262628 0 34420 -228208 , 6.8860997849487506e-09 , 1
2.0571347375489997 , 61289 -3838 -194331 -237207 -151502 12051 , 223891 -32886 32886 0 92321 125207 , -199414 104962 -121115 661 210 -149589 , 113790 -229742 229742 0 -126741 103001 , 298496 194331 3838 237207 206382 -147664 , 122190 16373 -111728 16681 181278 -67421 , 105509 111728 -16373 -16681 44307 164905 , -200075 121115 -104962 -661 -28474 -104752 , 193760 262628 -262628 0 34420 -228208 , 6.8860997849488275e-09 , 2
2.0571347375489997 , 61289 -3838 -194331 -237207 -151502 12051 , 223891 -32886 32886 0 92321 125207 , 199414 -104962 121115 -661 -210 149589 , 113790 -229742 229742 0 -126741 103001 , 298496 194331 3838 237207 206382 -147664 , -122190 -16373 111728 -16681 -181278 67421 , -105509 -111728 16373 16681 -44307 -164905 , 200075 -121115 104962 661 28474 104752 , 193760 262628 -262628 0 34420 -228208 , 6.8860997849488275e-09 , 3
2.0571347375489997 , 61289 -3838 -194331 -237207 -151502 12051 , 113790 -229742 229742 0 -126741 103001 , -16681 44307 164905 -122190 -67421 181278 , 223891 -32886 32886 0 92321 125207 , 298496 194331 3838 237207 206382 -147664 , -661 -28474 -104752 199414 -149589 210 , -200075 104752 28474 -199414 104962 -121115 , 105509 -164905 -44307 122190 16373 -111728 , 193760 262628 -262628 0 34420 -228208 , 6.8860997849488656e-09 , 4
2.0571347375489997 , 61289 -3838 -194331 -237207 -151502 12051 , 113790 -229742 229742 0 -126741 103001 , 16681 -44307 -164905 122190 67421 -181278 , 223891 -32886 32886 0 92321 125207 , 298496 194331 3838 237207 206382 -147664 , 661 28474 104752 -199414 149589 -210 , 200075 -104752 -28474 199414 -104962 121115 , -105509 164905 44307 -122190 -16373 111728 , 193760 262628 -262628 0 34420 -228208 , 6.8860997849488656e-09 , 5
2.0571347375489997 , 61289 -3838 -194331 -237207 -151502 12051 , 113790 -229742 229742 0 -126741 103001 , -181278 -16681 44307 -16373 -122190 -67421 , 223891 -32886 32886 0 92321 125207 , 298496 194331 3838 237207 206382 -147664 , -210 -661 -28474 -104962 199414 -149589 , 104752 28474 661 104962 -121115 200075 , -164905 -44307 16681 16373 -111728 -105509 , 193760 262628 -262628 0 34420 -228208 , 6.8860997849489276e-09 , 6
2.0571347375489997 , 61289 -3838 -194331 -237207 -151502 12051 , 113790 -229742 229742 0 -126741 103001 , 181278 16681 -44307 16373 122190 67421 , 223891 -32886 32886 0 92321 125207 , 298496 194331 3838 237207 206382 -147664 , 210 661 28474 104962 -199414 149589 , -104752 -28474 -661 -104962 121115 -200075 , 164905 44307 -16681 -16373 111728 105509 , 193760 262628 -262628 0 34420 -228208 , 6.8860997849489276e-09 , 7
2.0571347375489997 , 61289 -3838 -194331 -237207 -151502 12051 , 223891 -32886 32886 0 92321 125207 , 104962 -121115 200075 210 -149589 199414 , 113790 -229742 229742 0 -126741 103001 , 298496 194331 3838 237207 206382 -147664 , 16373 -111728 -105509 181278 -67421 -122190 , -164905 105509 111728 -181278 -16681 44307 , 104752 -200075 121115 -210 -661 -28474 , 193760 262628 -262628 0 34420 -228208 , 6.8860997849496861e-09 , 8
2.0571347375489997 , 61289 -3838 -194331 -237207 -151502 12051 , 223891 -32886 32886 0 92321 125207 , -104962 121115 -200075 -210 149589 -199414 , 113790 -229742 229742 0 -126741 103001 , 298496 194331 3838 237207 206382 -147664 , -16373 111728 105509 -181278 67421 122190 , 164905 -105509 -111728 181278 16681 -44307 , -104752 200075 -121115 210 661 28474 , 193760 262628 -262628 0 34420 -228208 , 6.8860997849496861e-09 , 9
2.0571347375489997 , 61289 -3838 -194331 -237207 -151502 12051 , 223891 -32886 32886 0 92321 125207 , -149589 199414 -104962 -28474 -661 -210 , 113790 -229742 229742 0 -126741 103001 , 298496 194331 3838 237207 206382 -147664 , -67421 -122190 -16373 44307 -16681 -181278 , -111728 16373 122190 -44307 -164905 105509 , -121115 104962 -199414 28474 104752 -200075 , 193760 262628 -262628 0 34420 -228208 , 6.8860997849504992e-09 , 10
2.0571347375489997 , 61289 -3838 -194331 -237207 -151502 12051 , 223891 -32886 32886 0 92321 125207 , 149589 -199414 104962 28474 661 210 , 113790 -229742 229742 0 -126741 103001 , 298496 194331 3838 237207 206382 -147664 , 67421 122190 16373 -44307 16681 181278 , 111728 -16373 -122190 44307 164905 -105509 , 121115 -104962 199414 -28474 -104752 200075 , 193760 262628 -262628 0 34420 -228208 , 6.8860997849504992e-09 , 11
2.0571347375489997 , 61289 -3838 -194331 -237207 -151502 12051 , 113790 -229742 229742 0 -126741 103001 , -111728 16373 122190 -44307 -164905 105509 , 223891 -32886 32886 0 92321 125207 , 298496 194331 3838 237207 206382 -147664 , -121115 104962 -199414 28474 104752 -200075 , -149589 199414 -104962 -28474 -661 -210 , -67421 -122190 -16373 44307 -16681 -181278 , 193760 262628 -262628 0 34420 -228208 , 6.8860997849512578e-09 , 12
2.0571347375489997 , 61289 -3838 -194331 -237207 -151502 12051 , 113790 -229742 229742 0 -126741 103001 , 111728 -16373 -122190 44307 164905 -105509 , 223891 -32886 32886 0 92321 125207 , 298496 194331 3838 237207 206382 -147664 , 121115 -104962 199414 -28474 -104752 200075 , 149589 -199414 104962 28474 661 210 , 67421 122190 16373 -44307 16681 181278 , 193760 262628 -262628 0 34420 -228208 , 6.8860997849512578e-09 , 13
2.0571347375489997 , 61289 -3838 -194331 -237207 -151502 12051 , 223891 -32886 32886 0 92321 125207 , -28474 -661 -210 121115 -200075 104752 , 113790 -229742 229742 0 -126741 103001 , 298496 194331 3838 237207 206382 -147664 , 44307 -16681 -181278 111728 105509 -164905 , -67421 181278 16681 -111728 16373 122190 , -149589 210 661 -121115 104962 -199414 , 193760 262628 -262628 0 34420 -228208 , 6.886099784952008e-09 , 14
2.0571347375489997 , 61289 -3838 -194331 -237207 -151502 12051 , 223891 -32886 32886 0 92321 125207 , 28474 661 210 -121115 200075 -104752 , 113790 -229742 229742 0 -126741 103001 , 298496 194331 3838 237207 206382 -147664 , -44307 16681 181278 -111728 -105509 164905 , 67421 -181278 -16681 111728 -16373 -122190 , 149589 -210 -661 121115 -104962 199414 , 193760 262628 -262628 0 34420 -228208 , 6.886099784952008e-09 , 15
2.0571347375489997 , 61289 -3838 -194331 -237207 -151502 12051 , 223891 -32886 32886 0 92321 125207 , -121115 200075 -104752 -149589 199414 -104962 , 113790 -229742 229742 0 -126741 103001 , 298496 194331 3838 237207 206382 -147664 , -111728 -105509 164905 -67421 -122190 -16373 , -44307 -164905 105509 67421 -181278 -16681 , 28474 104752 -200075 149589 -210 -661 , 193760 262628 -262628 0 34420 -228208 , 6.8860997849520411e-09 , 16
2.0571347375489997 , 61289 -3838 -194331 -237207 -151502 12051 , 223891 -32886 32886 0 92321 125207 , 121115 -200075 104752 149589 -199414 104962 , 113790 -229742 229742 0 -126741 103001 , 298496 194331 3838 237207 206382 -147664 , 111728 105509 -164905 67421 122190 16373 , 44307 164905 -105509 -67421 181278 16681 , -28474 -104752 200075 -149589 210 661 , 193760 262628 -262628 0 34420 -228208 , 6.8860997849520411e-09 , 17
2.0571347375489997 , 61289 -3838 -194331 -237207 -151502 12051 , 113790 -229742 229742 0 -126741 103001 , -44307 -164905 105509 67421 -181278 -16681 , 223891 -32886 32886 0 92321 125207 , 298496 194331 3838 237207 206382 -147664 , 28474 104752 -200075 149589 -210 -661 , -121115 200075 -104752 -149589 199414 -104962 , -111728 -105509 164905 -67421 -122190 -16373 , 193760 262628 -262628 0 34420 -228208 , 6.8860997849520849e-09 , 18
2.0571347375489997 , 61289 -3838 -194331 -237207 -151502 12051 , 113790 -229742 229742 0 -126741 103001 , 44307 164905 -105509 -67421 181278 16681 , 223891 -32886 32886 0 92321 125207 , 298496 194331 3838 237207 206382 -147664 , -28474 -104752 200075 -149589 210 661 , 121115 -200075 104752 149589 -199414 104962 , 111728 105509 -164905 67421 122190 16373 , 193760 262628 -262628 0 34420 -228208 , 6.8860997849520849e-09 , 19
2.0571347375489997 , 61289 -3838 -194331 -237207 -151502 12051 , 113790 -229742 229742 0 -126741 103001 , -122190 -67421 181278 -105509 -111728 16373 , 223891 -32886 32886 0 92321 125207 , 298496 194331 3838 237207 206382 -147664 , 199414 -149589 210 200075 -121115 104962 , -661 -210 149589 -200075 104752 28474 , -16681 -181278 67421 105509 -164905 -44307 , 193760 262628 -262628 0 34420 -228208 , 6.886099784952123e-09 , 20
2.0571347375489997 , 61289 -3838 -194331 -237207 -151502 12051 , 113790 -229742 229742 0 -126741 103001 , 122190 67421 -181278 105509 111728 -16373 , 223891 -32886 32886 0 92321 125207 , 298496 194331 3838 237207 206382 -147664 , -199414 149589 -210 -200075 121115 -104962 , 661 210 -149589 200075 -104752 -28474 , 16681 181278 -67421 -105509 164905 44307 , 193760 262628 -262628 0 34420 -228208 , 6.886099784952123e-09 , 21
2.0571347375489997 , 61289 -3838 -194331 -237207 -151502 12051 , 113790 -229742 229742 0 -126741 103001 , -164905 105509 111728 -181278 -16681 44307 , 223891 -32886 32886 0 92321 125207 , 298496 194331 3838 237207 206382 -147664 , 104752 -200075 121115 -210 -661 -28474 , 104962 -121115 200075 210 -149589 199414 , 16373 -111728 -105509 181278 -67421 -122190 , 193760 262628 -262628 0 34420 -228208 , 6.8860997849528567e-09 , 22
2.0571347375489997 , 61289 -3838 -194331 -237207 -151502 12051 , 113790 -229742 229742 0 -126741 103001 , 164905 -105509 -111728 181278 16681 -44307 , 223891 -32886 32886 0 92321 125207 , 298496 194331 3838 237207 206382 -147664 , -104752 200075 -121115 210 661 28474 , -104962 121115 -200075 -210 149589 -199414 , -16373 111728 105509 -181278 67421 122190 , 193760 262628 -262628 0 34420 -228208 , 6.8860997849528567e-09 , 23
2.0571347375489997 , 61289 -3838 -194331 -237207 -151502 12051 , 113790 -229742 229742 0 -126741 103001 , 16373 122190 67421 -164905 105509 111728 , 223891 -32886 32886 0 92321 125207 , 298496 194331 3838 237207 206382 -147664 , 104962 -199414 149589 104752 -200075 121115 , 210 -149589 199414 -104752 -28474 -661 , 181278 -67421 -122190 164905 44307 -16681 , 193760 262628 -262628 0 34420 -228208 , 6.8860997849537434e-09 , 24
2.0571347375489997 , 61289 -3838 -194331 -237207 -151502 12051 , 113790 -229742 229742 0 -126741 103001 , -16373 -122190 -67421 164905 -105509 -111728 , 223891 -32886 32886 0 92321 125207 , 298496 194331 3838 237207 206382 -147664 , -104962 199414 -149589 -104752 200075 -121115 , -210 149589 -199414 104752 28474 661 , -181278 67421 122190 -164905 -44307 16681 , 193760 262628 -262628 0 34420 -228208 , 6.8860997849537434e-09 , 25
2.0571347375489997 , 61289 -3838 -194331 -237207 -151502 12051 , 113790 -229742 229742 0 -126741 103001 , -105509 -111728 16373 16681 -44307 -164905 , 223891 -32886 32886 0 92321 125207 , 298496 194331 3838 237207 206382 -147664 , 200075 -121115 104962 661 28474 104752 , 199414 -104962 121115 -661 -210 149589 , -122190 -16373 111728 -16681 -181278 67421 , 193760 262628 -262628 0 34420 -228208 , 6.8860997849552878e-09 , 26
2.0571347375489997 , 61289 -3838 -194331 -237207 -151502 12051 , 113790 -229742 229742 0 -126741 103001 , 105509 111728 -16373 -16681 44307 164905 , 223891 -32886 32886 0 92321 125207 , 298496 194331 3838 237207 206382 -147664 , -200075 121115 -104962 -661 -28474 -104752 , -199414 104962 -121115 661 210 -149589 , 122190 16373 -111728 16681 181278 -67421 , 193760 262628 -262628 0 34420 -228208 , 6.8860997849552878e-09 , 27
2.0571347375489997 , 61289 -3838 -194331 -237207 -151502 12051 , 113790 -229742 229742 0 -126741 103001 , -67421 181278 16681 -111728 16373 122190 , 223891 -32886 32886 0 92321 125207 , 298496 194331 3838 237207 206382 -147664 , -149589 210 661 -121115 104962 -199414 , -28474 -661 -210 121115 -200075 104752 , 44307 -16681 -181278 111728 105509 -164905 , 193760 262628 -262628 0 34420 -228208 , 6.8860997849553573e-09 , 28
2.0571347375489997 , 61289 -3838 -194331 -237207 -151502 12051 , 113790 -229742 229742 0 -126741 103001 , 67421 -181278 -16681 111728 -16373 -122190 , 223891 -32886 32886 0 92321 125207 , 298496 194331 3838 237207 206382 -147664 , 149589 -210 -661 121115 -104962 199414 , 28474 661 210 -121115 200075 -104752 , -44307 16681 181278 -111728 -105509 164905 , 193760 262628 -262628 0 34420 -228208 , 6.8860997849553573e-09 , 29
2.0571347375489997 , 61289 -3838 -194331 -237207 -151502 12051 , 223891 -32886 32886 0 92321 125207 , 200075 -104752 -28474 199414 -104962 121115 , 113790 -229742 229742 0 -126741 103001 , 298496 194331 3838 237207 206382 -147664 , -105509 164905 44307 -122190 -16373 111728 , 16681 -44307 -164905 122190 67421 -181278 , 661 28474 104752 -199414 149589 -210 , 193760 262628 -262628 0 34420 -228208 , 6.8860997849553945e-09 , 30
2.0571347375489997 , 61289 -3838 -194331 -237207 -151502 12051 , 223891 -32886 32886 0 92321 125207 , -200075 104752 28474 -199414 104962 -121115 , 113790 -229742 229742 0 -126741 103001 , 298496 194331 3838 237207 206382 -147664 , 105509 -164905 -44307 122190 16373 -111728 , -16681 44307 164905 -122190 -67421 181278 , -661 -28474 -104752 199414 -149589 210 , 193760 262628 -262628 0 34420 -228208 , 6.8860997849553945e-09 , 31
2.0571347375489997 , 61289 -3838 -194331 -237207 -151502 12051 , 223891 -32886 32886 0 92321 125207 , -104752 -28474 -661 -104962 121115 -200075 , 113790 -229742 229742 0 -126741 103001 , 298496 194331 3838 237207 206382 -147664 , 164905 44307 -16681 -16373 111728 105509 , 181278 16681 -44307 16373 122190 67421 , 210 661 28474 104962 -199414 149589 , 193760 262628 -262628 0 34420 -228208 , 6.8860997849561729e-09 , 32
2.0571347375489997 , 61289 -3838 -194331 -237207 -151502 12051 , 223891 -32886 32886 0 92321 125207 , 104752 28474 661 104962 -121115 200075 , 113790 -229742 229742 0 -126741 103001 , 298496 194331 3838 237207 206382 -147664 , -164905 -44307 16681 16373 -111728 -105509 , -181278 -16681 44307 -16373 -122190 -67421 , -210 -661 -28474 -104962 199414 -149589 , 193760 262628 -262628 0 34420 -228208 , 6.8860997849561729e-09 , 33
2.0571347375489997 , 61289 -3838 -194331 -237207 -151502 12051 , 223891 -32886 32886 0 92321 125207 , 210 -149589 199414 -104752 -28474 -661 , 113790 -229742 229742 0 -126741 103001 , 298496 194331 3838 237207 206382 -147664 , 181278 -67421 -122190 164905 44307 -16681 , 16373 122190 67421 -164905 105509 111728 , 104962 -199414 149589 104752 -200075 121115 , 193760 262628 -262628 0 34420 -228208 , 6.886099784956938e-09 , 34
2.0571347375489997 , 61289 -3838 -194331 -237207 -151502 12051 , 223891 -32886 32886 0 92321 125207 , -210 149589 -199414 104752 28474 661 , 113790 -229742 229742 0 -126741 103001 , 298496 194331 3838 237207 206382 -147664 , -181278 67421 122190 -164905 -44307 16681 , -16373 -122190 -67421 164905 -105509 -111728 , -104962 199414 -149589 -104752 200075 -121115 , 193760 262628 -262628 0 34420 -228208 , 6.886099784956938e-09 , 35
2.1667146182694075 , -76408 -206054 -179552 -138503 -295781 -177874 , 324639 -84393 84393 0 103939 188332 , 55216 6966 31893 -23810 19183 63818 , 13042 -178235 178235 0 -138359 39876 , 62095 179552 206054 138503 1678 -89727 , 255604 6138 15122 90959 -26993 258401 , 164645 -15122 -6138 -90959 243279 -33131 , 79026 -31893 -6966 23810 31925 12217 , 193760 262628 -262628 0 34420 -228208 , 6.8860997846617975e-09 , 0
2.1667146182694075 , -76408 -206054 -179552 -138503 -295781 -177874 , 324639 -84393 84393 0 103939 188332 , -55216 -6966 -31893 23810 -19183 -63818 , 13042 -178235 178235 0 -138359 39876 , 62095 179552 206054 138503 1678 -89727 , -255604 -6138 -15122 -90959 26993 -258401 , -164645 15122 6138 90959 -243279 33131 , -79026 31893 6966 -23810 -31925 -12217 , 193760 262628 -262628 0 34420 -228208 , 6.8860997846617975e-09 , 1
2.1667146182694075 , -76408 -206054 -179552 -138503 -295781 -177874 , 13042 -178235 178235 0 -138359 39876 , 26993 -90959 243279 -6138 -255604 258401 , 324639 -84393 84393 0 103939 188332 , 62095 179552 206054 138503 1678 -89727 , -19183 23810 31925 -6966 -55216 63818 , -12217 -31925 -23810 6966 31893 -79026 , 33131 -243279 90959 6138 15122 -164645 , 193760 262628 -262628 0 34420 -228208 , 6.8860997846634287e-09 , 2
2.1667146182694075 , -76408 -206054 -179552 -138503 -295781 -177874 , 13042 -178235 178235 0 -138359 39876 , -26993 90959 -243279 6138 255604 -258401 , 324639 -84393 84393 0 103939 188332 , 62095 179552 206054 138503 1678 -89727 , 19183 -23810 -31925 6966 55216 -63818 , 12217 31925 23810 -6966 -31893 79026 , -33131 243279 -90959 -6138 -15122 164645 , 193760 262628 -262628 0 34420 -228208 , 6.8860997846634287e-09 , 3
2.1667146182694075 , -76408 -206054 -179552 -138503 -295781 -177874 , 13042 -178235 178235 0 -138359 39876 , 90959 -243279 33131 255604 -258401 26993 , 324639 -84393 84393 0 103939 188332 , 62095 179552 206054 138503 1678 -89727 , -23810 -31925 -12217 55216 -63818 -19183 , -79026 12217 31925 -55216 -6966 -31893 , -164645 -33131 243279 -255604 -6138 -15122 , 193760 262628 -262628 0 34420 -228208 , 6.8860997846645553e-09 , 4
2.1667146182694075 , -76408 -206054 -179552 -138503 -295781 -177874 , 13042 -178235 178235 0 -138359 39876 , -90959 243279 -33131 -255604 258401 -26993 , 324639 -84393 84393 0 103939 188332 , 62095 179552 206054 138503 1678 -89727 , 23810 31925 12217 -55216 63818 19183 , 79026 -12217 -31925 55216 6966 31893 , 164645 33131 -243279 255604 6138 15122 , 193760 262628 -262628 0 34420 -228208 , 6.8860997846645553e-09 , 5
2.1667146182694075 , -76408 -206054 -179552 -138503 -295781 -177874 , 324639 -84393 84393 0 103939 188332 , 6966 31893 -79026 19183 63818 -55216 , 13042 -178235 178235 0 -138359 39876 , 62095 179552 206054 138503 1678 -89727 , 6138 15122 -164645 -26993 258401 -255604 , 33131 164645 -15122 26993 -90959 243279 , -12217 79026 -31893 -19183 23810 31925 , 193760 262628 -262628 0 34420 -228208 , 6.8860997846645619e-09 , 6
2.1667146182694075 , -76408 -206054 -179552 -138503 -295781 -177874 , 324639 -84393 84393 0 103939 188332 , -6966 -31893 79026 -19183 -63818 55216 , 13042 -178235 178235 0 -138359 39876 , 62095 179552 206054 138503 1678 -89727 , -6138 -15122 164645 26993 -258401 255604 , -33131 -164645 15122 -26993 90959 -243279 , 12217 -79026 31893 19183 -23810 -31925 , 193760 262628 -262628 0 34420 -228208 , 6.8860997846645619e-09 , 7
2.1667146182694075 , -76408 -206054 -179552 -138503 -295781 -177874 , 13042 -178235 178235 0 -138359 39876 , -243279 33131 164645 -258401 26993 -90959 , 324639 -84393 84393 0 103939 188332 , 62095 179552 206054 138503 1678 -89727 , -31925 -12217 79026 -63818 -19183 23810 , 31893 -79026 12217 63818 -55216 -6966 , 15122 -164645 -33131 258401 -255604 -6138 , 193760 262628 -262628 0 34420 -228208 , 6.8860997846648969e-09 , 8
2.1667146182694075 , -76408 -206054 -179552 -138503 -295781 -177874 , 13042 -178235 178235 0 -138359 39876 , 243279 -33131 -164645 258401 -26993 90959 , 324639 -84393 84393 0 103939 188332 , 62095 179552 206054 138503 1678 -89727 , 31925 12217 -79026 63818 19183 -23810 , -31893 79026 -12217 -63818 55216 6966 , -15122 164645 33131 -258401 255604 6138 , 193760 262628 -262628 0 34420 -228208 , 6.8860997846648969e-09 , 9
2.1667146182694075 , -76408 -206054 -179552 -138503 -295781 -177874 , 13042 -178235 178235 0 -138359 39876 , 6138 255604 -258401 33131 164645 -15122 , 324639 -84393 84393 0 103939 188332 , 62095 179552 206054 138503 1678 -89727 , 6966 55216 -63818 -12217 79026 -31893 , 19183 63818 -55216 12217 31925 23810 , -26993 258401 -255604 -33131 243279 -90959 , 193760 262628 -262628 0 34420 -228208 , 6.8860997846649325e-09 , 10
2.1667146182694075 , -76408 -206054 -179552 -138503 -295781 -177874 , 13042 -178235 178235 0 -138359 39876 , -6138 -255604 258401 -33131 -164645 15122 , 324639 -84393 84393 0 103939 188332 , 62095 179552 206054 138503 1678 -89727 , -6966 -55216 63818 12217 -79026 31893 , -19183 -63818 55216 -12217 -31925 -23810 , 26993 -258401 255604 33131 -243279 90959 , 193760 262628 -262628 0 34420 -228208 , 6.8860997846649325e-09 , 11
2.1667146182694075 , -76408 -206054 -179552 -138503 -295781 -177874 , 13042 -178235 178235 0 -138359 39876 , -164645 15122 6138 90959 -243279 33131 , 324639 -84393 84393 0 103939 188332 , 62095 179552 206054 138503 1678 -89727 , -79026 31893 6966 -23810 -31925 -12217 , -55216 -6966 -31893 23810 -19183 -63818 , -255604 -6138 -15122 -90959 26993 -258401 , 193760 262628 -262628 0 34420 -228208 , 6.886099784665045e-09 , 12
2.1667146182694075 , -76408 -206054 -179552 -138503 -295781 -177874 , 13042 -178235 178235 0 -138359 39876 , 164645 -15122 -6138 -90959 243279 -33131 , 324639 -84393 84393 0 103939 188332 , 62095 179552 206054 138503 1678 -89727 , 79026 -31893 -6966 23810 31925 12217 , 55216 6966 31893 -23810 19183 63818 , 255604 6138 15122 90959 -26993 258401 , 193760 262628 -262628 0 34420 -228208 , 6.886099784665045e-09 , 13
2.1667146182694075 , -76408 -206054 -179552 -138503 -295781 -177874 , 324639 -84393 84393 0 103939 188332 , -12217 -31925 -23810 6966 31893 -79026 , 13042 -178235 178235 0 -138359 39876 , 62095 179552 206054 138503 1678 -89727 , 33131 -243279 90959 6138 15122 -164645 , 26993 -90959 243279 -6138 -255604 258401 , -19183 23810 31925 -6966 -55216 63818 , 193760 262628 -262628 0 34420 -228208 , 6.8860997846652857e-09 , 14
2.1667146182694075 , -76408 -206054 -179552 -138503 -295781 -177874 , 324639 -84393 84393 0 103939 188332 , 12217 31925 23810 -6966 -31893 79026 , 13042 -178235 178235 0 -138359 39876 , 62095 179552 206054 138503 1678 -89727 , -33131 243279 -90959 -6138 -15122 164645 , -26993 90959 -243279 6138 255604 -258401 , 19183 -23810 -31925 6966 55216 -63818 , 193760 262628 -262628 0 34420 -228208 , 6.8860997846652857e-09 , 15
2.1667146182694075 , -76408 -206054 -179552 -138503 -295781 -177874 , 13042 -178235 178235 0 -138359 39876 , -258401 26993 -90959 -15122 -6138 -255604 , 324639 -84393 84393 0 103939 188332 , 62095 179552 206054 138503 1678 -89727 , -63818 -19183 23810 -31893 -6966 -55216 , -31925 -23810 19183 31893 -79026 12217 , -243279 90959 -26993 15122 -164645 -33131 , 193760 262628 -262628 0 34420 -228208 , 6.8860997846653362e-09 , 16
2.1667146182694075 , -76408 -206054 -179552 -138503 -295781 -177874 , 13042 -178235 178235 0 -138359 39876 , 258401 -26993 90959 15122 6138 255604 , 324639 -84393 84393 0 103939 188332 , 62095 179552 206054 138503 1678 -89727 , 63818 19183 -23810 31893 6966 55216 , 31925 23810 -19183 -31893 79026 -12217 , 243279 -90959 26993 -15122 164645 33131 , 193760 262628 -262628 0 34420 -228208 , 6.8860997846653362e-09 , 17
2.1667146182694075 , -76408 -206054 -179552 -138503 -295781 -177874 , 324639 -84393 84393 0 103939 188332 , -19183 -63818 55216 -12217 -31925 -23810 , 13042 -178235 178235 0 -138359 39876 , 62095 179552 206054 138503 1678 -89727 , 26993 -258401 255604 33131 -243279 90959 , -6138 -255604 258401 -33131 -164645 15122 , -6966 -55216 63818 12217 -79026 31893 , 193760 262628 -262628 0 34420 -228208 , 6.8860997846654296e-09 , 18
2.1667146182694075 , -76408 -206054 -179552 -138503 -295781 -177874 , 324639 -84393 84393 0 103939 188332 , 19183 63818 -55216 12217 31925 23810 , 13042 -178235 178235 0 -138359 39876 , 62095 179552 206054 138503 1678 -89727 , -26993 258401 -255604 -33131 243279 -90959 , 6138 255604 -258401 33131 164645 -15122 , 6966 55216 -63818 -12217 79026 -31893 , 193760 262628 -262628 0 34420 -228208 , 6.8860997846654296e-09 , 19
2.1667146182694075 , -76408 -206054 -179552 -138503 -295781 -177874 , 324639 -84393 84393 0 103939 188332 , -63818 55216 6966 -31925 -23810 19183 , 13042 -178235 178235 0 -138359 39876 , 62095 179552 206054 138503 1678 -89727 , -258401 255604 6138 -243279 90959 -26993 , -15122 -6138 -255604 243279 -33131 -164645 , -31893 -6966 -55216 31925 12217 -79026 , 193760 262628 -262628 0 34420 -228208 , 6.8860997846656786e-09 , 20
2.1667146182694075 , -76408 -206054 -179552 -138503 -295781 -177874 , 324639 -84393 84393 0 103939 188332 , 63818 -55216 -6966 31925 23810 -19183 , 13042 -178235 178235 0 -138359 39876 , 62095 179552 206054 138503 1678 -89727 , 258401 -255604 -6138 243279 -90959 26993 , 15122 6138 255604 -243279 33131 164645 , 31893 6966 55216 -31925 -12217 79026 , 193760 262628 -262628 0 34420 -228208 , 6.8860997846656786e-09 , 21
2.1667146182694075 , -76408 -206054 -179552 -138503 -295781 -177874 , 324639 -84393 84393 0 103939 188332 , 79026 -12217 -31925 55216 6966 31893 , 13042 -178235 178235 0 -138359 39876 , 62095 179552 206054 138503 1678 -89727 , 164645 33131 -243279 255604 6138 15122 , -90959 243279 -33131 -255604 258401 -26993 , 23810 31925 12217 -55216 63818 19183 , 193760 262628 -262628 0 34420 -228208 , 6.8860997846660906e-09 , 22
2.1667146182694075 , -76408 -206054 -179552 -138503 -295781 -177874 , 324639 -84393 84393 0 103939 188332 , -79026 12217 31925 -55216 -6966 -31893 , 13042 -178235 178235 0 -138359 39876 , 62095 179552 206054 138503 1678 -89727 , -164645 -33131 243279 -255604 -6138 -15122 , 90959 -243279 33131 255604 -258401 26993 , -23810 -31925 -12217 55216 -63818 -19183 , 193760 262628 -262628 0 34420 -228208 , 6.8860997846660906e-09 , 23
2.1667146182694075 , -76408 -206054 -179552 -138503 -295781 -177874 , 324639 -84393 84393 0 103939 188332 , -31893 79026 -12217 -63818 55216 6966 , 13042 -178235 178235 0 -138359 39876 , 62095 179552 206054 138503 1678 -89727 , -15122 164645 33131 -258401 255604 6138 , 243279 -33131 -164645 258401 -26993 90959 , 31925 12217 -79026 63818 19183 -23810 , 193760 262628 -262628 0 34420 -228208 , 6.8860997846661203e-09 , 24
2.1667146182694075 , -76408 -206054 -179552 -138503 -295781 -177874 , 324639 -84393 84393 0 103939 188332 , 31893 -79026 12217 63818 -55216 -6966 , 13042 -178235 178235 0 -138359 39876 , 62095 179552 206054 138503 1678 -89727 , 15122 -164645 -33131 258401 -255604 -6138 , -243279 33131 164645 -258401 26993 -90959 , -31925 -12217 79026 -63818 -19183 23810 , 193760 262628 -262628 0 34420 -228208 , 6.8860997846661203e-09 , 25
2.1667146182694075 , -76408 -206054 -179552 -138503 -295781 -177874 , 324639 -84393 84393 0 103939 188332 , -23810 19183 63818 -79026 12217 31925 , 13042 -178235 178235 0 -138359 39876 , 62095 179552 206054 138503 1678 -89727 , 90959 -26993 258401 -164645 -33131 243279 , 255604 -258401 26993 164645 -15122 -6138 , 55216 -63818 -19183 79026 -31893 -6966 , 193760 262628 -262628 0 34420 -228208 , 6.8860997846661402e-09 , 26
2.1667146182694075 , -76408 -206054 -179552 -138503 -295781 -177874 , 324639 -84393 84393 0 103939 188332 , 23810 -19183 -63818 79026 -12217 -31925 , 13042 -178235 178235 0 -138359 39876 , 62095 179552 206054 138503 1678 -89727 , -90959 26993 -258401 164645 33131 -243279 , -255604 258401 -26993 -164645 15122 6138 , -55216 63818 19183 -79026 31893 6966 , 193760 262628 -262628 0 34420 -228208 , 6.8860997846661402e-09 , 27
2.1667146182694075 , -76408 -206054 -179552 -138503 -295781 -177874 , 13042 -178235 178235 0 -138359 39876 , 15122 6138 255604 -243279 33131 164645 , 324639 -84393 84393 0 103939 188332 , 62095 179552 206054 138503 1678 -89727 , 31893 6966 55216 -31925 -12217 79026 , 63818 -55216 -6966 31925 23810 -19183 , 258401 -255604 -6138 243279 -90959 26993 , 193760 262628 -262628 0 34420 -228208 , 6.8860997846661452e-09 , 28
2.1667146182694075 , -76408 -206054 -179552 -138503 -295781 -177874 , 13042 -178235 178235 0 -138359 39876 , -15122 -6138 -255604 243279 -33131 -164645 , 324639 -84393 84393 0 103939 188332 , 62095 179552 206054 138503 1678 -89727 , -31893 -6966 -55216 31925 12217 -79026 , -63818 55216 6966 -31925 -23810 19183 , -258401 255604 6138 -243279 90959 -26993 , 193760 262628 -262628 0 34420 -228208 , 6.8860997846661452e-09 , 29
2.1667146182694075 , -76408 -206054 -179552 -138503 -295781 -177874 , 13042 -178235 178235 0 -138359 39876 , 33131 164645 -15122 26993 -90959 243279 , 324639 -84393 84393 0 103939 188332 , 62095 179552 206054 138503 1678 -89727 , -12217 79026 -31893 -19183 23810 31925 , 6966 31893 -79026 19183 63818 -55216 , 6138 15122 -164645 -26993 258401 -255604 , 193760 262628 -262628 0 34420 -228208 , 6.8860997846664843e-09 , 30
2.1667146182694075 , -76408 -206054 -179552 -138503 -295781 -177874 , 13042 -178235 178235 0 -138359 39876 , -33131 -164645 15122 -26993 90959 -243279 , 324639 -84393 84393 0 103939 188332 , 62095 179552 206054 138503 1678 -89727 , 12217 -79026 31893 19183 -23810 -31925 , -6966 -31893 79026 -19183 -63818 55216 , -6138 -15122 164645 26993 -258401 255604 , 193760 262628 -262628 0 34420 -228208 , 6.8860997846664843e-09 , 31
2.1667146182694075 , -76408 -206054 -179552 -138503 -295781 -177874 , 324639 -84393 84393 0 103939 188332 , -31925 -23810 19183 31893 -79026 12217 , 13042 -178235 178235 0 -138359 39876 , 62095 179552 206054 138503 1678 -89727 , -243279 90959 -26993 15122 -164645 -33131 , -258401 26993 -90959 -15122 -6138 -255604 , -63818 -19183 23810 -31893 -6966 -55216 , 193760 262628 -262628 0 34420 -228208 , 6.88609978466695e-09 , 32
2.1667146182694075 , -76408 -206054 -179552 -138503 -295781 -177874 , 324639 -84393 84393 0 103939 188332 , 31925 23810 -19183 -31893 79026 -12217 , 13042 -178235 178235 0 -138359 39876 , 62095 179552 206054 138503 1678 -89727 , 243279 -90959 26993 -15122 164645 33131 , 258401 -26993 90959 15122 6138 255604 , 63818 19183 -23810 31893 6966 55216 , 193760 262628 -262628 0 34420 -228208 , 6.88609978466695e-09 , 33
2.1667146182694075 , -76408 -206054 -179552 -138503 -295781 -177874 , 13042 -178235 178235 0 -138359 39876 , -255604 258401 -26993 -164645 15122 6138 , 324639 -84393 84393 0 103939 188332 , 62095 179552 206054 138503 1678 -89727 , -55216 63818 19183 -79026 31893 6966 , 23810 -19183 -63818 79026 -12217 -31925 , -90959 26993 -258401 164645 33131 -243279 , 193760 262628 -262628 0 34420 -228208 , 6.8860997846676878e-09 , 34
2.1667146182694075 , -76408 -206054 -179552 -138503 -295781 -177874 , 13042 -178235 178235 0 -138359 39876 , 255604 -258401 26993 164645 -15122 -6138 , 324639 -84393 84393 0 103939 188332 , 62095 179552 206054 138503 1678 -89727 , 55216 -63818 -19183 79026 -31893 -6966 , -23810 19183 63818 -79026 12217 31925 , 90959 -26993 258401 -164645 -33131 243279 , 193760 262628 -262628 0 34420 -228208 , 6.8860997846676878e-09 , 35
2.2787464516901004 , -182090 -226646 -77350 -241719 -325717 -174992 , 183704 -68115 68115 0 42219 110334 , 164156 -58347 142997 -79045 46836 148774 , 153977 -194513 194513 0 -76639 117874 , 59629 77350 226646 241719 -97642 -99071 , -2240 153338 -8425 -145700 151795 46792 , 143460 8425 -153338 145700 55217 -1543 , 243201 -142997 58347 79045 5777 105183 , 193760 262628 -262628 0 34420 -228208 , 6.886099784759198e-09 , 0
2.2787464516901004 , -182090 -226646 -77350 -241719 -325717 -174992 , 183704 -68115 68115 0 42219 110334 , -164156 58347 -142997 79045 -46836 -148774 , 153977 -194513 194513 0 -76639 117874 , 59629 77350 226646 241719 -97642 -99071 , 2240 -153338 8425 145700 -151795 -46792 , -143460 -8425 153338 -145700 -55217 1543 , -243201 142997 -58347 -79045 -5777 -105183 , 193760 262628 -262628 0 34420 -228208 , 6.886099784759198e-09 , 1
2.2787464516901004 , -182090 -226646 -77350 -241719 -325717 -174992 , 153977 -194513 194513 0 -76639 117874 , -145700 -55217 1543 -2240 -46792 -151795 , 183704 -68115 68115 0 42219 110334 , 59629 77350 226646 241719 -97642 -99071 , -79045 -5777 -105183 164156 -148774 -46836 , -243201 105183 5777 -164156 58347 -142997 , -143460 -1543 55217 2240 -153338 8425 , 193760 262628 -262628 0 34420 -228208 , 6.8860997847597638e-09 , 2
2.2787464516901004 , -182090 -226646 -77350 -241719 -325717 -174992 , 153977 -194513 194513 0 -76639 117874 , 145700 55217 -1543 2240 46792 151795 , 183704 -68115 68115 0 42219 110334 , 59629 77350 226646 241719 -97642 -99071 , 79045 5777 105183 -164156 148774 46836 , 243201 -105183 -5777 164156 -58347 142997 , 143460 1543 -55217 -2240 153338 -8425 , 193760 262628 -262628 0 34420 -228208 , 6.8860997847597638e-09 , 3
2.2787464516901004 , -182090 -226646 -77350 -241719 -325717 -174992 , 153977 -194513 194513 0 -76639 117874 , -151795 145700 55217 -153338 2240 46792 , 183704 -68115 68115 0 42219 110334 , 59629 77350 226646 241719 -97642 -99071 , -46836 79045 5777 58347 -164156 148774 , -105183 -5777 -79045 -58347 142997 -243201 , 1543 -55217 -145700 153338 -8425 -143460 , 193760 262628 -262628 0 34420 -228208 , 6.8860997847603577e-09 , 4
2.2787464516901004 , -182090 -226646 -77350 -241719 -325717 -174992 , 153977 -194513 194513 0 -76639 117874 , 151795 -145700 -55217 153338 -2240 -46792 , 183704 -68115 68115 0 42219 110334 , 59629 77350 226646 241719 -97642 -99071 , 46836 -79045 -5777 -58347 164156 -148774 , 105183 5777 79045 58347 -142997 243201 , -1543 55217 145700 -153338 8425 143460 , 193760 262628 -262628 0 34420 -228208 , 6.8860997847603577e-09 , 5
2.2787464516901004 , -182090 -226646 -77350 -241719 -325717 -174992 , 183704 -68115 68115 0 42219 110334 , -58347 142997 -243201 46836 148774 -164156 , 153977 -194513 194513 0 -76639 117874 , 59629 77350 226646 241719 -97642 -99071 , 153338 -8425 -143460 151795 46792 2240 , 1543 143460 8425 -151795 145700 55217 , -105183 243201 -142997 -46836 79045 5777 , 193760 262628 -262628 0 34420 -228208 , 6.8860997847608764e-09 , 6
2.2787464516901004 , -182090 -226646 -77350 -241719 -325717 -174992 , 183704 -68115 68115 0 42219 110334 , 58347 -142997 243201 -46836 -148774 164156 , 153977 -194513 194513 0 -76639 117874 , 59629 77350 226646 241719 -97642 -99071 , -153338 8425 143460 -151795 -46792 -2240 , -1543 -143460 -8425 151795 -145700 -55217 , 105183 -243201 142997 46836 -79045 -5777 , 193760 262628 -262628 0 34420 -228208 , 6.8860997847608764e-09 , 7
2.2787464516901004 , -182090 -226646 -77350 -241719 -325717 -174992 , 183704 -68115 68115 0 42219 110334 , -142997 243201 -105183 -148774 164156 -58347 , 153977 -194513 194513 0 -76639 117874 , 59629 77350 226646 241719 -97642 -99071 , 8425 143460 1543 -46792 -2240 153338 , 55217 -1543 -143460 46792 151795 -145700 , 5777 105183 -243201 148774 46836 -79045 , 193760 262628 -262628 0 34420 -228208 , 6.8860997847614678e-09 , 8
2.2787464516901004 , -182090 -226646 -77350 -241719 -325717 -174992 , 183704 -68115 68115 0 42219 110334 , 142997 -243201 105183 148774 -164156 58347 , 153977 -194513 194513 0 -76639 117874 , 59629 77350 226646 241719 -97642 -99071 , -8425 -143460 -1543 46792 2240 -153338 , -55217 1543 143460 -46792 -151795 145700 , -5777 -105183 243201 -148774 -46836 79045 , 193760 262628 -262628 0 34420 -228208 , 6.8860997847614678e-09 , 9
2.2787464516901004 , -182090 -226646 -77350 -241719 -325717 -174992 , 153977 -194513 194513 0 -76639 117874 , -46792 -151795 145700 8425 -153338 2240 , 183704 -68115 68115 0 42219 110334 , 59629 77350 226646 241719 -97642 -99071 , -148774 -46836 79045 -142997 58347 -164156 , -5777 -79045 46836 142997 -243201 105183 , -55217 -145700 151795 -8425 -143460 -1543 , 193760 262628 -262628 0 34420 -228208 , 6.886099784761491e-09 , 10
2.2787464516901004 , -182090 -226646 -77350 -241719 -325717 -174992 , 153977 -194513 194513 0 -76639 117874 , 46792 151795 -145700 -8425 153338 -2240 , 183704 -68115 68115 0 42219 110334 , 59629 77350 226646 241719 -97642 -99071 , 148774 46836 -79045 142997 -58347 164156 , 5777 79045 -46836 -142997 243201 -105183 , 55217 145700 -151795 8425 143460 1543 , 193760 262628 -262628 0 34420 -228208 , 6.886099784761491e-09 , 11
2.2787464516901004 , -182090 -226646 -77350 -241719 -325717 -174992 , 183704 -68115 68115 0 42219 110334 , -243201 105183 5777 -164156 58347 -142997 , 153977 -194513 194513 0 -76639 117874 , 59629 77350 226646 241719 -97642 -99071 , -143460 -1543 55217 2240 -153338 8425 , -145700 -55217 1543 -2240 -46792 -151795 , -79045 -5777 -105183 164156 -148774 -46836 , 193760 262628 -262628 0 34420 -228208 , 6.8860997847626374e-09 , 12
2.2787464516901004 , -182090 -226646 -77350 -241719 -325717 -174992 , 183704 -68115 68115 0 42219 110334 , 243201 -105183 -5777 164156 -58347 142997 , 153977 -194513 194513 0 -76639 117874 , 59629 77350 226646 241719 -97642 -99071 , 143460 1543 -55217 -2240 153338 -8425 , 145700 55217 -1543 2240 46792 151795 , 79045 5777 105183 -164156 148774 46836 , 193760 262628 -262628 0 34420 -228208 , 6.8860997847626374e-09 , 13
2.2787464516901004 , -182090 -226646 -77350 -241719 -325717 -174992 , 153977 -194513 194513 0 -76639 117874 , -2240 -46792 -151795 143460 8425 -153338 , 183704 -68115 68115 0 42219 110334 , 59629 77350 226646 241719 -97642 -99071 , 164156 -148774 -46836 243201 -142997 58347 , -79045 46836 148774 -243201 105183 5777 , -145700 151795 46792 -143460 -1543 55217 , 193760 262628 -262628 0 34420 -228208 , 6.8860997847631643e-09 , 14
2.2787464516901004 , -182090 -226646 -77350 -241719 -325717 -174992 , 153977 -194513 194513 0 -76639 117874 , 2240 46792 151795 -143460 -8425 153338 , 183704 -68115 68115 0 42219 110334 , 59629 77350 226646 241719 -97642 -99071 , -164156 148774 46836 -243201 142997 -58347 , 79045 -46836 -148774 243201 -105183 -5777 , 145700 -151795 -46792 143460 1543 -55217 , 193760 262628 -262628 0 34420 -228208 , 6.8860997847631643e-09 , 15
2.2787464516901004 , -182090 -226646 -77350 -241719 -325717 -174992 , 153977 -194513 194513 0 -76639 117874 , -8425 153338 -2240 -55217 1543 143460 , 183704 -68115 68115 0 42219 110334 , 59629 77350 226646 241719 -97642 -99071 , 142997 -58347 164156 -5777 -105183 243201 , 148774 -164156 58347 5777 79045 -46836 , 46792 2240 -153338 55217 145700 -151795 , 193760 262628 -262628 0 34420 -228208 , 6.8860997847631883e-09 , 16
2.2787464516901004 , -182090 -226646 -77350 -241719 -325717 -174992 , 153977 -194513 194513 0 -76639 117874 , 8425 -153338 2240 55217 -1543 -143460 , 183704 -68115 68115 0 42219 110334 , 59629 77350 226646 241719 -97642 -99071 , -142997 58347 -164156 5777 105183 -243201 , -148774 164156 -58347 -5777 -79045 46836 , -46792 -2240 153338 -55217 -145700 151795 , 193760 262628 -262628 0 34420 -228208 , 6.8860997847631883e-09 , 17
2.2787464516901004 , -182090 -226646 -77350 -241719 -325717 -174992 , 153977 -194513 194513 0 -76639 117874 , -153338 2240 46792 -1543 -143460 -8425 , 183704 -68115 68115 0 42219 110334 , 59629 77350 226646 241719 -97642 -99071 , 58347 -164156 148774 105183 -243201 142997 , -46836 -148774 164156 -105183 -5777 -79045 , -151795 -46792 -2240 1543 -55217 -145700 , 193760 262628 -262628 0 34420 -228208 , 6.8860997847648617e-09 , 18
2.2787464516901004 , -182090 -226646 -77350 -241719 -325717 -174992 , 153977 -194513 194513 0 -76639 117874 , 153338 -2240 -46792 1543 143460 8425 , 183704 -68115 68115 0 42219 110334 , 59629 77350 226646 241719 -97642 -99071 , -58347 164156 -148774 -105183 243201 -142997 , 46836 148774 -164156 105183 5777 79045 , 151795 46792 2240 -1543 55217 145700 , 193760 262628 -262628 0 34420 -228208 , 6.8860997847648617e-09 , 19
2.2787464516901004 , -182090 -226646 -77350 -241719 -325717 -174992 , 153977 -194513 194513 0 -76639 117874 , -55217 1543 143460 -46792 -151795 145700 , 183704 -68115 68115 0 42219 110334 , 59629 77350 226646 241719 -97642 -99071 , -5777 -105183 243201 -148774 -46836 79045 , 142997 -243201 105183 148774 -164156 58347 , -8425 -143460 -1543 46792 2240 -153338 , 193760 262628 -262628 0 34420 -228208 , 6.8860997847648915e-09 , 20
2.2787464516901004 , -182090 -226646 -77350 -241719 -325717 -174992 , 153977 -194513 194513 0 -76639 117874 , 55217 -1543 -143460 46792 151795 -145700 , 183704 -68115 68115 0 42219 110334 , 59629 77350 226646 241719 -97642 -99071 , 5777 105183 -243201 148774 46836 -79045 , -142997 243201 -105183 -148774 164156 -58347 , 8425 143460 1543 -46792 -2240 153338 , 193760 262628 -262628 0 34420 -228208 , 6.8860997847648915e-09 , 21
2.2787464516901004 , -182090 -226646 -77350 -241719 -325717 -174992 , 183704 -68115 68115 0 42219 110334 , -148774 164156 -58347 -5777 -79045 46836 , 153977 -194513 194513 0 -76639 117874 , 59629 77350 226646 241719 -97642 -99071 , -46792 -2240 153338 -55217 -145700 151795 , 8425 -153338 2240 55217 -1543 -143460 , -142997 58347 -164156 5777 105183 -243201 , 193760 262628 -262628 0 34420 -228208 , 6.886099784766033e-09 , 22
2.2787464516901004 , -182090 -226646 -77350 -241719 -325717 -174992 , 183704 -68115 68115 0 42219 110334 , 148774 -164156 58347 5777 79045 -46836 , 153977 -194513 194513 0 -76639 117874 , 59629 77350 226646 241719 -97642 -99071 , 46792 2240 -153338 55217 145700 -151795 , -8425 153338 -2240 -55217 1543 143460 , 142997 -58347 164156 -5777 -105183 243201 , 193760 262628 -262628 0 34420 -228208 , 6.886099784766033e-09 , 23
2.2787464516901004 , -182090 -226646 -77350 -241719 -325717 -174992 , 183704 -68115 68115 0 42219 110334 , -5777 -79045 46836 142997 -243201 105183 , 153977 -194513 194513 0 -76639 117874 , 59629 77350 226646 241719 -97642 -99071 , -55217 -145700 151795 -8425 -143460 -1543 , -46792 -151795 145700 8425 -153338 2240 , -148774 -46836 79045 -142997 58347 -164156 , 193760 262628 -262628 0 34420 -228208 , 6.8860997847660388e-09 , 24
2.2787464516901004 , -182090 -226646 -77350 -241719 -325717 -174992 , 183704 -68115 68115 0 42219 110334 , 5777 79045 -46836 -142997 243201 -105183 , 153977 -194513 194513 0 -76639 117874 , 59629 77350 226646 241719 -97642 -99071 , 55217 145700 -151795 8425 143460 1543 , 46792 151795 -145700 -8425 153338 -2240 , 148774 46836 -79045 142997 -58347 164156 , 193760 262628 -262628 0 34420 -228208 , 6.8860997847660388e-09 , 25
2.2787464516901004 , -182090 -226646 -77350 -241719 -325717 -174992 , 183704 -68115 68115 0 42219 110334 , -105183 -5777 -79045 -58347 142997 -243201 , 153977 -194513 194513 0 -76639 117874 , 59629 77350 226646 241719 -97642 -99071 , 1543 -55217 -145700 153338 -8425 -143460 , -151795 145700 55217 -153338 2240 46792 , -46836 79045 5777 58347 -164156 148774 , 193760 262628 -262628 0 34420 -228208 , 6.886099784766062e-09 , 26
2.2787464516901004 , -182090 -226646 -77350 -241719 -325717 -174992 , 183704 -68115 68115 0 42219 110334 , 105183 5777 79045 58347 -142997 243201 , 153977 -194513 194513 0 -76639 117874 , 59629 77350 226646 241719 -97642 -99071 , -1543 55217 145700 -153338 8425 143460 , 151795 -145700 -55217 153338 -2240 -46792 , 46836 -79045 -5777 -58347 164156 -148774 , 193760 262628 -262628 0 34420 -228208 , 6.886099784766062e-09 , 27
2.2787464516901004 , -182090 -226646 -77350 -241719 -325717 -174992 , 183704 -68115 68115 0 42219 110334 , -46836 -148774 164156 -105183 -5777 -79045 , 153977 -194513 194513 0 -76639 117874 , 59629 77350 226646 241719 -97642 -99071 , -151795 -46792 -2240 1543 -55217 -145700 , -153338 2240 46792 -1543 -143460 -8425 , 58347 -164156 148774 105183 -243201 142997 , 193760 262628 -262628 0 34420 -228208 , 6.8860997847660793e-09 , 28
2.2787464516901004 , -182090 -226646 -77350 -241719 -325717 -174992 , 183704 -68115 68115 0 42219 110334 , 46836 148774 -164156 105183 5777 79045 , 153977 -194513 194513 0 -76639 117874 , 59629 77350 226646 241719 -97642 -99071 , 151795 46792 2240 -1543 55217 145700 , 153338 -2240 -46792 1543 143460 8425 , -58347 164156 -148774 -105183 243201 -142997 , 193760 262628 -262628 0 34420 -228208 , 6.8860997847660793e-09 , 29
2.2787464516901004 , -182090 -226646 -77350 -241719 -325717 -174992 , 153977 -194513 194513 0 -76639 117874 , 1543 143460 8425 -151795 145700 55217 , 183704 -68115 68115 0 42219 110334 , 59629 77350 226646 241719 -97642 -99071 , -105183 243201 -142997 -46836 79045 5777 , -58347 142997 -243201 46836 148774 -164156 , 153338 -8425 -143460 151795 46792 2240 , 193760 262628 -262628 0 34420 -228208 , 6.8860997847666153e-09 , 30
2.2787464516901004 , -182090 -226646 -77350 -241719 -325717 -174992 , 153977 -194513 194513 0 -76639 117874 , -1543 -143460 -8425 151795 -145700 -55217 , 183704 -68115 68115 0 42219 110334 , 59629 77350 226646 241719 -97642 -99071 , 105183 -243201 142997 46836 -79045 -5777 , 58347 -142997 243201 -46836 -148774 164156 , -153338 8425 143460 -151795 -46792 -2240 , 193760 262628 -262628 0 34420 -228208 , 6.8860997847666153e-09 , 31
2.2787464516901004 , -182090 -226646 -77350 -241719 -325717 -174992 , 153977 -194513 194513 0 -76639 117874 , -143460 -8425 153338 -145700 -55217 1543 , 183704 -68115 68115 0 42219 110334 , 59629 77350 226646 241719 -97642 -99071 , -243201 142997 -58347 -79045 -5777 -105183 , -164156 58347 -142997 79045 -46836 -148774 , 2240 -153338 8425 145700 -151795 -46792 , 193760 262628 -262628 0 34420 -228208 , 6.8860997847667311e-09 , 32
2.2787464516901004 , -182090 -226646 -77350 -241719 -325717 -174992 , 153977 -194513 194513 0 -76639 117874 , 143460 8425 -153338 145700 55217 -1543 , 183704 -68115 68115 0 42219 110334 , 59629 77350 226646 241719 -97642 -99071 , 243201 -142997 58347 79045 5777 105183 , 164156 -58347 142997 -79045 46836 148774 , -2240 153338 -8425 -145700 151795 46792 , 193760 262628 -262628 0 34420 -228208 , 6.8860997847667311e-09 , 33
2.2787464516901004 , -182090 -226646 -77350 -241719 -325717 -174992 , 183704 -68115 68115 0 42219 110334 , -79045 46836 148774 -243201 105183 5777 , 153977 -194513 194513 0 -76639 117874 , 59629 77350 226646 241719 -97642 -99071 , -145700 151795 46792 -143460 -1543 55217 , -2240 -46792 -151795 143460 8425 -153338 , 164156 -148774 -46836 243201 -142997 58347 , 193760 262628 -262628 0 34420 -228208 , 6.8860997847690018e-09 , 34
2.2787464516901004 , -182090 -226646 -77350 -241719 -325717 -174992 , 183704 -68115 68115 0 42219 110334 , 79045 -46836 -148774 243201 -105183 -5777 , 153977 -194513 194513 0 -76639 117874 , 59629 77350 226646 241719 -97642 -99071 , 145700 -151795 -46792 143460 1543 -55217 , 2240 46792 151795 -143460 -8425 153338 , -164156 148774 46836 -243201 142997 -58347 , 193760 262628 -262628 0 34420 -228208 , 6.8860997847690018e-09 , 35
2.3810116434862314 , -86939 -269438 -219064 -85235 -303535 -213686 , 113790 -229742 229742 0 -126741 103001 , -122190 -16373 111728 -16681 -181278 67421 , 223891 -32886 32886 0 92321 125207 , -1704 219064 269438 85235 5378 -34097 , -146563 165632 -87658 2830 -52350 13701 , -149393 87658 -165632 -2830 101359 -217982 , -105509 -111728 16373 16681 -44307 -164905 , 193760 262628 -262628 0 34420 -228208 , 6.8860997849455295e-09 , 0
2.3810116434862314 , -86939 -269438 -219064 -85235 -303535 -213686 , 113790 -229742 229742 0 -126741 103001 , 122190 16373 -111728 16681 181278 -67421 , 223891 -32886 32886 0 92321 125207 , -1704 219064 269438 85235 5378 -34097 , 146563 -165632 87658 -2830 52350 -13701 , 149393 -87658 165632 2830 -101359 217982 , 105509 111728 -16373 -16681 44307 164905 , 193760 262628 -262628 0 34420 -228208 , 6.8860997849455295e-09 , 1
2.3810116434862314 , -86939 -269438 -219064 -85235 -303535 -213686 , 223891 -32886 32886 0 92321 125207 , -52350 2830 -101359 165632 -146563 -13701 , 113790 -229742 229742 0 -126741 103001 , -1704 219064 269438 85235 5378 -34097 , -181278 -16681 44307 -16373 -122190 -67421 , -164905 -44307 16681 16373 -111728 -105509 , -217982 101359 -2830 -165632 87658 -149393 , 193760 262628 -262628 0 34420 -228208 , 6.8860997849472186e-09 , 2
2.3810116434862314 , -86939 -269438 -219064 -85235 -303535 -213686 , 223891 -32886 32886 0 92321 125207 , 52350 -2830 101359 -165632 146563 13701 , 113790 -229742 229742 0 -126741 103001 , -1704 219064 269438 85235 5378 -34097 , 181278 16681 -44307 16373 122190 67421 , 164905 44307 -16681 -16373 111728 105509 , 217982 -101359 2830 165632 -87658 149393 , 193760 262628 -262628 0 34420 -228208 , 6.8860997849472186e-09 , 3
2.3810116434862314 , -86939 -269438 -219064 -85235 -303535 -213686 , 223891 -32886 32886 0 92321 125207 , -165632 146563 13701 -217982 149393 -87658 , 113790 -229742 229742 0 -126741 103001 , -1704 219064 269438 85235 5378 -34097 , 16373 122190 67421 -164905 105509 111728 , 181278 -67421 -122190 164905 44307 -16681 , 52350 -13701 -146563 217982 -101359 2830 , 193760 262628 -262628 0 34420 -228208 , 6.8860997849479383e-09 , 4
2.3810116434862314 , -86939 -269438 -219064 -85235 -303535 -213686 , 223891 -32886 32886 0 92321 125207 , 165632 -146563 -13701 217982 -149393 87658 , 113790 -229742 229742 0 -126741 103001 , -1704 219064 269438 85235 5378 -34097 , -16373 -122190 -67421 164905 -105509 -111728 , -181278 67421 122190 -164905 -44307 16681 , -52350 13701 146563 -217982 101359 -2830 , 193760 262628 -262628 0 34420 -228208 , 6.8860997849479383e-09 , 5
2.3810116434862314 , -86939 -269438 -219064 -85235 -303535 -213686 , 113790 -229742 229742 0 -126741 103001 , 67421 122190 16373 -44307 16681 181278 , 223891 -32886 32886 0 92321 125207 , -1704 219064 269438 85235 5378 -34097 , 13701 146563 -165632 101359 -2830 52350 , -87658 165632 -146563 -101359 217982 -149393 , 111728 -16373 -122190 44307 164905 -105509 , 193760 262628 -262628 0 34420 -228208 , 6.8860997849479846e-09 , 6
2.3810116434862314 , -86939 -269438 -219064 -85235 -303535 -213686 , 113790 -229742 229742 0 -126741 103001 , -67421 -122190 -16373 44307 -16681 -181278 , 223891 -32886 32886 0 92321 125207 , -1704 219064 269438 85235 5378 -34097 , -13701 -146563 165632 -101359 2830 -52350 , 87658 -165632 146563 101359 -217982 149393 , -111728 16373 122190 -44307 -164905 105509 , 193760 262628 -262628 0 34420 -228208 , 6.8860997849479846e-09 , 7
2.3810116434862314 , -86939 -269438 -219064 -85235 -303535 -213686 , 223891 -32886 32886 0 92321 125207 , 87658 -165632 146563 101359 -217982 149393 , 113790 -229742 229742 0 -126741 103001 , -1704 219064 269438 85235 5378 -34097 , -111728 16373 122190 -44307 -164905 105509 , -67421 -122190 -16373 44307 -16681 -181278 , -13701 -146563 165632 -101359 2830 -52350 , 193760 262628 -262628 0 34420 -228208 , 6.8860997849487845e-09 , 8
2.3810116434862314 , -86939 -269438 -219064 -85235 -303535 -213686 , 223891 -32886 32886 0 92321 125207 , -87658 165632 -146563 -101359 217982 -149393 , 113790 -229742 229742 0 -126741 103001 , -1704 219064 269438 85235 5378 -34097 , 111728 -16373 -122190 44307 164905 -105509 , 67421 122190 16373 -44307 16681 181278 , 13701 146563 -165632 101359 -2830 52350 , 193760 262628 -262628 0 34420 -228208 , 6.8860997849487845e-09 , 9
2.3810116434862314 , -86939 -269438 -219064 -85235 -303535 -213686 , 223891 -32886 32886 0 92321 125207 , -2830 101359 -217982 146563 13701 -52350 , 113790 -229742 229742 0 -126741 103001 , -1704 219064 269438 85235 5378 -34097 , 16681 -44307 -164905 122190 67421 -181278 , -105509 164905 44307 -122190 -16373 111728 , -149393 217982 -101359 -146563 165632 -87658 , 193760 262628 -262628 0 34420 -228208 , 6.8860997849488143e-09 , 10
2.3810116434862314 , -86939 -269438 -219064 -85235 -303535 -213686 , 223891 -32886 32886 0 92321 125207 , 2830 -101359 217982 -146563 -13701 52350 , 113790 -229742 229742 0 -126741 103001 , -1704 219064 269438 85235 5378 -34097 , -16681 44307 164905 -122190 -67421 181278 , 105509 -164905 -44307 122190 16373 -111728 , 149393 -217982 101359 146563 -165632 87658 , 193760 262628 -262628 0 34420 -228208 , 6.8860997849488143e-09 , 11
2.3810116434862314 , -86939 -269438 -219064 -85235 -303535 -213686 , 223891 -32886 32886 0 92321 125207 , 101359 -217982 149393 13701 -52350 2830 , 113790 -229742 229742 0 -126741 103001 , -1704 219064 269438 85235 5378 -34097 , -44307 -164905 105509 67421 -181278 -16681 , -111728 -105509 164905 -67421 -122190 -16373 , 87658 -149393 217982 -13701 -146563 165632 , 193760 262628 -262628 0 34420 -228208 , 6.8860997849495893e-09 , 12
2.3810116434862314 , -86939 -269438 -219064 -85235 -303535 -213686 , 223891 -32886 32886 0 92321 125207 , -101359 217982 -149393 -13701 52350 -2830 , 113790 -229742 229742 0 -126741 103001 , -1704 219064 269438 85235 5378 -34097 , 44307 164905 -105509 -67421 181278 16681 , 111728 105509 -164905 67421 122190 16373 , -87658 149393 -217982 13701 146563 -165632 , 193760 262628 -262628 0 34420 -228208 , 6.8860997849495893e-09 , 13
2.3810116434862314 , -86939 -269438 -219064 -85235 -303535 -213686 , 113790 -229742 229742 0 -126741 103001 , -16373 111728 105509 -181278 67421 122190 , 223891 -32886 32886 0 92321 125207 , -1704 219064 269438 85235 5378 -34097 , 165632 -87658 149393 -52350 13701 146563 , 217982 -149393 87658 52350 -2830 101359 , 164905 -105509 -111728 181278 16681 -44307 , 193760 262628 -262628 0 34420 -228208 , 6.8860997849504529e-09 , 14
2.3810116434862314 , -86939 -269438 -219064 -85235 -303535 -213686 , 113790 -229742 229742 0 -126741 103001 , 16373 -111728 -105509 181278 -67421 -122190 , 223891 -32886 32886 0 92321 125207 , -1704 219064 269438 85235 5378 -34097 , -165632 87658 -149393 52350 -13701 -146563 , -217982 149393 -87658 -52350 2830 -101359 , -164905 105509 111728 -181278 -16681 44307 , 193760 262628 -262628 0 34420 -228208 , 6.8860997849504529e-09 , 15
2.3810116434862314 , -86939 -269438 -219064 -85235 -303535 -213686 , 223891 -32886 32886 0 92321 125207 , 146563 13701 -52350 149393 -87658 165632 , 113790 -229742 229742 0 -126741 103001 , -1704 219064 269438 85235 5378 -34097 , 122190 67421 -181278 105509 111728 -16373 , 16681 181278 -67421 -105509 164905 44307 , -2830 52350 -13701 -149393 217982 -101359 , 193760 262628 -262628 0 34420 -228208 , 6.8860997849512396e-09 , 16
2.3810116434862314 , -86939 -269438 -219064 -85235 -303535 -213686 , 223891 -32886 32886 0 92321 125207 , -146563 -13701 52350 -149393 87658 -165632 , 113790 -229742 229742 0 -126741 103001 , -1704 219064 269438 85235 5378 -34097 , -122190 -67421 181278 -105509 -111728 16373 , -16681 -181278 67421 105509 -164905 -44307 , 2830 -52350 13701 149393 -217982 101359 , 193760 262628 -262628 0 34420 -228208 , 6.8860997849512396e-09 , 17
2.3810116434862314 , -86939 -269438 -219064 -85235 -303535 -213686 , 223891 -32886 32886 0 92321 125207 , -217982 149393 -87658 -52350 2830 -101359 , 113790 -229742 229742 0 -126741 103001 , -1704 219064 269438 85235 5378 -34097 , -164905 105509 111728 -181278 -16681 44307 , 16373 -111728 -105509 181278 -67421 -122190 , -165632 87658 -149393 52350 -13701 -146563 , 193760 262628 -262628 0 34420 -228208 , 6.8860997849528625e-09 , 18
2.3810116434862314 , -86939 -269438 -219064 -85235 -303535 -213686 , 223891 -32886 32886 0 92321 125207 , 217982 -149393 87658 52350 -2830 101359 , 113790 -229742 229742 0 -126741 103001 , -1704 219064 269438 85235 5378 -34097 , 164905 -105509 -111728 181278 16681 -44307 , -16373 111728 105509 -181278 67421 122190 , 165632 -87658 149393 -52350 13701 146563 , 193760 262628 -262628 0 34420 -228208 , 6.8860997849528625e-09 , 19
2.3810116434862314 , -86939 -269438 -219064 -85235 -303535 -213686 , 113790 -229742 229742 0 -126741 103001 , -16681 -181278 67421 105509 -164905 -44307 , 223891 -32886 32886 0 92321 125207 , -1704 219064 269438 85235 5378 -34097 , 2830 -52350 13701 149393 -217982 101359 , -146563 -13701 52350 -149393 87658 -165632 , -122190 -67421 181278 -105509 -111728 16373 , 193760 262628 -262628 0 34420 -228208 , 6.8860997849528981e-09 , 20
2.3810116434862314 , -86939 -269438 -219064 -85235 -303535 -213686 , 113790 -229742 229742 0 -126741 103001 , 16681 181278 -67421 -105509 164905 44307 , 223891 -32886 32886 0 92321 125207 , -1704 219064 269438 85235 5378 -34097 , -2830 52350 -13701 -149393 217982 -101359 , 146563 13701 -52350 149393 -87658 165632 , 122190 67421 -181278 105509 111728 -16373 , 193760 262628 -262628 0 34420 -228208 , 6.8860997849528981e-09 , 21
2.3810116434862314 , -86939 -269438 -219064 -85235 -303535 -213686 , 223891 -32886 32886 0 92321 125207 , -13701 52350 -2830 87658 -165632 146563 , 113790 -229742 229742 0 -126741 103001 , -1704 219064 269438 85235 5378 -34097 , -67421 181278 16681 -111728 16373 122190 , 44307 -16681 -181278 111728 105509 -164905 , -101359 2830 -52350 -87658 149393 -217982 , 193760 262628 -262628 0 34420 -228208 , 6.8860997849536847e-09 , 22
2.3810116434862314 , -86939 -269438 -219064 -85235 -303535 -213686 , 223891 -32886 32886 0 92321 125207 , 13701 -52350 2830 -87658 165632 -146563 , 113790 -229742 229742 0 -126741 103001 , -1704 219064 269438 85235 5378 -34097 , 67421 -181278 -16681 111728 -16373 -122190 , -44307 16681 181278 -111728 -105509 164905 , 101359 -2830 52350 87658 -149393 217982 , 193760 262628 -262628 0 34420 -228208 , 6.8860997849536847e-09 , 23
2.3810116434862314 , -86939 -269438 -219064 -85235 -303535 -213686 , 113790 -229742 229742 0 -126741 103001 , -44307 16681 181278 -111728 -105509 164905 , 223891 -32886 32886 0 92321 125207 , -1704 219064 269438 85235 5378 -34097 , 101359 -2830 52350 87658 -149393 217982 , 13701 -52350 2830 -87658 165632 -146563 , 67421 -181278 -16681 111728 -16373 -122190 , 193760 262628 -262628 0 34420 -228208 , 6.8860997849537087e-09 , 24
2.3810116434862314 , -86939 -269438 -219064 -85235 -303535 -213686 , 113790 -229742 229742 0 -126741 103001 , 44307 -16681 -181278 111728 105509 -164905 , 223891 -32886 32886 0 92321 125207 , -1704 219064 269438 85235 5378 -34097 , -101359 2830 -52350 -87658 149393 -217982 , -13701 52350 -2830 87658 -165632 146563 , -67421 181278 16681 -111728 16373 122190 , 193760 262628 -262628 0 34420 -228208 , 6.8860997849537087e-09 , 25
2.3810116434862314 , -86939 -269438 -219064 -85235 -303535 -213686 , 113790 -229742 229742 0 -126741 103001 , -164905 -44307 16681 16373 -111728 -105509 , 223891 -32886 32886 0 92321 125207 , -1704 219064 269438 85235 5378 -34097 , -217982 101359 -2830 -165632 87658 -149393 , -52350 2830 -101359 165632 -146563 -13701 , -181278 -16681 44307 -16373 -122190 -67421 , 193760 262628 -262628 0 34420 -228208 , 6.8860997849544763e-09 , 26
2.3810116434862314 , -86939 -269438 -219064 -85235 -303535 -213686 , 113790 -229742 229742 0 -126741 103001 , 164905 44307 -16681 -16373 111728 105509 , 223891 -32886 32886 0 92321 125207 , -1704 219064 269438 85235 5378 -34097 , 217982 -101359 2830 165632 -87658 149393 , 52350 -2830 101359 -165632 146563 13701 , 181278 16681 -44307 16373 122190 67421 , 193760 262628 -262628 0 34420 -228208 , 6.8860997849544763e-09 , 27
2.3810116434862314 , -86939 -269438 -219064 -85235 -303535 -213686 , 113790 -229742 229742 0 -126741 103001 , -105509 164905 44307 -122190 -16373 111728 , 223891 -32886 32886 0 92321 125207 , -1704 219064 269438 85235 5378 -34097 , -149393 217982 -101359 -146563 165632 -87658 , -2830 101359 -217982 146563 13701 -52350 , 16681 -44307 -164905 122190 67421 -181278 , 193760 262628 -262628 0 34420 -228208 , 6.8860997849544978e-09 , 28
2.3810116434862314 , -86939 -269438 -219064 -85235 -303535 -213686 , 113790 -229742 229742 0 -126741 103001 , 105509 -164905 -44307 122190 16373 -111728 , 223891 -32886 32886 0 92321 125207 , -1704 219064 269438 85235 5378 -34097 , 149393 -217982 101359 146563 -165632 87658 , 2830 -101359 217982 -146563 -13701 52350 , -16681 44307 164905 -122190 -67421 181278 , 193760 262628 -262628 0 34420 -228208 , 6.8860997849544978e-09 , 29
2.3810116434862314 , -86939 -269438 -219064 -85235 -303535 -213686 , 113790 -229742 229742 0 -126741 103001 , -181278 67421 122190 -164905 -44307 16681 , 223891 -32886 32886 0 92321 125207 , -1704 219064 269438 85235 5378 -34097 , -52350 13701 146563 -217982 101359 -2830 , 165632 -146563 -13701 217982 -149393 87658 , -16373 -122190 -67421 164905 -105509 -111728 , 193760 262628 -262628 0 34420 -228208 , 6.8860997849552853e-09 , 30
2.3810116434862314 , -86939 -269438 -219064 -85235 -303535 -213686 , 113790 -229742 229742 0 -126741 103001 , 181278 -67421 -122190 164905 44307 -16681 , 223891 -32886 32886 0 92321 125207 , -1704 219064 269438 85235 5378 -34097 , 52350 -13701 -146563 217982 -101359 2830 , -165632 146563 13701 -217982 149393 -87658 , 16373 122190 67421 -164905 105509 111728 , 193760 262628 -262628 0 34420 -228208 , 6.8860997849552853e-09 , 31
2.3810116434862314 , -86939 -269438 -219064 -85235 -303535 -213686 , 113790 -229742 229742 0 -126741 103001 , -111728 -105509 164905 -67421 -122190 -16373 , 223891 -32886 32886 0 92321 125207 , -1704 219064 269438 85235 5378 -34097 , 87658 -149393 217982 -13701 -146563 165632 , 101359 -217982 149393 13701 -52350 2830 , -44307 -164905 105509 67421 -181278 -16681 , 193760 262628 -262628 0 34420 -228208 , 6.8860997849553391e-09 , 32
2.3810116434862314 , -86939 -269438 -219064 -85235 -303535 -213686 , 113790 -229742 229742 0 -126741 103001 , 111728 105509 -164905 67421 122190 16373 , 223891 -32886 32886 0 92321 125207 , -1704 219064 269438 85235 5378 -34097 , -87658 149393 -217982 13701 146563 -165632 , -101359 217982 -149393 -13701 52350 -2830 , 44307 164905 -105509 -67421 181278 16681 , 193760 262628 -262628 0 34420 -228208 , 6.8860997849553391e-09 , 33
2.3810116434862314 , -86939 -269438 -219064 -85235 -303535 -213686 , 223891 -32886 32886 0 92321 125207 , 149393 -87658 165632 2830 -101359 217982 , 113790 -229742 229742 0 -126741 103001 , -1704 219064 269438 85235 5378 -34097 , 105509 111728 -16373 -16681 44307 164905 , 122190 16373 -111728 16681 181278 -67421 , 146563 -165632 87658 -2830 52350 -13701 , 193760 262628 -262628 0 34420 -228208 , 6.8860997849561365e-09 , 34
2.3810116434862314 , -86939 -269438 -219064 -85235 -303535 -213686 , 223891 -32886 32886 0 92321 125207 , -149393 87658 -165632 -2830 101359 -217982 , 113790 -229742 229742 0 -126741 103001 , -1704 219064 269438 85235 5378 -34097 , -105509 -111728 16373 16681 -44307 -164905 , -122190 -16373 111728 -16681 -181278 67421 , -146563 165632 -87658 2830 -52350 13701 , 193760 262628 -262628 0 34420 -228208 , 6.8860997849561365e-09 , 35
2.49210434201076 , -68106 -313103 -181206 -125247 -260143 -214868 , 285818 -98069 98069 0 72134 170203 , 62768 5356 78383 -29429 -29969 131275 , 51863 -164559 164559 0 -106554 58005 , 57141 181206 313103 125247 -33662 52960 , -33938 206355 -79523 -196834 280851 -58707 , 162896 79523 -206355 196834 20816 74496 , 92197 -78383 -5356 29429 52892 -35325 , 193760 262628 -262628 0 34420 -228208 , 6.8860997846451381e-09 , 0
2.49210434201076 , -68106 -313103 -181206 -125247 -260143 -214868 , 285818 -98069 98069 0 72134 170203 , -62768 -5356 -78383 29429 29969 -131275 , 51863 -164559 164559 0 -106554 58005 , 57141 181206 313103 125247 -33662 52960 , 33938 -206355 79523 196834 -280851 58707 , -162896 -79523 206355 -196834 -20816 -74496 , -92197 78383 5356 -29429 -52892 35325 , 193760 262628 -262628 0 34420 -228208 , 6.8860997846451381e-09 , 1
2.49210434201076 , -68106 -313103 -181206 -125247 -260143 -214868 , 51863 -164559 164559 0 -106554 58005 , -33938 58707 -280851 162896 79523 -206355 , 285818 -98069 98069 0 72134 170203 , 57141 181206 313103 125247 -33662 52960 , 62768 -131275 29969 92197 -78383 -5356 , -29429 -29969 131275 -92197 -35325 52892 , -196834 280851 -58707 -162896 74496 20816 , 193760 262628 -262628 0 34420 -228208 , 6.8860997846454871e-09 , 2
2.49210434201076 , -68106 -313103 -181206 -125247 -260143 -214868 , 51863 -164559 164559 0 -106554 58005 , 33938 -58707 280851 -162896 -79523 206355 , 285818 -98069 98069 0 72134 170203 , 57141 181206 313103 125247 -33662 52960 , -62768 131275 -29969 -92197 78383 5356 , 29429 29969 -131275 92197 35325 -52892 , 196834 -280851 58707 162896 -74496 -20816 , 193760 262628 -262628 0 34420 -228208 , 6.8860997846454871e-09 , 3
2.49210434201076 , -68106 -313103 -181206 -125247 -260143 -214868 , 51863 -164559 164559 0 -106554 58005 , 58707 -280851 196834 79523 -206355 33938 , 285818 -98069 98069 0 72134 170203 , 57141 181206 313103 125247 -33662 52960 , -131275 29969 29429 -78383 -5356 -62768 , -52892 -29429 -29969 78383 -92197 -35325 , -20816 -196834 280851 -79523 -162896 74496 , 193760 262628 -262628 0 34420 -228208 , 6.8860997846464872e-09 , 4
2.49210434201076 , -68106 -313103 -181206 -125247 -260143 -214868 , 51863 -164559 164559 0 -106554 58005 , -58707 280851 -196834 -79523 206355 -33938 , 285818 -98069 98069 0 72134 170203 , 57141 181206 313103 125247 -33662 52960 , 131275 -29969 -29429 78383 5356 62768 , 52892 29429 29969 -78383 92197 35325 , 20816 196834 -280851 79523 162896 -74496 , 193760 262628 -262628 0 34420 -228208 , 6.8860997846464872e-09 , 5
2.49210434201076 , -68106 -313103 -181206 -125247 -260143 -214868 , 51863 -164559 164559 0 -106554 58005 , -20816 -74496 162896 58707 -280851 196834 , 285818 -98069 98069 0 72134 170203 , 57141 181206 313103 125247 -33662 52960 , -52892 35325 92197 -131275 29969 29429 , 78383 -92197 -35325 131275 -62768 -5356 , -79523 -162896 74496 -58707 33938 -206355 , 193760 262628 -262628 0 34420 -228208 , 6.8860997846471928e-09 , 6
2.49210434201076 , -68106 -313103 -181206 -125247 -260143 -214868 , 51863 -164559 164559 0 -106554 58005 , 20816 74496 -162896 -58707 280851 -196834 , 285818 -98069 98069 0 72134 170203 , 57141 181206 313103 125247 -33662 52960 , 52892 -35325 -92197 131275 -29969 -29429 , -78383 92197 35325 -131275 62768 5356 , 79523 162896 -74496 58707 -33938 206355 , 193760 262628 -262628 0 34420 -228208 , 6.8860997846471928e-09 , 7
2.49210434201076 , -68106 -313103 -181206 -125247 -260143 -214868 , 285818 -98069 98069 0 72134 170203 , -131275 62768 5356 -52892 -29429 -29969 , 51863 -164559 164559 0 -106554 58005 , 57141 181206 313103 125247 -33662 52960 , 58707 -33938 206355 -20816 -196834 280851 , 79523 -206355 33938 20816 74496 -162896 , -78383 -5356 -62768 52892 -35325 -92197 , 193760 262628 -262628 0 34420 -228208 , 6.8860997846472002e-09 , 8
2.49210434201076 , -68106 -313103 -181206 -125247 -260143 -214868 , 285818 -98069 98069 0 72134 170203 , 131275 -62768 -5356 52892 29429 29969 , 51863 -164559 164559 0 -106554 58005 , 57141 181206 313103 125247 -33662 52960 , -58707 33938 -206355 20816 196834 -280851 , -79523 206355 -33938 -20816 -74496 162896 , 78383 5356 62768 -52892 35325 92197 , 193760 262628 -262628 0 34420 -228208 , 6.8860997846472002e-09 , 9
2.49210434201076 , -68106 -313103 -181206 -125247 -260143 -214868 , 285818 -98069 98069 0 72134 170203 , 92197 35325 -52892 62768 5356 78383 , 51863 -164559 164559 0 -106554 58005 , 57141 181206 313103 125247 -33662 52960 , 162896 -74496 -20816 -33938 206355 -79523 , 196834 20816 74496 33938 -58707 280851 , 29429 52892 -35325 -62768 131275 -29969 , 193760 262628 -262628 0 34420 -228208 , 6.8860997846475435e-09 , 10
2.49210434201076 , -68106 -313103 -181206 -125247 -260143 -214868 , 285818 -98069 98069 0 72134 170203 , -92197 -35325 52892 -62768 -5356 -78383 , 51863 -164559 164559 0 -106554 58005 , 57141 181206 313103 125247 -33662 52960 , -162896 74496 20816 33938 -206355 79523 , -196834 -20816 -74496 -33938 58707 -280851 , -29429 -52892 35325 62768 -131275 29969 , 193760 262628 -262628 0 34420 -228208 , 6.8860997846475435e-09 , 11
2.49210434201076 , -68106 -313103 -181206 -125247 -260143 -214868 , 51863 -164559 164559 0 -106554 58005 , -79523 206355 -33938 -20816 -74496 162896 , 285818 -98069 98069 0 72134 170203 , 57141 181206 313103 125247 -33662 52960 , 78383 5356 62768 -52892 35325 92197 , 131275 -62768 -5356 52892 29429 29969 , -58707 33938 -206355 20816 196834 -280851 , 193760 262628 -262628 0 34420 -228208 , 6.8860997846476171e-09 , 12
2.49210434201076 , -68106 -313103 -181206 -125247 -260143 -214868 , 51863 -164559 164559 0 -106554 58005 , 79523 -206355 33938 20816 74496 -162896 , 285818 -98069 98069 0 72134 170203 , 57141 181206 313103 125247 -33662 52960 , -78383 -5356 -62768 52892 -35325 -92197 , -131275 62768 5356 -52892 -29429 -29969 , 58707 -33938 206355 -20816 -196834 280851 , 193760 262628 -262628 0 34420 -228208 , 6.8860997846476171e-09 , 13
2.49210434201076 , -68106 -313103 -181206 -125247 -260143 -214868 , 51863 -164559 164559 0 -106554 58005 , -280851 196834 20816 -206355 33938 -58707 , 285818 -98069 98069 0 72134 170203 , 57141 181206 313103 125247 -33662 52960 , 29969 29429 52892 -5356 -62768 131275 , 35325 -52892 -29429 5356 78383 -92197 , -74496 -20816 -196834 206355 -79523 -162896 , 193760 262628 -262628 0 34420 -228208 , 6.8860997846478876e-09 , 14
2.49210434201076 , -68106 -313103 -181206 -125247 -260143 -214868 , 51863 -164559 164559 0 -106554 58005 , 280851 -196834 -20816 206355 -33938 58707 , 285818 -98069 98069 0 72134 170203 , 57141 181206 313103 125247 -33662 52960 , -29969 -29429 -52892 5356 62768 -131275 , -35325 52892 29429 -5356 -78383 92197 , 74496 20816 196834 -206355 79523 162896 , 193760 262628 -262628 0 34420 -228208 , 6.8860997846478876e-09 , 15
2.49210434201076 , -68106 -313103 -181206 -125247 -260143 -214868 , 285818 -98069 98069 0 72134 170203 , -5356 -78383 92197 29969 -131275 62768 , 51863 -164559 164559 0 -106554 58005 , 57141 181206 313103 125247 -33662 52960 , -206355 79523 162896 -280851 58707 -33938 , 74496 -162896 -79523 280851 -196834 -20816 , -35325 -92197 78383 -29969 -29429 -52892 , 193760 262628 -262628 0 34420 -228208 , 6.8860997846479009e-09 , 16
2.49210434201076 , -68106 -313103 -181206 -125247 -260143 -214868 , 285818 -98069 98069 0 72134 170203 , 5356 78383 -92197 -29969 131275 -62768 , 51863 -164559 164559 0 -106554 58005 , 57141 181206 313103 125247 -33662 52960 , 206355 -79523 -162896 280851 -58707 33938 , -74496 162896 79523 -280851 196834 20816 , 35325 92197 -78383 29969 29429 52892 , 193760 262628 -262628 0 34420 -228208 , 6.8860997846479009e-09 , 17
2.49210434201076 , -68106 -313103 -181206 -125247 -260143 -214868 , 51863 -164559 164559 0 -106554 58005 , -196834 -20816 -74496 -33938 58707 -280851 , 285818 -98069 98069 0 72134 170203 , 57141 181206 313103 125247 -33662 52960 , -29429 -52892 35325 62768 -131275 29969 , -92197 -35325 52892 -62768 -5356 -78383 , -162896 74496 20816 33938 -206355 79523 , 193760 262628 -262628 0 34420 -228208 , 6.8860997846479257e-09 , 18
2.49210434201076 , -68106 -313103 -181206 -125247 -260143 -214868 , 51863 -164559 164559 0 -106554 58005 , 196834 20816 74496 33938 -58707 280851 , 285818 -98069 98069 0 72134 170203 , 57141 181206 313103 125247 -33662 52960 , 29429 52892 -35325 -62768 131275 -29969 , 92197 35325 -52892 62768 5356 78383 , 162896 -74496 -20816 -33938 206355 -79523 , 193760 262628 -262628 0 34420 -228208 , 6.8860997846479257e-09 , 19
2.49210434201076 , -68106 -313103 -181206 -125247 -260143 -214868 , 51863 -164559 164559 0 -106554 58005 , -206355 33938 -58707 74496 -162896 -79523 , 285818 -98069 98069 0 72134 170203 , 57141 181206 313103 125247 -33662 52960 , -5356 -62768 131275 -35325 -92197 78383 , 29969 -131275 62768 35325 -52892 -29429 , -280851 58707 -33938 -74496 -20816 -196834 , 193760 262628 -262628 0 34420 -228208 , 6.8860997846479488e-09 , 20
2.49210434201076 , -68106 -313103 -181206 -125247 -260143 -214868 , 51863 -164559 164559 0 -106554 58005 , 206355 -33938 58707 -74496 162896 79523 , 285818 -98069 98069 0 72134 170203 , 57141 181206 313103 125247 -33662 52960 , 5356 62768 -131275 35325 92197 -78383 , -29969 131275 -62768 -35325 52892 29429 , 280851 -58707 33938 74496 20816 196834 , 193760 262628 -262628 0 34420 -228208 , 6.8860997846479488e-09 , 21
2.49210434201076 , -68106 -313103 -181206 -125247 -260143 -214868 , 285818 -98069 98069 0 72134 170203 , -35325 52892 29429 -5356 -78383 92197 , 51863 -164559 164559 0 -106554 58005 , 57141 181206 313103 125247 -33662 52960 , 74496 20816 196834 -206355 79523 162896 , 280851 -196834 -20816 206355 -33938 58707 , -29969 -29429 -52892 5356 62768 -131275 , 193760 262628 -262628 0 34420 -228208 , 6.8860997846479737e-09 , 22
2.49210434201076 , -68106 -313103 -181206 -125247 -260143 -214868 , 285818 -98069 98069 0 72134 170203 , 35325 -52892 -29429 5356 78383 -92197 , 51863 -164559 164559 0 -106554 58005 , 57141 181206 313103 125247 -33662 52960 , -74496 -20816 -196834 206355 -79523 -162896 , -280851 196834 20816 -206355 33938 -58707 , 29969 29429 52892 -5356 -62768 131275 , 193760 262628 -262628 0 34420 -228208 , 6.8860997846479737e-09 , 23
2.49210434201076 , -68106 -313103 -181206 -125247 -260143 -214868 , 285818 -98069 98069 0 72134 170203 , -78383 92197 35325 -131275 62768 5356 , 51863 -164559 164559 0 -106554 58005 , 57141 181206 313103 125247 -33662 52960 , 79523 162896 -74496 58707 -33938 206355 , 20816 74496 -162896 -58707 280851 -196834 , 52892 -35325 -92197 131275 -29969 -29429 , 193760 262628 -262628 0 34420 -228208 , 6.8860997846482483e-09 , 24
2.49210434201076 , -68106 -313103 -181206 -125247 -260143 -214868 , 285818 -98069 98069 0 72134 170203 , 78383 -92197 -35325 131275 -62768 -5356 , 51863 -164559 164559 0 -106554 58005 , 57141 181206 313103 125247 -33662 52960 , -79523 -162896 74496 -58707 33938 -206355 , -20816 -74496 162896 58707 -280851 196834 , -52892 35325 92197 -131275 29969 29429 , 193760 262628 -262628 0 34420 -228208 , 6.8860997846482483e-09 , 25
2.49210434201076 , -68106 -313103 -181206 -125247 -260143 -214868 , 285818 -98069 98069 0 72134 170203 , -52892 -29429 -29969 78383 -92197 -35325 , 51863 -164559 164559 0 -106554 58005 , 57141 181206 313103 125247 -33662 52960 , -20816 -196834 280851 -79523 -162896 74496 , 58707 -280851 196834 79523 -206355 33938 , -131275 29969 29429 -78383 -5356 -62768 , 193760 262628 -262628 0 34420 -228208 , 6.8860997846486246e-09 , 26
2.49210434201076 , -68106 -313103 -181206 -125247 -260143 -214868 , 285818 -98069 98069 0 72134 170203 , 52892 29429 29969 -78383 92197 35325 , 51863 -164559 164559 0 -106554 58005 , 57141 181206 313103 125247 -33662 52960 , 20816 196834 -280851 79523 162896 -74496 , -58707 280851 -196834 -79523 206355 -33938 , 131275 -29969 -29429 78383 5356 62768 , 193760 262628 -262628 0 34420 -228208 , 6.8860997846486246e-09 , 27
2.49210434201076 , -68106 -313103 -181206 -125247 -260143 -214868 , 285818 -98069 98069 0 72134 170203 , 29969 -131275 62768 35325 -52892 -29429 , 51863 -164559 164559 0 -106554 58005 , 57141 181206 313103 125247 -33662 52960 , -280851 58707 -33938 -74496 -20816 -196834 , -206355 33938 -58707 74496 -162896 -79523 , -5356 -62768 131275 -35325 -92197 78383 , 193760 262628 -262628 0 34420 -228208 , 6.8860997846500226e-09 , 28
2.49210434201076 , -68106 -313103 -181206 -125247 -260143 -214868 , 285818 -98069 98069 0 72134 170203 , -29969 131275 -62768 -35325 52892 29429 , 51863 -164559 164559 0 -106554 58005 , 57141 181206 313103 125247 -33662 52960 , 280851 -58707 33938 74496 20816 196834 , 206355 -33938 58707 -74496 162896 79523 , 5356 62768 -131275 35325 92197 -78383 , 193760 262628 -262628 0 34420 -228208 , 6.8860997846500226e-09 , 29
2.49210434201076 , -68106 -313103 -181206 -125247 -260143 -214868 , 51863 -164559 164559 0 -106554 58005 , -74496 162896 79523 -280851 196834 20816 , 285818 -98069 98069 0 72134 170203 , 57141 181206 313103 125247 -33662 52960 , 35325 92197 -78383 29969 29429 52892 , 5356 78383 -92197 -29969 131275 -62768 , 206355 -79523 -162896 280851 -58707 33938 , 193760 262628 -262628 0 34420 -228208 , 6.8860997846503659e-09 , 30
2.49210434201076 , -68106 -313103 -181206 -125247 -260143 -214868 , 51863 -164559 164559 0 -106554 58005 , 74496 -162896 -79523 280851 -196834 -20816 , 285818 -98069 98069 0 72134 170203 , 57141 181206 313103 125247 -33662 52960 , -35325 -92197 78383 -29969 -29429 -52892 , -5356 -78383 92197 29969 -131275 62768 , -206355 79523 162896 -280851 58707 -33938 , 193760 262628 -262628 0 34420 -228208 , 6.8860997846503659e-09 , 31
2.49210434201076 , -68106 -313103 -181206 -125247 -260143 -214868 , 285818 -98069 98069 0 72134 170203 , 29429 29969 -131275 92197 35325 -52892 , 51863 -164559 164559 0 -106554 58005 , 57141 181206 313103 125247 -33662 52960 , 196834 -280851 58707 162896 -74496 -20816 , 33938 -58707 280851 -162896 -79523 206355 , -62768 131275 -29969 -92197 78383 5356 , 193760 262628 -262628 0 34420 -228208 , 6.886099784650767e-09 , 32
2.49210434201076 , -68106 -313103 -181206 -125247 -260143 -214868 , 285818 -98069 98069 0 72134 170203 , -29429 -29969 131275 -92197 -35325 52892 , 51863 -164559 164559 0 -106554 58005 , 57141 181206 313103 125247 -33662 52960 , -196834 280851 -58707 -162896 74496 20816 , -33938 58707 -280851 162896 79523 -206355 , 62768 -131275 29969 92197 -78383 -5356 , 193760 262628 -262628 0 34420 -228208 , 6.886099784650767e-09 , 33
2.49210434201076 , -68106 -313103 -181206 -125247 -260143 -214868 , 51863 -164559 164559 0 -106554 58005 , 162896 79523 -206355 196834 20816 74496 , 285818 -98069 98069 0 72134 170203 , 57141 181206 313103 125247 -33662 52960 , 92197 -78383 -5356 29429 52892 -35325 , 62768 5356 78383 -29429 -29969 131275 , -33938 206355 -79523 -196834 280851 -58707 , 193760 262628 -262628 0 34420 -228208 , 6.8860997846510929e-09 , 34
2.49210434201076 , -68106 -313103 -181206 -125247 -260143 -214868 , 51863 -164559 164559 0 -106554 58005 , -162896 -79523 206355 -196834 -20816 -74496 , 285818 -98069 98069 0 72134 170203 , 57141 181206 313103 125247 -33662 52960 , -92197 78383 5356 -29429 -52892 35325 , -62768 -5356 -78383 29429 29969 -131275 , 33938 -206355 79523 196834 -280851 58707 , 193760 262628 -262628 0 34420 -228208 , 6.8860997846510929e-09 , 35
2.5983800945761133 , -67525 -283350 -172379 -164252 -225564 -173466 , 65222 -239994 239994 0 -160941 79053 , 14919 24956 200541 -133714 -70667 215094 , 272459 -22634 22634 0 126521 149155 , 96727 172379 283350 164252 -1087 57786 , -120548 148180 -56207 -151585 164982 -102199 , 31037 56207 -148180 151585 -45992 16802 , 148633 -200541 -24956 133714 14553 -95623 , 193760 262628 -262628 0 34420 -228208 , 6.8860997847366788e-09 , 0
2.5983800945761133 , -67525 -283350 -172379 -164252 -225564 -173466 , 65222 -239994 239994 0 -160941 79053 , -14919 -24956 -200541 133714 70667 -215094 , 272459 -22634 22634 0 126521 149155 , 96727 172379 283350 164252 -1087 57786 , 120548 -148180 56207 151585 -164982 102199 , -31037 -56207 148180 -151585 45992 -16802 , -148633 200541 24956 -133714 -14553 95623 , 193760 262628 -262628 0 34420 -228208 , 6.8860997847366788e-09 , 1
2.5983800945761133 , -67525 -283350 -172379 -164252 -225564 -173466 , 272459 -22634 22634 0 126521 149155 , 151585 -45992 16802 120548 -102199 164982 , 65222 -239994 239994 0 -160941 79053 , 96727 172379 283350 164252 -1087 57786 , 133714 14553 -95623 -14919 215094 -70667 , 148633 95623 -14553 14919 24956 200541 , 31037 -16802 45992 -120548 148180 -56207 , 193760 262628 -262628 0 34420 -228208 , 6.8860997847377608e-09 , 2
2.5983800945761133 , -67525 -283350 -172379 -164252 -225564 -173466 , 272459 -22634 22634 0 126521 149155 , -151585 45992 -16802 -120548 102199 -164982 , 65222 -239994 239994 0 -160941 79053 , 96727 172379 283350 164252 -1087 57786 , -133714 -14553 95623 14919 -215094 70667 , -148633 -95623 14553 -14919 -24956 -200541 , -31037 16802 -45992 120548 -148180 56207 , 193760 262628 -262628 0 34420 -228208 , 6.8860997847377608e-09 , 3
2.5983800945761133 , -67525 -283350 -172379 -164252 -225564 -173466 , 272459 -22634 22634 0 126521 149155 , -164982 151585 -45992 -148180 120548 -102199 , 65222 -239994 239994 0 -160941 79053 , 96727 172379 283350 164252 -1087 57786 , 70667 133714 14553 -24956 -14919 215094 , 95623 -14553 -133714 24956 200541 -148633 , -16802 45992 -151585 148180 -56207 -31037 , 193760 262628 -262628 0 34420 -228208 , 6.8860997847382447e-09 , 4
2.5983800945761133 , -67525 -283350 -172379 -164252 -225564 -173466 , 272459 -22634 22634 0 126521 149155 , 164982 -151585 45992 148180 -120548 102199 , 65222 -239994 239994 0 -160941 79053 , 96727 172379 283350 164252 -1087 57786 , -70667 -133714 -14553 24956 14919 -215094 , -95623 14553 133714 -24956 -200541 148633 , 16802 -45992 151585 -148180 56207 31037 , 193760 262628 -262628 0 34420 -228208 , 6.8860997847382447e-09 , 5
2.5983800945761133 , -67525 -283350 -172379 -164252 -225564 -173466 , 272459 -22634 22634 0 126521 149155 , 102199 -164982 151585 56207 -148180 120548 , 65222 -239994 239994 0 -160941 79053 , 96727 172379 283350 164252 -1087 57786 , -215094 70667 133714 -200541 -24956 -14919 , -14553 -133714 -70667 200541 -148633 -95623 , 45992 -151585 164982 -56207 -31037 16802 , 193760 262628 -262628 0 34420 -228208 , 6.8860997847387882e-09 , 6
2.5983800945761133 , -67525 -283350 -172379 -164252 -225564 -173466 , 272459 -22634 22634 0 126521 149155 , -102199 164982 -151585 -56207 148180 -120548 , 65222 -239994 239994 0 -160941 79053 , 96727 172379 283350 164252 -1087 57786 , 215094 -70667 -133714 200541 24956 14919 , 14553 133714 70667 -200541 148633 95623 , -45992 151585 -164982 56207 31037 -16802 , 193760 262628 -262628 0 34420 -228208 , 6.8860997847387882e-09 , 7
2.5983800945761133 , -67525 -283350 -172379 -164252 -225564 -173466 , 65222 -239994 239994 0 -160941 79053 , -24956 -200541 148633 70667 -215094 14919 , 272459 -22634 22634 0 126521 149155 , 96727 172379 283350 164252 -1087 57786 , -148180 56207 31037 -164982 102199 -120548 , 16802 -31037 -56207 164982 -151585 45992 , -95623 -148633 200541 -70667 -133714 -14553 , 193760 262628 -262628 0 34420 -228208 , 6.8860997847398627e-09 , 8
2.5983800945761133 , -67525 -283350 -172379 -164252 -225564 -173466 , 65222 -239994 239994 0 -160941 79053 , 24956 200541 -148633 -70667 215094 -14919 , 272459 -22634 22634 0 126521 149155 , 96727 172379 283350 164252 -1087 57786 , 148180 -56207 -31037 164982 -102199 120548 , -16802 31037 56207 -164982 151585 -45992 , 95623 148633 -200541 70667 133714 14553 , 193760 262628 -262628 0 34420 -228208 , 6.8860997847398627e-09 , 9
2.5983800945761133 , -67525 -283350 -172379 -164252 -225564 -173466 , 65222 -239994 239994 0 -160941 79053 , -200541 148633 95623 -215094 14919 24956 , 272459 -22634 22634 0 126521 149155 , 96727 172379 283350 164252 -1087 57786 , 56207 31037 -16802 102199 -120548 148180 , -45992 16802 -31037 -102199 164982 -151585 , 14553 -95623 -148633 215094 -70667 -133714 , 193760 262628 -262628 0 34420 -228208 , 6.8860997847414823e-09 , 10
2.5983800945761133 , -67525 -283350 -172379 -164252 -225564 -173466 , 65222 -239994 239994 0 -160941 79053 , 200541 -148633 -95623 215094 -14919 -24956 , 272459 -22634 22634 0 126521 149155 , 96727 172379 283350 164252 -1087 57786 , -56207 -31037 16802 -102199 120548 -148180 , 45992 -16802 31037 102199 -164982 151585 , -14553 95623 148633 -215094 70667 133714 , 193760 262628 -262628 0 34420 -228208 , 6.8860997847414823e-09 , 11
2.5983800945761133 , -67525 -283350 -172379 -164252 -225564 -173466 , 272459 -22634 22634 0 126521 149155 , -16802 31037 56207 -164982 151585 -45992 , 65222 -239994 239994 0 -160941 79053 , 96727 172379 283350 164252 -1087 57786 , 95623 148633 -200541 70667 133714 14553 , 24956 200541 -148633 -70667 215094 -14919 , 148180 -56207 -31037 164982 -102199 120548 , 193760 262628 -262628 0 34420 -228208 , 6.8860997847415203e-09 , 12
2.5983800945761133 , -67525 -283350 -172379 -164252 -225564 -173466 , 272459 -22634 22634 0 126521 149155 , 16802 -31037 -56207 164982 -151585 45992 , 65222 -239994 239994 0 -160941 79053 , 96727 172379 283350 164252 -1087 57786 , -95623 -148633 200541 -70667 -133714 -14553 , -24956 -200541 148633 70667 -215094 14919 , -148180 56207 31037 -164982 102199 -120548 , 193760 262628 -262628 0 34420 -228208 , 6.8860997847415203e-09 , 13
2.5983800945761133 , -67525 -283350 -172379 -164252 -225564 -173466 , 65222 -239994 239994 0 -160941 79053 , -95623 14553 133714 -24956 -200541 148633 , 272459 -22634 22634 0 126521 149155 , 96727 172379 283350 164252 -1087 57786 , 16802 -45992 151585 -148180 56207 31037 , 164982 -151585 45992 148180 -120548 102199 , -70667 -133714 -14553 24956 14919 -215094 , 193760 262628 -262628 0 34420 -228208 , 6.8860997847416122e-09 , 14
2.5983800945761133 , -67525 -283350 -172379 -164252 -225564 -173466 , 65222 -239994 239994 0 -160941 79053 , 95623 -14553 -133714 24956 200541 -148633 , 272459 -22634 22634 0 126521 149155 , 96727 172379 283350 164252 -1087 57786 , -16802 45992 -151585 148180 -56207 -31037 , -164982 151585 -45992 -148180 120548 -102199 , 70667 133714 14553 -24956 -14919 215094 , 193760 262628 -262628 0 34420 -228208 , 6.8860997847416122e-09 , 15
2.5983800945761133 , -67525 -283350 -172379 -164252 -225564 -173466 , 65222 -239994 239994 0 -160941 79053 , -215094 14919 24956 -14553 -133714 -70667 , 272459 -22634 22634 0 126521 149155 , 96727 172379 283350 164252 -1087 57786 , 102199 -120548 148180 45992 -151585 164982 , 56207 -148180 120548 -45992 16802 -31037 , -200541 -24956 -14919 14553 -95623 -148633 , 193760 262628 -262628 0 34420 -228208 , 6.8860997847419852e-09 , 16
2.5983800945761133 , -67525 -283350 -172379 -164252 -225564 -173466 , 65222 -239994 239994 0 -160941 79053 , 215094 -14919 -24956 14553 133714 70667 , 272459 -22634 22634 0 126521 149155 , 96727 172379 283350 164252 -1087 57786 , -102199 120548 -148180 -45992 151585 -164982 , -56207 148180 -120548 45992 -16802 31037 , 200541 24956 14919 -14553 95623 148633 , 193760 262628 -262628 0 34420 -228208 , 6.8860997847419852e-09 , 17
2.5983800945761133 , -67525 -283350 -172379 -164252 -225564 -173466 , 272459 -22634 22634 0 126521 149155 , -148180 120548 -102199 16802 -31037 -56207 , 65222 -239994 239994 0 -160941 79053 , 96727 172379 283350 164252 -1087 57786 , -24956 -14919 215094 -95623 -148633 200541 , 70667 -215094 14919 95623 -14553 -133714 , -164982 102199 -120548 -16802 45992 -151585 , 193760 262628 -262628 0 34420 -228208 , 6.8860997847420613e-09 , 18
2.5983800945761133 , -67525 -283350 -172379 -164252 -225564 -173466 , 272459 -22634 22634 0 126521 149155 , 148180 -120548 102199 -16802 31037 56207 , 65222 -239994 239994 0 -160941 79053 , 96727 172379 283350 164252 -1087 57786 , 24956 14919 -215094 95623 148633 -200541 , -70667 215094 -14919 -95623 14553 133714 , 164982 -102199 120548 16802 -45992 151585 , 193760 262628 -262628 0 34420 -228208 , 6.8860997847420613e-09 , 19
2.5983800945761133 , -67525 -283350 -172379 -164252 -225564 -173466 , 272459 -22634 22634 0 126521 149155 , 56207 -148180 120548 -45992 16802 -31037 , 65222 -239994 239994 0 -160941 79053 , 96727 172379 283350 164252 -1087 57786 , -200541 -24956 -14919 14553 -95623 -148633 , -215094 14919 24956 -14553 -133714 -70667 , 102199 -120548 148180 45992 -151585 164982 , 193760 262628 -262628 0 34420 -228208 , 6.8860997847420828e-09 , 20
2.5983800945761133 , -67525 -283350 -172379 -164252 -225564 -173466 , 272459 -22634 22634 0 126521 149155 , -56207 148180 -120548 45992 -16802 31037 , 65222 -239994 239994 0 -160941 79053 , 96727 172379 283350 164252 -1087 57786 , 200541 24956 14919 -14553 95623 148633 , 215094 -14919 -24956 14553 133714 70667 , -102199 120548 -148180 -45992 151585 -164982 , 193760 262628 -262628 0 34420 -228208 , 6.8860997847420828e-09 , 21
2.5983800945761133 , -67525 -283350 -172379 -164252 -225564 -173466 , 272459 -22634 22634 0 126521 149155 , 45992 -16802 31037 102199 -164982 151585 , 65222 -239994 239994 0 -160941 79053 , 96727 172379 283350 164252 -1087 57786 , -14553 95623 148633 -215094 70667 133714 , 200541 -148633 -95623 215094 -14919 -24956 , -56207 -31037 16802 -102199 120548 -148180 , 193760 262628 -262628 0 34420 -228208 , 6.886099784742087e-09 , 22
2.5983800945761133 , -67525 -283350 -172379 -164252 -225564 -173466 , 272459 -22634 22634 0 126521 149155 , -45992 16802 -31037 -102199 164982 -151585 , 65222 -239994 239994 0 -160941 79053 , 96727 172379 283350 164252 -1087 57786 , 14553 -95623 -148633 215094 -70667 -133714 , -200541 148633 95623 -215094 14919 24956 , 56207 31037 -16802 102199 -120548 148180 , 193760 262628 -262628 0 34420 -228208 , 6.886099784742087e-09 , 23
2.5983800945761133 , -67525 -283350 -172379 -164252 -225564 -173466 , 65222 -239994 239994 0 -160941 79053 , -70667 215094 -14919 -95623 14553 133714 , 272459 -22634 22634 0 126521 149155 , 96727 172379 283350 164252 -1087 57786 , 164982 -102199 120548 16802 -45992 151585 , 148180 -120548 102199 -16802 31037 56207 , 24956 14919 -215094 95623 148633 -200541 , 193760 262628 -262628 0 34420 -228208 , 6.8860997847425791e-09 , 24
2.5983800945761133 , -67525 -283350 -172379 -164252 -225564 -173466 , 65222 -239994 239994 0 -160941 79053 , 70667 -215094 14919 95623 -14553 -133714 , 272459 -22634 22634 0 126521 149155 , 96727 172379 283350 164252 -1087 57786 , -164982 102199 -120548 -16802 45992 -151585 , -148180 120548 -102199 16802 -31037 -56207 , -24956 -14919 215094 -95623 -148633 200541 , 193760 262628 -262628 0 34420 -228208 , 6.8860997847425791e-09 , 25
2.5983800945761133 , -67525 -283350 -172379 -164252 -225564 -173466 , 65222 -239994 239994 0 -160941 79053 , 14553 133714 70667 -200541 148633 95623 , 272459 -22634 22634 0 126521 149155 , 96727 172379 283350 164252 -1087 57786 , -45992 151585 -164982 56207 31037 -16802 , -102199 164982 -151585 -56207 148180 -120548 , 215094 -70667 -133714 200541 24956 14919 , 193760 262628 -262628 0 34420 -228208 , 6.8860997847426089e-09 , 26
2.5983800945761133 , -67525 -283350 -172379 -164252 -225564 -173466 , 65222 -239994 239994 0 -160941 79053 , -14553 -133714 -70667 200541 -148633 -95623 , 272459 -22634 22634 0 126521 149155 , 96727 172379 283350 164252 -1087 57786 , 45992 -151585 164982 -56207 -31037 16802 , 102199 -164982 151585 56207 -148180 120548 , -215094 70667 133714 -200541 -24956 -14919 , 193760 262628 -262628 0 34420 -228208 , 6.8860997847426089e-09 , 27
2.5983800945761133 , -67525 -283350 -172379 -164252 -225564 -173466 , 65222 -239994 239994 0 -160941 79053 , 133714 70667 -215094 148633 95623 -14553 , 272459 -22634 22634 0 126521 149155 , 96727 172379 283350 164252 -1087 57786 , 151585 -164982 102199 31037 -16802 45992 , 120548 -102199 164982 -31037 -56207 148180 , -14919 215094 -70667 -148633 200541 24956 , 193760 262628 -262628 0 34420 -228208 , 6.8860997847430763e-09 , 28
2.5983800945761133 , -67525 -283350 -172379 -164252 -225564 -173466 , 65222 -239994 239994 0 -160941 79053 , -133714 -70667 215094 -148633 -95623 14553 , 272459 -22634 22634 0 126521 149155 , 96727 172379 283350 164252 -1087 57786 , -151585 164982 -102199 -31037 16802 -45992 , -120548 102199 -164982 31037 56207 -148180 , 14919 -215094 70667 148633 -200541 -24956 , 193760 262628 -262628 0 34420 -228208 , 6.8860997847430763e-09 , 29
2.5983800945761133 , -67525 -283350 -172379 -164252 -225564 -173466 , 272459 -22634 22634 0 126521 149155 , 31037 56207 -148180 151585 -45992 16802 , 65222 -239994 239994 0 -160941 79053 , 96727 172379 283350 164252 -1087 57786 , 148633 -200541 -24956 133714 14553 -95623 , 14919 24956 200541 -133714 -70667 215094 , -120548 148180 -56207 -151585 164982 -102199 , 193760 262628 -262628 0 34420 -228208 , 6.8860997847431135e-09 , 30
2.5983800945761133 , -67525 -283350 -172379 -164252 -225564 -173466 , 272459 -22634 22634 0 126521 149155 , -31037 -56207 148180 -151585 45992 -16802 , 65222 -239994 239994 0 -160941 79053 , 96727 172379 283350 164252 -1087 57786 , -148633 200541 24956 -133714 -14553 95623 , -14919 -24956 -200541 133714 70667 -215094 , 120548 -148180 56207 151585 -164982 102199 , 193760 262628 -262628 0 34420 -228208 , 6.8860997847431135e-09 , 31
2.5983800945761133 , -67525 -283350 -172379 -164252 -225564 -173466 , 272459 -22634 22634 0 126521 149155 , -120548 102199 -164982 31037 56207 -148180 , 65222 -239994 239994 0 -160941 79053 , 96727 172379 283350 164252 -1087 57786 , 14919 -215094 70667 148633 -200541 -24956 , -133714 -70667 215094 -148633 -95623 14553 , -151585 164982 -102199 -31037 16802 -45992 , 193760 262628 -262628 0 34420 -228208 , 6.8860997847436776e-09 , 32
2.5983800945761133 , -67525 -283350 -172379 -164252 -225564 -173466 , 272459 -22634 22634 0 126521 149155 , 120548 -102199 164982 -31037 -56207 148180 , 65222 -239994 239994 0 -160941 79053 , 96727 172379 283350 164252 -1087 57786 , -14919 215094 -70667 -148633 200541 24956 , 133714 70667 -215094 148633 95623 -14553 , 151585 -164982 102199 31037 -16802 45992 , 193760 262628 -262628 0 34420 -228208 , 6.8860997847436776e-09 , 33
2.5983800945761133 , -67525 -283350 -172379 -164252 -225564 -173466 , 65222 -239994 239994 0 -160941 79053 , 148633 95623 -14553 14919 24956 200541 , 272459 -22634 22634 0 126521 149155 , 96727 172379 283350 164252 -1087 57786 , 31037 -16802 45992 -120548 148180 -56207 , 151585 -45992 16802 120548 -102199 164982 , 133714 14553 -95623 -14919 215094 -70667 , 193760 262628 -262628 0 34420 -228208 , 6.8860997847453361e-09 , 34
2.5983800945761133 , -67525 -283350 -172379 -164252 -225564 -173466 , 65222 -239994 239994 0 -160941 79053 , -148633 -95623 14553 -14919 -24956 -200541 , 272459 -22634 22634 0 126521 149155 , 96727 172379 283350 164252 -1087 57786 , -31037 16802 -45992 120548 -148180 56207 , -151585 45992 -16802 -120548 102199 -164982 , -133714 -14553 95623 14919 -215094 70667 , 193760 262628 -262628 0 34420 -228208 , 6.8860997847453361e-09 , 35
2.709168294536195 , 13991 -43446 -202058 -296714 -62104 40787 , 197212 -43999 43999 0 69066 113065 , -19125 -49363 -3528 160743 -225430 78655 , 140469 -218629 218629 0 -103486 115143 , 310705 202058 43446 296714 242845 -18658 , 150896 -17181 -89741 49320 134777 -31029 , 101576 89741 17181 -49320 58712 151958 , -179868 3528 49363 -160743 82183 -176067 , 193760 262628 -262628 0 34420 -228208 , 6.8860997847262861e-09 , 0
2.709168294536195 , 13991 -43446 -202058 -296714 -62104 40787 , 197212 -43999 43999 0 69066 113065 , 19125 49363 3528 -160743 225430 -78655 , 140469 -218629 218629 0 -103486 115143 , 310705 202058 43446 296714 242845 -18658 , -150896 17181 89741 -49320 -134777 31029 , -101576 -89741 -17181 49320 -58712 -151958 , 179868 -3528 -49363 160743 -82183 176067 , 193760 262628 -262628 0 34420 -228208 , 6.8860997847262861e-09 , 1
2.709168294536195 , 13991 -43446 -202058 -296714 -62104 40787 , 197212 -43999 43999 0 69066 113065 , -49363 -3528 179868 -225430 78655 19125 , 140469 -218629 218629 0 -103486 115143 , 310705 202058 43446 296714 242845 -18658 , -17181 -89741 -101576 134777 -31029 -150896 , -151958 101576 89741 -134777 -49320 58712 , 176067 -179868 3528 225430 -160743 82183 , 193760 262628 -262628 0 34420 -228208 , 6.8860997847278404e-09 , 2
2.709168294536195 , 13991 -43446 -202058 -296714 -62104 40787 , 197212 -43999 43999 0 69066 113065 , 49363 3528 -179868 225430 -78655 -19125 , 140469 -218629 218629 0 -103486 115143 , 310705 202058 43446 296714 242845 -18658 , 17181 89741 101576 -134777 31029 150896 , 151958 -101576 -89741 134777 49320 -58712 , -176067 179868 -3528 -225430 160743 -82183 , 193760 262628 -262628 0 34420 -228208 , 6.8860997847278404e-09 , 3
2.709168294536195 , 13991 -43446 -202058 -296714 -62104 40787 , 197212 -43999 43999 0 69066 113065 , -82183 160743 -225430 -3528 179868 -176067 , 140469 -218629 218629 0 -103486 115143 , 310705 202058 43446 296714 242845 -18658 , -58712 49320 134777 -89741 -101576 151958 , 31029 -134777 -49320 89741 17181 -150896 , -78655 225430 -160743 3528 49363 19125 , 193760 262628 -262628 0 34420 -228208 , 6.8860997847283127e-09 , 4
2.709168294536195 , 13991 -43446 -202058 -296714 -62104 40787 , 197212 -43999 43999 0 69066 113065 , 82183 -160743 225430 3528 -179868 176067 , 140469 -218629 218629 0 -103486 115143 , 310705 202058 43446 296714 242845 -18658 , 58712 -49320 -134777 89741 101576 -151958 , -31029 134777 49320 -89741 -17181 150896 , 78655 -225430 160743 -3528 -49363 -19125 , 193760 262628 -262628 0 34420 -228208 , 6.8860997847283127e-09 , 5
2.709168294536195 , 13991 -43446 -202058 -296714 -62104 40787 , 140469 -218629 218629 0 -103486 115143 , 134777 49320 -58712 -17181 150896 31029 , 197212 -43999 43999 0 69066 113065 , 310705 202058 43446 296714 242845 -18658 , -225430 160743 -82183 -49363 -19125 -78655 , -176067 82183 -160743 49363 3528 -179868 , 151958 58712 -49320 17181 89741 101576 , 193760 262628 -262628 0 34420 -228208 , 6.8860997847284749e-09 , 6
2.709168294536195 , 13991 -43446 -202058 -296714 -62104 40787 , 140469 -218629 218629 0 -103486 115143 , -134777 -49320 58712 17181 -150896 -31029 , 197212 -43999 43999 0 69066 113065 , 310705 202058 43446 296714 242845 -18658 , 225430 -160743 82183 49363 19125 78655 , 176067 -82183 160743 -49363 -3528 179868 , -151958 -58712 49320 -17181 -89741 -101576 , 193760 262628 -262628 0 34420 -228208 , 6.8860997847284749e-09 , 7
2.709168294536195 , 13991 -43446 -202058 -296714 -62104 40787 , 197212 -43999 43999 0 69066 113065 , 78655 19125 49363 82183 -160743 225430 , 140469 -218629 218629 0 -103486 115143 , 310705 202058 43446 296714 242845 -18658 , -31029 -150896 17181 58712 -49320 -134777 , -89741 -17181 150896 -58712 -151958 101576 , -3528 -49363 -19125 -82183 176067 -179868 , 193760 262628 -262628 0 34420 -228208 , 6.8860997847288661e-09 , 8
2.709168294536195 , 13991 -43446 -202058 -296714 -62104 40787 , 197212 -43999 43999 0 69066 113065 , -78655 -19125 -49363 -82183 160743 -225430 , 140469 -218629 218629 0 -103486 115143 , 310705 202058 43446 296714 242845 -18658 , 31029 150896 -17181 -58712 49320 134777 , 89741 17181 -150896 58712 151958 -101576 , 3528 49363 19125 82183 -176067 179868 , 193760 262628 -262628 0 34420 -228208 , 6.8860997847288661e-09 , 9
2.709168294536195 , 13991 -43446 -202058 -296714 -62104 40787 , 140469 -218629 218629 0 -103486 115143 , -49320 58712 151958 -150896 -31029 134777 , 197212 -43999 43999 0 69066 113065 , 310705 202058 43446 296714 242845 -18658 , -160743 82183 -176067 19125 78655 -225430 , -179868 176067 -82183 -19125 -49363 -3528 , 101576 -151958 -58712 150896 -17181 -89741 , 193760 262628 -262628 0 34420 -228208 , 6.8860997847293872e-09 , 10
2.709168294536195 , 13991 -43446 -202058 -296714 -62104 40787 , 140469 -218629 218629 0 -103486 115143 , 49320 -58712 -151958 150896 31029 -134777 , 197212 -43999 43999 0 69066 113065 , 310705 202058 43446 296714 242845 -18658 , 160743 -82183 176067 -19125 -78655 225430 , 179868 -176067 82183 19125 49363 3528 , -101576 151958 58712 -150896 17181 89741 , 193760 262628 -262628 0 34420 -228208 , 6.8860997847293872e-09 , 11
2.709168294536195 , 13991 -43446 -202058 -296714 -62104 40787 , 197212 -43999 43999 0 69066 113065 , -3528 179868 -176067 78655 19125 49363 , 140469 -218629 218629 0 -103486 115143 , 310705 202058 43446 296714 242845 -18658 , -89741 -101576 151958 -31029 -150896 17181 , -58712 -151958 101576 31029 -134777 -49320 , -82183 176067 -179868 -78655 225430 -160743 , 193760 262628 -262628 0 34420 -228208 , 6.8860997847299266e-09 , 12
2.709168294536195 , 13991 -43446 -202058 -296714 -62104 40787 , 197212 -43999 43999 0 69066 113065 , 3528 -179868 176067 -78655 -19125 -49363 , 140469 -218629 218629 0 -103486 115143 , 310705 202058 43446 296714 242845 -18658 , 89741 101576 -151958 31029 150896 -17181 , 58712 151958 -101576 -31029 134777 49320 , 82183 -176067 179868 78655 -225430 160743 , 193760 262628 -262628 0 34420 -228208 , 6.8860997847299266e-09 , 13
2.709168294536195 , 13991 -43446 -202058 -296714 -62104 40787 , 140469 -218629 218629 0 -103486 115143 , -58712 -151958 101576 31029 -134777 -49320 , 197212 -43999 43999 0 69066 113065 , 310705 202058 43446 296714 242845 -18658 , -82183 176067 -179868 -78655 225430 -160743 , -3528 179868 -176067 78655 19125 49363 , -89741 -101576 151958 -31029 -150896 17181 , 193760 262628 -262628 0 34420 -228208 , 6.8860997847299365e-09 , 14
2.709168294536195 , 13991 -43446 -202058 -296714 -62104 40787 , 140469 -218629 218629 0 -103486 115143 , 58712 151958 -101576 -31029 134777 49320 , 197212 -43999 43999 0 69066 113065 , 310705 202058 43446 296714 242845 -18658 , 82183 -176067 179868 78655 -225430 160743 , 3528 -179868 176067 -78655 -19125 -49363 , 89741 101576 -151958 31029 150896 -17181 , 193760 262628 -262628 0 34420 -228208 , 6.8860997847299365e-09 , 15
2.709168294536195 , 13991 -43446 -202058 -296714 -62104 40787 , 140469 -218629 218629 0 -103486 115143 , -151958 101576 89741 -134777 -49320 58712 , 197212 -43999 43999 0 69066 113065 , 310705 202058 43446 296714 242845 -18658 , 176067 -179868 3528 225430 -160743 82183 , -49363 -3528 179868 -225430 78655 19125 , -17181 -89741 -101576 134777 -31029 -150896 , 193760 262628 -262628 0 34420 -228208 , 6.8860997847303724e-09 , 16
2.709168294536195 , 13991 -43446 -202058 -296714 -62104 40787 , 140469 -218629 218629 0 -103486 115143 , 151958 -101576 -89741 134777 49320 -58712 , 197212 -43999 43999 0 69066 113065 , 310705 202058 43446 296714 242845 -18658 , -176067 179868 -3528 -225430 160743 -82183 , 49363 3528 -179868 225430 -78655 -19125 , 17181 89741 101576 -134777 31029 150896 , 193760 262628 -262628 0 34420 -228208 , 6.8860997847303724e-09 , 17
2.709168294536195 , 13991 -43446 -202058 -296714 -62104 40787 , 140469 -218629 218629 0 -103486 115143 , -89741 -17181 150896 -58712 -151958 101576 , 197212 -43999 43999 0 69066 113065 , 310705 202058 43446 296714 242845 -18658 , -3528 -49363 -19125 -82183 176067 -179868 , 78655 19125 49363 82183 -160743 225430 , -31029 -150896 17181 58712 -49320 -134777 , 193760 262628 -262628 0 34420 -228208 , 6.8860997847304179e-09 , 18
2.709168294536195 , 13991 -43446 -202058 -296714 -62104 40787 , 140469 -218629 218629 0 -103486 115143 , 89741 17181 -150896 58712 151958 -101576 , 197212 -43999 43999 0 69066 113065 , 310705 202058 43446 296714 242845 -18658 , 3528 49363 19125 82183 -176067 179868 , -78655 -19125 -49363 -82183 160743 -225430 , 31029 150896 -17181 -58712 49320 134777 , 193760 262628 -262628 0 34420 -228208 , 6.8860997847304179e-09 , 19
2.709168294536195 , 13991 -43446 -202058 -296714 -62104 40787 , 140469 -218629 218629 0 -103486 115143 , -150896 -31029 134777 -101576 -89741 -17181 , 197212 -43999 43999 0 69066 113065 , 310705 202058 43446 296714 242845 -18658 , 19125 78655 -225430 179868 -3528 -49363 , -160743 225430 -78655 -179868 176067 -82183 , -49320 -134777 31029 101576 -151958 -58712 , 193760 262628 -262628 0 34420 -228208 , 6.8860997847304791e-09 , 20
2.709168294536195 , 13991 -43446 -202058 -296714 -62104 40787 , 140469 -218629 218629 0 -103486 115143 , 150896 31029 -134777 101576 89741 17181 , 197212 -43999 43999 0 69066 113065 , 310705 202058 43446 296714 242845 -18658 , -19125 -78655 225430 -179868 3528 49363 , 160743 -225430 78655 179868 -176067 82183 , 49320 134777 -31029 -101576 151958 58712 , 193760 262628 -262628 0 34420 -228208 , 6.8860997847304791e-09 , 21
2.709168294536195 , 13991 -43446 -202058 -296714 -62104 40787 , 140469 -218629 218629 0 -103486 115143 , -101576 -89741 -17181 49320 -58712 -151958 , 197212 -43999 43999 0 69066 113065 , 310705 202058 43446 296714 242845 -18658 , 179868 -3528 -49363 160743 -82183 176067 , 19125 49363 3528 -160743 225430 -78655 , -150896 17181 89741 -49320 -134777 31029 , 193760 262628 -262628 0 34420 -228208 , 6.8860997847308646e-09 , 22
2.709168294536195 , 13991 -43446 -202058 -296714 -62104 40787 , 140469 -218629 218629 0 -103486 115143 , 101576 89741 17181 -49320 58712 151958 , 197212 -43999 43999 0 69066 113065 , 310705 202058 43446 296714 242845 -18658 , -179868 3528 49363 -160743 82183 -176067 , -19125 -49363 -3528 160743 -225430 78655 , 150896 -17181 -89741 49320 134777 -31029 , 193760 262628 -262628 0 34420 -228208 , 6.8860997847308646e-09 , 23
2.709168294536195 , 13991 -43446 -202058 -296714 -62104 40787 , 140469 -218629 218629 0 -103486 115143 , -31029 134777 49320 -89741 -17181 150896 , 197212 -43999 43999 0 69066 113065 , 310705 202058 43446 296714 242845 -18658 , 78655 -225430 160743 -3528 -49363 -19125 , 82183 -160743 225430 3528 -179868 176067 , 58712 -49320 -134777 89741 101576 -151958 , 193760 262628 -262628 0 34420 -228208 , 6.8860997847309399e-09 , 24
2.709168294536195 , 13991 -43446 -202058 -296714 -62104 40787 , 140469 -218629 218629 0 -103486 115143 , 31029 -134777 -49320 89741 17181 -150896 , 197212 -43999 43999 0 69066 113065 , 310705 202058 43446 296714 242845 -18658 , -78655 225430 -160743 3528 49363 19125 , -82183 160743 -225430 -3528 179868 -176067 , -58712 49320 134777 -89741 -101576 151958 , 193760 262628 -262628 0 34420 -228208 , 6.8860997847309399e-09 , 25
2.709168294536195 , 13991 -43446 -202058 -296714 -62104 40787 , 140469 -218629 218629 0 -103486 115143 , -17181 150896 31029 -151958 101576 89741 , 197212 -43999 43999 0 69066 113065 , 310705 202058 43446 296714 242845 -18658 , -49363 -19125 -78655 176067 -179868 3528 , -225430 78655 19125 -176067 82183 -160743 , 134777 -31029 -150896 151958 58712 -49320 , 193760 262628 -262628 0 34420 -228208 , 6.8860997847310135e-09 , 26
2.709168294536195 , 13991 -43446 -202058 -296714 -62104 40787 , 140469 -218629 218629 0 -103486 115143 , 17181 -150896 -31029 151958 -101576 -89741 , 197212 -43999 43999 0 69066 113065 , 310705 202058 43446 296714 242845 -18658 , 49363 19125 78655 -176067 179868 -3528 , 225430 -78655 -19125 176067 -82183 160743 , -134777 31029 150896 -151958 -58712 49320 , 193760 262628 -262628 0 34420 -228208 , 6.8860997847310135e-09 , 27
2.709168294536195 , 13991 -43446 -202058 -296714 -62104 40787 , 197212 -43999 43999 0 69066 113065 , -225430 78655 19125 -176067 82183 -160743 , 140469 -218629 218629 0 -103486 115143 , 310705 202058 43446 296714 242845 -18658 , 134777 -31029 -150896 151958 58712 -49320 , -17181 150896 31029 -151958 101576 89741 , -49363 -19125 -78655 176067 -179868 3528 , 193760 262628 -262628 0 34420 -228208 , 6.8860997847313998e-09 , 28
2.709168294536195 , 13991 -43446 -202058 -296714 -62104 40787 , 197212 -43999 43999 0 69066 113065 , 225430 -78655 -19125 176067 -82183 160743 , 140469 -218629 218629 0 -103486 115143 , 310705 202058 43446 296714 242845 -18658 , -134777 31029 150896 -151958 -58712 49320 , 17181 -150896 -31029 151958 -101576 -89741 , 49363 19125 78655 -176067 179868 -3528 , 193760 262628 -262628 0 34420 -228208 , 6.8860997847313998e-09 , 29
2.709168294536195 , 13991 -43446 -202058 -296714 -62104 40787 , 197212 -43999 43999 0 69066 113065 , -179868 176067 -82183 -19125 -49363 -3528 , 140469 -218629 218629 0 -103486 115143 , 310705 202058 43446 296714 242845 -18658 , 101576 -151958 -58712 150896 -17181 -89741 , -49320 58712 151958 -150896 -31029 134777 , -160743 82183 -176067 19125 78655 -225430 , 193760 262628 -262628 0 34420 -228208 , 6.8860997847320475e-09 , 30
2.709168294536195 , 13991 -43446 -202058 -296714 -62104 40787 , 197212 -43999 43999 0 69066 113065 , 179868 -176067 82183 19125 49363 3528 , 140469 -218629 218629 0 -103486 115143 , 310705 202058 43446 296714 242845 -18658 , -101576 151958 58712 -150896 17181 89741 , 49320 -58712 -151958 150896 31029 -134777 , 160743 -82183 176067 -19125 -78655 225430 , 193760 262628 -262628 0 34420 -228208 , 6.8860997847320475e-09 , 31
2.709168294536195 , 13991 -43446 -202058 -296714 -62104 40787 , 197212 -43999 43999 0 69066 113065 , 160743 -225430 78655 179868 -176067 82183 , 140469 -218629 218629 0 -103486 115143 , 310705 202058 43446 296714 242845 -18658 , 49320 134777 -31029 -101576 151958 58712 , 150896 31029 -134777 101576 89741 17181 , -19125 -78655 225430 -179868 3528 49363 , 193760 262628 -262628 0 34420 -228208 , 6.8860997847324362e-09 , 32
2.709168294536195 , 13991 -43446 -202058 -296714 -62104 40787 , 197212 -43999 43999 0 69066 113065 , -160743 225430 -78655 -179868 176067 -82183 , 140469 -218629 218629 0 -103486 115143 , 310705 202058 43446 296714 242845 -18658 , -49320 -134777 31029 101576 -151958 -58712 , -150896 -31029 134777 -101576 -89741 -17181 , 19125 78655 -225430 179868 -3528 -49363 , 193760 262628 -262628 0 34420 -228208 , 6.8860997847324362e-09 , 33
2.709168294536195 , 13991 -43446 -202058 -296714 -62104 40787 , 197212 -43999 43999 0 69066 113065 , -176067 82183 -160743 49363 3528 -179868 , 140469 -218629 218629 0 -103486 115143 , 310705 202058 43446 296714 242845 -18658 , 151958 58712 -49320 17181 89741 101576 , 134777 49320 -58712 -17181 150896 31029 , -225430 160743 -82183 -49363 -19125 -78655 , 193760 262628 -262628 0 34420 -228208 , 6.8860997847330037e-09 , 34
2.709168294536195 , 13991 -43446 -202058 -296714 -62104 40787 , 197212 -43999 43999 0 69066 113065 , 176067 -82183 160743 -49363 -3528 179868 , 140469 -218629 218629 0 -103486 115143 , 310705 202058 43446 296714 242845 -18658 , -151958 -58712 49320 -17181 -89741 -101576 , -134777 -49320 58712 17181 -150896 -31029 , 225430 -160743 82183 49363 19125 78655 , 193760 262628 -262628 0 34420 -228208 , 6.8860997847330037e-09 , 35
2.818684183647862 , 14046 -77807 -214820 -278178 -47774 16697 , 285818 -98069 98069 0 72134 170203 , -62768 131275 -29969 -92197 78383 5356 , 51863 -164559 164559 0 -106554 58005 , 292224 214820 77807 278178 231517 30033 , 40723 -190654 13515 236450 -257358 21957 , -195727 -13515 190654 -236450 8442 -66704 , 29429 29969 -131275 92197 35325 -52892 , 193760 262628 -262628 0 34420 -228208 , 6.8860997846451803e-09 , 0
2.818684183647862 , 14046 -77807 -214820 -278178 -47774 16697 , 285818 -98069 98069 0 72134 170203 , 62768 -131275 29969 92197 -78383 -5356 , 51863 -164559 164559 0 -106554 58005 , 292224 214820 77807 278178 231517 30033 , -40723 190654 -13515 -236450 257358 -21957 , 195727 13515 -190654 236450 -8442 66704 , -29429 -29969 131275 -92197 -35325 52892 , 193760 262628 -262628 0 34420 -228208 , 6.8860997846451803e-09 , 1
2.818684183647862 , 14046 -77807 -214820 -278178 -47774 16697 , 51863 -164559 164559 0 -106554 58005 , -40723 21957 -257358 195727 13515 -190654 , 285818 -98069 98069 0 72134 170203 , 292224 214820 77807 278178 231517 30033 , 62768 5356 78383 -29429 -29969 131275 , 92197 -78383 -5356 29429 52892 -35325 , -236450 257358 -21957 -195727 66704 -8442 , 193760 262628 -262628 0 34420 -228208 , 6.886099784646512e-09 , 2
2.818684183647862 , 14046 -77807 -214820 -278178 -47774 16697 , 51863 -164559 164559 0 -106554 58005 , 40723 -21957 257358 -195727 -13515 190654 , 285818 -98069 98069 0 72134 170203 , 292224 214820 77807 278178 231517 30033 , -62768 -5356 -78383 29429 29969 -131275 , -92197 78383 5356 -29429 -52892 35325 , 236450 -257358 21957 195727 -66704 8442 , 193760 262628 -262628 0 34420 -228208 , 6.886099784646512e-09 , 3
2.818684183647862 , 14046 -77807 -214820 -278178 -47774 16697 , 51863 -164559 164559 0 -106554 58005 , 8442 -66704 195727 21957 -257358 236450 , 285818 -98069 98069 0 72134 170203 , 292224 214820 77807 278178 231517 30033 , 35325 -52892 -29429 5356 78383 -92197 , 29969 29429 52892 -5356 -62768 131275 , -13515 -195727 66704 -21957 40723 -190654 , 193760 262628 -262628 0 34420 -228208 , 6.8860997846465286e-09 , 4
2.818684183647862 , 14046 -77807 -214820 -278178 -47774 16697 , 51863 -164559 164559 0 -106554 58005 , -8442 66704 -195727 -21957 257358 -236450 , 285818 -98069 98069 0 72134 170203 , 292224 214820 77807 278178 231517 30033 , -35325 52892 29429 -5356 -78383 92197 , -29969 -29429 -52892 5356 62768 -131275 , 13515 195727 -66704 21957 -40723 190654 , 193760 262628 -262628 0 34420 -228208 , 6.8860997846465286e-09 , 5
2.818684183647862 , 14046 -77807 -214820 -278178 -47774 16697 , 51863 -164559 164559 0 -106554 58005 , -257358 236450 -8442 -190654 40723 -21957 , 285818 -98069 98069 0 72134 170203 , 292224 214820 77807 278178 231517 30033 , 78383 -92197 -35325 131275 -62768 -5356 , -52892 35325 92197 -131275 29969 29429 , -66704 8442 -236450 190654 -13515 -195727 , 193760 262628 -262628 0 34420 -228208 , 6.8860997846468586e-09 , 6
2.818684183647862 , 14046 -77807 -214820 -278178 -47774 16697 , 51863 -164559 164559 0 -106554 58005 , 257358 -236450 8442 190654 -40723 21957 , 285818 -98069 98069 0 72134 170203 , 292224 214820 77807 278178 231517 30033 , -78383 92197 35325 -131275 62768 5356 , 52892 -35325 -92197 131275 -29969 -29429 , 66704 -8442 236450 -190654 13515 195727 , 193760 262628 -262628 0 34420 -228208 , 6.8860997846468586e-09 , 7
2.818684183647862 , 14046 -77807 -214820 -278178 -47774 16697 , 51863 -164559 164559 0 -106554 58005 , -236450 8442 -66704 -40723 21957 -257358 , 285818 -98069 98069 0 72134 170203 , 292224 214820 77807 278178 231517 30033 , 92197 35325 -52892 62768 5356 78383 , 29429 52892 -35325 -62768 131275 -29969 , -195727 66704 -8442 40723 -190654 13515 , 193760 262628 -262628 0 34420 -228208 , 6.8860997846469322e-09 , 8
2.818684183647862 , 14046 -77807 -214820 -278178 -47774 16697 , 51863 -164559 164559 0 -106554 58005 , 236450 -8442 66704 40723 -21957 257358 , 285818 -98069 98069 0 72134 170203 , 292224 214820 77807 278178 231517 30033 , -92197 -35325 52892 -62768 -5356 -78383 , -29429 -52892 35325 62768 -131275 29969 , 195727 -66704 8442 -40723 190654 -13515 , 193760 262628 -262628 0 34420 -228208 , 6.8860997846469322e-09 , 9
2.818684183647862 , 14046 -77807 -214820 -278178 -47774 16697 , 285818 -98069 98069 0 72134 170203 , 5356 62768 -131275 35325 92197 -78383 , 51863 -164559 164559 0 -106554 58005 , 292224 214820 77807 278178 231517 30033 , 21957 -40723 190654 8442 -236450 257358 , 13515 -190654 40723 -8442 66704 -195727 , -29969 131275 -62768 -35325 52892 29429 , 193760 262628 -262628 0 34420 -228208 , 6.8860997846469388e-09 , 10
2.818684183647862 , 14046 -77807 -214820 -278178 -47774 16697 , 285818 -98069 98069 0 72134 170203 , -5356 -62768 131275 -35325 -92197 78383 , 51863 -164559 164559 0 -106554 58005 , 292224 214820 77807 278178 231517 30033 , -21957 40723 -190654 -8442 236450 -257358 , -13515 190654 -40723 8442 -66704 195727 , 29969 -131275 62768 35325 -52892 -29429 , 193760 262628 -262628 0 34420 -228208 , 6.8860997846469388e-09 , 11
2.818684183647862 , 14046 -77807 -214820 -278178 -47774 16697 , 285818 -98069 98069 0 72134 170203 , -29429 -52892 35325 62768 -131275 29969 , 51863 -164559 164559 0 -106554 58005 , 292224 214820 77807 278178 231517 30033 , 195727 -66704 8442 -40723 190654 -13515 , 236450 -8442 66704 40723 -21957 257358 , -92197 -35325 52892 -62768 -5356 -78383 , 193760 262628 -262628 0 34420 -228208 , 6.8860997846471746e-09 , 12
2.818684183647862 , 14046 -77807 -214820 -278178 -47774 16697 , 285818 -98069 98069 0 72134 170203 , 29429 52892 -35325 -62768 131275 -29969 , 51863 -164559 164559 0 -106554 58005 , 292224 214820 77807 278178 231517 30033 , -195727 66704 -8442 40723 -190654 13515 , -236450 8442 -66704 -40723 21957 -257358 , 92197 35325 -52892 62768 5356 78383 , 193760 262628 -262628 0 34420 -228208 , 6.8860997846471746e-09 , 13
2.818684183647862 , 14046 -77807 -214820 -278178 -47774 16697 , 51863 -164559 164559 0 -106554 58005 , 21957 -257358 236450 13515 -190654 40723 , 285818 -98069 98069 0 72134 170203 , 292224 214820 77807 278178 231517 30033 , 5356 78383 -92197 -29969 131275 -62768 , 35325 92197 -78383 29969 29429 52892 , 8442 -236450 257358 -13515 -195727 66704 , 193760 262628 -262628 0 34420 -228208 , 6.8860997846471754e-09 , 14
2.818684183647862 , 14046 -77807 -214820 -278178 -47774 16697 , 51863 -164559 164559 0 -106554 58005 , -21957 257358 -236450 -13515 190654 -40723 , 285818 -98069 98069 0 72134 170203 , 292224 214820 77807 278178 231517 30033 , -5356 -78383 92197 29969 -131275 62768 , -35325 -92197 78383 -29969 -29429 -52892 , -8442 236450 -257358 13515 195727 -66704 , 193760 262628 -262628 0 34420 -228208 , 6.8860997846471754e-09 , 15
2.818684183647862 , 14046 -77807 -214820 -278178 -47774 16697 , 285818 -98069 98069 0 72134 170203 , -131275 29969 29429 -78383 -5356 -62768 , 51863 -164559 164559 0 -106554 58005 , 292224 214820 77807 278178 231517 30033 , 190654 -13515 -195727 257358 -21957 40723 , -66704 195727 13515 -257358 236450 -8442 , -52892 -29429 -29969 78383 -92197 -35325 , 193760 262628 -262628 0 34420 -228208 , 6.8860997846472275e-09 , 16
2.818684183647862 , 14046 -77807 -214820 -278178 -47774 16697 , 285818 -98069 98069 0 72134 170203 , 131275 -29969 -29429 78383 5356 62768 , 51863 -164559 164559 0 -106554 58005 , 292224 214820 77807 278178 231517 30033 , -190654 13515 195727 -257358 21957 -40723 , 66704 -195727 -13515 257358 -236450 8442 , 52892 29429 29969 -78383 92197 35325 , 193760 262628 -262628 0 34420 -228208 , 6.8860997846472275e-09 , 17
2.818684183647862 , 14046 -77807 -214820 -278178 -47774 16697 , 51863 -164559 164559 0 -106554 58005 , -190654 40723 -21957 66704 -195727 -13515 , 285818 -98069 98069 0 72134 170203 , 292224 214820 77807 278178 231517 30033 , 131275 -62768 -5356 52892 29429 29969 , 78383 5356 62768 -52892 35325 92197 , -257358 21957 -40723 -66704 8442 -236450 , 193760 262628 -262628 0 34420 -228208 , 6.8860997846482905e-09 , 18
2.818684183647862 , 14046 -77807 -214820 -278178 -47774 16697 , 51863 -164559 164559 0 -106554 58005 , 190654 -40723 21957 -66704 195727 13515 , 285818 -98069 98069 0 72134 170203 , 292224 214820 77807 278178 231517 30033 , -131275 62768 5356 -52892 -29429 -29969 , -78383 -5356 -62768 52892 -35325 -92197 , 257358 -21957 40723 66704 -8442 236450 , 193760 262628 -262628 0 34420 -228208 , 6.8860997846482905e-09 , 19
2.818684183647862 , 14046 -77807 -214820 -278178 -47774 16697 , 285818 -98069 98069 0 72134 170203 , -52892 35325 92197 -131275 29969 29429 , 51863 -164559 164559 0 -106554 58005 , 292224 214820 77807 278178 231517 30033 , -66704 8442 -236450 190654 -13515 -195727 , -257358 236450 -8442 -190654 40723 -21957 , 78383 -92197 -35325 131275 -62768 -5356 , 193760 262628 -262628 0 34420 -228208 , 6.8860997846482921e-09 , 20
2.818684183647862 , 14046 -77807 -214820 -278178 -47774 16697 , 285818 -98069 98069 0 72134 170203 , 52892 -35325 -92197 131275 -29969 -29429 , 51863 -164559 164559 0 -106554 58005 , 292224 214820 77807 278178 231517 30033 , 66704 -8442 236450 -190654 13515 195727 , 257358 -236450 8442 190654 -40723 21957 , -78383 92197 35325 -131275 62768 5356 , 193760 262628 -262628 0 34420 -228208 , 6.8860997846482921e-09 , 21
2.818684183647862 , 14046 -77807 -214820 -278178 -47774 16697 , 285818 -98069 98069 0 72134 170203 , 78383 5356 62768 -52892 35325 92197 , 51863 -164559 164559 0 -106554 58005 , 292224 214820 77807 278178 231517 30033 , -257358 21957 -40723 -66704 8442 -236450 , -190654 40723 -21957 66704 -195727 -13515 , 131275 -62768 -5356 52892 29429 29969 , 193760 262628 -262628 0 34420 -228208 , 6.8860997846483649e-09 , 22
2.818684183647862 , 14046 -77807 -214820 -278178 -47774 16697 , 285818 -98069 98069 0 72134 170203 , -78383 -5356 -62768 52892 -35325 -92197 , 51863 -164559 164559 0 -106554 58005 , 292224 214820 77807 278178 231517 30033 , 257358 -21957 40723 66704 -8442 236450 , 190654 -40723 21957 -66704 195727 13515 , -131275 62768 5356 -52892 -29429 -29969 , 193760 262628 -262628 0 34420 -228208 , 6.8860997846483649e-09 , 23
2.818684183647862 , 14046 -77807 -214820 -278178 -47774 16697 , 51863 -164559 164559 0 -106554 58005 , -66704 195727 13515 -257358 236450 -8442 , 285818 -98069 98069 0 72134 170203 , 292224 214820 77807 278178 231517 30033 , -52892 -29429 -29969 78383 -92197 -35325 , -131275 29969 29429 -78383 -5356 -62768 , 190654 -13515 -195727 257358 -21957 40723 , 193760 262628 -262628 0 34420 -228208 , 6.8860997846486718e-09 , 24
2.818684183647862 , 14046 -77807 -214820 -278178 -47774 16697 , 51863 -164559 164559 0 -106554 58005 , 66704 -195727 -13515 257358 -236450 8442 , 285818 -98069 98069 0 72134 170203 , 292224 214820 77807 278178 231517 30033 , 52892 29429 29969 -78383 92197 35325 , 131275 -29969 -29429 78383 5356 62768 , -190654 13515 195727 -257358 21957 -40723 , 193760 262628 -262628 0 34420 -228208 , 6.8860997846486718e-09 , 25
2.818684183647862 , 14046 -77807 -214820 -278178 -47774 16697 , 285818 -98069 98069 0 72134 170203 , -29969 -29429 -52892 5356 62768 -131275 , 51863 -164559 164559 0 -106554 58005 , 292224 214820 77807 278178 231517 30033 , 13515 195727 -66704 21957 -40723 190654 , -8442 66704 -195727 -21957 257358 -236450 , -35325 52892 29429 -5356 -78383 92197 , 193760 262628 -262628 0 34420 -228208 , 6.8860997846493311e-09 , 26
2.818684183647862 , 14046 -77807 -214820 -278178 -47774 16697 , 285818 -98069 98069 0 72134 170203 , 29969 29429 52892 -5356 -62768 131275 , 51863 -164559 164559 0 -106554 58005 , 292224 214820 77807 278178 231517 30033 , -13515 -195727 66704 -21957 40723 -190654 , 8442 -66704 195727 21957 -257358 236450 , 35325 -52892 -29429 5356 78383 -92197 , 193760 262628 -262628 0 34420 -228208 , 6.8860997846493311e-09 , 27
2.818684183647862 , 14046 -77807 -214820 -278178 -47774 16697 , 51863 -164559 164559 0 -106554 58005 , -13515 190654 -40723 8442 -66704 195727 , 285818 -98069 98069 0 72134 170203 , 292224 214820 77807 278178 231517 30033 , 29969 -131275 62768 35325 -52892 -29429 , -5356 -62768 131275 -35325 -92197 78383 , -21957 40723 -190654 -8442 236450 -257358 , 193760 262628 -262628 0 34420 -228208 , 6.8860997846496586e-09 , 28
2.818684183647862 , 14046 -77807 -214820 -278178 -47774 16697 , 51863 -164559 164559 0 -106554 58005 , 13515 -190654 40723 -8442 66704 -195727 , 285818 -98069 98069 0 72134 170203 , 292224 214820 77807 278178 231517 30033 , -29969 131275 -62768 -35325 52892 29429 , 5356 62768 -131275 35325 92197 -78383 , 21957 -40723 190654 8442 -236450 257358 , 193760 262628 -262628 0 34420 -228208 , 6.8860997846496586e-09 , 29
2.818684183647862 , 14046 -77807 -214820 -278178 -47774 16697 , 285818 -98069 98069 0 72134 170203 , -92197 78383 5356 -29429 -52892 35325 , 51863 -164559 164559 0 -106554 58005 , 292224 214820 77807 278178 231517 30033 , 236450 -257358 21957 195727 -66704 8442 , 40723 -21957 257358 -195727 -13515 190654 , -62768 -5356 -78383 29429 29969 -131275 , 193760 262628 -262628 0 34420 -228208 , 6.8860997846503725e-09 , 30
2.818684183647862 , 14046 -77807 -214820 -278178 -47774 16697 , 285818 -98069 98069 0 72134 170203 , 92197 -78383 -5356 29429 52892 -35325 , 51863 -164559 164559 0 -106554 58005 , 292224 214820 77807 278178 231517 30033 , -236450 257358 -21957 -195727 66704 -8442 , -40723 21957 -257358 195727 13515 -190654 , 62768 5356 78383 -29429 -29969 131275 , 193760 262628 -262628 0 34420 -228208 , 6.8860997846503725e-09 , 31
2.818684183647862 , 14046 -77807 -214820 -278178 -47774 16697 , 51863 -164559 164559 0 -106554 58005 , -195727 -13515 190654 -236450 8442 -66704 , 285818 -98069 98069 0 72134 170203 , 292224 214820 77807 278178 231517 30033 , 29429 29969 -131275 92197 35325 -52892 , -62768 131275 -29969 -92197 78383 5356 , 40723 -190654 13515 236450 -257358 21957 , 193760 262628 -262628 0 34420 -228208 , 6.8860997846504461e-09 , 32
2.818684183647862 , 14046 -77807 -214820 -278178 -47774 16697 , 51863 -164559 164559 0 -106554 58005 , 195727 13515 -190654 236450 -8442 66704 , 285818 -98069 98069 0 72134 170203 , 292224 214820 77807 278178 231517 30033 , -29429 -29969 131275 -92197 -35325 52892 , 62768 -131275 29969 92197 -78383 -5356 , -40723 190654 -13515 -236450 257358 -21957 , 193760 262628 -262628 0 34420 -228208 , 6.8860997846504461e-09 , 33
2.818684183647862 , 14046 -77807 -214820 -278178 -47774 16697 , 285818 -98069 98069 0 72134 170203 , -35325 -92197 78383 -29969 -29429 -52892 , 51863 -164559 164559 0 -106554 58005 , 292224 214820 77807 278178 231517 30033 , -8442 236450 -257358 13515 195727 -66704 , -21957 257358 -236450 -13515 190654 -40723 , -5356 -78383 92197 29969 -131275 62768 , 193760 262628 -262628 0 34420 -228208 , 6.8860997846515297e-09 , 34
2.818684183647862 , 14046 -77807 -214820 -278178 -47774 16697 , 285818 -98069 98069 0 72134 170203 , 35325 92197 -78383 29969 29429 52892 , 51863 -164559 164559 0 -106554 58005 , 292224 214820 77807 278178 231517 30033 , 8442 -236450 257358 -13515 -195727 66704 , 21957 -257358 236450 13515 -190654 40723 , 5356 78383 -92197 -29969 131275 -62768 , 193760 262628 -262628 0 34420 -228208 , 6.8860997846515297e-09 , 35
2.9251061386400643 , -166083 -60761 -87544 -342062 -216940 95398 , 182675 -52549 52549 0 54361 106910 , -136479 64078 -65602 89367 -155247 2572 , 155006 -210079 210079 0 -88781 121298 , 175979 87544 60761 342062 182942 -156179 , -11793 -81959 -102419 111138 5050 -162475 , -122931 102419 81959 -111138 -60056 87009 , -225846 65602 -64078 -89367 68174 -219325 , 193760 262628 -262628 0 34420 -228208 , 6.8860997845870336e-09 , 0
2.9251061386400643 , -166083 -60761 -87544 -342062 -216940 95398 , 182675 -52549 52549 0 54361 106910 , 136479 -64078 65602 -89367 155247 -2572 , 155006 -210079 210079 0 -88781 121298 , 175979 87544 60761 342062 182942 -156179 , 11793 81959 102419 -111138 -5050 162475 , 122931 -102419 -81959 111138 60056 -87009 , 225846 -65602 64078 89367 -68174 219325 , 193760 262628 -262628 0 34420 -228208 , 6.8860997845870336e-09 , 1
2.9251061386400643 , -166083 -60761 -87544 -342062 -216940 95398 , 155006 -210079 210079 0 -88781 121298 , -5050 -111138 -60056 81959 11793 -162475 , 182675 -52549 52549 0 54361 106910 , 175979 87544 60761 342062 182942 -156179 , 155247 -89367 68174 -64078 136479 2572 , 219325 -68174 89367 64078 -65602 225846 , -87009 60056 111138 -81959 -102419 122931 , 193760 262628 -262628 0 34420 -228208 , 6.8860997845871395e-09 , 2
2.9251061386400643 , -166083 -60761 -87544 -342062 -216940 95398 , 155006 -210079 210079 0 -88781 121298 , 5050 111138 60056 -81959 -11793 162475 , 182675 -52549 52549 0 54361 106910 , 175979 87544 60761 342062 182942 -156179 , -155247 89367 -68174 64078 -136479 -2572 , -219325 68174 -89367 -64078 65602 -225846 , 87009 -60056 -111138 81959 102419 -122931 , 193760 262628 -262628 0 34420 -228208 , 6.8860997845871395e-09 , 3
2.9251061386400643 , -166083 -60761 -87544 -342062 -216940 95398 , 182675 -52549 52549 0 54361 106910 , 65602 -225846 219325 -2572 -136479 64078 , 155006 -210079 210079 0 -88781 121298 , 175979 87544 60761 342062 182942 -156179 , 102419 -122931 -87009 162475 -11793 -81959 , -60056 87009 122931 -162475 5050 111138 , 68174 -219325 225846 2572 -155247 89367 , 193760 262628 -262628 0 34420 -228208 , 6.8860997845872793e-09 , 4
2.9251061386400643 , -166083 -60761 -87544 -342062 -216940 95398 , 182675 -52549 52549 0 54361 106910 , -65602 225846 -219325 2572 136479 -64078 , 155006 -210079 210079 0 -88781 121298 , 175979 87544 60761 342062 182942 -156179 , -102419 122931 87009 -162475 11793 81959 , 60056 -87009 -122931 162475 -5050 -111138 , -68174 219325 -225846 -2572 155247 -89367 , 193760 262628 -262628 0 34420 -228208 , 6.8860997845872793e-09 , 5
2.9251061386400643 , -166083 -60761 -87544 -342062 -216940 95398 , 182675 -52549 52549 0 54361 106910 , -155247 2572 136479 -219325 68174 -89367 , 155006 -210079 210079 0 -88781 121298 , 175979 87544 60761 342062 182942 -156179 , 5050 -162475 11793 87009 -60056 -111138 , -81959 -11793 162475 -87009 -122931 102419 , 64078 -136479 -2572 219325 -225846 65602 , 193760 262628 -262628 0 34420 -228208 , 6.8860997845873272e-09 , 6
2.9251061386400643 , -166083 -60761 -87544 -342062 -216940 95398 , 182675 -52549 52549 0 54361 106910 , 155247 -2572 -136479 219325 -68174 89367 , 155006 -210079 210079 0 -88781 121298 , 175979 87544 60761 342062 182942 -156179 , -5050 162475 -11793 -87009 60056 111138 , 81959 11793 -162475 87009 122931 -102419 , -64078 136479 2572 -219325 225846 -65602 , 193760 262628 -262628 0 34420 -228208 , 6.8860997845873272e-09 , 7
2.9251061386400643 , -166083 -60761 -87544 -342062 -216940 95398 , 155006 -210079 210079 0 -88781 121298 , -162475 5050 111138 -102419 -81959 -11793 , 182675 -52549 52549 0 54361 106910 , 175979 87544 60761 342062 182942 -156179 , 2572 -155247 89367 -65602 64078 -136479 , 68174 -89367 155247 65602 -225846 219325 , -60056 -111138 -5050 102419 -122931 -87009 , 193760 262628 -262628 0 34420 -228208 , 6.8860997845874174e-09 , 8
2.9251061386400643 , -166083 -60761 -87544 -342062 -216940 95398 , 155006 -210079 210079 0 -88781 121298 , 162475 -5050 -111138 102419 81959 11793 , 182675 -52549 52549 0 54361 106910 , 175979 87544 60761 342062 182942 -156179 , -2572 155247 -89367 65602 -64078 136479 , -68174 89367 -155247 -65602 225846 -219325 , 60056 111138 5050 -102419 122931 87009 , 193760 262628 -262628 0 34420 -228208 , 6.8860997845874174e-09 , 9
2.9251061386400643 , -166083 -60761 -87544 -342062 -216940 95398 , 155006 -210079 210079 0 -88781 121298 , -60056 87009 122931 -162475 5050 111138 , 182675 -52549 52549 0 54361 106910 , 175979 87544 60761 342062 182942 -156179 , 68174 -219325 225846 2572 -155247 89367 , 65602 -225846 219325 -2572 -136479 64078 , 102419 -122931 -87009 162475 -11793 -81959 , 193760 262628 -262628 0 34420 -228208 , 6.8860997845874869e-09 , 10
2.9251061386400643 , -166083 -60761 -87544 -342062 -216940 95398 , 155006 -210079 210079 0 -88781 121298 , 60056 -87009 -122931 162475 -5050 -111138 , 182675 -52549 52549 0 54361 106910 , 175979 87544 60761 342062 182942 -156179 , -68174 219325 -225846 -2572 155247 -89367 , -65602 225846 -219325 2572 136479 -64078 , -102419 122931 87009 -162475 11793 81959 , 193760 262628 -262628 0 34420 -228208 , 6.8860997845874869e-09 , 11
2.9251061386400643 , -166083 -60761 -87544 -342062 -216940 95398 , 155006 -210079 210079 0 -88781 121298 , -111138 -60056 87009 11793 -162475 5050 , 182675 -52549 52549 0 54361 106910 , 175979 87544 60761 342062 182942 -156179 , -89367 68174 -219325 136479 2572 -155247 , -225846 219325 -68174 -136479 64078 -65602 , -122931 -87009 60056 -11793 -81959 -102419 , 193760 262628 -262628 0 34420 -228208 , 6.8860997845874919e-09 , 12
2.9251061386400643 , -166083 -60761 -87544 -342062 -216940 95398 , 155006 -210079 210079 0 -88781 121298 , 111138 60056 -87009 -11793 162475 -5050 , 182675 -52549 52549 0 54361 106910 , 175979 87544 60761 342062 182942 -156179 , 89367 -68174 219325 -136479 -2572 155247 , 225846 -219325 68174 136479 -64078 65602 , 122931 87009 -60056 11793 81959 102419 , 193760 262628 -262628 0 34420 -228208 , 6.8860997845874919e-09 , 13
2.9251061386400643 , -166083 -60761 -87544 -342062 -216940 95398 , 155006 -210079 210079 0 -88781 121298 , -87009 -122931 102419 -5050 -111138 -60056 , 182675 -52549 52549 0 54361 106910 , 175979 87544 60761 342062 182942 -156179 , 219325 -225846 65602 155247 -89367 68174 , 64078 -65602 225846 -155247 2572 136479 , -81959 -102419 122931 5050 -162475 11793 , 193760 262628 -262628 0 34420 -228208 , 6.8860997845875134e-09 , 14
2.9251061386400643 , -166083 -60761 -87544 -342062 -216940 95398 , 155006 -210079 210079 0 -88781 121298 , 87009 122931 -102419 5050 111138 60056 , 182675 -52549 52549 0 54361 106910 , 175979 87544 60761 342062 182942 -156179 , -219325 225846 -65602 -155247 89367 -68174 , -64078 65602 -225846 155247 -2572 -136479 , 81959 102419 -122931 -5050 162475 -11793 , 193760 262628 -262628 0 34420 -228208 , 6.8860997845875134e-09 , 15
2.9251061386400643 , -166083 -60761 -87544 -342062 -216940 95398 , 182675 -52549 52549 0 54361 106910 , -89367 155247 -2572 -225846 219325 -68174 , 155006 -210079 210079 0 -88781 121298 , 175979 87544 60761 342062 182942 -156179 , -111138 -5050 162475 -122931 -87009 60056 , 11793 -162475 5050 122931 -102419 -81959 , 136479 2572 -155247 225846 -65602 64078 , 193760 262628 -262628 0 34420 -228208 , 6.8860997845875688e-09 , 16
2.9251061386400643 , -166083 -60761 -87544 -342062 -216940 95398 , 182675 -52549 52549 0 54361 106910 , 89367 -155247 2572 225846 -219325 68174 , 155006 -210079 210079 0 -88781 121298 , 175979 87544 60761 342062 182942 -156179 , 111138 5050 -162475 122931 87009 -60056 , -11793 162475 -5050 -122931 102419 81959 , -136479 -2572 155247 -225846 65602 -64078 , 193760 262628 -262628 0 34420 -228208 , 6.8860997845875688e-09 , 17
2.9251061386400643 , -166083 -60761 -87544 -342062 -216940 95398 , 182675 -52549 52549 0 54361 106910 , -64078 65602 -225846 155247 -2572 -136479 , 155006 -210079 210079 0 -88781 121298 , 175979 87544 60761 342062 182942 -156179 , 81959 102419 -122931 -5050 162475 -11793 , 87009 122931 -102419 5050 111138 60056 , -219325 225846 -65602 -155247 89367 -68174 , 193760 262628 -262628 0 34420 -228208 , 6.8860997845876217e-09 , 18
2.9251061386400643 , -166083 -60761 -87544 -342062 -216940 95398 , 182675 -52549 52549 0 54361 106910 , 64078 -65602 225846 -155247 2572 136479 , 155006 -210079 210079 0 -88781 121298 , 175979 87544 60761 342062 182942 -156179 , -81959 -102419 122931 5050 -162475 11793 , -87009 -122931 102419 -5050 -111138 -60056 , 219325 -225846 65602 155247 -89367 68174 , 193760 262628 -262628 0 34420 -228208 , 6.8860997845876217e-09 , 19
2.9251061386400643 , -166083 -60761 -87544 -342062 -216940 95398 , 155006 -210079 210079 0 -88781 121298 , 102419 81959 11793 -60056 87009 122931 , 182675 -52549 52549 0 54361 106910 , 175979 87544 60761 342062 182942 -156179 , 65602 -64078 136479 68174 -219325 225846 , -2572 -136479 64078 -68174 89367 -155247 , 162475 -11793 -81959 60056 111138 5050 , 193760 262628 -262628 0 34420 -228208 , 6.8860997845878202e-09 , 20
2.9251061386400643 , -166083 -60761 -87544 -342062 -216940 95398 , 155006 -210079 210079 0 -88781 121298 , -102419 -81959 -11793 60056 -87009 -122931 , 182675 -52549 52549 0 54361 106910 , 175979 87544 60761 342062 182942 -156179 , -65602 64078 -136479 -68174 219325 -225846 , 2572 136479 -64078 68174 -89367 155247 , -162475 11793 81959 -60056 -111138 -5050 , 193760 262628 -262628 0 34420 -228208 , 6.8860997845878202e-09 , 21
2.9251061386400643 , -166083 -60761 -87544 -342062 -216940 95398 , 155006 -210079 210079 0 -88781 121298 , -122931 102419 81959 -111138 -60056 87009 , 182675 -52549 52549 0 54361 106910 , 175979 87544 60761 342062 182942 -156179 , -225846 65602 -64078 -89367 68174 -219325 , -136479 64078 -65602 89367 -155247 2572 , -11793 -81959 -102419 111138 5050 -162475 , 193760 262628 -262628 0 34420 -228208 , 6.8860997845878988e-09 , 22
2.9251061386400643 , -166083 -60761 -87544 -342062 -216940 95398 , 155006 -210079 210079 0 -88781 121298 , 122931 -102419 -81959 111138 60056 -87009 , 182675 -52549 52549 0 54361 106910 , 175979 87544 60761 342062 182942 -156179 , 225846 -65602 64078 89367 -68174 219325 , 136479 -64078 65602 -89367 155247 -2572 , 11793 81959 102419 -111138 -5050 162475 , 193760 262628 -262628 0 34420 -228208 , 6.8860997845878988e-09 , 23
2.9251061386400643 , -166083 -60761 -87544 -342062 -216940 95398 , 182675 -52549 52549 0 54361 106910 , 68174 -89367 155247 65602 -225846 219325 , 155006 -210079 210079 0 -88781 121298 , 175979 87544 60761 342062 182942 -156179 , -60056 -111138 -5050 102419 -122931 -87009 , -162475 5050 111138 -102419 -81959 -11793 , 2572 -155247 89367 -65602 64078 -136479 , 193760 262628 -262628 0 34420 -228208 , 6.8860997845880295e-09 , 24
2.9251061386400643 , -166083 -60761 -87544 -342062 -216940 95398 , 182675 -52549 52549 0 54361 106910 , -68174 89367 -155247 -65602 225846 -219325 , 155006 -210079 210079 0 -88781 121298 , 175979 87544 60761 342062 182942 -156179 , 60056 111138 5050 -102419 122931 87009 , 162475 -5050 -111138 102419 81959 11793 , -2572 155247 -89367 65602 -64078 136479 , 193760 262628 -262628 0 34420 -228208 , 6.8860997845880295e-09 , 25
2.9251061386400643 , -166083 -60761 -87544 -342062 -216940 95398 , 182675 -52549 52549 0 54361 106910 , 2572 136479 -64078 68174 -89367 155247 , 155006 -210079 210079 0 -88781 121298 , 175979 87544 60761 342062 182942 -156179 , -162475 11793 81959 -60056 -111138 -5050 , -102419 -81959 -11793 60056 -87009 -122931 , -65602 64078 -136479 -68174 219325 -225846 , 193760 262628 -262628 0 34420 -228208 , 6.8860997845881412e-09 , 26
2.9251061386400643 , -166083 -60761 -87544 -342062 -216940 95398 , 182675 -52549 52549 0 54361 106910 , -2572 -136479 64078 -68174 89367 -155247 , 155006 -210079 210079 0 -88781 121298 , 175979 87544 60761 342062 182942 -156179 , 162475 -11793 -81959 60056 111138 5050 , 102419 81959 11793 -60056 87009 122931 , 65602 -64078 136479 68174 -219325 225846 , 193760 262628 -262628 0 34420 -228208 , 6.8860997845881412e-09 , 27
2.9251061386400643 , -166083 -60761 -87544 -342062 -216940 95398 , 182675 -52549 52549 0 54361 106910 , -225846 219325 -68174 -136479 64078 -65602 , 155006 -210079 210079 0 -88781 121298 , 175979 87544 60761 342062 182942 -156179 , -122931 -87009 60056 -11793 -81959 -102419 , -111138 -60056 87009 11793 -162475 5050 , -89367 68174 -219325 136479 2572 -155247 , 193760 262628 -262628 0 34420 -228208 , 6.8860997845882396e-09 , 28
2.9251061386400643 , -166083 -60761 -87544 -342062 -216940 95398 , 182675 -52549 52549 0 54361 106910 , 225846 -219325 68174 136479 -64078 65602 , 155006 -210079 210079 0 -88781 121298 , 175979 87544 60761 342062 182942 -156179 , 122931 87009 -60056 11793 81959 102419 , 111138 60056 -87009 -11793 162475 -5050 , 89367 -68174 219325 -136479 -2572 155247 , 193760 262628 -262628 0 34420 -228208 , 6.8860997845882396e-09 , 29
2.9251061386400643 , -166083 -60761 -87544 -342062 -216940 95398 , 155006 -210079 210079 0 -88781 121298 , -11793 162475 -5050 -122931 102419 81959 , 182675 -52549 52549 0 54361 106910 , 175979 87544 60761 342062 182942 -156179 , -136479 -2572 155247 -225846 65602 -64078 , 89367 -155247 2572 225846 -219325 68174 , 111138 5050 -162475 122931 87009 -60056 , 193760 262628 -262628 0 34420 -228208 , 6.886099784588343e-09 , 30
2.9251061386400643 , -166083 -60761 -87544 -342062 -216940 95398 , 155006 -210079 210079 0 -88781 121298 , 11793 -162475 5050 122931 -102419 -81959 , 182675 -52549 52549 0 54361 106910 , 175979 87544 60761 342062 182942 -156179 , 136479 2572 -155247 225846 -65602 64078 , -89367 155247 -2572 -225846 219325 -68174 , -111138 -5050 162475 -122931 -87009 60056 , 193760 262628 -262628 0 34420 -228208 , 6.886099784588343e-09 , 31
2.9251061386400643 , -166083 -60761 -87544 -342062 -216940 95398 , 155006 -210079 210079 0 -88781 121298 , -81959 -11793 162475 -87009 -122931 102419 , 182675 -52549 52549 0 54361 106910 , 175979 87544 60761 342062 182942 -156179 , 64078 -136479 -2572 219325 -225846 65602 , -155247 2572 136479 -219325 68174 -89367 , 5050 -162475 11793 87009 -60056 -111138 , 193760 262628 -262628 0 34420 -228208 , 6.8860997845883778e-09 , 32
2.9251061386400643 , -166083 -60761 -87544 -342062 -216940 95398 , 155006 -210079 210079 0 -88781 121298 , 81959 11793 -162475 87009 122931 -102419 , 182675 -52549 52549 0 54361 106910 , 175979 87544 60761 342062 182942 -156179 , -64078 136479 2572 -219325 225846 -65602 , 155247 -2572 -136479 219325 -68174 89367 , -5050 162475 -11793 -87009 60056 111138 , 193760 262628 -262628 0 34420 -228208 , 6.8860997845883778e-09 , 33
2.9251061386400643 , -166083 -60761 -87544 -342062 -216940 95398 , 182675 -52549 52549 0 54361 106910 , -219325 68174 -89367 -64078 65602 -225846 , 155006 -210079 210079 0 -88781 121298 , 175979 87544 60761 342062 182942 -156179 , 87009 -60056 -111138 81959 102419 -122931 , 5050 111138 60056 -81959 -11793 162475 , -155247 89367 -68174 64078 -136479 -2572 , 193760 262628 -262628 0 34420 -228208 , 6.8860997845883827e-09 , 34
2.9251061386400643 , -166083 -60761 -87544 -342062 -216940 95398 , 182675 -52549 52549 0 54361 106910 , 219325 -68174 89367 64078 -65602 225846 , 155006 -210079 210079 0 -88781 121298 , 175979 87544 60761 342062 182942 -156179 , -87009 60056 111138 -81959 -102419 122931 , -5050 -111138 -60056 81959 11793 -162475 , 155247 -89367 68174 -64078 136479 2572 , 193760 262628 -262628 0 34420 -228208 , 6.8860997845883827e-09 , 35
3.0323409719209833 , 18090 -183845 -218397 -207054 -72277 -19409 , 46232 -223399 223399 0 -157517 65882 , -95247 271117 -77459 -131478 110858 64443 , 291449 -39229 39229 0 123097 162326 , 225144 218397 183845 207054 198988 111568 , 126820 -158473 78550 95488 -100325 69803 , 31332 -78550 158473 -95488 -8747 58148 , 36231 77459 -271117 131478 141902 -160259 , 193760 262628 -262628 0 34420 -228208 , 6.8860997845932408e-09 , 0
3.0323409719209833 , 18090 -183845 -218397 -207054 -72277 -19409 , 46232 -223399 223399 0 -157517 65882 , 95247 -271117 77459 131478 -110858 -64443 , 291449 -39229 39229 0 123097 162326 , 225144 218397 183845 207054 198988 111568 , -126820 158473 -78550 -95488 100325 -69803 , -31332 78550 -158473 95488 8747 -58148 , -36231 -77459 271117 -131478 -141902 160259 , 193760 262628 -262628 0 34420 -228208 , 6.8860997845932408e-09 , 1
3.0323409719209833 , 18090 -183845 -218397 -207054 -72277 -19409 , 46232 -223399 223399 0 -157517 65882 , 110858 64443 95247 -160259 141902 131478 , 291449 -39229 39229 0 123097 162326 , 225144 218397 183845 207054 198988 111568 , -100325 69803 -126820 58148 -8747 -95488 , -158473 126820 -69803 -58148 31332 -78550 , 271117 -95247 -64443 160259 36231 77459 , 193760 262628 -262628 0 34420 -228208 , 6.8860997845934922e-09 , 2
3.0323409719209833 , 18090 -183845 -218397 -207054 -72277 -19409 , 46232 -223399 223399 0 -157517 65882 , -110858 -64443 -95247 160259 -141902 -131478 , 291449 -39229 39229 0 123097 162326 , 225144 218397 183845 207054 198988 111568 , 100325 -69803 126820 -58148 8747 95488 , 158473 -126820 69803 58148 -31332 78550 , -271117 95247 64443 -160259 -36231 -77459 , 193760 262628 -262628 0 34420 -228208 , 6.8860997845934922e-09 , 3
3.0323409719209833 , 18090 -183845 -218397 -207054 -72277 -19409 , 291449 -39229 39229 0 123097 162326 , -95488 -8747 58148 -126820 69803 -100325 , 46232 -223399 223399 0 -157517 65882 , 225144 218397 183845 207054 198988 111568 , 131478 141902 -160259 95247 64443 110858 , 36231 160259 -141902 -95247 271117 -77459 , 31332 -58148 8747 126820 -158473 78550 , 193760 262628 -262628 0 34420 -228208 , 6.8860997845936924e-09 , 4
3.0323409719209833 , 18090 -183845 -218397 -207054 -72277 -19409 , 291449 -39229 39229 0 123097 162326 , 95488 8747 -58148 126820 -69803 100325 , 46232 -223399 223399 0 -157517 65882 , 225144 218397 183845 207054 198988 111568 , -131478 -141902 160259 -95247 -64443 -110858 , -36231 -160259 141902 95247 -271117 77459 , -31332 58148 -8747 -126820 158473 -78550 , 193760 262628 -262628 0 34420 -228208 , 6.8860997845936924e-09 , 5
3.0323409719209833 , 18090 -183845 -218397 -207054 -72277 -19409 , 291449 -39229 39229 0 123097 162326 , -100325 95488 8747 -158473 126820 -69803 , 46232 -223399 223399 0 -157517 65882 , 225144 218397 183845 207054 198988 111568 , 110858 -131478 -141902 271117 -95247 -64443 , -160259 141902 131478 -271117 77459 36231 , 58148 -8747 -95488 158473 -78550 31332 , 193760 262628 -262628 0 34420 -228208 , 6.8860997845937288e-09 , 6
3.0323409719209833 , 18090 -183845 -218397 -207054 -72277 -19409 , 291449 -39229 39229 0 123097 162326 , 100325 -95488 -8747 158473 -126820 69803 , 46232 -223399 223399 0 -157517 65882 , 225144 218397 183845 207054 198988 111568 , -110858 131478 141902 -271117 95247 64443 , 160259 -141902 -131478 271117 -77459 -36231 , -58148 8747 95488 -158473 78550 -31332 , 193760 262628 -262628 0 34420 -228208 , 6.8860997845937288e-09 , 7
3.0323409719209833 , 18090 -183845 -218397 -207054 -72277 -19409 , 291449 -39229 39229 0 123097 162326 , -8747 58148 -31332 69803 -100325 95488 , 46232 -223399 223399 0 -157517 65882 , 225144 218397 183845 207054 198988 111568 , 141902 -160259 -36231 64443 110858 -131478 , 77459 36231 160259 -64443 -95247 271117 , -78550 31332 -58148 -69803 126820 -158473 , 193760 262628 -262628 0 34420 -228208 , 6.8860997845938487e-09 , 8
3.0323409719209833 , 18090 -183845 -218397 -207054 -72277 -19409 , 291449 -39229 39229 0 123097 162326 , 8747 -58148 31332 -69803 100325 -95488 , 46232 -223399 223399 0 -157517 65882 , 225144 218397 183845 207054 198988 111568 , -141902 160259 36231 -64443 -110858 131478 , -77459 -36231 -160259 64443 95247 -271117 , 78550 -31332 58148 69803 -126820 158473 , 193760 262628 -262628 0 34420 -228208 , 6.8860997845938487e-09 , 9
3.0323409719209833 , 18090 -183845 -218397 -207054 -72277 -19409 , 291449 -39229 39229 0 123097 162326 , -78550 158473 -126820 -8747 58148 -31332 , 46232 -223399 223399 0 -157517 65882 , 225144 218397 183845 207054 198988 111568 , 77459 -271117 95247 141902 -160259 -36231 , -64443 -95247 271117 -141902 -131478 110858 , -69803 126820 -158473 8747 95488 -100325 , 193760 262628 -262628 0 34420 -228208 , 6.8860997845938884e-09 , 10
3.0323409719209833 , 18090 -183845 -218397 -207054 -72277 -19409 , 291449 -39229 39229 0 123097 162326 , 78550 -158473 126820 8747 -58148 31332 , 46232 -223399 223399 0 -157517 65882 , 225144 218397 183845 207054 198988 111568 , -77459 271117 -95247 -141902 160259 36231 , 64443 95247 -271117 141902 131478 -110858 , 69803 -126820 158473 -8747 -95488 100325 , 193760 262628 -262628 0 34420 -228208 , 6.8860997845938884e-09 , 11
3.0323409719209833 , 18090 -183845 -218397 -207054 -72277 -19409 , 46232 -223399 223399 0 -157517 65882 , 64443 95247 -271117 141902 131478 -110858 , 291449 -39229 39229 0 123097 162326 , 225144 218397 183845 207054 198988 111568 , 69803 -126820 158473 -8747 -95488 100325 , 78550 -158473 126820 8747 -58148 31332 , -77459 271117 -95247 -141902 160259 36231 , 193760 262628 -262628 0 34420 -228208 , 6.8860997845940415e-09 , 12
3.0323409719209833 , 18090 -183845 -218397 -207054 -72277 -19409 , 46232 -223399 223399 0 -157517 65882 , -64443 -95247 271117 -141902 -131478 110858 , 291449 -39229 39229 0 123097 162326 , 225144 218397 183845 207054 198988 111568 , -69803 126820 -158473 8747 95488 -100325 , -78550 158473 -126820 -8747 58148 -31332 , 77459 -271117 95247 141902 -160259 -36231 , 193760 262628 -262628 0 34420 -228208 , 6.8860997845940415e-09 , 13
3.0323409719209833 , 18090 -183845 -218397 -207054 -72277 -19409 , 291449 -39229 39229 0 123097 162326 , 158473 -126820 69803 58148 -31332 78550 , 46232 -223399 223399 0 -157517 65882 , 225144 218397 183845 207054 198988 111568 , -271117 95247 64443 -160259 -36231 -77459 , -110858 -64443 -95247 160259 -141902 -131478 , 100325 -69803 126820 -58148 8747 95488 , 193760 262628 -262628 0 34420 -228208 , 6.8860997845942102e-09 , 14
3.0323409719209833 , 18090 -183845 -218397 -207054 -72277 -19409 , 291449 -39229 39229 0 123097 162326 , -158473 126820 -69803 -58148 31332 -78550 , 46232 -223399 223399 0 -157517 65882 , 225144 218397 183845 207054 198988 111568 , 271117 -95247 -64443 160259 36231 77459 , 110858 64443 95247 -160259 141902 131478 , -100325 69803 -126820 58148 -8747 -95488 , 193760 262628 -262628 0 34420 -228208 , 6.8860997845942102e-09 , 15
3.0323409719209833 , 18090 -183845 -218397 -207054 -72277 -19409 , 46232 -223399 223399 0 -157517 65882 , -271117 77459 36231 -110858 -64443 -95247 , 291449 -39229 39229 0 123097 162326 , 225144 218397 183845 207054 198988 111568 , 158473 -78550 31332 100325 -69803 126820 , 58148 -31332 78550 -100325 95488 8747 , -160259 -36231 -77459 110858 -131478 -141902 , 193760 262628 -262628 0 34420 -228208 , 6.8860997845942152e-09 , 16
3.0323409719209833 , 18090 -183845 -218397 -207054 -72277 -19409 , 46232 -223399 223399 0 -157517 65882 , 271117 -77459 -36231 110858 64443 95247 , 291449 -39229 39229 0 123097 162326 , 225144 218397 183845 207054 198988 111568 , -158473 78550 -31332 -100325 69803 -126820 , -58148 31332 -78550 100325 -95488 -8747 , 160259 36231 77459 -110858 131478 141902 , 193760 262628 -262628 0 34420 -228208 , 6.8860997845942152e-09 , 17
3.0323409719209833 , 18090 -183845 -218397 -207054 -72277 -19409 , 291449 -39229 39229 0 123097 162326 , 58148 -31332 78550 -100325 95488 8747 , 46232 -223399 223399 0 -157517 65882 , 225144 218397 183845 207054 198988 111568 , -160259 -36231 -77459 110858 -131478 -141902 , -271117 77459 36231 -110858 -64443 -95247 , 158473 -78550 31332 100325 -69803 126820 , 193760 262628 -262628 0 34420 -228208 , 6.8860997845943029e-09 , 18
3.0323409719209833 , 18090 -183845 -218397 -207054 -72277 -19409 , 291449 -39229 39229 0 123097 162326 , -58148 31332 -78550 100325 -95488 -8747 , 46232 -223399 223399 0 -157517 65882 , 225144 218397 183845 207054 198988 111568 , 160259 36231 77459 -110858 131478 141902 , 271117 -77459 -36231 110858 64443 95247 , -158473 78550 -31332 -100325 69803 -126820 , 193760 262628 -262628 0 34420 -228208 , 6.8860997845943029e-09 , 19
3.0323409719209833 , 18090 -183845 -218397 -207054 -72277 -19409 , 46232 -223399 223399 0 -157517 65882 , -160259 141902 131478 -271117 77459 36231 , 291449 -39229 39229 0 123097 162326 , 225144 218397 183845 207054 198988 111568 , 58148 -8747 -95488 158473 -78550 31332 , -100325 95488 8747 -158473 126820 -69803 , 110858 -131478 -141902 271117 -95247 -64443 , 193760 262628 -262628 0 34420 -228208 , 6.8860997845943302e-09 , 20
3.0323409719209833 , 18090 -183845 -218397 -207054 -72277 -19409 , 46232 -223399 223399 0 -157517 65882 , 160259 -141902 -131478 271117 -77459 -36231 , 291449 -39229 39229 0 123097 162326 , 225144 218397 183845 207054 198988 111568 , -58148 8747 95488 -158473 78550 -31332 , 100325 -95488 -8747 158473 -126820 69803 , -110858 131478 141902 -271117 95247 64443 , 193760 262628 -262628 0 34420 -228208 , 6.8860997845943302e-09 , 21
3.0323409719209833 , 18090 -183845 -218397 -207054 -72277 -19409 , 46232 -223399 223399 0 -157517 65882 , -141902 -131478 110858 -77459 -36231 -160259 , 291449 -39229 39229 0 123097 162326 , 225144 218397 183845 207054 198988 111568 , 8747 95488 -100325 78550 -31332 58148 , -69803 100325 -95488 -78550 158473 -126820 , -64443 -110858 131478 77459 -271117 95247 , 193760 262628 -262628 0 34420 -228208 , 6.8860997845944443e-09 , 22
3.0323409719209833 , 18090 -183845 -218397 -207054 -72277 -19409 , 46232 -223399 223399 0 -157517 65882 , 141902 131478 -110858 77459 36231 160259 , 291449 -39229 39229 0 123097 162326 , 225144 218397 183845 207054 198988 111568 , -8747 -95488 100325 -78550 31332 -58148 , 69803 -100325 95488 78550 -158473 126820 , 64443 110858 -131478 -77459 271117 -95247 , 193760 262628 -262628 0 34420 -228208 , 6.8860997845944443e-09 , 23
3.0323409719209833 , 18090 -183845 -218397 -207054 -72277 -19409 , 291449 -39229 39229 0 123097 162326 , -31332 78550 -158473 95488 8747 -58148 , 46232 -223399 223399 0 -157517 65882 , 225144 218397 183845 207054 198988 111568 , -36231 -77459 271117 -131478 -141902 160259 , 95247 -271117 77459 131478 -110858 -64443 , -126820 158473 -78550 -95488 100325 -69803 , 193760 262628 -262628 0 34420 -228208 , 6.8860997845944542e-09 , 24
3.0323409719209833 , 18090 -183845 -218397 -207054 -72277 -19409 , 291449 -39229 39229 0 123097 162326 , 31332 -78550 158473 -95488 -8747 58148 , 46232 -223399 223399 0 -157517 65882 , 225144 218397 183845 207054 198988 111568 , 36231 77459 -271117 131478 141902 -160259 , -95247 271117 -77459 -131478 110858 64443 , 126820 -158473 78550 95488 -100325 69803 , 193760 262628 -262628 0 34420 -228208 , 6.8860997845944542e-09 , 25
3.0323409719209833 , 18090 -183845 -218397 -207054 -72277 -19409 , 46232 -223399 223399 0 -157517 65882 , -36231 -160259 141902 95247 -271117 77459 , 291449 -39229 39229 0 123097 162326 , 225144 218397 183845 207054 198988 111568 , -31332 58148 -8747 -126820 158473 -78550 , 95488 8747 -58148 126820 -69803 100325 , -131478 -141902 160259 -95247 -64443 -110858 , 193760 262628 -262628 0 34420 -228208 , 6.8860997845949572e-09 , 26
3.0323409719209833 , 18090 -183845 -218397 -207054 -72277 -19409 , 46232 -223399 223399 0 -157517 65882 , 36231 160259 -141902 -95247 271117 -77459 , 291449 -39229 39229 0 123097 162326 , 225144 218397 183845 207054 198988 111568 , 31332 -58148 8747 126820 -158473 78550 , -95488 -8747 58148 -126820 69803 -100325 , 131478 141902 -160259 95247 64443 110858 , 193760 262628 -262628 0 34420 -228208 , 6.8860997845949572e-09 , 27
3.0323409719209833 , 18090 -183845 -218397 -207054 -72277 -19409 , 291449 -39229 39229 0 123097 162326 , -126820 69803 -100325 -31332 78550 -158473 , 46232 -223399 223399 0 -157517 65882 , 225144 218397 183845 207054 198988 111568 , 95247 64443 110858 -36231 -77459 271117 , 131478 -110858 -64443 36231 160259 -141902 , -95488 100325 -69803 31332 -58148 8747 , 193760 262628 -262628 0 34420 -228208 , 6.8860997845949745e-09 , 28
3.0323409719209833 , 18090 -183845 -218397 -207054 -72277 -19409 , 291449 -39229 39229 0 123097 162326 , 126820 -69803 100325 31332 -78550 158473 , 46232 -223399 223399 0 -157517 65882 , 225144 218397 183845 207054 198988 111568 , -95247 -64443 -110858 36231 77459 -271117 , -131478 110858 64443 -36231 -160259 141902 , 95488 -100325 69803 -31332 58148 -8747 , 193760 262628 -262628 0 34420 -228208 , 6.8860997845949745e-09 , 29
3.0323409719209833 , 18090 -183845 -218397 -207054 -72277 -19409 , 291449 -39229 39229 0 123097 162326 , 69803 -100325 95488 78550 -158473 126820 , 46232 -223399 223399 0 -157517 65882 , 225144 218397 183845 207054 198988 111568 , 64443 110858 -131478 -77459 271117 -95247 , 141902 131478 -110858 77459 36231 160259 , -8747 -95488 100325 -78550 31332 -58148 , 193760 262628 -262628 0 34420 -228208 , 6.8860997845949828e-09 , 30
3.0323409719209833 , 18090 -183845 -218397 -207054 -72277 -19409 , 291449 -39229 39229 0 123097 162326 , -69803 100325 -95488 -78550 158473 -126820 , 46232 -223399 223399 0 -157517 65882 , 225144 218397 183845 207054 198988 111568 , -64443 -110858 131478 77459 -271117 95247 , -141902 -131478 110858 -77459 -36231 -160259 , 8747 95488 -100325 78550 -31332 58148 , 193760 262628 -262628 0 34420 -228208 , 6.8860997845949828e-09 , 31
3.0323409719209833 , 18090 -183845 -218397 -207054 -72277 -19409 , 46232 -223399 223399 0 -157517 65882 , -131478 110858 64443 -36231 -160259 141902 , 291449 -39229 39229 0 123097 162326 , 225144 218397 183845 207054 198988 111568 , 95488 -100325 69803 -31332 58148 -8747 , 126820 -69803 100325 31332 -78550 158473 , -95247 -64443 -110858 36231 77459 -271117 , 193760 262628 -262628 0 34420 -228208 , 6.8860997845950928e-09 , 32
3.0323409719209833 , 18090 -183845 -218397 -207054 -72277 -19409 , 46232 -223399 223399 0 -157517 65882 , 131478 -110858 -64443 36231 160259 -141902 , 291449 -39229 39229 0 123097 162326 , 225144 218397 183845 207054 198988 111568 , -95488 100325 -69803 31332 -58148 8747 , -126820 69803 -100325 -31332 78550 -158473 , 95247 64443 110858 -36231 -77459 271117 , 193760 262628 -262628 0 34420 -228208 , 6.8860997845950928e-09 , 33
3.0323409719209833 , 18090 -183845 -218397 -207054 -72277 -19409 , 46232 -223399 223399 0 -157517 65882 , -77459 -36231 -160259 64443 95247 -271117 , 291449 -39229 39229 0 123097 162326 , 225144 218397 183845 207054 198988 111568 , 78550 -31332 58148 69803 -126820 158473 , 8747 -58148 31332 -69803 100325 -95488 , -141902 160259 36231 -64443 -110858 131478 , 193760 262628 -262628 0 34420 -228208 , 6.8860997845951689e-09 , 34
3.0323409719209833 , 18090 -183845 -218397 -207054 -72277 -19409 , 46232 -223399 223399 0 -157517 65882 , 77459 36231 160259 -64443 -95247 271117 , 291449 -39229 39229 0 123097 162326 , 225144 218397 183845 207054 198988 111568 , -78550 31332 -58148 -69803 126820 -158473 , -8747 58148 -31332 69803 -100325 95488 , 141902 -160259 -36231 64443 110858 -131478 , 193760 262628 -262628 0 34420 -228208 , 6.8860997845951689e-09 , 35
3.1411171175847072 , 38938 -90542 -350077 -161696 11303 -22466 , 142488 -87778 87778 0 4259 92037 , -64281 102652 -205771 -19919 218929 -231079 , 195193 -174850 174850 0 -38679 136171 , 200634 350077 90542 161696 327611 101845 , -153064 44797 97754 -127248 -42028 1431 , -25816 -97754 -44797 127248 -96323 -86825 , -44362 205771 -102652 19919 -25308 116277 , 193760 262628 -262628 0 34420 -228208 , 6.8860997858383593e-09 , 0
3.1411171175847072 , 38938 -90542 -350077 -161696 11303 -22466 , 142488 -87778 87778 0 4259 92037 , 64281 -102652 205771 19919 -218929 231079 , 195193 -174850 174850 0 -38679 136171 , 200634 350077 90542 161696 327611 101845 , 153064 -44797 -97754 127248 42028 -1431 , 25816 97754 44797 -127248 96323 86825 , 44362 -205771 102652 -19919 25308 -116277 , 193760 262628 -262628 0 34420 -228208 , 6.8860997858383593e-09 , 1
3.1411171175847072 , 38938 -90542 -350077 -161696 11303 -22466 , 142488 -87778 87778 0 4259 92037 , 102652 -205771 44362 218929 -231079 64281 , 195193 -174850 174850 0 -38679 136171 , 200634 350077 90542 161696 327611 101845 , 44797 97754 25816 -42028 1431 153064 , 86825 -25816 -97754 42028 127248 -96323 , -116277 -44362 205771 -218929 19919 -25308 , 193760 262628 -262628 0 34420 -228208 , 6.8860997858398375e-09 , 2
3.1411171175847072 , 38938 -90542 -350077 -161696 11303 -22466 , 142488 -87778 87778 0 4259 92037 , -102652 205771 -44362 -218929 231079 -64281 , 195193 -174850 174850 0 -38679 136171 , 200634 350077 90542 161696 327611 101845 , -44797 -97754 -25816 42028 -1431 -153064 , -86825 25816 97754 -42028 -127248 96323 , 116277 44362 -205771 218929 -19919 25308 , 193760 262628 -262628 0 34420 -228208 , 6.8860997858398375e-09 , 3
3.1411171175847072 , 38938 -90542 -350077 -161696 11303 -22466 , 195193 -174850 174850 0 -38679 136171 , -42028 -127248 96323 44797 -153064 -1431 , 142488 -87778 87778 0 4259 92037 , 200634 350077 90542 161696 327611 101845 , 218929 -19919 25308 102652 -64281 231079 , 116277 -25308 19919 -102652 205771 -44362 , -86825 -96323 127248 -44797 -97754 -25816 , 193760 262628 -262628 0 34420 -228208 , 6.8860997858428526e-09 , 4
3.1411171175847072 , 38938 -90542 -350077 -161696 11303 -22466 , 195193 -174850 174850 0 -38679 136171 , 42028 127248 -96323 -44797 153064 1431 , 142488 -87778 87778 0 4259 92037 , 200634 350077 90542 161696 327611 101845 , -218929 19919 -25308 -102652 64281 -231079 , -116277 25308 -19919 102652 -205771 44362 , 86825 96323 -127248 44797 97754 25816 , 193760 262628 -262628 0 34420 -228208 , 6.8860997858428526e-09 , 5
3.1411171175847072 , 38938 -90542 -350077 -161696 11303 -22466 , 195193 -174850 174850 0 -38679 136171 , -1431 42028 127248 -97754 -44797 153064 , 142488 -87778 87778 0 4259 92037 , 200634 350077 90542 161696 327611 101845 , 231079 -218929 19919 205771 -102652 64281 , 25308 -19919 218929 -205771 44362 116277 , 96323 -127248 -42028 97754 25816 -86825 , 193760 262628 -262628 0 34420 -228208 , 6.8860997858428667e-09 , 6
3.1411171175847072 , 38938 -90542 -350077 -161696 11303 -22466 , 195193 -174850 174850 0 -38679 136171 , 1431 -42028 -127248 97754 44797 -153064 , 142488 -87778 87778 0 4259 92037 , 200634 350077 90542 161696 327611 101845 , -231079 218929 -19919 -205771 102652 -64281 , -25308 19919 -218929 205771 -44362 -116277 , -96323 127248 42028 -97754 -25816 86825 , 193760 262628 -262628 0 34420 -228208 , 6.8860997858428667e-09 , 7
3.1411171175847072 , 38938 -90542 -350077 -161696 11303 -22466 , 195193 -174850 174850 0 -38679 136171 , 44797 -153064 -1431 86825 -25816 -97754 , 142488 -87778 87778 0 4259 92037 , 200634 350077 90542 161696 327611 101845 , 102652 -64281 231079 -116277 -44362 205771 , 218929 -231079 64281 116277 -25308 19919 , -42028 1431 153064 -86825 -96323 127248 , 193760 262628 -262628 0 34420 -228208 , 6.886099785844344e-09 , 8
3.1411171175847072 , 38938 -90542 -350077 -161696 11303 -22466 , 195193 -174850 174850 0 -38679 136171 , -44797 153064 1431 -86825 25816 97754 , 142488 -87778 87778 0 4259 92037 , 200634 350077 90542 161696 327611 101845 , -102652 64281 -231079 116277 44362 -205771 , -218929 231079 -64281 -116277 25308 -19919 , 42028 -1431 -153064 86825 96323 -127248 , 193760 262628 -262628 0 34420 -228208 , 6.886099785844344e-09 , 9
3.1411171175847072 , 38938 -90542 -350077 -161696 11303 -22466 , 142488 -87778 87778 0 4259 92037 , -205771 44362 116277 -231079 64281 -102652 , 195193 -174850 174850 0 -38679 136171 , 200634 350077 90542 161696 327611 101845 , 97754 25816 -86825 1431 153064 -44797 , 96323 86825 -25816 -1431 42028 127248 , 25308 -116277 -44362 231079 -218929 19919 , 193760 262628 -262628 0 34420 -228208 , 6.8860997858443812e-09 , 10
3.1411171175847072 , 38938 -90542 -350077 -161696 11303 -22466 , 142488 -87778 87778 0 4259 92037 , 205771 -44362 -116277 231079 -64281 102652 , 195193 -174850 174850 0 -38679 136171 , 200634 350077 90542 161696 327611 101845 , -97754 -25816 86825 -1431 -153064 44797 , -96323 -86825 25816 1431 -42028 -127248 , -25308 116277 44362 -231079 218929 -19919 , 193760 262628 -262628 0 34420 -228208 , 6.8860997858443812e-09 , 11
3.1411171175847072 , 38938 -90542 -350077 -161696 11303 -22466 , 195193 -174850 174850 0 -38679 136171 , -127248 96323 86825 -153064 -1431 42028 , 142488 -87778 87778 0 4259 92037 , 200634 350077 90542 161696 327611 101845 , -19919 25308 -116277 -64281 231079 -218929 , 44362 116277 -25308 64281 -102652 205771 , 25816 -86825 -96323 153064 -44797 -97754 , 193760 262628 -262628 0 34420 -228208 , 6.8860997858458892e-09 , 12
3.1411171175847072 , 38938 -90542 -350077 -161696 11303 -22466 , 195193 -174850 174850 0 -38679 136171 , 127248 -96323 -86825 153064 1431 -42028 , 142488 -87778 87778 0 4259 92037 , 200634 350077 90542 161696 327611 101845 , 19919 -25308 116277 64281 -231079 218929 , -44362 -116277 25308 -64281 102652 -205771 , -25816 86825 96323 -153064 44797 97754 , 193760 262628 -262628 0 34420 -228208 , 6.8860997858458892e-09 , 13
3.1411171175847072 , 38938 -90542 -350077 -161696 11303 -22466 , 142488 -87778 87778 0 4259 92037 , 231079 -64281 102652 25308 -19919 218929 , 195193 -174850 174850 0 -38679 136171 , 200634 350077 90542 161696 327611 101845 , -1431 -153064 44797 96323 -127248 -42028 , -97754 -44797 153064 -96323 -86825 25816 , 205771 -102652 64281 -25308 116277 44362 , 193760 262628 -262628 0 34420 -228208 , 6.886099785845909e-09 , 14
3.1411171175847072 , 38938 -90542 -350077 -161696 11303 -22466 , 142488 -87778 87778 0 4259 92037 , -231079 64281 -102652 -25308 19919 -218929 , 195193 -174850 174850 0 -38679 136171 , 200634 350077 90542 161696 327611 101845 , 1431 153064 -44797 -96323 127248 42028 , 97754 44797 -153064 96323 86825 -25816 , -205771 102652 -64281 25308 -116277 -44362 , 193760 262628 -262628 0 34420 -228208 , 6.886099785845909e-09 , 15
3.1411171175847072 , 38938 -90542 -350077 -161696 11303 -22466 , 195193 -174850 174850 0 -38679 136171 , -153064 -1431 42028 -25816 -97754 -44797 , 142488 -87778 87778 0 4259 92037 , 200634 350077 90542 161696 327611 101845 , -64281 231079 -218929 -44362 205771 -102652 , -19919 218929 -231079 44362 116277 -25308 , -127248 -42028 1431 25816 -86825 -96323 , 193760 262628 -262628 0 34420 -228208 , 6.8860997858473384e-09 , 16
3.1411171175847072 , 38938 -90542 -350077 -161696 11303 -22466 , 195193 -174850 174850 0 -38679 136171 , 153064 1431 -42028 25816 97754 44797 , 142488 -87778 87778 0 4259 92037 , 200634 350077 90542 161696 327611 101845 , 64281 -231079 218929 44362 -205771 102652 , 19919 -218929 231079 -44362 -116277 25308 , 127248 42028 -1431 -25816 86825 96323 , 193760 262628 -262628 0 34420 -228208 , 6.8860997858473384e-09 , 17
3.1411171175847072 , 38938 -90542 -350077 -161696 11303 -22466 , 142488 -87778 87778 0 4259 92037 , -44362 -116277 25308 -64281 102652 -205771 , 195193 -174850 174850 0 -38679 136171 , 200634 350077 90542 161696 327611 101845 , -25816 86825 96323 -153064 44797 97754 , 127248 -96323 -86825 153064 1431 -42028 , 19919 -25308 116277 64281 -231079 218929 , 193760 262628 -262628 0 34420 -228208 , 6.886099785850389e-09 , 18
3.1411171175847072 , 38938 -90542 -350077 -161696 11303 -22466 , 142488 -87778 87778 0 4259 92037 , 44362 116277 -25308 64281 -102652 205771 , 195193 -174850 174850 0 -38679 136171 , 200634 350077 90542 161696 327611 101845 , 25816 -86825 -96323 153064 -44797 -97754 , -127248 96323 86825 -153064 -1431 42028 , -19919 25308 -116277 -64281 231079 -218929 , 193760 262628 -262628 0 34420 -228208 , 6.886099785850389e-09 , 19
3.1411171175847072 , 38938 -90542 -350077 -161696 11303 -22466 , 142488 -87778 87778 0 4259 92037 , -19919 218929 -231079 44362 116277 -25308 , 195193 -174850 174850 0 -38679 136171 , 200634 350077 90542 161696 327611 101845 , -127248 -42028 1431 25816 -86825 -96323 , -153064 -1431 42028 -25816 -97754 -44797 , -64281 231079 -218929 -44362 205771 -102652 , 193760 262628 -262628 0 34420 -228208 , 6.8860997858519896e-09 , 20
3.1411171175847072 , 38938 -90542 -350077 -161696 11303 -22466 , 142488 -87778 87778 0 4259 92037 , 19919 -218929 231079 -44362 -116277 25308 , 195193 -174850 174850 0 -38679 136171 , 200634 350077 90542 161696 327611 101845 , 127248 42028 -1431 -25816 86825 96323 , 153064 1431 -42028 25816 97754 44797 , 64281 -231079 218929 44362 -205771 102652 , 193760 262628 -262628 0 34420 -228208 , 6.8860997858519896e-09 , 21
3.1411171175847072 , 38938 -90542 -350077 -161696 11303 -22466 , 195193 -174850 174850 0 -38679 136171 , 97754 44797 -153064 96323 86825 -25816 , 142488 -87778 87778 0 4259 92037 , 200634 350077 90542 161696 327611 101845 , -205771 102652 -64281 25308 -116277 -44362 , -231079 64281 -102652 -25308 19919 -218929 , 1431 153064 -44797 -96323 127248 42028 , 193760 262628 -262628 0 34420 -228208 , 6.8860997858520095e-09 , 22
3.1411171175847072 , 38938 -90542 -350077 -161696 11303 -22466 , 195193 -174850 174850 0 -38679 136171 , -97754 -44797 153064 -96323 -86825 25816 , 142488 -87778 87778 0 4259 92037 , 200634 350077 90542 161696 327611 101845 , 205771 -102652 64281 -25308 116277 44362 , 231079 -64281 102652 25308 -19919 218929 , -1431 -153064 44797 96323 -127248 -42028 , 193760 262628 -262628 0 34420 -228208 , 6.8860997858520095e-09 , 23
3.1411171175847072 , 38938 -90542 -350077 -161696 11303 -22466 , 195193 -174850 174850 0 -38679 136171 , 96323 86825 -25816 -1431 42028 127248 , 142488 -87778 87778 0 4259 92037 , 200634 350077 90542 161696 327611 101845 , 25308 -116277 -44362 231079 -218929 19919 , -205771 44362 116277 -231079 64281 -102652 , 97754 25816 -86825 1431 153064 -44797 , 193760 262628 -262628 0 34420 -228208 , 6.8860997858535513e-09 , 24
3.1411171175847072 , 38938 -90542 -350077 -161696 11303 -22466 , 195193 -174850 174850 0 -38679 136171 , -96323 -86825 25816 1431 -42028 -127248 , 142488 -87778 87778 0 4259 92037 , 200634 350077 90542 161696 327611 101845 , -25308 116277 44362 -231079 218929 -19919 , 205771 -44362 -116277 231079 -64281 102652 , -97754 -25816 86825 -1431 -153064 44797 , 193760 262628 -262628 0 34420 -228208 , 6.8860997858535513e-09 , 25
3.1411171175847072 , 38938 -90542 -350077 -161696 11303 -22466 , 142488 -87778 87778 0 4259 92037 , 25308 -19919 218929 -205771 44362 116277 , 195193 -174850 174850 0 -38679 136171 , 200634 350077 90542 161696 327611 101845 , 96323 -127248 -42028 97754 25816 -86825 , -1431 42028 127248 -97754 -44797 153064 , 231079 -218929 19919 205771 -102652 64281 , 193760 262628 -262628 0 34420 -228208 , 6.8860997858549791e-09 , 26
3.1411171175847072 , 38938 -90542 -350077 -161696 11303 -22466 , 142488 -87778 87778 0 4259 92037 , -25308 19919 -218929 205771 -44362 -116277 , 195193 -174850 174850 0 -38679 136171 , 200634 350077 90542 161696 327611 101845 , -96323 127248 42028 -97754 -25816 86825 , 1431 -42028 -127248 97754 44797 -153064 , -231079 218929 -19919 -205771 102652 -64281 , 193760 262628 -262628 0 34420 -228208 , 6.8860997858549791e-09 , 27
3.1411171175847072 , 38938 -90542 -350077 -161696 11303 -22466 , 195193 -174850 174850 0 -38679 136171 , 25816 97754 44797 -127248 96323 86825 , 142488 -87778 87778 0 4259 92037 , 200634 350077 90542 161696 327611 101845 , 44362 -205771 102652 -19919 25308 -116277 , 64281 -102652 205771 19919 -218929 231079 , 153064 -44797 -97754 127248 42028 -1431 , 193760 262628 -262628 0 34420 -228208 , 6.8860997858549915e-09 , 28
3.1411171175847072 , 38938 -90542 -350077 -161696 11303 -22466 , 195193 -174850 174850 0 -38679 136171 , -25816 -97754 -44797 127248 -96323 -86825 , 142488 -87778 87778 0 4259 92037 , 200634 350077 90542 161696 327611 101845 , -44362 205771 -102652 19919 -25308 116277 , -64281 102652 -205771 -19919 218929 -231079 , -153064 44797 97754 -127248 -42028 1431 , 193760 262628 -262628 0 34420 -228208 , 6.8860997858549915e-09 , 29
3.1411171175847072 , 38938 -90542 -350077 -161696 11303 -22466 , 142488 -87778 87778 0 4259 92037 , -218929 231079 -64281 -116277 25308 -19919 , 195193 -174850 174850 0 -38679 136171 , 200634 350077 90542 161696 327611 101845 , 42028 -1431 -153064 86825 96323 -127248 , -44797 153064 1431 -86825 25816 97754 , -102652 64281 -231079 116277 44362 -205771 , 193760 262628 -262628 0 34420 -228208 , 6.886099785855013e-09 , 30
3.1411171175847072 , 38938 -90542 -350077 -161696 11303 -22466 , 142488 -87778 87778 0 4259 92037 , 218929 -231079 64281 116277 -25308 19919 , 195193 -174850 174850 0 -38679 136171 , 200634 350077 90542 161696 327611 101845 , -42028 1431 153064 -86825 -96323 127248 , 44797 -153064 -1431 86825 -25816 -97754 , 102652 -64281 231079 -116277 -44362 205771 , 193760 262628 -262628 0 34420 -228208 , 6.886099785855013e-09 , 31
3.1411171175847072 , 38938 -90542 -350077 -161696 11303 -22466 , 142488 -87778 87778 0 4259 92037 , -116277 25308 -19919 102652 -205771 44362 , 195193 -174850 174850 0 -38679 136171 , 200634 350077 90542 161696 327611 101845 , 86825 96323 -127248 44797 97754 25816 , 42028 127248 -96323 -44797 153064 1431 , -218929 19919 -25308 -102652 64281 -231079 , 193760 262628 -262628 0 34420 -228208 , 6.8860997858564093e-09 , 32
3.1411171175847072 , 38938 -90542 -350077 -161696 11303 -22466 , 142488 -87778 87778 0 4259 92037 , 116277 -25308 19919 -102652 205771 -44362 , 195193 -174850 174850 0 -38679 136171 , 200634 350077 90542 161696 327611 101845 , -86825 -96323 127248 -44797 -97754 -25816 , -42028 -127248 96323 44797 -153064 -1431 , 218929 -19919 25308 102652 -64281 231079 , 193760 262628 -262628 0 34420 -228208 , 6.8860997858564093e-09 , 33
3.1411171175847072 , 38938 -90542 -350077 -161696 11303 -22466 , 195193 -174850 174850 0 -38679 136171 , -86825 25816 97754 -42028 -127248 96323 , 142488 -87778 87778 0 4259 92037 , 200634 350077 90542 161696 327611 101845 , 116277 44362 -205771 218929 -19919 25308 , -102652 205771 -44362 -218929 231079 -64281 , -44797 -97754 -25816 42028 -1431 -153064 , 193760 262628 -262628 0 34420 -228208 , 6.8860997858565317e-09 , 34
3.1411171175847072 , 38938 -90542 -350077 -161696 11303 -22466 , 195193 -174850 174850 0 -38679 136171 , 86825 -25816 -97754 42028 127248 -96323 , 142488 -87778 87778 0 4259 92037 , 200634 350077 90542 161696 327611 101845 , -116277 -44362 205771 -218929 19919 -25308 , 102652 -205771 44362 218929 -231079 64281 , 44797 97754 25816 -42028 1431 153064 , 193760 262628 -262628 0 34420 -228208 , 6.8860997858565317e-09 , 35
