#f=10
# columns: theta, 3^f*Mij (3x3 6-element-groups), frob, rank
4.553818333413073e-05 , 20103 7488 9418 -11182 -20266 -7385 , 24490 -11143 11143 0 3947 15090 , 25162 -17996 -6902 19444 2473 -1988 , 18784 -326 326 0 9729 10055 , 31285 -9418 -7488 11182 -16803 -27754 , -9427 31861 -21478 -12595 26265 -7591 , 3168 21478 -31861 12595 13887 -5596 , 5718 6902 17996 -19444 4914 20469 , 15775 11469 -11469 0 -13676 -25145 , 2.2018705342922121e-07 , 0
4.553818333413073e-05 , 20103 7488 9418 -11182 -20266 -7385 , 24490 -11143 11143 0 3947 15090 , 2473 -1988 -25162 20469 4914 -19444 , 18784 -326 326 0 9729 10055 , 31285 -9418 -7488 11182 -16803 -27754 , 26265 -7591 9427 -5596 13887 12595 , 31861 -9427 7591 5596 3168 21478 , -17996 25162 1988 -20469 5718 6902 , 15775 11469 -11469 0 -13676 -25145 , 2.2018705342922121e-07 , 1
4.553818333413073e-05 , 20103 7488 9418 -11182 -20266 -7385 , 24490 -11143 11143 0 3947 15090 , -2473 1988 25162 -20469 -4914 19444 , 18784 -326 326 0 9729 10055 , 31285 -9418 -7488 11182 -16803 -27754 , -26265 7591 -9427 5596 -13887 -12595 , -31861 9427 -7591 -5596 -3168 -21478 , 17996 -25162 -1988 20469 -5718 -6902 , 15775 11469 -11469 0 -13676 -25145 , 2.2018705342922121e-07 , 2
4.553818333413073e-05 , 20103 7488 9418 -11182 -20266 -7385 , 24490 -11143 11143 0 3947 15090 , -25162 17996 6902 -19444 -2473 1988 , 18784 -326 326 0 9729 10055 , 31285 -9418 -7488 11182 -16803 -27754 , 9427 -31861 21478 12595 -26265 7591 , -3168 -21478 31861 -12595 -13887 5596 , -5718 -6902 -17996 19444 -4914 -20469 , 15775 11469 -11469 0 -13676 -25145 , 2.2018705342922121e-07 , 3
4.553818333413073e-05 , 20103 7488 9418 -11182 -20266 -7385 , 18784 -326 326 0 9729 10055 , -3168 -21478 31861 -12595 -13887 5596 , 24490 -11143 11143 0 3947 15090 , 31285 -9418 -7488 11182 -16803 -27754 , -5718 -6902 -17996 19444 -4914 -20469 , -25162 17996 6902 -19444 -2473 1988 , 9427 -31861 21478 12595 -26265 7591 , 15775 11469 -11469 0 -13676 -25145 , 2.2018705342922123e-07 , 4
4.553818333413073e-05 , 20103 7488 9418 -11182 -20266 -7385 , 18784 -326 326 0 9729 10055 , 3168 21478 -31861 12595 13887 -5596 , 24490 -11143 11143 0 3947 15090 , 31285 -9418 -7488 11182 -16803 -27754 , 5718 6902 17996 -19444 4914 20469 , 25162 -17996 -6902 19444 2473 -1988 , -9427 31861 -21478 -12595 26265 -7591 , 15775 11469 -11469 0 -13676 -25145 , 2.2018705342922123e-07 , 5
4.553818333413073e-05 , 20103 7488 9418 -11182 -20266 -7385 , 18784 -326 326 0 9729 10055 , -9427 7591 -26265 3168 21478 -31861 , 24490 -11143 11143 0 3947 15090 , 31285 -9418 -7488 11182 -16803 -27754 , 25162 1988 -2473 5718 6902 17996 , 19444 2473 -1988 -5718 20469 4914 , -12595 26265 -7591 -3168 -5596 13887 , 15775 11469 -11469 0 -13676 -25145 , 2.2018705342935498e-07 , 6
4.553818333413073e-05 , 20103 7488 9418 -11182 -20266 -7385 , 18784 -326 326 0 9729 10055 , 9427 -7591 26265 -3168 -21478 31861 , 24490 -11143 11143 0 3947 15090 , 31285 -9418 -7488 11182 -16803 -27754 , -25162 -1988 2473 -5718 -6902 -17996 , -19444 -2473 1988 5718 -20469 -4914 , 12595 -26265 7591 3168 5596 -13887 , 15775 11469 -11469 0 -13676 -25145 , 2.2018705342935498e-07 , 7
4.553818333413073e-05 , 20103 7488 9418 -11182 -20266 -7385 , 24490 -11143 11143 0 3947 15090 , -17996 -6902 -5718 2473 -1988 -25162 , 18784 -326 326 0 9729 10055 , 31285 -9418 -7488 11182 -16803 -27754 , 31861 -21478 -3168 26265 -7591 9427 , 5596 3168 21478 -26265 12595 13887 , -20469 5718 6902 -2473 -19444 4914 , 15775 11469 -11469 0 -13676 -25145 , 2.2018705342942187e-07 , 8
4.553818333413073e-05 , 20103 7488 9418 -11182 -20266 -7385 , 24490 -11143 11143 0 3947 15090 , 17996 6902 5718 -2473 1988 25162 , 18784 -326 326 0 9729 10055 , 31285 -9418 -7488 11182 -16803 -27754 , -31861 21478 3168 -26265 7591 -9427 , -5596 -3168 -21478 26265 -12595 -13887 , 20469 -5718 -6902 2473 19444 -4914 , 15775 11469 -11469 0 -13676 -25145 , 2.2018705342942187e-07 , 9
4.553818333413073e-05 , 20103 7488 9418 -11182 -20266 -7385 , 18784 -326 326 0 9729 10055 , -21478 31861 -9427 -13887 5596 3168 , 24490 -11143 11143 0 3947 15090 , 31285 -9418 -7488 11182 -16803 -27754 , -6902 -17996 25162 -4914 -20469 5718 , -1988 -25162 17996 4914 -19444 -2473 , -7591 9427 -31861 13887 12595 -26265 , 15775 11469 -11469 0 -13676 -25145 , 2.2018705342942187e-07 , 10
4.553818333413073e-05 , 20103 7488 9418 -11182 -20266 -7385 , 18784 -326 326 0 9729 10055 , 21478 -31861 9427 13887 -5596 -3168 , 24490 -11143 11143 0 3947 15090 , 31285 -9418 -7488 11182 -16803 -27754 , 6902 17996 -25162 4914 20469 -5718 , 1988 25162 -17996 -4914 19444 2473 , 7591 -9427 31861 -13887 -12595 26265 , 15775 11469 -11469 0 -13676 -25145 , 2.2018705342942187e-07 , 11
4.553818333413073e-05 , 20103 7488 9418 -11182 -20266 -7385 , 18784 -326 326 0 9729 10055 , -12595 -13887 5596 -9427 7591 -26265 , 24490 -11143 11143 0 3947 15090 , 31285 -9418 -7488 11182 -16803 -27754 , 19444 -4914 -20469 25162 1988 -2473 , -5718 20469 4914 -25162 17996 6902 , -3168 -5596 13887 9427 -31861 21478 , 15775 11469 -11469 0 -13676 -25145 , 2.201870534294219e-07 , 12
4.553818333413073e-05 , 20103 7488 9418 -11182 -20266 -7385 , 18784 -326 326 0 9729 10055 , 12595 13887 -5596 9427 -7591 26265 , 24490 -11143 11143 0 3947 15090 , 31285 -9418 -7488 11182 -16803 -27754 , -19444 4914 20469 -25162 -1988 2473 , 5718 -20469 -4914 25162 -17996 -6902 , 3168 5596 -13887 -9427 31861 -21478 , 15775 11469 -11469 0 -13676 -25145 , 2.201870534294219e-07 , 13
4.553818333413073e-05 , 20103 7488 9418 -11182 -20266 -7385 , 24490 -11143 11143 0 3947 15090 , 1988 25162 -17996 -4914 19444 2473 , 18784 -326 326 0 9729 10055 , 31285 -9418 -7488 11182 -16803 -27754 , 7591 -9427 31861 -13887 -12595 26265 , 21478 -31861 9427 13887 -5596 -3168 , 6902 17996 -25162 4914 20469 -5718 , 15775 11469 -11469 0 -13676 -25145 , 2.2018705342948876e-07 , 14
4.553818333413073e-05 , 20103 7488 9418 -11182 -20266 -7385 , 24490 -11143 11143 0 3947 15090 , -6902 -5718 20469 -1988 -25162 17996 , 18784 -326 326 0 9729 10055 , 31285 -9418 -7488 11182 -16803 -27754 , -21478 -3168 -5596 -7591 9427 -31861 , -13887 5596 3168 7591 -26265 12595 , -4914 -20469 5718 1988 -2473 -19444 , 15775 11469 -11469 0 -13676 -25145 , 2.2018705342948876e-07 , 15
4.553818333413073e-05 , 20103 7488 9418 -11182 -20266 -7385 , 24490 -11143 11143 0 3947 15090 , 6902 5718 -20469 1988 25162 -17996 , 18784 -326 326 0 9729 10055 , 31285 -9418 -7488 11182 -16803 -27754 , 21478 3168 5596 7591 -9427 31861 , 13887 -5596 -3168 -7591 26265 -12595 , 4914 20469 -5718 -1988 2473 19444 , 15775 11469 -11469 0 -13676 -25145 , 2.2018705342948876e-07 , 16
4.553818333413073e-05 , 20103 7488 9418 -11182 -20266 -7385 , 24490 -11143 11143 0 3947 15090 , -1988 -25162 17996 4914 -19444 -2473 , 18784 -326 326 0 9729 10055 , 31285 -9418 -7488 11182 -16803 -27754 , -7591 9427 -31861 13887 12595 -26265 , -21478 31861 -9427 -13887 5596 3168 , -6902 -17996 25162 -4914 -20469 5718 , 15775 11469 -11469 0 -13676 -25145 , 2.2018705342948876e-07 , 17
4.553818333413073e-05 , 20103 7488 9418 -11182 -20266 -7385 , 18784 -326 326 0 9729 10055 , -5596 -3168 -21478 26265 -12595 -13887 , 24490 -11143 11143 0 3947 15090 , 31285 -9418 -7488 11182 -16803 -27754 , 20469 -5718 -6902 2473 19444 -4914 , 17996 6902 5718 -2473 1988 25162 , -31861 21478 3168 -26265 7591 -9427 , 15775 11469 -11469 0 -13676 -25145 , 2.2018705342948876e-07 , 18
4.553818333413073e-05 , 20103 7488 9418 -11182 -20266 -7385 , 18784 -326 326 0 9729 10055 , 5596 3168 21478 -26265 12595 13887 , 24490 -11143 11143 0 3947 15090 , 31285 -9418 -7488 11182 -16803 -27754 , -20469 5718 6902 -2473 -19444 4914 , -17996 -6902 -5718 2473 -1988 -25162 , 31861 -21478 -3168 26265 -7591 9427 , 15775 11469 -11469 0 -13676 -25145 , 2.2018705342948876e-07 , 19
4.553818333413073e-05 , 20103 7488 9418 -11182 -20266 -7385 , 18784 -326 326 0 9729 10055 , -31861 9427 -7591 -5596 -3168 -21478 , 24490 -11143 11143 0 3947 15090 , 31285 -9418 -7488 11182 -16803 -27754 , 17996 -25162 -1988 20469 -5718 -6902 , -2473 1988 25162 -20469 -4914 19444 , -26265 7591 -9427 5596 -13887 -12595 , 15775 11469 -11469 0 -13676 -25145 , 2.2018705342948879e-07 , 20
4.553818333413073e-05 , 20103 7488 9418 -11182 -20266 -7385 , 18784 -326 326 0 9729 10055 , 31861 -9427 7591 5596 3168 21478 , 24490 -11143 11143 0 3947 15090 , 31285 -9418 -7488 11182 -16803 -27754 , -17996 25162 1988 -20469 5718 6902 , 2473 -1988 -25162 20469 4914 -19444 , 26265 -7591 9427 -5596 13887 12595 , 15775 11469 -11469 0 -13676 -25145 , 2.2018705342948879e-07 , 21
4.553818333413073e-05 , 20103 7488 9418 -11182 -20266 -7385 , 24490 -11143 11143 0 3947 15090 , -4914 19444 2473 -6902 -5718 20469 , 18784 -326 326 0 9729 10055 , 31285 -9418 -7488 11182 -16803 -27754 , -13887 -12595 26265 -21478 -3168 -5596 , 7591 -26265 12595 21478 -31861 9427 , 1988 -2473 -19444 6902 17996 -25162 , 15775 11469 -11469 0 -13676 -25145 , 2.2018705342955568e-07 , 22
4.553818333413073e-05 , 20103 7488 9418 -11182 -20266 -7385 , 24490 -11143 11143 0 3947 15090 , -19444 -2473 1988 5718 -20469 -4914 , 18784 -326 326 0 9729 10055 , 31285 -9418 -7488 11182 -16803 -27754 , 12595 -26265 7591 3168 5596 -13887 , 9427 -7591 26265 -3168 -21478 31861 , -25162 -1988 2473 -5718 -6902 -17996 , 15775 11469 -11469 0 -13676 -25145 , 2.2018705342955568e-07 , 23
4.553818333413073e-05 , 20103 7488 9418 -11182 -20266 -7385 , 24490 -11143 11143 0 3947 15090 , 19444 2473 -1988 -5718 20469 4914 , 18784 -326 326 0 9729 10055 , 31285 -9418 -7488 11182 -16803 -27754 , -12595 26265 -7591 -3168 -5596 13887 , -9427 7591 -26265 3168 21478 -31861 , 25162 1988 -2473 5718 6902 17996 , 15775 11469 -11469 0 -13676 -25145 , 2.2018705342955568e-07 , 24
4.553818333413073e-05 , 20103 7488 9418 -11182 -20266 -7385 , 24490 -11143 11143 0 3947 15090 , 4914 -19444 -2473 6902 5718 -20469 , 18784 -326 326 0 9729 10055 , 31285 -9418 -7488 11182 -16803 -27754 , 13887 12595 -26265 21478 3168 5596 , -7591 26265 -12595 -21478 31861 -9427 , -1988 2473 19444 -6902 -17996 25162 , 15775 11469 -11469 0 -13676 -25145 , 2.2018705342955568e-07 , 25
4.553818333413073e-05 , 20103 7488 9418 -11182 -20266 -7385 , 24490 -11143 11143 0 3947 15090 , 5718 -20469 -4914 25162 -17996 -6902 , 18784 -326 326 0 9729 10055 , 31285 -9418 -7488 11182 -16803 -27754 , 3168 5596 -13887 -9427 31861 -21478 , 12595 13887 -5596 9427 -7591 26265 , -19444 4914 20469 -25162 -1988 2473 , 15775 11469 -11469 0 -13676 -25145 , 2.2018705342962257e-07 , 26
4.553818333413073e-05 , 20103 7488 9418 -11182 -20266 -7385 , 24490 -11143 11143 0 3947 15090 , -5718 20469 4914 -25162 17996 6902 , 18784 -326 326 0 9729 10055 , 31285 -9418 -7488 11182 -16803 -27754 , -3168 -5596 13887 9427 -31861 21478 , -12595 -13887 5596 -9427 7591 -26265 , 19444 -4914 -20469 25162 1988 -2473 , 15775 11469 -11469 0 -13676 -25145 , 2.2018705342962257e-07 , 27
4.553818333413073e-05 , 20103 7488 9418 -11182 -20266 -7385 , 18784 -326 326 0 9729 10055 , -13887 5596 3168 7591 -26265 12595 , 24490 -11143 11143 0 3947 15090 , 31285 -9418 -7488 11182 -16803 -27754 , -4914 -20469 5718 1988 -2473 -19444 , -6902 -5718 20469 -1988 -25162 17996 , -21478 -3168 -5596 -7591 9427 -31861 , 15775 11469 -11469 0 -13676 -25145 , 2.2018705342962257e-07 , 28
4.553818333413073e-05 , 20103 7488 9418 -11182 -20266 -7385 , 18784 -326 326 0 9729 10055 , 13887 -5596 -3168 -7591 26265 -12595 , 24490 -11143 11143 0 3947 15090 , 31285 -9418 -7488 11182 -16803 -27754 , 4914 20469 -5718 -1988 2473 19444 , 6902 5718 -20469 1988 25162 -17996 , 21478 3168 5596 7591 -9427 31861 , 15775 11469 -11469 0 -13676 -25145 , 2.2018705342962257e-07 , 29
4.553818333413073e-05 , 20103 7488 9418 -11182 -20266 -7385 , 24490 -11143 11143 0 3947 15090 , -20469 -4914 19444 -17996 -6902 -5718 , 18784 -326 326 0 9729 10055 , 31285 -9418 -7488 11182 -16803 -27754 , 5596 -13887 -12595 31861 -21478 -3168 , -26265 12595 13887 -31861 9427 -7591 , -2473 -19444 4914 17996 -25162 -1988 , 15775 11469 -11469 0 -13676 -25145 , 2.2018705342968946e-07 , 30
4.553818333413073e-05 , 20103 7488 9418 -11182 -20266 -7385 , 24490 -11143 11143 0 3947 15090 , 20469 4914 -19444 17996 6902 5718 , 18784 -326 326 0 9729 10055 , 31285 -9418 -7488 11182 -16803 -27754 , -5596 13887 12595 -31861 21478 3168 , 26265 -12595 -13887 31861 -9427 7591 , 2473 19444 -4914 -17996 25162 1988 , 15775 11469 -11469 0 -13676 -25145 , 2.2018705342968946e-07 , 31
4.553818333413073e-05 , 20103 7488 9418 -11182 -20266 -7385 , 18784 -326 326 0 9729 10055 , -7591 26265 -12595 -21478 31861 -9427 , 24490 -11143 11143 0 3947 15090 , 31285 -9418 -7488 11182 -16803 -27754 , -1988 2473 19444 -6902 -17996 25162 , 4914 -19444 -2473 6902 5718 -20469 , 13887 12595 -26265 21478 3168 5596 , 15775 11469 -11469 0 -13676 -25145 , 2.2018705342968946e-07 , 32
4.553818333413073e-05 , 20103 7488 9418 -11182 -20266 -7385 , 18784 -326 326 0 9729 10055 , 7591 -26265 12595 21478 -31861 9427 , 24490 -11143 11143 0 3947 15090 , 31285 -9418 -7488 11182 -16803 -27754 , 1988 -2473 -19444 6902 17996 -25162 , -4914 19444 2473 -6902 -5718 20469 , -13887 -12595 26265 -21478 -3168 -5596 , 15775 11469 -11469 0 -13676 -25145 , 2.2018705342968946e-07 , 33
4.553818333413073e-05 , 20103 7488 9418 -11182 -20266 -7385 , 18784 -326 326 0 9729 10055 , 26265 -12595 -13887 31861 -9427 7591 , 24490 -11143 11143 0 3947 15090 , 31285 -9418 -7488 11182 -16803 -27754 , 2473 19444 -4914 -17996 25162 1988 , 20469 4914 -19444 17996 6902 5718 , -5596 13887 12595 -31861 21478 3168 , 15775 11469 -11469 0 -13676 -25145 , 2.2018705342982323e-07 , 34
4.553818333413073e-05 , 20103 7488 9418 -11182 -20266 -7385 , 18784 -326 326 0 9729 10055 , -26265 12595 13887 -31861 9427 -7591 , 24490 -11143 11143 0 3947 15090 , 31285 -9418 -7488 11182 -16803 -27754 , -2473 -19444 4914 17996 -25162 -1988 , -20469 -4914 19444 -17996 -6902 -5718 , 5596 -13887 -12595 31861 -21478 -3168 , 15775 11469 -11469 0 -13676 -25145 , 2.2018705342982323e-07 , 35
0.10621869108822123 , 14235 -2744 -7658 -2572 -12665 -37220 , 19480 -12684 12684 0 25 12709 , -6568 15286 18012 -30829 11337 13867 , 23794 1215 -1215 0 13651 12436 , 16807 7658 2744 2572 -29562 -9921 , -11166 28420 -19831 -8914 19312 -6948 , -2252 19831 -28420 8914 12883 -9108 , 24261 -18012 -15286 30829 -4145 -3949 , 15775 11469 -11469 0 -13676 -25145 , 2.2019232219554531e-07 , 0
0.10621869108822123 , 14235 -2744 -7658 -2572 -12665 -37220 , 19480 -12684 12684 0 25 12709 , 6568 -15286 -18012 30829 -11337 -13867 , 23794 1215 -1215 0 13651 12436 , 16807 7658 2744 2572 -29562 -9921 , 11166 -28420 19831 8914 -19312 6948 , 2252 -19831 28420 -8914 -12883 9108 , -24261 18012 15286 -30829 4145 3949 , 15775 11469 -11469 0 -13676 -25145 , 2.2019232219554531e-07 , 1
0.10621869108822123 , 14235 -2744 -7658 -2572 -12665 -37220 , 19480 -12684 12684 0 25 12709 , 15286 18012 -24261 11337 13867 6568 , 23794 1215 -1215 0 13651 12436 , 16807 7658 2744 2572 -29562 -9921 , 28420 -19831 2252 19312 -6948 11166 , 9108 -2252 19831 -19312 8914 12883 , 3949 24261 -18012 -11337 30829 -4145 , 15775 11469 -11469 0 -13676 -25145 , 2.2019232219663967e-07 , 2
0.10621869108822123 , 14235 -2744 -7658 -2572 -12665 -37220 , 19480 -12684 12684 0 25 12709 , -15286 -18012 24261 -11337 -13867 -6568 , 23794 1215 -1215 0 13651 12436 , 16807 7658 2744 2572 -29562 -9921 , -28420 19831 -2252 -19312 6948 -11166 , -9108 2252 -19831 19312 -8914 -12883 , -3949 -24261 18012 11337 -30829 4145 , 15775 11469 -11469 0 -13676 -25145 , 2.2019232219663967e-07 , 3
0.10621869108822123 , 14235 -2744 -7658 -2572 -12665 -37220 , 23794 1215 -1215 0 13651 12436 , -9108 2252 -19831 19312 -8914 -12883 , 19480 -12684 12684 0 25 12709 , 16807 7658 2744 2572 -29562 -9921 , -3949 -24261 18012 11337 -30829 4145 , -15286 -18012 24261 -11337 -13867 -6568 , -28420 19831 -2252 -19312 6948 -11166 , 15775 11469 -11469 0 -13676 -25145 , 2.2019232219773401e-07 , 4
0.10621869108822123 , 14235 -2744 -7658 -2572 -12665 -37220 , 23794 1215 -1215 0 13651 12436 , 19312 -8914 -12883 28420 -11166 6948 , 19480 -12684 12684 0 25 12709 , 16807 7658 2744 2572 -29562 -9921 , 11337 -30829 4145 15286 -6568 -13867 , -3949 -4145 30829 -15286 -18012 24261 , -9108 12883 8914 -28420 19831 -2252 , 15775 11469 -11469 0 -13676 -25145 , 2.2019232219773401e-07 , 5
0.10621869108822123 , 14235 -2744 -7658 -2572 -12665 -37220 , 23794 1215 -1215 0 13651 12436 , -19312 8914 12883 -28420 11166 -6948 , 19480 -12684 12684 0 25 12709 , 16807 7658 2744 2572 -29562 -9921 , -11337 30829 -4145 -15286 6568 13867 , 3949 4145 -30829 15286 18012 -24261 , 9108 -12883 -8914 28420 -19831 2252 , 15775 11469 -11469 0 -13676 -25145 , 2.2019232219773401e-07 , 6
0.10621869108822123 , 14235 -2744 -7658 -2572 -12665 -37220 , 23794 1215 -1215 0 13651 12436 , 9108 -2252 19831 -19312 8914 12883 , 19480 -12684 12684 0 25 12709 , 16807 7658 2744 2572 -29562 -9921 , 3949 24261 -18012 -11337 30829 -4145 , 15286 18012 -24261 11337 13867 6568 , 28420 -19831 2252 19312 -6948 11166 , 15775 11469 -11469 0 -13676 -25145 , 2.2019232219773401e-07 , 7
0.10621869108822123 , 14235 -2744 -7658 -2572 -12665 -37220 , 23794 1215 -1215 0 13651 12436 , -12883 9108 -2252 6948 -19312 8914 , 19480 -12684 12684 0 25 12709 , 16807 7658 2744 2572 -29562 -9921 , 4145 3949 24261 -13867 -11337 30829 , 18012 -24261 -3949 13867 6568 -15286 , -19831 2252 -9108 -6948 11166 -28420 , 15775 11469 -11469 0 -13676 -25145 , 2.2019232219882838e-07 , 8
0.10621869108822123 , 14235 -2744 -7658 -2572 -12665 -37220 , 23794 1215 -1215 0 13651 12436 , 12883 -9108 2252 -6948 19312 -8914 , 19480 -12684 12684 0 25 12709 , 16807 7658 2744 2572 -29562 -9921 , -4145 -3949 -24261 13867 11337 -30829 , -18012 24261 3949 -13867 -6568 15286 , 19831 -2252 9108 6948 -11166 28420 , 15775 11469 -11469 0 -13676 -25145 , 2.2019232219882838e-07 , 9
0.10621869108822123 , 14235 -2744 -7658 -2572 -12665 -37220 , 23794 1215 -1215 0 13651 12436 , -19831 28420 -11166 -12883 9108 -2252 , 19480 -12684 12684 0 25 12709 , 16807 7658 2744 2572 -29562 -9921 , 18012 15286 -6568 4145 3949 24261 , 13867 6568 -15286 -4145 30829 -11337 , -6948 11166 -28420 12883 8914 -19312 , 15775 11469 -11469 0 -13676 -25145 , 2.2019232219882841e-07 , 10
0.10621869108822123 , 14235 -2744 -7658 -2572 -12665 -37220 , 23794 1215 -1215 0 13651 12436 , -6948 19312 -8914 -19831 28420 -11166 , 19480 -12684 12684 0 25 12709 , 16807 7658 2744 2572 -29562 -9921 , 13867 11337 -30829 18012 15286 -6568 , -4145 30829 -11337 -18012 24261 3949 , 12883 8914 -19312 19831 -2252 9108 , 15775 11469 -11469 0 -13676 -25145 , 2.2019232219882841e-07 , 11
0.10621869108822123 , 14235 -2744 -7658 -2572 -12665 -37220 , 23794 1215 -1215 0 13651 12436 , 6948 -19312 8914 19831 -28420 11166 , 19480 -12684 12684 0 25 12709 , 16807 7658 2744 2572 -29562 -9921 , -13867 -11337 30829 -18012 -15286 6568 , 4145 -30829 11337 18012 -24261 -3949 , -12883 -8914 19312 -19831 2252 -9108 , 15775 11469 -11469 0 -13676 -25145 , 2.2019232219882841e-07 , 12
0.10621869108822123 , 14235 -2744 -7658 -2572 -12665 -37220 , 23794 1215 -1215 0 13651 12436 , 19831 -28420 11166 12883 -9108 2252 , 19480 -12684 12684 0 25 12709 , 16807 7658 2744 2572 -29562 -9921 , -18012 -15286 6568 -4145 -3949 -24261 , -13867 -6568 15286 4145 -30829 11337 , 6948 -11166 28420 -12883 -8914 19312 , 15775 11469 -11469 0 -13676 -25145 , 2.2019232219882841e-07 , 13
0.10621869108822123 , 14235 -2744 -7658 -2572 -12665 -37220 , 23794 1215 -1215 0 13651 12436 , -8914 -12883 9108 -11166 6948 -19312 , 19480 -12684 12684 0 25 12709 , 16807 7658 2744 2572 -29562 -9921 , -30829 4145 3949 -6568 -13867 -11337 , -24261 -3949 -4145 6568 -15286 -18012 , 2252 -9108 12883 11166 -28420 19831 , 15775 11469 -11469 0 -13676 -25145 , 2.2019232219937556e-07 , 14
0.10621869108822123 , 14235 -2744 -7658 -2572 -12665 -37220 , 23794 1215 -1215 0 13651 12436 , 8914 12883 -9108 11166 -6948 19312 , 19480 -12684 12684 0 25 12709 , 16807 7658 2744 2572 -29562 -9921 , 30829 -4145 -3949 6568 13867 11337 , 24261 3949 4145 -6568 15286 18012 , -2252 9108 -12883 -11166 28420 -19831 , 15775 11469 -11469 0 -13676 -25145 , 2.2019232219937556e-07 , 15
0.10621869108822123 , 14235 -2744 -7658 -2572 -12665 -37220 , 19480 -12684 12684 0 25 12709 , -11337 -13867 -6568 3949 4145 -30829 , 23794 1215 -1215 0 13651 12436 , 16807 7658 2744 2572 -29562 -9921 , -19312 6948 -11166 9108 -12883 -8914 , -28420 11166 -6948 -9108 2252 -19831 , -15286 6568 13867 -3949 -24261 18012 , 15775 11469 -11469 0 -13676 -25145 , 2.2019232219992275e-07 , 16
0.10621869108822123 , 14235 -2744 -7658 -2572 -12665 -37220 , 19480 -12684 12684 0 25 12709 , -18012 24261 3949 -13867 -6568 15286 , 23794 1215 -1215 0 13651 12436 , 16807 7658 2744 2572 -29562 -9921 , 19831 -2252 9108 6948 -11166 28420 , 12883 -9108 2252 -6948 19312 -8914 , -4145 -3949 -24261 13867 11337 -30829 , 15775 11469 -11469 0 -13676 -25145 , 2.2019232219992275e-07 , 17
0.10621869108822123 , 14235 -2744 -7658 -2572 -12665 -37220 , 19480 -12684 12684 0 25 12709 , 18012 -24261 -3949 13867 6568 -15286 , 23794 1215 -1215 0 13651 12436 , 16807 7658 2744 2572 -29562 -9921 , -19831 2252 -9108 -6948 11166 -28420 , -12883 9108 -2252 6948 -19312 8914 , 4145 3949 24261 -13867 -11337 30829 , 15775 11469 -11469 0 -13676 -25145 , 2.2019232219992275e-07 , 18
0.10621869108822123 , 14235 -2744 -7658 -2572 -12665 -37220 , 19480 -12684 12684 0 25 12709 , 11337 13867 6568 -3949 -4145 30829 , 23794 1215 -1215 0 13651 12436 , 16807 7658 2744 2572 -29562 -9921 , 19312 -6948 11166 -9108 12883 8914 , 28420 -11166 6948 9108 -2252 19831 , 15286 -6568 -13867 3949 24261 -18012 , 15775 11469 -11469 0 -13676 -25145 , 2.2019232219992275e-07 , 19
0.10621869108822123 , 14235 -2744 -7658 -2572 -12665 -37220 , 19480 -12684 12684 0 25 12709 , -13867 -6568 15286 4145 -30829 11337 , 23794 1215 -1215 0 13651 12436 , 16807 7658 2744 2572 -29562 -9921 , 6948 -11166 28420 -12883 -8914 19312 , 19831 -28420 11166 12883 -9108 2252 , -18012 -15286 6568 -4145 -3949 -24261 , 15775 11469 -11469 0 -13676 -25145 , 2.2019232220101709e-07 , 20
0.10621869108822123 , 14235 -2744 -7658 -2572 -12665 -37220 , 19480 -12684 12684 0 25 12709 , 13867 6568 -15286 -4145 30829 -11337 , 23794 1215 -1215 0 13651 12436 , 16807 7658 2744 2572 -29562 -9921 , -6948 11166 -28420 12883 8914 -19312 , -19831 28420 -11166 -12883 9108 -2252 , 18012 15286 -6568 4145 3949 24261 , 15775 11469 -11469 0 -13676 -25145 , 2.2019232220101709e-07 , 21
0.10621869108822123 , 14235 -2744 -7658 -2572 -12665 -37220 , 23794 1215 -1215 0 13651 12436 , -28420 11166 -6948 -9108 2252 -19831 , 19480 -12684 12684 0 25 12709 , 16807 7658 2744 2572 -29562 -9921 , -15286 6568 13867 -3949 -24261 18012 , -11337 -13867 -6568 3949 4145 -30829 , -19312 6948 -11166 9108 -12883 -8914 , 15775 11469 -11469 0 -13676 -25145 , 2.2019232220101709e-07 , 22
0.10621869108822123 , 14235 -2744 -7658 -2572 -12665 -37220 , 23794 1215 -1215 0 13651 12436 , 28420 -11166 6948 9108 -2252 19831 , 19480 -12684 12684 0 25 12709 , 16807 7658 2744 2572 -29562 -9921 , 15286 -6568 -13867 3949 24261 -18012 , 11337 13867 6568 -3949 -4145 30829 , 19312 -6948 11166 -9108 12883 8914 , 15775 11469 -11469 0 -13676 -25145 , 2.2019232220101709e-07 , 23
0.10621869108822123 , 14235 -2744 -7658 -2572 -12665 -37220 , 19480 -12684 12684 0 25 12709 , 4145 -30829 11337 18012 -24261 -3949 , 23794 1215 -1215 0 13651 12436 , 16807 7658 2744 2572 -29562 -9921 , -12883 -8914 19312 -19831 2252 -9108 , 6948 -19312 8914 19831 -28420 11166 , -13867 -11337 30829 -18012 -15286 6568 , 15775 11469 -11469 0 -13676 -25145 , 2.2019232220101711e-07 , 24
0.10621869108822123 , 14235 -2744 -7658 -2572 -12665 -37220 , 19480 -12684 12684 0 25 12709 , 3949 4145 -30829 15286 18012 -24261 , 23794 1215 -1215 0 13651 12436 , 16807 7658 2744 2572 -29562 -9921 , 9108 -12883 -8914 28420 -19831 2252 , -19312 8914 12883 -28420 11166 -6948 , -11337 30829 -4145 -15286 6568 13867 , 15775 11469 -11469 0 -13676 -25145 , 2.2019232220101711e-07 , 25
0.10621869108822123 , 14235 -2744 -7658 -2572 -12665 -37220 , 19480 -12684 12684 0 25 12709 , -3949 -4145 30829 -15286 -18012 24261 , 23794 1215 -1215 0 13651 12436 , 16807 7658 2744 2572 -29562 -9921 , -9108 12883 8914 -28420 19831 -2252 , 19312 -8914 -12883 28420 -11166 6948 , 11337 -30829 4145 15286 -6568 -13867 , 15775 11469 -11469 0 -13676 -25145 , 2.2019232220101711e-07 , 26
0.10621869108822123 , 14235 -2744 -7658 -2572 -12665 -37220 , 19480 -12684 12684 0 25 12709 , -4145 30829 -11337 -18012 24261 3949 , 23794 1215 -1215 0 13651 12436 , 16807 7658 2744 2572 -29562 -9921 , 12883 8914 -19312 19831 -2252 9108 , -6948 19312 -8914 -19831 28420 -11166 , 13867 11337 -30829 18012 15286 -6568 , 15775 11469 -11469 0 -13676 -25145 , 2.2019232220101711e-07 , 27
0.10621869108822123 , 14235 -2744 -7658 -2572 -12665 -37220 , 23794 1215 -1215 0 13651 12436 , 2252 -19831 28420 -8914 -12883 9108 , 19480 -12684 12684 0 25 12709 , 16807 7658 2744 2572 -29562 -9921 , -24261 18012 15286 -30829 4145 3949 , 6568 -15286 -18012 30829 -11337 -13867 , 11166 -28420 19831 8914 -19312 6948 , 15775 11469 -11469 0 -13676 -25145 , 2.2019232220101714e-07 , 28
0.10621869108822123 , 14235 -2744 -7658 -2572 -12665 -37220 , 23794 1215 -1215 0 13651 12436 , -2252 19831 -28420 8914 12883 -9108 , 19480 -12684 12684 0 25 12709 , 16807 7658 2744 2572 -29562 -9921 , 24261 -18012 -15286 30829 -4145 -3949 , -6568 15286 18012 -30829 11337 13867 , -11166 28420 -19831 -8914 19312 -6948 , 15775 11469 -11469 0 -13676 -25145 , 2.2019232220101714e-07 , 29
0.10621869108822123 , 14235 -2744 -7658 -2572 -12665 -37220 , 19480 -12684 12684 0 25 12709 , -30829 11337 13867 -24261 -3949 -4145 , 23794 1215 -1215 0 13651 12436 , 16807 7658 2744 2572 -29562 -9921 , -8914 19312 -6948 2252 -9108 12883 , -11166 6948 -19312 -2252 19831 -28420 , -6568 -13867 -11337 24261 -18012 -15286 , 15775 11469 -11469 0 -13676 -25145 , 2.2019232220156427e-07 , 30
0.10621869108822123 , 14235 -2744 -7658 -2572 -12665 -37220 , 19480 -12684 12684 0 25 12709 , 30829 -11337 -13867 24261 3949 4145 , 23794 1215 -1215 0 13651 12436 , 16807 7658 2744 2572 -29562 -9921 , 8914 -19312 6948 -2252 9108 -12883 , 11166 -6948 19312 2252 -19831 28420 , 6568 13867 11337 -24261 18012 15286 , 15775 11469 -11469 0 -13676 -25145 , 2.2019232220156427e-07 , 31
0.10621869108822123 , 14235 -2744 -7658 -2572 -12665 -37220 , 19480 -12684 12684 0 25 12709 , -24261 -3949 -4145 6568 -15286 -18012 , 23794 1215 -1215 0 13651 12436 , 16807 7658 2744 2572 -29562 -9921 , 2252 -9108 12883 11166 -28420 19831 , -8914 -12883 9108 -11166 6948 -19312 , -30829 4145 3949 -6568 -13867 -11337 , 15775 11469 -11469 0 -13676 -25145 , 2.201923222015643e-07 , 32
0.10621869108822123 , 14235 -2744 -7658 -2572 -12665 -37220 , 19480 -12684 12684 0 25 12709 , 24261 3949 4145 -6568 15286 18012 , 23794 1215 -1215 0 13651 12436 , 16807 7658 2744 2572 -29562 -9921 , -2252 9108 -12883 -11166 28420 -19831 , 8914 12883 -9108 11166 -6948 19312 , 30829 -4145 -3949 6568 13867 11337 , 15775 11469 -11469 0 -13676 -25145 , 2.201923222015643e-07 , 33
0.10621869108822123 , 14235 -2744 -7658 -2572 -12665 -37220 , 23794 1215 -1215 0 13651 12436 , 11166 -6948 19312 2252 -19831 28420 , 19480 -12684 12684 0 25 12709 , 16807 7658 2744 2572 -29562 -9921 , 6568 13867 11337 -24261 18012 15286 , 30829 -11337 -13867 24261 3949 4145 , 8914 -19312 6948 -2252 9108 -12883 , 15775 11469 -11469 0 -13676 -25145 , 2.20192322203753e-07 , 34
0.10621869108822123 , 14235 -2744 -7658 -2572 -12665 -37220 , 23794 1215 -1215 0 13651 12436 , -11166 6948 -19312 -2252 19831 -28420 , 19480 -12684 12684 0 25 12709 , 16807 7658 2744 2572 -29562 -9921 , -6568 -13867 -11337 24261 -18012 -15286 , -30829 11337 13867 -24261 -3949 -4145 , -8914 19312 -6948 2252 -9108 12883 , 15775 11469 -11469 0 -13676 -25145 , 2.20192322203753e-07 , 35
0.21408535835926928 , 9818 12621 -5765 -12963 -14326 -21584 , 20947 -19429 19429 0 -4693 14736 , -17120 -13937 565 9805 -17477 -17216 , 22327 7960 -7960 0 18369 10409 , 22781 5765 -12621 12963 -15819 -26947 , 9600 -1907 -16104 27739 -14679 5605 , -18139 16104 1907 -27739 21709 -12772 , -26925 -565 13937 -9805 -17781 -3540 , 15775 11469 -11469 0 -13676 -25145 , 2.2018830902280138e-07 , 0
0.21408535835926928 , 9818 12621 -5765 -12963 -14326 -21584 , 20947 -19429 19429 0 -4693 14736 , 17120 13937 -565 -9805 17477 17216 , 22327 7960 -7960 0 18369 10409 , 22781 5765 -12621 12963 -15819 -26947 , -9600 1907 16104 -27739 14679 -5605 , 18139 -16104 -1907 27739 -21709 12772 , 26925 565 -13937 9805 17781 3540 , 15775 11469 -11469 0 -13676 -25145 , 2.2018830902280138e-07 , 1
0.21408535835926928 , 9818 12621 -5765 -12963 -14326 -21584 , 22327 7960 -7960 0 18369 10409 , 12772 -18139 16104 14679 -27739 21709 , 20947 -19429 19429 0 -4693 14736 , 22781 5765 -12621 12963 -15819 -26947 , 3540 -26925 -565 17477 -9805 -17781 , -13937 565 26925 -17477 -17216 17120 , -1907 -16104 18139 -14679 5605 -9600 , 15775 11469 -11469 0 -13676 -25145 , 2.2018830902280141e-07 , 2
0.21408535835926928 , 9818 12621 -5765 -12963 -14326 -21584 , 22327 7960 -7960 0 18369 10409 , -12772 18139 -16104 -14679 27739 -21709 , 20947 -19429 19429 0 -4693 14736 , 22781 5765 -12621 12963 -15819 -26947 , -3540 26925 565 -17477 9805 17781 , 13937 -565 -26925 17477 17216 -17120 , 1907 16104 -18139 14679 -5605 9600 , 15775 11469 -11469 0 -13676 -25145 , 2.2018830902280141e-07 , 3
0.21408535835926928 , 9818 12621 -5765 -12963 -14326 -21584 , 22327 7960 -7960 0 18369 10409 , -27739 21709 -12772 -9600 5605 -14679 , 20947 -19429 19429 0 -4693 14736 , 22781 5765 -12621 12963 -15819 -26947 , -9805 -17781 -3540 17120 -17216 -17477 , -26925 3540 17781 -17120 -13937 565 , -18139 12772 -21709 9600 -1907 -16104 , 15775 11469 -11469 0 -13676 -25145 , 2.2018830902334825e-07 , 4
0.21408535835926928 , 9818 12621 -5765 -12963 -14326 -21584 , 22327 7960 -7960 0 18369 10409 , 27739 -21709 12772 9600 -5605 14679 , 20947 -19429 19429 0 -4693 14736 , 22781 5765 -12621 12963 -15819 -26947 , 9805 17781 3540 -17120 17216 17477 , 26925 -3540 -17781 17120 13937 -565 , 18139 -12772 21709 -9600 1907 16104 , 15775 11469 -11469 0 -13676 -25145 , 2.2018830902334825e-07 , 5
0.21408535835926928 , 9818 12621 -5765 -12963 -14326 -21584 , 20947 -19429 19429 0 -4693 14736 , -565 -26925 3540 17216 -17120 -13937 , 22327 7960 -7960 0 18369 10409 , 22781 5765 -12621 12963 -15819 -26947 , 16104 -18139 12772 -5605 9600 -1907 , 21709 -12772 18139 5605 -14679 27739 , -17781 -3540 26925 -17216 -17477 9805 , 15775 11469 -11469 0 -13676 -25145 , 2.2018830902444195e-07 , 6
0.21408535835926928 , 9818 12621 -5765 -12963 -14326 -21584 , 20947 -19429 19429 0 -4693 14736 , -26925 3540 17781 -17120 -13937 565 , 22327 7960 -7960 0 18369 10409 , 22781 5765 -12621 12963 -15819 -26947 , -18139 12772 -21709 9600 -1907 -16104 , -27739 21709 -12772 -9600 5605 -14679 , -9805 -17781 -3540 17120 -17216 -17477 , 15775 11469 -11469 0 -13676 -25145 , 2.2018830902444195e-07 , 7
0.21408535835926928 , 9818 12621 -5765 -12963 -14326 -21584 , 20947 -19429 19429 0 -4693 14736 , 26925 -3540 -17781 17120 13937 -565 , 22327 7960 -7960 0 18369 10409 , 22781 5765 -12621 12963 -15819 -26947 , 18139 -12772 21709 -9600 1907 16104 , 27739 -21709 12772 9600 -5605 14679 , 9805 17781 3540 -17120 17216 17477 , 15775 11469 -11469 0 -13676 -25145 , 2.2018830902444195e-07 , 8
0.21408535835926928 , 9818 12621 -5765 -12963 -14326 -21584 , 20947 -19429 19429 0 -4693 14736 , 565 26925 -3540 -17216 17120 13937 , 22327 7960 -7960 0 18369 10409 , 22781 5765 -12621 12963 -15819 -26947 , -16104 18139 -12772 5605 -9600 1907 , -21709 12772 -18139 -5605 14679 -27739 , 17781 3540 -26925 17216 17477 -9805 , 15775 11469 -11469 0 -13676 -25145 , 2.2018830902444195e-07 , 9
0.21408535835926928 , 9818 12621 -5765 -12963 -14326 -21584 , 22327 7960 -7960 0 18369 10409 , -9600 5605 -14679 18139 -16104 -1907 , 20947 -19429 19429 0 -4693 14736 , 22781 5765 -12621 12963 -15819 -26947 , 17120 -17216 -17477 26925 565 -13937 , -9805 17477 17216 -26925 3540 17781 , -27739 14679 -5605 -18139 12772 -21709 , 15775 11469 -11469 0 -13676 -25145 , 2.2018830902444195e-07 , 10
0.21408535835926928 , 9818 12621 -5765 -12963 -14326 -21584 , 22327 7960 -7960 0 18369 10409 , 14679 -27739 21709 1907 -9600 5605 , 20947 -19429 19429 0 -4693 14736 , 22781 5765 -12621 12963 -15819 -26947 , 17477 -9805 -17781 13937 17120 -17216 , 3540 17781 9805 -13937 565 26925 , 12772 -21709 27739 -1907 -16104 18139 , 15775 11469 -11469 0 -13676 -25145 , 2.2018830902444195e-07 , 11
0.21408535835926928 , 9818 12621 -5765 -12963 -14326 -21584 , 22327 7960 -7960 0 18369 10409 , -14679 27739 -21709 -1907 9600 -5605 , 20947 -19429 19429 0 -4693 14736 , 22781 5765 -12621 12963 -15819 -26947 , -17477 9805 17781 -13937 -17120 17216 , -3540 -17781 -9805 13937 -565 -26925 , -12772 21709 -27739 1907 16104 -18139 , 15775 11469 -11469 0 -13676 -25145 , 2.2018830902444195e-07 , 12
0.21408535835926928 , 9818 12621 -5765 -12963 -14326 -21584 , 22327 7960 -7960 0 18369 10409 , 9600 -5605 14679 -18139 16104 1907 , 20947 -19429 19429 0 -4693 14736 , 22781 5765 -12621 12963 -15819 -26947 , -17120 17216 17477 -26925 -565 13937 , 9805 -17477 -17216 26925 -3540 -17781 , 27739 -14679 5605 18139 -12772 21709 , 15775 11469 -11469 0 -13676 -25145 , 2.2018830902444195e-07 , 13
0.21408535835926928 , 9818 12621 -5765 -12963 -14326 -21584 , 20947 -19429 19429 0 -4693 14736 , 13937 -565 -26925 17477 17216 -17120 , 22327 7960 -7960 0 18369 10409 , 22781 5765 -12621 12963 -15819 -26947 , 1907 16104 -18139 14679 -5605 9600 , -12772 18139 -16104 -14679 27739 -21709 , -3540 26925 565 -17477 9805 17781 , 15775 11469 -11469 0 -13676 -25145 , 2.2018830902444198e-07 , 14
0.21408535835926928 , 9818 12621 -5765 -12963 -14326 -21584 , 20947 -19429 19429 0 -4693 14736 , -13937 565 26925 -17477 -17216 17120 , 22327 7960 -7960 0 18369 10409 , 22781 5765 -12621 12963 -15819 -26947 , -1907 -16104 18139 -14679 5605 -9600 , 12772 -18139 16104 14679 -27739 21709 , 3540 -26925 -565 17477 -9805 -17781 , 15775 11469 -11469 0 -13676 -25145 , 2.2018830902444198e-07 , 15
0.21408535835926928 , 9818 12621 -5765 -12963 -14326 -21584 , 20947 -19429 19429 0 -4693 14736 , -17781 -9805 17477 -565 -26925 3540 , 22327 7960 -7960 0 18369 10409 , 22781 5765 -12621 12963 -15819 -26947 , 21709 -27739 14679 16104 -18139 12772 , 5605 -14679 27739 -16104 -1907 9600 , -17216 -17477 9805 565 -13937 -17120 , 15775 11469 -11469 0 -13676 -25145 , 2.2018830902498879e-07 , 16
0.21408535835926928 , 9818 12621 -5765 -12963 -14326 -21584 , 20947 -19429 19429 0 -4693 14736 , 17781 9805 -17477 565 26925 -3540 , 22327 7960 -7960 0 18369 10409 , 22781 5765 -12621 12963 -15819 -26947 , -21709 27739 -14679 -16104 18139 -12772 , -5605 14679 -27739 16104 1907 -9600 , 17216 17477 -9805 -565 13937 17120 , 15775 11469 -11469 0 -13676 -25145 , 2.2018830902498879e-07 , 17
0.21408535835926928 , 9818 12621 -5765 -12963 -14326 -21584 , 20947 -19429 19429 0 -4693 14736 , -3540 -17781 -9805 13937 -565 -26925 , 22327 7960 -7960 0 18369 10409 , 22781 5765 -12621 12963 -15819 -26947 , -12772 21709 -27739 1907 16104 -18139 , -14679 27739 -21709 -1907 9600 -5605 , -17477 9805 17781 -13937 -17120 17216 , 15775 11469 -11469 0 -13676 -25145 , 2.2018830902498882e-07 , 18
0.21408535835926928 , 9818 12621 -5765 -12963 -14326 -21584 , 20947 -19429 19429 0 -4693 14736 , -17477 -17216 17120 -3540 -17781 -9805 , 22327 7960 -7960 0 18369 10409 , 22781 5765 -12621 12963 -15819 -26947 , -14679 5605 -9600 -12772 21709 -27739 , -1907 9600 -5605 12772 -18139 16104 , -13937 -17120 17216 3540 -26925 -565 , 15775 11469 -11469 0 -13676 -25145 , 2.2018830902498882e-07 , 19
0.21408535835926928 , 9818 12621 -5765 -12963 -14326 -21584 , 20947 -19429 19429 0 -4693 14736 , -17216 17120 13937 -17781 -9805 17477 , 22327 7960 -7960 0 18369 10409 , 22781 5765 -12621 12963 -15819 -26947 , 5605 -9600 1907 21709 -27739 14679 , -16104 -1907 9600 -21709 12772 -18139 , 565 -13937 -17120 17781 3540 -26925 , 15775 11469 -11469 0 -13676 -25145 , 2.2018830902498882e-07 , 20
0.21408535835926928 , 9818 12621 -5765 -12963 -14326 -21584 , 20947 -19429 19429 0 -4693 14736 , 9805 -17477 -17216 26925 -3540 -17781 , 22327 7960 -7960 0 18369 10409 , 22781 5765 -12621 12963 -15819 -26947 , 27739 -14679 5605 18139 -12772 21709 , 9600 -5605 14679 -18139 16104 1907 , -17120 17216 17477 -26925 -565 13937 , 15775 11469 -11469 0 -13676 -25145 , 2.2018830902498882e-07 , 21
0.21408535835926928 , 9818 12621 -5765 -12963 -14326 -21584 , 20947 -19429 19429 0 -4693 14736 , -9805 17477 17216 -26925 3540 17781 , 22327 7960 -7960 0 18369 10409 , 22781 5765 -12621 12963 -15819 -26947 , -27739 14679 -5605 -18139 12772 -21709 , -9600 5605 -14679 18139 -16104 -1907 , 17120 -17216 -17477 26925 565 -13937 , 15775 11469 -11469 0 -13676 -25145 , 2.2018830902498882e-07 , 22
0.21408535835926928 , 9818 12621 -5765 -12963 -14326 -21584 , 20947 -19429 19429 0 -4693 14736 , 17216 -17120 -13937 17781 9805 -17477 , 22327 7960 -7960 0 18369 10409 , 22781 5765 -12621 12963 -15819 -26947 , -5605 9600 -1907 -21709 27739 -14679 , 16104 1907 -9600 21709 -12772 18139 , -565 13937 17120 -17781 -3540 26925 , 15775 11469 -11469 0 -13676 -25145 , 2.2018830902498882e-07 , 23
0.21408535835926928 , 9818 12621 -5765 -12963 -14326 -21584 , 20947 -19429 19429 0 -4693 14736 , 17477 17216 -17120 3540 17781 9805 , 22327 7960 -7960 0 18369 10409 , 22781 5765 -12621 12963 -15819 -26947 , 14679 -5605 9600 12772 -21709 27739 , 1907 -9600 5605 -12772 18139 -16104 , 13937 17120 -17216 -3540 26925 565 , 15775 11469 -11469 0 -13676 -25145 , 2.2018830902498882e-07 , 24
0.21408535835926928 , 9818 12621 -5765 -12963 -14326 -21584 , 20947 -19429 19429 0 -4693 14736 , 3540 17781 9805 -13937 565 26925 , 22327 7960 -7960 0 18369 10409 , 22781 5765 -12621 12963 -15819 -26947 , 12772 -21709 27739 -1907 -16104 18139 , 14679 -27739 21709 1907 -9600 5605 , 17477 -9805 -17781 13937 17120 -17216 , 15775 11469 -11469 0 -13676 -25145 , 2.2018830902498882e-07 , 25
0.21408535835926928 , 9818 12621 -5765 -12963 -14326 -21584 , 22327 7960 -7960 0 18369 10409 , -18139 16104 1907 -27739 21709 -12772 , 20947 -19429 19429 0 -4693 14736 , 22781 5765 -12621 12963 -15819 -26947 , -26925 -565 13937 -9805 -17781 -3540 , -17120 -13937 565 9805 -17477 -17216 , 9600 -1907 -16104 27739 -14679 5605 , 15775 11469 -11469 0 -13676 -25145 , 2.2018830902498882e-07 , 26
0.21408535835926928 , 9818 12621 -5765 -12963 -14326 -21584 , 22327 7960 -7960 0 18369 10409 , -21709 12772 -18139 -5605 14679 -27739 , 20947 -19429 19429 0 -4693 14736 , 22781 5765 -12621 12963 -15819 -26947 , 17781 3540 -26925 17216 17477 -9805 , 565 26925 -3540 -17216 17120 13937 , -16104 18139 -12772 5605 -9600 1907 , 15775 11469 -11469 0 -13676 -25145 , 2.2018830902498882e-07 , 27
0.21408535835926928 , 9818 12621 -5765 -12963 -14326 -21584 , 22327 7960 -7960 0 18369 10409 , 21709 -12772 18139 5605 -14679 27739 , 20947 -19429 19429 0 -4693 14736 , 22781 5765 -12621 12963 -15819 -26947 , -17781 -3540 26925 -17216 -17477 9805 , -565 -26925 3540 17216 -17120 -13937 , 16104 -18139 12772 -5605 9600 -1907 , 15775 11469 -11469 0 -13676 -25145 , 2.2018830902498882e-07 , 28
0.21408535835926928 , 9818 12621 -5765 -12963 -14326 -21584 , 22327 7960 -7960 0 18369 10409 , 18139 -16104 -1907 27739 -21709 12772 , 20947 -19429 19429 0 -4693 14736 , 22781 5765 -12621 12963 -15819 -26947 , 26925 565 -13937 9805 17781 3540 , 17120 13937 -565 -9805 17477 17216 , -9600 1907 16104 -27739 14679 -5605 , 15775 11469 -11469 0 -13676 -25145 , 2.2018830902498882e-07 , 29
0.21408535835926928 , 9818 12621 -5765 -12963 -14326 -21584 , 22327 7960 -7960 0 18369 10409 , -5605 14679 -27739 16104 1907 -9600 , 20947 -19429 19429 0 -4693 14736 , 22781 5765 -12621 12963 -15819 -26947 , 17216 17477 -9805 -565 13937 17120 , 17781 9805 -17477 565 26925 -3540 , -21709 27739 -14679 -16104 18139 -12772 , 15775 11469 -11469 0 -13676 -25145 , 2.2018830902498884e-07 , 30
0.21408535835926928 , 9818 12621 -5765 -12963 -14326 -21584 , 22327 7960 -7960 0 18369 10409 , 5605 -14679 27739 -16104 -1907 9600 , 20947 -19429 19429 0 -4693 14736 , 22781 5765 -12621 12963 -15819 -26947 , -17216 -17477 9805 565 -13937 -17120 , -17781 -9805 17477 -565 -26925 3540 , 21709 -27739 14679 16104 -18139 12772 , 15775 11469 -11469 0 -13676 -25145 , 2.2018830902498884e-07 , 31
0.21408535835926928 , 9818 12621 -5765 -12963 -14326 -21584 , 22327 7960 -7960 0 18369 10409 , 1907 -9600 5605 -12772 18139 -16104 , 20947 -19429 19429 0 -4693 14736 , 22781 5765 -12621 12963 -15819 -26947 , 13937 17120 -17216 -3540 26925 565 , 17477 17216 -17120 3540 17781 9805 , 14679 -5605 9600 12772 -21709 27739 , 15775 11469 -11469 0 -13676 -25145 , 2.201883090260825e-07 , 32
0.21408535835926928 , 9818 12621 -5765 -12963 -14326 -21584 , 22327 7960 -7960 0 18369 10409 , -1907 9600 -5605 12772 -18139 16104 , 20947 -19429 19429 0 -4693 14736 , 22781 5765 -12621 12963 -15819 -26947 , -13937 -17120 17216 3540 -26925 -565 , -17477 -17216 17120 -3540 -17781 -9805 , -14679 5605 -9600 -12772 21709 -27739 , 15775 11469 -11469 0 -13676 -25145 , 2.201883090260825e-07 , 33
0.21408535835926928 , 9818 12621 -5765 -12963 -14326 -21584 , 22327 7960 -7960 0 18369 10409 , 16104 1907 -9600 21709 -12772 18139 , 20947 -19429 19429 0 -4693 14736 , 22781 5765 -12621 12963 -15819 -26947 , -565 13937 17120 -17781 -3540 26925 , 17216 -17120 -13937 17781 9805 -17477 , -5605 9600 -1907 -21709 27739 -14679 , 15775 11469 -11469 0 -13676 -25145 , 2.2018830902662936e-07 , 34
0.21408535835926928 , 9818 12621 -5765 -12963 -14326 -21584 , 22327 7960 -7960 0 18369 10409 , -16104 -1907 9600 -21709 12772 -18139 , 20947 -19429 19429 0 -4693 14736 , 22781 5765 -12621 12963 -15819 -26947 , 565 -13937 -17120 17781 3540 -26925 , -17216 17120 13937 -17781 -9805 17477 , 5605 -9600 1907 21709 -27739 14679 , 15775 11469 -11469 0 -13676 -25145 , 2.2018830902662936e-07 , 35
0.32529451410338456 , 18601 12000 -28758 -726 -1613 -35747 , 17122 -6367 6367 0 3920 10287 , -23852 32407 -3115 -21720 7539 4478 , 26152 -5102 5102 0 9756 14858 , 19327 28758 -12000 726 -6989 -13613 , 2794 10154 -27458 14706 10547 -12195 , -11912 27458 -10154 -14706 15263 393 , -2132 3115 -32407 21720 7593 -24868 , 15775 11469 -11469 0 -13676 -25145 , 2.2019652597859735e-07 , 0
0.32529451410338456 , 18601 12000 -28758 -726 -1613 -35747 , 17122 -6367 6367 0 3920 10287 , 23852 -32407 3115 21720 -7539 -4478 , 26152 -5102 5102 0 9756 14858 , 19327 28758 -12000 726 -6989 -13613 , -2794 -10154 27458 -14706 -10547 12195 , 11912 -27458 10154 14706 -15263 -393 , 2132 -3115 32407 -21720 -7593 24868 , 15775 11469 -11469 0 -13676 -25145 , 2.2019652597859735e-07 , 1
0.32529451410338456 , 18601 12000 -28758 -726 -1613 -35747 , 17122 -6367 6367 0 3920 10287 , 7539 4478 23852 -24868 7593 21720 , 26152 -5102 5102 0 9756 14858 , 19327 28758 -12000 726 -6989 -13613 , 10547 -12195 -2794 393 15263 -14706 , 10154 2794 12195 -393 -11912 27458 , 32407 -23852 -4478 24868 -2132 3115 , 15775 11469 -11469 0 -13676 -25145 , 2.2019652598005984e-07 , 2
0.32529451410338456 , 18601 12000 -28758 -726 -1613 -35747 , 17122 -6367 6367 0 3920 10287 , -7539 -4478 -23852 24868 -7593 -21720 , 26152 -5102 5102 0 9756 14858 , 19327 28758 -12000 726 -6989 -13613 , -10547 12195 2794 -393 -15263 14706 , -10154 -2794 -12195 393 11912 -27458 , -32407 23852 4478 -24868 2132 -3115 , 15775 11469 -11469 0 -13676 -25145 , 2.2019652598005984e-07 , 3
0.32529451410338456 , 18601 12000 -28758 -726 -1613 -35747 , 17122 -6367 6367 0 3920 10287 , 2132 -24868 7593 23852 -32407 3115 , 26152 -5102 5102 0 9756 14858 , 19327 28758 -12000 726 -6989 -13613 , 11912 393 15263 -2794 -10154 27458 , 14706 -15263 -393 2794 12195 -10547 , -21720 -7593 24868 -23852 -4478 -7539 , 15775 11469 -11469 0 -13676 -25145 , 2.2019652598152226e-07 , 4
0.32529451410338456 , 18601 12000 -28758 -726 -1613 -35747 , 17122 -6367 6367 0 3920 10287 , -2132 24868 -7593 -23852 32407 -3115 , 26152 -5102 5102 0 9756 14858 , 19327 28758 -12000 726 -6989 -13613 , -11912 -393 -15263 2794 10154 -27458 , -14706 15263 393 -2794 -12195 10547 , 21720 7593 -24868 23852 4478 7539 , 15775 11469 -11469 0 -13676 -25145 , 2.2019652598152226e-07 , 5
0.32529451410338456 , 18601 12000 -28758 -726 -1613 -35747 , 17122 -6367 6367 0 3920 10287 , -7593 -21720 7539 -3115 2132 -24868 , 26152 -5102 5102 0 9756 14858 , 19327 28758 -12000 726 -6989 -13613 , -15263 14706 10547 -27458 11912 393 , 12195 -10547 -14706 27458 -10154 -2794 , -4478 -7539 21720 3115 -32407 23852 , 15775 11469 -11469 0 -13676 -25145 , 2.2019652598152229e-07 , 6
0.32529451410338456 , 18601 12000 -28758 -726 -1613 -35747 , 17122 -6367 6367 0 3920 10287 , 7593 21720 -7539 3115 -2132 24868 , 26152 -5102 5102 0 9756 14858 , 19327 28758 -12000 726 -6989 -13613 , 15263 -14706 -10547 27458 -11912 -393 , -12195 10547 14706 -27458 10154 2794 , 4478 7539 -21720 -3115 32407 -23852 , 15775 11469 -11469 0 -13676 -25145 , 2.2019652598152229e-07 , 7
0.32529451410338456 , 18601 12000 -28758 -726 -1613 -35747 , 26152 -5102 5102 0 9756 14858 , -10154 -2794 -12195 393 11912 -27458 , 17122 -6367 6367 0 3920 10287 , 19327 28758 -12000 726 -6989 -13613 , -32407 23852 4478 -24868 2132 -3115 , -7539 -4478 -23852 24868 -7593 -21720 , -10547 12195 2794 -393 -15263 14706 , 15775 11469 -11469 0 -13676 -25145 , 2.2019652598152229e-07 , 8
0.32529451410338456 , 18601 12000 -28758 -726 -1613 -35747 , 26152 -5102 5102 0 9756 14858 , -2794 -12195 10547 11912 -27458 10154 , 17122 -6367 6367 0 3920 10287 , 19327 28758 -12000 726 -6989 -13613 , 23852 4478 7539 2132 -3115 32407 , 21720 -7539 -4478 -2132 24868 -7593 , -14706 -10547 12195 -11912 -393 -15263 , 15775 11469 -11469 0 -13676 -25145 , 2.2019652598152229e-07 , 9
0.32529451410338456 , 18601 12000 -28758 -726 -1613 -35747 , 26152 -5102 5102 0 9756 14858 , 2794 12195 -10547 -11912 27458 -10154 , 17122 -6367 6367 0 3920 10287 , 19327 28758 -12000 726 -6989 -13613 , -23852 -4478 -7539 -2132 3115 -32407 , -21720 7539 4478 2132 -24868 7593 , 14706 10547 -12195 11912 393 15263 , 15775 11469 -11469 0 -13676 -25145 , 2.2019652598152229e-07 , 10
0.32529451410338456 , 18601 12000 -28758 -726 -1613 -35747 , 26152 -5102 5102 0 9756 14858 , 10154 2794 12195 -393 -11912 27458 , 17122 -6367 6367 0 3920 10287 , 19327 28758 -12000 726 -6989 -13613 , 32407 -23852 -4478 24868 -2132 3115 , 7539 4478 23852 -24868 7593 21720 , 10547 -12195 -2794 393 15263 -14706 , 15775 11469 -11469 0 -13676 -25145 , 2.2019652598152229e-07 , 11
0.32529451410338456 , 18601 12000 -28758 -726 -1613 -35747 , 17122 -6367 6367 0 3920 10287 , -21720 7539 4478 2132 -24868 7593 , 26152 -5102 5102 0 9756 14858 , 19327 28758 -12000 726 -6989 -13613 , 14706 10547 -12195 11912 393 15263 , 2794 12195 -10547 -11912 27458 -10154 , -23852 -4478 -7539 -2132 3115 -32407 , 15775 11469 -11469 0 -13676 -25145 , 2.2019652598298475e-07 , 12
0.32529451410338456 , 18601 12000 -28758 -726 -1613 -35747 , 17122 -6367 6367 0 3920 10287 , -24868 7593 21720 -32407 3115 -2132 , 26152 -5102 5102 0 9756 14858 , 19327 28758 -12000 726 -6989 -13613 , 393 15263 -14706 -10154 27458 -11912 , 10547 14706 -15263 10154 2794 12195 , 7539 -21720 -7593 32407 -23852 -4478 , 15775 11469 -11469 0 -13676 -25145 , 2.2019652598298475e-07 , 13
0.32529451410338456 , 18601 12000 -28758 -726 -1613 -35747 , 17122 -6367 6367 0 3920 10287 , -32407 3115 -2132 -7539 -4478 -23852 , 26152 -5102 5102 0 9756 14858 , 19327 28758 -12000 726 -6989 -13613 , -10154 27458 -11912 -10547 12195 2794 , 393 11912 -27458 10547 14706 -15263 , -24868 2132 -3115 7539 -21720 -7593 , 15775 11469 -11469 0 -13676 -25145 , 2.2019652598298475e-07 , 14
0.32529451410338456 , 18601 12000 -28758 -726 -1613 -35747 , 17122 -6367 6367 0 3920 10287 , 32407 -3115 2132 7539 4478 23852 , 26152 -5102 5102 0 9756 14858 , 19327 28758 -12000 726 -6989 -13613 , 10154 -27458 11912 10547 -12195 -2794 , -393 -11912 27458 -10547 -14706 15263 , 24868 -2132 3115 -7539 21720 7593 , 15775 11469 -11469 0 -13676 -25145 , 2.2019652598298475e-07 , 15
0.32529451410338456 , 18601 12000 -28758 -726 -1613 -35747 , 17122 -6367 6367 0 3920 10287 , 24868 -7593 -21720 32407 -3115 2132 , 26152 -5102 5102 0 9756 14858 , 19327 28758 -12000 726 -6989 -13613 , -393 -15263 14706 10154 -27458 11912 , -10547 -14706 15263 -10154 -2794 -12195 , -7539 21720 7593 -32407 23852 4478 , 15775 11469 -11469 0 -13676 -25145 , 2.2019652598298475e-07 , 16
0.32529451410338456 , 18601 12000 -28758 -726 -1613 -35747 , 17122 -6367 6367 0 3920 10287 , 21720 -7539 -4478 -2132 24868 -7593 , 26152 -5102 5102 0 9756 14858 , 19327 28758 -12000 726 -6989 -13613 , -14706 -10547 12195 -11912 -393 -15263 , -2794 -12195 10547 11912 -27458 10154 , 23852 4478 7539 2132 -3115 32407 , 15775 11469 -11469 0 -13676 -25145 , 2.2019652598298475e-07 , 17
0.32529451410338456 , 18601 12000 -28758 -726 -1613 -35747 , 17122 -6367 6367 0 3920 10287 , 4478 23852 -32407 7593 21720 -7539 , 26152 -5102 5102 0 9756 14858 , 19327 28758 -12000 726 -6989 -13613 , -12195 -2794 -10154 15263 -14706 -10547 , -27458 10154 2794 -15263 -393 -11912 , -3115 32407 -23852 -7593 24868 -2132 , 15775 11469 -11469 0 -13676 -25145 , 2.20196525983716e-07 , 18
0.32529451410338456 , 18601 12000 -28758 -726 -1613 -35747 , 17122 -6367 6367 0 3920 10287 , -4478 -23852 32407 -7593 -21720 7539 , 26152 -5102 5102 0 9756 14858 , 19327 28758 -12000 726 -6989 -13613 , 12195 2794 10154 -15263 14706 10547 , 27458 -10154 -2794 15263 393 11912 , 3115 -32407 23852 7593 -24868 2132 , 15775 11469 -11469 0 -13676 -25145 , 2.20196525983716e-07 , 19
0.32529451410338456 , 18601 12000 -28758 -726 -1613 -35747 , 26152 -5102 5102 0 9756 14858 , -11912 27458 -10154 -14706 15263 393 , 17122 -6367 6367 0 3920 10287 , 19327 28758 -12000 726 -6989 -13613 , -2132 3115 -32407 21720 7593 -24868 , -23852 32407 -3115 -21720 7539 4478 , 2794 10154 -27458 14706 10547 -12195 , 15775 11469 -11469 0 -13676 -25145 , 2.2019652598371603e-07 , 20
0.32529451410338456 , 18601 12000 -28758 -726 -1613 -35747 , 26152 -5102 5102 0 9756 14858 , 11912 -27458 10154 14706 -15263 -393 , 17122 -6367 6367 0 3920 10287 , 19327 28758 -12000 726 -6989 -13613 , 2132 -3115 32407 -21720 -7593 24868 , 23852 -32407 3115 21720 -7539 -4478 , -2794 -10154 27458 -14706 -10547 12195 , 15775 11469 -11469 0 -13676 -25145 , 2.2019652598371603e-07 , 21
0.32529451410338456 , 18601 12000 -28758 -726 -1613 -35747 , 17122 -6367 6367 0 3920 10287 , -3115 2132 -24868 4478 23852 -32407 , 26152 -5102 5102 0 9756 14858 , 19327 28758 -12000 726 -6989 -13613 , -27458 11912 393 -12195 -2794 -10154 , -15263 -393 -11912 12195 -10547 -14706 , -7593 24868 -2132 -4478 -7539 21720 , 15775 11469 -11469 0 -13676 -25145 , 2.2019652598444723e-07 , 22
0.32529451410338456 , 18601 12000 -28758 -726 -1613 -35747 , 17122 -6367 6367 0 3920 10287 , 3115 -2132 24868 -4478 -23852 32407 , 26152 -5102 5102 0 9756 14858 , 19327 28758 -12000 726 -6989 -13613 , 27458 -11912 -393 12195 2794 10154 , 15263 393 11912 -12195 10547 14706 , 7593 -24868 2132 4478 7539 -21720 , 15775 11469 -11469 0 -13676 -25145 , 2.2019652598444723e-07 , 23
0.32529451410338456 , 18601 12000 -28758 -726 -1613 -35747 , 26152 -5102 5102 0 9756 14858 , -10547 -14706 15263 -10154 -2794 -12195 , 17122 -6367 6367 0 3920 10287 , 19327 28758 -12000 726 -6989 -13613 , -7539 21720 7593 -32407 23852 4478 , 24868 -7593 -21720 32407 -3115 2132 , -393 -15263 14706 10154 -27458 11912 , 15775 11469 -11469 0 -13676 -25145 , 2.2019652598444723e-07 , 24
0.32529451410338456 , 18601 12000 -28758 -726 -1613 -35747 , 26152 -5102 5102 0 9756 14858 , -27458 10154 2794 -15263 -393 -11912 , 17122 -6367 6367 0 3920 10287 , 19327 28758 -12000 726 -6989 -13613 , -3115 32407 -23852 -7593 24868 -2132 , 4478 23852 -32407 7593 21720 -7539 , -12195 -2794 -10154 15263 -14706 -10547 , 15775 11469 -11469 0 -13676 -25145 , 2.2019652598444723e-07 , 25
0.32529451410338456 , 18601 12000 -28758 -726 -1613 -35747 , 26152 -5102 5102 0 9756 14858 , 27458 -10154 -2794 15263 393 11912 , 17122 -6367 6367 0 3920 10287 , 19327 28758 -12000 726 -6989 -13613 , 3115 -32407 23852 7593 -24868 2132 , -4478 -23852 32407 -7593 -21720 7539 , 12195 2794 10154 -15263 14706 10547 , 15775 11469 -11469 0 -13676 -25145 , 2.2019652598444723e-07 , 26
0.32529451410338456 , 18601 12000 -28758 -726 -1613 -35747 , 26152 -5102 5102 0 9756 14858 , 10547 14706 -15263 10154 2794 12195 , 17122 -6367 6367 0 3920 10287 , 19327 28758 -12000 726 -6989 -13613 , 7539 -21720 -7593 32407 -23852 -4478 , -24868 7593 21720 -32407 3115 -2132 , 393 15263 -14706 -10154 27458 -11912 , 15775 11469 -11469 0 -13676 -25145 , 2.2019652598444723e-07 , 27
0.32529451410338456 , 18601 12000 -28758 -726 -1613 -35747 , 26152 -5102 5102 0 9756 14858 , -14706 15263 393 -2794 -12195 10547 , 17122 -6367 6367 0 3920 10287 , 19327 28758 -12000 726 -6989 -13613 , 21720 7593 -24868 23852 4478 7539 , -2132 24868 -7593 -23852 32407 -3115 , -11912 -393 -15263 2794 10154 -27458 , 15775 11469 -11469 0 -13676 -25145 , 2.2019652598444725e-07 , 28
0.32529451410338456 , 18601 12000 -28758 -726 -1613 -35747 , 26152 -5102 5102 0 9756 14858 , 12195 -10547 -14706 27458 -10154 -2794 , 17122 -6367 6367 0 3920 10287 , 19327 28758 -12000 726 -6989 -13613 , -4478 -7539 21720 3115 -32407 23852 , -7593 -21720 7539 -3115 2132 -24868 , -15263 14706 10547 -27458 11912 393 , 15775 11469 -11469 0 -13676 -25145 , 2.2019652598444725e-07 , 29
0.32529451410338456 , 18601 12000 -28758 -726 -1613 -35747 , 26152 -5102 5102 0 9756 14858 , -12195 10547 14706 -27458 10154 2794 , 17122 -6367 6367 0 3920 10287 , 19327 28758 -12000 726 -6989 -13613 , 4478 7539 -21720 -3115 32407 -23852 , 7593 21720 -7539 3115 -2132 24868 , 15263 -14706 -10547 27458 -11912 -393 , 15775 11469 -11469 0 -13676 -25145 , 2.2019652598444725e-07 , 30
0.32529451410338456 , 18601 12000 -28758 -726 -1613 -35747 , 26152 -5102 5102 0 9756 14858 , 14706 -15263 -393 2794 12195 -10547 , 17122 -6367 6367 0 3920 10287 , 19327 28758 -12000 726 -6989 -13613 , -21720 -7593 24868 -23852 -4478 -7539 , 2132 -24868 7593 23852 -32407 3115 , 11912 393 15263 -2794 -10154 27458 , 15775 11469 -11469 0 -13676 -25145 , 2.2019652598444725e-07 , 31
0.32529451410338456 , 18601 12000 -28758 -726 -1613 -35747 , 26152 -5102 5102 0 9756 14858 , 393 11912 -27458 10547 14706 -15263 , 17122 -6367 6367 0 3920 10287 , 19327 28758 -12000 726 -6989 -13613 , -24868 2132 -3115 7539 -21720 -7593 , -32407 3115 -2132 -7539 -4478 -23852 , -10154 27458 -11912 -10547 12195 2794 , 15775 11469 -11469 0 -13676 -25145 , 2.2019652598517848e-07 , 32
0.32529451410338456 , 18601 12000 -28758 -726 -1613 -35747 , 26152 -5102 5102 0 9756 14858 , -393 -11912 27458 -10547 -14706 15263 , 17122 -6367 6367 0 3920 10287 , 19327 28758 -12000 726 -6989 -13613 , 24868 -2132 3115 -7539 21720 7593 , 32407 -3115 2132 7539 4478 23852 , 10154 -27458 11912 10547 -12195 -2794 , 15775 11469 -11469 0 -13676 -25145 , 2.2019652598517848e-07 , 33
0.32529451410338456 , 18601 12000 -28758 -726 -1613 -35747 , 26152 -5102 5102 0 9756 14858 , -15263 -393 -11912 12195 -10547 -14706 , 17122 -6367 6367 0 3920 10287 , 19327 28758 -12000 726 -6989 -13613 , -7593 24868 -2132 -4478 -7539 21720 , -3115 2132 -24868 4478 23852 -32407 , -27458 11912 393 -12195 -2794 -10154 , 15775 11469 -11469 0 -13676 -25145 , 2.2019652598517851e-07 , 34
0.32529451410338456 , 18601 12000 -28758 -726 -1613 -35747 , 26152 -5102 5102 0 9756 14858 , 15263 393 11912 -12195 10547 14706 , 17122 -6367 6367 0 3920 10287 , 19327 28758 -12000 726 -6989 -13613 , 7593 -24868 2132 4478 7539 -21720 , 3115 -2132 24868 -4478 -23852 32407 , 27458 -11912 -393 12195 2794 10154 , 15775 11469 -11469 0 -13676 -25145 , 2.2019652598517851e-07 , 35
0.43543949834860696 , 17635 16703 -22951 -12782 1677 -28089 , 23881 -4433 4433 0 9093 13526 , 20688 -24926 -519 25007 -13343 1637 , 19393 -7036 7036 0 4583 11619 , 30417 22951 -16703 12782 -5138 -15026 , 5491 125 27779 -20610 -2995 25040 , 26101 -27779 -125 20610 -2739 -3120 , -4319 519 24926 -25007 2156 11583 , 15775 11469 -11469 0 -13676 -25145 , 2.2018850639963054e-07 , 0
0.43543949834860696 , 17635 16703 -22951 -12782 1677 -28089 , 23881 -4433 4433 0 9093 13526 , -20688 24926 519 -25007 13343 -1637 , 19393 -7036 7036 0 4583 11619 , 30417 22951 -16703 12782 -5138 -15026 , -5491 -125 -27779 20610 2995 -25040 , -26101 27779 125 -20610 2739 3120 , 4319 -519 -24926 25007 -2156 -11583 , 15775 11469 -11469 0 -13676 -25145 , 2.2018850639963054e-07 , 1
0.43543949834860696 , 17635 16703 -22951 -12782 1677 -28089 , 23881 -4433 4433 0 9093 13526 , -13343 1637 -20688 11583 2156 -25007 , 19393 -7036 7036 0 4583 11619 , 30417 22951 -16703 12782 -5138 -15026 , -2995 25040 -5491 -3120 -2739 20610 , 125 5491 -25040 3120 26101 -27779 , -24926 20688 -1637 -11583 -4319 519 , 15775 11469 -11469 0 -13676 -25145 , 2.2018850639992345e-07 , 2
0.43543949834860696 , 17635 16703 -22951 -12782 1677 -28089 , 23881 -4433 4433 0 9093 13526 , 13343 -1637 20688 -11583 -2156 25007 , 19393 -7036 7036 0 4583 11619 , 30417 22951 -16703 12782 -5138 -15026 , 2995 -25040 5491 3120 2739 -20610 , -125 -5491 25040 -3120 -26101 27779 , 24926 -20688 1637 11583 4319 -519 , 15775 11469 -11469 0 -13676 -25145 , 2.2018850639992345e-07 , 3
0.43543949834860696 , 17635 16703 -22951 -12782 1677 -28089 , 19393 -7036 7036 0 4583 11619 , -2739 -3120 -26101 25040 -2995 -20610 , 23881 -4433 4433 0 9093 13526 , 30417 22951 -16703 12782 -5138 -15026 , 2156 11583 4319 1637 -13343 25007 , 519 -4319 -11583 -1637 20688 -24926 , -27779 26101 3120 -25040 5491 125 , 15775 11469 -11469 0 -13676 -25145 , 2.2018850639992348e-07 , 4
0.43543949834860696 , 17635 16703 -22951 -12782 1677 -28089 , 19393 -7036 7036 0 4583 11619 , -26101 27779 125 -20610 2739 3120 , 23881 -4433 4433 0 9093 13526 , 30417 22951 -16703 12782 -5138 -15026 , 4319 -519 -24926 25007 -2156 -11583 , -20688 24926 519 -25007 13343 -1637 , -5491 -125 -27779 20610 2995 -25040 , 15775 11469 -11469 0 -13676 -25145 , 2.2018850639992348e-07 , 5
0.43543949834860696 , 17635 16703 -22951 -12782 1677 -28089 , 19393 -7036 7036 0 4583 11619 , -20610 2739 3120 5491 -25040 2995 , 23881 -4433 4433 0 9093 13526 , 30417 22951 -16703 12782 -5138 -15026 , 25007 -2156 -11583 20688 -1637 13343 , 4319 11583 2156 -20688 24926 519 , -26101 -3120 -2739 -5491 -125 -27779 , 15775 11469 -11469 0 -13676 -25145 , 2.2018850639992348e-07 , 6
0.43543949834860696 , 17635 16703 -22951 -12782 1677 -28089 , 19393 -7036 7036 0 4583 11619 , -2995 -20610 2739 125 5491 -25040 , 23881 -4433 4433 0 9093 13526 , 30417 22951 -16703 12782 -5138 -15026 , -13343 25007 -2156 -24926 20688 -1637 , 11583 2156 -25007 24926 519 -4319 , -3120 -2739 20610 -125 -27779 26101 , 15775 11469 -11469 0 -13676 -25145 , 2.2018850639992348e-07 , 7
0.43543949834860696 , 17635 16703 -22951 -12782 1677 -28089 , 19393 -7036 7036 0 4583 11619 , 2995 20610 -2739 -125 -5491 25040 , 23881 -4433 4433 0 9093 13526 , 30417 22951 -16703 12782 -5138 -15026 , 13343 -25007 2156 24926 -20688 1637 , -11583 -2156 25007 -24926 -519 4319 , 3120 2739 -20610 125 27779 -26101 , 15775 11469 -11469 0 -13676 -25145 , 2.2018850639992348e-07 , 8
0.43543949834860696 , 17635 16703 -22951 -12782 1677 -28089 , 19393 -7036 7036 0 4583 11619 , 20610 -2739 -3120 -5491 25040 -2995 , 23881 -4433 4433 0 9093 13526 , 30417 22951 -16703 12782 -5138 -15026 , -25007 2156 11583 -20688 1637 -13343 , -4319 -11583 -2156 20688 -24926 -519 , 26101 3120 2739 5491 125 27779 , 15775 11469 -11469 0 -13676 -25145 , 2.2018850639992348e-07 , 9
0.43543949834860696 , 17635 16703 -22951 -12782 1677 -28089 , 19393 -7036 7036 0 4583 11619 , 26101 -27779 -125 20610 -2739 -3120 , 23881 -4433 4433 0 9093 13526 , 30417 22951 -16703 12782 -5138 -15026 , -4319 519 24926 -25007 2156 11583 , 20688 -24926 -519 25007 -13343 1637 , 5491 125 27779 -20610 -2995 25040 , 15775 11469 -11469 0 -13676 -25145 , 2.2018850639992348e-07 , 10
0.43543949834860696 , 17635 16703 -22951 -12782 1677 -28089 , 19393 -7036 7036 0 4583 11619 , 2739 3120 26101 -25040 2995 20610 , 23881 -4433 4433 0 9093 13526 , 30417 22951 -16703 12782 -5138 -15026 , -2156 -11583 -4319 -1637 13343 -25007 , -519 4319 11583 1637 -20688 24926 , 27779 -26101 -3120 25040 -5491 -125 , 15775 11469 -11469 0 -13676 -25145 , 2.2018850639992348e-07 , 11
0.43543949834860696 , 17635 16703 -22951 -12782 1677 -28089 , 23881 -4433 4433 0 9093 13526 , -11583 -2156 25007 -24926 -519 4319 , 19393 -7036 7036 0 4583 11619 , 30417 22951 -16703 12782 -5138 -15026 , 3120 2739 -20610 125 27779 -26101 , 2995 20610 -2739 -125 -5491 25040 , 13343 -25007 2156 24926 -20688 1637 , 15775 11469 -11469 0 -13676 -25145 , 2.2018850640050936e-07 , 12
0.43543949834860696 , 17635 16703 -22951 -12782 1677 -28089 , 23881 -4433 4433 0 9093 13526 , 11583 2156 -25007 24926 519 -4319 , 19393 -7036 7036 0 4583 11619 , 30417 22951 -16703 12782 -5138 -15026 , -3120 -2739 20610 -125 -27779 26101 , -2995 -20610 2739 125 5491 -25040 , -13343 25007 -2156 -24926 20688 -1637 , 15775 11469 -11469 0 -13676 -25145 , 2.2018850640050936e-07 , 13
0.43543949834860696 , 17635 16703 -22951 -12782 1677 -28089 , 19393 -7036 7036 0 4583 11619 , -27779 -125 -5491 -2739 -3120 -26101 , 23881 -4433 4433 0 9093 13526 , 30417 22951 -16703 12782 -5138 -15026 , 519 24926 -20688 2156 11583 4319 , -1637 20688 -24926 -2156 25007 -13343 , -25040 5491 125 2739 -20610 -2995 , 15775 11469 -11469 0 -13676 -25145 , 2.2018850640050936e-07 , 14
0.43543949834860696 , 17635 16703 -22951 -12782 1677 -28089 , 19393 -7036 7036 0 4583 11619 , 27779 125 5491 2739 3120 26101 , 23881 -4433 4433 0 9093 13526 , 30417 22951 -16703 12782 -5138 -15026 , -519 -24926 20688 -2156 -11583 -4319 , 1637 -20688 24926 2156 -25007 13343 , 25040 -5491 -125 -2739 20610 2995 , 15775 11469 -11469 0 -13676 -25145 , 2.2018850640050936e-07 , 15
0.43543949834860696 , 17635 16703 -22951 -12782 1677 -28089 , 23881 -4433 4433 0 9093 13526 , -519 4319 11583 1637 -20688 24926 , 19393 -7036 7036 0 4583 11619 , 30417 22951 -16703 12782 -5138 -15026 , 27779 -26101 -3120 25040 -5491 -125 , 2739 3120 26101 -25040 2995 20610 , -2156 -11583 -4319 -1637 13343 -25007 , 15775 11469 -11469 0 -13676 -25145 , 2.2018850640109522e-07 , 16
0.43543949834860696 , 17635 16703 -22951 -12782 1677 -28089 , 23881 -4433 4433 0 9093 13526 , -1637 20688 -24926 -2156 25007 -13343 , 19393 -7036 7036 0 4583 11619 , 30417 22951 -16703 12782 -5138 -15026 , -25040 5491 125 2739 -20610 -2995 , -27779 -125 -5491 -2739 -3120 -26101 , 519 24926 -20688 2156 11583 4319 , 15775 11469 -11469 0 -13676 -25145 , 2.2018850640109522e-07 , 17
0.43543949834860696 , 17635 16703 -22951 -12782 1677 -28089 , 23881 -4433 4433 0 9093 13526 , -25007 13343 -1637 -4319 -11583 -2156 , 19393 -7036 7036 0 4583 11619 , 30417 22951 -16703 12782 -5138 -15026 , 20610 2995 -25040 26101 3120 2739 , -5491 25040 -2995 -26101 27779 125 , -20688 1637 -13343 4319 -519 -24926 , 15775 11469 -11469 0 -13676 -25145 , 2.2018850640109522e-07 , 18
0.43543949834860696 , 17635 16703 -22951 -12782 1677 -28089 , 23881 -4433 4433 0 9093 13526 , 25007 -13343 1637 4319 11583 2156 , 19393 -7036 7036 0 4583 11619 , 30417 22951 -16703 12782 -5138 -15026 , -20610 -2995 25040 -26101 -3120 -2739 , 5491 -25040 2995 26101 -27779 -125 , 20688 -1637 13343 -4319 519 24926 , 15775 11469 -11469 0 -13676 -25145 , 2.2018850640109522e-07 , 19
0.43543949834860696 , 17635 16703 -22951 -12782 1677 -28089 , 23881 -4433 4433 0 9093 13526 , 1637 -20688 24926 2156 -25007 13343 , 19393 -7036 7036 0 4583 11619 , 30417 22951 -16703 12782 -5138 -15026 , 25040 -5491 -125 -2739 20610 2995 , 27779 125 5491 2739 3120 26101 , -519 -24926 20688 -2156 -11583 -4319 , 15775 11469 -11469 0 -13676 -25145 , 2.2018850640109522e-07 , 20
0.43543949834860696 , 17635 16703 -22951 -12782 1677 -28089 , 23881 -4433 4433 0 9093 13526 , 519 -4319 -11583 -1637 20688 -24926 , 19393 -7036 7036 0 4583 11619 , 30417 22951 -16703 12782 -5138 -15026 , -27779 26101 3120 -25040 5491 125 , -2739 -3120 -26101 25040 -2995 -20610 , 2156 11583 4319 1637 -13343 25007 , 15775 11469 -11469 0 -13676 -25145 , 2.2018850640109522e-07 , 21
0.43543949834860696 , 17635 16703 -22951 -12782 1677 -28089 , 19393 -7036 7036 0 4583 11619 , -125 -5491 25040 -3120 -26101 27779 , 23881 -4433 4433 0 9093 13526 , 30417 22951 -16703 12782 -5138 -15026 , 24926 -20688 1637 11583 4319 -519 , 13343 -1637 20688 -11583 -2156 25007 , 2995 -25040 5491 3120 2739 -20610 , 15775 11469 -11469 0 -13676 -25145 , 2.2018850640109522e-07 , 22
0.43543949834860696 , 17635 16703 -22951 -12782 1677 -28089 , 19393 -7036 7036 0 4583 11619 , 125 5491 -25040 3120 26101 -27779 , 23881 -4433 4433 0 9093 13526 , 30417 22951 -16703 12782 -5138 -15026 , -24926 20688 -1637 -11583 -4319 519 , -13343 1637 -20688 11583 2156 -25007 , -2995 25040 -5491 -3120 -2739 20610 , 15775 11469 -11469 0 -13676 -25145 , 2.2018850640109522e-07 , 23
0.43543949834860696 , 17635 16703 -22951 -12782 1677 -28089 , 23881 -4433 4433 0 9093 13526 , -4319 -11583 -2156 20688 -24926 -519 , 19393 -7036 7036 0 4583 11619 , 30417 22951 -16703 12782 -5138 -15026 , 26101 3120 2739 5491 125 27779 , 20610 -2739 -3120 -5491 25040 -2995 , -25007 2156 11583 -20688 1637 -13343 , 15775 11469 -11469 0 -13676 -25145 , 2.2018850640138813e-07 , 24
0.43543949834860696 , 17635 16703 -22951 -12782 1677 -28089 , 23881 -4433 4433 0 9093 13526 , 4319 11583 2156 -20688 24926 519 , 19393 -7036 7036 0 4583 11619 , 30417 22951 -16703 12782 -5138 -15026 , -26101 -3120 -2739 -5491 -125 -27779 , -20610 2739 3120 5491 -25040 2995 , 25007 -2156 -11583 20688 -1637 13343 , 15775 11469 -11469 0 -13676 -25145 , 2.2018850640138813e-07 , 25
0.43543949834860696 , 17635 16703 -22951 -12782 1677 -28089 , 23881 -4433 4433 0 9093 13526 , -2156 25007 -13343 -519 4319 11583 , 19393 -7036 7036 0 4583 11619 , 30417 22951 -16703 12782 -5138 -15026 , 2739 -20610 -2995 27779 -26101 -3120 , -25040 2995 20610 -27779 -125 -5491 , -1637 13343 -25007 519 24926 -20688 , 15775 11469 -11469 0 -13676 -25145 , 2.2018850640138816e-07 , 26
0.43543949834860696 , 17635 16703 -22951 -12782 1677 -28089 , 23881 -4433 4433 0 9093 13526 , 2156 -25007 13343 519 -4319 -11583 , 19393 -7036 7036 0 4583 11619 , 30417 22951 -16703 12782 -5138 -15026 , -2739 20610 2995 -27779 26101 3120 , 25040 -2995 -20610 27779 125 5491 , 1637 -13343 25007 -519 -24926 20688 , 15775 11469 -11469 0 -13676 -25145 , 2.2018850640138816e-07 , 27
0.43543949834860696 , 17635 16703 -22951 -12782 1677 -28089 , 19393 -7036 7036 0 4583 11619 , -3120 -26101 27779 -2995 -20610 2739 , 23881 -4433 4433 0 9093 13526 , 30417 22951 -16703 12782 -5138 -15026 , 11583 4319 -519 -13343 25007 -2156 , 24926 519 -4319 13343 -1637 20688 , -125 -27779 26101 2995 -25040 5491 , 15775 11469 -11469 0 -13676 -25145 , 2.2018850640138816e-07 , 28
0.43543949834860696 , 17635 16703 -22951 -12782 1677 -28089 , 19393 -7036 7036 0 4583 11619 , 3120 26101 -27779 2995 20610 -2739 , 23881 -4433 4433 0 9093 13526 , 30417 22951 -16703 12782 -5138 -15026 , -11583 -4319 519 13343 -25007 2156 , -24926 -519 4319 -13343 1637 -20688 , 125 27779 -26101 -2995 25040 -5491 , 15775 11469 -11469 0 -13676 -25145 , 2.2018850640138816e-07 , 29
0.43543949834860696 , 17635 16703 -22951 -12782 1677 -28089 , 19393 -7036 7036 0 4583 11619 , -5491 25040 -2995 -26101 27779 125 , 23881 -4433 4433 0 9093 13526 , 30417 22951 -16703 12782 -5138 -15026 , -20688 1637 -13343 4319 -519 -24926 , -25007 13343 -1637 -4319 -11583 -2156 , 20610 2995 -25040 26101 3120 2739 , 15775 11469 -11469 0 -13676 -25145 , 2.2018850640168107e-07 , 30
0.43543949834860696 , 17635 16703 -22951 -12782 1677 -28089 , 19393 -7036 7036 0 4583 11619 , 25040 -2995 -20610 27779 125 5491 , 23881 -4433 4433 0 9093 13526 , 30417 22951 -16703 12782 -5138 -15026 , 1637 -13343 25007 -519 -24926 20688 , 2156 -25007 13343 519 -4319 -11583 , -2739 20610 2995 -27779 26101 3120 , 15775 11469 -11469 0 -13676 -25145 , 2.2018850640168107e-07 , 31
0.43543949834860696 , 17635 16703 -22951 -12782 1677 -28089 , 19393 -7036 7036 0 4583 11619 , -25040 2995 20610 -27779 -125 -5491 , 23881 -4433 4433 0 9093 13526 , 30417 22951 -16703 12782 -5138 -15026 , -1637 13343 -25007 519 24926 -20688 , -2156 25007 -13343 -519 4319 11583 , 2739 -20610 -2995 27779 -26101 -3120 , 15775 11469 -11469 0 -13676 -25145 , 2.2018850640168107e-07 , 32
0.43543949834860696 , 17635 16703 -22951 -12782 1677 -28089 , 19393 -7036 7036 0 4583 11619 , 5491 -25040 2995 26101 -27779 -125 , 23881 -4433 4433 0 9093 13526 , 30417 22951 -16703 12782 -5138 -15026 , 20688 -1637 13343 -4319 519 24926 , 25007 -13343 1637 4319 11583 2156 , -20610 -2995 25040 -26101 -3120 -2739 , 15775 11469 -11469 0 -13676 -25145 , 2.2018850640168107e-07 , 33
0.43543949834860696 , 17635 16703 -22951 -12782 1677 -28089 , 23881 -4433 4433 0 9093 13526 , -24926 -519 4319 -13343 1637 -20688 , 19393 -7036 7036 0 4583 11619 , 30417 22951 -16703 12782 -5138 -15026 , 125 27779 -26101 -2995 25040 -5491 , 3120 26101 -27779 2995 20610 -2739 , -11583 -4319 519 13343 -25007 2156 , 15775 11469 -11469 0 -13676 -25145 , 2.2018850640197401e-07 , 34
0.43543949834860696 , 17635 16703 -22951 -12782 1677 -28089 , 23881 -4433 4433 0 9093 13526 , 24926 519 -4319 13343 -1637 20688 , 19393 -7036 7036 0 4583 11619 , 30417 22951 -16703 12782 -5138 -15026 , -125 -27779 26101 2995 -25040 5491 , -3120 -26101 27779 -2995 -20610 2739 , 11583 4319 -519 -13343 25007 -2156 , 15775 11469 -11469 0 -13676 -25145 , 2.2018850640197401e-07 , 35
0.5425861855613152 , 34308 -1889 -13807 269 -15953 -12312 , 24496 -503 503 0 12624 13127 , 3892 -25353 21023 -1598 -10315 -1476 , 18778 -10966 10966 0 1052 12018 , 34039 13807 1889 -269 1495 -14064 , 7019 25481 -13998 827 7769 17446 , 6192 13998 -25481 -827 31444 -17712 , 5490 -21023 25353 1598 -22499 15038 , 15775 11469 -11469 0 -13676 -25145 , 2.2018697399442228e-07 , 0
0.5425861855613152 , 34308 -1889 -13807 269 -15953 -12312 , 24496 -503 503 0 12624 13127 , -3892 25353 -21023 1598 10315 1476 , 18778 -10966 10966 0 1052 12018 , 34039 13807 1889 -269 1495 -14064 , -7019 -25481 13998 -827 -7769 -17446 , -6192 -13998 25481 827 -31444 17712 , -5490 21023 -25353 -1598 22499 -15038 , 15775 11469 -11469 0 -13676 -25145 , 2.2018697399442228e-07 , 1
0.5425861855613152 , 34308 -1889 -13807 269 -15953 -12312 , 18778 -10966 10966 0 1052 12018 , -827 31444 -17712 -7019 17446 7769 , 24496 -503 503 0 12624 13127 , 34039 13807 1889 -269 1495 -14064 , 1598 -22499 15038 -3892 -1476 -10315 , 5490 -15038 22499 3892 -25353 21023 , 6192 17712 -31444 7019 25481 -13998 , 15775 11469 -11469 0 -13676 -25145 , 2.2018697399443285e-07 , 2
0.5425861855613152 , 34308 -1889 -13807 269 -15953 -12312 , 18778 -10966 10966 0 1052 12018 , 7769 827 -31444 25481 7019 -17446 , 24496 -503 503 0 12624 13127 , 34039 13807 1889 -269 1495 -14064 , -10315 -1598 22499 -25353 3892 1476 , 15038 -22499 1598 25353 -21023 5490 , -17712 31444 -827 -25481 13998 6192 , 15775 11469 -11469 0 -13676 -25145 , 2.2018697399443285e-07 , 3
0.5425861855613152 , 34308 -1889 -13807 269 -15953 -12312 , 18778 -10966 10966 0 1052 12018 , -7769 -827 31444 -25481 -7019 17446 , 24496 -503 503 0 12624 13127 , 34039 13807 1889 -269 1495 -14064 , 10315 1598 -22499 25353 -3892 -1476 , -15038 22499 -1598 -25353 21023 -5490 , 17712 -31444 827 25481 -13998 -6192 , 15775 11469 -11469 0 -13676 -25145 , 2.2018697399443285e-07 , 4
0.5425861855613152 , 34308 -1889 -13807 269 -15953 -12312 , 18778 -10966 10966 0 1052 12018 , 827 -31444 17712 7019 -17446 -7769 , 24496 -503 503 0 12624 13127 , 34039 13807 1889 -269 1495 -14064 , -1598 22499 -15038 3892 1476 10315 , -5490 15038 -22499 -3892 25353 -21023 , -6192 -17712 31444 -7019 -25481 13998 , 15775 11469 -11469 0 -13676 -25145 , 2.2018697399443285e-07 , 5
0.5425861855613152 , 34308 -1889 -13807 269 -15953 -12312 , 24496 -503 503 0 12624 13127 , -25353 21023 -5490 -10315 -1476 -3892 , 18778 -10966 10966 0 1052 12018 , 34039 13807 1889 -269 1495 -14064 , 25481 -13998 -6192 7769 17446 -7019 , 17712 6192 13998 -7769 -827 31444 , -15038 5490 -21023 10315 1598 -22499 , 15775 11469 -11469 0 -13676 -25145 , 2.2018697399443287e-07 , 6
0.5425861855613152 , 34308 -1889 -13807 269 -15953 -12312 , 24496 -503 503 0 12624 13127 , -5490 15038 -22499 -3892 25353 -21023 , 18778 -10966 10966 0 1052 12018 , 34039 13807 1889 -269 1495 -14064 , -6192 -17712 31444 -7019 -25481 13998 , 827 -31444 17712 7019 -17446 -7769 , -1598 22499 -15038 3892 1476 10315 , 15775 11469 -11469 0 -13676 -25145 , 2.2018697399443287e-07 , 7
0.5425861855613152 , 34308 -1889 -13807 269 -15953 -12312 , 24496 -503 503 0 12624 13127 , 22499 -1598 -10315 21023 -5490 15038 , 18778 -10966 10966 0 1052 12018 , 34039 13807 1889 -269 1495 -14064 , -31444 827 7769 -13998 -6192 -17712 , -17446 -7769 -827 13998 -25481 -7019 , 1476 10315 1598 -21023 25353 -3892 , 15775 11469 -11469 0 -13676 -25145 , 2.2018697399443287e-07 , 8
0.5425861855613152 , 34308 -1889 -13807 269 -15953 -12312 , 24496 -503 503 0 12624 13127 , -22499 1598 10315 -21023 5490 -15038 , 18778 -10966 10966 0 1052 12018 , 34039 13807 1889 -269 1495 -14064 , 31444 -827 -7769 13998 6192 17712 , 17446 7769 827 -13998 25481 7019 , -1476 -10315 -1598 21023 -25353 3892 , 15775 11469 -11469 0 -13676 -25145 , 2.2018697399443287e-07 , 9
0.5425861855613152 , 34308 -1889 -13807 269 -15953 -12312 , 24496 -503 503 0 12624 13127 , 5490 -15038 22499 3892 -25353 21023 , 18778 -10966 10966 0 1052 12018 , 34039 13807 1889 -269 1495 -14064 , 6192 17712 -31444 7019 25481 -13998 , -827 31444 -17712 -7019 17446 7769 , 1598 -22499 15038 -3892 -1476 -10315 , 15775 11469 -11469 0 -13676 -25145 , 2.2018697399443287e-07 , 10
0.5425861855613152 , 34308 -1889 -13807 269 -15953 -12312 , 24496 -503 503 0 12624 13127 , 25353 -21023 5490 10315 1476 3892 , 18778 -10966 10966 0 1052 12018 , 34039 13807 1889 -269 1495 -14064 , -25481 13998 6192 -7769 -17446 7019 , -17712 -6192 -13998 7769 827 -31444 , 15038 -5490 21023 -10315 -1598 22499 , 15775 11469 -11469 0 -13676 -25145 , 2.2018697399443287e-07 , 11
0.5425861855613152 , 34308 -1889 -13807 269 -15953 -12312 , 24496 -503 503 0 12624 13127 , -21023 5490 -15038 1476 3892 -25353 , 18778 -10966 10966 0 1052 12018 , 34039 13807 1889 -269 1495 -14064 , 13998 6192 17712 -17446 7019 25481 , 31444 -17712 -6192 17446 7769 827 , -22499 15038 -5490 -1476 -10315 -1598 , 15775 11469 -11469 0 -13676 -25145 , 2.2018697399443814e-07 , 12
0.5425861855613152 , 34308 -1889 -13807 269 -15953 -12312 , 24496 -503 503 0 12624 13127 , 21023 -5490 15038 -1476 -3892 25353 , 18778 -10966 10966 0 1052 12018 , 34039 13807 1889 -269 1495 -14064 , -13998 -6192 -17712 17446 -7019 -25481 , -31444 17712 6192 -17446 -7769 -827 , 22499 -15038 5490 1476 10315 1598 , 15775 11469 -11469 0 -13676 -25145 , 2.2018697399443814e-07 , 13
0.5425861855613152 , 34308 -1889 -13807 269 -15953 -12312 , 18778 -10966 10966 0 1052 12018 , 13998 -25481 -7019 31444 -17712 -6192 , 24496 -503 503 0 12624 13127 , 34039 13807 1889 -269 1495 -14064 , -21023 25353 -3892 -22499 15038 -5490 , 1476 3892 -25353 22499 -1598 -10315 , -17446 7019 25481 -31444 827 7769 , 15775 11469 -11469 0 -13676 -25145 , 2.2018697399444343e-07 , 14
0.5425861855613152 , 34308 -1889 -13807 269 -15953 -12312 , 18778 -10966 10966 0 1052 12018 , -31444 17712 6192 -17446 -7769 -827 , 24496 -503 503 0 12624 13127 , 34039 13807 1889 -269 1495 -14064 , 22499 -15038 5490 1476 10315 1598 , 21023 -5490 15038 -1476 -3892 25353 , -13998 -6192 -17712 17446 -7019 -25481 , 15775 11469 -11469 0 -13676 -25145 , 2.2018697399444343e-07 , 15
0.5425861855613152 , 34308 -1889 -13807 269 -15953 -12312 , 18778 -10966 10966 0 1052 12018 , 31444 -17712 -6192 17446 7769 827 , 24496 -503 503 0 12624 13127 , 34039 13807 1889 -269 1495 -14064 , -22499 15038 -5490 -1476 -10315 -1598 , -21023 5490 -15038 1476 3892 -25353 , 13998 6192 17712 -17446 7019 25481 , 15775 11469 -11469 0 -13676 -25145 , 2.2018697399444343e-07 , 16
0.5425861855613152 , 34308 -1889 -13807 269 -15953 -12312 , 18778 -10966 10966 0 1052 12018 , -13998 25481 7019 -31444 17712 6192 , 24496 -503 503 0 12624 13127 , 34039 13807 1889 -269 1495 -14064 , 21023 -25353 3892 22499 -15038 5490 , -1476 -3892 25353 -22499 1598 10315 , 17446 -7019 -25481 31444 -827 -7769 , 15775 11469 -11469 0 -13676 -25145 , 2.2018697399444343e-07 , 17
0.5425861855613152 , 34308 -1889 -13807 269 -15953 -12312 , 24496 -503 503 0 12624 13127 , -15038 22499 -1598 -25353 21023 -5490 , 18778 -10966 10966 0 1052 12018 , 34039 13807 1889 -269 1495 -14064 , 17712 -31444 827 25481 -13998 -6192 , -7769 -827 31444 -25481 -7019 17446 , 10315 1598 -22499 25353 -3892 -1476 , 15775 11469 -11469 0 -13676 -25145 , 2.2018697399444343e-07 , 18
0.5425861855613152 , 34308 -1889 -13807 269 -15953 -12312 , 24496 -503 503 0 12624 13127 , 15038 -22499 1598 25353 -21023 5490 , 18778 -10966 10966 0 1052 12018 , 34039 13807 1889 -269 1495 -14064 , -17712 31444 -827 -25481 13998 6192 , 7769 827 -31444 25481 7019 -17446 , -10315 -1598 22499 -25353 3892 1476 , 15775 11469 -11469 0 -13676 -25145 , 2.2018697399444343e-07 , 19
0.5425861855613152 , 34308 -1889 -13807 269 -15953 -12312 , 18778 -10966 10966 0 1052 12018 , -17446 -7769 -827 13998 -25481 -7019 , 24496 -503 503 0 12624 13127 , 34039 13807 1889 -269 1495 -14064 , 1476 10315 1598 -21023 25353 -3892 , 22499 -1598 -10315 21023 -5490 15038 , -31444 827 7769 -13998 -6192 -17712 , 15775 11469 -11469 0 -13676 -25145 , 2.2018697399444873e-07 , 20
0.5425861855613152 , 34308 -1889 -13807 269 -15953 -12312 , 18778 -10966 10966 0 1052 12018 , 17446 7769 827 -13998 25481 7019 , 24496 -503 503 0 12624 13127 , 34039 13807 1889 -269 1495 -14064 , -1476 -10315 -1598 21023 -25353 3892 , -22499 1598 10315 -21023 5490 -15038 , 31444 -827 -7769 13998 6192 17712 , 15775 11469 -11469 0 -13676 -25145 , 2.2018697399444873e-07 , 21
0.5425861855613152 , 34308 -1889 -13807 269 -15953 -12312 , 18778 -10966 10966 0 1052 12018 , -17712 -6192 -13998 7769 827 -31444 , 24496 -503 503 0 12624 13127 , 34039 13807 1889 -269 1495 -14064 , 15038 -5490 21023 -10315 -1598 22499 , 25353 -21023 5490 10315 1476 3892 , -25481 13998 6192 -7769 -17446 7019 , 15775 11469 -11469 0 -13676 -25145 , 2.20186973994454e-07 , 22
0.5425861855613152 , 34308 -1889 -13807 269 -15953 -12312 , 18778 -10966 10966 0 1052 12018 , -25481 -7019 17446 -17712 -6192 -13998 , 24496 -503 503 0 12624 13127 , 34039 13807 1889 -269 1495 -14064 , 25353 -3892 -1476 15038 -5490 21023 , 10315 1476 3892 -15038 22499 -1598 , -7769 -17446 7019 17712 -31444 827 , 15775 11469 -11469 0 -13676 -25145 , 2.20186973994454e-07 , 23
0.5425861855613152 , 34308 -1889 -13807 269 -15953 -12312 , 18778 -10966 10966 0 1052 12018 , 25481 7019 -17446 17712 6192 13998 , 24496 -503 503 0 12624 13127 , 34039 13807 1889 -269 1495 -14064 , -25353 3892 1476 -15038 5490 -21023 , -10315 -1476 -3892 15038 -22499 1598 , 7769 17446 -7019 -17712 31444 -827 , 15775 11469 -11469 0 -13676 -25145 , 2.20186973994454e-07 , 24
0.5425861855613152 , 34308 -1889 -13807 269 -15953 -12312 , 18778 -10966 10966 0 1052 12018 , 17712 6192 13998 -7769 -827 31444 , 24496 -503 503 0 12624 13127 , 34039 13807 1889 -269 1495 -14064 , -15038 5490 -21023 10315 1598 -22499 , -25353 21023 -5490 -10315 -1476 -3892 , 25481 -13998 -6192 7769 17446 -7019 , 15775 11469 -11469 0 -13676 -25145 , 2.20186973994454e-07 , 25
0.5425861855613152 , 34308 -1889 -13807 269 -15953 -12312 , 24496 -503 503 0 12624 13127 , 1476 3892 -25353 22499 -1598 -10315 , 18778 -10966 10966 0 1052 12018 , 34039 13807 1889 -269 1495 -14064 , -17446 7019 25481 -31444 827 7769 , 13998 -25481 -7019 31444 -17712 -6192 , -21023 25353 -3892 -22499 15038 -5490 , 15775 11469 -11469 0 -13676 -25145 , 2.20186973994454e-07 , 26
0.5425861855613152 , 34308 -1889 -13807 269 -15953 -12312 , 24496 -503 503 0 12624 13127 , -1476 -3892 25353 -22499 1598 10315 , 18778 -10966 10966 0 1052 12018 , 34039 13807 1889 -269 1495 -14064 , 17446 -7019 -25481 31444 -827 -7769 , -13998 25481 7019 -31444 17712 6192 , 21023 -25353 3892 22499 -15038 5490 , 15775 11469 -11469 0 -13676 -25145 , 2.20186973994454e-07 , 27
0.5425861855613152 , 34308 -1889 -13807 269 -15953 -12312 , 18778 -10966 10966 0 1052 12018 , -6192 -13998 25481 827 -31444 17712 , 24496 -503 503 0 12624 13127 , 34039 13807 1889 -269 1495 -14064 , -5490 21023 -25353 -1598 22499 -15038 , -3892 25353 -21023 1598 10315 1476 , -7019 -25481 13998 -827 -7769 -17446 , 15775 11469 -11469 0 -13676 -25145 , 2.2018697399445402e-07 , 28
0.5425861855613152 , 34308 -1889 -13807 269 -15953 -12312 , 18778 -10966 10966 0 1052 12018 , 6192 13998 -25481 -827 31444 -17712 , 24496 -503 503 0 12624 13127 , 34039 13807 1889 -269 1495 -14064 , 5490 -21023 25353 1598 -22499 15038 , 3892 -25353 21023 -1598 -10315 -1476 , 7019 25481 -13998 827 7769 17446 , 15775 11469 -11469 0 -13676 -25145 , 2.2018697399445402e-07 , 29
0.5425861855613152 , 34308 -1889 -13807 269 -15953 -12312 , 24496 -503 503 0 12624 13127 , -1598 -10315 -1476 -5490 15038 -22499 , 18778 -10966 10966 0 1052 12018 , 34039 13807 1889 -269 1495 -14064 , 827 7769 17446 -6192 -17712 31444 , 7019 -17446 -7769 6192 13998 -25481 , 3892 1476 10315 5490 -21023 25353 , 15775 11469 -11469 0 -13676 -25145 , 2.2018697399445405e-07 , 30
0.5425861855613152 , 34308 -1889 -13807 269 -15953 -12312 , 24496 -503 503 0 12624 13127 , 1598 10315 1476 5490 -15038 22499 , 18778 -10966 10966 0 1052 12018 , 34039 13807 1889 -269 1495 -14064 , -827 -7769 -17446 6192 17712 -31444 , -7019 17446 7769 -6192 -13998 25481 , -3892 -1476 -10315 -5490 21023 -25353 , 15775 11469 -11469 0 -13676 -25145 , 2.2018697399445405e-07 , 31
0.5425861855613152 , 34308 -1889 -13807 269 -15953 -12312 , 18778 -10966 10966 0 1052 12018 , -7019 17446 7769 -6192 -13998 25481 , 24496 -503 503 0 12624 13127 , 34039 13807 1889 -269 1495 -14064 , -3892 -1476 -10315 -5490 21023 -25353 , 1598 10315 1476 5490 -15038 22499 , -827 -7769 -17446 6192 17712 -31444 , 15775 11469 -11469 0 -13676 -25145 , 2.2018697399446461e-07 , 32
0.5425861855613152 , 34308 -1889 -13807 269 -15953 -12312 , 18778 -10966 10966 0 1052 12018 , 7019 -17446 -7769 6192 13998 -25481 , 24496 -503 503 0 12624 13127 , 34039 13807 1889 -269 1495 -14064 , 3892 1476 10315 5490 -21023 25353 , -1598 -10315 -1476 -5490 15038 -22499 , 827 7769 17446 -6192 -17712 31444 , 15775 11469 -11469 0 -13676 -25145 , 2.2018697399446461e-07 , 33
0.5425861855613152 , 34308 -1889 -13807 269 -15953 -12312 , 24496 -503 503 0 12624 13127 , -10315 -1476 -3892 15038 -22499 1598 , 18778 -10966 10966 0 1052 12018 , 34039 13807 1889 -269 1495 -14064 , 7769 17446 -7019 -17712 31444 -827 , 25481 7019 -17446 17712 6192 13998 , -25353 3892 1476 -15038 5490 -21023 , 15775 11469 -11469 0 -13676 -25145 , 2.2018697399446461e-07 , 34
0.5425861855613152 , 34308 -1889 -13807 269 -15953 -12312 , 24496 -503 503 0 12624 13127 , 10315 1476 3892 -15038 22499 -1598 , 18778 -10966 10966 0 1052 12018 , 34039 13807 1889 -269 1495 -14064 , -7769 -17446 7019 17712 -31444 827 , -25481 -7019 17446 -17712 -6192 -13998 , 25353 -3892 -1476 15038 -5490 21023 , 15775 11469 -11469 0 -13676 -25145 , 2.2018697399446461e-07 , 35
0.6542267422138194 , 14647 -8704 -14122 4714 -33261 -22872 , 10936 -5466 5466 0 1363 6829 , 18009 -39915 11248 23741 -20707 -3221 , 32338 -6003 6003 0 12313 18316 , 9933 14122 8704 -4714 -8750 -24557 , -3130 -6958 -3056 14372 -15865 -1350 , -17502 3056 6958 -14372 1706 -8907 , -5732 -11248 39915 -23741 -14469 19208 , 15775 11469 -11469 0 -13676 -25145 , 2.2019223552807742e-07 , 0
0.6542267422138194 , 14647 -8704 -14122 4714 -33261 -22872 , 10936 -5466 5466 0 1363 6829 , -18009 39915 -11248 -23741 20707 3221 , 32338 -6003 6003 0 12313 18316 , 9933 14122 8704 -4714 -8750 -24557 , 3130 6958 3056 -14372 15865 1350 , 17502 -3056 -6958 14372 -1706 8907 , 5732 11248 -39915 23741 14469 -19208 , 15775 11469 -11469 0 -13676 -25145 , 2.2019223552807742e-07 , 1
0.6542267422138194 , 14647 -8704 -14122 4714 -33261 -22872 , 32338 -6003 6003 0 12313 18316 , 1706 -8907 17502 -1350 -15865 14372 , 10936 -5466 5466 0 1363 6829 , 9933 14122 8704 -4714 -8750 -24557 , -14469 19208 5732 -3221 -20707 23741 , -11248 -5732 -19208 3221 18009 -39915 , 3056 -17502 8907 1350 -3130 -6958 , 15775 11469 -11469 0 -13676 -25145 , 2.2019223552916292e-07 , 2
0.6542267422138194 , 14647 -8704 -14122 4714 -33261 -22872 , 32338 -6003 6003 0 12313 18316 , -1706 8907 -17502 1350 15865 -14372 , 10936 -5466 5466 0 1363 6829 , 9933 14122 8704 -4714 -8750 -24557 , 14469 -19208 -5732 3221 20707 -23741 , 11248 5732 19208 -3221 -18009 39915 , -3056 17502 -8907 -1350 3130 6958 , 15775 11469 -11469 0 -13676 -25145 , 2.2019223552916292e-07 , 3
0.6542267422138194 , 14647 -8704 -14122 4714 -33261 -22872 , 32338 -6003 6003 0 12313 18316 , -8907 17502 -3056 -15865 14372 -1706 , 10936 -5466 5466 0 1363 6829 , 9933 14122 8704 -4714 -8750 -24557 , 19208 5732 11248 -20707 23741 14469 , 39915 -11248 -5732 20707 3221 18009 , 6958 3056 -17502 15865 1350 -3130 , 15775 11469 -11469 0 -13676 -25145 , 2.2019223552970563e-07 , 4
0.6542267422138194 , 14647 -8704 -14122 4714 -33261 -22872 , 32338 -6003 6003 0 12313 18316 , 8907 -17502 3056 15865 -14372 1706 , 10936 -5466 5466 0 1363 6829 , 9933 14122 8704 -4714 -8750 -24557 , -19208 -5732 -11248 20707 -23741 -14469 , -39915 11248 5732 -20707 -3221 -18009 , -6958 -3056 17502 -15865 -1350 3130 , 15775 11469 -11469 0 -13676 -25145 , 2.2019223552970563e-07 , 5
0.6542267422138194 , 14647 -8704 -14122 4714 -33261 -22872 , 10936 -5466 5466 0 1363 6829 , -23741 20707 3221 -5732 -19208 14469 , 32338 -6003 6003 0 12313 18316 , 9933 14122 8704 -4714 -8750 -24557 , -14372 15865 1350 -17502 8907 -1706 , 3130 -1350 -15865 17502 -3056 -6958 , -18009 -3221 -20707 5732 11248 -39915 , 15775 11469 -11469 0 -13676 -25145 , 2.2019223553024834e-07 , 6
0.6542267422138194 , 14647 -8704 -14122 4714 -33261 -22872 , 10936 -5466 5466 0 1363 6829 , 23741 -20707 -3221 5732 19208 -14469 , 32338 -6003 6003 0 12313 18316 , 9933 14122 8704 -4714 -8750 -24557 , 14372 -15865 -1350 17502 -8907 1706 , -3130 1350 15865 -17502 3056 6958 , 18009 3221 20707 -5732 -11248 39915 , 15775 11469 -11469 0 -13676 -25145 , 2.2019223553024834e-07 , 7
0.6542267422138194 , 14647 -8704 -14122 4714 -33261 -22872 , 32338 -6003 6003 0 12313 18316 , 6958 3130 -1350 -8907 17502 -3056 , 10936 -5466 5466 0 1363 6829 , 9933 14122 8704 -4714 -8750 -24557 , 39915 -18009 -3221 19208 5732 11248 , 20707 3221 18009 -19208 14469 23741 , 15865 1350 -3130 8907 -1706 14372 , 15775 11469 -11469 0 -13676 -25145 , 2.2019223553079107e-07 , 8
0.6542267422138194 , 14647 -8704 -14122 4714 -33261 -22872 , 32338 -6003 6003 0 12313 18316 , -6958 -3130 1350 8907 -17502 3056 , 10936 -5466 5466 0 1363 6829 , 9933 14122 8704 -4714 -8750 -24557 , -39915 18009 3221 -19208 -5732 -11248 , -20707 -3221 -18009 19208 -14469 -23741 , -15865 -1350 3130 -8907 1706 -14372 , 15775 11469 -11469 0 -13676 -25145 , 2.2019223553079107e-07 , 9
0.6542267422138194 , 14647 -8704 -14122 4714 -33261 -22872 , 10936 -5466 5466 0 1363 6829 , -20707 -3221 -18009 19208 -14469 -23741 , 32338 -6003 6003 0 12313 18316 , 9933 14122 8704 -4714 -8750 -24557 , -15865 -1350 3130 -8907 1706 -14372 , -6958 -3130 1350 8907 -17502 3056 , -39915 18009 3221 -19208 -5732 -11248 , 15775 11469 -11469 0 -13676 -25145 , 2.2019223553079107e-07 , 10
0.6542267422138194 , 14647 -8704 -14122 4714 -33261 -22872 , 10936 -5466 5466 0 1363 6829 , 3221 18009 -39915 14469 23741 -20707 , 32338 -6003 6003 0 12313 18316 , 9933 14122 8704 -4714 -8750 -24557 , 1350 -3130 -6958 -1706 14372 -15865 , 3056 6958 3130 1706 -8907 17502 , -11248 39915 -18009 -14469 19208 5732 , 15775 11469 -11469 0 -13676 -25145 , 2.2019223553079107e-07 , 11
0.6542267422138194 , 14647 -8704 -14122 4714 -33261 -22872 , 10936 -5466 5466 0 1363 6829 , -3221 -18009 39915 -14469 -23741 20707 , 32338 -6003 6003 0 12313 18316 , 9933 14122 8704 -4714 -8750 -24557 , -1350 3130 6958 1706 -14372 15865 , -3056 -6958 -3130 -1706 8907 -17502 , 11248 -39915 18009 14469 -19208 -5732 , 15775 11469 -11469 0 -13676 -25145 , 2.2019223553079107e-07 , 12
0.6542267422138194 , 14647 -8704 -14122 4714 -33261 -22872 , 10936 -5466 5466 0 1363 6829 , 20707 3221 18009 -19208 14469 23741 , 32338 -6003 6003 0 12313 18316 , 9933 14122 8704 -4714 -8750 -24557 , 15865 1350 -3130 8907 -1706 14372 , 6958 3130 -1350 -8907 17502 -3056 , 39915 -18009 -3221 19208 5732 11248 , 15775 11469 -11469 0 -13676 -25145 , 2.2019223553079107e-07 , 13
0.6542267422138194 , 14647 -8704 -14122 4714 -33261 -22872 , 32338 -6003 6003 0 12313 18316 , -14372 1706 -8907 3130 -1350 -15865 , 10936 -5466 5466 0 1363 6829 , 9933 14122 8704 -4714 -8750 -24557 , -23741 -14469 19208 -18009 -3221 -20707 , -5732 -19208 14469 18009 -39915 11248 , -17502 8907 -1706 -3130 -6958 -3056 , 15775 11469 -11469 0 -13676 -25145 , 2.2019223553133381e-07 , 14
0.6542267422138194 , 14647 -8704 -14122 4714 -33261 -22872 , 32338 -6003 6003 0 12313 18316 , 14372 -1706 8907 -3130 1350 15865 , 10936 -5466 5466 0 1363 6829 , 9933 14122 8704 -4714 -8750 -24557 , 23741 14469 -19208 18009 3221 20707 , 5732 19208 -14469 -18009 39915 -11248 , 17502 -8907 1706 3130 6958 3056 , 15775 11469 -11469 0 -13676 -25145 , 2.2019223553133381e-07 , 15
0.6542267422138194 , 14647 -8704 -14122 4714 -33261 -22872 , 10936 -5466 5466 0 1363 6829 , -39915 11248 5732 -20707 -3221 -18009 , 32338 -6003 6003 0 12313 18316 , 9933 14122 8704 -4714 -8750 -24557 , -6958 -3056 17502 -15865 -1350 3130 , 8907 -17502 3056 15865 -14372 1706 , -19208 -5732 -11248 20707 -23741 -14469 , 15775 11469 -11469 0 -13676 -25145 , 2.2019223553133381e-07 , 16
0.6542267422138194 , 14647 -8704 -14122 4714 -33261 -22872 , 10936 -5466 5466 0 1363 6829 , 39915 -11248 -5732 20707 3221 18009 , 32338 -6003 6003 0 12313 18316 , 9933 14122 8704 -4714 -8750 -24557 , 6958 3056 -17502 15865 1350 -3130 , -8907 17502 -3056 -15865 14372 -1706 , 19208 5732 11248 -20707 23741 14469 , 15775 11469 -11469 0 -13676 -25145 , 2.2019223553133381e-07 , 17
0.6542267422138194 , 14647 -8704 -14122 4714 -33261 -22872 , 32338 -6003 6003 0 12313 18316 , 3056 6958 3130 1706 -8907 17502 , 10936 -5466 5466 0 1363 6829 , 9933 14122 8704 -4714 -8750 -24557 , -11248 39915 -18009 -14469 19208 5732 , 3221 18009 -39915 14469 23741 -20707 , 1350 -3130 -6958 -1706 14372 -15865 , 15775 11469 -11469 0 -13676 -25145 , 2.2019223553187652e-07 , 18
0.6542267422138194 , 14647 -8704 -14122 4714 -33261 -22872 , 32338 -6003 6003 0 12313 18316 , -3056 -6958 -3130 -1706 8907 -17502 , 10936 -5466 5466 0 1363 6829 , 9933 14122 8704 -4714 -8750 -24557 , 11248 -39915 18009 14469 -19208 -5732 , -3221 -18009 39915 -14469 -23741 20707 , -1350 3130 6958 1706 -14372 15865 , 15775 11469 -11469 0 -13676 -25145 , 2.2019223553187652e-07 , 19
0.6542267422138194 , 14647 -8704 -14122 4714 -33261 -22872 , 32338 -6003 6003 0 12313 18316 , -17502 3056 6958 -14372 1706 -8907 , 10936 -5466 5466 0 1363 6829 , 9933 14122 8704 -4714 -8750 -24557 , -5732 -11248 39915 -23741 -14469 19208 , 18009 -39915 11248 23741 -20707 -3221 , -3130 -6958 -3056 14372 -15865 -1350 , 15775 11469 -11469 0 -13676 -25145 , 2.2019223553187655e-07 , 20
0.6542267422138194 , 14647 -8704 -14122 4714 -33261 -22872 , 32338 -6003 6003 0 12313 18316 , 17502 -3056 -6958 14372 -1706 8907 , 10936 -5466 5466 0 1363 6829 , 9933 14122 8704 -4714 -8750 -24557 , 5732 11248 -39915 23741 14469 -19208 , -18009 39915 -11248 -23741 20707 3221 , 3130 6958 3056 -14372 15865 1350 , 15775 11469 -11469 0 -13676 -25145 , 2.2019223553187655e-07 , 21
0.6542267422138194 , 14647 -8704 -14122 4714 -33261 -22872 , 10936 -5466 5466 0 1363 6829 , -5732 -19208 14469 18009 -39915 11248 , 32338 -6003 6003 0 12313 18316 , 9933 14122 8704 -4714 -8750 -24557 , -17502 8907 -1706 -3130 -6958 -3056 , -14372 1706 -8907 3130 -1350 -15865 , -23741 -14469 19208 -18009 -3221 -20707 , 15775 11469 -11469 0 -13676 -25145 , 2.2019223553187655e-07 , 22
0.6542267422138194 , 14647 -8704 -14122 4714 -33261 -22872 , 10936 -5466 5466 0 1363 6829 , -19208 14469 23741 -39915 11248 5732 , 32338 -6003 6003 0 12313 18316 , 9933 14122 8704 -4714 -8750 -24557 , 8907 -1706 14372 -6958 -3056 17502 , 15865 -14372 1706 6958 3130 -1350 , 20707 -23741 -14469 39915 -18009 -3221 , 15775 11469 -11469 0 -13676 -25145 , 2.2019223553187655e-07 , 23
0.6542267422138194 , 14647 -8704 -14122 4714 -33261 -22872 , 10936 -5466 5466 0 1363 6829 , 19208 -14469 -23741 39915 -11248 -5732 , 32338 -6003 6003 0 12313 18316 , 9933 14122 8704 -4714 -8750 -24557 , -8907 1706 -14372 6958 3056 -17502 , -15865 14372 -1706 -6958 -3130 1350 , -20707 23741 14469 -39915 18009 3221 , 15775 11469 -11469 0 -13676 -25145 , 2.2019223553187655e-07 , 24
0.6542267422138194 , 14647 -8704 -14122 4714 -33261 -22872 , 10936 -5466 5466 0 1363 6829 , 5732 19208 -14469 -18009 39915 -11248 , 32338 -6003 6003 0 12313 18316 , 9933 14122 8704 -4714 -8750 -24557 , 17502 -8907 1706 3130 6958 3056 , 14372 -1706 8907 -3130 1350 15865 , 23741 14469 -19208 18009 3221 20707 , 15775 11469 -11469 0 -13676 -25145 , 2.2019223553187655e-07 , 25
0.6542267422138194 , 14647 -8704 -14122 4714 -33261 -22872 , 32338 -6003 6003 0 12313 18316 , -1350 -15865 14372 -3056 -6958 -3130 , 10936 -5466 5466 0 1363 6829 , 9933 14122 8704 -4714 -8750 -24557 , -3221 -20707 23741 11248 -39915 18009 , -14469 -23741 20707 -11248 -5732 -19208 , 1706 -14372 15865 3056 -17502 8907 , 15775 11469 -11469 0 -13676 -25145 , 2.2019223553296199e-07 , 26
0.6542267422138194 , 14647 -8704 -14122 4714 -33261 -22872 , 32338 -6003 6003 0 12313 18316 , -15865 14372 -1706 -6958 -3130 1350 , 10936 -5466 5466 0 1363 6829 , 9933 14122 8704 -4714 -8750 -24557 , -20707 23741 14469 -39915 18009 3221 , 19208 -14469 -23741 39915 -11248 -5732 , -8907 1706 -14372 6958 3056 -17502 , 15775 11469 -11469 0 -13676 -25145 , 2.2019223553296199e-07 , 27
0.6542267422138194 , 14647 -8704 -14122 4714 -33261 -22872 , 32338 -6003 6003 0 12313 18316 , 15865 -14372 1706 6958 3130 -1350 , 10936 -5466 5466 0 1363 6829 , 9933 14122 8704 -4714 -8750 -24557 , 20707 -23741 -14469 39915 -18009 -3221 , -19208 14469 23741 -39915 11248 5732 , 8907 -1706 14372 -6958 -3056 17502 , 15775 11469 -11469 0 -13676 -25145 , 2.2019223553296199e-07 , 28
0.6542267422138194 , 14647 -8704 -14122 4714 -33261 -22872 , 32338 -6003 6003 0 12313 18316 , 1350 15865 -14372 3056 6958 3130 , 10936 -5466 5466 0 1363 6829 , 9933 14122 8704 -4714 -8750 -24557 , 3221 20707 -23741 -11248 39915 -18009 , 14469 23741 -20707 11248 5732 19208 , -1706 14372 -15865 -3056 17502 -8907 , 15775 11469 -11469 0 -13676 -25145 , 2.2019223553296199e-07 , 29
0.6542267422138194 , 14647 -8704 -14122 4714 -33261 -22872 , 10936 -5466 5466 0 1363 6829 , 11248 5732 19208 -3221 -18009 39915 , 32338 -6003 6003 0 12313 18316 , 9933 14122 8704 -4714 -8750 -24557 , -3056 17502 -8907 -1350 3130 6958 , -1706 8907 -17502 1350 15865 -14372 , 14469 -19208 -5732 3221 20707 -23741 , 15775 11469 -11469 0 -13676 -25145 , 2.2019223553404744e-07 , 30
0.6542267422138194 , 14647 -8704 -14122 4714 -33261 -22872 , 10936 -5466 5466 0 1363 6829 , -11248 -5732 -19208 3221 18009 -39915 , 32338 -6003 6003 0 12313 18316 , 9933 14122 8704 -4714 -8750 -24557 , 3056 -17502 8907 1350 -3130 -6958 , 1706 -8907 17502 -1350 -15865 14372 , -14469 19208 5732 -3221 -20707 23741 , 15775 11469 -11469 0 -13676 -25145 , 2.2019223553404744e-07 , 31
0.6542267422138194 , 14647 -8704 -14122 4714 -33261 -22872 , 32338 -6003 6003 0 12313 18316 , 3130 -1350 -15865 17502 -3056 -6958 , 10936 -5466 5466 0 1363 6829 , 9933 14122 8704 -4714 -8750 -24557 , -18009 -3221 -20707 5732 11248 -39915 , -23741 20707 3221 -5732 -19208 14469 , -14372 15865 1350 -17502 8907 -1706 , 15775 11469 -11469 0 -13676 -25145 , 2.2019223553404749e-07 , 32
0.6542267422138194 , 14647 -8704 -14122 4714 -33261 -22872 , 32338 -6003 6003 0 12313 18316 , -3130 1350 15865 -17502 3056 6958 , 10936 -5466 5466 0 1363 6829 , 9933 14122 8704 -4714 -8750 -24557 , 18009 3221 20707 -5732 -11248 39915 , 23741 -20707 -3221 5732 19208 -14469 , 14372 -15865 -1350 17502 -8907 1706 , 15775 11469 -11469 0 -13676 -25145 , 2.2019223553404749e-07 , 33
0.6542267422138194 , 14647 -8704 -14122 4714 -33261 -22872 , 10936 -5466 5466 0 1363 6829 , 14469 23741 -20707 11248 5732 19208 , 32338 -6003 6003 0 12313 18316 , 9933 14122 8704 -4714 -8750 -24557 , -1706 14372 -15865 -3056 17502 -8907 , 1350 15865 -14372 3056 6958 3130 , 3221 20707 -23741 -11248 39915 -18009 , 15775 11469 -11469 0 -13676 -25145 , 2.2019223553513289e-07 , 34
0.6542267422138194 , 14647 -8704 -14122 4714 -33261 -22872 , 10936 -5466 5466 0 1363 6829 , -14469 -23741 20707 -11248 -5732 -19208 , 32338 -6003 6003 0 12313 18316 , 9933 14122 8704 -4714 -8750 -24557 , 1706 -14372 15865 3056 -17502 8907 , -1350 -15865 14372 -3056 -6958 -3130 , -3221 -20707 23741 11248 -39915 18009 , 15775 11469 -11469 0 -13676 -25145 , 2.2019223553513289e-07 , 35
0.7539136024291307 , 19317 2563 -10777 -18358 -9428 -18576 , 32461 -4783 4783 0 13373 18156 , -15758 13047 2835 -17885 8255 -4348 , 10813 -6686 6686 0 303 6989 , 37675 10777 -2563 18358 -7799 -11991 , 8605 -15868 -21603 38361 -16645 -11537 , -29756 21603 15868 -38361 10066 -777 , 2127 -2835 -13047 17885 -7183 -4792 , 15775 11469 -11469 0 -13676 -25145 , 2.2018758027188947e-07 , 0
0.7539136024291307 , 19317 2563 -10777 -18358 -9428 -18576 , 32461 -4783 4783 0 13373 18156 , 15758 -13047 -2835 17885 -8255 4348 , 10813 -6686 6686 0 303 6989 , 37675 10777 -2563 18358 -7799 -11991 , -8605 15868 21603 -38361 16645 11537 , 29756 -21603 -15868 38361 -10066 777 , -2127 2835 13047 -17885 7183 4792 , 15775 11469 -11469 0 -13676 -25145 , 2.2018758027188947e-07 , 1
0.7539136024291307 , 19317 2563 -10777 -18358 -9428 -18576 , 10813 -6686 6686 0 303 6989 , 10066 -777 29756 -11537 -16645 38361 , 32461 -4783 4783 0 13373 18156 , 37675 10777 -2563 18358 -7799 -11991 , -7183 -4792 -2127 -4348 8255 -17885 , -2835 2127 4792 4348 -15758 13047 , 21603 -29756 777 11537 8605 -15868 , 15775 11469 -11469 0 -13676 -25145 , 2.2018758027299525e-07 , 2
0.7539136024291307 , 19317 2563 -10777 -18358 -9428 -18576 , 10813 -6686 6686 0 303 6989 , -10066 777 -29756 11537 16645 -38361 , 32461 -4783 4783 0 13373 18156 , 37675 10777 -2563 18358 -7799 -11991 , 7183 4792 2127 4348 -8255 17885 , 2835 -2127 -4792 -4348 15758 -13047 , -21603 29756 -777 -11537 -8605 15868 , 15775 11469 -11469 0 -13676 -25145 , 2.2018758027299525e-07 , 3
0.7539136024291307 , 19317 2563 -10777 -18358 -9428 -18576 , 32461 -4783 4783 0 13373 18156 , 7183 -17885 8255 2835 -2127 -4792 , 10813 -6686 6686 0 303 6989 , 37675 10777 -2563 18358 -7799 -11991 , -10066 38361 -16645 -21603 29756 -777 , 11537 16645 -38361 21603 15868 -8605 , 4348 -8255 17885 -2835 -13047 15758 , 15775 11469 -11469 0 -13676 -25145 , 2.2018758027299528e-07 , 4
0.7539136024291307 , 19317 2563 -10777 -18358 -9428 -18576 , 32461 -4783 4783 0 13373 18156 , -7183 17885 -8255 -2835 2127 4792 , 10813 -6686 6686 0 303 6989 , 37675 10777 -2563 18358 -7799 -11991 , 10066 -38361 16645 21603 -29756 777 , -11537 -16645 38361 -21603 -15868 8605 , -4348 8255 -17885 2835 13047 -15758 , 15775 11469 -11469 0 -13676 -25145 , 2.2018758027299528e-07 , 5
0.7539136024291307 , 19317 2563 -10777 -18358 -9428 -18576 , 10813 -6686 6686 0 303 6989 , -8605 -11537 -16645 29756 -21603 -15868 , 32461 -4783 4783 0 13373 18156 , 37675 10777 -2563 18358 -7799 -11991 , 15758 -4348 8255 -2127 2835 13047 , 17885 -8255 4348 2127 4792 7183 , -38361 16645 11537 -29756 777 -10066 , 15775 11469 -11469 0 -13676 -25145 , 2.2018758027299528e-07 , 6
0.7539136024291307 , 19317 2563 -10777 -18358 -9428 -18576 , 10813 -6686 6686 0 303 6989 , 8605 11537 16645 -29756 21603 15868 , 32461 -4783 4783 0 13373 18156 , 37675 10777 -2563 18358 -7799 -11991 , -15758 4348 -8255 2127 -2835 -13047 , -17885 8255 -4348 -2127 -4792 -7183 , 38361 -16645 -11537 29756 -777 10066 , 15775 11469 -11469 0 -13676 -25145 , 2.2018758027299528e-07 , 7
0.7539136024291307 , 19317 2563 -10777 -18358 -9428 -18576 , 32461 -4783 4783 0 13373 18156 , 8255 -4348 15758 -4792 -7183 17885 , 10813 -6686 6686 0 303 6989 , 37675 10777 -2563 18358 -7799 -11991 , -16645 -11537 -8605 -777 10066 -38361 , -15868 8605 11537 777 -29756 21603 , 13047 -15758 4348 4792 2127 -2835 , 15775 11469 -11469 0 -13676 -25145 , 2.2018758027336387e-07 , 8
0.7539136024291307 , 19317 2563 -10777 -18358 -9428 -18576 , 32461 -4783 4783 0 13373 18156 , -8255 4348 -15758 4792 7183 -17885 , 10813 -6686 6686 0 303 6989 , 37675 10777 -2563 18358 -7799 -11991 , 16645 11537 8605 777 -10066 38361 , 15868 -8605 -11537 -777 29756 -21603 , -13047 15758 -4348 -4792 -2127 2835 , 15775 11469 -11469 0 -13676 -25145 , 2.2018758027336387e-07 , 9
0.7539136024291307 , 19317 2563 -10777 -18358 -9428 -18576 , 10813 -6686 6686 0 303 6989 , -777 29756 -21603 -16645 38361 -10066 , 32461 -4783 4783 0 13373 18156 , 37675 10777 -2563 18358 -7799 -11991 , -4792 -2127 2835 8255 -17885 7183 , -13047 -2835 2127 -8255 4348 -15758 , 15868 21603 -29756 16645 11537 8605 , 15775 11469 -11469 0 -13676 -25145 , 2.2018758027336387e-07 , 10
0.7539136024291307 , 19317 2563 -10777 -18358 -9428 -18576 , 10813 -6686 6686 0 303 6989 , -16645 38361 -10066 -15868 8605 11537 , 32461 -4783 4783 0 13373 18156 , 37675 10777 -2563 18358 -7799 -11991 , 8255 -17885 7183 13047 -15758 4348 , -4792 -7183 17885 -13047 -2835 2127 , -777 10066 -38361 15868 21603 -29756 , 15775 11469 -11469 0 -13676 -25145 , 2.2018758027336387e-07 , 11
0.7539136024291307 , 19317 2563 -10777 -18358 -9428 -18576 , 10813 -6686 6686 0 303 6989 , 16645 -38361 10066 15868 -8605 -11537 , 32461 -4783 4783 0 13373 18156 , 37675 10777 -2563 18358 -7799 -11991 , -8255 17885 -7183 -13047 15758 -4348 , 4792 7183 -17885 13047 2835 -2127 , 777 -10066 38361 -15868 -21603 29756 , 15775 11469 -11469 0 -13676 -25145 , 2.2018758027336387e-07 , 12
0.7539136024291307 , 19317 2563 -10777 -18358 -9428 -18576 , 10813 -6686 6686 0 303 6989 , 777 -29756 21603 16645 -38361 10066 , 32461 -4783 4783 0 13373 18156 , 37675 10777 -2563 18358 -7799 -11991 , 4792 2127 -2835 -8255 17885 -7183 , 13047 2835 -2127 8255 -4348 15758 , -15868 -21603 29756 -16645 -11537 -8605 , 15775 11469 -11469 0 -13676 -25145 , 2.2018758027336387e-07 , 13
0.7539136024291307 , 19317 2563 -10777 -18358 -9428 -18576 , 32461 -4783 4783 0 13373 18156 , 13047 2835 -2127 8255 -4348 15758 , 10813 -6686 6686 0 303 6989 , 37675 10777 -2563 18358 -7799 -11991 , -15868 -21603 29756 -16645 -11537 -8605 , 777 -29756 21603 16645 -38361 10066 , 4792 2127 -2835 -8255 17885 -7183 , 15775 11469 -11469 0 -13676 -25145 , 2.2018758027336389e-07 , 14
0.7539136024291307 , 19317 2563 -10777 -18358 -9428 -18576 , 32461 -4783 4783 0 13373 18156 , 4792 7183 -17885 13047 2835 -2127 , 10813 -6686 6686 0 303 6989 , 37675 10777 -2563 18358 -7799 -11991 , 777 -10066 38361 -15868 -21603 29756 , 16645 -38361 10066 15868 -8605 -11537 , -8255 17885 -7183 -13047 15758 -4348 , 15775 11469 -11469 0 -13676 -25145 , 2.2018758027336389e-07 , 15
0.7539136024291307 , 19317 2563 -10777 -18358 -9428 -18576 , 32461 -4783 4783 0 13373 18156 , 4348 -15758 13047 7183 -17885 8255 , 10813 -6686 6686 0 303 6989 , 37675 10777 -2563 18358 -7799 -11991 , 11537 8605 -15868 -10066 38361 -16645 , 21603 15868 -8605 10066 -777 29756 , -2835 -13047 15758 -7183 -4792 -2127 , 15775 11469 -11469 0 -13676 -25145 , 2.2018758027336389e-07 , 16
0.7539136024291307 , 19317 2563 -10777 -18358 -9428 -18576 , 32461 -4783 4783 0 13373 18156 , -4348 15758 -13047 -7183 17885 -8255 , 10813 -6686 6686 0 303 6989 , 37675 10777 -2563 18358 -7799 -11991 , -11537 -8605 15868 10066 -38361 16645 , -21603 -15868 8605 -10066 777 -29756 , 2835 13047 -15758 7183 4792 2127 , 15775 11469 -11469 0 -13676 -25145 , 2.2018758027336389e-07 , 17
0.7539136024291307 , 19317 2563 -10777 -18358 -9428 -18576 , 32461 -4783 4783 0 13373 18156 , -4792 -7183 17885 -13047 -2835 2127 , 10813 -6686 6686 0 303 6989 , 37675 10777 -2563 18358 -7799 -11991 , -777 10066 -38361 15868 21603 -29756 , -16645 38361 -10066 -15868 8605 11537 , 8255 -17885 7183 13047 -15758 4348 , 15775 11469 -11469 0 -13676 -25145 , 2.2018758027336389e-07 , 18
0.7539136024291307 , 19317 2563 -10777 -18358 -9428 -18576 , 32461 -4783 4783 0 13373 18156 , -13047 -2835 2127 -8255 4348 -15758 , 10813 -6686 6686 0 303 6989 , 37675 10777 -2563 18358 -7799 -11991 , 15868 21603 -29756 16645 11537 8605 , -777 29756 -21603 -16645 38361 -10066 , -4792 -2127 2835 8255 -17885 7183 , 15775 11469 -11469 0 -13676 -25145 , 2.2018758027336389e-07 , 19
0.7539136024291307 , 19317 2563 -10777 -18358 -9428 -18576 , 10813 -6686 6686 0 303 6989 , -21603 -15868 8605 -10066 777 -29756 , 32461 -4783 4783 0 13373 18156 , 37675 10777 -2563 18358 -7799 -11991 , 2835 13047 -15758 7183 4792 2127 , -4348 15758 -13047 -7183 17885 -8255 , -11537 -8605 15868 10066 -38361 16645 , 15775 11469 -11469 0 -13676 -25145 , 2.2018758027336389e-07 , 20
0.7539136024291307 , 19317 2563 -10777 -18358 -9428 -18576 , 10813 -6686 6686 0 303 6989 , 21603 15868 -8605 10066 -777 29756 , 32461 -4783 4783 0 13373 18156 , 37675 10777 -2563 18358 -7799 -11991 , -2835 -13047 15758 -7183 -4792 -2127 , 4348 -15758 13047 7183 -17885 8255 , 11537 8605 -15868 -10066 38361 -16645 , 15775 11469 -11469 0 -13676 -25145 , 2.2018758027336389e-07 , 21
0.7539136024291307 , 19317 2563 -10777 -18358 -9428 -18576 , 32461 -4783 4783 0 13373 18156 , -2127 -4792 -7183 15758 -13047 -2835 , 10813 -6686 6686 0 303 6989 , 37675 10777 -2563 18358 -7799 -11991 , 29756 -777 10066 -8605 15868 21603 , 38361 -10066 777 8605 11537 16645 , -17885 7183 4792 -15758 4348 -8255 , 15775 11469 -11469 0 -13676 -25145 , 2.2018758027373246e-07 , 22
0.7539136024291307 , 19317 2563 -10777 -18358 -9428 -18576 , 32461 -4783 4783 0 13373 18156 , 2127 4792 7183 -15758 13047 2835 , 10813 -6686 6686 0 303 6989 , 37675 10777 -2563 18358 -7799 -11991 , -29756 777 -10066 8605 -15868 -21603 , -38361 10066 -777 -8605 -11537 -16645 , 17885 -7183 -4792 15758 -4348 8255 , 15775 11469 -11469 0 -13676 -25145 , 2.2018758027373246e-07 , 23
0.7539136024291307 , 19317 2563 -10777 -18358 -9428 -18576 , 10813 -6686 6686 0 303 6989 , -11537 -16645 38361 -21603 -15868 8605 , 32461 -4783 4783 0 13373 18156 , 37675 10777 -2563 18358 -7799 -11991 , -4348 8255 -17885 2835 13047 -15758 , -7183 17885 -8255 -2835 2127 4792 , 10066 -38361 16645 21603 -29756 777 , 15775 11469 -11469 0 -13676 -25145 , 2.2018758027373249e-07 , 24
0.7539136024291307 , 19317 2563 -10777 -18358 -9428 -18576 , 10813 -6686 6686 0 303 6989 , -29756 21603 15868 -38361 10066 -777 , 32461 -4783 4783 0 13373 18156 , 37675 10777 -2563 18358 -7799 -11991 , 2127 -2835 -13047 17885 -7183 -4792 , -15758 13047 2835 -17885 8255 -4348 , 8605 -15868 -21603 38361 -16645 -11537 , 15775 11469 -11469 0 -13676 -25145 , 2.2018758027373249e-07 , 25
0.7539136024291307 , 19317 2563 -10777 -18358 -9428 -18576 , 10813 -6686 6686 0 303 6989 , 29756 -21603 -15868 38361 -10066 777 , 32461 -4783 4783 0 13373 18156 , 37675 10777 -2563 18358 -7799 -11991 , -2127 2835 13047 -17885 7183 4792 , 15758 -13047 -2835 17885 -8255 4348 , -8605 15868 21603 -38361 16645 11537 , 15775 11469 -11469 0 -13676 -25145 , 2.2018758027373249e-07 , 26
0.7539136024291307 , 19317 2563 -10777 -18358 -9428 -18576 , 10813 -6686 6686 0 303 6989 , 11537 16645 -38361 21603 15868 -8605 , 32461 -4783 4783 0 13373 18156 , 37675 10777 -2563 18358 -7799 -11991 , 4348 -8255 17885 -2835 -13047 15758 , 7183 -17885 8255 2835 -2127 -4792 , -10066 38361 -16645 -21603 29756 -777 , 15775 11469 -11469 0 -13676 -25145 , 2.2018758027373249e-07 , 27
0.7539136024291307 , 19317 2563 -10777 -18358 -9428 -18576 , 32461 -4783 4783 0 13373 18156 , -17885 8255 -4348 -2127 -4792 -7183 , 10813 -6686 6686 0 303 6989 , 37675 10777 -2563 18358 -7799 -11991 , 38361 -16645 -11537 29756 -777 10066 , 8605 11537 16645 -29756 21603 15868 , -15758 4348 -8255 2127 -2835 -13047 , 15775 11469 -11469 0 -13676 -25145 , 2.2018758027410108e-07 , 28
0.7539136024291307 , 19317 2563 -10777 -18358 -9428 -18576 , 32461 -4783 4783 0 13373 18156 , 17885 -8255 4348 2127 4792 7183 , 10813 -6686 6686 0 303 6989 , 37675 10777 -2563 18358 -7799 -11991 , -38361 16645 11537 -29756 777 -10066 , -8605 -11537 -16645 29756 -21603 -15868 , 15758 -4348 8255 -2127 2835 13047 , 15775 11469 -11469 0 -13676 -25145 , 2.2018758027410108e-07 , 29
0.7539136024291307 , 19317 2563 -10777 -18358 -9428 -18576 , 10813 -6686 6686 0 303 6989 , -38361 10066 -777 -8605 -11537 -16645 , 32461 -4783 4783 0 13373 18156 , 37675 10777 -2563 18358 -7799 -11991 , 17885 -7183 -4792 15758 -4348 8255 , 2127 4792 7183 -15758 13047 2835 , -29756 777 -10066 8605 -15868 -21603 , 15775 11469 -11469 0 -13676 -25145 , 2.2018758027410108e-07 , 30
0.7539136024291307 , 19317 2563 -10777 -18358 -9428 -18576 , 10813 -6686 6686 0 303 6989 , 15868 -8605 -11537 -777 29756 -21603 , 32461 -4783 4783 0 13373 18156 , 37675 10777 -2563 18358 -7799 -11991 , -13047 15758 -4348 -4792 -2127 2835 , -8255 4348 -15758 4792 7183 -17885 , 16645 11537 8605 777 -10066 38361 , 15775 11469 -11469 0 -13676 -25145 , 2.2018758027410108e-07 , 31
0.7539136024291307 , 19317 2563 -10777 -18358 -9428 -18576 , 10813 -6686 6686 0 303 6989 , -15868 8605 11537 777 -29756 21603 , 32461 -4783 4783 0 13373 18156 , 37675 10777 -2563 18358 -7799 -11991 , 13047 -15758 4348 4792 2127 -2835 , 8255 -4348 15758 -4792 -7183 17885 , -16645 -11537 -8605 -777 10066 -38361 , 15775 11469 -11469 0 -13676 -25145 , 2.2018758027410108e-07 , 32
0.7539136024291307 , 19317 2563 -10777 -18358 -9428 -18576 , 10813 -6686 6686 0 303 6989 , 38361 -10066 777 8605 11537 16645 , 32461 -4783 4783 0 13373 18156 , 37675 10777 -2563 18358 -7799 -11991 , -17885 7183 4792 -15758 4348 -8255 , -2127 -4792 -7183 15758 -13047 -2835 , 29756 -777 10066 -8605 15868 21603 , 15775 11469 -11469 0 -13676 -25145 , 2.2018758027410108e-07 , 33
0.7539136024291307 , 19317 2563 -10777 -18358 -9428 -18576 , 32461 -4783 4783 0 13373 18156 , 2835 -2127 -4792 -4348 15758 -13047 , 10813 -6686 6686 0 303 6989 , 37675 10777 -2563 18358 -7799 -11991 , -21603 29756 -777 -11537 -8605 15868 , -10066 777 -29756 11537 16645 -38361 , 7183 4792 2127 4348 -8255 17885 , 15775 11469 -11469 0 -13676 -25145 , 2.2018758027428539e-07 , 34
0.7539136024291307 , 19317 2563 -10777 -18358 -9428 -18576 , 32461 -4783 4783 0 13373 18156 , -2835 2127 4792 4348 -15758 13047 , 10813 -6686 6686 0 303 6989 , 37675 10777 -2563 18358 -7799 -11991 , 21603 -29756 777 11537 8605 -15868 , 10066 -777 29756 -11537 -16645 38361 , -7183 -4792 -2127 -4348 8255 -17885 , 15775 11469 -11469 0 -13676 -25145 , 2.2018758027428539e-07 , 35
0.8664008815189218 , 17278 -213 -2938 -17412 -24812 -5287 , 29836 -8575 8575 0 8885 17460 , -20004 3822 266 -1120 -11320 -6207 , 13438 -2894 2894 0 4791 7685 , 34690 2938 213 17412 -2349 -24599 , 19048 -30217 4909 9037 5754 -14018 , 10011 -4909 30217 -9037 -18927 35971 , -18884 -266 -3822 1120 -6473 -15142 , 15775 11469 -11469 0 -13676 -25145 , 2.2019351285232806e-07 , 0
0.8664008815189218 , 17278 -213 -2938 -17412 -24812 -5287 , 29836 -8575 8575 0 8885 17460 , 20004 -3822 -266 1120 11320 6207 , 13438 -2894 2894 0 4791 7685 , 34690 2938 213 17412 -2349 -24599 , -19048 30217 -4909 -9037 -5754 14018 , -10011 4909 -30217 9037 18927 -35971 , 18884 266 3822 -1120 6473 15142 , 15775 11469 -11469 0 -13676 -25145 , 2.2019351285232806e-07 , 1
0.8664008815189218 , 17278 -213 -2938 -17412 -24812 -5287 , 13438 -2894 2894 0 4791 7685 , -35971 10011 -4909 -5754 -9037 -18927 , 29836 -8575 8575 0 8885 17460 , 34690 2938 213 17412 -2349 -24599 , 15142 -18884 -266 11320 1120 -6473 , 3822 266 18884 -11320 -6207 20004 , -30217 4909 -10011 5754 -14018 -19048 , 15775 11469 -11469 0 -13676 -25145 , 2.2019351285353816e-07 , 2
0.8664008815189218 , 17278 -213 -2938 -17412 -24812 -5287 , 13438 -2894 2894 0 4791 7685 , 35971 -10011 4909 5754 9037 18927 , 29836 -8575 8575 0 8885 17460 , 34690 2938 213 17412 -2349 -24599 , -15142 18884 266 -11320 -1120 6473 , -3822 -266 -18884 11320 6207 -20004 , 30217 -4909 10011 -5754 14018 19048 , 15775 11469 -11469 0 -13676 -25145 , 2.2019351285353816e-07 , 3
0.8664008815189218 , 17278 -213 -2938 -17412 -24812 -5287 , 29836 -8575 8575 0 8885 17460 , 266 18884 -15142 -6207 20004 -3822 , 13438 -2894 2894 0 4791 7685 , 34690 2938 213 17412 -2349 -24599 , 4909 -10011 35971 -14018 -19048 30217 , 18927 -35971 10011 14018 -5754 -9037 , 6473 15142 -18884 6207 11320 1120 , 15775 11469 -11469 0 -13676 -25145 , 2.2019351285353816e-07 , 4
0.8664008815189218 , 17278 -213 -2938 -17412 -24812 -5287 , 29836 -8575 8575 0 8885 17460 , -266 -18884 15142 6207 -20004 3822 , 13438 -2894 2894 0 4791 7685 , 34690 2938 213 17412 -2349 -24599 , -4909 10011 -35971 14018 19048 -30217 , -18927 35971 -10011 -14018 5754 9037 , -6473 -15142 18884 -6207 -11320 -1120 , 15775 11469 -11469 0 -13676 -25145 , 2.2019351285353816e-07 , 5
0.8664008815189218 , 17278 -213 -2938 -17412 -24812 -5287 , 13438 -2894 2894 0 4791 7685 , -9037 -18927 35971 -19048 -14018 5754 , 29836 -8575 8575 0 8885 17460 , 34690 2938 213 17412 -2349 -24599 , 1120 -6473 -15142 20004 -6207 -11320 , -18884 15142 6473 -20004 3822 266 , 10011 -35971 18927 19048 -30217 4909 , 15775 11469 -11469 0 -13676 -25145 , 2.2019351285474817e-07 , 6
0.8664008815189218 , 17278 -213 -2938 -17412 -24812 -5287 , 13438 -2894 2894 0 4791 7685 , 9037 18927 -35971 19048 14018 -5754 , 29836 -8575 8575 0 8885 17460 , 34690 2938 213 17412 -2349 -24599 , -1120 6473 15142 -20004 6207 11320 , 18884 -15142 -6473 20004 -3822 -266 , -10011 35971 -18927 -19048 30217 -4909 , 15775 11469 -11469 0 -13676 -25145 , 2.2019351285474817e-07 , 7
0.8664008815189218 , 17278 -213 -2938 -17412 -24812 -5287 , 29836 -8575 8575 0 8885 17460 , -3822 -266 -18884 11320 6207 -20004 , 13438 -2894 2894 0 4791 7685 , 34690 2938 213 17412 -2349 -24599 , 30217 -4909 10011 -5754 14018 19048 , 35971 -10011 4909 5754 9037 18927 , -15142 18884 266 -11320 -1120 6473 , 15775 11469 -11469 0 -13676 -25145 , 2.2019351285474817e-07 , 8
0.8664008815189218 , 17278 -213 -2938 -17412 -24812 -5287 , 29836 -8575 8575 0 8885 17460 , 3822 266 18884 -11320 -6207 20004 , 13438 -2894 2894 0 4791 7685 , 34690 2938 213 17412 -2349 -24599 , -30217 4909 -10011 5754 -14018 -19048 , -35971 10011 -4909 -5754 -9037 -18927 , 15142 -18884 -266 11320 1120 -6473 , 15775 11469 -11469 0 -13676 -25145 , 2.2019351285474817e-07 , 9
0.8664008815189218 , 17278 -213 -2938 -17412 -24812 -5287 , 13438 -2894 2894 0 4791 7685 , -5754 -9037 -18927 30217 -19048 -14018 , 29836 -8575 8575 0 8885 17460 , 34690 2938 213 17412 -2349 -24599 , 11320 1120 -6473 -3822 20004 -6207 , 15142 6473 -1120 3822 266 18884 , -35971 18927 9037 -30217 4909 -10011 , 15775 11469 -11469 0 -13676 -25145 , 2.201935128547482e-07 , 10
0.8664008815189218 , 17278 -213 -2938 -17412 -24812 -5287 , 13438 -2894 2894 0 4791 7685 , 5754 9037 18927 -30217 19048 14018 , 29836 -8575 8575 0 8885 17460 , 34690 2938 213 17412 -2349 -24599 , -11320 -1120 6473 3822 -20004 6207 , -15142 -6473 1120 -3822 -266 -18884 , 35971 -18927 -9037 30217 -4909 10011 , 15775 11469 -11469 0 -13676 -25145 , 2.201935128547482e-07 , 11
0.8664008815189218 , 17278 -213 -2938 -17412 -24812 -5287 , 29836 -8575 8575 0 8885 17460 , -15142 -6473 1120 -3822 -266 -18884 , 13438 -2894 2894 0 4791 7685 , 34690 2938 213 17412 -2349 -24599 , 35971 -18927 -9037 30217 -4909 10011 , 5754 9037 18927 -30217 19048 14018 , -11320 -1120 6473 3822 -20004 6207 , 15775 11469 -11469 0 -13676 -25145 , 2.201935128547482e-07 , 12
0.8664008815189218 , 17278 -213 -2938 -17412 -24812 -5287 , 29836 -8575 8575 0 8885 17460 , 15142 6473 -1120 3822 266 18884 , 13438 -2894 2894 0 4791 7685 , 34690 2938 213 17412 -2349 -24599 , -35971 18927 9037 -30217 4909 -10011 , -5754 -9037 -18927 30217 -19048 -14018 , 11320 1120 -6473 -3822 20004 -6207 , 15775 11469 -11469 0 -13676 -25145 , 2.201935128547482e-07 , 13
0.8664008815189218 , 17278 -213 -2938 -17412 -24812 -5287 , 13438 -2894 2894 0 4791 7685 , -14018 5754 9037 4909 -30217 19048 , 29836 -8575 8575 0 8885 17460 , 34690 2938 213 17412 -2349 -24599 , -6207 -11320 -1120 266 3822 -20004 , -6473 1120 11320 -266 -18884 15142 , -18927 -9037 -5754 -4909 10011 -35971 , 15775 11469 -11469 0 -13676 -25145 , 2.2019351285474822e-07 , 14
0.8664008815189218 , 17278 -213 -2938 -17412 -24812 -5287 , 13438 -2894 2894 0 4791 7685 , 14018 -5754 -9037 -4909 30217 -19048 , 29836 -8575 8575 0 8885 17460 , 34690 2938 213 17412 -2349 -24599 , 6207 11320 1120 -266 -3822 20004 , 6473 -1120 -11320 266 18884 -15142 , 18927 9037 5754 4909 -10011 35971 , 15775 11469 -11469 0 -13676 -25145 , 2.2019351285474822e-07 , 15
0.8664008815189218 , 17278 -213 -2938 -17412 -24812 -5287 , 13438 -2894 2894 0 4791 7685 , -18927 35971 -10011 -14018 5754 9037 , 29836 -8575 8575 0 8885 17460 , 34690 2938 213 17412 -2349 -24599 , -6473 -15142 18884 -6207 -11320 -1120 , -266 -18884 15142 6207 -20004 3822 , -4909 10011 -35971 14018 19048 -30217 , 15775 11469 -11469 0 -13676 -25145 , 2.2019351285535322e-07 , 16
0.8664008815189218 , 17278 -213 -2938 -17412 -24812 -5287 , 13438 -2894 2894 0 4791 7685 , 18927 -35971 10011 14018 -5754 -9037 , 29836 -8575 8575 0 8885 17460 , 34690 2938 213 17412 -2349 -24599 , 6473 15142 -18884 6207 11320 1120 , 266 18884 -15142 -6207 20004 -3822 , 4909 -10011 35971 -14018 -19048 30217 , 15775 11469 -11469 0 -13676 -25145 , 2.2019351285535322e-07 , 17
0.8664008815189218 , 17278 -213 -2938 -17412 -24812 -5287 , 29836 -8575 8575 0 8885 17460 , -6207 20004 -3822 -6473 1120 11320 , 13438 -2894 2894 0 4791 7685 , 34690 2938 213 17412 -2349 -24599 , -14018 -19048 30217 -18927 -9037 -5754 , 4909 -30217 19048 18927 -35971 10011 , 266 3822 -20004 6473 15142 -18884 , 15775 11469 -11469 0 -13676 -25145 , 2.2019351285535322e-07 , 18
0.8664008815189218 , 17278 -213 -2938 -17412 -24812 -5287 , 29836 -8575 8575 0 8885 17460 , 6207 -20004 3822 6473 -1120 -11320 , 13438 -2894 2894 0 4791 7685 , 34690 2938 213 17412 -2349 -24599 , 14018 19048 -30217 18927 9037 5754 , -4909 30217 -19048 -18927 35971 -10011 , -266 -3822 20004 -6473 -15142 18884 , 15775 11469 -11469 0 -13676 -25145 , 2.2019351285535322e-07 , 19
0.8664008815189218 , 17278 -213 -2938 -17412 -24812 -5287 , 29836 -8575 8575 0 8885 17460 , -11320 -6207 20004 -15142 -6473 1120 , 13438 -2894 2894 0 4791 7685 , 34690 2938 213 17412 -2349 -24599 , 5754 -14018 -19048 35971 -18927 -9037 , -30217 19048 14018 -35971 10011 -4909 , 3822 -20004 6207 15142 -18884 -266 , 15775 11469 -11469 0 -13676 -25145 , 2.2019351285595824e-07 , 20
0.8664008815189218 , 17278 -213 -2938 -17412 -24812 -5287 , 29836 -8575 8575 0 8885 17460 , 18884 -15142 -6473 20004 -3822 -266 , 13438 -2894 2894 0 4791 7685 , 34690 2938 213 17412 -2349 -24599 , -10011 35971 -18927 -19048 30217 -4909 , 9037 18927 -35971 19048 14018 -5754 , -1120 6473 15142 -20004 6207 11320 , 15775 11469 -11469 0 -13676 -25145 , 2.2019351285595824e-07 , 21
0.8664008815189218 , 17278 -213 -2938 -17412 -24812 -5287 , 29836 -8575 8575 0 8885 17460 , -18884 15142 6473 -20004 3822 266 , 13438 -2894 2894 0 4791 7685 , 34690 2938 213 17412 -2349 -24599 , 10011 -35971 18927 19048 -30217 4909 , -9037 -18927 35971 -19048 -14018 5754 , 1120 -6473 -15142 20004 -6207 -11320 , 15775 11469 -11469 0 -13676 -25145 , 2.2019351285595824e-07 , 22
0.8664008815189218 , 17278 -213 -2938 -17412 -24812 -5287 , 29836 -8575 8575 0 8885 17460 , 11320 6207 -20004 15142 6473 -1120 , 13438 -2894 2894 0 4791 7685 , 34690 2938 213 17412 -2349 -24599 , -5754 14018 19048 -35971 18927 9037 , 30217 -19048 -14018 35971 -10011 4909 , -3822 20004 -6207 -15142 18884 266 , 15775 11469 -11469 0 -13676 -25145 , 2.2019351285595824e-07 , 23
0.8664008815189218 , 17278 -213 -2938 -17412 -24812 -5287 , 13438 -2894 2894 0 4791 7685 , -19048 -14018 5754 -10011 4909 -30217 , 29836 -8575 8575 0 8885 17460 , 34690 2938 213 17412 -2349 -24599 , 20004 -6207 -11320 18884 266 3822 , 1120 11320 6207 -18884 15142 6473 , -9037 -5754 14018 10011 -35971 18927 , 15775 11469 -11469 0 -13676 -25145 , 2.2019351285595826e-07 , 24
0.8664008815189218 , 17278 -213 -2938 -17412 -24812 -5287 , 13438 -2894 2894 0 4791 7685 , 19048 14018 -5754 10011 -4909 30217 , 29836 -8575 8575 0 8885 17460 , 34690 2938 213 17412 -2349 -24599 , -20004 6207 11320 -18884 -266 -3822 , -1120 -11320 -6207 18884 -15142 -6473 , 9037 5754 -14018 -10011 35971 -18927 , 15775 11469 -11469 0 -13676 -25145 , 2.2019351285595826e-07 , 25
0.8664008815189218 , 17278 -213 -2938 -17412 -24812 -5287 , 13438 -2894 2894 0 4791 7685 , -4909 30217 -19048 -18927 35971 -10011 , 29836 -8575 8575 0 8885 17460 , 34690 2938 213 17412 -2349 -24599 , -266 -3822 20004 -6473 -15142 18884 , 6207 -20004 3822 6473 -1120 -11320 , 14018 19048 -30217 18927 9037 5754 , 15775 11469 -11469 0 -13676 -25145 , 2.2019351285656326e-07 , 26
0.8664008815189218 , 17278 -213 -2938 -17412 -24812 -5287 , 13438 -2894 2894 0 4791 7685 , 10011 -4909 30217 -9037 -18927 35971 , 29836 -8575 8575 0 8885 17460 , 34690 2938 213 17412 -2349 -24599 , -18884 -266 -3822 1120 -6473 -15142 , -20004 3822 266 -1120 -11320 -6207 , 19048 -30217 4909 9037 5754 -14018 , 15775 11469 -11469 0 -13676 -25145 , 2.2019351285656326e-07 , 27
0.8664008815189218 , 17278 -213 -2938 -17412 -24812 -5287 , 13438 -2894 2894 0 4791 7685 , -30217 19048 14018 -35971 10011 -4909 , 29836 -8575 8575 0 8885 17460 , 34690 2938 213 17412 -2349 -24599 , 3822 -20004 6207 15142 -18884 -266 , -11320 -6207 20004 -15142 -6473 1120 , 5754 -14018 -19048 35971 -18927 -9037 , 15775 11469 -11469 0 -13676 -25145 , 2.2019351285656326e-07 , 28
0.8664008815189218 , 17278 -213 -2938 -17412 -24812 -5287 , 13438 -2894 2894 0 4791 7685 , 30217 -19048 -14018 35971 -10011 4909 , 29836 -8575 8575 0 8885 17460 , 34690 2938 213 17412 -2349 -24599 , -3822 20004 -6207 -15142 18884 266 , 11320 6207 -20004 15142 6473 -1120 , -5754 14018 19048 -35971 18927 9037 , 15775 11469 -11469 0 -13676 -25145 , 2.2019351285656326e-07 , 29
0.8664008815189218 , 17278 -213 -2938 -17412 -24812 -5287 , 13438 -2894 2894 0 4791 7685 , -10011 4909 -30217 9037 18927 -35971 , 29836 -8575 8575 0 8885 17460 , 34690 2938 213 17412 -2349 -24599 , 18884 266 3822 -1120 6473 15142 , 20004 -3822 -266 1120 11320 6207 , -19048 30217 -4909 -9037 -5754 14018 , 15775 11469 -11469 0 -13676 -25145 , 2.2019351285656326e-07 , 30
0.8664008815189218 , 17278 -213 -2938 -17412 -24812 -5287 , 13438 -2894 2894 0 4791 7685 , 4909 -30217 19048 18927 -35971 10011 , 29836 -8575 8575 0 8885 17460 , 34690 2938 213 17412 -2349 -24599 , 266 3822 -20004 6473 15142 -18884 , -6207 20004 -3822 -6473 1120 11320 , -14018 -19048 30217 -18927 -9037 -5754 , 15775 11469 -11469 0 -13676 -25145 , 2.2019351285656326e-07 , 31
0.8664008815189218 , 17278 -213 -2938 -17412 -24812 -5287 , 29836 -8575 8575 0 8885 17460 , -1120 -11320 -6207 18884 -15142 -6473 , 13438 -2894 2894 0 4791 7685 , 34690 2938 213 17412 -2349 -24599 , 9037 5754 -14018 -10011 35971 -18927 , 19048 14018 -5754 10011 -4909 30217 , -20004 6207 11320 -18884 -266 -3822 , 15775 11469 -11469 0 -13676 -25145 , 2.2019351285656326e-07 , 32
0.8664008815189218 , 17278 -213 -2938 -17412 -24812 -5287 , 29836 -8575 8575 0 8885 17460 , 1120 11320 6207 -18884 15142 6473 , 13438 -2894 2894 0 4791 7685 , 34690 2938 213 17412 -2349 -24599 , -9037 -5754 14018 10011 -35971 18927 , -19048 -14018 5754 -10011 4909 -30217 , 20004 -6207 -11320 18884 266 3822 , 15775 11469 -11469 0 -13676 -25145 , 2.2019351285656326e-07 , 33
0.8664008815189218 , 17278 -213 -2938 -17412 -24812 -5287 , 29836 -8575 8575 0 8885 17460 , -6473 1120 11320 -266 -18884 15142 , 13438 -2894 2894 0 4791 7685 , 34690 2938 213 17412 -2349 -24599 , -18927 -9037 -5754 -4909 10011 -35971 , -14018 5754 9037 4909 -30217 19048 , -6207 -11320 -1120 266 3822 -20004 , 15775 11469 -11469 0 -13676 -25145 , 2.2019351285898339e-07 , 34
0.8664008815189218 , 17278 -213 -2938 -17412 -24812 -5287 , 29836 -8575 8575 0 8885 17460 , 6473 -1120 -11320 266 18884 -15142 , 13438 -2894 2894 0 4791 7685 , 34690 2938 213 17412 -2349 -24599 , 18927 9037 5754 4909 -10011 35971 , 14018 -5754 -9037 -4909 30217 -19048 , 6207 11320 1120 -266 -3822 20004 , 15775 11469 -11469 0 -13676 -25145 , 2.2019351285898339e-07 , 35
0.9730737581237892 , 9347 -5090 -6921 -19264 -21615 -19163 , 24280 7528 -7528 0 19056 11528 , -23878 13158 -3818 -19492 15301 -20319 , 18994 -18997 18997 0 -5380 13617 , 28611 6921 5090 19264 -12242 -16525 , -7290 -21027 -482 20107 -22847 -12840 , -27397 482 21027 -20107 -12358 -1820 , -4386 3818 -13158 19492 -16501 2143 , 15775 11469 -11469 0 -13676 -25145 , 2.2018797966197935e-07 , 0
0.9730737581237892 , 9347 -5090 -6921 -19264 -21615 -19163 , 24280 7528 -7528 0 19056 11528 , 23878 -13158 3818 19492 -15301 20319 , 18994 -18997 18997 0 -5380 13617 , 28611 6921 5090 19264 -12242 -16525 , 7290 21027 482 -20107 22847 12840 , 27397 -482 -21027 20107 12358 1820 , 4386 -3818 13158 -19492 16501 -2143 , 15775 11469 -11469 0 -13676 -25145 , 2.2018797966197935e-07 , 1
0.9730737581237892 , 9347 -5090 -6921 -19264 -21615 -19163 , 18994 -18997 18997 0 -5380 13617 , -20107 -12358 -1820 7290 -12840 -22847 , 24280 7528 -7528 0 19056 11528 , 28611 6921 5090 19264 -12242 -16525 , 19492 -16501 2143 23878 -20319 15301 , -4386 -2143 16501 -23878 13158 -3818 , -27397 1820 12358 -7290 -21027 -482 , 15775 11469 -11469 0 -13676 -25145 , 2.20187979662454e-07 , 2
0.9730737581237892 , 9347 -5090 -6921 -19264 -21615 -19163 , 18994 -18997 18997 0 -5380 13617 , 20107 12358 1820 -7290 12840 22847 , 24280 7528 -7528 0 19056 11528 , 28611 6921 5090 19264 -12242 -16525 , -19492 16501 -2143 -23878 20319 -15301 , 4386 2143 -16501 23878 -13158 3818 , 27397 -1820 -12358 7290 21027 482 , 15775 11469 -11469 0 -13676 -25145 , 2.20187979662454e-07 , 3
0.9730737581237892 , 9347 -5090 -6921 -19264 -21615 -19163 , 18994 -18997 18997 0 -5380 13617 , 7290 -12840 -22847 27397 -482 -21027 , 24280 7528 -7528 0 19056 11528 , 28611 6921 5090 19264 -12242 -16525 , 23878 -20319 15301 4386 -3818 13158 , 19492 -15301 20319 -4386 -2143 16501 , -20107 22847 12840 -27397 1820 12358 , 15775 11469 -11469 0 -13676 -25145 , 2.2018797966269133e-07 , 4
0.9730737581237892 , 9347 -5090 -6921 -19264 -21615 -19163 , 18994 -18997 18997 0 -5380 13617 , -7290 12840 22847 -27397 482 21027 , 24280 7528 -7528 0 19056 11528 , 28611 6921 5090 19264 -12242 -16525 , -23878 20319 -15301 -4386 3818 -13158 , -19492 15301 -20319 4386 2143 -16501 , 20107 -22847 -12840 27397 -1820 -12358 , 15775 11469 -11469 0 -13676 -25145 , 2.2018797966269133e-07 , 5
0.9730737581237892 , 9347 -5090 -6921 -19264 -21615 -19163 , 18994 -18997 18997 0 -5380 13617 , -12358 -1820 27397 -12840 -22847 20107 , 24280 7528 -7528 0 19056 11528 , 28611 6921 5090 19264 -12242 -16525 , -16501 2143 4386 -20319 15301 -19492 , 3818 -4386 -2143 20319 -23878 13158 , 482 -27397 1820 12840 -7290 -21027 , 15775 11469 -11469 0 -13676 -25145 , 2.2018797966269136e-07 , 6
0.9730737581237892 , 9347 -5090 -6921 -19264 -21615 -19163 , 18994 -18997 18997 0 -5380 13617 , 12358 1820 -27397 12840 22847 -20107 , 24280 7528 -7528 0 19056 11528 , 28611 6921 5090 19264 -12242 -16525 , 16501 -2143 -4386 20319 -15301 19492 , -3818 4386 2143 -20319 23878 -13158 , -482 27397 -1820 -12840 7290 21027 , 15775 11469 -11469 0 -13676 -25145 , 2.2018797966269136e-07 , 7
0.9730737581237892 , 9347 -5090 -6921 -19264 -21615 -19163 , 18994 -18997 18997 0 -5380 13617 , 1820 -27397 482 22847 -20107 -12358 , 24280 7528 -7528 0 19056 11528 , 28611 6921 5090 19264 -12242 -16525 , -2143 -4386 3818 -15301 19492 -16501 , 13158 -3818 4386 15301 -20319 23878 , -21027 -482 27397 -22847 -12840 7290 , 15775 11469 -11469 0 -13676 -25145 , 2.2018797966292863e-07 , 8
0.9730737581237892 , 9347 -5090 -6921 -19264 -21615 -19163 , 18994 -18997 18997 0 -5380 13617 , -1820 27397 -482 -22847 20107 12358 , 24280 7528 -7528 0 19056 11528 , 28611 6921 5090 19264 -12242 -16525 , 2143 4386 -3818 15301 -19492 16501 , -13158 3818 -4386 -15301 20319 -23878 , 21027 482 -27397 22847 12840 -7290 , 15775 11469 -11469 0 -13676 -25145 , 2.2018797966292863e-07 , 9
0.9730737581237892 , 9347 -5090 -6921 -19264 -21615 -19163 , 18994 -18997 18997 0 -5380 13617 , 22847 -20107 -12358 21027 7290 -12840 , 24280 7528 -7528 0 19056 11528 , 28611 6921 5090 19264 -12242 -16525 , -15301 19492 -16501 -13158 23878 -20319 , -2143 16501 -19492 13158 -3818 4386 , 1820 12358 20107 -21027 -482 27397 , 15775 11469 -11469 0 -13676 -25145 , 2.2018797966292866e-07 , 10
0.9730737581237892 , 9347 -5090 -6921 -19264 -21615 -19163 , 18994 -18997 18997 0 -5380 13617 , -22847 20107 12358 -21027 -7290 12840 , 24280 7528 -7528 0 19056 11528 , 28611 6921 5090 19264 -12242 -16525 , 15301 -19492 16501 13158 -23878 20319 , 2143 -16501 19492 -13158 3818 -4386 , -1820 -12358 -20107 21027 482 -27397 , 15775 11469 -11469 0 -13676 -25145 , 2.2018797966292866e-07 , 11
0.9730737581237892 , 9347 -5090 -6921 -19264 -21615 -19163 , 24280 7528 -7528 0 19056 11528 , -20319 23878 -13158 -16501 19492 -15301 , 18994 -18997 18997 0 -5380 13617 , 28611 6921 5090 19264 -12242 -16525 , -12840 7290 21027 -12358 -20107 22847 , -482 -21027 -7290 12358 1820 -27397 , -3818 13158 -23878 16501 -2143 -4386 , 15775 11469 -11469 0 -13676 -25145 , 2.2018797966316599e-07 , 12
0.9730737581237892 , 9347 -5090 -6921 -19264 -21615 -19163 , 24280 7528 -7528 0 19056 11528 , 15301 -20319 23878 2143 -16501 19492 , 18994 -18997 18997 0 -5380 13617 , 28611 6921 5090 19264 -12242 -16525 , -22847 -12840 7290 -1820 -12358 -20107 , -21027 -7290 12840 1820 -27397 482 , 13158 -23878 20319 -2143 -4386 3818 , 15775 11469 -11469 0 -13676 -25145 , 2.2018797966316599e-07 , 13
0.9730737581237892 , 9347 -5090 -6921 -19264 -21615 -19163 , 24280 7528 -7528 0 19056 11528 , -15301 20319 -23878 -2143 16501 -19492 , 18994 -18997 18997 0 -5380 13617 , 28611 6921 5090 19264 -12242 -16525 , 22847 12840 -7290 1820 12358 20107 , 21027 7290 -12840 -1820 27397 -482 , -13158 23878 -20319 2143 4386 -3818 , 15775 11469 -11469 0 -13676 -25145 , 2.2018797966316599e-07 , 14
0.9730737581237892 , 9347 -5090 -6921 -19264 -21615 -19163 , 24280 7528 -7528 0 19056 11528 , 20319 -23878 13158 16501 -19492 15301 , 18994 -18997 18997 0 -5380 13617 , 28611 6921 5090 19264 -12242 -16525 , 12840 -7290 -21027 12358 20107 -22847 , 482 21027 7290 -12358 -1820 27397 , 3818 -13158 23878 -16501 2143 4386 , 15775 11469 -11469 0 -13676 -25145 , 2.2018797966316599e-07 , 15
0.9730737581237892 , 9347 -5090 -6921 -19264 -21615 -19163 , 18994 -18997 18997 0 -5380 13617 , -12840 -22847 20107 -482 -21027 -7290 , 24280 7528 -7528 0 19056 11528 , 28611 6921 5090 19264 -12242 -16525 , -20319 15301 -19492 -3818 13158 -23878 , -16501 19492 -15301 3818 -4386 -2143 , -12358 -20107 22847 482 -27397 1820 , 15775 11469 -11469 0 -13676 -25145 , 2.2018797966316599e-07 , 16
0.9730737581237892 , 9347 -5090 -6921 -19264 -21615 -19163 , 18994 -18997 18997 0 -5380 13617 , -21027 -7290 12840 1820 -27397 482 , 24280 7528 -7528 0 19056 11528 , 28611 6921 5090 19264 -12242 -16525 , 13158 -23878 20319 -2143 -4386 3818 , 15301 -20319 23878 2143 -16501 19492 , -22847 -12840 7290 -1820 -12358 -20107 , 15775 11469 -11469 0 -13676 -25145 , 2.2018797966316599e-07 , 17
0.9730737581237892 , 9347 -5090 -6921 -19264 -21615 -19163 , 18994 -18997 18997 0 -5380 13617 , 21027 7290 -12840 -1820 27397 -482 , 24280 7528 -7528 0 19056 11528 , 28611 6921 5090 19264 -12242 -16525 , -13158 23878 -20319 2143 4386 -3818 , -15301 20319 -23878 -2143 16501 -19492 , 22847 12840 -7290 1820 12358 20107 , 15775 11469 -11469 0 -13676 -25145 , 2.2018797966316599e-07 , 18
0.9730737581237892 , 9347 -5090 -6921 -19264 -21615 -19163 , 18994 -18997 18997 0 -5380 13617 , 12840 22847 -20107 482 21027 7290 , 24280 7528 -7528 0 19056 11528 , 28611 6921 5090 19264 -12242 -16525 , 20319 -15301 19492 3818 -13158 23878 , 16501 -19492 15301 -3818 4386 2143 , 12358 20107 -22847 -482 27397 -1820 , 15775 11469 -11469 0 -13676 -25145 , 2.2018797966316599e-07 , 19
0.9730737581237892 , 9347 -5090 -6921 -19264 -21615 -19163 , 24280 7528 -7528 0 19056 11528 , -3818 4386 2143 -20319 23878 -13158 , 18994 -18997 18997 0 -5380 13617 , 28611 6921 5090 19264 -12242 -16525 , -482 27397 -1820 -12840 7290 21027 , 12358 1820 -27397 12840 22847 -20107 , 16501 -2143 -4386 20319 -15301 19492 , 15775 11469 -11469 0 -13676 -25145 , 2.2018797966340331e-07 , 20
0.9730737581237892 , 9347 -5090 -6921 -19264 -21615 -19163 , 24280 7528 -7528 0 19056 11528 , 3818 -4386 -2143 20319 -23878 13158 , 18994 -18997 18997 0 -5380 13617 , 28611 6921 5090 19264 -12242 -16525 , 482 -27397 1820 12840 -7290 -21027 , -12358 -1820 27397 -12840 -22847 20107 , -16501 2143 4386 -20319 15301 -19492 , 15775 11469 -11469 0 -13676 -25145 , 2.2018797966340331e-07 , 21
0.9730737581237892 , 9347 -5090 -6921 -19264 -21615 -19163 , 18994 -18997 18997 0 -5380 13617 , -27397 482 21027 -20107 -12358 -1820 , 24280 7528 -7528 0 19056 11528 , 28611 6921 5090 19264 -12242 -16525 , -4386 3818 -13158 19492 -16501 2143 , -23878 13158 -3818 -19492 15301 -20319 , -7290 -21027 -482 20107 -22847 -12840 , 15775 11469 -11469 0 -13676 -25145 , 2.2018797966340331e-07 , 22
0.9730737581237892 , 9347 -5090 -6921 -19264 -21615 -19163 , 18994 -18997 18997 0 -5380 13617 , 27397 -482 -21027 20107 12358 1820 , 24280 7528 -7528 0 19056 11528 , 28611 6921 5090 19264 -12242 -16525 , 4386 -3818 13158 -19492 16501 -2143 , 23878 -13158 3818 19492 -15301 20319 , 7290 21027 482 -20107 22847 12840 , 15775 11469 -11469 0 -13676 -25145 , 2.2018797966340331e-07 , 23
0.9730737581237892 , 9347 -5090 -6921 -19264 -21615 -19163 , 24280 7528 -7528 0 19056 11528 , -19492 15301 -20319 4386 2143 -16501 , 18994 -18997 18997 0 -5380 13617 , 28611 6921 5090 19264 -12242 -16525 , 20107 -22847 -12840 27397 -1820 -12358 , -7290 12840 22847 -27397 482 21027 , -23878 20319 -15301 -4386 3818 -13158 , 15775 11469 -11469 0 -13676 -25145 , 2.2018797966364062e-07 , 24
0.9730737581237892 , 9347 -5090 -6921 -19264 -21615 -19163 , 24280 7528 -7528 0 19056 11528 , 13158 -3818 4386 15301 -20319 23878 , 18994 -18997 18997 0 -5380 13617 , 28611 6921 5090 19264 -12242 -16525 , -21027 -482 27397 -22847 -12840 7290 , 1820 -27397 482 22847 -20107 -12358 , -2143 -4386 3818 -15301 19492 -16501 , 15775 11469 -11469 0 -13676 -25145 , 2.2018797966364062e-07 , 25
0.9730737581237892 , 9347 -5090 -6921 -19264 -21615 -19163 , 24280 7528 -7528 0 19056 11528 , -13158 3818 -4386 -15301 20319 -23878 , 18994 -18997 18997 0 -5380 13617 , 28611 6921 5090 19264 -12242 -16525 , 21027 482 -27397 22847 12840 -7290 , -1820 27397 -482 -22847 20107 12358 , 2143 4386 -3818 15301 -19492 16501 , 15775 11469 -11469 0 -13676 -25145 , 2.2018797966364062e-07 , 26
0.9730737581237892 , 9347 -5090 -6921 -19264 -21615 -19163 , 24280 7528 -7528 0 19056 11528 , 19492 -15301 20319 -4386 -2143 16501 , 18994 -18997 18997 0 -5380 13617 , 28611 6921 5090 19264 -12242 -16525 , -20107 22847 12840 -27397 1820 12358 , 7290 -12840 -22847 27397 -482 -21027 , 23878 -20319 15301 4386 -3818 13158 , 15775 11469 -11469 0 -13676 -25145 , 2.2018797966364062e-07 , 27
0.9730737581237892 , 9347 -5090 -6921 -19264 -21615 -19163 , 24280 7528 -7528 0 19056 11528 , -16501 19492 -15301 3818 -4386 -2143 , 18994 -18997 18997 0 -5380 13617 , 28611 6921 5090 19264 -12242 -16525 , -12358 -20107 22847 482 -27397 1820 , -12840 -22847 20107 -482 -21027 -7290 , -20319 15301 -19492 -3818 13158 -23878 , 15775 11469 -11469 0 -13676 -25145 , 2.201879796641153e-07 , 28
0.9730737581237892 , 9347 -5090 -6921 -19264 -21615 -19163 , 24280 7528 -7528 0 19056 11528 , 16501 -19492 15301 -3818 4386 2143 , 18994 -18997 18997 0 -5380 13617 , 28611 6921 5090 19264 -12242 -16525 , 12358 20107 -22847 -482 27397 -1820 , 12840 22847 -20107 482 21027 7290 , 20319 -15301 19492 3818 -13158 23878 , 15775 11469 -11469 0 -13676 -25145 , 2.201879796641153e-07 , 29
0.9730737581237892 , 9347 -5090 -6921 -19264 -21615 -19163 , 18994 -18997 18997 0 -5380 13617 , 482 21027 7290 -12358 -1820 27397 , 24280 7528 -7528 0 19056 11528 , 28611 6921 5090 19264 -12242 -16525 , 3818 -13158 23878 -16501 2143 4386 , 20319 -23878 13158 16501 -19492 15301 , 12840 -7290 -21027 12358 20107 -22847 , 15775 11469 -11469 0 -13676 -25145 , 2.2018797966458993e-07 , 30
0.9730737581237892 , 9347 -5090 -6921 -19264 -21615 -19163 , 18994 -18997 18997 0 -5380 13617 , -482 -21027 -7290 12358 1820 -27397 , 24280 7528 -7528 0 19056 11528 , 28611 6921 5090 19264 -12242 -16525 , -3818 13158 -23878 16501 -2143 -4386 , -20319 23878 -13158 -16501 19492 -15301 , -12840 7290 21027 -12358 -20107 22847 , 15775 11469 -11469 0 -13676 -25145 , 2.2018797966458993e-07 , 31
0.9730737581237892 , 9347 -5090 -6921 -19264 -21615 -19163 , 24280 7528 -7528 0 19056 11528 , 4386 2143 -16501 23878 -13158 3818 , 18994 -18997 18997 0 -5380 13617 , 28611 6921 5090 19264 -12242 -16525 , 27397 -1820 -12358 7290 21027 482 , 20107 12358 1820 -7290 12840 22847 , -19492 16501 -2143 -23878 20319 -15301 , 15775 11469 -11469 0 -13676 -25145 , 2.2018797966458995e-07 , 32
0.9730737581237892 , 9347 -5090 -6921 -19264 -21615 -19163 , 24280 7528 -7528 0 19056 11528 , -4386 -2143 16501 -23878 13158 -3818 , 18994 -18997 18997 0 -5380 13617 , 28611 6921 5090 19264 -12242 -16525 , -27397 1820 12358 -7290 -21027 -482 , -20107 -12358 -1820 7290 -12840 -22847 , 19492 -16501 2143 23878 -20319 15301 , 15775 11469 -11469 0 -13676 -25145 , 2.2018797966458995e-07 , 33
0.9730737581237892 , 9347 -5090 -6921 -19264 -21615 -19163 , 24280 7528 -7528 0 19056 11528 , 2143 -16501 19492 -13158 3818 -4386 , 18994 -18997 18997 0 -5380 13617 , 28611 6921 5090 19264 -12242 -16525 , -1820 -12358 -20107 21027 482 -27397 , -22847 20107 12358 -21027 -7290 12840 , 15301 -19492 16501 13158 -23878 20319 , 15775 11469 -11469 0 -13676 -25145 , 2.2018797966506458e-07 , 34
0.9730737581237892 , 9347 -5090 -6921 -19264 -21615 -19163 , 24280 7528 -7528 0 19056 11528 , -2143 16501 -19492 13158 -3818 4386 , 18994 -18997 18997 0 -5380 13617 , 28611 6921 5090 19264 -12242 -16525 , 1820 12358 20107 -21027 -482 27397 , 22847 -20107 -12358 21027 7290 -12840 , -15301 19492 -16501 -13158 23878 -20319 , 15775 11469 -11469 0 -13676 -25145 , 2.2018797966506458e-07 , 35
1.0842343686022402 , 1491 -1709 -11369 -12220 -35711 -13523 , 23443 -13254 13254 0 1669 14923 , 6902 15017 4306 -19753 20144 10749 , 19831 1785 -1785 0 12007 10222 , 13711 11369 1709 12220 -2154 -34002 , 12981 -7956 28033 -12790 -7033 26347 , 25771 -28033 7956 12790 -1686 923 , 26655 -4306 -15017 19753 6443 5127 , 15775 11469 -11469 0 -13676 -25145 , 2.2019271297614293e-07 , 0
1.0842343686022402 , 1491 -1709 -11369 -12220 -35711 -13523 , 23443 -13254 13254 0 1669 14923 , -6902 -15017 -4306 19753 -20144 -10749 , 19831 1785 -1785 0 12007 10222 , 13711 11369 1709 12220 -2154 -34002 , -12981 7956 -28033 12790 7033 -26347 , -25771 28033 -7956 -12790 1686 -923 , -26655 4306 15017 -19753 -6443 -5127 , 15775 11469 -11469 0 -13676 -25145 , 2.2019271297614293e-07 , 1
1.0842343686022402 , 1491 -1709 -11369 -12220 -35711 -13523 , 19831 1785 -1785 0 12007 10222 , -7033 -12790 1686 -7956 12981 -26347 , 23443 -13254 13254 0 1669 14923 , 13711 11369 1709 12220 -2154 -34002 , 20144 -19753 -6443 15017 6902 -10749 , 5127 6443 19753 -15017 -4306 26655 , 923 -1686 12790 7956 -28033 25771 , 15775 11469 -11469 0 -13676 -25145 , 2.2019271297727655e-07 , 2
1.0842343686022402 , 1491 -1709 -11369 -12220 -35711 -13523 , 19831 1785 -1785 0 12007 10222 , 7033 12790 -1686 7956 -12981 26347 , 23443 -13254 13254 0 1669 14923 , 13711 11369 1709 12220 -2154 -34002 , -20144 19753 6443 -15017 -6902 10749 , -5127 -6443 -19753 15017 4306 -26655 , -923 1686 -12790 -7956 28033 -25771 , 15775 11469 -11469 0 -13676 -25145 , 2.2019271297727655e-07 , 3
1.0842343686022402 , 1491 -1709 -11369 -12220 -35711 -13523 , 23443 -13254 13254 0 1669 14923 , -10749 6902 15017 -6443 -19753 20144 , 19831 1785 -1785 0 12007 10222 , 13711 11369 1709 12220 -2154 -34002 , -26347 12981 -7956 1686 -12790 -7033 , -28033 7956 -12981 -1686 923 -25771 , -4306 -15017 -6902 6443 5127 -26655 , 15775 11469 -11469 0 -13676 -25145 , 2.2019271297727655e-07 , 4
1.0842343686022402 , 1491 -1709 -11369 -12220 -35711 -13523 , 23443 -13254 13254 0 1669 14923 , 10749 -6902 -15017 6443 19753 -20144 , 19831 1785 -1785 0 12007 10222 , 13711 11369 1709 12220 -2154 -34002 , 26347 -12981 7956 -1686 12790 7033 , 28033 -7956 12981 1686 -923 25771 , 4306 15017 6902 -6443 -5127 26655 , 15775 11469 -11469 0 -13676 -25145 , 2.2019271297727655e-07 , 5
1.0842343686022402 , 1491 -1709 -11369 -12220 -35711 -13523 , 23443 -13254 13254 0 1669 14923 , -26655 5127 6443 -6902 -15017 -4306 , 19831 1785 -1785 0 12007 10222 , 13711 11369 1709 12220 -2154 -34002 , -25771 923 -1686 -12981 7956 -28033 , -12790 1686 -923 12981 -26347 7033 , -19753 -6443 -5127 6902 -10749 -20144 , 15775 11469 -11469 0 -13676 -25145 , 2.201927129784102e-07 , 6
1.0842343686022402 , 1491 -1709 -11369 -12220 -35711 -13523 , 23443 -13254 13254 0 1669 14923 , 26655 -5127 -6443 6902 15017 4306 , 19831 1785 -1785 0 12007 10222 , 13711 11369 1709 12220 -2154 -34002 , 25771 -923 1686 12981 -7956 28033 , 12790 -1686 923 -12981 26347 -7033 , 19753 6443 5127 -6902 10749 20144 , 15775 11469 -11469 0 -13676 -25145 , 2.201927129784102e-07 , 7
1.0842343686022402 , 1491 -1709 -11369 -12220 -35711 -13523 , 19831 1785 -1785 0 12007 10222 , -1686 923 -25771 26347 -7033 -12790 , 23443 -13254 13254 0 1669 14923 , 13711 11369 1709 12220 -2154 -34002 , 6443 5127 -26655 10749 20144 -19753 , -4306 26655 -5127 -10749 6902 15017 , -28033 25771 -923 -26347 12981 -7956 , 15775 11469 -11469 0 -13676 -25145 , 2.2019271297897702e-07 , 8
1.0842343686022402 , 1491 -1709 -11369 -12220 -35711 -13523 , 19831 1785 -1785 0 12007 10222 , 1686 -923 25771 -26347 7033 12790 , 23443 -13254 13254 0 1669 14923 , 13711 11369 1709 12220 -2154 -34002 , -6443 -5127 26655 -10749 -20144 19753 , 4306 -26655 5127 10749 -6902 -15017 , 28033 -25771 923 26347 -12981 7956 , 15775 11469 -11469 0 -13676 -25145 , 2.2019271297897702e-07 , 9
1.0842343686022402 , 1491 -1709 -11369 -12220 -35711 -13523 , 23443 -13254 13254 0 1669 14923 , 15017 4306 -26655 20144 10749 -6902 , 19831 1785 -1785 0 12007 10222 , 13711 11369 1709 12220 -2154 -34002 , -7956 28033 -25771 -7033 26347 -12981 , -923 25771 -28033 7033 12790 -1686 , -5127 26655 -4306 -20144 19753 6443 , 15775 11469 -11469 0 -13676 -25145 , 2.2019271297897702e-07 , 10
1.0842343686022402 , 1491 -1709 -11369 -12220 -35711 -13523 , 23443 -13254 13254 0 1669 14923 , -15017 -4306 26655 -20144 -10749 6902 , 19831 1785 -1785 0 12007 10222 , 13711 11369 1709 12220 -2154 -34002 , 7956 -28033 25771 7033 -26347 12981 , 923 -25771 28033 -7033 -12790 1686 , 5127 -26655 4306 20144 -19753 -6443 , 15775 11469 -11469 0 -13676 -25145 , 2.2019271297897702e-07 , 11
1.0842343686022402 , 1491 -1709 -11369 -12220 -35711 -13523 , 23443 -13254 13254 0 1669 14923 , -4306 26655 -5127 -10749 6902 15017 , 19831 1785 -1785 0 12007 10222 , 13711 11369 1709 12220 -2154 -34002 , -28033 25771 -923 -26347 12981 -7956 , -1686 923 -25771 26347 -7033 -12790 , 6443 5127 -26655 10749 20144 -19753 , 15775 11469 -11469 0 -13676 -25145 , 2.2019271297954379e-07 , 12
1.0842343686022402 , 1491 -1709 -11369 -12220 -35711 -13523 , 23443 -13254 13254 0 1669 14923 , 4306 -26655 5127 10749 -6902 -15017 , 19831 1785 -1785 0 12007 10222 , 13711 11369 1709 12220 -2154 -34002 , 28033 -25771 923 26347 -12981 7956 , 1686 -923 25771 -26347 7033 12790 , -6443 -5127 26655 -10749 -20144 19753 , 15775 11469 -11469 0 -13676 -25145 , 2.2019271297954379e-07 , 13
1.0842343686022402 , 1491 -1709 -11369 -12220 -35711 -13523 , 23443 -13254 13254 0 1669 14923 , -5127 -6443 -19753 15017 4306 -26655 , 19831 1785 -1785 0 12007 10222 , 13711 11369 1709 12220 -2154 -34002 , -923 1686 -12790 -7956 28033 -25771 , 7033 12790 -1686 7956 -12981 26347 , -20144 19753 6443 -15017 -6902 10749 , 15775 11469 -11469 0 -13676 -25145 , 2.2019271297954385e-07 , 14
1.0842343686022402 , 1491 -1709 -11369 -12220 -35711 -13523 , 23443 -13254 13254 0 1669 14923 , 5127 6443 19753 -15017 -4306 26655 , 19831 1785 -1785 0 12007 10222 , 13711 11369 1709 12220 -2154 -34002 , 923 -1686 12790 7956 -28033 25771 , -7033 -12790 1686 -7956 12981 -26347 , 20144 -19753 -6443 15017 6902 -10749 , 15775 11469 -11469 0 -13676 -25145 , 2.2019271297954385e-07 , 15
1.0842343686022402 , 1491 -1709 -11369 -12220 -35711 -13523 , 19831 1785 -1785 0 12007 10222 , -12790 1686 -923 12981 -26347 7033 , 23443 -13254 13254 0 1669 14923 , 13711 11369 1709 12220 -2154 -34002 , -19753 -6443 -5127 6902 -10749 -20144 , -26655 5127 6443 -6902 -15017 -4306 , -25771 923 -1686 -12981 7956 -28033 , 15775 11469 -11469 0 -13676 -25145 , 2.2019271298011062e-07 , 16
1.0842343686022402 , 1491 -1709 -11369 -12220 -35711 -13523 , 19831 1785 -1785 0 12007 10222 , 12790 -1686 923 -12981 26347 -7033 , 23443 -13254 13254 0 1669 14923 , 13711 11369 1709 12220 -2154 -34002 , 19753 6443 5127 -6902 10749 20144 , 26655 -5127 -6443 6902 15017 4306 , 25771 -923 1686 12981 -7956 28033 , 15775 11469 -11469 0 -13676 -25145 , 2.2019271298011062e-07 , 17
1.0842343686022402 , 1491 -1709 -11369 -12220 -35711 -13523 , 19831 1785 -1785 0 12007 10222 , -7956 12981 -26347 -923 25771 -28033 , 23443 -13254 13254 0 1669 14923 , 13711 11369 1709 12220 -2154 -34002 , 15017 6902 -10749 -5127 26655 -4306 , 20144 10749 -6902 5127 6443 19753 , -7033 26347 -12981 923 -1686 12790 , 15775 11469 -11469 0 -13676 -25145 , 2.2019271298011064e-07 , 18
1.0842343686022402 , 1491 -1709 -11369 -12220 -35711 -13523 , 19831 1785 -1785 0 12007 10222 , 7956 -12981 26347 923 -25771 28033 , 23443 -13254 13254 0 1669 14923 , 13711 11369 1709 12220 -2154 -34002 , -15017 -6902 10749 5127 -26655 4306 , -20144 -10749 6902 -5127 -6443 -19753 , 7033 -26347 12981 -923 1686 -12790 , 15775 11469 -11469 0 -13676 -25145 , 2.2019271298011064e-07 , 19
1.0842343686022402 , 1491 -1709 -11369 -12220 -35711 -13523 , 19831 1785 -1785 0 12007 10222 , 923 -25771 28033 -7033 -12790 1686 , 23443 -13254 13254 0 1669 14923 , 13711 11369 1709 12220 -2154 -34002 , 5127 -26655 4306 20144 -19753 -6443 , -15017 -4306 26655 -20144 -10749 6902 , 7956 -28033 25771 7033 -26347 12981 , 15775 11469 -11469 0 -13676 -25145 , 2.2019271298067744e-07 , 20
1.0842343686022402 , 1491 -1709 -11369 -12220 -35711 -13523 , 19831 1785 -1785 0 12007 10222 , -923 25771 -28033 7033 12790 -1686 , 23443 -13254 13254 0 1669 14923 , 13711 11369 1709 12220 -2154 -34002 , -5127 26655 -4306 -20144 19753 6443 , 15017 4306 -26655 20144 10749 -6902 , -7956 28033 -25771 -7033 26347 -12981 , 15775 11469 -11469 0 -13676 -25145 , 2.2019271298067744e-07 , 21
1.0842343686022402 , 1491 -1709 -11369 -12220 -35711 -13523 , 23443 -13254 13254 0 1669 14923 , -6443 -19753 20144 4306 -26655 5127 , 19831 1785 -1785 0 12007 10222 , 13711 11369 1709 12220 -2154 -34002 , 1686 -12790 -7033 28033 -25771 923 , -26347 7033 12790 -28033 7956 -12981 , -10749 -20144 19753 -4306 -15017 -6902 , 15775 11469 -11469 0 -13676 -25145 , 2.2019271298124426e-07 , 22
1.0842343686022402 , 1491 -1709 -11369 -12220 -35711 -13523 , 23443 -13254 13254 0 1669 14923 , 6443 19753 -20144 -4306 26655 -5127 , 19831 1785 -1785 0 12007 10222 , 13711 11369 1709 12220 -2154 -34002 , -1686 12790 7033 -28033 25771 -923 , 26347 -7033 -12790 28033 -7956 12981 , 10749 20144 -19753 4306 15017 6902 , 15775 11469 -11469 0 -13676 -25145 , 2.2019271298124426e-07 , 23
1.0842343686022402 , 1491 -1709 -11369 -12220 -35711 -13523 , 19831 1785 -1785 0 12007 10222 , -12981 26347 -7033 -25771 28033 -7956 , 23443 -13254 13254 0 1669 14923 , 13711 11369 1709 12220 -2154 -34002 , -6902 10749 20144 -26655 4306 15017 , 19753 -20144 -10749 26655 -5127 -6443 , 12790 7033 -26347 25771 -923 1686 , 15775 11469 -11469 0 -13676 -25145 , 2.2019271298124429e-07 , 24
1.0842343686022402 , 1491 -1709 -11369 -12220 -35711 -13523 , 19831 1785 -1785 0 12007 10222 , 12981 -26347 7033 25771 -28033 7956 , 23443 -13254 13254 0 1669 14923 , 13711 11369 1709 12220 -2154 -34002 , 6902 -10749 -20144 26655 -4306 -15017 , -19753 20144 10749 -26655 5127 6443 , -12790 -7033 26347 -25771 923 -1686 , 15775 11469 -11469 0 -13676 -25145 , 2.2019271298124429e-07 , 25
1.0842343686022402 , 1491 -1709 -11369 -12220 -35711 -13523 , 19831 1785 -1785 0 12007 10222 , 26347 -7033 -12790 28033 -7956 12981 , 23443 -13254 13254 0 1669 14923 , 13711 11369 1709 12220 -2154 -34002 , 10749 20144 -19753 4306 15017 6902 , 6443 19753 -20144 -4306 26655 -5127 , -1686 12790 7033 -28033 25771 -923 , 15775 11469 -11469 0 -13676 -25145 , 2.2019271298181106e-07 , 26
1.0842343686022402 , 1491 -1709 -11369 -12220 -35711 -13523 , 19831 1785 -1785 0 12007 10222 , -26347 7033 12790 -28033 7956 -12981 , 23443 -13254 13254 0 1669 14923 , 13711 11369 1709 12220 -2154 -34002 , -10749 -20144 19753 -4306 -15017 -6902 , -6443 -19753 20144 4306 -26655 5127 , 1686 -12790 -7033 28033 -25771 923 , 15775 11469 -11469 0 -13676 -25145 , 2.2019271298181106e-07 , 27
1.0842343686022402 , 1491 -1709 -11369 -12220 -35711 -13523 , 19831 1785 -1785 0 12007 10222 , -25771 28033 -7956 -12790 1686 -923 , 23443 -13254 13254 0 1669 14923 , 13711 11369 1709 12220 -2154 -34002 , -26655 4306 15017 -19753 -6443 -5127 , -6902 -15017 -4306 19753 -20144 -10749 , -12981 7956 -28033 12790 7033 -26347 , 15775 11469 -11469 0 -13676 -25145 , 2.2019271298237789e-07 , 28
1.0842343686022402 , 1491 -1709 -11369 -12220 -35711 -13523 , 19831 1785 -1785 0 12007 10222 , 25771 -28033 7956 12790 -1686 923 , 23443 -13254 13254 0 1669 14923 , 13711 11369 1709 12220 -2154 -34002 , 26655 -4306 -15017 19753 6443 5127 , 6902 15017 4306 -19753 20144 10749 , 12981 -7956 28033 -12790 -7033 26347 , 15775 11469 -11469 0 -13676 -25145 , 2.2019271298237789e-07 , 29
1.0842343686022402 , 1491 -1709 -11369 -12220 -35711 -13523 , 23443 -13254 13254 0 1669 14923 , -19753 20144 10749 -26655 5127 6443 , 19831 1785 -1785 0 12007 10222 , 13711 11369 1709 12220 -2154 -34002 , -12790 -7033 26347 -25771 923 -1686 , 12981 -26347 7033 25771 -28033 7956 , 6902 -10749 -20144 26655 -4306 -15017 , 15775 11469 -11469 0 -13676 -25145 , 2.2019271298237789e-07 , 30
1.0842343686022402 , 1491 -1709 -11369 -12220 -35711 -13523 , 23443 -13254 13254 0 1669 14923 , 19753 -20144 -10749 26655 -5127 -6443 , 19831 1785 -1785 0 12007 10222 , 13711 11369 1709 12220 -2154 -34002 , 12790 7033 -26347 25771 -923 1686 , -12981 26347 -7033 -25771 28033 -7956 , -6902 10749 20144 -26655 4306 15017 , 15775 11469 -11469 0 -13676 -25145 , 2.2019271298237789e-07 , 31
1.0842343686022402 , 1491 -1709 -11369 -12220 -35711 -13523 , 19831 1785 -1785 0 12007 10222 , -28033 7956 -12981 -1686 923 -25771 , 23443 -13254 13254 0 1669 14923 , 13711 11369 1709 12220 -2154 -34002 , -4306 -15017 -6902 6443 5127 -26655 , -10749 6902 15017 -6443 -19753 20144 , -26347 12981 -7956 1686 -12790 -7033 , 15775 11469 -11469 0 -13676 -25145 , 2.2019271298237791e-07 , 32
1.0842343686022402 , 1491 -1709 -11369 -12220 -35711 -13523 , 19831 1785 -1785 0 12007 10222 , 28033 -7956 12981 1686 -923 25771 , 23443 -13254 13254 0 1669 14923 , 13711 11369 1709 12220 -2154 -34002 , 4306 15017 6902 -6443 -5127 26655 , 10749 -6902 -15017 6443 19753 -20144 , 26347 -12981 7956 -1686 12790 7033 , 15775 11469 -11469 0 -13676 -25145 , 2.2019271298237791e-07 , 33
1.0842343686022402 , 1491 -1709 -11369 -12220 -35711 -13523 , 23443 -13254 13254 0 1669 14923 , -20144 -10749 6902 -5127 -6443 -19753 , 19831 1785 -1785 0 12007 10222 , 13711 11369 1709 12220 -2154 -34002 , 7033 -26347 12981 -923 1686 -12790 , 7956 -12981 26347 923 -25771 28033 , -15017 -6902 10749 5127 -26655 4306 , 15775 11469 -11469 0 -13676 -25145 , 2.2019271298464516e-07 , 34
1.0842343686022402 , 1491 -1709 -11369 -12220 -35711 -13523 , 23443 -13254 13254 0 1669 14923 , 20144 10749 -6902 5127 6443 19753 , 19831 1785 -1785 0 12007 10222 , 13711 11369 1709 12220 -2154 -34002 , -7033 26347 -12981 923 -1686 12790 , -7956 12981 -26347 -923 25771 -28033 , 15017 6902 -10749 -5127 26655 -4306 , 15775 11469 -11469 0 -13676 -25145 , 2.2019271298464516e-07 , 35
1.1934721915654263 , 12626 -7651 -27753 -4593 -19281 -28183 , 21232 8357 -8357 0 18110 9753 , -22482 8058 -10365 -12209 16420 -29195 , 22042 -19826 19826 0 -4434 15392 , 17219 27753 7651 4593 -430 -11630 , -21770 7682 20635 -21161 -11052 9220 , -609 -20635 -7682 21161 -11415 -18734 , -10273 10365 -8058 12209 -18830 8362 , 15775 11469 -11469 0 -13676 -25145 , 2.2019933605749241e-07 , 0
1.1934721915654263 , 12626 -7651 -27753 -4593 -19281 -28183 , 21232 8357 -8357 0 18110 9753 , 22482 -8058 10365 12209 -16420 29195 , 22042 -19826 19826 0 -4434 15392 , 17219 27753 7651 4593 -430 -11630 , 21770 -7682 -20635 21161 11052 -9220 , 609 20635 7682 -21161 11415 18734 , 10273 -10365 8058 -12209 18830 -8362 , 15775 11469 -11469 0 -13676 -25145 , 2.2019933605749241e-07 , 1
1.1934721915654263 , 12626 -7651 -27753 -4593 -19281 -28183 , 22042 -19826 19826 0 -4434 15392 , -21770 -9220 11052 -609 -20635 -7682 , 21232 8357 -8357 0 18110 9753 , 17219 27753 7651 4593 -430 -11630 , -22482 29195 -16420 -10273 10365 -8058 , -12209 16420 -29195 10273 8362 -18830 , -21161 -11052 9220 609 -18734 -11415 , 15775 11469 -11469 0 -13676 -25145 , 2.2019933605915615e-07 , 2
1.1934721915654263 , 12626 -7651 -27753 -4593 -19281 -28183 , 22042 -19826 19826 0 -4434 15392 , 21770 9220 -11052 609 20635 7682 , 21232 8357 -8357 0 18110 9753 , 17219 27753 7651 4593 -430 -11630 , 22482 -29195 16420 10273 -10365 8058 , 12209 -16420 29195 -10273 -8362 18830 , 21161 11052 -9220 -609 18734 11415 , 15775 11469 -11469 0 -13676 -25145 , 2.2019933605915615e-07 , 3
1.1934721915654263 , 12626 -7651 -27753 -4593 -19281 -28183 , 22042 -19826 19826 0 -4434 15392 , -18734 609 20635 -11052 -21161 11415 , 21232 8357 -8357 0 18110 9753 , 17219 27753 7651 4593 -430 -11630 , 8362 10273 -10365 16420 -12209 18830 , -8058 10365 -10273 -16420 29195 -22482 , -7682 -20635 -609 11052 -9220 -21770 , 15775 11469 -11469 0 -13676 -25145 , 2.201993360608199e-07 , 4
1.1934721915654263 , 12626 -7651 -27753 -4593 -19281 -28183 , 22042 -19826 19826 0 -4434 15392 , 18734 -609 -20635 11052 21161 -11415 , 21232 8357 -8357 0 18110 9753 , 17219 27753 7651 4593 -430 -11630 , -8362 -10273 10365 -16420 12209 -18830 , 8058 -10365 10273 16420 -29195 22482 , 7682 20635 609 -11052 9220 21770 , 15775 11469 -11469 0 -13676 -25145 , 2.201993360608199e-07 , 5
1.1934721915654263 , 12626 -7651 -27753 -4593 -19281 -28183 , 22042 -19826 19826 0 -4434 15392 , -11052 -21161 11415 7682 -21770 -9220 , 21232 8357 -8357 0 18110 9753 , 17219 27753 7651 4593 -430 -11630 , 16420 -12209 18830 8058 -22482 29195 , 8362 -18830 12209 -8058 10365 -10273 , -18734 -11415 21161 -7682 -20635 -609 , 15775 11469 -11469 0 -13676 -25145 , 2.2019933606165174e-07 , 6
1.1934721915654263 , 12626 -7651 -27753 -4593 -19281 -28183 , 22042 -19826 19826 0 -4434 15392 , 11052 21161 -11415 -7682 21770 9220 , 21232 8357 -8357 0 18110 9753 , 17219 27753 7651 4593 -430 -11630 , -16420 12209 -18830 -8058 22482 -29195 , -8362 18830 -12209 8058 -10365 10273 , 18734 11415 -21161 7682 20635 609 , 15775 11469 -11469 0 -13676 -25145 , 2.2019933606165174e-07 , 7
1.1934721915654263 , 12626 -7651 -27753 -4593 -19281 -28183 , 21232 8357 -8357 0 18110 9753 , -8362 18830 -12209 8058 -10365 10273 , 22042 -19826 19826 0 -4434 15392 , 17219 27753 7651 4593 -430 -11630 , 18734 11415 -21161 7682 20635 609 , 11052 21161 -11415 -7682 21770 9220 , -16420 12209 -18830 -8058 22482 -29195 , 15775 11469 -11469 0 -13676 -25145 , 2.2019933606165174e-07 , 8
1.1934721915654263 , 12626 -7651 -27753 -4593 -19281 -28183 , 21232 8357 -8357 0 18110 9753 , 8362 -18830 12209 -8058 10365 -10273 , 22042 -19826 19826 0 -4434 15392 , 17219 27753 7651 4593 -430 -11630 , -18734 -11415 21161 -7682 -20635 -609 , -11052 -21161 11415 7682 -21770 -9220 , 16420 -12209 18830 8058 -22482 29195 , 15775 11469 -11469 0 -13676 -25145 , 2.2019933606165174e-07 , 9
1.1934721915654263 , 12626 -7651 -27753 -4593 -19281 -28183 , 22042 -19826 19826 0 -4434 15392 , -7682 21770 9220 -18734 609 20635 , 21232 8357 -8357 0 18110 9753 , 17219 27753 7651 4593 -430 -11630 , -8058 22482 -29195 8362 10273 -10365 , -16420 29195 -22482 -8362 18830 -12209 , 11052 -9220 -21770 18734 11415 -21161 , 15775 11469 -11469 0 -13676 -25145 , 2.2019933606248361e-07 , 10
1.1934721915654263 , 12626 -7651 -27753 -4593 -19281 -28183 , 22042 -19826 19826 0 -4434 15392 , 7682 -21770 -9220 18734 -609 -20635 , 21232 8357 -8357 0 18110 9753 , 17219 27753 7651 4593 -430 -11630 , 8058 -22482 29195 -8362 -10273 10365 , 16420 -29195 22482 8362 -18830 12209 , -11052 9220 21770 -18734 -11415 21161 , 15775 11469 -11469 0 -13676 -25145 , 2.2019933606248361e-07 , 11
1.1934721915654263 , 12626 -7651 -27753 -4593 -19281 -28183 , 21232 8357 -8357 0 18110 9753 , -29195 22482 -8058 -18830 12209 -16420 , 22042 -19826 19826 0 -4434 15392 , 17219 27753 7651 4593 -430 -11630 , 9220 21770 -7682 -11415 21161 11052 , 20635 7682 -21770 11415 18734 -609 , -10365 8058 -22482 18830 -8362 -10273 , 15775 11469 -11469 0 -13676 -25145 , 2.2019933606248361e-07 , 12
1.1934721915654263 , 12626 -7651 -27753 -4593 -19281 -28183 , 21232 8357 -8357 0 18110 9753 , 29195 -22482 8058 18830 -12209 16420 , 22042 -19826 19826 0 -4434 15392 , 17219 27753 7651 4593 -430 -11630 , -9220 -21770 7682 11415 -21161 -11052 , -20635 -7682 21770 -11415 -18734 609 , 10365 -8058 22482 -18830 8362 10273 , 15775 11469 -11469 0 -13676 -25145 , 2.2019933606248361e-07 , 13
1.1934721915654263 , 12626 -7651 -27753 -4593 -19281 -28183 , 21232 8357 -8357 0 18110 9753 , 10273 8362 -18830 22482 -8058 10365 , 22042 -19826 19826 0 -4434 15392 , 17219 27753 7651 4593 -430 -11630 , 609 -18734 -11415 21770 -7682 -20635 , -21161 11415 18734 -21770 -9220 11052 , -12209 18830 -8362 -22482 29195 -16420 , 15775 11469 -11469 0 -13676 -25145 , 2.2019933606331545e-07 , 14
1.1934721915654263 , 12626 -7651 -27753 -4593 -19281 -28183 , 21232 8357 -8357 0 18110 9753 , -18830 12209 -16420 10365 -10273 -8362 , 22042 -19826 19826 0 -4434 15392 , 17219 27753 7651 4593 -430 -11630 , -11415 21161 11052 -20635 -609 18734 , 9220 -11052 -21161 20635 7682 -21770 , -29195 16420 -12209 -10365 8058 -22482 , 15775 11469 -11469 0 -13676 -25145 , 2.2019933606331545e-07 , 15
1.1934721915654263 , 12626 -7651 -27753 -4593 -19281 -28183 , 21232 8357 -8357 0 18110 9753 , 18830 -12209 16420 -10365 10273 8362 , 22042 -19826 19826 0 -4434 15392 , 17219 27753 7651 4593 -430 -11630 , 11415 -21161 -11052 20635 609 -18734 , -9220 11052 21161 -20635 -7682 21770 , 29195 -16420 12209 10365 -8058 22482 , 15775 11469 -11469 0 -13676 -25145 , 2.2019933606331545e-07 , 16
1.1934721915654263 , 12626 -7651 -27753 -4593 -19281 -28183 , 21232 8357 -8357 0 18110 9753 , -10273 -8362 18830 -22482 8058 -10365 , 22042 -19826 19826 0 -4434 15392 , 17219 27753 7651 4593 -430 -11630 , -609 18734 11415 -21770 7682 20635 , 21161 -11415 -18734 21770 9220 -11052 , 12209 -18830 8362 22482 -29195 16420 , 15775 11469 -11469 0 -13676 -25145 , 2.2019933606331545e-07 , 17
1.1934721915654263 , 12626 -7651 -27753 -4593 -19281 -28183 , 22042 -19826 19826 0 -4434 15392 , 9220 -11052 -21161 20635 7682 -21770 , 21232 8357 -8357 0 18110 9753 , 17219 27753 7651 4593 -430 -11630 , -29195 16420 -12209 -10365 8058 -22482 , -18830 12209 -16420 10365 -10273 -8362 , -11415 21161 11052 -20635 -609 18734 , 15775 11469 -11469 0 -13676 -25145 , 2.2019933606331547e-07 , 18
1.1934721915654263 , 12626 -7651 -27753 -4593 -19281 -28183 , 22042 -19826 19826 0 -4434 15392 , -9220 11052 21161 -20635 -7682 21770 , 21232 8357 -8357 0 18110 9753 , 17219 27753 7651 4593 -430 -11630 , 29195 -16420 12209 10365 -8058 22482 , 18830 -12209 16420 -10365 10273 8362 , 11415 -21161 -11052 20635 609 -18734 , 15775 11469 -11469 0 -13676 -25145 , 2.2019933606331547e-07 , 19
1.1934721915654263 , 12626 -7651 -27753 -4593 -19281 -28183 , 21232 8357 -8357 0 18110 9753 , -12209 16420 -29195 10273 8362 -18830 , 22042 -19826 19826 0 -4434 15392 , 17219 27753 7651 4593 -430 -11630 , -21161 -11052 9220 609 -18734 -11415 , -21770 -9220 11052 -609 -20635 -7682 , -22482 29195 -16420 -10273 10365 -8058 , 15775 11469 -11469 0 -13676 -25145 , 2.2019933606414731e-07 , 20
1.1934721915654263 , 12626 -7651 -27753 -4593 -19281 -28183 , 21232 8357 -8357 0 18110 9753 , 12209 -16420 29195 -10273 -8362 18830 , 22042 -19826 19826 0 -4434 15392 , 17219 27753 7651 4593 -430 -11630 , 21161 11052 -9220 -609 18734 11415 , 21770 9220 -11052 609 20635 7682 , 22482 -29195 16420 10273 -10365 8058 , 15775 11469 -11469 0 -13676 -25145 , 2.2019933606414731e-07 , 21
1.1934721915654263 , 12626 -7651 -27753 -4593 -19281 -28183 , 21232 8357 -8357 0 18110 9753 , 8058 -10365 10273 16420 -29195 22482 , 22042 -19826 19826 0 -4434 15392 , 17219 27753 7651 4593 -430 -11630 , 7682 20635 609 -11052 9220 21770 , 18734 -609 -20635 11052 21161 -11415 , -8362 -10273 10365 -16420 12209 -18830 , 15775 11469 -11469 0 -13676 -25145 , 2.2019933606414734e-07 , 22
1.1934721915654263 , 12626 -7651 -27753 -4593 -19281 -28183 , 21232 8357 -8357 0 18110 9753 , -8058 10365 -10273 -16420 29195 -22482 , 22042 -19826 19826 0 -4434 15392 , 17219 27753 7651 4593 -430 -11630 , -7682 -20635 -609 11052 -9220 -21770 , -18734 609 20635 -11052 -21161 11415 , 8362 10273 -10365 16420 -12209 18830 , 15775 11469 -11469 0 -13676 -25145 , 2.2019933606414734e-07 , 23
1.1934721915654263 , 12626 -7651 -27753 -4593 -19281 -28183 , 22042 -19826 19826 0 -4434 15392 , -20635 -7682 21770 -11415 -18734 609 , 21232 8357 -8357 0 18110 9753 , 17219 27753 7651 4593 -430 -11630 , 10365 -8058 22482 -18830 8362 10273 , 29195 -22482 8058 18830 -12209 16420 , -9220 -21770 7682 11415 -21161 -11052 , 15775 11469 -11469 0 -13676 -25145 , 2.2019933606497915e-07 , 24
1.1934721915654263 , 12626 -7651 -27753 -4593 -19281 -28183 , 22042 -19826 19826 0 -4434 15392 , 20635 7682 -21770 11415 18734 -609 , 21232 8357 -8357 0 18110 9753 , 17219 27753 7651 4593 -430 -11630 , -10365 8058 -22482 18830 -8362 -10273 , -29195 22482 -8058 -18830 12209 -16420 , 9220 21770 -7682 -11415 21161 11052 , 15775 11469 -11469 0 -13676 -25145 , 2.2019933606497915e-07 , 25
1.1934721915654263 , 12626 -7651 -27753 -4593 -19281 -28183 , 22042 -19826 19826 0 -4434 15392 , -609 -20635 -7682 21161 -11415 -18734 , 21232 8357 -8357 0 18110 9753 , 17219 27753 7651 4593 -430 -11630 , -10273 10365 -8058 12209 -18830 8362 , -22482 8058 -10365 -12209 16420 -29195 , -21770 7682 20635 -21161 -11052 9220 , 15775 11469 -11469 0 -13676 -25145 , 2.2019933606497918e-07 , 26
1.1934721915654263 , 12626 -7651 -27753 -4593 -19281 -28183 , 22042 -19826 19826 0 -4434 15392 , 609 20635 7682 -21161 11415 18734 , 21232 8357 -8357 0 18110 9753 , 17219 27753 7651 4593 -430 -11630 , 10273 -10365 8058 -12209 18830 -8362 , 22482 -8058 10365 12209 -16420 29195 , 21770 -7682 -20635 21161 11052 -9220 , 15775 11469 -11469 0 -13676 -25145 , 2.2019933606497918e-07 , 27
1.1934721915654263 , 12626 -7651 -27753 -4593 -19281 -28183 , 21232 8357 -8357 0 18110 9753 , 16420 -29195 22482 8362 -18830 12209 , 22042 -19826 19826 0 -4434 15392 , 17219 27753 7651 4593 -430 -11630 , -11052 9220 21770 -18734 -11415 21161 , 7682 -21770 -9220 18734 -609 -20635 , 8058 -22482 29195 -8362 -10273 10365 , 15775 11469 -11469 0 -13676 -25145 , 2.2019933606497918e-07 , 28
1.1934721915654263 , 12626 -7651 -27753 -4593 -19281 -28183 , 21232 8357 -8357 0 18110 9753 , -16420 29195 -22482 -8362 18830 -12209 , 22042 -19826 19826 0 -4434 15392 , 17219 27753 7651 4593 -430 -11630 , 11052 -9220 -21770 18734 11415 -21161 , -7682 21770 9220 -18734 609 20635 , -8058 22482 -29195 8362 10273 -10365 , 15775 11469 -11469 0 -13676 -25145 , 2.2019933606497918e-07 , 29
1.1934721915654263 , 12626 -7651 -27753 -4593 -19281 -28183 , 21232 8357 -8357 0 18110 9753 , -10365 10273 8362 -29195 22482 -8058 , 22042 -19826 19826 0 -4434 15392 , 17219 27753 7651 4593 -430 -11630 , 20635 609 -18734 9220 21770 -7682 , 11415 18734 -609 -9220 11052 21161 , 18830 -8362 -10273 29195 -16420 12209 , 15775 11469 -11469 0 -13676 -25145 , 2.2019933606664291e-07 , 30
1.1934721915654263 , 12626 -7651 -27753 -4593 -19281 -28183 , 21232 8357 -8357 0 18110 9753 , 10365 -10273 -8362 29195 -22482 8058 , 22042 -19826 19826 0 -4434 15392 , 17219 27753 7651 4593 -430 -11630 , -20635 -609 18734 -9220 -21770 7682 , -11415 -18734 609 9220 -11052 -21161 , -18830 8362 10273 -29195 16420 -12209 , 15775 11469 -11469 0 -13676 -25145 , 2.2019933606664291e-07 , 31
1.1934721915654263 , 12626 -7651 -27753 -4593 -19281 -28183 , 22042 -19826 19826 0 -4434 15392 , -11415 -18734 609 9220 -11052 -21161 , 21232 8357 -8357 0 18110 9753 , 17219 27753 7651 4593 -430 -11630 , -18830 8362 10273 -29195 16420 -12209 , 10365 -10273 -8362 29195 -22482 8058 , -20635 -609 18734 -9220 -21770 7682 , 15775 11469 -11469 0 -13676 -25145 , 2.2019933606830664e-07 , 32
1.1934721915654263 , 12626 -7651 -27753 -4593 -19281 -28183 , 22042 -19826 19826 0 -4434 15392 , 21161 -11415 -18734 21770 9220 -11052 , 21232 8357 -8357 0 18110 9753 , 17219 27753 7651 4593 -430 -11630 , 12209 -18830 8362 22482 -29195 16420 , -10273 -8362 18830 -22482 8058 -10365 , -609 18734 11415 -21770 7682 20635 , 15775 11469 -11469 0 -13676 -25145 , 2.2019933606830664e-07 , 33
1.1934721915654263 , 12626 -7651 -27753 -4593 -19281 -28183 , 22042 -19826 19826 0 -4434 15392 , -21161 11415 18734 -21770 -9220 11052 , 21232 8357 -8357 0 18110 9753 , 17219 27753 7651 4593 -430 -11630 , -12209 18830 -8362 -22482 29195 -16420 , 10273 8362 -18830 22482 -8058 10365 , 609 -18734 -11415 21770 -7682 -20635 , 15775 11469 -11469 0 -13676 -25145 , 2.2019933606830664e-07 , 34
1.1934721915654263 , 12626 -7651 -27753 -4593 -19281 -28183 , 22042 -19826 19826 0 -4434 15392 , 11415 18734 -609 -9220 11052 21161 , 21232 8357 -8357 0 18110 9753 , 17219 27753 7651 4593 -430 -11630 , 18830 -8362 -10273 29195 -16420 12209 , -10365 10273 8362 -29195 22482 -8058 , 20635 609 -18734 9220 21770 -7682 , 15775 11469 -11469 0 -13676 -25145 , 2.2019933606830664e-07 , 35
1.3024659038369972 , -6955 4846 -18140 -23821 -22659 -21447 , 19087 -14005 14005 0 -1261 12744 , -12356 31651 -2471 -23091 15291 9192 , 24187 2536 -2536 0 14937 12401 , 16866 18140 -4846 23821 -3307 -27505 , -26467 21876 -7889 -11560 2617 -8256 , -14907 7889 -21876 11560 -367 -19259 , 10735 2471 -31651 23091 11663 -16360 , 15775 11469 -11469 0 -13676 -25145 , 2.2019200308675989e-07 , 0
1.3024659038369972 , -6955 4846 -18140 -23821 -22659 -21447 , 19087 -14005 14005 0 -1261 12744 , -31651 2471 10735 -15291 -9192 -12356 , 24187 2536 -2536 0 14937 12401 , 16866 18140 -4846 23821 -3307 -27505 , -21876 7889 -14907 -2617 8256 -26467 , -19259 14907 -7889 2617 -11560 367 , -16360 -10735 -2471 15291 -23091 -11663 , 15775 11469 -11469 0 -13676 -25145 , 2.2019200308675989e-07 , 1
1.3024659038369972 , -6955 4846 -18140 -23821 -22659 -21447 , 19087 -14005 14005 0 -1261 12744 , 31651 -2471 -10735 15291 9192 12356 , 24187 2536 -2536 0 14937 12401 , 16866 18140 -4846 23821 -3307 -27505 , 21876 -7889 14907 2617 -8256 26467 , 19259 -14907 7889 -2617 11560 -367 , 16360 10735 2471 -15291 23091 11663 , 15775 11469 -11469 0 -13676 -25145 , 2.2019200308675989e-07 , 2
1.3024659038369972 , -6955 4846 -18140 -23821 -22659 -21447 , 19087 -14005 14005 0 -1261 12744 , 12356 -31651 2471 23091 -15291 -9192 , 24187 2536 -2536 0 14937 12401 , 16866 18140 -4846 23821 -3307 -27505 , 26467 -21876 7889 11560 -2617 8256 , 14907 -7889 21876 -11560 367 19259 , -10735 -2471 31651 -23091 -11663 16360 , 15775 11469 -11469 0 -13676 -25145 , 2.2019200308675989e-07 , 3
1.3024659038369972 , -6955 4846 -18140 -23821 -22659 -21447 , 24187 2536 -2536 0 14937 12401 , 11560 -367 -19259 26467 -8256 2617 , 19087 -14005 14005 0 -1261 12744 , 16866 18140 -4846 23821 -3307 -27505 , 23091 11663 -16360 12356 9192 15291 , 10735 16360 -11663 -12356 31651 -2471 , -14907 19259 367 -26467 21876 -7889 , 15775 11469 -11469 0 -13676 -25145 , 2.2019200308729053e-07 , 4
1.3024659038369972 , -6955 4846 -18140 -23821 -22659 -21447 , 24187 2536 -2536 0 14937 12401 , -11560 367 19259 -26467 8256 -2617 , 19087 -14005 14005 0 -1261 12744 , 16866 18140 -4846 23821 -3307 -27505 , -23091 -11663 16360 -12356 -9192 -15291 , -10735 -16360 11663 12356 -31651 2471 , 14907 -19259 -367 26467 -21876 7889 , 15775 11469 -11469 0 -13676 -25145 , 2.2019200308729053e-07 , 5
1.3024659038369972 , -6955 4846 -18140 -23821 -22659 -21447 , 24187 2536 -2536 0 14937 12401 , 2617 -11560 367 21876 -26467 8256 , 19087 -14005 14005 0 -1261 12744 , 16866 18140 -4846 23821 -3307 -27505 , 15291 -23091 -11663 31651 -12356 -9192 , -16360 11663 23091 -31651 2471 10735 , -19259 -367 11560 -21876 7889 -14907 , 15775 11469 -11469 0 -13676 -25145 , 2.2019200308835173e-07 , 6
1.3024659038369972 , -6955 4846 -18140 -23821 -22659 -21447 , 24187 2536 -2536 0 14937 12401 , -2617 11560 -367 -21876 26467 -8256 , 19087 -14005 14005 0 -1261 12744 , 16866 18140 -4846 23821 -3307 -27505 , -15291 23091 11663 -31651 12356 9192 , 16360 -11663 -23091 31651 -2471 -10735 , 19259 367 -11560 21876 -7889 14907 , 15775 11469 -11469 0 -13676 -25145 , 2.2019200308835173e-07 , 7
1.3024659038369972 , -6955 4846 -18140 -23821 -22659 -21447 , 24187 2536 -2536 0 14937 12401 , -19259 14907 -7889 2617 -11560 367 , 19087 -14005 14005 0 -1261 12744 , 16866 18140 -4846 23821 -3307 -27505 , -16360 -10735 -2471 15291 -23091 -11663 , -31651 2471 10735 -15291 -9192 -12356 , -21876 7889 -14907 -2617 8256 -26467 , 15775 11469 -11469 0 -13676 -25145 , 2.2019200308941293e-07 , 8
1.3024659038369972 , -6955 4846 -18140 -23821 -22659 -21447 , 24187 2536 -2536 0 14937 12401 , 19259 -14907 7889 -2617 11560 -367 , 19087 -14005 14005 0 -1261 12744 , 16866 18140 -4846 23821 -3307 -27505 , 16360 10735 2471 -15291 23091 11663 , 31651 -2471 -10735 15291 9192 12356 , 21876 -7889 14907 2617 -8256 26467 , 15775 11469 -11469 0 -13676 -25145 , 2.2019200308941293e-07 , 9
1.3024659038369972 , -6955 4846 -18140 -23821 -22659 -21447 , 19087 -14005 14005 0 -1261 12744 , -15291 -9192 -12356 16360 -11663 -23091 , 24187 2536 -2536 0 14937 12401 , 16866 18140 -4846 23821 -3307 -27505 , -2617 8256 -26467 19259 367 -11560 , -21876 26467 -8256 -19259 14907 -7889 , -31651 12356 9192 -16360 -10735 -2471 , 15775 11469 -11469 0 -13676 -25145 , 2.2019200308941293e-07 , 10
1.3024659038369972 , -6955 4846 -18140 -23821 -22659 -21447 , 19087 -14005 14005 0 -1261 12744 , 15291 9192 12356 -16360 11663 23091 , 24187 2536 -2536 0 14937 12401 , 16866 18140 -4846 23821 -3307 -27505 , 2617 -8256 26467 -19259 -367 11560 , 21876 -26467 8256 19259 -14907 7889 , 31651 -12356 -9192 16360 10735 2471 , 15775 11469 -11469 0 -13676 -25145 , 2.2019200308941293e-07 , 11
1.3024659038369972 , -6955 4846 -18140 -23821 -22659 -21447 , 19087 -14005 14005 0 -1261 12744 , -2471 -10735 -16360 9192 12356 -31651 , 24187 2536 -2536 0 14937 12401 , 16866 18140 -4846 23821 -3307 -27505 , -7889 14907 -19259 -8256 26467 -21876 , 367 19259 -14907 8256 -2617 11560 , -11663 16360 10735 -9192 -15291 23091 , 15775 11469 -11469 0 -13676 -25145 , 2.2019200308941296e-07 , 12
1.3024659038369972 , -6955 4846 -18140 -23821 -22659 -21447 , 19087 -14005 14005 0 -1261 12744 , 2471 10735 16360 -9192 -12356 31651 , 24187 2536 -2536 0 14937 12401 , 16866 18140 -4846 23821 -3307 -27505 , 7889 -14907 19259 8256 -26467 21876 , -367 -19259 14907 -8256 2617 -11560 , 11663 -16360 -10735 9192 15291 -23091 , 15775 11469 -11469 0 -13676 -25145 , 2.2019200308941296e-07 , 13
1.3024659038369972 , -6955 4846 -18140 -23821 -22659 -21447 , 24187 2536 -2536 0 14937 12401 , -21876 26467 -8256 -19259 14907 -7889 , 19087 -14005 14005 0 -1261 12744 , 16866 18140 -4846 23821 -3307 -27505 , -31651 12356 9192 -16360 -10735 -2471 , -15291 -9192 -12356 16360 -11663 -23091 , -2617 8256 -26467 19259 367 -11560 , 15775 11469 -11469 0 -13676 -25145 , 2.2019200309047413e-07 , 14
1.3024659038369972 , -6955 4846 -18140 -23821 -22659 -21447 , 24187 2536 -2536 0 14937 12401 , 21876 -26467 8256 19259 -14907 7889 , 19087 -14005 14005 0 -1261 12744 , 16866 18140 -4846 23821 -3307 -27505 , 31651 -12356 -9192 16360 10735 2471 , 15291 9192 12356 -16360 11663 23091 , 2617 -8256 26467 -19259 -367 11560 , 15775 11469 -11469 0 -13676 -25145 , 2.2019200309047413e-07 , 15
1.3024659038369972 , -6955 4846 -18140 -23821 -22659 -21447 , 24187 2536 -2536 0 14937 12401 , -367 -19259 14907 -8256 2617 -11560 , 19087 -14005 14005 0 -1261 12744 , 16866 18140 -4846 23821 -3307 -27505 , 11663 -16360 -10735 9192 15291 -23091 , 2471 10735 16360 -9192 -12356 31651 , 7889 -14907 19259 8256 -26467 21876 , 15775 11469 -11469 0 -13676 -25145 , 2.2019200309047416e-07 , 16
1.3024659038369972 , -6955 4846 -18140 -23821 -22659 -21447 , 24187 2536 -2536 0 14937 12401 , -7889 21876 -26467 367 19259 -14907 , 19087 -14005 14005 0 -1261 12744 , 16866 18140 -4846 23821 -3307 -27505 , -2471 31651 -12356 -11663 16360 10735 , 9192 12356 -31651 11663 23091 -15291 , -8256 26467 -21876 -367 11560 -2617 , 15775 11469 -11469 0 -13676 -25145 , 2.2019200309047416e-07 , 17
1.3024659038369972 , -6955 4846 -18140 -23821 -22659 -21447 , 24187 2536 -2536 0 14937 12401 , 7889 -21876 26467 -367 -19259 14907 , 19087 -14005 14005 0 -1261 12744 , 16866 18140 -4846 23821 -3307 -27505 , 2471 -31651 12356 11663 -16360 -10735 , -9192 -12356 31651 -11663 -23091 15291 , 8256 -26467 21876 367 -11560 2617 , 15775 11469 -11469 0 -13676 -25145 , 2.2019200309047416e-07 , 18
1.3024659038369972 , -6955 4846 -18140 -23821 -22659 -21447 , 24187 2536 -2536 0 14937 12401 , 367 19259 -14907 8256 -2617 11560 , 19087 -14005 14005 0 -1261 12744 , 16866 18140 -4846 23821 -3307 -27505 , -11663 16360 10735 -9192 -15291 23091 , -2471 -10735 -16360 9192 12356 -31651 , -7889 14907 -19259 -8256 26467 -21876 , 15775 11469 -11469 0 -13676 -25145 , 2.2019200309047416e-07 , 19
1.3024659038369972 , -6955 4846 -18140 -23821 -22659 -21447 , 19087 -14005 14005 0 -1261 12744 , -9192 -12356 31651 -11663 -23091 15291 , 24187 2536 -2536 0 14937 12401 , 16866 18140 -4846 23821 -3307 -27505 , 8256 -26467 21876 367 -11560 2617 , 7889 -21876 26467 -367 -19259 14907 , 2471 -31651 12356 11663 -16360 -10735 , 15775 11469 -11469 0 -13676 -25145 , 2.2019200309047416e-07 , 20
1.3024659038369972 , -6955 4846 -18140 -23821 -22659 -21447 , 19087 -14005 14005 0 -1261 12744 , -10735 -16360 11663 12356 -31651 2471 , 24187 2536 -2536 0 14937 12401 , 16866 18140 -4846 23821 -3307 -27505 , 14907 -19259 -367 26467 -21876 7889 , -11560 367 19259 -26467 8256 -2617 , -23091 -11663 16360 -12356 -9192 -15291 , 15775 11469 -11469 0 -13676 -25145 , 2.2019200309047416e-07 , 21
1.3024659038369972 , -6955 4846 -18140 -23821 -22659 -21447 , 19087 -14005 14005 0 -1261 12744 , 10735 16360 -11663 -12356 31651 -2471 , 24187 2536 -2536 0 14937 12401 , 16866 18140 -4846 23821 -3307 -27505 , -14907 19259 367 -26467 21876 -7889 , 11560 -367 -19259 26467 -8256 2617 , 23091 11663 -16360 12356 9192 15291 , 15775 11469 -11469 0 -13676 -25145 , 2.2019200309047416e-07 , 22
1.3024659038369972 , -6955 4846 -18140 -23821 -22659 -21447 , 19087 -14005 14005 0 -1261 12744 , 9192 12356 -31651 11663 23091 -15291 , 24187 2536 -2536 0 14937 12401 , 16866 18140 -4846 23821 -3307 -27505 , -8256 26467 -21876 -367 11560 -2617 , -7889 21876 -26467 367 19259 -14907 , -2471 31651 -12356 -11663 16360 10735 , 15775 11469 -11469 0 -13676 -25145 , 2.2019200309047416e-07 , 23
1.3024659038369972 , -6955 4846 -18140 -23821 -22659 -21447 , 19087 -14005 14005 0 -1261 12744 , -23091 15291 9192 -10735 -16360 11663 , 24187 2536 -2536 0 14937 12401 , 16866 18140 -4846 23821 -3307 -27505 , -11560 2617 -8256 14907 -19259 -367 , -26467 8256 -2617 -14907 7889 -21876 , -12356 -9192 -15291 10735 2471 -31651 , 15775 11469 -11469 0 -13676 -25145 , 2.2019200309153536e-07 , 24
1.3024659038369972 , -6955 4846 -18140 -23821 -22659 -21447 , 19087 -14005 14005 0 -1261 12744 , 23091 -15291 -9192 10735 16360 -11663 , 24187 2536 -2536 0 14937 12401 , 16866 18140 -4846 23821 -3307 -27505 , 11560 -2617 8256 -14907 19259 367 , 26467 -8256 2617 14907 -7889 21876 , 12356 9192 15291 -10735 -2471 31651 , 15775 11469 -11469 0 -13676 -25145 , 2.2019200309153536e-07 , 25
1.3024659038369972 , -6955 4846 -18140 -23821 -22659 -21447 , 19087 -14005 14005 0 -1261 12744 , -11663 -23091 15291 -2471 -10735 -16360 , 24187 2536 -2536 0 14937 12401 , 16866 18140 -4846 23821 -3307 -27505 , 367 -11560 2617 -7889 14907 -19259 , 8256 -2617 11560 7889 -21876 26467 , -9192 -15291 23091 2471 -31651 12356 , 15775 11469 -11469 0 -13676 -25145 , 2.2019200309153538e-07 , 26
1.3024659038369972 , -6955 4846 -18140 -23821 -22659 -21447 , 19087 -14005 14005 0 -1261 12744 , 11663 23091 -15291 2471 10735 16360 , 24187 2536 -2536 0 14937 12401 , 16866 18140 -4846 23821 -3307 -27505 , -367 11560 -2617 7889 -14907 19259 , -8256 2617 -11560 -7889 21876 -26467 , 9192 15291 -23091 -2471 31651 -12356 , 15775 11469 -11469 0 -13676 -25145 , 2.2019200309153538e-07 , 27
1.3024659038369972 , -6955 4846 -18140 -23821 -22659 -21447 , 24187 2536 -2536 0 14937 12401 , -8256 2617 -11560 -7889 21876 -26467 , 19087 -14005 14005 0 -1261 12744 , 16866 18140 -4846 23821 -3307 -27505 , 9192 15291 -23091 -2471 31651 -12356 , 11663 23091 -15291 2471 10735 16360 , -367 11560 -2617 7889 -14907 19259 , 15775 11469 -11469 0 -13676 -25145 , 2.2019200309259658e-07 , 28
1.3024659038369972 , -6955 4846 -18140 -23821 -22659 -21447 , 24187 2536 -2536 0 14937 12401 , 26467 -8256 2617 14907 -7889 21876 , 19087 -14005 14005 0 -1261 12744 , 16866 18140 -4846 23821 -3307 -27505 , 12356 9192 15291 -10735 -2471 31651 , 23091 -15291 -9192 10735 16360 -11663 , 11560 -2617 8256 -14907 19259 367 , 15775 11469 -11469 0 -13676 -25145 , 2.2019200309259658e-07 , 29
1.3024659038369972 , -6955 4846 -18140 -23821 -22659 -21447 , 24187 2536 -2536 0 14937 12401 , -26467 8256 -2617 -14907 7889 -21876 , 19087 -14005 14005 0 -1261 12744 , 16866 18140 -4846 23821 -3307 -27505 , -12356 -9192 -15291 10735 2471 -31651 , -23091 15291 9192 -10735 -16360 11663 , -11560 2617 -8256 14907 -19259 -367 , 15775 11469 -11469 0 -13676 -25145 , 2.2019200309259658e-07 , 30
1.3024659038369972 , -6955 4846 -18140 -23821 -22659 -21447 , 24187 2536 -2536 0 14937 12401 , 8256 -2617 11560 7889 -21876 26467 , 19087 -14005 14005 0 -1261 12744 , 16866 18140 -4846 23821 -3307 -27505 , -9192 -15291 23091 2471 -31651 12356 , -11663 -23091 15291 -2471 -10735 -16360 , 367 -11560 2617 -7889 14907 -19259 , 15775 11469 -11469 0 -13676 -25145 , 2.2019200309259658e-07 , 31
1.3024659038369972 , -6955 4846 -18140 -23821 -22659 -21447 , 19087 -14005 14005 0 -1261 12744 , 16360 -11663 -23091 31651 -2471 -10735 , 24187 2536 -2536 0 14937 12401 , 16866 18140 -4846 23821 -3307 -27505 , 19259 367 -11560 21876 -7889 14907 , -2617 11560 -367 -21876 26467 -8256 , -15291 23091 11663 -31651 12356 9192 , 15775 11469 -11469 0 -13676 -25145 , 2.2019200309259658e-07 , 32
1.3024659038369972 , -6955 4846 -18140 -23821 -22659 -21447 , 19087 -14005 14005 0 -1261 12744 , -16360 11663 23091 -31651 2471 10735 , 24187 2536 -2536 0 14937 12401 , 16866 18140 -4846 23821 -3307 -27505 , -19259 -367 11560 -21876 7889 -14907 , 2617 -11560 367 21876 -26467 8256 , 15291 -23091 -11663 31651 -12356 -9192 , 15775 11469 -11469 0 -13676 -25145 , 2.2019200309259658e-07 , 33
1.3024659038369972 , -6955 4846 -18140 -23821 -22659 -21447 , 24187 2536 -2536 0 14937 12401 , -14907 7889 -21876 11560 -367 -19259 , 19087 -14005 14005 0 -1261 12744 , 16866 18140 -4846 23821 -3307 -27505 , 10735 2471 -31651 23091 11663 -16360 , -12356 31651 -2471 -23091 15291 9192 , -26467 21876 -7889 -11560 2617 -8256 , 15775 11469 -11469 0 -13676 -25145 , 2.2019200309365781e-07 , 34
1.3024659038369972 , -6955 4846 -18140 -23821 -22659 -21447 , 24187 2536 -2536 0 14937 12401 , 14907 -7889 21876 -11560 367 19259 , 19087 -14005 14005 0 -1261 12744 , 16866 18140 -4846 23821 -3307 -27505 , -10735 -2471 31651 -23091 -11663 16360 , 12356 -31651 2471 23091 -15291 -9192 , 26467 -21876 7889 11560 -2617 8256 , 15775 11469 -11469 0 -13676 -25145 , 2.2019200309365781e-07 , 35
1.4071383947789862 , 14841 -7356 -7456 -24272 -20762 -5821 , 14980 -8081 8081 0 1383 9464 , -22008 -5468 -12022 2476 3603 -35020 , 28294 -3388 3388 0 12293 15681 , 39113 7456 7356 24272 1635 -13406 , 23763 -6053 -2114 14131 -2937 15381 , 9632 2114 6053 -14131 17495 3116 , -24484 12022 5468 -2476 -22998 9071 , 15775 11469 -11469 0 -13676 -25145 , 2.2019505777366604e-07 , 0
1.4071383947789862 , 14841 -7356 -7456 -24272 -20762 -5821 , 14980 -8081 8081 0 1383 9464 , -22998 -2476 -3603 12022 -24484 -9071 , 28294 -3388 3388 0 12293 15681 , 39113 7456 7356 24272 1635 -13406 , 17495 -14131 2937 2114 9632 -3116 , 15381 -2937 14131 -2114 -6053 23763 , -35020 3603 2476 -12022 -5468 -22008 , 15775 11469 -11469 0 -13676 -25145 , 2.2019505777366604e-07 , 1
1.4071383947789862 , 14841 -7356 -7456 -24272 -20762 -5821 , 14980 -8081 8081 0 1383 9464 , 22998 2476 3603 -12022 24484 9071 , 28294 -3388 3388 0 12293 15681 , 39113 7456 7356 24272 1635 -13406 , -17495 14131 -2937 -2114 -9632 3116 , -15381 2937 -14131 2114 6053 -23763 , 35020 -3603 -2476 12022 5468 22008 , 15775 11469 -11469 0 -13676 -25145 , 2.2019505777366604e-07 , 2
1.4071383947789862 , 14841 -7356 -7456 -24272 -20762 -5821 , 14980 -8081 8081 0 1383 9464 , 22008 5468 12022 -2476 -3603 35020 , 28294 -3388 3388 0 12293 15681 , 39113 7456 7356 24272 1635 -13406 , -23763 6053 2114 -14131 2937 -15381 , -9632 -2114 -6053 14131 -17495 -3116 , 24484 -12022 -5468 2476 22998 -9071 , 15775 11469 -11469 0 -13676 -25145 , 2.2019505777366604e-07 , 3
1.4071383947789862 , 14841 -7356 -7456 -24272 -20762 -5821 , 28294 -3388 3388 0 12293 15681 , -2114 -6053 23763 -17495 -3116 9632 , 14980 -8081 8081 0 1383 9464 , 39113 7456 7356 24272 1635 -13406 , -12022 -5468 -22008 22998 -9071 -24484 , -35020 22008 5468 -22998 -2476 -3603 , 15381 -23763 6053 17495 -14131 2937 , 15775 11469 -11469 0 -13676 -25145 , 2.2019505777433877e-07 , 4
1.4071383947789862 , 14841 -7356 -7456 -24272 -20762 -5821 , 28294 -3388 3388 0 12293 15681 , 2114 6053 -23763 17495 3116 -9632 , 14980 -8081 8081 0 1383 9464 , 39113 7456 7356 24272 1635 -13406 , 12022 5468 22008 -22998 9071 24484 , 35020 -22008 -5468 22998 2476 3603 , -15381 23763 -6053 -17495 14131 -2937 , 15775 11469 -11469 0 -13676 -25145 , 2.2019505777433877e-07 , 5
1.4071383947789862 , 14841 -7356 -7456 -24272 -20762 -5821 , 28294 -3388 3388 0 12293 15681 , -23763 15381 -2937 -9632 -2114 -6053 , 14980 -8081 8081 0 1383 9464 , 39113 7456 7356 24272 1635 -13406 , 22008 -35020 3603 24484 -12022 -5468 , -2476 -3603 35020 -24484 -9071 22998 , -14131 2937 -15381 9632 -3116 -17495 , 15775 11469 -11469 0 -13676 -25145 , 2.2019505777501145e-07 , 6
1.4071383947789862 , 14841 -7356 -7456 -24272 -20762 -5821 , 28294 -3388 3388 0 12293 15681 , 23763 -15381 2937 9632 2114 6053 , 14980 -8081 8081 0 1383 9464 , 39113 7456 7356 24272 1635 -13406 , -22008 35020 -3603 -24484 12022 5468 , 2476 3603 -35020 24484 9071 -22998 , 14131 -2937 15381 -9632 3116 17495 , 15775 11469 -11469 0 -13676 -25145 , 2.2019505777501145e-07 , 7
1.4071383947789862 , 14841 -7356 -7456 -24272 -20762 -5821 , 14980 -8081 8081 0 1383 9464 , -9071 22998 2476 -5468 -12022 24484 , 28294 -3388 3388 0 12293 15681 , 39113 7456 7356 24272 1635 -13406 , -3116 -17495 14131 -6053 -2114 -9632 , 2937 -14131 17495 6053 -23763 15381 , -3603 -2476 -22998 5468 22008 -35020 , 15775 11469 -11469 0 -13676 -25145 , 2.2019505777568415e-07 , 8
1.4071383947789862 , 14841 -7356 -7456 -24272 -20762 -5821 , 14980 -8081 8081 0 1383 9464 , 9071 -22998 -2476 5468 12022 -24484 , 28294 -3388 3388 0 12293 15681 , 39113 7456 7356 24272 1635 -13406 , 3116 17495 -14131 6053 2114 9632 , -2937 14131 -17495 -6053 23763 -15381 , 3603 2476 22998 -5468 -22008 35020 , 15775 11469 -11469 0 -13676 -25145 , 2.2019505777568415e-07 , 9
1.4071383947789862 , 14841 -7356 -7456 -24272 -20762 -5821 , 28294 -3388 3388 0 12293 15681 , 6053 -23763 15381 3116 -9632 -2114 , 14980 -8081 8081 0 1383 9464 , 39113 7456 7356 24272 1635 -13406 , 5468 22008 -35020 9071 24484 -12022 , -3603 35020 -22008 -9071 22998 2476 , 2937 -15381 23763 -3116 -17495 14131 , 15775 11469 -11469 0 -13676 -25145 , 2.2019505777568415e-07 , 10
1.4071383947789862 , 14841 -7356 -7456 -24272 -20762 -5821 , 28294 -3388 3388 0 12293 15681 , -6053 23763 -15381 -3116 9632 2114 , 14980 -8081 8081 0 1383 9464 , 39113 7456 7356 24272 1635 -13406 , -5468 -22008 35020 -9071 -24484 12022 , 3603 -35020 22008 9071 -22998 -2476 , -2937 15381 -23763 3116 17495 -14131 , 15775 11469 -11469 0 -13676 -25145 , 2.2019505777568415e-07 , 11
1.4071383947789862 , 14841 -7356 -7456 -24272 -20762 -5821 , 14980 -8081 8081 0 1383 9464 , -3603 35020 -22008 -9071 22998 2476 , 28294 -3388 3388 0 12293 15681 , 39113 7456 7356 24272 1635 -13406 , 2937 -15381 23763 -3116 -17495 14131 , 6053 -23763 15381 3116 -9632 -2114 , 5468 22008 -35020 9071 24484 -12022 , 15775 11469 -11469 0 -13676 -25145 , 2.2019505777635685e-07 , 12
1.4071383947789862 , 14841 -7356 -7456 -24272 -20762 -5821 , 14980 -8081 8081 0 1383 9464 , 3603 -35020 22008 9071 -22998 -2476 , 28294 -3388 3388 0 12293 15681 , 39113 7456 7356 24272 1635 -13406 , -2937 15381 -23763 3116 17495 -14131 , -6053 23763 -15381 -3116 9632 2114 , -5468 -22008 35020 -9071 -24484 12022 , 15775 11469 -11469 0 -13676 -25145 , 2.2019505777635685e-07 , 13
1.4071383947789862 , 14841 -7356 -7456 -24272 -20762 -5821 , 28294 -3388 3388 0 12293 15681 , 3116 -9632 -2114 -2937 14131 -17495 , 14980 -8081 8081 0 1383 9464 , 39113 7456 7356 24272 1635 -13406 , 9071 24484 -12022 3603 2476 22998 , 5468 12022 -24484 -3603 35020 -22008 , 6053 2114 9632 2937 -15381 23763 , 15775 11469 -11469 0 -13676 -25145 , 2.2019505777635685e-07 , 14
1.4071383947789862 , 14841 -7356 -7456 -24272 -20762 -5821 , 28294 -3388 3388 0 12293 15681 , 17495 3116 -9632 15381 -2937 14131 , 14980 -8081 8081 0 1383 9464 , 39113 7456 7356 24272 1635 -13406 , -22998 9071 24484 -35020 3603 2476 , 12022 -24484 -9071 35020 -22008 -5468 , 2114 9632 -3116 -15381 23763 -6053 , 15775 11469 -11469 0 -13676 -25145 , 2.2019505777635685e-07 , 15
1.4071383947789862 , 14841 -7356 -7456 -24272 -20762 -5821 , 28294 -3388 3388 0 12293 15681 , -17495 -3116 9632 -15381 2937 -14131 , 14980 -8081 8081 0 1383 9464 , 39113 7456 7356 24272 1635 -13406 , 22998 -9071 -24484 35020 -3603 -2476 , -12022 24484 9071 -35020 22008 5468 , -2114 -9632 3116 15381 -23763 6053 , 15775 11469 -11469 0 -13676 -25145 , 2.2019505777635685e-07 , 16
1.4071383947789862 , 14841 -7356 -7456 -24272 -20762 -5821 , 28294 -3388 3388 0 12293 15681 , -3116 9632 2114 2937 -14131 17495 , 14980 -8081 8081 0 1383 9464 , 39113 7456 7356 24272 1635 -13406 , -9071 -24484 12022 -3603 -2476 -22998 , -5468 -12022 24484 3603 -35020 22008 , -6053 -2114 -9632 -2937 15381 -23763 , 15775 11469 -11469 0 -13676 -25145 , 2.2019505777635685e-07 , 17
1.4071383947789862 , 14841 -7356 -7456 -24272 -20762 -5821 , 28294 -3388 3388 0 12293 15681 , -14131 17495 3116 -23763 15381 -2937 , 14980 -8081 8081 0 1383 9464 , 39113 7456 7356 24272 1635 -13406 , -2476 -22998 9071 22008 -35020 3603 , -24484 -9071 22998 -22008 -5468 -12022 , 9632 -3116 -17495 23763 -6053 -2114 , 15775 11469 -11469 0 -13676 -25145 , 2.2019505777702955e-07 , 18
1.4071383947789862 , 14841 -7356 -7456 -24272 -20762 -5821 , 28294 -3388 3388 0 12293 15681 , 14131 -17495 -3116 23763 -15381 2937 , 14980 -8081 8081 0 1383 9464 , 39113 7456 7356 24272 1635 -13406 , 2476 22998 -9071 -22008 35020 -3603 , 24484 9071 -22998 22008 5468 12022 , -9632 3116 17495 -23763 6053 2114 , 15775 11469 -11469 0 -13676 -25145 , 2.2019505777702955e-07 , 19
1.4071383947789862 , 14841 -7356 -7456 -24272 -20762 -5821 , 14980 -8081 8081 0 1383 9464 , -35020 22008 5468 -22998 -2476 -3603 , 28294 -3388 3388 0 12293 15681 , 39113 7456 7356 24272 1635 -13406 , 15381 -23763 6053 17495 -14131 2937 , -2114 -6053 23763 -17495 -3116 9632 , -12022 -5468 -22008 22998 -9071 -24484 , 15775 11469 -11469 0 -13676 -25145 , 2.2019505777770228e-07 , 20
1.4071383947789862 , 14841 -7356 -7456 -24272 -20762 -5821 , 14980 -8081 8081 0 1383 9464 , 35020 -22008 -5468 22998 2476 3603 , 28294 -3388 3388 0 12293 15681 , 39113 7456 7356 24272 1635 -13406 , -15381 23763 -6053 -17495 14131 -2937 , 2114 6053 -23763 17495 3116 -9632 , 12022 5468 22008 -22998 9071 24484 , 15775 11469 -11469 0 -13676 -25145 , 2.2019505777770228e-07 , 21
1.4071383947789862 , 14841 -7356 -7456 -24272 -20762 -5821 , 28294 -3388 3388 0 12293 15681 , -9632 -2114 -6053 14131 -17495 -3116 , 14980 -8081 8081 0 1383 9464 , 39113 7456 7356 24272 1635 -13406 , 24484 -12022 -5468 2476 22998 -9071 , 22008 5468 12022 -2476 -3603 35020 , -23763 6053 2114 -14131 2937 -15381 , 15775 11469 -11469 0 -13676 -25145 , 2.2019505777770228e-07 , 22
1.4071383947789862 , 14841 -7356 -7456 -24272 -20762 -5821 , 28294 -3388 3388 0 12293 15681 , 9632 2114 6053 -14131 17495 3116 , 14980 -8081 8081 0 1383 9464 , 39113 7456 7356 24272 1635 -13406 , -24484 12022 5468 -2476 -22998 9071 , -22008 -5468 -12022 2476 3603 -35020 , 23763 -6053 -2114 14131 -2937 15381 , 15775 11469 -11469 0 -13676 -25145 , 2.2019505777770228e-07 , 23
1.4071383947789862 , 14841 -7356 -7456 -24272 -20762 -5821 , 14980 -8081 8081 0 1383 9464 , -5468 -12022 24484 3603 -35020 22008 , 28294 -3388 3388 0 12293 15681 , 39113 7456 7356 24272 1635 -13406 , -6053 -2114 -9632 -2937 15381 -23763 , -3116 9632 2114 2937 -14131 17495 , -9071 -24484 12022 -3603 -2476 -22998 , 15775 11469 -11469 0 -13676 -25145 , 2.2019505777837496e-07 , 24
1.4071383947789862 , 14841 -7356 -7456 -24272 -20762 -5821 , 14980 -8081 8081 0 1383 9464 , 2476 3603 -35020 24484 9071 -22998 , 28294 -3388 3388 0 12293 15681 , 39113 7456 7356 24272 1635 -13406 , 14131 -2937 15381 -9632 3116 17495 , 23763 -15381 2937 9632 2114 6053 , -22008 35020 -3603 -24484 12022 5468 , 15775 11469 -11469 0 -13676 -25145 , 2.2019505777837496e-07 , 25
1.4071383947789862 , 14841 -7356 -7456 -24272 -20762 -5821 , 14980 -8081 8081 0 1383 9464 , -2476 -3603 35020 -24484 -9071 22998 , 28294 -3388 3388 0 12293 15681 , 39113 7456 7356 24272 1635 -13406 , -14131 2937 -15381 9632 -3116 -17495 , -23763 15381 -2937 -9632 -2114 -6053 , 22008 -35020 3603 24484 -12022 -5468 , 15775 11469 -11469 0 -13676 -25145 , 2.2019505777837496e-07 , 26
1.4071383947789862 , 14841 -7356 -7456 -24272 -20762 -5821 , 14980 -8081 8081 0 1383 9464 , 5468 12022 -24484 -3603 35020 -22008 , 28294 -3388 3388 0 12293 15681 , 39113 7456 7356 24272 1635 -13406 , 6053 2114 9632 2937 -15381 23763 , 3116 -9632 -2114 -2937 14131 -17495 , 9071 24484 -12022 3603 2476 22998 , 15775 11469 -11469 0 -13676 -25145 , 2.2019505777837496e-07 , 27
1.4071383947789862 , 14841 -7356 -7456 -24272 -20762 -5821 , 14980 -8081 8081 0 1383 9464 , -24484 -9071 22998 -22008 -5468 -12022 , 28294 -3388 3388 0 12293 15681 , 39113 7456 7356 24272 1635 -13406 , 9632 -3116 -17495 23763 -6053 -2114 , -14131 17495 3116 -23763 15381 -2937 , -2476 -22998 9071 22008 -35020 3603 , 15775 11469 -11469 0 -13676 -25145 , 2.2019505777837499e-07 , 28
1.4071383947789862 , 14841 -7356 -7456 -24272 -20762 -5821 , 14980 -8081 8081 0 1383 9464 , 24484 9071 -22998 22008 5468 12022 , 28294 -3388 3388 0 12293 15681 , 39113 7456 7356 24272 1635 -13406 , -9632 3116 17495 -23763 6053 2114 , 14131 -17495 -3116 23763 -15381 2937 , 2476 22998 -9071 -22008 35020 -3603 , 15775 11469 -11469 0 -13676 -25145 , 2.2019505777837499e-07 , 29
1.4071383947789862 , 14841 -7356 -7456 -24272 -20762 -5821 , 14980 -8081 8081 0 1383 9464 , 12022 -24484 -9071 35020 -22008 -5468 , 28294 -3388 3388 0 12293 15681 , 39113 7456 7356 24272 1635 -13406 , 2114 9632 -3116 -15381 23763 -6053 , 17495 3116 -9632 15381 -2937 14131 , -22998 9071 24484 -35020 3603 2476 , 15775 11469 -11469 0 -13676 -25145 , 2.2019505777972037e-07 , 30
1.4071383947789862 , 14841 -7356 -7456 -24272 -20762 -5821 , 14980 -8081 8081 0 1383 9464 , -12022 24484 9071 -35020 22008 5468 , 28294 -3388 3388 0 12293 15681 , 39113 7456 7356 24272 1635 -13406 , -2114 -9632 3116 15381 -23763 6053 , -17495 -3116 9632 -15381 2937 -14131 , 22998 -9071 -24484 35020 -3603 -2476 , 15775 11469 -11469 0 -13676 -25145 , 2.2019505777972037e-07 , 31
1.4071383947789862 , 14841 -7356 -7456 -24272 -20762 -5821 , 28294 -3388 3388 0 12293 15681 , 15381 -2937 14131 -2114 -6053 23763 , 14980 -8081 8081 0 1383 9464 , 39113 7456 7356 24272 1635 -13406 , -35020 3603 2476 -12022 -5468 -22008 , -22998 -2476 -3603 12022 -24484 -9071 , 17495 -14131 2937 2114 9632 -3116 , 15775 11469 -11469 0 -13676 -25145 , 2.2019505778241118e-07 , 32
1.4071383947789862 , 14841 -7356 -7456 -24272 -20762 -5821 , 28294 -3388 3388 0 12293 15681 , -15381 2937 -14131 2114 6053 -23763 , 14980 -8081 8081 0 1383 9464 , 39113 7456 7356 24272 1635 -13406 , 35020 -3603 -2476 12022 5468 22008 , 22998 2476 3603 -12022 24484 9071 , -17495 14131 -2937 -2114 -9632 3116 , 15775 11469 -11469 0 -13676 -25145 , 2.2019505778241118e-07 , 33
1.4071383947789862 , 14841 -7356 -7456 -24272 -20762 -5821 , 28294 -3388 3388 0 12293 15681 , -2937 14131 -17495 -6053 23763 -15381 , 14980 -8081 8081 0 1383 9464 , 39113 7456 7356 24272 1635 -13406 , 3603 2476 22998 -5468 -22008 35020 , 9071 -22998 -2476 5468 12022 -24484 , 3116 17495 -14131 6053 2114 9632 , 15775 11469 -11469 0 -13676 -25145 , 2.201950577824112e-07 , 34
1.4071383947789862 , 14841 -7356 -7456 -24272 -20762 -5821 , 28294 -3388 3388 0 12293 15681 , 2937 -14131 17495 6053 -23763 15381 , 14980 -8081 8081 0 1383 9464 , 39113 7456 7356 24272 1635 -13406 , -3603 -2476 -22998 5468 22008 -35020 , -9071 22998 2476 -5468 -12022 24484 , -3116 -17495 14131 -6053 -2114 -9632 , 15775 11469 -11469 0 -13676 -25145 , 2.201950577824112e-07 , 35
1.5145948469183066 , 5196 -12387 -9631 -19517 -29900 -11728 , 20677 -19530 19530 0 -4919 14611 , -13838 -16765 -1762 8503 -9096 -24147 , 22597 8061 -8061 0 18595 10534 , 24713 9631 12387 19517 -2097 -17513 , 24735 -24245 9224 20093 -17150 14721 , 4642 -9224 24245 -20093 5497 7095 , -22341 1762 16765 -8503 -22385 7669 , 15775 11469 -11469 0 -13676 -25145 , 2.2019092276239598e-07 , 0
1.5145948469183066 , 5196 -12387 -9631 -19517 -29900 -11728 , 20677 -19530 19530 0 -4919 14611 , 13838 16765 1762 -8503 9096 24147 , 22597 8061 -8061 0 18595 10534 , 24713 9631 12387 19517 -2097 -17513 , -24735 24245 -9224 -20093 17150 -14721 , -4642 9224 -24245 20093 -5497 -7095 , 22341 -1762 -16765 8503 22385 -7669 , 15775 11469 -11469 0 -13676 -25145 , 2.2019092276239598e-07 , 1
1.5145948469183066 , 5196 -12387 -9631 -19517 -29900 -11728 , 22597 8061 -8061 0 18595 10534 , 5497 7095 -4642 14721 -17150 20093 , 20677 -19530 19530 0 -4919 14611 , 24713 9631 12387 19517 -2097 -17513 , -22385 7669 22341 -24147 -9096 8503 , 1762 -22341 -7669 24147 -13838 -16765 , -9224 4642 -7095 -14721 24735 -24245 , 15775 11469 -11469 0 -13676 -25145 , 2.2019092276333635e-07 , 2
1.5145948469183066 , 5196 -12387 -9631 -19517 -29900 -11728 , 22597 8061 -8061 0 18595 10534 , -7095 4642 -9224 17150 -20093 5497 , 20677 -19530 19530 0 -4919 14611 , 24713 9631 12387 19517 -2097 -17513 , -7669 -22341 1762 9096 -8503 -22385 , -16765 -1762 22341 -9096 -24147 13838 , -24245 9224 -4642 -17150 14721 -24735 , 15775 11469 -11469 0 -13676 -25145 , 2.2019092276333635e-07 , 3
1.5145948469183066 , 5196 -12387 -9631 -19517 -29900 -11728 , 22597 8061 -8061 0 18595 10534 , 7095 -4642 9224 -17150 20093 -5497 , 20677 -19530 19530 0 -4919 14611 , 24713 9631 12387 19517 -2097 -17513 , 7669 22341 -1762 -9096 8503 22385 , 16765 1762 -22341 9096 24147 -13838 , 24245 -9224 4642 17150 -14721 24735 , 15775 11469 -11469 0 -13676 -25145 , 2.2019092276333635e-07 , 4
1.5145948469183066 , 5196 -12387 -9631 -19517 -29900 -11728 , 22597 8061 -8061 0 18595 10534 , -5497 -7095 4642 -14721 17150 -20093 , 20677 -19530 19530 0 -4919 14611 , 24713 9631 12387 19517 -2097 -17513 , 22385 -7669 -22341 24147 9096 -8503 , -1762 22341 7669 -24147 13838 16765 , 9224 -4642 7095 14721 -24735 24245 , 15775 11469 -11469 0 -13676 -25145 , 2.2019092276333635e-07 , 5
1.5145948469183066 , 5196 -12387 -9631 -19517 -29900 -11728 , 20677 -19530 19530 0 -4919 14611 , -22385 -8503 9096 1762 -22341 -7669 , 22597 8061 -8061 0 18595 10534 , 24713 9631 12387 19517 -2097 -17513 , 5497 -20093 17150 -9224 4642 -7095 , 14721 -17150 20093 9224 -24245 24735 , -24147 -9096 8503 -1762 -16765 -13838 , 15775 11469 -11469 0 -13676 -25145 , 2.2019092276333635e-07 , 6
1.5145948469183066 , 5196 -12387 -9631 -19517 -29900 -11728 , 20677 -19530 19530 0 -4919 14611 , 22385 8503 -9096 -1762 22341 7669 , 22597 8061 -8061 0 18595 10534 , 24713 9631 12387 19517 -2097 -17513 , -5497 20093 -17150 9224 -4642 7095 , -14721 17150 -20093 -9224 24245 -24735 , 24147 9096 -8503 1762 16765 13838 , 15775 11469 -11469 0 -13676 -25145 , 2.2019092276333635e-07 , 7
1.5145948469183066 , 5196 -12387 -9631 -19517 -29900 -11728 , 20677 -19530 19530 0 -4919 14611 , -9096 -24147 13838 7669 -22385 -8503 , 22597 8061 -8061 0 18595 10534 , 24713 9631 12387 19517 -2097 -17513 , -17150 14721 -24735 7095 5497 -20093 , -24245 24735 -14721 -7095 4642 -9224 , -16765 -13838 24147 -7669 -22341 1762 , 15775 11469 -11469 0 -13676 -25145 , 2.2019092276333638e-07 , 8
1.5145948469183066 , 5196 -12387 -9631 -19517 -29900 -11728 , 20677 -19530 19530 0 -4919 14611 , 9096 24147 -13838 -7669 22385 8503 , 22597 8061 -8061 0 18595 10534 , 24713 9631 12387 19517 -2097 -17513 , 17150 -14721 24735 -7095 -5497 20093 , 24245 -24735 14721 7095 -4642 9224 , 16765 13838 -24147 7669 22341 -1762 , 15775 11469 -11469 0 -13676 -25145 , 2.2019092276333638e-07 , 9
1.5145948469183066 , 5196 -12387 -9631 -19517 -29900 -11728 , 20677 -19530 19530 0 -4919 14611 , 7669 -22385 -8503 16765 1762 -22341 , 22597 8061 -8061 0 18595 10534 , 24713 9631 12387 19517 -2097 -17513 , 7095 5497 -20093 24245 -9224 4642 , -17150 20093 -5497 -24245 24735 -14721 , -9096 8503 22385 -16765 -13838 24147 , 15775 11469 -11469 0 -13676 -25145 , 2.201909227647469e-07 , 10
1.5145948469183066 , 5196 -12387 -9631 -19517 -29900 -11728 , 20677 -19530 19530 0 -4919 14611 , -7669 22385 8503 -16765 -1762 22341 , 22597 8061 -8061 0 18595 10534 , 24713 9631 12387 19517 -2097 -17513 , -7095 -5497 20093 -24245 9224 -4642 , 17150 -20093 5497 24245 -24735 14721 , 9096 -8503 -22385 16765 13838 -24147 , 15775 11469 -11469 0 -13676 -25145 , 2.201909227647469e-07 , 11
1.5145948469183066 , 5196 -12387 -9631 -19517 -29900 -11728 , 22597 8061 -8061 0 18595 10534 , -24245 24735 -14721 -7095 4642 -9224 , 20677 -19530 19530 0 -4919 14611 , 24713 9631 12387 19517 -2097 -17513 , -16765 -13838 24147 -7669 -22341 1762 , -9096 -24147 13838 7669 -22385 -8503 , -17150 14721 -24735 7095 5497 -20093 , 15775 11469 -11469 0 -13676 -25145 , 2.2019092276521708e-07 , 12
1.5145948469183066 , 5196 -12387 -9631 -19517 -29900 -11728 , 22597 8061 -8061 0 18595 10534 , 24245 -24735 14721 7095 -4642 9224 , 20677 -19530 19530 0 -4919 14611 , 24713 9631 12387 19517 -2097 -17513 , 16765 13838 -24147 7669 22341 -1762 , 9096 24147 -13838 -7669 22385 8503 , 17150 -14721 24735 -7095 -5497 20093 , 15775 11469 -11469 0 -13676 -25145 , 2.2019092276521708e-07 , 13
1.5145948469183066 , 5196 -12387 -9631 -19517 -29900 -11728 , 22597 8061 -8061 0 18595 10534 , -24735 14721 -17150 -4642 9224 -24245 , 20677 -19530 19530 0 -4919 14611 , 24713 9631 12387 19517 -2097 -17513 , 13838 -24147 -9096 22341 -1762 -16765 , -8503 9096 24147 -22341 -7669 22385 , -20093 17150 -14721 4642 -7095 -5497 , 15775 11469 -11469 0 -13676 -25145 , 2.2019092276568726e-07 , 14
1.5145948469183066 , 5196 -12387 -9631 -19517 -29900 -11728 , 22597 8061 -8061 0 18595 10534 , 17150 -20093 5497 24245 -24735 14721 , 20677 -19530 19530 0 -4919 14611 , 24713 9631 12387 19517 -2097 -17513 , 9096 -8503 -22385 16765 13838 -24147 , -7669 22385 8503 -16765 -1762 22341 , -7095 -5497 20093 -24245 9224 -4642 , 15775 11469 -11469 0 -13676 -25145 , 2.2019092276568726e-07 , 15
1.5145948469183066 , 5196 -12387 -9631 -19517 -29900 -11728 , 22597 8061 -8061 0 18595 10534 , -4642 9224 -24245 20093 -5497 -7095 , 20677 -19530 19530 0 -4919 14611 , 24713 9631 12387 19517 -2097 -17513 , 22341 -1762 -16765 8503 22385 -7669 , 13838 16765 1762 -8503 9096 24147 , -24735 24245 -9224 -20093 17150 -14721 , 15775 11469 -11469 0 -13676 -25145 , 2.2019092276568726e-07 , 16
1.5145948469183066 , 5196 -12387 -9631 -19517 -29900 -11728 , 22597 8061 -8061 0 18595 10534 , 4642 -9224 24245 -20093 5497 7095 , 20677 -19530 19530 0 -4919 14611 , 24713 9631 12387 19517 -2097 -17513 , -22341 1762 16765 -8503 -22385 7669 , -13838 -16765 -1762 8503 -9096 -24147 , 24735 -24245 9224 20093 -17150 14721 , 15775 11469 -11469 0 -13676 -25145 , 2.2019092276568726e-07 , 17
1.5145948469183066 , 5196 -12387 -9631 -19517 -29900 -11728 , 22597 8061 -8061 0 18595 10534 , -17150 20093 -5497 -24245 24735 -14721 , 20677 -19530 19530 0 -4919 14611 , 24713 9631 12387 19517 -2097 -17513 , -9096 8503 22385 -16765 -13838 24147 , 7669 -22385 -8503 16765 1762 -22341 , 7095 5497 -20093 24245 -9224 4642 , 15775 11469 -11469 0 -13676 -25145 , 2.2019092276568726e-07 , 18
1.5145948469183066 , 5196 -12387 -9631 -19517 -29900 -11728 , 22597 8061 -8061 0 18595 10534 , 24735 -14721 17150 4642 -9224 24245 , 20677 -19530 19530 0 -4919 14611 , 24713 9631 12387 19517 -2097 -17513 , -13838 24147 9096 -22341 1762 16765 , 8503 -9096 -24147 22341 7669 -22385 , 20093 -17150 14721 -4642 7095 5497 , 15775 11469 -11469 0 -13676 -25145 , 2.2019092276568726e-07 , 19
1.5145948469183066 , 5196 -12387 -9631 -19517 -29900 -11728 , 20677 -19530 19530 0 -4919 14611 , -16765 -1762 22341 -9096 -24147 13838 , 22597 8061 -8061 0 18595 10534 , 24713 9631 12387 19517 -2097 -17513 , -24245 9224 -4642 -17150 14721 -24735 , -7095 4642 -9224 17150 -20093 5497 , -7669 -22341 1762 9096 -8503 -22385 , 15775 11469 -11469 0 -13676 -25145 , 2.2019092276568726e-07 , 20
1.5145948469183066 , 5196 -12387 -9631 -19517 -29900 -11728 , 20677 -19530 19530 0 -4919 14611 , 16765 1762 -22341 9096 24147 -13838 , 22597 8061 -8061 0 18595 10534 , 24713 9631 12387 19517 -2097 -17513 , 24245 -9224 4642 17150 -14721 24735 , 7095 -4642 9224 -17150 20093 -5497 , 7669 22341 -1762 -9096 8503 22385 , 15775 11469 -11469 0 -13676 -25145 , 2.2019092276568726e-07 , 21
1.5145948469183066 , 5196 -12387 -9631 -19517 -29900 -11728 , 22597 8061 -8061 0 18595 10534 , -20093 5497 7095 -24735 14721 -17150 , 20677 -19530 19530 0 -4919 14611 , 24713 9631 12387 19517 -2097 -17513 , -8503 -22385 7669 13838 -24147 -9096 , -22341 -7669 22385 -13838 -16765 -1762 , 4642 -7095 -5497 24735 -24245 9224 , 15775 11469 -11469 0 -13676 -25145 , 2.2019092276568729e-07 , 22
1.5145948469183066 , 5196 -12387 -9631 -19517 -29900 -11728 , 22597 8061 -8061 0 18595 10534 , 20093 -5497 -7095 24735 -14721 17150 , 20677 -19530 19530 0 -4919 14611 , 24713 9631 12387 19517 -2097 -17513 , 8503 22385 -7669 -13838 24147 9096 , 22341 7669 -22385 13838 16765 1762 , -4642 7095 5497 -24735 24245 -9224 , 15775 11469 -11469 0 -13676 -25145 , 2.2019092276568729e-07 , 23
1.5145948469183066 , 5196 -12387 -9631 -19517 -29900 -11728 , 22597 8061 -8061 0 18595 10534 , -9224 24245 -24735 5497 7095 -4642 , 20677 -19530 19530 0 -4919 14611 , 24713 9631 12387 19517 -2097 -17513 , 1762 16765 13838 -22385 7669 22341 , 24147 -13838 -16765 22385 8503 -9096 , -14721 24735 -24245 -5497 20093 -17150 , 15775 11469 -11469 0 -13676 -25145 , 2.2019092276615745e-07 , 24
1.5145948469183066 , 5196 -12387 -9631 -19517 -29900 -11728 , 22597 8061 -8061 0 18595 10534 , 9224 -24245 24735 -5497 -7095 4642 , 20677 -19530 19530 0 -4919 14611 , 24713 9631 12387 19517 -2097 -17513 , -1762 -16765 -13838 22385 -7669 -22341 , -24147 13838 16765 -22385 -8503 9096 , 14721 -24735 24245 5497 -20093 17150 , 15775 11469 -11469 0 -13676 -25145 , 2.2019092276615745e-07 , 25
1.5145948469183066 , 5196 -12387 -9631 -19517 -29900 -11728 , 20677 -19530 19530 0 -4919 14611 , 8503 -9096 -24147 22341 7669 -22385 , 22597 8061 -8061 0 18595 10534 , 24713 9631 12387 19517 -2097 -17513 , 20093 -17150 14721 -4642 7095 5497 , 24735 -14721 17150 4642 -9224 24245 , -13838 24147 9096 -22341 1762 16765 , 15775 11469 -11469 0 -13676 -25145 , 2.2019092276615745e-07 , 26
1.5145948469183066 , 5196 -12387 -9631 -19517 -29900 -11728 , 20677 -19530 19530 0 -4919 14611 , -8503 9096 24147 -22341 -7669 22385 , 22597 8061 -8061 0 18595 10534 , 24713 9631 12387 19517 -2097 -17513 , -20093 17150 -14721 4642 -7095 -5497 , -24735 14721 -17150 -4642 9224 -24245 , 13838 -24147 -9096 22341 -1762 -16765 , 15775 11469 -11469 0 -13676 -25145 , 2.2019092276615745e-07 , 27
1.5145948469183066 , 5196 -12387 -9631 -19517 -29900 -11728 , 20677 -19530 19530 0 -4919 14611 , -1762 22341 7669 -24147 13838 16765 , 22597 8061 -8061 0 18595 10534 , 24713 9631 12387 19517 -2097 -17513 , 9224 -4642 7095 14721 -24735 24245 , -5497 -7095 4642 -14721 17150 -20093 , 22385 -7669 -22341 24147 9096 -8503 , 15775 11469 -11469 0 -13676 -25145 , 2.2019092276662763e-07 , 28
1.5145948469183066 , 5196 -12387 -9631 -19517 -29900 -11728 , 20677 -19530 19530 0 -4919 14611 , 1762 -22341 -7669 24147 -13838 -16765 , 22597 8061 -8061 0 18595 10534 , 24713 9631 12387 19517 -2097 -17513 , -9224 4642 -7095 -14721 24735 -24245 , 5497 7095 -4642 14721 -17150 20093 , -22385 7669 22341 -24147 -9096 8503 , 15775 11469 -11469 0 -13676 -25145 , 2.2019092276662763e-07 , 29
1.5145948469183066 , 5196 -12387 -9631 -19517 -29900 -11728 , 22597 8061 -8061 0 18595 10534 , -14721 17150 -20093 -9224 24245 -24735 , 20677 -19530 19530 0 -4919 14611 , 24713 9631 12387 19517 -2097 -17513 , 24147 9096 -8503 1762 16765 13838 , 22385 8503 -9096 -1762 22341 7669 , -5497 20093 -17150 9224 -4642 7095 , 15775 11469 -11469 0 -13676 -25145 , 2.2019092276662765e-07 , 30
1.5145948469183066 , 5196 -12387 -9631 -19517 -29900 -11728 , 22597 8061 -8061 0 18595 10534 , 14721 -17150 20093 9224 -24245 24735 , 20677 -19530 19530 0 -4919 14611 , 24713 9631 12387 19517 -2097 -17513 , -24147 -9096 8503 -1762 -16765 -13838 , -22385 -8503 9096 1762 -22341 -7669 , 5497 -20093 17150 -9224 4642 -7095 , 15775 11469 -11469 0 -13676 -25145 , 2.2019092276662765e-07 , 31
1.5145948469183066 , 5196 -12387 -9631 -19517 -29900 -11728 , 20677 -19530 19530 0 -4919 14611 , -24147 13838 16765 -22385 -8503 9096 , 22597 8061 -8061 0 18595 10534 , 24713 9631 12387 19517 -2097 -17513 , 14721 -24735 24245 5497 -20093 17150 , 9224 -24245 24735 -5497 -7095 4642 , -1762 -16765 -13838 22385 -7669 -22341 , 15775 11469 -11469 0 -13676 -25145 , 2.2019092276709784e-07 , 32
1.5145948469183066 , 5196 -12387 -9631 -19517 -29900 -11728 , 20677 -19530 19530 0 -4919 14611 , 24147 -13838 -16765 22385 8503 -9096 , 22597 8061 -8061 0 18595 10534 , 24713 9631 12387 19517 -2097 -17513 , -14721 24735 -24245 -5497 20093 -17150 , -9224 24245 -24735 5497 7095 -4642 , 1762 16765 13838 -22385 7669 22341 , 15775 11469 -11469 0 -13676 -25145 , 2.2019092276709784e-07 , 33
1.5145948469183066 , 5196 -12387 -9631 -19517 -29900 -11728 , 20677 -19530 19530 0 -4919 14611 , -22341 -7669 22385 -13838 -16765 -1762 , 22597 8061 -8061 0 18595 10534 , 24713 9631 12387 19517 -2097 -17513 , 4642 -7095 -5497 24735 -24245 9224 , -20093 5497 7095 -24735 14721 -17150 , -8503 -22385 7669 13838 -24147 -9096 , 15775 11469 -11469 0 -13676 -25145 , 2.2019092276756802e-07 , 34
1.5145948469183066 , 5196 -12387 -9631 -19517 -29900 -11728 , 20677 -19530 19530 0 -4919 14611 , 22341 7669 -22385 13838 16765 1762 , 22597 8061 -8061 0 18595 10534 , 24713 9631 12387 19517 -2097 -17513 , -4642 7095 5497 -24735 24245 -9224 , 20093 -5497 -7095 24735 -14721 17150 , 8503 22385 -7669 -13838 24147 9096 , 15775 11469 -11469 0 -13676 -25145 , 2.2019092276756802e-07 , 35
1.6227178075857436 , 11888 -26420 -16793 -11431 -23715 -25458 , 29029 -4643 4643 0 11661 16304 , -7027 8232 3289 1982 -15587 14373 , 14245 -6826 6826 0 2015 8841 , 23319 16793 26420 11431 -8665 2705 , 11426 8633 16163 -25483 18752 16991 , 36909 -16163 -8633 25483 828 10119 , -9009 -3289 -8232 -1982 11084 -23819 , 15775 11469 -11469 0 -13676 -25145 , 2.2018697427135703e-07 , 0
1.6227178075857436 , 11888 -26420 -16793 -11431 -23715 -25458 , 29029 -4643 4643 0 11661 16304 , 7027 -8232 -3289 -1982 15587 -14373 , 14245 -6826 6826 0 2015 8841 , 23319 16793 26420 11431 -8665 2705 , -11426 -8633 -16163 25483 -18752 -16991 , -36909 16163 8633 -25483 -828 -10119 , 9009 3289 8232 1982 -11084 23819 , 15775 11469 -11469 0 -13676 -25145 , 2.2018697427135703e-07 , 1
1.6227178075857436 , 11888 -26420 -16793 -11431 -23715 -25458 , 29029 -4643 4643 0 11661 16304 , 8232 3289 9009 -15587 14373 7027 , 14245 -6826 6826 0 2015 8841 , 23319 16793 26420 11431 -8665 2705 , 8633 16163 -36909 18752 16991 -11426 , -10119 36909 -16163 -18752 25483 828 , 23819 -9009 -3289 15587 -1982 11084 , 15775 11469 -11469 0 -13676 -25145 , 2.2018697427136362e-07 , 2
1.6227178075857436 , 11888 -26420 -16793 -11431 -23715 -25458 , 29029 -4643 4643 0 11661 16304 , -8232 -3289 -9009 15587 -14373 -7027 , 14245 -6826 6826 0 2015 8841 , 23319 16793 26420 11431 -8665 2705 , -8633 -16163 36909 -18752 -16991 11426 , 10119 -36909 16163 18752 -25483 -828 , -23819 9009 3289 -15587 1982 -11084 , 15775 11469 -11469 0 -13676 -25145 , 2.2018697427136362e-07 , 3
1.6227178075857436 , 11888 -26420 -16793 -11431 -23715 -25458 , 29029 -4643 4643 0 11661 16304 , 1982 -15587 14373 9009 -23819 11084 , 14245 -6826 6826 0 2015 8841 , 23319 16793 26420 11431 -8665 2705 , -25483 18752 16991 -36909 10119 828 , 11426 -16991 -18752 36909 -16163 -8633 , -7027 -14373 15587 -9009 -3289 -8232 , 15775 11469 -11469 0 -13676 -25145 , 2.2018697427136365e-07 , 4
1.6227178075857436 , 11888 -26420 -16793 -11431 -23715 -25458 , 29029 -4643 4643 0 11661 16304 , -1982 15587 -14373 -9009 23819 -11084 , 14245 -6826 6826 0 2015 8841 , 23319 16793 26420 11431 -8665 2705 , 25483 -18752 -16991 36909 -10119 -828 , -11426 16991 18752 -36909 16163 8633 , 7027 14373 -15587 9009 3289 8232 , 15775 11469 -11469 0 -13676 -25145 , 2.2018697427136365e-07 , 5
1.6227178075857436 , 11888 -26420 -16793 -11431 -23715 -25458 , 14245 -6826 6826 0 2015 8841 , -18752 25483 828 -8633 -11426 16991 , 29029 -4643 4643 0 11661 16304 , 23319 16793 26420 11431 -8665 2705 , 15587 -1982 11084 -8232 7027 14373 , 23819 -11084 1982 8232 3289 9009 , -10119 -828 -25483 8633 16163 -36909 , 15775 11469 -11469 0 -13676 -25145 , 2.2018697427137681e-07 , 6
1.6227178075857436 , 11888 -26420 -16793 -11431 -23715 -25458 , 14245 -6826 6826 0 2015 8841 , 18752 -25483 -828 8633 11426 -16991 , 29029 -4643 4643 0 11661 16304 , 23319 16793 26420 11431 -8665 2705 , -15587 1982 -11084 8232 -7027 -14373 , -23819 11084 -1982 -8232 -3289 -9009 , 10119 828 25483 -8633 -16163 36909 , 15775 11469 -11469 0 -13676 -25145 , 2.2018697427137681e-07 , 7
1.6227178075857436 , 11888 -26420 -16793 -11431 -23715 -25458 , 14245 -6826 6826 0 2015 8841 , -16163 -8633 -11426 828 10119 -36909 , 29029 -4643 4643 0 11661 16304 , 23319 16793 26420 11431 -8665 2705 , -3289 -8232 7027 11084 -23819 9009 , -14373 -7027 8232 -11084 1982 -15587 , -16991 11426 8633 -828 -25483 18752 , 15775 11469 -11469 0 -13676 -25145 , 2.2018697427137683e-07 , 8
1.6227178075857436 , 11888 -26420 -16793 -11431 -23715 -25458 , 14245 -6826 6826 0 2015 8841 , 16163 8633 11426 -828 -10119 36909 , 29029 -4643 4643 0 11661 16304 , 23319 16793 26420 11431 -8665 2705 , 3289 8232 -7027 -11084 23819 -9009 , 14373 7027 -8232 11084 -1982 15587 , 16991 -11426 -8633 828 25483 -18752 , 15775 11469 -11469 0 -13676 -25145 , 2.2018697427137683e-07 , 9
1.6227178075857436 , 11888 -26420 -16793 -11431 -23715 -25458 , 29029 -4643 4643 0 11661 16304 , -11084 1982 -15587 3289 9009 -23819 , 14245 -6826 6826 0 2015 8841 , 23319 16793 26420 11431 -8665 2705 , -828 -25483 18752 16163 -36909 10119 , -16991 -18752 25483 -16163 -8633 -11426 , -14373 15587 -1982 -3289 -8232 7027 , 15775 11469 -11469 0 -13676 -25145 , 2.2018697427138999e-07 , 10
1.6227178075857436 , 11888 -26420 -16793 -11431 -23715 -25458 , 29029 -4643 4643 0 11661 16304 , -14373 -7027 8232 -11084 1982 -15587 , 14245 -6826 6826 0 2015 8841 , 23319 16793 26420 11431 -8665 2705 , -16991 11426 8633 -828 -25483 18752 , -16163 -8633 -11426 828 10119 -36909 , -3289 -8232 7027 11084 -23819 9009 , 15775 11469 -11469 0 -13676 -25145 , 2.2018697427138999e-07 , 11
1.6227178075857436 , 11888 -26420 -16793 -11431 -23715 -25458 , 29029 -4643 4643 0 11661 16304 , 3289 9009 -23819 14373 7027 -8232 , 14245 -6826 6826 0 2015 8841 , 23319 16793 26420 11431 -8665 2705 , 16163 -36909 10119 16991 -11426 -8633 , -828 -10119 36909 -16991 -18752 25483 , -11084 23819 -9009 -14373 15587 -1982 , 15775 11469 -11469 0 -13676 -25145 , 2.2018697427138999e-07 , 12
1.6227178075857436 , 11888 -26420 -16793 -11431 -23715 -25458 , 29029 -4643 4643 0 11661 16304 , -3289 -9009 23819 -14373 -7027 8232 , 14245 -6826 6826 0 2015 8841 , 23319 16793 26420 11431 -8665 2705 , -16163 36909 -10119 -16991 11426 8633 , 828 10119 -36909 16991 18752 -25483 , 11084 -23819 9009 14373 -15587 1982 , 15775 11469 -11469 0 -13676 -25145 , 2.2018697427138999e-07 , 13
1.6227178075857436 , 11888 -26420 -16793 -11431 -23715 -25458 , 29029 -4643 4643 0 11661 16304 , 14373 7027 -8232 11084 -1982 15587 , 14245 -6826 6826 0 2015 8841 , 23319 16793 26420 11431 -8665 2705 , 16991 -11426 -8633 828 25483 -18752 , 16163 8633 11426 -828 -10119 36909 , 3289 8232 -7027 -11084 23819 -9009 , 15775 11469 -11469 0 -13676 -25145 , 2.2018697427138999e-07 , 14
1.6227178075857436 , 11888 -26420 -16793 -11431 -23715 -25458 , 29029 -4643 4643 0 11661 16304 , 11084 -1982 15587 -3289 -9009 23819 , 14245 -6826 6826 0 2015 8841 , 23319 16793 26420 11431 -8665 2705 , 828 25483 -18752 -16163 36909 -10119 , 16991 18752 -25483 16163 8633 11426 , 14373 -15587 1982 3289 8232 -7027 , 15775 11469 -11469 0 -13676 -25145 , 2.2018697427138999e-07 , 15
1.6227178075857436 , 11888 -26420 -16793 -11431 -23715 -25458 , 14245 -6826 6826 0 2015 8841 , 828 10119 -36909 16991 18752 -25483 , 29029 -4643 4643 0 11661 16304 , 23319 16793 26420 11431 -8665 2705 , 11084 -23819 9009 14373 -15587 1982 , -3289 -9009 23819 -14373 -7027 8232 , -16163 36909 -10119 -16991 11426 8633 , 15775 11469 -11469 0 -13676 -25145 , 2.2018697427139001e-07 , 16
1.6227178075857436 , 11888 -26420 -16793 -11431 -23715 -25458 , 14245 -6826 6826 0 2015 8841 , -25483 -828 -10119 11426 -16991 -18752 , 29029 -4643 4643 0 11661 16304 , 23319 16793 26420 11431 -8665 2705 , 1982 -11084 23819 -7027 -14373 15587 , 9009 -23819 11084 7027 -8232 -3289 , -36909 10119 828 -11426 -8633 -16163 , 15775 11469 -11469 0 -13676 -25145 , 2.2018697427139001e-07 , 17
1.6227178075857436 , 11888 -26420 -16793 -11431 -23715 -25458 , 14245 -6826 6826 0 2015 8841 , 25483 828 10119 -11426 16991 18752 , 29029 -4643 4643 0 11661 16304 , 23319 16793 26420 11431 -8665 2705 , -1982 11084 -23819 7027 14373 -15587 , -9009 23819 -11084 -7027 8232 3289 , 36909 -10119 -828 11426 8633 16163 , 15775 11469 -11469 0 -13676 -25145 , 2.2018697427139001e-07 , 18
1.6227178075857436 , 11888 -26420 -16793 -11431 -23715 -25458 , 14245 -6826 6826 0 2015 8841 , -828 -10119 36909 -16991 -18752 25483 , 29029 -4643 4643 0 11661 16304 , 23319 16793 26420 11431 -8665 2705 , -11084 23819 -9009 -14373 15587 -1982 , 3289 9009 -23819 14373 7027 -8232 , 16163 -36909 10119 16991 -11426 -8633 , 15775 11469 -11469 0 -13676 -25145 , 2.2018697427139001e-07 , 19
1.6227178075857436 , 11888 -26420 -16793 -11431 -23715 -25458 , 29029 -4643 4643 0 11661 16304 , -23819 11084 -1982 -8232 -3289 -9009 , 14245 -6826 6826 0 2015 8841 , 23319 16793 26420 11431 -8665 2705 , 10119 828 25483 -8633 -16163 36909 , 18752 -25483 -828 8633 11426 -16991 , -15587 1982 -11084 8232 -7027 -14373 , 15775 11469 -11469 0 -13676 -25145 , 2.201869742714032e-07 , 20
1.6227178075857436 , 11888 -26420 -16793 -11431 -23715 -25458 , 29029 -4643 4643 0 11661 16304 , 23819 -11084 1982 8232 3289 9009 , 14245 -6826 6826 0 2015 8841 , 23319 16793 26420 11431 -8665 2705 , -10119 -828 -25483 8633 16163 -36909 , -18752 25483 828 -8633 -11426 16991 , 15587 -1982 11084 -8232 7027 14373 , 15775 11469 -11469 0 -13676 -25145 , 2.201869742714032e-07 , 21
1.6227178075857436 , 11888 -26420 -16793 -11431 -23715 -25458 , 14245 -6826 6826 0 2015 8841 , 10119 -36909 16163 18752 -25483 -828 , 29029 -4643 4643 0 11661 16304 , 23319 16793 26420 11431 -8665 2705 , -23819 9009 3289 -15587 1982 -11084 , -8232 -3289 -9009 15587 -14373 -7027 , -8633 -16163 36909 -18752 -16991 11426 , 15775 11469 -11469 0 -13676 -25145 , 2.201869742714032e-07 , 22
1.6227178075857436 , 11888 -26420 -16793 -11431 -23715 -25458 , 14245 -6826 6826 0 2015 8841 , -11426 16991 18752 -36909 16163 8633 , 29029 -4643 4643 0 11661 16304 , 23319 16793 26420 11431 -8665 2705 , 7027 14373 -15587 9009 3289 8232 , -1982 15587 -14373 -9009 23819 -11084 , 25483 -18752 -16991 36909 -10119 -828 , 15775 11469 -11469 0 -13676 -25145 , 2.201869742714032e-07 , 23
1.6227178075857436 , 11888 -26420 -16793 -11431 -23715 -25458 , 14245 -6826 6826 0 2015 8841 , 11426 -16991 -18752 36909 -16163 -8633 , 29029 -4643 4643 0 11661 16304 , 23319 16793 26420 11431 -8665 2705 , -7027 -14373 15587 -9009 -3289 -8232 , 1982 -15587 14373 9009 -23819 11084 , -25483 18752 16991 -36909 10119 828 , 15775 11469 -11469 0 -13676 -25145 , 2.201869742714032e-07 , 24
1.6227178075857436 , 11888 -26420 -16793 -11431 -23715 -25458 , 14245 -6826 6826 0 2015 8841 , -10119 36909 -16163 -18752 25483 828 , 29029 -4643 4643 0 11661 16304 , 23319 16793 26420 11431 -8665 2705 , 23819 -9009 -3289 15587 -1982 11084 , 8232 3289 9009 -15587 14373 7027 , 8633 16163 -36909 18752 16991 -11426 , 15775 11469 -11469 0 -13676 -25145 , 2.201869742714032e-07 , 25
1.6227178075857436 , 11888 -26420 -16793 -11431 -23715 -25458 , 29029 -4643 4643 0 11661 16304 , -15587 14373 7027 -23819 11084 -1982 , 14245 -6826 6826 0 2015 8841 , 23319 16793 26420 11431 -8665 2705 , 18752 16991 -11426 10119 828 25483 , 8633 11426 -16991 -10119 36909 -16163 , 8232 -7027 -14373 23819 -9009 -3289 , 15775 11469 -11469 0 -13676 -25145 , 2.2018697427140322e-07 , 26
1.6227178075857436 , 11888 -26420 -16793 -11431 -23715 -25458 , 29029 -4643 4643 0 11661 16304 , 15587 -14373 -7027 23819 -11084 1982 , 14245 -6826 6826 0 2015 8841 , 23319 16793 26420 11431 -8665 2705 , -18752 -16991 11426 -10119 -828 -25483 , -8633 -11426 16991 10119 -36909 16163 , -8232 7027 14373 -23819 9009 3289 , 15775 11469 -11469 0 -13676 -25145 , 2.2018697427140322e-07 , 27
1.6227178075857436 , 11888 -26420 -16793 -11431 -23715 -25458 , 14245 -6826 6826 0 2015 8841 , -8633 -11426 16991 10119 -36909 16163 , 29029 -4643 4643 0 11661 16304 , 23319 16793 26420 11431 -8665 2705 , -8232 7027 14373 -23819 9009 3289 , 15587 -14373 -7027 23819 -11084 1982 , -18752 -16991 11426 -10119 -828 -25483 , 15775 11469 -11469 0 -13676 -25145 , 2.2018697427140322e-07 , 28
1.6227178075857436 , 11888 -26420 -16793 -11431 -23715 -25458 , 14245 -6826 6826 0 2015 8841 , 8633 11426 -16991 -10119 36909 -16163 , 29029 -4643 4643 0 11661 16304 , 23319 16793 26420 11431 -8665 2705 , 8232 -7027 -14373 23819 -9009 -3289 , -15587 14373 7027 -23819 11084 -1982 , 18752 16991 -11426 10119 828 25483 , 15775 11469 -11469 0 -13676 -25145 , 2.2018697427140322e-07 , 29
1.6227178075857436 , 11888 -26420 -16793 -11431 -23715 -25458 , 29029 -4643 4643 0 11661 16304 , -9009 23819 -11084 -7027 8232 3289 , 14245 -6826 6826 0 2015 8841 , 23319 16793 26420 11431 -8665 2705 , 36909 -10119 -828 11426 8633 16163 , 25483 828 10119 -11426 16991 18752 , -1982 11084 -23819 7027 14373 -15587 , 15775 11469 -11469 0 -13676 -25145 , 2.2018697427141638e-07 , 30
1.6227178075857436 , 11888 -26420 -16793 -11431 -23715 -25458 , 29029 -4643 4643 0 11661 16304 , 9009 -23819 11084 7027 -8232 -3289 , 14245 -6826 6826 0 2015 8841 , 23319 16793 26420 11431 -8665 2705 , -36909 10119 828 -11426 -8633 -16163 , -25483 -828 -10119 11426 -16991 -18752 , 1982 -11084 23819 -7027 -14373 15587 , 15775 11469 -11469 0 -13676 -25145 , 2.2018697427141638e-07 , 31
1.6227178075857436 , 11888 -26420 -16793 -11431 -23715 -25458 , 14245 -6826 6826 0 2015 8841 , -36909 16163 8633 -25483 -828 -10119 , 29029 -4643 4643 0 11661 16304 , 23319 16793 26420 11431 -8665 2705 , 9009 3289 8232 1982 -11084 23819 , 7027 -8232 -3289 -1982 15587 -14373 , -11426 -8633 -16163 25483 -18752 -16991 , 15775 11469 -11469 0 -13676 -25145 , 2.2018697427141638e-07 , 32
1.6227178075857436 , 11888 -26420 -16793 -11431 -23715 -25458 , 14245 -6826 6826 0 2015 8841 , 16991 18752 -25483 16163 8633 11426 , 29029 -4643 4643 0 11661 16304 , 23319 16793 26420 11431 -8665 2705 , 14373 -15587 1982 3289 8232 -7027 , 11084 -1982 15587 -3289 -9009 23819 , 828 25483 -18752 -16163 36909 -10119 , 15775 11469 -11469 0 -13676 -25145 , 2.2018697427141638e-07 , 33
1.6227178075857436 , 11888 -26420 -16793 -11431 -23715 -25458 , 14245 -6826 6826 0 2015 8841 , -16991 -18752 25483 -16163 -8633 -11426 , 29029 -4643 4643 0 11661 16304 , 23319 16793 26420 11431 -8665 2705 , -14373 15587 -1982 -3289 -8232 7027 , -11084 1982 -15587 3289 9009 -23819 , -828 -25483 18752 16163 -36909 10119 , 15775 11469 -11469 0 -13676 -25145 , 2.2018697427141638e-07 , 34
1.6227178075857436 , 11888 -26420 -16793 -11431 -23715 -25458 , 14245 -6826 6826 0 2015 8841 , 36909 -16163 -8633 25483 828 10119 , 29029 -4643 4643 0 11661 16304 , 23319 16793 26420 11431 -8665 2705 , -9009 -3289 -8232 -1982 11084 -23819 , -7027 8232 3289 1982 -15587 14373 , 11426 8633 16163 -25483 18752 16991 , 15775 11469 -11469 0 -13676 -25145 , 2.2018697427141638e-07 , 35
1.7326643830661894 , 11924 -11134 -34049 -10414 -12025 -25809 , 14218 3351 -3351 0 10297 6946 , -18070 19874 -3002 1184 -17959 13746 , 29056 -14820 14820 0 3379 18199 , 22338 34049 11134 10414 8240 -891 , 17353 6087 -14361 7839 13333 3271 , 9514 14361 -6087 -7839 17632 7246 , -19254 3002 -19874 -1184 16748 -37833 , 15775 11469 -11469 0 -13676 -25145 , 2.2018780840928828e-07 , 0
1.7326643830661894 , 11924 -11134 -34049 -10414 -12025 -25809 , 14218 3351 -3351 0 10297 6946 , 18070 -19874 3002 -1184 17959 -13746 , 29056 -14820 14820 0 3379 18199 , 22338 34049 11134 10414 8240 -891 , -17353 -6087 14361 -7839 -13333 -3271 , -9514 -14361 6087 7839 -17632 -7246 , 19254 -3002 19874 1184 -16748 37833 , 15775 11469 -11469 0 -13676 -25145 , 2.2018780840928828e-07 , 1
1.7326643830661894 , 11924 -11134 -34049 -10414 -12025 -25809 , 29056 -14820 14820 0 3379 18199 , -13333 -7839 17632 -6087 -17353 3271 , 14218 3351 -3351 0 10297 6946 , 22338 34049 11134 10414 8240 -891 , 17959 -1184 16748 -19874 18070 13746 , 37833 -16748 1184 19874 -3002 19254 , -7246 -17632 7839 6087 -14361 -9514 , 15775 11469 -11469 0 -13676 -25145 , 2.2018780840972067e-07 , 2
1.7326643830661894 , 11924 -11134 -34049 -10414 -12025 -25809 , 29056 -14820 14820 0 3379 18199 , 13333 7839 -17632 6087 17353 -3271 , 14218 3351 -3351 0 10297 6946 , 22338 34049 11134 10414 8240 -891 , -17959 1184 -16748 19874 -18070 -13746 , -37833 16748 -1184 -19874 3002 -19254 , 7246 17632 -7839 -6087 14361 9514 , 15775 11469 -11469 0 -13676 -25145 , 2.2018780840972067e-07 , 3
1.7326643830661894 , 11924 -11134 -34049 -10414 -12025 -25809 , 14218 3351 -3351 0 10297 6946 , -3002 19254 -37833 13746 18070 -19874 , 29056 -14820 14820 0 3379 18199 , 22338 34049 11134 10414 8240 -891 , -14361 -9514 7246 3271 -17353 -6087 , -17632 -7246 9514 -3271 -13333 -7839 , -16748 37833 -19254 -13746 17959 -1184 , 15775 11469 -11469 0 -13676 -25145 , 2.2018780841015302e-07 , 4
1.7326643830661894 , 11924 -11134 -34049 -10414 -12025 -25809 , 14218 3351 -3351 0 10297 6946 , 1184 -17959 13746 19254 -37833 16748 , 29056 -14820 14820 0 3379 18199 , 22338 34049 11134 10414 8240 -891 , 7839 13333 3271 -9514 7246 17632 , 17353 -3271 -13333 9514 14361 -6087 , -18070 -13746 17959 -19254 3002 -19874 , 15775 11469 -11469 0 -13676 -25145 , 2.2018780841015302e-07 , 5
1.7326643830661894 , 11924 -11134 -34049 -10414 -12025 -25809 , 14218 3351 -3351 0 10297 6946 , -16748 1184 -17959 -3002 19254 -37833 , 29056 -14820 14820 0 3379 18199 , 22338 34049 11134 10414 8240 -891 , -17632 7839 13333 -14361 -9514 7246 , -3271 -13333 -7839 14361 -6087 -17353 , -13746 17959 -1184 3002 -19874 18070 , 15775 11469 -11469 0 -13676 -25145 , 2.2018780841015302e-07 , 6
1.7326643830661894 , 11924 -11134 -34049 -10414 -12025 -25809 , 14218 3351 -3351 0 10297 6946 , 16748 -1184 17959 3002 -19254 37833 , 29056 -14820 14820 0 3379 18199 , 22338 34049 11134 10414 8240 -891 , 17632 -7839 -13333 14361 9514 -7246 , 3271 13333 7839 -14361 6087 17353 , 13746 -17959 1184 -3002 19874 -18070 , 15775 11469 -11469 0 -13676 -25145 , 2.2018780841015302e-07 , 7
1.7326643830661894 , 11924 -11134 -34049 -10414 -12025 -25809 , 14218 3351 -3351 0 10297 6946 , -1184 17959 -13746 -19254 37833 -16748 , 29056 -14820 14820 0 3379 18199 , 22338 34049 11134 10414 8240 -891 , -7839 -13333 -3271 9514 -7246 -17632 , -17353 3271 13333 -9514 -14361 6087 , 18070 13746 -17959 19254 -3002 19874 , 15775 11469 -11469 0 -13676 -25145 , 2.2018780841015302e-07 , 8
1.7326643830661894 , 11924 -11134 -34049 -10414 -12025 -25809 , 14218 3351 -3351 0 10297 6946 , 3002 -19254 37833 -13746 -18070 19874 , 29056 -14820 14820 0 3379 18199 , 22338 34049 11134 10414 8240 -891 , 14361 9514 -7246 -3271 17353 6087 , 17632 7246 -9514 3271 13333 7839 , 16748 -37833 19254 13746 -17959 1184 , 15775 11469 -11469 0 -13676 -25145 , 2.2018780841015302e-07 , 9
1.7326643830661894 , 11924 -11134 -34049 -10414 -12025 -25809 , 29056 -14820 14820 0 3379 18199 , -6087 -17353 3271 7246 -9514 -14361 , 14218 3351 -3351 0 10297 6946 , 22338 34049 11134 10414 8240 -891 , -19874 18070 13746 -37833 19254 -3002 , 17959 -13746 -18070 37833 -16748 1184 , -13333 -3271 17353 -7246 -17632 7839 , 15775 11469 -11469 0 -13676 -25145 , 2.2018780841015302e-07 , 10
1.7326643830661894 , 11924 -11134 -34049 -10414 -12025 -25809 , 29056 -14820 14820 0 3379 18199 , -7839 17632 7246 -17353 3271 13333 , 14218 3351 -3351 0 10297 6946 , 22338 34049 11134 10414 8240 -891 , -1184 16748 -37833 18070 13746 -17959 , -19254 37833 -16748 -18070 19874 -3002 , 9514 -7246 -17632 17353 6087 -14361 , 15775 11469 -11469 0 -13676 -25145 , 2.2018780841015302e-07 , 11
1.7326643830661894 , 11924 -11134 -34049 -10414 -12025 -25809 , 29056 -14820 14820 0 3379 18199 , 9514 14361 -6087 -7839 17632 7246 , 14218 3351 -3351 0 10297 6946 , 22338 34049 11134 10414 8240 -891 , -19254 3002 -19874 -1184 16748 -37833 , -18070 19874 -3002 1184 -17959 13746 , 17353 6087 -14361 7839 13333 3271 , 15775 11469 -11469 0 -13676 -25145 , 2.2018780841015302e-07 , 12
1.7326643830661894 , 11924 -11134 -34049 -10414 -12025 -25809 , 29056 -14820 14820 0 3379 18199 , -9514 -14361 6087 7839 -17632 -7246 , 14218 3351 -3351 0 10297 6946 , 22338 34049 11134 10414 8240 -891 , 19254 -3002 19874 1184 -16748 37833 , 18070 -19874 3002 -1184 17959 -13746 , -17353 -6087 14361 -7839 -13333 -3271 , 15775 11469 -11469 0 -13676 -25145 , 2.2018780841015302e-07 , 13
1.7326643830661894 , 11924 -11134 -34049 -10414 -12025 -25809 , 29056 -14820 14820 0 3379 18199 , 7839 -17632 -7246 17353 -3271 -13333 , 14218 3351 -3351 0 10297 6946 , 22338 34049 11134 10414 8240 -891 , 1184 -16748 37833 -18070 -13746 17959 , 19254 -37833 16748 18070 -19874 3002 , -9514 7246 17632 -17353 -6087 14361 , 15775 11469 -11469 0 -13676 -25145 , 2.2018780841015302e-07 , 14
1.7326643830661894 , 11924 -11134 -34049 -10414 -12025 -25809 , 29056 -14820 14820 0 3379 18199 , 6087 17353 -3271 -7246 9514 14361 , 14218 3351 -3351 0 10297 6946 , 22338 34049 11134 10414 8240 -891 , 19874 -18070 -13746 37833 -19254 3002 , -17959 13746 18070 -37833 16748 -1184 , 13333 3271 -17353 7246 17632 -7839 , 15775 11469 -11469 0 -13676 -25145 , 2.2018780841015302e-07 , 15
1.7326643830661894 , 11924 -11134 -34049 -10414 -12025 -25809 , 29056 -14820 14820 0 3379 18199 , 14361 -6087 -17353 17632 7246 -9514 , 14218 3351 -3351 0 10297 6946 , 22338 34049 11134 10414 8240 -891 , 3002 -19874 18070 16748 -37833 19254 , -13746 -18070 19874 -16748 1184 -17959 , -3271 17353 6087 -17632 7839 13333 , 15775 11469 -11469 0 -13676 -25145 , 2.2018780841058538e-07 , 16
1.7326643830661894 , 11924 -11134 -34049 -10414 -12025 -25809 , 29056 -14820 14820 0 3379 18199 , -14361 6087 17353 -17632 -7246 9514 , 14218 3351 -3351 0 10297 6946 , 22338 34049 11134 10414 8240 -891 , -3002 19874 -18070 -16748 37833 -19254 , 13746 18070 -19874 16748 -1184 17959 , 3271 -17353 -6087 17632 -7839 -13333 , 15775 11469 -11469 0 -13676 -25145 , 2.2018780841058538e-07 , 17
1.7326643830661894 , 11924 -11134 -34049 -10414 -12025 -25809 , 14218 3351 -3351 0 10297 6946 , -37833 16748 -1184 -19874 3002 -19254 , 29056 -14820 14820 0 3379 18199 , 22338 34049 11134 10414 8240 -891 , 7246 17632 -7839 -6087 14361 9514 , 13333 7839 -17632 6087 17353 -3271 , -17959 1184 -16748 19874 -18070 -13746 , 15775 11469 -11469 0 -13676 -25145 , 2.2018780841058541e-07 , 18
1.7326643830661894 , 11924 -11134 -34049 -10414 -12025 -25809 , 14218 3351 -3351 0 10297 6946 , -19874 3002 -19254 17959 -13746 -18070 , 29056 -14820 14820 0 3379 18199 , 22338 34049 11134 10414 8240 -891 , -6087 14361 9514 -13333 -3271 17353 , 7246 -9514 -14361 13333 7839 -17632 , -37833 19254 -3002 -17959 1184 -16748 , 15775 11469 -11469 0 -13676 -25145 , 2.2018780841058541e-07 , 19
1.7326643830661894 , 11924 -11134 -34049 -10414 -12025 -25809 , 14218 3351 -3351 0 10297 6946 , 13746 18070 -19874 16748 -1184 17959 , 29056 -14820 14820 0 3379 18199 , 22338 34049 11134 10414 8240 -891 , 3271 -17353 -6087 17632 -7839 -13333 , -14361 6087 17353 -17632 -7246 9514 , -3002 19874 -18070 -16748 37833 -19254 , 15775 11469 -11469 0 -13676 -25145 , 2.2018780841058541e-07 , 20
1.7326643830661894 , 11924 -11134 -34049 -10414 -12025 -25809 , 14218 3351 -3351 0 10297 6946 , -13746 -18070 19874 -16748 1184 -17959 , 29056 -14820 14820 0 3379 18199 , 22338 34049 11134 10414 8240 -891 , -3271 17353 6087 -17632 7839 13333 , 14361 -6087 -17353 17632 7246 -9514 , 3002 -19874 18070 16748 -37833 19254 , 15775 11469 -11469 0 -13676 -25145 , 2.2018780841058541e-07 , 21
1.7326643830661894 , 11924 -11134 -34049 -10414 -12025 -25809 , 14218 3351 -3351 0 10297 6946 , 19874 -3002 19254 -17959 13746 18070 , 29056 -14820 14820 0 3379 18199 , 22338 34049 11134 10414 8240 -891 , 6087 -14361 -9514 13333 3271 -17353 , -7246 9514 14361 -13333 -7839 17632 , 37833 -19254 3002 17959 -1184 16748 , 15775 11469 -11469 0 -13676 -25145 , 2.2018780841058541e-07 , 22
1.7326643830661894 , 11924 -11134 -34049 -10414 -12025 -25809 , 14218 3351 -3351 0 10297 6946 , 37833 -16748 1184 19874 -3002 19254 , 29056 -14820 14820 0 3379 18199 , 22338 34049 11134 10414 8240 -891 , -7246 -17632 7839 6087 -14361 -9514 , -13333 -7839 17632 -6087 -17353 3271 , 17959 -1184 16748 -19874 18070 13746 , 15775 11469 -11469 0 -13676 -25145 , 2.2018780841058541e-07 , 23
1.7326643830661894 , 11924 -11134 -34049 -10414 -12025 -25809 , 29056 -14820 14820 0 3379 18199 , -17353 3271 13333 -9514 -14361 6087 , 14218 3351 -3351 0 10297 6946 , 22338 34049 11134 10414 8240 -891 , 18070 13746 -17959 19254 -3002 19874 , -1184 17959 -13746 -19254 37833 -16748 , -7839 -13333 -3271 9514 -7246 -17632 , 15775 11469 -11469 0 -13676 -25145 , 2.2018780841058541e-07 , 24
1.7326643830661894 , 11924 -11134 -34049 -10414 -12025 -25809 , 29056 -14820 14820 0 3379 18199 , 17353 -3271 -13333 9514 14361 -6087 , 14218 3351 -3351 0 10297 6946 , 22338 34049 11134 10414 8240 -891 , -18070 -13746 17959 -19254 3002 -19874 , 1184 -17959 13746 19254 -37833 16748 , 7839 13333 3271 -9514 7246 17632 , 15775 11469 -11469 0 -13676 -25145 , 2.2018780841058541e-07 , 25
1.7326643830661894 , 11924 -11134 -34049 -10414 -12025 -25809 , 29056 -14820 14820 0 3379 18199 , -17632 -7246 9514 -3271 -13333 -7839 , 14218 3351 -3351 0 10297 6946 , 22338 34049 11134 10414 8240 -891 , -16748 37833 -19254 -13746 17959 -1184 , -3002 19254 -37833 13746 18070 -19874 , -14361 -9514 7246 3271 -17353 -6087 , 15775 11469 -11469 0 -13676 -25145 , 2.2018780841080159e-07 , 26
1.7326643830661894 , 11924 -11134 -34049 -10414 -12025 -25809 , 29056 -14820 14820 0 3379 18199 , 17632 7246 -9514 3271 13333 7839 , 14218 3351 -3351 0 10297 6946 , 22338 34049 11134 10414 8240 -891 , 16748 -37833 19254 13746 -17959 1184 , 3002 -19254 37833 -13746 -18070 19874 , 14361 9514 -7246 -3271 17353 6087 , 15775 11469 -11469 0 -13676 -25145 , 2.2018780841080159e-07 , 27
1.7326643830661894 , 11924 -11134 -34049 -10414 -12025 -25809 , 14218 3351 -3351 0 10297 6946 , -17959 13746 18070 -37833 16748 -1184 , 29056 -14820 14820 0 3379 18199 , 22338 34049 11134 10414 8240 -891 , 13333 3271 -17353 7246 17632 -7839 , 6087 17353 -3271 -7246 9514 14361 , 19874 -18070 -13746 37833 -19254 3002 , 15775 11469 -11469 0 -13676 -25145 , 2.2018780841101779e-07 , 28
1.7326643830661894 , 11924 -11134 -34049 -10414 -12025 -25809 , 14218 3351 -3351 0 10297 6946 , 17959 -13746 -18070 37833 -16748 1184 , 29056 -14820 14820 0 3379 18199 , 22338 34049 11134 10414 8240 -891 , -13333 -3271 17353 -7246 -17632 7839 , -6087 -17353 3271 7246 -9514 -14361 , -19874 18070 13746 -37833 19254 -3002 , 15775 11469 -11469 0 -13676 -25145 , 2.2018780841101779e-07 , 29
1.7326643830661894 , 11924 -11134 -34049 -10414 -12025 -25809 , 29056 -14820 14820 0 3379 18199 , -3271 -13333 -7839 14361 -6087 -17353 , 14218 3351 -3351 0 10297 6946 , 22338 34049 11134 10414 8240 -891 , -13746 17959 -1184 3002 -19874 18070 , -16748 1184 -17959 -3002 19254 -37833 , -17632 7839 13333 -14361 -9514 7246 , 15775 11469 -11469 0 -13676 -25145 , 2.2018780841101779e-07 , 30
1.7326643830661894 , 11924 -11134 -34049 -10414 -12025 -25809 , 29056 -14820 14820 0 3379 18199 , 3271 13333 7839 -14361 6087 17353 , 14218 3351 -3351 0 10297 6946 , 22338 34049 11134 10414 8240 -891 , 13746 -17959 1184 -3002 19874 -18070 , 16748 -1184 17959 3002 -19254 37833 , 17632 -7839 -13333 14361 9514 -7246 , 15775 11469 -11469 0 -13676 -25145 , 2.2018780841101779e-07 , 31
1.7326643830661894 , 11924 -11134 -34049 -10414 -12025 -25809 , 29056 -14820 14820 0 3379 18199 , -7246 9514 14361 -13333 -7839 17632 , 14218 3351 -3351 0 10297 6946 , 22338 34049 11134 10414 8240 -891 , 37833 -19254 3002 17959 -1184 16748 , 19874 -3002 19254 -17959 13746 18070 , 6087 -14361 -9514 13333 3271 -17353 , 15775 11469 -11469 0 -13676 -25145 , 2.2018780841145015e-07 , 32
1.7326643830661894 , 11924 -11134 -34049 -10414 -12025 -25809 , 29056 -14820 14820 0 3379 18199 , 7246 -9514 -14361 13333 7839 -17632 , 14218 3351 -3351 0 10297 6946 , 22338 34049 11134 10414 8240 -891 , -37833 19254 -3002 -17959 1184 -16748 , -19874 3002 -19254 17959 -13746 -18070 , -6087 14361 9514 -13333 -3271 17353 , 15775 11469 -11469 0 -13676 -25145 , 2.2018780841145015e-07 , 33
1.7326643830661894 , 11924 -11134 -34049 -10414 -12025 -25809 , 14218 3351 -3351 0 10297 6946 , 19254 -37833 16748 18070 -19874 3002 , 29056 -14820 14820 0 3379 18199 , 22338 34049 11134 10414 8240 -891 , -9514 7246 17632 -17353 -6087 14361 , 7839 -17632 -7246 17353 -3271 -13333 , 1184 -16748 37833 -18070 -13746 17959 , 15775 11469 -11469 0 -13676 -25145 , 2.2018780841145018e-07 , 34
1.7326643830661894 , 11924 -11134 -34049 -10414 -12025 -25809 , 14218 3351 -3351 0 10297 6946 , -19254 37833 -16748 -18070 19874 -3002 , 29056 -14820 14820 0 3379 18199 , 22338 34049 11134 10414 8240 -891 , 9514 -7246 -17632 17353 6087 -14361 , -7839 17632 7246 -17353 3271 13333 , -1184 16748 -37833 18070 13746 -17959 , 15775 11469 -11469 0 -13676 -25145 , 2.2018780841145018e-07 , 35
1.8439778243647276 , -8105 -15488 -13278 -21399 -33165 -17123 , 26881 -16997 16997 0 447 17444 , -14983 5977 18729 -16317 -11387 12458 , 16393 5528 -5528 0 13229 7701 , 13294 13278 15488 21399 -3845 -17677 , 5949 -21340 35477 -9547 -18651 19221 , 15496 -35477 21340 9547 -16256 2689 , 1334 -18729 -5977 16317 -6271 -17364 , 15775 11469 -11469 0 -13676 -25145 , 2.201869808077223e-07 , 0
1.8439778243647276 , -8105 -15488 -13278 -21399 -33165 -17123 , 26881 -16997 16997 0 447 17444 , 14983 -5977 -18729 16317 11387 -12458 , 16393 5528 -5528 0 13229 7701 , 13294 13278 15488 21399 -3845 -17677 , -5949 21340 -35477 9547 18651 -19221 , -15496 35477 -21340 -9547 16256 -2689 , -1334 18729 5977 -16317 6271 17364 , 15775 11469 -11469 0 -13676 -25145 , 2.201869808077223e-07 , 1
1.8439778243647276 , -8105 -15488 -13278 -21399 -33165 -17123 , 26881 -16997 16997 0 447 17444 , 5977 18729 -1334 -11387 12458 14983 , 16393 5528 -5528 0 13229 7701 , 13294 13278 15488 21399 -3845 -17677 , -21340 35477 -15496 -18651 19221 -5949 , -2689 15496 -35477 18651 9547 -16256 , 17364 1334 -18729 11387 16317 -6271 , 15775 11469 -11469 0 -13676 -25145 , 2.2018698080776274e-07 , 2
1.8439778243647276 , -8105 -15488 -13278 -21399 -33165 -17123 , 26881 -16997 16997 0 447 17444 , -5977 -18729 1334 11387 -12458 -14983 , 16393 5528 -5528 0 13229 7701 , 13294 13278 15488 21399 -3845 -17677 , 21340 -35477 15496 18651 -19221 5949 , 2689 -15496 35477 -18651 -9547 16256 , -17364 -1334 18729 -11387 -16317 6271 , 15775 11469 -11469 0 -13676 -25145 , 2.2018698080776274e-07 , 3
1.8439778243647276 , -8105 -15488 -13278 -21399 -33165 -17123 , 16393 5528 -5528 0 13229 7701 , -18651 -9547 16256 -21340 5949 -19221 , 26881 -16997 16997 0 447 17444 , 13294 13278 15488 21399 -3845 -17677 , -11387 -16317 6271 5977 -14983 -12458 , -17364 -6271 16317 -5977 -18729 1334 , 2689 -16256 9547 21340 -35477 15496 , 15775 11469 -11469 0 -13676 -25145 , 2.2018698080778299e-07 , 4
1.8439778243647276 , -8105 -15488 -13278 -21399 -33165 -17123 , 16393 5528 -5528 0 13229 7701 , -9547 16256 -2689 5949 -19221 18651 , 26881 -16997 16997 0 447 17444 , 13294 13278 15488 21399 -3845 -17677 , -16317 6271 17364 -14983 -12458 11387 , -1334 -17364 -6271 14983 -5977 -18729 , -15496 2689 -16256 -5949 21340 -35477 , 15775 11469 -11469 0 -13676 -25145 , 2.2018698080778299e-07 , 5
1.8439778243647276 , -8105 -15488 -13278 -21399 -33165 -17123 , 16393 5528 -5528 0 13229 7701 , 9547 -16256 2689 -5949 19221 -18651 , 26881 -16997 16997 0 447 17444 , 13294 13278 15488 21399 -3845 -17677 , 16317 -6271 -17364 14983 12458 -11387 , 1334 17364 6271 -14983 5977 18729 , 15496 -2689 16256 5949 -21340 35477 , 15775 11469 -11469 0 -13676 -25145 , 2.2018698080778299e-07 , 6
1.8439778243647276 , -8105 -15488 -13278 -21399 -33165 -17123 , 16393 5528 -5528 0 13229 7701 , 18651 9547 -16256 21340 -5949 19221 , 26881 -16997 16997 0 447 17444 , 13294 13278 15488 21399 -3845 -17677 , 11387 16317 -6271 -5977 14983 12458 , 17364 6271 -16317 5977 18729 -1334 , -2689 16256 -9547 -21340 35477 -15496 , 15775 11469 -11469 0 -13676 -25145 , 2.2018698080778299e-07 , 7
1.8439778243647276 , -8105 -15488 -13278 -21399 -33165 -17123 , 16393 5528 -5528 0 13229 7701 , -35477 21340 -5949 -16256 2689 -15496 , 26881 -16997 16997 0 447 17444 , 13294 13278 15488 21399 -3845 -17677 , -18729 -5977 14983 -6271 -17364 -1334 , -12458 -14983 5977 6271 -16317 -11387 , -19221 5949 -21340 16256 -9547 -18651 , 15775 11469 -11469 0 -13676 -25145 , 2.2018698080780324e-07 , 8
1.8439778243647276 , -8105 -15488 -13278 -21399 -33165 -17123 , 16393 5528 -5528 0 13229 7701 , 35477 -21340 5949 16256 -2689 15496 , 26881 -16997 16997 0 447 17444 , 13294 13278 15488 21399 -3845 -17677 , 18729 5977 -14983 6271 17364 1334 , 12458 14983 -5977 -6271 16317 11387 , 19221 -5949 21340 -16256 9547 18651 , 15775 11469 -11469 0 -13676 -25145 , 2.2018698080780324e-07 , 9
1.8439778243647276 , -8105 -15488 -13278 -21399 -33165 -17123 , 26881 -16997 16997 0 447 17444 , 17364 6271 -16317 5977 18729 -1334 , 16393 5528 -5528 0 13229 7701 , 13294 13278 15488 21399 -3845 -17677 , -2689 16256 -9547 -21340 35477 -15496 , 18651 9547 -16256 21340 -5949 19221 , 11387 16317 -6271 -5977 14983 12458 , 15775 11469 -11469 0 -13676 -25145 , 2.2018698080782344e-07 , 10
1.8439778243647276 , -8105 -15488 -13278 -21399 -33165 -17123 , 26881 -16997 16997 0 447 17444 , -17364 -6271 16317 -5977 -18729 1334 , 16393 5528 -5528 0 13229 7701 , 13294 13278 15488 21399 -3845 -17677 , 2689 -16256 9547 21340 -35477 15496 , -18651 -9547 16256 -21340 5949 -19221 , -11387 -16317 6271 5977 -14983 -12458 , 15775 11469 -11469 0 -13676 -25145 , 2.2018698080782344e-07 , 11
1.8439778243647276 , -8105 -15488 -13278 -21399 -33165 -17123 , 16393 5528 -5528 0 13229 7701 , 19221 -18651 -9547 35477 -21340 5949 , 26881 -16997 16997 0 447 17444 , 13294 13278 15488 21399 -3845 -17677 , 12458 -11387 -16317 18729 5977 -14983 , -6271 16317 11387 -18729 1334 17364 , -16256 9547 18651 -35477 15496 -2689 , 15775 11469 -11469 0 -13676 -25145 , 2.2018698080782347e-07 , 12
1.8439778243647276 , -8105 -15488 -13278 -21399 -33165 -17123 , 16393 5528 -5528 0 13229 7701 , -19221 18651 9547 -35477 21340 -5949 , 26881 -16997 16997 0 447 17444 , 13294 13278 15488 21399 -3845 -17677 , -12458 11387 16317 -18729 -5977 14983 , 6271 -16317 -11387 18729 -1334 -17364 , 16256 -9547 -18651 35477 -15496 2689 , 15775 11469 -11469 0 -13676 -25145 , 2.2018698080782347e-07 , 13
1.8439778243647276 , -8105 -15488 -13278 -21399 -33165 -17123 , 26881 -16997 16997 0 447 17444 , -18729 1334 17364 -12458 -14983 5977 , 16393 5528 -5528 0 13229 7701 , 13294 13278 15488 21399 -3845 -17677 , -35477 15496 -2689 -19221 5949 -21340 , -16256 2689 -15496 19221 -18651 -9547 , -6271 -17364 -1334 12458 -11387 -16317 , 15775 11469 -11469 0 -13676 -25145 , 2.2018698080786391e-07 , 14
1.8439778243647276 , -8105 -15488 -13278 -21399 -33165 -17123 , 26881 -16997 16997 0 447 17444 , -1334 -17364 -6271 14983 -5977 -18729 , 16393 5528 -5528 0 13229 7701 , 13294 13278 15488 21399 -3845 -17677 , -15496 2689 -16256 -5949 21340 -35477 , -9547 16256 -2689 5949 -19221 18651 , -16317 6271 17364 -14983 -12458 11387 , 15775 11469 -11469 0 -13676 -25145 , 2.2018698080786391e-07 , 15
1.8439778243647276 , -8105 -15488 -13278 -21399 -33165 -17123 , 26881 -16997 16997 0 447 17444 , 1334 17364 6271 -14983 5977 18729 , 16393 5528 -5528 0 13229 7701 , 13294 13278 15488 21399 -3845 -17677 , 15496 -2689 16256 5949 -21340 35477 , 9547 -16256 2689 -5949 19221 -18651 , 16317 -6271 -17364 14983 12458 -11387 , 15775 11469 -11469 0 -13676 -25145 , 2.2018698080786391e-07 , 16
1.8439778243647276 , -8105 -15488 -13278 -21399 -33165 -17123 , 26881 -16997 16997 0 447 17444 , 18729 -1334 -17364 12458 14983 -5977 , 16393 5528 -5528 0 13229 7701 , 13294 13278 15488 21399 -3845 -17677 , 35477 -15496 2689 19221 -5949 21340 , 16256 -2689 15496 -19221 18651 9547 , 6271 17364 1334 -12458 11387 16317 , 15775 11469 -11469 0 -13676 -25145 , 2.2018698080786391e-07 , 17
1.8439778243647276 , -8105 -15488 -13278 -21399 -33165 -17123 , 26881 -16997 16997 0 447 17444 , -11387 12458 14983 -17364 -6271 16317 , 16393 5528 -5528 0 13229 7701 , 13294 13278 15488 21399 -3845 -17677 , -18651 19221 -5949 2689 -16256 9547 , -21340 5949 -19221 -2689 15496 -35477 , 5977 -14983 -12458 17364 1334 -18729 , 15775 11469 -11469 0 -13676 -25145 , 2.2018698080786394e-07 , 18
1.8439778243647276 , -8105 -15488 -13278 -21399 -33165 -17123 , 26881 -16997 16997 0 447 17444 , 11387 -12458 -14983 17364 6271 -16317 , 16393 5528 -5528 0 13229 7701 , 13294 13278 15488 21399 -3845 -17677 , 18651 -19221 5949 -2689 16256 -9547 , 21340 -5949 19221 2689 -15496 35477 , -5977 14983 12458 -17364 -1334 18729 , 15775 11469 -11469 0 -13676 -25145 , 2.2018698080786394e-07 , 19
1.8439778243647276 , -8105 -15488 -13278 -21399 -33165 -17123 , 16393 5528 -5528 0 13229 7701 , -16256 2689 -15496 19221 -18651 -9547 , 26881 -16997 16997 0 447 17444 , 13294 13278 15488 21399 -3845 -17677 , -6271 -17364 -1334 12458 -11387 -16317 , -18729 1334 17364 -12458 -14983 5977 , -35477 15496 -2689 -19221 5949 -21340 , 15775 11469 -11469 0 -13676 -25145 , 2.2018698080786394e-07 , 20
1.8439778243647276 , -8105 -15488 -13278 -21399 -33165 -17123 , 16393 5528 -5528 0 13229 7701 , -21340 5949 -19221 -2689 15496 -35477 , 26881 -16997 16997 0 447 17444 , 13294 13278 15488 21399 -3845 -17677 , 5977 -14983 -12458 17364 1334 -18729 , -11387 12458 14983 -17364 -6271 16317 , -18651 19221 -5949 2689 -16256 9547 , 15775 11469 -11469 0 -13676 -25145 , 2.2018698080786394e-07 , 21
1.8439778243647276 , -8105 -15488 -13278 -21399 -33165 -17123 , 16393 5528 -5528 0 13229 7701 , 21340 -5949 19221 2689 -15496 35477 , 26881 -16997 16997 0 447 17444 , 13294 13278 15488 21399 -3845 -17677 , -5977 14983 12458 -17364 -1334 18729 , 11387 -12458 -14983 17364 6271 -16317 , 18651 -19221 5949 -2689 16256 -9547 , 15775 11469 -11469 0 -13676 -25145 , 2.2018698080786394e-07 , 22
1.8439778243647276 , -8105 -15488 -13278 -21399 -33165 -17123 , 16393 5528 -5528 0 13229 7701 , 16256 -2689 15496 -19221 18651 9547 , 26881 -16997 16997 0 447 17444 , 13294 13278 15488 21399 -3845 -17677 , 6271 17364 1334 -12458 11387 16317 , 18729 -1334 -17364 12458 14983 -5977 , 35477 -15496 2689 19221 -5949 21340 , 15775 11469 -11469 0 -13676 -25145 , 2.2018698080786394e-07 , 23
1.8439778243647276 , -8105 -15488 -13278 -21399 -33165 -17123 , 26881 -16997 16997 0 447 17444 , 6271 -16317 -11387 18729 -1334 -17364 , 16393 5528 -5528 0 13229 7701 , 13294 13278 15488 21399 -3845 -17677 , 16256 -9547 -18651 35477 -15496 2689 , -19221 18651 9547 -35477 21340 -5949 , -12458 11387 16317 -18729 -5977 14983 , 15775 11469 -11469 0 -13676 -25145 , 2.2018698080790436e-07 , 24
1.8439778243647276 , -8105 -15488 -13278 -21399 -33165 -17123 , 26881 -16997 16997 0 447 17444 , -6271 16317 11387 -18729 1334 17364 , 16393 5528 -5528 0 13229 7701 , 13294 13278 15488 21399 -3845 -17677 , -16256 9547 18651 -35477 15496 -2689 , 19221 -18651 -9547 35477 -21340 5949 , 12458 -11387 -16317 18729 5977 -14983 , 15775 11469 -11469 0 -13676 -25145 , 2.2018698080790436e-07 , 25
1.8439778243647276 , -8105 -15488 -13278 -21399 -33165 -17123 , 16393 5528 -5528 0 13229 7701 , -5949 19221 -18651 -15496 35477 -21340 , 26881 -16997 16997 0 447 17444 , 13294 13278 15488 21399 -3845 -17677 , 14983 12458 -11387 -1334 18729 5977 , 16317 11387 -12458 1334 17364 6271 , 9547 18651 -19221 15496 -2689 16256 , 15775 11469 -11469 0 -13676 -25145 , 2.2018698080790438e-07 , 26
1.8439778243647276 , -8105 -15488 -13278 -21399 -33165 -17123 , 16393 5528 -5528 0 13229 7701 , 2689 -15496 35477 -18651 -9547 16256 , 26881 -16997 16997 0 447 17444 , 13294 13278 15488 21399 -3845 -17677 , -17364 -1334 18729 -11387 -16317 6271 , -5977 -18729 1334 11387 -12458 -14983 , 21340 -35477 15496 18651 -19221 5949 , 15775 11469 -11469 0 -13676 -25145 , 2.2018698080790438e-07 , 27
1.8439778243647276 , -8105 -15488 -13278 -21399 -33165 -17123 , 16393 5528 -5528 0 13229 7701 , -2689 15496 -35477 18651 9547 -16256 , 26881 -16997 16997 0 447 17444 , 13294 13278 15488 21399 -3845 -17677 , 17364 1334 -18729 11387 16317 -6271 , 5977 18729 -1334 -11387 12458 14983 , -21340 35477 -15496 -18651 19221 -5949 , 15775 11469 -11469 0 -13676 -25145 , 2.2018698080790438e-07 , 28
1.8439778243647276 , -8105 -15488 -13278 -21399 -33165 -17123 , 16393 5528 -5528 0 13229 7701 , 5949 -19221 18651 15496 -35477 21340 , 26881 -16997 16997 0 447 17444 , 13294 13278 15488 21399 -3845 -17677 , -14983 -12458 11387 1334 -18729 -5977 , -16317 -11387 12458 -1334 -17364 -6271 , -9547 -18651 19221 -15496 2689 -16256 , 15775 11469 -11469 0 -13676 -25145 , 2.2018698080790438e-07 , 29
1.8439778243647276 , -8105 -15488 -13278 -21399 -33165 -17123 , 26881 -16997 16997 0 447 17444 , -16317 -11387 12458 -1334 -17364 -6271 , 16393 5528 -5528 0 13229 7701 , 13294 13278 15488 21399 -3845 -17677 , -9547 -18651 19221 -15496 2689 -16256 , 5949 -19221 18651 15496 -35477 21340 , -14983 -12458 11387 1334 -18729 -5977 , 15775 11469 -11469 0 -13676 -25145 , 2.2018698080790441e-07 , 30
1.8439778243647276 , -8105 -15488 -13278 -21399 -33165 -17123 , 26881 -16997 16997 0 447 17444 , 16317 11387 -12458 1334 17364 6271 , 16393 5528 -5528 0 13229 7701 , 13294 13278 15488 21399 -3845 -17677 , 9547 18651 -19221 15496 -2689 16256 , -5949 19221 -18651 -15496 35477 -21340 , 14983 12458 -11387 -1334 18729 5977 , 15775 11469 -11469 0 -13676 -25145 , 2.2018698080790441e-07 , 31
1.8439778243647276 , -8105 -15488 -13278 -21399 -33165 -17123 , 16393 5528 -5528 0 13229 7701 , -15496 35477 -21340 -9547 16256 -2689 , 26881 -16997 16997 0 447 17444 , 13294 13278 15488 21399 -3845 -17677 , -1334 18729 5977 -16317 6271 17364 , 14983 -5977 -18729 16317 11387 -12458 , -5949 21340 -35477 9547 18651 -19221 , 15775 11469 -11469 0 -13676 -25145 , 2.2018698080790441e-07 , 32
1.8439778243647276 , -8105 -15488 -13278 -21399 -33165 -17123 , 16393 5528 -5528 0 13229 7701 , 15496 -35477 21340 9547 -16256 2689 , 26881 -16997 16997 0 447 17444 , 13294 13278 15488 21399 -3845 -17677 , 1334 -18729 -5977 16317 -6271 -17364 , -14983 5977 18729 -16317 -11387 12458 , 5949 -21340 35477 -9547 -18651 19221 , 15775 11469 -11469 0 -13676 -25145 , 2.2018698080790441e-07 , 33
1.8439778243647276 , -8105 -15488 -13278 -21399 -33165 -17123 , 26881 -16997 16997 0 447 17444 , -12458 -14983 5977 6271 -16317 -11387 , 16393 5528 -5528 0 13229 7701 , 13294 13278 15488 21399 -3845 -17677 , -19221 5949 -21340 16256 -9547 -18651 , -35477 21340 -5949 -16256 2689 -15496 , -18729 -5977 14983 -6271 -17364 -1334 , 15775 11469 -11469 0 -13676 -25145 , 2.2018698080798533e-07 , 34
1.8439778243647276 , -8105 -15488 -13278 -21399 -33165 -17123 , 26881 -16997 16997 0 447 17444 , 12458 14983 -5977 -6271 16317 11387 , 16393 5528 -5528 0 13229 7701 , 13294 13278 15488 21399 -3845 -17677 , 19221 -5949 21340 -16256 9547 18651 , 35477 -21340 5949 16256 -2689 15496 , 18729 5977 -14983 6271 17364 1334 , 15775 11469 -11469 0 -13676 -25145 , 2.2018698080798533e-07 , 35
1.952033239457572 , 2269 -11689 -33433 -16568 -11250 -28437 , 22399 5283 -5283 0 16225 10942 , -11455 11832 -5832 8622 -17743 9533 , 20875 -16752 16752 0 -2549 14203 , 18837 33433 11689 16568 4996 439 , 21825 12407 -9637 4834 10589 18398 , 16991 9637 -12407 -4834 28035 -1818 , -20077 5832 -11832 -8622 15365 -29575 , 15775 11469 -11469 0 -13676 -25145 , 2.2018921588098788e-07 , 0
1.952033239457572 , 2269 -11689 -33433 -16568 -11250 -28437 , 22399 5283 -5283 0 16225 10942 , 9533 11455 -11832 15365 -8622 17743 , 20875 -16752 16752 0 -2549 14203 , 18837 33433 11689 16568 4996 439 , 18398 -21825 -12407 28035 -4834 -10589 , -9637 12407 21825 -28035 1818 16991 , -5832 11832 -11455 -15365 29575 -20077 , 15775 11469 -11469 0 -13676 -25145 , 2.2018921588098788e-07 , 1
1.952033239457572 , 2269 -11689 -33433 -16568 -11250 -28437 , 22399 5283 -5283 0 16225 10942 , -9533 -11455 11832 -15365 8622 -17743 , 20875 -16752 16752 0 -2549 14203 , 18837 33433 11689 16568 4996 439 , -18398 21825 12407 -28035 4834 10589 , 9637 -12407 -21825 28035 -1818 -16991 , 5832 -11832 11455 15365 -29575 20077 , 15775 11469 -11469 0 -13676 -25145 , 2.2018921588098788e-07 , 2
1.952033239457572 , 2269 -11689 -33433 -16568 -11250 -28437 , 22399 5283 -5283 0 16225 10942 , 11455 -11832 5832 -8622 17743 -9533 , 20875 -16752 16752 0 -2549 14203 , 18837 33433 11689 16568 4996 439 , -21825 -12407 9637 -4834 -10589 -18398 , -16991 -9637 12407 4834 -28035 1818 , 20077 -5832 11832 8622 -15365 29575 , 15775 11469 -11469 0 -13676 -25145 , 2.2018921588098788e-07 , 3
1.952033239457572 , 2269 -11689 -33433 -16568 -11250 -28437 , 20875 -16752 16752 0 -2549 14203 , -28035 1818 16991 -18398 -10589 -4834 , 22399 5283 -5283 0 16225 10942 , 18837 33433 11689 16568 4996 439 , -15365 29575 -20077 -9533 17743 -8622 , -5832 20077 -29575 9533 11455 -11832 , -9637 -16991 -1818 18398 -21825 -12407 , 15775 11469 -11469 0 -13676 -25145 , 2.201892158809879e-07 , 4
1.952033239457572 , 2269 -11689 -33433 -16568 -11250 -28437 , 20875 -16752 16752 0 -2549 14203 , 28035 -1818 -16991 18398 10589 4834 , 22399 5283 -5283 0 16225 10942 , 18837 33433 11689 16568 4996 439 , 15365 -29575 20077 9533 -17743 8622 , 5832 -20077 29575 -9533 -11455 11832 , 9637 16991 1818 -18398 21825 12407 , 15775 11469 -11469 0 -13676 -25145 , 2.201892158809879e-07 , 5
1.952033239457572 , 2269 -11689 -33433 -16568 -11250 -28437 , 22399 5283 -5283 0 16225 10942 , 8622 -17743 9533 20077 -29575 15365 , 20875 -16752 16752 0 -2549 14203 , 18837 33433 11689 16568 4996 439 , 4834 10589 18398 -16991 -1818 28035 , 21825 -18398 -10589 16991 9637 -12407 , -11455 -9533 17743 -20077 5832 -11832 , 15775 11469 -11469 0 -13676 -25145 , 2.2018921588134218e-07 , 6
1.952033239457572 , 2269 -11689 -33433 -16568 -11250 -28437 , 22399 5283 -5283 0 16225 10942 , -8622 17743 -9533 -20077 29575 -15365 , 20875 -16752 16752 0 -2549 14203 , 18837 33433 11689 16568 4996 439 , -4834 -10589 -18398 16991 1818 -28035 , -21825 18398 10589 -16991 -9637 12407 , 11455 9533 -17743 20077 -5832 11832 , 15775 11469 -11469 0 -13676 -25145 , 2.2018921588134218e-07 , 7
1.952033239457572 , 2269 -11689 -33433 -16568 -11250 -28437 , 20875 -16752 16752 0 -2549 14203 , -21825 18398 10589 -16991 -9637 12407 , 22399 5283 -5283 0 16225 10942 , 18837 33433 11689 16568 4996 439 , 11455 9533 -17743 20077 -5832 11832 , -8622 17743 -9533 -20077 29575 -15365 , -4834 -10589 -18398 16991 1818 -28035 , 15775 11469 -11469 0 -13676 -25145 , 2.201892158813422e-07 , 8
1.952033239457572 , 2269 -11689 -33433 -16568 -11250 -28437 , 20875 -16752 16752 0 -2549 14203 , 21825 -18398 -10589 16991 9637 -12407 , 22399 5283 -5283 0 16225 10942 , 18837 33433 11689 16568 4996 439 , -11455 -9533 17743 -20077 5832 -11832 , 8622 -17743 9533 20077 -29575 15365 , 4834 10589 18398 -16991 -1818 28035 , 15775 11469 -11469 0 -13676 -25145 , 2.201892158813422e-07 , 9
1.952033239457572 , 2269 -11689 -33433 -16568 -11250 -28437 , 22399 5283 -5283 0 16225 10942 , -17743 9533 11455 -29575 15365 -8622 , 20875 -16752 16752 0 -2549 14203 , 18837 33433 11689 16568 4996 439 , 10589 18398 -21825 -1818 28035 -4834 , 12407 21825 -18398 1818 16991 9637 , 11832 -11455 -9533 29575 -20077 5832 , 15775 11469 -11469 0 -13676 -25145 , 2.201892158816965e-07 , 10
1.952033239457572 , 2269 -11689 -33433 -16568 -11250 -28437 , 22399 5283 -5283 0 16225 10942 , 17743 -9533 -11455 29575 -15365 8622 , 20875 -16752 16752 0 -2549 14203 , 18837 33433 11689 16568 4996 439 , -10589 -18398 21825 1818 -28035 4834 , -12407 -21825 18398 -1818 -16991 -9637 , -11832 11455 9533 -29575 20077 -5832 , 15775 11469 -11469 0 -13676 -25145 , 2.201892158816965e-07 , 11
1.952033239457572 , 2269 -11689 -33433 -16568 -11250 -28437 , 20875 -16752 16752 0 -2549 14203 , -4834 28035 -1818 -21825 18398 10589 , 22399 5283 -5283 0 16225 10942 , 18837 33433 11689 16568 4996 439 , -8622 15365 -29575 11455 9533 -17743 , -20077 29575 -15365 -11455 11832 -5832 , 16991 1818 -28035 21825 12407 -9637 , 15775 11469 -11469 0 -13676 -25145 , 2.201892158816965e-07 , 12
1.952033239457572 , 2269 -11689 -33433 -16568 -11250 -28437 , 20875 -16752 16752 0 -2549 14203 , 4834 -28035 1818 21825 -18398 -10589 , 22399 5283 -5283 0 16225 10942 , 18837 33433 11689 16568 4996 439 , 8622 -15365 29575 -11455 -9533 17743 , 20077 -29575 15365 11455 -11832 5832 , -16991 -1818 28035 -21825 -12407 9637 , 15775 11469 -11469 0 -13676 -25145 , 2.201892158816965e-07 , 13
1.952033239457572 , 2269 -11689 -33433 -16568 -11250 -28437 , 20875 -16752 16752 0 -2549 14203 , -12407 -21825 18398 -1818 -16991 -9637 , 22399 5283 -5283 0 16225 10942 , 18837 33433 11689 16568 4996 439 , -11832 11455 9533 -29575 20077 -5832 , 17743 -9533 -11455 29575 -15365 8622 , -10589 -18398 21825 1818 -28035 4834 , 15775 11469 -11469 0 -13676 -25145 , 2.2018921588205074e-07 , 14
1.952033239457572 , 2269 -11689 -33433 -16568 -11250 -28437 , 20875 -16752 16752 0 -2549 14203 , 9637 -12407 -21825 28035 -1818 -16991 , 22399 5283 -5283 0 16225 10942 , 18837 33433 11689 16568 4996 439 , 5832 -11832 11455 15365 -29575 20077 , -9533 -11455 11832 -15365 8622 -17743 , -18398 21825 12407 -28035 4834 10589 , 15775 11469 -11469 0 -13676 -25145 , 2.2018921588205074e-07 , 15
1.952033239457572 , 2269 -11689 -33433 -16568 -11250 -28437 , 20875 -16752 16752 0 -2549 14203 , -9637 12407 21825 -28035 1818 16991 , 22399 5283 -5283 0 16225 10942 , 18837 33433 11689 16568 4996 439 , -5832 11832 -11455 -15365 29575 -20077 , 9533 11455 -11832 15365 -8622 17743 , 18398 -21825 -12407 28035 -4834 -10589 , 15775 11469 -11469 0 -13676 -25145 , 2.2018921588205074e-07 , 16
1.952033239457572 , 2269 -11689 -33433 -16568 -11250 -28437 , 20875 -16752 16752 0 -2549 14203 , 12407 21825 -18398 1818 16991 9637 , 22399 5283 -5283 0 16225 10942 , 18837 33433 11689 16568 4996 439 , 11832 -11455 -9533 29575 -20077 5832 , -17743 9533 11455 -29575 15365 -8622 , 10589 18398 -21825 -1818 28035 -4834 , 15775 11469 -11469 0 -13676 -25145 , 2.2018921588205074e-07 , 17
1.952033239457572 , 2269 -11689 -33433 -16568 -11250 -28437 , 22399 5283 -5283 0 16225 10942 , -15365 8622 -17743 -5832 20077 -29575 , 20875 -16752 16752 0 -2549 14203 , 18837 33433 11689 16568 4996 439 , -28035 4834 10589 -9637 -16991 -1818 , -18398 -10589 -4834 9637 -12407 -21825 , -9533 17743 -8622 5832 -11832 11455 , 15775 11469 -11469 0 -13676 -25145 , 2.201892158820508e-07 , 18
1.952033239457572 , 2269 -11689 -33433 -16568 -11250 -28437 , 22399 5283 -5283 0 16225 10942 , 15365 -8622 17743 5832 -20077 29575 , 20875 -16752 16752 0 -2549 14203 , 18837 33433 11689 16568 4996 439 , 28035 -4834 -10589 9637 16991 1818 , 18398 10589 4834 -9637 12407 21825 , 9533 -17743 8622 -5832 11832 -11455 , 15775 11469 -11469 0 -13676 -25145 , 2.201892158820508e-07 , 19
1.952033239457572 , 2269 -11689 -33433 -16568 -11250 -28437 , 20875 -16752 16752 0 -2549 14203 , -1818 -16991 -9637 10589 4834 -28035 , 22399 5283 -5283 0 16225 10942 , 18837 33433 11689 16568 4996 439 , -29575 20077 -5832 -17743 8622 -15365 , -11832 5832 -20077 17743 -9533 -11455 , -12407 9637 16991 -10589 -18398 21825 , 15775 11469 -11469 0 -13676 -25145 , 2.2018921588240504e-07 , 20
1.952033239457572 , 2269 -11689 -33433 -16568 -11250 -28437 , 20875 -16752 16752 0 -2549 14203 , 1818 16991 9637 -10589 -4834 28035 , 22399 5283 -5283 0 16225 10942 , 18837 33433 11689 16568 4996 439 , 29575 -20077 5832 17743 -8622 15365 , 11832 -5832 20077 -17743 9533 11455 , 12407 -9637 -16991 10589 18398 -21825 , 15775 11469 -11469 0 -13676 -25145 , 2.2018921588240504e-07 , 21
1.952033239457572 , 2269 -11689 -33433 -16568 -11250 -28437 , 22399 5283 -5283 0 16225 10942 , -29575 15365 -8622 -11832 5832 -20077 , 20875 -16752 16752 0 -2549 14203 , 18837 33433 11689 16568 4996 439 , -1818 28035 -4834 -12407 9637 16991 , 10589 4834 -28035 12407 21825 -18398 , -17743 8622 -15365 11832 -11455 -9533 , 15775 11469 -11469 0 -13676 -25145 , 2.2018921588240507e-07 , 22
1.952033239457572 , 2269 -11689 -33433 -16568 -11250 -28437 , 22399 5283 -5283 0 16225 10942 , -11832 5832 -20077 17743 -9533 -11455 , 20875 -16752 16752 0 -2549 14203 , 18837 33433 11689 16568 4996 439 , -12407 9637 16991 -10589 -18398 21825 , -1818 -16991 -9637 10589 4834 -28035 , -29575 20077 -5832 -17743 8622 -15365 , 15775 11469 -11469 0 -13676 -25145 , 2.2018921588240507e-07 , 23
1.952033239457572 , 2269 -11689 -33433 -16568 -11250 -28437 , 22399 5283 -5283 0 16225 10942 , 11832 -5832 20077 -17743 9533 11455 , 20875 -16752 16752 0 -2549 14203 , 18837 33433 11689 16568 4996 439 , 12407 -9637 -16991 10589 18398 -21825 , 1818 16991 9637 -10589 -4834 28035 , 29575 -20077 5832 17743 -8622 15365 , 15775 11469 -11469 0 -13676 -25145 , 2.2018921588240507e-07 , 24
1.952033239457572 , 2269 -11689 -33433 -16568 -11250 -28437 , 22399 5283 -5283 0 16225 10942 , 29575 -15365 8622 11832 -5832 20077 , 20875 -16752 16752 0 -2549 14203 , 18837 33433 11689 16568 4996 439 , 1818 -28035 4834 12407 -9637 -16991 , -10589 -4834 28035 -12407 -21825 18398 , 17743 -8622 15365 -11832 11455 9533 , 15775 11469 -11469 0 -13676 -25145 , 2.2018921588240507e-07 , 25
1.952033239457572 , 2269 -11689 -33433 -16568 -11250 -28437 , 20875 -16752 16752 0 -2549 14203 , -10589 -4834 28035 -12407 -21825 18398 , 22399 5283 -5283 0 16225 10942 , 18837 33433 11689 16568 4996 439 , 17743 -8622 15365 -11832 11455 9533 , 29575 -15365 8622 11832 -5832 20077 , 1818 -28035 4834 12407 -9637 -16991 , 15775 11469 -11469 0 -13676 -25145 , 2.2018921588240507e-07 , 26
1.952033239457572 , 2269 -11689 -33433 -16568 -11250 -28437 , 20875 -16752 16752 0 -2549 14203 , 10589 4834 -28035 12407 21825 -18398 , 22399 5283 -5283 0 16225 10942 , 18837 33433 11689 16568 4996 439 , -17743 8622 -15365 11832 -11455 -9533 , -29575 15365 -8622 -11832 5832 -20077 , -1818 28035 -4834 -12407 9637 16991 , 15775 11469 -11469 0 -13676 -25145 , 2.2018921588240507e-07 , 27
1.952033239457572 , 2269 -11689 -33433 -16568 -11250 -28437 , 20875 -16752 16752 0 -2549 14203 , -16991 -9637 12407 4834 -28035 1818 , 22399 5283 -5283 0 16225 10942 , 18837 33433 11689 16568 4996 439 , 20077 -5832 11832 8622 -15365 29575 , 11455 -11832 5832 -8622 17743 -9533 , -21825 -12407 9637 -4834 -10589 -18398 , 15775 11469 -11469 0 -13676 -25145 , 2.2018921588311364e-07 , 28
1.952033239457572 , 2269 -11689 -33433 -16568 -11250 -28437 , 20875 -16752 16752 0 -2549 14203 , 16991 9637 -12407 -4834 28035 -1818 , 22399 5283 -5283 0 16225 10942 , 18837 33433 11689 16568 4996 439 , -20077 5832 -11832 -8622 15365 -29575 , -11455 11832 -5832 8622 -17743 9533 , 21825 12407 -9637 4834 10589 18398 , 15775 11469 -11469 0 -13676 -25145 , 2.2018921588311364e-07 , 29
1.952033239457572 , 2269 -11689 -33433 -16568 -11250 -28437 , 22399 5283 -5283 0 16225 10942 , -5832 20077 -29575 9533 11455 -11832 , 20875 -16752 16752 0 -2549 14203 , 18837 33433 11689 16568 4996 439 , -9637 -16991 -1818 18398 -21825 -12407 , -28035 1818 16991 -18398 -10589 -4834 , -15365 29575 -20077 -9533 17743 -8622 , 15775 11469 -11469 0 -13676 -25145 , 2.2018921588311367e-07 , 30
1.952033239457572 , 2269 -11689 -33433 -16568 -11250 -28437 , 22399 5283 -5283 0 16225 10942 , 5832 -20077 29575 -9533 -11455 11832 , 20875 -16752 16752 0 -2549 14203 , 18837 33433 11689 16568 4996 439 , 9637 16991 1818 -18398 21825 12407 , 28035 -1818 -16991 18398 10589 4834 , 15365 -29575 20077 9533 -17743 8622 , 15775 11469 -11469 0 -13676 -25145 , 2.2018921588311367e-07 , 31
1.952033239457572 , 2269 -11689 -33433 -16568 -11250 -28437 , 22399 5283 -5283 0 16225 10942 , 20077 -29575 15365 11455 -11832 5832 , 20875 -16752 16752 0 -2549 14203 , 18837 33433 11689 16568 4996 439 , -16991 -1818 28035 -21825 -12407 9637 , 4834 -28035 1818 21825 -18398 -10589 , 8622 -15365 29575 -11455 -9533 17743 , 15775 11469 -11469 0 -13676 -25145 , 2.2018921588382223e-07 , 32
1.952033239457572 , 2269 -11689 -33433 -16568 -11250 -28437 , 22399 5283 -5283 0 16225 10942 , -20077 29575 -15365 -11455 11832 -5832 , 20875 -16752 16752 0 -2549 14203 , 18837 33433 11689 16568 4996 439 , 16991 1818 -28035 21825 12407 -9637 , -4834 28035 -1818 -21825 18398 10589 , -8622 15365 -29575 11455 9533 -17743 , 15775 11469 -11469 0 -13676 -25145 , 2.2018921588382223e-07 , 33
1.952033239457572 , 2269 -11689 -33433 -16568 -11250 -28437 , 20875 -16752 16752 0 -2549 14203 , -18398 -10589 -4834 9637 -12407 -21825 , 22399 5283 -5283 0 16225 10942 , 18837 33433 11689 16568 4996 439 , -9533 17743 -8622 5832 -11832 11455 , -15365 8622 -17743 -5832 20077 -29575 , -28035 4834 10589 -9637 -16991 -1818 , 15775 11469 -11469 0 -13676 -25145 , 2.2018921588382226e-07 , 34
1.952033239457572 , 2269 -11689 -33433 -16568 -11250 -28437 , 20875 -16752 16752 0 -2549 14203 , 18398 10589 4834 -9637 12407 21825 , 22399 5283 -5283 0 16225 10942 , 18837 33433 11689 16568 4996 439 , 9533 -17743 8622 -5832 11832 -11455 , 15365 -8622 17743 5832 -20077 29575 , 28035 -4834 -10589 9637 16991 1818 , 15775 11469 -11469 0 -13676 -25145 , 2.2018921588382226e-07 , 35
2.0623207161101917 , 5561 -8475 -31475 -11478 -22741 -10247 , 10093 -8402 8402 0 -1479 6923 , -38589 23209 5699 -23615 -4380 -4147 , 33181 -3067 3067 0 15155 18222 , 17039 31475 8475 11478 21228 -14266 , -2309 3220 -5538 -7934 16675 -13309 , 5625 5538 -3220 7934 -7771 13455 , -14974 -5699 -23209 23615 -9846 -27589 , 15775 11469 -11469 0 -13676 -25145 , 2.2019021505034745e-07 , 0
2.0623207161101917 , 5561 -8475 -31475 -11478 -22741 -10247 , 10093 -8402 8402 0 -1479 6923 , 38589 -23209 -5699 23615 4380 4147 , 33181 -3067 3067 0 15155 18222 , 17039 31475 8475 11478 21228 -14266 , 2309 -3220 5538 7934 -16675 13309 , -5625 -5538 3220 -7934 7771 -13455 , 14974 5699 23209 -23615 9846 27589 , 15775 11469 -11469 0 -13676 -25145 , 2.2019021505034745e-07 , 1
2.0623207161101917 , 5561 -8475 -31475 -11478 -22741 -10247 , 10093 -8402 8402 0 -1479 6923 , -9846 23615 4380 -5699 -14974 27589 , 33181 -3067 3067 0 15155 18222 , 17039 31475 8475 11478 21228 -14266 , -7771 7934 -16675 5538 5625 -13455 , -13309 16675 -7934 -5538 3220 -2309 , -4147 -4380 -23615 5699 23209 -38589 , 15775 11469 -11469 0 -13676 -25145 , 2.2019021505205134e-07 , 2
2.0623207161101917 , 5561 -8475 -31475 -11478 -22741 -10247 , 10093 -8402 8402 0 -1479 6923 , 9846 -23615 -4380 5699 14974 -27589 , 33181 -3067 3067 0 15155 18222 , 17039 31475 8475 11478 21228 -14266 , 7771 -7934 16675 -5538 -5625 13455 , 13309 -16675 7934 5538 -3220 2309 , 4147 4380 23615 -5699 -23209 38589 , 15775 11469 -11469 0 -13676 -25145 , 2.2019021505205134e-07 , 3
2.0623207161101917 , 5561 -8475 -31475 -11478 -22741 -10247 , 33181 -3067 3067 0 15155 18222 , -13455 5625 5538 -16675 7934 -7771 , 10093 -8402 8402 0 -1479 6923 , 17039 31475 8475 11478 21228 -14266 , 27589 -14974 -5699 4380 23615 -9846 , 23209 5699 14974 -4380 -4147 38589 , 3220 -5538 -5625 16675 -13309 2309 , 15775 11469 -11469 0 -13676 -25145 , 2.2019021505205134e-07 , 4
2.0623207161101917 , 5561 -8475 -31475 -11478 -22741 -10247 , 33181 -3067 3067 0 15155 18222 , 7771 -13455 5625 13309 -16675 7934 , 10093 -8402 8402 0 -1479 6923 , 17039 31475 8475 11478 21228 -14266 , 9846 27589 -14974 4147 4380 23615 , 5699 14974 -27589 -4147 38589 -23209 , -5538 -5625 13455 -13309 2309 -3220 , 15775 11469 -11469 0 -13676 -25145 , 2.2019021505205134e-07 , 5
2.0623207161101917 , 5561 -8475 -31475 -11478 -22741 -10247 , 33181 -3067 3067 0 15155 18222 , -7934 7771 -13455 -2309 13309 -16675 , 10093 -8402 8402 0 -1479 6923 , 17039 31475 8475 11478 21228 -14266 , -23615 9846 27589 -38589 4147 4380 , 14974 -27589 -9846 38589 -23209 -5699 , -5625 13455 -7771 2309 -3220 5538 , 15775 11469 -11469 0 -13676 -25145 , 2.2019021505205134e-07 , 6
2.0623207161101917 , 5561 -8475 -31475 -11478 -22741 -10247 , 33181 -3067 3067 0 15155 18222 , 7934 -7771 13455 2309 -13309 16675 , 10093 -8402 8402 0 -1479 6923 , 17039 31475 8475 11478 21228 -14266 , 23615 -9846 -27589 38589 -4147 -4380 , -14974 27589 9846 -38589 23209 5699 , 5625 -13455 7771 -2309 3220 -5538 , 15775 11469 -11469 0 -13676 -25145 , 2.2019021505205134e-07 , 7
2.0623207161101917 , 5561 -8475 -31475 -11478 -22741 -10247 , 33181 -3067 3067 0 15155 18222 , -7771 13455 -5625 -13309 16675 -7934 , 10093 -8402 8402 0 -1479 6923 , 17039 31475 8475 11478 21228 -14266 , -9846 -27589 14974 -4147 -4380 -23615 , -5699 -14974 27589 4147 -38589 23209 , 5538 5625 -13455 13309 -2309 3220 , 15775 11469 -11469 0 -13676 -25145 , 2.2019021505205134e-07 , 8
2.0623207161101917 , 5561 -8475 -31475 -11478 -22741 -10247 , 33181 -3067 3067 0 15155 18222 , 13455 -5625 -5538 16675 -7934 7771 , 10093 -8402 8402 0 -1479 6923 , 17039 31475 8475 11478 21228 -14266 , -27589 14974 5699 -4380 -23615 9846 , -23209 -5699 -14974 4380 4147 -38589 , -3220 5538 5625 -16675 13309 -2309 , 15775 11469 -11469 0 -13676 -25145 , 2.2019021505205134e-07 , 9
2.0623207161101917 , 5561 -8475 -31475 -11478 -22741 -10247 , 10093 -8402 8402 0 -1479 6923 , -4147 38589 -23209 -9846 23615 4380 , 33181 -3067 3067 0 15155 18222 , 17039 31475 8475 11478 21228 -14266 , -13309 2309 -3220 -7771 7934 -16675 , -5538 3220 -2309 7771 -13455 5625 , 5699 23209 -38589 9846 27589 -14974 , 15775 11469 -11469 0 -13676 -25145 , 2.201902150529033e-07 , 10
2.0623207161101917 , 5561 -8475 -31475 -11478 -22741 -10247 , 10093 -8402 8402 0 -1479 6923 , -4380 -4147 38589 -27589 -9846 23615 , 33181 -3067 3067 0 15155 18222 , 17039 31475 8475 11478 21228 -14266 , 16675 -13309 2309 13455 -7771 7934 , 3220 -2309 13309 -13455 5625 5538 , 23209 -38589 4147 27589 -14974 -5699 , 15775 11469 -11469 0 -13676 -25145 , 2.201902150529033e-07 , 11
2.0623207161101917 , 5561 -8475 -31475 -11478 -22741 -10247 , 10093 -8402 8402 0 -1479 6923 , 4380 4147 -38589 27589 9846 -23615 , 33181 -3067 3067 0 15155 18222 , 17039 31475 8475 11478 21228 -14266 , -16675 13309 -2309 -13455 7771 -7934 , -3220 2309 -13309 13455 -5625 -5538 , -23209 38589 -4147 -27589 14974 5699 , 15775 11469 -11469 0 -13676 -25145 , 2.201902150529033e-07 , 12
2.0623207161101917 , 5561 -8475 -31475 -11478 -22741 -10247 , 10093 -8402 8402 0 -1479 6923 , 4147 -38589 23209 9846 -23615 -4380 , 33181 -3067 3067 0 15155 18222 , 17039 31475 8475 11478 21228 -14266 , 13309 -2309 3220 7771 -7934 16675 , 5538 -3220 2309 -7771 13455 -5625 , -5699 -23209 38589 -9846 -27589 14974 , 15775 11469 -11469 0 -13676 -25145 , 2.201902150529033e-07 , 13
2.0623207161101917 , 5561 -8475 -31475 -11478 -22741 -10247 , 33181 -3067 3067 0 15155 18222 , 5625 5538 -3220 7934 -7771 13455 , 10093 -8402 8402 0 -1479 6923 , 17039 31475 8475 11478 21228 -14266 , -14974 -5699 -23209 23615 -9846 -27589 , -38589 23209 5699 -23615 -4380 -4147 , -2309 3220 -5538 -7934 16675 -13309 , 15775 11469 -11469 0 -13676 -25145 , 2.201902150529033e-07 , 14
2.0623207161101917 , 5561 -8475 -31475 -11478 -22741 -10247 , 33181 -3067 3067 0 15155 18222 , -5625 -5538 3220 -7934 7771 -13455 , 10093 -8402 8402 0 -1479 6923 , 17039 31475 8475 11478 21228 -14266 , 14974 5699 23209 -23615 9846 27589 , 38589 -23209 -5699 23615 4380 4147 , 2309 -3220 5538 7934 -16675 13309 , 15775 11469 -11469 0 -13676 -25145 , 2.201902150529033e-07 , 15
2.0623207161101917 , 5561 -8475 -31475 -11478 -22741 -10247 , 10093 -8402 8402 0 -1479 6923 , -23209 -5699 -14974 4380 4147 -38589 , 33181 -3067 3067 0 15155 18222 , 17039 31475 8475 11478 21228 -14266 , -3220 5538 5625 -16675 13309 -2309 , 13455 -5625 -5538 16675 -7934 7771 , -27589 14974 5699 -4380 -23615 9846 , 15775 11469 -11469 0 -13676 -25145 , 2.2019021505375525e-07 , 16
2.0623207161101917 , 5561 -8475 -31475 -11478 -22741 -10247 , 10093 -8402 8402 0 -1479 6923 , 23209 5699 14974 -4380 -4147 38589 , 33181 -3067 3067 0 15155 18222 , 17039 31475 8475 11478 21228 -14266 , 3220 -5538 -5625 16675 -13309 2309 , -13455 5625 5538 -16675 7934 -7771 , 27589 -14974 -5699 4380 23615 -9846 , 15775 11469 -11469 0 -13676 -25145 , 2.2019021505375525e-07 , 17
2.0623207161101917 , 5561 -8475 -31475 -11478 -22741 -10247 , 10093 -8402 8402 0 -1479 6923 , -27589 -9846 23615 -23209 -5699 -14974 , 33181 -3067 3067 0 15155 18222 , 17039 31475 8475 11478 21228 -14266 , 13455 -7771 7934 -3220 5538 5625 , 16675 -7934 7771 3220 -2309 13309 , -4380 -23615 9846 23209 -38589 4147 , 15775 11469 -11469 0 -13676 -25145 , 2.2019021505460721e-07 , 18
2.0623207161101917 , 5561 -8475 -31475 -11478 -22741 -10247 , 10093 -8402 8402 0 -1479 6923 , 27589 9846 -23615 23209 5699 14974 , 33181 -3067 3067 0 15155 18222 , 17039 31475 8475 11478 21228 -14266 , -13455 7771 -7934 3220 -5538 -5625 , -16675 7934 -7771 -3220 2309 -13309 , 4380 23615 -9846 -23209 38589 -4147 , 15775 11469 -11469 0 -13676 -25145 , 2.2019021505460721e-07 , 19
2.0623207161101917 , 5561 -8475 -31475 -11478 -22741 -10247 , 33181 -3067 3067 0 15155 18222 , -2309 13309 -16675 5625 5538 -3220 , 10093 -8402 8402 0 -1479 6923 , 17039 31475 8475 11478 21228 -14266 , -38589 4147 4380 -14974 -5699 -23209 , -23615 -4380 -4147 14974 -27589 -9846 , -7934 16675 -13309 -5625 13455 -7771 , 15775 11469 -11469 0 -13676 -25145 , 2.2019021505460721e-07 , 20
2.0623207161101917 , 5561 -8475 -31475 -11478 -22741 -10247 , 33181 -3067 3067 0 15155 18222 , -3220 2309 -13309 13455 -5625 -5538 , 10093 -8402 8402 0 -1479 6923 , 17039 31475 8475 11478 21228 -14266 , -23209 38589 -4147 -27589 14974 5699 , 4380 4147 -38589 27589 9846 -23615 , -16675 13309 -2309 -13455 7771 -7934 , 15775 11469 -11469 0 -13676 -25145 , 2.2019021505460721e-07 , 21
2.0623207161101917 , 5561 -8475 -31475 -11478 -22741 -10247 , 33181 -3067 3067 0 15155 18222 , 3220 -2309 13309 -13455 5625 5538 , 10093 -8402 8402 0 -1479 6923 , 17039 31475 8475 11478 21228 -14266 , 23209 -38589 4147 27589 -14974 -5699 , -4380 -4147 38589 -27589 -9846 23615 , 16675 -13309 2309 13455 -7771 7934 , 15775 11469 -11469 0 -13676 -25145 , 2.2019021505460721e-07 , 22
2.0623207161101917 , 5561 -8475 -31475 -11478 -22741 -10247 , 33181 -3067 3067 0 15155 18222 , 2309 -13309 16675 -5625 -5538 3220 , 10093 -8402 8402 0 -1479 6923 , 17039 31475 8475 11478 21228 -14266 , 38589 -4147 -4380 14974 5699 23209 , 23615 4380 4147 -14974 27589 9846 , 7934 -16675 13309 5625 -13455 7771 , 15775 11469 -11469 0 -13676 -25145 , 2.2019021505460721e-07 , 23
2.0623207161101917 , 5561 -8475 -31475 -11478 -22741 -10247 , 10093 -8402 8402 0 -1479 6923 , -23615 -4380 -4147 14974 -27589 -9846 , 33181 -3067 3067 0 15155 18222 , 17039 31475 8475 11478 21228 -14266 , -7934 16675 -13309 -5625 13455 -7771 , -2309 13309 -16675 5625 5538 -3220 , -38589 4147 4380 -14974 -5699 -23209 , 15775 11469 -11469 0 -13676 -25145 , 2.2019021505545914e-07 , 24
2.0623207161101917 , 5561 -8475 -31475 -11478 -22741 -10247 , 10093 -8402 8402 0 -1479 6923 , 23615 4380 4147 -14974 27589 9846 , 33181 -3067 3067 0 15155 18222 , 17039 31475 8475 11478 21228 -14266 , 7934 -16675 13309 5625 -13455 7771 , 2309 -13309 16675 -5625 -5538 3220 , 38589 -4147 -4380 14974 5699 23209 , 15775 11469 -11469 0 -13676 -25145 , 2.2019021505545914e-07 , 25
2.0623207161101917 , 5561 -8475 -31475 -11478 -22741 -10247 , 33181 -3067 3067 0 15155 18222 , -16675 7934 -7771 -3220 2309 -13309 , 10093 -8402 8402 0 -1479 6923 , 17039 31475 8475 11478 21228 -14266 , 4380 23615 -9846 -23209 38589 -4147 , 27589 9846 -23615 23209 5699 14974 , -13455 7771 -7934 3220 -5538 -5625 , 15775 11469 -11469 0 -13676 -25145 , 2.2019021505545917e-07 , 26
2.0623207161101917 , 5561 -8475 -31475 -11478 -22741 -10247 , 33181 -3067 3067 0 15155 18222 , -5538 3220 -2309 7771 -13455 5625 , 10093 -8402 8402 0 -1479 6923 , 17039 31475 8475 11478 21228 -14266 , 5699 23209 -38589 9846 27589 -14974 , -4147 38589 -23209 -9846 23615 4380 , -13309 2309 -3220 -7771 7934 -16675 , 15775 11469 -11469 0 -13676 -25145 , 2.2019021505545917e-07 , 27
2.0623207161101917 , 5561 -8475 -31475 -11478 -22741 -10247 , 33181 -3067 3067 0 15155 18222 , 5538 -3220 2309 -7771 13455 -5625 , 10093 -8402 8402 0 -1479 6923 , 17039 31475 8475 11478 21228 -14266 , -5699 -23209 38589 -9846 -27589 14974 , 4147 -38589 23209 9846 -23615 -4380 , 13309 -2309 3220 7771 -7934 16675 , 15775 11469 -11469 0 -13676 -25145 , 2.2019021505545917e-07 , 28
2.0623207161101917 , 5561 -8475 -31475 -11478 -22741 -10247 , 33181 -3067 3067 0 15155 18222 , 16675 -7934 7771 3220 -2309 13309 , 10093 -8402 8402 0 -1479 6923 , 17039 31475 8475 11478 21228 -14266 , -4380 -23615 9846 23209 -38589 4147 , -27589 -9846 23615 -23209 -5699 -14974 , 13455 -7771 7934 -3220 5538 5625 , 15775 11469 -11469 0 -13676 -25145 , 2.2019021505545917e-07 , 29
2.0623207161101917 , 5561 -8475 -31475 -11478 -22741 -10247 , 10093 -8402 8402 0 -1479 6923 , -5699 -14974 27589 4147 -38589 23209 , 33181 -3067 3067 0 15155 18222 , 17039 31475 8475 11478 21228 -14266 , 5538 5625 -13455 13309 -2309 3220 , -7771 13455 -5625 -13309 16675 -7934 , -9846 -27589 14974 -4147 -4380 -23615 , 15775 11469 -11469 0 -13676 -25145 , 2.201902150563111e-07 , 30
2.0623207161101917 , 5561 -8475 -31475 -11478 -22741 -10247 , 10093 -8402 8402 0 -1479 6923 , 5699 14974 -27589 -4147 38589 -23209 , 33181 -3067 3067 0 15155 18222 , 17039 31475 8475 11478 21228 -14266 , -5538 -5625 13455 -13309 2309 -3220 , 7771 -13455 5625 13309 -16675 7934 , 9846 27589 -14974 4147 4380 23615 , 15775 11469 -11469 0 -13676 -25145 , 2.201902150563111e-07 , 31
2.0623207161101917 , 5561 -8475 -31475 -11478 -22741 -10247 , 10093 -8402 8402 0 -1479 6923 , 14974 -27589 -9846 38589 -23209 -5699 , 33181 -3067 3067 0 15155 18222 , 17039 31475 8475 11478 21228 -14266 , -5625 13455 -7771 2309 -3220 5538 , -7934 7771 -13455 -2309 13309 -16675 , -23615 9846 27589 -38589 4147 4380 , 15775 11469 -11469 0 -13676 -25145 , 2.2019021505631112e-07 , 32
2.0623207161101917 , 5561 -8475 -31475 -11478 -22741 -10247 , 10093 -8402 8402 0 -1479 6923 , -14974 27589 9846 -38589 23209 5699 , 33181 -3067 3067 0 15155 18222 , 17039 31475 8475 11478 21228 -14266 , 5625 -13455 7771 -2309 3220 -5538 , 7934 -7771 13455 2309 -13309 16675 , 23615 -9846 -27589 38589 -4147 -4380 , 15775 11469 -11469 0 -13676 -25145 , 2.2019021505631112e-07 , 33
2.0623207161101917 , 5561 -8475 -31475 -11478 -22741 -10247 , 33181 -3067 3067 0 15155 18222 , 13309 -16675 7934 5538 -3220 2309 , 10093 -8402 8402 0 -1479 6923 , 17039 31475 8475 11478 21228 -14266 , 4147 4380 23615 -5699 -23209 38589 , 9846 -23615 -4380 5699 14974 -27589 , 7771 -7934 16675 -5538 -5625 13455 , 15775 11469 -11469 0 -13676 -25145 , 2.2019021505886694e-07 , 34
2.0623207161101917 , 5561 -8475 -31475 -11478 -22741 -10247 , 33181 -3067 3067 0 15155 18222 , -13309 16675 -7934 -5538 3220 -2309 , 10093 -8402 8402 0 -1479 6923 , 17039 31475 8475 11478 21228 -14266 , -4147 -4380 -23615 5699 23209 -38589 , -9846 23615 4380 -5699 -14974 27589 , -7771 7934 -16675 5538 5625 -13455 , 15775 11469 -11469 0 -13676 -25145 , 2.2019021505886694e-07 , 35
2.1640078894222246 , 13642 -10893 -27277 -14916 -18311 -2662 , 16276 705 -705 0 9235 8530 , 7190 -30644 15031 1304 -2118 -13128 , 26998 -12174 12174 0 4441 16615 , 28558 27277 10893 14916 24615 -7418 , 9314 12971 2395 -3307 -106 22794 , 12621 -2395 -12971 3307 20399 -13077 , 5886 -15031 30644 -1304 -28159 28526 , 15775 11469 -11469 0 -13676 -25145 , 2.2018917566854626e-07 , 0
2.1640078894222246 , 13642 -10893 -27277 -14916 -18311 -2662 , 16276 705 -705 0 9235 8530 , -7190 30644 -15031 -1304 2118 13128 , 26998 -12174 12174 0 4441 16615 , 28558 27277 10893 14916 24615 -7418 , -9314 -12971 -2395 3307 106 -22794 , -12621 2395 12971 -3307 -20399 13077 , -5886 15031 -30644 1304 28159 -28526 , 15775 11469 -11469 0 -13676 -25145 , 2.2018917566854626e-07 , 1
2.1640078894222246 , 13642 -10893 -27277 -14916 -18311 -2662 , 16276 705 -705 0 9235 8530 , -2118 -13128 -7190 28526 -28159 -1304 , 26998 -12174 12174 0 4441 16615 , 28558 27277 10893 14916 24615 -7418 , -106 22794 -9314 -13077 20399 3307 , 12971 9314 -22794 13077 12621 -2395 , -30644 7190 13128 -28526 5886 -15031 , 15775 11469 -11469 0 -13676 -25145 , 2.2018917566889735e-07 , 2
2.1640078894222246 , 13642 -10893 -27277 -14916 -18311 -2662 , 16276 705 -705 0 9235 8530 , 2118 13128 7190 -28526 28159 1304 , 26998 -12174 12174 0 4441 16615 , 28558 27277 10893 14916 24615 -7418 , 106 -22794 9314 13077 -20399 -3307 , -12971 -9314 22794 -13077 -12621 2395 , 30644 -7190 -13128 28526 -5886 15031 , 15775 11469 -11469 0 -13676 -25145 , 2.2018917566889735e-07 , 3
2.1640078894222246 , 13642 -10893 -27277 -14916 -18311 -2662 , 16276 705 -705 0 9235 8530 , -30644 15031 -5886 -2118 -13128 -7190 , 26998 -12174 12174 0 4441 16615 , 28558 27277 10893 14916 24615 -7418 , 12971 2395 -12621 -106 22794 -9314 , 13077 12621 -2395 106 3307 20399 , -28526 5886 -15031 2118 -1304 -28159 , 15775 11469 -11469 0 -13676 -25145 , 2.2018917566924845e-07 , 4
2.1640078894222246 , 13642 -10893 -27277 -14916 -18311 -2662 , 16276 705 -705 0 9235 8530 , 1304 -2118 -13128 -5886 28526 -28159 , 26998 -12174 12174 0 4441 16615 , 28558 27277 10893 14916 24615 -7418 , -3307 -106 22794 -12621 -13077 20399 , 9314 -22794 106 12621 -2395 -12971 , 7190 13128 2118 5886 -15031 30644 , 15775 11469 -11469 0 -13676 -25145 , 2.2018917566924845e-07 , 5
2.1640078894222246 , 13642 -10893 -27277 -14916 -18311 -2662 , 16276 705 -705 0 9235 8530 , -1304 2118 13128 5886 -28526 28159 , 26998 -12174 12174 0 4441 16615 , 28558 27277 10893 14916 24615 -7418 , 3307 106 -22794 12621 13077 -20399 , -9314 22794 -106 -12621 2395 12971 , -7190 -13128 -2118 -5886 15031 -30644 , 15775 11469 -11469 0 -13676 -25145 , 2.2018917566924845e-07 , 6
2.1640078894222246 , 13642 -10893 -27277 -14916 -18311 -2662 , 16276 705 -705 0 9235 8530 , 30644 -15031 5886 2118 13128 7190 , 26998 -12174 12174 0 4441 16615 , 28558 27277 10893 14916 24615 -7418 , -12971 -2395 12621 106 -22794 9314 , -13077 -12621 2395 -106 -3307 -20399 , 28526 -5886 15031 -2118 1304 28159 , 15775 11469 -11469 0 -13676 -25145 , 2.2018917566924845e-07 , 7
2.1640078894222246 , 13642 -10893 -27277 -14916 -18311 -2662 , 26998 -12174 12174 0 4441 16615 , -12971 -9314 22794 -13077 -12621 2395 , 16276 705 -705 0 9235 8530 , 28558 27277 10893 14916 24615 -7418 , 30644 -7190 -13128 28526 -5886 15031 , 2118 13128 7190 -28526 28159 1304 , 106 -22794 9314 13077 -20399 -3307 , 15775 11469 -11469 0 -13676 -25145 , 2.2018917566924847e-07 , 8
2.1640078894222246 , 13642 -10893 -27277 -14916 -18311 -2662 , 26998 -12174 12174 0 4441 16615 , 3307 20399 -13077 -9314 22794 -106 , 16276 705 -705 0 9235 8530 , 28558 27277 10893 14916 24615 -7418 , -1304 -28159 28526 -7190 -13128 -2118 , 5886 -28526 28159 7190 -30644 15031 , 12621 13077 -20399 9314 12971 2395 , 15775 11469 -11469 0 -13676 -25145 , 2.2018917566924847e-07 , 9
2.1640078894222246 , 13642 -10893 -27277 -14916 -18311 -2662 , 26998 -12174 12174 0 4441 16615 , -3307 -20399 13077 9314 -22794 106 , 16276 705 -705 0 9235 8530 , 28558 27277 10893 14916 24615 -7418 , 1304 28159 -28526 7190 13128 2118 , -5886 28526 -28159 -7190 30644 -15031 , -12621 -13077 20399 -9314 -12971 -2395 , 15775 11469 -11469 0 -13676 -25145 , 2.2018917566924847e-07 , 10
2.1640078894222246 , 13642 -10893 -27277 -14916 -18311 -2662 , 26998 -12174 12174 0 4441 16615 , 12971 9314 -22794 13077 12621 -2395 , 16276 705 -705 0 9235 8530 , 28558 27277 10893 14916 24615 -7418 , -30644 7190 13128 -28526 5886 -15031 , -2118 -13128 -7190 28526 -28159 -1304 , -106 22794 -9314 -13077 20399 3307 , 15775 11469 -11469 0 -13676 -25145 , 2.2018917566924847e-07 , 11
2.1640078894222246 , 13642 -10893 -27277 -14916 -18311 -2662 , 26998 -12174 12174 0 4441 16615 , -12621 2395 12971 -3307 -20399 13077 , 16276 705 -705 0 9235 8530 , 28558 27277 10893 14916 24615 -7418 , -5886 15031 -30644 1304 28159 -28526 , -7190 30644 -15031 -1304 2118 13128 , -9314 -12971 -2395 3307 106 -22794 , 15775 11469 -11469 0 -13676 -25145 , 2.2018917566995066e-07 , 12
2.1640078894222246 , 13642 -10893 -27277 -14916 -18311 -2662 , 26998 -12174 12174 0 4441 16615 , -2395 -12971 -9314 20399 -13077 -12621 , 16276 705 -705 0 9235 8530 , 28558 27277 10893 14916 24615 -7418 , -15031 30644 -7190 -28159 28526 -5886 , 13128 7190 -30644 28159 1304 -2118 , -22794 9314 12971 -20399 -3307 -106 , 15775 11469 -11469 0 -13676 -25145 , 2.2018917566995066e-07 , 13
2.1640078894222246 , 13642 -10893 -27277 -14916 -18311 -2662 , 26998 -12174 12174 0 4441 16615 , 2395 12971 9314 -20399 13077 12621 , 16276 705 -705 0 9235 8530 , 28558 27277 10893 14916 24615 -7418 , 15031 -30644 7190 28159 -28526 5886 , -13128 -7190 30644 -28159 -1304 2118 , 22794 -9314 -12971 20399 3307 106 , 15775 11469 -11469 0 -13676 -25145 , 2.2018917566995066e-07 , 14
2.1640078894222246 , 13642 -10893 -27277 -14916 -18311 -2662 , 26998 -12174 12174 0 4441 16615 , 12621 -2395 -12971 3307 20399 -13077 , 16276 705 -705 0 9235 8530 , 28558 27277 10893 14916 24615 -7418 , 5886 -15031 30644 -1304 -28159 28526 , 7190 -30644 15031 1304 -2118 -13128 , 9314 12971 2395 -3307 -106 22794 , 15775 11469 -11469 0 -13676 -25145 , 2.2018917566995066e-07 , 15
2.1640078894222246 , 13642 -10893 -27277 -14916 -18311 -2662 , 16276 705 -705 0 9235 8530 , -28159 -1304 2118 -15031 5886 -28526 , 26998 -12174 12174 0 4441 16615 , 28558 27277 10893 14916 24615 -7418 , 20399 3307 106 -2395 12621 13077 , 22794 -106 -3307 2395 12971 9314 , -13128 -2118 1304 15031 -30644 7190 , 15775 11469 -11469 0 -13676 -25145 , 2.2018917566995066e-07 , 16
2.1640078894222246 , 13642 -10893 -27277 -14916 -18311 -2662 , 16276 705 -705 0 9235 8530 , 28159 1304 -2118 15031 -5886 28526 , 26998 -12174 12174 0 4441 16615 , 28558 27277 10893 14916 24615 -7418 , -20399 -3307 -106 2395 -12621 -13077 , -22794 106 3307 -2395 -12971 -9314 , 13128 2118 -1304 -15031 30644 -7190 , 15775 11469 -11469 0 -13676 -25145 , 2.2018917566995066e-07 , 17
2.1640078894222246 , 13642 -10893 -27277 -14916 -18311 -2662 , 26998 -12174 12174 0 4441 16615 , -9314 22794 -106 -12621 2395 12971 , 16276 705 -705 0 9235 8530 , 28558 27277 10893 14916 24615 -7418 , -7190 -13128 -2118 -5886 15031 -30644 , -1304 2118 13128 5886 -28526 28159 , 3307 106 -22794 12621 13077 -20399 , 15775 11469 -11469 0 -13676 -25145 , 2.2018917567065288e-07 , 18
2.1640078894222246 , 13642 -10893 -27277 -14916 -18311 -2662 , 26998 -12174 12174 0 4441 16615 , 20399 -13077 -12621 22794 -106 -3307 , 16276 705 -705 0 9235 8530 , 28558 27277 10893 14916 24615 -7418 , -28159 28526 -5886 -13128 -2118 1304 , -15031 5886 -28526 13128 7190 -30644 , -2395 12621 13077 -22794 9314 12971 , 15775 11469 -11469 0 -13676 -25145 , 2.2018917567065288e-07 , 19
2.1640078894222246 , 13642 -10893 -27277 -14916 -18311 -2662 , 26998 -12174 12174 0 4441 16615 , -20399 13077 12621 -22794 106 3307 , 16276 705 -705 0 9235 8530 , 28558 27277 10893 14916 24615 -7418 , 28159 -28526 5886 13128 2118 -1304 , 15031 -5886 28526 -13128 -7190 30644 , 2395 -12621 -13077 22794 -9314 -12971 , 15775 11469 -11469 0 -13676 -25145 , 2.2018917567065288e-07 , 20
2.1640078894222246 , 13642 -10893 -27277 -14916 -18311 -2662 , 26998 -12174 12174 0 4441 16615 , 9314 -22794 106 12621 -2395 -12971 , 16276 705 -705 0 9235 8530 , 28558 27277 10893 14916 24615 -7418 , 7190 13128 2118 5886 -15031 30644 , 1304 -2118 -13128 -5886 28526 -28159 , -3307 -106 22794 -12621 -13077 20399 , 15775 11469 -11469 0 -13676 -25145 , 2.2018917567065288e-07 , 21
2.1640078894222246 , 13642 -10893 -27277 -14916 -18311 -2662 , 16276 705 -705 0 9235 8530 , -28526 28159 1304 -30644 15031 -5886 , 26998 -12174 12174 0 4441 16615 , 28558 27277 10893 14916 24615 -7418 , 13077 -20399 -3307 12971 2395 -12621 , 106 3307 20399 -12971 -9314 22794 , 2118 -1304 -28159 30644 -7190 -13128 , 15775 11469 -11469 0 -13676 -25145 , 2.2018917567065288e-07 , 22
2.1640078894222246 , 13642 -10893 -27277 -14916 -18311 -2662 , 16276 705 -705 0 9235 8530 , 28526 -28159 -1304 30644 -15031 5886 , 26998 -12174 12174 0 4441 16615 , 28558 27277 10893 14916 24615 -7418 , -13077 20399 3307 -12971 -2395 12621 , -106 -3307 -20399 12971 9314 -22794 , -2118 1304 28159 -30644 7190 13128 , 15775 11469 -11469 0 -13676 -25145 , 2.2018917567065288e-07 , 23
2.1640078894222246 , 13642 -10893 -27277 -14916 -18311 -2662 , 16276 705 -705 0 9235 8530 , -15031 5886 -28526 13128 7190 -30644 , 26998 -12174 12174 0 4441 16615 , 28558 27277 10893 14916 24615 -7418 , -2395 12621 13077 -22794 9314 12971 , 20399 -13077 -12621 22794 -106 -3307 , -28159 28526 -5886 -13128 -2118 1304 , 15775 11469 -11469 0 -13676 -25145 , 2.2018917567065291e-07 , 24
2.1640078894222246 , 13642 -10893 -27277 -14916 -18311 -2662 , 16276 705 -705 0 9235 8530 , 15031 -5886 28526 -13128 -7190 30644 , 26998 -12174 12174 0 4441 16615 , 28558 27277 10893 14916 24615 -7418 , 2395 -12621 -13077 22794 -9314 -12971 , -20399 13077 12621 -22794 106 3307 , 28159 -28526 5886 13128 2118 -1304 , 15775 11469 -11469 0 -13676 -25145 , 2.2018917567065291e-07 , 25
2.1640078894222246 , 13642 -10893 -27277 -14916 -18311 -2662 , 26998 -12174 12174 0 4441 16615 , -22794 106 3307 -2395 -12971 -9314 , 16276 705 -705 0 9235 8530 , 28558 27277 10893 14916 24615 -7418 , 13128 2118 -1304 -15031 30644 -7190 , 28159 1304 -2118 15031 -5886 28526 , -20399 -3307 -106 2395 -12621 -13077 , 15775 11469 -11469 0 -13676 -25145 , 2.201891756713551e-07 , 26
2.1640078894222246 , 13642 -10893 -27277 -14916 -18311 -2662 , 26998 -12174 12174 0 4441 16615 , 22794 -106 -3307 2395 12971 9314 , 16276 705 -705 0 9235 8530 , 28558 27277 10893 14916 24615 -7418 , -13128 -2118 1304 15031 -30644 7190 , -28159 -1304 2118 -15031 5886 -28526 , 20399 3307 106 -2395 12621 13077 , 15775 11469 -11469 0 -13676 -25145 , 2.201891756713551e-07 , 27
2.1640078894222246 , 13642 -10893 -27277 -14916 -18311 -2662 , 16276 705 -705 0 9235 8530 , 13128 7190 -30644 28159 1304 -2118 , 26998 -12174 12174 0 4441 16615 , 28558 27277 10893 14916 24615 -7418 , -22794 9314 12971 -20399 -3307 -106 , -2395 -12971 -9314 20399 -13077 -12621 , -15031 30644 -7190 -28159 28526 -5886 , 15775 11469 -11469 0 -13676 -25145 , 2.201891756713551e-07 , 28
2.1640078894222246 , 13642 -10893 -27277 -14916 -18311 -2662 , 16276 705 -705 0 9235 8530 , -13128 -7190 30644 -28159 -1304 2118 , 26998 -12174 12174 0 4441 16615 , 28558 27277 10893 14916 24615 -7418 , 22794 -9314 -12971 20399 3307 106 , 2395 12971 9314 -20399 13077 12621 , 15031 -30644 7190 28159 -28526 5886 , 15775 11469 -11469 0 -13676 -25145 , 2.201891756713551e-07 , 29
2.1640078894222246 , 13642 -10893 -27277 -14916 -18311 -2662 , 16276 705 -705 0 9235 8530 , 5886 -28526 28159 7190 -30644 15031 , 26998 -12174 12174 0 4441 16615 , 28558 27277 10893 14916 24615 -7418 , 12621 13077 -20399 9314 12971 2395 , 3307 20399 -13077 -9314 22794 -106 , -1304 -28159 28526 -7190 -13128 -2118 , 15775 11469 -11469 0 -13676 -25145 , 2.2018917567135512e-07 , 30
2.1640078894222246 , 13642 -10893 -27277 -14916 -18311 -2662 , 16276 705 -705 0 9235 8530 , -5886 28526 -28159 -7190 30644 -15031 , 26998 -12174 12174 0 4441 16615 , 28558 27277 10893 14916 24615 -7418 , -12621 -13077 20399 -9314 -12971 -2395 , -3307 -20399 13077 9314 -22794 106 , 1304 28159 -28526 7190 13128 2118 , 15775 11469 -11469 0 -13676 -25145 , 2.2018917567135512e-07 , 31
2.1640078894222246 , 13642 -10893 -27277 -14916 -18311 -2662 , 26998 -12174 12174 0 4441 16615 , -13077 -12621 2395 -106 -3307 -20399 , 16276 705 -705 0 9235 8530 , 28558 27277 10893 14916 24615 -7418 , 28526 -5886 15031 -2118 1304 28159 , 30644 -15031 5886 2118 13128 7190 , -12971 -2395 12621 106 -22794 9314 , 15775 11469 -11469 0 -13676 -25145 , 2.2018917567205729e-07 , 32
2.1640078894222246 , 13642 -10893 -27277 -14916 -18311 -2662 , 26998 -12174 12174 0 4441 16615 , 13077 12621 -2395 106 3307 20399 , 16276 705 -705 0 9235 8530 , 28558 27277 10893 14916 24615 -7418 , -28526 5886 -15031 2118 -1304 -28159 , -30644 15031 -5886 -2118 -13128 -7190 , 12971 2395 -12621 -106 22794 -9314 , 15775 11469 -11469 0 -13676 -25145 , 2.2018917567205729e-07 , 33
2.1640078894222246 , 13642 -10893 -27277 -14916 -18311 -2662 , 26998 -12174 12174 0 4441 16615 , -106 -3307 -20399 12971 9314 -22794 , 16276 705 -705 0 9235 8530 , 28558 27277 10893 14916 24615 -7418 , -2118 1304 28159 -30644 7190 13128 , 28526 -28159 -1304 30644 -15031 5886 , -13077 20399 3307 -12971 -2395 12621 , 15775 11469 -11469 0 -13676 -25145 , 2.2018917567275948e-07 , 34
2.1640078894222246 , 13642 -10893 -27277 -14916 -18311 -2662 , 26998 -12174 12174 0 4441 16615 , 106 3307 20399 -12971 -9314 22794 , 16276 705 -705 0 9235 8530 , 28558 27277 10893 14916 24615 -7418 , 2118 -1304 -28159 30644 -7190 -13128 , -28526 28159 1304 -30644 15031 -5886 , 13077 -20399 -3307 12971 2395 -12621 , 15775 11469 -11469 0 -13676 -25145 , 2.2018917567275948e-07 , 35
2.272782157117788 , -13430 -4718 -15291 -37386 -18285 -9233 , 25690 -13754 13754 0 2457 16211 , -15272 -8842 2956 8743 -20799 -6767 , 17584 2285 -2285 0 11219 8934 , 23956 15291 4718 37386 6058 -13567 , 25152 -22713 -5920 33140 -17329 6852 , -7988 5920 22713 -33140 12772 5384 , -24015 -2956 8842 -8743 -9723 -11957 , 15775 11469 -11469 0 -13676 -25145 , 2.2019528011241028e-07 , 0
2.272782157117788 , -13430 -4718 -15291 -37386 -18285 -9233 , 25690 -13754 13754 0 2457 16211 , 15272 8842 -2956 -8743 20799 6767 , 17584 2285 -2285 0 11219 8934 , 23956 15291 4718 37386 6058 -13567 , -25152 22713 5920 -33140 17329 -6852 , 7988 -5920 -22713 33140 -12772 -5384 , 24015 2956 -8842 8743 9723 11957 , 15775 11469 -11469 0 -13676 -25145 , 2.2019528011241028e-07 , 1
2.272782157117788 , -13430 -4718 -15291 -37386 -18285 -9233 , 17584 2285 -2285 0 11219 8934 , -12772 -5384 -7988 -6852 17329 -33140 , 25690 -13754 13754 0 2457 16211 , 23956 15291 4718 37386 6058 -13567 , 9723 11957 -24015 6767 20799 -8743 , 2956 24015 -11957 -6767 15272 8842 , -5920 7988 5384 6852 -25152 22713 , 15775 11469 -11469 0 -13676 -25145 , 2.2019528011377408e-07 , 2
2.272782157117788 , -13430 -4718 -15291 -37386 -18285 -9233 , 17584 2285 -2285 0 11219 8934 , 12772 5384 7988 6852 -17329 33140 , 25690 -13754 13754 0 2457 16211 , 23956 15291 4718 37386 6058 -13567 , -9723 -11957 24015 -6767 -20799 8743 , -2956 -24015 11957 6767 -15272 -8842 , 5920 -7988 -5384 -6852 25152 -22713 , 15775 11469 -11469 0 -13676 -25145 , 2.2019528011377408e-07 , 3
2.272782157117788 , -13430 -4718 -15291 -37386 -18285 -9233 , 25690 -13754 13754 0 2457 16211 , 8842 -2956 -24015 20799 6767 -15272 , 17584 2285 -2285 0 11219 8934 , 23956 15291 4718 37386 6058 -13567 , 22713 5920 -7988 17329 -6852 25152 , 5384 7988 -5920 -17329 33140 -12772 , -11957 24015 2956 -20799 8743 9723 , 15775 11469 -11469 0 -13676 -25145 , 2.2019528011513783e-07 , 4
2.272782157117788 , -13430 -4718 -15291 -37386 -18285 -9233 , 25690 -13754 13754 0 2457 16211 , -8842 2956 24015 -20799 -6767 15272 , 17584 2285 -2285 0 11219 8934 , 23956 15291 4718 37386 6058 -13567 , -22713 -5920 7988 -17329 6852 -25152 , -5384 -7988 5920 17329 -33140 12772 , 11957 -24015 -2956 20799 -8743 -9723 , 15775 11469 -11469 0 -13676 -25145 , 2.2019528011513783e-07 , 5
2.272782157117788 , -13430 -4718 -15291 -37386 -18285 -9233 , 17584 2285 -2285 0 11219 8934 , -33140 12772 5384 -25152 6852 -17329 , 25690 -13754 13754 0 2457 16211 , 23956 15291 4718 37386 6058 -13567 , -8743 -9723 -11957 15272 -6767 -20799 , -24015 11957 9723 -15272 -8842 2956 , -7988 -5384 -12772 25152 -22713 -5920 , 15775 11469 -11469 0 -13676 -25145 , 2.2019528011513783e-07 , 6
2.272782157117788 , -13430 -4718 -15291 -37386 -18285 -9233 , 17584 2285 -2285 0 11219 8934 , 33140 -12772 -5384 25152 -6852 17329 , 25690 -13754 13754 0 2457 16211 , 23956 15291 4718 37386 6058 -13567 , 8743 9723 11957 -15272 6767 20799 , 24015 -11957 -9723 15272 8842 -2956 , 7988 5384 12772 -25152 22713 5920 , 15775 11469 -11469 0 -13676 -25145 , 2.2019528011513783e-07 , 7
2.272782157117788 , -13430 -4718 -15291 -37386 -18285 -9233 , 25690 -13754 13754 0 2457 16211 , -6767 15272 8842 -9723 -8743 20799 , 17584 2285 -2285 0 11219 8934 , 23956 15291 4718 37386 6058 -13567 , 6852 -25152 22713 12772 -33140 17329 , -5920 -22713 25152 -12772 -5384 -7988 , 2956 -8842 -15272 9723 11957 -24015 , 15775 11469 -11469 0 -13676 -25145 , 2.2019528011718352e-07 , 8
2.272782157117788 , -13430 -4718 -15291 -37386 -18285 -9233 , 25690 -13754 13754 0 2457 16211 , 6767 -15272 -8842 9723 8743 -20799 , 17584 2285 -2285 0 11219 8934 , 23956 15291 4718 37386 6058 -13567 , -6852 25152 -22713 -12772 33140 -17329 , 5920 22713 -25152 12772 5384 7988 , -2956 8842 15272 -9723 -11957 24015 , 15775 11469 -11469 0 -13676 -25145 , 2.2019528011718352e-07 , 9
2.272782157117788 , -13430 -4718 -15291 -37386 -18285 -9233 , 25690 -13754 13754 0 2457 16211 , -9723 -8743 20799 -2956 -24015 11957 , 17584 2285 -2285 0 11219 8934 , 23956 15291 4718 37386 6058 -13567 , 12772 -33140 17329 5920 -7988 -5384 , 6852 -17329 33140 -5920 -22713 25152 , -6767 -20799 8743 2956 -8842 -15272 , 15775 11469 -11469 0 -13676 -25145 , 2.2019528011786541e-07 , 10
2.272782157117788 , -13430 -4718 -15291 -37386 -18285 -9233 , 25690 -13754 13754 0 2457 16211 , 9723 8743 -20799 2956 24015 -11957 , 17584 2285 -2285 0 11219 8934 , 23956 15291 4718 37386 6058 -13567 , -12772 33140 -17329 -5920 7988 5384 , -6852 17329 -33140 5920 22713 -25152 , 6767 20799 -8743 -2956 8842 15272 , 15775 11469 -11469 0 -13676 -25145 , 2.2019528011786541e-07 , 11
2.272782157117788 , -13430 -4718 -15291 -37386 -18285 -9233 , 17584 2285 -2285 0 11219 8934 , -5384 -7988 5920 17329 -33140 12772 , 25690 -13754 13754 0 2457 16211 , 23956 15291 4718 37386 6058 -13567 , 11957 -24015 -2956 20799 -8743 -9723 , -8842 2956 24015 -20799 -6767 15272 , -22713 -5920 7988 -17329 6852 -25152 , 15775 11469 -11469 0 -13676 -25145 , 2.2019528011786543e-07 , 12
2.272782157117788 , -13430 -4718 -15291 -37386 -18285 -9233 , 17584 2285 -2285 0 11219 8934 , 5384 7988 -5920 -17329 33140 -12772 , 25690 -13754 13754 0 2457 16211 , 23956 15291 4718 37386 6058 -13567 , -11957 24015 2956 -20799 8743 9723 , 8842 -2956 -24015 20799 6767 -15272 , 22713 5920 -7988 17329 -6852 25152 , 15775 11469 -11469 0 -13676 -25145 , 2.2019528011786543e-07 , 13
2.272782157117788 , -13430 -4718 -15291 -37386 -18285 -9233 , 25690 -13754 13754 0 2457 16211 , -2956 -24015 11957 6767 -15272 -8842 , 17584 2285 -2285 0 11219 8934 , 23956 15291 4718 37386 6058 -13567 , 5920 -7988 -5384 -6852 25152 -22713 , 12772 5384 7988 6852 -17329 33140 , -9723 -11957 24015 -6767 -20799 8743 , 15775 11469 -11469 0 -13676 -25145 , 2.2019528011922918e-07 , 14
2.272782157117788 , -13430 -4718 -15291 -37386 -18285 -9233 , 25690 -13754 13754 0 2457 16211 , 2956 24015 -11957 -6767 15272 8842 , 17584 2285 -2285 0 11219 8934 , 23956 15291 4718 37386 6058 -13567 , -5920 7988 5384 6852 -25152 22713 , -12772 -5384 -7988 -6852 17329 -33140 , 9723 11957 -24015 6767 20799 -8743 , 15775 11469 -11469 0 -13676 -25145 , 2.2019528011922918e-07 , 15
2.272782157117788 , -13430 -4718 -15291 -37386 -18285 -9233 , 17584 2285 -2285 0 11219 8934 , -7988 5920 22713 -33140 12772 5384 , 25690 -13754 13754 0 2457 16211 , 23956 15291 4718 37386 6058 -13567 , -24015 -2956 8842 -8743 -9723 -11957 , -15272 -8842 2956 8743 -20799 -6767 , 25152 -22713 -5920 33140 -17329 6852 , 15775 11469 -11469 0 -13676 -25145 , 2.2019528011922918e-07 , 16
2.272782157117788 , -13430 -4718 -15291 -37386 -18285 -9233 , 17584 2285 -2285 0 11219 8934 , 7988 -5920 -22713 33140 -12772 -5384 , 25690 -13754 13754 0 2457 16211 , 23956 15291 4718 37386 6058 -13567 , 24015 2956 -8842 8743 9723 11957 , 15272 8842 -2956 -8743 20799 6767 , -25152 22713 5920 -33140 17329 -6852 , 15775 11469 -11469 0 -13676 -25145 , 2.2019528011922918e-07 , 17
2.272782157117788 , -13430 -4718 -15291 -37386 -18285 -9233 , 25690 -13754 13754 0 2457 16211 , 8743 -20799 -6767 24015 -11957 -9723 , 17584 2285 -2285 0 11219 8934 , 23956 15291 4718 37386 6058 -13567 , 33140 -17329 6852 7988 5384 12772 , 25152 -6852 17329 -7988 5920 22713 , -15272 6767 20799 -24015 -2956 8842 , 15775 11469 -11469 0 -13676 -25145 , 2.2019528011991104e-07 , 18
2.272782157117788 , -13430 -4718 -15291 -37386 -18285 -9233 , 25690 -13754 13754 0 2457 16211 , -8743 20799 6767 -24015 11957 9723 , 17584 2285 -2285 0 11219 8934 , 23956 15291 4718 37386 6058 -13567 , -33140 17329 -6852 -7988 -5384 -12772 , -25152 6852 -17329 7988 -5920 -22713 , 15272 -6767 -20799 24015 2956 -8842 , 15775 11469 -11469 0 -13676 -25145 , 2.2019528011991104e-07 , 19
2.272782157117788 , -13430 -4718 -15291 -37386 -18285 -9233 , 17584 2285 -2285 0 11219 8934 , -22713 25152 -6852 -5384 -7988 5920 , 25690 -13754 13754 0 2457 16211 , 23956 15291 4718 37386 6058 -13567 , -8842 -15272 6767 11957 -24015 -2956 , -20799 -6767 15272 -11957 -9723 -8743 , -17329 6852 -25152 5384 12772 -33140 , 15775 11469 -11469 0 -13676 -25145 , 2.201952801199111e-07 , 20
2.272782157117788 , -13430 -4718 -15291 -37386 -18285 -9233 , 17584 2285 -2285 0 11219 8934 , 22713 -25152 6852 5384 7988 -5920 , 25690 -13754 13754 0 2457 16211 , 23956 15291 4718 37386 6058 -13567 , 8842 15272 -6767 -11957 24015 2956 , 20799 6767 -15272 11957 9723 8743 , 17329 -6852 25152 -5384 -12772 33140 , 15775 11469 -11469 0 -13676 -25145 , 2.201952801199111e-07 , 21
2.272782157117788 , -13430 -4718 -15291 -37386 -18285 -9233 , 25690 -13754 13754 0 2457 16211 , 24015 -11957 -9723 15272 8842 -2956 , 17584 2285 -2285 0 11219 8934 , 23956 15291 4718 37386 6058 -13567 , 7988 5384 12772 -25152 22713 5920 , 33140 -12772 -5384 25152 -6852 17329 , 8743 9723 11957 -15272 6767 20799 , 15775 11469 -11469 0 -13676 -25145 , 2.2019528012059293e-07 , 22
2.272782157117788 , -13430 -4718 -15291 -37386 -18285 -9233 , 25690 -13754 13754 0 2457 16211 , -24015 11957 9723 -15272 -8842 2956 , 17584 2285 -2285 0 11219 8934 , 23956 15291 4718 37386 6058 -13567 , -7988 -5384 -12772 25152 -22713 -5920 , -33140 12772 5384 -25152 6852 -17329 , -8743 -9723 -11957 15272 -6767 -20799 , 15775 11469 -11469 0 -13676 -25145 , 2.2019528012059293e-07 , 23
2.272782157117788 , -13430 -4718 -15291 -37386 -18285 -9233 , 17584 2285 -2285 0 11219 8934 , -6852 17329 -33140 5920 22713 -25152 , 25690 -13754 13754 0 2457 16211 , 23956 15291 4718 37386 6058 -13567 , 6767 20799 -8743 -2956 8842 15272 , 9723 8743 -20799 2956 24015 -11957 , -12772 33140 -17329 -5920 7988 5384 , 15775 11469 -11469 0 -13676 -25145 , 2.2019528012059296e-07 , 24
2.272782157117788 , -13430 -4718 -15291 -37386 -18285 -9233 , 17584 2285 -2285 0 11219 8934 , 6852 -17329 33140 -5920 -22713 25152 , 25690 -13754 13754 0 2457 16211 , 23956 15291 4718 37386 6058 -13567 , -6767 -20799 8743 2956 -8842 -15272 , -9723 -8743 20799 -2956 -24015 11957 , 12772 -33140 17329 5920 -7988 -5384 , 15775 11469 -11469 0 -13676 -25145 , 2.2019528012059296e-07 , 25
2.272782157117788 , -13430 -4718 -15291 -37386 -18285 -9233 , 17584 2285 -2285 0 11219 8934 , 5920 22713 -25152 12772 5384 7988 , 25690 -13754 13754 0 2457 16211 , 23956 15291 4718 37386 6058 -13567 , -2956 8842 15272 -9723 -11957 24015 , 6767 -15272 -8842 9723 8743 -20799 , -6852 25152 -22713 -12772 33140 -17329 , 15775 11469 -11469 0 -13676 -25145 , 2.2019528012127485e-07 , 26
2.272782157117788 , -13430 -4718 -15291 -37386 -18285 -9233 , 17584 2285 -2285 0 11219 8934 , -5920 -22713 25152 -12772 -5384 -7988 , 25690 -13754 13754 0 2457 16211 , 23956 15291 4718 37386 6058 -13567 , 2956 -8842 -15272 9723 11957 -24015 , -6767 15272 8842 -9723 -8743 20799 , 6852 -25152 22713 12772 -33140 17329 , 15775 11469 -11469 0 -13676 -25145 , 2.2019528012127485e-07 , 27
2.272782157117788 , -13430 -4718 -15291 -37386 -18285 -9233 , 25690 -13754 13754 0 2457 16211 , -20799 -6767 15272 -11957 -9723 -8743 , 17584 2285 -2285 0 11219 8934 , 23956 15291 4718 37386 6058 -13567 , -17329 6852 -25152 5384 12772 -33140 , -22713 25152 -6852 -5384 -7988 5920 , -8842 -15272 6767 11957 -24015 -2956 , 15775 11469 -11469 0 -13676 -25145 , 2.2019528012127487e-07 , 28
2.272782157117788 , -13430 -4718 -15291 -37386 -18285 -9233 , 25690 -13754 13754 0 2457 16211 , 20799 6767 -15272 11957 9723 8743 , 17584 2285 -2285 0 11219 8934 , 23956 15291 4718 37386 6058 -13567 , 17329 -6852 25152 -5384 -12772 33140 , 22713 -25152 6852 5384 7988 -5920 , 8842 15272 -6767 -11957 24015 2956 , 15775 11469 -11469 0 -13676 -25145 , 2.2019528012127487e-07 , 29
2.272782157117788 , -13430 -4718 -15291 -37386 -18285 -9233 , 25690 -13754 13754 0 2457 16211 , -11957 -9723 -8743 8842 -2956 -24015 , 17584 2285 -2285 0 11219 8934 , 23956 15291 4718 37386 6058 -13567 , 5384 12772 -33140 22713 5920 -7988 , -17329 33140 -12772 -22713 25152 -6852 , -20799 8743 9723 -8842 -15272 6767 , 15775 11469 -11469 0 -13676 -25145 , 2.2019528012263862e-07 , 30
2.272782157117788 , -13430 -4718 -15291 -37386 -18285 -9233 , 25690 -13754 13754 0 2457 16211 , 11957 9723 8743 -8842 2956 24015 , 17584 2285 -2285 0 11219 8934 , 23956 15291 4718 37386 6058 -13567 , -5384 -12772 33140 -22713 -5920 7988 , 17329 -33140 12772 22713 -25152 6852 , 20799 -8743 -9723 8842 15272 -6767 , 15775 11469 -11469 0 -13676 -25145 , 2.2019528012263862e-07 , 31
2.272782157117788 , -13430 -4718 -15291 -37386 -18285 -9233 , 17584 2285 -2285 0 11219 8934 , -25152 6852 -17329 7988 -5920 -22713 , 25690 -13754 13754 0 2457 16211 , 23956 15291 4718 37386 6058 -13567 , 15272 -6767 -20799 24015 2956 -8842 , -8743 20799 6767 -24015 11957 9723 , -33140 17329 -6852 -7988 -5384 -12772 , 15775 11469 -11469 0 -13676 -25145 , 2.2019528012263862e-07 , 32
2.272782157117788 , -13430 -4718 -15291 -37386 -18285 -9233 , 17584 2285 -2285 0 11219 8934 , 25152 -6852 17329 -7988 5920 22713 , 25690 -13754 13754 0 2457 16211 , 23956 15291 4718 37386 6058 -13567 , -15272 6767 20799 -24015 -2956 8842 , 8743 -20799 -6767 24015 -11957 -9723 , 33140 -17329 6852 7988 5384 12772 , 15775 11469 -11469 0 -13676 -25145 , 2.2019528012263862e-07 , 33
2.272782157117788 , -13430 -4718 -15291 -37386 -18285 -9233 , 17584 2285 -2285 0 11219 8934 , 17329 -33140 12772 22713 -25152 6852 , 25690 -13754 13754 0 2457 16211 , 23956 15291 4718 37386 6058 -13567 , 20799 -8743 -9723 8842 15272 -6767 , 11957 9723 8743 -8842 2956 24015 , -5384 -12772 33140 -22713 -5920 7988 , 15775 11469 -11469 0 -13676 -25145 , 2.2019528012263865e-07 , 34
2.272782157117788 , -13430 -4718 -15291 -37386 -18285 -9233 , 17584 2285 -2285 0 11219 8934 , -17329 33140 -12772 -22713 25152 -6852 , 25690 -13754 13754 0 2457 16211 , 23956 15291 4718 37386 6058 -13567 , -20799 8743 9723 -8842 -15272 6767 , -11957 -9723 -8743 8842 -2956 -24015 , 5384 12772 -33140 22713 5920 -7988 , 15775 11469 -11469 0 -13676 -25145 , 2.2019528012263865e-07 , 35
2.3806526386089844 , 1298 -24298 -34346 -3118 -27148 -19302 , 27817 -9069 9069 0 7408 16477 , 5141 9264 -25206 11457 14213 -11944 , 15457 -2400 2400 0 6268 8668 , 4416 34346 24298 3118 15044 -2850 , -18834 -4532 -11770 -2158 11554 -36318 , -16676 11770 4532 2158 -24548 16086 , -6316 25206 -9264 -11457 13262 4949 , 15775 11469 -11469 0 -13676 -25145 , 2.2018755578493523e-07 , 0
2.3806526386089844 , 1298 -24298 -34346 -3118 -27148 -19302 , 27817 -9069 9069 0 7408 16477 , -5141 -9264 25206 -11457 -14213 11944 , 15457 -2400 2400 0 6268 8668 , 4416 34346 24298 3118 15044 -2850 , 18834 4532 11770 2158 -11554 36318 , 16676 -11770 -4532 -2158 24548 -16086 , 6316 -25206 9264 11457 -13262 -4949 , 15775 11469 -11469 0 -13676 -25145 , 2.2018755578493523e-07 , 1
2.3806526386089844 , 1298 -24298 -34346 -3118 -27148 -19302 , 15457 -2400 2400 0 6268 8668 , 4532 18834 -36318 16086 16676 -11770 , 27817 -9069 9069 0 7408 16477 , 4416 34346 24298 3118 15044 -2850 , -9264 -5141 -11944 4949 6316 -25206 , -14213 11944 5141 -4949 -13262 11457 , -11554 36318 -18834 -16086 24548 -2158 , 15775 11469 -11469 0 -13676 -25145 , 2.2018755578547685e-07 , 2
2.3806526386089844 , 1298 -24298 -34346 -3118 -27148 -19302 , 15457 -2400 2400 0 6268 8668 , -4532 -18834 36318 -16086 -16676 11770 , 27817 -9069 9069 0 7408 16477 , 4416 34346 24298 3118 15044 -2850 , 9264 5141 11944 -4949 -6316 25206 , 14213 -11944 -5141 4949 13262 -11457 , 11554 -36318 18834 16086 -24548 2158 , 15775 11469 -11469 0 -13676 -25145 , 2.2018755578547685e-07 , 3
2.3806526386089844 , 1298 -24298 -34346 -3118 -27148 -19302 , 27817 -9069 9069 0 7408 16477 , -4949 -13262 11457 9264 -25206 6316 , 15457 -2400 2400 0 6268 8668 , 4416 34346 24298 3118 15044 -2850 , -16086 24548 -2158 -4532 -11770 16676 , -11554 2158 -24548 4532 18834 -36318 , -14213 -11457 13262 -9264 -5141 -11944 , 15775 11469 -11469 0 -13676 -25145 , 2.2018755578547688e-07 , 4
2.3806526386089844 , 1298 -24298 -34346 -3118 -27148 -19302 , 27817 -9069 9069 0 7408 16477 , 4949 13262 -11457 -9264 25206 -6316 , 15457 -2400 2400 0 6268 8668 , 4416 34346 24298 3118 15044 -2850 , 16086 -24548 2158 4532 11770 -16676 , 11554 -2158 24548 -4532 -18834 36318 , 14213 11457 -13262 9264 5141 11944 , 15775 11469 -11469 0 -13676 -25145 , 2.2018755578547688e-07 , 5
2.3806526386089844 , 1298 -24298 -34346 -3118 -27148 -19302 , 15457 -2400 2400 0 6268 8668 , -11770 -4532 -18834 24548 -16086 -16676 , 27817 -9069 9069 0 7408 16477 , 4416 34346 24298 3118 15044 -2850 , -25206 9264 5141 -13262 -4949 -6316 , -11944 -5141 -9264 13262 -11457 -14213 , -36318 18834 4532 -24548 2158 -11554 , 15775 11469 -11469 0 -13676 -25145 , 2.2018755578583793e-07 , 6
2.3806526386089844 , 1298 -24298 -34346 -3118 -27148 -19302 , 15457 -2400 2400 0 6268 8668 , 11770 4532 18834 -24548 16086 16676 , 27817 -9069 9069 0 7408 16477 , 4416 34346 24298 3118 15044 -2850 , 25206 -9264 -5141 13262 4949 6316 , 11944 5141 9264 -13262 11457 14213 , 36318 -18834 -4532 24548 -2158 11554 , 15775 11469 -11469 0 -13676 -25145 , 2.2018755578583793e-07 , 7
2.3806526386089844 , 1298 -24298 -34346 -3118 -27148 -19302 , 27817 -9069 9069 0 7408 16477 , 11457 14213 -11944 6316 4949 13262 , 15457 -2400 2400 0 6268 8668 , 4416 34346 24298 3118 15044 -2850 , -2158 11554 -36318 16676 16086 -24548 , -18834 36318 -11554 -16676 11770 4532 , 5141 11944 -14213 -6316 25206 -9264 , 15775 11469 -11469 0 -13676 -25145 , 2.2018755578583795e-07 , 8
2.3806526386089844 , 1298 -24298 -34346 -3118 -27148 -19302 , 27817 -9069 9069 0 7408 16477 , -11457 -14213 11944 -6316 -4949 -13262 , 15457 -2400 2400 0 6268 8668 , 4416 34346 24298 3118 15044 -2850 , 2158 -11554 36318 -16676 -16086 24548 , 18834 -36318 11554 16676 -11770 -4532 , -5141 -11944 14213 6316 -25206 9264 , 15775 11469 -11469 0 -13676 -25145 , 2.2018755578583795e-07 , 9
2.3806526386089844 , 1298 -24298 -34346 -3118 -27148 -19302 , 27817 -9069 9069 0 7408 16477 , -13262 11457 14213 -25206 6316 4949 , 15457 -2400 2400 0 6268 8668 , 4416 34346 24298 3118 15044 -2850 , 24548 -2158 11554 -11770 16676 16086 , 36318 -11554 2158 11770 4532 18834 , 11944 -14213 -11457 25206 -9264 -5141 , 15775 11469 -11469 0 -13676 -25145 , 2.20187555786199e-07 , 10
2.3806526386089844 , 1298 -24298 -34346 -3118 -27148 -19302 , 27817 -9069 9069 0 7408 16477 , 13262 -11457 -14213 25206 -6316 -4949 , 15457 -2400 2400 0 6268 8668 , 4416 34346 24298 3118 15044 -2850 , -24548 2158 -11554 11770 -16676 -16086 , -36318 11554 -2158 -11770 -4532 -18834 , -11944 14213 11457 -25206 9264 5141 , 15775 11469 -11469 0 -13676 -25145 , 2.20187555786199e-07 , 11
2.3806526386089844 , 1298 -24298 -34346 -3118 -27148 -19302 , 27817 -9069 9069 0 7408 16477 , 9264 -25206 6316 14213 -11944 -5141 , 15457 -2400 2400 0 6268 8668 , 4416 34346 24298 3118 15044 -2850 , -4532 -11770 16676 11554 -36318 18834 , -16086 -16676 11770 -11554 2158 -24548 , -4949 -6316 25206 -14213 -11457 13262 , 15775 11469 -11469 0 -13676 -25145 , 2.2018755578619903e-07 , 12
2.3806526386089844 , 1298 -24298 -34346 -3118 -27148 -19302 , 27817 -9069 9069 0 7408 16477 , -9264 25206 -6316 -14213 11944 5141 , 15457 -2400 2400 0 6268 8668 , 4416 34346 24298 3118 15044 -2850 , 4532 11770 -16676 -11554 36318 -18834 , 16086 16676 -11770 11554 -2158 24548 , 4949 6316 -25206 14213 11457 -13262 , 15775 11469 -11469 0 -13676 -25145 , 2.2018755578619903e-07 , 13
2.3806526386089844 , 1298 -24298 -34346 -3118 -27148 -19302 , 15457 -2400 2400 0 6268 8668 , -36318 11554 -2158 -11770 -4532 -18834 , 27817 -9069 9069 0 7408 16477 , 4416 34346 24298 3118 15044 -2850 , -11944 14213 11457 -25206 9264 5141 , 13262 -11457 -14213 25206 -6316 -4949 , -24548 2158 -11554 11770 -16676 -16086 , 15775 11469 -11469 0 -13676 -25145 , 2.2018755578619903e-07 , 14
2.3806526386089844 , 1298 -24298 -34346 -3118 -27148 -19302 , 15457 -2400 2400 0 6268 8668 , 36318 -11554 2158 11770 4532 18834 , 27817 -9069 9069 0 7408 16477 , 4416 34346 24298 3118 15044 -2850 , 11944 -14213 -11457 25206 -9264 -5141 , -13262 11457 14213 -25206 6316 4949 , 24548 -2158 11554 -11770 16676 16086 , 15775 11469 -11469 0 -13676 -25145 , 2.2018755578619903e-07 , 15
2.3806526386089844 , 1298 -24298 -34346 -3118 -27148 -19302 , 15457 -2400 2400 0 6268 8668 , 2158 -24548 16086 18834 -36318 11554 , 27817 -9069 9069 0 7408 16477 , 4416 34346 24298 3118 15044 -2850 , -11457 13262 4949 -5141 -11944 14213 , -6316 -4949 -13262 5141 9264 -25206 , -16676 -16086 24548 -18834 -4532 -11770 , 15775 11469 -11469 0 -13676 -25145 , 2.201875557865601e-07 , 16
2.3806526386089844 , 1298 -24298 -34346 -3118 -27148 -19302 , 15457 -2400 2400 0 6268 8668 , -24548 16086 16676 -36318 11554 -2158 , 27817 -9069 9069 0 7408 16477 , 4416 34346 24298 3118 15044 -2850 , 13262 4949 6316 -11944 14213 11457 , 25206 -6316 -4949 11944 5141 9264 , 11770 -16676 -16086 36318 -18834 -4532 , 15775 11469 -11469 0 -13676 -25145 , 2.201875557865601e-07 , 17
2.3806526386089844 , 1298 -24298 -34346 -3118 -27148 -19302 , 15457 -2400 2400 0 6268 8668 , -18834 36318 -11554 -16676 11770 4532 , 27817 -9069 9069 0 7408 16477 , 4416 34346 24298 3118 15044 -2850 , 5141 11944 -14213 -6316 25206 -9264 , 11457 14213 -11944 6316 4949 13262 , -2158 11554 -36318 16676 16086 -24548 , 15775 11469 -11469 0 -13676 -25145 , 2.201875557865601e-07 , 18
2.3806526386089844 , 1298 -24298 -34346 -3118 -27148 -19302 , 15457 -2400 2400 0 6268 8668 , 18834 -36318 11554 16676 -11770 -4532 , 27817 -9069 9069 0 7408 16477 , 4416 34346 24298 3118 15044 -2850 , -5141 -11944 14213 6316 -25206 9264 , -11457 -14213 11944 -6316 -4949 -13262 , 2158 -11554 36318 -16676 -16086 24548 , 15775 11469 -11469 0 -13676 -25145 , 2.201875557865601e-07 , 19
2.3806526386089844 , 1298 -24298 -34346 -3118 -27148 -19302 , 15457 -2400 2400 0 6268 8668 , 24548 -16086 -16676 36318 -11554 2158 , 27817 -9069 9069 0 7408 16477 , 4416 34346 24298 3118 15044 -2850 , -13262 -4949 -6316 11944 -14213 -11457 , -25206 6316 4949 -11944 -5141 -9264 , -11770 16676 16086 -36318 18834 4532 , 15775 11469 -11469 0 -13676 -25145 , 2.201875557865601e-07 , 20
2.3806526386089844 , 1298 -24298 -34346 -3118 -27148 -19302 , 15457 -2400 2400 0 6268 8668 , -2158 24548 -16086 -18834 36318 -11554 , 27817 -9069 9069 0 7408 16477 , 4416 34346 24298 3118 15044 -2850 , 11457 -13262 -4949 5141 11944 -14213 , 6316 4949 13262 -5141 -9264 25206 , 16676 16086 -24548 18834 4532 11770 , 15775 11469 -11469 0 -13676 -25145 , 2.201875557865601e-07 , 21
2.3806526386089844 , 1298 -24298 -34346 -3118 -27148 -19302 , 27817 -9069 9069 0 7408 16477 , -11944 -5141 -9264 13262 -11457 -14213 , 15457 -2400 2400 0 6268 8668 , 4416 34346 24298 3118 15044 -2850 , -36318 18834 4532 -24548 2158 -11554 , -11770 -4532 -18834 24548 -16086 -16676 , -25206 9264 5141 -13262 -4949 -6316 , 15775 11469 -11469 0 -13676 -25145 , 2.2018755578692118e-07 , 22
2.3806526386089844 , 1298 -24298 -34346 -3118 -27148 -19302 , 27817 -9069 9069 0 7408 16477 , 11944 5141 9264 -13262 11457 14213 , 15457 -2400 2400 0 6268 8668 , 4416 34346 24298 3118 15044 -2850 , 36318 -18834 -4532 24548 -2158 11554 , 11770 4532 18834 -24548 16086 16676 , 25206 -9264 -5141 13262 4949 6316 , 15775 11469 -11469 0 -13676 -25145 , 2.2018755578692118e-07 , 23
2.3806526386089844 , 1298 -24298 -34346 -3118 -27148 -19302 , 15457 -2400 2400 0 6268 8668 , -16676 11770 4532 2158 -24548 16086 , 27817 -9069 9069 0 7408 16477 , 4416 34346 24298 3118 15044 -2850 , -6316 25206 -9264 -11457 13262 4949 , 5141 9264 -25206 11457 14213 -11944 , -18834 -4532 -11770 -2158 11554 -36318 , 15775 11469 -11469 0 -13676 -25145 , 2.201875557869212e-07 , 24
2.3806526386089844 , 1298 -24298 -34346 -3118 -27148 -19302 , 15457 -2400 2400 0 6268 8668 , -16086 -16676 11770 -11554 2158 -24548 , 27817 -9069 9069 0 7408 16477 , 4416 34346 24298 3118 15044 -2850 , -4949 -6316 25206 -14213 -11457 13262 , 9264 -25206 6316 14213 -11944 -5141 , -4532 -11770 16676 11554 -36318 18834 , 15775 11469 -11469 0 -13676 -25145 , 2.201875557869212e-07 , 25
2.3806526386089844 , 1298 -24298 -34346 -3118 -27148 -19302 , 15457 -2400 2400 0 6268 8668 , 16086 16676 -11770 11554 -2158 24548 , 27817 -9069 9069 0 7408 16477 , 4416 34346 24298 3118 15044 -2850 , 4949 6316 -25206 14213 11457 -13262 , -9264 25206 -6316 -14213 11944 5141 , 4532 11770 -16676 -11554 36318 -18834 , 15775 11469 -11469 0 -13676 -25145 , 2.201875557869212e-07 , 26
2.3806526386089844 , 1298 -24298 -34346 -3118 -27148 -19302 , 15457 -2400 2400 0 6268 8668 , 16676 -11770 -4532 -2158 24548 -16086 , 27817 -9069 9069 0 7408 16477 , 4416 34346 24298 3118 15044 -2850 , 6316 -25206 9264 11457 -13262 -4949 , -5141 -9264 25206 -11457 -14213 11944 , 18834 4532 11770 2158 -11554 36318 , 15775 11469 -11469 0 -13676 -25145 , 2.201875557869212e-07 , 27
2.3806526386089844 , 1298 -24298 -34346 -3118 -27148 -19302 , 27817 -9069 9069 0 7408 16477 , -25206 6316 4949 -11944 -5141 -9264 , 15457 -2400 2400 0 6268 8668 , 4416 34346 24298 3118 15044 -2850 , -11770 16676 16086 -36318 18834 4532 , 24548 -16086 -16676 36318 -11554 2158 , -13262 -4949 -6316 11944 -14213 -11457 , 15775 11469 -11469 0 -13676 -25145 , 2.2018755578692123e-07 , 28
2.3806526386089844 , 1298 -24298 -34346 -3118 -27148 -19302 , 27817 -9069 9069 0 7408 16477 , 25206 -6316 -4949 11944 5141 9264 , 15457 -2400 2400 0 6268 8668 , 4416 34346 24298 3118 15044 -2850 , 11770 -16676 -16086 36318 -18834 -4532 , -24548 16086 16676 -36318 11554 -2158 , 13262 4949 6316 -11944 14213 11457 , 15775 11469 -11469 0 -13676 -25145 , 2.2018755578692123e-07 , 29
2.3806526386089844 , 1298 -24298 -34346 -3118 -27148 -19302 , 27817 -9069 9069 0 7408 16477 , 14213 -11944 -5141 4949 13262 -11457 , 15457 -2400 2400 0 6268 8668 , 4416 34346 24298 3118 15044 -2850 , 11554 -36318 18834 16086 -24548 2158 , -4532 -18834 36318 -16086 -16676 11770 , 9264 5141 11944 -4949 -6316 25206 , 15775 11469 -11469 0 -13676 -25145 , 2.2018755578710178e-07 , 30
2.3806526386089844 , 1298 -24298 -34346 -3118 -27148 -19302 , 27817 -9069 9069 0 7408 16477 , -14213 11944 5141 -4949 -13262 11457 , 15457 -2400 2400 0 6268 8668 , 4416 34346 24298 3118 15044 -2850 , -11554 36318 -18834 -16086 24548 -2158 , 4532 18834 -36318 16086 16676 -11770 , -9264 -5141 -11944 4949 6316 -25206 , 15775 11469 -11469 0 -13676 -25145 , 2.2018755578710178e-07 , 31
2.3806526386089844 , 1298 -24298 -34346 -3118 -27148 -19302 , 27817 -9069 9069 0 7408 16477 , 6316 4949 13262 -5141 -9264 25206 , 15457 -2400 2400 0 6268 8668 , 4416 34346 24298 3118 15044 -2850 , 16676 16086 -24548 18834 4532 11770 , -2158 24548 -16086 -18834 36318 -11554 , 11457 -13262 -4949 5141 11944 -14213 , 15775 11469 -11469 0 -13676 -25145 , 2.201875557872823e-07 , 32
2.3806526386089844 , 1298 -24298 -34346 -3118 -27148 -19302 , 27817 -9069 9069 0 7408 16477 , -6316 -4949 -13262 5141 9264 -25206 , 15457 -2400 2400 0 6268 8668 , 4416 34346 24298 3118 15044 -2850 , -16676 -16086 24548 -18834 -4532 -11770 , 2158 -24548 16086 18834 -36318 11554 , -11457 13262 4949 -5141 -11944 14213 , 15775 11469 -11469 0 -13676 -25145 , 2.201875557872823e-07 , 33
2.3806526386089844 , 1298 -24298 -34346 -3118 -27148 -19302 , 15457 -2400 2400 0 6268 8668 , -11554 2158 -24548 4532 18834 -36318 , 27817 -9069 9069 0 7408 16477 , 4416 34346 24298 3118 15044 -2850 , -14213 -11457 13262 -9264 -5141 -11944 , -4949 -13262 11457 9264 -25206 6316 , -16086 24548 -2158 -4532 -11770 16676 , 15775 11469 -11469 0 -13676 -25145 , 2.2018755578764335e-07 , 34
2.3806526386089844 , 1298 -24298 -34346 -3118 -27148 -19302 , 15457 -2400 2400 0 6268 8668 , 11554 -2158 24548 -4532 -18834 36318 , 27817 -9069 9069 0 7408 16477 , 4416 34346 24298 3118 15044 -2850 , 14213 11457 -13262 9264 5141 11944 , 4949 13262 -11457 -9264 25206 -6316 , 16086 -24548 2158 4532 11770 -16676 , 15775 11469 -11469 0 -13676 -25145 , 2.2018755578764335e-07 , 35
2.4934574068420376 , 2229 -22089 -13258 -20270 -29978 2669 , 11644 -10787 10787 0 -2598 8189 , -29536 2127 25697 -31288 -3533 -4768 , 31630 -682 682 0 16274 16956 , 22499 13258 22089 20270 15927 -7889 , 12575 -15634 5831 15320 -16318 9881 , -2745 -5831 15634 -15320 4050 -684 , 1752 -25697 -2127 31288 -30465 -5660 , 15775 11469 -11469 0 -13676 -25145 , 2.2018924432671458e-07 , 0
2.4934574068420376 , 2229 -22089 -13258 -20270 -29978 2669 , 11644 -10787 10787 0 -2598 8189 , 29536 -2127 -25697 31288 3533 4768 , 31630 -682 682 0 16274 16956 , 22499 13258 22089 20270 15927 -7889 , -12575 15634 -5831 -15320 16318 -9881 , 2745 5831 -15634 15320 -4050 684 , -1752 25697 2127 -31288 30465 5660 , 15775 11469 -11469 0 -13676 -25145 , 2.2018924432671458e-07 , 1
2.4934574068420376 , 2229 -22089 -13258 -20270 -29978 2669 , 31630 -682 682 0 16274 16956 , -4050 684 -2745 -9881 16318 -15320 , 11644 -10787 10787 0 -2598 8189 , 22499 13258 22089 20270 15927 -7889 , 30465 5660 1752 4768 3533 31288 , 25697 -1752 -5660 -4768 29536 -2127 , 5831 2745 -684 9881 -12575 15634 , 15775 11469 -11469 0 -13676 -25145 , 2.2018924432671464e-07 , 2
2.4934574068420376 , 2229 -22089 -13258 -20270 -29978 2669 , 31630 -682 682 0 16274 16956 , 4050 -684 2745 9881 -16318 15320 , 11644 -10787 10787 0 -2598 8189 , 22499 13258 22089 20270 15927 -7889 , -30465 -5660 -1752 -4768 -3533 -31288 , -25697 1752 5660 4768 -29536 2127 , -5831 -2745 684 -9881 12575 -15634 , 15775 11469 -11469 0 -13676 -25145 , 2.2018924432671464e-07 , 3
2.4934574068420376 , 2229 -22089 -13258 -20270 -29978 2669 , 11644 -10787 10787 0 -2598 8189 , -30465 31288 3533 -25697 1752 5660 , 31630 -682 682 0 16274 16956 , 22499 13258 22089 20270 15927 -7889 , 4050 -15320 16318 -5831 -2745 684 , 9881 -16318 15320 5831 -15634 12575 , -4768 -3533 -31288 25697 2127 -29536 , 15775 11469 -11469 0 -13676 -25145 , 2.2018924432778423e-07 , 4
2.4934574068420376 , 2229 -22089 -13258 -20270 -29978 2669 , 11644 -10787 10787 0 -2598 8189 , 30465 -31288 -3533 25697 -1752 -5660 , 31630 -682 682 0 16274 16956 , 22499 13258 22089 20270 15927 -7889 , -4050 15320 -16318 5831 2745 -684 , -9881 16318 -15320 -5831 15634 -12575 , 4768 3533 31288 -25697 -2127 29536 , 15775 11469 -11469 0 -13676 -25145 , 2.2018924432778423e-07 , 5
2.4934574068420376 , 2229 -22089 -13258 -20270 -29978 2669 , 31630 -682 682 0 16274 16956 , -15634 12575 -9881 684 -2745 -5831 , 11644 -10787 10787 0 -2598 8189 , 22499 13258 22089 20270 15927 -7889 , 2127 -29536 4768 5660 1752 -25697 , -3533 -4768 29536 -5660 -30465 31288 , -16318 9881 -12575 -684 4050 -15320 , 15775 11469 -11469 0 -13676 -25145 , 2.2018924432778423e-07 , 6
2.4934574068420376 , 2229 -22089 -13258 -20270 -29978 2669 , 31630 -682 682 0 16274 16956 , 15634 -12575 9881 -684 2745 5831 , 11644 -10787 10787 0 -2598 8189 , 22499 13258 22089 20270 15927 -7889 , -2127 29536 -4768 -5660 -1752 25697 , 3533 4768 -29536 5660 30465 -31288 , 16318 -9881 12575 684 -4050 15320 , 15775 11469 -11469 0 -13676 -25145 , 2.2018924432778423e-07 , 7
2.4934574068420376 , 2229 -22089 -13258 -20270 -29978 2669 , 11644 -10787 10787 0 -2598 8189 , -25697 1752 5660 4768 -29536 2127 , 31630 -682 682 0 16274 16956 , 22499 13258 22089 20270 15927 -7889 , -5831 -2745 684 -9881 12575 -15634 , 4050 -684 2745 9881 -16318 15320 , -30465 -5660 -1752 -4768 -3533 -31288 , 15775 11469 -11469 0 -13676 -25145 , 2.2018924432814075e-07 , 8
2.4934574068420376 , 2229 -22089 -13258 -20270 -29978 2669 , 11644 -10787 10787 0 -2598 8189 , 25697 -1752 -5660 -4768 29536 -2127 , 31630 -682 682 0 16274 16956 , 22499 13258 22089 20270 15927 -7889 , 5831 2745 -684 9881 -12575 15634 , -4050 684 -2745 -9881 16318 -15320 , 30465 5660 1752 4768 3533 31288 , 15775 11469 -11469 0 -13676 -25145 , 2.2018924432814075e-07 , 9
2.4934574068420376 , 2229 -22089 -13258 -20270 -29978 2669 , 11644 -10787 10787 0 -2598 8189 , -2127 -25697 1752 3533 4768 -29536 , 31630 -682 682 0 16274 16956 , 22499 13258 22089 20270 15927 -7889 , 15634 -5831 -2745 16318 -9881 12575 , -684 2745 5831 -16318 15320 -4050 , -5660 -1752 25697 -3533 -31288 30465 , 15775 11469 -11469 0 -13676 -25145 , 2.2018924432849727e-07 , 10
2.4934574068420376 , 2229 -22089 -13258 -20270 -29978 2669 , 11644 -10787 10787 0 -2598 8189 , 2127 25697 -1752 -3533 -4768 29536 , 31630 -682 682 0 16274 16956 , 22499 13258 22089 20270 15927 -7889 , -15634 5831 2745 -16318 9881 -12575 , 684 -2745 -5831 16318 -15320 4050 , 5660 1752 -25697 3533 31288 -30465 , 15775 11469 -11469 0 -13676 -25145 , 2.2018924432849727e-07 , 11
2.4934574068420376 , 2229 -22089 -13258 -20270 -29978 2669 , 31630 -682 682 0 16274 16956 , 15320 -4050 684 12575 -9881 16318 , 11644 -10787 10787 0 -2598 8189 , 22499 13258 22089 20270 15927 -7889 , -31288 30465 5660 -29536 4768 3533 , -1752 -5660 -30465 29536 -2127 -25697 , 2745 -684 4050 -12575 15634 -5831 , 15775 11469 -11469 0 -13676 -25145 , 2.2018924432849727e-07 , 12
2.4934574068420376 , 2229 -22089 -13258 -20270 -29978 2669 , 31630 -682 682 0 16274 16956 , -15320 4050 -684 -12575 9881 -16318 , 11644 -10787 10787 0 -2598 8189 , 22499 13258 22089 20270 15927 -7889 , 31288 -30465 -5660 29536 -4768 -3533 , 1752 5660 30465 -29536 2127 25697 , -2745 684 -4050 12575 -15634 5831 , 15775 11469 -11469 0 -13676 -25145 , 2.2018924432849727e-07 , 13
2.4934574068420376 , 2229 -22089 -13258 -20270 -29978 2669 , 11644 -10787 10787 0 -2598 8189 , 4768 -29536 2127 30465 -31288 -3533 , 31630 -682 682 0 16274 16956 , 22499 13258 22089 20270 15927 -7889 , -9881 12575 -15634 -4050 15320 -16318 , -5831 15634 -12575 4050 -684 2745 , -25697 -2127 29536 -30465 -5660 -1752 , 15775 11469 -11469 0 -13676 -25145 , 2.201892443284973e-07 , 14
2.4934574068420376 , 2229 -22089 -13258 -20270 -29978 2669 , 11644 -10787 10787 0 -2598 8189 , -4768 29536 -2127 -30465 31288 3533 , 31630 -682 682 0 16274 16956 , 22499 13258 22089 20270 15927 -7889 , 9881 -12575 15634 4050 -15320 16318 , 5831 -15634 12575 -4050 684 -2745 , 25697 2127 -29536 30465 5660 1752 , 15775 11469 -11469 0 -13676 -25145 , 2.201892443284973e-07 , 15
2.4934574068420376 , 2229 -22089 -13258 -20270 -29978 2669 , 31630 -682 682 0 16274 16956 , -16318 15320 -4050 -15634 12575 -9881 , 11644 -10787 10787 0 -2598 8189 , 22499 13258 22089 20270 15927 -7889 , -3533 -31288 30465 2127 -29536 4768 , -5660 -30465 31288 -2127 -25697 1752 , -684 4050 -15320 15634 -5831 -2745 , 15775 11469 -11469 0 -13676 -25145 , 2.201892443284973e-07 , 16
2.4934574068420376 , 2229 -22089 -13258 -20270 -29978 2669 , 31630 -682 682 0 16274 16956 , 9881 -16318 15320 5831 -15634 12575 , 11644 -10787 10787 0 -2598 8189 , 22499 13258 22089 20270 15927 -7889 , -4768 -3533 -31288 25697 2127 -29536 , -30465 31288 3533 -25697 1752 5660 , 4050 -15320 16318 -5831 -2745 684 , 15775 11469 -11469 0 -13676 -25145 , 2.201892443284973e-07 , 17
2.4934574068420376 , 2229 -22089 -13258 -20270 -29978 2669 , 31630 -682 682 0 16274 16956 , 684 -2745 -5831 16318 -15320 4050 , 11644 -10787 10787 0 -2598 8189 , 22499 13258 22089 20270 15927 -7889 , 5660 1752 -25697 3533 31288 -30465 , 2127 25697 -1752 -3533 -4768 29536 , -15634 5831 2745 -16318 9881 -12575 , 15775 11469 -11469 0 -13676 -25145 , 2.201892443284973e-07 , 18
2.4934574068420376 , 2229 -22089 -13258 -20270 -29978 2669 , 31630 -682 682 0 16274 16956 , -684 2745 5831 -16318 15320 -4050 , 11644 -10787 10787 0 -2598 8189 , 22499 13258 22089 20270 15927 -7889 , -5660 -1752 25697 -3533 -31288 30465 , -2127 -25697 1752 3533 4768 -29536 , 15634 -5831 -2745 16318 -9881 12575 , 15775 11469 -11469 0 -13676 -25145 , 2.201892443284973e-07 , 19
2.4934574068420376 , 2229 -22089 -13258 -20270 -29978 2669 , 31630 -682 682 0 16274 16956 , -9881 16318 -15320 -5831 15634 -12575 , 11644 -10787 10787 0 -2598 8189 , 22499 13258 22089 20270 15927 -7889 , 4768 3533 31288 -25697 -2127 29536 , 30465 -31288 -3533 25697 -1752 -5660 , -4050 15320 -16318 5831 2745 -684 , 15775 11469 -11469 0 -13676 -25145 , 2.201892443284973e-07 , 20
2.4934574068420376 , 2229 -22089 -13258 -20270 -29978 2669 , 31630 -682 682 0 16274 16956 , 16318 -15320 4050 15634 -12575 9881 , 11644 -10787 10787 0 -2598 8189 , 22499 13258 22089 20270 15927 -7889 , 3533 31288 -30465 -2127 29536 -4768 , 5660 30465 -31288 2127 25697 -1752 , 684 -4050 15320 -15634 5831 2745 , 15775 11469 -11469 0 -13676 -25145 , 2.201892443284973e-07 , 21
2.4934574068420376 , 2229 -22089 -13258 -20270 -29978 2669 , 11644 -10787 10787 0 -2598 8189 , 3533 4768 -29536 5660 30465 -31288 , 31630 -682 682 0 16274 16956 , 22499 13258 22089 20270 15927 -7889 , 16318 -9881 12575 684 -4050 15320 , 15634 -12575 9881 -684 2745 5831 , -2127 29536 -4768 -5660 -1752 25697 , 15775 11469 -11469 0 -13676 -25145 , 2.2018924432921037e-07 , 22
2.4934574068420376 , 2229 -22089 -13258 -20270 -29978 2669 , 11644 -10787 10787 0 -2598 8189 , -5660 -30465 31288 -2127 -25697 1752 , 31630 -682 682 0 16274 16956 , 22499 13258 22089 20270 15927 -7889 , -684 4050 -15320 15634 -5831 -2745 , -16318 15320 -4050 -15634 12575 -9881 , -3533 -31288 30465 2127 -29536 4768 , 15775 11469 -11469 0 -13676 -25145 , 2.2018924432921037e-07 , 23
2.4934574068420376 , 2229 -22089 -13258 -20270 -29978 2669 , 11644 -10787 10787 0 -2598 8189 , 5660 30465 -31288 2127 25697 -1752 , 31630 -682 682 0 16274 16956 , 22499 13258 22089 20270 15927 -7889 , 684 -4050 15320 -15634 5831 2745 , 16318 -15320 4050 15634 -12575 9881 , 3533 31288 -30465 -2127 29536 -4768 , 15775 11469 -11469 0 -13676 -25145 , 2.2018924432921037e-07 , 24
2.4934574068420376 , 2229 -22089 -13258 -20270 -29978 2669 , 11644 -10787 10787 0 -2598 8189 , -3533 -4768 29536 -5660 -30465 31288 , 31630 -682 682 0 16274 16956 , 22499 13258 22089 20270 15927 -7889 , -16318 9881 -12575 -684 4050 -15320 , -15634 12575 -9881 684 -2745 -5831 , 2127 -29536 4768 5660 1752 -25697 , 15775 11469 -11469 0 -13676 -25145 , 2.2018924432921037e-07 , 25
2.4934574068420376 , 2229 -22089 -13258 -20270 -29978 2669 , 11644 -10787 10787 0 -2598 8189 , -1752 -5660 -30465 29536 -2127 -25697 , 31630 -682 682 0 16274 16956 , 22499 13258 22089 20270 15927 -7889 , 2745 -684 4050 -12575 15634 -5831 , 15320 -4050 684 12575 -9881 16318 , -31288 30465 5660 -29536 4768 3533 , 15775 11469 -11469 0 -13676 -25145 , 2.2018924432921039e-07 , 26
2.4934574068420376 , 2229 -22089 -13258 -20270 -29978 2669 , 11644 -10787 10787 0 -2598 8189 , 1752 5660 30465 -29536 2127 25697 , 31630 -682 682 0 16274 16956 , 22499 13258 22089 20270 15927 -7889 , -2745 684 -4050 12575 -15634 5831 , -15320 4050 -684 -12575 9881 -16318 , 31288 -30465 -5660 29536 -4768 -3533 , 15775 11469 -11469 0 -13676 -25145 , 2.2018924432921039e-07 , 27
2.4934574068420376 , 2229 -22089 -13258 -20270 -29978 2669 , 31630 -682 682 0 16274 16956 , 2745 5831 -15634 15320 -4050 684 , 11644 -10787 10787 0 -2598 8189 , 22499 13258 22089 20270 15927 -7889 , -1752 25697 2127 -31288 30465 5660 , 29536 -2127 -25697 31288 3533 4768 , -12575 15634 -5831 -15320 16318 -9881 , 15775 11469 -11469 0 -13676 -25145 , 2.2018924432921039e-07 , 28
2.4934574068420376 , 2229 -22089 -13258 -20270 -29978 2669 , 31630 -682 682 0 16274 16956 , 5831 -15634 12575 -4050 684 -2745 , 11644 -10787 10787 0 -2598 8189 , 22499 13258 22089 20270 15927 -7889 , 25697 2127 -29536 30465 5660 1752 , -4768 29536 -2127 -30465 31288 3533 , 9881 -12575 15634 4050 -15320 16318 , 15775 11469 -11469 0 -13676 -25145 , 2.2018924432921039e-07 , 29
2.4934574068420376 , 2229 -22089 -13258 -20270 -29978 2669 , 31630 -682 682 0 16274 16956 , -5831 15634 -12575 4050 -684 2745 , 11644 -10787 10787 0 -2598 8189 , 22499 13258 22089 20270 15927 -7889 , -25697 -2127 29536 -30465 -5660 -1752 , 4768 -29536 2127 30465 -31288 -3533 , -9881 12575 -15634 -4050 15320 -16318 , 15775 11469 -11469 0 -13676 -25145 , 2.2018924432921039e-07 , 30
2.4934574068420376 , 2229 -22089 -13258 -20270 -29978 2669 , 31630 -682 682 0 16274 16956 , -2745 -5831 15634 -15320 4050 -684 , 11644 -10787 10787 0 -2598 8189 , 22499 13258 22089 20270 15927 -7889 , 1752 -25697 -2127 31288 -30465 -5660 , -29536 2127 25697 -31288 -3533 -4768 , 12575 -15634 5831 15320 -16318 9881 , 15775 11469 -11469 0 -13676 -25145 , 2.2018924432921039e-07 , 31
2.4934574068420376 , 2229 -22089 -13258 -20270 -29978 2669 , 31630 -682 682 0 16274 16956 , -12575 9881 -16318 2745 5831 -15634 , 11644 -10787 10787 0 -2598 8189 , 22499 13258 22089 20270 15927 -7889 , 29536 -4768 -3533 -1752 25697 2127 , 31288 3533 4768 1752 5660 30465 , -15320 16318 -9881 -2745 684 -4050 , 15775 11469 -11469 0 -13676 -25145 , 2.2018924433063648e-07 , 32
2.4934574068420376 , 2229 -22089 -13258 -20270 -29978 2669 , 31630 -682 682 0 16274 16956 , 12575 -9881 16318 -2745 -5831 15634 , 11644 -10787 10787 0 -2598 8189 , 22499 13258 22089 20270 15927 -7889 , -29536 4768 3533 1752 -25697 -2127 , -31288 -3533 -4768 -1752 -5660 -30465 , 15320 -16318 9881 2745 -684 4050 , 15775 11469 -11469 0 -13676 -25145 , 2.2018924433063648e-07 , 33
2.4934574068420376 , 2229 -22089 -13258 -20270 -29978 2669 , 11644 -10787 10787 0 -2598 8189 , -31288 -3533 -4768 -1752 -5660 -30465 , 31630 -682 682 0 16274 16956 , 22499 13258 22089 20270 15927 -7889 , 15320 -16318 9881 2745 -684 4050 , 12575 -9881 16318 -2745 -5831 15634 , -29536 4768 3533 1752 -25697 -2127 , 15775 11469 -11469 0 -13676 -25145 , 2.2018924433063653e-07 , 34
2.4934574068420376 , 2229 -22089 -13258 -20270 -29978 2669 , 11644 -10787 10787 0 -2598 8189 , 31288 3533 4768 1752 5660 30465 , 31630 -682 682 0 16274 16956 , 22499 13258 22089 20270 15927 -7889 , -15320 16318 -9881 -2745 684 -4050 , -12575 9881 -16318 2745 5831 -15634 , 29536 -4768 -3533 -1752 25697 2127 , 15775 11469 -11469 0 -13676 -25145 , 2.2018924433063653e-07 , 35
2.6034839947284496 , -1777 -18890 -12803 -31630 -16755 -2775 , 10126 -7939 7939 0 -1084 6855 , -22706 -16673 23297 -18108 -6855 -16960 , 33148 -3530 3530 0 14760 18290 , 29853 12803 18890 31630 10028 2135 , 1089 5749 -16830 13072 168 -4388 , -11983 16830 -5749 -13072 12442 -5581 , -4598 -23297 16673 18108 -40257 9818 , 15775 11469 -11469 0 -13676 -25145 , 2.2019264368298325e-07 , 0
2.6034839947284496 , -1777 -18890 -12803 -31630 -16755 -2775 , 10126 -7939 7939 0 -1084 6855 , 22706 16673 -23297 18108 6855 16960 , 33148 -3530 3530 0 14760 18290 , 29853 12803 18890 31630 10028 2135 , -1089 -5749 16830 -13072 -168 4388 , 11983 -16830 5749 13072 -12442 5581 , 4598 23297 -16673 -18108 40257 -9818 , 15775 11469 -11469 0 -13676 -25145 , 2.2019264368298325e-07 , 1
2.6034839947284496 , -1777 -18890 -12803 -31630 -16755 -2775 , 33148 -3530 3530 0 14760 18290 , -13072 12442 -5581 -1089 -4388 168 , 10126 -7939 7939 0 -1084 6855 , 29853 12803 18890 31630 10028 2135 , 18108 -40257 9818 22706 -16960 -6855 , -4598 -9818 40257 -22706 -16673 23297 , -11983 5581 -12442 1089 5749 -16830 , 15775 11469 -11469 0 -13676 -25145 , 2.2019264368298328e-07 , 2
2.6034839947284496 , -1777 -18890 -12803 -31630 -16755 -2775 , 33148 -3530 3530 0 14760 18290 , 13072 -12442 5581 1089 4388 -168 , 10126 -7939 7939 0 -1084 6855 , 29853 12803 18890 31630 10028 2135 , -18108 40257 -9818 -22706 16960 6855 , 4598 9818 -40257 22706 16673 -23297 , 11983 -5581 12442 -1089 -5749 16830 , 15775 11469 -11469 0 -13676 -25145 , 2.2019264368298328e-07 , 3
2.6034839947284496 , -1777 -18890 -12803 -31630 -16755 -2775 , 10126 -7939 7939 0 -1084 6855 , 9818 -40257 18108 16673 -23297 -4598 , 33148 -3530 3530 0 14760 18290 , 29853 12803 18890 31630 10028 2135 , -5581 12442 -13072 -5749 16830 -11983 , 168 13072 -12442 5749 1089 4388 , -6855 -18108 40257 -16673 -22706 16960 , 15775 11469 -11469 0 -13676 -25145 , 2.2019264368298328e-07 , 4
2.6034839947284496 , -1777 -18890 -12803 -31630 -16755 -2775 , 10126 -7939 7939 0 -1084 6855 , -9818 40257 -18108 -16673 23297 4598 , 33148 -3530 3530 0 14760 18290 , 29853 12803 18890 31630 10028 2135 , 5581 -12442 13072 5749 -16830 11983 , -168 -13072 12442 -5749 -1089 -4388 , 6855 18108 -40257 16673 22706 -16960 , 15775 11469 -11469 0 -13676 -25145 , 2.2019264368298328e-07 , 5
2.6034839947284496 , -1777 -18890 -12803 -31630 -16755 -2775 , 33148 -3530 3530 0 14760 18290 , 5581 -11983 16830 -168 -13072 12442 , 10126 -7939 7939 0 -1084 6855 , 29853 12803 18890 31630 10028 2135 , -9818 -4598 -23297 6855 18108 -40257 , -16673 23297 4598 -6855 -16960 22706 , 5749 -16830 11983 168 -4388 -1089 , 15775 11469 -11469 0 -13676 -25145 , 2.2019264368411002e-07 , 6
2.6034839947284496 , -1777 -18890 -12803 -31630 -16755 -2775 , 33148 -3530 3530 0 14760 18290 , 1089 4388 -168 -11983 16830 -5749 , 10126 -7939 7939 0 -1084 6855 , 29853 12803 18890 31630 10028 2135 , -22706 16960 6855 -4598 -23297 16673 , -18108 -6855 -16960 4598 9818 -40257 , 13072 168 -4388 11983 -5581 12442 , 15775 11469 -11469 0 -13676 -25145 , 2.2019264368411002e-07 , 7
2.6034839947284496 , -1777 -18890 -12803 -31630 -16755 -2775 , 33148 -3530 3530 0 14760 18290 , -1089 -4388 168 11983 -16830 5749 , 10126 -7939 7939 0 -1084 6855 , 29853 12803 18890 31630 10028 2135 , 22706 -16960 -6855 4598 23297 -16673 , 18108 6855 16960 -4598 -9818 40257 , -13072 -168 4388 -11983 5581 -12442 , 15775 11469 -11469 0 -13676 -25145 , 2.2019264368411002e-07 , 8
2.6034839947284496 , -1777 -18890 -12803 -31630 -16755 -2775 , 33148 -3530 3530 0 14760 18290 , -5581 11983 -16830 168 13072 -12442 , 10126 -7939 7939 0 -1084 6855 , 29853 12803 18890 31630 10028 2135 , 9818 4598 23297 -6855 -18108 40257 , 16673 -23297 -4598 6855 16960 -22706 , -5749 16830 -11983 -168 4388 1089 , 15775 11469 -11469 0 -13676 -25145 , 2.2019264368411002e-07 , 9
2.6034839947284496 , -1777 -18890 -12803 -31630 -16755 -2775 , 10126 -7939 7939 0 -1084 6855 , -16673 23297 4598 -6855 -16960 22706 , 33148 -3530 3530 0 14760 18290 , 29853 12803 18890 31630 10028 2135 , 5749 -16830 11983 168 -4388 -1089 , 5581 -11983 16830 -168 -13072 12442 , -9818 -4598 -23297 6855 18108 -40257 , 15775 11469 -11469 0 -13676 -25145 , 2.2019264368411002e-07 , 10
2.6034839947284496 , -1777 -18890 -12803 -31630 -16755 -2775 , 10126 -7939 7939 0 -1084 6855 , 16673 -23297 -4598 6855 16960 -22706 , 33148 -3530 3530 0 14760 18290 , 29853 12803 18890 31630 10028 2135 , -5749 16830 -11983 -168 4388 1089 , -5581 11983 -16830 168 13072 -12442 , 9818 4598 23297 -6855 -18108 40257 , 15775 11469 -11469 0 -13676 -25145 , 2.2019264368411002e-07 , 11
2.6034839947284496 , -1777 -18890 -12803 -31630 -16755 -2775 , 33148 -3530 3530 0 14760 18290 , 4388 -168 -13072 16830 -5749 -1089 , 10126 -7939 7939 0 -1084 6855 , 29853 12803 18890 31630 10028 2135 , 16960 6855 18108 -23297 16673 22706 , 40257 -18108 -6855 23297 4598 9818 , -12442 13072 168 -16830 11983 -5581 , 15775 11469 -11469 0 -13676 -25145 , 2.2019264368523678e-07 , 12
2.6034839947284496 , -1777 -18890 -12803 -31630 -16755 -2775 , 33148 -3530 3530 0 14760 18290 , -4388 168 13072 -16830 5749 1089 , 10126 -7939 7939 0 -1084 6855 , 29853 12803 18890 31630 10028 2135 , -16960 -6855 -18108 23297 -16673 -22706 , -40257 18108 6855 -23297 -4598 -9818 , 12442 -13072 -168 16830 -11983 5581 , 15775 11469 -11469 0 -13676 -25145 , 2.2019264368523678e-07 , 13
2.6034839947284496 , -1777 -18890 -12803 -31630 -16755 -2775 , 10126 -7939 7939 0 -1084 6855 , -18108 -6855 -16960 4598 9818 -40257 , 33148 -3530 3530 0 14760 18290 , 29853 12803 18890 31630 10028 2135 , 13072 168 -4388 11983 -5581 12442 , 1089 4388 -168 -11983 16830 -5749 , -22706 16960 6855 -4598 -23297 16673 , 15775 11469 -11469 0 -13676 -25145 , 2.2019264368523678e-07 , 14
2.6034839947284496 , -1777 -18890 -12803 -31630 -16755 -2775 , 10126 -7939 7939 0 -1084 6855 , -16960 22706 16673 -40257 18108 6855 , 33148 -3530 3530 0 14760 18290 , 29853 12803 18890 31630 10028 2135 , -4388 -1089 -5749 12442 -13072 -168 , -16830 5749 1089 -12442 5581 -11983 , 23297 -16673 -22706 40257 -9818 -4598 , 15775 11469 -11469 0 -13676 -25145 , 2.2019264368523678e-07 , 15
2.6034839947284496 , -1777 -18890 -12803 -31630 -16755 -2775 , 10126 -7939 7939 0 -1084 6855 , 16960 -22706 -16673 40257 -18108 -6855 , 33148 -3530 3530 0 14760 18290 , 29853 12803 18890 31630 10028 2135 , 4388 1089 5749 -12442 13072 168 , 16830 -5749 -1089 12442 -5581 11983 , -23297 16673 22706 -40257 9818 4598 , 15775 11469 -11469 0 -13676 -25145 , 2.2019264368523678e-07 , 16
2.6034839947284496 , -1777 -18890 -12803 -31630 -16755 -2775 , 10126 -7939 7939 0 -1084 6855 , 18108 6855 16960 -4598 -9818 40257 , 33148 -3530 3530 0 14760 18290 , 29853 12803 18890 31630 10028 2135 , -13072 -168 4388 -11983 5581 -12442 , -1089 -4388 168 11983 -16830 5749 , 22706 -16960 -6855 4598 23297 -16673 , 15775 11469 -11469 0 -13676 -25145 , 2.2019264368523678e-07 , 17
2.6034839947284496 , -1777 -18890 -12803 -31630 -16755 -2775 , 33148 -3530 3530 0 14760 18290 , -12442 5581 -11983 4388 -168 -13072 , 10126 -7939 7939 0 -1084 6855 , 29853 12803 18890 31630 10028 2135 , 40257 -9818 -4598 16960 6855 18108 , 23297 4598 9818 -16960 22706 16673 , -16830 11983 -5581 -4388 -1089 -5749 , 15775 11469 -11469 0 -13676 -25145 , 2.2019264368523681e-07 , 18
2.6034839947284496 , -1777 -18890 -12803 -31630 -16755 -2775 , 33148 -3530 3530 0 14760 18290 , -168 -13072 12442 -5749 -1089 -4388 , 10126 -7939 7939 0 -1084 6855 , 29853 12803 18890 31630 10028 2135 , 6855 18108 -40257 16673 22706 -16960 , -9818 40257 -18108 -16673 23297 4598 , 5581 -12442 13072 5749 -16830 11983 , 15775 11469 -11469 0 -13676 -25145 , 2.2019264368523681e-07 , 19
2.6034839947284496 , -1777 -18890 -12803 -31630 -16755 -2775 , 33148 -3530 3530 0 14760 18290 , -5749 -1089 -4388 -5581 11983 -16830 , 10126 -7939 7939 0 -1084 6855 , 29853 12803 18890 31630 10028 2135 , 16673 22706 -16960 9818 4598 23297 , 6855 16960 -22706 -9818 40257 -18108 , -168 4388 1089 5581 -12442 13072 , 15775 11469 -11469 0 -13676 -25145 , 2.2019264368523681e-07 , 20
2.6034839947284496 , -1777 -18890 -12803 -31630 -16755 -2775 , 33148 -3530 3530 0 14760 18290 , 5749 1089 4388 5581 -11983 16830 , 10126 -7939 7939 0 -1084 6855 , 29853 12803 18890 31630 10028 2135 , -16673 -22706 16960 -9818 -4598 -23297 , -6855 -16960 22706 9818 -40257 18108 , 168 -4388 -1089 -5581 12442 -13072 , 15775 11469 -11469 0 -13676 -25145 , 2.2019264368523681e-07 , 21
2.6034839947284496 , -1777 -18890 -12803 -31630 -16755 -2775 , 33148 -3530 3530 0 14760 18290 , 168 13072 -12442 5749 1089 4388 , 10126 -7939 7939 0 -1084 6855 , 29853 12803 18890 31630 10028 2135 , -6855 -18108 40257 -16673 -22706 16960 , 9818 -40257 18108 16673 -23297 -4598 , -5581 12442 -13072 -5749 16830 -11983 , 15775 11469 -11469 0 -13676 -25145 , 2.2019264368523681e-07 , 22
2.6034839947284496 , -1777 -18890 -12803 -31630 -16755 -2775 , 33148 -3530 3530 0 14760 18290 , 12442 -5581 11983 -4388 168 13072 , 10126 -7939 7939 0 -1084 6855 , 29853 12803 18890 31630 10028 2135 , -40257 9818 4598 -16960 -6855 -18108 , -23297 -4598 -9818 16960 -22706 -16673 , 16830 -11983 5581 4388 1089 5749 , 15775 11469 -11469 0 -13676 -25145 , 2.2019264368523681e-07 , 23
2.6034839947284496 , -1777 -18890 -12803 -31630 -16755 -2775 , 10126 -7939 7939 0 -1084 6855 , -23297 -4598 -9818 16960 -22706 -16673 , 33148 -3530 3530 0 14760 18290 , 29853 12803 18890 31630 10028 2135 , 16830 -11983 5581 4388 1089 5749 , 12442 -5581 11983 -4388 168 13072 , -40257 9818 4598 -16960 -6855 -18108 , 15775 11469 -11469 0 -13676 -25145 , 2.2019264368523681e-07 , 24
2.6034839947284496 , -1777 -18890 -12803 -31630 -16755 -2775 , 10126 -7939 7939 0 -1084 6855 , 23297 4598 9818 -16960 22706 16673 , 33148 -3530 3530 0 14760 18290 , 29853 12803 18890 31630 10028 2135 , -16830 11983 -5581 -4388 -1089 -5749 , -12442 5581 -11983 4388 -168 -13072 , 40257 -9818 -4598 16960 6855 18108 , 15775 11469 -11469 0 -13676 -25145 , 2.2019264368523681e-07 , 25
2.6034839947284496 , -1777 -18890 -12803 -31630 -16755 -2775 , 10126 -7939 7939 0 -1084 6855 , 4598 9818 -40257 22706 16673 -23297 , 33148 -3530 3530 0 14760 18290 , 29853 12803 18890 31630 10028 2135 , 11983 -5581 12442 -1089 -5749 16830 , 13072 -12442 5581 1089 4388 -168 , -18108 40257 -9818 -22706 16960 6855 , 15775 11469 -11469 0 -13676 -25145 , 2.2019264368636355e-07 , 26
2.6034839947284496 , -1777 -18890 -12803 -31630 -16755 -2775 , 10126 -7939 7939 0 -1084 6855 , -4598 -9818 40257 -22706 -16673 23297 , 33148 -3530 3530 0 14760 18290 , 29853 12803 18890 31630 10028 2135 , -11983 5581 -12442 1089 5749 -16830 , -13072 12442 -5581 -1089 -4388 168 , 18108 -40257 9818 22706 -16960 -6855 , 15775 11469 -11469 0 -13676 -25145 , 2.2019264368636355e-07 , 27
2.6034839947284496 , -1777 -18890 -12803 -31630 -16755 -2775 , 33148 -3530 3530 0 14760 18290 , -11983 16830 -5749 -13072 12442 -5581 , 10126 -7939 7939 0 -1084 6855 , 29853 12803 18890 31630 10028 2135 , -4598 -23297 16673 18108 -40257 9818 , -22706 -16673 23297 -18108 -6855 -16960 , 1089 5749 -16830 13072 168 -4388 , 15775 11469 -11469 0 -13676 -25145 , 2.2019264368636358e-07 , 28
2.6034839947284496 , -1777 -18890 -12803 -31630 -16755 -2775 , 33148 -3530 3530 0 14760 18290 , 11983 -16830 5749 13072 -12442 5581 , 10126 -7939 7939 0 -1084 6855 , 29853 12803 18890 31630 10028 2135 , 4598 23297 -16673 -18108 40257 -9818 , 22706 16673 -23297 18108 6855 16960 , -1089 -5749 16830 -13072 -168 4388 , 15775 11469 -11469 0 -13676 -25145 , 2.2019264368636358e-07 , 29
2.6034839947284496 , -1777 -18890 -12803 -31630 -16755 -2775 , 10126 -7939 7939 0 -1084 6855 , -6855 -16960 22706 9818 -40257 18108 , 33148 -3530 3530 0 14760 18290 , 29853 12803 18890 31630 10028 2135 , 168 -4388 -1089 -5581 12442 -13072 , 5749 1089 4388 5581 -11983 16830 , -16673 -22706 16960 -9818 -4598 -23297 , 15775 11469 -11469 0 -13676 -25145 , 2.201926436863636e-07 , 30
2.6034839947284496 , -1777 -18890 -12803 -31630 -16755 -2775 , 10126 -7939 7939 0 -1084 6855 , 6855 16960 -22706 -9818 40257 -18108 , 33148 -3530 3530 0 14760 18290 , 29853 12803 18890 31630 10028 2135 , -168 4388 1089 5581 -12442 13072 , -5749 -1089 -4388 -5581 11983 -16830 , 16673 22706 -16960 9818 4598 23297 , 15775 11469 -11469 0 -13676 -25145 , 2.201926436863636e-07 , 31
2.6034839947284496 , -1777 -18890 -12803 -31630 -16755 -2775 , 10126 -7939 7939 0 -1084 6855 , -40257 18108 6855 -23297 -4598 -9818 , 33148 -3530 3530 0 14760 18290 , 29853 12803 18890 31630 10028 2135 , 12442 -13072 -168 16830 -11983 5581 , -4388 168 13072 -16830 5749 1089 , -16960 -6855 -18108 23297 -16673 -22706 , 15775 11469 -11469 0 -13676 -25145 , 2.2019264368861711e-07 , 32
2.6034839947284496 , -1777 -18890 -12803 -31630 -16755 -2775 , 10126 -7939 7939 0 -1084 6855 , 40257 -18108 -6855 23297 4598 9818 , 33148 -3530 3530 0 14760 18290 , 29853 12803 18890 31630 10028 2135 , -12442 13072 168 -16830 11983 -5581 , 4388 -168 -13072 16830 -5749 -1089 , 16960 6855 18108 -23297 16673 22706 , 15775 11469 -11469 0 -13676 -25145 , 2.2019264368861711e-07 , 33
2.6034839947284496 , -1777 -18890 -12803 -31630 -16755 -2775 , 33148 -3530 3530 0 14760 18290 , 16830 -5749 -1089 12442 -5581 11983 , 10126 -7939 7939 0 -1084 6855 , 29853 12803 18890 31630 10028 2135 , -23297 16673 22706 -40257 9818 4598 , 16960 -22706 -16673 40257 -18108 -6855 , 4388 1089 5749 -12442 13072 168 , 15775 11469 -11469 0 -13676 -25145 , 2.2019264368974387e-07 , 34
2.6034839947284496 , -1777 -18890 -12803 -31630 -16755 -2775 , 33148 -3530 3530 0 14760 18290 , -16830 5749 1089 -12442 5581 -11983 , 10126 -7939 7939 0 -1084 6855 , 29853 12803 18890 31630 10028 2135 , 23297 -16673 -22706 40257 -9818 -4598 , -16960 22706 16673 -40257 18108 6855 , -4388 -1089 -5749 12442 -13072 -168 , 15775 11469 -11469 0 -13676 -25145 , 2.2019264368974387e-07 , 35
2.7109878147275914 , -11735 -21012 -23757 -20565 -22592 -13898 , 38212 -8100 8100 0 13729 21829 , 2081 2399 -7727 3470 4925 -4029 , 5062 -3369 3369 0 -53 3316 , 8830 23757 21012 20565 9859 -1580 , -616 8732 -42626 25208 13835 -28662 , -25824 42626 -8732 -25208 13964 5103 , -1389 7727 -2399 -3470 3698 2526 , 15775 11469 -11469 0 -13676 -25145 , 2.2018905050610217e-07 , 0
2.7109878147275914 , -11735 -21012 -23757 -20565 -22592 -13898 , 38212 -8100 8100 0 13729 21829 , -4029 -2081 -2399 3698 -3470 -4925 , 5062 -3369 3369 0 -53 3316 , 8830 23757 21012 20565 9859 -1580 , -28662 616 -8732 13964 -25208 -13835 , -42626 8732 -616 -13964 -5103 -25824 , -7727 2399 2081 -3698 -2526 -1389 , 15775 11469 -11469 0 -13676 -25145 , 2.2018905050610217e-07 , 1
2.7109878147275914 , -11735 -21012 -23757 -20565 -22592 -13898 , 38212 -8100 8100 0 13729 21829 , 4029 2081 2399 -3698 3470 4925 , 5062 -3369 3369 0 -53 3316 , 8830 23757 21012 20565 9859 -1580 , 28662 -616 8732 -13964 25208 13835 , 42626 -8732 616 13964 5103 25824 , 7727 -2399 -2081 3698 2526 1389 , 15775 11469 -11469 0 -13676 -25145 , 2.2018905050610217e-07 , 2
2.7109878147275914 , -11735 -21012 -23757 -20565 -22592 -13898 , 38212 -8100 8100 0 13729 21829 , -2081 -2399 7727 -3470 -4925 4029 , 5062 -3369 3369 0 -53 3316 , 8830 23757 21012 20565 9859 -1580 , 616 -8732 42626 -25208 -13835 28662 , 25824 -42626 8732 25208 -13964 -5103 , 1389 -7727 2399 3470 -3698 -2526 , 15775 11469 -11469 0 -13676 -25145 , 2.2018905050610217e-07 , 3
2.7109878147275914 , -11735 -21012 -23757 -20565 -22592 -13898 , 5062 -3369 3369 0 -53 3316 , -13964 -5103 -25824 28662 -13835 -25208 , 38212 -8100 8100 0 13729 21829 , 8830 23757 21012 20565 9859 -1580 , -3698 -2526 -1389 4029 -4925 -3470 , -7727 1389 2526 -4029 -2081 -2399 , -42626 25824 5103 -28662 616 -8732 , 15775 11469 -11469 0 -13676 -25145 , 2.2018905050610217e-07 , 4
2.7109878147275914 , -11735 -21012 -23757 -20565 -22592 -13898 , 5062 -3369 3369 0 -53 3316 , -42626 8732 -616 -13964 -5103 -25824 , 38212 -8100 8100 0 13729 21829 , 8830 23757 21012 20565 9859 -1580 , -7727 2399 2081 -3698 -2526 -1389 , -4029 -2081 -2399 3698 -3470 -4925 , -28662 616 -8732 13964 -25208 -13835 , 15775 11469 -11469 0 -13676 -25145 , 2.2018905050610217e-07 , 5
2.7109878147275914 , -11735 -21012 -23757 -20565 -22592 -13898 , 5062 -3369 3369 0 -53 3316 , 42626 -8732 616 13964 5103 25824 , 38212 -8100 8100 0 13729 21829 , 8830 23757 21012 20565 9859 -1580 , 7727 -2399 -2081 3698 2526 1389 , 4029 2081 2399 -3698 3470 4925 , 28662 -616 8732 -13964 25208 13835 , 15775 11469 -11469 0 -13676 -25145 , 2.2018905050610217e-07 , 6
2.7109878147275914 , -11735 -21012 -23757 -20565 -22592 -13898 , 5062 -3369 3369 0 -53 3316 , 13964 5103 25824 -28662 13835 25208 , 38212 -8100 8100 0 13729 21829 , 8830 23757 21012 20565 9859 -1580 , 3698 2526 1389 -4029 4925 3470 , 7727 -1389 -2526 4029 2081 2399 , 42626 -25824 -5103 28662 -616 8732 , 15775 11469 -11469 0 -13676 -25145 , 2.2018905050610217e-07 , 7
2.7109878147275914 , -11735 -21012 -23757 -20565 -22592 -13898 , 5062 -3369 3369 0 -53 3316 , -25824 42626 -8732 -25208 13964 5103 , 38212 -8100 8100 0 13729 21829 , 8830 23757 21012 20565 9859 -1580 , -1389 7727 -2399 -3470 3698 2526 , 2081 2399 -7727 3470 4925 -4029 , -616 8732 -42626 25208 13835 -28662 , 15775 11469 -11469 0 -13676 -25145 , 2.2018905050644315e-07 , 8
2.7109878147275914 , -11735 -21012 -23757 -20565 -22592 -13898 , 5062 -3369 3369 0 -53 3316 , 25824 -42626 8732 25208 -13964 -5103 , 38212 -8100 8100 0 13729 21829 , 8830 23757 21012 20565 9859 -1580 , 1389 -7727 2399 3470 -3698 -2526 , -2081 -2399 7727 -3470 -4925 4029 , 616 -8732 42626 -25208 -13835 28662 , 15775 11469 -11469 0 -13676 -25145 , 2.2018905050644315e-07 , 9
2.7109878147275914 , -11735 -21012 -23757 -20565 -22592 -13898 , 38212 -8100 8100 0 13729 21829 , 2399 -7727 1389 4925 -4029 -2081 , 5062 -3369 3369 0 -53 3316 , 8830 23757 21012 20565 9859 -1580 , 8732 -42626 25824 13835 -28662 616 , -5103 -25824 42626 -13835 -25208 13964 , -2526 -1389 7727 -4925 -3470 3698 , 15775 11469 -11469 0 -13676 -25145 , 2.2018905050678411e-07 , 10
2.7109878147275914 , -11735 -21012 -23757 -20565 -22592 -13898 , 38212 -8100 8100 0 13729 21829 , -2399 7727 -1389 -4925 4029 2081 , 5062 -3369 3369 0 -53 3316 , 8830 23757 21012 20565 9859 -1580 , -8732 42626 -25824 -13835 28662 -616 , 5103 25824 -42626 13835 25208 -13964 , 2526 1389 -7727 4925 3470 -3698 , 15775 11469 -11469 0 -13676 -25145 , 2.2018905050678411e-07 , 11
2.7109878147275914 , -11735 -21012 -23757 -20565 -22592 -13898 , 38212 -8100 8100 0 13729 21829 , -3698 3470 4925 -7727 1389 2526 , 5062 -3369 3369 0 -53 3316 , 8830 23757 21012 20565 9859 -1580 , -13964 25208 13835 -42626 25824 5103 , 28662 -13835 -25208 42626 -8732 616 , 4029 -4925 -3470 7727 -2399 -2081 , 15775 11469 -11469 0 -13676 -25145 , 2.2018905050678414e-07 , 12
2.7109878147275914 , -11735 -21012 -23757 -20565 -22592 -13898 , 38212 -8100 8100 0 13729 21829 , 3698 -3470 -4925 7727 -1389 -2526 , 5062 -3369 3369 0 -53 3316 , 8830 23757 21012 20565 9859 -1580 , 13964 -25208 -13835 42626 -25824 -5103 , -28662 13835 25208 -42626 8732 -616 , -4029 4925 3470 -7727 2399 2081 , 15775 11469 -11469 0 -13676 -25145 , 2.2018905050678414e-07 , 13
2.7109878147275914 , -11735 -21012 -23757 -20565 -22592 -13898 , 5062 -3369 3369 0 -53 3316 , -25208 13964 5103 616 -28662 13835 , 38212 -8100 8100 0 13729 21829 , 8830 23757 21012 20565 9859 -1580 , -3470 3698 2526 -2081 -4029 4925 , -1389 -2526 -3698 2081 2399 -7727 , -25824 -5103 -13964 -616 8732 -42626 , 15775 11469 -11469 0 -13676 -25145 , 2.2018905050678414e-07 , 14
2.7109878147275914 , -11735 -21012 -23757 -20565 -22592 -13898 , 5062 -3369 3369 0 -53 3316 , 25208 -13964 -5103 -616 28662 -13835 , 38212 -8100 8100 0 13729 21829 , 8830 23757 21012 20565 9859 -1580 , 3470 -3698 -2526 2081 4029 -4925 , 1389 2526 3698 -2081 -2399 7727 , 25824 5103 13964 616 -8732 42626 , 15775 11469 -11469 0 -13676 -25145 , 2.2018905050678414e-07 , 15
2.7109878147275914 , -11735 -21012 -23757 -20565 -22592 -13898 , 5062 -3369 3369 0 -53 3316 , -5103 -25824 42626 -13835 -25208 13964 , 38212 -8100 8100 0 13729 21829 , 8830 23757 21012 20565 9859 -1580 , -2526 -1389 7727 -4925 -3470 3698 , 2399 -7727 1389 4925 -4029 -2081 , 8732 -42626 25824 13835 -28662 616 , 15775 11469 -11469 0 -13676 -25145 , 2.2018905050712509e-07 , 16
2.7109878147275914 , -11735 -21012 -23757 -20565 -22592 -13898 , 5062 -3369 3369 0 -53 3316 , 5103 25824 -42626 13835 25208 -13964 , 38212 -8100 8100 0 13729 21829 , 8830 23757 21012 20565 9859 -1580 , 2526 1389 -7727 4925 3470 -3698 , -2399 7727 -1389 -4925 4029 2081 , -8732 42626 -25824 -13835 28662 -616 , 15775 11469 -11469 0 -13676 -25145 , 2.2018905050712509e-07 , 17
2.7109878147275914 , -11735 -21012 -23757 -20565 -22592 -13898 , 5062 -3369 3369 0 -53 3316 , 616 -28662 13835 25824 -42626 8732 , 38212 -8100 8100 0 13729 21829 , 8830 23757 21012 20565 9859 -1580 , -2081 -4029 4925 1389 -7727 2399 , -3470 -4925 4029 -1389 -2526 -3698 , -25208 -13835 28662 -25824 -5103 -13964 , 15775 11469 -11469 0 -13676 -25145 , 2.2018905050746608e-07 , 18
2.7109878147275914 , -11735 -21012 -23757 -20565 -22592 -13898 , 5062 -3369 3369 0 -53 3316 , -616 28662 -13835 -25824 42626 -8732 , 38212 -8100 8100 0 13729 21829 , 8830 23757 21012 20565 9859 -1580 , 2081 4029 -4925 -1389 7727 -2399 , 3470 4925 -4029 1389 2526 3698 , 25208 13835 -28662 25824 5103 13964 , 15775 11469 -11469 0 -13676 -25145 , 2.2018905050746608e-07 , 19
2.7109878147275914 , -11735 -21012 -23757 -20565 -22592 -13898 , 38212 -8100 8100 0 13729 21829 , -7727 1389 2526 -4029 -2081 -2399 , 5062 -3369 3369 0 -53 3316 , 8830 23757 21012 20565 9859 -1580 , -42626 25824 5103 -28662 616 -8732 , -13964 -5103 -25824 28662 -13835 -25208 , -3698 -2526 -1389 4029 -4925 -3470 , 15775 11469 -11469 0 -13676 -25145 , 2.201890505074661e-07 , 20
2.7109878147275914 , -11735 -21012 -23757 -20565 -22592 -13898 , 38212 -8100 8100 0 13729 21829 , 7727 -1389 -2526 4029 2081 2399 , 5062 -3369 3369 0 -53 3316 , 8830 23757 21012 20565 9859 -1580 , 42626 -25824 -5103 28662 -616 8732 , 13964 5103 25824 -28662 13835 25208 , 3698 2526 1389 -4029 4925 3470 , 15775 11469 -11469 0 -13676 -25145 , 2.201890505074661e-07 , 21
2.7109878147275914 , -11735 -21012 -23757 -20565 -22592 -13898 , 5062 -3369 3369 0 -53 3316 , 28662 -13835 -25208 42626 -8732 616 , 38212 -8100 8100 0 13729 21829 , 8830 23757 21012 20565 9859 -1580 , 4029 -4925 -3470 7727 -2399 -2081 , -3698 3470 4925 -7727 1389 2526 , -13964 25208 13835 -42626 25824 5103 , 15775 11469 -11469 0 -13676 -25145 , 2.201890505074661e-07 , 22
2.7109878147275914 , -11735 -21012 -23757 -20565 -22592 -13898 , 5062 -3369 3369 0 -53 3316 , -28662 13835 25208 -42626 8732 -616 , 38212 -8100 8100 0 13729 21829 , 8830 23757 21012 20565 9859 -1580 , -4029 4925 3470 -7727 2399 2081 , 3698 -3470 -4925 7727 -1389 -2526 , 13964 -25208 -13835 42626 -25824 -5103 , 15775 11469 -11469 0 -13676 -25145 , 2.201890505074661e-07 , 23
2.7109878147275914 , -11735 -21012 -23757 -20565 -22592 -13898 , 38212 -8100 8100 0 13729 21829 , 4925 -4029 -2081 2526 3698 -3470 , 5062 -3369 3369 0 -53 3316 , 8830 23757 21012 20565 9859 -1580 , 13835 -28662 616 5103 13964 -25208 , 8732 -616 28662 -5103 -25824 42626 , 2399 2081 4029 -2526 -1389 7727 , 15775 11469 -11469 0 -13676 -25145 , 2.2018905050780709e-07 , 24
2.7109878147275914 , -11735 -21012 -23757 -20565 -22592 -13898 , 38212 -8100 8100 0 13729 21829 , -4925 4029 2081 -2526 -3698 3470 , 5062 -3369 3369 0 -53 3316 , 8830 23757 21012 20565 9859 -1580 , -13835 28662 -616 -5103 -13964 25208 , -8732 616 -28662 5103 25824 -42626 , -2399 -2081 -4029 2526 1389 -7727 , 15775 11469 -11469 0 -13676 -25145 , 2.2018905050780709e-07 , 25
2.7109878147275914 , -11735 -21012 -23757 -20565 -22592 -13898 , 5062 -3369 3369 0 -53 3316 , -8732 616 -28662 5103 25824 -42626 , 38212 -8100 8100 0 13729 21829 , 8830 23757 21012 20565 9859 -1580 , -2399 -2081 -4029 2526 1389 -7727 , -4925 4029 2081 -2526 -3698 3470 , -13835 28662 -616 -5103 -13964 25208 , 15775 11469 -11469 0 -13676 -25145 , 2.2018905050814805e-07 , 26
2.7109878147275914 , -11735 -21012 -23757 -20565 -22592 -13898 , 5062 -3369 3369 0 -53 3316 , 8732 -616 28662 -5103 -25824 42626 , 38212 -8100 8100 0 13729 21829 , 8830 23757 21012 20565 9859 -1580 , 2399 2081 4029 -2526 -1389 7727 , 4925 -4029 -2081 2526 3698 -3470 , 13835 -28662 616 5103 13964 -25208 , 15775 11469 -11469 0 -13676 -25145 , 2.2018905050814805e-07 , 27
2.7109878147275914 , -11735 -21012 -23757 -20565 -22592 -13898 , 38212 -8100 8100 0 13729 21829 , 3470 4925 -4029 1389 2526 3698 , 5062 -3369 3369 0 -53 3316 , 8830 23757 21012 20565 9859 -1580 , 25208 13835 -28662 25824 5103 13964 , -616 28662 -13835 -25824 42626 -8732 , 2081 4029 -4925 -1389 7727 -2399 , 15775 11469 -11469 0 -13676 -25145 , 2.2018905050814807e-07 , 28
2.7109878147275914 , -11735 -21012 -23757 -20565 -22592 -13898 , 38212 -8100 8100 0 13729 21829 , -2526 -3698 3470 2399 -7727 1389 , 5062 -3369 3369 0 -53 3316 , 8830 23757 21012 20565 9859 -1580 , -5103 -13964 25208 8732 -42626 25824 , -13835 -25208 13964 -8732 616 -28662 , -4925 -3470 3698 -2399 -2081 -4029 , 15775 11469 -11469 0 -13676 -25145 , 2.2018905050814807e-07 , 29
2.7109878147275914 , -11735 -21012 -23757 -20565 -22592 -13898 , 38212 -8100 8100 0 13729 21829 , 2526 3698 -3470 -2399 7727 -1389 , 5062 -3369 3369 0 -53 3316 , 8830 23757 21012 20565 9859 -1580 , 5103 13964 -25208 -8732 42626 -25824 , 13835 25208 -13964 8732 -616 28662 , 4925 3470 -3698 2399 2081 4029 , 15775 11469 -11469 0 -13676 -25145 , 2.2018905050814807e-07 , 30
2.7109878147275914 , -11735 -21012 -23757 -20565 -22592 -13898 , 38212 -8100 8100 0 13729 21829 , -3470 -4925 4029 -1389 -2526 -3698 , 5062 -3369 3369 0 -53 3316 , 8830 23757 21012 20565 9859 -1580 , -25208 -13835 28662 -25824 -5103 -13964 , 616 -28662 13835 25824 -42626 8732 , -2081 -4029 4925 1389 -7727 2399 , 15775 11469 -11469 0 -13676 -25145 , 2.2018905050814807e-07 , 31
2.7109878147275914 , -11735 -21012 -23757 -20565 -22592 -13898 , 38212 -8100 8100 0 13729 21829 , 1389 2526 3698 -2081 -2399 7727 , 5062 -3369 3369 0 -53 3316 , 8830 23757 21012 20565 9859 -1580 , 25824 5103 13964 616 -8732 42626 , 25208 -13964 -5103 -616 28662 -13835 , 3470 -3698 -2526 2081 4029 -4925 , 15775 11469 -11469 0 -13676 -25145 , 2.2018905050951198e-07 , 32
2.7109878147275914 , -11735 -21012 -23757 -20565 -22592 -13898 , 38212 -8100 8100 0 13729 21829 , -1389 -2526 -3698 2081 2399 -7727 , 5062 -3369 3369 0 -53 3316 , 8830 23757 21012 20565 9859 -1580 , -25824 -5103 -13964 -616 8732 -42626 , -25208 13964 5103 616 -28662 13835 , -3470 3698 2526 -2081 -4029 4925 , 15775 11469 -11469 0 -13676 -25145 , 2.2018905050951198e-07 , 33
2.7109878147275914 , -11735 -21012 -23757 -20565 -22592 -13898 , 5062 -3369 3369 0 -53 3316 , -13835 -25208 13964 -8732 616 -28662 , 38212 -8100 8100 0 13729 21829 , 8830 23757 21012 20565 9859 -1580 , -4925 -3470 3698 -2399 -2081 -4029 , -2526 -3698 3470 2399 -7727 1389 , -5103 -13964 25208 8732 -42626 25824 , 15775 11469 -11469 0 -13676 -25145 , 2.2018905051087589e-07 , 34
2.7109878147275914 , -11735 -21012 -23757 -20565 -22592 -13898 , 5062 -3369 3369 0 -53 3316 , 13835 25208 -13964 8732 -616 28662 , 38212 -8100 8100 0 13729 21829 , 8830 23757 21012 20565 9859 -1580 , 4925 3470 -3698 2399 2081 4029 , 2526 3698 -3470 -2399 7727 -1389 , 5103 13964 -25208 -8732 42626 -25824 , 15775 11469 -11469 0 -13676 -25145 , 2.2018905051087589e-07 , 35
2.814156061839654 , -9043 -29030 -18414 -22174 -20874 -14261 , 20416 -18999 18999 0 -4625 14374 , -24098 16286 15308 -23132 -6672 9441 , 22858 7530 -7530 0 18301 10771 , 13131 18414 29030 22174 4153 8156 , 12887 -1357 4293 14199 -19959 25805 , -1312 -4293 1357 -14199 21512 -18602 , -966 -15308 -16286 23132 -5867 -22958 , 15775 11469 -11469 0 -13676 -25145 , 2.2018704415937821e-07 , 0
2.814156061839654 , -9043 -29030 -18414 -22174 -20874 -14261 , 20416 -18999 18999 0 -4625 14374 , 24098 -16286 -15308 23132 6672 -9441 , 22858 7530 -7530 0 18301 10771 , 13131 18414 29030 22174 4153 8156 , -12887 1357 -4293 -14199 19959 -25805 , 1312 4293 -1357 14199 -21512 18602 , 966 15308 16286 -23132 5867 22958 , 15775 11469 -11469 0 -13676 -25145 , 2.2018704415937821e-07 , 1
2.814156061839654 , -9043 -29030 -18414 -22174 -20874 -14261 , 22858 7530 -7530 0 18301 10771 , -12887 25805 -19959 1312 4293 -1357 , 20416 -18999 18999 0 -4625 14374 , 13131 18414 29030 22174 4153 8156 , 24098 9441 -6672 966 15308 16286 , 23132 6672 -9441 -966 22958 5867 , -14199 19959 -25805 -1312 18602 -21512 , 15775 11469 -11469 0 -13676 -25145 , 2.2018704415937821e-07 , 2
2.814156061839654 , -9043 -29030 -18414 -22174 -20874 -14261 , 22858 7530 -7530 0 18301 10771 , 12887 -25805 19959 -1312 -4293 1357 , 20416 -18999 18999 0 -4625 14374 , 13131 18414 29030 22174 4153 8156 , -24098 -9441 6672 -966 -15308 -16286 , -23132 -6672 9441 966 -22958 -5867 , 14199 -19959 25805 1312 -18602 21512 , 15775 11469 -11469 0 -13676 -25145 , 2.2018704415937821e-07 , 3
2.814156061839654 , -9043 -29030 -18414 -22174 -20874 -14261 , 22858 7530 -7530 0 18301 10771 , -25805 19959 -14199 -4293 1357 -12887 , 20416 -18999 18999 0 -4625 14374 , 13131 18414 29030 22174 4153 8156 , -9441 6672 23132 -15308 -16286 24098 , 5867 -23132 -6672 15308 966 -22958 , -21512 14199 -19959 4293 1312 -18602 , 15775 11469 -11469 0 -13676 -25145 , 2.2018704415937823e-07 , 4
2.814156061839654 , -9043 -29030 -18414 -22174 -20874 -14261 , 22858 7530 -7530 0 18301 10771 , 25805 -19959 14199 4293 -1357 12887 , 20416 -18999 18999 0 -4625 14374 , 13131 18414 29030 22174 4153 8156 , 9441 -6672 -23132 15308 16286 -24098 , -5867 23132 6672 -15308 -966 22958 , 21512 -14199 19959 -4293 -1312 18602 , 15775 11469 -11469 0 -13676 -25145 , 2.2018704415937823e-07 , 5
2.814156061839654 , -9043 -29030 -18414 -22174 -20874 -14261 , 20416 -18999 18999 0 -4625 14374 , -22958 -5867 23132 -16286 -15308 -966 , 22858 7530 -7530 0 18301 10771 , 13131 18414 29030 22174 4153 8156 , -18602 21512 -14199 1357 -4293 -1312 , -19959 14199 -21512 -1357 12887 -25805 , -6672 -23132 5867 16286 -24098 -9441 , 15775 11469 -11469 0 -13676 -25145 , 2.2018704415950402e-07 , 6
2.814156061839654 , -9043 -29030 -18414 -22174 -20874 -14261 , 20416 -18999 18999 0 -4625 14374 , 22958 5867 -23132 16286 15308 966 , 22858 7530 -7530 0 18301 10771 , 13131 18414 29030 22174 4153 8156 , 18602 -21512 14199 -1357 4293 1312 , 19959 -14199 21512 1357 -12887 25805 , 6672 23132 -5867 -16286 24098 9441 , 15775 11469 -11469 0 -13676 -25145 , 2.2018704415950402e-07 , 7
2.814156061839654 , -9043 -29030 -18414 -22174 -20874 -14261 , 20416 -18999 18999 0 -4625 14374 , -9441 -24098 16286 5867 -23132 -6672 , 22858 7530 -7530 0 18301 10771 , 13131 18414 29030 22174 4153 8156 , -25805 12887 -1357 -21512 14199 -19959 , -4293 1357 -12887 21512 -18602 1312 , -15308 -16286 24098 -5867 -22958 966 , 15775 11469 -11469 0 -13676 -25145 , 2.2018704415962978e-07 , 8
2.814156061839654 , -9043 -29030 -18414 -22174 -20874 -14261 , 20416 -18999 18999 0 -4625 14374 , -16286 -15308 -966 6672 -9441 -24098 , 22858 7530 -7530 0 18301 10771 , 13131 18414 29030 22174 4153 8156 , 1357 -4293 -1312 19959 -25805 12887 , -18602 1312 4293 -19959 14199 -21512 , -22958 966 15308 -6672 -23132 5867 , 15775 11469 -11469 0 -13676 -25145 , 2.2018704415962978e-07 , 9
2.814156061839654 , -9043 -29030 -18414 -22174 -20874 -14261 , 20416 -18999 18999 0 -4625 14374 , -23132 -6672 9441 966 -22958 -5867 , 22858 7530 -7530 0 18301 10771 , 13131 18414 29030 22174 4153 8156 , 14199 -19959 25805 1312 -18602 21512 , 12887 -25805 19959 -1312 -4293 1357 , -24098 -9441 6672 -966 -15308 -16286 , 15775 11469 -11469 0 -13676 -25145 , 2.2018704415962978e-07 , 10
2.814156061839654 , -9043 -29030 -18414 -22174 -20874 -14261 , 20416 -18999 18999 0 -4625 14374 , -966 22958 5867 -24098 16286 15308 , 22858 7530 -7530 0 18301 10771 , 13131 18414 29030 22174 4153 8156 , -1312 18602 -21512 12887 -1357 4293 , -14199 21512 -18602 -12887 25805 -19959 , 23132 -5867 -22958 24098 9441 -6672 , 15775 11469 -11469 0 -13676 -25145 , 2.2018704415962978e-07 , 11
2.814156061839654 , -9043 -29030 -18414 -22174 -20874 -14261 , 20416 -18999 18999 0 -4625 14374 , 966 -22958 -5867 24098 -16286 -15308 , 22858 7530 -7530 0 18301 10771 , 13131 18414 29030 22174 4153 8156 , 1312 -18602 21512 -12887 1357 -4293 , 14199 -21512 18602 12887 -25805 19959 , -23132 5867 22958 -24098 -9441 6672 , 15775 11469 -11469 0 -13676 -25145 , 2.2018704415962978e-07 , 12
2.814156061839654 , -9043 -29030 -18414 -22174 -20874 -14261 , 20416 -18999 18999 0 -4625 14374 , 23132 6672 -9441 -966 22958 5867 , 22858 7530 -7530 0 18301 10771 , 13131 18414 29030 22174 4153 8156 , -14199 19959 -25805 -1312 18602 -21512 , -12887 25805 -19959 1312 4293 -1357 , 24098 9441 -6672 966 15308 16286 , 15775 11469 -11469 0 -13676 -25145 , 2.2018704415962978e-07 , 13
2.814156061839654 , -9043 -29030 -18414 -22174 -20874 -14261 , 20416 -18999 18999 0 -4625 14374 , 16286 15308 966 -6672 9441 24098 , 22858 7530 -7530 0 18301 10771 , 13131 18414 29030 22174 4153 8156 , -1357 4293 1312 -19959 25805 -12887 , 18602 -1312 -4293 19959 -14199 21512 , 22958 -966 -15308 6672 23132 -5867 , 15775 11469 -11469 0 -13676 -25145 , 2.2018704415962978e-07 , 14
2.814156061839654 , -9043 -29030 -18414 -22174 -20874 -14261 , 20416 -18999 18999 0 -4625 14374 , 9441 24098 -16286 -5867 23132 6672 , 22858 7530 -7530 0 18301 10771 , 13131 18414 29030 22174 4153 8156 , 25805 -12887 1357 21512 -14199 19959 , 4293 -1357 12887 -21512 18602 -1312 , 15308 16286 -24098 5867 22958 -966 , 15775 11469 -11469 0 -13676 -25145 , 2.2018704415962978e-07 , 15
2.814156061839654 , -9043 -29030 -18414 -22174 -20874 -14261 , 22858 7530 -7530 0 18301 10771 , 21512 -18602 1312 25805 -19959 14199 , 20416 -18999 18999 0 -4625 14374 , 13131 18414 29030 22174 4153 8156 , -5867 -22958 966 9441 -6672 -23132 , -15308 -966 22958 -9441 -24098 16286 , -4293 -1312 18602 -25805 12887 -1357 , 15775 11469 -11469 0 -13676 -25145 , 2.2018704415962978e-07 , 16
2.814156061839654 , -9043 -29030 -18414 -22174 -20874 -14261 , 22858 7530 -7530 0 18301 10771 , -21512 18602 -1312 -25805 19959 -14199 , 20416 -18999 18999 0 -4625 14374 , 13131 18414 29030 22174 4153 8156 , 5867 22958 -966 -9441 6672 23132 , 15308 966 -22958 9441 24098 -16286 , 4293 1312 -18602 25805 -12887 1357 , 15775 11469 -11469 0 -13676 -25145 , 2.2018704415962978e-07 , 17
2.814156061839654 , -9043 -29030 -18414 -22174 -20874 -14261 , 20416 -18999 18999 0 -4625 14374 , -15308 -966 22958 -9441 -24098 16286 , 22858 7530 -7530 0 18301 10771 , 13131 18414 29030 22174 4153 8156 , -4293 -1312 18602 -25805 12887 -1357 , 21512 -18602 1312 25805 -19959 14199 , -5867 -22958 966 9441 -6672 -23132 , 15775 11469 -11469 0 -13676 -25145 , 2.201870441596298e-07 , 18
2.814156061839654 , -9043 -29030 -18414 -22174 -20874 -14261 , 20416 -18999 18999 0 -4625 14374 , 15308 966 -22958 9441 24098 -16286 , 22858 7530 -7530 0 18301 10771 , 13131 18414 29030 22174 4153 8156 , 4293 1312 -18602 25805 -12887 1357 , -21512 18602 -1312 -25805 19959 -14199 , 5867 22958 -966 -9441 6672 23132 , 15775 11469 -11469 0 -13676 -25145 , 2.201870441596298e-07 , 19
2.814156061839654 , -9043 -29030 -18414 -22174 -20874 -14261 , 22858 7530 -7530 0 18301 10771 , -18602 1312 4293 -19959 14199 -21512 , 20416 -18999 18999 0 -4625 14374 , 13131 18414 29030 22174 4153 8156 , -22958 966 15308 -6672 -23132 5867 , -16286 -15308 -966 6672 -9441 -24098 , 1357 -4293 -1312 19959 -25805 12887 , 15775 11469 -11469 0 -13676 -25145 , 2.201870441596298e-07 , 20
2.814156061839654 , -9043 -29030 -18414 -22174 -20874 -14261 , 22858 7530 -7530 0 18301 10771 , -1357 12887 -25805 18602 -1312 -4293 , 20416 -18999 18999 0 -4625 14374 , 13131 18414 29030 22174 4153 8156 , 16286 -24098 -9441 22958 -966 -15308 , -6672 9441 24098 -22958 -5867 23132 , -19959 25805 -12887 -18602 21512 -14199 , 15775 11469 -11469 0 -13676 -25145 , 2.201870441596298e-07 , 21
2.814156061839654 , -9043 -29030 -18414 -22174 -20874 -14261 , 22858 7530 -7530 0 18301 10771 , 1357 -12887 25805 -18602 1312 4293 , 20416 -18999 18999 0 -4625 14374 , 13131 18414 29030 22174 4153 8156 , -16286 24098 9441 -22958 966 15308 , 6672 -9441 -24098 22958 5867 -23132 , 19959 -25805 12887 18602 -21512 14199 , 15775 11469 -11469 0 -13676 -25145 , 2.201870441596298e-07 , 22
2.814156061839654 , -9043 -29030 -18414 -22174 -20874 -14261 , 22858 7530 -7530 0 18301 10771 , 18602 -1312 -4293 19959 -14199 21512 , 20416 -18999 18999 0 -4625 14374 , 13131 18414 29030 22174 4153 8156 , 22958 -966 -15308 6672 23132 -5867 , 16286 15308 966 -6672 9441 24098 , -1357 4293 1312 -19959 25805 -12887 , 15775 11469 -11469 0 -13676 -25145 , 2.201870441596298e-07 , 23
2.814156061839654 , -9043 -29030 -18414 -22174 -20874 -14261 , 22858 7530 -7530 0 18301 10771 , 1312 4293 -1357 14199 -21512 18602 , 20416 -18999 18999 0 -4625 14374 , 13131 18414 29030 22174 4153 8156 , 966 15308 16286 -23132 5867 22958 , 24098 -16286 -15308 23132 6672 -9441 , -12887 1357 -4293 -14199 19959 -25805 , 15775 11469 -11469 0 -13676 -25145 , 2.2018704415988135e-07 , 24
2.814156061839654 , -9043 -29030 -18414 -22174 -20874 -14261 , 22858 7530 -7530 0 18301 10771 , -4293 1357 -12887 21512 -18602 1312 , 20416 -18999 18999 0 -4625 14374 , 13131 18414 29030 22174 4153 8156 , -15308 -16286 24098 -5867 -22958 966 , -9441 -24098 16286 5867 -23132 -6672 , -25805 12887 -1357 -21512 14199 -19959 , 15775 11469 -11469 0 -13676 -25145 , 2.2018704415988135e-07 , 25
2.814156061839654 , -9043 -29030 -18414 -22174 -20874 -14261 , 22858 7530 -7530 0 18301 10771 , 4293 -1357 12887 -21512 18602 -1312 , 20416 -18999 18999 0 -4625 14374 , 13131 18414 29030 22174 4153 8156 , 15308 16286 -24098 5867 22958 -966 , 9441 24098 -16286 -5867 23132 6672 , 25805 -12887 1357 21512 -14199 19959 , 15775 11469 -11469 0 -13676 -25145 , 2.2018704415988135e-07 , 26
2.814156061839654 , -9043 -29030 -18414 -22174 -20874 -14261 , 22858 7530 -7530 0 18301 10771 , -1312 -4293 1357 -14199 21512 -18602 , 20416 -18999 18999 0 -4625 14374 , 13131 18414 29030 22174 4153 8156 , -966 -15308 -16286 23132 -5867 -22958 , -24098 16286 15308 -23132 -6672 9441 , 12887 -1357 4293 14199 -19959 25805 , 15775 11469 -11469 0 -13676 -25145 , 2.2018704415988135e-07 , 27
2.814156061839654 , -9043 -29030 -18414 -22174 -20874 -14261 , 20416 -18999 18999 0 -4625 14374 , 5867 -23132 -6672 15308 966 -22958 , 22858 7530 -7530 0 18301 10771 , 13131 18414 29030 22174 4153 8156 , -21512 14199 -19959 4293 1312 -18602 , -25805 19959 -14199 -4293 1357 -12887 , -9441 6672 23132 -15308 -16286 24098 , 15775 11469 -11469 0 -13676 -25145 , 2.2018704415988137e-07 , 28
2.814156061839654 , -9043 -29030 -18414 -22174 -20874 -14261 , 20416 -18999 18999 0 -4625 14374 , -5867 23132 6672 -15308 -966 22958 , 22858 7530 -7530 0 18301 10771 , 13131 18414 29030 22174 4153 8156 , 21512 -14199 19959 -4293 -1312 18602 , 25805 -19959 14199 4293 -1357 12887 , 9441 -6672 -23132 15308 16286 -24098 , 15775 11469 -11469 0 -13676 -25145 , 2.2018704415988137e-07 , 29
2.814156061839654 , -9043 -29030 -18414 -22174 -20874 -14261 , 22858 7530 -7530 0 18301 10771 , -14199 21512 -18602 -12887 25805 -19959 , 20416 -18999 18999 0 -4625 14374 , 13131 18414 29030 22174 4153 8156 , 23132 -5867 -22958 24098 9441 -6672 , -966 22958 5867 -24098 16286 15308 , -1312 18602 -21512 12887 -1357 4293 , 15775 11469 -11469 0 -13676 -25145 , 2.2018704415988137e-07 , 30
2.814156061839654 , -9043 -29030 -18414 -22174 -20874 -14261 , 22858 7530 -7530 0 18301 10771 , 14199 -21512 18602 12887 -25805 19959 , 20416 -18999 18999 0 -4625 14374 , 13131 18414 29030 22174 4153 8156 , -23132 5867 22958 -24098 -9441 6672 , 966 -22958 -5867 24098 -16286 -15308 , 1312 -18602 21512 -12887 1357 -4293 , 15775 11469 -11469 0 -13676 -25145 , 2.2018704415988137e-07 , 31
2.814156061839654 , -9043 -29030 -18414 -22174 -20874 -14261 , 22858 7530 -7530 0 18301 10771 , -19959 14199 -21512 -1357 12887 -25805 , 20416 -18999 18999 0 -4625 14374 , 13131 18414 29030 22174 4153 8156 , -6672 -23132 5867 16286 -24098 -9441 , -22958 -5867 23132 -16286 -15308 -966 , -18602 21512 -14199 1357 -4293 -1312 , 15775 11469 -11469 0 -13676 -25145 , 2.2018704416000716e-07 , 32
2.814156061839654 , -9043 -29030 -18414 -22174 -20874 -14261 , 22858 7530 -7530 0 18301 10771 , 19959 -14199 21512 1357 -12887 25805 , 20416 -18999 18999 0 -4625 14374 , 13131 18414 29030 22174 4153 8156 , 6672 23132 -5867 -16286 24098 9441 , 22958 5867 -23132 16286 15308 966 , 18602 -21512 14199 -1357 4293 1312 , 15775 11469 -11469 0 -13676 -25145 , 2.2018704416000716e-07 , 33
2.814156061839654 , -9043 -29030 -18414 -22174 -20874 -14261 , 20416 -18999 18999 0 -4625 14374 , 6672 -9441 -24098 22958 5867 -23132 , 22858 7530 -7530 0 18301 10771 , 13131 18414 29030 22174 4153 8156 , 19959 -25805 12887 18602 -21512 14199 , 1357 -12887 25805 -18602 1312 4293 , -16286 24098 9441 -22958 966 15308 , 15775 11469 -11469 0 -13676 -25145 , 2.2018704416000718e-07 , 34
2.814156061839654 , -9043 -29030 -18414 -22174 -20874 -14261 , 20416 -18999 18999 0 -4625 14374 , -6672 9441 24098 -22958 -5867 23132 , 22858 7530 -7530 0 18301 10771 , 13131 18414 29030 22174 4153 8156 , -19959 25805 -12887 -18602 21512 -14199 , -1357 12887 -25805 18602 -1312 -4293 , 16286 -24098 -9441 22958 -966 -15308 , 15775 11469 -11469 0 -13676 -25145 , 2.2018704416000718e-07 , 35
2.9223662027373978 , -16605 -6655 -22675 -27368 -22057 2459 , 30025 -6429 6429 0 10735 17164 , 18787 -10586 113 3796 9661 -297 , 13249 -5040 5040 0 2941 7981 , 10763 22675 6655 27368 25134 -15402 , 21000 621 21424 -10207 -2383 34627 , 31207 -21424 -621 10207 13203 -3004 , 14991 -113 10586 -3796 -410 20247 , 15775 11469 -11469 0 -13676 -25145 , 2.2018739072191204e-07 , 0
2.9223662027373978 , -16605 -6655 -22675 -27368 -22057 2459 , 30025 -6429 6429 0 10735 17164 , -18787 10586 -113 -3796 -9661 297 , 13249 -5040 5040 0 2941 7981 , 10763 22675 6655 27368 25134 -15402 , -21000 -621 -21424 10207 2383 -34627 , -31207 21424 621 -10207 -13203 3004 , -14991 113 -10586 3796 410 -20247 , 15775 11469 -11469 0 -13676 -25145 , 2.2018739072191204e-07 , 1
2.9223662027373978 , -16605 -6655 -22675 -27368 -22057 2459 , 30025 -6429 6429 0 10735 17164 , -3796 -9661 297 14991 -20247 410 , 13249 -5040 5040 0 2941 7981 , 10763 22675 6655 27368 25134 -15402 , 10207 2383 -34627 31207 3004 -13203 , -21000 34627 -2383 -31207 21424 621 , -18787 -297 9661 -14991 113 -10586 , 15775 11469 -11469 0 -13676 -25145 , 2.2018739072221772e-07 , 2
2.9223662027373978 , -16605 -6655 -22675 -27368 -22057 2459 , 30025 -6429 6429 0 10735 17164 , 3796 9661 -297 -14991 20247 -410 , 13249 -5040 5040 0 2941 7981 , 10763 22675 6655 27368 25134 -15402 , -10207 -2383 34627 -31207 -3004 13203 , 21000 -34627 2383 31207 -21424 -621 , 18787 297 -9661 14991 -113 10586 , 15775 11469 -11469 0 -13676 -25145 , 2.2018739072221772e-07 , 3
2.9223662027373978 , -16605 -6655 -22675 -27368 -22057 2459 , 13249 -5040 5040 0 2941 7981 , 13203 -3004 -31207 34627 -2383 -10207 , 30025 -6429 6429 0 10735 17164 , 10763 22675 6655 27368 25134 -15402 , -410 20247 -14991 -297 9661 3796 , -113 14991 -20247 297 18787 -10586 , -21424 31207 3004 -34627 21000 621 , 15775 11469 -11469 0 -13676 -25145 , 2.2018739072252336e-07 , 4
2.9223662027373978 , -16605 -6655 -22675 -27368 -22057 2459 , 13249 -5040 5040 0 2941 7981 , -13203 3004 31207 -34627 2383 10207 , 30025 -6429 6429 0 10735 17164 , 10763 22675 6655 27368 25134 -15402 , 410 -20247 14991 297 -9661 -3796 , 113 -14991 20247 -297 -18787 10586 , 21424 -31207 -3004 34627 -21000 -621 , 15775 11469 -11469 0 -13676 -25145 , 2.2018739072252336e-07 , 5
2.9223662027373978 , -16605 -6655 -22675 -27368 -22057 2459 , 13249 -5040 5040 0 2941 7981 , -10207 -13203 3004 21000 -34627 2383 , 30025 -6429 6429 0 10735 17164 , 10763 22675 6655 27368 25134 -15402 , 3796 410 -20247 18787 297 -9661 , -14991 20247 -410 -18787 10586 -113 , -31207 -3004 13203 -21000 -621 -21424 , 15775 11469 -11469 0 -13676 -25145 , 2.2018739072267617e-07 , 6
2.9223662027373978 , -16605 -6655 -22675 -27368 -22057 2459 , 13249 -5040 5040 0 2941 7981 , 10207 13203 -3004 -21000 34627 -2383 , 30025 -6429 6429 0 10735 17164 , 10763 22675 6655 27368 25134 -15402 , -3796 -410 20247 -18787 -297 9661 , 14991 -20247 410 18787 -10586 113 , 31207 3004 -13203 21000 621 21424 , 15775 11469 -11469 0 -13676 -25145 , 2.2018739072267617e-07 , 7
2.9223662027373978 , -16605 -6655 -22675 -27368 -22057 2459 , 13249 -5040 5040 0 2941 7981 , -621 -21000 34627 -3004 -31207 21424 , 30025 -6429 6429 0 10735 17164 , 10763 22675 6655 27368 25134 -15402 , 10586 -18787 -297 20247 -14991 113 , -9661 297 18787 -20247 410 3796 , 2383 -34627 21000 3004 -13203 -10207 , 15775 11469 -11469 0 -13676 -25145 , 2.2018739072298179e-07 , 8
2.9223662027373978 , -16605 -6655 -22675 -27368 -22057 2459 , 13249 -5040 5040 0 2941 7981 , 621 21000 -34627 3004 31207 -21424 , 30025 -6429 6429 0 10735 17164 , 10763 22675 6655 27368 25134 -15402 , -10586 18787 297 -20247 14991 -113 , 9661 -297 -18787 20247 -410 -3796 , -2383 34627 -21000 -3004 13203 10207 , 15775 11469 -11469 0 -13676 -25145 , 2.2018739072298179e-07 , 9
2.9223662027373978 , -16605 -6655 -22675 -27368 -22057 2459 , 13249 -5040 5040 0 2941 7981 , -31207 21424 621 -10207 -13203 3004 , 30025 -6429 6429 0 10735 17164 , 10763 22675 6655 27368 25134 -15402 , -14991 113 -10586 3796 410 -20247 , -18787 10586 -113 -3796 -9661 297 , -21000 -621 -21424 10207 2383 -34627 , 15775 11469 -11469 0 -13676 -25145 , 2.2018739072298185e-07 , 10
2.9223662027373978 , -16605 -6655 -22675 -27368 -22057 2459 , 13249 -5040 5040 0 2941 7981 , -21424 -621 -21000 13203 -3004 -31207 , 30025 -6429 6429 0 10735 17164 , 10763 22675 6655 27368 25134 -15402 , -113 10586 -18787 -410 20247 -14991 , 297 18787 -10586 410 3796 9661 , -34627 21000 621 -13203 -10207 -2383 , 15775 11469 -11469 0 -13676 -25145 , 2.2018739072298185e-07 , 11
2.9223662027373978 , -16605 -6655 -22675 -27368 -22057 2459 , 13249 -5040 5040 0 2941 7981 , 21424 621 21000 -13203 3004 31207 , 30025 -6429 6429 0 10735 17164 , 10763 22675 6655 27368 25134 -15402 , 113 -10586 18787 410 -20247 14991 , -297 -18787 10586 -410 -3796 -9661 , 34627 -21000 -621 13203 10207 2383 , 15775 11469 -11469 0 -13676 -25145 , 2.2018739072298185e-07 , 12
2.9223662027373978 , -16605 -6655 -22675 -27368 -22057 2459 , 13249 -5040 5040 0 2941 7981 , 31207 -21424 -621 10207 13203 -3004 , 30025 -6429 6429 0 10735 17164 , 10763 22675 6655 27368 25134 -15402 , 14991 -113 10586 -3796 -410 20247 , 18787 -10586 113 3796 9661 -297 , 21000 621 21424 -10207 -2383 34627 , 15775 11469 -11469 0 -13676 -25145 , 2.2018739072298185e-07 , 13
2.9223662027373978 , -16605 -6655 -22675 -27368 -22057 2459 , 30025 -6429 6429 0 10735 17164 , -10586 113 -14991 9661 -297 -18787 , 13249 -5040 5040 0 2941 7981 , 10763 22675 6655 27368 25134 -15402 , 621 21424 -31207 -2383 34627 -21000 , 3004 31207 -21424 2383 10207 13203 , -20247 14991 -113 -9661 -3796 -410 , 15775 11469 -11469 0 -13676 -25145 , 2.2018739072328749e-07 , 14
2.9223662027373978 , -16605 -6655 -22675 -27368 -22057 2459 , 30025 -6429 6429 0 10735 17164 , 297 18787 -10586 410 3796 9661 , 13249 -5040 5040 0 2941 7981 , 10763 22675 6655 27368 25134 -15402 , -34627 21000 621 -13203 -10207 -2383 , -21424 -621 -21000 13203 -3004 -31207 , -113 10586 -18787 -410 20247 -14991 , 15775 11469 -11469 0 -13676 -25145 , 2.2018739072328749e-07 , 15
2.9223662027373978 , -16605 -6655 -22675 -27368 -22057 2459 , 30025 -6429 6429 0 10735 17164 , -9661 297 18787 -20247 410 3796 , 13249 -5040 5040 0 2941 7981 , 10763 22675 6655 27368 25134 -15402 , 2383 -34627 21000 3004 -13203 -10207 , -621 -21000 34627 -3004 -31207 21424 , 10586 -18787 -297 20247 -14991 113 , 15775 11469 -11469 0 -13676 -25145 , 2.2018739072328749e-07 , 16
2.9223662027373978 , -16605 -6655 -22675 -27368 -22057 2459 , 30025 -6429 6429 0 10735 17164 , 9661 -297 -18787 20247 -410 -3796 , 13249 -5040 5040 0 2941 7981 , 10763 22675 6655 27368 25134 -15402 , -2383 34627 -21000 -3004 13203 10207 , 621 21000 -34627 3004 31207 -21424 , -10586 18787 297 -20247 14991 -113 , 15775 11469 -11469 0 -13676 -25145 , 2.2018739072328749e-07 , 17
2.9223662027373978 , -16605 -6655 -22675 -27368 -22057 2459 , 30025 -6429 6429 0 10735 17164 , -297 -18787 10586 -410 -3796 -9661 , 13249 -5040 5040 0 2941 7981 , 10763 22675 6655 27368 25134 -15402 , 34627 -21000 -621 13203 10207 2383 , 21424 621 21000 -13203 3004 31207 , 113 -10586 18787 410 -20247 14991 , 15775 11469 -11469 0 -13676 -25145 , 2.2018739072328749e-07 , 18
2.9223662027373978 , -16605 -6655 -22675 -27368 -22057 2459 , 30025 -6429 6429 0 10735 17164 , 10586 -113 14991 -9661 297 18787 , 13249 -5040 5040 0 2941 7981 , 10763 22675 6655 27368 25134 -15402 , -621 -21424 31207 2383 -34627 21000 , -3004 -31207 21424 -2383 -10207 -13203 , 20247 -14991 113 9661 3796 410 , 15775 11469 -11469 0 -13676 -25145 , 2.2018739072328749e-07 , 19
2.9223662027373978 , -16605 -6655 -22675 -27368 -22057 2459 , 13249 -5040 5040 0 2941 7981 , -2383 -10207 -13203 621 21000 -34627 , 30025 -6429 6429 0 10735 17164 , 10763 22675 6655 27368 25134 -15402 , 9661 3796 410 -10586 18787 297 , 20247 -410 -3796 10586 -113 14991 , -3004 13203 10207 -621 -21424 31207 , 15775 11469 -11469 0 -13676 -25145 , 2.2018739072328749e-07 , 20
2.9223662027373978 , -16605 -6655 -22675 -27368 -22057 2459 , 13249 -5040 5040 0 2941 7981 , 2383 10207 13203 -621 -21000 34627 , 30025 -6429 6429 0 10735 17164 , 10763 22675 6655 27368 25134 -15402 , -9661 -3796 -410 10586 -18787 -297 , -20247 410 3796 -10586 113 -14991 , 3004 -13203 -10207 621 21424 -31207 , 15775 11469 -11469 0 -13676 -25145 , 2.2018739072328749e-07 , 21
2.9223662027373978 , -16605 -6655 -22675 -27368 -22057 2459 , 13249 -5040 5040 0 2941 7981 , -21000 34627 -2383 -31207 21424 621 , 30025 -6429 6429 0 10735 17164 , 10763 22675 6655 27368 25134 -15402 , -18787 -297 9661 -14991 113 -10586 , -3796 -9661 297 14991 -20247 410 , 10207 2383 -34627 31207 3004 -13203 , 15775 11469 -11469 0 -13676 -25145 , 2.2018739072359311e-07 , 22
2.9223662027373978 , -16605 -6655 -22675 -27368 -22057 2459 , 13249 -5040 5040 0 2941 7981 , 21000 -34627 2383 31207 -21424 -621 , 30025 -6429 6429 0 10735 17164 , 10763 22675 6655 27368 25134 -15402 , 18787 297 -9661 14991 -113 10586 , 3796 9661 -297 -14991 20247 -410 , -10207 -2383 34627 -31207 -3004 13203 , 15775 11469 -11469 0 -13676 -25145 , 2.2018739072359311e-07 , 23
2.9223662027373978 , -16605 -6655 -22675 -27368 -22057 2459 , 30025 -6429 6429 0 10735 17164 , 410 3796 9661 113 -14991 20247 , 13249 -5040 5040 0 2941 7981 , 10763 22675 6655 27368 25134 -15402 , -13203 -10207 -2383 21424 -31207 -3004 , -34627 2383 10207 -21424 -621 -21000 , 297 -9661 -3796 -113 10586 -18787 , 15775 11469 -11469 0 -13676 -25145 , 2.2018739072359314e-07 , 24
2.9223662027373978 , -16605 -6655 -22675 -27368 -22057 2459 , 30025 -6429 6429 0 10735 17164 , -410 -3796 -9661 -113 14991 -20247 , 13249 -5040 5040 0 2941 7981 , 10763 22675 6655 27368 25134 -15402 , 13203 10207 2383 -21424 31207 3004 , 34627 -2383 -10207 21424 621 21000 , -297 9661 3796 113 -10586 18787 , 15775 11469 -11469 0 -13676 -25145 , 2.2018739072359314e-07 , 25
2.9223662027373978 , -16605 -6655 -22675 -27368 -22057 2459 , 13249 -5040 5040 0 2941 7981 , -3004 -31207 21424 -2383 -10207 -13203 , 30025 -6429 6429 0 10735 17164 , 10763 22675 6655 27368 25134 -15402 , 20247 -14991 113 9661 3796 410 , 10586 -113 14991 -9661 297 18787 , -621 -21424 31207 2383 -34627 21000 , 15775 11469 -11469 0 -13676 -25145 , 2.2018739072359314e-07 , 26
2.9223662027373978 , -16605 -6655 -22675 -27368 -22057 2459 , 13249 -5040 5040 0 2941 7981 , 3004 31207 -21424 2383 10207 13203 , 30025 -6429 6429 0 10735 17164 , 10763 22675 6655 27368 25134 -15402 , -20247 14991 -113 -9661 -3796 -410 , -10586 113 -14991 9661 -297 -18787 , 621 21424 -31207 -2383 34627 -21000 , 15775 11469 -11469 0 -13676 -25145 , 2.2018739072359314e-07 , 27
2.9223662027373978 , -16605 -6655 -22675 -27368 -22057 2459 , 13249 -5040 5040 0 2941 7981 , -34627 2383 10207 -21424 -621 -21000 , 30025 -6429 6429 0 10735 17164 , 10763 22675 6655 27368 25134 -15402 , 297 -9661 -3796 -113 10586 -18787 , 410 3796 9661 113 -14991 20247 , -13203 -10207 -2383 21424 -31207 -3004 , 15775 11469 -11469 0 -13676 -25145 , 2.2018739072389879e-07 , 28
2.9223662027373978 , -16605 -6655 -22675 -27368 -22057 2459 , 13249 -5040 5040 0 2941 7981 , 34627 -2383 -10207 21424 621 21000 , 30025 -6429 6429 0 10735 17164 , 10763 22675 6655 27368 25134 -15402 , -297 9661 3796 113 -10586 18787 , -410 -3796 -9661 -113 14991 -20247 , 13203 10207 2383 -21424 31207 3004 , 15775 11469 -11469 0 -13676 -25145 , 2.2018739072389879e-07 , 29
2.9223662027373978 , -16605 -6655 -22675 -27368 -22057 2459 , 30025 -6429 6429 0 10735 17164 , -20247 410 3796 -10586 113 -14991 , 13249 -5040 5040 0 2941 7981 , 10763 22675 6655 27368 25134 -15402 , 3004 -13203 -10207 621 21424 -31207 , 2383 10207 13203 -621 -21000 34627 , -9661 -3796 -410 10586 -18787 -297 , 15775 11469 -11469 0 -13676 -25145 , 2.2018739072389881e-07 , 30
2.9223662027373978 , -16605 -6655 -22675 -27368 -22057 2459 , 30025 -6429 6429 0 10735 17164 , 14991 -20247 410 18787 -10586 113 , 13249 -5040 5040 0 2941 7981 , 10763 22675 6655 27368 25134 -15402 , 31207 3004 -13203 21000 621 21424 , 10207 13203 -3004 -21000 34627 -2383 , -3796 -410 20247 -18787 -297 9661 , 15775 11469 -11469 0 -13676 -25145 , 2.2018739072389881e-07 , 31
2.9223662027373978 , -16605 -6655 -22675 -27368 -22057 2459 , 30025 -6429 6429 0 10735 17164 , -14991 20247 -410 -18787 10586 -113 , 13249 -5040 5040 0 2941 7981 , 10763 22675 6655 27368 25134 -15402 , -31207 -3004 13203 -21000 -621 -21424 , -10207 -13203 3004 21000 -34627 2383 , 3796 410 -20247 18787 297 -9661 , 15775 11469 -11469 0 -13676 -25145 , 2.2018739072389881e-07 , 32
2.9223662027373978 , -16605 -6655 -22675 -27368 -22057 2459 , 30025 -6429 6429 0 10735 17164 , 20247 -410 -3796 10586 -113 14991 , 13249 -5040 5040 0 2941 7981 , 10763 22675 6655 27368 25134 -15402 , -3004 13203 10207 -621 -21424 31207 , -2383 -10207 -13203 621 21000 -34627 , 9661 3796 410 -10586 18787 297 , 15775 11469 -11469 0 -13676 -25145 , 2.2018739072389881e-07 , 33
2.9223662027373978 , -16605 -6655 -22675 -27368 -22057 2459 , 30025 -6429 6429 0 10735 17164 , -113 14991 -20247 297 18787 -10586 , 13249 -5040 5040 0 2941 7981 , 10763 22675 6655 27368 25134 -15402 , -21424 31207 3004 -34627 21000 621 , 13203 -3004 -31207 34627 -2383 -10207 , -410 20247 -14991 -297 9661 3796 , 15775 11469 -11469 0 -13676 -25145 , 2.2018739072420446e-07 , 34
2.9223662027373978 , -16605 -6655 -22675 -27368 -22057 2459 , 30025 -6429 6429 0 10735 17164 , 113 -14991 20247 -297 -18787 10586 , 13249 -5040 5040 0 2941 7981 , 10763 22675 6655 27368 25134 -15402 , 21424 -31207 -3004 34627 -21000 -621 , -13203 3004 31207 -34627 2383 10207 , 410 -20247 14991 297 -9661 -3796 , 15775 11469 -11469 0 -13676 -25145 , 2.2018739072420446e-07 , 35
3.0298193119952344 , -7463 -21918 -33004 -8853 -22223 -8485 , 15655 -13865 13865 0 -2973 10892 , -17781 -15839 449 -335 -1125 -30448 , 27619 2396 -2396 0 16649 14253 , 1390 33004 21918 8853 24519 -305 , -1957 -7990 20901 -18301 3089 1915 , 16344 -20901 7990 18301 -18986 11079 , -17446 -449 15839 335 -30897 14714 , 15775 11469 -11469 0 -13676 -25145 , 2.2019627284398967e-07 , 0
3.0298193119952344 , -7463 -21918 -33004 -8853 -22223 -8485 , 15655 -13865 13865 0 -2973 10892 , 17781 15839 -449 335 1125 30448 , 27619 2396 -2396 0 16649 14253 , 1390 33004 21918 8853 24519 -305 , 1957 7990 -20901 18301 -3089 -1915 , -16344 20901 -7990 -18301 18986 -11079 , 17446 449 -15839 -335 30897 -14714 , 15775 11469 -11469 0 -13676 -25145 , 2.2019627284398967e-07 , 1
3.0298193119952344 , -7463 -21918 -33004 -8853 -22223 -8485 , 27619 2396 -2396 0 16649 14253 , -11079 16344 -20901 -3089 18301 -18986 , 15655 -13865 13865 0 -2973 10892 , 1390 33004 21918 8853 24519 -305 , -14714 -17446 -449 1125 335 -30897 , -15839 449 17446 -1125 -30448 17781 , -7990 20901 -16344 3089 1915 1957 , 15775 11469 -11469 0 -13676 -25145 , 2.2019627284398967e-07 , 2
3.0298193119952344 , -7463 -21918 -33004 -8853 -22223 -8485 , 27619 2396 -2396 0 16649 14253 , 3089 -18301 18986 -7990 -1957 -1915 , 15655 -13865 13865 0 -2973 10892 , 1390 33004 21918 8853 24519 -305 , -1125 -335 30897 -15839 -17781 30448 , 14714 -30897 335 15839 -449 -17446 , 11079 -18986 18301 7990 -20901 16344 , 15775 11469 -11469 0 -13676 -25145 , 2.2019627284398967e-07 , 3
3.0298193119952344 , -7463 -21918 -33004 -8853 -22223 -8485 , 27619 2396 -2396 0 16649 14253 , -3089 18301 -18986 7990 1957 1915 , 15655 -13865 13865 0 -2973 10892 , 1390 33004 21918 8853 24519 -305 , 1125 335 -30897 15839 17781 -30448 , -14714 30897 -335 -15839 449 17446 , -11079 18986 -18301 -7990 20901 -16344 , 15775 11469 -11469 0 -13676 -25145 , 2.2019627284398967e-07 , 4
3.0298193119952344 , -7463 -21918 -33004 -8853 -22223 -8485 , 27619 2396 -2396 0 16649 14253 , 11079 -16344 20901 3089 -18301 18986 , 15655 -13865 13865 0 -2973 10892 , 1390 33004 21918 8853 24519 -305 , 14714 17446 449 -1125 -335 30897 , 15839 -449 -17446 1125 30448 -17781 , 7990 -20901 16344 -3089 -1915 -1957 , 15775 11469 -11469 0 -13676 -25145 , 2.2019627284398967e-07 , 5
3.0298193119952344 , -7463 -21918 -33004 -8853 -22223 -8485 , 15655 -13865 13865 0 -2973 10892 , -17446 -14714 30897 -17781 -15839 449 , 27619 2396 -2396 0 16649 14253 , 1390 33004 21918 8853 24519 -305 , 16344 -11079 18986 -1957 -7990 20901 , 18301 -18986 11079 1957 1915 3089 , 335 -30897 14714 17781 -30448 -1125 , 15775 11469 -11469 0 -13676 -25145 , 2.2019627284543261e-07 , 6
3.0298193119952344 , -7463 -21918 -33004 -8853 -22223 -8485 , 15655 -13865 13865 0 -2973 10892 , 15839 -449 -17446 1125 30448 -17781 , 27619 2396 -2396 0 16649 14253 , 1390 33004 21918 8853 24519 -305 , 7990 -20901 16344 -3089 -1915 -1957 , 11079 -16344 20901 3089 -18301 18986 , 14714 17446 449 -1125 -335 30897 , 15775 11469 -11469 0 -13676 -25145 , 2.2019627284543261e-07 , 7
3.0298193119952344 , -7463 -21918 -33004 -8853 -22223 -8485 , 15655 -13865 13865 0 -2973 10892 , -15839 449 17446 -1125 -30448 17781 , 27619 2396 -2396 0 16649 14253 , 1390 33004 21918 8853 24519 -305 , -7990 20901 -16344 3089 1915 1957 , -11079 16344 -20901 -3089 18301 -18986 , -14714 -17446 -449 1125 335 -30897 , 15775 11469 -11469 0 -13676 -25145 , 2.2019627284543261e-07 , 8
3.0298193119952344 , -7463 -21918 -33004 -8853 -22223 -8485 , 15655 -13865 13865 0 -2973 10892 , 17446 14714 -30897 17781 15839 -449 , 27619 2396 -2396 0 16649 14253 , 1390 33004 21918 8853 24519 -305 , -16344 11079 -18986 1957 7990 -20901 , -18301 18986 -11079 -1957 -1915 -3089 , -335 30897 -14714 -17781 30448 1125 , 15775 11469 -11469 0 -13676 -25145 , 2.2019627284543261e-07 , 9
3.0298193119952344 , -7463 -21918 -33004 -8853 -22223 -8485 , 15655 -13865 13865 0 -2973 10892 , 335 1125 30448 -17446 -14714 30897 , 27619 2396 -2396 0 16649 14253 , 1390 33004 21918 8853 24519 -305 , 18301 -3089 -1915 16344 -11079 18986 , 1957 1915 3089 -16344 20901 -7990 , 17781 -30448 -1125 17446 449 -15839 , 15775 11469 -11469 0 -13676 -25145 , 2.2019627284543264e-07 , 10
3.0298193119952344 , -7463 -21918 -33004 -8853 -22223 -8485 , 15655 -13865 13865 0 -2973 10892 , -335 -1125 -30448 17446 14714 -30897 , 27619 2396 -2396 0 16649 14253 , 1390 33004 21918 8853 24519 -305 , -18301 3089 1915 -16344 11079 -18986 , -1957 -1915 -3089 16344 -20901 7990 , -17781 30448 1125 -17446 -449 15839 , 15775 11469 -11469 0 -13676 -25145 , 2.2019627284543264e-07 , 11
3.0298193119952344 , -7463 -21918 -33004 -8853 -22223 -8485 , 27619 2396 -2396 0 16649 14253 , -7990 -1957 -1915 -11079 16344 -20901 , 15655 -13865 13865 0 -2973 10892 , 1390 33004 21918 8853 24519 -305 , -15839 -17781 30448 -14714 -17446 -449 , -1125 -30448 17781 14714 -30897 335 , 3089 1915 1957 11079 -18986 18301 , 15775 11469 -11469 0 -13676 -25145 , 2.2019627284543264e-07 , 12
3.0298193119952344 , -7463 -21918 -33004 -8853 -22223 -8485 , 27619 2396 -2396 0 16649 14253 , 1915 3089 -18301 20901 -7990 -1957 , 15655 -13865 13865 0 -2973 10892 , 1390 33004 21918 8853 24519 -305 , -30448 -1125 -335 449 -15839 -17781 , -30897 335 1125 -449 -17446 -14714 , -18986 18301 -3089 -20901 16344 -11079 , 15775 11469 -11469 0 -13676 -25145 , 2.2019627284543264e-07 , 13
3.0298193119952344 , -7463 -21918 -33004 -8853 -22223 -8485 , 27619 2396 -2396 0 16649 14253 , -1915 -3089 18301 -20901 7990 1957 , 15655 -13865 13865 0 -2973 10892 , 1390 33004 21918 8853 24519 -305 , 30448 1125 335 -449 15839 17781 , 30897 -335 -1125 449 17446 14714 , 18986 -18301 3089 20901 -16344 11079 , 15775 11469 -11469 0 -13676 -25145 , 2.2019627284543264e-07 , 14
3.0298193119952344 , -7463 -21918 -33004 -8853 -22223 -8485 , 27619 2396 -2396 0 16649 14253 , 7990 1957 1915 11079 -16344 20901 , 15655 -13865 13865 0 -2973 10892 , 1390 33004 21918 8853 24519 -305 , 15839 17781 -30448 14714 17446 449 , 1125 30448 -17781 -14714 30897 -335 , -3089 -1915 -1957 -11079 18986 -18301 , 15775 11469 -11469 0 -13676 -25145 , 2.2019627284543264e-07 , 15
3.0298193119952344 , -7463 -21918 -33004 -8853 -22223 -8485 , 27619 2396 -2396 0 16649 14253 , -16344 20901 -7990 -18301 18986 -11079 , 15655 -13865 13865 0 -2973 10892 , 1390 33004 21918 8853 24519 -305 , 17446 449 -15839 -335 30897 -14714 , 17781 15839 -449 335 1125 30448 , 1957 7990 -20901 18301 -3089 -1915 , 15775 11469 -11469 0 -13676 -25145 , 2.2019627284615413e-07 , 16
3.0298193119952344 , -7463 -21918 -33004 -8853 -22223 -8485 , 27619 2396 -2396 0 16649 14253 , 16344 -20901 7990 18301 -18986 11079 , 15655 -13865 13865 0 -2973 10892 , 1390 33004 21918 8853 24519 -305 , -17446 -449 15839 335 -30897 14714 , -17781 -15839 449 -335 -1125 -30448 , -1957 -7990 20901 -18301 3089 1915 , 15775 11469 -11469 0 -13676 -25145 , 2.2019627284615413e-07 , 17
3.0298193119952344 , -7463 -21918 -33004 -8853 -22223 -8485 , 15655 -13865 13865 0 -2973 10892 , -1125 -30448 17781 14714 -30897 335 , 27619 2396 -2396 0 16649 14253 , 1390 33004 21918 8853 24519 -305 , 3089 1915 1957 11079 -18986 18301 , -7990 -1957 -1915 -11079 16344 -20901 , -15839 -17781 30448 -14714 -17446 -449 , 15775 11469 -11469 0 -13676 -25145 , 2.2019627284687561e-07 , 18
3.0298193119952344 , -7463 -21918 -33004 -8853 -22223 -8485 , 15655 -13865 13865 0 -2973 10892 , 1125 30448 -17781 -14714 30897 -335 , 27619 2396 -2396 0 16649 14253 , 1390 33004 21918 8853 24519 -305 , -3089 -1915 -1957 -11079 18986 -18301 , 7990 1957 1915 11079 -16344 20901 , 15839 17781 -30448 14714 17446 449 , 15775 11469 -11469 0 -13676 -25145 , 2.2019627284687561e-07 , 19
3.0298193119952344 , -7463 -21918 -33004 -8853 -22223 -8485 , 27619 2396 -2396 0 16649 14253 , 20901 -7990 -1957 18986 -11079 16344 , 15655 -13865 13865 0 -2973 10892 , 1390 33004 21918 8853 24519 -305 , 449 -15839 -17781 30897 -14714 -17446 , -30448 17781 15839 -30897 335 1125 , 1915 1957 7990 -18986 18301 -3089 , 15775 11469 -11469 0 -13676 -25145 , 2.2019627284759707e-07 , 20
3.0298193119952344 , -7463 -21918 -33004 -8853 -22223 -8485 , 27619 2396 -2396 0 16649 14253 , -20901 7990 1957 -18986 11079 -16344 , 15655 -13865 13865 0 -2973 10892 , 1390 33004 21918 8853 24519 -305 , -449 15839 17781 -30897 14714 17446 , 30448 -17781 -15839 30897 -335 -1125 , -1915 -1957 -7990 18986 -18301 3089 , 15775 11469 -11469 0 -13676 -25145 , 2.2019627284759707e-07 , 21
3.0298193119952344 , -7463 -21918 -33004 -8853 -22223 -8485 , 27619 2396 -2396 0 16649 14253 , -18301 18986 -11079 -1957 -1915 -3089 , 15655 -13865 13865 0 -2973 10892 , 1390 33004 21918 8853 24519 -305 , -335 30897 -14714 -17781 30448 1125 , 17446 14714 -30897 17781 15839 -449 , -16344 11079 -18986 1957 7990 -20901 , 15775 11469 -11469 0 -13676 -25145 , 2.2019627284831856e-07 , 22
3.0298193119952344 , -7463 -21918 -33004 -8853 -22223 -8485 , 27619 2396 -2396 0 16649 14253 , 18301 -18986 11079 1957 1915 3089 , 15655 -13865 13865 0 -2973 10892 , 1390 33004 21918 8853 24519 -305 , 335 -30897 14714 17781 -30448 -1125 , -17446 -14714 30897 -17781 -15839 449 , 16344 -11079 18986 -1957 -7990 20901 , 15775 11469 -11469 0 -13676 -25145 , 2.2019627284831856e-07 , 23
3.0298193119952344 , -7463 -21918 -33004 -8853 -22223 -8485 , 15655 -13865 13865 0 -2973 10892 , -449 -17446 -14714 30448 -17781 -15839 , 27619 2396 -2396 0 16649 14253 , 1390 33004 21918 8853 24519 -305 , -20901 16344 -11079 -1915 -1957 -7990 , -18986 11079 -16344 1915 3089 -18301 , -30897 14714 17446 -30448 -1125 -335 , 15775 11469 -11469 0 -13676 -25145 , 2.2019627284904005e-07 , 24
3.0298193119952344 , -7463 -21918 -33004 -8853 -22223 -8485 , 15655 -13865 13865 0 -2973 10892 , -30448 17781 15839 -30897 335 1125 , 27619 2396 -2396 0 16649 14253 , 1390 33004 21918 8853 24519 -305 , 1915 1957 7990 -18986 18301 -3089 , 20901 -7990 -1957 18986 -11079 16344 , 449 -15839 -17781 30897 -14714 -17446 , 15775 11469 -11469 0 -13676 -25145 , 2.2019627284904005e-07 , 25
3.0298193119952344 , -7463 -21918 -33004 -8853 -22223 -8485 , 15655 -13865 13865 0 -2973 10892 , 30448 -17781 -15839 30897 -335 -1125 , 27619 2396 -2396 0 16649 14253 , 1390 33004 21918 8853 24519 -305 , -1915 -1957 -7990 18986 -18301 3089 , -20901 7990 1957 -18986 11079 -16344 , -449 15839 17781 -30897 14714 17446 , 15775 11469 -11469 0 -13676 -25145 , 2.2019627284904005e-07 , 26
3.0298193119952344 , -7463 -21918 -33004 -8853 -22223 -8485 , 15655 -13865 13865 0 -2973 10892 , 449 17446 14714 -30448 17781 15839 , 27619 2396 -2396 0 16649 14253 , 1390 33004 21918 8853 24519 -305 , 20901 -16344 11079 1915 1957 7990 , 18986 -11079 16344 -1915 -3089 18301 , 30897 -14714 -17446 30448 1125 335 , 15775 11469 -11469 0 -13676 -25145 , 2.2019627284904005e-07 , 27
3.0298193119952344 , -7463 -21918 -33004 -8853 -22223 -8485 , 27619 2396 -2396 0 16649 14253 , -1957 -1915 -3089 16344 -20901 7990 , 15655 -13865 13865 0 -2973 10892 , 1390 33004 21918 8853 24519 -305 , -17781 30448 1125 -17446 -449 15839 , -335 -1125 -30448 17446 14714 -30897 , -18301 3089 1915 -16344 11079 -18986 , 15775 11469 -11469 0 -13676 -25145 , 2.2019627284904007e-07 , 28
3.0298193119952344 , -7463 -21918 -33004 -8853 -22223 -8485 , 27619 2396 -2396 0 16649 14253 , 1957 1915 3089 -16344 20901 -7990 , 15655 -13865 13865 0 -2973 10892 , 1390 33004 21918 8853 24519 -305 , 17781 -30448 -1125 17446 449 -15839 , 335 1125 30448 -17446 -14714 30897 , 18301 -3089 -1915 16344 -11079 18986 , 15775 11469 -11469 0 -13676 -25145 , 2.2019627284904007e-07 , 29
3.0298193119952344 , -7463 -21918 -33004 -8853 -22223 -8485 , 15655 -13865 13865 0 -2973 10892 , -30897 335 1125 -449 -17446 -14714 , 27619 2396 -2396 0 16649 14253 , 1390 33004 21918 8853 24519 -305 , -18986 18301 -3089 -20901 16344 -11079 , 1915 3089 -18301 20901 -7990 -1957 , -30448 -1125 -335 449 -15839 -17781 , 15775 11469 -11469 0 -13676 -25145 , 2.2019627284976151e-07 , 30
3.0298193119952344 , -7463 -21918 -33004 -8853 -22223 -8485 , 15655 -13865 13865 0 -2973 10892 , 30897 -335 -1125 449 17446 14714 , 27619 2396 -2396 0 16649 14253 , 1390 33004 21918 8853 24519 -305 , 18986 -18301 3089 20901 -16344 11079 , -1915 -3089 18301 -20901 7990 1957 , 30448 1125 335 -449 15839 17781 , 15775 11469 -11469 0 -13676 -25145 , 2.2019627284976151e-07 , 31
3.0298193119952344 , -7463 -21918 -33004 -8853 -22223 -8485 , 27619 2396 -2396 0 16649 14253 , -18986 11079 -16344 1915 3089 -18301 , 15655 -13865 13865 0 -2973 10892 , 1390 33004 21918 8853 24519 -305 , -30897 14714 17446 -30448 -1125 -335 , -449 -17446 -14714 30448 -17781 -15839 , -20901 16344 -11079 -1915 -1957 -7990 , 15775 11469 -11469 0 -13676 -25145 , 2.2019627285048302e-07 , 32
3.0298193119952344 , -7463 -21918 -33004 -8853 -22223 -8485 , 27619 2396 -2396 0 16649 14253 , 18986 -11079 16344 -1915 -3089 18301 , 15655 -13865 13865 0 -2973 10892 , 1390 33004 21918 8853 24519 -305 , 30897 -14714 -17446 30448 1125 335 , 449 17446 14714 -30448 17781 15839 , 20901 -16344 11079 1915 1957 7990 , 15775 11469 -11469 0 -13676 -25145 , 2.2019627285048302e-07 , 33
3.0298193119952344 , -7463 -21918 -33004 -8853 -22223 -8485 , 15655 -13865 13865 0 -2973 10892 , 14714 -30897 335 15839 -449 -17446 , 27619 2396 -2396 0 16649 14253 , 1390 33004 21918 8853 24519 -305 , 11079 -18986 18301 7990 -20901 16344 , 3089 -18301 18986 -7990 -1957 -1915 , -1125 -335 30897 -15839 -17781 30448 , 15775 11469 -11469 0 -13676 -25145 , 2.2019627285120451e-07 , 34
3.0298193119952344 , -7463 -21918 -33004 -8853 -22223 -8485 , 15655 -13865 13865 0 -2973 10892 , -14714 30897 -335 -15839 449 17446 , 27619 2396 -2396 0 16649 14253 , 1390 33004 21918 8853 24519 -305 , -11079 18986 -18301 -7990 20901 -16344 , -3089 18301 -18986 7990 1957 1915 , 1125 335 -30897 15839 17781 -30448 , 15775 11469 -11469 0 -13676 -25145 , 2.2019627285120451e-07 , 35
3.1414591002024768 , -11933 -23120 -10669 -24500 -28463 7977 , 20572 -17316 17316 0 -3170 14146 , 12727 -18531 -16428 29400 -6278 -13964 , 22702 5847 -5847 0 16846 10999 , 12567 10669 23120 24500 18646 -5343 , -11730 19216 -21931 -8257 25732 -22209 , -3473 21931 -19216 8257 -278 6516 , -16673 16428 18531 -29400 2464 12253 , 15775 11469 -11469 0 -13676 -25145 , 2.2019192969908866e-07 , 0
3.1414591002024768 , -11933 -23120 -10669 -24500 -28463 7977 , 20572 -17316 17316 0 -3170 14146 , -12727 18531 16428 -29400 6278 13964 , 22702 5847 -5847 0 16846 10999 , 12567 10669 23120 24500 18646 -5343 , 11730 -19216 21931 8257 -25732 22209 , 3473 -21931 19216 -8257 278 -6516 , 16673 -16428 -18531 29400 -2464 -12253 , 15775 11469 -11469 0 -13676 -25145 , 2.2019192969908866e-07 , 1
3.1414591002024768 , -11933 -23120 -10669 -24500 -28463 7977 , 22702 5847 -5847 0 16846 10999 , 278 -6516 -3473 22209 -25732 8257 , 20572 -17316 17316 0 -3170 14146 , 12567 10669 23120 24500 18646 -5343 , -2464 -12253 -16673 13964 6278 -29400 , -16428 16673 12253 -13964 -12727 18531 , -21931 3473 6516 -22209 11730 -19216 , 15775 11469 -11469 0 -13676 -25145 , 2.2019192969961541e-07 , 2
3.1414591002024768 , -11933 -23120 -10669 -24500 -28463 7977 , 22702 5847 -5847 0 16846 10999 , -278 6516 3473 -22209 25732 -8257 , 20572 -17316 17316 0 -3170 14146 , 12567 10669 23120 24500 18646 -5343 , 2464 12253 16673 -13964 -6278 29400 , 16428 -16673 -12253 13964 12727 -18531 , 21931 -3473 -6516 22209 -11730 19216 , 15775 11469 -11469 0 -13676 -25145 , 2.2019192969961541e-07 , 3
3.1414591002024768 , -11933 -23120 -10669 -24500 -28463 7977 , 20572 -17316 17316 0 -3170 14146 , -13964 -12727 18531 2464 -29400 6278 , 22702 5847 -5847 0 16846 10999 , 12567 10669 23120 24500 18646 -5343 , -22209 11730 -19216 -278 8257 -25732 , -21931 19216 -11730 278 -6516 -3473 , -16428 -18531 12727 -2464 -12253 -16673 , 15775 11469 -11469 0 -13676 -25145 , 2.2019192970066885e-07 , 4
3.1414591002024768 , -11933 -23120 -10669 -24500 -28463 7977 , 20572 -17316 17316 0 -3170 14146 , 13964 12727 -18531 -2464 29400 -6278 , 22702 5847 -5847 0 16846 10999 , 12567 10669 23120 24500 18646 -5343 , 22209 -11730 19216 278 -8257 25732 , 21931 -19216 11730 -278 6516 3473 , 16428 18531 -12727 2464 12253 16673 , 15775 11469 -11469 0 -13676 -25145 , 2.2019192970066885e-07 , 5
3.1414591002024768 , -11933 -23120 -10669 -24500 -28463 7977 , 20572 -17316 17316 0 -3170 14146 , -18531 -16428 16673 -6278 -13964 -12727 , 22702 5847 -5847 0 16846 10999 , 12567 10669 23120 24500 18646 -5343 , 19216 -21931 3473 25732 -22209 11730 , -6516 -3473 21931 -25732 8257 -278 , -12253 -16673 16428 6278 -29400 2464 , 15775 11469 -11469 0 -13676 -25145 , 2.201919297017223e-07 , 6
3.1414591002024768 , -11933 -23120 -10669 -24500 -28463 7977 , 20572 -17316 17316 0 -3170 14146 , 18531 16428 -16673 6278 13964 12727 , 22702 5847 -5847 0 16846 10999 , 12567 10669 23120 24500 18646 -5343 , -19216 21931 -3473 -25732 22209 -11730 , 6516 3473 -21931 25732 -8257 278 , 12253 16673 -16428 -6278 29400 -2464 , 15775 11469 -11469 0 -13676 -25145 , 2.201919297017223e-07 , 7
3.1414591002024768 , -11933 -23120 -10669 -24500 -28463 7977 , 22702 5847 -5847 0 16846 10999 , 8257 -278 6516 11730 -22209 25732 , 20572 -17316 17316 0 -3170 14146 , 12567 10669 23120 24500 18646 -5343 , -29400 2464 12253 -12727 -13964 -6278 , -16673 -12253 -2464 12727 -18531 -16428 , -3473 -6516 278 -11730 19216 -21931 , 15775 11469 -11469 0 -13676 -25145 , 2.201919297017223e-07 , 8
3.1414591002024768 , -11933 -23120 -10669 -24500 -28463 7977 , 22702 5847 -5847 0 16846 10999 , -8257 278 -6516 -11730 22209 -25732 , 20572 -17316 17316 0 -3170 14146 , 12567 10669 23120 24500 18646 -5343 , 29400 -2464 -12253 12727 13964 6278 , 16673 12253 2464 -12727 18531 16428 , 3473 6516 -278 11730 -19216 21931 , 15775 11469 -11469 0 -13676 -25145 , 2.201919297017223e-07 , 9
3.1414591002024768 , -11933 -23120 -10669 -24500 -28463 7977 , 22702 5847 -5847 0 16846 10999 , -3473 21931 -19216 8257 -278 6516 , 20572 -17316 17316 0 -3170 14146 , 12567 10669 23120 24500 18646 -5343 , -16673 16428 18531 -29400 2464 12253 , 12727 -18531 -16428 29400 -6278 -13964 , -11730 19216 -21931 -8257 25732 -22209 , 15775 11469 -11469 0 -13676 -25145 , 2.2019192970172233e-07 , 10
3.1414591002024768 , -11933 -23120 -10669 -24500 -28463 7977 , 22702 5847 -5847 0 16846 10999 , 3473 -21931 19216 -8257 278 -6516 , 20572 -17316 17316 0 -3170 14146 , 12567 10669 23120 24500 18646 -5343 , 16673 -16428 -18531 29400 -2464 -12253 , -12727 18531 16428 -29400 6278 13964 , 11730 -19216 21931 8257 -25732 22209 , 15775 11469 -11469 0 -13676 -25145 , 2.2019192970172233e-07 , 11
3.1414591002024768 , -11933 -23120 -10669 -24500 -28463 7977 , 20572 -17316 17316 0 -3170 14146 , -2464 29400 -6278 -16428 16673 12253 , 22702 5847 -5847 0 16846 10999 , 12567 10669 23120 24500 18646 -5343 , 278 -8257 25732 -21931 3473 6516 , 22209 -25732 8257 21931 -19216 11730 , 13964 6278 -29400 16428 18531 -12727 , 15775 11469 -11469 0 -13676 -25145 , 2.2019192970277574e-07 , 12
3.1414591002024768 , -11933 -23120 -10669 -24500 -28463 7977 , 20572 -17316 17316 0 -3170 14146 , 2464 -29400 6278 16428 -16673 -12253 , 22702 5847 -5847 0 16846 10999 , 12567 10669 23120 24500 18646 -5343 , -278 8257 -25732 21931 -3473 -6516 , -22209 25732 -8257 -21931 19216 -11730 , -13964 -6278 29400 -16428 -18531 12727 , 15775 11469 -11469 0 -13676 -25145 , 2.2019192970277574e-07 , 13
3.1414591002024768 , -11933 -23120 -10669 -24500 -28463 7977 , 22702 5847 -5847 0 16846 10999 , -19216 11730 -22209 6516 3473 -21931 , 20572 -17316 17316 0 -3170 14146 , 12567 10669 23120 24500 18646 -5343 , 18531 -12727 -13964 12253 16673 -16428 , 6278 13964 12727 -12253 -2464 29400 , -25732 22209 -11730 -6516 278 -8257 , 15775 11469 -11469 0 -13676 -25145 , 2.2019192970277574e-07 , 14
3.1414591002024768 , -11933 -23120 -10669 -24500 -28463 7977 , 22702 5847 -5847 0 16846 10999 , -25732 8257 -278 -19216 11730 -22209 , 20572 -17316 17316 0 -3170 14146 , 12567 10669 23120 24500 18646 -5343 , 6278 -29400 2464 18531 -12727 -13964 , -12253 -2464 29400 -18531 -16428 16673 , -6516 278 -8257 19216 -21931 3473 , 15775 11469 -11469 0 -13676 -25145 , 2.2019192970277574e-07 , 15
3.1414591002024768 , -11933 -23120 -10669 -24500 -28463 7977 , 22702 5847 -5847 0 16846 10999 , 25732 -8257 278 19216 -11730 22209 , 20572 -17316 17316 0 -3170 14146 , 12567 10669 23120 24500 18646 -5343 , -6278 29400 -2464 -18531 12727 13964 , 12253 2464 -29400 18531 16428 -16673 , 6516 -278 8257 -19216 21931 -3473 , 15775 11469 -11469 0 -13676 -25145 , 2.2019192970277574e-07 , 16
3.1414591002024768 , -11933 -23120 -10669 -24500 -28463 7977 , 22702 5847 -5847 0 16846 10999 , 19216 -11730 22209 -6516 -3473 21931 , 20572 -17316 17316 0 -3170 14146 , 12567 10669 23120 24500 18646 -5343 , -18531 12727 13964 -12253 -16673 16428 , -6278 -13964 -12727 12253 2464 -29400 , 25732 -22209 11730 6516 -278 8257 , 15775 11469 -11469 0 -13676 -25145 , 2.2019192970277574e-07 , 17
3.1414591002024768 , -11933 -23120 -10669 -24500 -28463 7977 , 20572 -17316 17316 0 -3170 14146 , -6278 -13964 -12727 12253 2464 -29400 , 22702 5847 -5847 0 16846 10999 , 12567 10669 23120 24500 18646 -5343 , 25732 -22209 11730 6516 -278 8257 , 19216 -11730 22209 -6516 -3473 21931 , -18531 12727 13964 -12253 -16673 16428 , 15775 11469 -11469 0 -13676 -25145 , 2.2019192970277577e-07 , 18
3.1414591002024768 , -11933 -23120 -10669 -24500 -28463 7977 , 20572 -17316 17316 0 -3170 14146 , 6278 13964 12727 -12253 -2464 29400 , 22702 5847 -5847 0 16846 10999 , 12567 10669 23120 24500 18646 -5343 , -25732 22209 -11730 -6516 278 -8257 , -19216 11730 -22209 6516 3473 -21931 , 18531 -12727 -13964 12253 16673 -16428 , 15775 11469 -11469 0 -13676 -25145 , 2.2019192970277577e-07 , 19
3.1414591002024768 , -11933 -23120 -10669 -24500 -28463 7977 , 22702 5847 -5847 0 16846 10999 , -21931 19216 -11730 278 -6516 -3473 , 20572 -17316 17316 0 -3170 14146 , 12567 10669 23120 24500 18646 -5343 , -16428 -18531 12727 -2464 -12253 -16673 , -13964 -12727 18531 2464 -29400 6278 , -22209 11730 -19216 -278 8257 -25732 , 15775 11469 -11469 0 -13676 -25145 , 2.2019192970382919e-07 , 20
3.1414591002024768 , -11933 -23120 -10669 -24500 -28463 7977 , 22702 5847 -5847 0 16846 10999 , 21931 -19216 11730 -278 6516 3473 , 20572 -17316 17316 0 -3170 14146 , 12567 10669 23120 24500 18646 -5343 , 16428 18531 -12727 2464 12253 16673 , 13964 12727 -18531 -2464 29400 -6278 , 22209 -11730 19216 278 -8257 25732 , 15775 11469 -11469 0 -13676 -25145 , 2.2019192970382919e-07 , 21
3.1414591002024768 , -11933 -23120 -10669 -24500 -28463 7977 , 20572 -17316 17316 0 -3170 14146 , -29400 6278 13964 -16673 -12253 -2464 , 22702 5847 -5847 0 16846 10999 , 12567 10669 23120 24500 18646 -5343 , 8257 -25732 22209 -3473 -6516 278 , 11730 -22209 25732 3473 -21931 19216 , -12727 -13964 -6278 16673 -16428 -18531 , 15775 11469 -11469 0 -13676 -25145 , 2.2019192970382921e-07 , 22
3.1414591002024768 , -11933 -23120 -10669 -24500 -28463 7977 , 20572 -17316 17316 0 -3170 14146 , 29400 -6278 -13964 16673 12253 2464 , 22702 5847 -5847 0 16846 10999 , 12567 10669 23120 24500 18646 -5343 , -8257 25732 -22209 3473 6516 -278 , -11730 22209 -25732 -3473 21931 -19216 , 12727 13964 6278 -16673 16428 18531 , 15775 11469 -11469 0 -13676 -25145 , 2.2019192970382921e-07 , 23
3.1414591002024768 , -11933 -23120 -10669 -24500 -28463 7977 , 22702 5847 -5847 0 16846 10999 , 6516 3473 -21931 25732 -8257 278 , 20572 -17316 17316 0 -3170 14146 , 12567 10669 23120 24500 18646 -5343 , 12253 16673 -16428 -6278 29400 -2464 , 18531 16428 -16673 6278 13964 12727 , -19216 21931 -3473 -25732 22209 -11730 , 15775 11469 -11469 0 -13676 -25145 , 2.2019192970382921e-07 , 24
3.1414591002024768 , -11933 -23120 -10669 -24500 -28463 7977 , 22702 5847 -5847 0 16846 10999 , -6516 -3473 21931 -25732 8257 -278 , 20572 -17316 17316 0 -3170 14146 , 12567 10669 23120 24500 18646 -5343 , -12253 -16673 16428 6278 -29400 2464 , -18531 -16428 16673 -6278 -13964 -12727 , 19216 -21931 3473 25732 -22209 11730 , 15775 11469 -11469 0 -13676 -25145 , 2.2019192970382921e-07 , 25
3.1414591002024768 , -11933 -23120 -10669 -24500 -28463 7977 , 20572 -17316 17316 0 -3170 14146 , -12253 -2464 29400 -18531 -16428 16673 , 22702 5847 -5847 0 16846 10999 , 12567 10669 23120 24500 18646 -5343 , -6516 278 -8257 19216 -21931 3473 , -25732 8257 -278 -19216 11730 -22209 , 6278 -29400 2464 18531 -12727 -13964 , 15775 11469 -11469 0 -13676 -25145 , 2.2019192970488263e-07 , 26
3.1414591002024768 , -11933 -23120 -10669 -24500 -28463 7977 , 20572 -17316 17316 0 -3170 14146 , 12253 2464 -29400 18531 16428 -16673 , 22702 5847 -5847 0 16846 10999 , 12567 10669 23120 24500 18646 -5343 , 6516 -278 8257 -19216 21931 -3473 , 25732 -8257 278 19216 -11730 22209 , -6278 29400 -2464 -18531 12727 13964 , 15775 11469 -11469 0 -13676 -25145 , 2.2019192970488263e-07 , 27
3.1414591002024768 , -11933 -23120 -10669 -24500 -28463 7977 , 22702 5847 -5847 0 16846 10999 , 22209 -25732 8257 21931 -19216 11730 , 20572 -17316 17316 0 -3170 14146 , 12567 10669 23120 24500 18646 -5343 , 13964 6278 -29400 16428 18531 -12727 , -2464 29400 -6278 -16428 16673 12253 , 278 -8257 25732 -21931 3473 6516 , 15775 11469 -11469 0 -13676 -25145 , 2.2019192970488263e-07 , 28
3.1414591002024768 , -11933 -23120 -10669 -24500 -28463 7977 , 22702 5847 -5847 0 16846 10999 , -22209 25732 -8257 -21931 19216 -11730 , 20572 -17316 17316 0 -3170 14146 , 12567 10669 23120 24500 18646 -5343 , -13964 -6278 29400 -16428 -18531 12727 , 2464 -29400 6278 16428 -16673 -12253 , -278 8257 -25732 21931 -3473 -6516 , 15775 11469 -11469 0 -13676 -25145 , 2.2019192970488263e-07 , 29
3.1414591002024768 , -11933 -23120 -10669 -24500 -28463 7977 , 20572 -17316 17316 0 -3170 14146 , -16428 16673 12253 -13964 -12727 18531 , 22702 5847 -5847 0 16846 10999 , 12567 10669 23120 24500 18646 -5343 , -21931 3473 6516 -22209 11730 -19216 , 278 -6516 -3473 22209 -25732 8257 , -2464 -12253 -16673 13964 6278 -29400 , 15775 11469 -11469 0 -13676 -25145 , 2.2019192970488266e-07 , 30
3.1414591002024768 , -11933 -23120 -10669 -24500 -28463 7977 , 20572 -17316 17316 0 -3170 14146 , 16428 -16673 -12253 13964 12727 -18531 , 22702 5847 -5847 0 16846 10999 , 12567 10669 23120 24500 18646 -5343 , 21931 -3473 -6516 22209 -11730 19216 , -278 6516 3473 -22209 25732 -8257 , 2464 12253 16673 -13964 -6278 29400 , 15775 11469 -11469 0 -13676 -25145 , 2.2019192970488266e-07 , 31
3.1414591002024768 , -11933 -23120 -10669 -24500 -28463 7977 , 22702 5847 -5847 0 16846 10999 , -11730 22209 -25732 -3473 21931 -19216 , 20572 -17316 17316 0 -3170 14146 , 12567 10669 23120 24500 18646 -5343 , 12727 13964 6278 -16673 16428 18531 , 29400 -6278 -13964 16673 12253 2464 , -8257 25732 -22209 3473 6516 -278 , 15775 11469 -11469 0 -13676 -25145 , 2.2019192970488266e-07 , 32
3.1414591002024768 , -11933 -23120 -10669 -24500 -28463 7977 , 22702 5847 -5847 0 16846 10999 , 11730 -22209 25732 3473 -21931 19216 , 20572 -17316 17316 0 -3170 14146 , 12567 10669 23120 24500 18646 -5343 , -12727 -13964 -6278 16673 -16428 -18531 , -29400 6278 13964 -16673 -12253 -2464 , 8257 -25732 22209 -3473 -6516 278 , 15775 11469 -11469 0 -13676 -25145 , 2.2019192970488266e-07 , 33
3.1414591002024768 , -11933 -23120 -10669 -24500 -28463 7977 , 20572 -17316 17316 0 -3170 14146 , -16673 -12253 -2464 12727 -18531 -16428 , 22702 5847 -5847 0 16846 10999 , 12567 10669 23120 24500 18646 -5343 , -3473 -6516 278 -11730 19216 -21931 , 8257 -278 6516 11730 -22209 25732 , -29400 2464 12253 -12727 -13964 -6278 , 15775 11469 -11469 0 -13676 -25145 , 2.2019192970698955e-07 , 34
3.1414591002024768 , -11933 -23120 -10669 -24500 -28463 7977 , 20572 -17316 17316 0 -3170 14146 , 16673 12253 2464 -12727 18531 16428 , 22702 5847 -5847 0 16846 10999 , 12567 10669 23120 24500 18646 -5343 , 3473 6516 -278 11730 -19216 21931 , -8257 278 -6516 -11730 22209 -25732 , 29400 -2464 -12253 12727 13964 6278 , 15775 11469 -11469 0 -13676 -25145 , 2.2019192970698955e-07 , 35
