#f=6
# columns: theta, 3^f*Mij (3x3 6-element-groups), frob, rank
0.0013756044551740995 , 319 -5 -182 124 -161 -379 , 381 -164 164 0 69 233 , 127 -55 -185 113 173 -177 , 357 -157 157 0 62 219 , 195 182 5 -124 -197 -156 , -29 -242 76 184 -271 -41 , -213 -76 242 -184 -117 -29 , 14 185 55 -113 8 228 , -9 321 -321 0 -131 -452 , 0.00013512658522159968 , 0
0.0013756044551740995 , 319 -5 -182 124 -161 -379 , 381 -164 164 0 69 233 , -127 55 185 -113 -173 177 , 357 -157 157 0 62 219 , 195 182 5 -124 -197 -156 , 29 242 -76 -184 271 41 , 213 76 -242 184 117 29 , -14 -185 -55 113 -8 -228 , -9 321 -321 0 -131 -452 , 0.00013512658522159968 , 1
0.0013756044551740995 , 319 -5 -182 124 -161 -379 , 357 -157 157 0 62 219 , 242 29 -41 -29 213 76 , 381 -164 164 0 69 233 , 195 182 5 -124 -197 -156 , 55 -127 -177 228 -14 -185 , -173 177 127 -228 -8 113 , 271 41 -29 29 117 184 , -9 321 -321 0 -131 -452 , 0.00013512658522166711 , 2
0.0013756044551740995 , 319 -5 -182 124 -161 -379 , 357 -157 157 0 62 219 , -242 -29 41 29 -213 -76 , 381 -164 164 0 69 233 , 195 182 5 -124 -197 -156 , -55 127 177 -228 14 185 , 173 -177 -127 228 8 -113 , -271 -41 29 -29 -117 -184 , -9 321 -321 0 -131 -452 , 0.00013512658522166711 , 3
0.0013756044551740995 , 319 -5 -182 124 -161 -379 , 381 -164 164 0 69 233 , -55 -185 -14 173 -177 -127 , 357 -157 157 0 62 219 , 195 182 5 -124 -197 -156 , -242 76 213 -271 -41 29 , 29 -213 -76 271 -184 -117 , -228 14 185 -173 -113 8 , -9 321 -321 0 -131 -452 , 0.00013512658522180199 , 4
0.0013756044551740995 , 319 -5 -182 124 -161 -379 , 381 -164 164 0 69 233 , 55 185 14 -173 177 127 , 357 -157 157 0 62 219 , 195 182 5 -124 -197 -156 , 242 -76 -213 271 41 -29 , -29 213 76 -271 184 117 , 228 -14 -185 173 113 -8 , -9 321 -321 0 -131 -452 , 0.00013512658522180199 , 5
0.0013756044551740995 , 319 -5 -182 124 -161 -379 , 381 -164 164 0 69 233 , 173 -177 -127 228 8 -113 , 357 -157 157 0 62 219 , 195 182 5 -124 -197 -156 , -271 -41 29 -29 -117 -184 , -242 -29 41 29 -213 -76 , -55 127 177 -228 14 185 , -9 321 -321 0 -131 -452 , 0.00013512658522186945 , 6
0.0013756044551740995 , 319 -5 -182 124 -161 -379 , 381 -164 164 0 69 233 , -173 177 127 -228 -8 113 , 357 -157 157 0 62 219 , 195 182 5 -124 -197 -156 , 271 41 -29 29 117 184 , 242 29 -41 -29 213 76 , 55 -127 -177 228 -14 -185 , -9 321 -321 0 -131 -452 , 0.00013512658522186945 , 7
0.0013756044551740995 , 319 -5 -182 124 -161 -379 , 357 -157 157 0 62 219 , -213 -76 242 -184 -117 -29 , 381 -164 164 0 69 233 , 195 182 5 -124 -197 -156 , 14 185 55 -113 8 228 , 127 -55 -185 113 173 -177 , -29 -242 76 184 -271 -41 , -9 321 -321 0 -131 -452 , 0.00013512658522193686 , 8
0.0013756044551740995 , 319 -5 -182 124 -161 -379 , 357 -157 157 0 62 219 , -76 242 29 -117 -29 213 , 381 -164 164 0 69 233 , 195 182 5 -124 -197 -156 , 185 55 -127 8 228 -14 , 177 127 -55 -8 113 173 , 41 -29 -242 117 184 -271 , -9 321 -321 0 -131 -452 , 0.00013512658522193686 , 9
0.0013756044551740995 , 319 -5 -182 124 -161 -379 , 357 -157 157 0 62 219 , 76 -242 -29 117 29 -213 , 381 -164 164 0 69 233 , 195 182 5 -124 -197 -156 , -185 -55 127 -8 -228 14 , -177 -127 55 8 -113 -173 , -41 29 242 -117 -184 271 , -9 321 -321 0 -131 -452 , 0.00013512658522193686 , 10
0.0013756044551740995 , 319 -5 -182 124 -161 -379 , 357 -157 157 0 62 219 , 213 76 -242 184 117 29 , 381 -164 164 0 69 233 , 195 182 5 -124 -197 -156 , -14 -185 -55 113 -8 -228 , -127 55 185 -113 -173 177 , 29 242 -76 -184 271 41 , -9 321 -321 0 -131 -452 , 0.00013512658522193686 , 11
0.0013756044551740995 , 319 -5 -182 124 -161 -379 , 381 -164 164 0 69 233 , -177 -127 55 8 -113 -173 , 357 -157 157 0 62 219 , 195 182 5 -124 -197 -156 , -41 29 242 -117 -184 271 , 76 -242 -29 117 29 -213 , -185 -55 127 -8 -228 14 , -9 321 -321 0 -131 -452 , 0.00013512658522200433 , 12
0.0013756044551740995 , 319 -5 -182 124 -161 -379 , 381 -164 164 0 69 233 , 177 127 -55 -8 113 173 , 357 -157 157 0 62 219 , 195 182 5 -124 -197 -156 , 41 -29 -242 117 184 -271 , -76 242 29 -117 -29 213 , 185 55 -127 8 228 -14 , -9 321 -321 0 -131 -452 , 0.00013512658522200433 , 13
0.0013756044551740995 , 319 -5 -182 124 -161 -379 , 357 -157 157 0 62 219 , -117 -29 213 -41 -271 184 , 381 -164 164 0 69 233 , 195 182 5 -124 -197 -156 , 8 228 -14 -177 173 113 , 185 14 -228 177 127 -55 , -76 -213 29 41 -29 -242 , -9 321 -321 0 -131 -452 , 0.00013512658522207176 , 14
0.0013756044551740995 , 319 -5 -182 124 -161 -379 , 357 -157 157 0 62 219 , 117 29 -213 41 271 -184 , 381 -164 164 0 69 233 , 195 182 5 -124 -197 -156 , -8 -228 14 177 -173 -113 , -185 -14 228 -177 -127 55 , 76 213 -29 -41 29 242 , -9 321 -321 0 -131 -452 , 0.00013512658522207176 , 15
0.0013756044551740995 , 319 -5 -182 124 -161 -379 , 357 -157 157 0 62 219 , -184 -117 -29 29 -41 -271 , 381 -164 164 0 69 233 , 195 182 5 -124 -197 -156 , -113 8 228 -127 -177 173 , 14 -228 -8 127 -55 -185 , -213 29 117 -29 -242 76 , -9 321 -321 0 -131 -452 , 0.0001351265852221392 , 16
0.0013756044551740995 , 319 -5 -182 124 -161 -379 , 357 -157 157 0 62 219 , 184 117 29 -29 41 271 , 381 -164 164 0 69 233 , 195 182 5 -124 -197 -156 , 113 -8 -228 127 177 -173 , -14 228 8 -127 55 185 , 213 -29 -117 29 242 -76 , -9 321 -321 0 -131 -452 , 0.0001351265852221392 , 17
0.0013756044551740995 , 319 -5 -182 124 -161 -379 , 357 -157 157 0 62 219 , -29 213 76 -271 184 117 , 381 -164 164 0 69 233 , 195 182 5 -124 -197 -156 , 228 -14 -185 173 113 -8 , 55 185 14 -173 177 127 , 242 -76 -213 271 41 -29 , -9 321 -321 0 -131 -452 , 0.00013512658522213923 , 18
0.0013756044551740995 , 319 -5 -182 124 -161 -379 , 357 -157 157 0 62 219 , 29 -213 -76 271 -184 -117 , 381 -164 164 0 69 233 , 195 182 5 -124 -197 -156 , -228 14 185 -173 -113 8 , -55 -185 -14 173 -177 -127 , -242 76 213 -271 -41 29 , -9 321 -321 0 -131 -452 , 0.00013512658522213923 , 19
0.0013756044551740995 , 319 -5 -182 124 -161 -379 , 381 -164 164 0 69 233 , 113 173 -177 -14 228 8 , 357 -157 157 0 62 219 , 195 182 5 -124 -197 -156 , 184 -271 -41 213 -29 -117 , -29 41 271 -213 -76 242 , 127 177 -173 14 185 55 , -9 321 -321 0 -131 -452 , 0.00013512658522213923 , 20
0.0013756044551740995 , 319 -5 -182 124 -161 -379 , 381 -164 164 0 69 233 , -113 -173 177 14 -228 -8 , 357 -157 157 0 62 219 , 195 182 5 -124 -197 -156 , -184 271 41 -213 29 117 , 29 -41 -271 213 76 -242 , -127 -177 173 -14 -185 -55 , -9 321 -321 0 -131 -452 , 0.00013512658522213923 , 21
0.0013756044551740995 , 319 -5 -182 124 -161 -379 , 357 -157 157 0 62 219 , 29 -41 -271 213 76 -242 , 381 -164 164 0 69 233 , 195 182 5 -124 -197 -156 , -127 -177 173 -14 -185 -55 , -113 -173 177 14 -228 -8 , -184 271 41 -213 29 117 , -9 321 -321 0 -131 -452 , 0.0001351265852222741 , 22
0.0013756044551740995 , 319 -5 -182 124 -161 -379 , 357 -157 157 0 62 219 , -29 41 271 -213 -76 242 , 381 -164 164 0 69 233 , 195 182 5 -124 -197 -156 , 127 177 -173 14 185 55 , 113 173 -177 -14 228 8 , 184 -271 -41 213 -29 -117 , -9 321 -321 0 -131 -452 , 0.0001351265852222741 , 23
0.0013756044551740995 , 319 -5 -182 124 -161 -379 , 357 -157 157 0 62 219 , -41 -271 184 76 -242 -29 , 381 -164 164 0 69 233 , 195 182 5 -124 -197 -156 , -177 173 113 -185 -55 127 , 8 -113 -173 185 14 -228 , -117 -184 271 -76 -213 29 , -9 321 -321 0 -131 -452 , 0.00013512658522234154 , 24
0.0013756044551740995 , 319 -5 -182 124 -161 -379 , 357 -157 157 0 62 219 , 41 271 -184 -76 242 29 , 381 -164 164 0 69 233 , 195 182 5 -124 -197 -156 , 177 -173 -113 185 55 -127 , -8 113 173 -185 -14 228 , 117 184 -271 76 213 -29 , -9 321 -321 0 -131 -452 , 0.00013512658522234154 , 25
0.0013756044551740995 , 319 -5 -182 124 -161 -379 , 381 -164 164 0 69 233 , -14 228 8 -127 55 185 , 357 -157 157 0 62 219 , 195 182 5 -124 -197 -156 , 213 -29 -117 29 242 -76 , 184 117 29 -29 41 271 , 113 -8 -228 127 177 -173 , -9 321 -321 0 -131 -452 , 0.00013512658522234154 , 26
0.0013756044551740995 , 319 -5 -182 124 -161 -379 , 381 -164 164 0 69 233 , 14 -228 -8 127 -55 -185 , 357 -157 157 0 62 219 , 195 182 5 -124 -197 -156 , -213 29 117 -29 -242 76 , -184 -117 -29 29 -41 -271 , -113 8 228 -127 -177 173 , -9 321 -321 0 -131 -452 , 0.00013512658522234154 , 27
0.0013756044551740995 , 319 -5 -182 124 -161 -379 , 357 -157 157 0 62 219 , -271 184 117 -242 -29 41 , 381 -164 164 0 69 233 , 195 182 5 -124 -197 -156 , 173 113 -8 -55 127 177 , 228 8 -113 55 185 14 , -29 -117 -184 242 -76 -213 , -9 321 -321 0 -131 -452 , 0.00013512658522240898 , 28
0.0013756044551740995 , 319 -5 -182 124 -161 -379 , 357 -157 157 0 62 219 , 271 -184 -117 242 29 -41 , 381 -164 164 0 69 233 , 195 182 5 -124 -197 -156 , -173 -113 8 55 -127 -177 , -228 -8 113 -55 -185 -14 , 29 117 184 -242 76 213 , -9 321 -321 0 -131 -452 , 0.00013512658522240898 , 29
0.0013756044551740995 , 319 -5 -182 124 -161 -379 , 381 -164 164 0 69 233 , -228 -8 113 -55 -185 -14 , 357 -157 157 0 62 219 , 195 182 5 -124 -197 -156 , 29 117 184 -242 76 213 , 271 -184 -117 242 29 -41 , -173 -113 8 55 -127 -177 , -9 321 -321 0 -131 -452 , 0.00013512658522240898 , 30
0.0013756044551740995 , 319 -5 -182 124 -161 -379 , 381 -164 164 0 69 233 , 228 8 -113 55 185 14 , 357 -157 157 0 62 219 , 195 182 5 -124 -197 -156 , -29 -117 -184 242 -76 -213 , -271 184 117 -242 -29 41 , 173 113 -8 -55 127 177 , -9 321 -321 0 -131 -452 , 0.00013512658522240898 , 31
0.0013756044551740995 , 319 -5 -182 124 -161 -379 , 381 -164 164 0 69 233 , -185 -14 228 -177 -127 55 , 357 -157 157 0 62 219 , 195 182 5 -124 -197 -156 , 76 213 -29 -41 29 242 , 117 29 -213 41 271 -184 , -8 -228 14 177 -173 -113 , -9 321 -321 0 -131 -452 , 0.00013512658522247642 , 32
0.0013756044551740995 , 319 -5 -182 124 -161 -379 , 381 -164 164 0 69 233 , -8 113 173 -185 -14 228 , 357 -157 157 0 62 219 , 195 182 5 -124 -197 -156 , 117 184 -271 76 213 -29 , 41 271 -184 -76 242 29 , 177 -173 -113 185 55 -127 , -9 321 -321 0 -131 -452 , 0.00013512658522247642 , 33
0.0013756044551740995 , 319 -5 -182 124 -161 -379 , 381 -164 164 0 69 233 , 8 -113 -173 185 14 -228 , 357 -157 157 0 62 219 , 195 182 5 -124 -197 -156 , -117 -184 271 -76 -213 29 , -41 -271 184 76 -242 -29 , -177 173 113 -185 -55 127 , -9 321 -321 0 -131 -452 , 0.00013512658522247642 , 34
0.0013756044551740995 , 319 -5 -182 124 -161 -379 , 381 -164 164 0 69 233 , 185 14 -228 177 127 -55 , 357 -157 157 0 62 219 , 195 182 5 -124 -197 -156 , -76 -213 29 41 -29 -242 , -117 -29 213 -41 -271 184 , 8 228 -14 -177 173 113 , -9 321 -321 0 -131 -452 , 0.00013512658522247642 , 35
0.1006141894417531 , -8 76 -166 30 -308 -460 , -82 -90 90 0 -117 -27 , -145 -227 252 -180 -20 -177 , 357 -76 76 0 128 204 , -38 166 -76 -30 -294 -384 , -72 -96 142 -114 -4 -64 , 42 -142 96 114 -206 92 , 35 -252 227 180 -429 207 , 454 166 -166 0 -11 -177 , 0.0001991368570489278 , 0
0.1006141894417531 , -8 76 -166 30 -308 -460 , -82 -90 90 0 -117 -27 , 145 227 -252 180 20 177 , 357 -76 76 0 128 204 , -38 166 -76 -30 -294 -384 , 72 96 -142 114 4 64 , -42 142 -96 -114 206 -92 , -35 252 -227 -180 429 -207 , 454 166 -166 0 -11 -177 , 0.0001991368570489278 , 1
0.1006141894417531 , -8 76 -166 30 -308 -460 , 357 -76 76 0 128 204 , -206 92 -42 -64 -4 -114 , -82 -90 90 0 -117 -27 , -38 166 -76 -30 -294 -384 , -429 207 -35 -177 -20 -180 , -252 35 -207 177 -145 -227 , -142 42 -92 64 -72 -96 , 454 166 -166 0 -11 -177 , 0.00019913685704892782 , 2
0.1006141894417531 , -8 76 -166 30 -308 -460 , 357 -76 76 0 128 204 , 206 -92 42 64 4 114 , -82 -90 90 0 -117 -27 , -38 166 -76 -30 -294 -384 , 429 -207 35 177 20 180 , 252 -35 207 -177 145 227 , 142 -42 92 -64 72 96 , 454 166 -166 0 -11 -177 , 0.00019913685704892782 , 3
0.1006141894417531 , -8 76 -166 30 -308 -460 , -82 -90 90 0 -117 -27 , 177 -145 -227 429 -180 -20 , 357 -76 76 0 128 204 , -38 166 -76 -30 -294 -384 , 64 -72 -96 206 -114 -4 , -142 96 72 -206 92 -42 , -252 227 145 -429 207 -35 , 454 166 -166 0 -11 -177 , 0.00019913685704892782 , 4
0.1006141894417531 , -8 76 -166 30 -308 -460 , -82 -90 90 0 -117 -27 , -177 145 227 -429 180 20 , 357 -76 76 0 128 204 , -38 166 -76 -30 -294 -384 , -64 72 96 -206 114 4 , 142 -96 -72 206 -92 42 , 252 -227 -145 429 -207 35 , 454 166 -166 0 -11 -177 , 0.00019913685704892782 , 5
0.1006141894417531 , -8 76 -166 30 -308 -460 , 357 -76 76 0 128 204 , 4 114 -206 96 72 -64 , -82 -90 90 0 -117 -27 , -38 166 -76 -30 -294 -384 , 20 180 -429 227 145 -177 , -207 429 -180 -227 252 -35 , -92 206 -114 -96 142 -42 , 454 166 -166 0 -11 -177 , 0.00019913685704892791 , 6
0.1006141894417531 , -8 76 -166 30 -308 -460 , 357 -76 76 0 128 204 , -4 -114 206 -96 -72 64 , -82 -90 90 0 -117 -27 , -38 166 -76 -30 -294 -384 , -20 -180 429 -227 -145 177 , 207 -429 180 227 -252 35 , 92 -206 114 96 -142 42 , 454 166 -166 0 -11 -177 , 0.00019913685704892791 , 7
0.1006141894417531 , -8 76 -166 30 -308 -460 , 357 -76 76 0 128 204 , -114 206 -92 -72 64 4 , -82 -90 90 0 -117 -27 , -38 166 -76 -30 -294 -384 , -180 429 -207 -145 177 20 , -35 207 -429 145 227 -252 , -42 92 -206 72 96 -142 , 454 166 -166 0 -11 -177 , 0.00019913685704892796 , 8
0.1006141894417531 , -8 76 -166 30 -308 -460 , 357 -76 76 0 128 204 , 114 -206 92 72 -64 -4 , -82 -90 90 0 -117 -27 , -38 166 -76 -30 -294 -384 , 180 -429 207 145 -177 -20 , 35 -207 429 -145 -227 252 , 42 -92 206 -72 -96 142 , 454 166 -166 0 -11 -177 , 0.00019913685704892796 , 9
0.1006141894417531 , -8 76 -166 30 -308 -460 , -82 -90 90 0 -117 -27 , -227 252 -35 -20 -177 145 , 357 -76 76 0 128 204 , -38 166 -76 -30 -294 -384 , -96 142 -42 -4 -64 72 , -92 42 -142 4 114 -206 , -207 35 -252 20 180 -429 , 454 166 -166 0 -11 -177 , 0.00019913685704892796 , 10
0.1006141894417531 , -8 76 -166 30 -308 -460 , -82 -90 90 0 -117 -27 , 227 -252 35 20 177 -145 , 357 -76 76 0 128 204 , -38 166 -76 -30 -294 -384 , 96 -142 42 4 64 -72 , 92 -42 142 -4 -114 206 , 207 -35 252 -20 -180 429 , 454 166 -166 0 -11 -177 , 0.00019913685704892796 , 11
0.1006141894417531 , -8 76 -166 30 -308 -460 , 357 -76 76 0 128 204 , 64 4 114 -142 96 72 , -82 -90 90 0 -117 -27 , -38 166 -76 -30 -294 -384 , 177 20 180 -252 227 145 , 429 -180 -20 252 -35 207 , 206 -114 -4 142 -42 92 , 454 166 -166 0 -11 -177 , 0.00019913685704892807 , 12
0.1006141894417531 , -8 76 -166 30 -308 -460 , 357 -76 76 0 128 204 , -64 -4 -114 142 -96 -72 , -82 -90 90 0 -117 -27 , -38 166 -76 -30 -294 -384 , -177 -20 -180 252 -227 -145 , -429 180 20 -252 35 -207 , -206 114 4 -142 42 -92 , 454 166 -166 0 -11 -177 , 0.00019913685704892807 , 13
0.1006141894417531 , -8 76 -166 30 -308 -460 , -82 -90 90 0 -117 -27 , -252 35 -207 177 -145 -227 , 357 -76 76 0 128 204 , -38 166 -76 -30 -294 -384 , -142 42 -92 64 -72 -96 , -206 92 -42 -64 -4 -114 , -429 207 -35 -177 -20 -180 , 454 166 -166 0 -11 -177 , 0.00019913685704892807 , 14
0.1006141894417531 , -8 76 -166 30 -308 -460 , -82 -90 90 0 -117 -27 , 35 -207 429 -145 -227 252 , 357 -76 76 0 128 204 , -38 166 -76 -30 -294 -384 , 42 -92 206 -72 -96 142 , 114 -206 92 72 -64 -4 , 180 -429 207 145 -177 -20 , 454 166 -166 0 -11 -177 , 0.00019913685704892807 , 15
0.1006141894417531 , -8 76 -166 30 -308 -460 , -82 -90 90 0 -117 -27 , -35 207 -429 145 227 -252 , 357 -76 76 0 128 204 , -38 166 -76 -30 -294 -384 , -42 92 -206 72 96 -142 , -114 206 -92 -72 64 4 , -180 429 -207 -145 177 20 , 454 166 -166 0 -11 -177 , 0.00019913685704892807 , 16
0.1006141894417531 , -8 76 -166 30 -308 -460 , -82 -90 90 0 -117 -27 , 252 -35 207 -177 145 227 , 357 -76 76 0 128 204 , -38 166 -76 -30 -294 -384 , 142 -42 92 -64 72 96 , 206 -92 42 64 4 114 , 429 -207 35 177 20 180 , 454 166 -166 0 -11 -177 , 0.00019913685704892807 , 17
0.1006141894417531 , -8 76 -166 30 -308 -460 , -82 -90 90 0 -117 -27 , -207 429 -180 -227 252 -35 , 357 -76 76 0 128 204 , -38 166 -76 -30 -294 -384 , -92 206 -114 -96 142 -42 , 4 114 -206 96 72 -64 , 20 180 -429 227 145 -177 , 454 166 -166 0 -11 -177 , 0.00019913685704892823 , 18
0.1006141894417531 , -8 76 -166 30 -308 -460 , -82 -90 90 0 -117 -27 , 207 -429 180 227 -252 35 , 357 -76 76 0 128 204 , -38 166 -76 -30 -294 -384 , 92 -206 114 96 -142 42 , -4 -114 206 -96 -72 64 , -20 -180 429 -227 -145 177 , 454 166 -166 0 -11 -177 , 0.00019913685704892823 , 19
0.1006141894417531 , -8 76 -166 30 -308 -460 , 357 -76 76 0 128 204 , -72 64 4 42 -142 96 , -82 -90 90 0 -117 -27 , -38 166 -76 -30 -294 -384 , -145 177 20 35 -252 227 , -180 -20 -177 -35 207 -429 , -114 -4 -64 -42 92 -206 , 454 166 -166 0 -11 -177 , 0.00019913685704892826 , 20
0.1006141894417531 , -8 76 -166 30 -308 -460 , 357 -76 76 0 128 204 , -92 42 -142 4 114 -206 , -82 -90 90 0 -117 -27 , -38 166 -76 -30 -294 -384 , -207 35 -252 20 180 -429 , -227 252 -35 -20 -177 145 , -96 142 -42 -4 -64 72 , 454 166 -166 0 -11 -177 , 0.00019913685704892826 , 21
0.1006141894417531 , -8 76 -166 30 -308 -460 , 357 -76 76 0 128 204 , -142 96 72 -206 92 -42 , -82 -90 90 0 -117 -27 , -38 166 -76 -30 -294 -384 , -252 227 145 -429 207 -35 , 177 -145 -227 429 -180 -20 , 64 -72 -96 206 -114 -4 , 454 166 -166 0 -11 -177 , 0.00019913685704892826 , 22
0.1006141894417531 , -8 76 -166 30 -308 -460 , 357 -76 76 0 128 204 , 142 -96 -72 206 -92 42 , -82 -90 90 0 -117 -27 , -38 166 -76 -30 -294 -384 , 252 -227 -145 429 -207 35 , -177 145 227 -429 180 20 , -64 72 96 -206 114 4 , 454 166 -166 0 -11 -177 , 0.00019913685704892826 , 23
0.1006141894417531 , -8 76 -166 30 -308 -460 , 357 -76 76 0 128 204 , 92 -42 142 -4 -114 206 , -82 -90 90 0 -117 -27 , -38 166 -76 -30 -294 -384 , 207 -35 252 -20 -180 429 , 227 -252 35 20 177 -145 , 96 -142 42 4 64 -72 , 454 166 -166 0 -11 -177 , 0.00019913685704892826 , 24
0.1006141894417531 , -8 76 -166 30 -308 -460 , 357 -76 76 0 128 204 , 72 -64 -4 -42 142 -96 , -82 -90 90 0 -117 -27 , -38 166 -76 -30 -294 -384 , 145 -177 -20 -35 252 -227 , 180 20 177 35 -207 429 , 114 4 64 42 -92 206 , 454 166 -166 0 -11 -177 , 0.00019913685704892826 , 25
0.1006141894417531 , -8 76 -166 30 -308 -460 , -82 -90 90 0 -117 -27 , -180 -20 -177 -35 207 -429 , 357 -76 76 0 128 204 , -38 166 -76 -30 -294 -384 , -114 -4 -64 -42 92 -206 , -72 64 4 42 -142 96 , -145 177 20 35 -252 227 , 454 166 -166 0 -11 -177 , 0.00019913685704892826 , 26
0.1006141894417531 , -8 76 -166 30 -308 -460 , -82 -90 90 0 -117 -27 , 180 20 177 35 -207 429 , 357 -76 76 0 128 204 , -38 166 -76 -30 -294 -384 , 114 4 64 42 -92 206 , 72 -64 -4 -42 142 -96 , 145 -177 -20 -35 252 -227 , 454 166 -166 0 -11 -177 , 0.00019913685704892826 , 27
0.1006141894417531 , -8 76 -166 30 -308 -460 , 357 -76 76 0 128 204 , -96 -72 64 -92 42 -142 , -82 -90 90 0 -117 -27 , -38 166 -76 -30 -294 -384 , -227 -145 177 -207 35 -252 , -20 -177 145 207 -429 180 , -4 -64 72 92 -206 114 , 454 166 -166 0 -11 -177 , 0.00019913685704892845 , 28
0.1006141894417531 , -8 76 -166 30 -308 -460 , 357 -76 76 0 128 204 , 96 72 -64 92 -42 142 , -82 -90 90 0 -117 -27 , -38 166 -76 -30 -294 -384 , 227 145 -177 207 -35 252 , 20 177 -145 -207 429 -180 , 4 64 -72 -92 206 -114 , 454 166 -166 0 -11 -177 , 0.00019913685704892845 , 29
0.1006141894417531 , -8 76 -166 30 -308 -460 , 357 -76 76 0 128 204 , 42 -142 96 114 -206 92 , -82 -90 90 0 -117 -27 , -38 166 -76 -30 -294 -384 , 35 -252 227 180 -429 207 , -145 -227 252 -180 -20 -177 , -72 -96 142 -114 -4 -64 , 454 166 -166 0 -11 -177 , 0.00019913685704892848 , 30
0.1006141894417531 , -8 76 -166 30 -308 -460 , 357 -76 76 0 128 204 , -42 142 -96 -114 206 -92 , -82 -90 90 0 -117 -27 , -38 166 -76 -30 -294 -384 , -35 252 -227 -180 429 -207 , 145 227 -252 180 20 177 , 72 96 -142 114 4 64 , 454 166 -166 0 -11 -177 , 0.00019913685704892848 , 31
0.1006141894417531 , -8 76 -166 30 -308 -460 , -82 -90 90 0 -117 -27 , -429 180 20 -252 35 -207 , 357 -76 76 0 128 204 , -38 166 -76 -30 -294 -384 , -206 114 4 -142 42 -92 , -64 -4 -114 142 -96 -72 , -177 -20 -180 252 -227 -145 , 454 166 -166 0 -11 -177 , 0.00019913685704892848 , 32
0.1006141894417531 , -8 76 -166 30 -308 -460 , -82 -90 90 0 -117 -27 , 429 -180 -20 252 -35 207 , 357 -76 76 0 128 204 , -38 166 -76 -30 -294 -384 , 206 -114 -4 142 -42 92 , 64 4 114 -142 96 72 , 177 20 180 -252 227 145 , 454 166 -166 0 -11 -177 , 0.00019913685704892848 , 33
0.1006141894417531 , -8 76 -166 30 -308 -460 , -82 -90 90 0 -117 -27 , -20 -177 145 207 -429 180 , 357 -76 76 0 128 204 , -38 166 -76 -30 -294 -384 , -4 -64 72 92 -206 114 , -96 -72 64 -92 42 -142 , -227 -145 177 -207 35 -252 , 454 166 -166 0 -11 -177 , 0.00019913685704892864 , 34
0.1006141894417531 , -8 76 -166 30 -308 -460 , -82 -90 90 0 -117 -27 , 20 177 -145 -207 429 -180 , 357 -76 76 0 128 204 , -38 166 -76 -30 -294 -384 , 4 64 -72 -92 206 -114 , 96 72 -64 92 -42 142 , 227 145 -177 207 -35 252 , 454 166 -166 0 -11 -177 , 0.00019913685704892864 , 35
0.1006141894417531 , 259 -97 7 79 -382 -237 , 70 -345 345 0 -244 101 , -88 -204 208 33 -269 30 , 205 179 -179 0 255 76 , 180 -7 97 -79 -244 -285 , -249 226 -218 28 -2 -134 , -277 218 -226 -28 84 -228 , -121 -208 204 -33 -178 -65 , 454 166 -166 0 -11 -177 , 0.0002048602746347395 , 36
0.1006141894417531 , 259 -97 7 79 -382 -237 , 70 -345 345 0 -244 101 , 88 204 -208 -33 269 -30 , 205 179 -179 0 255 76 , 180 -7 97 -79 -244 -285 , 249 -226 218 -28 2 134 , 277 -218 226 28 -84 228 , 121 208 -204 33 178 65 , 454 166 -166 0 -11 -177 , 0.0002048602746347395 , 37
0.1006141894417531 , 259 -97 7 79 -382 -237 , 205 179 -179 0 255 76 , -2 28 -84 226 -249 134 , 70 -345 345 0 -244 101 , 180 -7 97 -79 -244 -285 , -269 33 178 -204 -88 -30 , -65 -178 -33 204 -208 -121 , -228 84 -28 -226 218 -277 , 454 166 -166 0 -11 -177 , 0.00020486027463475178 , 38
0.1006141894417531 , 259 -97 7 79 -382 -237 , 205 179 -179 0 255 76 , 2 -28 84 -226 249 -134 , 70 -345 345 0 -244 101 , 180 -7 97 -79 -244 -285 , 269 -33 -178 204 88 30 , 65 178 33 -204 208 121 , 228 -84 28 226 -218 277 , 454 166 -166 0 -11 -177 , 0.00020486027463475178 , 39
0.1006141894417531 , 259 -97 7 79 -382 -237 , 70 -345 345 0 -244 101 , 208 121 -65 30 88 204 , 205 179 -179 0 255 76 , 180 -7 97 -79 -244 -285 , -218 277 -228 -134 249 -226 , -84 228 -277 134 2 -28 , 178 65 -121 -30 269 -33 , 454 166 -166 0 -11 -177 , 0.00020486027463476286 , 40
0.1006141894417531 , 259 -97 7 79 -382 -237 , 70 -345 345 0 -244 101 , -208 -121 65 -30 -88 -204 , 205 179 -179 0 255 76 , 180 -7 97 -79 -244 -285 , 218 -277 228 134 -249 226 , 84 -228 277 -134 -2 28 , -178 -65 121 30 -269 33 , 454 166 -166 0 -11 -177 , 0.00020486027463476286 , 41
0.1006141894417531 , 259 -97 7 79 -382 -237 , 205 179 -179 0 255 76 , 134 2 -28 218 -226 249 , 70 -345 345 0 -244 101 , 180 -7 97 -79 -244 -285 , -30 269 -33 -208 204 88 , 178 33 -269 208 121 -65 , -84 28 -2 -218 277 -228 , 454 166 -166 0 -11 -177 , 0.00020486027463477341 , 42
0.1006141894417531 , 259 -97 7 79 -382 -237 , 205 179 -179 0 255 76 , -134 -2 28 -218 226 -249 , 70 -345 345 0 -244 101 , 180 -7 97 -79 -244 -285 , 30 -269 33 208 -204 -88 , -178 -33 269 -208 -121 65 , 84 -28 2 218 -277 228 , 454 166 -166 0 -11 -177 , 0.00020486027463477341 , 43
0.1006141894417531 , 259 -97 7 79 -382 -237 , 205 179 -179 0 255 76 , 226 -249 134 228 -277 218 , 70 -345 345 0 -244 101 , 180 -7 97 -79 -244 -285 , -204 -88 -30 65 -121 -208 , -269 30 88 -65 -178 -33 , -2 -134 249 -228 84 -28 , 454 166 -166 0 -11 -177 , 0.00020486027463479636 , 44
0.1006141894417531 , 259 -97 7 79 -382 -237 , 205 179 -179 0 255 76 , -226 249 -134 -228 277 -218 , 70 -345 345 0 -244 101 , 180 -7 97 -79 -244 -285 , 204 88 30 -65 121 208 , 269 -30 -88 65 178 33 , 2 134 -249 228 -84 28 , 454 166 -166 0 -11 -177 , 0.00020486027463479636 , 45
0.1006141894417531 , 259 -97 7 79 -382 -237 , 205 179 -179 0 255 76 , -228 277 -218 -2 28 -84 , 70 -345 345 0 -244 101 , 180 -7 97 -79 -244 -285 , -65 121 208 -269 33 178 , 204 -208 -121 269 -30 -88 , -226 218 -277 2 134 -249 , 454 166 -166 0 -11 -177 , 0.0002048602746348036 , 46
0.1006141894417531 , 259 -97 7 79 -382 -237 , 205 179 -179 0 255 76 , 228 -277 218 2 -28 84 , 70 -345 345 0 -244 101 , 180 -7 97 -79 -244 -285 , 65 -121 -208 269 -33 -178 , -204 208 121 -269 30 88 , 226 -218 277 -2 -134 249 , 454 166 -166 0 -11 -177 , 0.0002048602746348036 , 47
0.1006141894417531 , 259 -97 7 79 -382 -237 , 205 179 -179 0 255 76 , 28 -84 228 -249 134 2 , 70 -345 345 0 -244 101 , 180 -7 97 -79 -244 -285 , 33 178 65 -88 -30 269 , 121 -65 -178 88 204 -208 , 277 -228 84 249 -226 218 , 454 166 -166 0 -11 -177 , 0.00020486027463480612 , 48
0.1006141894417531 , 259 -97 7 79 -382 -237 , 205 179 -179 0 255 76 , -28 84 -228 249 -134 -2 , 70 -345 345 0 -244 101 , 180 -7 97 -79 -244 -285 , -33 -178 -65 88 30 -269 , -121 65 178 -88 -204 208 , -277 228 -84 -249 226 -218 , 454 166 -166 0 -11 -177 , 0.00020486027463480612 , 49
0.1006141894417531 , 259 -97 7 79 -382 -237 , 70 -345 345 0 -244 101 , -204 208 121 -269 30 88 , 205 179 -179 0 255 76 , 180 -7 97 -79 -244 -285 , 226 -218 277 -2 -134 249 , 228 -277 218 2 -28 84 , 65 -121 -208 269 -33 -178 , 454 166 -166 0 -11 -177 , 0.00020486027463480834 , 50
0.1006141894417531 , 259 -97 7 79 -382 -237 , 70 -345 345 0 -244 101 , 204 -208 -121 269 -30 -88 , 205 179 -179 0 255 76 , 180 -7 97 -79 -244 -285 , -226 218 -277 2 134 -249 , -228 277 -218 -2 28 -84 , -65 121 208 -269 33 178 , 454 166 -166 0 -11 -177 , 0.00020486027463480834 , 51
0.1006141894417531 , 259 -97 7 79 -382 -237 , 70 -345 345 0 -244 101 , 30 88 204 -178 -33 269 , 205 179 -179 0 255 76 , 180 -7 97 -79 -244 -285 , -134 249 -226 84 -28 2 , -218 226 -249 -84 228 -277 , 208 -204 -88 178 65 -121 , 454 166 -166 0 -11 -177 , 0.00020486027463480948 , 52
0.1006141894417531 , 259 -97 7 79 -382 -237 , 70 -345 345 0 -244 101 , -30 -88 -204 178 33 -269 , 205 179 -179 0 255 76 , 180 -7 97 -79 -244 -285 , 134 -249 226 -84 28 -2 , 218 -226 249 84 -228 277 , -208 204 88 -178 -65 121 , 454 166 -166 0 -11 -177 , 0.00020486027463480948 , 53
0.1006141894417531 , 259 -97 7 79 -382 -237 , 70 -345 345 0 -244 101 , -121 65 178 -88 -204 208 , 205 179 -179 0 255 76 , 180 -7 97 -79 -244 -285 , -277 228 -84 -249 226 -218 , -28 84 -228 249 -134 -2 , -33 -178 -65 88 30 -269 , 454 166 -166 0 -11 -177 , 0.00020486027463481786 , 54
0.1006141894417531 , 259 -97 7 79 -382 -237 , 70 -345 345 0 -244 101 , 121 -65 -178 88 204 -208 , 205 179 -179 0 255 76 , 180 -7 97 -79 -244 -285 , 277 -228 84 249 -226 218 , 28 -84 228 -249 134 2 , 33 178 65 -88 -30 269 , 454 166 -166 0 -11 -177 , 0.00020486027463481786 , 55
0.1006141894417531 , 259 -97 7 79 -382 -237 , 205 179 -179 0 255 76 , -84 228 -277 134 2 -28 , 70 -345 345 0 -244 101 , 180 -7 97 -79 -244 -285 , 178 65 -121 -30 269 -33 , 208 121 -65 30 88 204 , -218 277 -228 -134 249 -226 , 454 166 -166 0 -11 -177 , 0.00020486027463483466 , 56
0.1006141894417531 , 259 -97 7 79 -382 -237 , 205 179 -179 0 255 76 , 84 -228 277 -134 -2 28 , 70 -345 345 0 -244 101 , 180 -7 97 -79 -244 -285 , -178 -65 121 30 -269 33 , -208 -121 65 -30 -88 -204 , 218 -277 228 134 -249 226 , 454 166 -166 0 -11 -177 , 0.00020486027463483466 , 57
0.1006141894417531 , 259 -97 7 79 -382 -237 , 205 179 -179 0 255 76 , -249 134 2 -277 218 -226 , 70 -345 345 0 -244 101 , 180 -7 97 -79 -244 -285 , -88 -30 269 -121 -208 204 , 33 -269 30 121 -65 -178 , 28 -2 -134 277 -228 84 , 454 166 -166 0 -11 -177 , 0.00020486027463483691 , 58
0.1006141894417531 , 259 -97 7 79 -382 -237 , 205 179 -179 0 255 76 , 249 -134 -2 277 -218 226 , 70 -345 345 0 -244 101 , 180 -7 97 -79 -244 -285 , 88 30 -269 121 208 -204 , -33 269 -30 -121 65 178 , -28 2 134 -277 228 -84 , 454 166 -166 0 -11 -177 , 0.00020486027463483691 , 59
0.1006141894417531 , 259 -97 7 79 -382 -237 , 70 -345 345 0 -244 101 , 65 178 33 -204 208 121 , 205 179 -179 0 255 76 , 180 -7 97 -79 -244 -285 , 228 -84 28 226 -218 277 , 2 -28 84 -226 249 -134 , 269 -33 -178 204 88 30 , 454 166 -166 0 -11 -177 , 0.00020486027463486551 , 60
0.1006141894417531 , 259 -97 7 79 -382 -237 , 70 -345 345 0 -244 101 , -65 -178 -33 204 -208 -121 , 205 179 -179 0 255 76 , 180 -7 97 -79 -244 -285 , -228 84 -28 -226 218 -277 , -2 28 -84 226 -249 134 , -269 33 178 -204 -88 -30 , 454 166 -166 0 -11 -177 , 0.00020486027463486551 , 61
0.1006141894417531 , 259 -97 7 79 -382 -237 , 205 179 -179 0 255 76 , -218 226 -249 -84 228 -277 , 70 -345 345 0 -244 101 , 180 -7 97 -79 -244 -285 , 208 -204 -88 178 65 -121 , 30 88 204 -178 -33 269 , -134 249 -226 84 -28 2 , 454 166 -166 0 -11 -177 , 0.00020486027463487912 , 62
0.1006141894417531 , 259 -97 7 79 -382 -237 , 205 179 -179 0 255 76 , 218 -226 249 84 -228 277 , 70 -345 345 0 -244 101 , 180 -7 97 -79 -244 -285 , -208 204 88 -178 -65 121 , -30 -88 -204 178 33 -269 , 134 -249 226 -84 28 -2 , 454 166 -166 0 -11 -177 , 0.00020486027463487912 , 63
0.1006141894417531 , 259 -97 7 79 -382 -237 , 70 -345 345 0 -244 101 , 33 -269 30 121 -65 -178 , 205 179 -179 0 255 76 , 180 -7 97 -79 -244 -285 , 28 -2 -134 277 -228 84 , -249 134 2 -277 218 -226 , -88 -30 269 -121 -208 204 , 454 166 -166 0 -11 -177 , 0.00020486027463488258 , 64
0.1006141894417531 , 259 -97 7 79 -382 -237 , 70 -345 345 0 -244 101 , -33 269 -30 -121 65 178 , 205 179 -179 0 255 76 , 180 -7 97 -79 -244 -285 , -28 2 134 -277 228 -84 , 249 -134 -2 277 -218 226 , 88 30 -269 121 208 -204 , 454 166 -166 0 -11 -177 , 0.00020486027463488258 , 65
0.1006141894417531 , 259 -97 7 79 -382 -237 , 70 -345 345 0 -244 101 , -269 30 88 -65 -178 -33 , 205 179 -179 0 255 76 , 180 -7 97 -79 -244 -285 , -2 -134 249 -228 84 -28 , 226 -249 134 228 -277 218 , -204 -88 -30 65 -121 -208 , 454 166 -166 0 -11 -177 , 0.00020486027463488725 , 66
0.1006141894417531 , 259 -97 7 79 -382 -237 , 70 -345 345 0 -244 101 , 269 -30 -88 65 178 33 , 205 179 -179 0 255 76 , 180 -7 97 -79 -244 -285 , 2 134 -249 228 -84 28 , -226 249 -134 -228 277 -218 , 204 88 30 -65 121 208 , 454 166 -166 0 -11 -177 , 0.00020486027463488725 , 67
0.1006141894417531 , 259 -97 7 79 -382 -237 , 70 -345 345 0 -244 101 , -178 -33 269 -208 -121 65 , 205 179 -179 0 255 76 , 180 -7 97 -79 -244 -285 , 84 -28 2 218 -277 228 , -134 -2 28 -218 226 -249 , 30 -269 33 208 -204 -88 , 454 166 -166 0 -11 -177 , 0.00020486027463493717 , 68
0.1006141894417531 , 259 -97 7 79 -382 -237 , 70 -345 345 0 -244 101 , 178 33 -269 208 121 -65 , 205 179 -179 0 255 76 , 180 -7 97 -79 -244 -285 , -84 28 -2 -218 277 -228 , 134 2 -28 218 -226 249 , -30 269 -33 -208 204 88 , 454 166 -166 0 -11 -177 , 0.00020486027463493717 , 69
0.1006141894417531 , 259 -97 7 79 -382 -237 , 205 179 -179 0 255 76 , -277 218 -226 -28 84 -228 , 70 -345 345 0 -244 101 , 180 -7 97 -79 -244 -285 , -121 -208 204 -33 -178 -65 , -88 -204 208 33 -269 30 , -249 226 -218 28 -2 -134 , 454 166 -166 0 -11 -177 , 0.00020486027463502022 , 70
0.1006141894417531 , 259 -97 7 79 -382 -237 , 205 179 -179 0 255 76 , 277 -218 226 28 -84 228 , 70 -345 345 0 -244 101 , 180 -7 97 -79 -244 -285 , 121 208 -204 33 178 65 , 88 204 -208 -33 269 -30 , 249 -226 218 -28 2 134 , 454 166 -166 0 -11 -177 , 0.00020486027463502022 , 71
0.20286777560847713 , 206 183 -68 -139 -177 -165 , 331 -167 167 0 40 207 , 124 172 -69 -159 311 33 , 407 -154 154 0 91 245 , 345 68 -183 139 -97 -360 , -158 58 169 -159 -99 94 , 1 -169 -58 159 -75 -157 , 283 69 -172 159 102 139 , -9 321 -321 0 -131 -452 , 9.5910062519804446e-05 , 0
0.20286777560847713 , 206 183 -68 -139 -177 -165 , 331 -167 167 0 40 207 , -124 -172 69 159 -311 -33 , 407 -154 154 0 91 245 , 345 68 -183 139 -97 -360 , 158 -58 -169 159 99 -94 , -1 169 58 -159 75 157 , -283 -69 172 -159 -102 -139 , -9 321 -321 0 -131 -452 , 9.5910062519804446e-05 , 1
0.20286777560847713 , 206 183 -68 -139 -177 -165 , 407 -154 154 0 91 245 , 94 -99 -159 169 58 -158 , 331 -167 167 0 40 207 , 345 68 -183 139 -97 -360 , 33 311 -159 -69 172 124 , 102 159 -311 69 283 -139 , -75 159 99 -169 1 157 , -9 321 -321 0 -131 -452 , 9.5910062519913219e-05 , 2
0.20286777560847713 , 206 183 -68 -139 -177 -165 , 407 -154 154 0 91 245 , -94 99 159 -169 -58 158 , 331 -167 167 0 40 207 , 345 68 -183 139 -97 -360 , -33 -311 159 69 -172 -124 , -102 -159 311 -69 -283 139 , 75 -159 -99 169 -1 -157 , -9 321 -321 0 -131 -452 , 9.5910062519913219e-05 , 3
0.20286777560847713 , 206 183 -68 -139 -177 -165 , 407 -154 154 0 91 245 , -157 -1 169 -99 -159 75 , 331 -167 167 0 40 207 , 345 68 -183 139 -97 -360 , 139 -283 -69 311 -159 -102 , -172 69 283 -311 -33 124 , -58 -169 1 99 -94 -158 , -9 321 -321 0 -131 -452 , 9.5910062520022005e-05 , 4
0.20286777560847713 , 206 183 -68 -139 -177 -165 , 407 -154 154 0 91 245 , -75 -157 -1 94 -99 -159 , 331 -167 167 0 40 207 , 345 68 -183 139 -97 -360 , 102 139 -283 33 311 -159 , 69 283 -139 -33 124 172 , -169 1 157 -94 -158 58 , -9 321 -321 0 -131 -452 , 9.5910062520022005e-05 , 5
0.20286777560847713 , 206 183 -68 -139 -177 -165 , 407 -154 154 0 91 245 , 75 157 1 -94 99 159 , 331 -167 167 0 40 207 , 345 68 -183 139 -97 -360 , -102 -139 283 -33 -311 159 , -69 -283 139 33 -124 -172 , 169 -1 -157 94 158 -58 , -9 321 -321 0 -131 -452 , 9.5910062520022005e-05 , 6
0.20286777560847713 , 206 183 -68 -139 -177 -165 , 407 -154 154 0 91 245 , 157 1 -169 99 159 -75 , 331 -167 167 0 40 207 , 345 68 -183 139 -97 -360 , -139 283 69 -311 159 102 , 172 -69 -283 311 33 -124 , 58 169 -1 -99 94 158 , -9 321 -321 0 -131 -452 , 9.5910062520022005e-05 , 7
0.20286777560847713 , 206 183 -68 -139 -177 -165 , 331 -167 167 0 40 207 , 283 -139 -102 124 172 -69 , 407 -154 154 0 91 245 , 345 68 -183 139 -97 -360 , 1 157 75 -158 58 169 , 159 -75 -157 158 94 -99 , 159 102 139 -124 33 311 , -9 321 -321 0 -131 -452 , 9.5910062520022005e-05 , 8
0.20286777560847713 , 206 183 -68 -139 -177 -165 , 331 -167 167 0 40 207 , -283 139 102 -124 -172 69 , 407 -154 154 0 91 245 , 345 68 -183 139 -97 -360 , -1 -157 -75 158 -58 -169 , -159 75 157 -158 -94 99 , -159 -102 -139 124 -33 -311 , -9 321 -321 0 -131 -452 , 9.5910062520022005e-05 , 9
0.20286777560847713 , 206 183 -68 -139 -177 -165 , 331 -167 167 0 40 207 , -159 311 33 -283 139 102 , 407 -154 154 0 91 245 , 345 68 -183 139 -97 -360 , -159 -99 94 -1 -157 -75 , -158 -94 99 1 -169 -58 , 124 -33 -311 283 69 -172 , -9 321 -321 0 -131 -452 , 9.5910062520022018e-05 , 10
0.20286777560847713 , 206 183 -68 -139 -177 -165 , 331 -167 167 0 40 207 , 159 -311 -33 283 -139 -102 , 407 -154 154 0 91 245 , 345 68 -183 139 -97 -360 , 159 99 -94 1 157 75 , 158 94 -99 -1 169 58 , -124 33 311 -283 -69 172 , -9 321 -321 0 -131 -452 , 9.5910062520022018e-05 , 11
0.20286777560847713 , 206 183 -68 -139 -177 -165 , 407 -154 154 0 91 245 , -159 75 157 -158 -94 99 , 331 -167 167 0 40 207 , 345 68 -183 139 -97 -360 , -159 -102 -139 124 -33 -311 , -283 139 102 -124 -172 69 , -1 -157 -75 158 -58 -169 , -9 321 -321 0 -131 -452 , 9.5910062520076405e-05 , 12
0.20286777560847713 , 206 183 -68 -139 -177 -165 , 407 -154 154 0 91 245 , 159 -75 -157 158 94 -99 , 331 -167 167 0 40 207 , 345 68 -183 139 -97 -360 , 159 102 139 -124 33 311 , 283 -139 -102 124 172 -69 , 1 157 75 -158 58 169 , -9 321 -321 0 -131 -452 , 9.5910062520076405e-05 , 13
0.20286777560847713 , 206 183 -68 -139 -177 -165 , 407 -154 154 0 91 245 , -99 -159 75 58 -158 -94 , 331 -167 167 0 40 207 , 345 68 -183 139 -97 -360 , 311 -159 -102 172 124 -33 , 139 102 159 -172 69 283 , -157 -75 159 -58 -169 1 , -9 321 -321 0 -131 -452 , 9.5910062520130791e-05 , 14
0.20286777560847713 , 206 183 -68 -139 -177 -165 , 407 -154 154 0 91 245 , -1 169 58 -159 75 157 , 331 -167 167 0 40 207 , 345 68 -183 139 -97 -360 , -283 -69 172 -159 -102 -139 , -124 -172 69 159 -311 -33 , 158 -58 -169 159 99 -94 , -9 321 -321 0 -131 -452 , 9.5910062520130791e-05 , 15
0.20286777560847713 , 206 183 -68 -139 -177 -165 , 407 -154 154 0 91 245 , -58 158 94 -157 -1 169 , 331 -167 167 0 40 207 , 345 68 -183 139 -97 -360 , -172 -124 33 139 -283 -69 , -311 -33 124 -139 -102 -159 , 99 -94 -158 157 75 -159 , -9 321 -321 0 -131 -452 , 9.5910062520130791e-05 , 16
0.20286777560847713 , 206 183 -68 -139 -177 -165 , 407 -154 154 0 91 245 , 58 -158 -94 157 1 -169 , 331 -167 167 0 40 207 , 345 68 -183 139 -97 -360 , 172 124 -33 -139 283 69 , 311 33 -124 139 102 159 , -99 94 158 -157 -75 159 , -9 321 -321 0 -131 -452 , 9.5910062520130791e-05 , 17
0.20286777560847713 , 206 183 -68 -139 -177 -165 , 407 -154 154 0 91 245 , 1 -169 -58 159 -75 -157 , 331 -167 167 0 40 207 , 345 68 -183 139 -97 -360 , 283 69 -172 159 102 139 , 124 172 -69 -159 311 33 , -158 58 169 -159 -99 94 , -9 321 -321 0 -131 -452 , 9.5910062520130791e-05 , 18
0.20286777560847713 , 206 183 -68 -139 -177 -165 , 407 -154 154 0 91 245 , 99 159 -75 -58 158 94 , 331 -167 167 0 40 207 , 345 68 -183 139 -97 -360 , -311 159 102 -172 -124 33 , -139 -102 -159 172 -69 -283 , 157 75 -159 58 169 -1 , -9 321 -321 0 -131 -452 , 9.5910062520130791e-05 , 19
0.20286777560847713 , 206 183 -68 -139 -177 -165 , 331 -167 167 0 40 207 , -33 124 172 -102 -159 311 , 407 -154 154 0 91 245 , 345 68 -183 139 -97 -360 , -94 -158 58 75 -159 -99 , -169 -58 158 -75 -157 -1 , 69 -172 -124 102 139 -283 , -9 321 -321 0 -131 -452 , 9.5910062520130791e-05 , 20
0.20286777560847713 , 206 183 -68 -139 -177 -165 , 331 -167 167 0 40 207 , -102 -159 311 -69 -283 139 , 407 -154 154 0 91 245 , 345 68 -183 139 -97 -360 , 75 -159 -99 169 -1 -157 , -94 99 159 -169 -58 158 , -33 -311 159 69 -172 -124 , -9 321 -321 0 -131 -452 , 9.5910062520130791e-05 , 21
0.20286777560847713 , 206 183 -68 -139 -177 -165 , 331 -167 167 0 40 207 , -172 69 283 -311 -33 124 , 407 -154 154 0 91 245 , 345 68 -183 139 -97 -360 , -58 -169 1 99 -94 -158 , -157 -1 169 -99 -159 75 , 139 -283 -69 311 -159 -102 , -9 321 -321 0 -131 -452 , 9.5910062520130791e-05 , 22
0.20286777560847713 , 206 183 -68 -139 -177 -165 , 331 -167 167 0 40 207 , 69 283 -139 -33 124 172 , 407 -154 154 0 91 245 , 345 68 -183 139 -97 -360 , -169 1 157 -94 -158 58 , -75 -157 -1 94 -99 -159 , 102 139 -283 33 311 -159 , -9 321 -321 0 -131 -452 , 9.5910062520130791e-05 , 23
0.20286777560847713 , 206 183 -68 -139 -177 -165 , 331 -167 167 0 40 207 , -69 -283 139 33 -124 -172 , 407 -154 154 0 91 245 , 345 68 -183 139 -97 -360 , 169 -1 -157 94 158 -58 , 75 157 1 -94 99 159 , -102 -139 283 -33 -311 159 , -9 321 -321 0 -131 -452 , 9.5910062520130791e-05 , 24
0.20286777560847713 , 206 183 -68 -139 -177 -165 , 331 -167 167 0 40 207 , 172 -69 -283 311 33 -124 , 407 -154 154 0 91 245 , 345 68 -183 139 -97 -360 , 58 169 -1 -99 94 158 , 157 1 -169 99 159 -75 , -139 283 69 -311 159 102 , -9 321 -321 0 -131 -452 , 9.5910062520130791e-05 , 25
0.20286777560847713 , 206 183 -68 -139 -177 -165 , 331 -167 167 0 40 207 , 102 159 -311 69 283 -139 , 407 -154 154 0 91 245 , 345 68 -183 139 -97 -360 , -75 159 99 -169 1 157 , 94 -99 -159 169 58 -158 , 33 311 -159 -69 172 124 , -9 321 -321 0 -131 -452 , 9.5910062520130791e-05 , 26
0.20286777560847713 , 206 183 -68 -139 -177 -165 , 331 -167 167 0 40 207 , 33 -124 -172 102 159 -311 , 407 -154 154 0 91 245 , 345 68 -183 139 -97 -360 , 94 158 -58 -75 159 99 , 169 58 -158 75 157 1 , -69 172 124 -102 -139 283 , -9 321 -321 0 -131 -452 , 9.5910062520130791e-05 , 27
0.20286777560847713 , 206 183 -68 -139 -177 -165 , 331 -167 167 0 40 207 , -139 -102 -159 172 -69 -283 , 407 -154 154 0 91 245 , 345 68 -183 139 -97 -360 , 157 75 -159 58 169 -1 , 99 159 -75 -58 158 94 , -311 159 102 -172 -124 33 , -9 321 -321 0 -131 -452 , 9.5910062520239577e-05 , 28
0.20286777560847713 , 206 183 -68 -139 -177 -165 , 331 -167 167 0 40 207 , 139 102 159 -172 69 283 , 407 -154 154 0 91 245 , 345 68 -183 139 -97 -360 , -157 -75 159 -58 -169 1 , -99 -159 75 58 -158 -94 , 311 -159 -102 172 124 -33 , -9 321 -321 0 -131 -452 , 9.5910062520239577e-05 , 29
0.20286777560847713 , 206 183 -68 -139 -177 -165 , 407 -154 154 0 91 245 , -169 -58 158 -75 -157 -1 , 331 -167 167 0 40 207 , 345 68 -183 139 -97 -360 , 69 -172 -124 102 139 -283 , -33 124 172 -102 -159 311 , -94 -158 58 75 -159 -99 , -9 321 -321 0 -131 -452 , 9.5910062520239591e-05 , 30
0.20286777560847713 , 206 183 -68 -139 -177 -165 , 407 -154 154 0 91 245 , 169 58 -158 75 157 1 , 331 -167 167 0 40 207 , 345 68 -183 139 -97 -360 , -69 172 124 -102 -139 283 , 33 -124 -172 102 159 -311 , 94 158 -58 -75 159 99 , -9 321 -321 0 -131 -452 , 9.5910062520239591e-05 , 31
0.20286777560847713 , 206 183 -68 -139 -177 -165 , 407 -154 154 0 91 245 , 158 94 -99 -1 169 58 , 331 -167 167 0 40 207 , 345 68 -183 139 -97 -360 , -124 33 311 -283 -69 172 , 159 -311 -33 283 -139 -102 , 159 99 -94 1 157 75 , -9 321 -321 0 -131 -452 , 9.5910062520457136e-05 , 32
0.20286777560847713 , 206 183 -68 -139 -177 -165 , 407 -154 154 0 91 245 , -158 -94 99 1 -169 -58 , 331 -167 167 0 40 207 , 345 68 -183 139 -97 -360 , 124 -33 -311 283 69 -172 , -159 311 33 -283 139 102 , -159 -99 94 -1 -157 -75 , -9 321 -321 0 -131 -452 , 9.5910062520457136e-05 , 33
0.20286777560847713 , 206 183 -68 -139 -177 -165 , 331 -167 167 0 40 207 , -311 -33 124 -139 -102 -159 , 407 -154 154 0 91 245 , 345 68 -183 139 -97 -360 , 99 -94 -158 157 75 -159 , -58 158 94 -157 -1 169 , -172 -124 33 139 -283 -69 , -9 321 -321 0 -131 -452 , 9.5910062520565908e-05 , 34
0.20286777560847713 , 206 183 -68 -139 -177 -165 , 331 -167 167 0 40 207 , 311 33 -124 139 102 159 , 407 -154 154 0 91 245 , 345 68 -183 139 -97 -360 , -99 94 158 -157 -75 159 , 58 -158 -94 157 1 -169 , 172 124 -33 -139 283 69 , -9 321 -321 0 -131 -452 , 9.5910062520565908e-05 , 35
0.321708123945864 , 309 137 -180 -63 -123 -202 , 334 -191 191 0 22 213 , -207 152 213 -297 -23 124 , 404 -130 130 0 109 239 , 372 180 -137 63 -22 -260 , 172 -212 -43 196 -38 -64 , -24 43 212 -196 -21 174 , 90 -213 -152 297 -89 -175 , -9 321 -321 0 -131 -452 , 8.8414332341801741e-05 , 0
0.321708123945864 , 309 137 -180 -63 -123 -202 , 334 -191 191 0 22 213 , 207 -152 -213 297 23 -124 , 404 -130 130 0 109 239 , 372 180 -137 63 -22 -260 , -172 212 43 -196 38 64 , 24 -43 -212 196 21 -174 , -90 213 152 -297 89 175 , -9 321 -321 0 -131 -452 , 8.8414332341801741e-05 , 1
0.321708123945864 , 309 137 -180 -63 -123 -202 , 334 -191 191 0 22 213 , -175 -89 297 -152 -213 90 , 404 -130 130 0 109 239 , 372 180 -137 63 -22 -260 , 174 -21 -196 212 43 -24 , -38 196 21 -212 172 64 , -23 -297 89 152 -207 -124 , -9 321 -321 0 -131 -452 , 8.8414332341886674e-05 , 2
0.321708123945864 , 309 137 -180 -63 -123 -202 , 334 -191 191 0 22 213 , 175 89 -297 152 213 -90 , 404 -130 130 0 109 239 , 372 180 -137 63 -22 -260 , -174 21 196 -212 -43 24 , 38 -196 -21 212 -172 -64 , 23 297 -89 -152 207 124 , -9 321 -321 0 -131 -452 , 8.8414332341886674e-05 , 3
0.321708123945864 , 309 137 -180 -63 -123 -202 , 334 -191 191 0 22 213 , -152 -213 90 23 -124 -207 , 404 -130 130 0 109 239 , 372 180 -137 63 -22 -260 , 212 43 -24 38 64 172 , 174 24 -43 -38 196 21 , -175 -90 213 -23 -297 89 , -9 321 -321 0 -131 -452 , 8.8414332341892271e-05 , 4
0.321708123945864 , 309 137 -180 -63 -123 -202 , 334 -191 191 0 22 213 , 152 213 -90 -23 124 207 , 404 -130 130 0 109 239 , 372 180 -137 63 -22 -260 , -212 -43 24 -38 -64 -172 , -174 -24 43 38 -196 -21 , 175 90 -213 23 297 -89 , -9 321 -321 0 -131 -452 , 8.8414332341892271e-05 , 5
0.321708123945864 , 309 137 -180 -63 -123 -202 , 404 -130 130 0 109 239 , -196 -21 174 -172 -64 -38 , 334 -191 191 0 22 213 , 372 180 -137 63 -22 -260 , 297 -89 -175 207 124 -23 , 90 175 89 -207 152 213 , -24 -174 21 172 -212 -43 , -9 321 -321 0 -131 -452 , 8.841433234199397e-05 , 6
0.321708123945864 , 309 137 -180 -63 -123 -202 , 404 -130 130 0 109 239 , 196 21 -174 172 64 38 , 334 -191 191 0 22 213 , 372 180 -137 63 -22 -260 , -297 89 175 -207 -124 23 , -90 -175 -89 207 -152 -213 , 24 174 -21 -172 212 43 , -9 321 -321 0 -131 -452 , 8.841433234199397e-05 , 7
0.321708123945864 , 309 137 -180 -63 -123 -202 , 334 -191 191 0 22 213 , -213 90 175 -124 -207 152 , 404 -130 130 0 109 239 , 372 180 -137 63 -22 -260 , 43 -24 -174 64 172 -212 , -21 174 24 -64 -38 196 , -89 -175 -90 124 -23 -297 , -9 321 -321 0 -131 -452 , 8.8414332342004812e-05 , 8
0.321708123945864 , 309 137 -180 -63 -123 -202 , 334 -191 191 0 22 213 , 213 -90 -175 124 207 -152 , 404 -130 130 0 109 239 , 372 180 -137 63 -22 -260 , -43 24 174 -64 -172 212 , 21 -174 -24 64 38 -196 , 89 175 90 -124 23 297 , -9 321 -321 0 -131 -452 , 8.8414332342004812e-05 , 9
0.321708123945864 , 309 137 -180 -63 -123 -202 , 404 -130 130 0 109 239 , 24 -43 -212 196 21 -174 , 334 -191 191 0 22 213 , 372 180 -137 63 -22 -260 , -90 213 152 -297 89 175 , 207 -152 -213 297 23 -124 , -172 212 43 -196 38 64 , -9 321 -321 0 -131 -452 , 8.8414332342004812e-05 , 10
0.321708123945864 , 309 137 -180 -63 -123 -202 , 404 -130 130 0 109 239 , -24 43 212 -196 -21 174 , 334 -191 191 0 22 213 , 372 180 -137 63 -22 -260 , 90 -213 -152 297 -89 -175 , -207 152 213 -297 -23 124 , 172 -212 -43 196 -38 -64 , -9 321 -321 0 -131 -452 , 8.8414332342004812e-05 , 11
0.321708123945864 , 309 137 -180 -63 -123 -202 , 404 -130 130 0 109 239 , 174 24 -43 -38 196 21 , 334 -191 191 0 22 213 , 372 180 -137 63 -22 -260 , -175 -90 213 -23 -297 89 , -152 -213 90 23 -124 -207 , 212 43 -24 38 64 172 , -9 321 -321 0 -131 -452 , 8.8414332342016941e-05 , 12
0.321708123945864 , 309 137 -180 -63 -123 -202 , 404 -130 130 0 109 239 , -174 -24 43 38 -196 -21 , 334 -191 191 0 22 213 , 372 180 -137 63 -22 -260 , 175 90 -213 23 297 -89 , 152 213 -90 -23 124 207 , -212 -43 24 -38 -64 -172 , -9 321 -321 0 -131 -452 , 8.8414332342016941e-05 , 13
0.321708123945864 , 309 137 -180 -63 -123 -202 , 404 -130 130 0 109 239 , -38 196 21 -212 172 64 , 334 -191 191 0 22 213 , 372 180 -137 63 -22 -260 , -23 -297 89 152 -207 -124 , -175 -89 297 -152 -213 90 , 174 -21 -196 212 43 -24 , -9 321 -321 0 -131 -452 , 8.8414332342017592e-05 , 14
0.321708123945864 , 309 137 -180 -63 -123 -202 , 404 -130 130 0 109 239 , 38 -196 -21 212 -172 -64 , 334 -191 191 0 22 213 , 372 180 -137 63 -22 -260 , 23 297 -89 -152 207 124 , 175 89 -297 152 213 -90 , -174 21 196 -212 -43 24 , -9 321 -321 0 -131 -452 , 8.8414332342017592e-05 , 15
0.321708123945864 , 309 137 -180 -63 -123 -202 , 404 -130 130 0 109 239 , -43 -212 172 21 -174 -24 , 334 -191 191 0 22 213 , 372 180 -137 63 -22 -260 , 213 152 -207 89 175 90 , 124 207 -152 -89 297 23 , -64 -172 212 -21 -196 38 , -9 321 -321 0 -131 -452 , 8.8414332342031347e-05 , 16
0.321708123945864 , 309 137 -180 -63 -123 -202 , 404 -130 130 0 109 239 , 43 212 -172 -21 174 24 , 334 -191 191 0 22 213 , 372 180 -137 63 -22 -260 , -213 -152 207 -89 -175 -90 , -124 -207 152 89 -297 -23 , 64 172 -212 21 196 -38 , -9 321 -321 0 -131 -452 , 8.8414332342031347e-05 , 17
0.321708123945864 , 309 137 -180 -63 -123 -202 , 404 -130 130 0 109 239 , -64 -38 196 -43 -212 172 , 334 -191 191 0 22 213 , 372 180 -137 63 -22 -260 , 124 -23 -297 213 152 -207 , -89 297 23 -213 90 175 , -21 -196 38 43 -24 -174 , -9 321 -321 0 -131 -452 , 8.8414332342042189e-05 , 18
0.321708123945864 , 309 137 -180 -63 -123 -202 , 404 -130 130 0 109 239 , 64 38 -196 43 212 -172 , 334 -191 191 0 22 213 , 372 180 -137 63 -22 -260 , -124 23 297 -213 -152 207 , 89 -297 -23 213 -90 -175 , 21 196 -38 -43 24 174 , -9 321 -321 0 -131 -452 , 8.8414332342042189e-05 , 19
0.321708123945864 , 309 137 -180 -63 -123 -202 , 334 -191 191 0 22 213 , 90 175 89 -207 152 213 , 404 -130 130 0 109 239 , 372 180 -137 63 -22 -260 , -24 -174 21 172 -212 -43 , -196 -21 174 -172 -64 -38 , 297 -89 -175 207 124 -23 , -9 321 -321 0 -131 -452 , 8.8414332342047746e-05 , 20
0.321708123945864 , 309 137 -180 -63 -123 -202 , 334 -191 191 0 22 213 , -90 -175 -89 207 -152 -213 , 404 -130 130 0 109 239 , 372 180 -137 63 -22 -260 , 24 174 -21 -172 212 43 , 196 21 -174 172 64 38 , -297 89 175 -207 -124 23 , -9 321 -321 0 -131 -452 , 8.8414332342047746e-05 , 21
0.321708123945864 , 309 137 -180 -63 -123 -202 , 404 -130 130 0 109 239 , -21 174 24 -64 -38 196 , 334 -191 191 0 22 213 , 372 180 -137 63 -22 -260 , -89 -175 -90 124 -23 -297 , -213 90 175 -124 -207 152 , 43 -24 -174 64 172 -212 , -9 321 -321 0 -131 -452 , 8.8414332342050023e-05 , 22
0.321708123945864 , 309 137 -180 -63 -123 -202 , 404 -130 130 0 109 239 , 21 -174 -24 64 38 -196 , 334 -191 191 0 22 213 , 372 180 -137 63 -22 -260 , 89 175 90 -124 23 297 , 213 -90 -175 124 207 -152 , -43 24 174 -64 -172 212 , -9 321 -321 0 -131 -452 , 8.8414332342050023e-05 , 23
0.321708123945864 , 309 137 -180 -63 -123 -202 , 404 -130 130 0 109 239 , -172 -64 -38 24 -43 -212 , 334 -191 191 0 22 213 , 372 180 -137 63 -22 -260 , 207 124 -23 -90 213 152 , 297 23 -124 90 175 89 , -196 38 64 -24 -174 21 , -9 321 -321 0 -131 -452 , 8.841433234205562e-05 , 24
0.321708123945864 , 309 137 -180 -63 -123 -202 , 404 -130 130 0 109 239 , 172 64 38 -24 43 212 , 334 -191 191 0 22 213 , 372 180 -137 63 -22 -260 , -207 -124 23 90 -213 -152 , -297 -23 124 -90 -175 -89 , 196 -38 -64 24 174 -21 , -9 321 -321 0 -131 -452 , 8.841433234205562e-05 , 25
0.321708123945864 , 309 137 -180 -63 -123 -202 , 334 -191 191 0 22 213 , -297 -23 124 -90 -175 -89 , 404 -130 130 0 109 239 , 372 180 -137 63 -22 -260 , 196 -38 -64 24 174 -21 , 172 64 38 -24 43 212 , -207 -124 23 90 -213 -152 , -9 321 -321 0 -131 -452 , 8.8414332342065297e-05 , 26
0.321708123945864 , 309 137 -180 -63 -123 -202 , 334 -191 191 0 22 213 , 297 23 -124 90 175 89 , 404 -130 130 0 109 239 , 372 180 -137 63 -22 -260 , -196 38 64 -24 -174 21 , -172 -64 -38 24 -43 -212 , 207 124 -23 -90 213 152 , -9 321 -321 0 -131 -452 , 8.8414332342065297e-05 , 27
0.321708123945864 , 309 137 -180 -63 -123 -202 , 334 -191 191 0 22 213 , -124 -207 152 89 -297 -23 , 404 -130 130 0 109 239 , 372 180 -137 63 -22 -260 , 64 172 -212 21 196 -38 , 43 212 -172 -21 174 24 , -213 -152 207 -89 -175 -90 , -9 321 -321 0 -131 -452 , 8.8414332342095627e-05 , 28
0.321708123945864 , 309 137 -180 -63 -123 -202 , 334 -191 191 0 22 213 , 124 207 -152 -89 297 23 , 404 -130 130 0 109 239 , 372 180 -137 63 -22 -260 , -64 -172 212 -21 -196 38 , -43 -212 172 21 -174 -24 , 213 152 -207 89 175 90 , -9 321 -321 0 -131 -452 , 8.8414332342095627e-05 , 29
0.321708123945864 , 309 137 -180 -63 -123 -202 , 404 -130 130 0 109 239 , -212 172 64 -174 -24 43 , 334 -191 191 0 22 213 , 372 180 -137 63 -22 -260 , 152 -207 -124 175 90 -213 , -23 124 207 -175 -89 297 , -38 -64 -172 174 -21 -196 , -9 321 -321 0 -131 -452 , 8.841433234211021e-05 , 30
0.321708123945864 , 309 137 -180 -63 -123 -202 , 404 -130 130 0 109 239 , 212 -172 -64 174 24 -43 , 334 -191 191 0 22 213 , 372 180 -137 63 -22 -260 , -152 207 124 -175 -90 213 , 23 -124 -207 175 89 -297 , 38 64 172 -174 21 196 , -9 321 -321 0 -131 -452 , 8.841433234211021e-05 , 31
0.321708123945864 , 309 137 -180 -63 -123 -202 , 334 -191 191 0 22 213 , -89 297 23 -213 90 175 , 404 -130 130 0 109 239 , 372 180 -137 63 -22 -260 , -21 -196 38 43 -24 -174 , -64 -38 196 -43 -212 172 , 124 -23 -297 213 152 -207 , -9 321 -321 0 -131 -452 , 8.8414332342128045e-05 , 32
0.321708123945864 , 309 137 -180 -63 -123 -202 , 334 -191 191 0 22 213 , 89 -297 -23 213 -90 -175 , 404 -130 130 0 109 239 , 372 180 -137 63 -22 -260 , 21 196 -38 -43 24 174 , 64 38 -196 43 212 -172 , -124 23 297 -213 -152 207 , -9 321 -321 0 -131 -452 , 8.8414332342128045e-05 , 33
0.321708123945864 , 309 137 -180 -63 -123 -202 , 334 -191 191 0 22 213 , 23 -124 -207 175 89 -297 , 404 -130 130 0 109 239 , 372 180 -137 63 -22 -260 , 38 64 172 -174 21 196 , 212 -172 -64 174 24 -43 , -152 207 124 -175 -90 213 , -9 321 -321 0 -131 -452 , 8.8414332342198748e-05 , 34
0.321708123945864 , 309 137 -180 -63 -123 -202 , 334 -191 191 0 22 213 , -23 124 207 -175 -89 297 , 404 -130 130 0 109 239 , 372 180 -137 63 -22 -260 , -38 -64 -172 174 -21 -196 , -212 172 64 -174 -24 43 , 152 -207 -124 175 90 -213 , -9 321 -321 0 -131 -452 , 8.8414332342198748e-05 , 35
0.444641540647569 , 168 -23 -126 -45 -273 -323 , 469 -105 105 0 164 269 , 34 78 -83 -3 93 -7 , 269 -216 216 0 -33 183 , 213 126 23 45 -197 -250 , 362 2 -213 219 143 88 , 143 213 -2 -219 301 141 , 37 83 -78 3 76 15 , -9 321 -321 0 -131 -452 , 0.00018511425606400353 , 0
0.444641540647569 , 168 -23 -126 -45 -273 -323 , 469 -105 105 0 164 269 , -34 -78 83 3 -93 7 , 269 -216 216 0 -33 183 , 213 126 23 45 -197 -250 , -362 -2 213 -219 -143 -88 , -143 -213 2 219 -301 -141 , -37 -83 78 -3 -76 -15 , -9 321 -321 0 -131 -452 , 0.00018511425606400353 , 1
0.444641540647569 , 168 -23 -126 -45 -273 -323 , 469 -105 105 0 164 269 , 7 34 78 -76 -3 93 , 269 -216 216 0 -33 183 , 213 126 23 45 -197 -250 , -88 362 2 -301 219 143 , 213 -2 -362 301 141 -143 , 83 -78 -34 76 15 -37 , -9 321 -321 0 -131 -452 , 0.00018511425606422194 , 2
0.444641540647569 , 168 -23 -126 -45 -273 -323 , 469 -105 105 0 164 269 , -7 -34 -78 76 3 -93 , 269 -216 216 0 -33 183 , 213 126 23 45 -197 -250 , 88 -362 -2 301 -219 -143 , -213 2 362 -301 -141 143 , -83 78 34 -76 -15 37 , -9 321 -321 0 -131 -452 , 0.00018511425606422194 , 3
0.444641540647569 , 168 -23 -126 -45 -273 -323 , 269 -216 216 0 -33 183 , -143 -213 2 219 -301 -141 , 469 -105 105 0 164 269 , 213 126 23 45 -197 -250 , -37 -83 78 -3 -76 -15 , -34 -78 83 3 -93 7 , -362 -2 213 -219 -143 -88 , -9 321 -321 0 -131 -452 , 0.00018511425606422199 , 4
0.444641540647569 , 168 -23 -126 -45 -273 -323 , 269 -216 216 0 -33 183 , 141 -143 -213 143 219 -301 , 469 -105 105 0 164 269 , 213 126 23 45 -197 -250 , 15 -37 -83 93 -3 -76 , -78 83 37 -93 7 34 , -2 213 143 -143 -88 362 , -9 321 -321 0 -131 -452 , 0.00018511425606422199 , 5
0.444641540647569 , 168 -23 -126 -45 -273 -323 , 269 -216 216 0 -33 183 , -141 143 213 -143 -219 301 , 469 -105 105 0 164 269 , 213 126 23 45 -197 -250 , -15 37 83 -93 3 76 , 78 -83 -37 93 -7 -34 , 2 -213 -143 143 88 -362 , -9 321 -321 0 -131 -452 , 0.00018511425606422199 , 6
0.444641540647569 , 168 -23 -126 -45 -273 -323 , 269 -216 216 0 -33 183 , 143 213 -2 -219 301 141 , 469 -105 105 0 164 269 , 213 126 23 45 -197 -250 , 37 83 -78 3 76 15 , 34 78 -83 -3 93 -7 , 362 2 -213 219 143 88 , -9 321 -321 0 -131 -452 , 0.00018511425606422199 , 7
0.444641540647569 , 168 -23 -126 -45 -273 -323 , 269 -216 216 0 -33 183 , -2 -362 88 141 -143 -213 , 469 -105 105 0 164 269 , 213 126 23 45 -197 -250 , -78 -34 -7 15 -37 -83 , -93 7 34 -15 -76 -3 , -143 -88 362 -141 -301 219 , -9 321 -321 0 -131 -452 , 0.0001851142560642948 , 8
0.444641540647569 , 168 -23 -126 -45 -273 -323 , 269 -216 216 0 -33 183 , 2 362 -88 -141 143 213 , 469 -105 105 0 164 269 , 213 126 23 45 -197 -250 , 78 34 7 -15 37 83 , 93 -7 -34 15 76 3 , 143 88 -362 141 301 -219 , -9 321 -321 0 -131 -452 , 0.0001851142560642948 , 9
0.444641540647569 , 168 -23 -126 -45 -273 -323 , 469 -105 105 0 164 269 , -15 -76 -3 78 -83 -37 , 269 -216 216 0 -33 183 , 213 126 23 45 -197 -250 , -141 -301 219 2 -213 -143 , -143 -219 301 -2 -362 88 , -93 3 76 -78 -34 -7 , -9 321 -321 0 -131 -452 , 0.0001851142560642948 , 10
0.444641540647569 , 168 -23 -126 -45 -273 -323 , 469 -105 105 0 164 269 , 15 76 3 -78 83 37 , 269 -216 216 0 -33 183 , 213 126 23 45 -197 -250 , 141 301 -219 -2 213 143 , 143 219 -301 2 362 -88 , 93 -3 -76 78 34 7 , -9 321 -321 0 -131 -452 , 0.0001851142560642948 , 11
0.444641540647569 , 168 -23 -126 -45 -273 -323 , 269 -216 216 0 -33 183 , -213 2 362 -301 -141 143 , 469 -105 105 0 164 269 , 213 126 23 45 -197 -250 , -83 78 34 -76 -15 37 , -7 -34 -78 76 3 -93 , 88 -362 -2 301 -219 -143 , -9 321 -321 0 -131 -452 , 0.00018511425606429483 , 12
0.444641540647569 , 168 -23 -126 -45 -273 -323 , 269 -216 216 0 -33 183 , 213 -2 -362 301 141 -143 , 469 -105 105 0 164 269 , 213 126 23 45 -197 -250 , 83 -78 -34 76 15 -37 , 7 34 78 -76 -3 93 , -88 362 2 -301 219 143 , -9 321 -321 0 -131 -452 , 0.00018511425606429483 , 13
0.444641540647569 , 168 -23 -126 -45 -273 -323 , 469 -105 105 0 164 269 , -93 7 34 -15 -76 -3 , 269 -216 216 0 -33 183 , 213 126 23 45 -197 -250 , -143 -88 362 -141 -301 219 , -2 -362 88 141 -143 -213 , -78 -34 -7 15 -37 -83 , -9 321 -321 0 -131 -452 , 0.00018511425606444041 , 14
0.444641540647569 , 168 -23 -126 -45 -273 -323 , 469 -105 105 0 164 269 , 93 -7 -34 15 76 3 , 269 -216 216 0 -33 183 , 213 126 23 45 -197 -250 , 143 88 -362 141 301 -219 , 2 362 -88 -141 143 213 , 78 34 7 -15 37 83 , -9 321 -321 0 -131 -452 , 0.00018511425606444041 , 15
0.444641540647569 , 168 -23 -126 -45 -273 -323 , 469 -105 105 0 164 269 , 37 -15 -76 34 78 -83 , 269 -216 216 0 -33 183 , 213 126 23 45 -197 -250 , 143 -141 -301 362 2 -213 , -219 301 141 -362 88 143 , 3 76 15 -34 -7 93 , -9 321 -321 0 -131 -452 , 0.00018511425606444043 , 16
0.444641540647569 , 168 -23 -126 -45 -273 -323 , 469 -105 105 0 164 269 , -37 15 76 -34 -78 83 , 269 -216 216 0 -33 183 , 213 126 23 45 -197 -250 , -143 141 301 -362 -2 213 , 219 -301 -141 362 -88 -143 , -3 -76 -15 34 7 -93 , -9 321 -321 0 -131 -452 , 0.00018511425606444043 , 17
0.444641540647569 , 168 -23 -126 -45 -273 -323 , 469 -105 105 0 164 269 , 83 37 -15 7 34 78 , 269 -216 216 0 -33 183 , 213 126 23 45 -197 -250 , 213 143 -141 -88 362 2 , 301 141 -143 88 143 219 , 76 15 -37 -7 93 -3 , -9 321 -321 0 -131 -452 , 0.00018511425606444046 , 18
0.444641540647569 , 168 -23 -126 -45 -273 -323 , 469 -105 105 0 164 269 , -83 -37 15 -7 -34 -78 , 269 -216 216 0 -33 183 , 213 126 23 45 -197 -250 , -213 -143 141 88 -362 -2 , -301 -141 143 -88 -143 -219 , -76 -15 37 7 -93 3 , -9 321 -321 0 -131 -452 , 0.00018511425606444046 , 19
0.444641540647569 , 168 -23 -126 -45 -273 -323 , 269 -216 216 0 -33 183 , -362 88 143 -143 -213 2 , 469 -105 105 0 164 269 , 213 126 23 45 -197 -250 , -34 -7 93 -37 -83 78 , 3 -93 7 37 -15 -76 , -219 -143 -88 143 -141 -301 , -9 321 -321 0 -131 -452 , 0.00018511425606451327 , 20
0.444641540647569 , 168 -23 -126 -45 -273 -323 , 269 -216 216 0 -33 183 , 362 -88 -143 143 213 -2 , 469 -105 105 0 164 269 , 213 126 23 45 -197 -250 , 34 7 -93 37 83 -78 , -3 93 -7 -37 15 76 , 219 143 88 -143 141 301 , -9 321 -321 0 -131 -452 , 0.00018511425606451327 , 21
0.444641540647569 , 168 -23 -126 -45 -273 -323 , 269 -216 216 0 -33 183 , 88 143 219 -213 2 362 , 469 -105 105 0 164 269 , 213 126 23 45 -197 -250 , -7 93 -3 -83 78 34 , 76 3 -93 83 37 -15 , 301 -219 -143 213 143 -141 , -9 321 -321 0 -131 -452 , 0.00018511425606451329 , 22
0.444641540647569 , 168 -23 -126 -45 -273 -323 , 269 -216 216 0 -33 183 , -88 -143 -219 213 -2 -362 , 469 -105 105 0 164 269 , 213 126 23 45 -197 -250 , 7 -93 3 83 -78 -34 , -76 -3 93 -83 -37 15 , -301 219 143 -213 -143 141 , -9 321 -321 0 -131 -452 , 0.00018511425606451329 , 23
0.444641540647569 , 168 -23 -126 -45 -273 -323 , 469 -105 105 0 164 269 , -76 -3 93 -83 -37 15 , 269 -216 216 0 -33 183 , 213 126 23 45 -197 -250 , -301 219 143 -213 -143 141 , -88 -143 -219 213 -2 -362 , 7 -93 3 83 -78 -34 , -9 321 -321 0 -131 -452 , 0.0001851142560646589 , 24
0.444641540647569 , 168 -23 -126 -45 -273 -323 , 469 -105 105 0 164 269 , 78 -83 -37 93 -7 -34 , 269 -216 216 0 -33 183 , 213 126 23 45 -197 -250 , 2 -213 -143 143 88 -362 , -141 143 213 -143 -219 301 , -15 37 83 -93 3 76 , -9 321 -321 0 -131 -452 , 0.0001851142560646589 , 25
0.444641540647569 , 168 -23 -126 -45 -273 -323 , 469 -105 105 0 164 269 , -78 83 37 -93 7 34 , 269 -216 216 0 -33 183 , 213 126 23 45 -197 -250 , -2 213 143 -143 -88 362 , 141 -143 -213 143 219 -301 , 15 -37 -83 93 -3 -76 , -9 321 -321 0 -131 -452 , 0.0001851142560646589 , 26
0.444641540647569 , 168 -23 -126 -45 -273 -323 , 469 -105 105 0 164 269 , 76 3 -93 83 37 -15 , 269 -216 216 0 -33 183 , 213 126 23 45 -197 -250 , 301 -219 -143 213 143 -141 , 88 143 219 -213 2 362 , -7 93 -3 -83 78 34 , -9 321 -321 0 -131 -452 , 0.0001851142560646589 , 27
0.444641540647569 , 168 -23 -126 -45 -273 -323 , 269 -216 216 0 -33 183 , -219 301 141 -362 88 143 , 469 -105 105 0 164 269 , 213 126 23 45 -197 -250 , 3 76 15 -34 -7 93 , 37 -15 -76 34 78 -83 , 143 -141 -301 362 2 -213 , -9 321 -321 0 -131 -452 , 0.00018511425606465893 , 28
0.444641540647569 , 168 -23 -126 -45 -273 -323 , 269 -216 216 0 -33 183 , 219 -301 -141 362 -88 -143 , 469 -105 105 0 164 269 , 213 126 23 45 -197 -250 , -3 -76 -15 34 7 -93 , -37 15 76 -34 -78 83 , -143 141 301 -362 -2 213 , -9 321 -321 0 -131 -452 , 0.00018511425606465893 , 29
0.444641540647569 , 168 -23 -126 -45 -273 -323 , 469 -105 105 0 164 269 , -3 93 -7 -37 15 76 , 269 -216 216 0 -33 183 , 213 126 23 45 -197 -250 , 219 143 88 -143 141 301 , 362 -88 -143 143 213 -2 , 34 7 -93 37 83 -78 , -9 321 -321 0 -131 -452 , 0.00018511425606473173 , 30
0.444641540647569 , 168 -23 -126 -45 -273 -323 , 469 -105 105 0 164 269 , 3 -93 7 37 -15 -76 , 269 -216 216 0 -33 183 , 213 126 23 45 -197 -250 , -219 -143 -88 143 -141 -301 , -362 88 143 -143 -213 2 , -34 -7 93 -37 -83 78 , -9 321 -321 0 -131 -452 , 0.00018511425606473173 , 31
0.444641540647569 , 168 -23 -126 -45 -273 -323 , 269 -216 216 0 -33 183 , -301 -141 143 -88 -143 -219 , 469 -105 105 0 164 269 , 213 126 23 45 -197 -250 , -76 -15 37 7 -93 3 , -83 -37 15 -7 -34 -78 , -213 -143 141 88 -362 -2 , -9 321 -321 0 -131 -452 , 0.00018511425606473176 , 32
0.444641540647569 , 168 -23 -126 -45 -273 -323 , 269 -216 216 0 -33 183 , 301 141 -143 88 143 219 , 469 -105 105 0 164 269 , 213 126 23 45 -197 -250 , 76 15 -37 -7 93 -3 , 83 37 -15 7 34 78 , 213 143 -141 -88 362 2 , -9 321 -321 0 -131 -452 , 0.00018511425606473176 , 33
0.444641540647569 , 168 -23 -126 -45 -273 -323 , 269 -216 216 0 -33 183 , -143 -219 301 -2 -362 88 , 469 -105 105 0 164 269 , 213 126 23 45 -197 -250 , -93 3 76 -78 -34 -7 , -15 -76 -3 78 -83 -37 , -141 -301 219 2 -213 -143 , -9 321 -321 0 -131 -452 , 0.00018511425606480456 , 34
0.444641540647569 , 168 -23 -126 -45 -273 -323 , 269 -216 216 0 -33 183 , 143 219 -301 2 362 -88 , 469 -105 105 0 164 269 , 213 126 23 45 -197 -250 , 93 -3 -76 78 34 7 , 15 76 3 -78 83 37 , 141 301 -219 -2 213 143 , -9 321 -321 0 -131 -452 , 0.00018511425606480456 , 35
0.5584693333018126 , 406 -122 -328 226 -290 -304 , -82 -90 90 0 -117 -27 , 177 -145 -227 429 -180 -20 , 357 -76 76 0 128 204 , 180 328 122 -226 24 -168 , -206 92 -42 -64 -4 -114 , -142 42 -92 64 -72 -96 , -252 227 145 -429 207 -35 , 454 166 -166 0 -11 -177 , 0.0001991368570489278 , 0
0.5584693333018126 , 406 -122 -328 226 -290 -304 , -82 -90 90 0 -117 -27 , -177 145 227 -429 180 20 , 357 -76 76 0 128 204 , 180 328 122 -226 24 -168 , 206 -92 42 64 4 114 , 142 -42 92 -64 72 96 , 252 -227 -145 429 -207 35 , 454 166 -166 0 -11 -177 , 0.0001991368570489278 , 1
0.5584693333018126 , 406 -122 -328 226 -290 -304 , 357 -76 76 0 128 204 , -64 72 96 -206 114 4 , -82 -90 90 0 -117 -27 , 180 328 122 -226 24 -168 , 429 -207 35 177 20 180 , 252 -35 207 -177 145 227 , 142 -96 -72 206 -92 42 , 454 166 -166 0 -11 -177 , 0.00019913685704892782 , 2
0.5584693333018126 , 406 -122 -328 226 -290 -304 , 357 -76 76 0 128 204 , 64 -72 -96 206 -114 -4 , -82 -90 90 0 -117 -27 , 180 328 122 -226 24 -168 , -429 207 -35 -177 -20 -180 , -252 35 -207 177 -145 -227 , -142 96 72 -206 92 -42 , 454 166 -166 0 -11 -177 , 0.00019913685704892782 , 3
0.5584693333018126 , 406 -122 -328 226 -290 -304 , 357 -76 76 0 128 204 , 114 4 64 42 -92 206 , -82 -90 90 0 -117 -27 , 180 328 122 -226 24 -168 , 20 180 -429 227 145 -177 , -207 429 -180 -227 252 -35 , 72 -64 -4 -42 142 -96 , 454 166 -166 0 -11 -177 , 0.00019913685704892791 , 4
0.5584693333018126 , 406 -122 -328 226 -290 -304 , 357 -76 76 0 128 204 , -114 -4 -64 -42 92 -206 , -82 -90 90 0 -117 -27 , 180 328 122 -226 24 -168 , -20 -180 429 -227 -145 177 , 207 -429 180 227 -252 35 , -72 64 4 42 -142 96 , 454 166 -166 0 -11 -177 , 0.00019913685704892791 , 5
0.5584693333018126 , 406 -122 -328 226 -290 -304 , -82 -90 90 0 -117 -27 , -145 -227 252 -180 -20 -177 , 357 -76 76 0 128 204 , 180 328 122 -226 24 -168 , 92 -42 142 -4 -114 206 , 96 -142 42 4 64 -72 , 35 -252 227 180 -429 207 , 454 166 -166 0 -11 -177 , 0.00019913685704892801 , 6
0.5584693333018126 , 406 -122 -328 226 -290 -304 , -82 -90 90 0 -117 -27 , 145 227 -252 180 20 177 , 357 -76 76 0 128 204 , 180 328 122 -226 24 -168 , -92 42 -142 4 114 -206 , -96 142 -42 -4 -64 72 , -35 252 -227 -180 429 -207 , 454 166 -166 0 -11 -177 , 0.00019913685704892801 , 7
0.5584693333018126 , 406 -122 -328 226 -290 -304 , 357 -76 76 0 128 204 , 72 96 -142 114 4 64 , -82 -90 90 0 -117 -27 , 180 328 122 -226 24 -168 , -207 35 -252 20 180 -429 , -227 252 -35 -20 -177 145 , -42 142 -96 -114 206 -92 , 454 166 -166 0 -11 -177 , 0.00019913685704892804 , 8
0.5584693333018126 , 406 -122 -328 226 -290 -304 , 357 -76 76 0 128 204 , -72 -96 142 -114 -4 -64 , -82 -90 90 0 -117 -27 , 180 328 122 -226 24 -168 , 207 -35 252 -20 -180 429 , 227 -252 35 20 177 -145 , 42 -142 96 114 -206 92 , 454 166 -166 0 -11 -177 , 0.00019913685704892804 , 9
0.5584693333018126 , 406 -122 -328 226 -290 -304 , 357 -76 76 0 128 204 , -142 42 -92 64 -72 -96 , -82 -90 90 0 -117 -27 , 180 328 122 -226 24 -168 , -252 227 145 -429 207 -35 , 177 -145 -227 429 -180 -20 , -206 92 -42 -64 -4 -114 , 454 166 -166 0 -11 -177 , 0.00019913685704892812 , 10
0.5584693333018126 , 406 -122 -328 226 -290 -304 , 357 -76 76 0 128 204 , 142 -42 92 -64 72 96 , -82 -90 90 0 -117 -27 , 180 328 122 -226 24 -168 , 252 -227 -145 429 -207 35 , -177 145 227 -429 180 20 , 206 -92 42 64 4 114 , 454 166 -166 0 -11 -177 , 0.00019913685704892812 , 11
0.5584693333018126 , 406 -122 -328 226 -290 -304 , 357 -76 76 0 128 204 , -96 142 -42 -4 -64 72 , -82 -90 90 0 -117 -27 , 180 328 122 -226 24 -168 , -35 252 -227 -180 429 -207 , 145 227 -252 180 20 177 , -92 42 -142 4 114 -206 , 454 166 -166 0 -11 -177 , 0.00019913685704892818 , 12
0.5584693333018126 , 406 -122 -328 226 -290 -304 , 357 -76 76 0 128 204 , 96 -142 42 4 64 -72 , -82 -90 90 0 -117 -27 , 180 328 122 -226 24 -168 , 35 -252 227 180 -429 207 , -145 -227 252 -180 -20 -177 , 92 -42 142 -4 -114 206 , 454 166 -166 0 -11 -177 , 0.00019913685704892818 , 13
0.5584693333018126 , 406 -122 -328 226 -290 -304 , -82 -90 90 0 -117 -27 , -252 35 -207 177 -145 -227 , 357 -76 76 0 128 204 , 180 328 122 -226 24 -168 , -142 96 72 -206 92 -42 , 64 -72 -96 206 -114 -4 , -429 207 -35 -177 -20 -180 , 454 166 -166 0 -11 -177 , 0.0001991368570489282 , 14
0.5584693333018126 , 406 -122 -328 226 -290 -304 , -82 -90 90 0 -117 -27 , 35 -207 429 -145 -227 252 , 357 -76 76 0 128 204 , 180 328 122 -226 24 -168 , 96 72 -64 92 -42 142 , 4 64 -72 -92 206 -114 , 180 -429 207 145 -177 -20 , 454 166 -166 0 -11 -177 , 0.0001991368570489282 , 15
0.5584693333018126 , 406 -122 -328 226 -290 -304 , -82 -90 90 0 -117 -27 , -35 207 -429 145 227 -252 , 357 -76 76 0 128 204 , 180 328 122 -226 24 -168 , -96 -72 64 -92 42 -142 , -4 -64 72 92 -206 114 , -180 429 -207 -145 177 20 , 454 166 -166 0 -11 -177 , 0.0001991368570489282 , 16
0.5584693333018126 , 406 -122 -328 226 -290 -304 , -82 -90 90 0 -117 -27 , 252 -35 207 -177 145 227 , 357 -76 76 0 128 204 , 180 328 122 -226 24 -168 , 142 -96 -72 206 -92 42 , -64 72 96 -206 114 4 , 429 -207 35 177 20 180 , 454 166 -166 0 -11 -177 , 0.0001991368570489282 , 17
0.5584693333018126 , 406 -122 -328 226 -290 -304 , 357 -76 76 0 128 204 , 92 -206 114 96 -142 42 , -82 -90 90 0 -117 -27 , 180 328 122 -226 24 -168 , -145 177 20 35 -252 227 , -180 -20 -177 -35 207 -429 , -4 -114 206 -96 -72 64 , 454 166 -166 0 -11 -177 , 0.00019913685704892826 , 18
0.5584693333018126 , 406 -122 -328 226 -290 -304 , 357 -76 76 0 128 204 , -92 206 -114 -96 142 -42 , -82 -90 90 0 -117 -27 , 180 328 122 -226 24 -168 , 145 -177 -20 -35 252 -227 , 180 20 177 35 -207 429 , 4 114 -206 96 72 -64 , 454 166 -166 0 -11 -177 , 0.00019913685704892826 , 19
0.5584693333018126 , 406 -122 -328 226 -290 -304 , -82 -90 90 0 -117 -27 , -207 429 -180 -227 252 -35 , 357 -76 76 0 128 204 , 180 328 122 -226 24 -168 , 72 -64 -4 -42 142 -96 , 114 4 64 42 -92 206 , 20 180 -429 227 145 -177 , 454 166 -166 0 -11 -177 , 0.00019913685704892826 , 20
0.5584693333018126 , 406 -122 -328 226 -290 -304 , -82 -90 90 0 -117 -27 , -180 -20 -177 -35 207 -429 , 357 -76 76 0 128 204 , 180 328 122 -226 24 -168 , -4 -114 206 -96 -72 64 , 92 -206 114 96 -142 42 , -145 177 20 35 -252 227 , 454 166 -166 0 -11 -177 , 0.00019913685704892826 , 21
0.5584693333018126 , 406 -122 -328 226 -290 -304 , -82 -90 90 0 -117 -27 , 180 20 177 35 -207 429 , 357 -76 76 0 128 204 , 180 328 122 -226 24 -168 , 4 114 -206 96 72 -64 , -92 206 -114 -96 142 -42 , 145 -177 -20 -35 252 -227 , 454 166 -166 0 -11 -177 , 0.00019913685704892826 , 22
0.5584693333018126 , 406 -122 -328 226 -290 -304 , -82 -90 90 0 -117 -27 , 207 -429 180 227 -252 35 , 357 -76 76 0 128 204 , 180 328 122 -226 24 -168 , -72 64 4 42 -142 96 , -114 -4 -64 -42 92 -206 , -20 -180 429 -227 -145 177 , 454 166 -166 0 -11 -177 , 0.00019913685704892826 , 23
0.5584693333018126 , 406 -122 -328 226 -290 -304 , 357 -76 76 0 128 204 , -206 114 4 -142 42 -92 , -82 -90 90 0 -117 -27 , 180 328 122 -226 24 -168 , 177 20 180 -252 227 145 , 429 -180 -20 252 -35 207 , -64 -4 -114 142 -96 -72 , 454 166 -166 0 -11 -177 , 0.00019913685704892829 , 24
0.5584693333018126 , 406 -122 -328 226 -290 -304 , 357 -76 76 0 128 204 , -4 -64 72 92 -206 114 , -82 -90 90 0 -117 -27 , 180 328 122 -226 24 -168 , -180 429 -207 -145 177 20 , -35 207 -429 145 227 -252 , -96 -72 64 -92 42 -142 , 454 166 -166 0 -11 -177 , 0.00019913685704892829 , 25
0.5584693333018126 , 406 -122 -328 226 -290 -304 , 357 -76 76 0 128 204 , 4 64 -72 -92 206 -114 , -82 -90 90 0 -117 -27 , 180 328 122 -226 24 -168 , 180 -429 207 145 -177 -20 , 35 -207 429 -145 -227 252 , 96 72 -64 92 -42 142 , 454 166 -166 0 -11 -177 , 0.00019913685704892829 , 26
0.5584693333018126 , 406 -122 -328 226 -290 -304 , 357 -76 76 0 128 204 , 206 -114 -4 142 -42 92 , -82 -90 90 0 -117 -27 , 180 328 122 -226 24 -168 , -177 -20 -180 252 -227 -145 , -429 180 20 -252 35 -207 , 64 4 114 -142 96 72 , 454 166 -166 0 -11 -177 , 0.00019913685704892829 , 27
0.5584693333018126 , 406 -122 -328 226 -290 -304 , -82 -90 90 0 -117 -27 , -227 252 -35 -20 -177 145 , 357 -76 76 0 128 204 , 180 328 122 -226 24 -168 , -42 142 -96 -114 206 -92 , 72 96 -142 114 4 64 , -207 35 -252 20 180 -429 , 454 166 -166 0 -11 -177 , 0.00019913685704892829 , 28
0.5584693333018126 , 406 -122 -328 226 -290 -304 , -82 -90 90 0 -117 -27 , -429 180 20 -252 35 -207 , 357 -76 76 0 128 204 , 180 328 122 -226 24 -168 , 64 4 114 -142 96 72 , 206 -114 -4 142 -42 92 , -177 -20 -180 252 -227 -145 , 454 166 -166 0 -11 -177 , 0.00019913685704892829 , 29
0.5584693333018126 , 406 -122 -328 226 -290 -304 , -82 -90 90 0 -117 -27 , 429 -180 -20 252 -35 207 , 357 -76 76 0 128 204 , 180 328 122 -226 24 -168 , -64 -4 -114 142 -96 -72 , -206 114 4 -142 42 -92 , 177 20 180 -252 227 145 , 454 166 -166 0 -11 -177 , 0.00019913685704892829 , 30
0.5584693333018126 , 406 -122 -328 226 -290 -304 , -82 -90 90 0 -117 -27 , 227 -252 35 20 177 -145 , 357 -76 76 0 128 204 , 180 328 122 -226 24 -168 , 42 -142 96 114 -206 92 , -72 -96 142 -114 -4 -64 , 207 -35 252 -20 -180 429 , 454 166 -166 0 -11 -177 , 0.00019913685704892829 , 31
0.5584693333018126 , 406 -122 -328 226 -290 -304 , 357 -76 76 0 128 204 , -42 92 -206 72 96 -142 , -82 -90 90 0 -117 -27 , 180 328 122 -226 24 -168 , -227 -145 177 -207 35 -252 , -20 -177 145 207 -429 180 , -114 206 -92 -72 64 4 , 454 166 -166 0 -11 -177 , 0.00019913685704892831 , 32
0.5584693333018126 , 406 -122 -328 226 -290 -304 , 357 -76 76 0 128 204 , 42 -92 206 -72 -96 142 , -82 -90 90 0 -117 -27 , 180 328 122 -226 24 -168 , 227 145 -177 207 -35 252 , 20 177 -145 -207 429 -180 , 114 -206 92 72 -64 -4 , 454 166 -166 0 -11 -177 , 0.00019913685704892831 , 33
0.5584693333018126 , 406 -122 -328 226 -290 -304 , -82 -90 90 0 -117 -27 , -20 -177 145 207 -429 180 , 357 -76 76 0 128 204 , 180 328 122 -226 24 -168 , -114 206 -92 -72 64 4 , -42 92 -206 72 96 -142 , -227 -145 177 -207 35 -252 , 454 166 -166 0 -11 -177 , 0.00019913685704892834 , 34
0.5584693333018126 , 406 -122 -328 226 -290 -304 , -82 -90 90 0 -117 -27 , 20 177 -145 -207 429 -180 , 357 -76 76 0 128 204 , 180 328 122 -226 24 -168 , 114 -206 92 72 -64 -4 , 42 -92 206 -72 -96 142 , 227 145 -177 207 -35 252 , 454 166 -166 0 -11 -177 , 0.00019913685704892834 , 35
0.659067216612893 , 298 -218 -240 94 -258 -431 , 154 -325 325 0 -183 142 , 202 72 -153 91 136 61 , 121 159 -159 0 194 35 , 204 240 218 -94 -191 -40 , -89 -32 -18 -177 265 -295 , 88 18 32 177 -277 297 , 111 153 -72 -91 214 64 , 454 166 -166 0 -11 -177 , 0.00019915513075791075 , 0
0.659067216612893 , 298 -218 -240 94 -258 -431 , 154 -325 325 0 -183 142 , -202 -72 153 -91 -136 -61 , 121 159 -159 0 194 35 , 204 240 218 -94 -191 -40 , 89 32 18 177 -265 295 , -88 -18 -32 -177 277 -297 , -111 -153 72 91 -214 -64 , 454 166 -166 0 -11 -177 , 0.00019915513075791075 , 1
0.659067216612893 , 298 -218 -240 94 -258 -431 , 154 -325 325 0 -183 142 , 91 136 61 -111 64 214 , 121 159 -159 0 194 35 , 204 240 218 -94 -191 -40 , -177 265 -295 -88 297 -277 , -89 295 -265 88 18 32 , 202 -61 -136 111 153 -72 , 454 166 -166 0 -11 -177 , 0.00019915513075791503 , 2
0.659067216612893 , 298 -218 -240 94 -258 -431 , 154 -325 325 0 -183 142 , -91 -136 -61 111 -64 -214 , 121 159 -159 0 194 35 , 204 240 218 -94 -191 -40 , 177 -265 295 88 -297 277 , 89 -295 265 -88 -18 -32 , -202 61 136 -111 -153 72 , 454 166 -166 0 -11 -177 , 0.00019915513075791503 , 3
0.659067216612893 , 298 -218 -240 94 -258 -431 , 121 159 -159 0 194 35 , 277 -297 88 295 -265 177 , 154 -325 325 0 -183 142 , 204 240 218 -94 -191 -40 , -214 -64 111 -61 -136 -91 , -153 -111 64 61 -202 -72 , -18 -88 297 -295 89 32 , 454 166 -166 0 -11 -177 , 0.00019915513075791715 , 4
0.659067216612893 , 298 -218 -240 94 -258 -431 , 121 159 -159 0 194 35 , -277 297 -88 -295 265 -177 , 154 -325 325 0 -183 142 , 204 240 218 -94 -191 -40 , 214 64 -111 61 136 91 , 153 111 -64 -61 202 72 , 18 88 -297 295 -89 -32 , 454 166 -166 0 -11 -177 , 0.00019915513075791715 , 5
0.659067216612893 , 298 -218 -240 94 -258 -431 , 121 159 -159 0 194 35 , -297 88 18 -265 177 -277 , 154 -325 325 0 -183 142 , 204 240 218 -94 -191 -40 , -64 111 153 -136 -91 214 , 72 -153 -111 136 61 -202 , -32 -18 -88 265 -295 89 , 454 166 -166 0 -11 -177 , 0.00019915513075791718 , 6
0.659067216612893 , 298 -218 -240 94 -258 -431 , 121 159 -159 0 194 35 , 297 -88 -18 265 -177 277 , 154 -325 325 0 -183 142 , 204 240 218 -94 -191 -40 , 64 -111 -153 136 91 -214 , -72 153 111 -136 -61 202 , 32 18 88 -265 295 -89 , 454 166 -166 0 -11 -177 , 0.00019915513075791718 , 7
0.659067216612893 , 298 -218 -240 94 -258 -431 , 121 159 -159 0 194 35 , -265 177 -277 32 89 -295 , 154 -325 325 0 -183 142 , 204 240 218 -94 -191 -40 , -136 -91 214 -72 -202 61 , -64 -214 91 72 -153 -111 , -297 277 -177 -32 -18 -88 , 454 166 -166 0 -11 -177 , 0.00019915513075791821 , 8
0.659067216612893 , 298 -218 -240 94 -258 -431 , 121 159 -159 0 194 35 , 265 -177 277 -32 -89 295 , 154 -325 325 0 -183 142 , 204 240 218 -94 -191 -40 , 136 91 -214 72 202 -61 , 64 214 -91 -72 153 111 , 297 -277 177 32 18 88 , 454 166 -166 0 -11 -177 , 0.00019915513075791821 , 9
0.659067216612893 , 298 -218 -240 94 -258 -431 , 154 -325 325 0 -183 142 , -61 202 72 -214 91 136 , 121 159 -159 0 194 35 , 204 240 218 -94 -191 -40 , 295 -89 -32 277 -177 265 , 18 32 89 -277 297 -88 , 153 -72 -202 214 64 -111 , 454 166 -166 0 -11 -177 , 0.00019915513075791929 , 10
0.659067216612893 , 298 -218 -240 94 -258 -431 , 154 -325 325 0 -183 142 , 61 -202 -72 214 -91 -136 , 121 159 -159 0 194 35 , 204 240 218 -94 -191 -40 , -295 89 32 -277 177 -265 , -18 -32 -89 277 -297 88 , -153 72 202 -214 -64 111 , 454 166 -166 0 -11 -177 , 0.00019915513075791929 , 11
0.659067216612893 , 298 -218 -240 94 -258 -431 , 154 -325 325 0 -183 142 , -214 91 136 -153 -111 64 , 121 159 -159 0 194 35 , 204 240 218 -94 -191 -40 , 277 -177 265 -18 -88 297 , 295 -265 177 18 32 89 , -61 -136 -91 153 -72 -202 , 454 166 -166 0 -11 -177 , 0.00019915513075792035 , 12
0.659067216612893 , 298 -218 -240 94 -258 -431 , 154 -325 325 0 -183 142 , 214 -91 -136 153 111 -64 , 121 159 -159 0 194 35 , 204 240 218 -94 -191 -40 , -277 177 -265 18 88 -297 , -295 265 -177 -18 -32 -89 , 61 136 91 -153 72 202 , 454 166 -166 0 -11 -177 , 0.00019915513075792035 , 13
0.659067216612893 , 298 -218 -240 94 -258 -431 , 121 159 -159 0 194 35 , 88 18 32 177 -277 297 , 154 -325 325 0 -183 142 , 204 240 218 -94 -191 -40 , 111 153 -72 -91 214 64 , 202 72 -153 91 136 61 , -89 -32 -18 -177 265 -295 , 454 166 -166 0 -11 -177 , 0.00019915513075792035 , 14
0.659067216612893 , 298 -218 -240 94 -258 -431 , 121 159 -159 0 194 35 , -88 -18 -32 -177 277 -297 , 154 -325 325 0 -183 142 , 204 240 218 -94 -191 -40 , -111 -153 72 91 -214 -64 , -202 -72 153 -91 -136 -61 , 89 32 18 177 -265 295 , 454 166 -166 0 -11 -177 , 0.00019915513075792035 , 15
0.659067216612893 , 298 -218 -240 94 -258 -431 , 121 159 -159 0 194 35 , -177 277 -297 -89 295 -265 , 154 -325 325 0 -183 142 , 204 240 218 -94 -191 -40 , 91 -214 -64 202 -61 -136 , -111 64 214 -202 -72 153 , -88 297 -277 89 32 18 , 454 166 -166 0 -11 -177 , 0.0001991551307579214 , 16
0.659067216612893 , 298 -218 -240 94 -258 -431 , 121 159 -159 0 194 35 , 177 -277 297 89 -295 265 , 154 -325 325 0 -183 142 , 204 240 218 -94 -191 -40 , -91 214 64 -202 61 136 , 111 -64 -214 202 72 -153 , 88 -297 277 -89 -32 -18 , 454 166 -166 0 -11 -177 , 0.0001991551307579214 , 17
0.659067216612893 , 298 -218 -240 94 -258 -431 , 121 159 -159 0 194 35 , -18 -32 -89 277 -297 88 , 154 -325 325 0 -183 142 , 204 240 218 -94 -191 -40 , -153 72 202 -214 -64 111 , 61 -202 -72 214 -91 -136 , -295 89 32 -277 177 -265 , 454 166 -166 0 -11 -177 , 0.00019915513075792143 , 18
0.659067216612893 , 298 -218 -240 94 -258 -431 , 121 159 -159 0 194 35 , -295 265 -177 -18 -32 -89 , 154 -325 325 0 -183 142 , 204 240 218 -94 -191 -40 , 61 136 91 -153 72 202 , 214 -91 -136 153 111 -64 , -277 177 -265 18 88 -297 , 454 166 -166 0 -11 -177 , 0.00019915513075792143 , 19
0.659067216612893 , 298 -218 -240 94 -258 -431 , 121 159 -159 0 194 35 , -32 -89 295 -297 88 18 , 154 -325 325 0 -183 142 , 204 240 218 -94 -191 -40 , 72 202 -61 -64 111 153 , 136 61 -202 64 214 -91 , 265 -295 89 297 -277 177 , 454 166 -166 0 -11 -177 , 0.00019915513075792143 , 20
0.659067216612893 , 298 -218 -240 94 -258 -431 , 121 159 -159 0 194 35 , 32 89 -295 297 -88 -18 , 154 -325 325 0 -183 142 , 204 240 218 -94 -191 -40 , -72 -202 61 64 -111 -153 , -136 -61 202 -64 -214 91 , -265 295 -89 -297 277 -177 , 454 166 -166 0 -11 -177 , 0.00019915513075792143 , 21
0.659067216612893 , 298 -218 -240 94 -258 -431 , 121 159 -159 0 194 35 , 295 -265 177 18 32 89 , 154 -325 325 0 -183 142 , 204 240 218 -94 -191 -40 , -61 -136 -91 153 -72 -202 , -214 91 136 -153 -111 64 , 277 -177 265 -18 -88 297 , 454 166 -166 0 -11 -177 , 0.00019915513075792143 , 22
0.659067216612893 , 298 -218 -240 94 -258 -431 , 121 159 -159 0 194 35 , 18 32 89 -277 297 -88 , 154 -325 325 0 -183 142 , 204 240 218 -94 -191 -40 , 153 -72 -202 214 64 -111 , -61 202 72 -214 91 136 , 295 -89 -32 277 -177 265 , 454 166 -166 0 -11 -177 , 0.00019915513075792143 , 23
0.659067216612893 , 298 -218 -240 94 -258 -431 , 154 -325 325 0 -183 142 , -111 64 214 -202 -72 153 , 121 159 -159 0 194 35 , 204 240 218 -94 -191 -40 , -88 297 -277 89 32 18 , -177 277 -297 -89 295 -265 , 91 -214 -64 202 -61 -136 , 454 166 -166 0 -11 -177 , 0.00019915513075792246 , 24
0.659067216612893 , 298 -218 -240 94 -258 -431 , 154 -325 325 0 -183 142 , 111 -64 -214 202 72 -153 , 121 159 -159 0 194 35 , 204 240 218 -94 -191 -40 , 88 -297 277 -89 -32 -18 , 177 -277 297 89 -295 265 , -91 214 64 -202 61 136 , 454 166 -166 0 -11 -177 , 0.00019915513075792246 , 25
0.659067216612893 , 298 -218 -240 94 -258 -431 , 154 -325 325 0 -183 142 , -153 -111 64 61 -202 -72 , 121 159 -159 0 194 35 , 204 240 218 -94 -191 -40 , -18 -88 297 -295 89 32 , 277 -297 88 295 -265 177 , -214 -64 111 -61 -136 -91 , 454 166 -166 0 -11 -177 , 0.00019915513075792249 , 26
0.659067216612893 , 298 -218 -240 94 -258 -431 , 154 -325 325 0 -183 142 , -72 153 111 -136 -61 202 , 121 159 -159 0 194 35 , 204 240 218 -94 -191 -40 , 32 18 88 -265 295 -89 , 297 -88 -18 265 -177 277 , 64 -111 -153 136 91 -214 , 454 166 -166 0 -11 -177 , 0.00019915513075792249 , 27
0.659067216612893 , 298 -218 -240 94 -258 -431 , 154 -325 325 0 -183 142 , 72 -153 -111 136 61 -202 , 121 159 -159 0 194 35 , 204 240 218 -94 -191 -40 , -32 -18 -88 265 -295 89 , -297 88 18 -265 177 -277 , -64 111 153 -136 -91 214 , 454 166 -166 0 -11 -177 , 0.00019915513075792249 , 28
0.659067216612893 , 298 -218 -240 94 -258 -431 , 154 -325 325 0 -183 142 , 153 111 -64 -61 202 72 , 121 159 -159 0 194 35 , 204 240 218 -94 -191 -40 , 18 88 -297 295 -89 -32 , -277 297 -88 -295 265 -177 , 214 64 -111 61 136 91 , 454 166 -166 0 -11 -177 , 0.00019915513075792249 , 29
0.659067216612893 , 298 -218 -240 94 -258 -431 , 121 159 -159 0 194 35 , -89 295 -265 88 18 32 , 154 -325 325 0 -183 142 , 204 240 218 -94 -191 -40 , 202 -61 -136 111 153 -72 , 91 136 61 -111 64 214 , -177 265 -295 -88 297 -277 , 454 166 -166 0 -11 -177 , 0.0001991551307579246 , 30
0.659067216612893 , 298 -218 -240 94 -258 -431 , 121 159 -159 0 194 35 , 89 -295 265 -88 -18 -32 , 154 -325 325 0 -183 142 , 204 240 218 -94 -191 -40 , -202 61 136 -111 -153 72 , -91 -136 -61 111 -64 -214 , 177 -265 295 88 -297 277 , 454 166 -166 0 -11 -177 , 0.0001991551307579246 , 31
0.659067216612893 , 298 -218 -240 94 -258 -431 , 154 -325 325 0 -183 142 , -64 -214 91 72 -153 -111 , 121 159 -159 0 194 35 , 204 240 218 -94 -191 -40 , -297 277 -177 -32 -18 -88 , -265 177 -277 32 89 -295 , -136 -91 214 -72 -202 61 , 454 166 -166 0 -11 -177 , 0.00019915513075792674 , 32
0.659067216612893 , 298 -218 -240 94 -258 -431 , 154 -325 325 0 -183 142 , 64 214 -91 -72 153 111 , 121 159 -159 0 194 35 , 204 240 218 -94 -191 -40 , 297 -277 177 32 18 88 , 265 -177 277 -32 -89 295 , 136 91 -214 72 202 -61 , 454 166 -166 0 -11 -177 , 0.00019915513075792674 , 33
0.659067216612893 , 298 -218 -240 94 -258 -431 , 154 -325 325 0 -183 142 , -136 -61 202 -64 -214 91 , 121 159 -159 0 194 35 , 204 240 218 -94 -191 -40 , -265 295 -89 -297 277 -177 , 32 89 -295 297 -88 -18 , -72 -202 61 64 -111 -153 , 454 166 -166 0 -11 -177 , 0.00019915513075792783 , 34
0.659067216612893 , 298 -218 -240 94 -258 -431 , 154 -325 325 0 -183 142 , 136 61 -202 64 214 -91 , 121 159 -159 0 194 35 , 204 240 218 -94 -191 -40 , 265 -295 89 297 -277 177 , -32 -89 295 -297 88 18 , 72 202 -61 -64 111 153 , 454 166 -166 0 -11 -177 , 0.00019915513075792783 , 35
0.7512162312586568 , 204 26 -208 -120 -193 -265 , 462 -82 82 0 179 261 , -21 38 0 50 -108 90 , 276 -239 239 0 -48 191 , 324 208 -26 120 -57 -219 , 265 -211 -195 280 87 -162 , -15 195 211 -280 33 298 , -71 0 -38 -50 90 -146 , -9 321 -321 0 -131 -452 , 0.00010576290380542335 , 0
0.7512162312586568 , 204 26 -208 -120 -193 -265 , 462 -82 82 0 179 261 , 21 -38 0 -50 108 -90 , 276 -239 239 0 -48 191 , 324 208 -26 120 -57 -219 , -265 211 195 -280 -87 162 , 15 -195 -211 280 -33 -298 , 71 0 38 50 -90 146 , -9 321 -321 0 -131 -452 , 0.00010576290380542335 , 1
0.7512162312586568 , 204 26 -208 -120 -193 -265 , 462 -82 82 0 179 261 , -90 -21 38 -90 50 -108 , 276 -239 239 0 -48 191 , 324 208 -26 120 -57 -219 , 162 265 -211 -33 280 87 , 195 211 -265 33 298 15 , 0 -38 21 90 -146 71 , -9 321 -321 0 -131 -452 , 0.00010576290380548272 , 2
0.7512162312586568 , 204 26 -208 -120 -193 -265 , 462 -82 82 0 179 261 , 90 21 -38 90 -50 108 , 276 -239 239 0 -48 191 , 324 208 -26 120 -57 -219 , -162 -265 211 33 -280 -87 , -195 -211 265 -33 -298 -15 , 0 38 -21 -90 146 -71 , -9 321 -321 0 -131 -452 , 0.00010576290380548272 , 3
0.7512162312586568 , 204 26 -208 -120 -193 -265 , 276 -239 239 0 -48 191 , 211 -265 -162 298 15 -195 , 462 -82 82 0 179 261 , 324 208 -26 120 -57 -219 , -38 21 90 -146 71 0 , 108 -90 -21 146 -90 50 , -87 162 265 -298 -33 280 , -9 321 -321 0 -131 -452 , 0.00010576290380548275 , 4
0.7512162312586568 , 204 26 -208 -120 -193 -265 , 276 -239 239 0 -48 191 , -211 265 162 -298 -15 195 , 462 -82 82 0 179 261 , 324 208 -26 120 -57 -219 , 38 -21 -90 146 -71 0 , -108 90 21 -146 90 -50 , 87 -162 -265 298 33 -280 , -9 321 -321 0 -131 -452 , 0.00010576290380548275 , 5
0.7512162312586568 , 204 26 -208 -120 -193 -265 , 276 -239 239 0 -48 191 , -265 -162 87 15 -195 -211 , 462 -82 82 0 179 261 , 324 208 -26 120 -57 -219 , 21 90 -108 71 0 38 , -50 108 -90 -71 146 -90 , -280 -87 162 -15 -298 -33 , -9 321 -321 0 -131 -452 , 0.00010576290380554213 , 6
0.7512162312586568 , 204 26 -208 -120 -193 -265 , 276 -239 239 0 -48 191 , 265 162 -87 -15 195 211 , 462 -82 82 0 179 261 , 324 208 -26 120 -57 -219 , -21 -90 108 -71 0 -38 , 50 -108 90 71 -146 90 , 280 87 -162 15 298 33 , -9 321 -321 0 -131 -452 , 0.00010576290380554213 , 7
0.7512162312586568 , 204 26 -208 -120 -193 -265 , 276 -239 239 0 -48 191 , -87 -280 33 211 -265 -162 , 462 -82 82 0 179 261 , 324 208 -26 120 -57 -219 , 108 -50 90 -38 21 90 , 146 -90 50 38 0 71 , -298 -33 280 -211 -195 15 , -9 321 -321 0 -131 -452 , 0.00010576290380554215 , 8
0.7512162312586568 , 204 26 -208 -120 -193 -265 , 276 -239 239 0 -48 191 , 87 280 -33 -211 265 162 , 462 -82 82 0 179 261 , 324 208 -26 120 -57 -219 , -108 50 -90 38 -21 -90 , -146 90 -50 -38 0 -71 , 298 33 -280 211 195 -15 , -9 321 -321 0 -131 -452 , 0.00010576290380554215 , 9
0.7512162312586568 , 204 26 -208 -120 -193 -265 , 276 -239 239 0 -48 191 , -280 33 298 -265 -162 87 , 462 -82 82 0 179 261 , 324 208 -26 120 -57 -219 , -50 90 -146 21 90 -108 , -71 146 -90 -21 38 0 , -15 -298 -33 265 -211 -195 , -9 321 -321 0 -131 -452 , 0.00010576290380560152 , 10
0.7512162312586568 , 204 26 -208 -120 -193 -265 , 276 -239 239 0 -48 191 , 280 -33 -298 265 162 -87 , 462 -82 82 0 179 261 , 324 208 -26 120 -57 -219 , 50 -90 146 -21 -90 108 , 71 -146 90 21 -38 0 , 15 298 33 -265 211 195 , -9 321 -321 0 -131 -452 , 0.00010576290380560152 , 11
0.7512162312586568 , 204 26 -208 -120 -193 -265 , 462 -82 82 0 179 261 , 50 -108 90 71 -146 90 , 276 -239 239 0 -48 191 , 324 208 -26 120 -57 -219 , 280 87 -162 15 298 33 , 265 162 -87 -15 195 211 , -21 -90 108 -71 0 -38 , -9 321 -321 0 -131 -452 , 0.00010576290380560154 , 12
0.7512162312586568 , 204 26 -208 -120 -193 -265 , 462 -82 82 0 179 261 , -50 108 -90 -71 146 -90 , 276 -239 239 0 -48 191 , 324 208 -26 120 -57 -219 , -280 -87 162 -15 -298 -33 , -265 -162 87 15 -195 -211 , 21 90 -108 71 0 38 , -9 321 -321 0 -131 -452 , 0.00010576290380560154 , 13
0.7512162312586568 , 204 26 -208 -120 -193 -265 , 276 -239 239 0 -48 191 , -162 87 280 -195 -211 265 , 462 -82 82 0 179 261 , 324 208 -26 120 -57 -219 , 90 -108 50 0 38 -21 , 90 -50 108 0 -71 146 , 33 -280 -87 195 -15 -298 , -9 321 -321 0 -131 -452 , 0.00010576290380566092 , 14
0.7512162312586568 , 204 26 -208 -120 -193 -265 , 276 -239 239 0 -48 191 , -195 -211 265 -33 -298 -15 , 462 -82 82 0 179 261 , 324 208 -26 120 -57 -219 , 0 38 -21 -90 146 -71 , 90 21 -38 90 -50 108 , -162 -265 211 33 -280 -87 , -9 321 -321 0 -131 -452 , 0.00010576290380566092 , 15
0.7512162312586568 , 204 26 -208 -120 -193 -265 , 276 -239 239 0 -48 191 , 195 211 -265 33 298 15 , 462 -82 82 0 179 261 , 324 208 -26 120 -57 -219 , 0 -38 21 90 -146 71 , -90 -21 38 -90 50 -108 , 162 265 -211 -33 280 87 , -9 321 -321 0 -131 -452 , 0.00010576290380566092 , 16
0.7512162312586568 , 204 26 -208 -120 -193 -265 , 276 -239 239 0 -48 191 , 162 -87 -280 195 211 -265 , 462 -82 82 0 179 261 , 324 208 -26 120 -57 -219 , -90 108 -50 0 -38 21 , -90 50 -108 0 71 -146 , -33 280 87 -195 15 298 , -9 321 -321 0 -131 -452 , 0.00010576290380566092 , 17
0.7512162312586568 , 204 26 -208 -120 -193 -265 , 462 -82 82 0 179 261 , 108 -90 -21 146 -90 50 , 276 -239 239 0 -48 191 , 324 208 -26 120 -57 -219 , -87 162 265 -298 -33 280 , 211 -265 -162 298 15 -195 , -38 21 90 -146 71 0 , -9 321 -321 0 -131 -452 , 0.00010576290380566092 , 18
0.7512162312586568 , 204 26 -208 -120 -193 -265 , 462 -82 82 0 179 261 , -108 90 21 -146 90 -50 , 276 -239 239 0 -48 191 , 324 208 -26 120 -57 -219 , 87 -162 -265 298 33 -280 , -211 265 162 -298 -15 195 , 38 -21 -90 146 -71 0 , -9 321 -321 0 -131 -452 , 0.00010576290380566092 , 19
0.7512162312586568 , 204 26 -208 -120 -193 -265 , 462 -82 82 0 179 261 , -90 50 -108 0 71 -146 , 276 -239 239 0 -48 191 , 324 208 -26 120 -57 -219 , -33 280 87 -195 15 298 , 162 -87 -280 195 211 -265 , -90 108 -50 0 -38 21 , -9 321 -321 0 -131 -452 , 0.00010576290380572031 , 20
0.7512162312586568 , 204 26 -208 -120 -193 -265 , 462 -82 82 0 179 261 , 90 -50 108 0 -71 146 , 276 -239 239 0 -48 191 , 324 208 -26 120 -57 -219 , 33 -280 -87 195 -15 -298 , -162 87 280 -195 -211 265 , 90 -108 50 0 38 -21 , -9 321 -321 0 -131 -452 , 0.00010576290380572031 , 21
0.7512162312586568 , 204 26 -208 -120 -193 -265 , 276 -239 239 0 -48 191 , 33 298 15 -162 87 280 , 462 -82 82 0 179 261 , 324 208 -26 120 -57 -219 , 90 -146 71 90 -108 50 , 0 -71 146 -90 -21 38 , 195 -15 -298 162 265 -211 , -9 321 -321 0 -131 -452 , 0.00010576290380577971 , 22
0.7512162312586568 , 204 26 -208 -120 -193 -265 , 276 -239 239 0 -48 191 , 15 -195 -211 280 -33 -298 , 462 -82 82 0 179 261 , 324 208 -26 120 -57 -219 , 71 0 38 50 -90 146 , 21 -38 0 -50 108 -90 , -265 211 195 -280 -87 162 , -9 321 -321 0 -131 -452 , 0.00010576290380577971 , 23
0.7512162312586568 , 204 26 -208 -120 -193 -265 , 276 -239 239 0 -48 191 , -298 -15 195 -87 -280 33 , 462 -82 82 0 179 261 , 324 208 -26 120 -57 -219 , 146 -71 0 108 -50 90 , 38 0 71 -108 90 21 , -211 -195 15 87 -162 -265 , -9 321 -321 0 -131 -452 , 0.00010576290380577971 , 24
0.7512162312586568 , 204 26 -208 -120 -193 -265 , 276 -239 239 0 -48 191 , 298 15 -195 87 280 -33 , 462 -82 82 0 179 261 , 324 208 -26 120 -57 -219 , -146 71 0 -108 50 -90 , -38 0 -71 108 -90 -21 , 211 195 -15 -87 162 265 , -9 321 -321 0 -131 -452 , 0.00010576290380577971 , 25
0.7512162312586568 , 204 26 -208 -120 -193 -265 , 276 -239 239 0 -48 191 , -15 195 211 -280 33 298 , 462 -82 82 0 179 261 , 324 208 -26 120 -57 -219 , -71 0 -38 -50 90 -146 , -21 38 0 50 -108 90 , 265 -211 -195 280 87 -162 , -9 321 -321 0 -131 -452 , 0.00010576290380577971 , 26
0.7512162312586568 , 204 26 -208 -120 -193 -265 , 276 -239 239 0 -48 191 , -33 -298 -15 162 -87 -280 , 462 -82 82 0 179 261 , 324 208 -26 120 -57 -219 , -90 146 -71 -90 108 -50 , 0 71 -146 90 21 -38 , -195 15 298 -162 -265 211 , -9 321 -321 0 -131 -452 , 0.00010576290380577971 , 27
0.7512162312586568 , 204 26 -208 -120 -193 -265 , 462 -82 82 0 179 261 , 146 -90 50 38 0 71 , 276 -239 239 0 -48 191 , 324 208 -26 120 -57 -219 , -298 -33 280 -211 -195 15 , -87 -280 33 211 -265 -162 , 108 -50 90 -38 21 90 , -9 321 -321 0 -131 -452 , 0.00010576290380577971 , 28
0.7512162312586568 , 204 26 -208 -120 -193 -265 , 462 -82 82 0 179 261 , 38 0 71 -108 90 21 , 276 -239 239 0 -48 191 , 324 208 -26 120 -57 -219 , -211 -195 15 87 -162 -265 , -298 -15 195 -87 -280 33 , 146 -71 0 108 -50 90 , -9 321 -321 0 -131 -452 , 0.00010576290380577971 , 29
0.7512162312586568 , 204 26 -208 -120 -193 -265 , 462 -82 82 0 179 261 , -38 0 -71 108 -90 -21 , 276 -239 239 0 -48 191 , 324 208 -26 120 -57 -219 , 211 195 -15 -87 162 265 , 298 15 -195 87 280 -33 , -146 71 0 -108 50 -90 , -9 321 -321 0 -131 -452 , 0.00010576290380577971 , 30
0.7512162312586568 , 204 26 -208 -120 -193 -265 , 462 -82 82 0 179 261 , -146 90 -50 -38 0 -71 , 276 -239 239 0 -48 191 , 324 208 -26 120 -57 -219 , 298 33 -280 211 195 -15 , 87 280 -33 -211 265 162 , -108 50 -90 38 -21 -90 , -9 321 -321 0 -131 -452 , 0.00010576290380577971 , 31
0.7512162312586568 , 204 26 -208 -120 -193 -265 , 462 -82 82 0 179 261 , -71 146 -90 -21 38 0 , 276 -239 239 0 -48 191 , 324 208 -26 120 -57 -219 , -15 -298 -33 265 -211 -195 , -280 33 298 -265 -162 87 , -50 90 -146 21 90 -108 , -9 321 -321 0 -131 -452 , 0.0001057629038058985 , 32
0.7512162312586568 , 204 26 -208 -120 -193 -265 , 462 -82 82 0 179 261 , 71 -146 90 21 -38 0 , 276 -239 239 0 -48 191 , 324 208 -26 120 -57 -219 , 15 298 33 -265 211 195 , 280 -33 -298 265 162 -87 , 50 -90 146 -21 -90 108 , -9 321 -321 0 -131 -452 , 0.0001057629038058985 , 33
0.7512162312586568 , 204 26 -208 -120 -193 -265 , 462 -82 82 0 179 261 , 0 -71 146 -90 -21 38 , 276 -239 239 0 -48 191 , 324 208 -26 120 -57 -219 , 195 -15 -298 162 265 -211 , 33 298 15 -162 87 280 , 90 -146 71 90 -108 50 , -9 321 -321 0 -131 -452 , 0.00010576290380589851 , 34
0.7512162312586568 , 204 26 -208 -120 -193 -265 , 462 -82 82 0 179 261 , 0 71 -146 90 21 -38 , 276 -239 239 0 -48 191 , 324 208 -26 120 -57 -219 , -195 15 298 -162 -265 211 , -33 -298 -15 162 -87 -280 , -90 146 -71 -90 108 -50 , -9 321 -321 0 -131 -452 , 0.00010576290380589851 , 35
0.8506668310361926 , 163 -20 -192 -109 -270 -257 , 476 -85 85 0 184 269 , 12 27 -54 71 -44 31 , 262 -236 236 0 -53 183 , 272 192 20 109 -65 -250 , -38 368 -35 -246 208 176 , 208 35 -368 246 211 -160 , -59 54 -27 -71 85 -71 , -9 321 -321 0 -131 -452 , 0.00010641217213859317 , 0
0.8506668310361926 , 163 -20 -192 -109 -270 -257 , 476 -85 85 0 184 269 , -12 -27 54 -71 44 -31 , 262 -236 236 0 -53 183 , 272 192 20 109 -65 -250 , 38 -368 35 246 -208 -176 , -208 -35 368 -246 -211 160 , 59 -54 27 71 -85 71 , -9 321 -321 0 -131 -452 , 0.00010641217213859317 , 1
0.8506668310361926 , 163 -20 -192 -109 -270 -257 , 262 -236 236 0 -53 183 , -368 38 176 -160 -208 -35 , 476 -85 85 0 184 269 , 272 192 20 109 -65 -250 , -27 -12 31 -71 59 -54 , 44 -31 12 71 -85 71 , -208 -176 -38 160 -211 -246 , -9 321 -321 0 -131 -452 , 0.0001064121721386606 , 2
0.8506668310361926 , 163 -20 -192 -109 -270 -257 , 262 -236 236 0 -53 183 , 368 -38 -176 160 208 35 , 476 -85 85 0 184 269 , 272 192 20 109 -65 -250 , 27 12 -31 71 -59 54 , -44 31 -12 -71 85 -71 , 208 176 38 -160 211 246 , -9 321 -321 0 -131 -452 , 0.0001064121721386606 , 3
0.8506668310361926 , 163 -20 -192 -109 -270 -257 , 262 -236 236 0 -53 183 , 35 -368 38 211 -160 -208 , 476 -85 85 0 184 269 , 272 192 20 109 -65 -250 , 54 -27 -12 85 -71 59 , -31 12 27 -85 71 -44 , -176 -38 368 -211 -246 208 , -9 321 -321 0 -131 -452 , 0.00010641217213871277 , 4
0.8506668310361926 , 163 -20 -192 -109 -270 -257 , 262 -236 236 0 -53 183 , -35 368 -38 -211 160 208 , 476 -85 85 0 184 269 , 272 192 20 109 -65 -250 , -54 27 12 -85 71 -59 , 31 -12 -27 85 -71 44 , 176 38 -368 211 246 -208 , -9 321 -321 0 -131 -452 , 0.00010641217213871277 , 5
0.8506668310361926 , 163 -20 -192 -109 -270 -257 , 476 -85 85 0 184 269 , 71 -44 31 59 -71 85 , 262 -236 236 0 -53 183 , 272 192 20 109 -65 -250 , -246 208 176 -208 -160 211 , -38 -176 -208 208 35 -368 , 12 -31 44 -59 54 -27 , -9 321 -321 0 -131 -452 , 0.00010641217213871616 , 6
0.8506668310361926 , 163 -20 -192 -109 -270 -257 , 476 -85 85 0 184 269 , -71 44 -31 -59 71 -85 , 262 -236 236 0 -53 183 , 272 192 20 109 -65 -250 , 246 -208 -176 208 160 -211 , 38 176 208 -208 -35 368 , -12 31 -44 59 -54 27 , -9 321 -321 0 -131 -452 , 0.00010641217213871616 , 7
0.8506668310361926 , 163 -20 -192 -109 -270 -257 , 262 -236 236 0 -53 183 , -176 -208 246 35 -368 38 , 476 -85 85 0 184 269 , 272 192 20 109 -65 -250 , -31 44 -71 54 -27 -12 , -85 71 -44 -54 59 -71 , -211 -246 208 -35 -208 -160 , -9 321 -321 0 -131 -452 , 0.00010641217213872576 , 8
0.8506668310361926 , 163 -20 -192 -109 -270 -257 , 262 -236 236 0 -53 183 , 176 208 -246 -35 368 -38 , 476 -85 85 0 184 269 , 272 192 20 109 -65 -250 , 31 -44 71 -54 27 12 , 85 -71 44 54 -59 71 , 211 246 -208 35 208 160 , -9 321 -321 0 -131 -452 , 0.00010641217213872576 , 9
0.8506668310361926 , 163 -20 -192 -109 -270 -257 , 476 -85 85 0 184 269 , 27 -54 59 -44 31 -12 , 262 -236 236 0 -53 183 , 272 192 20 109 -65 -250 , 368 -35 -208 208 176 38 , 160 208 35 -208 246 211 , 71 -59 54 44 -71 85 , -9 321 -321 0 -131 -452 , 0.00010641217213875298 , 10
0.8506668310361926 , 163 -20 -192 -109 -270 -257 , 476 -85 85 0 184 269 , -27 54 -59 44 -31 12 , 262 -236 236 0 -53 183 , 272 192 20 109 -65 -250 , -368 35 208 -208 -176 -38 , -160 -208 -35 208 -246 -211 , -71 59 -54 -44 71 -85 , -9 321 -321 0 -131 -452 , 0.00010641217213875298 , 11
0.8506668310361926 , 163 -20 -192 -109 -270 -257 , 262 -236 236 0 -53 183 , -160 -208 -35 208 -246 -211 , 476 -85 85 0 184 269 , 272 192 20 109 -65 -250 , -71 59 -54 -44 71 -85 , -27 54 -59 44 -31 12 , -368 35 208 -208 -176 -38 , -9 321 -321 0 -131 -452 , 0.00010641217213880423 , 12
0.8506668310361926 , 163 -20 -192 -109 -270 -257 , 262 -236 236 0 -53 183 , 160 208 35 -208 246 211 , 476 -85 85 0 184 269 , 272 192 20 109 -65 -250 , 71 -59 54 44 -71 85 , 27 -54 59 -44 31 -12 , 368 -35 -208 208 176 38 , -9 321 -321 0 -131 -452 , 0.00010641217213880423 , 13
0.8506668310361926 , 163 -20 -192 -109 -270 -257 , 262 -236 236 0 -53 183 , -208 -35 368 -246 -211 160 , 476 -85 85 0 184 269 , 272 192 20 109 -65 -250 , 59 -54 27 71 -85 71 , -12 -27 54 -71 44 -31 , 38 -368 35 246 -208 -176 , -9 321 -321 0 -131 -452 , 0.0001064121721388329 , 14
0.8506668310361926 , 163 -20 -192 -109 -270 -257 , 262 -236 236 0 -53 183 , 208 35 -368 246 211 -160 , 476 -85 85 0 184 269 , 272 192 20 109 -65 -250 , -59 54 -27 -71 85 -71 , 12 27 -54 71 -44 31 , -38 368 -35 -246 208 176 , -9 321 -321 0 -131 -452 , 0.0001064121721388329 , 15
0.8506668310361926 , 163 -20 -192 -109 -270 -257 , 262 -236 236 0 -53 183 , -208 246 211 -368 38 176 , 476 -85 85 0 184 269 , 272 192 20 109 -65 -250 , 44 -71 85 -27 -12 31 , 71 -85 71 27 -54 59 , 160 -211 -246 368 -35 -208 , -9 321 -321 0 -131 -452 , 0.00010641217213886353 , 16
0.8506668310361926 , 163 -20 -192 -109 -270 -257 , 262 -236 236 0 -53 183 , 208 -246 -211 368 -38 -176 , 476 -85 85 0 184 269 , 272 192 20 109 -65 -250 , -44 71 -85 27 12 -31 , -71 85 -71 -27 54 -59 , -160 211 246 -368 35 208 , -9 321 -321 0 -131 -452 , 0.00010641217213886353 , 17
0.8506668310361926 , 163 -20 -192 -109 -270 -257 , 476 -85 85 0 184 269 , -31 12 27 -85 71 -44 , 262 -236 236 0 -53 183 , 272 192 20 109 -65 -250 , -176 -38 368 -211 -246 208 , 35 -368 38 211 -160 -208 , 54 -27 -12 85 -71 59 , -9 321 -321 0 -131 -452 , 0.00010641217213888601 , 18
0.8506668310361926 , 163 -20 -192 -109 -270 -257 , 476 -85 85 0 184 269 , 31 -12 -27 85 -71 44 , 262 -236 236 0 -53 183 , 272 192 20 109 -65 -250 , 176 38 -368 211 246 -208 , -35 368 -38 -211 160 208 , -54 27 12 -85 71 -59 , -9 321 -321 0 -131 -452 , 0.00010641217213888601 , 19
0.8506668310361926 , 163 -20 -192 -109 -270 -257 , 476 -85 85 0 184 269 , -85 71 -44 -54 59 -71 , 262 -236 236 0 -53 183 , 272 192 20 109 -65 -250 , -211 -246 208 -35 -208 -160 , -176 -208 246 35 -368 38 , -31 44 -71 54 -27 -12 , -9 321 -321 0 -131 -452 , 0.00010641217213889084 , 20
0.8506668310361926 , 163 -20 -192 -109 -270 -257 , 476 -85 85 0 184 269 , 85 -71 44 54 -59 71 , 262 -236 236 0 -53 183 , 272 192 20 109 -65 -250 , 211 246 -208 35 208 160 , 176 208 -246 -35 368 -38 , 31 -44 71 -54 27 12 , -9 321 -321 0 -131 -452 , 0.00010641217213889084 , 21
0.8506668310361926 , 163 -20 -192 -109 -270 -257 , 476 -85 85 0 184 269 , 71 -85 71 27 -54 59 , 262 -236 236 0 -53 183 , 272 192 20 109 -65 -250 , 160 -211 -246 368 -35 -208 , -208 246 211 -368 38 176 , 44 -71 85 -27 -12 31 , -9 321 -321 0 -131 -452 , 0.00010641217213890033 , 22
0.8506668310361926 , 163 -20 -192 -109 -270 -257 , 476 -85 85 0 184 269 , -71 85 -71 -27 54 -59 , 262 -236 236 0 -53 183 , 272 192 20 109 -65 -250 , -160 211 246 -368 35 208 , 208 -246 -211 368 -38 -176 , -44 71 -85 27 12 -31 , -9 321 -321 0 -131 -452 , 0.00010641217213890033 , 23
0.8506668310361926 , 163 -20 -192 -109 -270 -257 , 262 -236 236 0 -53 183 , 211 -160 -208 176 208 -246 , 476 -85 85 0 184 269 , 272 192 20 109 -65 -250 , 85 -71 59 31 -44 71 , 54 -59 71 -31 12 27 , 35 208 160 -176 -38 368 , -9 321 -321 0 -131 -452 , 0.00010641217213890035 , 24
0.8506668310361926 , 163 -20 -192 -109 -270 -257 , 262 -236 236 0 -53 183 , -211 160 208 -176 -208 246 , 476 -85 85 0 184 269 , 272 192 20 109 -65 -250 , -85 71 -59 -31 44 -71 , -54 59 -71 31 -12 -27 , -35 -208 -160 176 38 -368 , -9 321 -321 0 -131 -452 , 0.00010641217213890035 , 25
0.8506668310361926 , 163 -20 -192 -109 -270 -257 , 262 -236 236 0 -53 183 , 246 211 -160 38 176 208 , 476 -85 85 0 184 269 , 272 192 20 109 -65 -250 , -71 85 -71 -12 31 -44 , -59 71 -85 12 27 -54 , 208 160 -211 -38 368 -35 , -9 321 -321 0 -131 -452 , 0.00010641217213895252 , 26
0.8506668310361926 , 163 -20 -192 -109 -270 -257 , 262 -236 236 0 -53 183 , -246 -211 160 -38 -176 -208 , 476 -85 85 0 184 269 , 272 192 20 109 -65 -250 , 71 -85 71 12 -31 44 , 59 -71 85 -12 -27 54 , -208 -160 211 38 -368 35 , -9 321 -321 0 -131 -452 , 0.00010641217213895252 , 27
0.8506668310361926 , 163 -20 -192 -109 -270 -257 , 476 -85 85 0 184 269 , 44 -31 12 71 -85 71 , 262 -236 236 0 -53 183 , 272 192 20 109 -65 -250 , -208 -176 -38 160 -211 -246 , -368 38 176 -160 -208 -35 , -27 -12 31 -71 59 -54 , -9 321 -321 0 -131 -452 , 0.00010641217213899944 , 28
0.8506668310361926 , 163 -20 -192 -109 -270 -257 , 476 -85 85 0 184 269 , -44 31 -12 -71 85 -71 , 262 -236 236 0 -53 183 , 272 192 20 109 -65 -250 , 208 176 38 -160 211 246 , 368 -38 -176 160 208 35 , 27 12 -31 71 -59 54 , -9 321 -321 0 -131 -452 , 0.00010641217213899944 , 29
0.8506668310361926 , 163 -20 -192 -109 -270 -257 , 262 -236 236 0 -53 183 , 38 176 208 -208 -35 368 , 476 -85 85 0 184 269 , 272 192 20 109 -65 -250 , -12 31 -44 59 -54 27 , -71 44 -31 -59 71 -85 , 246 -208 -176 208 160 -211 , -9 321 -321 0 -131 -452 , 0.00010641217213899944 , 30
0.8506668310361926 , 163 -20 -192 -109 -270 -257 , 262 -236 236 0 -53 183 , -38 -176 -208 208 35 -368 , 476 -85 85 0 184 269 , 272 192 20 109 -65 -250 , 12 -31 44 -59 54 -27 , 71 -44 31 59 -71 85 , -246 208 176 -208 -160 211 , -9 321 -321 0 -131 -452 , 0.00010641217213899944 , 31
0.8506668310361926 , 163 -20 -192 -109 -270 -257 , 476 -85 85 0 184 269 , -59 71 -85 12 27 -54 , 262 -236 236 0 -53 183 , 272 192 20 109 -65 -250 , 208 160 -211 -38 368 -35 , 246 211 -160 38 176 208 , -71 85 -71 -12 31 -44 , -9 321 -321 0 -131 -452 , 0.00010641217213901376 , 32
0.8506668310361926 , 163 -20 -192 -109 -270 -257 , 476 -85 85 0 184 269 , 59 -71 85 -12 -27 54 , 262 -236 236 0 -53 183 , 272 192 20 109 -65 -250 , -208 -160 211 38 -368 35 , -246 -211 160 -38 -176 -208 , 71 -85 71 12 -31 44 , -9 321 -321 0 -131 -452 , 0.00010641217213901376 , 33
0.8506668310361926 , 163 -20 -192 -109 -270 -257 , 476 -85 85 0 184 269 , -54 59 -71 31 -12 -27 , 262 -236 236 0 -53 183 , 272 192 20 109 -65 -250 , -35 -208 -160 176 38 -368 , -211 160 208 -176 -208 246 , -85 71 -59 -31 44 -71 , -9 321 -321 0 -131 -452 , 0.00010641217213912194 , 34
0.8506668310361926 , 163 -20 -192 -109 -270 -257 , 476 -85 85 0 184 269 , 54 -59 71 -31 12 27 , 262 -236 236 0 -53 183 , 272 192 20 109 -65 -250 , 35 208 160 -176 -38 368 , 211 -160 -208 176 208 -246 , 85 -71 59 31 -44 71 , -9 321 -321 0 -131 -452 , 0.00010641217213912194 , 35
0.9664535929143173 , 64 -60 -122 -181 -331 -263 , 296 -219 219 0 -21 198 , -332 -2 166 -132 -197 -57 , 442 -102 102 0 152 254 , 245 122 60 181 -141 -271 , -41 -88 44 101 -189 28 , -142 -44 88 -101 -16 -101 , -200 -166 2 132 -223 -195 , -9 321 -321 0 -131 -452 , 0.00013602074730302034 , 0
0.9664535929143173 , 64 -60 -122 -181 -331 -263 , 296 -219 219 0 -21 198 , 332 2 -166 132 197 57 , 442 -102 102 0 152 254 , 245 122 60 181 -141 -271 , 41 88 -44 -101 189 -28 , 142 44 -88 101 16 101 , 200 166 -2 -132 223 195 , -9 321 -321 0 -131 -452 , 0.00013602074730302034 , 1
0.9664535929143173 , 64 -60 -122 -181 -331 -263 , 442 -102 102 0 152 254 , -142 -44 88 -101 -16 -101 , 296 -219 219 0 -21 198 , 245 122 60 181 -141 -271 , -200 -166 2 132 -223 -195 , -332 -2 166 -132 -197 -57 , -41 -88 44 101 -189 28 , -9 321 -321 0 -131 -452 , 0.00013602074730308792 , 2
0.9664535929143173 , 64 -60 -122 -181 -331 -263 , 442 -102 102 0 152 254 , 142 44 -88 101 16 101 , 296 -219 219 0 -21 198 , 245 122 60 181 -141 -271 , 200 166 -2 -132 223 195 , 332 2 -166 132 197 57 , 41 88 -44 -101 189 -28 , -9 321 -321 0 -131 -452 , 0.00013602074730308792 , 3
0.9664535929143173 , 64 -60 -122 -181 -331 -263 , 296 -219 219 0 -21 198 , -57 332 2 -223 132 197 , 442 -102 102 0 152 254 , 245 122 60 181 -141 -271 , 28 41 88 -16 -101 189 , 44 -88 -41 16 101 -142 , 166 -2 -332 223 195 -200 , -9 321 -321 0 -131 -452 , 0.00013602074730308792 , 4
0.9664535929143173 , 64 -60 -122 -181 -331 -263 , 296 -219 219 0 -21 198 , 57 -332 -2 223 -132 -197 , 442 -102 102 0 152 254 , 245 122 60 181 -141 -271 , -28 -41 -88 16 101 -189 , -44 88 41 -16 -101 142 , -166 2 332 -223 -195 200 , -9 321 -321 0 -131 -452 , 0.00013602074730308792 , 5
0.9664535929143173 , 64 -60 -122 -181 -331 -263 , 442 -102 102 0 152 254 , -88 -41 -28 101 -142 -44 , 296 -219 219 0 -21 198 , 245 122 60 181 -141 -271 , -2 -332 57 195 -200 -166 , -197 -57 332 -195 -223 132 , -189 28 41 -101 -16 -101 , -9 321 -321 0 -131 -452 , 0.00013602074730322314 , 6
0.9664535929143173 , 64 -60 -122 -181 -331 -263 , 442 -102 102 0 152 254 , 88 41 28 -101 142 44 , 296 -219 219 0 -21 198 , 245 122 60 181 -141 -271 , 2 332 -57 -195 200 166 , 197 57 -332 195 223 -132 , 189 -28 -41 101 16 101 , -9 321 -321 0 -131 -452 , 0.00013602074730322314 , 7
0.9664535929143173 , 64 -60 -122 -181 -331 -263 , 296 -219 219 0 -21 198 , 2 -166 -200 197 57 -332 , 442 -102 102 0 152 254 , 245 122 60 181 -141 -271 , 88 -44 -142 189 -28 -41 , -101 142 44 -189 101 16 , -195 200 166 -197 -132 223 , -9 321 -321 0 -131 -452 , 0.00013602074730322314 , 8
0.9664535929143173 , 64 -60 -122 -181 -331 -263 , 296 -219 219 0 -21 198 , -132 -197 -57 200 -195 -223 , 442 -102 102 0 152 254 , 245 122 60 181 -141 -271 , 101 -189 28 142 -101 -16 , -41 -28 189 -142 -44 88 , -332 57 197 -200 -166 2 , -9 321 -321 0 -131 -452 , 0.00013602074730322314 , 9
0.9664535929143173 , 64 -60 -122 -181 -331 -263 , 296 -219 219 0 -21 198 , 132 197 57 -200 195 223 , 442 -102 102 0 152 254 , 245 122 60 181 -141 -271 , -101 189 -28 -142 101 16 , 41 28 -189 142 44 -88 , 332 -57 -197 200 166 -2 , -9 321 -321 0 -131 -452 , 0.00013602074730322314 , 10
0.9664535929143173 , 64 -60 -122 -181 -331 -263 , 296 -219 219 0 -21 198 , -2 166 200 -197 -57 332 , 442 -102 102 0 152 254 , 245 122 60 181 -141 -271 , -88 44 142 -189 28 41 , 101 -142 -44 189 -101 -16 , 195 -200 -166 197 132 -223 , -9 321 -321 0 -131 -452 , 0.00013602074730322314 , 11
0.9664535929143173 , 64 -60 -122 -181 -331 -263 , 442 -102 102 0 152 254 , -28 189 -101 -44 88 41 , 296 -219 219 0 -21 198 , 245 122 60 181 -141 -271 , 57 197 132 -166 2 332 , 223 -132 -197 166 200 -195 , 16 101 -189 44 142 -101 , -9 321 -321 0 -131 -452 , 0.00013602074730335832 , 12
0.9664535929143173 , 64 -60 -122 -181 -331 -263 , 442 -102 102 0 152 254 , 28 -189 101 44 -88 -41 , 296 -219 219 0 -21 198 , 245 122 60 181 -141 -271 , -57 -197 -132 166 -2 -332 , -223 132 197 -166 -200 195 , -16 -101 189 -44 -142 101 , -9 321 -321 0 -131 -452 , 0.00013602074730335832 , 13
0.9664535929143173 , 64 -60 -122 -181 -331 -263 , 296 -219 219 0 -21 198 , -195 -223 132 2 -166 -200 , 442 -102 102 0 152 254 , 245 122 60 181 -141 -271 , -101 -16 -101 88 -44 -142 , -189 101 16 -88 -41 -28 , -197 -132 223 -2 -332 57 , -9 321 -321 0 -131 -452 , 0.00013602074730335832 , 14
0.9664535929143173 , 64 -60 -122 -181 -331 -263 , 296 -219 219 0 -21 198 , 195 223 -132 -2 166 200 , 442 -102 102 0 152 254 , 245 122 60 181 -141 -271 , 101 16 101 -88 44 142 , 189 -101 -16 88 41 28 , 197 132 -223 2 332 -57 , -9 321 -321 0 -131 -452 , 0.00013602074730335832 , 15
0.9664535929143173 , 64 -60 -122 -181 -331 -263 , 442 -102 102 0 152 254 , -41 -28 189 -142 -44 88 , 296 -219 219 0 -21 198 , 245 122 60 181 -141 -271 , -332 57 197 -200 -166 2 , -132 -197 -57 200 -195 -223 , 101 -189 28 142 -101 -16 , -9 321 -321 0 -131 -452 , 0.00013602074730342594 , 16
0.9664535929143173 , 64 -60 -122 -181 -331 -263 , 442 -102 102 0 152 254 , 44 -88 -41 16 101 -142 , 296 -219 219 0 -21 198 , 245 122 60 181 -141 -271 , 166 -2 -332 223 195 -200 , -57 332 2 -223 132 197 , 28 41 88 -16 -101 189 , -9 321 -321 0 -131 -452 , 0.00013602074730342594 , 17
0.9664535929143173 , 64 -60 -122 -181 -331 -263 , 442 -102 102 0 152 254 , -44 88 41 -16 -101 142 , 296 -219 219 0 -21 198 , 245 122 60 181 -141 -271 , -166 2 332 -223 -195 200 , 57 -332 -2 223 -132 -197 , -28 -41 -88 16 101 -189 , -9 321 -321 0 -131 -452 , 0.00013602074730342594 , 18
0.9664535929143173 , 64 -60 -122 -181 -331 -263 , 442 -102 102 0 152 254 , 41 28 -189 142 44 -88 , 296 -219 219 0 -21 198 , 245 122 60 181 -141 -271 , 332 -57 -197 200 166 -2 , 132 197 57 -200 195 223 , -101 189 -28 -142 101 16 , -9 321 -321 0 -131 -452 , 0.00013602074730342594 , 19
0.9664535929143173 , 64 -60 -122 -181 -331 -263 , 296 -219 219 0 -21 198 , -223 132 197 -166 -200 195 , 442 -102 102 0 152 254 , 245 122 60 181 -141 -271 , -16 -101 189 -44 -142 101 , 28 -189 101 44 -88 -41 , -57 -197 -132 166 -2 -332 , -9 321 -321 0 -131 -452 , 0.00013602074730342594 , 20
0.9664535929143173 , 64 -60 -122 -181 -331 -263 , 296 -219 219 0 -21 198 , 223 -132 -197 166 200 -195 , 442 -102 102 0 152 254 , 245 122 60 181 -141 -271 , 16 101 -189 44 142 -101 , -28 189 -101 -44 88 41 , 57 197 132 -166 2 332 , -9 321 -321 0 -131 -452 , 0.00013602074730342594 , 21
0.9664535929143173 , 64 -60 -122 -181 -331 -263 , 296 -219 219 0 -21 198 , -197 -57 332 -195 -223 132 , 442 -102 102 0 152 254 , 245 122 60 181 -141 -271 , -189 28 41 -101 -16 -101 , -88 -41 -28 101 -142 -44 , -2 -332 57 195 -200 -166 , -9 321 -321 0 -131 -452 , 0.00013602074730349352 , 22
0.9664535929143173 , 64 -60 -122 -181 -331 -263 , 296 -219 219 0 -21 198 , 197 57 -332 195 223 -132 , 442 -102 102 0 152 254 , 245 122 60 181 -141 -271 , 189 -28 -41 101 16 101 , 88 41 28 -101 142 44 , 2 332 -57 -195 200 166 , -9 321 -321 0 -131 -452 , 0.00013602074730349352 , 23
0.9664535929143173 , 64 -60 -122 -181 -331 -263 , 296 -219 219 0 -21 198 , -166 -200 195 57 -332 -2 , 442 -102 102 0 152 254 , 245 122 60 181 -141 -271 , -44 -142 101 -28 -41 -88 , -16 -101 142 28 -189 101 , -223 -195 200 -57 -197 -132 , -9 321 -321 0 -131 -452 , 0.00013602074730349354 , 24
0.9664535929143173 , 64 -60 -122 -181 -331 -263 , 296 -219 219 0 -21 198 , 166 200 -195 -57 332 2 , 442 -102 102 0 152 254 , 245 122 60 181 -141 -271 , 44 142 -101 28 41 88 , 16 101 -142 -28 189 -101 , 223 195 -200 57 197 132 , -9 321 -321 0 -131 -452 , 0.00013602074730349354 , 25
0.9664535929143173 , 64 -60 -122 -181 -331 -263 , 442 -102 102 0 152 254 , -189 101 16 -88 -41 -28 , 296 -219 219 0 -21 198 , 245 122 60 181 -141 -271 , -197 -132 223 -2 -332 57 , -195 -223 132 2 -166 -200 , -101 -16 -101 88 -44 -142 , -9 321 -321 0 -131 -452 , 0.00013602074730356114 , 26
0.9664535929143173 , 64 -60 -122 -181 -331 -263 , 442 -102 102 0 152 254 , 189 -101 -16 88 41 28 , 296 -219 219 0 -21 198 , 245 122 60 181 -141 -271 , 197 132 -223 2 332 -57 , 195 223 -132 -2 166 200 , 101 16 101 -88 44 142 , -9 321 -321 0 -131 -452 , 0.00013602074730356114 , 27
0.9664535929143173 , 64 -60 -122 -181 -331 -263 , 442 -102 102 0 152 254 , 16 101 -142 -28 189 -101 , 296 -219 219 0 -21 198 , 245 122 60 181 -141 -271 , 223 195 -200 57 197 132 , 166 200 -195 -57 332 2 , 44 142 -101 28 41 88 , -9 321 -321 0 -131 -452 , 0.00013602074730362872 , 28
0.9664535929143173 , 64 -60 -122 -181 -331 -263 , 442 -102 102 0 152 254 , 101 16 101 -41 -28 189 , 296 -219 219 0 -21 198 , 245 122 60 181 -141 -271 , -132 223 195 -332 57 197 , 200 -195 -223 332 2 -166 , 142 -101 -16 41 88 -44 , -9 321 -321 0 -131 -452 , 0.00013602074730362872 , 29
0.9664535929143173 , 64 -60 -122 -181 -331 -263 , 442 -102 102 0 152 254 , -101 -16 -101 41 28 -189 , 296 -219 219 0 -21 198 , 245 122 60 181 -141 -271 , 132 -223 -195 332 -57 -197 , -200 195 223 -332 -2 166 , -142 101 16 -41 -88 44 , -9 321 -321 0 -131 -452 , 0.00013602074730362872 , 30
0.9664535929143173 , 64 -60 -122 -181 -331 -263 , 442 -102 102 0 152 254 , -16 -101 142 28 -189 101 , 296 -219 219 0 -21 198 , 245 122 60 181 -141 -271 , -223 -195 200 -57 -197 -132 , -166 -200 195 57 -332 -2 , -44 -142 101 -28 -41 -88 , -9 321 -321 0 -131 -452 , 0.00013602074730362872 , 31
0.9664535929143173 , 64 -60 -122 -181 -331 -263 , 296 -219 219 0 -21 198 , 200 -195 -223 332 2 -166 , 442 -102 102 0 152 254 , 245 122 60 181 -141 -271 , 142 -101 -16 41 88 -44 , 101 16 101 -41 -28 189 , -132 223 195 -332 57 197 , -9 321 -321 0 -131 -452 , 0.00013602074730369634 , 32
0.9664535929143173 , 64 -60 -122 -181 -331 -263 , 296 -219 219 0 -21 198 , -200 195 223 -332 -2 166 , 442 -102 102 0 152 254 , 245 122 60 181 -141 -271 , -142 101 16 -41 -88 44 , -101 -16 -101 41 28 -189 , 132 -223 -195 332 -57 -197 , -9 321 -321 0 -131 -452 , 0.00013602074730369634 , 33
0.9664535929143173 , 64 -60 -122 -181 -331 -263 , 442 -102 102 0 152 254 , 101 -142 -44 189 -101 -16 , 296 -219 219 0 -21 198 , 245 122 60 181 -141 -271 , 195 -200 -166 197 132 -223 , -2 166 200 -197 -57 332 , -88 44 142 -189 28 41 , -9 321 -321 0 -131 -452 , 0.00013602074730383154 , 34
0.9664535929143173 , 64 -60 -122 -181 -331 -263 , 442 -102 102 0 152 254 , -101 142 44 -189 101 16 , 296 -219 219 0 -21 198 , 245 122 60 181 -141 -271 , -195 200 166 -197 -132 223 , 2 -166 -200 197 57 -332 , 88 -44 -142 189 -28 -41 , -9 321 -321 0 -131 -452 , 0.00013602074730383154 , 35
1.0860094223423962 , 192 33 -271 -173 -168 -223 , 299 -205 205 0 -8 197 , 311 -160 -152 200 149 -83 , 439 -116 116 0 139 255 , 365 271 -33 173 48 -201 , -67 7 177 -152 -45 93 , 85 -177 -7 152 -84 -52 , 111 152 160 -200 69 309 , -9 321 -321 0 -131 -452 , 0.00010856757313761661 , 0
1.0860094223423962 , 192 33 -271 -173 -168 -223 , 299 -205 205 0 -8 197 , -311 160 152 -200 -149 83 , 439 -116 116 0 139 255 , 365 271 -33 173 48 -201 , 67 -7 -177 152 45 -93 , -85 177 7 -152 84 52 , -111 -152 -160 200 -69 -309 , -9 321 -321 0 -131 -452 , 0.00010856757313761661 , 1
1.0860094223423962 , 192 33 -271 -173 -168 -223 , 299 -205 205 0 -8 197 , -200 -149 83 111 -309 -69 , 439 -116 116 0 139 255 , 365 271 -33 173 48 -201 , 152 45 -93 85 52 84 , 67 93 -45 -85 177 7 , -311 -83 149 -111 -152 -160 , -9 321 -321 0 -131 -452 , 0.00010856757313773767 , 2
1.0860094223423962 , 192 33 -271 -173 -168 -223 , 299 -205 205 0 -8 197 , 200 149 -83 -111 309 69 , 439 -116 116 0 139 255 , 365 271 -33 173 48 -201 , -152 -45 93 -85 -52 -84 , -67 -93 45 85 -177 -7 , 311 83 -149 111 152 160 , -9 321 -321 0 -131 -452 , 0.00010856757313773767 , 3
1.0860094223423962 , 192 33 -271 -173 -168 -223 , 439 -116 116 0 139 255 , -177 -7 67 -84 -52 -85 , 299 -205 205 0 -8 197 , 365 271 -33 173 48 -201 , 152 160 -311 69 309 -111 , 83 311 -160 -69 200 149 , -93 -67 7 84 -152 -45 , -9 321 -321 0 -131 -452 , 0.00010856757313779817 , 4
1.0860094223423962 , 192 33 -271 -173 -168 -223 , 439 -116 116 0 139 255 , 85 -177 -7 152 -84 -52 , 299 -205 205 0 -8 197 , 365 271 -33 173 48 -201 , 111 152 160 -200 69 309 , 311 -160 -152 200 149 -83 , -67 7 177 -152 -45 93 , -9 321 -321 0 -131 -452 , 0.00010856757313779817 , 5
1.0860094223423962 , 192 33 -271 -173 -168 -223 , 439 -116 116 0 139 255 , -85 177 7 -152 84 52 , 299 -205 205 0 -8 197 , 365 271 -33 173 48 -201 , -111 -152 -160 200 -69 -309 , -311 160 152 -200 -149 83 , 67 -7 -177 152 45 -93 , -9 321 -321 0 -131 -452 , 0.00010856757313779817 , 6
1.0860094223423962 , 192 33 -271 -173 -168 -223 , 439 -116 116 0 139 255 , 177 7 -67 84 52 85 , 299 -205 205 0 -8 197 , 365 271 -33 173 48 -201 , -152 -160 311 -69 -309 111 , -83 -311 160 69 -200 -149 , 93 67 -7 -84 152 45 , -9 321 -321 0 -131 -452 , 0.00010856757313779817 , 7
1.0860094223423962 , 192 33 -271 -173 -168 -223 , 439 -116 116 0 139 255 , -7 67 93 -52 -85 177 , 299 -205 205 0 -8 197 , 365 271 -33 173 48 -201 , 160 -311 -83 309 -111 -152 , -149 83 311 -309 -69 200 , 45 -93 -67 52 84 -152 , -9 321 -321 0 -131 -452 , 0.00010856757313785868 , 8
1.0860094223423962 , 192 33 -271 -173 -168 -223 , 439 -116 116 0 139 255 , 7 -67 -93 52 85 -177 , 299 -205 205 0 -8 197 , 365 271 -33 173 48 -201 , -160 311 83 -309 111 152 , 149 -83 -311 309 69 -200 , -45 93 67 -52 -84 152 , -9 321 -321 0 -131 -452 , 0.00010856757313785868 , 9
1.0860094223423962 , 192 33 -271 -173 -168 -223 , 439 -116 116 0 139 255 , -93 45 152 -177 -7 67 , 299 -205 205 0 -8 197 , 365 271 -33 173 48 -201 , 83 -149 -200 152 160 -311 , -69 200 149 -152 -111 309 , 84 -152 -45 177 -85 -52 , -9 321 -321 0 -131 -452 , 0.0001085675731378587 , 10
1.0860094223423962 , 192 33 -271 -173 -168 -223 , 439 -116 116 0 139 255 , 93 -45 -152 177 7 -67 , 299 -205 205 0 -8 197 , 365 271 -33 173 48 -201 , -83 149 200 -152 -160 311 , 69 -200 -149 152 111 -309 , -84 152 45 -177 85 52 , -9 321 -321 0 -131 -452 , 0.0001085675731378587 , 11
1.0860094223423962 , 192 33 -271 -173 -168 -223 , 439 -116 116 0 139 255 , 152 -84 -52 67 93 -45 , 299 -205 205 0 -8 197 , 365 271 -33 173 48 -201 , -200 69 309 -311 -83 149 , 111 -309 -69 311 -160 -152 , 85 52 84 -67 7 177 , -9 321 -321 0 -131 -452 , 0.0001085675731379192 , 12
1.0860094223423962 , 192 33 -271 -173 -168 -223 , 439 -116 116 0 139 255 , -152 84 52 -67 -93 45 , 299 -205 205 0 -8 197 , 365 271 -33 173 48 -201 , 200 -69 -309 311 83 -149 , -111 309 69 -311 160 152 , -85 -52 -84 67 -7 -177 , -9 321 -321 0 -131 -452 , 0.0001085675731379192 , 13
1.0860094223423962 , 192 33 -271 -173 -168 -223 , 299 -205 205 0 -8 197 , -160 -152 -111 149 -83 -311 , 439 -116 116 0 139 255 , 365 271 -33 173 48 -201 , 7 177 -85 -45 93 67 , 52 85 -177 45 152 -84 , -309 111 152 -149 -200 69 , -9 321 -321 0 -131 -452 , 0.0001085675731379192 , 14
1.0860094223423962 , 192 33 -271 -173 -168 -223 , 299 -205 205 0 -8 197 , -69 200 149 -152 -111 309 , 439 -116 116 0 139 255 , 365 271 -33 173 48 -201 , 84 -152 -45 177 -85 -52 , -93 45 152 -177 -7 67 , 83 -149 -200 152 160 -311 , -9 321 -321 0 -131 -452 , 0.0001085675731379192 , 15
1.0860094223423962 , 192 33 -271 -173 -168 -223 , 299 -205 205 0 -8 197 , 83 311 -160 -69 200 149 , 439 -116 116 0 139 255 , 365 271 -33 173 48 -201 , -93 -67 7 84 -152 -45 , -177 -7 67 -84 -52 -85 , 152 160 -311 69 309 -111 , -9 321 -321 0 -131 -452 , 0.0001085675731379192 , 16
1.0860094223423962 , 192 33 -271 -173 -168 -223 , 299 -205 205 0 -8 197 , -83 -311 160 69 -200 -149 , 439 -116 116 0 139 255 , 365 271 -33 173 48 -201 , 93 67 -7 -84 152 45 , 177 7 -67 84 52 85 , -152 -160 311 -69 -309 111 , -9 321 -321 0 -131 -452 , 0.0001085675731379192 , 17
1.0860094223423962 , 192 33 -271 -173 -168 -223 , 299 -205 205 0 -8 197 , 69 -200 -149 152 111 -309 , 439 -116 116 0 139 255 , 365 271 -33 173 48 -201 , -84 152 45 -177 85 52 , 93 -45 -152 177 7 -67 , -83 149 200 -152 -160 311 , -9 321 -321 0 -131 -452 , 0.0001085675731379192 , 18
1.0860094223423962 , 192 33 -271 -173 -168 -223 , 299 -205 205 0 -8 197 , 160 152 111 -149 83 311 , 439 -116 116 0 139 255 , 365 271 -33 173 48 -201 , -7 -177 85 45 -93 -67 , -52 -85 177 -45 -152 84 , 309 -111 -152 149 200 -69 , -9 321 -321 0 -131 -452 , 0.0001085675731379192 , 19
1.0860094223423962 , 192 33 -271 -173 -168 -223 , 439 -116 116 0 139 255 , 67 93 -45 -85 177 7 , 299 -205 205 0 -8 197 , 365 271 -33 173 48 -201 , -311 -83 149 -111 -152 -160 , -200 -149 83 111 -309 -69 , 152 45 -93 85 52 84 , -9 321 -321 0 -131 -452 , 0.00010856757313791922 , 20
1.0860094223423962 , 192 33 -271 -173 -168 -223 , 439 -116 116 0 139 255 , -67 -93 45 85 -177 -7 , 299 -205 205 0 -8 197 , 365 271 -33 173 48 -201 , 311 83 -149 111 152 160 , 200 149 -83 -111 309 69 , -152 -45 93 -85 -52 -84 , -9 321 -321 0 -131 -452 , 0.00010856757313791922 , 21
1.0860094223423962 , 192 33 -271 -173 -168 -223 , 439 -116 116 0 139 255 , -52 -85 177 -45 -152 84 , 299 -205 205 0 -8 197 , 365 271 -33 173 48 -201 , 309 -111 -152 149 200 -69 , 160 152 111 -149 83 311 , -7 -177 85 45 -93 -67 , -9 321 -321 0 -131 -452 , 0.00010856757313797971 , 22
1.0860094223423962 , 192 33 -271 -173 -168 -223 , 439 -116 116 0 139 255 , 52 85 -177 45 152 -84 , 299 -205 205 0 -8 197 , 365 271 -33 173 48 -201 , -309 111 152 -149 -200 69 , -160 -152 -111 149 -83 -311 , 7 177 -85 -45 93 67 , -9 321 -321 0 -131 -452 , 0.00010856757313797971 , 23
1.0860094223423962 , 192 33 -271 -173 -168 -223 , 299 -205 205 0 -8 197 , -152 -111 309 -83 -311 160 , 439 -116 116 0 139 255 , 365 271 -33 173 48 -201 , 177 -85 -52 93 67 -7 , 84 52 85 -93 45 152 , -69 -309 111 83 -149 -200 , -9 321 -321 0 -131 -452 , 0.00010856757313804022 , 24
1.0860094223423962 , 192 33 -271 -173 -168 -223 , 299 -205 205 0 -8 197 , 152 111 -309 83 311 -160 , 439 -116 116 0 139 255 , 365 271 -33 173 48 -201 , -177 85 52 -93 -67 7 , -84 -52 -85 93 -45 -152 , 69 309 -111 -83 149 200 , -9 321 -321 0 -131 -452 , 0.00010856757313804022 , 25
1.0860094223423962 , 192 33 -271 -173 -168 -223 , 299 -205 205 0 -8 197 , -149 83 311 -309 -69 200 , 439 -116 116 0 139 255 , 365 271 -33 173 48 -201 , 45 -93 -67 52 84 -152 , -7 67 93 -52 -85 177 , 160 -311 -83 309 -111 -152 , -9 321 -321 0 -131 -452 , 0.00010856757313804023 , 26
1.0860094223423962 , 192 33 -271 -173 -168 -223 , 299 -205 205 0 -8 197 , 149 -83 -311 309 69 -200 , 439 -116 116 0 139 255 , 365 271 -33 173 48 -201 , -45 93 67 -52 -84 152 , 7 -67 -93 52 85 -177 , -160 311 83 -309 111 152 , -9 321 -321 0 -131 -452 , 0.00010856757313804023 , 27
1.0860094223423962 , 192 33 -271 -173 -168 -223 , 439 -116 116 0 139 255 , -84 -52 -85 93 -45 -152 , 299 -205 205 0 -8 197 , 365 271 -33 173 48 -201 , 69 309 -111 -83 149 200 , 152 111 -309 83 311 -160 , -177 85 52 -93 -67 7 , -9 321 -321 0 -131 -452 , 0.00010856757313816126 , 28
1.0860094223423962 , 192 33 -271 -173 -168 -223 , 439 -116 116 0 139 255 , 45 152 -84 -7 67 93 , 299 -205 205 0 -8 197 , 365 271 -33 173 48 -201 , -149 -200 69 160 -311 -83 , -309 -69 200 -160 -152 -111 , 52 84 -152 7 177 -85 , -9 321 -321 0 -131 -452 , 0.00010856757313816126 , 29
1.0860094223423962 , 192 33 -271 -173 -168 -223 , 439 -116 116 0 139 255 , -45 -152 84 7 -67 -93 , 299 -205 205 0 -8 197 , 365 271 -33 173 48 -201 , 149 200 -69 -160 311 83 , 309 69 -200 160 152 111 , -52 -84 152 -7 -177 85 , -9 321 -321 0 -131 -452 , 0.00010856757313816126 , 30
1.0860094223423962 , 192 33 -271 -173 -168 -223 , 439 -116 116 0 139 255 , 84 52 85 -93 45 152 , 299 -205 205 0 -8 197 , 365 271 -33 173 48 -201 , -69 -309 111 83 -149 -200 , -152 -111 309 -83 -311 160 , 177 -85 -52 93 67 -7 , -9 321 -321 0 -131 -452 , 0.00010856757313816126 , 31
1.0860094223423962 , 192 33 -271 -173 -168 -223 , 299 -205 205 0 -8 197 , -309 -69 200 -160 -152 -111 , 439 -116 116 0 139 255 , 365 271 -33 173 48 -201 , 52 84 -152 7 177 -85 , 45 152 -84 -7 67 93 , -149 -200 69 160 -311 -83 , -9 321 -321 0 -131 -452 , 0.00010856757313822177 , 32
1.0860094223423962 , 192 33 -271 -173 -168 -223 , 299 -205 205 0 -8 197 , 309 69 -200 160 152 111 , 439 -116 116 0 139 255 , 365 271 -33 173 48 -201 , -52 -84 152 -7 -177 85 , -45 -152 84 7 -67 -93 , 149 200 -69 -160 311 83 , -9 321 -321 0 -131 -452 , 0.00010856757313822177 , 33
1.0860094223423962 , 192 33 -271 -173 -168 -223 , 299 -205 205 0 -8 197 , 111 -309 -69 311 -160 -152 , 439 -116 116 0 139 255 , 365 271 -33 173 48 -201 , 85 52 84 -67 7 177 , 152 -84 -52 67 93 -45 , -200 69 309 -311 -83 149 , -9 321 -321 0 -131 -452 , 0.00010856757313852436 , 34
1.0860094223423962 , 192 33 -271 -173 -168 -223 , 299 -205 205 0 -8 197 , -111 309 69 -311 160 152 , 439 -116 116 0 139 255 , 365 271 -33 173 48 -201 , -85 -52 -84 67 -7 -177 , -152 84 52 -67 -93 45 , 200 -69 -309 311 83 -149 , -9 321 -321 0 -131 -452 , 0.00010856757313852436 , 35
1.2049068094826152 , 57 -119 -181 -156 -347 -279 , 298 -235 235 0 -33 202 , 257 -51 -250 193 205 -122 , 440 -86 86 0 164 250 , 213 181 119 156 -98 -228 , 184 -82 -61 178 -49 72 , 6 61 82 -178 133 33 , 64 250 51 -193 128 256 , -9 321 -321 0 -131 -452 , 8.0439826601120851e-05 , 0
1.2049068094826152 , 57 -119 -181 -156 -347 -279 , 298 -235 235 0 -33 202 , -257 51 250 -193 -205 122 , 440 -86 86 0 164 250 , 213 181 119 156 -98 -228 , -184 82 61 -178 49 -72 , -6 -61 -82 178 -133 -33 , -64 -250 -51 193 -128 -256 , -9 321 -321 0 -131 -452 , 8.0439826601120851e-05 , 1
1.2049068094826152 , 57 -119 -181 -156 -347 -279 , 440 -86 86 0 164 250 , -178 133 33 -184 72 -49 , 298 -235 235 0 -33 202 , 213 181 119 156 -98 -228 , -193 128 256 -257 -122 205 , 64 -256 -128 257 -51 -250 , 6 -33 -133 184 -82 -61 , -9 321 -321 0 -131 -452 , 8.0439826601201028e-05 , 2
1.2049068094826152 , 57 -119 -181 -156 -347 -279 , 440 -86 86 0 164 250 , 178 -133 -33 184 -72 49 , 298 -235 235 0 -33 202 , 213 181 119 156 -98 -228 , 193 -128 -256 257 122 -205 , -64 256 128 -257 51 250 , -6 33 133 -184 82 61 , -9 321 -321 0 -131 -452 , 8.0439826601201028e-05 , 3
1.2049068094826152 , 57 -119 -181 -156 -347 -279 , 298 -235 235 0 -33 202 , 122 257 -51 -128 193 205 , 440 -86 86 0 164 250 , 213 181 119 156 -98 -228 , -72 184 -82 -133 178 -49 , 61 82 -184 133 33 -6 , 250 51 -257 128 256 -64 , -9 321 -321 0 -131 -452 , 8.0439826601201041e-05 , 4
1.2049068094826152 , 57 -119 -181 -156 -347 -279 , 298 -235 235 0 -33 202 , -122 -257 51 128 -193 -205 , 440 -86 86 0 164 250 , 213 181 119 156 -98 -228 , 72 -184 82 133 -178 49 , -61 -82 184 -133 -33 6 , -250 -51 257 -128 -256 64 , -9 321 -321 0 -131 -452 , 8.0439826601201041e-05 , 5
1.2049068094826152 , 57 -119 -181 -156 -347 -279 , 298 -235 235 0 -33 202 , -193 -205 122 64 -256 -128 , 440 -86 86 0 164 250 , 213 181 119 156 -98 -228 , -178 49 -72 6 -33 -133 , -184 72 -49 -6 -61 -82 , -257 -122 205 -64 -250 -51 , -9 321 -321 0 -131 -452 , 8.0439826601241116e-05 , 6
1.2049068094826152 , 57 -119 -181 -156 -347 -279 , 298 -235 235 0 -33 202 , 193 205 -122 -64 256 128 , 440 -86 86 0 164 250 , 213 181 119 156 -98 -228 , 178 -49 72 -6 33 133 , 184 -72 49 6 61 82 , 257 122 -205 64 250 51 , -9 321 -321 0 -131 -452 , 8.0439826601241116e-05 , 7
1.2049068094826152 , 57 -119 -181 -156 -347 -279 , 440 -86 86 0 164 250 , -184 72 -49 -6 -61 -82 , 298 -235 235 0 -33 202 , 213 181 119 156 -98 -228 , -257 -122 205 -64 -250 -51 , -193 -205 122 64 -256 -128 , -178 49 -72 6 -33 -133 , -9 321 -321 0 -131 -452 , 8.0439826601241116e-05 , 8
1.2049068094826152 , 57 -119 -181 -156 -347 -279 , 440 -86 86 0 164 250 , 61 82 -184 133 33 -6 , 298 -235 235 0 -33 202 , 213 181 119 156 -98 -228 , 250 51 -257 128 256 -64 , 122 257 -51 -128 193 205 , -72 184 -82 -133 178 -49 , -9 321 -321 0 -131 -452 , 8.0439826601241116e-05 , 9
1.2049068094826152 , 57 -119 -181 -156 -347 -279 , 440 -86 86 0 164 250 , -61 -82 184 -133 -33 6 , 298 -235 235 0 -33 202 , 213 181 119 156 -98 -228 , -250 -51 257 -128 -256 64 , -122 -257 51 128 -193 -205 , 72 -184 82 133 -178 49 , -9 321 -321 0 -131 -452 , 8.0439826601241116e-05 , 10
1.2049068094826152 , 57 -119 -181 -156 -347 -279 , 440 -86 86 0 164 250 , 184 -72 49 6 61 82 , 298 -235 235 0 -33 202 , 213 181 119 156 -98 -228 , 257 122 -205 64 250 51 , 193 205 -122 -64 256 128 , 178 -49 72 -6 33 133 , -9 321 -321 0 -131 -452 , 8.0439826601241116e-05 , 11
1.2049068094826152 , 57 -119 -181 -156 -347 -279 , 298 -235 235 0 -33 202 , -205 122 257 -256 -128 193 , 440 -86 86 0 164 250 , 213 181 119 156 -98 -228 , 49 -72 184 -33 -133 178 , 82 -184 72 33 -6 -61 , 51 -257 -122 256 -64 -250 , -9 321 -321 0 -131 -452 , 8.0439826601321293e-05 , 12
1.2049068094826152 , 57 -119 -181 -156 -347 -279 , 298 -235 235 0 -33 202 , 205 -122 -257 256 128 -193 , 440 -86 86 0 164 250 , 213 181 119 156 -98 -228 , -49 72 -184 33 133 -178 , -82 184 -72 -33 6 61 , -51 257 122 -256 64 250 , -9 321 -321 0 -131 -452 , 8.0439826601321293e-05 , 13
1.2049068094826152 , 57 -119 -181 -156 -347 -279 , 298 -235 235 0 -33 202 , -250 -64 256 -122 -257 51 , 440 -86 86 0 164 250 , 213 181 119 156 -98 -228 , -61 -6 33 72 -184 82 , -133 -33 6 -72 49 -178 , -128 -256 64 122 -205 -193 , -9 321 -321 0 -131 -452 , 8.0439826601321306e-05 , 14
1.2049068094826152 , 57 -119 -181 -156 -347 -279 , 298 -235 235 0 -33 202 , 250 64 -256 122 257 -51 , 440 -86 86 0 164 250 , 213 181 119 156 -98 -228 , 61 6 -33 -72 184 -82 , 133 33 -6 72 -49 178 , 128 256 -64 -122 205 193 , -9 321 -321 0 -131 -452 , 8.0439826601321306e-05 , 15
1.2049068094826152 , 57 -119 -181 -156 -347 -279 , 440 -86 86 0 164 250 , 82 -184 72 33 -6 -61 , 298 -235 235 0 -33 202 , 213 181 119 156 -98 -228 , 51 -257 -122 256 -64 -250 , -205 122 257 -256 -128 193 , 49 -72 184 -33 -133 178 , -9 321 -321 0 -131 -452 , 8.0439826601321306e-05 , 16
1.2049068094826152 , 57 -119 -181 -156 -347 -279 , 440 -86 86 0 164 250 , -6 -61 -82 178 -133 -33 , 298 -235 235 0 -33 202 , 213 181 119 156 -98 -228 , -64 -250 -51 193 -128 -256 , -257 51 250 -193 -205 122 , -184 82 61 -178 49 -72 , -9 321 -321 0 -131 -452 , 8.0439826601321306e-05 , 17
1.2049068094826152 , 57 -119 -181 -156 -347 -279 , 440 -86 86 0 164 250 , 6 61 82 -178 133 33 , 298 -235 235 0 -33 202 , 213 181 119 156 -98 -228 , 64 250 51 -193 128 256 , 257 -51 -250 193 205 -122 , 184 -82 -61 178 -49 72 , -9 321 -321 0 -131 -452 , 8.0439826601321306e-05 , 18
1.2049068094826152 , 57 -119 -181 -156 -347 -279 , 440 -86 86 0 164 250 , -82 184 -72 -33 6 61 , 298 -235 235 0 -33 202 , 213 181 119 156 -98 -228 , -51 257 122 -256 64 250 , 205 -122 -257 256 128 -193 , -49 72 -184 33 133 -178 , -9 321 -321 0 -131 -452 , 8.0439826601321306e-05 , 19
1.2049068094826152 , 57 -119 -181 -156 -347 -279 , 298 -235 235 0 -33 202 , -256 -128 193 -51 -250 -64 , 440 -86 86 0 164 250 , 213 181 119 156 -98 -228 , -33 -133 178 -82 -61 -6 , 49 -178 133 82 -184 72 , -205 -193 128 51 -257 -122 , -9 321 -321 0 -131 -452 , 8.0439826601361381e-05 , 20
1.2049068094826152 , 57 -119 -181 -156 -347 -279 , 298 -235 235 0 -33 202 , 256 128 -193 51 250 64 , 440 -86 86 0 164 250 , 213 181 119 156 -98 -228 , 33 133 -178 82 61 6 , -49 178 -133 -82 184 -72 , 205 193 -128 -51 257 122 , -9 321 -321 0 -131 -452 , 8.0439826601361381e-05 , 21
1.2049068094826152 , 57 -119 -181 -156 -347 -279 , 298 -235 235 0 -33 202 , -128 193 205 -250 -64 256 , 440 -86 86 0 164 250 , 213 181 119 156 -98 -228 , -133 178 -49 -61 -6 33 , -72 49 -178 61 82 -184 , 122 -205 -193 250 51 -257 , -9 321 -321 0 -131 -452 , 8.0439826601361395e-05 , 22
1.2049068094826152 , 57 -119 -181 -156 -347 -279 , 298 -235 235 0 -33 202 , 64 -256 -128 257 -51 -250 , 440 -86 86 0 164 250 , 213 181 119 156 -98 -228 , 6 -33 -133 184 -82 -61 , -178 133 33 -184 72 -49 , -193 128 256 -257 -122 205 , -9 321 -321 0 -131 -452 , 8.0439826601361395e-05 , 23
1.2049068094826152 , 57 -119 -181 -156 -347 -279 , 298 -235 235 0 -33 202 , -64 256 128 -257 51 250 , 440 -86 86 0 164 250 , 213 181 119 156 -98 -228 , -6 33 133 -184 82 61 , 178 -133 -33 184 -72 49 , 193 -128 -256 257 122 -205 , -9 321 -321 0 -131 -452 , 8.0439826601361395e-05 , 24
1.2049068094826152 , 57 -119 -181 -156 -347 -279 , 298 -235 235 0 -33 202 , 128 -193 -205 250 64 -256 , 440 -86 86 0 164 250 , 213 181 119 156 -98 -228 , 133 -178 49 61 6 -33 , 72 -49 178 -61 -82 184 , -122 205 193 -250 -51 257 , -9 321 -321 0 -131 -452 , 8.0439826601361395e-05 , 25
1.2049068094826152 , 57 -119 -181 -156 -347 -279 , 298 -235 235 0 -33 202 , -51 -250 -64 205 -122 -257 , 440 -86 86 0 164 250 , 213 181 119 156 -98 -228 , -82 -61 -6 -49 72 -184 , -33 6 61 49 -178 133 , -256 64 250 -205 -193 128 , -9 321 -321 0 -131 -452 , 8.0439826601401483e-05 , 26
1.2049068094826152 , 57 -119 -181 -156 -347 -279 , 298 -235 235 0 -33 202 , 51 250 64 -205 122 257 , 440 -86 86 0 164 250 , 213 181 119 156 -98 -228 , 82 61 6 49 -72 184 , 33 -6 -61 -49 178 -133 , 256 -64 -250 205 193 -128 , -9 321 -321 0 -131 -452 , 8.0439826601401483e-05 , 27
1.2049068094826152 , 57 -119 -181 -156 -347 -279 , 440 -86 86 0 164 250 , 133 33 -6 72 -49 178 , 298 -235 235 0 -33 202 , 213 181 119 156 -98 -228 , 128 256 -64 -122 205 193 , 250 64 -256 122 257 -51 , 61 6 -33 -72 184 -82 , -9 321 -321 0 -131 -452 , 8.0439826601441571e-05 , 28
1.2049068094826152 , 57 -119 -181 -156 -347 -279 , 440 -86 86 0 164 250 , -49 178 -133 -82 184 -72 , 298 -235 235 0 -33 202 , 213 181 119 156 -98 -228 , 205 193 -128 -51 257 122 , 256 128 -193 51 250 64 , 33 133 -178 82 61 6 , -9 321 -321 0 -131 -452 , 8.0439826601441571e-05 , 29
1.2049068094826152 , 57 -119 -181 -156 -347 -279 , 440 -86 86 0 164 250 , 49 -178 133 82 -184 72 , 298 -235 235 0 -33 202 , 213 181 119 156 -98 -228 , -205 -193 128 51 -257 -122 , -256 -128 193 -51 -250 -64 , -33 -133 178 -82 -61 -6 , -9 321 -321 0 -131 -452 , 8.0439826601441571e-05 , 30
1.2049068094826152 , 57 -119 -181 -156 -347 -279 , 440 -86 86 0 164 250 , -133 -33 6 -72 49 -178 , 298 -235 235 0 -33 202 , 213 181 119 156 -98 -228 , -128 -256 64 122 -205 -193 , -250 -64 256 -122 -257 51 , -61 -6 33 72 -184 82 , -9 321 -321 0 -131 -452 , 8.0439826601441571e-05 , 31
1.2049068094826152 , 57 -119 -181 -156 -347 -279 , 440 -86 86 0 164 250 , 33 -6 -61 -49 178 -133 , 298 -235 235 0 -33 202 , 213 181 119 156 -98 -228 , 256 -64 -250 205 193 -128 , 51 250 64 -205 122 257 , 82 61 6 49 -72 184 , -9 321 -321 0 -131 -452 , 8.043982660164204e-05 , 32
1.2049068094826152 , 57 -119 -181 -156 -347 -279 , 440 -86 86 0 164 250 , 72 -49 178 -61 -82 184 , 298 -235 235 0 -33 202 , 213 181 119 156 -98 -228 , -122 205 193 -250 -51 257 , 128 -193 -205 250 64 -256 , 133 -178 49 61 6 -33 , -9 321 -321 0 -131 -452 , 8.043982660164204e-05 , 33
1.2049068094826152 , 57 -119 -181 -156 -347 -279 , 440 -86 86 0 164 250 , -72 49 -178 61 82 -184 , 298 -235 235 0 -33 202 , 213 181 119 156 -98 -228 , 122 -205 -193 250 51 -257 , -128 193 205 -250 -64 256 , -133 178 -49 -61 -6 33 , -9 321 -321 0 -131 -452 , 8.043982660164204e-05 , 34
1.2049068094826152 , 57 -119 -181 -156 -347 -279 , 440 -86 86 0 164 250 , -33 6 61 49 -178 133 , 298 -235 235 0 -33 202 , 213 181 119 156 -98 -228 , -256 64 250 -205 -193 128 , -51 -250 -64 205 -122 -257 , -82 -61 -6 -49 72 -184 , -9 321 -321 0 -131 -452 , 8.043982660164204e-05 , 35
1.2992493625675212 , 208 7 -293 -182 -173 -175 , 366 -153 153 0 70 223 , -95 289 -26 -166 85 133 , 372 -168 168 0 61 229 , 390 293 -7 182 118 -180 , -52 -198 -18 92 -39 -230 , -144 18 198 -92 -212 159 , 71 26 -289 166 159 -204 , -9 321 -321 0 -131 -452 , 0.00010518816393045681 , 0
1.2992493625675212 , 208 7 -293 -182 -173 -175 , 366 -153 153 0 70 223 , 95 -289 26 166 -85 -133 , 372 -168 168 0 61 229 , 390 293 -7 182 118 -180 , 52 198 18 -92 39 230 , 144 -18 -198 92 212 -159 , -71 -26 289 -166 -159 204 , -9 321 -321 0 -131 -452 , 0.00010518816393045681 , 1
1.2992493625675212 , 208 7 -293 -182 -173 -175 , 372 -168 168 0 61 229 , 159 144 -18 -39 92 212 , 366 -153 153 0 70 223 , 390 293 -7 182 118 -180 , -204 -71 -26 85 -166 -159 , -289 26 71 -85 -133 -95 , 198 18 -144 39 230 -52 , -9 321 -321 0 -131 -452 , 0.0001051881639305083 , 2
1.2992493625675212 , 208 7 -293 -182 -173 -175 , 372 -168 168 0 61 229 , -159 -144 18 39 -92 -212 , 366 -153 153 0 70 223 , 390 293 -7 182 118 -180 , 204 71 26 -85 166 159 , 289 -26 -71 85 133 95 , -198 -18 144 -39 -230 52 , -9 321 -321 0 -131 -452 , 0.0001051881639305083 , 3
1.2992493625675212 , 208 7 -293 -182 -173 -175 , 372 -168 168 0 61 229 , -198 -52 230 -159 -144 18 , 366 -153 153 0 70 223 , 390 293 -7 182 118 -180 , 289 -95 -133 204 71 26 , 85 133 95 -204 159 166 , -39 -230 52 159 -212 -92 , -9 321 -321 0 -131 -452 , 0.00010518816393051403 , 4
1.2992493625675212 , 208 7 -293 -182 -173 -175 , 372 -168 168 0 61 229 , 198 52 -230 159 144 -18 , 366 -153 153 0 70 223 , 390 293 -7 182 118 -180 , -289 95 133 -204 -71 -26 , -85 -133 -95 204 -159 -166 , 39 230 -52 -159 212 92 , -9 321 -321 0 -131 -452 , 0.00010518816393051403 , 5
1.2992493625675212 , 208 7 -293 -182 -173 -175 , 372 -168 168 0 61 229 , -230 -39 92 -18 -198 -52 , 366 -153 153 0 70 223 , 390 293 -7 182 118 -180 , 133 85 -166 -26 289 -95 , 159 166 -85 26 71 204 , -212 -92 39 18 -144 -159 , -9 321 -321 0 -131 -452 , 0.00010518816393052026 , 6
1.2992493625675212 , 208 7 -293 -182 -173 -175 , 372 -168 168 0 61 229 , 230 39 -92 18 198 52 , 366 -153 153 0 70 223 , 390 293 -7 182 118 -180 , -133 -85 166 26 -289 95 , -159 -166 85 -26 -71 -204 , 212 92 -39 -18 144 159 , -9 321 -321 0 -131 -452 , 0.00010518816393052026 , 7
1.2992493625675212 , 208 7 -293 -182 -173 -175 , 366 -153 153 0 70 223 , -133 -95 289 -159 -166 85 , 372 -168 168 0 61 229 , 390 293 -7 182 118 -180 , 230 -52 -198 212 92 -39 , 18 198 52 -212 159 144 , 26 -289 95 159 -204 -71 , -9 321 -321 0 -131 -452 , 0.00010518816393052704 , 8
1.2992493625675212 , 208 7 -293 -182 -173 -175 , 366 -153 153 0 70 223 , 133 95 -289 159 166 -85 , 372 -168 168 0 61 229 , 390 293 -7 182 118 -180 , -230 52 198 -212 -92 39 , -18 -198 -52 212 -159 -144 , -26 289 -95 -159 204 71 , -9 321 -321 0 -131 -452 , 0.00010518816393052704 , 9
1.2992493625675212 , 208 7 -293 -182 -173 -175 , 372 -168 168 0 61 229 , 52 -230 -39 144 -18 -198 , 366 -153 153 0 70 223 , 390 293 -7 182 118 -180 , 95 133 85 -71 -26 289 , 166 -85 -133 71 204 -159 , -92 39 230 -144 -159 212 , -9 321 -321 0 -131 -452 , 0.0001051881639305416 , 10
1.2992493625675212 , 208 7 -293 -182 -173 -175 , 372 -168 168 0 61 229 , -52 230 39 -144 18 198 , 366 -153 153 0 70 223 , 390 293 -7 182 118 -180 , -95 -133 -85 71 26 -289 , -166 85 133 -71 -204 159 , 92 -39 -230 144 159 -212 , -9 321 -321 0 -131 -452 , 0.0001051881639305416 , 11
1.2992493625675212 , 208 7 -293 -182 -173 -175 , 372 -168 168 0 61 229 , -18 -198 -52 212 -159 -144 , 366 -153 153 0 70 223 , 390 293 -7 182 118 -180 , -26 289 -95 -159 204 71 , 133 95 -289 159 166 -85 , -230 52 198 -212 -92 39 , -9 321 -321 0 -131 -452 , 0.00010518816393056817 , 12
1.2992493625675212 , 208 7 -293 -182 -173 -175 , 372 -168 168 0 61 229 , 18 198 52 -212 159 144 , 366 -153 153 0 70 223 , 390 293 -7 182 118 -180 , 26 -289 95 159 -204 -71 , -133 -95 289 -159 -166 85 , 230 -52 -198 212 92 -39 , -9 321 -321 0 -131 -452 , 0.00010518816393056817 , 13
1.2992493625675212 , 208 7 -293 -182 -173 -175 , 366 -153 153 0 70 223 , 166 -85 -133 71 204 -159 , 372 -168 168 0 61 229 , 390 293 -7 182 118 -180 , -92 39 230 -144 -159 212 , 52 -230 -39 144 -18 -198 , 95 133 85 -71 -26 289 , -9 321 -321 0 -131 -452 , 0.0001051881639305968 , 14
1.2992493625675212 , 208 7 -293 -182 -173 -175 , 366 -153 153 0 70 223 , -166 85 133 -71 -204 159 , 372 -168 168 0 61 229 , 390 293 -7 182 118 -180 , 92 -39 -230 144 159 -212 , -52 230 39 -144 18 198 , -95 -133 -85 71 26 -289 , -9 321 -321 0 -131 -452 , 0.0001051881639305968 , 15
1.2992493625675212 , 208 7 -293 -182 -173 -175 , 366 -153 153 0 70 223 , -289 26 71 -85 -133 -95 , 372 -168 168 0 61 229 , 390 293 -7 182 118 -180 , 198 18 -144 39 230 -52 , 159 144 -18 -39 92 212 , -204 -71 -26 85 -166 -159 , -9 321 -321 0 -131 -452 , 0.00010518816393060098 , 16
1.2992493625675212 , 208 7 -293 -182 -173 -175 , 366 -153 153 0 70 223 , 289 -26 -71 85 133 95 , 372 -168 168 0 61 229 , 390 293 -7 182 118 -180 , -198 -18 144 -39 -230 52 , -159 -144 18 39 -92 -212 , 204 71 26 -85 166 159 , -9 321 -321 0 -131 -452 , 0.00010518816393060098 , 17
1.2992493625675212 , 208 7 -293 -182 -173 -175 , 366 -153 153 0 70 223 , 26 71 204 -133 -95 289 , 372 -168 168 0 61 229 , 390 293 -7 182 118 -180 , 18 -144 -159 230 -52 -198 , -212 159 144 -230 -39 92 , 159 -204 -71 133 85 -166 , -9 321 -321 0 -131 -452 , 0.00010518816393066499 , 18
1.2992493625675212 , 208 7 -293 -182 -173 -175 , 366 -153 153 0 70 223 , -159 -166 85 -26 -71 -204 , 372 -168 168 0 61 229 , 390 293 -7 182 118 -180 , 212 92 -39 -18 144 159 , 230 39 -92 18 198 52 , -133 -85 166 26 -289 95 , -9 321 -321 0 -131 -452 , 0.00010518816393066499 , 19
1.2992493625675212 , 208 7 -293 -182 -173 -175 , 366 -153 153 0 70 223 , 159 166 -85 26 71 204 , 372 -168 168 0 61 229 , 390 293 -7 182 118 -180 , -212 -92 39 18 -144 -159 , -230 -39 92 -18 -198 -52 , 133 85 -166 -26 289 -95 , -9 321 -321 0 -131 -452 , 0.00010518816393066499 , 20
1.2992493625675212 , 208 7 -293 -182 -173 -175 , 366 -153 153 0 70 223 , -26 -71 -204 133 95 -289 , 372 -168 168 0 61 229 , 390 293 -7 182 118 -180 , -18 144 159 -230 52 198 , 212 -159 -144 230 39 -92 , -159 204 71 -133 -85 166 , -9 321 -321 0 -131 -452 , 0.00010518816393066499 , 21
1.2992493625675212 , 208 7 -293 -182 -173 -175 , 372 -168 168 0 61 229 , -39 92 212 -198 -52 230 , 366 -153 153 0 70 223 , 390 293 -7 182 118 -180 , 85 -166 -159 289 -95 -133 , -204 159 166 -289 26 71 , 159 -212 -92 198 18 -144 , -9 321 -321 0 -131 -452 , 0.00010518816393069883 , 22
1.2992493625675212 , 208 7 -293 -182 -173 -175 , 372 -168 168 0 61 229 , 39 -92 -212 198 52 -230 , 366 -153 153 0 70 223 , 390 293 -7 182 118 -180 , -85 166 159 -289 95 133 , 204 -159 -166 289 -26 -71 , -159 212 92 -198 -18 144 , -9 321 -321 0 -131 -452 , 0.00010518816393069883 , 23
1.2992493625675212 , 208 7 -293 -182 -173 -175 , 372 -168 168 0 61 229 , -212 159 144 -230 -39 92 , 366 -153 153 0 70 223 , 390 293 -7 182 118 -180 , 159 -204 -71 133 85 -166 , 26 71 204 -133 -95 289 , 18 -144 -159 230 -52 -198 , -9 321 -321 0 -131 -452 , 0.00010518816393071339 , 24
1.2992493625675212 , 208 7 -293 -182 -173 -175 , 372 -168 168 0 61 229 , 212 -159 -144 230 39 -92 , 366 -153 153 0 70 223 , 390 293 -7 182 118 -180 , -159 204 71 -133 -85 166 , -26 -71 -204 133 95 -289 , -18 144 159 -230 52 198 , -9 321 -321 0 -131 -452 , 0.00010518816393071339 , 25
1.2992493625675212 , 208 7 -293 -182 -173 -175 , 372 -168 168 0 61 229 , 144 -18 -198 92 212 -159 , 366 -153 153 0 70 223 , 390 293 -7 182 118 -180 , -71 -26 289 -166 -159 204 , 95 -289 26 166 -85 -133 , 52 198 18 -92 39 230 , -9 321 -321 0 -131 -452 , 0.00010518816393077326 , 26
1.2992493625675212 , 208 7 -293 -182 -173 -175 , 372 -168 168 0 61 229 , -144 18 198 -92 -212 159 , 366 -153 153 0 70 223 , 390 293 -7 182 118 -180 , 71 26 -289 166 159 -204 , -95 289 -26 -166 85 133 , -52 -198 -18 92 -39 -230 , -9 321 -321 0 -131 -452 , 0.00010518816393077326 , 27
1.2992493625675212 , 208 7 -293 -182 -173 -175 , 366 -153 153 0 70 223 , 204 -159 -166 289 -26 -71 , 372 -168 168 0 61 229 , 390 293 -7 182 118 -180 , -159 212 92 -198 -18 144 , 39 -92 -212 198 52 -230 , -85 166 159 -289 95 133 , -9 321 -321 0 -131 -452 , 0.00010518816393079565 , 28
1.2992493625675212 , 208 7 -293 -182 -173 -175 , 366 -153 153 0 70 223 , -204 159 166 -289 26 71 , 372 -168 168 0 61 229 , 390 293 -7 182 118 -180 , 159 -212 -92 198 18 -144 , -39 92 212 -198 -52 230 , 85 -166 -159 289 -95 -133 , -9 321 -321 0 -131 -452 , 0.00010518816393079565 , 29
1.2992493625675212 , 208 7 -293 -182 -173 -175 , 366 -153 153 0 70 223 , -85 -133 -95 204 -159 -166 , 372 -168 168 0 61 229 , 390 293 -7 182 118 -180 , 39 230 -52 -159 212 92 , 198 52 -230 159 144 -18 , -289 95 133 -204 -71 -26 , -9 321 -321 0 -131 -452 , 0.00010518816393080811 , 30
1.2992493625675212 , 208 7 -293 -182 -173 -175 , 366 -153 153 0 70 223 , 85 133 95 -204 159 166 , 372 -168 168 0 61 229 , 390 293 -7 182 118 -180 , -39 -230 52 159 -212 -92 , -198 -52 230 -159 -144 18 , 289 -95 -133 204 71 26 , -9 321 -321 0 -131 -452 , 0.00010518816393080811 , 31
1.2992493625675212 , 208 7 -293 -182 -173 -175 , 366 -153 153 0 70 223 , 71 204 -159 -95 289 -26 , 372 -168 168 0 61 229 , 390 293 -7 182 118 -180 , -144 -159 212 -52 -198 -18 , -92 -212 159 52 -230 -39 , 166 159 -204 95 133 85 , -9 321 -321 0 -131 -452 , 0.00010518816393082273 , 32
1.2992493625675212 , 208 7 -293 -182 -173 -175 , 366 -153 153 0 70 223 , -71 -204 159 95 -289 26 , 372 -168 168 0 61 229 , 390 293 -7 182 118 -180 , 144 159 -212 52 198 18 , 92 212 -159 -52 230 39 , -166 -159 204 -95 -133 -85 , -9 321 -321 0 -131 -452 , 0.00010518816393082273 , 33
1.2992493625675212 , 208 7 -293 -182 -173 -175 , 372 -168 168 0 61 229 , -92 -212 159 52 -230 -39 , 366 -153 153 0 70 223 , 390 293 -7 182 118 -180 , 166 159 -204 95 133 85 , 71 204 -159 -95 289 -26 , -144 -159 212 -52 -198 -18 , -9 321 -321 0 -131 -452 , 0.00010518816393089246 , 34
1.2992493625675212 , 208 7 -293 -182 -173 -175 , 372 -168 168 0 61 229 , 92 212 -159 -52 230 39 , 366 -153 153 0 70 223 , 390 293 -7 182 118 -180 , -166 -159 204 -95 -133 -85 , -71 -204 159 95 -289 26 , 144 159 -212 52 198 18 , -9 321 -321 0 -131 -452 , 0.00010518816393089246 , 35
1.4071921883283156 , 157 -112 -307 -125 -237 -269 , 469 -105 105 0 164 269 , -85 57 61 -101 -3 24 , 269 -216 216 0 -33 183 , 282 307 112 125 38 -125 , 337 -2 -114 45 265 47 , 292 114 2 -45 161 267 , 16 -61 -57 101 -37 -60 , -9 321 -321 0 -131 -452 , 0.0001851142560642948 , 0
1.4071921883283156 , 157 -112 -307 -125 -237 -269 , 469 -105 105 0 164 269 , -24 -85 57 37 -101 -3 , 269 -216 216 0 -33 183 , 282 307 112 125 38 -125 , -47 337 -2 -161 45 265 , 114 2 -337 161 267 -292 , -61 -57 85 -37 -60 -16 , -9 321 -321 0 -131 -452 , 0.0001851142560642948 , 1
1.4071921883283156 , 157 -112 -307 -125 -237 -269 , 469 -105 105 0 164 269 , 24 85 -57 -37 101 3 , 269 -216 216 0 -33 183 , 282 307 112 125 38 -125 , 47 -337 2 161 -45 -265 , -114 -2 337 -161 -267 292 , 61 57 -85 37 60 16 , -9 321 -321 0 -131 -452 , 0.0001851142560642948 , 2
1.4071921883283156 , 157 -112 -307 -125 -237 -269 , 469 -105 105 0 164 269 , 85 -57 -61 101 3 -24 , 269 -216 216 0 -33 183 , 282 307 112 125 38 -125 , -337 2 114 -45 -265 -47 , -292 -114 -2 45 -161 -267 , -16 61 57 -101 37 60 , -9 321 -321 0 -131 -452 , 0.0001851142560642948 , 3
1.4071921883283156 , 157 -112 -307 -125 -237 -269 , 269 -216 216 0 -33 183 , -265 -45 161 2 -337 47 , 469 -105 105 0 164 269 , 282 307 112 125 38 -125 , 3 101 -37 -57 85 24 , 60 37 -101 57 61 -16 , -267 -161 45 -2 -114 -292 , -9 321 -321 0 -131 -452 , 0.00018511425606436763 , 4
1.4071921883283156 , 157 -112 -307 -125 -237 -269 , 269 -216 216 0 -33 183 , 47 265 45 -114 -2 337 , 469 -105 105 0 164 269 , 282 307 112 125 38 -125 , 24 -3 -101 61 57 -85 , -37 101 3 -61 16 60 , 161 -45 -265 114 292 -267 , -9 321 -321 0 -131 -452 , 0.00018511425606436763 , 5
1.4071921883283156 , 157 -112 -307 -125 -237 -269 , 269 -216 216 0 -33 183 , -47 -265 -45 114 2 -337 , 469 -105 105 0 164 269 , 282 307 112 125 38 -125 , -24 3 101 -61 -57 85 , 37 -101 -3 61 -16 -60 , -161 45 265 -114 -292 267 , -9 321 -321 0 -131 -452 , 0.00018511425606436763 , 6
1.4071921883283156 , 157 -112 -307 -125 -237 -269 , 269 -216 216 0 -33 183 , 265 45 -161 -2 337 -47 , 469 -105 105 0 164 269 , 282 307 112 125 38 -125 , -3 -101 37 57 -85 -24 , -60 -37 101 -57 -61 16 , 267 161 -45 2 114 292 , -9 321 -321 0 -131 -452 , 0.00018511425606436763 , 7
1.4071921883283156 , 157 -112 -307 -125 -237 -269 , 269 -216 216 0 -33 183 , 2 -337 47 267 -292 -114 , 469 -105 105 0 164 269 , 282 307 112 125 38 -125 , -57 85 24 -60 -16 61 , 3 -24 -85 60 37 -101 , -265 -47 337 -267 -161 45 , -9 321 -321 0 -131 -452 , 0.00018511425606444043 , 8
1.4071921883283156 , 157 -112 -307 -125 -237 -269 , 269 -216 216 0 -33 183 , -2 337 -47 -267 292 114 , 469 -105 105 0 164 269 , 282 307 112 125 38 -125 , 57 -85 -24 60 16 -61 , -3 24 85 -60 -37 101 , 265 47 -337 267 161 -45 , -9 321 -321 0 -131 -452 , 0.00018511425606444043 , 9
1.4071921883283156 , 157 -112 -307 -125 -237 -269 , 469 -105 105 0 164 269 , 16 60 37 -85 57 61 , 269 -216 216 0 -33 183 , 282 307 112 125 38 -125 , 292 -267 -161 337 -2 -114 , -45 161 267 -337 47 265 , 101 -37 -60 85 24 -3 , -9 321 -321 0 -131 -452 , 0.00018511425606444043 , 10
1.4071921883283156 , 157 -112 -307 -125 -237 -269 , 469 -105 105 0 164 269 , -16 -60 -37 85 -57 -61 , 269 -216 216 0 -33 183 , 282 307 112 125 38 -125 , -292 267 161 -337 2 114 , 45 -161 -267 337 -47 -265 , -101 37 60 -85 -24 3 , -9 321 -321 0 -131 -452 , 0.00018511425606444043 , 11
1.4071921883283156 , 157 -112 -307 -125 -237 -269 , 469 -105 105 0 164 269 , 37 -101 -3 61 -16 -60 , 269 -216 216 0 -33 183 , 282 307 112 125 38 -125 , -161 45 265 -114 -292 267 , -47 -265 -45 114 2 -337 , -24 3 101 -61 -57 85 , -9 321 -321 0 -131 -452 , 0.00018511425606444046 , 12
1.4071921883283156 , 157 -112 -307 -125 -237 -269 , 469 -105 105 0 164 269 , -37 101 3 -61 16 60 , 269 -216 216 0 -33 183 , 282 307 112 125 38 -125 , 161 -45 -265 114 292 -267 , 47 265 45 -114 -2 337 , 24 -3 -101 61 57 -85 , -9 321 -321 0 -131 -452 , 0.00018511425606444046 , 13
1.4071921883283156 , 157 -112 -307 -125 -237 -269 , 269 -216 216 0 -33 183 , -337 47 265 -292 -114 -2 , 469 -105 105 0 164 269 , 282 307 112 125 38 -125 , 85 24 -3 -16 61 57 , 101 3 -24 16 60 37 , -45 -265 -47 292 -267 -161 , -9 321 -321 0 -131 -452 , 0.00018511425606451327 , 14
1.4071921883283156 , 157 -112 -307 -125 -237 -269 , 269 -216 216 0 -33 183 , 114 2 -337 161 267 -292 , 469 -105 105 0 164 269 , 282 307 112 125 38 -125 , -61 -57 85 -37 -60 -16 , -24 -85 57 37 -101 -3 , -47 337 -2 -161 45 265 , -9 321 -321 0 -131 -452 , 0.00018511425606451327 , 15
1.4071921883283156 , 157 -112 -307 -125 -237 -269 , 269 -216 216 0 -33 183 , -114 -2 337 -161 -267 292 , 469 -105 105 0 164 269 , 282 307 112 125 38 -125 , 61 57 -85 37 60 16 , 24 85 -57 -37 101 3 , 47 -337 2 161 -45 -265 , -9 321 -321 0 -131 -452 , 0.00018511425606451327 , 16
1.4071921883283156 , 157 -112 -307 -125 -237 -269 , 269 -216 216 0 -33 183 , 337 -47 -265 292 114 2 , 469 -105 105 0 164 269 , 282 307 112 125 38 -125 , -85 -24 3 16 -61 -57 , -101 -3 24 -16 -60 -37 , 45 265 47 -292 267 161 , -9 321 -321 0 -131 -452 , 0.00018511425606451327 , 17
1.4071921883283156 , 157 -112 -307 -125 -237 -269 , 469 -105 105 0 164 269 , 60 37 -101 57 61 -16 , 269 -216 216 0 -33 183 , 282 307 112 125 38 -125 , -267 -161 45 -2 -114 -292 , -265 -45 161 2 -337 47 , 3 101 -37 -57 85 24 , -9 321 -321 0 -131 -452 , 0.00018511425606458607 , 18
1.4071921883283156 , 157 -112 -307 -125 -237 -269 , 469 -105 105 0 164 269 , -60 -37 101 -57 -61 16 , 269 -216 216 0 -33 183 , 282 307 112 125 38 -125 , 267 161 -45 2 114 292 , 265 45 -161 -2 337 -47 , -3 -101 37 57 -85 -24 , -9 321 -321 0 -131 -452 , 0.00018511425606458607 , 19
1.4071921883283156 , 157 -112 -307 -125 -237 -269 , 269 -216 216 0 -33 183 , -292 -114 -2 45 -161 -267 , 469 -105 105 0 164 269 , 282 307 112 125 38 -125 , -16 61 57 -101 37 60 , 85 -57 -61 101 3 -24 , -337 2 114 -45 -265 -47 , -9 321 -321 0 -131 -452 , 0.0001851142560645861 , 20
1.4071921883283156 , 157 -112 -307 -125 -237 -269 , 269 -216 216 0 -33 183 , 292 114 2 -45 161 267 , 469 -105 105 0 164 269 , 282 307 112 125 38 -125 , 16 -61 -57 101 -37 -60 , -85 57 61 -101 -3 24 , 337 -2 -114 45 265 47 , -9 321 -321 0 -131 -452 , 0.0001851142560645861 , 21
1.4071921883283156 , 157 -112 -307 -125 -237 -269 , 469 -105 105 0 164 269 , 57 61 -16 -3 24 85 , 269 -216 216 0 -33 183 , 282 307 112 125 38 -125 , -2 -114 -292 265 47 -337 , -267 292 114 -265 -45 161 , 60 16 -61 3 101 -37 , -9 321 -321 0 -131 -452 , 0.0001851142560645861 , 22
1.4071921883283156 , 157 -112 -307 -125 -237 -269 , 469 -105 105 0 164 269 , -57 -61 16 3 -24 -85 , 269 -216 216 0 -33 183 , 282 307 112 125 38 -125 , 2 114 292 -265 -47 337 , 267 -292 -114 265 45 -161 , -60 -16 61 -3 -101 37 , -9 321 -321 0 -131 -452 , 0.0001851142560645861 , 23
1.4071921883283156 , 157 -112 -307 -125 -237 -269 , 469 -105 105 0 164 269 , -101 -3 24 -16 -60 -37 , 269 -216 216 0 -33 183 , 282 307 112 125 38 -125 , 45 265 47 -292 267 161 , 337 -47 -265 292 114 2 , -85 -24 3 16 -61 -57 , -9 321 -321 0 -131 -452 , 0.0001851142560646589 , 24
1.4071921883283156 , 157 -112 -307 -125 -237 -269 , 469 -105 105 0 164 269 , 101 3 -24 16 60 37 , 269 -216 216 0 -33 183 , 282 307 112 125 38 -125 , -45 -265 -47 292 -267 -161 , -337 47 265 -292 -114 -2 , 85 24 -3 -16 61 57 , -9 321 -321 0 -131 -452 , 0.0001851142560646589 , 25
1.4071921883283156 , 157 -112 -307 -125 -237 -269 , 269 -216 216 0 -33 183 , -267 292 114 -265 -45 161 , 469 -105 105 0 164 269 , 282 307 112 125 38 -125 , 60 16 -61 3 101 -37 , 57 61 -16 -3 24 85 , -2 -114 -292 265 47 -337 , -9 321 -321 0 -131 -452 , 0.00018511425606465895 , 26
1.4071921883283156 , 157 -112 -307 -125 -237 -269 , 269 -216 216 0 -33 183 , 267 -292 -114 265 45 -161 , 469 -105 105 0 164 269 , 282 307 112 125 38 -125 , -60 -16 61 -3 -101 37 , -57 -61 16 3 -24 -85 , 2 114 292 -265 -47 337 , -9 321 -321 0 -131 -452 , 0.00018511425606465895 , 27
1.4071921883283156 , 157 -112 -307 -125 -237 -269 , 269 -216 216 0 -33 183 , 161 267 -292 47 265 45 , 469 -105 105 0 164 269 , 282 307 112 125 38 -125 , -37 -60 -16 24 -3 -101 , -61 16 60 -24 -85 57 , 114 292 -267 -47 337 -2 , -9 321 -321 0 -131 -452 , 0.0001851142560647317 , 28
1.4071921883283156 , 157 -112 -307 -125 -237 -269 , 269 -216 216 0 -33 183 , -161 -267 292 -47 -265 -45 , 469 -105 105 0 164 269 , 282 307 112 125 38 -125 , 37 60 16 -24 3 101 , 61 -16 -60 24 85 -57 , -114 -292 267 47 -337 2 , -9 321 -321 0 -131 -452 , 0.0001851142560647317 , 29
1.4071921883283156 , 157 -112 -307 -125 -237 -269 , 469 -105 105 0 164 269 , 3 -24 -85 60 37 -101 , 269 -216 216 0 -33 183 , 282 307 112 125 38 -125 , -265 -47 337 -267 -161 45 , 2 -337 47 267 -292 -114 , -57 85 24 -60 -16 61 , -9 321 -321 0 -131 -452 , 0.0001851142560647317 , 30
1.4071921883283156 , 157 -112 -307 -125 -237 -269 , 469 -105 105 0 164 269 , -3 24 85 -60 -37 101 , 269 -216 216 0 -33 183 , 282 307 112 125 38 -125 , 265 47 -337 267 161 -45 , -2 337 -47 -267 292 114 , 57 -85 -24 60 16 -61 , -9 321 -321 0 -131 -452 , 0.0001851142560647317 , 31
1.4071921883283156 , 157 -112 -307 -125 -237 -269 , 469 -105 105 0 164 269 , -61 16 60 -24 -85 57 , 269 -216 216 0 -33 183 , 282 307 112 125 38 -125 , 114 292 -267 -47 337 -2 , 161 267 -292 47 265 45 , -37 -60 -16 24 -3 -101 , -9 321 -321 0 -131 -452 , 0.00018511425606473173 , 32
1.4071921883283156 , 157 -112 -307 -125 -237 -269 , 469 -105 105 0 164 269 , 61 -16 -60 24 85 -57 , 269 -216 216 0 -33 183 , 282 307 112 125 38 -125 , -114 -292 267 47 -337 2 , -161 -267 292 -47 -265 -45 , 37 60 16 -24 3 101 , -9 321 -321 0 -131 -452 , 0.00018511425606473173 , 33
1.4071921883283156 , 157 -112 -307 -125 -237 -269 , 269 -216 216 0 -33 183 , -45 161 267 -337 47 265 , 469 -105 105 0 164 269 , 282 307 112 125 38 -125 , 101 -37 -60 85 24 -3 , 16 60 37 -85 57 61 , 292 -267 -161 337 -2 -114 , -9 321 -321 0 -131 -452 , 0.00018511425606480456 , 34
1.4071921883283156 , 157 -112 -307 -125 -237 -269 , 269 -216 216 0 -33 183 , 45 -161 -267 337 -47 -265 , 469 -105 105 0 164 269 , 282 307 112 125 38 -125 , -101 37 60 -85 -24 3 , -16 -60 -37 85 -57 -61 , -292 267 161 -337 2 114 , -9 321 -321 0 -131 -452 , 0.00018511425606480456 , 35
1.5061675396735867 , -99 -239 -192 -52 -599 -275 , 22 -7 7 0 6 13 , 75 51 170 -301 245 68 , 253 -159 159 0 5 164 , -47 192 239 52 -83 -360 , 174 6 104 -56 35 204 , 230 -104 -6 56 100 29 , 376 -170 -51 301 -102 194 , 454 166 -166 0 -11 -177 , 0.00019914511151853035 , 0
1.5061675396735867 , -99 -239 -192 -52 -599 -275 , 22 -7 7 0 6 13 , -75 -51 -170 301 -245 -68 , 253 -159 159 0 5 164 , -47 192 239 52 -83 -360 , -174 -6 -104 56 -35 -204 , -230 104 6 -56 -100 -29 , -376 170 51 -301 102 -194 , 454 166 -166 0 -11 -177 , 0.00019914511151853035 , 1
1.5061675396735867 , -99 -239 -192 -52 -599 -275 , 22 -7 7 0 6 13 , 51 170 -376 245 68 -75 , 253 -159 159 0 5 164 , -47 192 239 52 -83 -360 , 6 104 -230 35 204 -174 , -29 230 -104 -35 56 100 , -194 376 -170 -245 301 -102 , 454 166 -166 0 -11 -177 , 0.00019914511151853249 , 2
1.5061675396735867 , -99 -239 -192 -52 -599 -275 , 22 -7 7 0 6 13 , -51 -170 376 -245 -68 75 , 253 -159 159 0 5 164 , -47 192 239 52 -83 -360 , -6 -104 230 -35 -204 174 , 29 -230 104 35 -56 -100 , 194 -376 170 245 -301 102 , 454 166 -166 0 -11 -177 , 0.00019914511151853249 , 3
1.5061675396735867 , -99 -239 -192 -52 -599 -275 , 253 -159 159 0 5 164 , -35 56 100 -6 -174 204 , 22 -7 7 0 6 13 , -47 192 239 52 -83 -360 , -245 301 -102 -51 -75 68 , -194 102 -301 51 170 -376 , -29 -100 -56 6 104 -230 , 454 166 -166 0 -11 -177 , 0.0001991451115185332 , 4
1.5061675396735867 , -99 -239 -192 -52 -599 -275 , 253 -159 159 0 5 164 , 35 -56 -100 6 174 -204 , 22 -7 7 0 6 13 , -47 192 239 52 -83 -360 , 245 -301 102 51 75 -68 , 194 -102 301 -51 -170 376 , 29 100 56 -6 -104 230 , 454 166 -166 0 -11 -177 , 0.0001991451115185332 , 5
1.5061675396735867 , -99 -239 -192 -52 -599 -275 , 22 -7 7 0 6 13 , -245 -68 75 -194 102 -301 , 253 -159 159 0 5 164 , -47 192 239 52 -83 -360 , -35 -204 174 -29 -100 -56 , -6 -174 204 29 -230 104 , -51 -75 68 194 -376 170 , 454 166 -166 0 -11 -177 , 0.00019914511151853463 , 6
1.5061675396735867 , -99 -239 -192 -52 -599 -275 , 22 -7 7 0 6 13 , 245 68 -75 194 -102 301 , 253 -159 159 0 5 164 , -47 192 239 52 -83 -360 , 35 204 -174 29 100 56 , 6 174 -204 -29 230 -104 , 51 75 -68 -194 376 -170 , 454 166 -166 0 -11 -177 , 0.00019914511151853463 , 7
1.5061675396735867 , -99 -239 -192 -52 -599 -275 , 22 -7 7 0 6 13 , -68 75 51 102 -301 245 , 253 -159 159 0 5 164 , -47 192 239 52 -83 -360 , -204 174 6 -100 -56 35 , -104 -6 -174 100 29 -230 , -170 -51 -75 -102 194 -376 , 454 166 -166 0 -11 -177 , 0.00019914511151853534 , 8
1.5061675396735867 , -99 -239 -192 -52 -599 -275 , 22 -7 7 0 6 13 , 68 -75 -51 -102 301 -245 , 253 -159 159 0 5 164 , -47 192 239 52 -83 -360 , 204 -174 -6 100 56 -35 , 104 6 174 -100 -29 230 , 170 51 75 102 -194 376 , 454 166 -166 0 -11 -177 , 0.00019914511151853534 , 9
1.5061675396735867 , -99 -239 -192 -52 -599 -275 , 253 -159 159 0 5 164 , -56 -100 -29 174 -204 -35 , 22 -7 7 0 6 13 , -47 192 239 52 -83 -360 , -301 102 -194 75 -68 -245 , -376 194 -102 -75 -51 -170 , -230 29 100 -174 -6 -104 , 454 166 -166 0 -11 -177 , 0.00019914511151853536 , 10
1.5061675396735867 , -99 -239 -192 -52 -599 -275 , 253 -159 159 0 5 164 , 56 100 29 -174 204 35 , 22 -7 7 0 6 13 , -47 192 239 52 -83 -360 , 301 -102 194 -75 68 245 , 376 -194 102 75 51 170 , 230 -29 -100 174 6 104 , 454 166 -166 0 -11 -177 , 0.00019914511151853536 , 11
1.5061675396735867 , -99 -239 -192 -52 -599 -275 , 22 -7 7 0 6 13 , -301 245 68 -376 194 -102 , 253 -159 159 0 5 164 , -47 192 239 52 -83 -360 , -56 35 204 -230 29 100 , 174 -204 -35 230 -104 -6 , 75 -68 -245 376 -170 -51 , 454 166 -166 0 -11 -177 , 0.00019914511151853536 , 12
1.5061675396735867 , -99 -239 -192 -52 -599 -275 , 22 -7 7 0 6 13 , 301 -245 -68 376 -194 102 , 253 -159 159 0 5 164 , -47 192 239 52 -83 -360 , 56 -35 -204 230 -29 -100 , -174 204 35 -230 104 6 , -75 68 245 -376 170 51 , 454 166 -166 0 -11 -177 , 0.00019914511151853536 , 13
1.5061675396735867 , -99 -239 -192 -52 -599 -275 , 22 -7 7 0 6 13 , -376 194 -102 -75 -51 -170 , 253 -159 159 0 5 164 , -47 192 239 52 -83 -360 , -230 29 100 -174 -6 -104 , -56 -100 -29 174 -204 -35 , -301 102 -194 75 -68 -245 , 454 166 -166 0 -11 -177 , 0.00019914511151853604 , 14
1.5061675396735867 , -99 -239 -192 -52 -599 -275 , 22 -7 7 0 6 13 , 376 -194 102 75 51 170 , 253 -159 159 0 5 164 , -47 192 239 52 -83 -360 , 230 -29 -100 174 6 104 , 56 100 29 -174 204 35 , 301 -102 194 -75 68 245 , 454 166 -166 0 -11 -177 , 0.00019914511151853604 , 15
1.5061675396735867 , -99 -239 -192 -52 -599 -275 , 253 -159 159 0 5 164 , -100 -29 230 -204 -35 56 , 22 -7 7 0 6 13 , -47 192 239 52 -83 -360 , 102 -194 376 -68 -245 301 , 170 -376 194 68 -75 -51 , 104 -230 29 204 -174 -6 , 454 166 -166 0 -11 -177 , 0.00019914511151853677 , 16
1.5061675396735867 , -99 -239 -192 -52 -599 -275 , 253 -159 159 0 5 164 , -204 -35 56 -104 -6 -174 , 22 -7 7 0 6 13 , -47 192 239 52 -83 -360 , -68 -245 301 -170 -51 -75 , 102 -301 245 170 -376 194 , -100 -56 35 104 -230 29 , 454 166 -166 0 -11 -177 , 0.00019914511151853677 , 17
1.5061675396735867 , -99 -239 -192 -52 -599 -275 , 253 -159 159 0 5 164 , 204 35 -56 104 6 174 , 22 -7 7 0 6 13 , -47 192 239 52 -83 -360 , 68 245 -301 170 51 75 , -102 301 -245 -170 376 -194 , 100 56 -35 -104 230 -29 , 454 166 -166 0 -11 -177 , 0.00019914511151853677 , 18
1.5061675396735867 , -99 -239 -192 -52 -599 -275 , 253 -159 159 0 5 164 , 100 29 -230 204 35 -56 , 22 -7 7 0 6 13 , -47 192 239 52 -83 -360 , -102 194 -376 68 245 -301 , -170 376 -194 -68 75 51 , -104 230 -29 -204 174 6 , 454 166 -166 0 -11 -177 , 0.00019914511151853677 , 19
1.5061675396735867 , -99 -239 -192 -52 -599 -275 , 22 -7 7 0 6 13 , -170 376 -194 -68 75 51 , 253 -159 159 0 5 164 , -47 192 239 52 -83 -360 , -104 230 -29 -204 174 6 , 100 29 -230 204 35 -56 , -102 194 -376 68 245 -301 , 454 166 -166 0 -11 -177 , 0.00019914511151853677 , 20
1.5061675396735867 , -99 -239 -192 -52 -599 -275 , 22 -7 7 0 6 13 , 170 -376 194 68 -75 -51 , 253 -159 159 0 5 164 , -47 192 239 52 -83 -360 , 104 -230 29 204 -174 -6 , -100 -29 230 -204 -35 56 , 102 -194 376 -68 -245 301 , 454 166 -166 0 -11 -177 , 0.00019914511151853677 , 21
1.5061675396735867 , -99 -239 -192 -52 -599 -275 , 22 -7 7 0 6 13 , -194 102 -301 51 170 -376 , 253 -159 159 0 5 164 , -47 192 239 52 -83 -360 , -29 -100 -56 6 104 -230 , -35 56 100 -6 -174 204 , -245 301 -102 -51 -75 68 , 454 166 -166 0 -11 -177 , 0.00019914511151853821 , 22
1.5061675396735867 , -99 -239 -192 -52 -599 -275 , 22 -7 7 0 6 13 , 194 -102 301 -51 -170 376 , 253 -159 159 0 5 164 , -47 192 239 52 -83 -360 , 29 100 56 -6 -104 230 , 35 -56 -100 6 174 -204 , 245 -301 102 51 75 -68 , 454 166 -166 0 -11 -177 , 0.00019914511151853821 , 23
1.5061675396735867 , -99 -239 -192 -52 -599 -275 , 22 -7 7 0 6 13 , 102 -301 245 170 -376 194 , 253 -159 159 0 5 164 , -47 192 239 52 -83 -360 , -100 -56 35 104 -230 29 , -204 -35 56 -104 -6 -174 , -68 -245 301 -170 -51 -75 , 454 166 -166 0 -11 -177 , 0.00019914511151853892 , 24
1.5061675396735867 , -99 -239 -192 -52 -599 -275 , 22 -7 7 0 6 13 , -102 301 -245 -170 376 -194 , 253 -159 159 0 5 164 , -47 192 239 52 -83 -360 , 100 56 -35 -104 230 -29 , 204 35 -56 104 6 174 , 68 245 -301 170 51 75 , 454 166 -166 0 -11 -177 , 0.00019914511151853892 , 25
1.5061675396735867 , -99 -239 -192 -52 -599 -275 , 253 -159 159 0 5 164 , -230 104 6 -56 -100 -29 , 22 -7 7 0 6 13 , -47 192 239 52 -83 -360 , -376 170 51 -301 102 -194 , -75 -51 -170 301 -245 -68 , -174 -6 -104 56 -35 -204 , 454 166 -166 0 -11 -177 , 0.00019914511151853962 , 26
1.5061675396735867 , -99 -239 -192 -52 -599 -275 , 253 -159 159 0 5 164 , 230 -104 -6 56 100 29 , 22 -7 7 0 6 13 , -47 192 239 52 -83 -360 , 376 -170 -51 301 -102 194 , 75 51 170 -301 245 68 , 174 6 104 -56 35 204 , 454 166 -166 0 -11 -177 , 0.00019914511151853962 , 27
1.5061675396735867 , -99 -239 -192 -52 -599 -275 , 253 -159 159 0 5 164 , -29 230 -104 -35 56 100 , 22 -7 7 0 6 13 , -47 192 239 52 -83 -360 , -194 376 -170 -245 301 -102 , 51 170 -376 245 68 -75 , 6 104 -230 35 204 -174 , 454 166 -166 0 -11 -177 , 0.00019914511151853965 , 28
1.5061675396735867 , -99 -239 -192 -52 -599 -275 , 253 -159 159 0 5 164 , 174 -204 -35 230 -104 -6 , 22 -7 7 0 6 13 , -47 192 239 52 -83 -360 , 75 -68 -245 376 -170 -51 , -301 245 68 -376 194 -102 , -56 35 204 -230 29 100 , 454 166 -166 0 -11 -177 , 0.00019914511151853965 , 29
1.5061675396735867 , -99 -239 -192 -52 -599 -275 , 253 -159 159 0 5 164 , -174 204 35 -230 104 6 , 22 -7 7 0 6 13 , -47 192 239 52 -83 -360 , -75 68 245 -376 170 51 , 301 -245 -68 376 -194 102 , 56 -35 -204 230 -29 -100 , 454 166 -166 0 -11 -177 , 0.00019914511151853965 , 30
1.5061675396735867 , -99 -239 -192 -52 -599 -275 , 253 -159 159 0 5 164 , 29 -230 104 35 -56 -100 , 22 -7 7 0 6 13 , -47 192 239 52 -83 -360 , 194 -376 170 245 -301 102 , -51 -170 376 -245 -68 75 , -6 -104 230 -35 -204 174 , 454 166 -166 0 -11 -177 , 0.00019914511151853965 , 31
1.5061675396735867 , -99 -239 -192 -52 -599 -275 , 253 -159 159 0 5 164 , 6 174 -204 -29 230 -104 , 22 -7 7 0 6 13 , -47 192 239 52 -83 -360 , 51 75 -68 -194 376 -170 , 245 68 -75 194 -102 301 , 35 204 -174 29 100 56 , 454 166 -166 0 -11 -177 , 0.00019914511151854038 , 32
1.5061675396735867 , -99 -239 -192 -52 -599 -275 , 253 -159 159 0 5 164 , -6 -174 204 29 -230 104 , 22 -7 7 0 6 13 , -47 192 239 52 -83 -360 , -51 -75 68 194 -376 170 , -245 -68 75 -194 102 -301 , -35 -204 174 -29 -100 -56 , 454 166 -166 0 -11 -177 , 0.00019914511151854038 , 33
1.5061675396735867 , -99 -239 -192 -52 -599 -275 , 253 -159 159 0 5 164 , 104 6 174 -100 -29 230 , 22 -7 7 0 6 13 , -47 192 239 52 -83 -360 , 170 51 75 102 -194 376 , 68 -75 -51 -102 301 -245 , 204 -174 -6 100 56 -35 , 454 166 -166 0 -11 -177 , 0.00019914511151854252 , 34
1.5061675396735867 , -99 -239 -192 -52 -599 -275 , 253 -159 159 0 5 164 , -104 -6 -174 100 29 -230 , 22 -7 7 0 6 13 , -47 192 239 52 -83 -360 , -170 -51 -75 -102 194 -376 , -68 75 51 102 -301 245 , -204 174 6 -100 -56 35 , 454 166 -166 0 -11 -177 , 0.00019914511151854252 , 35
1.5061675396735867 , 108 -436 -60 -80 -519 -256 , 316 -75 75 0 107 182 , 180 9 -28 118 -52 183 , -41 -91 91 0 -96 -5 , 188 60 436 80 -196 -83 , -29 231 -225 -162 413 -211 , 133 225 -231 162 14 182 , 62 28 -9 -118 211 -61 , 454 166 -166 0 -11 -177 , 0.00020613530443585882 , 36
1.5061675396735867 , 108 -436 -60 -80 -519 -256 , 316 -75 75 0 107 182 , -180 -9 28 -118 52 -183 , -41 -91 91 0 -96 -5 , 188 60 436 80 -196 -83 , 29 -231 225 162 -413 211 , -133 -225 231 -162 -14 -182 , -62 -28 9 118 -211 61 , 454 166 -166 0 -11 -177 , 0.00020613530443585882 , 37
1.5061675396735867 , 108 -436 -60 -80 -519 -256 , -41 -91 91 0 -96 -5 , -211 413 -162 -225 231 -29 , 316 -75 75 0 107 182 , 188 60 436 80 -196 -83 , 183 -52 118 -28 9 180 , 211 -118 52 28 62 61 , 14 162 -413 225 133 -182 , 454 166 -166 0 -11 -177 , 0.00020613530443592867 , 38
1.5061675396735867 , 108 -436 -60 -80 -519 -256 , -41 -91 91 0 -96 -5 , 211 -413 162 225 -231 29 , 316 -75 75 0 107 182 , 188 60 436 80 -196 -83 , -183 52 -118 28 -9 -180 , -211 118 -52 -28 -62 -61 , -14 -162 413 -225 -133 182 , 454 166 -166 0 -11 -177 , 0.00020613530443592867 , 39
1.5061675396735867 , 108 -436 -60 -80 -519 -256 , -41 -91 91 0 -96 -5 , -162 -14 -182 -29 211 -413 , 316 -75 75 0 107 182 , 188 60 436 80 -196 -83 , 118 -211 61 180 -183 52 , -62 -61 211 -180 -9 28 , -133 182 14 29 -231 225 , 454 166 -166 0 -11 -177 , 0.00020613530443594594 , 40
1.5061675396735867 , 108 -436 -60 -80 -519 -256 , -41 -91 91 0 -96 -5 , 162 14 182 29 -211 413 , 316 -75 75 0 107 182 , 188 60 436 80 -196 -83 , -118 211 -61 -180 183 -52 , 62 61 -211 180 9 -28 , 133 -182 -14 -29 231 -225 , 454 166 -166 0 -11 -177 , 0.00020613530443594594 , 41
1.5061675396735867 , 108 -436 -60 -80 -519 -256 , -41 -91 91 0 -96 -5 , -413 162 14 -231 29 -211 , 316 -75 75 0 107 182 , 188 60 436 80 -196 -83 , 52 -118 211 -9 -180 183 , 61 -211 118 9 -28 -62 , -182 -14 -162 231 -225 -133 , 454 166 -166 0 -11 -177 , 0.00020613530443594605 , 42
1.5061675396735867 , 108 -436 -60 -80 -519 -256 , -41 -91 91 0 -96 -5 , 413 -162 -14 231 -29 211 , 316 -75 75 0 107 182 , 188 60 436 80 -196 -83 , -52 118 -211 9 180 -183 , -61 211 -118 -9 28 62 , 182 14 162 -231 225 133 , 454 166 -166 0 -11 -177 , 0.00020613530443594605 , 43
1.5061675396735867 , 108 -436 -60 -80 -519 -256 , -41 -91 91 0 -96 -5 , -14 -182 133 211 -413 162 , 316 -75 75 0 107 182 , 188 60 436 80 -196 -83 , -211 61 62 -183 52 -118 , -28 -62 -61 183 -180 -9 , -225 -133 182 -211 29 -231 , 454 166 -166 0 -11 -177 , 0.00020613530443597107 , 44
1.5061675396735867 , 108 -436 -60 -80 -519 -256 , -41 -91 91 0 -96 -5 , 14 182 -133 -211 413 -162 , 316 -75 75 0 107 182 , 188 60 436 80 -196 -83 , 211 -61 -62 183 -52 118 , 28 62 61 -183 180 9 , 225 133 -182 211 -29 231 , 454 166 -166 0 -11 -177 , 0.00020613530443597107 , 45
1.5061675396735867 , 108 -436 -60 -80 -519 -256 , 316 -75 75 0 107 182 , 118 -52 183 -62 -61 211 , -41 -91 91 0 -96 -5 , 188 60 436 80 -196 -83 , -162 413 -211 -133 182 14 , -29 211 -413 133 225 -231 , 180 -183 52 62 28 -9 , 454 166 -166 0 -11 -177 , 0.00020613530443601462 , 46
1.5061675396735867 , 108 -436 -60 -80 -519 -256 , 316 -75 75 0 107 182 , -118 52 -183 62 61 -211 , -41 -91 91 0 -96 -5 , 188 60 436 80 -196 -83 , 162 -413 211 133 -182 -14 , 29 -211 413 -133 -225 231 , -180 183 -52 -62 -28 9 , 454 166 -166 0 -11 -177 , 0.00020613530443601462 , 47
1.5061675396735867 , 108 -436 -60 -80 -519 -256 , 316 -75 75 0 107 182 , -28 -62 -61 183 -180 -9 , -41 -91 91 0 -96 -5 , 188 60 436 80 -196 -83 , -225 -133 182 -211 29 -231 , -14 -182 133 211 -413 162 , -211 61 62 -183 52 -118 , 454 166 -166 0 -11 -177 , 0.0002061353044360311 , 48
1.5061675396735867 , 108 -436 -60 -80 -519 -256 , 316 -75 75 0 107 182 , 9 -28 -62 -52 183 -180 , -41 -91 91 0 -96 -5 , 188 60 436 80 -196 -83 , 231 -225 -133 413 -211 29 , -182 133 225 -413 162 14 , 61 62 28 52 -118 211 , 454 166 -166 0 -11 -177 , 0.0002061353044360311 , 49
1.5061675396735867 , 108 -436 -60 -80 -519 -256 , 316 -75 75 0 107 182 , -9 28 62 52 -183 180 , -41 -91 91 0 -96 -5 , 188 60 436 80 -196 -83 , -231 225 133 -413 211 -29 , 182 -133 -225 413 -162 -14 , -61 -62 -28 -52 118 -211 , 454 166 -166 0 -11 -177 , 0.0002061353044360311 , 50
1.5061675396735867 , 108 -436 -60 -80 -519 -256 , 316 -75 75 0 107 182 , 28 62 61 -183 180 9 , -41 -91 91 0 -96 -5 , 188 60 436 80 -196 -83 , 225 133 -182 211 -29 231 , 14 182 -133 -211 413 -162 , 211 -61 -62 183 -52 118 , 454 166 -166 0 -11 -177 , 0.0002061353044360311 , 51
1.5061675396735867 , 108 -436 -60 -80 -519 -256 , -41 -91 91 0 -96 -5 , -225 231 -29 -14 -182 133 , 316 -75 75 0 107 182 , 188 60 436 80 -196 -83 , -28 9 180 -211 61 62 , 183 -180 -9 211 -118 52 , -211 29 -231 14 162 -413 , 454 166 -166 0 -11 -177 , 0.0002061353044360636 , 52
1.5061675396735867 , 108 -436 -60 -80 -519 -256 , -41 -91 91 0 -96 -5 , 225 -231 29 14 182 -133 , 316 -75 75 0 107 182 , 188 60 436 80 -196 -83 , 28 -9 -180 211 -61 -62 , -183 180 9 -211 118 -52 , 211 -29 231 -14 -162 413 , 454 166 -166 0 -11 -177 , 0.0002061353044360636 , 53
1.5061675396735867 , 108 -436 -60 -80 -519 -256 , 316 -75 75 0 107 182 , -211 118 -52 -28 -62 -61 , -41 -91 91 0 -96 -5 , 188 60 436 80 -196 -83 , -14 -162 413 -225 -133 182 , 211 -413 162 225 -231 29 , -183 52 -118 28 -9 -180 , 454 166 -166 0 -11 -177 , 0.00020613530443606545 , 54
1.5061675396735867 , 108 -436 -60 -80 -519 -256 , 316 -75 75 0 107 182 , 211 -118 52 28 62 61 , -41 -91 91 0 -96 -5 , 188 60 436 80 -196 -83 , 14 162 -413 225 133 -182 , -211 413 -162 -225 231 -29 , 183 -52 118 -28 9 180 , 454 166 -166 0 -11 -177 , 0.00020613530443606545 , 55
1.5061675396735867 , 108 -436 -60 -80 -519 -256 , 316 -75 75 0 107 182 , -62 -61 211 -180 -9 28 , -41 -91 91 0 -96 -5 , 188 60 436 80 -196 -83 , -133 182 14 29 -231 225 , -162 -14 -182 -29 211 -413 , 118 -211 61 180 -183 52 , 454 166 -166 0 -11 -177 , 0.00020613530443608577 , 56
1.5061675396735867 , 108 -436 -60 -80 -519 -256 , 316 -75 75 0 107 182 , 62 61 -211 180 9 -28 , -41 -91 91 0 -96 -5 , 188 60 436 80 -196 -83 , 133 -182 -14 -29 231 -225 , 162 14 182 29 -211 413 , -118 211 -61 -180 183 -52 , 454 166 -166 0 -11 -177 , 0.00020613530443608577 , 57
1.5061675396735867 , 108 -436 -60 -80 -519 -256 , 316 -75 75 0 107 182 , -183 180 9 -211 118 -52 , -41 -91 91 0 -96 -5 , 188 60 436 80 -196 -83 , 211 -29 231 -14 -162 413 , 225 -231 29 14 182 -133 , 28 -9 -180 211 -61 -62 , 454 166 -166 0 -11 -177 , 0.00020613530443609027 , 58
1.5061675396735867 , 108 -436 -60 -80 -519 -256 , 316 -75 75 0 107 182 , 183 -180 -9 211 -118 52 , -41 -91 91 0 -96 -5 , 188 60 436 80 -196 -83 , -211 29 -231 14 162 -413 , -225 231 -29 -14 -182 133 , -28 9 180 -211 61 62 , 454 166 -166 0 -11 -177 , 0.00020613530443609027 , 59
1.5061675396735867 , 108 -436 -60 -80 -519 -256 , -41 -91 91 0 -96 -5 , -182 133 225 -413 162 14 , 316 -75 75 0 107 182 , 188 60 436 80 -196 -83 , 61 62 28 52 -118 211 , 9 -28 -62 -52 183 -180 , 231 -225 -133 413 -211 29 , 454 166 -166 0 -11 -177 , 0.00020613530443611193 , 60
1.5061675396735867 , 108 -436 -60 -80 -519 -256 , -41 -91 91 0 -96 -5 , 182 -133 -225 413 -162 -14 , 316 -75 75 0 107 182 , 188 60 436 80 -196 -83 , -61 -62 -28 -52 118 -211 , -9 28 62 52 -183 180 , -231 225 133 -413 211 -29 , 454 166 -166 0 -11 -177 , 0.00020613530443611193 , 61
1.5061675396735867 , 108 -436 -60 -80 -519 -256 , 316 -75 75 0 107 182 , -52 183 -180 -61 211 -118 , -41 -91 91 0 -96 -5 , 188 60 436 80 -196 -83 , 413 -211 29 182 14 162 , 231 -29 211 -182 133 225 , 9 180 -183 61 62 28 , 454 166 -166 0 -11 -177 , 0.00020613530443611326 , 62
1.5061675396735867 , 108 -436 -60 -80 -519 -256 , 316 -75 75 0 107 182 , 52 -183 180 61 -211 118 , -41 -91 91 0 -96 -5 , 188 60 436 80 -196 -83 , -413 211 -29 -182 -14 -162 , -231 29 -211 182 -133 -225 , -9 -180 183 -61 -62 -28 , 454 166 -166 0 -11 -177 , 0.00020613530443611326 , 63
1.5061675396735867 , 108 -436 -60 -80 -519 -256 , 316 -75 75 0 107 182 , -61 211 -118 -9 28 62 , -41 -91 91 0 -96 -5 , 188 60 436 80 -196 -83 , 182 14 162 -231 225 133 , 413 -162 -14 231 -29 211 , -52 118 -211 9 180 -183 , 454 166 -166 0 -11 -177 , 0.00020613530443611985 , 64
1.5061675396735867 , 108 -436 -60 -80 -519 -256 , 316 -75 75 0 107 182 , 61 -211 118 9 -28 -62 , -41 -91 91 0 -96 -5 , 188 60 436 80 -196 -83 , -182 -14 -162 231 -225 -133 , -413 162 14 -231 29 -211 , 52 -118 211 -9 -180 183 , 454 166 -166 0 -11 -177 , 0.00020613530443611985 , 65
1.5061675396735867 , 108 -436 -60 -80 -519 -256 , -41 -91 91 0 -96 -5 , -133 -225 231 -162 -14 -182 , 316 -75 75 0 107 182 , 188 60 436 80 -196 -83 , -62 -28 9 118 -211 61 , -180 -9 28 -118 52 -183 , 29 -231 225 162 -413 211 , 454 166 -166 0 -11 -177 , 0.00020613530443614719 , 66
1.5061675396735867 , 108 -436 -60 -80 -519 -256 , -41 -91 91 0 -96 -5 , 133 225 -231 162 14 182 , 316 -75 75 0 107 182 , 188 60 436 80 -196 -83 , 62 28 -9 -118 211 -61 , 180 9 -28 118 -52 183 , -29 231 -225 -162 413 -211 , 454 166 -166 0 -11 -177 , 0.00020613530443614719 , 67
1.5061675396735867 , 108 -436 -60 -80 -519 -256 , -41 -91 91 0 -96 -5 , -29 211 -413 133 225 -231 , 316 -75 75 0 107 182 , 188 60 436 80 -196 -83 , 180 -183 52 62 28 -9 , 118 -52 183 -62 -61 211 , -162 413 -211 -133 182 14 , 454 166 -166 0 -11 -177 , 0.0002061353044361489 , 68
1.5061675396735867 , 108 -436 -60 -80 -519 -256 , -41 -91 91 0 -96 -5 , 29 -211 413 -133 -225 231 , 316 -75 75 0 107 182 , 188 60 436 80 -196 -83 , -180 183 -52 -62 -28 9 , -118 52 -183 62 61 -211 , 162 -413 211 133 -182 -14 , 454 166 -166 0 -11 -177 , 0.0002061353044361489 , 69
1.5061675396735867 , 108 -436 -60 -80 -519 -256 , -41 -91 91 0 -96 -5 , -231 29 -211 182 -133 -225 , 316 -75 75 0 107 182 , 188 60 436 80 -196 -83 , -9 -180 183 -61 -62 -28 , 52 -183 180 61 -211 118 , -413 211 -29 -182 -14 -162 , 454 166 -166 0 -11 -177 , 0.00020613530443618042 , 70
1.5061675396735867 , 108 -436 -60 -80 -519 -256 , -41 -91 91 0 -96 -5 , 231 -29 211 -182 133 225 , 316 -75 75 0 107 182 , 188 60 436 80 -196 -83 , 9 180 -183 61 62 28 , -52 183 -180 -61 211 -118 , 413 -211 29 182 14 162 , 454 166 -166 0 -11 -177 , 0.00020613530443618042 , 71
1.6152976028570585 , 78 -28 -244 -269 -241 -137 , 310 -222 222 0 -16 206 , 220 -90 -227 180 195 -172 , 428 -99 99 0 147 246 , 347 244 28 269 107 -213 , 64 4 172 -135 7 168 , 199 -172 -4 135 -4 3 , 40 227 90 -180 55 285 , -9 321 -321 0 -131 -452 , 0.00012483037109215685 , 0
1.6152976028570585 , 78 -28 -244 -269 -241 -137 , 310 -222 222 0 -16 206 , -220 90 227 -180 -195 172 , 428 -99 99 0 147 246 , 347 244 28 269 107 -213 , -64 -4 -172 135 -7 -168 , -199 172 4 -135 4 -3 , -40 -227 -90 180 -55 -285 , -9 321 -321 0 -131 -452 , 0.00012483037109215685 , 1
1.6152976028570585 , 78 -28 -244 -269 -241 -137 , 428 -99 99 0 147 246 , -199 172 4 -135 4 -3 , 310 -222 222 0 -16 206 , 347 244 28 269 107 -213 , -40 -227 -90 180 -55 -285 , -220 90 227 -180 -195 172 , -64 -4 -172 135 -7 -168 , -9 321 -321 0 -131 -452 , 0.00012483037109228755 , 2
1.6152976028570585 , 78 -28 -244 -269 -241 -137 , 428 -99 99 0 147 246 , 199 -172 -4 135 -4 3 , 310 -222 222 0 -16 206 , 347 244 28 269 107 -213 , 40 227 90 -180 55 285 , 220 -90 -227 180 195 -172 , 64 4 172 -135 7 168 , -9 321 -321 0 -131 -452 , 0.00012483037109228755 , 3
1.6152976028570585 , 78 -28 -244 -269 -241 -137 , 428 -99 99 0 147 246 , -172 -4 -64 -4 3 -199 , 310 -222 222 0 -16 206 , 347 244 28 269 107 -213 , 227 90 -220 55 285 -40 , 172 220 -90 -55 180 195 , -168 64 4 4 -135 7 , -9 321 -321 0 -131 -452 , 0.0001248303710924836 , 4
1.6152976028570585 , 78 -28 -244 -269 -241 -137 , 428 -99 99 0 147 246 , 172 4 64 4 -3 199 , 310 -222 222 0 -16 206 , 347 244 28 269 107 -213 , -227 -90 220 -55 -285 40 , -172 -220 90 55 -180 -195 , 168 -64 -4 -4 135 -7 , -9 321 -321 0 -131 -452 , 0.0001248303710924836 , 5
1.6152976028570585 , 78 -28 -244 -269 -241 -137 , 428 -99 99 0 147 246 , -4 -64 168 3 -199 172 , 310 -222 222 0 -16 206 , 347 244 28 269 107 -213 , 90 -220 -172 285 -40 -227 , -195 172 220 -285 -55 180 , -7 -168 64 -3 4 -135 , -9 321 -321 0 -131 -452 , 0.00012483037109254895 , 6
1.6152976028570585 , 78 -28 -244 -269 -241 -137 , 428 -99 99 0 147 246 , 4 64 -168 -3 199 -172 , 310 -222 222 0 -16 206 , 347 244 28 269 107 -213 , -90 220 172 -285 40 227 , 195 -172 -220 285 55 -180 , 7 168 -64 3 -4 135 , -9 321 -321 0 -131 -452 , 0.00012483037109254895 , 7
1.6152976028570585 , 78 -28 -244 -269 -241 -137 , 310 -222 222 0 -16 206 , -55 180 195 -227 -40 285 , 428 -99 99 0 147 246 , 347 244 28 269 107 -213 , 4 -135 7 172 -199 3 , -168 -7 135 -172 -4 -64 , 172 -195 -180 227 90 -220 , -9 321 -321 0 -131 -452 , 0.0001248303710926143 , 8
1.6152976028570585 , 78 -28 -244 -269 -241 -137 , 310 -222 222 0 -16 206 , -227 -40 285 -172 -220 90 , 428 -99 99 0 147 246 , 347 244 28 269 107 -213 , 172 -199 3 168 -64 -4 , 4 -3 199 -168 -7 135 , -55 -285 40 172 -195 -180 , -9 321 -321 0 -131 -452 , 0.0001248303710926143 , 9
1.6152976028570585 , 78 -28 -244 -269 -241 -137 , 310 -222 222 0 -16 206 , 227 40 -285 172 220 -90 , 428 -99 99 0 147 246 , 347 244 28 269 107 -213 , -172 199 -3 -168 64 4 , -4 3 -199 168 7 -135 , 55 285 -40 -172 195 180 , -9 321 -321 0 -131 -452 , 0.0001248303710926143 , 10
1.6152976028570585 , 78 -28 -244 -269 -241 -137 , 310 -222 222 0 -16 206 , 55 -180 -195 227 40 -285 , 428 -99 99 0 147 246 , 347 244 28 269 107 -213 , -4 135 -7 -172 199 -3 , 168 7 -135 172 4 64 , -172 195 180 -227 -90 220 , -9 321 -321 0 -131 -452 , 0.0001248303710926143 , 11
1.6152976028570585 , 78 -28 -244 -269 -241 -137 , 310 -222 222 0 -16 206 , 172 220 -90 -55 180 195 , 428 -99 99 0 147 246 , 347 244 28 269 107 -213 , -168 64 4 4 -135 7 , -172 -4 -64 -4 3 -199 , 227 90 -220 55 285 -40 , -9 321 -321 0 -131 -452 , 0.00012483037109261433 , 12
1.6152976028570585 , 78 -28 -244 -269 -241 -137 , 310 -222 222 0 -16 206 , -172 -220 90 55 -180 -195 , 428 -99 99 0 147 246 , 347 244 28 269 107 -213 , 168 -64 -4 -4 135 -7 , 172 4 64 4 -3 199 , -227 -90 220 -55 -285 40 , -9 321 -321 0 -131 -452 , 0.00012483037109261433 , 13
1.6152976028570585 , 78 -28 -244 -269 -241 -137 , 428 -99 99 0 147 246 , -64 168 7 -199 172 4 , 310 -222 222 0 -16 206 , 347 244 28 269 107 -213 , -220 -172 195 -40 -227 -90 , -180 -195 172 40 -285 -55 , 135 -7 -168 199 -3 4 , -9 321 -321 0 -131 -452 , 0.00012483037109267968 , 14
1.6152976028570585 , 78 -28 -244 -269 -241 -137 , 428 -99 99 0 147 246 , 64 -168 -7 199 -172 -4 , 310 -222 222 0 -16 206 , 347 244 28 269 107 -213 , 220 172 -195 40 227 90 , 180 195 -172 -40 285 55 , -135 7 168 -199 3 -4 , -9 321 -321 0 -131 -452 , 0.00012483037109267968 , 15
1.6152976028570585 , 78 -28 -244 -269 -241 -137 , 310 -222 222 0 -16 206 , -180 -195 172 40 -285 -55 , 428 -99 99 0 147 246 , 347 244 28 269 107 -213 , 135 -7 -168 199 -3 4 , -64 168 7 -199 172 4 , -220 -172 195 -40 -227 -90 , -9 321 -321 0 -131 -452 , 0.00012483037109267968 , 16
1.6152976028570585 , 78 -28 -244 -269 -241 -137 , 310 -222 222 0 -16 206 , 180 195 -172 -40 285 55 , 428 -99 99 0 147 246 , 347 244 28 269 107 -213 , -135 7 168 -199 3 -4 , 64 -168 -7 199 -172 -4 , 220 172 -195 40 227 90 , -9 321 -321 0 -131 -452 , 0.00012483037109267968 , 17
1.6152976028570585 , 78 -28 -244 -269 -241 -137 , 428 -99 99 0 147 246 , 3 -199 172 7 -135 4 , 310 -222 222 0 -16 206 , 347 244 28 269 107 -213 , 285 -40 -227 195 180 -55 , 90 227 40 -195 172 220 , -4 -172 199 -7 -168 64 , -9 321 -321 0 -131 -452 , 0.00012483037109281038 , 18
1.6152976028570585 , 78 -28 -244 -269 -241 -137 , 428 -99 99 0 147 246 , -3 199 -172 -7 135 -4 , 310 -222 222 0 -16 206 , 347 244 28 269 107 -213 , -285 40 227 -195 -180 55 , -90 -227 -40 195 -172 -220 , 4 172 -199 7 168 -64 , -9 321 -321 0 -131 -452 , 0.00012483037109281038 , 19
1.6152976028570585 , 78 -28 -244 -269 -241 -137 , 310 -222 222 0 -16 206 , -195 172 220 -285 -55 180 , 428 -99 99 0 147 246 , 347 244 28 269 107 -213 , -7 -168 64 -3 4 -135 , -4 -64 168 3 -199 172 , 90 -220 -172 285 -40 -227 , -9 321 -321 0 -131 -452 , 0.00012483037109281038 , 20
1.6152976028570585 , 78 -28 -244 -269 -241 -137 , 310 -222 222 0 -16 206 , 195 -172 -220 285 55 -180 , 428 -99 99 0 147 246 , 347 244 28 269 107 -213 , 7 168 -64 3 -4 135 , 4 64 -168 -3 199 -172 , -90 220 172 -285 40 227 , -9 321 -321 0 -131 -452 , 0.00012483037109281038 , 21
1.6152976028570585 , 78 -28 -244 -269 -241 -137 , 428 -99 99 0 147 246 , 135 -4 3 -64 168 7 , 310 -222 222 0 -16 206 , 347 244 28 269 107 -213 , -180 55 285 -220 -172 195 , 40 -285 -55 220 -90 -227 , 199 -3 4 64 4 172 , -9 321 -321 0 -131 -452 , 0.00012483037109287573 , 22
1.6152976028570585 , 78 -28 -244 -269 -241 -137 , 428 -99 99 0 147 246 , -135 4 -3 64 -168 -7 , 310 -222 222 0 -16 206 , 347 244 28 269 107 -213 , 180 -55 -285 220 172 -195 , -40 285 55 -220 90 227 , -199 3 -4 -64 -4 -172 , -9 321 -321 0 -131 -452 , 0.00012483037109287573 , 23
1.6152976028570585 , 78 -28 -244 -269 -241 -137 , 310 -222 222 0 -16 206 , -90 -227 -40 195 -172 -220 , 428 -99 99 0 147 246 , 347 244 28 269 107 -213 , 4 172 -199 7 168 -64 , -3 199 -172 -7 135 -4 , -285 40 227 -195 -180 55 , -9 321 -321 0 -131 -452 , 0.00012483037109287573 , 24
1.6152976028570585 , 78 -28 -244 -269 -241 -137 , 310 -222 222 0 -16 206 , 90 227 40 -195 172 220 , 428 -99 99 0 147 246 , 347 244 28 269 107 -213 , -4 -172 199 -7 -168 64 , 3 -199 172 7 -135 4 , 285 -40 -227 195 180 -55 , -9 321 -321 0 -131 -452 , 0.00012483037109287573 , 25
1.6152976028570585 , 78 -28 -244 -269 -241 -137 , 428 -99 99 0 147 246 , -4 3 -199 168 7 -135 , 310 -222 222 0 -16 206 , 347 244 28 269 107 -213 , 55 285 -40 -172 195 180 , 227 40 -285 172 220 -90 , -172 199 -3 -168 64 4 , -9 321 -321 0 -131 -452 , 0.00012483037109294108 , 26
1.6152976028570585 , 78 -28 -244 -269 -241 -137 , 428 -99 99 0 147 246 , -7 135 -4 -4 -64 168 , 310 -222 222 0 -16 206 , 347 244 28 269 107 -213 , -195 -180 55 90 -220 -172 , -285 -55 180 -90 -227 -40 , -3 4 -135 4 172 -199 , -9 321 -321 0 -131 -452 , 0.00012483037109294108 , 27
1.6152976028570585 , 78 -28 -244 -269 -241 -137 , 428 -99 99 0 147 246 , 7 -135 4 4 64 -168 , 310 -222 222 0 -16 206 , 347 244 28 269 107 -213 , 195 180 -55 -90 220 172 , 285 55 -180 90 227 40 , 3 -4 135 -4 -172 199 , -9 321 -321 0 -131 -452 , 0.00012483037109294108 , 28
1.6152976028570585 , 78 -28 -244 -269 -241 -137 , 428 -99 99 0 147 246 , 4 -3 199 -168 -7 135 , 310 -222 222 0 -16 206 , 347 244 28 269 107 -213 , -55 -285 40 172 -195 -180 , -227 -40 285 -172 -220 90 , 172 -199 3 168 -64 -4 , -9 321 -321 0 -131 -452 , 0.00012483037109294108 , 29
1.6152976028570585 , 78 -28 -244 -269 -241 -137 , 310 -222 222 0 -16 206 , 40 -285 -55 220 -90 -227 , 428 -99 99 0 147 246 , 347 244 28 269 107 -213 , 199 -3 4 64 4 172 , 135 -4 3 -64 168 7 , -180 55 285 -220 -172 195 , -9 321 -321 0 -131 -452 , 0.00012483037109294108 , 30
1.6152976028570585 , 78 -28 -244 -269 -241 -137 , 310 -222 222 0 -16 206 , -40 285 55 -220 90 227 , 428 -99 99 0 147 246 , 347 244 28 269 107 -213 , -199 3 -4 -64 -4 -172 , -135 4 -3 64 -168 -7 , 180 -55 -285 220 172 -195 , -9 321 -321 0 -131 -452 , 0.00012483037109294108 , 31
1.6152976028570585 , 78 -28 -244 -269 -241 -137 , 428 -99 99 0 147 246 , -168 -7 135 -172 -4 -64 , 310 -222 222 0 -16 206 , 347 244 28 269 107 -213 , 172 -195 -180 227 90 -220 , -55 180 195 -227 -40 285 , 4 -135 7 172 -199 3 , -9 321 -321 0 -131 -452 , 0.00012483037109294111 , 32
1.6152976028570585 , 78 -28 -244 -269 -241 -137 , 428 -99 99 0 147 246 , 168 7 -135 172 4 64 , 310 -222 222 0 -16 206 , 347 244 28 269 107 -213 , -172 195 180 -227 -90 220 , 55 -180 -195 227 40 -285 , -4 135 -7 -172 199 -3 , -9 321 -321 0 -131 -452 , 0.00012483037109294111 , 33
1.6152976028570585 , 78 -28 -244 -269 -241 -137 , 310 -222 222 0 -16 206 , -285 -55 180 -90 -227 -40 , 428 -99 99 0 147 246 , 347 244 28 269 107 -213 , -3 4 -135 4 172 -199 , -7 135 -4 -4 -64 168 , -195 -180 55 90 -220 -172 , -9 321 -321 0 -131 -452 , 0.00012483037109320248 , 34
1.6152976028570585 , 78 -28 -244 -269 -241 -137 , 310 -222 222 0 -16 206 , 285 55 -180 90 227 40 , 428 -99 99 0 147 246 , 347 244 28 269 107 -213 , 3 -4 135 -4 -172 199 , 7 -135 4 4 64 -168 , 195 180 -55 -90 220 172 , -9 321 -321 0 -131 -452 , 0.00012483037109320248 , 35
1.7282393105849099 , 131 -89 -341 -199 -181 -213 , 310 -222 222 0 -16 206 , 220 -90 -227 180 195 -172 , 428 -99 99 0 147 246 , 330 341 89 199 128 -92 , -197 65 100 -192 20 -56 , -5 -100 -65 192 -156 -45 , 40 227 90 -180 55 285 , -9 321 -321 0 -131 -452 , 0.0001248303710920915 , 0
1.7282393105849099 , 131 -89 -341 -199 -181 -213 , 310 -222 222 0 -16 206 , -220 90 227 -180 -195 172 , 428 -99 99 0 147 246 , 330 341 89 199 128 -92 , 197 -65 -100 192 -20 56 , 5 100 65 -192 156 45 , -40 -227 -90 180 -55 -285 , -9 321 -321 0 -131 -452 , 0.0001248303710920915 , 1
1.7282393105849099 , 131 -89 -341 -199 -181 -213 , 428 -99 99 0 147 246 , -65 197 -56 -45 5 100 , 310 -222 222 0 -16 206 , 330 341 89 199 128 -92 , 90 -220 -172 285 -40 -227 , -195 172 220 -285 -55 180 , -20 56 -197 45 156 -192 , -9 321 -321 0 -131 -452 , 0.00012483037109241825 , 2
1.7282393105849099 , 131 -89 -341 -199 -181 -213 , 428 -99 99 0 147 246 , 65 -197 56 45 -5 -100 , 310 -222 222 0 -16 206 , 330 341 89 199 128 -92 , -90 220 172 -285 40 227 , 195 -172 -220 285 55 -180 , 20 -56 197 -45 -156 192 , -9 321 -321 0 -131 -452 , 0.00012483037109241825 , 3
1.7282393105849099 , 131 -89 -341 -199 -181 -213 , 428 -99 99 0 147 246 , -5 -100 -65 192 -156 -45 , 310 -222 222 0 -16 206 , 330 341 89 199 128 -92 , 40 227 90 -180 55 285 , 220 -90 -227 180 195 -172 , -197 65 100 -192 20 -56 , -9 321 -321 0 -131 -452 , 0.00012483037109241828 , 4
1.7282393105849099 , 131 -89 -341 -199 -181 -213 , 428 -99 99 0 147 246 , 5 100 65 -192 156 45 , 310 -222 222 0 -16 206 , 330 341 89 199 128 -92 , -40 -227 -90 180 -55 -285 , -220 90 227 -180 -195 172 , 197 -65 -100 192 -20 56 , -9 321 -321 0 -131 -452 , 0.00012483037109241828 , 5
1.7282393105849099 , 131 -89 -341 -199 -181 -213 , 428 -99 99 0 147 246 , -100 -65 197 -156 -45 5 , 310 -222 222 0 -16 206 , 330 341 89 199 128 -92 , 227 90 -220 55 285 -40 , 172 220 -90 -55 180 195 , 56 -197 65 156 -192 20 , -9 321 -321 0 -131 -452 , 0.00012483037109254895 , 6
1.7282393105849099 , 131 -89 -341 -199 -181 -213 , 428 -99 99 0 147 246 , 100 65 -197 156 45 -5 , 310 -222 222 0 -16 206 , 330 341 89 199 128 -92 , -227 -90 220 -55 -285 40 , -172 -220 90 55 -180 -195 , -56 197 -65 -156 192 -20 , -9 321 -321 0 -131 -452 , 0.00012483037109254895 , 7
1.7282393105849099 , 131 -89 -341 -199 -181 -213 , 310 -222 222 0 -16 206 , -227 -40 285 -172 -220 90 , 428 -99 99 0 147 246 , 330 341 89 199 128 -92 , 100 5 -45 -56 197 -65 , 156 45 -5 56 -20 192 , -55 -285 40 172 -195 -180 , -9 321 -321 0 -131 -452 , 0.00012483037109254895 , 8
1.7282393105849099 , 131 -89 -341 -199 -181 -213 , 310 -222 222 0 -16 206 , 227 40 -285 172 220 -90 , 428 -99 99 0 147 246 , 330 341 89 199 128 -92 , -100 -5 45 56 -197 65 , -156 -45 5 -56 20 -192 , 55 285 -40 -172 195 180 , -9 321 -321 0 -131 -452 , 0.00012483037109254895 , 9
1.7282393105849099 , 131 -89 -341 -199 -181 -213 , 310 -222 222 0 -16 206 , -55 180 195 -227 -40 285 , 428 -99 99 0 147 246 , 330 341 89 199 128 -92 , 156 -192 20 100 5 -45 , 56 -20 192 -100 -65 197 , 172 -195 -180 227 90 -220 , -9 321 -321 0 -131 -452 , 0.00012483037109254898 , 10
1.7282393105849099 , 131 -89 -341 -199 -181 -213 , 310 -222 222 0 -16 206 , 172 220 -90 -55 180 195 , 428 -99 99 0 147 246 , 330 341 89 199 128 -92 , 56 -197 65 156 -192 20 , -100 -65 197 -156 -45 5 , 227 90 -220 55 285 -40 , -9 321 -321 0 -131 -452 , 0.00012483037109254898 , 11
1.7282393105849099 , 131 -89 -341 -199 -181 -213 , 310 -222 222 0 -16 206 , -172 -220 90 55 -180 -195 , 428 -99 99 0 147 246 , 330 341 89 199 128 -92 , -56 197 -65 -156 192 -20 , 100 65 -197 156 45 -5 , -227 -90 220 -55 -285 40 , -9 321 -321 0 -131 -452 , 0.00012483037109254898 , 12
1.7282393105849099 , 131 -89 -341 -199 -181 -213 , 310 -222 222 0 -16 206 , 55 -180 -195 227 40 -285 , 428 -99 99 0 147 246 , 330 341 89 199 128 -92 , -156 192 -20 -100 -5 45 , -56 20 -192 100 65 -197 , -172 195 180 -227 -90 220 , -9 321 -321 0 -131 -452 , 0.00012483037109254898 , 13
1.7282393105849099 , 131 -89 -341 -199 -181 -213 , 428 -99 99 0 147 246 , -20 192 -156 -65 197 -56 , 310 -222 222 0 -16 206 , 330 341 89 199 128 -92 , -195 -180 55 90 -220 -172 , -285 -55 180 -90 -227 -40 , 45 156 -192 65 100 5 , -9 321 -321 0 -131 -452 , 0.00012483037109267965 , 14
1.7282393105849099 , 131 -89 -341 -199 -181 -213 , 428 -99 99 0 147 246 , 20 -192 156 65 -197 56 , 310 -222 222 0 -16 206 , 330 341 89 199 128 -92 , 195 180 -55 -90 220 172 , 285 55 -180 90 227 40 , -45 -156 192 -65 -100 -5 , -9 321 -321 0 -131 -452 , 0.00012483037109267965 , 15
1.7282393105849099 , 131 -89 -341 -199 -181 -213 , 310 -222 222 0 -16 206 , -90 -227 -40 195 -172 -220 , 428 -99 99 0 147 246 , 330 341 89 199 128 -92 , 65 100 5 20 -56 197 , 45 -5 -100 -20 192 -156 , -285 40 227 -195 -180 55 , -9 321 -321 0 -131 -452 , 0.00012483037109267965 , 16
1.7282393105849099 , 131 -89 -341 -199 -181 -213 , 310 -222 222 0 -16 206 , 90 227 40 -195 172 220 , 428 -99 99 0 147 246 , 330 341 89 199 128 -92 , -65 -100 -5 -20 56 -197 , -45 5 100 20 -192 156 , 285 -40 -227 195 180 -55 , -9 321 -321 0 -131 -452 , 0.00012483037109267965 , 17
1.7282393105849099 , 131 -89 -341 -199 -181 -213 , 310 -222 222 0 -16 206 , -180 -195 172 40 -285 -55 , 428 -99 99 0 147 246 , 330 341 89 199 128 -92 , 192 -20 56 -5 45 156 , 197 -56 20 5 100 65 , -220 -172 195 -40 -227 -90 , -9 321 -321 0 -131 -452 , 0.00012483037109267968 , 18
1.7282393105849099 , 131 -89 -341 -199 -181 -213 , 310 -222 222 0 -16 206 , 180 195 -172 -40 285 55 , 428 -99 99 0 147 246 , 330 341 89 199 128 -92 , -192 20 -56 5 -45 -156 , -197 56 -20 -5 -100 -65 , 220 172 -195 40 227 90 , -9 321 -321 0 -131 -452 , 0.00012483037109267968 , 19
1.7282393105849099 , 131 -89 -341 -199 -181 -213 , 428 -99 99 0 147 246 , -56 20 -192 100 65 -197 , 310 -222 222 0 -16 206 , 330 341 89 199 128 -92 , -172 195 180 -227 -90 220 , 55 -180 -195 227 40 -285 , -156 192 -20 -100 -5 45 , -9 321 -321 0 -131 -452 , 0.00012483037109281038 , 20
1.7282393105849099 , 131 -89 -341 -199 -181 -213 , 428 -99 99 0 147 246 , 192 -156 -45 197 -56 20 , 310 -222 222 0 -16 206 , 330 341 89 199 128 -92 , -180 55 285 -220 -172 195 , 40 -285 -55 220 -90 -227 , -5 45 156 -197 65 100 , -9 321 -321 0 -131 -452 , 0.00012483037109281038 , 21
1.7282393105849099 , 131 -89 -341 -199 -181 -213 , 428 -99 99 0 147 246 , -192 156 45 -197 56 -20 , 310 -222 222 0 -16 206 , 330 341 89 199 128 -92 , 180 -55 -285 220 172 -195 , -40 285 55 -220 90 227 , 5 -45 -156 197 -65 -100 , -9 321 -321 0 -131 -452 , 0.00012483037109281038 , 22
1.7282393105849099 , 131 -89 -341 -199 -181 -213 , 428 -99 99 0 147 246 , 56 -20 192 -100 -65 197 , 310 -222 222 0 -16 206 , 330 341 89 199 128 -92 , 172 -195 -180 227 90 -220 , -55 180 195 -227 -40 285 , 156 -192 20 100 5 -45 , -9 321 -321 0 -131 -452 , 0.00012483037109281038 , 23
1.7282393105849099 , 131 -89 -341 -199 -181 -213 , 310 -222 222 0 -16 206 , 40 -285 -55 220 -90 -227 , 428 -99 99 0 147 246 , 330 341 89 199 128 -92 , -5 45 156 -197 65 100 , 192 -156 -45 197 -56 20 , -180 55 285 -220 -172 195 , -9 321 -321 0 -131 -452 , 0.00012483037109281038 , 24
1.7282393105849099 , 131 -89 -341 -199 -181 -213 , 310 -222 222 0 -16 206 , -40 285 55 -220 90 227 , 428 -99 99 0 147 246 , 330 341 89 199 128 -92 , 5 -45 -156 197 -65 -100 , -192 156 45 -197 56 -20 , 180 -55 -285 220 172 -195 , -9 321 -321 0 -131 -452 , 0.00012483037109281038 , 25
1.7282393105849099 , 131 -89 -341 -199 -181 -213 , 428 -99 99 0 147 246 , 197 -56 20 5 100 65 , 310 -222 222 0 -16 206 , 330 341 89 199 128 -92 , -220 -172 195 -40 -227 -90 , -180 -195 172 40 -285 -55 , 192 -20 56 -5 45 156 , -9 321 -321 0 -131 -452 , 0.00012483037109281041 , 26
1.7282393105849099 , 131 -89 -341 -199 -181 -213 , 428 -99 99 0 147 246 , -197 56 -20 -5 -100 -65 , 310 -222 222 0 -16 206 , 330 341 89 199 128 -92 , 220 172 -195 40 227 90 , 180 195 -172 -40 285 55 , -192 20 -56 5 -45 -156 , -9 321 -321 0 -131 -452 , 0.00012483037109281041 , 27
1.7282393105849099 , 131 -89 -341 -199 -181 -213 , 310 -222 222 0 -16 206 , -195 172 220 -285 -55 180 , 428 -99 99 0 147 246 , 330 341 89 199 128 -92 , -20 56 -197 45 156 -192 , -65 197 -56 -45 5 100 , 90 -220 -172 285 -40 -227 , -9 321 -321 0 -131 -452 , 0.00012483037109287573 , 28
1.7282393105849099 , 131 -89 -341 -199 -181 -213 , 310 -222 222 0 -16 206 , 195 -172 -220 285 55 -180 , 428 -99 99 0 147 246 , 330 341 89 199 128 -92 , 20 -56 197 -45 -156 192 , 65 -197 56 45 -5 -100 , -90 220 172 -285 40 227 , -9 321 -321 0 -131 -452 , 0.00012483037109287573 , 29
1.7282393105849099 , 131 -89 -341 -199 -181 -213 , 428 -99 99 0 147 246 , -156 -45 5 -56 20 -192 , 310 -222 222 0 -16 206 , 330 341 89 199 128 -92 , 55 285 -40 -172 195 180 , 227 40 -285 172 220 -90 , -100 -5 45 56 -197 65 , -9 321 -321 0 -131 -452 , 0.00012483037109294108 , 30
1.7282393105849099 , 131 -89 -341 -199 -181 -213 , 428 -99 99 0 147 246 , 156 45 -5 56 -20 192 , 310 -222 222 0 -16 206 , 330 341 89 199 128 -92 , -55 -285 40 172 -195 -180 , -227 -40 285 -172 -220 90 , 100 5 -45 -56 197 -65 , -9 321 -321 0 -131 -452 , 0.00012483037109294108 , 31
1.7282393105849099 , 131 -89 -341 -199 -181 -213 , 428 -99 99 0 147 246 , -45 5 100 20 -192 156 , 310 -222 222 0 -16 206 , 330 341 89 199 128 -92 , 285 -40 -227 195 180 -55 , 90 227 40 -195 172 220 , -65 -100 -5 -20 56 -197 , -9 321 -321 0 -131 -452 , 0.00012483037109294111 , 32
1.7282393105849099 , 131 -89 -341 -199 -181 -213 , 428 -99 99 0 147 246 , 45 -5 -100 -20 192 -156 , 310 -222 222 0 -16 206 , 330 341 89 199 128 -92 , -285 40 227 -195 -180 55 , -90 -227 -40 195 -172 -220 , 65 100 5 20 -56 197 , -9 321 -321 0 -131 -452 , 0.00012483037109294111 , 33
1.7282393105849099 , 131 -89 -341 -199 -181 -213 , 310 -222 222 0 -16 206 , -285 -55 180 -90 -227 -40 , 428 -99 99 0 147 246 , 330 341 89 199 128 -92 , 45 156 -192 65 100 5 , -20 192 -156 -65 197 -56 , -195 -180 55 90 -220 -172 , -9 321 -321 0 -131 -452 , 0.00012483037109300643 , 34
1.7282393105849099 , 131 -89 -341 -199 -181 -213 , 310 -222 222 0 -16 206 , 285 55 -180 90 227 40 , 428 -99 99 0 147 246 , 330 341 89 199 128 -92 , -45 -156 192 -65 -100 -5 , 20 -192 156 65 -197 56 , 195 180 -55 -90 220 172 , -9 321 -321 0 -131 -452 , 0.00012483037109300643 , 35
1.8550655308478916 , -19 -177 -249 -229 -315 -239 , 468 -92 92 0 174 266 , -15 -94 97 -37 -32 -23 , 270 -229 229 0 -43 186 , 210 249 177 229 10 -138 , -262 -184 196 -80 -183 -167 , -182 -196 184 80 -363 1 , 22 -97 94 37 -120 62 , -9 321 -321 0 -131 -452 , 9.6633254826674296e-05 , 0
1.8550655308478916 , -19 -177 -249 -229 -315 -239 , 468 -92 92 0 174 266 , 15 94 -97 37 32 23 , 270 -229 229 0 -43 186 , 210 249 177 229 10 -138 , 262 184 -196 80 183 167 , 182 196 -184 -80 363 -1 , -22 97 -94 -37 120 -62 , -9 321 -321 0 -131 -452 , 9.6633254826674296e-05 , 1
1.8550655308478916 , -19 -177 -249 -229 -315 -239 , 468 -92 92 0 174 266 , -97 22 -62 23 -15 -94 , 270 -229 229 0 -43 186 , 210 249 177 229 10 -138 , -196 -182 -1 167 -262 -184 , -363 1 182 -167 -183 -80 , -120 62 -22 -23 -32 -37 , -9 321 -321 0 -131 -452 , 9.6633254826729116e-05 , 2
1.8550655308478916 , -19 -177 -249 -229 -315 -239 , 468 -92 92 0 174 266 , 94 -97 22 32 23 -15 , 270 -229 229 0 -43 186 , 210 249 177 229 10 -138 , 184 -196 -182 183 167 -262 , 1 182 196 -183 -80 363 , 62 -22 97 -32 -37 120 , -9 321 -321 0 -131 -452 , 9.6633254826729116e-05 , 3
1.8550655308478916 , -19 -177 -249 -229 -315 -239 , 468 -92 92 0 174 266 , -94 97 -22 -32 -23 15 , 270 -229 229 0 -43 186 , 210 249 177 229 10 -138 , -184 196 182 -183 -167 262 , -1 -182 -196 183 80 -363 , -62 22 -97 32 37 -120 , -9 321 -321 0 -131 -452 , 9.6633254826729116e-05 , 4
1.8550655308478916 , -19 -177 -249 -229 -315 -239 , 468 -92 92 0 174 266 , 97 -22 62 -23 15 94 , 270 -229 229 0 -43 186 , 210 249 177 229 10 -138 , 196 182 1 -167 262 184 , 363 -1 -182 167 183 80 , 120 -62 22 23 32 37 , -9 321 -321 0 -131 -452 , 9.6633254826729116e-05 , 5
1.8550655308478916 , -19 -177 -249 -229 -315 -239 , 270 -229 229 0 -43 186 , 182 196 -184 -80 363 -1 , 468 -92 92 0 174 266 , 210 249 177 229 10 -138 , -22 97 -94 -37 120 -62 , 15 94 -97 37 32 23 , 262 184 -196 80 183 167 , -9 321 -321 0 -131 -452 , 9.663325482678395e-05 , 6
1.8550655308478916 , -19 -177 -249 -229 -315 -239 , 270 -229 229 0 -43 186 , -182 -196 184 80 -363 1 , 468 -92 92 0 174 266 , 210 249 177 229 10 -138 , 22 -97 94 37 -120 62 , -15 -94 97 -37 -32 -23 , -262 -184 196 -80 -183 -167 , -9 321 -321 0 -131 -452 , 9.663325482678395e-05 , 7
1.8550655308478916 , -19 -177 -249 -229 -315 -239 , 468 -92 92 0 174 266 , 37 32 23 22 -62 120 , 270 -229 229 0 -43 186 , 210 249 177 229 10 -138 , 80 183 167 -182 -1 363 , 262 -167 -183 182 196 -184 , 15 -23 -32 -22 97 -94 , -9 321 -321 0 -131 -452 , 9.6633254826893603e-05 , 8
1.8550655308478916 , -19 -177 -249 -229 -315 -239 , 468 -92 92 0 174 266 , -37 -32 -23 -22 62 -120 , 270 -229 229 0 -43 186 , 210 249 177 229 10 -138 , -80 -183 -167 182 1 -363 , -262 167 183 -182 -196 184 , -15 23 32 22 -97 94 , -9 321 -321 0 -131 -452 , 9.6633254826893603e-05 , 9
1.8550655308478916 , -19 -177 -249 -229 -315 -239 , 270 -229 229 0 -43 186 , -196 184 262 -363 1 182 , 468 -92 92 0 174 266 , 210 249 177 229 10 -138 , -97 94 15 -120 62 -22 , 23 -15 -94 120 -37 -32 , 167 -262 -184 363 -80 -183 , -9 321 -321 0 -131 -452 , 9.6633254827003257e-05 , 10
1.8550655308478916 , -19 -177 -249 -229 -315 -239 , 270 -229 229 0 -43 186 , 262 -167 -183 182 196 -184 , 468 -92 92 0 174 266 , 210 249 177 229 10 -138 , 15 -23 -32 -22 97 -94 , 37 32 23 22 -62 120 , 80 183 167 -182 -1 363 , -9 321 -321 0 -131 -452 , 9.6633254827003257e-05 , 11
1.8550655308478916 , -19 -177 -249 -229 -315 -239 , 270 -229 229 0 -43 186 , -262 167 183 -182 -196 184 , 468 -92 92 0 174 266 , 210 249 177 229 10 -138 , -15 23 32 22 -97 94 , -37 -32 -23 -22 62 -120 , -80 -183 -167 182 1 -363 , -9 321 -321 0 -131 -452 , 9.6633254827003257e-05 , 12
1.8550655308478916 , -19 -177 -249 -229 -315 -239 , 270 -229 229 0 -43 186 , 196 -184 -262 363 -1 -182 , 468 -92 92 0 174 266 , 210 249 177 229 10 -138 , 97 -94 -15 120 -62 22 , -23 15 94 -120 37 32 , -167 262 184 -363 80 183 , -9 321 -321 0 -131 -452 , 9.6633254827003257e-05 , 13
1.8550655308478916 , -19 -177 -249 -229 -315 -239 , 270 -229 229 0 -43 186 , 1 182 196 -183 -80 363 , 468 -92 92 0 174 266 , 210 249 177 229 10 -138 , 62 -22 97 -32 -37 120 , 94 -97 22 32 23 -15 , 184 -196 -182 183 167 -262 , -9 321 -321 0 -131 -452 , 9.663325482705809e-05 , 14
1.8550655308478916 , -19 -177 -249 -229 -315 -239 , 270 -229 229 0 -43 186 , -1 -182 -196 183 80 -363 , 468 -92 92 0 174 266 , 210 249 177 229 10 -138 , -62 22 -97 32 37 -120 , -94 97 -22 -32 -23 15 , -184 196 182 -183 -167 262 , -9 321 -321 0 -131 -452 , 9.663325482705809e-05 , 15
1.8550655308478916 , -19 -177 -249 -229 -315 -239 , 468 -92 92 0 174 266 , -120 37 32 -97 22 -62 , 270 -229 229 0 -43 186 , 210 249 177 229 10 -138 , -363 80 183 -196 -182 -1 , -167 -183 -80 196 -184 -262 , -23 -32 -37 97 -94 -15 , -9 321 -321 0 -131 -452 , 9.6633254827058104e-05 , 16
1.8550655308478916 , -19 -177 -249 -229 -315 -239 , 468 -92 92 0 174 266 , 120 -37 -32 97 -22 62 , 270 -229 229 0 -43 186 , 210 249 177 229 10 -138 , 363 -80 -183 196 182 1 , 167 183 80 -196 184 262 , 23 32 37 -97 94 15 , -9 321 -321 0 -131 -452 , 9.6633254827058104e-05 , 17
1.8550655308478916 , -19 -177 -249 -229 -315 -239 , 270 -229 229 0 -43 186 , -363 1 182 -167 -183 -80 , 468 -92 92 0 174 266 , 210 249 177 229 10 -138 , -120 62 -22 -23 -32 -37 , -97 22 -62 23 -15 -94 , -196 -182 -1 167 -262 -184 , -9 321 -321 0 -131 -452 , 9.663325482711291e-05 , 18
1.8550655308478916 , -19 -177 -249 -229 -315 -239 , 270 -229 229 0 -43 186 , 363 -1 -182 167 183 80 , 468 -92 92 0 174 266 , 210 249 177 229 10 -138 , 120 -62 22 23 32 37 , 97 -22 62 -23 15 94 , 196 182 1 -167 262 184 , -9 321 -321 0 -131 -452 , 9.663325482711291e-05 , 19
1.8550655308478916 , -19 -177 -249 -229 -315 -239 , 468 -92 92 0 174 266 , 32 23 -15 -62 120 -37 , 270 -229 229 0 -43 186 , 210 249 177 229 10 -138 , 183 167 -262 -1 363 -80 , 184 262 -167 1 182 196 , 94 15 -23 62 -22 97 , -9 321 -321 0 -131 -452 , 9.663325482711291e-05 , 20
1.8550655308478916 , -19 -177 -249 -229 -315 -239 , 468 -92 92 0 174 266 , -32 -23 15 62 -120 37 , 270 -229 229 0 -43 186 , 210 249 177 229 10 -138 , -183 -167 262 1 -363 80 , -184 -262 167 -1 -182 -196 , -94 -15 23 -62 22 -97 , -9 321 -321 0 -131 -452 , 9.663325482711291e-05 , 21
1.8550655308478916 , -19 -177 -249 -229 -315 -239 , 270 -229 229 0 -43 186 , 80 -363 1 262 -167 -183 , 468 -92 92 0 174 266 , 210 249 177 229 10 -138 , 37 -120 62 15 -23 -32 , 22 -62 120 -15 -94 97 , -182 -1 363 -262 -184 196 , -9 321 -321 0 -131 -452 , 9.6633254827167757e-05 , 22
1.8550655308478916 , -19 -177 -249 -229 -315 -239 , 270 -229 229 0 -43 186 , -80 363 -1 -262 167 183 , 468 -92 92 0 174 266 , 210 249 177 229 10 -138 , -37 120 -62 -15 23 32 , -22 62 -120 15 94 -97 , 182 1 -363 262 184 -196 , -9 321 -321 0 -131 -452 , 9.6633254827167757e-05 , 23
1.8550655308478916 , -19 -177 -249 -229 -315 -239 , 468 -92 92 0 174 266 , 22 -62 120 -15 -94 97 , 270 -229 229 0 -43 186 , 210 249 177 229 10 -138 , -182 -1 363 -262 -184 196 , 80 -363 1 262 -167 -183 , 37 -120 62 15 -23 -32 , -9 321 -321 0 -131 -452 , 9.6633254827222577e-05 , 24
1.8550655308478916 , -19 -177 -249 -229 -315 -239 , 468 -92 92 0 174 266 , 23 -15 -94 120 -37 -32 , 270 -229 229 0 -43 186 , 210 249 177 229 10 -138 , 167 -262 -184 363 -80 -183 , -196 184 262 -363 1 182 , -97 94 15 -120 62 -22 , -9 321 -321 0 -131 -452 , 9.6633254827222577e-05 , 25
1.8550655308478916 , -19 -177 -249 -229 -315 -239 , 468 -92 92 0 174 266 , -62 120 -37 -94 97 -22 , 270 -229 229 0 -43 186 , 210 249 177 229 10 -138 , -1 363 -80 -184 196 182 , 183 80 -363 184 262 -167 , 32 37 -120 94 15 -23 , -9 321 -321 0 -131 -452 , 9.6633254827222577e-05 , 26
1.8550655308478916 , -19 -177 -249 -229 -315 -239 , 468 -92 92 0 174 266 , 62 -120 37 94 -97 22 , 270 -229 229 0 -43 186 , 210 249 177 229 10 -138 , 1 -363 80 184 -196 -182 , -183 -80 363 -184 -262 167 , -32 -37 120 -94 -15 23 , -9 321 -321 0 -131 -452 , 9.6633254827222577e-05 , 27
1.8550655308478916 , -19 -177 -249 -229 -315 -239 , 468 -92 92 0 174 266 , -23 15 94 -120 37 32 , 270 -229 229 0 -43 186 , 210 249 177 229 10 -138 , -167 262 184 -363 80 183 , 196 -184 -262 363 -1 -182 , 97 -94 -15 120 -62 22 , -9 321 -321 0 -131 -452 , 9.6633254827222577e-05 , 28
1.8550655308478916 , -19 -177 -249 -229 -315 -239 , 468 -92 92 0 174 266 , -22 62 -120 15 94 -97 , 270 -229 229 0 -43 186 , 210 249 177 229 10 -138 , 182 1 -363 262 184 -196 , -80 363 -1 -262 167 183 , -37 120 -62 -15 23 32 , -9 321 -321 0 -131 -452 , 9.6633254827222577e-05 , 29
1.8550655308478916 , -19 -177 -249 -229 -315 -239 , 270 -229 229 0 -43 186 , -183 -80 363 -184 -262 167 , 468 -92 92 0 174 266 , 210 249 177 229 10 -138 , -32 -37 120 -94 -15 23 , 62 -120 37 94 -97 22 , 1 -363 80 184 -196 -182 , -9 321 -321 0 -131 -452 , 9.6633254827222591e-05 , 30
1.8550655308478916 , -19 -177 -249 -229 -315 -239 , 270 -229 229 0 -43 186 , 183 80 -363 184 262 -167 , 468 -92 92 0 174 266 , 210 249 177 229 10 -138 , 32 37 -120 94 15 -23 , -62 120 -37 -94 97 -22 , -1 363 -80 -184 196 182 , -9 321 -321 0 -131 -452 , 9.6633254827222591e-05 , 31
1.8550655308478916 , -19 -177 -249 -229 -315 -239 , 270 -229 229 0 -43 186 , -184 -262 167 -1 -182 -196 , 468 -92 92 0 174 266 , 210 249 177 229 10 -138 , -94 -15 23 -62 22 -97 , -32 -23 15 62 -120 37 , -183 -167 262 1 -363 80 , -9 321 -321 0 -131 -452 , 9.6633254827277411e-05 , 32
1.8550655308478916 , -19 -177 -249 -229 -315 -239 , 270 -229 229 0 -43 186 , 184 262 -167 1 182 196 , 468 -92 92 0 174 266 , 210 249 177 229 10 -138 , 94 15 -23 62 -22 97 , 32 23 -15 -62 120 -37 , 183 167 -262 -1 363 -80 , -9 321 -321 0 -131 -452 , 9.6633254827277411e-05 , 33
1.8550655308478916 , -19 -177 -249 -229 -315 -239 , 270 -229 229 0 -43 186 , -167 -183 -80 196 -184 -262 , 468 -92 92 0 174 266 , 210 249 177 229 10 -138 , -23 -32 -37 97 -94 -15 , -120 37 32 -97 22 -62 , -363 80 183 -196 -182 -1 , -9 321 -321 0 -131 -452 , 9.6633254827332231e-05 , 34
1.8550655308478916 , -19 -177 -249 -229 -315 -239 , 270 -229 229 0 -43 186 , 167 183 80 -196 184 262 , 468 -92 92 0 174 266 , 210 249 177 229 10 -138 , 23 32 37 -97 94 15 , 120 -37 -32 97 -22 62 , 363 -80 -183 196 182 1 , -9 321 -321 0 -131 -452 , 9.6633254827332231e-05 , 35
1.9710580051109925 , 119 -177 -387 -163 -174 -257 , 333 -183 183 0 28 211 , -314 1 133 -133 -143 -95 , 405 -138 138 0 103 241 , 282 387 177 163 130 3 , 64 196 -98 -23 97 125 , 87 98 -196 23 223 -99 , -181 -133 -1 133 -228 -144 , -9 321 -321 0 -131 -452 , 6.9822063007880661e-05 , 0
1.9710580051109925 , 119 -177 -387 -163 -174 -257 , 333 -183 183 0 28 211 , -95 314 -1 -228 133 143 , 405 -138 138 0 103 241 , 282 387 177 163 130 3 , 125 -64 -196 223 23 -97 , -98 196 64 -223 99 87 , 133 1 -314 228 144 -181 , -9 321 -321 0 -131 -452 , 6.9822063007880661e-05 , 1
1.9710580051109925 , 119 -177 -387 -163 -174 -257 , 333 -183 183 0 28 211 , 95 -314 1 228 -133 -143 , 405 -138 138 0 103 241 , 282 387 177 163 130 3 , -125 64 196 -223 -23 97 , 98 -196 -64 223 -99 -87 , -133 -1 314 -228 -144 181 , -9 321 -321 0 -131 -452 , 6.9822063007880661e-05 , 2
1.9710580051109925 , 119 -177 -387 -163 -174 -257 , 333 -183 183 0 28 211 , 314 -1 -133 133 143 95 , 405 -138 138 0 103 241 , 282 387 177 163 130 3 , -64 -196 98 23 -97 -125 , -87 -98 196 -23 -223 99 , 181 133 1 -133 228 144 , -9 321 -321 0 -131 -452 , 6.9822063007880661e-05 , 3
1.9710580051109925 , 119 -177 -387 -163 -174 -257 , 405 -138 138 0 103 241 , -97 23 223 -196 -64 125 , 333 -183 183 0 28 211 , 282 387 177 163 130 3 , 143 133 -228 -1 314 -95 , 144 228 -133 1 133 181 , 99 -223 -23 196 -98 -87 , -9 321 -321 0 -131 -452 , 6.9822063007902237e-05 , 4
1.9710580051109925 , 119 -177 -387 -163 -174 -257 , 405 -138 138 0 103 241 , 97 -23 -223 196 64 -125 , 333 -183 183 0 28 211 , 282 387 177 163 130 3 , -143 -133 228 1 -314 95 , -144 -228 133 -1 -133 -181 , -99 223 23 -196 98 87 , -9 321 -321 0 -131 -452 , 6.9822063007902237e-05 , 5
1.9710580051109925 , 119 -177 -387 -163 -174 -257 , 405 -138 138 0 103 241 , 23 223 -99 -64 125 97 , 333 -183 183 0 28 211 , 282 387 177 163 130 3 , 133 -228 -144 314 -95 -143 , -181 144 228 -314 1 133 , 87 99 -223 64 196 -98 , -9 321 -321 0 -131 -452 , 6.9822063007913025e-05 , 6
1.9710580051109925 , 119 -177 -387 -163 -174 -257 , 405 -138 138 0 103 241 , -23 -223 99 64 -125 -97 , 333 -183 183 0 28 211 , 282 387 177 163 130 3 , -133 228 144 -314 95 143 , 181 -144 -228 314 -1 -133 , -87 -99 223 -64 -196 98 , -9 321 -321 0 -131 -452 , 6.9822063007913025e-05 , 7
1.9710580051109925 , 119 -177 -387 -163 -174 -257 , 333 -183 183 0 28 211 , 228 -133 -143 133 181 -144 , 405 -138 138 0 103 241 , 282 387 177 163 130 3 , -223 -23 97 -98 -87 -99 , -125 -97 23 98 -196 -64 , 95 143 133 -133 -1 314 , -9 321 -321 0 -131 -452 , 6.9822063007923813e-05 , 8
1.9710580051109925 , 119 -177 -387 -163 -174 -257 , 333 -183 183 0 28 211 , -228 133 143 -133 -181 144 , 405 -138 138 0 103 241 , 282 387 177 163 130 3 , 223 23 -97 98 87 99 , 125 97 -23 -98 196 64 , -95 -143 -133 133 1 -314 , -9 321 -321 0 -131 -452 , 6.9822063007923813e-05 , 9
1.9710580051109925 , 119 -177 -387 -163 -174 -257 , 405 -138 138 0 103 241 , 98 -196 -64 223 -99 -87 , 333 -183 183 0 28 211 , 282 387 177 163 130 3 , -133 -1 314 -228 -144 181 , 95 -314 1 228 -133 -143 , -125 64 196 -223 -23 97 , -9 321 -321 0 -131 -452 , 6.9822063007923813e-05 , 10
1.9710580051109925 , 119 -177 -387 -163 -174 -257 , 405 -138 138 0 103 241 , -98 196 64 -223 99 87 , 333 -183 183 0 28 211 , 282 387 177 163 130 3 , 133 1 -314 228 144 -181 , -95 314 -1 -228 133 143 , 125 -64 -196 223 23 -97 , -9 321 -321 0 -131 -452 , 6.9822063007923813e-05 , 11
1.9710580051109925 , 119 -177 -387 -163 -174 -257 , 333 -183 183 0 28 211 , -133 -143 -95 181 -144 -228 , 405 -138 138 0 103 241 , 282 387 177 163 130 3 , -23 97 125 -87 -99 223 , 64 -125 -97 87 98 -196 , -314 95 143 -181 -133 -1 , -9 321 -321 0 -131 -452 , 6.9822063007923826e-05 , 12
1.9710580051109925 , 119 -177 -387 -163 -174 -257 , 333 -183 183 0 28 211 , 133 143 95 -181 144 228 , 405 -138 138 0 103 241 , 282 387 177 163 130 3 , 23 -97 -125 87 99 -223 , -64 125 97 -87 -98 196 , 314 -95 -143 181 133 1 , -9 321 -321 0 -131 -452 , 6.9822063007923826e-05 , 13
1.9710580051109925 , 119 -177 -387 -163 -174 -257 , 405 -138 138 0 103 241 , 99 87 98 -97 23 223 , 333 -183 183 0 28 211 , 282 387 177 163 130 3 , 144 -181 -133 143 133 -228 , 1 133 181 -143 -95 314 , 196 -98 -87 97 125 -64 , -9 321 -321 0 -131 -452 , 6.9822063007934614e-05 , 14
1.9710580051109925 , 119 -177 -387 -163 -174 -257 , 405 -138 138 0 103 241 , -99 -87 -98 97 -23 -223 , 333 -183 183 0 28 211 , 282 387 177 163 130 3 , -144 181 133 -143 -133 228 , -1 -133 -181 143 95 -314 , -196 98 87 -97 -125 64 , -9 321 -321 0 -131 -452 , 6.9822063007934614e-05 , 15
1.9710580051109925 , 119 -177 -387 -163 -174 -257 , 333 -183 183 0 28 211 , 1 133 181 -143 -95 314 , 405 -138 138 0 103 241 , 282 387 177 163 130 3 , 196 -98 -87 97 125 -64 , 99 87 98 -97 23 223 , 144 -181 -133 143 133 -228 , -9 321 -321 0 -131 -452 , 6.982206300795619e-05 , 16
1.9710580051109925 , 119 -177 -387 -163 -174 -257 , 333 -183 183 0 28 211 , 133 181 -144 -95 314 -1 , 405 -138 138 0 103 241 , 282 387 177 163 130 3 , -98 -87 -99 125 -64 -196 , -223 99 87 -125 -97 23 , 228 144 -181 95 143 133 , -9 321 -321 0 -131 -452 , 6.982206300795619e-05 , 17
1.9710580051109925 , 119 -177 -387 -163 -174 -257 , 333 -183 183 0 28 211 , 144 228 -133 1 133 181 , 405 -138 138 0 103 241 , 282 387 177 163 130 3 , 99 -223 -23 196 -98 -87 , -97 23 223 -196 -64 125 , 143 133 -228 -1 314 -95 , -9 321 -321 0 -131 -452 , 6.982206300795619e-05 , 18
1.9710580051109925 , 119 -177 -387 -163 -174 -257 , 333 -183 183 0 28 211 , -144 -228 133 -1 -133 -181 , 405 -138 138 0 103 241 , 282 387 177 163 130 3 , -99 223 23 -196 98 87 , 97 -23 -223 196 64 -125 , -143 -133 228 1 -314 95 , -9 321 -321 0 -131 -452 , 6.982206300795619e-05 , 19
1.9710580051109925 , 119 -177 -387 -163 -174 -257 , 333 -183 183 0 28 211 , -133 -181 144 95 -314 1 , 405 -138 138 0 103 241 , 282 387 177 163 130 3 , 98 87 99 -125 64 196 , 223 -99 -87 125 97 -23 , -228 -144 181 -95 -143 -133 , -9 321 -321 0 -131 -452 , 6.982206300795619e-05 , 20
1.9710580051109925 , 119 -177 -387 -163 -174 -257 , 333 -183 183 0 28 211 , -1 -133 -181 143 95 -314 , 405 -138 138 0 103 241 , 282 387 177 163 130 3 , -196 98 87 -97 -125 64 , -99 -87 -98 97 -23 -223 , -144 181 133 -143 -133 228 , -9 321 -321 0 -131 -452 , 6.982206300795619e-05 , 21
1.9710580051109925 , 119 -177 -387 -163 -174 -257 , 405 -138 138 0 103 241 , 87 98 -196 23 223 -99 , 333 -183 183 0 28 211 , 282 387 177 163 130 3 , -181 -133 -1 133 -228 -144 , -314 1 133 -133 -143 -95 , 64 196 -98 -23 97 125 , -9 321 -321 0 -131 -452 , 6.982206300795619e-05 , 22
1.9710580051109925 , 119 -177 -387 -163 -174 -257 , 405 -138 138 0 103 241 , -87 -98 196 -23 -223 99 , 333 -183 183 0 28 211 , 282 387 177 163 130 3 , 181 133 1 -133 228 144 , 314 -1 -133 133 143 95 , -64 -196 98 23 -97 -125 , -9 321 -321 0 -131 -452 , 6.982206300795619e-05 , 23
1.9710580051109925 , 119 -177 -387 -163 -174 -257 , 333 -183 183 0 28 211 , -181 144 228 -314 1 133 , 405 -138 138 0 103 241 , 282 387 177 163 130 3 , 87 99 -223 64 196 -98 , 23 223 -99 -64 125 97 , 133 -228 -144 314 -95 -143 , -9 321 -321 0 -131 -452 , 6.9822063007966964e-05 , 24
1.9710580051109925 , 119 -177 -387 -163 -174 -257 , 333 -183 183 0 28 211 , 181 -144 -228 314 -1 -133 , 405 -138 138 0 103 241 , 282 387 177 163 130 3 , -87 -99 223 -64 -196 98 , -23 -223 99 64 -125 -97 , -133 228 144 -314 95 143 , -9 321 -321 0 -131 -452 , 6.9822063007966964e-05 , 25
1.9710580051109925 , 119 -177 -387 -163 -174 -257 , 333 -183 183 0 28 211 , -143 -95 314 -144 -228 133 , 405 -138 138 0 103 241 , 282 387 177 163 130 3 , 97 125 -64 -99 223 23 , 196 64 -125 99 87 98 , 1 -314 95 144 -181 -133 , -9 321 -321 0 -131 -452 , 6.9822063007966977e-05 , 26
1.9710580051109925 , 119 -177 -387 -163 -174 -257 , 333 -183 183 0 28 211 , 143 95 -314 144 228 -133 , 405 -138 138 0 103 241 , 282 387 177 163 130 3 , -97 -125 64 99 -223 -23 , -196 -64 125 -99 -87 -98 , -1 314 -95 -144 181 133 , -9 321 -321 0 -131 -452 , 6.9822063007966977e-05 , 27
1.9710580051109925 , 119 -177 -387 -163 -174 -257 , 405 -138 138 0 103 241 , -125 -97 23 98 -196 -64 , 333 -183 183 0 28 211 , 282 387 177 163 130 3 , 95 143 133 -133 -1 314 , 228 -133 -143 133 181 -144 , -223 -23 97 -98 -87 -99 , -9 321 -321 0 -131 -452 , 6.9822063007966977e-05 , 28
1.9710580051109925 , 119 -177 -387 -163 -174 -257 , 405 -138 138 0 103 241 , -196 -64 125 -99 -87 -98 , 333 -183 183 0 28 211 , 282 387 177 163 130 3 , -1 314 -95 -144 181 133 , 143 95 -314 144 228 -133 , -97 -125 64 99 -223 -23 , -9 321 -321 0 -131 -452 , 6.9822063007966977e-05 , 29
1.9710580051109925 , 119 -177 -387 -163 -174 -257 , 405 -138 138 0 103 241 , 196 64 -125 99 87 98 , 333 -183 183 0 28 211 , 282 387 177 163 130 3 , 1 -314 95 144 -181 -133 , -143 -95 314 -144 -228 133 , 97 125 -64 -99 223 23 , -9 321 -321 0 -131 -452 , 6.9822063007966977e-05 , 30
1.9710580051109925 , 119 -177 -387 -163 -174 -257 , 405 -138 138 0 103 241 , 125 97 -23 -98 196 64 , 333 -183 183 0 28 211 , 282 387 177 163 130 3 , -95 -143 -133 133 1 -314 , -228 133 143 -133 -181 144 , 223 23 -97 98 87 99 , -9 321 -321 0 -131 -452 , 6.9822063007966977e-05 , 31
1.9710580051109925 , 119 -177 -387 -163 -174 -257 , 405 -138 138 0 103 241 , -64 125 97 -87 -98 196 , 333 -183 183 0 28 211 , 282 387 177 163 130 3 , 314 -95 -143 181 133 1 , 133 143 95 -181 144 228 , 23 -97 -125 87 99 -223 , -9 321 -321 0 -131 -452 , 6.9822063007999354e-05 , 32
1.9710580051109925 , 119 -177 -387 -163 -174 -257 , 405 -138 138 0 103 241 , 64 -125 -97 87 98 -196 , 333 -183 183 0 28 211 , 282 387 177 163 130 3 , -314 95 143 -181 -133 -1 , -133 -143 -95 181 -144 -228 , -23 97 125 -87 -99 223 , -9 321 -321 0 -131 -452 , 6.9822063007999354e-05 , 33
1.9710580051109925 , 119 -177 -387 -163 -174 -257 , 405 -138 138 0 103 241 , -223 99 87 -125 -97 23 , 333 -183 183 0 28 211 , 282 387 177 163 130 3 , 228 144 -181 95 143 133 , 133 181 -144 -95 314 -1 , -98 -87 -99 125 -64 -196 , -9 321 -321 0 -131 -452 , 6.9822063008010142e-05 , 34
1.9710580051109925 , 119 -177 -387 -163 -174 -257 , 405 -138 138 0 103 241 , 223 -99 -87 125 97 -23 , 333 -183 183 0 28 211 , 282 387 177 163 130 3 , -228 -144 181 -95 -143 -133 , -133 -181 144 95 -314 1 , 98 87 99 -125 64 196 , -9 321 -321 0 -131 -452 , 6.9822063008010142e-05 , 35
2.0681669405827114 , -81 189 -361 -452 -79 -76 , 22 -7 7 0 6 13 , -368 95 -49 -164 71 -307 , 253 -159 159 0 5 164 , 371 361 -189 452 285 -268 , 6 104 -230 35 204 -174 , -29 230 -104 -35 56 100 , -204 49 -95 164 -258 -24 , 454 166 -166 0 -11 -177 , 0.00019914511151853249 , 0
2.0681669405827114 , -81 189 -361 -452 -79 -76 , 22 -7 7 0 6 13 , 368 -95 49 164 -71 307 , 253 -159 159 0 5 164 , 371 361 -189 452 285 -268 , -6 -104 230 -35 -204 174 , 29 -230 104 35 -56 -100 , 204 -49 95 -164 258 24 , 454 166 -166 0 -11 -177 , 0.00019914511151853249 , 1
2.0681669405827114 , -81 189 -361 -452 -79 -76 , 22 -7 7 0 6 13 , -307 368 -95 -258 164 -71 , 253 -159 159 0 5 164 , 371 361 -189 452 285 -268 , -174 -6 -104 56 -35 -204 , -230 104 6 -56 -100 -29 , -49 95 -368 258 24 -204 , 454 166 -166 0 -11 -177 , 0.0001991451115185332 , 2
2.0681669405827114 , -81 189 -361 -452 -79 -76 , 22 -7 7 0 6 13 , 307 -368 95 258 -164 71 , 253 -159 159 0 5 164 , 371 361 -189 452 285 -268 , 174 6 104 -56 35 204 , 230 -104 -6 56 100 29 , 49 -95 368 -258 -24 204 , 454 166 -166 0 -11 -177 , 0.0001991451115185332 , 3
2.0681669405827114 , -81 189 -361 -452 -79 -76 , 253 -159 159 0 5 164 , -100 -29 230 -204 -35 56 , 22 -7 7 0 6 13 , 371 361 -189 452 285 -268 , 24 -204 49 -71 164 -258 , 95 -49 204 71 -307 368 , 104 -230 29 204 -174 -6 , 454 166 -166 0 -11 -177 , 0.00019914511151853393 , 4
2.0681669405827114 , -81 189 -361 -452 -79 -76 , 253 -159 159 0 5 164 , 100 29 -230 204 35 -56 , 22 -7 7 0 6 13 , 371 361 -189 452 285 -268 , -24 204 -49 71 -164 258 , -95 49 -204 -71 307 -368 , -104 230 -29 -204 174 6 , 454 166 -166 0 -11 -177 , 0.00019914511151853393 , 5
2.0681669405827114 , -81 189 -361 -452 -79 -76 , 22 -7 7 0 6 13 , -71 307 -368 24 258 -164 , 253 -159 159 0 5 164 , 371 361 -189 452 285 -268 , -204 174 6 -100 -56 35 , -104 -6 -174 100 29 -230 , -95 368 -307 -24 204 -49 , 454 166 -166 0 -11 -177 , 0.00019914511151853393 , 6
2.0681669405827114 , -81 189 -361 -452 -79 -76 , 22 -7 7 0 6 13 , 71 -307 368 -24 -258 164 , 253 -159 159 0 5 164 , 371 361 -189 452 285 -268 , 204 -174 -6 100 56 -35 , 104 6 174 -100 -29 230 , 95 -368 307 24 -204 49 , 454 166 -166 0 -11 -177 , 0.00019914511151853393 , 7
2.0681669405827114 , -81 189 -361 -452 -79 -76 , 22 -7 7 0 6 13 , -164 71 -307 204 -24 -258 , 253 -159 159 0 5 164 , 371 361 -189 452 285 -268 , 35 204 -174 29 100 56 , 6 174 -204 -29 230 -104 , -368 307 -71 -204 49 -95 , 454 166 -166 0 -11 -177 , 0.00019914511151853461 , 8
2.0681669405827114 , -81 189 -361 -452 -79 -76 , 22 -7 7 0 6 13 , 164 -71 307 -204 24 258 , 253 -159 159 0 5 164 , 371 361 -189 452 285 -268 , -35 -204 174 -29 -100 -56 , -6 -174 204 29 -230 104 , 368 -307 71 204 -49 95 , 454 166 -166 0 -11 -177 , 0.00019914511151853461 , 9
2.0681669405827114 , -81 189 -361 -452 -79 -76 , 253 -159 159 0 5 164 , -29 230 -104 -35 56 100 , 22 -7 7 0 6 13 , 371 361 -189 452 285 -268 , -204 49 -95 164 -258 -24 , -368 95 -49 -164 71 -307 , 6 104 -230 35 204 -174 , 454 166 -166 0 -11 -177 , 0.00019914511151853536 , 10
2.0681669405827114 , -81 189 -361 -452 -79 -76 , 253 -159 159 0 5 164 , 29 -230 104 35 -56 -100 , 22 -7 7 0 6 13 , 371 361 -189 452 285 -268 , 204 -49 95 -164 258 24 , 368 -95 49 164 -71 307 , -6 -104 230 -35 -204 174 , 454 166 -166 0 -11 -177 , 0.00019914511151853536 , 11
2.0681669405827114 , -81 189 -361 -452 -79 -76 , 22 -7 7 0 6 13 , -258 164 -71 49 -204 24 , 253 -159 159 0 5 164 , 371 361 -189 452 285 -268 , 56 -35 -204 230 -29 -100 , -174 204 35 -230 104 6 , -307 71 -164 -49 95 -368 , 454 166 -166 0 -11 -177 , 0.00019914511151853536 , 12
2.0681669405827114 , -81 189 -361 -452 -79 -76 , 22 -7 7 0 6 13 , 258 -164 71 -49 204 -24 , 253 -159 159 0 5 164 , 371 361 -189 452 285 -268 , -56 35 204 -230 29 100 , 174 -204 -35 230 -104 -6 , 307 -71 164 49 -95 368 , 454 166 -166 0 -11 -177 , 0.00019914511151853536 , 13
2.0681669405827114 , -81 189 -361 -452 -79 -76 , 253 -159 159 0 5 164 , -56 -100 -29 174 -204 -35 , 22 -7 7 0 6 13 , 371 361 -189 452 285 -268 , 258 24 -204 307 -71 164 , -49 204 -24 -307 368 -95 , -230 29 100 -174 -6 -104 , 454 166 -166 0 -11 -177 , 0.00019914511151853677 , 14
2.0681669405827114 , -81 189 -361 -452 -79 -76 , 253 -159 159 0 5 164 , -230 104 6 -56 -100 -29 , 22 -7 7 0 6 13 , 371 361 -189 452 285 -268 , -49 95 -368 258 24 -204 , -307 368 -95 -258 164 -71 , -174 -6 -104 56 -35 -204 , 454 166 -166 0 -11 -177 , 0.00019914511151853677 , 15
2.0681669405827114 , -81 189 -361 -452 -79 -76 , 253 -159 159 0 5 164 , 230 -104 -6 56 100 29 , 22 -7 7 0 6 13 , 371 361 -189 452 285 -268 , 49 -95 368 -258 -24 204 , 307 -368 95 258 -164 71 , 174 6 104 -56 35 204 , 454 166 -166 0 -11 -177 , 0.00019914511151853677 , 16
2.0681669405827114 , -81 189 -361 -452 -79 -76 , 253 -159 159 0 5 164 , 56 100 29 -174 204 35 , 22 -7 7 0 6 13 , 371 361 -189 452 285 -268 , -258 -24 204 -307 71 -164 , 49 -204 24 307 -368 95 , 230 -29 -100 174 6 104 , 454 166 -166 0 -11 -177 , 0.00019914511151853677 , 17
2.0681669405827114 , -81 189 -361 -452 -79 -76 , 22 -7 7 0 6 13 , -204 24 258 -368 95 -49 , 253 -159 159 0 5 164 , 371 361 -189 452 285 -268 , -29 -100 -56 6 104 -230 , -35 56 100 -6 -174 204 , 164 -258 -24 368 -307 71 , 454 166 -166 0 -11 -177 , 0.00019914511151853677 , 18
2.0681669405827114 , -81 189 -361 -452 -79 -76 , 22 -7 7 0 6 13 , 204 -24 -258 368 -95 49 , 253 -159 159 0 5 164 , 371 361 -189 452 285 -268 , 29 100 56 -6 -104 230 , 35 -56 -100 6 174 -204 , -164 258 24 -368 307 -71 , 454 166 -166 0 -11 -177 , 0.00019914511151853677 , 19
2.0681669405827114 , -81 189 -361 -452 -79 -76 , 22 -7 7 0 6 13 , 24 258 -164 95 -49 204 , 253 -159 159 0 5 164 , 371 361 -189 452 285 -268 , -100 -56 35 104 -230 29 , -204 -35 56 -104 -6 -174 , -71 164 -258 -95 368 -307 , 454 166 -166 0 -11 -177 , 0.00019914511151853745 , 20
2.0681669405827114 , -81 189 -361 -452 -79 -76 , 22 -7 7 0 6 13 , -24 -258 164 -95 49 -204 , 253 -159 159 0 5 164 , 371 361 -189 452 285 -268 , 100 56 -35 -104 230 -29 , 204 35 -56 104 6 174 , 71 -164 258 95 -368 307 , 454 166 -166 0 -11 -177 , 0.00019914511151853745 , 21
2.0681669405827114 , -81 189 -361 -452 -79 -76 , 253 -159 159 0 5 164 , -35 56 100 -6 -174 204 , 22 -7 7 0 6 13 , 371 361 -189 452 285 -268 , 164 -258 -24 368 -307 71 , -204 24 258 -368 95 -49 , -29 -100 -56 6 104 -230 , 454 166 -166 0 -11 -177 , 0.00019914511151853751 , 22
2.0681669405827114 , -81 189 -361 -452 -79 -76 , 253 -159 159 0 5 164 , 35 -56 -100 6 174 -204 , 22 -7 7 0 6 13 , 371 361 -189 452 285 -268 , -164 258 24 -368 307 -71 , 204 -24 -258 368 -95 49 , 29 100 56 -6 -104 230 , 454 166 -166 0 -11 -177 , 0.00019914511151853751 , 23
2.0681669405827114 , -81 189 -361 -452 -79 -76 , 253 -159 159 0 5 164 , -204 -35 56 -104 -6 -174 , 22 -7 7 0 6 13 , 371 361 -189 452 285 -268 , -71 164 -258 -95 368 -307 , 24 258 -164 95 -49 204 , -100 -56 35 104 -230 29 , 454 166 -166 0 -11 -177 , 0.00019914511151853821 , 24
2.0681669405827114 , -81 189 -361 -452 -79 -76 , 253 -159 159 0 5 164 , 204 35 -56 104 6 174 , 22 -7 7 0 6 13 , 371 361 -189 452 285 -268 , 71 -164 258 95 -368 307 , -24 -258 164 -95 49 -204 , 100 56 -35 -104 230 -29 , 454 166 -166 0 -11 -177 , 0.00019914511151853821 , 25
2.0681669405827114 , -81 189 -361 -452 -79 -76 , 253 -159 159 0 5 164 , 6 174 -204 -29 230 -104 , 22 -7 7 0 6 13 , 371 361 -189 452 285 -268 , -368 307 -71 -204 49 -95 , -164 71 -307 204 -24 -258 , 35 204 -174 29 100 56 , 454 166 -166 0 -11 -177 , 0.00019914511151853892 , 26
2.0681669405827114 , -81 189 -361 -452 -79 -76 , 253 -159 159 0 5 164 , -6 -174 204 29 -230 104 , 22 -7 7 0 6 13 , 371 361 -189 452 285 -268 , 368 -307 71 204 -49 95 , 164 -71 307 -204 24 258 , -35 -204 174 -29 -100 -56 , 454 166 -166 0 -11 -177 , 0.00019914511151853892 , 27
2.0681669405827114 , -81 189 -361 -452 -79 -76 , 253 -159 159 0 5 164 , 104 6 174 -100 -29 230 , 22 -7 7 0 6 13 , 371 361 -189 452 285 -268 , 95 -368 307 24 -204 49 , 71 -307 368 -24 -258 164 , 204 -174 -6 100 56 -35 , 454 166 -166 0 -11 -177 , 0.00019914511151853967 , 28
2.0681669405827114 , -81 189 -361 -452 -79 -76 , 253 -159 159 0 5 164 , -104 -6 -174 100 29 -230 , 22 -7 7 0 6 13 , 371 361 -189 452 285 -268 , -95 368 -307 -24 204 -49 , -71 307 -368 24 258 -164 , -204 174 6 -100 -56 35 , 454 166 -166 0 -11 -177 , 0.00019914511151853967 , 29
2.0681669405827114 , -81 189 -361 -452 -79 -76 , 22 -7 7 0 6 13 , 49 -204 24 307 -368 95 , 253 -159 159 0 5 164 , 371 361 -189 452 285 -268 , 230 -29 -100 174 6 104 , 56 100 29 -174 204 35 , -258 -24 204 -307 71 -164 , 454 166 -166 0 -11 -177 , 0.00019914511151854032 , 30
2.0681669405827114 , -81 189 -361 -452 -79 -76 , 22 -7 7 0 6 13 , -49 204 -24 -307 368 -95 , 253 -159 159 0 5 164 , 371 361 -189 452 285 -268 , -230 29 100 -174 -6 -104 , -56 -100 -29 174 -204 -35 , 258 24 -204 307 -71 164 , 454 166 -166 0 -11 -177 , 0.00019914511151854032 , 31
2.0681669405827114 , -81 189 -361 -452 -79 -76 , 253 -159 159 0 5 164 , 174 -204 -35 230 -104 -6 , 22 -7 7 0 6 13 , 371 361 -189 452 285 -268 , 307 -71 164 49 -95 368 , 258 -164 71 -49 204 -24 , -56 35 204 -230 29 100 , 454 166 -166 0 -11 -177 , 0.00019914511151854252 , 32
2.0681669405827114 , -81 189 -361 -452 -79 -76 , 253 -159 159 0 5 164 , -174 204 35 -230 104 6 , 22 -7 7 0 6 13 , 371 361 -189 452 285 -268 , -307 71 -164 -49 95 -368 , -258 164 -71 49 -204 24 , 56 -35 -204 230 -29 -100 , 454 166 -166 0 -11 -177 , 0.00019914511151854252 , 33
2.0681669405827114 , -81 189 -361 -452 -79 -76 , 22 -7 7 0 6 13 , 95 -49 204 71 -307 368 , 253 -159 159 0 5 164 , 371 361 -189 452 285 -268 , 104 -230 29 204 -174 -6 , -100 -29 230 -204 -35 56 , 24 -204 49 -71 164 -258 , 454 166 -166 0 -11 -177 , 0.00019914511151854252 , 34
2.0681669405827114 , -81 189 -361 -452 -79 -76 , 22 -7 7 0 6 13 , -95 49 -204 -71 307 -368 , 253 -159 159 0 5 164 , 371 361 -189 452 285 -268 , -104 230 -29 -204 174 6 , 100 29 -230 204 35 -56 , -24 204 -49 71 -164 258 , 454 166 -166 0 -11 -177 , 0.00019914511151854252 , 35
2.159112322031115 , 17 -277 -345 -138 -290 -274 , 322 -209 209 0 1 210 , 102 202 50 -189 169 214 , 416 -112 112 0 130 242 , 155 345 277 138 71 -13 , 243 -94 -37 113 56 59 , 130 37 94 -113 96 150 , 291 -50 -202 189 164 -33 , -9 321 -321 0 -131 -452 , 0.00018053471648234466 , 0
2.159112322031115 , 17 -277 -345 -138 -290 -274 , 322 -209 209 0 1 210 , -102 -202 -50 189 -169 -214 , 416 -112 112 0 130 242 , 155 345 277 138 71 -13 , -243 94 37 -113 -56 -59 , -130 -37 -94 113 -96 -150 , -291 50 202 -189 -164 33 , -9 321 -321 0 -131 -452 , 0.00018053471648234466 , 1
2.159112322031115 , 17 -277 -345 -138 -290 -274 , 322 -209 209 0 1 210 , -164 -189 169 50 -291 -33 , 416 -112 112 0 130 242 , 155 345 277 138 71 -13 , -96 113 56 -37 -130 150 , -59 -56 -113 37 94 -243 , -214 -169 189 -50 -202 -102 , -9 321 -321 0 -131 -452 , 0.00018053471648241714 , 2
2.159112322031115 , 17 -277 -345 -138 -290 -274 , 322 -209 209 0 1 210 , 164 189 -169 -50 291 33 , 416 -112 112 0 130 242 , 155 345 277 138 71 -13 , 96 -113 -56 37 130 -150 , 59 56 113 -37 -94 243 , 214 169 -189 50 202 102 , -9 321 -321 0 -131 -452 , 0.00018053471648241714 , 3
2.159112322031115 , 17 -277 -345 -138 -290 -274 , 322 -209 209 0 1 210 , -189 169 214 -291 -33 164 , 416 -112 112 0 130 242 , 155 345 277 138 71 -13 , 113 56 59 -130 150 96 , 243 -59 -56 130 37 94 , 102 -214 -169 291 -50 -202 , -9 321 -321 0 -131 -452 , 0.00018053471648241717 , 4
2.159112322031115 , 17 -277 -345 -138 -290 -274 , 322 -209 209 0 1 210 , 189 -169 -214 291 33 -164 , 416 -112 112 0 130 242 , 155 345 277 138 71 -13 , -113 -56 -59 130 -150 -96 , -243 59 56 -130 -37 -94 , -102 214 169 -291 50 202 , -9 321 -321 0 -131 -452 , 0.00018053471648241717 , 5
2.159112322031115 , 17 -277 -345 -138 -290 -274 , 322 -209 209 0 1 210 , 202 50 -291 169 214 -102 , 416 -112 112 0 130 242 , 155 345 277 138 71 -13 , -94 -37 -130 56 59 -243 , -150 130 37 -56 -113 96 , 33 291 -50 -169 189 164 , -9 321 -321 0 -131 -452 , 0.0001805347164824897 , 6
2.159112322031115 , 17 -277 -345 -138 -290 -274 , 322 -209 209 0 1 210 , -202 -50 291 -169 -214 102 , 416 -112 112 0 130 242 , 155 345 277 138 71 -13 , 94 37 130 -56 -59 243 , 150 -130 -37 56 113 -96 , -33 -291 50 169 -189 -164 , -9 321 -321 0 -131 -452 , 0.0001805347164824897 , 7
2.159112322031115 , 17 -277 -345 -138 -290 -274 , 416 -112 112 0 130 242 , -150 130 37 -56 -113 96 , 322 -209 209 0 1 210 , 155 345 277 138 71 -13 , 33 291 -50 -169 189 164 , 202 50 -291 169 214 -102 , -94 -37 -130 56 59 -243 , -9 321 -321 0 -131 -452 , 0.0001805347164824897 , 8
2.159112322031115 , 17 -277 -345 -138 -290 -274 , 416 -112 112 0 130 242 , 150 -130 -37 56 113 -96 , 322 -209 209 0 1 210 , 155 345 277 138 71 -13 , -33 -291 50 169 -189 -164 , -202 -50 291 -169 -214 102 , 94 37 130 -56 -59 243 , -9 321 -321 0 -131 -452 , 0.0001805347164824897 , 9
2.159112322031115 , 17 -277 -345 -138 -290 -274 , 322 -209 209 0 1 210 , 33 -164 -189 202 50 -291 , 416 -112 112 0 130 242 , 155 345 277 138 71 -13 , -150 -96 113 -94 -37 -130 , -56 -113 96 94 -243 59 , -169 189 164 -202 -102 214 , -9 321 -321 0 -131 -452 , 0.00018053471648256221 , 10
2.159112322031115 , 17 -277 -345 -138 -290 -274 , 322 -209 209 0 1 210 , -33 164 189 -202 -50 291 , 416 -112 112 0 130 242 , 155 345 277 138 71 -13 , 150 96 -113 94 37 130 , 56 113 -96 -94 243 -59 , 169 -189 -164 202 102 -214 , -9 321 -321 0 -131 -452 , 0.00018053471648256221 , 11
2.159112322031115 , 17 -277 -345 -138 -290 -274 , 416 -112 112 0 130 242 , 37 94 -243 96 150 -130 , 322 -209 209 0 1 210 , 155 345 277 138 71 -13 , -50 -202 -102 164 -33 -291 , -214 102 202 -164 -189 169 , -59 243 -94 -96 113 56 , -9 321 -321 0 -131 -452 , 0.00018053471648256221 , 12
2.159112322031115 , 17 -277 -345 -138 -290 -274 , 416 -112 112 0 130 242 , -37 -94 243 -96 -150 130 , 322 -209 209 0 1 210 , 155 345 277 138 71 -13 , 50 202 102 -164 33 291 , 214 -102 -202 164 189 -169 , 59 -243 94 96 -113 -56 , -9 321 -321 0 -131 -452 , 0.00018053471648256221 , 13
2.159112322031115 , 17 -277 -345 -138 -290 -274 , 322 -209 209 0 1 210 , 50 -291 -33 214 -102 -202 , 416 -112 112 0 130 242 , 155 345 277 138 71 -13 , -37 -130 150 59 -243 94 , -96 -150 130 -59 -56 -113 , -164 33 291 -214 -169 189 , -9 321 -321 0 -131 -452 , 0.00018053471648256223 , 14
2.159112322031115 , 17 -277 -345 -138 -290 -274 , 322 -209 209 0 1 210 , -50 291 33 -214 102 202 , 416 -112 112 0 130 242 , 155 345 277 138 71 -13 , 37 130 -150 -59 243 -94 , 96 150 -130 59 56 113 , 164 -33 -291 214 169 -189 , -9 321 -321 0 -131 -452 , 0.00018053471648256223 , 15
2.159112322031115 , 17 -277 -345 -138 -290 -274 , 416 -112 112 0 130 242 , 130 37 94 -113 96 150 , 322 -209 209 0 1 210 , 155 345 277 138 71 -13 , 291 -50 -202 189 164 -33 , 102 202 50 -189 169 214 , 243 -94 -37 113 56 59 , -9 321 -321 0 -131 -452 , 0.00018053471648263474 , 16
2.159112322031115 , 17 -277 -345 -138 -290 -274 , 416 -112 112 0 130 242 , -130 -37 -94 113 -96 -150 , 322 -209 209 0 1 210 , 155 345 277 138 71 -13 , -291 50 202 -189 -164 33 , -102 -202 -50 189 -169 -214 , -243 94 37 -113 -56 -59 , -9 321 -321 0 -131 -452 , 0.00018053471648263474 , 17
2.159112322031115 , 17 -277 -345 -138 -290 -274 , 416 -112 112 0 130 242 , -56 -113 96 94 -243 59 , 322 -209 209 0 1 210 , 155 345 277 138 71 -13 , -169 189 164 -202 -102 214 , 33 -164 -189 202 50 -291 , -150 -96 113 -94 -37 -130 , -9 321 -321 0 -131 -452 , 0.00018053471648270722 , 18
2.159112322031115 , 17 -277 -345 -138 -290 -274 , 416 -112 112 0 130 242 , -59 -56 -113 37 94 -243 , 322 -209 209 0 1 210 , 155 345 277 138 71 -13 , -214 -169 189 -50 -202 -102 , -164 -189 169 50 -291 -33 , -96 113 56 -37 -130 150 , -9 321 -321 0 -131 -452 , 0.00018053471648270722 , 19
2.159112322031115 , 17 -277 -345 -138 -290 -274 , 416 -112 112 0 130 242 , 59 56 113 -37 -94 243 , 322 -209 209 0 1 210 , 155 345 277 138 71 -13 , 214 169 -189 50 202 102 , 164 189 -169 -50 291 33 , 96 -113 -56 37 130 -150 , -9 321 -321 0 -131 -452 , 0.00018053471648270722 , 20
2.159112322031115 , 17 -277 -345 -138 -290 -274 , 416 -112 112 0 130 242 , 56 113 -96 -94 243 -59 , 322 -209 209 0 1 210 , 155 345 277 138 71 -13 , 169 -189 -164 202 102 -214 , -33 164 189 -202 -50 291 , 150 96 -113 94 37 130 , -9 321 -321 0 -131 -452 , 0.00018053471648270722 , 21
2.159112322031115 , 17 -277 -345 -138 -290 -274 , 322 -209 209 0 1 210 , -214 102 202 -164 -189 169 , 416 -112 112 0 130 242 , 155 345 277 138 71 -13 , -59 243 -94 -96 113 56 , 37 94 -243 96 150 -130 , -50 -202 -102 164 -33 -291 , -9 321 -321 0 -131 -452 , 0.00018053471648277975 , 22
2.159112322031115 , 17 -277 -345 -138 -290 -274 , 322 -209 209 0 1 210 , -169 -214 102 33 -164 -189 , 416 -112 112 0 130 242 , 155 345 277 138 71 -13 , -56 -59 243 -150 -96 113 , 94 -243 59 150 -130 -37 , -202 -102 214 -33 -291 50 , -9 321 -321 0 -131 -452 , 0.00018053471648277975 , 23
2.159112322031115 , 17 -277 -345 -138 -290 -274 , 322 -209 209 0 1 210 , 169 214 -102 -33 164 189 , 416 -112 112 0 130 242 , 155 345 277 138 71 -13 , 56 59 -243 150 96 -113 , -94 243 -59 -150 130 37 , 202 102 -214 33 291 -50 , -9 321 -321 0 -131 -452 , 0.00018053471648277975 , 24
2.159112322031115 , 17 -277 -345 -138 -290 -274 , 322 -209 209 0 1 210 , 214 -102 -202 164 189 -169 , 416 -112 112 0 130 242 , 155 345 277 138 71 -13 , 59 -243 94 96 -113 -56 , -37 -94 243 -96 -150 130 , 50 202 102 -164 33 291 , -9 321 -321 0 -131 -452 , 0.00018053471648277975 , 25
2.159112322031115 , 17 -277 -345 -138 -290 -274 , 416 -112 112 0 130 242 , 94 -243 59 150 -130 -37 , 322 -209 209 0 1 210 , 155 345 277 138 71 -13 , -202 -102 214 -33 -291 50 , -169 -214 102 33 -164 -189 , -56 -59 243 -150 -96 113 , -9 321 -321 0 -131 -452 , 0.00018053471648277975 , 26
2.159112322031115 , 17 -277 -345 -138 -290 -274 , 416 -112 112 0 130 242 , 96 150 -130 59 56 113 , 322 -209 209 0 1 210 , 155 345 277 138 71 -13 , 164 -33 -291 214 169 -189 , -50 291 33 -214 102 202 , 37 130 -150 -59 243 -94 , -9 321 -321 0 -131 -452 , 0.00018053471648277975 , 27
2.159112322031115 , 17 -277 -345 -138 -290 -274 , 416 -112 112 0 130 242 , -96 -150 130 -59 -56 -113 , 322 -209 209 0 1 210 , 155 345 277 138 71 -13 , -164 33 291 -214 -169 189 , 50 -291 -33 214 -102 -202 , -37 -130 150 59 -243 94 , -9 321 -321 0 -131 -452 , 0.00018053471648277975 , 28
2.159112322031115 , 17 -277 -345 -138 -290 -274 , 416 -112 112 0 130 242 , -94 243 -59 -150 130 37 , 322 -209 209 0 1 210 , 155 345 277 138 71 -13 , 202 102 -214 33 291 -50 , 169 214 -102 -33 164 189 , 56 59 -243 150 96 -113 , -9 321 -321 0 -131 -452 , 0.00018053471648277975 , 29
2.159112322031115 , 17 -277 -345 -138 -290 -274 , 416 -112 112 0 130 242 , -113 96 150 -243 59 56 , 322 -209 209 0 1 210 , 155 345 277 138 71 -13 , 189 164 -33 -102 214 169 , 291 33 -164 102 202 50 , 130 -150 -96 243 -94 -37 , -9 321 -321 0 -131 -452 , 0.00018053471648285223 , 30
2.159112322031115 , 17 -277 -345 -138 -290 -274 , 416 -112 112 0 130 242 , 113 -96 -150 243 -59 -56 , 322 -209 209 0 1 210 , 155 345 277 138 71 -13 , -189 -164 33 102 -214 -169 , -291 -33 164 -102 -202 -50 , -130 150 96 -243 94 37 , -9 321 -321 0 -131 -452 , 0.00018053471648285223 , 31
2.159112322031115 , 17 -277 -345 -138 -290 -274 , 322 -209 209 0 1 210 , -291 -33 164 -102 -202 -50 , 416 -112 112 0 130 242 , 155 345 277 138 71 -13 , -130 150 96 -243 94 37 , 113 -96 -150 243 -59 -56 , -189 -164 33 102 -214 -169 , -9 321 -321 0 -131 -452 , 0.00018053471648285229 , 32
2.159112322031115 , 17 -277 -345 -138 -290 -274 , 322 -209 209 0 1 210 , 291 33 -164 102 202 50 , 416 -112 112 0 130 242 , 155 345 277 138 71 -13 , 130 -150 -96 243 -94 -37 , -113 96 150 -243 59 56 , 189 164 -33 -102 214 169 , -9 321 -321 0 -131 -452 , 0.00018053471648285229 , 33
2.159112322031115 , 17 -277 -345 -138 -290 -274 , 416 -112 112 0 130 242 , -243 59 56 -130 -37 -94 , 322 -209 209 0 1 210 , 155 345 277 138 71 -13 , -102 214 169 -291 50 202 , 189 -169 -214 291 33 -164 , -113 -56 -59 130 -150 -96 , -9 321 -321 0 -131 -452 , 0.0001805347164829973 , 34
2.159112322031115 , 17 -277 -345 -138 -290 -274 , 416 -112 112 0 130 242 , 243 -59 -56 130 37 94 , 322 -209 209 0 1 210 , 155 345 277 138 71 -13 , 102 -214 -169 291 -50 -202 , -189 169 214 -291 -33 164 , 113 56 59 -130 150 96 , -9 321 -321 0 -131 -452 , 0.0001805347164829973 , 35
2.2641861725388504 , 56 -95 -338 -291 -148 -107 , 357 -157 157 0 62 219 , 141 45 -300 211 132 -113 , 381 -164 164 0 69 233 , 347 338 95 291 231 -53 , -127 55 185 -113 -173 177 , -14 -185 -55 113 -8 -228 , -70 300 -45 -211 187 87 , -9 321 -321 0 -131 -452 , 0.00013512658522173455 , 0
2.2641861725388504 , 56 -95 -338 -291 -148 -107 , 357 -157 157 0 62 219 , -141 -45 300 -211 -132 113 , 381 -164 164 0 69 233 , 347 338 95 291 231 -53 , 127 -55 -185 113 173 -177 , 14 185 55 -113 8 228 , 70 -300 45 211 -187 -87 , -9 321 -321 0 -131 -452 , 0.00013512658522173455 , 1
2.2641861725388504 , 56 -95 -338 -291 -148 -107 , 357 -157 157 0 62 219 , 45 -300 70 132 -113 -141 , 381 -164 164 0 69 233 , 347 338 95 291 231 -53 , 55 185 14 -173 177 127 , 228 -14 -185 173 113 -8 , -87 -70 300 -132 -211 187 , -9 321 -321 0 -131 -452 , 0.00013512658522180199 , 2
2.2641861725388504 , 56 -95 -338 -291 -148 -107 , 357 -157 157 0 62 219 , -45 300 -70 -132 113 141 , 381 -164 164 0 69 233 , 347 338 95 291 231 -53 , -55 -185 -14 173 -177 -127 , -228 14 185 -173 -113 8 , 87 70 -300 132 211 -187 , -9 321 -321 0 -131 -452 , 0.00013512658522180199 , 3
2.2641861725388504 , 56 -95 -338 -291 -148 -107 , 381 -164 164 0 69 233 , -14 -185 -55 113 -8 -228 , 357 -157 157 0 62 219 , 347 338 95 291 231 -53 , -70 300 -45 -211 187 87 , 141 45 -300 211 132 -113 , -127 55 185 -113 -173 177 , -9 321 -321 0 -131 -452 , 0.00013512658522180199 , 4
2.2641861725388504 , 56 -95 -338 -291 -148 -107 , 381 -164 164 0 69 233 , 14 185 55 -113 8 228 , 357 -157 157 0 62 219 , 347 338 95 291 231 -53 , 70 -300 45 211 -187 -87 , -141 -45 300 -211 -132 113 , 127 -55 -185 113 173 -177 , -9 321 -321 0 -131 -452 , 0.00013512658522180199 , 5
2.2641861725388504 , 56 -95 -338 -291 -148 -107 , 381 -164 164 0 69 233 , -228 14 185 -173 -113 8 , 357 -157 157 0 62 219 , 347 338 95 291 231 -53 , 87 70 -300 132 211 -187 , -45 300 -70 -132 113 141 , -55 -185 -14 173 -177 -127 , -9 321 -321 0 -131 -452 , 0.00013512658522186945 , 6
2.2641861725388504 , 56 -95 -338 -291 -148 -107 , 381 -164 164 0 69 233 , 113 -8 -228 127 177 -173 , 357 -157 157 0 62 219 , 347 338 95 291 231 -53 , -211 187 87 -141 -113 132 , -70 -87 -187 141 45 -300 , -14 228 8 -127 55 185 , -9 321 -321 0 -131 -452 , 0.00013512658522186945 , 7
2.2641861725388504 , 56 -95 -338 -291 -148 -107 , 381 -164 164 0 69 233 , -113 8 228 -127 -177 173 , 357 -157 157 0 62 219 , 347 338 95 291 231 -53 , 211 -187 -87 141 113 -132 , 70 87 187 -141 -45 300 , 14 -228 -8 127 -55 -185 , -9 321 -321 0 -131 -452 , 0.00013512658522186945 , 8
2.2641861725388504 , 56 -95 -338 -291 -148 -107 , 381 -164 164 0 69 233 , 228 -14 -185 173 113 -8 , 357 -157 157 0 62 219 , 347 338 95 291 231 -53 , -87 -70 300 -132 -211 187 , 45 -300 70 132 -113 -141 , 55 185 14 -173 177 127 , -9 321 -321 0 -131 -452 , 0.00013512658522186945 , 9
2.2641861725388504 , 56 -95 -338 -291 -148 -107 , 381 -164 164 0 69 233 , -185 -55 127 -8 -228 14 , 357 -157 157 0 62 219 , 347 338 95 291 231 -53 , 300 -45 -141 187 87 70 , 113 141 45 -187 211 132 , -177 -127 55 8 -113 -173 , -9 321 -321 0 -131 -452 , 0.00013512658522193686 , 10
2.2641861725388504 , 56 -95 -338 -291 -148 -107 , 381 -164 164 0 69 233 , 185 55 -127 8 228 -14 , 357 -157 157 0 62 219 , 347 338 95 291 231 -53 , -300 45 141 -187 -87 -70 , -113 -141 -45 187 -211 -132 , 177 127 -55 -8 113 173 , -9 321 -321 0 -131 -452 , 0.00013512658522193686 , 11
2.2641861725388504 , 56 -95 -338 -291 -148 -107 , 357 -157 157 0 62 219 , 113 141 45 -187 211 132 , 381 -164 164 0 69 233 , 347 338 95 291 231 -53 , -177 -127 55 8 -113 -173 , -185 -55 127 -8 -228 14 , 300 -45 -141 187 87 70 , -9 321 -321 0 -131 -452 , 0.00013512658522200433 , 12
2.2641861725388504 , 56 -95 -338 -291 -148 -107 , 357 -157 157 0 62 219 , -113 -141 -45 187 -211 -132 , 381 -164 164 0 69 233 , 347 338 95 291 231 -53 , 177 127 -55 -8 113 173 , 185 55 -127 8 228 -14 , -300 45 141 -187 -87 -70 , -9 321 -321 0 -131 -452 , 0.00013512658522200433 , 13
2.2641861725388504 , 56 -95 -338 -291 -148 -107 , 381 -164 164 0 69 233 , -55 127 177 -228 14 185 , 357 -157 157 0 62 219 , 347 338 95 291 231 -53 , -45 -141 -113 87 70 -300 , -132 113 141 -87 -187 211 , 173 -177 -127 228 8 -113 , -9 321 -321 0 -131 -452 , 0.00013512658522207176 , 14
2.2641861725388504 , 56 -95 -338 -291 -148 -107 , 381 -164 164 0 69 233 , 55 -127 -177 228 -14 -185 , 357 -157 157 0 62 219 , 347 338 95 291 231 -53 , 45 141 113 -87 -70 300 , 132 -113 -141 87 187 -211 , -173 177 127 -228 -8 113 , -9 321 -321 0 -131 -452 , 0.00013512658522207176 , 15
2.2641861725388504 , 56 -95 -338 -291 -148 -107 , 357 -157 157 0 62 219 , -211 -132 113 -70 -87 -187 , 381 -164 164 0 69 233 , 347 338 95 291 231 -53 , 113 173 -177 -14 228 8 , 127 177 -173 14 185 55 , -141 -113 132 70 -300 45 , -9 321 -321 0 -131 -452 , 0.00013512658522213923 , 16
2.2641861725388504 , 56 -95 -338 -291 -148 -107 , 357 -157 157 0 62 219 , 211 132 -113 70 87 187 , 381 -164 164 0 69 233 , 347 338 95 291 231 -53 , -113 -173 177 14 -228 -8 , -127 -177 173 -14 -185 -55 , 141 113 -132 -70 300 -45 , -9 321 -321 0 -131 -452 , 0.00013512658522213923 , 17
2.2641861725388504 , 56 -95 -338 -291 -148 -107 , 381 -164 164 0 69 233 , -8 -228 14 177 -173 -113 , 357 -157 157 0 62 219 , 347 338 95 291 231 -53 , 187 87 70 -113 132 211 , 300 -70 -87 113 141 45 , -185 -14 228 -177 -127 55 , -9 321 -321 0 -131 -452 , 0.00013512658522220664 , 18
2.2641861725388504 , 56 -95 -338 -291 -148 -107 , 381 -164 164 0 69 233 , 8 228 -14 -177 173 113 , 357 -157 157 0 62 219 , 347 338 95 291 231 -53 , -187 -87 -70 113 -132 -211 , -300 70 87 -113 -141 -45 , 185 14 -228 177 127 -55 , -9 321 -321 0 -131 -452 , 0.00013512658522220664 , 19
2.2641861725388504 , 56 -95 -338 -291 -148 -107 , 357 -157 157 0 62 219 , -187 211 132 -300 70 87 , 381 -164 164 0 69 233 , 347 338 95 291 231 -53 , 8 -113 -173 185 14 -228 , -177 173 113 -185 -55 127 , 113 -132 -211 300 -45 -141 , -9 321 -321 0 -131 -452 , 0.00013512658522220667 , 20
2.2641861725388504 , 56 -95 -338 -291 -148 -107 , 357 -157 157 0 62 219 , -300 70 87 -113 -141 -45 , 381 -164 164 0 69 233 , 347 338 95 291 231 -53 , 185 14 -228 177 127 -55 , 8 228 -14 -177 173 113 , -187 -87 -70 113 -132 -211 , -9 321 -321 0 -131 -452 , 0.00013512658522220667 , 21
2.2641861725388504 , 56 -95 -338 -291 -148 -107 , 357 -157 157 0 62 219 , 300 -70 -87 113 141 45 , 381 -164 164 0 69 233 , 347 338 95 291 231 -53 , -185 -14 228 -177 -127 55 , -8 -228 14 177 -173 -113 , 187 87 70 -113 132 211 , -9 321 -321 0 -131 -452 , 0.00013512658522220667 , 22
2.2641861725388504 , 56 -95 -338 -291 -148 -107 , 357 -157 157 0 62 219 , 187 -211 -132 300 -70 -87 , 381 -164 164 0 69 233 , 347 338 95 291 231 -53 , -8 113 173 -185 -14 228 , 177 -173 -113 185 55 -127 , -113 132 211 -300 45 141 , -9 321 -321 0 -131 -452 , 0.00013512658522220667 , 23
2.2641861725388504 , 56 -95 -338 -291 -148 -107 , 381 -164 164 0 69 233 , -177 173 113 -185 -55 127 , 357 -157 157 0 62 219 , 347 338 95 291 231 -53 , 113 -132 -211 300 -45 -141 , -187 211 132 -300 70 87 , 8 -113 -173 185 14 -228 , -9 321 -321 0 -131 -452 , 0.00013512658522220667 , 24
2.2641861725388504 , 56 -95 -338 -291 -148 -107 , 381 -164 164 0 69 233 , 177 -173 -113 185 55 -127 , 357 -157 157 0 62 219 , 347 338 95 291 231 -53 , -113 132 211 -300 45 141 , 187 -211 -132 300 -70 -87 , -8 113 173 -185 -14 228 , -9 321 -321 0 -131 -452 , 0.00013512658522220667 , 25
2.2641861725388504 , 56 -95 -338 -291 -148 -107 , 357 -157 157 0 62 219 , -87 -187 211 45 -300 70 , 381 -164 164 0 69 233 , 347 338 95 291 231 -53 , 228 8 -113 55 185 14 , 173 113 -8 -55 127 177 , -132 -211 187 -45 -141 -113 , -9 321 -321 0 -131 -452 , 0.00013512658522227408 , 26
2.2641861725388504 , 56 -95 -338 -291 -148 -107 , 357 -157 157 0 62 219 , -132 113 141 -87 -187 211 , 381 -164 164 0 69 233 , 347 338 95 291 231 -53 , 173 -177 -127 228 8 -113 , -55 127 177 -228 14 185 , -45 -141 -113 87 70 -300 , -9 321 -321 0 -131 -452 , 0.00013512658522227408 , 27
2.2641861725388504 , 56 -95 -338 -291 -148 -107 , 357 -157 157 0 62 219 , 132 -113 -141 87 187 -211 , 381 -164 164 0 69 233 , 347 338 95 291 231 -53 , -173 177 127 -228 -8 113 , 55 -127 -177 228 -14 -185 , 45 141 113 -87 -70 300 , -9 321 -321 0 -131 -452 , 0.00013512658522227408 , 28
2.2641861725388504 , 56 -95 -338 -291 -148 -107 , 357 -157 157 0 62 219 , 87 187 -211 -45 300 -70 , 381 -164 164 0 69 233 , 347 338 95 291 231 -53 , -228 -8 113 -55 -185 -14 , -173 -113 8 55 -127 -177 , 132 211 -187 45 141 113 , -9 321 -321 0 -131 -452 , 0.00013512658522227408 , 29
2.2641861725388504 , 56 -95 -338 -291 -148 -107 , 381 -164 164 0 69 233 , 173 113 -8 -55 127 177 , 357 -157 157 0 62 219 , 347 338 95 291 231 -53 , -132 -211 187 -45 -141 -113 , -87 -187 211 45 -300 70 , 228 8 -113 55 185 14 , -9 321 -321 0 -131 -452 , 0.0001351265852222741 , 30
2.2641861725388504 , 56 -95 -338 -291 -148 -107 , 381 -164 164 0 69 233 , -173 -113 8 55 -127 -177 , 357 -157 157 0 62 219 , 347 338 95 291 231 -53 , 132 211 -187 45 141 113 , 87 187 -211 -45 300 -70 , -228 -8 113 -55 -185 -14 , -9 321 -321 0 -131 -452 , 0.0001351265852222741 , 31
2.2641861725388504 , 56 -95 -338 -291 -148 -107 , 381 -164 164 0 69 233 , 127 177 -173 14 185 55 , 357 -157 157 0 62 219 , 347 338 95 291 231 -53 , -141 -113 132 70 -300 45 , -211 -132 113 -70 -87 -187 , 113 173 -177 -14 228 8 , -9 321 -321 0 -131 -452 , 0.00013512658522240901 , 32
2.2641861725388504 , 56 -95 -338 -291 -148 -107 , 381 -164 164 0 69 233 , -127 -177 173 -14 -185 -55 , 357 -157 157 0 62 219 , 347 338 95 291 231 -53 , 141 113 -132 -70 300 -45 , 211 132 -113 70 87 187 , -113 -173 177 14 -228 -8 , -9 321 -321 0 -131 -452 , 0.00013512658522240901 , 33
2.2641861725388504 , 56 -95 -338 -291 -148 -107 , 357 -157 157 0 62 219 , -70 -87 -187 141 45 -300 , 381 -164 164 0 69 233 , 347 338 95 291 231 -53 , -14 228 8 -127 55 185 , 113 -8 -228 127 177 -173 , -211 187 87 -141 -113 132 , -9 321 -321 0 -131 -452 , 0.00013512658522247642 , 34
2.2641861725388504 , 56 -95 -338 -291 -148 -107 , 357 -157 157 0 62 219 , 70 87 187 -141 -45 300 , 381 -164 164 0 69 233 , 347 338 95 291 231 -53 , 14 -228 -8 127 -55 -185 , -113 8 228 -127 -177 173 , 211 -187 -87 141 113 -132 , -9 321 -321 0 -131 -452 , 0.00013512658522247642 , 35
2.3773794421663266 , -131 -159 -181 -366 -314 -83 , 322 -209 209 0 1 210 , 33 291 -50 -169 189 164 , 416 -112 112 0 130 242 , 235 181 159 366 98 -155 , -96 113 56 -37 -130 150 , -59 -56 -113 37 94 -243 , 202 50 -291 169 214 -102 , -9 321 -321 0 -131 -452 , 0.00018053471648212712 , 0
2.3773794421663266 , -131 -159 -181 -366 -314 -83 , 322 -209 209 0 1 210 , -33 -291 50 169 -189 -164 , 416 -112 112 0 130 242 , 235 181 159 366 98 -155 , 96 -113 -56 37 130 -150 , 59 56 113 -37 -94 243 , -202 -50 291 -169 -214 102 , -9 321 -321 0 -131 -452 , 0.00018053471648212712 , 1
2.3773794421663266 , -131 -159 -181 -366 -314 -83 , 416 -112 112 0 130 242 , -56 -113 96 94 -243 59 , 322 -209 209 0 1 210 , 235 181 159 366 98 -155 , 50 -291 -33 214 -102 -202 , -164 33 291 -214 -169 189 , -150 -96 113 -94 -37 -130 , -9 321 -321 0 -131 -452 , 0.00018053471648227216 , 2
2.3773794421663266 , -131 -159 -181 -366 -314 -83 , 416 -112 112 0 130 242 , -59 -56 -113 37 94 -243 , 322 -209 209 0 1 210 , 235 181 159 366 98 -155 , 202 50 -291 169 214 -102 , 33 291 -50 -169 189 164 , -96 113 56 -37 -130 150 , -9 321 -321 0 -131 -452 , 0.00018053471648227216 , 3
2.3773794421663266 , -131 -159 -181 -366 -314 -83 , 416 -112 112 0 130 242 , 59 56 113 -37 -94 243 , 322 -209 209 0 1 210 , 235 181 159 366 98 -155 , -202 -50 291 -169 -214 102 , -33 -291 50 169 -189 -164 , 96 -113 -56 37 130 -150 , -9 321 -321 0 -131 -452 , 0.00018053471648227216 , 4
2.3773794421663266 , -131 -159 -181 -366 -314 -83 , 416 -112 112 0 130 242 , 56 113 -96 -94 243 -59 , 322 -209 209 0 1 210 , 235 181 159 366 98 -155 , -50 291 33 -214 102 202 , 164 -33 -291 214 169 -189 , 150 96 -113 94 37 130 , -9 321 -321 0 -131 -452 , 0.00018053471648227216 , 5
2.3773794421663266 , -131 -159 -181 -366 -314 -83 , 322 -209 209 0 1 210 , -291 50 202 -189 -164 33 , 416 -112 112 0 130 242 , 235 181 159 366 98 -155 , -113 -56 -59 130 -150 -96 , -243 59 56 -130 -37 -94 , -102 -202 -50 189 -169 -214 , -9 321 -321 0 -131 -452 , 0.00018053471648241717 , 6
2.3773794421663266 , -131 -159 -181 -366 -314 -83 , 322 -209 209 0 1 210 , 291 -50 -202 189 164 -33 , 416 -112 112 0 130 242 , 235 181 159 366 98 -155 , 113 56 59 -130 150 96 , 243 -59 -56 130 37 94 , 102 202 50 -189 169 214 , -9 321 -321 0 -131 -452 , 0.00018053471648241717 , 7
2.3773794421663266 , -131 -159 -181 -366 -314 -83 , 322 -209 209 0 1 210 , -164 33 291 -214 -169 189 , 416 -112 112 0 130 242 , 235 181 159 366 98 -155 , -150 -96 113 -94 -37 -130 , -56 -113 96 94 -243 59 , 50 -291 -33 214 -102 -202 , -9 321 -321 0 -131 -452 , 0.00018053471648256221 , 8
2.3773794421663266 , -131 -159 -181 -366 -314 -83 , 322 -209 209 0 1 210 , 164 -33 -291 214 169 -189 , 416 -112 112 0 130 242 , 235 181 159 366 98 -155 , 150 96 -113 94 37 130 , 56 113 -96 -94 243 -59 , -50 291 33 -214 102 202 , -9 321 -321 0 -131 -452 , 0.00018053471648256221 , 9
2.3773794421663266 , -131 -159 -181 -366 -314 -83 , 416 -112 112 0 130 242 , -113 96 150 -243 59 56 , 322 -209 209 0 1 210 , 235 181 159 366 98 -155 , -291 -33 164 -102 -202 -50 , -189 -164 33 102 -214 -169 , 130 -150 -96 243 -94 -37 , -9 321 -321 0 -131 -452 , 0.00018053471648256221 , 10
2.3773794421663266 , -131 -159 -181 -366 -314 -83 , 416 -112 112 0 130 242 , 37 94 -243 96 150 -130 , 322 -209 209 0 1 210 , 235 181 159 366 98 -155 , 169 214 -102 -33 164 189 , 202 102 -214 33 291 -50 , -59 243 -94 -96 113 56 , -9 321 -321 0 -131 -452 , 0.00018053471648256221 , 11
2.3773794421663266 , -131 -159 -181 -366 -314 -83 , 416 -112 112 0 130 242 , -37 -94 243 -96 -150 130 , 322 -209 209 0 1 210 , 235 181 159 366 98 -155 , -169 -214 102 33 -164 -189 , -202 -102 214 -33 -291 50 , 59 -243 94 96 -113 -56 , -9 321 -321 0 -131 -452 , 0.00018053471648256221 , 12
2.3773794421663266 , -131 -159 -181 -366 -314 -83 , 416 -112 112 0 130 242 , 113 -96 -150 243 -59 -56 , 322 -209 209 0 1 210 , 235 181 159 366 98 -155 , 291 33 -164 102 202 50 , 189 164 -33 -102 214 169 , -130 150 96 -243 94 37 , -9 321 -321 0 -131 -452 , 0.00018053471648256221 , 13
2.3773794421663266 , -131 -159 -181 -366 -314 -83 , 416 -112 112 0 130 242 , -243 59 56 -130 -37 -94 , 322 -209 209 0 1 210 , 235 181 159 366 98 -155 , -102 -202 -50 189 -169 -214 , -291 50 202 -189 -164 33 , -113 -56 -59 130 -150 -96 , -9 321 -321 0 -131 -452 , 0.00018053471648256223 , 14
2.3773794421663266 , -131 -159 -181 -366 -314 -83 , 416 -112 112 0 130 242 , 243 -59 -56 130 37 94 , 322 -209 209 0 1 210 , 235 181 159 366 98 -155 , 102 202 50 -189 169 214 , 291 -50 -202 189 164 -33 , 113 56 59 -130 150 96 , -9 321 -321 0 -131 -452 , 0.00018053471648256223 , 15
2.3773794421663266 , -131 -159 -181 -366 -314 -83 , 416 -112 112 0 130 242 , 130 37 94 -113 96 150 , 322 -209 209 0 1 210 , 235 181 159 366 98 -155 , -189 169 214 -291 -33 164 , 102 -214 -169 291 -50 -202 , 243 -94 -37 113 56 59 , -9 321 -321 0 -131 -452 , 0.00018053471648263474 , 16
2.3773794421663266 , -131 -159 -181 -366 -314 -83 , 416 -112 112 0 130 242 , -130 -37 -94 113 -96 -150 , 322 -209 209 0 1 210 , 235 181 159 366 98 -155 , 189 -169 -214 291 33 -164 , -102 214 169 -291 50 202 , -243 94 37 -113 -56 -59 , -9 321 -321 0 -131 -452 , 0.00018053471648263474 , 17
2.3773794421663266 , -131 -159 -181 -366 -314 -83 , 322 -209 209 0 1 210 , 102 -214 -169 291 -50 -202 , 416 -112 112 0 130 242 , 235 181 159 366 98 -155 , 243 -94 -37 113 56 59 , 130 37 94 -113 96 150 , -189 169 214 -291 -33 164 , -9 321 -321 0 -131 -452 , 0.00018053471648277975 , 18
2.3773794421663266 , -131 -159 -181 -366 -314 -83 , 322 -209 209 0 1 210 , -102 214 169 -291 50 202 , 416 -112 112 0 130 242 , 235 181 159 366 98 -155 , -243 94 37 -113 -56 -59 , -130 -37 -94 113 -96 -150 , 189 -169 -214 291 33 -164 , -9 321 -321 0 -131 -452 , 0.00018053471648277975 , 19
2.3773794421663266 , -131 -159 -181 -366 -314 -83 , 416 -112 112 0 130 242 , -150 130 37 -56 -113 96 , 322 -209 209 0 1 210 , 235 181 159 366 98 -155 , -164 -189 169 50 -291 -33 , -214 -169 189 -50 -202 -102 , -94 -37 -130 56 59 -243 , -9 321 -321 0 -131 -452 , 0.00018053471648277975 , 20
2.3773794421663266 , -131 -159 -181 -366 -314 -83 , 416 -112 112 0 130 242 , 96 150 -130 59 56 113 , 322 -209 209 0 1 210 , 235 181 159 366 98 -155 , -33 164 189 -202 -50 291 , 169 -189 -164 202 102 -214 , 37 130 -150 -59 243 -94 , -9 321 -321 0 -131 -452 , 0.00018053471648277975 , 21
2.3773794421663266 , -131 -159 -181 -366 -314 -83 , 416 -112 112 0 130 242 , -96 -150 130 -59 -56 -113 , 322 -209 209 0 1 210 , 235 181 159 366 98 -155 , 33 -164 -189 202 50 -291 , -169 189 164 -202 -102 214 , -37 -130 150 59 -243 94 , -9 321 -321 0 -131 -452 , 0.00018053471648277975 , 22
2.3773794421663266 , -131 -159 -181 -366 -314 -83 , 416 -112 112 0 130 242 , 150 -130 -37 56 113 -96 , 322 -209 209 0 1 210 , 235 181 159 366 98 -155 , 164 189 -169 -50 291 33 , 214 169 -189 50 202 102 , 94 37 130 -56 -59 243 , -9 321 -321 0 -131 -452 , 0.00018053471648277975 , 23
2.3773794421663266 , -131 -159 -181 -366 -314 -83 , 322 -209 209 0 1 210 , 202 102 -214 33 291 -50 , 416 -112 112 0 130 242 , 235 181 159 366 98 -155 , -59 243 -94 -96 113 56 , 37 94 -243 96 150 -130 , 169 214 -102 -33 164 189 , -9 321 -321 0 -131 -452 , 0.00018053471648277978 , 24
2.3773794421663266 , -131 -159 -181 -366 -314 -83 , 322 -209 209 0 1 210 , 50 202 102 -164 33 291 , 416 -112 112 0 130 242 , 235 181 159 366 98 -155 , -56 -59 243 -150 -96 113 , 94 -243 59 150 -130 -37 , 214 -102 -202 164 189 -169 , -9 321 -321 0 -131 -452 , 0.00018053471648277978 , 25
2.3773794421663266 , -131 -159 -181 -366 -314 -83 , 322 -209 209 0 1 210 , -50 -202 -102 164 -33 -291 , 416 -112 112 0 130 242 , 235 181 159 366 98 -155 , 56 59 -243 150 96 -113 , -94 243 -59 -150 130 37 , -214 102 202 -164 -189 169 , -9 321 -321 0 -131 -452 , 0.00018053471648277978 , 26
2.3773794421663266 , -131 -159 -181 -366 -314 -83 , 322 -209 209 0 1 210 , -202 -102 214 -33 -291 50 , 416 -112 112 0 130 242 , 235 181 159 366 98 -155 , 59 -243 94 96 -113 -56 , -37 -94 243 -96 -150 130 , -169 -214 102 33 -164 -189 , -9 321 -321 0 -131 -452 , 0.00018053471648277978 , 27
2.3773794421663266 , -131 -159 -181 -366 -314 -83 , 416 -112 112 0 130 242 , 94 -243 59 150 -130 -37 , 322 -209 209 0 1 210 , 235 181 159 366 98 -155 , 214 -102 -202 164 189 -169 , 50 202 102 -164 33 291 , -56 -59 243 -150 -96 113 , -9 321 -321 0 -131 -452 , 0.00018053471648277978 , 28
2.3773794421663266 , -131 -159 -181 -366 -314 -83 , 416 -112 112 0 130 242 , -94 243 -59 -150 130 37 , 322 -209 209 0 1 210 , 235 181 159 366 98 -155 , -214 102 202 -164 -189 169 , -50 -202 -102 164 -33 -291 , 56 59 -243 150 96 -113 , -9 321 -321 0 -131 -452 , 0.00018053471648277978 , 29
2.3773794421663266 , -131 -159 -181 -366 -314 -83 , 322 -209 209 0 1 210 , -214 -169 189 -50 -202 -102 , 416 -112 112 0 130 242 , 235 181 159 366 98 -155 , -94 -37 -130 56 59 -243 , -150 130 37 -56 -113 96 , -164 -189 169 50 -291 -33 , -9 321 -321 0 -131 -452 , 0.00018053471648292479 , 30
2.3773794421663266 , -131 -159 -181 -366 -314 -83 , 322 -209 209 0 1 210 , 214 169 -189 50 202 102 , 416 -112 112 0 130 242 , 235 181 159 366 98 -155 , 94 37 130 -56 -59 243 , 150 -130 -37 56 113 -96 , 164 189 -169 -50 291 33 , -9 321 -321 0 -131 -452 , 0.00018053471648292479 , 31
2.3773794421663266 , -131 -159 -181 -366 -314 -83 , 322 -209 209 0 1 210 , -169 189 164 -202 -102 214 , 416 -112 112 0 130 242 , 235 181 159 366 98 -155 , -37 -130 150 59 -243 94 , -96 -150 130 -59 -56 -113 , 33 -164 -189 202 50 -291 , -9 321 -321 0 -131 -452 , 0.0001805347164829973 , 32
2.3773794421663266 , -131 -159 -181 -366 -314 -83 , 322 -209 209 0 1 210 , 169 -189 -164 202 102 -214 , 416 -112 112 0 130 242 , 235 181 159 366 98 -155 , 37 130 -150 -59 243 -94 , 96 150 -130 59 56 113 , -33 164 189 -202 -50 291 , -9 321 -321 0 -131 -452 , 0.0001805347164829973 , 33
2.3773794421663266 , -131 -159 -181 -366 -314 -83 , 322 -209 209 0 1 210 , -189 -164 33 102 -214 -169 , 416 -112 112 0 130 242 , 235 181 159 366 98 -155 , 130 -150 -96 243 -94 -37 , -113 96 150 -243 59 56 , -291 -33 164 -102 -202 -50 , -9 321 -321 0 -131 -452 , 0.00018053471648314231 , 34
2.3773794421663266 , -131 -159 -181 -366 -314 -83 , 322 -209 209 0 1 210 , 189 164 -33 -102 214 169 , 416 -112 112 0 130 242 , 235 181 159 366 98 -155 , -130 150 96 -243 94 37 , 113 -96 -150 243 -59 -56 , 291 33 -164 102 202 50 , -9 321 -321 0 -131 -452 , 0.00018053471648314231 , 35
2.3773794421663266 , 54 -429 -451 113 -442 -283 , 104 -9 9 0 48 57 , -351 137 -90 -106 24 -246 , 171 -157 157 0 -37 120 , -59 451 429 -113 168 -13 , -150 70 206 -296 59 34 , 146 -206 -70 296 -172 -11 , -245 90 -137 106 -156 -113 , 454 166 -166 0 -11 -177 , 0.00019919323961505557 , 36
2.3773794421663266 , 54 -429 -451 113 -442 -283 , 104 -9 9 0 48 57 , 351 -137 90 106 -24 246 , 171 -157 157 0 -37 120 , -59 451 429 -113 168 -13 , 150 -70 -206 296 -59 -34 , -146 206 70 -296 172 11 , 245 -90 137 -106 156 113 , 454 166 -166 0 -11 -177 , 0.00019919323961505557 , 37
2.3773794421663266 , 54 -429 -451 113 -442 -283 , 171 -157 157 0 -37 120 , -206 -70 150 -172 -11 -146 , 104 -9 9 0 48 57 , -59 451 429 -113 168 -13 , 90 -137 351 -156 -113 245 , 246 -351 137 156 -106 24 , -34 -150 70 172 -296 59 , 454 166 -166 0 -11 -177 , 0.00019919323961505852 , 38
2.3773794421663266 , 54 -429 -451 113 -442 -283 , 171 -157 157 0 -37 120 , 206 70 -150 172 11 146 , 104 -9 9 0 48 57 , -59 451 429 -113 168 -13 , -90 137 -351 156 113 -245 , -246 351 -137 -156 106 -24 , 34 150 -70 -172 296 -59 , 454 166 -166 0 -11 -177 , 0.00019919323961505852 , 39
2.3773794421663266 , 54 -429 -451 113 -442 -283 , 171 -157 157 0 -37 120 , -296 172 11 -150 -34 -59 , 104 -9 9 0 48 57 , -59 451 429 -113 168 -13 , -106 156 113 -351 246 -24 , 245 -113 -156 351 -137 90 , -146 -11 -172 150 -70 -206 , 454 166 -166 0 -11 -177 , 0.00019919323961506487 , 40
2.3773794421663266 , 54 -429 -451 113 -442 -283 , 171 -157 157 0 -37 120 , 296 -172 -11 150 34 59 , 104 -9 9 0 48 57 , -59 451 429 -113 168 -13 , 106 -156 -113 351 -246 24 , -245 113 156 -351 137 -90 , 146 11 172 -150 70 206 , 454 166 -166 0 -11 -177 , 0.00019919323961506487 , 41
2.3773794421663266 , 54 -429 -451 113 -442 -283 , 104 -9 9 0 48 57 , -106 24 -246 245 -113 -156 , 171 -157 157 0 -37 120 , -59 451 429 -113 168 -13 , -296 59 34 -146 -11 -172 , -150 -34 -59 146 -206 -70 , -351 246 -24 -245 90 -137 , 454 166 -166 0 -11 -177 , 0.00019919323961506522 , 42
2.3773794421663266 , 54 -429 -451 113 -442 -283 , 104 -9 9 0 48 57 , 106 -24 246 -245 113 156 , 171 -157 157 0 -37 120 , -59 451 429 -113 168 -13 , 296 -59 -34 146 11 172 , 150 34 59 -146 206 70 , 351 -246 24 245 -90 137 , 454 166 -166 0 -11 -177 , 0.00019919323961506522 , 43
2.3773794421663266 , 54 -429 -451 113 -442 -283 , 171 -157 157 0 -37 120 , -146 206 70 -296 172 11 , 104 -9 9 0 48 57 , -59 451 429 -113 168 -13 , 245 -90 137 -106 156 113 , 351 -137 90 106 -24 246 , 150 -70 -206 296 -59 -34 , 454 166 -166 0 -11 -177 , 0.00019919323961506535 , 44
2.3773794421663266 , 54 -429 -451 113 -442 -283 , 171 -157 157 0 -37 120 , 146 -206 -70 296 -172 -11 , 104 -9 9 0 48 57 , -59 451 429 -113 168 -13 , -245 90 -137 106 -156 -113 , -351 137 -90 -106 24 -246 , -150 70 206 -296 59 34 , 454 166 -166 0 -11 -177 , 0.00019919323961506535 , 45
2.3773794421663266 , 54 -429 -451 113 -442 -283 , 171 -157 157 0 -37 120 , -172 -11 -146 34 59 -296 , 104 -9 9 0 48 57 , -59 451 429 -113 168 -13 , -156 -113 245 -246 24 -106 , 90 -245 113 246 -351 137 , -206 146 11 -34 -150 70 , 454 166 -166 0 -11 -177 , 0.00019919323961506576 , 46
2.3773794421663266 , 54 -429 -451 113 -442 -283 , 171 -157 157 0 -37 120 , 172 11 146 -34 -59 296 , 104 -9 9 0 48 57 , -59 451 429 -113 168 -13 , 156 113 -245 246 -24 106 , -90 245 -113 -246 351 -137 , 206 -146 -11 34 150 -70 , 454 166 -166 0 -11 -177 , 0.00019919323961506576 , 47
2.3773794421663266 , 54 -429 -451 113 -442 -283 , 171 -157 157 0 -37 120 , -70 150 34 -11 -146 206 , 104 -9 9 0 48 57 , -59 451 429 -113 168 -13 , -137 351 -246 -113 245 -90 , -24 246 -351 113 156 -106 , -59 -34 -150 11 172 -296 , 454 166 -166 0 -11 -177 , 0.00019919323961506801 , 48
2.3773794421663266 , 54 -429 -451 113 -442 -283 , 171 -157 157 0 -37 120 , 70 -150 -34 11 146 -206 , 104 -9 9 0 48 57 , -59 451 429 -113 168 -13 , 137 -351 246 113 -245 90 , 24 -246 351 -113 -156 106 , 59 34 150 -11 -172 296 , 454 166 -166 0 -11 -177 , 0.00019919323961506801 , 49
2.3773794421663266 , 54 -429 -451 113 -442 -283 , 104 -9 9 0 48 57 , -246 351 -137 -156 106 -24 , 171 -157 157 0 -37 120 , -59 451 429 -113 168 -13 , 34 150 -70 -172 296 -59 , 206 70 -150 172 11 146 , -90 137 -351 156 113 -245 , 454 166 -166 0 -11 -177 , 0.00019919323961506855 , 50
2.3773794421663266 , 54 -429 -451 113 -442 -283 , 104 -9 9 0 48 57 , 246 -351 137 156 -106 24 , 171 -157 157 0 -37 120 , -59 451 429 -113 168 -13 , -34 -150 70 172 -296 59 , -206 -70 150 -172 -11 -146 , 90 -137 351 -156 -113 245 , 454 166 -166 0 -11 -177 , 0.00019919323961506855 , 51
2.3773794421663266 , 54 -429 -451 113 -442 -283 , 104 -9 9 0 48 57 , -156 106 -24 90 -245 113 , 171 -157 157 0 -37 120 , -59 451 429 -113 168 -13 , -172 296 -59 -206 146 11 , 34 59 -296 206 70 -150 , -246 24 -106 -90 137 -351 , 454 166 -166 0 -11 -177 , 0.00019919323961507283 , 52
2.3773794421663266 , 54 -429 -451 113 -442 -283 , 104 -9 9 0 48 57 , 156 -106 24 -90 245 -113 , 171 -157 157 0 -37 120 , -59 451 429 -113 168 -13 , 172 -296 59 206 -146 -11 , -34 -59 296 -206 -70 150 , 246 -24 106 90 -137 351 , 454 166 -166 0 -11 -177 , 0.00019919323961507283 , 53
2.3773794421663266 , 54 -429 -451 113 -442 -283 , 104 -9 9 0 48 57 , -113 -156 106 -137 90 -245 , 171 -157 157 0 -37 120 , -59 451 429 -113 168 -13 , -11 -172 296 -70 -206 146 , 59 -296 172 70 -150 -34 , 24 -106 156 137 -351 246 , 454 166 -166 0 -11 -177 , 0.00019919323961507286 , 54
2.3773794421663266 , 54 -429 -451 113 -442 -283 , 104 -9 9 0 48 57 , 113 156 -106 137 -90 245 , 171 -157 157 0 -37 120 , -59 451 429 -113 168 -13 , 11 172 -296 70 206 -146 , -59 296 -172 -70 150 34 , -24 106 -156 -137 351 -246 , 454 166 -166 0 -11 -177 , 0.00019919323961507286 , 55
2.3773794421663266 , 54 -429 -451 113 -442 -283 , 104 -9 9 0 48 57 , 245 -113 -156 351 -137 90 , 171 -157 157 0 -37 120 , -59 451 429 -113 168 -13 , -146 -11 -172 150 -70 -206 , -296 172 11 -150 -34 -59 , -106 156 113 -351 246 -24 , 454 166 -166 0 -11 -177 , 0.00019919323961507324 , 56
2.3773794421663266 , 54 -429 -451 113 -442 -283 , 104 -9 9 0 48 57 , -245 113 156 -351 137 -90 , 171 -157 157 0 -37 120 , -59 451 429 -113 168 -13 , 146 11 172 -150 70 206 , 296 -172 -11 150 34 59 , 106 -156 -113 351 -246 24 , 454 166 -166 0 -11 -177 , 0.00019919323961507324 , 57
2.3773794421663266 , 54 -429 -451 113 -442 -283 , 171 -157 157 0 -37 120 , -11 -146 206 59 -296 172 , 104 -9 9 0 48 57 , -59 451 429 -113 168 -13 , -113 245 -90 24 -106 156 , -137 90 -245 -24 246 -351 , -70 -206 146 -59 -34 -150 , 454 166 -166 0 -11 -177 , 0.00019919323961507676 , 58
2.3773794421663266 , 54 -429 -451 113 -442 -283 , 171 -157 157 0 -37 120 , 11 146 -206 -59 296 -172 , 104 -9 9 0 48 57 , -59 451 429 -113 168 -13 , 113 -245 90 -24 106 -156 , 137 -90 245 24 -246 351 , 70 206 -146 59 34 150 , 454 166 -166 0 -11 -177 , 0.00019919323961507676 , 59
2.3773794421663266 , 54 -429 -451 113 -442 -283 , 104 -9 9 0 48 57 , 137 -90 245 24 -246 351 , 171 -157 157 0 -37 120 , -59 451 429 -113 168 -13 , 70 206 -146 59 34 150 , 11 146 -206 -59 296 -172 , 113 -245 90 -24 106 -156 , 454 166 -166 0 -11 -177 , 0.00019919323961507752 , 60
2.3773794421663266 , 54 -429 -451 113 -442 -283 , 104 -9 9 0 48 57 , -137 90 -245 -24 246 -351 , 171 -157 157 0 -37 120 , -59 451 429 -113 168 -13 , -70 -206 146 -59 -34 -150 , -11 -146 206 59 -296 172 , -113 245 -90 24 -106 156 , 454 166 -166 0 -11 -177 , 0.00019919323961507752 , 61
2.3773794421663266 , 54 -429 -451 113 -442 -283 , 171 -157 157 0 -37 120 , 59 -296 172 70 -150 -34 , 104 -9 9 0 48 57 , -59 451 429 -113 168 -13 , 24 -106 156 137 -351 246 , -113 -156 106 -137 90 -245 , -11 -172 296 -70 -206 146 , 454 166 -166 0 -11 -177 , 0.00019919323961507834 , 62
2.3773794421663266 , 54 -429 -451 113 -442 -283 , 171 -157 157 0 -37 120 , -59 296 -172 -70 150 34 , 104 -9 9 0 48 57 , -59 451 429 -113 168 -13 , -24 106 -156 -137 351 -246 , 113 156 -106 137 -90 245 , 11 172 -296 70 206 -146 , 454 166 -166 0 -11 -177 , 0.00019919323961507834 , 63
2.3773794421663266 , 54 -429 -451 113 -442 -283 , 171 -157 157 0 -37 120 , -150 -34 -59 146 -206 -70 , 104 -9 9 0 48 57 , -59 451 429 -113 168 -13 , -351 246 -24 -245 90 -137 , -106 24 -246 245 -113 -156 , -296 59 34 -146 -11 -172 , 454 166 -166 0 -11 -177 , 0.00019919323961507845 , 64
2.3773794421663266 , 54 -429 -451 113 -442 -283 , 171 -157 157 0 -37 120 , 150 34 59 -146 206 70 , 104 -9 9 0 48 57 , -59 451 429 -113 168 -13 , 351 -246 24 245 -90 137 , 106 -24 246 -245 113 156 , 296 -59 -34 146 11 172 , 454 166 -166 0 -11 -177 , 0.00019919323961507845 , 65
2.3773794421663266 , 54 -429 -451 113 -442 -283 , 104 -9 9 0 48 57 , 24 -246 351 -113 -156 106 , 171 -157 157 0 -37 120 , -59 451 429 -113 168 -13 , 59 34 150 -11 -172 296 , 70 -150 -34 11 146 -206 , 137 -351 246 113 -245 90 , 454 166 -166 0 -11 -177 , 0.0001991932396150795 , 66
2.3773794421663266 , 54 -429 -451 113 -442 -283 , 104 -9 9 0 48 57 , -24 246 -351 113 156 -106 , 171 -157 157 0 -37 120 , -59 451 429 -113 168 -13 , -59 -34 -150 11 172 -296 , -70 150 34 -11 -146 206 , -137 351 -246 -113 245 -90 , 454 166 -166 0 -11 -177 , 0.0001991932396150795 , 67
2.3773794421663266 , 54 -429 -451 113 -442 -283 , 171 -157 157 0 -37 120 , 34 59 -296 206 70 -150 , 104 -9 9 0 48 57 , -59 451 429 -113 168 -13 , -246 24 -106 -90 137 -351 , -156 106 -24 90 -245 113 , -172 296 -59 -206 146 11 , 454 166 -166 0 -11 -177 , 0.00019919323961507967 , 68
2.3773794421663266 , 54 -429 -451 113 -442 -283 , 171 -157 157 0 -37 120 , -34 -59 296 -206 -70 150 , 104 -9 9 0 48 57 , -59 451 429 -113 168 -13 , 246 -24 106 90 -137 351 , 156 -106 24 -90 245 -113 , 172 -296 59 206 -146 -11 , 454 166 -166 0 -11 -177 , 0.00019919323961507967 , 69
2.3773794421663266 , 54 -429 -451 113 -442 -283 , 104 -9 9 0 48 57 , -90 245 -113 -246 351 -137 , 171 -157 157 0 -37 120 , -59 451 429 -113 168 -13 , 206 -146 -11 34 150 -70 , 172 11 146 -34 -59 296 , 156 113 -245 246 -24 106 , 454 166 -166 0 -11 -177 , 0.00019919323961508257 , 70
2.3773794421663266 , 54 -429 -451 113 -442 -283 , 104 -9 9 0 48 57 , 90 -245 113 246 -351 137 , 171 -157 157 0 -37 120 , -59 451 429 -113 168 -13 , -206 146 11 -34 -150 70 , -172 -11 -146 34 59 -296 , -156 -113 245 -246 24 -106 , 454 166 -166 0 -11 -177 , 0.00019919323961508257 , 71
2.4942024344154703 , -173 -276 -190 -295 -371 -163 , 356 -187 187 0 37 224 , 49 241 -24 -120 114 194 , 382 -134 134 0 94 228 , 122 190 276 295 27 -95 , 120 101 79 -42 -32 279 , 162 -79 -101 42 200 -133 , 169 24 -241 120 218 -127 , -9 321 -321 0 -131 -452 , 0.00010090558491305035 , 0
2.4942024344154703 , -173 -276 -190 -295 -371 -163 , 356 -187 187 0 37 224 , -49 -241 24 120 -114 -194 , 382 -134 134 0 94 228 , 122 190 276 295 27 -95 , -120 -101 -79 42 32 -279 , -162 79 101 -42 -200 133 , -169 -24 241 -120 -218 127 , -9 321 -321 0 -131 -452 , 0.00010090558491305035 , 1
2.4942024344154703 , -173 -276 -190 -295 -371 -163 , 356 -187 187 0 37 224 , 169 127 -218 49 241 -24 , 382 -134 134 0 94 228 , 122 190 276 295 27 -95 , 162 133 -200 120 101 79 , 42 200 -133 -120 279 -32 , 120 218 -127 -49 194 114 , -9 321 -321 0 -131 -452 , 0.00010090558491310752 , 2
2.4942024344154703 , -173 -276 -190 -295 -371 -163 , 356 -187 187 0 37 224 , -169 -127 218 -49 -241 24 , 382 -134 134 0 94 228 , 122 190 276 295 27 -95 , -162 -133 200 -120 -101 -79 , -42 -200 133 120 -279 32 , -120 -218 127 49 -194 -114 , -9 321 -321 0 -131 -452 , 0.00010090558491310752 , 3
2.4942024344154703 , -173 -276 -190 -295 -371 -163 , 382 -134 134 0 94 228 , -101 -120 279 -133 -162 79 , 356 -187 187 0 37 224 , 122 190 276 295 27 -95 , -241 -49 194 -127 -169 -24 , -114 -194 49 127 -218 -120 , 32 -279 120 133 -200 -42 , -9 321 -321 0 -131 -452 , 0.00010090558491316467 , 4
2.4942024344154703 , -173 -276 -190 -295 -371 -163 , 382 -134 134 0 94 228 , 101 120 -279 133 162 -79 , 356 -187 187 0 37 224 , 122 190 276 295 27 -95 , 241 49 -194 127 169 24 , 114 194 -49 -127 218 120 , -32 279 -120 -133 200 42 , -9 321 -321 0 -131 -452 , 0.00010090558491316467 , 5
2.4942024344154703 , -173 -276 -190 -295 -371 -163 , 356 -187 187 0 37 224 , 127 -218 -120 241 -24 -169 , 382 -134 134 0 94 228 , 122 190 276 295 27 -95 , 133 -200 -42 101 79 -162 , 32 42 200 -101 -120 279 , -114 120 218 -241 -49 194 , -9 321 -321 0 -131 -452 , 0.00010090558491322184 , 6
2.4942024344154703 , -173 -276 -190 -295 -371 -163 , 356 -187 187 0 37 224 , -127 218 120 -241 24 169 , 382 -134 134 0 94 228 , 122 190 276 295 27 -95 , -133 200 42 -101 -79 162 , -32 -42 -200 101 120 -279 , 114 -120 -218 241 49 -194 , -9 321 -321 0 -131 -452 , 0.00010090558491322184 , 7
2.4942024344154703 , -173 -276 -190 -295 -371 -163 , 382 -134 134 0 94 228 , -133 -162 79 -32 -42 -200 , 356 -187 187 0 37 224 , 122 190 276 295 27 -95 , -127 -169 -24 114 -120 -218 , -241 24 169 -114 -194 49 , -101 -79 162 32 -279 120 , -9 321 -321 0 -131 -452 , 0.00010090558491322184 , 8
2.4942024344154703 , -173 -276 -190 -295 -371 -163 , 382 -134 134 0 94 228 , 133 162 -79 32 42 200 , 356 -187 187 0 37 224 , 122 190 276 295 27 -95 , 127 169 24 -114 120 218 , 241 -24 -169 114 194 -49 , 101 79 -162 -32 279 -120 , -9 321 -321 0 -131 -452 , 0.00010090558491322184 , 9
2.4942024344154703 , -173 -276 -190 -295 -371 -163 , 382 -134 134 0 94 228 , -79 -101 -120 200 -133 -162 , 356 -187 187 0 37 224 , 122 190 276 295 27 -95 , 24 -241 -49 218 -127 -169 , -194 49 241 -218 -120 114 , -279 120 101 -200 -42 -32 , -9 321 -321 0 -131 -452 , 0.00010090558491333617 , 10
2.4942024344154703 , -173 -276 -190 -295 -371 -163 , 382 -134 134 0 94 228 , 200 -133 -162 279 -32 -42 , 356 -187 187 0 37 224 , 122 190 276 295 27 -95 , 218 -127 -169 194 114 -120 , 24 169 127 -194 49 241 , -79 162 133 -279 120 101 , -9 321 -321 0 -131 -452 , 0.00010090558491333617 , 11
2.4942024344154703 , -173 -276 -190 -295 -371 -163 , 382 -134 134 0 94 228 , -200 133 162 -279 32 42 , 356 -187 187 0 37 224 , 122 190 276 295 27 -95 , -218 127 169 -194 -114 120 , -24 -169 -127 194 -49 -241 , 79 -162 -133 279 -120 -101 , -9 321 -321 0 -131 -452 , 0.00010090558491333617 , 12
2.4942024344154703 , -173 -276 -190 -295 -371 -163 , 382 -134 134 0 94 228 , 79 101 120 -200 133 162 , 356 -187 187 0 37 224 , 122 190 276 295 27 -95 , -24 241 49 -218 127 169 , 194 -49 -241 218 120 -114 , 279 -120 -101 200 42 32 , -9 321 -321 0 -131 -452 , 0.00010090558491333617 , 13
2.4942024344154703 , -173 -276 -190 -295 -371 -163 , 356 -187 187 0 37 224 , -218 -120 114 -24 -169 -127 , 382 -134 134 0 94 228 , 122 190 276 295 27 -95 , -200 -42 -32 79 -162 -133 , -279 32 42 -79 -101 -120 , -194 -114 120 24 -241 -49 , -9 321 -321 0 -131 -452 , 0.00010090558491339335 , 14
2.4942024344154703 , -173 -276 -190 -295 -371 -163 , 356 -187 187 0 37 224 , 218 120 -114 24 169 127 , 382 -134 134 0 94 228 , 122 190 276 295 27 -95 , 200 42 32 -79 162 133 , 279 -32 -42 79 101 120 , 194 114 -120 -24 241 49 , -9 321 -321 0 -131 -452 , 0.00010090558491339335 , 15
2.4942024344154703 , -173 -276 -190 -295 -371 -163 , 356 -187 187 0 37 224 , 24 169 127 -194 49 241 , 382 -134 134 0 94 228 , 122 190 276 295 27 -95 , -79 162 133 -279 120 101 , 200 -133 -162 279 -32 -42 , 218 -127 -169 194 114 -120 , -9 321 -321 0 -131 -452 , 0.00010090558491345049 , 16
2.4942024344154703 , -173 -276 -190 -295 -371 -163 , 356 -187 187 0 37 224 , -24 -169 -127 194 -49 -241 , 382 -134 134 0 94 228 , 122 190 276 295 27 -95 , 79 -162 -133 279 -120 -101 , -200 133 162 -279 32 42 , -218 127 169 -194 -114 120 , -9 321 -321 0 -131 -452 , 0.00010090558491345049 , 17
2.4942024344154703 , -173 -276 -190 -295 -371 -163 , 356 -187 187 0 37 224 , -194 49 241 -218 -120 114 , 382 -134 134 0 94 228 , 122 190 276 295 27 -95 , -279 120 101 -200 -42 -32 , -79 -101 -120 200 -133 -162 , 24 -241 -49 218 -127 -169 , -9 321 -321 0 -131 -452 , 0.0001009055849134505 , 18
2.4942024344154703 , -173 -276 -190 -295 -371 -163 , 356 -187 187 0 37 224 , -241 24 169 -114 -194 49 , 382 -134 134 0 94 228 , 122 190 276 295 27 -95 , -101 -79 162 32 -279 120 , -133 -162 79 -32 -42 -200 , -127 -169 -24 114 -120 -218 , -9 321 -321 0 -131 -452 , 0.0001009055849134505 , 19
2.4942024344154703 , -173 -276 -190 -295 -371 -163 , 356 -187 187 0 37 224 , 241 -24 -169 114 194 -49 , 382 -134 134 0 94 228 , 122 190 276 295 27 -95 , 101 79 -162 -32 279 -120 , 133 162 -79 32 42 200 , 127 169 24 -114 120 218 , -9 321 -321 0 -131 -452 , 0.0001009055849134505 , 20
2.4942024344154703 , -173 -276 -190 -295 -371 -163 , 356 -187 187 0 37 224 , 194 -49 -241 218 120 -114 , 382 -134 134 0 94 228 , 122 190 276 295 27 -95 , 279 -120 -101 200 42 32 , 79 101 120 -200 133 162 , -24 241 49 -218 127 169 , -9 321 -321 0 -131 -452 , 0.0001009055849134505 , 21
2.4942024344154703 , -173 -276 -190 -295 -371 -163 , 382 -134 134 0 94 228 , 32 42 200 -101 -120 279 , 356 -187 187 0 37 224 , 122 190 276 295 27 -95 , -114 120 218 -241 -49 194 , 127 -218 -120 241 -24 -169 , 133 -200 -42 101 79 -162 , -9 321 -321 0 -131 -452 , 0.00010090558491350767 , 22
2.4942024344154703 , -173 -276 -190 -295 -371 -163 , 382 -134 134 0 94 228 , -32 -42 -200 101 120 -279 , 356 -187 187 0 37 224 , 122 190 276 295 27 -95 , 114 -120 -218 241 49 -194 , -127 218 120 -241 24 169 , -133 200 42 -101 -79 162 , -9 321 -321 0 -131 -452 , 0.00010090558491350767 , 23
2.4942024344154703 , -173 -276 -190 -295 -371 -163 , 382 -134 134 0 94 228 , -120 279 -32 -162 79 101 , 356 -187 187 0 37 224 , 122 190 276 295 27 -95 , -49 194 114 -169 -24 241 , 120 -114 -194 169 127 -218 , 42 32 -279 162 133 -200 , -9 321 -321 0 -131 -452 , 0.000100905584913622 , 24
2.4942024344154703 , -173 -276 -190 -295 -371 -163 , 382 -134 134 0 94 228 , -162 79 101 -42 -200 133 , 356 -187 187 0 37 224 , 122 190 276 295 27 -95 , -169 -24 241 -120 -218 127 , -49 -241 24 120 -114 -194 , -120 -101 -79 42 32 -279 , -9 321 -321 0 -131 -452 , 0.000100905584913622 , 25
2.4942024344154703 , -173 -276 -190 -295 -371 -163 , 382 -134 134 0 94 228 , 42 200 -133 -120 279 -32 , 356 -187 187 0 37 224 , 122 190 276 295 27 -95 , 120 218 -127 -49 194 114 , 169 127 -218 49 241 -24 , 162 133 -200 120 101 79 , -9 321 -321 0 -131 -452 , 0.000100905584913622 , 26
2.4942024344154703 , -173 -276 -190 -295 -371 -163 , 382 -134 134 0 94 228 , -279 32 42 -79 -101 -120 , 356 -187 187 0 37 224 , 122 190 276 295 27 -95 , -194 -114 120 24 -241 -49 , -218 -120 114 -24 -169 -127 , -200 -42 -32 79 -162 -133 , -9 321 -321 0 -131 -452 , 0.000100905584913622 , 27
2.4942024344154703 , -173 -276 -190 -295 -371 -163 , 382 -134 134 0 94 228 , 279 -32 -42 79 101 120 , 356 -187 187 0 37 224 , 122 190 276 295 27 -95 , 194 114 -120 -24 241 49 , 218 120 -114 24 169 127 , 200 42 32 -79 162 133 , -9 321 -321 0 -131 -452 , 0.000100905584913622 , 28
2.4942024344154703 , -173 -276 -190 -295 -371 -163 , 382 -134 134 0 94 228 , -42 -200 133 120 -279 32 , 356 -187 187 0 37 224 , 122 190 276 295 27 -95 , -120 -218 127 49 -194 -114 , -169 -127 218 -49 -241 24 , -162 -133 200 -120 -101 -79 , -9 321 -321 0 -131 -452 , 0.000100905584913622 , 29
2.4942024344154703 , -173 -276 -190 -295 -371 -163 , 382 -134 134 0 94 228 , 162 -79 -101 42 200 -133 , 356 -187 187 0 37 224 , 122 190 276 295 27 -95 , 169 24 -241 120 218 -127 , 49 241 -24 -120 114 194 , 120 101 79 -42 -32 279 , -9 321 -321 0 -131 -452 , 0.000100905584913622 , 30
2.4942024344154703 , -173 -276 -190 -295 -371 -163 , 382 -134 134 0 94 228 , 120 -279 32 162 -79 -101 , 356 -187 187 0 37 224 , 122 190 276 295 27 -95 , 49 -194 -114 169 24 -241 , -120 114 194 -169 -127 218 , -42 -32 279 -162 -133 200 , -9 321 -321 0 -131 -452 , 0.000100905584913622 , 31
2.4942024344154703 , -173 -276 -190 -295 -371 -163 , 356 -187 187 0 37 224 , -114 -194 49 127 -218 -120 , 382 -134 134 0 94 228 , 122 190 276 295 27 -95 , 32 -279 120 133 -200 -42 , -101 -120 279 -133 -162 79 , -241 -49 194 -127 -169 -24 , -9 321 -321 0 -131 -452 , 0.00010090558491373633 , 32
2.4942024344154703 , -173 -276 -190 -295 -371 -163 , 356 -187 187 0 37 224 , 114 194 -49 -127 218 120 , 382 -134 134 0 94 228 , 122 190 276 295 27 -95 , -32 279 -120 -133 200 42 , 101 120 -279 133 162 -79 , 241 49 -194 127 169 24 , -9 321 -321 0 -131 -452 , 0.00010090558491373633 , 33
2.4942024344154703 , -173 -276 -190 -295 -371 -163 , 356 -187 187 0 37 224 , -120 114 194 -169 -127 218 , 382 -134 134 0 94 228 , 122 190 276 295 27 -95 , -42 -32 279 -162 -133 200 , 120 -279 32 162 -79 -101 , 49 -194 -114 169 24 -241 , -9 321 -321 0 -131 -452 , 0.00010090558491390783 , 34
2.4942024344154703 , -173 -276 -190 -295 -371 -163 , 356 -187 187 0 37 224 , 120 -114 -194 169 127 -218 , 382 -134 134 0 94 228 , 122 190 276 295 27 -95 , 42 32 -279 162 133 -200 , -120 279 -32 -162 79 101 , -49 194 114 -169 -24 241 , -9 321 -321 0 -131 -452 , 0.00010090558491390783 , 35
2.610909425796979 , 28 -255 -391 -180 -177 -181 , 336 -207 207 0 10 217 , -127 -222 69 97 -191 -164 , 402 -114 114 0 121 235 , 208 391 255 180 210 78 , 70 13 194 -96 -84 256 , 166 -194 -13 96 62 -97 , -224 -69 222 -97 -233 31 , -9 321 -321 0 -131 -452 , 0.00014169132345636699 , 0
2.610909425796979 , 28 -255 -391 -180 -177 -181 , 336 -207 207 0 10 217 , 127 222 -69 -97 191 164 , 402 -114 114 0 121 235 , 208 391 255 180 210 78 , -70 -13 -194 96 84 -256 , -166 194 13 -96 -62 97 , 224 69 -222 97 233 -31 , -9 321 -321 0 -131 -452 , 0.00014169132345636699 , 1
2.610909425796979 , 28 -255 -391 -180 -177 -181 , 402 -114 114 0 121 235 , 166 -194 -13 96 62 -97 , 336 -207 207 0 10 217 , 208 391 255 180 210 78 , -224 -69 222 -97 -233 31 , -127 -222 69 97 -191 -164 , 70 13 194 -96 -84 256 , -9 321 -321 0 -131 -452 , 0.00014169132345650404 , 2
2.610909425796979 , 28 -255 -391 -180 -177 -181 , 402 -114 114 0 121 235 , -166 194 13 -96 -62 97 , 336 -207 207 0 10 217 , 208 391 255 180 210 78 , 224 69 -222 97 233 -31 , 127 222 -69 -97 191 164 , -70 -13 -194 96 84 -256 , -9 321 -321 0 -131 -452 , 0.00014169132345650404 , 3
2.610909425796979 , 28 -255 -391 -180 -177 -181 , 402 -114 114 0 121 235 , -13 -70 256 -97 -166 194 , 336 -207 207 0 10 217 , 208 391 255 180 210 78 , 222 127 -164 31 224 69 , 191 164 -127 -31 233 97 , 84 -256 70 97 -62 -96 , -9 321 -321 0 -131 -452 , 0.00014169132345657253 , 4
2.610909425796979 , 28 -255 -391 -180 -177 -181 , 402 -114 114 0 121 235 , 13 70 -256 97 166 -194 , 336 -207 207 0 10 217 , 208 391 255 180 210 78 , -222 -127 164 -31 -224 -69 , -191 -164 127 31 -233 -97 , -84 256 -70 -97 62 96 , -9 321 -321 0 -131 -452 , 0.00014169132345657253 , 5
2.610909425796979 , 28 -255 -391 -180 -177 -181 , 402 -114 114 0 121 235 , -194 -13 -70 62 -97 -166 , 336 -207 207 0 10 217 , 208 391 255 180 210 78 , -69 222 127 -233 31 224 , 164 -127 -222 233 97 -191 , -256 70 13 -62 -96 -84 , -9 321 -321 0 -131 -452 , 0.00014169132345670955 , 6
2.610909425796979 , 28 -255 -391 -180 -177 -181 , 402 -114 114 0 121 235 , 194 13 70 -62 97 166 , 336 -207 207 0 10 217 , 208 391 255 180 210 78 , 69 -222 -127 233 -31 -224 , -164 127 222 -233 -97 191 , 256 -70 -13 62 96 84 , -9 321 -321 0 -131 -452 , 0.00014169132345670955 , 7
2.610909425796979 , 28 -255 -391 -180 -177 -181 , 402 -114 114 0 121 235 , 84 96 62 -13 -70 256 , 336 -207 207 0 10 217 , 208 391 255 180 210 78 , 191 -97 -233 222 127 -164 , -31 233 97 -222 69 224 , 97 -62 -96 13 194 -166 , -9 321 -321 0 -131 -452 , 0.0001416913234567096 , 8
2.610909425796979 , 28 -255 -391 -180 -177 -181 , 402 -114 114 0 121 235 , -84 -96 -62 13 70 -256 , 336 -207 207 0 10 217 , 208 391 255 180 210 78 , -191 97 233 -222 -127 164 , 31 -233 -97 222 -69 -224 , -97 62 96 -13 -194 166 , -9 321 -321 0 -131 -452 , 0.0001416913234567096 , 9
2.610909425796979 , 28 -255 -391 -180 -177 -181 , 402 -114 114 0 121 235 , -256 84 96 -194 -13 -70 , 336 -207 207 0 10 217 , 208 391 255 180 210 78 , 164 191 -97 -69 222 127 , 233 97 -191 69 224 31 , -62 -96 -84 194 -166 -97 , -9 321 -321 0 -131 -452 , 0.00014169132345677809 , 10
2.610909425796979 , 28 -255 -391 -180 -177 -181 , 402 -114 114 0 121 235 , 96 62 -97 -70 256 -84 , 336 -207 207 0 10 217 , 208 391 255 180 210 78 , -97 -233 31 127 -164 -191 , -224 -31 233 -127 -222 69 , 166 97 -62 70 13 194 , -9 321 -321 0 -131 -452 , 0.00014169132345677809 , 11
2.610909425796979 , 28 -255 -391 -180 -177 -181 , 402 -114 114 0 121 235 , -96 -62 97 70 -256 84 , 336 -207 207 0 10 217 , 208 391 255 180 210 78 , 97 233 -31 -127 164 191 , 224 31 -233 127 222 -69 , -166 -97 62 -70 -13 -194 , -9 321 -321 0 -131 -452 , 0.00014169132345677809 , 12
2.610909425796979 , 28 -255 -391 -180 -177 -181 , 402 -114 114 0 121 235 , 256 -84 -96 194 13 70 , 336 -207 207 0 10 217 , 208 391 255 180 210 78 , -164 -191 97 69 -222 -127 , -233 -97 191 -69 -224 -31 , 62 96 84 -194 166 97 , -9 321 -321 0 -131 -452 , 0.00014169132345677809 , 13
2.610909425796979 , 28 -255 -391 -180 -177 -181 , 336 -207 207 0 10 217 , -191 -164 127 31 -233 -97 , 402 -114 114 0 121 235 , 208 391 255 180 210 78 , -84 256 -70 -97 62 96 , 13 70 -256 97 166 -194 , -222 -127 164 -31 -224 -69 , -9 321 -321 0 -131 -452 , 0.00014169132345677809 , 14
2.610909425796979 , 28 -255 -391 -180 -177 -181 , 336 -207 207 0 10 217 , 191 164 -127 -31 233 97 , 402 -114 114 0 121 235 , 208 391 255 180 210 78 , 84 -256 70 97 -62 -96 , -13 -70 256 -97 -166 194 , 222 127 -164 31 224 69 , -9 321 -321 0 -131 -452 , 0.00014169132345677809 , 15
2.610909425796979 , 28 -255 -391 -180 -177 -181 , 336 -207 207 0 10 217 , -164 127 222 -233 -97 191 , 402 -114 114 0 121 235 , 208 391 255 180 210 78 , 256 -70 -13 62 96 84 , 194 13 70 -62 97 166 , 69 -222 -127 233 -31 -224 , -9 321 -321 0 -131 -452 , 0.00014169132345684656 , 16
2.610909425796979 , 28 -255 -391 -180 -177 -181 , 336 -207 207 0 10 217 , 164 -127 -222 233 97 -191 , 402 -114 114 0 121 235 , 208 391 255 180 210 78 , -256 70 13 -62 -96 -84 , -194 -13 -70 62 -97 -166 , -69 222 127 -233 31 224 , -9 321 -321 0 -131 -452 , 0.00014169132345684656 , 17
2.610909425796979 , 28 -255 -391 -180 -177 -181 , 402 -114 114 0 121 235 , 70 -256 84 166 -194 -13 , 336 -207 207 0 10 217 , 208 391 255 180 210 78 , -127 164 191 -224 -69 222 , 97 -191 -164 224 31 -233 , -96 -84 256 -166 -97 62 , -9 321 -321 0 -131 -452 , 0.00014169132345684662 , 18
2.610909425796979 , 28 -255 -391 -180 -177 -181 , 402 -114 114 0 121 235 , -70 256 -84 -166 194 13 , 336 -207 207 0 10 217 , 208 391 255 180 210 78 , 127 -164 -191 224 69 -222 , -97 191 164 -224 -31 233 , 96 84 -256 166 97 -62 , -9 321 -321 0 -131 -452 , 0.00014169132345684662 , 19
2.610909425796979 , 28 -255 -391 -180 -177 -181 , 336 -207 207 0 10 217 , -222 69 224 -191 -164 127 , 402 -114 114 0 121 235 , 208 391 255 180 210 78 , 13 194 -166 -84 256 -70 , 97 166 -194 84 96 62 , -31 -224 -69 191 -97 -233 , -9 321 -321 0 -131 -452 , 0.00014169132345684662 , 20
2.610909425796979 , 28 -255 -391 -180 -177 -181 , 336 -207 207 0 10 217 , -224 -31 233 -127 -222 69 , 402 -114 114 0 121 235 , 208 391 255 180 210 78 , 166 97 -62 70 13 194 , 96 62 -97 -70 256 -84 , -97 -233 31 127 -164 -191 , -9 321 -321 0 -131 -452 , 0.00014169132345684662 , 21
2.610909425796979 , 28 -255 -391 -180 -177 -181 , 336 -207 207 0 10 217 , 233 97 -191 69 224 31 , 402 -114 114 0 121 235 , 208 391 255 180 210 78 , -62 -96 -84 194 -166 -97 , -256 84 96 -194 -13 -70 , 164 191 -97 -69 222 127 , -9 321 -321 0 -131 -452 , 0.00014169132345684662 , 22
2.610909425796979 , 28 -255 -391 -180 -177 -181 , 336 -207 207 0 10 217 , -233 -97 191 -69 -224 -31 , 402 -114 114 0 121 235 , 208 391 255 180 210 78 , 62 96 84 -194 166 97 , 256 -84 -96 194 13 70 , -164 -191 97 69 -222 -127 , -9 321 -321 0 -131 -452 , 0.00014169132345684662 , 23
2.610909425796979 , 28 -255 -391 -180 -177 -181 , 336 -207 207 0 10 217 , 224 31 -233 127 222 -69 , 402 -114 114 0 121 235 , 208 391 255 180 210 78 , -166 -97 62 -70 -13 -194 , -96 -62 97 70 -256 84 , 97 233 -31 -127 164 191 , -9 321 -321 0 -131 -452 , 0.00014169132345684662 , 24
2.610909425796979 , 28 -255 -391 -180 -177 -181 , 336 -207 207 0 10 217 , 222 -69 -224 191 164 -127 , 402 -114 114 0 121 235 , 208 391 255 180 210 78 , -13 -194 166 84 -256 70 , -97 -166 194 -84 -96 -62 , 31 224 69 -191 97 233 , -9 321 -321 0 -131 -452 , 0.00014169132345684662 , 25
2.610909425796979 , 28 -255 -391 -180 -177 -181 , 336 -207 207 0 10 217 , -31 233 97 -222 69 224 , 402 -114 114 0 121 235 , 208 391 255 180 210 78 , 97 -62 -96 13 194 -166 , 84 96 62 -13 -70 256 , 191 -97 -233 222 127 -164 , -9 321 -321 0 -131 -452 , 0.00014169132345691514 , 26
2.610909425796979 , 28 -255 -391 -180 -177 -181 , 336 -207 207 0 10 217 , 31 -233 -97 222 -69 -224 , 402 -114 114 0 121 235 , 208 391 255 180 210 78 , -97 62 96 -13 -194 166 , -84 -96 -62 13 70 -256 , -191 97 233 -222 -127 164 , -9 321 -321 0 -131 -452 , 0.00014169132345691514 , 27
2.610909425796979 , 28 -255 -391 -180 -177 -181 , 402 -114 114 0 121 235 , -62 97 166 -256 84 96 , 336 -207 207 0 10 217 , 208 391 255 180 210 78 , 233 -31 -224 164 191 -97 , 69 224 31 -164 127 222 , 194 -166 -97 256 -70 -13 , -9 321 -321 0 -131 -452 , 0.00014169132345698366 , 28
2.610909425796979 , 28 -255 -391 -180 -177 -181 , 402 -114 114 0 121 235 , 62 -97 -166 256 -84 -96 , 336 -207 207 0 10 217 , 208 391 255 180 210 78 , -233 31 224 -164 -191 97 , -69 -224 -31 164 -127 -222 , -194 166 97 -256 70 13 , -9 321 -321 0 -131 -452 , 0.00014169132345698366 , 29
2.610909425796979 , 28 -255 -391 -180 -177 -181 , 402 -114 114 0 121 235 , 97 166 -194 84 96 62 , 336 -207 207 0 10 217 , 208 391 255 180 210 78 , -31 -224 -69 191 -97 -233 , -222 69 224 -191 -164 127 , 13 194 -166 -84 256 -70 , -9 321 -321 0 -131 -452 , 0.00014169132345712068 , 30
2.610909425796979 , 28 -255 -391 -180 -177 -181 , 402 -114 114 0 121 235 , -97 -166 194 -84 -96 -62 , 336 -207 207 0 10 217 , 208 391 255 180 210 78 , 31 224 69 -191 97 233 , 222 -69 -224 191 164 -127 , -13 -194 166 84 -256 70 , -9 321 -321 0 -131 -452 , 0.00014169132345712068 , 31
2.610909425796979 , 28 -255 -391 -180 -177 -181 , 336 -207 207 0 10 217 , 69 224 31 -164 127 222 , 402 -114 114 0 121 235 , 208 391 255 180 210 78 , 194 -166 -97 256 -70 -13 , -62 97 166 -256 84 96 , 233 -31 -224 164 191 -97 , -9 321 -321 0 -131 -452 , 0.00014169132345732624 , 32
2.610909425796979 , 28 -255 -391 -180 -177 -181 , 336 -207 207 0 10 217 , -69 -224 -31 164 -127 -222 , 402 -114 114 0 121 235 , 208 391 255 180 210 78 , -194 166 97 -256 70 13 , 62 -97 -166 256 -84 -96 , -233 31 224 -164 -191 97 , -9 321 -321 0 -131 -452 , 0.00014169132345732624 , 33
2.610909425796979 , 28 -255 -391 -180 -177 -181 , 336 -207 207 0 10 217 , 97 -191 -164 224 31 -233 , 402 -114 114 0 121 235 , 208 391 255 180 210 78 , -96 -84 256 -166 -97 62 , 70 -256 84 166 -194 -13 , -127 164 191 -224 -69 222 , -9 321 -321 0 -131 -452 , 0.00014169132345739473 , 34
2.610909425796979 , 28 -255 -391 -180 -177 -181 , 336 -207 207 0 10 217 , -97 191 164 -224 -31 233 , 402 -114 114 0 121 235 , 208 391 255 180 210 78 , 96 84 -256 166 97 -62 , -70 256 -84 -166 194 13 , 127 -164 -191 224 69 -222 , -9 321 -321 0 -131 -452 , 0.00014169132345739473 , 35
2.7093511289185326 , 9 -221 -383 -225 -141 -147 , 312 -195 195 0 7 202 , -170 -158 136 91 -329 -4 , 426 -126 126 0 124 250 , 234 383 221 225 236 80 , 131 68 37 -42 48 176 , 173 -37 -68 42 139 -20 , -261 -136 158 -91 -140 -171 , -9 321 -321 0 -131 -452 , 0.00018234102256077506 , 0
2.7093511289185326 , 9 -221 -383 -225 -141 -147 , 312 -195 195 0 7 202 , 170 158 -136 -91 329 4 , 426 -126 126 0 124 250 , 234 383 221 225 236 80 , -131 -68 -37 42 -48 -176 , -173 37 68 -42 -139 20 , 261 136 -158 91 140 171 , -9 321 -321 0 -131 -452 , 0.00018234102256077506 , 1
2.7093511289185326 , 9 -221 -383 -225 -141 -147 , 426 -126 126 0 124 250 , -48 42 139 -68 -131 176 , 312 -195 195 0 7 202 , 234 383 221 225 236 80 , 329 -91 -140 158 170 -4 , 171 140 91 -158 136 261 , 20 -139 -42 68 37 -173 , -9 321 -321 0 -131 -452 , 0.00018234102256092034 , 2
2.7093511289185326 , 9 -221 -383 -225 -141 -147 , 426 -126 126 0 124 250 , -68 -131 176 -20 -173 37 , 312 -195 195 0 7 202 , 234 383 221 225 236 80 , 158 170 -4 -171 261 136 , 329 4 -170 171 140 91 , -48 -176 131 20 -139 -42 , -9 321 -321 0 -131 -452 , 0.00018234102256092034 , 3
2.7093511289185326 , 9 -221 -383 -225 -141 -147 , 426 -126 126 0 124 250 , 68 131 -176 20 173 -37 , 312 -195 195 0 7 202 , 234 383 221 225 236 80 , -158 -170 4 171 -261 -136 , -329 -4 170 -171 -140 -91 , 48 176 -131 -20 139 42 , -9 321 -321 0 -131 -452 , 0.00018234102256092034 , 4
2.7093511289185326 , 9 -221 -383 -225 -141 -147 , 426 -126 126 0 124 250 , 48 -42 -139 68 131 -176 , 312 -195 195 0 7 202 , 234 383 221 225 236 80 , -329 91 140 -158 -170 4 , -171 -140 -91 158 -136 -261 , -20 139 42 -68 -37 173 , -9 321 -321 0 -131 -452 , 0.00018234102256092034 , 5
2.7093511289185326 , 9 -221 -383 -225 -141 -147 , 426 -126 126 0 124 250 , 20 173 -37 -48 42 139 , 312 -195 195 0 7 202 , 234 383 221 225 236 80 , 171 -261 -136 329 -91 -140 , -158 136 261 -329 -4 170 , 68 37 -173 48 176 -131 , -9 321 -321 0 -131 -452 , 0.00018234102256099299 , 6
2.7093511289185326 , 9 -221 -383 -225 -141 -147 , 426 -126 126 0 124 250 , -20 -173 37 48 -42 -139 , 312 -195 195 0 7 202 , 234 383 221 225 236 80 , -171 261 136 -329 91 140 , 158 -136 -261 329 4 -170 , -68 -37 173 -48 -176 131 , -9 321 -321 0 -131 -452 , 0.00018234102256099299 , 7
2.7093511289185326 , 9 -221 -383 -225 -141 -147 , 312 -195 195 0 7 202 , -4 170 158 -140 -91 329 , 426 -126 126 0 124 250 , 234 383 221 225 236 80 , 176 -131 -68 139 42 -48 , 37 68 131 -139 20 173 , 136 -158 -170 140 171 -261 , -9 321 -321 0 -131 -452 , 0.00018234102256106563 , 8
2.7093511289185326 , 9 -221 -383 -225 -141 -147 , 312 -195 195 0 7 202 , 140 91 -329 136 261 -171 , 426 -126 126 0 124 250 , 234 383 221 225 236 80 , -139 -42 48 37 -173 -20 , -176 -48 42 -37 -68 -131 , 4 329 -91 -136 158 170 , -9 321 -321 0 -131 -452 , 0.00018234102256106563 , 9
2.7093511289185326 , 9 -221 -383 -225 -141 -147 , 312 -195 195 0 7 202 , -140 -91 329 -136 -261 171 , 426 -126 126 0 124 250 , 234 383 221 225 236 80 , 139 42 -48 -37 173 20 , 176 48 -42 37 68 131 , -4 -329 91 136 -158 -170 , -9 321 -321 0 -131 -452 , 0.00018234102256106563 , 10
2.7093511289185326 , 9 -221 -383 -225 -141 -147 , 312 -195 195 0 7 202 , 4 -170 -158 140 91 -329 , 426 -126 126 0 124 250 , 234 383 221 225 236 80 , -176 131 68 -139 -42 48 , -37 -68 -131 139 -20 -173 , -136 158 170 -140 -171 261 , -9 321 -321 0 -131 -452 , 0.00018234102256106563 , 11
2.7093511289185326 , 9 -221 -383 -225 -141 -147 , 426 -126 126 0 124 250 , -37 -68 -131 139 -20 -173 , 312 -195 195 0 7 202 , 234 383 221 225 236 80 , -136 158 170 -140 -171 261 , 4 -170 -158 140 91 -329 , -176 131 68 -139 -42 48 , -9 321 -321 0 -131 -452 , 0.00018234102256106563 , 12
2.7093511289185326 , 9 -221 -383 -225 -141 -147 , 426 -126 126 0 124 250 , 37 68 131 -139 20 173 , 312 -195 195 0 7 202 , 234 383 221 225 236 80 , 136 -158 -170 140 171 -261 , -4 170 158 -140 -91 329 , 176 -131 -68 139 42 -48 , -9 321 -321 0 -131 -452 , 0.00018234102256106563 , 13
2.7093511289185326 , 9 -221 -383 -225 -141 -147 , 426 -126 126 0 124 250 , -176 -48 42 -37 -68 -131 , 312 -195 195 0 7 202 , 234 383 221 225 236 80 , 4 329 -91 -136 158 170 , 140 91 -329 136 261 -171 , -139 -42 48 37 -173 -20 , -9 321 -321 0 -131 -452 , 0.00018234102256113824 , 14
2.7093511289185326 , 9 -221 -383 -225 -141 -147 , 426 -126 126 0 124 250 , 176 48 -42 37 68 131 , 312 -195 195 0 7 202 , 234 383 221 225 236 80 , -4 -329 91 136 -158 -170 , -140 -91 329 -136 -261 171 , 139 42 -48 -37 173 20 , -9 321 -321 0 -131 -452 , 0.00018234102256113824 , 15
2.7093511289185326 , 9 -221 -383 -225 -141 -147 , 426 -126 126 0 124 250 , 131 -176 -48 173 -37 -68 , 312 -195 195 0 7 202 , 234 383 221 225 236 80 , -170 4 329 -261 -136 158 , 91 -329 -4 261 -171 -140 , -42 48 176 -173 -20 139 , -9 321 -321 0 -131 -452 , 0.00018234102256113827 , 16
2.7093511289185326 , 9 -221 -383 -225 -141 -147 , 426 -126 126 0 124 250 , -131 176 48 -173 37 68 , 312 -195 195 0 7 202 , 234 383 221 225 236 80 , 170 -4 -329 261 136 -158 , -91 329 4 -261 171 140 , 42 -48 -176 173 20 -139 , -9 321 -321 0 -131 -452 , 0.00018234102256113827 , 17
2.7093511289185326 , 9 -221 -383 -225 -141 -147 , 312 -195 195 0 7 202 , -158 136 261 -329 -4 170 , 426 -126 126 0 124 250 , 234 383 221 225 236 80 , 68 37 -173 48 176 -131 , 20 173 -37 -48 42 139 , 171 -261 -136 329 -91 -140 , -9 321 -321 0 -131 -452 , 0.00018234102256121091 , 18
2.7093511289185326 , 9 -221 -383 -225 -141 -147 , 312 -195 195 0 7 202 , 158 -136 -261 329 4 -170 , 426 -126 126 0 124 250 , 234 383 221 225 236 80 , -68 -37 173 -48 -176 131 , -20 -173 37 48 -42 -139 , -171 261 136 -329 91 140 , -9 321 -321 0 -131 -452 , 0.00018234102256121091 , 19
2.7093511289185326 , 9 -221 -383 -225 -141 -147 , 426 -126 126 0 124 250 , 173 -37 -68 42 139 -20 , 312 -195 195 0 7 202 , 234 383 221 225 236 80 , -261 -136 158 -91 -140 -171 , -170 -158 136 91 -329 -4 , 131 68 37 -42 48 176 , -9 321 -321 0 -131 -452 , 0.00018234102256121091 , 20
2.7093511289185326 , 9 -221 -383 -225 -141 -147 , 426 -126 126 0 124 250 , -42 -139 20 131 -176 -48 , 312 -195 195 0 7 202 , 234 383 221 225 236 80 , 91 140 171 -170 4 329 , 261 -171 -140 170 158 -136 , -173 -20 139 -131 -68 -37 , -9 321 -321 0 -131 -452 , 0.00018234102256121091 , 21
2.7093511289185326 , 9 -221 -383 -225 -141 -147 , 426 -126 126 0 124 250 , 42 139 -20 -131 176 48 , 312 -195 195 0 7 202 , 234 383 221 225 236 80 , -91 -140 -171 170 -4 -329 , -261 171 140 -170 -158 136 , 173 20 -139 131 68 37 , -9 321 -321 0 -131 -452 , 0.00018234102256121091 , 22
2.7093511289185326 , 9 -221 -383 -225 -141 -147 , 426 -126 126 0 124 250 , -173 37 68 -42 -139 20 , 312 -195 195 0 7 202 , 234 383 221 225 236 80 , 261 136 -158 91 140 171 , 170 158 -136 -91 329 4 , -131 -68 -37 42 -48 -176 , -9 321 -321 0 -131 -452 , 0.00018234102256121091 , 23
2.7093511289185326 , 9 -221 -383 -225 -141 -147 , 312 -195 195 0 7 202 , 91 -329 -4 261 -171 -140 , 426 -126 126 0 124 250 , 234 383 221 225 236 80 , -42 48 176 -173 -20 139 , 131 -176 -48 173 -37 -68 , -170 4 329 -261 -136 158 , -9 321 -321 0 -131 -452 , 0.00018234102256135614 , 24
2.7093511289185326 , 9 -221 -383 -225 -141 -147 , 312 -195 195 0 7 202 , -91 329 4 -261 171 140 , 426 -126 126 0 124 250 , 234 383 221 225 236 80 , 42 -48 -176 173 20 -139 , -131 176 48 -173 37 68 , 170 -4 -329 261 136 -158 , -9 321 -321 0 -131 -452 , 0.00018234102256135614 , 25
2.7093511289185326 , 9 -221 -383 -225 -141 -147 , 312 -195 195 0 7 202 , -329 -4 170 -171 -140 -91 , 426 -126 126 0 124 250 , 234 383 221 225 236 80 , 48 176 -131 -20 139 42 , 68 131 -176 20 173 -37 , -158 -170 4 171 -261 -136 , -9 321 -321 0 -131 -452 , 0.00018234102256135617 , 26
2.7093511289185326 , 9 -221 -383 -225 -141 -147 , 312 -195 195 0 7 202 , 329 4 -170 171 140 91 , 426 -126 126 0 124 250 , 234 383 221 225 236 80 , -48 -176 131 20 -139 -42 , -68 -131 176 -20 -173 37 , 158 170 -4 -171 261 136 , -9 321 -321 0 -131 -452 , 0.00018234102256135617 , 27
2.7093511289185326 , 9 -221 -383 -225 -141 -147 , 312 -195 195 0 7 202 , -171 -140 -91 158 -136 -261 , 426 -126 126 0 124 250 , 234 383 221 225 236 80 , -20 139 42 -68 -37 173 , 48 -42 -139 68 131 -176 , -329 91 140 -158 -170 4 , -9 321 -321 0 -131 -452 , 0.00018234102256142883 , 28
2.7093511289185326 , 9 -221 -383 -225 -141 -147 , 312 -195 195 0 7 202 , -261 171 140 -170 -158 136 , 426 -126 126 0 124 250 , 234 383 221 225 236 80 , 173 20 -139 131 68 37 , 42 139 -20 -131 176 48 , -91 -140 -171 170 -4 -329 , -9 321 -321 0 -131 -452 , 0.00018234102256142883 , 29
2.7093511289185326 , 9 -221 -383 -225 -141 -147 , 312 -195 195 0 7 202 , 261 -171 -140 170 158 -136 , 426 -126 126 0 124 250 , 234 383 221 225 236 80 , -173 -20 139 -131 -68 -37 , -42 -139 20 131 -176 -48 , 91 140 171 -170 4 329 , -9 321 -321 0 -131 -452 , 0.00018234102256142883 , 30
2.7093511289185326 , 9 -221 -383 -225 -141 -147 , 312 -195 195 0 7 202 , 171 140 91 -158 136 261 , 426 -126 126 0 124 250 , 234 383 221 225 236 80 , 20 -139 -42 68 37 -173 , -48 42 139 -68 -131 176 , 329 -91 -140 158 170 -4 , -9 321 -321 0 -131 -452 , 0.00018234102256142883 , 31
2.7093511289185326 , 9 -221 -383 -225 -141 -147 , 312 -195 195 0 7 202 , 136 261 -171 -4 170 158 , 426 -126 126 0 124 250 , 234 383 221 225 236 80 , 37 -173 -20 176 -131 -68 , -139 20 173 -176 -48 42 , 140 171 -261 4 329 -91 , -9 321 -321 0 -131 -452 , 0.00018234102256164679 , 32
2.7093511289185326 , 9 -221 -383 -225 -141 -147 , 312 -195 195 0 7 202 , -136 -261 171 4 -170 -158 , 426 -126 126 0 124 250 , 234 383 221 225 236 80 , -37 173 20 -176 131 68 , 139 -20 -173 176 48 -42 , -140 -171 261 -4 -329 91 , -9 321 -321 0 -131 -452 , 0.00018234102256164679 , 33
2.7093511289185326 , 9 -221 -383 -225 -141 -147 , 426 -126 126 0 124 250 , -139 20 173 -176 -48 42 , 312 -195 195 0 7 202 , 234 383 221 225 236 80 , 140 171 -261 4 329 -91 , 136 261 -171 -4 170 158 , 37 -173 -20 176 -131 -68 , -9 321 -321 0 -131 -452 , 0.00018234102256171937 , 34
2.7093511289185326 , 9 -221 -383 -225 -141 -147 , 426 -126 126 0 124 250 , 139 -20 -173 176 48 -42 , 312 -195 195 0 7 202 , 234 383 221 225 236 80 , -140 -171 261 -4 -329 91 , -136 -261 171 4 -170 -158 , -37 173 20 -176 131 68 , -9 321 -321 0 -131 -452 , 0.00018234102256171937 , 35
2.7093511289185326 , 1 -36 -304 -276 -272 168 , -41 -91 91 0 -96 -5 , 29 -231 225 162 -413 211 , 316 -75 75 0 107 182 , 277 304 36 276 472 -236 , 37 53 -218 181 8 -62 , -144 218 -53 -181 156 -45 , -133 -225 231 -162 -14 -182 , 454 166 -166 0 -11 -177 , 0.00020964380800573927 , 36
2.7093511289185326 , 1 -36 -304 -276 -272 168 , -41 -91 91 0 -96 -5 , -29 231 -225 -162 413 -211 , 316 -75 75 0 107 182 , 277 304 36 276 472 -236 , -37 -53 218 -181 -8 62 , 144 -218 53 181 -156 45 , 133 225 -231 162 14 182 , 454 166 -166 0 -11 -177 , 0.00020964380800573927 , 37
2.7093511289185326 , 1 -36 -304 -276 -272 168 , 316 -75 75 0 107 182 , -181 156 -45 -37 -62 8 , -41 -91 91 0 -96 -5 , 277 304 36 276 472 -236 , -162 -14 -182 -29 211 -413 , -133 182 14 29 -231 225 , -144 45 -156 37 53 -218 , 454 166 -166 0 -11 -177 , 0.00020964380800583867 , 38
2.7093511289185326 , 1 -36 -304 -276 -272 168 , 316 -75 75 0 107 182 , 181 -156 45 37 62 -8 , -41 -91 91 0 -96 -5 , 277 304 36 276 472 -236 , 162 14 182 29 -211 413 , 133 -182 -14 -29 231 -225 , 144 -45 156 -37 -53 218 , 454 166 -166 0 -11 -177 , 0.00020964380800583867 , 39
2.7093511289185326 , 1 -36 -304 -276 -272 168 , -41 -91 91 0 -96 -5 , 211 -29 231 -14 -162 413 , 316 -75 75 0 107 182 , 277 304 36 276 472 -236 , -62 -37 -53 156 -181 -8 , -218 53 37 -156 45 -144 , 225 -231 29 14 182 -133 , 454 166 -166 0 -11 -177 , 0.00020964380800583932 , 40
2.7093511289185326 , 1 -36 -304 -276 -272 168 , -41 -91 91 0 -96 -5 , -211 29 -231 14 162 -413 , 316 -75 75 0 107 182 , 277 304 36 276 472 -236 , 62 37 53 -156 181 8 , 218 -53 -37 156 -45 144 , -225 231 -29 -14 -182 133 , 454 166 -166 0 -11 -177 , 0.00020964380800583932 , 41
2.7093511289185326 , 1 -36 -304 -276 -272 168 , 316 -75 75 0 107 182 , 8 181 -156 53 37 62 , -41 -91 91 0 -96 -5 , 277 304 36 276 472 -236 , -413 162 14 -231 29 -211 , -182 -14 -162 231 -225 -133 , -45 156 -181 -53 218 -144 , 454 166 -166 0 -11 -177 , 0.0002096438080058858 , 42
2.7093511289185326 , 1 -36 -304 -276 -272 168 , 316 -75 75 0 107 182 , -8 -181 156 -53 -37 -62 , -41 -91 91 0 -96 -5 , 277 304 36 276 472 -236 , 413 -162 -14 231 -29 211 , 182 14 162 -231 225 133 , 45 -156 181 53 -218 144 , 454 166 -166 0 -11 -177 , 0.0002096438080058858 , 43
2.7093511289185326 , 1 -36 -304 -276 -272 168 , 316 -75 75 0 107 182 , 156 -45 144 -62 8 181 , -41 -91 91 0 -96 -5 , 277 304 36 276 472 -236 , -14 -182 133 211 -413 162 , -225 -133 182 -211 29 -231 , 218 -144 45 62 37 53 , 454 166 -166 0 -11 -177 , 0.00020964380800592676 , 44
2.7093511289185326 , 1 -36 -304 -276 -272 168 , 316 -75 75 0 107 182 , -156 45 -144 62 -8 -181 , -41 -91 91 0 -96 -5 , 277 304 36 276 472 -236 , 14 182 -133 -211 413 -162 , 225 133 -182 211 -29 231 , -218 144 -45 -62 -37 -53 , 454 166 -166 0 -11 -177 , 0.00020964380800592676 , 45
2.7093511289185326 , 1 -36 -304 -276 -272 168 , -41 -91 91 0 -96 -5 , -231 225 133 -413 211 -29 , 316 -75 75 0 107 182 , 277 304 36 276 472 -236 , 53 -218 144 8 -62 -37 , 45 -144 218 -8 -181 156 , 182 -133 -225 413 -162 -14 , 454 166 -166 0 -11 -177 , 0.00020964380800593503 , 46
2.7093511289185326 , 1 -36 -304 -276 -272 168 , -41 -91 91 0 -96 -5 , 231 -225 -133 413 -211 29 , 316 -75 75 0 107 182 , 277 304 36 276 472 -236 , -53 218 -144 -8 62 37 , -45 144 -218 8 181 -156 , -182 133 225 -413 162 14 , 454 166 -166 0 -11 -177 , 0.00020964380800593503 , 47
2.7093511289185326 , 1 -36 -304 -276 -272 168 , -41 -91 91 0 -96 -5 , 14 162 -413 225 133 -182 , 316 -75 75 0 107 182 , 277 304 36 276 472 -236 , -156 181 8 -218 144 -45 , 62 -8 -181 218 -53 -37 , -211 413 -162 -225 231 -29 , 454 166 -166 0 -11 -177 , 0.00020964380800597015 , 48
2.7093511289185326 , 1 -36 -304 -276 -272 168 , -41 -91 91 0 -96 -5 , -14 -162 413 -225 -133 182 , 316 -75 75 0 107 182 , 277 304 36 276 472 -236 , 156 -181 -8 218 -144 45 , -62 8 181 -218 53 37 , 211 -413 162 225 -231 29 , 454 166 -166 0 -11 -177 , 0.00020964380800597015 , 49
2.7093511289185326 , 1 -36 -304 -276 -272 168 , -41 -91 91 0 -96 -5 , -133 182 14 29 -231 225 , 316 -75 75 0 107 182 , 277 304 36 276 472 -236 , -144 45 -156 37 53 -218 , -181 156 -45 -37 -62 8 , -162 -14 -182 -29 211 -413 , 454 166 -166 0 -11 -177 , 0.00020964380800598861 , 50
2.7093511289185326 , 1 -36 -304 -276 -272 168 , -41 -91 91 0 -96 -5 , 133 -182 -14 -29 231 -225 , 316 -75 75 0 107 182 , 277 304 36 276 472 -236 , 144 -45 156 -37 -53 218 , 181 -156 45 37 62 -8 , 162 14 182 29 -211 413 , 454 166 -166 0 -11 -177 , 0.00020964380800598861 , 51
2.7093511289185326 , 1 -36 -304 -276 -272 168 , -41 -91 91 0 -96 -5 , -162 413 -211 -133 182 14 , 316 -75 75 0 107 182 , 277 304 36 276 472 -236 , -181 -8 62 -144 45 -156 , -37 -62 8 144 -218 53 , -29 211 -413 133 225 -231 , 454 166 -166 0 -11 -177 , 0.00020964380800600414 , 52
2.7093511289185326 , 1 -36 -304 -276 -272 168 , -41 -91 91 0 -96 -5 , 162 -413 211 133 -182 -14 , 316 -75 75 0 107 182 , 277 304 36 276 472 -236 , 181 8 -62 144 -45 156 , 37 62 -8 -144 218 -53 , 29 -211 413 -133 -225 231 , 454 166 -166 0 -11 -177 , 0.00020964380800600414 , 53
2.7093511289185326 , 1 -36 -304 -276 -272 168 , 316 -75 75 0 107 182 , -218 53 37 -156 45 -144 , -41 -91 91 0 -96 -5 , 277 304 36 276 472 -236 , 225 -231 29 14 182 -133 , 211 -29 231 -14 -162 413 , -62 -37 -53 156 -181 -8 , 454 166 -166 0 -11 -177 , 0.00020964380800601938 , 54
2.7093511289185326 , 1 -36 -304 -276 -272 168 , 316 -75 75 0 107 182 , 218 -53 -37 156 -45 144 , -41 -91 91 0 -96 -5 , 277 304 36 276 472 -236 , -225 231 -29 -14 -182 133 , -211 29 -231 14 162 -413 , 62 37 53 -156 181 8 , 454 166 -166 0 -11 -177 , 0.00020964380800601938 , 55
2.7093511289185326 , 1 -36 -304 -276 -272 168 , 316 -75 75 0 107 182 , -62 8 181 -218 53 37 , -41 -91 91 0 -96 -5 , 277 304 36 276 472 -236 , 211 -413 162 225 -231 29 , -14 -162 413 -225 -133 182 , 156 -181 -8 218 -144 45 , 454 166 -166 0 -11 -177 , 0.00020964380800603103 , 56
2.7093511289185326 , 1 -36 -304 -276 -272 168 , 316 -75 75 0 107 182 , 62 -8 -181 218 -53 -37 , -41 -91 91 0 -96 -5 , 277 304 36 276 472 -236 , -211 413 -162 -225 231 -29 , 14 162 -413 225 133 -182 , -156 181 8 -218 144 -45 , 454 166 -166 0 -11 -177 , 0.00020964380800603103 , 57
2.7093511289185326 , 1 -36 -304 -276 -272 168 , -41 -91 91 0 -96 -5 , 225 133 -182 211 -29 231 , 316 -75 75 0 107 182 , 277 304 36 276 472 -236 , -218 144 -45 -62 -37 -53 , -156 45 -144 62 -8 -181 , 14 182 -133 -211 413 -162 , 454 166 -166 0 -11 -177 , 0.00020964380800603363 , 58
2.7093511289185326 , 1 -36 -304 -276 -272 168 , -41 -91 91 0 -96 -5 , -225 -133 182 -211 29 -231 , 316 -75 75 0 107 182 , 277 304 36 276 472 -236 , 218 -144 45 62 37 53 , 156 -45 144 -62 8 181 , -14 -182 133 211 -413 162 , 454 166 -166 0 -11 -177 , 0.00020964380800603363 , 59
2.7093511289185326 , 1 -36 -304 -276 -272 168 , 316 -75 75 0 107 182 , -37 -62 8 144 -218 53 , -41 -91 91 0 -96 -5 , 277 304 36 276 472 -236 , -29 211 -413 133 225 -231 , -162 413 -211 -133 182 14 , -181 -8 62 -144 45 -156 , 454 166 -166 0 -11 -177 , 0.00020964380800603784 , 60
2.7093511289185326 , 1 -36 -304 -276 -272 168 , 316 -75 75 0 107 182 , 37 62 -8 -144 218 -53 , -41 -91 91 0 -96 -5 , 277 304 36 276 472 -236 , 29 -211 413 -133 -225 231 , 162 -413 211 133 -182 -14 , 181 8 -62 144 -45 156 , 454 166 -166 0 -11 -177 , 0.00020964380800603784 , 61
2.7093511289185326 , 1 -36 -304 -276 -272 168 , 316 -75 75 0 107 182 , 53 37 62 45 -144 218 , -41 -91 91 0 -96 -5 , 277 304 36 276 472 -236 , -231 29 -211 182 -133 -225 , -413 211 -29 -182 -14 -162 , 8 -62 -37 -45 156 -181 , 454 166 -166 0 -11 -177 , 0.00020964380800606874 , 62
2.7093511289185326 , 1 -36 -304 -276 -272 168 , 316 -75 75 0 107 182 , -53 -37 -62 -45 144 -218 , -41 -91 91 0 -96 -5 , 277 304 36 276 472 -236 , 231 -29 211 -182 133 225 , 413 -211 29 182 14 162 , -8 62 37 45 -156 181 , 454 166 -166 0 -11 -177 , 0.00020964380800606874 , 63
2.7093511289185326 , 1 -36 -304 -276 -272 168 , -41 -91 91 0 -96 -5 , -182 -14 -162 231 -225 -133 , 316 -75 75 0 107 182 , 277 304 36 276 472 -236 , -45 156 -181 -53 218 -144 , 8 181 -156 53 37 62 , -413 162 14 -231 29 -211 , 454 166 -166 0 -11 -177 , 0.00020964380800608026 , 64
2.7093511289185326 , 1 -36 -304 -276 -272 168 , -41 -91 91 0 -96 -5 , 182 14 162 -231 225 133 , 316 -75 75 0 107 182 , 277 304 36 276 472 -236 , 45 -156 181 53 -218 144 , -8 -181 156 -53 -37 -62 , 413 -162 -14 231 -29 211 , 454 166 -166 0 -11 -177 , 0.00020964380800608026 , 65
2.7093511289185326 , 1 -36 -304 -276 -272 168 , 316 -75 75 0 107 182 , 144 -218 53 181 -156 45 , -41 -91 91 0 -96 -5 , 277 304 36 276 472 -236 , 133 225 -231 162 14 182 , -29 231 -225 -162 413 -211 , -37 -53 218 -181 -8 62 , 454 166 -166 0 -11 -177 , 0.00020964380800609603 , 66
2.7093511289185326 , 1 -36 -304 -276 -272 168 , 316 -75 75 0 107 182 , -144 218 -53 -181 156 -45 , -41 -91 91 0 -96 -5 , 277 304 36 276 472 -236 , -133 -225 231 -162 -14 -182 , 29 -231 225 162 -413 211 , 37 53 -218 181 8 -62 , 454 166 -166 0 -11 -177 , 0.00020964380800609603 , 67
2.7093511289185326 , 1 -36 -304 -276 -272 168 , 316 -75 75 0 107 182 , -45 144 -218 8 181 -156 , -41 -91 91 0 -96 -5 , 277 304 36 276 472 -236 , -182 133 225 -413 162 14 , 231 -225 -133 413 -211 29 , -53 218 -144 -8 62 37 , 454 166 -166 0 -11 -177 , 0.00020964380800610194 , 68
2.7093511289185326 , 1 -36 -304 -276 -272 168 , 316 -75 75 0 107 182 , 45 -144 218 -8 -181 156 , -41 -91 91 0 -96 -5 , 277 304 36 276 472 -236 , 182 -133 -225 413 -162 -14 , -231 225 133 -413 211 -29 , 53 -218 144 8 -62 -37 , 454 166 -166 0 -11 -177 , 0.00020964380800610194 , 69
2.7093511289185326 , 1 -36 -304 -276 -272 168 , -41 -91 91 0 -96 -5 , -413 211 -29 -182 -14 -162 , 316 -75 75 0 107 182 , 277 304 36 276 472 -236 , 8 -62 -37 -45 156 -181 , 53 37 62 45 -144 218 , -231 29 -211 182 -133 -225 , 454 166 -166 0 -11 -177 , 0.00020964380800610324 , 70
2.7093511289185326 , 1 -36 -304 -276 -272 168 , -41 -91 91 0 -96 -5 , 413 -211 29 182 14 162 , 316 -75 75 0 107 182 , 277 304 36 276 472 -236 , -8 62 37 45 -156 181 , -53 -37 -62 -45 144 -218 , 231 -29 211 -182 133 225 , 454 166 -166 0 -11 -177 , 0.00020964380800610324 , 71
2.812488677867801 , -111 -352 -311 -191 -275 -213 , 339 -198 198 0 19 217 , -57 251 68 -187 31 225 , 399 -123 123 0 112 235 , 80 311 352 191 98 77 , 199 72 -60 74 35 185 , 125 60 -72 -74 245 -37 , 130 -68 -251 187 157 -220 , -9 321 -321 0 -131 -452 , 0.00013860671784635036 , 0
2.812488677867801 , -111 -352 -311 -191 -275 -213 , 339 -198 198 0 19 217 , 57 -251 -68 187 -31 -225 , 399 -123 123 0 112 235 , 80 311 352 191 98 77 , -199 -72 60 -74 -35 -185 , -125 -60 72 74 -245 37 , -130 68 251 -187 -157 220 , -9 321 -321 0 -131 -452 , 0.00013860671784635036 , 1
2.812488677867801 , -111 -352 -311 -191 -275 -213 , 399 -123 123 0 112 235 , -35 -74 245 -72 -199 185 , 339 -198 198 0 19 217 , 80 311 352 191 98 77 , -31 187 157 -251 57 225 , 220 -157 -187 251 68 -130 , 37 -245 74 72 -60 -125 , -9 321 -321 0 -131 -452 , 0.00013860671784648643 , 2
2.812488677867801 , -111 -352 -311 -191 -275 -213 , 399 -123 123 0 112 235 , 60 -72 -199 245 -37 -125 , 339 -198 198 0 19 217 , 80 311 352 191 98 77 , -68 -251 57 157 -220 -130 , -225 -57 251 -157 -187 31 , -185 199 72 -245 74 35 , -9 321 -321 0 -131 -452 , 0.00013860671784648643 , 3
2.812488677867801 , -111 -352 -311 -191 -275 -213 , 399 -123 123 0 112 235 , -60 72 199 -245 37 125 , 339 -198 198 0 19 217 , 80 311 352 191 98 77 , 68 251 -57 -157 220 130 , 225 57 -251 157 187 -31 , 185 -199 -72 245 -74 -35 , -9 321 -321 0 -131 -452 , 0.00013860671784648643 , 4
2.812488677867801 , -111 -352 -311 -191 -275 -213 , 399 -123 123 0 112 235 , 35 74 -245 72 199 -185 , 339 -198 198 0 19 217 , 80 311 352 191 98 77 , 31 -187 -157 251 -57 -225 , -220 157 187 -251 -68 130 , -37 245 -74 -72 60 125 , -9 321 -321 0 -131 -452 , 0.00013860671784648643 , 5
2.812488677867801 , -111 -352 -311 -191 -275 -213 , 339 -198 198 0 19 217 , -251 -68 130 -31 -225 -57 , 399 -123 123 0 112 235 , 80 311 352 191 98 77 , -72 60 125 -35 -185 199 , -37 -125 -60 35 74 -245 , -220 -130 68 31 -187 -157 , -9 321 -321 0 -131 -452 , 0.00013860671784648646 , 6
2.812488677867801 , -111 -352 -311 -191 -275 -213 , 339 -198 198 0 19 217 , 251 68 -130 31 225 57 , 399 -123 123 0 112 235 , 80 311 352 191 98 77 , 72 -60 -125 35 185 -199 , 37 125 60 -35 -74 245 , 220 130 -68 -31 187 157 , -9 321 -321 0 -131 -452 , 0.00013860671784648646 , 7
2.812488677867801 , -111 -352 -311 -191 -275 -213 , 399 -123 123 0 112 235 , -185 -35 -74 60 -72 -199 , 339 -198 198 0 19 217 , 80 311 352 191 98 77 , -225 -31 187 -68 -251 57 , -157 -187 31 68 -130 -220 , -245 74 35 -60 -125 -37 , -9 321 -321 0 -131 -452 , 0.00013860671784655446 , 8
2.812488677867801 , -111 -352 -311 -191 -275 -213 , 399 -123 123 0 112 235 , 185 35 74 -60 72 199 , 339 -198 198 0 19 217 , 80 311 352 191 98 77 , 225 31 -187 68 251 -57 , 157 187 -31 -68 130 220 , 245 -74 -35 60 125 37 , -9 321 -321 0 -131 -452 , 0.00013860671784655446 , 9
2.812488677867801 , -111 -352 -311 -191 -275 -213 , 339 -198 198 0 19 217 , -157 -187 31 68 -130 -220 , 399 -123 123 0 112 235 , 80 311 352 191 98 77 , -245 74 35 -60 -125 -37 , -185 -35 -74 60 -72 -199 , -225 -31 187 -68 -251 57 , -9 321 -321 0 -131 -452 , 0.00013860671784655446 , 10
2.812488677867801 , -111 -352 -311 -191 -275 -213 , 339 -198 198 0 19 217 , 157 187 -31 -68 130 220 , 399 -123 123 0 112 235 , 80 311 352 191 98 77 , 245 -74 -35 60 125 37 , 185 35 74 -60 72 199 , 225 31 -187 68 251 -57 , -9 321 -321 0 -131 -452 , 0.00013860671784655446 , 11
2.812488677867801 , -111 -352 -311 -191 -275 -213 , 399 -123 123 0 112 235 , 125 60 -72 -74 245 -37 , 339 -198 198 0 19 217 , 80 311 352 191 98 77 , 130 -68 -251 187 157 -220 , -57 251 68 -187 31 225 , 199 72 -60 74 35 185 , -9 321 -321 0 -131 -452 , 0.00013860671784655449 , 12
2.812488677867801 , -111 -352 -311 -191 -275 -213 , 399 -123 123 0 112 235 , -125 -60 72 74 -245 37 , 339 -198 198 0 19 217 , 80 311 352 191 98 77 , -130 68 251 -187 -157 220 , 57 -251 -68 187 -31 -225 , -199 -72 60 -74 -35 -185 , -9 321 -321 0 -131 -452 , 0.00013860671784655449 , 13
2.812488677867801 , -111 -352 -311 -191 -275 -213 , 399 -123 123 0 112 235 , -199 185 35 -125 -60 72 , 339 -198 198 0 19 217 , 80 311 352 191 98 77 , 57 225 31 -130 68 251 , 187 -31 -225 130 220 -157 , -74 -35 -185 125 37 -245 , -9 321 -321 0 -131 -452 , 0.00013860671784669053 , 14
2.812488677867801 , -111 -352 -311 -191 -275 -213 , 399 -123 123 0 112 235 , 199 -185 -35 125 60 -72 , 339 -198 198 0 19 217 , 80 311 352 191 98 77 , -57 -225 -31 130 -68 -251 , -187 31 225 -130 -220 157 , 74 35 185 -125 -37 245 , -9 321 -321 0 -131 -452 , 0.00013860671784669053 , 15
2.812488677867801 , -111 -352 -311 -191 -275 -213 , 399 -123 123 0 112 235 , -37 -125 -60 35 74 -245 , 339 -198 198 0 19 217 , 80 311 352 191 98 77 , -220 -130 68 31 -187 -157 , -251 -68 130 -31 -225 -57 , -72 60 125 -35 -185 199 , -9 321 -321 0 -131 -452 , 0.00013860671784669056 , 16
2.812488677867801 , -111 -352 -311 -191 -275 -213 , 399 -123 123 0 112 235 , 37 125 60 -35 -74 245 , 339 -198 198 0 19 217 , 80 311 352 191 98 77 , 220 130 -68 -31 187 157 , 251 68 -130 31 225 57 , 72 -60 -125 35 185 -199 , -9 321 -321 0 -131 -452 , 0.00013860671784669056 , 17
2.812488677867801 , -111 -352 -311 -191 -275 -213 , 339 -198 198 0 19 217 , 220 -157 -187 251 68 -130 , 399 -123 123 0 112 235 , 80 311 352 191 98 77 , 37 -245 74 72 -60 -125 , -35 -74 245 -72 -199 185 , -31 187 157 -251 57 225 , -9 321 -321 0 -131 -452 , 0.00013860671784669056 , 18
2.812488677867801 , -111 -352 -311 -191 -275 -213 , 339 -198 198 0 19 217 , -68 130 220 -225 -57 251 , 399 -123 123 0 112 235 , 80 311 352 191 98 77 , 60 125 37 -185 199 72 , 245 -37 -125 185 35 74 , 157 -220 -130 225 31 -187 , -9 321 -321 0 -131 -452 , 0.00013860671784669056 , 19
2.812488677867801 , -111 -352 -311 -191 -275 -213 , 339 -198 198 0 19 217 , 68 -130 -220 225 57 -251 , 399 -123 123 0 112 235 , 80 311 352 191 98 77 , -60 -125 -37 185 -199 -72 , -245 37 125 -185 -35 -74 , -157 220 130 -225 -31 187 , -9 321 -321 0 -131 -452 , 0.00013860671784669056 , 20
2.812488677867801 , -111 -352 -311 -191 -275 -213 , 339 -198 198 0 19 217 , -220 157 187 -251 -68 130 , 399 -123 123 0 112 235 , 80 311 352 191 98 77 , -37 245 -74 -72 60 125 , 35 74 -245 72 199 -185 , 31 -187 -157 251 -57 -225 , -9 321 -321 0 -131 -452 , 0.00013860671784669056 , 21
2.812488677867801 , -111 -352 -311 -191 -275 -213 , 399 -123 123 0 112 235 , -72 -199 185 -37 -125 -60 , 339 -198 198 0 19 217 , 80 311 352 191 98 77 , -251 57 225 -220 -130 68 , -31 -225 -57 220 -157 -187 , -35 -185 199 37 -245 74 , -9 321 -321 0 -131 -452 , 0.00013860671784675856 , 22
2.812488677867801 , -111 -352 -311 -191 -275 -213 , 399 -123 123 0 112 235 , 72 199 -185 37 125 60 , 339 -198 198 0 19 217 , 80 311 352 191 98 77 , 251 -57 -225 220 130 -68 , 31 225 57 -220 157 187 , 35 185 -199 -37 245 -74 , -9 321 -321 0 -131 -452 , 0.00013860671784675856 , 23
2.812488677867801 , -111 -352 -311 -191 -275 -213 , 339 -198 198 0 19 217 , -187 31 225 -130 -220 157 , 399 -123 123 0 112 235 , 80 311 352 191 98 77 , 74 35 185 -125 -37 245 , 199 -185 -35 125 60 -72 , -57 -225 -31 130 -68 -251 , -9 321 -321 0 -131 -452 , 0.00013860671784675856 , 24
2.812488677867801 , -111 -352 -311 -191 -275 -213 , 339 -198 198 0 19 217 , 187 -31 -225 130 220 -157 , 399 -123 123 0 112 235 , 80 311 352 191 98 77 , -74 -35 -185 125 37 -245 , -199 185 35 -125 -60 72 , 57 225 31 -130 68 251 , -9 321 -321 0 -131 -452 , 0.00013860671784675856 , 25
2.812488677867801 , -111 -352 -311 -191 -275 -213 , 399 -123 123 0 112 235 , -245 37 125 -185 -35 -74 , 339 -198 198 0 19 217 , 80 311 352 191 98 77 , -157 220 130 -225 -31 187 , 68 -130 -220 225 57 -251 , -60 -125 -37 185 -199 -72 , -9 321 -321 0 -131 -452 , 0.00013860671784675859 , 26
2.812488677867801 , -111 -352 -311 -191 -275 -213 , 399 -123 123 0 112 235 , 245 -37 -125 185 35 74 , 339 -198 198 0 19 217 , 80 311 352 191 98 77 , 157 -220 -130 225 31 -187 , -68 130 220 -225 -57 251 , 60 125 37 -185 199 72 , -9 321 -321 0 -131 -452 , 0.00013860671784675859 , 27
2.812488677867801 , -111 -352 -311 -191 -275 -213 , 339 -198 198 0 19 217 , 130 220 -157 -57 251 68 , 399 -123 123 0 112 235 , 80 311 352 191 98 77 , 125 37 -245 199 72 -60 , -74 245 -37 -199 185 35 , 187 157 -220 57 225 31 , -9 321 -321 0 -131 -452 , 0.00013860671784682665 , 28
2.812488677867801 , -111 -352 -311 -191 -275 -213 , 339 -198 198 0 19 217 , -130 -220 157 57 -251 -68 , 399 -123 123 0 112 235 , 80 311 352 191 98 77 , -125 -37 245 -199 -72 60 , 74 -245 37 199 -185 -35 , -187 -157 220 -57 -225 -31 , -9 321 -321 0 -131 -452 , 0.00013860671784682665 , 29
2.812488677867801 , -111 -352 -311 -191 -275 -213 , 339 -198 198 0 19 217 , -31 -225 -57 220 -157 -187 , 399 -123 123 0 112 235 , 80 311 352 191 98 77 , -35 -185 199 37 -245 74 , -72 -199 185 -37 -125 -60 , -251 57 225 -220 -130 68 , -9 321 -321 0 -131 -452 , 0.00013860671784689463 , 30
2.812488677867801 , -111 -352 -311 -191 -275 -213 , 339 -198 198 0 19 217 , 31 225 57 -220 157 187 , 399 -123 123 0 112 235 , 80 311 352 191 98 77 , 35 185 -199 -37 245 -74 , 72 199 -185 37 125 60 , 251 -57 -225 220 130 -68 , -9 321 -321 0 -131 -452 , 0.00013860671784689463 , 31
2.812488677867801 , -111 -352 -311 -191 -275 -213 , 399 -123 123 0 112 235 , -74 245 -37 -199 185 35 , 339 -198 198 0 19 217 , 80 311 352 191 98 77 , 187 157 -220 57 225 31 , 130 220 -157 -57 251 68 , 125 37 -245 199 72 -60 , -9 321 -321 0 -131 -452 , 0.00013860671784709873 , 32
2.812488677867801 , -111 -352 -311 -191 -275 -213 , 399 -123 123 0 112 235 , 74 -245 37 199 -185 -35 , 339 -198 198 0 19 217 , 80 311 352 191 98 77 , -187 -157 220 -57 -225 -31 , -130 -220 157 57 -251 -68 , -125 -37 245 -199 -72 60 , -9 321 -321 0 -131 -452 , 0.00013860671784709873 , 33
2.812488677867801 , -111 -352 -311 -191 -275 -213 , 339 -198 198 0 19 217 , -225 -57 251 -157 -187 31 , 399 -123 123 0 112 235 , 80 311 352 191 98 77 , -185 199 72 -245 74 35 , 60 -72 -199 245 -37 -125 , -68 -251 57 157 -220 -130 , -9 321 -321 0 -131 -452 , 0.0001386067178472348 , 34
2.812488677867801 , -111 -352 -311 -191 -275 -213 , 339 -198 198 0 19 217 , 225 57 -251 157 187 -31 , 399 -123 123 0 112 235 , 80 311 352 191 98 77 , 185 -199 -72 245 -74 -35 , -60 72 199 -245 37 125 , 68 251 -57 -157 220 130 , -9 321 -321 0 -131 -452 , 0.0001386067178472348 , 35
2.908966627113316 , -88 -293 -325 -221 -218 -147 , 469 -105 105 0 164 269 , -3 -76 -15 34 7 -93 , 269 -216 216 0 -33 183 , 133 325 293 221 178 75 , -362 -2 213 -219 -143 -88 , -143 -213 2 219 -301 -141 , -37 15 76 -34 -78 83 , -9 321 -321 0 -131 -452 , 0.00018511425606414914 , 0
2.908966627113316 , -88 -293 -325 -221 -218 -147 , 469 -105 105 0 164 269 , 3 76 15 -34 -7 93 , 269 -216 216 0 -33 183 , 133 325 293 221 178 75 , 362 2 -213 219 143 88 , 143 213 -2 -219 301 141 , 37 -15 -76 34 78 -83 , -9 321 -321 0 -131 -452 , 0.00018511425606414914 , 1
2.908966627113316 , -88 -293 -325 -221 -218 -147 , 269 -216 216 0 -33 183 , -2 -362 88 141 -143 -213 , 469 -105 105 0 164 269 , 133 325 293 221 178 75 , -76 -3 93 -83 -37 15 , 7 -93 3 83 -78 -34 , -143 -88 362 -141 -301 219 , -9 321 -321 0 -131 -452 , 0.00018511425606414916 , 2
2.908966627113316 , -88 -293 -325 -221 -218 -147 , 269 -216 216 0 -33 183 , 2 362 -88 -141 143 213 , 469 -105 105 0 164 269 , 133 325 293 221 178 75 , 76 3 -93 83 37 -15 , -7 93 -3 -83 78 34 , 143 88 -362 141 301 -219 , -9 321 -321 0 -131 -452 , 0.00018511425606414916 , 3
2.908966627113316 , -88 -293 -325 -221 -218 -147 , 469 -105 105 0 164 269 , 7 -93 3 83 -78 -34 , 269 -216 216 0 -33 183 , 133 325 293 221 178 75 , -143 -88 362 -141 -301 219 , -2 -362 88 141 -143 -213 , -76 -3 93 -83 -37 15 , -9 321 -321 0 -131 -452 , 0.00018511425606414916 , 4
2.908966627113316 , -88 -293 -325 -221 -218 -147 , 469 -105 105 0 164 269 , 37 83 -78 3 76 15 , 269 -216 216 0 -33 183 , 133 325 293 221 178 75 , 143 -141 -301 362 2 -213 , -219 301 141 -362 88 143 , 34 78 -83 -3 93 -7 , -9 321 -321 0 -131 -452 , 0.00018511425606414916 , 5
2.908966627113316 , -88 -293 -325 -221 -218 -147 , 469 -105 105 0 164 269 , -37 -83 78 -3 -76 -15 , 269 -216 216 0 -33 183 , 133 325 293 221 178 75 , -143 141 301 -362 -2 213 , 219 -301 -141 362 -88 -143 , -34 -78 83 3 -93 7 , -9 321 -321 0 -131 -452 , 0.00018511425606414916 , 6
2.908966627113316 , -88 -293 -325 -221 -218 -147 , 469 -105 105 0 164 269 , -7 93 -3 -83 78 34 , 269 -216 216 0 -33 183 , 133 325 293 221 178 75 , 143 88 -362 141 301 -219 , 2 362 -88 -141 143 213 , 76 3 -93 83 37 -15 , -9 321 -321 0 -131 -452 , 0.00018511425606414916 , 7
2.908966627113316 , -88 -293 -325 -221 -218 -147 , 469 -105 105 0 164 269 , -83 78 34 -76 -15 37 , 269 -216 216 0 -33 183 , 133 325 293 221 178 75 , 141 301 -219 -2 213 143 , 143 219 -301 2 362 -88 , -7 -34 -78 76 3 -93 , -9 321 -321 0 -131 -452 , 0.00018511425606414919 , 8
2.908966627113316 , -88 -293 -325 -221 -218 -147 , 469 -105 105 0 164 269 , 83 -78 -34 76 15 -37 , 269 -216 216 0 -33 183 , 133 325 293 221 178 75 , -141 -301 219 2 -213 -143 , -143 -219 301 -2 -362 88 , 7 34 78 -76 -3 93 , -9 321 -321 0 -131 -452 , 0.00018511425606414919 , 9
2.908966627113316 , -88 -293 -325 -221 -218 -147 , 469 -105 105 0 164 269 , -93 3 76 -78 -34 -7 , 269 -216 216 0 -33 183 , 133 325 293 221 178 75 , -88 362 2 -301 219 143 , 213 -2 -362 301 141 -143 , -15 -76 -3 78 -83 -37 , -9 321 -321 0 -131 -452 , 0.00018511425606422194 , 10
2.908966627113316 , -88 -293 -325 -221 -218 -147 , 469 -105 105 0 164 269 , 93 -3 -76 78 34 7 , 269 -216 216 0 -33 183 , 133 325 293 221 178 75 , 88 -362 -2 301 -219 -143 , -213 2 362 -301 -141 143 , 15 76 3 -78 83 37 , -9 321 -321 0 -131 -452 , 0.00018511425606422194 , 11
2.908966627113316 , -88 -293 -325 -221 -218 -147 , 469 -105 105 0 164 269 , -15 37 83 -93 3 76 , 269 -216 216 0 -33 183 , 133 325 293 221 178 75 , 213 143 -141 -88 362 2 , 301 141 -143 88 143 219 , 78 -83 -37 93 -7 -34 , -9 321 -321 0 -131 -452 , 0.0001851142560642948 , 12
2.908966627113316 , -88 -293 -325 -221 -218 -147 , 469 -105 105 0 164 269 , 15 -37 -83 93 -3 -76 , 269 -216 216 0 -33 183 , 133 325 293 221 178 75 , -213 -143 141 88 -362 -2 , -301 -141 143 -88 -143 -219 , -78 83 37 -93 7 34 , -9 321 -321 0 -131 -452 , 0.0001851142560642948 , 13
2.908966627113316 , -88 -293 -325 -221 -218 -147 , 269 -216 216 0 -33 183 , 141 -143 -213 143 219 -301 , 469 -105 105 0 164 269 , 133 325 293 221 178 75 , -83 -37 15 -7 -34 -78 , -76 -15 37 7 -93 3 , -2 213 143 -143 -88 362 , -9 321 -321 0 -131 -452 , 0.00018511425606436763 , 14
2.908966627113316 , -88 -293 -325 -221 -218 -147 , 269 -216 216 0 -33 183 , -141 143 213 -143 -219 301 , 469 -105 105 0 164 269 , 133 325 293 221 178 75 , 83 37 -15 7 34 78 , 76 15 -37 -7 93 -3 , 2 -213 -143 143 88 -362 , -9 321 -321 0 -131 -452 , 0.00018511425606436763 , 15
2.908966627113316 , -88 -293 -325 -221 -218 -147 , 269 -216 216 0 -33 183 , -213 2 362 -301 -141 143 , 469 -105 105 0 164 269 , 133 325 293 221 178 75 , 15 76 3 -78 83 37 , 93 -3 -76 78 34 7 , 88 -362 -2 301 -219 -143 , -9 321 -321 0 -131 -452 , 0.00018511425606444043 , 16
2.908966627113316 , -88 -293 -325 -221 -218 -147 , 269 -216 216 0 -33 183 , 213 -2 -362 301 141 -143 , 469 -105 105 0 164 269 , 133 325 293 221 178 75 , -15 -76 -3 78 -83 -37 , -93 3 76 -78 -34 -7 , -88 362 2 -301 219 143 , -9 321 -321 0 -131 -452 , 0.00018511425606444043 , 17
2.908966627113316 , -88 -293 -325 -221 -218 -147 , 269 -216 216 0 -33 183 , -362 88 143 -143 -213 2 , 469 -105 105 0 164 269 , 133 325 293 221 178 75 , -3 93 -7 -37 15 76 , 34 7 -93 37 83 -78 , -219 -143 -88 143 -141 -301 , -9 321 -321 0 -131 -452 , 0.00018511425606451327 , 18
2.908966627113316 , -88 -293 -325 -221 -218 -147 , 269 -216 216 0 -33 183 , -143 -213 2 219 -301 -141 , 469 -105 105 0 164 269 , 133 325 293 221 178 75 , -37 15 76 -34 -78 83 , -3 -76 -15 34 7 -93 , -362 -2 213 -219 -143 -88 , -9 321 -321 0 -131 -452 , 0.00018511425606451327 , 19
2.908966627113316 , -88 -293 -325 -221 -218 -147 , 269 -216 216 0 -33 183 , 143 213 -2 -219 301 141 , 469 -105 105 0 164 269 , 133 325 293 221 178 75 , 37 -15 -76 34 78 -83 , 3 76 15 -34 -7 93 , 362 2 -213 219 143 88 , -9 321 -321 0 -131 -452 , 0.00018511425606451327 , 20
2.908966627113316 , -88 -293 -325 -221 -218 -147 , 269 -216 216 0 -33 183 , 362 -88 -143 143 213 -2 , 469 -105 105 0 164 269 , 133 325 293 221 178 75 , 3 -93 7 37 -15 -76 , -34 -7 93 -37 -83 78 , 219 143 88 -143 141 301 , -9 321 -321 0 -131 -452 , 0.00018511425606451327 , 21
2.908966627113316 , -88 -293 -325 -221 -218 -147 , 269 -216 216 0 -33 183 , -219 301 141 -362 88 143 , 469 -105 105 0 164 269 , 133 325 293 221 178 75 , 34 78 -83 -3 93 -7 , 37 83 -78 3 76 15 , 143 -141 -301 362 2 -213 , -9 321 -321 0 -131 -452 , 0.00018511425606451329 , 22
2.908966627113316 , -88 -293 -325 -221 -218 -147 , 269 -216 216 0 -33 183 , 219 -301 -141 362 -88 -143 , 469 -105 105 0 164 269 , 133 325 293 221 178 75 , -34 -78 83 3 -93 7 , -37 -83 78 -3 -76 -15 , -143 141 301 -362 -2 213 , -9 321 -321 0 -131 -452 , 0.00018511425606451329 , 23
2.908966627113316 , -88 -293 -325 -221 -218 -147 , 269 -216 216 0 -33 183 , -301 -141 143 -88 -143 -219 , 469 -105 105 0 164 269 , 133 325 293 221 178 75 , -78 83 37 -93 7 34 , 15 -37 -83 93 -3 -76 , -213 -143 141 88 -362 -2 , -9 321 -321 0 -131 -452 , 0.00018511425606458607 , 24
2.908966627113316 , -88 -293 -325 -221 -218 -147 , 269 -216 216 0 -33 183 , 301 141 -143 88 143 219 , 469 -105 105 0 164 269 , 133 325 293 221 178 75 , 78 -83 -37 93 -7 -34 , -15 37 83 -93 3 76 , 213 143 -141 -88 362 2 , -9 321 -321 0 -131 -452 , 0.00018511425606458607 , 25
2.908966627113316 , -88 -293 -325 -221 -218 -147 , 469 -105 105 0 164 269 , 34 7 -93 37 83 -78 , 269 -216 216 0 -33 183 , 133 325 293 221 178 75 , -219 -143 -88 143 -141 -301 , -362 88 143 -143 -213 2 , -3 93 -7 -37 15 76 , -9 321 -321 0 -131 -452 , 0.0001851142560647317 , 26
2.908966627113316 , -88 -293 -325 -221 -218 -147 , 469 -105 105 0 164 269 , -34 -7 93 -37 -83 78 , 269 -216 216 0 -33 183 , 133 325 293 221 178 75 , 219 143 88 -143 141 301 , 362 -88 -143 143 213 -2 , 3 -93 7 37 -15 -76 , -9 321 -321 0 -131 -452 , 0.0001851142560647317 , 27
2.908966627113316 , -88 -293 -325 -221 -218 -147 , 269 -216 216 0 -33 183 , -143 -219 301 -2 -362 88 , 469 -105 105 0 164 269 , 133 325 293 221 178 75 , 7 34 78 -76 -3 93 , 83 -78 -34 76 15 -37 , -141 -301 219 2 -213 -143 , -9 321 -321 0 -131 -452 , 0.00018511425606480454 , 28
2.908966627113316 , -88 -293 -325 -221 -218 -147 , 269 -216 216 0 -33 183 , 143 219 -301 2 362 -88 , 469 -105 105 0 164 269 , 133 325 293 221 178 75 , -7 -34 -78 76 3 -93 , -83 78 34 -76 -15 37 , 141 301 -219 -2 213 143 , -9 321 -321 0 -131 -452 , 0.00018511425606480454 , 29
2.908966627113316 , -88 -293 -325 -221 -218 -147 , 469 -105 105 0 164 269 , -76 -15 37 7 -93 3 , 269 -216 216 0 -33 183 , 133 325 293 221 178 75 , -2 213 143 -143 -88 362 , 141 -143 -213 143 219 -301 , -83 -37 15 -7 -34 -78 , -9 321 -321 0 -131 -452 , 0.00018511425606480454 , 30
2.908966627113316 , -88 -293 -325 -221 -218 -147 , 469 -105 105 0 164 269 , 76 15 -37 -7 93 -3 , 269 -216 216 0 -33 183 , 133 325 293 221 178 75 , 2 -213 -143 143 88 -362 , -141 143 213 -143 -219 301 , 83 37 -15 7 34 78 , -9 321 -321 0 -131 -452 , 0.00018511425606480454 , 31
2.908966627113316 , -88 -293 -325 -221 -218 -147 , 269 -216 216 0 -33 183 , 88 143 219 -213 2 362 , 469 -105 105 0 164 269 , 133 325 293 221 178 75 , 93 -7 -34 15 76 3 , 78 34 7 -15 37 83 , 301 -219 -143 213 143 -141 , -9 321 -321 0 -131 -452 , 0.00018511425606480456 , 32
2.908966627113316 , -88 -293 -325 -221 -218 -147 , 269 -216 216 0 -33 183 , -88 -143 -219 213 -2 -362 , 469 -105 105 0 164 269 , 133 325 293 221 178 75 , -93 7 34 -15 -76 -3 , -78 -34 -7 15 -37 -83 , -301 219 143 -213 -143 141 , -9 321 -321 0 -131 -452 , 0.00018511425606480456 , 33
2.908966627113316 , -88 -293 -325 -221 -218 -147 , 469 -105 105 0 164 269 , 78 34 7 -15 37 83 , 269 -216 216 0 -33 183 , 133 325 293 221 178 75 , 301 -219 -143 213 143 -141 , 88 143 219 -213 2 362 , 93 -7 -34 15 76 3 , -9 321 -321 0 -131 -452 , 0.00018511425606480456 , 34
2.908966627113316 , -88 -293 -325 -221 -218 -147 , 469 -105 105 0 164 269 , -78 -34 -7 15 -37 -83 , 269 -216 216 0 -33 183 , 133 325 293 221 178 75 , -301 219 143 -213 -143 141 , -88 -143 -219 213 -2 -362 , -93 7 34 -15 -76 -3 , -9 321 -321 0 -131 -452 , 0.00018511425606480456 , 35
3.020168373309415 , -45 -182 -314 -307 -121 -17 , 416 -112 112 0 130 242 , 96 -113 -56 37 130 -150 , 322 -209 209 0 1 210 , 262 314 182 307 297 61 , -186 221 147 -238 -50 186 , 52 -147 -221 238 39 -271 , 59 56 113 -37 -94 243 , -9 321 -321 0 -131 -452 , 0.00018053471648227213 , 0
3.020168373309415 , -45 -182 -314 -307 -121 -17 , 416 -112 112 0 130 242 , -96 113 56 -37 -130 150 , 322 -209 209 0 1 210 , 262 314 182 307 297 61 , 186 -221 -147 238 50 -186 , -52 147 221 -238 -39 271 , -59 -56 -113 37 94 -243 , -9 321 -321 0 -131 -452 , 0.00018053471648227213 , 1
3.020168373309415 , -45 -182 -314 -307 -121 -17 , 322 -209 209 0 1 210 , -238 -39 271 -186 -186 50 , 416 -112 112 0 130 242 , 262 314 182 307 297 61 , 37 94 -243 96 150 -130 , -59 243 -94 -96 113 56 , -52 -271 39 186 -221 -147 , -9 321 -321 0 -131 -452 , 0.00018053471648227216 , 2
3.020168373309415 , -45 -182 -314 -307 -121 -17 , 322 -209 209 0 1 210 , 238 39 -271 186 186 -50 , 416 -112 112 0 130 242 , 262 314 182 307 297 61 , -37 -94 243 -96 -150 130 , 59 -243 94 96 -113 -56 , 52 271 -39 -186 221 147 , -9 321 -321 0 -131 -452 , 0.00018053471648227216 , 3
3.020168373309415 , -45 -182 -314 -307 -121 -17 , 416 -112 112 0 130 242 , -243 94 37 -113 -56 -59 , 322 -209 209 0 1 210 , 262 314 182 307 297 61 , 271 -39 -238 221 147 -52 , 50 238 39 -221 186 186 , -130 -37 -94 113 -96 -150 , -9 321 -321 0 -131 -452 , 0.00018053471648234466 , 4
3.020168373309415 , -45 -182 -314 -307 -121 -17 , 416 -112 112 0 130 242 , 243 -94 -37 113 56 59 , 322 -209 209 0 1 210 , 262 314 182 307 297 61 , -271 39 238 -221 -147 52 , -50 -238 -39 221 -186 -186 , 130 37 94 -113 96 150 , -9 321 -321 0 -131 -452 , 0.00018053471648234466 , 5
3.020168373309415 , -45 -182 -314 -307 -121 -17 , 416 -112 112 0 130 242 , -113 -56 -59 130 -150 -96 , 322 -209 209 0 1 210 , 262 314 182 307 297 61 , 221 147 -52 -50 186 186 , 271 52 -147 50 238 39 , -243 59 56 -130 -37 -94 , -9 321 -321 0 -131 -452 , 0.00018053471648241717 , 6
3.020168373309415 , -45 -182 -314 -307 -121 -17 , 416 -112 112 0 130 242 , 113 56 59 -130 150 96 , 322 -209 209 0 1 210 , 262 314 182 307 297 61 , -221 -147 52 50 -186 -186 , -271 -52 147 -50 -238 -39 , 243 -59 -56 130 37 94 , -9 321 -321 0 -131 -452 , 0.00018053471648241717 , 7
3.020168373309415 , -45 -182 -314 -307 -121 -17 , 416 -112 112 0 130 242 , -59 243 -94 -96 113 56 , 322 -209 209 0 1 210 , 262 314 182 307 297 61 , -52 -271 39 186 -221 -147 , -238 -39 271 -186 -186 50 , 37 94 -243 96 150 -130 , -9 321 -321 0 -131 -452 , 0.0001805347164824897 , 8
3.020168373309415 , -45 -182 -314 -307 -121 -17 , 416 -112 112 0 130 242 , 59 -243 94 96 -113 -56 , 322 -209 209 0 1 210 , 262 314 182 307 297 61 , 52 271 -39 -186 221 147 , 238 39 -271 186 186 -50 , -37 -94 243 -96 -150 130 , -9 321 -321 0 -131 -452 , 0.0001805347164824897 , 9
3.020168373309415 , -45 -182 -314 -307 -121 -17 , 322 -209 209 0 1 210 , -147 -221 186 39 -271 -52 , 416 -112 112 0 130 242 , 262 314 182 307 297 61 , 56 113 -96 -94 243 -59 , 150 96 -113 94 37 130 , -186 -186 221 -39 -238 -50 , -9 321 -321 0 -131 -452 , 0.00018053471648256221 , 10
3.020168373309415 , -45 -182 -314 -307 -121 -17 , 322 -209 209 0 1 210 , 147 221 -186 -39 271 52 , 416 -112 112 0 130 242 , 262 314 182 307 297 61 , -56 -113 96 94 -243 59 , -150 -96 113 -94 -37 -130 , 186 186 -221 39 238 50 , -9 321 -321 0 -131 -452 , 0.00018053471648256221 , 11
3.020168373309415 , -45 -182 -314 -307 -121 -17 , 416 -112 112 0 130 242 , -150 -96 113 -94 -37 -130 , 322 -209 209 0 1 210 , 262 314 182 307 297 61 , 186 186 -221 39 238 50 , 147 221 -186 -39 271 52 , -56 -113 96 94 -243 59 , -9 321 -321 0 -131 -452 , 0.00018053471648256221 , 12
3.020168373309415 , -45 -182 -314 -307 -121 -17 , 416 -112 112 0 130 242 , 150 96 -113 94 37 130 , 322 -209 209 0 1 210 , 262 314 182 307 297 61 , -186 -186 221 -39 -238 -50 , -147 -221 186 39 -271 -52 , 56 113 -96 -94 243 -59 , -9 321 -321 0 -131 -452 , 0.00018053471648256221 , 13
3.020168373309415 , -45 -182 -314 -307 -121 -17 , 322 -209 209 0 1 210 , 50 238 39 -221 186 186 , 416 -112 112 0 130 242 , 262 314 182 307 297 61 , -130 -37 -94 113 -96 -150 , -243 94 37 -113 -56 -59 , 271 -39 -238 221 147 -52 , -9 321 -321 0 -131 -452 , 0.00018053471648263474 , 14
3.020168373309415 , -45 -182 -314 -307 -121 -17 , 322 -209 209 0 1 210 , -50 -238 -39 221 -186 -186 , 416 -112 112 0 130 242 , 262 314 182 307 297 61 , 130 37 94 -113 96 150 , 243 -94 -37 113 56 59 , -271 39 238 -221 -147 52 , -9 321 -321 0 -131 -452 , 0.00018053471648263474 , 15
3.020168373309415 , -45 -182 -314 -307 -121 -17 , 322 -209 209 0 1 210 , -221 186 186 -271 -52 147 , 416 -112 112 0 130 242 , 262 314 182 307 297 61 , 113 -96 -150 243 -59 -56 , -130 150 96 -243 94 37 , 50 -186 -186 271 -39 -238 , -9 321 -321 0 -131 -452 , 0.00018053471648270722 , 16
3.020168373309415 , -45 -182 -314 -307 -121 -17 , 322 -209 209 0 1 210 , 221 -186 -186 271 52 -147 , 416 -112 112 0 130 242 , 262 314 182 307 297 61 , -113 96 150 -243 59 56 , 130 -150 -96 243 -94 -37 , -50 186 186 -271 39 238 , -9 321 -321 0 -131 -452 , 0.00018053471648270722 , 17
3.020168373309415 , -45 -182 -314 -307 -121 -17 , 416 -112 112 0 130 242 , 37 130 -150 -59 243 -94 , 322 -209 209 0 1 210 , 262 314 182 307 297 61 , -238 -50 186 -52 -271 39 , -186 -186 50 52 -147 -221 , 96 150 -130 59 56 113 , -9 321 -321 0 -131 -452 , 0.00018053471648270725 , 18
3.020168373309415 , -45 -182 -314 -307 -121 -17 , 416 -112 112 0 130 242 , -37 -130 150 59 -243 94 , 322 -209 209 0 1 210 , 262 314 182 307 297 61 , 238 50 -186 52 271 -39 , 186 186 -50 -52 147 221 , -96 -150 130 -59 -56 -113 , -9 321 -321 0 -131 -452 , 0.00018053471648270725 , 19
3.020168373309415 , -45 -182 -314 -307 -121 -17 , 416 -112 112 0 130 242 , -56 -59 243 -150 -96 113 , 322 -209 209 0 1 210 , 262 314 182 307 297 61 , 147 -52 -271 186 186 -221 , -39 271 52 -186 50 238 , 94 -243 59 150 -130 -37 , -9 321 -321 0 -131 -452 , 0.00018053471648277975 , 20
3.020168373309415 , -45 -182 -314 -307 -121 -17 , 416 -112 112 0 130 242 , 94 37 130 -56 -59 243 , 322 -209 209 0 1 210 , 262 314 182 307 297 61 , -39 -238 -50 147 -52 -271 , -186 50 238 -147 -221 186 , 150 -130 -37 56 113 -96 , -9 321 -321 0 -131 -452 , 0.00018053471648277975 , 21
3.020168373309415 , -45 -182 -314 -307 -121 -17 , 416 -112 112 0 130 242 , -94 -37 -130 56 59 -243 , 322 -209 209 0 1 210 , 262 314 182 307 297 61 , 39 238 50 -147 52 271 , 186 -50 -238 147 221 -186 , -150 130 37 -56 -113 96 , -9 321 -321 0 -131 -452 , 0.00018053471648277975 , 22
3.020168373309415 , -45 -182 -314 -307 -121 -17 , 416 -112 112 0 130 242 , 56 59 -243 150 96 -113 , 322 -209 209 0 1 210 , 262 314 182 307 297 61 , -147 52 271 -186 -186 221 , 39 -271 -52 186 -50 -238 , -94 243 -59 -150 130 37 , -9 321 -321 0 -131 -452 , 0.00018053471648277975 , 23
3.020168373309415 , -45 -182 -314 -307 -121 -17 , 322 -209 209 0 1 210 , 52 -147 -221 238 39 -271 , 416 -112 112 0 130 242 , 262 314 182 307 297 61 , 59 56 113 -37 -94 243 , 96 -113 -56 37 130 -150 , -186 221 147 -238 -50 186 , -9 321 -321 0 -131 -452 , 0.00018053471648285223 , 24
3.020168373309415 , -45 -182 -314 -307 -121 -17 , 322 -209 209 0 1 210 , -52 147 221 -238 -39 271 , 416 -112 112 0 130 242 , 262 314 182 307 297 61 , -59 -56 -113 37 94 -243 , -96 113 56 -37 -130 150 , 186 -221 -147 238 50 -186 , -9 321 -321 0 -131 -452 , 0.00018053471648285223 , 25
3.020168373309415 , -45 -182 -314 -307 -121 -17 , 322 -209 209 0 1 210 , 271 52 -147 50 238 39 , 416 -112 112 0 130 242 , 262 314 182 307 297 61 , -243 59 56 -130 -37 -94 , -113 -56 -59 130 -150 -96 , 221 147 -52 -50 186 186 , -9 321 -321 0 -131 -452 , 0.00018053471648285229 , 26
3.020168373309415 , -45 -182 -314 -307 -121 -17 , 322 -209 209 0 1 210 , -271 -52 147 -50 -238 -39 , 416 -112 112 0 130 242 , 262 314 182 307 297 61 , 243 -59 -56 130 37 94 , 113 56 59 -130 150 96 , -221 -147 52 50 -186 -186 , -9 321 -321 0 -131 -452 , 0.00018053471648285229 , 27
3.020168373309415 , -45 -182 -314 -307 -121 -17 , 416 -112 112 0 130 242 , 130 -150 -96 243 -94 -37 , 322 -209 209 0 1 210 , 262 314 182 307 297 61 , -50 186 186 -271 39 238 , 221 -186 -186 271 52 -147 , -113 96 150 -243 59 56 , -9 321 -321 0 -131 -452 , 0.00018053471648285229 , 28
3.020168373309415 , -45 -182 -314 -307 -121 -17 , 416 -112 112 0 130 242 , -130 150 96 -243 94 37 , 322 -209 209 0 1 210 , 262 314 182 307 297 61 , 50 -186 -186 271 -39 -238 , -221 186 186 -271 -52 147 , 113 -96 -150 243 -59 -56 , -9 321 -321 0 -131 -452 , 0.00018053471648285229 , 29
3.020168373309415 , -45 -182 -314 -307 -121 -17 , 322 -209 209 0 1 210 , -186 50 238 -147 -221 186 , 416 -112 112 0 130 242 , 262 314 182 307 297 61 , 150 -130 -37 56 113 -96 , 94 37 130 -56 -59 243 , -39 -238 -50 147 -52 -271 , -9 321 -321 0 -131 -452 , 0.00018053471648292479 , 30
3.020168373309415 , -45 -182 -314 -307 -121 -17 , 322 -209 209 0 1 210 , -186 -186 50 52 -147 -221 , 416 -112 112 0 130 242 , 262 314 182 307 297 61 , 96 150 -130 59 56 113 , 37 130 -150 -59 243 -94 , -238 -50 186 -52 -271 39 , -9 321 -321 0 -131 -452 , 0.00018053471648292479 , 31
3.020168373309415 , -45 -182 -314 -307 -121 -17 , 322 -209 209 0 1 210 , -39 271 52 -186 50 238 , 416 -112 112 0 130 242 , 262 314 182 307 297 61 , 94 -243 59 150 -130 -37 , -56 -59 243 -150 -96 113 , 147 -52 -271 186 186 -221 , -9 321 -321 0 -131 -452 , 0.00018053471648292479 , 32
3.020168373309415 , -45 -182 -314 -307 -121 -17 , 322 -209 209 0 1 210 , 39 -271 -52 186 -50 -238 , 416 -112 112 0 130 242 , 262 314 182 307 297 61 , -94 243 -59 -150 130 37 , 56 59 -243 150 96 -113 , -147 52 271 -186 -186 221 , -9 321 -321 0 -131 -452 , 0.00018053471648292479 , 33
3.020168373309415 , -45 -182 -314 -307 -121 -17 , 322 -209 209 0 1 210 , 186 186 -50 -52 147 221 , 416 -112 112 0 130 242 , 262 314 182 307 297 61 , -96 -150 130 -59 -56 -113 , -37 -130 150 59 -243 94 , 238 50 -186 52 271 -39 , -9 321 -321 0 -131 -452 , 0.00018053471648292479 , 34
3.020168373309415 , -45 -182 -314 -307 -121 -17 , 322 -209 209 0 1 210 , 186 -50 -238 147 221 -186 , 416 -112 112 0 130 242 , 262 314 182 307 297 61 , -150 130 37 -56 -113 96 , -94 -37 -130 56 59 -243 , 39 238 50 -147 52 271 , -9 321 -321 0 -131 -452 , 0.00018053471648292479 , 35
3.1382445290778875 , -59 -248 -360 -227 -133 -79 , 432 -98 98 0 150 248 , -64 -42 -104 153 -106 -97 , 306 -223 223 0 -19 204 , 168 360 248 227 281 115 , -110 252 124 -225 -15 246 , 115 -124 -252 225 122 -267 , -217 104 42 -153 7 -64 , -9 321 -321 0 -131 -452 , 0.00012317086766832646 , 0
3.1382445290778875 , -59 -248 -360 -227 -133 -79 , 432 -98 98 0 150 248 , 64 42 104 -153 106 97 , 306 -223 223 0 -19 204 , 168 360 248 227 281 115 , 110 -252 -124 225 15 -246 , -115 124 252 -225 -122 267 , 217 -104 -42 153 -7 64 , -9 321 -321 0 -131 -452 , 0.00012317086766832646 , 1
3.1382445290778875 , -59 -248 -360 -227 -133 -79 , 432 -98 98 0 150 248 , 106 97 -64 64 -7 153 , 306 -223 223 0 -19 204 , 168 360 248 227 281 115 , 15 -246 -110 267 -122 -225 , -252 110 246 -267 -115 124 , 42 64 -97 -64 217 -104 , -9 321 -321 0 -131 -452 , 0.00012317086766843409 , 2
3.1382445290778875 , -59 -248 -360 -227 -133 -79 , 432 -98 98 0 150 248 , -106 -97 64 -64 7 -153 , 306 -223 223 0 -19 204 , 168 360 248 227 281 115 , -15 246 110 -267 122 225 , 252 -110 -246 267 115 -124 , -42 -64 97 64 -217 104 , -9 321 -321 0 -131 -452 , 0.00012317086766843409 , 3
3.1382445290778875 , -59 -248 -360 -227 -133 -79 , 306 -223 223 0 -19 204 , -246 15 225 -124 -252 110 , 432 -98 98 0 150 248 , 168 360 248 227 281 115 , 97 106 -153 104 42 64 , -7 153 -106 -104 217 -64 , -122 -225 -15 124 -115 -267 , -9 321 -321 0 -131 -452 , 0.00012317086766843518 , 4
3.1382445290778875 , -59 -248 -360 -227 -133 -79 , 306 -223 223 0 -19 204 , 246 -15 -225 124 252 -110 , 432 -98 98 0 150 248 , 168 360 248 227 281 115 , -97 -106 153 -104 -42 -64 , 7 -153 106 104 -217 64 , 122 225 15 -124 115 267 , -9 321 -321 0 -131 -452 , 0.00012317086766843518 , 5
3.1382445290778875 , -59 -248 -360 -227 -133 -79 , 432 -98 98 0 150 248 , 97 -64 -42 -7 153 -106 , 306 -223 223 0 -19 204 , 168 360 248 227 281 115 , -246 -110 252 -122 -225 -15 , -124 -252 110 122 -267 -115 , 104 42 64 7 -64 217 , -9 321 -321 0 -131 -452 , 0.00012317086766870062 , 6
3.1382445290778875 , -59 -248 -360 -227 -133 -79 , 432 -98 98 0 150 248 , -97 64 42 7 -153 106 , 306 -223 223 0 -19 204 , 168 360 248 227 281 115 , 246 110 -252 122 225 15 , 124 252 -110 -122 267 115 , -104 -42 -64 -7 64 -217 , -9 321 -321 0 -131 -452 , 0.00012317086766870062 , 7
3.1382445290778875 , -59 -248 -360 -227 -133 -79 , 306 -223 223 0 -19 204 , 115 -124 -252 225 122 -267 , 432 -98 98 0 150 248 , 168 360 248 227 281 115 , -217 104 42 -153 7 -64 , -64 -42 -104 153 -106 -97 , -110 252 124 -225 -15 246 , -9 321 -321 0 -131 -452 , 0.00012317086766870078 , 8
3.1382445290778875 , -59 -248 -360 -227 -133 -79 , 306 -223 223 0 -19 204 , -115 124 252 -225 -122 267 , 432 -98 98 0 150 248 , 168 360 248 227 281 115 , 217 -104 -42 153 -7 64 , 64 42 104 -153 106 97 , 110 -252 -124 225 15 -246 , -9 321 -321 0 -131 -452 , 0.00012317086766870078 , 9
3.1382445290778875 , -59 -248 -360 -227 -133 -79 , 306 -223 223 0 -19 204 , -110 -246 15 115 -124 -252 , 432 -98 98 0 150 248 , 168 360 248 227 281 115 , -64 97 106 -217 104 42 , 153 -106 -97 217 -64 7 , -225 -15 246 -115 -267 122 , -9 321 -321 0 -131 -452 , 0.00012317086766875789 , 10
3.1382445290778875 , -59 -248 -360 -227 -133 -79 , 306 -223 223 0 -19 204 , 110 246 -15 -115 124 252 , 432 -98 98 0 150 248 , 168 360 248 227 281 115 , 64 -97 -106 217 -104 -42 , -153 106 97 -217 64 -7 , 225 15 -246 115 267 -122 , -9 321 -321 0 -131 -452 , 0.00012317086766875789 , 11
3.1382445290778875 , -59 -248 -360 -227 -133 -79 , 432 -98 98 0 150 248 , -153 106 97 -217 64 -7 , 306 -223 223 0 -19 204 , 168 360 248 227 281 115 , 225 15 -246 115 267 -122 , 110 246 -15 -115 124 252 , 64 -97 -106 217 -104 -42 , -9 321 -321 0 -131 -452 , 0.00012317086766875857 , 12
3.1382445290778875 , -59 -248 -360 -227 -133 -79 , 432 -98 98 0 150 248 , 153 -106 -97 217 -64 7 , 306 -223 223 0 -19 204 , 168 360 248 227 281 115 , -225 -15 246 -115 -267 122 , -110 -246 15 115 -124 -252 , -64 97 106 -217 104 42 , -9 321 -321 0 -131 -452 , 0.00012317086766875857 , 13
3.1382445290778875 , -59 -248 -360 -227 -133 -79 , 432 -98 98 0 150 248 , -7 153 -106 -104 217 -64 , 306 -223 223 0 -19 204 , 168 360 248 227 281 115 , -122 -225 -15 124 -115 -267 , -246 15 225 -124 -252 110 , 97 106 -153 104 42 64 , -9 321 -321 0 -131 -452 , 0.00012317086766876182 , 14
3.1382445290778875 , -59 -248 -360 -227 -133 -79 , 432 -98 98 0 150 248 , 7 -153 106 104 -217 64 , 306 -223 223 0 -19 204 , 168 360 248 227 281 115 , 122 225 15 -124 115 267 , 246 -15 -225 124 252 -110 , -97 -106 153 -104 -42 -64 , -9 321 -321 0 -131 -452 , 0.00012317086766876182 , 15
3.1382445290778875 , -59 -248 -360 -227 -133 -79 , 432 -98 98 0 150 248 , -42 -104 217 -106 -97 64 , 306 -223 223 0 -19 204 , 168 360 248 227 281 115 , 252 124 -115 -15 246 110 , 267 115 -124 15 225 122 , 64 -217 104 106 -153 7 , -9 321 -321 0 -131 -452 , 0.0001231708676687622 , 16
3.1382445290778875 , -59 -248 -360 -227 -133 -79 , 432 -98 98 0 150 248 , 42 104 -217 106 97 -64 , 306 -223 223 0 -19 204 , 168 360 248 227 281 115 , -252 -124 115 15 -246 -110 , -267 -115 124 -15 -225 -122 , -64 217 -104 -106 153 -7 , -9 321 -321 0 -131 -452 , 0.0001231708676687622 , 17
3.1382445290778875 , -59 -248 -360 -227 -133 -79 , 306 -223 223 0 -19 204 , 15 225 122 -252 110 246 , 432 -98 98 0 150 248 , 168 360 248 227 281 115 , 106 -153 7 42 64 -97 , 64 -7 153 -42 -104 217 , 267 -122 -225 252 124 -115 , -9 321 -321 0 -131 -452 , 0.00012317086766883403 , 18
3.1382445290778875 , -59 -248 -360 -227 -133 -79 , 306 -223 223 0 -19 204 , -15 -225 -122 252 -110 -246 , 432 -98 98 0 150 248 , 168 360 248 227 281 115 , -106 153 -7 -42 -64 97 , -64 7 -153 42 104 -217 , -267 122 225 -252 -124 115 , -9 321 -321 0 -131 -452 , 0.00012317086766883403 , 19
3.1382445290778875 , -59 -248 -360 -227 -133 -79 , 306 -223 223 0 -19 204 , -124 -252 110 122 -267 -115 , 432 -98 98 0 150 248 , 168 360 248 227 281 115 , 104 42 64 7 -64 217 , 97 -64 -42 -7 153 -106 , -246 -110 252 -122 -225 -15 , -9 321 -321 0 -131 -452 , 0.00012317086766884221 , 20
3.1382445290778875 , -59 -248 -360 -227 -133 -79 , 306 -223 223 0 -19 204 , 124 252 -110 -122 267 115 , 432 -98 98 0 150 248 , 168 360 248 227 281 115 , -104 -42 -64 -7 64 -217 , -97 64 42 7 -153 106 , 246 110 -252 122 225 15 , -9 321 -321 0 -131 -452 , 0.00012317086766884221 , 21
3.1382445290778875 , -59 -248 -360 -227 -133 -79 , 432 -98 98 0 150 248 , -104 217 -64 -97 64 42 , 306 -223 223 0 -19 204 , 168 360 248 227 281 115 , 124 -115 -267 246 110 -252 , -122 267 115 -246 15 225 , -7 64 -217 97 106 -153 , -9 321 -321 0 -131 -452 , 0.00012317086766889339 , 22
3.1382445290778875 , -59 -248 -360 -227 -133 -79 , 432 -98 98 0 150 248 , 104 -217 64 97 -64 -42 , 306 -223 223 0 -19 204 , 168 360 248 227 281 115 , -124 115 267 -246 -110 252 , 122 -267 -115 246 -15 -225 , 7 -64 217 -97 -106 153 , -9 321 -321 0 -131 -452 , 0.00012317086766889339 , 23
3.1382445290778875 , -59 -248 -360 -227 -133 -79 , 306 -223 223 0 -19 204 , -267 -115 124 -15 -225 -122 , 432 -98 98 0 150 248 , 168 360 248 227 281 115 , -64 217 -104 -106 153 -7 , 42 104 -217 106 97 -64 , -252 -124 115 15 -246 -110 , -9 321 -321 0 -131 -452 , 0.0001231708676688965 , 24
3.1382445290778875 , -59 -248 -360 -227 -133 -79 , 306 -223 223 0 -19 204 , 267 115 -124 15 225 122 , 432 -98 98 0 150 248 , 168 360 248 227 281 115 , 64 -217 104 106 -153 7 , -42 -104 217 -106 -97 64 , 252 124 -115 -15 246 110 , -9 321 -321 0 -131 -452 , 0.0001231708676688965 , 25
3.1382445290778875 , -59 -248 -360 -227 -133 -79 , 432 -98 98 0 150 248 , 64 -7 153 -42 -104 217 , 306 -223 223 0 -19 204 , 168 360 248 227 281 115 , 267 -122 -225 252 124 -115 , 15 225 122 -252 110 246 , 106 -153 7 42 64 -97 , -9 321 -321 0 -131 -452 , 0.00012317086766890217 , 26
3.1382445290778875 , -59 -248 -360 -227 -133 -79 , 432 -98 98 0 150 248 , -64 7 -153 42 104 -217 , 306 -223 223 0 -19 204 , 168 360 248 227 281 115 , -267 122 225 -252 -124 115 , -15 -225 -122 252 -110 -246 , -106 153 -7 -42 -64 97 , -9 321 -321 0 -131 -452 , 0.00012317086766890217 , 27
3.1382445290778875 , -59 -248 -360 -227 -133 -79 , 306 -223 223 0 -19 204 , 225 122 -267 110 246 -15 , 432 -98 98 0 150 248 , 168 360 248 227 281 115 , -153 7 -64 64 -97 -106 , -217 64 -7 -64 -42 -104 , 115 267 -122 -110 252 124 , -9 321 -321 0 -131 -452 , 0.00012317086766902631 , 28
3.1382445290778875 , -59 -248 -360 -227 -133 -79 , 306 -223 223 0 -19 204 , -225 -122 267 -110 -246 15 , 432 -98 98 0 150 248 , 168 360 248 227 281 115 , 153 -7 64 -64 97 106 , 217 -64 7 64 42 104 , -115 -267 122 110 -252 -124 , -9 321 -321 0 -131 -452 , 0.00012317086766902631 , 29
3.1382445290778875 , -59 -248 -360 -227 -133 -79 , 306 -223 223 0 -19 204 , -252 110 246 -267 -115 124 , 432 -98 98 0 150 248 , 168 360 248 227 281 115 , 42 64 -97 -64 217 -104 , 106 97 -64 64 -7 153 , 15 -246 -110 267 -122 -225 , -9 321 -321 0 -131 -452 , 0.00012317086766903349 , 30
3.1382445290778875 , -59 -248 -360 -227 -133 -79 , 306 -223 223 0 -19 204 , 252 -110 -246 267 115 -124 , 432 -98 98 0 150 248 , 168 360 248 227 281 115 , -42 -64 97 64 -217 104 , -106 -97 64 -64 7 -153 , -15 246 110 -267 122 225 , -9 321 -321 0 -131 -452 , 0.00012317086766903349 , 31
3.1382445290778875 , -59 -248 -360 -227 -133 -79 , 432 -98 98 0 150 248 , -217 64 -7 -64 -42 -104 , 306 -223 223 0 -19 204 , 168 360 248 227 281 115 , 115 267 -122 -110 252 124 , 225 122 -267 110 246 -15 , -153 7 -64 64 -97 -106 , -9 321 -321 0 -131 -452 , 0.00012317086766921962 , 32
3.1382445290778875 , -59 -248 -360 -227 -133 -79 , 432 -98 98 0 150 248 , 217 -64 7 64 42 104 , 306 -223 223 0 -19 204 , 168 360 248 227 281 115 , -115 -267 122 110 -252 -124 , -225 -122 267 -110 -246 15 , 153 -7 64 -64 97 106 , -9 321 -321 0 -131 -452 , 0.00012317086766921962 , 33
3.1382445290778875 , -59 -248 -360 -227 -133 -79 , 306 -223 223 0 -19 204 , 122 -267 -115 246 -15 -225 , 432 -98 98 0 150 248 , 168 360 248 227 281 115 , 7 -64 217 -97 -106 153 , 104 -217 64 97 -64 -42 , -124 115 267 -246 -110 252 , -9 321 -321 0 -131 -452 , 0.00012317086766934875 , 34
3.1382445290778875 , -59 -248 -360 -227 -133 -79 , 306 -223 223 0 -19 204 , -122 267 115 -246 15 225 , 432 -98 98 0 150 248 , 168 360 248 227 281 115 , -7 64 -217 97 106 -153 , -104 217 -64 -97 64 42 , 124 -115 -267 246 110 -252 , -9 321 -321 0 -131 -452 , 0.00012317086766934875 , 35
