#f=4
# columns: theta, 3^f*Mij (3x3 6-element-groups), frob, rank
0.0008076608184402828 , 2 17 7 -13 -41 -21 , 41 -17 17 0 8 25 , -7 -2 5 5 -17 6 , 1 -19 19 0 -15 4 , 15 -7 -17 13 -28 -58 , -21 3 -19 24 -24 -12 , -45 19 -3 -24 7 -27 , -12 -5 2 -5 1 -15 , 39 36 -36 0 7 -29 , 0.0066947297659533493 , 0
0.0008076608184402828 , 2 17 7 -13 -41 -21 , 41 -17 17 0 8 25 , 7 2 -5 -5 17 -6 , 1 -19 19 0 -15 4 , 15 -7 -17 13 -28 -58 , 21 -3 19 -24 24 12 , 45 -19 3 24 -7 27 , 12 5 -2 5 -1 15 , 39 36 -36 0 7 -29 , 0.0066947297659533493 , 1
0.0008076608184402828 , 2 17 7 -13 -41 -21 , 1 -19 19 0 -15 4 , 7 -27 45 -12 -24 24 , 41 -17 17 0 8 25 , 15 -7 -17 13 -28 -58 , 1 -15 12 6 -17 5 , -5 -12 15 -6 -7 -2 , 19 -45 27 12 -21 3 , 39 36 -36 0 7 -29 , 0.0066947297659534551 , 2
0.0008076608184402828 , 2 17 7 -13 -41 -21 , 1 -19 19 0 -15 4 , -7 27 -45 12 24 -24 , 41 -17 17 0 8 25 , 15 -7 -17 13 -28 -58 , -1 15 -12 -6 17 -5 , 5 12 -15 6 7 2 , -19 45 -27 -12 21 -3 , 39 36 -36 0 7 -29 , 0.0066947297659534551 , 3
0.0008076608184402828 , 2 17 7 -13 -41 -21 , 1 -19 19 0 -15 4 , -24 7 -27 21 -12 -24 , 41 -17 17 0 8 25 , 15 -7 -17 13 -28 -58 , -5 1 -15 7 6 -17 , -12 15 -1 -7 -2 5 , -45 27 -7 -21 3 -19 , 39 36 -36 0 7 -29 , 0.0066947297659534629 , 4
0.0008076608184402828 , 2 17 7 -13 -41 -21 , 1 -19 19 0 -15 4 , 24 -7 27 -21 12 24 , 41 -17 17 0 8 25 , 15 -7 -17 13 -28 -58 , 5 -1 15 -7 -6 17 , 12 -15 1 7 2 -5 , 45 -27 7 21 -3 19 , 39 36 -36 0 7 -29 , 0.0066947297659534629 , 5
0.0008076608184402828 , 2 17 7 -13 -41 -21 , 41 -17 17 0 8 25 , 2 -5 -12 17 -6 -7 , 1 -19 19 0 -15 4 , 15 -7 -17 13 -28 -58 , -3 19 -45 24 12 -21 , -27 45 -19 -24 24 -7 , -15 12 5 -17 5 -1 , 39 36 -36 0 7 -29 , 0.0066947297659535323 , 6
0.0008076608184402828 , 2 17 7 -13 -41 -21 , 41 -17 17 0 8 25 , -2 5 12 -17 6 7 , 1 -19 19 0 -15 4 , 15 -7 -17 13 -28 -58 , 3 -19 45 -24 -12 21 , 27 -45 19 24 -24 7 , 15 -12 -5 17 -5 1 , 39 36 -36 0 7 -29 , 0.0066947297659535323 , 7
0.0008076608184402828 , 2 17 7 -13 -41 -21 , 41 -17 17 0 8 25 , -6 -7 -2 -1 5 -17 , 1 -19 19 0 -15 4 , 15 -7 -17 13 -28 -58 , 12 -21 3 -7 24 -24 , 19 -3 21 7 -27 45 , -5 2 7 1 -15 12 , 39 36 -36 0 7 -29 , 0.0066947297659536061 , 8
0.0008076608184402828 , 2 17 7 -13 -41 -21 , 41 -17 17 0 8 25 , 6 7 2 1 -5 17 , 1 -19 19 0 -15 4 , 15 -7 -17 13 -28 -58 , -12 21 -3 7 -24 24 , -19 3 -21 -7 27 -45 , 5 -2 -7 -1 15 -12 , 39 36 -36 0 7 -29 , 0.0066947297659536061 , 9
0.0008076608184402828 , 2 17 7 -13 -41 -21 , 1 -19 19 0 -15 4 , 12 24 -24 19 -3 21 , 41 -17 17 0 8 25 , 15 -7 -17 13 -28 -58 , -6 17 -5 -5 2 7 , -1 5 -17 5 12 -15 , -7 24 -24 -19 45 -27 , 39 36 -36 0 7 -29 , 0.0066947297659536434 , 10
0.0008076608184402828 , 2 17 7 -13 -41 -21 , 1 -19 19 0 -15 4 , -12 -24 24 -19 3 -21 , 41 -17 17 0 8 25 , 15 -7 -17 13 -28 -58 , 6 -17 5 5 -2 -7 , 1 -5 17 -5 -12 15 , 7 -24 24 19 -45 27 , 39 36 -36 0 7 -29 , 0.0066947297659536434 , 11
0.0008076608184402828 , 2 17 7 -13 -41 -21 , 1 -19 19 0 -15 4 , -27 45 -19 -24 24 -7 , 41 -17 17 0 8 25 , 15 -7 -17 13 -28 -58 , -15 12 5 -17 5 -1 , 2 -5 -12 17 -6 -7 , -3 19 -45 24 12 -21 , 39 36 -36 0 7 -29 , 0.0066947297659536546 , 12
0.0008076608184402828 , 2 17 7 -13 -41 -21 , 1 -19 19 0 -15 4 , 27 -45 19 24 -24 7 , 41 -17 17 0 8 25 , 15 -7 -17 13 -28 -58 , 15 -12 -5 17 -5 1 , -2 5 12 -17 6 7 , 3 -19 45 -24 -12 21 , 39 36 -36 0 7 -29 , 0.0066947297659536546 , 13
0.0008076608184402828 , 2 17 7 -13 -41 -21 , 41 -17 17 0 8 25 , -5 17 -6 -12 15 -1 , 1 -19 19 0 -15 4 , 15 -7 -17 13 -28 -58 , -24 24 12 -45 27 -7 , 21 -12 -24 45 -19 3 , 7 6 -17 12 5 -2 , 39 36 -36 0 7 -29 , 0.006694729765953731 , 14
0.0008076608184402828 , 2 17 7 -13 -41 -21 , 41 -17 17 0 8 25 , 5 -17 6 12 -15 1 , 1 -19 19 0 -15 4 , 15 -7 -17 13 -28 -58 , 24 -24 -12 45 -27 7 , -21 12 24 -45 19 -3 , -7 -6 17 -12 -5 2 , 39 36 -36 0 7 -29 , 0.006694729765953731 , 15
0.0008076608184402828 , 2 17 7 -13 -41 -21 , 41 -17 17 0 8 25 , -12 15 -1 -7 -2 5 , 1 -19 19 0 -15 4 , 15 -7 -17 13 -28 -58 , -45 27 -7 -21 3 -19 , -24 7 -27 21 -12 -24 , -5 1 -15 7 6 -17 , 39 36 -36 0 7 -29 , 0.0066947297659537327 , 16
0.0008076608184402828 , 2 17 7 -13 -41 -21 , 41 -17 17 0 8 25 , 12 -15 1 7 2 -5 , 1 -19 19 0 -15 4 , 15 -7 -17 13 -28 -58 , 45 -27 7 21 -3 19 , 24 -7 27 -21 12 24 , 5 -1 15 -7 -6 17 , 39 36 -36 0 7 -29 , 0.0066947297659537327 , 17
0.0008076608184402828 , 2 17 7 -13 -41 -21 , 41 -17 17 0 8 25 , 17 -6 -7 15 -1 5 , 1 -19 19 0 -15 4 , 15 -7 -17 13 -28 -58 , 24 12 -21 27 -7 24 , -3 21 -12 -27 45 -19 , 2 7 6 -15 12 5 , 39 36 -36 0 7 -29 , 0.0066947297659537457 , 18
0.0008076608184402828 , 2 17 7 -13 -41 -21 , 41 -17 17 0 8 25 , -17 6 7 -15 1 -5 , 1 -19 19 0 -15 4 , 15 -7 -17 13 -28 -58 , -24 -12 21 -27 7 -24 , 3 -21 12 27 -45 19 , -2 -7 -6 15 -12 -5 , 39 36 -36 0 7 -29 , 0.0066947297659537457 , 19
0.0008076608184402828 , 2 17 7 -13 -41 -21 , 1 -19 19 0 -15 4 , -45 19 -3 -24 7 -27 , 41 -17 17 0 8 25 , 15 -7 -17 13 -28 -58 , -12 -5 2 -5 1 -15 , -7 -2 5 5 -17 6 , -21 3 -19 24 -24 -12 , 39 36 -36 0 7 -29 , 0.0066947297659537552 , 20
0.0008076608184402828 , 2 17 7 -13 -41 -21 , 1 -19 19 0 -15 4 , 45 -19 3 24 -7 27 , 41 -17 17 0 8 25 , 15 -7 -17 13 -28 -58 , 12 5 -2 5 -1 15 , 7 2 -5 -5 17 -6 , 21 -3 19 -24 24 12 , 39 36 -36 0 7 -29 , 0.0066947297659537552 , 21
0.0008076608184402828 , 2 17 7 -13 -41 -21 , 1 -19 19 0 -15 4 , -24 24 -7 3 -21 12 , 41 -17 17 0 8 25 , 15 -7 -17 13 -28 -58 , -17 5 -1 -2 -7 -6 , -15 1 -5 2 -5 -12 , -27 7 -24 -3 19 -45 , 39 36 -36 0 7 -29 , 0.0066947297659537613 , 22
0.0008076608184402828 , 2 17 7 -13 -41 -21 , 1 -19 19 0 -15 4 , 24 -24 7 -3 21 -12 , 41 -17 17 0 8 25 , 15 -7 -17 13 -28 -58 , 17 -5 1 2 7 6 , 15 -1 5 -2 5 12 , 27 -7 24 3 -19 45 , 39 36 -36 0 7 -29 , 0.0066947297659537613 , 23
0.0008076608184402828 , 2 17 7 -13 -41 -21 , 1 -19 19 0 -15 4 , 19 -3 21 7 -27 45 , 41 -17 17 0 8 25 , 15 -7 -17 13 -28 -58 , -5 2 7 1 -15 12 , -6 -7 -2 -1 5 -17 , 12 -21 3 -7 24 -24 , 39 36 -36 0 7 -29 , 0.0066947297659538307 , 24
0.0008076608184402828 , 2 17 7 -13 -41 -21 , 1 -19 19 0 -15 4 , -19 3 -21 -7 27 -45 , 41 -17 17 0 8 25 , 15 -7 -17 13 -28 -58 , 5 -2 -7 -1 15 -12 , 6 7 2 1 -5 17 , -12 21 -3 7 -24 24 , 39 36 -36 0 7 -29 , 0.0066947297659538307 , 25
0.0008076608184402828 , 2 17 7 -13 -41 -21 , 1 -19 19 0 -15 4 , -21 12 24 -45 19 -3 , 41 -17 17 0 8 25 , 15 -7 -17 13 -28 -58 , -7 -6 17 -12 -5 2 , 5 -17 6 12 -15 1 , 24 -24 -12 45 -27 7 , 39 36 -36 0 7 -29 , 0.0066947297659538437 , 26
0.0008076608184402828 , 2 17 7 -13 -41 -21 , 1 -19 19 0 -15 4 , 21 -12 -24 45 -19 3 , 41 -17 17 0 8 25 , 15 -7 -17 13 -28 -58 , 7 6 -17 12 5 -2 , -5 17 -6 -12 15 -1 , -24 24 12 -45 27 -7 , 39 36 -36 0 7 -29 , 0.0066947297659538437 , 27
0.0008076608184402828 , 2 17 7 -13 -41 -21 , 41 -17 17 0 8 25 , 1 -5 17 -5 -12 15 , 1 -19 19 0 -15 4 , 15 -7 -17 13 -28 -58 , 7 -24 24 19 -45 27 , -12 -24 24 -19 3 -21 , 6 -17 5 5 -2 -7 , 39 36 -36 0 7 -29 , 0.0066947297659538454 , 28
0.0008076608184402828 , 2 17 7 -13 -41 -21 , 41 -17 17 0 8 25 , -1 5 -17 5 12 -15 , 1 -19 19 0 -15 4 , 15 -7 -17 13 -28 -58 , -7 24 -24 -19 45 -27 , 12 24 -24 19 -3 21 , -6 17 -5 -5 2 7 , 39 36 -36 0 7 -29 , 0.0066947297659538454 , 29
0.0008076608184402828 , 2 17 7 -13 -41 -21 , 41 -17 17 0 8 25 , -5 -12 15 -6 -7 -2 , 1 -19 19 0 -15 4 , 15 -7 -17 13 -28 -58 , 19 -45 27 12 -21 3 , 7 -27 45 -12 -24 24 , 1 -15 12 6 -17 5 , 39 36 -36 0 7 -29 , 0.0066947297659538836 , 30
0.0008076608184402828 , 2 17 7 -13 -41 -21 , 41 -17 17 0 8 25 , 5 12 -15 6 7 2 , 1 -19 19 0 -15 4 , 15 -7 -17 13 -28 -58 , -19 45 -27 -12 21 -3 , -7 27 -45 12 24 -24 , -1 15 -12 -6 17 -5 , 39 36 -36 0 7 -29 , 0.0066947297659538836 , 31
0.0008076608184402828 , 2 17 7 -13 -41 -21 , 1 -19 19 0 -15 4 , 3 -21 12 27 -45 19 , 41 -17 17 0 8 25 , 15 -7 -17 13 -28 -58 , -2 -7 -6 15 -12 -5 , -17 6 7 -15 1 -5 , -24 -12 21 -27 7 -24 , 39 36 -36 0 7 -29 , 0.0066947297659539252 , 32
0.0008076608184402828 , 2 17 7 -13 -41 -21 , 1 -19 19 0 -15 4 , -3 21 -12 -27 45 -19 , 41 -17 17 0 8 25 , 15 -7 -17 13 -28 -58 , 2 7 6 -15 12 5 , 17 -6 -7 15 -1 5 , 24 12 -21 27 -7 24 , 39 36 -36 0 7 -29 , 0.0066947297659539252 , 33
0.0008076608184402828 , 2 17 7 -13 -41 -21 , 41 -17 17 0 8 25 , -15 1 -5 2 -5 -12 , 1 -19 19 0 -15 4 , 15 -7 -17 13 -28 -58 , -27 7 -24 -3 19 -45 , -24 24 -7 3 -21 12 , -17 5 -1 -2 -7 -6 , 39 36 -36 0 7 -29 , 0.0066947297659539617 , 34
0.0008076608184402828 , 2 17 7 -13 -41 -21 , 41 -17 17 0 8 25 , 15 -1 5 -2 5 12 , 1 -19 19 0 -15 4 , 15 -7 -17 13 -28 -58 , 27 -7 24 3 -19 45 , 24 -24 7 -3 21 -12 , 17 -5 1 2 7 6 , 39 36 -36 0 7 -29 , 0.0066947297659539617 , 35
0.0008076608184402828 , 1 12 2 -15 -29 -38 , 34 1 -1 0 19 18 , -20 17 -19 11 -11 -6 , 8 -37 37 0 -26 11 , 16 -2 -12 15 -40 -41 , -8 -16 5 18 -30 0 , -26 -5 16 -18 -5 -14 , -31 19 -17 -11 13 -28 , 39 36 -36 0 7 -29 , 0.0067666633441450684 , 36
0.0008076608184402828 , 1 12 2 -15 -29 -38 , 34 1 -1 0 19 18 , 20 -17 19 -11 11 6 , 8 -37 37 0 -26 11 , 16 -2 -12 15 -40 -41 , 8 16 -5 -18 30 0 , 26 5 -16 18 5 14 , 31 -19 17 11 -13 28 , 39 36 -36 0 7 -29 , 0.0067666633441450684 , 37
0.0008076608184402828 , 1 12 2 -15 -29 -38 , 8 -37 37 0 -26 11 , -18 -5 -14 8 0 -30 , 34 1 -1 0 19 18 , 16 -2 -12 15 -40 -41 , -11 13 -28 20 -6 -11 , -31 28 -13 -20 17 -19 , -26 14 5 -8 -16 5 , 39 36 -36 0 7 -29 , 0.0067666633441451083 , 38
0.0008076608184402828 , 1 12 2 -15 -29 -38 , 8 -37 37 0 -26 11 , 18 5 14 -8 0 30 , 34 1 -1 0 19 18 , 16 -2 -12 15 -40 -41 , 11 -13 28 -20 6 11 , 31 -28 13 20 -17 19 , 26 -14 -5 8 16 -5 , 39 36 -36 0 7 -29 , 0.0067666633441451083 , 39
0.0008076608184402828 , 1 12 2 -15 -29 -38 , 8 -37 37 0 -26 11 , -5 -14 26 0 -30 18 , 34 1 -1 0 19 18 , 16 -2 -12 15 -40 -41 , 13 -28 31 -6 -11 11 , 19 -31 28 6 -20 17 , -5 -26 14 0 -8 -16 , 39 36 -36 0 7 -29 , 0.0067666633441451456 , 40
0.0008076608184402828 , 1 12 2 -15 -29 -38 , 8 -37 37 0 -26 11 , 5 14 -26 0 30 -18 , 34 1 -1 0 19 18 , 16 -2 -12 15 -40 -41 , -13 28 -31 6 11 -11 , -19 31 -28 -6 20 -17 , 5 26 -14 0 8 16 , 39 36 -36 0 7 -29 , 0.0067666633441451456 , 41
0.0008076608184402828 , 1 12 2 -15 -29 -38 , 34 1 -1 0 19 18 , 11 6 -20 28 -13 11 , 8 -37 37 0 -26 11 , 16 -2 -12 15 -40 -41 , 30 0 -8 14 5 18 , 16 8 0 -14 26 5 , -17 20 -6 -28 31 -19 , 39 36 -36 0 7 -29 , 0.0067666633441452748 , 42
0.0008076608184402828 , 1 12 2 -15 -29 -38 , 34 1 -1 0 19 18 , -11 -6 20 -28 13 -11 , 8 -37 37 0 -26 11 , 16 -2 -12 15 -40 -41 , -30 0 8 -14 -5 -18 , -16 -8 0 14 -26 -5 , 17 -20 6 28 -31 19 , 39 36 -36 0 7 -29 , 0.0067666633441452748 , 43
0.0008076608184402828 , 1 12 2 -15 -29 -38 , 8 -37 37 0 -26 11 , 0 30 -18 -5 16 8 , 34 1 -1 0 19 18 , 16 -2 -12 15 -40 -41 , 6 11 -11 19 -17 20 , -13 11 -11 -19 31 -28 , 5 18 -30 5 26 -14 , 39 36 -36 0 7 -29 , 0.0067666633441453954 , 44
0.0008076608184402828 , 1 12 2 -15 -29 -38 , 8 -37 37 0 -26 11 , 0 -30 18 5 -16 -8 , 34 1 -1 0 19 18 , 16 -2 -12 15 -40 -41 , -6 -11 11 -19 17 -20 , 13 -11 11 19 -31 28 , -5 -18 30 -5 -26 14 , 39 36 -36 0 7 -29 , 0.0067666633441453954 , 45
0.0008076608184402828 , 1 12 2 -15 -29 -38 , 8 -37 37 0 -26 11 , -5 16 8 -5 -14 26 , 34 1 -1 0 19 18 , 16 -2 -12 15 -40 -41 , 19 -17 20 13 -28 31 , 6 -20 17 -13 11 -11 , 0 -8 -16 5 18 -30 , 39 36 -36 0 7 -29 , 0.0067666633441454318 , 46
0.0008076608184402828 , 1 12 2 -15 -29 -38 , 8 -37 37 0 -26 11 , 5 -16 -8 5 14 -26 , 34 1 -1 0 19 18 , 16 -2 -12 15 -40 -41 , -19 17 -20 -13 28 -31 , -6 20 -17 13 -11 11 , 0 8 16 -5 -18 30 , 39 36 -36 0 7 -29 , 0.0067666633441454318 , 47
0.0008076608184402828 , 1 12 2 -15 -29 -38 , 34 1 -1 0 19 18 , -28 13 -11 -17 19 -31 , 8 -37 37 0 -26 11 , 16 -2 -12 15 -40 -41 , -14 -5 -18 16 -5 -26 , -30 18 5 -16 -8 0 , -11 11 -13 17 -20 6 , 39 36 -36 0 7 -29 , 0.0067666633441454318 , 48
0.0008076608184402828 , 1 12 2 -15 -29 -38 , 34 1 -1 0 19 18 , 28 -13 11 17 -19 31 , 8 -37 37 0 -26 11 , 16 -2 -12 15 -40 -41 , 14 5 18 -16 5 26 , 30 -18 -5 16 8 0 , 11 -11 13 -17 20 -6 , 39 36 -36 0 7 -29 , 0.0067666633441454318 , 49
0.0008076608184402828 , 1 12 2 -15 -29 -38 , 34 1 -1 0 19 18 , -17 19 -31 11 6 -20 , 8 -37 37 0 -26 11 , 16 -2 -12 15 -40 -41 , 16 -5 -26 30 0 -8 , -14 26 5 -30 18 5 , -28 31 -19 -11 11 -13 , 39 36 -36 0 7 -29 , 0.0067666633441454413 , 50
0.0008076608184402828 , 1 12 2 -15 -29 -38 , 34 1 -1 0 19 18 , 17 -19 31 -11 -6 20 , 8 -37 37 0 -26 11 , 16 -2 -12 15 -40 -41 , -16 5 26 -30 0 8 , 14 -26 -5 30 -18 -5 , 28 -31 19 11 -11 13 , 39 36 -36 0 7 -29 , 0.0067666633441454413 , 51
0.0008076608184402828 , 1 12 2 -15 -29 -38 , 8 -37 37 0 -26 11 , -14 26 5 -30 18 5 , 34 1 -1 0 19 18 , 16 -2 -12 15 -40 -41 , -28 31 -19 -11 11 -13 , -17 19 -31 11 6 -20 , 16 -5 -26 30 0 -8 , 39 36 -36 0 7 -29 , 0.0067666633441454708 , 52
0.0008076608184402828 , 1 12 2 -15 -29 -38 , 8 -37 37 0 -26 11 , 14 -26 -5 30 -18 -5 , 34 1 -1 0 19 18 , 16 -2 -12 15 -40 -41 , 28 -31 19 11 -11 13 , 17 -19 31 -11 -6 20 , -16 5 26 -30 0 8 , 39 36 -36 0 7 -29 , 0.0067666633441454708 , 53
0.0008076608184402828 , 1 12 2 -15 -29 -38 , 34 1 -1 0 19 18 , -6 20 -17 13 -11 11 , 8 -37 37 0 -26 11 , 16 -2 -12 15 -40 -41 , 0 8 16 -5 -18 30 , 5 -16 -8 5 14 -26 , -19 17 -20 -13 28 -31 , 39 36 -36 0 7 -29 , 0.0067666633441455315 , 54
0.0008076608184402828 , 1 12 2 -15 -29 -38 , 34 1 -1 0 19 18 , 6 -20 17 -13 11 -11 , 8 -37 37 0 -26 11 , 16 -2 -12 15 -40 -41 , 0 -8 -16 5 18 -30 , -5 16 8 -5 -14 26 , 19 -17 20 13 -28 31 , 39 36 -36 0 7 -29 , 0.0067666633441455315 , 55
0.0008076608184402828 , 1 12 2 -15 -29 -38 , 34 1 -1 0 19 18 , 13 -11 11 19 -31 28 , 8 -37 37 0 -26 11 , 16 -2 -12 15 -40 -41 , -5 -18 30 -5 -26 14 , 0 -30 18 5 -16 -8 , -6 -11 11 -19 17 -20 , 39 36 -36 0 7 -29 , 0.0067666633441455419 , 56
0.0008076608184402828 , 1 12 2 -15 -29 -38 , 34 1 -1 0 19 18 , -13 11 -11 -19 31 -28 , 8 -37 37 0 -26 11 , 16 -2 -12 15 -40 -41 , 5 18 -30 5 26 -14 , 0 30 -18 -5 16 8 , 6 11 -11 19 -17 20 , 39 36 -36 0 7 -29 , 0.0067666633441455419 , 57
0.0008076608184402828 , 1 12 2 -15 -29 -38 , 34 1 -1 0 19 18 , -31 28 -13 -20 17 -19 , 8 -37 37 0 -26 11 , 16 -2 -12 15 -40 -41 , -26 14 5 -8 -16 5 , -18 -5 -14 8 0 -30 , -11 13 -28 20 -6 -11 , 39 36 -36 0 7 -29 , 0.0067666633441455584 , 58
0.0008076608184402828 , 1 12 2 -15 -29 -38 , 34 1 -1 0 19 18 , 31 -28 13 20 -17 19 , 8 -37 37 0 -26 11 , 16 -2 -12 15 -40 -41 , 26 -14 -5 8 16 -5 , 18 5 14 -8 0 30 , 11 -13 28 -20 6 11 , 39 36 -36 0 7 -29 , 0.0067666633441455584 , 59
0.0008076608184402828 , 1 12 2 -15 -29 -38 , 8 -37 37 0 -26 11 , -26 -5 16 -18 -5 -14 , 34 1 -1 0 19 18 , 16 -2 -12 15 -40 -41 , -31 19 -17 -11 13 -28 , -20 17 -19 11 -11 -6 , -8 -16 5 18 -30 0 , 39 36 -36 0 7 -29 , 0.006766663344145561 , 60
0.0008076608184402828 , 1 12 2 -15 -29 -38 , 8 -37 37 0 -26 11 , 26 5 -16 18 5 14 , 34 1 -1 0 19 18 , 16 -2 -12 15 -40 -41 , 31 -19 17 11 -13 28 , 20 -17 19 -11 11 6 , 8 16 -5 -18 30 0 , 39 36 -36 0 7 -29 , 0.006766663344145561 , 61
0.0008076608184402828 , 1 12 2 -15 -29 -38 , 8 -37 37 0 -26 11 , -8 0 30 -26 -5 16 , 34 1 -1 0 19 18 , 16 -2 -12 15 -40 -41 , -20 6 11 -31 19 -17 , 11 -11 -6 31 -28 13 , 18 -30 0 26 -14 -5 , 39 36 -36 0 7 -29 , 0.0067666633441456122 , 62
0.0008076608184402828 , 1 12 2 -15 -29 -38 , 8 -37 37 0 -26 11 , 8 0 -30 26 5 -16 , 34 1 -1 0 19 18 , 16 -2 -12 15 -40 -41 , 20 -6 -11 31 -19 17 , -11 11 6 -31 28 -13 , -18 30 0 -26 14 5 , 39 36 -36 0 7 -29 , 0.0067666633441456122 , 63
0.0008076608184402828 , 1 12 2 -15 -29 -38 , 34 1 -1 0 19 18 , -11 11 6 -31 28 -13 , 8 -37 37 0 -26 11 , 16 -2 -12 15 -40 -41 , -18 30 0 -26 14 5 , 8 0 -30 26 5 -16 , 20 -6 -11 31 -19 17 , 39 36 -36 0 7 -29 , 0.0067666633441456599 , 64
0.0008076608184402828 , 1 12 2 -15 -29 -38 , 34 1 -1 0 19 18 , 11 -11 -6 31 -28 13 , 8 -37 37 0 -26 11 , 16 -2 -12 15 -40 -41 , 18 -30 0 26 -14 -5 , -8 0 30 -26 -5 16 , -20 6 11 -31 19 -17 , 39 36 -36 0 7 -29 , 0.0067666633441456599 , 65
0.0008076608184402828 , 1 12 2 -15 -29 -38 , 8 -37 37 0 -26 11 , -30 18 5 -16 -8 0 , 34 1 -1 0 19 18 , 16 -2 -12 15 -40 -41 , -11 11 -13 17 -20 6 , -28 13 -11 -17 19 -31 , -14 -5 -18 16 -5 -26 , 39 36 -36 0 7 -29 , 0.0067666633441456781 , 66
0.0008076608184402828 , 1 12 2 -15 -29 -38 , 8 -37 37 0 -26 11 , 30 -18 -5 16 8 0 , 34 1 -1 0 19 18 , 16 -2 -12 15 -40 -41 , 11 -11 13 -17 20 -6 , 28 -13 11 17 -19 31 , 14 5 18 -16 5 26 , 39 36 -36 0 7 -29 , 0.0067666633441456781 , 67
0.0008076608184402828 , 1 12 2 -15 -29 -38 , 34 1 -1 0 19 18 , 19 -31 28 6 -20 17 , 8 -37 37 0 -26 11 , 16 -2 -12 15 -40 -41 , -5 -26 14 0 -8 -16 , -5 -14 26 0 -30 18 , 13 -28 31 -6 -11 11 , 39 36 -36 0 7 -29 , 0.0067666633441457007 , 68
0.0008076608184402828 , 1 12 2 -15 -29 -38 , 34 1 -1 0 19 18 , -19 31 -28 -6 20 -17 , 8 -37 37 0 -26 11 , 16 -2 -12 15 -40 -41 , 5 26 -14 0 8 16 , 5 14 -26 0 30 -18 , -13 28 -31 6 11 -11 , 39 36 -36 0 7 -29 , 0.0067666633441457007 , 69
0.0008076608184402828 , 1 12 2 -15 -29 -38 , 8 -37 37 0 -26 11 , -16 -8 0 14 -26 -5 , 34 1 -1 0 19 18 , 16 -2 -12 15 -40 -41 , 17 -20 6 28 -31 19 , -11 -6 20 -28 13 -11 , -30 0 8 -14 -5 -18 , 39 36 -36 0 7 -29 , 0.0067666633441458065 , 70
0.0008076608184402828 , 1 12 2 -15 -29 -38 , 8 -37 37 0 -26 11 , 16 8 0 -14 26 5 , 34 1 -1 0 19 18 , 16 -2 -12 15 -40 -41 , -17 20 -6 -28 31 -19 , 11 6 -20 28 -13 11 , 30 0 -8 14 5 18 , 39 36 -36 0 7 -29 , 0.0067666633441458065 , 71
0.0008076608184402828 , 17 17 -28 18 -33 -36 , 10 -14 14 0 -6 8 , -16 -13 -27 29 -10 -38 , 31 13 -13 0 27 14 , -1 28 -17 -18 -8 -50 , -26 15 -15 -8 11 -25 , -18 15 -15 8 -10 -4 , -45 27 13 -29 -11 3 , 40 1 -1 0 -21 -22 , 0.0070501664454626902 , 72
0.0008076608184402828 , 17 17 -28 18 -33 -36 , 10 -14 14 0 -6 8 , 16 13 27 -29 10 38 , 31 13 -13 0 27 14 , -1 28 -17 -18 -8 -50 , 26 -15 15 8 -11 25 , 18 -15 15 -8 10 4 , 45 -27 -13 29 11 -3 , 40 1 -1 0 -21 -22 , 0.0070501664454626902 , 73
0.0008076608184402828 , 17 17 -28 18 -33 -36 , 10 -14 14 0 -6 8 , -29 10 38 -45 -3 11 , 31 13 -13 0 27 14 , -1 28 -17 -18 -8 -50 , 8 -11 25 -18 4 10 , 26 -25 11 18 -15 15 , 16 -38 -10 45 -27 -13 , 40 1 -1 0 -21 -22 , 0.0070501664454627562 , 74
0.0008076608184402828 , 17 17 -28 18 -33 -36 , 10 -14 14 0 -6 8 , 29 -10 -38 45 3 -11 , 31 13 -13 0 27 14 , -1 28 -17 -18 -8 -50 , -8 11 -25 18 -4 -10 , -26 25 -11 -18 15 -15 , -16 38 10 -45 27 13 , 40 1 -1 0 -21 -22 , 0.0070501664454627562 , 75
0.0008076608184402828 , 17 17 -28 18 -33 -36 , 31 13 -13 0 27 14 , -15 15 -26 10 4 -18 , 10 -14 14 0 -6 8 , -1 28 -17 -18 -8 -50 , -27 -13 -16 11 -3 -45 , -38 16 13 -11 -29 10 , -25 26 -15 -10 8 -11 , 40 1 -1 0 -21 -22 , 0.007050166445462757 , 76
0.0008076608184402828 , 17 17 -28 18 -33 -36 , 31 13 -13 0 27 14 , 15 -15 26 -10 -4 18 , 10 -14 14 0 -6 8 , -1 28 -17 -18 -8 -50 , 27 13 16 -11 3 45 , 38 -16 -13 11 29 -10 , 25 -26 15 10 -8 11 , 40 1 -1 0 -21 -22 , 0.007050166445462757 , 77
0.0008076608184402828 , 17 17 -28 18 -33 -36 , 31 13 -13 0 27 14 , 10 4 -18 25 -11 8 , 10 -14 14 0 -6 8 , -1 28 -17 -18 -8 -50 , 11 -3 -45 38 10 -29 , -27 45 3 -38 16 13 , -15 18 -4 -25 26 -15 , 40 1 -1 0 -21 -22 , 0.0070501664454628238 , 78
0.0008076608184402828 , 17 17 -28 18 -33 -36 , 31 13 -13 0 27 14 , -10 -4 18 -25 11 -8 , 10 -14 14 0 -6 8 , -1 28 -17 -18 -8 -50 , -11 3 45 -38 -10 29 , 27 -45 -3 38 -16 -13 , 15 -18 4 25 -26 15 , 40 1 -1 0 -21 -22 , 0.0070501664454628238 , 79
0.0008076608184402828 , 17 17 -28 18 -33 -36 , 10 -14 14 0 -6 8 , -38 16 13 -11 -29 10 , 31 13 -13 0 27 14 , -1 28 -17 -18 -8 -50 , -25 26 -15 -10 8 -11 , -15 15 -26 10 4 -18 , -27 -13 -16 11 -3 -45 , 40 1 -1 0 -21 -22 , 0.0070501664454628238 , 80
0.0008076608184402828 , 17 17 -28 18 -33 -36 , 10 -14 14 0 -6 8 , 38 -16 -13 11 29 -10 , 31 13 -13 0 27 14 , -1 28 -17 -18 -8 -50 , 25 -26 15 10 -8 11 , 15 -15 26 -10 -4 18 , 27 13 16 -11 3 45 , 40 1 -1 0 -21 -22 , 0.0070501664454628238 , 81
0.0008076608184402828 , 17 17 -28 18 -33 -36 , 10 -14 14 0 -6 8 , 10 38 -16 -3 11 29 , 31 13 -13 0 27 14 , -1 28 -17 -18 -8 -50 , -11 25 -26 4 10 -8 , -15 26 -25 -4 18 -15 , 13 16 -38 3 45 -27 , 40 1 -1 0 -21 -22 , 0.0070501664454628576 , 82
0.0008076608184402828 , 17 17 -28 18 -33 -36 , 10 -14 14 0 -6 8 , -10 -38 16 3 -11 -29 , 31 13 -13 0 27 14 , -1 28 -17 -18 -8 -50 , 11 -25 26 -4 -10 8 , 15 -26 25 4 -18 15 , -13 -16 38 -3 -45 27 , 40 1 -1 0 -21 -22 , 0.0070501664454628576 , 83
0.0008076608184402828 , 17 17 -28 18 -33 -36 , 31 13 -13 0 27 14 , -18 15 -15 8 -10 -4 , 10 -14 14 0 -6 8 , -1 28 -17 -18 -8 -50 , -45 27 13 -29 -11 3 , -16 -13 -27 29 -10 -38 , -26 15 -15 -8 11 -25 , 40 1 -1 0 -21 -22 , 0.0070501664454628585 , 84
0.0008076608184402828 , 17 17 -28 18 -33 -36 , 31 13 -13 0 27 14 , 18 -15 15 -8 10 4 , 10 -14 14 0 -6 8 , -1 28 -17 -18 -8 -50 , 45 -27 -13 29 11 -3 , 16 13 27 -29 10 38 , 26 -15 15 8 -11 25 , 40 1 -1 0 -21 -22 , 0.0070501664454628585 , 85
0.0008076608184402828 , 17 17 -28 18 -33 -36 , 31 13 -13 0 27 14 , 15 -26 25 4 -18 15 , 10 -14 14 0 -6 8 , -1 28 -17 -18 -8 -50 , -13 -16 38 -3 -45 27 , -10 -38 16 3 -11 -29 , 11 -25 26 -4 -10 8 , 40 1 -1 0 -21 -22 , 0.0070501664454628915 , 86
0.0008076608184402828 , 17 17 -28 18 -33 -36 , 31 13 -13 0 27 14 , -15 26 -25 -4 18 -15 , 10 -14 14 0 -6 8 , -1 28 -17 -18 -8 -50 , 13 16 -38 3 45 -27 , 10 38 -16 -3 11 29 , -11 25 -26 4 10 -8 , 40 1 -1 0 -21 -22 , 0.0070501664454628915 , 87
0.0008076608184402828 , 17 17 -28 18 -33 -36 , 10 -14 14 0 -6 8 , 13 27 -45 10 38 -16 , 31 13 -13 0 27 14 , -1 28 -17 -18 -8 -50 , -15 15 -18 -11 25 -26 , -4 18 -15 11 -8 10 , 3 45 -27 -10 29 11 , 40 1 -1 0 -21 -22 , 0.0070501664454628915 , 88
0.0008076608184402828 , 17 17 -28 18 -33 -36 , 10 -14 14 0 -6 8 , 3 -11 -29 13 27 -45 , 31 13 -13 0 27 14 , -1 28 -17 -18 -8 -50 , -4 -10 8 -15 15 -18 , 11 -8 10 15 -26 25 , -10 29 11 -13 -16 38 , 40 1 -1 0 -21 -22 , 0.0070501664454628915 , 89
0.0008076608184402828 , 17 17 -28 18 -33 -36 , 10 -14 14 0 -6 8 , -3 11 29 -13 -27 45 , 31 13 -13 0 27 14 , -1 28 -17 -18 -8 -50 , 4 10 -8 15 -15 18 , -11 8 -10 -15 26 -25 , 10 -29 -11 13 16 -38 , 40 1 -1 0 -21 -22 , 0.0070501664454628915 , 90
0.0008076608184402828 , 17 17 -28 18 -33 -36 , 10 -14 14 0 -6 8 , -13 -27 45 -10 -38 16 , 31 13 -13 0 27 14 , -1 28 -17 -18 -8 -50 , 15 -15 18 11 -25 26 , 4 -18 15 -11 8 -10 , -3 -45 27 10 -29 -11 , 40 1 -1 0 -21 -22 , 0.0070501664454628915 , 91
0.0008076608184402828 , 17 17 -28 18 -33 -36 , 31 13 -13 0 27 14 , -25 11 -8 -15 15 -26 , 10 -14 14 0 -6 8 , -1 28 -17 -18 -8 -50 , -38 -10 29 -27 -13 -16 , -11 -29 10 27 -45 -3 , -10 8 -11 15 -18 4 , 40 1 -1 0 -21 -22 , 0.0070501664454629253 , 92
0.0008076608184402828 , 17 17 -28 18 -33 -36 , 31 13 -13 0 27 14 , 25 -11 8 15 -15 26 , 10 -14 14 0 -6 8 , -1 28 -17 -18 -8 -50 , 38 10 -29 27 13 16 , 11 29 -10 -27 45 3 , 10 -8 11 -15 18 -4 , 40 1 -1 0 -21 -22 , 0.0070501664454629253 , 93
0.0008076608184402828 , 17 17 -28 18 -33 -36 , 10 -14 14 0 -6 8 , -45 -3 11 -16 -13 -27 , 31 13 -13 0 27 14 , -1 28 -17 -18 -8 -50 , -18 4 10 -26 15 -15 , 8 -10 -4 26 -25 11 , -29 -11 3 16 -38 -10 , 40 1 -1 0 -21 -22 , 0.007050166445462993 , 94
0.0008076608184402828 , 17 17 -28 18 -33 -36 , 10 -14 14 0 -6 8 , 45 3 -11 16 13 27 , 31 13 -13 0 27 14 , -1 28 -17 -18 -8 -50 , 18 -4 -10 26 -15 15 , -8 10 4 -26 25 -11 , 29 11 -3 -16 38 10 , 40 1 -1 0 -21 -22 , 0.007050166445462993 , 95
0.0008076608184402828 , 17 17 -28 18 -33 -36 , 31 13 -13 0 27 14 , 11 -8 10 15 -26 25 , 10 -14 14 0 -6 8 , -1 28 -17 -18 -8 -50 , -10 29 11 -13 -16 38 , 3 -11 -29 13 27 -45 , -4 -10 8 -15 15 -18 , 40 1 -1 0 -21 -22 , 0.0070501664454630589 , 96
0.0008076608184402828 , 17 17 -28 18 -33 -36 , 31 13 -13 0 27 14 , -11 8 -10 -15 26 -25 , 10 -14 14 0 -6 8 , -1 28 -17 -18 -8 -50 , 10 -29 -11 13 16 -38 , -3 11 29 -13 -27 45 , 4 10 -8 15 -15 18 , 40 1 -1 0 -21 -22 , 0.0070501664454630589 , 97
0.0008076608184402828 , 17 17 -28 18 -33 -36 , 31 13 -13 0 27 14 , -8 10 4 -26 25 -11 , 10 -14 14 0 -6 8 , -1 28 -17 -18 -8 -50 , 29 11 -3 -16 38 10 , 45 3 -11 16 13 27 , 18 -4 -10 26 -15 15 , 40 1 -1 0 -21 -22 , 0.0070501664454630597 , 98
0.0008076608184402828 , 17 17 -28 18 -33 -36 , 31 13 -13 0 27 14 , 4 -18 15 -11 8 -10 , 10 -14 14 0 -6 8 , -1 28 -17 -18 -8 -50 , -3 -45 27 10 -29 -11 , -13 -27 45 -10 -38 16 , 15 -15 18 11 -25 26 , 40 1 -1 0 -21 -22 , 0.0070501664454630597 , 99
0.1085963368629408 , 20 11 -11 -11 -13 -39 , 49 -5 5 0 22 27 , 14 -15 15 1 -6 11 , -7 -31 31 0 -29 2 , 31 11 -11 11 -28 -24 , 1 19 5 -35 37 -1 , 36 -5 -19 35 -6 18 , 13 -15 15 -1 -4 9 , 39 36 -36 0 7 -29 , 0.0049546267761838318 , 0
0.1085963368629408 , 20 11 -11 -11 -13 -39 , 49 -5 5 0 22 27 , -14 15 -15 -1 6 -11 , -7 -31 31 0 -29 2 , 31 11 -11 11 -28 -24 , -1 -19 -5 35 -37 1 , -36 5 19 -35 6 -18 , -13 15 -15 1 4 -9 , 39 36 -36 0 7 -29 , 0.0049546267761838318 , 1
0.1085963368629408 , 20 11 -11 -11 -13 -39 , -7 -31 31 0 -29 2 , 1 -37 35 -5 -19 -1 , 49 -5 5 0 22 27 , 31 11 -11 11 -28 -24 , -11 6 -1 -15 15 -14 , 4 1 -6 15 -13 9 , 6 -35 37 5 -36 18 , 39 36 -36 0 7 -29 , 0.0049546267761838353 , 2
0.1085963368629408 , 20 11 -11 -11 -13 -39 , -7 -31 31 0 -29 2 , -1 37 -35 5 19 1 , 49 -5 5 0 22 27 , 31 11 -11 11 -28 -24 , 11 -6 1 15 -15 14 , -4 -1 6 -15 13 -9 , -6 35 -37 -5 36 -18 , 39 36 -36 0 7 -29 , 0.0049546267761838353 , 3
0.1085963368629408 , 20 11 -11 -11 -13 -39 , -7 -31 31 0 -29 2 , -35 6 -18 1 1 -37 , 49 -5 5 0 22 27 , 31 11 -11 11 -28 -24 , 1 4 -9 14 -11 6 , -13 9 -4 -14 15 -15 , -36 18 -6 -1 -19 -5 , 39 36 -36 0 7 -29 , 0.0049546267761838361 , 4
0.1085963368629408 , 20 11 -11 -11 -13 -39 , -7 -31 31 0 -29 2 , 35 -6 18 -1 -1 37 , 49 -5 5 0 22 27 , 31 11 -11 11 -28 -24 , -1 -4 9 -14 11 -6 , 13 -9 4 14 -15 15 , 36 -18 6 1 19 5 , 39 36 -36 0 7 -29 , 0.0049546267761838361 , 5
0.1085963368629408 , 20 11 -11 -11 -13 -39 , -7 -31 31 0 -29 2 , -37 35 -6 -19 -1 -1 , 49 -5 5 0 22 27 , 31 11 -11 11 -28 -24 , 6 -1 -4 15 -14 11 , -9 4 1 -15 15 -13 , -18 6 -35 19 5 -36 , 39 36 -36 0 7 -29 , 0.0049546267761838379 , 6
0.1085963368629408 , 20 11 -11 -11 -13 -39 , -7 -31 31 0 -29 2 , 37 -35 6 19 1 1 , 49 -5 5 0 22 27 , 31 11 -11 11 -28 -24 , -6 1 4 -15 14 -11 , 9 -4 -1 15 -15 13 , 18 -6 35 -19 -5 36 , 39 36 -36 0 7 -29 , 0.0049546267761838379 , 7
0.1085963368629408 , 20 11 -11 -11 -13 -39 , 49 -5 5 0 22 27 , -15 15 -13 -6 11 -14 , -7 -31 31 0 -29 2 , 31 11 -11 11 -28 -24 , 19 5 -36 37 -1 -1 , -18 36 -5 -37 35 -6 , -9 13 -15 6 -1 -4 , 39 36 -36 0 7 -29 , 0.0049546267761838396 , 8
0.1085963368629408 , 20 11 -11 -11 -13 -39 , 49 -5 5 0 22 27 , 15 -15 13 6 -11 14 , -7 -31 31 0 -29 2 , 31 11 -11 11 -28 -24 , -19 -5 36 -37 1 1 , 18 -36 5 37 -35 6 , 9 -13 15 -6 1 4 , 39 36 -36 0 7 -29 , 0.0049546267761838396 , 9
0.1085963368629408 , 20 11 -11 -11 -13 -39 , -7 -31 31 0 -29 2 , 5 19 1 6 -18 36 , 49 -5 5 0 22 27 , 31 11 -11 11 -28 -24 , 15 -15 14 4 -9 13 , 11 -14 15 -4 -1 6 , -1 -1 -19 -6 35 -37 , 39 36 -36 0 7 -29 , 0.0049546267761838413 , 10
0.1085963368629408 , 20 11 -11 -11 -13 -39 , -7 -31 31 0 -29 2 , -5 -19 -1 -6 18 -36 , 49 -5 5 0 22 27 , 31 11 -11 11 -28 -24 , -15 15 -14 -4 9 -13 , -11 14 -15 4 1 -6 , 1 1 19 6 -35 37 , 39 36 -36 0 7 -29 , 0.0049546267761838413 , 11
0.1085963368629408 , 20 11 -11 -11 -13 -39 , 49 -5 5 0 22 27 , -15 13 -9 -11 14 -15 , -7 -31 31 0 -29 2 , 31 11 -11 11 -28 -24 , -5 36 -18 1 1 19 , -6 18 -36 -1 37 -35 , -4 9 -13 11 -6 1 , 39 36 -36 0 7 -29 , 0.0049546267761838413 , 12
0.1085963368629408 , 20 11 -11 -11 -13 -39 , 49 -5 5 0 22 27 , 15 -13 9 11 -14 15 , -7 -31 31 0 -29 2 , 31 11 -11 11 -28 -24 , 5 -36 18 -1 -1 -19 , 6 -18 36 1 -37 35 , 4 -9 13 -11 6 -1 , 39 36 -36 0 7 -29 , 0.0049546267761838413 , 13
0.1085963368629408 , 20 11 -11 -11 -13 -39 , -7 -31 31 0 -29 2 , 6 -18 36 1 -37 35 , 49 -5 5 0 22 27 , 31 11 -11 11 -28 -24 , 4 -9 13 -11 6 -1 , 15 -13 9 11 -14 15 , 5 -36 18 -1 -1 -19 , 39 36 -36 0 7 -29 , 0.0049546267761838431 , 14
0.1085963368629408 , 20 11 -11 -11 -13 -39 , -7 -31 31 0 -29 2 , -6 18 -36 -1 37 -35 , 49 -5 5 0 22 27 , 31 11 -11 11 -28 -24 , -4 9 -13 11 -6 1 , -15 13 -9 -11 14 -15 , -5 36 -18 1 1 19 , 39 36 -36 0 7 -29 , 0.0049546267761838431 , 15
0.1085963368629408 , 20 11 -11 -11 -13 -39 , 49 -5 5 0 22 27 , -9 4 1 -15 15 -13 , -7 -31 31 0 -29 2 , 31 11 -11 11 -28 -24 , -18 6 -35 19 5 -36 , -37 35 -6 -19 -1 -1 , 6 -1 -4 15 -14 11 , 39 36 -36 0 7 -29 , 0.0049546267761838431 , 16
0.1085963368629408 , 20 11 -11 -11 -13 -39 , 49 -5 5 0 22 27 , 9 -4 -1 15 -15 13 , -7 -31 31 0 -29 2 , 31 11 -11 11 -28 -24 , 18 -6 35 -19 -5 36 , 37 -35 6 19 1 1 , -6 1 4 -15 14 -11 , 39 36 -36 0 7 -29 , 0.0049546267761838431 , 17
0.1085963368629408 , 20 11 -11 -11 -13 -39 , 49 -5 5 0 22 27 , 13 -9 4 14 -15 15 , -7 -31 31 0 -29 2 , 31 11 -11 11 -28 -24 , 36 -18 6 1 19 5 , 35 -6 18 -1 -1 37 , -1 -4 9 -14 11 -6 , 39 36 -36 0 7 -29 , 0.0049546267761838439 , 18
0.1085963368629408 , 20 11 -11 -11 -13 -39 , 49 -5 5 0 22 27 , -13 9 -4 -14 15 -15 , -7 -31 31 0 -29 2 , 31 11 -11 11 -28 -24 , -36 18 -6 -1 -19 -5 , -35 6 -18 1 1 -37 , 1 4 -9 14 -11 6 , 39 36 -36 0 7 -29 , 0.0049546267761838439 , 19
0.1085963368629408 , 20 11 -11 -11 -13 -39 , -7 -31 31 0 -29 2 , -18 36 -5 -37 35 -6 , 49 -5 5 0 22 27 , 31 11 -11 11 -28 -24 , -9 13 -15 6 -1 -4 , -15 15 -13 -6 11 -14 , 19 5 -36 37 -1 -1 , 39 36 -36 0 7 -29 , 0.0049546267761838448 , 20
0.1085963368629408 , 20 11 -11 -11 -13 -39 , -7 -31 31 0 -29 2 , 18 -36 5 37 -35 6 , 49 -5 5 0 22 27 , 31 11 -11 11 -28 -24 , 9 -13 15 -6 1 4 , 15 -15 13 6 -11 14 , -19 -5 36 -37 1 1 , 39 36 -36 0 7 -29 , 0.0049546267761838448 , 21
0.1085963368629408 , 20 11 -11 -11 -13 -39 , 49 -5 5 0 22 27 , 1 -6 11 -13 9 -4 , -7 -31 31 0 -29 2 , 31 11 -11 11 -28 -24 , -35 37 -1 -36 18 -6 , 1 1 -37 36 -5 -19 , 14 -11 6 13 -15 15 , 39 36 -36 0 7 -29 , 0.0049546267761838457 , 22
0.1085963368629408 , 20 11 -11 -11 -13 -39 , 49 -5 5 0 22 27 , -1 6 -11 13 -9 4 , -7 -31 31 0 -29 2 , 31 11 -11 11 -28 -24 , 35 -37 1 36 -18 6 , -1 -1 37 -36 5 19 , -14 11 -6 -13 15 -15 , 39 36 -36 0 7 -29 , 0.0049546267761838457 , 23
0.1085963368629408 , 20 11 -11 -11 -13 -39 , -7 -31 31 0 -29 2 , -36 5 19 -35 6 -18 , 49 -5 5 0 22 27 , 31 11 -11 11 -28 -24 , -13 15 -15 1 4 -9 , -14 15 -15 -1 6 -11 , -1 -19 -5 35 -37 1 , 39 36 -36 0 7 -29 , 0.0049546267761838465 , 24
0.1085963368629408 , 20 11 -11 -11 -13 -39 , -7 -31 31 0 -29 2 , 36 -5 -19 35 -6 18 , 49 -5 5 0 22 27 , 31 11 -11 11 -28 -24 , 13 -15 15 -1 -4 9 , 14 -15 15 1 -6 11 , 1 19 5 -35 37 -1 , 39 36 -36 0 7 -29 , 0.0049546267761838465 , 25
0.1085963368629408 , 20 11 -11 -11 -13 -39 , -7 -31 31 0 -29 2 , -19 -1 -1 18 -36 5 , 49 -5 5 0 22 27 , 31 11 -11 11 -28 -24 , 15 -14 11 9 -13 15 , 6 -11 14 -9 4 1 , -37 1 1 -18 6 -35 , 39 36 -36 0 7 -29 , 0.0049546267761838474 , 26
0.1085963368629408 , 20 11 -11 -11 -13 -39 , -7 -31 31 0 -29 2 , 1 1 -37 36 -5 -19 , 49 -5 5 0 22 27 , 31 11 -11 11 -28 -24 , 14 -11 6 13 -15 15 , 1 -6 11 -13 9 -4 , -35 37 -1 -36 18 -6 , 39 36 -36 0 7 -29 , 0.0049546267761838474 , 27
0.1085963368629408 , 20 11 -11 -11 -13 -39 , -7 -31 31 0 -29 2 , -1 -1 37 -36 5 19 , 49 -5 5 0 22 27 , 31 11 -11 11 -28 -24 , -14 11 -6 -13 15 -15 , -1 6 -11 13 -9 4 , 35 -37 1 36 -18 6 , 39 36 -36 0 7 -29 , 0.0049546267761838474 , 28
0.1085963368629408 , 20 11 -11 -11 -13 -39 , -7 -31 31 0 -29 2 , 19 1 1 -18 36 -5 , 49 -5 5 0 22 27 , 31 11 -11 11 -28 -24 , -15 14 -11 -9 13 -15 , -6 11 -14 9 -4 -1 , 37 -1 -1 18 -6 35 , 39 36 -36 0 7 -29 , 0.0049546267761838474 , 29
0.1085963368629408 , 20 11 -11 -11 -13 -39 , 49 -5 5 0 22 27 , -11 14 -15 4 1 -6 , -7 -31 31 0 -29 2 , 31 11 -11 11 -28 -24 , 1 1 19 6 -35 37 , -5 -19 -1 -6 18 -36 , -15 15 -14 -4 9 -13 , 39 36 -36 0 7 -29 , 0.0049546267761838474 , 30
0.1085963368629408 , 20 11 -11 -11 -13 -39 , 49 -5 5 0 22 27 , 11 -14 15 -4 -1 6 , -7 -31 31 0 -29 2 , 31 11 -11 11 -28 -24 , -1 -1 -19 -6 35 -37 , 5 19 1 6 -18 36 , 15 -15 14 4 -9 13 , 39 36 -36 0 7 -29 , 0.0049546267761838474 , 31
0.1085963368629408 , 20 11 -11 -11 -13 -39 , 49 -5 5 0 22 27 , -6 11 -14 9 -4 -1 , -7 -31 31 0 -29 2 , 31 11 -11 11 -28 -24 , 37 -1 -1 18 -6 35 , 19 1 1 -18 36 -5 , -15 14 -11 -9 13 -15 , 39 36 -36 0 7 -29 , 0.0049546267761838526 , 32
0.1085963368629408 , 20 11 -11 -11 -13 -39 , 49 -5 5 0 22 27 , 6 -11 14 -9 4 1 , -7 -31 31 0 -29 2 , 31 11 -11 11 -28 -24 , -37 1 1 -18 6 -35 , -19 -1 -1 18 -36 5 , 15 -14 11 9 -13 15 , 39 36 -36 0 7 -29 , 0.0049546267761838526 , 33
0.1085963368629408 , 20 11 -11 -11 -13 -39 , 49 -5 5 0 22 27 , 4 1 -6 15 -13 9 , -7 -31 31 0 -29 2 , 31 11 -11 11 -28 -24 , 6 -35 37 5 -36 18 , 1 -37 35 -5 -19 -1 , -11 6 -1 -15 15 -14 , 39 36 -36 0 7 -29 , 0.0049546267761838535 , 34
0.1085963368629408 , 20 11 -11 -11 -13 -39 , 49 -5 5 0 22 27 , -4 -1 6 -15 13 -9 , -7 -31 31 0 -29 2 , 31 11 -11 11 -28 -24 , -6 35 -37 -5 36 -18 , -1 37 -35 5 19 1 , 11 -6 1 15 -15 14 , 39 36 -36 0 7 -29 , 0.0049546267761838535 , 35
0.1085963368629408 , 44 -1 -29 18 -14 -41 , 12 -41 41 0 -27 14 , 7 21 -7 -7 13 14 , 30 5 -5 0 20 15 , 26 29 1 -18 -12 -13 , -12 2 -3 -22 30 -30 , 10 3 -2 22 -27 28 , 14 7 -21 7 21 -8 , 39 36 -36 0 7 -29 , 0.0051205930600527428 , 36
0.1085963368629408 , 44 -1 -29 18 -14 -41 , 12 -41 41 0 -27 14 , -7 -21 7 7 -13 -14 , 30 5 -5 0 20 15 , 26 29 1 -18 -12 -13 , 12 -2 3 22 -30 30 , -10 -3 2 -22 27 -28 , -14 -7 21 -7 -21 8 , 39 36 -36 0 7 -29 , 0.0051205930600527428 , 37
0.1085963368629408 , 44 -1 -29 18 -14 -41 , 30 5 -5 0 20 15 , -30 22 -27 -2 12 -30 , 12 -41 41 0 -27 14 , 26 29 1 -18 -12 -13 , -13 7 21 -21 -7 14 , 8 -21 -7 21 -7 -14 , -28 27 -22 2 -3 -10 , 39 36 -36 0 7 -29 , 0.0051205930600527827 , 38
0.1085963368629408 , 44 -1 -29 18 -14 -41 , 30 5 -5 0 20 15 , 30 -22 27 2 -12 30 , 12 -41 41 0 -27 14 , 26 29 1 -18 -12 -13 , 13 -7 -21 21 7 -14 , -8 21 7 -21 7 14 , 28 -27 22 -2 3 10 , 39 36 -36 0 7 -29 , 0.0051205930600527827 , 39
0.1085963368629408 , 44 -1 -29 18 -14 -41 , 30 5 -5 0 20 15 , -30 30 -22 -3 2 -12 , 12 -41 41 0 -27 14 , 26 29 1 -18 -12 -13 , 14 13 -7 -7 21 7 , 21 7 -13 7 14 8 , -27 22 -30 3 10 -28 , 39 36 -36 0 7 -29 , 0.0051205930600527871 , 40
0.1085963368629408 , 44 -1 -29 18 -14 -41 , 30 5 -5 0 20 15 , 30 -30 22 3 -2 12 , 12 -41 41 0 -27 14 , 26 29 1 -18 -12 -13 , -14 -13 7 7 -21 -7 , -21 -7 13 -7 -14 -8 , 27 -22 30 -3 -10 28 , 39 36 -36 0 7 -29 , 0.0051205930600527871 , 41
0.1085963368629408 , 44 -1 -29 18 -14 -41 , 12 -41 41 0 -27 14 , 7 14 8 -14 7 21 , 30 5 -5 0 20 15 , 26 29 1 -18 -12 -13 , 3 10 -28 30 -12 2 , -27 28 -10 -30 30 -22 , 21 -8 -14 14 13 -7 , 39 36 -36 0 7 -29 , 0.0051205930600528226 , 42
0.1085963368629408 , 44 -1 -29 18 -14 -41 , 12 -41 41 0 -27 14 , -7 -14 -8 14 -7 -21 , 30 5 -5 0 20 15 , 26 29 1 -18 -12 -13 , -3 -10 28 -30 12 -2 , 27 -28 10 30 -30 22 , -21 8 14 -14 -13 7 , 39 36 -36 0 7 -29 , 0.0051205930600528226 , 43
0.1085963368629408 , 44 -1 -29 18 -14 -41 , 30 5 -5 0 20 15 , -22 27 -28 -12 30 -30 , 12 -41 41 0 -27 14 , 26 29 1 -18 -12 -13 , -7 -21 8 7 -14 -13 , -14 -8 21 -7 -21 7 , -10 28 -27 12 -2 3 , 39 36 -36 0 7 -29 , 0.0051205930600528296 , 44
0.1085963368629408 , 44 -1 -29 18 -14 -41 , 30 5 -5 0 20 15 , 22 -27 28 12 -30 30 , 12 -41 41 0 -27 14 , 26 29 1 -18 -12 -13 , 7 21 -8 -7 14 13 , 14 8 -21 7 21 -7 , 10 -28 27 -12 2 -3 , 39 36 -36 0 7 -29 , 0.0051205930600528296 , 45
0.1085963368629408 , 44 -1 -29 18 -14 -41 , 12 -41 41 0 -27 14 , -21 7 14 -13 -14 7 , 30 5 -5 0 20 15 , 26 29 1 -18 -12 -13 , -2 3 10 -30 30 -12 , 28 -10 -3 30 -22 27 , -8 -14 -7 13 -7 -21 , 39 36 -36 0 7 -29 , 0.0051205930600528313 , 46
0.1085963368629408 , 44 -1 -29 18 -14 -41 , 12 -41 41 0 -27 14 , 21 -7 -14 13 14 -7 , 30 5 -5 0 20 15 , 26 29 1 -18 -12 -13 , 2 -3 -10 30 -30 12 , -28 10 3 -30 22 -27 , 8 14 7 -13 7 21 , 39 36 -36 0 7 -29 , 0.0051205930600528313 , 47
0.1085963368629408 , 44 -1 -29 18 -14 -41 , 12 -41 41 0 -27 14 , -14 -8 21 -7 -21 7 , 30 5 -5 0 20 15 , 26 29 1 -18 -12 -13 , -10 28 -27 12 -2 3 , -22 27 -28 -12 30 -30 , -7 -21 8 7 -14 -13 , 39 36 -36 0 7 -29 , 0.0051205930600528469 , 48
0.1085963368629408 , 44 -1 -29 18 -14 -41 , 12 -41 41 0 -27 14 , 14 8 -21 7 21 -7 , 30 5 -5 0 20 15 , 26 29 1 -18 -12 -13 , 10 -28 27 -12 2 -3 , 22 -27 28 12 -30 30 , 7 21 -8 -7 14 13 , 39 36 -36 0 7 -29 , 0.0051205930600528469 , 49
0.1085963368629408 , 44 -1 -29 18 -14 -41 , 12 -41 41 0 -27 14 , -14 7 21 -21 -7 13 , 30 5 -5 0 20 15 , 26 29 1 -18 -12 -13 , 30 -12 2 27 -22 30 , 3 -2 12 -27 28 -10 , 7 -21 -7 21 -8 -14 , 39 36 -36 0 7 -29 , 0.0051205930600528556 , 50
0.1085963368629408 , 44 -1 -29 18 -14 -41 , 12 -41 41 0 -27 14 , 14 -7 -21 21 7 -13 , 30 5 -5 0 20 15 , 26 29 1 -18 -12 -13 , -30 12 -2 -27 22 -30 , -3 2 -12 27 -28 10 , -7 21 7 -21 8 14 , 39 36 -36 0 7 -29 , 0.0051205930600528556 , 51
0.1085963368629408 , 44 -1 -29 18 -14 -41 , 12 -41 41 0 -27 14 , -7 13 14 -14 -8 21 , 30 5 -5 0 20 15 , 26 29 1 -18 -12 -13 , -22 30 -30 -10 28 -27 , -12 30 -30 10 3 -2 , 7 -14 -13 14 7 -21 , 39 36 -36 0 7 -29 , 0.0051205930600528599 , 52
0.1085963368629408 , 44 -1 -29 18 -14 -41 , 12 -41 41 0 -27 14 , 7 -13 -14 14 8 -21 , 30 5 -5 0 20 15 , 26 29 1 -18 -12 -13 , 22 -30 30 10 -28 27 , 12 -30 30 -10 -3 2 , -7 14 13 -14 -7 21 , 39 36 -36 0 7 -29 , 0.0051205930600528599 , 53
0.1085963368629408 , 44 -1 -29 18 -14 -41 , 30 5 -5 0 20 15 , -28 10 3 -30 22 -27 , 12 -41 41 0 -27 14 , 26 29 1 -18 -12 -13 , 8 14 7 -13 7 21 , 21 -7 -14 13 14 -7 , 2 -3 -10 30 -30 12 , 39 36 -36 0 7 -29 , 0.0051205930600528755 , 54
0.1085963368629408 , 44 -1 -29 18 -14 -41 , 30 5 -5 0 20 15 , 28 -10 -3 30 -22 27 , 12 -41 41 0 -27 14 , 26 29 1 -18 -12 -13 , -8 -14 -7 13 -7 -21 , -21 7 14 -13 -14 7 , -2 3 10 -30 30 -12 , 39 36 -36 0 7 -29 , 0.0051205930600528755 , 55
0.1085963368629408 , 44 -1 -29 18 -14 -41 , 30 5 -5 0 20 15 , -3 2 -12 27 -28 10 , 12 -41 41 0 -27 14 , 26 29 1 -18 -12 -13 , -7 21 7 -21 8 14 , 14 -7 -21 21 7 -13 , -30 12 -2 -27 22 -30 , 39 36 -36 0 7 -29 , 0.0051205930600528833 , 56
0.1085963368629408 , 44 -1 -29 18 -14 -41 , 30 5 -5 0 20 15 , 3 -2 12 -27 28 -10 , 12 -41 41 0 -27 14 , 26 29 1 -18 -12 -13 , 7 -21 -7 21 -8 -14 , -14 7 21 -21 -7 13 , 30 -12 2 27 -22 30 , 39 36 -36 0 7 -29 , 0.0051205930600528833 , 57
0.1085963368629408 , 44 -1 -29 18 -14 -41 , 30 5 -5 0 20 15 , 27 -28 10 30 -30 22 , 12 -41 41 0 -27 14 , 26 29 1 -18 -12 -13 , -21 8 14 -14 -13 7 , -7 -14 -8 14 -7 -21 , -3 -10 28 -30 12 -2 , 39 36 -36 0 7 -29 , 0.0051205930600528946 , 58
0.1085963368629408 , 44 -1 -29 18 -14 -41 , 30 5 -5 0 20 15 , -27 28 -10 -30 30 -22 , 12 -41 41 0 -27 14 , 26 29 1 -18 -12 -13 , 21 -8 -14 14 13 -7 , 7 14 8 -14 7 21 , 3 10 -28 30 -12 2 , 39 36 -36 0 7 -29 , 0.0051205930600528946 , 59
0.1085963368629408 , 44 -1 -29 18 -14 -41 , 30 5 -5 0 20 15 , -12 30 -30 10 3 -2 , 12 -41 41 0 -27 14 , 26 29 1 -18 -12 -13 , 7 -14 -13 14 7 -21 , -7 13 14 -14 -8 21 , -22 30 -30 -10 28 -27 , 39 36 -36 0 7 -29 , 0.0051205930600528972 , 60
0.1085963368629408 , 44 -1 -29 18 -14 -41 , 30 5 -5 0 20 15 , 12 -30 30 -10 -3 2 , 12 -41 41 0 -27 14 , 26 29 1 -18 -12 -13 , -7 14 13 -14 -7 21 , 7 -13 -14 14 8 -21 , 22 -30 30 10 -28 27 , 39 36 -36 0 7 -29 , 0.0051205930600528972 , 61
0.1085963368629408 , 44 -1 -29 18 -14 -41 , 30 5 -5 0 20 15 , 10 3 -2 22 -27 28 , 12 -41 41 0 -27 14 , 26 29 1 -18 -12 -13 , 14 7 -21 7 21 -8 , 7 21 -7 -7 13 14 , -12 2 -3 -22 30 -30 , 39 36 -36 0 7 -29 , 0.0051205930600528981 , 62
0.1085963368629408 , 44 -1 -29 18 -14 -41 , 30 5 -5 0 20 15 , -10 -3 2 -22 27 -28 , 12 -41 41 0 -27 14 , 26 29 1 -18 -12 -13 , -14 -7 21 -7 -21 8 , -7 -21 7 7 -13 -14 , 12 -2 3 22 -30 30 , 39 36 -36 0 7 -29 , 0.0051205930600528981 , 63
0.1085963368629408 , 44 -1 -29 18 -14 -41 , 12 -41 41 0 -27 14 , -21 -7 13 -7 -14 -8 , 30 5 -5 0 20 15 , 26 29 1 -18 -12 -13 , 27 -22 30 -3 -10 28 , 30 -30 22 3 -2 12 , -14 -13 7 7 -21 -7 , 39 36 -36 0 7 -29 , 0.0051205930600529128 , 64
0.1085963368629408 , 44 -1 -29 18 -14 -41 , 12 -41 41 0 -27 14 , 21 7 -13 7 14 8 , 30 5 -5 0 20 15 , 26 29 1 -18 -12 -13 , -27 22 -30 3 10 -28 , -30 30 -22 -3 2 -12 , 14 13 -7 -7 21 7 , 39 36 -36 0 7 -29 , 0.0051205930600529128 , 65
0.1085963368629408 , 44 -1 -29 18 -14 -41 , 12 -41 41 0 -27 14 , -13 -14 7 8 -21 -7 , 30 5 -5 0 20 15 , 26 29 1 -18 -12 -13 , -30 30 -12 -28 27 -22 , -2 12 -30 28 -10 -3 , -21 -7 14 -8 -14 -7 , 39 36 -36 0 7 -29 , 0.0051205930600529206 , 66
0.1085963368629408 , 44 -1 -29 18 -14 -41 , 12 -41 41 0 -27 14 , 8 -21 -7 21 -7 -14 , 30 5 -5 0 20 15 , 26 29 1 -18 -12 -13 , -28 27 -22 2 -3 -10 , -30 22 -27 -2 12 -30 , -13 7 21 -21 -7 14 , 39 36 -36 0 7 -29 , 0.0051205930600529206 , 67
0.1085963368629408 , 44 -1 -29 18 -14 -41 , 12 -41 41 0 -27 14 , -8 21 7 -21 7 14 , 30 5 -5 0 20 15 , 26 29 1 -18 -12 -13 , 28 -27 22 -2 3 10 , 30 -22 27 2 -12 30 , 13 -7 -21 21 7 -14 , 39 36 -36 0 7 -29 , 0.0051205930600529206 , 68
0.1085963368629408 , 44 -1 -29 18 -14 -41 , 12 -41 41 0 -27 14 , 13 14 -7 -8 21 7 , 30 5 -5 0 20 15 , 26 29 1 -18 -12 -13 , 30 -30 12 28 -27 22 , 2 -12 30 -28 10 3 , 21 7 -14 8 14 7 , 39 36 -36 0 7 -29 , 0.0051205930600529206 , 69
0.1085963368629408 , 44 -1 -29 18 -14 -41 , 30 5 -5 0 20 15 , 2 -12 30 -28 10 3 , 12 -41 41 0 -27 14 , 26 29 1 -18 -12 -13 , 21 7 -14 8 14 7 , 13 14 -7 -8 21 7 , 30 -30 12 28 -27 22 , 39 36 -36 0 7 -29 , 0.0051205930600529206 , 70
0.1085963368629408 , 44 -1 -29 18 -14 -41 , 30 5 -5 0 20 15 , -2 12 -30 28 -10 -3 , 12 -41 41 0 -27 14 , 26 29 1 -18 -12 -13 , -21 -7 14 -8 -14 -7 , -13 -14 7 8 -21 -7 , -30 30 -12 -28 27 -22 , 39 36 -36 0 7 -29 , 0.0051205930600529206 , 71
0.1085963368629408 , 29 -23 -5 19 -44 -41 , 6 -26 26 0 -18 8 , 4 -25 12 25 -39 12 , 36 -10 10 0 11 21 , 10 5 23 -19 -36 -21 , -28 15 -4 -16 7 -17 , -12 4 -15 16 -13 -8 , -21 -12 25 -25 0 -14 , 39 36 -36 0 7 -29 , 0.0053547531751361645 , 72
0.1085963368629408 , 29 -23 -5 19 -44 -41 , 6 -26 26 0 -18 8 , -4 25 -12 -25 39 -12 , 36 -10 10 0 11 21 , 10 5 23 -19 -36 -21 , 28 -15 4 16 -7 17 , 12 -4 15 -16 13 8 , 21 12 -25 25 0 14 , 39 36 -36 0 7 -29 , 0.0053547531751361645 , 73
0.1085963368629408 , 29 -23 -5 19 -44 -41 , 6 -26 26 0 -18 8 , 12 21 -14 12 -4 25 , 36 -10 10 0 11 21 , 10 5 23 -19 -36 -21 , -4 12 -8 -17 28 -15 , 13 8 -12 17 -7 16 , 0 14 -21 -12 39 -25 , 39 36 -36 0 7 -29 , 0.0053547531751362192 , 74
0.1085963368629408 , 29 -23 -5 19 -44 -41 , 6 -26 26 0 -18 8 , -12 -21 14 -12 4 -25 , 36 -10 10 0 11 21 , 10 5 23 -19 -36 -21 , 4 -12 8 17 -28 15 , -13 -8 12 -17 7 -16 , 0 -14 21 12 -39 25 , 39 36 -36 0 7 -29 , 0.0053547531751362192 , 75
0.1085963368629408 , 29 -23 -5 19 -44 -41 , 36 -10 10 0 11 21 , -17 7 -16 -4 15 -28 , 6 -26 26 0 -18 8 , 10 5 23 -19 -36 -21 , 12 -39 25 12 -25 4 , 0 -25 39 -12 -21 14 , -13 16 -7 4 -12 8 , 39 36 -36 0 7 -29 , 0.0053547531751362348 , 76
0.1085963368629408 , 29 -23 -5 19 -44 -41 , 36 -10 10 0 11 21 , 17 -7 16 4 -15 28 , 6 -26 26 0 -18 8 , 10 5 23 -19 -36 -21 , -12 39 -25 -12 25 -4 , 0 25 -39 12 21 -14 , 13 -16 7 -4 12 -8 , 39 36 -36 0 7 -29 , 0.0053547531751362348 , 77
0.1085963368629408 , 29 -23 -5 19 -44 -41 , 36 -10 10 0 11 21 , 13 8 -12 17 -7 16 , 6 -26 26 0 -18 8 , 10 5 23 -19 -36 -21 , 0 14 -21 -12 39 -25 , 12 21 -14 12 -4 25 , -4 12 -8 -17 28 -15 , 39 36 -36 0 7 -29 , 0.0053547531751362556 , 78
0.1085963368629408 , 29 -23 -5 19 -44 -41 , 36 -10 10 0 11 21 , -13 -8 12 -17 7 -16 , 6 -26 26 0 -18 8 , 10 5 23 -19 -36 -21 , 0 -14 21 12 -39 25 , -12 -21 14 -12 4 -25 , 4 -12 8 17 -28 15 , 39 36 -36 0 7 -29 , 0.0053547531751362556 , 79
0.1085963368629408 , 29 -23 -5 19 -44 -41 , 36 -10 10 0 11 21 , -16 13 8 -28 17 -7 , 6 -26 26 0 -18 8 , 10 5 23 -19 -36 -21 , 25 0 14 4 -12 39 , 21 -14 0 -4 25 -12 , 12 -8 -13 28 -15 4 , 39 36 -36 0 7 -29 , 0.0053547531751362695 , 80
0.1085963368629408 , 29 -23 -5 19 -44 -41 , 36 -10 10 0 11 21 , 16 -13 -8 28 -17 7 , 6 -26 26 0 -18 8 , 10 5 23 -19 -36 -21 , -25 0 -14 -4 12 -39 , -21 14 0 4 -25 12 , -12 8 13 -28 15 -4 , 39 36 -36 0 7 -29 , 0.0053547531751362695 , 81
0.1085963368629408 , 29 -23 -5 19 -44 -41 , 6 -26 26 0 -18 8 , -21 14 0 4 -25 12 , 36 -10 10 0 11 21 , 10 5 23 -19 -36 -21 , -12 8 13 -28 15 -4 , 16 -13 -8 28 -17 7 , -25 0 -14 -4 12 -39 , 39 36 -36 0 7 -29 , 0.0053547531751362799 , 82
0.1085963368629408 , 29 -23 -5 19 -44 -41 , 6 -26 26 0 -18 8 , 21 -14 0 -4 25 -12 , 36 -10 10 0 11 21 , 10 5 23 -19 -36 -21 , 12 -8 -13 28 -15 4 , -16 13 8 -28 17 -7 , 25 0 14 4 -12 39 , 39 36 -36 0 7 -29 , 0.0053547531751362799 , 83
0.1085963368629408 , 29 -23 -5 19 -44 -41 , 36 -10 10 0 11 21 , 7 -16 13 15 -28 17 , 6 -26 26 0 -18 8 , 10 5 23 -19 -36 -21 , -39 25 0 -25 4 -12 , -14 0 -25 25 -12 -21 , -8 -13 16 -15 4 -12 , 39 36 -36 0 7 -29 , 0.0053547531751362834 , 84
0.1085963368629408 , 29 -23 -5 19 -44 -41 , 36 -10 10 0 11 21 , -7 16 -13 -15 28 -17 , 6 -26 26 0 -18 8 , 10 5 23 -19 -36 -21 , 39 -25 0 25 -4 12 , 14 0 25 -25 12 21 , 8 13 -16 15 -4 12 , 39 36 -36 0 7 -29 , 0.0053547531751362834 , 85
0.1085963368629408 , 29 -23 -5 19 -44 -41 , 6 -26 26 0 -18 8 , 12 -4 25 0 -25 39 , 36 -10 10 0 11 21 , 10 5 23 -19 -36 -21 , -17 28 -15 -13 16 -7 , -4 15 -28 13 8 -12 , 12 -25 4 0 14 -21 , 39 36 -36 0 7 -29 , 0.0053547531751363077 , 86
0.1085963368629408 , 29 -23 -5 19 -44 -41 , 6 -26 26 0 -18 8 , -12 4 -25 0 25 -39 , 36 -10 10 0 11 21 , 10 5 23 -19 -36 -21 , 17 -28 15 13 -16 7 , 4 -15 28 -13 -8 12 , -12 25 -4 0 -14 21 , 39 36 -36 0 7 -29 , 0.0053547531751363077 , 87
0.1085963368629408 , 29 -23 -5 19 -44 -41 , 36 -10 10 0 11 21 , -8 12 -4 7 -16 13 , 6 -26 26 0 -18 8 , 10 5 23 -19 -36 -21 , -14 21 12 -39 25 0 , 25 -12 -21 39 -12 4 , -15 4 -12 -7 17 -28 , 39 36 -36 0 7 -29 , 0.005354753175136338 , 88
0.1085963368629408 , 29 -23 -5 19 -44 -41 , 36 -10 10 0 11 21 , 8 -12 4 -7 16 -13 , 6 -26 26 0 -18 8 , 10 5 23 -19 -36 -21 , 14 -21 -12 39 -25 0 , -25 12 21 -39 12 -4 , 15 -4 12 7 -17 28 , 39 36 -36 0 7 -29 , 0.005354753175136338 , 89
0.1085963368629408 , 29 -23 -5 19 -44 -41 , 36 -10 10 0 11 21 , -28 17 -7 -12 4 -15 , 6 -26 26 0 -18 8 , 10 5 23 -19 -36 -21 , 4 -12 39 -21 -12 25 , 25 -39 12 21 -14 0 , -16 7 -17 12 -8 -13 , 39 36 -36 0 7 -29 , 0.0053547531751363727 , 90
0.1085963368629408 , 29 -23 -5 19 -44 -41 , 36 -10 10 0 11 21 , 28 -17 7 12 -4 15 , 6 -26 26 0 -18 8 , 10 5 23 -19 -36 -21 , -4 12 -39 21 12 -25 , -25 39 -12 -21 14 0 , 16 -7 17 -12 8 13 , 39 36 -36 0 7 -29 , 0.0053547531751363727 , 91
0.1085963368629408 , 29 -23 -5 19 -44 -41 , 36 -10 10 0 11 21 , -4 15 -28 13 8 -12 , 6 -26 26 0 -18 8 , 10 5 23 -19 -36 -21 , 12 -25 4 0 14 -21 , 12 -4 25 0 -25 39 , -17 28 -15 -13 16 -7 , 39 36 -36 0 7 -29 , 0.0053547531751363909 , 92
0.1085963368629408 , 29 -23 -5 19 -44 -41 , 36 -10 10 0 11 21 , 4 -15 28 -13 -8 12 , 6 -26 26 0 -18 8 , 10 5 23 -19 -36 -21 , -12 25 -4 0 -14 21 , -12 4 -25 0 25 -39 , 17 -28 15 13 -16 7 , 39 36 -36 0 7 -29 , 0.0053547531751363909 , 93
0.1085963368629408 , 29 -23 -5 19 -44 -41 , 6 -26 26 0 -18 8 , -25 12 21 -39 12 -4 , 36 -10 10 0 11 21 , 10 5 23 -19 -36 -21 , 15 -4 12 7 -17 28 , 8 -12 4 -7 16 -13 , 14 -21 -12 39 -25 0 , 39 36 -36 0 7 -29 , 0.0053547531751364005 , 94
0.1085963368629408 , 29 -23 -5 19 -44 -41 , 6 -26 26 0 -18 8 , 25 -12 -21 39 -12 4 , 36 -10 10 0 11 21 , 10 5 23 -19 -36 -21 , -15 4 -12 -7 17 -28 , -8 12 -4 7 -16 13 , -14 21 12 -39 25 0 , 39 36 -36 0 7 -29 , 0.0053547531751364005 , 95
0.1085963368629408 , 29 -23 -5 19 -44 -41 , 6 -26 26 0 -18 8 , -39 12 -4 -14 0 -25 , 36 -10 10 0 11 21 , 10 5 23 -19 -36 -21 , 7 -17 28 -8 -13 16 , 15 -28 17 8 -12 4 , -25 4 -12 14 -21 -12 , 39 36 -36 0 7 -29 , 0.0053547531751364213 , 96
0.1085963368629408 , 29 -23 -5 19 -44 -41 , 6 -26 26 0 -18 8 , 39 -12 4 14 0 25 , 36 -10 10 0 11 21 , 10 5 23 -19 -36 -21 , -7 17 -28 8 13 -16 , -15 28 -17 -8 12 -4 , 25 -4 12 -14 21 12 , 39 36 -36 0 7 -29 , 0.0053547531751364213 , 97
0.1085963368629408 , 29 -23 -5 19 -44 -41 , 6 -26 26 0 -18 8 , -25 39 -12 -21 14 0 , 36 -10 10 0 11 21 , 10 5 23 -19 -36 -21 , 16 -7 17 -12 8 13 , 28 -17 7 12 -4 15 , -4 12 -39 21 12 -25 , 39 36 -36 0 7 -29 , 0.005354753175136423 , 98
0.1085963368629408 , 29 -23 -5 19 -44 -41 , 6 -26 26 0 -18 8 , 25 -39 12 21 -14 0 , 36 -10 10 0 11 21 , 10 5 23 -19 -36 -21 , -16 7 -17 12 -8 -13 , -28 17 -7 -12 4 -15 , 4 -12 39 -21 -12 25 , 39 36 -36 0 7 -29 , 0.005354753175136423 , 99
0.23070718292943915 , 10 4 7 -14 -41 -22 , 12 -41 41 0 -27 14 , -11 -17 14 4 -22 -3 , 30 5 -5 0 20 15 , 24 -7 -4 14 -29 -45 , -30 22 -27 -2 12 -30 , -28 27 -22 2 -3 -10 , -15 -14 17 -4 -17 -5 , 39 36 -36 0 7 -29 , 0.0058770466980273134 , 0
0.23070718292943915 , 10 4 7 -14 -41 -22 , 12 -41 41 0 -27 14 , 11 17 -14 -4 22 3 , 30 5 -5 0 20 15 , 24 -7 -4 14 -29 -45 , 30 -22 27 2 -12 30 , 28 -27 22 -2 3 10 , 15 14 -17 4 17 5 , 39 36 -36 0 7 -29 , 0.0058770466980273134 , 1
0.23070718292943915 , 10 4 7 -14 -41 -22 , 30 5 -5 0 20 15 , -3 -10 28 -30 12 -2 , 12 -41 41 0 -27 14 , 24 -7 -4 14 -29 -45 , -17 -5 15 -3 -22 4 , -14 -15 5 3 -11 -17 , 27 -28 10 30 -30 22 , 39 36 -36 0 7 -29 , 0.0058770466980274756 , 2
0.23070718292943915 , 10 4 7 -14 -41 -22 , 30 5 -5 0 20 15 , 3 10 -28 30 -12 2 , 12 -41 41 0 -27 14 , 24 -7 -4 14 -29 -45 , 17 5 -15 3 22 -4 , 14 15 -5 -3 11 17 , -27 28 -10 -30 30 -22 , 39 36 -36 0 7 -29 , 0.0058770466980274756 , 3
0.23070718292943915 , 10 4 7 -14 -41 -22 , 30 5 -5 0 20 15 , 12 -2 3 22 -30 30 , 12 -41 41 0 -27 14 , 24 -7 -4 14 -29 -45 , -22 4 17 -17 -11 3 , -5 -17 -4 17 -14 -15 , -10 -3 2 -22 27 -28 , 39 36 -36 0 7 -29 , 0.0058770466980274895 , 4
0.23070718292943915 , 10 4 7 -14 -41 -22 , 30 5 -5 0 20 15 , 2 -3 -10 30 -30 12 , 12 -41 41 0 -27 14 , 24 -7 -4 14 -29 -45 , -4 -17 -5 11 -3 -22 , -15 5 17 -11 -17 14 , -28 10 3 -30 22 -27 , 39 36 -36 0 7 -29 , 0.0058770466980274895 , 5
0.23070718292943915 , 10 4 7 -14 -41 -22 , 30 5 -5 0 20 15 , -2 3 10 -30 30 -12 , 12 -41 41 0 -27 14 , 24 -7 -4 14 -29 -45 , 4 17 5 -11 3 22 , 15 -5 -17 11 17 -14 , 28 -10 -3 30 -22 27 , 39 36 -36 0 7 -29 , 0.0058770466980274895 , 6
0.23070718292943915 , 10 4 7 -14 -41 -22 , 30 5 -5 0 20 15 , -12 2 -3 -22 30 -30 , 12 -41 41 0 -27 14 , 24 -7 -4 14 -29 -45 , 22 -4 -17 17 11 -3 , 5 17 4 -17 14 15 , 10 3 -2 22 -27 28 , 39 36 -36 0 7 -29 , 0.0058770466980274895 , 7
0.23070718292943915 , 10 4 7 -14 -41 -22 , 12 -41 41 0 -27 14 , -17 14 15 -22 -3 11 , 30 5 -5 0 20 15 , 24 -7 -4 14 -29 -45 , 22 -27 28 12 -30 30 , 10 -28 27 -12 2 -3 , 5 -15 -14 22 -4 -17 , 39 36 -36 0 7 -29 , 0.0058770466980275042 , 8
0.23070718292943915 , 10 4 7 -14 -41 -22 , 12 -41 41 0 -27 14 , 17 -14 -15 22 3 -11 , 30 5 -5 0 20 15 , 24 -7 -4 14 -29 -45 , -22 27 -28 -12 30 -30 , -10 28 -27 12 -2 3 , -5 15 14 -22 4 17 , 39 36 -36 0 7 -29 , 0.0058770466980275042 , 9
0.23070718292943915 , 10 4 7 -14 -41 -22 , 30 5 -5 0 20 15 , -30 12 -2 -27 22 -30 , 12 -41 41 0 -27 14 , 24 -7 -4 14 -29 -45 , -3 -22 4 14 -17 -11 , -17 -4 22 -14 -15 5 , -3 2 -12 27 -28 10 , 39 36 -36 0 7 -29 , 0.0058770466980275363 , 10
0.23070718292943915 , 10 4 7 -14 -41 -22 , 30 5 -5 0 20 15 , 30 -12 2 27 -22 30 , 12 -41 41 0 -27 14 , 24 -7 -4 14 -29 -45 , 3 22 -4 -14 17 11 , 17 4 -22 14 15 -5 , 3 -2 12 -27 28 -10 , 39 36 -36 0 7 -29 , 0.0058770466980275363 , 11
0.23070718292943915 , 10 4 7 -14 -41 -22 , 12 -41 41 0 -27 14 , -15 5 17 -11 -17 14 , 30 5 -5 0 20 15 , 24 -7 -4 14 -29 -45 , -28 10 3 -30 22 -27 , 2 -3 -10 30 -30 12 , -4 -17 -5 11 -3 -22 , 39 36 -36 0 7 -29 , 0.0058770466980276421 , 12
0.23070718292943915 , 10 4 7 -14 -41 -22 , 12 -41 41 0 -27 14 , 15 -5 -17 11 17 -14 , 30 5 -5 0 20 15 , 24 -7 -4 14 -29 -45 , 28 -10 -3 30 -22 27 , -2 3 10 -30 30 -12 , 4 17 5 -11 3 22 , 39 36 -36 0 7 -29 , 0.0058770466980276421 , 13
0.23070718292943915 , 10 4 7 -14 -41 -22 , 12 -41 41 0 -27 14 , -4 22 3 -15 5 17 , 30 5 -5 0 20 15 , 24 -7 -4 14 -29 -45 , 2 -12 30 -28 10 3 , 30 -30 12 28 -27 22 , 11 -3 -22 15 14 -17 , 39 36 -36 0 7 -29 , 0.0058770466980276482 , 14
0.23070718292943915 , 10 4 7 -14 -41 -22 , 12 -41 41 0 -27 14 , 4 -22 -3 15 -5 -17 , 30 5 -5 0 20 15 , 24 -7 -4 14 -29 -45 , -2 12 -30 28 -10 -3 , -30 30 -12 -28 27 -22 , -11 3 22 -15 -14 17 , 39 36 -36 0 7 -29 , 0.0058770466980276482 , 15
0.23070718292943915 , 10 4 7 -14 -41 -22 , 12 -41 41 0 -27 14 , -3 11 17 -17 -4 22 , 30 5 -5 0 20 15 , 24 -7 -4 14 -29 -45 , -30 30 -22 -3 2 -12 , -27 22 -30 3 10 -28 , 14 -17 -11 17 5 -15 , 39 36 -36 0 7 -29 , 0.0058770466980276794 , 16
0.23070718292943915 , 10 4 7 -14 -41 -22 , 12 -41 41 0 -27 14 , 3 -11 -17 17 4 -22 , 30 5 -5 0 20 15 , 24 -7 -4 14 -29 -45 , 30 -30 22 3 -2 12 , 27 -22 30 -3 -10 28 , -14 17 11 -17 -5 15 , 39 36 -36 0 7 -29 , 0.0058770466980276794 , 17
0.23070718292943915 , 10 4 7 -14 -41 -22 , 12 -41 41 0 -27 14 , -22 -3 11 -5 -17 -4 , 30 5 -5 0 20 15 , 24 -7 -4 14 -29 -45 , 12 -30 30 -10 -3 2 , 22 -30 30 10 -28 27 , -17 -11 3 5 -15 -14 , 39 36 -36 0 7 -29 , 0.0058770466980276898 , 18
0.23070718292943915 , 10 4 7 -14 -41 -22 , 12 -41 41 0 -27 14 , 22 3 -11 5 17 4 , 30 5 -5 0 20 15 , 24 -7 -4 14 -29 -45 , -12 30 -30 10 3 -2 , -22 30 -30 -10 28 -27 , 17 11 -3 -5 15 14 , 39 36 -36 0 7 -29 , 0.0058770466980276898 , 19
0.23070718292943915 , 10 4 7 -14 -41 -22 , 30 5 -5 0 20 15 , -10 28 -27 12 -2 3 , 12 -41 41 0 -27 14 , 24 -7 -4 14 -29 -45 , -5 15 14 -22 4 17 , 17 -14 -15 22 3 -11 , -22 27 -28 -12 30 -30 , 39 36 -36 0 7 -29 , 0.0058770466980277072 , 20
0.23070718292943915 , 10 4 7 -14 -41 -22 , 30 5 -5 0 20 15 , 10 -28 27 -12 2 -3 , 12 -41 41 0 -27 14 , 24 -7 -4 14 -29 -45 , 5 -15 -14 22 -4 -17 , -17 14 15 -22 -3 11 , 22 -27 28 12 -30 30 , 39 36 -36 0 7 -29 , 0.0058770466980277072 , 21
0.23070718292943915 , 10 4 7 -14 -41 -22 , 12 -41 41 0 -27 14 , 14 15 -5 -3 11 17 , 30 5 -5 0 20 15 , 24 -7 -4 14 -29 -45 , -27 28 -10 -30 30 -22 , 3 10 -28 30 -12 2 , 17 5 -15 3 22 -4 , 39 36 -36 0 7 -29 , 0.0058770466980277219 , 22
0.23070718292943915 , 10 4 7 -14 -41 -22 , 12 -41 41 0 -27 14 , -14 -15 5 3 -11 -17 , 30 5 -5 0 20 15 , 24 -7 -4 14 -29 -45 , 27 -28 10 30 -30 22 , -3 -10 28 -30 12 -2 , -17 -5 15 -3 -22 4 , 39 36 -36 0 7 -29 , 0.0058770466980277219 , 23
0.23070718292943915 , 10 4 7 -14 -41 -22 , 30 5 -5 0 20 15 , -28 27 -22 2 -3 -10 , 12 -41 41 0 -27 14 , 24 -7 -4 14 -29 -45 , -15 -14 17 -4 -17 -5 , -11 -17 14 4 -22 -3 , -30 22 -27 -2 12 -30 , 39 36 -36 0 7 -29 , 0.0058770466980277505 , 24
0.23070718292943915 , 10 4 7 -14 -41 -22 , 30 5 -5 0 20 15 , 28 -27 22 -2 3 10 , 12 -41 41 0 -27 14 , 24 -7 -4 14 -29 -45 , 15 14 -17 4 17 5 , 11 17 -14 -4 22 3 , 30 -22 27 2 -12 30 , 39 36 -36 0 7 -29 , 0.0058770466980277505 , 25
0.23070718292943915 , 10 4 7 -14 -41 -22 , 12 -41 41 0 -27 14 , -5 -17 -4 17 -14 -15 , 30 5 -5 0 20 15 , 24 -7 -4 14 -29 -45 , -10 -3 2 -22 27 -28 , 12 -2 3 22 -30 30 , -22 4 17 -17 -11 3 , 39 36 -36 0 7 -29 , 0.0058770466980278234 , 26
0.23070718292943915 , 10 4 7 -14 -41 -22 , 12 -41 41 0 -27 14 , 5 17 4 -17 14 15 , 30 5 -5 0 20 15 , 24 -7 -4 14 -29 -45 , 10 3 -2 22 -27 28 , -12 2 -3 -22 30 -30 , 22 -4 -17 17 11 -3 , 39 36 -36 0 7 -29 , 0.0058770466980278234 , 27
0.23070718292943915 , 10 4 7 -14 -41 -22 , 30 5 -5 0 20 15 , -27 22 -30 3 10 -28 , 12 -41 41 0 -27 14 , 24 -7 -4 14 -29 -45 , 14 -17 -11 17 5 -15 , -3 11 17 -17 -4 22 , -30 30 -22 -3 2 -12 , 39 36 -36 0 7 -29 , 0.0058770466980278624 , 28
0.23070718292943915 , 10 4 7 -14 -41 -22 , 30 5 -5 0 20 15 , 27 -22 30 -3 -10 28 , 12 -41 41 0 -27 14 , 24 -7 -4 14 -29 -45 , -14 17 11 -17 -5 15 , 3 -11 -17 17 4 -22 , 30 -30 22 3 -2 12 , 39 36 -36 0 7 -29 , 0.0058770466980278624 , 29
0.23070718292943915 , 10 4 7 -14 -41 -22 , 12 -41 41 0 -27 14 , -17 -4 22 -14 -15 5 , 30 5 -5 0 20 15 , 24 -7 -4 14 -29 -45 , -3 2 -12 27 -28 10 , -30 12 -2 -27 22 -30 , -3 -22 4 14 -17 -11 , 39 36 -36 0 7 -29 , 0.0058770466980278746 , 30
0.23070718292943915 , 10 4 7 -14 -41 -22 , 12 -41 41 0 -27 14 , 17 4 -22 14 15 -5 , 30 5 -5 0 20 15 , 24 -7 -4 14 -29 -45 , 3 -2 12 -27 28 -10 , 30 -12 2 27 -22 30 , 3 22 -4 -14 17 11 , 39 36 -36 0 7 -29 , 0.0058770466980278746 , 31
0.23070718292943915 , 10 4 7 -14 -41 -22 , 30 5 -5 0 20 15 , -30 30 -12 -28 27 -22 , 12 -41 41 0 -27 14 , 24 -7 -4 14 -29 -45 , -11 3 22 -15 -14 17 , 4 -22 -3 15 -5 -17 , -2 12 -30 28 -10 -3 , 39 36 -36 0 7 -29 , 0.0058770466980278902 , 32
0.23070718292943915 , 10 4 7 -14 -41 -22 , 30 5 -5 0 20 15 , 30 -30 12 28 -27 22 , 12 -41 41 0 -27 14 , 24 -7 -4 14 -29 -45 , 11 -3 -22 15 14 -17 , -4 22 3 -15 5 17 , 2 -12 30 -28 10 3 , 39 36 -36 0 7 -29 , 0.0058770466980278902 , 33
0.23070718292943915 , 10 4 7 -14 -41 -22 , 30 5 -5 0 20 15 , 22 -30 30 10 -28 27 , 12 -41 41 0 -27 14 , 24 -7 -4 14 -29 -45 , -17 -11 3 5 -15 -14 , -22 -3 11 -5 -17 -4 , 12 -30 30 -10 -3 2 , 39 36 -36 0 7 -29 , 0.0058770466980279778 , 34
0.23070718292943915 , 10 4 7 -14 -41 -22 , 30 5 -5 0 20 15 , -22 30 -30 -10 28 -27 , 12 -41 41 0 -27 14 , 24 -7 -4 14 -29 -45 , 17 11 -3 -5 15 14 , 22 3 -11 5 17 4 , -12 30 -30 10 3 -2 , 39 36 -36 0 7 -29 , 0.0058770466980279778 , 35
0.23070718292943915 , 32 -23 -15 13 -27 -53 , 5 -23 23 0 -16 7 , -1 19 -15 -21 42 -19 , 37 -13 13 0 9 22 , 19 15 23 -13 -38 -4 , 11 -4 -16 25 -9 1 , -14 16 4 -25 17 -5 , 20 15 -19 21 -4 23 , 39 36 -36 0 7 -29 , 0.0059373393696467297 , 36
0.23070718292943915 , 32 -23 -15 13 -27 -53 , 5 -23 23 0 -16 7 , 1 -19 15 21 -42 19 , 37 -13 13 0 9 22 , 19 15 23 -13 -38 -4 , -11 4 16 -25 9 -1 , 14 -16 -4 25 -17 5 , -20 -15 19 -21 4 -23 , 39 36 -36 0 7 -29 , 0.0059373393696467297 , 37
0.23070718292943915 , 32 -23 -15 13 -27 -53 , 5 -23 23 0 -16 7 , 19 -15 -20 42 -19 1 , 37 -13 13 0 9 22 , 19 15 23 -13 -38 -4 , -4 -16 14 -9 1 -11 , 5 -14 16 9 -25 17 , -23 20 15 -42 21 -4 , 39 36 -36 0 7 -29 , 0.0059373393696467444 , 38
0.23070718292943915 , 32 -23 -15 13 -27 -53 , 5 -23 23 0 -16 7 , -19 15 20 -42 19 -1 , 37 -13 13 0 9 22 , 19 15 23 -13 -38 -4 , 4 16 -14 9 -1 11 , -5 14 -16 -9 25 -17 , 23 -20 -15 42 -21 4 , 39 36 -36 0 7 -29 , 0.0059373393696467444 , 39
0.23070718292943915 , 32 -23 -15 13 -27 -53 , 5 -23 23 0 -16 7 , 19 -1 19 4 -21 42 , 37 -13 13 0 9 22 , 19 15 23 -13 -38 -4 , -1 11 -4 -17 25 -9 , 16 4 -11 17 -5 14 , 15 -19 1 -4 23 -20 , 39 36 -36 0 7 -29 , 0.0059373393696468312 , 40
0.23070718292943915 , 32 -23 -15 13 -27 -53 , 5 -23 23 0 -16 7 , -19 1 -19 -4 21 -42 , 37 -13 13 0 9 22 , 19 15 23 -13 -38 -4 , 1 -11 4 17 -25 9 , -16 -4 11 -17 5 -14 , -15 19 -1 4 -23 20 , 39 36 -36 0 7 -29 , 0.0059373393696468312 , 41
0.23070718292943915 , 32 -23 -15 13 -27 -53 , 37 -13 13 0 9 22 , -17 5 -14 -1 9 -25 , 5 -23 23 0 -16 7 , 19 15 23 -13 -38 -4 , 4 -23 20 19 -42 21 , -15 -20 23 -19 1 -19 , -16 14 -5 1 -11 4 , 39 36 -36 0 7 -29 , 0.0059373393696468598 , 42
0.23070718292943915 , 32 -23 -15 13 -27 -53 , 37 -13 13 0 9 22 , 17 -5 14 1 -9 25 , 5 -23 23 0 -16 7 , 19 15 23 -13 -38 -4 , -4 23 -20 -19 42 -21 , 15 20 -23 19 -1 19 , 16 -14 5 -1 11 -4 , 39 36 -36 0 7 -29 , 0.0059373393696468598 , 43
0.23070718292943915 , 32 -23 -15 13 -27 -53 , 5 -23 23 0 -16 7 , -42 19 -1 -23 4 -21 , 37 -13 13 0 9 22 , 19 15 23 -13 -38 -4 , 9 -1 11 5 -17 25 , 4 -11 1 -5 14 -16 , -19 1 -19 23 -20 -15 , 39 36 -36 0 7 -29 , 0.0059373393696468693 , 44
0.23070718292943915 , 32 -23 -15 13 -27 -53 , 5 -23 23 0 -16 7 , 42 -19 1 23 -4 21 , 37 -13 13 0 9 22 , 19 15 23 -13 -38 -4 , -9 1 -11 -5 17 -25 , -4 11 -1 5 -14 16 , 19 -1 19 -23 20 15 , 39 36 -36 0 7 -29 , 0.0059373393696468693 , 45
0.23070718292943915 , 32 -23 -15 13 -27 -53 , 37 -13 13 0 9 22 , 5 -14 16 9 -25 17 , 5 -23 23 0 -16 7 , 19 15 23 -13 -38 -4 , -23 20 15 -42 21 -4 , 19 -15 -20 42 -19 1 , -4 -16 14 -9 1 -11 , 39 36 -36 0 7 -29 , 0.0059373393696469006 , 46
0.23070718292943915 , 32 -23 -15 13 -27 -53 , 37 -13 13 0 9 22 , -5 14 -16 -9 25 -17 , 5 -23 23 0 -16 7 , 19 15 23 -13 -38 -4 , 23 -20 -15 42 -21 4 , -19 15 20 -42 19 -1 , 4 16 -14 9 -1 11 , 39 36 -36 0 7 -29 , 0.0059373393696469006 , 47
0.23070718292943915 , 32 -23 -15 13 -27 -53 , 37 -13 13 0 9 22 , -9 25 -17 -4 11 -1 , 5 -23 23 0 -16 7 , 19 15 23 -13 -38 -4 , 42 -21 4 19 -1 19 , 23 -4 21 -19 15 20 , -5 17 -25 4 16 -14 , 39 36 -36 0 7 -29 , 0.0059373393696469075 , 48
0.23070718292943915 , 32 -23 -15 13 -27 -53 , 37 -13 13 0 9 22 , 9 -25 17 4 -11 1 , 5 -23 23 0 -16 7 , 19 15 23 -13 -38 -4 , -42 21 -4 -19 1 -19 , -23 4 -21 19 -15 -20 , 5 -17 25 -4 -16 14 , 39 36 -36 0 7 -29 , 0.0059373393696469075 , 49
0.23070718292943915 , 32 -23 -15 13 -27 -53 , 5 -23 23 0 -16 7 , -21 42 -19 -20 23 -4 , 37 -13 13 0 9 22 , 19 15 23 -13 -38 -4 , 25 -9 1 14 -5 17 , 11 -1 9 -14 16 4 , -1 19 -42 20 15 -19 , 39 36 -36 0 7 -29 , 0.0059373393696469474 , 50
0.23070718292943915 , 32 -23 -15 13 -27 -53 , 5 -23 23 0 -16 7 , 21 -42 19 20 -23 4 , 37 -13 13 0 9 22 , 19 15 23 -13 -38 -4 , -25 9 -1 -14 5 -17 , -11 1 -9 14 -16 -4 , 1 -19 42 -20 -15 19 , 39 36 -36 0 7 -29 , 0.0059373393696469474 , 51
0.23070718292943915 , 32 -23 -15 13 -27 -53 , 37 -13 13 0 9 22 , -25 17 -5 -11 1 -9 , 5 -23 23 0 -16 7 , 19 15 23 -13 -38 -4 , 21 -4 23 1 -19 42 , 20 -23 4 -1 19 -15 , -14 5 -17 11 -4 -16 , 39 36 -36 0 7 -29 , 0.0059373393696469509 , 52
0.23070718292943915 , 32 -23 -15 13 -27 -53 , 37 -13 13 0 9 22 , 25 -17 5 11 -1 9 , 5 -23 23 0 -16 7 , 19 15 23 -13 -38 -4 , -21 4 -23 -1 19 -42 , -20 23 -4 1 -19 15 , 14 -5 17 -11 4 16 , 39 36 -36 0 7 -29 , 0.0059373393696469509 , 53
0.23070718292943915 , 32 -23 -15 13 -27 -53 , 37 -13 13 0 9 22 , -1 9 -25 16 4 -11 , 5 -23 23 0 -16 7 , 19 15 23 -13 -38 -4 , 19 -42 21 15 -19 1 , 4 -21 42 -15 -20 23 , -17 25 -9 -16 14 -5 , 39 36 -36 0 7 -29 , 0.0059373393696469734 , 54
0.23070718292943915 , 32 -23 -15 13 -27 -53 , 37 -13 13 0 9 22 , 1 -9 25 -16 -4 11 , 5 -23 23 0 -16 7 , 19 15 23 -13 -38 -4 , -19 42 -21 -15 19 -1 , -4 21 -42 15 20 -23 , 17 -25 9 16 -14 5 , 39 36 -36 0 7 -29 , 0.0059373393696469734 , 55
0.23070718292943915 , 32 -23 -15 13 -27 -53 , 5 -23 23 0 -16 7 , -20 23 -4 1 -19 15 , 37 -13 13 0 9 22 , 19 15 23 -13 -38 -4 , 14 -5 17 -11 4 16 , 25 -17 5 11 -1 9 , -21 4 -23 -1 19 -42 , 39 36 -36 0 7 -29 , 0.0059373393696469856 , 56
0.23070718292943915 , 32 -23 -15 13 -27 -53 , 5 -23 23 0 -16 7 , 20 -23 4 -1 19 -15 , 37 -13 13 0 9 22 , 19 15 23 -13 -38 -4 , -14 5 -17 11 -4 -16 , -25 17 -5 -11 1 -9 , 21 -4 23 1 -19 42 , 39 36 -36 0 7 -29 , 0.0059373393696469856 , 57
0.23070718292943915 , 32 -23 -15 13 -27 -53 , 37 -13 13 0 9 22 , -4 11 -1 5 -14 16 , 5 -23 23 0 -16 7 , 19 15 23 -13 -38 -4 , 19 -1 19 -23 20 15 , 42 -19 1 23 -4 21 , -9 1 -11 -5 17 -25 , 39 36 -36 0 7 -29 , 0.0059373393696469873 , 58
0.23070718292943915 , 32 -23 -15 13 -27 -53 , 37 -13 13 0 9 22 , 4 -11 1 -5 14 -16 , 5 -23 23 0 -16 7 , 19 15 23 -13 -38 -4 , -19 1 -19 23 -20 -15 , -42 19 -1 -23 4 -21 , 9 -1 11 5 -17 25 , 39 36 -36 0 7 -29 , 0.0059373393696469873 , 59
0.23070718292943915 , 32 -23 -15 13 -27 -53 , 5 -23 23 0 -16 7 , 4 -21 42 -15 -20 23 , 37 -13 13 0 9 22 , 19 15 23 -13 -38 -4 , -17 25 -9 -16 14 -5 , -1 9 -25 16 4 -11 , 19 -42 21 15 -19 1 , 39 36 -36 0 7 -29 , 0.0059373393696470073 , 60
0.23070718292943915 , 32 -23 -15 13 -27 -53 , 5 -23 23 0 -16 7 , -4 21 -42 15 20 -23 , 37 -13 13 0 9 22 , 19 15 23 -13 -38 -4 , 17 -25 9 16 -14 5 , 1 -9 25 -16 -4 11 , -19 42 -21 -15 19 -1 , 39 36 -36 0 7 -29 , 0.0059373393696470073 , 61
0.23070718292943915 , 32 -23 -15 13 -27 -53 , 5 -23 23 0 -16 7 , -15 -20 23 -19 1 -19 , 37 -13 13 0 9 22 , 19 15 23 -13 -38 -4 , -16 14 -5 1 -11 4 , -17 5 -14 -1 9 -25 , 4 -23 20 19 -42 21 , 39 36 -36 0 7 -29 , 0.0059373393696470341 , 62
0.23070718292943915 , 32 -23 -15 13 -27 -53 , 5 -23 23 0 -16 7 , 15 20 -23 19 -1 19 , 37 -13 13 0 9 22 , 19 15 23 -13 -38 -4 , 16 -14 5 -1 11 -4 , 17 -5 14 1 -9 25 , -4 23 -20 -19 42 -21 , 39 36 -36 0 7 -29 , 0.0059373393696470341 , 63
0.23070718292943915 , 32 -23 -15 13 -27 -53 , 37 -13 13 0 9 22 , -14 16 4 -25 17 -5 , 5 -23 23 0 -16 7 , 19 15 23 -13 -38 -4 , 20 15 -19 21 -4 23 , -1 19 -15 -21 42 -19 , 11 -4 -16 25 -9 1 , 39 36 -36 0 7 -29 , 0.0059373393696470515 , 64
0.23070718292943915 , 32 -23 -15 13 -27 -53 , 37 -13 13 0 9 22 , 14 -16 -4 25 -17 5 , 5 -23 23 0 -16 7 , 19 15 23 -13 -38 -4 , -20 -15 19 -21 4 -23 , 1 -19 15 21 -42 19 , -11 4 16 -25 9 -1 , 39 36 -36 0 7 -29 , 0.0059373393696470515 , 65
0.23070718292943915 , 32 -23 -15 13 -27 -53 , 37 -13 13 0 9 22 , 11 -1 9 -14 16 4 , 5 -23 23 0 -16 7 , 19 15 23 -13 -38 -4 , -1 19 -42 20 15 -19 , -21 42 -19 -20 23 -4 , 25 -9 1 14 -5 17 , 39 36 -36 0 7 -29 , 0.005937339369647055 , 66
0.23070718292943915 , 32 -23 -15 13 -27 -53 , 37 -13 13 0 9 22 , -11 1 -9 14 -16 -4 , 5 -23 23 0 -16 7 , 19 15 23 -13 -38 -4 , 1 -19 42 -20 -15 19 , 21 -42 19 20 -23 4 , -25 9 -1 -14 5 -17 , 39 36 -36 0 7 -29 , 0.005937339369647055 , 67
0.23070718292943915 , 32 -23 -15 13 -27 -53 , 37 -13 13 0 9 22 , -16 -4 11 -17 5 -14 , 5 -23 23 0 -16 7 , 19 15 23 -13 -38 -4 , -15 19 -1 4 -23 20 , -19 1 -19 -4 21 -42 , 1 -11 4 17 -25 9 , 39 36 -36 0 7 -29 , 0.0059373393696470706 , 68
0.23070718292943915 , 32 -23 -15 13 -27 -53 , 37 -13 13 0 9 22 , 16 4 -11 17 -5 14 , 5 -23 23 0 -16 7 , 19 15 23 -13 -38 -4 , 15 -19 1 -4 23 -20 , 19 -1 19 4 -21 42 , -1 11 -4 -17 25 -9 , 39 36 -36 0 7 -29 , 0.0059373393696470706 , 69
0.23070718292943915 , 32 -23 -15 13 -27 -53 , 5 -23 23 0 -16 7 , -23 4 -21 19 -15 -20 , 37 -13 13 0 9 22 , 19 15 23 -13 -38 -4 , 5 -17 25 -4 -16 14 , 9 -25 17 4 -11 1 , -42 21 -4 -19 1 -19 , 39 36 -36 0 7 -29 , 0.005937339369647238 , 70
0.23070718292943915 , 32 -23 -15 13 -27 -53 , 5 -23 23 0 -16 7 , 23 -4 21 -19 15 20 , 37 -13 13 0 9 22 , 19 15 23 -13 -38 -4 , -5 17 -25 4 16 -14 , -9 25 -17 -4 11 -1 , 42 -21 4 19 -1 19 , 39 36 -36 0 7 -29 , 0.005937339369647238 , 71
0.23070718292943915 , 29 -17 -20 22 -39 -45 , 30 0 0 0 16 16 , -18 34 -29 -3 16 -11 , 12 -36 36 0 -23 13 , 7 20 17 -22 -25 -22 , 14 2 -13 -2 27 -12 , 16 13 -2 2 1 25 , -15 29 -34 3 18 -18 , 39 36 -36 0 7 -29 , 0.006157162498081281 , 72
0.23070718292943915 , 29 -17 -20 22 -39 -45 , 30 0 0 0 16 16 , 18 -34 29 3 -16 11 , 12 -36 36 0 -23 13 , 7 20 17 -22 -25 -22 , -14 -2 13 2 -27 12 , -16 -13 2 -2 -1 -25 , 15 -29 34 -3 -18 18 , 39 36 -36 0 7 -29 , 0.006157162498081281 , 73
0.23070718292943915 , 29 -17 -20 22 -39 -45 , 30 0 0 0 16 16 , -11 18 -34 18 3 -16 , 12 -36 36 0 -23 13 , 7 20 17 -22 -25 -22 , -12 -14 -2 1 2 -27 , -13 2 14 -1 -25 16 , -29 34 -18 -18 18 -15 , 39 36 -36 0 7 -29 , 0.0061571624980813686 , 74
0.23070718292943915 , 29 -17 -20 22 -39 -45 , 30 0 0 0 16 16 , 11 -18 34 -18 -3 16 , 12 -36 36 0 -23 13 , 7 20 17 -22 -25 -22 , 12 14 2 -1 -2 27 , 13 -2 -14 1 25 -16 , 29 -34 18 18 -18 15 , 39 36 -36 0 7 -29 , 0.0061571624980813686 , 75
0.23070718292943915 , 29 -17 -20 22 -39 -45 , 12 -36 36 0 -23 13 , -1 -25 16 12 -27 2 , 30 0 0 0 16 16 , 7 20 17 -22 -25 -22 , -18 18 -15 11 -16 3 , -29 15 -18 -11 18 -34 , -13 -16 25 -12 -14 -2 , 39 36 -36 0 7 -29 , 0.0061571624980813928 , 76
0.23070718292943915 , 29 -17 -20 22 -39 -45 , 12 -36 36 0 -23 13 , 1 25 -16 -12 27 -2 , 30 0 0 0 16 16 , 7 20 17 -22 -25 -22 , 18 -18 15 -11 16 -3 , 29 -15 18 11 -18 34 , 13 16 -25 12 14 2 , 39 36 -36 0 7 -29 , 0.0061571624980813928 , 77
0.23070718292943915 , 29 -17 -20 22 -39 -45 , 12 -36 36 0 -23 13 , -2 -1 -25 14 12 -27 , 30 0 0 0 16 16 , 7 20 17 -22 -25 -22 , -3 -18 18 -18 11 -16 , 15 -18 18 18 -34 29 , -16 25 1 -14 -2 13 , 39 36 -36 0 7 -29 , 0.0061571624980814197 , 78
0.23070718292943915 , 29 -17 -20 22 -39 -45 , 12 -36 36 0 -23 13 , 2 1 25 -14 -12 27 , 30 0 0 0 16 16 , 7 20 17 -22 -25 -22 , 3 18 -18 18 -11 16 , -15 18 -18 -18 34 -29 , 16 -25 -1 14 2 -13 , 39 36 -36 0 7 -29 , 0.0061571624980814197 , 79
0.23070718292943915 , 29 -17 -20 22 -39 -45 , 30 0 0 0 16 16 , -3 16 -11 15 -18 18 , 12 -36 36 0 -23 13 , 7 20 17 -22 -25 -22 , -2 27 -12 -16 25 1 , 14 12 -27 16 13 -2 , -18 11 -16 -15 29 -34 , 39 36 -36 0 7 -29 , 0.0061571624980814249 , 80
0.23070718292943915 , 29 -17 -20 22 -39 -45 , 30 0 0 0 16 16 , 3 -16 11 -15 18 -18 , 12 -36 36 0 -23 13 , 7 20 17 -22 -25 -22 , 2 -27 12 16 -25 -1 , -14 -12 27 -16 -13 2 , 18 -11 16 15 -29 34 , 39 36 -36 0 7 -29 , 0.0061571624980814249 , 81
0.23070718292943915 , 29 -17 -20 22 -39 -45 , 30 0 0 0 16 16 , 16 -11 18 -18 18 3 , 12 -36 36 0 -23 13 , 7 20 17 -22 -25 -22 , 27 -12 -14 25 1 2 , 2 14 12 -25 16 13 , 34 -18 11 18 -15 29 , 39 36 -36 0 7 -29 , 0.0061571624980814518 , 82
0.23070718292943915 , 29 -17 -20 22 -39 -45 , 30 0 0 0 16 16 , -16 11 -18 18 -18 -3 , 12 -36 36 0 -23 13 , 7 20 17 -22 -25 -22 , -27 12 14 -25 -1 -2 , -2 -14 -12 25 -16 -13 , -34 18 -11 -18 15 -29 , 39 36 -36 0 7 -29 , 0.0061571624980814518 , 83
0.23070718292943915 , 29 -17 -20 22 -39 -45 , 12 -36 36 0 -23 13 , -13 2 14 -1 -25 16 , 30 0 0 0 16 16 , 7 20 17 -22 -25 -22 , -29 34 -18 -18 18 -15 , -11 18 -34 18 3 -16 , -12 -14 -2 1 2 -27 , 39 36 -36 0 7 -29 , 0.0061571624980814622 , 84
0.23070718292943915 , 29 -17 -20 22 -39 -45 , 12 -36 36 0 -23 13 , 13 -2 -14 1 25 -16 , 30 0 0 0 16 16 , 7 20 17 -22 -25 -22 , 29 -34 18 18 -18 15 , 11 -18 34 -18 -3 16 , 12 14 2 -1 -2 27 , 39 36 -36 0 7 -29 , 0.0061571624980814622 , 85
0.23070718292943915 , 29 -17 -20 22 -39 -45 , 30 0 0 0 16 16 , -34 29 -15 -16 11 -18 , 12 -36 36 0 -23 13 , 7 20 17 -22 -25 -22 , -2 13 16 -27 12 14 , 25 -16 -13 27 -2 -1 , -18 15 -29 16 -3 -18 , 39 36 -36 0 7 -29 , 0.0061571624980814952 , 86
0.23070718292943915 , 29 -17 -20 22 -39 -45 , 30 0 0 0 16 16 , 34 -29 15 16 -11 18 , 12 -36 36 0 -23 13 , 7 20 17 -22 -25 -22 , 2 -13 -16 27 -12 -14 , -25 16 13 -27 2 1 , 18 -15 29 -16 3 18 , 39 36 -36 0 7 -29 , 0.0061571624980814952 , 87
0.23070718292943915 , 29 -17 -20 22 -39 -45 , 12 -36 36 0 -23 13 , -27 2 1 -2 -14 -12 , 30 0 0 0 16 16 , 7 20 17 -22 -25 -22 , -16 3 18 -34 18 -11 , 18 -18 -3 34 -29 15 , -25 -1 -2 2 -13 -16 , 39 36 -36 0 7 -29 , 0.0061571624980815507 , 88
0.23070718292943915 , 29 -17 -20 22 -39 -45 , 12 -36 36 0 -23 13 , 27 -2 -1 2 14 12 , 30 0 0 0 16 16 , 7 20 17 -22 -25 -22 , 16 -3 -18 34 -18 11 , -18 18 3 -34 29 -15 , 25 1 2 -2 13 16 , 39 36 -36 0 7 -29 , 0.0061571624980815507 , 89
0.23070718292943915 , 29 -17 -20 22 -39 -45 , 12 -36 36 0 -23 13 , -25 16 13 -27 2 1 , 30 0 0 0 16 16 , 7 20 17 -22 -25 -22 , 18 -15 29 -16 3 18 , 34 -29 15 16 -11 18 , 2 -13 -16 27 -12 -14 , 39 36 -36 0 7 -29 , 0.0061571624980815629 , 90
0.23070718292943915 , 29 -17 -20 22 -39 -45 , 12 -36 36 0 -23 13 , 25 -16 -13 27 -2 -1 , 30 0 0 0 16 16 , 7 20 17 -22 -25 -22 , -18 15 -29 16 -3 -18 , -34 29 -15 -16 11 -18 , -2 13 16 -27 12 14 , 39 36 -36 0 7 -29 , 0.0061571624980815629 , 91
0.23070718292943915 , 29 -17 -20 22 -39 -45 , 12 -36 36 0 -23 13 , -16 -13 2 -2 -1 -25 , 30 0 0 0 16 16 , 7 20 17 -22 -25 -22 , 15 -29 34 -3 -18 18 , 18 -34 29 3 -16 11 , -14 -2 13 2 -27 12 , 39 36 -36 0 7 -29 , 0.0061571624980815767 , 92
0.23070718292943915 , 29 -17 -20 22 -39 -45 , 12 -36 36 0 -23 13 , 16 13 -2 2 1 25 , 30 0 0 0 16 16 , 7 20 17 -22 -25 -22 , -15 29 -34 3 18 -18 , -18 34 -29 -3 16 -11 , 14 2 -13 -2 27 -12 , 39 36 -36 0 7 -29 , 0.0061571624980815767 , 93
0.23070718292943915 , 29 -17 -20 22 -39 -45 , 12 -36 36 0 -23 13 , -12 27 -2 -13 2 14 , 30 0 0 0 16 16 , 7 20 17 -22 -25 -22 , -11 16 -3 -29 34 -18 , 18 3 -16 29 -15 18 , 1 2 -27 13 16 -25 , 39 36 -36 0 7 -29 , 0.0061571624980815802 , 94
0.23070718292943915 , 29 -17 -20 22 -39 -45 , 12 -36 36 0 -23 13 , 12 -27 2 13 -2 -14 , 30 0 0 0 16 16 , 7 20 17 -22 -25 -22 , 11 -16 3 29 -34 18 , -18 -3 16 -29 15 -18 , -1 -2 27 -13 -16 25 , 39 36 -36 0 7 -29 , 0.0061571624980815802 , 95
0.23070718292943915 , 29 -17 -20 22 -39 -45 , 30 0 0 0 16 16 , 15 -18 18 18 -34 29 , 12 -36 36 0 -23 13 , 7 20 17 -22 -25 -22 , -16 25 1 -14 -2 13 , -2 -1 -25 14 12 -27 , -3 -18 18 -18 11 -16 , 39 36 -36 0 7 -29 , 0.0061571624980815889 , 96
0.23070718292943915 , 29 -17 -20 22 -39 -45 , 30 0 0 0 16 16 , -15 18 -18 -18 34 -29 , 12 -36 36 0 -23 13 , 7 20 17 -22 -25 -22 , 16 -25 -1 14 2 -13 , 2 1 25 -14 -12 27 , 3 18 -18 18 -11 16 , 39 36 -36 0 7 -29 , 0.0061571624980815889 , 97
0.23070718292943915 , 29 -17 -20 22 -39 -45 , 30 0 0 0 16 16 , -29 15 -18 -11 18 -34 , 12 -36 36 0 -23 13 , 7 20 17 -22 -25 -22 , -13 -16 25 -12 -14 -2 , -1 -25 16 12 -27 2 , -18 18 -15 11 -16 3 , 39 36 -36 0 7 -29 , 0.0061571624980816496 , 98
0.23070718292943915 , 29 -17 -20 22 -39 -45 , 30 0 0 0 16 16 , 29 -15 18 11 -18 34 , 12 -36 36 0 -23 13 , 7 20 17 -22 -25 -22 , 13 16 -25 12 14 2 , 1 25 -16 -12 27 -2 , 18 -18 15 -11 16 -3 , 39 36 -36 0 7 -29 , 0.0061571624980816496 , 99
0.32704016643147266 , 38 29 -17 -19 -5 -9 , 37 -23 23 0 1 24 , -9 -9 2 3 -7 -11 , 5 -13 13 0 -8 5 , 57 17 -29 19 8 -34 , 42 -13 2 25 -12 33 , 17 -2 13 -25 31 1 , -12 -2 9 -3 -13 2 , 39 36 -36 0 7 -29 , 0.0053623175309504738 , 0
0.32704016643147266 , 38 29 -17 -19 -5 -9 , 37 -23 23 0 1 24 , 9 9 -2 -3 7 11 , 5 -13 13 0 -8 5 , 57 17 -29 19 8 -34 , -42 13 -2 -25 12 -33 , -17 2 -13 25 -31 -1 , 12 2 -9 3 13 -2 , 39 36 -36 0 7 -29 , 0.0053623175309504738 , 1
0.32704016643147266 , 38 29 -17 -19 -5 -9 , 5 -13 13 0 -8 5 , -13 42 -33 -1 17 -2 , 37 -23 23 0 1 24 , 57 17 -29 19 8 -34 , -9 -9 11 -2 -12 -2 , -7 -11 9 2 -13 -3 , -12 33 -42 1 31 -25 , 39 36 -36 0 7 -29 , 0.0053623175309505042 , 2
0.32704016643147266 , 38 29 -17 -19 -5 -9 , 5 -13 13 0 -8 5 , 13 -42 33 1 -17 2 , 37 -23 23 0 1 24 , 57 17 -29 19 8 -34 , 9 9 -11 2 12 2 , 7 11 -9 -2 13 3 , 12 -33 42 -1 -31 25 , 39 36 -36 0 7 -29 , 0.0053623175309505042 , 3
0.32704016643147266 , 38 29 -17 -19 -5 -9 , 5 -13 13 0 -8 5 , -17 2 -13 25 -31 -1 , 37 -23 23 0 1 24 , 57 17 -29 19 8 -34 , 12 2 -9 3 13 -2 , 9 9 -2 -3 7 11 , -42 13 -2 -25 12 -33 , 39 36 -36 0 7 -29 , 0.005362317530950505 , 4
0.32704016643147266 , 38 29 -17 -19 -5 -9 , 5 -13 13 0 -8 5 , 2 -13 42 -31 -1 17 , 37 -23 23 0 1 24 , 57 17 -29 19 8 -34 , 2 -9 -9 13 -2 -12 , -11 9 9 -13 -3 7 , 33 -42 13 31 -25 12 , 39 36 -36 0 7 -29 , 0.005362317530950505 , 5
0.32704016643147266 , 38 29 -17 -19 -5 -9 , 5 -13 13 0 -8 5 , -2 13 -42 31 1 -17 , 37 -23 23 0 1 24 , 57 17 -29 19 8 -34 , -2 9 9 -13 2 12 , 11 -9 -9 13 3 -7 , -33 42 -13 -31 25 -12 , 39 36 -36 0 7 -29 , 0.005362317530950505 , 6
0.32704016643147266 , 38 29 -17 -19 -5 -9 , 5 -13 13 0 -8 5 , 17 -2 13 -25 31 1 , 37 -23 23 0 1 24 , 57 17 -29 19 8 -34 , -12 -2 9 -3 -13 2 , -9 -9 2 3 -7 -11 , 42 -13 2 25 -12 33 , 39 36 -36 0 7 -29 , 0.005362317530950505 , 7
0.32704016643147266 , 38 29 -17 -19 -5 -9 , 37 -23 23 0 1 24 , -7 -11 9 2 -13 -3 , 5 -13 13 0 -8 5 , 57 17 -29 19 8 -34 , -12 33 -42 1 31 -25 , -13 42 -33 -1 17 -2 , -9 -9 11 -2 -12 -2 , 39 36 -36 0 7 -29 , 0.005362317530950505 , 8
0.32704016643147266 , 38 29 -17 -19 -5 -9 , 37 -23 23 0 1 24 , 7 11 -9 -2 13 3 , 5 -13 13 0 -8 5 , 57 17 -29 19 8 -34 , 12 -33 42 -1 -31 25 , 13 -42 33 1 -17 2 , 9 9 -11 2 12 2 , 39 36 -36 0 7 -29 , 0.005362317530950505 , 9
0.32704016643147266 , 38 29 -17 -19 -5 -9 , 5 -13 13 0 -8 5 , -1 17 -2 12 -25 31 , 37 -23 23 0 1 24 , 57 17 -29 19 8 -34 , -2 -12 -2 7 -3 -13 , -9 2 12 -7 -11 9 , -13 2 -17 -12 33 -42 , 39 36 -36 0 7 -29 , 0.0053623175309505337 , 10
0.32704016643147266 , 38 29 -17 -19 -5 -9 , 5 -13 13 0 -8 5 , 1 -17 2 -12 25 -31 , 37 -23 23 0 1 24 , 57 17 -29 19 8 -34 , 2 12 2 -7 3 13 , 9 -2 -12 7 11 -9 , 13 -2 17 12 -33 42 , 39 36 -36 0 7 -29 , 0.0053623175309505337 , 11
0.32704016643147266 , 38 29 -17 -19 -5 -9 , 37 -23 23 0 1 24 , 3 -7 -11 12 2 -13 , 5 -13 13 0 -8 5 , 57 17 -29 19 8 -34 , 25 -12 33 -17 1 31 , 42 -33 12 17 -2 13 , -9 11 7 -12 -2 9 , 39 36 -36 0 7 -29 , 0.0053623175309505345 , 12
0.32704016643147266 , 38 29 -17 -19 -5 -9 , 37 -23 23 0 1 24 , -3 7 11 -12 -2 13 , 5 -13 13 0 -8 5 , 57 17 -29 19 8 -34 , -25 12 -33 17 -1 -31 , -42 33 -12 -17 2 -13 , 9 -11 -7 12 2 -9 , 39 36 -36 0 7 -29 , 0.0053623175309505345 , 13
0.32704016643147266 , 38 29 -17 -19 -5 -9 , 5 -13 13 0 -8 5 , 12 -25 31 13 -42 33 , 37 -23 23 0 1 24 , 57 17 -29 19 8 -34 , 7 -3 -13 9 9 -11 , -2 13 3 -9 2 12 , -1 -31 25 -13 2 -17 , 39 36 -36 0 7 -29 , 0.0053623175309505632 , 14
0.32704016643147266 , 38 29 -17 -19 -5 -9 , 5 -13 13 0 -8 5 , -12 25 -31 -13 42 -33 , 37 -23 23 0 1 24 , 57 17 -29 19 8 -34 , -7 3 13 -9 -9 11 , 2 -13 -3 9 -2 -12 , 1 31 -25 13 -2 17 , 39 36 -36 0 7 -29 , 0.0053623175309505632 , 15
0.32704016643147266 , 38 29 -17 -19 -5 -9 , 37 -23 23 0 1 24 , -2 13 3 -9 2 12 , 5 -13 13 0 -8 5 , 57 17 -29 19 8 -34 , -1 -31 25 -13 2 -17 , 12 -25 31 13 -42 33 , 7 -3 -13 9 9 -11 , 39 36 -36 0 7 -29 , 0.005362317530950564 , 16
0.32704016643147266 , 38 29 -17 -19 -5 -9 , 37 -23 23 0 1 24 , 2 -13 -3 9 -2 -12 , 5 -13 13 0 -8 5 , 57 17 -29 19 8 -34 , 1 31 -25 13 -2 17 , -12 25 -31 -13 42 -33 , -7 3 13 -9 -9 11 , 39 36 -36 0 7 -29 , 0.005362317530950564 , 17
0.32704016643147266 , 38 29 -17 -19 -5 -9 , 5 -13 13 0 -8 5 , -42 33 -12 -17 2 -13 , 37 -23 23 0 1 24 , 57 17 -29 19 8 -34 , 9 -11 -7 12 2 -9 , -3 7 11 -12 -2 13 , -25 12 -33 17 -1 -31 , 39 36 -36 0 7 -29 , 0.0053623175309505649 , 18
0.32704016643147266 , 38 29 -17 -19 -5 -9 , 5 -13 13 0 -8 5 , 42 -33 12 17 -2 13 , 37 -23 23 0 1 24 , 57 17 -29 19 8 -34 , -9 11 7 -12 -2 9 , 3 -7 -11 12 2 -13 , 25 -12 33 -17 1 31 , 39 36 -36 0 7 -29 , 0.0053623175309505649 , 19
0.32704016643147266 , 38 29 -17 -19 -5 -9 , 5 -13 13 0 -8 5 , -31 -1 17 -33 12 -25 , 37 -23 23 0 1 24 , 57 17 -29 19 8 -34 , 13 -2 -12 11 7 -3 , 2 12 2 -11 9 9 , 2 -17 1 33 -42 13 , 39 36 -36 0 7 -29 , 0.0053623175309505935 , 20
0.32704016643147266 , 38 29 -17 -19 -5 -9 , 5 -13 13 0 -8 5 , 31 1 -17 33 -12 25 , 37 -23 23 0 1 24 , 57 17 -29 19 8 -34 , -13 2 12 -11 -7 3 , -2 -12 -2 11 -9 -9 , -2 17 -1 -33 42 -13 , 39 36 -36 0 7 -29 , 0.0053623175309505935 , 21
0.32704016643147266 , 38 29 -17 -19 -5 -9 , 37 -23 23 0 1 24 , -12 -2 13 -9 -9 2 , 5 -13 13 0 -8 5 , 57 17 -29 19 8 -34 , 17 -1 -31 42 -13 2 , -25 31 1 -42 33 -12 , -3 -13 2 9 -11 -7 , 39 36 -36 0 7 -29 , 0.0053623175309505935 , 22
0.32704016643147266 , 38 29 -17 -19 -5 -9 , 37 -23 23 0 1 24 , 12 2 -13 9 9 -2 , 5 -13 13 0 -8 5 , 57 17 -29 19 8 -34 , -17 1 31 -42 13 -2 , 25 -31 -1 42 -33 12 , 3 13 -2 -9 11 7 , 39 36 -36 0 7 -29 , 0.0053623175309505935 , 23
0.32704016643147266 , 38 29 -17 -19 -5 -9 , 37 -23 23 0 1 24 , -11 9 9 -13 -3 7 , 5 -13 13 0 -8 5 , 57 17 -29 19 8 -34 , 33 -42 13 31 -25 12 , 2 -13 42 -31 -1 17 , 2 -9 -9 13 -2 -12 , 39 36 -36 0 7 -29 , 0.0053623175309505944 , 24
0.32704016643147266 , 38 29 -17 -19 -5 -9 , 37 -23 23 0 1 24 , 11 -9 -9 13 3 -7 , 5 -13 13 0 -8 5 , 57 17 -29 19 8 -34 , -33 42 -13 -31 25 -12 , -2 13 -42 31 1 -17 , -2 9 9 -13 2 12 , 39 36 -36 0 7 -29 , 0.0053623175309505944 , 25
0.32704016643147266 , 38 29 -17 -19 -5 -9 , 37 -23 23 0 1 24 , -9 2 12 -7 -11 9 , 5 -13 13 0 -8 5 , 57 17 -29 19 8 -34 , -13 2 -17 -12 33 -42 , -1 17 -2 12 -25 31 , -2 -12 -2 7 -3 -13 , 39 36 -36 0 7 -29 , 0.005362317530950623 , 26
0.32704016643147266 , 38 29 -17 -19 -5 -9 , 37 -23 23 0 1 24 , 9 -2 -12 7 11 -9 , 5 -13 13 0 -8 5 , 57 17 -29 19 8 -34 , 13 -2 17 12 -33 42 , 1 -17 2 -12 25 -31 , 2 12 2 -7 3 13 , 39 36 -36 0 7 -29 , 0.005362317530950623 , 27
0.32704016643147266 , 38 29 -17 -19 -5 -9 , 5 -13 13 0 -8 5 , -33 12 -25 -2 13 -42 , 37 -23 23 0 1 24 , 57 17 -29 19 8 -34 , 11 7 -3 -2 9 9 , 13 3 -7 2 12 2 , -31 25 -12 2 -17 1 , 39 36 -36 0 7 -29 , 0.0053623175309506247 , 28
0.32704016643147266 , 38 29 -17 -19 -5 -9 , 5 -13 13 0 -8 5 , 33 -12 25 2 -13 42 , 37 -23 23 0 1 24 , 57 17 -29 19 8 -34 , -11 -7 3 2 -9 -9 , -13 -3 7 -2 -12 -2 , 31 -25 12 -2 17 -1 , 39 36 -36 0 7 -29 , 0.0053623175309506247 , 29
0.32704016643147266 , 38 29 -17 -19 -5 -9 , 37 -23 23 0 1 24 , 13 3 -7 2 12 2 , 5 -13 13 0 -8 5 , 57 17 -29 19 8 -34 , -31 25 -12 2 -17 1 , -33 12 -25 -2 13 -42 , 11 7 -3 -2 9 9 , 39 36 -36 0 7 -29 , 0.0053623175309506247 , 30
0.32704016643147266 , 38 29 -17 -19 -5 -9 , 37 -23 23 0 1 24 , -13 -3 7 -2 -12 -2 , 5 -13 13 0 -8 5 , 57 17 -29 19 8 -34 , 31 -25 12 -2 17 -1 , 33 -12 25 2 -13 42 , -11 -7 3 2 -9 -9 , 39 36 -36 0 7 -29 , 0.0053623175309506247 , 31
0.32704016643147266 , 38 29 -17 -19 -5 -9 , 5 -13 13 0 -8 5 , 25 -31 -1 42 -33 12 , 37 -23 23 0 1 24 , 57 17 -29 19 8 -34 , 3 13 -2 -9 11 7 , 12 2 -13 9 9 -2 , -17 1 31 -42 13 -2 , 39 36 -36 0 7 -29 , 0.0053623175309506542 , 32
0.32704016643147266 , 38 29 -17 -19 -5 -9 , 5 -13 13 0 -8 5 , -25 31 1 -42 33 -12 , 37 -23 23 0 1 24 , 57 17 -29 19 8 -34 , -3 -13 2 9 -11 -7 , -12 -2 13 -9 -9 2 , 17 -1 -31 42 -13 2 , 39 36 -36 0 7 -29 , 0.0053623175309506542 , 33
0.32704016643147266 , 38 29 -17 -19 -5 -9 , 37 -23 23 0 1 24 , 2 12 2 -11 9 9 , 5 -13 13 0 -8 5 , 57 17 -29 19 8 -34 , 2 -17 1 33 -42 13 , -31 -1 17 -33 12 -25 , 13 -2 -12 11 7 -3 , 39 36 -36 0 7 -29 , 0.0053623175309507149 , 34
0.32704016643147266 , 38 29 -17 -19 -5 -9 , 37 -23 23 0 1 24 , -2 -12 -2 11 -9 -9 , 5 -13 13 0 -8 5 , 57 17 -29 19 8 -34 , -2 17 -1 -33 42 -13 , 31 1 -17 33 -12 25 , -13 2 12 -11 -7 3 , 39 36 -36 0 7 -29 , 0.0053623175309507149 , 35
0.32704016643147266 , 10 16 3 -26 -29 -18 , 30 5 -5 0 20 15 , 2 -12 30 -28 10 3 , 12 -41 41 0 -27 14 , 36 -3 -16 26 -21 -45 , -21 -7 9 -3 -15 -10 , -18 -9 7 3 -19 -8 , 30 -30 12 28 -27 22 , 39 36 -36 0 7 -29 , 0.0057299672284421349 , 36
0.32704016643147266 , 10 16 3 -26 -29 -18 , 30 5 -5 0 20 15 , -2 12 -30 28 -10 -3 , 12 -41 41 0 -27 14 , 36 -3 -16 26 -21 -45 , 21 7 -9 3 15 10 , 18 9 -7 -3 19 8 , -30 30 -12 -28 27 -22 , 39 36 -36 0 7 -29 , 0.0057299672284421349 , 37
0.32704016643147266 , 10 16 3 -26 -29 -18 , 12 -41 41 0 -27 14 , -19 -8 18 -10 -15 -3 , 30 5 -5 0 20 15 , 36 -3 -16 26 -21 -45 , -27 22 -30 3 10 -28 , -30 30 -22 -3 2 -12 , -9 -18 8 10 -21 -7 , 39 36 -36 0 7 -29 , 0.0057299672284422017 , 38
0.32704016643147266 , 10 16 3 -26 -29 -18 , 12 -41 41 0 -27 14 , 19 8 -18 10 15 3 , 30 5 -5 0 20 15 , 36 -3 -16 26 -21 -45 , 27 -22 30 -3 -10 28 , 30 -30 22 3 -2 12 , 9 18 -8 -10 21 7 , 39 36 -36 0 7 -29 , 0.0057299672284422017 , 39
0.32704016643147266 , 10 16 3 -26 -29 -18 , 12 -41 41 0 -27 14 , -8 18 9 -15 -3 19 , 30 5 -5 0 20 15 , 36 -3 -16 26 -21 -45 , 22 -30 30 10 -28 27 , 12 -30 30 -10 -3 2 , 7 -9 -18 15 10 -21 , 39 36 -36 0 7 -29 , 0.0057299672284422624 , 40
0.32704016643147266 , 10 16 3 -26 -29 -18 , 12 -41 41 0 -27 14 , 8 -18 -9 15 3 -19 , 30 5 -5 0 20 15 , 36 -3 -16 26 -21 -45 , -22 30 -30 -10 28 -27 , -12 30 -30 10 3 -2 , -7 9 18 -15 -10 21 , 39 36 -36 0 7 -29 , 0.0057299672284422624 , 41
0.32704016643147266 , 10 16 3 -26 -29 -18 , 30 5 -5 0 20 15 , -3 2 -12 27 -28 10 , 12 -41 41 0 -27 14 , 36 -3 -16 26 -21 -45 , 10 -21 -7 19 -3 -15 , -9 7 21 -19 -8 18 , -30 12 -2 -27 22 -30 , 39 36 -36 0 7 -29 , 0.0057299672284423057 , 42
0.32704016643147266 , 10 16 3 -26 -29 -18 , 30 5 -5 0 20 15 , 3 -2 12 -27 28 -10 , 12 -41 41 0 -27 14 , 36 -3 -16 26 -21 -45 , -10 21 7 -19 3 15 , 9 -7 -21 19 8 -18 , 30 -12 2 27 -22 30 , 39 36 -36 0 7 -29 , 0.0057299672284423057 , 43
0.32704016643147266 , 10 16 3 -26 -29 -18 , 30 5 -5 0 20 15 , 10 3 -2 22 -27 28 , 12 -41 41 0 -27 14 , 36 -3 -16 26 -21 -45 , -15 -10 21 -8 -19 3 , -7 -21 10 8 -18 -9 , -12 2 -3 -22 30 -30 , 39 36 -36 0 7 -29 , 0.0057299672284423188 , 44
0.32704016643147266 , 10 16 3 -26 -29 -18 , 30 5 -5 0 20 15 , -10 -3 2 -22 27 -28 , 12 -41 41 0 -27 14 , 36 -3 -16 26 -21 -45 , 15 10 -21 8 19 -3 , 7 21 -10 -8 18 9 , 12 -2 3 22 -30 30 , 39 36 -36 0 7 -29 , 0.0057299672284423188 , 45
0.32704016643147266 , 10 16 3 -26 -29 -18 , 12 -41 41 0 -27 14 , -10 -15 -3 9 -7 -21 , 30 5 -5 0 20 15 , 36 -3 -16 26 -21 -45 , 3 10 -28 30 -12 2 , -27 28 -10 -30 30 -22 , -19 3 15 -9 -18 8 , 39 36 -36 0 7 -29 , 0.005729967228442337 , 46
0.32704016643147266 , 10 16 3 -26 -29 -18 , 12 -41 41 0 -27 14 , 10 15 3 -9 7 21 , 30 5 -5 0 20 15 , 36 -3 -16 26 -21 -45 , -3 -10 28 -30 12 -2 , 27 -28 10 30 -30 22 , 19 -3 -15 9 18 -8 , 39 36 -36 0 7 -29 , 0.005729967228442337 , 47
0.32704016643147266 , 10 16 3 -26 -29 -18 , 12 -41 41 0 -27 14 , -15 -3 19 -7 -21 10 , 30 5 -5 0 20 15 , 36 -3 -16 26 -21 -45 , 10 -28 27 -12 2 -3 , 22 -27 28 12 -30 30 , -8 -19 3 7 -9 -18 , 39 36 -36 0 7 -29 , 0.0057299672284423656 , 48
0.32704016643147266 , 10 16 3 -26 -29 -18 , 12 -41 41 0 -27 14 , 15 3 -19 7 21 -10 , 30 5 -5 0 20 15 , 36 -3 -16 26 -21 -45 , -10 28 -27 12 -2 3 , -22 27 -28 -12 30 -30 , 8 19 -3 -7 9 18 , 39 36 -36 0 7 -29 , 0.0057299672284423656 , 49
0.32704016643147266 , 10 16 3 -26 -29 -18 , 12 -41 41 0 -27 14 , -3 19 8 -21 10 15 , 30 5 -5 0 20 15 , 36 -3 -16 26 -21 -45 , -28 27 -22 2 -3 -10 , -30 22 -27 -2 12 -30 , 18 -8 -19 21 7 -9 , 39 36 -36 0 7 -29 , 0.0057299672284423673 , 50
0.32704016643147266 , 10 16 3 -26 -29 -18 , 12 -41 41 0 -27 14 , 3 -19 -8 21 -10 -15 , 30 5 -5 0 20 15 , 36 -3 -16 26 -21 -45 , 28 -27 22 -2 3 10 , 30 -22 27 2 -12 30 , -18 8 19 -21 -7 9 , 39 36 -36 0 7 -29 , 0.0057299672284423673 , 51
0.32704016643147266 , 10 16 3 -26 -29 -18 , 30 5 -5 0 20 15 , -28 10 3 -30 22 -27 , 12 -41 41 0 -27 14 , 36 -3 -16 26 -21 -45 , -3 -15 -10 18 -8 -19 , -21 10 15 -18 -9 7 , 2 -3 -10 30 -30 12 , 39 36 -36 0 7 -29 , 0.005729967228442376 , 52
0.32704016643147266 , 10 16 3 -26 -29 -18 , 30 5 -5 0 20 15 , 28 -10 -3 30 -22 27 , 12 -41 41 0 -27 14 , 36 -3 -16 26 -21 -45 , 3 15 10 -18 8 19 , 21 -10 -15 18 9 -7 , -2 3 10 -30 30 -12 , 39 36 -36 0 7 -29 , 0.005729967228442376 , 53
0.32704016643147266 , 10 16 3 -26 -29 -18 , 30 5 -5 0 20 15 , -12 30 -30 10 3 -2 , 12 -41 41 0 -27 14 , 36 -3 -16 26 -21 -45 , -7 9 18 -15 -10 21 , 8 -18 -9 15 3 -19 , -22 30 -30 -10 28 -27 , 39 36 -36 0 7 -29 , 0.0057299672284423812 , 54
0.32704016643147266 , 10 16 3 -26 -29 -18 , 30 5 -5 0 20 15 , 12 -30 30 -10 -3 2 , 12 -41 41 0 -27 14 , 36 -3 -16 26 -21 -45 , 7 -9 -18 15 10 -21 , -8 18 9 -15 -3 19 , 22 -30 30 10 -28 27 , 39 36 -36 0 7 -29 , 0.0057299672284423812 , 55
0.32704016643147266 , 10 16 3 -26 -29 -18 , 30 5 -5 0 20 15 , -30 30 -22 -3 2 -12 , 12 -41 41 0 -27 14 , 36 -3 -16 26 -21 -45 , -9 -18 8 10 -21 -7 , -19 -8 18 -10 -15 -3 , -27 22 -30 3 10 -28 , 39 36 -36 0 7 -29 , 0.0057299672284423916 , 56
0.32704016643147266 , 10 16 3 -26 -29 -18 , 30 5 -5 0 20 15 , 30 -30 22 3 -2 12 , 12 -41 41 0 -27 14 , 36 -3 -16 26 -21 -45 , 9 18 -8 -10 21 7 , 19 8 -18 10 15 3 , 27 -22 30 -3 -10 28 , 39 36 -36 0 7 -29 , 0.0057299672284423916 , 57
0.32704016643147266 , 10 16 3 -26 -29 -18 , 12 -41 41 0 -27 14 , 9 -7 -21 19 8 -18 , 30 5 -5 0 20 15 , 36 -3 -16 26 -21 -45 , 30 -12 2 27 -22 30 , 3 -2 12 -27 28 -10 , -10 21 7 -19 3 15 , 39 36 -36 0 7 -29 , 0.0057299672284424159 , 58
0.32704016643147266 , 10 16 3 -26 -29 -18 , 12 -41 41 0 -27 14 , -9 7 21 -19 -8 18 , 30 5 -5 0 20 15 , 36 -3 -16 26 -21 -45 , -30 12 -2 -27 22 -30 , -3 2 -12 27 -28 10 , 10 -21 -7 19 -3 -15 , 39 36 -36 0 7 -29 , 0.0057299672284424159 , 59
0.32704016643147266 , 10 16 3 -26 -29 -18 , 12 -41 41 0 -27 14 , -18 -9 7 3 -19 -8 , 30 5 -5 0 20 15 , 36 -3 -16 26 -21 -45 , 30 -30 12 28 -27 22 , 2 -12 30 -28 10 3 , -21 -7 9 -3 -15 -10 , 39 36 -36 0 7 -29 , 0.005729967228442435 , 60
0.32704016643147266 , 10 16 3 -26 -29 -18 , 12 -41 41 0 -27 14 , 18 9 -7 -3 19 8 , 30 5 -5 0 20 15 , 36 -3 -16 26 -21 -45 , -30 30 -12 -28 27 -22 , -2 12 -30 28 -10 -3 , 21 7 -9 3 15 10 , 39 36 -36 0 7 -29 , 0.005729967228442435 , 61
0.32704016643147266 , 10 16 3 -26 -29 -18 , 30 5 -5 0 20 15 , -30 22 -27 -2 12 -30 , 12 -41 41 0 -27 14 , 36 -3 -16 26 -21 -45 , 18 -8 -19 21 7 -9 , -3 19 8 -21 10 15 , -28 27 -22 2 -3 -10 , 39 36 -36 0 7 -29 , 0.0057299672284424619 , 62
0.32704016643147266 , 10 16 3 -26 -29 -18 , 30 5 -5 0 20 15 , 30 -22 27 2 -12 30 , 12 -41 41 0 -27 14 , 36 -3 -16 26 -21 -45 , -18 8 19 -21 -7 9 , 3 -19 -8 21 -10 -15 , 28 -27 22 -2 3 10 , 39 36 -36 0 7 -29 , 0.0057299672284424619 , 63
0.32704016643147266 , 10 16 3 -26 -29 -18 , 12 -41 41 0 -27 14 , -21 10 15 -18 -9 7 , 30 5 -5 0 20 15 , 36 -3 -16 26 -21 -45 , 2 -3 -10 30 -30 12 , -28 10 3 -30 22 -27 , -3 -15 -10 18 -8 -19 , 39 36 -36 0 7 -29 , 0.0057299672284424922 , 64
0.32704016643147266 , 10 16 3 -26 -29 -18 , 12 -41 41 0 -27 14 , 21 -10 -15 18 9 -7 , 30 5 -5 0 20 15 , 36 -3 -16 26 -21 -45 , -2 3 10 -30 30 -12 , 28 -10 -3 30 -22 27 , 3 15 10 -18 8 19 , 39 36 -36 0 7 -29 , 0.0057299672284424922 , 65
0.32704016643147266 , 10 16 3 -26 -29 -18 , 30 5 -5 0 20 15 , 27 -28 10 30 -30 22 , 12 -41 41 0 -27 14 , 36 -3 -16 26 -21 -45 , 19 -3 -15 9 18 -8 , 10 15 3 -9 7 21 , -3 -10 28 -30 12 -2 , 39 36 -36 0 7 -29 , 0.0057299672284425486 , 66
0.32704016643147266 , 10 16 3 -26 -29 -18 , 30 5 -5 0 20 15 , -27 28 -10 -30 30 -22 , 12 -41 41 0 -27 14 , 36 -3 -16 26 -21 -45 , -19 3 15 -9 -18 8 , -10 -15 -3 9 -7 -21 , 3 10 -28 30 -12 2 , 39 36 -36 0 7 -29 , 0.0057299672284425486 , 67
0.32704016643147266 , 10 16 3 -26 -29 -18 , 12 -41 41 0 -27 14 , -7 -21 10 8 -18 -9 , 30 5 -5 0 20 15 , 36 -3 -16 26 -21 -45 , -12 2 -3 -22 30 -30 , 10 3 -2 22 -27 28 , -15 -10 21 -8 -19 3 , 39 36 -36 0 7 -29 , 0.0057299672284425842 , 68
0.32704016643147266 , 10 16 3 -26 -29 -18 , 12 -41 41 0 -27 14 , 7 21 -10 -8 18 9 , 30 5 -5 0 20 15 , 36 -3 -16 26 -21 -45 , 12 -2 3 22 -30 30 , -10 -3 2 -22 27 -28 , 15 10 -21 8 19 -3 , 39 36 -36 0 7 -29 , 0.0057299672284425842 , 69
0.32704016643147266 , 10 16 3 -26 -29 -18 , 30 5 -5 0 20 15 , -22 27 -28 -12 30 -30 , 12 -41 41 0 -27 14 , 36 -3 -16 26 -21 -45 , 8 19 -3 -7 9 18 , 15 3 -19 7 21 -10 , -10 28 -27 12 -2 3 , 39 36 -36 0 7 -29 , 0.0057299672284425963 , 70
0.32704016643147266 , 10 16 3 -26 -29 -18 , 30 5 -5 0 20 15 , 22 -27 28 12 -30 30 , 12 -41 41 0 -27 14 , 36 -3 -16 26 -21 -45 , -8 -19 3 7 -9 -18 , -15 -3 19 -7 -21 10 , 10 -28 27 -12 2 -3 , 39 36 -36 0 7 -29 , 0.0057299672284425963 , 71
0.32704016643147266 , 43 29 -45 2 3 -28 , 20 -24 24 0 -9 15 , -12 2 -21 4 15 -32 , 22 -12 12 0 2 14 , 41 45 -29 -2 17 -26 , -26 25 2 -34 22 -11 , 8 -2 -25 34 -13 -3 , -16 21 -2 -4 -11 13 , 39 36 -36 0 7 -29 , 0.0061934597745514448 , 72
0.32704016643147266 , 43 29 -45 2 3 -28 , 20 -24 24 0 -9 15 , 12 -2 21 -4 -15 32 , 22 -12 12 0 2 14 , 41 45 -29 -2 17 -26 , 26 -25 -2 34 -22 11 , -8 2 25 -34 13 3 , 16 -21 2 4 11 -13 , 39 36 -36 0 7 -29 , 0.0061934597745514448 , 73
0.32704016643147266 , 43 29 -45 2 3 -28 , 22 -12 12 0 2 14 , 11 -22 34 -2 -25 26 , 20 -24 24 0 -9 15 , 41 45 -29 -2 17 -26 , 32 -15 -4 21 -2 12 , 11 4 15 -21 16 13 , 13 -34 22 2 -8 -3 , 39 36 -36 0 7 -29 , 0.0061934597745516105 , 74
0.32704016643147266 , 43 29 -45 2 3 -28 , 22 -12 12 0 2 14 , -11 22 -34 2 25 -26 , 20 -24 24 0 -9 15 , 41 45 -29 -2 17 -26 , -32 15 4 -21 2 -12 , -11 -4 -15 21 -16 -13 , -13 34 -22 -2 8 3 , 39 36 -36 0 7 -29 , 0.0061934597745516105 , 75
0.32704016643147266 , 43 29 -45 2 3 -28 , 22 -12 12 0 2 14 , -25 26 -11 -3 -8 2 , 20 -24 24 0 -9 15 , 41 45 -29 -2 17 -26 , -2 12 -32 13 16 -21 , -15 32 -12 -13 11 4 , -22 11 -26 3 13 -34 , 39 36 -36 0 7 -29 , 0.0061934597745516226 , 76
0.32704016643147266 , 43 29 -45 2 3 -28 , 22 -12 12 0 2 14 , 25 -26 11 3 8 -2 , 20 -24 24 0 -9 15 , 41 45 -29 -2 17 -26 , 2 -12 32 -13 -16 21 , 15 -32 12 13 -11 -4 , 22 -11 26 -3 -13 34 , 39 36 -36 0 7 -29 , 0.0061934597745516226 , 77
0.32704016643147266 , 43 29 -45 2 3 -28 , 20 -24 24 0 -9 15 , 2 -21 16 15 -32 12 , 22 -12 12 0 2 14 , 41 45 -29 -2 17 -26 , 25 2 -8 22 -11 26 , 3 8 -2 -22 34 -13 , -13 -16 21 -15 -4 -11 , 39 36 -36 0 7 -29 , 0.0061934597745516452 , 78
0.32704016643147266 , 43 29 -45 2 3 -28 , 20 -24 24 0 -9 15 , -16 -13 11 -12 2 -21 , 22 -12 12 0 2 14 , 41 45 -29 -2 17 -26 , 8 3 13 -26 25 2 , 34 -13 -3 26 -11 22 , -4 -11 13 12 -32 15 , 39 36 -36 0 7 -29 , 0.0061934597745516452 , 79
0.32704016643147266 , 43 29 -45 2 3 -28 , 20 -24 24 0 -9 15 , 16 13 -11 12 -2 21 , 22 -12 12 0 2 14 , 41 45 -29 -2 17 -26 , -8 -3 -13 26 -25 -2 , -34 13 3 -26 11 -22 , 4 11 -13 -12 32 -15 , 39 36 -36 0 7 -29 , 0.0061934597745516452 , 80
0.32704016643147266 , 43 29 -45 2 3 -28 , 20 -24 24 0 -9 15 , -2 21 -16 -15 32 -12 , 22 -12 12 0 2 14 , 41 45 -29 -2 17 -26 , -25 -2 8 -22 11 -26 , -3 -8 2 22 -34 13 , 13 16 -21 15 4 11 , 39 36 -36 0 7 -29 , 0.0061934597745516452 , 81
0.32704016643147266 , 43 29 -45 2 3 -28 , 22 -12 12 0 2 14 , -26 11 -22 8 -2 -25 , 20 -24 24 0 -9 15 , 41 45 -29 -2 17 -26 , -12 32 -15 -16 21 -2 , 4 15 -32 16 13 -11 , -34 22 -11 -8 -3 -13 , 39 36 -36 0 7 -29 , 0.0061934597745516694 , 82
0.32704016643147266 , 43 29 -45 2 3 -28 , 22 -12 12 0 2 14 , 26 -11 22 -8 2 25 , 20 -24 24 0 -9 15 , 41 45 -29 -2 17 -26 , 12 -32 15 16 -21 2 , -4 -15 32 -16 -13 11 , 34 -22 11 8 3 13 , 39 36 -36 0 7 -29 , 0.0061934597745516694 , 83
0.32704016643147266 , 43 29 -45 2 3 -28 , 22 -12 12 0 2 14 , -8 2 25 -34 13 3 , 20 -24 24 0 -9 15 , 41 45 -29 -2 17 -26 , 16 -21 2 4 11 -13 , 12 -2 21 -4 -15 32 , 26 -25 -2 34 -22 11 , 39 36 -36 0 7 -29 , 0.0061934597745516877 , 84
0.32704016643147266 , 43 29 -45 2 3 -28 , 22 -12 12 0 2 14 , 8 -2 -25 34 -13 -3 , 20 -24 24 0 -9 15 , 41 45 -29 -2 17 -26 , -16 21 -2 -4 -11 13 , -12 2 -21 4 15 -32 , -26 25 2 -34 22 -11 , 39 36 -36 0 7 -29 , 0.0061934597745516877 , 85
0.32704016643147266 , 43 29 -45 2 3 -28 , 20 -24 24 0 -9 15 , -15 32 -12 -13 11 4 , 22 -12 12 0 2 14 , 41 45 -29 -2 17 -26 , -22 11 -26 3 13 -34 , -25 26 -11 -3 -8 2 , -2 12 -32 13 16 -21 , 39 36 -36 0 7 -29 , 0.0061934597745517206 , 86
0.32704016643147266 , 43 29 -45 2 3 -28 , 20 -24 24 0 -9 15 , 15 -32 12 13 -11 -4 , 22 -12 12 0 2 14 , 41 45 -29 -2 17 -26 , 22 -11 26 -3 -13 34 , 25 -26 11 3 8 -2 , 2 -12 32 -13 -16 21 , 39 36 -36 0 7 -29 , 0.0061934597745517206 , 87
0.32704016643147266 , 43 29 -45 2 3 -28 , 22 -12 12 0 2 14 , -22 34 -13 -25 26 -11 , 20 -24 24 0 -9 15 , 41 45 -29 -2 17 -26 , -15 -4 -11 -2 12 -32 , -13 11 4 2 -21 16 , 3 13 -34 25 2 -8 , 39 36 -36 0 7 -29 , 0.006193459774551725 , 88
0.32704016643147266 , 43 29 -45 2 3 -28 , 22 -12 12 0 2 14 , 22 -34 13 25 -26 11 , 20 -24 24 0 -9 15 , 41 45 -29 -2 17 -26 , 15 4 11 2 -12 32 , 13 -11 -4 -2 21 -16 , -3 -13 34 -25 -2 8 , 39 36 -36 0 7 -29 , 0.006193459774551725 , 89
0.32704016643147266 , 43 29 -45 2 3 -28 , 22 -12 12 0 2 14 , 13 3 8 11 -22 34 , 20 -24 24 0 -9 15 , 41 45 -29 -2 17 -26 , 11 -13 -16 32 -15 -4 , -21 16 13 -32 12 -2 , 2 -8 -3 -11 26 -25 , 39 36 -36 0 7 -29 , 0.0061934597745517414 , 90
0.32704016643147266 , 43 29 -45 2 3 -28 , 22 -12 12 0 2 14 , -13 -3 -8 -11 22 -34 , 20 -24 24 0 -9 15 , 41 45 -29 -2 17 -26 , -11 13 16 -32 15 4 , 21 -16 -13 32 -12 2 , -2 8 3 11 -26 25 , 39 36 -36 0 7 -29 , 0.0061934597745517414 , 91
0.32704016643147266 , 43 29 -45 2 3 -28 , 20 -24 24 0 -9 15 , -13 11 4 2 -21 16 , 22 -12 12 0 2 14 , 41 45 -29 -2 17 -26 , 3 13 -34 25 2 -8 , -22 34 -13 -25 26 -11 , -15 -4 -11 -2 12 -32 , 39 36 -36 0 7 -29 , 0.0061934597745517414 , 92
0.32704016643147266 , 43 29 -45 2 3 -28 , 20 -24 24 0 -9 15 , 13 -11 -4 -2 21 -16 , 22 -12 12 0 2 14 , 41 45 -29 -2 17 -26 , -3 -13 34 -25 -2 8 , 22 -34 13 25 -26 11 , 15 4 11 2 -12 32 , 39 36 -36 0 7 -29 , 0.0061934597745517414 , 93
0.32704016643147266 , 43 29 -45 2 3 -28 , 20 -24 24 0 -9 15 , 4 15 -32 16 13 -11 , 22 -12 12 0 2 14 , 41 45 -29 -2 17 -26 , -34 22 -11 -8 -3 -13 , -26 11 -22 8 -2 -25 , -12 32 -15 -16 21 -2 , 39 36 -36 0 7 -29 , 0.0061934597745517701 , 94
0.32704016643147266 , 43 29 -45 2 3 -28 , 20 -24 24 0 -9 15 , -4 -15 32 -16 -13 11 , 22 -12 12 0 2 14 , 41 45 -29 -2 17 -26 , 34 -22 11 8 3 13 , 26 -11 22 -8 2 25 , 12 -32 15 16 -21 2 , 39 36 -36 0 7 -29 , 0.0061934597745517701 , 95
0.32704016643147266 , 43 29 -45 2 3 -28 , 20 -24 24 0 -9 15 , 11 4 15 -21 16 13 , 22 -12 12 0 2 14 , 41 45 -29 -2 17 -26 , 13 -34 22 2 -8 -3 , 11 -22 34 -2 -25 26 , 32 -15 -4 21 -2 12 , 39 36 -36 0 7 -29 , 0.0061934597745518169 , 96
0.32704016643147266 , 43 29 -45 2 3 -28 , 20 -24 24 0 -9 15 , -11 -4 -15 21 -16 -13 , 22 -12 12 0 2 14 , 41 45 -29 -2 17 -26 , -13 34 -22 -2 8 3 , -11 22 -34 2 25 -26 , -32 15 4 -21 2 -12 , 39 36 -36 0 7 -29 , 0.0061934597745518169 , 97
0.32704016643147266 , 43 29 -45 2 3 -28 , 22 -12 12 0 2 14 , -3 -8 2 22 -34 13 , 20 -24 24 0 -9 15 , 41 45 -29 -2 17 -26 , 13 16 -21 15 4 11 , -2 21 -16 -15 32 -12 , -25 -2 8 -22 11 -26 , 39 36 -36 0 7 -29 , 0.0061934597745518282 , 98
0.32704016643147266 , 43 29 -45 2 3 -28 , 22 -12 12 0 2 14 , 3 8 -2 -22 34 -13 , 20 -24 24 0 -9 15 , 41 45 -29 -2 17 -26 , -13 -16 21 -15 -4 -11 , 2 -21 16 15 -32 12 , 25 2 -8 22 -11 26 , 39 36 -36 0 7 -29 , 0.0061934597745518282 , 99
0.4185148468131845 , 29 1 -17 6 -38 -21 , 50 -8 8 0 20 28 , -12 2 1 0 -9 -2 , 12 35 -35 0 35 0 , 23 17 -1 -6 -4 -39 , -26 7 1 -22 15 -25 , -4 -1 -7 22 -26 8 , -12 -1 -2 0 -3 -11 , 19 -27 27 0 -55 -28 , 0.0046497784083104664 , 0
0.4185148468131845 , 29 1 -17 6 -38 -21 , 50 -8 8 0 20 28 , 12 -2 -1 0 9 2 , 12 35 -35 0 35 0 , 23 17 -1 -6 -4 -39 , 26 -7 -1 22 -15 25 , 4 1 7 -22 26 -8 , 12 1 2 0 3 11 , 19 -27 27 0 -55 -28 , 0.0046497784083104664 , 1
0.4185148468131845 , 29 1 -17 6 -38 -21 , 12 35 -35 0 35 0 , -1 -7 26 -26 8 4 , 50 -8 8 0 20 28 , 23 17 -1 -6 -4 -39 , -1 -2 12 -3 -11 12 , 2 -12 2 3 0 -9 , 25 -26 7 26 -22 15 , 19 -27 27 0 -55 -28 , 0.0046497784083104898 , 2
0.4185148468131845 , 29 1 -17 6 -38 -21 , 12 35 -35 0 35 0 , 1 7 -26 26 -8 -4 , 50 -8 8 0 20 28 , 23 17 -1 -6 -4 -39 , 1 2 -12 3 11 -12 , -2 12 -2 -3 0 9 , -25 26 -7 -26 22 -15 , 19 -27 27 0 -55 -28 , 0.0046497784083104898 , 3
0.4185148468131845 , 29 1 -17 6 -38 -21 , 12 35 -35 0 35 0 , -15 22 -26 -7 26 -25 , 50 -8 8 0 20 28 , 23 17 -1 -6 -4 -39 , 9 0 -3 -2 12 -2 , 11 3 0 2 1 12 , -8 26 -22 7 1 4 , 19 -27 27 0 -55 -28 , 0.0046497784083105462 , 4
0.4185148468131845 , 29 1 -17 6 -38 -21 , 12 35 -35 0 35 0 , 15 -22 26 7 -26 25 , 50 -8 8 0 20 28 , 23 17 -1 -6 -4 -39 , -9 0 3 2 -12 2 , -11 -3 0 -2 -1 -12 , 8 -26 22 -7 -1 -4 , 19 -27 27 0 -55 -28 , 0.0046497784083105462 , 5
0.4185148468131845 , 29 1 -17 6 -38 -21 , 50 -8 8 0 20 28 , -9 -2 12 -11 -3 0 , 12 35 -35 0 35 0 , 23 17 -1 -6 -4 -39 , 15 -25 26 8 -26 22 , 7 -26 25 -8 -4 -1 , 2 -12 2 11 -12 -1 , 19 -27 27 0 -55 -28 , 0.0046497784083105471 , 6
0.4185148468131845 , 29 1 -17 6 -38 -21 , 50 -8 8 0 20 28 , 9 2 -12 11 3 0 , 12 35 -35 0 35 0 , 23 17 -1 -6 -4 -39 , -15 25 -26 -8 26 -22 , -7 26 -25 8 4 1 , -2 12 -2 -11 12 1 , 19 -27 27 0 -55 -28 , 0.0046497784083105471 , 7
0.4185148468131845 , 29 1 -17 6 -38 -21 , 12 35 -35 0 35 0 , -26 25 -15 -4 -1 -7 , 50 -8 8 0 20 28 , 23 17 -1 -6 -4 -39 , -12 2 9 -12 -1 -2 , 0 -9 -2 12 -11 -3 , -22 15 -25 4 8 -26 , 19 -27 27 0 -55 -28 , 0.0046497784083105575 , 8
0.4185148468131845 , 29 1 -17 6 -38 -21 , 12 35 -35 0 35 0 , 26 -25 15 4 1 7 , 50 -8 8 0 20 28 , 23 17 -1 -6 -4 -39 , 12 -2 -9 12 1 2 , 0 9 2 -12 11 3 , 22 -15 25 -4 -8 26 , 19 -27 27 0 -55 -28 , 0.0046497784083105575 , 9
0.4185148468131845 , 29 1 -17 6 -38 -21 , 12 35 -35 0 35 0 , -7 26 -25 8 4 1 , 50 -8 8 0 20 28 , 23 17 -1 -6 -4 -39 , -2 12 -2 -11 12 1 , 9 2 -12 11 3 0 , -15 25 -26 -8 26 -22 , 19 -27 27 0 -55 -28 , 0.0046497784083105861 , 10
0.4185148468131845 , 29 1 -17 6 -38 -21 , 12 35 -35 0 35 0 , 7 -26 25 -8 -4 -1 , 50 -8 8 0 20 28 , 23 17 -1 -6 -4 -39 , 2 -12 2 11 -12 -1 , -9 -2 12 -11 -3 0 , 15 -25 26 8 -26 22 , 19 -27 27 0 -55 -28 , 0.0046497784083105861 , 11
0.4185148468131845 , 29 1 -17 6 -38 -21 , 50 -8 8 0 20 28 , -2 12 -2 -3 0 9 , 12 35 -35 0 35 0 , 23 17 -1 -6 -4 -39 , -25 26 -7 -26 22 -15 , 1 7 -26 26 -8 -4 , 1 2 -12 3 11 -12 , 19 -27 27 0 -55 -28 , 0.0046497784083105913 , 12
0.4185148468131845 , 29 1 -17 6 -38 -21 , 50 -8 8 0 20 28 , 2 -12 2 3 0 -9 , 12 35 -35 0 35 0 , 23 17 -1 -6 -4 -39 , 25 -26 7 26 -22 15 , -1 -7 26 -26 8 4 , -1 -2 12 -3 -11 12 , 19 -27 27 0 -55 -28 , 0.0046497784083105913 , 13
0.4185148468131845 , 29 1 -17 6 -38 -21 , 12 35 -35 0 35 0 , -25 15 -22 1 7 -26 , 50 -8 8 0 20 28 , 23 17 -1 -6 -4 -39 , -2 -9 0 1 2 -12 , -3 0 9 -1 -12 11 , -26 22 -15 -1 -4 -8 , 19 -27 27 0 -55 -28 , 0.0046497784083106191 , 14
0.4185148468131845 , 29 1 -17 6 -38 -21 , 12 35 -35 0 35 0 , 25 -15 22 -1 -7 26 , 50 -8 8 0 20 28 , 23 17 -1 -6 -4 -39 , 2 9 0 -1 -2 12 , 3 0 -9 1 12 -11 , 26 -22 15 1 4 8 , 19 -27 27 0 -55 -28 , 0.0046497784083106191 , 15
0.4185148468131845 , 29 1 -17 6 -38 -21 , 50 -8 8 0 20 28 , 0 -9 -2 12 -11 -3 , 12 35 -35 0 35 0 , 23 17 -1 -6 -4 -39 , -22 15 -25 4 8 -26 , -26 25 -15 -4 -1 -7 , -12 2 9 -12 -1 -2 , 19 -27 27 0 -55 -28 , 0.0046497784083106425 , 16
0.4185148468131845 , 29 1 -17 6 -38 -21 , 50 -8 8 0 20 28 , 0 9 2 -12 11 3 , 12 35 -35 0 35 0 , 23 17 -1 -6 -4 -39 , 22 -15 25 -4 -8 26 , 26 -25 15 4 1 7 , 12 -2 -9 12 1 2 , 19 -27 27 0 -55 -28 , 0.0046497784083106425 , 17
0.4185148468131845 , 29 1 -17 6 -38 -21 , 12 35 -35 0 35 0 , -22 26 -8 -26 25 -15 , 50 -8 8 0 20 28 , 23 17 -1 -6 -4 -39 , 0 3 11 -12 2 9 , 12 -11 -3 12 -2 -1 , 4 8 -26 26 -7 -1 , 19 -27 27 0 -55 -28 , 0.0046497784083106486 , 18
0.4185148468131845 , 29 1 -17 6 -38 -21 , 12 35 -35 0 35 0 , 22 -26 8 26 -25 15 , 50 -8 8 0 20 28 , 23 17 -1 -6 -4 -39 , 0 -3 -11 12 -2 -9 , -12 11 3 -12 2 1 , -4 -8 26 -26 7 1 , 19 -27 27 0 -55 -28 , 0.0046497784083106486 , 19
0.4185148468131845 , 29 1 -17 6 -38 -21 , 50 -8 8 0 20 28 , 1 12 -11 -2 12 -2 , 12 35 -35 0 35 0 , 23 17 -1 -6 -4 -39 , 1 4 8 -25 26 -7 , 26 -8 -4 25 -15 22 , 3 11 -12 2 9 0 , 19 -27 27 0 -55 -28 , 0.0046497784083106911 , 20
0.4185148468131845 , 29 1 -17 6 -38 -21 , 50 -8 8 0 20 28 , -1 -12 11 2 -12 2 , 12 35 -35 0 35 0 , 23 17 -1 -6 -4 -39 , -1 -4 -8 25 -26 7 , -26 8 4 -25 15 -22 , -3 -11 12 -2 -9 0 , 19 -27 27 0 -55 -28 , 0.0046497784083106911 , 21
0.4185148468131845 , 29 1 -17 6 -38 -21 , 50 -8 8 0 20 28 , -11 -3 0 -2 -1 -12 , 12 35 -35 0 35 0 , 23 17 -1 -6 -4 -39 , 8 -26 22 -7 -1 -4 , 15 -22 26 7 -26 25 , -9 0 3 2 -12 2 , 19 -27 27 0 -55 -28 , 0.0046497784083107153 , 22
0.4185148468131845 , 29 1 -17 6 -38 -21 , 50 -8 8 0 20 28 , 11 3 0 2 1 12 , 12 35 -35 0 35 0 , 23 17 -1 -6 -4 -39 , -8 26 -22 7 1 4 , -15 22 -26 -7 26 -25 , 9 0 -3 -2 12 -2 , 19 -27 27 0 -55 -28 , 0.0046497784083107153 , 23
0.4185148468131845 , 29 1 -17 6 -38 -21 , 12 35 -35 0 35 0 , -8 -4 -1 -15 22 -26 , 50 -8 8 0 20 28 , 23 17 -1 -6 -4 -39 , 11 -12 -1 9 0 -3 , 2 1 12 -9 -2 12 , 7 1 4 15 -25 26 , 19 -27 27 0 -55 -28 , 0.0046497784083107457 , 24
0.4185148468131845 , 29 1 -17 6 -38 -21 , 12 35 -35 0 35 0 , 8 4 1 15 -22 26 , 50 -8 8 0 20 28 , 23 17 -1 -6 -4 -39 , -11 12 1 -9 0 3 , -2 -1 -12 9 2 -12 , -7 -1 -4 -15 25 -26 , 19 -27 27 0 -55 -28 , 0.0046497784083107457 , 25
0.4185148468131845 , 29 1 -17 6 -38 -21 , 50 -8 8 0 20 28 , 12 -11 -3 12 -2 -1 , 12 35 -35 0 35 0 , 23 17 -1 -6 -4 -39 , 4 8 -26 26 -7 -1 , -22 26 -8 -26 25 -15 , 0 3 11 -12 2 9 , 19 -27 27 0 -55 -28 , 0.0046497784083107561 , 26
0.4185148468131845 , 29 1 -17 6 -38 -21 , 50 -8 8 0 20 28 , -12 11 3 -12 2 1 , 12 35 -35 0 35 0 , 23 17 -1 -6 -4 -39 , -4 -8 26 -26 7 1 , 22 -26 8 26 -25 15 , 0 -3 -11 12 -2 -9 , 19 -27 27 0 -55 -28 , 0.0046497784083107561 , 27
0.4185148468131845 , 29 1 -17 6 -38 -21 , 12 35 -35 0 35 0 , -4 -1 -7 22 -26 8 , 50 -8 8 0 20 28 , 23 17 -1 -6 -4 -39 , -12 -1 -2 0 -3 -11 , -12 2 1 0 -9 -2 , -26 7 1 -22 15 -25 , 19 -27 27 0 -55 -28 , 0.0046497784083107726 , 28
0.4185148468131845 , 29 1 -17 6 -38 -21 , 12 35 -35 0 35 0 , 4 1 7 -22 26 -8 , 50 -8 8 0 20 28 , 23 17 -1 -6 -4 -39 , 12 1 2 0 3 11 , 12 -2 -1 0 9 2 , 26 -7 -1 22 -15 25 , 19 -27 27 0 -55 -28 , 0.0046497784083107726 , 29
0.4185148468131845 , 29 1 -17 6 -38 -21 , 50 -8 8 0 20 28 , 3 0 -9 1 12 -11 , 12 35 -35 0 35 0 , 23 17 -1 -6 -4 -39 , 26 -22 15 1 4 8 , 25 -15 22 -1 -7 26 , 2 9 0 -1 -2 12 , 19 -27 27 0 -55 -28 , 0.0046497784083108238 , 30
0.4185148468131845 , 29 1 -17 6 -38 -21 , 50 -8 8 0 20 28 , -3 0 9 -1 -12 11 , 12 35 -35 0 35 0 , 23 17 -1 -6 -4 -39 , -26 22 -15 -1 -4 -8 , -25 15 -22 1 7 -26 , -2 -9 0 1 2 -12 , 19 -27 27 0 -55 -28 , 0.0046497784083108238 , 31
0.4185148468131845 , 29 1 -17 6 -38 -21 , 12 35 -35 0 35 0 , -26 8 4 -25 15 -22 , 50 -8 8 0 20 28 , 23 17 -1 -6 -4 -39 , -3 -11 12 -2 -9 0 , -1 -12 11 2 -12 2 , -1 -4 -8 25 -26 7 , 19 -27 27 0 -55 -28 , 0.0046497784083108368 , 32
0.4185148468131845 , 29 1 -17 6 -38 -21 , 12 35 -35 0 35 0 , 26 -8 -4 25 -15 22 , 50 -8 8 0 20 28 , 23 17 -1 -6 -4 -39 , 3 11 -12 2 9 0 , 1 12 -11 -2 12 -2 , 1 4 8 -25 26 -7 , 19 -27 27 0 -55 -28 , 0.0046497784083108368 , 33
0.4185148468131845 , 29 1 -17 6 -38 -21 , 50 -8 8 0 20 28 , 2 1 12 -9 -2 12 , 12 35 -35 0 35 0 , 23 17 -1 -6 -4 -39 , 7 1 4 15 -25 26 , -8 -4 -1 -15 22 -26 , 11 -12 -1 9 0 -3 , 19 -27 27 0 -55 -28 , 0.0046497784083109122 , 34
0.4185148468131845 , 29 1 -17 6 -38 -21 , 50 -8 8 0 20 28 , -2 -1 -12 9 2 -12 , 12 35 -35 0 35 0 , 23 17 -1 -6 -4 -39 , -7 -1 -4 -15 25 -26 , 8 4 1 15 -22 26 , -11 12 1 -9 0 3 , 19 -27 27 0 -55 -28 , 0.0046497784083109122 , 35
0.4185148468131845 , 6 13 11 -25 -47 -5 , 13 -11 11 0 -2 9 , -3 16 -7 -27 41 -18 , 29 -25 25 0 -5 20 , 31 -11 -13 25 -16 -60 , 9 3 15 -10 -2 22 , 19 -15 -3 10 7 -5 , 24 7 -16 27 -11 25 , 39 36 -36 0 7 -29 , 0.0052203774733191217 , 36
0.4185148468131845 , 6 13 11 -25 -47 -5 , 13 -11 11 0 -2 9 , 3 -16 7 27 -41 18 , 29 -25 25 0 -5 20 , 31 -11 -13 25 -16 -60 , -9 -3 -15 10 2 -22 , -19 15 3 -10 -7 5 , -24 -7 16 -27 11 -25 , 39 36 -36 0 7 -29 , 0.0052203774733191217 , 37
0.4185148468131845 , 6 13 11 -25 -47 -5 , 29 -25 25 0 -5 20 , -22 2 10 -15 -3 -9 , 13 -11 11 0 -2 9 , 31 -11 -13 25 -16 -60 , 18 -41 27 7 -16 3 , 11 -27 41 -7 -24 25 , -7 -10 -2 15 -19 -5 , 39 36 -36 0 7 -29 , 0.0052203774733191226 , 38
0.4185148468131845 , 6 13 11 -25 -47 -5 , 29 -25 25 0 -5 20 , 22 -2 -10 15 3 9 , 13 -11 11 0 -2 9 , 31 -11 -13 25 -16 -60 , -18 41 -27 -7 16 -3 , -11 27 -41 7 24 -25 , 7 10 2 -15 19 5 , 39 36 -36 0 7 -29 , 0.0052203774733191226 , 39
0.4185148468131845 , 6 13 11 -25 -47 -5 , 29 -25 25 0 -5 20 , -7 5 19 -22 2 10 , 13 -11 11 0 -2 9 , 31 -11 -13 25 -16 -60 , 11 -25 24 18 -41 27 , -7 -24 25 -18 3 -16 , 15 -19 -5 22 -9 -3 , 39 36 -36 0 7 -29 , 0.0052203774733191963 , 40
0.4185148468131845 , 6 13 11 -25 -47 -5 , 29 -25 25 0 -5 20 , 7 -5 -19 22 -2 -10 , 13 -11 11 0 -2 9 , 31 -11 -13 25 -16 -60 , -11 25 -24 -18 41 -27 , 7 24 -25 18 -3 16 , -15 19 5 -22 9 3 , 39 36 -36 0 7 -29 , 0.0052203774733191963 , 41
0.4185148468131845 , 6 13 11 -25 -47 -5 , 13 -11 11 0 -2 9 , -7 -24 25 -18 3 -16 , 29 -25 25 0 -5 20 , 31 -11 -13 25 -16 -60 , 15 -19 -5 22 -9 -3 , -7 5 19 -22 2 10 , 11 -25 24 18 -41 27 , 39 36 -36 0 7 -29 , 0.0052203774733192206 , 42
0.4185148468131845 , 6 13 11 -25 -47 -5 , 13 -11 11 0 -2 9 , 7 24 -25 18 -3 16 , 29 -25 25 0 -5 20 , 31 -11 -13 25 -16 -60 , -15 19 5 -22 9 3 , 7 -5 -19 22 -2 -10 , -11 25 -24 -18 41 -27 , 39 36 -36 0 7 -29 , 0.0052203774733192206 , 43
0.4185148468131845 , 6 13 11 -25 -47 -5 , 29 -25 25 0 -5 20 , -10 -7 5 9 -22 2 , 13 -11 11 0 -2 9 , 31 -11 -13 25 -16 -60 , -27 11 -25 -3 18 -41 , -24 25 -11 3 -16 7 , -19 -5 7 -9 -3 -15 , 39 36 -36 0 7 -29 , 0.0052203774733192215 , 44
0.4185148468131845 , 6 13 11 -25 -47 -5 , 29 -25 25 0 -5 20 , 10 7 -5 -9 22 -2 , 13 -11 11 0 -2 9 , 31 -11 -13 25 -16 -60 , 27 -11 25 3 -18 41 , 24 -25 11 -3 16 -7 , 19 5 -7 9 3 15 , 39 36 -36 0 7 -29 , 0.0052203774733192215 , 45
0.4185148468131845 , 6 13 11 -25 -47 -5 , 13 -11 11 0 -2 9 , -27 41 -18 -24 25 -11 , 29 -25 25 0 -5 20 , 31 -11 -13 25 -16 -60 , -10 -2 22 -19 -5 7 , 9 -22 2 19 -15 -3 , -3 18 -41 24 7 -16 , 39 36 -36 0 7 -29 , 0.0052203774733192215 , 46
0.4185148468131845 , 6 13 11 -25 -47 -5 , 13 -11 11 0 -2 9 , 16 -7 -24 41 -18 3 , 29 -25 25 0 -5 20 , 31 -11 -13 25 -16 -60 , 3 15 -19 -2 22 -9 , 5 19 -15 2 10 7 , -25 24 7 -41 27 -11 , 39 36 -36 0 7 -29 , 0.0052203774733192215 , 47
0.4185148468131845 , 6 13 11 -25 -47 -5 , 13 -11 11 0 -2 9 , -16 7 24 -41 18 -3 , 29 -25 25 0 -5 20 , 31 -11 -13 25 -16 -60 , -3 -15 19 2 -22 9 , -5 -19 15 -2 -10 -7 , 25 -24 -7 41 -27 11 , 39 36 -36 0 7 -29 , 0.0052203774733192215 , 48
0.4185148468131845 , 6 13 11 -25 -47 -5 , 13 -11 11 0 -2 9 , 27 -41 18 24 -25 11 , 29 -25 25 0 -5 20 , 31 -11 -13 25 -16 -60 , 10 2 -22 19 5 -7 , -9 22 -2 -19 15 3 , 3 -18 41 -24 -7 16 , 39 36 -36 0 7 -29 , 0.0052203774733192215 , 49
0.4185148468131845 , 6 13 11 -25 -47 -5 , 13 -11 11 0 -2 9 , -24 25 -11 3 -16 7 , 29 -25 25 0 -5 20 , 31 -11 -13 25 -16 -60 , -19 -5 7 -9 -3 -15 , -10 -7 5 9 -22 2 , -27 11 -25 -3 18 -41 , 39 36 -36 0 7 -29 , 0.0052203774733192709 , 50
0.4185148468131845 , 6 13 11 -25 -47 -5 , 13 -11 11 0 -2 9 , 24 -25 11 -3 16 -7 , 29 -25 25 0 -5 20 , 31 -11 -13 25 -16 -60 , 19 5 -7 9 3 15 , 10 7 -5 -9 22 -2 , 27 -11 25 3 -18 41 , 39 36 -36 0 7 -29 , 0.0052203774733192709 , 51
0.4185148468131845 , 6 13 11 -25 -47 -5 , 29 -25 25 0 -5 20 , 2 10 7 -3 -9 22 , 13 -11 11 0 -2 9 , 31 -11 -13 25 -16 -60 , -41 27 -11 -16 3 -18 , -25 11 -27 16 -7 -24 , 5 -7 -10 3 15 -19 , 39 36 -36 0 7 -29 , 0.0052203774733192952 , 52
0.4185148468131845 , 6 13 11 -25 -47 -5 , 29 -25 25 0 -5 20 , -2 -10 -7 3 9 -22 , 13 -11 11 0 -2 9 , 31 -11 -13 25 -16 -60 , 41 -27 11 16 -3 18 , 25 -11 27 -16 7 24 , -5 7 10 -3 -15 19 , 39 36 -36 0 7 -29 , 0.0052203774733192952 , 53
0.4185148468131845 , 6 13 11 -25 -47 -5 , 13 -11 11 0 -2 9 , 18 -3 16 11 -27 41 , 29 -25 25 0 -5 20 , 31 -11 -13 25 -16 -60 , -22 9 3 -7 -10 -2 , -15 -3 -9 7 -5 -19 , 7 -16 3 -11 25 -24 , 39 36 -36 0 7 -29 , 0.0052203774733192952 , 54
0.4185148468131845 , 6 13 11 -25 -47 -5 , 13 -11 11 0 -2 9 , -18 3 -16 -11 27 -41 , 29 -25 25 0 -5 20 , 31 -11 -13 25 -16 -60 , 22 -9 -3 7 10 2 , 15 3 9 -7 5 19 , -7 16 -3 11 -25 24 , 39 36 -36 0 7 -29 , 0.0052203774733192952 , 55
0.4185148468131845 , 6 13 11 -25 -47 -5 , 29 -25 25 0 -5 20 , 5 19 -15 2 10 7 , 13 -11 11 0 -2 9 , 31 -11 -13 25 -16 -60 , -25 24 7 -41 27 -11 , 16 -7 -24 41 -18 3 , 3 15 -19 -2 22 -9 , 39 36 -36 0 7 -29 , 0.0052203774733193204 , 56
0.4185148468131845 , 6 13 11 -25 -47 -5 , 29 -25 25 0 -5 20 , 9 -22 2 19 -15 -3 , 13 -11 11 0 -2 9 , 31 -11 -13 25 -16 -60 , -3 18 -41 24 7 -16 , -27 41 -18 -24 25 -11 , -10 -2 22 -19 -5 7 , 39 36 -36 0 7 -29 , 0.0052203774733193204 , 57
0.4185148468131845 , 6 13 11 -25 -47 -5 , 29 -25 25 0 -5 20 , -9 22 -2 -19 15 3 , 13 -11 11 0 -2 9 , 31 -11 -13 25 -16 -60 , 3 -18 41 -24 -7 16 , 27 -41 18 24 -25 11 , 10 2 -22 19 5 -7 , 39 36 -36 0 7 -29 , 0.0052203774733193204 , 58
0.4185148468131845 , 6 13 11 -25 -47 -5 , 29 -25 25 0 -5 20 , -5 -19 15 -2 -10 -7 , 13 -11 11 0 -2 9 , 31 -11 -13 25 -16 -60 , 25 -24 -7 41 -27 11 , -16 7 24 -41 18 -3 , -3 -15 19 2 -22 9 , 39 36 -36 0 7 -29 , 0.0052203774733193204 , 59
0.4185148468131845 , 6 13 11 -25 -47 -5 , 29 -25 25 0 -5 20 , -15 -3 -9 7 -5 -19 , 13 -11 11 0 -2 9 , 31 -11 -13 25 -16 -60 , 7 -16 3 -11 25 -24 , 18 -3 16 11 -27 41 , -22 9 3 -7 -10 -2 , 39 36 -36 0 7 -29 , 0.0052203774733193707 , 60
0.4185148468131845 , 6 13 11 -25 -47 -5 , 29 -25 25 0 -5 20 , 15 3 9 -7 5 19 , 13 -11 11 0 -2 9 , 31 -11 -13 25 -16 -60 , -7 16 -3 11 -25 24 , -18 3 -16 -11 27 -41 , 22 -9 -3 7 10 2 , 39 36 -36 0 7 -29 , 0.0052203774733193707 , 61
0.4185148468131845 , 6 13 11 -25 -47 -5 , 13 -11 11 0 -2 9 , -41 18 -3 -25 11 -27 , 29 -25 25 0 -5 20 , 31 -11 -13 25 -16 -60 , 2 -22 9 5 -7 -10 , -3 -9 22 -5 -19 15 , -16 3 -18 25 -24 -7 , 39 36 -36 0 7 -29 , 0.0052203774733193707 , 62
0.4185148468131845 , 6 13 11 -25 -47 -5 , 13 -11 11 0 -2 9 , 41 -18 3 25 -11 27 , 29 -25 25 0 -5 20 , 31 -11 -13 25 -16 -60 , -2 22 -9 -5 7 10 , 3 9 -22 5 19 -15 , 16 -3 18 -25 24 7 , 39 36 -36 0 7 -29 , 0.0052203774733193707 , 63
0.4185148468131845 , 6 13 11 -25 -47 -5 , 13 -11 11 0 -2 9 , 11 -27 41 -7 -24 25 , 29 -25 25 0 -5 20 , 31 -11 -13 25 -16 -60 , -7 -10 -2 15 -19 -5 , -22 2 10 -15 -3 -9 , 18 -41 27 7 -16 3 , 39 36 -36 0 7 -29 , 0.005220377473319395 , 64
0.4185148468131845 , 6 13 11 -25 -47 -5 , 13 -11 11 0 -2 9 , -11 27 -41 7 24 -25 , 29 -25 25 0 -5 20 , 31 -11 -13 25 -16 -60 , 7 10 2 -15 19 5 , 22 -2 -10 15 3 9 , -18 41 -27 -7 16 -3 , 39 36 -36 0 7 -29 , 0.005220377473319395 , 65
0.4185148468131845 , 6 13 11 -25 -47 -5 , 29 -25 25 0 -5 20 , -19 15 3 -10 -7 5 , 13 -11 11 0 -2 9 , 31 -11 -13 25 -16 -60 , -24 -7 16 -27 11 -25 , 3 -16 7 27 -41 18 , -9 -3 -15 10 2 -22 , 39 36 -36 0 7 -29 , 0.0052203774733194193 , 66
0.4185148468131845 , 6 13 11 -25 -47 -5 , 29 -25 25 0 -5 20 , 19 -15 -3 10 7 -5 , 13 -11 11 0 -2 9 , 31 -11 -13 25 -16 -60 , 24 7 -16 27 -11 25 , -3 16 -7 -27 41 -18 , 9 3 15 -10 -2 22 , 39 36 -36 0 7 -29 , 0.0052203774733194193 , 67
0.4185148468131845 , 6 13 11 -25 -47 -5 , 29 -25 25 0 -5 20 , 3 9 -22 5 19 -15 , 13 -11 11 0 -2 9 , 31 -11 -13 25 -16 -60 , 16 -3 18 -25 24 7 , 41 -18 3 25 -11 27 , -2 22 -9 -5 7 10 , 39 36 -36 0 7 -29 , 0.0052203774733194201 , 68
0.4185148468131845 , 6 13 11 -25 -47 -5 , 29 -25 25 0 -5 20 , -3 -9 22 -5 -19 15 , 13 -11 11 0 -2 9 , 31 -11 -13 25 -16 -60 , -16 3 -18 25 -24 -7 , -41 18 -3 -25 11 -27 , 2 -22 9 5 -7 -10 , 39 36 -36 0 7 -29 , 0.0052203774733194201 , 69
0.4185148468131845 , 6 13 11 -25 -47 -5 , 13 -11 11 0 -2 9 , -25 11 -27 16 -7 -24 , 29 -25 25 0 -5 20 , 31 -11 -13 25 -16 -60 , 5 -7 -10 3 15 -19 , 2 10 7 -3 -9 22 , -41 27 -11 -16 3 -18 , 39 36 -36 0 7 -29 , 0.0052203774733194201 , 70
0.4185148468131845 , 6 13 11 -25 -47 -5 , 13 -11 11 0 -2 9 , 25 -11 27 -16 7 24 , 29 -25 25 0 -5 20 , 31 -11 -13 25 -16 -60 , -5 7 10 -3 -15 19 , -2 -10 -7 3 9 -22 , 41 -27 11 16 -3 18 , 39 36 -36 0 7 -29 , 0.0052203774733194201 , 71
0.4185148468131845 , 2 18 -9 -21 -31 -27 , 7 -39 39 0 -28 11 , -23 21 5 -14 -9 10 , 35 3 -3 0 21 18 , 23 9 -18 21 -18 -49 , -21 19 -21 10 -8 -8 , -31 21 -19 -10 13 -27 , -9 -5 -21 14 5 -30 , 39 36 -36 0 7 -29 , 0.0054539065827661397 , 72
0.4185148468131845 , 2 18 -9 -21 -31 -27 , 7 -39 39 0 -28 11 , 23 -21 -5 14 9 -10 , 35 3 -3 0 21 18 , 23 9 -18 21 -18 -49 , 21 -19 21 -10 8 8 , 31 -21 19 10 -13 27 , 9 5 21 -14 -5 30 , 39 36 -36 0 7 -29 , 0.0054539065827661397 , 73
0.4185148468131845 , 2 18 -9 -21 -31 -27 , 35 3 -3 0 21 18 , -8 10 -13 19 -21 8 , 7 -39 39 0 -28 11 , 23 9 -18 21 -18 -49 , -9 -14 -5 21 -23 -10 , -30 5 14 -21 -5 -9 , -27 13 -10 -19 21 -31 , 39 36 -36 0 7 -29 , 0.0054539065827662299 , 74
0.4185148468131845 , 2 18 -9 -21 -31 -27 , 35 3 -3 0 21 18 , 8 -10 13 -19 21 -8 , 7 -39 39 0 -28 11 , 23 9 -18 21 -18 -49 , 9 14 5 -21 23 10 , 30 -5 -14 21 5 9 , 27 -13 10 19 -21 31 , 39 36 -36 0 7 -29 , 0.0054539065827662299 , 75
0.4185148468131845 , 2 18 -9 -21 -31 -27 , 35 3 -3 0 21 18 , -27 31 -21 -8 10 -13 , 7 -39 39 0 -28 11 , 23 9 -18 21 -18 -49 , -30 9 5 -9 -14 -5 , -21 -5 -9 9 -10 -23 , -19 21 -31 8 8 -21 , 39 36 -36 0 7 -29 , 0.0054539065827662603 , 76
0.4185148468131845 , 2 18 -9 -21 -31 -27 , 35 3 -3 0 21 18 , 27 -31 21 8 -10 13 , 7 -39 39 0 -28 11 , 23 9 -18 21 -18 -49 , 30 -9 -5 9 14 5 , 21 5 9 -9 10 23 , 19 -21 31 -8 -8 21 , 39 36 -36 0 7 -29 , 0.0054539065827662603 , 77
0.4185148468131845 , 2 18 -9 -21 -31 -27 , 7 -39 39 0 -28 11 , -14 -9 10 9 -30 5 , 35 3 -3 0 21 18 , 23 9 -18 21 -18 -49 , 10 -8 -8 31 -27 13 , -21 8 8 -31 21 -19 , -23 -10 9 -9 -5 -21 , 39 36 -36 0 7 -29 , 0.005453906582766288 , 78
0.4185148468131845 , 2 18 -9 -21 -31 -27 , 7 -39 39 0 -28 11 , 14 9 -10 -9 30 -5 , 35 3 -3 0 21 18 , 23 9 -18 21 -18 -49 , -10 8 8 -31 27 -13 , 21 -8 -8 31 -21 19 , 23 10 -9 9 5 21 , 39 36 -36 0 7 -29 , 0.005453906582766288 , 79
0.4185148468131845 , 2 18 -9 -21 -31 -27 , 35 3 -3 0 21 18 , -10 13 -27 21 -8 -8 , 7 -39 39 0 -28 11 , 23 9 -18 21 -18 -49 , 14 5 -30 23 10 -9 , -9 30 -5 -23 21 5 , -31 27 -13 -21 19 -21 , 39 36 -36 0 7 -29 , 0.0054539065827663141 , 80
0.4185148468131845 , 2 18 -9 -21 -31 -27 , 35 3 -3 0 21 18 , 10 -13 27 -21 8 8 , 7 -39 39 0 -28 11 , 23 9 -18 21 -18 -49 , -14 -5 30 -23 -10 9 , 9 -30 5 23 -21 -5 , 31 -27 13 21 -19 21 , 39 36 -36 0 7 -29 , 0.0054539065827663141 , 81
0.4185148468131845 , 2 18 -9 -21 -31 -27 , 35 3 -3 0 21 18 , 31 -21 19 10 -13 27 , 7 -39 39 0 -28 11 , 23 9 -18 21 -18 -49 , 9 5 21 -14 -5 30 , 23 -21 -5 14 9 -10 , 21 -19 21 -10 8 8 , 39 36 -36 0 7 -29 , 0.0054539065827663488 , 82
0.4185148468131845 , 2 18 -9 -21 -31 -27 , 35 3 -3 0 21 18 , -31 21 -19 -10 13 -27 , 7 -39 39 0 -28 11 , 23 9 -18 21 -18 -49 , -9 -5 -21 14 5 -30 , -23 21 5 -14 -9 10 , -21 19 -21 10 -8 -8 , 39 36 -36 0 7 -29 , 0.0054539065827663488 , 83
0.4185148468131845 , 2 18 -9 -21 -31 -27 , 7 -39 39 0 -28 11 , -21 -5 -9 9 -10 -23 , 35 3 -3 0 21 18 , 23 9 -18 21 -18 -49 , -19 21 -31 8 8 -21 , -27 31 -21 -8 10 -13 , -30 9 5 -9 -14 -5 , 39 36 -36 0 7 -29 , 0.0054539065827663687 , 84
0.4185148468131845 , 2 18 -9 -21 -31 -27 , 7 -39 39 0 -28 11 , 21 5 9 -9 10 23 , 35 3 -3 0 21 18 , 23 9 -18 21 -18 -49 , 19 -21 31 -8 -8 21 , 27 -31 21 8 -10 13 , 30 -9 -5 9 14 5 , 39 36 -36 0 7 -29 , 0.0054539065827663687 , 85
0.4185148468131845 , 2 18 -9 -21 -31 -27 , 35 3 -3 0 21 18 , -19 21 -8 -27 31 -21 , 7 -39 39 0 -28 11 , 23 9 -18 21 -18 -49 , -21 23 10 -30 9 5 , 9 -10 -23 30 -5 -14 , 8 8 -21 27 -13 10 , 39 36 -36 0 7 -29 , 0.0054539065827663982 , 86
0.4185148468131845 , 2 18 -9 -21 -31 -27 , 35 3 -3 0 21 18 , 19 -21 8 27 -31 21 , 7 -39 39 0 -28 11 , 23 9 -18 21 -18 -49 , 21 -23 -10 30 -9 -5 , -9 10 23 -30 5 14 , -8 -8 21 -27 13 -10 , 39 36 -36 0 7 -29 , 0.0054539065827663982 , 87
0.4185148468131845 , 2 18 -9 -21 -31 -27 , 7 -39 39 0 -28 11 , -9 10 23 -30 5 14 , 35 3 -3 0 21 18 , 23 9 -18 21 -18 -49 , -8 -8 21 -27 13 -10 , 19 -21 8 27 -31 21 , 21 -23 -10 30 -9 -5 , 39 36 -36 0 7 -29 , 0.0054539065827663999 , 88
0.4185148468131845 , 2 18 -9 -21 -31 -27 , 7 -39 39 0 -28 11 , 9 -10 -23 30 -5 -14 , 35 3 -3 0 21 18 , 23 9 -18 21 -18 -49 , 8 8 -21 27 -13 10 , -19 21 -8 -27 31 -21 , -21 23 10 -30 9 5 , 39 36 -36 0 7 -29 , 0.0054539065827663999 , 89
0.4185148468131845 , 2 18 -9 -21 -31 -27 , 7 -39 39 0 -28 11 , 5 14 9 -5 -9 30 , 35 3 -3 0 21 18 , 23 9 -18 21 -18 -49 , 13 -10 8 21 -31 27 , -8 -8 10 -21 19 -21 , 10 -9 -14 5 21 -23 , 39 36 -36 0 7 -29 , 0.0054539065827664121 , 90
0.4185148468131845 , 2 18 -9 -21 -31 -27 , 7 -39 39 0 -28 11 , -5 -14 -9 5 9 -30 , 35 3 -3 0 21 18 , 23 9 -18 21 -18 -49 , -13 10 -8 -21 31 -27 , 8 8 -10 21 -19 21 , -10 9 14 -5 -21 23 , 39 36 -36 0 7 -29 , 0.0054539065827664121 , 91
0.4185148468131845 , 2 18 -9 -21 -31 -27 , 7 -39 39 0 -28 11 , 10 23 -21 5 14 9 , 35 3 -3 0 21 18 , 23 9 -18 21 -18 -49 , -8 21 -19 13 -10 8 , -21 19 -21 -13 27 -31 , 5 21 -23 -5 30 -9 , 39 36 -36 0 7 -29 , 0.0054539065827664129 , 92
0.4185148468131845 , 2 18 -9 -21 -31 -27 , 7 -39 39 0 -28 11 , -10 -23 21 -5 -14 -9 , 35 3 -3 0 21 18 , 23 9 -18 21 -18 -49 , 8 -21 19 -13 10 -8 , 21 -19 21 13 -27 31 , -5 -21 23 5 -30 9 , 39 36 -36 0 7 -29 , 0.0054539065827664129 , 93
0.4185148468131845 , 2 18 -9 -21 -31 -27 , 35 3 -3 0 21 18 , 13 -27 31 -8 -8 10 , 7 -39 39 0 -28 11 , 23 9 -18 21 -18 -49 , 5 -30 9 10 -9 -14 , -5 -9 30 -10 -23 21 , 21 -31 27 8 -21 19 , 39 36 -36 0 7 -29 , 0.0054539065827664216 , 94
0.4185148468131845 , 2 18 -9 -21 -31 -27 , 35 3 -3 0 21 18 , -13 27 -31 8 8 -10 , 7 -39 39 0 -28 11 , 23 9 -18 21 -18 -49 , -5 30 -9 -10 9 14 , 5 9 -30 10 23 -21 , -21 31 -27 -8 21 -19 , 39 36 -36 0 7 -29 , 0.0054539065827664216 , 95
0.4185148468131845 , 2 18 -9 -21 -31 -27 , 7 -39 39 0 -28 11 , -30 5 14 -21 -5 -9 , 35 3 -3 0 21 18 , 23 9 -18 21 -18 -49 , -27 13 -10 -19 21 -31 , -8 10 -13 19 -21 8 , -9 -14 -5 21 -23 -10 , 39 36 -36 0 7 -29 , 0.0054539065827664251 , 96
0.4185148468131845 , 2 18 -9 -21 -31 -27 , 7 -39 39 0 -28 11 , 30 -5 -14 21 5 9 , 35 3 -3 0 21 18 , 23 9 -18 21 -18 -49 , 27 -13 10 19 -21 31 , 8 -10 13 -19 21 -8 , 9 14 5 -21 23 10 , 39 36 -36 0 7 -29 , 0.0054539065827664251 , 97
0.4185148468131845 , 2 18 -9 -21 -31 -27 , 35 3 -3 0 21 18 , -21 19 -21 -13 27 -31 , 7 -39 39 0 -28 11 , 23 9 -18 21 -18 -49 , 5 21 -23 -5 30 -9 , 10 23 -21 5 14 9 , -8 21 -19 13 -10 8 , 39 36 -36 0 7 -29 , 0.0054539065827664485 , 98
0.4185148468131845 , 2 18 -9 -21 -31 -27 , 35 3 -3 0 21 18 , 21 -19 21 13 -27 31 , 7 -39 39 0 -28 11 , 23 9 -18 21 -18 -49 , -5 -21 23 5 -30 9 , -10 -23 21 -5 -14 -9 , 8 -21 19 -13 10 -8 , 39 36 -36 0 7 -29 , 0.0054539065827664485 , 99
0.5239965545215303 , -4 25 -3 -37 -27 -21 , 37 -13 13 0 9 22 , -4 11 -1 5 -14 16 , 5 -23 23 0 -16 7 , 33 3 -25 37 -18 -52 , 1 -19 15 21 -42 19 , -20 -15 19 -21 4 -23 , -9 1 -11 -5 17 -25 , 39 36 -36 0 7 -29 , 0.0057575580224065856 , 0
0.5239965545215303 , -4 25 -3 -37 -27 -21 , 37 -13 13 0 9 22 , 4 -11 1 -5 14 -16 , 5 -23 23 0 -16 7 , 33 3 -25 37 -18 -52 , -1 19 -15 -21 42 -19 , 20 15 -19 21 -4 23 , 9 -1 11 5 -17 25 , 39 36 -36 0 7 -29 , 0.0057575580224065856 , 1
0.5239965545215303 , -4 25 -3 -37 -27 -21 , 5 -23 23 0 -16 7 , -4 23 -20 -19 42 -21 , 37 -13 13 0 9 22 , 33 3 -25 37 -18 -52 , -17 25 -9 -16 14 -5 , -1 9 -25 16 4 -11 , 15 20 -23 19 -1 19 , 39 36 -36 0 7 -29 , 0.0057575580224066662 , 2
0.5239965545215303 , -4 25 -3 -37 -27 -21 , 5 -23 23 0 -16 7 , 4 -23 20 19 -42 21 , 37 -13 13 0 9 22 , 33 3 -25 37 -18 -52 , 17 -25 9 16 -14 5 , 1 -9 25 -16 -4 11 , -15 -20 23 -19 1 -19 , 39 36 -36 0 7 -29 , 0.0057575580224066662 , 3
0.5239965545215303 , -4 25 -3 -37 -27 -21 , 37 -13 13 0 9 22 , -14 16 4 -25 17 -5 , 5 -23 23 0 -16 7 , 33 3 -25 37 -18 -52 , -42 19 -1 -23 4 -21 , -19 1 -19 23 -20 -15 , 11 -4 -16 25 -9 1 , 39 36 -36 0 7 -29 , 0.005757558022406707 , 4
0.5239965545215303 , -4 25 -3 -37 -27 -21 , 37 -13 13 0 9 22 , 14 -16 -4 25 -17 5 , 5 -23 23 0 -16 7 , 33 3 -25 37 -18 -52 , 42 -19 1 23 -4 21 , 19 -1 19 -23 20 15 , -11 4 16 -25 9 -1 , 39 36 -36 0 7 -29 , 0.005757558022406707 , 5
0.5239965545215303 , -4 25 -3 -37 -27 -21 , 37 -13 13 0 9 22 , -16 -4 11 -17 5 -14 , 5 -23 23 0 -16 7 , 33 3 -25 37 -18 -52 , -19 1 -19 -4 21 -42 , -15 19 -1 4 -23 20 , 1 -11 4 17 -25 9 , 39 36 -36 0 7 -29 , 0.005757558022406746 , 6
0.5239965545215303 , -4 25 -3 -37 -27 -21 , 37 -13 13 0 9 22 , 11 -1 9 -14 16 4 , 5 -23 23 0 -16 7 , 33 3 -25 37 -18 -52 , -19 15 20 -42 19 -1 , 23 -20 -15 42 -21 4 , 25 -9 1 14 -5 17 , 39 36 -36 0 7 -29 , 0.005757558022406746 , 7
0.5239965545215303 , -4 25 -3 -37 -27 -21 , 37 -13 13 0 9 22 , -11 1 -9 14 -16 -4 , 5 -23 23 0 -16 7 , 33 3 -25 37 -18 -52 , 19 -15 -20 42 -19 1 , -23 20 15 -42 21 -4 , -25 9 -1 -14 5 -17 , 39 36 -36 0 7 -29 , 0.005757558022406746 , 8
0.5239965545215303 , -4 25 -3 -37 -27 -21 , 37 -13 13 0 9 22 , 16 4 -11 17 -5 14 , 5 -23 23 0 -16 7 , 33 3 -25 37 -18 -52 , 19 -1 19 4 -21 42 , 15 -19 1 -4 23 -20 , -1 11 -4 -17 25 -9 , 39 36 -36 0 7 -29 , 0.005757558022406746 , 9
0.5239965545215303 , -4 25 -3 -37 -27 -21 , 5 -23 23 0 -16 7 , 23 -20 -15 42 -21 4 , 37 -13 13 0 9 22 , 33 3 -25 37 -18 -52 , 25 -9 1 14 -5 17 , 11 -1 9 -14 16 4 , -19 15 20 -42 19 -1 , 39 36 -36 0 7 -29 , 0.005757558022406746 , 10
0.5239965545215303 , -4 25 -3 -37 -27 -21 , 5 -23 23 0 -16 7 , -23 20 15 -42 21 -4 , 37 -13 13 0 9 22 , 33 3 -25 37 -18 -52 , -25 9 -1 -14 5 -17 , -11 1 -9 14 -16 -4 , 19 -15 -20 42 -19 1 , 39 36 -36 0 7 -29 , 0.005757558022406746 , 11
0.5239965545215303 , -4 25 -3 -37 -27 -21 , 37 -13 13 0 9 22 , 5 -14 16 9 -25 17 , 5 -23 23 0 -16 7 , 33 3 -25 37 -18 -52 , 21 -42 19 20 -23 4 , 1 -19 42 -20 -15 19 , -4 -16 14 -9 1 -11 , 39 36 -36 0 7 -29 , 0.0057575580224067859 , 12
0.5239965545215303 , -4 25 -3 -37 -27 -21 , 37 -13 13 0 9 22 , -5 14 -16 -9 25 -17 , 5 -23 23 0 -16 7 , 33 3 -25 37 -18 -52 , -21 42 -19 -20 23 -4 , -1 19 -42 20 15 -19 , 4 16 -14 9 -1 11 , 39 36 -36 0 7 -29 , 0.0057575580224067859 , 13
0.5239965545215303 , -4 25 -3 -37 -27 -21 , 5 -23 23 0 -16 7 , 21 -4 23 1 -19 42 , 37 -13 13 0 9 22 , 33 3 -25 37 -18 -52 , 5 -17 25 -4 -16 14 , 9 -25 17 4 -11 1 , 20 -23 4 -1 19 -15 , 39 36 -36 0 7 -29 , 0.0057575580224068258 , 14
0.5239965545215303 , -4 25 -3 -37 -27 -21 , 5 -23 23 0 -16 7 , -21 4 -23 -1 19 -42 , 37 -13 13 0 9 22 , 33 3 -25 37 -18 -52 , -5 17 -25 4 16 -14 , -9 25 -17 -4 11 -1 , -20 23 -4 1 -19 15 , 39 36 -36 0 7 -29 , 0.0057575580224068258 , 15
0.5239965545215303 , -4 25 -3 -37 -27 -21 , 5 -23 23 0 -16 7 , -20 -15 19 -21 4 -23 , 37 -13 13 0 9 22 , 33 3 -25 37 -18 -52 , -9 1 -11 -5 17 -25 , -4 11 -1 5 -14 16 , 1 -19 15 21 -42 19 , 39 36 -36 0 7 -29 , 0.0057575580224068267 , 16
0.5239965545215303 , -4 25 -3 -37 -27 -21 , 5 -23 23 0 -16 7 , 20 15 -19 21 -4 23 , 37 -13 13 0 9 22 , 33 3 -25 37 -18 -52 , 9 -1 11 5 -17 25 , 4 -11 1 -5 14 -16 , -1 19 -15 -21 42 -19 , 39 36 -36 0 7 -29 , 0.0057575580224068267 , 17
0.5239965545215303 , -4 25 -3 -37 -27 -21 , 5 -23 23 0 -16 7 , -42 21 -4 -19 1 -19 , 37 -13 13 0 9 22 , 33 3 -25 37 -18 -52 , -14 5 -17 11 -4 -16 , -25 17 -5 -11 1 -9 , -23 4 -21 19 -15 -20 , 39 36 -36 0 7 -29 , 0.0057575580224068657 , 18
0.5239965545215303 , -4 25 -3 -37 -27 -21 , 5 -23 23 0 -16 7 , 1 -19 42 -20 -15 19 , 37 -13 13 0 9 22 , 33 3 -25 37 -18 -52 , -4 -16 14 -9 1 -11 , 5 -14 16 9 -25 17 , 21 -42 19 20 -23 4 , 39 36 -36 0 7 -29 , 0.0057575580224068657 , 19
0.5239965545215303 , -4 25 -3 -37 -27 -21 , 5 -23 23 0 -16 7 , -1 19 -42 20 15 -19 , 37 -13 13 0 9 22 , 33 3 -25 37 -18 -52 , 4 16 -14 9 -1 11 , -5 14 -16 -9 25 -17 , -21 42 -19 -20 23 -4 , 39 36 -36 0 7 -29 , 0.0057575580224068657 , 20
0.5239965545215303 , -4 25 -3 -37 -27 -21 , 5 -23 23 0 -16 7 , 42 -21 4 19 -1 19 , 37 -13 13 0 9 22 , 33 3 -25 37 -18 -52 , 14 -5 17 -11 4 16 , 25 -17 5 11 -1 9 , 23 -4 21 -19 15 20 , 39 36 -36 0 7 -29 , 0.0057575580224068657 , 21
0.5239965545215303 , -4 25 -3 -37 -27 -21 , 5 -23 23 0 -16 7 , -15 19 -1 4 -23 20 , 37 -13 13 0 9 22 , 33 3 -25 37 -18 -52 , 1 -11 4 17 -25 9 , -16 -4 11 -17 5 -14 , -19 1 -19 -4 21 -42 , 39 36 -36 0 7 -29 , 0.0057575580224069056 , 22
0.5239965545215303 , -4 25 -3 -37 -27 -21 , 5 -23 23 0 -16 7 , 15 -19 1 -4 23 -20 , 37 -13 13 0 9 22 , 33 3 -25 37 -18 -52 , -1 11 -4 -17 25 -9 , 16 4 -11 17 -5 14 , 19 -1 19 4 -21 42 , 39 36 -36 0 7 -29 , 0.0057575580224069056 , 23
0.5239965545215303 , -4 25 -3 -37 -27 -21 , 37 -13 13 0 9 22 , -17 5 -14 -1 9 -25 , 5 -23 23 0 -16 7 , 33 3 -25 37 -18 -52 , -4 21 -42 15 20 -23 , -19 42 -21 -15 19 -1 , -16 14 -5 1 -11 4 , 39 36 -36 0 7 -29 , 0.0057575580224069065 , 24
0.5239965545215303 , -4 25 -3 -37 -27 -21 , 37 -13 13 0 9 22 , -9 25 -17 -4 11 -1 , 5 -23 23 0 -16 7 , 33 3 -25 37 -18 -52 , -20 23 -4 1 -19 15 , -21 4 -23 -1 19 -42 , -5 17 -25 4 16 -14 , 39 36 -36 0 7 -29 , 0.0057575580224069065 , 25
0.5239965545215303 , -4 25 -3 -37 -27 -21 , 37 -13 13 0 9 22 , 9 -25 17 4 -11 1 , 5 -23 23 0 -16 7 , 33 3 -25 37 -18 -52 , 20 -23 4 -1 19 -15 , 21 -4 23 1 -19 42 , 5 -17 25 -4 -16 14 , 39 36 -36 0 7 -29 , 0.0057575580224069065 , 26
0.5239965545215303 , -4 25 -3 -37 -27 -21 , 37 -13 13 0 9 22 , 17 -5 14 1 -9 25 , 5 -23 23 0 -16 7 , 33 3 -25 37 -18 -52 , 4 -21 42 -15 -20 23 , 19 -42 21 15 -19 1 , 16 -14 5 -1 11 -4 , 39 36 -36 0 7 -29 , 0.0057575580224069065 , 27
0.5239965545215303 , -4 25 -3 -37 -27 -21 , 37 -13 13 0 9 22 , -1 9 -25 16 4 -11 , 5 -23 23 0 -16 7 , 33 3 -25 37 -18 -52 , 15 20 -23 19 -1 19 , -4 23 -20 -19 42 -21 , -17 25 -9 -16 14 -5 , 39 36 -36 0 7 -29 , 0.0057575580224069455 , 28
0.5239965545215303 , -4 25 -3 -37 -27 -21 , 37 -13 13 0 9 22 , 1 -9 25 -16 -4 11 , 5 -23 23 0 -16 7 , 33 3 -25 37 -18 -52 , -15 -20 23 -19 1 -19 , 4 -23 20 19 -42 21 , 17 -25 9 16 -14 5 , 39 36 -36 0 7 -29 , 0.0057575580224069455 , 29
0.5239965545215303 , -4 25 -3 -37 -27 -21 , 5 -23 23 0 -16 7 , -19 42 -21 -15 19 -1 , 37 -13 13 0 9 22 , 33 3 -25 37 -18 -52 , -16 14 -5 1 -11 4 , -17 5 -14 -1 9 -25 , -4 21 -42 15 20 -23 , 39 36 -36 0 7 -29 , 0.0057575580224069473 , 30
0.5239965545215303 , -4 25 -3 -37 -27 -21 , 5 -23 23 0 -16 7 , 19 -42 21 15 -19 1 , 37 -13 13 0 9 22 , 33 3 -25 37 -18 -52 , 16 -14 5 -1 11 -4 , 17 -5 14 1 -9 25 , 4 -21 42 -15 -20 23 , 39 36 -36 0 7 -29 , 0.0057575580224069473 , 31
0.5239965545215303 , -4 25 -3 -37 -27 -21 , 5 -23 23 0 -16 7 , -19 1 -19 23 -20 -15 , 37 -13 13 0 9 22 , 33 3 -25 37 -18 -52 , 11 -4 -16 25 -9 1 , -14 16 4 -25 17 -5 , -42 19 -1 -23 4 -21 , 39 36 -36 0 7 -29 , 0.0057575580224069863 , 32
0.5239965545215303 , -4 25 -3 -37 -27 -21 , 5 -23 23 0 -16 7 , 19 -1 19 -23 20 15 , 37 -13 13 0 9 22 , 33 3 -25 37 -18 -52 , -11 4 16 -25 9 -1 , 14 -16 -4 25 -17 5 , 42 -19 1 23 -4 21 , 39 36 -36 0 7 -29 , 0.0057575580224069863 , 33
0.5239965545215303 , -4 25 -3 -37 -27 -21 , 37 -13 13 0 9 22 , -25 17 -5 -11 1 -9 , 5 -23 23 0 -16 7 , 33 3 -25 37 -18 -52 , -23 4 -21 19 -15 -20 , -42 21 -4 -19 1 -19 , -14 5 -17 11 -4 -16 , 39 36 -36 0 7 -29 , 0.005757558022407106 , 34
0.5239965545215303 , -4 25 -3 -37 -27 -21 , 37 -13 13 0 9 22 , 25 -17 5 11 -1 9 , 5 -23 23 0 -16 7 , 33 3 -25 37 -18 -52 , 23 -4 21 -19 15 20 , 42 -21 4 19 -1 19 , 14 -5 17 -11 4 16 , 39 36 -36 0 7 -29 , 0.005757558022407106 , 35
0.5239965545215303 , 9 -22 -13 -2 -35 -58 , 16 -30 30 0 -16 14 , -24 1 -7 6 -13 -16 , 26 -6 6 0 9 15 , 11 13 22 2 -45 -13 , 9 -16 15 19 -36 25 , -10 -15 16 -19 10 -20 , -30 7 -1 -6 -9 -14 , 39 36 -36 0 7 -29 , 0.0061254908218969905 , 36
0.5239965545215303 , 9 -22 -13 -2 -35 -58 , 16 -30 30 0 -16 14 , 24 -1 7 -6 13 16 , 26 -6 6 0 9 15 , 11 13 22 2 -45 -13 , -9 16 -15 -19 36 -25 , 10 15 -16 19 -10 20 , 30 -7 1 6 9 14 , 39 36 -36 0 7 -29 , 0.0061254908218969905 , 37
0.5239965545215303 , 9 -22 -13 -2 -35 -58 , 26 -6 6 0 9 15 , -10 20 -10 -25 36 -19 , 16 -30 30 0 -16 14 , 11 13 22 2 -45 -13 , 9 14 -30 16 13 -6 , -7 30 -14 -16 24 -1 , 15 10 -20 25 -9 16 , 39 36 -36 0 7 -29 , 0.006125490821897046 , 38
0.5239965545215303 , 9 -22 -13 -2 -35 -58 , 26 -6 6 0 9 15 , 10 -20 10 25 -36 19 , 16 -30 30 0 -16 14 , 11 13 22 2 -45 -13 , -9 -14 30 -16 -13 6 , 7 -30 14 16 -24 1 , -15 -10 20 -25 9 -16 , 39 36 -36 0 7 -29 , 0.006125490821897046 , 39
0.5239965545215303 , 9 -22 -13 -2 -35 -58 , 16 -30 30 0 -16 14 , -16 24 -1 -9 -6 13 , 26 -6 6 0 9 15 , 11 13 22 2 -45 -13 , 25 -9 16 10 -19 36 , 15 -16 9 -10 20 -10 , -7 1 -24 9 14 -30 , 39 36 -36 0 7 -29 , 0.0061254908218971024 , 40
0.5239965545215303 , 9 -22 -13 -2 -35 -58 , 16 -30 30 0 -16 14 , 16 -24 1 9 6 -13 , 26 -6 6 0 9 15 , 11 13 22 2 -45 -13 , -25 9 -16 -10 19 -36 , -15 16 -9 10 -20 10 , 7 -1 24 -9 -14 30 , 39 36 -36 0 7 -29 , 0.0061254908218971024 , 41
0.5239965545215303 , 9 -22 -13 -2 -35 -58 , 26 -6 6 0 9 15 , -20 10 15 -36 19 -10 , 16 -30 30 0 -16 14 , 11 13 22 2 -45 -13 , -14 30 -7 -13 6 9 , -1 7 -30 13 16 -24 , 16 -15 -10 36 -25 9 , 39 36 -36 0 7 -29 , 0.0061254908218971562 , 42
0.5239965545215303 , 9 -22 -13 -2 -35 -58 , 26 -6 6 0 9 15 , 20 -10 -15 36 -19 10 , 16 -30 30 0 -16 14 , 11 13 22 2 -45 -13 , 14 -30 7 13 -6 -9 , 1 -7 30 -13 -16 24 , -16 15 10 -36 25 -9 , 39 36 -36 0 7 -29 , 0.0061254908218971562 , 43
0.5239965545215303 , 9 -22 -13 -2 -35 -58 , 26 -6 6 0 9 15 , 19 -10 20 9 -25 36 , 16 -30 30 0 -16 14 , 11 13 22 2 -45 -13 , 6 9 14 -24 16 13 , 30 -14 -9 24 -1 7 , 10 -20 10 -9 16 -15 , 39 36 -36 0 7 -29 , 0.0061254908218971605 , 44
0.5239965545215303 , 9 -22 -13 -2 -35 -58 , 26 -6 6 0 9 15 , -19 10 -20 -9 25 -36 , 16 -30 30 0 -16 14 , 11 13 22 2 -45 -13 , -6 -9 -14 24 -16 -13 , -30 14 9 -24 1 -7 , -10 20 -10 9 -16 15 , 39 36 -36 0 7 -29 , 0.0061254908218971605 , 45
0.5239965545215303 , 9 -22 -13 -2 -35 -58 , 26 -6 6 0 9 15 , -25 36 -19 -15 16 -9 , 16 -30 30 0 -16 14 , 11 13 22 2 -45 -13 , 16 13 -6 7 -1 24 , 9 6 -13 -7 30 -14 , -10 19 -36 15 10 -20 , 39 36 -36 0 7 -29 , 0.0061254908218972524 , 46
0.5239965545215303 , 9 -22 -13 -2 -35 -58 , 26 -6 6 0 9 15 , 25 -36 19 15 -16 9 , 16 -30 30 0 -16 14 , 11 13 22 2 -45 -13 , -16 -13 6 -7 1 -24 , -9 -6 13 7 -30 14 , 10 -19 36 -15 -10 20 , 39 36 -36 0 7 -29 , 0.0061254908218972524 , 47
0.5239965545215303 , 9 -22 -13 -2 -35 -58 , 16 -30 30 0 -16 14 , -13 -16 24 -14 -9 -6 , 26 -6 6 0 9 15 , 11 13 22 2 -45 -13 , -36 25 -9 -20 10 -19 , -16 9 -25 20 -10 -15 , 1 -24 16 14 -30 7 , 39 36 -36 0 7 -29 , 0.0061254908218972767 , 48
0.5239965545215303 , 9 -22 -13 -2 -35 -58 , 16 -30 30 0 -16 14 , 13 16 -24 14 9 6 , 26 -6 6 0 9 15 , 11 13 22 2 -45 -13 , 36 -25 9 20 -10 19 , 16 -9 25 -20 10 15 , -1 24 -16 -14 30 -7 , 39 36 -36 0 7 -29 , 0.0061254908218972767 , 49
0.5239965545215303 , 9 -22 -13 -2 -35 -58 , 26 -6 6 0 9 15 , -36 19 -10 -16 9 -25 , 16 -30 30 0 -16 14 , 11 13 22 2 -45 -13 , -13 6 9 1 -24 16 , -14 -9 -6 -1 7 -30 , -20 10 -19 16 -15 -10 , 39 36 -36 0 7 -29 , 0.0061254908218972915 , 50
0.5239965545215303 , 9 -22 -13 -2 -35 -58 , 26 -6 6 0 9 15 , 36 -19 10 16 -9 25 , 16 -30 30 0 -16 14 , 11 13 22 2 -45 -13 , 13 -6 -9 -1 24 -16 , 14 9 6 1 -7 30 , 20 -10 19 -16 15 10 , 39 36 -36 0 7 -29 , 0.0061254908218972915 , 51
0.5239965545215303 , 9 -22 -13 -2 -35 -58 , 16 -30 30 0 -16 14 , 6 -13 -16 30 -14 -9 , 26 -6 6 0 9 15 , 11 13 22 2 -45 -13 , 19 -36 25 10 -20 10 , 9 -25 36 -10 -15 16 , -24 16 13 -30 7 -1 , 39 36 -36 0 7 -29 , 0.0061254908218973192 , 52
0.5239965545215303 , 9 -22 -13 -2 -35 -58 , 16 -30 30 0 -16 14 , -6 13 16 -30 14 9 , 26 -6 6 0 9 15 , 11 13 22 2 -45 -13 , -19 36 -25 -10 20 -10 , -9 25 -36 10 15 -16 , 24 -16 -13 30 -7 1 , 39 36 -36 0 7 -29 , 0.0061254908218973192 , 53
0.5239965545215303 , 9 -22 -13 -2 -35 -58 , 16 -30 30 0 -16 14 , 1 -7 30 -13 -16 24 , 26 -6 6 0 9 15 , 11 13 22 2 -45 -13 , -16 15 10 -36 25 -9 , 20 -10 -15 36 -19 10 , 14 -30 7 13 -6 -9 , 39 36 -36 0 7 -29 , 0.0061254908218973201 , 54
0.5239965545215303 , 9 -22 -13 -2 -35 -58 , 16 -30 30 0 -16 14 , -1 7 -30 13 16 -24 , 26 -6 6 0 9 15 , 11 13 22 2 -45 -13 , 16 -15 -10 36 -25 9 , -20 10 15 -36 19 -10 , -14 30 -7 -13 6 9 , 39 36 -36 0 7 -29 , 0.0061254908218973201 , 55
0.5239965545215303 , 9 -22 -13 -2 -35 -58 , 26 -6 6 0 9 15 , 10 15 -16 19 -10 20 , 16 -30 30 0 -16 14 , 11 13 22 2 -45 -13 , 30 -7 1 6 9 14 , 24 -1 7 -6 13 16 , -9 16 -15 -19 36 -25 , 39 36 -36 0 7 -29 , 0.0061254908218973348 , 56
0.5239965545215303 , 9 -22 -13 -2 -35 -58 , 26 -6 6 0 9 15 , -10 -15 16 -19 10 -20 , 16 -30 30 0 -16 14 , 11 13 22 2 -45 -13 , -30 7 -1 -6 -9 -14 , -24 1 -7 6 -13 -16 , 9 -16 15 19 -36 25 , 39 36 -36 0 7 -29 , 0.0061254908218973348 , 57
0.5239965545215303 , 9 -22 -13 -2 -35 -58 , 26 -6 6 0 9 15 , -15 16 -9 10 -20 10 , 16 -30 30 0 -16 14 , 11 13 22 2 -45 -13 , 7 -1 24 -9 -14 30 , 16 -24 1 9 6 -13 , -25 9 -16 -10 19 -36 , 39 36 -36 0 7 -29 , 0.0061254908218974155 , 58
0.5239965545215303 , 9 -22 -13 -2 -35 -58 , 26 -6 6 0 9 15 , 15 -16 9 -10 20 -10 , 16 -30 30 0 -16 14 , 11 13 22 2 -45 -13 , -7 1 -24 9 14 -30 , -16 24 -1 -9 -6 13 , 25 -9 16 10 -19 36 , 39 36 -36 0 7 -29 , 0.0061254908218974155 , 59
0.5239965545215303 , 9 -22 -13 -2 -35 -58 , 16 -30 30 0 -16 14 , -30 14 9 -24 1 -7 , 26 -6 6 0 9 15 , 11 13 22 2 -45 -13 , -10 20 -10 9 -16 15 , -19 10 -20 -9 25 -36 , -6 -9 -14 24 -16 -13 , 39 36 -36 0 7 -29 , 0.0061254908218974623 , 60
0.5239965545215303 , 9 -22 -13 -2 -35 -58 , 16 -30 30 0 -16 14 , 30 -14 -9 24 -1 7 , 26 -6 6 0 9 15 , 11 13 22 2 -45 -13 , 10 -20 10 -9 16 -15 , 19 -10 20 9 -25 36 , 6 9 14 -24 16 13 , 39 36 -36 0 7 -29 , 0.0061254908218974623 , 61
0.5239965545215303 , 9 -22 -13 -2 -35 -58 , 16 -30 30 0 -16 14 , -7 30 -14 -16 24 -1 , 26 -6 6 0 9 15 , 11 13 22 2 -45 -13 , 15 10 -20 25 -9 16 , -10 20 -10 -25 36 -19 , 9 14 -30 16 13 -6 , 39 36 -36 0 7 -29 , 0.0061254908218975404 , 62
0.5239965545215303 , 9 -22 -13 -2 -35 -58 , 16 -30 30 0 -16 14 , 7 -30 14 16 -24 1 , 26 -6 6 0 9 15 , 11 13 22 2 -45 -13 , -15 -10 20 -25 9 -16 , 10 -20 10 25 -36 19 , -9 -14 30 -16 -13 6 , 39 36 -36 0 7 -29 , 0.0061254908218975404 , 63
0.5239965545215303 , 9 -22 -13 -2 -35 -58 , 16 -30 30 0 -16 14 , -9 -6 13 7 -30 14 , 26 -6 6 0 9 15 , 11 13 22 2 -45 -13 , 10 -19 36 -15 -10 20 , 25 -36 19 15 -16 9 , -16 -13 6 -7 1 -24 , 39 36 -36 0 7 -29 , 0.0061254908218975482 , 64
0.5239965545215303 , 9 -22 -13 -2 -35 -58 , 16 -30 30 0 -16 14 , 9 6 -13 -7 30 -14 , 26 -6 6 0 9 15 , 11 13 22 2 -45 -13 , -10 19 -36 15 10 -20 , -25 36 -19 -15 16 -9 , 16 13 -6 7 -1 24 , 39 36 -36 0 7 -29 , 0.0061254908218975482 , 65
0.5239965545215303 , 9 -22 -13 -2 -35 -58 , 26 -6 6 0 9 15 , -16 9 -25 20 -10 -15 , 16 -30 30 0 -16 14 , 11 13 22 2 -45 -13 , 1 -24 16 14 -30 7 , -13 -16 24 -14 -9 -6 , -36 25 -9 -20 10 -19 , 39 36 -36 0 7 -29 , 0.0061254908218975898 , 66
0.5239965545215303 , 9 -22 -13 -2 -35 -58 , 26 -6 6 0 9 15 , 16 -9 25 -20 10 15 , 16 -30 30 0 -16 14 , 11 13 22 2 -45 -13 , -1 24 -16 -14 30 -7 , 13 16 -24 14 9 6 , 36 -25 9 20 -10 19 , 39 36 -36 0 7 -29 , 0.0061254908218975898 , 67
0.5239965545215303 , 9 -22 -13 -2 -35 -58 , 26 -6 6 0 9 15 , 9 -25 36 -10 -15 16 , 16 -30 30 0 -16 14 , 11 13 22 2 -45 -13 , -24 16 13 -30 7 -1 , 6 -13 -16 30 -14 -9 , 19 -36 25 10 -20 10 , 39 36 -36 0 7 -29 , 0.0061254908218975977 , 68
0.5239965545215303 , 9 -22 -13 -2 -35 -58 , 26 -6 6 0 9 15 , -9 25 -36 10 15 -16 , 16 -30 30 0 -16 14 , 11 13 22 2 -45 -13 , 24 -16 -13 30 -7 1 , -6 13 16 -30 14 9 , -19 36 -25 -10 20 -10 , 39 36 -36 0 7 -29 , 0.0061254908218975977 , 69
0.5239965545215303 , 9 -22 -13 -2 -35 -58 , 16 -30 30 0 -16 14 , -14 -9 -6 -1 7 -30 , 26 -6 6 0 9 15 , 11 13 22 2 -45 -13 , -20 10 -19 16 -15 -10 , -36 19 -10 -16 9 -25 , -13 6 9 1 -24 16 , 39 36 -36 0 7 -29 , 0.006125490821897687 , 70
0.5239965545215303 , 9 -22 -13 -2 -35 -58 , 16 -30 30 0 -16 14 , 14 9 6 1 -7 30 , 26 -6 6 0 9 15 , 11 13 22 2 -45 -13 , 20 -10 19 -16 15 10 , 36 -19 10 16 -9 25 , 13 -6 -9 -1 24 -16 , 39 36 -36 0 7 -29 , 0.006125490821897687 , 71
0.5239965545215303 , 43 -16 -36 24 -29 -41 , 7 -29 29 0 -20 9 , 14 -37 16 11 -11 -7 , 35 -7 7 0 13 20 , 19 36 16 -24 -5 -13 , 1 -2 4 15 -27 19 , -14 -4 2 -15 15 -25 , 3 -16 37 -11 -23 26 , 39 36 -36 0 7 -29 , 0.0061349204244793756 , 72
0.5239965545215303 , 43 -16 -36 24 -29 -41 , 7 -29 29 0 -20 9 , -14 37 -16 -11 11 7 , 35 -7 7 0 13 20 , 19 36 16 -24 -5 -13 , -1 2 -4 -15 27 -19 , 14 4 -2 15 -15 25 , -3 16 -37 11 23 -26 , 39 36 -36 0 7 -29 , 0.0061349204244793756 , 73
0.5239965545215303 , 43 -16 -36 24 -29 -41 , 35 -7 7 0 13 20 , -19 27 -15 -4 2 -1 , 7 -29 29 0 -20 9 , 19 36 16 -24 -5 -13 , 7 11 -11 -16 37 -14 , 23 11 -11 16 -3 26 , -15 15 -27 4 14 -25 , 39 36 -36 0 7 -29 , 0.0061349204244794597 , 74
0.5239965545215303 , 43 -16 -36 24 -29 -41 , 35 -7 7 0 13 20 , 19 -27 15 4 -2 1 , 7 -29 29 0 -20 9 , 19 36 16 -24 -5 -13 , -7 -11 11 16 -37 14 , -23 -11 11 -16 3 -26 , 15 -15 27 -4 -14 25 , 39 36 -36 0 7 -29 , 0.0061349204244794597 , 75
0.5239965545215303 , 43 -16 -36 24 -29 -41 , 35 -7 7 0 13 20 , 1 -19 27 -14 -4 2 , 7 -29 29 0 -20 9 , 19 36 16 -24 -5 -13 , 14 7 11 3 -16 37 , 11 -11 -7 -3 26 -23 , 15 -27 19 14 -25 15 , 39 36 -36 0 7 -29 , 0.0061349204244794979 , 76
0.5239965545215303 , 43 -16 -36 24 -29 -41 , 35 -7 7 0 13 20 , -1 19 -27 14 4 -2 , 7 -29 29 0 -20 9 , 19 36 16 -24 -5 -13 , -14 -7 -11 -3 16 -37 , -11 11 7 3 -26 23 , -15 27 -19 -14 25 -15 , 39 36 -36 0 7 -29 , 0.0061349204244794979 , 77
0.5239965545215303 , 43 -16 -36 24 -29 -41 , 7 -29 29 0 -20 9 , -37 16 -3 -11 -7 -14 , 35 -7 7 0 13 20 , 19 36 16 -24 -5 -13 , -2 4 14 -27 19 -1 , 25 -14 -4 27 -15 15 , -26 3 -16 11 -11 -23 , 39 36 -36 0 7 -29 , 0.0061349204244795126 , 78
0.5239965545215303 , 43 -16 -36 24 -29 -41 , 7 -29 29 0 -20 9 , 37 -16 3 11 7 14 , 35 -7 7 0 13 20 , 19 36 16 -24 -5 -13 , 2 -4 -14 27 -19 1 , -25 14 4 -27 15 -15 , 26 -3 16 -11 11 23 , 39 36 -36 0 7 -29 , 0.0061349204244795126 , 79
0.5239965545215303 , 43 -16 -36 24 -29 -41 , 7 -29 29 0 -20 9 , -7 -14 37 -23 -11 11 , 35 -7 7 0 13 20 , 19 36 16 -24 -5 -13 , 19 -1 2 15 -15 27 , 4 -2 1 -15 25 -14 , 16 -37 14 23 -26 3 , 39 36 -36 0 7 -29 , 0.0061349204244795152 , 80
0.5239965545215303 , 43 -16 -36 24 -29 -41 , 7 -29 29 0 -20 9 , 7 14 -37 23 11 -11 , 35 -7 7 0 13 20 , 19 36 16 -24 -5 -13 , -19 1 -2 -15 15 -27 , -4 2 -1 15 -25 14 , -16 37 -14 -23 26 -3 , 39 36 -36 0 7 -29 , 0.0061349204244795152 , 81
0.5239965545215303 , 43 -16 -36 24 -29 -41 , 35 -7 7 0 13 20 , -15 25 -14 -19 27 -15 , 7 -29 29 0 -20 9 , 19 36 16 -24 -5 -13 , 23 -26 3 7 11 -11 , 16 -3 26 -7 -14 37 , 4 14 -25 19 -1 2 , 39 36 -36 0 7 -29 , 0.0061349204244795248 , 82
0.5239965545215303 , 43 -16 -36 24 -29 -41 , 35 -7 7 0 13 20 , 15 -25 14 19 -27 15 , 7 -29 29 0 -20 9 , 19 36 16 -24 -5 -13 , -23 26 -3 -7 -11 11 , -16 3 -26 7 14 -37 , -4 -14 25 -19 1 -2 , 39 36 -36 0 7 -29 , 0.0061349204244795248 , 83
0.5239965545215303 , 43 -16 -36 24 -29 -41 , 7 -29 29 0 -20 9 , 16 -3 26 -7 -14 37 , 35 -7 7 0 13 20 , 19 36 16 -24 -5 -13 , 4 14 -25 19 -1 2 , -15 25 -14 -19 27 -15 , 23 -26 3 7 11 -11 , 39 36 -36 0 7 -29 , 0.0061349204244795525 , 84
0.5239965545215303 , 43 -16 -36 24 -29 -41 , 7 -29 29 0 -20 9 , -16 3 -26 7 14 -37 , 35 -7 7 0 13 20 , 19 36 16 -24 -5 -13 , -4 -14 25 -19 1 -2 , 15 -25 14 19 -27 15 , -23 26 -3 -7 -11 11 , 39 36 -36 0 7 -29 , 0.0061349204244795525 , 85
0.5239965545215303 , 43 -16 -36 24 -29 -41 , 35 -7 7 0 13 20 , -27 15 -15 -2 1 -19 , 7 -29 29 0 -20 9 , 19 36 16 -24 -5 -13 , -11 11 23 -37 14 7 , 26 -23 -11 37 -16 3 , -25 15 -15 2 -4 -14 , 39 36 -36 0 7 -29 , 0.0061349204244795646 , 86
0.5239965545215303 , 43 -16 -36 24 -29 -41 , 35 -7 7 0 13 20 , 27 -15 15 2 -1 19 , 7 -29 29 0 -20 9 , 19 36 16 -24 -5 -13 , 11 -11 -23 37 -14 -7 , -26 23 11 -37 16 -3 , 25 -15 15 -2 4 14 , 39 36 -36 0 7 -29 , 0.0061349204244795646 , 87
0.5239965545215303 , 43 -16 -36 24 -29 -41 , 35 -7 7 0 13 20 , 15 -15 25 1 -19 27 , 7 -29 29 0 -20 9 , 19 36 16 -24 -5 -13 , 11 23 -26 14 7 11 , -3 26 -23 -14 37 -16 , 14 -25 15 -1 2 -4 , 39 36 -36 0 7 -29 , 0.006134920424479582 , 88
0.5239965545215303 , 43 -16 -36 24 -29 -41 , 35 -7 7 0 13 20 , -15 15 -25 -1 19 -27 , 7 -29 29 0 -20 9 , 19 36 16 -24 -5 -13 , -11 -23 26 -14 -7 -11 , 3 -26 23 14 -37 16 , -14 25 -15 1 -2 4 , 39 36 -36 0 7 -29 , 0.006134920424479582 , 89
0.5239965545215303 , 43 -16 -36 24 -29 -41 , 7 -29 29 0 -20 9 , -11 -7 -14 26 -23 -11 , 35 -7 7 0 13 20 , 19 36 16 -24 -5 -13 , -27 19 -1 -25 15 -15 , -2 1 -19 25 -14 -4 , -37 14 7 -26 3 -16 , 39 36 -36 0 7 -29 , 0.0061349204244795967 , 90
0.5239965545215303 , 43 -16 -36 24 -29 -41 , 7 -29 29 0 -20 9 , 11 7 14 -26 23 11 , 35 -7 7 0 13 20 , 19 36 16 -24 -5 -13 , 27 -19 1 25 -15 15 , 2 -1 19 -25 14 4 , 37 -14 -7 26 -3 16 , 39 36 -36 0 7 -29 , 0.0061349204244795967 , 91
0.5239965545215303 , 43 -16 -36 24 -29 -41 , 7 -29 29 0 -20 9 , -11 11 7 3 -26 23 , 35 -7 7 0 13 20 , 19 36 16 -24 -5 -13 , -15 27 -19 -14 25 -15 , -1 19 -27 14 4 -2 , -14 -7 -11 -3 16 -37 , 39 36 -36 0 7 -29 , 0.0061349204244796254 , 92
0.5239965545215303 , 43 -16 -36 24 -29 -41 , 7 -29 29 0 -20 9 , 11 -11 -7 -3 26 -23 , 35 -7 7 0 13 20 , 19 36 16 -24 -5 -13 , 15 -27 19 14 -25 15 , 1 -19 27 -14 -4 2 , 14 7 11 3 -16 37 , 39 36 -36 0 7 -29 , 0.0061349204244796254 , 93
0.5239965545215303 , 43 -16 -36 24 -29 -41 , 35 -7 7 0 13 20 , -4 2 -1 15 -25 14 , 7 -29 29 0 -20 9 , 19 36 16 -24 -5 -13 , -16 37 -14 -23 26 -3 , 7 14 -37 23 11 -11 , -19 1 -2 -15 15 -27 , 39 36 -36 0 7 -29 , 0.0061349204244796601 , 94
0.5239965545215303 , 43 -16 -36 24 -29 -41 , 35 -7 7 0 13 20 , 4 -2 1 -15 25 -14 , 7 -29 29 0 -20 9 , 19 36 16 -24 -5 -13 , 16 -37 14 23 -26 3 , -7 -14 37 -23 -11 11 , 19 -1 2 15 -15 27 , 39 36 -36 0 7 -29 , 0.0061349204244796601 , 95
0.5239965545215303 , 43 -16 -36 24 -29 -41 , 7 -29 29 0 -20 9 , 3 -26 23 14 -37 16 , 35 -7 7 0 13 20 , 19 36 16 -24 -5 -13 , -14 25 -15 1 -2 4 , -15 15 -25 -1 19 -27 , -11 -23 26 -14 -7 -11 , 39 36 -36 0 7 -29 , 0.0061349204244796618 , 96
0.5239965545215303 , 43 -16 -36 24 -29 -41 , 7 -29 29 0 -20 9 , -3 26 -23 -14 37 -16 , 35 -7 7 0 13 20 , 19 36 16 -24 -5 -13 , 14 -25 15 -1 2 -4 , 15 -15 25 1 -19 27 , 11 23 -26 14 7 11 , 39 36 -36 0 7 -29 , 0.0061349204244796618 , 97
0.5239965545215303 , 43 -16 -36 24 -29 -41 , 35 -7 7 0 13 20 , -14 -4 2 -15 15 -25 , 7 -29 29 0 -20 9 , 19 36 16 -24 -5 -13 , 3 -16 37 -11 -23 26 , 14 -37 16 11 -11 -7 , 1 -2 4 15 -27 19 , 39 36 -36 0 7 -29 , 0.0061349204244796948 , 98
0.5239965545215303 , 43 -16 -36 24 -29 -41 , 35 -7 7 0 13 20 , 14 4 -2 15 -15 25 , 7 -29 29 0 -20 9 , 19 36 16 -24 -5 -13 , -3 16 -37 11 23 -26 , -14 37 -16 -11 11 7 , -1 2 -4 -15 27 -19 , 39 36 -36 0 7 -29 , 0.0061349204244796948 , 99
0.6535844530838301 , 20 34 -22 -37 0 -17 , 14 -19 19 0 -8 11 , 30 0 -7 22 -8 27 , 28 -17 17 0 1 18 , 57 22 -34 37 5 -34 , 5 -18 29 -4 -21 19 , 9 -29 18 4 -10 -3 , 8 7 0 -22 34 -8 , 39 36 -36 0 7 -29 , 0.0051706066852320546 , 0
0.6535844530838301 , 20 34 -22 -37 0 -17 , 14 -19 19 0 -8 11 , -30 0 7 -22 8 -27 , 28 -17 17 0 1 18 , 57 22 -34 37 5 -34 , -5 18 -29 4 21 -19 , -9 29 -18 -4 10 3 , -8 -7 0 22 -34 8 , 39 36 -36 0 7 -29 , 0.0051706066852320546 , 1
0.6535844530838301 , 20 34 -22 -37 0 -17 , 14 -19 19 0 -8 11 , 8 -34 22 0 -7 -8 , 28 -17 17 0 1 18 , 57 22 -34 37 5 -34 , 3 10 -4 -18 29 -9 , 21 4 -10 18 -5 19 , 8 -22 34 0 -30 27 , 39 36 -36 0 7 -29 , 0.0051706066852320693 , 2
0.6535844530838301 , 20 34 -22 -37 0 -17 , 14 -19 19 0 -8 11 , -8 34 -22 0 7 8 , 28 -17 17 0 1 18 , 57 22 -34 37 5 -34 , -3 -10 4 18 -29 9 , -21 -4 10 -18 5 -19 , -8 22 -34 0 30 -27 , 39 36 -36 0 7 -29 , 0.0051706066852320693 , 3
0.6535844530838301 , 20 34 -22 -37 0 -17 , 14 -19 19 0 -8 11 , 0 7 8 8 -27 30 , 28 -17 17 0 1 18 , 57 22 -34 37 5 -34 , 18 -29 9 21 -19 5 , -3 -9 29 -21 -4 10 , -8 -8 -7 -8 22 -34 , 39 36 -36 0 7 -29 , 0.0051706066852320711 , 4
0.6535844530838301 , 20 34 -22 -37 0 -17 , 14 -19 19 0 -8 11 , 0 -7 -8 -8 27 -30 , 28 -17 17 0 1 18 , 57 22 -34 37 5 -34 , -18 29 -9 -21 19 -5 , 3 9 -29 21 4 -10 , 8 8 7 8 -22 34 , 39 36 -36 0 7 -29 , 0.0051706066852320711 , 5
0.6535844530838301 , 20 34 -22 -37 0 -17 , 28 -17 17 0 1 18 , -19 21 4 -29 18 -5 , 14 -19 19 0 -8 11 , 57 22 -34 37 5 -34 , -27 8 -22 7 0 -30 , -34 22 -8 -7 -8 -8 , 10 -4 -21 29 -9 -3 , 39 36 -36 0 7 -29 , 0.0051706066852320876 , 6
0.6535844530838301 , 20 34 -22 -37 0 -17 , 28 -17 17 0 1 18 , 19 -21 -4 29 -18 5 , 14 -19 19 0 -8 11 , 57 22 -34 37 5 -34 , 27 -8 22 -7 0 30 , 34 -22 8 7 8 8 , -10 4 21 -29 9 3 , 39 36 -36 0 7 -29 , 0.0051706066852320876 , 7
0.6535844530838301 , 20 34 -22 -37 0 -17 , 28 -17 17 0 1 18 , -18 5 -19 3 9 -29 , 14 -19 19 0 -8 11 , 57 22 -34 37 5 -34 , 0 30 -27 8 8 7 , -8 27 -30 -8 34 -22 , -21 19 -5 -3 -10 4 , 39 36 -36 0 7 -29 , 0.0051706066852320902 , 8
0.6535844530838301 , 20 34 -22 -37 0 -17 , 28 -17 17 0 1 18 , 18 -5 19 -3 -9 29 , 14 -19 19 0 -8 11 , 57 22 -34 37 5 -34 , 0 -30 27 -8 -8 -7 , 8 -27 30 8 -34 22 , 21 -19 5 3 10 -4 , 39 36 -36 0 7 -29 , 0.0051706066852320902 , 9
0.6535844530838301 , 20 34 -22 -37 0 -17 , 28 -17 17 0 1 18 , 5 -19 21 9 -29 18 , 14 -19 19 0 -8 11 , 57 22 -34 37 5 -34 , 30 -27 8 8 7 0 , 22 -8 27 -8 -8 34 , -4 -21 19 -9 -3 -10 , 39 36 -36 0 7 -29 , 0.0051706066852320988 , 10
0.6535844530838301 , 20 34 -22 -37 0 -17 , 28 -17 17 0 1 18 , -5 19 -21 -9 29 -18 , 14 -19 19 0 -8 11 , 57 22 -34 37 5 -34 , -30 27 -8 -8 -7 0 , -22 8 -27 8 8 -34 , 4 21 -19 9 3 10 , 39 36 -36 0 7 -29 , 0.0051706066852320988 , 11
0.6535844530838301 , 20 34 -22 -37 0 -17 , 14 -19 19 0 -8 11 , 8 8 -34 30 0 -7 , 28 -17 17 0 1 18 , 57 22 -34 37 5 -34 , 9 3 10 5 -18 29 , 4 -10 -3 -5 19 -21 , -22 34 -8 -30 27 -8 , 39 36 -36 0 7 -29 , 0.005170606685232104 , 12
0.6535844530838301 , 20 34 -22 -37 0 -17 , 14 -19 19 0 -8 11 , -8 -8 34 -30 0 7 , 28 -17 17 0 1 18 , 57 22 -34 37 5 -34 , -9 -3 -10 -5 18 -29 , -4 10 3 5 -19 21 , 22 -34 8 30 -27 8 , 39 36 -36 0 7 -29 , 0.005170606685232104 , 13
0.6535844530838301 , 20 34 -22 -37 0 -17 , 14 -19 19 0 -8 11 , -7 -8 -8 27 -30 0 , 28 -17 17 0 1 18 , 57 22 -34 37 5 -34 , 29 -9 -3 19 -5 18 , 10 3 9 -19 21 4 , -34 8 8 -27 8 -22 , 39 36 -36 0 7 -29 , 0.0051706066852321283 , 14
0.6535844530838301 , 20 34 -22 -37 0 -17 , 14 -19 19 0 -8 11 , 7 8 8 -27 30 0 , 28 -17 17 0 1 18 , 57 22 -34 37 5 -34 , -29 9 3 -19 5 -18 , -10 -3 -9 19 -21 -4 , 34 -8 -8 27 -8 22 , 39 36 -36 0 7 -29 , 0.0051706066852321283 , 15
0.6535844530838301 , 20 34 -22 -37 0 -17 , 28 -17 17 0 1 18 , -29 18 -5 -10 -3 -9 , 14 -19 19 0 -8 11 , 57 22 -34 37 5 -34 , 7 0 -30 34 -8 -8 , -27 30 0 -34 22 -8 , -19 5 -18 10 -4 -21 , 39 36 -36 0 7 -29 , 0.0051706066852321396 , 16
0.6535844530838301 , 20 34 -22 -37 0 -17 , 28 -17 17 0 1 18 , 29 -18 5 10 3 9 , 14 -19 19 0 -8 11 , 57 22 -34 37 5 -34 , -7 0 30 -34 8 8 , 27 -30 0 34 -22 8 , 19 -5 18 -10 4 21 , 39 36 -36 0 7 -29 , 0.0051706066852321396 , 17
0.6535844530838301 , 20 34 -22 -37 0 -17 , 28 -17 17 0 1 18 , -21 -4 10 -18 5 -19 , 14 -19 19 0 -8 11 , 57 22 -34 37 5 -34 , -8 22 -34 0 30 -27 , -8 34 -22 0 7 8 , -3 -10 4 18 -29 9 , 39 36 -36 0 7 -29 , 0.0051706066852321543 , 18
0.6535844530838301 , 20 34 -22 -37 0 -17 , 28 -17 17 0 1 18 , 21 4 -10 18 -5 19 , 14 -19 19 0 -8 11 , 57 22 -34 37 5 -34 , 8 -22 34 0 -30 27 , 8 -34 22 0 -7 -8 , 3 10 -4 -18 29 -9 , 39 36 -36 0 7 -29 , 0.0051706066852321543 , 19
0.6535844530838301 , 20 34 -22 -37 0 -17 , 28 -17 17 0 1 18 , 10 3 9 -19 21 4 , 14 -19 19 0 -8 11 , 57 22 -34 37 5 -34 , -34 8 8 -27 8 -22 , -7 -8 -8 27 -30 0 , 29 -9 -3 19 -5 18 , 39 36 -36 0 7 -29 , 0.005170606685232163 , 20
0.6535844530838301 , 20 34 -22 -37 0 -17 , 28 -17 17 0 1 18 , -10 -3 -9 19 -21 -4 , 14 -19 19 0 -8 11 , 57 22 -34 37 5 -34 , 34 -8 -8 27 -8 22 , 7 8 8 -27 30 0 , -29 9 3 -19 5 -18 , 39 36 -36 0 7 -29 , 0.005170606685232163 , 21
0.6535844530838301 , 20 34 -22 -37 0 -17 , 28 -17 17 0 1 18 , 3 9 -29 21 4 -10 , 14 -19 19 0 -8 11 , 57 22 -34 37 5 -34 , 8 8 7 8 -22 34 , 0 -7 -8 -8 27 -30 , -18 29 -9 -21 19 -5 , 39 36 -36 0 7 -29 , 0.0051706066852321743 , 22
0.6535844530838301 , 20 34 -22 -37 0 -17 , 28 -17 17 0 1 18 , -3 -9 29 -21 -4 10 , 14 -19 19 0 -8 11 , 57 22 -34 37 5 -34 , -8 -8 -7 -8 22 -34 , 0 7 8 8 -27 30 , 18 -29 9 21 -19 5 , 39 36 -36 0 7 -29 , 0.0051706066852321743 , 23
0.6535844530838301 , 20 34 -22 -37 0 -17 , 14 -19 19 0 -8 11 , 22 -8 27 -8 -8 34 , 28 -17 17 0 1 18 , 57 22 -34 37 5 -34 , -4 -21 19 -9 -3 -10 , 5 -19 21 9 -29 18 , 30 -27 8 8 7 0 , 39 36 -36 0 7 -29 , 0.0051706066852321752 , 24
0.6535844530838301 , 20 34 -22 -37 0 -17 , 14 -19 19 0 -8 11 , -22 8 -27 8 8 -34 , 28 -17 17 0 1 18 , 57 22 -34 37 5 -34 , 4 21 -19 9 3 10 , -5 19 -21 -9 29 -18 , -30 27 -8 -8 -7 0 , 39 36 -36 0 7 -29 , 0.0051706066852321752 , 25
0.6535844530838301 , 20 34 -22 -37 0 -17 , 14 -19 19 0 -8 11 , -27 30 0 -34 22 -8 , 28 -17 17 0 1 18 , 57 22 -34 37 5 -34 , -19 5 -18 10 -4 -21 , -29 18 -5 -10 -3 -9 , 7 0 -30 34 -8 -8 , 39 36 -36 0 7 -29 , 0.0051706066852321838 , 26
0.6535844530838301 , 20 34 -22 -37 0 -17 , 14 -19 19 0 -8 11 , 27 -30 0 34 -22 8 , 28 -17 17 0 1 18 , 57 22 -34 37 5 -34 , 19 -5 18 -10 4 21 , 29 -18 5 10 3 9 , -7 0 30 -34 8 8 , 39 36 -36 0 7 -29 , 0.0051706066852321838 , 27
0.6535844530838301 , 20 34 -22 -37 0 -17 , 14 -19 19 0 -8 11 , 8 -27 30 8 -34 22 , 28 -17 17 0 1 18 , 57 22 -34 37 5 -34 , 21 -19 5 3 10 -4 , 18 -5 19 -3 -9 29 , 0 -30 27 -8 -8 -7 , 39 36 -36 0 7 -29 , 0.005170606685232202 , 28
0.6535844530838301 , 20 34 -22 -37 0 -17 , 14 -19 19 0 -8 11 , -8 27 -30 -8 34 -22 , 28 -17 17 0 1 18 , 57 22 -34 37 5 -34 , -21 19 -5 -3 -10 4 , -18 5 -19 3 9 -29 , 0 30 -27 8 8 7 , 39 36 -36 0 7 -29 , 0.005170606685232202 , 29
0.6535844530838301 , 20 34 -22 -37 0 -17 , 14 -19 19 0 -8 11 , -34 22 -8 -7 -8 -8 , 28 -17 17 0 1 18 , 57 22 -34 37 5 -34 , 10 -4 -21 29 -9 -3 , -19 21 4 -29 18 -5 , -27 8 -22 7 0 -30 , 39 36 -36 0 7 -29 , 0.005170606685232209 , 30
0.6535844530838301 , 20 34 -22 -37 0 -17 , 14 -19 19 0 -8 11 , 34 -22 8 7 8 8 , 28 -17 17 0 1 18 , 57 22 -34 37 5 -34 , -10 4 21 -29 9 3 , 19 -21 -4 29 -18 5 , 27 -8 22 -7 0 30 , 39 36 -36 0 7 -29 , 0.005170606685232209 , 31
0.6535844530838301 , 20 34 -22 -37 0 -17 , 28 -17 17 0 1 18 , -4 10 3 5 -19 21 , 14 -19 19 0 -8 11 , 57 22 -34 37 5 -34 , 22 -34 8 30 -27 8 , -8 -8 34 -30 0 7 , -9 -3 -10 -5 18 -29 , 39 36 -36 0 7 -29 , 0.0051706066852322098 , 32
0.6535844530838301 , 20 34 -22 -37 0 -17 , 28 -17 17 0 1 18 , 4 -10 -3 -5 19 -21 , 14 -19 19 0 -8 11 , 57 22 -34 37 5 -34 , -22 34 -8 -30 27 -8 , 8 8 -34 30 0 -7 , 9 3 10 5 -18 29 , 39 36 -36 0 7 -29 , 0.0051706066852322098 , 33
0.6535844530838301 , 20 34 -22 -37 0 -17 , 28 -17 17 0 1 18 , 9 -29 18 4 -10 -3 , 14 -19 19 0 -8 11 , 57 22 -34 37 5 -34 , 8 7 0 -22 34 -8 , 30 0 -7 22 -8 27 , 5 -18 29 -4 -21 19 , 39 36 -36 0 7 -29 , 0.005170606685232333 , 34
0.6535844530838301 , 20 34 -22 -37 0 -17 , 28 -17 17 0 1 18 , -9 29 -18 -4 10 3 , 14 -19 19 0 -8 11 , 57 22 -34 37 5 -34 , -8 -7 0 22 -34 8 , -30 0 7 -22 8 -27 , -5 18 -29 4 21 -19 , 39 36 -36 0 7 -29 , 0.005170606685232333 , 35
0.6535844530838301 , 30 23 -10 -24 -25 5 , 18 -13 13 0 -1 12 , -36 23 -11 -9 -3 -14 , 24 -23 23 0 -6 17 , 54 10 -23 24 15 -48 , 6 -15 -2 0 14 -20 , 6 2 15 0 -18 29 , -27 11 -23 9 -3 -26 , 39 36 -36 0 7 -29 , 0.0053775963584687643 , 36
0.6535844530838301 , 30 23 -10 -24 -25 5 , 18 -13 13 0 -1 12 , 36 -23 11 9 3 14 , 24 -23 23 0 -6 17 , 54 10 -23 24 15 -48 , -6 15 2 0 -14 20 , -6 -2 -15 0 18 -29 , 27 -11 23 -9 3 26 , 39 36 -36 0 7 -29 , 0.0053775963584687643 , 37
0.6535844530838301 , 30 23 -10 -24 -25 5 , 18 -13 13 0 -1 12 , -23 11 -27 3 14 -36 , 24 -23 23 0 -6 17 , 54 10 -23 24 15 -48 , 15 2 6 -14 20 6 , 29 -6 -2 14 0 18 , -26 27 -11 -3 -9 3 , 39 36 -36 0 7 -29 , 0.0053775963584687851 , 38
0.6535844530838301 , 30 23 -10 -24 -25 5 , 18 -13 13 0 -1 12 , 23 -11 27 -3 -14 36 , 24 -23 23 0 -6 17 , 54 10 -23 24 15 -48 , -15 -2 -6 14 -20 -6 , -29 6 2 -14 0 -18 , 26 -27 11 3 9 -3 , 39 36 -36 0 7 -29 , 0.0053775963584687851 , 39
0.6535844530838301 , 30 23 -10 -24 -25 5 , 24 -23 23 0 -6 17 , -20 14 0 -2 -15 6 , 18 -13 13 0 -1 12 , 54 10 -23 24 15 -48 , -14 -3 -9 -11 23 -36 , -3 9 3 11 -27 26 , -18 0 -14 2 6 -29 , 39 36 -36 0 7 -29 , 0.0053775963584688164 , 40
0.6535844530838301 , 30 23 -10 -24 -25 5 , 24 -23 23 0 -6 17 , 20 -14 0 2 15 -6 , 18 -13 13 0 -1 12 , 54 10 -23 24 15 -48 , 14 3 9 11 -23 36 , 3 -9 -3 -11 27 -26 , 18 0 14 -2 -6 29 , 39 36 -36 0 7 -29 , 0.0053775963584688164 , 41
0.6535844530838301 , 30 23 -10 -24 -25 5 , 24 -23 23 0 -6 17 , -14 0 -18 15 -6 -20 , 18 -13 13 0 -1 12 , 54 10 -23 24 15 -48 , 3 9 -3 -23 36 -14 , 26 3 -9 23 -11 27 , -29 18 0 -15 -2 -6 , 39 36 -36 0 7 -29 , 0.005377596358468832 , 42
0.6535844530838301 , 30 23 -10 -24 -25 5 , 24 -23 23 0 -6 17 , 14 0 18 -15 6 20 , 18 -13 13 0 -1 12 , 54 10 -23 24 15 -48 , -3 -9 3 23 -36 14 , -26 -3 9 -23 11 -27 , 29 -18 0 15 2 6 , 39 36 -36 0 7 -29 , 0.005377596358468832 , 43
0.6535844530838301 , 30 23 -10 -24 -25 5 , 18 -13 13 0 -1 12 , 11 -27 26 14 -36 23 , 24 -23 23 0 -6 17 , 54 10 -23 24 15 -48 , 2 6 -29 20 6 -15 , -18 29 -6 -20 14 0 , -3 -26 27 -14 -3 -9 , 39 36 -36 0 7 -29 , 0.0053775963584688563 , 44
0.6535844530838301 , 30 23 -10 -24 -25 5 , 18 -13 13 0 -1 12 , -11 27 -26 -14 36 -23 , 24 -23 23 0 -6 17 , 54 10 -23 24 15 -48 , -2 -6 29 -20 -6 15 , 18 -29 6 20 -14 0 , 3 26 -27 14 3 9 , 39 36 -36 0 7 -29 , 0.0053775963584688563 , 45
0.6535844530838301 , 30 23 -10 -24 -25 5 , 24 -23 23 0 -6 17 , 15 -6 -20 29 -6 -2 , 18 -13 13 0 -1 12 , 54 10 -23 24 15 -48 , -23 36 -14 -26 27 -11 , 3 14 -36 26 3 -9 , -14 20 6 -29 18 0 , 39 36 -36 0 7 -29 , 0.005377596358468871 , 46
0.6535844530838301 , 30 23 -10 -24 -25 5 , 24 -23 23 0 -6 17 , -15 6 20 -29 6 2 , 18 -13 13 0 -1 12 , 54 10 -23 24 15 -48 , 23 -36 14 26 -27 11 , -3 -14 36 -26 -3 9 , 14 -20 -6 29 -18 0 , 39 36 -36 0 7 -29 , 0.005377596358468871 , 47
0.6535844530838301 , 30 23 -10 -24 -25 5 , 18 -13 13 0 -1 12 , -27 26 3 -36 23 -11 , 24 -23 23 0 -6 17 , 54 10 -23 24 15 -48 , 6 -29 18 6 -15 -2 , 0 -18 29 -6 -20 14 , 9 -3 -26 36 -14 -3 , 39 36 -36 0 7 -29 , 0.0053775963584688806 , 48
0.6535844530838301 , 30 23 -10 -24 -25 5 , 18 -13 13 0 -1 12 , 27 -26 -3 36 -23 11 , 24 -23 23 0 -6 17 , 54 10 -23 24 15 -48 , -6 29 -18 -6 15 2 , 0 18 -29 6 20 -14 , -9 3 26 -36 14 3 , 39 36 -36 0 7 -29 , 0.0053775963584688806 , 49
0.6535844530838301 , 30 23 -10 -24 -25 5 , 24 -23 23 0 -6 17 , -18 29 -6 -20 14 0 , 18 -13 13 0 -1 12 , 54 10 -23 24 15 -48 , -3 -26 27 -14 -3 -9 , 11 -27 26 14 -36 23 , 2 6 -29 20 6 -15 , 39 36 -36 0 7 -29 , 0.0053775963584688901 , 50
0.6535844530838301 , 30 23 -10 -24 -25 5 , 24 -23 23 0 -6 17 , 18 -29 6 20 -14 0 , 18 -13 13 0 -1 12 , 54 10 -23 24 15 -48 , 3 26 -27 14 3 9 , -11 27 -26 -14 36 -23 , -2 -6 29 -20 -6 15 , 39 36 -36 0 7 -29 , 0.0053775963584688901 , 51
0.6535844530838301 , 30 23 -10 -24 -25 5 , 24 -23 23 0 -6 17 , 0 -18 29 -6 -20 14 , 18 -13 13 0 -1 12 , 54 10 -23 24 15 -48 , 9 -3 -26 36 -14 -3 , -27 26 3 -36 23 -11 , 6 -29 18 6 -15 -2 , 39 36 -36 0 7 -29 , 0.0053775963584688953 , 52
0.6535844530838301 , 30 23 -10 -24 -25 5 , 24 -23 23 0 -6 17 , 0 18 -29 6 20 -14 , 18 -13 13 0 -1 12 , 54 10 -23 24 15 -48 , -9 3 26 -36 14 3 , 27 -26 -3 36 -23 11 , -6 29 -18 -6 15 2 , 39 36 -36 0 7 -29 , 0.0053775963584688953 , 53
0.6535844530838301 , 30 23 -10 -24 -25 5 , 18 -13 13 0 -1 12 , 3 14 -36 26 3 -9 , 24 -23 23 0 -6 17 , 54 10 -23 24 15 -48 , -14 20 6 -29 18 0 , 15 -6 -20 29 -6 -2 , -23 36 -14 -26 27 -11 , 39 36 -36 0 7 -29 , 0.0053775963584689777 , 54
0.6535844530838301 , 30 23 -10 -24 -25 5 , 18 -13 13 0 -1 12 , -3 -14 36 -26 -3 9 , 24 -23 23 0 -6 17 , 54 10 -23 24 15 -48 , 14 -20 -6 29 -18 0 , -15 6 20 -29 6 2 , 23 -36 14 26 -27 11 , 39 36 -36 0 7 -29 , 0.0053775963584689777 , 55
0.6535844530838301 , 30 23 -10 -24 -25 5 , 18 -13 13 0 -1 12 , -26 -3 9 -23 11 -27 , 24 -23 23 0 -6 17 , 54 10 -23 24 15 -48 , 29 -18 0 15 2 6 , 14 0 18 -15 6 20 , -3 -9 3 23 -36 14 , 39 36 -36 0 7 -29 , 0.0053775963584689812 , 56
0.6535844530838301 , 30 23 -10 -24 -25 5 , 18 -13 13 0 -1 12 , 26 3 -9 23 -11 27 , 24 -23 23 0 -6 17 , 54 10 -23 24 15 -48 , -29 18 0 -15 -2 -6 , -14 0 -18 15 -6 -20 , 3 9 -3 -23 36 -14 , 39 36 -36 0 7 -29 , 0.0053775963584689812 , 57
0.6535844530838301 , 30 23 -10 -24 -25 5 , 24 -23 23 0 -6 17 , 6 2 15 0 -18 29 , 18 -13 13 0 -1 12 , 54 10 -23 24 15 -48 , -27 11 -23 9 -3 -26 , -36 23 -11 -9 -3 -14 , 6 -15 -2 0 14 -20 , 39 36 -36 0 7 -29 , 0.0053775963584689812 , 58
0.6535844530838301 , 30 23 -10 -24 -25 5 , 24 -23 23 0 -6 17 , -6 -2 -15 0 18 -29 , 18 -13 13 0 -1 12 , 54 10 -23 24 15 -48 , 27 -11 23 -9 3 26 , 36 -23 11 9 3 14 , -6 15 2 0 -14 20 , 39 36 -36 0 7 -29 , 0.0053775963584689812 , 59
0.6535844530838301 , 30 23 -10 -24 -25 5 , 24 -23 23 0 -6 17 , -6 -20 14 -6 -2 -15 , 18 -13 13 0 -1 12 , 54 10 -23 24 15 -48 , 36 -14 -3 27 -11 23 , 9 3 14 -27 26 3 , 0 -14 20 6 -29 18 , 39 36 -36 0 7 -29 , 0.0053775963584689829 , 60
0.6535844530838301 , 30 23 -10 -24 -25 5 , 24 -23 23 0 -6 17 , 2 15 -6 -18 29 -6 , 18 -13 13 0 -1 12 , 54 10 -23 24 15 -48 , 11 -23 36 -3 -26 27 , 14 -36 23 3 -9 -3 , 20 6 -15 18 0 14 , 39 36 -36 0 7 -29 , 0.0053775963584689829 , 61
0.6535844530838301 , 30 23 -10 -24 -25 5 , 24 -23 23 0 -6 17 , -2 -15 6 18 -29 6 , 18 -13 13 0 -1 12 , 54 10 -23 24 15 -48 , -11 23 -36 3 26 -27 , -14 36 -23 -3 9 3 , -20 -6 15 -18 0 -14 , 39 36 -36 0 7 -29 , 0.0053775963584689829 , 62
0.6535844530838301 , 30 23 -10 -24 -25 5 , 24 -23 23 0 -6 17 , 6 20 -14 6 2 15 , 18 -13 13 0 -1 12 , 54 10 -23 24 15 -48 , -36 14 3 -27 11 -23 , -9 -3 -14 27 -26 -3 , 0 14 -20 -6 29 -18 , 39 36 -36 0 7 -29 , 0.0053775963584689829 , 63
0.6535844530838301 , 30 23 -10 -24 -25 5 , 18 -13 13 0 -1 12 , 9 3 14 -27 26 3 , 24 -23 23 0 -6 17 , 54 10 -23 24 15 -48 , 0 -14 20 6 -29 18 , -6 -20 14 -6 -2 -15 , 36 -14 -3 27 -11 23 , 39 36 -36 0 7 -29 , 0.0053775963584690003 , 64
0.6535844530838301 , 30 23 -10 -24 -25 5 , 18 -13 13 0 -1 12 , -9 -3 -14 27 -26 -3 , 24 -23 23 0 -6 17 , 54 10 -23 24 15 -48 , 0 14 -20 -6 29 -18 , 6 20 -14 6 2 15 , -36 14 3 -27 11 -23 , 39 36 -36 0 7 -29 , 0.0053775963584690003 , 65
0.6535844530838301 , 30 23 -10 -24 -25 5 , 24 -23 23 0 -6 17 , -29 6 2 -14 0 -18 , 18 -13 13 0 -1 12 , 54 10 -23 24 15 -48 , 26 -27 11 3 9 -3 , 23 -11 27 -3 -14 36 , -15 -2 -6 14 -20 -6 , 39 36 -36 0 7 -29 , 0.0053775963584690089 , 66
0.6535844530838301 , 30 23 -10 -24 -25 5 , 24 -23 23 0 -6 17 , 29 -6 -2 14 0 18 , 18 -13 13 0 -1 12 , 54 10 -23 24 15 -48 , -26 27 -11 -3 -9 3 , -23 11 -27 3 14 -36 , 15 2 6 -14 20 6 , 39 36 -36 0 7 -29 , 0.0053775963584690089 , 67
0.6535844530838301 , 30 23 -10 -24 -25 5 , 18 -13 13 0 -1 12 , -3 9 3 11 -27 26 , 24 -23 23 0 -6 17 , 54 10 -23 24 15 -48 , -18 0 -14 2 6 -29 , -20 14 0 -2 -15 6 , -14 -3 -9 -11 23 -36 , 39 36 -36 0 7 -29 , 0.0053775963584690566 , 68
0.6535844530838301 , 30 23 -10 -24 -25 5 , 18 -13 13 0 -1 12 , 3 -9 -3 -11 27 -26 , 24 -23 23 0 -6 17 , 54 10 -23 24 15 -48 , 18 0 14 -2 -6 29 , 20 -14 0 2 15 -6 , 14 3 9 11 -23 36 , 39 36 -36 0 7 -29 , 0.0053775963584690566 , 69
0.6535844530838301 , 30 23 -10 -24 -25 5 , 18 -13 13 0 -1 12 , -14 36 -23 -3 9 3 , 24 -23 23 0 -6 17 , 54 10 -23 24 15 -48 , -20 -6 15 -18 0 -14 , -2 -15 6 18 -29 6 , -11 23 -36 3 26 -27 , 39 36 -36 0 7 -29 , 0.0053775963584691382 , 70
0.6535844530838301 , 30 23 -10 -24 -25 5 , 18 -13 13 0 -1 12 , 14 -36 23 3 -9 -3 , 24 -23 23 0 -6 17 , 54 10 -23 24 15 -48 , 20 6 -15 18 0 14 , 2 15 -6 -18 29 -6 , 11 -23 36 -3 -26 27 , 39 36 -36 0 7 -29 , 0.0053775963584691382 , 71
0.6535844530838301 , 55 -1 -40 7 -6 -29 , 29 -25 25 0 -5 20 , 7 1 -13 0 21 -15 , 13 -11 11 0 -2 9 , 48 40 1 -7 11 -5 , 11 -25 24 18 -41 27 , -7 -24 25 -18 3 -16 , 7 13 -1 0 -2 20 , 39 36 -36 0 7 -29 , 0.0055679352754809917 , 72
0.6535844530838301 , 55 -1 -40 7 -6 -29 , 29 -25 25 0 -5 20 , -7 -1 13 0 -21 15 , 13 -11 11 0 -2 9 , 48 40 1 -7 11 -5 , -11 25 -24 -18 41 -27 , 7 24 -25 18 -3 16 , -7 -13 1 0 2 -20 , 39 36 -36 0 7 -29 , 0.0055679352754809917 , 73
0.6535844530838301 , 55 -1 -40 7 -6 -29 , 13 -11 11 0 -2 9 , 11 -27 41 -7 -24 25 , 29 -25 25 0 -5 20 , 48 40 1 -7 11 -5 , 7 15 -21 7 13 -1 , 0 21 -15 -7 20 -2 , 18 -41 27 7 -16 3 , 39 36 -36 0 7 -29 , 0.0055679352754810438 , 74
0.6535844530838301 , 55 -1 -40 7 -6 -29 , 13 -11 11 0 -2 9 , -11 27 -41 7 24 -25 , 29 -25 25 0 -5 20 , 48 40 1 -7 11 -5 , -7 -15 21 -7 -13 1 , 0 -21 15 7 -20 2 , -18 41 -27 -7 16 -3 , 39 36 -36 0 7 -29 , 0.0055679352754810438 , 75
0.6535844530838301 , 55 -1 -40 7 -6 -29 , 13 -11 11 0 -2 9 , -27 41 -18 -24 25 -11 , 29 -25 25 0 -5 20 , 48 40 1 -7 11 -5 , 15 -21 0 13 -1 -7 , 2 0 21 -13 -7 20 , -3 18 -41 24 7 -16 , 39 36 -36 0 7 -29 , 0.0055679352754810681 , 76
0.6535844530838301 , 55 -1 -40 7 -6 -29 , 13 -11 11 0 -2 9 , 27 -41 18 24 -25 11 , 29 -25 25 0 -5 20 , 48 40 1 -7 11 -5 , -15 21 0 -13 1 7 , -2 0 -21 13 7 -20 , 3 -18 41 -24 -7 16 , 39 36 -36 0 7 -29 , 0.0055679352754810681 , 77
0.6535844530838301 , 55 -1 -40 7 -6 -29 , 29 -25 25 0 -5 20 , -21 15 7 -20 2 0 , 13 -11 11 0 -2 9 , 48 40 1 -7 11 -5 , 41 -27 11 16 -3 18 , 25 -11 27 -16 7 24 , -1 -7 -15 20 -7 -13 , 39 36 -36 0 7 -29 , 0.005567935275481088 , 78
0.6535844530838301 , 55 -1 -40 7 -6 -29 , 29 -25 25 0 -5 20 , 21 -15 -7 20 -2 0 , 13 -11 11 0 -2 9 , 48 40 1 -7 11 -5 , -41 27 -11 -16 3 -18 , -25 11 -27 16 -7 -24 , 1 7 15 -20 7 13 , 39 36 -36 0 7 -29 , 0.005567935275481088 , 79
0.6535844530838301 , 55 -1 -40 7 -6 -29 , 13 -11 11 0 -2 9 , -3 16 -7 -27 41 -18 , 29 -25 25 0 -5 20 , 48 40 1 -7 11 -5 , 2 -20 7 15 -21 0 , -13 -7 20 -15 -7 -1 , 24 7 -16 27 -11 25 , 39 36 -36 0 7 -29 , 0.0055679352754810923 , 80
0.6535844530838301 , 55 -1 -40 7 -6 -29 , 13 -11 11 0 -2 9 , 3 -16 7 27 -41 18 , 29 -25 25 0 -5 20 , 48 40 1 -7 11 -5 , -2 20 -7 -15 21 0 , 13 7 -20 15 7 1 , -24 -7 16 -27 11 -25 , 39 36 -36 0 7 -29 , 0.0055679352754810923 , 81
0.6535844530838301 , 55 -1 -40 7 -6 -29 , 13 -11 11 0 -2 9 , -7 -24 25 -18 3 -16 , 29 -25 25 0 -5 20 , 48 40 1 -7 11 -5 , 7 13 -1 0 -2 20 , 7 1 -13 0 21 -15 , 11 -25 24 18 -41 27 , 39 36 -36 0 7 -29 , 0.0055679352754811106 , 82
0.6535844530838301 , 55 -1 -40 7 -6 -29 , 13 -11 11 0 -2 9 , 7 24 -25 18 -3 16 , 29 -25 25 0 -5 20 , 48 40 1 -7 11 -5 , -7 -13 1 0 2 -20 , -7 -1 13 0 -21 15 , -11 25 -24 -18 41 -27 , 39 36 -36 0 7 -29 , 0.0055679352754811106 , 83
0.6535844530838301 , 55 -1 -40 7 -6 -29 , 13 -11 11 0 -2 9 , 18 -3 16 11 -27 41 , 29 -25 25 0 -5 20 , 48 40 1 -7 11 -5 , 0 2 -20 7 15 -21 , -7 20 -2 -7 -1 13 , 7 -16 3 -11 25 -24 , 39 36 -36 0 7 -29 , 0.0055679352754811132 , 84
0.6535844530838301 , 55 -1 -40 7 -6 -29 , 13 -11 11 0 -2 9 , -18 3 -16 -11 27 -41 , 29 -25 25 0 -5 20 , 48 40 1 -7 11 -5 , 0 -2 20 -7 -15 21 , 7 -20 2 7 1 -13 , -7 16 -3 11 -25 24 , 39 36 -36 0 7 -29 , 0.0055679352754811132 , 85
0.6535844530838301 , 55 -1 -40 7 -6 -29 , 29 -25 25 0 -5 20 , 1 -13 -7 21 -15 -7 , 13 -11 11 0 -2 9 , 48 40 1 -7 11 -5 , -25 24 7 -41 27 -11 , 16 -7 -24 41 -18 3 , -20 7 13 -21 0 -2 , 39 36 -36 0 7 -29 , 0.0055679352754811435 , 86
0.6535844530838301 , 55 -1 -40 7 -6 -29 , 29 -25 25 0 -5 20 , -1 13 7 -21 15 7 , 13 -11 11 0 -2 9 , 48 40 1 -7 11 -5 , 25 -24 -7 41 -27 11 , -16 7 24 -41 18 -3 , 20 -7 -13 21 0 2 , 39 36 -36 0 7 -29 , 0.0055679352754811435 , 87
0.6535844530838301 , 55 -1 -40 7 -6 -29 , 13 -11 11 0 -2 9 , -25 11 -27 16 -7 -24 , 29 -25 25 0 -5 20 , 48 40 1 -7 11 -5 , 1 7 15 -20 7 13 , 21 -15 -7 20 -2 0 , -41 27 -11 -16 3 -18 , 39 36 -36 0 7 -29 , 0.0055679352754811513 , 88
0.6535844530838301 , 55 -1 -40 7 -6 -29 , 13 -11 11 0 -2 9 , 25 -11 27 -16 7 24 , 29 -25 25 0 -5 20 , 48 40 1 -7 11 -5 , -1 -7 -15 20 -7 -13 , -21 15 7 -20 2 0 , 41 -27 11 16 -3 18 , 39 36 -36 0 7 -29 , 0.0055679352754811513 , 89
0.6535844530838301 , 55 -1 -40 7 -6 -29 , 29 -25 25 0 -5 20 , -13 -7 20 -15 -7 -1 , 13 -11 11 0 -2 9 , 48 40 1 -7 11 -5 , 24 7 -16 27 -11 25 , -3 16 -7 -27 41 -18 , 2 -20 7 15 -21 0 , 39 36 -36 0 7 -29 , 0.0055679352754811609 , 90
0.6535844530838301 , 55 -1 -40 7 -6 -29 , 29 -25 25 0 -5 20 , 13 7 -20 15 7 1 , 13 -11 11 0 -2 9 , 48 40 1 -7 11 -5 , -24 -7 16 -27 11 -25 , 3 -16 7 27 -41 18 , -2 20 -7 -15 21 0 , 39 36 -36 0 7 -29 , 0.0055679352754811609 , 91
0.6535844530838301 , 55 -1 -40 7 -6 -29 , 13 -11 11 0 -2 9 , 16 -7 -24 41 -18 3 , 29 -25 25 0 -5 20 , 48 40 1 -7 11 -5 , -20 7 13 -21 0 -2 , 1 -13 -7 21 -15 -7 , -25 24 7 -41 27 -11 , 39 36 -36 0 7 -29 , 0.0055679352754811643 , 92
0.6535844530838301 , 55 -1 -40 7 -6 -29 , 13 -11 11 0 -2 9 , -16 7 24 -41 18 -3 , 29 -25 25 0 -5 20 , 48 40 1 -7 11 -5 , 20 -7 -13 21 0 2 , -1 13 7 -21 15 7 , 25 -24 -7 41 -27 11 , 39 36 -36 0 7 -29 , 0.0055679352754811643 , 93
0.6535844530838301 , 55 -1 -40 7 -6 -29 , 13 -11 11 0 -2 9 , -24 25 -11 3 -16 7 , 29 -25 25 0 -5 20 , 48 40 1 -7 11 -5 , 13 -1 -7 -2 20 -7 , 15 7 1 2 0 21 , -27 11 -25 -3 18 -41 , 39 36 -36 0 7 -29 , 0.005567935275481193 , 94
0.6535844530838301 , 55 -1 -40 7 -6 -29 , 13 -11 11 0 -2 9 , 24 -25 11 -3 16 -7 , 29 -25 25 0 -5 20 , 48 40 1 -7 11 -5 , -13 1 7 2 -20 7 , -15 -7 -1 -2 0 -21 , 27 -11 25 3 -18 41 , 39 36 -36 0 7 -29 , 0.005567935275481193 , 95
0.6535844530838301 , 55 -1 -40 7 -6 -29 , 29 -25 25 0 -5 20 , 2 0 21 -13 -7 20 , 13 -11 11 0 -2 9 , 48 40 1 -7 11 -5 , -3 18 -41 24 7 -16 , -27 41 -18 -24 25 -11 , 15 -21 0 13 -1 -7 , 39 36 -36 0 7 -29 , 0.0055679352754812268 , 96
0.6535844530838301 , 55 -1 -40 7 -6 -29 , 29 -25 25 0 -5 20 , -2 0 -21 13 7 -20 , 13 -11 11 0 -2 9 , 48 40 1 -7 11 -5 , 3 -18 41 -24 -7 16 , 27 -41 18 24 -25 11 , -15 21 0 -13 1 7 , 39 36 -36 0 7 -29 , 0.0055679352754812268 , 97
0.6535844530838301 , 55 -1 -40 7 -6 -29 , 13 -11 11 0 -2 9 , -41 18 -3 -25 11 -27 , 29 -25 25 0 -5 20 , 48 40 1 -7 11 -5 , 21 0 2 1 7 15 , 20 -2 0 -1 13 7 , -16 3 -18 25 -24 -7 , 39 36 -36 0 7 -29 , 0.0055679352754812337 , 98
0.6535844530838301 , 55 -1 -40 7 -6 -29 , 13 -11 11 0 -2 9 , 41 -18 3 25 -11 27 , 29 -25 25 0 -5 20 , 48 40 1 -7 11 -5 , -21 0 -2 -1 -7 -15 , -20 2 0 1 -13 -7 , 16 -3 18 -25 24 7 , 39 36 -36 0 7 -29 , 0.0055679352754812337 , 99
0.7509580557815696 , 20 33 -29 -27 -10 -13 , 26 -6 6 0 9 15 , -11 12 -32 21 -1 -18 , 16 -30 30 0 -16 14 , 47 29 -33 27 16 -43 , -5 30 -15 -7 12 8 , 2 15 -30 7 23 -18 , -32 32 -12 -21 14 -13 , 39 36 -36 0 7 -29 , 0.0052951815075831556 , 0
0.7509580557815696 , 20 33 -29 -27 -10 -13 , 26 -6 6 0 9 15 , 11 -12 32 -21 1 18 , 16 -30 30 0 -16 14 , 47 29 -33 27 16 -43 , 5 -30 15 7 -12 -8 , -2 -15 30 -7 -23 18 , 32 -32 12 21 -14 13 , 39 36 -36 0 7 -29 , 0.0052951815075831556 , 1
0.7509580557815696 , 20 33 -29 -27 -10 -13 , 26 -6 6 0 9 15 , -18 11 -12 14 -21 1 , 16 -30 30 0 -16 14 , 47 29 -33 27 16 -43 , 8 5 -30 23 7 -12 , -15 30 -5 -23 18 2 , -32 12 -11 -14 13 -32 , 39 36 -36 0 7 -29 , 0.0052951815075831833 , 2
0.7509580557815696 , 20 33 -29 -27 -10 -13 , 26 -6 6 0 9 15 , 18 -11 12 -14 21 -1 , 16 -30 30 0 -16 14 , 47 29 -33 27 16 -43 , -8 -5 30 -23 -7 12 , 15 -30 5 23 -18 -2 , 32 -12 11 14 -13 32 , 39 36 -36 0 7 -29 , 0.0052951815075831833 , 3
0.7509580557815696 , 20 33 -29 -27 -10 -13 , 16 -30 30 0 -16 14 , -23 18 2 -8 -12 7 , 26 -6 6 0 9 15 , 47 29 -33 27 16 -43 , -14 13 -32 18 1 -21 , -32 32 -13 -18 11 -12 , -15 -2 -18 8 5 -30 , 39 36 -36 0 7 -29 , 0.0052951815075832388 , 4
0.7509580557815696 , 20 33 -29 -27 -10 -13 , 16 -30 30 0 -16 14 , 23 -18 -2 8 12 -7 , 26 -6 6 0 9 15 , 47 29 -33 27 16 -43 , 14 -13 32 -18 -1 21 , 32 -32 13 18 -11 12 , 15 2 18 -8 -5 30 , 39 36 -36 0 7 -29 , 0.0052951815075832388 , 5
0.7509580557815696 , 20 33 -29 -27 -10 -13 , 26 -6 6 0 9 15 , 12 -32 32 -1 -18 11 , 16 -30 30 0 -16 14 , 47 29 -33 27 16 -43 , 30 -15 -2 12 8 5 , 18 2 15 -12 7 23 , 13 -32 32 1 -21 14 , 39 36 -36 0 7 -29 , 0.0052951815075832388 , 6
0.7509580557815696 , 20 33 -29 -27 -10 -13 , 26 -6 6 0 9 15 , -12 32 -32 1 18 -11 , 16 -30 30 0 -16 14 , 47 29 -33 27 16 -43 , -30 15 2 -12 -8 -5 , -18 -2 -15 12 -7 -23 , -13 32 -32 -1 21 -14 , 39 36 -36 0 7 -29 , 0.0052951815075832388 , 7
0.7509580557815696 , 20 33 -29 -27 -10 -13 , 16 -30 30 0 -16 14 , -8 -12 7 15 -30 5 , 26 -6 6 0 9 15 , 47 29 -33 27 16 -43 , 18 1 -21 32 -12 11 , -14 21 -1 -32 32 -13 , -23 -7 12 -15 -2 -18 , 39 36 -36 0 7 -29 , 0.0052951815075832666 , 8
0.7509580557815696 , 20 33 -29 -27 -10 -13 , 16 -30 30 0 -16 14 , -7 -23 18 -5 -8 -12 , 26 -6 6 0 9 15 , 47 29 -33 27 16 -43 , 21 -14 13 -11 18 1 , 32 -13 14 11 -12 32 , -2 -18 23 5 -30 15 , 39 36 -36 0 7 -29 , 0.0052951815075832666 , 9
0.7509580557815696 , 20 33 -29 -27 -10 -13 , 16 -30 30 0 -16 14 , 7 23 -18 5 8 12 , 26 -6 6 0 9 15 , 47 29 -33 27 16 -43 , -21 14 -13 11 -18 -1 , -32 13 -14 -11 12 -32 , 2 18 -23 -5 30 -15 , 39 36 -36 0 7 -29 , 0.0052951815075832666 , 10
0.7509580557815696 , 20 33 -29 -27 -10 -13 , 16 -30 30 0 -16 14 , 8 12 -7 -15 30 -5 , 26 -6 6 0 9 15 , 47 29 -33 27 16 -43 , -18 -1 21 -32 12 -11 , 14 -21 1 32 -32 13 , 23 7 -12 15 2 18 , 39 36 -36 0 7 -29 , 0.0052951815075832666 , 11
0.7509580557815696 , 20 33 -29 -27 -10 -13 , 16 -30 30 0 -16 14 , -12 7 23 -30 5 8 , 26 -6 6 0 9 15 , 47 29 -33 27 16 -43 , 1 -21 14 -12 11 -18 , 13 -14 21 12 -32 32 , 18 -23 -7 30 -15 -2 , 39 36 -36 0 7 -29 , 0.0052951815075832952 , 12
0.7509580557815696 , 20 33 -29 -27 -10 -13 , 16 -30 30 0 -16 14 , 12 -7 -23 30 -5 -8 , 26 -6 6 0 9 15 , 47 29 -33 27 16 -43 , -1 21 -14 12 -11 18 , -13 14 -21 -12 32 -32 , -18 23 7 -30 15 2 , 39 36 -36 0 7 -29 , 0.0052951815075832952 , 13
0.7509580557815696 , 20 33 -29 -27 -10 -13 , 26 -6 6 0 9 15 , -32 13 -14 -11 12 -32 , 16 -30 30 0 -16 14 , 47 29 -33 27 16 -43 , 2 18 -23 -5 30 -15 , 7 23 -18 5 8 12 , -21 14 -13 11 -18 -1 , 39 36 -36 0 7 -29 , 0.0052951815075833221 , 14
0.7509580557815696 , 20 33 -29 -27 -10 -13 , 26 -6 6 0 9 15 , 32 -13 14 11 -12 32 , 16 -30 30 0 -16 14 , 47 29 -33 27 16 -43 , -2 -18 23 5 -30 15 , -7 -23 18 -5 -8 -12 , 21 -14 13 -11 18 1 , 39 36 -36 0 7 -29 , 0.0052951815075833221 , 15
0.7509580557815696 , 20 33 -29 -27 -10 -13 , 16 -30 30 0 -16 14 , -15 30 -5 -23 18 2 , 26 -6 6 0 9 15 , 47 29 -33 27 16 -43 , -32 12 -11 -14 13 -32 , -18 11 -12 14 -21 1 , 8 5 -30 23 7 -12 , 39 36 -36 0 7 -29 , 0.0052951815075833507 , 16
0.7509580557815696 , 20 33 -29 -27 -10 -13 , 16 -30 30 0 -16 14 , 15 -30 5 23 -18 -2 , 26 -6 6 0 9 15 , 47 29 -33 27 16 -43 , 32 -12 11 14 -13 32 , 18 -11 12 -14 21 -1 , -8 -5 30 -23 -7 12 , 39 36 -36 0 7 -29 , 0.0052951815075833507 , 17
0.7509580557815696 , 20 33 -29 -27 -10 -13 , 16 -30 30 0 -16 14 , -30 5 8 -18 -2 -15 , 26 -6 6 0 9 15 , 47 29 -33 27 16 -43 , -12 11 -18 -13 32 -32 , 1 18 -11 13 -14 21 , -12 -8 -5 18 -23 -7 , 39 36 -36 0 7 -29 , 0.0052951815075833776 , 18
0.7509580557815696 , 20 33 -29 -27 -10 -13 , 16 -30 30 0 -16 14 , 30 -5 -8 18 2 15 , 26 -6 6 0 9 15 , 47 29 -33 27 16 -43 , 12 -11 18 13 -32 32 , -1 -18 11 -13 14 -21 , 12 8 5 -18 23 7 , 39 36 -36 0 7 -29 , 0.0052951815075833776 , 19
0.7509580557815696 , 20 33 -29 -27 -10 -13 , 16 -30 30 0 -16 14 , -5 -8 -12 2 15 -30 , 26 -6 6 0 9 15 , 47 29 -33 27 16 -43 , -11 18 1 -32 32 -12 , 21 -1 -18 32 -13 14 , -7 12 8 -2 -18 23 , 39 36 -36 0 7 -29 , 0.0052951815075834054 , 20
0.7509580557815696 , 20 33 -29 -27 -10 -13 , 16 -30 30 0 -16 14 , 5 8 12 -2 -15 30 , 26 -6 6 0 9 15 , 47 29 -33 27 16 -43 , 11 -18 -1 32 -32 12 , -21 1 18 -32 13 -14 , 7 -12 -8 2 18 -23 , 39 36 -36 0 7 -29 , 0.0052951815075834054 , 21
0.7509580557815696 , 20 33 -29 -27 -10 -13 , 26 -6 6 0 9 15 , 13 -14 21 12 -32 32 , 16 -30 30 0 -16 14 , 47 29 -33 27 16 -43 , 18 -23 -7 30 -15 -2 , -12 7 23 -30 5 8 , 1 -21 14 -12 11 -18 , 39 36 -36 0 7 -29 , 0.0052951815075834062 , 22
0.7509580557815696 , 20 33 -29 -27 -10 -13 , 26 -6 6 0 9 15 , -13 14 -21 -12 32 -32 , 16 -30 30 0 -16 14 , 47 29 -33 27 16 -43 , -18 23 7 -30 15 2 , 12 -7 -23 30 -5 -8 , -1 21 -14 12 -11 18 , 39 36 -36 0 7 -29 , 0.0052951815075834062 , 23
0.7509580557815696 , 20 33 -29 -27 -10 -13 , 26 -6 6 0 9 15 , -32 32 -13 -18 11 -12 , 16 -30 30 0 -16 14 , 47 29 -33 27 16 -43 , -15 -2 -18 8 5 -30 , -23 18 2 -8 -12 7 , -14 13 -32 18 1 -21 , 39 36 -36 0 7 -29 , 0.005295181507583434 , 24
0.7509580557815696 , 20 33 -29 -27 -10 -13 , 26 -6 6 0 9 15 , -14 21 -1 -32 32 -13 , 16 -30 30 0 -16 14 , 47 29 -33 27 16 -43 , -23 -7 12 -15 -2 -18 , -8 -12 7 15 -30 5 , 18 1 -21 32 -12 11 , 39 36 -36 0 7 -29 , 0.005295181507583434 , 25
0.7509580557815696 , 20 33 -29 -27 -10 -13 , 26 -6 6 0 9 15 , 14 -21 1 32 -32 13 , 16 -30 30 0 -16 14 , 47 29 -33 27 16 -43 , 23 7 -12 15 2 18 , 8 12 -7 -15 30 -5 , -18 -1 21 -32 12 -11 , 39 36 -36 0 7 -29 , 0.005295181507583434 , 26
0.7509580557815696 , 20 33 -29 -27 -10 -13 , 26 -6 6 0 9 15 , 32 -32 13 18 -11 12 , 16 -30 30 0 -16 14 , 47 29 -33 27 16 -43 , 15 2 18 -8 -5 30 , 23 -18 -2 8 12 -7 , 14 -13 32 -18 -1 21 , 39 36 -36 0 7 -29 , 0.005295181507583434 , 27
0.7509580557815696 , 20 33 -29 -27 -10 -13 , 16 -30 30 0 -16 14 , -2 -15 30 -7 -23 18 , 26 -6 6 0 9 15 , 47 29 -33 27 16 -43 , 32 -32 12 21 -14 13 , 11 -12 32 -21 1 18 , 5 -30 15 7 -12 -8 , 39 36 -36 0 7 -29 , 0.0052951815075834609 , 28
0.7509580557815696 , 20 33 -29 -27 -10 -13 , 16 -30 30 0 -16 14 , 2 15 -30 7 23 -18 , 26 -6 6 0 9 15 , 47 29 -33 27 16 -43 , -32 32 -12 -21 14 -13 , -11 12 -32 21 -1 -18 , -5 30 -15 -7 12 8 , 39 36 -36 0 7 -29 , 0.0052951815075834609 , 29
0.7509580557815696 , 20 33 -29 -27 -10 -13 , 26 -6 6 0 9 15 , 1 18 -11 13 -14 21 , 16 -30 30 0 -16 14 , 47 29 -33 27 16 -43 , -12 -8 -5 18 -23 -7 , -30 5 8 -18 -2 -15 , -12 11 -18 -13 32 -32 , 39 36 -36 0 7 -29 , 0.0052951815075834609 , 30
0.7509580557815696 , 20 33 -29 -27 -10 -13 , 26 -6 6 0 9 15 , -1 -18 11 -13 14 -21 , 16 -30 30 0 -16 14 , 47 29 -33 27 16 -43 , 12 8 5 -18 23 7 , 30 -5 -8 18 2 15 , 12 -11 18 13 -32 32 , 39 36 -36 0 7 -29 , 0.0052951815075834609 , 31
0.7509580557815696 , 20 33 -29 -27 -10 -13 , 16 -30 30 0 -16 14 , 18 2 15 -12 7 23 , 26 -6 6 0 9 15 , 47 29 -33 27 16 -43 , 13 -32 32 1 -21 14 , 12 -32 32 -1 -18 11 , 30 -15 -2 12 8 5 , 39 36 -36 0 7 -29 , 0.0052951815075834886 , 32
0.7509580557815696 , 20 33 -29 -27 -10 -13 , 16 -30 30 0 -16 14 , -18 -2 -15 12 -7 -23 , 26 -6 6 0 9 15 , 47 29 -33 27 16 -43 , -13 32 -32 -1 21 -14 , -12 32 -32 1 18 -11 , -30 15 2 -12 -8 -5 , 39 36 -36 0 7 -29 , 0.0052951815075834886 , 33
0.7509580557815696 , 20 33 -29 -27 -10 -13 , 26 -6 6 0 9 15 , -21 1 18 -32 13 -14 , 16 -30 30 0 -16 14 , 47 29 -33 27 16 -43 , 7 -12 -8 2 18 -23 , 5 8 12 -2 -15 30 , 11 -18 -1 32 -32 12 , 39 36 -36 0 7 -29 , 0.0052951815075835173 , 34
0.7509580557815696 , 20 33 -29 -27 -10 -13 , 26 -6 6 0 9 15 , 21 -1 -18 32 -13 14 , 16 -30 30 0 -16 14 , 47 29 -33 27 16 -43 , -7 12 8 -2 -18 23 , -5 -8 -12 2 15 -30 , -11 18 1 -32 32 -12 , 39 36 -36 0 7 -29 , 0.0052951815075835173 , 35
0.7509580557815696 , -4 -16 -14 -4 -52 -46 , 21 -4 4 0 8 12 , -34 12 -12 -16 16 -36 , 21 -32 32 0 -15 17 , 0 14 16 4 -32 -36 , -19 -8 6 -5 -6 -17 , -14 -6 8 5 -23 2 , -18 12 -12 16 -24 4 , 39 36 -36 0 7 -29 , 0.006117805053513092 , 36
0.7509580557815696 , -4 -16 -14 -4 -52 -46 , 21 -4 4 0 8 12 , 34 -12 12 16 -16 36 , 21 -32 32 0 -15 17 , 0 14 16 4 -32 -36 , 19 8 -6 5 6 17 , 14 6 -8 -5 23 -2 , 18 -12 12 -16 24 -4 , 39 36 -36 0 7 -29 , 0.006117805053513092 , 37
0.7509580557815696 , -4 -16 -14 -4 -52 -46 , 21 -32 32 0 -15 17 , -5 23 -2 -19 17 6 , 21 -4 4 0 8 12 , 0 14 16 4 -32 -36 , -16 24 -4 -34 36 -16 , 18 4 -24 34 -12 12 , 14 2 -23 19 8 -6 , 39 36 -36 0 7 -29 , 0.0061178050535131987 , 38
0.7509580557815696 , -4 -16 -14 -4 -52 -46 , 21 -32 32 0 -15 17 , 5 -23 2 19 -17 -6 , 21 -4 4 0 8 12 , 0 14 16 4 -32 -36 , 16 -24 4 34 -36 16 , -18 -4 24 -34 12 -12 , -14 -2 23 -19 -8 6 , 39 36 -36 0 7 -29 , 0.0061178050535131987 , 39
0.7509580557815696 , -4 -16 -14 -4 -52 -46 , 21 -4 4 0 8 12 , 12 -12 18 16 -36 34 , 21 -32 32 0 -15 17 , 0 14 16 4 -32 -36 , -8 6 14 -6 -17 19 , -2 -14 -6 6 5 -23 , -4 -18 12 -16 16 -24 , 39 36 -36 0 7 -29 , 0.0061178050535132967 , 40
0.7509580557815696 , -4 -16 -14 -4 -52 -46 , 21 -4 4 0 8 12 , -12 12 -18 -16 36 -34 , 21 -32 32 0 -15 17 , 0 14 16 4 -32 -36 , 8 -6 -14 6 17 -19 , 2 14 6 -6 -5 23 , 4 18 -12 16 -16 24 , 39 36 -36 0 7 -29 , 0.0061178050535132967 , 41
0.7509580557815696 , -4 -16 -14 -4 -52 -46 , 21 -32 32 0 -15 17 , -23 2 14 -17 -6 -5 , 21 -4 4 0 8 12 , 0 14 16 4 -32 -36 , -24 4 18 -36 16 -16 , 12 -18 -4 36 -34 12 , -6 -14 -2 17 -19 -8 , 39 36 -36 0 7 -29 , 0.006117805053513301 , 42
0.7509580557815696 , -4 -16 -14 -4 -52 -46 , 21 -32 32 0 -15 17 , 23 -2 -14 17 6 5 , 21 -4 4 0 8 12 , 0 14 16 4 -32 -36 , 24 -4 -18 36 -16 16 , -12 18 4 -36 34 -12 , 6 14 2 -17 19 8 , 39 36 -36 0 7 -29 , 0.006117805053513301 , 43
0.7509580557815696 , -4 -16 -14 -4 -52 -46 , 21 -32 32 0 -15 17 , -17 -6 -5 6 -8 -19 , 21 -4 4 0 8 12 , 0 14 16 4 -32 -36 , -36 16 -16 -12 12 -34 , -24 16 -16 12 -18 -4 , -23 5 6 -6 -14 -2 , 39 36 -36 0 7 -29 , 0.0061178050535133418 , 44
0.7509580557815696 , -4 -16 -14 -4 -52 -46 , 21 -32 32 0 -15 17 , 17 6 5 -6 8 19 , 21 -4 4 0 8 12 , 0 14 16 4 -32 -36 , 36 -16 16 12 -12 34 , 24 -16 16 -12 18 4 , 23 -5 -6 6 14 2 , 39 36 -36 0 7 -29 , 0.0061178050535133418 , 45
0.7509580557815696 , -4 -16 -14 -4 -52 -46 , 21 -4 4 0 8 12 , -12 18 4 -36 34 -12 , 21 -32 32 0 -15 17 , 0 14 16 4 -32 -36 , 6 14 2 -17 19 8 , 23 -2 -14 17 6 5 , 24 -4 -18 36 -16 16 , 39 36 -36 0 7 -29 , 0.0061178050535134164 , 46
0.7509580557815696 , -4 -16 -14 -4 -52 -46 , 21 -4 4 0 8 12 , 12 -18 -4 36 -34 12 , 21 -32 32 0 -15 17 , 0 14 16 4 -32 -36 , -6 -14 -2 17 -19 -8 , -23 2 14 -17 -6 -5 , -24 4 18 -36 16 -16 , 39 36 -36 0 7 -29 , 0.0061178050535134164 , 47
0.7509580557815696 , -4 -16 -14 -4 -52 -46 , 21 -32 32 0 -15 17 , -6 -5 23 -8 -19 17 , 21 -4 4 0 8 12 , 0 14 16 4 -32 -36 , 16 -16 24 12 -34 36 , 4 -24 16 -12 12 -18 , 2 -23 5 8 -6 -14 , 39 36 -36 0 7 -29 , 0.0061178050535134519 , 48
0.7509580557815696 , -4 -16 -14 -4 -52 -46 , 21 -32 32 0 -15 17 , 6 5 -23 8 19 -17 , 21 -4 4 0 8 12 , 0 14 16 4 -32 -36 , -16 16 -24 -12 34 -36 , -4 24 -16 12 -12 18 , -2 23 -5 -8 6 14 , 39 36 -36 0 7 -29 , 0.0061178050535134519 , 49
0.7509580557815696 , -4 -16 -14 -4 -52 -46 , 21 -4 4 0 8 12 , -36 34 -12 -24 16 -16 , 21 -32 32 0 -15 17 , 0 14 16 4 -32 -36 , -17 19 8 -23 5 6 , 6 -8 -19 23 -2 -14 , -12 12 -34 24 -4 -18 , 39 36 -36 0 7 -29 , 0.0061178050535134572 , 50
0.7509580557815696 , -4 -16 -14 -4 -52 -46 , 21 -4 4 0 8 12 , 36 -34 12 24 -16 16 , 21 -32 32 0 -15 17 , 0 14 16 4 -32 -36 , 17 -19 -8 23 -5 -6 , -6 8 19 -23 2 14 , 12 -12 34 -24 4 18 , 39 36 -36 0 7 -29 , 0.0061178050535134572 , 51
0.7509580557815696 , -4 -16 -14 -4 -52 -46 , 21 -4 4 0 8 12 , 18 4 -24 34 -12 12 , 21 -32 32 0 -15 17 , 0 14 16 4 -32 -36 , 14 2 -23 19 8 -6 , -5 23 -2 -19 17 6 , -16 24 -4 -34 36 -16 , 39 36 -36 0 7 -29 , 0.0061178050535135396 , 52
0.7509580557815696 , -4 -16 -14 -4 -52 -46 , 21 -4 4 0 8 12 , -18 -4 24 -34 12 -12 , 21 -32 32 0 -15 17 , 0 14 16 4 -32 -36 , -14 -2 23 -19 -8 6 , 5 -23 2 19 -17 -6 , 16 -24 4 34 -36 16 , 39 36 -36 0 7 -29 , 0.0061178050535135396 , 53
0.7509580557815696 , -4 -16 -14 -4 -52 -46 , 21 -32 32 0 -15 17 , -8 -19 17 -2 -14 -6 , 21 -4 4 0 8 12 , 0 14 16 4 -32 -36 , 12 -34 36 -4 -18 12 , 16 -36 34 4 -24 16 , -6 -17 19 2 -23 5 , 39 36 -36 0 7 -29 , 0.0061178050535135404 , 54
0.7509580557815696 , -4 -16 -14 -4 -52 -46 , 21 -32 32 0 -15 17 , 8 19 -17 2 14 6 , 21 -4 4 0 8 12 , 0 14 16 4 -32 -36 , -12 34 -36 4 18 -12 , -16 36 -34 -4 24 -16 , 6 17 -19 -2 23 -5 , 39 36 -36 0 7 -29 , 0.0061178050535135404 , 55
0.7509580557815696 , -4 -16 -14 -4 -52 -46 , 21 -4 4 0 8 12 , 16 -36 34 4 -24 16 , 21 -32 32 0 -15 17 , 0 14 16 4 -32 -36 , -6 -17 19 2 -23 5 , -8 -19 17 -2 -14 -6 , 12 -34 36 -4 -18 12 , 39 36 -36 0 7 -29 , 0.0061178050535135612 , 56
0.7509580557815696 , -4 -16 -14 -4 -52 -46 , 21 -4 4 0 8 12 , -16 36 -34 -4 24 -16 , 21 -32 32 0 -15 17 , 0 14 16 4 -32 -36 , 6 17 -19 -2 23 -5 , 8 19 -17 2 14 6 , -12 34 -36 4 18 -12 , 39 36 -36 0 7 -29 , 0.0061178050535135612 , 57
0.7509580557815696 , -4 -16 -14 -4 -52 -46 , 21 -4 4 0 8 12 , -16 16 -36 18 4 -24 , 21 -32 32 0 -15 17 , 0 14 16 4 -32 -36 , -5 -6 -17 14 2 -23 , -19 17 6 -14 -6 8 , -34 36 -16 -18 12 -12 , 39 36 -36 0 7 -29 , 0.0061178050535135786 , 58
0.7509580557815696 , -4 -16 -14 -4 -52 -46 , 21 -4 4 0 8 12 , 16 -16 36 -18 -4 24 , 21 -32 32 0 -15 17 , 0 14 16 4 -32 -36 , 5 6 17 -14 -2 23 , 19 -17 -6 14 6 -8 , 34 -36 16 18 -12 12 , 39 36 -36 0 7 -29 , 0.0061178050535135786 , 59
0.7509580557815696 , -4 -16 -14 -4 -52 -46 , 21 -32 32 0 -15 17 , -19 17 6 -14 -6 8 , 21 -4 4 0 8 12 , 0 14 16 4 -32 -36 , -34 36 -16 -18 12 -12 , -16 16 -36 18 4 -24 , -5 -6 -17 14 2 -23 , 39 36 -36 0 7 -29 , 0.0061178050535136072 , 60
0.7509580557815696 , -4 -16 -14 -4 -52 -46 , 21 -32 32 0 -15 17 , 19 -17 -6 14 6 -8 , 21 -4 4 0 8 12 , 0 14 16 4 -32 -36 , 34 -36 16 18 -12 12 , 16 -16 36 -18 -4 24 , 5 6 17 -14 -2 23 , 39 36 -36 0 7 -29 , 0.0061178050535136072 , 61
0.7509580557815696 , -4 -16 -14 -4 -52 -46 , 21 -32 32 0 -15 17 , 2 14 6 -6 -5 23 , 21 -4 4 0 8 12 , 0 14 16 4 -32 -36 , 4 18 -12 16 -16 24 , -12 12 -18 -16 36 -34 , 8 -6 -14 6 17 -19 , 39 36 -36 0 7 -29 , 0.006117805053513635 , 62
0.7509580557815696 , -4 -16 -14 -4 -52 -46 , 21 -32 32 0 -15 17 , -2 -14 -6 6 5 -23 , 21 -4 4 0 8 12 , 0 14 16 4 -32 -36 , -4 -18 12 -16 16 -24 , 12 -12 18 16 -36 34 , -8 6 14 -6 -17 19 , 39 36 -36 0 7 -29 , 0.006117805053513635 , 63
0.7509580557815696 , -4 -16 -14 -4 -52 -46 , 21 -4 4 0 8 12 , 4 -24 16 -12 12 -18 , 21 -32 32 0 -15 17 , 0 14 16 4 -32 -36 , 2 -23 5 8 -6 -14 , -6 -5 23 -8 -19 17 , 16 -16 24 12 -34 36 , 39 36 -36 0 7 -29 , 0.006117805053513635 , 64
0.7509580557815696 , -4 -16 -14 -4 -52 -46 , 21 -4 4 0 8 12 , -4 24 -16 12 -12 18 , 21 -32 32 0 -15 17 , 0 14 16 4 -32 -36 , -2 23 -5 -8 6 14 , 6 5 -23 8 19 -17 , -16 16 -24 -12 34 -36 , 39 36 -36 0 7 -29 , 0.006117805053513635 , 65
0.7509580557815696 , -4 -16 -14 -4 -52 -46 , 21 -32 32 0 -15 17 , 14 6 -8 -5 23 -2 , 21 -4 4 0 8 12 , 0 14 16 4 -32 -36 , 18 -12 12 -16 24 -4 , 34 -12 12 16 -16 36 , 19 8 -6 5 6 17 , 39 36 -36 0 7 -29 , 0.0061178050535136844 , 66
0.7509580557815696 , -4 -16 -14 -4 -52 -46 , 21 -32 32 0 -15 17 , -14 -6 8 5 -23 2 , 21 -4 4 0 8 12 , 0 14 16 4 -32 -36 , -18 12 -12 16 -24 4 , -34 12 -12 -16 16 -36 , -19 -8 6 -5 -6 -17 , 39 36 -36 0 7 -29 , 0.0061178050535136844 , 67
0.7509580557815696 , -4 -16 -14 -4 -52 -46 , 21 -32 32 0 -15 17 , 6 -8 -19 23 -2 -14 , 21 -4 4 0 8 12 , 0 14 16 4 -32 -36 , -12 12 -34 24 -4 -18 , -36 34 -12 -24 16 -16 , -17 19 8 -23 5 6 , 39 36 -36 0 7 -29 , 0.0061178050535137035 , 68
0.7509580557815696 , -4 -16 -14 -4 -52 -46 , 21 -32 32 0 -15 17 , -6 8 19 -23 2 14 , 21 -4 4 0 8 12 , 0 14 16 4 -32 -36 , 12 -12 34 -24 4 18 , 36 -34 12 24 -16 16 , 17 -19 -8 23 -5 -6 , 39 36 -36 0 7 -29 , 0.0061178050535137035 , 69
0.7509580557815696 , -4 -16 -14 -4 -52 -46 , 21 -4 4 0 8 12 , -24 16 -16 12 -18 -4 , 21 -32 32 0 -15 17 , 0 14 16 4 -32 -36 , -23 5 6 -6 -14 -2 , -17 -6 -5 6 -8 -19 , -36 16 -16 -12 12 -34 , 39 36 -36 0 7 -29 , 0.0061178050535137434 , 70
0.7509580557815696 , -4 -16 -14 -4 -52 -46 , 21 -4 4 0 8 12 , 24 -16 16 -12 18 4 , 21 -32 32 0 -15 17 , 0 14 16 4 -32 -36 , 23 -5 -6 6 14 2 , 17 6 5 -6 8 19 , 36 -16 16 12 -12 34 , 39 36 -36 0 7 -29 , 0.0061178050535137434 , 71
0.7509580557815696 , 31 -21 -38 18 -32 -49 , 1 -19 19 0 -15 4 , -45 19 -3 -24 7 -27 , 41 -17 17 0 8 25 , 13 38 21 -18 -11 -11 , -2 5 12 -17 6 7 , 15 -12 -5 17 -5 1 , -21 3 -19 24 -24 -12 , 39 36 -36 0 7 -29 , 0.0062169137365516349 , 72
0.7509580557815696 , 31 -21 -38 18 -32 -49 , 1 -19 19 0 -15 4 , 45 -19 3 24 -7 27 , 41 -17 17 0 8 25 , 13 38 21 -18 -11 -11 , 2 -5 -12 17 -6 -7 , -15 12 5 -17 5 -1 , 21 -3 19 -24 24 12 , 39 36 -36 0 7 -29 , 0.0062169137365516349 , 73
0.7509580557815696 , 31 -21 -38 18 -32 -49 , 41 -17 17 0 8 25 , -1 15 -12 -6 17 -5 , 1 -19 19 0 -15 4 , 13 38 21 -18 -11 -11 , 12 -21 3 -7 24 -24 , 19 -3 21 7 -27 45 , 5 12 -15 6 7 2 , 39 36 -36 0 7 -29 , 0.0062169137365517225 , 74
0.7509580557815696 , 31 -21 -38 18 -32 -49 , 41 -17 17 0 8 25 , 1 -15 12 6 -17 5 , 1 -19 19 0 -15 4 , 13 38 21 -18 -11 -11 , -12 21 -3 7 -24 24 , -19 3 -21 -7 27 -45 , -5 -12 15 -6 -7 -2 , 39 36 -36 0 7 -29 , 0.0062169137365517225 , 75
0.7509580557815696 , 31 -21 -38 18 -32 -49 , 41 -17 17 0 8 25 , 5 -1 15 -7 -6 17 , 1 -19 19 0 -15 4 , 13 38 21 -18 -11 -11 , 24 12 -21 27 -7 24 , -3 21 -12 -27 45 -19 , 12 -15 1 7 2 -5 , 39 36 -36 0 7 -29 , 0.0062169137365517234 , 76
0.7509580557815696 , 31 -21 -38 18 -32 -49 , 41 -17 17 0 8 25 , -5 1 -15 7 6 -17 , 1 -19 19 0 -15 4 , 13 38 21 -18 -11 -11 , -24 -12 21 -27 7 -24 , 3 -21 12 27 -45 19 , -12 15 -1 -7 -2 5 , 39 36 -36 0 7 -29 , 0.0062169137365517234 , 77
0.7509580557815696 , 31 -21 -38 18 -32 -49 , 1 -19 19 0 -15 4 , -27 45 -19 -24 24 -7 , 41 -17 17 0 8 25 , 13 38 21 -18 -11 -11 , 7 2 -5 -5 17 -6 , 12 5 -2 5 -1 15 , -3 19 -45 24 12 -21 , 39 36 -36 0 7 -29 , 0.0062169137365517694 , 78
0.7509580557815696 , 31 -21 -38 18 -32 -49 , 1 -19 19 0 -15 4 , 27 -45 19 24 -24 7 , 41 -17 17 0 8 25 , 13 38 21 -18 -11 -11 , -7 -2 5 5 -17 6 , -12 -5 2 -5 1 -15 , 3 -19 45 -24 -12 21 , 39 36 -36 0 7 -29 , 0.0062169137365517694 , 79
0.7509580557815696 , 31 -21 -38 18 -32 -49 , 1 -19 19 0 -15 4 , 7 -27 45 -12 -24 24 , 41 -17 17 0 8 25 , 13 38 21 -18 -11 -11 , 6 7 2 1 -5 17 , 5 -2 -7 -1 15 -12 , 19 -45 27 12 -21 3 , 39 36 -36 0 7 -29 , 0.0062169137365518578 , 80
0.7509580557815696 , 31 -21 -38 18 -32 -49 , 1 -19 19 0 -15 4 , -7 27 -45 12 24 -24 , 41 -17 17 0 8 25 , 13 38 21 -18 -11 -11 , -6 -7 -2 -1 5 -17 , -5 2 7 1 -15 12 , -19 45 -27 -12 21 -3 , 39 36 -36 0 7 -29 , 0.0062169137365518578 , 81
0.7509580557815696 , 31 -21 -38 18 -32 -49 , 41 -17 17 0 8 25 , -7 -6 17 -12 -5 2 , 1 -19 19 0 -15 4 , 13 38 21 -18 -11 -11 , 27 -7 24 3 -19 45 , 24 -24 7 -3 21 -12 , 5 -17 6 12 -15 1 , 39 36 -36 0 7 -29 , 0.0062169137365518674 , 82
0.7509580557815696 , 31 -21 -38 18 -32 -49 , 41 -17 17 0 8 25 , 7 6 -17 12 5 -2 , 1 -19 19 0 -15 4 , 13 38 21 -18 -11 -11 , -27 7 -24 -3 19 -45 , -24 24 -7 3 -21 12 , -5 17 -6 -12 15 -1 , 39 36 -36 0 7 -29 , 0.0062169137365518674 , 83
0.7509580557815696 , 31 -21 -38 18 -32 -49 , 1 -19 19 0 -15 4 , 3 -21 12 27 -45 19 , 41 -17 17 0 8 25 , 13 38 21 -18 -11 -11 , -12 15 -1 -7 -2 5 , -5 1 -15 7 6 -17 , -24 -12 21 -27 7 -24 , 39 36 -36 0 7 -29 , 0.0062169137365518856 , 84
0.7509580557815696 , 31 -21 -38 18 -32 -49 , 1 -19 19 0 -15 4 , -3 21 -12 -27 45 -19 , 41 -17 17 0 8 25 , 13 38 21 -18 -11 -11 , 12 -15 1 7 2 -5 , 5 -1 15 -7 -6 17 , 24 12 -21 27 -7 24 , 39 36 -36 0 7 -29 , 0.0062169137365518856 , 85
0.7509580557815696 , 31 -21 -38 18 -32 -49 , 1 -19 19 0 -15 4 , -24 7 -27 21 -12 -24 , 41 -17 17 0 8 25 , 13 38 21 -18 -11 -11 , -17 6 7 -15 1 -5 , -2 -7 -6 15 -12 -5 , -45 27 -7 -21 3 -19 , 39 36 -36 0 7 -29 , 0.0062169137365518943 , 86
0.7509580557815696 , 31 -21 -38 18 -32 -49 , 1 -19 19 0 -15 4 , 24 -7 27 -21 12 24 , 41 -17 17 0 8 25 , 13 38 21 -18 -11 -11 , 17 -6 -7 15 -1 5 , 2 7 6 -15 12 5 , 45 -27 7 21 -3 19 , 39 36 -36 0 7 -29 , 0.0062169137365518943 , 87
0.7509580557815696 , 31 -21 -38 18 -32 -49 , 1 -19 19 0 -15 4 , -21 12 24 -45 19 -3 , 41 -17 17 0 8 25 , 13 38 21 -18 -11 -11 , 15 -1 5 -2 5 12 , 17 -5 1 2 7 6 , 24 -24 -12 45 -27 7 , 39 36 -36 0 7 -29 , 0.0062169137365519342 , 88
0.7509580557815696 , 31 -21 -38 18 -32 -49 , 1 -19 19 0 -15 4 , 21 -12 -24 45 -19 3 , 41 -17 17 0 8 25 , 13 38 21 -18 -11 -11 , -15 1 -5 2 -5 -12 , -17 5 -1 -2 -7 -6 , -24 24 12 -45 27 -7 , 39 36 -36 0 7 -29 , 0.0062169137365519342 , 89
0.7509580557815696 , 31 -21 -38 18 -32 -49 , 41 -17 17 0 8 25 , 6 -17 5 5 -2 -7 , 1 -19 19 0 -15 4 , 13 38 21 -18 -11 -11 , 7 -24 24 19 -45 27 , -12 -24 24 -19 3 -21 , 1 -5 17 -5 -12 15 , 39 36 -36 0 7 -29 , 0.0062169137365519385 , 90
0.7509580557815696 , 31 -21 -38 18 -32 -49 , 41 -17 17 0 8 25 , -6 17 -5 -5 2 7 , 1 -19 19 0 -15 4 , 13 38 21 -18 -11 -11 , -7 24 -24 -19 45 -27 , 12 24 -24 19 -3 21 , -1 5 -17 5 12 -15 , 39 36 -36 0 7 -29 , 0.0062169137365519385 , 91
0.7509580557815696 , 31 -21 -38 18 -32 -49 , 41 -17 17 0 8 25 , -17 5 -1 -2 -7 -6 , 1 -19 19 0 -15 4 , 13 38 21 -18 -11 -11 , -24 24 12 -45 27 -7 , 21 -12 -24 45 -19 3 , -15 1 -5 2 -5 -12 , 39 36 -36 0 7 -29 , 0.0062169137365519871 , 92
0.7509580557815696 , 31 -21 -38 18 -32 -49 , 41 -17 17 0 8 25 , 17 -5 1 2 7 6 , 1 -19 19 0 -15 4 , 13 38 21 -18 -11 -11 , 24 -24 -12 45 -27 7 , -21 12 24 -45 19 -3 , 15 -1 5 -2 5 12 , 39 36 -36 0 7 -29 , 0.0062169137365519871 , 93
0.7509580557815696 , 31 -21 -38 18 -32 -49 , 1 -19 19 0 -15 4 , 19 -3 21 7 -27 45 , 41 -17 17 0 8 25 , 13 38 21 -18 -11 -11 , 5 12 -15 6 7 2 , -1 15 -12 -6 17 -5 , 12 -21 3 -7 24 -24 , 39 36 -36 0 7 -29 , 0.0062169137365520087 , 94
0.7509580557815696 , 31 -21 -38 18 -32 -49 , 1 -19 19 0 -15 4 , -19 3 -21 -7 27 -45 , 41 -17 17 0 8 25 , 13 38 21 -18 -11 -11 , -5 -12 15 -6 -7 -2 , 1 -15 12 6 -17 5 , -12 21 -3 7 -24 24 , 39 36 -36 0 7 -29 , 0.0062169137365520087 , 95
0.7509580557815696 , 31 -21 -38 18 -32 -49 , 41 -17 17 0 8 25 , 5 -2 -7 -1 15 -12 , 1 -19 19 0 -15 4 , 13 38 21 -18 -11 -11 , 19 -45 27 12 -21 3 , 7 -27 45 -12 -24 24 , 6 7 2 1 -5 17 , 39 36 -36 0 7 -29 , 0.0062169137365520192 , 96
0.7509580557815696 , 31 -21 -38 18 -32 -49 , 41 -17 17 0 8 25 , -5 2 7 1 -15 12 , 1 -19 19 0 -15 4 , 13 38 21 -18 -11 -11 , -19 45 -27 -12 21 -3 , -7 27 -45 12 24 -24 , -6 -7 -2 -1 5 -17 , 39 36 -36 0 7 -29 , 0.0062169137365520192 , 97
0.7509580557815696 , 31 -21 -38 18 -32 -49 , 1 -19 19 0 -15 4 , -24 24 -7 3 -21 12 , 41 -17 17 0 8 25 , 13 38 21 -18 -11 -11 , -5 17 -6 -12 15 -1 , 7 6 -17 12 5 -2 , -27 7 -24 -3 19 -45 , 39 36 -36 0 7 -29 , 0.0062169137365520495 , 98
0.7509580557815696 , 31 -21 -38 18 -32 -49 , 1 -19 19 0 -15 4 , 24 -24 7 -3 21 -12 , 41 -17 17 0 8 25 , 13 38 21 -18 -11 -11 , 5 -17 6 12 -15 1 , -7 -6 17 -12 -5 2 , 27 -7 24 3 -19 45 , 39 36 -36 0 7 -29 , 0.0062169137365520495 , 99
0.8843690053110279 , 38 1 -23 -13 -19 -15 , 7 -39 39 0 -28 11 , 5 14 9 -5 -9 30 , 35 3 -3 0 21 18 , 51 23 -1 13 8 -20 , -23 11 -11 -18 24 -32 , -5 11 -11 18 -21 13 , 10 -9 -14 5 21 -23 , 39 36 -36 0 7 -29 , 0.005465051181291509 , 0
0.8843690053110279 , 38 1 -23 -13 -19 -15 , 7 -39 39 0 -28 11 , -5 -14 -9 5 9 -30 , 35 3 -3 0 21 18 , 51 23 -1 13 8 -20 , 23 -11 11 18 -24 32 , 5 -11 11 -18 21 -13 , -10 9 14 -5 -21 23 , 39 36 -36 0 7 -29 , 0.005465051181291509 , 1
0.8843690053110279 , 38 1 -23 -13 -19 -15 , 35 3 -3 0 21 18 , -23 32 -24 -5 11 -11 , 7 -39 39 0 -28 11 , 51 23 -1 13 8 -20 , 5 -30 9 10 -9 -14 , -5 -9 30 -10 -23 21 , -18 24 -32 5 13 -21 , 39 36 -36 0 7 -29 , 0.0054650511812915168 , 2
0.8843690053110279 , 38 1 -23 -13 -19 -15 , 35 3 -3 0 21 18 , 23 -32 24 5 -11 11 , 7 -39 39 0 -28 11 , 51 23 -1 13 8 -20 , -5 30 -9 -10 9 14 , 5 9 -30 10 23 -21 , 18 -24 32 -5 -13 21 , 39 36 -36 0 7 -29 , 0.0054650511812915168 , 3
0.8843690053110279 , 38 1 -23 -13 -19 -15 , 35 3 -3 0 21 18 , -11 11 -23 21 -13 -5 , 7 -39 39 0 -28 11 , 51 23 -1 13 8 -20 , 9 14 5 -21 23 10 , 30 -5 -14 21 5 9 , -32 23 -11 -21 18 -24 , 39 36 -36 0 7 -29 , 0.0054650511812915237 , 4
0.8843690053110279 , 38 1 -23 -13 -19 -15 , 35 3 -3 0 21 18 , 11 -11 23 -21 13 5 , 7 -39 39 0 -28 11 , 51 23 -1 13 8 -20 , -9 -14 -5 21 -23 -10 , -30 5 14 -21 -5 -9 , 32 -23 11 21 -18 24 , 39 36 -36 0 7 -29 , 0.0054650511812915237 , 5
0.8843690053110279 , 38 1 -23 -13 -19 -15 , 7 -39 39 0 -28 11 , -23 21 5 -14 -9 10 , 35 3 -3 0 21 18 , 51 23 -1 13 8 -20 , 13 -21 18 -11 11 -5 , 24 -18 21 11 -23 32 , -9 -5 -21 14 5 -30 , 39 36 -36 0 7 -29 , 0.0054650511812915428 , 6
0.8843690053110279 , 38 1 -23 -13 -19 -15 , 7 -39 39 0 -28 11 , 23 -21 -5 14 9 -10 , 35 3 -3 0 21 18 , 51 23 -1 13 8 -20 , -13 21 -18 11 -11 5 , -24 18 -21 -11 23 -32 , 9 5 21 -14 -5 30 , 39 36 -36 0 7 -29 , 0.0054650511812915428 , 7
0.8843690053110279 , 38 1 -23 -13 -19 -15 , 35 3 -3 0 21 18 , -24 18 -21 -11 23 -32 , 7 -39 39 0 -28 11 , 51 23 -1 13 8 -20 , 9 5 21 -14 -5 30 , 23 -21 -5 14 9 -10 , -13 21 -18 11 -11 5 , 39 36 -36 0 7 -29 , 0.0054650511812915819 , 8
0.8843690053110279 , 38 1 -23 -13 -19 -15 , 35 3 -3 0 21 18 , 24 -18 21 11 -23 32 , 7 -39 39 0 -28 11 , 51 23 -1 13 8 -20 , -9 -5 -21 14 5 -30 , -23 21 5 -14 -9 10 , 13 -21 18 -11 11 -5 , 39 36 -36 0 7 -29 , 0.0054650511812915819 , 9
0.8843690053110279 , 38 1 -23 -13 -19 -15 , 7 -39 39 0 -28 11 , 10 23 -21 5 14 9 , 35 3 -3 0 21 18 , 51 23 -1 13 8 -20 , -5 -13 21 -23 11 -11 , 18 -21 13 23 -32 24 , 5 21 -23 -5 30 -9 , 39 36 -36 0 7 -29 , 0.0054650511812915879 , 10
0.8843690053110279 , 38 1 -23 -13 -19 -15 , 7 -39 39 0 -28 11 , -10 -23 21 -5 -14 -9 , 35 3 -3 0 21 18 , 51 23 -1 13 8 -20 , 5 13 -21 23 -11 11 , -18 21 -13 -23 32 -24 , -5 -21 23 5 -30 9 , 39 36 -36 0 7 -29 , 0.0054650511812915879 , 11
0.8843690053110279 , 38 1 -23 -13 -19 -15 , 35 3 -3 0 21 18 , 32 -24 18 11 -11 23 , 7 -39 39 0 -28 11 , 51 23 -1 13 8 -20 , -30 9 5 -9 -14 -5 , -21 -5 -9 9 -10 -23 , 21 -18 24 -11 5 13 , 39 36 -36 0 7 -29 , 0.0054650511812915923 , 12
0.8843690053110279 , 38 1 -23 -13 -19 -15 , 35 3 -3 0 21 18 , -32 24 -18 -11 11 -23 , 7 -39 39 0 -28 11 , 51 23 -1 13 8 -20 , 30 -9 -5 9 14 5 , 21 5 9 -9 10 23 , -21 18 -24 11 -5 -13 , 39 36 -36 0 7 -29 , 0.0054650511812915923 , 13
0.8843690053110279 , 38 1 -23 -13 -19 -15 , 7 -39 39 0 -28 11 , -14 -9 10 9 -30 5 , 35 3 -3 0 21 18 , 51 23 -1 13 8 -20 , -11 11 -5 -24 32 -23 , 13 5 -11 24 -18 21 , -23 -10 9 -9 -5 -21 , 39 36 -36 0 7 -29 , 0.0054650511812916174 , 14
0.8843690053110279 , 38 1 -23 -13 -19 -15 , 7 -39 39 0 -28 11 , 14 9 -10 -9 30 -5 , 35 3 -3 0 21 18 , 51 23 -1 13 8 -20 , 11 -11 5 24 -32 23 , -13 -5 11 -24 18 -21 , 23 10 -9 9 5 21 , 39 36 -36 0 7 -29 , 0.0054650511812916174 , 15
0.8843690053110279 , 38 1 -23 -13 -19 -15 , 35 3 -3 0 21 18 , 21 -13 -5 32 -24 18 , 7 -39 39 0 -28 11 , 51 23 -1 13 8 -20 , -21 23 10 -30 9 5 , 9 -10 -23 30 -5 -14 , -11 5 13 -32 23 -11 , 39 36 -36 0 7 -29 , 0.0054650511812916192 , 16
0.8843690053110279 , 38 1 -23 -13 -19 -15 , 35 3 -3 0 21 18 , -21 13 5 -32 24 -18 , 7 -39 39 0 -28 11 , 51 23 -1 13 8 -20 , 21 -23 -10 30 -9 -5 , -9 10 23 -30 5 14 , 11 -5 -13 32 -23 11 , 39 36 -36 0 7 -29 , 0.0054650511812916192 , 17
0.8843690053110279 , 38 1 -23 -13 -19 -15 , 7 -39 39 0 -28 11 , -9 10 23 -30 5 14 , 35 3 -3 0 21 18 , 51 23 -1 13 8 -20 , 11 -5 -13 32 -23 11 , -21 13 5 -32 24 -18 , 21 -23 -10 30 -9 -5 , 39 36 -36 0 7 -29 , 0.005465051181291633 , 18
0.8843690053110279 , 38 1 -23 -13 -19 -15 , 7 -39 39 0 -28 11 , 9 -10 -23 30 -5 -14 , 35 3 -3 0 21 18 , 51 23 -1 13 8 -20 , -11 5 13 -32 23 -11 , 21 -13 -5 32 -24 18 , -21 23 10 -30 9 5 , 39 36 -36 0 7 -29 , 0.005465051181291633 , 19
0.8843690053110279 , 38 1 -23 -13 -19 -15 , 7 -39 39 0 -28 11 , -21 -5 -9 9 -10 -23 , 35 3 -3 0 21 18 , 51 23 -1 13 8 -20 , 21 -18 24 -11 5 13 , 32 -24 18 11 -11 23 , -30 9 5 -9 -14 -5 , 39 36 -36 0 7 -29 , 0.0054650511812916365 , 20
0.8843690053110279 , 38 1 -23 -13 -19 -15 , 7 -39 39 0 -28 11 , 21 5 9 -9 10 23 , 35 3 -3 0 21 18 , 51 23 -1 13 8 -20 , -21 18 -24 11 -5 -13 , -32 24 -18 -11 11 -23 , 30 -9 -5 9 14 5 , 39 36 -36 0 7 -29 , 0.0054650511812916365 , 21
0.8843690053110279 , 38 1 -23 -13 -19 -15 , 35 3 -3 0 21 18 , -18 21 -13 -23 32 -24 , 7 -39 39 0 -28 11 , 51 23 -1 13 8 -20 , -5 -21 23 5 -30 9 , -10 -23 21 -5 -14 -9 , 5 13 -21 23 -11 11 , 39 36 -36 0 7 -29 , 0.005465051181291646 , 22
0.8843690053110279 , 38 1 -23 -13 -19 -15 , 35 3 -3 0 21 18 , 18 -21 13 23 -32 24 , 7 -39 39 0 -28 11 , 51 23 -1 13 8 -20 , 5 21 -23 -5 30 -9 , 10 23 -21 5 14 9 , -5 -13 21 -23 11 -11 , 39 36 -36 0 7 -29 , 0.005465051181291646 , 23
0.8843690053110279 , 38 1 -23 -13 -19 -15 , 7 -39 39 0 -28 11 , -30 5 14 -21 -5 -9 , 35 3 -3 0 21 18 , 51 23 -1 13 8 -20 , 32 -23 11 21 -18 24 , 11 -11 23 -21 13 5 , -9 -14 -5 21 -23 -10 , 39 36 -36 0 7 -29 , 0.0054650511812916617 , 24
0.8843690053110279 , 38 1 -23 -13 -19 -15 , 7 -39 39 0 -28 11 , 30 -5 -14 21 5 9 , 35 3 -3 0 21 18 , 51 23 -1 13 8 -20 , -32 23 -11 -21 18 -24 , -11 11 -23 21 -13 -5 , 9 14 5 -21 23 10 , 39 36 -36 0 7 -29 , 0.0054650511812916617 , 25
0.8843690053110279 , 38 1 -23 -13 -19 -15 , 35 3 -3 0 21 18 , 11 -23 32 -13 -5 11 , 7 -39 39 0 -28 11 , 51 23 -1 13 8 -20 , 14 5 -30 23 10 -9 , -9 30 -5 -23 21 5 , 24 -32 23 13 -21 18 , 39 36 -36 0 7 -29 , 0.0054650511812916781 , 26
0.8843690053110279 , 38 1 -23 -13 -19 -15 , 35 3 -3 0 21 18 , -11 23 -32 13 5 -11 , 7 -39 39 0 -28 11 , 51 23 -1 13 8 -20 , -14 -5 30 -23 -10 9 , 9 -30 5 23 -21 -5 , -24 32 -23 -13 21 -18 , 39 36 -36 0 7 -29 , 0.0054650511812916781 , 27
0.8843690053110279 , 38 1 -23 -13 -19 -15 , 35 3 -3 0 21 18 , -5 11 -11 18 -21 13 , 7 -39 39 0 -28 11 , 51 23 -1 13 8 -20 , 10 -9 -14 5 21 -23 , 5 14 9 -5 -9 30 , -23 11 -11 -18 24 -32 , 39 36 -36 0 7 -29 , 0.0054650511812917042 , 28
0.8843690053110279 , 38 1 -23 -13 -19 -15 , 35 3 -3 0 21 18 , 5 -11 11 -18 21 -13 , 7 -39 39 0 -28 11 , 51 23 -1 13 8 -20 , -10 9 14 -5 -21 23 , -5 -14 -9 5 9 -30 , 23 -11 11 18 -24 32 , 39 36 -36 0 7 -29 , 0.0054650511812917042 , 29
0.8843690053110279 , 38 1 -23 -13 -19 -15 , 35 3 -3 0 21 18 , -13 -5 11 -24 18 -21 , 7 -39 39 0 -28 11 , 51 23 -1 13 8 -20 , 23 10 -9 9 5 21 , 14 9 -10 -9 30 -5 , 11 -11 5 24 -32 23 , 39 36 -36 0 7 -29 , 0.0054650511812917154 , 30
0.8843690053110279 , 38 1 -23 -13 -19 -15 , 35 3 -3 0 21 18 , 13 5 -11 24 -18 21 , 7 -39 39 0 -28 11 , 51 23 -1 13 8 -20 , -23 -10 9 -9 -5 -21 , -14 -9 10 9 -30 5 , -11 11 -5 -24 32 -23 , 39 36 -36 0 7 -29 , 0.0054650511812917154 , 31
0.8843690053110279 , 38 1 -23 -13 -19 -15 , 7 -39 39 0 -28 11 , -5 -9 30 -10 -23 21 , 35 3 -3 0 21 18 , 51 23 -1 13 8 -20 , -18 24 -32 5 13 -21 , -23 32 -24 -5 11 -11 , 5 -30 9 10 -9 -14 , 39 36 -36 0 7 -29 , 0.0054650511812917944 , 32
0.8843690053110279 , 38 1 -23 -13 -19 -15 , 7 -39 39 0 -28 11 , 5 9 -30 10 23 -21 , 35 3 -3 0 21 18 , 51 23 -1 13 8 -20 , 18 -24 32 -5 -13 21 , 23 -32 24 5 -11 11 , -5 30 -9 -10 9 14 , 39 36 -36 0 7 -29 , 0.0054650511812917944 , 33
0.8843690053110279 , 38 1 -23 -13 -19 -15 , 7 -39 39 0 -28 11 , 9 -30 5 23 -21 -5 , 35 3 -3 0 21 18 , 51 23 -1 13 8 -20 , -24 32 -23 -13 21 -18 , -11 23 -32 13 5 -11 , -14 -5 30 -23 -10 9 , 39 36 -36 0 7 -29 , 0.0054650511812918126 , 34
0.8843690053110279 , 38 1 -23 -13 -19 -15 , 7 -39 39 0 -28 11 , -9 30 -5 -23 21 5 , 35 3 -3 0 21 18 , 51 23 -1 13 8 -20 , 24 -32 23 13 -21 18 , 11 -23 32 -13 -5 11 , 14 5 -30 23 10 -9 , 39 36 -36 0 7 -29 , 0.0054650511812918126 , 35
0.8843690053110279 , 4 29 -13 -44 -18 -11 , 32 -21 21 0 0 21 , 8 -7 -16 24 -7 -6 , 10 -15 15 0 -7 8 , 48 13 -29 44 2 -47 , 30 1 -3 21 -13 34 , 9 3 -1 -21 37 -14 , -16 16 7 -24 10 0 , 39 36 -36 0 7 -29 , 0.0058115391512885703 , 36
0.8843690053110279 , 4 29 -13 -44 -18 -11 , 32 -21 21 0 0 21 , -8 7 16 -24 7 6 , 10 -15 15 0 -7 8 , 48 13 -29 44 2 -47 , -30 -1 3 -21 13 -34 , -9 -3 1 21 -37 14 , 16 -16 -7 24 -10 0 , 39 36 -36 0 7 -29 , 0.0058115391512885703 , 37
0.8843690053110279 , 4 29 -13 -44 -18 -11 , 10 -15 15 0 -7 8 , -37 14 9 -34 13 -21 , 32 -21 21 0 0 21 , 48 13 -29 44 2 -47 , -10 0 -16 6 7 -24 , -16 16 0 -6 -8 7 , -3 -9 -14 34 -30 -1 , 39 36 -36 0 7 -29 , 0.0058115391512886111 , 38
0.8843690053110279 , 4 29 -13 -44 -18 -11 , 10 -15 15 0 -7 8 , 37 -14 -9 34 -13 21 , 32 -21 21 0 0 21 , 48 13 -29 44 2 -47 , 10 0 16 -6 -7 24 , 16 -16 0 6 8 -7 , 3 9 14 -34 30 1 , 39 36 -36 0 7 -29 , 0.0058115391512886111 , 39
0.8843690053110279 , 4 29 -13 -44 -18 -11 , 10 -15 15 0 -7 8 , -1 17 -2 10 -22 29 , 32 -21 21 0 0 21 , 48 13 -29 44 2 -47 , 0 -16 8 14 -24 5 , -14 -8 16 -14 -3 -8 , -11 2 -17 -10 31 -39 , 39 36 -36 0 7 -29 , 0.0058115391512888167 , 40
0.8843690053110279 , 4 29 -13 -44 -18 -11 , 10 -15 15 0 -7 8 , -21 37 -14 -30 34 -13 , 32 -21 21 0 0 21 , 48 13 -29 44 2 -47 , -24 10 0 -8 -6 -7 , -16 0 -10 8 -7 -16 , 9 14 -37 30 1 -3 , 39 36 -36 0 7 -29 , 0.0058115391512888167 , 41
0.8843690053110279 , 4 29 -13 -44 -18 -11 , 10 -15 15 0 -7 8 , 21 -37 14 30 -34 13 , 32 -21 21 0 0 21 , 48 13 -29 44 2 -47 , 24 -10 0 8 6 7 , 16 0 10 -8 7 16 , -9 -14 37 -30 -1 3 , 39 36 -36 0 7 -29 , 0.0058115391512888167 , 42
0.8843690053110279 , 4 29 -13 -44 -18 -11 , 10 -15 15 0 -7 8 , 1 -17 2 -10 22 -29 , 32 -21 21 0 0 21 , 48 13 -29 44 2 -47 , 0 16 -8 -14 24 -5 , 14 8 -16 14 3 8 , 11 -2 17 10 -31 39 , 39 36 -36 0 7 -29 , 0.0058115391512888167 , 43
0.8843690053110279 , 4 29 -13 -44 -18 -11 , 32 -21 21 0 0 21 , 6 8 -7 -10 24 -7 , 10 -15 15 0 -7 8 , 48 13 -29 44 2 -47 , -34 30 1 -37 21 -13 , 3 -1 -30 37 -14 -9 , 16 7 -8 10 0 16 , 39 36 -36 0 7 -29 , 0.0058115391512888167 , 44
0.8843690053110279 , 4 29 -13 -44 -18 -11 , 32 -21 21 0 0 21 , -24 14 3 -16 0 -5 , 10 -15 15 0 -7 8 , 48 13 -29 44 2 -47 , -22 10 -31 17 -1 -29 , -39 31 -10 -17 2 -11 , -8 -3 -14 16 -8 -14 , 39 36 -36 0 7 -29 , 0.0058115391512888167 , 45
0.8843690053110279 , 4 29 -13 -44 -18 -11 , 32 -21 21 0 0 21 , 24 -14 -3 16 0 5 , 10 -15 15 0 -7 8 , 48 13 -29 44 2 -47 , 22 -10 31 -17 1 29 , 39 -31 10 17 -2 11 , 8 3 14 -16 8 14 , 39 36 -36 0 7 -29 , 0.0058115391512888167 , 46
0.8843690053110279 , 4 29 -13 -44 -18 -11 , 32 -21 21 0 0 21 , -6 -8 7 10 -24 7 , 10 -15 15 0 -7 8 , 48 13 -29 44 2 -47 , 34 -30 -1 37 -21 13 , -3 1 30 -37 14 9 , -16 -7 8 -10 0 -16 , 39 36 -36 0 7 -29 , 0.0058115391512888167 , 47
0.8843690053110279 , 4 29 -13 -44 -18 -11 , 32 -21 21 0 0 21 , -7 -16 16 -7 -6 -8 , 10 -15 15 0 -7 8 , 48 13 -29 44 2 -47 , 1 -3 -9 -13 34 -30 , 14 9 3 13 -21 37 , 0 -16 16 7 -24 10 , 39 36 -36 0 7 -29 , 0.0058115391512888991 , 48
0.8843690053110279 , 4 29 -13 -44 -18 -11 , 32 -21 21 0 0 21 , 7 16 -16 7 6 8 , 10 -15 15 0 -7 8 , 48 13 -29 44 2 -47 , -1 3 9 13 -34 30 , -14 -9 -3 -13 21 -37 , 0 16 -16 -7 24 -10 , 39 36 -36 0 7 -29 , 0.0058115391512888991 , 49
0.8843690053110279 , 4 29 -13 -44 -18 -11 , 10 -15 15 0 -7 8 , -17 2 -11 22 -29 -1 , 32 -21 21 0 0 21 , 48 13 -29 44 2 -47 , 16 -8 -14 24 -5 0 , -8 14 8 -24 14 3 , -39 11 -2 -22 10 -31 , 39 36 -36 0 7 -29 , 0.0058115391512889398 , 50
0.8843690053110279 , 4 29 -13 -44 -18 -11 , 10 -15 15 0 -7 8 , 1 30 -34 14 9 3 , 32 -21 21 0 0 21 , 48 13 -29 44 2 -47 , -7 8 6 0 -16 16 , -7 -6 -8 0 10 -24 , -13 34 -30 -14 37 -21 , 39 36 -36 0 7 -29 , 0.0058115391512889398 , 51
0.8843690053110279 , 4 29 -13 -44 -18 -11 , 10 -15 15 0 -7 8 , -1 -30 34 -14 -9 -3 , 32 -21 21 0 0 21 , 48 13 -29 44 2 -47 , 7 -8 -6 0 16 -16 , 7 6 8 0 -10 24 , 13 -34 30 14 -37 21 , 39 36 -36 0 7 -29 , 0.0058115391512889398 , 52
0.8843690053110279 , 4 29 -13 -44 -18 -11 , 10 -15 15 0 -7 8 , 17 -2 11 -22 29 1 , 32 -21 21 0 0 21 , 48 13 -29 44 2 -47 , -16 8 14 -24 5 0 , 8 -14 -8 24 -14 -3 , 39 -11 2 22 -10 31 , 39 36 -36 0 7 -29 , 0.0058115391512889398 , 53
0.8843690053110279 , 4 29 -13 -44 -18 -11 , 32 -21 21 0 0 21 , 7 6 8 0 -10 24 , 10 -15 15 0 -7 8 , 48 13 -29 44 2 -47 , 13 -34 30 14 -37 21 , -1 -30 34 -14 -9 -3 , 7 -8 -6 0 16 -16 , 39 36 -36 0 7 -29 , 0.0058115391512889398 , 54
0.8843690053110279 , 4 29 -13 -44 -18 -11 , 32 -21 21 0 0 21 , -14 -3 -8 0 5 -24 , 10 -15 15 0 -7 8 , 48 13 -29 44 2 -47 , -10 31 -39 1 29 -22 , -11 39 -31 -1 17 -2 , -14 8 3 0 -16 8 , 39 36 -36 0 7 -29 , 0.0058115391512889398 , 55
0.8843690053110279 , 4 29 -13 -44 -18 -11 , 32 -21 21 0 0 21 , 14 3 8 0 -5 24 , 10 -15 15 0 -7 8 , 48 13 -29 44 2 -47 , 10 -31 39 -1 -29 22 , 11 -39 31 1 -17 2 , 14 -8 -3 0 16 -8 , 39 36 -36 0 7 -29 , 0.0058115391512889398 , 56
0.8843690053110279 , 4 29 -13 -44 -18 -11 , 32 -21 21 0 0 21 , -7 -6 -8 0 10 -24 , 10 -15 15 0 -7 8 , 48 13 -29 44 2 -47 , -13 34 -30 -14 37 -21 , 1 30 -34 14 9 3 , -7 8 6 0 -16 16 , 39 36 -36 0 7 -29 , 0.0058115391512889398 , 57
0.8843690053110279 , 4 29 -13 -44 -18 -11 , 10 -15 15 0 -7 8 , -34 13 -21 3 -1 -30 , 32 -21 21 0 0 21 , 48 13 -29 44 2 -47 , 6 7 -24 16 7 -8 , -10 24 -7 -16 16 0 , -37 21 -13 -3 -9 -14 , 39 36 -36 0 7 -29 , 0.0058115391512889806 , 58
0.8843690053110279 , 4 29 -13 -44 -18 -11 , 10 -15 15 0 -7 8 , -29 -1 17 -31 10 -22 , 32 -21 21 0 0 21 , 48 13 -29 44 2 -47 , -5 0 -16 3 14 -24 , -8 16 0 -3 -8 14 , 2 -17 1 31 -39 11 , 39 36 -36 0 7 -29 , 0.0058115391512889806 , 59
0.8843690053110279 , 4 29 -13 -44 -18 -11 , 10 -15 15 0 -7 8 , 13 -21 37 -1 -30 34 , 32 -21 21 0 0 21 , 48 13 -29 44 2 -47 , 7 -24 10 7 -8 -6 , 0 -10 24 -7 -16 16 , 14 -37 21 1 -3 -9 , 39 36 -36 0 7 -29 , 0.0058115391512889806 , 60
0.8843690053110279 , 4 29 -13 -44 -18 -11 , 10 -15 15 0 -7 8 , 2 -11 39 -29 -1 17 , 32 -21 21 0 0 21 , 48 13 -29 44 2 -47 , -8 -14 8 -5 0 -16 , -3 -8 14 5 -24 14 , 31 -39 11 29 -22 10 , 39 36 -36 0 7 -29 , 0.0058115391512889806 , 61
0.8843690053110279 , 4 29 -13 -44 -18 -11 , 10 -15 15 0 -7 8 , 10 -22 29 11 -39 31 , 32 -21 21 0 0 21 , 48 13 -29 44 2 -47 , 14 -24 5 14 -8 -3 , 0 -5 24 -14 -8 16 , -1 -29 22 -11 2 -17 , 39 36 -36 0 7 -29 , 0.0058115391512889806 , 62
0.8843690053110279 , 4 29 -13 -44 -18 -11 , 10 -15 15 0 -7 8 , -10 22 -29 -11 39 -31 , 32 -21 21 0 0 21 , 48 13 -29 44 2 -47 , -14 24 -5 -14 8 3 , 0 5 -24 14 8 -16 , 1 29 -22 11 -2 17 , 39 36 -36 0 7 -29 , 0.0058115391512889806 , 63
0.8843690053110279 , 4 29 -13 -44 -18 -11 , 10 -15 15 0 -7 8 , -2 11 -39 29 1 -17 , 32 -21 21 0 0 21 , 48 13 -29 44 2 -47 , 8 14 -8 5 0 16 , 3 8 -14 -5 24 -14 , -31 39 -11 -29 22 -10 , 39 36 -36 0 7 -29 , 0.0058115391512889806 , 64
0.8843690053110279 , 4 29 -13 -44 -18 -11 , 10 -15 15 0 -7 8 , -13 21 -37 1 30 -34 , 32 -21 21 0 0 21 , 48 13 -29 44 2 -47 , -7 24 -10 -7 8 6 , 0 10 -24 7 16 -16 , -14 37 -21 -1 3 9 , 39 36 -36 0 7 -29 , 0.0058115391512889806 , 65
0.8843690053110279 , 4 29 -13 -44 -18 -11 , 10 -15 15 0 -7 8 , 29 1 -17 31 -10 22 , 32 -21 21 0 0 21 , 48 13 -29 44 2 -47 , 5 0 16 -3 -14 24 , 8 -16 0 3 8 -14 , -2 17 -1 -31 39 -11 , 39 36 -36 0 7 -29 , 0.0058115391512889806 , 66
0.8843690053110279 , 4 29 -13 -44 -18 -11 , 10 -15 15 0 -7 8 , 34 -13 21 -3 1 30 , 32 -21 21 0 0 21 , 48 13 -29 44 2 -47 , -6 -7 24 -16 -7 8 , 10 -24 7 16 -16 0 , 37 -21 13 3 9 14 , 39 36 -36 0 7 -29 , 0.0058115391512889806 , 67
0.8843690053110279 , 4 29 -13 -44 -18 -11 , 32 -21 21 0 0 21 , 8 -14 -8 24 -14 -3 , 10 -15 15 0 -7 8 , 48 13 -29 44 2 -47 , 39 -11 2 22 -10 31 , 17 -2 11 -22 29 1 , -16 8 14 -24 5 0 , 39 36 -36 0 7 -29 , 0.0058115391512889806 , 68
0.8843690053110279 , 4 29 -13 -44 -18 -11 , 32 -21 21 0 0 21 , -8 14 8 -24 14 3 , 10 -15 15 0 -7 8 , 48 13 -29 44 2 -47 , -39 11 -2 -22 10 -31 , -17 2 -11 22 -29 -1 , 16 -8 -14 24 -5 0 , 39 36 -36 0 7 -29 , 0.0058115391512889806 , 69
0.8843690053110279 , 4 29 -13 -44 -18 -11 , 32 -21 21 0 0 21 , -14 -8 16 -14 -3 -8 , 10 -15 15 0 -7 8 , 48 13 -29 44 2 -47 , -11 2 -17 -10 31 -39 , -1 17 -2 10 -22 29 , 0 -16 8 14 -24 5 , 39 36 -36 0 7 -29 , 0.0058115391512890621 , 70
0.8843690053110279 , 4 29 -13 -44 -18 -11 , 32 -21 21 0 0 21 , 14 8 -16 14 3 8 , 10 -15 15 0 -7 8 , 48 13 -29 44 2 -47 , 11 -2 17 10 -31 39 , 1 -17 2 -10 22 -29 , 0 16 -8 -14 24 -5 , 39 36 -36 0 7 -29 , 0.0058115391512890621 , 71
0.8843690053110279 , 4 29 -13 -44 -18 -11 , 32 -21 21 0 0 21 , -3 -8 14 5 -24 14 , 10 -15 15 0 -7 8 , 48 13 -29 44 2 -47 , 31 -39 11 29 -22 10 , 2 -11 39 -29 -1 17 , -8 -14 8 -5 0 -16 , 39 36 -36 0 7 -29 , 0.005811539151289063 , 72
0.8843690053110279 , 4 29 -13 -44 -18 -11 , 32 -21 21 0 0 21 , 3 8 -14 -5 24 -14 , 10 -15 15 0 -7 8 , 48 13 -29 44 2 -47 , -31 39 -11 -29 22 -10 , -2 11 -39 29 1 -17 , 8 14 -8 5 0 16 , 39 36 -36 0 7 -29 , 0.005811539151289063 , 73
0.8843690053110279 , 4 29 -13 -44 -18 -11 , 10 -15 15 0 -7 8 , 14 9 3 13 -21 37 , 32 -21 21 0 0 21 , 48 13 -29 44 2 -47 , 0 -16 16 7 -24 10 , -7 -16 16 -7 -6 -8 , 1 -3 -9 -13 34 -30 , 39 36 -36 0 7 -29 , 0.0058115391512890639 , 74
0.8843690053110279 , 4 29 -13 -44 -18 -11 , 10 -15 15 0 -7 8 , -14 -9 -3 -13 21 -37 , 32 -21 21 0 0 21 , 48 13 -29 44 2 -47 , 0 16 -16 -7 24 -10 , 7 16 -16 7 6 8 , -1 3 9 13 -34 30 , 39 36 -36 0 7 -29 , 0.0058115391512890639 , 75
0.8843690053110279 , 4 29 -13 -44 -18 -11 , 32 -21 21 0 0 21 , -5 24 -14 -8 16 0 , 10 -15 15 0 -7 8 , 48 13 -29 44 2 -47 , -29 22 -10 2 -17 1 , -31 10 -22 -2 11 -39 , 3 14 -24 8 14 -8 , 39 36 -36 0 7 -29 , 0.0058115391512890639 , 76
0.8843690053110279 , 4 29 -13 -44 -18 -11 , 32 -21 21 0 0 21 , 5 -24 14 8 -16 0 , 10 -15 15 0 -7 8 , 48 13 -29 44 2 -47 , 29 -22 10 -2 17 -1 , 31 -10 22 2 -11 39 , -3 -14 24 -8 -14 8 , 39 36 -36 0 7 -29 , 0.0058115391512890639 , 77
0.8843690053110279 , 4 29 -13 -44 -18 -11 , 32 -21 21 0 0 21 , -16 0 -10 8 -7 -16 , 10 -15 15 0 -7 8 , 48 13 -29 44 2 -47 , 9 14 -37 30 1 -3 , -21 37 -14 -30 34 -13 , -24 10 0 -8 -6 -7 , 39 36 -36 0 7 -29 , 0.0058115391512891445 , 78
0.8843690053110279 , 4 29 -13 -44 -18 -11 , 32 -21 21 0 0 21 , 16 0 10 -8 7 16 , 10 -15 15 0 -7 8 , 48 13 -29 44 2 -47 , -9 -14 37 -30 -1 3 , 21 -37 14 30 -34 13 , 24 -10 0 8 6 7 , 39 36 -36 0 7 -29 , 0.0058115391512891445 , 79
0.8843690053110279 , 4 29 -13 -44 -18 -11 , 10 -15 15 0 -7 8 , 3 -1 -30 37 -14 -9 , 32 -21 21 0 0 21 , 48 13 -29 44 2 -47 , 16 7 -8 10 0 16 , 6 8 -7 -10 24 -7 , -34 30 1 -37 21 -13 , 39 36 -36 0 7 -29 , 0.0058115391512891454 , 80
0.8843690053110279 , 4 29 -13 -44 -18 -11 , 10 -15 15 0 -7 8 , -3 1 30 -37 14 9 , 32 -21 21 0 0 21 , 48 13 -29 44 2 -47 , -16 -7 8 -10 0 -16 , -6 -8 7 10 -24 7 , 34 -30 -1 37 -21 13 , 39 36 -36 0 7 -29 , 0.0058115391512891454 , 81
0.8843690053110279 , 4 29 -13 -44 -18 -11 , 32 -21 21 0 0 21 , 0 -5 24 -14 -8 16 , 10 -15 15 0 -7 8 , 48 13 -29 44 2 -47 , -1 -29 22 -11 2 -17 , 10 -22 29 11 -39 31 , 14 -24 5 14 -8 -3 , 39 36 -36 0 7 -29 , 0.0058115391512891454 , 82
0.8843690053110279 , 4 29 -13 -44 -18 -11 , 32 -21 21 0 0 21 , 0 5 -24 14 8 -16 , 10 -15 15 0 -7 8 , 48 13 -29 44 2 -47 , 1 29 -22 11 -2 17 , -10 22 -29 -11 39 -31 , -14 24 -5 -14 8 3 , 39 36 -36 0 7 -29 , 0.0058115391512891454 , 83
0.8843690053110279 , 4 29 -13 -44 -18 -11 , 10 -15 15 0 -7 8 , -39 31 -10 -17 2 -11 , 32 -21 21 0 0 21 , 48 13 -29 44 2 -47 , -8 -3 -14 16 -8 -14 , -24 14 3 -16 0 -5 , -22 10 -31 17 -1 -29 , 39 36 -36 0 7 -29 , 0.0058115391512891862 , 84
0.8843690053110279 , 4 29 -13 -44 -18 -11 , 10 -15 15 0 -7 8 , 39 -31 10 17 -2 11 , 32 -21 21 0 0 21 , 48 13 -29 44 2 -47 , 8 3 14 -16 8 14 , 24 -14 -3 16 0 5 , 22 -10 31 -17 1 29 , 39 36 -36 0 7 -29 , 0.0058115391512891862 , 85
0.8843690053110279 , 4 29 -13 -44 -18 -11 , 10 -15 15 0 -7 8 , -11 39 -31 -1 17 -2 , 32 -21 21 0 0 21 , 48 13 -29 44 2 -47 , -14 8 3 0 -16 8 , -14 -3 -8 0 5 -24 , -10 31 -39 1 29 -22 , 39 36 -36 0 7 -29 , 0.005811539151289187 , 86
0.8843690053110279 , 4 29 -13 -44 -18 -11 , 10 -15 15 0 -7 8 , 11 -39 31 1 -17 2 , 32 -21 21 0 0 21 , 48 13 -29 44 2 -47 , 14 -8 -3 0 16 -8 , 14 3 8 0 -5 24 , 10 -31 39 -1 -29 22 , 39 36 -36 0 7 -29 , 0.005811539151289187 , 87
0.8843690053110279 , 4 29 -13 -44 -18 -11 , 32 -21 21 0 0 21 , -10 24 -7 -16 16 0 , 10 -15 15 0 -7 8 , 48 13 -29 44 2 -47 , -37 21 -13 -3 -9 -14 , -34 13 -21 3 -1 -30 , 6 7 -24 16 7 -8 , 39 36 -36 0 7 -29 , 0.005811539151289187 , 88
0.8843690053110279 , 4 29 -13 -44 -18 -11 , 32 -21 21 0 0 21 , 10 -24 7 16 -16 0 , 10 -15 15 0 -7 8 , 48 13 -29 44 2 -47 , 37 -21 13 3 9 14 , 34 -13 21 -3 1 30 , -6 -7 24 -16 -7 8 , 39 36 -36 0 7 -29 , 0.005811539151289187 , 89
0.8843690053110279 , 4 29 -13 -44 -18 -11 , 32 -21 21 0 0 21 , -8 16 0 -3 -8 14 , 10 -15 15 0 -7 8 , 48 13 -29 44 2 -47 , 2 -17 1 31 -39 11 , -29 -1 17 -31 10 -22 , -5 0 -16 3 14 -24 , 39 36 -36 0 7 -29 , 0.0058115391512892269 , 90
0.8843690053110279 , 4 29 -13 -44 -18 -11 , 32 -21 21 0 0 21 , 8 -16 0 3 8 -14 , 10 -15 15 0 -7 8 , 48 13 -29 44 2 -47 , -2 17 -1 -31 39 -11 , 29 1 -17 31 -10 22 , 5 0 16 -3 -14 24 , 39 36 -36 0 7 -29 , 0.0058115391512892269 , 91
0.8843690053110279 , 4 29 -13 -44 -18 -11 , 32 -21 21 0 0 21 , 0 -10 24 -7 -16 16 , 10 -15 15 0 -7 8 , 48 13 -29 44 2 -47 , 14 -37 21 1 -3 -9 , 13 -21 37 -1 -30 34 , 7 -24 10 7 -8 -6 , 39 36 -36 0 7 -29 , 0.0058115391512892278 , 92
0.8843690053110279 , 4 29 -13 -44 -18 -11 , 32 -21 21 0 0 21 , 0 10 -24 7 16 -16 , 10 -15 15 0 -7 8 , 48 13 -29 44 2 -47 , -14 37 -21 -1 3 9 , -13 21 -37 1 30 -34 , -7 24 -10 -7 8 6 , 39 36 -36 0 7 -29 , 0.0058115391512892278 , 93
0.8843690053110279 , 4 29 -13 -44 -18 -11 , 10 -15 15 0 -7 8 , -31 10 -22 -2 11 -39 , 32 -21 21 0 0 21 , 48 13 -29 44 2 -47 , 3 14 -24 8 14 -8 , -5 24 -14 -8 16 0 , -29 22 -10 2 -17 1 , 39 36 -36 0 7 -29 , 0.0058115391512892686 , 94
0.8843690053110279 , 4 29 -13 -44 -18 -11 , 10 -15 15 0 -7 8 , 31 -10 22 2 -11 39 , 32 -21 21 0 0 21 , 48 13 -29 44 2 -47 , -3 -14 24 -8 -14 8 , 5 -24 14 8 -16 0 , 29 -22 10 -2 17 -1 , 39 36 -36 0 7 -29 , 0.0058115391512892686 , 95
0.8843690053110279 , 4 29 -13 -44 -18 -11 , 32 -21 21 0 0 21 , -16 16 0 -6 -8 7 , 10 -15 15 0 -7 8 , 48 13 -29 44 2 -47 , -3 -9 -14 34 -30 -1 , -37 14 9 -34 13 -21 , -10 0 -16 6 7 -24 , 39 36 -36 0 7 -29 , 0.0058115391512892686 , 96
0.8843690053110279 , 4 29 -13 -44 -18 -11 , 32 -21 21 0 0 21 , 16 -16 0 6 8 -7 , 10 -15 15 0 -7 8 , 48 13 -29 44 2 -47 , 3 9 14 -34 30 1 , 37 -14 -9 34 -13 21 , 10 0 16 -6 -7 24 , 39 36 -36 0 7 -29 , 0.0058115391512892686 , 97
0.8843690053110279 , 4 29 -13 -44 -18 -11 , 32 -21 21 0 0 21 , -24 7 6 -16 0 -10 , 10 -15 15 0 -7 8 , 48 13 -29 44 2 -47 , -21 13 -34 9 14 -37 , -30 34 -13 -9 -3 1 , -8 -6 -7 16 -16 -7 , 39 36 -36 0 7 -29 , 0.0058115391512893093 , 98
0.8843690053110279 , 4 29 -13 -44 -18 -11 , 32 -21 21 0 0 21 , 24 -7 -6 16 0 10 , 10 -15 15 0 -7 8 , 48 13 -29 44 2 -47 , 21 -13 34 -9 -14 37 , 30 -34 13 9 3 -1 , 8 6 7 -16 16 7 , 39 36 -36 0 7 -29 , 0.0058115391512893093 , 99
0.9874560609023788 , 16 -7 -44 -5 -15 -55 , 2 -32 32 0 -25 7 , -29 4 -13 9 -14 -21 , 40 -4 4 0 18 22 , 21 44 7 5 -11 -8 , -7 14 -10 10 -13 10 , -17 10 -14 -10 20 -27 , -38 13 -4 -9 -8 -18 , 39 36 -36 0 7 -29 , 0.0053414409463500749 , 0
0.9874560609023788 , 16 -7 -44 -5 -15 -55 , 2 -32 32 0 -25 7 , 29 -4 13 -9 14 21 , 40 -4 4 0 18 22 , 21 44 7 5 -11 -8 , 7 -14 10 -10 13 -10 , 17 -10 14 10 -20 27 , 38 -13 4 9 8 18 , 39 36 -36 0 7 -29 , 0.0053414409463500749 , 1
0.9874560609023788 , 16 -7 -44 -5 -15 -55 , 2 -32 32 0 -25 7 , -4 13 -38 14 21 -29 , 40 -4 4 0 18 22 , 21 44 7 5 -11 -8 , -14 10 -17 13 -10 -7 , -27 17 -10 -13 10 -20 , -18 38 -13 -14 9 8 , 39 36 -36 0 7 -29 , 0.0053414409463501842 , 2
0.9874560609023788 , 16 -7 -44 -5 -15 -55 , 2 -32 32 0 -25 7 , 4 -13 38 -14 -21 29 , 40 -4 4 0 18 22 , 21 44 7 5 -11 -8 , 14 -10 17 -13 10 7 , 27 -17 10 13 -10 20 , 18 -38 13 14 -9 -8 , 39 36 -36 0 7 -29 , 0.0053414409463501842 , 3
0.9874560609023788 , 16 -7 -44 -5 -15 -55 , 40 -4 4 0 18 22 , -27 17 -10 -13 10 -20 , 2 -32 32 0 -25 7 , 21 44 7 5 -11 -8 , -18 38 -13 -14 9 8 , -4 13 -38 14 21 -29 , -14 10 -17 13 -10 -7 , 39 36 -36 0 7 -29 , 0.0053414409463502085 , 4
0.9874560609023788 , 16 -7 -44 -5 -15 -55 , 40 -4 4 0 18 22 , 27 -17 10 13 -10 20 , 2 -32 32 0 -25 7 , 21 44 7 5 -11 -8 , 18 -38 13 14 -9 -8 , 4 -13 38 -14 -21 29 , 14 -10 17 -13 10 7 , 39 36 -36 0 7 -29 , 0.0053414409463502085 , 5
0.9874560609023788 , 16 -7 -44 -5 -15 -55 , 40 -4 4 0 18 22 , -10 20 -27 7 10 -13 , 2 -32 32 0 -25 7 , 21 44 7 5 -11 -8 , -9 -8 -18 29 -21 -14 , -38 18 8 -29 4 -13 , -17 27 -20 -7 14 -10 , 39 36 -36 0 7 -29 , 0.0053414409463502094 , 6
0.9874560609023788 , 16 -7 -44 -5 -15 -55 , 40 -4 4 0 18 22 , 10 -20 27 -7 -10 13 , 2 -32 32 0 -25 7 , 21 44 7 5 -11 -8 , 9 8 18 -29 21 14 , 38 -18 -8 29 -4 13 , 17 -27 20 7 -14 10 , 39 36 -36 0 7 -29 , 0.0053414409463502094 , 7
0.9874560609023788 , 16 -7 -44 -5 -15 -55 , 40 -4 4 0 18 22 , -10 13 -10 10 -14 7 , 2 -32 32 0 -25 7 , 21 44 7 5 -11 -8 , 21 14 -9 13 -4 29 , 8 9 -14 -13 38 -18 , -20 10 -13 -10 17 -27 , 39 36 -36 0 7 -29 , 0.0053414409463502129 , 8
0.9874560609023788 , 16 -7 -44 -5 -15 -55 , 40 -4 4 0 18 22 , 10 -13 10 -10 14 -7 , 2 -32 32 0 -25 7 , 21 44 7 5 -11 -8 , -21 -14 9 -13 4 -29 , -8 -9 14 13 -38 18 , 20 -10 13 10 -17 27 , 39 36 -36 0 7 -29 , 0.0053414409463502129 , 9
0.9874560609023788 , 16 -7 -44 -5 -15 -55 , 40 -4 4 0 18 22 , -17 10 -14 -10 20 -27 , 2 -32 32 0 -25 7 , 21 44 7 5 -11 -8 , -38 13 -4 -9 -8 -18 , -29 4 -13 9 -14 -21 , -7 14 -10 10 -13 10 , 39 36 -36 0 7 -29 , 0.0053414409463502285 , 10
0.9874560609023788 , 16 -7 -44 -5 -15 -55 , 40 -4 4 0 18 22 , 17 -10 14 10 -20 27 , 2 -32 32 0 -25 7 , 21 44 7 5 -11 -8 , 38 -13 4 9 8 18 , 29 -4 13 -9 14 21 , 7 -14 10 -10 13 -10 , 39 36 -36 0 7 -29 , 0.0053414409463502285 , 11
0.9874560609023788 , 16 -7 -44 -5 -15 -55 , 2 -32 32 0 -25 7 , -8 -9 14 13 -38 18 , 40 -4 4 0 18 22 , 21 44 7 5 -11 -8 , 20 -10 13 10 -17 27 , 10 -13 10 -10 14 -7 , -21 -14 9 -13 4 -29 , 39 36 -36 0 7 -29 , 0.0053414409463502285 , 12
0.9874560609023788 , 16 -7 -44 -5 -15 -55 , 2 -32 32 0 -25 7 , 8 9 -14 -13 38 -18 , 40 -4 4 0 18 22 , 21 44 7 5 -11 -8 , -20 10 -13 -10 17 -27 , -10 13 -10 10 -14 7 , 21 14 -9 13 -4 29 , 39 36 -36 0 7 -29 , 0.0053414409463502285 , 13
0.9874560609023788 , 16 -7 -44 -5 -15 -55 , 2 -32 32 0 -25 7 , -38 18 8 -29 4 -13 , 40 -4 4 0 18 22 , 21 44 7 5 -11 -8 , -17 27 -20 -7 14 -10 , -10 20 -27 7 10 -13 , -9 -8 -18 29 -21 -14 , 39 36 -36 0 7 -29 , 0.0053414409463502449 , 14
0.9874560609023788 , 16 -7 -44 -5 -15 -55 , 2 -32 32 0 -25 7 , 38 -18 -8 29 -4 13 , 40 -4 4 0 18 22 , 21 44 7 5 -11 -8 , 17 -27 20 7 -14 10 , 10 -20 27 -7 -10 13 , 9 8 18 -29 21 14 , 39 36 -36 0 7 -29 , 0.0053414409463502449 , 15
0.9874560609023788 , 16 -7 -44 -5 -15 -55 , 40 -4 4 0 18 22 , 20 -27 17 10 -13 10 , 2 -32 32 0 -25 7 , 21 44 7 5 -11 -8 , -8 -18 38 -21 -14 9 , 13 -38 18 21 -29 4 , 10 -17 27 -10 -7 14 , 39 36 -36 0 7 -29 , 0.0053414409463502493 , 16
0.9874560609023788 , 16 -7 -44 -5 -15 -55 , 40 -4 4 0 18 22 , -20 27 -17 -10 13 -10 , 2 -32 32 0 -25 7 , 21 44 7 5 -11 -8 , 8 18 -38 21 14 -9 , -13 38 -18 -21 29 -4 , -10 17 -27 10 7 -14 , 39 36 -36 0 7 -29 , 0.0053414409463502493 , 17
0.9874560609023788 , 16 -7 -44 -5 -15 -55 , 2 -32 32 0 -25 7 , 13 -38 18 21 -29 4 , 40 -4 4 0 18 22 , 21 44 7 5 -11 -8 , 10 -17 27 -10 -7 14 , 20 -27 17 10 -13 10 , -8 -18 38 -21 -14 9 , 39 36 -36 0 7 -29 , 0.0053414409463502779 , 18
0.9874560609023788 , 16 -7 -44 -5 -15 -55 , 2 -32 32 0 -25 7 , -13 38 -18 -21 29 -4 , 40 -4 4 0 18 22 , 21 44 7 5 -11 -8 , -10 17 -27 10 7 -14 , -20 27 -17 -10 13 -10 , 8 18 -38 21 14 -9 , 39 36 -36 0 7 -29 , 0.0053414409463502779 , 19
0.9874560609023788 , 16 -7 -44 -5 -15 -55 , 2 -32 32 0 -25 7 , -21 29 -4 -8 -9 14 , 40 -4 4 0 18 22 , 21 44 7 5 -11 -8 , 10 7 -14 20 -10 13 , -10 14 -7 -20 27 -17 , -13 4 -29 8 18 -38 , 39 36 -36 0 7 -29 , 0.0053414409463502788 , 20
0.9874560609023788 , 16 -7 -44 -5 -15 -55 , 2 -32 32 0 -25 7 , 21 -29 4 8 9 -14 , 40 -4 4 0 18 22 , 21 44 7 5 -11 -8 , -10 -7 14 -20 10 -13 , 10 -14 7 20 -27 17 , 13 -4 29 -8 -18 38 , 39 36 -36 0 7 -29 , 0.0053414409463502788 , 21
0.9874560609023788 , 16 -7 -44 -5 -15 -55 , 40 -4 4 0 18 22 , 13 -10 20 -14 7 10 , 2 -32 32 0 -25 7 , 21 44 7 5 -11 -8 , 14 -9 -8 -4 29 -21 , 18 8 9 4 -13 38 , 27 -20 10 14 -10 17 , 39 36 -36 0 7 -29 , 0.00534144094635029 , 22
0.9874560609023788 , 16 -7 -44 -5 -15 -55 , 40 -4 4 0 18 22 , -13 10 -20 14 -7 -10 , 2 -32 32 0 -25 7 , 21 44 7 5 -11 -8 , -14 9 8 4 -29 21 , -18 -8 -9 -4 13 -38 , -27 20 -10 -14 10 -17 , 39 36 -36 0 7 -29 , 0.00534144094635029 , 23
0.9874560609023788 , 16 -7 -44 -5 -15 -55 , 2 -32 32 0 -25 7 , 14 21 -29 18 8 9 , 40 -4 4 0 18 22 , 21 44 7 5 -11 -8 , 13 -10 -7 27 -20 10 , -14 7 10 -27 17 -10 , -4 29 -21 -18 38 -13 , 39 36 -36 0 7 -29 , 0.0053414409463502927 , 24
0.9874560609023788 , 16 -7 -44 -5 -15 -55 , 2 -32 32 0 -25 7 , -14 -21 29 -18 -8 -9 , 40 -4 4 0 18 22 , 21 44 7 5 -11 -8 , -13 10 7 -27 20 -10 , 14 -7 -10 27 -17 10 , 4 -29 21 18 -38 13 , 39 36 -36 0 7 -29 , 0.0053414409463502927 , 25
0.9874560609023788 , 16 -7 -44 -5 -15 -55 , 40 -4 4 0 18 22 , 10 -14 7 20 -27 17 , 2 -32 32 0 -25 7 , 21 44 7 5 -11 -8 , 13 -4 29 -8 -18 38 , 21 -29 4 8 9 -14 , -10 -7 14 -20 10 -13 , 39 36 -36 0 7 -29 , 0.0053414409463502979 , 26
0.9874560609023788 , 16 -7 -44 -5 -15 -55 , 40 -4 4 0 18 22 , -10 14 -7 -20 27 -17 , 2 -32 32 0 -25 7 , 21 44 7 5 -11 -8 , -13 4 -29 8 18 -38 , -21 29 -4 -8 -9 14 , 10 7 -14 20 -10 13 , 39 36 -36 0 7 -29 , 0.0053414409463502979 , 27
0.9874560609023788 , 16 -7 -44 -5 -15 -55 , 2 -32 32 0 -25 7 , -9 14 21 -38 18 8 , 40 -4 4 0 18 22 , 21 44 7 5 -11 -8 , -10 13 -10 -17 27 -20 , 7 10 -13 17 -10 14 , 29 -21 -14 38 -13 4 , 39 36 -36 0 7 -29 , 0.0053414409463503022 , 28
0.9874560609023788 , 16 -7 -44 -5 -15 -55 , 2 -32 32 0 -25 7 , 9 -14 -21 38 -18 -8 , 40 -4 4 0 18 22 , 21 44 7 5 -11 -8 , 10 -13 10 17 -27 20 , -7 -10 13 -17 10 -14 , -29 21 14 -38 13 -4 , 39 36 -36 0 7 -29 , 0.0053414409463503022 , 29
0.9874560609023788 , 16 -7 -44 -5 -15 -55 , 40 -4 4 0 18 22 , -14 7 10 -27 17 -10 , 2 -32 32 0 -25 7 , 21 44 7 5 -11 -8 , -4 29 -21 -18 38 -13 , 14 21 -29 18 8 9 , 13 -10 -7 27 -20 10 , 39 36 -36 0 7 -29 , 0.0053414409463503239 , 30
0.9874560609023788 , 16 -7 -44 -5 -15 -55 , 40 -4 4 0 18 22 , 14 -7 -10 27 -17 10 , 2 -32 32 0 -25 7 , 21 44 7 5 -11 -8 , 4 -29 21 18 -38 13 , -14 -21 29 -18 -8 -9 , -13 10 7 -27 20 -10 , 39 36 -36 0 7 -29 , 0.0053414409463503239 , 31
0.9874560609023788 , 16 -7 -44 -5 -15 -55 , 2 -32 32 0 -25 7 , -18 -8 -9 -4 13 -38 , 40 -4 4 0 18 22 , 21 44 7 5 -11 -8 , -27 20 -10 -14 10 -17 , -13 10 -20 14 -7 -10 , -14 9 8 4 -29 21 , 39 36 -36 0 7 -29 , 0.0053414409463503751 , 32
0.9874560609023788 , 16 -7 -44 -5 -15 -55 , 2 -32 32 0 -25 7 , 18 8 9 4 -13 38 , 40 -4 4 0 18 22 , 21 44 7 5 -11 -8 , 27 -20 10 14 -10 17 , 13 -10 20 -14 7 10 , 14 -9 -8 -4 29 -21 , 39 36 -36 0 7 -29 , 0.0053414409463503751 , 33
0.9874560609023788 , 16 -7 -44 -5 -15 -55 , 40 -4 4 0 18 22 , 7 10 -13 17 -10 14 , 2 -32 32 0 -25 7 , 21 44 7 5 -11 -8 , 29 -21 -14 38 -13 4 , -9 14 21 -38 18 8 , -10 13 -10 -17 27 -20 , 39 36 -36 0 7 -29 , 0.0053414409463504106 , 34
0.9874560609023788 , 16 -7 -44 -5 -15 -55 , 40 -4 4 0 18 22 , -7 -10 13 -17 10 -14 , 2 -32 32 0 -25 7 , 21 44 7 5 -11 -8 , -29 21 14 -38 13 -4 , 9 -14 -21 38 -18 -8 , 10 -13 10 17 -27 20 , 39 36 -36 0 7 -29 , 0.0053414409463504106 , 35
0.9874560609023788 , 34 -2 -44 -1 -14 -35 , 30 5 -5 0 20 15 , -13 26 -36 13 8 -14 , 12 -41 41 0 -27 14 , 35 44 2 1 9 -12 , -21 -7 9 -3 -15 -10 , -18 -9 7 3 -19 -8 , -26 36 -26 -13 22 -18 , 39 36 -36 0 7 -29 , 0.0053890114570532095 , 36
0.9874560609023788 , 34 -2 -44 -1 -14 -35 , 30 5 -5 0 20 15 , 13 -26 36 -13 -8 14 , 12 -41 41 0 -27 14 , 35 44 2 1 9 -12 , 21 7 -9 3 15 10 , 18 9 -7 -3 19 8 , 26 -36 26 13 -22 18 , 39 36 -36 0 7 -29 , 0.0053890114570532095 , 37
0.9874560609023788 , 34 -2 -44 -1 -14 -35 , 12 -41 41 0 -27 14 , -8 18 9 -15 -3 19 , 30 5 -5 0 20 15 , 35 44 2 1 9 -12 , -18 26 -36 8 13 -22 , -26 36 -26 -8 14 -13 , 7 -9 -18 15 10 -21 , 39 36 -36 0 7 -29 , 0.0053890114570533422 , 38
0.9874560609023788 , 34 -2 -44 -1 -14 -35 , 12 -41 41 0 -27 14 , 8 -18 -9 15 3 -19 , 30 5 -5 0 20 15 , 35 44 2 1 9 -12 , 18 -26 36 -8 -13 22 , 26 -36 26 8 -14 13 , -7 9 18 -15 -10 21 , 39 36 -36 0 7 -29 , 0.0053890114570533422 , 39
0.9874560609023788 , 34 -2 -44 -1 -14 -35 , 12 -41 41 0 -27 14 , -19 -8 18 -10 -15 -3 , 30 5 -5 0 20 15 , 35 44 2 1 9 -12 , 22 -18 26 -14 8 13 , 36 -26 18 14 -13 26 , -9 -18 8 10 -21 -7 , 39 36 -36 0 7 -29 , 0.0053890114570533465 , 40
0.9874560609023788 , 34 -2 -44 -1 -14 -35 , 12 -41 41 0 -27 14 , 19 8 -18 10 15 3 , 30 5 -5 0 20 15 , 35 44 2 1 9 -12 , -22 18 -26 14 -8 -13 , -36 26 -18 -14 13 -26 , 9 18 -8 -10 21 7 , 39 36 -36 0 7 -29 , 0.0053890114570533465 , 41
0.9874560609023788 , 34 -2 -44 -1 -14 -35 , 30 5 -5 0 20 15 , 26 -18 22 13 -26 36 , 12 -41 41 0 -27 14 , 35 44 2 1 9 -12 , 18 -8 -19 21 7 -9 , -3 19 8 -21 10 15 , 13 -22 18 -13 14 -8 , 39 36 -36 0 7 -29 , 0.0053890114570533656 , 42
0.9874560609023788 , 34 -2 -44 -1 -14 -35 , 30 5 -5 0 20 15 , -26 18 -22 -13 26 -36 , 12 -41 41 0 -27 14 , 35 44 2 1 9 -12 , -18 8 19 -21 -7 9 , 3 -19 -8 21 -10 -15 , -13 22 -18 13 -14 8 , 39 36 -36 0 7 -29 , 0.0053890114570533656 , 43
0.9874560609023788 , 34 -2 -44 -1 -14 -35 , 12 -41 41 0 -27 14 , -3 19 8 -21 10 15 , 30 5 -5 0 20 15 , 35 44 2 1 9 -12 , 13 -22 18 -13 14 -8 , 26 -18 22 13 -26 36 , 18 -8 -19 21 7 -9 , 39 36 -36 0 7 -29 , 0.0053890114570533665 , 44
0.9874560609023788 , 34 -2 -44 -1 -14 -35 , 12 -41 41 0 -27 14 , 3 -19 -8 21 -10 -15 , 30 5 -5 0 20 15 , 35 44 2 1 9 -12 , -13 22 -18 13 -14 8 , -26 18 -22 -13 26 -36 , -18 8 19 -21 -7 9 , 39 36 -36 0 7 -29 , 0.0053890114570533665 , 45
0.9874560609023788 , 34 -2 -44 -1 -14 -35 , 12 -41 41 0 -27 14 , -21 10 15 -18 -9 7 , 30 5 -5 0 20 15 , 35 44 2 1 9 -12 , -13 14 -8 -26 36 -26 , 13 8 -14 26 -18 22 , -3 -15 -10 18 -8 -19 , 39 36 -36 0 7 -29 , 0.005389011457053376 , 46
0.9874560609023788 , 34 -2 -44 -1 -14 -35 , 12 -41 41 0 -27 14 , 21 -10 -15 18 9 -7 , 30 5 -5 0 20 15 , 35 44 2 1 9 -12 , 13 -14 8 26 -36 26 , -13 -8 14 -26 18 -22 , 3 15 10 -18 8 19 , 39 36 -36 0 7 -29 , 0.005389011457053376 , 47
0.9874560609023788 , 34 -2 -44 -1 -14 -35 , 30 5 -5 0 20 15 , -8 14 -13 18 -22 13 , 12 -41 41 0 -27 14 , 35 44 2 1 9 -12 , 15 10 -21 8 19 -3 , 7 21 -10 -8 18 9 , -26 13 -14 -18 26 -36 , 39 36 -36 0 7 -29 , 0.0053890114570533882 , 48
0.9874560609023788 , 34 -2 -44 -1 -14 -35 , 30 5 -5 0 20 15 , 8 -14 13 -18 22 -13 , 12 -41 41 0 -27 14 , 35 44 2 1 9 -12 , -15 -10 21 -8 -19 3 , -7 -21 10 8 -18 -9 , 26 -13 14 18 -26 36 , 39 36 -36 0 7 -29 , 0.0053890114570533882 , 49
0.9874560609023788 , 34 -2 -44 -1 -14 -35 , 12 -41 41 0 -27 14 , -10 -15 -3 9 -7 -21 , 30 5 -5 0 20 15 , 35 44 2 1 9 -12 , -14 8 13 -36 26 -13 , 22 -13 -8 36 -26 18 , -19 3 15 -9 -18 8 , 39 36 -36 0 7 -29 , 0.0053890114570534376 , 50
0.9874560609023788 , 34 -2 -44 -1 -14 -35 , 12 -41 41 0 -27 14 , 10 15 3 -9 7 21 , 30 5 -5 0 20 15 , 35 44 2 1 9 -12 , 14 -8 -13 36 -26 13 , -22 13 8 -36 26 -18 , 19 -3 -15 9 18 -8 , 39 36 -36 0 7 -29 , 0.0053890114570534376 , 51
0.9874560609023788 , 34 -2 -44 -1 -14 -35 , 30 5 -5 0 20 15 , 26 -36 26 8 -14 13 , 12 -41 41 0 -27 14 , 35 44 2 1 9 -12 , -7 9 18 -15 -10 21 , 8 -18 -9 15 3 -19 , 18 -26 36 -8 -13 22 , 39 36 -36 0 7 -29 , 0.005389011457053448 , 52
0.9874560609023788 , 34 -2 -44 -1 -14 -35 , 30 5 -5 0 20 15 , -26 36 -26 -8 14 -13 , 12 -41 41 0 -27 14 , 35 44 2 1 9 -12 , 7 -9 -18 15 10 -21 , -8 18 9 -15 -3 19 , -18 26 -36 8 13 -22 , 39 36 -36 0 7 -29 , 0.005389011457053448 , 53
0.9874560609023788 , 34 -2 -44 -1 -14 -35 , 12 -41 41 0 -27 14 , 9 -7 -21 19 8 -18 , 30 5 -5 0 20 15 , 35 44 2 1 9 -12 , -36 26 -13 -22 18 -26 , -14 13 -26 22 -13 -8 , -10 21 7 -19 3 15 , 39 36 -36 0 7 -29 , 0.005389011457053455 , 54
0.9874560609023788 , 34 -2 -44 -1 -14 -35 , 12 -41 41 0 -27 14 , -9 7 21 -19 -8 18 , 30 5 -5 0 20 15 , 35 44 2 1 9 -12 , 36 -26 13 22 -18 26 , 14 -13 26 -22 13 8 , 10 -21 -7 19 -3 -15 , 39 36 -36 0 7 -29 , 0.005389011457053455 , 55
0.9874560609023788 , 34 -2 -44 -1 -14 -35 , 30 5 -5 0 20 15 , 13 8 -14 26 -18 22 , 12 -41 41 0 -27 14 , 35 44 2 1 9 -12 , -3 -15 -10 18 -8 -19 , -21 10 15 -18 -9 7 , -13 14 -8 -26 36 -26 , 39 36 -36 0 7 -29 , 0.0053890114570534558 , 56
0.9874560609023788 , 34 -2 -44 -1 -14 -35 , 30 5 -5 0 20 15 , -13 -8 14 -26 18 -22 , 12 -41 41 0 -27 14 , 35 44 2 1 9 -12 , 3 15 10 -18 8 19 , 21 -10 -15 18 9 -7 , 13 -14 8 26 -36 26 , 39 36 -36 0 7 -29 , 0.0053890114570534558 , 57
0.9874560609023788 , 34 -2 -44 -1 -14 -35 , 30 5 -5 0 20 15 , -36 26 -18 -14 13 -26 , 12 -41 41 0 -27 14 , 35 44 2 1 9 -12 , 9 18 -8 -10 21 7 , 19 8 -18 10 15 3 , -22 18 -26 14 -8 -13 , 39 36 -36 0 7 -29 , 0.005389011457053468 , 58
0.9874560609023788 , 34 -2 -44 -1 -14 -35 , 30 5 -5 0 20 15 , 36 -26 18 14 -13 26 , 12 -41 41 0 -27 14 , 35 44 2 1 9 -12 , -9 -18 8 10 -21 -7 , -19 -8 18 -10 -15 -3 , 22 -18 26 -14 8 13 , 39 36 -36 0 7 -29 , 0.005389011457053468 , 59
0.9874560609023788 , 34 -2 -44 -1 -14 -35 , 30 5 -5 0 20 15 , -14 13 -26 22 -13 -8 , 12 -41 41 0 -27 14 , 35 44 2 1 9 -12 , -10 21 7 -19 3 15 , 9 -7 -21 19 8 -18 , -36 26 -13 -22 18 -26 , 39 36 -36 0 7 -29 , 0.0053890114570534784 , 60
0.9874560609023788 , 34 -2 -44 -1 -14 -35 , 30 5 -5 0 20 15 , 14 -13 26 -22 13 8 , 12 -41 41 0 -27 14 , 35 44 2 1 9 -12 , 10 -21 -7 19 -3 -15 , -9 7 21 -19 -8 18 , 36 -26 13 22 -18 26 , 39 36 -36 0 7 -29 , 0.0053890114570534784 , 61
0.9874560609023788 , 34 -2 -44 -1 -14 -35 , 12 -41 41 0 -27 14 , -15 -3 19 -7 -21 10 , 30 5 -5 0 20 15 , 35 44 2 1 9 -12 , 8 13 -22 26 -13 14 , -18 22 -13 -26 36 -26 , -8 -19 3 7 -9 -18 , 39 36 -36 0 7 -29 , 0.0053890114570534792 , 62
0.9874560609023788 , 34 -2 -44 -1 -14 -35 , 12 -41 41 0 -27 14 , 15 3 -19 7 21 -10 , 30 5 -5 0 20 15 , 35 44 2 1 9 -12 , -8 -13 22 -26 13 -14 , 18 -22 13 26 -36 26 , 8 19 -3 -7 9 18 , 39 36 -36 0 7 -29 , 0.0053890114570534792 , 63
0.9874560609023788 , 34 -2 -44 -1 -14 -35 , 12 -41 41 0 -27 14 , -18 -9 7 3 -19 -8 , 30 5 -5 0 20 15 , 35 44 2 1 9 -12 , -26 36 -26 -13 22 -18 , -13 26 -36 13 8 -14 , -21 -7 9 -3 -15 -10 , 39 36 -36 0 7 -29 , 0.0053890114570534836 , 64
0.9874560609023788 , 34 -2 -44 -1 -14 -35 , 12 -41 41 0 -27 14 , 18 9 -7 -3 19 8 , 30 5 -5 0 20 15 , 35 44 2 1 9 -12 , 26 -36 26 13 -22 18 , 13 -26 36 -13 -8 14 , 21 7 -9 3 15 10 , 39 36 -36 0 7 -29 , 0.0053890114570534836 , 65
0.9874560609023788 , 34 -2 -44 -1 -14 -35 , 30 5 -5 0 20 15 , 18 -22 13 26 -36 26 , 12 -41 41 0 -27 14 , 35 44 2 1 9 -12 , 8 19 -3 -7 9 18 , 15 3 -19 7 21 -10 , -8 -13 22 -26 13 -14 , 39 36 -36 0 7 -29 , 0.0053890114570535061 , 66
0.9874560609023788 , 34 -2 -44 -1 -14 -35 , 30 5 -5 0 20 15 , -18 22 -13 -26 36 -26 , 12 -41 41 0 -27 14 , 35 44 2 1 9 -12 , -8 -19 3 7 -9 -18 , -15 -3 19 -7 -21 10 , 8 13 -22 26 -13 14 , 39 36 -36 0 7 -29 , 0.0053890114570535061 , 67
0.9874560609023788 , 34 -2 -44 -1 -14 -35 , 12 -41 41 0 -27 14 , -7 -21 10 8 -18 -9 , 30 5 -5 0 20 15 , 35 44 2 1 9 -12 , 26 -13 14 18 -26 36 , 8 -14 13 -18 22 -13 , -15 -10 21 -8 -19 3 , 39 36 -36 0 7 -29 , 0.0053890114570535521 , 68
0.9874560609023788 , 34 -2 -44 -1 -14 -35 , 12 -41 41 0 -27 14 , 7 21 -10 -8 18 9 , 30 5 -5 0 20 15 , 35 44 2 1 9 -12 , -26 13 -14 -18 26 -36 , -8 14 -13 18 -22 13 , 15 10 -21 8 19 -3 , 39 36 -36 0 7 -29 , 0.0053890114570535521 , 69
0.9874560609023788 , 34 -2 -44 -1 -14 -35 , 30 5 -5 0 20 15 , -22 13 8 -36 26 -18 , 12 -41 41 0 -27 14 , 35 44 2 1 9 -12 , 19 -3 -15 9 18 -8 , 10 15 3 -9 7 21 , 14 -8 -13 36 -26 13 , 39 36 -36 0 7 -29 , 0.0053890114570535877 , 70
0.9874560609023788 , 34 -2 -44 -1 -14 -35 , 30 5 -5 0 20 15 , 22 -13 -8 36 -26 18 , 12 -41 41 0 -27 14 , 35 44 2 1 9 -12 , -19 3 15 -9 -18 8 , -10 -15 -3 9 -7 -21 , -14 8 13 -36 26 -13 , 39 36 -36 0 7 -29 , 0.0053890114570535877 , 71
0.9874560609023788 , -2 8 -30 -32 -10 -50 , 17 28 -28 0 32 4 , 6 -22 12 -6 8 -14 , 45 -1 1 0 23 24 , 30 30 -8 32 -20 -18 , -8 0 -3 -6 9 -15 , -2 3 0 6 -12 9 , 12 -12 22 6 -26 30 , 19 -27 27 0 -55 -28 , 0.0054013904221183939 , 72
0.9874560609023788 , -2 8 -30 -32 -10 -50 , 17 28 -28 0 32 4 , -6 22 -12 6 -8 14 , 45 -1 1 0 23 24 , 30 30 -8 32 -20 -18 , 8 0 3 6 -9 15 , 2 -3 0 -6 12 -9 , -12 12 -22 -6 26 -30 , 19 -27 27 0 -55 -28 , 0.0054013904221183939 , 73
0.9874560609023788 , -2 8 -30 -32 -10 -50 , 17 28 -28 0 32 4 , -26 6 -8 -12 12 -30 , 45 -1 1 0 23 24 , 30 30 -8 32 -20 -18 , -12 6 -9 3 -2 -9 , -15 9 -6 -3 0 -8 , -14 8 -6 12 -22 6 , 19 -27 27 0 -55 -28 , 0.0054013904221186047 , 74
0.9874560609023788 , -2 8 -30 -32 -10 -50 , 17 28 -28 0 32 4 , 26 -6 8 12 -12 30 , 45 -1 1 0 23 24 , 30 30 -8 32 -20 -18 , 12 -6 9 -3 2 9 , 15 -9 6 3 0 8 , 14 -8 6 -12 22 -6 , 19 -27 27 0 -55 -28 , 0.0054013904221186047 , 75
0.9874560609023788 , -2 8 -30 -32 -10 -50 , 17 28 -28 0 32 4 , 12 -30 26 6 -22 12 , 45 -1 1 0 23 24 , 30 30 -8 32 -20 -18 , -2 -9 12 -8 0 -3 , 6 -12 9 8 -15 9 , 6 -26 30 -6 -14 8 , 19 -27 27 0 -55 -28 , 0.0054013904221187365 , 76
0.9874560609023788 , -2 8 -30 -32 -10 -50 , 17 28 -28 0 32 4 , -12 30 -26 -6 22 -12 , 45 -1 1 0 23 24 , 30 30 -8 32 -20 -18 , 2 9 -12 8 0 3 , -6 12 -9 -8 15 -9 , -6 26 -30 6 14 -8 , 19 -27 27 0 -55 -28 , 0.0054013904221187365 , 77
0.9874560609023788 , -2 8 -30 -32 -10 -50 , 17 28 -28 0 32 4 , 14 6 -22 26 -6 8 , 45 -1 1 0 23 24 , 30 30 -8 32 -20 -18 , 15 -8 0 12 -6 9 , 3 0 8 -12 9 2 , -12 22 -6 -26 30 -12 , 19 -27 27 0 -55 -28 , 0.0054013904221187729 , 78
0.9874560609023788 , -2 8 -30 -32 -10 -50 , 17 28 -28 0 32 4 , -14 -6 22 -26 6 -8 , 45 -1 1 0 23 24 , 30 30 -8 32 -20 -18 , -15 8 0 -12 6 -9 , -3 0 -8 12 -9 -2 , 12 -22 6 26 -30 12 , 19 -27 27 0 -55 -28 , 0.0054013904221187729 , 79
0.9874560609023788 , -2 8 -30 -32 -10 -50 , 45 -1 1 0 23 24 , -12 9 2 -15 9 -6 , 17 28 -28 0 32 4 , 30 30 -8 32 -20 -18 , -26 30 -12 -14 8 -6 , -12 12 -30 14 6 -22 , 3 -2 -9 15 -8 0 , 19 -27 27 0 -55 -28 , 0.0054013904221187851 , 80
0.9874560609023788 , -2 8 -30 -32 -10 -50 , 45 -1 1 0 23 24 , 12 -9 -2 15 -9 6 , 17 28 -28 0 32 4 , 30 30 -8 32 -20 -18 , 26 -30 12 14 -8 6 , 12 -12 30 -14 -6 22 , -3 2 9 -15 8 0 , 19 -27 27 0 -55 -28 , 0.0054013904221187851 , 81
0.9874560609023788 , -2 8 -30 -32 -10 -50 , 45 -1 1 0 23 24 , -15 9 -6 -3 0 -8 , 17 28 -28 0 32 4 , 30 30 -8 32 -20 -18 , -14 8 -6 12 -22 6 , -26 6 -8 -12 12 -30 , -12 6 -9 3 -2 -9 , 19 -27 27 0 -55 -28 , 0.0054013904221187877 , 82
0.9874560609023788 , -2 8 -30 -32 -10 -50 , 45 -1 1 0 23 24 , 15 -9 6 3 0 8 , 17 28 -28 0 32 4 , 30 30 -8 32 -20 -18 , 14 -8 6 -12 22 -6 , 26 -6 8 12 -12 30 , 12 -6 9 -3 2 9 , 19 -27 27 0 -55 -28 , 0.0054013904221187877 , 83
0.9874560609023788 , -2 8 -30 -32 -10 -50 , 17 28 -28 0 32 4 , -22 12 -12 8 -14 -6 , 45 -1 1 0 23 24 , 30 30 -8 32 -20 -18 , 0 -3 2 9 -15 8 , -9 -2 3 -9 6 -12 , -30 12 -12 -8 6 -26 , 19 -27 27 0 -55 -28 , 0.005401390422118825 , 84
0.9874560609023788 , -2 8 -30 -32 -10 -50 , 17 28 -28 0 32 4 , 22 -12 12 -8 14 6 , 45 -1 1 0 23 24 , 30 30 -8 32 -20 -18 , 0 3 -2 -9 15 -8 , 9 2 -3 9 -6 12 , 30 -12 12 8 -6 26 , 19 -27 27 0 -55 -28 , 0.005401390422118825 , 85
0.9874560609023788 , -2 8 -30 -32 -10 -50 , 45 -1 1 0 23 24 , 2 -3 0 -6 12 -9 , 17 28 -28 0 32 4 , 30 30 -8 32 -20 -18 , -12 12 -22 -6 26 -30 , -6 22 -12 6 -8 14 , 8 0 3 6 -9 15 , 19 -27 27 0 -55 -28 , 0.0054013904221188371 , 86
0.9874560609023788 , -2 8 -30 -32 -10 -50 , 45 -1 1 0 23 24 , -2 3 0 6 -12 9 , 17 28 -28 0 32 4 , 30 30 -8 32 -20 -18 , 12 -12 22 6 -26 30 , 6 -22 12 -6 8 -14 , -8 0 -3 -6 9 -15 , 19 -27 27 0 -55 -28 , 0.0054013904221188371 , 87
0.9874560609023788 , -2 8 -30 -32 -10 -50 , 45 -1 1 0 23 24 , 3 0 8 -12 9 2 , 17 28 -28 0 32 4 , 30 30 -8 32 -20 -18 , -12 22 -6 -26 30 -12 , 14 6 -22 26 -6 8 , 15 -8 0 12 -6 9 , 19 -27 27 0 -55 -28 , 0.0054013904221188657 , 88
0.9874560609023788 , -2 8 -30 -32 -10 -50 , 45 -1 1 0 23 24 , -3 0 -8 12 -9 -2 , 17 28 -28 0 32 4 , 30 30 -8 32 -20 -18 , 12 -22 6 26 -30 12 , -14 -6 22 -26 6 -8 , -15 8 0 -12 6 -9 , 19 -27 27 0 -55 -28 , 0.0054013904221188657 , 89
0.9874560609023788 , -2 8 -30 -32 -10 -50 , 17 28 -28 0 32 4 , -12 12 -30 14 6 -22 , 45 -1 1 0 23 24 , 30 30 -8 32 -20 -18 , 3 -2 -9 15 -8 0 , -12 9 2 -15 9 -6 , -26 30 -12 -14 8 -6 , 19 -27 27 0 -55 -28 , 0.0054013904221188987 , 90
0.9874560609023788 , -2 8 -30 -32 -10 -50 , 17 28 -28 0 32 4 , 12 -12 30 -14 -6 22 , 45 -1 1 0 23 24 , 30 30 -8 32 -20 -18 , -3 2 9 -15 8 0 , 12 -9 -2 15 -9 6 , 26 -30 12 14 -8 6 , 19 -27 27 0 -55 -28 , 0.0054013904221188987 , 91
0.9874560609023788 , -2 8 -30 -32 -10 -50 , 17 28 -28 0 32 4 , -30 26 -6 -22 12 -12 , 45 -1 1 0 23 24 , 30 30 -8 32 -20 -18 , -9 12 -6 0 -3 2 , -9 6 -12 0 8 -15 , -8 6 -26 22 -6 -14 , 19 -27 27 0 -55 -28 , 0.0054013904221189074 , 92
0.9874560609023788 , -2 8 -30 -32 -10 -50 , 17 28 -28 0 32 4 , 30 -26 6 22 -12 12 , 45 -1 1 0 23 24 , 30 30 -8 32 -20 -18 , 9 -12 6 0 3 -2 , 9 -6 12 0 -8 15 , 8 -6 26 -22 6 14 , 19 -27 27 0 -55 -28 , 0.0054013904221189074 , 93
0.9874560609023788 , -2 8 -30 -32 -10 -50 , 45 -1 1 0 23 24 , -9 6 -12 0 8 -15 , 17 28 -28 0 32 4 , 30 30 -8 32 -20 -18 , -8 6 -26 22 -6 -14 , -30 26 -6 -22 12 -12 , -9 12 -6 0 -3 2 , 19 -27 27 0 -55 -28 , 0.0054013904221189221 , 94
0.9874560609023788 , -2 8 -30 -32 -10 -50 , 45 -1 1 0 23 24 , 9 -6 12 0 -8 15 , 17 28 -28 0 32 4 , 30 30 -8 32 -20 -18 , 8 -6 26 -22 6 14 , 30 -26 6 22 -12 12 , 9 -12 6 0 3 -2 , 19 -27 27 0 -55 -28 , 0.0054013904221189221 , 95
0.9874560609023788 , -2 8 -30 -32 -10 -50 , 45 -1 1 0 23 24 , 0 8 -15 9 2 -3 , 17 28 -28 0 32 4 , 30 30 -8 32 -20 -18 , 22 -6 -14 30 -12 12 , -8 14 6 -30 26 -6 , -9 15 -8 -9 12 -6 , 19 -27 27 0 -55 -28 , 0.0054013904221189325 , 96
0.9874560609023788 , -2 8 -30 -32 -10 -50 , 45 -1 1 0 23 24 , 0 -8 15 -9 -2 3 , 17 28 -28 0 32 4 , 30 30 -8 32 -20 -18 , -22 6 14 -30 12 -12 , 8 -14 -6 30 -26 6 , 9 -15 8 9 -12 6 , 19 -27 27 0 -55 -28 , 0.0054013904221189325 , 97
0.9874560609023788 , -2 8 -30 -32 -10 -50 , 45 -1 1 0 23 24 , 8 -15 9 2 -3 0 , 17 28 -28 0 32 4 , 30 30 -8 32 -20 -18 , -6 -14 8 -12 12 -22 , 6 -8 14 12 -30 26 , 6 -9 15 -2 -9 12 , 19 -27 27 0 -55 -28 , 0.0054013904221189811 , 98
0.9874560609023788 , -2 8 -30 -32 -10 -50 , 45 -1 1 0 23 24 , -8 15 -9 -2 3 0 , 17 28 -28 0 32 4 , 30 30 -8 32 -20 -18 , 6 14 -8 12 -12 22 , -6 8 -14 -12 30 -26 , -6 9 -15 2 9 -12 , 19 -27 27 0 -55 -28 , 0.0054013904221189811 , 99
1.0835874310343718 , 15 15 -18 -28 -31 -3 , 30 0 0 0 16 16 , -34 29 -15 -16 11 -18 , 12 -36 36 0 -23 13 , 43 18 -15 28 15 -46 , -6 -17 -2 3 4 -26 , -9 2 17 -3 -24 21 , -18 15 -29 16 -3 -18 , 39 36 -36 0 7 -29 , 0.0058532496287381792 , 0
1.0835874310343718 , 15 15 -18 -28 -31 -3 , 30 0 0 0 16 16 , 34 -29 15 16 -11 18 , 12 -36 36 0 -23 13 , 43 18 -15 28 15 -46 , 6 17 2 -3 -4 26 , 9 -2 -17 3 24 -21 , 18 -15 29 -16 3 18 , 39 36 -36 0 7 -29 , 0.0058532496287381792 , 1
1.0835874310343718 , 15 15 -18 -28 -31 -3 , 30 0 0 0 16 16 , -29 15 -18 -11 18 -34 , 12 -36 36 0 -23 13 , 43 18 -15 28 15 -46 , 17 2 -9 -4 26 -6 , 21 9 -2 4 3 24 , -18 18 -15 11 -16 3 , 39 36 -36 0 7 -29 , 0.0058532496287382555 , 2
1.0835874310343718 , 15 15 -18 -28 -31 -3 , 30 0 0 0 16 16 , 29 -15 18 11 -18 34 , 12 -36 36 0 -23 13 , 43 18 -15 28 15 -46 , -17 -2 9 4 -26 6 , -21 -9 2 -4 -3 -24 , 18 -18 15 -11 16 -3 , 39 36 -36 0 7 -29 , 0.0058532496287382555 , 3
1.0835874310343718 , 15 15 -18 -28 -31 -3 , 12 -36 36 0 -23 13 , -4 -3 -24 17 6 -26 , 30 0 0 0 16 16 , 43 18 -15 28 15 -46 , -11 16 -3 -29 34 -18 , 18 3 -16 29 -15 18 , -21 24 3 -17 -2 9 , 39 36 -36 0 7 -29 , 0.0058532496287382685 , 4
1.0835874310343718 , 15 15 -18 -28 -31 -3 , 12 -36 36 0 -23 13 , 4 3 24 -17 -6 26 , 30 0 0 0 16 16 , 43 18 -15 28 15 -46 , 11 -16 3 29 -34 18 , -18 -3 16 -29 15 -18 , 21 -24 -3 17 2 -9 , 39 36 -36 0 7 -29 , 0.0058532496287382685 , 5
1.0835874310343718 , 15 15 -18 -28 -31 -3 , 12 -36 36 0 -23 13 , -26 4 3 -2 -17 -6 , 30 0 0 0 16 16 , 43 18 -15 28 15 -46 , -18 11 -16 -15 29 -34 , -3 16 -11 15 -18 18 , -24 -3 -4 2 -9 -21 , 39 36 -36 0 7 -29 , 0.0058532496287382989 , 6
1.0835874310343718 , 15 15 -18 -28 -31 -3 , 12 -36 36 0 -23 13 , 26 -4 -3 2 17 6 , 30 0 0 0 16 16 , 43 18 -15 28 15 -46 , 18 -11 16 15 -29 34 , 3 -16 11 -15 18 -18 , 24 3 4 -2 9 21 , 39 36 -36 0 7 -29 , 0.0058532496287382989 , 7
1.0835874310343718 , 15 15 -18 -28 -31 -3 , 12 -36 36 0 -23 13 , -24 21 9 -26 4 3 , 30 0 0 0 16 16 , 43 18 -15 28 15 -46 , -3 -18 18 -18 11 -16 , 15 -18 18 18 -34 29 , 2 -9 -21 26 -6 -17 , 39 36 -36 0 7 -29 , 0.0058532496287383171 , 8
1.0835874310343718 , 15 15 -18 -28 -31 -3 , 12 -36 36 0 -23 13 , 24 -21 -9 26 -4 -3 , 30 0 0 0 16 16 , 43 18 -15 28 15 -46 , 3 18 -18 18 -11 16 , -15 18 -18 -18 34 -29 , -2 9 21 -26 6 17 , 39 36 -36 0 7 -29 , 0.0058532496287383171 , 9
1.0835874310343718 , 15 15 -18 -28 -31 -3 , 30 0 0 0 16 16 , 16 -11 18 -18 18 3 , 12 -36 36 0 -23 13 , 43 18 -15 28 15 -46 , -3 -4 26 -9 -21 24 , 6 -26 4 9 -2 -17 , 34 -18 11 18 -15 29 , 39 36 -36 0 7 -29 , 0.0058532496287383457 , 10
1.0835874310343718 , 15 15 -18 -28 -31 -3 , 30 0 0 0 16 16 , -16 11 -18 18 -18 -3 , 12 -36 36 0 -23 13 , 43 18 -15 28 15 -46 , 3 4 -26 9 21 -24 , -6 26 -4 -9 2 17 , -34 18 -11 -18 15 -29 , 39 36 -36 0 7 -29 , 0.0058532496287383457 , 11
1.0835874310343718 , 15 15 -18 -28 -31 -3 , 12 -36 36 0 -23 13 , -3 -24 21 6 -26 4 , 30 0 0 0 16 16 , 43 18 -15 28 15 -46 , 16 -3 -18 34 -18 11 , -18 18 3 -34 29 -15 , -9 -21 24 -6 -17 -2 , 39 36 -36 0 7 -29 , 0.0058532496287383605 , 12
1.0835874310343718 , 15 15 -18 -28 -31 -3 , 12 -36 36 0 -23 13 , 3 24 -21 -6 26 -4 , 30 0 0 0 16 16 , 43 18 -15 28 15 -46 , -16 3 18 -34 18 -11 , 18 -18 -3 34 -29 15 , 9 21 -24 6 17 2 , 39 36 -36 0 7 -29 , 0.0058532496287383605 , 13
1.0835874310343718 , 15 15 -18 -28 -31 -3 , 30 0 0 0 16 16 , 15 -18 18 18 -34 29 , 12 -36 36 0 -23 13 , 43 18 -15 28 15 -46 , 2 -9 -21 26 -6 -17 , -24 21 9 -26 4 3 , -3 -18 18 -18 11 -16 , 39 36 -36 0 7 -29 , 0.0058532496287384038 , 14
1.0835874310343718 , 15 15 -18 -28 -31 -3 , 30 0 0 0 16 16 , -15 18 -18 -18 34 -29 , 12 -36 36 0 -23 13 , 43 18 -15 28 15 -46 , -2 9 21 -26 6 17 , 24 -21 -9 26 -4 -3 , 3 18 -18 18 -11 16 , 39 36 -36 0 7 -29 , 0.0058532496287384038 , 15
1.0835874310343718 , 15 15 -18 -28 -31 -3 , 30 0 0 0 16 16 , -11 18 -34 18 3 -16 , 12 -36 36 0 -23 13 , 43 18 -15 28 15 -46 , -4 26 -6 -21 24 3 , 17 6 -26 21 9 -2 , -29 34 -18 -18 18 -15 , 39 36 -36 0 7 -29 , 0.0058532496287384047 , 16
1.0835874310343718 , 15 15 -18 -28 -31 -3 , 30 0 0 0 16 16 , 11 -18 34 -18 -3 16 , 12 -36 36 0 -23 13 , 43 18 -15 28 15 -46 , 4 -26 6 21 -24 -3 , -17 -6 26 -21 -9 2 , 29 -34 18 18 -18 15 , 39 36 -36 0 7 -29 , 0.0058532496287384047 , 17
1.0835874310343718 , 15 15 -18 -28 -31 -3 , 30 0 0 0 16 16 , -18 18 3 -34 29 -15 , 12 -36 36 0 -23 13 , 43 18 -15 28 15 -46 , -9 -21 24 -6 -17 -2 , -3 -24 21 6 -26 4 , 16 -3 -18 34 -18 11 , 39 36 -36 0 7 -29 , 0.0058532496287384108 , 18
1.0835874310343718 , 15 15 -18 -28 -31 -3 , 30 0 0 0 16 16 , 18 -18 -3 34 -29 15 , 12 -36 36 0 -23 13 , 43 18 -15 28 15 -46 , 9 21 -24 6 17 2 , 3 24 -21 -6 26 -4 , -16 3 18 -34 18 -11 , 39 36 -36 0 7 -29 , 0.0058532496287384108 , 19
1.0835874310343718 , 15 15 -18 -28 -31 -3 , 12 -36 36 0 -23 13 , -17 -6 26 -21 -9 2 , 30 0 0 0 16 16 , 43 18 -15 28 15 -46 , 29 -34 18 18 -18 15 , 11 -18 34 -18 -3 16 , 4 -26 6 21 -24 -3 , 39 36 -36 0 7 -29 , 0.0058532496287384298 , 20
1.0835874310343718 , 15 15 -18 -28 -31 -3 , 12 -36 36 0 -23 13 , 17 6 -26 21 9 -2 , 30 0 0 0 16 16 , 43 18 -15 28 15 -46 , -29 34 -18 -18 18 -15 , -11 18 -34 18 3 -16 , -4 26 -6 -21 24 3 , 39 36 -36 0 7 -29 , 0.0058532496287384298 , 21
1.0835874310343718 , 15 15 -18 -28 -31 -3 , 30 0 0 0 16 16 , -18 34 -29 -3 16 -11 , 12 -36 36 0 -23 13 , 43 18 -15 28 15 -46 , -26 6 17 -24 -3 -4 , -2 -17 -6 24 -21 -9 , -15 29 -34 3 18 -18 , 39 36 -36 0 7 -29 , 0.0058532496287384697 , 22
1.0835874310343718 , 15 15 -18 -28 -31 -3 , 30 0 0 0 16 16 , 18 -34 29 3 -16 11 , 12 -36 36 0 -23 13 , 43 18 -15 28 15 -46 , 26 -6 -17 24 3 4 , 2 17 6 -24 21 9 , 15 -29 34 -3 -18 18 , 39 36 -36 0 7 -29 , 0.0058532496287384697 , 23
1.0835874310343718 , 15 15 -18 -28 -31 -3 , 12 -36 36 0 -23 13 , -21 -9 2 -4 -3 -24 , 30 0 0 0 16 16 , 43 18 -15 28 15 -46 , 18 -18 15 -11 16 -3 , 29 -15 18 11 -18 34 , -17 -2 9 4 -26 6 , 39 36 -36 0 7 -29 , 0.0058532496287385096 , 24
1.0835874310343718 , 15 15 -18 -28 -31 -3 , 12 -36 36 0 -23 13 , 21 9 -2 4 3 24 , 30 0 0 0 16 16 , 43 18 -15 28 15 -46 , -18 18 -15 11 -16 3 , -29 15 -18 -11 18 -34 , 17 2 -9 -4 26 -6 , 39 36 -36 0 7 -29 , 0.0058532496287385096 , 25
1.0835874310343718 , 15 15 -18 -28 -31 -3 , 30 0 0 0 16 16 , -3 16 -11 15 -18 18 , 12 -36 36 0 -23 13 , 43 18 -15 28 15 -46 , -24 -3 -4 2 -9 -21 , -26 4 3 -2 -17 -6 , -18 11 -16 -15 29 -34 , 39 36 -36 0 7 -29 , 0.0058532496287385426 , 26
1.0835874310343718 , 15 15 -18 -28 -31 -3 , 30 0 0 0 16 16 , 3 -16 11 -15 18 -18 , 12 -36 36 0 -23 13 , 43 18 -15 28 15 -46 , 24 3 4 -2 9 21 , 26 -4 -3 2 17 6 , 18 -11 16 15 -29 34 , 39 36 -36 0 7 -29 , 0.0058532496287385426 , 27
1.0835874310343718 , 15 15 -18 -28 -31 -3 , 12 -36 36 0 -23 13 , 2 17 6 -24 21 9 , 30 0 0 0 16 16 , 43 18 -15 28 15 -46 , 15 -29 34 -3 -18 18 , 18 -34 29 3 -16 11 , 26 -6 -17 24 3 4 , 39 36 -36 0 7 -29 , 0.0058532496287385686 , 28
1.0835874310343718 , 15 15 -18 -28 -31 -3 , 12 -36 36 0 -23 13 , -2 -17 -6 24 -21 -9 , 30 0 0 0 16 16 , 43 18 -15 28 15 -46 , -15 29 -34 3 18 -18 , -18 34 -29 -3 16 -11 , -26 6 17 -24 -3 -4 , 39 36 -36 0 7 -29 , 0.0058532496287385686 , 29
1.0835874310343718 , 15 15 -18 -28 -31 -3 , 12 -36 36 0 -23 13 , -9 2 17 -3 -24 21 , 30 0 0 0 16 16 , 43 18 -15 28 15 -46 , -18 15 -29 16 -3 -18 , -34 29 -15 -16 11 -18 , -6 -17 -2 3 4 -26 , 39 36 -36 0 7 -29 , 0.0058532496287385825 , 30
1.0835874310343718 , 15 15 -18 -28 -31 -3 , 12 -36 36 0 -23 13 , 9 -2 -17 3 24 -21 , 30 0 0 0 16 16 , 43 18 -15 28 15 -46 , 18 -15 29 -16 3 18 , 34 -29 15 16 -11 18 , 6 17 2 -3 -4 26 , 39 36 -36 0 7 -29 , 0.0058532496287385825 , 31
1.0835874310343718 , 15 15 -18 -28 -31 -3 , 12 -36 36 0 -23 13 , -6 26 -4 -9 2 17 , 30 0 0 0 16 16 , 43 18 -15 28 15 -46 , -34 18 -11 -18 15 -29 , -16 11 -18 18 -18 -3 , 3 4 -26 9 21 -24 , 39 36 -36 0 7 -29 , 0.0058532496287385851 , 32
1.0835874310343718 , 15 15 -18 -28 -31 -3 , 12 -36 36 0 -23 13 , 6 -26 4 9 -2 -17 , 30 0 0 0 16 16 , 43 18 -15 28 15 -46 , 34 -18 11 18 -15 29 , 16 -11 18 -18 18 3 , -3 -4 26 -9 -21 24 , 39 36 -36 0 7 -29 , 0.0058532496287385851 , 33
1.0835874310343718 , 15 15 -18 -28 -31 -3 , 30 0 0 0 16 16 , -18 -3 16 -29 15 -18 , 12 -36 36 0 -23 13 , 43 18 -15 28 15 -46 , 21 -24 -3 17 2 -9 , 4 3 24 -17 -6 26 , 11 -16 3 29 -34 18 , 39 36 -36 0 7 -29 , 0.0058532496287386025 , 34
1.0835874310343718 , 15 15 -18 -28 -31 -3 , 30 0 0 0 16 16 , 18 3 -16 29 -15 18 , 12 -36 36 0 -23 13 , 43 18 -15 28 15 -46 , -21 24 3 -17 -2 9 , -4 -3 -24 17 6 -26 , -11 16 -3 -29 34 -18 , 39 36 -36 0 7 -29 , 0.0058532496287386025 , 35
1.0835874310343718 , 6 15 -20 -28 -33 -11 , 8 -37 37 0 -26 11 , -24 -4 -7 2 -4 -27 , 34 1 -1 0 19 18 , 34 20 -15 28 9 -48 , -13 11 -11 -19 31 -28 , 6 11 -11 19 -17 20 , -26 7 4 -2 -20 0 , 39 36 -36 0 7 -29 , 0.0059524664794161544 , 36
1.0835874310343718 , 6 15 -20 -28 -33 -11 , 8 -37 37 0 -26 11 , 24 4 7 -2 4 27 , 34 1 -1 0 19 18 , 34 20 -15 28 9 -48 , 13 -11 11 19 -31 28 , -6 -11 11 -19 17 -20 , 26 -7 -4 2 20 0 , 39 36 -36 0 7 -29 , 0.0059524664794161544 , 37
1.0835874310343718 , 6 15 -20 -28 -33 -11 , 34 1 -1 0 19 18 , -31 19 -17 -11 13 -28 , 8 -37 37 0 -26 11 , 34 20 -15 28 9 -48 , 4 -2 -20 4 24 -27 , 0 20 2 -4 -7 26 , -20 17 -19 11 -11 -6 , 39 36 -36 0 7 -29 , 0.0059524664794163209 , 38
1.0835874310343718 , 6 15 -20 -28 -33 -11 , 34 1 -1 0 19 18 , 31 -19 17 11 -13 28 , 8 -37 37 0 -26 11 , 34 20 -15 28 9 -48 , -4 2 20 -4 -24 27 , 0 -20 -2 4 7 -26 , 20 -17 19 -11 11 6 , 39 36 -36 0 7 -29 , 0.0059524664794163209 , 39
1.0835874310343718 , 6 15 -20 -28 -33 -11 , 34 1 -1 0 19 18 , -19 17 -20 -13 28 -31 , 8 -37 37 0 -26 11 , 34 20 -15 28 9 -48 , 2 20 0 -24 27 4 , 26 0 -20 24 4 7 , -6 20 -17 13 -11 11 , 39 36 -36 0 7 -29 , 0.0059524664794163278 , 40
1.0835874310343718 , 6 15 -20 -28 -33 -11 , 34 1 -1 0 19 18 , 19 -17 20 13 -28 31 , 8 -37 37 0 -26 11 , 34 20 -15 28 9 -48 , -2 -20 0 24 -27 -4 , -26 0 20 -24 -4 -7 , 6 -20 17 -13 11 -11 , 39 36 -36 0 7 -29 , 0.0059524664794163278 , 41
1.0835874310343718 , 6 15 -20 -28 -33 -11 , 34 1 -1 0 19 18 , -20 6 11 -31 19 -17 , 8 -37 37 0 -26 11 , 34 20 -15 28 9 -48 , 0 -26 7 4 -2 -20 , -4 -7 26 -4 -27 24 , 11 -11 -6 31 -28 13 , 39 36 -36 0 7 -29 , 0.005952466479416346 , 42
1.0835874310343718 , 6 15 -20 -28 -33 -11 , 34 1 -1 0 19 18 , 20 -6 -11 31 -19 17 , 8 -37 37 0 -26 11 , 34 20 -15 28 9 -48 , 0 26 -7 -4 2 20 , 4 7 -26 4 27 -24 , -11 11 6 -31 28 -13 , 39 36 -36 0 7 -29 , 0.005952466479416346 , 43
1.0835874310343718 , 6 15 -20 -28 -33 -11 , 8 -37 37 0 -26 11 , -27 24 4 -20 -2 4 , 34 1 -1 0 19 18 , 34 20 -15 28 9 -48 , -28 13 -11 -17 19 -31 , -11 11 -13 17 -20 6 , -7 -4 -24 20 0 -26 , 39 36 -36 0 7 -29 , 0.0059524664794163469 , 44
1.0835874310343718 , 6 15 -20 -28 -33 -11 , 8 -37 37 0 -26 11 , 27 -24 -4 20 2 -4 , 34 1 -1 0 19 18 , 34 20 -15 28 9 -48 , 28 -13 11 17 -19 31 , 11 -11 13 -17 20 -6 , 7 4 24 -20 0 26 , 39 36 -36 0 7 -29 , 0.0059524664794163469 , 45
1.0835874310343718 , 6 15 -20 -28 -33 -11 , 8 -37 37 0 -26 11 , -7 26 0 -27 24 4 , 34 1 -1 0 19 18 , 34 20 -15 28 9 -48 , -11 -6 20 -28 13 -11 , 17 -20 6 28 -31 19 , 20 0 -26 27 4 -2 , 39 36 -36 0 7 -29 , 0.0059524664794164362 , 46
1.0835874310343718 , 6 15 -20 -28 -33 -11 , 8 -37 37 0 -26 11 , 7 -26 0 27 -24 -4 , 34 1 -1 0 19 18 , 34 20 -15 28 9 -48 , 11 6 -20 28 -13 11 , -17 20 -6 -28 31 -19 , -20 0 26 -27 -4 2 , 39 36 -36 0 7 -29 , 0.0059524664794164362 , 47
1.0835874310343718 , 6 15 -20 -28 -33 -11 , 34 1 -1 0 19 18 , 17 -20 6 28 -31 19 , 8 -37 37 0 -26 11 , 34 20 -15 28 9 -48 , 20 0 -26 27 4 -2 , -7 26 0 -27 24 4 , -11 -6 20 -28 13 -11 , 39 36 -36 0 7 -29 , 0.0059524664794165178 , 48
1.0835874310343718 , 6 15 -20 -28 -33 -11 , 34 1 -1 0 19 18 , -17 20 -6 -28 31 -19 , 8 -37 37 0 -26 11 , 34 20 -15 28 9 -48 , -20 0 26 -27 -4 2 , 7 -26 0 27 -24 -4 , 11 6 -20 28 -13 11 , 39 36 -36 0 7 -29 , 0.0059524664794165178 , 49
1.0835874310343718 , 6 15 -20 -28 -33 -11 , 34 1 -1 0 19 18 , -13 28 -31 6 11 -11 , 8 -37 37 0 -26 11 , 34 20 -15 28 9 -48 , -24 27 4 -26 7 4 , 2 -4 -27 26 0 -20 , -19 31 -28 -6 20 -17 , 39 36 -36 0 7 -29 , 0.0059524664794165386 , 50
1.0835874310343718 , 6 15 -20 -28 -33 -11 , 34 1 -1 0 19 18 , 13 -28 31 -6 -11 11 , 8 -37 37 0 -26 11 , 34 20 -15 28 9 -48 , 24 -27 -4 26 -7 -4 , -2 4 27 -26 0 20 , 19 -31 28 6 -20 17 , 39 36 -36 0 7 -29 , 0.0059524664794165386 , 51
1.0835874310343718 , 6 15 -20 -28 -33 -11 , 8 -37 37 0 -26 11 , -4 -7 26 -4 -27 24 , 34 1 -1 0 19 18 , 34 20 -15 28 9 -48 , 11 -11 -6 31 -28 13 , -20 6 11 -31 19 -17 , 0 -26 7 4 -2 -20 , 39 36 -36 0 7 -29 , 0.0059524664794165993 , 52
1.0835874310343718 , 6 15 -20 -28 -33 -11 , 8 -37 37 0 -26 11 , 4 7 -26 4 27 -24 , 34 1 -1 0 19 18 , 34 20 -15 28 9 -48 , -11 11 6 -31 28 -13 , 20 -6 -11 31 -19 17 , 0 26 -7 -4 2 20 , 39 36 -36 0 7 -29 , 0.0059524664794165993 , 53
1.0835874310343718 , 6 15 -20 -28 -33 -11 , 34 1 -1 0 19 18 , 6 11 -11 19 -17 20 , 8 -37 37 0 -26 11 , 34 20 -15 28 9 -48 , -26 7 4 -2 -20 0 , -24 -4 -7 2 -4 -27 , -13 11 -11 -19 31 -28 , 39 36 -36 0 7 -29 , 0.0059524664794166045 , 54
1.0835874310343718 , 6 15 -20 -28 -33 -11 , 34 1 -1 0 19 18 , -6 -11 11 -19 17 -20 , 8 -37 37 0 -26 11 , 34 20 -15 28 9 -48 , 26 -7 -4 2 20 0 , 24 4 7 -2 4 27 , 13 -11 11 19 -31 28 , 39 36 -36 0 7 -29 , 0.0059524664794166045 , 55
1.0835874310343718 , 6 15 -20 -28 -33 -11 , 34 1 -1 0 19 18 , 11 -13 28 -20 6 11 , 8 -37 37 0 -26 11 , 34 20 -15 28 9 -48 , -4 -24 27 0 -26 7 , -4 -27 24 0 -20 -2 , 31 -28 13 20 -17 19 , 39 36 -36 0 7 -29 , 0.0059524664794166531 , 56
1.0835874310343718 , 6 15 -20 -28 -33 -11 , 34 1 -1 0 19 18 , -11 13 -28 20 -6 -11 , 8 -37 37 0 -26 11 , 34 20 -15 28 9 -48 , 4 24 -27 0 26 -7 , 4 27 -24 0 20 2 , -31 28 -13 -20 17 -19 , 39 36 -36 0 7 -29 , 0.0059524664794166531 , 57
1.0835874310343718 , 6 15 -20 -28 -33 -11 , 8 -37 37 0 -26 11 , 0 20 2 -4 -7 26 , 34 1 -1 0 19 18 , 34 20 -15 28 9 -48 , -20 17 -19 11 -11 -6 , -31 19 -17 -11 13 -28 , 4 -2 -20 4 24 -27 , 39 36 -36 0 7 -29 , 0.0059524664794167077 , 58
1.0835874310343718 , 6 15 -20 -28 -33 -11 , 8 -37 37 0 -26 11 , 0 -20 -2 4 7 -26 , 34 1 -1 0 19 18 , 34 20 -15 28 9 -48 , 20 -17 19 -11 11 6 , 31 -19 17 11 -13 28 , -4 2 20 -4 -24 27 , 39 36 -36 0 7 -29 , 0.0059524664794167077 , 59
1.0835874310343718 , 6 15 -20 -28 -33 -11 , 8 -37 37 0 -26 11 , -26 0 20 -24 -4 -7 , 34 1 -1 0 19 18 , 34 20 -15 28 9 -48 , 6 -20 17 -13 11 -11 , 19 -17 20 13 -28 31 , -2 -20 0 24 -27 -4 , 39 36 -36 0 7 -29 , 0.0059524664794167199 , 60
1.0835874310343718 , 6 15 -20 -28 -33 -11 , 8 -37 37 0 -26 11 , 26 0 -20 24 4 7 , 34 1 -1 0 19 18 , 34 20 -15 28 9 -48 , -6 20 -17 13 -11 11 , -19 17 -20 -13 28 -31 , 2 20 0 -24 27 4 , 39 36 -36 0 7 -29 , 0.0059524664794167199 , 61
1.0835874310343718 , 6 15 -20 -28 -33 -11 , 34 1 -1 0 19 18 , -28 31 -19 -11 11 -13 , 8 -37 37 0 -26 11 , 34 20 -15 28 9 -48 , -27 -4 2 -7 -4 -24 , -20 -2 4 7 -26 0 , -17 19 -31 11 6 -20 , 39 36 -36 0 7 -29 , 0.0059524664794167606 , 62
1.0835874310343718 , 6 15 -20 -28 -33 -11 , 34 1 -1 0 19 18 , 28 -31 19 11 -11 13 , 8 -37 37 0 -26 11 , 34 20 -15 28 9 -48 , 27 4 -2 7 4 24 , 20 2 -4 -7 26 0 , 17 -19 31 -11 -6 20 , 39 36 -36 0 7 -29 , 0.0059524664794167606 , 63
1.0835874310343718 , 6 15 -20 -28 -33 -11 , 8 -37 37 0 -26 11 , -4 -27 24 0 -20 -2 , 34 1 -1 0 19 18 , 34 20 -15 28 9 -48 , 31 -28 13 20 -17 19 , 11 -13 28 -20 6 11 , -4 -24 27 0 -26 7 , 39 36 -36 0 7 -29 , 0.0059524664794167945 , 64
1.0835874310343718 , 6 15 -20 -28 -33 -11 , 8 -37 37 0 -26 11 , 4 27 -24 0 20 2 , 34 1 -1 0 19 18 , 34 20 -15 28 9 -48 , -31 28 -13 -20 17 -19 , -11 13 -28 20 -6 -11 , 4 24 -27 0 26 -7 , 39 36 -36 0 7 -29 , 0.0059524664794167945 , 65
1.0835874310343718 , 6 15 -20 -28 -33 -11 , 8 -37 37 0 -26 11 , 2 -4 -27 26 0 -20 , 34 1 -1 0 19 18 , 34 20 -15 28 9 -48 , -19 31 -28 -6 20 -17 , -13 28 -31 6 11 -11 , -24 27 4 -26 7 4 , 39 36 -36 0 7 -29 , 0.0059524664794168647 , 66
1.0835874310343718 , 6 15 -20 -28 -33 -11 , 8 -37 37 0 -26 11 , -2 4 27 -26 0 20 , 34 1 -1 0 19 18 , 34 20 -15 28 9 -48 , 19 -31 28 6 -20 17 , 13 -28 31 -6 -11 11 , 24 -27 -4 26 -7 -4 , 39 36 -36 0 7 -29 , 0.0059524664794168647 , 67
1.0835874310343718 , 6 15 -20 -28 -33 -11 , 8 -37 37 0 -26 11 , -20 -2 4 7 -26 0 , 34 1 -1 0 19 18 , 34 20 -15 28 9 -48 , -17 19 -31 11 6 -20 , -28 31 -19 -11 11 -13 , -27 -4 2 -7 -4 -24 , 39 36 -36 0 7 -29 , 0.0059524664794168786 , 68
1.0835874310343718 , 6 15 -20 -28 -33 -11 , 8 -37 37 0 -26 11 , 20 2 -4 -7 26 0 , 34 1 -1 0 19 18 , 34 20 -15 28 9 -48 , 17 -19 31 -11 -6 20 , 28 -31 19 11 -11 13 , 27 4 -2 7 4 24 , 39 36 -36 0 7 -29 , 0.0059524664794168786 , 69
1.0835874310343718 , 6 15 -20 -28 -33 -11 , 34 1 -1 0 19 18 , -11 11 -13 17 -20 6 , 8 -37 37 0 -26 11 , 34 20 -15 28 9 -48 , -7 -4 -24 20 0 -26 , -27 24 4 -20 -2 4 , -28 13 -11 -17 19 -31 , 39 36 -36 0 7 -29 , 0.0059524664794168994 , 70
1.0835874310343718 , 6 15 -20 -28 -33 -11 , 34 1 -1 0 19 18 , 11 -11 13 -17 20 -6 , 8 -37 37 0 -26 11 , 34 20 -15 28 9 -48 , 7 4 24 -20 0 26 , 27 -24 -4 20 2 -4 , 28 -13 11 17 -19 31 , 39 36 -36 0 7 -29 , 0.0059524664794168994 , 71
1.0835874310343718 , 28 14 -51 -15 1 -35 , 37 -13 13 0 9 22 , 1 -11 4 17 -25 9 , 5 -23 23 0 -16 7 , 43 51 -14 15 16 -13 , 33 -1 2 16 -9 35 , 17 -2 1 -16 33 -8 , -16 -4 11 -17 5 -14 , 39 36 -36 0 7 -29 , 0.0063771341891038259 , 72
1.0835874310343718 , 28 14 -51 -15 1 -35 , 37 -13 13 0 9 22 , -1 11 -4 -17 25 -9 , 5 -23 23 0 -16 7 , 43 51 -14 15 16 -13 , -33 1 -2 -16 9 -35 , -17 2 -1 16 -33 8 , 16 4 -11 17 -5 14 , 39 36 -36 0 7 -29 , 0.0063771341891038259 , 73
1.0835874310343718 , 28 14 -51 -15 1 -35 , 5 -23 23 0 -16 7 , -1 33 -35 8 17 -2 , 37 -13 13 0 9 22 , 43 51 -14 15 16 -13 , -11 1 -9 14 -16 -4 , -25 9 -1 -14 5 -17 , -9 35 -33 -8 33 -16 , 39 36 -36 0 7 -29 , 0.0063771341891040055 , 74
1.0835874310343718 , 28 14 -51 -15 1 -35 , 5 -23 23 0 -16 7 , 1 -33 35 -8 -17 2 , 37 -13 13 0 9 22 , 43 51 -14 15 16 -13 , 11 -1 9 -14 16 4 , 25 -9 1 14 -5 17 , 9 -35 33 8 -33 16 , 39 36 -36 0 7 -29 , 0.0063771341891040055 , 75
1.0835874310343718 , 28 14 -51 -15 1 -35 , 5 -23 23 0 -16 7 , 2 -1 33 -33 8 17 , 37 -13 13 0 9 22 , 43 51 -14 15 16 -13 , 4 -11 1 -5 14 -16 , 9 -1 11 5 -17 25 , 35 -33 1 33 -16 9 , 39 36 -36 0 7 -29 , 0.0063771341891040167 , 76
1.0835874310343718 , 28 14 -51 -15 1 -35 , 5 -23 23 0 -16 7 , -2 1 -33 33 -8 -17 , 37 -13 13 0 9 22 , 43 51 -14 15 16 -13 , -4 11 -1 5 -14 16 , -9 1 -11 -5 17 -25 , -35 33 -1 -33 16 -9 , 39 36 -36 0 7 -29 , 0.0063771341891040167 , 77
1.0835874310343718 , 28 14 -51 -15 1 -35 , 5 -23 23 0 -16 7 , -33 8 17 -35 9 -16 , 37 -13 13 0 9 22 , 43 51 -14 15 16 -13 , -5 14 -16 -9 25 -17 , 4 16 -14 9 -1 11 , 2 -17 -8 35 -33 1 , 39 36 -36 0 7 -29 , 0.0063771341891040358 , 78
1.0835874310343718 , 28 14 -51 -15 1 -35 , 5 -23 23 0 -16 7 , 33 -8 -17 35 -9 16 , 37 -13 13 0 9 22 , 43 51 -14 15 16 -13 , 5 -14 16 9 -25 17 , -4 -16 14 -9 1 -11 , -2 17 8 -35 33 -1 , 39 36 -36 0 7 -29 , 0.0063771341891040358 , 79
1.0835874310343718 , 28 14 -51 -15 1 -35 , 5 -23 23 0 -16 7 , -35 9 -16 -2 1 -33 , 37 -13 13 0 9 22 , 43 51 -14 15 16 -13 , -9 25 -17 -4 11 -1 , -5 17 -25 4 16 -14 , -33 16 -9 2 -17 -8 , 39 36 -36 0 7 -29 , 0.0063771341891040428 , 80
1.0835874310343718 , 28 14 -51 -15 1 -35 , 5 -23 23 0 -16 7 , 35 -9 16 2 -1 33 , 37 -13 13 0 9 22 , 43 51 -14 15 16 -13 , 9 -25 17 4 -11 1 , 5 -17 25 -4 -16 14 , 33 -16 9 -2 17 8 , 39 36 -36 0 7 -29 , 0.0063771341891040428 , 81
1.0835874310343718 , 28 14 -51 -15 1 -35 , 37 -13 13 0 9 22 , -11 4 16 -25 9 -1 , 5 -23 23 0 -16 7 , 43 51 -14 15 16 -13 , -1 2 -17 -9 35 -33 , 8 17 -2 9 -16 33 , 14 -16 -4 25 -17 5 , 39 36 -36 0 7 -29 , 0.0063771341891040723 , 82
1.0835874310343718 , 28 14 -51 -15 1 -35 , 37 -13 13 0 9 22 , 11 -4 -16 25 -9 1 , 5 -23 23 0 -16 7 , 43 51 -14 15 16 -13 , 1 -2 17 9 -35 33 , -8 -17 2 -9 16 -33 , -14 16 4 -25 17 -5 , 39 36 -36 0 7 -29 , 0.0063771341891040723 , 83
1.0835874310343718 , 28 14 -51 -15 1 -35 , 37 -13 13 0 9 22 , -25 9 -1 -14 5 -17 , 5 -23 23 0 -16 7 , 43 51 -14 15 16 -13 , -9 35 -33 -8 33 -16 , -1 33 -35 8 17 -2 , -11 1 -9 14 -16 -4 , 39 36 -36 0 7 -29 , 0.0063771341891040913 , 84
1.0835874310343718 , 28 14 -51 -15 1 -35 , 37 -13 13 0 9 22 , 17 -25 9 16 -14 5 , 5 -23 23 0 -16 7 , 43 51 -14 15 16 -13 , 16 -9 35 -17 -8 33 , 33 -35 9 17 -2 1 , 1 -9 25 -16 -4 11 , 39 36 -36 0 7 -29 , 0.0063771341891040913 , 85
1.0835874310343718 , 28 14 -51 -15 1 -35 , 37 -13 13 0 9 22 , -17 25 -9 -16 14 -5 , 5 -23 23 0 -16 7 , 43 51 -14 15 16 -13 , -16 9 -35 17 8 -33 , -33 35 -9 -17 2 -1 , -1 9 -25 16 4 -11 , 39 36 -36 0 7 -29 , 0.0063771341891040913 , 86
1.0835874310343718 , 28 14 -51 -15 1 -35 , 37 -13 13 0 9 22 , 25 -9 1 14 -5 17 , 5 -23 23 0 -16 7 , 43 51 -14 15 16 -13 , 9 -35 33 8 -33 16 , 1 -33 35 -8 -17 2 , 11 -1 9 -14 16 4 , 39 36 -36 0 7 -29 , 0.0063771341891040913 , 87
1.0835874310343718 , 28 14 -51 -15 1 -35 , 5 -23 23 0 -16 7 , -9 16 -33 -1 33 -35 , 37 -13 13 0 9 22 , 43 51 -14 15 16 -13 , -25 17 -5 -11 1 -9 , -14 5 -17 11 -4 -16 , -8 33 -16 1 -2 17 , 39 36 -36 0 7 -29 , 0.0063771341891041139 , 88
1.0835874310343718 , 28 14 -51 -15 1 -35 , 5 -23 23 0 -16 7 , 9 -16 33 1 -33 35 , 37 -13 13 0 9 22 , 43 51 -14 15 16 -13 , 25 -17 5 11 -1 9 , 14 -5 17 -11 4 16 , 8 -33 16 -1 2 -17 , 39 36 -36 0 7 -29 , 0.0063771341891041139 , 89
1.0835874310343718 , 28 14 -51 -15 1 -35 , 37 -13 13 0 9 22 , 9 -1 11 5 -17 25 , 5 -23 23 0 -16 7 , 43 51 -14 15 16 -13 , 35 -33 1 33 -16 9 , 2 -1 33 -33 8 17 , 4 -11 1 -5 14 -16 , 39 36 -36 0 7 -29 , 0.0063771341891041156 , 90
1.0835874310343718 , 28 14 -51 -15 1 -35 , 37 -13 13 0 9 22 , -9 1 -11 -5 17 -25 , 5 -23 23 0 -16 7 , 43 51 -14 15 16 -13 , -35 33 -1 -33 16 -9 , -2 1 -33 33 -8 -17 , -4 11 -1 5 -14 16 , 39 36 -36 0 7 -29 , 0.0063771341891041156 , 91
1.0835874310343718 , 28 14 -51 -15 1 -35 , 5 -23 23 0 -16 7 , 16 -33 8 33 -35 9 , 37 -13 13 0 9 22 , 43 51 -14 15 16 -13 , 17 -5 14 1 -9 25 , 16 -14 5 -1 11 -4 , -17 -8 33 -33 1 -2 , 39 36 -36 0 7 -29 , 0.0063771341891041616 , 92
1.0835874310343718 , 28 14 -51 -15 1 -35 , 5 -23 23 0 -16 7 , -16 33 -8 -33 35 -9 , 37 -13 13 0 9 22 , 43 51 -14 15 16 -13 , -17 5 -14 -1 9 -25 , -16 14 -5 1 -11 4 , 17 8 -33 33 -1 2 , 39 36 -36 0 7 -29 , 0.0063771341891041616 , 93
1.0835874310343718 , 28 14 -51 -15 1 -35 , 5 -23 23 0 -16 7 , -17 2 -1 16 -33 8 , 37 -13 13 0 9 22 , 43 51 -14 15 16 -13 , 16 4 -11 17 -5 14 , -1 11 -4 -17 25 -9 , -33 1 -2 -16 9 -35 , 39 36 -36 0 7 -29 , 0.0063771341891041633 , 94
1.0835874310343718 , 28 14 -51 -15 1 -35 , 5 -23 23 0 -16 7 , 17 -2 1 -16 33 -8 , 37 -13 13 0 9 22 , 43 51 -14 15 16 -13 , -16 -4 11 -17 5 -14 , 1 -11 4 17 -25 9 , 33 -1 2 16 -9 35 , 39 36 -36 0 7 -29 , 0.0063771341891041633 , 95
1.0835874310343718 , 28 14 -51 -15 1 -35 , 37 -13 13 0 9 22 , 4 16 -14 9 -1 11 , 5 -23 23 0 -16 7 , 43 51 -14 15 16 -13 , 2 -17 -8 35 -33 1 , -33 8 17 -35 9 -16 , -5 14 -16 -9 25 -17 , 39 36 -36 0 7 -29 , 0.0063771341891041946 , 96
1.0835874310343718 , 28 14 -51 -15 1 -35 , 37 -13 13 0 9 22 , -4 -16 14 -9 1 -11 , 5 -23 23 0 -16 7 , 43 51 -14 15 16 -13 , -2 17 8 -35 33 -1 , 33 -8 -17 35 -9 16 , 5 -14 16 9 -25 17 , 39 36 -36 0 7 -29 , 0.0063771341891041946 , 97
1.0835874310343718 , 28 14 -51 -15 1 -35 , 37 -13 13 0 9 22 , -14 5 -17 11 -4 -16 , 5 -23 23 0 -16 7 , 43 51 -14 15 16 -13 , -8 33 -16 1 -2 17 , -9 16 -33 -1 33 -35 , -25 17 -5 -11 1 -9 , 39 36 -36 0 7 -29 , 0.0063771341891041954 , 98
1.0835874310343718 , 28 14 -51 -15 1 -35 , 37 -13 13 0 9 22 , 14 -5 17 -11 4 16 , 5 -23 23 0 -16 7 , 43 51 -14 15 16 -13 , 8 -33 16 -1 2 -17 , 9 -16 33 1 -33 35 , 25 -17 5 11 -1 9 , 39 36 -36 0 7 -29 , 0.0063771341891041954 , 99
1.1793089583256366 , 29 12 -20 -37 -9 -6 , 20 -29 29 0 -13 16 , -12 -16 21 -11 -9 -7 , 22 -7 7 0 6 13 , 66 20 -12 37 14 -21 , -6 24 -38 15 12 -14 , -21 38 -24 -15 24 -12 , -1 -21 16 11 -28 7 , 39 36 -36 0 7 -29 , 0.0049574162539514086 , 0
1.1793089583256366 , 29 12 -20 -37 -9 -6 , 20 -29 29 0 -13 16 , 12 16 -21 11 9 7 , 22 -7 7 0 6 13 , 66 20 -12 37 14 -21 , 6 -24 38 -15 -12 14 , 21 -38 24 15 -24 12 , 1 21 -16 -11 28 -7 , 39 36 -36 0 7 -29 , 0.0049574162539514086 , 1
1.1793089583256366 , 29 12 -20 -37 -9 -6 , 22 -7 7 0 6 13 , -15 24 -12 6 -14 12 , 20 -29 29 0 -13 16 , 66 20 -12 37 14 -21 , 11 -28 7 12 -7 -9 , -1 -7 28 -12 -16 21 , -21 12 -24 -6 24 -38 , 39 36 -36 0 7 -29 , 0.0049574162539514112 , 2
1.1793089583256366 , 29 12 -20 -37 -9 -6 , 22 -7 7 0 6 13 , 15 -24 12 -6 14 -12 , 20 -29 29 0 -13 16 , 66 20 -12 37 14 -21 , -11 28 -7 -12 7 9 , 1 7 -28 12 16 -21 , 21 -12 24 6 -24 38 , 39 36 -36 0 7 -29 , 0.0049574162539514112 , 3
1.1793089583256366 , 29 12 -20 -37 -9 -6 , 20 -29 29 0 -13 16 , 7 -12 -16 28 -11 -9 , 22 -7 7 0 6 13 , 66 20 -12 37 14 -21 , 14 -6 24 -24 15 12 , 38 -24 6 24 -12 21 , -21 16 12 -28 7 1 , 39 36 -36 0 7 -29 , 0.0049574162539514181 , 4
1.1793089583256366 , 29 12 -20 -37 -9 -6 , 20 -29 29 0 -13 16 , -7 12 16 -28 11 9 , 22 -7 7 0 6 13 , 66 20 -12 37 14 -21 , -14 6 -24 24 -15 -12 , -38 24 -6 -24 12 -21 , 21 -16 -12 28 -7 -1 , 39 36 -36 0 7 -29 , 0.0049574162539514181 , 5
1.1793089583256366 , 29 12 -20 -37 -9 -6 , 22 -7 7 0 6 13 , 12 -21 38 -12 -15 24 , 20 -29 29 0 -13 16 , 66 20 -12 37 14 -21 , -7 -1 -21 9 11 -28 , -16 21 1 -9 -7 12 , 24 -38 21 12 -14 6 , 39 36 -36 0 7 -29 , 0.0049574162539514251 , 6
1.1793089583256366 , 29 12 -20 -37 -9 -6 , 22 -7 7 0 6 13 , -12 21 -38 12 15 -24 , 20 -29 29 0 -13 16 , 66 20 -12 37 14 -21 , 7 1 21 -9 -11 28 , 16 -21 -1 9 7 -12 , -24 38 -21 -12 14 -6 , 39 36 -36 0 7 -29 , 0.0049574162539514251 , 7
1.1793089583256366 , 29 12 -20 -37 -9 -6 , 22 -7 7 0 6 13 , -21 38 -24 -15 24 -12 , 20 -29 29 0 -13 16 , 66 20 -12 37 14 -21 , -1 -21 16 11 -28 7 , -12 -16 21 -11 -9 -7 , -6 24 -38 15 12 -14 , 39 36 -36 0 7 -29 , 0.0049574162539514259 , 8
1.1793089583256366 , 29 12 -20 -37 -9 -6 , 22 -7 7 0 6 13 , 21 -38 24 15 -24 12 , 20 -29 29 0 -13 16 , 66 20 -12 37 14 -21 , 1 21 -16 -11 28 -7 , 12 16 -21 11 9 7 , 6 -24 38 -15 -12 14 , 39 36 -36 0 7 -29 , 0.0049574162539514259 , 9
1.1793089583256366 , 29 12 -20 -37 -9 -6 , 20 -29 29 0 -13 16 , -28 11 9 -21 -1 -7 , 22 -7 7 0 6 13 , 66 20 -12 37 14 -21 , 24 -15 -12 38 -21 12 , -14 12 15 -38 24 -6 , -7 -9 -11 21 -16 -12 , 39 36 -36 0 7 -29 , 0.0049574162539514268 , 10
1.1793089583256366 , 29 12 -20 -37 -9 -6 , 20 -29 29 0 -13 16 , 28 -11 -9 21 1 7 , 22 -7 7 0 6 13 , 66 20 -12 37 14 -21 , -24 15 12 -38 21 -12 , 14 -12 -15 38 -24 6 , 7 9 11 -21 16 12 , 39 36 -36 0 7 -29 , 0.0049574162539514268 , 11
1.1793089583256366 , 29 12 -20 -37 -9 -6 , 20 -29 29 0 -13 16 , -16 21 1 -9 -7 12 , 22 -7 7 0 6 13 , 66 20 -12 37 14 -21 , 24 -38 21 12 -14 6 , 12 -21 38 -12 -15 24 , -7 -1 -21 9 11 -28 , 39 36 -36 0 7 -29 , 0.0049574162539514294 , 12
1.1793089583256366 , 29 12 -20 -37 -9 -6 , 20 -29 29 0 -13 16 , -11 -9 -7 1 7 -28 , 22 -7 7 0 6 13 , 66 20 -12 37 14 -21 , 15 12 -14 21 -12 24 , -6 14 -12 -21 38 -24 , -12 7 9 -1 -21 16 , 39 36 -36 0 7 -29 , 0.0049574162539514294 , 13
1.1793089583256366 , 29 12 -20 -37 -9 -6 , 20 -29 29 0 -13 16 , 11 9 7 -1 -7 28 , 22 -7 7 0 6 13 , 66 20 -12 37 14 -21 , -15 -12 14 -21 12 -24 , 6 -14 12 21 -38 24 , 12 -7 -9 1 21 -16 , 39 36 -36 0 7 -29 , 0.0049574162539514294 , 14
1.1793089583256366 , 29 12 -20 -37 -9 -6 , 20 -29 29 0 -13 16 , 16 -21 -1 9 7 -12 , 22 -7 7 0 6 13 , 66 20 -12 37 14 -21 , -24 38 -21 -12 14 -6 , -12 21 -38 12 15 -24 , 7 1 21 -9 -11 28 , 39 36 -36 0 7 -29 , 0.0049574162539514294 , 15
1.1793089583256366 , 29 12 -20 -37 -9 -6 , 22 -7 7 0 6 13 , -24 12 -21 14 -12 -15 , 20 -29 29 0 -13 16 , 66 20 -12 37 14 -21 , 28 -7 -1 7 9 11 , 21 1 7 -7 12 16 , -38 21 -12 -14 6 -24 , 39 36 -36 0 7 -29 , 0.0049574162539514329 , 16
1.1793089583256366 , 29 12 -20 -37 -9 -6 , 22 -7 7 0 6 13 , 14 -12 -15 38 -24 6 , 20 -29 29 0 -13 16 , 66 20 -12 37 14 -21 , 7 9 11 -21 16 12 , 28 -11 -9 21 1 7 , -24 15 12 -38 21 -12 , 39 36 -36 0 7 -29 , 0.0049574162539514329 , 17
1.1793089583256366 , 29 12 -20 -37 -9 -6 , 22 -7 7 0 6 13 , -14 12 15 -38 24 -6 , 20 -29 29 0 -13 16 , 66 20 -12 37 14 -21 , -7 -9 -11 21 -16 -12 , -28 11 9 -21 -1 -7 , 24 -15 -12 38 -21 12 , 39 36 -36 0 7 -29 , 0.0049574162539514329 , 18
1.1793089583256366 , 29 12 -20 -37 -9 -6 , 22 -7 7 0 6 13 , 24 -12 21 -14 12 15 , 20 -29 29 0 -13 16 , 66 20 -12 37 14 -21 , -28 7 1 -7 -9 -11 , -21 -1 -7 7 -12 -16 , 38 -21 12 14 -6 24 , 39 36 -36 0 7 -29 , 0.0049574162539514329 , 19
1.1793089583256366 , 29 12 -20 -37 -9 -6 , 20 -29 29 0 -13 16 , -9 -7 12 7 -28 11 , 22 -7 7 0 6 13 , 66 20 -12 37 14 -21 , 12 -14 6 -12 24 -15 , 24 -6 14 12 -21 38 , -16 -12 7 -7 -1 -21 , 39 36 -36 0 7 -29 , 0.0049574162539514337 , 20
1.1793089583256366 , 29 12 -20 -37 -9 -6 , 20 -29 29 0 -13 16 , 9 7 -12 -7 28 -11 , 22 -7 7 0 6 13 , 66 20 -12 37 14 -21 , -12 14 -6 12 -24 15 , -24 6 -14 -12 21 -38 , 16 12 -7 7 1 21 , 39 36 -36 0 7 -29 , 0.0049574162539514337 , 21
1.1793089583256366 , 29 12 -20 -37 -9 -6 , 22 -7 7 0 6 13 , 24 -6 14 12 -21 38 , 20 -29 29 0 -13 16 , 66 20 -12 37 14 -21 , -16 -12 7 -7 -1 -21 , -9 -7 12 7 -28 11 , 12 -14 6 -12 24 -15 , 39 36 -36 0 7 -29 , 0.0049574162539514355 , 22
1.1793089583256366 , 29 12 -20 -37 -9 -6 , 22 -7 7 0 6 13 , -12 -15 24 -24 6 -14 , 20 -29 29 0 -13 16 , 66 20 -12 37 14 -21 , 9 11 -28 16 12 -7 , -7 28 -11 -16 21 1 , 12 -24 15 24 -38 21 , 39 36 -36 0 7 -29 , 0.0049574162539514355 , 23
1.1793089583256366 , 29 12 -20 -37 -9 -6 , 22 -7 7 0 6 13 , 12 15 -24 24 -6 14 , 20 -29 29 0 -13 16 , 66 20 -12 37 14 -21 , -9 -11 28 -16 -12 7 , 7 -28 11 16 -21 -1 , -12 24 -15 -24 38 -21 , 39 36 -36 0 7 -29 , 0.0049574162539514355 , 24
1.1793089583256366 , 29 12 -20 -37 -9 -6 , 22 -7 7 0 6 13 , -24 6 -14 -12 21 -38 , 20 -29 29 0 -13 16 , 66 20 -12 37 14 -21 , 16 12 -7 7 1 21 , 9 7 -12 -7 28 -11 , -12 14 -6 12 -24 15 , 39 36 -36 0 7 -29 , 0.0049574162539514355 , 25
1.1793089583256366 , 29 12 -20 -37 -9 -6 , 20 -29 29 0 -13 16 , -1 -7 28 -12 -16 21 , 22 -7 7 0 6 13 , 66 20 -12 37 14 -21 , -21 12 -24 -6 24 -38 , -15 24 -12 6 -14 12 , 11 -28 7 12 -7 -9 , 39 36 -36 0 7 -29 , 0.0049574162539514363 , 26
1.1793089583256366 , 29 12 -20 -37 -9 -6 , 20 -29 29 0 -13 16 , -7 28 -11 -16 21 1 , 22 -7 7 0 6 13 , 66 20 -12 37 14 -21 , 12 -24 15 24 -38 21 , -12 -15 24 -24 6 -14 , 9 11 -28 16 12 -7 , 39 36 -36 0 7 -29 , 0.0049574162539514363 , 27
1.1793089583256366 , 29 12 -20 -37 -9 -6 , 20 -29 29 0 -13 16 , 7 -28 11 16 -21 -1 , 22 -7 7 0 6 13 , 66 20 -12 37 14 -21 , -12 24 -15 -24 38 -21 , 12 15 -24 24 -6 14 , -9 -11 28 -16 -12 7 , 39 36 -36 0 7 -29 , 0.0049574162539514363 , 28
1.1793089583256366 , 29 12 -20 -37 -9 -6 , 20 -29 29 0 -13 16 , 1 7 -28 12 16 -21 , 22 -7 7 0 6 13 , 66 20 -12 37 14 -21 , 21 -12 24 6 -24 38 , 15 -24 12 -6 14 -12 , -11 28 -7 -12 7 9 , 39 36 -36 0 7 -29 , 0.0049574162539514363 , 29
1.1793089583256366 , 29 12 -20 -37 -9 -6 , 22 -7 7 0 6 13 , -38 24 -6 -24 12 -21 , 20 -29 29 0 -13 16 , 66 20 -12 37 14 -21 , 21 -16 -12 28 -7 -1 , -7 12 16 -28 11 9 , -14 6 -24 24 -15 -12 , 39 36 -36 0 7 -29 , 0.0049574162539514372 , 30
1.1793089583256366 , 29 12 -20 -37 -9 -6 , 22 -7 7 0 6 13 , 38 -24 6 24 -12 21 , 20 -29 29 0 -13 16 , 66 20 -12 37 14 -21 , -21 16 12 -28 7 1 , 7 -12 -16 28 -11 -9 , 14 -6 24 -24 15 12 , 39 36 -36 0 7 -29 , 0.0049574162539514372 , 31
1.1793089583256366 , 29 12 -20 -37 -9 -6 , 22 -7 7 0 6 13 , -6 14 -12 -21 38 -24 , 20 -29 29 0 -13 16 , 66 20 -12 37 14 -21 , -12 7 9 -1 -21 16 , -11 -9 -7 1 7 -28 , 15 12 -14 21 -12 24 , 39 36 -36 0 7 -29 , 0.0049574162539514424 , 32
1.1793089583256366 , 29 12 -20 -37 -9 -6 , 22 -7 7 0 6 13 , 6 -14 12 21 -38 24 , 20 -29 29 0 -13 16 , 66 20 -12 37 14 -21 , 12 -7 -9 1 21 -16 , 11 9 7 -1 -7 28 , -15 -12 14 -21 12 -24 , 39 36 -36 0 7 -29 , 0.0049574162539514424 , 33
1.1793089583256366 , 29 12 -20 -37 -9 -6 , 20 -29 29 0 -13 16 , -21 -1 -7 7 -12 -16 , 22 -7 7 0 6 13 , 66 20 -12 37 14 -21 , 38 -21 12 14 -6 24 , 24 -12 21 -14 12 15 , -28 7 1 -7 -9 -11 , 39 36 -36 0 7 -29 , 0.0049574162539514442 , 34
1.1793089583256366 , 29 12 -20 -37 -9 -6 , 20 -29 29 0 -13 16 , 21 1 7 -7 12 16 , 22 -7 7 0 6 13 , 66 20 -12 37 14 -21 , -38 21 -12 -14 6 -24 , -24 12 -21 14 -12 -15 , 28 -7 -1 7 9 11 , 39 36 -36 0 7 -29 , 0.0049574162539514442 , 35
1.1793089583256366 , 24 10 -34 -25 -10 -21 , 12 -41 41 0 -27 14 , -14 -3 23 -13 -17 11 , 30 5 -5 0 20 15 , 49 34 -10 25 13 -20 , 8 -14 13 -18 22 -13 , 26 -13 14 18 -26 36 , -1 -23 3 13 -12 -14 , 39 36 -36 0 7 -29 , 0.0055094139365477997 , 36
1.1793089583256366 , 24 10 -34 -25 -10 -21 , 12 -41 41 0 -27 14 , 14 3 -23 13 17 -11 , 30 5 -5 0 20 15 , 49 34 -10 25 13 -20 , -8 14 -13 18 -22 13 , -26 13 -14 -18 26 -36 , 1 23 -3 -13 12 14 , 39 36 -36 0 7 -29 , 0.0055094139365477997 , 37
1.1793089583256366 , 24 10 -34 -25 -10 -21 , 30 5 -5 0 20 15 , -26 36 -26 -13 22 -18 , 12 -41 41 0 -27 14 , 49 34 -10 25 13 -20 , -12 -14 1 11 -17 -13 , -23 -1 14 -11 -14 -3 , -13 26 -36 13 8 -14 , 39 36 -36 0 7 -29 , 0.0055094139365478136 , 38
1.1793089583256366 , 24 10 -34 -25 -10 -21 , 30 5 -5 0 20 15 , 26 -36 26 13 -22 18 , 12 -41 41 0 -27 14 , 49 34 -10 25 13 -20 , 12 14 -1 -11 17 13 , 23 1 -14 11 14 3 , 13 -26 36 -13 -8 14 , 39 36 -36 0 7 -29 , 0.0055094139365478136 , 39
1.1793089583256366 , 24 10 -34 -25 -10 -21 , 12 -41 41 0 -27 14 , -3 23 1 -17 11 14 , 30 5 -5 0 20 15 , 49 34 -10 25 13 -20 , -14 13 -26 22 -13 -8 , -36 26 -13 -22 18 -26 , 14 -1 -23 17 13 -12 , 39 36 -36 0 7 -29 , 0.0055094139365478986 , 40
1.1793089583256366 , 24 10 -34 -25 -10 -21 , 12 -41 41 0 -27 14 , 3 -23 -1 17 -11 -14 , 30 5 -5 0 20 15 , 49 34 -10 25 13 -20 , 14 -13 26 -22 13 8 , 36 -26 13 22 -18 26 , -14 1 23 -17 -13 12 , 39 36 -36 0 7 -29 , 0.0055094139365478986 , 41
1.1793089583256366 , 24 10 -34 -25 -10 -21 , 30 5 -5 0 20 15 , -18 26 -36 8 13 -22 , 12 -41 41 0 -27 14 , 49 34 -10 25 13 -20 , -13 12 14 -14 -11 17 , 1 -14 -12 14 3 -23 , -26 36 -26 -8 14 -13 , 39 36 -36 0 7 -29 , 0.0055094139365479376 , 42
1.1793089583256366 , 24 10 -34 -25 -10 -21 , 30 5 -5 0 20 15 , 22 -18 26 -14 8 13 , 12 -41 41 0 -27 14 , 49 34 -10 25 13 -20 , -17 -13 12 -3 -14 -11 , -14 -12 13 3 -23 -1 , 36 -26 18 14 -13 26 , 39 36 -36 0 7 -29 , 0.0055094139365479376 , 43
1.1793089583256366 , 24 10 -34 -25 -10 -21 , 30 5 -5 0 20 15 , -22 18 -26 14 -8 -13 , 12 -41 41 0 -27 14 , 49 34 -10 25 13 -20 , 17 13 -12 3 14 11 , 14 12 -13 -3 23 1 , -36 26 -18 -14 13 -26 , 39 36 -36 0 7 -29 , 0.0055094139365479376 , 44
1.1793089583256366 , 24 10 -34 -25 -10 -21 , 30 5 -5 0 20 15 , 18 -26 36 -8 -13 22 , 12 -41 41 0 -27 14 , 49 34 -10 25 13 -20 , 13 -12 -14 14 11 -17 , -1 14 12 -14 -3 23 , 26 -36 26 8 -14 13 , 39 36 -36 0 7 -29 , 0.0055094139365479376 , 45
1.1793089583256366 , 24 10 -34 -25 -10 -21 , 30 5 -5 0 20 15 , 13 -14 8 26 -36 26 , 12 -41 41 0 -27 14 , 49 34 -10 25 13 -20 , 23 -3 -14 12 14 -1 , 11 14 3 -12 13 17 , -13 -8 14 -26 18 -22 , 39 36 -36 0 7 -29 , 0.0055094139365479515 , 46
1.1793089583256366 , 24 10 -34 -25 -10 -21 , 30 5 -5 0 20 15 , -13 14 -8 -26 36 -26 , 12 -41 41 0 -27 14 , 49 34 -10 25 13 -20 , -23 3 14 -12 -14 1 , -11 -14 -3 12 -13 -17 , 13 8 -14 26 -18 22 , 39 36 -36 0 7 -29 , 0.0055094139365479515 , 47
1.1793089583256366 , 24 10 -34 -25 -10 -21 , 12 -41 41 0 -27 14 , 11 14 3 -12 13 17 , 30 5 -5 0 20 15 , 49 34 -10 25 13 -20 , -13 -8 14 -26 18 -22 , 13 -14 8 26 -36 26 , 23 -3 -14 12 14 -1 , 39 36 -36 0 7 -29 , 0.005509413936547961 , 48
1.1793089583256366 , 24 10 -34 -25 -10 -21 , 12 -41 41 0 -27 14 , -11 -14 -3 12 -13 -17 , 30 5 -5 0 20 15 , 49 34 -10 25 13 -20 , 13 8 -14 26 -18 22 , -13 14 -8 -26 36 -26 , -23 3 14 -12 -14 1 , 39 36 -36 0 7 -29 , 0.005509413936547961 , 49
1.1793089583256366 , 24 10 -34 -25 -10 -21 , 30 5 -5 0 20 15 , -36 26 -13 -22 18 -26 , 12 -41 41 0 -27 14 , 49 34 -10 25 13 -20 , 14 -1 -23 17 13 -12 , -3 23 1 -17 11 14 , -14 13 -26 22 -13 -8 , 39 36 -36 0 7 -29 , 0.0055094139365479732 , 50
1.1793089583256366 , 24 10 -34 -25 -10 -21 , 30 5 -5 0 20 15 , 36 -26 13 22 -18 26 , 12 -41 41 0 -27 14 , 49 34 -10 25 13 -20 , -14 1 23 -17 -13 12 , 3 -23 -1 17 -11 -14 , 14 -13 26 -22 13 8 , 39 36 -36 0 7 -29 , 0.0055094139365479732 , 51
1.1793089583256366 , 24 10 -34 -25 -10 -21 , 30 5 -5 0 20 15 , -13 22 -18 13 -14 8 , 12 -41 41 0 -27 14 , 49 34 -10 25 13 -20 , 11 -17 -13 23 -3 -14 , -12 13 17 -23 -1 14 , -26 18 -22 -13 26 -36 , 39 36 -36 0 7 -29 , 0.0055094139365480469 , 52
1.1793089583256366 , 24 10 -34 -25 -10 -21 , 30 5 -5 0 20 15 , 13 -22 18 -13 14 -8 , 12 -41 41 0 -27 14 , 49 34 -10 25 13 -20 , -11 17 13 -23 3 14 , 12 -13 -17 23 1 -14 , 26 -18 22 13 -26 36 , 39 36 -36 0 7 -29 , 0.0055094139365480469 , 53
1.1793089583256366 , 24 10 -34 -25 -10 -21 , 12 -41 41 0 -27 14 , 1 -14 -12 14 3 -23 , 30 5 -5 0 20 15 , 49 34 -10 25 13 -20 , -26 36 -26 -8 14 -13 , -18 26 -36 8 13 -22 , -13 12 14 -14 -11 17 , 39 36 -36 0 7 -29 , 0.0055094139365480478 , 54
1.1793089583256366 , 24 10 -34 -25 -10 -21 , 12 -41 41 0 -27 14 , -1 14 12 -14 -3 23 , 30 5 -5 0 20 15 , 49 34 -10 25 13 -20 , 26 -36 26 8 -14 13 , 18 -26 36 -8 -13 22 , 13 -12 -14 14 11 -17 , 39 36 -36 0 7 -29 , 0.0055094139365480478 , 55
1.1793089583256366 , 24 10 -34 -25 -10 -21 , 12 -41 41 0 -27 14 , -23 -1 14 -11 -14 -3 , 30 5 -5 0 20 15 , 49 34 -10 25 13 -20 , -13 26 -36 13 8 -14 , -26 36 -26 -13 22 -18 , -12 -14 1 11 -17 -13 , 39 36 -36 0 7 -29 , 0.0055094139365480495 , 56
1.1793089583256366 , 24 10 -34 -25 -10 -21 , 12 -41 41 0 -27 14 , 23 1 -14 11 14 3 , 30 5 -5 0 20 15 , 49 34 -10 25 13 -20 , 13 -26 36 -13 -8 14 , 26 -36 26 13 -22 18 , 12 14 -1 -11 17 13 , 39 36 -36 0 7 -29 , 0.0055094139365480495 , 57
1.1793089583256366 , 24 10 -34 -25 -10 -21 , 30 5 -5 0 20 15 , -14 8 13 -36 26 -13 , 12 -41 41 0 -27 14 , 49 34 -10 25 13 -20 , -3 -14 -11 14 -1 -23 , -17 11 14 -14 -12 13 , 22 -13 -8 36 -26 18 , 39 36 -36 0 7 -29 , 0.0055094139365480625 , 58
1.1793089583256366 , 24 10 -34 -25 -10 -21 , 30 5 -5 0 20 15 , 14 -8 -13 36 -26 13 , 12 -41 41 0 -27 14 , 49 34 -10 25 13 -20 , 3 14 11 -14 1 23 , 17 -11 -14 14 12 -13 , -22 13 8 -36 26 -18 , 39 36 -36 0 7 -29 , 0.0055094139365480625 , 59
1.1793089583256366 , 24 10 -34 -25 -10 -21 , 30 5 -5 0 20 15 , -8 -13 22 -26 13 -14 , 12 -41 41 0 -27 14 , 49 34 -10 25 13 -20 , 14 11 -17 1 23 -3 , 13 17 -11 -1 14 12 , 18 -22 13 26 -36 26 , 39 36 -36 0 7 -29 , 0.0055094139365480738 , 60
1.1793089583256366 , 24 10 -34 -25 -10 -21 , 30 5 -5 0 20 15 , 8 13 -22 26 -13 14 , 12 -41 41 0 -27 14 , 49 34 -10 25 13 -20 , -14 -11 17 -1 -23 3 , -13 -17 11 1 -14 -12 , -18 22 -13 -26 36 -26 , 39 36 -36 0 7 -29 , 0.0055094139365480738 , 61
1.1793089583256366 , 24 10 -34 -25 -10 -21 , 12 -41 41 0 -27 14 , -14 -12 13 3 -23 -1 , 30 5 -5 0 20 15 , 49 34 -10 25 13 -20 , 36 -26 18 14 -13 26 , 22 -18 26 -14 8 13 , -17 -13 12 -3 -14 -11 , 39 36 -36 0 7 -29 , 0.0055094139365480894 , 62
1.1793089583256366 , 24 10 -34 -25 -10 -21 , 12 -41 41 0 -27 14 , 14 12 -13 -3 23 1 , 30 5 -5 0 20 15 , 49 34 -10 25 13 -20 , -36 26 -18 -14 13 -26 , -22 18 -26 14 -8 -13 , 17 13 -12 3 14 11 , 39 36 -36 0 7 -29 , 0.0055094139365480894 , 63
1.1793089583256366 , 24 10 -34 -25 -10 -21 , 30 5 -5 0 20 15 , -26 13 -14 -18 26 -36 , 12 -41 41 0 -27 14 , 49 34 -10 25 13 -20 , 1 23 -3 -13 12 14 , 14 3 -23 13 17 -11 , -8 14 -13 18 -22 13 , 39 36 -36 0 7 -29 , 0.0055094139365481189 , 64
1.1793089583256366 , 24 10 -34 -25 -10 -21 , 30 5 -5 0 20 15 , 26 -13 14 18 -26 36 , 12 -41 41 0 -27 14 , 49 34 -10 25 13 -20 , -1 -23 3 13 -12 -14 , -14 -3 23 -13 -17 11 , 8 -14 13 -18 22 -13 , 39 36 -36 0 7 -29 , 0.0055094139365481189 , 65
1.1793089583256366 , 24 10 -34 -25 -10 -21 , 12 -41 41 0 -27 14 , -17 11 14 -14 -12 13 , 30 5 -5 0 20 15 , 49 34 -10 25 13 -20 , 22 -13 -8 36 -26 18 , -14 8 13 -36 26 -13 , -3 -14 -11 14 -1 -23 , 39 36 -36 0 7 -29 , 0.0055094139365482126 , 66
1.1793089583256366 , 24 10 -34 -25 -10 -21 , 12 -41 41 0 -27 14 , 17 -11 -14 14 12 -13 , 30 5 -5 0 20 15 , 49 34 -10 25 13 -20 , -22 13 8 -36 26 -18 , 14 -8 -13 36 -26 13 , 3 14 11 -14 1 23 , 39 36 -36 0 7 -29 , 0.0055094139365482126 , 67
1.1793089583256366 , 24 10 -34 -25 -10 -21 , 12 -41 41 0 -27 14 , -12 13 17 -23 -1 14 , 30 5 -5 0 20 15 , 49 34 -10 25 13 -20 , -26 18 -22 -13 26 -36 , -13 22 -18 13 -14 8 , 11 -17 -13 23 -3 -14 , 39 36 -36 0 7 -29 , 0.0055094139365482403 , 68
1.1793089583256366 , 24 10 -34 -25 -10 -21 , 12 -41 41 0 -27 14 , 12 -13 -17 23 1 -14 , 30 5 -5 0 20 15 , 49 34 -10 25 13 -20 , 26 -18 22 13 -26 36 , 13 -22 18 -13 14 -8 , -11 17 13 -23 3 14 , 39 36 -36 0 7 -29 , 0.0055094139365482403 , 69
1.1793089583256366 , 24 10 -34 -25 -10 -21 , 12 -41 41 0 -27 14 , -13 -17 11 1 -14 -12 , 30 5 -5 0 20 15 , 49 34 -10 25 13 -20 , -18 22 -13 -26 36 -26 , 8 13 -22 26 -13 14 , -14 -11 17 -1 -23 3 , 39 36 -36 0 7 -29 , 0.0055094139365483349 , 70
1.1793089583256366 , 24 10 -34 -25 -10 -21 , 12 -41 41 0 -27 14 , 13 17 -11 -1 14 12 , 30 5 -5 0 20 15 , 49 34 -10 25 13 -20 , 18 -22 13 26 -36 26 , -8 -13 22 -26 13 -14 , 14 11 -17 1 23 -3 , 39 36 -36 0 7 -29 , 0.0055094139365483349 , 71
1.1793089583256366 , -4 -11 7 -31 -60 -7 , 14 -14 14 0 -4 10 , -4 -4 7 18 -37 21 , 28 -22 22 0 -3 19 , 27 -7 11 31 -14 -49 , -23 0 -2 -7 1 -22 , -16 2 0 7 -20 1 , -22 -7 4 -18 14 -33 , 39 36 -36 0 7 -29 , 0.0055853475177113782 , 72
1.1793089583256366 , -4 -11 7 -31 -60 -7 , 14 -14 14 0 -4 10 , 4 4 -7 -18 37 -21 , 28 -22 22 0 -3 19 , 27 -7 11 31 -14 -49 , 23 0 2 7 -1 22 , 16 -2 0 -7 20 -1 , 22 7 -4 18 -14 33 , 39 36 -36 0 7 -29 , 0.0055853475177113782 , 73
1.1793089583256366 , -4 -11 7 -31 -60 -7 , 14 -14 14 0 -4 10 , -7 -22 33 -21 -4 -4 , 28 -22 22 0 -3 19 , 27 -7 11 31 -14 -49 , 2 -16 -1 22 -23 0 , -20 1 16 -22 1 -7 , 14 -33 22 21 -37 18 , 39 36 -36 0 7 -29 , 0.0055853475177114155 , 74
1.1793089583256366 , -4 -11 7 -31 -60 -7 , 14 -14 14 0 -4 10 , 7 22 -33 21 4 4 , 28 -22 22 0 -3 19 , 27 -7 11 31 -14 -49 , -2 16 1 -22 23 0 , 20 -1 -16 22 -1 7 , -14 33 -22 -21 37 -18 , 39 36 -36 0 7 -29 , 0.0055853475177114155 , 75
1.1793089583256366 , -4 -11 7 -31 -60 -7 , 28 -22 22 0 -3 19 , -20 1 16 -22 1 -7 , 14 -14 14 0 -4 10 , 27 -7 11 31 -14 -49 , 14 -33 22 21 -37 18 , -7 -22 33 -21 -4 -4 , 2 -16 -1 22 -23 0 , 39 36 -36 0 7 -29 , 0.0055853475177114649 , 76
1.1793089583256366 , -4 -11 7 -31 -60 -7 , 28 -22 22 0 -3 19 , 20 -1 -16 22 -1 7 , 14 -14 14 0 -4 10 , 27 -7 11 31 -14 -49 , -14 33 -22 -21 37 -18 , 7 22 -33 21 4 4 , -2 16 1 -22 23 0 , 39 36 -36 0 7 -29 , 0.0055853475177114649 , 77
1.1793089583256366 , -4 -11 7 -31 -60 -7 , 14 -14 14 0 -4 10 , 4 -7 -22 37 -21 -4 , 28 -22 22 0 -3 19 , 27 -7 11 31 -14 -49 , 0 2 -16 -1 22 -23 , 1 16 -2 1 -7 20 , -33 22 7 -37 18 -14 , 39 36 -36 0 7 -29 , 0.0055853475177114953 , 78
1.1793089583256366 , -4 -11 7 -31 -60 -7 , 14 -14 14 0 -4 10 , -4 7 22 -37 21 4 , 28 -22 22 0 -3 19 , 27 -7 11 31 -14 -49 , 0 -2 16 1 -22 23 , -1 -16 2 -1 7 -20 , 33 -22 -7 37 -18 14 , 39 36 -36 0 7 -29 , 0.0055853475177114953 , 79
1.1793089583256366 , -4 -11 7 -31 -60 -7 , 28 -22 22 0 -3 19 , 22 -1 7 2 0 23 , 14 -14 14 0 -4 10 , 27 -7 11 31 -14 -49 , -21 37 -18 -7 4 4 , -14 18 -37 7 22 -33 , 20 -7 1 -2 16 1 , 39 36 -36 0 7 -29 , 0.0055853475177115057 , 80
1.1793089583256366 , -4 -11 7 -31 -60 -7 , 28 -22 22 0 -3 19 , -22 1 -7 -2 0 -23 , 14 -14 14 0 -4 10 , 27 -7 11 31 -14 -49 , 21 -37 18 7 -4 -4 , 14 -18 37 -7 -22 33 , -20 7 -1 2 -16 -1 , 39 36 -36 0 7 -29 , 0.0055853475177115057 , 81
1.1793089583256366 , -4 -11 7 -31 -60 -7 , 28 -22 22 0 -3 19 , -1 7 -20 0 23 -22 , 14 -14 14 0 -4 10 , 27 -7 11 31 -14 -49 , 37 -18 14 4 4 21 , 33 -14 18 -4 7 22 , -1 20 -7 0 -2 16 , 39 36 -36 0 7 -29 , 0.0055853475177115586 , 82
1.1793089583256366 , -4 -11 7 -31 -60 -7 , 28 -22 22 0 -3 19 , 1 -7 20 0 -23 22 , 14 -14 14 0 -4 10 , 27 -7 11 31 -14 -49 , -37 18 -14 -4 -4 -21 , -33 14 -18 4 -7 -22 , 1 -20 7 0 2 -16 , 39 36 -36 0 7 -29 , 0.0055853475177115586 , 83
1.1793089583256366 , -4 -11 7 -31 -60 -7 , 28 -22 22 0 -3 19 , -16 2 0 7 -20 1 , 14 -14 14 0 -4 10 , 27 -7 11 31 -14 -49 , -22 -7 4 -18 14 -33 , -4 -4 7 18 -37 21 , -23 0 -2 -7 1 -22 , 39 36 -36 0 7 -29 , 0.0055853475177115681 , 84
1.1793089583256366 , -4 -11 7 -31 -60 -7 , 28 -22 22 0 -3 19 , 16 -2 0 -7 20 -1 , 14 -14 14 0 -4 10 , 27 -7 11 31 -14 -49 , 22 7 -4 18 -14 33 , 4 4 -7 -18 37 -21 , 23 0 2 7 -1 22 , 39 36 -36 0 7 -29 , 0.0055853475177115681 , 85
1.1793089583256366 , -4 -11 7 -31 -60 -7 , 28 -22 22 0 -3 19 , 7 -20 1 23 -22 1 , 14 -14 14 0 -4 10 , 27 -7 11 31 -14 -49 , -18 14 -33 4 21 -37 , -22 33 -14 -4 -4 7 , -16 -1 20 -23 0 -2 , 39 36 -36 0 7 -29 , 0.0055853475177115829 , 86
1.1793089583256366 , -4 -11 7 -31 -60 -7 , 28 -22 22 0 -3 19 , -7 20 -1 -23 22 -1 , 14 -14 14 0 -4 10 , 27 -7 11 31 -14 -49 , 18 -14 33 -4 -21 37 , 22 -33 14 4 4 -7 , 16 1 -20 23 0 2 , 39 36 -36 0 7 -29 , 0.0055853475177115829 , 87
1.1793089583256366 , -4 -11 7 -31 -60 -7 , 14 -14 14 0 -4 10 , -37 21 4 -33 14 -18 , 28 -22 22 0 -3 19 , 27 -7 11 31 -14 -49 , 1 -22 23 1 -20 7 , 0 -23 22 -1 -16 2 , -4 -4 -21 33 -22 -7 , 39 36 -36 0 7 -29 , 0.0055853475177115889 , 88
1.1793089583256366 , -4 -11 7 -31 -60 -7 , 14 -14 14 0 -4 10 , 37 -21 -4 33 -14 18 , 28 -22 22 0 -3 19 , 27 -7 11 31 -14 -49 , -1 22 -23 -1 20 -7 , 0 23 -22 1 16 -2 , 4 4 21 -33 22 7 , 39 36 -36 0 7 -29 , 0.0055853475177115889 , 89
1.1793089583256366 , -4 -11 7 -31 -60 -7 , 14 -14 14 0 -4 10 , -18 37 -21 -22 33 -14 , 28 -22 22 0 -3 19 , 27 -7 11 31 -14 -49 , 7 -1 22 -16 -1 20 , 23 -22 1 16 -2 0 , 4 21 -37 22 7 -4 , 39 36 -36 0 7 -29 , 0.005585347517711621 , 90
1.1793089583256366 , -4 -11 7 -31 -60 -7 , 14 -14 14 0 -4 10 , 18 -37 21 22 -33 14 , 28 -22 22 0 -3 19 , 27 -7 11 31 -14 -49 , -7 1 -22 16 1 -20 , -23 22 -1 -16 2 0 , -4 -21 37 -22 -7 4 , 39 36 -36 0 7 -29 , 0.005585347517711621 , 91
1.1793089583256366 , -4 -11 7 -31 -60 -7 , 14 -14 14 0 -4 10 , -21 -4 -4 -14 18 -37 , 28 -22 22 0 -3 19 , 27 -7 11 31 -14 -49 , 22 -23 0 20 -7 1 , 2 0 23 -20 1 16 , -7 4 4 14 -33 22 , 39 36 -36 0 7 -29 , 0.005585347517711628 , 92
1.1793089583256366 , -4 -11 7 -31 -60 -7 , 14 -14 14 0 -4 10 , 21 4 4 14 -18 37 , 28 -22 22 0 -3 19 , 27 -7 11 31 -14 -49 , -22 23 0 -20 7 -1 , -2 0 -23 20 -1 -16 , 7 -4 -4 -14 33 -22 , 39 36 -36 0 7 -29 , 0.005585347517711628 , 93
1.1793089583256366 , -4 -11 7 -31 -60 -7 , 28 -22 22 0 -3 19 , 2 0 23 -20 1 16 , 14 -14 14 0 -4 10 , 27 -7 11 31 -14 -49 , -7 4 4 14 -33 22 , -21 -4 -4 -14 18 -37 , 22 -23 0 20 -7 1 , 39 36 -36 0 7 -29 , 0.0055853475177116436 , 94
1.1793089583256366 , -4 -11 7 -31 -60 -7 , 28 -22 22 0 -3 19 , -2 0 -23 20 -1 -16 , 14 -14 14 0 -4 10 , 27 -7 11 31 -14 -49 , 7 -4 -4 -14 33 -22 , 21 4 4 14 -18 37 , -22 23 0 -20 7 -1 , 39 36 -36 0 7 -29 , 0.0055853475177116436 , 95
1.1793089583256366 , -4 -11 7 -31 -60 -7 , 28 -22 22 0 -3 19 , -1 -16 2 -1 7 -20 , 14 -14 14 0 -4 10 , 27 -7 11 31 -14 -49 , 33 -22 -7 37 -18 14 , -4 7 22 -37 21 4 , 0 -2 16 1 -22 23 , 39 36 -36 0 7 -29 , 0.0055853475177116522 , 96
1.1793089583256366 , -4 -11 7 -31 -60 -7 , 28 -22 22 0 -3 19 , 1 16 -2 1 -7 20 , 14 -14 14 0 -4 10 , 27 -7 11 31 -14 -49 , -33 22 7 -37 18 -14 , 4 -7 -22 37 -21 -4 , 0 2 -16 -1 22 -23 , 39 36 -36 0 7 -29 , 0.0055853475177116522 , 97
1.1793089583256366 , -4 -11 7 -31 -60 -7 , 28 -22 22 0 -3 19 , 0 23 -22 1 16 -2 , 14 -14 14 0 -4 10 , 27 -7 11 31 -14 -49 , 4 4 21 -33 22 7 , 37 -21 -4 33 -14 18 , -1 22 -23 -1 20 -7 , 39 36 -36 0 7 -29 , 0.0055853475177117329 , 98
1.1793089583256366 , -4 -11 7 -31 -60 -7 , 28 -22 22 0 -3 19 , 0 -23 22 -1 -16 2 , 14 -14 14 0 -4 10 , 27 -7 11 31 -14 -49 , -4 -4 -21 33 -22 -7 , -37 21 4 -33 14 -18 , 1 -22 23 1 -20 7 , 39 36 -36 0 7 -29 , 0.0055853475177117329 , 99
1.2969921858206053 , 11 -4 -33 -12 -35 -25 , -7 -31 31 0 -29 2 , -30 6 -12 13 -23 -13 , 49 -5 5 0 22 27 , 23 33 4 12 8 -31 , -15 15 -13 -6 11 -14 , -9 13 -15 6 -1 -4 , -43 12 -6 -13 -1 -29 , 39 36 -36 0 7 -29 , 0.0050338035306975344 , 0
1.2969921858206053 , 11 -4 -33 -12 -35 -25 , -7 -31 31 0 -29 2 , 30 -6 12 -13 23 13 , 49 -5 5 0 22 27 , 23 33 4 12 8 -31 , 15 -15 13 6 -11 14 , 9 -13 15 -6 1 4 , 43 -12 6 13 1 29 , 39 36 -36 0 7 -29 , 0.0050338035306975344 , 1
1.2969921858206053 , 11 -4 -33 -12 -35 -25 , 49 -5 5 0 22 27 , -6 1 4 -15 14 -11 , -7 -31 31 0 -29 2 , 23 33 4 12 8 -31 , 13 1 29 -30 13 23 , 43 -29 -1 30 -6 12 , 9 -4 -1 15 -15 13 , 39 36 -36 0 7 -29 , 0.0050338035306975604 , 2
1.2969921858206053 , 11 -4 -33 -12 -35 -25 , 49 -5 5 0 22 27 , 6 -1 -4 15 -14 11 , -7 -31 31 0 -29 2 , 23 33 4 12 8 -31 , -13 -1 -29 30 -13 -23 , -43 29 1 -30 6 -12 , -9 4 1 -15 15 -13 , 39 36 -36 0 7 -29 , 0.0050338035306975604 , 3
1.2969921858206053 , 11 -4 -33 -12 -35 -25 , -7 -31 31 0 -29 2 , -13 30 -6 -1 -13 23 , 49 -5 5 0 22 27 , 23 33 4 12 8 -31 , -14 15 -15 -1 6 -11 , -13 15 -15 1 4 -9 , -12 6 -30 1 29 -43 , 39 36 -36 0 7 -29 , 0.0050338035306976142 , 4
1.2969921858206053 , 11 -4 -33 -12 -35 -25 , -7 -31 31 0 -29 2 , 13 -30 6 1 13 -23 , 49 -5 5 0 22 27 , 23 33 4 12 8 -31 , 14 -15 15 1 -6 11 , 13 -15 15 -1 -4 9 , 12 -6 30 -1 -29 43 , 39 36 -36 0 7 -29 , 0.0050338035306976142 , 5
1.2969921858206053 , 11 -4 -33 -12 -35 -25 , 49 -5 5 0 22 27 , -1 -4 9 -14 11 -6 , -7 -31 31 0 -29 2 , 23 33 4 12 8 -31 , -1 -29 43 -13 -23 13 , 12 -43 29 13 -30 6 , 13 -9 4 14 -15 15 , 39 36 -36 0 7 -29 , 0.0050338035306976194 , 6
1.2969921858206053 , 11 -4 -33 -12 -35 -25 , 49 -5 5 0 22 27 , 1 4 -9 14 -11 6 , -7 -31 31 0 -29 2 , 23 33 4 12 8 -31 , 1 29 -43 13 23 -13 , -12 43 -29 -13 30 -6 , -13 9 -4 -14 15 -15 , 39 36 -36 0 7 -29 , 0.0050338035306976194 , 7
1.2969921858206053 , 11 -4 -33 -12 -35 -25 , -7 -31 31 0 -29 2 , 6 -12 43 -23 -13 30 , 49 -5 5 0 22 27 , 23 33 4 12 8 -31 , 15 -13 9 11 -14 15 , 4 -9 13 -11 6 -1 , 29 -43 12 23 -13 -1 , 39 36 -36 0 7 -29 , 0.0050338035306976264 , 8
1.2969921858206053 , 11 -4 -33 -12 -35 -25 , -7 -31 31 0 -29 2 , -6 12 -43 23 13 -30 , 49 -5 5 0 22 27 , 23 33 4 12 8 -31 , -15 13 -9 -11 14 -15 , -4 9 -13 11 -6 1 , -29 43 -12 -23 13 1 , 39 36 -36 0 7 -29 , 0.0050338035306976264 , 9
1.2969921858206053 , 11 -4 -33 -12 -35 -25 , -7 -31 31 0 -29 2 , 13 -23 -13 43 -29 -1 , 49 -5 5 0 22 27 , 23 33 4 12 8 -31 , -6 11 -14 9 -4 -1 , -15 14 -11 -9 13 -15 , -30 13 23 -43 12 -6 , 39 36 -36 0 7 -29 , 0.005033803530697648 , 10
1.2969921858206053 , 11 -4 -33 -12 -35 -25 , -7 -31 31 0 -29 2 , -13 23 13 -43 29 1 , 49 -5 5 0 22 27 , 23 33 4 12 8 -31 , 6 -11 14 -9 4 1 , 15 -14 11 9 -13 15 , 30 -13 -23 43 -12 6 , 39 36 -36 0 7 -29 , 0.005033803530697648 , 11
1.2969921858206053 , 11 -4 -33 -12 -35 -25 , -7 -31 31 0 -29 2 , -43 29 1 -30 6 -12 , 49 -5 5 0 22 27 , 23 33 4 12 8 -31 , -9 4 1 -15 15 -13 , 6 -1 -4 15 -14 11 , -13 -1 -29 30 -13 -23 , 39 36 -36 0 7 -29 , 0.0050338035306976515 , 12
1.2969921858206053 , 11 -4 -33 -12 -35 -25 , -7 -31 31 0 -29 2 , 43 -29 -1 30 -6 12 , 49 -5 5 0 22 27 , 23 33 4 12 8 -31 , 9 -4 -1 15 -15 13 , -6 1 4 -15 14 -11 , 13 1 29 -30 13 23 , 39 36 -36 0 7 -29 , 0.0050338035306976515 , 13
1.2969921858206053 , 11 -4 -33 -12 -35 -25 , 49 -5 5 0 22 27 , -4 9 -13 11 -6 1 , -7 -31 31 0 -29 2 , 23 33 4 12 8 -31 , -29 43 -12 -23 13 1 , -6 12 -43 23 13 -30 , -15 13 -9 -11 14 -15 , 39 36 -36 0 7 -29 , 0.0050338035306976532 , 14
1.2969921858206053 , 11 -4 -33 -12 -35 -25 , 49 -5 5 0 22 27 , 4 -9 13 -11 6 -1 , -7 -31 31 0 -29 2 , 23 33 4 12 8 -31 , 29 -43 12 23 -13 -1 , 6 -12 43 -23 -13 30 , 15 -13 9 11 -14 15 , 39 36 -36 0 7 -29 , 0.0050338035306976532 , 15
1.2969921858206053 , 11 -4 -33 -12 -35 -25 , 49 -5 5 0 22 27 , -13 15 -15 1 4 -9 , -7 -31 31 0 -29 2 , 23 33 4 12 8 -31 , -12 6 -30 1 29 -43 , -13 30 -6 -1 -13 23 , -14 15 -15 -1 6 -11 , 39 36 -36 0 7 -29 , 0.0050338035306976541 , 16
1.2969921858206053 , 11 -4 -33 -12 -35 -25 , 49 -5 5 0 22 27 , 13 -15 15 -1 -4 9 , -7 -31 31 0 -29 2 , 23 33 4 12 8 -31 , 12 -6 30 -1 -29 43 , 13 -30 6 1 13 -23 , 14 -15 15 1 -6 11 , 39 36 -36 0 7 -29 , 0.0050338035306976541 , 17
1.2969921858206053 , 11 -4 -33 -12 -35 -25 , 49 -5 5 0 22 27 , 11 -6 1 15 -15 14 , -7 -31 31 0 -29 2 , 23 33 4 12 8 -31 , -23 13 1 6 -30 13 , -29 -1 -13 -6 12 -43 , -4 -1 6 -15 13 -9 , 39 36 -36 0 7 -29 , 0.0050338035306976567 , 18
1.2969921858206053 , 11 -4 -33 -12 -35 -25 , 49 -5 5 0 22 27 , -11 6 -1 -15 15 -14 , -7 -31 31 0 -29 2 , 23 33 4 12 8 -31 , 23 -13 -1 -6 30 -13 , 29 1 13 6 -12 43 , 4 1 -6 15 -13 9 , 39 36 -36 0 7 -29 , 0.0050338035306976567 , 19
1.2969921858206053 , 11 -4 -33 -12 -35 -25 , -7 -31 31 0 -29 2 , -29 -1 -13 -6 12 -43 , 49 -5 5 0 22 27 , 23 33 4 12 8 -31 , -4 -1 6 -15 13 -9 , 11 -6 1 15 -15 14 , -23 13 1 6 -30 13 , 39 36 -36 0 7 -29 , 0.0050338035306976775 , 20
1.2969921858206053 , 11 -4 -33 -12 -35 -25 , -7 -31 31 0 -29 2 , 29 1 13 6 -12 43 , 49 -5 5 0 22 27 , 23 33 4 12 8 -31 , 4 1 -6 15 -13 9 , -11 6 -1 -15 15 -14 , 23 -13 -1 -6 30 -13 , 39 36 -36 0 7 -29 , 0.0050338035306976775 , 21
1.2969921858206053 , 11 -4 -33 -12 -35 -25 , 49 -5 5 0 22 27 , -15 15 -14 -4 9 -13 , -7 -31 31 0 -29 2 , 23 33 4 12 8 -31 , -6 30 -13 -29 43 -12 , 23 13 -30 29 1 13 , -11 14 -15 4 1 -6 , 39 36 -36 0 7 -29 , 0.0050338035306976801 , 22
1.2969921858206053 , 11 -4 -33 -12 -35 -25 , 49 -5 5 0 22 27 , 15 -15 14 4 -9 13 , -7 -31 31 0 -29 2 , 23 33 4 12 8 -31 , 6 -30 13 29 -43 12 , -23 -13 30 -29 -1 -13 , 11 -14 15 -4 -1 6 , 39 36 -36 0 7 -29 , 0.0050338035306976801 , 23
1.2969921858206053 , 11 -4 -33 -12 -35 -25 , -7 -31 31 0 -29 2 , -12 43 -29 -13 30 -6 , 49 -5 5 0 22 27 , 23 33 4 12 8 -31 , -13 9 -4 -14 15 -15 , 1 4 -9 14 -11 6 , 1 29 -43 13 23 -13 , 39 36 -36 0 7 -29 , 0.0050338035306976836 , 24
1.2969921858206053 , 11 -4 -33 -12 -35 -25 , -7 -31 31 0 -29 2 , 12 -43 29 13 -30 6 , 49 -5 5 0 22 27 , 23 33 4 12 8 -31 , 13 -9 4 14 -15 15 , -1 -4 9 -14 11 -6 , -1 -29 43 -13 -23 13 , 39 36 -36 0 7 -29 , 0.0050338035306976836 , 25
1.2969921858206053 , 11 -4 -33 -12 -35 -25 , 49 -5 5 0 22 27 , -14 11 -6 -13 15 -15 , -7 -31 31 0 -29 2 , 23 33 4 12 8 -31 , -13 -23 13 -12 6 -30 , -1 -13 23 12 -43 29 , -1 6 -11 13 -9 4 , 39 36 -36 0 7 -29 , 0.0050338035306976871 , 26
1.2969921858206053 , 11 -4 -33 -12 -35 -25 , 49 -5 5 0 22 27 , 14 -11 6 13 -15 15 , -7 -31 31 0 -29 2 , 23 33 4 12 8 -31 , 13 23 -13 12 -6 30 , 1 13 -23 -12 43 -29 , 1 -6 11 -13 9 -4 , 39 36 -36 0 7 -29 , 0.0050338035306976871 , 27
1.2969921858206053 , 11 -4 -33 -12 -35 -25 , -7 -31 31 0 -29 2 , -1 -13 23 12 -43 29 , 49 -5 5 0 22 27 , 23 33 4 12 8 -31 , -1 6 -11 13 -9 4 , -14 11 -6 -13 15 -15 , -13 -23 13 -12 6 -30 , 39 36 -36 0 7 -29 , 0.0050338035306976949 , 28
1.2969921858206053 , 11 -4 -33 -12 -35 -25 , -7 -31 31 0 -29 2 , 1 13 -23 -12 43 -29 , 49 -5 5 0 22 27 , 23 33 4 12 8 -31 , 1 -6 11 -13 9 -4 , 14 -11 6 13 -15 15 , 13 23 -13 12 -6 30 , 39 36 -36 0 7 -29 , 0.0050338035306976949 , 29
1.2969921858206053 , 11 -4 -33 -12 -35 -25 , 49 -5 5 0 22 27 , 9 -13 15 -6 1 4 , -7 -31 31 0 -29 2 , 23 33 4 12 8 -31 , 43 -12 6 13 1 29 , 30 -6 12 -13 23 13 , 15 -15 13 6 -11 14 , 39 36 -36 0 7 -29 , 0.0050338035306976966 , 30
1.2969921858206053 , 11 -4 -33 -12 -35 -25 , 49 -5 5 0 22 27 , -9 13 -15 6 -1 -4 , -7 -31 31 0 -29 2 , 23 33 4 12 8 -31 , -43 12 -6 -13 -1 -29 , -30 6 -12 13 -23 -13 , -15 15 -13 -6 11 -14 , 39 36 -36 0 7 -29 , 0.0050338035306976966 , 31
1.2969921858206053 , 11 -4 -33 -12 -35 -25 , 49 -5 5 0 22 27 , 15 -14 11 9 -13 15 , -7 -31 31 0 -29 2 , 23 33 4 12 8 -31 , 30 -13 -23 43 -12 6 , -13 23 13 -43 29 1 , 6 -11 14 -9 4 1 , 39 36 -36 0 7 -29 , 0.0050338035306977287 , 32
1.2969921858206053 , 11 -4 -33 -12 -35 -25 , 49 -5 5 0 22 27 , -15 14 -11 -9 13 -15 , -7 -31 31 0 -29 2 , 23 33 4 12 8 -31 , -30 13 23 -43 12 -6 , 13 -23 -13 43 -29 -1 , -6 11 -14 9 -4 -1 , 39 36 -36 0 7 -29 , 0.0050338035306977287 , 33
1.2969921858206053 , 11 -4 -33 -12 -35 -25 , -7 -31 31 0 -29 2 , -23 -13 30 -29 -1 -13 , 49 -5 5 0 22 27 , 23 33 4 12 8 -31 , 11 -14 15 -4 -1 6 , 15 -15 14 4 -9 13 , 6 -30 13 29 -43 12 , 39 36 -36 0 7 -29 , 0.005033803530697733 , 34
1.2969921858206053 , 11 -4 -33 -12 -35 -25 , -7 -31 31 0 -29 2 , 23 13 -30 29 1 13 , 49 -5 5 0 22 27 , 23 33 4 12 8 -31 , -11 14 -15 4 1 -6 , -15 15 -14 -4 9 -13 , -6 30 -13 -29 43 -12 , 39 36 -36 0 7 -29 , 0.005033803530697733 , 35
1.2969921858206053 , -7 -16 -9 -28 -46 -30 , 30 5 -5 0 20 15 , -28 10 3 -30 22 -27 , 12 -41 41 0 -27 14 , 21 9 16 28 -21 -30 , -18 -9 7 3 -19 -8 , -21 -7 9 -3 -15 -10 , 2 -3 -10 30 -30 12 , 39 36 -36 0 7 -29 , 0.0052471587765941579 , 36
1.2969921858206053 , -7 -16 -9 -28 -46 -30 , 30 5 -5 0 20 15 , 28 -10 -3 30 -22 27 , 12 -41 41 0 -27 14 , 21 9 16 28 -21 -30 , 18 9 -7 -3 19 8 , 21 7 -9 3 15 10 , -2 3 10 -30 30 -12 , 39 36 -36 0 7 -29 , 0.0052471587765941579 , 37
1.2969921858206053 , -7 -16 -9 -28 -46 -30 , 12 -41 41 0 -27 14 , -15 -10 21 -8 -19 3 , 30 5 -5 0 20 15 , 21 9 16 28 -21 -30 , -30 12 -2 -27 22 -30 , -3 2 -12 27 -28 10 , -7 -21 10 8 -18 -9 , 39 36 -36 0 7 -29 , 0.0052471587765942048 , 38
1.2969921858206053 , -7 -16 -9 -28 -46 -30 , 12 -41 41 0 -27 14 , 15 10 -21 8 19 -3 , 30 5 -5 0 20 15 , 21 9 16 28 -21 -30 , 30 -12 2 27 -22 30 , 3 -2 12 -27 28 -10 , 7 21 -10 -8 18 9 , 39 36 -36 0 7 -29 , 0.0052471587765942048 , 39
1.2969921858206053 , -7 -16 -9 -28 -46 -30 , 30 5 -5 0 20 15 , 27 -28 10 30 -30 22 , 12 -41 41 0 -27 14 , 21 9 16 28 -21 -30 , 8 -18 -9 15 3 -19 , -7 9 18 -15 -10 21 , -3 -10 28 -30 12 -2 , 39 36 -36 0 7 -29 , 0.0052471587765942239 , 40
1.2969921858206053 , -7 -16 -9 -28 -46 -30 , 30 5 -5 0 20 15 , -27 28 -10 -30 30 -22 , 12 -41 41 0 -27 14 , 21 9 16 28 -21 -30 , -8 18 9 -15 -3 19 , 7 -9 -18 15 10 -21 , 3 10 -28 30 -12 2 , 39 36 -36 0 7 -29 , 0.0052471587765942239 , 41
1.2969921858206053 , -7 -16 -9 -28 -46 -30 , 12 -41 41 0 -27 14 , 3 15 10 -18 8 19 , 30 5 -5 0 20 15 , 21 9 16 28 -21 -30 , -30 30 -12 -28 27 -22 , -2 12 -30 28 -10 -3 , 21 -10 -15 18 9 -7 , 39 36 -36 0 7 -29 , 0.0052471587765942802 , 42
1.2969921858206053 , -7 -16 -9 -28 -46 -30 , 12 -41 41 0 -27 14 , -3 -15 -10 18 -8 -19 , 30 5 -5 0 20 15 , 21 9 16 28 -21 -30 , 30 -30 12 28 -27 22 , 2 -12 30 -28 10 3 , -21 10 15 -18 -9 7 , 39 36 -36 0 7 -29 , 0.0052471587765942802 , 43
1.2969921858206053 , -7 -16 -9 -28 -46 -30 , 12 -41 41 0 -27 14 , 8 19 -3 -7 9 18 , 30 5 -5 0 20 15 , 21 9 16 28 -21 -30 , 27 -22 30 -3 -10 28 , 30 -30 22 3 -2 12 , 15 3 -19 7 21 -10 , 39 36 -36 0 7 -29 , 0.0052471587765942854 , 44
1.2969921858206053 , -7 -16 -9 -28 -46 -30 , 12 -41 41 0 -27 14 , -8 -19 3 7 -9 -18 , 30 5 -5 0 20 15 , 21 9 16 28 -21 -30 , -27 22 -30 3 10 -28 , -30 30 -22 -3 2 -12 , -15 -3 19 -7 -21 10 , 39 36 -36 0 7 -29 , 0.0052471587765942854 , 45
1.2969921858206053 , -7 -16 -9 -28 -46 -30 , 30 5 -5 0 20 15 , 2 -12 30 -28 10 3 , 12 -41 41 0 -27 14 , 21 9 16 28 -21 -30 , -21 10 15 -18 -9 7 , -3 -15 -10 18 -8 -19 , 30 -30 12 28 -27 22 , 39 36 -36 0 7 -29 , 0.005247158776594321 , 46
1.2969921858206053 , -7 -16 -9 -28 -46 -30 , 30 5 -5 0 20 15 , -2 12 -30 28 -10 -3 , 12 -41 41 0 -27 14 , 21 9 16 28 -21 -30 , 21 -10 -15 18 9 -7 , 3 15 10 -18 8 19 , -30 30 -12 -28 27 -22 , 39 36 -36 0 7 -29 , 0.005247158776594321 , 47
1.2969921858206053 , -7 -16 -9 -28 -46 -30 , 12 -41 41 0 -27 14 , -10 21 7 -19 3 15 , 30 5 -5 0 20 15 , 21 9 16 28 -21 -30 , 12 -2 3 22 -30 30 , -10 -3 2 -22 27 -28 , 9 -7 -21 19 8 -18 , 39 36 -36 0 7 -29 , 0.0052471587765943392 , 48
1.2969921858206053 , -7 -16 -9 -28 -46 -30 , 12 -41 41 0 -27 14 , 10 -21 -7 19 -3 -15 , 30 5 -5 0 20 15 , 21 9 16 28 -21 -30 , -12 2 -3 -22 30 -30 , 10 3 -2 22 -27 28 , -9 7 21 -19 -8 18 , 39 36 -36 0 7 -29 , 0.0052471587765943392 , 49
1.2969921858206053 , -7 -16 -9 -28 -46 -30 , 30 5 -5 0 20 15 , -30 22 -27 -2 12 -30 , 12 -41 41 0 -27 14 , 21 9 16 28 -21 -30 , 3 -19 -8 21 -10 -15 , -18 8 19 -21 -7 9 , -28 27 -22 2 -3 -10 , 39 36 -36 0 7 -29 , 0.0052471587765943462 , 50
1.2969921858206053 , -7 -16 -9 -28 -46 -30 , 30 5 -5 0 20 15 , 30 -22 27 2 -12 30 , 12 -41 41 0 -27 14 , 21 9 16 28 -21 -30 , -3 19 8 -21 10 15 , 18 -8 -19 21 7 -9 , 28 -27 22 -2 3 10 , 39 36 -36 0 7 -29 , 0.0052471587765943462 , 51
1.2969921858206053 , -7 -16 -9 -28 -46 -30 , 30 5 -5 0 20 15 , 10 3 -2 22 -27 28 , 12 -41 41 0 -27 14 , 21 9 16 28 -21 -30 , -9 7 21 -19 -8 18 , 10 -21 -7 19 -3 -15 , -12 2 -3 -22 30 -30 , 39 36 -36 0 7 -29 , 0.0052471587765943704 , 52
1.2969921858206053 , -7 -16 -9 -28 -46 -30 , 30 5 -5 0 20 15 , -10 -3 2 -22 27 -28 , 12 -41 41 0 -27 14 , 21 9 16 28 -21 -30 , 9 -7 -21 19 8 -18 , -10 21 7 -19 3 15 , 12 -2 3 22 -30 30 , 39 36 -36 0 7 -29 , 0.0052471587765943704 , 53
1.2969921858206053 , -7 -16 -9 -28 -46 -30 , 30 5 -5 0 20 15 , -3 2 -12 27 -28 10 , 12 -41 41 0 -27 14 , 21 9 16 28 -21 -30 , -7 -21 10 8 -18 -9 , -15 -10 21 -8 -19 3 , -30 12 -2 -27 22 -30 , 39 36 -36 0 7 -29 , 0.005247158776594373 , 54
1.2969921858206053 , -7 -16 -9 -28 -46 -30 , 30 5 -5 0 20 15 , 3 -2 12 -27 28 -10 , 12 -41 41 0 -27 14 , 21 9 16 28 -21 -30 , 7 21 -10 -8 18 9 , 15 10 -21 8 19 -3 , 30 -12 2 27 -22 30 , 39 36 -36 0 7 -29 , 0.005247158776594373 , 55
1.2969921858206053 , -7 -16 -9 -28 -46 -30 , 12 -41 41 0 -27 14 , -19 3 15 -9 -18 8 , 30 5 -5 0 20 15 , 21 9 16 28 -21 -30 , 22 -30 30 10 -28 27 , 12 -30 30 -10 -3 2 , -10 -15 -3 9 -7 -21 , 39 36 -36 0 7 -29 , 0.0052471587765943756 , 56
1.2969921858206053 , -7 -16 -9 -28 -46 -30 , 12 -41 41 0 -27 14 , 19 -3 -15 9 18 -8 , 30 5 -5 0 20 15 , 21 9 16 28 -21 -30 , -22 30 -30 -10 28 -27 , -12 30 -30 10 3 -2 , 10 15 3 -9 7 21 , 39 36 -36 0 7 -29 , 0.0052471587765943756 , 57
1.2969921858206053 , -7 -16 -9 -28 -46 -30 , 30 5 -5 0 20 15 , -22 27 -28 -12 30 -30 , 12 -41 41 0 -27 14 , 21 9 16 28 -21 -30 , 19 8 -18 10 15 3 , 9 18 -8 -10 21 7 , -10 28 -27 12 -2 3 , 39 36 -36 0 7 -29 , 0.0052471587765943774 , 58
1.2969921858206053 , -7 -16 -9 -28 -46 -30 , 30 5 -5 0 20 15 , 22 -27 28 12 -30 30 , 12 -41 41 0 -27 14 , 21 9 16 28 -21 -30 , -19 -8 18 -10 -15 -3 , -9 -18 8 10 -21 -7 , 10 -28 27 -12 2 -3 , 39 36 -36 0 7 -29 , 0.0052471587765943774 , 59
1.2969921858206053 , -7 -16 -9 -28 -46 -30 , 12 -41 41 0 -27 14 , -21 -7 9 -3 -15 -10 , 30 5 -5 0 20 15 , 21 9 16 28 -21 -30 , 2 -3 -10 30 -30 12 , -28 10 3 -30 22 -27 , -18 -9 7 3 -19 -8 , 39 36 -36 0 7 -29 , 0.0052471587765943982 , 60
1.2969921858206053 , -7 -16 -9 -28 -46 -30 , 12 -41 41 0 -27 14 , 21 7 -9 3 15 10 , 30 5 -5 0 20 15 , 21 9 16 28 -21 -30 , -2 3 10 -30 30 -12 , 28 -10 -3 30 -22 27 , 18 9 -7 -3 19 8 , 39 36 -36 0 7 -29 , 0.0052471587765943982 , 61
1.2969921858206053 , -7 -16 -9 -28 -46 -30 , 12 -41 41 0 -27 14 , -9 -18 8 10 -21 -7 , 30 5 -5 0 20 15 , 21 9 16 28 -21 -30 , 10 -28 27 -12 2 -3 , 22 -27 28 12 -30 30 , -19 -8 18 -10 -15 -3 , 39 36 -36 0 7 -29 , 0.005247158776594458 , 62
1.2969921858206053 , -7 -16 -9 -28 -46 -30 , 12 -41 41 0 -27 14 , 9 18 -8 -10 21 7 , 30 5 -5 0 20 15 , 21 9 16 28 -21 -30 , -10 28 -27 12 -2 3 , -22 27 -28 -12 30 -30 , 19 8 -18 10 15 3 , 39 36 -36 0 7 -29 , 0.005247158776594458 , 63
1.2969921858206053 , -7 -16 -9 -28 -46 -30 , 12 -41 41 0 -27 14 , -7 9 18 -15 -10 21 , 30 5 -5 0 20 15 , 21 9 16 28 -21 -30 , -3 -10 28 -30 12 -2 , 27 -28 10 30 -30 22 , 8 -18 -9 15 3 -19 , 39 36 -36 0 7 -29 , 0.0052471587765944823 , 64
1.2969921858206053 , -7 -16 -9 -28 -46 -30 , 12 -41 41 0 -27 14 , 7 -9 -18 15 10 -21 , 30 5 -5 0 20 15 , 21 9 16 28 -21 -30 , 3 10 -28 30 -12 2 , -27 28 -10 -30 30 -22 , -8 18 9 -15 -3 19 , 39 36 -36 0 7 -29 , 0.0052471587765944823 , 65
1.2969921858206053 , -7 -16 -9 -28 -46 -30 , 30 5 -5 0 20 15 , -12 30 -30 10 3 -2 , 12 -41 41 0 -27 14 , 21 9 16 28 -21 -30 , 10 15 3 -9 7 21 , 19 -3 -15 9 18 -8 , -22 30 -30 -10 28 -27 , 39 36 -36 0 7 -29 , 0.0052471587765944953 , 66
1.2969921858206053 , -7 -16 -9 -28 -46 -30 , 30 5 -5 0 20 15 , 12 -30 30 -10 -3 2 , 12 -41 41 0 -27 14 , 21 9 16 28 -21 -30 , -10 -15 -3 9 -7 -21 , -19 3 15 -9 -18 8 , 22 -30 30 10 -28 27 , 39 36 -36 0 7 -29 , 0.0052471587765944953 , 67
1.2969921858206053 , -7 -16 -9 -28 -46 -30 , 30 5 -5 0 20 15 , -30 30 -22 -3 2 -12 , 12 -41 41 0 -27 14 , 21 9 16 28 -21 -30 , -15 -3 19 -7 -21 10 , -8 -19 3 7 -9 -18 , -27 22 -30 3 10 -28 , 39 36 -36 0 7 -29 , 0.0052471587765945023 , 68
1.2969921858206053 , -7 -16 -9 -28 -46 -30 , 30 5 -5 0 20 15 , 30 -30 22 3 -2 12 , 12 -41 41 0 -27 14 , 21 9 16 28 -21 -30 , 15 3 -19 7 21 -10 , 8 19 -3 -7 9 18 , 27 -22 30 -3 -10 28 , 39 36 -36 0 7 -29 , 0.0052471587765945023 , 69
1.2969921858206053 , -7 -16 -9 -28 -46 -30 , 12 -41 41 0 -27 14 , -18 8 19 -21 -7 9 , 30 5 -5 0 20 15 , 21 9 16 28 -21 -30 , -28 27 -22 2 -3 -10 , -30 22 -27 -2 12 -30 , 3 -19 -8 21 -10 -15 , 39 36 -36 0 7 -29 , 0.005247158776594524 , 70
1.2969921858206053 , -7 -16 -9 -28 -46 -30 , 12 -41 41 0 -27 14 , 18 -8 -19 21 7 -9 , 30 5 -5 0 20 15 , 21 9 16 28 -21 -30 , 28 -27 22 -2 3 10 , 30 -22 27 2 -12 30 , -3 19 8 -21 10 15 , 39 36 -36 0 7 -29 , 0.005247158776594524 , 71
1.2969921858206053 , 37 -37 -41 11 -28 -45 , 14 -14 14 0 -4 10 , -21 37 -18 -7 4 4 , 28 -22 22 0 -3 19 , 26 41 37 -11 -4 9 , 20 -7 1 -2 16 1 , 22 -1 7 2 0 23 , -14 18 -37 7 22 -33 , 39 36 -36 0 7 -29 , 0.0055727262860041952 , 72
1.2969921858206053 , 37 -37 -41 11 -28 -45 , 14 -14 14 0 -4 10 , 21 -37 18 7 -4 -4 , 28 -22 22 0 -3 19 , 26 41 37 -11 -4 9 , -20 7 -1 2 -16 -1 , -22 1 -7 -2 0 -23 , 14 -18 37 -7 -22 33 , 39 36 -36 0 7 -29 , 0.0055727262860041952 , 73
1.2969921858206053 , 37 -37 -41 11 -28 -45 , 28 -22 22 0 -3 19 , 2 0 23 -20 1 16 , 14 -14 14 0 -4 10 , 26 41 37 -11 -4 9 , 7 22 -33 21 4 4 , -14 33 -22 -21 37 -18 , 22 -23 0 20 -7 1 , 39 36 -36 0 7 -29 , 0.0055727262860042117 , 74
1.2969921858206053 , 37 -37 -41 11 -28 -45 , 28 -22 22 0 -3 19 , -2 0 -23 20 -1 -16 , 14 -14 14 0 -4 10 , 26 41 37 -11 -4 9 , -7 -22 33 -21 -4 -4 , 14 -33 22 21 -37 18 , -22 23 0 -20 7 -1 , 39 36 -36 0 7 -29 , 0.0055727262860042117 , 75
1.2969921858206053 , 37 -37 -41 11 -28 -45 , 28 -22 22 0 -3 19 , -1 -16 2 -1 7 -20 , 14 -14 14 0 -4 10 , 26 41 37 -11 -4 9 , -4 -4 7 18 -37 21 , -22 -7 4 -18 14 -33 , 0 -2 16 1 -22 23 , 39 36 -36 0 7 -29 , 0.0055727262860043036 , 76
1.2969921858206053 , 37 -37 -41 11 -28 -45 , 28 -22 22 0 -3 19 , 1 16 -2 1 -7 20 , 14 -14 14 0 -4 10 , 26 41 37 -11 -4 9 , 4 4 -7 -18 37 -21 , 22 7 -4 18 -14 33 , 0 2 -16 -1 22 -23 , 39 36 -36 0 7 -29 , 0.0055727262860043036 , 77
1.2969921858206053 , 37 -37 -41 11 -28 -45 , 14 -14 14 0 -4 10 , -4 -4 -21 33 -22 -7 , 28 -22 22 0 -3 19 , 26 41 37 -11 -4 9 , -16 -1 20 -23 0 -2 , 7 -20 1 23 -22 1 , -37 21 4 -33 14 -18 , 39 36 -36 0 7 -29 , 0.0055727262860043123 , 78
1.2969921858206053 , 37 -37 -41 11 -28 -45 , 14 -14 14 0 -4 10 , 4 4 21 -33 22 7 , 28 -22 22 0 -3 19 , 26 41 37 -11 -4 9 , 16 1 -20 23 0 2 , -7 20 -1 -23 22 -1 , 37 -21 -4 33 -14 18 , 39 36 -36 0 7 -29 , 0.0055727262860043123 , 79
1.2969921858206053 , 37 -37 -41 11 -28 -45 , 28 -22 22 0 -3 19 , 0 23 -22 1 16 -2 , 14 -14 14 0 -4 10 , 26 41 37 -11 -4 9 , 22 -33 14 4 4 -7 , 18 -14 33 -4 -21 37 , -1 22 -23 -1 20 -7 , 39 36 -36 0 7 -29 , 0.0055727262860043123 , 80
1.2969921858206053 , 37 -37 -41 11 -28 -45 , 28 -22 22 0 -3 19 , 0 -23 22 -1 -16 2 , 14 -14 14 0 -4 10 , 26 41 37 -11 -4 9 , -22 33 -14 -4 -4 7 , -18 14 -33 4 21 -37 , 1 -22 23 1 -20 7 , 39 36 -36 0 7 -29 , 0.0055727262860043123 , 81
1.2969921858206053 , 37 -37 -41 11 -28 -45 , 14 -14 14 0 -4 10 , -4 -21 37 -22 -7 4 , 28 -22 22 0 -3 19 , 26 41 37 -11 -4 9 , -1 20 -7 0 -2 16 , -1 7 -20 0 23 -22 , 18 -37 21 22 -33 14 , 39 36 -36 0 7 -29 , 0.0055727262860043227 , 82
1.2969921858206053 , 37 -37 -41 11 -28 -45 , 14 -14 14 0 -4 10 , 4 21 -37 22 7 -4 , 28 -22 22 0 -3 19 , 26 41 37 -11 -4 9 , 1 -20 7 0 2 -16 , 1 -7 20 0 -23 22 , -18 37 -21 -22 33 -14 , 39 36 -36 0 7 -29 , 0.0055727262860043227 , 83
1.2969921858206053 , 37 -37 -41 11 -28 -45 , 28 -22 22 0 -3 19 , -1 7 -20 0 23 -22 , 14 -14 14 0 -4 10 , 26 41 37 -11 -4 9 , 18 -37 21 22 -33 14 , -4 -21 37 -22 -7 4 , -1 20 -7 0 -2 16 , 39 36 -36 0 7 -29 , 0.0055727262860043557 , 84
1.2969921858206053 , 37 -37 -41 11 -28 -45 , 28 -22 22 0 -3 19 , 1 -7 20 0 -23 22 , 14 -14 14 0 -4 10 , 26 41 37 -11 -4 9 , -18 37 -21 -22 33 -14 , 4 21 -37 22 7 -4 , 1 -20 7 0 2 -16 , 39 36 -36 0 7 -29 , 0.0055727262860043557 , 85
1.2969921858206053 , 37 -37 -41 11 -28 -45 , 14 -14 14 0 -4 10 , -14 33 -22 -21 37 -18 , 28 -22 22 0 -3 19 , 26 41 37 -11 -4 9 , 22 -23 0 20 -7 1 , 2 0 23 -20 1 16 , 7 22 -33 21 4 4 , 39 36 -36 0 7 -29 , 0.0055727262860043704 , 86
1.2969921858206053 , 37 -37 -41 11 -28 -45 , 14 -14 14 0 -4 10 , 14 -33 22 21 -37 18 , 28 -22 22 0 -3 19 , 26 41 37 -11 -4 9 , -22 23 0 -20 7 -1 , -2 0 -23 20 -1 -16 , -7 -22 33 -21 -4 -4 , 39 36 -36 0 7 -29 , 0.0055727262860043704 , 87
1.2969921858206053 , 37 -37 -41 11 -28 -45 , 28 -22 22 0 -3 19 , -20 1 16 -22 1 -7 , 14 -14 14 0 -4 10 , 26 41 37 -11 -4 9 , 21 4 4 14 -18 37 , 7 -4 -4 -14 33 -22 , 2 -16 -1 22 -23 0 , 39 36 -36 0 7 -29 , 0.0055727262860043843 , 88
1.2969921858206053 , 37 -37 -41 11 -28 -45 , 28 -22 22 0 -3 19 , 20 -1 -16 22 -1 7 , 14 -14 14 0 -4 10 , 26 41 37 -11 -4 9 , -21 -4 -4 -14 18 -37 , -7 4 4 14 -33 22 , -2 16 1 -22 23 0 , 39 36 -36 0 7 -29 , 0.0055727262860043843 , 89
1.2969921858206053 , 37 -37 -41 11 -28 -45 , 14 -14 14 0 -4 10 , -33 22 7 -37 18 -14 , 28 -22 22 0 -3 19 , 26 41 37 -11 -4 9 , 23 0 2 7 -1 22 , 16 -2 0 -7 20 -1 , 4 -7 -22 37 -21 -4 , 39 36 -36 0 7 -29 , 0.0055727262860044095 , 90
1.2969921858206053 , 37 -37 -41 11 -28 -45 , 14 -14 14 0 -4 10 , 33 -22 -7 37 -18 14 , 28 -22 22 0 -3 19 , 26 41 37 -11 -4 9 , -23 0 -2 -7 1 -22 , -16 2 0 7 -20 1 , -4 7 22 -37 21 4 , 39 36 -36 0 7 -29 , 0.0055727262860044095 , 91
1.2969921858206053 , 37 -37 -41 11 -28 -45 , 14 -14 14 0 -4 10 , -37 18 -14 -4 -4 -21 , 28 -22 22 0 -3 19 , 26 41 37 -11 -4 9 , 7 -1 22 -16 -1 20 , 23 -22 1 16 -2 0 , -33 14 -18 4 -7 -22 , 39 36 -36 0 7 -29 , 0.0055727262860044147 , 92
1.2969921858206053 , 37 -37 -41 11 -28 -45 , 14 -14 14 0 -4 10 , 37 -18 14 4 4 21 , 28 -22 22 0 -3 19 , 26 41 37 -11 -4 9 , -7 1 -22 16 1 -20 , -23 22 -1 -16 2 0 , 33 -14 18 -4 7 22 , 39 36 -36 0 7 -29 , 0.0055727262860044147 , 93
1.2969921858206053 , 37 -37 -41 11 -28 -45 , 28 -22 22 0 -3 19 , -23 22 -1 -16 2 0 , 14 -14 14 0 -4 10 , 26 41 37 -11 -4 9 , 33 -14 18 -4 7 22 , 37 -18 14 4 4 21 , -7 1 -22 16 1 -20 , 39 36 -36 0 7 -29 , 0.0055727262860044485 , 94
1.2969921858206053 , 37 -37 -41 11 -28 -45 , 28 -22 22 0 -3 19 , 23 -22 1 16 -2 0 , 14 -14 14 0 -4 10 , 26 41 37 -11 -4 9 , -33 14 -18 4 -7 -22 , -37 18 -14 -4 -4 -21 , 7 -1 22 -16 -1 20 , 39 36 -36 0 7 -29 , 0.0055727262860044485 , 95
1.2969921858206053 , 37 -37 -41 11 -28 -45 , 28 -22 22 0 -3 19 , -16 2 0 7 -20 1 , 14 -14 14 0 -4 10 , 26 41 37 -11 -4 9 , -4 7 22 -37 21 4 , 33 -22 -7 37 -18 14 , -23 0 -2 -7 1 -22 , 39 36 -36 0 7 -29 , 0.0055727262860044494 , 96
1.2969921858206053 , 37 -37 -41 11 -28 -45 , 28 -22 22 0 -3 19 , 16 -2 0 -7 20 -1 , 14 -14 14 0 -4 10 , 26 41 37 -11 -4 9 , 4 -7 -22 37 -21 -4 , -33 22 7 -37 18 -14 , 23 0 2 7 -1 22 , 39 36 -36 0 7 -29 , 0.0055727262860044494 , 97
1.2969921858206053 , 37 -37 -41 11 -28 -45 , 14 -14 14 0 -4 10 , -7 4 4 14 -33 22 , 28 -22 22 0 -3 19 , 26 41 37 -11 -4 9 , -2 16 1 -22 23 0 , 20 -1 -16 22 -1 7 , -21 -4 -4 -14 18 -37 , 39 36 -36 0 7 -29 , 0.0055727262860044658 , 98
1.2969921858206053 , 37 -37 -41 11 -28 -45 , 14 -14 14 0 -4 10 , 7 -4 -4 -14 33 -22 , 28 -22 22 0 -3 19 , 26 41 37 -11 -4 9 , 2 -16 -1 22 -23 0 , -20 1 16 -22 1 -7 , 21 4 4 14 -18 37 , 39 36 -36 0 7 -29 , 0.0055727262860044658 , 99
1.408645130474564 , 22 -37 -37 7 -39 -44 , 1 -19 19 0 -15 4 , -23 -11 27 -31 5 -17 , 41 -17 17 0 8 25 , 15 37 37 -7 -7 -2 , 3 1 11 -2 -11 18 , 5 -11 -1 2 7 -12 , 8 -27 11 31 -44 16 , 39 36 -36 0 7 -29 , 0.0051502276933064152 , 0
1.408645130474564 , 22 -37 -37 7 -39 -44 , 1 -19 19 0 -15 4 , 23 11 -27 31 -5 17 , 41 -17 17 0 8 25 , 15 37 37 -7 -7 -2 , -3 -1 -11 2 11 -18 , -5 11 1 -2 -7 12 , -8 27 -11 -31 44 -16 , 39 36 -36 0 7 -29 , 0.0051502276933064152 , 1
1.408645130474564 , 22 -37 -37 7 -39 -44 , 1 -19 19 0 -15 4 , 5 -17 23 16 -44 31 , 41 -17 17 0 8 25 , 15 37 37 -7 -7 -2 , -11 18 -3 -12 7 2 , 1 3 -18 12 5 -11 , -11 -23 17 -16 8 -27 , 39 36 -36 0 7 -29 , 0.0051502276933064368 , 2
1.408645130474564 , 22 -37 -37 7 -39 -44 , 1 -19 19 0 -15 4 , -5 17 -23 -16 44 -31 , 41 -17 17 0 8 25 , 15 37 37 -7 -7 -2 , 11 -18 3 12 -7 -2 , -1 -3 18 -12 -5 11 , 11 23 -17 16 -8 27 , 39 36 -36 0 7 -29 , 0.0051502276933064368 , 3
1.408645130474564 , 22 -37 -37 7 -39 -44 , 1 -19 19 0 -15 4 , -27 8 -16 17 -23 -11 , 41 -17 17 0 8 25 , 15 37 37 -7 -7 -2 , -11 5 12 -18 3 1 , 7 -12 -5 18 -11 -2 , -44 16 -8 -17 5 -31 , 39 36 -36 0 7 -29 , 0.0051502276933064577 , 4
1.408645130474564 , 22 -37 -37 7 -39 -44 , 1 -19 19 0 -15 4 , 27 -8 16 -17 23 11 , 41 -17 17 0 8 25 , 15 37 37 -7 -7 -2 , 11 -5 -12 18 -3 -1 , -7 12 5 -18 11 2 , 44 -16 8 17 -5 31 , 39 36 -36 0 7 -29 , 0.0051502276933064577 , 5
1.408645130474564 , 22 -37 -37 7 -39 -44 , 41 -17 17 0 8 25 , 11 2 7 -1 -3 18 , 1 -19 19 0 -15 4 , 15 37 37 -7 -7 -2 , -5 31 -44 11 23 -17 , -16 44 -31 -11 27 -8 , 12 -7 -2 1 11 -5 , 39 36 -36 0 7 -29 , 0.0051502276933064577 , 6
1.408645130474564 , 22 -37 -37 7 -39 -44 , 41 -17 17 0 8 25 , -11 -2 -7 1 3 -18 , 1 -19 19 0 -15 4 , 15 37 37 -7 -7 -2 , 5 -31 44 -11 -23 17 , 16 -44 31 11 -27 8 , -12 7 2 -1 -11 5 , 39 36 -36 0 7 -29 , 0.0051502276933064577 , 7
1.408645130474564 , 22 -37 -37 7 -39 -44 , 41 -17 17 0 8 25 , -18 11 2 -11 -1 -3 , 1 -19 19 0 -15 4 , 15 37 37 -7 -7 -2 , 17 -5 31 -27 11 23 , 44 -31 5 27 -8 16 , -7 -2 -11 11 -5 -12 , 39 36 -36 0 7 -29 , 0.0051502276933064793 , 8
1.408645130474564 , 22 -37 -37 7 -39 -44 , 41 -17 17 0 8 25 , 12 5 -11 11 2 7 , 1 -19 19 0 -15 4 , 15 37 37 -7 -7 -2 , -16 8 -27 -5 31 -44 , -11 27 -8 5 -17 23 , 1 11 -5 -11 18 -3 , 39 36 -36 0 7 -29 , 0.0051502276933064793 , 9
1.408645130474564 , 22 -37 -37 7 -39 -44 , 41 -17 17 0 8 25 , -12 -5 11 -11 -2 -7 , 1 -19 19 0 -15 4 , 15 37 37 -7 -7 -2 , 16 -8 27 5 -31 44 , 11 -27 8 -5 17 -23 , -1 -11 5 11 -18 3 , 39 36 -36 0 7 -29 , 0.0051502276933064793 , 10
1.408645130474564 , 22 -37 -37 7 -39 -44 , 41 -17 17 0 8 25 , 18 -11 -2 11 1 3 , 1 -19 19 0 -15 4 , 15 37 37 -7 -7 -2 , -17 5 -31 27 -11 -23 , -44 31 -5 -27 8 -16 , 7 2 11 -11 5 12 , 39 36 -36 0 7 -29 , 0.0051502276933064793 , 11
1.408645130474564 , 22 -37 -37 7 -39 -44 , 41 -17 17 0 8 25 , 1 3 -18 12 5 -11 , 1 -19 19 0 -15 4 , 15 37 37 -7 -7 -2 , -11 -23 17 -16 8 -27 , 5 -17 23 16 -44 31 , -11 18 -3 -12 7 2 , 39 36 -36 0 7 -29 , 0.005150227693306501 , 12
1.408645130474564 , 22 -37 -37 7 -39 -44 , 41 -17 17 0 8 25 , -1 -3 18 -12 -5 11 , 1 -19 19 0 -15 4 , 15 37 37 -7 -7 -2 , 11 23 -17 16 -8 27 , -5 17 -23 -16 44 -31 , 11 -18 3 12 -7 -2 , 39 36 -36 0 7 -29 , 0.005150227693306501 , 13
1.408645130474564 , 22 -37 -37 7 -39 -44 , 41 -17 17 0 8 25 , -7 12 5 -18 11 2 , 1 -19 19 0 -15 4 , 15 37 37 -7 -7 -2 , 44 -16 8 17 -5 31 , 27 -8 16 -17 23 11 , 11 -5 -12 18 -3 -1 , 39 36 -36 0 7 -29 , 0.0051502276933065227 , 14
1.408645130474564 , 22 -37 -37 7 -39 -44 , 41 -17 17 0 8 25 , 7 -12 -5 18 -11 -2 , 1 -19 19 0 -15 4 , 15 37 37 -7 -7 -2 , -44 16 -8 -17 5 -31 , -27 8 -16 17 -23 -11 , -11 5 12 -18 3 1 , 39 36 -36 0 7 -29 , 0.0051502276933065227 , 15
1.408645130474564 , 22 -37 -37 7 -39 -44 , 1 -19 19 0 -15 4 , -11 27 -8 5 -17 23 , 41 -17 17 0 8 25 , 15 37 37 -7 -7 -2 , 1 11 -5 -11 18 -3 , 12 5 -11 11 2 7 , -16 8 -27 -5 31 -44 , 39 36 -36 0 7 -29 , 0.0051502276933065444 , 16
1.408645130474564 , 22 -37 -37 7 -39 -44 , 1 -19 19 0 -15 4 , 17 -23 -11 44 -31 5 , 41 -17 17 0 8 25 , 15 37 37 -7 -7 -2 , -18 3 1 -7 -2 -11 , -11 -1 -3 7 -12 -5 , -27 11 23 -44 16 -8 , 39 36 -36 0 7 -29 , 0.0051502276933065444 , 17
1.408645130474564 , 22 -37 -37 7 -39 -44 , 1 -19 19 0 -15 4 , -17 23 11 -44 31 -5 , 41 -17 17 0 8 25 , 15 37 37 -7 -7 -2 , 18 -3 -1 7 2 11 , 11 1 3 -7 12 5 , 27 -11 -23 44 -16 8 , 39 36 -36 0 7 -29 , 0.0051502276933065444 , 18
1.408645130474564 , 22 -37 -37 7 -39 -44 , 1 -19 19 0 -15 4 , 11 -27 8 -5 17 -23 , 41 -17 17 0 8 25 , 15 37 37 -7 -7 -2 , -1 -11 5 11 -18 3 , -12 -5 11 -11 -2 -7 , 16 -8 27 5 -31 44 , 39 36 -36 0 7 -29 , 0.0051502276933065444 , 19
1.408645130474564 , 22 -37 -37 7 -39 -44 , 41 -17 17 0 8 25 , -2 -7 12 3 -18 11 , 1 -19 19 0 -15 4 , 15 37 37 -7 -7 -2 , -31 44 -16 -23 17 -5 , -8 16 -44 23 11 -27 , -5 -12 7 -3 -1 -11 , 39 36 -36 0 7 -29 , 0.0051502276933065652 , 20
1.408645130474564 , 22 -37 -37 7 -39 -44 , 41 -17 17 0 8 25 , 2 7 -12 -3 18 -11 , 1 -19 19 0 -15 4 , 15 37 37 -7 -7 -2 , 31 -44 16 23 -17 5 , 8 -16 44 -23 -11 27 , 5 12 -7 3 1 11 , 39 36 -36 0 7 -29 , 0.0051502276933065652 , 21
1.408645130474564 , 22 -37 -37 7 -39 -44 , 1 -19 19 0 -15 4 , -44 31 -5 -27 8 -16 , 41 -17 17 0 8 25 , 15 37 37 -7 -7 -2 , 7 2 11 -11 5 12 , 18 -11 -2 11 1 3 , -17 5 -31 27 -11 -23 , 39 36 -36 0 7 -29 , 0.0051502276933065869 , 22
1.408645130474564 , 22 -37 -37 7 -39 -44 , 1 -19 19 0 -15 4 , 44 -31 5 27 -8 16 , 41 -17 17 0 8 25 , 15 37 37 -7 -7 -2 , -7 -2 -11 11 -5 -12 , -18 11 2 -11 -1 -3 , 17 -5 31 -27 11 23 , 39 36 -36 0 7 -29 , 0.0051502276933065869 , 23
1.408645130474564 , 22 -37 -37 7 -39 -44 , 1 -19 19 0 -15 4 , -31 5 -17 -8 16 -44 , 41 -17 17 0 8 25 , 15 37 37 -7 -7 -2 , -2 -11 18 -5 -12 7 , 3 -18 11 5 -11 -1 , -23 17 -5 8 -27 11 , 39 36 -36 0 7 -29 , 0.0051502276933066086 , 24
1.408645130474564 , 22 -37 -37 7 -39 -44 , 1 -19 19 0 -15 4 , 31 -5 17 8 -16 44 , 41 -17 17 0 8 25 , 15 37 37 -7 -7 -2 , 2 11 -18 5 12 -7 , -3 18 -11 -5 11 1 , 23 -17 5 -8 27 -11 , 39 36 -36 0 7 -29 , 0.0051502276933066086 , 25
1.408645130474564 , 22 -37 -37 7 -39 -44 , 41 -17 17 0 8 25 , -11 -1 -3 7 -12 -5 , 1 -19 19 0 -15 4 , 15 37 37 -7 -7 -2 , -27 11 23 -44 16 -8 , 17 -23 -11 44 -31 5 , -18 3 1 -7 -2 -11 , 39 36 -36 0 7 -29 , 0.0051502276933066086 , 26
1.408645130474564 , 22 -37 -37 7 -39 -44 , 41 -17 17 0 8 25 , 5 -11 -1 2 7 -12 , 1 -19 19 0 -15 4 , 15 37 37 -7 -7 -2 , 8 -27 11 31 -44 16 , -23 -11 27 -31 5 -17 , 3 1 11 -2 -11 18 , 39 36 -36 0 7 -29 , 0.0051502276933066086 , 27
1.408645130474564 , 22 -37 -37 7 -39 -44 , 41 -17 17 0 8 25 , -5 11 1 -2 -7 12 , 1 -19 19 0 -15 4 , 15 37 37 -7 -7 -2 , -8 27 -11 -31 44 -16 , 23 11 -27 31 -5 17 , -3 -1 -11 2 11 -18 , 39 36 -36 0 7 -29 , 0.0051502276933066086 , 28
1.408645130474564 , 22 -37 -37 7 -39 -44 , 41 -17 17 0 8 25 , 11 1 3 -7 12 5 , 1 -19 19 0 -15 4 , 15 37 37 -7 -7 -2 , 27 -11 -23 44 -16 8 , -17 23 11 -44 31 -5 , 18 -3 -1 7 2 11 , 39 36 -36 0 7 -29 , 0.0051502276933066086 , 29
1.408645130474564 , 22 -37 -37 7 -39 -44 , 41 -17 17 0 8 25 , 3 -18 11 5 -11 -1 , 1 -19 19 0 -15 4 , 15 37 37 -7 -7 -2 , -23 17 -5 8 -27 11 , -31 5 -17 -8 16 -44 , -2 -11 18 -5 -12 7 , 39 36 -36 0 7 -29 , 0.0051502276933066728 , 30
1.408645130474564 , 22 -37 -37 7 -39 -44 , 41 -17 17 0 8 25 , -3 18 -11 -5 11 1 , 1 -19 19 0 -15 4 , 15 37 37 -7 -7 -2 , 23 -17 5 -8 27 -11 , 31 -5 17 8 -16 44 , 2 11 -18 5 12 -7 , 39 36 -36 0 7 -29 , 0.0051502276933066728 , 31
1.408645130474564 , 22 -37 -37 7 -39 -44 , 1 -19 19 0 -15 4 , -16 44 -31 -11 27 -8 , 41 -17 17 0 8 25 , 15 37 37 -7 -7 -2 , 12 -7 -2 1 11 -5 , 11 2 7 -1 -3 18 , -5 31 -44 11 23 -17 , 39 36 -36 0 7 -29 , 0.0051502276933066945 , 32
1.408645130474564 , 22 -37 -37 7 -39 -44 , 1 -19 19 0 -15 4 , 16 -44 31 11 -27 8 , 41 -17 17 0 8 25 , 15 37 37 -7 -7 -2 , -12 7 2 -1 -11 5 , -11 -2 -7 1 3 -18 , 5 -31 44 -11 -23 17 , 39 36 -36 0 7 -29 , 0.0051502276933066945 , 33
1.408645130474564 , 22 -37 -37 7 -39 -44 , 1 -19 19 0 -15 4 , 8 -16 44 -23 -11 27 , 41 -17 17 0 8 25 , 15 37 37 -7 -7 -2 , 5 12 -7 3 1 11 , 2 7 -12 -3 18 -11 , 31 -44 16 23 -17 5 , 39 36 -36 0 7 -29 , 0.0051502276933067161 , 34
1.408645130474564 , 22 -37 -37 7 -39 -44 , 1 -19 19 0 -15 4 , -8 16 -44 23 11 -27 , 41 -17 17 0 8 25 , 15 37 37 -7 -7 -2 , -5 -12 7 -3 -1 -11 , -2 -7 12 3 -18 11 , -31 44 -16 -23 17 -5 , 39 36 -36 0 7 -29 , 0.0051502276933067161 , 35
1.408645130474564 , 39 -20 -50 8 -23 -31 , 5 -23 23 0 -16 7 , 24 -7 28 -13 -1 33 , 37 -13 13 0 9 22 , 31 50 20 -8 19 -3 , 11 -4 -16 25 -9 1 , -14 16 4 -25 17 -5 , 37 -28 7 13 5 6 , 39 36 -36 0 7 -29 , 0.0057705408503360969 , 36
1.408645130474564 , 39 -20 -50 8 -23 -31 , 5 -23 23 0 -16 7 , -24 7 -28 13 1 -33 , 37 -13 13 0 9 22 , 31 50 20 -8 19 -3 , -11 4 16 -25 9 -1 , 14 -16 -4 25 -17 5 , -37 28 -7 -13 -5 -6 , 39 36 -36 0 7 -29 , 0.0057705408503360969 , 37
1.408645130474564 , 39 -20 -50 8 -23 -31 , 37 -13 13 0 9 22 , -4 11 -1 5 -14 16 , 5 -23 23 0 -16 7 , 31 50 20 -8 19 -3 , -7 24 -33 -6 37 -28 , -1 33 -24 6 5 13 , -9 1 -11 -5 17 -25 , 39 36 -36 0 7 -29 , 0.0057705408503361012 , 38
1.408645130474564 , 39 -20 -50 8 -23 -31 , 37 -13 13 0 9 22 , 4 -11 1 -5 14 -16 , 5 -23 23 0 -16 7 , 31 50 20 -8 19 -3 , 7 -24 33 6 -37 28 , 1 -33 24 -6 -5 -13 , 9 -1 11 5 -17 25 , 39 36 -36 0 7 -29 , 0.0057705408503361012 , 39
1.408645130474564 , 39 -20 -50 8 -23 -31 , 5 -23 23 0 -16 7 , -37 6 5 -24 7 -28 , 37 -13 13 0 9 22 , 31 50 20 -8 19 -3 , 14 -5 17 -11 4 16 , 25 -17 5 11 -1 9 , -13 -5 -6 24 -33 1 , 39 36 -36 0 7 -29 , 0.0057705408503361368 , 40
1.408645130474564 , 39 -20 -50 8 -23 -31 , 5 -23 23 0 -16 7 , -7 28 -37 -1 33 -24 , 37 -13 13 0 9 22 , 31 50 20 -8 19 -3 , -4 -16 14 -9 1 -11 , 5 -14 16 9 -25 17 , -6 37 -28 1 13 5 , 39 36 -36 0 7 -29 , 0.0057705408503361368 , 41
1.408645130474564 , 39 -20 -50 8 -23 -31 , 5 -23 23 0 -16 7 , 7 -28 37 1 -33 24 , 37 -13 13 0 9 22 , 31 50 20 -8 19 -3 , 4 16 -14 9 -1 11 , -5 14 -16 -9 25 -17 , 6 -37 28 -1 -13 -5 , 39 36 -36 0 7 -29 , 0.0057705408503361368 , 42
1.408645130474564 , 39 -20 -50 8 -23 -31 , 5 -23 23 0 -16 7 , 37 -6 -5 24 -7 28 , 37 -13 13 0 9 22 , 31 50 20 -8 19 -3 , -14 5 -17 11 -4 -16 , -25 17 -5 -11 1 -9 , 13 5 6 -24 33 -1 , 39 36 -36 0 7 -29 , 0.0057705408503361368 , 43
1.408645130474564 , 39 -20 -50 8 -23 -31 , 37 -13 13 0 9 22 , -1 9 -25 16 4 -11 , 5 -23 23 0 -16 7 , 31 50 20 -8 19 -3 , -33 1 13 -28 7 -24 , -5 -13 -1 28 -37 6 , -17 25 -9 -16 14 -5 , 39 36 -36 0 7 -29 , 0.0057705408503361385 , 44
1.408645130474564 , 39 -20 -50 8 -23 -31 , 37 -13 13 0 9 22 , 1 -9 25 -16 -4 11 , 5 -23 23 0 -16 7 , 31 50 20 -8 19 -3 , 33 -1 -13 28 -7 24 , 5 13 1 -28 37 -6 , 17 -25 9 16 -14 5 , 39 36 -36 0 7 -29 , 0.0057705408503361385 , 45
1.408645130474564 , 39 -20 -50 8 -23 -31 , 37 -13 13 0 9 22 , 11 -1 9 -14 16 4 , 5 -23 23 0 -16 7 , 31 50 20 -8 19 -3 , 24 -33 1 37 -28 7 , -13 -1 33 -37 6 5 , 25 -9 1 14 -5 17 , 39 36 -36 0 7 -29 , 0.005770540850336155 , 46
1.408645130474564 , 39 -20 -50 8 -23 -31 , 37 -13 13 0 9 22 , -11 1 -9 14 -16 -4 , 5 -23 23 0 -16 7 , 31 50 20 -8 19 -3 , -24 33 -1 -37 28 -7 , 13 1 -33 37 -6 -5 , -25 9 -1 -14 5 -17 , 39 36 -36 0 7 -29 , 0.005770540850336155 , 47
1.408645130474564 , 39 -20 -50 8 -23 -31 , 5 -23 23 0 -16 7 , -13 -1 33 -37 6 5 , 37 -13 13 0 9 22 , 31 50 20 -8 19 -3 , 25 -9 1 14 -5 17 , 11 -1 9 -14 16 4 , 24 -33 1 37 -28 7 , 39 36 -36 0 7 -29 , 0.0057705408503361611 , 48
1.408645130474564 , 39 -20 -50 8 -23 -31 , 5 -23 23 0 -16 7 , 13 1 -33 37 -6 -5 , 37 -13 13 0 9 22 , 31 50 20 -8 19 -3 , -25 9 -1 -14 5 -17 , -11 1 -9 14 -16 -4 , -24 33 -1 -37 28 -7 , 39 36 -36 0 7 -29 , 0.0057705408503361611 , 49
1.408645130474564 , 39 -20 -50 8 -23 -31 , 37 -13 13 0 9 22 , -9 25 -17 -4 11 -1 , 5 -23 23 0 -16 7 , 31 50 20 -8 19 -3 , -1 -13 -5 -7 24 -33 , 6 5 13 7 -28 37 , -5 17 -25 4 16 -14 , 39 36 -36 0 7 -29 , 0.0057705408503361619 , 50
1.408645130474564 , 39 -20 -50 8 -23 -31 , 37 -13 13 0 9 22 , 9 -25 17 4 -11 1 , 5 -23 23 0 -16 7 , 31 50 20 -8 19 -3 , 1 13 5 7 -24 33 , -6 -5 -13 -7 28 -37 , 5 -17 25 -4 -16 14 , 39 36 -36 0 7 -29 , 0.0057705408503361619 , 51
1.408645130474564 , 39 -20 -50 8 -23 -31 , 37 -13 13 0 9 22 , -16 -4 11 -17 5 -14 , 5 -23 23 0 -16 7 , 31 50 20 -8 19 -3 , 28 -7 24 -5 -6 37 , 33 -24 7 5 13 1 , 1 -11 4 17 -25 9 , 39 36 -36 0 7 -29 , 0.0057705408503362495 , 52
1.408645130474564 , 39 -20 -50 8 -23 -31 , 37 -13 13 0 9 22 , 16 4 -11 17 -5 14 , 5 -23 23 0 -16 7 , 31 50 20 -8 19 -3 , -28 7 -24 5 6 -37 , -33 24 -7 -5 -13 -1 , -1 11 -4 -17 25 -9 , 39 36 -36 0 7 -29 , 0.0057705408503362495 , 53
1.408645130474564 , 39 -20 -50 8 -23 -31 , 5 -23 23 0 -16 7 , -5 -13 -1 28 -37 6 , 37 -13 13 0 9 22 , 31 50 20 -8 19 -3 , -17 25 -9 -16 14 -5 , -1 9 -25 16 4 -11 , -33 1 13 -28 7 -24 , 39 36 -36 0 7 -29 , 0.005770540850336253 , 54
1.408645130474564 , 39 -20 -50 8 -23 -31 , 5 -23 23 0 -16 7 , 5 13 1 -28 37 -6 , 37 -13 13 0 9 22 , 31 50 20 -8 19 -3 , 17 -25 9 16 -14 5 , 1 -9 25 -16 -4 11 , 33 -1 -13 28 -7 24 , 39 36 -36 0 7 -29 , 0.005770540850336253 , 55
1.408645130474564 , 39 -20 -50 8 -23 -31 , 37 -13 13 0 9 22 , -14 16 4 -25 17 -5 , 5 -23 23 0 -16 7 , 31 50 20 -8 19 -3 , 37 -28 7 13 5 6 , 24 -7 28 -13 -1 33 , 11 -4 -16 25 -9 1 , 39 36 -36 0 7 -29 , 0.0057705408503362695 , 56
1.408645130474564 , 39 -20 -50 8 -23 -31 , 37 -13 13 0 9 22 , 14 -16 -4 25 -17 5 , 5 -23 23 0 -16 7 , 31 50 20 -8 19 -3 , -37 28 -7 -13 -5 -6 , -24 7 -28 13 1 -33 , -11 4 16 -25 9 -1 , 39 36 -36 0 7 -29 , 0.0057705408503362695 , 57
1.408645130474564 , 39 -20 -50 8 -23 -31 , 37 -13 13 0 9 22 , -25 17 -5 -11 1 -9 , 5 -23 23 0 -16 7 , 31 50 20 -8 19 -3 , 13 5 6 -24 33 -1 , 37 -6 -5 24 -7 28 , -14 5 -17 11 -4 -16 , 39 36 -36 0 7 -29 , 0.005770540850336273 , 58
1.408645130474564 , 39 -20 -50 8 -23 -31 , 37 -13 13 0 9 22 , 25 -17 5 11 -1 9 , 5 -23 23 0 -16 7 , 31 50 20 -8 19 -3 , -13 -5 -6 24 -33 1 , -37 6 5 -24 7 -28 , 14 -5 17 -11 4 16 , 39 36 -36 0 7 -29 , 0.005770540850336273 , 59
1.408645130474564 , 39 -20 -50 8 -23 -31 , 37 -13 13 0 9 22 , 5 -14 16 9 -25 17 , 5 -23 23 0 -16 7 , 31 50 20 -8 19 -3 , -6 37 -28 1 13 5 , -7 28 -37 -1 33 -24 , -4 -16 14 -9 1 -11 , 39 36 -36 0 7 -29 , 0.005770540850336286 , 60
1.408645130474564 , 39 -20 -50 8 -23 -31 , 37 -13 13 0 9 22 , -5 14 -16 -9 25 -17 , 5 -23 23 0 -16 7 , 31 50 20 -8 19 -3 , 6 -37 28 -1 -13 -5 , 7 -28 37 1 -33 24 , 4 16 -14 9 -1 11 , 39 36 -36 0 7 -29 , 0.005770540850336286 , 61
1.408645130474564 , 39 -20 -50 8 -23 -31 , 5 -23 23 0 -16 7 , -28 37 -6 -33 24 -7 , 37 -13 13 0 9 22 , 31 50 20 -8 19 -3 , 16 -14 5 -1 11 -4 , 17 -5 14 1 -9 25 , 5 6 -37 33 -1 -13 , 39 36 -36 0 7 -29 , 0.0057705408503362912 , 62
1.408645130474564 , 39 -20 -50 8 -23 -31 , 5 -23 23 0 -16 7 , 28 -37 6 33 -24 7 , 37 -13 13 0 9 22 , 31 50 20 -8 19 -3 , -16 14 -5 1 -11 4 , -17 5 -14 -1 9 -25 , -5 -6 37 -33 1 13 , 39 36 -36 0 7 -29 , 0.0057705408503362912 , 63
1.408645130474564 , 39 -20 -50 8 -23 -31 , 5 -23 23 0 -16 7 , -1 33 -24 6 5 13 , 37 -13 13 0 9 22 , 31 50 20 -8 19 -3 , -9 1 -11 -5 17 -25 , -4 11 -1 5 -14 16 , -7 24 -33 -6 37 -28 , 39 36 -36 0 7 -29 , 0.0057705408503363007 , 64
1.408645130474564 , 39 -20 -50 8 -23 -31 , 5 -23 23 0 -16 7 , 1 -33 24 -6 -5 -13 , 37 -13 13 0 9 22 , 31 50 20 -8 19 -3 , 9 -1 11 5 -17 25 , 4 -11 1 -5 14 -16 , 7 -24 33 6 -37 28 , 39 36 -36 0 7 -29 , 0.0057705408503363007 , 65
1.408645130474564 , 39 -20 -50 8 -23 -31 , 5 -23 23 0 -16 7 , -33 24 -7 -5 -13 -1 , 37 -13 13 0 9 22 , 31 50 20 -8 19 -3 , -1 11 -4 -17 25 -9 , 16 4 -11 17 -5 14 , -28 7 -24 5 6 -37 , 39 36 -36 0 7 -29 , 0.0057705408503363311 , 66
1.408645130474564 , 39 -20 -50 8 -23 -31 , 5 -23 23 0 -16 7 , 33 -24 7 5 13 1 , 37 -13 13 0 9 22 , 31 50 20 -8 19 -3 , 1 -11 4 17 -25 9 , -16 -4 11 -17 5 -14 , 28 -7 24 -5 -6 37 , 39 36 -36 0 7 -29 , 0.0057705408503363311 , 67
1.408645130474564 , 39 -20 -50 8 -23 -31 , 5 -23 23 0 -16 7 , -6 -5 -13 -7 28 -37 , 37 -13 13 0 9 22 , 31 50 20 -8 19 -3 , 5 -17 25 -4 -16 14 , 9 -25 17 4 -11 1 , 1 13 5 7 -24 33 , 39 36 -36 0 7 -29 , 0.0057705408503363484 , 68
1.408645130474564 , 39 -20 -50 8 -23 -31 , 5 -23 23 0 -16 7 , 6 5 13 7 -28 37 , 37 -13 13 0 9 22 , 31 50 20 -8 19 -3 , -5 17 -25 4 16 -14 , -9 25 -17 -4 11 -1 , -1 -13 -5 -7 24 -33 , 39 36 -36 0 7 -29 , 0.0057705408503363484 , 69
1.408645130474564 , 39 -20 -50 8 -23 -31 , 37 -13 13 0 9 22 , -17 5 -14 -1 9 -25 , 5 -23 23 0 -16 7 , 31 50 20 -8 19 -3 , -5 -6 37 -33 1 13 , 28 -37 6 33 -24 7 , -16 14 -5 1 -11 4 , 39 36 -36 0 7 -29 , 0.0057705408503364083 , 70
1.408645130474564 , 39 -20 -50 8 -23 -31 , 37 -13 13 0 9 22 , 17 -5 14 1 -9 25 , 5 -23 23 0 -16 7 , 31 50 20 -8 19 -3 , 5 6 -37 33 -1 -13 , -28 37 -6 -33 24 -7 , 16 -14 5 -1 11 -4 , 39 36 -36 0 7 -29 , 0.0057705408503364083 , 71
1.408645130474564 , -25 14 -27 -43 -28 -35 , 28 -6 6 0 10 16 , -29 3 -1 4 -22 -9 , 13 5 -5 0 11 6 , 18 27 -14 43 -8 -42 , -9 -11 -22 35 -23 -18 , -44 22 11 -35 4 -12 , -33 1 -3 -4 -8 -25 , 40 1 -1 0 -21 -22 , 0.0063785730236689195 , 72
1.408645130474564 , -25 14 -27 -43 -28 -35 , 28 -6 6 0 10 16 , 29 -3 1 -4 22 9 , 13 5 -5 0 11 6 , 18 27 -14 43 -8 -42 , 9 11 22 -35 23 18 , 44 -22 -11 35 -4 12 , 33 -1 3 4 8 25 , 40 1 -1 0 -21 -22 , 0.0063785730236689195 , 73
1.408645130474564 , -25 14 -27 -43 -28 -35 , 13 5 -5 0 11 6 , -23 35 -4 -11 -9 18 , 28 -6 6 0 10 16 , 18 27 -14 43 -8 -42 , -22 4 8 3 -29 9 , -25 -8 -4 -3 1 -33 , -12 4 -35 11 22 -44 , 40 1 -1 0 -21 -22 , 0.0063785730236689351 , 74
1.408645130474564 , -25 14 -27 -43 -28 -35 , 13 5 -5 0 11 6 , 23 -35 4 11 9 -18 , 28 -6 6 0 10 16 , 18 27 -14 43 -8 -42 , 22 -4 -8 -3 29 -9 , 25 8 4 3 -1 33 , 12 -4 35 -11 -22 44 , 40 1 -1 0 -21 -22 , 0.0063785730236689351 , 75
1.408645130474564 , -25 14 -27 -43 -28 -35 , 13 5 -5 0 11 6 , -35 4 -12 9 -18 -23 , 28 -6 6 0 10 16 , 18 27 -14 43 -8 -42 , -4 -8 -25 29 -9 -22 , -33 25 8 -29 3 -1 , -44 12 -4 -9 -11 -22 , 40 1 -1 0 -21 -22 , 0.006378573023668936 , 76
1.408645130474564 , -25 14 -27 -43 -28 -35 , 13 5 -5 0 11 6 , 35 -4 12 -9 18 23 , 28 -6 6 0 10 16 , 18 27 -14 43 -8 -42 , 4 8 25 -29 9 22 , 33 -25 -8 29 -3 1 , 44 -12 4 9 11 22 , 40 1 -1 0 -21 -22 , 0.006378573023668936 , 77
1.408645130474564 , -25 14 -27 -43 -28 -35 , 28 -6 6 0 10 16 , 1 -33 25 9 -29 3 , 13 5 -5 0 11 6 , 18 27 -14 43 -8 -42 , 22 -44 12 18 -9 -11 , 4 -12 44 -18 -23 35 , -8 -25 33 -9 -22 4 , 40 1 -1 0 -21 -22 , 0.006378573023668936 , 78
1.408645130474564 , -25 14 -27 -43 -28 -35 , 28 -6 6 0 10 16 , -3 1 -33 22 9 -29 , 13 5 -5 0 11 6 , 18 27 -14 43 -8 -42 , 11 22 -44 23 18 -9 , -12 44 -22 -23 35 -4 , -25 33 -1 -22 4 8 , 40 1 -1 0 -21 -22 , 0.006378573023668936 , 79
1.408645130474564 , -25 14 -27 -43 -28 -35 , 28 -6 6 0 10 16 , 3 -1 33 -22 -9 29 , 13 5 -5 0 11 6 , 18 27 -14 43 -8 -42 , -11 -22 44 -23 -18 9 , 12 -44 22 23 -35 4 , 25 -33 1 22 -4 -8 , 40 1 -1 0 -21 -22 , 0.006378573023668936 , 80
1.408645130474564 , -25 14 -27 -43 -28 -35 , 28 -6 6 0 10 16 , -1 33 -25 -9 29 -3 , 13 5 -5 0 11 6 , 18 27 -14 43 -8 -42 , -22 44 -12 -18 9 11 , -4 12 -44 18 23 -35 , 8 25 -33 9 22 -4 , 40 1 -1 0 -21 -22 , 0.006378573023668936 , 81
1.408645130474564 , -25 14 -27 -43 -28 -35 , 13 5 -5 0 11 6 , -44 22 11 -35 4 -12 , 28 -6 6 0 10 16 , 18 27 -14 43 -8 -42 , -33 1 -3 -4 -8 -25 , -29 3 -1 4 -22 -9 , -9 -11 -22 35 -23 -18 , 40 1 -1 0 -21 -22 , 0.0063785730236689394 , 82
1.408645130474564 , -25 14 -27 -43 -28 -35 , 13 5 -5 0 11 6 , 44 -22 -11 35 -4 12 , 28 -6 6 0 10 16 , 18 27 -14 43 -8 -42 , 33 -1 3 4 8 25 , 29 -3 1 -4 22 9 , 9 11 22 -35 23 18 , 40 1 -1 0 -21 -22 , 0.0063785730236689394 , 83
1.408645130474564 , -25 14 -27 -43 -28 -35 , 28 -6 6 0 10 16 , -33 25 8 -29 3 -1 , 13 5 -5 0 11 6 , 18 27 -14 43 -8 -42 , -44 12 -4 -9 -11 -22 , -35 4 -12 9 -18 -23 , -4 -8 -25 29 -9 -22 , 40 1 -1 0 -21 -22 , 0.0063785730236689394 , 84
1.408645130474564 , -25 14 -27 -43 -28 -35 , 28 -6 6 0 10 16 , 33 -25 -8 29 -3 1 , 13 5 -5 0 11 6 , 18 27 -14 43 -8 -42 , 44 -12 4 9 11 22 , 35 -4 12 -9 18 23 , 4 8 25 -29 9 22 , 40 1 -1 0 -21 -22 , 0.0063785730236689394 , 85
1.408645130474564 , -25 14 -27 -43 -28 -35 , 13 5 -5 0 11 6 , 4 -12 44 -18 -23 35 , 28 -6 6 0 10 16 , 18 27 -14 43 -8 -42 , -8 -25 33 -9 -22 4 , 1 -33 25 9 -29 3 , 22 -44 12 18 -9 -11 , 40 1 -1 0 -21 -22 , 0.0063785730236689455 , 86
1.408645130474564 , -25 14 -27 -43 -28 -35 , 13 5 -5 0 11 6 , -4 12 -44 18 23 -35 , 28 -6 6 0 10 16 , 18 27 -14 43 -8 -42 , 8 25 -33 9 22 -4 , -1 33 -25 -9 29 -3 , -22 44 -12 -18 9 11 , 40 1 -1 0 -21 -22 , 0.0063785730236689455 , 87
1.408645130474564 , -25 14 -27 -43 -28 -35 , 28 -6 6 0 10 16 , 4 -22 -9 33 -25 -8 , 13 5 -5 0 11 6 , 18 27 -14 43 -8 -42 , 35 -23 -18 44 -12 4 , -9 18 23 -44 22 11 , -29 9 22 -33 1 -3 , 40 1 -1 0 -21 -22 , 0.0063785730236689481 , 88
1.408645130474564 , -25 14 -27 -43 -28 -35 , 28 -6 6 0 10 16 , -4 22 9 -33 25 8 , 13 5 -5 0 11 6 , 18 27 -14 43 -8 -42 , -35 23 18 -44 12 -4 , 9 -18 -23 44 -22 -11 , 29 -9 -22 33 -1 3 , 40 1 -1 0 -21 -22 , 0.0063785730236689481 , 89
1.408645130474564 , -25 14 -27 -43 -28 -35 , 13 5 -5 0 11 6 , -12 44 -22 -23 35 -4 , 28 -6 6 0 10 16 , 18 27 -14 43 -8 -42 , -25 33 -1 -22 4 8 , -3 1 -33 22 9 -29 , 11 22 -44 23 18 -9 , 40 1 -1 0 -21 -22 , 0.006378573023668949 , 90
1.408645130474564 , -25 14 -27 -43 -28 -35 , 13 5 -5 0 11 6 , 12 -44 22 23 -35 4 , 28 -6 6 0 10 16 , 18 27 -14 43 -8 -42 , 25 -33 1 22 -4 -8 , 3 -1 33 -22 -9 29 , -11 -22 44 -23 -18 9 , 40 1 -1 0 -21 -22 , 0.006378573023668949 , 91
1.408645130474564 , -25 14 -27 -43 -28 -35 , 28 -6 6 0 10 16 , 9 -29 3 8 4 -22 , 13 5 -5 0 11 6 , 18 27 -14 43 -8 -42 , 18 -9 -11 -4 35 -23 , 22 11 9 4 -12 44 , 1 -3 29 -8 -25 33 , 40 1 -1 0 -21 -22 , 0.0063785730236689498 , 92
1.408645130474564 , -25 14 -27 -43 -28 -35 , 28 -6 6 0 10 16 , -9 29 -3 -8 -4 22 , 13 5 -5 0 11 6 , 18 27 -14 43 -8 -42 , -18 9 11 4 -35 23 , -22 -11 -9 -4 12 -44 , -1 3 -29 8 25 -33 , 40 1 -1 0 -21 -22 , 0.0063785730236689498 , 93
1.408645130474564 , -25 14 -27 -43 -28 -35 , 13 5 -5 0 11 6 , -18 -23 35 -22 -11 -9 , 28 -6 6 0 10 16 , 18 27 -14 43 -8 -42 , -9 -22 4 -1 3 -29 , -8 -4 22 1 -33 25 , 4 -35 23 22 -44 12 , 40 1 -1 0 -21 -22 , 0.0063785730236689576 , 94
1.408645130474564 , -25 14 -27 -43 -28 -35 , 13 5 -5 0 11 6 , 18 23 -35 22 11 9 , 28 -6 6 0 10 16 , 18 27 -14 43 -8 -42 , 9 22 -4 1 -3 29 , 8 4 -22 -1 33 -25 , -4 35 -23 -22 44 -12 , 40 1 -1 0 -21 -22 , 0.0063785730236689576 , 95
1.408645130474564 , -25 14 -27 -43 -28 -35 , 13 5 -5 0 11 6 , -22 -11 -9 -4 12 -44 , 28 -6 6 0 10 16 , 18 27 -14 43 -8 -42 , -1 3 -29 8 25 -33 , -9 29 -3 -8 -4 22 , -18 9 11 4 -35 23 , 40 1 -1 0 -21 -22 , 0.0063785730236689585 , 96
1.408645130474564 , -25 14 -27 -43 -28 -35 , 13 5 -5 0 11 6 , 22 11 9 4 -12 44 , 28 -6 6 0 10 16 , 18 27 -14 43 -8 -42 , 1 -3 29 -8 -25 33 , 9 -29 3 8 4 -22 , 18 -9 -11 -4 35 -23 , 40 1 -1 0 -21 -22 , 0.0063785730236689585 , 97
1.408645130474564 , -25 14 -27 -43 -28 -35 , 28 -6 6 0 10 16 , 22 9 -29 25 8 4 , 13 5 -5 0 11 6 , 18 27 -14 43 -8 -42 , 23 18 -9 12 -4 35 , 11 9 -18 -12 44 -22 , -3 29 -9 -25 33 -1 , 40 1 -1 0 -21 -22 , 0.0063785730236689585 , 98
1.408645130474564 , -25 14 -27 -43 -28 -35 , 28 -6 6 0 10 16 , -22 -9 29 -25 -8 -4 , 13 5 -5 0 11 6 , 18 27 -14 43 -8 -42 , -23 -18 9 -12 4 -35 , -11 -9 18 12 -44 22 , 3 -29 9 25 -33 1 , 40 1 -1 0 -21 -22 , 0.0063785730236689585 , 99
1.5148641019642093 , -4 -8 -25 -45 -8 -46 , 38 7 -7 0 26 19 , 9 -8 9 9 -17 17 , 24 20 -20 0 29 9 , 41 25 8 45 -21 0 , 12 -4 21 -18 8 15 , 30 -21 4 18 -6 12 , 0 -9 8 -9 8 -9 , 19 -27 27 0 -55 -28 , 0.0045381391177161728 , 0
1.5148641019642093 , -4 -8 -25 -45 -8 -46 , 38 7 -7 0 26 19 , -9 8 -9 -9 17 -17 , 24 20 -20 0 29 9 , 41 25 8 45 -21 0 , -12 4 -21 18 -8 -15 , -30 21 -4 -18 6 -12 , 0 9 -8 9 -8 9 , 19 -27 27 0 -55 -28 , 0.0045381391177161728 , 1
1.5148641019642093 , -4 -8 -25 -45 -8 -46 , 38 7 -7 0 26 19 , -8 9 -17 9 0 -9 , 24 20 -20 0 29 9 , 41 25 8 45 -21 0 , 6 -18 8 21 -30 12 , -15 -8 18 -21 4 -12 , -17 17 -9 -9 8 -9 , 19 -27 27 0 -55 -28 , 0.004538139117716198 , 2
1.5148641019642093 , -4 -8 -25 -45 -8 -46 , 38 7 -7 0 26 19 , 8 -9 17 -9 0 9 , 24 20 -20 0 29 9 , 41 25 8 45 -21 0 , -6 18 -8 -21 30 -12 , 15 8 -18 21 -4 12 , 17 -17 9 9 -8 9 , 19 -27 27 0 -55 -28 , 0.004538139117716198 , 3
1.5148641019642093 , -4 -8 -25 -45 -8 -46 , 38 7 -7 0 26 19 , 9 0 -9 17 -9 8 , 24 20 -20 0 29 9 , 41 25 8 45 -21 0 , 21 -30 12 15 -12 4 , 6 -12 30 -15 -8 18 , -8 9 0 -17 17 -9 , 19 -27 27 0 -55 -28 , 0.00453813911771627 , 4
1.5148641019642093 , -4 -8 -25 -45 -8 -46 , 38 7 -7 0 26 19 , -9 0 9 -17 9 -8 , 24 20 -20 0 29 9 , 41 25 8 45 -21 0 , -21 30 -12 -15 12 -4 , -6 12 -30 15 8 -18 , 8 -9 0 17 -17 9 , 19 -27 27 0 -55 -28 , 0.00453813911771627 , 5
1.5148641019642093 , -4 -8 -25 -45 -8 -46 , 38 7 -7 0 26 19 , -17 17 -9 -9 8 -9 , 24 20 -20 0 29 9 , 41 25 8 45 -21 0 , 8 15 -12 12 -6 18 , -4 12 -15 -12 30 -21 , -8 9 -17 9 0 -9 , 19 -27 27 0 -55 -28 , 0.0045381391177162986 , 6
1.5148641019642093 , -4 -8 -25 -45 -8 -46 , 38 7 -7 0 26 19 , 17 -17 9 9 -8 9 , 24 20 -20 0 29 9 , 41 25 8 45 -21 0 , -8 -15 12 -12 6 -18 , 4 -12 15 12 -30 21 , 8 -9 17 -9 0 9 , 19 -27 27 0 -55 -28 , 0.0045381391177162986 , 7
1.5148641019642093 , -4 -8 -25 -45 -8 -46 , 24 20 -20 0 29 9 , -21 4 -12 -6 12 -30 , 38 7 -7 0 26 19 , 41 25 8 45 -21 0 , -9 8 -9 8 -9 0 , -17 9 -8 -8 9 -17 , -15 12 -4 6 -18 8 , 19 -27 27 0 -55 -28 , 0.0045381391177163081 , 8
1.5148641019642093 , -4 -8 -25 -45 -8 -46 , 24 20 -20 0 29 9 , 21 -4 12 6 -12 30 , 38 7 -7 0 26 19 , 41 25 8 45 -21 0 , 9 -8 9 -8 9 0 , 17 -9 8 8 -9 17 , 15 -12 4 -6 18 -8 , 19 -27 27 0 -55 -28 , 0.0045381391177163081 , 9
1.5148641019642093 , -4 -8 -25 -45 -8 -46 , 38 7 -7 0 26 19 , 9 -17 17 0 -9 8 , 24 20 -20 0 29 9 , 41 25 8 45 -21 0 , -18 8 15 -30 12 -6 , 12 -15 -8 30 -21 4 , 9 -17 17 0 -9 8 , 19 -27 27 0 -55 -28 , 0.0045381391177163125 , 10
1.5148641019642093 , -4 -8 -25 -45 -8 -46 , 38 7 -7 0 26 19 , -9 17 -17 0 9 -8 , 24 20 -20 0 29 9 , 41 25 8 45 -21 0 , 18 -8 -15 30 -12 6 , -12 15 8 -30 21 -4 , -9 17 -17 0 9 -8 , 19 -27 27 0 -55 -28 , 0.0045381391177163125 , 11
1.5148641019642093 , -4 -8 -25 -45 -8 -46 , 24 20 -20 0 29 9 , -15 -8 18 -21 4 -12 , 38 7 -7 0 26 19 , 41 25 8 45 -21 0 , -17 17 -9 -9 8 -9 , -8 9 -17 9 0 -9 , 6 -18 8 21 -30 12 , 19 -27 27 0 -55 -28 , 0.0045381391177163645 , 12
1.5148641019642093 , -4 -8 -25 -45 -8 -46 , 24 20 -20 0 29 9 , 15 8 -18 21 -4 12 , 38 7 -7 0 26 19 , 41 25 8 45 -21 0 , 17 -17 9 9 -8 9 , 8 -9 17 -9 0 9 , -6 18 -8 -21 30 -12 , 19 -27 27 0 -55 -28 , 0.0045381391177163645 , 13
1.5148641019642093 , -4 -8 -25 -45 -8 -46 , 24 20 -20 0 29 9 , -6 12 -30 15 8 -18 , 38 7 -7 0 26 19 , 41 25 8 45 -21 0 , 8 -9 0 17 -17 9 , -9 0 9 -17 9 -8 , -21 30 -12 -15 12 -4 , 19 -27 27 0 -55 -28 , 0.0045381391177164321 , 14
1.5148641019642093 , -4 -8 -25 -45 -8 -46 , 24 20 -20 0 29 9 , -30 21 -4 -18 6 -12 , 38 7 -7 0 26 19 , 41 25 8 45 -21 0 , 0 9 -8 9 -8 9 , -9 8 -9 -9 17 -17 , -12 4 -21 18 -8 -15 , 19 -27 27 0 -55 -28 , 0.0045381391177164321 , 15
1.5148641019642093 , -4 -8 -25 -45 -8 -46 , 24 20 -20 0 29 9 , 30 -21 4 18 -6 12 , 38 7 -7 0 26 19 , 41 25 8 45 -21 0 , 0 -9 8 -9 8 -9 , 9 -8 9 9 -17 17 , 12 -4 21 -18 8 15 , 19 -27 27 0 -55 -28 , 0.0045381391177164321 , 16
1.5148641019642093 , -4 -8 -25 -45 -8 -46 , 24 20 -20 0 29 9 , 6 -12 30 -15 -8 18 , 38 7 -7 0 26 19 , 41 25 8 45 -21 0 , -8 9 0 -17 17 -9 , 9 0 -9 17 -9 8 , 21 -30 12 15 -12 4 , 19 -27 27 0 -55 -28 , 0.0045381391177164321 , 17
1.5148641019642093 , -4 -8 -25 -45 -8 -46 , 24 20 -20 0 29 9 , -12 15 8 -30 21 -4 , 38 7 -7 0 26 19 , 41 25 8 45 -21 0 , -9 17 -17 0 9 -8 , -9 17 -17 0 9 -8 , 18 -8 -15 30 -12 6 , 19 -27 27 0 -55 -28 , 0.0045381391177164452 , 18
1.5148641019642093 , -4 -8 -25 -45 -8 -46 , 24 20 -20 0 29 9 , 12 -15 -8 30 -21 4 , 38 7 -7 0 26 19 , 41 25 8 45 -21 0 , 9 -17 17 0 -9 8 , 9 -17 17 0 -9 8 , -18 8 15 -30 12 -6 , 19 -27 27 0 -55 -28 , 0.0045381391177164452 , 19
1.5148641019642093 , -4 -8 -25 -45 -8 -46 , 24 20 -20 0 29 9 , 18 -6 12 -12 15 8 , 38 7 -7 0 26 19 , 41 25 8 45 -21 0 , -9 8 -9 -9 17 -17 , 0 9 -8 9 -8 9 , 30 -12 6 12 -4 21 , 19 -27 27 0 -55 -28 , 0.0045381391177165302 , 20
1.5148641019642093 , -4 -8 -25 -45 -8 -46 , 24 20 -20 0 29 9 , -18 6 -12 12 -15 -8 , 38 7 -7 0 26 19 , 41 25 8 45 -21 0 , 9 -8 9 9 -17 17 , 0 -9 8 -9 8 -9 , -30 12 -6 -12 4 -21 , 19 -27 27 0 -55 -28 , 0.0045381391177165302 , 21
1.5148641019642093 , -4 -8 -25 -45 -8 -46 , 24 20 -20 0 29 9 , -8 18 -6 4 -12 15 , 38 7 -7 0 26 19 , 41 25 8 45 -21 0 , 17 -9 8 8 -9 17 , 9 -8 9 -8 9 0 , -12 6 -18 -4 21 -30 , 19 -27 27 0 -55 -28 , 0.0045381391177165432 , 22
1.5148641019642093 , -4 -8 -25 -45 -8 -46 , 24 20 -20 0 29 9 , 8 -18 6 -4 12 -15 , 38 7 -7 0 26 19 , 41 25 8 45 -21 0 , -17 9 -8 -8 9 -17 , -9 8 -9 8 -9 0 , 12 -6 18 4 -21 30 , 19 -27 27 0 -55 -28 , 0.0045381391177165432 , 23
1.5148641019642093 , -4 -8 -25 -45 -8 -46 , 24 20 -20 0 29 9 , 4 -12 15 12 -30 21 , 38 7 -7 0 26 19 , 41 25 8 45 -21 0 , 8 -9 17 -9 0 9 , 17 -17 9 9 -8 9 , -8 -15 12 -12 6 -18 , 19 -27 27 0 -55 -28 , 0.0045381391177165553 , 24
1.5148641019642093 , -4 -8 -25 -45 -8 -46 , 24 20 -20 0 29 9 , -4 12 -15 -12 30 -21 , 38 7 -7 0 26 19 , 41 25 8 45 -21 0 , -8 9 -17 9 0 -9 , -17 17 -9 -9 8 -9 , 8 15 -12 12 -6 18 , 19 -27 27 0 -55 -28 , 0.0045381391177165553 , 25
1.5148641019642093 , -4 -8 -25 -45 -8 -46 , 38 7 -7 0 26 19 , -8 9 0 -17 17 -9 , 24 20 -20 0 29 9 , 41 25 8 45 -21 0 , -4 21 -30 8 15 -12 , -12 30 -21 -8 18 -6 , 9 0 -9 17 -9 8 , 19 -27 27 0 -55 -28 , 0.0045381391177165649 , 26
1.5148641019642093 , -4 -8 -25 -45 -8 -46 , 38 7 -7 0 26 19 , 8 -9 0 17 -17 9 , 24 20 -20 0 29 9 , 41 25 8 45 -21 0 , 4 -21 30 -8 -15 12 , 12 -30 21 8 -18 6 , -9 0 9 -17 9 -8 , 19 -27 27 0 -55 -28 , 0.0045381391177165649 , 27
1.5148641019642093 , -4 -8 -25 -45 -8 -46 , 38 7 -7 0 26 19 , 9 -8 9 -8 9 0 , 24 20 -20 0 29 9 , 41 25 8 45 -21 0 , -12 6 -18 -4 21 -30 , -8 18 -6 4 -12 15 , 17 -9 8 8 -9 17 , 19 -27 27 0 -55 -28 , 0.0045381391177165657 , 28
1.5148641019642093 , -4 -8 -25 -45 -8 -46 , 38 7 -7 0 26 19 , -9 8 -9 8 -9 0 , 24 20 -20 0 29 9 , 41 25 8 45 -21 0 , 12 -6 18 4 -21 30 , 8 -18 6 -4 12 -15 , -17 9 -8 -8 9 -17 , 19 -27 27 0 -55 -28 , 0.0045381391177165657 , 29
1.5148641019642093 , -4 -8 -25 -45 -8 -46 , 24 20 -20 0 29 9 , -12 30 -21 -8 18 -6 , 38 7 -7 0 26 19 , 41 25 8 45 -21 0 , 9 0 -9 17 -9 8 , -8 9 0 -17 17 -9 , -4 21 -30 8 15 -12 , 19 -27 27 0 -55 -28 , 0.0045381391177165692 , 30
1.5148641019642093 , -4 -8 -25 -45 -8 -46 , 24 20 -20 0 29 9 , 12 -30 21 8 -18 6 , 38 7 -7 0 26 19 , 41 25 8 45 -21 0 , -9 0 9 -17 9 -8 , 8 -9 0 17 -17 9 , 4 -21 30 -8 -15 12 , 19 -27 27 0 -55 -28 , 0.0045381391177165692 , 31
1.5148641019642093 , -4 -8 -25 -45 -8 -46 , 38 7 -7 0 26 19 , -17 9 -8 -8 9 -17 , 24 20 -20 0 29 9 , 41 25 8 45 -21 0 , -15 12 -4 6 -18 8 , -21 4 -12 -6 12 -30 , -9 8 -9 8 -9 0 , 19 -27 27 0 -55 -28 , 0.0045381391177165935 , 32
1.5148641019642093 , -4 -8 -25 -45 -8 -46 , 38 7 -7 0 26 19 , 17 -9 8 8 -9 17 , 24 20 -20 0 29 9 , 41 25 8 45 -21 0 , 15 -12 4 -6 18 -8 , 21 -4 12 6 -12 30 , 9 -8 9 -8 9 0 , 19 -27 27 0 -55 -28 , 0.0045381391177165935 , 33
1.5148641019642093 , -4 -8 -25 -45 -8 -46 , 38 7 -7 0 26 19 , 0 9 -8 9 -8 9 , 24 20 -20 0 29 9 , 41 25 8 45 -21 0 , 30 -12 6 12 -4 21 , 18 -6 12 -12 15 8 , -9 8 -9 -9 17 -17 , 19 -27 27 0 -55 -28 , 0.0045381391177166464 , 34
1.5148641019642093 , -4 -8 -25 -45 -8 -46 , 38 7 -7 0 26 19 , 0 -9 8 -9 8 -9 , 24 20 -20 0 29 9 , 41 25 8 45 -21 0 , -30 12 -6 -12 4 -21 , -18 6 -12 12 -15 -8 , 9 -8 9 9 -17 17 , 19 -27 27 0 -55 -28 , 0.0045381391177166464 , 35
1.5148641019642093 , -5 -28 -1 -32 -50 -24 , 2 -27 27 0 -21 6 , -31 7 -17 9 -11 -24 , 40 -9 9 0 14 23 , 27 1 28 32 -23 -22 , 14 -25 16 10 -16 8 , 4 -16 25 -10 -8 9 , -40 17 -7 -9 -7 -18 , 39 36 -36 0 7 -29 , 0.0054696650691137957 , 36
1.5148641019642093 , -5 -28 -1 -32 -50 -24 , 2 -27 27 0 -21 6 , 31 -7 17 -9 11 24 , 40 -9 9 0 14 23 , 27 1 28 32 -23 -22 , -14 25 -16 -10 16 -8 , -4 16 -25 10 8 -9 , 40 -17 7 9 7 18 , 39 36 -36 0 7 -29 , 0.0054696650691137957 , 37
1.5148641019642093 , -5 -28 -1 -32 -50 -24 , 40 -9 9 0 14 23 , -8 9 -4 8 -16 10 , 2 -27 27 0 -21 6 , 27 1 28 32 -23 -22 , -7 -18 40 -24 -11 9 , 17 -40 18 24 -31 7 , -16 4 -9 -8 14 -25 , 39 36 -36 0 7 -29 , 0.0054696650691138573 , 38
1.5148641019642093 , -5 -28 -1 -32 -50 -24 , 40 -9 9 0 14 23 , 8 -9 4 -8 16 -10 , 2 -27 27 0 -21 6 , 27 1 28 32 -23 -22 , 7 18 -40 24 11 -9 , -17 40 -18 -24 31 -7 , 16 -4 9 8 -14 25 , 39 36 -36 0 7 -29 , 0.0054696650691138573 , 39
1.5148641019642093 , -5 -28 -1 -32 -50 -24 , 40 -9 9 0 14 23 , 10 8 -9 14 -8 16 , 2 -27 27 0 -21 6 , 27 1 28 32 -23 -22 , 9 7 18 -31 24 11 , 40 -18 -7 31 -7 17 , -4 9 -8 -14 25 -16 , 39 36 -36 0 7 -29 , 0.0054696650691139518 , 40
1.5148641019642093 , -5 -28 -1 -32 -50 -24 , 40 -9 9 0 14 23 , -10 -8 9 -14 8 -16 , 2 -27 27 0 -21 6 , 27 1 28 32 -23 -22 , -9 -7 -18 31 -24 -11 , -40 18 7 -31 7 -17 , 4 -9 8 14 -25 16 , 39 36 -36 0 7 -29 , 0.0054696650691139518 , 41
1.5148641019642093 , -5 -28 -1 -32 -50 -24 , 2 -27 27 0 -21 6 , -11 -24 31 -18 -7 -9 , 40 -9 9 0 14 23 , 27 1 28 32 -23 -22 , -16 8 -14 9 -8 -10 , -25 14 -8 -9 4 -16 , 7 -31 24 18 -40 17 , 39 36 -36 0 7 -29 , 0.0054696650691139822 , 42
1.5148641019642093 , -5 -28 -1 -32 -50 -24 , 2 -27 27 0 -21 6 , 11 24 -31 18 7 9 , 40 -9 9 0 14 23 , 27 1 28 32 -23 -22 , 16 -8 14 -9 8 10 , 25 -14 8 9 -4 16 , -7 31 -24 -18 40 -17 , 39 36 -36 0 7 -29 , 0.0054696650691139822 , 43
1.5148641019642093 , -5 -28 -1 -32 -50 -24 , 2 -27 27 0 -21 6 , -24 31 -7 -7 -9 11 , 40 -9 9 0 14 23 , 27 1 28 32 -23 -22 , 8 -14 25 -8 -10 16 , 16 -25 14 8 -9 4 , -17 7 -31 7 18 -40 , 39 36 -36 0 7 -29 , 0.0054696650691140013 , 44
1.5148641019642093 , -5 -28 -1 -32 -50 -24 , 2 -27 27 0 -21 6 , 24 -31 7 7 9 -11 , 40 -9 9 0 14 23 , 27 1 28 32 -23 -22 , -8 14 -25 8 10 -16 , -16 25 -14 -8 9 -4 , 17 -7 31 -7 -18 40 , 39 36 -36 0 7 -29 , 0.0054696650691140013 , 45
1.5148641019642093 , -5 -28 -1 -32 -50 -24 , 40 -9 9 0 14 23 , -16 10 8 -25 14 -8 , 2 -27 27 0 -21 6 , 27 1 28 32 -23 -22 , -11 9 7 7 -31 24 , -18 -7 -9 -7 17 -40 , 9 -8 -10 25 -16 4 , 39 36 -36 0 7 -29 , 0.0054696650691140368 , 46
1.5148641019642093 , -5 -28 -1 -32 -50 -24 , 40 -9 9 0 14 23 , 16 -10 -8 25 -14 8 , 2 -27 27 0 -21 6 , 27 1 28 32 -23 -22 , 11 -9 -7 -7 31 -24 , 18 7 9 7 -17 40 , -9 8 10 -25 16 -4 , 39 36 -36 0 7 -29 , 0.0054696650691140368 , 47
1.5148641019642093 , -5 -28 -1 -32 -50 -24 , 40 -9 9 0 14 23 , -4 16 -25 10 8 -9 , 2 -27 27 0 -21 6 , 27 1 28 32 -23 -22 , 40 -17 7 9 7 18 , 31 -7 17 -9 11 24 , -14 25 -16 -10 16 -8 , 39 36 -36 0 7 -29 , 0.0054696650691140498 , 48
1.5148641019642093 , -5 -28 -1 -32 -50 -24 , 40 -9 9 0 14 23 , 4 -16 25 -10 -8 9 , 2 -27 27 0 -21 6 , 27 1 28 32 -23 -22 , -40 17 -7 -9 -7 -18 , -31 7 -17 9 -11 -24 , 14 -25 16 10 -16 8 , 39 36 -36 0 7 -29 , 0.0054696650691140498 , 49
1.5148641019642093 , -5 -28 -1 -32 -50 -24 , 2 -27 27 0 -21 6 , 7 -17 40 -11 -24 31 , 40 -9 9 0 14 23 , 27 1 28 32 -23 -22 , -25 16 -4 -16 8 -14 , -9 4 -16 16 -10 -8 , 18 -40 17 11 -9 -7 , 39 36 -36 0 7 -29 , 0.0054696650691140516 , 50
1.5148641019642093 , -5 -28 -1 -32 -50 -24 , 2 -27 27 0 -21 6 , -7 17 -40 11 24 -31 , 40 -9 9 0 14 23 , 27 1 28 32 -23 -22 , 25 -16 4 16 -8 14 , 9 -4 16 -16 10 8 , -18 40 -17 -11 9 7 , 39 36 -36 0 7 -29 , 0.0054696650691140516 , 51
1.5148641019642093 , -5 -28 -1 -32 -50 -24 , 40 -9 9 0 14 23 , 9 -4 16 -16 10 8 , 2 -27 27 0 -21 6 , 27 1 28 32 -23 -22 , -18 40 -17 -11 9 7 , -7 17 -40 11 24 -31 , 25 -16 4 16 -8 14 , 39 36 -36 0 7 -29 , 0.0054696650691141383 , 52
1.5148641019642093 , -5 -28 -1 -32 -50 -24 , 40 -9 9 0 14 23 , -9 4 -16 16 -10 -8 , 2 -27 27 0 -21 6 , 27 1 28 32 -23 -22 , 18 -40 17 11 -9 -7 , 7 -17 40 -11 -24 31 , -25 16 -4 -16 8 -14 , 39 36 -36 0 7 -29 , 0.0054696650691141383 , 53
1.5148641019642093 , -5 -28 -1 -32 -50 -24 , 40 -9 9 0 14 23 , 8 -16 10 16 -25 14 , 2 -27 27 0 -21 6 , 27 1 28 32 -23 -22 , -24 -11 9 -17 7 -31 , -7 -9 11 17 -40 18 , -8 -10 16 -16 4 -9 , 39 36 -36 0 7 -29 , 0.005469665069114173 , 54
1.5148641019642093 , -5 -28 -1 -32 -50 -24 , 40 -9 9 0 14 23 , 16 -25 14 8 -9 4 , 2 -27 27 0 -21 6 , 27 1 28 32 -23 -22 , -17 7 -31 7 18 -40 , -24 31 -7 -7 -9 11 , 8 -14 25 -8 -10 16 , 39 36 -36 0 7 -29 , 0.005469665069114173 , 55
1.5148641019642093 , -5 -28 -1 -32 -50 -24 , 40 -9 9 0 14 23 , -16 25 -14 -8 9 -4 , 2 -27 27 0 -21 6 , 27 1 28 32 -23 -22 , 17 -7 31 -7 -18 40 , 24 -31 7 7 9 -11 , -8 14 -25 8 10 -16 , 39 36 -36 0 7 -29 , 0.005469665069114173 , 56
1.5148641019642093 , -5 -28 -1 -32 -50 -24 , 40 -9 9 0 14 23 , -8 16 -10 -16 25 -14 , 2 -27 27 0 -21 6 , 27 1 28 32 -23 -22 , 24 11 -9 17 -7 31 , 7 9 -11 -17 40 -18 , 8 10 -16 16 -4 9 , 39 36 -36 0 7 -29 , 0.005469665069114173 , 57
1.5148641019642093 , -5 -28 -1 -32 -50 -24 , 2 -27 27 0 -21 6 , 9 -11 -24 40 -18 -7 , 40 -9 9 0 14 23 , 27 1 28 32 -23 -22 , 10 -16 8 -4 9 -8 , 14 -8 16 4 -16 25 , -31 24 11 -40 17 -7 , 39 36 -36 0 7 -29 , 0.0054696650691141956 , 58
1.5148641019642093 , -5 -28 -1 -32 -50 -24 , 2 -27 27 0 -21 6 , -9 11 24 -40 18 7 , 40 -9 9 0 14 23 , 27 1 28 32 -23 -22 , -10 16 -8 4 -9 8 , -14 8 -16 -4 16 -25 , 31 -24 -11 40 -17 7 , 39 36 -36 0 7 -29 , 0.0054696650691141956 , 59
1.5148641019642093 , -5 -28 -1 -32 -50 -24 , 2 -27 27 0 -21 6 , -40 18 7 -31 7 -17 , 40 -9 9 0 14 23 , 27 1 28 32 -23 -22 , 4 -9 8 14 -25 16 , -10 -8 9 -14 8 -16 , -9 -7 -18 31 -24 -11 , 39 36 -36 0 7 -29 , 0.0054696650691142476 , 60
1.5148641019642093 , -5 -28 -1 -32 -50 -24 , 2 -27 27 0 -21 6 , 40 -18 -7 31 -7 17 , 40 -9 9 0 14 23 , 27 1 28 32 -23 -22 , -4 9 -8 -14 25 -16 , 10 8 -9 14 -8 16 , 9 7 18 -31 24 11 , 39 36 -36 0 7 -29 , 0.0054696650691142476 , 61
1.5148641019642093 , -5 -28 -1 -32 -50 -24 , 2 -27 27 0 -21 6 , -17 40 -18 -24 31 -7 , 40 -9 9 0 14 23 , 27 1 28 32 -23 -22 , 16 -4 9 8 -14 25 , 8 -9 4 -8 16 -10 , 7 18 -40 24 11 -9 , 39 36 -36 0 7 -29 , 0.0054696650691142511 , 62
1.5148641019642093 , -5 -28 -1 -32 -50 -24 , 2 -27 27 0 -21 6 , 17 -40 18 24 -31 7 , 40 -9 9 0 14 23 , 27 1 28 32 -23 -22 , -16 4 -9 -8 14 -25 , -8 9 -4 8 -16 10 , -7 -18 40 -24 -11 9 , 39 36 -36 0 7 -29 , 0.0054696650691142511 , 63
1.5148641019642093 , -5 -28 -1 -32 -50 -24 , 2 -27 27 0 -21 6 , 18 7 9 7 -17 40 , 40 -9 9 0 14 23 , 27 1 28 32 -23 -22 , -9 8 10 -25 16 -4 , 16 -10 -8 25 -14 8 , 11 -9 -7 -7 31 -24 , 39 36 -36 0 7 -29 , 0.0054696650691142658 , 64
1.5148641019642093 , -5 -28 -1 -32 -50 -24 , 2 -27 27 0 -21 6 , -18 -7 -9 -7 17 -40 , 40 -9 9 0 14 23 , 27 1 28 32 -23 -22 , 9 -8 -10 25 -16 4 , -16 10 8 -25 14 -8 , -11 9 7 7 -31 24 , 39 36 -36 0 7 -29 , 0.0054696650691142658 , 65
1.5148641019642093 , -5 -28 -1 -32 -50 -24 , 40 -9 9 0 14 23 , -25 14 -8 -9 4 -16 , 2 -27 27 0 -21 6 , 27 1 28 32 -23 -22 , 7 -31 24 18 -40 17 , -11 -24 31 -18 -7 -9 , -16 8 -14 9 -8 -10 , 39 36 -36 0 7 -29 , 0.0054696650691142927 , 66
1.5148641019642093 , -5 -28 -1 -32 -50 -24 , 40 -9 9 0 14 23 , 25 -14 8 9 -4 16 , 2 -27 27 0 -21 6 , 27 1 28 32 -23 -22 , -7 31 -24 -18 40 -17 , 11 24 -31 18 7 9 , 16 -8 14 -9 8 10 , 39 36 -36 0 7 -29 , 0.0054696650691142927 , 67
1.5148641019642093 , -5 -28 -1 -32 -50 -24 , 40 -9 9 0 14 23 , -14 8 -16 -4 16 -25 , 2 -27 27 0 -21 6 , 27 1 28 32 -23 -22 , 31 -24 -11 40 -17 7 , -9 11 24 -40 18 7 , -10 16 -8 4 -9 8 , 39 36 -36 0 7 -29 , 0.0054696650691143048 , 68
1.5148641019642093 , -5 -28 -1 -32 -50 -24 , 40 -9 9 0 14 23 , 14 -8 16 4 -16 25 , 2 -27 27 0 -21 6 , 27 1 28 32 -23 -22 , -31 24 11 -40 17 -7 , 9 -11 -24 40 -18 -7 , 10 -16 8 -4 9 -8 , 39 36 -36 0 7 -29 , 0.0054696650691143048 , 69
1.5148641019642093 , -5 -28 -1 -32 -50 -24 , 2 -27 27 0 -21 6 , -7 -9 11 17 -40 18 , 40 -9 9 0 14 23 , 27 1 28 32 -23 -22 , -8 -10 16 -16 4 -9 , 8 -16 10 16 -25 14 , -24 -11 9 -17 7 -31 , 39 36 -36 0 7 -29 , 0.0054696650691143872 , 70
1.5148641019642093 , -5 -28 -1 -32 -50 -24 , 2 -27 27 0 -21 6 , 7 9 -11 -17 40 -18 , 40 -9 9 0 14 23 , 27 1 28 32 -23 -22 , 8 10 -16 16 -4 9 , -8 16 -10 -16 25 -14 , 24 11 -9 17 -7 31 , 39 36 -36 0 7 -29 , 0.0054696650691143872 , 71
1.5148641019642093 , 10 -35 -42 9 -46 -47 , 26 -6 6 0 9 15 , -18 11 -12 14 -21 1 , 16 -30 30 0 -16 14 , 1 42 35 -9 -5 -11 , -26 25 2 -22 4 1 , -4 -2 -25 22 -1 -21 , -32 12 -11 -14 13 -32 , 39 36 -36 0 7 -29 , 0.0055693034493787055 , 72
1.5148641019642093 , 10 -35 -42 9 -46 -47 , 26 -6 6 0 9 15 , 18 -11 12 -14 21 -1 , 16 -30 30 0 -16 14 , 1 42 35 -9 -5 -11 , 26 -25 -2 22 -4 -1 , 4 2 25 -22 1 21 , 32 -12 11 14 -13 32 , 39 36 -36 0 7 -29 , 0.0055693034493787055 , 73
1.5148641019642093 , 10 -35 -42 9 -46 -47 , 16 -30 30 0 -16 14 , -2 -25 26 -1 -21 4 , 26 -6 6 0 9 15 , 1 42 35 -9 -5 -11 , 12 -11 18 13 -32 32 , -1 -18 11 -13 14 -21 , -1 -26 25 1 -22 4 , 39 36 -36 0 7 -29 , 0.0055693034493787246 , 74
1.5148641019642093 , 10 -35 -42 9 -46 -47 , 16 -30 30 0 -16 14 , 2 25 -26 1 21 -4 , 26 -6 6 0 9 15 , 1 42 35 -9 -5 -11 , -12 11 -18 -13 32 -32 , 1 18 -11 13 -14 21 , 1 26 -25 -1 22 -4 , 39 36 -36 0 7 -29 , 0.0055693034493787246 , 75
1.5148641019642093 , 10 -35 -42 9 -46 -47 , 26 -6 6 0 9 15 , -11 12 -32 21 -1 -18 , 16 -30 30 0 -16 14 , 1 42 35 -9 -5 -11 , -25 -2 -4 -4 -1 -26 , -21 4 2 4 -22 1 , -32 32 -12 -21 14 -13 , 39 36 -36 0 7 -29 , 0.0055693034493787836 , 76
1.5148641019642093 , 10 -35 -42 9 -46 -47 , 26 -6 6 0 9 15 , 11 -12 32 -21 1 18 , 16 -30 30 0 -16 14 , 1 42 35 -9 -5 -11 , 25 2 4 4 1 26 , 21 -4 -2 -4 22 -1 , 32 -32 12 21 -14 13 , 39 36 -36 0 7 -29 , 0.0055693034493787836 , 77
1.5148641019642093 , 10 -35 -42 9 -46 -47 , 26 -6 6 0 9 15 , 1 18 -11 13 -14 21 , 16 -30 30 0 -16 14 , 1 42 35 -9 -5 -11 , 1 26 -25 -1 22 -4 , 2 25 -26 1 21 -4 , -12 11 -18 -13 32 -32 , 39 36 -36 0 7 -29 , 0.0055693034493788027 , 78
1.5148641019642093 , 10 -35 -42 9 -46 -47 , 26 -6 6 0 9 15 , -1 -18 11 -13 14 -21 , 16 -30 30 0 -16 14 , 1 42 35 -9 -5 -11 , -1 -26 25 1 -22 4 , -2 -25 26 -1 -21 4 , 12 -11 18 13 -32 32 , 39 36 -36 0 7 -29 , 0.0055693034493788027 , 79
1.5148641019642093 , 10 -35 -42 9 -46 -47 , 26 -6 6 0 9 15 , 12 -32 32 -1 -18 11 , 16 -30 30 0 -16 14 , 1 42 35 -9 -5 -11 , -2 -4 21 -1 -26 25 , -1 -21 4 1 4 -22 , 13 -32 32 1 -21 14 , 39 36 -36 0 7 -29 , 0.0055693034493788183 , 80
1.5148641019642093 , 10 -35 -42 9 -46 -47 , 26 -6 6 0 9 15 , -12 32 -32 1 18 -11 , 16 -30 30 0 -16 14 , 1 42 35 -9 -5 -11 , 2 4 -21 1 26 -25 , 1 21 -4 -1 -4 22 , -13 32 -32 -1 21 -14 , 39 36 -36 0 7 -29 , 0.0055693034493788183 , 81
1.5148641019642093 , 10 -35 -42 9 -46 -47 , 16 -30 30 0 -16 14 , -4 22 -1 -25 26 1 , 26 -6 6 0 9 15 , 1 42 35 -9 -5 -11 , 21 -14 13 -11 18 1 , 32 -13 14 11 -12 32 , 21 1 -22 25 2 4 , 39 36 -36 0 7 -29 , 0.0055693034493788391 , 82
1.5148641019642093 , 10 -35 -42 9 -46 -47 , 16 -30 30 0 -16 14 , 4 -22 1 25 -26 -1 , 26 -6 6 0 9 15 , 1 42 35 -9 -5 -11 , -21 14 -13 11 -18 -1 , -32 13 -14 -11 12 -32 , -21 -1 22 -25 -2 -4 , 39 36 -36 0 7 -29 , 0.0055693034493788391 , 83
1.5148641019642093 , 10 -35 -42 9 -46 -47 , 16 -30 30 0 -16 14 , -21 4 2 4 -22 1 , 26 -6 6 0 9 15 , 1 42 35 -9 -5 -11 , -32 32 -12 -21 14 -13 , -11 12 -32 21 -1 -18 , -25 -2 -4 -4 -1 -26 , 39 36 -36 0 7 -29 , 0.0055693034493788469 , 84
1.5148641019642093 , 10 -35 -42 9 -46 -47 , 16 -30 30 0 -16 14 , 21 -4 -2 -4 22 -1 , 26 -6 6 0 9 15 , 1 42 35 -9 -5 -11 , 32 -32 12 21 -14 13 , 11 -12 32 -21 1 18 , 25 2 4 4 1 26 , 39 36 -36 0 7 -29 , 0.0055693034493788469 , 85
1.5148641019642093 , 10 -35 -42 9 -46 -47 , 16 -30 30 0 -16 14 , 22 -1 -21 26 1 4 , 26 -6 6 0 9 15 , 1 42 35 -9 -5 -11 , -14 13 -32 18 1 -21 , -32 32 -13 -18 11 -12 , -4 21 1 -26 25 2 , 39 36 -36 0 7 -29 , 0.0055693034493788538 , 86
1.5148641019642093 , 10 -35 -42 9 -46 -47 , 16 -30 30 0 -16 14 , -22 1 21 -26 -1 -4 , 26 -6 6 0 9 15 , 1 42 35 -9 -5 -11 , 14 -13 32 -18 -1 21 , 32 -32 13 18 -11 12 , 4 -21 -1 26 -25 -2 , 39 36 -36 0 7 -29 , 0.0055693034493788538 , 87
1.5148641019642093 , 10 -35 -42 9 -46 -47 , 16 -30 30 0 -16 14 , -4 -2 -25 22 -1 -21 , 26 -6 6 0 9 15 , 1 42 35 -9 -5 -11 , -32 12 -11 -14 13 -32 , -18 11 -12 14 -21 1 , -26 25 2 -22 4 1 , 39 36 -36 0 7 -29 , 0.0055693034493788712 , 88
1.5148641019642093 , 10 -35 -42 9 -46 -47 , 16 -30 30 0 -16 14 , 4 2 25 -22 1 21 , 26 -6 6 0 9 15 , 1 42 35 -9 -5 -11 , 32 -12 11 14 -13 32 , 18 -11 12 -14 21 -1 , 26 -25 -2 22 -4 -1 , 39 36 -36 0 7 -29 , 0.0055693034493788712 , 89
1.5148641019642093 , 10 -35 -42 9 -46 -47 , 26 -6 6 0 9 15 , -14 21 -1 -32 32 -13 , 16 -30 30 0 -16 14 , 1 42 35 -9 -5 -11 , 22 -4 -1 -4 21 1 , 26 1 4 4 2 25 , 18 1 -21 32 -12 11 , 39 36 -36 0 7 -29 , 0.0055693034493788903 , 90
1.5148641019642093 , 10 -35 -42 9 -46 -47 , 26 -6 6 0 9 15 , 14 -21 1 32 -32 13 , 16 -30 30 0 -16 14 , 1 42 35 -9 -5 -11 , -22 4 1 4 -21 -1 , -26 -1 -4 -4 -2 -25 , -18 -1 21 -32 12 -11 , 39 36 -36 0 7 -29 , 0.0055693034493788903 , 91
1.5148641019642093 , 10 -35 -42 9 -46 -47 , 16 -30 30 0 -16 14 , -1 -21 4 1 4 -22 , 26 -6 6 0 9 15 , 1 42 35 -9 -5 -11 , 13 -32 32 1 -21 14 , 12 -32 32 -1 -18 11 , -2 -4 21 -1 -26 25 , 39 36 -36 0 7 -29 , 0.0055693034493789146 , 92
1.5148641019642093 , 10 -35 -42 9 -46 -47 , 16 -30 30 0 -16 14 , 1 21 -4 -1 -4 22 , 26 -6 6 0 9 15 , 1 42 35 -9 -5 -11 , -13 32 -32 -1 21 -14 , -12 32 -32 1 18 -11 , 2 4 -21 1 26 -25 , 39 36 -36 0 7 -29 , 0.0055693034493789146 , 93
1.5148641019642093 , 10 -35 -42 9 -46 -47 , 26 -6 6 0 9 15 , 13 -14 21 12 -32 32 , 16 -30 30 0 -16 14 , 1 42 35 -9 -5 -11 , -1 22 -4 -2 -4 21 , 1 4 -22 2 25 -26 , 1 -21 14 -12 11 -18 , 39 36 -36 0 7 -29 , 0.0055693034493789215 , 94
1.5148641019642093 , 10 -35 -42 9 -46 -47 , 26 -6 6 0 9 15 , -13 14 -21 -12 32 -32 , 16 -30 30 0 -16 14 , 1 42 35 -9 -5 -11 , 1 -22 4 2 4 -21 , -1 -4 22 -2 -25 26 , -1 21 -14 12 -11 18 , 39 36 -36 0 7 -29 , 0.0055693034493789215 , 95
1.5148641019642093 , 10 -35 -42 9 -46 -47 , 16 -30 30 0 -16 14 , -1 -4 22 -2 -25 26 , 26 -6 6 0 9 15 , 1 42 35 -9 -5 -11 , -1 21 -14 12 -11 18 , -13 14 -21 -12 32 -32 , 1 -22 4 2 4 -21 , 39 36 -36 0 7 -29 , 0.0055693034493789415 , 96
1.5148641019642093 , 10 -35 -42 9 -46 -47 , 16 -30 30 0 -16 14 , 1 4 -22 2 25 -26 , 26 -6 6 0 9 15 , 1 42 35 -9 -5 -11 , 1 -21 14 -12 11 -18 , 13 -14 21 12 -32 32 , -1 22 -4 -2 -4 21 , 39 36 -36 0 7 -29 , 0.0055693034493789415 , 97
1.5148641019642093 , 10 -35 -42 9 -46 -47 , 26 -6 6 0 9 15 , -21 1 18 -32 13 -14 , 16 -30 30 0 -16 14 , 1 42 35 -9 -5 -11 , 4 1 26 -21 -1 22 , 25 -26 -1 21 -4 -2 , 11 -18 -1 32 -32 12 , 39 36 -36 0 7 -29 , 0.0055693034493789588 , 98
1.5148641019642093 , 10 -35 -42 9 -46 -47 , 26 -6 6 0 9 15 , 21 -1 -18 32 -13 14 , 16 -30 30 0 -16 14 , 1 42 35 -9 -5 -11 , -4 -1 -26 21 1 -22 , -25 26 1 -21 4 2 , -11 18 1 -32 32 -12 , 39 36 -36 0 7 -29 , 0.0055693034493789588 , 99
1.6442758459176217 , 15 -19 -26 -15 -40 -15 , 49 -5 5 0 22 27 , -9 4 1 -15 15 -13 , -7 -31 31 0 -29 2 , 30 26 19 15 11 -21 , 35 -6 18 -1 -1 37 , 36 -18 6 1 19 5 , 6 -1 -4 15 -14 11 , 39 36 -36 0 7 -29 , 0.0049766157239035909 , 0
1.6442758459176217 , 15 -19 -26 -15 -40 -15 , 49 -5 5 0 22 27 , 9 -4 -1 15 -15 13 , -7 -31 31 0 -29 2 , 30 26 19 15 11 -21 , -35 6 -18 1 1 -37 , -36 18 -6 -1 -19 -5 , -6 1 4 -15 14 -11 , 39 36 -36 0 7 -29 , 0.0049766157239035909 , 1
1.6442758459176217 , 15 -19 -26 -15 -40 -15 , 49 -5 5 0 22 27 , 4 1 -6 15 -13 9 , -7 -31 31 0 -29 2 , 30 26 19 15 11 -21 , -6 18 -36 -1 37 -35 , -5 36 -18 1 1 19 , -11 6 -1 -15 15 -14 , 39 36 -36 0 7 -29 , 0.0049766157239036421 , 2
1.6442758459176217 , 15 -19 -26 -15 -40 -15 , 49 -5 5 0 22 27 , -4 -1 6 -15 13 -9 , -7 -31 31 0 -29 2 , 30 26 19 15 11 -21 , 6 -18 36 1 -37 35 , 5 -36 18 -1 -1 -19 , 11 -6 1 15 -15 14 , 39 36 -36 0 7 -29 , 0.0049766157239036421 , 3
1.6442758459176217 , 15 -19 -26 -15 -40 -15 , -7 -31 31 0 -29 2 , -37 1 1 -18 6 -35 , 49 -5 5 0 22 27 , 30 26 19 15 11 -21 , 13 -15 15 -1 -4 9 , 14 -15 15 1 -6 11 , -19 -1 -1 18 -36 5 , 39 36 -36 0 7 -29 , 0.0049766157239036638 , 4
1.6442758459176217 , 15 -19 -26 -15 -40 -15 , -7 -31 31 0 -29 2 , 37 -1 -1 18 -6 35 , 49 -5 5 0 22 27 , 30 26 19 15 11 -21 , -13 15 -15 1 4 -9 , -14 15 -15 -1 6 -11 , 19 1 1 -18 36 -5 , 39 36 -36 0 7 -29 , 0.0049766157239036638 , 5
1.6442758459176217 , 15 -19 -26 -15 -40 -15 , -7 -31 31 0 -29 2 , 1 1 19 6 -35 37 , 49 -5 5 0 22 27 , 30 26 19 15 11 -21 , -15 15 -14 -4 9 -13 , -11 14 -15 4 1 -6 , -5 -19 -1 -6 18 -36 , 39 36 -36 0 7 -29 , 0.0049766157239036681 , 6
1.6442758459176217 , 15 -19 -26 -15 -40 -15 , -7 -31 31 0 -29 2 , -1 -1 -19 -6 35 -37 , 49 -5 5 0 22 27 , 30 26 19 15 11 -21 , 15 -15 14 4 -9 13 , 11 -14 15 -4 -1 6 , 5 19 1 6 -18 36 , 39 36 -36 0 7 -29 , 0.0049766157239036681 , 7
1.6442758459176217 , 15 -19 -26 -15 -40 -15 , -7 -31 31 0 -29 2 , 18 -6 35 -19 -5 36 , 49 -5 5 0 22 27 , 30 26 19 15 11 -21 , 1 4 -9 14 -11 6 , -13 9 -4 -14 15 -15 , 37 -35 6 19 1 1 , 39 36 -36 0 7 -29 , 0.0049766157239036803 , 8
1.6442758459176217 , 15 -19 -26 -15 -40 -15 , -7 -31 31 0 -29 2 , -18 6 -35 19 5 -36 , 49 -5 5 0 22 27 , 30 26 19 15 11 -21 , -1 -4 9 -14 11 -6 , 13 -9 4 14 -15 15 , -37 35 -6 -19 -1 -1 , 39 36 -36 0 7 -29 , 0.0049766157239036803 , 9
1.6442758459176217 , 15 -19 -26 -15 -40 -15 , -7 -31 31 0 -29 2 , -1 -19 -5 35 -37 1 , 49 -5 5 0 22 27 , 30 26 19 15 11 -21 , -15 14 -11 -9 13 -15 , -6 11 -14 9 -4 -1 , -36 5 19 -35 6 -18 , 39 36 -36 0 7 -29 , 0.0049766157239036907 , 10
1.6442758459176217 , 15 -19 -26 -15 -40 -15 , -7 -31 31 0 -29 2 , 1 19 5 -35 37 -1 , 49 -5 5 0 22 27 , 30 26 19 15 11 -21 , 15 -14 11 9 -13 15 , 6 -11 14 -9 4 1 , 36 -5 -19 35 -6 18 , 39 36 -36 0 7 -29 , 0.0049766157239036907 , 11
1.6442758459176217 , 15 -19 -26 -15 -40 -15 , 49 -5 5 0 22 27 , -6 11 -14 9 -4 -1 , -7 -31 31 0 -29 2 , 30 26 19 15 11 -21 , -36 5 19 -35 6 -18 , -1 -19 -5 35 -37 1 , -15 14 -11 -9 13 -15 , 39 36 -36 0 7 -29 , 0.0049766157239036915 , 12
1.6442758459176217 , 15 -19 -26 -15 -40 -15 , 49 -5 5 0 22 27 , 6 -11 14 -9 4 1 , -7 -31 31 0 -29 2 , 30 26 19 15 11 -21 , 36 -5 -19 35 -6 18 , 1 19 5 -35 37 -1 , 15 -14 11 9 -13 15 , 39 36 -36 0 7 -29 , 0.0049766157239036915 , 13
1.6442758459176217 , 15 -19 -26 -15 -40 -15 , -7 -31 31 0 -29 2 , -19 -5 36 -37 1 1 , 49 -5 5 0 22 27 , 30 26 19 15 11 -21 , 14 -11 6 13 -15 15 , 1 -6 11 -13 9 -4 , 18 -36 5 37 -35 6 , 39 36 -36 0 7 -29 , 0.0049766157239036959 , 14
1.6442758459176217 , 15 -19 -26 -15 -40 -15 , -7 -31 31 0 -29 2 , 19 5 -36 37 -1 -1 , 49 -5 5 0 22 27 , 30 26 19 15 11 -21 , -14 11 -6 -13 15 -15 , -1 6 -11 13 -9 4 , -18 36 -5 -37 35 -6 , 39 36 -36 0 7 -29 , 0.0049766157239036959 , 15
1.6442758459176217 , 15 -19 -26 -15 -40 -15 , 49 -5 5 0 22 27 , -11 14 -15 4 1 -6 , -7 -31 31 0 -29 2 , 30 26 19 15 11 -21 , -5 -19 -1 -6 18 -36 , 1 1 19 6 -35 37 , -15 15 -14 -4 9 -13 , 39 36 -36 0 7 -29 , 0.0049766157239036959 , 16
1.6442758459176217 , 15 -19 -26 -15 -40 -15 , 49 -5 5 0 22 27 , 11 -14 15 -4 -1 6 , -7 -31 31 0 -29 2 , 30 26 19 15 11 -21 , 5 19 1 6 -18 36 , -1 -1 -19 -6 35 -37 , 15 -15 14 4 -9 13 , 39 36 -36 0 7 -29 , 0.0049766157239036959 , 17
1.6442758459176217 , 15 -19 -26 -15 -40 -15 , -7 -31 31 0 -29 2 , -35 37 -1 -36 18 -6 , 49 -5 5 0 22 27 , 30 26 19 15 11 -21 , 9 -13 15 -6 1 4 , 15 -15 13 6 -11 14 , 1 1 -37 36 -5 -19 , 39 36 -36 0 7 -29 , 0.0049766157239037002 , 18
1.6442758459176217 , 15 -19 -26 -15 -40 -15 , -7 -31 31 0 -29 2 , 35 -37 1 36 -18 6 , 49 -5 5 0 22 27 , 30 26 19 15 11 -21 , -9 13 -15 6 -1 -4 , -15 15 -13 -6 11 -14 , -1 -1 37 -36 5 19 , 39 36 -36 0 7 -29 , 0.0049766157239037002 , 19
1.6442758459176217 , 15 -19 -26 -15 -40 -15 , 49 -5 5 0 22 27 , -15 13 -9 -11 14 -15 , -7 -31 31 0 -29 2 , 30 26 19 15 11 -21 , 1 -37 35 -5 -19 -1 , 6 -35 37 5 -36 18 , -4 9 -13 11 -6 1 , 39 36 -36 0 7 -29 , 0.0049766157239037019 , 20
1.6442758459176217 , 15 -19 -26 -15 -40 -15 , 49 -5 5 0 22 27 , 15 -13 9 11 -14 15 , -7 -31 31 0 -29 2 , 30 26 19 15 11 -21 , -1 37 -35 5 19 1 , -6 35 -37 -5 36 -18 , 4 -9 13 -11 6 -1 , 39 36 -36 0 7 -29 , 0.0049766157239037019 , 21
1.6442758459176217 , 15 -19 -26 -15 -40 -15 , 49 -5 5 0 22 27 , 1 -6 11 -13 9 -4 , -7 -31 31 0 -29 2 , 30 26 19 15 11 -21 , 18 -36 5 37 -35 6 , -19 -5 36 -37 1 1 , 14 -11 6 13 -15 15 , 39 36 -36 0 7 -29 , 0.0049766157239037054 , 22
1.6442758459176217 , 15 -19 -26 -15 -40 -15 , 49 -5 5 0 22 27 , -1 6 -11 13 -9 4 , -7 -31 31 0 -29 2 , 30 26 19 15 11 -21 , -18 36 -5 -37 35 -6 , 19 5 -36 37 -1 -1 , -14 11 -6 -13 15 -15 , 39 36 -36 0 7 -29 , 0.0049766157239037054 , 23
1.6442758459176217 , 15 -19 -26 -15 -40 -15 , -7 -31 31 0 -29 2 , -6 35 -37 -5 36 -18 , 49 -5 5 0 22 27 , 30 26 19 15 11 -21 , 4 -9 13 -11 6 -1 , 15 -13 9 11 -14 15 , -1 37 -35 5 19 1 , 39 36 -36 0 7 -29 , 0.0049766157239037071 , 24
1.6442758459176217 , 15 -19 -26 -15 -40 -15 , -7 -31 31 0 -29 2 , 6 -35 37 5 -36 18 , 49 -5 5 0 22 27 , 30 26 19 15 11 -21 , -4 9 -13 11 -6 1 , -15 13 -9 -11 14 -15 , 1 -37 35 -5 -19 -1 , 39 36 -36 0 7 -29 , 0.0049766157239037071 , 25
1.6442758459176217 , 15 -19 -26 -15 -40 -15 , 49 -5 5 0 22 27 , -15 15 -13 -6 11 -14 , -7 -31 31 0 -29 2 , 30 26 19 15 11 -21 , -1 -1 37 -36 5 19 , 35 -37 1 36 -18 6 , -9 13 -15 6 -1 -4 , 39 36 -36 0 7 -29 , 0.004976615723903708 , 26
1.6442758459176217 , 15 -19 -26 -15 -40 -15 , 49 -5 5 0 22 27 , 15 -15 13 6 -11 14 , -7 -31 31 0 -29 2 , 30 26 19 15 11 -21 , 1 1 -37 36 -5 -19 , -35 37 -1 -36 18 -6 , 9 -13 15 -6 1 4 , 39 36 -36 0 7 -29 , 0.004976615723903708 , 27
1.6442758459176217 , 15 -19 -26 -15 -40 -15 , 49 -5 5 0 22 27 , 14 -15 15 1 -6 11 , -7 -31 31 0 -29 2 , 30 26 19 15 11 -21 , -19 -1 -1 18 -36 5 , -37 1 1 -18 6 -35 , 13 -15 15 -1 -4 9 , 39 36 -36 0 7 -29 , 0.0049766157239037167 , 28
1.6442758459176217 , 15 -19 -26 -15 -40 -15 , 49 -5 5 0 22 27 , -14 15 -15 -1 6 -11 , -7 -31 31 0 -29 2 , 30 26 19 15 11 -21 , 19 1 1 -18 36 -5 , 37 -1 -1 18 -6 35 , -13 15 -15 1 4 -9 , 39 36 -36 0 7 -29 , 0.0049766157239037167 , 29
1.6442758459176217 , 15 -19 -26 -15 -40 -15 , -7 -31 31 0 -29 2 , -36 18 -6 -1 -19 -5 , 49 -5 5 0 22 27 , 30 26 19 15 11 -21 , -6 1 4 -15 14 -11 , 9 -4 -1 15 -15 13 , -35 6 -18 1 1 -37 , 39 36 -36 0 7 -29 , 0.0049766157239037306 , 30
1.6442758459176217 , 15 -19 -26 -15 -40 -15 , -7 -31 31 0 -29 2 , 36 -18 6 1 19 5 , 49 -5 5 0 22 27 , 30 26 19 15 11 -21 , 6 -1 -4 15 -14 11 , -9 4 1 -15 15 -13 , 35 -6 18 -1 -1 37 , 39 36 -36 0 7 -29 , 0.0049766157239037306 , 31
1.6442758459176217 , 15 -19 -26 -15 -40 -15 , -7 -31 31 0 -29 2 , -5 36 -18 1 1 19 , 49 -5 5 0 22 27 , 30 26 19 15 11 -21 , -11 6 -1 -15 15 -14 , 4 1 -6 15 -13 9 , -6 18 -36 -1 37 -35 , 39 36 -36 0 7 -29 , 0.0049766157239037323 , 32
1.6442758459176217 , 15 -19 -26 -15 -40 -15 , -7 -31 31 0 -29 2 , 5 -36 18 -1 -1 -19 , 49 -5 5 0 22 27 , 30 26 19 15 11 -21 , 11 -6 1 15 -15 14 , -4 -1 6 -15 13 -9 , 6 -18 36 1 -37 35 , 39 36 -36 0 7 -29 , 0.0049766157239037323 , 33
1.6442758459176217 , 15 -19 -26 -15 -40 -15 , 49 -5 5 0 22 27 , 13 -9 4 14 -15 15 , -7 -31 31 0 -29 2 , 30 26 19 15 11 -21 , -37 35 -6 -19 -1 -1 , -18 6 -35 19 5 -36 , -1 -4 9 -14 11 -6 , 39 36 -36 0 7 -29 , 0.0049766157239037401 , 34
1.6442758459176217 , 15 -19 -26 -15 -40 -15 , 49 -5 5 0 22 27 , -13 9 -4 -14 15 -15 , -7 -31 31 0 -29 2 , 30 26 19 15 11 -21 , 37 -35 6 19 1 1 , 18 -6 35 -19 -5 36 , 1 4 -9 14 -11 6 , 39 36 -36 0 7 -29 , 0.0049766157239037401 , 35
1.6442758459176217 , 20 -22 -46 -9 -18 -41 , 12 -41 41 0 -27 14 , -22 4 17 -17 -11 3 , 30 5 -5 0 20 15 , 29 46 22 9 5 4 , -12 30 -30 10 3 -2 , -22 30 -30 -10 28 -27 , -5 -17 -4 17 -14 -15 , 39 36 -36 0 7 -29 , 0.0051684437123352828 , 36
1.6442758459176217 , 20 -22 -46 -9 -18 -41 , 12 -41 41 0 -27 14 , 22 -4 -17 17 11 -3 , 30 5 -5 0 20 15 , 29 46 22 9 5 4 , 12 -30 30 -10 -3 2 , 22 -30 30 10 -28 27 , 5 17 4 -17 14 15 , 39 36 -36 0 7 -29 , 0.0051684437123352828 , 37
1.6442758459176217 , 20 -22 -46 -9 -18 -41 , 30 5 -5 0 20 15 , -3 -10 28 -30 12 -2 , 12 -41 41 0 -27 14 , 29 46 22 9 5 4 , 11 17 -14 -4 22 3 , 15 14 -17 4 17 5 , 27 -28 10 30 -30 22 , 39 36 -36 0 7 -29 , 0.0051684437123353582 , 38
1.6442758459176217 , 20 -22 -46 -9 -18 -41 , 30 5 -5 0 20 15 , 3 10 -28 30 -12 2 , 12 -41 41 0 -27 14 , 29 46 22 9 5 4 , -11 -17 14 4 -22 -3 , -15 -14 17 -4 -17 -5 , -27 28 -10 -30 30 -22 , 39 36 -36 0 7 -29 , 0.0051684437123353582 , 39
1.6442758459176217 , 20 -22 -46 -9 -18 -41 , 30 5 -5 0 20 15 , -10 28 -27 12 -2 3 , 12 -41 41 0 -27 14 , 29 46 22 9 5 4 , 17 -14 -15 22 3 -11 , -5 15 14 -22 4 17 , -22 27 -28 -12 30 -30 , 39 36 -36 0 7 -29 , 0.0051684437123353591 , 40
1.6442758459176217 , 20 -22 -46 -9 -18 -41 , 30 5 -5 0 20 15 , 10 -28 27 -12 2 -3 , 12 -41 41 0 -27 14 , 29 46 22 9 5 4 , -17 14 15 -22 -3 11 , 5 -15 -14 22 -4 -17 , 22 -27 28 12 -30 30 , 39 36 -36 0 7 -29 , 0.0051684437123353591 , 41
1.6442758459176217 , 20 -22 -46 -9 -18 -41 , 12 -41 41 0 -27 14 , 3 22 -4 -14 17 11 , 30 5 -5 0 20 15 , 29 46 22 9 5 4 , -2 12 -30 28 -10 -3 , -30 30 -12 -28 27 -22 , 17 4 -22 14 15 -5 , 39 36 -36 0 7 -29 , 0.0051684437123353912 , 42
1.6442758459176217 , 20 -22 -46 -9 -18 -41 , 12 -41 41 0 -27 14 , -3 -22 4 14 -17 -11 , 30 5 -5 0 20 15 , 29 46 22 9 5 4 , 2 -12 30 -28 10 3 , 30 -30 12 28 -27 22 , -17 -4 22 -14 -15 5 , 39 36 -36 0 7 -29 , 0.0051684437123353912 , 43
1.6442758459176217 , 20 -22 -46 -9 -18 -41 , 12 -41 41 0 -27 14 , -4 -17 -5 11 -3 -22 , 30 5 -5 0 20 15 , 29 46 22 9 5 4 , -30 30 -22 -3 2 -12 , -27 22 -30 3 10 -28 , -15 5 17 -11 -17 14 , 39 36 -36 0 7 -29 , 0.0051684437123353947 , 44
1.6442758459176217 , 20 -22 -46 -9 -18 -41 , 12 -41 41 0 -27 14 , 4 17 5 -11 3 22 , 30 5 -5 0 20 15 , 29 46 22 9 5 4 , 30 -30 22 3 -2 12 , 27 -22 30 -3 -10 28 , 15 -5 -17 11 17 -14 , 39 36 -36 0 7 -29 , 0.0051684437123353947 , 45
1.6442758459176217 , 20 -22 -46 -9 -18 -41 , 30 5 -5 0 20 15 , -30 12 -2 -27 22 -30 , 12 -41 41 0 -27 14 , 29 46 22 9 5 4 , -4 22 3 -15 5 17 , 11 -3 -22 15 14 -17 , -3 2 -12 27 -28 10 , 39 36 -36 0 7 -29 , 0.0051684437123354042 , 46
1.6442758459176217 , 20 -22 -46 -9 -18 -41 , 30 5 -5 0 20 15 , 30 -12 2 27 -22 30 , 12 -41 41 0 -27 14 , 29 46 22 9 5 4 , 4 -22 -3 15 -5 -17 , -11 3 22 -15 -14 17 , 3 -2 12 -27 28 -10 , 39 36 -36 0 7 -29 , 0.0051684437123354042 , 47
1.6442758459176217 , 20 -22 -46 -9 -18 -41 , 12 -41 41 0 -27 14 , -14 17 11 -17 -5 15 , 30 5 -5 0 20 15 , 29 46 22 9 5 4 , 28 -10 -3 30 -22 27 , -2 3 10 -30 30 -12 , 3 -11 -17 17 4 -22 , 39 36 -36 0 7 -29 , 0.0051684437123354276 , 48
1.6442758459176217 , 20 -22 -46 -9 -18 -41 , 12 -41 41 0 -27 14 , 14 -17 -11 17 5 -15 , 30 5 -5 0 20 15 , 29 46 22 9 5 4 , -28 10 3 -30 22 -27 , 2 -3 -10 30 -30 12 , -3 11 17 -17 -4 22 , 39 36 -36 0 7 -29 , 0.0051684437123354276 , 49
1.6442758459176217 , 20 -22 -46 -9 -18 -41 , 12 -41 41 0 -27 14 , -17 -5 15 -3 -22 4 , 30 5 -5 0 20 15 , 29 46 22 9 5 4 , 30 -22 27 2 -12 30 , 28 -27 22 -2 3 10 , -14 -15 5 3 -11 -17 , 39 36 -36 0 7 -29 , 0.0051684437123354294 , 50
1.6442758459176217 , 20 -22 -46 -9 -18 -41 , 12 -41 41 0 -27 14 , 17 5 -15 3 22 -4 , 30 5 -5 0 20 15 , 29 46 22 9 5 4 , -30 22 -27 -2 12 -30 , -28 27 -22 2 -3 -10 , 14 15 -5 -3 11 17 , 39 36 -36 0 7 -29 , 0.0051684437123354294 , 51
1.6442758459176217 , 20 -22 -46 -9 -18 -41 , 30 5 -5 0 20 15 , 2 -3 -10 30 -30 12 , 12 -41 41 0 -27 14 , 29 46 22 9 5 4 , -3 11 17 -17 -4 22 , 14 -17 -11 17 5 -15 , -28 10 3 -30 22 -27 , 39 36 -36 0 7 -29 , 0.005168443712335464 , 52
1.6442758459176217 , 20 -22 -46 -9 -18 -41 , 30 5 -5 0 20 15 , -2 3 10 -30 30 -12 , 12 -41 41 0 -27 14 , 29 46 22 9 5 4 , 3 -11 -17 17 4 -22 , -14 17 11 -17 -5 15 , 28 -10 -3 30 -22 27 , 39 36 -36 0 7 -29 , 0.005168443712335464 , 53
1.6442758459176217 , 20 -22 -46 -9 -18 -41 , 30 5 -5 0 20 15 , -27 22 -30 3 10 -28 , 12 -41 41 0 -27 14 , 29 46 22 9 5 4 , -15 5 17 -11 -17 14 , -4 -17 -5 11 -3 -22 , -30 30 -22 -3 2 -12 , 39 36 -36 0 7 -29 , 0.0051684437123354701 , 54
1.6442758459176217 , 20 -22 -46 -9 -18 -41 , 30 5 -5 0 20 15 , 27 -22 30 -3 -10 28 , 12 -41 41 0 -27 14 , 29 46 22 9 5 4 , 15 -5 -17 11 17 -14 , 4 17 5 -11 3 22 , 30 -30 22 3 -2 12 , 39 36 -36 0 7 -29 , 0.0051684437123354701 , 55
1.6442758459176217 , 20 -22 -46 -9 -18 -41 , 30 5 -5 0 20 15 , -30 30 -12 -28 27 -22 , 12 -41 41 0 -27 14 , 29 46 22 9 5 4 , 17 4 -22 14 15 -5 , 3 22 -4 -14 17 11 , -2 12 -30 28 -10 -3 , 39 36 -36 0 7 -29 , 0.0051684437123354788 , 56
1.6442758459176217 , 20 -22 -46 -9 -18 -41 , 30 5 -5 0 20 15 , 30 -30 12 28 -27 22 , 12 -41 41 0 -27 14 , 29 46 22 9 5 4 , -17 -4 22 -14 -15 5 , -3 -22 4 14 -17 -11 , 2 -12 30 -28 10 3 , 39 36 -36 0 7 -29 , 0.0051684437123354788 , 57
1.6442758459176217 , 20 -22 -46 -9 -18 -41 , 12 -41 41 0 -27 14 , -15 -14 17 -4 -17 -5 , 30 5 -5 0 20 15 , 29 46 22 9 5 4 , -27 28 -10 -30 30 -22 , 3 10 -28 30 -12 2 , -11 -17 14 4 -22 -3 , 39 36 -36 0 7 -29 , 0.0051684437123354909 , 58
1.6442758459176217 , 20 -22 -46 -9 -18 -41 , 12 -41 41 0 -27 14 , 15 14 -17 4 17 5 , 30 5 -5 0 20 15 , 29 46 22 9 5 4 , 27 -28 10 30 -30 22 , -3 -10 28 -30 12 -2 , 11 17 -14 -4 22 3 , 39 36 -36 0 7 -29 , 0.0051684437123354909 , 59
1.6442758459176217 , 20 -22 -46 -9 -18 -41 , 30 5 -5 0 20 15 , -28 27 -22 2 -3 -10 , 12 -41 41 0 -27 14 , 29 46 22 9 5 4 , 14 15 -5 -3 11 17 , 17 5 -15 3 22 -4 , -30 22 -27 -2 12 -30 , 39 36 -36 0 7 -29 , 0.0051684437123355031 , 60
1.6442758459176217 , 20 -22 -46 -9 -18 -41 , 30 5 -5 0 20 15 , 28 -27 22 -2 3 10 , 12 -41 41 0 -27 14 , 29 46 22 9 5 4 , -14 -15 5 3 -11 -17 , -17 -5 15 -3 -22 4 , 30 -22 27 2 -12 30 , 39 36 -36 0 7 -29 , 0.0051684437123355031 , 61
1.6442758459176217 , 20 -22 -46 -9 -18 -41 , 30 5 -5 0 20 15 , 22 -30 30 10 -28 27 , 12 -41 41 0 -27 14 , 29 46 22 9 5 4 , 5 17 4 -17 14 15 , 22 -4 -17 17 11 -3 , 12 -30 30 -10 -3 2 , 39 36 -36 0 7 -29 , 0.0051684437123355343 , 62
1.6442758459176217 , 20 -22 -46 -9 -18 -41 , 30 5 -5 0 20 15 , -22 30 -30 -10 28 -27 , 12 -41 41 0 -27 14 , 29 46 22 9 5 4 , -5 -17 -4 17 -14 -15 , -22 4 17 -17 -11 3 , -12 30 -30 10 3 -2 , 39 36 -36 0 7 -29 , 0.0051684437123355343 , 63
1.6442758459176217 , 20 -22 -46 -9 -18 -41 , 12 -41 41 0 -27 14 , 5 -15 -14 22 -4 -17 , 30 5 -5 0 20 15 , 29 46 22 9 5 4 , 22 -27 28 12 -30 30 , 10 -28 27 -12 2 -3 , -17 14 15 -22 -3 11 , 39 36 -36 0 7 -29 , 0.0051684437123355378 , 64
1.6442758459176217 , 20 -22 -46 -9 -18 -41 , 12 -41 41 0 -27 14 , -5 15 14 -22 4 17 , 30 5 -5 0 20 15 , 29 46 22 9 5 4 , -22 27 -28 -12 30 -30 , -10 28 -27 12 -2 3 , 17 -14 -15 22 3 -11 , 39 36 -36 0 7 -29 , 0.0051684437123355378 , 65
1.6442758459176217 , 20 -22 -46 -9 -18 -41 , 12 -41 41 0 -27 14 , -17 -11 3 5 -15 -14 , 30 5 -5 0 20 15 , 29 46 22 9 5 4 , 10 3 -2 22 -27 28 , -12 2 -3 -22 30 -30 , -22 -3 11 -5 -17 -4 , 39 36 -36 0 7 -29 , 0.0051684437123355464 , 66
1.6442758459176217 , 20 -22 -46 -9 -18 -41 , 12 -41 41 0 -27 14 , 17 11 -3 -5 15 14 , 30 5 -5 0 20 15 , 29 46 22 9 5 4 , -10 -3 2 -22 27 -28 , 12 -2 3 22 -30 30 , 22 3 -11 5 17 4 , 39 36 -36 0 7 -29 , 0.0051684437123355464 , 67
1.6442758459176217 , 20 -22 -46 -9 -18 -41 , 12 -41 41 0 -27 14 , -11 3 22 -15 -14 17 , 30 5 -5 0 20 15 , 29 46 22 9 5 4 , 3 -2 12 -27 28 -10 , 30 -12 2 27 -22 30 , 4 -22 -3 15 -5 -17 , 39 36 -36 0 7 -29 , 0.0051684437123355551 , 68
1.6442758459176217 , 20 -22 -46 -9 -18 -41 , 12 -41 41 0 -27 14 , 11 -3 -22 15 14 -17 , 30 5 -5 0 20 15 , 29 46 22 9 5 4 , -3 2 -12 27 -28 10 , -30 12 -2 -27 22 -30 , -4 22 3 -15 5 17 , 39 36 -36 0 7 -29 , 0.0051684437123355551 , 69
1.6442758459176217 , 20 -22 -46 -9 -18 -41 , 30 5 -5 0 20 15 , 12 -2 3 22 -30 30 , 12 -41 41 0 -27 14 , 29 46 22 9 5 4 , 22 3 -11 5 17 4 , 17 11 -3 -5 15 14 , -10 -3 2 -22 27 -28 , 39 36 -36 0 7 -29 , 0.0051684437123355985 , 70
1.6442758459176217 , 20 -22 -46 -9 -18 -41 , 30 5 -5 0 20 15 , -12 2 -3 -22 30 -30 , 12 -41 41 0 -27 14 , 29 46 22 9 5 4 , -22 -3 11 -5 -17 -4 , -17 -11 3 5 -15 -14 , 10 3 -2 22 -27 28 , 39 36 -36 0 7 -29 , 0.0051684437123355985 , 71
1.6442758459176217 , -16 13 -14 -52 -33 -7 , 32 -21 21 0 0 21 , -16 8 14 -24 5 0 , 10 -15 15 0 -7 8 , 36 14 -13 52 7 -46 , -30 -1 3 -21 13 -34 , -9 -3 1 21 -37 14 , 8 -14 -8 24 -14 -3 , 39 36 -36 0 7 -29 , 0.0058267778248139159 , 72
1.6442758459176217 , -16 13 -14 -52 -33 -7 , 32 -21 21 0 0 21 , 16 -8 -14 24 -5 0 , 10 -15 15 0 -7 8 , 36 14 -13 52 7 -46 , 30 1 -3 21 -13 34 , 9 3 -1 -21 37 -14 , -8 14 8 -24 14 3 , 39 36 -36 0 7 -29 , 0.0058267778248139159 , 73
1.6442758459176217 , -16 13 -14 -52 -33 -7 , 32 -21 21 0 0 21 , 10 0 16 -6 -7 24 , 10 -15 15 0 -7 8 , 36 14 -13 52 7 -46 , 10 -31 39 -1 -29 22 , 11 -39 31 1 -17 2 , 16 -16 0 6 8 -7 , 39 36 -36 0 7 -29 , 0.0058267778248139428 , 74
1.6442758459176217 , -16 13 -14 -52 -33 -7 , 32 -21 21 0 0 21 , -10 0 -16 6 7 -24 , 10 -15 15 0 -7 8 , 36 14 -13 52 7 -46 , -10 31 -39 1 29 -22 , -11 39 -31 -1 17 -2 , -16 16 0 -6 -8 7 , 39 36 -36 0 7 -29 , 0.0058267778248139428 , 75
1.6442758459176217 , -16 13 -14 -52 -33 -7 , 10 -15 15 0 -7 8 , -37 14 9 -34 13 -21 , 32 -21 21 0 0 21 , 36 14 -13 52 7 -46 , -14 -3 -8 0 5 -24 , -14 8 3 0 -16 8 , -3 -9 -14 34 -30 -1 , 39 36 -36 0 7 -29 , 0.0058267778248139723 , 76
1.6442758459176217 , -16 13 -14 -52 -33 -7 , 10 -15 15 0 -7 8 , 37 -14 -9 34 -13 21 , 32 -21 21 0 0 21 , 36 14 -13 52 7 -46 , 14 3 8 0 -5 24 , 14 -8 -3 0 16 -8 , 3 9 14 -34 30 1 , 39 36 -36 0 7 -29 , 0.0058267778248139723 , 77
1.6442758459176217 , -16 13 -14 -52 -33 -7 , 10 -15 15 0 -7 8 , -17 2 -11 22 -29 -1 , 32 -21 21 0 0 21 , 36 14 -13 52 7 -46 , 8 -7 -16 24 -7 -6 , -16 16 7 -24 10 0 , -39 11 -2 -22 10 -31 , 39 36 -36 0 7 -29 , 0.0058267778248139871 , 78
1.6442758459176217 , -16 13 -14 -52 -33 -7 , 10 -15 15 0 -7 8 , 17 -2 11 -22 29 1 , 32 -21 21 0 0 21 , 36 14 -13 52 7 -46 , -8 7 16 -24 7 6 , 16 -16 -7 24 -10 0 , 39 -11 2 22 -10 31 , 39 36 -36 0 7 -29 , 0.0058267778248139871 , 79
1.6442758459176217 , -16 13 -14 -52 -33 -7 , 32 -21 21 0 0 21 , 0 16 -8 -14 24 -5 , 10 -15 15 0 -7 8 , 36 14 -13 52 7 -46 , -34 30 1 -37 21 -13 , 3 -1 -30 37 -14 -9 , 14 8 -16 14 3 8 , 39 36 -36 0 7 -29 , 0.0058267778248139992 , 80
1.6442758459176217 , -16 13 -14 -52 -33 -7 , 32 -21 21 0 0 21 , 0 -16 8 14 -24 5 , 10 -15 15 0 -7 8 , 36 14 -13 52 7 -46 , 34 -30 -1 37 -21 13 , -3 1 30 -37 14 9 , -14 -8 16 -14 -3 -8 , 39 36 -36 0 7 -29 , 0.0058267778248139992 , 81
1.6442758459176217 , -16 13 -14 -52 -33 -7 , 10 -15 15 0 -7 8 , -1 17 -2 10 -22 29 , 32 -21 21 0 0 21 , 36 14 -13 52 7 -46 , -6 -8 7 10 -24 7 , -16 -7 8 -10 0 -16 , -11 2 -17 -10 31 -39 , 39 36 -36 0 7 -29 , 0.0058267778248140001 , 82
1.6442758459176217 , -16 13 -14 -52 -33 -7 , 10 -15 15 0 -7 8 , 1 -17 2 -10 22 -29 , 32 -21 21 0 0 21 , 36 14 -13 52 7 -46 , 6 8 -7 -10 24 -7 , 16 7 -8 10 0 16 , 11 -2 17 10 -31 39 , 39 36 -36 0 7 -29 , 0.0058267778248140001 , 83
1.6442758459176217 , -16 13 -14 -52 -33 -7 , 10 -15 15 0 -7 8 , -21 37 -14 -30 34 -13 , 32 -21 21 0 0 21 , 36 14 -13 52 7 -46 , -24 14 3 -16 0 -5 , -8 -3 -14 16 -8 -14 , 9 14 -37 30 1 -3 , 39 36 -36 0 7 -29 , 0.0058267778248140148 , 84
1.6442758459176217 , -16 13 -14 -52 -33 -7 , 10 -15 15 0 -7 8 , 21 -37 14 30 -34 13 , 32 -21 21 0 0 21 , 36 14 -13 52 7 -46 , 24 -14 -3 16 0 5 , 8 3 14 -16 8 14 , -9 -14 37 -30 -1 3 , 39 36 -36 0 7 -29 , 0.0058267778248140148 , 85
1.6442758459176217 , -16 13 -14 -52 -33 -7 , 32 -21 21 0 0 21 , -24 10 0 -8 -6 -7 , 10 -15 15 0 -7 8 , 36 14 -13 52 7 -46 , -22 10 -31 17 -1 -29 , -39 31 -10 -17 2 -11 , -16 0 -10 8 -7 -16 , 39 36 -36 0 7 -29 , 0.0058267778248140304 , 86
1.6442758459176217 , -16 13 -14 -52 -33 -7 , 32 -21 21 0 0 21 , 24 -10 0 8 6 7 , 10 -15 15 0 -7 8 , 36 14 -13 52 7 -46 , 22 -10 31 -17 1 29 , 39 -31 10 17 -2 11 , 16 0 10 -8 7 16 , 39 36 -36 0 7 -29 , 0.0058267778248140304 , 87
1.6442758459176217 , -16 13 -14 -52 -33 -7 , 10 -15 15 0 -7 8 , -34 13 -21 3 -1 -30 , 32 -21 21 0 0 21 , 36 14 -13 52 7 -46 , 0 5 -24 14 8 -16 , -14 24 -5 -14 8 3 , -37 21 -13 -3 -9 -14 , 39 36 -36 0 7 -29 , 0.00582677782481404 , 88
1.6442758459176217 , -16 13 -14 -52 -33 -7 , 10 -15 15 0 -7 8 , 34 -13 21 -3 1 30 , 32 -21 21 0 0 21 , 36 14 -13 52 7 -46 , 0 -5 24 -14 -8 16 , 14 -24 5 14 -8 -3 , 37 -21 13 3 9 14 , 39 36 -36 0 7 -29 , 0.00582677782481404 , 89
1.6442758459176217 , -16 13 -14 -52 -33 -7 , 10 -15 15 0 -7 8 , 10 -22 29 11 -39 31 , 32 -21 21 0 0 21 , 36 14 -13 52 7 -46 , 10 -24 7 16 -16 0 , -6 -7 24 -16 -7 8 , -1 -29 22 -11 2 -17 , 39 36 -36 0 7 -29 , 0.0058267778248140487 , 90
1.6442758459176217 , -16 13 -14 -52 -33 -7 , 10 -15 15 0 -7 8 , -10 22 -29 -11 39 -31 , 32 -21 21 0 0 21 , 36 14 -13 52 7 -46 , -10 24 -7 -16 16 0 , 6 7 -24 16 7 -8 , 1 29 -22 11 -2 17 , 39 36 -36 0 7 -29 , 0.0058267778248140487 , 91
1.6442758459176217 , -16 13 -14 -52 -33 -7 , 10 -15 15 0 -7 8 , -29 -1 17 -31 10 -22 , 32 -21 21 0 0 21 , 36 14 -13 52 7 -46 , -7 -6 -8 0 10 -24 , -7 8 6 0 -16 16 , 2 -17 1 31 -39 11 , 39 36 -36 0 7 -29 , 0.0058267778248140643 , 92
1.6442758459176217 , -16 13 -14 -52 -33 -7 , 10 -15 15 0 -7 8 , 2 -11 39 -29 -1 17 , 32 -21 21 0 0 21 , 36 14 -13 52 7 -46 , -7 -16 16 -7 -6 -8 , 0 -16 16 7 -24 10 , 31 -39 11 29 -22 10 , 39 36 -36 0 7 -29 , 0.0058267778248140643 , 93
1.6442758459176217 , -16 13 -14 -52 -33 -7 , 10 -15 15 0 -7 8 , -2 11 -39 29 1 -17 , 32 -21 21 0 0 21 , 36 14 -13 52 7 -46 , 7 16 -16 7 6 8 , 0 16 -16 -7 24 -10 , -31 39 -11 -29 22 -10 , 39 36 -36 0 7 -29 , 0.0058267778248140643 , 94
1.6442758459176217 , -16 13 -14 -52 -33 -7 , 10 -15 15 0 -7 8 , 29 1 -17 31 -10 22 , 32 -21 21 0 0 21 , 36 14 -13 52 7 -46 , 7 6 8 0 -10 24 , 7 -8 -6 0 16 -16 , -2 17 -1 -31 39 -11 , 39 36 -36 0 7 -29 , 0.0058267778248140643 , 95
1.6442758459176217 , -16 13 -14 -52 -33 -7 , 32 -21 21 0 0 21 , 16 -16 -7 24 -10 0 , 10 -15 15 0 -7 8 , 36 14 -13 52 7 -46 , 39 -11 2 22 -10 31 , 17 -2 11 -22 29 1 , -8 7 16 -24 7 6 , 39 36 -36 0 7 -29 , 0.005826777824814105 , 96
1.6442758459176217 , -16 13 -14 -52 -33 -7 , 32 -21 21 0 0 21 , -16 16 7 -24 10 0 , 10 -15 15 0 -7 8 , 36 14 -13 52 7 -46 , -39 11 -2 -22 10 -31 , -17 2 -11 22 -29 -1 , 8 -7 -16 24 -7 -6 , 39 36 -36 0 7 -29 , 0.005826777824814105 , 97
1.6442758459176217 , -16 13 -14 -52 -33 -7 , 32 -21 21 0 0 21 , -8 -3 -14 16 -8 -14 , 10 -15 15 0 -7 8 , 36 14 -13 52 7 -46 , 9 14 -37 30 1 -3 , -21 37 -14 -30 34 -13 , -24 14 3 -16 0 -5 , 39 36 -36 0 7 -29 , 0.0058267778248141215 , 98
1.6442758459176217 , -16 13 -14 -52 -33 -7 , 32 -21 21 0 0 21 , 8 3 14 -16 8 14 , 10 -15 15 0 -7 8 , 36 14 -13 52 7 -46 , -9 -14 37 -30 -1 3 , 21 -37 14 30 -34 13 , 24 -14 -3 16 0 5 , 39 36 -36 0 7 -29 , 0.0058267778248141215 , 99
1.730268877419258 , 35 -14 -45 -12 -13 -19 , 41 -17 17 0 8 25 , -7 -6 17 -12 -5 2 , 1 -19 19 0 -15 4 , 47 45 14 12 26 1 , 23 11 -27 31 -5 17 , -8 27 -11 -31 44 -16 , 5 -17 6 12 -15 1 , 39 36 -36 0 7 -29 , 0.0051502276933064152 , 0
1.730268877419258 , 35 -14 -45 -12 -13 -19 , 41 -17 17 0 8 25 , 7 6 -17 12 5 -2 , 1 -19 19 0 -15 4 , 47 45 14 12 26 1 , -23 -11 27 -31 5 -17 , 8 -27 11 31 -44 16 , -5 17 -6 -12 15 -1 , 39 36 -36 0 7 -29 , 0.0051502276933064152 , 1
1.730268877419258 , 35 -14 -45 -12 -13 -19 , 1 -19 19 0 -15 4 , -31 44 -16 -23 17 -5 , 41 -17 17 0 8 25 , 47 45 14 12 26 1 , 12 -15 1 7 2 -5 , 5 -1 15 -7 -6 17 , -8 16 -44 23 11 -27 , 39 36 -36 0 7 -29 , 0.0051502276933064793 , 2
1.730268877419258 , 35 -14 -45 -12 -13 -19 , 1 -19 19 0 -15 4 , 16 -8 27 5 -31 44 , 41 -17 17 0 8 25 , 47 45 14 12 26 1 , -1 5 -17 5 12 -15 , -6 17 -5 -5 2 7 , 11 -27 8 -5 17 -23 , 39 36 -36 0 7 -29 , 0.0051502276933064793 , 3
1.730268877419258 , 35 -14 -45 -12 -13 -19 , 1 -19 19 0 -15 4 , -16 8 -27 -5 31 -44 , 41 -17 17 0 8 25 , 47 45 14 12 26 1 , 1 -5 17 -5 -12 15 , 6 -17 5 5 -2 -7 , -11 27 -8 5 -17 23 , 39 36 -36 0 7 -29 , 0.0051502276933064793 , 4
1.730268877419258 , 35 -14 -45 -12 -13 -19 , 1 -19 19 0 -15 4 , 31 -44 16 23 -17 5 , 41 -17 17 0 8 25 , 47 45 14 12 26 1 , -12 15 -1 -7 -2 5 , -5 1 -15 7 6 -17 , 8 -16 44 -23 -11 27 , 39 36 -36 0 7 -29 , 0.0051502276933064793 , 5
1.730268877419258 , 35 -14 -45 -12 -13 -19 , 41 -17 17 0 8 25 , 5 -2 -7 -1 15 -12 , 1 -19 19 0 -15 4 , 47 45 14 12 26 1 , 5 -17 23 16 -44 31 , -11 -23 17 -16 8 -27 , 6 7 2 1 -5 17 , 39 36 -36 0 7 -29 , 0.0051502276933064793 , 6
1.730268877419258 , 35 -14 -45 -12 -13 -19 , 41 -17 17 0 8 25 , -5 2 7 1 -15 12 , 1 -19 19 0 -15 4 , 47 45 14 12 26 1 , -5 17 -23 -16 44 -31 , 11 23 -17 16 -8 27 , -6 -7 -2 -1 5 -17 , 39 36 -36 0 7 -29 , 0.0051502276933064793 , 7
1.730268877419258 , 35 -14 -45 -12 -13 -19 , 41 -17 17 0 8 25 , -17 5 -1 -2 -7 -6 , 1 -19 19 0 -15 4 , 47 45 14 12 26 1 , 27 -8 16 -17 23 11 , 44 -16 8 17 -5 31 , -15 1 -5 2 -5 -12 , 39 36 -36 0 7 -29 , 0.0051502276933065002 , 8
1.730268877419258 , 35 -14 -45 -12 -13 -19 , 41 -17 17 0 8 25 , 17 -5 1 2 7 6 , 1 -19 19 0 -15 4 , 47 45 14 12 26 1 , -27 8 -16 17 -23 -11 , -44 16 -8 -17 5 -31 , 15 -1 5 -2 5 12 , 39 36 -36 0 7 -29 , 0.0051502276933065002 , 9
1.730268877419258 , 35 -14 -45 -12 -13 -19 , 41 -17 17 0 8 25 , -2 -7 -6 15 -12 -5 , 1 -19 19 0 -15 4 , 47 45 14 12 26 1 , -17 23 11 -44 31 -5 , 27 -11 -23 44 -16 8 , -17 6 7 -15 1 -5 , 39 36 -36 0 7 -29 , 0.005150227693306501 , 10
1.730268877419258 , 35 -14 -45 -12 -13 -19 , 41 -17 17 0 8 25 , 2 7 6 -15 12 5 , 1 -19 19 0 -15 4 , 47 45 14 12 26 1 , 17 -23 -11 44 -31 5 , -27 11 23 -44 16 -8 , 17 -6 -7 15 -1 5 , 39 36 -36 0 7 -29 , 0.005150227693306501 , 11
1.730268877419258 , 35 -14 -45 -12 -13 -19 , 1 -19 19 0 -15 4 , -44 16 -8 -17 5 -31 , 41 -17 17 0 8 25 , 47 45 14 12 26 1 , 15 -1 5 -2 5 12 , 17 -5 1 2 7 6 , -27 8 -16 17 -23 -11 , 39 36 -36 0 7 -29 , 0.0051502276933065227 , 12
1.730268877419258 , 35 -14 -45 -12 -13 -19 , 1 -19 19 0 -15 4 , 44 -16 8 17 -5 31 , 41 -17 17 0 8 25 , 47 45 14 12 26 1 , -15 1 -5 2 -5 -12 , -17 5 -1 -2 -7 -6 , 27 -8 16 -17 23 11 , 39 36 -36 0 7 -29 , 0.0051502276933065227 , 13
1.730268877419258 , 35 -14 -45 -12 -13 -19 , 1 -19 19 0 -15 4 , 5 -31 44 -11 -23 17 , 41 -17 17 0 8 25 , 47 45 14 12 26 1 , 5 12 -15 6 7 2 , -1 15 -12 -6 17 -5 , 16 -44 31 11 -27 8 , 39 36 -36 0 7 -29 , 0.0051502276933065435 , 14
1.730268877419258 , 35 -14 -45 -12 -13 -19 , 1 -19 19 0 -15 4 , 11 23 -17 16 -8 27 , 41 -17 17 0 8 25 , 47 45 14 12 26 1 , -6 -7 -2 -1 5 -17 , -5 2 7 1 -15 12 , -5 17 -23 -16 44 -31 , 39 36 -36 0 7 -29 , 0.0051502276933065435 , 15
1.730268877419258 , 35 -14 -45 -12 -13 -19 , 1 -19 19 0 -15 4 , -11 -23 17 -16 8 -27 , 41 -17 17 0 8 25 , 47 45 14 12 26 1 , 6 7 2 1 -5 17 , 5 -2 -7 -1 15 -12 , 5 -17 23 16 -44 31 , 39 36 -36 0 7 -29 , 0.0051502276933065435 , 16
1.730268877419258 , 35 -14 -45 -12 -13 -19 , 1 -19 19 0 -15 4 , -5 31 -44 11 23 -17 , 41 -17 17 0 8 25 , 47 45 14 12 26 1 , -5 -12 15 -6 -7 -2 , 1 -15 12 6 -17 5 , -16 44 -31 -11 27 -8 , 39 36 -36 0 7 -29 , 0.0051502276933065435 , 17
1.730268877419258 , 35 -14 -45 -12 -13 -19 , 1 -19 19 0 -15 4 , -17 5 -31 27 -11 -23 , 41 -17 17 0 8 25 , 47 45 14 12 26 1 , -2 5 12 -17 6 7 , 15 -12 -5 17 -5 1 , -44 31 -5 -27 8 -16 , 39 36 -36 0 7 -29 , 0.0051502276933065652 , 18
1.730268877419258 , 35 -14 -45 -12 -13 -19 , 1 -19 19 0 -15 4 , 17 -5 31 -27 11 23 , 41 -17 17 0 8 25 , 47 45 14 12 26 1 , 2 -5 -12 17 -6 -7 , -15 12 5 -17 5 -1 , 44 -31 5 27 -8 16 , 39 36 -36 0 7 -29 , 0.0051502276933065652 , 19
1.730268877419258 , 35 -14 -45 -12 -13 -19 , 41 -17 17 0 8 25 , -1 15 -12 -6 17 -5 , 1 -19 19 0 -15 4 , 47 45 14 12 26 1 , 16 -44 31 11 -27 8 , 5 -31 44 -11 -23 17 , 5 12 -15 6 7 2 , 39 36 -36 0 7 -29 , 0.0051502276933065652 , 20
1.730268877419258 , 35 -14 -45 -12 -13 -19 , 41 -17 17 0 8 25 , 1 -15 12 6 -17 5 , 1 -19 19 0 -15 4 , 47 45 14 12 26 1 , -16 44 -31 -11 27 -8 , -5 31 -44 11 23 -17 , -5 -12 15 -6 -7 -2 , 39 36 -36 0 7 -29 , 0.0051502276933065652 , 21
1.730268877419258 , 35 -14 -45 -12 -13 -19 , 41 -17 17 0 8 25 , -15 12 5 -17 5 -1 , 1 -19 19 0 -15 4 , 47 45 14 12 26 1 , 44 -31 5 27 -8 16 , 17 -5 31 -27 11 23 , 2 -5 -12 17 -6 -7 , 39 36 -36 0 7 -29 , 0.0051502276933065869 , 22
1.730268877419258 , 35 -14 -45 -12 -13 -19 , 41 -17 17 0 8 25 , 6 -17 5 5 -2 -7 , 1 -19 19 0 -15 4 , 47 45 14 12 26 1 , -11 27 -8 5 -17 23 , -16 8 -27 -5 31 -44 , 1 -5 17 -5 -12 15 , 39 36 -36 0 7 -29 , 0.0051502276933065869 , 23
1.730268877419258 , 35 -14 -45 -12 -13 -19 , 41 -17 17 0 8 25 , -6 17 -5 -5 2 7 , 1 -19 19 0 -15 4 , 47 45 14 12 26 1 , 11 -27 8 -5 17 -23 , 16 -8 27 5 -31 44 , -1 5 -17 5 12 -15 , 39 36 -36 0 7 -29 , 0.0051502276933065869 , 24
1.730268877419258 , 35 -14 -45 -12 -13 -19 , 41 -17 17 0 8 25 , 15 -12 -5 17 -5 1 , 1 -19 19 0 -15 4 , 47 45 14 12 26 1 , -44 31 -5 -27 8 -16 , -17 5 -31 27 -11 -23 , -2 5 12 -17 6 7 , 39 36 -36 0 7 -29 , 0.0051502276933065869 , 25
1.730268877419258 , 35 -14 -45 -12 -13 -19 , 1 -19 19 0 -15 4 , -27 11 23 -44 16 -8 , 41 -17 17 0 8 25 , 47 45 14 12 26 1 , 17 -6 -7 15 -1 5 , 2 7 6 -15 12 5 , 17 -23 -11 44 -31 5 , 39 36 -36 0 7 -29 , 0.0051502276933066086 , 26
1.730268877419258 , 35 -14 -45 -12 -13 -19 , 1 -19 19 0 -15 4 , 27 -11 -23 44 -16 8 , 41 -17 17 0 8 25 , 47 45 14 12 26 1 , -17 6 7 -15 1 -5 , -2 -7 -6 15 -12 -5 , -17 23 11 -44 31 -5 , 39 36 -36 0 7 -29 , 0.0051502276933066086 , 27
1.730268877419258 , 35 -14 -45 -12 -13 -19 , 41 -17 17 0 8 25 , 12 5 -2 5 -1 15 , 1 -19 19 0 -15 4 , 47 45 14 12 26 1 , -31 5 -17 -8 16 -44 , -23 17 -5 8 -27 11 , 7 2 -5 -5 17 -6 , 39 36 -36 0 7 -29 , 0.0051502276933066086 , 28
1.730268877419258 , 35 -14 -45 -12 -13 -19 , 41 -17 17 0 8 25 , -12 -5 2 -5 1 -15 , 1 -19 19 0 -15 4 , 47 45 14 12 26 1 , 31 -5 17 8 -16 44 , 23 -17 5 -8 27 -11 , -7 -2 5 5 -17 6 , 39 36 -36 0 7 -29 , 0.0051502276933066086 , 29
1.730268877419258 , 35 -14 -45 -12 -13 -19 , 1 -19 19 0 -15 4 , -23 17 -5 8 -27 11 , 41 -17 17 0 8 25 , 47 45 14 12 26 1 , 7 2 -5 -5 17 -6 , 12 5 -2 5 -1 15 , -31 5 -17 -8 16 -44 , 39 36 -36 0 7 -29 , 0.0051502276933066294 , 30
1.730268877419258 , 35 -14 -45 -12 -13 -19 , 1 -19 19 0 -15 4 , 23 -17 5 -8 27 -11 , 41 -17 17 0 8 25 , 47 45 14 12 26 1 , -7 -2 5 5 -17 6 , -12 -5 2 -5 1 -15 , 31 -5 17 8 -16 44 , 39 36 -36 0 7 -29 , 0.0051502276933066294 , 31
1.730268877419258 , 35 -14 -45 -12 -13 -19 , 41 -17 17 0 8 25 , 5 -1 15 -7 -6 17 , 1 -19 19 0 -15 4 , 47 45 14 12 26 1 , -8 16 -44 23 11 -27 , -31 44 -16 -23 17 -5 , 12 -15 1 7 2 -5 , 39 36 -36 0 7 -29 , 0.0051502276933066303 , 32
1.730268877419258 , 35 -14 -45 -12 -13 -19 , 41 -17 17 0 8 25 , -5 1 -15 7 6 -17 , 1 -19 19 0 -15 4 , 47 45 14 12 26 1 , 8 -16 44 -23 -11 27 , 31 -44 16 23 -17 5 , -12 15 -1 -7 -2 5 , 39 36 -36 0 7 -29 , 0.0051502276933066303 , 33
1.730268877419258 , 35 -14 -45 -12 -13 -19 , 1 -19 19 0 -15 4 , -8 27 -11 -31 44 -16 , 41 -17 17 0 8 25 , 47 45 14 12 26 1 , 5 -17 6 12 -15 1 , -7 -6 17 -12 -5 2 , 23 11 -27 31 -5 17 , 39 36 -36 0 7 -29 , 0.0051502276933066511 , 34
1.730268877419258 , 35 -14 -45 -12 -13 -19 , 1 -19 19 0 -15 4 , 8 -27 11 31 -44 16 , 41 -17 17 0 8 25 , 47 45 14 12 26 1 , -5 17 -6 -12 15 -1 , 7 6 -17 12 5 -2 , -23 -11 27 -31 5 -17 , 39 36 -36 0 7 -29 , 0.0051502276933066511 , 35
1.730268877419258 , 10 -22 -19 -33 -25 -24 , 50 -8 8 0 20 28 , -9 0 3 2 -12 2 , 12 35 -35 0 35 0 , 43 19 22 33 -5 -3 , 26 -22 15 1 4 8 , 25 -15 22 -1 -7 26 , -11 -3 0 -2 -1 -12 , 19 -27 27 0 -55 -28 , 0.0052848457173918072 , 36
1.730268877419258 , 10 -22 -19 -33 -25 -24 , 50 -8 8 0 20 28 , 9 0 -3 -2 12 -2 , 12 35 -35 0 35 0 , 43 19 22 33 -5 -3 , -26 22 -15 -1 -4 -8 , -25 15 -22 1 7 -26 , 11 3 0 2 1 12 , 19 -27 27 0 -55 -28 , 0.0052848457173918072 , 37
1.730268877419258 , 10 -22 -19 -33 -25 -24 , 50 -8 8 0 20 28 , -11 12 1 -9 0 3 , 12 35 -35 0 35 0 , 43 19 22 33 -5 -3 , 25 -26 7 26 -22 15 , -1 -7 26 -26 8 4 , -2 -1 -12 9 2 -12 , 19 -27 27 0 -55 -28 , 0.0052848457173918428 , 38
1.730268877419258 , 10 -22 -19 -33 -25 -24 , 50 -8 8 0 20 28 , 11 -12 -1 9 0 -3 , 12 35 -35 0 35 0 , 43 19 22 33 -5 -3 , -25 26 -7 -26 22 -15 , 1 7 -26 26 -8 -4 , 2 1 12 -9 -2 12 , 19 -27 27 0 -55 -28 , 0.0052848457173918428 , 39
1.730268877419258 , 10 -22 -19 -33 -25 -24 , 50 -8 8 0 20 28 , 1 2 -12 3 11 -12 , 12 35 -35 0 35 0 , 43 19 22 33 -5 -3 , 7 1 4 15 -25 26 , -8 -4 -1 -15 22 -26 , -2 12 -2 -3 0 9 , 19 -27 27 0 -55 -28 , 0.0052848457173918584 , 40
1.730268877419258 , 10 -22 -19 -33 -25 -24 , 50 -8 8 0 20 28 , -1 -2 12 -3 -11 12 , 12 35 -35 0 35 0 , 43 19 22 33 -5 -3 , -7 -1 -4 -15 25 -26 , 8 4 1 15 -22 26 , 2 -12 2 3 0 -9 , 19 -27 27 0 -55 -28 , 0.0052848457173918584 , 41
1.730268877419258 , 10 -22 -19 -33 -25 -24 , 12 35 -35 0 35 0 , -26 8 4 -25 15 -22 , 50 -8 8 0 20 28 , 43 19 22 33 -5 -3 , 9 2 -12 11 3 0 , -2 12 -2 -11 12 1 , -1 -4 -8 25 -26 7 , 19 -27 27 0 -55 -28 , 0.0052848457173918931 , 42
1.730268877419258 , 10 -22 -19 -33 -25 -24 , 12 35 -35 0 35 0 , 26 -8 -4 25 -15 22 , 50 -8 8 0 20 28 , 43 19 22 33 -5 -3 , -9 -2 12 -11 -3 0 , 2 -12 2 11 -12 -1 , 1 4 8 -25 26 -7 , 19 -27 27 0 -55 -28 , 0.0052848457173918931 , 43
1.730268877419258 , 10 -22 -19 -33 -25 -24 , 50 -8 8 0 20 28 , -2 -9 0 1 2 -12 , 12 35 -35 0 35 0 , 43 19 22 33 -5 -3 , -8 26 -22 7 1 4 , -15 22 -26 -7 26 -25 , -3 0 9 -1 -12 11 , 19 -27 27 0 -55 -28 , 0.0052848457173919443 , 44
1.730268877419258 , 10 -22 -19 -33 -25 -24 , 50 -8 8 0 20 28 , 2 9 0 -1 -2 12 , 12 35 -35 0 35 0 , 43 19 22 33 -5 -3 , 8 -26 22 -7 -1 -4 , 15 -22 26 7 -26 25 , 3 0 -9 1 12 -11 , 19 -27 27 0 -55 -28 , 0.0052848457173919443 , 45
1.730268877419258 , 10 -22 -19 -33 -25 -24 , 12 35 -35 0 35 0 , -4 -1 -7 22 -26 8 , 50 -8 8 0 20 28 , 43 19 22 33 -5 -3 , 12 -2 -1 0 9 2 , 12 1 2 0 3 11 , -26 7 1 -22 15 -25 , 19 -27 27 0 -55 -28 , 0.0052848457173919798 , 46
1.730268877419258 , 10 -22 -19 -33 -25 -24 , 12 35 -35 0 35 0 , 4 1 7 -22 26 -8 , 50 -8 8 0 20 28 , 43 19 22 33 -5 -3 , -12 2 1 0 -9 -2 , -12 -1 -2 0 -3 -11 , 26 -7 -1 22 -15 25 , 19 -27 27 0 -55 -28 , 0.0052848457173919798 , 47
1.730268877419258 , 10 -22 -19 -33 -25 -24 , 50 -8 8 0 20 28 , 0 3 11 -12 2 9 , 12 35 -35 0 35 0 , 43 19 22 33 -5 -3 , -22 15 -25 4 8 -26 , -26 25 -15 -4 -1 -7 , 12 -11 -3 12 -2 -1 , 19 -27 27 0 -55 -28 , 0.0052848457173919842 , 48
1.730268877419258 , 10 -22 -19 -33 -25 -24 , 50 -8 8 0 20 28 , 0 -3 -11 12 -2 -9 , 12 35 -35 0 35 0 , 43 19 22 33 -5 -3 , 22 -15 25 -4 -8 26 , 26 -25 15 4 1 7 , -12 11 3 -12 2 1 , 19 -27 27 0 -55 -28 , 0.0052848457173919842 , 49
1.730268877419258 , 10 -22 -19 -33 -25 -24 , 12 35 -35 0 35 0 , -15 22 -26 -7 26 -25 , 50 -8 8 0 20 28 , 43 19 22 33 -5 -3 , -3 0 9 -1 -12 11 , -2 -9 0 1 2 -12 , -8 26 -22 7 1 4 , 19 -27 27 0 -55 -28 , 0.0052848457173920024 , 50
1.730268877419258 , 10 -22 -19 -33 -25 -24 , 12 35 -35 0 35 0 , 15 -22 26 7 -26 25 , 50 -8 8 0 20 28 , 43 19 22 33 -5 -3 , 3 0 -9 1 12 -11 , 2 9 0 -1 -2 12 , 8 -26 22 -7 -1 -4 , 19 -27 27 0 -55 -28 , 0.0052848457173920024 , 51
1.730268877419258 , 10 -22 -19 -33 -25 -24 , 12 35 -35 0 35 0 , -1 -7 26 -26 8 4 , 50 -8 8 0 20 28 , 43 19 22 33 -5 -3 , -2 -1 -12 9 2 -12 , -11 12 1 -9 0 3 , 25 -26 7 26 -22 15 , 19 -27 27 0 -55 -28 , 0.005284845717392005 , 52
1.730268877419258 , 10 -22 -19 -33 -25 -24 , 12 35 -35 0 35 0 , 1 7 -26 26 -8 -4 , 50 -8 8 0 20 28 , 43 19 22 33 -5 -3 , 2 1 12 -9 -2 12 , 11 -12 -1 9 0 -3 , -25 26 -7 -26 22 -15 , 19 -27 27 0 -55 -28 , 0.005284845717392005 , 53
1.730268877419258 , 10 -22 -19 -33 -25 -24 , 50 -8 8 0 20 28 , -12 2 9 -12 -1 -2 , 12 35 -35 0 35 0 , 43 19 22 33 -5 -3 , 4 8 -26 26 -7 -1 , -22 26 -8 -26 25 -15 , 0 -9 -2 12 -11 -3 , 19 -27 27 0 -55 -28 , 0.005284845717392005 , 54
1.730268877419258 , 10 -22 -19 -33 -25 -24 , 50 -8 8 0 20 28 , 12 -2 -9 12 1 2 , 12 35 -35 0 35 0 , 43 19 22 33 -5 -3 , -4 -8 26 -26 7 1 , 22 -26 8 26 -25 15 , 0 9 2 -12 11 3 , 19 -27 27 0 -55 -28 , 0.005284845717392005 , 55
1.730268877419258 , 10 -22 -19 -33 -25 -24 , 12 35 -35 0 35 0 , -22 26 -8 -26 25 -15 , 50 -8 8 0 20 28 , 43 19 22 33 -5 -3 , 0 -9 -2 12 -11 -3 , -12 2 9 -12 -1 -2 , 4 8 -26 26 -7 -1 , 19 -27 27 0 -55 -28 , 0.0052848457173920154 , 56
1.730268877419258 , 10 -22 -19 -33 -25 -24 , 12 35 -35 0 35 0 , 22 -26 8 26 -25 15 , 50 -8 8 0 20 28 , 43 19 22 33 -5 -3 , 0 9 2 -12 11 3 , 12 -2 -9 12 1 2 , -4 -8 26 -26 7 1 , 19 -27 27 0 -55 -28 , 0.0052848457173920154 , 57
1.730268877419258 , 10 -22 -19 -33 -25 -24 , 50 -8 8 0 20 28 , 12 1 2 0 3 11 , 12 35 -35 0 35 0 , 43 19 22 33 -5 -3 , -26 7 1 -22 15 -25 , -4 -1 -7 22 -26 8 , 12 -2 -1 0 9 2 , 19 -27 27 0 -55 -28 , 0.0052848457173920345 , 58
1.730268877419258 , 10 -22 -19 -33 -25 -24 , 50 -8 8 0 20 28 , -12 -1 -2 0 -3 -11 , 12 35 -35 0 35 0 , 43 19 22 33 -5 -3 , 26 -7 -1 22 -15 25 , 4 1 7 -22 26 -8 , -12 2 1 0 -9 -2 , 19 -27 27 0 -55 -28 , 0.0052848457173920345 , 59
1.730268877419258 , 10 -22 -19 -33 -25 -24 , 12 35 -35 0 35 0 , -7 26 -25 8 4 1 , 50 -8 8 0 20 28 , 43 19 22 33 -5 -3 , -1 -12 11 2 -12 2 , -3 -11 12 -2 -9 0 , -15 25 -26 -8 26 -22 , 19 -27 27 0 -55 -28 , 0.0052848457173920449 , 60
1.730268877419258 , 10 -22 -19 -33 -25 -24 , 12 35 -35 0 35 0 , 7 -26 25 -8 -4 -1 , 50 -8 8 0 20 28 , 43 19 22 33 -5 -3 , 1 12 -11 -2 12 -2 , 3 11 -12 2 9 0 , 15 -25 26 8 -26 22 , 19 -27 27 0 -55 -28 , 0.0052848457173920449 , 61
1.730268877419258 , 10 -22 -19 -33 -25 -24 , 50 -8 8 0 20 28 , 2 -12 2 11 -12 -1 , 12 35 -35 0 35 0 , 43 19 22 33 -5 -3 , 1 4 8 -25 26 -7 , 26 -8 -4 25 -15 22 , -9 -2 12 -11 -3 0 , 19 -27 27 0 -55 -28 , 0.0052848457173920857 , 62
1.730268877419258 , 10 -22 -19 -33 -25 -24 , 50 -8 8 0 20 28 , -2 12 -2 -11 12 1 , 12 35 -35 0 35 0 , 43 19 22 33 -5 -3 , -1 -4 -8 25 -26 7 , -26 8 4 -25 15 -22 , 9 2 -12 11 3 0 , 19 -27 27 0 -55 -28 , 0.0052848457173920857 , 63
1.730268877419258 , 10 -22 -19 -33 -25 -24 , 12 35 -35 0 35 0 , -25 15 -22 1 7 -26 , 50 -8 8 0 20 28 , 43 19 22 33 -5 -3 , 11 3 0 2 1 12 , 9 0 -3 -2 12 -2 , -26 22 -15 -1 -4 -8 , 19 -27 27 0 -55 -28 , 0.0052848457173921178 , 64
1.730268877419258 , 10 -22 -19 -33 -25 -24 , 12 35 -35 0 35 0 , 25 -15 22 -1 -7 26 , 50 -8 8 0 20 28 , 43 19 22 33 -5 -3 , -11 -3 0 -2 -1 -12 , -9 0 3 2 -12 2 , 26 -22 15 1 4 8 , 19 -27 27 0 -55 -28 , 0.0052848457173921178 , 65
1.730268877419258 , 10 -22 -19 -33 -25 -24 , 12 35 -35 0 35 0 , -8 -4 -1 -15 22 -26 , 50 -8 8 0 20 28 , 43 19 22 33 -5 -3 , -2 12 -2 -3 0 9 , 1 2 -12 3 11 -12 , 7 1 4 15 -25 26 , 19 -27 27 0 -55 -28 , 0.0052848457173923398 , 66
1.730268877419258 , 10 -22 -19 -33 -25 -24 , 12 35 -35 0 35 0 , 8 4 1 15 -22 26 , 50 -8 8 0 20 28 , 43 19 22 33 -5 -3 , 2 -12 2 3 0 -9 , -1 -2 12 -3 -11 12 , -7 -1 -4 -15 25 -26 , 19 -27 27 0 -55 -28 , 0.0052848457173923398 , 67
1.730268877419258 , 10 -22 -19 -33 -25 -24 , 12 35 -35 0 35 0 , -26 25 -15 -4 -1 -7 , 50 -8 8 0 20 28 , 43 19 22 33 -5 -3 , 12 -11 -3 12 -2 -1 , 0 3 11 -12 2 9 , -22 15 -25 4 8 -26 , 19 -27 27 0 -55 -28 , 0.0052848457173924326 , 68
1.730268877419258 , 10 -22 -19 -33 -25 -24 , 12 35 -35 0 35 0 , 26 -25 15 4 1 7 , 50 -8 8 0 20 28 , 43 19 22 33 -5 -3 , -12 11 3 -12 2 1 , 0 -3 -11 12 -2 -9 , 22 -15 25 -4 -8 26 , 19 -27 27 0 -55 -28 , 0.0052848457173924326 , 69
1.730268877419258 , 10 -22 -19 -33 -25 -24 , 50 -8 8 0 20 28 , 3 11 -12 2 9 0 , 12 35 -35 0 35 0 , 43 19 22 33 -5 -3 , 15 -25 26 8 -26 22 , 7 -26 25 -8 -4 -1 , 1 12 -11 -2 12 -2 , 19 -27 27 0 -55 -28 , 0.0052848457173924838 , 70
1.730268877419258 , 10 -22 -19 -33 -25 -24 , 50 -8 8 0 20 28 , -3 -11 12 -2 -9 0 , 12 35 -35 0 35 0 , 43 19 22 33 -5 -3 , -15 25 -26 -8 26 -22 , -7 26 -25 8 4 1 , -1 -12 11 2 -12 2 , 19 -27 27 0 -55 -28 , 0.0052848457173924838 , 71
1.730268877419258 , 15 2 -15 -47 -19 3 , 26 -6 6 0 9 15 , -11 12 -32 21 -1 -18 , 16 -30 30 0 -16 14 , 62 15 -2 47 18 -21 , 21 1 12 -9 8 22 , 30 -12 -1 9 10 7 , -32 32 -12 -21 14 -13 , 39 36 -36 0 7 -29 , 0.0055258102063858051 , 72
1.730268877419258 , 15 2 -15 -47 -19 3 , 26 -6 6 0 9 15 , 11 -12 32 -21 1 18 , 16 -30 30 0 -16 14 , 62 15 -2 47 18 -21 , -21 -1 -12 9 -8 -22 , -30 12 1 -9 -10 -7 , 32 -32 12 21 -14 13 , 39 36 -36 0 7 -29 , 0.0055258102063858051 , 73
1.730268877419258 , 15 2 -15 -47 -19 3 , 16 -30 30 0 -16 14 , -9 -10 -7 21 -22 -8 , 26 -6 6 0 9 15 , 62 15 -2 47 18 -21 , 21 -14 13 -11 18 1 , 32 -13 14 11 -12 32 , -30 7 10 -21 -1 -12 , 39 36 -36 0 7 -29 , 0.0055258102063859725 , 74
1.730268877419258 , 15 2 -15 -47 -19 3 , 16 -30 30 0 -16 14 , 9 10 7 -21 22 8 , 26 -6 6 0 9 15 , 62 15 -2 47 18 -21 , -21 14 -13 11 -18 -1 , -32 13 -14 -11 12 -32 , 30 -7 -10 21 1 12 , 39 36 -36 0 7 -29 , 0.0055258102063859725 , 75
1.730268877419258 , 15 2 -15 -47 -19 3 , 26 -6 6 0 9 15 , -18 11 -12 14 -21 1 , 16 -30 30 0 -16 14 , 62 15 -2 47 18 -21 , 22 -21 -1 10 9 -8 , 12 1 21 -10 -7 30 , -32 12 -11 -14 13 -32 , 39 36 -36 0 7 -29 , 0.005525810206386002 , 76
1.730268877419258 , 15 2 -15 -47 -19 3 , 26 -6 6 0 9 15 , 18 -11 12 -14 21 -1 , 16 -30 30 0 -16 14 , 62 15 -2 47 18 -21 , -22 21 1 -10 -9 8 , -12 -1 -21 10 7 -30 , 32 -12 11 14 -13 32 , 39 36 -36 0 7 -29 , 0.005525810206386002 , 77
1.730268877419258 , 15 2 -15 -47 -19 3 , 16 -30 30 0 -16 14 , -8 9 10 -1 -21 22 , 26 -6 6 0 9 15 , 62 15 -2 47 18 -21 , 1 -21 14 -12 11 -18 , 13 -14 21 12 -32 32 , -7 -10 -9 1 12 -30 , 39 36 -36 0 7 -29 , 0.0055258102063860332 , 78
1.730268877419258 , 15 2 -15 -47 -19 3 , 16 -30 30 0 -16 14 , 8 -9 -10 1 21 -22 , 26 -6 6 0 9 15 , 62 15 -2 47 18 -21 , -1 21 -14 12 -11 18 , -13 14 -21 -12 32 -32 , 7 10 9 -1 -12 30 , 39 36 -36 0 7 -29 , 0.0055258102063860332 , 79
1.730268877419258 , 15 2 -15 -47 -19 3 , 16 -30 30 0 -16 14 , -10 -7 30 -22 -8 9 , 26 -6 6 0 9 15 , 62 15 -2 47 18 -21 , -14 13 -32 18 1 -21 , -32 32 -13 -18 11 -12 , 12 -30 7 22 -21 -1 , 39 36 -36 0 7 -29 , 0.0055258102063860505 , 80
1.730268877419258 , 15 2 -15 -47 -19 3 , 16 -30 30 0 -16 14 , 10 7 -30 22 8 -9 , 26 -6 6 0 9 15 , 62 15 -2 47 18 -21 , 14 -13 32 -18 -1 21 , 32 -32 13 18 -11 12 , -12 30 -7 -22 21 1 , 39 36 -36 0 7 -29 , 0.0055258102063860505 , 81
1.730268877419258 , 15 2 -15 -47 -19 3 , 16 -30 30 0 -16 14 , 1 21 -22 -7 30 -12 , 26 -6 6 0 9 15 , 62 15 -2 47 18 -21 , 12 -11 18 13 -32 32 , -1 -18 11 -13 14 -21 , 8 22 -21 7 10 9 , 39 36 -36 0 7 -29 , 0.0055258102063862084 , 82
1.730268877419258 , 15 2 -15 -47 -19 3 , 16 -30 30 0 -16 14 , -1 -21 22 7 -30 12 , 26 -6 6 0 9 15 , 62 15 -2 47 18 -21 , -12 11 -18 -13 32 -32 , 1 18 -11 13 -14 21 , -8 -22 21 -7 -10 -9 , 39 36 -36 0 7 -29 , 0.0055258102063862084 , 83
1.730268877419258 , 15 2 -15 -47 -19 3 , 26 -6 6 0 9 15 , -32 32 -13 -18 11 -12 , 16 -30 30 0 -16 14 , 62 15 -2 47 18 -21 , 12 -30 7 22 -21 -1 , -10 -7 30 -22 -8 9 , -14 13 -32 18 1 -21 , 39 36 -36 0 7 -29 , 0.0055258102063862171 , 84
1.730268877419258 , 15 2 -15 -47 -19 3 , 26 -6 6 0 9 15 , 32 -32 13 18 -11 12 , 16 -30 30 0 -16 14 , 62 15 -2 47 18 -21 , -12 30 -7 -22 21 1 , 10 7 -30 22 8 -9 , 14 -13 32 -18 -1 21 , 39 36 -36 0 7 -29 , 0.0055258102063862171 , 85
1.730268877419258 , 15 2 -15 -47 -19 3 , 26 -6 6 0 9 15 , 12 -32 32 -1 -18 11 , 16 -30 30 0 -16 14 , 62 15 -2 47 18 -21 , 1 12 -30 8 22 -21 , -7 30 -12 -8 9 10 , 13 -32 32 1 -21 14 , 39 36 -36 0 7 -29 , 0.0055258102063862231 , 86
1.730268877419258 , 15 2 -15 -47 -19 3 , 26 -6 6 0 9 15 , -12 32 -32 1 18 -11 , 16 -30 30 0 -16 14 , 62 15 -2 47 18 -21 , -1 -12 30 -8 -22 21 , 7 -30 12 8 -9 -10 , -13 32 -32 -1 21 -14 , 39 36 -36 0 7 -29 , 0.0055258102063862231 , 87
1.730268877419258 , 15 2 -15 -47 -19 3 , 26 -6 6 0 9 15 , 13 -14 21 12 -32 32 , 16 -30 30 0 -16 14 , 62 15 -2 47 18 -21 , -7 -10 -9 1 12 -30 , -8 9 10 -1 -21 22 , 1 -21 14 -12 11 -18 , 39 36 -36 0 7 -29 , 0.0055258102063862492 , 88
1.730268877419258 , 15 2 -15 -47 -19 3 , 26 -6 6 0 9 15 , -13 14 -21 -12 32 -32 , 16 -30 30 0 -16 14 , 62 15 -2 47 18 -21 , 7 10 9 -1 -12 30 , 8 -9 -10 1 21 -22 , -1 21 -14 12 -11 18 , 39 36 -36 0 7 -29 , 0.0055258102063862492 , 89
1.730268877419258 , 15 2 -15 -47 -19 3 , 16 -30 30 0 -16 14 , -22 -8 9 -12 -1 -21 , 26 -6 6 0 9 15 , 62 15 -2 47 18 -21 , 18 1 -21 32 -12 11 , -14 21 -1 -32 32 -13 , -10 -9 8 12 -30 7 , 39 36 -36 0 7 -29 , 0.0055258102063862726 , 90
1.730268877419258 , 15 2 -15 -47 -19 3 , 16 -30 30 0 -16 14 , 22 8 -9 12 1 21 , 26 -6 6 0 9 15 , 62 15 -2 47 18 -21 , -18 -1 21 -32 12 -11 , 14 -21 1 32 -32 13 , 10 9 -8 -12 30 -7 , 39 36 -36 0 7 -29 , 0.0055258102063862726 , 91
1.730268877419258 , 15 2 -15 -47 -19 3 , 26 -6 6 0 9 15 , 1 18 -11 13 -14 21 , 16 -30 30 0 -16 14 , 62 15 -2 47 18 -21 , -8 -22 21 -7 -10 -9 , -1 -21 22 7 -30 12 , -12 11 -18 -13 32 -32 , 39 36 -36 0 7 -29 , 0.005525810206386276 , 92
1.730268877419258 , 15 2 -15 -47 -19 3 , 26 -6 6 0 9 15 , -1 -18 11 -13 14 -21 , 16 -30 30 0 -16 14 , 62 15 -2 47 18 -21 , 8 22 -21 7 10 9 , 1 21 -22 -7 30 -12 , 12 -11 18 13 -32 32 , 39 36 -36 0 7 -29 , 0.005525810206386276 , 93
1.730268877419258 , 15 2 -15 -47 -19 3 , 16 -30 30 0 -16 14 , -7 30 -12 -8 9 10 , 26 -6 6 0 9 15 , 62 15 -2 47 18 -21 , 13 -32 32 1 -21 14 , 12 -32 32 -1 -18 11 , 1 12 -30 8 22 -21 , 39 36 -36 0 7 -29 , 0.0055258102063862977 , 94
1.730268877419258 , 15 2 -15 -47 -19 3 , 16 -30 30 0 -16 14 , 7 -30 12 8 -9 -10 , 26 -6 6 0 9 15 , 62 15 -2 47 18 -21 , -13 32 -32 -1 21 -14 , -12 32 -32 1 18 -11 , -1 -12 30 -8 -22 21 , 39 36 -36 0 7 -29 , 0.0055258102063862977 , 95
1.730268877419258 , 15 2 -15 -47 -19 3 , 26 -6 6 0 9 15 , -32 13 -14 -11 12 -32 , 16 -30 30 0 -16 14 , 62 15 -2 47 18 -21 , 30 -7 -10 21 1 12 , 9 10 7 -21 22 8 , -21 14 -13 11 -18 -1 , 39 36 -36 0 7 -29 , 0.0055258102063863021 , 96
1.730268877419258 , 15 2 -15 -47 -19 3 , 26 -6 6 0 9 15 , 32 -13 14 11 -12 32 , 16 -30 30 0 -16 14 , 62 15 -2 47 18 -21 , -30 7 10 -21 -1 -12 , -9 -10 -7 21 -22 -8 , 21 -14 13 -11 18 1 , 39 36 -36 0 7 -29 , 0.0055258102063863021 , 97
1.730268877419258 , 15 2 -15 -47 -19 3 , 16 -30 30 0 -16 14 , 21 -22 -8 30 -12 -1 , 26 -6 6 0 9 15 , 62 15 -2 47 18 -21 , -11 18 1 -32 32 -12 , 21 -1 -18 32 -13 14 , -9 8 22 -30 7 10 , 39 36 -36 0 7 -29 , 0.0055258102063863177 , 98
1.730268877419258 , 15 2 -15 -47 -19 3 , 16 -30 30 0 -16 14 , -21 22 8 -30 12 1 , 26 -6 6 0 9 15 , 62 15 -2 47 18 -21 , 11 -18 -1 32 -32 12 , -21 1 18 -32 13 -14 , 9 -8 -22 30 -7 -10 , 39 36 -36 0 7 -29 , 0.0055258102063863177 , 99
1.826824877369297 , 18 -27 -24 -11 -47 -7 , 49 -5 5 0 22 27 , 1 -4 5 -6 5 -3 , 13 32 -32 0 33 1 , 29 24 27 11 17 -20 , 29 -5 -1 20 -11 27 , 9 1 5 -20 28 -6 , 7 -5 4 6 -8 9 , 19 -27 27 0 -55 -28 , 0.0039420241007995967 , 0
1.826824877369297 , 18 -27 -24 -11 -47 -7 , 49 -5 5 0 22 27 , -1 4 -5 6 -5 3 , 13 32 -32 0 33 1 , 29 24 27 11 17 -20 , -29 5 1 -20 11 -27 , -9 -1 -5 20 -28 6 , -7 5 -4 -6 8 -9 , 19 -27 27 0 -55 -28 , 0.0039420241007995967 , 1
1.826824877369297 , 18 -27 -24 -11 -47 -7 , 13 32 -32 0 33 1 , 1 5 -29 28 -6 -9 , 49 -5 5 0 22 27 , 29 24 27 11 17 -20 , -5 4 -1 -8 9 -7 , 3 1 -4 8 -6 5 , -27 29 -5 -28 20 -11 , 19 -27 27 0 -55 -28 , 0.0039420241007996626 , 2
1.826824877369297 , 18 -27 -24 -11 -47 -7 , 13 32 -32 0 33 1 , -1 -5 29 -28 6 9 , 49 -5 5 0 22 27 , 29 24 27 11 17 -20 , 5 -4 1 8 -9 7 , -3 -1 4 -8 6 -5 , 27 -29 5 28 -20 11 , 19 -27 27 0 -55 -28 , 0.0039420241007996626 , 3
1.826824877369297 , 18 -27 -24 -11 -47 -7 , 13 32 -32 0 33 1 , 9 1 5 -20 28 -6 , 49 -5 5 0 22 27 , 29 24 27 11 17 -20 , 7 -5 4 6 -8 9 , 1 -4 5 -6 5 -3 , 29 -5 -1 20 -11 27 , 19 -27 27 0 -55 -28 , 0.0039420241007997103 , 4
1.826824877369297 , 18 -27 -24 -11 -47 -7 , 13 32 -32 0 33 1 , -9 -1 -5 20 -28 6 , 49 -5 5 0 22 27 , 29 24 27 11 17 -20 , -7 5 -4 -6 8 -9 , -1 4 -5 6 -5 3 , -29 5 1 -20 11 -27 , 19 -27 27 0 -55 -28 , 0.0039420241007997103 , 5
1.826824877369297 , 18 -27 -24 -11 -47 -7 , 13 32 -32 0 33 1 , 11 -20 28 5 -29 27 , 49 -5 5 0 22 27 , 29 24 27 11 17 -20 , -5 6 -8 4 -1 -3 , -9 8 -6 -4 5 -7 , 6 -28 20 -5 -1 -9 , 19 -27 27 0 -55 -28 , 0.0039420241007997294 , 6
1.826824877369297 , 18 -27 -24 -11 -47 -7 , 13 32 -32 0 33 1 , -11 20 -28 -5 29 -27 , 49 -5 5 0 22 27 , 29 24 27 11 17 -20 , 5 -6 8 -4 1 3 , 9 -8 6 4 -5 7 , -6 28 -20 5 1 9 , 19 -27 27 0 -55 -28 , 0.0039420241007997294 , 7
1.826824877369297 , 18 -27 -24 -11 -47 -7 , 13 32 -32 0 33 1 , -20 28 -6 -29 27 -11 , 49 -5 5 0 22 27 , 29 24 27 11 17 -20 , 6 -8 9 -1 -3 5 , 7 -9 8 1 -4 5 , 9 6 -28 29 -5 -1 , 19 -27 27 0 -55 -28 , 0.0039420241007997962 , 8
1.826824877369297 , 18 -27 -24 -11 -47 -7 , 13 32 -32 0 33 1 , 20 -28 6 29 -27 11 , 49 -5 5 0 22 27 , 29 24 27 11 17 -20 , -6 8 -9 1 3 -5 , -7 9 -8 -1 4 -5 , -9 -6 28 -29 5 1 , 19 -27 27 0 -55 -28 , 0.0039420241007997962 , 9
1.826824877369297 , 18 -27 -24 -11 -47 -7 , 49 -5 5 0 22 27 , -4 5 -7 5 -3 -1 , 13 32 -32 0 33 1 , 29 24 27 11 17 -20 , -5 -1 -9 -11 27 -29 , 6 9 1 11 -20 28 , -9 7 -5 -5 6 -8 , 19 -27 27 0 -55 -28 , 0.0039420241007997962 , 10
1.826824877369297 , 18 -27 -24 -11 -47 -7 , 49 -5 5 0 22 27 , 4 -5 7 -5 3 1 , 13 32 -32 0 33 1 , 29 24 27 11 17 -20 , 5 1 9 11 -27 29 , -6 -9 -1 -11 20 -28 , 9 -7 5 5 -6 8 , 19 -27 27 0 -55 -28 , 0.0039420241007997962 , 11
1.826824877369297 , 18 -27 -24 -11 -47 -7 , 49 -5 5 0 22 27 , 8 -6 5 5 -7 9 , 13 32 -32 0 33 1 , 29 24 27 11 17 -20 , -28 20 -11 -1 -9 -6 , -27 11 -20 1 5 -29 , 3 -5 6 -5 4 -1 , 19 -27 27 0 -55 -28 , 0.0039420241007998378 , 12
1.826824877369297 , 18 -27 -24 -11 -47 -7 , 49 -5 5 0 22 27 , -8 6 -5 -5 7 -9 , 13 32 -32 0 33 1 , 29 24 27 11 17 -20 , 28 -20 11 1 9 6 , 27 -11 20 -1 -5 29 , -3 5 -6 5 -4 1 , 19 -27 27 0 -55 -28 , 0.0039420241007998378 , 13
1.826824877369297 , 18 -27 -24 -11 -47 -7 , 49 -5 5 0 22 27 , -5 3 1 -9 8 -6 , 13 32 -32 0 33 1 , 29 24 27 11 17 -20 , 11 -27 29 6 -28 20 , 5 -29 27 -6 -9 -1 , 4 -1 -3 9 -7 5 , 19 -27 27 0 -55 -28 , 0.0039420241007998421 , 14
1.826824877369297 , 18 -27 -24 -11 -47 -7 , 49 -5 5 0 22 27 , 5 -3 -1 9 -8 6 , 13 32 -32 0 33 1 , 29 24 27 11 17 -20 , -11 27 -29 -6 28 -20 , -5 29 -27 6 9 1 , -4 1 3 -9 7 -5 , 19 -27 27 0 -55 -28 , 0.0039420241007998421 , 15
1.826824877369297 , 18 -27 -24 -11 -47 -7 , 13 32 -32 0 33 1 , -6 -9 -1 -11 20 -28 , 49 -5 5 0 22 27 , 29 24 27 11 17 -20 , 9 -7 5 5 -6 8 , 4 -5 7 -5 3 1 , 5 1 9 11 -27 29 , 19 -27 27 0 -55 -28 , 0.0039420241007998777 , 16
1.826824877369297 , 18 -27 -24 -11 -47 -7 , 13 32 -32 0 33 1 , 6 9 1 11 -20 28 , 49 -5 5 0 22 27 , 29 24 27 11 17 -20 , -9 7 -5 -5 6 -8 , -4 5 -7 5 -3 -1 , -5 -1 -9 -11 27 -29 , 19 -27 27 0 -55 -28 , 0.0039420241007998777 , 17
1.826824877369297 , 18 -27 -24 -11 -47 -7 , 49 -5 5 0 22 27 , -6 5 -3 -7 9 -8 , 13 32 -32 0 33 1 , 29 24 27 11 17 -20 , 20 -11 27 -9 -6 28 , 29 -27 11 9 1 5 , 1 3 -5 7 -5 4 , 19 -27 27 0 -55 -28 , 0.0039420241007999141 , 18
1.826824877369297 , 18 -27 -24 -11 -47 -7 , 49 -5 5 0 22 27 , 6 -5 3 7 -9 8 , 13 32 -32 0 33 1 , 29 24 27 11 17 -20 , -20 11 -27 9 6 -28 , -29 27 -11 -9 -1 -5 , -1 -3 5 -7 5 -4 , 19 -27 27 0 -55 -28 , 0.0039420241007999141 , 19
1.826824877369297 , 18 -27 -24 -11 -47 -7 , 49 -5 5 0 22 27 , -9 8 -6 -4 5 -7 , 13 32 -32 0 33 1 , 29 24 27 11 17 -20 , 6 -28 20 -5 -1 -9 , 11 -20 28 5 -29 27 , -5 6 -8 4 -1 -3 , 19 -27 27 0 -55 -28 , 0.003942024100799915 , 20
1.826824877369297 , 18 -27 -24 -11 -47 -7 , 49 -5 5 0 22 27 , 9 -8 6 4 -5 7 , 13 32 -32 0 33 1 , 29 24 27 11 17 -20 , -6 28 -20 5 1 9 , -11 20 -28 -5 29 -27 , 5 -6 8 -4 1 3 , 19 -27 27 0 -55 -28 , 0.003942024100799915 , 21
1.826824877369297 , 18 -27 -24 -11 -47 -7 , 13 32 -32 0 33 1 , -27 11 -20 1 5 -29 , 49 -5 5 0 22 27 , 29 24 27 11 17 -20 , 3 -5 6 -5 4 -1 , 8 -6 5 5 -7 9 , -28 20 -11 -1 -9 -6 , 19 -27 27 0 -55 -28 , 0.0039420241007999358 , 22
1.826824877369297 , 18 -27 -24 -11 -47 -7 , 13 32 -32 0 33 1 , 27 -11 20 -1 -5 29 , 49 -5 5 0 22 27 , 29 24 27 11 17 -20 , -3 5 -6 5 -4 1 , -8 6 -5 -5 7 -9 , 28 -20 11 1 9 6 , 19 -27 27 0 -55 -28 , 0.0039420241007999358 , 23
1.826824877369297 , 18 -27 -24 -11 -47 -7 , 49 -5 5 0 22 27 , 3 1 -4 8 -6 5 , 13 32 -32 0 33 1 , 29 24 27 11 17 -20 , -27 29 -5 -28 20 -11 , 1 5 -29 28 -6 -9 , -5 4 -1 -8 9 -7 , 19 -27 27 0 -55 -28 , 0.0039420241007999809 , 24
1.826824877369297 , 18 -27 -24 -11 -47 -7 , 49 -5 5 0 22 27 , -3 -1 4 -8 6 -5 , 13 32 -32 0 33 1 , 29 24 27 11 17 -20 , 27 -29 5 28 -20 11 , -1 -5 29 -28 6 9 , 5 -4 1 8 -9 7 , 19 -27 27 0 -55 -28 , 0.0039420241007999809 , 25
1.826824877369297 , 18 -27 -24 -11 -47 -7 , 13 32 -32 0 33 1 , 5 -29 27 -6 -9 -1 , 49 -5 5 0 22 27 , 29 24 27 11 17 -20 , 4 -1 -3 9 -7 5 , -5 3 1 -9 8 -6 , 11 -27 29 6 -28 20 , 19 -27 27 0 -55 -28 , 0.0039420241007999835 , 26
1.826824877369297 , 18 -27 -24 -11 -47 -7 , 13 32 -32 0 33 1 , -5 29 -27 6 9 1 , 49 -5 5 0 22 27 , 29 24 27 11 17 -20 , -4 1 3 -9 7 -5 , 5 -3 -1 9 -8 6 , -11 27 -29 -6 28 -20 , 19 -27 27 0 -55 -28 , 0.0039420241007999835 , 27
1.826824877369297 , 18 -27 -24 -11 -47 -7 , 13 32 -32 0 33 1 , -29 27 -11 -9 -1 -5 , 49 -5 5 0 22 27 , 29 24 27 11 17 -20 , -1 -3 5 -7 5 -4 , 6 -5 3 7 -9 8 , -20 11 -27 9 6 -28 , 19 -27 27 0 -55 -28 , 0.0039420241008000035 , 28
1.826824877369297 , 18 -27 -24 -11 -47 -7 , 13 32 -32 0 33 1 , 29 -27 11 9 1 5 , 49 -5 5 0 22 27 , 29 24 27 11 17 -20 , 1 3 -5 7 -5 4 , -6 5 -3 -7 9 -8 , 20 -11 27 -9 -6 28 , 19 -27 27 0 -55 -28 , 0.0039420241008000035 , 29
1.826824877369297 , 18 -27 -24 -11 -47 -7 , 13 32 -32 0 33 1 , -28 6 9 -27 11 -20 , 49 -5 5 0 22 27 , 29 24 27 11 17 -20 , 8 -9 7 3 -5 6 , 5 -7 9 -3 -1 4 , -1 -9 -6 27 -29 5 , 19 -27 27 0 -55 -28 , 0.0039420241008000043 , 30
1.826824877369297 , 18 -27 -24 -11 -47 -7 , 13 32 -32 0 33 1 , 28 -6 -9 27 -11 20 , 49 -5 5 0 22 27 , 29 24 27 11 17 -20 , -8 9 -7 -3 5 -6 , -5 7 -9 3 1 -4 , 1 9 6 -27 29 -5 , 19 -27 27 0 -55 -28 , 0.0039420241008000043 , 31
1.826824877369297 , 18 -27 -24 -11 -47 -7 , 49 -5 5 0 22 27 , -7 9 -8 -1 4 -5 , 13 32 -32 0 33 1 , 29 24 27 11 17 -20 , -9 -6 28 -29 5 1 , 20 -28 6 29 -27 11 , -6 8 -9 1 3 -5 , 19 -27 27 0 -55 -28 , 0.003942024100800013 , 32
1.826824877369297 , 18 -27 -24 -11 -47 -7 , 49 -5 5 0 22 27 , 7 -9 8 1 -4 5 , 13 32 -32 0 33 1 , 29 24 27 11 17 -20 , 9 6 -28 29 -5 -1 , -20 28 -6 -29 27 -11 , 6 -8 9 -1 -3 5 , 19 -27 27 0 -55 -28 , 0.003942024100800013 , 33
1.826824877369297 , 18 -27 -24 -11 -47 -7 , 49 -5 5 0 22 27 , 5 -7 9 -3 -1 4 , 13 32 -32 0 33 1 , 29 24 27 11 17 -20 , -1 -9 -6 27 -29 5 , -28 6 9 -27 11 -20 , 8 -9 7 3 -5 6 , 19 -27 27 0 -55 -28 , 0.0039420241008000781 , 34
1.826824877369297 , 18 -27 -24 -11 -47 -7 , 49 -5 5 0 22 27 , -5 7 -9 3 1 -4 , 13 32 -32 0 33 1 , 29 24 27 11 17 -20 , 1 9 6 -27 29 -5 , 28 -6 -9 27 -11 20 , -8 9 -7 -3 5 -6 , 19 -27 27 0 -55 -28 , 0.0039420241008000781 , 35
1.9405930160957672 , -11 -30 -38 -9 -47 -40 , 40 -9 9 0 14 23 , 16 -8 14 -9 8 10 , 2 -27 27 0 -21 6 , -2 38 30 9 -2 -17 , 40 -17 7 9 7 18 , 31 -7 17 -9 11 24 , 25 -14 8 9 -4 16 , 39 36 -36 0 7 -29 , 0.0056328667002152081 , 0
1.9405930160957672 , -11 -30 -38 -9 -47 -40 , 40 -9 9 0 14 23 , -16 8 -14 9 -8 -10 , 2 -27 27 0 -21 6 , -2 38 30 9 -2 -17 , -40 17 -7 -9 -7 -18 , -31 7 -17 9 -11 -24 , -25 14 -8 -9 4 -16 , 39 36 -36 0 7 -29 , 0.0056328667002152081 , 1
1.9405930160957672 , -11 -30 -38 -9 -47 -40 , 2 -27 27 0 -21 6 , -7 -9 11 17 -40 18 , 40 -9 9 0 14 23 , -2 38 30 9 -2 -17 , -8 9 -4 8 -16 10 , -16 4 -9 -8 14 -25 , -24 -11 9 -17 7 -31 , 39 36 -36 0 7 -29 , 0.0056328667002154683 , 2
1.9405930160957672 , -11 -30 -38 -9 -47 -40 , 2 -27 27 0 -21 6 , 7 9 -11 -17 40 -18 , 40 -9 9 0 14 23 , -2 38 30 9 -2 -17 , 8 -9 4 -8 16 -10 , 16 -4 9 8 -14 25 , 24 11 -9 17 -7 31 , 39 36 -36 0 7 -29 , 0.0056328667002154683 , 3
1.9405930160957672 , -11 -30 -38 -9 -47 -40 , 40 -9 9 0 14 23 , -9 8 10 -25 16 -4 , 2 -27 27 0 -21 6 , -2 38 30 9 -2 -17 , 9 7 18 -31 24 11 , 40 -18 -7 31 -7 17 , 16 -10 -8 25 -14 8 , 39 36 -36 0 7 -29 , 0.0056328667002155689 , 4
1.9405930160957672 , -11 -30 -38 -9 -47 -40 , 40 -9 9 0 14 23 , 9 -8 -10 25 -16 4 , 2 -27 27 0 -21 6 , -2 38 30 9 -2 -17 , -9 -7 -18 31 -24 -11 , -40 18 7 -31 7 -17 , -16 10 8 -25 14 -8 , 39 36 -36 0 7 -29 , 0.0056328667002155689 , 5
1.9405930160957672 , -11 -30 -38 -9 -47 -40 , 2 -27 27 0 -21 6 , 9 -11 -24 40 -18 -7 , 40 -9 9 0 14 23 , -2 38 30 9 -2 -17 , -9 4 -16 16 -10 -8 , -25 16 -4 -16 8 -14 , -31 24 11 -40 17 -7 , 39 36 -36 0 7 -29 , 0.0056328667002155776 , 6
1.9405930160957672 , -11 -30 -38 -9 -47 -40 , 2 -27 27 0 -21 6 , -9 11 24 -40 18 7 , 40 -9 9 0 14 23 , -2 38 30 9 -2 -17 , 9 -4 16 -16 10 8 , 25 -16 4 16 -8 14 , 31 -24 -11 40 -17 7 , 39 36 -36 0 7 -29 , 0.0056328667002155776 , 7
1.9405930160957672 , -11 -30 -38 -9 -47 -40 , 40 -9 9 0 14 23 , -10 16 -8 4 -9 8 , 2 -27 27 0 -21 6 , -2 38 30 9 -2 -17 , -18 40 -17 -11 9 7 , -7 17 -40 11 24 -31 , -14 8 -16 -4 16 -25 , 39 36 -36 0 7 -29 , 0.0056328667002155863 , 8
1.9405930160957672 , -11 -30 -38 -9 -47 -40 , 40 -9 9 0 14 23 , 10 -16 8 -4 9 -8 , 2 -27 27 0 -21 6 , -2 38 30 9 -2 -17 , 18 -40 17 11 -9 -7 , 7 -17 40 -11 -24 31 , 14 -8 16 4 -16 25 , 39 36 -36 0 7 -29 , 0.0056328667002155863 , 9
1.9405930160957672 , -11 -30 -38 -9 -47 -40 , 40 -9 9 0 14 23 , -8 14 -25 8 10 -16 , 2 -27 27 0 -21 6 , -2 38 30 9 -2 -17 , -17 7 -31 7 18 -40 , -24 31 -7 -7 -9 11 , -16 25 -14 -8 9 -4 , 39 36 -36 0 7 -29 , 0.0056328667002156323 , 10
1.9405930160957672 , -11 -30 -38 -9 -47 -40 , 40 -9 9 0 14 23 , 8 -14 25 -8 -10 16 , 2 -27 27 0 -21 6 , -2 38 30 9 -2 -17 , 17 -7 31 -7 -18 40 , 24 -31 7 7 9 -11 , 16 -25 14 8 -9 4 , 39 36 -36 0 7 -29 , 0.0056328667002156323 , 11
1.9405930160957672 , -11 -30 -38 -9 -47 -40 , 2 -27 27 0 -21 6 , -11 -24 31 -18 -7 -9 , 40 -9 9 0 14 23 , -2 38 30 9 -2 -17 , 4 -16 25 -10 -8 9 , 14 -25 16 10 -16 8 , 7 -31 24 18 -40 17 , 39 36 -36 0 7 -29 , 0.0056328667002156566 , 12
1.9405930160957672 , -11 -30 -38 -9 -47 -40 , 2 -27 27 0 -21 6 , 11 24 -31 18 7 9 , 40 -9 9 0 14 23 , -2 38 30 9 -2 -17 , -4 16 -25 10 8 -9 , -14 25 -16 -10 16 -8 , -7 31 -24 -18 40 -17 , 39 36 -36 0 7 -29 , 0.0056328667002156566 , 13
1.9405930160957672 , -11 -30 -38 -9 -47 -40 , 2 -27 27 0 -21 6 , 18 7 9 7 -17 40 , 40 -9 9 0 14 23 , -2 38 30 9 -2 -17 , 10 8 -9 14 -8 16 , -4 9 -8 -14 25 -16 , 11 -9 -7 -7 31 -24 , 39 36 -36 0 7 -29 , 0.0056328667002156895 , 14
1.9405930160957672 , -11 -30 -38 -9 -47 -40 , 2 -27 27 0 -21 6 , -18 -7 -9 -7 17 -40 , 40 -9 9 0 14 23 , -2 38 30 9 -2 -17 , -10 -8 9 -14 8 -16 , 4 -9 8 14 -25 16 , -11 9 7 7 -31 24 , 39 36 -36 0 7 -29 , 0.0056328667002156895 , 15
1.9405930160957672 , -11 -30 -38 -9 -47 -40 , 2 -27 27 0 -21 6 , -24 31 -7 -7 -9 11 , 40 -9 9 0 14 23 , -2 38 30 9 -2 -17 , -16 25 -14 -8 9 -4 , -8 14 -25 8 10 -16 , -17 7 -31 7 18 -40 , 39 36 -36 0 7 -29 , 0.0056328667002157034 , 16
1.9405930160957672 , -11 -30 -38 -9 -47 -40 , 2 -27 27 0 -21 6 , 24 -31 7 7 9 -11 , 40 -9 9 0 14 23 , -2 38 30 9 -2 -17 , 16 -25 14 8 -9 4 , 8 -14 25 -8 -10 16 , 17 -7 31 -7 -18 40 , 39 36 -36 0 7 -29 , 0.0056328667002157034 , 17
1.9405930160957672 , -11 -30 -38 -9 -47 -40 , 2 -27 27 0 -21 6 , 7 -17 40 -11 -24 31 , 40 -9 9 0 14 23 , -2 38 30 9 -2 -17 , 14 -8 16 4 -16 25 , 10 -16 8 -4 9 -8 , 18 -40 17 11 -9 -7 , 39 36 -36 0 7 -29 , 0.0056328667002157077 , 18
1.9405930160957672 , -11 -30 -38 -9 -47 -40 , 2 -27 27 0 -21 6 , -7 17 -40 11 24 -31 , 40 -9 9 0 14 23 , -2 38 30 9 -2 -17 , -14 8 -16 -4 16 -25 , -10 16 -8 4 -9 8 , -18 40 -17 -11 9 7 , 39 36 -36 0 7 -29 , 0.0056328667002157077 , 19
1.9405930160957672 , -11 -30 -38 -9 -47 -40 , 40 -9 9 0 14 23 , 4 -9 8 14 -25 16 , 2 -27 27 0 -21 6 , -2 38 30 9 -2 -17 , -11 9 7 7 -31 24 , -18 -7 -9 -7 17 -40 , -10 -8 9 -14 8 -16 , 39 36 -36 0 7 -29 , 0.0056328667002157129 , 20
1.9405930160957672 , -11 -30 -38 -9 -47 -40 , 40 -9 9 0 14 23 , -4 9 -8 -14 25 -16 , 2 -27 27 0 -21 6 , -2 38 30 9 -2 -17 , 11 -9 -7 -7 31 -24 , 18 7 9 7 -17 40 , 10 8 -9 14 -8 16 , 39 36 -36 0 7 -29 , 0.0056328667002157129 , 21
1.9405930160957672 , -11 -30 -38 -9 -47 -40 , 40 -9 9 0 14 23 , -25 16 -4 -16 8 -14 , 2 -27 27 0 -21 6 , -2 38 30 9 -2 -17 , -31 24 11 -40 17 -7 , 9 -11 -24 40 -18 -7 , -9 4 -16 16 -10 -8 , 39 36 -36 0 7 -29 , 0.0056328667002157372 , 22
1.9405930160957672 , -11 -30 -38 -9 -47 -40 , 40 -9 9 0 14 23 , 25 -16 4 16 -8 14 , 2 -27 27 0 -21 6 , -2 38 30 9 -2 -17 , 31 -24 -11 40 -17 7 , -9 11 24 -40 18 7 , 9 -4 16 -16 10 8 , 39 36 -36 0 7 -29 , 0.0056328667002157372 , 23
1.9405930160957672 , -11 -30 -38 -9 -47 -40 , 2 -27 27 0 -21 6 , -31 7 -17 9 -11 -24 , 40 -9 9 0 14 23 , -2 38 30 9 -2 -17 , -25 14 -8 -9 4 -16 , -16 8 -14 9 -8 -10 , -40 17 -7 -9 -7 -18 , 39 36 -36 0 7 -29 , 0.005632866700215739 , 24
1.9405930160957672 , -11 -30 -38 -9 -47 -40 , 2 -27 27 0 -21 6 , 31 -7 17 -9 11 24 , 40 -9 9 0 14 23 , -2 38 30 9 -2 -17 , 25 -14 8 9 -4 16 , 16 -8 14 -9 8 10 , 40 -17 7 9 7 18 , 39 36 -36 0 7 -29 , 0.005632866700215739 , 25
1.9405930160957672 , -11 -30 -38 -9 -47 -40 , 2 -27 27 0 -21 6 , -17 40 -18 -24 31 -7 , 40 -9 9 0 14 23 , -2 38 30 9 -2 -17 , -8 16 -10 -16 25 -14 , 8 10 -16 16 -4 9 , 7 18 -40 24 11 -9 , 39 36 -36 0 7 -29 , 0.0056328667002157702 , 26
1.9405930160957672 , -11 -30 -38 -9 -47 -40 , 2 -27 27 0 -21 6 , 17 -40 18 24 -31 7 , 40 -9 9 0 14 23 , -2 38 30 9 -2 -17 , 8 -16 10 16 -25 14 , -8 -10 16 -16 4 -9 , -7 -18 40 -24 -11 9 , 39 36 -36 0 7 -29 , 0.0056328667002157702 , 27
1.9405930160957672 , -11 -30 -38 -9 -47 -40 , 40 -9 9 0 14 23 , -8 -10 16 -16 4 -9 , 2 -27 27 0 -21 6 , -2 38 30 9 -2 -17 , -7 -18 40 -24 -11 9 , 17 -40 18 24 -31 7 , 8 -16 10 16 -25 14 , 39 36 -36 0 7 -29 , 0.0056328667002157823 , 28
1.9405930160957672 , -11 -30 -38 -9 -47 -40 , 40 -9 9 0 14 23 , 8 10 -16 16 -4 9 , 2 -27 27 0 -21 6 , -2 38 30 9 -2 -17 , 7 18 -40 24 11 -9 , -17 40 -18 -24 31 -7 , -8 16 -10 -16 25 -14 , 39 36 -36 0 7 -29 , 0.0056328667002157823 , 29
1.9405930160957672 , -11 -30 -38 -9 -47 -40 , 40 -9 9 0 14 23 , 14 -25 16 10 -16 8 , 2 -27 27 0 -21 6 , -2 38 30 9 -2 -17 , 7 -31 24 18 -40 17 , -11 -24 31 -18 -7 -9 , 4 -16 25 -10 -8 9 , 39 36 -36 0 7 -29 , 0.0056328667002158534 , 30
1.9405930160957672 , -11 -30 -38 -9 -47 -40 , 40 -9 9 0 14 23 , -14 25 -16 -10 16 -8 , 2 -27 27 0 -21 6 , -2 38 30 9 -2 -17 , -7 31 -24 -18 40 -17 , 11 24 -31 18 7 9 , -4 16 -25 10 8 -9 , 39 36 -36 0 7 -29 , 0.0056328667002158534 , 31
1.9405930160957672 , -11 -30 -38 -9 -47 -40 , 40 -9 9 0 14 23 , -16 4 -9 -8 14 -25 , 2 -27 27 0 -21 6 , -2 38 30 9 -2 -17 , -24 -11 9 -17 7 -31 , -7 -9 11 17 -40 18 , -8 9 -4 8 -16 10 , 39 36 -36 0 7 -29 , 0.0056328667002158994 , 32
1.9405930160957672 , -11 -30 -38 -9 -47 -40 , 40 -9 9 0 14 23 , 16 -4 9 8 -14 25 , 2 -27 27 0 -21 6 , -2 38 30 9 -2 -17 , 24 11 -9 17 -7 31 , 7 9 -11 -17 40 -18 , 8 -9 4 -8 16 -10 , 39 36 -36 0 7 -29 , 0.0056328667002158994 , 33
1.9405930160957672 , -11 -30 -38 -9 -47 -40 , 2 -27 27 0 -21 6 , -40 18 7 -31 7 -17 , 40 -9 9 0 14 23 , -2 38 30 9 -2 -17 , -16 10 8 -25 14 -8 , 9 -8 -10 25 -16 4 , -9 -7 -18 31 -24 -11 , 39 36 -36 0 7 -29 , 0.0056328667002159046 , 34
1.9405930160957672 , -11 -30 -38 -9 -47 -40 , 2 -27 27 0 -21 6 , 40 -18 -7 31 -7 17 , 40 -9 9 0 14 23 , -2 38 30 9 -2 -17 , 16 -10 -8 25 -14 8 , -9 8 10 -25 16 -4 , 9 7 18 -31 24 11 , 39 36 -36 0 7 -29 , 0.0056328667002159046 , 35
1.9405930160957672 , 12 -3 -37 -38 -6 -19 , 34 1 -1 0 19 18 , 1 1 -18 29 -20 3 , 8 -37 37 0 -26 11 , 50 37 3 38 18 -3 , 18 5 14 -8 0 30 , 26 -14 -5 8 16 -5 , -28 18 -1 -29 21 -21 , 39 36 -36 0 7 -29 , 0.0058332361811370016 , 36
1.9405930160957672 , 12 -3 -37 -38 -6 -19 , 34 1 -1 0 19 18 , -1 -1 18 -29 20 -3 , 8 -37 37 0 -26 11 , 50 37 3 38 18 -3 , -18 -5 -14 8 0 -30 , -26 14 5 -8 -16 5 , 28 -18 1 29 -21 21 , 39 36 -36 0 7 -29 , 0.0058332361811370016 , 37
1.9405930160957672 , 12 -3 -37 -38 -6 -19 , 8 -37 37 0 -26 11 , -16 5 26 -30 0 8 , 34 1 -1 0 19 18 , 50 37 3 38 18 -3 , -21 21 -28 -3 20 -29 , -18 28 -21 3 -1 -1 , 14 -26 -5 30 -18 -5 , 39 36 -36 0 7 -29 , 0.0058332361811370441 , 38
1.9405930160957672 , 12 -3 -37 -38 -6 -19 , 8 -37 37 0 -26 11 , -8 -16 5 18 -30 0 , 34 1 -1 0 19 18 , 50 37 3 38 18 -3 , 29 -21 21 1 -3 20 , 28 -21 21 -1 -1 18 , -26 -5 16 -18 -5 -14 , 39 36 -36 0 7 -29 , 0.0058332361811370441 , 39
1.9405930160957672 , 12 -3 -37 -38 -6 -19 , 8 -37 37 0 -26 11 , 8 16 -5 -18 30 0 , 34 1 -1 0 19 18 , 50 37 3 38 18 -3 , -29 21 -21 -1 3 -20 , -28 21 -21 1 1 -18 , 26 5 -16 18 5 14 , 39 36 -36 0 7 -29 , 0.0058332361811370441 , 40
1.9405930160957672 , 12 -3 -37 -38 -6 -19 , 8 -37 37 0 -26 11 , 16 -5 -26 30 0 -8 , 34 1 -1 0 19 18 , 50 37 3 38 18 -3 , 21 -21 28 3 -20 29 , 18 -28 21 -3 1 1 , -14 26 5 -30 18 5 , 39 36 -36 0 7 -29 , 0.0058332361811370441 , 41
1.9405930160957672 , 12 -3 -37 -38 -6 -19 , 8 -37 37 0 -26 11 , -30 0 8 -14 -5 -18 , 34 1 -1 0 19 18 , 50 37 3 38 18 -3 , -3 20 -29 18 -1 -1 , -21 29 -20 -18 28 -21 , -16 -8 0 14 -26 -5 , 39 36 -36 0 7 -29 , 0.0058332361811371265 , 42
1.9405930160957672 , 12 -3 -37 -38 -6 -19 , 8 -37 37 0 -26 11 , 30 0 -8 14 5 18 , 34 1 -1 0 19 18 , 50 37 3 38 18 -3 , 3 -20 29 -18 1 1 , 21 -29 20 18 -28 21 , 16 8 0 -14 26 5 , 39 36 -36 0 7 -29 , 0.0058332361811371265 , 43
1.9405930160957672 , 12 -3 -37 -38 -6 -19 , 8 -37 37 0 -26 11 , -5 -18 30 -5 -26 14 , 34 1 -1 0 19 18 , 50 37 3 38 18 -3 , -1 -1 3 -21 28 -18 , 20 -3 1 21 -21 29 , 0 -30 18 5 -16 -8 , 39 36 -36 0 7 -29 , 0.0058332361811371681 , 44
1.9405930160957672 , 12 -3 -37 -38 -6 -19 , 8 -37 37 0 -26 11 , 5 18 -30 5 26 -14 , 34 1 -1 0 19 18 , 50 37 3 38 18 -3 , 1 1 -3 21 -28 18 , -20 3 -1 -21 21 -29 , 0 30 -18 -5 16 8 , 39 36 -36 0 7 -29 , 0.0058332361811371681 , 45
1.9405930160957672 , 12 -3 -37 -38 -6 -19 , 34 1 -1 0 19 18 , 21 -21 29 1 -18 28 , 8 -37 37 0 -26 11 , 50 37 3 38 18 -3 , 5 -16 -8 5 14 -26 , 0 8 16 -5 -18 30 , 20 -29 21 -1 -1 3 , 39 36 -36 0 7 -29 , 0.0058332361811372505 , 46
1.9405930160957672 , 12 -3 -37 -38 -6 -19 , 34 1 -1 0 19 18 , -21 21 -29 -1 18 -28 , 8 -37 37 0 -26 11 , 50 37 3 38 18 -3 , -5 16 8 -5 -14 26 , 0 -8 -16 5 18 -30 , -20 29 -21 1 1 -3 , 39 36 -36 0 7 -29 , 0.0058332361811372505 , 47
1.9405930160957672 , 12 -3 -37 -38 -6 -19 , 34 1 -1 0 19 18 , -29 20 -3 -28 21 -21 , 8 -37 37 0 -26 11 , 50 37 3 38 18 -3 , 8 0 -30 26 5 -16 , -18 30 0 -26 14 5 , -1 3 -20 28 -18 1 , 39 36 -36 0 7 -29 , 0.0058332361811372921 , 48
1.9405930160957672 , 12 -3 -37 -38 -6 -19 , 34 1 -1 0 19 18 , -1 18 -28 20 -3 1 , 8 -37 37 0 -26 11 , 50 37 3 38 18 -3 , -5 -14 26 0 -30 18 , -5 -26 14 0 -8 -16 , -21 28 -18 -20 29 -21 , 39 36 -36 0 7 -29 , 0.0058332361811372921 , 49
1.9405930160957672 , 12 -3 -37 -38 -6 -19 , 34 1 -1 0 19 18 , 1 -18 28 -20 3 -1 , 8 -37 37 0 -26 11 , 50 37 3 38 18 -3 , 5 14 -26 0 30 -18 , 5 26 -14 0 8 16 , 21 -28 18 20 -29 21 , 39 36 -36 0 7 -29 , 0.0058332361811372921 , 50
1.9405930160957672 , 12 -3 -37 -38 -6 -19 , 34 1 -1 0 19 18 , 29 -20 3 28 -21 21 , 8 -37 37 0 -26 11 , 50 37 3 38 18 -3 , -8 0 30 -26 -5 16 , 18 -30 0 26 -14 -5 , 1 -3 20 -28 18 -1 , 39 36 -36 0 7 -29 , 0.0058332361811372921 , 51
1.9405930160957672 , 12 -3 -37 -38 -6 -19 , 8 -37 37 0 -26 11 , -14 -5 -18 16 -5 -26 , 34 1 -1 0 19 18 , 50 37 3 38 18 -3 , 18 -1 -1 21 -21 28 , -3 1 1 -21 29 -20 , -30 18 5 -16 -8 0 , 39 36 -36 0 7 -29 , 0.0058332361811373338 , 52
1.9405930160957672 , 12 -3 -37 -38 -6 -19 , 8 -37 37 0 -26 11 , 14 5 18 -16 5 26 , 34 1 -1 0 19 18 , 50 37 3 38 18 -3 , -18 1 1 -21 21 -28 , 3 -1 -1 21 -29 20 , 30 -18 -5 16 8 0 , 39 36 -36 0 7 -29 , 0.0058332361811373338 , 53
1.9405930160957672 , 12 -3 -37 -38 -6 -19 , 8 -37 37 0 -26 11 , 18 -30 0 26 -14 -5 , 34 1 -1 0 19 18 , 50 37 3 38 18 -3 , 1 -3 20 -28 18 -1 , 29 -20 3 28 -21 21 , -8 0 30 -26 -5 16 , 39 36 -36 0 7 -29 , 0.0058332361811373745 , 54
1.9405930160957672 , 12 -3 -37 -38 -6 -19 , 8 -37 37 0 -26 11 , -18 30 0 -26 14 5 , 34 1 -1 0 19 18 , 50 37 3 38 18 -3 , -1 3 -20 28 -18 1 , -29 20 -3 -28 21 -21 , 8 0 -30 26 5 -16 , 39 36 -36 0 7 -29 , 0.0058332361811373745 , 55
1.9405930160957672 , 12 -3 -37 -38 -6 -19 , 8 -37 37 0 -26 11 , 0 8 16 -5 -18 30 , 34 1 -1 0 19 18 , 50 37 3 38 18 -3 , 20 -29 21 -1 -1 3 , 21 -21 29 1 -18 28 , 5 -16 -8 5 14 -26 , 39 36 -36 0 7 -29 , 0.0058332361811373763 , 56
1.9405930160957672 , 12 -3 -37 -38 -6 -19 , 8 -37 37 0 -26 11 , 0 -8 -16 5 18 -30 , 34 1 -1 0 19 18 , 50 37 3 38 18 -3 , -20 29 -21 1 1 -3 , -21 21 -29 -1 18 -28 , -5 16 8 -5 -14 26 , 39 36 -36 0 7 -29 , 0.0058332361811373763 , 57
1.9405930160957672 , 12 -3 -37 -38 -6 -19 , 34 1 -1 0 19 18 , -28 21 -21 1 1 -18 , 8 -37 37 0 -26 11 , 50 37 3 38 18 -3 , 26 5 -16 18 5 14 , 8 16 -5 -18 30 0 , -29 21 -21 -1 3 -20 , 39 36 -36 0 7 -29 , 0.0058332361811374162 , 58
1.9405930160957672 , 12 -3 -37 -38 -6 -19 , 34 1 -1 0 19 18 , 28 -21 21 -1 -1 18 , 8 -37 37 0 -26 11 , 50 37 3 38 18 -3 , -26 -5 16 -18 -5 -14 , -8 -16 5 18 -30 0 , 29 -21 21 1 -3 20 , 39 36 -36 0 7 -29 , 0.0058332361811374162 , 59
1.9405930160957672 , 12 -3 -37 -38 -6 -19 , 8 -37 37 0 -26 11 , -26 14 5 -8 -16 5 , 34 1 -1 0 19 18 , 50 37 3 38 18 -3 , 28 -18 1 29 -21 21 , -1 -1 18 -29 20 -3 , -18 -5 -14 8 0 -30 , 39 36 -36 0 7 -29 , 0.0058332361811374179 , 60
1.9405930160957672 , 12 -3 -37 -38 -6 -19 , 8 -37 37 0 -26 11 , 26 -14 -5 8 16 -5 , 34 1 -1 0 19 18 , 50 37 3 38 18 -3 , -28 18 -1 -29 21 -21 , 1 1 -18 29 -20 3 , 18 5 14 -8 0 30 , 39 36 -36 0 7 -29 , 0.0058332361811374179 , 61
1.9405930160957672 , 12 -3 -37 -38 -6 -19 , 8 -37 37 0 -26 11 , 5 26 -14 0 8 16 , 34 1 -1 0 19 18 , 50 37 3 38 18 -3 , 21 -28 18 20 -29 21 , 1 -18 28 -20 3 -1 , 5 14 -26 0 30 -18 , 39 36 -36 0 7 -29 , 0.0058332361811374587 , 62
1.9405930160957672 , 12 -3 -37 -38 -6 -19 , 8 -37 37 0 -26 11 , -5 -26 14 0 -8 -16 , 34 1 -1 0 19 18 , 50 37 3 38 18 -3 , -21 28 -18 -20 29 -21 , -1 18 -28 20 -3 1 , -5 -14 26 0 -30 18 , 39 36 -36 0 7 -29 , 0.0058332361811374587 , 63
1.9405930160957672 , 12 -3 -37 -38 -6 -19 , 34 1 -1 0 19 18 , 20 -3 1 21 -21 29 , 8 -37 37 0 -26 11 , 50 37 3 38 18 -3 , 0 -30 18 5 -16 -8 , -5 -18 30 -5 -26 14 , -1 -1 3 -21 28 -18 , 39 36 -36 0 7 -29 , 0.0058332361811374587 , 64
1.9405930160957672 , 12 -3 -37 -38 -6 -19 , 34 1 -1 0 19 18 , -3 1 1 -21 29 -20 , 8 -37 37 0 -26 11 , 50 37 3 38 18 -3 , -30 18 5 -16 -8 0 , -14 -5 -18 16 -5 -26 , 18 -1 -1 21 -21 28 , 39 36 -36 0 7 -29 , 0.0058332361811374587 , 65
1.9405930160957672 , 12 -3 -37 -38 -6 -19 , 34 1 -1 0 19 18 , -18 28 -21 3 -1 -1 , 8 -37 37 0 -26 11 , 50 37 3 38 18 -3 , 14 -26 -5 30 -18 -5 , -16 5 26 -30 0 8 , -21 21 -28 -3 20 -29 , 39 36 -36 0 7 -29 , 0.0058332361811374587 , 66
1.9405930160957672 , 12 -3 -37 -38 -6 -19 , 34 1 -1 0 19 18 , 18 -28 21 -3 1 1 , 8 -37 37 0 -26 11 , 50 37 3 38 18 -3 , -14 26 5 -30 18 5 , 16 -5 -26 30 0 -8 , 21 -21 28 3 -20 29 , 39 36 -36 0 7 -29 , 0.0058332361811374587 , 67
1.9405930160957672 , 12 -3 -37 -38 -6 -19 , 34 1 -1 0 19 18 , 3 -1 -1 21 -29 20 , 8 -37 37 0 -26 11 , 50 37 3 38 18 -3 , 30 -18 -5 16 8 0 , 14 5 18 -16 5 26 , -18 1 1 -21 21 -28 , 39 36 -36 0 7 -29 , 0.0058332361811374587 , 68
1.9405930160957672 , 12 -3 -37 -38 -6 -19 , 34 1 -1 0 19 18 , -20 3 -1 -21 21 -29 , 8 -37 37 0 -26 11 , 50 37 3 38 18 -3 , 0 30 -18 -5 16 8 , 5 18 -30 5 26 -14 , 1 1 -3 21 -28 18 , 39 36 -36 0 7 -29 , 0.0058332361811374587 , 69
1.9405930160957672 , 12 -3 -37 -38 -6 -19 , 34 1 -1 0 19 18 , -21 29 -20 -18 28 -21 , 8 -37 37 0 -26 11 , 50 37 3 38 18 -3 , -16 -8 0 14 -26 -5 , -30 0 8 -14 -5 -18 , -3 20 -29 18 -1 -1 , 39 36 -36 0 7 -29 , 0.0058332361811375003 , 70
1.9405930160957672 , 12 -3 -37 -38 -6 -19 , 34 1 -1 0 19 18 , 21 -29 20 18 -28 21 , 8 -37 37 0 -26 11 , 50 37 3 38 18 -3 , 16 8 0 -14 26 5 , 30 0 -8 14 5 18 , 3 -20 29 -18 1 1 , 39 36 -36 0 7 -29 , 0.0058332361811375003 , 71
1.9405930160957672 , 18 -30 -24 -8 -52 -2 , 17 28 -28 0 32 4 , 6 -22 12 -6 8 -14 , 45 -1 1 0 23 24 , 26 24 30 8 22 -22 , 12 -9 -2 15 -9 6 , -3 2 9 -15 8 0 , 12 -12 22 6 -26 30 , 19 -27 27 0 -55 -28 , 0.0064756632960917765 , 72
1.9405930160957672 , 18 -30 -24 -8 -52 -2 , 17 28 -28 0 32 4 , -6 22 -12 6 -8 14 , 45 -1 1 0 23 24 , 26 24 30 8 22 -22 , -12 9 2 -15 9 -6 , 3 -2 -9 15 -8 0 , -12 12 -22 -6 26 -30 , 19 -27 27 0 -55 -28 , 0.0064756632960917765 , 73
1.9405930160957672 , 18 -30 -24 -8 -52 -2 , 45 -1 1 0 23 24 , -15 8 0 -12 6 -9 , 17 28 -28 0 32 4 , 26 24 30 8 22 -22 , 6 -26 30 -6 -14 8 , 12 -30 26 6 -22 12 , -3 0 -8 12 -9 -2 , 19 -27 27 0 -55 -28 , 0.0064756632960919118 , 74
1.9405930160957672 , 18 -30 -24 -8 -52 -2 , 45 -1 1 0 23 24 , 15 -8 0 12 -6 9 , 17 28 -28 0 32 4 , 26 24 30 8 22 -22 , -6 26 -30 6 14 -8 , -12 30 -26 -6 22 -12 , 3 0 8 -12 9 2 , 19 -27 27 0 -55 -28 , 0.0064756632960919118 , 75
1.9405930160957672 , 18 -30 -24 -8 -52 -2 , 17 28 -28 0 32 4 , -26 6 -8 -12 12 -30 , 45 -1 1 0 23 24 , 26 24 30 8 22 -22 , 8 -15 9 2 -3 0 , 6 -9 15 -2 -9 12 , -14 8 -6 12 -22 6 , 19 -27 27 0 -55 -28 , 0.0064756632960919751 , 76
1.9405930160957672 , 18 -30 -24 -8 -52 -2 , 17 28 -28 0 32 4 , 26 -6 8 12 -12 30 , 45 -1 1 0 23 24 , 26 24 30 8 22 -22 , -8 15 -9 -2 3 0 , -6 9 -15 2 9 -12 , 14 -8 6 -12 22 -6 , 19 -27 27 0 -55 -28 , 0.0064756632960919751 , 77
1.9405930160957672 , 18 -30 -24 -8 -52 -2 , 45 -1 1 0 23 24 , 9 -12 6 0 3 -2 , 17 28 -28 0 32 4 , 26 24 30 8 22 -22 , 22 -6 -14 30 -12 12 , -8 14 6 -30 26 -6 , 9 -6 12 0 -8 15 , 19 -27 27 0 -55 -28 , 0.0064756632960920133 , 78
1.9405930160957672 , 18 -30 -24 -8 -52 -2 , 45 -1 1 0 23 24 , -9 12 -6 0 -3 2 , 17 28 -28 0 32 4 , 26 24 30 8 22 -22 , -22 6 14 -30 12 -12 , 8 -14 -6 30 -26 6 , -9 6 -12 0 8 -15 , 19 -27 27 0 -55 -28 , 0.0064756632960920133 , 79
1.9405930160957672 , 18 -30 -24 -8 -52 -2 , 45 -1 1 0 23 24 , 2 9 -12 8 0 3 , 17 28 -28 0 32 4 , 26 24 30 8 22 -22 , -12 22 -6 -26 30 -12 , 14 6 -22 26 -6 8 , -6 12 -9 -8 15 -9 , 19 -27 27 0 -55 -28 , 0.0064756632960920359 , 80
1.9405930160957672 , 18 -30 -24 -8 -52 -2 , 45 -1 1 0 23 24 , -2 -9 12 -8 0 -3 , 17 28 -28 0 32 4 , 26 24 30 8 22 -22 , 12 -22 6 26 -30 12 , -14 -6 22 -26 6 -8 , 6 -12 9 8 -15 9 , 19 -27 27 0 -55 -28 , 0.0064756632960920359 , 81
1.9405930160957672 , 18 -30 -24 -8 -52 -2 , 17 28 -28 0 32 4 , 12 -30 26 6 -22 12 , 45 -1 1 0 23 24 , 26 24 30 8 22 -22 , -3 0 -8 12 -9 -2 , -15 8 0 -12 6 -9 , 6 -26 30 -6 -14 8 , 19 -27 27 0 -55 -28 , 0.0064756632960920376 , 82
1.9405930160957672 , 18 -30 -24 -8 -52 -2 , 17 28 -28 0 32 4 , -12 30 -26 -6 22 -12 , 45 -1 1 0 23 24 , 26 24 30 8 22 -22 , 3 0 8 -12 9 2 , 15 -8 0 12 -6 9 , -6 26 -30 6 14 -8 , 19 -27 27 0 -55 -28 , 0.0064756632960920376 , 83
1.9405930160957672 , 18 -30 -24 -8 -52 -2 , 45 -1 1 0 23 24 , 8 0 3 6 -9 15 , 17 28 -28 0 32 4 , 26 24 30 8 22 -22 , -26 30 -12 -14 8 -6 , -12 12 -30 14 6 -22 , 2 -3 0 -6 12 -9 , 19 -27 27 0 -55 -28 , 0.0064756632960921347 , 84
1.9405930160957672 , 18 -30 -24 -8 -52 -2 , 45 -1 1 0 23 24 , -3 2 9 -15 8 0 , 17 28 -28 0 32 4 , 26 24 30 8 22 -22 , 12 -12 22 6 -26 30 , 6 -22 12 -6 8 -14 , 12 -9 -2 15 -9 6 , 19 -27 27 0 -55 -28 , 0.0064756632960921347 , 85
1.9405930160957672 , 18 -30 -24 -8 -52 -2 , 45 -1 1 0 23 24 , 3 -2 -9 15 -8 0 , 17 28 -28 0 32 4 , 26 24 30 8 22 -22 , -12 12 -22 -6 26 -30 , -6 22 -12 6 -8 14 , -12 9 2 -15 9 -6 , 19 -27 27 0 -55 -28 , 0.0064756632960921347 , 86
1.9405930160957672 , 18 -30 -24 -8 -52 -2 , 45 -1 1 0 23 24 , -8 0 -3 -6 9 -15 , 17 28 -28 0 32 4 , 26 24 30 8 22 -22 , 26 -30 12 14 -8 6 , 12 -12 30 -14 -6 22 , -2 3 0 6 -12 9 , 19 -27 27 0 -55 -28 , 0.0064756632960921347 , 87
1.9405930160957672 , 18 -30 -24 -8 -52 -2 , 45 -1 1 0 23 24 , -9 15 -8 -9 12 -6 , 17 28 -28 0 32 4 , 26 24 30 8 22 -22 , 8 -6 26 -22 6 14 , 30 -26 6 22 -12 12 , 0 8 -15 9 2 -3 , 19 -27 27 0 -55 -28 , 0.0064756632960921573 , 88
1.9405930160957672 , 18 -30 -24 -8 -52 -2 , 45 -1 1 0 23 24 , 6 -9 15 -2 -9 12 , 17 28 -28 0 32 4 , 26 24 30 8 22 -22 , -14 8 -6 12 -22 6 , -26 6 -8 -12 12 -30 , 8 -15 9 2 -3 0 , 19 -27 27 0 -55 -28 , 0.0064756632960921573 , 89
1.9405930160957672 , 18 -30 -24 -8 -52 -2 , 45 -1 1 0 23 24 , -6 9 -15 2 9 -12 , 17 28 -28 0 32 4 , 26 24 30 8 22 -22 , 14 -8 6 -12 22 -6 , 26 -6 8 12 -12 30 , -8 15 -9 -2 3 0 , 19 -27 27 0 -55 -28 , 0.0064756632960921573 , 90
1.9405930160957672 , 18 -30 -24 -8 -52 -2 , 45 -1 1 0 23 24 , 9 -15 8 9 -12 6 , 17 28 -28 0 32 4 , 26 24 30 8 22 -22 , -8 6 -26 22 -6 -14 , -30 26 -6 -22 12 -12 , 0 -8 15 -9 -2 3 , 19 -27 27 0 -55 -28 , 0.0064756632960921573 , 91
1.9405930160957672 , 18 -30 -24 -8 -52 -2 , 17 28 -28 0 32 4 , -22 12 -12 8 -14 -6 , 45 -1 1 0 23 24 , 26 24 30 8 22 -22 , -9 -2 3 -9 6 -12 , 0 -3 2 9 -15 8 , -30 12 -12 -8 6 -26 , 19 -27 27 0 -55 -28 , 0.006475663296092159 , 92
1.9405930160957672 , 18 -30 -24 -8 -52 -2 , 17 28 -28 0 32 4 , 22 -12 12 -8 14 6 , 45 -1 1 0 23 24 , 26 24 30 8 22 -22 , 9 2 -3 9 -6 12 , 0 3 -2 -9 15 -8 , 30 -12 12 8 -6 26 , 19 -27 27 0 -55 -28 , 0.006475663296092159 , 93
1.9405930160957672 , 18 -30 -24 -8 -52 -2 , 17 28 -28 0 32 4 , -8 14 6 -30 26 -6 , 45 -1 1 0 23 24 , 26 24 30 8 22 -22 , 9 -6 12 0 -8 15 , 9 -12 6 0 3 -2 , 22 -6 -14 30 -12 12 , 19 -27 27 0 -55 -28 , 0.0064756632960922657 , 94
1.9405930160957672 , 18 -30 -24 -8 -52 -2 , 17 28 -28 0 32 4 , 8 -14 -6 30 -26 6 , 45 -1 1 0 23 24 , 26 24 30 8 22 -22 , -9 6 -12 0 8 -15 , -9 12 -6 0 -3 2 , -22 6 14 -30 12 -12 , 19 -27 27 0 -55 -28 , 0.0064756632960922657 , 95
1.9405930160957672 , 18 -30 -24 -8 -52 -2 , 17 28 -28 0 32 4 , -30 26 -6 -22 12 -12 , 45 -1 1 0 23 24 , 26 24 30 8 22 -22 , 0 -8 15 -9 -2 3 , 9 -15 8 9 -12 6 , -8 6 -26 22 -6 -14 , 19 -27 27 0 -55 -28 , 0.0064756632960922891 , 96
1.9405930160957672 , 18 -30 -24 -8 -52 -2 , 17 28 -28 0 32 4 , 30 -26 6 22 -12 12 , 45 -1 1 0 23 24 , 26 24 30 8 22 -22 , 0 8 -15 9 2 -3 , -9 15 -8 -9 12 -6 , 8 -6 26 -22 6 14 , 19 -27 27 0 -55 -28 , 0.0064756632960922891 , 97
1.9405930160957672 , 18 -30 -24 -8 -52 -2 , 45 -1 1 0 23 24 , -12 6 -9 3 -2 -9 , 17 28 -28 0 32 4 , 26 24 30 8 22 -22 , -6 -14 8 -12 12 -22 , 6 -8 14 12 -30 26 , -15 9 -6 -3 0 -8 , 19 -27 27 0 -55 -28 , 0.0064756632960923386 , 98
1.9405930160957672 , 18 -30 -24 -8 -52 -2 , 45 -1 1 0 23 24 , 12 -6 9 -3 2 9 , 17 28 -28 0 32 4 , 26 24 30 8 22 -22 , 6 14 -8 12 -12 22 , -6 8 -14 -12 30 -26 , 15 -9 6 3 0 8 , 19 -27 27 0 -55 -28 , 0.0064756632960923386 , 99
2.0548469948519976 , 10 -26 -27 -19 -39 -11 , -7 -31 31 0 -29 2 , -21 -7 -10 -7 17 -43 , 49 -5 5 0 22 27 , 29 27 26 19 16 -13 , 15 -15 14 4 -9 13 , 11 -14 15 -4 -1 6 , -14 10 7 7 -33 24 , 39 36 -36 0 7 -29 , 0.0049546267761838214 , 0
2.0548469948519976 , 10 -26 -27 -19 -39 -11 , -7 -31 31 0 -29 2 , 21 7 10 7 -17 43 , 49 -5 5 0 22 27 , 29 27 26 19 16 -13 , -15 15 -14 -4 9 -13 , -11 14 -15 4 1 -6 , 14 -10 -7 -7 33 -24 , 39 36 -36 0 7 -29 , 0.0049546267761838214 , 1
2.0548469948519976 , 10 -26 -27 -19 -39 -11 , -7 -31 31 0 -29 2 , -7 -10 14 17 -43 21 , 49 -5 5 0 22 27 , 29 27 26 19 16 -13 , -15 14 -11 -9 13 -15 , -6 11 -14 9 -4 -1 , -24 -14 10 -17 7 -33 , 39 36 -36 0 7 -29 , 0.0049546267761838274 , 2
2.0548469948519976 , 10 -26 -27 -19 -39 -11 , -7 -31 31 0 -29 2 , 7 10 -14 -17 43 -21 , 49 -5 5 0 22 27 , 29 27 26 19 16 -13 , 15 -14 11 9 -13 15 , 6 -11 14 -9 4 1 , 24 14 -10 17 -7 33 , 39 36 -36 0 7 -29 , 0.0049546267761838274 , 3
2.0548469948519976 , 10 -26 -27 -19 -39 -11 , 49 -5 5 0 22 27 , 4 1 -6 15 -13 9 , -7 -31 31 0 -29 2 , 29 27 26 19 16 -13 , -7 33 -24 -21 43 -17 , 14 24 -33 21 7 10 , -11 6 -1 -15 15 -14 , 39 36 -36 0 7 -29 , 0.0049546267761838318 , 4
2.0548469948519976 , 10 -26 -27 -19 -39 -11 , 49 -5 5 0 22 27 , -4 -1 6 -15 13 -9 , -7 -31 31 0 -29 2 , 29 27 26 19 16 -13 , 7 -33 24 21 -43 17 , -14 -24 33 -21 -7 -10 , 11 -6 1 15 -15 14 , 39 36 -36 0 7 -29 , 0.0049546267761838318 , 5
2.0548469948519976 , 10 -26 -27 -19 -39 -11 , 49 -5 5 0 22 27 , 1 -6 11 -13 9 -4 , -7 -31 31 0 -29 2 , 29 27 26 19 16 -13 , 33 -24 -14 43 -17 7 , -10 14 24 -43 21 7 , 14 -11 6 13 -15 15 , 39 36 -36 0 7 -29 , 0.004954626776183837 , 6
2.0548469948519976 , 10 -26 -27 -19 -39 -11 , 49 -5 5 0 22 27 , -1 6 -11 13 -9 4 , -7 -31 31 0 -29 2 , 29 27 26 19 16 -13 , -33 24 14 -43 17 -7 , 10 -14 -24 43 -21 -7 , -14 11 -6 -13 15 -15 , 39 36 -36 0 7 -29 , 0.004954626776183837 , 7
2.0548469948519976 , 10 -26 -27 -19 -39 -11 , -7 -31 31 0 -29 2 , -24 33 -7 -7 -10 14 , 49 -5 5 0 22 27 , 29 27 26 19 16 -13 , -6 1 4 -15 14 -11 , 9 -4 -1 15 -15 13 , -17 7 -33 7 21 -43 , 39 36 -36 0 7 -29 , 0.0049546267761838396 , 8
2.0548469948519976 , 10 -26 -27 -19 -39 -11 , -7 -31 31 0 -29 2 , 17 -43 21 24 -33 7 , 49 -5 5 0 22 27 , 29 27 26 19 16 -13 , -9 13 -15 6 -1 -4 , -15 15 -13 -6 11 -14 , -7 -21 43 -24 -14 10 , 39 36 -36 0 7 -29 , 0.0049546267761838396 , 9
2.0548469948519976 , 10 -26 -27 -19 -39 -11 , -7 -31 31 0 -29 2 , -17 43 -21 -24 33 -7 , 49 -5 5 0 22 27 , 29 27 26 19 16 -13 , 9 -13 15 -6 1 4 , 15 -15 13 6 -11 14 , 7 21 -43 24 14 -10 , 39 36 -36 0 7 -29 , 0.0049546267761838396 , 10
2.0548469948519976 , 10 -26 -27 -19 -39 -11 , -7 -31 31 0 -29 2 , 24 -33 7 7 10 -14 , 49 -5 5 0 22 27 , 29 27 26 19 16 -13 , 6 -1 -4 15 -14 11 , -9 4 1 -15 15 -13 , 17 -7 33 -7 -21 43 , 39 36 -36 0 7 -29 , 0.0049546267761838396 , 11
2.0548469948519976 , 10 -26 -27 -19 -39 -11 , 49 -5 5 0 22 27 , -9 4 1 -15 15 -13 , -7 -31 31 0 -29 2 , 29 27 26 19 16 -13 , 17 -7 33 -7 -21 43 , 24 -33 7 7 10 -14 , 6 -1 -4 15 -14 11 , 39 36 -36 0 7 -29 , 0.0049546267761838396 , 12
2.0548469948519976 , 10 -26 -27 -19 -39 -11 , 49 -5 5 0 22 27 , 9 -4 -1 15 -15 13 , -7 -31 31 0 -29 2 , 29 27 26 19 16 -13 , -17 7 -33 7 21 -43 , -24 33 -7 -7 -10 14 , -6 1 4 -15 14 -11 , 39 36 -36 0 7 -29 , 0.0049546267761838396 , 13
2.0548469948519976 , 10 -26 -27 -19 -39 -11 , -7 -31 31 0 -29 2 , -43 21 7 -33 7 -17 , 49 -5 5 0 22 27 , 29 27 26 19 16 -13 , 13 -15 15 -1 -4 9 , 14 -15 15 1 -6 11 , -10 -7 -21 33 -24 -14 , 39 36 -36 0 7 -29 , 0.0049546267761838413 , 14
2.0548469948519976 , 10 -26 -27 -19 -39 -11 , -7 -31 31 0 -29 2 , 43 -21 -7 33 -7 17 , 49 -5 5 0 22 27 , 29 27 26 19 16 -13 , -13 15 -15 1 4 -9 , -14 15 -15 -1 6 -11 , 10 7 21 -33 24 14 , 39 36 -36 0 7 -29 , 0.0049546267761838413 , 15
2.0548469948519976 , 10 -26 -27 -19 -39 -11 , 49 -5 5 0 22 27 , -15 15 -13 -6 11 -14 , -7 -31 31 0 -29 2 , 29 27 26 19 16 -13 , -7 -21 43 -24 -14 10 , 17 -43 21 24 -33 7 , -9 13 -15 6 -1 -4 , 39 36 -36 0 7 -29 , 0.0049546267761838431 , 16
2.0548469948519976 , 10 -26 -27 -19 -39 -11 , 49 -5 5 0 22 27 , -15 13 -9 -11 14 -15 , -7 -31 31 0 -29 2 , 29 27 26 19 16 -13 , 21 -43 17 14 -10 -7 , 7 -17 43 -14 -24 33 , -4 9 -13 11 -6 1 , 39 36 -36 0 7 -29 , 0.0049546267761838431 , 17
2.0548469948519976 , 10 -26 -27 -19 -39 -11 , 49 -5 5 0 22 27 , 15 -13 9 11 -14 15 , -7 -31 31 0 -29 2 , 29 27 26 19 16 -13 , -21 43 -17 -14 10 7 , -7 17 -43 14 24 -33 , 4 -9 13 -11 6 -1 , 39 36 -36 0 7 -29 , 0.0049546267761838431 , 18
2.0548469948519976 , 10 -26 -27 -19 -39 -11 , 49 -5 5 0 22 27 , 15 -15 13 6 -11 14 , -7 -31 31 0 -29 2 , 29 27 26 19 16 -13 , 7 21 -43 24 14 -10 , -17 43 -21 -24 33 -7 , 9 -13 15 -6 1 4 , 39 36 -36 0 7 -29 , 0.0049546267761838431 , 19
2.0548469948519976 , 10 -26 -27 -19 -39 -11 , -7 -31 31 0 -29 2 , -14 -24 33 -21 -7 -10 , 49 -5 5 0 22 27 , 29 27 26 19 16 -13 , 11 -6 1 15 -15 14 , -4 -1 6 -15 13 -9 , 7 -33 24 21 -43 17 , 39 36 -36 0 7 -29 , 0.0049546267761838448 , 20
2.0548469948519976 , 10 -26 -27 -19 -39 -11 , -7 -31 31 0 -29 2 , 14 24 -33 21 7 10 , 49 -5 5 0 22 27 , 29 27 26 19 16 -13 , -11 6 -1 -15 15 -14 , 4 1 -6 15 -13 9 , -7 33 -24 -21 43 -17 , 39 36 -36 0 7 -29 , 0.0049546267761838448 , 21
2.0548469948519976 , 10 -26 -27 -19 -39 -11 , 49 -5 5 0 22 27 , 14 -15 15 1 -6 11 , -7 -31 31 0 -29 2 , 29 27 26 19 16 -13 , -10 -7 -21 33 -24 -14 , -43 21 7 -33 7 -17 , 13 -15 15 -1 -4 9 , 39 36 -36 0 7 -29 , 0.0049546267761838457 , 22
2.0548469948519976 , 10 -26 -27 -19 -39 -11 , 49 -5 5 0 22 27 , -14 15 -15 -1 6 -11 , -7 -31 31 0 -29 2 , 29 27 26 19 16 -13 , 10 7 21 -33 24 14 , 43 -21 -7 33 -7 17 , -13 15 -15 1 4 -9 , 39 36 -36 0 7 -29 , 0.0049546267761838457 , 23
2.0548469948519976 , 10 -26 -27 -19 -39 -11 , -7 -31 31 0 -29 2 , -10 14 24 -43 21 7 , 49 -5 5 0 22 27 , 29 27 26 19 16 -13 , 14 -11 6 13 -15 15 , 1 -6 11 -13 9 -4 , 33 -24 -14 43 -17 7 , 39 36 -36 0 7 -29 , 0.0049546267761838474 , 24
2.0548469948519976 , 10 -26 -27 -19 -39 -11 , -7 -31 31 0 -29 2 , 10 -14 -24 43 -21 -7 , 49 -5 5 0 22 27 , 29 27 26 19 16 -13 , -14 11 -6 -13 15 -15 , -1 6 -11 13 -9 4 , -33 24 14 -43 17 -7 , 39 36 -36 0 7 -29 , 0.0049546267761838474 , 25
2.0548469948519976 , 10 -26 -27 -19 -39 -11 , 49 -5 5 0 22 27 , 13 -9 4 14 -15 15 , -7 -31 31 0 -29 2 , 29 27 26 19 16 -13 , -43 17 -7 -10 -7 -21 , -33 7 -17 10 -14 -24 , -1 -4 9 -14 11 -6 , 39 36 -36 0 7 -29 , 0.0049546267761838474 , 26
2.0548469948519976 , 10 -26 -27 -19 -39 -11 , 49 -5 5 0 22 27 , -13 9 -4 -14 15 -15 , -7 -31 31 0 -29 2 , 29 27 26 19 16 -13 , 43 -17 7 10 7 21 , 33 -7 17 -10 14 24 , 1 4 -9 14 -11 6 , 39 36 -36 0 7 -29 , 0.0049546267761838474 , 27
2.0548469948519976 , 10 -26 -27 -19 -39 -11 , 49 -5 5 0 22 27 , -11 14 -15 4 1 -6 , -7 -31 31 0 -29 2 , 29 27 26 19 16 -13 , 14 -10 -7 -7 33 -24 , 21 7 10 7 -17 43 , -15 15 -14 -4 9 -13 , 39 36 -36 0 7 -29 , 0.0049546267761838569 , 28
2.0548469948519976 , 10 -26 -27 -19 -39 -11 , 49 -5 5 0 22 27 , -6 11 -14 9 -4 -1 , -7 -31 31 0 -29 2 , 29 27 26 19 16 -13 , -24 -14 10 -17 7 -33 , -7 -10 14 17 -43 21 , -15 14 -11 -9 13 -15 , 39 36 -36 0 7 -29 , 0.0049546267761838569 , 29
2.0548469948519976 , 10 -26 -27 -19 -39 -11 , 49 -5 5 0 22 27 , 6 -11 14 -9 4 1 , -7 -31 31 0 -29 2 , 29 27 26 19 16 -13 , 24 14 -10 17 -7 33 , 7 10 -14 -17 43 -21 , 15 -14 11 9 -13 15 , 39 36 -36 0 7 -29 , 0.0049546267761838569 , 30
2.0548469948519976 , 10 -26 -27 -19 -39 -11 , 49 -5 5 0 22 27 , 11 -14 15 -4 -1 6 , -7 -31 31 0 -29 2 , 29 27 26 19 16 -13 , -14 10 7 7 -33 24 , -21 -7 -10 -7 17 -43 , 15 -15 14 4 -9 13 , 39 36 -36 0 7 -29 , 0.0049546267761838569 , 31
2.0548469948519976 , 10 -26 -27 -19 -39 -11 , -7 -31 31 0 -29 2 , -33 7 -17 10 -14 -24 , 49 -5 5 0 22 27 , 29 27 26 19 16 -13 , -1 -4 9 -14 11 -6 , 13 -9 4 14 -15 15 , -43 17 -7 -10 -7 -21 , 39 36 -36 0 7 -29 , 0.0049546267761838587 , 32
2.0548469948519976 , 10 -26 -27 -19 -39 -11 , -7 -31 31 0 -29 2 , 33 -7 17 -10 14 24 , 49 -5 5 0 22 27 , 29 27 26 19 16 -13 , 1 4 -9 14 -11 6 , -13 9 -4 -14 15 -15 , 43 -17 7 10 7 21 , 39 36 -36 0 7 -29 , 0.0049546267761838587 , 33
2.0548469948519976 , 10 -26 -27 -19 -39 -11 , -7 -31 31 0 -29 2 , -7 17 -43 14 24 -33 , 49 -5 5 0 22 27 , 29 27 26 19 16 -13 , 4 -9 13 -11 6 -1 , 15 -13 9 11 -14 15 , -21 43 -17 -14 10 7 , 39 36 -36 0 7 -29 , 0.004954626776183863 , 34
2.0548469948519976 , 10 -26 -27 -19 -39 -11 , -7 -31 31 0 -29 2 , 7 -17 43 -14 -24 33 , 49 -5 5 0 22 27 , 29 27 26 19 16 -13 , -4 9 -13 11 -6 1 , -15 13 -9 -11 14 -15 , 21 -43 17 14 -10 -7 , 39 36 -36 0 7 -29 , 0.004954626776183863 , 35
2.0548469948519976 , 23 -10 -54 -25 5 -30 , 18 -13 13 0 -1 12 , -14 36 -23 -3 9 3 , 24 -23 23 0 -6 17 , 48 54 10 25 24 15 , 14 -20 -6 29 -18 0 , -15 6 20 -29 6 2 , -11 23 -36 3 26 -27 , 39 36 -36 0 7 -29 , 0.0052317866603246652 , 36
2.0548469948519976 , 23 -10 -54 -25 5 -30 , 18 -13 13 0 -1 12 , 14 -36 23 3 -9 -3 , 24 -23 23 0 -6 17 , 48 54 10 25 24 15 , -14 20 6 -29 18 0 , 15 -6 -20 29 -6 -2 , 11 -23 36 -3 -26 27 , 39 36 -36 0 7 -29 , 0.0052317866603246652 , 37
2.0548469948519976 , 23 -10 -54 -25 5 -30 , 24 -23 23 0 -6 17 , -29 6 2 -14 0 -18 , 18 -13 13 0 -1 12 , 48 54 10 25 24 15 , 3 26 -27 14 3 9 , -11 27 -26 -14 36 -23 , -15 -2 -6 14 -20 -6 , 39 36 -36 0 7 -29 , 0.005231786660324666 , 38
2.0548469948519976 , 23 -10 -54 -25 5 -30 , 24 -23 23 0 -6 17 , 29 -6 -2 14 0 18 , 18 -13 13 0 -1 12 , 48 54 10 25 24 15 , -3 -26 27 -14 -3 -9 , 11 -27 26 14 -36 23 , 15 2 6 -14 20 6 , 39 36 -36 0 7 -29 , 0.005231786660324666 , 39
2.0548469948519976 , 23 -10 -54 -25 5 -30 , 18 -13 13 0 -1 12 , 3 14 -36 26 3 -9 , 24 -23 23 0 -6 17 , 48 54 10 25 24 15 , 0 -14 20 6 -29 18 , -6 -20 14 -6 -2 -15 , -23 36 -14 -26 27 -11 , 39 36 -36 0 7 -29 , 0.0052317866603247398 , 40
2.0548469948519976 , 23 -10 -54 -25 5 -30 , 18 -13 13 0 -1 12 , -3 -14 36 -26 -3 9 , 24 -23 23 0 -6 17 , 48 54 10 25 24 15 , 0 14 -20 -6 29 -18 , 6 20 -14 6 2 15 , 23 -36 14 26 -27 11 , 39 36 -36 0 7 -29 , 0.0052317866603247398 , 41
2.0548469948519976 , 23 -10 -54 -25 5 -30 , 24 -23 23 0 -6 17 , -14 0 -18 15 -6 -20 , 18 -13 13 0 -1 12 , 48 54 10 25 24 15 , 14 3 9 11 -23 36 , 3 -9 -3 -11 27 -26 , -29 18 0 -15 -2 -6 , 39 36 -36 0 7 -29 , 0.0052317866603247432 , 42
2.0548469948519976 , 23 -10 -54 -25 5 -30 , 24 -23 23 0 -6 17 , 14 0 18 -15 6 20 , 18 -13 13 0 -1 12 , 48 54 10 25 24 15 , -14 -3 -9 -11 23 -36 , -3 9 3 11 -27 26 , 29 -18 0 15 2 6 , 39 36 -36 0 7 -29 , 0.0052317866603247432 , 43
2.0548469948519976 , 23 -10 -54 -25 5 -30 , 18 -13 13 0 -1 12 , 9 3 14 -27 26 3 , 24 -23 23 0 -6 17 , 48 54 10 25 24 15 , -18 0 -14 2 6 -29 , -20 14 0 -2 -15 6 , 36 -14 -3 27 -11 23 , 39 36 -36 0 7 -29 , 0.0052317866603247684 , 44
2.0548469948519976 , 23 -10 -54 -25 5 -30 , 18 -13 13 0 -1 12 , -9 -3 -14 27 -26 -3 , 24 -23 23 0 -6 17 , 48 54 10 25 24 15 , 18 0 14 -2 -6 29 , 20 -14 0 2 15 -6 , -36 14 3 -27 11 -23 , 39 36 -36 0 7 -29 , 0.0052317866603247684 , 45
2.0548469948519976 , 23 -10 -54 -25 5 -30 , 18 -13 13 0 -1 12 , -36 23 -11 -9 -3 -14 , 24 -23 23 0 -6 17 , 48 54 10 25 24 15 , 20 6 -15 18 0 14 , 2 15 -6 -18 29 -6 , -27 11 -23 9 -3 -26 , 39 36 -36 0 7 -29 , 0.0052317866603247996 , 46
2.0548469948519976 , 23 -10 -54 -25 5 -30 , 18 -13 13 0 -1 12 , 36 -23 11 9 3 14 , 24 -23 23 0 -6 17 , 48 54 10 25 24 15 , -20 -6 15 -18 0 -14 , -2 -15 6 18 -29 6 , 27 -11 23 -9 3 26 , 39 36 -36 0 7 -29 , 0.0052317866603247996 , 47
2.0548469948519976 , 23 -10 -54 -25 5 -30 , 18 -13 13 0 -1 12 , -27 26 3 -36 23 -11 , 24 -23 23 0 -6 17 , 48 54 10 25 24 15 , 2 6 -29 20 6 -15 , -18 29 -6 -20 14 0 , 9 -3 -26 36 -14 -3 , 39 36 -36 0 7 -29 , 0.0052317866603248169 , 48
2.0548469948519976 , 23 -10 -54 -25 5 -30 , 18 -13 13 0 -1 12 , 27 -26 -3 36 -23 11 , 24 -23 23 0 -6 17 , 48 54 10 25 24 15 , -2 -6 29 -20 -6 15 , 18 -29 6 20 -14 0 , -9 3 26 -36 14 3 , 39 36 -36 0 7 -29 , 0.0052317866603248169 , 49
2.0548469948519976 , 23 -10 -54 -25 5 -30 , 24 -23 23 0 -6 17 , -18 29 -6 -20 14 0 , 18 -13 13 0 -1 12 , 48 54 10 25 24 15 , 9 -3 -26 36 -14 -3 , -27 26 3 -36 23 -11 , 2 6 -29 20 6 -15 , 39 36 -36 0 7 -29 , 0.0052317866603248196 , 50
2.0548469948519976 , 23 -10 -54 -25 5 -30 , 24 -23 23 0 -6 17 , 18 -29 6 20 -14 0 , 18 -13 13 0 -1 12 , 48 54 10 25 24 15 , -9 3 26 -36 14 3 , 27 -26 -3 36 -23 11 , -2 -6 29 -20 -6 15 , 39 36 -36 0 7 -29 , 0.0052317866603248196 , 51
2.0548469948519976 , 23 -10 -54 -25 5 -30 , 18 -13 13 0 -1 12 , -26 -3 9 -23 11 -27 , 24 -23 23 0 -6 17 , 48 54 10 25 24 15 , -6 29 -18 -6 15 2 , 0 18 -29 6 20 -14 , -3 -9 3 23 -36 14 , 39 36 -36 0 7 -29 , 0.0052317866603248282 , 52
2.0548469948519976 , 23 -10 -54 -25 5 -30 , 18 -13 13 0 -1 12 , 26 3 -9 23 -11 27 , 24 -23 23 0 -6 17 , 48 54 10 25 24 15 , 6 -29 18 6 -15 -2 , 0 -18 29 -6 -20 14 , 3 9 -3 -23 36 -14 , 39 36 -36 0 7 -29 , 0.0052317866603248282 , 53
2.0548469948519976 , 23 -10 -54 -25 5 -30 , 24 -23 23 0 -6 17 , 2 15 -6 -18 29 -6 , 18 -13 13 0 -1 12 , 48 54 10 25 24 15 , -27 11 -23 9 -3 -26 , -36 23 -11 -9 -3 -14 , 20 6 -15 18 0 14 , 39 36 -36 0 7 -29 , 0.0052317866603248317 , 54
2.0548469948519976 , 23 -10 -54 -25 5 -30 , 24 -23 23 0 -6 17 , -2 -15 6 18 -29 6 , 18 -13 13 0 -1 12 , 48 54 10 25 24 15 , 27 -11 23 -9 3 26 , 36 -23 11 9 3 14 , -20 -6 15 -18 0 -14 , 39 36 -36 0 7 -29 , 0.0052317866603248317 , 55
2.0548469948519976 , 23 -10 -54 -25 5 -30 , 18 -13 13 0 -1 12 , -23 11 -27 3 14 -36 , 24 -23 23 0 -6 17 , 48 54 10 25 24 15 , -6 15 2 0 -14 20 , -6 -2 -15 0 18 -29 , -26 27 -11 -3 -9 3 , 39 36 -36 0 7 -29 , 0.0052317866603248482 , 56
2.0548469948519976 , 23 -10 -54 -25 5 -30 , 18 -13 13 0 -1 12 , 23 -11 27 -3 -14 36 , 24 -23 23 0 -6 17 , 48 54 10 25 24 15 , 6 -15 -2 0 14 -20 , 6 2 15 0 -18 29 , 26 -27 11 3 9 -3 , 39 36 -36 0 7 -29 , 0.0052317866603248482 , 57
2.0548469948519976 , 23 -10 -54 -25 5 -30 , 24 -23 23 0 -6 17 , 6 2 15 0 -18 29 , 18 -13 13 0 -1 12 , 48 54 10 25 24 15 , 26 -27 11 3 9 -3 , 23 -11 27 -3 -14 36 , 6 -15 -2 0 14 -20 , 39 36 -36 0 7 -29 , 0.0052317866603248482 , 58
2.0548469948519976 , 23 -10 -54 -25 5 -30 , 24 -23 23 0 -6 17 , -6 -2 -15 0 18 -29 , 18 -13 13 0 -1 12 , 48 54 10 25 24 15 , -26 27 -11 -3 -9 3 , -23 11 -27 3 14 -36 , -6 15 2 0 -14 20 , 39 36 -36 0 7 -29 , 0.0052317866603248482 , 59
2.0548469948519976 , 23 -10 -54 -25 5 -30 , 24 -23 23 0 -6 17 , -20 14 0 -2 -15 6 , 18 -13 13 0 -1 12 , 48 54 10 25 24 15 , 36 -14 -3 27 -11 23 , 9 3 14 -27 26 3 , -18 0 -14 2 6 -29 , 39 36 -36 0 7 -29 , 0.0052317866603248603 , 60
2.0548469948519976 , 23 -10 -54 -25 5 -30 , 24 -23 23 0 -6 17 , 20 -14 0 2 15 -6 , 18 -13 13 0 -1 12 , 48 54 10 25 24 15 , -36 14 3 -27 11 -23 , -9 -3 -14 27 -26 -3 , 18 0 14 -2 -6 29 , 39 36 -36 0 7 -29 , 0.0052317866603248603 , 61
2.0548469948519976 , 23 -10 -54 -25 5 -30 , 18 -13 13 0 -1 12 , 11 -27 26 14 -36 23 , 24 -23 23 0 -6 17 , 48 54 10 25 24 15 , 15 2 6 -14 20 6 , 29 -6 -2 14 0 18 , -3 -26 27 -14 -3 -9 , 39 36 -36 0 7 -29 , 0.0052317866603248621 , 62
2.0548469948519976 , 23 -10 -54 -25 5 -30 , 18 -13 13 0 -1 12 , -11 27 -26 -14 36 -23 , 24 -23 23 0 -6 17 , 48 54 10 25 24 15 , -15 -2 -6 14 -20 -6 , -29 6 2 -14 0 -18 , 3 26 -27 14 3 9 , 39 36 -36 0 7 -29 , 0.0052317866603248621 , 63
2.0548469948519976 , 23 -10 -54 -25 5 -30 , 24 -23 23 0 -6 17 , -6 -20 14 -6 -2 -15 , 18 -13 13 0 -1 12 , 48 54 10 25 24 15 , -23 36 -14 -26 27 -11 , 3 14 -36 26 3 -9 , 0 -14 20 6 -29 18 , 39 36 -36 0 7 -29 , 0.005231786660324869 , 64
2.0548469948519976 , 23 -10 -54 -25 5 -30 , 24 -23 23 0 -6 17 , 6 20 -14 6 2 15 , 18 -13 13 0 -1 12 , 48 54 10 25 24 15 , 23 -36 14 26 -27 11 , -3 -14 36 -26 -3 9 , 0 14 -20 -6 29 -18 , 39 36 -36 0 7 -29 , 0.005231786660324869 , 65
2.0548469948519976 , 23 -10 -54 -25 5 -30 , 24 -23 23 0 -6 17 , 15 -6 -20 29 -6 -2 , 18 -13 13 0 -1 12 , 48 54 10 25 24 15 , 11 -23 36 -3 -26 27 , 14 -36 23 3 -9 -3 , -14 20 6 -29 18 0 , 39 36 -36 0 7 -29 , 0.0052317866603248803 , 66
2.0548469948519976 , 23 -10 -54 -25 5 -30 , 24 -23 23 0 -6 17 , -15 6 20 -29 6 2 , 18 -13 13 0 -1 12 , 48 54 10 25 24 15 , -11 23 -36 3 26 -27 , -14 36 -23 -3 9 3 , 14 -20 -6 29 -18 0 , 39 36 -36 0 7 -29 , 0.0052317866603248803 , 67
2.0548469948519976 , 23 -10 -54 -25 5 -30 , 18 -13 13 0 -1 12 , -3 9 3 11 -27 26 , 24 -23 23 0 -6 17 , 48 54 10 25 24 15 , 29 -18 0 15 2 6 , 14 0 18 -15 6 20 , -14 -3 -9 -11 23 -36 , 39 36 -36 0 7 -29 , 0.0052317866603248985 , 68
2.0548469948519976 , 23 -10 -54 -25 5 -30 , 18 -13 13 0 -1 12 , 3 -9 -3 -11 27 -26 , 24 -23 23 0 -6 17 , 48 54 10 25 24 15 , -29 18 0 -15 -2 -6 , -14 0 -18 15 -6 -20 , 14 3 9 11 -23 36 , 39 36 -36 0 7 -29 , 0.0052317866603248985 , 69
2.0548469948519976 , 23 -10 -54 -25 5 -30 , 24 -23 23 0 -6 17 , 0 -18 29 -6 -20 14 , 18 -13 13 0 -1 12 , 48 54 10 25 24 15 , 3 9 -3 -23 36 -14 , 26 3 -9 23 -11 27 , 6 -29 18 6 -15 -2 , 39 36 -36 0 7 -29 , 0.0052317866603249453 , 70
2.0548469948519976 , 23 -10 -54 -25 5 -30 , 24 -23 23 0 -6 17 , 0 18 -29 6 20 -14 , 18 -13 13 0 -1 12 , 48 54 10 25 24 15 , -3 -9 3 23 -36 14 , -26 -3 9 -23 11 -27 , -6 29 -18 -6 15 2 , 39 36 -36 0 7 -29 , 0.0052317866603249453 , 71
2.0548469948519976 , 16 -15 -61 -15 -2 -41 , 26 -6 6 0 9 15 , 12 -32 32 -1 -18 11 , 16 -30 30 0 -16 14 , 31 61 15 15 20 13 , 6 9 14 -24 16 13 , 30 -14 -9 24 -1 7 , 13 -32 32 1 -21 14 , 39 36 -36 0 7 -29 , 0.0054141902542015792 , 72
2.0548469948519976 , 16 -15 -61 -15 -2 -41 , 26 -6 6 0 9 15 , -12 32 -32 1 18 -11 , 16 -30 30 0 -16 14 , 31 61 15 15 20 13 , -6 -9 -14 24 -16 -13 , -30 14 9 -24 1 -7 , -13 32 -32 -1 21 -14 , 39 36 -36 0 7 -29 , 0.0054141902542015792 , 73
2.0548469948519976 , 16 -15 -61 -15 -2 -41 , 16 -30 30 0 -16 14 , 6 -13 -16 30 -14 -9 , 26 -6 6 0 9 15 , 31 61 15 15 20 13 , 12 -11 18 13 -32 32 , -1 -18 11 -13 14 -21 , -24 16 13 -30 7 -1 , 39 36 -36 0 7 -29 , 0.0054141902542016321 , 74
2.0548469948519976 , 16 -15 -61 -15 -2 -41 , 16 -30 30 0 -16 14 , -6 13 16 -30 14 9 , 26 -6 6 0 9 15 , 31 61 15 15 20 13 , -12 11 -18 -13 32 -32 , 1 18 -11 13 -14 21 , 24 -16 -13 30 -7 1 , 39 36 -36 0 7 -29 , 0.0054141902542016321 , 75
2.0548469948519976 , 16 -15 -61 -15 -2 -41 , 26 -6 6 0 9 15 , 13 -14 21 12 -32 32 , 16 -30 30 0 -16 14 , 31 61 15 15 20 13 , 30 -7 1 6 9 14 , 24 -1 7 -6 13 16 , 1 -21 14 -12 11 -18 , 39 36 -36 0 7 -29 , 0.0054141902542016538 , 76
2.0548469948519976 , 16 -15 -61 -15 -2 -41 , 26 -6 6 0 9 15 , -13 14 -21 -12 32 -32 , 16 -30 30 0 -16 14 , 31 61 15 15 20 13 , -30 7 -1 -6 -9 -14 , -24 1 -7 6 -13 -16 , -1 21 -14 12 -11 18 , 39 36 -36 0 7 -29 , 0.0054141902542016538 , 77
2.0548469948519976 , 16 -15 -61 -15 -2 -41 , 26 -6 6 0 9 15 , -11 12 -32 21 -1 -18 , 16 -30 30 0 -16 14 , 31 61 15 15 20 13 , -13 6 9 1 -24 16 , -14 -9 -6 -1 7 -30 , -32 32 -12 -21 14 -13 , 39 36 -36 0 7 -29 , 0.0054141902542016911 , 78
2.0548469948519976 , 16 -15 -61 -15 -2 -41 , 26 -6 6 0 9 15 , 11 -12 32 -21 1 18 , 16 -30 30 0 -16 14 , 31 61 15 15 20 13 , 13 -6 -9 -1 24 -16 , 14 9 6 1 -7 30 , 32 -32 12 21 -14 13 , 39 36 -36 0 7 -29 , 0.0054141902542016911 , 79
2.0548469948519976 , 16 -15 -61 -15 -2 -41 , 16 -30 30 0 -16 14 , -9 -6 13 7 -30 14 , 26 -6 6 0 9 15 , 31 61 15 15 20 13 , 32 -12 11 14 -13 32 , 18 -11 12 -14 21 -1 , -16 -13 6 -7 1 -24 , 39 36 -36 0 7 -29 , 0.0054141902542017258 , 80
2.0548469948519976 , 16 -15 -61 -15 -2 -41 , 16 -30 30 0 -16 14 , 9 6 -13 -7 30 -14 , 26 -6 6 0 9 15 , 31 61 15 15 20 13 , -32 12 -11 -14 13 -32 , -18 11 -12 14 -21 1 , 16 13 -6 7 -1 24 , 39 36 -36 0 7 -29 , 0.0054141902542017258 , 81
2.0548469948519976 , 16 -15 -61 -15 -2 -41 , 16 -30 30 0 -16 14 , 1 -7 30 -13 -16 24 , 26 -6 6 0 9 15 , 31 61 15 15 20 13 , 21 -14 13 -11 18 1 , 32 -13 14 11 -12 32 , 14 -30 7 13 -6 -9 , 39 36 -36 0 7 -29 , 0.0054141902542017605 , 82
2.0548469948519976 , 16 -15 -61 -15 -2 -41 , 16 -30 30 0 -16 14 , -1 7 -30 13 16 -24 , 26 -6 6 0 9 15 , 31 61 15 15 20 13 , -21 14 -13 11 -18 -1 , -32 13 -14 -11 12 -32 , -14 30 -7 -13 6 9 , 39 36 -36 0 7 -29 , 0.0054141902542017605 , 83
2.0548469948519976 , 16 -15 -61 -15 -2 -41 , 26 -6 6 0 9 15 , -18 11 -12 14 -21 1 , 16 -30 30 0 -16 14 , 31 61 15 15 20 13 , 16 13 -6 7 -1 24 , 9 6 -13 -7 30 -14 , -32 12 -11 -14 13 -32 , 39 36 -36 0 7 -29 , 0.0054141902542017744 , 84
2.0548469948519976 , 16 -15 -61 -15 -2 -41 , 26 -6 6 0 9 15 , 18 -11 12 -14 21 -1 , 16 -30 30 0 -16 14 , 31 61 15 15 20 13 , -16 -13 6 -7 1 -24 , -9 -6 13 7 -30 14 , 32 -12 11 14 -13 32 , 39 36 -36 0 7 -29 , 0.0054141902542017744 , 85
2.0548469948519976 , 16 -15 -61 -15 -2 -41 , 16 -30 30 0 -16 14 , -14 -9 -6 -1 7 -30 , 26 -6 6 0 9 15 , 31 61 15 15 20 13 , -32 32 -12 -21 14 -13 , -11 12 -32 21 -1 -18 , -13 6 9 1 -24 16 , 39 36 -36 0 7 -29 , 0.0054141902542018177 , 86
2.0548469948519976 , 16 -15 -61 -15 -2 -41 , 16 -30 30 0 -16 14 , 14 9 6 1 -7 30 , 26 -6 6 0 9 15 , 31 61 15 15 20 13 , 32 -32 12 21 -14 13 , 11 -12 32 -21 1 18 , 13 -6 -9 -1 24 -16 , 39 36 -36 0 7 -29 , 0.0054141902542018177 , 87
2.0548469948519976 , 16 -15 -61 -15 -2 -41 , 16 -30 30 0 -16 14 , -13 -16 24 -14 -9 -6 , 26 -6 6 0 9 15 , 31 61 15 15 20 13 , -11 18 1 -32 32 -12 , 21 -1 -18 32 -13 14 , 1 -24 16 14 -30 7 , 39 36 -36 0 7 -29 , 0.0054141902542018264 , 88
2.0548469948519976 , 16 -15 -61 -15 -2 -41 , 16 -30 30 0 -16 14 , 13 16 -24 14 9 6 , 26 -6 6 0 9 15 , 31 61 15 15 20 13 , 11 -18 -1 32 -32 12 , -21 1 18 -32 13 -14 , -1 24 -16 -14 30 -7 , 39 36 -36 0 7 -29 , 0.0054141902542018264 , 89
2.0548469948519976 , 16 -15 -61 -15 -2 -41 , 26 -6 6 0 9 15 , -32 13 -14 -11 12 -32 , 16 -30 30 0 -16 14 , 31 61 15 15 20 13 , -14 30 -7 -13 6 9 , -1 7 -30 13 16 -24 , -21 14 -13 11 -18 -1 , 39 36 -36 0 7 -29 , 0.005414190254201829 , 90
2.0548469948519976 , 16 -15 -61 -15 -2 -41 , 26 -6 6 0 9 15 , 32 -13 14 11 -12 32 , 16 -30 30 0 -16 14 , 31 61 15 15 20 13 , 14 -30 7 13 -6 -9 , 1 -7 30 -13 -16 24 , 21 -14 13 -11 18 1 , 39 36 -36 0 7 -29 , 0.005414190254201829 , 91
2.0548469948519976 , 16 -15 -61 -15 -2 -41 , 16 -30 30 0 -16 14 , -7 30 -14 -16 24 -1 , 26 -6 6 0 9 15 , 31 61 15 15 20 13 , -14 13 -32 18 1 -21 , -32 32 -13 -18 11 -12 , 9 14 -30 16 13 -6 , 39 36 -36 0 7 -29 , 0.0054141902542018455 , 92
2.0548469948519976 , 16 -15 -61 -15 -2 -41 , 16 -30 30 0 -16 14 , 7 -30 14 16 -24 1 , 26 -6 6 0 9 15 , 31 61 15 15 20 13 , 14 -13 32 -18 -1 21 , 32 -32 13 18 -11 12 , -9 -14 30 -16 -13 6 , 39 36 -36 0 7 -29 , 0.0054141902542018455 , 93
2.0548469948519976 , 16 -15 -61 -15 -2 -41 , 16 -30 30 0 -16 14 , -24 1 -7 6 -13 -16 , 26 -6 6 0 9 15 , 31 61 15 15 20 13 , -1 21 -14 12 -11 18 , -13 14 -21 -12 32 -32 , -30 7 -1 -6 -9 -14 , 39 36 -36 0 7 -29 , 0.0054141902542018542 , 94
2.0548469948519976 , 16 -15 -61 -15 -2 -41 , 16 -30 30 0 -16 14 , 24 -1 7 -6 13 16 , 26 -6 6 0 9 15 , 31 61 15 15 20 13 , 1 -21 14 -12 11 -18 , 13 -14 21 12 -32 32 , 30 -7 1 6 9 14 , 39 36 -36 0 7 -29 , 0.0054141902542018542 , 95
2.0548469948519976 , 16 -15 -61 -15 -2 -41 , 16 -30 30 0 -16 14 , -16 24 -1 -9 -6 13 , 26 -6 6 0 9 15 , 31 61 15 15 20 13 , 18 1 -21 32 -12 11 , -14 21 -1 -32 32 -13 , -7 1 -24 9 14 -30 , 39 36 -36 0 7 -29 , 0.0054141902542018776 , 96
2.0548469948519976 , 16 -15 -61 -15 -2 -41 , 16 -30 30 0 -16 14 , 16 -24 1 9 6 -13 , 26 -6 6 0 9 15 , 31 61 15 15 20 13 , -18 -1 21 -32 12 -11 , 14 -21 1 32 -32 13 , 7 -1 24 -9 -14 30 , 39 36 -36 0 7 -29 , 0.0054141902542018776 , 97
2.0548469948519976 , 16 -15 -61 -15 -2 -41 , 26 -6 6 0 9 15 , -32 32 -13 -18 11 -12 , 16 -30 30 0 -16 14 , 31 61 15 15 20 13 , 9 14 -30 16 13 -6 , -7 30 -14 -16 24 -1 , -14 13 -32 18 1 -21 , 39 36 -36 0 7 -29 , 0.0054141902542018793 , 98
2.0548469948519976 , 16 -15 -61 -15 -2 -41 , 26 -6 6 0 9 15 , 32 -32 13 18 -11 12 , 16 -30 30 0 -16 14 , 31 61 15 15 20 13 , -9 -14 30 -16 -13 6 , 7 -30 14 16 -24 1 , 14 -13 32 -18 -1 21 , 39 36 -36 0 7 -29 , 0.0054141902542018793 , 99
2.1612878749369164 , -4 -24 -22 -46 -14 -30 , 45 -1 1 0 23 24 , 2 9 -12 8 0 3 , 17 28 -28 0 32 4 , 42 22 24 46 -8 10 , 18 -32 18 16 -22 10 , 2 -18 32 -16 -8 10 , -6 12 -9 -8 15 -9 , 19 -27 27 0 -55 -28 , 0.0053228744093682468 , 0
2.1612878749369164 , -4 -24 -22 -46 -14 -30 , 45 -1 1 0 23 24 , -2 -9 12 -8 0 -3 , 17 28 -28 0 32 4 , 42 22 24 46 -8 10 , -18 32 -18 -16 22 -10 , -2 18 -32 16 8 -10 , 6 -12 9 8 -15 9 , 19 -27 27 0 -55 -28 , 0.0053228744093682468 , 1
2.1612878749369164 , -4 -24 -22 -46 -14 -30 , 17 28 -28 0 32 4 , -18 32 -18 -8 10 -2 , 45 -1 1 0 23 24 , 42 22 24 46 -8 10 , 12 -9 -2 15 -9 6 , -3 2 9 -15 8 0 , -10 18 -32 8 16 -22 , 19 -27 27 0 -55 -28 , 0.0053228744093682502 , 2
2.1612878749369164 , -4 -24 -22 -46 -14 -30 , 17 28 -28 0 32 4 , 18 -32 18 8 -10 2 , 45 -1 1 0 23 24 , 42 22 24 46 -8 10 , -12 9 2 -15 9 -6 , 3 -2 -9 15 -8 0 , 10 -18 32 -8 -16 22 , 19 -27 27 0 -55 -28 , 0.0053228744093682502 , 3
2.1612878749369164 , -4 -24 -22 -46 -14 -30 , 45 -1 1 0 23 24 , -15 8 0 -12 6 -9 , 17 28 -28 0 32 4 , 42 22 24 46 -8 10 , 8 16 -22 18 -2 10 , -10 22 -16 -18 32 -18 , -3 0 -8 12 -9 -2 , 19 -27 27 0 -55 -28 , 0.0053228744093682563 , 4
2.1612878749369164 , -4 -24 -22 -46 -14 -30 , 45 -1 1 0 23 24 , 15 -8 0 12 -6 9 , 17 28 -28 0 32 4 , 42 22 24 46 -8 10 , -8 -16 22 -18 2 -10 , 10 -22 16 18 -32 18 , 3 0 8 -12 9 2 , 19 -27 27 0 -55 -28 , 0.0053228744093682563 , 5
2.1612878749369164 , -4 -24 -22 -46 -14 -30 , 17 28 -28 0 32 4 , -16 -8 10 -18 10 -22 , 45 -1 1 0 23 24 , 42 22 24 46 -8 10 , -8 15 -9 -2 3 0 , -6 9 -15 2 9 -12 , 2 -10 8 18 -32 18 , 19 -27 27 0 -55 -28 , 0.0053228744093683136 , 6
2.1612878749369164 , -4 -24 -22 -46 -14 -30 , 17 28 -28 0 32 4 , 22 -16 -8 32 -18 10 , 45 -1 1 0 23 24 , 42 22 24 46 -8 10 , 0 -8 15 -9 -2 3 , 9 -15 8 9 -12 6 , -10 8 16 -32 18 -2 , 19 -27 27 0 -55 -28 , 0.0053228744093683136 , 7
2.1612878749369164 , -4 -24 -22 -46 -14 -30 , 17 28 -28 0 32 4 , -22 16 8 -32 18 -10 , 45 -1 1 0 23 24 , 42 22 24 46 -8 10 , 0 8 -15 9 2 -3 , -9 15 -8 -9 12 -6 , 10 -8 -16 32 -18 2 , 19 -27 27 0 -55 -28 , 0.0053228744093683136 , 8
2.1612878749369164 , -4 -24 -22 -46 -14 -30 , 17 28 -28 0 32 4 , 16 8 -10 18 -10 22 , 45 -1 1 0 23 24 , 42 22 24 46 -8 10 , 8 -15 9 2 -3 0 , 6 -9 15 -2 -9 12 , -2 10 -8 -18 32 -18 , 19 -27 27 0 -55 -28 , 0.0053228744093683136 , 9
2.1612878749369164 , -4 -24 -22 -46 -14 -30 , 45 -1 1 0 23 24 , 9 -12 6 0 3 -2 , 17 28 -28 0 32 4 , 42 22 24 46 -8 10 , -32 18 -2 -22 10 -18 , -10 2 -18 22 -16 -8 , 9 -6 12 0 -8 15 , 19 -27 27 0 -55 -28 , 0.005322874409368376 , 10
2.1612878749369164 , -4 -24 -22 -46 -14 -30 , 45 -1 1 0 23 24 , 8 0 3 6 -9 15 , 17 28 -28 0 32 4 , 42 22 24 46 -8 10 , 16 -22 10 -2 10 -8 , 18 -10 22 2 -18 32 , 2 -3 0 -6 12 -9 , 19 -27 27 0 -55 -28 , 0.005322874409368376 , 11
2.1612878749369164 , -4 -24 -22 -46 -14 -30 , 45 -1 1 0 23 24 , -8 0 -3 -6 9 -15 , 17 28 -28 0 32 4 , 42 22 24 46 -8 10 , -16 22 -10 2 -10 8 , -18 10 -22 -2 18 -32 , -2 3 0 6 -12 9 , 19 -27 27 0 -55 -28 , 0.005322874409368376 , 12
2.1612878749369164 , -4 -24 -22 -46 -14 -30 , 45 -1 1 0 23 24 , -9 12 -6 0 -3 2 , 17 28 -28 0 32 4 , 42 22 24 46 -8 10 , 32 -18 2 22 -10 18 , 10 -2 18 -22 16 8 , -9 6 -12 0 8 -15 , 19 -27 27 0 -55 -28 , 0.005322874409368376 , 13
2.1612878749369164 , -4 -24 -22 -46 -14 -30 , 17 28 -28 0 32 4 , -32 18 -10 -10 2 -18 , 45 -1 1 0 23 24 , 42 22 24 46 -8 10 , 9 2 -3 9 -6 12 , 0 3 -2 -9 15 -8 , -22 10 -18 10 -8 -16 , 19 -27 27 0 -55 -28 , 0.0053228744093684281 , 14
2.1612878749369164 , -4 -24 -22 -46 -14 -30 , 17 28 -28 0 32 4 , 32 -18 10 10 -2 18 , 45 -1 1 0 23 24 , 42 22 24 46 -8 10 , -9 -2 3 -9 6 -12 , 0 -3 2 9 -15 8 , 22 -10 18 -10 8 16 , 19 -27 27 0 -55 -28 , 0.0053228744093684281 , 15
2.1612878749369164 , -4 -24 -22 -46 -14 -30 , 45 -1 1 0 23 24 , 0 3 -2 -9 15 -8 , 17 28 -28 0 32 4 , 42 22 24 46 -8 10 , -22 10 -18 10 -8 -16 , -32 18 -10 -10 2 -18 , 9 2 -3 9 -6 12 , 19 -27 27 0 -55 -28 , 0.0053228744093684367 , 16
2.1612878749369164 , -4 -24 -22 -46 -14 -30 , 45 -1 1 0 23 24 , 0 -3 2 9 -15 8 , 17 28 -28 0 32 4 , 42 22 24 46 -8 10 , 22 -10 18 -10 8 16 , 32 -18 10 10 -2 18 , -9 -2 3 -9 6 -12 , 19 -27 27 0 -55 -28 , 0.0053228744093684367 , 17
2.1612878749369164 , -4 -24 -22 -46 -14 -30 , 45 -1 1 0 23 24 , -9 15 -8 -9 12 -6 , 17 28 -28 0 32 4 , 42 22 24 46 -8 10 , 10 -8 -16 32 -18 2 , -22 16 8 -32 18 -10 , 0 8 -15 9 2 -3 , 19 -27 27 0 -55 -28 , 0.0053228744093684957 , 18
2.1612878749369164 , -4 -24 -22 -46 -14 -30 , 45 -1 1 0 23 24 , 9 -15 8 9 -12 6 , 17 28 -28 0 32 4 , 42 22 24 46 -8 10 , -10 8 16 -32 18 -2 , 22 -16 -8 32 -18 10 , 0 -8 15 -9 -2 3 , 19 -27 27 0 -55 -28 , 0.0053228744093684957 , 19
2.1612878749369164 , -4 -24 -22 -46 -14 -30 , 45 -1 1 0 23 24 , -3 2 9 -15 8 0 , 17 28 -28 0 32 4 , 42 22 24 46 -8 10 , -10 18 -32 8 16 -22 , -18 32 -18 -8 10 -2 , 12 -9 -2 15 -9 6 , 19 -27 27 0 -55 -28 , 0.0053228744093685556 , 20
2.1612878749369164 , -4 -24 -22 -46 -14 -30 , 45 -1 1 0 23 24 , 3 -2 -9 15 -8 0 , 17 28 -28 0 32 4 , 42 22 24 46 -8 10 , 10 -18 32 -8 -16 22 , 18 -32 18 8 -10 2 , -12 9 2 -15 9 -6 , 19 -27 27 0 -55 -28 , 0.0053228744093685556 , 21
2.1612878749369164 , -4 -24 -22 -46 -14 -30 , 17 28 -28 0 32 4 , -18 10 -22 -2 18 -32 , 45 -1 1 0 23 24 , 42 22 24 46 -8 10 , -2 3 0 6 -12 9 , -8 0 -3 -6 9 -15 , -16 22 -10 2 -10 8 , 19 -27 27 0 -55 -28 , 0.0053228744093685556 , 22
2.1612878749369164 , -4 -24 -22 -46 -14 -30 , 17 28 -28 0 32 4 , 18 -10 22 2 -18 32 , 45 -1 1 0 23 24 , 42 22 24 46 -8 10 , 2 -3 0 -6 12 -9 , 8 0 3 6 -9 15 , 16 -22 10 -2 10 -8 , 19 -27 27 0 -55 -28 , 0.0053228744093685556 , 23
2.1612878749369164 , -4 -24 -22 -46 -14 -30 , 17 28 -28 0 32 4 , 8 -10 2 -10 22 -16 , 45 -1 1 0 23 24 , 42 22 24 46 -8 10 , -15 9 -6 -3 0 -8 , -12 6 -9 3 -2 -9 , 18 -2 10 10 -18 32 , 19 -27 27 0 -55 -28 , 0.0053228744093686171 , 24
2.1612878749369164 , -4 -24 -22 -46 -14 -30 , 17 28 -28 0 32 4 , -8 10 -2 10 -22 16 , 45 -1 1 0 23 24 , 42 22 24 46 -8 10 , 15 -9 6 3 0 8 , 12 -6 9 -3 2 9 , -18 2 -10 -10 18 -32 , 19 -27 27 0 -55 -28 , 0.0053228744093686171 , 25
2.1612878749369164 , -4 -24 -22 -46 -14 -30 , 45 -1 1 0 23 24 , 6 -9 15 -2 -9 12 , 17 28 -28 0 32 4 , 42 22 24 46 -8 10 , -2 10 -8 -18 32 -18 , 16 8 -10 18 -10 22 , 8 -15 9 2 -3 0 , 19 -27 27 0 -55 -28 , 0.0053228744093686258 , 26
2.1612878749369164 , -4 -24 -22 -46 -14 -30 , 45 -1 1 0 23 24 , -6 9 -15 2 9 -12 , 17 28 -28 0 32 4 , 42 22 24 46 -8 10 , 2 -10 8 18 -32 18 , -16 -8 10 -18 10 -22 , -8 15 -9 -2 3 0 , 19 -27 27 0 -55 -28 , 0.0053228744093686258 , 27
2.1612878749369164 , -4 -24 -22 -46 -14 -30 , 17 28 -28 0 32 4 , -10 22 -16 -18 32 -18 , 45 -1 1 0 23 24 , 42 22 24 46 -8 10 , -3 0 -8 12 -9 -2 , -15 8 0 -12 6 -9 , 8 16 -22 18 -2 10 , 19 -27 27 0 -55 -28 , 0.0053228744093686293 , 28
2.1612878749369164 , -4 -24 -22 -46 -14 -30 , 17 28 -28 0 32 4 , 10 -22 16 18 -32 18 , 45 -1 1 0 23 24 , 42 22 24 46 -8 10 , 3 0 8 -12 9 2 , 15 -8 0 12 -6 9 , -8 -16 22 -18 2 -10 , 19 -27 27 0 -55 -28 , 0.0053228744093686293 , 29
2.1612878749369164 , -4 -24 -22 -46 -14 -30 , 17 28 -28 0 32 4 , -10 2 -18 22 -16 -8 , 45 -1 1 0 23 24 , 42 22 24 46 -8 10 , 9 -6 12 0 -8 15 , 9 -12 6 0 3 -2 , -32 18 -2 -22 10 -18 , 19 -27 27 0 -55 -28 , 0.0053228744093686926 , 30
2.1612878749369164 , -4 -24 -22 -46 -14 -30 , 17 28 -28 0 32 4 , 10 -2 18 -22 16 8 , 45 -1 1 0 23 24 , 42 22 24 46 -8 10 , -9 6 -12 0 8 -15 , -9 12 -6 0 -3 2 , 32 -18 2 22 -10 18 , 19 -27 27 0 -55 -28 , 0.0053228744093686926 , 31
2.1612878749369164 , -4 -24 -22 -46 -14 -30 , 45 -1 1 0 23 24 , -12 6 -9 3 -2 -9 , 17 28 -28 0 32 4 , 42 22 24 46 -8 10 , 18 -2 10 10 -18 32 , 8 -10 2 -10 22 -16 , -15 9 -6 -3 0 -8 , 19 -27 27 0 -55 -28 , 0.0053228744093687603 , 32
2.1612878749369164 , -4 -24 -22 -46 -14 -30 , 45 -1 1 0 23 24 , 12 -6 9 -3 2 9 , 17 28 -28 0 32 4 , 42 22 24 46 -8 10 , -18 2 -10 -10 18 -32 , -8 10 -2 10 -22 16 , 15 -9 6 3 0 8 , 19 -27 27 0 -55 -28 , 0.0053228744093687603 , 33
2.1612878749369164 , -4 -24 -22 -46 -14 -30 , 17 28 -28 0 32 4 , 2 -18 32 -16 -8 10 , 45 -1 1 0 23 24 , 42 22 24 46 -8 10 , -6 12 -9 -8 15 -9 , 2 9 -12 8 0 3 , 18 -32 18 16 -22 10 , 19 -27 27 0 -55 -28 , 0.0053228744093688739 , 34
2.1612878749369164 , -4 -24 -22 -46 -14 -30 , 17 28 -28 0 32 4 , -2 18 -32 16 8 -10 , 45 -1 1 0 23 24 , 42 22 24 46 -8 10 , 6 -12 9 8 -15 9 , -2 -9 12 -8 0 -3 , -18 32 -18 -16 22 -10 , 19 -27 27 0 -55 -28 , 0.0053228744093688739 , 35
2.1612878749369164 , -13 -37 -18 -24 -51 -24 , 30 5 -5 0 20 15 , -36 26 -13 -22 18 -26 , 12 -41 41 0 -27 14 , 11 18 37 24 -6 -14 , -14 -3 23 -13 -17 11 , -1 -23 3 13 -12 -14 , -14 13 -26 22 -13 -8 , 39 36 -36 0 7 -29 , 0.0056686122801240715 , 36
2.1612878749369164 , -13 -37 -18 -24 -51 -24 , 30 5 -5 0 20 15 , 36 -26 13 22 -18 26 , 12 -41 41 0 -27 14 , 11 18 37 24 -6 -14 , 14 3 -23 13 17 -11 , 1 23 -3 -13 12 14 , 14 -13 26 -22 13 8 , 39 36 -36 0 7 -29 , 0.0056686122801240715 , 37
2.1612878749369164 , -13 -37 -18 -24 -51 -24 , 12 -41 41 0 -27 14 , 17 13 -12 3 14 11 , 30 5 -5 0 20 15 , 11 18 37 24 -6 -14 , -18 22 -13 -26 36 -26 , 8 13 -22 26 -13 14 , 14 12 -13 -3 23 1 , 39 36 -36 0 7 -29 , 0.0056686122801242614 , 38
2.1612878749369164 , -13 -37 -18 -24 -51 -24 , 12 -41 41 0 -27 14 , -17 -13 12 -3 -14 -11 , 30 5 -5 0 20 15 , 11 18 37 24 -6 -14 , 18 -22 13 26 -36 26 , -8 -13 22 -26 13 -14 , -14 -12 13 3 -23 -1 , 39 36 -36 0 7 -29 , 0.0056686122801242614 , 39
2.1612878749369164 , -13 -37 -18 -24 -51 -24 , 12 -41 41 0 -27 14 , -12 -14 1 11 -17 -13 , 30 5 -5 0 20 15 , 11 18 37 24 -6 -14 , -13 -8 14 -26 18 -22 , 13 -14 8 26 -36 26 , -23 -1 14 -11 -14 -3 , 39 36 -36 0 7 -29 , 0.0056686122801242944 , 40
2.1612878749369164 , -13 -37 -18 -24 -51 -24 , 12 -41 41 0 -27 14 , 12 14 -1 -11 17 13 , 30 5 -5 0 20 15 , 11 18 37 24 -6 -14 , 13 8 -14 26 -18 22 , -13 14 -8 -26 36 -26 , 23 1 -14 11 14 3 , 39 36 -36 0 7 -29 , 0.0056686122801242944 , 41
2.1612878749369164 , -13 -37 -18 -24 -51 -24 , 30 5 -5 0 20 15 , -26 13 -14 -18 26 -36 , 12 -41 41 0 -27 14 , 11 18 37 24 -6 -14 , 3 -23 -1 17 -11 -14 , -14 1 23 -17 -13 12 , -8 14 -13 18 -22 13 , 39 36 -36 0 7 -29 , 0.0056686122801243265 , 42
2.1612878749369164 , -13 -37 -18 -24 -51 -24 , 30 5 -5 0 20 15 , 26 -13 14 18 -26 36 , 12 -41 41 0 -27 14 , 11 18 37 24 -6 -14 , -3 23 1 -17 11 14 , 14 -1 -23 17 13 -12 , 8 -14 13 -18 22 -13 , 39 36 -36 0 7 -29 , 0.0056686122801243265 , 43
2.1612878749369164 , -13 -37 -18 -24 -51 -24 , 12 -41 41 0 -27 14 , -13 12 14 -14 -11 17 , 30 5 -5 0 20 15 , 11 18 37 24 -6 -14 , -22 13 8 -36 26 -18 , 14 -8 -13 36 -26 13 , 1 -14 -12 14 3 -23 , 39 36 -36 0 7 -29 , 0.0056686122801243386 , 44
2.1612878749369164 , -13 -37 -18 -24 -51 -24 , 12 -41 41 0 -27 14 , 13 -12 -14 14 11 -17 , 30 5 -5 0 20 15 , 11 18 37 24 -6 -14 , 22 -13 -8 36 -26 18 , -14 8 13 -36 26 -13 , -1 14 12 -14 -3 23 , 39 36 -36 0 7 -29 , 0.0056686122801243386 , 45
2.1612878749369164 , -13 -37 -18 -24 -51 -24 , 12 -41 41 0 -27 14 , -23 3 14 -12 -14 1 , 30 5 -5 0 20 15 , 11 18 37 24 -6 -14 , 13 -26 36 -13 -8 14 , 26 -36 26 13 -22 18 , -11 -14 -3 12 -13 -17 , 39 36 -36 0 7 -29 , 0.0056686122801243846 , 46
2.1612878749369164 , -13 -37 -18 -24 -51 -24 , 12 -41 41 0 -27 14 , 23 -3 -14 12 14 -1 , 30 5 -5 0 20 15 , 11 18 37 24 -6 -14 , -13 26 -36 13 8 -14 , -26 36 -26 -13 22 -18 , 11 14 3 -12 13 17 , 39 36 -36 0 7 -29 , 0.0056686122801243846 , 47
2.1612878749369164 , -13 -37 -18 -24 -51 -24 , 30 5 -5 0 20 15 , -26 36 -26 -13 22 -18 , 12 -41 41 0 -27 14 , 11 18 37 24 -6 -14 , 11 14 3 -12 13 17 , 23 -3 -14 12 14 -1 , -13 26 -36 13 8 -14 , 39 36 -36 0 7 -29 , 0.0056686122801243941 , 48
2.1612878749369164 , -13 -37 -18 -24 -51 -24 , 30 5 -5 0 20 15 , 26 -36 26 13 -22 18 , 12 -41 41 0 -27 14 , 11 18 37 24 -6 -14 , -11 -14 -3 12 -13 -17 , -23 3 14 -12 -14 1 , 13 -26 36 -13 -8 14 , 39 36 -36 0 7 -29 , 0.0056686122801243941 , 49
2.1612878749369164 , -13 -37 -18 -24 -51 -24 , 12 -41 41 0 -27 14 , -14 1 23 -17 -13 12 , 30 5 -5 0 20 15 , 11 18 37 24 -6 -14 , -8 14 -13 18 -22 13 , -26 13 -14 -18 26 -36 , 3 -23 -1 17 -11 -14 , 39 36 -36 0 7 -29 , 0.0056686122801244288 , 50
2.1612878749369164 , -13 -37 -18 -24 -51 -24 , 12 -41 41 0 -27 14 , 14 -1 -23 17 13 -12 , 30 5 -5 0 20 15 , 11 18 37 24 -6 -14 , 8 -14 13 -18 22 -13 , 26 -13 14 18 -26 36 , -3 23 1 -17 11 14 , 39 36 -36 0 7 -29 , 0.0056686122801244288 , 51
2.1612878749369164 , -13 -37 -18 -24 -51 -24 , 12 -41 41 0 -27 14 , -11 17 13 -23 3 14 , 30 5 -5 0 20 15 , 11 18 37 24 -6 -14 , 26 -18 22 13 -26 36 , 13 -22 18 -13 14 -8 , 12 -13 -17 23 1 -14 , 39 36 -36 0 7 -29 , 0.0056686122801244401 , 52
2.1612878749369164 , -13 -37 -18 -24 -51 -24 , 12 -41 41 0 -27 14 , 11 -17 -13 23 -3 -14 , 30 5 -5 0 20 15 , 11 18 37 24 -6 -14 , -26 18 -22 -13 26 -36 , -13 22 -18 13 -14 8 , -12 13 17 -23 -1 14 , 39 36 -36 0 7 -29 , 0.0056686122801244401 , 53
2.1612878749369164 , -13 -37 -18 -24 -51 -24 , 12 -41 41 0 -27 14 , 3 14 11 -14 1 23 , 30 5 -5 0 20 15 , 11 18 37 24 -6 -14 , -26 36 -26 -8 14 -13 , -18 26 -36 8 13 -22 , 17 -11 -14 14 12 -13 , 39 36 -36 0 7 -29 , 0.0056686122801245077 , 54
2.1612878749369164 , -13 -37 -18 -24 -51 -24 , 12 -41 41 0 -27 14 , -3 -14 -11 14 -1 -23 , 30 5 -5 0 20 15 , 11 18 37 24 -6 -14 , 26 -36 26 8 -14 13 , 18 -26 36 -8 -13 22 , -17 11 14 -14 -12 13 , 39 36 -36 0 7 -29 , 0.0056686122801245077 , 55
2.1612878749369164 , -13 -37 -18 -24 -51 -24 , 30 5 -5 0 20 15 , 13 -14 8 26 -36 26 , 12 -41 41 0 -27 14 , 11 18 37 24 -6 -14 , -23 -1 14 -11 -14 -3 , -12 -14 1 11 -17 -13 , -13 -8 14 -26 18 -22 , 39 36 -36 0 7 -29 , 0.0056686122801245225 , 56
2.1612878749369164 , -13 -37 -18 -24 -51 -24 , 30 5 -5 0 20 15 , -13 14 -8 -26 36 -26 , 12 -41 41 0 -27 14 , 11 18 37 24 -6 -14 , 23 1 -14 11 14 3 , 12 14 -1 -11 17 13 , 13 8 -14 26 -18 22 , 39 36 -36 0 7 -29 , 0.0056686122801245225 , 57
2.1612878749369164 , -13 -37 -18 -24 -51 -24 , 30 5 -5 0 20 15 , -13 22 -18 13 -14 8 , 12 -41 41 0 -27 14 , 11 18 37 24 -6 -14 , -12 13 17 -23 -1 14 , 11 -17 -13 23 -3 -14 , -26 18 -22 -13 26 -36 , 39 36 -36 0 7 -29 , 0.005668612280124552 , 58
2.1612878749369164 , -13 -37 -18 -24 -51 -24 , 30 5 -5 0 20 15 , 13 -22 18 -13 14 -8 , 12 -41 41 0 -27 14 , 11 18 37 24 -6 -14 , 12 -13 -17 23 1 -14 , -11 17 13 -23 3 14 , 26 -18 22 13 -26 36 , 39 36 -36 0 7 -29 , 0.005668612280124552 , 59
2.1612878749369164 , -13 -37 -18 -24 -51 -24 , 12 -41 41 0 -27 14 , -1 -23 3 13 -12 -14 , 30 5 -5 0 20 15 , 11 18 37 24 -6 -14 , -14 13 -26 22 -13 -8 , -36 26 -13 -22 18 -26 , -14 -3 23 -13 -17 11 , 39 36 -36 0 7 -29 , 0.0056686122801245745 , 60
2.1612878749369164 , -13 -37 -18 -24 -51 -24 , 12 -41 41 0 -27 14 , 1 23 -3 -13 12 14 , 30 5 -5 0 20 15 , 11 18 37 24 -6 -14 , 14 -13 26 -22 13 8 , 36 -26 13 22 -18 26 , 14 3 -23 13 17 -11 , 39 36 -36 0 7 -29 , 0.0056686122801245745 , 61
2.1612878749369164 , -13 -37 -18 -24 -51 -24 , 30 5 -5 0 20 15 , -18 26 -36 8 13 -22 , 12 -41 41 0 -27 14 , 11 18 37 24 -6 -14 , 17 -11 -14 14 12 -13 , 3 14 11 -14 1 23 , -26 36 -26 -8 14 -13 , 39 36 -36 0 7 -29 , 0.005668612280124578 , 62
2.1612878749369164 , -13 -37 -18 -24 -51 -24 , 30 5 -5 0 20 15 , 18 -26 36 -8 -13 22 , 12 -41 41 0 -27 14 , 11 18 37 24 -6 -14 , -17 11 14 -14 -12 13 , -3 -14 -11 14 -1 -23 , 26 -36 26 8 -14 13 , 39 36 -36 0 7 -29 , 0.005668612280124578 , 63
2.1612878749369164 , -13 -37 -18 -24 -51 -24 , 30 5 -5 0 20 15 , -14 8 13 -36 26 -13 , 12 -41 41 0 -27 14 , 11 18 37 24 -6 -14 , -1 14 12 -14 -3 23 , 13 -12 -14 14 11 -17 , 22 -13 -8 36 -26 18 , 39 36 -36 0 7 -29 , 0.0056686122801245962 , 64
2.1612878749369164 , -13 -37 -18 -24 -51 -24 , 30 5 -5 0 20 15 , 14 -8 -13 36 -26 13 , 12 -41 41 0 -27 14 , 11 18 37 24 -6 -14 , 1 -14 -12 14 3 -23 , -13 12 14 -14 -11 17 , -22 13 8 -36 26 -18 , 39 36 -36 0 7 -29 , 0.0056686122801245962 , 65
2.1612878749369164 , -13 -37 -18 -24 -51 -24 , 30 5 -5 0 20 15 , -8 -13 22 -26 13 -14 , 12 -41 41 0 -27 14 , 11 18 37 24 -6 -14 , -14 -12 13 3 -23 -1 , -17 -13 12 -3 -14 -11 , 18 -22 13 26 -36 26 , 39 36 -36 0 7 -29 , 0.0056686122801246561 , 66
2.1612878749369164 , -13 -37 -18 -24 -51 -24 , 30 5 -5 0 20 15 , 8 13 -22 26 -13 14 , 12 -41 41 0 -27 14 , 11 18 37 24 -6 -14 , 14 12 -13 -3 23 1 , 17 13 -12 3 14 11 , -18 22 -13 -26 36 -26 , 39 36 -36 0 7 -29 , 0.0056686122801246561 , 67
2.1612878749369164 , -13 -37 -18 -24 -51 -24 , 30 5 -5 0 20 15 , 22 -18 26 -14 8 13 , 12 -41 41 0 -27 14 , 11 18 37 24 -6 -14 , 13 17 -11 -1 14 12 , 14 11 -17 1 23 -3 , 36 -26 18 14 -13 26 , 39 36 -36 0 7 -29 , 0.0056686122801246569 , 68
2.1612878749369164 , -13 -37 -18 -24 -51 -24 , 30 5 -5 0 20 15 , -22 18 -26 14 -8 -13 , 12 -41 41 0 -27 14 , 11 18 37 24 -6 -14 , -13 -17 11 1 -14 -12 , -14 -11 17 -1 -23 3 , -36 26 -18 -14 13 -26 , 39 36 -36 0 7 -29 , 0.0056686122801246569 , 69
2.1612878749369164 , -13 -37 -18 -24 -51 -24 , 12 -41 41 0 -27 14 , -14 -11 17 -1 -23 3 , 30 5 -5 0 20 15 , 11 18 37 24 -6 -14 , -36 26 -18 -14 13 -26 , -22 18 -26 14 -8 -13 , -13 -17 11 1 -14 -12 , 39 36 -36 0 7 -29 , 0.0056686122801246734 , 70
2.1612878749369164 , -13 -37 -18 -24 -51 -24 , 12 -41 41 0 -27 14 , 14 11 -17 1 23 -3 , 30 5 -5 0 20 15 , 11 18 37 24 -6 -14 , 36 -26 18 14 -13 26 , 22 -18 26 -14 8 13 , 13 17 -11 -1 14 12 , 39 36 -36 0 7 -29 , 0.0056686122801246734 , 71
2.1612878749369164 , 9 -35 -41 -19 -17 -40 , 1 -29 29 0 -23 6 , -29 5 -18 11 -11 -25 , 41 -7 7 0 16 23 , 28 41 35 19 1 18 , 11 -8 13 9 -21 24 , 2 -13 8 -9 11 -13 , -40 18 -5 -11 -7 -16 , 39 36 -36 0 7 -29 , 0.0061105616542054281 , 72
2.1612878749369164 , 9 -35 -41 -19 -17 -40 , 1 -29 29 0 -23 6 , 29 -5 18 -11 11 25 , 41 -7 7 0 16 23 , 28 41 35 19 1 18 , -11 8 -13 -9 21 -24 , -2 13 -8 9 -11 13 , 40 -18 5 11 7 16 , 39 36 -36 0 7 -29 , 0.0061105616542054281 , 73
2.1612878749369164 , 9 -35 -41 -19 -17 -40 , 41 -7 7 0 16 23 , -24 21 -9 -13 8 -11 , 1 -29 29 0 -23 6 , 28 41 35 19 1 18 , 25 11 -11 18 -5 29 , 7 11 -11 -18 40 -16 , -11 9 -21 13 -2 -13 , 39 36 -36 0 7 -29 , 0.0061105616542055201 , 74
2.1612878749369164 , 9 -35 -41 -19 -17 -40 , 41 -7 7 0 16 23 , 24 -21 9 13 -8 11 , 1 -29 29 0 -23 6 , 28 41 35 19 1 18 , -25 -11 11 -18 5 -29 , -7 -11 11 18 -40 16 , 11 -9 21 -13 2 13 , 39 36 -36 0 7 -29 , 0.0061105616542055201 , 75
2.1612878749369164 , 9 -35 -41 -19 -17 -40 , 41 -7 7 0 16 23 , -13 8 -11 11 -13 -2 , 1 -29 29 0 -23 6 , 28 41 35 19 1 18 , 18 -5 29 -7 -16 40 , 25 -29 5 7 11 -11 , -24 11 -8 -11 9 -21 , 39 36 -36 0 7 -29 , 0.006110561654205612 , 76
2.1612878749369164 , 9 -35 -41 -19 -17 -40 , 41 -7 7 0 16 23 , 21 -9 11 8 -11 24 , 1 -29 29 0 -23 6 , 28 41 35 19 1 18 , 11 -11 -7 -5 29 -25 , 16 7 11 5 -18 40 , 13 -11 9 -8 13 -2 , 39 36 -36 0 7 -29 , 0.006110561654205612 , 77
2.1612878749369164 , 9 -35 -41 -19 -17 -40 , 41 -7 7 0 16 23 , -21 9 -11 -8 11 -24 , 1 -29 29 0 -23 6 , 28 41 35 19 1 18 , -11 11 7 5 -29 25 , -16 -7 -11 -5 18 -40 , -13 11 -9 8 -13 2 , 39 36 -36 0 7 -29 , 0.006110561654205612 , 78
2.1612878749369164 , 9 -35 -41 -19 -17 -40 , 41 -7 7 0 16 23 , 13 -8 11 -11 13 2 , 1 -29 29 0 -23 6 , 28 41 35 19 1 18 , -18 5 -29 7 16 -40 , -25 29 -5 -7 -11 11 , 24 -11 8 11 -9 21 , 39 36 -36 0 7 -29 , 0.006110561654205612 , 79
2.1612878749369164 , 9 -35 -41 -19 -17 -40 , 1 -29 29 0 -23 6 , -11 11 25 -40 16 7 , 41 -7 7 0 16 23 , 28 41 35 19 1 18 , -9 21 -24 2 13 -11 , -11 24 -21 -2 13 -8 , 29 -25 -11 40 -18 5 , 39 36 -36 0 7 -29 , 0.006110561654205658 , 80
2.1612878749369164 , 9 -35 -41 -19 -17 -40 , 1 -29 29 0 -23 6 , 11 -11 -25 40 -16 -7 , 41 -7 7 0 16 23 , 28 41 35 19 1 18 , 9 -21 24 -2 -13 11 , 11 -24 21 2 -13 8 , -29 25 11 -40 18 -5 , 39 36 -36 0 7 -29 , 0.006110561654205658 , 81
2.1612878749369164 , 9 -35 -41 -19 -17 -40 , 1 -29 29 0 -23 6 , -18 40 -16 -25 29 -5 , 41 -7 7 0 16 23 , 28 41 35 19 1 18 , 13 -2 -13 24 -11 8 , -11 13 2 -24 21 -9 , 7 16 -40 25 11 -11 , 39 36 -36 0 7 -29 , 0.006110561654205704 , 82
2.1612878749369164 , 9 -35 -41 -19 -17 -40 , 1 -29 29 0 -23 6 , 18 -40 16 25 -29 5 , 41 -7 7 0 16 23 , 28 41 35 19 1 18 , -13 2 13 -24 11 -8 , 11 -13 -2 24 -21 9 , -7 -16 40 -25 -11 11 , 39 36 -36 0 7 -29 , 0.006110561654205704 , 83
2.1612878749369164 , 9 -35 -41 -19 -17 -40 , 41 -7 7 0 16 23 , 11 -13 -2 24 -21 9 , 1 -29 29 0 -23 6 , 28 41 35 19 1 18 , -7 -16 40 -25 -11 11 , 18 -40 16 25 -29 5 , -13 2 13 -24 11 -8 , 39 36 -36 0 7 -29 , 0.006110561654205704 , 84
2.1612878749369164 , 9 -35 -41 -19 -17 -40 , 41 -7 7 0 16 23 , -9 11 -13 -11 24 -21 , 1 -29 29 0 -23 6 , 28 41 35 19 1 18 , -11 -7 -16 29 -25 -11 , -40 16 7 -29 5 -18 , 2 13 -11 11 -8 13 , 39 36 -36 0 7 -29 , 0.006110561654205704 , 85
2.1612878749369164 , 9 -35 -41 -19 -17 -40 , 41 -7 7 0 16 23 , 9 -11 13 11 -24 21 , 1 -29 29 0 -23 6 , 28 41 35 19 1 18 , 11 7 16 -29 25 11 , 40 -16 -7 29 -5 18 , -2 -13 11 -11 8 -13 , 39 36 -36 0 7 -29 , 0.006110561654205704 , 86
2.1612878749369164 , 9 -35 -41 -19 -17 -40 , 41 -7 7 0 16 23 , -11 13 2 -24 21 -9 , 1 -29 29 0 -23 6 , 28 41 35 19 1 18 , 7 16 -40 25 11 -11 , -18 40 -16 -25 29 -5 , 13 -2 -13 24 -11 8 , 39 36 -36 0 7 -29 , 0.006110561654205704 , 87
2.1612878749369164 , 9 -35 -41 -19 -17 -40 , 1 -29 29 0 -23 6 , 5 -18 40 -11 -25 29 , 41 -7 7 0 16 23 , 28 41 35 19 1 18 , -8 13 -2 -21 24 -11 , 13 2 -13 21 -9 11 , 16 -40 18 11 -11 -7 , 39 36 -36 0 7 -29 , 0.0061105616542057499 , 88
2.1612878749369164 , 9 -35 -41 -19 -17 -40 , 1 -29 29 0 -23 6 , -5 18 -40 11 25 -29 , 41 -7 7 0 16 23 , 28 41 35 19 1 18 , 8 -13 2 21 -24 11 , -13 -2 13 -21 9 -11 , -16 40 -18 -11 11 7 , 39 36 -36 0 7 -29 , 0.0061105616542057499 , 89
2.1612878749369164 , 9 -35 -41 -19 -17 -40 , 41 -7 7 0 16 23 , 8 -11 24 -13 -2 13 , 1 -29 29 0 -23 6 , 28 41 35 19 1 18 , -5 29 -25 -16 40 -18 , 11 25 -29 16 7 11 , 21 -24 11 13 -11 9 , 39 36 -36 0 7 -29 , 0.0061105616542057959 , 90
2.1612878749369164 , 9 -35 -41 -19 -17 -40 , 41 -7 7 0 16 23 , -8 11 -24 13 2 -13 , 1 -29 29 0 -23 6 , 28 41 35 19 1 18 , 5 -29 25 16 -40 18 , -11 -25 29 -16 -7 -11 , -21 24 -11 -13 11 -9 , 39 36 -36 0 7 -29 , 0.0061105616542057959 , 91
2.1612878749369164 , 9 -35 -41 -19 -17 -40 , 1 -29 29 0 -23 6 , -16 -7 -11 -5 18 -40 , 41 -7 7 0 16 23 , 28 41 35 19 1 18 , -13 11 -9 8 -13 2 , -21 9 -11 -8 11 -24 , -11 11 7 5 -29 25 , 39 36 -36 0 7 -29 , 0.006110561654205887 , 92
2.1612878749369164 , 9 -35 -41 -19 -17 -40 , 1 -29 29 0 -23 6 , 16 7 11 5 -18 40 , 41 -7 7 0 16 23 , 28 41 35 19 1 18 , 13 -11 9 -8 13 -2 , 21 -9 11 8 -11 24 , 11 -11 -7 -5 29 -25 , 39 36 -36 0 7 -29 , 0.006110561654205887 , 93
2.1612878749369164 , 9 -35 -41 -19 -17 -40 , 41 -7 7 0 16 23 , -2 13 -8 9 -11 13 , 1 -29 29 0 -23 6 , 28 41 35 19 1 18 , 40 -18 5 11 7 16 , 29 -5 18 -11 11 25 , -11 8 -13 -9 21 -24 , 39 36 -36 0 7 -29 , 0.0061105616542058878 , 94
2.1612878749369164 , 9 -35 -41 -19 -17 -40 , 41 -7 7 0 16 23 , 2 -13 8 -9 11 -13 , 1 -29 29 0 -23 6 , 28 41 35 19 1 18 , -40 18 -5 -11 -7 -16 , -29 5 -18 11 -11 -25 , 11 -8 13 9 -21 24 , 39 36 -36 0 7 -29 , 0.0061105616542058878 , 95
2.1612878749369164 , 9 -35 -41 -19 -17 -40 , 41 -7 7 0 16 23 , -11 24 -21 -2 13 -8 , 1 -29 29 0 -23 6 , 28 41 35 19 1 18 , 29 -25 -11 40 -18 5 , -11 11 25 -40 16 7 , -9 21 -24 2 13 -11 , 39 36 -36 0 7 -29 , 0.0061105616542058887 , 96
2.1612878749369164 , 9 -35 -41 -19 -17 -40 , 41 -7 7 0 16 23 , 11 -24 21 2 -13 8 , 1 -29 29 0 -23 6 , 28 41 35 19 1 18 , -29 25 11 -40 18 -5 , 11 -11 -25 40 -16 -7 , 9 -21 24 -2 -13 11 , 39 36 -36 0 7 -29 , 0.0061105616542058887 , 97
2.1612878749369164 , 9 -35 -41 -19 -17 -40 , 1 -29 29 0 -23 6 , -11 -25 29 -16 -7 -11 , 41 -7 7 0 16 23 , 28 41 35 19 1 18 , -21 24 -11 -13 11 -9 , -8 11 -24 13 2 -13 , 5 -29 25 16 -40 18 , 39 36 -36 0 7 -29 , 0.0061105616542059338 , 98
2.1612878749369164 , 9 -35 -41 -19 -17 -40 , 1 -29 29 0 -23 6 , 11 25 -29 16 7 11 , 41 -7 7 0 16 23 , 28 41 35 19 1 18 , 21 -24 11 13 -11 9 , 8 -11 24 -13 -2 13 , -5 29 -25 -16 40 -18 , 39 36 -36 0 7 -29 , 0.0061105616542059338 , 99
2.29075132742786 , 20 -9 -33 -39 -6 -1 , 16 -30 30 0 -16 14 , -9 -10 -7 21 -22 -8 , 26 -6 6 0 9 15 , 59 33 9 39 32 3 , 20 -10 19 -16 15 10 , 36 -19 10 16 -9 25 , -30 7 10 -21 -1 -12 , 39 36 -36 0 7 -29 , 0.0053154089489611343 , 0
2.29075132742786 , 20 -9 -33 -39 -6 -1 , 16 -30 30 0 -16 14 , 9 10 7 -21 22 8 , 26 -6 6 0 9 15 , 59 33 9 39 32 3 , -20 10 -19 16 -15 -10 , -36 19 -10 -16 9 -25 , 30 -7 -10 21 1 12 , 39 36 -36 0 7 -29 , 0.0053154089489611343 , 1
2.29075132742786 , 20 -9 -33 -39 -6 -1 , 26 -6 6 0 9 15 , -16 9 -25 20 -10 -15 , 16 -30 30 0 -16 14 , 59 33 9 39 32 3 , 21 1 12 -9 8 22 , 30 -12 -1 9 10 7 , -36 25 -9 -20 10 -19 , 39 36 -36 0 7 -29 , 0.0053154089489612011 , 2
2.29075132742786 , 20 -9 -33 -39 -6 -1 , 26 -6 6 0 9 15 , 16 -9 25 -20 10 15 , 16 -30 30 0 -16 14 , 59 33 9 39 32 3 , -21 -1 -12 9 -8 -22 , -30 12 1 -9 -10 -7 , 36 -25 9 20 -10 19 , 39 36 -36 0 7 -29 , 0.0053154089489612011 , 3
2.29075132742786 , 20 -9 -33 -39 -6 -1 , 26 -6 6 0 9 15 , -10 20 -10 -25 36 -19 , 16 -30 30 0 -16 14 , 59 33 9 39 32 3 , -10 -9 8 12 -30 7 , -22 -8 9 -12 -1 -21 , 15 10 -20 25 -9 16 , 39 36 -36 0 7 -29 , 0.0053154089489612635 , 4
2.29075132742786 , 20 -9 -33 -39 -6 -1 , 26 -6 6 0 9 15 , 10 -20 10 25 -36 19 , 16 -30 30 0 -16 14 , 59 33 9 39 32 3 , 10 9 -8 -12 30 -7 , 22 8 -9 12 1 21 , -15 -10 20 -25 9 -16 , 39 36 -36 0 7 -29 , 0.0053154089489612635 , 5
2.29075132742786 , 20 -9 -33 -39 -6 -1 , 16 -30 30 0 -16 14 , 12 1 21 -10 -7 30 , 26 -6 6 0 9 15 , 59 33 9 39 32 3 , -25 9 -16 -10 19 -36 , -15 16 -9 10 -20 10 , 22 -21 -1 10 9 -8 , 39 36 -36 0 7 -29 , 0.0053154089489613034 , 6
2.29075132742786 , 20 -9 -33 -39 -6 -1 , 16 -30 30 0 -16 14 , -12 -1 -21 10 7 -30 , 26 -6 6 0 9 15 , 59 33 9 39 32 3 , 25 -9 16 10 -19 36 , 15 -16 9 -10 20 -10 , -22 21 1 -10 -9 8 , 39 36 -36 0 7 -29 , 0.0053154089489613034 , 7
2.29075132742786 , 20 -9 -33 -39 -6 -1 , 16 -30 30 0 -16 14 , -10 -7 30 -22 -8 9 , 26 -6 6 0 9 15 , 59 33 9 39 32 3 , -10 19 -36 15 10 -20 , -25 36 -19 -15 16 -9 , 12 -30 7 22 -21 -1 , 39 36 -36 0 7 -29 , 0.0053154089489613095 , 8
2.29075132742786 , 20 -9 -33 -39 -6 -1 , 16 -30 30 0 -16 14 , 10 7 -30 22 8 -9 , 26 -6 6 0 9 15 , 59 33 9 39 32 3 , 10 -19 36 -15 -10 20 , 25 -36 19 15 -16 9 , -12 30 -7 -22 21 1 , 39 36 -36 0 7 -29 , 0.0053154089489613095 , 9
2.29075132742786 , 20 -9 -33 -39 -6 -1 , 16 -30 30 0 -16 14 , -8 9 10 -1 -21 22 , 26 -6 6 0 9 15 , 59 33 9 39 32 3 , 10 -20 10 -9 16 -15 , 19 -10 20 9 -25 36 , -7 -10 -9 1 12 -30 , 39 36 -36 0 7 -29 , 0.0053154089489613294 , 10
2.29075132742786 , 20 -9 -33 -39 -6 -1 , 16 -30 30 0 -16 14 , 8 -9 -10 1 21 -22 , 26 -6 6 0 9 15 , 59 33 9 39 32 3 , -10 20 -10 9 -16 15 , -19 10 -20 -9 25 -36 , 7 10 9 -1 -12 30 , 39 36 -36 0 7 -29 , 0.0053154089489613294 , 11
2.29075132742786 , 20 -9 -33 -39 -6 -1 , 16 -30 30 0 -16 14 , -7 30 -12 -8 9 10 , 26 -6 6 0 9 15 , 59 33 9 39 32 3 , 19 -36 25 10 -20 10 , 9 -25 36 -10 -15 16 , 1 12 -30 8 22 -21 , 39 36 -36 0 7 -29 , 0.0053154089489613381 , 12
2.29075132742786 , 20 -9 -33 -39 -6 -1 , 16 -30 30 0 -16 14 , 7 -30 12 8 -9 -10 , 26 -6 6 0 9 15 , 59 33 9 39 32 3 , -19 36 -25 -10 20 -10 , -9 25 -36 10 15 -16 , -1 -12 30 -8 -22 21 , 39 36 -36 0 7 -29 , 0.0053154089489613381 , 13
2.29075132742786 , 20 -9 -33 -39 -6 -1 , 16 -30 30 0 -16 14 , -30 12 1 -9 -10 -7 , 26 -6 6 0 9 15 , 59 33 9 39 32 3 , 36 -25 9 20 -10 19 , 16 -9 25 -20 10 15 , -21 -1 -12 9 -8 -22 , 39 36 -36 0 7 -29 , 0.0053154089489613407 , 14
2.29075132742786 , 20 -9 -33 -39 -6 -1 , 16 -30 30 0 -16 14 , 30 -12 -1 9 10 7 , 26 -6 6 0 9 15 , 59 33 9 39 32 3 , -36 25 -9 -20 10 -19 , -16 9 -25 20 -10 -15 , 21 1 12 -9 8 22 , 39 36 -36 0 7 -29 , 0.0053154089489613407 , 15
2.29075132742786 , 20 -9 -33 -39 -6 -1 , 26 -6 6 0 9 15 , 19 -10 20 9 -25 36 , 16 -30 30 0 -16 14 , 59 33 9 39 32 3 , -7 -10 -9 1 12 -30 , -8 9 10 -1 -21 22 , 10 -20 10 -9 16 -15 , 39 36 -36 0 7 -29 , 0.0053154089489613442 , 16
2.29075132742786 , 20 -9 -33 -39 -6 -1 , 26 -6 6 0 9 15 , -19 10 -20 -9 25 -36 , 16 -30 30 0 -16 14 , 59 33 9 39 32 3 , 7 10 9 -1 -12 30 , 8 -9 -10 1 21 -22 , -10 20 -10 9 -16 15 , 39 36 -36 0 7 -29 , 0.0053154089489613442 , 17
2.29075132742786 , 20 -9 -33 -39 -6 -1 , 26 -6 6 0 9 15 , -15 16 -9 10 -20 10 , 16 -30 30 0 -16 14 , 59 33 9 39 32 3 , 22 -21 -1 10 9 -8 , 12 1 21 -10 -7 30 , -25 9 -16 -10 19 -36 , 39 36 -36 0 7 -29 , 0.0053154089489613511 , 18
2.29075132742786 , 20 -9 -33 -39 -6 -1 , 26 -6 6 0 9 15 , 15 -16 9 -10 20 -10 , 16 -30 30 0 -16 14 , 59 33 9 39 32 3 , -22 21 1 -10 -9 8 , -12 -1 -21 10 7 -30 , 25 -9 16 10 -19 36 , 39 36 -36 0 7 -29 , 0.0053154089489613511 , 19
2.29075132742786 , 20 -9 -33 -39 -6 -1 , 26 -6 6 0 9 15 , -20 10 15 -36 19 -10 , 16 -30 30 0 -16 14 , 59 33 9 39 32 3 , 9 -8 -22 30 -7 -10 , -21 22 8 -30 12 1 , 16 -15 -10 36 -25 9 , 39 36 -36 0 7 -29 , 0.0053154089489614057 , 20
2.29075132742786 , 20 -9 -33 -39 -6 -1 , 26 -6 6 0 9 15 , 20 -10 -15 36 -19 10 , 16 -30 30 0 -16 14 , 59 33 9 39 32 3 , -9 8 22 -30 7 10 , 21 -22 -8 30 -12 -1 , -16 15 10 -36 25 -9 , 39 36 -36 0 7 -29 , 0.0053154089489614057 , 21
2.29075132742786 , 20 -9 -33 -39 -6 -1 , 16 -30 30 0 -16 14 , 1 21 -22 -7 30 -12 , 26 -6 6 0 9 15 , 59 33 9 39 32 3 , 9 -16 15 19 -36 25 , -10 -15 16 -19 10 -20 , 8 22 -21 7 10 9 , 39 36 -36 0 7 -29 , 0.0053154089489614205 , 22
2.29075132742786 , 20 -9 -33 -39 -6 -1 , 16 -30 30 0 -16 14 , -1 -21 22 7 -30 12 , 26 -6 6 0 9 15 , 59 33 9 39 32 3 , -9 16 -15 -19 36 -25 , 10 15 -16 19 -10 20 , -8 -22 21 -7 -10 -9 , 39 36 -36 0 7 -29 , 0.0053154089489614205 , 23
2.29075132742786 , 20 -9 -33 -39 -6 -1 , 26 -6 6 0 9 15 , 9 -25 36 -10 -15 16 , 16 -30 30 0 -16 14 , 59 33 9 39 32 3 , 1 12 -30 8 22 -21 , -7 30 -12 -8 9 10 , 19 -36 25 10 -20 10 , 39 36 -36 0 7 -29 , 0.0053154089489614222 , 24
2.29075132742786 , 20 -9 -33 -39 -6 -1 , 26 -6 6 0 9 15 , -9 25 -36 10 15 -16 , 16 -30 30 0 -16 14 , 59 33 9 39 32 3 , -1 -12 30 -8 -22 21 , 7 -30 12 8 -9 -10 , -19 36 -25 -10 20 -10 , 39 36 -36 0 7 -29 , 0.0053154089489614222 , 25
2.29075132742786 , 20 -9 -33 -39 -6 -1 , 26 -6 6 0 9 15 , 10 15 -16 19 -10 20 , 16 -30 30 0 -16 14 , 59 33 9 39 32 3 , -8 -22 21 -7 -10 -9 , -1 -21 22 7 -30 12 , -9 16 -15 -19 36 -25 , 39 36 -36 0 7 -29 , 0.0053154089489614248 , 26
2.29075132742786 , 20 -9 -33 -39 -6 -1 , 26 -6 6 0 9 15 , -10 -15 16 -19 10 -20 , 16 -30 30 0 -16 14 , 59 33 9 39 32 3 , 8 22 -21 7 10 9 , 1 21 -22 -7 30 -12 , 9 -16 15 19 -36 25 , 39 36 -36 0 7 -29 , 0.0053154089489614248 , 27
2.29075132742786 , 20 -9 -33 -39 -6 -1 , 16 -30 30 0 -16 14 , 21 -22 -8 30 -12 -1 , 26 -6 6 0 9 15 , 59 33 9 39 32 3 , -16 15 10 -36 25 -9 , 20 -10 -15 36 -19 10 , -9 8 22 -30 7 10 , 39 36 -36 0 7 -29 , 0.0053154089489614543 , 28
2.29075132742786 , 20 -9 -33 -39 -6 -1 , 16 -30 30 0 -16 14 , -21 22 8 -30 12 1 , 26 -6 6 0 9 15 , 59 33 9 39 32 3 , 16 -15 -10 36 -25 9 , -20 10 15 -36 19 -10 , 9 -8 -22 30 -7 -10 , 39 36 -36 0 7 -29 , 0.0053154089489614543 , 29
2.29075132742786 , 20 -9 -33 -39 -6 -1 , 26 -6 6 0 9 15 , -36 19 -10 -16 9 -25 , 16 -30 30 0 -16 14 , 59 33 9 39 32 3 , 30 -7 -10 21 1 12 , 9 10 7 -21 22 8 , -20 10 -19 16 -15 -10 , 39 36 -36 0 7 -29 , 0.0053154089489614803 , 30
2.29075132742786 , 20 -9 -33 -39 -6 -1 , 26 -6 6 0 9 15 , 36 -19 10 16 -9 25 , 16 -30 30 0 -16 14 , 59 33 9 39 32 3 , -30 7 10 -21 -1 -12 , -9 -10 -7 21 -22 -8 , 20 -10 19 -16 15 10 , 39 36 -36 0 7 -29 , 0.0053154089489614803 , 31
2.29075132742786 , 20 -9 -33 -39 -6 -1 , 16 -30 30 0 -16 14 , -22 -8 9 -12 -1 -21 , 26 -6 6 0 9 15 , 59 33 9 39 32 3 , 15 10 -20 25 -9 16 , -10 20 -10 -25 36 -19 , -10 -9 8 12 -30 7 , 39 36 -36 0 7 -29 , 0.0053154089489615385 , 32
2.29075132742786 , 20 -9 -33 -39 -6 -1 , 16 -30 30 0 -16 14 , 22 8 -9 12 1 21 , 26 -6 6 0 9 15 , 59 33 9 39 32 3 , -15 -10 20 -25 9 -16 , 10 -20 10 25 -36 19 , 10 9 -8 -12 30 -7 , 39 36 -36 0 7 -29 , 0.0053154089489615385 , 33
2.29075132742786 , 20 -9 -33 -39 -6 -1 , 26 -6 6 0 9 15 , -25 36 -19 -15 16 -9 , 16 -30 30 0 -16 14 , 59 33 9 39 32 3 , 12 -30 7 22 -21 -1 , -10 -7 30 -22 -8 9 , -10 19 -36 15 10 -20 , 39 36 -36 0 7 -29 , 0.0053154089489615515 , 34
2.29075132742786 , 20 -9 -33 -39 -6 -1 , 26 -6 6 0 9 15 , 25 -36 19 15 -16 9 , 16 -30 30 0 -16 14 , 59 33 9 39 32 3 , -12 30 -7 -22 21 1 , 10 7 -30 22 8 -9 , 10 -19 36 -15 -10 20 , 39 36 -36 0 7 -29 , 0.0053154089489615515 , 35
2.29075132742786 , -5 1 -20 -43 -36 15 , 27 -9 9 0 7 16 , 3 21 -18 13 -5 15 , 15 -27 27 0 -14 13 , 38 20 -1 43 35 -37 , -34 17 2 -19 -1 -11 , -15 -2 -17 19 -13 -18 , -10 18 -21 -13 33 -26 , 39 36 -36 0 7 -29 , 0.005382701185683003 , 36
2.29075132742786 , -5 1 -20 -43 -36 15 , 27 -9 9 0 7 16 , -3 -21 18 -13 5 -15 , 15 -27 27 0 -14 13 , 38 20 -1 43 35 -37 , 34 -17 -2 19 1 11 , 15 2 17 -19 13 18 , 10 -18 21 13 -33 26 , 39 36 -36 0 7 -29 , 0.005382701185683003 , 37
2.29075132742786 , -5 1 -20 -43 -36 15 , 15 -27 27 0 -14 13 , -1 -19 13 17 -34 11 , 27 -9 9 0 7 16 , 38 20 -1 43 35 -37 , -5 13 -33 21 3 -15 , -26 33 -13 -21 18 -10 , -18 -13 19 -17 -2 -15 , 39 36 -36 0 7 -29 , 0.0053827011856830151 , 38
2.29075132742786 , -5 1 -20 -43 -36 15 , 15 -27 27 0 -14 13 , 1 19 -13 -17 34 -11 , 27 -9 9 0 7 16 , 38 20 -1 43 35 -37 , 5 -13 33 -21 -3 15 , 26 -33 13 21 -18 10 , 18 13 -19 17 2 15 , 39 36 -36 0 7 -29 , 0.0053827011856830151 , 39
2.29075132742786 , -5 1 -20 -43 -36 15 , 27 -9 9 0 7 16 , 13 -5 15 10 -26 33 , 15 -27 27 0 -14 13 , 38 20 -1 43 35 -37 , -19 -1 -11 15 -18 -13 , -34 11 1 -15 -2 -17 , 3 -15 5 -10 18 -21 , 39 36 -36 0 7 -29 , 0.0053827011856830481 , 40
2.29075132742786 , -5 1 -20 -43 -36 15 , 27 -9 9 0 7 16 , -13 5 -15 -10 26 -33 , 15 -27 27 0 -14 13 , 38 20 -1 43 35 -37 , 19 1 11 -15 18 13 , 34 -11 -1 15 2 17 , -3 15 -5 10 -18 21 , 39 36 -36 0 7 -29 , 0.0053827011856830481 , 41
2.29075132742786 , -5 1 -20 -43 -36 15 , 15 -27 27 0 -14 13 , -18 15 2 -1 -19 13 , 27 -9 9 0 7 16 , 38 20 -1 43 35 -37 , -26 10 -18 -5 13 -33 , -21 18 -10 5 -15 3 , -17 -2 -15 1 11 -34 , 39 36 -36 0 7 -29 , 0.0053827011856830533 , 42
2.29075132742786 , -5 1 -20 -43 -36 15 , 15 -27 27 0 -14 13 , 18 -15 -2 1 19 -13 , 27 -9 9 0 7 16 , 38 20 -1 43 35 -37 , 26 -10 18 5 -13 33 , 21 -18 10 -5 15 -3 , 17 2 15 -1 -11 34 , 39 36 -36 0 7 -29 , 0.0053827011856830533 , 43
2.29075132742786 , -5 1 -20 -43 -36 15 , 15 -27 27 0 -14 13 , -19 13 18 -34 11 1 , 27 -9 9 0 7 16 , 38 20 -1 43 35 -37 , 13 -33 26 3 -15 5 , 10 -26 33 -3 -21 18 , 15 -18 -13 34 -17 -2 , 39 36 -36 0 7 -29 , 0.0053827011856830698 , 44
2.29075132742786 , -5 1 -20 -43 -36 15 , 15 -27 27 0 -14 13 , 19 -13 -18 34 -11 -1 , 27 -9 9 0 7 16 , 38 20 -1 43 35 -37 , -13 33 -26 -3 15 -5 , -10 26 -33 3 21 -18 , -15 18 13 -34 17 2 , 39 36 -36 0 7 -29 , 0.0053827011856830698 , 45
2.29075132742786 , -5 1 -20 -43 -36 15 , 27 -9 9 0 7 16 , 5 -15 3 26 -33 13 , 15 -27 27 0 -14 13 , 38 20 -1 43 35 -37 , 1 11 -34 18 13 -19 , -17 34 -11 -18 15 2 , -21 -3 15 -26 10 -18 , 39 36 -36 0 7 -29 , 0.0053827011856830776 , 46
2.29075132742786 , -5 1 -20 -43 -36 15 , 27 -9 9 0 7 16 , -5 15 -3 -26 33 -13 , 15 -27 27 0 -14 13 , 38 20 -1 43 35 -37 , -1 -11 34 -18 -13 19 , 17 -34 11 18 -15 -2 , 21 3 -15 26 -10 18 , 39 36 -36 0 7 -29 , 0.0053827011856830776 , 47
2.29075132742786 , -5 1 -20 -43 -36 15 , 15 -27 27 0 -14 13 , 11 1 19 -2 -17 34 , 27 -9 9 0 7 16 , 38 20 -1 43 35 -37 , -15 5 -13 18 -21 -3 , -33 13 -5 -18 10 -26 , 13 -19 -1 2 15 -18 , 39 36 -36 0 7 -29 , 0.0053827011856830836 , 48
2.29075132742786 , -5 1 -20 -43 -36 15 , 15 -27 27 0 -14 13 , -11 -1 -19 2 17 -34 , 27 -9 9 0 7 16 , 38 20 -1 43 35 -37 , 15 -5 13 -18 21 3 , 33 -13 5 18 -10 26 , -13 19 1 -2 -15 18 , 39 36 -36 0 7 -29 , 0.0053827011856830836 , 49
2.29075132742786 , -5 1 -20 -43 -36 15 , 27 -9 9 0 7 16 , -21 18 -10 5 -15 3 , 15 -27 27 0 -14 13 , 38 20 -1 43 35 -37 , -17 -2 -15 1 11 -34 , -18 15 2 -1 -19 13 , -26 10 -18 -5 13 -33 , 39 36 -36 0 7 -29 , 0.0053827011856830958 , 50
2.29075132742786 , -5 1 -20 -43 -36 15 , 27 -9 9 0 7 16 , 21 -18 10 -5 15 -3 , 15 -27 27 0 -14 13 , 38 20 -1 43 35 -37 , 17 2 15 -1 -11 34 , 18 -15 -2 1 19 -13 , 26 -10 18 5 -13 33 , 39 36 -36 0 7 -29 , 0.0053827011856830958 , 51
2.29075132742786 , -5 1 -20 -43 -36 15 , 15 -27 27 0 -14 13 , 13 18 -15 11 1 19 , 27 -9 9 0 7 16 , 38 20 -1 43 35 -37 , -33 26 -10 -15 5 -13 , -18 10 -26 15 -3 -21 , 2 15 -18 -11 34 -17 , 39 36 -36 0 7 -29 , 0.0053827011856831105 , 52
2.29075132742786 , -5 1 -20 -43 -36 15 , 15 -27 27 0 -14 13 , -13 -18 15 -11 -1 -19 , 27 -9 9 0 7 16 , 38 20 -1 43 35 -37 , 33 -26 10 15 -5 13 , 18 -10 26 -15 3 21 , -2 -15 18 11 -34 17 , 39 36 -36 0 7 -29 , 0.0053827011856831105 , 53
2.29075132742786 , -5 1 -20 -43 -36 15 , 27 -9 9 0 7 16 , 18 -10 26 -15 3 21 , 15 -27 27 0 -14 13 , 38 20 -1 43 35 -37 , -2 -15 18 11 -34 17 , -13 -18 15 -11 -1 -19 , 33 -26 10 15 -5 13 , 39 36 -36 0 7 -29 , 0.0053827011856831478 , 54
2.29075132742786 , -5 1 -20 -43 -36 15 , 27 -9 9 0 7 16 , -18 10 -26 15 -3 -21 , 15 -27 27 0 -14 13 , 38 20 -1 43 35 -37 , 2 15 -18 -11 34 -17 , 13 18 -15 11 1 19 , -33 26 -10 -15 5 -13 , 39 36 -36 0 7 -29 , 0.0053827011856831478 , 55
2.29075132742786 , -5 1 -20 -43 -36 15 , 27 -9 9 0 7 16 , -15 3 21 -33 13 -5 , 15 -27 27 0 -14 13 , 38 20 -1 43 35 -37 , 11 -34 17 13 -19 -1 , -2 -17 34 -13 -18 15 , 18 -21 -3 33 -26 10 , 39 36 -36 0 7 -29 , 0.0053827011856831669 , 56
2.29075132742786 , -5 1 -20 -43 -36 15 , 27 -9 9 0 7 16 , 15 -3 -21 33 -13 5 , 15 -27 27 0 -14 13 , 38 20 -1 43 35 -37 , -11 34 -17 -13 19 1 , 2 17 -34 13 18 -15 , -18 21 3 -33 26 -10 , 39 36 -36 0 7 -29 , 0.0053827011856831669 , 57
2.29075132742786 , -5 1 -20 -43 -36 15 , 27 -9 9 0 7 16 , -33 13 -5 -18 10 -26 , 15 -27 27 0 -14 13 , 38 20 -1 43 35 -37 , 13 -19 -1 2 15 -18 , 11 1 19 -2 -17 34 , -15 5 -13 18 -21 -3 , 39 36 -36 0 7 -29 , 0.0053827011856832216 , 58
2.29075132742786 , -5 1 -20 -43 -36 15 , 27 -9 9 0 7 16 , 33 -13 5 18 -10 26 , 15 -27 27 0 -14 13 , 38 20 -1 43 35 -37 , -13 19 1 -2 -15 18 , -11 -1 -19 2 17 -34 , 15 -5 13 -18 21 3 , 39 36 -36 0 7 -29 , 0.0053827011856832216 , 59
2.29075132742786 , -5 1 -20 -43 -36 15 , 15 -27 27 0 -14 13 , -15 -2 -17 19 -13 -18 , 27 -9 9 0 7 16 , 38 20 -1 43 35 -37 , -10 18 -21 -13 33 -26 , 3 21 -18 13 -5 15 , -34 17 2 -19 -1 -11 , 39 36 -36 0 7 -29 , 0.0053827011856832268 , 60
2.29075132742786 , -5 1 -20 -43 -36 15 , 15 -27 27 0 -14 13 , 15 2 17 -19 13 18 , 27 -9 9 0 7 16 , 38 20 -1 43 35 -37 , 10 -18 21 13 -33 26 , -3 -21 18 -13 5 -15 , 34 -17 -2 19 1 11 , 39 36 -36 0 7 -29 , 0.0053827011856832268 , 61
2.29075132742786 , -5 1 -20 -43 -36 15 , 15 -27 27 0 -14 13 , -2 -17 34 -13 -18 15 , 27 -9 9 0 7 16 , 38 20 -1 43 35 -37 , 18 -21 -3 33 -26 10 , -15 3 21 -33 13 -5 , 11 -34 17 13 -19 -1 , 39 36 -36 0 7 -29 , 0.0053827011856832892 , 62
2.29075132742786 , -5 1 -20 -43 -36 15 , 15 -27 27 0 -14 13 , 2 17 -34 13 18 -15 , 27 -9 9 0 7 16 , 38 20 -1 43 35 -37 , -18 21 3 -33 26 -10 , 15 -3 -21 33 -13 5 , -11 34 -17 -13 19 1 , 39 36 -36 0 7 -29 , 0.0053827011856832892 , 63
2.29075132742786 , -5 1 -20 -43 -36 15 , 27 -9 9 0 7 16 , 26 -33 13 21 -18 10 , 15 -27 27 0 -14 13 , 38 20 -1 43 35 -37 , 18 13 -19 17 2 15 , 1 19 -13 -17 34 -11 , 5 -13 33 -21 -3 15 , 39 36 -36 0 7 -29 , 0.0053827011856832944 , 64
2.29075132742786 , -5 1 -20 -43 -36 15 , 27 -9 9 0 7 16 , -26 33 -13 -21 18 -10 , 15 -27 27 0 -14 13 , 38 20 -1 43 35 -37 , -18 -13 19 -17 -2 -15 , -1 -19 13 17 -34 11 , -5 13 -33 21 3 -15 , 39 36 -36 0 7 -29 , 0.0053827011856832944 , 65
2.29075132742786 , -5 1 -20 -43 -36 15 , 27 -9 9 0 7 16 , -10 26 -33 3 21 -18 , 15 -27 27 0 -14 13 , 38 20 -1 43 35 -37 , -15 18 13 -34 17 2 , 19 -13 -18 34 -11 -1 , -13 33 -26 -3 15 -5 , 39 36 -36 0 7 -29 , 0.005382701185683336 , 66
2.29075132742786 , -5 1 -20 -43 -36 15 , 27 -9 9 0 7 16 , 10 -26 33 -3 -21 18 , 15 -27 27 0 -14 13 , 38 20 -1 43 35 -37 , 15 -18 -13 34 -17 -2 , -19 13 18 -34 11 1 , 13 -33 26 3 -15 5 , 39 36 -36 0 7 -29 , 0.005382701185683336 , 67
2.29075132742786 , -5 1 -20 -43 -36 15 , 15 -27 27 0 -14 13 , -34 11 1 -15 -2 -17 , 27 -9 9 0 7 16 , 38 20 -1 43 35 -37 , 3 -15 5 -10 18 -21 , 13 -5 15 10 -26 33 , -19 -1 -11 15 -18 -13 , 39 36 -36 0 7 -29 , 0.0053827011856833803 , 68
2.29075132742786 , -5 1 -20 -43 -36 15 , 15 -27 27 0 -14 13 , 34 -11 -1 15 2 17 , 27 -9 9 0 7 16 , 38 20 -1 43 35 -37 , -3 15 -5 10 -18 21 , -13 5 -15 -10 26 -33 , 19 1 11 -15 18 13 , 39 36 -36 0 7 -29 , 0.0053827011856833803 , 69
2.29075132742786 , -5 1 -20 -43 -36 15 , 15 -27 27 0 -14 13 , 17 -34 11 18 -15 -2 , 27 -9 9 0 7 16 , 38 20 -1 43 35 -37 , 21 3 -15 26 -10 18 , -5 15 -3 -26 33 -13 , -1 -11 34 -18 -13 19 , 39 36 -36 0 7 -29 , 0.0053827011856834271 , 70
2.29075132742786 , -5 1 -20 -43 -36 15 , 15 -27 27 0 -14 13 , -17 34 -11 -18 15 2 , 27 -9 9 0 7 16 , 38 20 -1 43 35 -37 , -21 -3 15 -26 10 -18 , 5 -15 3 26 -33 13 , 1 11 -34 18 13 -19 , 39 36 -36 0 7 -29 , 0.0053827011856834271 , 71
2.29075132742786 , 1 -32 -46 -19 -17 -42 , 34 1 -1 0 19 18 , 1 1 -3 21 -28 18 , 8 -37 37 0 -26 11 , 20 46 32 19 4 15 , 18 5 14 -8 0 30 , 26 -14 -5 8 16 -5 , -20 3 -1 -21 21 -29 , 39 36 -36 0 7 -29 , 0.0058376090273746049 , 72
2.29075132742786 , 1 -32 -46 -19 -17 -42 , 34 1 -1 0 19 18 , -1 -1 3 -21 28 -18 , 8 -37 37 0 -26 11 , 20 46 32 19 4 15 , -18 -5 -14 8 0 -30 , -26 14 5 -8 -16 5 , 20 -3 1 21 -21 29 , 39 36 -36 0 7 -29 , 0.0058376090273746049 , 73
2.29075132742786 , 1 -32 -46 -19 -17 -42 , 8 -37 37 0 -26 11 , -8 -16 5 18 -30 0 , 34 1 -1 0 19 18 , 20 46 32 19 4 15 , 21 -21 29 1 -18 28 , 20 -29 21 -1 -1 3 , -26 -5 16 -18 -5 -14 , 39 36 -36 0 7 -29 , 0.0058376090273747211 , 74
2.29075132742786 , 1 -32 -46 -19 -17 -42 , 8 -37 37 0 -26 11 , 8 16 -5 -18 30 0 , 34 1 -1 0 19 18 , 20 46 32 19 4 15 , -21 21 -29 -1 18 -28 , -20 29 -21 1 1 -3 , 26 5 -16 18 5 14 , 39 36 -36 0 7 -29 , 0.0058376090273747211 , 75
2.29075132742786 , 1 -32 -46 -19 -17 -42 , 34 1 -1 0 19 18 , -29 21 -21 -1 3 -20 , 8 -37 37 0 -26 11 , 20 46 32 19 4 15 , -5 16 8 -5 -14 26 , 0 -8 -16 5 18 -30 , -28 21 -21 1 1 -18 , 39 36 -36 0 7 -29 , 0.0058376090273747731 , 76
2.29075132742786 , 1 -32 -46 -19 -17 -42 , 34 1 -1 0 19 18 , 29 -21 21 1 -3 20 , 8 -37 37 0 -26 11 , 20 46 32 19 4 15 , 5 -16 -8 5 14 -26 , 0 8 16 -5 -18 30 , 28 -21 21 -1 -1 18 , 39 36 -36 0 7 -29 , 0.0058376090273747731 , 77
2.29075132742786 , 1 -32 -46 -19 -17 -42 , 8 -37 37 0 -26 11 , -5 -18 30 -5 -26 14 , 34 1 -1 0 19 18 , 20 46 32 19 4 15 , -1 -1 18 -29 20 -3 , 28 -18 1 29 -21 21 , 0 -30 18 5 -16 -8 , 39 36 -36 0 7 -29 , 0.0058376090273747809 , 78
2.29075132742786 , 1 -32 -46 -19 -17 -42 , 8 -37 37 0 -26 11 , 5 18 -30 5 26 -14 , 34 1 -1 0 19 18 , 20 46 32 19 4 15 , 1 1 -18 29 -20 3 , -28 18 -1 -29 21 -21 , 0 30 -18 -5 16 8 , 39 36 -36 0 7 -29 , 0.0058376090273747809 , 79
2.29075132742786 , 1 -32 -46 -19 -17 -42 , 34 1 -1 0 19 18 , -1 3 -20 28 -18 1 , 8 -37 37 0 -26 11 , 20 46 32 19 4 15 , -5 -14 26 0 -30 18 , -5 -26 14 0 -8 -16 , -29 20 -3 -28 21 -21 , 39 36 -36 0 7 -29 , 0.0058376090273748087 , 80
2.29075132742786 , 1 -32 -46 -19 -17 -42 , 34 1 -1 0 19 18 , 1 -3 20 -28 18 -1 , 8 -37 37 0 -26 11 , 20 46 32 19 4 15 , 5 14 -26 0 30 -18 , 5 26 -14 0 8 16 , 29 -20 3 28 -21 21 , 39 36 -36 0 7 -29 , 0.0058376090273748087 , 81
2.29075132742786 , 1 -32 -46 -19 -17 -42 , 8 -37 37 0 -26 11 , -30 0 8 -14 -5 -18 , 34 1 -1 0 19 18 , 20 46 32 19 4 15 , -18 28 -21 3 -1 -1 , -21 21 -28 -3 20 -29 , -16 -8 0 14 -26 -5 , 39 36 -36 0 7 -29 , 0.0058376090273748252 , 82
2.29075132742786 , 1 -32 -46 -19 -17 -42 , 8 -37 37 0 -26 11 , 30 0 -8 14 5 18 , 34 1 -1 0 19 18 , 20 46 32 19 4 15 , 18 -28 21 -3 1 1 , 21 -21 28 3 -20 29 , 16 8 0 -14 26 5 , 39 36 -36 0 7 -29 , 0.0058376090273748252 , 83
2.29075132742786 , 1 -32 -46 -19 -17 -42 , 8 -37 37 0 -26 11 , -16 5 26 -30 0 8 , 34 1 -1 0 19 18 , 20 46 32 19 4 15 , -21 29 -20 -18 28 -21 , -3 20 -29 18 -1 -1 , 14 -26 -5 30 -18 -5 , 39 36 -36 0 7 -29 , 0.0058376090273748286 , 84
2.29075132742786 , 1 -32 -46 -19 -17 -42 , 8 -37 37 0 -26 11 , 16 -5 -26 30 0 -8 , 34 1 -1 0 19 18 , 20 46 32 19 4 15 , 21 -29 20 18 -28 21 , 3 -20 29 -18 1 1 , -14 26 5 -30 18 5 , 39 36 -36 0 7 -29 , 0.0058376090273748286 , 85
2.29075132742786 , 1 -32 -46 -19 -17 -42 , 34 1 -1 0 19 18 , -20 29 -21 1 1 -3 , 8 -37 37 0 -26 11 , 20 46 32 19 4 15 , 26 5 -16 18 5 14 , 8 16 -5 -18 30 0 , -21 21 -29 -1 18 -28 , 39 36 -36 0 7 -29 , 0.0058376090273748894 , 86
2.29075132742786 , 1 -32 -46 -19 -17 -42 , 34 1 -1 0 19 18 , 20 -29 21 -1 -1 3 , 8 -37 37 0 -26 11 , 20 46 32 19 4 15 , -26 -5 16 -18 -5 -14 , -8 -16 5 18 -30 0 , 21 -21 29 1 -18 28 , 39 36 -36 0 7 -29 , 0.0058376090273748894 , 87
2.29075132742786 , 1 -32 -46 -19 -17 -42 , 34 1 -1 0 19 18 , -21 21 -28 -3 20 -29 , 8 -37 37 0 -26 11 , 20 46 32 19 4 15 , -16 -8 0 14 -26 -5 , -30 0 8 -14 -5 -18 , -18 28 -21 3 -1 -1 , 39 36 -36 0 7 -29 , 0.0058376090273749492 , 88
2.29075132742786 , 1 -32 -46 -19 -17 -42 , 34 1 -1 0 19 18 , 21 -21 28 3 -20 29 , 8 -37 37 0 -26 11 , 20 46 32 19 4 15 , 16 8 0 -14 26 5 , 30 0 -8 14 5 18 , 18 -28 21 -3 1 1 , 39 36 -36 0 7 -29 , 0.0058376090273749492 , 89
2.29075132742786 , 1 -32 -46 -19 -17 -42 , 34 1 -1 0 19 18 , 3 -20 29 -18 1 1 , 8 -37 37 0 -26 11 , 20 46 32 19 4 15 , -14 26 5 -30 18 5 , 16 -5 -26 30 0 -8 , 21 -29 20 18 -28 21 , 39 36 -36 0 7 -29 , 0.0058376090273749787 , 90
2.29075132742786 , 1 -32 -46 -19 -17 -42 , 34 1 -1 0 19 18 , -3 20 -29 18 -1 -1 , 8 -37 37 0 -26 11 , 20 46 32 19 4 15 , 14 -26 -5 30 -18 -5 , -16 5 26 -30 0 8 , -21 29 -20 -18 28 -21 , 39 36 -36 0 7 -29 , 0.0058376090273749787 , 91
2.29075132742786 , 1 -32 -46 -19 -17 -42 , 34 1 -1 0 19 18 , -18 1 1 -21 21 -28 , 8 -37 37 0 -26 11 , 20 46 32 19 4 15 , -30 18 5 -16 -8 0 , -14 -5 -18 16 -5 -26 , 3 -1 -1 21 -29 20 , 39 36 -36 0 7 -29 , 0.0058376090273749874 , 92
2.29075132742786 , 1 -32 -46 -19 -17 -42 , 34 1 -1 0 19 18 , 18 -1 -1 21 -21 28 , 8 -37 37 0 -26 11 , 20 46 32 19 4 15 , 30 -18 -5 16 8 0 , 14 5 18 -16 5 26 , -3 1 1 -21 29 -20 , 39 36 -36 0 7 -29 , 0.0058376090273749874 , 93
2.29075132742786 , 1 -32 -46 -19 -17 -42 , 34 1 -1 0 19 18 , -21 28 -18 -20 29 -21 , 8 -37 37 0 -26 11 , 20 46 32 19 4 15 , 8 0 -30 26 5 -16 , -18 30 0 -26 14 5 , -1 18 -28 20 -3 1 , 39 36 -36 0 7 -29 , 0.00583760902737499 , 94
2.29075132742786 , 1 -32 -46 -19 -17 -42 , 34 1 -1 0 19 18 , 21 -28 18 20 -29 21 , 8 -37 37 0 -26 11 , 20 46 32 19 4 15 , -8 0 30 -26 -5 16 , 18 -30 0 26 -14 -5 , 1 -18 28 -20 3 -1 , 39 36 -36 0 7 -29 , 0.00583760902737499 , 95
2.29075132742786 , 1 -32 -46 -19 -17 -42 , 8 -37 37 0 -26 11 , 5 26 -14 0 8 16 , 34 1 -1 0 19 18 , 20 46 32 19 4 15 , 29 -20 3 28 -21 21 , 1 -3 20 -28 18 -1 , 5 14 -26 0 30 -18 , 39 36 -36 0 7 -29 , 0.0058376090273749978 , 96
2.29075132742786 , 1 -32 -46 -19 -17 -42 , 8 -37 37 0 -26 11 , -5 -26 14 0 -8 -16 , 34 1 -1 0 19 18 , 20 46 32 19 4 15 , -29 20 -3 -28 21 -21 , -1 3 -20 28 -18 1 , -5 -14 26 0 -30 18 , 39 36 -36 0 7 -29 , 0.0058376090273749978 , 97
2.29075132742786 , 1 -32 -46 -19 -17 -42 , 8 -37 37 0 -26 11 , -26 14 5 -8 -16 5 , 34 1 -1 0 19 18 , 20 46 32 19 4 15 , 20 -3 1 21 -21 29 , -1 -1 3 -21 28 -18 , -18 -5 -14 8 0 -30 , 39 36 -36 0 7 -29 , 0.0058376090273750212 , 98
2.29075132742786 , 1 -32 -46 -19 -17 -42 , 8 -37 37 0 -26 11 , 26 -14 -5 8 16 -5 , 34 1 -1 0 19 18 , 20 46 32 19 4 15 , -20 3 -1 -21 21 -29 , 1 1 -3 21 -28 18 , 18 5 14 -8 0 30 , 39 36 -36 0 7 -29 , 0.0058376090273750212 , 99
2.3927888474372563 , -23 7 -20 -62 -20 -1 , 15 -27 27 0 -14 13 , -1 -11 34 -18 -13 19 , 27 -9 9 0 7 16 , 39 20 -7 62 19 -27 , -4 -19 15 -13 8 -18 , 9 -15 19 13 -33 27 , 17 -34 11 18 -15 -2 , 39 36 -36 0 7 -29 , 0.0050461223061359648 , 0
2.3927888474372563 , -23 7 -20 -62 -20 -1 , 15 -27 27 0 -14 13 , 1 11 -34 18 13 -19 , 27 -9 9 0 7 16 , 39 20 -7 62 19 -27 , 4 19 -15 13 -8 18 , -9 15 -19 -13 33 -27 , -17 34 -11 -18 15 2 , 39 36 -36 0 7 -29 , 0.0050461223061359648 , 1
2.3927888474372563 , -23 7 -20 -62 -20 -1 , 15 -27 27 0 -14 13 , -19 -1 -11 15 -18 -13 , 27 -9 9 0 7 16 , 39 20 -7 62 19 -27 , 18 -4 -19 33 -13 8 , -15 19 4 -33 27 -9 , -34 11 1 -15 -2 -17 , 39 36 -36 0 7 -29 , 0.0050461223061359795 , 2
2.3927888474372563 , -23 7 -20 -62 -20 -1 , 15 -27 27 0 -14 13 , 19 1 11 -15 18 13 , 27 -9 9 0 7 16 , 39 20 -7 62 19 -27 , -18 4 19 -33 13 -8 , 15 -19 -4 33 -27 9 , 34 -11 -1 15 2 17 , 39 36 -36 0 7 -29 , 0.0050461223061359795 , 3
2.3927888474372563 , -23 7 -20 -62 -20 -1 , 15 -27 27 0 -14 13 , -11 34 -17 -13 19 1 , 27 -9 9 0 7 16 , 39 20 -7 62 19 -27 , -19 15 -9 8 -18 4 , -27 9 -15 -8 13 -33 , 2 17 -34 13 18 -15 , 39 36 -36 0 7 -29 , 0.0050461223061359951 , 4
2.3927888474372563 , -23 7 -20 -62 -20 -1 , 15 -27 27 0 -14 13 , 11 -34 17 13 -19 -1 , 27 -9 9 0 7 16 , 39 20 -7 62 19 -27 , 19 -15 9 -8 18 -4 , 27 -9 15 8 -13 33 , -2 -17 34 -13 -18 15 , 39 36 -36 0 7 -29 , 0.0050461223061359951 , 5
2.3927888474372563 , -23 7 -20 -62 -20 -1 , 27 -9 9 0 7 16 , -13 33 -27 -4 18 -8 , 15 -27 27 0 -14 13 , 39 20 -7 62 19 -27 , -18 15 2 -1 -19 13 , -17 -2 -15 1 11 -34 , -9 27 -33 4 19 -15 , 39 36 -36 0 7 -29 , 0.0050461223061360246 , 6
2.3927888474372563 , -23 7 -20 -62 -20 -1 , 27 -9 9 0 7 16 , 13 -33 27 4 -18 8 , 15 -27 27 0 -14 13 , 39 20 -7 62 19 -27 , 18 -15 -2 1 19 -13 , 17 2 15 -1 -11 34 , 9 -27 33 -4 -19 15 , 39 36 -36 0 7 -29 , 0.0050461223061360246 , 7
2.3927888474372563 , -23 7 -20 -62 -20 -1 , 15 -27 27 0 -14 13 , -2 -15 18 11 -34 17 , 27 -9 9 0 7 16 , 39 20 -7 62 19 -27 , 27 -33 13 19 -15 9 , 8 -13 33 -19 -4 18 , -13 -18 15 -11 -1 -19 , 39 36 -36 0 7 -29 , 0.0050461223061360394 , 8
2.3927888474372563 , -23 7 -20 -62 -20 -1 , 15 -27 27 0 -14 13 , 2 15 -18 -11 34 -17 , 27 -9 9 0 7 16 , 39 20 -7 62 19 -27 , -27 33 -13 -19 15 -9 , -8 13 -33 19 4 -18 , 13 18 -15 11 1 19 , 39 36 -36 0 7 -29 , 0.0050461223061360394 , 9
2.3927888474372563 , -23 7 -20 -62 -20 -1 , 15 -27 27 0 -14 13 , -34 17 2 -19 -1 -11 , 27 -9 9 0 7 16 , 39 20 -7 62 19 -27 , -15 9 -27 18 -4 -19 , -33 27 -9 -18 8 -13 , -15 -2 -17 19 -13 -18 , 39 36 -36 0 7 -29 , 0.0050461223061360402 , 10
2.3927888474372563 , -23 7 -20 -62 -20 -1 , 15 -27 27 0 -14 13 , 34 -17 -2 19 1 11 , 27 -9 9 0 7 16 , 39 20 -7 62 19 -27 , 15 -9 27 -18 4 19 , 33 -27 9 18 -8 13 , 15 2 17 -19 13 18 , 39 36 -36 0 7 -29 , 0.0050461223061360402 , 11
2.3927888474372563 , -23 7 -20 -62 -20 -1 , 27 -9 9 0 7 16 , -33 27 -9 -18 8 -13 , 15 -27 27 0 -14 13 , 39 20 -7 62 19 -27 , -15 -2 -17 19 -13 -18 , -34 17 2 -19 -1 -11 , -15 9 -27 18 -4 -19 , 39 36 -36 0 7 -29 , 0.005046122306136055 , 12
2.3927888474372563 , -23 7 -20 -62 -20 -1 , 27 -9 9 0 7 16 , 8 -13 33 -19 -4 18 , 15 -27 27 0 -14 13 , 39 20 -7 62 19 -27 , -13 -18 15 -11 -1 -19 , -2 -15 18 11 -34 17 , 27 -33 13 19 -15 9 , 39 36 -36 0 7 -29 , 0.005046122306136055 , 13
2.3927888474372563 , -23 7 -20 -62 -20 -1 , 27 -9 9 0 7 16 , -8 13 -33 19 4 -18 , 15 -27 27 0 -14 13 , 39 20 -7 62 19 -27 , 13 18 -15 11 1 19 , 2 15 -18 -11 34 -17 , -27 33 -13 -19 15 -9 , 39 36 -36 0 7 -29 , 0.005046122306136055 , 14
2.3927888474372563 , -23 7 -20 -62 -20 -1 , 27 -9 9 0 7 16 , 33 -27 9 18 -8 13 , 15 -27 27 0 -14 13 , 39 20 -7 62 19 -27 , 15 2 17 -19 13 18 , 34 -17 -2 19 1 11 , 15 -9 27 -18 4 19 , 39 36 -36 0 7 -29 , 0.005046122306136055 , 15
2.3927888474372563 , -23 7 -20 -62 -20 -1 , 27 -9 9 0 7 16 , -18 8 -13 15 -19 -4 , 15 -27 27 0 -14 13 , 39 20 -7 62 19 -27 , 19 -13 -18 34 -11 -1 , -15 18 13 -34 17 2 , -33 13 -8 -15 9 -27 , 39 36 -36 0 7 -29 , 0.0050461223061360697 , 16
2.3927888474372563 , -23 7 -20 -62 -20 -1 , 27 -9 9 0 7 16 , 18 -8 13 -15 19 4 , 15 -27 27 0 -14 13 , 39 20 -7 62 19 -27 , -19 13 18 -34 11 1 , 15 -18 -13 34 -17 -2 , 33 -13 8 15 -9 27 , 39 36 -36 0 7 -29 , 0.0050461223061360697 , 17
2.3927888474372563 , -23 7 -20 -62 -20 -1 , 27 -9 9 0 7 16 , 19 4 -18 27 -9 15 , 15 -27 27 0 -14 13 , 39 20 -7 62 19 -27 , 11 1 19 -2 -17 34 , 13 -19 -1 2 15 -18 , -8 18 -4 -27 33 -13 , 39 36 -36 0 7 -29 , 0.0050461223061360706 , 18
2.3927888474372563 , -23 7 -20 -62 -20 -1 , 27 -9 9 0 7 16 , -19 -4 18 -27 9 -15 , 15 -27 27 0 -14 13 , 39 20 -7 62 19 -27 , -11 -1 -19 2 17 -34 , -13 19 1 -2 -15 18 , 8 -18 4 27 -33 13 , 39 36 -36 0 7 -29 , 0.0050461223061360706 , 19
2.3927888474372563 , -23 7 -20 -62 -20 -1 , 27 -9 9 0 7 16 , 4 -18 8 -9 15 -19 , 15 -27 27 0 -14 13 , 39 20 -7 62 19 -27 , 1 19 -13 -17 34 -11 , 18 13 -19 17 2 15 , 13 -8 18 9 -27 33 , 39 36 -36 0 7 -29 , 0.0050461223061360845 , 20
2.3927888474372563 , -23 7 -20 -62 -20 -1 , 27 -9 9 0 7 16 , -4 18 -8 9 -15 19 , 15 -27 27 0 -14 13 , 39 20 -7 62 19 -27 , -1 -19 13 17 -34 11 , -18 -13 19 -17 -2 -15 , -13 8 -18 -9 27 -33 , 39 36 -36 0 7 -29 , 0.0050461223061360845 , 21
2.3927888474372563 , -23 7 -20 -62 -20 -1 , 27 -9 9 0 7 16 , -15 19 4 -33 27 -9 , 15 -27 27 0 -14 13 , 39 20 -7 62 19 -27 , -34 11 1 -15 -2 -17 , -19 -1 -11 15 -18 -13 , 18 -4 -19 33 -13 8 , 39 36 -36 0 7 -29 , 0.0050461223061361296 , 22
2.3927888474372563 , -23 7 -20 -62 -20 -1 , 27 -9 9 0 7 16 , 15 -19 -4 33 -27 9 , 15 -27 27 0 -14 13 , 39 20 -7 62 19 -27 , 34 -11 -1 15 2 17 , 19 1 11 -15 18 13 , -18 4 19 -33 13 -8 , 39 36 -36 0 7 -29 , 0.0050461223061361296 , 23
2.3927888474372563 , -23 7 -20 -62 -20 -1 , 15 -27 27 0 -14 13 , -13 19 1 -2 -15 18 , 27 -9 9 0 7 16 , 39 20 -7 62 19 -27 , 8 -18 4 27 -33 13 , -19 -4 18 -27 9 -15 , -11 -1 -19 2 17 -34 , 39 36 -36 0 7 -29 , 0.0050461223061361599 , 24
2.3927888474372563 , -23 7 -20 -62 -20 -1 , 15 -27 27 0 -14 13 , 13 -19 -1 2 15 -18 , 27 -9 9 0 7 16 , 39 20 -7 62 19 -27 , -8 18 -4 -27 33 -13 , 19 4 -18 27 -9 15 , 11 1 19 -2 -17 34 , 39 36 -36 0 7 -29 , 0.0050461223061361599 , 25
2.3927888474372563 , -23 7 -20 -62 -20 -1 , 27 -9 9 0 7 16 , 27 -9 15 8 -13 33 , 15 -27 27 0 -14 13 , 39 20 -7 62 19 -27 , -2 -17 34 -13 -18 15 , 11 -34 17 13 -19 -1 , 19 -15 9 -8 18 -4 , 39 36 -36 0 7 -29 , 0.0050461223061361894 , 26
2.3927888474372563 , -23 7 -20 -62 -20 -1 , 27 -9 9 0 7 16 , -27 9 -15 -8 13 -33 , 15 -27 27 0 -14 13 , 39 20 -7 62 19 -27 , 2 17 -34 13 18 -15 , -11 34 -17 -13 19 1 , -19 15 -9 8 -18 4 , 39 36 -36 0 7 -29 , 0.0050461223061361894 , 27
2.3927888474372563 , -23 7 -20 -62 -20 -1 , 15 -27 27 0 -14 13 , -17 -2 -15 1 11 -34 , 27 -9 9 0 7 16 , 39 20 -7 62 19 -27 , -9 27 -33 4 19 -15 , -13 33 -27 -4 18 -8 , -18 15 2 -1 -19 13 , 39 36 -36 0 7 -29 , 0.0050461223061361903 , 28
2.3927888474372563 , -23 7 -20 -62 -20 -1 , 15 -27 27 0 -14 13 , 17 2 15 -1 -11 34 , 27 -9 9 0 7 16 , 39 20 -7 62 19 -27 , 9 -27 33 -4 -19 15 , 13 -33 27 4 -18 8 , 18 -15 -2 1 19 -13 , 39 36 -36 0 7 -29 , 0.0050461223061361903 , 29
2.3927888474372563 , -23 7 -20 -62 -20 -1 , 15 -27 27 0 -14 13 , -15 18 13 -34 17 2 , 27 -9 9 0 7 16 , 39 20 -7 62 19 -27 , -33 13 -8 -15 9 -27 , -18 8 -13 15 -19 -4 , 19 -13 -18 34 -11 -1 , 39 36 -36 0 7 -29 , 0.005046122306136205 , 30
2.3927888474372563 , -23 7 -20 -62 -20 -1 , 15 -27 27 0 -14 13 , 15 -18 -13 34 -17 -2 , 27 -9 9 0 7 16 , 39 20 -7 62 19 -27 , 33 -13 8 15 -9 27 , 18 -8 13 -15 19 4 , -19 13 18 -34 11 1 , 39 36 -36 0 7 -29 , 0.005046122306136205 , 31
2.3927888474372563 , -23 7 -20 -62 -20 -1 , 27 -9 9 0 7 16 , -9 15 -19 -13 33 -27 , 15 -27 27 0 -14 13 , 39 20 -7 62 19 -27 , -17 34 -11 -18 15 2 , 1 11 -34 18 13 -19 , 4 19 -15 13 -8 18 , 39 36 -36 0 7 -29 , 0.0050461223061362198 , 32
2.3927888474372563 , -23 7 -20 -62 -20 -1 , 27 -9 9 0 7 16 , 9 -15 19 13 -33 27 , 15 -27 27 0 -14 13 , 39 20 -7 62 19 -27 , 17 -34 11 18 -15 -2 , -1 -11 34 -18 -13 19 , -4 -19 15 -13 8 -18 , 39 36 -36 0 7 -29 , 0.0050461223061362198 , 33
2.3927888474372563 , -23 7 -20 -62 -20 -1 , 15 -27 27 0 -14 13 , -18 -13 19 -17 -2 -15 , 27 -9 9 0 7 16 , 39 20 -7 62 19 -27 , -13 8 -18 -9 27 -33 , -4 18 -8 9 -15 19 , -1 -19 13 17 -34 11 , 39 36 -36 0 7 -29 , 0.0050461223061362198 , 34
2.3927888474372563 , -23 7 -20 -62 -20 -1 , 15 -27 27 0 -14 13 , 18 13 -19 17 2 15 , 27 -9 9 0 7 16 , 39 20 -7 62 19 -27 , 13 -8 18 9 -27 33 , 4 -18 8 -9 15 -19 , 1 19 -13 -17 34 -11 , 39 36 -36 0 7 -29 , 0.0050461223061362198 , 35
2.3927888474372563 , -19 -16 -11 -39 -53 7 , 36 -10 10 0 11 21 , -4 15 -28 13 8 -12 , 6 -26 26 0 -18 8 , 20 11 16 39 18 -37 , -4 25 -12 -25 39 -12 , 21 12 -25 25 0 14 , -17 28 -15 -13 16 -7 , 39 36 -36 0 7 -29 , 0.0050968423218901949 , 36
2.3927888474372563 , -19 -16 -11 -39 -53 7 , 36 -10 10 0 11 21 , 4 -15 28 -13 -8 12 , 6 -26 26 0 -18 8 , 20 11 16 39 18 -37 , 4 -25 12 25 -39 12 , -21 -12 25 -25 0 -14 , 17 -28 15 13 -16 7 , 39 36 -36 0 7 -29 , 0.0050968423218901949 , 37
2.3927888474372563 , -19 -16 -11 -39 -53 7 , 6 -26 26 0 -18 8 , -39 25 0 -25 4 -12 , 36 -10 10 0 11 21 , 20 11 16 39 18 -37 , -8 -13 16 -15 4 -12 , 7 -16 13 15 -28 17 , -14 0 -25 25 -12 -21 , 39 36 -36 0 7 -29 , 0.0050968423218902522 , 38
2.3927888474372563 , -19 -16 -11 -39 -53 7 , 6 -26 26 0 -18 8 , 39 -25 0 25 -4 12 , 36 -10 10 0 11 21 , 20 11 16 39 18 -37 , 8 13 -16 15 -4 12 , -7 16 -13 -15 28 -17 , 14 0 25 -25 12 21 , 39 36 -36 0 7 -29 , 0.0050968423218902522 , 39
2.3927888474372563 , -19 -16 -11 -39 -53 7 , 6 -26 26 0 -18 8 , -25 0 -14 -4 12 -39 , 36 -10 10 0 11 21 , 20 11 16 39 18 -37 , 13 -16 7 -4 12 -8 , 17 -7 16 4 -15 28 , -21 14 0 4 -25 12 , 39 36 -36 0 7 -29 , 0.0050968423218902678 , 40
2.3927888474372563 , -19 -16 -11 -39 -53 7 , 6 -26 26 0 -18 8 , 25 0 14 4 -12 39 , 36 -10 10 0 11 21 , 20 11 16 39 18 -37 , -13 16 -7 4 -12 8 , -17 7 -16 -4 15 -28 , 21 -14 0 -4 25 -12 , 39 36 -36 0 7 -29 , 0.0050968423218902678 , 41
2.3927888474372563 , -19 -16 -11 -39 -53 7 , 6 -26 26 0 -18 8 , 0 -14 21 12 -39 25 , 36 -10 10 0 11 21 , 20 11 16 39 18 -37 , -16 7 -17 12 -8 -13 , -28 17 -7 -12 4 -15 , -12 -21 14 -12 4 -25 , 39 36 -36 0 7 -29 , 0.0050968423218902999 , 42
2.3927888474372563 , -19 -16 -11 -39 -53 7 , 6 -26 26 0 -18 8 , 0 14 -21 -12 39 -25 , 36 -10 10 0 11 21 , 20 11 16 39 18 -37 , 16 -7 17 -12 8 13 , 28 -17 7 12 -4 15 , 12 21 -14 12 -4 25 , 39 36 -36 0 7 -29 , 0.0050968423218902999 , 43
2.3927888474372563 , -19 -16 -11 -39 -53 7 , 6 -26 26 0 -18 8 , -12 25 -4 0 -14 21 , 36 -10 10 0 11 21 , 20 11 16 39 18 -37 , -28 15 -4 -16 7 -17 , -12 4 -15 16 -13 -8 , -12 4 -25 0 25 -39 , 39 36 -36 0 7 -29 , 0.0050968423218903103 , 44
2.3927888474372563 , -19 -16 -11 -39 -53 7 , 6 -26 26 0 -18 8 , 12 -25 4 0 14 -21 , 36 -10 10 0 11 21 , 20 11 16 39 18 -37 , 28 -15 4 16 -7 17 , 12 -4 15 -16 13 8 , 12 -4 25 0 -25 39 , 39 36 -36 0 7 -29 , 0.0050968423218903103 , 45
2.3927888474372563 , -19 -16 -11 -39 -53 7 , 36 -10 10 0 11 21 , 15 -28 17 8 -12 4 , 6 -26 26 0 -18 8 , 20 11 16 39 18 -37 , 25 -12 -21 39 -12 4 , -14 21 12 -39 25 0 , 7 -17 28 -8 -13 16 , 39 36 -36 0 7 -29 , 0.0050968423218903268 , 46
2.3927888474372563 , -19 -16 -11 -39 -53 7 , 36 -10 10 0 11 21 , -15 28 -17 -8 12 -4 , 6 -26 26 0 -18 8 , 20 11 16 39 18 -37 , -25 12 21 -39 12 -4 , 14 -21 -12 39 -25 0 , -7 17 -28 8 13 -16 , 39 36 -36 0 7 -29 , 0.0050968423218903268 , 47
2.3927888474372563 , -19 -16 -11 -39 -53 7 , 36 -10 10 0 11 21 , -28 17 -7 -12 4 -15 , 6 -26 26 0 -18 8 , 20 11 16 39 18 -37 , -12 -21 14 -12 4 -25 , 0 -14 21 12 -39 25 , -16 7 -17 12 -8 -13 , 39 36 -36 0 7 -29 , 0.0050968423218903346 , 48
2.3927888474372563 , -19 -16 -11 -39 -53 7 , 36 -10 10 0 11 21 , 28 -17 7 12 -4 15 , 6 -26 26 0 -18 8 , 20 11 16 39 18 -37 , 12 21 -14 12 -4 25 , 0 14 -21 -12 39 -25 , 16 -7 17 -12 8 13 , 39 36 -36 0 7 -29 , 0.0050968423218903346 , 49
2.3927888474372563 , -19 -16 -11 -39 -53 7 , 6 -26 26 0 -18 8 , -25 4 -12 14 -21 -12 , 36 -10 10 0 11 21 , 20 11 16 39 18 -37 , -15 4 -12 -7 17 -28 , -8 12 -4 7 -16 13 , -39 12 -4 -14 0 -25 , 39 36 -36 0 7 -29 , 0.0050968423218903354 , 50
2.3927888474372563 , -19 -16 -11 -39 -53 7 , 6 -26 26 0 -18 8 , 25 -4 12 -14 21 12 , 36 -10 10 0 11 21 , 20 11 16 39 18 -37 , 15 -4 12 7 -17 28 , 8 -12 4 -7 16 -13 , 39 -12 4 14 0 25 , 39 36 -36 0 7 -29 , 0.0050968423218903354 , 51
2.3927888474372563 , -19 -16 -11 -39 -53 7 , 36 -10 10 0 11 21 , 12 -4 15 -16 13 8 , 6 -26 26 0 -18 8 , 20 11 16 39 18 -37 , 12 -4 25 0 -25 39 , 12 -25 4 0 14 -21 , 28 -15 4 16 -7 17 , 39 36 -36 0 7 -29 , 0.0050968423218903363 , 52
2.3927888474372563 , -19 -16 -11 -39 -53 7 , 36 -10 10 0 11 21 , -12 4 -15 16 -13 -8 , 6 -26 26 0 -18 8 , 20 11 16 39 18 -37 , -12 4 -25 0 25 -39 , -12 25 -4 0 -14 21 , -28 15 -4 -16 7 -17 , 39 36 -36 0 7 -29 , 0.0050968423218903363 , 53
2.3927888474372563 , -19 -16 -11 -39 -53 7 , 36 -10 10 0 11 21 , -17 7 -16 -4 15 -28 , 6 -26 26 0 -18 8 , 20 11 16 39 18 -37 , 21 -14 0 -4 25 -12 , 25 0 14 4 -12 39 , -13 16 -7 4 -12 8 , 39 36 -36 0 7 -29 , 0.005096842321890345 , 54
2.3927888474372563 , -19 -16 -11 -39 -53 7 , 36 -10 10 0 11 21 , 17 -7 16 4 -15 28 , 6 -26 26 0 -18 8 , 20 11 16 39 18 -37 , -21 14 0 4 -25 12 , -25 0 -14 -4 12 -39 , 13 -16 7 -4 12 -8 , 39 36 -36 0 7 -29 , 0.005096842321890345 , 55
2.3927888474372563 , -19 -16 -11 -39 -53 7 , 6 -26 26 0 -18 8 , -12 39 -25 -12 25 -4 , 36 -10 10 0 11 21 , 20 11 16 39 18 -37 , -12 8 13 -28 15 -4 , 16 -13 -8 28 -17 7 , 0 25 -39 12 21 -14 , 39 36 -36 0 7 -29 , 0.0050968423218903493 , 56
2.3927888474372563 , -19 -16 -11 -39 -53 7 , 6 -26 26 0 -18 8 , 12 -39 25 12 -25 4 , 36 -10 10 0 11 21 , 20 11 16 39 18 -37 , 12 -8 -13 28 -15 4 , -16 13 8 -28 17 -7 , 0 -25 39 -12 -21 14 , 39 36 -36 0 7 -29 , 0.0050968423218903493 , 57
2.3927888474372563 , -19 -16 -11 -39 -53 7 , 36 -10 10 0 11 21 , 7 -16 13 15 -28 17 , 6 -26 26 0 -18 8 , 20 11 16 39 18 -37 , -14 0 -25 25 -12 -21 , -39 25 0 -25 4 -12 , -8 -13 16 -15 4 -12 , 39 36 -36 0 7 -29 , 0.0050968423218903528 , 58
2.3927888474372563 , -19 -16 -11 -39 -53 7 , 36 -10 10 0 11 21 , -7 16 -13 -15 28 -17 , 6 -26 26 0 -18 8 , 20 11 16 39 18 -37 , 14 0 25 -25 12 21 , 39 -25 0 25 -4 12 , 8 13 -16 15 -4 12 , 39 36 -36 0 7 -29 , 0.0050968423218903528 , 59
2.3927888474372563 , -19 -16 -11 -39 -53 7 , 36 -10 10 0 11 21 , -16 13 8 -28 17 -7 , 6 -26 26 0 -18 8 , 20 11 16 39 18 -37 , 0 -25 39 -12 -21 14 , 12 -39 25 12 -25 4 , 12 -8 -13 28 -15 4 , 39 36 -36 0 7 -29 , 0.0050968423218903597 , 60
2.3927888474372563 , -19 -16 -11 -39 -53 7 , 36 -10 10 0 11 21 , 16 -13 -8 28 -17 7 , 6 -26 26 0 -18 8 , 20 11 16 39 18 -37 , 0 25 -39 12 21 -14 , -12 39 -25 -12 25 -4 , -12 8 13 -28 15 -4 , 39 36 -36 0 7 -29 , 0.0050968423218903597 , 61
2.3927888474372563 , -19 -16 -11 -39 -53 7 , 6 -26 26 0 -18 8 , 4 -12 39 -21 -12 25 , 36 -10 10 0 11 21 , 20 11 16 39 18 -37 , 4 -12 8 17 -28 15 , -13 -8 12 -17 7 -16 , 25 -39 12 21 -14 0 , 39 36 -36 0 7 -29 , 0.0050968423218904066 , 62
2.3927888474372563 , -19 -16 -11 -39 -53 7 , 6 -26 26 0 -18 8 , -4 12 -39 21 12 -25 , 36 -10 10 0 11 21 , 20 11 16 39 18 -37 , -4 12 -8 -17 28 -15 , 13 8 -12 17 -7 16 , -25 39 -12 -21 14 0 , 39 36 -36 0 7 -29 , 0.0050968423218904066 , 63
2.3927888474372563 , -19 -16 -11 -39 -53 7 , 6 -26 26 0 -18 8 , -14 21 12 -39 25 0 , 36 -10 10 0 11 21 , 20 11 16 39 18 -37 , 7 -17 28 -8 -13 16 , 15 -28 17 8 -12 4 , 25 -12 -21 39 -12 4 , 39 36 -36 0 7 -29 , 0.0050968423218904126 , 64
2.3927888474372563 , -19 -16 -11 -39 -53 7 , 6 -26 26 0 -18 8 , 14 -21 -12 39 -25 0 , 36 -10 10 0 11 21 , 20 11 16 39 18 -37 , -7 17 -28 8 13 -16 , -15 28 -17 -8 12 -4 , -25 12 21 -39 12 -4 , 39 36 -36 0 7 -29 , 0.0050968423218904126 , 65
2.3927888474372563 , -19 -16 -11 -39 -53 7 , 36 -10 10 0 11 21 , 13 8 -12 17 -7 16 , 6 -26 26 0 -18 8 , 20 11 16 39 18 -37 , -25 39 -12 -21 14 0 , -4 12 -39 21 12 -25 , -4 12 -8 -17 28 -15 , 39 36 -36 0 7 -29 , 0.0050968423218904178 , 66
2.3927888474372563 , -19 -16 -11 -39 -53 7 , 36 -10 10 0 11 21 , -13 -8 12 -17 7 -16 , 6 -26 26 0 -18 8 , 20 11 16 39 18 -37 , 25 -39 12 21 -14 0 , 4 -12 39 -21 -12 25 , 4 -12 8 17 -28 15 , 39 36 -36 0 7 -29 , 0.0050968423218904178 , 67
2.3927888474372563 , -19 -16 -11 -39 -53 7 , 6 -26 26 0 -18 8 , -21 -12 25 -25 0 -14 , 36 -10 10 0 11 21 , 20 11 16 39 18 -37 , 17 -28 15 13 -16 7 , 4 -15 28 -13 -8 12 , 4 -25 12 25 -39 12 , 39 36 -36 0 7 -29 , 0.0050968423218904352 , 68
2.3927888474372563 , -19 -16 -11 -39 -53 7 , 6 -26 26 0 -18 8 , 21 12 -25 25 0 14 , 36 -10 10 0 11 21 , 20 11 16 39 18 -37 , -17 28 -15 -13 16 -7 , -4 15 -28 13 8 -12 , -4 25 -12 -25 39 -12 , 39 36 -36 0 7 -29 , 0.0050968423218904352 , 69
2.3927888474372563 , -19 -16 -11 -39 -53 7 , 36 -10 10 0 11 21 , -8 12 -4 7 -16 13 , 6 -26 26 0 -18 8 , 20 11 16 39 18 -37 , -39 12 -4 -14 0 -25 , -25 4 -12 14 -21 -12 , -15 4 -12 -7 17 -28 , 39 36 -36 0 7 -29 , 0.0050968423218904829 , 70
2.3927888474372563 , -19 -16 -11 -39 -53 7 , 36 -10 10 0 11 21 , 8 -12 4 -7 16 -13 , 6 -26 26 0 -18 8 , 20 11 16 39 18 -37 , 39 -12 4 14 0 25 , 25 -4 12 -14 21 12 , 15 -4 12 7 -17 28 , 39 36 -36 0 7 -29 , 0.0050968423218904829 , 71
2.3927888474372563 , 23 -25 -47 -19 -8 -18 , 41 -17 17 0 8 25 , -18 11 2 -11 -1 -3 , 1 -19 19 0 -15 4 , 42 47 25 19 29 17 , 45 -19 3 24 -7 27 , 21 -3 19 -24 24 12 , -7 -2 -11 11 -5 -12 , 39 36 -36 0 7 -29 , 0.0051506347739453768 , 72
2.3927888474372563 , 23 -25 -47 -19 -8 -18 , 41 -17 17 0 8 25 , 18 -11 -2 11 1 3 , 1 -19 19 0 -15 4 , 42 47 25 19 29 17 , -45 19 -3 -24 7 -27 , -21 3 -19 24 -24 -12 , 7 2 11 -11 5 12 , 39 36 -36 0 7 -29 , 0.0051506347739453768 , 73
2.3927888474372563 , 23 -25 -47 -19 -8 -18 , 41 -17 17 0 8 25 , -11 -1 -3 7 -12 -5 , 1 -19 19 0 -15 4 , 42 47 25 19 29 17 , 24 -7 27 -21 12 24 , 45 -27 7 21 -3 19 , -18 3 1 -7 -2 -11 , 39 36 -36 0 7 -29 , 0.0051506347739454046 , 74
2.3927888474372563 , 23 -25 -47 -19 -8 -18 , 41 -17 17 0 8 25 , 11 1 3 -7 12 5 , 1 -19 19 0 -15 4 , 42 47 25 19 29 17 , -24 7 -27 21 -12 -24 , -45 27 -7 -21 3 -19 , 18 -3 -1 7 2 11 , 39 36 -36 0 7 -29 , 0.0051506347739454046 , 75
2.3927888474372563 , 23 -25 -47 -19 -8 -18 , 1 -19 19 0 -15 4 , -19 45 -27 -12 21 -3 , 41 -17 17 0 8 25 , 42 47 25 19 29 17 , 11 -18 3 12 -7 -2 , -1 -3 18 -12 -5 11 , -7 27 -45 12 24 -24 , 39 36 -36 0 7 -29 , 0.0051506347739454878 , 76
2.3927888474372563 , 23 -25 -47 -19 -8 -18 , 1 -19 19 0 -15 4 , 19 -45 27 12 -21 3 , 41 -17 17 0 8 25 , 42 47 25 19 29 17 , -11 18 -3 -12 7 2 , 1 3 -18 12 5 -11 , 7 -27 45 -12 -24 24 , 39 36 -36 0 7 -29 , 0.0051506347739454878 , 77
2.3927888474372563 , 23 -25 -47 -19 -8 -18 , 41 -17 17 0 8 25 , 1 3 -18 12 5 -11 , 1 -19 19 0 -15 4 , 42 47 25 19 29 17 , 7 -27 45 -12 -24 24 , 19 -45 27 12 -21 3 , -11 18 -3 -12 7 2 , 39 36 -36 0 7 -29 , 0.0051506347739454922 , 78
2.3927888474372563 , 23 -25 -47 -19 -8 -18 , 41 -17 17 0 8 25 , -1 -3 18 -12 -5 11 , 1 -19 19 0 -15 4 , 42 47 25 19 29 17 , -7 27 -45 12 24 -24 , -19 45 -27 -12 21 -3 , 11 -18 3 12 -7 -2 , 39 36 -36 0 7 -29 , 0.0051506347739454922 , 79
2.3927888474372563 , 23 -25 -47 -19 -8 -18 , 41 -17 17 0 8 25 , 3 -18 11 5 -11 -1 , 1 -19 19 0 -15 4 , 42 47 25 19 29 17 , -27 45 -19 -24 24 -7 , -3 19 -45 24 12 -21 , -2 -11 18 -5 -12 7 , 39 36 -36 0 7 -29 , 0.0051506347739455277 , 80
2.3927888474372563 , 23 -25 -47 -19 -8 -18 , 41 -17 17 0 8 25 , -3 18 -11 -5 11 1 , 1 -19 19 0 -15 4 , 42 47 25 19 29 17 , 27 -45 19 24 -24 7 , 3 -19 45 -24 -12 21 , 2 11 -18 5 12 -7 , 39 36 -36 0 7 -29 , 0.0051506347739455277 , 81
2.3927888474372563 , 23 -25 -47 -19 -8 -18 , 41 -17 17 0 8 25 , -7 12 5 -18 11 2 , 1 -19 19 0 -15 4 , 42 47 25 19 29 17 , 21 -12 -24 45 -19 3 , -24 24 12 -45 27 -7 , 11 -5 -12 18 -3 -1 , 39 36 -36 0 7 -29 , 0.0051506347739455321 , 82
2.3927888474372563 , 23 -25 -47 -19 -8 -18 , 41 -17 17 0 8 25 , 7 -12 -5 18 -11 -2 , 1 -19 19 0 -15 4 , 42 47 25 19 29 17 , -21 12 24 -45 19 -3 , 24 -24 -12 45 -27 7 , -11 5 12 -18 3 1 , 39 36 -36 0 7 -29 , 0.0051506347739455321 , 83
2.3927888474372563 , 23 -25 -47 -19 -8 -18 , 1 -19 19 0 -15 4 , 24 -24 -12 45 -27 7 , 41 -17 17 0 8 25 , 42 47 25 19 29 17 , -11 5 12 -18 3 1 , 7 -12 -5 18 -11 -2 , -21 12 24 -45 19 -3 , 39 36 -36 0 7 -29 , 0.005150634773945533 , 84
2.3927888474372563 , 23 -25 -47 -19 -8 -18 , 1 -19 19 0 -15 4 , -24 24 12 -45 27 -7 , 41 -17 17 0 8 25 , 42 47 25 19 29 17 , 11 -5 -12 18 -3 -1 , -7 12 5 -18 11 2 , 21 -12 -24 45 -19 3 , 39 36 -36 0 7 -29 , 0.005150634773945533 , 85
2.3927888474372563 , 23 -25 -47 -19 -8 -18 , 41 -17 17 0 8 25 , 12 5 -11 11 2 7 , 1 -19 19 0 -15 4 , 42 47 25 19 29 17 , -12 -24 24 -19 3 -21 , 7 -24 24 19 -45 27 , 1 11 -5 -11 18 -3 , 39 36 -36 0 7 -29 , 0.0051506347739455338 , 86
2.3927888474372563 , 23 -25 -47 -19 -8 -18 , 41 -17 17 0 8 25 , -12 -5 11 -11 -2 -7 , 1 -19 19 0 -15 4 , 42 47 25 19 29 17 , 12 24 -24 19 -3 21 , -7 24 -24 -19 45 -27 , -1 -11 5 11 -18 3 , 39 36 -36 0 7 -29 , 0.0051506347739455338 , 87
2.3927888474372563 , 23 -25 -47 -19 -8 -18 , 1 -19 19 0 -15 4 , 3 -19 45 -24 -12 21 , 41 -17 17 0 8 25 , 42 47 25 19 29 17 , 2 11 -18 5 12 -7 , -3 18 -11 -5 11 1 , 27 -45 19 24 -24 7 , 39 36 -36 0 7 -29 , 0.0051506347739455356 , 88
2.3927888474372563 , 23 -25 -47 -19 -8 -18 , 1 -19 19 0 -15 4 , -3 19 -45 24 12 -21 , 41 -17 17 0 8 25 , 42 47 25 19 29 17 , -2 -11 18 -5 -12 7 , 3 -18 11 5 -11 -1 , -27 45 -19 -24 24 -7 , 39 36 -36 0 7 -29 , 0.0051506347739455356 , 89
2.3927888474372563 , 23 -25 -47 -19 -8 -18 , 1 -19 19 0 -15 4 , -21 3 -19 24 -24 -12 , 41 -17 17 0 8 25 , 42 47 25 19 29 17 , 7 2 11 -11 5 12 , 18 -11 -2 11 1 3 , -45 19 -3 -24 7 -27 , 39 36 -36 0 7 -29 , 0.005150634773945539 , 90
2.3927888474372563 , 23 -25 -47 -19 -8 -18 , 1 -19 19 0 -15 4 , 21 -3 19 -24 24 12 , 41 -17 17 0 8 25 , 42 47 25 19 29 17 , -7 -2 -11 11 -5 -12 , -18 11 2 -11 -1 -3 , 45 -19 3 24 -7 27 , 39 36 -36 0 7 -29 , 0.005150634773945539 , 91
2.3927888474372563 , 23 -25 -47 -19 -8 -18 , 41 -17 17 0 8 25 , 11 2 7 -1 -3 18 , 1 -19 19 0 -15 4 , 42 47 25 19 29 17 , -19 3 -21 -7 27 -45 , -12 21 -3 7 -24 24 , 12 -7 -2 1 11 -5 , 39 36 -36 0 7 -29 , 0.0051506347739455572 , 92
2.3927888474372563 , 23 -25 -47 -19 -8 -18 , 41 -17 17 0 8 25 , -11 -2 -7 1 3 -18 , 1 -19 19 0 -15 4 , 42 47 25 19 29 17 , 19 -3 21 7 -27 45 , 12 -21 3 -7 24 -24 , -12 7 2 -1 -11 5 , 39 36 -36 0 7 -29 , 0.0051506347739455572 , 93
2.3927888474372563 , 23 -25 -47 -19 -8 -18 , 1 -19 19 0 -15 4 , -12 21 -3 7 -24 24 , 41 -17 17 0 8 25 , 42 47 25 19 29 17 , 12 -7 -2 1 11 -5 , 11 2 7 -1 -3 18 , -19 3 -21 -7 27 -45 , 39 36 -36 0 7 -29 , 0.0051506347739455746 , 94
2.3927888474372563 , 23 -25 -47 -19 -8 -18 , 1 -19 19 0 -15 4 , 12 -21 3 -7 24 -24 , 41 -17 17 0 8 25 , 42 47 25 19 29 17 , -12 7 2 -1 -11 5 , -11 -2 -7 1 3 -18 , 19 -3 21 7 -27 45 , 39 36 -36 0 7 -29 , 0.0051506347739455746 , 95
2.3927888474372563 , 23 -25 -47 -19 -8 -18 , 1 -19 19 0 -15 4 , -27 7 -24 -3 19 -45 , 41 -17 17 0 8 25 , 42 47 25 19 29 17 , 3 1 11 -2 -11 18 , 5 -11 -1 2 7 -12 , -24 24 -7 3 -21 12 , 39 36 -36 0 7 -29 , 0.0051506347739455763 , 96
2.3927888474372563 , 23 -25 -47 -19 -8 -18 , 1 -19 19 0 -15 4 , 27 -7 24 3 -19 45 , 41 -17 17 0 8 25 , 42 47 25 19 29 17 , -3 -1 -11 2 11 -18 , -5 11 1 -2 -7 12 , 24 -24 7 -3 21 -12 , 39 36 -36 0 7 -29 , 0.0051506347739455763 , 97
2.3927888474372563 , 23 -25 -47 -19 -8 -18 , 1 -19 19 0 -15 4 , 7 -24 24 19 -45 27 , 41 -17 17 0 8 25 , 42 47 25 19 29 17 , 1 11 -5 -11 18 -3 , 12 5 -11 11 2 7 , -12 -24 24 -19 3 -21 , 39 36 -36 0 7 -29 , 0.0051506347739455781 , 98
2.3927888474372563 , 23 -25 -47 -19 -8 -18 , 1 -19 19 0 -15 4 , -7 24 -24 -19 45 -27 , 41 -17 17 0 8 25 , 42 47 25 19 29 17 , -1 -11 5 11 -18 3 , -12 -5 11 -11 -2 -7 , 12 24 -24 19 -3 21 , 39 36 -36 0 7 -29 , 0.0051506347739455781 , 99
2.4846931762940225 , 15 -18 -43 -31 -3 -15 , 30 0 0 0 16 16 , -18 34 -29 -3 16 -11 , 12 -36 36 0 -23 13 , 46 43 18 31 28 15 , 4 -26 6 21 -24 -3 , -17 -6 26 -21 -9 2 , -15 29 -34 3 18 -18 , 39 36 -36 0 7 -29 , 0.0051337026113587349 , 0
2.4846931762940225 , 15 -18 -43 -31 -3 -15 , 30 0 0 0 16 16 , 18 -34 29 3 -16 11 , 12 -36 36 0 -23 13 , 46 43 18 31 28 15 , -4 26 -6 -21 24 3 , 17 6 -26 21 9 -2 , 15 -29 34 -3 -18 18 , 39 36 -36 0 7 -29 , 0.0051337026113587349 , 1
2.4846931762940225 , 15 -18 -43 -31 -3 -15 , 30 0 0 0 16 16 , 15 -18 18 18 -34 29 , 12 -36 36 0 -23 13 , 46 43 18 31 28 15 , 17 2 -9 -4 26 -6 , 21 9 -2 4 3 24 , -3 -18 18 -18 11 -16 , 39 36 -36 0 7 -29 , 0.0051337026113587453 , 2
2.4846931762940225 , 15 -18 -43 -31 -3 -15 , 30 0 0 0 16 16 , -15 18 -18 -18 34 -29 , 12 -36 36 0 -23 13 , 46 43 18 31 28 15 , -17 -2 9 4 -26 6 , -21 -9 2 -4 -3 -24 , 3 18 -18 18 -11 16 , 39 36 -36 0 7 -29 , 0.0051337026113587453 , 3
2.4846931762940225 , 15 -18 -43 -31 -3 -15 , 12 -36 36 0 -23 13 , -21 -9 2 -4 -3 -24 , 30 0 0 0 16 16 , 46 43 18 31 28 15 , 3 18 -18 18 -11 16 , -15 18 -18 -18 34 -29 , -17 -2 9 4 -26 6 , 39 36 -36 0 7 -29 , 0.0051337026113587522 , 4
2.4846931762940225 , 15 -18 -43 -31 -3 -15 , 12 -36 36 0 -23 13 , 21 9 -2 4 3 24 , 30 0 0 0 16 16 , 46 43 18 31 28 15 , -3 -18 18 -18 11 -16 , 15 -18 18 18 -34 29 , 17 2 -9 -4 26 -6 , 39 36 -36 0 7 -29 , 0.0051337026113587522 , 5
2.4846931762940225 , 15 -18 -43 -31 -3 -15 , 30 0 0 0 16 16 , -11 18 -34 18 3 -16 , 12 -36 36 0 -23 13 , 46 43 18 31 28 15 , -3 -4 26 -9 -21 24 , 6 -26 4 9 -2 -17 , -29 34 -18 -18 18 -15 , 39 36 -36 0 7 -29 , 0.0051337026113587652 , 6
2.4846931762940225 , 15 -18 -43 -31 -3 -15 , 30 0 0 0 16 16 , 11 -18 34 -18 -3 16 , 12 -36 36 0 -23 13 , 46 43 18 31 28 15 , 3 4 -26 9 21 -24 , -6 26 -4 -9 2 17 , 29 -34 18 18 -18 15 , 39 36 -36 0 7 -29 , 0.0051337026113587652 , 7
2.4846931762940225 , 15 -18 -43 -31 -3 -15 , 12 -36 36 0 -23 13 , -9 2 17 -3 -24 21 , 30 0 0 0 16 16 , 46 43 18 31 28 15 , 18 -18 15 -11 16 -3 , 29 -15 18 11 -18 34 , -6 -17 -2 3 4 -26 , 39 36 -36 0 7 -29 , 0.005133702611358786 , 8
2.4846931762940225 , 15 -18 -43 -31 -3 -15 , 12 -36 36 0 -23 13 , 9 -2 -17 3 24 -21 , 30 0 0 0 16 16 , 46 43 18 31 28 15 , -18 18 -15 11 -16 3 , -29 15 -18 -11 18 -34 , 6 17 2 -3 -4 26 , 39 36 -36 0 7 -29 , 0.005133702611358786 , 9
2.4846931762940225 , 15 -18 -43 -31 -3 -15 , 30 0 0 0 16 16 , 16 -11 18 -18 18 3 , 12 -36 36 0 -23 13 , 46 43 18 31 28 15 , -24 -3 -4 2 -9 -21 , -26 4 3 -2 -17 -6 , 34 -18 11 18 -15 29 , 39 36 -36 0 7 -29 , 0.0051337026113587913 , 10
2.4846931762940225 , 15 -18 -43 -31 -3 -15 , 30 0 0 0 16 16 , -16 11 -18 18 -18 -3 , 12 -36 36 0 -23 13 , 46 43 18 31 28 15 , 24 3 4 -2 9 21 , 26 -4 -3 2 17 6 , -34 18 -11 -18 15 -29 , 39 36 -36 0 7 -29 , 0.0051337026113587913 , 11
2.4846931762940225 , 15 -18 -43 -31 -3 -15 , 30 0 0 0 16 16 , -18 18 3 -34 29 -15 , 12 -36 36 0 -23 13 , 46 43 18 31 28 15 , 2 -9 -21 26 -6 -17 , -24 21 9 -26 4 3 , 16 -3 -18 34 -18 11 , 39 36 -36 0 7 -29 , 0.0051337026113587965 , 12
2.4846931762940225 , 15 -18 -43 -31 -3 -15 , 30 0 0 0 16 16 , 18 -18 -3 34 -29 15 , 12 -36 36 0 -23 13 , 46 43 18 31 28 15 , -2 9 21 -26 6 17 , 24 -21 -9 26 -4 -3 , -16 3 18 -34 18 -11 , 39 36 -36 0 7 -29 , 0.0051337026113587965 , 13
2.4846931762940225 , 15 -18 -43 -31 -3 -15 , 12 -36 36 0 -23 13 , -3 -24 21 6 -26 4 , 30 0 0 0 16 16 , 46 43 18 31 28 15 , -11 16 -3 -29 34 -18 , 18 3 -16 29 -15 18 , -9 -21 24 -6 -17 -2 , 39 36 -36 0 7 -29 , 0.0051337026113588025 , 14
2.4846931762940225 , 15 -18 -43 -31 -3 -15 , 12 -36 36 0 -23 13 , 3 24 -21 -6 26 -4 , 30 0 0 0 16 16 , 46 43 18 31 28 15 , 11 -16 3 29 -34 18 , -18 -3 16 -29 15 -18 , 9 21 -24 6 17 2 , 39 36 -36 0 7 -29 , 0.0051337026113588025 , 15
2.4846931762940225 , 15 -18 -43 -31 -3 -15 , 12 -36 36 0 -23 13 , -24 21 9 -26 4 3 , 30 0 0 0 16 16 , 46 43 18 31 28 15 , 16 -3 -18 34 -18 11 , -18 18 3 -34 29 -15 , 2 -9 -21 26 -6 -17 , 39 36 -36 0 7 -29 , 0.0051337026113588034 , 16
2.4846931762940225 , 15 -18 -43 -31 -3 -15 , 12 -36 36 0 -23 13 , 24 -21 -9 26 -4 -3 , 30 0 0 0 16 16 , 46 43 18 31 28 15 , -16 3 18 -34 18 -11 , 18 -18 -3 34 -29 15 , -2 9 21 -26 6 17 , 39 36 -36 0 7 -29 , 0.0051337026113588034 , 17
2.4846931762940225 , 15 -18 -43 -31 -3 -15 , 12 -36 36 0 -23 13 , -4 -3 -24 17 6 -26 , 30 0 0 0 16 16 , 46 43 18 31 28 15 , 18 -11 16 15 -29 34 , 3 -16 11 -15 18 -18 , -21 24 3 -17 -2 9 , 39 36 -36 0 7 -29 , 0.0051337026113588103 , 18
2.4846931762940225 , 15 -18 -43 -31 -3 -15 , 12 -36 36 0 -23 13 , 4 3 24 -17 -6 26 , 30 0 0 0 16 16 , 46 43 18 31 28 15 , -18 11 -16 -15 29 -34 , -3 16 -11 15 -18 18 , 21 -24 -3 17 2 -9 , 39 36 -36 0 7 -29 , 0.0051337026113588103 , 19
2.4846931762940225 , 15 -18 -43 -31 -3 -15 , 12 -36 36 0 -23 13 , 2 17 6 -24 21 9 , 30 0 0 0 16 16 , 46 43 18 31 28 15 , -18 15 -29 16 -3 -18 , -34 29 -15 -16 11 -18 , 26 -6 -17 24 3 4 , 39 36 -36 0 7 -29 , 0.0051337026113588563 , 20
2.4846931762940225 , 15 -18 -43 -31 -3 -15 , 12 -36 36 0 -23 13 , -2 -17 -6 24 -21 -9 , 30 0 0 0 16 16 , 46 43 18 31 28 15 , 18 -15 29 -16 3 18 , 34 -29 15 16 -11 18 , -26 6 17 -24 -3 -4 , 39 36 -36 0 7 -29 , 0.0051337026113588563 , 21
2.4846931762940225 , 15 -18 -43 -31 -3 -15 , 30 0 0 0 16 16 , -34 29 -15 -16 11 -18 , 12 -36 36 0 -23 13 , 46 43 18 31 28 15 , 26 -6 -17 24 3 4 , 2 17 6 -24 21 9 , -18 15 -29 16 -3 -18 , 39 36 -36 0 7 -29 , 0.005133702611358858 , 22
2.4846931762940225 , 15 -18 -43 -31 -3 -15 , 30 0 0 0 16 16 , 34 -29 15 16 -11 18 , 12 -36 36 0 -23 13 , 46 43 18 31 28 15 , -26 6 17 -24 -3 -4 , -2 -17 -6 24 -21 -9 , 18 -15 29 -16 3 18 , 39 36 -36 0 7 -29 , 0.005133702611358858 , 23
2.4846931762940225 , 15 -18 -43 -31 -3 -15 , 12 -36 36 0 -23 13 , -26 4 3 -2 -17 -6 , 30 0 0 0 16 16 , 46 43 18 31 28 15 , 34 -18 11 18 -15 29 , 16 -11 18 -18 18 3 , -24 -3 -4 2 -9 -21 , 39 36 -36 0 7 -29 , 0.0051337026113588771 , 24
2.4846931762940225 , 15 -18 -43 -31 -3 -15 , 12 -36 36 0 -23 13 , 26 -4 -3 2 17 6 , 30 0 0 0 16 16 , 46 43 18 31 28 15 , -34 18 -11 -18 15 -29 , -16 11 -18 18 -18 -3 , 24 3 4 -2 9 21 , 39 36 -36 0 7 -29 , 0.0051337026113588771 , 25
2.4846931762940225 , 15 -18 -43 -31 -3 -15 , 30 0 0 0 16 16 , -29 15 -18 -11 18 -34 , 12 -36 36 0 -23 13 , 46 43 18 31 28 15 , 6 17 2 -3 -4 26 , 9 -2 -17 3 24 -21 , -18 18 -15 11 -16 3 , 39 36 -36 0 7 -29 , 0.0051337026113588823 , 26
2.4846931762940225 , 15 -18 -43 -31 -3 -15 , 30 0 0 0 16 16 , 29 -15 18 11 -18 34 , 12 -36 36 0 -23 13 , 46 43 18 31 28 15 , -6 -17 -2 3 4 -26 , -9 2 17 -3 -24 21 , 18 -18 15 -11 16 -3 , 39 36 -36 0 7 -29 , 0.0051337026113588823 , 27
2.4846931762940225 , 15 -18 -43 -31 -3 -15 , 30 0 0 0 16 16 , -3 16 -11 15 -18 18 , 12 -36 36 0 -23 13 , 46 43 18 31 28 15 , 21 -24 -3 17 2 -9 , 4 3 24 -17 -6 26 , -18 11 -16 -15 29 -34 , 39 36 -36 0 7 -29 , 0.0051337026113589118 , 28
2.4846931762940225 , 15 -18 -43 -31 -3 -15 , 30 0 0 0 16 16 , 3 -16 11 -15 18 -18 , 12 -36 36 0 -23 13 , 46 43 18 31 28 15 , -21 24 3 -17 -2 9 , -4 -3 -24 17 6 -26 , 18 -11 16 15 -29 34 , 39 36 -36 0 7 -29 , 0.0051337026113589118 , 29
2.4846931762940225 , 15 -18 -43 -31 -3 -15 , 12 -36 36 0 -23 13 , -17 -6 26 -21 -9 2 , 30 0 0 0 16 16 , 46 43 18 31 28 15 , -15 29 -34 3 18 -18 , -18 34 -29 -3 16 -11 , 4 -26 6 21 -24 -3 , 39 36 -36 0 7 -29 , 0.0051337026113589153 , 30
2.4846931762940225 , 15 -18 -43 -31 -3 -15 , 12 -36 36 0 -23 13 , 17 6 -26 21 9 -2 , 30 0 0 0 16 16 , 46 43 18 31 28 15 , 15 -29 34 -3 -18 18 , 18 -34 29 3 -16 11 , -4 26 -6 -21 24 3 , 39 36 -36 0 7 -29 , 0.0051337026113589153 , 31
2.4846931762940225 , 15 -18 -43 -31 -3 -15 , 30 0 0 0 16 16 , -18 -3 16 -29 15 -18 , 12 -36 36 0 -23 13 , 46 43 18 31 28 15 , 9 21 -24 6 17 2 , 3 24 -21 -6 26 -4 , 11 -16 3 29 -34 18 , 39 36 -36 0 7 -29 , 0.0051337026113589474 , 32
2.4846931762940225 , 15 -18 -43 -31 -3 -15 , 30 0 0 0 16 16 , 18 3 -16 29 -15 18 , 12 -36 36 0 -23 13 , 46 43 18 31 28 15 , -9 -21 24 -6 -17 -2 , -3 -24 21 6 -26 4 , -11 16 -3 -29 34 -18 , 39 36 -36 0 7 -29 , 0.0051337026113589474 , 33
2.4846931762940225 , 15 -18 -43 -31 -3 -15 , 12 -36 36 0 -23 13 , -6 26 -4 -9 2 17 , 30 0 0 0 16 16 , 46 43 18 31 28 15 , 29 -34 18 18 -18 15 , 11 -18 34 -18 -3 16 , 3 4 -26 9 21 -24 , 39 36 -36 0 7 -29 , 0.0051337026113589604 , 34
2.4846931762940225 , 15 -18 -43 -31 -3 -15 , 12 -36 36 0 -23 13 , 6 -26 4 9 -2 -17 , 30 0 0 0 16 16 , 46 43 18 31 28 15 , -29 34 -18 -18 18 -15 , -11 18 -34 18 3 -16 , -3 -4 26 -9 -21 24 , 39 36 -36 0 7 -29 , 0.0051337026113589604 , 35
2.4846931762940225 , 14 -51 -43 1 -35 -28 , 5 -23 23 0 -16 7 , -1 33 -35 8 17 -2 , 37 -13 13 0 9 22 , 13 43 51 -1 15 16 , 4 -11 1 -5 14 -16 , 9 -1 11 5 -17 25 , -9 35 -33 -8 33 -16 , 39 36 -36 0 7 -29 , 0.005797819291856114 , 36
2.4846931762940225 , 14 -51 -43 1 -35 -28 , 5 -23 23 0 -16 7 , 1 -33 35 -8 -17 2 , 37 -13 13 0 9 22 , 13 43 51 -1 15 16 , -4 11 -1 5 -14 16 , -9 1 -11 -5 17 -25 , 9 -35 33 8 -33 16 , 39 36 -36 0 7 -29 , 0.005797819291856114 , 37
2.4846931762940225 , 14 -51 -43 1 -35 -28 , 37 -13 13 0 9 22 , -11 4 16 -25 9 -1 , 5 -23 23 0 -16 7 , 13 43 51 -1 15 16 , 33 -1 2 16 -9 35 , 17 -2 1 -16 33 -8 , 14 -16 -4 25 -17 5 , 39 36 -36 0 7 -29 , 0.0057978192918561582 , 38
2.4846931762940225 , 14 -51 -43 1 -35 -28 , 37 -13 13 0 9 22 , 11 -4 -16 25 -9 1 , 5 -23 23 0 -16 7 , 13 43 51 -1 15 16 , -33 1 -2 -16 9 -35 , -17 2 -1 16 -33 8 , -14 16 4 -25 17 -5 , 39 36 -36 0 7 -29 , 0.0057978192918561582 , 39
2.4846931762940225 , 14 -51 -43 1 -35 -28 , 37 -13 13 0 9 22 , 17 -25 9 16 -14 5 , 5 -23 23 0 -16 7 , 13 43 51 -1 15 16 , -33 16 -9 2 -17 -8 , -35 9 -16 -2 1 -33 , 1 -9 25 -16 -4 11 , 39 36 -36 0 7 -29 , 0.0057978192918562493 , 40
2.4846931762940225 , 14 -51 -43 1 -35 -28 , 37 -13 13 0 9 22 , -17 25 -9 -16 14 -5 , 5 -23 23 0 -16 7 , 13 43 51 -1 15 16 , 33 -16 9 -2 17 8 , 35 -9 16 2 -1 33 , -1 9 -25 16 4 -11 , 39 36 -36 0 7 -29 , 0.0057978192918562493 , 41
2.4846931762940225 , 14 -51 -43 1 -35 -28 , 5 -23 23 0 -16 7 , -33 8 17 -35 9 -16 , 37 -13 13 0 9 22 , 13 43 51 -1 15 16 , 17 -5 14 1 -9 25 , 16 -14 5 -1 11 -4 , 2 -17 -8 35 -33 1 , 39 36 -36 0 7 -29 , 0.0057978192918562814 , 42
2.4846931762940225 , 14 -51 -43 1 -35 -28 , 5 -23 23 0 -16 7 , 33 -8 -17 35 -9 16 , 37 -13 13 0 9 22 , 13 43 51 -1 15 16 , -17 5 -14 -1 9 -25 , -16 14 -5 1 -11 4 , -2 17 8 -35 33 -1 , 39 36 -36 0 7 -29 , 0.0057978192918562814 , 43
2.4846931762940225 , 14 -51 -43 1 -35 -28 , 37 -13 13 0 9 22 , -14 5 -17 11 -4 -16 , 5 -23 23 0 -16 7 , 13 43 51 -1 15 16 , -17 -8 33 -33 1 -2 , 16 -33 8 33 -35 9 , -25 17 -5 -11 1 -9 , 39 36 -36 0 7 -29 , 0.0057978192918563274 , 44
2.4846931762940225 , 14 -51 -43 1 -35 -28 , 37 -13 13 0 9 22 , 14 -5 17 -11 4 16 , 5 -23 23 0 -16 7 , 13 43 51 -1 15 16 , 17 8 -33 33 -1 2 , -16 33 -8 -33 35 -9 , 25 -17 5 11 -1 9 , 39 36 -36 0 7 -29 , 0.0057978192918563274 , 45
2.4846931762940225 , 14 -51 -43 1 -35 -28 , 37 -13 13 0 9 22 , 1 -11 4 17 -25 9 , 5 -23 23 0 -16 7 , 13 43 51 -1 15 16 , -35 33 -1 -33 16 -9 , -2 1 -33 33 -8 -17 , -16 -4 11 -17 5 -14 , 39 36 -36 0 7 -29 , 0.0057978192918563482 , 46
2.4846931762940225 , 14 -51 -43 1 -35 -28 , 37 -13 13 0 9 22 , -1 11 -4 -17 25 -9 , 5 -23 23 0 -16 7 , 13 43 51 -1 15 16 , 35 -33 1 33 -16 9 , 2 -1 33 -33 8 17 , 16 4 -11 17 -5 14 , 39 36 -36 0 7 -29 , 0.0057978192918563482 , 47
2.4846931762940225 , 14 -51 -43 1 -35 -28 , 5 -23 23 0 -16 7 , 2 -1 33 -33 8 17 , 37 -13 13 0 9 22 , 13 43 51 -1 15 16 , 16 4 -11 17 -5 14 , -1 11 -4 -17 25 -9 , 35 -33 1 33 -16 9 , 39 36 -36 0 7 -29 , 0.0057978192918563933 , 48
2.4846931762940225 , 14 -51 -43 1 -35 -28 , 5 -23 23 0 -16 7 , -2 1 -33 33 -8 -17 , 37 -13 13 0 9 22 , 13 43 51 -1 15 16 , -16 -4 11 -17 5 -14 , 1 -11 4 17 -25 9 , -35 33 -1 -33 16 -9 , 39 36 -36 0 7 -29 , 0.0057978192918563933 , 49
2.4846931762940225 , 14 -51 -43 1 -35 -28 , 5 -23 23 0 -16 7 , -9 16 -33 -1 33 -35 , 37 -13 13 0 9 22 , 13 43 51 -1 15 16 , 9 -25 17 4 -11 1 , 5 -17 25 -4 -16 14 , -8 33 -16 1 -2 17 , 39 36 -36 0 7 -29 , 0.005797819291856402 , 50
2.4846931762940225 , 14 -51 -43 1 -35 -28 , 5 -23 23 0 -16 7 , 9 -16 33 1 -33 35 , 37 -13 13 0 9 22 , 13 43 51 -1 15 16 , -9 25 -17 -4 11 -1 , -5 17 -25 4 16 -14 , 8 -33 16 -1 2 -17 , 39 36 -36 0 7 -29 , 0.005797819291856402 , 51
2.4846931762940225 , 14 -51 -43 1 -35 -28 , 5 -23 23 0 -16 7 , -33 35 -9 -17 2 -1 , 37 -13 13 0 9 22 , 13 43 51 -1 15 16 , 11 -1 9 -14 16 4 , 25 -9 1 14 -5 17 , -16 9 -35 17 8 -33 , 39 36 -36 0 7 -29 , 0.0057978192918564141 , 52
2.4846931762940225 , 14 -51 -43 1 -35 -28 , 5 -23 23 0 -16 7 , 33 -35 9 17 -2 1 , 37 -13 13 0 9 22 , 13 43 51 -1 15 16 , -11 1 -9 14 -16 -4 , -25 9 -1 -14 5 -17 , 16 -9 35 -17 -8 33 , 39 36 -36 0 7 -29 , 0.0057978192918564141 , 53
2.4846931762940225 , 14 -51 -43 1 -35 -28 , 37 -13 13 0 9 22 , 4 16 -14 9 -1 11 , 5 -23 23 0 -16 7 , 13 43 51 -1 15 16 , -1 2 -17 -9 35 -33 , 8 17 -2 9 -16 33 , -5 14 -16 -9 25 -17 , 39 36 -36 0 7 -29 , 0.0057978192918564219 , 54
2.4846931762940225 , 14 -51 -43 1 -35 -28 , 37 -13 13 0 9 22 , -4 -16 14 -9 1 -11 , 5 -23 23 0 -16 7 , 13 43 51 -1 15 16 , 1 -2 17 9 -35 33 , -8 -17 2 -9 16 -33 , 5 -14 16 9 -25 17 , 39 36 -36 0 7 -29 , 0.0057978192918564219 , 55
2.4846931762940225 , 14 -51 -43 1 -35 -28 , 5 -23 23 0 -16 7 , -35 9 -16 -2 1 -33 , 37 -13 13 0 9 22 , 13 43 51 -1 15 16 , 1 -9 25 -16 -4 11 , 17 -25 9 16 -14 5 , -33 16 -9 2 -17 -8 , 39 36 -36 0 7 -29 , 0.0057978192918564271 , 56
2.4846931762940225 , 14 -51 -43 1 -35 -28 , 5 -23 23 0 -16 7 , 35 -9 16 2 -1 33 , 37 -13 13 0 9 22 , 13 43 51 -1 15 16 , -1 9 -25 16 4 -11 , -17 25 -9 -16 14 -5 , 33 -16 9 -2 17 8 , 39 36 -36 0 7 -29 , 0.0057978192918564271 , 57
2.4846931762940225 , 14 -51 -43 1 -35 -28 , 37 -13 13 0 9 22 , -5 17 -25 4 16 -14 , 5 -23 23 0 -16 7 , 13 43 51 -1 15 16 , 8 -33 16 -1 2 -17 , 9 -16 33 1 -33 35 , -9 25 -17 -4 11 -1 , 39 36 -36 0 7 -29 , 0.0057978192918564436 , 58
2.4846931762940225 , 14 -51 -43 1 -35 -28 , 37 -13 13 0 9 22 , 5 -17 25 -4 -16 14 , 5 -23 23 0 -16 7 , 13 43 51 -1 15 16 , -8 33 -16 1 -2 17 , -9 16 -33 -1 33 -35 , 9 -25 17 4 -11 1 , 39 36 -36 0 7 -29 , 0.0057978192918564436 , 59
2.4846931762940225 , 14 -51 -43 1 -35 -28 , 37 -13 13 0 9 22 , 9 -1 11 5 -17 25 , 5 -23 23 0 -16 7 , 13 43 51 -1 15 16 , -9 35 -33 -8 33 -16 , -1 33 -35 8 17 -2 , 4 -11 1 -5 14 -16 , 39 36 -36 0 7 -29 , 0.0057978192918565225 , 60
2.4846931762940225 , 14 -51 -43 1 -35 -28 , 37 -13 13 0 9 22 , -9 1 -11 -5 17 -25 , 5 -23 23 0 -16 7 , 13 43 51 -1 15 16 , 9 -35 33 8 -33 16 , 1 -33 35 -8 -17 2 , -4 11 -1 5 -14 16 , 39 36 -36 0 7 -29 , 0.0057978192918565225 , 61
2.4846931762940225 , 14 -51 -43 1 -35 -28 , 37 -13 13 0 9 22 , -25 9 -1 -14 5 -17 , 5 -23 23 0 -16 7 , 13 43 51 -1 15 16 , 16 -9 35 -17 -8 33 , 33 -35 9 17 -2 1 , -11 1 -9 14 -16 -4 , 39 36 -36 0 7 -29 , 0.0057978192918565433 , 62
2.4846931762940225 , 14 -51 -43 1 -35 -28 , 37 -13 13 0 9 22 , 25 -9 1 14 -5 17 , 5 -23 23 0 -16 7 , 13 43 51 -1 15 16 , -16 9 -35 17 8 -33 , -33 35 -9 -17 2 -1 , 11 -1 9 -14 16 4 , 39 36 -36 0 7 -29 , 0.0057978192918565433 , 63
2.4846931762940225 , 14 -51 -43 1 -35 -28 , 37 -13 13 0 9 22 , -16 14 -5 1 -11 4 , 5 -23 23 0 -16 7 , 13 43 51 -1 15 16 , -2 17 8 -35 33 -1 , 33 -8 -17 35 -9 16 , -17 5 -14 -1 9 -25 , 39 36 -36 0 7 -29 , 0.0057978192918565459 , 64
2.4846931762940225 , 14 -51 -43 1 -35 -28 , 37 -13 13 0 9 22 , 16 -14 5 -1 11 -4 , 5 -23 23 0 -16 7 , 13 43 51 -1 15 16 , 2 -17 -8 35 -33 1 , -33 8 17 -35 9 -16 , 17 -5 14 1 -9 25 , 39 36 -36 0 7 -29 , 0.0057978192918565459 , 65
2.4846931762940225 , 14 -51 -43 1 -35 -28 , 5 -23 23 0 -16 7 , 16 -33 8 33 -35 9 , 37 -13 13 0 9 22 , 13 43 51 -1 15 16 , -25 17 -5 -11 1 -9 , -14 5 -17 11 -4 -16 , -17 -8 33 -33 1 -2 , 39 36 -36 0 7 -29 , 0.0057978192918565832 , 66
2.4846931762940225 , 14 -51 -43 1 -35 -28 , 5 -23 23 0 -16 7 , -16 33 -8 -33 35 -9 , 37 -13 13 0 9 22 , 13 43 51 -1 15 16 , 25 -17 5 11 -1 9 , 14 -5 17 -11 4 16 , 17 8 -33 33 -1 2 , 39 36 -36 0 7 -29 , 0.0057978192918565832 , 67
2.4846931762940225 , 14 -51 -43 1 -35 -28 , 5 -23 23 0 -16 7 , 8 17 -2 9 -16 33 , 37 -13 13 0 9 22 , 13 43 51 -1 15 16 , -5 14 -16 -9 25 -17 , 4 16 -14 9 -1 11 , -1 2 -17 -9 35 -33 , 39 36 -36 0 7 -29 , 0.0057978192918566119 , 68
2.4846931762940225 , 14 -51 -43 1 -35 -28 , 5 -23 23 0 -16 7 , -8 -17 2 -9 16 -33 , 37 -13 13 0 9 22 , 13 43 51 -1 15 16 , 5 -14 16 9 -25 17 , -4 -16 14 -9 1 -11 , 1 -2 17 9 -35 33 , 39 36 -36 0 7 -29 , 0.0057978192918566119 , 69
2.4846931762940225 , 14 -51 -43 1 -35 -28 , 5 -23 23 0 -16 7 , -17 2 -1 16 -33 8 , 37 -13 13 0 9 22 , 13 43 51 -1 15 16 , -14 16 4 -25 17 -5 , 11 -4 -16 25 -9 1 , -33 1 -2 -16 9 -35 , 39 36 -36 0 7 -29 , 0.0057978192918566682 , 70
2.4846931762940225 , 14 -51 -43 1 -35 -28 , 5 -23 23 0 -16 7 , 17 -2 1 -16 33 -8 , 37 -13 13 0 9 22 , 13 43 51 -1 15 16 , 14 -16 -4 25 -17 5 , -11 4 16 -25 9 -1 , 33 -1 2 16 -9 35 , 39 36 -36 0 7 -29 , 0.0057978192918566682 , 71
2.4846931762940225 , 17 -22 -65 -5 -10 -27 , 32 -21 21 0 0 21 , -7 -16 16 -7 -6 -8 , 10 -15 15 0 -7 8 , 22 65 22 5 38 12 , 22 -10 31 -17 1 29 , 39 -31 10 17 -2 11 , 0 -16 16 7 -24 10 , 39 36 -36 0 7 -29 , 0.0058115391512888167 , 72
2.4846931762940225 , 17 -22 -65 -5 -10 -27 , 32 -21 21 0 0 21 , 7 16 -16 7 6 8 , 10 -15 15 0 -7 8 , 22 65 22 5 38 12 , -22 10 -31 17 -1 -29 , -39 31 -10 -17 2 -11 , 0 16 -16 -7 24 -10 , 39 36 -36 0 7 -29 , 0.0058115391512888167 , 73
2.4846931762940225 , 17 -22 -65 -5 -10 -27 , 10 -15 15 0 -7 8 , 2 -11 39 -29 -1 17 , 32 -21 21 0 0 21 , 22 65 22 5 38 12 , 24 -10 0 8 6 7 , 16 0 10 -8 7 16 , 31 -39 11 29 -22 10 , 39 36 -36 0 7 -29 , 0.0058115391512888991 , 74
2.4846931762940225 , 17 -22 -65 -5 -10 -27 , 10 -15 15 0 -7 8 , -2 11 -39 29 1 -17 , 32 -21 21 0 0 21 , 22 65 22 5 38 12 , -24 10 0 -8 -6 -7 , -16 0 -10 8 -7 -16 , -31 39 -11 -29 22 -10 , 39 36 -36 0 7 -29 , 0.0058115391512888991 , 75
2.4846931762940225 , 17 -22 -65 -5 -10 -27 , 32 -21 21 0 0 21 , -10 24 -7 -16 16 0 , 10 -15 15 0 -7 8 , 22 65 22 5 38 12 , -11 2 -17 -10 31 -39 , -1 17 -2 10 -22 29 , 6 7 -24 16 7 -8 , 39 36 -36 0 7 -29 , 0.0058115391512888991 , 76
2.4846931762940225 , 17 -22 -65 -5 -10 -27 , 32 -21 21 0 0 21 , 8 -7 -16 24 -7 -6 , 10 -15 15 0 -7 8 , 22 65 22 5 38 12 , -29 22 -10 2 -17 1 , -31 10 -22 -2 11 -39 , -16 16 7 -24 10 0 , 39 36 -36 0 7 -29 , 0.0058115391512888991 , 77
2.4846931762940225 , 17 -22 -65 -5 -10 -27 , 32 -21 21 0 0 21 , 6 8 -7 -10 24 -7 , 10 -15 15 0 -7 8 , 22 65 22 5 38 12 , -1 -29 22 -11 2 -17 , 10 -22 29 11 -39 31 , 16 7 -8 10 0 16 , 39 36 -36 0 7 -29 , 0.0058115391512888991 , 78
2.4846931762940225 , 17 -22 -65 -5 -10 -27 , 32 -21 21 0 0 21 , -6 -8 7 10 -24 7 , 10 -15 15 0 -7 8 , 22 65 22 5 38 12 , 1 29 -22 11 -2 17 , -10 22 -29 -11 39 -31 , -16 -7 8 -10 0 -16 , 39 36 -36 0 7 -29 , 0.0058115391512888991 , 79
2.4846931762940225 , 17 -22 -65 -5 -10 -27 , 32 -21 21 0 0 21 , -8 7 16 -24 7 6 , 10 -15 15 0 -7 8 , 22 65 22 5 38 12 , 29 -22 10 -2 17 -1 , 31 -10 22 2 -11 39 , 16 -16 -7 24 -10 0 , 39 36 -36 0 7 -29 , 0.0058115391512888991 , 80
2.4846931762940225 , 17 -22 -65 -5 -10 -27 , 32 -21 21 0 0 21 , 10 -24 7 16 -16 0 , 10 -15 15 0 -7 8 , 22 65 22 5 38 12 , 11 -2 17 10 -31 39 , 1 -17 2 -10 22 -29 , -6 -7 24 -16 -7 8 , 39 36 -36 0 7 -29 , 0.0058115391512888991 , 81
2.4846931762940225 , 17 -22 -65 -5 -10 -27 , 10 -15 15 0 -7 8 , -17 2 -11 22 -29 -1 , 32 -21 21 0 0 21 , 22 65 22 5 38 12 , -7 24 -10 -7 8 6 , 0 10 -24 7 16 -16 , -39 11 -2 -22 10 -31 , 39 36 -36 0 7 -29 , 0.0058115391512889398 , 82
2.4846931762940225 , 17 -22 -65 -5 -10 -27 , 10 -15 15 0 -7 8 , 17 -2 11 -22 29 1 , 32 -21 21 0 0 21 , 22 65 22 5 38 12 , 7 -24 10 7 -8 -6 , 0 -10 24 -7 -16 16 , 39 -11 2 22 -10 31 , 39 36 -36 0 7 -29 , 0.0058115391512889398 , 83
2.4846931762940225 , 17 -22 -65 -5 -10 -27 , 10 -15 15 0 -7 8 , -11 39 -31 -1 17 -2 , 32 -21 21 0 0 21 , 22 65 22 5 38 12 , -10 0 -16 6 7 -24 , -16 16 0 -6 -8 7 , -10 31 -39 1 29 -22 , 39 36 -36 0 7 -29 , 0.0058115391512889407 , 84
2.4846931762940225 , 17 -22 -65 -5 -10 -27 , 10 -15 15 0 -7 8 , 11 -39 31 1 -17 2 , 32 -21 21 0 0 21 , 22 65 22 5 38 12 , 10 0 16 -6 -7 24 , 16 -16 0 6 8 -7 , 10 -31 39 -1 -29 22 , 39 36 -36 0 7 -29 , 0.0058115391512889407 , 85
2.4846931762940225 , 17 -22 -65 -5 -10 -27 , 32 -21 21 0 0 21 , 0 -10 24 -7 -16 16 , 10 -15 15 0 -7 8 , 22 65 22 5 38 12 , 39 -11 2 22 -10 31 , 17 -2 11 -22 29 1 , 7 -24 10 7 -8 -6 , 39 36 -36 0 7 -29 , 0.0058115391512889806 , 86
2.4846931762940225 , 17 -22 -65 -5 -10 -27 , 32 -21 21 0 0 21 , 0 10 -24 7 16 -16 , 10 -15 15 0 -7 8 , 22 65 22 5 38 12 , -39 11 -2 -22 10 -31 , -17 2 -11 22 -29 -1 , -7 24 -10 -7 8 6 , 39 36 -36 0 7 -29 , 0.0058115391512889806 , 87
2.4846931762940225 , 17 -22 -65 -5 -10 -27 , 10 -15 15 0 -7 8 , 10 -22 29 11 -39 31 , 32 -21 21 0 0 21 , 22 65 22 5 38 12 , 16 7 -8 10 0 16 , 6 8 -7 -10 24 -7 , -1 -29 22 -11 2 -17 , 39 36 -36 0 7 -29 , 0.0058115391512890621 , 88
2.4846931762940225 , 17 -22 -65 -5 -10 -27 , 10 -15 15 0 -7 8 , -10 22 -29 -11 39 -31 , 32 -21 21 0 0 21 , 22 65 22 5 38 12 , -16 -7 8 -10 0 -16 , -6 -8 7 10 -24 7 , 1 29 -22 11 -2 17 , 39 36 -36 0 7 -29 , 0.0058115391512890621 , 89
2.4846931762940225 , 17 -22 -65 -5 -10 -27 , 10 -15 15 0 -7 8 , 22 -29 -1 39 -31 10 , 32 -21 21 0 0 21 , 22 65 22 5 38 12 , -7 8 6 0 -16 16 , -7 -6 -8 0 10 -24 , -17 1 29 -39 11 -2 , 39 36 -36 0 7 -29 , 0.005811539151289063 , 90
2.4846931762940225 , 17 -22 -65 -5 -10 -27 , 10 -15 15 0 -7 8 , -22 29 1 -39 31 -10 , 32 -21 21 0 0 21 , 22 65 22 5 38 12 , 7 -8 -6 0 16 -16 , 7 6 8 0 -10 24 , 17 -1 -29 39 -11 2 , 39 36 -36 0 7 -29 , 0.005811539151289063 , 91
2.4846931762940225 , 17 -22 -65 -5 -10 -27 , 10 -15 15 0 -7 8 , -39 31 -10 -17 2 -11 , 32 -21 21 0 0 21 , 22 65 22 5 38 12 , 0 16 -16 -7 24 -10 , 7 16 -16 7 6 8 , -22 10 -31 17 -1 -29 , 39 36 -36 0 7 -29 , 0.0058115391512891046 , 92
2.4846931762940225 , 17 -22 -65 -5 -10 -27 , 10 -15 15 0 -7 8 , 39 -31 10 17 -2 11 , 32 -21 21 0 0 21 , 22 65 22 5 38 12 , 0 -16 16 7 -24 10 , -7 -16 16 -7 -6 -8 , 22 -10 31 -17 1 29 , 39 36 -36 0 7 -29 , 0.0058115391512891046 , 93
2.4846931762940225 , 17 -22 -65 -5 -10 -27 , 32 -21 21 0 0 21 , 7 6 8 0 -10 24 , 10 -15 15 0 -7 8 , 22 65 22 5 38 12 , 17 -1 -29 39 -11 2 , -22 29 1 -39 31 -10 , 7 -8 -6 0 16 -16 , 39 36 -36 0 7 -29 , 0.0058115391512891046 , 94
2.4846931762940225 , 17 -22 -65 -5 -10 -27 , 32 -21 21 0 0 21 , -7 -6 -8 0 10 -24 , 10 -15 15 0 -7 8 , 22 65 22 5 38 12 , -17 1 29 -39 11 -2 , 22 -29 -1 39 -31 10 , -7 8 6 0 -16 16 , 39 36 -36 0 7 -29 , 0.0058115391512891046 , 95
2.4846931762940225 , 17 -22 -65 -5 -10 -27 , 10 -15 15 0 -7 8 , -1 17 -2 10 -22 29 , 32 -21 21 0 0 21 , 22 65 22 5 38 12 , 6 7 -24 16 7 -8 , -10 24 -7 -16 16 0 , -11 2 -17 -10 31 -39 , 39 36 -36 0 7 -29 , 0.0058115391512891454 , 96
2.4846931762940225 , 17 -22 -65 -5 -10 -27 , 10 -15 15 0 -7 8 , 1 -17 2 -10 22 -29 , 32 -21 21 0 0 21 , 22 65 22 5 38 12 , -6 -7 24 -16 -7 8 , 10 -24 7 16 -16 0 , 11 -2 17 10 -31 39 , 39 36 -36 0 7 -29 , 0.0058115391512891454 , 97
2.4846931762940225 , 17 -22 -65 -5 -10 -27 , 10 -15 15 0 -7 8 , -29 -1 17 -31 10 -22 , 32 -21 21 0 0 21 , 22 65 22 5 38 12 , 8 6 7 -16 16 7 , 24 -7 -6 16 0 10 , 2 -17 1 31 -39 11 , 39 36 -36 0 7 -29 , 0.0058115391512892269 , 98
2.4846931762940225 , 17 -22 -65 -5 -10 -27 , 10 -15 15 0 -7 8 , 29 1 -17 31 -10 22 , 32 -21 21 0 0 21 , 22 65 22 5 38 12 , -8 -6 -7 16 -16 -7 , -24 7 6 -16 0 -10 , -2 17 -1 -31 39 -11 , 39 36 -36 0 7 -29 , 0.0058115391512892269 , 99
2.5852434814398477 , 16 -28 -41 -17 -21 -7 , 7 -39 39 0 -28 11 , -21 -5 -9 9 -10 -23 , 35 3 -3 0 21 18 , 33 41 28 17 34 7 , 7 -9 23 -24 14 3 , 31 -23 9 24 -20 23 , -30 9 5 -9 -14 -5 , 39 36 -36 0 7 -29 , 0.0054405641949853032 , 0
2.5852434814398477 , 16 -28 -41 -17 -21 -7 , 7 -39 39 0 -28 11 , 21 5 9 -9 10 23 , 35 3 -3 0 21 18 , 33 41 28 17 34 7 , -7 9 -23 24 -14 -3 , -31 23 -9 -24 20 -23 , 30 -9 -5 9 14 5 , 39 36 -36 0 7 -29 , 0.0054405641949853032 , 1
2.5852434814398477 , 16 -28 -41 -17 -21 -7 , 7 -39 39 0 -28 11 , -23 21 5 -14 -9 10 , 35 3 -3 0 21 18 , 33 41 28 17 34 7 , 3 -7 9 -20 24 -14 , 23 -9 7 20 -23 31 , -9 -5 -21 14 5 -30 , 39 36 -36 0 7 -29 , 0.0054405641949853353 , 2
2.5852434814398477 , 16 -28 -41 -17 -21 -7 , 7 -39 39 0 -28 11 , 23 -21 -5 14 9 -10 , 35 3 -3 0 21 18 , 33 41 28 17 34 7 , -3 7 -9 20 -24 14 , -23 9 -7 -20 23 -31 , 9 5 21 -14 -5 30 , 39 36 -36 0 7 -29 , 0.0054405641949853353 , 3
2.5852434814398477 , 16 -28 -41 -17 -21 -7 , 35 3 -3 0 21 18 , -24 20 -23 7 -3 -14 , 7 -39 39 0 -28 11 , 33 41 28 17 34 7 , 9 14 5 -21 23 10 , 30 -5 -14 21 5 9 , -31 23 -20 -7 9 -23 , 39 36 -36 0 7 -29 , 0.0054405641949853353 , 4
2.5852434814398477 , 16 -28 -41 -17 -21 -7 , 35 3 -3 0 21 18 , 24 -20 23 -7 3 14 , 7 -39 39 0 -28 11 , 33 41 28 17 34 7 , -9 -14 -5 21 -23 -10 , -30 5 14 -21 -5 -9 , 31 -23 20 7 -9 23 , 39 36 -36 0 7 -29 , 0.0054405641949853353 , 5
2.5852434814398477 , 16 -28 -41 -17 -21 -7 , 35 3 -3 0 21 18 , 20 -23 31 -3 -14 24 , 7 -39 39 0 -28 11 , 33 41 28 17 34 7 , 14 5 -30 23 10 -9 , -9 30 -5 -23 21 5 , 23 -31 23 3 -7 9 , 39 36 -36 0 7 -29 , 0.0054405641949853995 , 6
2.5852434814398477 , 16 -28 -41 -17 -21 -7 , 35 3 -3 0 21 18 , -20 23 -31 3 14 -24 , 7 -39 39 0 -28 11 , 33 41 28 17 34 7 , -14 -5 30 -23 -10 9 , 9 -30 5 23 -21 -5 , -23 31 -23 -3 7 -9 , 39 36 -36 0 7 -29 , 0.0054405641949853995 , 7
2.5852434814398477 , 16 -28 -41 -17 -21 -7 , 35 3 -3 0 21 18 , -9 7 -3 -23 31 -23 , 7 -39 39 0 -28 11 , 33 41 28 17 34 7 , -5 -21 23 5 -30 9 , -10 -23 21 -5 -14 -9 , 14 3 -7 23 -20 24 , 39 36 -36 0 7 -29 , 0.0054405641949854004 , 8
2.5852434814398477 , 16 -28 -41 -17 -21 -7 , 35 3 -3 0 21 18 , 9 -7 3 23 -31 23 , 7 -39 39 0 -28 11 , 33 41 28 17 34 7 , 5 21 -23 -5 30 -9 , 10 23 -21 5 14 9 , -14 -3 7 -23 20 -24 , 39 36 -36 0 7 -29 , 0.0054405641949854004 , 9
2.5852434814398477 , 16 -28 -41 -17 -21 -7 , 35 3 -3 0 21 18 , -23 31 -23 -14 24 -20 , 7 -39 39 0 -28 11 , 33 41 28 17 34 7 , 5 -30 9 10 -9 -14 , -5 -9 30 -10 -23 21 , -9 23 -31 14 3 -7 , 39 36 -36 0 7 -29 , 0.0054405641949854325 , 10
2.5852434814398477 , 16 -28 -41 -17 -21 -7 , 35 3 -3 0 21 18 , -31 23 -9 -24 20 -23 , 7 -39 39 0 -28 11 , 33 41 28 17 34 7 , 30 -9 -5 9 14 5 , 21 5 9 -9 10 23 , -7 9 -23 24 -14 -3 , 39 36 -36 0 7 -29 , 0.0054405641949854325 , 11
2.5852434814398477 , 16 -28 -41 -17 -21 -7 , 35 3 -3 0 21 18 , 31 -23 9 24 -20 23 , 7 -39 39 0 -28 11 , 33 41 28 17 34 7 , -30 9 5 -9 -14 -5 , -21 -5 -9 9 -10 -23 , 7 -9 23 -24 14 3 , 39 36 -36 0 7 -29 , 0.0054405641949854325 , 12
2.5852434814398477 , 16 -28 -41 -17 -21 -7 , 35 3 -3 0 21 18 , 23 -31 23 14 -24 20 , 7 -39 39 0 -28 11 , 33 41 28 17 34 7 , -5 30 -9 -10 9 14 , 5 9 -30 10 23 -21 , 9 -23 31 -14 -3 7 , 39 36 -36 0 7 -29 , 0.0054405641949854325 , 13
2.5852434814398477 , 16 -28 -41 -17 -21 -7 , 35 3 -3 0 21 18 , 7 -3 -14 31 -23 9 , 7 -39 39 0 -28 11 , 33 41 28 17 34 7 , -21 23 10 -30 9 5 , 9 -10 -23 30 -5 -14 , -24 14 3 -31 23 -20 , 39 36 -36 0 7 -29 , 0.0054405641949854646 , 14
2.5852434814398477 , 16 -28 -41 -17 -21 -7 , 35 3 -3 0 21 18 , -7 3 14 -31 23 -9 , 7 -39 39 0 -28 11 , 33 41 28 17 34 7 , 21 -23 -10 30 -9 -5 , -9 10 23 -30 5 14 , 24 -14 -3 31 -23 20 , 39 36 -36 0 7 -29 , 0.0054405641949854646 , 15
2.5852434814398477 , 16 -28 -41 -17 -21 -7 , 7 -39 39 0 -28 11 , -14 -9 10 9 -30 5 , 35 3 -3 0 21 18 , 33 41 28 17 34 7 , -20 24 -14 -23 31 -23 , 3 14 -24 23 -9 7 , -23 -10 9 -9 -5 -21 , 39 36 -36 0 7 -29 , 0.0054405641949854654 , 16
2.5852434814398477 , 16 -28 -41 -17 -21 -7 , 7 -39 39 0 -28 11 , 14 9 -10 -9 30 -5 , 35 3 -3 0 21 18 , 33 41 28 17 34 7 , 20 -24 14 23 -31 23 , -3 -14 24 -23 9 -7 , 23 10 -9 9 5 21 , 39 36 -36 0 7 -29 , 0.0054405641949854654 , 17
2.5852434814398477 , 16 -28 -41 -17 -21 -7 , 35 3 -3 0 21 18 , 23 -9 7 20 -23 31 , 7 -39 39 0 -28 11 , 33 41 28 17 34 7 , -9 -5 -21 14 5 -30 , -23 21 5 -14 -9 10 , 3 -7 9 -20 24 -14 , 39 36 -36 0 7 -29 , 0.0054405641949854654 , 18
2.5852434814398477 , 16 -28 -41 -17 -21 -7 , 35 3 -3 0 21 18 , -23 9 -7 -20 23 -31 , 7 -39 39 0 -28 11 , 33 41 28 17 34 7 , 9 5 21 -14 -5 30 , 23 -21 -5 14 9 -10 , -3 7 -9 20 -24 14 , 39 36 -36 0 7 -29 , 0.0054405641949854654 , 19
2.5852434814398477 , 16 -28 -41 -17 -21 -7 , 7 -39 39 0 -28 11 , 5 14 9 -5 -9 30 , 35 3 -3 0 21 18 , 33 41 28 17 34 7 , -23 20 -24 -9 23 -31 , -14 24 -20 9 -7 3 , 10 -9 -14 5 21 -23 , 39 36 -36 0 7 -29 , 0.0054405641949854975 , 20
2.5852434814398477 , 16 -28 -41 -17 -21 -7 , 7 -39 39 0 -28 11 , -5 -14 -9 5 9 -30 , 35 3 -3 0 21 18 , 33 41 28 17 34 7 , 23 -20 24 9 -23 31 , 14 -24 20 -9 7 -3 , -10 9 14 -5 -21 23 , 39 36 -36 0 7 -29 , 0.0054405641949854975 , 21
2.5852434814398477 , 16 -28 -41 -17 -21 -7 , 35 3 -3 0 21 18 , -14 24 -20 9 -7 3 , 7 -39 39 0 -28 11 , 33 41 28 17 34 7 , 10 -9 -14 5 21 -23 , 5 14 9 -5 -9 30 , -23 20 -24 -9 23 -31 , 39 36 -36 0 7 -29 , 0.0054405641949855296 , 22
2.5852434814398477 , 16 -28 -41 -17 -21 -7 , 35 3 -3 0 21 18 , 14 -24 20 -9 7 -3 , 7 -39 39 0 -28 11 , 33 41 28 17 34 7 , -10 9 14 -5 -21 23 , -5 -14 -9 5 9 -30 , 23 -20 24 9 -23 31 , 39 36 -36 0 7 -29 , 0.0054405641949855296 , 23
2.5852434814398477 , 16 -28 -41 -17 -21 -7 , 7 -39 39 0 -28 11 , -30 5 14 -21 -5 -9 , 35 3 -3 0 21 18 , 33 41 28 17 34 7 , 31 -23 20 7 -9 23 , 24 -20 23 -7 3 14 , -9 -14 -5 21 -23 -10 , 39 36 -36 0 7 -29 , 0.0054405641949855305 , 24
2.5852434814398477 , 16 -28 -41 -17 -21 -7 , 7 -39 39 0 -28 11 , -5 -9 30 -10 -23 21 , 35 3 -3 0 21 18 , 33 41 28 17 34 7 , -9 23 -31 14 3 -7 , -23 31 -23 -14 24 -20 , 5 -30 9 10 -9 -14 , 39 36 -36 0 7 -29 , 0.0054405641949855305 , 25
2.5852434814398477 , 16 -28 -41 -17 -21 -7 , 7 -39 39 0 -28 11 , 10 23 -21 5 14 9 , 35 3 -3 0 21 18 , 33 41 28 17 34 7 , -14 -3 7 -23 20 -24 , 9 -7 3 23 -31 23 , 5 21 -23 -5 30 -9 , 39 36 -36 0 7 -29 , 0.0054405641949855305 , 26
2.5852434814398477 , 16 -28 -41 -17 -21 -7 , 7 -39 39 0 -28 11 , -10 -23 21 -5 -14 -9 , 35 3 -3 0 21 18 , 33 41 28 17 34 7 , 14 3 -7 23 -20 24 , -9 7 -3 -23 31 -23 , -5 -21 23 5 -30 9 , 39 36 -36 0 7 -29 , 0.0054405641949855305 , 27
2.5852434814398477 , 16 -28 -41 -17 -21 -7 , 7 -39 39 0 -28 11 , 5 9 -30 10 23 -21 , 35 3 -3 0 21 18 , 33 41 28 17 34 7 , 9 -23 31 -14 -3 7 , 23 -31 23 14 -24 20 , -5 30 -9 -10 9 14 , 39 36 -36 0 7 -29 , 0.0054405641949855305 , 28
2.5852434814398477 , 16 -28 -41 -17 -21 -7 , 7 -39 39 0 -28 11 , 30 -5 -14 21 5 9 , 35 3 -3 0 21 18 , 33 41 28 17 34 7 , -31 23 -20 -7 9 -23 , -24 20 -23 7 -3 -14 , 9 14 5 -21 23 10 , 39 36 -36 0 7 -29 , 0.0054405641949855305 , 29
2.5852434814398477 , 16 -28 -41 -17 -21 -7 , 7 -39 39 0 -28 11 , -9 10 23 -30 5 14 , 35 3 -3 0 21 18 , 33 41 28 17 34 7 , 24 -14 -3 31 -23 20 , -7 3 14 -31 23 -9 , 21 -23 -10 30 -9 -5 , 39 36 -36 0 7 -29 , 0.0054405641949855626 , 30
2.5852434814398477 , 16 -28 -41 -17 -21 -7 , 7 -39 39 0 -28 11 , 9 -10 -23 30 -5 -14 , 35 3 -3 0 21 18 , 33 41 28 17 34 7 , -24 14 3 -31 23 -20 , 7 -3 -14 31 -23 9 , -21 23 10 -30 9 5 , 39 36 -36 0 7 -29 , 0.0054405641949855626 , 31
2.5852434814398477 , 16 -28 -41 -17 -21 -7 , 35 3 -3 0 21 18 , -3 -14 24 -23 9 -7 , 7 -39 39 0 -28 11 , 33 41 28 17 34 7 , 23 10 -9 9 5 21 , 14 9 -10 -9 30 -5 , 20 -24 14 23 -31 23 , 39 36 -36 0 7 -29 , 0.0054405641949856276 , 32
2.5852434814398477 , 16 -28 -41 -17 -21 -7 , 35 3 -3 0 21 18 , 3 14 -24 23 -9 7 , 7 -39 39 0 -28 11 , 33 41 28 17 34 7 , -23 -10 9 -9 -5 -21 , -14 -9 10 9 -30 5 , -20 24 -14 -23 31 -23 , 39 36 -36 0 7 -29 , 0.0054405641949856276 , 33
2.5852434814398477 , 16 -28 -41 -17 -21 -7 , 7 -39 39 0 -28 11 , 9 -30 5 23 -21 -5 , 35 3 -3 0 21 18 , 33 41 28 17 34 7 , -23 31 -23 -3 7 -9 , -20 23 -31 3 14 -24 , -14 -5 30 -23 -10 9 , 39 36 -36 0 7 -29 , 0.0054405641949857577 , 34
2.5852434814398477 , 16 -28 -41 -17 -21 -7 , 7 -39 39 0 -28 11 , -9 30 -5 -23 21 5 , 35 3 -3 0 21 18 , 33 41 28 17 34 7 , 23 -31 23 3 -7 9 , 20 -23 31 -3 -14 24 , 14 5 -30 23 10 -9 , 39 36 -36 0 7 -29 , 0.0054405641949857577 , 35
2.5852434814398477 , 1 -43 -39 -7 -39 -22 , 35 3 -3 0 21 18 , -23 32 -24 -5 11 -11 , 7 -39 39 0 -28 11 , 8 39 43 7 17 4 , 14 9 -10 -9 30 -5 , 23 10 -9 9 5 21 , -18 24 -32 5 13 -21 , 39 36 -36 0 7 -29 , 0.0059560025112856008 , 36
2.5852434814398477 , 1 -43 -39 -7 -39 -22 , 35 3 -3 0 21 18 , 23 -32 24 5 -11 11 , 7 -39 39 0 -28 11 , 8 39 43 7 17 4 , -14 -9 10 9 -30 5 , -23 -10 9 -9 -5 -21 , 18 -24 32 -5 -13 21 , 39 36 -36 0 7 -29 , 0.0059560025112856008 , 37
2.5852434814398477 , 1 -43 -39 -7 -39 -22 , 7 -39 39 0 -28 11 , -9 -5 -21 14 5 -30 , 35 3 -3 0 21 18 , 8 39 43 7 17 4 , -5 -13 21 -23 11 -11 , 18 -21 13 23 -32 24 , -23 21 5 -14 -9 10 , 39 36 -36 0 7 -29 , 0.0059560025112857656 , 38
2.5852434814398477 , 1 -43 -39 -7 -39 -22 , 7 -39 39 0 -28 11 , 9 5 21 -14 -5 30 , 35 3 -3 0 21 18 , 8 39 43 7 17 4 , 5 13 -21 23 -11 11 , -18 21 -13 -23 32 -24 , 23 -21 -5 14 9 -10 , 39 36 -36 0 7 -29 , 0.0059560025112857656 , 39
2.5852434814398477 , 1 -43 -39 -7 -39 -22 , 7 -39 39 0 -28 11 , -30 9 5 -9 -14 -5 , 35 3 -3 0 21 18 , 8 39 43 7 17 4 , -11 5 13 -32 23 -11 , 21 -13 -5 32 -24 18 , -21 -5 -9 9 -10 -23 , 39 36 -36 0 7 -29 , 0.0059560025112858385 , 40
2.5852434814398477 , 1 -43 -39 -7 -39 -22 , 7 -39 39 0 -28 11 , 30 -9 -5 9 14 5 , 35 3 -3 0 21 18 , 8 39 43 7 17 4 , 11 -5 -13 32 -23 11 , -21 13 5 -32 24 -18 , 21 5 9 -9 10 23 , 39 36 -36 0 7 -29 , 0.0059560025112858385 , 41
2.5852434814398477 , 1 -43 -39 -7 -39 -22 , 7 -39 39 0 -28 11 , 9 14 5 -21 23 10 , 35 3 -3 0 21 18 , 8 39 43 7 17 4 , 32 -23 11 21 -18 24 , 11 -11 23 -21 13 5 , 30 -5 -14 21 5 9 , 39 36 -36 0 7 -29 , 0.0059560025112859035 , 42
2.5852434814398477 , 1 -43 -39 -7 -39 -22 , 7 -39 39 0 -28 11 , -9 -14 -5 21 -23 -10 , 35 3 -3 0 21 18 , 8 39 43 7 17 4 , -32 23 -11 -21 18 -24 , -11 11 -23 21 -13 -5 , -30 5 14 -21 -5 -9 , 39 36 -36 0 7 -29 , 0.0059560025112859035 , 43
2.5852434814398477 , 1 -43 -39 -7 -39 -22 , 35 3 -3 0 21 18 , 32 -24 18 11 -11 23 , 7 -39 39 0 -28 11 , 8 39 43 7 17 4 , 9 -10 -23 30 -5 -14 , -21 23 10 -30 9 5 , 21 -18 24 -11 5 13 , 39 36 -36 0 7 -29 , 0.005956002511285927 , 44
2.5852434814398477 , 1 -43 -39 -7 -39 -22 , 35 3 -3 0 21 18 , -32 24 -18 -11 11 -23 , 7 -39 39 0 -28 11 , 8 39 43 7 17 4 , -9 10 23 -30 5 14 , 21 -23 -10 30 -9 -5 , -21 18 -24 11 -5 -13 , 39 36 -36 0 7 -29 , 0.005956002511285927 , 45
2.5852434814398477 , 1 -43 -39 -7 -39 -22 , 35 3 -3 0 21 18 , -18 21 -13 -23 32 -24 , 7 -39 39 0 -28 11 , 8 39 43 7 17 4 , 23 -21 -5 14 9 -10 , 9 5 21 -14 -5 30 , 5 13 -21 23 -11 11 , 39 36 -36 0 7 -29 , 0.0059560025112859296 , 46
2.5852434814398477 , 1 -43 -39 -7 -39 -22 , 35 3 -3 0 21 18 , 18 -21 13 23 -32 24 , 7 -39 39 0 -28 11 , 8 39 43 7 17 4 , -23 21 5 -14 -9 10 , -9 -5 -21 14 5 -30 , -5 -13 21 -23 11 -11 , 39 36 -36 0 7 -29 , 0.0059560025112859296 , 47
2.5852434814398477 , 1 -43 -39 -7 -39 -22 , 35 3 -3 0 21 18 , 11 -23 32 -13 -5 11 , 7 -39 39 0 -28 11 , 8 39 43 7 17 4 , 5 14 9 -5 -9 30 , 10 -9 -14 5 21 -23 , 24 -32 23 13 -21 18 , 39 36 -36 0 7 -29 , 0.0059560025112859582 , 48
2.5852434814398477 , 1 -43 -39 -7 -39 -22 , 35 3 -3 0 21 18 , -11 23 -32 13 5 -11 , 7 -39 39 0 -28 11 , 8 39 43 7 17 4 , -5 -14 -9 5 9 -30 , -10 9 14 -5 -21 23 , -24 32 -23 -13 21 -18 , 39 36 -36 0 7 -29 , 0.0059560025112859582 , 49
2.5852434814398477 , 1 -43 -39 -7 -39 -22 , 7 -39 39 0 -28 11 , -10 9 14 -5 -21 23 , 35 3 -3 0 21 18 , 8 39 43 7 17 4 , -24 32 -23 -13 21 -18 , -11 23 -32 13 5 -11 , -5 -14 -9 5 9 -30 , 39 36 -36 0 7 -29 , 0.005956002511285966 , 50
2.5852434814398477 , 1 -43 -39 -7 -39 -22 , 7 -39 39 0 -28 11 , 10 -9 -14 5 21 -23 , 35 3 -3 0 21 18 , 8 39 43 7 17 4 , 24 -32 23 13 -21 18 , 11 -23 32 -13 -5 11 , 5 14 9 -5 -9 30 , 39 36 -36 0 7 -29 , 0.005956002511285966 , 51
2.5852434814398477 , 1 -43 -39 -7 -39 -22 , 35 3 -3 0 21 18 , -13 -5 11 -24 18 -21 , 7 -39 39 0 -28 11 , 8 39 43 7 17 4 , -5 -9 30 -10 -23 21 , 5 -30 9 10 -9 -14 , 11 -11 5 24 -32 23 , 39 36 -36 0 7 -29 , 0.0059560025112859833 , 52
2.5852434814398477 , 1 -43 -39 -7 -39 -22 , 35 3 -3 0 21 18 , 13 5 -11 24 -18 21 , 7 -39 39 0 -28 11 , 8 39 43 7 17 4 , 5 9 -30 10 23 -21 , -5 30 -9 -10 9 14 , -11 11 -5 -24 32 -23 , 39 36 -36 0 7 -29 , 0.0059560025112859833 , 53
2.5852434814398477 , 1 -43 -39 -7 -39 -22 , 7 -39 39 0 -28 11 , -5 -21 23 5 -30 9 , 35 3 -3 0 21 18 , 8 39 43 7 17 4 , -13 21 -18 11 -11 5 , -24 18 -21 -11 23 -32 , -10 -23 21 -5 -14 -9 , 39 36 -36 0 7 -29 , 0.0059560025112860111 , 54
2.5852434814398477 , 1 -43 -39 -7 -39 -22 , 7 -39 39 0 -28 11 , 5 21 -23 -5 30 -9 , 35 3 -3 0 21 18 , 8 39 43 7 17 4 , 13 -21 18 -11 11 -5 , 24 -18 21 11 -23 32 , 10 23 -21 5 14 9 , 39 36 -36 0 7 -29 , 0.0059560025112860111 , 55
2.5852434814398477 , 1 -43 -39 -7 -39 -22 , 7 -39 39 0 -28 11 , -5 30 -9 -10 9 14 , 35 3 -3 0 21 18 , 8 39 43 7 17 4 , -11 11 -5 -24 32 -23 , 13 5 -11 24 -18 21 , 5 9 -30 10 23 -21 , 39 36 -36 0 7 -29 , 0.005956002511286018 , 56
2.5852434814398477 , 1 -43 -39 -7 -39 -22 , 7 -39 39 0 -28 11 , 5 -30 9 10 -9 -14 , 35 3 -3 0 21 18 , 8 39 43 7 17 4 , 11 -11 5 24 -32 23 , -13 -5 11 -24 18 -21 , -5 -9 30 -10 -23 21 , 39 36 -36 0 7 -29 , 0.005956002511286018 , 57
2.5852434814398477 , 1 -43 -39 -7 -39 -22 , 7 -39 39 0 -28 11 , -14 -5 30 -23 -10 9 , 35 3 -3 0 21 18 , 8 39 43 7 17 4 , 23 -11 11 18 -24 32 , 5 -11 11 -18 21 -13 , 9 -30 5 23 -21 -5 , 39 36 -36 0 7 -29 , 0.0059560025112860441 , 58
2.5852434814398477 , 1 -43 -39 -7 -39 -22 , 7 -39 39 0 -28 11 , 14 5 -30 23 10 -9 , 35 3 -3 0 21 18 , 8 39 43 7 17 4 , -23 11 -11 -18 24 -32 , -5 11 -11 18 -21 13 , -9 30 -5 -23 21 5 , 39 36 -36 0 7 -29 , 0.0059560025112860441 , 59
2.5852434814398477 , 1 -43 -39 -7 -39 -22 , 35 3 -3 0 21 18 , 21 -13 -5 32 -24 18 , 7 -39 39 0 -28 11 , 8 39 43 7 17 4 , -21 -5 -9 9 -10 -23 , -30 9 5 -9 -14 -5 , -11 5 13 -32 23 -11 , 39 36 -36 0 7 -29 , 0.0059560025112860441 , 60
2.5852434814398477 , 1 -43 -39 -7 -39 -22 , 35 3 -3 0 21 18 , -21 13 5 -32 24 -18 , 7 -39 39 0 -28 11 , 8 39 43 7 17 4 , 21 5 9 -9 10 23 , 30 -9 -5 9 14 5 , 11 -5 -13 32 -23 11 , 39 36 -36 0 7 -29 , 0.0059560025112860441 , 61
2.5852434814398477 , 1 -43 -39 -7 -39 -22 , 35 3 -3 0 21 18 , -24 18 -21 -11 23 -32 , 7 -39 39 0 -28 11 , 8 39 43 7 17 4 , -10 -23 21 -5 -14 -9 , -5 -21 23 5 -30 9 , -13 21 -18 11 -11 5 , 39 36 -36 0 7 -29 , 0.0059560025112860675 , 62
2.5852434814398477 , 1 -43 -39 -7 -39 -22 , 35 3 -3 0 21 18 , 24 -18 21 11 -23 32 , 7 -39 39 0 -28 11 , 8 39 43 7 17 4 , 10 23 -21 5 14 9 , 5 21 -23 -5 30 -9 , 13 -21 18 -11 11 -5 , 39 36 -36 0 7 -29 , 0.0059560025112860675 , 63
2.5852434814398477 , 1 -43 -39 -7 -39 -22 , 35 3 -3 0 21 18 , -11 11 -23 21 -13 -5 , 7 -39 39 0 -28 11 , 8 39 43 7 17 4 , -30 5 14 -21 -5 -9 , -9 -14 -5 21 -23 -10 , -32 23 -11 -21 18 -24 , 39 36 -36 0 7 -29 , 0.0059560025112861056 , 64
2.5852434814398477 , 1 -43 -39 -7 -39 -22 , 35 3 -3 0 21 18 , 11 -11 23 -21 13 5 , 7 -39 39 0 -28 11 , 8 39 43 7 17 4 , 30 -5 -14 21 5 9 , 9 14 5 -21 23 10 , 32 -23 11 21 -18 24 , 39 36 -36 0 7 -29 , 0.0059560025112861056 , 65
2.5852434814398477 , 1 -43 -39 -7 -39 -22 , 7 -39 39 0 -28 11 , -21 23 10 -30 9 5 , 35 3 -3 0 21 18 , 8 39 43 7 17 4 , 21 -18 24 -11 5 13 , 32 -24 18 11 -11 23 , 9 -10 -23 30 -5 -14 , 39 36 -36 0 7 -29 , 0.0059560025112861317 , 66
2.5852434814398477 , 1 -43 -39 -7 -39 -22 , 7 -39 39 0 -28 11 , 21 -23 -10 30 -9 -5 , 35 3 -3 0 21 18 , 8 39 43 7 17 4 , -21 18 -24 11 -5 -13 , -32 24 -18 -11 11 -23 , -9 10 23 -30 5 14 , 39 36 -36 0 7 -29 , 0.0059560025112861317 , 67
2.5852434814398477 , 1 -43 -39 -7 -39 -22 , 7 -39 39 0 -28 11 , -23 -10 9 -9 -5 -21 , 35 3 -3 0 21 18 , 8 39 43 7 17 4 , 18 -24 32 -5 -13 21 , 23 -32 24 5 -11 11 , -14 -9 10 9 -30 5 , 39 36 -36 0 7 -29 , 0.0059560025112861447 , 68
2.5852434814398477 , 1 -43 -39 -7 -39 -22 , 7 -39 39 0 -28 11 , 23 10 -9 9 5 21 , 35 3 -3 0 21 18 , 8 39 43 7 17 4 , -18 24 -32 5 13 -21 , -23 32 -24 -5 11 -11 , 14 9 -10 -9 30 -5 , 39 36 -36 0 7 -29 , 0.0059560025112861447 , 69
2.5852434814398477 , 1 -43 -39 -7 -39 -22 , 35 3 -3 0 21 18 , -5 11 -11 18 -21 13 , 7 -39 39 0 -28 11 , 8 39 43 7 17 4 , -9 30 -5 -23 21 5 , 14 5 -30 23 10 -9 , -23 11 -11 -18 24 -32 , 39 36 -36 0 7 -29 , 0.0059560025112861499 , 70
2.5852434814398477 , 1 -43 -39 -7 -39 -22 , 35 3 -3 0 21 18 , 5 -11 11 -18 21 -13 , 7 -39 39 0 -28 11 , 8 39 43 7 17 4 , 9 -30 5 23 -21 -5 , -14 -5 30 -23 -10 9 , 23 -11 11 18 -24 32 , 39 36 -36 0 7 -29 , 0.0059560025112861499 , 71
2.5852434814398477 , -25 -53 -8 -32 -51 -27 , 24 -18 18 0 -2 16 , -5 -20 28 -14 -8 -1 , 18 -18 18 0 -5 13 , 7 8 53 32 -19 2 , -34 17 -9 -6 -6 -15 , -28 9 -17 6 -6 -23 , 9 -28 20 14 -29 12 , 39 36 -36 0 7 -29 , 0.0059882213729896532 , 72
2.5852434814398477 , -25 -53 -8 -32 -51 -27 , 24 -18 18 0 -2 16 , 5 20 -28 14 8 1 , 18 -18 18 0 -5 13 , 7 8 53 32 -19 2 , 34 -17 9 6 6 15 , 28 -9 17 -6 6 23 , -9 28 -20 -14 29 -12 , 39 36 -36 0 7 -29 , 0.0059882213729896532 , 73
2.5852434814398477 , -25 -53 -8 -32 -51 -27 , 24 -18 18 0 -2 16 , 1 -5 -20 29 -14 -8 , 18 -18 18 0 -5 13 , 7 8 53 32 -19 2 , 15 -34 17 6 -6 -6 , 9 -17 34 -6 -23 28 , -28 20 5 -29 12 -9 , 39 36 -36 0 7 -29 , 0.0059882213729897469 , 74
2.5852434814398477 , -25 -53 -8 -32 -51 -27 , 24 -18 18 0 -2 16 , -1 5 20 -29 14 8 , 18 -18 18 0 -5 13 , 7 8 53 32 -19 2 , -15 34 -17 -6 6 6 , -9 17 -34 6 23 -28 , 28 -20 -5 29 -12 9 , 39 36 -36 0 7 -29 , 0.0059882213729897469 , 75
2.5852434814398477 , -25 -53 -8 -32 -51 -27 , 18 -18 18 0 -5 13 , 15 6 6 9 -17 34 , 24 -18 18 0 -2 16 , 7 8 53 32 -19 2 , 1 8 14 -28 20 5 , 29 -14 -8 28 -9 12 , 6 -6 -6 -9 28 -23 , 39 36 -36 0 7 -29 , 0.0059882213729897911 , 76
2.5852434814398477 , -25 -53 -8 -32 -51 -27 , 18 -18 18 0 -5 13 , -15 -6 -6 -9 17 -34 , 24 -18 18 0 -2 16 , 7 8 53 32 -19 2 , -1 -8 -14 28 -20 -5 , -29 14 8 -28 9 -12 , -6 6 6 9 -28 23 , 39 36 -36 0 7 -29 , 0.0059882213729897911 , 77
2.5852434814398477 , -25 -53 -8 -32 -51 -27 , 18 -18 18 0 -5 13 , -6 -6 6 17 -34 15 , 24 -18 18 0 -2 16 , 7 8 53 32 -19 2 , -8 -14 29 -20 -5 1 , 12 -29 14 20 -28 9 , -23 -6 6 -17 9 -28 , 39 36 -36 0 7 -29 , 0.0059882213729898146 , 78
2.5852434814398477 , -25 -53 -8 -32 -51 -27 , 18 -18 18 0 -5 13 , 6 6 -6 -17 34 -15 , 24 -18 18 0 -2 16 , 7 8 53 32 -19 2 , 8 14 -29 20 5 -1 , -12 29 -14 -20 28 -9 , 23 6 -6 17 -9 28 , 39 36 -36 0 7 -29 , 0.0059882213729898146 , 79
2.5852434814398477 , -25 -53 -8 -32 -51 -27 , 24 -18 18 0 -2 16 , 9 -12 29 -5 -20 28 , 18 -18 18 0 -5 13 , 7 8 53 32 -19 2 , -28 23 6 -34 17 -9 , 6 -6 -23 34 -15 -6 , 14 -29 12 5 -1 -8 , 39 36 -36 0 7 -29 , 0.005988221372989864 , 80
2.5852434814398477 , -25 -53 -8 -32 -51 -27 , 24 -18 18 0 -2 16 , -9 12 -29 5 20 -28 , 18 -18 18 0 -5 13 , 7 8 53 32 -19 2 , 28 -23 -6 34 -17 9 , -6 6 23 -34 15 6 , -14 29 -12 -5 1 8 , 39 36 -36 0 7 -29 , 0.005988221372989864 , 81
2.5852434814398477 , -25 -53 -8 -32 -51 -27 , 18 -18 18 0 -5 13 , -28 9 -17 6 -6 -23 , 24 -18 18 0 -2 16 , 7 8 53 32 -19 2 , 9 -28 20 14 -29 12 , -5 -20 28 -14 -8 -1 , -34 17 -9 -6 -6 -15 , 39 36 -36 0 7 -29 , 0.0059882213729898735 , 82
2.5852434814398477 , -25 -53 -8 -32 -51 -27 , 18 -18 18 0 -5 13 , 28 -9 17 -6 6 23 , 24 -18 18 0 -2 16 , 7 8 53 32 -19 2 , -9 28 -20 -14 29 -12 , 5 20 -28 14 8 1 , 34 -17 9 6 6 15 , 39 36 -36 0 7 -29 , 0.0059882213729898735 , 83
2.5852434814398477 , -25 -53 -8 -32 -51 -27 , 24 -18 18 0 -2 16 , -8 -1 5 12 -29 14 , 18 -18 18 0 -5 13 , 7 8 53 32 -19 2 , -6 -15 34 -23 -6 6 , 17 -34 15 23 -28 9 , -20 -5 1 -12 9 -28 , 39 36 -36 0 7 -29 , 0.005988221372989877 , 84
2.5852434814398477 , -25 -53 -8 -32 -51 -27 , 24 -18 18 0 -2 16 , 8 1 -5 -12 29 -14 , 18 -18 18 0 -5 13 , 7 8 53 32 -19 2 , 6 15 -34 23 6 -6 , -17 34 -15 -23 28 -9 , 20 5 -1 12 -9 28 , 39 36 -36 0 7 -29 , 0.005988221372989877 , 85
2.5852434814398477 , -25 -53 -8 -32 -51 -27 , 18 -18 18 0 -5 13 , 6 23 -28 15 6 6 , 24 -18 18 0 -2 16 , 7 8 53 32 -19 2 , 29 -12 9 1 8 14 , 28 -9 12 -1 5 20 , -9 28 -23 -15 34 -17 , 39 36 -36 0 7 -29 , 0.0059882213729898943 , 86
2.5852434814398477 , -25 -53 -8 -32 -51 -27 , 18 -18 18 0 -5 13 , -6 -23 28 -15 -6 -6 , 24 -18 18 0 -2 16 , 7 8 53 32 -19 2 , -29 12 -9 -1 -8 -14 , -28 9 -12 1 -5 -20 , 9 -28 23 15 -34 17 , 39 36 -36 0 7 -29 , 0.0059882213729898943 , 87
2.5852434814398477 , -25 -53 -8 -32 -51 -27 , 18 -18 18 0 -5 13 , -23 28 -9 -6 -6 6 , 24 -18 18 0 -2 16 , 7 8 53 32 -19 2 , 12 -9 28 -8 -14 29 , 20 -28 9 8 1 -5 , -17 9 -28 6 15 -34 , 39 36 -36 0 7 -29 , 0.0059882213729899178 , 88
2.5852434814398477 , -25 -53 -8 -32 -51 -27 , 18 -18 18 0 -5 13 , 23 -28 9 6 6 -6 , 24 -18 18 0 -2 16 , 7 8 53 32 -19 2 , -12 9 -28 8 14 -29 , -20 28 -9 -8 -1 5 , 17 -9 28 -6 -15 34 , 39 36 -36 0 7 -29 , 0.0059882213729899178 , 89
2.5852434814398477 , -25 -53 -8 -32 -51 -27 , 24 -18 18 0 -2 16 , -28 9 -12 1 -5 -20 , 18 -18 18 0 -5 13 , 7 8 53 32 -19 2 , 9 -28 23 15 -34 17 , -6 -23 28 -15 -6 -6 , -29 12 -9 -1 -8 -14 , 39 36 -36 0 7 -29 , 0.005988221372989929 , 90
2.5852434814398477 , -25 -53 -8 -32 -51 -27 , 24 -18 18 0 -2 16 , 28 -9 12 -1 5 20 , 18 -18 18 0 -5 13 , 7 8 53 32 -19 2 , -9 28 -23 -15 34 -17 , 6 23 -28 15 6 6 , 29 -12 9 1 8 14 , 39 36 -36 0 7 -29 , 0.005988221372989929 , 91
2.5852434814398477 , -25 -53 -8 -32 -51 -27 , 18 -18 18 0 -5 13 , -34 15 6 -28 9 -17 , 24 -18 18 0 -2 16 , 7 8 53 32 -19 2 , -5 1 8 9 -28 20 , -14 -8 -1 -9 12 -29 , -6 -6 -15 28 -23 -6 , 39 36 -36 0 7 -29 , 0.0059882213729899759 , 92
2.5852434814398477 , -25 -53 -8 -32 -51 -27 , 18 -18 18 0 -5 13 , 34 -15 -6 28 -9 17 , 24 -18 18 0 -2 16 , 7 8 53 32 -19 2 , 5 -1 -8 -9 28 -20 , 14 8 1 9 -12 29 , 6 6 15 -28 23 6 , 39 36 -36 0 7 -29 , 0.0059882213729899759 , 93
2.5852434814398477 , -25 -53 -8 -32 -51 -27 , 24 -18 18 0 -2 16 , -20 28 -9 -8 -1 5 , 18 -18 18 0 -5 13 , 7 8 53 32 -19 2 , 17 -9 28 -6 -15 34 , 23 -28 9 6 6 -6 , -12 9 -28 8 14 -29 , 39 36 -36 0 7 -29 , 0.0059882213729899915 , 94
2.5852434814398477 , -25 -53 -8 -32 -51 -27 , 24 -18 18 0 -2 16 , 20 -28 9 8 1 -5 , 18 -18 18 0 -5 13 , 7 8 53 32 -19 2 , -17 9 -28 6 15 -34 , -23 28 -9 -6 -6 6 , 12 -9 28 -8 -14 29 , 39 36 -36 0 7 -29 , 0.0059882213729899915 , 95
2.5852434814398477 , -25 -53 -8 -32 -51 -27 , 24 -18 18 0 -2 16 , -14 -8 -1 -9 12 -29 , 18 -18 18 0 -5 13 , 7 8 53 32 -19 2 , -6 -6 -15 28 -23 -6 , -34 15 6 -28 9 -17 , -5 1 8 9 -28 20 , 39 36 -36 0 7 -29 , 0.0059882213729900383 , 96
2.5852434814398477 , -25 -53 -8 -32 -51 -27 , 24 -18 18 0 -2 16 , 14 8 1 9 -12 29 , 18 -18 18 0 -5 13 , 7 8 53 32 -19 2 , 6 6 15 -28 23 6 , 34 -15 -6 28 -9 17 , 5 -1 -8 -9 28 -20 , 39 36 -36 0 7 -29 , 0.0059882213729900383 , 97
2.5852434814398477 , -25 -53 -8 -32 -51 -27 , 18 -18 18 0 -5 13 , -6 6 23 -34 15 6 , 24 -18 18 0 -2 16 , 7 8 53 32 -19 2 , -14 29 -12 -5 1 8 , -9 12 -29 5 20 -28 , 28 -23 -6 34 -17 9 , 39 36 -36 0 7 -29 , 0.005988221372990067 , 98
2.5852434814398477 , -25 -53 -8 -32 -51 -27 , 18 -18 18 0 -5 13 , 6 -6 -23 34 -15 -6 , 24 -18 18 0 -2 16 , 7 8 53 32 -19 2 , 14 -29 12 5 -1 -8 , 9 -12 29 -5 -20 28 , -28 23 6 -34 17 -9 , 39 36 -36 0 7 -29 , 0.005988221372990067 , 99
2.7147388392808613 , -7 -34 -19 -43 -19 -15 , 49 -5 5 0 22 27 , 1 -4 5 -6 5 -3 , 13 32 -32 0 33 1 , 36 19 34 43 4 15 , -29 27 -11 -9 -1 -5 , -20 11 -27 9 6 -28 , 7 -5 4 6 -8 9 , 19 -27 27 0 -55 -28 , 0.0033653619230337882 , 0
2.7147388392808613 , -7 -34 -19 -43 -19 -15 , 49 -5 5 0 22 27 , -1 4 -5 6 -5 3 , 13 32 -32 0 33 1 , 36 19 34 43 4 15 , 29 -27 11 9 1 5 , 20 -11 27 -9 -6 28 , -7 5 -4 -6 8 -9 , 19 -27 27 0 -55 -28 , 0.0033653619230337882 , 1
2.7147388392808613 , -7 -34 -19 -43 -19 -15 , 49 -5 5 0 22 27 , -4 5 -7 5 -3 -1 , 13 32 -32 0 33 1 , 36 19 34 43 4 15 , 27 -11 20 -1 -5 29 , 28 -20 11 1 9 6 , -9 7 -5 -5 6 -8 , 19 -27 27 0 -55 -28 , 0.0033653619230338246 , 2
2.7147388392808613 , -7 -34 -19 -43 -19 -15 , 49 -5 5 0 22 27 , 4 -5 7 -5 3 1 , 13 32 -32 0 33 1 , 36 19 34 43 4 15 , -27 11 -20 1 5 -29 , -28 20 -11 -1 -9 -6 , 9 -7 5 5 -6 8 , 19 -27 27 0 -55 -28 , 0.0033653619230338246 , 3
2.7147388392808613 , -7 -34 -19 -43 -19 -15 , 13 32 -32 0 33 1 , 1 9 6 -27 29 -5 , 49 -5 5 0 22 27 , 36 19 34 43 4 15 , -5 6 -8 4 -1 -3 , -9 8 -6 -4 5 -7 , 28 -6 -9 27 -11 20 , 19 -27 27 0 -55 -28 , 0.0033653619230338281 , 4
2.7147388392808613 , -7 -34 -19 -43 -19 -15 , 13 32 -32 0 33 1 , -1 -9 -6 27 -29 5 , 49 -5 5 0 22 27 , 36 19 34 43 4 15 , 5 -6 8 -4 1 3 , 9 -8 6 4 -5 7 , -28 6 9 -27 11 -20 , 19 -27 27 0 -55 -28 , 0.0033653619230338281 , 5
2.7147388392808613 , -7 -34 -19 -43 -19 -15 , 13 32 -32 0 33 1 , -20 11 -27 9 6 -28 , 49 -5 5 0 22 27 , 36 19 34 43 4 15 , 7 -5 4 6 -8 9 , 1 -4 5 -6 5 -3 , -29 27 -11 -9 -1 -5 , 19 -27 27 0 -55 -28 , 0.0033653619230338671 , 6
2.7147388392808613 , -7 -34 -19 -43 -19 -15 , 13 32 -32 0 33 1 , 20 -11 27 -9 -6 28 , 49 -5 5 0 22 27 , 36 19 34 43 4 15 , -7 5 -4 -6 8 -9 , -1 4 -5 6 -5 3 , 29 -27 11 9 1 5 , 19 -27 27 0 -55 -28 , 0.0033653619230338671 , 7
2.7147388392808613 , -7 -34 -19 -43 -19 -15 , 49 -5 5 0 22 27 , 8 -6 5 5 -7 9 , 13 32 -32 0 33 1 , 36 19 34 43 4 15 , -6 -9 -1 -11 20 -28 , 5 1 9 11 -27 29 , 3 -5 6 -5 4 -1 , 19 -27 27 0 -55 -28 , 0.0033653619230338844 , 8
2.7147388392808613 , -7 -34 -19 -43 -19 -15 , 49 -5 5 0 22 27 , -8 6 -5 -5 7 -9 , 13 32 -32 0 33 1 , 36 19 34 43 4 15 , 6 9 1 11 -20 28 , -5 -1 -9 -11 27 -29 , -3 5 -6 5 -4 1 , 19 -27 27 0 -55 -28 , 0.0033653619230338844 , 9
2.7147388392808613 , -7 -34 -19 -43 -19 -15 , 13 32 -32 0 33 1 , 11 -27 29 6 -28 20 , 49 -5 5 0 22 27 , 36 19 34 43 4 15 , -5 4 -1 -8 9 -7 , 3 1 -4 8 -6 5 , 5 -29 27 -6 -9 -1 , 19 -27 27 0 -55 -28 , 0.0033653619230338935 , 10
2.7147388392808613 , -7 -34 -19 -43 -19 -15 , 13 32 -32 0 33 1 , -11 27 -29 -6 28 -20 , 49 -5 5 0 22 27 , 36 19 34 43 4 15 , 5 -4 1 8 -9 7 , -3 -1 4 -8 6 -5 , -5 29 -27 6 9 1 , 19 -27 27 0 -55 -28 , 0.0033653619230338935 , 11
2.7147388392808613 , -7 -34 -19 -43 -19 -15 , 49 -5 5 0 22 27 , -9 8 -6 -4 5 -7 , 13 32 -32 0 33 1 , 36 19 34 43 4 15 , 28 -6 -9 27 -11 20 , 1 9 6 -27 29 -5 , -5 6 -8 4 -1 -3 , 19 -27 27 0 -55 -28 , 0.0033653619230339027 , 12
2.7147388392808613 , -7 -34 -19 -43 -19 -15 , 49 -5 5 0 22 27 , 9 -8 6 4 -5 7 , 13 32 -32 0 33 1 , 36 19 34 43 4 15 , -28 6 9 -27 11 -20 , -1 -9 -6 27 -29 5 , 5 -6 8 -4 1 3 , 19 -27 27 0 -55 -28 , 0.0033653619230339027 , 13
2.7147388392808613 , -7 -34 -19 -43 -19 -15 , 13 32 -32 0 33 1 , -28 20 -11 -1 -9 -6 , 49 -5 5 0 22 27 , 36 19 34 43 4 15 , 9 -7 5 5 -6 8 , 4 -5 7 -5 3 1 , -27 11 -20 1 5 -29 , 19 -27 27 0 -55 -28 , 0.0033653619230339035 , 14
2.7147388392808613 , -7 -34 -19 -43 -19 -15 , 13 32 -32 0 33 1 , 28 -20 11 1 9 6 , 49 -5 5 0 22 27 , 36 19 34 43 4 15 , -9 7 -5 -5 6 -8 , -4 5 -7 5 -3 -1 , 27 -11 20 -1 -5 29 , 19 -27 27 0 -55 -28 , 0.0033653619230339035 , 15
2.7147388392808613 , -7 -34 -19 -43 -19 -15 , 13 32 -32 0 33 1 , 5 1 9 11 -27 29 , 49 -5 5 0 22 27 , 36 19 34 43 4 15 , 3 -5 6 -5 4 -1 , 8 -6 5 5 -7 9 , -6 -9 -1 -11 20 -28 , 19 -27 27 0 -55 -28 , 0.0033653619230339109 , 16
2.7147388392808613 , -7 -34 -19 -43 -19 -15 , 13 32 -32 0 33 1 , -5 -1 -9 -11 27 -29 , 49 -5 5 0 22 27 , 36 19 34 43 4 15 , -3 5 -6 5 -4 1 , -8 6 -5 -5 7 -9 , 6 9 1 11 -20 28 , 19 -27 27 0 -55 -28 , 0.0033653619230339109 , 17
2.7147388392808613 , -7 -34 -19 -43 -19 -15 , 49 -5 5 0 22 27 , -6 5 -3 -7 9 -8 , 13 32 -32 0 33 1 , 36 19 34 43 4 15 , -9 -1 -5 20 -28 6 , -29 5 1 -20 11 -27 , 1 3 -5 7 -5 4 , 19 -27 27 0 -55 -28 , 0.0033653619230339321 , 18
2.7147388392808613 , -7 -34 -19 -43 -19 -15 , 49 -5 5 0 22 27 , 5 -7 9 -3 -1 4 , 13 32 -32 0 33 1 , 36 19 34 43 4 15 , -11 20 -28 -5 29 -27 , -6 28 -20 5 1 9 , 8 -9 7 3 -5 6 , 19 -27 27 0 -55 -28 , 0.0033653619230339321 , 19
2.7147388392808613 , -7 -34 -19 -43 -19 -15 , 49 -5 5 0 22 27 , -5 7 -9 3 1 -4 , 13 32 -32 0 33 1 , 36 19 34 43 4 15 , 11 -20 28 5 -29 27 , 6 -28 20 -5 -1 -9 , -8 9 -7 -3 5 -6 , 19 -27 27 0 -55 -28 , 0.0033653619230339321 , 20
2.7147388392808613 , -7 -34 -19 -43 -19 -15 , 49 -5 5 0 22 27 , 6 -5 3 7 -9 8 , 13 32 -32 0 33 1 , 36 19 34 43 4 15 , 9 1 5 -20 28 -6 , 29 -5 -1 20 -11 27 , -1 -3 5 -7 5 -4 , 19 -27 27 0 -55 -28 , 0.0033653619230339321 , 21
2.7147388392808613 , -7 -34 -19 -43 -19 -15 , 13 32 -32 0 33 1 , 9 6 -28 29 -5 -1 , 49 -5 5 0 22 27 , 36 19 34 43 4 15 , 6 -8 9 -1 -3 5 , 7 -9 8 1 -4 5 , -20 28 -6 -29 27 -11 , 19 -27 27 0 -55 -28 , 0.0033653619230339382 , 22
2.7147388392808613 , -7 -34 -19 -43 -19 -15 , 13 32 -32 0 33 1 , -9 -6 28 -29 5 1 , 49 -5 5 0 22 27 , 36 19 34 43 4 15 , -6 8 -9 1 3 -5 , -7 9 -8 -1 4 -5 , 20 -28 6 29 -27 11 , 19 -27 27 0 -55 -28 , 0.0033653619230339382 , 23
2.7147388392808613 , -7 -34 -19 -43 -19 -15 , 13 32 -32 0 33 1 , -27 29 -5 -28 20 -11 , 49 -5 5 0 22 27 , 36 19 34 43 4 15 , 4 -1 -3 9 -7 5 , -5 3 1 -9 8 -6 , 1 5 -29 28 -6 -9 , 19 -27 27 0 -55 -28 , 0.0033653619230339447 , 24
2.7147388392808613 , -7 -34 -19 -43 -19 -15 , 13 32 -32 0 33 1 , 27 -29 5 28 -20 11 , 49 -5 5 0 22 27 , 36 19 34 43 4 15 , -4 1 3 -9 7 -5 , 5 -3 -1 9 -8 6 , -1 -5 29 -28 6 9 , 19 -27 27 0 -55 -28 , 0.0033653619230339447 , 25
2.7147388392808613 , -7 -34 -19 -43 -19 -15 , 49 -5 5 0 22 27 , 3 1 -4 8 -6 5 , 13 32 -32 0 33 1 , 36 19 34 43 4 15 , 5 -29 27 -6 -9 -1 , 11 -27 29 6 -28 20 , -5 4 -1 -8 9 -7 , 19 -27 27 0 -55 -28 , 0.0033653619230339538 , 26
2.7147388392808613 , -7 -34 -19 -43 -19 -15 , 49 -5 5 0 22 27 , -3 -1 4 -8 6 -5 , 13 32 -32 0 33 1 , 36 19 34 43 4 15 , -5 29 -27 6 9 1 , -11 27 -29 -6 28 -20 , 5 -4 1 8 -9 7 , 19 -27 27 0 -55 -28 , 0.0033653619230339538 , 27
2.7147388392808613 , -7 -34 -19 -43 -19 -15 , 13 32 -32 0 33 1 , -29 5 1 -20 11 -27 , 49 -5 5 0 22 27 , 36 19 34 43 4 15 , 1 3 -5 7 -5 4 , -6 5 -3 -7 9 -8 , -9 -1 -5 20 -28 6 , 19 -27 27 0 -55 -28 , 0.0033653619230339681 , 28
2.7147388392808613 , -7 -34 -19 -43 -19 -15 , 13 32 -32 0 33 1 , 29 -5 -1 20 -11 27 , 49 -5 5 0 22 27 , 36 19 34 43 4 15 , -1 -3 5 -7 5 -4 , 6 -5 3 7 -9 8 , 9 1 5 -20 28 -6 , 19 -27 27 0 -55 -28 , 0.0033653619230339681 , 29
2.7147388392808613 , -7 -34 -19 -43 -19 -15 , 13 32 -32 0 33 1 , -6 28 -20 5 1 9 , 49 -5 5 0 22 27 , 36 19 34 43 4 15 , 8 -9 7 3 -5 6 , 5 -7 9 -3 -1 4 , -11 20 -28 -5 29 -27 , 19 -27 27 0 -55 -28 , 0.0033653619230339738 , 30
2.7147388392808613 , -7 -34 -19 -43 -19 -15 , 13 32 -32 0 33 1 , 6 -28 20 -5 -1 -9 , 49 -5 5 0 22 27 , 36 19 34 43 4 15 , -8 9 -7 -3 5 -6 , -5 7 -9 3 1 -4 , 11 -20 28 5 -29 27 , 19 -27 27 0 -55 -28 , 0.0033653619230339738 , 31
2.7147388392808613 , -7 -34 -19 -43 -19 -15 , 49 -5 5 0 22 27 , -5 3 1 -9 8 -6 , 13 32 -32 0 33 1 , 36 19 34 43 4 15 , 1 5 -29 28 -6 -9 , -27 29 -5 -28 20 -11 , 4 -1 -3 9 -7 5 , 19 -27 27 0 -55 -28 , 0.003365361923034015 , 32
2.7147388392808613 , -7 -34 -19 -43 -19 -15 , 49 -5 5 0 22 27 , 5 -3 -1 9 -8 6 , 13 32 -32 0 33 1 , 36 19 34 43 4 15 , -1 -5 29 -28 6 9 , 27 -29 5 28 -20 11 , -4 1 3 -9 7 -5 , 19 -27 27 0 -55 -28 , 0.003365361923034015 , 33
2.7147388392808613 , -7 -34 -19 -43 -19 -15 , 49 -5 5 0 22 27 , -7 9 -8 -1 4 -5 , 13 32 -32 0 33 1 , 36 19 34 43 4 15 , 20 -28 6 29 -27 11 , -9 -6 28 -29 5 1 , -6 8 -9 1 3 -5 , 19 -27 27 0 -55 -28 , 0.0033653619230340531 , 34
2.7147388392808613 , -7 -34 -19 -43 -19 -15 , 49 -5 5 0 22 27 , 7 -9 8 1 -4 5 , 13 32 -32 0 33 1 , 36 19 34 43 4 15 , -20 28 -6 -29 27 -11 , 9 6 -28 29 -5 -1 , 6 -8 9 -1 -3 5 , 19 -27 27 0 -55 -28 , 0.0033653619230340531 , 35
2.8141564163752752 , 6 -6 -28 -39 -20 23 , 14 -19 19 0 -8 11 , 0 7 8 8 -27 30 , 28 -17 17 0 1 18 , 45 28 6 39 51 -14 , -18 5 -19 3 9 -29 , -21 19 -5 -3 -10 4 , -8 -8 -7 -8 22 -34 , 39 36 -36 0 7 -29 , 0.0051354597748954726 , 0
2.8141564163752752 , 6 -6 -28 -39 -20 23 , 14 -19 19 0 -8 11 , 0 -7 -8 -8 27 -30 , 28 -17 17 0 1 18 , 45 28 6 39 51 -14 , 18 -5 19 -3 -9 29 , 21 -19 5 3 10 -4 , 8 8 7 8 -22 34 , 39 36 -36 0 7 -29 , 0.0051354597748954726 , 1
2.8141564163752752 , 6 -6 -28 -39 -20 23 , 28 -17 17 0 1 18 , 9 3 10 5 -18 29 , 14 -19 19 0 -8 11 , 45 28 6 39 51 -14 , -27 8 -22 7 0 -30 , -34 22 -8 -7 -8 -8 , 4 -10 -3 -5 19 -21 , 39 36 -36 0 7 -29 , 0.0051354597748954848 , 2
2.8141564163752752 , 6 -6 -28 -39 -20 23 , 28 -17 17 0 1 18 , -9 -3 -10 -5 18 -29 , 14 -19 19 0 -8 11 , 45 28 6 39 51 -14 , 27 -8 22 -7 0 30 , 34 -22 8 7 8 8 , -4 10 3 5 -19 21 , 39 36 -36 0 7 -29 , 0.0051354597748954848 , 3
2.8141564163752752 , 6 -6 -28 -39 -20 23 , 28 -17 17 0 1 18 , -3 -10 4 18 -29 9 , 14 -19 19 0 -8 11 , 45 28 6 39 51 -14 , -8 22 -34 0 30 -27 , -8 34 -22 0 7 8 , -21 -4 10 -18 5 -19 , 39 36 -36 0 7 -29 , 0.005135459774895536 , 4
2.8141564163752752 , 6 -6 -28 -39 -20 23 , 28 -17 17 0 1 18 , 3 10 -4 -18 29 -9 , 14 -19 19 0 -8 11 , 45 28 6 39 51 -14 , 8 -22 34 0 -30 27 , 8 -34 22 0 -7 -8 , 21 4 -10 18 -5 19 , 39 36 -36 0 7 -29 , 0.005135459774895536 , 5
2.8141564163752752 , 6 -6 -28 -39 -20 23 , 14 -19 19 0 -8 11 , -7 -8 -8 27 -30 0 , 28 -17 17 0 1 18 , 45 28 6 39 51 -14 , -5 19 -21 -9 29 -18 , 4 21 -19 9 3 10 , -34 8 8 -27 8 -22 , 39 36 -36 0 7 -29 , 0.0051354597748955602 , 6
2.8141564163752752 , 6 -6 -28 -39 -20 23 , 14 -19 19 0 -8 11 , 7 8 8 -27 30 0 , 28 -17 17 0 1 18 , 45 28 6 39 51 -14 , 5 -19 21 9 -29 18 , -4 -21 19 -9 -3 -10 , 34 -8 -8 27 -8 22 , 39 36 -36 0 7 -29 , 0.0051354597748955602 , 7
2.8141564163752752 , 6 -6 -28 -39 -20 23 , 14 -19 19 0 -8 11 , 30 0 -7 22 -8 27 , 28 -17 17 0 1 18 , 45 28 6 39 51 -14 , -29 18 -5 -10 -3 -9 , -19 5 -18 10 -4 -21 , 8 7 0 -22 34 -8 , 39 36 -36 0 7 -29 , 0.0051354597748955819 , 8
2.8141564163752752 , 6 -6 -28 -39 -20 23 , 14 -19 19 0 -8 11 , -30 0 7 -22 8 -27 , 28 -17 17 0 1 18 , 45 28 6 39 51 -14 , 29 -18 5 10 3 9 , 19 -5 18 -10 4 21 , -8 -7 0 22 -34 8 , 39 36 -36 0 7 -29 , 0.0051354597748955819 , 9
2.8141564163752752 , 6 -6 -28 -39 -20 23 , 28 -17 17 0 1 18 , -21 19 -5 -3 -10 4 , 14 -19 19 0 -8 11 , 45 28 6 39 51 -14 , -8 -8 -7 -8 22 -34 , 0 7 8 8 -27 30 , -18 5 -19 3 9 -29 , 39 36 -36 0 7 -29 , 0.005135459774895614 , 10
2.8141564163752752 , 6 -6 -28 -39 -20 23 , 28 -17 17 0 1 18 , 21 -19 5 3 10 -4 , 14 -19 19 0 -8 11 , 45 28 6 39 51 -14 , 8 8 7 8 -22 34 , 0 -7 -8 -8 27 -30 , 18 -5 19 -3 -9 29 , 39 36 -36 0 7 -29 , 0.005135459774895614 , 11
2.8141564163752752 , 6 -6 -28 -39 -20 23 , 28 -17 17 0 1 18 , -5 18 -29 4 21 -19 , 14 -19 19 0 -8 11 , 45 28 6 39 51 -14 , -7 0 30 -34 8 8 , 27 -30 0 34 -22 8 , -9 29 -18 -4 10 3 , 39 36 -36 0 7 -29 , 0.0051354597748956383 , 12
2.8141564163752752 , 6 -6 -28 -39 -20 23 , 28 -17 17 0 1 18 , 5 -18 29 -4 -21 19 , 14 -19 19 0 -8 11 , 45 28 6 39 51 -14 , 7 0 -30 34 -8 -8 , -27 30 0 -34 22 -8 , 9 -29 18 4 -10 -3 , 39 36 -36 0 7 -29 , 0.0051354597748956383 , 13
2.8141564163752752 , 6 -6 -28 -39 -20 23 , 28 -17 17 0 1 18 , 4 21 -19 9 3 10 , 14 -19 19 0 -8 11 , 45 28 6 39 51 -14 , -34 8 8 -27 8 -22 , -7 -8 -8 27 -30 0 , -5 19 -21 -9 29 -18 , 39 36 -36 0 7 -29 , 0.0051354597748956496 , 14
2.8141564163752752 , 6 -6 -28 -39 -20 23 , 28 -17 17 0 1 18 , -4 -21 19 -9 -3 -10 , 14 -19 19 0 -8 11 , 45 28 6 39 51 -14 , 34 -8 -8 27 -8 22 , 7 8 8 -27 30 0 , 5 -19 21 9 -29 18 , 39 36 -36 0 7 -29 , 0.0051354597748956496 , 15
2.8141564163752752 , 6 -6 -28 -39 -20 23 , 14 -19 19 0 -8 11 , 22 -8 27 -8 -8 34 , 28 -17 17 0 1 18 , 45 28 6 39 51 -14 , -10 -3 -9 19 -21 -4 , -29 9 3 -19 5 -18 , 30 -27 8 8 7 0 , 39 36 -36 0 7 -29 , 0.0051354597748956531 , 16
2.8141564163752752 , 6 -6 -28 -39 -20 23 , 14 -19 19 0 -8 11 , -22 8 -27 8 8 -34 , 28 -17 17 0 1 18 , 45 28 6 39 51 -14 , 10 3 9 -19 21 4 , 29 -9 -3 19 -5 18 , -30 27 -8 -8 -7 0 , 39 36 -36 0 7 -29 , 0.0051354597748956531 , 17
2.8141564163752752 , 6 -6 -28 -39 -20 23 , 28 -17 17 0 1 18 , -10 4 21 -29 9 3 , 14 -19 19 0 -8 11 , 45 28 6 39 51 -14 , 22 -34 8 30 -27 8 , -8 -8 34 -30 0 7 , 19 -21 -4 29 -18 5 , 39 36 -36 0 7 -29 , 0.0051354597748956825 , 18
2.8141564163752752 , 6 -6 -28 -39 -20 23 , 28 -17 17 0 1 18 , 10 -4 -21 29 -9 -3 , 14 -19 19 0 -8 11 , 45 28 6 39 51 -14 , -22 34 -8 -30 27 -8 , 8 8 -34 30 0 -7 , -19 21 4 -29 18 -5 , 39 36 -36 0 7 -29 , 0.0051354597748956825 , 19
2.8141564163752752 , 6 -6 -28 -39 -20 23 , 14 -19 19 0 -8 11 , -27 30 0 -34 22 -8 , 28 -17 17 0 1 18 , 45 28 6 39 51 -14 , 9 -29 18 4 -10 -3 , 5 -18 29 -4 -21 19 , 7 0 -30 34 -8 -8 , 39 36 -36 0 7 -29 , 0.0051354597748957363 , 20
2.8141564163752752 , 6 -6 -28 -39 -20 23 , 14 -19 19 0 -8 11 , 27 -30 0 34 -22 8 , 28 -17 17 0 1 18 , 45 28 6 39 51 -14 , -9 29 -18 -4 10 3 , -5 18 -29 4 21 -19 , -7 0 30 -34 8 8 , 39 36 -36 0 7 -29 , 0.0051354597748957363 , 21
2.8141564163752752 , 6 -6 -28 -39 -20 23 , 14 -19 19 0 -8 11 , 8 -27 30 8 -34 22 , 28 -17 17 0 1 18 , 45 28 6 39 51 -14 , 3 9 -29 21 4 -10 , -18 29 -9 -21 19 -5 , 0 -30 27 -8 -8 -7 , 39 36 -36 0 7 -29 , 0.0051354597748957407 , 22
2.8141564163752752 , 6 -6 -28 -39 -20 23 , 14 -19 19 0 -8 11 , -8 27 -30 -8 34 -22 , 28 -17 17 0 1 18 , 45 28 6 39 51 -14 , -3 -9 29 -21 -4 10 , 18 -29 9 21 -19 5 , 0 30 -27 8 8 7 , 39 36 -36 0 7 -29 , 0.0051354597748957407 , 23
2.8141564163752752 , 6 -6 -28 -39 -20 23 , 28 -17 17 0 1 18 , 18 -29 9 21 -19 5 , 14 -19 19 0 -8 11 , 45 28 6 39 51 -14 , 0 30 -27 8 8 7 , -8 27 -30 -8 34 -22 , -3 -9 29 -21 -4 10 , 39 36 -36 0 7 -29 , 0.0051354597748957545 , 24
2.8141564163752752 , 6 -6 -28 -39 -20 23 , 28 -17 17 0 1 18 , -18 29 -9 -21 19 -5 , 14 -19 19 0 -8 11 , 45 28 6 39 51 -14 , 0 -30 27 -8 -8 -7 , 8 -27 30 8 -34 22 , 3 9 -29 21 4 -10 , 39 36 -36 0 7 -29 , 0.0051354597748957545 , 25
2.8141564163752752 , 6 -6 -28 -39 -20 23 , 28 -17 17 0 1 18 , 19 -5 18 -10 4 21 , 14 -19 19 0 -8 11 , 45 28 6 39 51 -14 , -8 -7 0 22 -34 8 , -30 0 7 -22 8 -27 , 29 -18 5 10 3 9 , 39 36 -36 0 7 -29 , 0.0051354597748957571 , 26
2.8141564163752752 , 6 -6 -28 -39 -20 23 , 28 -17 17 0 1 18 , -19 5 -18 10 -4 -21 , 14 -19 19 0 -8 11 , 45 28 6 39 51 -14 , 8 7 0 -22 34 -8 , 30 0 -7 22 -8 27 , -29 18 -5 -10 -3 -9 , 39 36 -36 0 7 -29 , 0.0051354597748957571 , 27
2.8141564163752752 , 6 -6 -28 -39 -20 23 , 14 -19 19 0 -8 11 , 8 -34 22 0 -7 -8 , 28 -17 17 0 1 18 , 45 28 6 39 51 -14 , 21 4 -10 18 -5 19 , 3 10 -4 -18 29 -9 , 8 -22 34 0 -30 27 , 39 36 -36 0 7 -29 , 0.0051354597748957675 , 28
2.8141564163752752 , 6 -6 -28 -39 -20 23 , 14 -19 19 0 -8 11 , -8 34 -22 0 7 8 , 28 -17 17 0 1 18 , 45 28 6 39 51 -14 , -21 -4 10 -18 5 -19 , -3 -10 4 18 -29 9 , -8 22 -34 0 30 -27 , 39 36 -36 0 7 -29 , 0.0051354597748957675 , 29
2.8141564163752752 , 6 -6 -28 -39 -20 23 , 14 -19 19 0 -8 11 , 8 8 -34 30 0 -7 , 28 -17 17 0 1 18 , 45 28 6 39 51 -14 , -19 21 4 -29 18 -5 , 10 -4 -21 29 -9 -3 , -22 34 -8 -30 27 -8 , 39 36 -36 0 7 -29 , 0.0051354597748957684 , 30
2.8141564163752752 , 6 -6 -28 -39 -20 23 , 14 -19 19 0 -8 11 , -8 -8 34 -30 0 7 , 28 -17 17 0 1 18 , 45 28 6 39 51 -14 , 19 -21 -4 29 -18 5 , -10 4 21 -29 9 3 , 22 -34 8 30 -27 8 , 39 36 -36 0 7 -29 , 0.0051354597748957684 , 31
2.8141564163752752 , 6 -6 -28 -39 -20 23 , 28 -17 17 0 1 18 , -29 9 3 -19 5 -18 , 14 -19 19 0 -8 11 , 45 28 6 39 51 -14 , 30 -27 8 8 7 0 , 22 -8 27 -8 -8 34 , -10 -3 -9 19 -21 -4 , 39 36 -36 0 7 -29 , 0.0051354597748958326 , 32
2.8141564163752752 , 6 -6 -28 -39 -20 23 , 28 -17 17 0 1 18 , 29 -9 -3 19 -5 18 , 14 -19 19 0 -8 11 , 45 28 6 39 51 -14 , -30 27 -8 -8 -7 0 , -22 8 -27 8 8 -34 , 10 3 9 -19 21 4 , 39 36 -36 0 7 -29 , 0.0051354597748958326 , 33
2.8141564163752752 , 6 -6 -28 -39 -20 23 , 14 -19 19 0 -8 11 , -34 22 -8 -7 -8 -8 , 28 -17 17 0 1 18 , 45 28 6 39 51 -14 , 4 -10 -3 -5 19 -21 , 9 3 10 5 -18 29 , -27 8 -22 7 0 -30 , 39 36 -36 0 7 -29 , 0.0051354597748958335 , 34
2.8141564163752752 , 6 -6 -28 -39 -20 23 , 14 -19 19 0 -8 11 , 34 -22 8 7 8 8 , 28 -17 17 0 1 18 , 45 28 6 39 51 -14 , -4 10 3 5 -19 21 , -9 -3 -10 -5 18 -29 , 27 -8 22 -7 0 30 , 39 36 -36 0 7 -29 , 0.0051354597748958335 , 35
2.8141564163752752 , 16 -15 -34 -33 -11 13 , 16 -30 30 0 -16 14 , -21 -1 -12 9 -8 -22 , 26 -6 6 0 9 15 , 49 34 15 33 47 4 , 20 -10 19 -16 15 10 , 36 -19 10 16 -9 25 , -30 12 1 -9 -10 -7 , 39 36 -36 0 7 -29 , 0.0053121254389845406 , 36
2.8141564163752752 , 16 -15 -34 -33 -11 13 , 16 -30 30 0 -16 14 , 21 1 12 -9 8 22 , 26 -6 6 0 9 15 , 49 34 15 33 47 4 , -20 10 -19 16 -15 -10 , -36 19 -10 -16 9 -25 , 30 -12 -1 9 10 7 , 39 36 -36 0 7 -29 , 0.0053121254389845406 , 37
2.8141564163752752 , 16 -15 -34 -33 -11 13 , 26 -6 6 0 9 15 , -16 9 -25 20 -10 -15 , 16 -30 30 0 -16 14 , 49 34 15 33 47 4 , 9 10 7 -21 22 8 , 30 -7 -10 21 1 12 , -36 25 -9 -20 10 -19 , 39 36 -36 0 7 -29 , 0.0053121254389845414 , 38
2.8141564163752752 , 16 -15 -34 -33 -11 13 , 26 -6 6 0 9 15 , 16 -9 25 -20 10 15 , 16 -30 30 0 -16 14 , 49 34 15 33 47 4 , -9 -10 -7 21 -22 -8 , -30 7 10 -21 -1 -12 , 36 -25 9 20 -10 19 , 39 36 -36 0 7 -29 , 0.0053121254389845414 , 39
2.8141564163752752 , 16 -15 -34 -33 -11 13 , 16 -30 30 0 -16 14 , 7 10 9 -1 -12 30 , 26 -6 6 0 9 15 , 49 34 15 33 47 4 , -25 9 -16 -10 19 -36 , -15 16 -9 10 -20 10 , 8 -9 -10 1 21 -22 , 39 36 -36 0 7 -29 , 0.0053121254389845995 , 40
2.8141564163752752 , 16 -15 -34 -33 -11 13 , 16 -30 30 0 -16 14 , -7 -10 -9 1 12 -30 , 26 -6 6 0 9 15 , 49 34 15 33 47 4 , 25 -9 16 10 -19 36 , 15 -16 9 -10 20 -10 , -8 9 10 -1 -21 22 , 39 36 -36 0 7 -29 , 0.0053121254389845995 , 41
2.8141564163752752 , 16 -15 -34 -33 -11 13 , 26 -6 6 0 9 15 , -15 16 -9 10 -20 10 , 16 -30 30 0 -16 14 , 49 34 15 33 47 4 , 8 -9 -10 1 21 -22 , 7 10 9 -1 -12 30 , -25 9 -16 -10 19 -36 , 39 36 -36 0 7 -29 , 0.0053121254389846334 , 42
2.8141564163752752 , 16 -15 -34 -33 -11 13 , 26 -6 6 0 9 15 , 15 -16 9 -10 20 -10 , 16 -30 30 0 -16 14 , 49 34 15 33 47 4 , -8 9 10 -1 -21 22 , -7 -10 -9 1 12 -30 , 25 -9 16 10 -19 36 , 39 36 -36 0 7 -29 , 0.0053121254389846334 , 43
2.8141564163752752 , 16 -15 -34 -33 -11 13 , 16 -30 30 0 -16 14 , -30 7 10 -21 -1 -12 , 26 -6 6 0 9 15 , 49 34 15 33 47 4 , 36 -25 9 20 -10 19 , 16 -9 25 -20 10 15 , -9 -10 -7 21 -22 -8 , 39 36 -36 0 7 -29 , 0.005312125438984636 , 44
2.8141564163752752 , 16 -15 -34 -33 -11 13 , 16 -30 30 0 -16 14 , 30 -7 -10 21 1 12 , 26 -6 6 0 9 15 , 49 34 15 33 47 4 , -36 25 -9 -20 10 -19 , -16 9 -25 20 -10 -15 , 9 10 7 -21 22 8 , 39 36 -36 0 7 -29 , 0.005312125438984636 , 45
2.8141564163752752 , 16 -15 -34 -33 -11 13 , 26 -6 6 0 9 15 , 9 -25 36 -10 -15 16 , 16 -30 30 0 -16 14 , 49 34 15 33 47 4 , 10 7 -30 22 8 -9 , -12 30 -7 -22 21 1 , 19 -36 25 10 -20 10 , 39 36 -36 0 7 -29 , 0.0053121254389846577 , 46
2.8141564163752752 , 16 -15 -34 -33 -11 13 , 26 -6 6 0 9 15 , -9 25 -36 10 15 -16 , 16 -30 30 0 -16 14 , 49 34 15 33 47 4 , -10 -7 30 -22 -8 9 , 12 -30 7 22 -21 -1 , -19 36 -25 -10 20 -10 , 39 36 -36 0 7 -29 , 0.0053121254389846577 , 47
2.8141564163752752 , 16 -15 -34 -33 -11 13 , 26 -6 6 0 9 15 , -10 20 -10 -25 36 -19 , 16 -30 30 0 -16 14 , 49 34 15 33 47 4 , -1 -21 22 7 -30 12 , -8 -22 21 -7 -10 -9 , 15 10 -20 25 -9 16 , 39 36 -36 0 7 -29 , 0.0053121254389846629 , 48
2.8141564163752752 , 16 -15 -34 -33 -11 13 , 26 -6 6 0 9 15 , 10 -20 10 25 -36 19 , 16 -30 30 0 -16 14 , 49 34 15 33 47 4 , 1 21 -22 -7 30 -12 , 8 22 -21 7 10 9 , -15 -10 20 -25 9 -16 , 39 36 -36 0 7 -29 , 0.0053121254389846629 , 49
2.8141564163752752 , 16 -15 -34 -33 -11 13 , 16 -30 30 0 -16 14 , 10 9 -8 -12 30 -7 , 26 -6 6 0 9 15 , 49 34 15 33 47 4 , 9 -16 15 19 -36 25 , -10 -15 16 -19 10 -20 , 22 8 -9 12 1 21 , 39 36 -36 0 7 -29 , 0.005312125438984773 , 50
2.8141564163752752 , 16 -15 -34 -33 -11 13 , 16 -30 30 0 -16 14 , -10 -9 8 12 -30 7 , 26 -6 6 0 9 15 , 49 34 15 33 47 4 , -9 16 -15 -19 36 -25 , 10 15 -16 19 -10 20 , -22 -8 9 -12 -1 -21 , 39 36 -36 0 7 -29 , 0.005312125438984773 , 51
2.8141564163752752 , 16 -15 -34 -33 -11 13 , 16 -30 30 0 -16 14 , -22 21 1 -10 -9 8 , 26 -6 6 0 9 15 , 49 34 15 33 47 4 , 10 -20 10 -9 16 -15 , 19 -10 20 9 -25 36 , -12 -1 -21 10 7 -30 , 39 36 -36 0 7 -29 , 0.0053121254389847843 , 52
2.8141564163752752 , 16 -15 -34 -33 -11 13 , 16 -30 30 0 -16 14 , 22 -21 -1 10 9 -8 , 26 -6 6 0 9 15 , 49 34 15 33 47 4 , -10 20 -10 9 -16 15 , -19 10 -20 -9 25 -36 , 12 1 21 -10 -7 30 , 39 36 -36 0 7 -29 , 0.0053121254389847843 , 53
2.8141564163752752 , 16 -15 -34 -33 -11 13 , 16 -30 30 0 -16 14 , -12 30 -7 -22 21 1 , 26 -6 6 0 9 15 , 49 34 15 33 47 4 , 19 -36 25 10 -20 10 , 9 -25 36 -10 -15 16 , 10 7 -30 22 8 -9 , 39 36 -36 0 7 -29 , 0.0053121254389847852 , 54
2.8141564163752752 , 16 -15 -34 -33 -11 13 , 16 -30 30 0 -16 14 , 12 -30 7 22 -21 -1 , 26 -6 6 0 9 15 , 49 34 15 33 47 4 , -19 36 -25 -10 20 -10 , -9 25 -36 10 15 -16 , -10 -7 30 -22 -8 9 , 39 36 -36 0 7 -29 , 0.0053121254389847852 , 55
2.8141564163752752 , 16 -15 -34 -33 -11 13 , 16 -30 30 0 -16 14 , 9 -8 -22 30 -7 -10 , 26 -6 6 0 9 15 , 49 34 15 33 47 4 , -16 15 10 -36 25 -9 , 20 -10 -15 36 -19 10 , -21 22 8 -30 12 1 , 39 36 -36 0 7 -29 , 0.0053121254389847878 , 56
2.8141564163752752 , 16 -15 -34 -33 -11 13 , 16 -30 30 0 -16 14 , -9 8 22 -30 7 10 , 26 -6 6 0 9 15 , 49 34 15 33 47 4 , 16 -15 -10 36 -25 9 , -20 10 15 -36 19 -10 , 21 -22 -8 30 -12 -1 , 39 36 -36 0 7 -29 , 0.0053121254389847878 , 57
2.8141564163752752 , 16 -15 -34 -33 -11 13 , 26 -6 6 0 9 15 , -20 10 15 -36 19 -10 , 16 -30 30 0 -16 14 , 49 34 15 33 47 4 , 21 -22 -8 30 -12 -1 , -9 8 22 -30 7 10 , 16 -15 -10 36 -25 9 , 39 36 -36 0 7 -29 , 0.005312125438984799 , 58
2.8141564163752752 , 16 -15 -34 -33 -11 13 , 26 -6 6 0 9 15 , 20 -10 -15 36 -19 10 , 16 -30 30 0 -16 14 , 49 34 15 33 47 4 , -21 22 8 -30 12 1 , 9 -8 -22 30 -7 -10 , -16 15 10 -36 25 -9 , 39 36 -36 0 7 -29 , 0.005312125438984799 , 59
2.8141564163752752 , 16 -15 -34 -33 -11 13 , 26 -6 6 0 9 15 , 19 -10 20 9 -25 36 , 16 -30 30 0 -16 14 , 49 34 15 33 47 4 , -12 -1 -21 10 7 -30 , -22 21 1 -10 -9 8 , 10 -20 10 -9 16 -15 , 39 36 -36 0 7 -29 , 0.005312125438984806 , 60
2.8141564163752752 , 16 -15 -34 -33 -11 13 , 26 -6 6 0 9 15 , -19 10 -20 -9 25 -36 , 16 -30 30 0 -16 14 , 49 34 15 33 47 4 , 12 1 21 -10 -7 30 , 22 -21 -1 10 9 -8 , -10 20 -10 9 -16 15 , 39 36 -36 0 7 -29 , 0.005312125438984806 , 61
2.8141564163752752 , 16 -15 -34 -33 -11 13 , 26 -6 6 0 9 15 , 10 15 -16 19 -10 20 , 16 -30 30 0 -16 14 , 49 34 15 33 47 4 , -22 -8 9 -12 -1 -21 , -10 -9 8 12 -30 7 , -9 16 -15 -19 36 -25 , 39 36 -36 0 7 -29 , 0.0053121254389848259 , 62
2.8141564163752752 , 16 -15 -34 -33 -11 13 , 26 -6 6 0 9 15 , -10 -15 16 -19 10 -20 , 16 -30 30 0 -16 14 , 49 34 15 33 47 4 , 22 8 -9 12 1 21 , 10 9 -8 -12 30 -7 , 9 -16 15 19 -36 25 , 39 36 -36 0 7 -29 , 0.0053121254389848259 , 63
2.8141564163752752 , 16 -15 -34 -33 -11 13 , 26 -6 6 0 9 15 , -25 36 -19 -15 16 -9 , 16 -30 30 0 -16 14 , 49 34 15 33 47 4 , 7 -30 12 8 -9 -10 , -1 -12 30 -8 -22 21 , -10 19 -36 15 10 -20 , 39 36 -36 0 7 -29 , 0.0053121254389848285 , 64
2.8141564163752752 , 16 -15 -34 -33 -11 13 , 26 -6 6 0 9 15 , 25 -36 19 15 -16 9 , 16 -30 30 0 -16 14 , 49 34 15 33 47 4 , -7 30 -12 -8 9 10 , 1 12 -30 8 22 -21 , 10 -19 36 -15 -10 20 , 39 36 -36 0 7 -29 , 0.0053121254389848285 , 65
2.8141564163752752 , 16 -15 -34 -33 -11 13 , 16 -30 30 0 -16 14 , -1 -12 30 -8 -22 21 , 26 -6 6 0 9 15 , 49 34 15 33 47 4 , -10 19 -36 15 10 -20 , -25 36 -19 -15 16 -9 , 7 -30 12 8 -9 -10 , 39 36 -36 0 7 -29 , 0.0053121254389848329 , 66
2.8141564163752752 , 16 -15 -34 -33 -11 13 , 16 -30 30 0 -16 14 , 1 12 -30 8 22 -21 , 26 -6 6 0 9 15 , 49 34 15 33 47 4 , 10 -19 36 -15 -10 20 , 25 -36 19 15 -16 9 , -7 30 -12 -8 9 10 , 39 36 -36 0 7 -29 , 0.0053121254389848329 , 67
2.8141564163752752 , 16 -15 -34 -33 -11 13 , 16 -30 30 0 -16 14 , -8 -22 21 -7 -10 -9 , 26 -6 6 0 9 15 , 49 34 15 33 47 4 , 15 10 -20 25 -9 16 , -10 20 -10 -25 36 -19 , -1 -21 22 7 -30 12 , 39 36 -36 0 7 -29 , 0.0053121254389848719 , 68
2.8141564163752752 , 16 -15 -34 -33 -11 13 , 16 -30 30 0 -16 14 , 8 22 -21 7 10 9 , 26 -6 6 0 9 15 , 49 34 15 33 47 4 , -15 -10 20 -25 9 -16 , 10 -20 10 25 -36 19 , 1 21 -22 -7 30 -12 , 39 36 -36 0 7 -29 , 0.0053121254389848719 , 69
2.8141564163752752 , 16 -15 -34 -33 -11 13 , 26 -6 6 0 9 15 , -36 19 -10 -16 9 -25 , 16 -30 30 0 -16 14 , 49 34 15 33 47 4 , 30 -12 -1 9 10 7 , 21 1 12 -9 8 22 , -20 10 -19 16 -15 -10 , 39 36 -36 0 7 -29 , 0.0053121254389849369 , 70
2.8141564163752752 , 16 -15 -34 -33 -11 13 , 26 -6 6 0 9 15 , 36 -19 10 16 -9 25 , 16 -30 30 0 -16 14 , 49 34 15 33 47 4 , -30 12 1 -9 -10 -7 , -21 -1 -12 9 -8 -22 , 20 -10 19 -16 15 10 , 39 36 -36 0 7 -29 , 0.0053121254389849369 , 71
2.8141564163752752 , -18 5 -28 -59 -8 5 , 26 -6 6 0 9 15 , -25 9 -16 -10 19 -36 , 16 -30 30 0 -16 14 , 41 28 -5 59 33 -13 , 2 25 -26 1 21 -4 , 1 26 -25 -1 22 -4 , -15 16 -9 10 -20 10 , 39 36 -36 0 7 -29 , 0.0055056690418051821 , 72
2.8141564163752752 , -18 5 -28 -59 -8 5 , 26 -6 6 0 9 15 , 25 -9 16 10 -19 36 , 16 -30 30 0 -16 14 , 41 28 -5 59 33 -13 , -2 -25 26 -1 -21 4 , -1 -26 25 1 -22 4 , 15 -16 9 -10 20 -10 , 39 36 -36 0 7 -29 , 0.0055056690418051821 , 73
2.8141564163752752 , -18 5 -28 -59 -8 5 , 16 -30 30 0 -16 14 , 1 -22 4 2 4 -21 , 26 -6 6 0 9 15 , 41 28 -5 59 33 -13 , -10 20 -10 -25 36 -19 , 15 10 -20 25 -9 16 , -1 -4 22 -2 -25 26 , 39 36 -36 0 7 -29 , 0.0055056690418052705 , 74
2.8141564163752752 , -18 5 -28 -59 -8 5 , 16 -30 30 0 -16 14 , -1 22 -4 -2 -4 21 , 26 -6 6 0 9 15 , 41 28 -5 59 33 -13 , 10 -20 10 25 -36 19 , -15 -10 20 -25 9 -16 , 1 4 -22 2 25 -26 , 39 36 -36 0 7 -29 , 0.0055056690418052705 , 75
2.8141564163752752 , -18 5 -28 -59 -8 5 , 26 -6 6 0 9 15 , -20 10 -19 16 -15 -10 , 16 -30 30 0 -16 14 , 41 28 -5 59 33 -13 , 22 -1 -21 26 1 4 , -4 21 1 -26 25 2 , -36 19 -10 -16 9 -25 , 39 36 -36 0 7 -29 , 0.0055056690418052957 , 76
2.8141564163752752 , -18 5 -28 -59 -8 5 , 26 -6 6 0 9 15 , 20 -10 19 -16 15 10 , 16 -30 30 0 -16 14 , 41 28 -5 59 33 -13 , -22 1 21 -26 -1 -4 , 4 -21 -1 26 -25 -2 , 36 -19 10 16 -9 25 , 39 36 -36 0 7 -29 , 0.0055056690418052957 , 77
2.8141564163752752 , -18 5 -28 -59 -8 5 , 16 -30 30 0 -16 14 , -26 25 2 -22 4 1 , 26 -6 6 0 9 15 , 41 28 -5 59 33 -13 , -16 9 -25 20 -10 -15 , -36 25 -9 -20 10 -19 , -4 -2 -25 22 -1 -21 , 39 36 -36 0 7 -29 , 0.0055056690418053252 , 78
2.8141564163752752 , -18 5 -28 -59 -8 5 , 16 -30 30 0 -16 14 , 26 -25 -2 22 -4 -1 , 26 -6 6 0 9 15 , 41 28 -5 59 33 -13 , 16 -9 25 -20 10 15 , 36 -25 9 20 -10 19 , 4 2 25 -22 1 21 , 39 36 -36 0 7 -29 , 0.0055056690418053252 , 79
2.8141564163752752 , -18 5 -28 -59 -8 5 , 26 -6 6 0 9 15 , -19 36 -25 -10 20 -10 , 16 -30 30 0 -16 14 , 41 28 -5 59 33 -13 , -21 4 2 4 -22 1 , -25 -2 -4 -4 -1 -26 , -9 25 -36 10 15 -16 , 39 36 -36 0 7 -29 , 0.0055056690418053252 , 80
2.8141564163752752 , -18 5 -28 -59 -8 5 , 26 -6 6 0 9 15 , 19 -36 25 10 -20 10 , 16 -30 30 0 -16 14 , 41 28 -5 59 33 -13 , 21 -4 -2 -4 22 -1 , 25 2 4 4 1 26 , 9 -25 36 -10 -15 16 , 39 36 -36 0 7 -29 , 0.0055056690418053252 , 81
2.8141564163752752 , -18 5 -28 -59 -8 5 , 26 -6 6 0 9 15 , -36 25 -9 -20 10 -19 , 16 -30 30 0 -16 14 , 41 28 -5 59 33 -13 , -4 -2 -25 22 -1 -21 , -26 25 2 -22 4 1 , -16 9 -25 20 -10 -15 , 39 36 -36 0 7 -29 , 0.0055056690418053503 , 82
2.8141564163752752 , -18 5 -28 -59 -8 5 , 26 -6 6 0 9 15 , 36 -25 9 20 -10 19 , 16 -30 30 0 -16 14 , 41 28 -5 59 33 -13 , 4 2 25 -22 1 21 , 26 -25 -2 22 -4 -1 , 16 -9 25 -20 10 15 , 39 36 -36 0 7 -29 , 0.0055056690418053503 , 83
2.8141564163752752 , -18 5 -28 -59 -8 5 , 16 -30 30 0 -16 14 , -1 -26 25 1 -22 4 , 26 -6 6 0 9 15 , 41 28 -5 59 33 -13 , 15 -16 9 -10 20 -10 , 25 -9 16 10 -19 36 , -2 -25 26 -1 -21 4 , 39 36 -36 0 7 -29 , 0.0055056690418053521 , 84
2.8141564163752752 , -18 5 -28 -59 -8 5 , 16 -30 30 0 -16 14 , 1 26 -25 -1 22 -4 , 26 -6 6 0 9 15 , 41 28 -5 59 33 -13 , -15 16 -9 10 -20 10 , -25 9 -16 -10 19 -36 , 2 25 -26 1 21 -4 , 39 36 -36 0 7 -29 , 0.0055056690418053521 , 85
2.8141564163752752 , -18 5 -28 -59 -8 5 , 16 -30 30 0 -16 14 , -21 -1 22 -25 -2 -4 , 26 -6 6 0 9 15 , 41 28 -5 59 33 -13 , -19 10 -20 -9 25 -36 , -10 20 -10 9 -16 15 , 4 -22 1 25 -26 -1 , 39 36 -36 0 7 -29 , 0.0055056690418053746 , 86
2.8141564163752752 , -18 5 -28 -59 -8 5 , 16 -30 30 0 -16 14 , 21 1 -22 25 2 4 , 26 -6 6 0 9 15 , 41 28 -5 59 33 -13 , 19 -10 20 9 -25 36 , 10 -20 10 -9 16 -15 , -4 22 -1 -25 26 1 , 39 36 -36 0 7 -29 , 0.0055056690418053746 , 87
2.8141564163752752 , -18 5 -28 -59 -8 5 , 26 -6 6 0 9 15 , 10 -19 36 -15 -10 20 , 16 -30 30 0 -16 14 , 41 28 -5 59 33 -13 , -1 -21 4 1 4 -22 , -2 -4 21 -1 -26 25 , 25 -36 19 15 -16 9 , 39 36 -36 0 7 -29 , 0.0055056690418053859 , 88
2.8141564163752752 , -18 5 -28 -59 -8 5 , 26 -6 6 0 9 15 , -10 19 -36 15 10 -20 , 16 -30 30 0 -16 14 , 41 28 -5 59 33 -13 , 1 21 -4 -1 -4 22 , 2 4 -21 1 26 -25 , -25 36 -19 -15 16 -9 , 39 36 -36 0 7 -29 , 0.0055056690418053859 , 89
2.8141564163752752 , -18 5 -28 -59 -8 5 , 26 -6 6 0 9 15 , 9 -16 15 19 -36 25 , 16 -30 30 0 -16 14 , 41 28 -5 59 33 -13 , 25 -26 -1 21 -4 -2 , 4 1 26 -21 -1 22 , -10 -15 16 -19 10 -20 , 39 36 -36 0 7 -29 , 0.005505669041805451 , 90
2.8141564163752752 , -18 5 -28 -59 -8 5 , 26 -6 6 0 9 15 , -9 16 -15 -19 36 -25 , 16 -30 30 0 -16 14 , 41 28 -5 59 33 -13 , -25 26 1 -21 4 2 , -4 -1 -26 21 1 -22 , 10 15 -16 19 -10 20 , 39 36 -36 0 7 -29 , 0.005505669041805451 , 91
2.8141564163752752 , -18 5 -28 -59 -8 5 , 16 -30 30 0 -16 14 , 4 1 26 -21 -1 22 , 26 -6 6 0 9 15 , 41 28 -5 59 33 -13 , -10 -15 16 -19 10 -20 , 9 -16 15 19 -36 25 , 25 -26 -1 21 -4 -2 , 39 36 -36 0 7 -29 , 0.0055056690418054579 , 92
2.8141564163752752 , -18 5 -28 -59 -8 5 , 16 -30 30 0 -16 14 , -4 -1 -26 21 1 -22 , 26 -6 6 0 9 15 , 41 28 -5 59 33 -13 , 10 15 -16 19 -10 20 , -9 16 -15 -19 36 -25 , -25 26 1 -21 4 2 , 39 36 -36 0 7 -29 , 0.0055056690418054579 , 93
2.8141564163752752 , -18 5 -28 -59 -8 5 , 16 -30 30 0 -16 14 , 25 2 4 4 1 26 , 26 -6 6 0 9 15 , 41 28 -5 59 33 -13 , 9 -25 36 -10 -15 16 , 19 -36 25 10 -20 10 , 21 -4 -2 -4 22 -1 , 39 36 -36 0 7 -29 , 0.0055056690418055073 , 94
2.8141564163752752 , -18 5 -28 -59 -8 5 , 16 -30 30 0 -16 14 , -25 -2 -4 -4 -1 -26 , 26 -6 6 0 9 15 , 41 28 -5 59 33 -13 , -9 25 -36 10 15 -16 , -19 36 -25 -10 20 -10 , -21 4 2 4 -22 1 , 39 36 -36 0 7 -29 , 0.0055056690418055073 , 95
2.8141564163752752 , -18 5 -28 -59 -8 5 , 26 -6 6 0 9 15 , -10 20 -10 9 -16 15 , 16 -30 30 0 -16 14 , 41 28 -5 59 33 -13 , 4 -22 1 25 -26 -1 , -21 -1 22 -25 -2 -4 , -19 10 -20 -9 25 -36 , 39 36 -36 0 7 -29 , 0.0055056690418055221 , 96
2.8141564163752752 , -18 5 -28 -59 -8 5 , 26 -6 6 0 9 15 , 10 -20 10 -9 16 -15 , 16 -30 30 0 -16 14 , 41 28 -5 59 33 -13 , -4 22 -1 -25 26 1 , 21 1 -22 25 2 4 , 19 -10 20 9 -25 36 , 39 36 -36 0 7 -29 , 0.0055056690418055221 , 97
2.8141564163752752 , -18 5 -28 -59 -8 5 , 26 -6 6 0 9 15 , 16 -15 -10 36 -25 9 , 16 -30 30 0 -16 14 , 41 28 -5 59 33 -13 , 26 1 4 4 2 25 , 22 -4 -1 -4 21 1 , -20 10 15 -36 19 -10 , 39 36 -36 0 7 -29 , 0.005505669041805555 , 98
2.8141564163752752 , -18 5 -28 -59 -8 5 , 26 -6 6 0 9 15 , -16 15 10 -36 25 -9 , 16 -30 30 0 -16 14 , 41 28 -5 59 33 -13 , -26 -1 -4 -4 -2 -25 , -22 4 1 4 -21 -1 , 20 -10 -15 36 -19 10 , 39 36 -36 0 7 -29 , 0.005505669041805555 , 99
2.924463515153433 , 3 -6 -33 -51 5 5 , 24 -18 18 0 -2 16 , -27 3 10 -23 6 -18 , 18 -18 18 0 -5 13 , 54 33 6 51 38 11 , 6 15 -34 23 6 -6 , -17 34 -15 -23 28 -9 , -4 -10 -3 23 -28 3 , 39 36 -36 0 7 -29 , 0.0058745811584547149 , 0
2.924463515153433 , 3 -6 -33 -51 5 5 , 24 -18 18 0 -2 16 , 27 -3 -10 23 -6 18 , 18 -18 18 0 -5 13 , 54 33 6 51 38 11 , -6 -15 34 -23 -6 6 , 17 -34 15 23 -28 9 , 4 10 3 -23 28 -3 , 39 36 -36 0 7 -29 , 0.0058745811584547149 , 1
2.924463515153433 , 3 -6 -33 -51 5 5 , 18 -18 18 0 -5 13 , -28 9 -17 6 -6 -23 , 24 -18 18 0 -2 16 , 54 33 6 51 38 11 , 28 -3 -4 18 -6 23 , 10 4 3 -18 27 -3 , -34 17 -9 -6 -6 -15 , 39 36 -36 0 7 -29 , 0.005874581158454799 , 2
2.924463515153433 , 3 -6 -33 -51 5 5 , 18 -18 18 0 -5 13 , 28 -9 17 -6 6 23 , 24 -18 18 0 -2 16 , 54 33 6 51 38 11 , -28 3 4 -18 6 -23 , -10 -4 -3 18 -27 3 , 34 -17 9 6 6 15 , 39 36 -36 0 7 -29 , 0.005874581158454799 , 3
2.924463515153433 , 3 -6 -33 -51 5 5 , 18 -18 18 0 -5 13 , -23 28 -9 -6 -6 6 , 24 -18 18 0 -2 16 , 54 33 6 51 38 11 , 23 -28 3 27 -18 6 , -4 -3 28 -27 3 10 , -17 9 -28 6 15 -34 , 39 36 -36 0 7 -29 , 0.005874581158454884 , 4
2.924463515153433 , 3 -6 -33 -51 5 5 , 18 -18 18 0 -5 13 , 23 -28 9 6 6 -6 , 24 -18 18 0 -2 16 , 54 33 6 51 38 11 , -23 28 -3 -27 18 -6 , 4 3 -28 27 -3 -10 , 17 -9 28 -6 -15 34 , 39 36 -36 0 7 -29 , 0.005874581158454884 , 5
2.924463515153433 , 3 -6 -33 -51 5 5 , 24 -18 18 0 -2 16 , 3 10 4 6 -18 27 , 18 -18 18 0 -5 13 , 54 33 6 51 38 11 , 15 -34 17 6 -6 -6 , 9 -17 34 -6 -23 28 , -3 -4 -10 -6 23 -28 , 39 36 -36 0 7 -29 , 0.0058745811584550115 , 6
2.924463515153433 , 3 -6 -33 -51 5 5 , 24 -18 18 0 -2 16 , -3 -10 -4 -6 18 -27 , 18 -18 18 0 -5 13 , 54 33 6 51 38 11 , -15 34 -17 -6 6 6 , -9 17 -34 6 23 -28 , 3 4 10 6 -23 28 , 39 36 -36 0 7 -29 , 0.0058745811584550115 , 7
2.924463515153433 , 3 -6 -33 -51 5 5 , 18 -18 18 0 -5 13 , 6 23 -28 15 6 6 , 24 -18 18 0 -2 16 , 54 33 6 51 38 11 , 6 -23 28 3 -27 18 , 3 -28 23 -3 -10 -4 , -9 28 -23 -15 34 -17 , 39 36 -36 0 7 -29 , 0.0058745811584550531 , 8
2.924463515153433 , 3 -6 -33 -51 5 5 , 18 -18 18 0 -5 13 , -6 -23 28 -15 -6 -6 , 24 -18 18 0 -2 16 , 54 33 6 51 38 11 , -6 23 -28 -3 27 -18 , -3 28 -23 3 10 4 , 9 -28 23 15 -34 17 , 39 36 -36 0 7 -29 , 0.0058745811584550531 , 9
2.924463515153433 , 3 -6 -33 -51 5 5 , 24 -18 18 0 -2 16 , 6 -18 27 3 -28 23 , 18 -18 18 0 -5 13 , 54 33 6 51 38 11 , 6 -6 -6 -9 28 -23 , 15 6 6 9 -17 34 , 3 -27 18 -3 -4 -10 , 39 36 -36 0 7 -29 , 0.0058745811584550948 , 10
2.924463515153433 , 3 -6 -33 -51 5 5 , 24 -18 18 0 -2 16 , -6 18 -27 -3 28 -23 , 18 -18 18 0 -5 13 , 54 33 6 51 38 11 , -6 6 6 9 -28 23 , -15 -6 -6 -9 17 -34 , -3 27 -18 3 4 10 , 39 36 -36 0 7 -29 , 0.0058745811584550948 , 11
2.924463515153433 , 3 -6 -33 -51 5 5 , 24 -18 18 0 -2 16 , -18 27 -3 -28 23 -6 , 18 -18 18 0 -5 13 , 54 33 6 51 38 11 , -6 -6 -15 28 -23 -6 , -34 15 6 -28 9 -17 , 10 3 -27 28 -3 -4 , 39 36 -36 0 7 -29 , 0.0058745811584550956 , 12
2.924463515153433 , 3 -6 -33 -51 5 5 , 24 -18 18 0 -2 16 , -10 -4 -3 18 -27 3 , 18 -18 18 0 -5 13 , 54 33 6 51 38 11 , 34 -17 9 6 6 15 , 28 -9 17 -6 6 23 , -28 3 4 -18 6 -23 , 39 36 -36 0 7 -29 , 0.0058745811584550956 , 13
2.924463515153433 , 3 -6 -33 -51 5 5 , 24 -18 18 0 -2 16 , 10 4 3 -18 27 -3 , 18 -18 18 0 -5 13 , 54 33 6 51 38 11 , -34 17 -9 -6 -6 -15 , -28 9 -17 6 -6 -23 , 28 -3 -4 18 -6 23 , 39 36 -36 0 7 -29 , 0.0058745811584550956 , 14
2.924463515153433 , 3 -6 -33 -51 5 5 , 24 -18 18 0 -2 16 , 18 -27 3 28 -23 6 , 18 -18 18 0 -5 13 , 54 33 6 51 38 11 , 6 6 15 -28 23 6 , 34 -15 -6 28 -9 17 , -10 -3 27 -28 3 4 , 39 36 -36 0 7 -29 , 0.0058745811584550956 , 15
2.924463515153433 , 3 -6 -33 -51 5 5 , 18 -18 18 0 -5 13 , -9 17 -34 6 23 -28 , 24 -18 18 0 -2 16 , 54 33 6 51 38 11 , 3 4 10 6 -23 28 , -3 -10 -4 -6 18 -27 , -15 34 -17 -6 6 6 , 39 36 -36 0 7 -29 , 0.0058745811584551798 , 16
2.924463515153433 , 3 -6 -33 -51 5 5 , 18 -18 18 0 -5 13 , 9 -17 34 -6 -23 28 , 24 -18 18 0 -2 16 , 54 33 6 51 38 11 , -3 -4 -10 -6 23 -28 , 3 10 4 6 -18 27 , 15 -34 17 6 -6 -6 , 39 36 -36 0 7 -29 , 0.0058745811584551798 , 17
2.924463515153433 , 3 -6 -33 -51 5 5 , 18 -18 18 0 -5 13 , -34 15 6 -28 9 -17 , 24 -18 18 0 -2 16 , 54 33 6 51 38 11 , 10 3 -27 28 -3 -4 , -18 27 -3 -28 23 -6 , -6 -6 -15 28 -23 -6 , 39 36 -36 0 7 -29 , 0.0058745811584552214 , 18
2.924463515153433 , 3 -6 -33 -51 5 5 , 18 -18 18 0 -5 13 , 34 -15 -6 28 -9 17 , 24 -18 18 0 -2 16 , 54 33 6 51 38 11 , -10 -3 27 -28 3 4 , 18 -27 3 28 -23 6 , 6 6 15 -28 23 6 , 39 36 -36 0 7 -29 , 0.0058745811584552214 , 19
2.924463515153433 , 3 -6 -33 -51 5 5 , 24 -18 18 0 -2 16 , -3 28 -23 3 10 4 , 18 -18 18 0 -5 13 , 54 33 6 51 38 11 , 9 -28 23 15 -34 17 , -6 -23 28 -15 -6 -6 , -6 23 -28 -3 27 -18 , 39 36 -36 0 7 -29 , 0.0058745811584552639 , 20
2.924463515153433 , 3 -6 -33 -51 5 5 , 24 -18 18 0 -2 16 , -28 23 -6 -10 -4 -3 , 18 -18 18 0 -5 13 , 54 33 6 51 38 11 , 28 -23 -6 34 -17 9 , -6 6 23 -34 15 6 , -18 6 -23 10 3 -27 , 39 36 -36 0 7 -29 , 0.0058745811584552639 , 21
2.924463515153433 , 3 -6 -33 -51 5 5 , 24 -18 18 0 -2 16 , 28 -23 6 10 4 3 , 18 -18 18 0 -5 13 , 54 33 6 51 38 11 , -28 23 6 -34 17 -9 , 6 -6 -23 34 -15 -6 , 18 -6 23 -10 -3 27 , 39 36 -36 0 7 -29 , 0.0058745811584552639 , 22
2.924463515153433 , 3 -6 -33 -51 5 5 , 24 -18 18 0 -2 16 , 3 -28 23 -3 -10 -4 , 18 -18 18 0 -5 13 , 54 33 6 51 38 11 , -9 28 -23 -15 34 -17 , 6 23 -28 15 6 6 , 6 -23 28 3 -27 18 , 39 36 -36 0 7 -29 , 0.0058745811584552639 , 23
2.924463515153433 , 3 -6 -33 -51 5 5 , 18 -18 18 0 -5 13 , -6 -6 6 17 -34 15 , 24 -18 18 0 -2 16 , 54 33 6 51 38 11 , 27 -18 6 4 10 3 , 23 -6 18 -4 -3 28 , -23 -6 6 -17 9 -28 , 39 36 -36 0 7 -29 , 0.0058745811584552639 , 24
2.924463515153433 , 3 -6 -33 -51 5 5 , 18 -18 18 0 -5 13 , -6 6 23 -34 15 6 , 24 -18 18 0 -2 16 , 54 33 6 51 38 11 , -18 6 -23 10 3 -27 , -28 23 -6 -10 -4 -3 , 28 -23 -6 34 -17 9 , 39 36 -36 0 7 -29 , 0.0058745811584552639 , 25
2.924463515153433 , 3 -6 -33 -51 5 5 , 18 -18 18 0 -5 13 , 17 -34 15 23 -28 9 , 24 -18 18 0 -2 16 , 54 33 6 51 38 11 , 4 10 3 -23 28 -3 , 27 -3 -10 23 -6 18 , -6 -15 34 -23 -6 6 , 39 36 -36 0 7 -29 , 0.0058745811584552639 , 26
2.924463515153433 , 3 -6 -33 -51 5 5 , 18 -18 18 0 -5 13 , 15 6 6 9 -17 34 , 24 -18 18 0 -2 16 , 54 33 6 51 38 11 , 3 -27 18 -3 -4 -10 , 6 -18 27 3 -28 23 , 6 -6 -6 -9 28 -23 , 39 36 -36 0 7 -29 , 0.0058745811584552639 , 27
2.924463515153433 , 3 -6 -33 -51 5 5 , 18 -18 18 0 -5 13 , -15 -6 -6 -9 17 -34 , 24 -18 18 0 -2 16 , 54 33 6 51 38 11 , -3 27 -18 3 4 10 , -6 18 -27 -3 28 -23 , -6 6 6 9 -28 23 , 39 36 -36 0 7 -29 , 0.0058745811584552639 , 28
2.924463515153433 , 3 -6 -33 -51 5 5 , 18 -18 18 0 -5 13 , -17 34 -15 -23 28 -9 , 24 -18 18 0 -2 16 , 54 33 6 51 38 11 , -4 -10 -3 23 -28 3 , -27 3 10 -23 6 -18 , 6 15 -34 23 6 -6 , 39 36 -36 0 7 -29 , 0.0058745811584552639 , 29
2.924463515153433 , 3 -6 -33 -51 5 5 , 18 -18 18 0 -5 13 , 6 -6 -23 34 -15 -6 , 24 -18 18 0 -2 16 , 54 33 6 51 38 11 , 18 -6 23 -10 -3 27 , 28 -23 6 10 4 3 , -28 23 6 -34 17 -9 , 39 36 -36 0 7 -29 , 0.0058745811584552639 , 30
2.924463515153433 , 3 -6 -33 -51 5 5 , 18 -18 18 0 -5 13 , 6 6 -6 -17 34 -15 , 24 -18 18 0 -2 16 , 54 33 6 51 38 11 , -27 18 -6 -4 -10 -3 , -23 6 -18 4 3 -28 , 23 6 -6 17 -9 28 , 39 36 -36 0 7 -29 , 0.0058745811584552639 , 31
2.924463515153433 , 3 -6 -33 -51 5 5 , 24 -18 18 0 -2 16 , -23 6 -18 4 3 -28 , 18 -18 18 0 -5 13 , 54 33 6 51 38 11 , 23 6 -6 17 -9 28 , 6 6 -6 -17 34 -15 , -27 18 -6 -4 -10 -3 , 39 36 -36 0 7 -29 , 0.005874581158455348 , 32
2.924463515153433 , 3 -6 -33 -51 5 5 , 24 -18 18 0 -2 16 , -4 -3 28 -27 3 10 , 18 -18 18 0 -5 13 , 54 33 6 51 38 11 , -17 9 -28 6 15 -34 , -23 28 -9 -6 -6 6 , 23 -28 3 27 -18 6 , 39 36 -36 0 7 -29 , 0.005874581158455348 , 33
2.924463515153433 , 3 -6 -33 -51 5 5 , 24 -18 18 0 -2 16 , 4 3 -28 27 -3 -10 , 18 -18 18 0 -5 13 , 54 33 6 51 38 11 , 17 -9 28 -6 -15 34 , 23 -28 9 6 6 -6 , -23 28 -3 -27 18 -6 , 39 36 -36 0 7 -29 , 0.005874581158455348 , 34
2.924463515153433 , 3 -6 -33 -51 5 5 , 24 -18 18 0 -2 16 , 23 -6 18 -4 -3 28 , 18 -18 18 0 -5 13 , 54 33 6 51 38 11 , -23 -6 6 -17 9 -28 , -6 -6 6 17 -34 15 , 27 -18 6 4 10 3 , 39 36 -36 0 7 -29 , 0.005874581158455348 , 35
2.924463515153433 , -23 -15 -14 -58 -19 1 , 2 -32 32 0 -25 7 , -21 -14 9 -13 4 -29 , 40 -4 4 0 18 22 , 35 14 15 58 15 -4 , -10 17 -27 10 7 -14 , -20 27 -17 -10 13 -10 , -8 -9 14 13 -38 18 , 39 36 -36 0 7 -29 , 0.00628618820251202 , 36
2.924463515153433 , -23 -15 -14 -58 -19 1 , 2 -32 32 0 -25 7 , 21 14 -9 13 -4 29 , 40 -4 4 0 18 22 , 35 14 15 58 15 -4 , 10 -17 27 -10 -7 14 , 20 -27 17 10 -13 10 , 8 9 -14 -13 38 -18 , 39 36 -36 0 7 -29 , 0.00628618820251202 , 37
2.924463515153433 , -23 -15 -14 -58 -19 1 , 40 -4 4 0 18 22 , 7 10 -13 17 -10 14 , 2 -32 32 0 -25 7 , 35 14 15 58 15 -4 , 4 -13 38 -14 -21 29 , 18 -38 13 14 -9 -8 , -10 13 -10 -17 27 -20 , 39 36 -36 0 7 -29 , 0.0062861882025121154 , 38
2.924463515153433 , -23 -15 -14 -58 -19 1 , 40 -4 4 0 18 22 , -7 -10 13 -17 10 -14 , 2 -32 32 0 -25 7 , 35 14 15 58 15 -4 , -4 13 -38 14 21 -29 , -18 38 -13 -14 9 8 , 10 -13 10 17 -27 20 , 39 36 -36 0 7 -29 , 0.0062861882025121154 , 39
2.924463515153433 , -23 -15 -14 -58 -19 1 , 40 -4 4 0 18 22 , -10 13 -10 10 -14 7 , 2 -32 32 0 -25 7 , 35 14 15 58 15 -4 , 13 -38 18 21 -29 4 , -8 -18 38 -21 -14 9 , -20 10 -13 -10 17 -27 , 39 36 -36 0 7 -29 , 0.0062861882025121918 , 40
2.924463515153433 , -23 -15 -14 -58 -19 1 , 40 -4 4 0 18 22 , 10 -13 10 -10 14 -7 , 2 -32 32 0 -25 7 , 35 14 15 58 15 -4 , -13 38 -18 -21 29 -4 , 8 18 -38 21 14 -9 , 20 -10 13 10 -17 27 , 39 36 -36 0 7 -29 , 0.0062861882025121918 , 41
2.924463515153433 , -23 -15 -14 -58 -19 1 , 2 -32 32 0 -25 7 , -14 9 8 4 -29 21 , 40 -4 4 0 18 22 , 35 14 15 58 15 -4 , 17 -27 20 7 -14 10 , 10 -20 27 -7 -10 13 , -18 -8 -9 -4 13 -38 , 39 36 -36 0 7 -29 , 0.006286188202512236 , 42
2.924463515153433 , -23 -15 -14 -58 -19 1 , 2 -32 32 0 -25 7 , 14 -9 -8 -4 29 -21 , 40 -4 4 0 18 22 , 35 14 15 58 15 -4 , -17 27 -20 -7 14 -10 , -10 20 -27 7 10 -13 , 18 8 9 4 -13 38 , 39 36 -36 0 7 -29 , 0.006286188202512236 , 43
2.924463515153433 , -23 -15 -14 -58 -19 1 , 40 -4 4 0 18 22 , -14 7 10 -27 17 -10 , 2 -32 32 0 -25 7 , 35 14 15 58 15 -4 , -29 4 -13 9 -14 -21 , -38 13 -4 -9 -8 -18 , 13 -10 -7 27 -20 10 , 39 36 -36 0 7 -29 , 0.0062861882025122429 , 44
2.924463515153433 , -23 -15 -14 -58 -19 1 , 40 -4 4 0 18 22 , 14 -7 -10 27 -17 10 , 2 -32 32 0 -25 7 , 35 14 15 58 15 -4 , 29 -4 13 -9 14 21 , 38 -13 4 9 8 18 , -13 10 7 -27 20 -10 , 39 36 -36 0 7 -29 , 0.0062861882025122429 , 45
2.924463515153433 , -23 -15 -14 -58 -19 1 , 40 -4 4 0 18 22 , 13 -10 20 -14 7 10 , 2 -32 32 0 -25 7 , 35 14 15 58 15 -4 , -38 18 8 -29 4 -13 , -9 -8 -18 29 -21 -14 , 27 -20 10 14 -10 17 , 39 36 -36 0 7 -29 , 0.006286188202512269 , 46
2.924463515153433 , -23 -15 -14 -58 -19 1 , 40 -4 4 0 18 22 , -13 10 -20 14 -7 -10 , 2 -32 32 0 -25 7 , 35 14 15 58 15 -4 , 38 -18 -8 29 -4 13 , 9 8 18 -29 21 14 , -27 20 -10 -14 10 -17 , 39 36 -36 0 7 -29 , 0.006286188202512269 , 47
2.924463515153433 , -23 -15 -14 -58 -19 1 , 2 -32 32 0 -25 7 , -18 38 -13 -14 9 8 , 40 -4 4 0 18 22 , 35 14 15 58 15 -4 , 10 -13 10 17 -27 20 , -7 -10 13 -17 10 -14 , -4 13 -38 14 21 -29 , 39 36 -36 0 7 -29 , 0.0062861882025122733 , 48
2.924463515153433 , -23 -15 -14 -58 -19 1 , 2 -32 32 0 -25 7 , 18 -38 13 14 -9 -8 , 40 -4 4 0 18 22 , 35 14 15 58 15 -4 , -10 13 -10 -17 27 -20 , 7 10 -13 17 -10 14 , 4 -13 38 -14 -21 29 , 39 36 -36 0 7 -29 , 0.0062861882025122733 , 49
2.924463515153433 , -23 -15 -14 -58 -19 1 , 2 -32 32 0 -25 7 , 9 8 18 -29 21 14 , 40 -4 4 0 18 22 , 35 14 15 58 15 -4 , -27 20 -10 -14 10 -17 , -13 10 -20 14 -7 -10 , 38 -18 -8 29 -4 13 , 39 36 -36 0 7 -29 , 0.0062861882025123089 , 50
2.924463515153433 , -23 -15 -14 -58 -19 1 , 2 -32 32 0 -25 7 , -9 -8 -18 29 -21 -14 , 40 -4 4 0 18 22 , 35 14 15 58 15 -4 , 27 -20 10 14 -10 17 , 13 -10 20 -14 7 10 , -38 18 8 -29 4 -13 , 39 36 -36 0 7 -29 , 0.0062861882025123089 , 51
2.924463515153433 , -23 -15 -14 -58 -19 1 , 40 -4 4 0 18 22 , -17 10 -14 -10 20 -27 , 2 -32 32 0 -25 7 , 35 14 15 58 15 -4 , 14 21 -29 18 8 9 , -4 29 -21 -18 38 -13 , -7 14 -10 10 -13 10 , 39 36 -36 0 7 -29 , 0.0062861882025123843 , 52
2.924463515153433 , -23 -15 -14 -58 -19 1 , 40 -4 4 0 18 22 , 17 -10 14 10 -20 27 , 2 -32 32 0 -25 7 , 35 14 15 58 15 -4 , -14 -21 29 -18 -8 -9 , 4 -29 21 18 -38 13 , 7 -14 10 -10 13 -10 , 39 36 -36 0 7 -29 , 0.0062861882025123843 , 53
2.924463515153433 , -23 -15 -14 -58 -19 1 , 40 -4 4 0 18 22 , -27 17 -10 -13 10 -20 , 2 -32 32 0 -25 7 , 35 14 15 58 15 -4 , 9 -14 -21 38 -18 -8 , -29 21 14 -38 13 -4 , -14 10 -17 13 -10 -7 , 39 36 -36 0 7 -29 , 0.0062861882025123895 , 54
2.924463515153433 , -23 -15 -14 -58 -19 1 , 40 -4 4 0 18 22 , 27 -17 10 13 -10 20 , 2 -32 32 0 -25 7 , 35 14 15 58 15 -4 , -9 14 21 -38 18 8 , 29 -21 -14 38 -13 4 , 14 -10 17 -13 10 7 , 39 36 -36 0 7 -29 , 0.0062861882025123895 , 55
2.924463515153433 , -23 -15 -14 -58 -19 1 , 2 -32 32 0 -25 7 , -29 21 14 -38 13 -4 , 40 -4 4 0 18 22 , 35 14 15 58 15 -4 , -14 10 -17 13 -10 -7 , -27 17 -10 -13 10 -20 , 9 -14 -21 38 -18 -8 , 39 36 -36 0 7 -29 , 0.0062861882025124268 , 56
2.924463515153433 , -23 -15 -14 -58 -19 1 , 2 -32 32 0 -25 7 , 29 -21 -14 38 -13 4 , 40 -4 4 0 18 22 , 35 14 15 58 15 -4 , 14 -10 17 -13 10 7 , 27 -17 10 13 -10 20 , -9 14 21 -38 18 8 , 39 36 -36 0 7 -29 , 0.0062861882025124268 , 57
2.924463515153433 , -23 -15 -14 -58 -19 1 , 2 -32 32 0 -25 7 , 8 18 -38 21 14 -9 , 40 -4 4 0 18 22 , 35 14 15 58 15 -4 , 20 -10 13 10 -17 27 , 10 -13 10 -10 14 -7 , -13 38 -18 -21 29 -4 , 39 36 -36 0 7 -29 , 0.0062861882025124511 , 58
2.924463515153433 , -23 -15 -14 -58 -19 1 , 2 -32 32 0 -25 7 , -8 -18 38 -21 -14 9 , 40 -4 4 0 18 22 , 35 14 15 58 15 -4 , -20 10 -13 -10 17 -27 , -10 13 -10 10 -14 7 , 13 -38 18 21 -29 4 , 39 36 -36 0 7 -29 , 0.0062861882025124511 , 59
2.924463515153433 , -23 -15 -14 -58 -19 1 , 2 -32 32 0 -25 7 , -38 13 -4 -9 -8 -18 , 40 -4 4 0 18 22 , 35 14 15 58 15 -4 , 13 -10 -7 27 -20 10 , -14 7 10 -27 17 -10 , -29 4 -13 9 -14 -21 , 39 36 -36 0 7 -29 , 0.0062861882025124988 , 60
2.924463515153433 , -23 -15 -14 -58 -19 1 , 2 -32 32 0 -25 7 , 38 -13 4 9 8 18 , 40 -4 4 0 18 22 , 35 14 15 58 15 -4 , -13 10 7 -27 20 -10 , 14 -7 -10 27 -17 10 , 29 -4 13 -9 14 21 , 39 36 -36 0 7 -29 , 0.0062861882025124988 , 61
2.924463515153433 , -23 -15 -14 -58 -19 1 , 40 -4 4 0 18 22 , -10 20 -27 7 10 -13 , 2 -32 32 0 -25 7 , 35 14 15 58 15 -4 , 18 8 9 4 -13 38 , 14 -9 -8 -4 29 -21 , -17 27 -20 -7 14 -10 , 39 36 -36 0 7 -29 , 0.0062861882025125005 , 62
2.924463515153433 , -23 -15 -14 -58 -19 1 , 40 -4 4 0 18 22 , 10 -20 27 -7 -10 13 , 2 -32 32 0 -25 7 , 35 14 15 58 15 -4 , -18 -8 -9 -4 13 -38 , -14 9 8 4 -29 21 , 17 -27 20 7 -14 10 , 39 36 -36 0 7 -29 , 0.0062861882025125005 , 63
2.924463515153433 , -23 -15 -14 -58 -19 1 , 40 -4 4 0 18 22 , 20 -27 17 10 -13 10 , 2 -32 32 0 -25 7 , 35 14 15 58 15 -4 , 8 9 -14 -13 38 -18 , 21 14 -9 13 -4 29 , 10 -17 27 -10 -7 14 , 39 36 -36 0 7 -29 , 0.0062861882025125387 , 64
2.924463515153433 , -23 -15 -14 -58 -19 1 , 40 -4 4 0 18 22 , -20 27 -17 -10 13 -10 , 2 -32 32 0 -25 7 , 35 14 15 58 15 -4 , -8 -9 14 13 -38 18 , -21 -14 9 -13 4 -29 , -10 17 -27 10 7 -14 , 39 36 -36 0 7 -29 , 0.0062861882025125387 , 65
2.924463515153433 , -23 -15 -14 -58 -19 1 , 40 -4 4 0 18 22 , 10 -14 7 20 -27 17 , 2 -32 32 0 -25 7 , 35 14 15 58 15 -4 , 21 -29 4 8 9 -14 , 13 -4 29 -8 -18 38 , -10 -7 14 -20 10 -13 , 39 36 -36 0 7 -29 , 0.0062861882025125769 , 66
2.924463515153433 , -23 -15 -14 -58 -19 1 , 40 -4 4 0 18 22 , -10 14 -7 -20 27 -17 , 2 -32 32 0 -25 7 , 35 14 15 58 15 -4 , -21 29 -4 -8 -9 14 , -13 4 -29 8 18 -38 , 10 7 -14 20 -10 13 , 39 36 -36 0 7 -29 , 0.0062861882025125769 , 67
2.924463515153433 , -23 -15 -14 -58 -19 1 , 2 -32 32 0 -25 7 , 4 -29 21 18 -38 13 , 40 -4 4 0 18 22 , 35 14 15 58 15 -4 , 7 -14 10 -10 13 -10 , 17 -10 14 10 -20 27 , -14 -21 29 -18 -8 -9 , 39 36 -36 0 7 -29 , 0.0062861882025126358 , 68
2.924463515153433 , -23 -15 -14 -58 -19 1 , 2 -32 32 0 -25 7 , -4 29 -21 -18 38 -13 , 40 -4 4 0 18 22 , 35 14 15 58 15 -4 , -7 14 -10 10 -13 10 , -17 10 -14 -10 20 -27 , 14 21 -29 18 8 9 , 39 36 -36 0 7 -29 , 0.0062861882025126358 , 69
2.924463515153433 , -23 -15 -14 -58 -19 1 , 2 -32 32 0 -25 7 , -13 4 -29 8 18 -38 , 40 -4 4 0 18 22 , 35 14 15 58 15 -4 , 10 7 -14 20 -10 13 , -10 14 -7 -20 27 -17 , -21 29 -4 -8 -9 14 , 39 36 -36 0 7 -29 , 0.0062861882025127321 , 70
2.924463515153433 , -23 -15 -14 -58 -19 1 , 2 -32 32 0 -25 7 , 13 -4 29 -8 -18 38 , 40 -4 4 0 18 22 , 35 14 15 58 15 -4 , -10 -7 14 -20 10 -13 , 10 -14 7 20 -27 17 , 21 -29 4 8 9 -14 , 39 36 -36 0 7 -29 , 0.0062861882025127321 , 71
2.924463515153433 , -15 -43 -40 -16 -29 -30 , 30 5 -5 0 20 15 , -13 22 -18 13 -14 8 , 12 -41 41 0 -27 14 , 1 40 43 16 10 14 , 8 19 -3 -7 9 18 , 15 3 -19 7 21 -10 , -26 18 -22 -13 26 -36 , 39 36 -36 0 7 -29 , 0.0064120873914187875 , 72
2.924463515153433 , -15 -43 -40 -16 -29 -30 , 30 5 -5 0 20 15 , 13 -22 18 -13 14 -8 , 12 -41 41 0 -27 14 , 1 40 43 16 10 14 , -8 -19 3 7 -9 -18 , -15 -3 19 -7 -21 10 , 26 -18 22 13 -26 36 , 39 36 -36 0 7 -29 , 0.0064120873914187875 , 73
2.924463515153433 , -15 -43 -40 -16 -29 -30 , 12 -41 41 0 -27 14 , -3 19 8 -21 10 15 , 30 5 -5 0 20 15 , 1 40 43 16 10 14 , -18 22 -13 -26 36 -26 , 8 13 -22 26 -13 14 , 18 -8 -19 21 7 -9 , 39 36 -36 0 7 -29 , 0.0064120873914188508 , 74
2.924463515153433 , -15 -43 -40 -16 -29 -30 , 12 -41 41 0 -27 14 , 3 -19 -8 21 -10 -15 , 30 5 -5 0 20 15 , 1 40 43 16 10 14 , 18 -22 13 26 -36 26 , -8 -13 22 -26 13 -14 , -18 8 19 -21 -7 9 , 39 36 -36 0 7 -29 , 0.0064120873914188508 , 75
2.924463515153433 , -15 -43 -40 -16 -29 -30 , 12 -41 41 0 -27 14 , -18 -9 7 3 -19 -8 , 30 5 -5 0 20 15 , 1 40 43 16 10 14 , -8 14 -13 18 -22 13 , -26 13 -14 -18 26 -36 , -21 -7 9 -3 -15 -10 , 39 36 -36 0 7 -29 , 0.0064120873914188872 , 76
2.924463515153433 , -15 -43 -40 -16 -29 -30 , 12 -41 41 0 -27 14 , 18 9 -7 -3 19 8 , 30 5 -5 0 20 15 , 1 40 43 16 10 14 , 8 -14 13 -18 22 -13 , 26 -13 14 18 -26 36 , 21 7 -9 3 15 10 , 39 36 -36 0 7 -29 , 0.0064120873914188872 , 77
2.924463515153433 , -15 -43 -40 -16 -29 -30 , 30 5 -5 0 20 15 , 22 -18 26 -14 8 13 , 12 -41 41 0 -27 14 , 1 40 43 16 10 14 , 19 -3 -15 9 18 -8 , 10 15 3 -9 7 21 , 36 -26 18 14 -13 26 , 39 36 -36 0 7 -29 , 0.0064120873914189141 , 78
2.924463515153433 , -15 -43 -40 -16 -29 -30 , 30 5 -5 0 20 15 , -22 18 -26 14 -8 -13 , 12 -41 41 0 -27 14 , 1 40 43 16 10 14 , -19 3 15 -9 -18 8 , -10 -15 -3 9 -7 -21 , -36 26 -18 -14 13 -26 , 39 36 -36 0 7 -29 , 0.0064120873914189141 , 79
2.924463515153433 , -15 -43 -40 -16 -29 -30 , 30 5 -5 0 20 15 , -18 26 -36 8 13 -22 , 12 -41 41 0 -27 14 , 1 40 43 16 10 14 , -3 -15 -10 18 -8 -19 , -21 10 15 -18 -9 7 , -26 36 -26 -8 14 -13 , 39 36 -36 0 7 -29 , 0.0064120873914189306 , 80
2.924463515153433 , -15 -43 -40 -16 -29 -30 , 30 5 -5 0 20 15 , 18 -26 36 -8 -13 22 , 12 -41 41 0 -27 14 , 1 40 43 16 10 14 , 3 15 10 -18 8 19 , 21 -10 -15 18 9 -7 , 26 -36 26 8 -14 13 , 39 36 -36 0 7 -29 , 0.0064120873914189306 , 81
2.924463515153433 , -15 -43 -40 -16 -29 -30 , 12 -41 41 0 -27 14 , -7 -21 10 8 -18 -9 , 30 5 -5 0 20 15 , 1 40 43 16 10 14 , 13 -26 36 -13 -8 14 , 26 -36 26 13 -22 18 , -15 -10 21 -8 -19 3 , 39 36 -36 0 7 -29 , 0.0064120873914189367 , 82
2.924463515153433 , -15 -43 -40 -16 -29 -30 , 12 -41 41 0 -27 14 , 7 21 -10 -8 18 9 , 30 5 -5 0 20 15 , 1 40 43 16 10 14 , -13 26 -36 13 8 -14 , -26 36 -26 -13 22 -18 , 15 10 -21 8 19 -3 , 39 36 -36 0 7 -29 , 0.0064120873914189367 , 83
2.924463515153433 , -15 -43 -40 -16 -29 -30 , 30 5 -5 0 20 15 , -36 26 -13 -22 18 -26 , 12 -41 41 0 -27 14 , 1 40 43 16 10 14 , -10 21 7 -19 3 15 , 9 -7 -21 19 8 -18 , -14 13 -26 22 -13 -8 , 39 36 -36 0 7 -29 , 0.0064120873914189401 , 84
2.924463515153433 , -15 -43 -40 -16 -29 -30 , 30 5 -5 0 20 15 , 36 -26 13 22 -18 26 , 12 -41 41 0 -27 14 , 1 40 43 16 10 14 , 10 -21 -7 19 -3 -15 , -9 7 21 -19 -8 18 , 14 -13 26 -22 13 8 , 39 36 -36 0 7 -29 , 0.0064120873914189401 , 85
2.924463515153433 , -15 -43 -40 -16 -29 -30 , 12 -41 41 0 -27 14 , -19 -8 18 -10 -15 -3 , 30 5 -5 0 20 15 , 1 40 43 16 10 14 , -22 13 8 -36 26 -18 , 14 -8 -13 36 -26 13 , -9 -18 8 10 -21 -7 , 39 36 -36 0 7 -29 , 0.006412087391418974 , 86
2.924463515153433 , -15 -43 -40 -16 -29 -30 , 12 -41 41 0 -27 14 , 19 8 -18 10 15 3 , 30 5 -5 0 20 15 , 1 40 43 16 10 14 , 22 -13 -8 36 -26 18 , -14 8 13 -36 26 -13 , 9 18 -8 -10 21 7 , 39 36 -36 0 7 -29 , 0.006412087391418974 , 87
2.924463515153433 , -15 -43 -40 -16 -29 -30 , 12 -41 41 0 -27 14 , -8 18 9 -15 -3 19 , 30 5 -5 0 20 15 , 1 40 43 16 10 14 , 13 8 -14 26 -18 22 , -13 14 -8 -26 36 -26 , 7 -9 -18 15 10 -21 , 39 36 -36 0 7 -29 , 0.0064120873914189748 , 88
2.924463515153433 , -15 -43 -40 -16 -29 -30 , 12 -41 41 0 -27 14 , 8 -18 -9 15 3 -19 , 30 5 -5 0 20 15 , 1 40 43 16 10 14 , -13 -8 14 -26 18 -22 , 13 -14 8 26 -36 26 , -7 9 18 -15 -10 21 , 39 36 -36 0 7 -29 , 0.0064120873914189748 , 89
2.924463515153433 , -15 -43 -40 -16 -29 -30 , 30 5 -5 0 20 15 , -26 36 -26 -13 22 -18 , 12 -41 41 0 -27 14 , 1 40 43 16 10 14 , 15 10 -21 8 19 -3 , 7 21 -10 -8 18 9 , -13 26 -36 13 8 -14 , 39 36 -36 0 7 -29 , 0.006412087391419013 , 90
2.924463515153433 , -15 -43 -40 -16 -29 -30 , 30 5 -5 0 20 15 , 26 -36 26 13 -22 18 , 12 -41 41 0 -27 14 , 1 40 43 16 10 14 , -15 -10 21 -8 -19 3 , -7 -21 10 8 -18 -9 , 13 -26 36 -13 -8 14 , 39 36 -36 0 7 -29 , 0.006412087391419013 , 91
2.924463515153433 , -15 -43 -40 -16 -29 -30 , 12 -41 41 0 -27 14 , -21 10 15 -18 -9 7 , 30 5 -5 0 20 15 , 1 40 43 16 10 14 , -26 36 -26 -8 14 -13 , -18 26 -36 8 13 -22 , -3 -15 -10 18 -8 -19 , 39 36 -36 0 7 -29 , 0.0064120873914190156 , 92
2.924463515153433 , -15 -43 -40 -16 -29 -30 , 12 -41 41 0 -27 14 , 21 -10 -15 18 9 -7 , 30 5 -5 0 20 15 , 1 40 43 16 10 14 , 26 -36 26 8 -14 13 , 18 -26 36 -8 -13 22 , 3 15 10 -18 8 19 , 39 36 -36 0 7 -29 , 0.0064120873914190156 , 93
2.924463515153433 , -15 -43 -40 -16 -29 -30 , 12 -41 41 0 -27 14 , 9 -7 -21 19 8 -18 , 30 5 -5 0 20 15 , 1 40 43 16 10 14 , -14 13 -26 22 -13 -8 , -36 26 -13 -22 18 -26 , -10 21 7 -19 3 15 , 39 36 -36 0 7 -29 , 0.0064120873914190269 , 94
2.924463515153433 , -15 -43 -40 -16 -29 -30 , 12 -41 41 0 -27 14 , -9 7 21 -19 -8 18 , 30 5 -5 0 20 15 , 1 40 43 16 10 14 , 14 -13 26 -22 13 8 , 36 -26 13 22 -18 26 , 10 -21 -7 19 -3 -15 , 39 36 -36 0 7 -29 , 0.0064120873914190269 , 95
2.924463515153433 , -15 -43 -40 -16 -29 -30 , 30 5 -5 0 20 15 , -26 13 -14 -18 26 -36 , 12 -41 41 0 -27 14 , 1 40 43 16 10 14 , -21 -7 9 -3 -15 -10 , -18 -9 7 3 -19 -8 , -8 14 -13 18 -22 13 , 39 36 -36 0 7 -29 , 0.0064120873914190277 , 96
2.924463515153433 , -15 -43 -40 -16 -29 -30 , 30 5 -5 0 20 15 , 26 -13 14 18 -26 36 , 12 -41 41 0 -27 14 , 1 40 43 16 10 14 , 21 7 -9 3 15 10 , 18 9 -7 -3 19 8 , 8 -14 13 -18 22 -13 , 39 36 -36 0 7 -29 , 0.0064120873914190277 , 97
2.924463515153433 , -15 -43 -40 -16 -29 -30 , 12 -41 41 0 -27 14 , -15 -3 19 -7 -21 10 , 30 5 -5 0 20 15 , 1 40 43 16 10 14 , 26 -18 22 13 -26 36 , 13 -22 18 -13 14 -8 , -8 -19 3 7 -9 -18 , 39 36 -36 0 7 -29 , 0.0064120873914190329 , 98
2.924463515153433 , -15 -43 -40 -16 -29 -30 , 12 -41 41 0 -27 14 , 15 3 -19 7 21 -10 , 30 5 -5 0 20 15 , 1 40 43 16 10 14 , -26 18 -22 -13 26 -36 , -13 22 -18 13 -14 8 , 8 19 -3 -7 9 18 , 39 36 -36 0 7 -29 , 0.0064120873914190329 , 99
3.048117236491251 , -10 -30 -33 -21 -33 -1 , 49 -5 5 0 22 27 , 14 -15 15 1 -6 11 , -7 -31 31 0 -29 2 , 11 33 30 21 32 -3 , 30 -13 -23 43 -12 6 , -13 23 13 -43 29 1 , 13 -15 15 -1 -4 9 , 39 36 -36 0 7 -29 , 0.0050209535612023353 , 0
3.048117236491251 , -10 -30 -33 -21 -33 -1 , 49 -5 5 0 22 27 , -14 15 -15 -1 6 -11 , -7 -31 31 0 -29 2 , 11 33 30 21 32 -3 , -30 13 23 -43 12 -6 , 13 -23 -13 43 -29 -1 , -13 15 -15 1 4 -9 , 39 36 -36 0 7 -29 , 0.0050209535612023353 , 1
3.048117236491251 , -10 -30 -33 -21 -33 -1 , -7 -31 31 0 -29 2 , -23 -13 30 -29 -1 -13 , 49 -5 5 0 22 27 , 11 33 30 21 32 -3 , 15 -15 14 4 -9 13 , 11 -14 15 -4 -1 6 , 6 -30 13 29 -43 12 , 39 36 -36 0 7 -29 , 0.0050209535612023414 , 2
3.048117236491251 , -10 -30 -33 -21 -33 -1 , -7 -31 31 0 -29 2 , 23 13 -30 29 1 13 , 49 -5 5 0 22 27 , 11 33 30 21 32 -3 , -15 15 -14 -4 9 -13 , -11 14 -15 4 1 -6 , -6 30 -13 -29 43 -12 , 39 36 -36 0 7 -29 , 0.0050209535612023414 , 3
3.048117236491251 , -10 -30 -33 -21 -33 -1 , -7 -31 31 0 -29 2 , -43 29 1 -30 6 -12 , 49 -5 5 0 22 27 , 11 33 30 21 32 -3 , -1 -4 9 -14 11 -6 , 13 -9 4 14 -15 15 , -13 -1 -29 30 -13 -23 , 39 36 -36 0 7 -29 , 0.0050209535612023657 , 4
3.048117236491251 , -10 -30 -33 -21 -33 -1 , -7 -31 31 0 -29 2 , 43 -29 -1 30 -6 12 , 49 -5 5 0 22 27 , 11 33 30 21 32 -3 , 1 4 -9 14 -11 6 , -13 9 -4 -14 15 -15 , 13 1 29 -30 13 23 , 39 36 -36 0 7 -29 , 0.0050209535612023657 , 5
3.048117236491251 , -10 -30 -33 -21 -33 -1 , -7 -31 31 0 -29 2 , -29 -1 -13 -6 12 -43 , 49 -5 5 0 22 27 , 11 33 30 21 32 -3 , 4 -9 13 -11 6 -1 , 15 -13 9 11 -14 15 , -23 13 1 6 -30 13 , 39 36 -36 0 7 -29 , 0.0050209535612023683 , 6
3.048117236491251 , -10 -30 -33 -21 -33 -1 , -7 -31 31 0 -29 2 , 29 1 13 6 -12 43 , 49 -5 5 0 22 27 , 11 33 30 21 32 -3 , -4 9 -13 11 -6 1 , -15 13 -9 -11 14 -15 , 23 -13 -1 -6 30 -13 , 39 36 -36 0 7 -29 , 0.0050209535612023683 , 7
3.048117236491251 , -10 -30 -33 -21 -33 -1 , 49 -5 5 0 22 27 , -9 4 1 -15 15 -13 , -7 -31 31 0 -29 2 , 11 33 30 21 32 -3 , -1 -29 43 -13 -23 13 , 12 -43 29 13 -30 6 , 6 -1 -4 15 -14 11 , 39 36 -36 0 7 -29 , 0.0050209535612023761 , 8
3.048117236491251 , -10 -30 -33 -21 -33 -1 , 49 -5 5 0 22 27 , 9 -4 -1 15 -15 13 , -7 -31 31 0 -29 2 , 11 33 30 21 32 -3 , 1 29 -43 13 23 -13 , -12 43 -29 -13 30 -6 , -6 1 4 -15 14 -11 , 39 36 -36 0 7 -29 , 0.0050209535612023761 , 9
3.048117236491251 , -10 -30 -33 -21 -33 -1 , 49 -5 5 0 22 27 , -11 14 -15 4 1 -6 , -7 -31 31 0 -29 2 , 11 33 30 21 32 -3 , -6 30 -13 -29 43 -12 , 23 13 -30 29 1 13 , -15 15 -14 -4 9 -13 , 39 36 -36 0 7 -29 , 0.0050209535612023804 , 10
3.048117236491251 , -10 -30 -33 -21 -33 -1 , 49 -5 5 0 22 27 , 11 -14 15 -4 -1 6 , -7 -31 31 0 -29 2 , 11 33 30 21 32 -3 , 6 -30 13 29 -43 12 , -23 -13 30 -29 -1 -13 , 15 -15 14 4 -9 13 , 39 36 -36 0 7 -29 , 0.0050209535612023804 , 11
3.048117236491251 , -10 -30 -33 -21 -33 -1 , 49 -5 5 0 22 27 , 4 1 -6 15 -13 9 , -7 -31 31 0 -29 2 , 11 33 30 21 32 -3 , -29 43 -12 -23 13 1 , -6 12 -43 23 13 -30 , -11 6 -1 -15 15 -14 , 39 36 -36 0 7 -29 , 0.0050209535612023857 , 12
3.048117236491251 , -10 -30 -33 -21 -33 -1 , 49 -5 5 0 22 27 , -4 -1 6 -15 13 -9 , -7 -31 31 0 -29 2 , 11 33 30 21 32 -3 , 29 -43 12 23 -13 -1 , 6 -12 43 -23 -13 30 , 11 -6 1 15 -15 14 , 39 36 -36 0 7 -29 , 0.0050209535612023857 , 13
3.048117236491251 , -10 -30 -33 -21 -33 -1 , -7 -31 31 0 -29 2 , -1 -13 23 12 -43 29 , 49 -5 5 0 22 27 , 11 33 30 21 32 -3 , -9 13 -15 6 -1 -4 , -15 15 -13 -6 11 -14 , -13 -23 13 -12 6 -30 , 39 36 -36 0 7 -29 , 0.0050209535612023883 , 14
3.048117236491251 , -10 -30 -33 -21 -33 -1 , -7 -31 31 0 -29 2 , 1 13 -23 -12 43 -29 , 49 -5 5 0 22 27 , 11 33 30 21 32 -3 , 9 -13 15 -6 1 4 , 15 -15 13 6 -11 14 , 13 23 -13 12 -6 30 , 39 36 -36 0 7 -29 , 0.0050209535612023883 , 15
3.048117236491251 , -10 -30 -33 -21 -33 -1 , -7 -31 31 0 -29 2 , -12 43 -29 -13 30 -6 , 49 -5 5 0 22 27 , 11 33 30 21 32 -3 , -6 1 4 -15 14 -11 , 9 -4 -1 15 -15 13 , 1 29 -43 13 23 -13 , 39 36 -36 0 7 -29 , 0.0050209535612023943 , 16
3.048117236491251 , -10 -30 -33 -21 -33 -1 , -7 -31 31 0 -29 2 , 12 -43 29 13 -30 6 , 49 -5 5 0 22 27 , 11 33 30 21 32 -3 , 6 -1 -4 15 -14 11 , -9 4 1 -15 15 -13 , -1 -29 43 -13 -23 13 , 39 36 -36 0 7 -29 , 0.0050209535612023943 , 17
3.048117236491251 , -10 -30 -33 -21 -33 -1 , 49 -5 5 0 22 27 , 1 -6 11 -13 9 -4 , -7 -31 31 0 -29 2 , 11 33 30 21 32 -3 , 43 -12 6 13 1 29 , 30 -6 12 -13 23 13 , 14 -11 6 13 -15 15 , 39 36 -36 0 7 -29 , 0.0050209535612024004 , 18
3.048117236491251 , -10 -30 -33 -21 -33 -1 , 49 -5 5 0 22 27 , -1 6 -11 13 -9 4 , -7 -31 31 0 -29 2 , 11 33 30 21 32 -3 , -43 12 -6 -13 -1 -29 , -30 6 -12 13 -23 -13 , -14 11 -6 -13 15 -15 , 39 36 -36 0 7 -29 , 0.0050209535612024004 , 19
3.048117236491251 , -10 -30 -33 -21 -33 -1 , -7 -31 31 0 -29 2 , -13 30 -6 -1 -13 23 , 49 -5 5 0 22 27 , 11 33 30 21 32 -3 , -15 14 -11 -9 13 -15 , -6 11 -14 9 -4 -1 , -12 6 -30 1 29 -43 , 39 36 -36 0 7 -29 , 0.0050209535612024117 , 20
3.048117236491251 , -10 -30 -33 -21 -33 -1 , -7 -31 31 0 -29 2 , 13 -30 6 1 13 -23 , 49 -5 5 0 22 27 , 11 33 30 21 32 -3 , 15 -14 11 9 -13 15 , 6 -11 14 -9 4 1 , 12 -6 30 -1 -29 43 , 39 36 -36 0 7 -29 , 0.0050209535612024117 , 21
3.048117236491251 , -10 -30 -33 -21 -33 -1 , 49 -5 5 0 22 27 , -15 15 -13 -6 11 -14 , -7 -31 31 0 -29 2 , 11 33 30 21 32 -3 , -13 -23 13 -12 6 -30 , -1 -13 23 12 -43 29 , -9 13 -15 6 -1 -4 , 39 36 -36 0 7 -29 , 0.005020953561202416 , 22
3.048117236491251 , -10 -30 -33 -21 -33 -1 , 49 -5 5 0 22 27 , 15 -15 13 6 -11 14 , -7 -31 31 0 -29 2 , 11 33 30 21 32 -3 , 13 23 -13 12 -6 30 , 1 13 -23 -12 43 -29 , 9 -13 15 -6 1 4 , 39 36 -36 0 7 -29 , 0.005020953561202416 , 23
3.048117236491251 , -10 -30 -33 -21 -33 -1 , -7 -31 31 0 -29 2 , 13 -23 -13 43 -29 -1 , 49 -5 5 0 22 27 , 11 33 30 21 32 -3 , -13 15 -15 1 4 -9 , -14 15 -15 -1 6 -11 , -30 13 23 -43 12 -6 , 39 36 -36 0 7 -29 , 0.0050209535612024186 , 24
3.048117236491251 , -10 -30 -33 -21 -33 -1 , -7 -31 31 0 -29 2 , -13 23 13 -43 29 1 , 49 -5 5 0 22 27 , 11 33 30 21 32 -3 , 13 -15 15 -1 -4 9 , 14 -15 15 1 -6 11 , 30 -13 -23 43 -12 6 , 39 36 -36 0 7 -29 , 0.0050209535612024186 , 25
3.048117236491251 , -10 -30 -33 -21 -33 -1 , 49 -5 5 0 22 27 , -6 11 -14 9 -4 -1 , -7 -31 31 0 -29 2 , 11 33 30 21 32 -3 , -12 6 -30 1 29 -43 , -13 30 -6 -1 -13 23 , -15 14 -11 -9 13 -15 , 39 36 -36 0 7 -29 , 0.0050209535612024221 , 26
3.048117236491251 , -10 -30 -33 -21 -33 -1 , 49 -5 5 0 22 27 , 6 -11 14 -9 4 1 , -7 -31 31 0 -29 2 , 11 33 30 21 32 -3 , 12 -6 30 -1 -29 43 , 13 -30 6 1 13 -23 , 15 -14 11 9 -13 15 , 39 36 -36 0 7 -29 , 0.0050209535612024221 , 27
3.048117236491251 , -10 -30 -33 -21 -33 -1 , -7 -31 31 0 -29 2 , 6 -12 43 -23 -13 30 , 49 -5 5 0 22 27 , 11 33 30 21 32 -3 , 11 -6 1 15 -15 14 , -4 -1 6 -15 13 -9 , 29 -43 12 23 -13 -1 , 39 36 -36 0 7 -29 , 0.0050209535612024247 , 28
3.048117236491251 , -10 -30 -33 -21 -33 -1 , -7 -31 31 0 -29 2 , -6 12 -43 23 13 -30 , 49 -5 5 0 22 27 , 11 33 30 21 32 -3 , -11 6 -1 -15 15 -14 , 4 1 -6 15 -13 9 , -29 43 -12 -23 13 1 , 39 36 -36 0 7 -29 , 0.0050209535612024247 , 29
3.048117236491251 , -10 -30 -33 -21 -33 -1 , 49 -5 5 0 22 27 , -15 13 -9 -11 14 -15 , -7 -31 31 0 -29 2 , 11 33 30 21 32 -3 , 23 -13 -1 -6 30 -13 , 29 1 13 6 -12 43 , -4 9 -13 11 -6 1 , 39 36 -36 0 7 -29 , 0.0050209535612024429 , 30
3.048117236491251 , -10 -30 -33 -21 -33 -1 , 49 -5 5 0 22 27 , 15 -13 9 11 -14 15 , -7 -31 31 0 -29 2 , 11 33 30 21 32 -3 , -23 13 1 6 -30 13 , -29 -1 -13 -6 12 -43 , 4 -9 13 -11 6 -1 , 39 36 -36 0 7 -29 , 0.0050209535612024429 , 31
3.048117236491251 , -10 -30 -33 -21 -33 -1 , 49 -5 5 0 22 27 , 13 -9 4 14 -15 15 , -7 -31 31 0 -29 2 , 11 33 30 21 32 -3 , -13 -1 -29 30 -13 -23 , -43 29 1 -30 6 -12 , -1 -4 9 -14 11 -6 , 39 36 -36 0 7 -29 , 0.0050209535612024949 , 32
3.048117236491251 , -10 -30 -33 -21 -33 -1 , 49 -5 5 0 22 27 , -13 9 -4 -14 15 -15 , -7 -31 31 0 -29 2 , 11 33 30 21 32 -3 , 13 1 29 -30 13 23 , 43 -29 -1 30 -6 12 , 1 4 -9 14 -11 6 , 39 36 -36 0 7 -29 , 0.0050209535612024949 , 33
3.048117236491251 , -10 -30 -33 -21 -33 -1 , -7 -31 31 0 -29 2 , -30 6 -12 13 -23 -13 , 49 -5 5 0 22 27 , 11 33 30 21 32 -3 , -14 11 -6 -13 15 -15 , -1 6 -11 13 -9 4 , -43 12 -6 -13 -1 -29 , 39 36 -36 0 7 -29 , 0.0050209535612025357 , 34
3.048117236491251 , -10 -30 -33 -21 -33 -1 , -7 -31 31 0 -29 2 , 30 -6 12 -13 23 13 , 49 -5 5 0 22 27 , 11 33 30 21 32 -3 , 14 -11 6 13 -15 15 , 1 -6 11 -13 9 -4 , 43 -12 6 13 1 29 , 39 36 -36 0 7 -29 , 0.0050209535612025357 , 35
3.048117236491251 , -7 -10 -34 -43 -7 4 , 30 5 -5 0 20 15 , -28 10 3 -30 22 -27 , 12 -41 41 0 -27 14 , 36 34 10 43 38 3 , 14 3 -23 13 17 -11 , 1 23 -3 -13 12 14 , 2 -3 -10 30 -30 12 , 39 36 -36 0 7 -29 , 0.005138604426121211 , 36
3.048117236491251 , -7 -10 -34 -43 -7 4 , 30 5 -5 0 20 15 , 28 -10 -3 30 -22 27 , 12 -41 41 0 -27 14 , 36 34 10 43 38 3 , -14 -3 23 -13 -17 11 , -1 -23 3 13 -12 -14 , -2 3 10 -30 30 -12 , 39 36 -36 0 7 -29 , 0.005138604426121211 , 37
3.048117236491251 , -7 -10 -34 -43 -7 4 , 30 5 -5 0 20 15 , 27 -28 10 30 -30 22 , 12 -41 41 0 -27 14 , 36 34 10 43 38 3 , 11 14 3 -12 13 17 , 23 -3 -14 12 14 -1 , -3 -10 28 -30 12 -2 , 39 36 -36 0 7 -29 , 0.0051386044261213073 , 38
3.048117236491251 , -7 -10 -34 -43 -7 4 , 30 5 -5 0 20 15 , -27 28 -10 -30 30 -22 , 12 -41 41 0 -27 14 , 36 34 10 43 38 3 , -11 -14 -3 12 -13 -17 , -23 3 14 -12 -14 1 , 3 10 -28 30 -12 2 , 39 36 -36 0 7 -29 , 0.0051386044261213073 , 39
3.048117236491251 , -7 -10 -34 -43 -7 4 , 12 -41 41 0 -27 14 , -13 12 14 -14 -11 17 , 30 5 -5 0 20 15 , 36 34 10 43 38 3 , 30 -30 12 28 -27 22 , 2 -12 30 -28 10 3 , 1 -14 -12 14 3 -23 , 39 36 -36 0 7 -29 , 0.0051386044261213489 , 40
3.048117236491251 , -7 -10 -34 -43 -7 4 , 12 -41 41 0 -27 14 , 13 -12 -14 14 11 -17 , 30 5 -5 0 20 15 , 36 34 10 43 38 3 , -30 30 -12 -28 27 -22 , -2 12 -30 28 -10 -3 , -1 14 12 -14 -3 23 , 39 36 -36 0 7 -29 , 0.0051386044261213489 , 41
3.048117236491251 , -7 -10 -34 -43 -7 4 , 12 -41 41 0 -27 14 , -12 -14 1 11 -17 -13 , 30 5 -5 0 20 15 , 36 34 10 43 38 3 , 30 -12 2 27 -22 30 , 3 -2 12 -27 28 -10 , -23 -1 14 -11 -14 -3 , 39 36 -36 0 7 -29 , 0.0051386044261213697 , 42
3.048117236491251 , -7 -10 -34 -43 -7 4 , 12 -41 41 0 -27 14 , 12 14 -1 -11 17 13 , 30 5 -5 0 20 15 , 36 34 10 43 38 3 , -30 12 -2 -27 22 -30 , -3 2 -12 27 -28 10 , 23 1 -14 11 14 3 , 39 36 -36 0 7 -29 , 0.0051386044261213697 , 43
3.048117236491251 , -7 -10 -34 -43 -7 4 , 12 -41 41 0 -27 14 , 17 13 -12 3 14 11 , 30 5 -5 0 20 15 , 36 34 10 43 38 3 , 22 -30 30 10 -28 27 , 12 -30 30 -10 -3 2 , 14 12 -13 -3 23 1 , 39 36 -36 0 7 -29 , 0.0051386044261213957 , 44
3.048117236491251 , -7 -10 -34 -43 -7 4 , 12 -41 41 0 -27 14 , -17 -13 12 -3 -14 -11 , 30 5 -5 0 20 15 , 36 34 10 43 38 3 , -22 30 -30 -10 28 -27 , -12 30 -30 10 3 -2 , -14 -12 13 3 -23 -1 , 39 36 -36 0 7 -29 , 0.0051386044261213957 , 45
3.048117236491251 , -7 -10 -34 -43 -7 4 , 12 -41 41 0 -27 14 , 3 14 11 -14 1 23 , 30 5 -5 0 20 15 , 36 34 10 43 38 3 , 10 -28 27 -12 2 -3 , 22 -27 28 12 -30 30 , 17 -11 -14 14 12 -13 , 39 36 -36 0 7 -29 , 0.0051386044261214009 , 46
3.048117236491251 , -7 -10 -34 -43 -7 4 , 12 -41 41 0 -27 14 , -3 -14 -11 14 -1 -23 , 30 5 -5 0 20 15 , 36 34 10 43 38 3 , -10 28 -27 12 -2 3 , -22 27 -28 -12 30 -30 , -17 11 14 -14 -12 13 , 39 36 -36 0 7 -29 , 0.0051386044261214009 , 47
3.048117236491251 , -7 -10 -34 -43 -7 4 , 30 5 -5 0 20 15 , 2 -12 30 -28 10 3 , 12 -41 41 0 -27 14 , 36 34 10 43 38 3 , 1 -14 -12 14 3 -23 , -13 12 14 -14 -11 17 , 30 -30 12 28 -27 22 , 39 36 -36 0 7 -29 , 0.0051386044261214096 , 48
3.048117236491251 , -7 -10 -34 -43 -7 4 , 30 5 -5 0 20 15 , -2 12 -30 28 -10 -3 , 12 -41 41 0 -27 14 , 36 34 10 43 38 3 , -1 14 12 -14 -3 23 , 13 -12 -14 14 11 -17 , -30 30 -12 -28 27 -22 , 39 36 -36 0 7 -29 , 0.0051386044261214096 , 49
3.048117236491251 , -7 -10 -34 -43 -7 4 , 30 5 -5 0 20 15 , 10 3 -2 22 -27 28 , 12 -41 41 0 -27 14 , 36 34 10 43 38 3 , 3 -23 -1 17 -11 -14 , -14 1 23 -17 -13 12 , -12 2 -3 -22 30 -30 , 39 36 -36 0 7 -29 , 0.0051386044261214252 , 50
3.048117236491251 , -7 -10 -34 -43 -7 4 , 30 5 -5 0 20 15 , -10 -3 2 -22 27 -28 , 12 -41 41 0 -27 14 , 36 34 10 43 38 3 , -3 23 1 -17 11 14 , 14 -1 -23 17 13 -12 , 12 -2 3 22 -30 30 , 39 36 -36 0 7 -29 , 0.0051386044261214252 , 51
3.048117236491251 , -7 -10 -34 -43 -7 4 , 12 -41 41 0 -27 14 , -23 3 14 -12 -14 1 , 30 5 -5 0 20 15 , 36 34 10 43 38 3 , 3 10 -28 30 -12 2 , -27 28 -10 -30 30 -22 , -11 -14 -3 12 -13 -17 , 39 36 -36 0 7 -29 , 0.005138604426121453 , 52
3.048117236491251 , -7 -10 -34 -43 -7 4 , 12 -41 41 0 -27 14 , 23 -3 -14 12 14 -1 , 30 5 -5 0 20 15 , 36 34 10 43 38 3 , -3 -10 28 -30 12 -2 , 27 -28 10 30 -30 22 , 11 14 3 -12 13 17 , 39 36 -36 0 7 -29 , 0.005138604426121453 , 53
3.048117236491251 , -7 -10 -34 -43 -7 4 , 12 -41 41 0 -27 14 , -14 1 23 -17 -13 12 , 30 5 -5 0 20 15 , 36 34 10 43 38 3 , -12 2 -3 -22 30 -30 , 10 3 -2 22 -27 28 , 3 -23 -1 17 -11 -14 , 39 36 -36 0 7 -29 , 0.0051386044261214573 , 54
3.048117236491251 , -7 -10 -34 -43 -7 4 , 12 -41 41 0 -27 14 , 14 -1 -23 17 13 -12 , 30 5 -5 0 20 15 , 36 34 10 43 38 3 , 12 -2 3 22 -30 30 , -10 -3 2 -22 27 -28 , -3 23 1 -17 11 14 , 39 36 -36 0 7 -29 , 0.0051386044261214573 , 55
3.048117236491251 , -7 -10 -34 -43 -7 4 , 12 -41 41 0 -27 14 , -14 -11 17 -1 -23 3 , 30 5 -5 0 20 15 , 36 34 10 43 38 3 , 28 -27 22 -2 3 10 , 30 -22 27 2 -12 30 , -13 -17 11 1 -14 -12 , 39 36 -36 0 7 -29 , 0.005138604426121479 , 56
3.048117236491251 , -7 -10 -34 -43 -7 4 , 12 -41 41 0 -27 14 , 14 11 -17 1 23 -3 , 30 5 -5 0 20 15 , 36 34 10 43 38 3 , -28 27 -22 2 -3 -10 , -30 22 -27 -2 12 -30 , 13 17 -11 -1 14 12 , 39 36 -36 0 7 -29 , 0.005138604426121479 , 57
3.048117236491251 , -7 -10 -34 -43 -7 4 , 12 -41 41 0 -27 14 , -11 17 13 -23 3 14 , 30 5 -5 0 20 15 , 36 34 10 43 38 3 , -27 22 -30 3 10 -28 , -30 30 -22 -3 2 -12 , 12 -13 -17 23 1 -14 , 39 36 -36 0 7 -29 , 0.0051386044261215067 , 58
3.048117236491251 , -7 -10 -34 -43 -7 4 , 12 -41 41 0 -27 14 , 11 -17 -13 23 -3 -14 , 30 5 -5 0 20 15 , 36 34 10 43 38 3 , 27 -22 30 -3 -10 28 , 30 -30 22 3 -2 12 , -12 13 17 -23 -1 14 , 39 36 -36 0 7 -29 , 0.0051386044261215067 , 59
3.048117236491251 , -7 -10 -34 -43 -7 4 , 30 5 -5 0 20 15 , -12 30 -30 10 3 -2 , 12 -41 41 0 -27 14 , 36 34 10 43 38 3 , -14 -12 13 3 -23 -1 , -17 -13 12 -3 -14 -11 , -22 30 -30 -10 28 -27 , 39 36 -36 0 7 -29 , 0.0051386044261215119 , 60
3.048117236491251 , -7 -10 -34 -43 -7 4 , 30 5 -5 0 20 15 , 12 -30 30 -10 -3 2 , 12 -41 41 0 -27 14 , 36 34 10 43 38 3 , 14 12 -13 -3 23 1 , 17 13 -12 3 14 11 , 22 -30 30 10 -28 27 , 39 36 -36 0 7 -29 , 0.0051386044261215119 , 61
3.048117236491251 , -7 -10 -34 -43 -7 4 , 30 5 -5 0 20 15 , -30 30 -22 -3 2 -12 , 12 -41 41 0 -27 14 , 36 34 10 43 38 3 , 12 -13 -17 23 1 -14 , -11 17 13 -23 3 14 , -27 22 -30 3 10 -28 , 39 36 -36 0 7 -29 , 0.0051386044261215128 , 62
3.048117236491251 , -7 -10 -34 -43 -7 4 , 30 5 -5 0 20 15 , 30 -30 22 3 -2 12 , 12 -41 41 0 -27 14 , 36 34 10 43 38 3 , -12 13 17 -23 -1 14 , 11 -17 -13 23 -3 -14 , 27 -22 30 -3 -10 28 , 39 36 -36 0 7 -29 , 0.0051386044261215128 , 63
3.048117236491251 , -7 -10 -34 -43 -7 4 , 30 5 -5 0 20 15 , -3 2 -12 27 -28 10 , 12 -41 41 0 -27 14 , 36 34 10 43 38 3 , 23 1 -14 11 14 3 , 12 14 -1 -11 17 13 , -30 12 -2 -27 22 -30 , 39 36 -36 0 7 -29 , 0.0051386044261215146 , 64
3.048117236491251 , -7 -10 -34 -43 -7 4 , 30 5 -5 0 20 15 , 3 -2 12 -27 28 -10 , 12 -41 41 0 -27 14 , 36 34 10 43 38 3 , -23 -1 14 -11 -14 -3 , -12 -14 1 11 -17 -13 , 30 -12 2 27 -22 30 , 39 36 -36 0 7 -29 , 0.0051386044261215146 , 65
3.048117236491251 , -7 -10 -34 -43 -7 4 , 30 5 -5 0 20 15 , -22 27 -28 -12 30 -30 , 12 -41 41 0 -27 14 , 36 34 10 43 38 3 , -17 11 14 -14 -12 13 , -3 -14 -11 14 -1 -23 , -10 28 -27 12 -2 3 , 39 36 -36 0 7 -29 , 0.0051386044261215154 , 66
3.048117236491251 , -7 -10 -34 -43 -7 4 , 30 5 -5 0 20 15 , 22 -27 28 12 -30 30 , 12 -41 41 0 -27 14 , 36 34 10 43 38 3 , 17 -11 -14 14 12 -13 , 3 14 11 -14 1 23 , 10 -28 27 -12 2 -3 , 39 36 -36 0 7 -29 , 0.0051386044261215154 , 67
3.048117236491251 , -7 -10 -34 -43 -7 4 , 12 -41 41 0 -27 14 , -1 -23 3 13 -12 -14 , 30 5 -5 0 20 15 , 36 34 10 43 38 3 , -2 3 10 -30 30 -12 , 28 -10 -3 30 -22 27 , -14 -3 23 -13 -17 11 , 39 36 -36 0 7 -29 , 0.0051386044261215276 , 68
3.048117236491251 , -7 -10 -34 -43 -7 4 , 12 -41 41 0 -27 14 , 1 23 -3 -13 12 14 , 30 5 -5 0 20 15 , 36 34 10 43 38 3 , 2 -3 -10 30 -30 12 , -28 10 3 -30 22 -27 , 14 3 -23 13 17 -11 , 39 36 -36 0 7 -29 , 0.0051386044261215276 , 69
3.048117236491251 , -7 -10 -34 -43 -7 4 , 30 5 -5 0 20 15 , -30 22 -27 -2 12 -30 , 12 -41 41 0 -27 14 , 36 34 10 43 38 3 , 13 17 -11 -1 14 12 , 14 11 -17 1 23 -3 , -28 27 -22 2 -3 -10 , 39 36 -36 0 7 -29 , 0.0051386044261215614 , 70
3.048117236491251 , -7 -10 -34 -43 -7 4 , 30 5 -5 0 20 15 , 30 -22 27 2 -12 30 , 12 -41 41 0 -27 14 , 36 34 10 43 38 3 , -13 -17 11 1 -14 -12 , -14 -11 17 -1 -23 3 , 28 -27 22 -2 3 10 , 39 36 -36 0 7 -29 , 0.0051386044261215614 , 71
3.048117236491251 , -30 -27 4 -57 -40 13 , 16 -30 30 0 -16 14 , -7 -23 18 -5 -8 -12 , 26 -6 6 0 9 15 , 27 -4 27 57 9 -13 , -11 12 -32 21 -1 -18 , -32 32 -12 -21 14 -13 , -2 -18 23 5 -30 15 , 39 36 -36 0 7 -29 , 0.0055693034493781964 , 72
3.048117236491251 , -30 -27 4 -57 -40 13 , 16 -30 30 0 -16 14 , 7 23 -18 5 8 12 , 26 -6 6 0 9 15 , 27 -4 27 57 9 -13 , 11 -12 32 -21 1 18 , 32 -32 12 21 -14 13 , 2 18 -23 -5 30 -15 , 39 36 -36 0 7 -29 , 0.0055693034493781964 , 73
3.048117236491251 , -30 -27 4 -57 -40 13 , 26 -6 6 0 9 15 , -21 14 -13 11 -18 -1 , 16 -30 30 0 -16 14 , 27 -4 27 57 9 -13 , 5 -30 15 7 -12 -8 , -2 -15 30 -7 -23 18 , -32 13 -14 -11 12 -32 , 39 36 -36 0 7 -29 , 0.0055693034493782354 , 74
3.048117236491251 , -30 -27 4 -57 -40 13 , 26 -6 6 0 9 15 , 21 -14 13 -11 18 1 , 16 -30 30 0 -16 14 , 27 -4 27 57 9 -13 , -5 30 -15 -7 12 8 , 2 15 -30 7 23 -18 , 32 -13 14 11 -12 32 , 39 36 -36 0 7 -29 , 0.0055693034493782354 , 75
3.048117236491251 , -30 -27 4 -57 -40 13 , 16 -30 30 0 -16 14 , -12 7 23 -30 5 8 , 26 -6 6 0 9 15 , 27 -4 27 57 9 -13 , -18 11 -12 14 -21 1 , -32 12 -11 -14 13 -32 , 18 -23 -7 30 -15 -2 , 39 36 -36 0 7 -29 , 0.0055693034493783013 , 76
3.048117236491251 , -30 -27 4 -57 -40 13 , 16 -30 30 0 -16 14 , 12 -7 -23 30 -5 -8 , 26 -6 6 0 9 15 , 27 -4 27 57 9 -13 , 18 -11 12 -14 21 -1 , 32 -12 11 14 -13 32 , -18 23 7 -30 15 2 , 39 36 -36 0 7 -29 , 0.0055693034493783013 , 77
3.048117236491251 , -30 -27 4 -57 -40 13 , 16 -30 30 0 -16 14 , -23 18 2 -8 -12 7 , 26 -6 6 0 9 15 , 27 -4 27 57 9 -13 , 12 -32 32 -1 -18 11 , 13 -32 32 1 -21 14 , -15 -2 -18 8 5 -30 , 39 36 -36 0 7 -29 , 0.0055693034493783456 , 78
3.048117236491251 , -30 -27 4 -57 -40 13 , 16 -30 30 0 -16 14 , 23 -18 -2 8 12 -7 , 26 -6 6 0 9 15 , 27 -4 27 57 9 -13 , -12 32 -32 1 18 -11 , -13 32 -32 -1 21 -14 , 15 2 18 -8 -5 30 , 39 36 -36 0 7 -29 , 0.0055693034493783456 , 79
3.048117236491251 , -30 -27 4 -57 -40 13 , 26 -6 6 0 9 15 , -1 21 -14 12 -11 18 , 16 -30 30 0 -16 14 , 27 -4 27 57 9 -13 , -8 -5 30 -23 -7 12 , 15 -30 5 23 -18 -2 , -13 14 -21 -12 32 -32 , 39 36 -36 0 7 -29 , 0.0055693034493783534 , 80
3.048117236491251 , -30 -27 4 -57 -40 13 , 26 -6 6 0 9 15 , 1 -21 14 -12 11 -18 , 16 -30 30 0 -16 14 , 27 -4 27 57 9 -13 , 8 5 -30 23 7 -12 , -15 30 -5 -23 18 2 , 13 -14 21 12 -32 32 , 39 36 -36 0 7 -29 , 0.0055693034493783534 , 81
3.048117236491251 , -30 -27 4 -57 -40 13 , 16 -30 30 0 -16 14 , -8 -12 7 15 -30 5 , 26 -6 6 0 9 15 , 27 -4 27 57 9 -13 , -1 -18 11 -13 14 -21 , 12 -11 18 13 -32 32 , -23 -7 12 -15 -2 -18 , 39 36 -36 0 7 -29 , 0.0055693034493784488 , 82
3.048117236491251 , -30 -27 4 -57 -40 13 , 16 -30 30 0 -16 14 , 8 12 -7 -15 30 -5 , 26 -6 6 0 9 15 , 27 -4 27 57 9 -13 , 1 18 -11 13 -14 21 , -12 11 -18 -13 32 -32 , 23 7 -12 15 2 18 , 39 36 -36 0 7 -29 , 0.0055693034493784488 , 83
3.048117236491251 , -30 -27 4 -57 -40 13 , 26 -6 6 0 9 15 , 14 -13 32 -18 -1 21 , 16 -30 30 0 -16 14 , 27 -4 27 57 9 -13 , -30 15 2 -12 -8 -5 , -18 -2 -15 12 -7 -23 , 32 -32 13 18 -11 12 , 39 36 -36 0 7 -29 , 0.0055693034493784696 , 84
3.048117236491251 , -30 -27 4 -57 -40 13 , 26 -6 6 0 9 15 , -14 13 -32 18 1 -21 , 16 -30 30 0 -16 14 , 27 -4 27 57 9 -13 , 30 -15 -2 12 8 5 , 18 2 15 -12 7 23 , -32 32 -13 -18 11 -12 , 39 36 -36 0 7 -29 , 0.0055693034493784696 , 85
3.048117236491251 , -30 -27 4 -57 -40 13 , 26 -6 6 0 9 15 , -32 32 -12 -21 14 -13 , 16 -30 30 0 -16 14 , 27 -4 27 57 9 -13 , -2 -18 23 5 -30 15 , -7 -23 18 -5 -8 -12 , -11 12 -32 21 -1 -18 , 39 36 -36 0 7 -29 , 0.0055693034493785338 , 86
3.048117236491251 , -30 -27 4 -57 -40 13 , 26 -6 6 0 9 15 , 32 -32 12 21 -14 13 , 16 -30 30 0 -16 14 , 27 -4 27 57 9 -13 , 2 18 -23 -5 30 -15 , 7 23 -18 5 8 12 , 11 -12 32 -21 1 18 , 39 36 -36 0 7 -29 , 0.0055693034493785338 , 87
3.048117236491251 , -30 -27 4 -57 -40 13 , 16 -30 30 0 -16 14 , -5 -8 -12 2 15 -30 , 26 -6 6 0 9 15 , 27 -4 27 57 9 -13 , 21 -1 -18 32 -13 14 , -11 18 1 -32 32 -12 , -7 12 8 -2 -18 23 , 39 36 -36 0 7 -29 , 0.0055693034493785841 , 88
3.048117236491251 , -30 -27 4 -57 -40 13 , 16 -30 30 0 -16 14 , 5 8 12 -2 -15 30 , 26 -6 6 0 9 15 , 27 -4 27 57 9 -13 , -21 1 18 -32 13 -14 , 11 -18 -1 32 -32 12 , 7 -12 -8 2 18 -23 , 39 36 -36 0 7 -29 , 0.0055693034493785841 , 89
3.048117236491251 , -30 -27 4 -57 -40 13 , 26 -6 6 0 9 15 , -32 12 -11 -14 13 -32 , 16 -30 30 0 -16 14 , 27 -4 27 57 9 -13 , 18 -23 -7 30 -15 -2 , -12 7 23 -30 5 8 , -18 11 -12 14 -21 1 , 39 36 -36 0 7 -29 , 0.0055693034493785997 , 90
3.048117236491251 , -30 -27 4 -57 -40 13 , 26 -6 6 0 9 15 , 32 -12 11 14 -13 32 , 16 -30 30 0 -16 14 , 27 -4 27 57 9 -13 , -18 23 7 -30 15 2 , 12 -7 -23 30 -5 -8 , 18 -11 12 -14 21 -1 , 39 36 -36 0 7 -29 , 0.0055693034493785997 , 91
3.048117236491251 , -30 -27 4 -57 -40 13 , 26 -6 6 0 9 15 , 12 -11 18 13 -32 32 , 16 -30 30 0 -16 14 , 27 -4 27 57 9 -13 , -23 -7 12 -15 -2 -18 , -8 -12 7 15 -30 5 , -1 -18 11 -13 14 -21 , 39 36 -36 0 7 -29 , 0.0055693034493786049 , 92
3.048117236491251 , -30 -27 4 -57 -40 13 , 26 -6 6 0 9 15 , -12 11 -18 -13 32 -32 , 16 -30 30 0 -16 14 , 27 -4 27 57 9 -13 , 23 7 -12 15 2 18 , 8 12 -7 -15 30 -5 , 1 18 -11 13 -14 21 , 39 36 -36 0 7 -29 , 0.0055693034493786049 , 93
3.048117236491251 , -30 -27 4 -57 -40 13 , 26 -6 6 0 9 15 , -18 -1 21 -32 12 -11 , 16 -30 30 0 -16 14 , 27 -4 27 57 9 -13 , -12 -8 -5 18 -23 -7 , -30 5 8 -18 -2 -15 , 14 -21 1 32 -32 13 , 39 36 -36 0 7 -29 , 0.0055693034493786171 , 94
3.048117236491251 , -30 -27 4 -57 -40 13 , 26 -6 6 0 9 15 , 18 1 -21 32 -12 11 , 16 -30 30 0 -16 14 , 27 -4 27 57 9 -13 , 12 8 5 -18 23 7 , 30 -5 -8 18 2 15 , -14 21 -1 -32 32 -13 , 39 36 -36 0 7 -29 , 0.0055693034493786171 , 95
3.048117236491251 , -30 -27 4 -57 -40 13 , 16 -30 30 0 -16 14 , 18 2 15 -12 7 23 , 26 -6 6 0 9 15 , 27 -4 27 57 9 -13 , -32 32 -13 -18 11 -12 , -14 13 -32 18 1 -21 , 30 -15 -2 12 8 5 , 39 36 -36 0 7 -29 , 0.0055693034493786691 , 96
3.048117236491251 , -30 -27 4 -57 -40 13 , 16 -30 30 0 -16 14 , -18 -2 -15 12 -7 -23 , 26 -6 6 0 9 15 , 27 -4 27 57 9 -13 , 32 -32 13 18 -11 12 , 14 -13 32 -18 -1 21 , -30 15 2 -12 -8 -5 , 39 36 -36 0 7 -29 , 0.0055693034493786691 , 97
3.048117236491251 , -30 -27 4 -57 -40 13 , 16 -30 30 0 -16 14 , -15 30 -5 -23 18 2 , 26 -6 6 0 9 15 , 27 -4 27 57 9 -13 , 13 -14 21 12 -32 32 , 1 -21 14 -12 11 -18 , 8 5 -30 23 7 -12 , 39 36 -36 0 7 -29 , 0.0055693034493786821 , 98
3.048117236491251 , -30 -27 4 -57 -40 13 , 16 -30 30 0 -16 14 , 15 -30 5 23 -18 -2 , 26 -6 6 0 9 15 , 27 -4 27 57 9 -13 , -13 14 -21 -12 32 -32 , -1 21 -14 12 -11 18 , -8 -5 30 -23 -7 12 , 39 36 -36 0 7 -29 , 0.0055693034493786821 , 99
3.140891893538837 , -35 -46 -7 -38 -45 -11 , 1 -19 19 0 -15 4 , -21 3 -19 24 -24 -12 , 41 -17 17 0 8 25 , 3 7 46 38 -4 1 , 3 -18 11 5 -11 -1 , -2 -11 18 -5 -12 7 , -45 19 -3 -24 7 -27 , 39 36 -36 0 7 -29 , 0.0057070265223718346 , 0
3.140891893538837 , -35 -46 -7 -38 -45 -11 , 1 -19 19 0 -15 4 , 21 -3 19 -24 24 12 , 41 -17 17 0 8 25 , 3 7 46 38 -4 1 , -3 18 -11 -5 11 1 , 2 11 -18 5 12 -7 , 45 -19 3 24 -7 27 , 39 36 -36 0 7 -29 , 0.0057070265223718346 , 1
3.140891893538837 , -35 -46 -7 -38 -45 -11 , 41 -17 17 0 8 25 , -5 -12 7 -3 -1 -11 , 1 -19 19 0 -15 4 , 3 7 46 38 -4 1 , -24 7 -27 21 -12 -24 , -45 27 -7 -21 3 -19 , -2 -7 12 3 -18 11 , 39 36 -36 0 7 -29 , 0.0057070265223718693 , 2
3.140891893538837 , -35 -46 -7 -38 -45 -11 , 41 -17 17 0 8 25 , 5 12 -7 3 1 11 , 1 -19 19 0 -15 4 , 3 7 46 38 -4 1 , 24 -7 27 -21 12 24 , 45 -27 7 21 -3 19 , 2 7 -12 -3 18 -11 , 39 36 -36 0 7 -29 , 0.0057070265223718693 , 3
3.140891893538837 , -35 -46 -7 -38 -45 -11 , 1 -19 19 0 -15 4 , 3 -19 45 -24 -12 21 , 41 -17 17 0 8 25 , 3 7 46 38 -4 1 , -18 11 2 -11 -1 -3 , -7 -2 -11 11 -5 -12 , 27 -45 19 24 -24 7 , 39 36 -36 0 7 -29 , 0.0057070265223718867 , 4
3.140891893538837 , -35 -46 -7 -38 -45 -11 , 1 -19 19 0 -15 4 , -3 19 -45 24 12 -21 , 41 -17 17 0 8 25 , 3 7 46 38 -4 1 , 18 -11 -2 11 1 3 , 7 2 11 -11 5 12 , -27 45 -19 -24 24 -7 , 39 36 -36 0 7 -29 , 0.0057070265223718867 , 5
3.140891893538837 , -35 -46 -7 -38 -45 -11 , 41 -17 17 0 8 25 , -12 7 2 -1 -11 5 , 1 -19 19 0 -15 4 , 3 7 46 38 -4 1 , 7 -27 45 -12 -24 24 , 19 -45 27 12 -21 3 , -11 -2 -7 1 3 -18 , 39 36 -36 0 7 -29 , 0.0057070265223720046 , 6
3.140891893538837 , -35 -46 -7 -38 -45 -11 , 41 -17 17 0 8 25 , 12 -7 -2 1 11 -5 , 1 -19 19 0 -15 4 , 3 7 46 38 -4 1 , -7 27 -45 12 24 -24 , -19 45 -27 -12 21 -3 , 11 2 7 -1 -3 18 , 39 36 -36 0 7 -29 , 0.0057070265223720046 , 7
3.140891893538837 , -35 -46 -7 -38 -45 -11 , 41 -17 17 0 8 25 , -11 18 -3 -12 7 2 , 1 -19 19 0 -15 4 , 3 7 46 38 -4 1 , 19 -3 21 7 -27 45 , 12 -21 3 -7 24 -24 , 1 3 -18 12 5 -11 , 39 36 -36 0 7 -29 , 0.0057070265223720064 , 8
3.140891893538837 , -35 -46 -7 -38 -45 -11 , 41 -17 17 0 8 25 , 11 -18 3 12 -7 -2 , 1 -19 19 0 -15 4 , 3 7 46 38 -4 1 , -19 3 -21 -7 27 -45 , -12 21 -3 7 -24 24 , -1 -3 18 -12 -5 11 , 39 36 -36 0 7 -29 , 0.0057070265223720064 , 9
3.140891893538837 , -35 -46 -7 -38 -45 -11 , 1 -19 19 0 -15 4 , 24 -24 -12 45 -27 7 , 41 -17 17 0 8 25 , 3 7 46 38 -4 1 , 5 -11 -1 2 7 -12 , 3 1 11 -2 -11 18 , -21 12 24 -45 19 -3 , 39 36 -36 0 7 -29 , 0.005707026522372035 , 10
3.140891893538837 , -35 -46 -7 -38 -45 -11 , 1 -19 19 0 -15 4 , -24 24 12 -45 27 -7 , 41 -17 17 0 8 25 , 3 7 46 38 -4 1 , -5 11 1 -2 -7 12 , -3 -1 -11 2 11 -18 , 21 -12 -24 45 -19 3 , 39 36 -36 0 7 -29 , 0.005707026522372035 , 11
3.140891893538837 , -35 -46 -7 -38 -45 -11 , 1 -19 19 0 -15 4 , -24 -12 21 -27 7 -24 , 41 -17 17 0 8 25 , 3 7 46 38 -4 1 , -11 -1 -3 7 -12 -5 , -18 3 1 -7 -2 -11 , 3 -21 12 27 -45 19 , 39 36 -36 0 7 -29 , 0.0057070265223720367 , 12
3.140891893538837 , -35 -46 -7 -38 -45 -11 , 1 -19 19 0 -15 4 , 24 12 -21 27 -7 24 , 41 -17 17 0 8 25 , 3 7 46 38 -4 1 , 11 1 3 -7 12 5 , 18 -3 -1 7 2 11 , -3 21 -12 -27 45 -19 , 39 36 -36 0 7 -29 , 0.0057070265223720367 , 13
3.140891893538837 , -35 -46 -7 -38 -45 -11 , 41 -17 17 0 8 25 , 2 11 -18 5 12 -7 , 1 -19 19 0 -15 4 , 3 7 46 38 -4 1 , 45 -19 3 24 -7 27 , 21 -3 19 -24 24 12 , -3 18 -11 -5 11 1 , 39 36 -36 0 7 -29 , 0.0057070265223720506 , 14
3.140891893538837 , -35 -46 -7 -38 -45 -11 , 41 -17 17 0 8 25 , -2 -11 18 -5 -12 7 , 1 -19 19 0 -15 4 , 3 7 46 38 -4 1 , -45 19 -3 -24 7 -27 , -21 3 -19 24 -24 -12 , 3 -18 11 5 -11 -1 , 39 36 -36 0 7 -29 , 0.0057070265223720506 , 15
3.140891893538837 , -35 -46 -7 -38 -45 -11 , 1 -19 19 0 -15 4 , 7 -24 24 19 -45 27 , 41 -17 17 0 8 25 , 3 7 46 38 -4 1 , -12 -5 11 -11 -2 -7 , -1 -11 5 11 -18 3 , -12 -24 24 -19 3 -21 , 39 36 -36 0 7 -29 , 0.0057070265223720515 , 16
3.140891893538837 , -35 -46 -7 -38 -45 -11 , 1 -19 19 0 -15 4 , -7 24 -24 -19 45 -27 , 41 -17 17 0 8 25 , 3 7 46 38 -4 1 , 12 5 -11 11 2 7 , 1 11 -5 -11 18 -3 , 12 24 -24 19 -3 21 , 39 36 -36 0 7 -29 , 0.0057070265223720515 , 17
3.140891893538837 , -35 -46 -7 -38 -45 -11 , 41 -17 17 0 8 25 , 7 2 11 -11 5 12 , 1 -19 19 0 -15 4 , 3 7 46 38 -4 1 , -27 45 -19 -24 24 -7 , -3 19 -45 24 12 -21 , 18 -11 -2 11 1 3 , 39 36 -36 0 7 -29 , 0.0057070265223720575 , 18
3.140891893538837 , -35 -46 -7 -38 -45 -11 , 41 -17 17 0 8 25 , -7 -2 -11 11 -5 -12 , 1 -19 19 0 -15 4 , 3 7 46 38 -4 1 , 27 -45 19 24 -24 7 , 3 -19 45 -24 -12 21 , -18 11 2 -11 -1 -3 , 39 36 -36 0 7 -29 , 0.0057070265223720575 , 19
3.140891893538837 , -35 -46 -7 -38 -45 -11 , 1 -19 19 0 -15 4 , -12 21 -3 7 -24 24 , 41 -17 17 0 8 25 , 3 7 46 38 -4 1 , -1 -3 18 -12 -5 11 , 11 -18 3 12 -7 -2 , -19 3 -21 -7 27 -45 , 39 36 -36 0 7 -29 , 0.0057070265223720671 , 20
3.140891893538837 , -35 -46 -7 -38 -45 -11 , 1 -19 19 0 -15 4 , 12 -21 3 -7 24 -24 , 41 -17 17 0 8 25 , 3 7 46 38 -4 1 , 1 3 -18 12 5 -11 , -11 18 -3 -12 7 2 , 19 -3 21 7 -27 45 , 39 36 -36 0 7 -29 , 0.0057070265223720671 , 21
3.140891893538837 , -35 -46 -7 -38 -45 -11 , 41 -17 17 0 8 25 , -11 5 12 -18 3 1 , 1 -19 19 0 -15 4 , 3 7 46 38 -4 1 , -24 24 -7 3 -21 12 , -27 7 -24 -3 19 -45 , 7 -12 -5 18 -11 -2 , 39 36 -36 0 7 -29 , 0.0057070265223720827 , 22
3.140891893538837 , -35 -46 -7 -38 -45 -11 , 41 -17 17 0 8 25 , 11 -5 -12 18 -3 -1 , 1 -19 19 0 -15 4 , 3 7 46 38 -4 1 , 24 -24 7 -3 21 -12 , 27 -7 24 3 -19 45 , -7 12 5 -18 11 2 , 39 36 -36 0 7 -29 , 0.0057070265223720827 , 23
3.140891893538837 , -35 -46 -7 -38 -45 -11 , 41 -17 17 0 8 25 , -1 -11 5 11 -18 3 , 1 -19 19 0 -15 4 , 3 7 46 38 -4 1 , -12 -24 24 -19 3 -21 , 7 -24 24 19 -45 27 , -12 -5 11 -11 -2 -7 , 39 36 -36 0 7 -29 , 0.0057070265223721009 , 24
3.140891893538837 , -35 -46 -7 -38 -45 -11 , 41 -17 17 0 8 25 , 1 11 -5 -11 18 -3 , 1 -19 19 0 -15 4 , 3 7 46 38 -4 1 , 12 24 -24 19 -3 21 , -7 24 -24 -19 45 -27 , 12 5 -11 11 2 7 , 39 36 -36 0 7 -29 , 0.0057070265223721009 , 25
3.140891893538837 , -35 -46 -7 -38 -45 -11 , 1 -19 19 0 -15 4 , -27 7 -24 -3 19 -45 , 41 -17 17 0 8 25 , 3 7 46 38 -4 1 , 7 -12 -5 18 -11 -2 , -11 5 12 -18 3 1 , -24 24 -7 3 -21 12 , 39 36 -36 0 7 -29 , 0.0057070265223721755 , 26
3.140891893538837 , -35 -46 -7 -38 -45 -11 , 1 -19 19 0 -15 4 , 27 -7 24 3 -19 45 , 41 -17 17 0 8 25 , 3 7 46 38 -4 1 , -7 12 5 -18 11 2 , 11 -5 -12 18 -3 -1 , 24 -24 7 -3 21 -12 , 39 36 -36 0 7 -29 , 0.0057070265223721755 , 27
3.140891893538837 , -35 -46 -7 -38 -45 -11 , 41 -17 17 0 8 25 , -3 -1 -11 2 11 -18 , 1 -19 19 0 -15 4 , 3 7 46 38 -4 1 , 21 -12 -24 45 -19 3 , -24 24 12 -45 27 -7 , -5 11 1 -2 -7 12 , 39 36 -36 0 7 -29 , 0.0057070265223722345 , 28
3.140891893538837 , -35 -46 -7 -38 -45 -11 , 41 -17 17 0 8 25 , 3 1 11 -2 -11 18 , 1 -19 19 0 -15 4 , 3 7 46 38 -4 1 , -21 12 24 -45 19 -3 , 24 -24 -12 45 -27 7 , 5 -11 -1 2 7 -12 , 39 36 -36 0 7 -29 , 0.0057070265223722345 , 29
3.140891893538837 , -35 -46 -7 -38 -45 -11 , 1 -19 19 0 -15 4 , -19 45 -27 -12 21 -3 , 41 -17 17 0 8 25 , 3 7 46 38 -4 1 , 11 2 7 -1 -3 18 , 12 -7 -2 1 11 -5 , -7 27 -45 12 24 -24 , 39 36 -36 0 7 -29 , 0.0057070265223722362 , 30
3.140891893538837 , -35 -46 -7 -38 -45 -11 , 1 -19 19 0 -15 4 , 19 -45 27 12 -21 3 , 41 -17 17 0 8 25 , 3 7 46 38 -4 1 , -11 -2 -7 1 3 -18 , -12 7 2 -1 -11 5 , 7 -27 45 -12 -24 24 , 39 36 -36 0 7 -29 , 0.0057070265223722362 , 31
3.140891893538837 , -35 -46 -7 -38 -45 -11 , 41 -17 17 0 8 25 , 18 -3 -1 7 2 11 , 1 -19 19 0 -15 4 , 3 7 46 38 -4 1 , -3 21 -12 -27 45 -19 , 24 12 -21 27 -7 24 , 11 1 3 -7 12 5 , 39 36 -36 0 7 -29 , 0.0057070265223722414 , 32
3.140891893538837 , -35 -46 -7 -38 -45 -11 , 41 -17 17 0 8 25 , -18 3 1 -7 -2 -11 , 1 -19 19 0 -15 4 , 3 7 46 38 -4 1 , 3 -21 12 27 -45 19 , -24 -12 21 -27 7 -24 , -11 -1 -3 7 -12 -5 , 39 36 -36 0 7 -29 , 0.0057070265223722414 , 33
3.140891893538837 , -35 -46 -7 -38 -45 -11 , 1 -19 19 0 -15 4 , -45 27 -7 -21 3 -19 , 41 -17 17 0 8 25 , 3 7 46 38 -4 1 , -2 -7 12 3 -18 11 , -5 -12 7 -3 -1 -11 , -24 7 -27 21 -12 -24 , 39 36 -36 0 7 -29 , 0.0057070265223723568 , 34
3.140891893538837 , -35 -46 -7 -38 -45 -11 , 1 -19 19 0 -15 4 , 45 -27 7 21 -3 19 , 41 -17 17 0 8 25 , 3 7 46 38 -4 1 , 2 7 -12 -3 18 -11 , 5 12 -7 3 1 11 , 24 -7 27 -21 12 24 , 39 36 -36 0 7 -29 , 0.0057070265223723568 , 35
3.140891893538837 , -17 -10 -43 -38 -6 -8 , 2 -37 37 0 -29 8 , -36 18 3 -17 -7 -7 , 40 1 -1 0 22 21 , 21 43 10 38 35 4 , -14 21 -28 8 7 -14 , -22 28 -21 -8 14 -14 , -19 -3 -18 17 -10 -25 , 39 36 -36 0 7 -29 , 0.0059166543316496742 , 36
3.140891893538837 , -17 -10 -43 -38 -6 -8 , 2 -37 37 0 -29 8 , 36 -18 -3 17 7 7 , 40 1 -1 0 22 21 , 21 43 10 38 35 4 , 14 -21 28 -8 -7 14 , 22 -28 21 8 -14 14 , 19 3 18 -17 10 25 , 39 36 -36 0 7 -29 , 0.0059166543316496742 , 37
3.140891893538837 , -17 -10 -43 -38 -6 -8 , 40 1 -1 0 22 21 , -7 -8 14 -21 14 -14 , 2 -37 37 0 -29 8 , 21 43 10 38 35 4 , 7 17 -10 -18 36 -7 , 25 10 -17 18 3 19 , 14 -14 8 21 -28 22 , 39 36 -36 0 7 -29 , 0.0059166543316496751 , 38
3.140891893538837 , -17 -10 -43 -38 -6 -8 , 40 1 -1 0 22 21 , 7 8 -14 21 -14 14 , 2 -37 37 0 -29 8 , 21 43 10 38 35 4 , -7 -17 10 18 -36 7 , -25 -10 17 -18 -3 -19 , -14 14 -8 -21 28 -22 , 39 36 -36 0 7 -29 , 0.0059166543316496751 , 39
3.140891893538837 , -17 -10 -43 -38 -6 -8 , 2 -37 37 0 -29 8 , -18 -3 -19 7 7 -36 , 40 1 -1 0 22 21 , 21 43 10 38 35 4 , -21 28 -22 -7 14 -14 , -14 22 -28 7 8 -14 , -25 19 3 -7 -17 10 , 39 36 -36 0 7 -29 , 0.0059166543316497167 , 40
3.140891893538837 , -17 -10 -43 -38 -6 -8 , 2 -37 37 0 -29 8 , 18 3 19 -7 -7 36 , 40 1 -1 0 22 21 , 21 43 10 38 35 4 , 21 -28 22 7 -14 14 , 14 -22 28 -7 -8 14 , 25 -19 -3 7 17 -10 , 39 36 -36 0 7 -29 , 0.0059166543316497167 , 41
3.140891893538837 , -17 -10 -43 -38 -6 -8 , 40 1 -1 0 22 21 , 14 -14 22 -14 7 8 , 2 -37 37 0 -29 8 , 21 43 10 38 35 4 , -10 -25 19 -7 -7 -17 , -3 -19 25 7 -36 18 , 28 -22 14 14 -14 21 , 39 36 -36 0 7 -29 , 0.0059166543316497592 , 42
3.140891893538837 , -17 -10 -43 -38 -6 -8 , 40 1 -1 0 22 21 , -14 14 -22 14 -7 -8 , 2 -37 37 0 -29 8 , 21 43 10 38 35 4 , 10 25 -19 7 7 17 , 3 19 -25 -7 36 -18 , -28 22 -14 -14 14 -21 , 39 36 -36 0 7 -29 , 0.0059166543316497592 , 43
3.140891893538837 , -17 -10 -43 -38 -6 -8 , 2 -37 37 0 -29 8 , -3 -19 25 7 -36 18 , 40 1 -1 0 22 21 , 21 43 10 38 35 4 , 28 -22 14 14 -14 21 , 14 -14 22 -14 7 8 , -10 -25 19 -7 -7 -17 , 39 36 -36 0 7 -29 , 0.0059166543316498017 , 44
3.140891893538837 , -17 -10 -43 -38 -6 -8 , 2 -37 37 0 -29 8 , 3 19 -25 -7 36 -18 , 40 1 -1 0 22 21 , 21 43 10 38 35 4 , -28 22 -14 -14 14 -21 , -14 14 -22 14 -7 -8 , 10 25 -19 7 7 17 , 39 36 -36 0 7 -29 , 0.0059166543316498017 , 45
3.140891893538837 , -17 -10 -43 -38 -6 -8 , 40 1 -1 0 22 21 , -21 14 -14 -14 22 -28 , 2 -37 37 0 -29 8 , 21 43 10 38 35 4 , -18 36 -7 -25 19 3 , 7 7 -36 25 10 -17 , -7 14 -14 14 -14 8 , 39 36 -36 0 7 -29 , 0.0059166543316498451 , 46
3.140891893538837 , -17 -10 -43 -38 -6 -8 , 40 1 -1 0 22 21 , 21 -14 14 14 -22 28 , 2 -37 37 0 -29 8 , 21 43 10 38 35 4 , 18 -36 7 25 -19 -3 , -7 -7 36 -25 -10 17 , 7 -14 14 -14 14 -8 , 39 36 -36 0 7 -29 , 0.0059166543316498451 , 47
3.140891893538837 , -17 -10 -43 -38 -6 -8 , 2 -37 37 0 -29 8 , -25 -10 17 -18 -3 -19 , 40 1 -1 0 22 21 , 21 43 10 38 35 4 , -14 14 -8 -21 28 -22 , 7 8 -14 21 -14 14 , -7 -17 10 18 -36 7 , 39 36 -36 0 7 -29 , 0.0059166543316498451 , 48
3.140891893538837 , -17 -10 -43 -38 -6 -8 , 2 -37 37 0 -29 8 , -7 36 -18 -10 17 7 , 40 1 -1 0 22 21 , 21 43 10 38 35 4 , -14 14 -21 14 -8 -7 , -28 21 -14 -14 14 -22 , 3 18 -36 10 25 -19 , 39 36 -36 0 7 -29 , 0.0059166543316498451 , 49
3.140891893538837 , -17 -10 -43 -38 -6 -8 , 2 -37 37 0 -29 8 , 7 -36 18 10 -17 -7 , 40 1 -1 0 22 21 , 21 43 10 38 35 4 , 14 -14 21 -14 8 7 , 28 -21 14 14 -14 22 , -3 -18 36 -10 -25 19 , 39 36 -36 0 7 -29 , 0.0059166543316498451 , 50
3.140891893538837 , -17 -10 -43 -38 -6 -8 , 2 -37 37 0 -29 8 , 25 10 -17 18 3 19 , 40 1 -1 0 22 21 , 21 43 10 38 35 4 , 14 -14 8 21 -28 22 , -7 -8 14 -21 14 -14 , 7 17 -10 -18 36 -7 , 39 36 -36 0 7 -29 , 0.0059166543316498451 , 51
3.140891893538837 , -17 -10 -43 -38 -6 -8 , 40 1 -1 0 22 21 , -8 14 -14 14 -14 7 , 2 -37 37 0 -29 8 , 21 43 10 38 35 4 , 17 -10 -25 36 -7 -7 , -19 25 10 -36 18 3 , -22 14 -14 -14 21 -28 , 39 36 -36 0 7 -29 , 0.005916654331649846 , 52
3.140891893538837 , -17 -10 -43 -38 -6 -8 , 40 1 -1 0 22 21 , 8 -14 14 -14 14 -7 , 2 -37 37 0 -29 8 , 21 43 10 38 35 4 , -17 10 25 -36 7 7 , 19 -25 -10 36 -18 -3 , 22 -14 14 14 -21 28 , 39 36 -36 0 7 -29 , 0.005916654331649846 , 53
3.140891893538837 , -17 -10 -43 -38 -6 -8 , 40 1 -1 0 22 21 , -14 7 8 -28 21 -14 , 2 -37 37 0 -29 8 , 21 43 10 38 35 4 , -7 -7 -17 3 18 -36 , -10 17 7 -3 -19 25 , 14 -8 -7 28 -22 14 , 39 36 -36 0 7 -29 , 0.0059166543316498893 , 54
3.140891893538837 , -17 -10 -43 -38 -6 -8 , 40 1 -1 0 22 21 , 14 -7 -8 28 -21 14 , 2 -37 37 0 -29 8 , 21 43 10 38 35 4 , 7 7 17 -3 -18 36 , 10 -17 -7 3 19 -25 , -14 8 7 -28 22 -14 , 39 36 -36 0 7 -29 , 0.0059166543316498893 , 55
3.140891893538837 , -17 -10 -43 -38 -6 -8 , 2 -37 37 0 -29 8 , -10 17 7 -3 -19 25 , 40 1 -1 0 22 21 , 21 43 10 38 35 4 , 14 -8 -7 28 -22 14 , -14 7 8 -28 21 -14 , -7 -7 -17 3 18 -36 , 39 36 -36 0 7 -29 , 0.0059166543316498893 , 56
3.140891893538837 , -17 -10 -43 -38 -6 -8 , 2 -37 37 0 -29 8 , 10 -17 -7 3 19 -25 , 40 1 -1 0 22 21 , 21 43 10 38 35 4 , -14 8 7 -28 22 -14 , 14 -7 -8 28 -21 14 , 7 7 17 -3 -18 36 , 39 36 -36 0 7 -29 , 0.0059166543316498893 , 57
3.140891893538837 , -17 -10 -43 -38 -6 -8 , 2 -37 37 0 -29 8 , -17 -7 -7 19 -25 -10 , 40 1 -1 0 22 21 , 21 43 10 38 35 4 , 8 7 -14 22 -14 14 , -14 14 -7 -22 28 -21 , -36 7 7 -19 -3 -18 , 39 36 -36 0 7 -29 , 0.005916654331649931 , 58
3.140891893538837 , -17 -10 -43 -38 -6 -8 , 2 -37 37 0 -29 8 , 17 7 7 -19 25 10 , 40 1 -1 0 22 21 , 21 43 10 38 35 4 , -8 -7 14 -22 14 -14 , 14 -14 7 22 -28 21 , 36 -7 -7 19 3 18 , 39 36 -36 0 7 -29 , 0.005916654331649931 , 59
3.140891893538837 , -17 -10 -43 -38 -6 -8 , 40 1 -1 0 22 21 , -22 28 -21 -8 14 -14 , 2 -37 37 0 -29 8 , 21 43 10 38 35 4 , -19 -3 -18 17 -10 -25 , -36 18 3 -17 -7 -7 , -14 21 -28 8 7 -14 , 39 36 -36 0 7 -29 , 0.0059166543316499735 , 60
3.140891893538837 , -17 -10 -43 -38 -6 -8 , 40 1 -1 0 22 21 , 22 -28 21 8 -14 14 , 2 -37 37 0 -29 8 , 21 43 10 38 35 4 , 19 3 18 -17 10 25 , 36 -18 -3 17 7 7 , 14 -21 28 -8 -7 14 , 39 36 -36 0 7 -29 , 0.0059166543316499735 , 61
3.140891893538837 , -17 -10 -43 -38 -6 -8 , 2 -37 37 0 -29 8 , -7 -7 36 -25 -10 17 , 40 1 -1 0 22 21 , 21 43 10 38 35 4 , 7 -14 14 -14 14 -8 , 21 -14 14 14 -22 28 , 18 -36 7 25 -19 -3 , 39 36 -36 0 7 -29 , 0.0059166543316499743 , 62
3.140891893538837 , -17 -10 -43 -38 -6 -8 , 2 -37 37 0 -29 8 , 7 7 -36 25 10 -17 , 40 1 -1 0 22 21 , 21 43 10 38 35 4 , -7 14 -14 14 -14 8 , -21 14 -14 -14 22 -28 , -18 36 -7 -25 19 3 , 39 36 -36 0 7 -29 , 0.0059166543316499743 , 63
3.140891893538837 , -17 -10 -43 -38 -6 -8 , 2 -37 37 0 -29 8 , 19 -25 -10 36 -18 -3 , 40 1 -1 0 22 21 , 21 43 10 38 35 4 , 22 -14 14 14 -21 28 , 8 -14 14 -14 14 -7 , -17 10 25 -36 7 7 , 39 36 -36 0 7 -29 , 0.0059166543316501027 , 64
3.140891893538837 , -17 -10 -43 -38 -6 -8 , 2 -37 37 0 -29 8 , -19 25 10 -36 18 3 , 40 1 -1 0 22 21 , 21 43 10 38 35 4 , -22 14 -14 -14 21 -28 , -8 14 -14 14 -14 7 , 17 -10 -25 36 -7 -7 , 39 36 -36 0 7 -29 , 0.0059166543316501027 , 65
3.140891893538837 , -17 -10 -43 -38 -6 -8 , 40 1 -1 0 22 21 , -14 22 -28 7 8 -14 , 2 -37 37 0 -29 8 , 21 43 10 38 35 4 , -25 19 3 -7 -17 10 , -18 -3 -19 7 7 -36 , -21 28 -22 -7 14 -14 , 39 36 -36 0 7 -29 , 0.0059166543316501036 , 66
3.140891893538837 , -17 -10 -43 -38 -6 -8 , 40 1 -1 0 22 21 , 14 -22 28 -7 -8 14 , 2 -37 37 0 -29 8 , 21 43 10 38 35 4 , 25 -19 -3 7 17 -10 , 18 3 19 -7 -7 36 , 21 -28 22 7 -14 14 , 39 36 -36 0 7 -29 , 0.0059166543316501036 , 67
3.140891893538837 , -17 -10 -43 -38 -6 -8 , 40 1 -1 0 22 21 , 28 -21 14 14 -14 22 , 2 -37 37 0 -29 8 , 21 43 10 38 35 4 , -3 -18 36 -10 -25 19 , 7 -36 18 10 -17 -7 , 14 -14 21 -14 8 7 , 39 36 -36 0 7 -29 , 0.0059166543316501886 , 68
3.140891893538837 , -17 -10 -43 -38 -6 -8 , 40 1 -1 0 22 21 , -28 21 -14 -14 14 -22 , 2 -37 37 0 -29 8 , 21 43 10 38 35 4 , 3 18 -36 10 25 -19 , -7 36 -18 -10 17 7 , -14 14 -21 14 -8 -7 , 39 36 -36 0 7 -29 , 0.0059166543316501886 , 69
3.140891893538837 , -17 -10 -43 -38 -6 -8 , 40 1 -1 0 22 21 , 14 -14 7 22 -28 21 , 2 -37 37 0 -29 8 , 21 43 10 38 35 4 , 36 -7 -7 19 3 18 , 17 7 7 -19 25 10 , -8 -7 14 -22 14 -14 , 39 36 -36 0 7 -29 , 0.0059166543316504028 , 70
3.140891893538837 , -17 -10 -43 -38 -6 -8 , 40 1 -1 0 22 21 , -14 14 -7 -22 28 -21 , 2 -37 37 0 -29 8 , 21 43 10 38 35 4 , -36 7 7 -19 -3 -18 , -17 -7 -7 19 -25 -10 , 8 7 -14 22 -14 14 , 39 36 -36 0 7 -29 , 0.0059166543316504028 , 71
3.140891893538837 , -20 -29 -18 -31 -42 10 , 2 -37 37 0 -29 8 , -17 -7 -7 19 -25 -10 , 40 1 -1 0 22 21 , 11 18 29 31 28 -13 , -21 14 -14 -14 22 -28 , -7 14 -14 14 -14 8 , -36 7 7 -19 -3 -18 , 39 36 -36 0 7 -29 , 0.0068775892227938536 , 72
3.140891893538837 , -20 -29 -18 -31 -42 10 , 2 -37 37 0 -29 8 , 17 7 7 -19 25 10 , 40 1 -1 0 22 21 , 11 18 29 31 28 -13 , 21 -14 14 14 -22 28 , 7 -14 14 -14 14 -8 , 36 -7 -7 19 3 18 , 39 36 -36 0 7 -29 , 0.0068775892227938536 , 73
3.140891893538837 , -20 -29 -18 -31 -42 10 , 40 1 -1 0 22 21 , 14 -14 8 21 -28 22 , 2 -37 37 0 -29 8 , 11 18 29 31 28 -13 , -19 -3 -18 17 -10 -25 , -36 18 3 -17 -7 -7 , -7 -8 14 -21 14 -14 , 39 36 -36 0 7 -29 , 0.0068775892227939178 , 74
3.140891893538837 , -20 -29 -18 -31 -42 10 , 40 1 -1 0 22 21 , -14 14 -8 -21 28 -22 , 2 -37 37 0 -29 8 , 11 18 29 31 28 -13 , 19 3 18 -17 10 25 , 36 -18 -3 17 7 7 , 7 8 -14 21 -14 14 , 39 36 -36 0 7 -29 , 0.0068775892227939178 , 75
3.140891893538837 , -20 -29 -18 -31 -42 10 , 2 -37 37 0 -29 8 , -36 18 3 -17 -7 -7 , 40 1 -1 0 22 21 , 11 18 29 31 28 -13 , -7 -8 14 -21 14 -14 , 14 -14 8 21 -28 22 , -19 -3 -18 17 -10 -25 , 39 36 -36 0 7 -29 , 0.0068775892227940219 , 76
3.140891893538837 , -20 -29 -18 -31 -42 10 , 2 -37 37 0 -29 8 , 36 -18 -3 17 7 7 , 40 1 -1 0 22 21 , 11 18 29 31 28 -13 , 7 8 -14 21 -14 14 , -14 14 -8 -21 28 -22 , 19 3 18 -17 10 25 , 39 36 -36 0 7 -29 , 0.0068775892227940219 , 77
3.140891893538837 , -20 -29 -18 -31 -42 10 , 40 1 -1 0 22 21 , -28 22 -14 -14 14 -21 , 2 -37 37 0 -29 8 , 11 18 29 31 28 -13 , -10 -25 19 -7 -7 -17 , -3 -19 25 7 -36 18 , -14 14 -22 14 -7 -8 , 39 36 -36 0 7 -29 , 0.0068775892227940357 , 78
3.140891893538837 , -20 -29 -18 -31 -42 10 , 40 1 -1 0 22 21 , 28 -22 14 14 -14 21 , 2 -37 37 0 -29 8 , 11 18 29 31 28 -13 , 10 25 -19 7 7 17 , 3 19 -25 -7 36 -18 , 14 -14 22 -14 7 8 , 39 36 -36 0 7 -29 , 0.0068775892227940357 , 79
3.140891893538837 , -20 -29 -18 -31 -42 10 , 2 -37 37 0 -29 8 , -10 17 7 -3 -19 25 , 40 1 -1 0 22 21 , 11 18 29 31 28 -13 , -28 21 -14 -14 14 -22 , -14 14 -21 14 -8 -7 , -7 -7 -17 3 18 -36 , 39 36 -36 0 7 -29 , 0.0068775892227941312 , 80
3.140891893538837 , -20 -29 -18 -31 -42 10 , 2 -37 37 0 -29 8 , 10 -17 -7 3 19 -25 , 40 1 -1 0 22 21 , 11 18 29 31 28 -13 , 28 -21 14 14 -14 22 , 14 -14 21 -14 8 7 , 7 7 17 -3 -18 36 , 39 36 -36 0 7 -29 , 0.0068775892227941312 , 81
3.140891893538837 , -20 -29 -18 -31 -42 10 , 2 -37 37 0 -29 8 , -7 -7 36 -25 -10 17 , 40 1 -1 0 22 21 , 11 18 29 31 28 -13 , 14 -14 7 22 -28 21 , -8 -7 14 -22 14 -14 , 18 -36 7 25 -19 -3 , 39 36 -36 0 7 -29 , 0.0068775892227941346 , 82
3.140891893538837 , -20 -29 -18 -31 -42 10 , 2 -37 37 0 -29 8 , 7 7 -36 25 10 -17 , 40 1 -1 0 22 21 , 11 18 29 31 28 -13 , -14 14 -7 -22 28 -21 , 8 7 -14 22 -14 14 , -18 36 -7 -25 19 3 , 39 36 -36 0 7 -29 , 0.0068775892227941346 , 83
3.140891893538837 , -20 -29 -18 -31 -42 10 , 40 1 -1 0 22 21 , -14 21 -28 8 7 -14 , 2 -37 37 0 -29 8 , 11 18 29 31 28 -13 , 7 17 -10 -18 36 -7 , 25 10 -17 18 3 19 , -22 28 -21 -8 14 -14 , 39 36 -36 0 7 -29 , 0.0068775892227941364 , 84
3.140891893538837 , -20 -29 -18 -31 -42 10 , 40 1 -1 0 22 21 , 14 -21 28 -8 -7 14 , 2 -37 37 0 -29 8 , 11 18 29 31 28 -13 , -7 -17 10 18 -36 7 , -25 -10 17 -18 -3 -19 , 22 -28 21 8 -14 14 , 39 36 -36 0 7 -29 , 0.0068775892227941364 , 85
3.140891893538837 , -20 -29 -18 -31 -42 10 , 40 1 -1 0 22 21 , 21 -28 22 7 -14 14 , 2 -37 37 0 -29 8 , 11 18 29 31 28 -13 , 17 -10 -25 36 -7 -7 , -19 25 10 -36 18 3 , 14 -22 28 -7 -8 14 , 39 36 -36 0 7 -29 , 0.0068775892227941433 , 86
3.140891893538837 , -20 -29 -18 -31 -42 10 , 40 1 -1 0 22 21 , -21 28 -22 -7 14 -14 , 2 -37 37 0 -29 8 , 11 18 29 31 28 -13 , -17 10 25 -36 7 7 , 19 -25 -10 36 -18 -3 , -14 22 -28 7 8 -14 , 39 36 -36 0 7 -29 , 0.0068775892227941433 , 87
3.140891893538837 , -20 -29 -18 -31 -42 10 , 40 1 -1 0 22 21 , 22 -14 14 14 -21 28 , 2 -37 37 0 -29 8 , 11 18 29 31 28 -13 , -25 19 3 -7 -17 10 , -18 -3 -19 7 7 -36 , 8 -14 14 -14 14 -7 , 39 36 -36 0 7 -29 , 0.0068775892227941789 , 88
3.140891893538837 , -20 -29 -18 -31 -42 10 , 40 1 -1 0 22 21 , -22 14 -14 -14 21 -28 , 2 -37 37 0 -29 8 , 11 18 29 31 28 -13 , 25 -19 -3 7 17 -10 , 18 3 19 -7 -7 36 , -8 14 -14 14 -14 7 , 39 36 -36 0 7 -29 , 0.0068775892227941789 , 89
3.140891893538837 , -20 -29 -18 -31 -42 10 , 2 -37 37 0 -29 8 , -18 -3 -19 7 7 -36 , 40 1 -1 0 22 21 , 11 18 29 31 28 -13 , 8 -14 14 -14 14 -7 , 22 -14 14 14 -21 28 , -25 19 3 -7 -17 10 , 39 36 -36 0 7 -29 , 0.0068775892227941849 , 90
3.140891893538837 , -20 -29 -18 -31 -42 10 , 2 -37 37 0 -29 8 , 18 3 19 -7 -7 36 , 40 1 -1 0 22 21 , 11 18 29 31 28 -13 , -8 14 -14 14 -14 7 , -22 14 -14 -14 21 -28 , 25 -19 -3 7 17 -10 , 39 36 -36 0 7 -29 , 0.0068775892227941849 , 91
3.140891893538837 , -20 -29 -18 -31 -42 10 , 40 1 -1 0 22 21 , -14 14 -21 14 -8 -7 , 2 -37 37 0 -29 8 , 11 18 29 31 28 -13 , -7 -7 -17 3 18 -36 , -10 17 7 -3 -19 25 , -28 21 -14 -14 14 -22 , 39 36 -36 0 7 -29 , 0.0068775892227942127 , 92
3.140891893538837 , -20 -29 -18 -31 -42 10 , 40 1 -1 0 22 21 , 14 -14 21 -14 8 7 , 2 -37 37 0 -29 8 , 11 18 29 31 28 -13 , 7 7 17 -3 -18 36 , 10 -17 -7 3 19 -25 , 28 -21 14 14 -14 22 , 39 36 -36 0 7 -29 , 0.0068775892227942127 , 93
3.140891893538837 , -20 -29 -18 -31 -42 10 , 40 1 -1 0 22 21 , 8 7 -14 22 -14 14 , 2 -37 37 0 -29 8 , 11 18 29 31 28 -13 , -18 36 -7 -25 19 3 , 7 7 -36 25 10 -17 , -14 14 -7 -22 28 -21 , 39 36 -36 0 7 -29 , 0.0068775892227942656 , 94
3.140891893538837 , -20 -29 -18 -31 -42 10 , 40 1 -1 0 22 21 , -8 -7 14 -22 14 -14 , 2 -37 37 0 -29 8 , 11 18 29 31 28 -13 , 18 -36 7 25 -19 -3 , -7 -7 36 -25 -10 17 , 14 -14 7 22 -28 21 , 39 36 -36 0 7 -29 , 0.0068775892227942656 , 95
3.140891893538837 , -20 -29 -18 -31 -42 10 , 2 -37 37 0 -29 8 , -7 36 -18 -10 17 7 , 40 1 -1 0 22 21 , 11 18 29 31 28 -13 , -14 7 8 -28 21 -14 , 14 -8 -7 28 -22 14 , 3 18 -36 10 25 -19 , 39 36 -36 0 7 -29 , 0.0068775892227942743 , 96
3.140891893538837 , -20 -29 -18 -31 -42 10 , 2 -37 37 0 -29 8 , 7 -36 18 10 -17 -7 , 40 1 -1 0 22 21 , 11 18 29 31 28 -13 , 14 -7 -8 28 -21 14 , -14 8 7 -28 22 -14 , -3 -18 36 -10 -25 19 , 39 36 -36 0 7 -29 , 0.0068775892227942743 , 97
3.140891893538837 , -20 -29 -18 -31 -42 10 , 2 -37 37 0 -29 8 , -3 -19 25 7 -36 18 , 40 1 -1 0 22 21 , 11 18 29 31 28 -13 , -14 14 -22 14 -7 -8 , -28 22 -14 -14 14 -21 , -10 -25 19 -7 -7 -17 , 39 36 -36 0 7 -29 , 0.0068775892227943116 , 98
3.140891893538837 , -20 -29 -18 -31 -42 10 , 2 -37 37 0 -29 8 , 3 19 -25 -7 36 -18 , 40 1 -1 0 22 21 , 11 18 29 31 28 -13 , 14 -14 22 -14 7 8 , 28 -22 14 14 -14 21 , 10 25 -19 7 7 17 , 39 36 -36 0 7 -29 , 0.0068775892227943116 , 99
