#f=14
# columns: theta, 3^f*Mij (3x3 6-element-groups), frob, rank
4.918317828235826e-05 , 380976 1485383 -1064917 -1233028 191088 -3205404 , 2176261 510309 -510309 0 1573972 1063663 , -668940 586823 -454860 -750815 1094969 -1013012 , 1653304 1008854 -1008854 0 1702130 693276 , 1614004 1064917 -1485383 1233028 -2140487 -1294295 , -607056 987016 -1637321 416285 719983 -1085441 , -1023341 1637321 -987016 -416285 551880 -267033 , 81875 454860 -586823 750815 -558152 508146 , 953404 -1519163 1519163 0 -3276102 -1756939 , 3.5591845510009836e-10 , 0
4.918317828235826e-05 , 380976 1485383 -1064917 -1233028 191088 -3205404 , 2176261 510309 -510309 0 1573972 1063663 , 668940 -586823 454860 750815 -1094969 1013012 , 1653304 1008854 -1008854 0 1702130 693276 , 1614004 1064917 -1485383 1233028 -2140487 -1294295 , 607056 -987016 1637321 -416285 -719983 1085441 , 1023341 -1637321 987016 416285 -551880 267033 , -81875 -454860 586823 -750815 558152 -508146 , 953404 -1519163 1519163 0 -3276102 -1756939 , 3.5591845510009836e-10 , 1
4.918317828235826e-05 , 380976 1485383 -1064917 -1233028 191088 -3205404 , 1653304 1008854 -1008854 0 1702130 693276 , -1637321 987016 -607056 -551880 267033 -1023341 , 2176261 510309 -510309 0 1573972 1063663 , 1614004 1064917 -1485383 1233028 -2140487 -1294295 , -454860 586823 -668940 558152 -508146 81875 , -1013012 668940 -586823 -558152 750815 -1094969 , -1085441 607056 -987016 551880 -416285 -719983 , 953404 -1519163 1519163 0 -3276102 -1756939 , 3.5591845510310459e-10 , 2
4.918317828235826e-05 , 380976 1485383 -1064917 -1233028 191088 -3205404 , 1653304 1008854 -1008854 0 1702130 693276 , 1637321 -987016 607056 551880 -267033 1023341 , 2176261 510309 -510309 0 1573972 1063663 , 1614004 1064917 -1485383 1233028 -2140487 -1294295 , 454860 -586823 668940 -558152 508146 -81875 , 1013012 -668940 586823 558152 -750815 1094969 , 1085441 -607056 987016 -551880 416285 719983 , 953404 -1519163 1519163 0 -3276102 -1756939 , 3.5591845510310459e-10 , 3
4.918317828235826e-05 , 380976 1485383 -1064917 -1233028 191088 -3205404 , 2176261 510309 -510309 0 1573972 1063663 , -558152 750815 -1094969 454860 81875 -508146 , 1653304 1008854 -1008854 0 1702130 693276 , 1614004 1064917 -1485383 1233028 -2140487 -1294295 , 551880 -416285 -719983 1637321 -1023341 267033 , -1085441 719983 416285 -1637321 987016 -607056 , -1013012 1094969 -750815 -454860 586823 -668940 , 953404 -1519163 1519163 0 -3276102 -1756939 , 3.5591845510348489e-10 , 4
4.918317828235826e-05 , 380976 1485383 -1064917 -1233028 191088 -3205404 , 2176261 510309 -510309 0 1573972 1063663 , 558152 -750815 1094969 -454860 -81875 508146 , 1653304 1008854 -1008854 0 1702130 693276 , 1614004 1064917 -1485383 1233028 -2140487 -1294295 , -551880 416285 719983 -1637321 1023341 -267033 , 1085441 -719983 -416285 1637321 -987016 607056 , 1013012 -1094969 750815 454860 -586823 668940 , 953404 -1519163 1519163 0 -3276102 -1756939 , 3.5591845510348489e-10 , 5
4.918317828235826e-05 , 380976 1485383 -1064917 -1233028 191088 -3205404 , 1653304 1008854 -1008854 0 1702130 693276 , -1085441 719983 416285 -1637321 987016 -607056 , 2176261 510309 -510309 0 1573972 1063663 , 1614004 1064917 -1485383 1233028 -2140487 -1294295 , -1013012 1094969 -750815 -454860 586823 -668940 , -558152 750815 -1094969 454860 81875 -508146 , 551880 -416285 -719983 1637321 -1023341 267033 , 953404 -1519163 1519163 0 -3276102 -1756939 , 3.5591845511245494e-10 , 6
4.918317828235826e-05 , 380976 1485383 -1064917 -1233028 191088 -3205404 , 1653304 1008854 -1008854 0 1702130 693276 , 1085441 -719983 -416285 1637321 -987016 607056 , 2176261 510309 -510309 0 1573972 1063663 , 1614004 1064917 -1485383 1233028 -2140487 -1294295 , 1013012 -1094969 750815 454860 -586823 668940 , 558152 -750815 1094969 -454860 -81875 508146 , -551880 416285 719983 -1637321 1023341 -267033 , 953404 -1519163 1519163 0 -3276102 -1756939 , 3.5591845511245494e-10 , 7
4.918317828235826e-05 , 380976 1485383 -1064917 -1233028 191088 -3205404 , 1653304 1008854 -1008854 0 1702130 693276 , -1023341 1637321 -987016 -416285 551880 -267033 , 2176261 510309 -510309 0 1573972 1063663 , 1614004 1064917 -1485383 1233028 -2140487 -1294295 , 81875 454860 -586823 750815 -558152 508146 , -668940 586823 -454860 -750815 1094969 -1013012 , -607056 987016 -1637321 416285 719983 -1085441 , 953404 -1519163 1519163 0 -3276102 -1756939 , 3.5591845511353813e-10 , 8
4.918317828235826e-05 , 380976 1485383 -1064917 -1233028 191088 -3205404 , 1653304 1008854 -1008854 0 1702130 693276 , 1023341 -1637321 987016 416285 -551880 267033 , 2176261 510309 -510309 0 1573972 1063663 , 1614004 1064917 -1485383 1233028 -2140487 -1294295 , -81875 -454860 586823 -750815 558152 -508146 , 668940 -586823 454860 750815 -1094969 1013012 , 607056 -987016 1637321 -416285 -719983 1085441 , 953404 -1519163 1519163 0 -3276102 -1756939 , 3.5591845511353813e-10 , 9
4.918317828235826e-05 , 380976 1485383 -1064917 -1233028 191088 -3205404 , 2176261 510309 -510309 0 1573972 1063663 , -454860 -81875 508146 -1013012 668940 -586823 , 1653304 1008854 -1008854 0 1702130 693276 , 1614004 1064917 -1485383 1233028 -2140487 -1294295 , -1637321 1023341 -267033 -1085441 607056 -987016 , -551880 267033 -1023341 1085441 -719983 -416285 , 558152 -508146 81875 1013012 -1094969 750815 , 953404 -1519163 1519163 0 -3276102 -1756939 , 3.5591845511730826e-10 , 10
4.918317828235826e-05 , 380976 1485383 -1064917 -1233028 191088 -3205404 , 2176261 510309 -510309 0 1573972 1063663 , 454860 81875 -508146 1013012 -668940 586823 , 1653304 1008854 -1008854 0 1702130 693276 , 1614004 1064917 -1485383 1233028 -2140487 -1294295 , 1637321 -1023341 267033 1085441 -607056 987016 , 551880 -267033 1023341 -1085441 719983 416285 , -558152 508146 -81875 -1013012 1094969 -750815 , 953404 -1519163 1519163 0 -3276102 -1756939 , 3.5591845511730826e-10 , 11
4.918317828235826e-05 , 380976 1485383 -1064917 -1233028 191088 -3205404 , 1653304 1008854 -1008854 0 1702130 693276 , 607056 -1085441 719983 1023341 -1637321 987016 , 2176261 510309 -510309 0 1573972 1063663 , 1614004 1064917 -1485383 1233028 -2140487 -1294295 , 668940 -1013012 1094969 -81875 -454860 586823 , 750815 -1094969 1013012 81875 -508146 558152 , -416285 -719983 1085441 -1023341 267033 -551880 , 953404 -1519163 1519163 0 -3276102 -1756939 , 3.5591845511734678e-10 , 12
4.918317828235826e-05 , 380976 1485383 -1064917 -1233028 191088 -3205404 , 1653304 1008854 -1008854 0 1702130 693276 , -607056 1085441 -719983 -1023341 1637321 -987016 , 2176261 510309 -510309 0 1573972 1063663 , 1614004 1064917 -1485383 1233028 -2140487 -1294295 , -668940 1013012 -1094969 81875 454860 -586823 , -750815 1094969 -1013012 -81875 508146 -558152 , 416285 719983 -1085441 1023341 -267033 551880 , 953404 -1519163 1519163 0 -3276102 -1756939 , 3.5591845511734678e-10 , 13
4.918317828235826e-05 , 380976 1485383 -1064917 -1233028 191088 -3205404 , 2176261 510309 -510309 0 1573972 1063663 , -81875 508146 -558152 668940 -586823 454860 , 1653304 1008854 -1008854 0 1702130 693276 , 1614004 1064917 -1485383 1233028 -2140487 -1294295 , 1023341 -267033 551880 607056 -987016 1637321 , 416285 -551880 267033 -607056 1085441 -719983 , -750815 558152 -508146 -668940 1013012 -1094969 , 953404 -1519163 1519163 0 -3276102 -1756939 , 3.5591845511744878e-10 , 14
4.918317828235826e-05 , 380976 1485383 -1064917 -1233028 191088 -3205404 , 2176261 510309 -510309 0 1573972 1063663 , 81875 -508146 558152 -668940 586823 -454860 , 1653304 1008854 -1008854 0 1702130 693276 , 1614004 1064917 -1485383 1233028 -2140487 -1294295 , -1023341 267033 -551880 -607056 987016 -1637321 , -416285 551880 -267033 607056 -1085441 719983 , 750815 -558152 508146 668940 -1013012 1094969 , 953404 -1519163 1519163 0 -3276102 -1756939 , 3.5591845511744878e-10 , 15
4.918317828235826e-05 , 380976 1485383 -1064917 -1233028 191088 -3205404 , 2176261 510309 -510309 0 1573972 1063663 , 1094969 -1013012 668940 508146 -558152 750815 , 1653304 1008854 -1008854 0 1702130 693276 , 1614004 1064917 -1485383 1233028 -2140487 -1294295 , 719983 -1085441 607056 -267033 551880 -416285 , 987016 -607056 1085441 267033 -1023341 1637321 , 586823 -668940 1013012 -508146 81875 454860 , 953404 -1519163 1519163 0 -3276102 -1756939 , 3.5591845511880624e-10 , 16
4.918317828235826e-05 , 380976 1485383 -1064917 -1233028 191088 -3205404 , 2176261 510309 -510309 0 1573972 1063663 , -1094969 1013012 -668940 -508146 558152 -750815 , 1653304 1008854 -1008854 0 1702130 693276 , 1614004 1064917 -1485383 1233028 -2140487 -1294295 , -719983 1085441 -607056 267033 -551880 416285 , -987016 607056 -1085441 -267033 1023341 -1637321 , -586823 668940 -1013012 508146 -81875 -454860 , 953404 -1519163 1519163 0 -3276102 -1756939 , 3.5591845511880624e-10 , 17
4.918317828235826e-05 , 380976 1485383 -1064917 -1233028 191088 -3205404 , 2176261 510309 -510309 0 1573972 1063663 , -1013012 668940 -586823 -558152 750815 -1094969 , 1653304 1008854 -1008854 0 1702130 693276 , 1614004 1064917 -1485383 1233028 -2140487 -1294295 , -1085441 607056 -987016 551880 -416285 -719983 , -1637321 987016 -607056 -551880 267033 -1023341 , -454860 586823 -668940 558152 -508146 81875 , 953404 -1519163 1519163 0 -3276102 -1756939 , 3.5591845512196834e-10 , 18
4.918317828235826e-05 , 380976 1485383 -1064917 -1233028 191088 -3205404 , 2176261 510309 -510309 0 1573972 1063663 , 1013012 -668940 586823 558152 -750815 1094969 , 1653304 1008854 -1008854 0 1702130 693276 , 1614004 1064917 -1485383 1233028 -2140487 -1294295 , 1085441 -607056 987016 -551880 416285 719983 , 1637321 -987016 607056 551880 -267033 1023341 , 454860 -586823 668940 -558152 508146 -81875 , 953404 -1519163 1519163 0 -3276102 -1756939 , 3.5591845512196834e-10 , 19
4.918317828235826e-05 , 380976 1485383 -1064917 -1233028 191088 -3205404 , 1653304 1008854 -1008854 0 1702130 693276 , -719983 -416285 551880 -987016 607056 -1085441 , 2176261 510309 -510309 0 1573972 1063663 , 1614004 1064917 -1485383 1233028 -2140487 -1294295 , -1094969 750815 -558152 -586823 668940 -1013012 , -508146 558152 -750815 586823 -454860 -81875 , 267033 -551880 416285 987016 -1637321 1023341 , 953404 -1519163 1519163 0 -3276102 -1756939 , 3.5591845512198897e-10 , 20
4.918317828235826e-05 , 380976 1485383 -1064917 -1233028 191088 -3205404 , 1653304 1008854 -1008854 0 1702130 693276 , 719983 416285 -551880 987016 -607056 1085441 , 2176261 510309 -510309 0 1573972 1063663 , 1614004 1064917 -1485383 1233028 -2140487 -1294295 , 1094969 -750815 558152 586823 -668940 1013012 , 508146 -558152 750815 -586823 454860 81875 , -267033 551880 -416285 -987016 1637321 -1023341 , 953404 -1519163 1519163 0 -3276102 -1756939 , 3.5591845512198897e-10 , 21
4.918317828235826e-05 , 380976 1485383 -1064917 -1233028 191088 -3205404 , 1653304 1008854 -1008854 0 1702130 693276 , -416285 551880 -267033 607056 -1085441 719983 , 2176261 510309 -510309 0 1573972 1063663 , 1614004 1064917 -1485383 1233028 -2140487 -1294295 , 750815 -558152 508146 668940 -1013012 1094969 , 81875 -508146 558152 -668940 586823 -454860 , -1023341 267033 -551880 -607056 987016 -1637321 , 953404 -1519163 1519163 0 -3276102 -1756939 , 3.5591845512202841e-10 , 22
4.918317828235826e-05 , 380976 1485383 -1064917 -1233028 191088 -3205404 , 1653304 1008854 -1008854 0 1702130 693276 , 416285 -551880 267033 -607056 1085441 -719983 , 2176261 510309 -510309 0 1573972 1063663 , 1614004 1064917 -1485383 1233028 -2140487 -1294295 , -750815 558152 -508146 -668940 1013012 -1094969 , -81875 508146 -558152 668940 -586823 454860 , 1023341 -267033 551880 607056 -987016 1637321 , 953404 -1519163 1519163 0 -3276102 -1756939 , 3.5591845512202841e-10 , 23
4.918317828235826e-05 , 380976 1485383 -1064917 -1233028 191088 -3205404 , 1653304 1008854 -1008854 0 1702130 693276 , -987016 607056 -1085441 -267033 1023341 -1637321 , 2176261 510309 -510309 0 1573972 1063663 , 1614004 1064917 -1485383 1233028 -2140487 -1294295 , -586823 668940 -1013012 508146 -81875 -454860 , -1094969 1013012 -668940 -508146 558152 -750815 , -719983 1085441 -607056 267033 -551880 416285 , 953404 -1519163 1519163 0 -3276102 -1756939 , 3.5591845512239599e-10 , 24
4.918317828235826e-05 , 380976 1485383 -1064917 -1233028 191088 -3205404 , 1653304 1008854 -1008854 0 1702130 693276 , 987016 -607056 1085441 267033 -1023341 1637321 , 2176261 510309 -510309 0 1573972 1063663 , 1614004 1064917 -1485383 1233028 -2140487 -1294295 , 586823 -668940 1013012 -508146 81875 454860 , 1094969 -1013012 668940 508146 -558152 750815 , 719983 -1085441 607056 -267033 551880 -416285 , 953404 -1519163 1519163 0 -3276102 -1756939 , 3.5591845512239599e-10 , 25
4.918317828235826e-05 , 380976 1485383 -1064917 -1233028 191088 -3205404 , 2176261 510309 -510309 0 1573972 1063663 , -508146 558152 -750815 586823 -454860 -81875 , 1653304 1008854 -1008854 0 1702130 693276 , 1614004 1064917 -1485383 1233028 -2140487 -1294295 , 267033 -551880 416285 987016 -1637321 1023341 , -719983 -416285 551880 -987016 607056 -1085441 , -1094969 750815 -558152 -586823 668940 -1013012 , 953404 -1519163 1519163 0 -3276102 -1756939 , 3.5591845512258966e-10 , 26
4.918317828235826e-05 , 380976 1485383 -1064917 -1233028 191088 -3205404 , 2176261 510309 -510309 0 1573972 1063663 , 508146 -558152 750815 -586823 454860 81875 , 1653304 1008854 -1008854 0 1702130 693276 , 1614004 1064917 -1485383 1233028 -2140487 -1294295 , -267033 551880 -416285 -987016 1637321 -1023341 , 719983 416285 -551880 987016 -607056 1085441 , 1094969 -750815 558152 586823 -668940 1013012 , 953404 -1519163 1519163 0 -3276102 -1756939 , 3.5591845512258966e-10 , 27
4.918317828235826e-05 , 380976 1485383 -1064917 -1233028 191088 -3205404 , 1653304 1008854 -1008854 0 1702130 693276 , 551880 -267033 1023341 -1085441 719983 416285 , 2176261 510309 -510309 0 1573972 1063663 , 1614004 1064917 -1485383 1233028 -2140487 -1294295 , -558152 508146 -81875 -1013012 1094969 -750815 , 454860 81875 -508146 1013012 -668940 586823 , 1637321 -1023341 267033 1085441 -607056 987016 , 953404 -1519163 1519163 0 -3276102 -1756939 , 3.5591845512283243e-10 , 28
4.918317828235826e-05 , 380976 1485383 -1064917 -1233028 191088 -3205404 , 1653304 1008854 -1008854 0 1702130 693276 , -551880 267033 -1023341 1085441 -719983 -416285 , 2176261 510309 -510309 0 1573972 1063663 , 1614004 1064917 -1485383 1233028 -2140487 -1294295 , 558152 -508146 81875 1013012 -1094969 750815 , -454860 -81875 508146 -1013012 668940 -586823 , -1637321 1023341 -267033 -1085441 607056 -987016 , 953404 -1519163 1519163 0 -3276102 -1756939 , 3.5591845512283243e-10 , 29
4.918317828235826e-05 , 380976 1485383 -1064917 -1233028 191088 -3205404 , 2176261 510309 -510309 0 1573972 1063663 , -750815 1094969 -1013012 -81875 508146 -558152 , 1653304 1008854 -1008854 0 1702130 693276 , 1614004 1064917 -1485383 1233028 -2140487 -1294295 , 416285 719983 -1085441 1023341 -267033 551880 , -607056 1085441 -719983 -1023341 1637321 -987016 , -668940 1013012 -1094969 81875 454860 -586823 , 953404 -1519163 1519163 0 -3276102 -1756939 , 3.5591845512628281e-10 , 30
4.918317828235826e-05 , 380976 1485383 -1064917 -1233028 191088 -3205404 , 2176261 510309 -510309 0 1573972 1063663 , 750815 -1094969 1013012 81875 -508146 558152 , 1653304 1008854 -1008854 0 1702130 693276 , 1614004 1064917 -1485383 1233028 -2140487 -1294295 , -416285 -719983 1085441 -1023341 267033 -551880 , 607056 -1085441 719983 1023341 -1637321 987016 , 668940 -1013012 1094969 -81875 -454860 586823 , 953404 -1519163 1519163 0 -3276102 -1756939 , 3.5591845512628281e-10 , 31
4.918317828235826e-05 , 380976 1485383 -1064917 -1233028 191088 -3205404 , 1653304 1008854 -1008854 0 1702130 693276 , -267033 1023341 -1637321 719983 416285 -551880 , 2176261 510309 -510309 0 1573972 1063663 , 1614004 1064917 -1485383 1233028 -2140487 -1294295 , 508146 -81875 -454860 1094969 -750815 558152 , -586823 454860 81875 -1094969 1013012 -668940 , -987016 1637321 -1023341 -719983 1085441 -607056 , 953404 -1519163 1519163 0 -3276102 -1756939 , 3.5591845512848368e-10 , 32
4.918317828235826e-05 , 380976 1485383 -1064917 -1233028 191088 -3205404 , 1653304 1008854 -1008854 0 1702130 693276 , 267033 -1023341 1637321 -719983 -416285 551880 , 2176261 510309 -510309 0 1573972 1063663 , 1614004 1064917 -1485383 1233028 -2140487 -1294295 , -508146 81875 454860 -1094969 750815 -558152 , 586823 -454860 -81875 1094969 -1013012 668940 , 987016 -1637321 1023341 719983 -1085441 607056 , 953404 -1519163 1519163 0 -3276102 -1756939 , 3.5591845512848368e-10 , 33
4.918317828235826e-05 , 380976 1485383 -1064917 -1233028 191088 -3205404 , 2176261 510309 -510309 0 1573972 1063663 , 586823 -454860 -81875 1094969 -1013012 668940 , 1653304 1008854 -1008854 0 1702130 693276 , 1614004 1064917 -1485383 1233028 -2140487 -1294295 , 987016 -1637321 1023341 719983 -1085441 607056 , 267033 -1023341 1637321 -719983 -416285 551880 , -508146 81875 454860 -1094969 750815 -558152 , 953404 -1519163 1519163 0 -3276102 -1756939 , 3.5591845514072166e-10 , 34
4.918317828235826e-05 , 380976 1485383 -1064917 -1233028 191088 -3205404 , 2176261 510309 -510309 0 1573972 1063663 , -586823 454860 81875 -1094969 1013012 -668940 , 1653304 1008854 -1008854 0 1702130 693276 , 1614004 1064917 -1485383 1233028 -2140487 -1294295 , -987016 1637321 -1023341 -719983 1085441 -607056 , -267033 1023341 -1637321 719983 416285 -551880 , 508146 -81875 -454860 1094969 -750815 558152 , 953404 -1519163 1519163 0 -3276102 -1756939 , 3.5591845514072166e-10 , 35
0.11013015883550713 , 812134 837997 -504983 -1549266 114273 -2918061 , 2022283 674201 -674201 0 1625648 951447 , 75704 590863 -707498 764972 -492906 517371 , 1807282 844962 -844962 0 1650454 805492 , 2361400 504983 -837997 1549266 -2413078 -723724 , 704547 -1310980 1142076 572182 -1342909 930547 , 132365 -1142076 1310980 -572182 -211529 -31929 , -689268 707498 -590863 -764972 1224869 -1083769 , 953404 -1519163 1519163 0 -3276102 -1756939 , 3.5591846062002343e-10 , 0
0.11013015883550713 , 812134 837997 -504983 -1549266 114273 -2918061 , 2022283 674201 -674201 0 1625648 951447 , -75704 -590863 707498 -764972 492906 -517371 , 1807282 844962 -844962 0 1650454 805492 , 2361400 504983 -837997 1549266 -2413078 -723724 , -704547 1310980 -1142076 -572182 1342909 -930547 , -132365 1142076 -1310980 572182 211529 31929 , 689268 -707498 590863 764972 -1224869 1083769 , 953404 -1519163 1519163 0 -3276102 -1756939 , 3.5591846062002343e-10 , 1
0.11013015883550713 , 812134 837997 -504983 -1549266 114273 -2918061 , 1807282 844962 -844962 0 1650454 805492 , -1310980 704547 -930547 31929 132365 -1142076 , 2022283 674201 -674201 0 1625648 951447 , 2361400 504983 -837997 1549266 -2413078 -723724 , 590863 75704 -517371 1083769 -689268 707498 , -492906 517371 -75704 -1083769 1224869 -764972 , -1342909 930547 -704547 -31929 -211529 -572182 , 953404 -1519163 1519163 0 -3276102 -1756939 , 3.5591846063280569e-10 , 2
0.11013015883550713 , 812134 837997 -504983 -1549266 114273 -2918061 , 1807282 844962 -844962 0 1650454 805492 , 1310980 -704547 930547 -31929 -132365 1142076 , 2022283 674201 -674201 0 1625648 951447 , 2361400 504983 -837997 1549266 -2413078 -723724 , -590863 -75704 517371 -1083769 689268 -707498 , 492906 -517371 75704 1083769 -1224869 764972 , 1342909 -930547 704547 31929 211529 572182 , 953404 -1519163 1519163 0 -3276102 -1756939 , 3.5591846063280569e-10 , 3
0.11013015883550713 , 812134 837997 -504983 -1549266 114273 -2918061 , 2022283 674201 -674201 0 1625648 951447 , 1083769 -1224869 764972 590863 -707498 689268 , 1807282 844962 -844962 0 1650454 805492 , 2361400 504983 -837997 1549266 -2413078 -723724 , 31929 211529 572182 -1310980 1142076 -132365 , 1342909 -572182 -211529 1310980 -704547 930547 , 492906 -764972 1224869 -590863 -75704 517371 , 953404 -1519163 1519163 0 -3276102 -1756939 , 3.5591846064762132e-10 , 4
0.11013015883550713 , 812134 837997 -504983 -1549266 114273 -2918061 , 2022283 674201 -674201 0 1625648 951447 , -1083769 1224869 -764972 -590863 707498 -689268 , 1807282 844962 -844962 0 1650454 805492 , 2361400 504983 -837997 1549266 -2413078 -723724 , -31929 -211529 -572182 1310980 -1142076 132365 , -1342909 572182 211529 -1310980 704547 -930547 , -492906 764972 -1224869 590863 75704 -517371 , 953404 -1519163 1519163 0 -3276102 -1756939 , 3.5591846064762132e-10 , 5
0.11013015883550713 , 812134 837997 -504983 -1549266 114273 -2918061 , 1807282 844962 -844962 0 1650454 805492 , -1342909 572182 211529 -1310980 704547 -930547 , 2022283 674201 -674201 0 1625648 951447 , 2361400 504983 -837997 1549266 -2413078 -723724 , -492906 764972 -1224869 590863 75704 -517371 , -1083769 1224869 -764972 -590863 707498 -689268 , -31929 -211529 -572182 1310980 -1142076 132365 , 953404 -1519163 1519163 0 -3276102 -1756939 , 3.5591846066182277e-10 , 6
0.11013015883550713 , 812134 837997 -504983 -1549266 114273 -2918061 , 1807282 844962 -844962 0 1650454 805492 , 1342909 -572182 -211529 1310980 -704547 930547 , 2022283 674201 -674201 0 1625648 951447 , 2361400 504983 -837997 1549266 -2413078 -723724 , 492906 -764972 1224869 -590863 -75704 517371 , 1083769 -1224869 764972 590863 -707498 689268 , 31929 211529 572182 -1310980 1142076 -132365 , 953404 -1519163 1519163 0 -3276102 -1756939 , 3.5591846066182277e-10 , 7
0.11013015883550713 , 812134 837997 -504983 -1549266 114273 -2918061 , 2022283 674201 -674201 0 1625648 951447 , 492906 -517371 75704 1083769 -1224869 764972 , 1807282 844962 -844962 0 1650454 805492 , 2361400 504983 -837997 1549266 -2413078 -723724 , 1342909 -930547 704547 31929 211529 572182 , 1310980 -704547 930547 -31929 -132365 1142076 , -590863 -75704 517371 -1083769 689268 -707498 , 953404 -1519163 1519163 0 -3276102 -1756939 , 3.5591846069065839e-10 , 8
0.11013015883550713 , 812134 837997 -504983 -1549266 114273 -2918061 , 2022283 674201 -674201 0 1625648 951447 , -492906 517371 -75704 -1083769 1224869 -764972 , 1807282 844962 -844962 0 1650454 805492 , 2361400 504983 -837997 1549266 -2413078 -723724 , -1342909 930547 -704547 -31929 -211529 -572182 , -1310980 704547 -930547 31929 132365 -1142076 , 590863 75704 -517371 1083769 -689268 707498 , 953404 -1519163 1519163 0 -3276102 -1756939 , 3.5591846069065839e-10 , 9
0.11013015883550713 , 812134 837997 -504983 -1549266 114273 -2918061 , 1807282 844962 -844962 0 1650454 805492 , -132365 1142076 -1310980 572182 211529 31929 , 2022283 674201 -674201 0 1625648 951447 , 2361400 504983 -837997 1549266 -2413078 -723724 , 689268 -707498 590863 764972 -1224869 1083769 , -75704 -590863 707498 -764972 492906 -517371 , -704547 1310980 -1142076 -572182 1342909 -930547 , 953404 -1519163 1519163 0 -3276102 -1756939 , 3.5591846069112461e-10 , 10
0.11013015883550713 , 812134 837997 -504983 -1549266 114273 -2918061 , 1807282 844962 -844962 0 1650454 805492 , 132365 -1142076 1310980 -572182 -211529 -31929 , 2022283 674201 -674201 0 1625648 951447 , 2361400 504983 -837997 1549266 -2413078 -723724 , -689268 707498 -590863 -764972 1224869 -1083769 , 75704 590863 -707498 764972 -492906 517371 , 704547 -1310980 1142076 572182 -1342909 930547 , 953404 -1519163 1519163 0 -3276102 -1756939 , 3.5591846069112461e-10 , 11
0.11013015883550713 , 812134 837997 -504983 -1549266 114273 -2918061 , 2022283 674201 -674201 0 1625648 951447 , -1224869 764972 -492906 -707498 689268 -1083769 , 1807282 844962 -844962 0 1650454 805492 , 2361400 504983 -837997 1549266 -2413078 -723724 , 211529 572182 -1342909 1142076 -132365 -31929 , -930547 1342909 -572182 -1142076 1310980 -704547 , -517371 492906 -764972 707498 -590863 -75704 , 953404 -1519163 1519163 0 -3276102 -1756939 , 3.5591846069190268e-10 , 12
0.11013015883550713 , 812134 837997 -504983 -1549266 114273 -2918061 , 2022283 674201 -674201 0 1625648 951447 , 1224869 -764972 492906 707498 -689268 1083769 , 1807282 844962 -844962 0 1650454 805492 , 2361400 504983 -837997 1549266 -2413078 -723724 , -211529 -572182 1342909 -1142076 132365 31929 , 930547 -1342909 572182 1142076 -1310980 704547 , 517371 -492906 764972 -707498 590863 75704 , 953404 -1519163 1519163 0 -3276102 -1756939 , 3.5591846069190268e-10 , 13
0.11013015883550713 , 812134 837997 -504983 -1549266 114273 -2918061 , 1807282 844962 -844962 0 1650454 805492 , 1142076 -1310980 704547 211529 31929 132365 , 2022283 674201 -674201 0 1625648 951447 , 2361400 504983 -837997 1549266 -2413078 -723724 , -707498 590863 75704 -1224869 1083769 -689268 , 517371 -75704 -590863 1224869 -764972 492906 , 930547 -704547 1310980 -211529 -572182 1342909 , 953404 -1519163 1519163 0 -3276102 -1756939 , 3.5591846069190914e-10 , 14
0.11013015883550713 , 812134 837997 -504983 -1549266 114273 -2918061 , 1807282 844962 -844962 0 1650454 805492 , -1142076 1310980 -704547 -211529 -31929 -132365 , 2022283 674201 -674201 0 1625648 951447 , 2361400 504983 -837997 1549266 -2413078 -723724 , 707498 -590863 -75704 1224869 -1083769 689268 , -517371 75704 590863 -1224869 764972 -492906 , -930547 704547 -1310980 211529 572182 -1342909 , 953404 -1519163 1519163 0 -3276102 -1756939 , 3.5591846069190914e-10 , 15
0.11013015883550713 , 812134 837997 -504983 -1549266 114273 -2918061 , 1807282 844962 -844962 0 1650454 805492 , 572182 211529 31929 704547 -930547 1342909 , 2022283 674201 -674201 0 1625648 951447 , 2361400 504983 -837997 1549266 -2413078 -723724 , 764972 -1224869 1083769 75704 -517371 492906 , 689268 -1083769 1224869 -75704 -590863 707498 , -132365 -31929 -211529 -704547 1310980 -1142076 , 953404 -1519163 1519163 0 -3276102 -1756939 , 3.559184606922881e-10 , 16
0.11013015883550713 , 812134 837997 -504983 -1549266 114273 -2918061 , 1807282 844962 -844962 0 1650454 805492 , -572182 -211529 -31929 -704547 930547 -1342909 , 2022283 674201 -674201 0 1625648 951447 , 2361400 504983 -837997 1549266 -2413078 -723724 , -764972 1224869 -1083769 -75704 517371 -492906 , -689268 1083769 -1224869 75704 590863 -707498 , 132365 31929 211529 704547 -1310980 1142076 , 953404 -1519163 1519163 0 -3276102 -1756939 , 3.559184606922881e-10 , 17
0.11013015883550713 , 812134 837997 -504983 -1549266 114273 -2918061 , 2022283 674201 -674201 0 1625648 951447 , -590863 707498 -689268 492906 -517371 75704 , 1807282 844962 -844962 0 1650454 805492 , 2361400 504983 -837997 1549266 -2413078 -723724 , 1310980 -1142076 132365 1342909 -930547 704547 , -31929 -132365 1142076 -1342909 572182 211529 , -1083769 689268 -707498 -492906 764972 -1224869 , 953404 -1519163 1519163 0 -3276102 -1756939 , 3.5591846069238307e-10 , 18
0.11013015883550713 , 812134 837997 -504983 -1549266 114273 -2918061 , 2022283 674201 -674201 0 1625648 951447 , 590863 -707498 689268 -492906 517371 -75704 , 1807282 844962 -844962 0 1650454 805492 , 2361400 504983 -837997 1549266 -2413078 -723724 , -1310980 1142076 -132365 -1342909 930547 -704547 , 31929 132365 -1142076 1342909 -572182 -211529 , 1083769 -689268 707498 492906 -764972 1224869 , 953404 -1519163 1519163 0 -3276102 -1756939 , 3.5591846069238307e-10 , 19
0.11013015883550713 , 812134 837997 -504983 -1549266 114273 -2918061 , 2022283 674201 -674201 0 1625648 951447 , -707498 689268 -1083769 517371 -75704 -590863 , 1807282 844962 -844962 0 1650454 805492 , 2361400 504983 -837997 1549266 -2413078 -723724 , 1142076 -132365 -31929 930547 -704547 1310980 , 211529 31929 132365 -930547 1342909 -572182 , -1224869 1083769 -689268 -517371 492906 -764972 , 953404 -1519163 1519163 0 -3276102 -1756939 , 3.559184607059479e-10 , 20
0.11013015883550713 , 812134 837997 -504983 -1549266 114273 -2918061 , 2022283 674201 -674201 0 1625648 951447 , 707498 -689268 1083769 -517371 75704 590863 , 1807282 844962 -844962 0 1650454 805492 , 2361400 504983 -837997 1549266 -2413078 -723724 , -1142076 132365 31929 -930547 704547 -1310980 , -211529 -31929 -132365 930547 -1342909 572182 , 1224869 -1083769 689268 517371 -492906 764972 , 953404 -1519163 1519163 0 -3276102 -1756939 , 3.559184607059479e-10 , 21
0.11013015883550713 , 812134 837997 -504983 -1549266 114273 -2918061 , 2022283 674201 -674201 0 1625648 951447 , -689268 1083769 -1224869 75704 590863 -707498 , 1807282 844962 -844962 0 1650454 805492 , 2361400 504983 -837997 1549266 -2413078 -723724 , 132365 31929 211529 704547 -1310980 1142076 , -572182 -211529 -31929 -704547 930547 -1342909 , -764972 1224869 -1083769 -75704 517371 -492906 , 953404 -1519163 1519163 0 -3276102 -1756939 , 3.5591846070624155e-10 , 22
0.11013015883550713 , 812134 837997 -504983 -1549266 114273 -2918061 , 2022283 674201 -674201 0 1625648 951447 , 689268 -1083769 1224869 -75704 -590863 707498 , 1807282 844962 -844962 0 1650454 805492 , 2361400 504983 -837997 1549266 -2413078 -723724 , -132365 -31929 -211529 -704547 1310980 -1142076 , 572182 211529 31929 704547 -930547 1342909 , 764972 -1224869 1083769 75704 -517371 492906 , 953404 -1519163 1519163 0 -3276102 -1756939 , 3.5591846070624155e-10 , 23
0.11013015883550713 , 812134 837997 -504983 -1549266 114273 -2918061 , 2022283 674201 -674201 0 1625648 951447 , -517371 75704 590863 -1224869 764972 -492906 , 1807282 844962 -844962 0 1650454 805492 , 2361400 504983 -837997 1549266 -2413078 -723724 , -930547 704547 -1310980 211529 572182 -1342909 , -1142076 1310980 -704547 -211529 -31929 -132365 , 707498 -590863 -75704 1224869 -1083769 689268 , 953404 -1519163 1519163 0 -3276102 -1756939 , 3.559184607070617e-10 , 24
0.11013015883550713 , 812134 837997 -504983 -1549266 114273 -2918061 , 2022283 674201 -674201 0 1625648 951447 , 517371 -75704 -590863 1224869 -764972 492906 , 1807282 844962 -844962 0 1650454 805492 , 2361400 504983 -837997 1549266 -2413078 -723724 , 930547 -704547 1310980 -211529 -572182 1342909 , 1142076 -1310980 704547 211529 31929 132365 , -707498 590863 75704 -1224869 1083769 -689268 , 953404 -1519163 1519163 0 -3276102 -1756939 , 3.559184607070617e-10 , 25
0.11013015883550713 , 812134 837997 -504983 -1549266 114273 -2918061 , 2022283 674201 -674201 0 1625648 951447 , -764972 492906 -517371 -689268 1083769 -1224869 , 1807282 844962 -844962 0 1650454 805492 , 2361400 504983 -837997 1549266 -2413078 -723724 , -572182 1342909 -930547 132365 31929 211529 , -704547 930547 -1342909 -132365 1142076 -1310980 , -75704 517371 -492906 689268 -707498 590863 , 953404 -1519163 1519163 0 -3276102 -1756939 , 3.5591846072071018e-10 , 26
0.11013015883550713 , 812134 837997 -504983 -1549266 114273 -2918061 , 2022283 674201 -674201 0 1625648 951447 , 764972 -492906 517371 689268 -1083769 1224869 , 1807282 844962 -844962 0 1650454 805492 , 2361400 504983 -837997 1549266 -2413078 -723724 , 572182 -1342909 930547 -132365 -31929 -211529 , 704547 -930547 1342909 132365 -1142076 1310980 , 75704 -517371 492906 -689268 707498 -590863 , 953404 -1519163 1519163 0 -3276102 -1756939 , 3.5591846072071018e-10 , 27
0.11013015883550713 , 812134 837997 -504983 -1549266 114273 -2918061 , 1807282 844962 -844962 0 1650454 805492 , -704547 930547 -1342909 -132365 1142076 -1310980 , 2022283 674201 -674201 0 1625648 951447 , 2361400 504983 -837997 1549266 -2413078 -723724 , -75704 517371 -492906 689268 -707498 590863 , -764972 492906 -517371 -689268 1083769 -1224869 , -572182 1342909 -930547 132365 31929 211529 , 953404 -1519163 1519163 0 -3276102 -1756939 , 3.5591846072130342e-10 , 28
0.11013015883550713 , 812134 837997 -504983 -1549266 114273 -2918061 , 1807282 844962 -844962 0 1650454 805492 , 704547 -930547 1342909 132365 -1142076 1310980 , 2022283 674201 -674201 0 1625648 951447 , 2361400 504983 -837997 1549266 -2413078 -723724 , 75704 -517371 492906 -689268 707498 -590863 , 764972 -492906 517371 689268 -1083769 1224869 , 572182 -1342909 930547 -132365 -31929 -211529 , 953404 -1519163 1519163 0 -3276102 -1756939 , 3.5591846072130342e-10 , 29
0.11013015883550713 , 812134 837997 -504983 -1549266 114273 -2918061 , 1807282 844962 -844962 0 1650454 805492 , 211529 31929 132365 -930547 1342909 -572182 , 2022283 674201 -674201 0 1625648 951447 , 2361400 504983 -837997 1549266 -2413078 -723724 , -1224869 1083769 -689268 -517371 492906 -764972 , -707498 689268 -1083769 517371 -75704 -590863 , 1142076 -132365 -31929 930547 -704547 1310980 , 953404 -1519163 1519163 0 -3276102 -1756939 , 3.5591846072197985e-10 , 30
0.11013015883550713 , 812134 837997 -504983 -1549266 114273 -2918061 , 1807282 844962 -844962 0 1650454 805492 , -211529 -31929 -132365 930547 -1342909 572182 , 2022283 674201 -674201 0 1625648 951447 , 2361400 504983 -837997 1549266 -2413078 -723724 , 1224869 -1083769 689268 517371 -492906 764972 , 707498 -689268 1083769 -517371 75704 590863 , -1142076 132365 31929 -930547 704547 -1310980 , 953404 -1519163 1519163 0 -3276102 -1756939 , 3.5591846072197985e-10 , 31
0.11013015883550713 , 812134 837997 -504983 -1549266 114273 -2918061 , 1807282 844962 -844962 0 1650454 805492 , 31929 132365 -1142076 1342909 -572182 -211529 , 2022283 674201 -674201 0 1625648 951447 , 2361400 504983 -837997 1549266 -2413078 -723724 , 1083769 -689268 707498 492906 -764972 1224869 , 590863 -707498 689268 -492906 517371 -75704 , -1310980 1142076 -132365 -1342909 930547 -704547 , 953404 -1519163 1519163 0 -3276102 -1756939 , 3.5591846073550663e-10 , 32
0.11013015883550713 , 812134 837997 -504983 -1549266 114273 -2918061 , 1807282 844962 -844962 0 1650454 805492 , -31929 -132365 1142076 -1342909 572182 211529 , 2022283 674201 -674201 0 1625648 951447 , 2361400 504983 -837997 1549266 -2413078 -723724 , -1083769 689268 -707498 -492906 764972 -1224869 , -590863 707498 -689268 492906 -517371 75704 , 1310980 -1142076 132365 1342909 -930547 704547 , 953404 -1519163 1519163 0 -3276102 -1756939 , 3.5591846073550663e-10 , 33
0.11013015883550713 , 812134 837997 -504983 -1549266 114273 -2918061 , 1807282 844962 -844962 0 1650454 805492 , -930547 1342909 -572182 -1142076 1310980 -704547 , 2022283 674201 -674201 0 1625648 951447 , 2361400 504983 -837997 1549266 -2413078 -723724 , -517371 492906 -764972 707498 -590863 -75704 , -1224869 764972 -492906 -707498 689268 -1083769 , 211529 572182 -1342909 1142076 -132365 -31929 , 953404 -1519163 1519163 0 -3276102 -1756939 , 3.5591846074966682e-10 , 34
0.11013015883550713 , 812134 837997 -504983 -1549266 114273 -2918061 , 1807282 844962 -844962 0 1650454 805492 , 930547 -1342909 572182 1142076 -1310980 704547 , 2022283 674201 -674201 0 1625648 951447 , 2361400 504983 -837997 1549266 -2413078 -723724 , 517371 -492906 764972 -707498 590863 75704 , 1224869 -764972 492906 707498 -689268 1083769 , -211529 -572182 1342909 -1142076 132365 31929 , 953404 -1519163 1519163 0 -3276102 -1756939 , 3.5591846074966682e-10 , 35
0.2177937087402584 , 724396 1525078 -2156633 412194 -1441746 -2221746 , 2304085 309991 -309991 0 1478685 1168694 , -705868 522329 -1073859 353669 251444 -963431 , 1525480 1209172 -1209172 0 1797417 588245 , 312202 2156633 -1525078 -412194 -65113 -2966824 , -1572418 1083972 -708762 -658441 550267 -1120562 , -913977 708762 -1083972 658441 -411800 -533705 , -1059537 1073859 -522329 -353669 110428 -270885 , 953404 -1519163 1519163 0 -3276102 -1756939 , 3.5591845794589652e-10 , 0
0.2177937087402584 , 724396 1525078 -2156633 412194 -1441746 -2221746 , 2304085 309991 -309991 0 1478685 1168694 , 705868 -522329 1073859 -353669 -251444 963431 , 1525480 1209172 -1209172 0 1797417 588245 , 312202 2156633 -1525078 -412194 -65113 -2966824 , 1572418 -1083972 708762 658441 -550267 1120562 , 913977 -708762 1083972 -658441 411800 533705 , 1059537 -1073859 522329 353669 -110428 270885 , 953404 -1519163 1519163 0 -3276102 -1756939 , 3.5591845794589652e-10 , 1
0.2177937087402584 , 724396 1525078 -2156633 412194 -1441746 -2221746 , 1525480 1209172 -1209172 0 1797417 588245 , -913977 708762 -1083972 658441 -411800 -533705 , 2304085 309991 -309991 0 1478685 1168694 , 312202 2156633 -1525078 -412194 -65113 -2966824 , -1059537 1073859 -522329 -353669 110428 -270885 , -705868 522329 -1073859 353669 251444 -963431 , -1572418 1083972 -708762 -658441 550267 -1120562 , 953404 -1519163 1519163 0 -3276102 -1756939 , 3.5591845795692299e-10 , 2
0.2177937087402584 , 724396 1525078 -2156633 412194 -1441746 -2221746 , 1525480 1209172 -1209172 0 1797417 588245 , 913977 -708762 1083972 -658441 411800 533705 , 2304085 309991 -309991 0 1478685 1168694 , 312202 2156633 -1525078 -412194 -65113 -2966824 , 1059537 -1073859 522329 353669 -110428 270885 , 705868 -522329 1073859 -353669 -251444 963431 , 1572418 -1083972 708762 658441 -550267 1120562 , 953404 -1519163 1519163 0 -3276102 -1756939 , 3.5591845795692299e-10 , 3
0.2177937087402584 , 724396 1525078 -2156633 412194 -1441746 -2221746 , 2304085 309991 -309991 0 1478685 1168694 , -251444 963431 -705868 270885 -110428 353669 , 1525480 1209172 -1209172 0 1797417 588245 , 312202 2156633 -1525078 -412194 -65113 -2966824 , -550267 1120562 -1572418 533705 411800 -658441 , -1083972 1572418 -1120562 -533705 913977 -708762 , -522329 705868 -963431 -270885 1059537 -1073859 , 953404 -1519163 1519163 0 -3276102 -1756939 , 3.5591845795707959e-10 , 4
0.2177937087402584 , 724396 1525078 -2156633 412194 -1441746 -2221746 , 2304085 309991 -309991 0 1478685 1168694 , 251444 -963431 705868 -270885 110428 -353669 , 1525480 1209172 -1209172 0 1797417 588245 , 312202 2156633 -1525078 -412194 -65113 -2966824 , 550267 -1120562 1572418 -533705 -411800 658441 , 1083972 -1572418 1120562 533705 -913977 708762 , 522329 -705868 963431 270885 -1059537 1073859 , 953404 -1519163 1519163 0 -3276102 -1756939 , 3.5591845795707959e-10 , 5
0.2177937087402584 , 724396 1525078 -2156633 412194 -1441746 -2221746 , 2304085 309991 -309991 0 1478685 1168694 , 963431 -705868 522329 -110428 353669 251444 , 1525480 1209172 -1209172 0 1797417 588245 , 312202 2156633 -1525078 -412194 -65113 -2966824 , 1120562 -1572418 1083972 411800 -658441 550267 , 708762 -1083972 1572418 -411800 -533705 913977 , 1073859 -522329 705868 110428 -270885 1059537 , 953404 -1519163 1519163 0 -3276102 -1756939 , 3.5591845797840249e-10 , 6
0.2177937087402584 , 724396 1525078 -2156633 412194 -1441746 -2221746 , 2304085 309991 -309991 0 1478685 1168694 , -963431 705868 -522329 110428 -353669 -251444 , 1525480 1209172 -1209172 0 1797417 588245 , 312202 2156633 -1525078 -412194 -65113 -2966824 , -1120562 1572418 -1083972 -411800 658441 -550267 , -708762 1083972 -1572418 411800 533705 -913977 , -1073859 522329 -705868 -110428 270885 -1059537 , 953404 -1519163 1519163 0 -3276102 -1756939 , 3.5591845797840249e-10 , 7
0.2177937087402584 , 724396 1525078 -2156633 412194 -1441746 -2221746 , 2304085 309991 -309991 0 1478685 1168694 , -353669 -251444 963431 -1059537 270885 -110428 , 1525480 1209172 -1209172 0 1797417 588245 , 312202 2156633 -1525078 -412194 -65113 -2966824 , 658441 -550267 1120562 -913977 533705 411800 , 1572418 -1120562 550267 913977 -708762 1083972 , 705868 -963431 251444 1059537 -1073859 522329 , 953404 -1519163 1519163 0 -3276102 -1756939 , 3.559184579794054e-10 , 8
0.2177937087402584 , 724396 1525078 -2156633 412194 -1441746 -2221746 , 2304085 309991 -309991 0 1478685 1168694 , 353669 251444 -963431 1059537 -270885 110428 , 1525480 1209172 -1209172 0 1797417 588245 , 312202 2156633 -1525078 -412194 -65113 -2966824 , -658441 550267 -1120562 913977 -533705 -411800 , -1572418 1120562 -550267 -913977 708762 -1083972 , -705868 963431 -251444 -1059537 1073859 -522329 , 953404 -1519163 1519163 0 -3276102 -1756939 , 3.559184579794054e-10 , 9
0.2177937087402584 , 724396 1525078 -2156633 412194 -1441746 -2221746 , 2304085 309991 -309991 0 1478685 1168694 , -522329 1073859 -1059537 -251444 963431 -705868 , 1525480 1209172 -1209172 0 1797417 588245 , 312202 2156633 -1525078 -412194 -65113 -2966824 , -1083972 708762 -913977 -550267 1120562 -1572418 , -533705 913977 -708762 550267 -658441 411800 , -270885 1059537 -1073859 251444 353669 -110428 , 953404 -1519163 1519163 0 -3276102 -1756939 , 3.5591845799102656e-10 , 10
0.2177937087402584 , 724396 1525078 -2156633 412194 -1441746 -2221746 , 2304085 309991 -309991 0 1478685 1168694 , 522329 -1073859 1059537 251444 -963431 705868 , 1525480 1209172 -1209172 0 1797417 588245 , 312202 2156633 -1525078 -412194 -65113 -2966824 , 1083972 -708762 913977 550267 -1120562 1572418 , 533705 -913977 708762 -550267 658441 -411800 , 270885 -1059537 1073859 -251444 -353669 110428 , 953404 -1519163 1519163 0 -3276102 -1756939 , 3.5591845799102656e-10 , 11
0.2177937087402584 , 724396 1525078 -2156633 412194 -1441746 -2221746 , 1525480 1209172 -1209172 0 1797417 588245 , 550267 -658441 411800 1083972 -1572418 1120562 , 2304085 309991 -309991 0 1478685 1168694 , 312202 2156633 -1525078 -412194 -65113 -2966824 , 251444 353669 -110428 522329 -705868 963431 , -270885 110428 -353669 -522329 1073859 -1059537 , -533705 -411800 658441 -1083972 708762 -913977 , 953404 -1519163 1519163 0 -3276102 -1756939 , 3.5591845800020263e-10 , 12
0.2177937087402584 , 724396 1525078 -2156633 412194 -1441746 -2221746 , 1525480 1209172 -1209172 0 1797417 588245 , -550267 658441 -411800 -1083972 1572418 -1120562 , 2304085 309991 -309991 0 1478685 1168694 , 312202 2156633 -1525078 -412194 -65113 -2966824 , -251444 -353669 110428 -522329 705868 -963431 , 270885 -110428 353669 522329 -1073859 1059537 , 533705 411800 -658441 1083972 -708762 913977 , 953404 -1519163 1519163 0 -3276102 -1756939 , 3.5591845800020263e-10 , 13
0.2177937087402584 , 724396 1525078 -2156633 412194 -1441746 -2221746 , 1525480 1209172 -1209172 0 1797417 588245 , -658441 411800 533705 -1572418 1120562 -550267 , 2304085 309991 -309991 0 1478685 1168694 , 312202 2156633 -1525078 -412194 -65113 -2966824 , 353669 -110428 270885 -705868 963431 -251444 , 1059537 -270885 110428 705868 -522329 1073859 , 913977 -533705 -411800 1572418 -1083972 708762 , 953404 -1519163 1519163 0 -3276102 -1756939 , 3.559184580006217e-10 , 14
0.2177937087402584 , 724396 1525078 -2156633 412194 -1441746 -2221746 , 1525480 1209172 -1209172 0 1797417 588245 , 658441 -411800 -533705 1572418 -1120562 550267 , 2304085 309991 -309991 0 1478685 1168694 , 312202 2156633 -1525078 -412194 -65113 -2966824 , -353669 110428 -270885 705868 -963431 251444 , -1059537 270885 -110428 -705868 522329 -1073859 , -913977 533705 411800 -1572418 1083972 -708762 , 953404 -1519163 1519163 0 -3276102 -1756939 , 3.559184580006217e-10 , 15
0.2177937087402584 , 724396 1525078 -2156633 412194 -1441746 -2221746 , 1525480 1209172 -1209172 0 1797417 588245 , 411800 533705 -913977 1120562 -550267 658441 , 2304085 309991 -309991 0 1478685 1168694 , 312202 2156633 -1525078 -412194 -65113 -2966824 , -110428 270885 -1059537 963431 -251444 -353669 , -1073859 1059537 -270885 -963431 705868 -522329 , -708762 913977 -533705 -1120562 1572418 -1083972 , 953404 -1519163 1519163 0 -3276102 -1756939 , 3.5591845800174362e-10 , 16
0.2177937087402584 , 724396 1525078 -2156633 412194 -1441746 -2221746 , 1525480 1209172 -1209172 0 1797417 588245 , -411800 -533705 913977 -1120562 550267 -658441 , 2304085 309991 -309991 0 1478685 1168694 , 312202 2156633 -1525078 -412194 -65113 -2966824 , 110428 -270885 1059537 -963431 251444 353669 , 1073859 -1059537 270885 963431 -705868 522329 , 708762 -913977 533705 1120562 -1572418 1083972 , 953404 -1519163 1519163 0 -3276102 -1756939 , 3.5591845800174362e-10 , 17
0.2177937087402584 , 724396 1525078 -2156633 412194 -1441746 -2221746 , 2304085 309991 -309991 0 1478685 1168694 , -110428 353669 251444 -1073859 1059537 -270885 , 1525480 1209172 -1209172 0 1797417 588245 , 312202 2156633 -1525078 -412194 -65113 -2966824 , 411800 -658441 550267 -708762 913977 -533705 , 1120562 -550267 658441 708762 -1083972 1572418 , 963431 -251444 -353669 1073859 -522329 705868 , 953404 -1519163 1519163 0 -3276102 -1756939 , 3.5591845801192285e-10 , 18
0.2177937087402584 , 724396 1525078 -2156633 412194 -1441746 -2221746 , 2304085 309991 -309991 0 1478685 1168694 , 110428 -353669 -251444 1073859 -1059537 270885 , 1525480 1209172 -1209172 0 1797417 588245 , 312202 2156633 -1525078 -412194 -65113 -2966824 , -411800 658441 -550267 708762 -913977 533705 , -1120562 550267 -658441 -708762 1083972 -1572418 , -963431 251444 353669 -1073859 522329 -705868 , 953404 -1519163 1519163 0 -3276102 -1756939 , 3.5591845801192285e-10 , 19
0.2177937087402584 , 724396 1525078 -2156633 412194 -1441746 -2221746 , 2304085 309991 -309991 0 1478685 1168694 , 270885 -110428 353669 522329 -1073859 1059537 , 1525480 1209172 -1209172 0 1797417 588245 , 312202 2156633 -1525078 -412194 -65113 -2966824 , 533705 411800 -658441 1083972 -708762 913977 , -550267 658441 -411800 -1083972 1572418 -1120562 , -251444 -353669 110428 -522329 705868 -963431 , 953404 -1519163 1519163 0 -3276102 -1756939 , 3.5591845802251464e-10 , 20
0.2177937087402584 , 724396 1525078 -2156633 412194 -1441746 -2221746 , 2304085 309991 -309991 0 1478685 1168694 , -270885 110428 -353669 -522329 1073859 -1059537 , 1525480 1209172 -1209172 0 1797417 588245 , 312202 2156633 -1525078 -412194 -65113 -2966824 , -533705 -411800 658441 -1083972 708762 -913977 , 550267 -658441 411800 1083972 -1572418 1120562 , 251444 353669 -110428 522329 -705868 963431 , 953404 -1519163 1519163 0 -3276102 -1756939 , 3.5591845802251464e-10 , 21
0.2177937087402584 , 724396 1525078 -2156633 412194 -1441746 -2221746 , 1525480 1209172 -1209172 0 1797417 588245 , -1083972 1572418 -1120562 -533705 913977 -708762 , 2304085 309991 -309991 0 1478685 1168694 , 312202 2156633 -1525078 -412194 -65113 -2966824 , -522329 705868 -963431 -270885 1059537 -1073859 , -251444 963431 -705868 270885 -110428 353669 , -550267 1120562 -1572418 533705 411800 -658441 , 953404 -1519163 1519163 0 -3276102 -1756939 , 3.5591845802253527e-10 , 22
0.2177937087402584 , 724396 1525078 -2156633 412194 -1441746 -2221746 , 1525480 1209172 -1209172 0 1797417 588245 , 1083972 -1572418 1120562 533705 -913977 708762 , 2304085 309991 -309991 0 1478685 1168694 , 312202 2156633 -1525078 -412194 -65113 -2966824 , 522329 -705868 963431 270885 -1059537 1073859 , 251444 -963431 705868 -270885 110428 -353669 , 550267 -1120562 1572418 -533705 -411800 658441 , 953404 -1519163 1519163 0 -3276102 -1756939 , 3.5591845802253527e-10 , 23
0.2177937087402584 , 724396 1525078 -2156633 412194 -1441746 -2221746 , 1525480 1209172 -1209172 0 1797417 588245 , -1572418 1120562 -550267 -913977 708762 -1083972 , 2304085 309991 -309991 0 1478685 1168694 , 312202 2156633 -1525078 -412194 -65113 -2966824 , -705868 963431 -251444 -1059537 1073859 -522329 , 353669 251444 -963431 1059537 -270885 110428 , -658441 550267 -1120562 913977 -533705 -411800 , 953404 -1519163 1519163 0 -3276102 -1756939 , 3.5591845802338003e-10 , 24
0.2177937087402584 , 724396 1525078 -2156633 412194 -1441746 -2221746 , 1525480 1209172 -1209172 0 1797417 588245 , 1572418 -1120562 550267 913977 -708762 1083972 , 2304085 309991 -309991 0 1478685 1168694 , 312202 2156633 -1525078 -412194 -65113 -2966824 , 705868 -963431 251444 1059537 -1073859 522329 , -353669 -251444 963431 -1059537 270885 -110428 , 658441 -550267 1120562 -913977 533705 411800 , 953404 -1519163 1519163 0 -3276102 -1756939 , 3.5591845802338003e-10 , 25
0.2177937087402584 , 724396 1525078 -2156633 412194 -1441746 -2221746 , 2304085 309991 -309991 0 1478685 1168694 , -1059537 270885 -110428 -705868 522329 -1073859 , 1525480 1209172 -1209172 0 1797417 588245 , 312202 2156633 -1525078 -412194 -65113 -2966824 , -913977 533705 411800 -1572418 1083972 -708762 , 658441 -411800 -533705 1572418 -1120562 550267 , -353669 110428 -270885 705868 -963431 251444 , 953404 -1519163 1519163 0 -3276102 -1756939 , 3.5591845803358966e-10 , 26
0.2177937087402584 , 724396 1525078 -2156633 412194 -1441746 -2221746 , 2304085 309991 -309991 0 1478685 1168694 , 1059537 -270885 110428 705868 -522329 1073859 , 1525480 1209172 -1209172 0 1797417 588245 , 312202 2156633 -1525078 -412194 -65113 -2966824 , 913977 -533705 -411800 1572418 -1083972 708762 , -658441 411800 533705 -1572418 1120562 -550267 , 353669 -110428 270885 -705868 963431 -251444 , 953404 -1519163 1519163 0 -3276102 -1756939 , 3.5591845803358966e-10 , 27
0.2177937087402584 , 724396 1525078 -2156633 412194 -1441746 -2221746 , 1525480 1209172 -1209172 0 1797417 588245 , -708762 1083972 -1572418 411800 533705 -913977 , 2304085 309991 -309991 0 1478685 1168694 , 312202 2156633 -1525078 -412194 -65113 -2966824 , -1073859 522329 -705868 -110428 270885 -1059537 , -963431 705868 -522329 110428 -353669 -251444 , -1120562 1572418 -1083972 -411800 658441 -550267 , 953404 -1519163 1519163 0 -3276102 -1756939 , 3.5591845804423651e-10 , 28
0.2177937087402584 , 724396 1525078 -2156633 412194 -1441746 -2221746 , 1525480 1209172 -1209172 0 1797417 588245 , 708762 -1083972 1572418 -411800 -533705 913977 , 2304085 309991 -309991 0 1478685 1168694 , 312202 2156633 -1525078 -412194 -65113 -2966824 , 1073859 -522329 705868 110428 -270885 1059537 , 963431 -705868 522329 -110428 353669 251444 , 1120562 -1572418 1083972 411800 -658441 550267 , 953404 -1519163 1519163 0 -3276102 -1756939 , 3.5591845804423651e-10 , 29
0.2177937087402584 , 724396 1525078 -2156633 412194 -1441746 -2221746 , 1525480 1209172 -1209172 0 1797417 588245 , -533705 913977 -708762 550267 -658441 411800 , 2304085 309991 -309991 0 1478685 1168694 , 312202 2156633 -1525078 -412194 -65113 -2966824 , -270885 1059537 -1073859 251444 353669 -110428 , -522329 1073859 -1059537 -251444 963431 -705868 , -1083972 708762 -913977 -550267 1120562 -1572418 , 953404 -1519163 1519163 0 -3276102 -1756939 , 3.5591845804633119e-10 , 30
0.2177937087402584 , 724396 1525078 -2156633 412194 -1441746 -2221746 , 1525480 1209172 -1209172 0 1797417 588245 , 533705 -913977 708762 -550267 658441 -411800 , 2304085 309991 -309991 0 1478685 1168694 , 312202 2156633 -1525078 -412194 -65113 -2966824 , 270885 -1059537 1073859 -251444 -353669 110428 , 522329 -1073859 1059537 251444 -963431 705868 , 1083972 -708762 913977 550267 -1120562 1572418 , 953404 -1519163 1519163 0 -3276102 -1756939 , 3.5591845804633119e-10 , 31
0.2177937087402584 , 724396 1525078 -2156633 412194 -1441746 -2221746 , 2304085 309991 -309991 0 1478685 1168694 , 1073859 -1059537 270885 963431 -705868 522329 , 1525480 1209172 -1209172 0 1797417 588245 , 312202 2156633 -1525078 -412194 -65113 -2966824 , 708762 -913977 533705 1120562 -1572418 1083972 , -411800 -533705 913977 -1120562 550267 -658441 , 110428 -270885 1059537 -963431 251444 353669 , 953404 -1519163 1519163 0 -3276102 -1756939 , 3.559184580555862e-10 , 32
0.2177937087402584 , 724396 1525078 -2156633 412194 -1441746 -2221746 , 2304085 309991 -309991 0 1478685 1168694 , -1073859 1059537 -270885 -963431 705868 -522329 , 1525480 1209172 -1209172 0 1797417 588245 , 312202 2156633 -1525078 -412194 -65113 -2966824 , -708762 913977 -533705 -1120562 1572418 -1083972 , 411800 533705 -913977 1120562 -550267 658441 , -110428 270885 -1059537 963431 -251444 -353669 , 953404 -1519163 1519163 0 -3276102 -1756939 , 3.559184580555862e-10 , 33
0.2177937087402584 , 724396 1525078 -2156633 412194 -1441746 -2221746 , 1525480 1209172 -1209172 0 1797417 588245 , -1120562 550267 -658441 -708762 1083972 -1572418 , 2304085 309991 -309991 0 1478685 1168694 , 312202 2156633 -1525078 -412194 -65113 -2966824 , -963431 251444 353669 -1073859 522329 -705868 , 110428 -353669 -251444 1073859 -1059537 270885 , -411800 658441 -550267 708762 -913977 533705 , 953404 -1519163 1519163 0 -3276102 -1756939 , 3.5591845805631526e-10 , 34
0.2177937087402584 , 724396 1525078 -2156633 412194 -1441746 -2221746 , 1525480 1209172 -1209172 0 1797417 588245 , 1120562 -550267 658441 708762 -1083972 1572418 , 2304085 309991 -309991 0 1478685 1168694 , 312202 2156633 -1525078 -412194 -65113 -2966824 , 963431 -251444 -353669 1073859 -522329 705868 , -110428 353669 251444 -1073859 1059537 -270885 , 411800 -658441 550267 -708762 913977 -533705 , 953404 -1519163 1519163 0 -3276102 -1756939 , 3.5591845805631526e-10 , 35
0.32545210377244843 , 399171 1604073 -2331238 86495 -1276912 -2490153 , 2033080 620151 -620151 0 1587331 967180 , 628507 -900817 266568 1150062 -1307407 679222 , 1796485 899012 -899012 0 1688771 789759 , 312676 2331238 -1604073 -86495 -158915 -2880985 , 347420 -467109 245410 1012152 -1447945 943666 , -664732 -245410 467109 -1012152 698256 -980836 , -521555 -266568 900817 -1150062 412654 -406590 , 953404 -1519163 1519163 0 -3276102 -1756939 , 3.5591845524723973e-10 , 0
0.32545210377244843 , 399171 1604073 -2331238 86495 -1276912 -2490153 , 2033080 620151 -620151 0 1587331 967180 , -628507 900817 -266568 -1150062 1307407 -679222 , 1796485 899012 -899012 0 1688771 789759 , 312676 2331238 -1604073 -86495 -158915 -2880985 , -347420 467109 -245410 -1012152 1447945 -943666 , 664732 245410 -467109 1012152 -698256 980836 , 521555 266568 -900817 1150062 -412654 406590 , 953404 -1519163 1519163 0 -3276102 -1756939 , 3.5591845524723973e-10 , 1
0.32545210377244843 , 399171 1604073 -2331238 86495 -1276912 -2490153 , 2033080 620151 -620151 0 1587331 967180 , -406590 412654 -1150062 900817 -266568 -521555 , 1796485 899012 -899012 0 1688771 789759 , 312676 2331238 -1604073 -86495 -158915 -2880985 , -980836 698256 -1012152 467109 -245410 -664732 , -1447945 1012152 -698256 -467109 347420 -943666 , -1307407 1150062 -412654 -900817 628507 -679222 , 953404 -1519163 1519163 0 -3276102 -1756939 , 3.5591845525200341e-10 , 2
0.32545210377244843 , 399171 1604073 -2331238 86495 -1276912 -2490153 , 2033080 620151 -620151 0 1587331 967180 , 406590 -412654 1150062 -900817 266568 521555 , 1796485 899012 -899012 0 1688771 789759 , 312676 2331238 -1604073 -86495 -158915 -2880985 , 980836 -698256 1012152 -467109 245410 664732 , 1447945 -1012152 698256 467109 -347420 943666 , 1307407 -1150062 412654 900817 -628507 679222 , 953404 -1519163 1519163 0 -3276102 -1756939 , 3.5591845525200341e-10 , 3
0.32545210377244843 , 399171 1604073 -2331238 86495 -1276912 -2490153 , 1796485 899012 -899012 0 1688771 789759 , -347420 943666 -1447945 664732 245410 -467109 , 2033080 620151 -620151 0 1587331 967180 , 312676 2331238 -1604073 -86495 -158915 -2880985 , -628507 679222 -1307407 521555 266568 -900817 , -1150062 1307407 -679222 -521555 406590 -412654 , -1012152 1447945 -943666 -664732 980836 -698256 , 953404 -1519163 1519163 0 -3276102 -1756939 , 3.5591845525711802e-10 , 4
0.32545210377244843 , 399171 1604073 -2331238 86495 -1276912 -2490153 , 1796485 899012 -899012 0 1688771 789759 , 347420 -943666 1447945 -664732 -245410 467109 , 2033080 620151 -620151 0 1587331 967180 , 312676 2331238 -1604073 -86495 -158915 -2880985 , 628507 -679222 1307407 -521555 -266568 900817 , 1150062 -1307407 679222 521555 -406590 412654 , 1012152 -1447945 943666 664732 -980836 698256 , 953404 -1519163 1519163 0 -3276102 -1756939 , 3.5591845525711802e-10 , 5
0.32545210377244843 , 399171 1604073 -2331238 86495 -1276912 -2490153 , 1796485 899012 -899012 0 1688771 789759 , -1012152 698256 -980836 -347420 943666 -1447945 , 2033080 620151 -620151 0 1587331 967180 , 312676 2331238 -1604073 -86495 -158915 -2880985 , -1150062 412654 -406590 -628507 679222 -1307407 , -521555 406590 -412654 628507 -900817 266568 , -664732 980836 -698256 347420 -467109 245410 , 953404 -1519163 1519163 0 -3276102 -1756939 , 3.5591845525767259e-10 , 6
0.32545210377244843 , 399171 1604073 -2331238 86495 -1276912 -2490153 , 1796485 899012 -899012 0 1688771 789759 , 1012152 -698256 980836 347420 -943666 1447945 , 2033080 620151 -620151 0 1587331 967180 , 312676 2331238 -1604073 -86495 -158915 -2880985 , 1150062 -412654 406590 628507 -679222 1307407 , 521555 -406590 412654 -628507 900817 -266568 , 664732 -980836 698256 -347420 467109 -245410 , 953404 -1519163 1519163 0 -3276102 -1756939 , 3.5591845525767259e-10 , 7
0.32545210377244843 , 399171 1604073 -2331238 86495 -1276912 -2490153 , 2033080 620151 -620151 0 1587331 967180 , -900817 266568 521555 -1307407 679222 -628507 , 1796485 899012 -899012 0 1688771 789759 , 312676 2331238 -1604073 -86495 -158915 -2880985 , -467109 245410 664732 -1447945 943666 -347420 , 980836 -664732 -245410 1447945 -1012152 698256 , 406590 -521555 -266568 1307407 -1150062 412654 , 953404 -1519163 1519163 0 -3276102 -1756939 , 3.5591845525770036e-10 , 8
0.32545210377244843 , 399171 1604073 -2331238 86495 -1276912 -2490153 , 2033080 620151 -620151 0 1587331 967180 , 900817 -266568 -521555 1307407 -679222 628507 , 1796485 899012 -899012 0 1688771 789759 , 312676 2331238 -1604073 -86495 -158915 -2880985 , 467109 -245410 -664732 1447945 -943666 347420 , -980836 664732 245410 -1447945 1012152 -698256 , -406590 521555 266568 -1307407 1150062 -412654 , 953404 -1519163 1519163 0 -3276102 -1756939 , 3.5591845525770036e-10 , 9
0.32545210377244843 , 399171 1604073 -2331238 86495 -1276912 -2490153 , 1796485 899012 -899012 0 1688771 789759 , -467109 347420 -943666 980836 -664732 -245410 , 2033080 620151 -620151 0 1587331 967180 , 312676 2331238 -1604073 -86495 -158915 -2880985 , -900817 628507 -679222 406590 -521555 -266568 , -1307407 679222 -628507 -406590 412654 -1150062 , -1447945 943666 -347420 -980836 698256 -1012152 , 953404 -1519163 1519163 0 -3276102 -1756939 , 3.5591845526292948e-10 , 10
0.32545210377244843 , 399171 1604073 -2331238 86495 -1276912 -2490153 , 1796485 899012 -899012 0 1688771 789759 , 467109 -347420 943666 -980836 664732 245410 , 2033080 620151 -620151 0 1587331 967180 , 312676 2331238 -1604073 -86495 -158915 -2880985 , 900817 -628507 679222 -406590 521555 266568 , 1307407 -679222 628507 406590 -412654 1150062 , 1447945 -943666 347420 980836 -698256 1012152 , 953404 -1519163 1519163 0 -3276102 -1756939 , 3.5591845526292948e-10 , 11
0.32545210377244843 , 399171 1604073 -2331238 86495 -1276912 -2490153 , 1796485 899012 -899012 0 1688771 789759 , -1447945 1012152 -698256 -467109 347420 -943666 , 2033080 620151 -620151 0 1587331 967180 , 312676 2331238 -1604073 -86495 -158915 -2880985 , -1307407 1150062 -412654 -900817 628507 -679222 , -406590 412654 -1150062 900817 -266568 -521555 , -980836 698256 -1012152 467109 -245410 -664732 , 953404 -1519163 1519163 0 -3276102 -1756939 , 3.5591845526315897e-10 , 12
0.32545210377244843 , 399171 1604073 -2331238 86495 -1276912 -2490153 , 1796485 899012 -899012 0 1688771 789759 , 1447945 -1012152 698256 467109 -347420 943666 , 2033080 620151 -620151 0 1587331 967180 , 312676 2331238 -1604073 -86495 -158915 -2880985 , 1307407 -1150062 412654 900817 -628507 679222 , 406590 -412654 1150062 -900817 266568 521555 , 980836 -698256 1012152 -467109 245410 664732 , 953404 -1519163 1519163 0 -3276102 -1756939 , 3.5591845526315897e-10 , 13
0.32545210377244843 , 399171 1604073 -2331238 86495 -1276912 -2490153 , 2033080 620151 -620151 0 1587331 967180 , -679222 628507 -900817 -412654 1150062 -1307407 , 1796485 899012 -899012 0 1688771 789759 , 312676 2331238 -1604073 -86495 -158915 -2880985 , -943666 347420 -467109 -698256 1012152 -1447945 , -245410 467109 -347420 698256 -980836 664732 , -266568 900817 -628507 412654 -406590 521555 , 953404 -1519163 1519163 0 -3276102 -1756939 , 3.5591845526324986e-10 , 14
0.32545210377244843 , 399171 1604073 -2331238 86495 -1276912 -2490153 , 2033080 620151 -620151 0 1587331 967180 , 679222 -628507 900817 412654 -1150062 1307407 , 1796485 899012 -899012 0 1688771 789759 , 312676 2331238 -1604073 -86495 -158915 -2880985 , 943666 -347420 467109 698256 -1012152 1447945 , 245410 -467109 347420 -698256 980836 -664732 , 266568 -900817 628507 -412654 406590 -521555 , 953404 -1519163 1519163 0 -3276102 -1756939 , 3.5591845526324986e-10 , 15
0.32545210377244843 , 399171 1604073 -2331238 86495 -1276912 -2490153 , 2033080 620151 -620151 0 1587331 967180 , -521555 406590 -412654 628507 -900817 266568 , 1796485 899012 -899012 0 1688771 789759 , 312676 2331238 -1604073 -86495 -158915 -2880985 , -664732 980836 -698256 347420 -467109 245410 , -1012152 698256 -980836 -347420 943666 -1447945 , -1150062 412654 -406590 -628507 679222 -1307407 , 953404 -1519163 1519163 0 -3276102 -1756939 , 3.5591845526866179e-10 , 16
0.32545210377244843 , 399171 1604073 -2331238 86495 -1276912 -2490153 , 2033080 620151 -620151 0 1587331 967180 , 521555 -406590 412654 -628507 900817 -266568 , 1796485 899012 -899012 0 1688771 789759 , 312676 2331238 -1604073 -86495 -158915 -2880985 , 664732 -980836 698256 -347420 467109 -245410 , 1012152 -698256 980836 347420 -943666 1447945 , 1150062 -412654 406590 628507 -679222 1307407 , 953404 -1519163 1519163 0 -3276102 -1756939 , 3.5591845526866179e-10 , 17
0.32545210377244843 , 399171 1604073 -2331238 86495 -1276912 -2490153 , 1796485 899012 -899012 0 1688771 789759 , -245410 467109 -347420 698256 -980836 664732 , 2033080 620151 -620151 0 1587331 967180 , 312676 2331238 -1604073 -86495 -158915 -2880985 , -266568 900817 -628507 412654 -406590 521555 , -679222 628507 -900817 -412654 1150062 -1307407 , -943666 347420 -467109 -698256 1012152 -1447945 , 953404 -1519163 1519163 0 -3276102 -1756939 , 3.559184552730109e-10 , 18
0.32545210377244843 , 399171 1604073 -2331238 86495 -1276912 -2490153 , 1796485 899012 -899012 0 1688771 789759 , 245410 -467109 347420 -698256 980836 -664732 , 2033080 620151 -620151 0 1587331 967180 , 312676 2331238 -1604073 -86495 -158915 -2880985 , 266568 -900817 628507 -412654 406590 -521555 , 679222 -628507 900817 412654 -1150062 1307407 , 943666 -347420 467109 698256 -1012152 1447945 , 953404 -1519163 1519163 0 -3276102 -1756939 , 3.559184552730109e-10 , 19
0.32545210377244843 , 399171 1604073 -2331238 86495 -1276912 -2490153 , 2033080 620151 -620151 0 1587331 967180 , -1307407 679222 -628507 -406590 412654 -1150062 , 1796485 899012 -899012 0 1688771 789759 , 312676 2331238 -1604073 -86495 -158915 -2880985 , -1447945 943666 -347420 -980836 698256 -1012152 , -467109 347420 -943666 980836 -664732 -245410 , -900817 628507 -679222 406590 -521555 -266568 , 953404 -1519163 1519163 0 -3276102 -1756939 , 3.5591845527368469e-10 , 20
0.32545210377244843 , 399171 1604073 -2331238 86495 -1276912 -2490153 , 2033080 620151 -620151 0 1587331 967180 , 1307407 -679222 628507 406590 -412654 1150062 , 1796485 899012 -899012 0 1688771 789759 , 312676 2331238 -1604073 -86495 -158915 -2880985 , 1447945 -943666 347420 980836 -698256 1012152 , 467109 -347420 943666 -980836 664732 245410 , 900817 -628507 679222 -406590 521555 266568 , 953404 -1519163 1519163 0 -3276102 -1756939 , 3.5591845527368469e-10 , 21
0.32545210377244843 , 399171 1604073 -2331238 86495 -1276912 -2490153 , 2033080 620151 -620151 0 1587331 967180 , 266568 521555 -406590 679222 -628507 900817 , 1796485 899012 -899012 0 1688771 789759 , 312676 2331238 -1604073 -86495 -158915 -2880985 , 245410 664732 -980836 943666 -347420 467109 , -698256 980836 -664732 -943666 1447945 -1012152 , -412654 406590 -521555 -679222 1307407 -1150062 , 953404 -1519163 1519163 0 -3276102 -1756939 , 3.5591845527369446e-10 , 22
0.32545210377244843 , 399171 1604073 -2331238 86495 -1276912 -2490153 , 2033080 620151 -620151 0 1587331 967180 , -266568 -521555 406590 -679222 628507 -900817 , 1796485 899012 -899012 0 1688771 789759 , 312676 2331238 -1604073 -86495 -158915 -2880985 , -245410 -664732 980836 -943666 347420 -467109 , 698256 -980836 664732 943666 -1447945 1012152 , 412654 -406590 521555 679222 -1307407 1150062 , 953404 -1519163 1519163 0 -3276102 -1756939 , 3.5591845527369446e-10 , 23
0.32545210377244843 , 399171 1604073 -2331238 86495 -1276912 -2490153 , 1796485 899012 -899012 0 1688771 789759 , 943666 -1447945 1012152 245410 -467109 347420 , 2033080 620151 -620151 0 1587331 967180 , 312676 2331238 -1604073 -86495 -158915 -2880985 , 679222 -1307407 1150062 266568 -900817 628507 , 412654 -1150062 1307407 -266568 -521555 406590 , 698256 -1012152 1447945 -245410 -664732 980836 , 953404 -1519163 1519163 0 -3276102 -1756939 , 3.5591845527792487e-10 , 24
0.32545210377244843 , 399171 1604073 -2331238 86495 -1276912 -2490153 , 1796485 899012 -899012 0 1688771 789759 , -943666 1447945 -1012152 -245410 467109 -347420 , 2033080 620151 -620151 0 1587331 967180 , 312676 2331238 -1604073 -86495 -158915 -2880985 , -679222 1307407 -1150062 -266568 900817 -628507 , -412654 1150062 -1307407 266568 521555 -406590 , -698256 1012152 -1447945 245410 664732 -980836 , 953404 -1519163 1519163 0 -3276102 -1756939 , 3.5591845527792487e-10 , 25
0.32545210377244843 , 399171 1604073 -2331238 86495 -1276912 -2490153 , 2033080 620151 -620151 0 1587331 967180 , 1150062 -1307407 679222 521555 -406590 412654 , 1796485 899012 -899012 0 1688771 789759 , 312676 2331238 -1604073 -86495 -158915 -2880985 , 1012152 -1447945 943666 664732 -980836 698256 , 347420 -943666 1447945 -664732 -245410 467109 , 628507 -679222 1307407 -521555 -266568 900817 , 953404 -1519163 1519163 0 -3276102 -1756939 , 3.5591845527823455e-10 , 26
0.32545210377244843 , 399171 1604073 -2331238 86495 -1276912 -2490153 , 2033080 620151 -620151 0 1587331 967180 , -1150062 1307407 -679222 -521555 406590 -412654 , 1796485 899012 -899012 0 1688771 789759 , 312676 2331238 -1604073 -86495 -158915 -2880985 , -1012152 1447945 -943666 -664732 980836 -698256 , -347420 943666 -1447945 664732 245410 -467109 , -628507 679222 -1307407 521555 266568 -900817 , 953404 -1519163 1519163 0 -3276102 -1756939 , 3.5591845527823455e-10 , 27
0.32545210377244843 , 399171 1604073 -2331238 86495 -1276912 -2490153 , 1796485 899012 -899012 0 1688771 789759 , 664732 245410 -467109 1012152 -698256 980836 , 2033080 620151 -620151 0 1587331 967180 , 312676 2331238 -1604073 -86495 -158915 -2880985 , 521555 266568 -900817 1150062 -412654 406590 , -628507 900817 -266568 -1150062 1307407 -679222 , -347420 467109 -245410 -1012152 1447945 -943666 , 953404 -1519163 1519163 0 -3276102 -1756939 , 3.5591845528350058e-10 , 28
0.32545210377244843 , 399171 1604073 -2331238 86495 -1276912 -2490153 , 1796485 899012 -899012 0 1688771 789759 , -664732 -245410 467109 -1012152 698256 -980836 , 2033080 620151 -620151 0 1587331 967180 , 312676 2331238 -1604073 -86495 -158915 -2880985 , -521555 -266568 900817 -1150062 412654 -406590 , 628507 -900817 266568 1150062 -1307407 679222 , 347420 -467109 245410 1012152 -1447945 943666 , 953404 -1519163 1519163 0 -3276102 -1756939 , 3.5591845528350058e-10 , 29
0.32545210377244843 , 399171 1604073 -2331238 86495 -1276912 -2490153 , 1796485 899012 -899012 0 1688771 789759 , -980836 664732 245410 -1447945 1012152 -698256 , 2033080 620151 -620151 0 1587331 967180 , 312676 2331238 -1604073 -86495 -158915 -2880985 , -406590 521555 266568 -1307407 1150062 -412654 , 900817 -266568 -521555 1307407 -679222 628507 , 467109 -245410 -664732 1447945 -943666 347420 , 953404 -1519163 1519163 0 -3276102 -1756939 , 3.5591845528826318e-10 , 30
0.32545210377244843 , 399171 1604073 -2331238 86495 -1276912 -2490153 , 1796485 899012 -899012 0 1688771 789759 , 980836 -664732 -245410 1447945 -1012152 698256 , 2033080 620151 -620151 0 1587331 967180 , 312676 2331238 -1604073 -86495 -158915 -2880985 , 406590 -521555 -266568 1307407 -1150062 412654 , -900817 266568 521555 -1307407 679222 -628507 , -467109 245410 664732 -1447945 943666 -347420 , 953404 -1519163 1519163 0 -3276102 -1756939 , 3.5591845528826318e-10 , 31
0.32545210377244843 , 399171 1604073 -2331238 86495 -1276912 -2490153 , 2033080 620151 -620151 0 1587331 967180 , -412654 1150062 -1307407 266568 521555 -406590 , 1796485 899012 -899012 0 1688771 789759 , 312676 2331238 -1604073 -86495 -158915 -2880985 , -698256 1012152 -1447945 245410 664732 -980836 , -943666 1447945 -1012152 -245410 467109 -347420 , -679222 1307407 -1150062 -266568 900817 -628507 , 953404 -1519163 1519163 0 -3276102 -1756939 , 3.5591845530369878e-10 , 32
0.32545210377244843 , 399171 1604073 -2331238 86495 -1276912 -2490153 , 2033080 620151 -620151 0 1587331 967180 , 412654 -1150062 1307407 -266568 -521555 406590 , 1796485 899012 -899012 0 1688771 789759 , 312676 2331238 -1604073 -86495 -158915 -2880985 , 698256 -1012152 1447945 -245410 -664732 980836 , 943666 -1447945 1012152 245410 -467109 347420 , 679222 -1307407 1150062 266568 -900817 628507 , 953404 -1519163 1519163 0 -3276102 -1756939 , 3.5591845530369878e-10 , 33
0.32545210377244843 , 399171 1604073 -2331238 86495 -1276912 -2490153 , 1796485 899012 -899012 0 1688771 789759 , 698256 -980836 664732 943666 -1447945 1012152 , 2033080 620151 -620151 0 1587331 967180 , 312676 2331238 -1604073 -86495 -158915 -2880985 , 412654 -406590 521555 679222 -1307407 1150062 , -266568 -521555 406590 -679222 628507 -900817 , -245410 -664732 980836 -943666 347420 -467109 , 953404 -1519163 1519163 0 -3276102 -1756939 , 3.5591845530895727e-10 , 34
0.32545210377244843 , 399171 1604073 -2331238 86495 -1276912 -2490153 , 1796485 899012 -899012 0 1688771 789759 , -698256 980836 -664732 -943666 1447945 -1012152 , 2033080 620151 -620151 0 1587331 967180 , 312676 2331238 -1604073 -86495 -158915 -2880985 , -412654 406590 -521555 -679222 1307407 -1150062 , 266568 521555 -406590 679222 -628507 900817 , 245410 664732 -980836 943666 -347420 467109 , 953404 -1519163 1519163 0 -3276102 -1756939 , 3.5591845530895727e-10 , 35
0.43270778618233574 , 74479 1572403 -2211906 -781661 -606017 -2996986 , 2352316 283124 -283124 0 1482446 1199322 , -793075 1159799 -738342 -473250 680724 -463849 , 1477249 1236039 -1236039 0 1793656 557617 , 856140 2211906 -1572403 781661 -785080 -2178420 , -813448 948187 -1594672 435614 543750 -1162903 , -1249062 1594672 -948187 -435614 431769 -404437 , -319825 738342 -1159799 473250 274493 -479075 , 953404 -1519163 1519163 0 -3276102 -1756939 , 3.5591845496000932e-10 , 0
0.43270778618233574 , 74479 1572403 -2211906 -781661 -606017 -2996986 , 2352316 283124 -283124 0 1482446 1199322 , 793075 -1159799 738342 473250 -680724 463849 , 1477249 1236039 -1236039 0 1793656 557617 , 856140 2211906 -1572403 781661 -785080 -2178420 , 813448 -948187 1594672 -435614 -543750 1162903 , 1249062 -1594672 948187 435614 -431769 404437 , 319825 -738342 1159799 -473250 -274493 479075 , 953404 -1519163 1519163 0 -3276102 -1756939 , 3.5591845496000932e-10 , 1
0.43270778618233574 , 74479 1572403 -2211906 -781661 -606017 -2996986 , 2352316 283124 -283124 0 1482446 1199322 , -319825 479075 -274493 -793075 1159799 -738342 , 1477249 1236039 -1236039 0 1793656 557617 , 856140 2211906 -1572403 781661 -785080 -2178420 , -1249062 404437 -431769 -813448 948187 -1594672 , -435614 431769 -404437 813448 -1162903 543750 , 473250 274493 -479075 793075 -463849 680724 , 953404 -1519163 1519163 0 -3276102 -1756939 , 3.559184549629698e-10 , 2
0.43270778618233574 , 74479 1572403 -2211906 -781661 -606017 -2996986 , 2352316 283124 -283124 0 1482446 1199322 , 319825 -479075 274493 793075 -1159799 738342 , 1477249 1236039 -1236039 0 1793656 557617 , 856140 2211906 -1572403 781661 -785080 -2178420 , 1249062 -404437 431769 813448 -948187 1594672 , 435614 -431769 404437 -813448 1162903 -543750 , -473250 -274493 479075 -793075 463849 -680724 , 953404 -1519163 1519163 0 -3276102 -1756939 , 3.559184549629698e-10 , 3
0.43270778618233574 , 74479 1572403 -2211906 -781661 -606017 -2996986 , 1477249 1236039 -1236039 0 1793656 557617 , -1594672 948187 -813448 -431769 404437 -1249062 , 2352316 283124 -283124 0 1482446 1199322 , 856140 2211906 -1572403 781661 -785080 -2178420 , -738342 1159799 -793075 -274493 479075 -319825 , -463849 793075 -1159799 274493 473250 -680724 , -1162903 813448 -948187 431769 -435614 -543750 , 953404 -1519163 1519163 0 -3276102 -1756939 , 3.559184549643529e-10 , 4
0.43270778618233574 , 74479 1572403 -2211906 -781661 -606017 -2996986 , 1477249 1236039 -1236039 0 1793656 557617 , 1594672 -948187 813448 431769 -404437 1249062 , 2352316 283124 -283124 0 1482446 1199322 , 856140 2211906 -1572403 781661 -785080 -2178420 , 738342 -1159799 793075 274493 -479075 319825 , 463849 -793075 1159799 -274493 -473250 680724 , 1162903 -813448 948187 -431769 435614 543750 , 953404 -1519163 1519163 0 -3276102 -1756939 , 3.559184549643529e-10 , 5
0.43270778618233574 , 74479 1572403 -2211906 -781661 -606017 -2996986 , 2352316 283124 -283124 0 1482446 1199322 , 1159799 -738342 319825 680724 -463849 793075 , 1477249 1236039 -1236039 0 1793656 557617 , 856140 2211906 -1572403 781661 -785080 -2178420 , 948187 -1594672 1249062 543750 -1162903 813448 , 404437 -1249062 1594672 -543750 -435614 431769 , 479075 -319825 738342 -680724 473250 274493 , 953404 -1519163 1519163 0 -3276102 -1756939 , 3.5591845496442435e-10 , 6
0.43270778618233574 , 74479 1572403 -2211906 -781661 -606017 -2996986 , 2352316 283124 -283124 0 1482446 1199322 , -1159799 738342 -319825 -680724 463849 -793075 , 1477249 1236039 -1236039 0 1793656 557617 , 856140 2211906 -1572403 781661 -785080 -2178420 , -948187 1594672 -1249062 -543750 1162903 -813448 , -404437 1249062 -1594672 543750 435614 -431769 , -479075 319825 -738342 680724 -473250 -274493 , 953404 -1519163 1519163 0 -3276102 -1756939 , 3.5591845496442435e-10 , 7
0.43270778618233574 , 74479 1572403 -2211906 -781661 -606017 -2996986 , 2352316 283124 -283124 0 1482446 1199322 , -473250 680724 -463849 319825 -479075 274493 , 1477249 1236039 -1236039 0 1793656 557617 , 856140 2211906 -1572403 781661 -785080 -2178420 , 435614 543750 -1162903 1249062 -404437 431769 , -813448 1162903 -543750 -1249062 1594672 -948187 , -793075 463849 -680724 -319825 738342 -1159799 , 953404 -1519163 1519163 0 -3276102 -1756939 , 3.5591845496736792e-10 , 8
0.43270778618233574 , 74479 1572403 -2211906 -781661 -606017 -2996986 , 2352316 283124 -283124 0 1482446 1199322 , 473250 -680724 463849 -319825 479075 -274493 , 1477249 1236039 -1236039 0 1793656 557617 , 856140 2211906 -1572403 781661 -785080 -2178420 , -435614 -543750 1162903 -1249062 404437 -431769 , 813448 -1162903 543750 1249062 -1594672 948187 , 793075 -463849 680724 319825 -738342 1159799 , 953404 -1519163 1519163 0 -3276102 -1756939 , 3.5591845496736792e-10 , 9
0.43270778618233574 , 74479 1572403 -2211906 -781661 -606017 -2996986 , 1477249 1236039 -1236039 0 1793656 557617 , -435614 431769 -404437 813448 -1162903 543750 , 2352316 283124 -283124 0 1482446 1199322 , 856140 2211906 -1572403 781661 -785080 -2178420 , 473250 274493 -479075 793075 -463849 680724 , -319825 479075 -274493 -793075 1159799 -738342 , -1249062 404437 -431769 -813448 948187 -1594672 , 953404 -1519163 1519163 0 -3276102 -1756939 , 3.5591845496852706e-10 , 10
0.43270778618233574 , 74479 1572403 -2211906 -781661 -606017 -2996986 , 1477249 1236039 -1236039 0 1793656 557617 , 435614 -431769 404437 -813448 1162903 -543750 , 2352316 283124 -283124 0 1482446 1199322 , 856140 2211906 -1572403 781661 -785080 -2178420 , -473250 -274493 479075 -793075 463849 -680724 , 319825 -479075 274493 793075 -1159799 738342 , 1249062 -404437 431769 813448 -948187 1594672 , 953404 -1519163 1519163 0 -3276102 -1756939 , 3.5591845496852706e-10 , 11
0.43270778618233574 , 74479 1572403 -2211906 -781661 -606017 -2996986 , 1477249 1236039 -1236039 0 1793656 557617 , -431769 404437 -1249062 1162903 -543750 -435614 , 2352316 283124 -283124 0 1482446 1199322 , 856140 2211906 -1572403 781661 -785080 -2178420 , -274493 479075 -319825 463849 -680724 473250 , -738342 319825 -479075 -463849 793075 -1159799 , -1594672 1249062 -404437 -1162903 813448 -948187 , 953404 -1519163 1519163 0 -3276102 -1756939 , 3.5591845497172965e-10 , 12
0.43270778618233574 , 74479 1572403 -2211906 -781661 -606017 -2996986 , 1477249 1236039 -1236039 0 1793656 557617 , 431769 -404437 1249062 -1162903 543750 435614 , 2352316 283124 -283124 0 1482446 1199322 , 856140 2211906 -1572403 781661 -785080 -2178420 , 274493 -479075 319825 -463849 680724 -473250 , 738342 -319825 479075 463849 -793075 1159799 , 1594672 -1249062 404437 1162903 -813448 948187 , 953404 -1519163 1519163 0 -3276102 -1756939 , 3.5591845497172965e-10 , 13
0.43270778618233574 , 74479 1572403 -2211906 -781661 -606017 -2996986 , 2352316 283124 -283124 0 1482446 1199322 , 463849 -793075 1159799 -274493 -473250 680724 , 1477249 1236039 -1236039 0 1793656 557617 , 856140 2211906 -1572403 781661 -785080 -2178420 , 1162903 -813448 948187 -431769 435614 543750 , 1594672 -948187 813448 431769 -404437 1249062 , 738342 -1159799 793075 274493 -479075 319825 , 953404 -1519163 1519163 0 -3276102 -1756939 , 3.5591845497478804e-10 , 14
0.43270778618233574 , 74479 1572403 -2211906 -781661 -606017 -2996986 , 2352316 283124 -283124 0 1482446 1199322 , -463849 793075 -1159799 274493 473250 -680724 , 1477249 1236039 -1236039 0 1793656 557617 , 856140 2211906 -1572403 781661 -785080 -2178420 , -1162903 813448 -948187 431769 -435614 -543750 , -1594672 948187 -813448 -431769 404437 -1249062 , -738342 1159799 -793075 -274493 479075 -319825 , 953404 -1519163 1519163 0 -3276102 -1756939 , 3.5591845497478804e-10 , 15
0.43270778618233574 , 74479 1572403 -2211906 -781661 -606017 -2996986 , 1477249 1236039 -1236039 0 1793656 557617 , 813448 -1162903 543750 1249062 -1594672 948187 , 2352316 283124 -283124 0 1482446 1199322 , 856140 2211906 -1572403 781661 -785080 -2178420 , 793075 -463849 680724 319825 -738342 1159799 , 473250 -680724 463849 -319825 479075 -274493 , -435614 -543750 1162903 -1249062 404437 -431769 , 953404 -1519163 1519163 0 -3276102 -1756939 , 3.5591845497504638e-10 , 16
0.43270778618233574 , 74479 1572403 -2211906 -781661 -606017 -2996986 , 1477249 1236039 -1236039 0 1793656 557617 , -813448 1162903 -543750 -1249062 1594672 -948187 , 2352316 283124 -283124 0 1482446 1199322 , 856140 2211906 -1572403 781661 -785080 -2178420 , -793075 463849 -680724 -319825 738342 -1159799 , -473250 680724 -463849 319825 -479075 274493 , 435614 543750 -1162903 1249062 -404437 431769 , 953404 -1519163 1519163 0 -3276102 -1756939 , 3.5591845497504638e-10 , 17
0.43270778618233574 , 74479 1572403 -2211906 -781661 -606017 -2996986 , 2352316 283124 -283124 0 1482446 1199322 , -680724 463849 -793075 479075 -274493 -473250 , 1477249 1236039 -1236039 0 1793656 557617 , 856140 2211906 -1572403 781661 -785080 -2178420 , -543750 1162903 -813448 404437 -431769 435614 , -948187 813448 -1162903 -404437 1249062 -1594672 , -1159799 793075 -463849 -479075 319825 -738342 , 953404 -1519163 1519163 0 -3276102 -1756939 , 3.5591845497514192e-10 , 18
0.43270778618233574 , 74479 1572403 -2211906 -781661 -606017 -2996986 , 2352316 283124 -283124 0 1482446 1199322 , 680724 -463849 793075 -479075 274493 473250 , 1477249 1236039 -1236039 0 1793656 557617 , 856140 2211906 -1572403 781661 -785080 -2178420 , 543750 -1162903 813448 -404437 431769 -435614 , 948187 -813448 1162903 404437 -1249062 1594672 , 1159799 -793075 463849 479075 -319825 738342 , 953404 -1519163 1519163 0 -3276102 -1756939 , 3.5591845497514192e-10 , 19
0.43270778618233574 , 74479 1572403 -2211906 -781661 -606017 -2996986 , 2352316 283124 -283124 0 1482446 1199322 , 479075 -274493 -473250 1159799 -738342 319825 , 1477249 1236039 -1236039 0 1793656 557617 , 856140 2211906 -1572403 781661 -785080 -2178420 , 404437 -431769 435614 948187 -1594672 1249062 , -543750 -435614 431769 -948187 813448 -1162903 , -680724 473250 274493 -1159799 793075 -463849 , 953404 -1519163 1519163 0 -3276102 -1756939 , 3.5591845497525519e-10 , 20
0.43270778618233574 , 74479 1572403 -2211906 -781661 -606017 -2996986 , 2352316 283124 -283124 0 1482446 1199322 , -479075 274493 473250 -1159799 738342 -319825 , 1477249 1236039 -1236039 0 1793656 557617 , 856140 2211906 -1572403 781661 -785080 -2178420 , -404437 431769 -435614 -948187 1594672 -1249062 , 543750 435614 -431769 948187 -813448 1162903 , 680724 -473250 -274493 1159799 -793075 463849 , 953404 -1519163 1519163 0 -3276102 -1756939 , 3.5591845497525519e-10 , 21
0.43270778618233574 , 74479 1572403 -2211906 -781661 -606017 -2996986 , 1477249 1236039 -1236039 0 1793656 557617 , -1162903 543750 435614 -1594672 948187 -813448 , 2352316 283124 -283124 0 1482446 1199322 , 856140 2211906 -1572403 781661 -785080 -2178420 , -463849 680724 -473250 -738342 1159799 -793075 , 274493 473250 -680724 738342 -319825 479075 , 431769 -435614 -543750 1594672 -1249062 404437 , 953404 -1519163 1519163 0 -3276102 -1756939 , 3.5591845497539188e-10 , 22
0.43270778618233574 , 74479 1572403 -2211906 -781661 -606017 -2996986 , 1477249 1236039 -1236039 0 1793656 557617 , 1162903 -543750 -435614 1594672 -948187 813448 , 2352316 283124 -283124 0 1482446 1199322 , 856140 2211906 -1572403 781661 -785080 -2178420 , 463849 -680724 473250 738342 -1159799 793075 , -274493 -473250 680724 -738342 319825 -479075 , -431769 435614 543750 -1594672 1249062 -404437 , 953404 -1519163 1519163 0 -3276102 -1756939 , 3.5591845497539188e-10 , 23
0.43270778618233574 , 74479 1572403 -2211906 -781661 -606017 -2996986 , 2352316 283124 -283124 0 1482446 1199322 , -274493 -473250 680724 -738342 319825 -479075 , 1477249 1236039 -1236039 0 1793656 557617 , 856140 2211906 -1572403 781661 -785080 -2178420 , -431769 435614 543750 -1594672 1249062 -404437 , 1162903 -543750 -435614 1594672 -948187 813448 , 463849 -680724 473250 738342 -1159799 793075 , 953404 -1519163 1519163 0 -3276102 -1756939 , 3.5591845497569675e-10 , 24
0.43270778618233574 , 74479 1572403 -2211906 -781661 -606017 -2996986 , 2352316 283124 -283124 0 1482446 1199322 , 274493 473250 -680724 738342 -319825 479075 , 1477249 1236039 -1236039 0 1793656 557617 , 856140 2211906 -1572403 781661 -785080 -2178420 , 431769 -435614 -543750 1594672 -1249062 404437 , -1162903 543750 435614 -1594672 948187 -813448 , -463849 680724 -473250 -738342 1159799 -793075 , 953404 -1519163 1519163 0 -3276102 -1756939 , 3.5591845497569675e-10 , 25
0.43270778618233574 , 74479 1572403 -2211906 -781661 -606017 -2996986 , 1477249 1236039 -1236039 0 1793656 557617 , -404437 1249062 -1594672 543750 435614 -431769 , 2352316 283124 -283124 0 1482446 1199322 , 856140 2211906 -1572403 781661 -785080 -2178420 , -479075 319825 -738342 680724 -473250 -274493 , -1159799 738342 -319825 -680724 463849 -793075 , -948187 1594672 -1249062 -543750 1162903 -813448 , 953404 -1519163 1519163 0 -3276102 -1756939 , 3.5591845497612011e-10 , 26
0.43270778618233574 , 74479 1572403 -2211906 -781661 -606017 -2996986 , 1477249 1236039 -1236039 0 1793656 557617 , 404437 -1249062 1594672 -543750 -435614 431769 , 2352316 283124 -283124 0 1482446 1199322 , 856140 2211906 -1572403 781661 -785080 -2178420 , 479075 -319825 738342 -680724 473250 274493 , 1159799 -738342 319825 680724 -463849 793075 , 948187 -1594672 1249062 543750 -1162903 813448 , 953404 -1519163 1519163 0 -3276102 -1756939 , 3.5591845497612011e-10 , 27
0.43270778618233574 , 74479 1572403 -2211906 -781661 -606017 -2996986 , 1477249 1236039 -1236039 0 1793656 557617 , -1249062 1594672 -948187 -435614 431769 -404437 , 2352316 283124 -283124 0 1482446 1199322 , 856140 2211906 -1572403 781661 -785080 -2178420 , -319825 738342 -1159799 473250 274493 -479075 , -793075 1159799 -738342 -473250 680724 -463849 , -813448 948187 -1594672 435614 543750 -1162903 , 953404 -1519163 1519163 0 -3276102 -1756939 , 3.5591845497622511e-10 , 28
0.43270778618233574 , 74479 1572403 -2211906 -781661 -606017 -2996986 , 1477249 1236039 -1236039 0 1793656 557617 , 1249062 -1594672 948187 435614 -431769 404437 , 2352316 283124 -283124 0 1482446 1199322 , 856140 2211906 -1572403 781661 -785080 -2178420 , 319825 -738342 1159799 -473250 -274493 479075 , 793075 -1159799 738342 473250 -680724 463849 , 813448 -948187 1594672 -435614 -543750 1162903 , 953404 -1519163 1519163 0 -3276102 -1756939 , 3.5591845497622511e-10 , 29
0.43270778618233574 , 74479 1572403 -2211906 -781661 -606017 -2996986 , 1477249 1236039 -1236039 0 1793656 557617 , 543750 435614 -431769 948187 -813448 1162903 , 2352316 283124 -283124 0 1482446 1199322 , 856140 2211906 -1572403 781661 -785080 -2178420 , 680724 -473250 -274493 1159799 -793075 463849 , -479075 274493 473250 -1159799 738342 -319825 , -404437 431769 -435614 -948187 1594672 -1249062 , 953404 -1519163 1519163 0 -3276102 -1756939 , 3.5591845497941751e-10 , 30
0.43270778618233574 , 74479 1572403 -2211906 -781661 -606017 -2996986 , 1477249 1236039 -1236039 0 1793656 557617 , -543750 -435614 431769 -948187 813448 -1162903 , 2352316 283124 -283124 0 1482446 1199322 , 856140 2211906 -1572403 781661 -785080 -2178420 , -680724 473250 274493 -1159799 793075 -463849 , 479075 -274493 -473250 1159799 -738342 319825 , 404437 -431769 435614 948187 -1594672 1249062 , 953404 -1519163 1519163 0 -3276102 -1756939 , 3.5591845497941751e-10 , 31
0.43270778618233574 , 74479 1572403 -2211906 -781661 -606017 -2996986 , 1477249 1236039 -1236039 0 1793656 557617 , -948187 813448 -1162903 -404437 1249062 -1594672 , 2352316 283124 -283124 0 1482446 1199322 , 856140 2211906 -1572403 781661 -785080 -2178420 , -1159799 793075 -463849 -479075 319825 -738342 , -680724 463849 -793075 479075 -274493 -473250 , -543750 1162903 -813448 404437 -431769 435614 , 953404 -1519163 1519163 0 -3276102 -1756939 , 3.5591845498012987e-10 , 32
0.43270778618233574 , 74479 1572403 -2211906 -781661 -606017 -2996986 , 1477249 1236039 -1236039 0 1793656 557617 , 948187 -813448 1162903 404437 -1249062 1594672 , 2352316 283124 -283124 0 1482446 1199322 , 856140 2211906 -1572403 781661 -785080 -2178420 , 1159799 -793075 463849 479075 -319825 738342 , 680724 -463849 793075 -479075 274493 473250 , 543750 -1162903 813448 -404437 431769 -435614 , 953404 -1519163 1519163 0 -3276102 -1756939 , 3.5591845498012987e-10 , 33
0.43270778618233574 , 74479 1572403 -2211906 -781661 -606017 -2996986 , 2352316 283124 -283124 0 1482446 1199322 , -738342 319825 -479075 -463849 793075 -1159799 , 1477249 1236039 -1236039 0 1793656 557617 , 856140 2211906 -1572403 781661 -785080 -2178420 , -1594672 1249062 -404437 -1162903 813448 -948187 , -431769 404437 -1249062 1162903 -543750 -435614 , -274493 479075 -319825 463849 -680724 473250 , 953404 -1519163 1519163 0 -3276102 -1756939 , 3.5591845498346212e-10 , 34
0.43270778618233574 , 74479 1572403 -2211906 -781661 -606017 -2996986 , 2352316 283124 -283124 0 1482446 1199322 , 738342 -319825 479075 463849 -793075 1159799 , 1477249 1236039 -1236039 0 1793656 557617 , 856140 2211906 -1572403 781661 -785080 -2178420 , 1594672 -1249062 404437 1162903 -813448 948187 , 431769 -404437 1249062 -1162903 543750 435614 , 274493 -479075 319825 -463849 680724 -473250 , 953404 -1519163 1519163 0 -3276102 -1756939 , 3.5591845498346212e-10 , 35
0.5403417133461043 , 128592 1470969 -2377019 -593426 -921380 -2771424 , 2395420 207164 -207164 0 1443458 1236294 , -126497 120149 -884626 967774 -422100 -292983 , 1434145 1311999 -1311999 0 1832644 520645 , 722018 2377019 -1470969 593426 -394405 -2392349 , -405135 852539 -672222 647495 -755532 550646 , -1052630 672222 -852539 -647495 1222868 -1608071 , -1094271 884626 -120149 -967774 591643 -542249 , 953404 -1519163 1519163 0 -3276102 -1756939 , 3.5591845808842481e-10 , 0
0.5403417133461043 , 128592 1470969 -2377019 -593426 -921380 -2771424 , 2395420 207164 -207164 0 1443458 1236294 , 126497 -120149 884626 -967774 422100 292983 , 1434145 1311999 -1311999 0 1832644 520645 , 722018 2377019 -1470969 593426 -394405 -2392349 , 405135 -852539 672222 -647495 755532 -550646 , 1052630 -672222 852539 647495 -1222868 1608071 , 1094271 -884626 120149 967774 -591643 542249 , 953404 -1519163 1519163 0 -3276102 -1756939 , 3.5591845808842481e-10 , 1
0.5403417133461043 , 128592 1470969 -2377019 -593426 -921380 -2771424 , 1434145 1311999 -1311999 0 1832644 520645 , -1608071 1052630 -672222 -755532 647495 -1222868 , 2395420 207164 -207164 0 1443458 1236294 , 722018 2377019 -1470969 593426 -394405 -2392349 , -542249 1094271 -884626 -422100 967774 -591643 , -120149 884626 -1094271 422100 292983 -126497 , -852539 672222 -1052630 755532 -550646 -405135 , 953404 -1519163 1519163 0 -3276102 -1756939 , 3.5591845808859898e-10 , 2
0.5403417133461043 , 128592 1470969 -2377019 -593426 -921380 -2771424 , 1434145 1311999 -1311999 0 1832644 520645 , 1608071 -1052630 672222 755532 -647495 1222868 , 2395420 207164 -207164 0 1443458 1236294 , 722018 2377019 -1470969 593426 -394405 -2392349 , 542249 -1094271 884626 422100 -967774 591643 , 120149 -884626 1094271 -422100 -292983 126497 , 852539 -672222 1052630 -755532 550646 405135 , 953404 -1519163 1519163 0 -3276102 -1756939 , 3.5591845808859898e-10 , 3
0.5403417133461043 , 128592 1470969 -2377019 -593426 -921380 -2771424 , 2395420 207164 -207164 0 1443458 1236294 , -884626 1094271 -542249 -292983 126497 -120149 , 1434145 1311999 -1311999 0 1832644 520645 , 722018 2377019 -1470969 593426 -394405 -2392349 , -672222 1052630 -1608071 550646 405135 -852539 , -1222868 1608071 -1052630 -550646 755532 -647495 , -591643 542249 -1094271 292983 422100 -967774 , 953404 -1519163 1519163 0 -3276102 -1756939 , 3.5591845810087475e-10 , 4
0.5403417133461043 , 128592 1470969 -2377019 -593426 -921380 -2771424 , 2395420 207164 -207164 0 1443458 1236294 , 884626 -1094271 542249 292983 -126497 120149 , 1434145 1311999 -1311999 0 1832644 520645 , 722018 2377019 -1470969 593426 -394405 -2392349 , 672222 -1052630 1608071 -550646 -405135 852539 , 1222868 -1608071 1052630 550646 -755532 647495 , 591643 -542249 1094271 -292983 -422100 967774 , 953404 -1519163 1519163 0 -3276102 -1756939 , 3.5591845810087475e-10 , 5
0.5403417133461043 , 128592 1470969 -2377019 -593426 -921380 -2771424 , 1434145 1311999 -1311999 0 1832644 520645 , -755532 647495 -1222868 852539 -405135 -550646 , 2395420 207164 -207164 0 1443458 1236294 , 722018 2377019 -1470969 593426 -394405 -2392349 , -422100 967774 -591643 120149 -126497 292983 , -542249 591643 -967774 -120149 884626 -1094271 , -1608071 1222868 -647495 -852539 672222 -1052630 , 953404 -1519163 1519163 0 -3276102 -1756939 , 3.5591845810090949e-10 , 6
0.5403417133461043 , 128592 1470969 -2377019 -593426 -921380 -2771424 , 1434145 1311999 -1311999 0 1832644 520645 , 755532 -647495 1222868 -852539 405135 550646 , 2395420 207164 -207164 0 1443458 1236294 , 722018 2377019 -1470969 593426 -394405 -2392349 , 422100 -967774 591643 -120149 126497 -292983 , 542249 -591643 967774 120149 -884626 1094271 , 1608071 -1222868 647495 852539 -672222 1052630 , 953404 -1519163 1519163 0 -3276102 -1756939 , 3.5591845810090949e-10 , 7
0.5403417133461043 , 128592 1470969 -2377019 -593426 -921380 -2771424 , 2395420 207164 -207164 0 1443458 1236294 , -591643 967774 -422100 -884626 1094271 -542249 , 1434145 1311999 -1311999 0 1832644 520645 , 722018 2377019 -1470969 593426 -394405 -2392349 , -1222868 647495 -755532 -672222 1052630 -1608071 , -550646 755532 -647495 672222 -852539 405135 , 292983 422100 -967774 884626 -120149 126497 , 953404 -1519163 1519163 0 -3276102 -1756939 , 3.5591845811101738e-10 , 8
0.5403417133461043 , 128592 1470969 -2377019 -593426 -921380 -2771424 , 2395420 207164 -207164 0 1443458 1236294 , 591643 -967774 422100 884626 -1094271 542249 , 1434145 1311999 -1311999 0 1832644 520645 , 722018 2377019 -1470969 593426 -394405 -2392349 , 1222868 -647495 755532 672222 -1052630 1608071 , 550646 -755532 647495 -672222 852539 -405135 , -292983 -422100 967774 -884626 120149 -126497 , 953404 -1519163 1519163 0 -3276102 -1756939 , 3.5591845811101738e-10 , 9
0.5403417133461043 , 128592 1470969 -2377019 -593426 -921380 -2771424 , 2395420 207164 -207164 0 1443458 1236294 , 967774 -422100 -292983 1094271 -542249 591643 , 1434145 1311999 -1311999 0 1832644 520645 , 722018 2377019 -1470969 593426 -394405 -2392349 , 647495 -755532 550646 1052630 -1608071 1222868 , -405135 -550646 755532 -1052630 672222 -852539 , -126497 292983 422100 -1094271 884626 -120149 , 953404 -1519163 1519163 0 -3276102 -1756939 , 3.5591845811217828e-10 , 10
0.5403417133461043 , 128592 1470969 -2377019 -593426 -921380 -2771424 , 2395420 207164 -207164 0 1443458 1236294 , -967774 422100 292983 -1094271 542249 -591643 , 1434145 1311999 -1311999 0 1832644 520645 , 722018 2377019 -1470969 593426 -394405 -2392349 , -647495 755532 -550646 -1052630 1608071 -1222868 , 405135 550646 -755532 1052630 -672222 852539 , 126497 -292983 -422100 1094271 -884626 120149 , 953404 -1519163 1519163 0 -3276102 -1756939 , 3.5591845811217828e-10 , 11
0.5403417133461043 , 128592 1470969 -2377019 -593426 -921380 -2771424 , 1434145 1311999 -1311999 0 1832644 520645 , -647495 1222868 -1608071 405135 550646 -755532 , 2395420 207164 -207164 0 1443458 1236294 , 722018 2377019 -1470969 593426 -394405 -2392349 , -967774 591643 -542249 126497 -292983 -422100 , -1094271 542249 -591643 -126497 120149 -884626 , -1052630 1608071 -1222868 -405135 852539 -672222 , 953404 -1519163 1519163 0 -3276102 -1756939 , 3.5591845812199138e-10 , 12
0.5403417133461043 , 128592 1470969 -2377019 -593426 -921380 -2771424 , 1434145 1311999 -1311999 0 1832644 520645 , 647495 -1222868 1608071 -405135 -550646 755532 , 2395420 207164 -207164 0 1443458 1236294 , 722018 2377019 -1470969 593426 -394405 -2392349 , 967774 -591643 542249 -126497 292983 422100 , 1094271 -542249 591643 126497 -120149 884626 , 1052630 -1608071 1222868 405135 -852539 672222 , 953404 -1519163 1519163 0 -3276102 -1756939 , 3.5591845812199138e-10 , 13
0.5403417133461043 , 128592 1470969 -2377019 -593426 -921380 -2771424 , 1434145 1311999 -1311999 0 1832644 520645 , -1222868 1608071 -1052630 -550646 755532 -647495 , 2395420 207164 -207164 0 1443458 1236294 , 722018 2377019 -1470969 593426 -394405 -2392349 , -591643 542249 -1094271 292983 422100 -967774 , -884626 1094271 -542249 -292983 126497 -120149 , -672222 1052630 -1608071 550646 405135 -852539 , 953404 -1519163 1519163 0 -3276102 -1756939 , 3.5591845813320438e-10 , 14
0.5403417133461043 , 128592 1470969 -2377019 -593426 -921380 -2771424 , 1434145 1311999 -1311999 0 1832644 520645 , 1222868 -1608071 1052630 550646 -755532 647495 , 2395420 207164 -207164 0 1443458 1236294 , 722018 2377019 -1470969 593426 -394405 -2392349 , 591643 -542249 1094271 -292983 -422100 967774 , 884626 -1094271 542249 292983 -126497 120149 , 672222 -1052630 1608071 -550646 -405135 852539 , 953404 -1519163 1519163 0 -3276102 -1756939 , 3.5591845813320438e-10 , 15
0.5403417133461043 , 128592 1470969 -2377019 -593426 -921380 -2771424 , 2395420 207164 -207164 0 1443458 1236294 , 120149 -884626 1094271 -422100 -292983 126497 , 1434145 1311999 -1311999 0 1832644 520645 , 722018 2377019 -1470969 593426 -394405 -2392349 , 852539 -672222 1052630 -755532 550646 405135 , 1608071 -1052630 672222 755532 -647495 1222868 , 542249 -1094271 884626 422100 -967774 591643 , 953404 -1519163 1519163 0 -3276102 -1756939 , 3.5591845813327335e-10 , 16
0.5403417133461043 , 128592 1470969 -2377019 -593426 -921380 -2771424 , 2395420 207164 -207164 0 1443458 1236294 , -120149 884626 -1094271 422100 292983 -126497 , 1434145 1311999 -1311999 0 1832644 520645 , 722018 2377019 -1470969 593426 -394405 -2392349 , -852539 672222 -1052630 755532 -550646 -405135 , -1608071 1052630 -672222 -755532 647495 -1222868 , -542249 1094271 -884626 -422100 967774 -591643 , 953404 -1519163 1519163 0 -3276102 -1756939 , 3.5591845813327335e-10 , 17
0.5403417133461043 , 128592 1470969 -2377019 -593426 -921380 -2771424 , 1434145 1311999 -1311999 0 1832644 520645 , 405135 550646 -755532 1052630 -672222 852539 , 2395420 207164 -207164 0 1443458 1236294 , 722018 2377019 -1470969 593426 -394405 -2392349 , 126497 -292983 -422100 1094271 -884626 120149 , -967774 422100 292983 -1094271 542249 -591643 , -647495 755532 -550646 -1052630 1608071 -1222868 , 953404 -1519163 1519163 0 -3276102 -1756939 , 3.5591845813341102e-10 , 18
0.5403417133461043 , 128592 1470969 -2377019 -593426 -921380 -2771424 , 1434145 1311999 -1311999 0 1832644 520645 , -405135 -550646 755532 -1052630 672222 -852539 , 2395420 207164 -207164 0 1443458 1236294 , 722018 2377019 -1470969 593426 -394405 -2392349 , -126497 292983 422100 -1094271 884626 -120149 , 967774 -422100 -292983 1094271 -542249 591643 , 647495 -755532 550646 1052630 -1608071 1222868 , 953404 -1519163 1519163 0 -3276102 -1756939 , 3.5591845813341102e-10 , 19
0.5403417133461043 , 128592 1470969 -2377019 -593426 -921380 -2771424 , 2395420 207164 -207164 0 1443458 1236294 , 542249 -591643 967774 120149 -884626 1094271 , 1434145 1311999 -1311999 0 1832644 520645 , 722018 2377019 -1470969 593426 -394405 -2392349 , 1608071 -1222868 647495 852539 -672222 1052630 , 755532 -647495 1222868 -852539 405135 550646 , 422100 -967774 591643 -120149 126497 -292983 , 953404 -1519163 1519163 0 -3276102 -1756939 , 3.559184581336189e-10 , 20
0.5403417133461043 , 128592 1470969 -2377019 -593426 -921380 -2771424 , 2395420 207164 -207164 0 1443458 1236294 , -542249 591643 -967774 -120149 884626 -1094271 , 1434145 1311999 -1311999 0 1832644 520645 , 722018 2377019 -1470969 593426 -394405 -2392349 , -1608071 1222868 -647495 -852539 672222 -1052630 , -755532 647495 -1222868 852539 -405135 -550646 , -422100 967774 -591643 120149 -126497 292983 , 953404 -1519163 1519163 0 -3276102 -1756939 , 3.559184581336189e-10 , 21
0.5403417133461043 , 128592 1470969 -2377019 -593426 -921380 -2771424 , 1434145 1311999 -1311999 0 1832644 520645 , -672222 852539 -405135 -1222868 1608071 -1052630 , 2395420 207164 -207164 0 1443458 1236294 , 722018 2377019 -1470969 593426 -394405 -2392349 , -884626 120149 -126497 -591643 542249 -1094271 , -292983 126497 -120149 591643 -967774 422100 , 550646 405135 -852539 1222868 -647495 755532 , 953404 -1519163 1519163 0 -3276102 -1756939 , 3.5591845813368901e-10 , 22
0.5403417133461043 , 128592 1470969 -2377019 -593426 -921380 -2771424 , 1434145 1311999 -1311999 0 1832644 520645 , 672222 -852539 405135 1222868 -1608071 1052630 , 2395420 207164 -207164 0 1443458 1236294 , 722018 2377019 -1470969 593426 -394405 -2392349 , 884626 -120149 126497 591643 -542249 1094271 , 292983 -126497 120149 -591643 967774 -422100 , -550646 -405135 852539 -1222868 647495 -755532 , 953404 -1519163 1519163 0 -3276102 -1756939 , 3.5591845813368901e-10 , 23
0.5403417133461043 , 128592 1470969 -2377019 -593426 -921380 -2771424 , 1434145 1311999 -1311999 0 1832644 520645 , -1052630 672222 -852539 -647495 1222868 -1608071 , 2395420 207164 -207164 0 1443458 1236294 , 722018 2377019 -1470969 593426 -394405 -2392349 , -1094271 884626 -120149 -967774 591643 -542249 , -126497 120149 -884626 967774 -422100 -292983 , -405135 852539 -672222 647495 -755532 550646 , 953404 -1519163 1519163 0 -3276102 -1756939 , 3.5591845813432439e-10 , 24
0.5403417133461043 , 128592 1470969 -2377019 -593426 -921380 -2771424 , 1434145 1311999 -1311999 0 1832644 520645 , 1052630 -672222 852539 647495 -1222868 1608071 , 2395420 207164 -207164 0 1443458 1236294 , 722018 2377019 -1470969 593426 -394405 -2392349 , 1094271 -884626 120149 967774 -591643 542249 , 126497 -120149 884626 -967774 422100 292983 , 405135 -852539 672222 -647495 755532 -550646 , 953404 -1519163 1519163 0 -3276102 -1756939 , 3.5591845813432439e-10 , 25
0.5403417133461043 , 128592 1470969 -2377019 -593426 -921380 -2771424 , 2395420 207164 -207164 0 1443458 1236294 , -1094271 542249 -591643 -126497 120149 -884626 , 1434145 1311999 -1311999 0 1832644 520645 , 722018 2377019 -1470969 593426 -394405 -2392349 , -1052630 1608071 -1222868 -405135 852539 -672222 , -647495 1222868 -1608071 405135 550646 -755532 , -967774 591643 -542249 126497 -292983 -422100 , 953404 -1519163 1519163 0 -3276102 -1756939 , 3.5591845813437665e-10 , 26
0.5403417133461043 , 128592 1470969 -2377019 -593426 -921380 -2771424 , 2395420 207164 -207164 0 1443458 1236294 , 1094271 -542249 591643 126497 -120149 884626 , 1434145 1311999 -1311999 0 1832644 520645 , 722018 2377019 -1470969 593426 -394405 -2392349 , 1052630 -1608071 1222868 405135 -852539 672222 , 647495 -1222868 1608071 -405135 -550646 755532 , 967774 -591643 542249 -126497 292983 422100 , 953404 -1519163 1519163 0 -3276102 -1756939 , 3.5591845813437665e-10 , 27
0.5403417133461043 , 128592 1470969 -2377019 -593426 -921380 -2771424 , 2395420 207164 -207164 0 1443458 1236294 , -292983 126497 -120149 591643 -967774 422100 , 1434145 1311999 -1311999 0 1832644 520645 , 722018 2377019 -1470969 593426 -394405 -2392349 , 550646 405135 -852539 1222868 -647495 755532 , -672222 852539 -405135 -1222868 1608071 -1052630 , -884626 120149 -126497 -591643 542249 -1094271 , 953404 -1519163 1519163 0 -3276102 -1756939 , 3.5591845814447663e-10 , 28
0.5403417133461043 , 128592 1470969 -2377019 -593426 -921380 -2771424 , 2395420 207164 -207164 0 1443458 1236294 , 292983 -126497 120149 -591643 967774 -422100 , 1434145 1311999 -1311999 0 1832644 520645 , 722018 2377019 -1470969 593426 -394405 -2392349 , -550646 -405135 852539 -1222868 647495 -755532 , 672222 -852539 405135 1222868 -1608071 1052630 , 884626 -120149 126497 591643 -542249 1094271 , 953404 -1519163 1519163 0 -3276102 -1756939 , 3.5591845814447663e-10 , 29
0.5403417133461043 , 128592 1470969 -2377019 -593426 -921380 -2771424 , 2395420 207164 -207164 0 1443458 1236294 , -422100 -292983 126497 -542249 591643 -967774 , 1434145 1311999 -1311999 0 1832644 520645 , 722018 2377019 -1470969 593426 -394405 -2392349 , -755532 550646 405135 -1608071 1222868 -647495 , 852539 -405135 -550646 1608071 -1052630 672222 , 120149 -126497 292983 542249 -1094271 884626 , 953404 -1519163 1519163 0 -3276102 -1756939 , 3.5591845816877904e-10 , 30
0.5403417133461043 , 128592 1470969 -2377019 -593426 -921380 -2771424 , 2395420 207164 -207164 0 1443458 1236294 , 422100 292983 -126497 542249 -591643 967774 , 1434145 1311999 -1311999 0 1832644 520645 , 722018 2377019 -1470969 593426 -394405 -2392349 , 755532 -550646 -405135 1608071 -1222868 647495 , -852539 405135 550646 -1608071 1052630 -672222 , -120149 126497 -292983 -542249 1094271 -884626 , 953404 -1519163 1519163 0 -3276102 -1756939 , 3.5591845816877904e-10 , 31
0.5403417133461043 , 128592 1470969 -2377019 -593426 -921380 -2771424 , 1434145 1311999 -1311999 0 1832644 520645 , 550646 -755532 647495 -672222 852539 -405135 , 2395420 207164 -207164 0 1443458 1236294 , 722018 2377019 -1470969 593426 -394405 -2392349 , -292983 -422100 967774 -884626 120149 -126497 , 591643 -967774 422100 884626 -1094271 542249 , 1222868 -647495 755532 672222 -1052630 1608071 , 953404 -1519163 1519163 0 -3276102 -1756939 , 3.5591845817929757e-10 , 32
0.5403417133461043 , 128592 1470969 -2377019 -593426 -921380 -2771424 , 1434145 1311999 -1311999 0 1832644 520645 , -550646 755532 -647495 672222 -852539 405135 , 2395420 207164 -207164 0 1443458 1236294 , 722018 2377019 -1470969 593426 -394405 -2392349 , 292983 422100 -967774 884626 -120149 126497 , -591643 967774 -422100 -884626 1094271 -542249 , -1222868 647495 -755532 -672222 1052630 -1608071 , 953404 -1519163 1519163 0 -3276102 -1756939 , 3.5591845817929757e-10 , 33
0.5403417133461043 , 128592 1470969 -2377019 -593426 -921380 -2771424 , 1434145 1311999 -1311999 0 1832644 520645 , -852539 405135 550646 -1608071 1052630 -672222 , 2395420 207164 -207164 0 1443458 1236294 , 722018 2377019 -1470969 593426 -394405 -2392349 , -120149 126497 -292983 -542249 1094271 -884626 , 422100 292983 -126497 542249 -591643 967774 , 755532 -550646 -405135 1608071 -1222868 647495 , 953404 -1519163 1519163 0 -3276102 -1756939 , 3.5591845820086429e-10 , 34
0.5403417133461043 , 128592 1470969 -2377019 -593426 -921380 -2771424 , 1434145 1311999 -1311999 0 1832644 520645 , 852539 -405135 -550646 1608071 -1052630 672222 , 2395420 207164 -207164 0 1443458 1236294 , 722018 2377019 -1470969 593426 -394405 -2392349 , 120149 -126497 292983 542249 -1094271 884626 , -422100 -292983 126497 -542249 591643 -967774 , -755532 550646 405135 -1608071 1222868 -647495 , 953404 -1519163 1519163 0 -3276102 -1756939 , 3.5591845820086429e-10 , 35
0.650511205864442 , 1409712 -383677 -603703 -1052782 -1265340 -1921698 , 830062 1989814 -1989814 0 2063778 73964 , -1343563 1080107 -1516001 294627 301500 -1287692 , 2999503 -470651 470651 0 1212324 1682975 , 2462494 603703 383677 1052782 -1317995 -881663 , 24494 -328573 567197 55520 -661381 494864 , -31026 -567197 328573 -55520 -72333 -332808 , -1638190 1516001 -1080107 -294627 228309 -778607 , 953404 -1519163 1519163 0 -3276102 -1756939 , 3.5591845551005713e-10 , 0
0.650511205864442 , 1409712 -383677 -603703 -1052782 -1265340 -1921698 , 830062 1989814 -1989814 0 2063778 73964 , 1343563 -1080107 1516001 -294627 -301500 1287692 , 2999503 -470651 470651 0 1212324 1682975 , 2462494 603703 383677 1052782 -1317995 -881663 , -24494 328573 -567197 -55520 661381 -494864 , 31026 567197 -328573 55520 72333 332808 , 1638190 -1516001 1080107 294627 -228309 778607 , 953404 -1519163 1519163 0 -3276102 -1756939 , 3.5591845551005713e-10 , 1
0.650511205864442 , 1409712 -383677 -603703 -1052782 -1265340 -1921698 , 2999503 -470651 470651 0 1212324 1682975 , -328573 24494 -494864 332808 -31026 -567197 , 830062 1989814 -1989814 0 2063778 73964 , 2462494 603703 383677 1052782 -1317995 -881663 , 1080107 -1343563 1287692 778607 -1638190 1516001 , 301500 -1287692 1343563 -778607 228309 -294627 , -661381 494864 -24494 -332808 -72333 -55520 , 953404 -1519163 1519163 0 -3276102 -1756939 , 3.559184555101003e-10 , 2
0.650511205864442 , 1409712 -383677 -603703 -1052782 -1265340 -1921698 , 2999503 -470651 470651 0 1212324 1682975 , 328573 -24494 494864 -332808 31026 567197 , 830062 1989814 -1989814 0 2063778 73964 , 2462494 603703 383677 1052782 -1317995 -881663 , -1080107 1343563 -1287692 -778607 1638190 -1516001 , -301500 1287692 -1343563 778607 -228309 294627 , 661381 -494864 24494 332808 72333 55520 , 953404 -1519163 1519163 0 -3276102 -1756939 , 3.559184555101003e-10 , 3
0.650511205864442 , 1409712 -383677 -603703 -1052782 -1265340 -1921698 , 2999503 -470651 470651 0 1212324 1682975 , -332808 31026 567197 -661381 55520 72333 , 830062 1989814 -1989814 0 2063778 73964 , 2462494 603703 383677 1052782 -1317995 -881663 , -778607 1638190 -1516001 301500 294627 -228309 , -1080107 1516001 -1638190 -301500 1287692 -1343563 , 328573 -567197 -31026 661381 -494864 24494 , 953404 -1519163 1519163 0 -3276102 -1756939 , 3.559184555280662e-10 , 4
0.650511205864442 , 1409712 -383677 -603703 -1052782 -1265340 -1921698 , 2999503 -470651 470651 0 1212324 1682975 , 332808 -31026 -567197 661381 -55520 -72333 , 830062 1989814 -1989814 0 2063778 73964 , 2462494 603703 383677 1052782 -1317995 -881663 , 778607 -1638190 1516001 -301500 -294627 228309 , 1080107 -1516001 1638190 301500 -1287692 1343563 , -328573 567197 31026 -661381 494864 -24494 , 953404 -1519163 1519163 0 -3276102 -1756939 , 3.559184555280662e-10 , 5
0.650511205864442 , 1409712 -383677 -603703 -1052782 -1265340 -1921698 , 830062 1989814 -1989814 0 2063778 73964 , 294627 301500 -1287692 1638190 -778607 228309 , 2999503 -470651 470651 0 1212324 1682975 , 2462494 603703 383677 1052782 -1317995 -881663 , 55520 -661381 494864 31026 -332808 -72333 , 24494 -494864 661381 -31026 -567197 328573 , -1343563 1287692 -301500 -1638190 1516001 -1080107 , 953404 -1519163 1519163 0 -3276102 -1756939 , 3.5591845552829936e-10 , 6
0.650511205864442 , 1409712 -383677 -603703 -1052782 -1265340 -1921698 , 830062 1989814 -1989814 0 2063778 73964 , -294627 -301500 1287692 -1638190 778607 -228309 , 2999503 -470651 470651 0 1212324 1682975 , 2462494 603703 383677 1052782 -1317995 -881663 , -55520 661381 -494864 -31026 332808 72333 , -24494 494864 -661381 31026 567197 -328573 , 1343563 -1287692 301500 1638190 -1516001 1080107 , 953404 -1519163 1519163 0 -3276102 -1756939 , 3.5591845552829936e-10 , 7
0.650511205864442 , 1409712 -383677 -603703 -1052782 -1265340 -1921698 , 830062 1989814 -1989814 0 2063778 73964 , -1080107 1516001 -1638190 -301500 1287692 -1343563 , 2999503 -470651 470651 0 1212324 1682975 , 2462494 603703 383677 1052782 -1317995 -881663 , 328573 -567197 -31026 661381 -494864 24494 , -332808 31026 567197 -661381 55520 72333 , -778607 1638190 -1516001 301500 294627 -228309 , 953404 -1519163 1519163 0 -3276102 -1756939 , 3.5591845552866084e-10 , 8
0.650511205864442 , 1409712 -383677 -603703 -1052782 -1265340 -1921698 , 830062 1989814 -1989814 0 2063778 73964 , 1080107 -1516001 1638190 301500 -1287692 1343563 , 2999503 -470651 470651 0 1212324 1682975 , 2462494 603703 383677 1052782 -1317995 -881663 , -328573 567197 31026 -661381 494864 -24494 , 332808 -31026 -567197 661381 -55520 -72333 , 778607 -1638190 1516001 -301500 -294627 228309 , 953404 -1519163 1519163 0 -3276102 -1756939 , 3.5591845552866084e-10 , 9
0.650511205864442 , 1409712 -383677 -603703 -1052782 -1265340 -1921698 , 830062 1989814 -1989814 0 2063778 73964 , -228309 294627 301500 -1516001 1638190 -778607 , 2999503 -470651 470651 0 1212324 1682975 , 2462494 603703 383677 1052782 -1317995 -881663 , 72333 55520 -661381 567197 31026 -332808 , -494864 661381 -55520 -567197 328573 -24494 , 1287692 -301500 -294627 1516001 -1080107 1343563 , 953404 -1519163 1519163 0 -3276102 -1756939 , 3.5591845552966499e-10 , 10
0.650511205864442 , 1409712 -383677 -603703 -1052782 -1265340 -1921698 , 830062 1989814 -1989814 0 2063778 73964 , 228309 -294627 -301500 1516001 -1638190 778607 , 2999503 -470651 470651 0 1212324 1682975 , 2462494 603703 383677 1052782 -1317995 -881663 , -72333 -55520 661381 -567197 -31026 332808 , 494864 -661381 55520 567197 -328573 24494 , -1287692 301500 294627 -1516001 1080107 -1343563 , 953404 -1519163 1519163 0 -3276102 -1756939 , 3.5591845552966499e-10 , 11
0.650511205864442 , 1409712 -383677 -603703 -1052782 -1265340 -1921698 , 830062 1989814 -1989814 0 2063778 73964 , -1516001 1638190 -778607 -1287692 1343563 -1080107 , 2999503 -470651 470651 0 1212324 1682975 , 2462494 603703 383677 1052782 -1317995 -881663 , 567197 31026 -332808 494864 -24494 328573 , 72333 332808 -31026 -494864 661381 -55520 , -228309 778607 -1638190 1287692 -301500 -294627 , 953404 -1519163 1519163 0 -3276102 -1756939 , 3.5591845553331657e-10 , 12
0.650511205864442 , 1409712 -383677 -603703 -1052782 -1265340 -1921698 , 830062 1989814 -1989814 0 2063778 73964 , 1516001 -1638190 778607 1287692 -1343563 1080107 , 2999503 -470651 470651 0 1212324 1682975 , 2462494 603703 383677 1052782 -1317995 -881663 , -567197 -31026 332808 -494864 24494 -328573 , -72333 -332808 31026 494864 -661381 55520 , 228309 -778607 1638190 -1287692 301500 294627 , 953404 -1519163 1519163 0 -3276102 -1756939 , 3.5591845553331657e-10 , 13
0.650511205864442 , 1409712 -383677 -603703 -1052782 -1265340 -1921698 , 830062 1989814 -1989814 0 2063778 73964 , -1638190 778607 -228309 -1343563 1080107 -1516001 , 2999503 -470651 470651 0 1212324 1682975 , 2462494 603703 383677 1052782 -1317995 -881663 , -31026 332808 72333 24494 -328573 567197 , -55520 -72333 -332808 -24494 494864 -661381 , -294627 228309 -778607 1343563 -1287692 301500 , 953404 -1519163 1519163 0 -3276102 -1756939 , 3.5591845553981113e-10 , 14
0.650511205864442 , 1409712 -383677 -603703 -1052782 -1265340 -1921698 , 830062 1989814 -1989814 0 2063778 73964 , 1638190 -778607 228309 1343563 -1080107 1516001 , 2999503 -470651 470651 0 1212324 1682975 , 2462494 603703 383677 1052782 -1317995 -881663 , 31026 -332808 -72333 -24494 328573 -567197 , 55520 72333 332808 24494 -494864 661381 , 294627 -228309 778607 -1343563 1287692 -301500 , 953404 -1519163 1519163 0 -3276102 -1756939 , 3.5591845553981113e-10 , 15
0.650511205864442 , 1409712 -383677 -603703 -1052782 -1265340 -1921698 , 2999503 -470651 470651 0 1212324 1682975 , 494864 -661381 55520 567197 -328573 24494 , 830062 1989814 -1989814 0 2063778 73964 , 2462494 603703 383677 1052782 -1317995 -881663 , -1287692 301500 294627 -1516001 1080107 -1343563 , 228309 -294627 -301500 1516001 -1638190 778607 , -72333 -55520 661381 -567197 -31026 332808 , 953404 -1519163 1519163 0 -3276102 -1756939 , 3.559184555399958e-10 , 16
0.650511205864442 , 1409712 -383677 -603703 -1052782 -1265340 -1921698 , 2999503 -470651 470651 0 1212324 1682975 , -494864 661381 -55520 -567197 328573 -24494 , 830062 1989814 -1989814 0 2063778 73964 , 2462494 603703 383677 1052782 -1317995 -881663 , 1287692 -301500 -294627 1516001 -1080107 1343563 , -228309 294627 301500 -1516001 1638190 -778607 , 72333 55520 -661381 567197 31026 -332808 , 953404 -1519163 1519163 0 -3276102 -1756939 , 3.559184555399958e-10 , 17
0.650511205864442 , 1409712 -383677 -603703 -1052782 -1265340 -1921698 , 2999503 -470651 470651 0 1212324 1682975 , -661381 55520 72333 -328573 24494 -494864 , 830062 1989814 -1989814 0 2063778 73964 , 2462494 603703 383677 1052782 -1317995 -881663 , 301500 294627 -228309 1080107 -1343563 1287692 , -778607 228309 -294627 -1080107 1516001 -1638190 , -332808 -72333 -55520 328573 -567197 -31026 , 953404 -1519163 1519163 0 -3276102 -1756939 , 3.5591845554005349e-10 , 18
0.650511205864442 , 1409712 -383677 -603703 -1052782 -1265340 -1921698 , 2999503 -470651 470651 0 1212324 1682975 , 661381 -55520 -72333 328573 -24494 494864 , 830062 1989814 -1989814 0 2063778 73964 , 2462494 603703 383677 1052782 -1317995 -881663 , -301500 -294627 228309 -1080107 1343563 -1287692 , 778607 -228309 294627 1080107 -1516001 1638190 , 332808 72333 55520 -328573 567197 31026 , 953404 -1519163 1519163 0 -3276102 -1756939 , 3.5591845554005349e-10 , 19
0.650511205864442 , 1409712 -383677 -603703 -1052782 -1265340 -1921698 , 2999503 -470651 470651 0 1212324 1682975 , 567197 -328573 24494 72333 332808 -31026 , 830062 1989814 -1989814 0 2063778 73964 , 2462494 603703 383677 1052782 -1317995 -881663 , -1516001 1080107 -1343563 -228309 778607 -1638190 , -1287692 1343563 -1080107 228309 -294627 -301500 , 494864 -24494 328573 -72333 -55520 661381 , 953404 -1519163 1519163 0 -3276102 -1756939 , 3.5591845554048952e-10 , 20
0.650511205864442 , 1409712 -383677 -603703 -1052782 -1265340 -1921698 , 2999503 -470651 470651 0 1212324 1682975 , -567197 328573 -24494 -72333 -332808 31026 , 830062 1989814 -1989814 0 2063778 73964 , 2462494 603703 383677 1052782 -1317995 -881663 , 1516001 -1080107 1343563 228309 -778607 1638190 , 1287692 -1343563 1080107 -228309 294627 301500 , -494864 24494 -328573 72333 55520 -661381 , 953404 -1519163 1519163 0 -3276102 -1756939 , 3.5591845554048952e-10 , 21
0.650511205864442 , 1409712 -383677 -603703 -1052782 -1265340 -1921698 , 2999503 -470651 470651 0 1212324 1682975 , 72333 332808 -31026 -494864 661381 -55520 , 830062 1989814 -1989814 0 2063778 73964 , 2462494 603703 383677 1052782 -1317995 -881663 , -228309 778607 -1638190 1287692 -301500 -294627 , -1516001 1638190 -778607 -1287692 1343563 -1080107 , 567197 31026 -332808 494864 -24494 328573 , 953404 -1519163 1519163 0 -3276102 -1756939 , 3.5591845554050343e-10 , 22
0.650511205864442 , 1409712 -383677 -603703 -1052782 -1265340 -1921698 , 2999503 -470651 470651 0 1212324 1682975 , -72333 -332808 31026 494864 -661381 55520 , 830062 1989814 -1989814 0 2063778 73964 , 2462494 603703 383677 1052782 -1317995 -881663 , 228309 -778607 1638190 -1287692 301500 294627 , 1516001 -1638190 778607 1287692 -1343563 1080107 , -567197 -31026 332808 -494864 24494 -328573 , 953404 -1519163 1519163 0 -3276102 -1756939 , 3.5591845554050343e-10 , 23
0.650511205864442 , 1409712 -383677 -603703 -1052782 -1265340 -1921698 , 830062 1989814 -1989814 0 2063778 73964 , -301500 1287692 -1343563 778607 -228309 294627 , 2999503 -470651 470651 0 1212324 1682975 , 2462494 603703 383677 1052782 -1317995 -881663 , 661381 -494864 24494 332808 72333 55520 , 328573 -24494 494864 -332808 31026 567197 , -1080107 1343563 -1287692 -778607 1638190 -1516001 , 953404 -1519163 1519163 0 -3276102 -1756939 , 3.5591845554535557e-10 , 24
0.650511205864442 , 1409712 -383677 -603703 -1052782 -1265340 -1921698 , 830062 1989814 -1989814 0 2063778 73964 , 301500 -1287692 1343563 -778607 228309 -294627 , 2999503 -470651 470651 0 1212324 1682975 , 2462494 603703 383677 1052782 -1317995 -881663 , -661381 494864 -24494 -332808 -72333 -55520 , -328573 24494 -494864 332808 -31026 -567197 , 1080107 -1343563 1287692 778607 -1638190 1516001 , 953404 -1519163 1519163 0 -3276102 -1756939 , 3.5591845554535557e-10 , 25
0.650511205864442 , 1409712 -383677 -603703 -1052782 -1265340 -1921698 , 830062 1989814 -1989814 0 2063778 73964 , -1287692 1343563 -1080107 228309 -294627 -301500 , 2999503 -470651 470651 0 1212324 1682975 , 2462494 603703 383677 1052782 -1317995 -881663 , 494864 -24494 328573 -72333 -55520 661381 , 567197 -328573 24494 72333 332808 -31026 , -1516001 1080107 -1343563 -228309 778607 -1638190 , 953404 -1519163 1519163 0 -3276102 -1756939 , 3.559184555460748e-10 , 26
0.650511205864442 , 1409712 -383677 -603703 -1052782 -1265340 -1921698 , 830062 1989814 -1989814 0 2063778 73964 , 1287692 -1343563 1080107 -228309 294627 301500 , 2999503 -470651 470651 0 1212324 1682975 , 2462494 603703 383677 1052782 -1317995 -881663 , -494864 24494 -328573 72333 55520 -661381 , -567197 328573 -24494 -72333 -332808 31026 , 1516001 -1080107 1343563 228309 -778607 1638190 , 953404 -1519163 1519163 0 -3276102 -1756939 , 3.559184555460748e-10 , 27
0.650511205864442 , 1409712 -383677 -603703 -1052782 -1265340 -1921698 , 2999503 -470651 470651 0 1212324 1682975 , 55520 72333 332808 24494 -494864 661381 , 830062 1989814 -1989814 0 2063778 73964 , 2462494 603703 383677 1052782 -1317995 -881663 , 294627 -228309 778607 -1343563 1287692 -301500 , 1638190 -778607 228309 1343563 -1080107 1516001 , 31026 -332808 -72333 -24494 328573 -567197 , 953404 -1519163 1519163 0 -3276102 -1756939 , 3.5591845554699576e-10 , 28
0.650511205864442 , 1409712 -383677 -603703 -1052782 -1265340 -1921698 , 2999503 -470651 470651 0 1212324 1682975 , -55520 -72333 -332808 -24494 494864 -661381 , 830062 1989814 -1989814 0 2063778 73964 , 2462494 603703 383677 1052782 -1317995 -881663 , -294627 228309 -778607 1343563 -1287692 301500 , -1638190 778607 -228309 -1343563 1080107 -1516001 , -31026 332808 72333 24494 -328573 567197 , 953404 -1519163 1519163 0 -3276102 -1756939 , 3.5591845554699576e-10 , 29
0.650511205864442 , 1409712 -383677 -603703 -1052782 -1265340 -1921698 , 2999503 -470651 470651 0 1212324 1682975 , -24494 494864 -661381 31026 567197 -328573 , 830062 1989814 -1989814 0 2063778 73964 , 2462494 603703 383677 1052782 -1317995 -881663 , 1343563 -1287692 301500 1638190 -1516001 1080107 , -294627 -301500 1287692 -1638190 778607 -228309 , -55520 661381 -494864 -31026 332808 72333 , 953404 -1519163 1519163 0 -3276102 -1756939 , 3.5591845554699628e-10 , 30
0.650511205864442 , 1409712 -383677 -603703 -1052782 -1265340 -1921698 , 2999503 -470651 470651 0 1212324 1682975 , 24494 -494864 661381 -31026 -567197 328573 , 830062 1989814 -1989814 0 2063778 73964 , 2462494 603703 383677 1052782 -1317995 -881663 , -1343563 1287692 -301500 -1638190 1516001 -1080107 , 294627 301500 -1287692 1638190 -778607 228309 , 55520 -661381 494864 31026 -332808 -72333 , 953404 -1519163 1519163 0 -3276102 -1756939 , 3.5591845554699628e-10 , 31
0.650511205864442 , 1409712 -383677 -603703 -1052782 -1265340 -1921698 , 2999503 -470651 470651 0 1212324 1682975 , 31026 567197 -328573 55520 72333 332808 , 830062 1989814 -1989814 0 2063778 73964 , 2462494 603703 383677 1052782 -1317995 -881663 , 1638190 -1516001 1080107 294627 -228309 778607 , 1343563 -1080107 1516001 -294627 -301500 1287692 , -24494 328573 -567197 -55520 661381 -494864 , 953404 -1519163 1519163 0 -3276102 -1756939 , 3.5591845555138995e-10 , 32
0.650511205864442 , 1409712 -383677 -603703 -1052782 -1265340 -1921698 , 2999503 -470651 470651 0 1212324 1682975 , -31026 -567197 328573 -55520 -72333 -332808 , 830062 1989814 -1989814 0 2063778 73964 , 2462494 603703 383677 1052782 -1317995 -881663 , -1638190 1516001 -1080107 -294627 228309 -778607 , -1343563 1080107 -1516001 294627 301500 -1287692 , 24494 -328573 567197 55520 -661381 494864 , 953404 -1519163 1519163 0 -3276102 -1756939 , 3.5591845555138995e-10 , 33
0.650511205864442 , 1409712 -383677 -603703 -1052782 -1265340 -1921698 , 830062 1989814 -1989814 0 2063778 73964 , 778607 -228309 294627 1080107 -1516001 1638190 , 2999503 -470651 470651 0 1212324 1682975 , 2462494 603703 383677 1052782 -1317995 -881663 , 332808 72333 55520 -328573 567197 31026 , 661381 -55520 -72333 328573 -24494 494864 , -301500 -294627 228309 -1080107 1343563 -1287692 , 953404 -1519163 1519163 0 -3276102 -1756939 , 3.5591845555226397e-10 , 34
0.650511205864442 , 1409712 -383677 -603703 -1052782 -1265340 -1921698 , 830062 1989814 -1989814 0 2063778 73964 , -778607 228309 -294627 -1080107 1516001 -1638190 , 2999503 -470651 470651 0 1212324 1682975 , 2462494 603703 383677 1052782 -1317995 -881663 , -332808 -72333 -55520 328573 -567197 -31026 , -661381 55520 72333 -328573 24494 -494864 , 301500 294627 -228309 1080107 -1343563 1287692 , 953404 -1519163 1519163 0 -3276102 -1756939 , 3.5591845555226397e-10 , 35
0.7583344730628525 , 97693 1200647 -2614087 -357789 -1469113 -2469244 , 2189116 425127 -425127 0 1511371 1086244 , -359303 -593046 599533 -682466 362222 -754118 , 1640449 1094036 -1094036 0 1764731 670695 , 455482 2614087 -1200647 357789 144843 -2669760 , -153582 -674456 1042133 -999808 404884 -393579 , 846226 -1042133 674456 999808 -1435712 1079340 , 323163 -599533 593046 682466 -1353651 955268 , 953404 -1519163 1519163 0 -3276102 -1756939 , 3.5591845474497163e-10 , 0
0.7583344730628525 , 97693 1200647 -2614087 -357789 -1469113 -2469244 , 2189116 425127 -425127 0 1511371 1086244 , 359303 593046 -599533 682466 -362222 754118 , 1640449 1094036 -1094036 0 1764731 670695 , 455482 2614087 -1200647 357789 144843 -2669760 , 153582 674456 -1042133 999808 -404884 393579 , -846226 1042133 -674456 -999808 1435712 -1079340 , -323163 599533 -593046 -682466 1353651 -955268 , 953404 -1519163 1519163 0 -3276102 -1756939 , 3.5591845474497163e-10 , 1
0.7583344730628525 , 97693 1200647 -2614087 -357789 -1469113 -2469244 , 2189116 425127 -425127 0 1511371 1086244 , 599533 -323163 955268 -754118 359303 593046 , 1640449 1094036 -1094036 0 1764731 670695 , 455482 2614087 -1200647 357789 144843 -2669760 , 1042133 -846226 1079340 -393579 153582 674456 , 1435712 -1079340 846226 393579 -404884 999808 , 1353651 -955268 323163 754118 -362222 682466 , 953404 -1519163 1519163 0 -3276102 -1756939 , 3.559184547545388e-10 , 2
0.7583344730628525 , 97693 1200647 -2614087 -357789 -1469113 -2469244 , 2189116 425127 -425127 0 1511371 1086244 , -599533 323163 -955268 754118 -359303 -593046 , 1640449 1094036 -1094036 0 1764731 670695 , 455482 2614087 -1200647 357789 144843 -2669760 , -1042133 846226 -1079340 393579 -153582 -674456 , -1435712 1079340 -846226 -393579 404884 -999808 , -1353651 955268 -323163 -754118 362222 -682466 , 953404 -1519163 1519163 0 -3276102 -1756939 , 3.559184547545388e-10 , 3
0.7583344730628525 , 97693 1200647 -2614087 -357789 -1469113 -2469244 , 1640449 1094036 -1094036 0 1764731 670695 , 1079340 -846226 1042133 404884 -999808 1435712 , 2189116 425127 -425127 0 1511371 1086244 , 455482 2614087 -1200647 357789 144843 -2669760 , 955268 -323163 599533 362222 -682466 1353651 , 593046 -599533 323163 -362222 754118 -359303 , 674456 -1042133 846226 -404884 393579 -153582 , 953404 -1519163 1519163 0 -3276102 -1756939 , 3.559184547545389e-10 , 4
0.7583344730628525 , 97693 1200647 -2614087 -357789 -1469113 -2469244 , 1640449 1094036 -1094036 0 1764731 670695 , -1079340 846226 -1042133 -404884 999808 -1435712 , 2189116 425127 -425127 0 1511371 1086244 , 455482 2614087 -1200647 357789 144843 -2669760 , -955268 323163 -599533 -362222 682466 -1353651 , -593046 599533 -323163 362222 -754118 359303 , -674456 1042133 -846226 404884 -393579 153582 , 953404 -1519163 1519163 0 -3276102 -1756939 , 3.559184547545389e-10 , 5
0.7583344730628525 , 97693 1200647 -2614087 -357789 -1469113 -2469244 , 1640449 1094036 -1094036 0 1764731 670695 , -999808 1435712 -1079340 -153582 393579 -404884 , 2189116 425127 -425127 0 1511371 1086244 , 455482 2614087 -1200647 357789 144843 -2669760 , -682466 1353651 -955268 -359303 754118 -362222 , -323163 955268 -1353651 359303 593046 -599533 , -846226 1079340 -1435712 153582 674456 -1042133 , 953404 -1519163 1519163 0 -3276102 -1756939 , 3.5591845475677249e-10 , 6
0.7583344730628525 , 97693 1200647 -2614087 -357789 -1469113 -2469244 , 1640449 1094036 -1094036 0 1764731 670695 , 999808 -1435712 1079340 153582 -393579 404884 , 2189116 425127 -425127 0 1511371 1086244 , 455482 2614087 -1200647 357789 144843 -2669760 , 682466 -1353651 955268 359303 -754118 362222 , 323163 -955268 1353651 -359303 -593046 599533 , 846226 -1079340 1435712 -153582 -674456 1042133 , 953404 -1519163 1519163 0 -3276102 -1756939 , 3.5591845475677249e-10 , 7
0.7583344730628525 , 97693 1200647 -2614087 -357789 -1469113 -2469244 , 2189116 425127 -425127 0 1511371 1086244 , -323163 955268 -1353651 359303 593046 -599533 , 1640449 1094036 -1094036 0 1764731 670695 , 455482 2614087 -1200647 357789 144843 -2669760 , -846226 1079340 -1435712 153582 674456 -1042133 , -999808 1435712 -1079340 -153582 393579 -404884 , -682466 1353651 -955268 -359303 754118 -362222 , 953404 -1519163 1519163 0 -3276102 -1756939 , 3.5591845475757315e-10 , 8
0.7583344730628525 , 97693 1200647 -2614087 -357789 -1469113 -2469244 , 2189116 425127 -425127 0 1511371 1086244 , 323163 -955268 1353651 -359303 -593046 599533 , 1640449 1094036 -1094036 0 1764731 670695 , 455482 2614087 -1200647 357789 144843 -2669760 , 846226 -1079340 1435712 -153582 -674456 1042133 , 999808 -1435712 1079340 153582 -393579 404884 , 682466 -1353651 955268 359303 -754118 362222 , 953404 -1519163 1519163 0 -3276102 -1756939 , 3.5591845475757315e-10 , 9
0.7583344730628525 , 97693 1200647 -2614087 -357789 -1469113 -2469244 , 2189116 425127 -425127 0 1511371 1086244 , -955268 1353651 -682466 -593046 599533 -323163 , 1640449 1094036 -1094036 0 1764731 670695 , 455482 2614087 -1200647 357789 144843 -2669760 , -1079340 1435712 -999808 -674456 1042133 -846226 , -404884 999808 -1435712 674456 153582 -393579 , -362222 682466 -1353651 593046 359303 -754118 , 953404 -1519163 1519163 0 -3276102 -1756939 , 3.559184547575775e-10 , 10
0.7583344730628525 , 97693 1200647 -2614087 -357789 -1469113 -2469244 , 2189116 425127 -425127 0 1511371 1086244 , 955268 -1353651 682466 593046 -599533 323163 , 1640449 1094036 -1094036 0 1764731 670695 , 455482 2614087 -1200647 357789 144843 -2669760 , 1079340 -1435712 999808 674456 -1042133 846226 , 404884 -999808 1435712 -674456 -153582 393579 , 362222 -682466 1353651 -593046 -359303 754118 , 953404 -1519163 1519163 0 -3276102 -1756939 , 3.559184547575775e-10 , 11
0.7583344730628525 , 97693 1200647 -2614087 -357789 -1469113 -2469244 , 1640449 1094036 -1094036 0 1764731 670695 , -846226 1042133 -674456 -999808 1435712 -1079340 , 2189116 425127 -425127 0 1511371 1086244 , 455482 2614087 -1200647 357789 144843 -2669760 , -323163 599533 -593046 -682466 1353651 -955268 , 359303 593046 -599533 682466 -362222 754118 , 153582 674456 -1042133 999808 -404884 393579 , 953404 -1519163 1519163 0 -3276102 -1756939 , 3.5591845475757812e-10 , 12
0.7583344730628525 , 97693 1200647 -2614087 -357789 -1469113 -2469244 , 1640449 1094036 -1094036 0 1764731 670695 , 846226 -1042133 674456 999808 -1435712 1079340 , 2189116 425127 -425127 0 1511371 1086244 , 455482 2614087 -1200647 357789 144843 -2669760 , 323163 -599533 593046 682466 -1353651 955268 , -359303 -593046 599533 -682466 362222 -754118 , -153582 -674456 1042133 -999808 404884 -393579 , 953404 -1519163 1519163 0 -3276102 -1756939 , 3.5591845475757812e-10 , 13
0.7583344730628525 , 97693 1200647 -2614087 -357789 -1469113 -2469244 , 2189116 425127 -425127 0 1511371 1086244 , -682466 362222 -754118 -323163 955268 -1353651 , 1640449 1094036 -1094036 0 1764731 670695 , 455482 2614087 -1200647 357789 144843 -2669760 , -999808 404884 -393579 -846226 1079340 -1435712 , -153582 393579 -404884 846226 -1042133 674456 , -359303 754118 -362222 323163 -599533 593046 , 953404 -1519163 1519163 0 -3276102 -1756939 , 3.5591845475906265e-10 , 14
0.7583344730628525 , 97693 1200647 -2614087 -357789 -1469113 -2469244 , 2189116 425127 -425127 0 1511371 1086244 , 682466 -362222 754118 323163 -955268 1353651 , 1640449 1094036 -1094036 0 1764731 670695 , 455482 2614087 -1200647 357789 144843 -2669760 , 999808 -404884 393579 846226 -1079340 1435712 , 153582 -393579 404884 -846226 1042133 -674456 , 359303 -754118 362222 -323163 599533 -593046 , 953404 -1519163 1519163 0 -3276102 -1756939 , 3.5591845475906265e-10 , 15
0.7583344730628525 , 97693 1200647 -2614087 -357789 -1469113 -2469244 , 1640449 1094036 -1094036 0 1764731 670695 , -1435712 1079340 -846226 -393579 404884 -999808 , 2189116 425127 -425127 0 1511371 1086244 , 455482 2614087 -1200647 357789 144843 -2669760 , -1353651 955268 -323163 -754118 362222 -682466 , -599533 323163 -955268 754118 -359303 -593046 , -1042133 846226 -1079340 393579 -153582 -674456 , 953404 -1519163 1519163 0 -3276102 -1756939 , 3.5591845475906378e-10 , 16
0.7583344730628525 , 97693 1200647 -2614087 -357789 -1469113 -2469244 , 1640449 1094036 -1094036 0 1764731 670695 , 1435712 -1079340 846226 393579 -404884 999808 , 2189116 425127 -425127 0 1511371 1086244 , 455482 2614087 -1200647 357789 144843 -2669760 , 1353651 -955268 323163 754118 -362222 682466 , 599533 -323163 955268 -754118 359303 593046 , 1042133 -846226 1079340 -393579 153582 674456 , 953404 -1519163 1519163 0 -3276102 -1756939 , 3.5591845475906378e-10 , 17
0.7583344730628525 , 97693 1200647 -2614087 -357789 -1469113 -2469244 , 1640449 1094036 -1094036 0 1764731 670695 , -393579 404884 -999808 1042133 -674456 -153582 , 2189116 425127 -425127 0 1511371 1086244 , 455482 2614087 -1200647 357789 144843 -2669760 , -754118 362222 -682466 599533 -593046 -359303 , -1353651 682466 -362222 -599533 323163 -955268 , -1435712 999808 -404884 -1042133 846226 -1079340 , 953404 -1519163 1519163 0 -3276102 -1756939 , 3.5591845475980261e-10 , 18
0.7583344730628525 , 97693 1200647 -2614087 -357789 -1469113 -2469244 , 1640449 1094036 -1094036 0 1764731 670695 , 393579 -404884 999808 -1042133 674456 153582 , 2189116 425127 -425127 0 1511371 1086244 , 455482 2614087 -1200647 357789 144843 -2669760 , 754118 -362222 682466 -599533 593046 359303 , 1353651 -682466 362222 599533 -323163 955268 , 1435712 -999808 404884 1042133 -846226 1079340 , 953404 -1519163 1519163 0 -3276102 -1756939 , 3.5591845475980261e-10 , 19
0.7583344730628525 , 97693 1200647 -2614087 -357789 -1469113 -2469244 , 1640449 1094036 -1094036 0 1764731 670695 , -1042133 674456 153582 -1435712 1079340 -846226 , 2189116 425127 -425127 0 1511371 1086244 , 455482 2614087 -1200647 357789 144843 -2669760 , -599533 593046 359303 -1353651 955268 -323163 , 754118 -359303 -593046 1353651 -682466 362222 , 393579 -153582 -674456 1435712 -999808 404884 , 953404 -1519163 1519163 0 -3276102 -1756939 , 3.5591845475981218e-10 , 20
0.7583344730628525 , 97693 1200647 -2614087 -357789 -1469113 -2469244 , 1640449 1094036 -1094036 0 1764731 670695 , 1042133 -674456 -153582 1435712 -1079340 846226 , 2189116 425127 -425127 0 1511371 1086244 , 455482 2614087 -1200647 357789 144843 -2669760 , 599533 -593046 -359303 1353651 -955268 323163 , -754118 359303 593046 -1353651 682466 -362222 , -393579 153582 674456 -1435712 999808 -404884 , 953404 -1519163 1519163 0 -3276102 -1756939 , 3.5591845475981218e-10 , 21
0.7583344730628525 , 97693 1200647 -2614087 -357789 -1469113 -2469244 , 2189116 425127 -425127 0 1511371 1086244 , 362222 -754118 359303 955268 -1353651 682466 , 1640449 1094036 -1094036 0 1764731 670695 , 455482 2614087 -1200647 357789 144843 -2669760 , 404884 -393579 153582 1079340 -1435712 999808 , -674456 -153582 393579 -1079340 846226 -1042133 , -593046 -359303 754118 -955268 323163 -599533 , 953404 -1519163 1519163 0 -3276102 -1756939 , 3.5591845476066857e-10 , 22
0.7583344730628525 , 97693 1200647 -2614087 -357789 -1469113 -2469244 , 2189116 425127 -425127 0 1511371 1086244 , -362222 754118 -359303 -955268 1353651 -682466 , 1640449 1094036 -1094036 0 1764731 670695 , 455482 2614087 -1200647 357789 144843 -2669760 , -404884 393579 -153582 -1079340 1435712 -999808 , 674456 153582 -393579 1079340 -846226 1042133 , 593046 359303 -754118 955268 -323163 599533 , 953404 -1519163 1519163 0 -3276102 -1756939 , 3.5591845476066857e-10 , 23
0.7583344730628525 , 97693 1200647 -2614087 -357789 -1469113 -2469244 , 1640449 1094036 -1094036 0 1764731 670695 , 153582 -393579 404884 -846226 1042133 -674456 , 2189116 425127 -425127 0 1511371 1086244 , 455482 2614087 -1200647 357789 144843 -2669760 , 359303 -754118 362222 -323163 599533 -593046 , 682466 -362222 754118 323163 -955268 1353651 , 999808 -404884 393579 846226 -1079340 1435712 , 953404 -1519163 1519163 0 -3276102 -1756939 , 3.5591845476228343e-10 , 24
0.7583344730628525 , 97693 1200647 -2614087 -357789 -1469113 -2469244 , 1640449 1094036 -1094036 0 1764731 670695 , -153582 393579 -404884 846226 -1042133 674456 , 2189116 425127 -425127 0 1511371 1086244 , 455482 2614087 -1200647 357789 144843 -2669760 , -359303 754118 -362222 323163 -599533 593046 , -682466 362222 -754118 -323163 955268 -1353651 , -999808 404884 -393579 -846226 1079340 -1435712 , 953404 -1519163 1519163 0 -3276102 -1756939 , 3.5591845476228343e-10 , 25
0.7583344730628525 , 97693 1200647 -2614087 -357789 -1469113 -2469244 , 1640449 1094036 -1094036 0 1764731 670695 , 674456 153582 -393579 1079340 -846226 1042133 , 2189116 425127 -425127 0 1511371 1086244 , 455482 2614087 -1200647 357789 144843 -2669760 , 593046 359303 -754118 955268 -323163 599533 , -362222 754118 -359303 -955268 1353651 -682466 , -404884 393579 -153582 -1079340 1435712 -999808 , 953404 -1519163 1519163 0 -3276102 -1756939 , 3.5591845476288955e-10 , 26
0.7583344730628525 , 97693 1200647 -2614087 -357789 -1469113 -2469244 , 1640449 1094036 -1094036 0 1764731 670695 , -674456 -153582 393579 -1079340 846226 -1042133 , 2189116 425127 -425127 0 1511371 1086244 , 455482 2614087 -1200647 357789 144843 -2669760 , -593046 -359303 754118 -955268 323163 -599533 , 362222 -754118 359303 955268 -1353651 682466 , 404884 -393579 153582 1079340 -1435712 999808 , 953404 -1519163 1519163 0 -3276102 -1756939 , 3.5591845476288955e-10 , 27
0.7583344730628525 , 97693 1200647 -2614087 -357789 -1469113 -2469244 , 2189116 425127 -425127 0 1511371 1086244 , -593046 599533 -323163 362222 -754118 359303 , 1640449 1094036 -1094036 0 1764731 670695 , 455482 2614087 -1200647 357789 144843 -2669760 , -674456 1042133 -846226 404884 -393579 153582 , -1079340 846226 -1042133 -404884 999808 -1435712 , -955268 323163 -599533 -362222 682466 -1353651 , 953404 -1519163 1519163 0 -3276102 -1756939 , 3.5591845476558729e-10 , 28
0.7583344730628525 , 97693 1200647 -2614087 -357789 -1469113 -2469244 , 2189116 425127 -425127 0 1511371 1086244 , 593046 -599533 323163 -362222 754118 -359303 , 1640449 1094036 -1094036 0 1764731 670695 , 455482 2614087 -1200647 357789 144843 -2669760 , 674456 -1042133 846226 -404884 393579 -153582 , 1079340 -846226 1042133 404884 -999808 1435712 , 955268 -323163 599533 362222 -682466 1353651 , 953404 -1519163 1519163 0 -3276102 -1756939 , 3.5591845476558729e-10 , 29
0.7583344730628525 , 97693 1200647 -2614087 -357789 -1469113 -2469244 , 2189116 425127 -425127 0 1511371 1086244 , 754118 -359303 -593046 1353651 -682466 362222 , 1640449 1094036 -1094036 0 1764731 670695 , 455482 2614087 -1200647 357789 144843 -2669760 , 393579 -153582 -674456 1435712 -999808 404884 , -1042133 674456 153582 -1435712 1079340 -846226 , -599533 593046 359303 -1353651 955268 -323163 , 953404 -1519163 1519163 0 -3276102 -1756939 , 3.5591845476872598e-10 , 30
0.7583344730628525 , 97693 1200647 -2614087 -357789 -1469113 -2469244 , 2189116 425127 -425127 0 1511371 1086244 , -754118 359303 593046 -1353651 682466 -362222 , 1640449 1094036 -1094036 0 1764731 670695 , 455482 2614087 -1200647 357789 144843 -2669760 , -393579 153582 674456 -1435712 999808 -404884 , 1042133 -674456 -153582 1435712 -1079340 846226 , 599533 -593046 -359303 1353651 -955268 323163 , 953404 -1519163 1519163 0 -3276102 -1756939 , 3.5591845476872598e-10 , 31
0.7583344730628525 , 97693 1200647 -2614087 -357789 -1469113 -2469244 , 1640449 1094036 -1094036 0 1764731 670695 , -404884 999808 -1435712 674456 153582 -393579 , 2189116 425127 -425127 0 1511371 1086244 , 455482 2614087 -1200647 357789 144843 -2669760 , -362222 682466 -1353651 593046 359303 -754118 , -955268 1353651 -682466 -593046 599533 -323163 , -1079340 1435712 -999808 -674456 1042133 -846226 , 953404 -1519163 1519163 0 -3276102 -1756939 , 3.5591845476941714e-10 , 32
0.7583344730628525 , 97693 1200647 -2614087 -357789 -1469113 -2469244 , 1640449 1094036 -1094036 0 1764731 670695 , 404884 -999808 1435712 -674456 -153582 393579 , 2189116 425127 -425127 0 1511371 1086244 , 455482 2614087 -1200647 357789 144843 -2669760 , 362222 -682466 1353651 -593046 -359303 754118 , 955268 -1353651 682466 593046 -599533 323163 , 1079340 -1435712 999808 674456 -1042133 846226 , 953404 -1519163 1519163 0 -3276102 -1756939 , 3.5591845476941714e-10 , 33
0.7583344730628525 , 97693 1200647 -2614087 -357789 -1469113 -2469244 , 2189116 425127 -425127 0 1511371 1086244 , 1353651 -682466 362222 599533 -323163 955268 , 1640449 1094036 -1094036 0 1764731 670695 , 455482 2614087 -1200647 357789 144843 -2669760 , 1435712 -999808 404884 1042133 -846226 1079340 , 393579 -404884 999808 -1042133 674456 153582 , 754118 -362222 682466 -599533 593046 359303 , 953404 -1519163 1519163 0 -3276102 -1756939 , 3.5591845477392445e-10 , 34
0.7583344730628525 , 97693 1200647 -2614087 -357789 -1469113 -2469244 , 2189116 425127 -425127 0 1511371 1086244 , -1353651 682466 -362222 -599533 323163 -955268 , 1640449 1094036 -1094036 0 1764731 670695 , 455482 2614087 -1200647 357789 144843 -2669760 , -1435712 999808 -404884 -1042133 846226 -1079340 , -393579 404884 -999808 1042133 -674456 -153582 , -754118 362222 -682466 599533 -593046 -359303 , 953404 -1519163 1519163 0 -3276102 -1756939 , 3.5591845477392445e-10 , 35
0.8672419152833495 , 983081 -148551 -1266453 -882127 -1587368 -1871078 , 3129364 -667041 667041 0 1121323 1788364 , 216008 -330126 -420080 515555 66688 -457887 , 700201 2186204 -2186204 0 2154779 -31425 , 1865208 1266453 148551 882127 -604625 -1438817 , 1466880 -1195281 488150 1437400 -1443401 1355402 , 29480 -488150 1195281 -1437400 867252 -248120 , -299547 420080 330126 -515555 -37807 396814 , 953404 -1519163 1519163 0 -3276102 -1756939 , 3.5591845540686403e-10 , 0
0.8672419152833495 , 983081 -148551 -1266453 -882127 -1587368 -1871078 , 3129364 -667041 667041 0 1121323 1788364 , -216008 330126 420080 -515555 -66688 457887 , 700201 2186204 -2186204 0 2154779 -31425 , 1865208 1266453 148551 882127 -604625 -1438817 , -1466880 1195281 -488150 -1437400 1443401 -1355402 , -29480 488150 -1195281 1437400 -867252 248120 , 299547 -420080 -330126 515555 37807 -396814 , 953404 -1519163 1519163 0 -3276102 -1756939 , 3.5591845540686403e-10 , 1
0.8672419152833495 , 983081 -148551 -1266453 -882127 -1587368 -1871078 , 700201 2186204 -2186204 0 2154779 -31425 , -29480 488150 -1195281 1437400 -867252 248120 , 3129364 -667041 667041 0 1121323 1788364 , 1865208 1266453 148551 882127 -604625 -1438817 , 299547 -420080 -330126 515555 37807 -396814 , -216008 330126 420080 -515555 -66688 457887 , -1466880 1195281 -488150 -1437400 1443401 -1355402 , 953404 -1519163 1519163 0 -3276102 -1756939 , 3.5591845541210789e-10 , 2
0.8672419152833495 , 983081 -148551 -1266453 -882127 -1587368 -1871078 , 700201 2186204 -2186204 0 2154779 -31425 , 29480 -488150 1195281 -1437400 867252 -248120 , 3129364 -667041 667041 0 1121323 1788364 , 1865208 1266453 148551 882127 -604625 -1438817 , -299547 420080 330126 -515555 -37807 396814 , 216008 -330126 -420080 515555 66688 -457887 , 1466880 -1195281 488150 1437400 -1443401 1355402 , 953404 -1519163 1519163 0 -3276102 -1756939 , 3.5591845541210789e-10 , 3
0.8672419152833495 , 983081 -148551 -1266453 -882127 -1587368 -1871078 , 3129364 -667041 667041 0 1121323 1788364 , -66688 457887 216008 -396814 37807 515555 , 700201 2186204 -2186204 0 2154779 -31425 , 1865208 1266453 148551 882127 -604625 -1438817 , 1443401 -1355402 1466880 248120 -867252 1437400 , 1195281 -1466880 1355402 -248120 -29480 488150 , 330126 -216008 -457887 396814 299547 -420080 , 953404 -1519163 1519163 0 -3276102 -1756939 , 3.5591845541762601e-10 , 4
0.8672419152833495 , 983081 -148551 -1266453 -882127 -1587368 -1871078 , 3129364 -667041 667041 0 1121323 1788364 , 66688 -457887 -216008 396814 -37807 -515555 , 700201 2186204 -2186204 0 2154779 -31425 , 1865208 1266453 148551 882127 -604625 -1438817 , -1443401 1355402 -1466880 -248120 867252 -1437400 , -1195281 1466880 -1355402 248120 29480 -488150 , -330126 216008 457887 -396814 -299547 420080 , 953404 -1519163 1519163 0 -3276102 -1756939 , 3.5591845541762601e-10 , 5
0.8672419152833495 , 983081 -148551 -1266453 -882127 -1587368 -1871078 , 700201 2186204 -2186204 0 2154779 -31425 , -248120 -29480 488150 -1443401 1437400 -867252 , 3129364 -667041 667041 0 1121323 1788364 , 1865208 1266453 148551 882127 -604625 -1438817 , 396814 299547 -420080 66688 515555 37807 , 330126 420080 -299547 -66688 457887 216008 , 1195281 -488150 29480 1443401 -1355402 1466880 , 953404 -1519163 1519163 0 -3276102 -1756939 , 3.5591845541772987e-10 , 6
0.8672419152833495 , 983081 -148551 -1266453 -882127 -1587368 -1871078 , 700201 2186204 -2186204 0 2154779 -31425 , 248120 29480 -488150 1443401 -1437400 867252 , 3129364 -667041 667041 0 1121323 1788364 , 1865208 1266453 148551 882127 -604625 -1438817 , -396814 -299547 420080 -66688 -515555 -37807 , -330126 -420080 299547 66688 -457887 -216008 , -1195281 488150 -29480 -1443401 1355402 -1466880 , 953404 -1519163 1519163 0 -3276102 -1756939 , 3.5591845541772987e-10 , 7
0.8672419152833495 , 983081 -148551 -1266453 -882127 -1587368 -1871078 , 700201 2186204 -2186204 0 2154779 -31425 , -1466880 1355402 -1443401 -29480 488150 -1195281 , 3129364 -667041 667041 0 1121323 1788364 , 1865208 1266453 148551 882127 -604625 -1438817 , -216008 -457887 66688 299547 -420080 -330126 , -515555 -66688 457887 -299547 -396814 37807 , -1437400 1443401 -1355402 29480 248120 -867252 , 953404 -1519163 1519163 0 -3276102 -1756939 , 3.5591845541808468e-10 , 8
0.8672419152833495 , 983081 -148551 -1266453 -882127 -1587368 -1871078 , 700201 2186204 -2186204 0 2154779 -31425 , 1466880 -1355402 1443401 29480 -488150 1195281 , 3129364 -667041 667041 0 1121323 1788364 , 1865208 1266453 148551 882127 -604625 -1438817 , 216008 457887 -66688 -299547 420080 330126 , 515555 66688 -457887 299547 396814 -37807 , 1437400 -1443401 1355402 -29480 -248120 867252 , 953404 -1519163 1519163 0 -3276102 -1756939 , 3.5591845541808468e-10 , 9
0.8672419152833495 , 983081 -148551 -1266453 -882127 -1587368 -1871078 , 700201 2186204 -2186204 0 2154779 -31425 , -1195281 1466880 -1355402 248120 29480 -488150 , 3129364 -667041 667041 0 1121323 1788364 , 1865208 1266453 148551 882127 -604625 -1438817 , -330126 216008 457887 -396814 -299547 420080 , 66688 -457887 -216008 396814 -37807 -515555 , -1443401 1355402 -1466880 -248120 867252 -1437400 , 953404 -1519163 1519163 0 -3276102 -1756939 , 3.5591845541870439e-10 , 10
0.8672419152833495 , 983081 -148551 -1266453 -882127 -1587368 -1871078 , 700201 2186204 -2186204 0 2154779 -31425 , 1195281 -1466880 1355402 -248120 -29480 488150 , 3129364 -667041 667041 0 1121323 1788364 , 1865208 1266453 148551 882127 -604625 -1438817 , 330126 -216008 -457887 396814 299547 -420080 , -66688 457887 216008 -396814 37807 515555 , 1443401 -1355402 1466880 248120 -867252 1437400 , 953404 -1519163 1519163 0 -3276102 -1756939 , 3.5591845541870439e-10 , 11
0.8672419152833495 , 983081 -148551 -1266453 -882127 -1587368 -1871078 , 700201 2186204 -2186204 0 2154779 -31425 , -1355402 1443401 -1437400 -488150 1195281 -1466880 , 3129364 -667041 667041 0 1121323 1788364 , 1865208 1266453 148551 882127 -604625 -1438817 , 457887 -66688 -515555 420080 330126 -216008 , 37807 515555 66688 -420080 299547 396814 , -867252 1437400 -1443401 488150 -29480 -248120 , 953404 -1519163 1519163 0 -3276102 -1756939 , 3.5591845541872166e-10 , 12
0.8672419152833495 , 983081 -148551 -1266453 -882127 -1587368 -1871078 , 700201 2186204 -2186204 0 2154779 -31425 , 1355402 -1443401 1437400 488150 -1195281 1466880 , 3129364 -667041 667041 0 1121323 1788364 , 1865208 1266453 148551 882127 -604625 -1438817 , -457887 66688 515555 -420080 -330126 216008 , -37807 -515555 -66688 420080 -299547 -396814 , 867252 -1437400 1443401 -488150 29480 248120 , 953404 -1519163 1519163 0 -3276102 -1756939 , 3.5591845541872166e-10 , 13
0.8672419152833495 , 983081 -148551 -1266453 -882127 -1587368 -1871078 , 700201 2186204 -2186204 0 2154779 -31425 , -867252 248120 29480 -1355402 1443401 -1437400 , 3129364 -667041 667041 0 1121323 1788364 , 1865208 1266453 148551 882127 -604625 -1438817 , 37807 -396814 -299547 457887 -66688 -515555 , -420080 299547 396814 -457887 -216008 330126 , 488150 -29480 -248120 1355402 -1466880 1195281 , 953404 -1519163 1519163 0 -3276102 -1756939 , 3.5591845542478226e-10 , 14
0.8672419152833495 , 983081 -148551 -1266453 -882127 -1587368 -1871078 , 700201 2186204 -2186204 0 2154779 -31425 , 867252 -248120 -29480 1355402 -1443401 1437400 , 3129364 -667041 667041 0 1121323 1788364 , 1865208 1266453 148551 882127 -604625 -1438817 , -37807 396814 299547 -457887 66688 515555 , 420080 -299547 -396814 457887 216008 -330126 , -488150 29480 248120 -1355402 1466880 -1195281 , 953404 -1519163 1519163 0 -3276102 -1756939 , 3.5591845542478226e-10 , 15
0.8672419152833495 , 983081 -148551 -1266453 -882127 -1587368 -1871078 , 3129364 -667041 667041 0 1121323 1788364 , -515555 -66688 457887 -299547 -396814 37807 , 700201 2186204 -2186204 0 2154779 -31425 , 1865208 1266453 148551 882127 -604625 -1438817 , -1437400 1443401 -1355402 29480 248120 -867252 , -1466880 1355402 -1443401 -29480 488150 -1195281 , -216008 -457887 66688 299547 -420080 -330126 , 953404 -1519163 1519163 0 -3276102 -1756939 , 3.5591845542931867e-10 , 16
0.8672419152833495 , 983081 -148551 -1266453 -882127 -1587368 -1871078 , 3129364 -667041 667041 0 1121323 1788364 , 515555 66688 -457887 299547 396814 -37807 , 700201 2186204 -2186204 0 2154779 -31425 , 1865208 1266453 148551 882127 -604625 -1438817 , 1437400 -1443401 1355402 -29480 -248120 867252 , 1466880 -1355402 1443401 29480 -488150 1195281 , 216008 457887 -66688 -299547 420080 330126 , 953404 -1519163 1519163 0 -3276102 -1756939 , 3.5591845542931867e-10 , 17
0.8672419152833495 , 983081 -148551 -1266453 -882127 -1587368 -1871078 , 3129364 -667041 667041 0 1121323 1788364 , -396814 37807 515555 -330126 -420080 299547 , 700201 2186204 -2186204 0 2154779 -31425 , 1865208 1266453 148551 882127 -604625 -1438817 , 248120 -867252 1437400 -1195281 488150 -29480 , 1443401 -1437400 867252 1195281 -1466880 1355402 , -66688 -515555 -37807 330126 -216008 -457887 , 953404 -1519163 1519163 0 -3276102 -1756939 , 3.5591845542931898e-10 , 18
0.8672419152833495 , 983081 -148551 -1266453 -882127 -1587368 -1871078 , 3129364 -667041 667041 0 1121323 1788364 , 396814 -37807 -515555 330126 420080 -299547 , 700201 2186204 -2186204 0 2154779 -31425 , 1865208 1266453 148551 882127 -604625 -1438817 , -248120 867252 -1437400 1195281 -488150 29480 , -1443401 1437400 -867252 -1195281 1466880 -1355402 , 66688 515555 37807 -330126 216008 457887 , 953404 -1519163 1519163 0 -3276102 -1756939 , 3.5591845542931898e-10 , 19
0.8672419152833495 , 983081 -148551 -1266453 -882127 -1587368 -1871078 , 700201 2186204 -2186204 0 2154779 -31425 , -1437400 867252 -248120 -1466880 1355402 -1443401 , 3129364 -667041 667041 0 1121323 1788364 , 1865208 1266453 148551 882127 -604625 -1438817 , -515555 -37807 396814 -216008 -457887 66688 , -299547 -396814 37807 216008 -330126 -420080 , 29480 248120 -867252 1466880 -1195281 488150 , 953404 -1519163 1519163 0 -3276102 -1756939 , 3.5591845543058726e-10 , 20
0.8672419152833495 , 983081 -148551 -1266453 -882127 -1587368 -1871078 , 700201 2186204 -2186204 0 2154779 -31425 , 1437400 -867252 248120 1466880 -1355402 1443401 , 3129364 -667041 667041 0 1121323 1788364 , 1865208 1266453 148551 882127 -604625 -1438817 , 515555 37807 -396814 216008 457887 -66688 , 299547 396814 -37807 -216008 330126 420080 , -29480 -248120 867252 -1466880 1195281 -488150 , 953404 -1519163 1519163 0 -3276102 -1756939 , 3.5591845543058726e-10 , 21
0.8672419152833495 , 983081 -148551 -1266453 -882127 -1587368 -1871078 , 3129364 -667041 667041 0 1121323 1788364 , 37807 515555 66688 -420080 299547 396814 , 700201 2186204 -2186204 0 2154779 -31425 , 1865208 1266453 148551 882127 -604625 -1438817 , -867252 1437400 -1443401 488150 -29480 -248120 , -1355402 1443401 -1437400 -488150 1195281 -1466880 , 457887 -66688 -515555 420080 330126 -216008 , 953404 -1519163 1519163 0 -3276102 -1756939 , 3.5591845543058793e-10 , 22
0.8672419152833495 , 983081 -148551 -1266453 -882127 -1587368 -1871078 , 3129364 -667041 667041 0 1121323 1788364 , -37807 -515555 -66688 420080 -299547 -396814 , 700201 2186204 -2186204 0 2154779 -31425 , 1865208 1266453 148551 882127 -604625 -1438817 , 867252 -1437400 1443401 -488150 29480 248120 , 1355402 -1443401 1437400 488150 -1195281 1466880 , -457887 66688 515555 -420080 -330126 216008 , 953404 -1519163 1519163 0 -3276102 -1756939 , 3.5591845543058793e-10 , 23
0.8672419152833495 , 983081 -148551 -1266453 -882127 -1587368 -1871078 , 700201 2186204 -2186204 0 2154779 -31425 , -488150 1195281 -1466880 867252 -248120 -29480 , 3129364 -667041 667041 0 1121323 1788364 , 1865208 1266453 148551 882127 -604625 -1438817 , 420080 330126 -216008 -37807 396814 299547 , 457887 216008 -330126 37807 515555 66688 , -1355402 1466880 -1195281 -867252 1437400 -1443401 , 953404 -1519163 1519163 0 -3276102 -1756939 , 3.559184554354791e-10 , 24
0.8672419152833495 , 983081 -148551 -1266453 -882127 -1587368 -1871078 , 700201 2186204 -2186204 0 2154779 -31425 , 488150 -1195281 1466880 -867252 248120 29480 , 3129364 -667041 667041 0 1121323 1788364 , 1865208 1266453 148551 882127 -604625 -1438817 , -420080 -330126 216008 37807 -396814 -299547 , -457887 -216008 330126 -37807 -515555 -66688 , 1355402 -1466880 1195281 867252 -1437400 1443401 , 953404 -1519163 1519163 0 -3276102 -1756939 , 3.559184554354791e-10 , 25
0.8672419152833495 , 983081 -148551 -1266453 -882127 -1587368 -1871078 , 700201 2186204 -2186204 0 2154779 -31425 , -1443401 1437400 -867252 -1195281 1466880 -1355402 , 3129364 -667041 667041 0 1121323 1788364 , 1865208 1266453 148551 882127 -604625 -1438817 , 66688 515555 37807 -330126 216008 457887 , 396814 -37807 -515555 330126 420080 -299547 , -248120 867252 -1437400 1195281 -488150 29480 , 953404 -1519163 1519163 0 -3276102 -1756939 , 3.5591845544036567e-10 , 26
0.8672419152833495 , 983081 -148551 -1266453 -882127 -1587368 -1871078 , 700201 2186204 -2186204 0 2154779 -31425 , 1443401 -1437400 867252 1195281 -1466880 1355402 , 3129364 -667041 667041 0 1121323 1788364 , 1865208 1266453 148551 882127 -604625 -1438817 , -66688 -515555 -37807 330126 -216008 -457887 , -396814 37807 515555 -330126 -420080 299547 , 248120 -867252 1437400 -1195281 488150 -29480 , 953404 -1519163 1519163 0 -3276102 -1756939 , 3.5591845544036567e-10 , 27
0.8672419152833495 , 983081 -148551 -1266453 -882127 -1587368 -1871078 , 3129364 -667041 667041 0 1121323 1788364 , 457887 216008 -330126 37807 515555 66688 , 700201 2186204 -2186204 0 2154779 -31425 , 1865208 1266453 148551 882127 -604625 -1438817 , -1355402 1466880 -1195281 -867252 1437400 -1443401 , -488150 1195281 -1466880 867252 -248120 -29480 , 420080 330126 -216008 -37807 396814 299547 , 953404 -1519163 1519163 0 -3276102 -1756939 , 3.5591845544066552e-10 , 28
0.8672419152833495 , 983081 -148551 -1266453 -882127 -1587368 -1871078 , 3129364 -667041 667041 0 1121323 1788364 , -457887 -216008 330126 -37807 -515555 -66688 , 700201 2186204 -2186204 0 2154779 -31425 , 1865208 1266453 148551 882127 -604625 -1438817 , 1355402 -1466880 1195281 867252 -1437400 1443401 , 488150 -1195281 1466880 -867252 248120 29480 , -420080 -330126 216008 37807 -396814 -299547 , 953404 -1519163 1519163 0 -3276102 -1756939 , 3.5591845544066552e-10 , 29
0.8672419152833495 , 983081 -148551 -1266453 -882127 -1587368 -1871078 , 3129364 -667041 667041 0 1121323 1788364 , 420080 -299547 -396814 457887 216008 -330126 , 700201 2186204 -2186204 0 2154779 -31425 , 1865208 1266453 148551 882127 -604625 -1438817 , -488150 29480 248120 -1355402 1466880 -1195281 , 867252 -248120 -29480 1355402 -1443401 1437400 , -37807 396814 299547 -457887 66688 515555 , 953404 -1519163 1519163 0 -3276102 -1756939 , 3.5591845544665172e-10 , 30
0.8672419152833495 , 983081 -148551 -1266453 -882127 -1587368 -1871078 , 3129364 -667041 667041 0 1121323 1788364 , -420080 299547 396814 -457887 -216008 330126 , 700201 2186204 -2186204 0 2154779 -31425 , 1865208 1266453 148551 882127 -604625 -1438817 , 488150 -29480 -248120 1355402 -1466880 1195281 , -867252 248120 29480 -1355402 1443401 -1437400 , 37807 -396814 -299547 457887 -66688 -515555 , 953404 -1519163 1519163 0 -3276102 -1756939 , 3.5591845544665172e-10 , 31
0.8672419152833495 , 983081 -148551 -1266453 -882127 -1587368 -1871078 , 3129364 -667041 667041 0 1121323 1788364 , -330126 -420080 299547 66688 -457887 -216008 , 700201 2186204 -2186204 0 2154779 -31425 , 1865208 1266453 148551 882127 -604625 -1438817 , -1195281 488150 -29480 -1443401 1355402 -1466880 , 248120 29480 -488150 1443401 -1437400 867252 , -396814 -299547 420080 -66688 -515555 -37807 , 953404 -1519163 1519163 0 -3276102 -1756939 , 3.5591845544743589e-10 , 32
0.8672419152833495 , 983081 -148551 -1266453 -882127 -1587368 -1871078 , 3129364 -667041 667041 0 1121323 1788364 , 330126 420080 -299547 -66688 457887 216008 , 700201 2186204 -2186204 0 2154779 -31425 , 1865208 1266453 148551 882127 -604625 -1438817 , 1195281 -488150 29480 1443401 -1355402 1466880 , -248120 -29480 488150 -1443401 1437400 -867252 , 396814 299547 -420080 66688 515555 37807 , 953404 -1519163 1519163 0 -3276102 -1756939 , 3.5591845544743589e-10 , 33
0.8672419152833495 , 983081 -148551 -1266453 -882127 -1587368 -1871078 , 3129364 -667041 667041 0 1121323 1788364 , -299547 -396814 37807 216008 -330126 -420080 , 700201 2186204 -2186204 0 2154779 -31425 , 1865208 1266453 148551 882127 -604625 -1438817 , 29480 248120 -867252 1466880 -1195281 488150 , -1437400 867252 -248120 -1466880 1355402 -1443401 , -515555 -37807 396814 -216008 -457887 66688 , 953404 -1519163 1519163 0 -3276102 -1756939 , 3.5591845545243904e-10 , 34
0.8672419152833495 , 983081 -148551 -1266453 -882127 -1587368 -1871078 , 3129364 -667041 667041 0 1121323 1788364 , 299547 396814 -37807 -216008 330126 420080 , 700201 2186204 -2186204 0 2154779 -31425 , 1865208 1266453 148551 882127 -604625 -1438817 , -29480 -248120 867252 -1466880 1195281 -488150 , 1437400 -867252 248120 1466880 -1355402 1443401 , 515555 37807 -396814 216008 457887 -66688 , 953404 -1519163 1519163 0 -3276102 -1756939 , 3.5591845545243904e-10 , 35
0.9752891620732296 , 1516745 -280930 -1780378 519941 -2965882 -751345 , 1807765 889769 -889769 0 1687238 797469 , -1186181 814556 -1006068 118852 108810 -956239 , 2021800 629394 -629394 0 1588864 959470 , 996804 1780378 280930 -519941 1029033 -2684952 , -251271 257207 -336255 -738943 1314606 -1041280 , 487672 336255 -257207 738943 -705025 1057399 , -1305033 1006068 -814556 -118852 49829 -705746 , 953404 -1519163 1519163 0 -3276102 -1756939 , 3.5591845545785139e-10 , 0
0.9752891620732296 , 1516745 -280930 -1780378 519941 -2965882 -751345 , 1807765 889769 -889769 0 1687238 797469 , 1186181 -814556 1006068 -118852 -108810 956239 , 2021800 629394 -629394 0 1588864 959470 , 996804 1780378 280930 -519941 1029033 -2684952 , 251271 -257207 336255 738943 -1314606 1041280 , -487672 -336255 257207 -738943 705025 -1057399 , 1305033 -1006068 814556 118852 -49829 705746 , 953404 -1519163 1519163 0 -3276102 -1756939 , 3.5591845545785139e-10 , 1
0.9752891620732296 , 1516745 -280930 -1780378 519941 -2965882 -751345 , 2021800 629394 -629394 0 1588864 959470 , -738943 705025 -1057399 -251271 1041280 -1314606 , 1807765 889769 -889769 0 1687238 797469 , 996804 1780378 280930 -519941 1029033 -2684952 , 118852 -49829 705746 -1186181 956239 -108810 , 1305033 -705746 49829 1186181 -814556 1006068 , -487672 1057399 -705025 251271 -257207 336255 , 953404 -1519163 1519163 0 -3276102 -1756939 , 3.5591845545861286e-10 , 2
0.9752891620732296 , 1516745 -280930 -1780378 519941 -2965882 -751345 , 2021800 629394 -629394 0 1588864 959470 , 738943 -705025 1057399 251271 -1041280 1314606 , 1807765 889769 -889769 0 1687238 797469 , 996804 1780378 280930 -519941 1029033 -2684952 , -118852 49829 -705746 1186181 -956239 108810 , -1305033 705746 -49829 -1186181 814556 -1006068 , 487672 -1057399 705025 -251271 257207 -336255 , 953404 -1519163 1519163 0 -3276102 -1756939 , 3.5591845545861286e-10 , 3
0.9752891620732296 , 1516745 -280930 -1780378 519941 -2965882 -751345 , 2021800 629394 -629394 0 1588864 959470 , 487672 336255 -257207 738943 -705025 1057399 , 1807765 889769 -889769 0 1687238 797469 , 996804 1780378 280930 -519941 1029033 -2684952 , -1305033 1006068 -814556 -118852 49829 -705746 , -1186181 814556 -1006068 118852 108810 -956239 , -251271 257207 -336255 -738943 1314606 -1041280 , 953404 -1519163 1519163 0 -3276102 -1756939 , 3.5591845545966219e-10 , 4
0.9752891620732296 , 1516745 -280930 -1780378 519941 -2965882 -751345 , 2021800 629394 -629394 0 1588864 959470 , -487672 -336255 257207 -738943 705025 -1057399 , 1807765 889769 -889769 0 1687238 797469 , 996804 1780378 280930 -519941 1029033 -2684952 , 1305033 -1006068 814556 118852 -49829 705746 , 1186181 -814556 1006068 -118852 -108810 956239 , 251271 -257207 336255 738943 -1314606 1041280 , 953404 -1519163 1519163 0 -3276102 -1756939 , 3.5591845545966219e-10 , 5
0.9752891620732296 , 1516745 -280930 -1780378 519941 -2965882 -751345 , 2021800 629394 -629394 0 1588864 959470 , 705025 -1057399 487672 1041280 -1314606 738943 , 1807765 889769 -889769 0 1687238 797469 , 996804 1780378 280930 -519941 1029033 -2684952 , -49829 705746 -1305033 956239 -108810 -118852 , -1006068 1305033 -705746 -956239 1186181 -814556 , -336255 -487672 1057399 -1041280 251271 -257207 , 953404 -1519163 1519163 0 -3276102 -1756939 , 3.5591845546333942e-10 , 6
0.9752891620732296 , 1516745 -280930 -1780378 519941 -2965882 -751345 , 2021800 629394 -629394 0 1588864 959470 , -705025 1057399 -487672 -1041280 1314606 -738943 , 1807765 889769 -889769 0 1687238 797469 , 996804 1780378 280930 -519941 1029033 -2684952 , 49829 -705746 1305033 -956239 108810 118852 , 1006068 -1305033 705746 956239 -1186181 814556 , 336255 487672 -1057399 1041280 -251271 257207 , 953404 -1519163 1519163 0 -3276102 -1756939 , 3.5591845546333942e-10 , 7
0.9752891620732296 , 1516745 -280930 -1780378 519941 -2965882 -751345 , 2021800 629394 -629394 0 1588864 959470 , -1314606 738943 -705025 -257207 251271 -1041280 , 1807765 889769 -889769 0 1687238 797469 , 996804 1780378 280930 -519941 1029033 -2684952 , -108810 -118852 49829 -814556 1186181 -956239 , 705746 -49829 118852 814556 -1006068 1305033 , -1057399 705025 -738943 257207 -336255 -487672 , 953404 -1519163 1519163 0 -3276102 -1756939 , 3.5591845546444831e-10 , 8
0.9752891620732296 , 1516745 -280930 -1780378 519941 -2965882 -751345 , 2021800 629394 -629394 0 1588864 959470 , 1314606 -738943 705025 257207 -251271 1041280 , 1807765 889769 -889769 0 1687238 797469 , 996804 1780378 280930 -519941 1029033 -2684952 , 108810 118852 -49829 814556 -1186181 956239 , -705746 49829 -118852 -814556 1006068 -1305033 , 1057399 -705025 738943 -257207 336255 487672 , 953404 -1519163 1519163 0 -3276102 -1756939 , 3.5591845546444831e-10 , 9
0.9752891620732296 , 1516745 -280930 -1780378 519941 -2965882 -751345 , 1807765 889769 -889769 0 1687238 797469 , -814556 1006068 -1305033 -108810 956239 -1186181 , 2021800 629394 -629394 0 1588864 959470 , 996804 1780378 280930 -519941 1029033 -2684952 , -257207 336255 487672 -1314606 1041280 -251271 , 1057399 -487672 -336255 1314606 -738943 705025 , -705746 1305033 -1006068 108810 118852 -49829 , 953404 -1519163 1519163 0 -3276102 -1756939 , 3.5591845547464781e-10 , 10
0.9752891620732296 , 1516745 -280930 -1780378 519941 -2965882 -751345 , 1807765 889769 -889769 0 1687238 797469 , 814556 -1006068 1305033 108810 -956239 1186181 , 2021800 629394 -629394 0 1588864 959470 , 996804 1780378 280930 -519941 1029033 -2684952 , 257207 -336255 -487672 1314606 -1041280 251271 , -1057399 487672 336255 -1314606 738943 -705025 , 705746 -1305033 1006068 -108810 -118852 49829 , 953404 -1519163 1519163 0 -3276102 -1756939 , 3.5591845547464781e-10 , 11
0.9752891620732296 , 1516745 -280930 -1780378 519941 -2965882 -751345 , 2021800 629394 -629394 0 1588864 959470 , -336255 257207 -251271 705025 -1057399 487672 , 1807765 889769 -889769 0 1687238 797469 , 996804 1780378 280930 -519941 1029033 -2684952 , -1006068 814556 -1186181 -49829 705746 -1305033 , -956239 1186181 -814556 49829 -118852 -108810 , -1041280 251271 -257207 -705025 738943 -1314606 , 953404 -1519163 1519163 0 -3276102 -1756939 , 3.5591845547519188e-10 , 12
0.9752891620732296 , 1516745 -280930 -1780378 519941 -2965882 -751345 , 2021800 629394 -629394 0 1588864 959470 , 336255 -257207 251271 -705025 1057399 -487672 , 1807765 889769 -889769 0 1687238 797469 , 996804 1780378 280930 -519941 1029033 -2684952 , 1006068 -814556 1186181 49829 -705746 1305033 , 956239 -1186181 814556 -49829 118852 108810 , 1041280 -251271 257207 705025 -738943 1314606 , 953404 -1519163 1519163 0 -3276102 -1756939 , 3.5591845547519188e-10 , 13
0.9752891620732296 , 1516745 -280930 -1780378 519941 -2965882 -751345 , 1807765 889769 -889769 0 1687238 797469 , -705746 49829 -118852 -814556 1006068 -1305033 , 2021800 629394 -629394 0 1588864 959470 , 996804 1780378 280930 -519941 1029033 -2684952 , 1057399 -705025 738943 -257207 336255 487672 , 1314606 -738943 705025 257207 -251271 1041280 , 108810 118852 -49829 814556 -1186181 956239 , 953404 -1519163 1519163 0 -3276102 -1756939 , 3.5591845547521799e-10 , 14
0.9752891620732296 , 1516745 -280930 -1780378 519941 -2965882 -751345 , 1807765 889769 -889769 0 1687238 797469 , 705746 -49829 118852 814556 -1006068 1305033 , 2021800 629394 -629394 0 1588864 959470 , 996804 1780378 280930 -519941 1029033 -2684952 , -1057399 705025 -738943 257207 -336255 -487672 , -1314606 738943 -705025 -257207 251271 -1041280 , -108810 -118852 49829 -814556 1186181 -956239 , 953404 -1519163 1519163 0 -3276102 -1756939 , 3.5591845547521799e-10 , 15
0.9752891620732296 , 1516745 -280930 -1780378 519941 -2965882 -751345 , 2021800 629394 -629394 0 1588864 959470 , -1057399 487672 336255 -1314606 738943 -705025 , 1807765 889769 -889769 0 1687238 797469 , 996804 1780378 280930 -519941 1029033 -2684952 , 705746 -1305033 1006068 -108810 -118852 49829 , 814556 -1006068 1305033 108810 -956239 1186181 , 257207 -336255 -487672 1314606 -1041280 251271 , 953404 -1519163 1519163 0 -3276102 -1756939 , 3.5591845547587695e-10 , 16
0.9752891620732296 , 1516745 -280930 -1780378 519941 -2965882 -751345 , 2021800 629394 -629394 0 1588864 959470 , 1057399 -487672 -336255 1314606 -738943 705025 , 1807765 889769 -889769 0 1687238 797469 , 996804 1780378 280930 -519941 1029033 -2684952 , -705746 1305033 -1006068 108810 118852 -49829 , -814556 1006068 -1305033 -108810 956239 -1186181 , -257207 336255 487672 -1314606 1041280 -251271 , 953404 -1519163 1519163 0 -3276102 -1756939 , 3.5591845547587695e-10 , 17
0.9752891620732296 , 1516745 -280930 -1780378 519941 -2965882 -751345 , 2021800 629394 -629394 0 1588864 959470 , -251271 1041280 -1314606 487672 336255 -257207 , 1807765 889769 -889769 0 1687238 797469 , 996804 1780378 280930 -519941 1029033 -2684952 , -1186181 956239 -108810 -1305033 1006068 -814556 , 118852 108810 -956239 1305033 -705746 49829 , -738943 1314606 -1041280 -487672 1057399 -705025 , 953404 -1519163 1519163 0 -3276102 -1756939 , 3.5591845548643885e-10 , 18
0.9752891620732296 , 1516745 -280930 -1780378 519941 -2965882 -751345 , 2021800 629394 -629394 0 1588864 959470 , 251271 -1041280 1314606 -487672 -336255 257207 , 1807765 889769 -889769 0 1687238 797469 , 996804 1780378 280930 -519941 1029033 -2684952 , 1186181 -956239 108810 1305033 -1006068 814556 , -118852 -108810 956239 -1305033 705746 -49829 , 738943 -1314606 1041280 487672 -1057399 705025 , 953404 -1519163 1519163 0 -3276102 -1756939 , 3.5591845548643885e-10 , 19
0.9752891620732296 , 1516745 -280930 -1780378 519941 -2965882 -751345 , 1807765 889769 -889769 0 1687238 797469 , 49829 -118852 -108810 1006068 -1305033 705746 , 2021800 629394 -629394 0 1588864 959470 , 996804 1780378 280930 -519941 1029033 -2684952 , -705025 738943 -1314606 336255 487672 -1057399 , -1041280 1314606 -738943 -336255 257207 -251271 , -956239 108810 118852 -1006068 814556 -1186181 , 953404 -1519163 1519163 0 -3276102 -1756939 , 3.5591845548647297e-10 , 20
0.9752891620732296 , 1516745 -280930 -1780378 519941 -2965882 -751345 , 1807765 889769 -889769 0 1687238 797469 , -49829 118852 108810 -1006068 1305033 -705746 , 2021800 629394 -629394 0 1588864 959470 , 996804 1780378 280930 -519941 1029033 -2684952 , 705025 -738943 1314606 -336255 -487672 1057399 , 1041280 -1314606 738943 336255 -257207 251271 , 956239 -108810 -118852 1006068 -814556 1186181 , 953404 -1519163 1519163 0 -3276102 -1756939 , 3.5591845548647297e-10 , 21
0.9752891620732296 , 1516745 -280930 -1780378 519941 -2965882 -751345 , 1807765 889769 -889769 0 1687238 797469 , -118852 -108810 956239 -1305033 705746 -49829 , 2021800 629394 -629394 0 1588864 959470 , 996804 1780378 280930 -519941 1029033 -2684952 , 738943 -1314606 1041280 487672 -1057399 705025 , 251271 -1041280 1314606 -487672 -336255 257207 , 1186181 -956239 108810 1305033 -1006068 814556 , 953404 -1519163 1519163 0 -3276102 -1756939 , 3.5591845548682799e-10 , 22
0.9752891620732296 , 1516745 -280930 -1780378 519941 -2965882 -751345 , 1807765 889769 -889769 0 1687238 797469 , 118852 108810 -956239 1305033 -705746 49829 , 2021800 629394 -629394 0 1588864 959470 , 996804 1780378 280930 -519941 1029033 -2684952 , -738943 1314606 -1041280 -487672 1057399 -705025 , -251271 1041280 -1314606 487672 336255 -257207 , -1186181 956239 -108810 -1305033 1006068 -814556 , 953404 -1519163 1519163 0 -3276102 -1756939 , 3.5591845548682799e-10 , 23
0.9752891620732296 , 1516745 -280930 -1780378 519941 -2965882 -751345 , 1807765 889769 -889769 0 1687238 797469 , -1305033 705746 -49829 -1186181 814556 -1006068 , 2021800 629394 -629394 0 1588864 959470 , 996804 1780378 280930 -519941 1029033 -2684952 , 487672 -1057399 705025 -251271 257207 -336255 , 738943 -705025 1057399 251271 -1041280 1314606 , -118852 49829 -705746 1186181 -956239 108810 , 953404 -1519163 1519163 0 -3276102 -1756939 , 3.559184554925207e-10 , 24
0.9752891620732296 , 1516745 -280930 -1780378 519941 -2965882 -751345 , 1807765 889769 -889769 0 1687238 797469 , 1305033 -705746 49829 1186181 -814556 1006068 , 2021800 629394 -629394 0 1588864 959470 , 996804 1780378 280930 -519941 1029033 -2684952 , -487672 1057399 -705025 251271 -257207 336255 , -738943 705025 -1057399 -251271 1041280 -1314606 , 118852 -49829 705746 -1186181 956239 -108810 , 953404 -1519163 1519163 0 -3276102 -1756939 , 3.559184554925207e-10 , 25
0.9752891620732296 , 1516745 -280930 -1780378 519941 -2965882 -751345 , 1807765 889769 -889769 0 1687238 797469 , 1006068 -1305033 705746 956239 -1186181 814556 , 2021800 629394 -629394 0 1588864 959470 , 996804 1780378 280930 -519941 1029033 -2684952 , 336255 487672 -1057399 1041280 -251271 257207 , -705025 1057399 -487672 -1041280 1314606 -738943 , 49829 -705746 1305033 -956239 108810 118852 , 953404 -1519163 1519163 0 -3276102 -1756939 , 3.5591845549252535e-10 , 26
0.9752891620732296 , 1516745 -280930 -1780378 519941 -2965882 -751345 , 1807765 889769 -889769 0 1687238 797469 , -1006068 1305033 -705746 -956239 1186181 -814556 , 2021800 629394 -629394 0 1588864 959470 , 996804 1780378 280930 -519941 1029033 -2684952 , -336255 -487672 1057399 -1041280 251271 -257207 , 705025 -1057399 487672 1041280 -1314606 738943 , -49829 705746 -1305033 956239 -108810 -118852 , 953404 -1519163 1519163 0 -3276102 -1756939 , 3.5591845549252535e-10 , 27
0.9752891620732296 , 1516745 -280930 -1780378 519941 -2965882 -751345 , 2021800 629394 -629394 0 1588864 959470 , -1041280 1314606 -738943 -336255 257207 -251271 , 1807765 889769 -889769 0 1687238 797469 , 996804 1780378 280930 -519941 1029033 -2684952 , -956239 108810 118852 -1006068 814556 -1186181 , 49829 -118852 -108810 1006068 -1305033 705746 , -705025 738943 -1314606 336255 487672 -1057399 , 953404 -1519163 1519163 0 -3276102 -1756939 , 3.5591845549320943e-10 , 28
0.9752891620732296 , 1516745 -280930 -1780378 519941 -2965882 -751345 , 2021800 629394 -629394 0 1588864 959470 , 1041280 -1314606 738943 336255 -257207 251271 , 1807765 889769 -889769 0 1687238 797469 , 996804 1780378 280930 -519941 1029033 -2684952 , 956239 -108810 -118852 1006068 -814556 1186181 , -49829 118852 108810 -1006068 1305033 -705746 , 705025 -738943 1314606 -336255 -487672 1057399 , 953404 -1519163 1519163 0 -3276102 -1756939 , 3.5591845549320943e-10 , 29
0.9752891620732296 , 1516745 -280930 -1780378 519941 -2965882 -751345 , 1807765 889769 -889769 0 1687238 797469 , -956239 1186181 -814556 49829 -118852 -108810 , 2021800 629394 -629394 0 1588864 959470 , 996804 1780378 280930 -519941 1029033 -2684952 , -1041280 251271 -257207 -705025 738943 -1314606 , -336255 257207 -251271 705025 -1057399 487672 , -1006068 814556 -1186181 -49829 705746 -1305033 , 953404 -1519163 1519163 0 -3276102 -1756939 , 3.5591845549394097e-10 , 30
0.9752891620732296 , 1516745 -280930 -1780378 519941 -2965882 -751345 , 1807765 889769 -889769 0 1687238 797469 , 956239 -1186181 814556 -49829 118852 108810 , 2021800 629394 -629394 0 1588864 959470 , 996804 1780378 280930 -519941 1029033 -2684952 , 1041280 -251271 257207 705025 -738943 1314606 , 336255 -257207 251271 -705025 1057399 -487672 , 1006068 -814556 1186181 49829 -705746 1305033 , 953404 -1519163 1519163 0 -3276102 -1756939 , 3.5591845549394097e-10 , 31
0.9752891620732296 , 1516745 -280930 -1780378 519941 -2965882 -751345 , 2021800 629394 -629394 0 1588864 959470 , 257207 -251271 1041280 -1057399 487672 336255 , 1807765 889769 -889769 0 1687238 797469 , 996804 1780378 280930 -519941 1029033 -2684952 , 814556 -1186181 956239 705746 -1305033 1006068 , 108810 -956239 1186181 -705746 49829 -118852 , 1314606 -1041280 251271 1057399 -705025 738943 , 953404 -1519163 1519163 0 -3276102 -1756939 , 3.5591845549847407e-10 , 32
0.9752891620732296 , 1516745 -280930 -1780378 519941 -2965882 -751345 , 2021800 629394 -629394 0 1588864 959470 , -257207 251271 -1041280 1057399 -487672 -336255 , 1807765 889769 -889769 0 1687238 797469 , 996804 1780378 280930 -519941 1029033 -2684952 , -814556 1186181 -956239 -705746 1305033 -1006068 , -108810 956239 -1186181 705746 -49829 118852 , -1314606 1041280 -251271 -1057399 705025 -738943 , 953404 -1519163 1519163 0 -3276102 -1756939 , 3.5591845549847407e-10 , 33
0.9752891620732296 , 1516745 -280930 -1780378 519941 -2965882 -751345 , 1807765 889769 -889769 0 1687238 797469 , -108810 956239 -1186181 705746 -49829 118852 , 2021800 629394 -629394 0 1588864 959470 , 996804 1780378 280930 -519941 1029033 -2684952 , -1314606 1041280 -251271 -1057399 705025 -738943 , -257207 251271 -1041280 1057399 -487672 -336255 , -814556 1186181 -956239 -705746 1305033 -1006068 , 953404 -1519163 1519163 0 -3276102 -1756939 , 3.5591845551745099e-10 , 34
0.9752891620732296 , 1516745 -280930 -1780378 519941 -2965882 -751345 , 1807765 889769 -889769 0 1687238 797469 , 108810 -956239 1186181 -705746 49829 -118852 , 2021800 629394 -629394 0 1588864 959470 , 996804 1780378 280930 -519941 1029033 -2684952 , 1314606 -1041280 251271 1057399 -705025 738943 , 257207 -251271 1041280 -1057399 487672 336255 , 814556 -1186181 956239 705746 -1305033 1006068 , 953404 -1519163 1519163 0 -3276102 -1756939 , 3.5591845551745099e-10 , 35
1.082527190847113 , 2119391 -1350025 -859966 203706 -3091146 -383667 , 2284570 351899 -351899 0 1502465 1150566 , -903784 534051 -802382 -184275 598316 -1174964 , 1544995 1167264 -1167264 0 1773637 606373 , 1915685 859966 1350025 -203706 476299 -1741121 , 456783 -1358720 1320468 -370697 -245112 64828 , 827480 -1320468 1358720 370697 -1255640 1113608 , -719509 802382 -534051 184275 -372582 64265 , 953404 -1519163 1519163 0 -3276102 -1756939 , 3.5591845482146376e-10 , 0
1.082527190847113 , 2119391 -1350025 -859966 203706 -3091146 -383667 , 2284570 351899 -351899 0 1502465 1150566 , 903784 -534051 802382 184275 -598316 1174964 , 1544995 1167264 -1167264 0 1773637 606373 , 1915685 859966 1350025 -203706 476299 -1741121 , -456783 1358720 -1320468 370697 245112 -64828 , -827480 1320468 -1358720 -370697 1255640 -1113608 , 719509 -802382 534051 -184275 372582 -64265 , 953404 -1519163 1519163 0 -3276102 -1756939 , 3.5591845482146376e-10 , 1
1.082527190847113 , 2119391 -1350025 -859966 203706 -3091146 -383667 , 1544995 1167264 -1167264 0 1773637 606373 , 64828 -245112 -370697 1320468 -1358720 456783 , 2284570 351899 -351899 0 1502465 1150566 , 1915685 859966 1350025 -203706 476299 -1741121 , -1174964 598316 -184275 -802382 534051 -903784 , -372582 184275 -598316 802382 -719509 -64265 , -1255640 370697 245112 -1320468 827480 -1113608 , 953404 -1519163 1519163 0 -3276102 -1756939 , 3.55918454822174e-10 , 2
1.082527190847113 , 2119391 -1350025 -859966 203706 -3091146 -383667 , 1544995 1167264 -1167264 0 1773637 606373 , -64828 245112 370697 -1320468 1358720 -456783 , 2284570 351899 -351899 0 1502465 1150566 , 1915685 859966 1350025 -203706 476299 -1741121 , 1174964 -598316 184275 802382 -534051 903784 , 372582 -184275 598316 -802382 719509 64265 , 1255640 -370697 -245112 1320468 -827480 1113608 , 953404 -1519163 1519163 0 -3276102 -1756939 , 3.55918454822174e-10 , 3
1.082527190847113 , 2119391 -1350025 -859966 203706 -3091146 -383667 , 2284570 351899 -351899 0 1502465 1150566 , -719509 -64265 372582 -903784 534051 -802382 , 1544995 1167264 -1167264 0 1773637 606373 , 1915685 859966 1350025 -203706 476299 -1741121 , 827480 -1113608 1255640 456783 -1358720 1320468 , 370697 -1255640 1113608 -456783 64828 -245112 , 184275 -372582 64265 903784 -1174964 598316 , 953404 -1519163 1519163 0 -3276102 -1756939 , 3.5591845482248605e-10 , 4
1.082527190847113 , 2119391 -1350025 -859966 203706 -3091146 -383667 , 2284570 351899 -351899 0 1502465 1150566 , 719509 64265 -372582 903784 -534051 802382 , 1544995 1167264 -1167264 0 1773637 606373 , 1915685 859966 1350025 -203706 476299 -1741121 , -827480 1113608 -1255640 -456783 1358720 -1320468 , -370697 1255640 -1113608 456783 -64828 245112 , -184275 372582 -64265 -903784 1174964 -598316 , 953404 -1519163 1519163 0 -3276102 -1756939 , 3.5591845482248605e-10 , 5
1.082527190847113 , 2119391 -1350025 -859966 203706 -3091146 -383667 , 1544995 1167264 -1167264 0 1773637 606373 , -827480 1320468 -1358720 -370697 1255640 -1113608 , 2284570 351899 -351899 0 1502465 1150566 , 1915685 859966 1350025 -203706 476299 -1741121 , 719509 -802382 534051 -184275 372582 -64265 , 903784 -534051 802382 184275 -598316 1174964 , -456783 1358720 -1320468 370697 245112 -64828 , 953404 -1519163 1519163 0 -3276102 -1756939 , 3.5591845482510128e-10 , 6
1.082527190847113 , 2119391 -1350025 -859966 203706 -3091146 -383667 , 1544995 1167264 -1167264 0 1773637 606373 , 827480 -1320468 1358720 370697 -1255640 1113608 , 2284570 351899 -351899 0 1502465 1150566 , 1915685 859966 1350025 -203706 476299 -1741121 , -719509 802382 -534051 184275 -372582 64265 , -903784 534051 -802382 -184275 598316 -1174964 , 456783 -1358720 1320468 -370697 -245112 64828 , 953404 -1519163 1519163 0 -3276102 -1756939 , 3.5591845482510128e-10 , 7
1.082527190847113 , 2119391 -1350025 -859966 203706 -3091146 -383667 , 2284570 351899 -351899 0 1502465 1150566 , -598316 1174964 -903784 -64265 372582 -184275 , 1544995 1167264 -1167264 0 1773637 606373 , 1915685 859966 1350025 -203706 476299 -1741121 , 245112 -64828 456783 -1113608 1255640 -370697 , 1358720 -456783 64828 1113608 -827480 1320468 , -534051 903784 -1174964 64265 719509 -802382 , 953404 -1519163 1519163 0 -3276102 -1756939 , 3.5591845482555018e-10 , 8
1.082527190847113 , 2119391 -1350025 -859966 203706 -3091146 -383667 , 2284570 351899 -351899 0 1502465 1150566 , 598316 -1174964 903784 64265 -372582 184275 , 1544995 1167264 -1167264 0 1773637 606373 , 1915685 859966 1350025 -203706 476299 -1741121 , -245112 64828 -456783 1113608 -1255640 370697 , -1358720 456783 -64828 -1113608 827480 -1320468 , 534051 -903784 1174964 -64265 -719509 802382 , 953404 -1519163 1519163 0 -3276102 -1756939 , 3.5591845482555018e-10 , 9
1.082527190847113 , 2119391 -1350025 -859966 203706 -3091146 -383667 , 1544995 1167264 -1167264 0 1773637 606373 , -1113608 827480 -1320468 245112 370697 -1255640 , 2284570 351899 -351899 0 1502465 1150566 , 1915685 859966 1350025 -203706 476299 -1741121 , -64265 -719509 802382 -598316 184275 -372582 , 534051 -802382 719509 598316 -1174964 903784 , -1358720 1320468 -827480 -245112 64828 -456783 , 953404 -1519163 1519163 0 -3276102 -1756939 , 3.5591845482586343e-10 , 10
1.082527190847113 , 2119391 -1350025 -859966 203706 -3091146 -383667 , 1544995 1167264 -1167264 0 1773637 606373 , 1113608 -827480 1320468 -245112 -370697 1255640 , 2284570 351899 -351899 0 1502465 1150566 , 1915685 859966 1350025 -203706 476299 -1741121 , 64265 719509 -802382 598316 -184275 372582 , -534051 802382 -719509 -598316 1174964 -903784 , 1358720 -1320468 827480 245112 -64828 456783 , 953404 -1519163 1519163 0 -3276102 -1756939 , 3.5591845482586343e-10 , 11
1.082527190847113 , 2119391 -1350025 -859966 203706 -3091146 -383667 , 1544995 1167264 -1167264 0 1773637 606373 , 245112 370697 -1255640 1358720 -456783 64828 , 2284570 351899 -351899 0 1502465 1150566 , 1915685 859966 1350025 -203706 476299 -1741121 , -598316 184275 -372582 -534051 903784 -1174964 , -64265 372582 -184275 534051 -802382 719509 , -1113608 1255640 -370697 -1358720 1320468 -827480 , 953404 -1519163 1519163 0 -3276102 -1756939 , 3.5591845482646794e-10 , 12
1.082527190847113 , 2119391 -1350025 -859966 203706 -3091146 -383667 , 1544995 1167264 -1167264 0 1773637 606373 , -245112 -370697 1255640 -1358720 456783 -64828 , 2284570 351899 -351899 0 1502465 1150566 , 1915685 859966 1350025 -203706 476299 -1741121 , 598316 -184275 372582 534051 -903784 1174964 , 64265 -372582 184275 -534051 802382 -719509 , 1113608 -1255640 370697 1358720 -1320468 827480 , 953404 -1519163 1519163 0 -3276102 -1756939 , 3.5591845482646794e-10 , 13
1.082527190847113 , 2119391 -1350025 -859966 203706 -3091146 -383667 , 2284570 351899 -351899 0 1502465 1150566 , -1174964 903784 -534051 -372582 184275 -598316 , 1544995 1167264 -1167264 0 1773637 606373 , 1915685 859966 1350025 -203706 476299 -1741121 , 64828 -456783 1358720 -1255640 370697 245112 , 1320468 -1358720 456783 1255640 -1113608 827480 , -802382 534051 -903784 372582 -64265 -719509 , 953404 -1519163 1519163 0 -3276102 -1756939 , 3.5591845482733379e-10 , 14
1.082527190847113 , 2119391 -1350025 -859966 203706 -3091146 -383667 , 2284570 351899 -351899 0 1502465 1150566 , 1174964 -903784 534051 372582 -184275 598316 , 1544995 1167264 -1167264 0 1773637 606373 , 1915685 859966 1350025 -203706 476299 -1741121 , -64828 456783 -1358720 1255640 -370697 -245112 , -1320468 1358720 -456783 -1255640 1113608 -827480 , 802382 -534051 903784 -372582 64265 719509 , 953404 -1519163 1519163 0 -3276102 -1756939 , 3.5591845482733379e-10 , 15
1.082527190847113 , 2119391 -1350025 -859966 203706 -3091146 -383667 , 2284570 351899 -351899 0 1502465 1150566 , -64265 372582 -184275 534051 -802382 719509 , 1544995 1167264 -1167264 0 1773637 606373 , 1915685 859966 1350025 -203706 476299 -1741121 , -1113608 1255640 -370697 -1358720 1320468 -827480 , 245112 370697 -1255640 1358720 -456783 64828 , -598316 184275 -372582 -534051 903784 -1174964 , 953404 -1519163 1519163 0 -3276102 -1756939 , 3.5591845482833804e-10 , 16
1.082527190847113 , 2119391 -1350025 -859966 203706 -3091146 -383667 , 2284570 351899 -351899 0 1502465 1150566 , 64265 -372582 184275 -534051 802382 -719509 , 1544995 1167264 -1167264 0 1773637 606373 , 1915685 859966 1350025 -203706 476299 -1741121 , 1113608 -1255640 370697 1358720 -1320468 827480 , -245112 -370697 1255640 -1358720 456783 -64828 , 598316 -184275 372582 534051 -903784 1174964 , 953404 -1519163 1519163 0 -3276102 -1756939 , 3.5591845482833804e-10 , 17
1.082527190847113 , 2119391 -1350025 -859966 203706 -3091146 -383667 , 1544995 1167264 -1167264 0 1773637 606373 , 1358720 -456783 64828 1113608 -827480 1320468 , 2284570 351899 -351899 0 1502465 1150566 , 1915685 859966 1350025 -203706 476299 -1741121 , -534051 903784 -1174964 64265 719509 -802382 , -598316 1174964 -903784 -64265 372582 -184275 , 245112 -64828 456783 -1113608 1255640 -370697 , 953404 -1519163 1519163 0 -3276102 -1756939 , 3.559184548283734e-10 , 18
1.082527190847113 , 2119391 -1350025 -859966 203706 -3091146 -383667 , 1544995 1167264 -1167264 0 1773637 606373 , -1358720 456783 -64828 -1113608 827480 -1320468 , 2284570 351899 -351899 0 1502465 1150566 , 1915685 859966 1350025 -203706 476299 -1741121 , 534051 -903784 1174964 -64265 -719509 802382 , 598316 -1174964 903784 64265 -372582 184275 , -245112 64828 -456783 1113608 -1255640 370697 , 953404 -1519163 1519163 0 -3276102 -1756939 , 3.559184548283734e-10 , 19
1.082527190847113 , 2119391 -1350025 -859966 203706 -3091146 -383667 , 1544995 1167264 -1167264 0 1773637 606373 , -1320468 1358720 -456783 -1255640 1113608 -827480 , 2284570 351899 -351899 0 1502465 1150566 , 1915685 859966 1350025 -203706 476299 -1741121 , 802382 -534051 903784 -372582 64265 719509 , 1174964 -903784 534051 372582 -184275 598316 , -64828 456783 -1358720 1255640 -370697 -245112 , 953404 -1519163 1519163 0 -3276102 -1756939 , 3.5591845483083251e-10 , 20
1.082527190847113 , 2119391 -1350025 -859966 203706 -3091146 -383667 , 1544995 1167264 -1167264 0 1773637 606373 , 1320468 -1358720 456783 1255640 -1113608 827480 , 2284570 351899 -351899 0 1502465 1150566 , 1915685 859966 1350025 -203706 476299 -1741121 , -802382 534051 -903784 372582 -64265 -719509 , -1174964 903784 -534051 -372582 184275 -598316 , 64828 -456783 1358720 -1255640 370697 245112 , 953404 -1519163 1519163 0 -3276102 -1756939 , 3.5591845483083251e-10 , 21
1.082527190847113 , 2119391 -1350025 -859966 203706 -3091146 -383667 , 1544995 1167264 -1167264 0 1773637 606373 , -456783 64828 -245112 -827480 1320468 -1358720 , 2284570 351899 -351899 0 1502465 1150566 , 1915685 859966 1350025 -203706 476299 -1741121 , 903784 -1174964 598316 719509 -802382 534051 , 184275 -598316 1174964 -719509 -64265 372582 , 370697 245112 -64828 827480 -1113608 1255640 , 953404 -1519163 1519163 0 -3276102 -1756939 , 3.5591845483138682e-10 , 22
1.082527190847113 , 2119391 -1350025 -859966 203706 -3091146 -383667 , 1544995 1167264 -1167264 0 1773637 606373 , 456783 -64828 245112 827480 -1320468 1358720 , 2284570 351899 -351899 0 1502465 1150566 , 1915685 859966 1350025 -203706 476299 -1741121 , -903784 1174964 -598316 -719509 802382 -534051 , -184275 598316 -1174964 719509 64265 -372582 , -370697 -245112 64828 -827480 1113608 -1255640 , 953404 -1519163 1519163 0 -3276102 -1756939 , 3.5591845483138682e-10 , 23
1.082527190847113 , 2119391 -1350025 -859966 203706 -3091146 -383667 , 2284570 351899 -351899 0 1502465 1150566 , -184275 598316 -1174964 719509 64265 -372582 , 1544995 1167264 -1167264 0 1773637 606373 , 1915685 859966 1350025 -203706 476299 -1741121 , -370697 -245112 64828 -827480 1113608 -1255640 , 456783 -64828 245112 827480 -1320468 1358720 , -903784 1174964 -598316 -719509 802382 -534051 , 953404 -1519163 1519163 0 -3276102 -1756939 , 3.559184548328057e-10 , 24
1.082527190847113 , 2119391 -1350025 -859966 203706 -3091146 -383667 , 2284570 351899 -351899 0 1502465 1150566 , 184275 -598316 1174964 -719509 -64265 372582 , 1544995 1167264 -1167264 0 1773637 606373 , 1915685 859966 1350025 -203706 476299 -1741121 , 370697 245112 -64828 827480 -1113608 1255640 , -456783 64828 -245112 -827480 1320468 -1358720 , 903784 -1174964 598316 719509 -802382 534051 , 953404 -1519163 1519163 0 -3276102 -1756939 , 3.559184548328057e-10 , 25
1.082527190847113 , 2119391 -1350025 -859966 203706 -3091146 -383667 , 2284570 351899 -351899 0 1502465 1150566 , -802382 719509 64265 -1174964 903784 -534051 , 1544995 1167264 -1167264 0 1773637 606373 , 1915685 859966 1350025 -203706 476299 -1741121 , 1320468 -827480 1113608 64828 -456783 1358720 , 1255640 -1113608 827480 -64828 245112 370697 , 372582 -64265 -719509 1174964 -598316 184275 , 953404 -1519163 1519163 0 -3276102 -1756939 , 3.5591845483348114e-10 , 26
1.082527190847113 , 2119391 -1350025 -859966 203706 -3091146 -383667 , 2284570 351899 -351899 0 1502465 1150566 , 802382 -719509 -64265 1174964 -903784 534051 , 1544995 1167264 -1167264 0 1773637 606373 , 1915685 859966 1350025 -203706 476299 -1741121 , -1320468 827480 -1113608 -64828 456783 -1358720 , -1255640 1113608 -827480 64828 -245112 -370697 , -372582 64265 719509 -1174964 598316 -184275 , 953404 -1519163 1519163 0 -3276102 -1756939 , 3.5591845483348114e-10 , 27
1.082527190847113 , 2119391 -1350025 -859966 203706 -3091146 -383667 , 2284570 351899 -351899 0 1502465 1150566 , 372582 -184275 598316 -802382 719509 64265 , 1544995 1167264 -1167264 0 1773637 606373 , 1915685 859966 1350025 -203706 476299 -1741121 , 1255640 -370697 -245112 1320468 -827480 1113608 , -64828 245112 370697 -1320468 1358720 -456783 , 1174964 -598316 184275 802382 -534051 903784 , 953404 -1519163 1519163 0 -3276102 -1756939 , 3.5591845483895366e-10 , 28
1.082527190847113 , 2119391 -1350025 -859966 203706 -3091146 -383667 , 2284570 351899 -351899 0 1502465 1150566 , -372582 184275 -598316 802382 -719509 -64265 , 1544995 1167264 -1167264 0 1773637 606373 , 1915685 859966 1350025 -203706 476299 -1741121 , -1255640 370697 245112 -1320468 827480 -1113608 , 64828 -245112 -370697 1320468 -1358720 456783 , -1174964 598316 -184275 -802382 534051 -903784 , 953404 -1519163 1519163 0 -3276102 -1756939 , 3.5591845483895366e-10 , 29
1.082527190847113 , 2119391 -1350025 -859966 203706 -3091146 -383667 , 2284570 351899 -351899 0 1502465 1150566 , 534051 -802382 719509 598316 -1174964 903784 , 1544995 1167264 -1167264 0 1773637 606373 , 1915685 859966 1350025 -203706 476299 -1741121 , -1358720 1320468 -827480 -245112 64828 -456783 , -1113608 827480 -1320468 245112 370697 -1255640 , -64265 -719509 802382 -598316 184275 -372582 , 953404 -1519163 1519163 0 -3276102 -1756939 , 3.5591845483936948e-10 , 30
1.082527190847113 , 2119391 -1350025 -859966 203706 -3091146 -383667 , 2284570 351899 -351899 0 1502465 1150566 , -534051 802382 -719509 -598316 1174964 -903784 , 1544995 1167264 -1167264 0 1773637 606373 , 1915685 859966 1350025 -203706 476299 -1741121 , 1358720 -1320468 827480 245112 -64828 456783 , 1113608 -827480 1320468 -245112 -370697 1255640 , 64265 719509 -802382 598316 -184275 372582 , 953404 -1519163 1519163 0 -3276102 -1756939 , 3.5591845483936948e-10 , 31
1.082527190847113 , 2119391 -1350025 -859966 203706 -3091146 -383667 , 1544995 1167264 -1167264 0 1773637 606373 , -1255640 1113608 -827480 64828 -245112 -370697 , 2284570 351899 -351899 0 1502465 1150566 , 1915685 859966 1350025 -203706 476299 -1741121 , -372582 64265 719509 -1174964 598316 -184275 , 802382 -719509 -64265 1174964 -903784 534051 , -1320468 827480 -1113608 -64828 456783 -1358720 , 953404 -1519163 1519163 0 -3276102 -1756939 , 3.5591845484503101e-10 , 32
1.082527190847113 , 2119391 -1350025 -859966 203706 -3091146 -383667 , 1544995 1167264 -1167264 0 1773637 606373 , 1255640 -1113608 827480 -64828 245112 370697 , 2284570 351899 -351899 0 1502465 1150566 , 1915685 859966 1350025 -203706 476299 -1741121 , 372582 -64265 -719509 1174964 -598316 184275 , -802382 719509 64265 -1174964 903784 -534051 , 1320468 -827480 1113608 64828 -456783 1358720 , 953404 -1519163 1519163 0 -3276102 -1756939 , 3.5591845484503101e-10 , 33
1.082527190847113 , 2119391 -1350025 -859966 203706 -3091146 -383667 , 1544995 1167264 -1167264 0 1773637 606373 , -370697 1255640 -1113608 456783 -64828 245112 , 2284570 351899 -351899 0 1502465 1150566 , 1915685 859966 1350025 -203706 476299 -1741121 , -184275 372582 -64265 -903784 1174964 -598316 , 719509 64265 -372582 903784 -534051 802382 , -827480 1113608 -1255640 -456783 1358720 -1320468 , 953404 -1519163 1519163 0 -3276102 -1756939 , 3.5591845484910033e-10 , 34
1.082527190847113 , 2119391 -1350025 -859966 203706 -3091146 -383667 , 1544995 1167264 -1167264 0 1773637 606373 , 370697 -1255640 1113608 -456783 64828 -245112 , 2284570 351899 -351899 0 1502465 1150566 , 1915685 859966 1350025 -203706 476299 -1741121 , 184275 -372582 64265 903784 -1174964 598316 , -719509 -64265 372582 -903784 534051 -802382 , 827480 -1113608 1255640 456783 -1358720 1320468 , 953404 -1519163 1519163 0 -3276102 -1756939 , 3.5591845484910033e-10 , 35
1.191712766747652 , 2155250 -1608645 -593634 -231418 -2873471 -343676 , 2346664 259344 -259344 0 1460053 1200709 , -490714 798039 -1063361 -152506 980584 -967578 , 1482901 1259819 -1259819 0 1816049 556230 , 2386668 593634 1608645 231418 249958 -1264826 , 720981 -1031847 1571735 -495905 -425162 905555 , 1216886 -1571735 1031847 495905 -666180 606685 , -338208 1063361 -798039 152506 95783 182545 , 953404 -1519163 1519163 0 -3276102 -1756939 , 3.5591845756439141e-10 , 0
1.191712766747652 , 2155250 -1608645 -593634 -231418 -2873471 -343676 , 2346664 259344 -259344 0 1460053 1200709 , 490714 -798039 1063361 152506 -980584 967578 , 1482901 1259819 -1259819 0 1816049 556230 , 2386668 593634 1608645 231418 249958 -1264826 , -720981 1031847 -1571735 495905 425162 -905555 , -1216886 1571735 -1031847 -495905 666180 -606685 , 338208 -1063361 798039 -152506 -95783 -182545 , 953404 -1519163 1519163 0 -3276102 -1756939 , 3.5591845756439141e-10 , 1
1.191712766747652 , 2155250 -1608645 -593634 -231418 -2873471 -343676 , 1482901 1259819 -1259819 0 1816049 556230 , -666180 606685 -1216886 905555 -425162 -495905 , 2346664 259344 -259344 0 1460053 1200709 , 2386668 593634 1608645 231418 249958 -1264826 , 95783 182545 338208 -967578 980584 -152506 , 1063361 -338208 -182545 967578 -490714 798039 , -1571735 1216886 -606685 -905555 720981 -1031847 , 953404 -1519163 1519163 0 -3276102 -1756939 , 3.5591845758459897e-10 , 2
1.191712766747652 , 2155250 -1608645 -593634 -231418 -2873471 -343676 , 1482901 1259819 -1259819 0 1816049 556230 , 666180 -606685 1216886 -905555 425162 495905 , 2346664 259344 -259344 0 1460053 1200709 , 2386668 593634 1608645 231418 249958 -1264826 , -95783 -182545 -338208 967578 -980584 152506 , -1063361 338208 182545 -967578 490714 -798039 , 1571735 -1216886 606685 905555 -720981 1031847 , 953404 -1519163 1519163 0 -3276102 -1756939 , 3.5591845758459897e-10 , 3
1.191712766747652 , 2155250 -1608645 -593634 -231418 -2873471 -343676 , 2346664 259344 -259344 0 1460053 1200709 , -338208 -182545 -95783 -490714 798039 -1063361 , 1482901 1259819 -1259819 0 1816049 556230 , 2386668 593634 1608645 231418 249958 -1264826 , 1216886 -606685 666180 720981 -1031847 1571735 , 495905 -666180 606685 -720981 905555 -425162 , 152506 95783 182545 490714 -967578 980584 , 953404 -1519163 1519163 0 -3276102 -1756939 , 3.5591845759450327e-10 , 4
1.191712766747652 , 2155250 -1608645 -593634 -231418 -2873471 -343676 , 2346664 259344 -259344 0 1460053 1200709 , 338208 182545 95783 490714 -798039 1063361 , 1482901 1259819 -1259819 0 1816049 556230 , 2386668 593634 1608645 231418 249958 -1264826 , -1216886 606685 -666180 -720981 1031847 -1571735 , -495905 666180 -606685 720981 -905555 425162 , -152506 -95783 -182545 -490714 967578 -980584 , 953404 -1519163 1519163 0 -3276102 -1756939 , 3.5591845759450327e-10 , 5
1.191712766747652 , 2155250 -1608645 -593634 -231418 -2873471 -343676 , 2346664 259344 -259344 0 1460053 1200709 , -980584 967578 -490714 -182545 -95783 -152506 , 1482901 1259819 -1259819 0 1816049 556230 , 2386668 593634 1608645 231418 249958 -1264826 , 425162 -905555 720981 -606685 666180 -495905 , 1031847 -720981 905555 606685 -1216886 1571735 , -798039 490714 -967578 182545 338208 -1063361 , 953404 -1519163 1519163 0 -3276102 -1756939 , 3.5591845760546553e-10 , 6
1.191712766747652 , 2155250 -1608645 -593634 -231418 -2873471 -343676 , 2346664 259344 -259344 0 1460053 1200709 , 980584 -967578 490714 182545 95783 152506 , 1482901 1259819 -1259819 0 1816049 556230 , 2386668 593634 1608645 231418 249958 -1264826 , -425162 905555 -720981 606685 -666180 495905 , -1031847 720981 -905555 -606685 1216886 -1571735 , 798039 -490714 967578 -182545 -338208 1063361 , 953404 -1519163 1519163 0 -3276102 -1756939 , 3.5591845760546553e-10 , 7
1.191712766747652 , 2155250 -1608645 -593634 -231418 -2873471 -343676 , 2346664 259344 -259344 0 1460053 1200709 , 967578 -490714 798039 -95783 -152506 980584 , 1482901 1259819 -1259819 0 1816049 556230 , 2386668 593634 1608645 231418 249958 -1264826 , -905555 720981 -1031847 666180 -495905 -425162 , -1571735 1031847 -720981 -666180 606685 -1216886 , 1063361 -798039 490714 95783 182545 338208 , 953404 -1519163 1519163 0 -3276102 -1756939 , 3.5591845760567181e-10 , 8
1.191712766747652 , 2155250 -1608645 -593634 -231418 -2873471 -343676 , 2346664 259344 -259344 0 1460053 1200709 , -967578 490714 -798039 95783 152506 -980584 , 1482901 1259819 -1259819 0 1816049 556230 , 2386668 593634 1608645 231418 249958 -1264826 , 905555 -720981 1031847 -666180 495905 425162 , 1571735 -1031847 720981 666180 -606685 1216886 , -1063361 798039 -490714 -95783 -182545 -338208 , 953404 -1519163 1519163 0 -3276102 -1756939 , 3.5591845760567181e-10 , 9
1.191712766747652 , 2155250 -1608645 -593634 -231418 -2873471 -343676 , 2346664 259344 -259344 0 1460053 1200709 , -95783 -152506 980584 -1063361 338208 182545 , 1482901 1259819 -1259819 0 1816049 556230 , 2386668 593634 1608645 231418 249958 -1264826 , 666180 -495905 -425162 1571735 -1216886 606685 , -905555 425162 495905 -1571735 1031847 -720981 , 967578 -980584 152506 1063361 -798039 490714 , 953404 -1519163 1519163 0 -3276102 -1756939 , 3.5591845760570645e-10 , 10
1.191712766747652 , 2155250 -1608645 -593634 -231418 -2873471 -343676 , 2346664 259344 -259344 0 1460053 1200709 , 95783 152506 -980584 1063361 -338208 -182545 , 1482901 1259819 -1259819 0 1816049 556230 , 2386668 593634 1608645 231418 249958 -1264826 , -666180 495905 425162 -1571735 1216886 -606685 , 905555 -425162 -495905 1571735 -1031847 720981 , -967578 980584 -152506 -1063361 798039 -490714 , 953404 -1519163 1519163 0 -3276102 -1756939 , 3.5591845760570645e-10 , 11
1.191712766747652 , 2155250 -1608645 -593634 -231418 -2873471 -343676 , 1482901 1259819 -1259819 0 1816049 556230 , -606685 1216886 -1571735 425162 495905 -666180 , 2346664 259344 -259344 0 1460053 1200709 , 2386668 593634 1608645 231418 249958 -1264826 , -182545 -338208 1063361 -980584 152506 95783 , 798039 -1063361 338208 980584 -967578 490714 , -1031847 1571735 -1216886 -425162 905555 -720981 , 953404 -1519163 1519163 0 -3276102 -1756939 , 3.559184576057067e-10 , 12
1.191712766747652 , 2155250 -1608645 -593634 -231418 -2873471 -343676 , 1482901 1259819 -1259819 0 1816049 556230 , 606685 -1216886 1571735 -425162 -495905 666180 , 2346664 259344 -259344 0 1460053 1200709 , 2386668 593634 1608645 231418 249958 -1264826 , 182545 338208 -1063361 980584 -152506 -95783 , -798039 1063361 -338208 -980584 967578 -490714 , 1031847 -1571735 1216886 425162 -905555 720981 , 953404 -1519163 1519163 0 -3276102 -1756939 , 3.559184576057067e-10 , 13
1.191712766747652 , 2155250 -1608645 -593634 -231418 -2873471 -343676 , 1482901 1259819 -1259819 0 1816049 556230 , -1216886 1571735 -1031847 -495905 666180 -606685 , 2346664 259344 -259344 0 1460053 1200709 , 2386668 593634 1608645 231418 249958 -1264826 , 338208 -1063361 798039 -152506 -95783 -182545 , 490714 -798039 1063361 152506 -980584 967578 , -720981 1031847 -1571735 495905 425162 -905555 , 953404 -1519163 1519163 0 -3276102 -1756939 , 3.5591845761538684e-10 , 14
1.191712766747652 , 2155250 -1608645 -593634 -231418 -2873471 -343676 , 1482901 1259819 -1259819 0 1816049 556230 , 1216886 -1571735 1031847 495905 -666180 606685 , 2346664 259344 -259344 0 1460053 1200709 , 2386668 593634 1608645 231418 249958 -1264826 , -338208 1063361 -798039 152506 95783 182545 , -490714 798039 -1063361 -152506 980584 -967578 , 720981 -1031847 1571735 -495905 -425162 905555 , 953404 -1519163 1519163 0 -3276102 -1756939 , 3.5591845761538684e-10 , 15
1.191712766747652 , 2155250 -1608645 -593634 -231418 -2873471 -343676 , 1482901 1259819 -1259819 0 1816049 556230 , -720981 905555 -425162 -1216886 1571735 -1031847 , 2346664 259344 -259344 0 1460053 1200709 , 2386668 593634 1608645 231418 249958 -1264826 , 490714 -967578 980584 338208 -1063361 798039 , 152506 -980584 967578 -338208 -182545 -95783 , 495905 425162 -905555 1216886 -606685 666180 , 953404 -1519163 1519163 0 -3276102 -1756939 , 3.559184576260355e-10 , 16
1.191712766747652 , 2155250 -1608645 -593634 -231418 -2873471 -343676 , 1482901 1259819 -1259819 0 1816049 556230 , 720981 -905555 425162 1216886 -1571735 1031847 , 2346664 259344 -259344 0 1460053 1200709 , 2386668 593634 1608645 231418 249958 -1264826 , -490714 967578 -980584 -338208 1063361 -798039 , -152506 980584 -967578 338208 182545 95783 , -495905 -425162 905555 -1216886 606685 -666180 , 953404 -1519163 1519163 0 -3276102 -1756939 , 3.559184576260355e-10 , 17
1.191712766747652 , 2155250 -1608645 -593634 -231418 -2873471 -343676 , 1482901 1259819 -1259819 0 1816049 556230 , -425162 -495905 666180 -1031847 720981 -905555 , 2346664 259344 -259344 0 1460053 1200709 , 2386668 593634 1608645 231418 249958 -1264826 , 980584 -152506 -95783 798039 -490714 967578 , 182545 95783 152506 -798039 1063361 -338208 , 606685 -666180 495905 1031847 -1571735 1216886 , 953404 -1519163 1519163 0 -3276102 -1756939 , 3.5591845763609577e-10 , 18
1.191712766747652 , 2155250 -1608645 -593634 -231418 -2873471 -343676 , 1482901 1259819 -1259819 0 1816049 556230 , 425162 495905 -666180 1031847 -720981 905555 , 2346664 259344 -259344 0 1460053 1200709 , 2386668 593634 1608645 231418 249958 -1264826 , -980584 152506 95783 -798039 490714 -967578 , -182545 -95783 -152506 798039 -1063361 338208 , -606685 666180 -495905 -1031847 1571735 -1216886 , 953404 -1519163 1519163 0 -3276102 -1756939 , 3.5591845763609577e-10 , 19
1.191712766747652 , 2155250 -1608645 -593634 -231418 -2873471 -343676 , 2346664 259344 -259344 0 1460053 1200709 , -1063361 338208 182545 -967578 490714 -798039 , 1482901 1259819 -1259819 0 1816049 556230 , 2386668 593634 1608645 231418 249958 -1264826 , 1571735 -1216886 606685 905555 -720981 1031847 , 666180 -606685 1216886 -905555 425162 495905 , -95783 -182545 -338208 967578 -980584 152506 , 953404 -1519163 1519163 0 -3276102 -1756939 , 3.5591845763649483e-10 , 20
1.191712766747652 , 2155250 -1608645 -593634 -231418 -2873471 -343676 , 2346664 259344 -259344 0 1460053 1200709 , 1063361 -338208 -182545 967578 -490714 798039 , 1482901 1259819 -1259819 0 1816049 556230 , 2386668 593634 1608645 231418 249958 -1264826 , -1571735 1216886 -606685 -905555 720981 -1031847 , -666180 606685 -1216886 905555 -425162 -495905 , 95783 182545 338208 -967578 980584 -152506 , 953404 -1519163 1519163 0 -3276102 -1756939 , 3.5591845763649483e-10 , 21
1.191712766747652 , 2155250 -1608645 -593634 -231418 -2873471 -343676 , 1482901 1259819 -1259819 0 1816049 556230 , -495905 666180 -606685 720981 -905555 425162 , 2346664 259344 -259344 0 1460053 1200709 , 2386668 593634 1608645 231418 249958 -1264826 , -152506 -95783 -182545 -490714 967578 -980584 , 338208 182545 95783 490714 -798039 1063361 , -1216886 606685 -666180 -720981 1031847 -1571735 , 953404 -1519163 1519163 0 -3276102 -1756939 , 3.5591845763651158e-10 , 22
1.191712766747652 , 2155250 -1608645 -593634 -231418 -2873471 -343676 , 1482901 1259819 -1259819 0 1816049 556230 , 495905 -666180 606685 -720981 905555 -425162 , 2346664 259344 -259344 0 1460053 1200709 , 2386668 593634 1608645 231418 249958 -1264826 , 152506 95783 182545 490714 -967578 980584 , -338208 -182545 -95783 -490714 798039 -1063361 , 1216886 -606685 666180 720981 -1031847 1571735 , 953404 -1519163 1519163 0 -3276102 -1756939 , 3.5591845763651158e-10 , 23
1.191712766747652 , 2155250 -1608645 -593634 -231418 -2873471 -343676 , 1482901 1259819 -1259819 0 1816049 556230 , -1031847 720981 -905555 -606685 1216886 -1571735 , 2346664 259344 -259344 0 1460053 1200709 , 2386668 593634 1608645 231418 249958 -1264826 , 798039 -490714 967578 -182545 -338208 1063361 , 980584 -967578 490714 182545 95783 152506 , -425162 905555 -720981 606685 -666180 495905 , 953404 -1519163 1519163 0 -3276102 -1756939 , 3.5591845764781847e-10 , 24
1.191712766747652 , 2155250 -1608645 -593634 -231418 -2873471 -343676 , 1482901 1259819 -1259819 0 1816049 556230 , 1031847 -720981 905555 606685 -1216886 1571735 , 2346664 259344 -259344 0 1460053 1200709 , 2386668 593634 1608645 231418 249958 -1264826 , -798039 490714 -967578 182545 338208 -1063361 , -980584 967578 -490714 -182545 -95783 -152506 , 425162 -905555 720981 -606685 666180 -495905 , 953404 -1519163 1519163 0 -3276102 -1756939 , 3.5591845764781847e-10 , 25
1.191712766747652 , 2155250 -1608645 -593634 -231418 -2873471 -343676 , 2346664 259344 -259344 0 1460053 1200709 , -182545 -95783 -152506 798039 -1063361 338208 , 1482901 1259819 -1259819 0 1816049 556230 , 2386668 593634 1608645 231418 249958 -1264826 , -606685 666180 -495905 -1031847 1571735 -1216886 , 425162 495905 -666180 1031847 -720981 905555 , -980584 152506 95783 -798039 490714 -967578 , 953404 -1519163 1519163 0 -3276102 -1756939 , 3.5591845765704924e-10 , 26
1.191712766747652 , 2155250 -1608645 -593634 -231418 -2873471 -343676 , 2346664 259344 -259344 0 1460053 1200709 , 182545 95783 152506 -798039 1063361 -338208 , 1482901 1259819 -1259819 0 1816049 556230 , 2386668 593634 1608645 231418 249958 -1264826 , 606685 -666180 495905 1031847 -1571735 1216886 , -425162 -495905 666180 -1031847 720981 -905555 , 980584 -152506 -95783 798039 -490714 967578 , 953404 -1519163 1519163 0 -3276102 -1756939 , 3.5591845765704924e-10 , 27
1.191712766747652 , 2155250 -1608645 -593634 -231418 -2873471 -343676 , 1482901 1259819 -1259819 0 1816049 556230 , 905555 -425162 -495905 1571735 -1031847 720981 , 2346664 259344 -259344 0 1460053 1200709 , 2386668 593634 1608645 231418 249958 -1264826 , -967578 980584 -152506 -1063361 798039 -490714 , 95783 152506 -980584 1063361 -338208 -182545 , -666180 495905 425162 -1571735 1216886 -606685 , 953404 -1519163 1519163 0 -3276102 -1756939 , 3.5591845765720433e-10 , 28
1.191712766747652 , 2155250 -1608645 -593634 -231418 -2873471 -343676 , 1482901 1259819 -1259819 0 1816049 556230 , -905555 425162 495905 -1571735 1031847 -720981 , 2346664 259344 -259344 0 1460053 1200709 , 2386668 593634 1608645 231418 249958 -1264826 , 967578 -980584 152506 1063361 -798039 490714 , -95783 -152506 980584 -1063361 338208 182545 , 666180 -495905 -425162 1571735 -1216886 606685 , 953404 -1519163 1519163 0 -3276102 -1756939 , 3.5591845765720433e-10 , 29
1.191712766747652 , 2155250 -1608645 -593634 -231418 -2873471 -343676 , 2346664 259344 -259344 0 1460053 1200709 , -798039 1063361 -338208 -980584 967578 -490714 , 1482901 1259819 -1259819 0 1816049 556230 , 2386668 593634 1608645 231418 249958 -1264826 , 1031847 -1571735 1216886 425162 -905555 720981 , 606685 -1216886 1571735 -425162 -495905 666180 , 182545 338208 -1063361 980584 -152506 -95783 , 953404 -1519163 1519163 0 -3276102 -1756939 , 3.5591845765810415e-10 , 30
1.191712766747652 , 2155250 -1608645 -593634 -231418 -2873471 -343676 , 2346664 259344 -259344 0 1460053 1200709 , 798039 -1063361 338208 980584 -967578 490714 , 1482901 1259819 -1259819 0 1816049 556230 , 2386668 593634 1608645 231418 249958 -1264826 , -1031847 1571735 -1216886 -425162 905555 -720981 , -606685 1216886 -1571735 425162 495905 -666180 , -182545 -338208 1063361 -980584 152506 95783 , 953404 -1519163 1519163 0 -3276102 -1756939 , 3.5591845765810415e-10 , 31
1.191712766747652 , 2155250 -1608645 -593634 -231418 -2873471 -343676 , 2346664 259344 -259344 0 1460053 1200709 , -152506 980584 -967578 338208 182545 95783 , 1482901 1259819 -1259819 0 1816049 556230 , 2386668 593634 1608645 231418 249958 -1264826 , -495905 -425162 905555 -1216886 606685 -666180 , 720981 -905555 425162 1216886 -1571735 1031847 , -490714 967578 -980584 -338208 1063361 -798039 , 953404 -1519163 1519163 0 -3276102 -1756939 , 3.5591845765874434e-10 , 32
1.191712766747652 , 2155250 -1608645 -593634 -231418 -2873471 -343676 , 2346664 259344 -259344 0 1460053 1200709 , 152506 -980584 967578 -338208 -182545 -95783 , 1482901 1259819 -1259819 0 1816049 556230 , 2386668 593634 1608645 231418 249958 -1264826 , 495905 425162 -905555 1216886 -606685 666180 , -720981 905555 -425162 -1216886 1571735 -1031847 , 490714 -967578 980584 338208 -1063361 798039 , 953404 -1519163 1519163 0 -3276102 -1756939 , 3.5591845765874434e-10 , 33
1.191712766747652 , 2155250 -1608645 -593634 -231418 -2873471 -343676 , 1482901 1259819 -1259819 0 1816049 556230 , -1571735 1031847 -720981 -666180 606685 -1216886 , 2346664 259344 -259344 0 1460053 1200709 , 2386668 593634 1608645 231418 249958 -1264826 , 1063361 -798039 490714 95783 182545 338208 , 967578 -490714 798039 -95783 -152506 980584 , -905555 720981 -1031847 666180 -495905 -425162 , 953404 -1519163 1519163 0 -3276102 -1756939 , 3.5591845766866637e-10 , 34
1.191712766747652 , 2155250 -1608645 -593634 -231418 -2873471 -343676 , 1482901 1259819 -1259819 0 1816049 556230 , 1571735 -1031847 720981 666180 -606685 1216886 , 2346664 259344 -259344 0 1460053 1200709 , 2386668 593634 1608645 231418 249958 -1264826 , -1063361 798039 -490714 -95783 -182545 -338208 , -967578 490714 -798039 95783 152506 -980584 , 905555 -720981 1031847 -666180 495905 425162 , 953404 -1519163 1519163 0 -3276102 -1756939 , 3.5591845766866637e-10 , 35
1.2968267656925372 , 1371938 -920752 -1464483 -293575 -2608423 -853505 , 2929699 -370744 370744 0 1256627 1627371 , -166814 443054 -734652 146857 440292 -470530 , 899866 1889907 -1889907 0 2019475 129568 , 1665513 1464483 920752 293575 610978 -1687671 , -574346 -437274 1219076 -1533635 634274 -560643 , 959289 -1219076 437274 1533635 -1779719 1071548 , -313671 734652 -443054 -146857 264122 -2762 , 953404 -1519163 1519163 0 -3276102 -1756939 , 3.5591845512152828e-10 , 0
1.2968267656925372 , 1371938 -920752 -1464483 -293575 -2608423 -853505 , 2929699 -370744 370744 0 1256627 1627371 , 166814 -443054 734652 -146857 -440292 470530 , 899866 1889907 -1889907 0 2019475 129568 , 1665513 1464483 920752 293575 610978 -1687671 , 574346 437274 -1219076 1533635 -634274 560643 , -959289 1219076 -437274 -1533635 1779719 -1071548 , 313671 -734652 443054 146857 -264122 2762 , 953404 -1519163 1519163 0 -3276102 -1756939 , 3.5591845512152828e-10 , 1
1.2968267656925372 , 1371938 -920752 -1464483 -293575 -2608423 -853505 , 2929699 -370744 370744 0 1256627 1627371 , 443054 -734652 313671 440292 -470530 166814 , 899866 1889907 -1889907 0 2019475 129568 , 1665513 1464483 920752 293575 610978 -1687671 , -437274 1219076 -959289 634274 -560643 574346 , -1071548 959289 -1219076 -634274 1533635 -1779719 , 2762 -313671 734652 -440292 -146857 264122 , 953404 -1519163 1519163 0 -3276102 -1756939 , 3.5591845513170943e-10 , 2
1.2968267656925372 , 1371938 -920752 -1464483 -293575 -2608423 -853505 , 2929699 -370744 370744 0 1256627 1627371 , -443054 734652 -313671 -440292 470530 -166814 , 899866 1889907 -1889907 0 2019475 129568 , 1665513 1464483 920752 293575 610978 -1687671 , 437274 -1219076 959289 -634274 560643 -574346 , 1071548 -959289 1219076 634274 -1533635 1779719 , -2762 313671 -734652 440292 146857 -264122 , 953404 -1519163 1519163 0 -3276102 -1756939 , 3.5591845513170943e-10 , 3
1.2968267656925372 , 1371938 -920752 -1464483 -293575 -2608423 -853505 , 899866 1889907 -1889907 0 2019475 129568 , -560643 634274 -1533635 1219076 -437274 -574346 , 2929699 -370744 370744 0 1256627 1627371 , 1665513 1464483 920752 293575 610978 -1687671 , -470530 440292 146857 -734652 443054 -166814 , 264122 -146857 -440292 734652 -313671 2762 , -1779719 1533635 -634274 -1219076 959289 -1071548 , 953404 -1519163 1519163 0 -3276102 -1756939 , 3.5591845513539731e-10 , 4
1.2968267656925372 , 1371938 -920752 -1464483 -293575 -2608423 -853505 , 899866 1889907 -1889907 0 2019475 129568 , 560643 -634274 1533635 -1219076 437274 574346 , 2929699 -370744 370744 0 1256627 1627371 , 1665513 1464483 920752 293575 610978 -1687671 , 470530 -440292 -146857 734652 -443054 166814 , -264122 146857 440292 -734652 313671 -2762 , 1779719 -1533635 634274 1219076 -959289 1071548 , 953404 -1519163 1519163 0 -3276102 -1756939 , 3.5591845513539731e-10 , 5
1.2968267656925372 , 1371938 -920752 -1464483 -293575 -2608423 -853505 , 2929699 -370744 370744 0 1256627 1627371 , -440292 470530 -166814 2762 -264122 146857 , 899866 1889907 -1889907 0 2019475 129568 , 1665513 1464483 920752 293575 610978 -1687671 , -634274 560643 -574346 -1071548 1779719 -1533635 , 437274 574346 -560643 1071548 -959289 1219076 , -443054 166814 -470530 -2762 313671 -734652 , 953404 -1519163 1519163 0 -3276102 -1756939 , 3.5591845513664449e-10 , 6
1.2968267656925372 , 1371938 -920752 -1464483 -293575 -2608423 -853505 , 2929699 -370744 370744 0 1256627 1627371 , 440292 -470530 166814 -2762 264122 -146857 , 899866 1889907 -1889907 0 2019475 129568 , 1665513 1464483 920752 293575 610978 -1687671 , 634274 -560643 574346 1071548 -1779719 1533635 , -437274 -574346 560643 -1071548 959289 -1219076 , 443054 -166814 470530 2762 -313671 734652 , 953404 -1519163 1519163 0 -3276102 -1756939 , 3.5591845513664449e-10 , 7
1.2968267656925372 , 1371938 -920752 -1464483 -293575 -2608423 -853505 , 899866 1889907 -1889907 0 2019475 129568 , -1219076 437274 574346 -1779719 1071548 -959289 , 2929699 -370744 370744 0 1256627 1627371 , 1665513 1464483 920752 293575 610978 -1687671 , 734652 -443054 166814 264122 -2762 313671 , 470530 -166814 443054 -264122 146857 440292 , 560643 -574346 -437274 1779719 -1533635 634274 , 953404 -1519163 1519163 0 -3276102 -1756939 , 3.5591845513681711e-10 , 8
1.2968267656925372 , 1371938 -920752 -1464483 -293575 -2608423 -853505 , 899866 1889907 -1889907 0 2019475 129568 , 1219076 -437274 -574346 1779719 -1071548 959289 , 2929699 -370744 370744 0 1256627 1627371 , 1665513 1464483 920752 293575 610978 -1687671 , -734652 443054 -166814 -264122 2762 -313671 , -470530 166814 -443054 264122 -146857 -440292 , -560643 574346 437274 -1779719 1533635 -634274 , 953404 -1519163 1519163 0 -3276102 -1756939 , 3.5591845513681711e-10 , 9
1.2968267656925372 , 1371938 -920752 -1464483 -293575 -2608423 -853505 , 899866 1889907 -1889907 0 2019475 129568 , -1533635 1779719 -1071548 -574346 560643 -634274 , 2929699 -370744 370744 0 1256627 1627371 , 1665513 1464483 920752 293575 610978 -1687671 , 146857 -264122 2762 -166814 470530 -440292 , 313671 -2762 264122 166814 -443054 734652 , -959289 1071548 -1779719 574346 437274 -1219076 , 953404 -1519163 1519163 0 -3276102 -1756939 , 3.5591845514074911e-10 , 10
1.2968267656925372 , 1371938 -920752 -1464483 -293575 -2608423 -853505 , 899866 1889907 -1889907 0 2019475 129568 , 1533635 -1779719 1071548 574346 -560643 634274 , 2929699 -370744 370744 0 1256627 1627371 , 1665513 1464483 920752 293575 610978 -1687671 , -146857 264122 -2762 166814 -470530 440292 , -313671 2762 -264122 -166814 443054 -734652 , 959289 -1071548 1779719 -574346 -437274 1219076 , 953404 -1519163 1519163 0 -3276102 -1756939 , 3.5591845514074911e-10 , 11
1.2968267656925372 , 1371938 -920752 -1464483 -293575 -2608423 -853505 , 2929699 -370744 370744 0 1256627 1627371 , -313671 2762 -264122 -166814 443054 -734652 , 899866 1889907 -1889907 0 2019475 129568 , 1665513 1464483 920752 293575 610978 -1687671 , 959289 -1071548 1779719 -574346 -437274 1219076 , 1533635 -1779719 1071548 574346 -560643 634274 , -146857 264122 -2762 166814 -470530 440292 , 953404 -1519163 1519163 0 -3276102 -1756939 , 3.5591845514481698e-10 , 12
1.2968267656925372 , 1371938 -920752 -1464483 -293575 -2608423 -853505 , 2929699 -370744 370744 0 1256627 1627371 , 313671 -2762 264122 166814 -443054 734652 , 899866 1889907 -1889907 0 2019475 129568 , 1665513 1464483 920752 293575 610978 -1687671 , -959289 1071548 -1779719 574346 437274 -1219076 , -1533635 1779719 -1071548 -574346 560643 -634274 , 146857 -264122 2762 -166814 470530 -440292 , 953404 -1519163 1519163 0 -3276102 -1756939 , 3.5591845514481698e-10 , 13
1.2968267656925372 , 1371938 -920752 -1464483 -293575 -2608423 -853505 , 2929699 -370744 370744 0 1256627 1627371 , 146857 440292 -470530 313671 -2762 264122 , 899866 1889907 -1889907 0 2019475 129568 , 1665513 1464483 920752 293575 610978 -1687671 , -1533635 634274 -560643 -959289 1071548 -1779719 , -574346 560643 -634274 959289 -1219076 437274 , -166814 470530 -440292 -313671 734652 -443054 , 953404 -1519163 1519163 0 -3276102 -1756939 , 3.5591845514558016e-10 , 14
1.2968267656925372 , 1371938 -920752 -1464483 -293575 -2608423 -853505 , 2929699 -370744 370744 0 1256627 1627371 , -146857 -440292 470530 -313671 2762 -264122 , 899866 1889907 -1889907 0 2019475 129568 , 1665513 1464483 920752 293575 610978 -1687671 , 1533635 -634274 560643 959289 -1071548 1779719 , 574346 -560643 634274 -959289 1219076 -437274 , 166814 -470530 440292 313671 -734652 443054 , 953404 -1519163 1519163 0 -3276102 -1756939 , 3.5591845514558016e-10 , 15
1.2968267656925372 , 1371938 -920752 -1464483 -293575 -2608423 -853505 , 2929699 -370744 370744 0 1256627 1627371 , 2762 -264122 146857 443054 -734652 313671 , 899866 1889907 -1889907 0 2019475 129568 , 1665513 1464483 920752 293575 610978 -1687671 , -1071548 1779719 -1533635 -437274 1219076 -959289 , -634274 1533635 -1779719 437274 574346 -560643 , -440292 -146857 264122 -443054 166814 -470530 , 953404 -1519163 1519163 0 -3276102 -1756939 , 3.5591845514971782e-10 , 16
1.2968267656925372 , 1371938 -920752 -1464483 -293575 -2608423 -853505 , 2929699 -370744 370744 0 1256627 1627371 , -2762 264122 -146857 -443054 734652 -313671 , 899866 1889907 -1889907 0 2019475 129568 , 1665513 1464483 920752 293575 610978 -1687671 , 1071548 -1779719 1533635 437274 -1219076 959289 , 634274 -1533635 1779719 -437274 -574346 560643 , 440292 146857 -264122 443054 -166814 470530 , 953404 -1519163 1519163 0 -3276102 -1756939 , 3.5591845514971782e-10 , 17
1.2968267656925372 , 1371938 -920752 -1464483 -293575 -2608423 -853505 , 2929699 -370744 370744 0 1256627 1627371 , 470530 -166814 443054 -264122 146857 440292 , 899866 1889907 -1889907 0 2019475 129568 , 1665513 1464483 920752 293575 610978 -1687671 , 560643 -574346 -437274 1779719 -1533635 634274 , -1219076 437274 574346 -1779719 1071548 -959289 , 734652 -443054 166814 264122 -2762 313671 , 953404 -1519163 1519163 0 -3276102 -1756939 , 3.5591845514971792e-10 , 18
1.2968267656925372 , 1371938 -920752 -1464483 -293575 -2608423 -853505 , 2929699 -370744 370744 0 1256627 1627371 , -470530 166814 -443054 264122 -146857 -440292 , 899866 1889907 -1889907 0 2019475 129568 , 1665513 1464483 920752 293575 610978 -1687671 , -560643 574346 437274 -1779719 1533635 -634274 , 1219076 -437274 -574346 1779719 -1071548 959289 , -734652 443054 -166814 -264122 2762 -313671 , 953404 -1519163 1519163 0 -3276102 -1756939 , 3.5591845514971792e-10 , 19
1.2968267656925372 , 1371938 -920752 -1464483 -293575 -2608423 -853505 , 2929699 -370744 370744 0 1256627 1627371 , -264122 146857 440292 -734652 313671 -2762 , 899866 1889907 -1889907 0 2019475 129568 , 1665513 1464483 920752 293575 610978 -1687671 , 1779719 -1533635 634274 1219076 -959289 1071548 , 560643 -634274 1533635 -1219076 437274 574346 , 470530 -440292 -146857 734652 -443054 166814 , 953404 -1519163 1519163 0 -3276102 -1756939 , 3.5591845514999508e-10 , 20
1.2968267656925372 , 1371938 -920752 -1464483 -293575 -2608423 -853505 , 2929699 -370744 370744 0 1256627 1627371 , 264122 -146857 -440292 734652 -313671 2762 , 899866 1889907 -1889907 0 2019475 129568 , 1665513 1464483 920752 293575 610978 -1687671 , -1779719 1533635 -634274 -1219076 959289 -1071548 , -560643 634274 -1533635 1219076 -437274 -574346 , -470530 440292 146857 -734652 443054 -166814 , 953404 -1519163 1519163 0 -3276102 -1756939 , 3.5591845514999508e-10 , 21
1.2968267656925372 , 1371938 -920752 -1464483 -293575 -2608423 -853505 , 899866 1889907 -1889907 0 2019475 129568 , 574346 -560643 634274 -959289 1219076 -437274 , 2929699 -370744 370744 0 1256627 1627371 , 1665513 1464483 920752 293575 610978 -1687671 , 166814 -470530 440292 313671 -734652 443054 , -146857 -440292 470530 -313671 2762 -264122 , 1533635 -634274 560643 959289 -1071548 1779719 , 953404 -1519163 1519163 0 -3276102 -1756939 , 3.5591845515465288e-10 , 22
1.2968267656925372 , 1371938 -920752 -1464483 -293575 -2608423 -853505 , 899866 1889907 -1889907 0 2019475 129568 , -574346 560643 -634274 959289 -1219076 437274 , 2929699 -370744 370744 0 1256627 1627371 , 1665513 1464483 920752 293575 610978 -1687671 , -166814 470530 -440292 -313671 734652 -443054 , 146857 440292 -470530 313671 -2762 264122 , -1533635 634274 -560643 -959289 1071548 -1779719 , 953404 -1519163 1519163 0 -3276102 -1756939 , 3.5591845515465288e-10 , 23
1.2968267656925372 , 1371938 -920752 -1464483 -293575 -2608423 -853505 , 899866 1889907 -1889907 0 2019475 129568 , -1779719 1071548 -959289 -560643 634274 -1533635 , 2929699 -370744 370744 0 1256627 1627371 , 1665513 1464483 920752 293575 610978 -1687671 , 264122 -2762 313671 -470530 440292 146857 , 734652 -313671 2762 470530 -166814 443054 , -1219076 959289 -1071548 560643 -574346 -437274 , 953404 -1519163 1519163 0 -3276102 -1756939 , 3.559184551547569e-10 , 24
1.2968267656925372 , 1371938 -920752 -1464483 -293575 -2608423 -853505 , 899866 1889907 -1889907 0 2019475 129568 , 1779719 -1071548 959289 560643 -634274 1533635 , 2929699 -370744 370744 0 1256627 1627371 , 1665513 1464483 920752 293575 610978 -1687671 , -264122 2762 -313671 470530 -440292 -146857 , -734652 313671 -2762 -470530 166814 -443054 , 1219076 -959289 1071548 -560643 574346 437274 , 953404 -1519163 1519163 0 -3276102 -1756939 , 3.559184551547569e-10 , 25
1.2968267656925372 , 1371938 -920752 -1464483 -293575 -2608423 -853505 , 899866 1889907 -1889907 0 2019475 129568 , 437274 574346 -560643 1071548 -959289 1219076 , 2929699 -370744 370744 0 1256627 1627371 , 1665513 1464483 920752 293575 610978 -1687671 , -443054 166814 -470530 -2762 313671 -734652 , -440292 470530 -166814 2762 -264122 146857 , -634274 560643 -574346 -1071548 1779719 -1533635 , 953404 -1519163 1519163 0 -3276102 -1756939 , 3.5591845515892941e-10 , 26
1.2968267656925372 , 1371938 -920752 -1464483 -293575 -2608423 -853505 , 899866 1889907 -1889907 0 2019475 129568 , -437274 -574346 560643 -1071548 959289 -1219076 , 2929699 -370744 370744 0 1256627 1627371 , 1665513 1464483 920752 293575 610978 -1687671 , 443054 -166814 470530 2762 -313671 734652 , 440292 -470530 166814 -2762 264122 -146857 , 634274 -560643 574346 1071548 -1779719 1533635 , 953404 -1519163 1519163 0 -3276102 -1756939 , 3.5591845515892941e-10 , 27
1.2968267656925372 , 1371938 -920752 -1464483 -293575 -2608423 -853505 , 899866 1889907 -1889907 0 2019475 129568 , 1071548 -959289 1219076 634274 -1533635 1779719 , 2929699 -370744 370744 0 1256627 1627371 , 1665513 1464483 920752 293575 610978 -1687671 , -2762 313671 -734652 440292 146857 -264122 , -443054 734652 -313671 -440292 470530 -166814 , 437274 -1219076 959289 -634274 560643 -574346 , 953404 -1519163 1519163 0 -3276102 -1756939 , 3.5591845515965841e-10 , 28
1.2968267656925372 , 1371938 -920752 -1464483 -293575 -2608423 -853505 , 899866 1889907 -1889907 0 2019475 129568 , -1071548 959289 -1219076 -634274 1533635 -1779719 , 2929699 -370744 370744 0 1256627 1627371 , 1665513 1464483 920752 293575 610978 -1687671 , 2762 -313671 734652 -440292 -146857 264122 , 443054 -734652 313671 440292 -470530 166814 , -437274 1219076 -959289 634274 -560643 574346 , 953404 -1519163 1519163 0 -3276102 -1756939 , 3.5591845515965841e-10 , 29
1.2968267656925372 , 1371938 -920752 -1464483 -293575 -2608423 -853505 , 899866 1889907 -1889907 0 2019475 129568 , -634274 1533635 -1779719 437274 574346 -560643 , 2929699 -370744 370744 0 1256627 1627371 , 1665513 1464483 920752 293575 610978 -1687671 , -440292 -146857 264122 -443054 166814 -470530 , 2762 -264122 146857 443054 -734652 313671 , -1071548 1779719 -1533635 -437274 1219076 -959289 , 953404 -1519163 1519163 0 -3276102 -1756939 , 3.5591845515993366e-10 , 30
1.2968267656925372 , 1371938 -920752 -1464483 -293575 -2608423 -853505 , 899866 1889907 -1889907 0 2019475 129568 , 634274 -1533635 1779719 -437274 -574346 560643 , 2929699 -370744 370744 0 1256627 1627371 , 1665513 1464483 920752 293575 610978 -1687671 , 440292 146857 -264122 443054 -166814 470530 , -2762 264122 -146857 -443054 734652 -313671 , 1071548 -1779719 1533635 437274 -1219076 959289 , 953404 -1519163 1519163 0 -3276102 -1756939 , 3.5591845515993366e-10 , 31
1.2968267656925372 , 1371938 -920752 -1464483 -293575 -2608423 -853505 , 2929699 -370744 370744 0 1256627 1627371 , -734652 313671 -2762 -470530 166814 -443054 , 899866 1889907 -1889907 0 2019475 129568 , 1665513 1464483 920752 293575 610978 -1687671 , 1219076 -959289 1071548 -560643 574346 437274 , 1779719 -1071548 959289 560643 -634274 1533635 , -264122 2762 -313671 470530 -440292 -146857 , 953404 -1519163 1519163 0 -3276102 -1756939 , 3.5591845516047169e-10 , 32
1.2968267656925372 , 1371938 -920752 -1464483 -293575 -2608423 -853505 , 2929699 -370744 370744 0 1256627 1627371 , 734652 -313671 2762 470530 -166814 443054 , 899866 1889907 -1889907 0 2019475 129568 , 1665513 1464483 920752 293575 610978 -1687671 , -1219076 959289 -1071548 560643 -574346 -437274 , -1779719 1071548 -959289 -560643 634274 -1533635 , 264122 -2762 313671 -470530 440292 146857 , 953404 -1519163 1519163 0 -3276102 -1756939 , 3.5591845516047169e-10 , 33
1.2968267656925372 , 1371938 -920752 -1464483 -293575 -2608423 -853505 , 899866 1889907 -1889907 0 2019475 129568 , -959289 1219076 -437274 -1533635 1779719 -1071548 , 2929699 -370744 370744 0 1256627 1627371 , 1665513 1464483 920752 293575 610978 -1687671 , 313671 -734652 443054 146857 -264122 2762 , 166814 -443054 734652 -146857 -440292 470530 , 574346 437274 -1219076 1533635 -634274 560643 , 953404 -1519163 1519163 0 -3276102 -1756939 , 3.5591845516542272e-10 , 34
1.2968267656925372 , 1371938 -920752 -1464483 -293575 -2608423 -853505 , 899866 1889907 -1889907 0 2019475 129568 , 959289 -1219076 437274 1533635 -1779719 1071548 , 2929699 -370744 370744 0 1256627 1627371 , 1665513 1464483 920752 293575 610978 -1687671 , -313671 734652 -443054 -146857 264122 -2762 , -166814 443054 -734652 146857 440292 -470530 , -574346 -437274 1219076 -1533635 634274 -560643 , 953404 -1519163 1519163 0 -3276102 -1756939 , 3.5591845516542272e-10 , 35
1.4074475960605275 , -511378 648565 -2919737 -1164747 -1363727 -2452307 , 1408495 1285320 -1285320 0 1797247 511927 , -1104498 48842 -39906 -958936 909261 -1541962 , 2421070 233843 -233843 0 1478855 1245012 , 653369 2919737 -648565 1164747 467430 -2012292 , -710741 394176 83705 -947010 750214 -665872 , 236269 -83705 -394176 947010 -749577 356038 , -145562 39906 -48842 958936 -1502056 860419 , 953404 -1519163 1519163 0 -3276102 -1756939 , 3.5591845711901529e-10 , 0
1.4074475960605275 , -511378 648565 -2919737 -1164747 -1363727 -2452307 , 1408495 1285320 -1285320 0 1797247 511927 , 1104498 -48842 39906 958936 -909261 1541962 , 2421070 233843 -233843 0 1478855 1245012 , 653369 2919737 -648565 1164747 467430 -2012292 , 710741 -394176 -83705 947010 -750214 665872 , -236269 83705 394176 -947010 749577 -356038 , 145562 -39906 48842 -958936 1502056 -860419 , 953404 -1519163 1519163 0 -3276102 -1756939 , 3.5591845711901529e-10 , 1
1.4074475960605275 , -511378 648565 -2919737 -1164747 -1363727 -2452307 , 1408495 1285320 -1285320 0 1797247 511927 , -860419 1502056 -958936 48842 -39906 145562 , 2421070 233843 -233843 0 1478855 1245012 , 653369 2919737 -648565 1164747 467430 -2012292 , -356038 749577 -947010 394176 83705 -236269 , -750214 947010 -749577 -394176 710741 -665872 , -909261 958936 -1502056 -48842 1104498 -1541962 , 953404 -1519163 1519163 0 -3276102 -1756939 , 3.5591845712820961e-10 , 2
1.4074475960605275 , -511378 648565 -2919737 -1164747 -1363727 -2452307 , 1408495 1285320 -1285320 0 1797247 511927 , 860419 -1502056 958936 -48842 39906 -145562 , 2421070 233843 -233843 0 1478855 1245012 , 653369 2919737 -648565 1164747 467430 -2012292 , 356038 -749577 947010 -394176 -83705 236269 , 750214 -947010 749577 394176 -710741 665872 , 909261 -958936 1502056 48842 -1104498 1541962 , 953404 -1519163 1519163 0 -3276102 -1756939 , 3.5591845712820961e-10 , 3
1.4074475960605275 , -511378 648565 -2919737 -1164747 -1363727 -2452307 , 1408495 1285320 -1285320 0 1797247 511927 , -1502056 958936 -909261 39906 -145562 -860419 , 2421070 233843 -233843 0 1478855 1245012 , 653369 2919737 -648565 1164747 467430 -2012292 , -749577 947010 -750214 -83705 236269 -356038 , -665872 750214 -947010 83705 394176 -710741 , -1541962 909261 -958936 -39906 48842 -1104498 , 953404 -1519163 1519163 0 -3276102 -1756939 , 3.5591845712834796e-10 , 4
1.4074475960605275 , -511378 648565 -2919737 -1164747 -1363727 -2452307 , 1408495 1285320 -1285320 0 1797247 511927 , 1502056 -958936 909261 -39906 145562 860419 , 2421070 233843 -233843 0 1478855 1245012 , 653369 2919737 -648565 1164747 467430 -2012292 , 749577 -947010 750214 83705 -236269 356038 , 665872 -750214 947010 -83705 -394176 710741 , 1541962 -909261 958936 39906 -48842 1104498 , 953404 -1519163 1519163 0 -3276102 -1756939 , 3.5591845712834796e-10 , 5
1.4074475960605275 , -511378 648565 -2919737 -1164747 -1363727 -2452307 , 2421070 233843 -233843 0 1478855 1245012 , 710741 -665872 750214 -236269 83705 394176 , 1408495 1285320 -1285320 0 1797247 511927 , 653369 2919737 -648565 1164747 467430 -2012292 , 1104498 -1541962 909261 145562 -39906 48842 , 958936 -909261 1541962 -145562 -860419 1502056 , 947010 -750214 665872 236269 -356038 749577 , 953404 -1519163 1519163 0 -3276102 -1756939 , 3.5591845712836533e-10 , 6
1.4074475960605275 , -511378 648565 -2919737 -1164747 -1363727 -2452307 , 2421070 233843 -233843 0 1478855 1245012 , -710741 665872 -750214 236269 -83705 -394176 , 1408495 1285320 -1285320 0 1797247 511927 , 653369 2919737 -648565 1164747 467430 -2012292 , -1104498 1541962 -909261 -145562 39906 -48842 , -958936 909261 -1541962 145562 860419 -1502056 , -947010 750214 -665872 -236269 356038 -749577 , 953404 -1519163 1519163 0 -3276102 -1756939 , 3.5591845712836533e-10 , 7
1.4074475960605275 , -511378 648565 -2919737 -1164747 -1363727 -2452307 , 1408495 1285320 -1285320 0 1797247 511927 , -958936 909261 -1541962 145562 860419 -1502056 , 2421070 233843 -233843 0 1478855 1245012 , 653369 2919737 -648565 1164747 467430 -2012292 , -947010 750214 -665872 -236269 356038 -749577 , -710741 665872 -750214 236269 -83705 -394176 , -1104498 1541962 -909261 -145562 39906 -48842 , 953404 -1519163 1519163 0 -3276102 -1756939 , 3.5591845712836595e-10 , 8
1.4074475960605275 , -511378 648565 -2919737 -1164747 -1363727 -2452307 , 1408495 1285320 -1285320 0 1797247 511927 , 958936 -909261 1541962 -145562 -860419 1502056 , 2421070 233843 -233843 0 1478855 1245012 , 653369 2919737 -648565 1164747 467430 -2012292 , 947010 -750214 665872 236269 -356038 749577 , 710741 -665872 750214 -236269 83705 394176 , 1104498 -1541962 909261 145562 -39906 48842 , 953404 -1519163 1519163 0 -3276102 -1756939 , 3.5591845712836595e-10 , 9
1.4074475960605275 , -511378 648565 -2919737 -1164747 -1363727 -2452307 , 2421070 233843 -233843 0 1478855 1245012 , -750214 947010 -749577 -394176 710741 -665872 , 1408495 1285320 -1285320 0 1797247 511927 , 653369 2919737 -648565 1164747 467430 -2012292 , -909261 958936 -1502056 -48842 1104498 -1541962 , -860419 1502056 -958936 48842 -39906 145562 , -356038 749577 -947010 394176 83705 -236269 , 953404 -1519163 1519163 0 -3276102 -1756939 , 3.5591845713032135e-10 , 10
1.4074475960605275 , -511378 648565 -2919737 -1164747 -1363727 -2452307 , 2421070 233843 -233843 0 1478855 1245012 , 750214 -947010 749577 394176 -710741 665872 , 1408495 1285320 -1285320 0 1797247 511927 , 653369 2919737 -648565 1164747 467430 -2012292 , 909261 -958936 1502056 48842 -1104498 1541962 , 860419 -1502056 958936 -48842 39906 -145562 , 356038 -749577 947010 -394176 -83705 236269 , 953404 -1519163 1519163 0 -3276102 -1756939 , 3.5591845713032135e-10 , 11
1.4074475960605275 , -511378 648565 -2919737 -1164747 -1363727 -2452307 , 1408495 1285320 -1285320 0 1797247 511927 , 48842 -39906 145562 909261 -1541962 1104498 , 2421070 233843 -233843 0 1478855 1245012 , 653369 2919737 -648565 1164747 467430 -2012292 , 394176 83705 -236269 750214 -665872 710741 , -356038 236269 -83705 -750214 947010 -749577 , -860419 -145562 39906 -909261 958936 -1502056 , 953404 -1519163 1519163 0 -3276102 -1756939 , 3.5591845713750847e-10 , 12
1.4074475960605275 , -511378 648565 -2919737 -1164747 -1363727 -2452307 , 1408495 1285320 -1285320 0 1797247 511927 , -48842 39906 -145562 -909261 1541962 -1104498 , 2421070 233843 -233843 0 1478855 1245012 , 653369 2919737 -648565 1164747 467430 -2012292 , -394176 -83705 236269 -750214 665872 -710741 , 356038 -236269 83705 750214 -947010 749577 , 860419 145562 -39906 909261 -958936 1502056 , 953404 -1519163 1519163 0 -3276102 -1756939 , 3.5591845713750847e-10 , 13
1.4074475960605275 , -511378 648565 -2919737 -1164747 -1363727 -2452307 , 1408495 1285320 -1285320 0 1797247 511927 , -1541962 1104498 -48842 -1502056 958936 -909261 , 2421070 233843 -233843 0 1478855 1245012 , 653369 2919737 -648565 1164747 467430 -2012292 , -665872 710741 -394176 -749577 947010 -750214 , 83705 394176 -710741 749577 -356038 236269 , -39906 48842 -1104498 1502056 -860419 -145562 , 953404 -1519163 1519163 0 -3276102 -1756939 , 3.5591845714753374e-10 , 14
1.4074475960605275 , -511378 648565 -2919737 -1164747 -1363727 -2452307 , 1408495 1285320 -1285320 0 1797247 511927 , 1541962 -1104498 48842 1502056 -958936 909261 , 2421070 233843 -233843 0 1478855 1245012 , 653369 2919737 -648565 1164747 467430 -2012292 , 665872 -710741 394176 749577 -947010 750214 , -83705 -394176 710741 -749577 356038 -236269 , 39906 -48842 1104498 -1502056 860419 145562 , 953404 -1519163 1519163 0 -3276102 -1756939 , 3.5591845714753374e-10 , 15
1.4074475960605275 , -511378 648565 -2919737 -1164747 -1363727 -2452307 , 2421070 233843 -233843 0 1478855 1245012 , -749577 356038 -236269 -665872 750214 -947010 , 1408495 1285320 -1285320 0 1797247 511927 , 653369 2919737 -648565 1164747 467430 -2012292 , -1502056 860419 145562 -1541962 909261 -958936 , 39906 -145562 -860419 1541962 -1104498 48842 , -83705 236269 -356038 665872 -710741 394176 , 953404 -1519163 1519163 0 -3276102 -1756939 , 3.5591845715752551e-10 , 16
1.4074475960605275 , -511378 648565 -2919737 -1164747 -1363727 -2452307 , 2421070 233843 -233843 0 1478855 1245012 , 749577 -356038 236269 665872 -750214 947010 , 1408495 1285320 -1285320 0 1797247 511927 , 653369 2919737 -648565 1164747 467430 -2012292 , 1502056 -860419 -145562 1541962 -909261 958936 , -39906 145562 860419 -1541962 1104498 -48842 , 83705 -236269 356038 -665872 710741 -394176 , 953404 -1519163 1519163 0 -3276102 -1756939 , 3.5591845715752551e-10 , 17
1.4074475960605275 , -511378 648565 -2919737 -1164747 -1363727 -2452307 , 1408495 1285320 -1285320 0 1797247 511927 , 145562 860419 -1502056 1104498 -48842 39906 , 2421070 233843 -233843 0 1478855 1245012 , 653369 2919737 -648565 1164747 467430 -2012292 , -236269 356038 -749577 710741 -394176 -83705 , -947010 749577 -356038 -710741 665872 -750214 , -958936 1502056 -860419 -1104498 1541962 -909261 , 953404 -1519163 1519163 0 -3276102 -1756939 , 3.5591845716682282e-10 , 18
1.4074475960605275 , -511378 648565 -2919737 -1164747 -1363727 -2452307 , 1408495 1285320 -1285320 0 1797247 511927 , -145562 -860419 1502056 -1104498 48842 -39906 , 2421070 233843 -233843 0 1478855 1245012 , 653369 2919737 -648565 1164747 467430 -2012292 , 236269 -356038 749577 -710741 394176 83705 , 947010 -749577 356038 710741 -665872 750214 , 958936 -1502056 860419 1104498 -1541962 909261 , 953404 -1519163 1519163 0 -3276102 -1756939 , 3.5591845716682282e-10 , 19
1.4074475960605275 , -511378 648565 -2919737 -1164747 -1363727 -2452307 , 2421070 233843 -233843 0 1478855 1245012 , -394176 710741 -665872 356038 -236269 83705 , 1408495 1285320 -1285320 0 1797247 511927 , 653369 2919737 -648565 1164747 467430 -2012292 , -48842 1104498 -1541962 860419 145562 -39906 , -909261 1541962 -1104498 -860419 1502056 -958936 , -750214 665872 -710741 -356038 749577 -947010 , 953404 -1519163 1519163 0 -3276102 -1756939 , 3.5591845716685746e-10 , 20
1.4074475960605275 , -511378 648565 -2919737 -1164747 -1363727 -2452307 , 2421070 233843 -233843 0 1478855 1245012 , -83705 -394176 710741 -749577 356038 -236269 , 1408495 1285320 -1285320 0 1797247 511927 , 653369 2919737 -648565 1164747 467430 -2012292 , 39906 -48842 1104498 -1502056 860419 145562 , 1541962 -1104498 48842 1502056 -958936 909261 , 665872 -710741 394176 749577 -947010 750214 , 953404 -1519163 1519163 0 -3276102 -1756939 , 3.5591845716685746e-10 , 21
1.4074475960605275 , -511378 648565 -2919737 -1164747 -1363727 -2452307 , 2421070 233843 -233843 0 1478855 1245012 , 83705 394176 -710741 749577 -356038 236269 , 1408495 1285320 -1285320 0 1797247 511927 , 653369 2919737 -648565 1164747 467430 -2012292 , -39906 48842 -1104498 1502056 -860419 -145562 , -1541962 1104498 -48842 -1502056 958936 -909261 , -665872 710741 -394176 -749577 947010 -750214 , 953404 -1519163 1519163 0 -3276102 -1756939 , 3.5591845716685746e-10 , 22
1.4074475960605275 , -511378 648565 -2919737 -1164747 -1363727 -2452307 , 2421070 233843 -233843 0 1478855 1245012 , 394176 -710741 665872 -356038 236269 -83705 , 1408495 1285320 -1285320 0 1797247 511927 , 653369 2919737 -648565 1164747 467430 -2012292 , 48842 -1104498 1541962 -860419 -145562 39906 , 909261 -1541962 1104498 860419 -1502056 958936 , 750214 -665872 710741 356038 -749577 947010 , 953404 -1519163 1519163 0 -3276102 -1756939 , 3.5591845716685746e-10 , 23
1.4074475960605275 , -511378 648565 -2919737 -1164747 -1363727 -2452307 , 2421070 233843 -233843 0 1478855 1245012 , 947010 -749577 356038 710741 -665872 750214 , 1408495 1285320 -1285320 0 1797247 511927 , 653369 2919737 -648565 1164747 467430 -2012292 , 958936 -1502056 860419 1104498 -1541962 909261 , -145562 -860419 1502056 -1104498 48842 -39906 , 236269 -356038 749577 -710741 394176 83705 , 953404 -1519163 1519163 0 -3276102 -1756939 , 3.5591845716685875e-10 , 24
1.4074475960605275 , -511378 648565 -2919737 -1164747 -1363727 -2452307 , 2421070 233843 -233843 0 1478855 1245012 , -947010 749577 -356038 -710741 665872 -750214 , 1408495 1285320 -1285320 0 1797247 511927 , 653369 2919737 -648565 1164747 467430 -2012292 , -958936 1502056 -860419 -1104498 1541962 -909261 , 145562 860419 -1502056 1104498 -48842 39906 , -236269 356038 -749577 710741 -394176 -83705 , 953404 -1519163 1519163 0 -3276102 -1756939 , 3.5591845716685875e-10 , 25
1.4074475960605275 , -511378 648565 -2919737 -1164747 -1363727 -2452307 , 2421070 233843 -233843 0 1478855 1245012 , 356038 -236269 83705 750214 -947010 749577 , 1408495 1285320 -1285320 0 1797247 511927 , 653369 2919737 -648565 1164747 467430 -2012292 , 860419 145562 -39906 909261 -958936 1502056 , -48842 39906 -145562 -909261 1541962 -1104498 , -394176 -83705 236269 -750214 665872 -710741 , 953404 -1519163 1519163 0 -3276102 -1756939 , 3.5591845716713472e-10 , 26
1.4074475960605275 , -511378 648565 -2919737 -1164747 -1363727 -2452307 , 2421070 233843 -233843 0 1478855 1245012 , -356038 236269 -83705 -750214 947010 -749577 , 1408495 1285320 -1285320 0 1797247 511927 , 653369 2919737 -648565 1164747 467430 -2012292 , -860419 -145562 39906 -909261 958936 -1502056 , 48842 -39906 145562 909261 -1541962 1104498 , 394176 83705 -236269 750214 -665872 710741 , 953404 -1519163 1519163 0 -3276102 -1756939 , 3.5591845716713472e-10 , 27
1.4074475960605275 , -511378 648565 -2919737 -1164747 -1363727 -2452307 , 2421070 233843 -233843 0 1478855 1245012 , 236269 -83705 -394176 947010 -749577 356038 , 1408495 1285320 -1285320 0 1797247 511927 , 653369 2919737 -648565 1164747 467430 -2012292 , -145562 39906 -48842 958936 -1502056 860419 , -1104498 48842 -39906 -958936 909261 -1541962 , -710741 394176 83705 -947010 750214 -665872 , 953404 -1519163 1519163 0 -3276102 -1756939 , 3.5591845716772377e-10 , 28
1.4074475960605275 , -511378 648565 -2919737 -1164747 -1363727 -2452307 , 2421070 233843 -233843 0 1478855 1245012 , -236269 83705 394176 -947010 749577 -356038 , 1408495 1285320 -1285320 0 1797247 511927 , 653369 2919737 -648565 1164747 467430 -2012292 , 145562 -39906 48842 -958936 1502056 -860419 , 1104498 -48842 39906 958936 -909261 1541962 , 710741 -394176 -83705 947010 -750214 665872 , 953404 -1519163 1519163 0 -3276102 -1756939 , 3.5591845716772377e-10 , 29
1.4074475960605275 , -511378 648565 -2919737 -1164747 -1363727 -2452307 , 2421070 233843 -233843 0 1478855 1245012 , -665872 750214 -947010 83705 394176 -710741 , 1408495 1285320 -1285320 0 1797247 511927 , 653369 2919737 -648565 1164747 467430 -2012292 , -1541962 909261 -958936 -39906 48842 -1104498 , -1502056 958936 -909261 39906 -145562 -860419 , -749577 947010 -750214 -83705 236269 -356038 , 953404 -1519163 1519163 0 -3276102 -1756939 , 3.5591845718825946e-10 , 30
1.4074475960605275 , -511378 648565 -2919737 -1164747 -1363727 -2452307 , 2421070 233843 -233843 0 1478855 1245012 , 665872 -750214 947010 -83705 -394176 710741 , 1408495 1285320 -1285320 0 1797247 511927 , 653369 2919737 -648565 1164747 467430 -2012292 , 1541962 -909261 958936 39906 -48842 1104498 , 1502056 -958936 909261 -39906 145562 860419 , 749577 -947010 750214 83705 -236269 356038 , 953404 -1519163 1519163 0 -3276102 -1756939 , 3.5591845718825946e-10 , 31
1.4074475960605275 , -511378 648565 -2919737 -1164747 -1363727 -2452307 , 1408495 1285320 -1285320 0 1797247 511927 , -39906 145562 860419 -1541962 1104498 -48842 , 2421070 233843 -233843 0 1478855 1245012 , 653369 2919737 -648565 1164747 467430 -2012292 , 83705 -236269 356038 -665872 710741 -394176 , 749577 -356038 236269 665872 -750214 947010 , 1502056 -860419 -145562 1541962 -909261 958936 , 953404 -1519163 1519163 0 -3276102 -1756939 , 3.5591845718865915e-10 , 32
1.4074475960605275 , -511378 648565 -2919737 -1164747 -1363727 -2452307 , 1408495 1285320 -1285320 0 1797247 511927 , 39906 -145562 -860419 1541962 -1104498 48842 , 2421070 233843 -233843 0 1478855 1245012 , 653369 2919737 -648565 1164747 467430 -2012292 , -83705 236269 -356038 665872 -710741 394176 , -749577 356038 -236269 -665872 750214 -947010 , -1502056 860419 145562 -1541962 909261 -958936 , 953404 -1519163 1519163 0 -3276102 -1756939 , 3.5591845718865915e-10 , 33
1.4074475960605275 , -511378 648565 -2919737 -1164747 -1363727 -2452307 , 1408495 1285320 -1285320 0 1797247 511927 , -909261 1541962 -1104498 -860419 1502056 -958936 , 2421070 233843 -233843 0 1478855 1245012 , 653369 2919737 -648565 1164747 467430 -2012292 , -750214 665872 -710741 -356038 749577 -947010 , -394176 710741 -665872 356038 -236269 83705 , -48842 1104498 -1541962 860419 145562 -39906 , 953404 -1519163 1519163 0 -3276102 -1756939 , 3.5591845720578427e-10 , 34
1.4074475960605275 , -511378 648565 -2919737 -1164747 -1363727 -2452307 , 1408495 1285320 -1285320 0 1797247 511927 , 909261 -1541962 1104498 860419 -1502056 958936 , 2421070 233843 -233843 0 1478855 1245012 , 653369 2919737 -648565 1164747 467430 -2012292 , 750214 -665872 710741 356038 -749577 947010 , 394176 -710741 665872 -356038 236269 -83705 , 48842 -1104498 1541962 -860419 -145562 39906 , 953404 -1519163 1519163 0 -3276102 -1756939 , 3.5591845720578427e-10 , 35
1.51821878807775 , 835355 -1343875 -759202 -1978399 -1445329 -1541338 , 2803429 -211305 211305 0 1319416 1530721 , 379835 -37055 133164 383331 -544886 739532 , 1026136 1730468 -1730468 0 1956686 226218 , 2813754 759202 1343875 1978399 -782136 -101454 , -475903 -688131 1225053 -1307985 466364 -611434 , 832082 -1225053 688131 1307985 -1836487 1154495 , -3496 -133164 37055 -383331 606368 -507831 , 953404 -1519163 1519163 0 -3276102 -1756939 , 3.5591846098713332e-10 , 0
1.51821878807775 , 835355 -1343875 -759202 -1978399 -1445329 -1541338 , 2803429 -211305 211305 0 1319416 1530721 , -379835 37055 -133164 -383331 544886 -739532 , 1026136 1730468 -1730468 0 1956686 226218 , 2813754 759202 1343875 1978399 -782136 -101454 , 475903 688131 -1225053 1307985 -466364 611434 , -832082 1225053 -688131 -1307985 1836487 -1154495 , 3496 133164 -37055 383331 -606368 507831 , 953404 -1519163 1519163 0 -3276102 -1756939 , 3.5591846098713332e-10 , 1
1.51821878807775 , 835355 -1343875 -759202 -1978399 -1445329 -1541338 , 2803429 -211305 211305 0 1319416 1530721 , -606368 383331 -544886 133164 3496 -507831 , 1026136 1730468 -1730468 0 1956686 226218 , 2813754 759202 1343875 1978399 -782136 -101454 , 1836487 -1307985 466364 1225053 -832082 1154495 , 611434 -466364 1307985 -1225053 688131 475903 , -739532 544886 -383331 -133164 37055 -379835 , 953404 -1519163 1519163 0 -3276102 -1756939 , 3.5591846101774696e-10 , 2
1.51821878807775 , 835355 -1343875 -759202 -1978399 -1445329 -1541338 , 2803429 -211305 211305 0 1319416 1530721 , 606368 -383331 544886 -133164 -3496 507831 , 1026136 1730468 -1730468 0 1956686 226218 , 2813754 759202 1343875 1978399 -782136 -101454 , -1836487 1307985 -466364 -1225053 832082 -1154495 , -611434 466364 -1307985 1225053 -688131 -475903 , 739532 -544886 383331 133164 -37055 379835 , 953404 -1519163 1519163 0 -3276102 -1756939 , 3.5591846101774696e-10 , 3
1.51821878807775 , 835355 -1343875 -759202 -1978399 -1445329 -1541338 , 2803429 -211305 211305 0 1319416 1530721 , -3496 507831 -606368 379835 -37055 133164 , 1026136 1730468 -1730468 0 1956686 226218 , 2813754 759202 1343875 1978399 -782136 -101454 , 832082 -1154495 1836487 -475903 -688131 1225053 , 1307985 -1836487 1154495 475903 -611434 466364 , -383331 606368 -507831 -379835 739532 -544886 , 953404 -1519163 1519163 0 -3276102 -1756939 , 3.5591846103215453e-10 , 4
1.51821878807775 , 835355 -1343875 -759202 -1978399 -1445329 -1541338 , 2803429 -211305 211305 0 1319416 1530721 , 3496 -507831 606368 -379835 37055 -133164 , 1026136 1730468 -1730468 0 1956686 226218 , 2813754 759202 1343875 1978399 -782136 -101454 , -832082 1154495 -1836487 475903 688131 -1225053 , -1307985 1836487 -1154495 -475903 611434 -466364 , 383331 -606368 507831 379835 -739532 544886 , 953404 -1519163 1519163 0 -3276102 -1756939 , 3.5591846103215453e-10 , 5
1.51821878807775 , 835355 -1343875 -759202 -1978399 -1445329 -1541338 , 1026136 1730468 -1730468 0 1956686 226218 , -1836487 1154495 -832082 -611434 466364 -1307985 , 2803429 -211305 211305 0 1319416 1530721 , 2813754 759202 1343875 1978399 -782136 -101454 , 606368 -507831 3496 739532 -544886 383331 , -133164 -3496 507831 -739532 379835 -37055 , -1225053 832082 -1154495 611434 -475903 -688131 , 953404 -1519163 1519163 0 -3276102 -1756939 , 3.5591846103289843e-10 , 6
1.51821878807775 , 835355 -1343875 -759202 -1978399 -1445329 -1541338 , 1026136 1730468 -1730468 0 1956686 226218 , 1836487 -1154495 832082 611434 -466364 1307985 , 2803429 -211305 211305 0 1319416 1530721 , 2813754 759202 1343875 1978399 -782136 -101454 , -606368 507831 -3496 -739532 544886 -383331 , 133164 3496 -507831 739532 -379835 37055 , 1225053 -832082 1154495 -611434 475903 688131 , 953404 -1519163 1519163 0 -3276102 -1756939 , 3.5591846103289843e-10 , 7
1.51821878807775 , 835355 -1343875 -759202 -1978399 -1445329 -1541338 , 1026136 1730468 -1730468 0 1956686 226218 , 688131 475903 -611434 1154495 -832082 1225053 , 2803429 -211305 211305 0 1319416 1530721 , 2813754 759202 1343875 1978399 -782136 -101454 , 37055 -379835 739532 -507831 3496 133164 , 544886 -739532 379835 507831 -606368 383331 , -466364 611434 -475903 -1154495 1836487 -1307985 , 953404 -1519163 1519163 0 -3276102 -1756939 , 3.5591846103300219e-10 , 8
1.51821878807775 , 835355 -1343875 -759202 -1978399 -1445329 -1541338 , 1026136 1730468 -1730468 0 1956686 226218 , -688131 -475903 611434 -1154495 832082 -1225053 , 2803429 -211305 211305 0 1319416 1530721 , 2813754 759202 1343875 1978399 -782136 -101454 , -37055 379835 -739532 507831 -3496 -133164 , -544886 739532 -379835 -507831 606368 -383331 , 466364 -611434 475903 1154495 -1836487 1307985 , 953404 -1519163 1519163 0 -3276102 -1756939 , 3.5591846103300219e-10 , 9
1.51821878807775 , 835355 -1343875 -759202 -1978399 -1445329 -1541338 , 1026136 1730468 -1730468 0 1956686 226218 , -1307985 1836487 -1154495 -475903 611434 -466364 , 2803429 -211305 211305 0 1319416 1530721 , 2813754 759202 1343875 1978399 -782136 -101454 , 383331 -606368 507831 379835 -739532 544886 , 3496 -507831 606368 -379835 37055 -133164 , -832082 1154495 -1836487 475903 688131 -1225053 , 953404 -1519163 1519163 0 -3276102 -1756939 , 3.5591846104818788e-10 , 10
1.51821878807775 , 835355 -1343875 -759202 -1978399 -1445329 -1541338 , 1026136 1730468 -1730468 0 1956686 226218 , 1307985 -1836487 1154495 475903 -611434 466364 , 2803429 -211305 211305 0 1319416 1530721 , 2813754 759202 1343875 1978399 -782136 -101454 , -383331 606368 -507831 -379835 739532 -544886 , -3496 507831 -606368 379835 -37055 133164 , 832082 -1154495 1836487 -475903 -688131 1225053 , 953404 -1519163 1519163 0 -3276102 -1756939 , 3.5591846104818788e-10 , 11
1.51821878807775 , 835355 -1343875 -759202 -1978399 -1445329 -1541338 , 1026136 1730468 -1730468 0 1956686 226218 , -466364 1307985 -1836487 688131 475903 -611434 , 2803429 -211305 211305 0 1319416 1530721 , 2813754 759202 1343875 1978399 -782136 -101454 , 544886 -383331 606368 37055 -379835 739532 , 507831 -606368 383331 -37055 133164 3496 , -1154495 1836487 -1307985 -688131 1225053 -832082 , 953404 -1519163 1519163 0 -3276102 -1756939 , 3.5591846106202413e-10 , 12
1.51821878807775 , 835355 -1343875 -759202 -1978399 -1445329 -1541338 , 1026136 1730468 -1730468 0 1956686 226218 , 466364 -1307985 1836487 -688131 -475903 611434 , 2803429 -211305 211305 0 1319416 1530721 , 2813754 759202 1343875 1978399 -782136 -101454 , -544886 383331 -606368 -37055 379835 -739532 , -507831 606368 -383331 37055 -133164 -3496 , 1154495 -1836487 1307985 688131 -1225053 832082 , 953404 -1519163 1519163 0 -3276102 -1756939 , 3.5591846106202413e-10 , 13
1.51821878807775 , 835355 -1343875 -759202 -1978399 -1445329 -1541338 , 2803429 -211305 211305 0 1319416 1530721 , -37055 133164 3496 -544886 739532 -379835 , 1026136 1730468 -1730468 0 1956686 226218 , 2813754 759202 1343875 1978399 -782136 -101454 , -688131 1225053 -832082 466364 -611434 475903 , -1154495 832082 -1225053 -466364 1307985 -1836487 , 507831 -3496 -133164 544886 -383331 606368 , 953404 -1519163 1519163 0 -3276102 -1756939 , 3.5591846107714023e-10 , 14
1.51821878807775 , 835355 -1343875 -759202 -1978399 -1445329 -1541338 , 2803429 -211305 211305 0 1319416 1530721 , 37055 -133164 -3496 544886 -739532 379835 , 1026136 1730468 -1730468 0 1956686 226218 , 2813754 759202 1343875 1978399 -782136 -101454 , 688131 -1225053 832082 -466364 611434 -475903 , 1154495 -832082 1225053 466364 -1307985 1836487 , -507831 3496 133164 -544886 383331 -606368 , 953404 -1519163 1519163 0 -3276102 -1756939 , 3.5591846107714023e-10 , 15
1.51821878807775 , 835355 -1343875 -759202 -1978399 -1445329 -1541338 , 2803429 -211305 211305 0 1319416 1530721 , 507831 -606368 383331 -37055 133164 3496 , 1026136 1730468 -1730468 0 1956686 226218 , 2813754 759202 1343875 1978399 -782136 -101454 , -1154495 1836487 -1307985 -688131 1225053 -832082 , -466364 1307985 -1836487 688131 475903 -611434 , 544886 -383331 606368 37055 -379835 739532 , 953404 -1519163 1519163 0 -3276102 -1756939 , 3.55918461077626e-10 , 16
1.51821878807775 , 835355 -1343875 -759202 -1978399 -1445329 -1541338 , 2803429 -211305 211305 0 1319416 1530721 , -507831 606368 -383331 37055 -133164 -3496 , 1026136 1730468 -1730468 0 1956686 226218 , 2813754 759202 1343875 1978399 -782136 -101454 , 1154495 -1836487 1307985 688131 -1225053 832082 , 466364 -1307985 1836487 -688131 -475903 611434 , -544886 383331 -606368 -37055 379835 -739532 , 953404 -1519163 1519163 0 -3276102 -1756939 , 3.55918461077626e-10 , 17
1.51821878807775 , 835355 -1343875 -759202 -1978399 -1445329 -1541338 , 1026136 1730468 -1730468 0 1956686 226218 , 1154495 -832082 1225053 466364 -1307985 1836487 , 2803429 -211305 211305 0 1319416 1530721 , 2813754 759202 1343875 1978399 -782136 -101454 , -507831 3496 133164 -544886 383331 -606368 , 37055 -133164 -3496 544886 -739532 379835 , 688131 -1225053 832082 -466364 611434 -475903 , 953404 -1519163 1519163 0 -3276102 -1756939 , 3.5591846109232577e-10 , 18
1.51821878807775 , 835355 -1343875 -759202 -1978399 -1445329 -1541338 , 1026136 1730468 -1730468 0 1956686 226218 , -1154495 832082 -1225053 -466364 1307985 -1836487 , 2803429 -211305 211305 0 1319416 1530721 , 2813754 759202 1343875 1978399 -782136 -101454 , 507831 -3496 -133164 544886 -383331 606368 , -37055 133164 3496 -544886 739532 -379835 , -688131 1225053 -832082 466364 -611434 475903 , 953404 -1519163 1519163 0 -3276102 -1756939 , 3.5591846109232577e-10 , 19
1.51821878807775 , 835355 -1343875 -759202 -1978399 -1445329 -1541338 , 1026136 1730468 -1730468 0 1956686 226218 , 475903 -611434 466364 -832082 1225053 -688131 , 2803429 -211305 211305 0 1319416 1530721 , 2813754 759202 1343875 1978399 -782136 -101454 , -379835 739532 -544886 3496 133164 -37055 , -383331 544886 -739532 -3496 507831 -606368 , 1307985 -466364 611434 832082 -1154495 1836487 , 953404 -1519163 1519163 0 -3276102 -1756939 , 3.5591846109243098e-10 , 20
1.51821878807775 , 835355 -1343875 -759202 -1978399 -1445329 -1541338 , 1026136 1730468 -1730468 0 1956686 226218 , -475903 611434 -466364 832082 -1225053 688131 , 2803429 -211305 211305 0 1319416 1530721 , 2813754 759202 1343875 1978399 -782136 -101454 , 379835 -739532 544886 -3496 -133164 37055 , 383331 -544886 739532 3496 -507831 606368 , -1307985 466364 -611434 -832082 1154495 -1836487 , 953404 -1519163 1519163 0 -3276102 -1756939 , 3.5591846109243098e-10 , 21
1.51821878807775 , 835355 -1343875 -759202 -1978399 -1445329 -1541338 , 2803429 -211305 211305 0 1319416 1530721 , -383331 544886 -739532 -3496 507831 -606368 , 1026136 1730468 -1730468 0 1956686 226218 , 2813754 759202 1343875 1978399 -782136 -101454 , 1307985 -466364 611434 832082 -1154495 1836487 , 475903 -611434 466364 -832082 1225053 -688131 , -379835 739532 -544886 3496 133164 -37055 , 953404 -1519163 1519163 0 -3276102 -1756939 , 3.5591846109270814e-10 , 22
1.51821878807775 , 835355 -1343875 -759202 -1978399 -1445329 -1541338 , 2803429 -211305 211305 0 1319416 1530721 , 383331 -544886 739532 3496 -507831 606368 , 1026136 1730468 -1730468 0 1956686 226218 , 2813754 759202 1343875 1978399 -782136 -101454 , -1307985 466364 -611434 -832082 1154495 -1836487 , -475903 611434 -466364 832082 -1225053 688131 , 379835 -739532 544886 -3496 -133164 37055 , 953404 -1519163 1519163 0 -3276102 -1756939 , 3.5591846109270814e-10 , 23
1.51821878807775 , 835355 -1343875 -759202 -1978399 -1445329 -1541338 , 2803429 -211305 211305 0 1319416 1530721 , -133164 -3496 507831 -739532 379835 -37055 , 1026136 1730468 -1730468 0 1956686 226218 , 2813754 759202 1343875 1978399 -782136 -101454 , -1225053 832082 -1154495 611434 -475903 -688131 , -1836487 1154495 -832082 -611434 466364 -1307985 , 606368 -507831 3496 739532 -544886 383331 , 953404 -1519163 1519163 0 -3276102 -1756939 , 3.5591846109274138e-10 , 24
1.51821878807775 , 835355 -1343875 -759202 -1978399 -1445329 -1541338 , 2803429 -211305 211305 0 1319416 1530721 , 133164 3496 -507831 739532 -379835 37055 , 1026136 1730468 -1730468 0 1956686 226218 , 2813754 759202 1343875 1978399 -782136 -101454 , 1225053 -832082 1154495 -611434 475903 688131 , 1836487 -1154495 832082 611434 -466364 1307985 , -606368 507831 -3496 -739532 544886 -383331 , 953404 -1519163 1519163 0 -3276102 -1756939 , 3.5591846109274138e-10 , 25
1.51821878807775 , 835355 -1343875 -759202 -1978399 -1445329 -1541338 , 1026136 1730468 -1730468 0 1956686 226218 , 1225053 -688131 -475903 1836487 -1154495 832082 , 2803429 -211305 211305 0 1319416 1530721 , 2813754 759202 1343875 1978399 -782136 -101454 , 133164 -37055 379835 -606368 507831 -3496 , 739532 -379835 37055 606368 -383331 544886 , -611434 475903 688131 -1836487 1307985 -466364 , 953404 -1519163 1519163 0 -3276102 -1756939 , 3.5591846110803119e-10 , 26
1.51821878807775 , 835355 -1343875 -759202 -1978399 -1445329 -1541338 , 1026136 1730468 -1730468 0 1956686 226218 , -1225053 688131 475903 -1836487 1154495 -832082 , 2803429 -211305 211305 0 1319416 1530721 , 2813754 759202 1343875 1978399 -782136 -101454 , -133164 37055 -379835 606368 -507831 3496 , -739532 379835 -37055 -606368 383331 -544886 , 611434 -475903 -688131 1836487 -1307985 466364 , 953404 -1519163 1519163 0 -3276102 -1756939 , 3.5591846110803119e-10 , 27
1.51821878807775 , 835355 -1343875 -759202 -1978399 -1445329 -1541338 , 2803429 -211305 211305 0 1319416 1530721 , -739532 379835 -37055 -606368 383331 -544886 , 1026136 1730468 -1730468 0 1956686 226218 , 2813754 759202 1343875 1978399 -782136 -101454 , 611434 -475903 -688131 1836487 -1307985 466364 , -1225053 688131 475903 -1836487 1154495 -832082 , -133164 37055 -379835 606368 -507831 3496 , 953404 -1519163 1519163 0 -3276102 -1756939 , 3.5591846110900075e-10 , 28
1.51821878807775 , 835355 -1343875 -759202 -1978399 -1445329 -1541338 , 2803429 -211305 211305 0 1319416 1530721 , 739532 -379835 37055 606368 -383331 544886 , 1026136 1730468 -1730468 0 1956686 226218 , 2813754 759202 1343875 1978399 -782136 -101454 , -611434 475903 688131 -1836487 1307985 -466364 , 1225053 -688131 -475903 1836487 -1154495 832082 , 133164 -37055 379835 -606368 507831 -3496 , 953404 -1519163 1519163 0 -3276102 -1756939 , 3.5591846110900075e-10 , 29
1.51821878807775 , 835355 -1343875 -759202 -1978399 -1445329 -1541338 , 2803429 -211305 211305 0 1319416 1530721 , 544886 -739532 379835 507831 -606368 383331 , 1026136 1730468 -1730468 0 1956686 226218 , 2813754 759202 1343875 1978399 -782136 -101454 , -466364 611434 -475903 -1154495 1836487 -1307985 , 688131 475903 -611434 1154495 -832082 1225053 , 37055 -379835 739532 -507831 3496 133164 , 953404 -1519163 1519163 0 -3276102 -1756939 , 3.5591846112292318e-10 , 30
1.51821878807775 , 835355 -1343875 -759202 -1978399 -1445329 -1541338 , 2803429 -211305 211305 0 1319416 1530721 , -544886 739532 -379835 -507831 606368 -383331 , 1026136 1730468 -1730468 0 1956686 226218 , 2813754 759202 1343875 1978399 -782136 -101454 , 466364 -611434 475903 1154495 -1836487 1307985 , -688131 -475903 611434 -1154495 832082 -1225053 , -37055 379835 -739532 507831 -3496 -133164 , 953404 -1519163 1519163 0 -3276102 -1756939 , 3.5591846112292318e-10 , 31
1.51821878807775 , 835355 -1343875 -759202 -1978399 -1445329 -1541338 , 1026136 1730468 -1730468 0 1956686 226218 , -832082 1225053 -688131 -1307985 1836487 -1154495 , 2803429 -211305 211305 0 1319416 1530721 , 2813754 759202 1343875 1978399 -782136 -101454 , 3496 133164 -37055 383331 -606368 507831 , -379835 37055 -133164 -383331 544886 -739532 , 475903 688131 -1225053 1307985 -466364 611434 , 953404 -1519163 1519163 0 -3276102 -1756939 , 3.5591846114016907e-10 , 32
1.51821878807775 , 835355 -1343875 -759202 -1978399 -1445329 -1541338 , 1026136 1730468 -1730468 0 1956686 226218 , 832082 -1225053 688131 1307985 -1836487 1154495 , 2803429 -211305 211305 0 1319416 1530721 , 2813754 759202 1343875 1978399 -782136 -101454 , -3496 -133164 37055 -383331 606368 -507831 , 379835 -37055 133164 383331 -544886 739532 , -475903 -688131 1225053 -1307985 466364 -611434 , 953404 -1519163 1519163 0 -3276102 -1756939 , 3.5591846114016907e-10 , 33
1.51821878807775 , 835355 -1343875 -759202 -1978399 -1445329 -1541338 , 1026136 1730468 -1730468 0 1956686 226218 , -611434 466364 -1307985 1225053 -688131 -475903 , 2803429 -211305 211305 0 1319416 1530721 , 2813754 759202 1343875 1978399 -782136 -101454 , 739532 -544886 383331 133164 -37055 379835 , 606368 -383331 544886 -133164 -3496 507831 , -1836487 1307985 -466364 -1225053 832082 -1154495 , 953404 -1519163 1519163 0 -3276102 -1756939 , 3.5591846116777059e-10 , 34
1.51821878807775 , 835355 -1343875 -759202 -1978399 -1445329 -1541338 , 1026136 1730468 -1730468 0 1956686 226218 , 611434 -466364 1307985 -1225053 688131 475903 , 2803429 -211305 211305 0 1319416 1530721 , 2813754 759202 1343875 1978399 -782136 -101454 , -739532 544886 -383331 -133164 37055 -379835 , -606368 383331 -544886 133164 3496 -507831 , 1836487 -1307985 466364 1225053 -832082 1154495 , 953404 -1519163 1519163 0 -3276102 -1756939 , 3.5591846116777059e-10 , 35
1.6261801348067748 , 253009 -978353 -1223040 -2266955 -1052135 -1994056 , 2839876 -238676 238676 0 1316496 1555172 , 487401 -503187 209445 559567 -612410 461854 , 989689 1757839 -1757839 0 1959606 201767 , 2519964 1223040 978353 2266955 -771016 -73782 , -25823 -247430 1401799 -1621607 713722 178972 , 1595784 -1401799 247430 1621607 -1222827 961152 , -72166 -209445 503187 -559567 252409 -109223 , 953404 -1519163 1519163 0 -3276102 -1756939 , 3.5591845494386855e-10 , 0
1.6261801348067748 , 253009 -978353 -1223040 -2266955 -1052135 -1994056 , 2839876 -238676 238676 0 1316496 1555172 , -487401 503187 -209445 -559567 612410 -461854 , 989689 1757839 -1757839 0 1959606 201767 , 2519964 1223040 978353 2266955 -771016 -73782 , 25823 247430 -1401799 1621607 -713722 -178972 , -1595784 1401799 -247430 -1621607 1222827 -961152 , 72166 209445 -503187 559567 -252409 109223 , 953404 -1519163 1519163 0 -3276102 -1756939 , 3.5591845494386855e-10 , 1
1.6261801348067748 , 253009 -978353 -1223040 -2266955 -1052135 -1994056 , 989689 1757839 -1757839 0 1959606 201767 , -1222827 961152 -1595784 178972 713722 -1621607 , 2839876 -238676 238676 0 1316496 1555172 , 2519964 1223040 978353 2266955 -771016 -73782 , 252409 -109223 72166 461854 -612410 559567 , -209445 -72166 109223 -461854 487401 -503187 , -1401799 1595784 -961152 -178972 -25823 -247430 , 953404 -1519163 1519163 0 -3276102 -1756939 , 3.5591845495250938e-10 , 2
1.6261801348067748 , 253009 -978353 -1223040 -2266955 -1052135 -1994056 , 989689 1757839 -1757839 0 1959606 201767 , 1222827 -961152 1595784 -178972 -713722 1621607 , 2839876 -238676 238676 0 1316496 1555172 , 2519964 1223040 978353 2266955 -771016 -73782 , -252409 109223 -72166 -461854 612410 -559567 , 209445 72166 -109223 461854 -487401 503187 , 1401799 -1595784 961152 178972 25823 247430 , 953404 -1519163 1519163 0 -3276102 -1756939 , 3.5591845495250938e-10 , 3
1.6261801348067748 , 253009 -978353 -1223040 -2266955 -1052135 -1994056 , 989689 1757839 -1757839 0 1959606 201767 , -961152 1595784 -1401799 -713722 1621607 -1222827 , 2839876 -238676 238676 0 1316496 1555172 , 2519964 1223040 978353 2266955 -771016 -73782 , 109223 -72166 -209445 612410 -559567 252409 , -503187 209445 72166 -612410 461854 -487401 , -247430 1401799 -1595784 713722 178972 25823 , 953404 -1519163 1519163 0 -3276102 -1756939 , 3.5591845495524476e-10 , 4
1.6261801348067748 , 253009 -978353 -1223040 -2266955 -1052135 -1994056 , 989689 1757839 -1757839 0 1959606 201767 , 961152 -1595784 1401799 713722 -1621607 1222827 , 2839876 -238676 238676 0 1316496 1555172 , 2519964 1223040 978353 2266955 -771016 -73782 , -109223 72166 209445 -612410 559567 -252409 , 503187 -209445 -72166 612410 -461854 487401 , 247430 -1401799 1595784 -713722 -178972 -25823 , 953404 -1519163 1519163 0 -3276102 -1756939 , 3.5591845495524476e-10 , 5
1.6261801348067748 , 253009 -978353 -1223040 -2266955 -1052135 -1994056 , 2839876 -238676 238676 0 1316496 1555172 , 612410 -461854 487401 109223 -252409 559567 , 989689 1757839 -1757839 0 1959606 201767 , 2519964 1223040 978353 2266955 -771016 -73782 , -713722 -178972 -25823 -961152 1222827 -1621607 , 247430 25823 178972 961152 -1595784 1401799 , 503187 -487401 461854 -109223 72166 209445 , 953404 -1519163 1519163 0 -3276102 -1756939 , 3.5591845495924506e-10 , 6
1.6261801348067748 , 253009 -978353 -1223040 -2266955 -1052135 -1994056 , 2839876 -238676 238676 0 1316496 1555172 , -612410 461854 -487401 -109223 252409 -559567 , 989689 1757839 -1757839 0 1959606 201767 , 2519964 1223040 978353 2266955 -771016 -73782 , 713722 178972 25823 961152 -1222827 1621607 , -247430 -25823 -178972 -961152 1595784 -1401799 , -503187 487401 -461854 109223 -72166 -209445 , 953404 -1519163 1519163 0 -3276102 -1756939 , 3.5591845495924506e-10 , 7
1.6261801348067748 , 253009 -978353 -1223040 -2266955 -1052135 -1994056 , 989689 1757839 -1757839 0 1959606 201767 , 178972 713722 -1621607 1401799 -247430 -25823 , 2839876 -238676 238676 0 1316496 1555172 , 2519964 1223040 978353 2266955 -771016 -73782 , 461854 -612410 559567 209445 -503187 487401 , 252409 -559567 612410 -209445 -72166 109223 , -1222827 1621607 -713722 -1401799 1595784 -961152 , 953404 -1519163 1519163 0 -3276102 -1756939 , 3.5591845495926248e-10 , 8
1.6261801348067748 , 253009 -978353 -1223040 -2266955 -1052135 -1994056 , 989689 1757839 -1757839 0 1959606 201767 , -178972 -713722 1621607 -1401799 247430 25823 , 2839876 -238676 238676 0 1316496 1555172 , 2519964 1223040 978353 2266955 -771016 -73782 , -461854 612410 -559567 -209445 503187 -487401 , -252409 559567 -612410 209445 72166 -109223 , 1222827 -1621607 713722 1401799 -1595784 961152 , 953404 -1519163 1519163 0 -3276102 -1756939 , 3.5591845495926248e-10 , 9
1.6261801348067748 , 253009 -978353 -1223040 -2266955 -1052135 -1994056 , 2839876 -238676 238676 0 1316496 1555172 , -209445 -72166 109223 -461854 487401 -503187 , 989689 1757839 -1757839 0 1959606 201767 , 2519964 1223040 978353 2266955 -771016 -73782 , -1401799 1595784 -961152 -178972 -25823 -247430 , -1222827 961152 -1595784 178972 713722 -1621607 , 252409 -109223 72166 461854 -612410 559567 , 953404 -1519163 1519163 0 -3276102 -1756939 , 3.5591845496310665e-10 , 10
1.6261801348067748 , 253009 -978353 -1223040 -2266955 -1052135 -1994056 , 2839876 -238676 238676 0 1316496 1555172 , 209445 72166 -109223 461854 -487401 503187 , 989689 1757839 -1757839 0 1959606 201767 , 2519964 1223040 978353 2266955 -771016 -73782 , 1401799 -1595784 961152 178972 25823 247430 , 1222827 -961152 1595784 -178972 -713722 1621607 , -252409 109223 -72166 -461854 612410 -559567 , 953404 -1519163 1519163 0 -3276102 -1756939 , 3.5591845496310665e-10 , 11
1.6261801348067748 , 253009 -978353 -1223040 -2266955 -1052135 -1994056 , 2839876 -238676 238676 0 1316496 1555172 , 109223 -252409 559567 -503187 209445 72166 , 989689 1757839 -1757839 0 1959606 201767 , 2519964 1223040 978353 2266955 -771016 -73782 , -961152 1222827 -1621607 -247430 1401799 -1595784 , -713722 1621607 -1222827 247430 25823 178972 , 612410 -559567 252409 503187 -487401 461854 , 953404 -1519163 1519163 0 -3276102 -1756939 , 3.5591845496445682e-10 , 12
1.6261801348067748 , 253009 -978353 -1223040 -2266955 -1052135 -1994056 , 2839876 -238676 238676 0 1316496 1555172 , -109223 252409 -559567 503187 -209445 -72166 , 989689 1757839 -1757839 0 1959606 201767 , 2519964 1223040 978353 2266955 -771016 -73782 , 961152 -1222827 1621607 247430 -1401799 1595784 , 713722 -1621607 1222827 -247430 -25823 -178972 , -612410 559567 -252409 -503187 487401 -461854 , 953404 -1519163 1519163 0 -3276102 -1756939 , 3.5591845496445682e-10 , 13
1.6261801348067748 , 253009 -978353 -1223040 -2266955 -1052135 -1994056 , 2839876 -238676 238676 0 1316496 1555172 , -72166 109223 -252409 487401 -503187 209445 , 989689 1757839 -1757839 0 1959606 201767 , 2519964 1223040 978353 2266955 -771016 -73782 , 1595784 -961152 1222827 -25823 -247430 1401799 , 1621607 -1222827 961152 25823 178972 713722 , -559567 252409 -109223 -487401 461854 -612410 , 953404 -1519163 1519163 0 -3276102 -1756939 , 3.5591845496689834e-10 , 14
1.6261801348067748 , 253009 -978353 -1223040 -2266955 -1052135 -1994056 , 2839876 -238676 238676 0 1316496 1555172 , 72166 -109223 252409 -487401 503187 -209445 , 989689 1757839 -1757839 0 1959606 201767 , 2519964 1223040 978353 2266955 -771016 -73782 , -1595784 961152 -1222827 25823 247430 -1401799 , -1621607 1222827 -961152 -25823 -178972 -713722 , 559567 -252409 109223 487401 -461854 612410 , 953404 -1519163 1519163 0 -3276102 -1756939 , 3.5591845496689834e-10 , 15
1.6261801348067748 , 253009 -978353 -1223040 -2266955 -1052135 -1994056 , 989689 1757839 -1757839 0 1959606 201767 , -1621607 1222827 -961152 -25823 -178972 -713722 , 2839876 -238676 238676 0 1316496 1555172 , 2519964 1223040 978353 2266955 -771016 -73782 , 559567 -252409 109223 487401 -461854 612410 , 72166 -109223 252409 -487401 503187 -209445 , -1595784 961152 -1222827 25823 247430 -1401799 , 953404 -1519163 1519163 0 -3276102 -1756939 , 3.5591845496759142e-10 , 16
1.6261801348067748 , 253009 -978353 -1223040 -2266955 -1052135 -1994056 , 989689 1757839 -1757839 0 1959606 201767 , 1621607 -1222827 961152 25823 178972 713722 , 2839876 -238676 238676 0 1316496 1555172 , 2519964 1223040 978353 2266955 -771016 -73782 , -559567 252409 -109223 -487401 461854 -612410 , -72166 109223 -252409 487401 -503187 209445 , 1595784 -961152 1222827 -25823 -247430 1401799 , 953404 -1519163 1519163 0 -3276102 -1756939 , 3.5591845496759142e-10 , 17
1.6261801348067748 , 253009 -978353 -1223040 -2266955 -1052135 -1994056 , 989689 1757839 -1757839 0 1959606 201767 , -247430 -25823 -178972 -961152 1595784 -1401799 , 2839876 -238676 238676 0 1316496 1555172 , 2519964 1223040 978353 2266955 -771016 -73782 , -503187 487401 -461854 109223 -72166 -209445 , -612410 461854 -487401 -109223 252409 -559567 , 713722 178972 25823 961152 -1222827 1621607 , 953404 -1519163 1519163 0 -3276102 -1756939 , 3.559184549679378e-10 , 18
1.6261801348067748 , 253009 -978353 -1223040 -2266955 -1052135 -1994056 , 989689 1757839 -1757839 0 1959606 201767 , 247430 25823 178972 961152 -1595784 1401799 , 2839876 -238676 238676 0 1316496 1555172 , 2519964 1223040 978353 2266955 -771016 -73782 , 503187 -487401 461854 -109223 72166 209445 , 612410 -461854 487401 109223 -252409 559567 , -713722 -178972 -25823 -961152 1222827 -1621607 , 953404 -1519163 1519163 0 -3276102 -1756939 , 3.559184549679378e-10 , 19
1.6261801348067748 , 253009 -978353 -1223040 -2266955 -1052135 -1994056 , 989689 1757839 -1757839 0 1959606 201767 , -25823 -178972 -713722 1595784 -1401799 247430 , 2839876 -238676 238676 0 1316496 1555172 , 2519964 1223040 978353 2266955 -771016 -73782 , 487401 -461854 612410 -72166 -209445 503187 , 559567 -612410 461854 72166 -109223 252409 , -1621607 713722 178972 -1595784 961152 -1222827 , 953404 -1519163 1519163 0 -3276102 -1756939 , 3.5591845497172985e-10 , 20
1.6261801348067748 , 253009 -978353 -1223040 -2266955 -1052135 -1994056 , 989689 1757839 -1757839 0 1959606 201767 , 25823 178972 713722 -1595784 1401799 -247430 , 2839876 -238676 238676 0 1316496 1555172 , 2519964 1223040 978353 2266955 -771016 -73782 , -487401 461854 -612410 72166 209445 -503187 , -559567 612410 -461854 -72166 109223 -252409 , 1621607 -713722 -178972 1595784 -961152 1222827 , 953404 -1519163 1519163 0 -3276102 -1756939 , 3.5591845497172985e-10 , 21
1.6261801348067748 , 253009 -978353 -1223040 -2266955 -1052135 -1994056 , 2839876 -238676 238676 0 1316496 1555172 , -461854 487401 -503187 -252409 559567 -612410 , 989689 1757839 -1757839 0 1959606 201767 , 2519964 1223040 978353 2266955 -771016 -73782 , -178972 -25823 -247430 1222827 -1621607 713722 , -1401799 247430 25823 -1222827 961152 -1595784 , -209445 503187 -487401 252409 -109223 72166 , 953404 -1519163 1519163 0 -3276102 -1756939 , 3.5591845497517553e-10 , 22
1.6261801348067748 , 253009 -978353 -1223040 -2266955 -1052135 -1994056 , 2839876 -238676 238676 0 1316496 1555172 , 461854 -487401 503187 252409 -559567 612410 , 989689 1757839 -1757839 0 1959606 201767 , 2519964 1223040 978353 2266955 -771016 -73782 , 178972 25823 247430 -1222827 1621607 -713722 , 1401799 -247430 -25823 1222827 -961152 1595784 , 209445 -503187 487401 -252409 109223 -72166 , 953404 -1519163 1519163 0 -3276102 -1756939 , 3.5591845497517553e-10 , 23
1.6261801348067748 , 253009 -978353 -1223040 -2266955 -1052135 -1994056 , 2839876 -238676 238676 0 1316496 1555172 , 503187 -209445 -72166 612410 -461854 487401 , 989689 1757839 -1757839 0 1959606 201767 , 2519964 1223040 978353 2266955 -771016 -73782 , 247430 -1401799 1595784 -713722 -178972 -25823 , 961152 -1595784 1401799 713722 -1621607 1222827 , -109223 72166 209445 -612410 559567 -252409 , 953404 -1519163 1519163 0 -3276102 -1756939 , 3.5591845497597169e-10 , 24
1.6261801348067748 , 253009 -978353 -1223040 -2266955 -1052135 -1994056 , 2839876 -238676 238676 0 1316496 1555172 , -503187 209445 72166 -612410 461854 -487401 , 989689 1757839 -1757839 0 1959606 201767 , 2519964 1223040 978353 2266955 -771016 -73782 , -247430 1401799 -1595784 713722 178972 25823 , -961152 1595784 -1401799 -713722 1621607 -1222827 , 109223 -72166 -209445 612410 -559567 252409 , 953404 -1519163 1519163 0 -3276102 -1756939 , 3.5591845497597169e-10 , 25
1.6261801348067748 , 253009 -978353 -1223040 -2266955 -1052135 -1994056 , 2839876 -238676 238676 0 1316496 1555172 , -252409 559567 -612410 209445 72166 -109223 , 989689 1757839 -1757839 0 1959606 201767 , 2519964 1223040 978353 2266955 -771016 -73782 , 1222827 -1621607 713722 1401799 -1595784 961152 , -178972 -713722 1621607 -1401799 247430 25823 , -461854 612410 -559567 -209445 503187 -487401 , 953404 -1519163 1519163 0 -3276102 -1756939 , 3.5591845497656085e-10 , 26
1.6261801348067748 , 253009 -978353 -1223040 -2266955 -1052135 -1994056 , 2839876 -238676 238676 0 1316496 1555172 , 252409 -559567 612410 -209445 -72166 109223 , 989689 1757839 -1757839 0 1959606 201767 , 2519964 1223040 978353 2266955 -771016 -73782 , -1222827 1621607 -713722 -1401799 1595784 -961152 , 178972 713722 -1621607 1401799 -247430 -25823 , 461854 -612410 559567 209445 -503187 487401 , 953404 -1519163 1519163 0 -3276102 -1756939 , 3.5591845497656085e-10 , 27
1.6261801348067748 , 253009 -978353 -1223040 -2266955 -1052135 -1994056 , 989689 1757839 -1757839 0 1959606 201767 , -1595784 1401799 -247430 -1621607 1222827 -961152 , 2839876 -238676 238676 0 1316496 1555172 , 2519964 1223040 978353 2266955 -771016 -73782 , 72166 209445 -503187 559567 -252409 109223 , -487401 503187 -209445 -559567 612410 -461854 , 25823 247430 -1401799 1621607 -713722 -178972 , 953404 -1519163 1519163 0 -3276102 -1756939 , 3.5591845498296793e-10 , 28
1.6261801348067748 , 253009 -978353 -1223040 -2266955 -1052135 -1994056 , 989689 1757839 -1757839 0 1959606 201767 , 1595784 -1401799 247430 1621607 -1222827 961152 , 2839876 -238676 238676 0 1316496 1555172 , 2519964 1223040 978353 2266955 -771016 -73782 , -72166 -209445 503187 -559567 252409 -109223 , 487401 -503187 209445 559567 -612410 461854 , -25823 -247430 1401799 -1621607 713722 178972 , 953404 -1519163 1519163 0 -3276102 -1756939 , 3.5591845498296793e-10 , 29
1.6261801348067748 , 253009 -978353 -1223040 -2266955 -1052135 -1994056 , 2839876 -238676 238676 0 1316496 1555172 , -559567 612410 -461854 -72166 109223 -252409 , 989689 1757839 -1757839 0 1959606 201767 , 2519964 1223040 978353 2266955 -771016 -73782 , 1621607 -713722 -178972 1595784 -961152 1222827 , 25823 178972 713722 -1595784 1401799 -247430 , -487401 461854 -612410 72166 209445 -503187 , 953404 -1519163 1519163 0 -3276102 -1756939 , 3.5591845498298489e-10 , 30
1.6261801348067748 , 253009 -978353 -1223040 -2266955 -1052135 -1994056 , 2839876 -238676 238676 0 1316496 1555172 , 559567 -612410 461854 72166 -109223 252409 , 989689 1757839 -1757839 0 1959606 201767 , 2519964 1223040 978353 2266955 -771016 -73782 , -1621607 713722 178972 -1595784 961152 -1222827 , -25823 -178972 -713722 1595784 -1401799 247430 , 487401 -461854 612410 -72166 -209445 503187 , 953404 -1519163 1519163 0 -3276102 -1756939 , 3.5591845498298489e-10 , 31
1.6261801348067748 , 253009 -978353 -1223040 -2266955 -1052135 -1994056 , 989689 1757839 -1757839 0 1959606 201767 , 1401799 -247430 -25823 1222827 -961152 1595784 , 2839876 -238676 238676 0 1316496 1555172 , 2519964 1223040 978353 2266955 -771016 -73782 , 209445 -503187 487401 -252409 109223 -72166 , 461854 -487401 503187 252409 -559567 612410 , 178972 25823 247430 -1222827 1621607 -713722 , 953404 -1519163 1519163 0 -3276102 -1756939 , 3.5591845498365992e-10 , 32
1.6261801348067748 , 253009 -978353 -1223040 -2266955 -1052135 -1994056 , 989689 1757839 -1757839 0 1959606 201767 , -1401799 247430 25823 -1222827 961152 -1595784 , 2839876 -238676 238676 0 1316496 1555172 , 2519964 1223040 978353 2266955 -771016 -73782 , -209445 503187 -487401 252409 -109223 72166 , -461854 487401 -503187 -252409 559567 -612410 , -178972 -25823 -247430 1222827 -1621607 713722 , 953404 -1519163 1519163 0 -3276102 -1756939 , 3.5591845498365992e-10 , 33
1.6261801348067748 , 253009 -978353 -1223040 -2266955 -1052135 -1994056 , 989689 1757839 -1757839 0 1959606 201767 , 713722 -1621607 1222827 -247430 -25823 -178972 , 2839876 -238676 238676 0 1316496 1555172 , 2519964 1223040 978353 2266955 -771016 -73782 , -612410 559567 -252409 -503187 487401 -461854 , -109223 252409 -559567 503187 -209445 -72166 , 961152 -1222827 1621607 247430 -1401799 1595784 , 953404 -1519163 1519163 0 -3276102 -1756939 , 3.5591845499559112e-10 , 34
1.6261801348067748 , 253009 -978353 -1223040 -2266955 -1052135 -1994056 , 989689 1757839 -1757839 0 1959606 201767 , -713722 1621607 -1222827 247430 25823 178972 , 2839876 -238676 238676 0 1316496 1555172 , 2519964 1223040 978353 2266955 -771016 -73782 , 612410 -559567 252409 503187 -487401 461854 , 109223 -252409 559567 -503187 209445 72166 , -961152 1222827 -1621607 -247430 1401799 -1595784 , 953404 -1519163 1519163 0 -3276102 -1756939 , 3.5591845499559112e-10 , 35
1.733912811345887 , 621347 -743128 -2299456 -143965 -2932954 -653893 , 2371810 276276 -276276 0 1487236 1210960 , 1026937 -705667 653881 214945 -288387 812428 , 1457755 1242887 -1242887 0 1788866 545979 , 765312 2299456 743128 143965 1645563 -2189826 , 507760 171950 80727 806107 -1165110 1431629 , -298347 -80727 -171950 -806107 1350902 -1337060 , 811992 -653881 705667 -214945 158547 417280 , 953404 -1519163 1519163 0 -3276102 -1756939 , 3.5591845457719205e-10 , 0
1.733912811345887 , 621347 -743128 -2299456 -143965 -2932954 -653893 , 2371810 276276 -276276 0 1487236 1210960 , -1026937 705667 -653881 -214945 288387 -812428 , 1457755 1242887 -1242887 0 1788866 545979 , 765312 2299456 743128 143965 1645563 -2189826 , -507760 -171950 -80727 -806107 1165110 -1431629 , 298347 80727 171950 806107 -1350902 1337060 , -811992 653881 -705667 214945 -158547 -417280 , 953404 -1519163 1519163 0 -3276102 -1756939 , 3.5591845457719205e-10 , 1
1.733912811345887 , 621347 -743128 -2299456 -143965 -2932954 -653893 , 2371810 276276 -276276 0 1487236 1210960 , -417280 -158547 214945 -705667 653881 -811992 , 1457755 1242887 -1242887 0 1788866 545979 , 765312 2299456 743128 143965 1645563 -2189826 , 1337060 -1350902 806107 171950 80727 298347 , 1165110 -806107 1350902 -171950 -507760 1431629 , 288387 -214945 158547 705667 -1026937 812428 , 953404 -1519163 1519163 0 -3276102 -1756939 , 3.5591845457923456e-10 , 2
1.733912811345887 , 621347 -743128 -2299456 -143965 -2932954 -653893 , 2371810 276276 -276276 0 1487236 1210960 , 417280 158547 -214945 705667 -653881 811992 , 1457755 1242887 -1242887 0 1788866 545979 , 765312 2299456 743128 143965 1645563 -2189826 , -1337060 1350902 -806107 -171950 -80727 -298347 , -1165110 806107 -1350902 171950 507760 -1431629 , -288387 214945 -158547 -705667 1026937 -812428 , 953404 -1519163 1519163 0 -3276102 -1756939 , 3.5591845457923456e-10 , 3
1.733912811345887 , 621347 -743128 -2299456 -143965 -2932954 -653893 , 1457755 1242887 -1242887 0 1788866 545979 , -806107 1350902 -1337060 -507760 1431629 -1165110 , 2371810 276276 -276276 0 1487236 1210960 , 765312 2299456 743128 143965 1645563 -2189826 , -214945 158547 417280 -1026937 812428 -288387 , 811992 -417280 -158547 1026937 -705667 653881 , -298347 1337060 -1350902 507760 171950 80727 , 953404 -1519163 1519163 0 -3276102 -1756939 , 3.5591845458274946e-10 , 4
1.733912811345887 , 621347 -743128 -2299456 -143965 -2932954 -653893 , 1457755 1242887 -1242887 0 1788866 545979 , 806107 -1350902 1337060 507760 -1431629 1165110 , 2371810 276276 -276276 0 1487236 1210960 , 765312 2299456 743128 143965 1645563 -2189826 , 214945 -158547 -417280 1026937 -812428 288387 , -811992 417280 158547 -1026937 705667 -653881 , 298347 -1337060 1350902 -507760 -171950 -80727 , 953404 -1519163 1519163 0 -3276102 -1756939 , 3.5591845458274946e-10 , 5
1.733912811345887 , 621347 -743128 -2299456 -143965 -2932954 -653893 , 2371810 276276 -276276 0 1487236 1210960 , -705667 653881 -811992 -288387 812428 -1026937 , 1457755 1242887 -1242887 0 1788866 545979 , 765312 2299456 743128 143965 1645563 -2189826 , 171950 80727 298347 -1165110 1431629 -507760 , 1337060 -298347 -80727 1165110 -806107 1350902 , -417280 811992 -653881 288387 -214945 158547 , 953404 -1519163 1519163 0 -3276102 -1756939 , 3.5591845458304435e-10 , 6
1.733912811345887 , 621347 -743128 -2299456 -143965 -2932954 -653893 , 2371810 276276 -276276 0 1487236 1210960 , 705667 -653881 811992 288387 -812428 1026937 , 1457755 1242887 -1242887 0 1788866 545979 , 765312 2299456 743128 143965 1645563 -2189826 , -171950 -80727 -298347 1165110 -1431629 507760 , -1337060 298347 80727 -1165110 806107 -1350902 , 417280 -811992 653881 -288387 214945 -158547 , 953404 -1519163 1519163 0 -3276102 -1756939 , 3.5591845458304435e-10 , 7
1.733912811345887 , 621347 -743128 -2299456 -143965 -2932954 -653893 , 1457755 1242887 -1242887 0 1788866 545979 , -1350902 1337060 -298347 -1431629 1165110 -806107 , 2371810 276276 -276276 0 1487236 1210960 , 765312 2299456 743128 143965 1645563 -2189826 , -158547 -417280 811992 -812428 288387 -214945 , 653881 -811992 417280 812428 -1026937 705667 , 80727 298347 -1337060 1431629 -507760 -171950 , 953404 -1519163 1519163 0 -3276102 -1756939 , 3.5591845458555495e-10 , 8
1.733912811345887 , 621347 -743128 -2299456 -143965 -2932954 -653893 , 1457755 1242887 -1242887 0 1788866 545979 , 1350902 -1337060 298347 1431629 -1165110 806107 , 2371810 276276 -276276 0 1487236 1210960 , 765312 2299456 743128 143965 1645563 -2189826 , 158547 417280 -811992 812428 -288387 214945 , -653881 811992 -417280 -812428 1026937 -705667 , -80727 -298347 1337060 -1431629 507760 171950 , 953404 -1519163 1519163 0 -3276102 -1756939 , 3.5591845458555495e-10 , 9
1.733912811345887 , 621347 -743128 -2299456 -143965 -2932954 -653893 , 2371810 276276 -276276 0 1487236 1210960 , 288387 -812428 1026937 -417280 -158547 214945 , 1457755 1242887 -1242887 0 1788866 545979 , 765312 2299456 743128 143965 1645563 -2189826 , 1165110 -1431629 507760 1337060 -1350902 806107 , -171950 -507760 1431629 -1337060 298347 80727 , 705667 -1026937 812428 417280 -811992 653881 , 953404 -1519163 1519163 0 -3276102 -1756939 , 3.5591845458560809e-10 , 10
1.733912811345887 , 621347 -743128 -2299456 -143965 -2932954 -653893 , 2371810 276276 -276276 0 1487236 1210960 , -288387 812428 -1026937 417280 158547 -214945 , 1457755 1242887 -1242887 0 1788866 545979 , 765312 2299456 743128 143965 1645563 -2189826 , -1165110 1431629 -507760 -1337060 1350902 -806107 , 171950 507760 -1431629 1337060 -298347 -80727 , -705667 1026937 -812428 -417280 811992 -653881 , 953404 -1519163 1519163 0 -3276102 -1756939 , 3.5591845458560809e-10 , 11
1.733912811345887 , 621347 -743128 -2299456 -143965 -2932954 -653893 , 1457755 1242887 -1242887 0 1788866 545979 , -507760 1431629 -1165110 298347 80727 171950 , 2371810 276276 -276276 0 1487236 1210960 , 765312 2299456 743128 143965 1645563 -2189826 , -1026937 812428 -288387 -811992 653881 -705667 , -214945 288387 -812428 811992 -417280 -158547 , -806107 1165110 -1431629 -298347 1337060 -1350902 , 953404 -1519163 1519163 0 -3276102 -1756939 , 3.5591845458609148e-10 , 12
1.733912811345887 , 621347 -743128 -2299456 -143965 -2932954 -653893 , 1457755 1242887 -1242887 0 1788866 545979 , 507760 -1431629 1165110 -298347 -80727 -171950 , 2371810 276276 -276276 0 1487236 1210960 , 765312 2299456 743128 143965 1645563 -2189826 , 1026937 -812428 288387 811992 -653881 705667 , 214945 -288387 812428 -811992 417280 158547 , 806107 -1165110 1431629 298347 -1337060 1350902 , 953404 -1519163 1519163 0 -3276102 -1756939 , 3.5591845458609148e-10 , 13
1.733912811345887 , 621347 -743128 -2299456 -143965 -2932954 -653893 , 1457755 1242887 -1242887 0 1788866 545979 , -1165110 806107 -1350902 171950 507760 -1431629 , 2371810 276276 -276276 0 1487236 1210960 , 765312 2299456 743128 143965 1645563 -2189826 , -288387 214945 -158547 -705667 1026937 -812428 , 417280 158547 -214945 705667 -653881 811992 , -1337060 1350902 -806107 -171950 -80727 -298347 , 953404 -1519163 1519163 0 -3276102 -1756939 , 3.5591845458640307e-10 , 14
1.733912811345887 , 621347 -743128 -2299456 -143965 -2932954 -653893 , 1457755 1242887 -1242887 0 1788866 545979 , 1165110 -806107 1350902 -171950 -507760 1431629 , 2371810 276276 -276276 0 1487236 1210960 , 765312 2299456 743128 143965 1645563 -2189826 , 288387 -214945 158547 705667 -1026937 812428 , -417280 -158547 214945 -705667 653881 -811992 , 1337060 -1350902 806107 171950 80727 298347 , 953404 -1519163 1519163 0 -3276102 -1756939 , 3.5591845458640307e-10 , 15
1.733912811345887 , 621347 -743128 -2299456 -143965 -2932954 -653893 , 1457755 1242887 -1242887 0 1788866 545979 , 171950 507760 -1431629 1337060 -298347 -80727 , 2371810 276276 -276276 0 1487236 1210960 , 765312 2299456 743128 143965 1645563 -2189826 , -705667 1026937 -812428 -417280 811992 -653881 , -288387 812428 -1026937 417280 158547 -214945 , -1165110 1431629 -507760 -1337060 1350902 -806107 , 953404 -1519163 1519163 0 -3276102 -1756939 , 3.5591845458643817e-10 , 16
1.733912811345887 , 621347 -743128 -2299456 -143965 -2932954 -653893 , 1457755 1242887 -1242887 0 1788866 545979 , -171950 -507760 1431629 -1337060 298347 80727 , 2371810 276276 -276276 0 1487236 1210960 , 765312 2299456 743128 143965 1645563 -2189826 , 705667 -1026937 812428 417280 -811992 653881 , 288387 -812428 1026937 -417280 -158547 214945 , 1165110 -1431629 507760 1337060 -1350902 806107 , 953404 -1519163 1519163 0 -3276102 -1756939 , 3.5591845458643817e-10 , 17
1.733912811345887 , 621347 -743128 -2299456 -143965 -2932954 -653893 , 2371810 276276 -276276 0 1487236 1210960 , 811992 -417280 -158547 1026937 -705667 653881 , 1457755 1242887 -1242887 0 1788866 545979 , 765312 2299456 743128 143965 1645563 -2189826 , -298347 1337060 -1350902 507760 171950 80727 , -806107 1350902 -1337060 -507760 1431629 -1165110 , -214945 158547 417280 -1026937 812428 -288387 , 953404 -1519163 1519163 0 -3276102 -1756939 , 3.5591845458816956e-10 , 18
1.733912811345887 , 621347 -743128 -2299456 -143965 -2932954 -653893 , 2371810 276276 -276276 0 1487236 1210960 , -811992 417280 158547 -1026937 705667 -653881 , 1457755 1242887 -1242887 0 1788866 545979 , 765312 2299456 743128 143965 1645563 -2189826 , 298347 -1337060 1350902 -507760 -171950 -80727 , 806107 -1350902 1337060 507760 -1431629 1165110 , 214945 -158547 -417280 1026937 -812428 288387 , 953404 -1519163 1519163 0 -3276102 -1756939 , 3.5591845458816956e-10 , 19
1.733912811345887 , 621347 -743128 -2299456 -143965 -2932954 -653893 , 2371810 276276 -276276 0 1487236 1210960 , -812428 1026937 -705667 -158547 214945 -288387 , 1457755 1242887 -1242887 0 1788866 545979 , 765312 2299456 743128 143965 1645563 -2189826 , -1431629 507760 171950 -1350902 806107 -1165110 , -80727 -171950 -507760 1350902 -1337060 298347 , -653881 705667 -1026937 158547 417280 -811992 , 953404 -1519163 1519163 0 -3276102 -1756939 , 3.5591845458955499e-10 , 20
1.733912811345887 , 621347 -743128 -2299456 -143965 -2932954 -653893 , 2371810 276276 -276276 0 1487236 1210960 , 812428 -1026937 705667 158547 -214945 288387 , 1457755 1242887 -1242887 0 1788866 545979 , 765312 2299456 743128 143965 1645563 -2189826 , 1431629 -507760 -171950 1350902 -806107 1165110 , 80727 171950 507760 -1350902 1337060 -298347 , 653881 -705667 1026937 -158547 -417280 811992 , 953404 -1519163 1519163 0 -3276102 -1756939 , 3.5591845458955499e-10 , 21
1.733912811345887 , 621347 -743128 -2299456 -143965 -2932954 -653893 , 1457755 1242887 -1242887 0 1788866 545979 , 80727 171950 507760 -1350902 1337060 -298347 , 2371810 276276 -276276 0 1487236 1210960 , 765312 2299456 743128 143965 1645563 -2189826 , 653881 -705667 1026937 -158547 -417280 811992 , 812428 -1026937 705667 158547 -214945 288387 , 1431629 -507760 -171950 1350902 -806107 1165110 , 953404 -1519163 1519163 0 -3276102 -1756939 , 3.559184545895554e-10 , 22
1.733912811345887 , 621347 -743128 -2299456 -143965 -2932954 -653893 , 1457755 1242887 -1242887 0 1788866 545979 , -80727 -171950 -507760 1350902 -1337060 298347 , 2371810 276276 -276276 0 1487236 1210960 , 765312 2299456 743128 143965 1645563 -2189826 , -653881 705667 -1026937 158547 417280 -811992 , -812428 1026937 -705667 -158547 214945 -288387 , -1431629 507760 171950 -1350902 806107 -1165110 , 953404 -1519163 1519163 0 -3276102 -1756939 , 3.559184545895554e-10 , 23
1.733912811345887 , 621347 -743128 -2299456 -143965 -2932954 -653893 , 1457755 1242887 -1242887 0 1788866 545979 , -1337060 298347 80727 -1165110 806107 -1350902 , 2371810 276276 -276276 0 1487236 1210960 , 765312 2299456 743128 143965 1645563 -2189826 , 417280 -811992 653881 -288387 214945 -158547 , 705667 -653881 811992 288387 -812428 1026937 , -171950 -80727 -298347 1165110 -1431629 507760 , 953404 -1519163 1519163 0 -3276102 -1756939 , 3.5591845459026486e-10 , 24
1.733912811345887 , 621347 -743128 -2299456 -143965 -2932954 -653893 , 1457755 1242887 -1242887 0 1788866 545979 , 1337060 -298347 -80727 1165110 -806107 1350902 , 2371810 276276 -276276 0 1487236 1210960 , 765312 2299456 743128 143965 1645563 -2189826 , -417280 811992 -653881 288387 -214945 158547 , -705667 653881 -811992 -288387 812428 -1026937 , 171950 80727 298347 -1165110 1431629 -507760 , 953404 -1519163 1519163 0 -3276102 -1756939 , 3.5591845459026486e-10 , 25
1.733912811345887 , 621347 -743128 -2299456 -143965 -2932954 -653893 , 2371810 276276 -276276 0 1487236 1210960 , -653881 811992 -417280 -812428 1026937 -705667 , 1457755 1242887 -1242887 0 1788866 545979 , 765312 2299456 743128 143965 1645563 -2189826 , -80727 -298347 1337060 -1431629 507760 171950 , 1350902 -1337060 298347 1431629 -1165110 806107 , 158547 417280 -811992 812428 -288387 214945 , 953404 -1519163 1519163 0 -3276102 -1756939 , 3.5591845459064547e-10 , 26
1.733912811345887 , 621347 -743128 -2299456 -143965 -2932954 -653893 , 2371810 276276 -276276 0 1487236 1210960 , 653881 -811992 417280 812428 -1026937 705667 , 1457755 1242887 -1242887 0 1788866 545979 , 765312 2299456 743128 143965 1645563 -2189826 , 80727 298347 -1337060 1431629 -507760 -171950 , -1350902 1337060 -298347 -1431629 1165110 -806107 , -158547 -417280 811992 -812428 288387 -214945 , 953404 -1519163 1519163 0 -3276102 -1756939 , 3.5591845459064547e-10 , 27
1.733912811345887 , 621347 -743128 -2299456 -143965 -2932954 -653893 , 1457755 1242887 -1242887 0 1788866 545979 , 298347 80727 171950 806107 -1350902 1337060 , 2371810 276276 -276276 0 1487236 1210960 , 765312 2299456 743128 143965 1645563 -2189826 , -811992 653881 -705667 214945 -158547 -417280 , -1026937 705667 -653881 -214945 288387 -812428 , -507760 -171950 -80727 -806107 1165110 -1431629 , 953404 -1519163 1519163 0 -3276102 -1756939 , 3.5591845459064552e-10 , 28
1.733912811345887 , 621347 -743128 -2299456 -143965 -2932954 -653893 , 1457755 1242887 -1242887 0 1788866 545979 , -298347 -80727 -171950 -806107 1350902 -1337060 , 2371810 276276 -276276 0 1487236 1210960 , 765312 2299456 743128 143965 1645563 -2189826 , 811992 -653881 705667 -214945 158547 417280 , 1026937 -705667 653881 214945 -288387 812428 , 507760 171950 80727 806107 -1165110 1431629 , 953404 -1519163 1519163 0 -3276102 -1756939 , 3.5591845459064552e-10 , 29
1.733912811345887 , 621347 -743128 -2299456 -143965 -2932954 -653893 , 1457755 1242887 -1242887 0 1788866 545979 , -1431629 1165110 -806107 -80727 -171950 -507760 , 2371810 276276 -276276 0 1487236 1210960 , 765312 2299456 743128 143965 1645563 -2189826 , -812428 288387 -214945 -653881 705667 -1026937 , -158547 214945 -288387 653881 -811992 417280 , -1350902 806107 -1165110 80727 298347 -1337060 , 953404 -1519163 1519163 0 -3276102 -1756939 , 3.559184545919793e-10 , 30
1.733912811345887 , 621347 -743128 -2299456 -143965 -2932954 -653893 , 1457755 1242887 -1242887 0 1788866 545979 , 1431629 -1165110 806107 80727 171950 507760 , 2371810 276276 -276276 0 1487236 1210960 , 765312 2299456 743128 143965 1645563 -2189826 , 812428 -288387 214945 653881 -705667 1026937 , 158547 -214945 288387 -653881 811992 -417280 , 1350902 -806107 1165110 -80727 -298347 1337060 , 953404 -1519163 1519163 0 -3276102 -1756939 , 3.559184545919793e-10 , 31
1.733912811345887 , 621347 -743128 -2299456 -143965 -2932954 -653893 , 2371810 276276 -276276 0 1487236 1210960 , -158547 214945 -288387 653881 -811992 417280 , 1457755 1242887 -1242887 0 1788866 545979 , 765312 2299456 743128 143965 1645563 -2189826 , -1350902 806107 -1165110 80727 298347 -1337060 , -1431629 1165110 -806107 -80727 -171950 -507760 , -812428 288387 -214945 -653881 705667 -1026937 , 953404 -1519163 1519163 0 -3276102 -1756939 , 3.5591845459398733e-10 , 32
1.733912811345887 , 621347 -743128 -2299456 -143965 -2932954 -653893 , 2371810 276276 -276276 0 1487236 1210960 , 158547 -214945 288387 -653881 811992 -417280 , 1457755 1242887 -1242887 0 1788866 545979 , 765312 2299456 743128 143965 1645563 -2189826 , 1350902 -806107 1165110 -80727 -298347 1337060 , 1431629 -1165110 806107 80727 171950 507760 , 812428 -288387 214945 653881 -705667 1026937 , 953404 -1519163 1519163 0 -3276102 -1756939 , 3.5591845459398733e-10 , 33
1.733912811345887 , 621347 -743128 -2299456 -143965 -2932954 -653893 , 2371810 276276 -276276 0 1487236 1210960 , -214945 288387 -812428 811992 -417280 -158547 , 1457755 1242887 -1242887 0 1788866 545979 , 765312 2299456 743128 143965 1645563 -2189826 , -806107 1165110 -1431629 -298347 1337060 -1350902 , -507760 1431629 -1165110 298347 80727 171950 , -1026937 812428 -288387 -811992 653881 -705667 , 953404 -1519163 1519163 0 -3276102 -1756939 , 3.5591845459712219e-10 , 34
1.733912811345887 , 621347 -743128 -2299456 -143965 -2932954 -653893 , 2371810 276276 -276276 0 1487236 1210960 , 214945 -288387 812428 -811992 417280 158547 , 1457755 1242887 -1242887 0 1788866 545979 , 765312 2299456 743128 143965 1645563 -2189826 , 806107 -1165110 1431629 298347 -1337060 1350902 , 507760 -1431629 1165110 -298347 -80727 -171950 , 1026937 -812428 288387 811992 -653881 705667 , 953404 -1519163 1519163 0 -3276102 -1756939 , 3.5591845459712219e-10 , 35
1.8413905099336139 , 1166271 -1914439 -902368 -1178857 -2445276 -494529 , 2853214 -279051 279051 0 1290679 1569730 , 542532 -393568 267039 -122948 326675 44602 , 976351 1798214 -1798214 0 1985423 187209 , 2345128 902368 1914439 1178857 407839 -530837 , -365514 1161508 -895265 650594 -603092 649378 , -1016108 895265 -1161508 -650594 1544643 -1764600 , 665480 -267039 393568 122948 -222437 720243 , 953404 -1519163 1519163 0 -3276102 -1756939 , 3.5591846262178712e-10 , 0
1.8413905099336139 , 1166271 -1914439 -902368 -1178857 -2445276 -494529 , 2853214 -279051 279051 0 1290679 1569730 , -542532 393568 -267039 122948 -326675 -44602 , 976351 1798214 -1798214 0 1985423 187209 , 2345128 902368 1914439 1178857 407839 -530837 , 365514 -1161508 895265 -650594 603092 -649378 , 1016108 -895265 1161508 650594 -1544643 1764600 , -665480 267039 -393568 -122948 222437 -720243 , 953404 -1519163 1519163 0 -3276102 -1756939 , 3.5591846262178712e-10 , 1
1.8413905099336139 , 1166271 -1914439 -902368 -1178857 -2445276 -494529 , 2853214 -279051 279051 0 1290679 1569730 , -393568 267039 -665480 326675 44602 -542532 , 976351 1798214 -1798214 0 1985423 187209 , 2345128 902368 1914439 1178857 407839 -530837 , 1161508 -895265 1016108 -603092 649378 365514 , 1764600 -1016108 895265 603092 -650594 1544643 , -720243 665480 -267039 -326675 122948 -222437 , 953404 -1519163 1519163 0 -3276102 -1756939 , 3.5591846263818613e-10 , 2
1.8413905099336139 , 1166271 -1914439 -902368 -1178857 -2445276 -494529 , 2853214 -279051 279051 0 1290679 1569730 , 393568 -267039 665480 -326675 -44602 542532 , 976351 1798214 -1798214 0 1985423 187209 , 2345128 902368 1914439 1178857 407839 -530837 , -1161508 895265 -1016108 603092 -649378 -365514 , -1764600 1016108 -895265 -603092 650594 -1544643 , 720243 -665480 267039 326675 -122948 222437 , 953404 -1519163 1519163 0 -3276102 -1756939 , 3.5591846263818613e-10 , 3
1.8413905099336139 , 1166271 -1914439 -902368 -1178857 -2445276 -494529 , 2853214 -279051 279051 0 1290679 1569730 , 222437 -122948 326675 267039 -665480 720243 , 976351 1798214 -1798214 0 1985423 187209 , 2345128 902368 1914439 1178857 407839 -530837 , -1544643 650594 -603092 -895265 1016108 -1764600 , -649378 603092 -650594 895265 -1161508 365514 , -44602 -326675 122948 -267039 393568 -542532 , 953404 -1519163 1519163 0 -3276102 -1756939 , 3.5591846267344031e-10 , 4
1.8413905099336139 , 1166271 -1914439 -902368 -1178857 -2445276 -494529 , 2853214 -279051 279051 0 1290679 1569730 , -222437 122948 -326675 -267039 665480 -720243 , 976351 1798214 -1798214 0 1985423 187209 , 2345128 902368 1914439 1178857 407839 -530837 , 1544643 -650594 603092 895265 -1016108 1764600 , 649378 -603092 650594 -895265 1161508 -365514 , 44602 326675 -122948 267039 -393568 542532 , 953404 -1519163 1519163 0 -3276102 -1756939 , 3.5591846267344031e-10 , 5
1.8413905099336139 , 1166271 -1914439 -902368 -1178857 -2445276 -494529 , 976351 1798214 -1798214 0 1985423 187209 , -650594 1544643 -1764600 365514 649378 -603092 , 2853214 -279051 279051 0 1290679 1569730 , 2345128 902368 1914439 1178857 407839 -530837 , 122948 -222437 720243 -542532 44602 326675 , 665480 -720243 222437 542532 -393568 267039 , -1016108 1764600 -1544643 -365514 1161508 -895265 , 953404 -1519163 1519163 0 -3276102 -1756939 , 3.5591846268923227e-10 , 6
1.8413905099336139 , 1166271 -1914439 -902368 -1178857 -2445276 -494529 , 976351 1798214 -1798214 0 1985423 187209 , 650594 -1544643 1764600 -365514 -649378 603092 , 2853214 -279051 279051 0 1290679 1569730 , 2345128 902368 1914439 1178857 407839 -530837 , -122948 222437 -720243 542532 -44602 -326675 , -665480 720243 -222437 -542532 393568 -267039 , 1016108 -1764600 1544643 365514 -1161508 895265 , 953404 -1519163 1519163 0 -3276102 -1756939 , 3.5591846268923227e-10 , 7
1.8413905099336139 , 1166271 -1914439 -902368 -1178857 -2445276 -494529 , 2853214 -279051 279051 0 1290679 1569730 , -720243 222437 -122948 -393568 267039 -665480 , 976351 1798214 -1798214 0 1985423 187209 , 2345128 902368 1914439 1178857 407839 -530837 , 1764600 -1544643 650594 1161508 -895265 1016108 , 603092 -650594 1544643 -1161508 365514 649378 , -326675 122948 -222437 393568 -542532 44602 , 953404 -1519163 1519163 0 -3276102 -1756939 , 3.5591846270536943e-10 , 8
1.8413905099336139 , 1166271 -1914439 -902368 -1178857 -2445276 -494529 , 2853214 -279051 279051 0 1290679 1569730 , 720243 -222437 122948 393568 -267039 665480 , 976351 1798214 -1798214 0 1985423 187209 , 2345128 902368 1914439 1178857 407839 -530837 , -1764600 1544643 -650594 -1161508 895265 -1016108 , -603092 650594 -1544643 1161508 -365514 -649378 , 326675 -122948 222437 -393568 542532 -44602 , 953404 -1519163 1519163 0 -3276102 -1756939 , 3.5591846270536943e-10 , 9
1.8413905099336139 , 1166271 -1914439 -902368 -1178857 -2445276 -494529 , 976351 1798214 -1798214 0 1985423 187209 , 649378 -603092 650594 -895265 1161508 -365514 , 2853214 -279051 279051 0 1290679 1569730 , 2345128 902368 1914439 1178857 407839 -530837 , 44602 326675 -122948 267039 -393568 542532 , -222437 122948 -326675 -267039 665480 -720243 , 1544643 -650594 603092 895265 -1016108 1764600 , 953404 -1519163 1519163 0 -3276102 -1756939 , 3.5591846270590673e-10 , 10
1.8413905099336139 , 1166271 -1914439 -902368 -1178857 -2445276 -494529 , 976351 1798214 -1798214 0 1985423 187209 , -649378 603092 -650594 895265 -1161508 365514 , 2853214 -279051 279051 0 1290679 1569730 , 2345128 902368 1914439 1178857 407839 -530837 , -44602 -326675 122948 -267039 393568 -542532 , 222437 -122948 326675 267039 -665480 720243 , -1544643 650594 -603092 -895265 1016108 -1764600 , 953404 -1519163 1519163 0 -3276102 -1756939 , 3.5591846270590673e-10 , 11
1.8413905099336139 , 1166271 -1914439 -902368 -1178857 -2445276 -494529 , 976351 1798214 -1798214 0 1985423 187209 , -895265 1161508 -365514 -1544643 1764600 -1016108 , 2853214 -279051 279051 0 1290679 1569730 , 2345128 902368 1914439 1178857 407839 -530837 , 267039 -393568 542532 222437 -720243 665480 , 44602 -542532 393568 -222437 122948 -326675 , 649378 365514 -1161508 1544643 -650594 603092 , 953404 -1519163 1519163 0 -3276102 -1756939 , 3.5591846270692768e-10 , 12
1.8413905099336139 , 1166271 -1914439 -902368 -1178857 -2445276 -494529 , 976351 1798214 -1798214 0 1985423 187209 , 895265 -1161508 365514 1544643 -1764600 1016108 , 2853214 -279051 279051 0 1290679 1569730 , 2345128 902368 1914439 1178857 407839 -530837 , -267039 393568 -542532 -222437 720243 -665480 , -44602 542532 -393568 222437 -122948 326675 , -649378 -365514 1161508 -1544643 650594 -603092 , 953404 -1519163 1519163 0 -3276102 -1756939 , 3.5591846270692768e-10 , 13
1.8413905099336139 , 1166271 -1914439 -902368 -1178857 -2445276 -494529 , 2853214 -279051 279051 0 1290679 1569730 , -122948 326675 44602 -665480 720243 -222437 , 976351 1798214 -1798214 0 1985423 187209 , 2345128 902368 1914439 1178857 407839 -530837 , 650594 -603092 649378 1016108 -1764600 1544643 , -365514 -649378 603092 -1016108 895265 -1161508 , 542532 -44602 -326675 665480 -267039 393568 , 953404 -1519163 1519163 0 -3276102 -1756939 , 3.5591846272491938e-10 , 14
1.8413905099336139 , 1166271 -1914439 -902368 -1178857 -2445276 -494529 , 2853214 -279051 279051 0 1290679 1569730 , 122948 -326675 -44602 665480 -720243 222437 , 976351 1798214 -1798214 0 1985423 187209 , 2345128 902368 1914439 1178857 407839 -530837 , -650594 603092 -649378 -1016108 1764600 -1544643 , 365514 649378 -603092 1016108 -895265 1161508 , -542532 44602 326675 -665480 267039 -393568 , 953404 -1519163 1519163 0 -3276102 -1756939 , 3.5591846272491938e-10 , 15
1.8413905099336139 , 1166271 -1914439 -902368 -1178857 -2445276 -494529 , 2853214 -279051 279051 0 1290679 1569730 , -44602 542532 -393568 222437 -122948 326675 , 976351 1798214 -1798214 0 1985423 187209 , 2345128 902368 1914439 1178857 407839 -530837 , -649378 -365514 1161508 -1544643 650594 -603092 , 895265 -1161508 365514 1544643 -1764600 1016108 , -267039 393568 -542532 -222437 720243 -665480 , 953404 -1519163 1519163 0 -3276102 -1756939 , 3.5591846273930855e-10 , 16
1.8413905099336139 , 1166271 -1914439 -902368 -1178857 -2445276 -494529 , 2853214 -279051 279051 0 1290679 1569730 , 44602 -542532 393568 -222437 122948 -326675 , 976351 1798214 -1798214 0 1985423 187209 , 2345128 902368 1914439 1178857 407839 -530837 , 649378 365514 -1161508 1544643 -650594 603092 , -895265 1161508 -365514 -1544643 1764600 -1016108 , 267039 -393568 542532 222437 -720243 665480 , 953404 -1519163 1519163 0 -3276102 -1756939 , 3.5591846273930855e-10 , 17
1.8413905099336139 , 1166271 -1914439 -902368 -1178857 -2445276 -494529 , 976351 1798214 -1798214 0 1985423 187209 , 1016108 -895265 1161508 650594 -1544643 1764600 , 2853214 -279051 279051 0 1290679 1569730 , 2345128 902368 1914439 1178857 407839 -530837 , -665480 267039 -393568 -122948 222437 -720243 , -542532 393568 -267039 122948 -326675 -44602 , 365514 -1161508 895265 -650594 603092 -649378 , 953404 -1519163 1519163 0 -3276102 -1756939 , 3.5591846274008734e-10 , 18
1.8413905099336139 , 1166271 -1914439 -902368 -1178857 -2445276 -494529 , 976351 1798214 -1798214 0 1985423 187209 , -1016108 895265 -1161508 -650594 1544643 -1764600 , 2853214 -279051 279051 0 1290679 1569730 , 2345128 902368 1914439 1178857 407839 -530837 , 665480 -267039 393568 122948 -222437 720243 , 542532 -393568 267039 -122948 326675 44602 , -365514 1161508 -895265 650594 -603092 649378 , 953404 -1519163 1519163 0 -3276102 -1756939 , 3.5591846274008734e-10 , 19
1.8413905099336139 , 1166271 -1914439 -902368 -1178857 -2445276 -494529 , 976351 1798214 -1798214 0 1985423 187209 , -1161508 365514 649378 -1764600 1016108 -895265 , 2853214 -279051 279051 0 1290679 1569730 , 2345128 902368 1914439 1178857 407839 -530837 , 393568 -542532 44602 720243 -665480 267039 , -326675 -44602 542532 -720243 222437 -122948 , 603092 -649378 -365514 1764600 -1544643 650594 , 953404 -1519163 1519163 0 -3276102 -1756939 , 3.5591846275723071e-10 , 20
1.8413905099336139 , 1166271 -1914439 -902368 -1178857 -2445276 -494529 , 976351 1798214 -1798214 0 1985423 187209 , 1161508 -365514 -649378 1764600 -1016108 895265 , 2853214 -279051 279051 0 1290679 1569730 , 2345128 902368 1914439 1178857 407839 -530837 , -393568 542532 -44602 -720243 665480 -267039 , 326675 44602 -542532 720243 -222437 122948 , -603092 649378 365514 -1764600 1544643 -650594 , 953404 -1519163 1519163 0 -3276102 -1756939 , 3.5591846275723071e-10 , 21
1.8413905099336139 , 1166271 -1914439 -902368 -1178857 -2445276 -494529 , 976351 1798214 -1798214 0 1985423 187209 , -603092 650594 -1544643 1161508 -365514 -649378 , 2853214 -279051 279051 0 1290679 1569730 , 2345128 902368 1914439 1178857 407839 -530837 , 326675 -122948 222437 -393568 542532 -44602 , 720243 -222437 122948 393568 -267039 665480 , -1764600 1544643 -650594 -1161508 895265 -1016108 , 953404 -1519163 1519163 0 -3276102 -1756939 , 3.5591846275731673e-10 , 22
1.8413905099336139 , 1166271 -1914439 -902368 -1178857 -2445276 -494529 , 976351 1798214 -1798214 0 1985423 187209 , 603092 -650594 1544643 -1161508 365514 649378 , 2853214 -279051 279051 0 1290679 1569730 , 2345128 902368 1914439 1178857 407839 -530837 , -326675 122948 -222437 393568 -542532 44602 , -720243 222437 -122948 -393568 267039 -665480 , 1764600 -1544643 650594 1161508 -895265 1016108 , 953404 -1519163 1519163 0 -3276102 -1756939 , 3.5591846275731673e-10 , 23
1.8413905099336139 , 1166271 -1914439 -902368 -1178857 -2445276 -494529 , 976351 1798214 -1798214 0 1985423 187209 , 365514 649378 -603092 1016108 -895265 1161508 , 2853214 -279051 279051 0 1290679 1569730 , 2345128 902368 1914439 1178857 407839 -530837 , -542532 44602 326675 -665480 267039 -393568 , 122948 -326675 -44602 665480 -720243 222437 , -650594 603092 -649378 -1016108 1764600 -1544643 , 953404 -1519163 1519163 0 -3276102 -1756939 , 3.5591846277342065e-10 , 24
1.8413905099336139 , 1166271 -1914439 -902368 -1178857 -2445276 -494529 , 976351 1798214 -1798214 0 1985423 187209 , -365514 -649378 603092 -1016108 895265 -1161508 , 2853214 -279051 279051 0 1290679 1569730 , 2345128 902368 1914439 1178857 407839 -530837 , 542532 -44602 -326675 665480 -267039 393568 , -122948 326675 44602 -665480 720243 -222437 , 650594 -603092 649378 1016108 -1764600 1544643 , 953404 -1519163 1519163 0 -3276102 -1756939 , 3.5591846277342065e-10 , 25
1.8413905099336139 , 1166271 -1914439 -902368 -1178857 -2445276 -494529 , 2853214 -279051 279051 0 1290679 1569730 , 665480 -720243 222437 542532 -393568 267039 , 976351 1798214 -1798214 0 1985423 187209 , 2345128 902368 1914439 1178857 407839 -530837 , -1016108 1764600 -1544643 -365514 1161508 -895265 , -650594 1544643 -1764600 365514 649378 -603092 , 122948 -222437 720243 -542532 44602 326675 , 953404 -1519163 1519163 0 -3276102 -1756939 , 3.5591846277342116e-10 , 26
1.8413905099336139 , 1166271 -1914439 -902368 -1178857 -2445276 -494529 , 2853214 -279051 279051 0 1290679 1569730 , -665480 720243 -222437 -542532 393568 -267039 , 976351 1798214 -1798214 0 1985423 187209 , 2345128 902368 1914439 1178857 407839 -530837 , 1016108 -1764600 1544643 365514 -1161508 895265 , 650594 -1544643 1764600 -365514 -649378 603092 , -122948 222437 -720243 542532 -44602 -326675 , 953404 -1519163 1519163 0 -3276102 -1756939 , 3.5591846277342116e-10 , 27
1.8413905099336139 , 1166271 -1914439 -902368 -1178857 -2445276 -494529 , 976351 1798214 -1798214 0 1985423 187209 , -1544643 1764600 -1016108 -649378 603092 -650594 , 2853214 -279051 279051 0 1290679 1569730 , 2345128 902368 1914439 1178857 407839 -530837 , 222437 -720243 665480 -44602 -326675 122948 , 267039 -665480 720243 44602 -542532 393568 , -895265 1016108 -1764600 649378 365514 -1161508 , 953404 -1519163 1519163 0 -3276102 -1756939 , 3.559184627743382e-10 , 28
1.8413905099336139 , 1166271 -1914439 -902368 -1178857 -2445276 -494529 , 976351 1798214 -1798214 0 1985423 187209 , 1544643 -1764600 1016108 649378 -603092 650594 , 2853214 -279051 279051 0 1290679 1569730 , 2345128 902368 1914439 1178857 407839 -530837 , -222437 720243 -665480 44602 326675 -122948 , -267039 665480 -720243 -44602 542532 -393568 , 895265 -1016108 1764600 -649378 -365514 1161508 , 953404 -1519163 1519163 0 -3276102 -1756939 , 3.559184627743382e-10 , 29
1.8413905099336139 , 1166271 -1914439 -902368 -1178857 -2445276 -494529 , 2853214 -279051 279051 0 1290679 1569730 , -267039 665480 -720243 -44602 542532 -393568 , 976351 1798214 -1798214 0 1985423 187209 , 2345128 902368 1914439 1178857 407839 -530837 , 895265 -1016108 1764600 -649378 -365514 1161508 , 1544643 -1764600 1016108 649378 -603092 650594 , -222437 720243 -665480 44602 326675 -122948 , 953404 -1519163 1519163 0 -3276102 -1756939 , 3.5591846277446026e-10 , 30
1.8413905099336139 , 1166271 -1914439 -902368 -1178857 -2445276 -494529 , 2853214 -279051 279051 0 1290679 1569730 , 267039 -665480 720243 44602 -542532 393568 , 976351 1798214 -1798214 0 1985423 187209 , 2345128 902368 1914439 1178857 407839 -530837 , -895265 1016108 -1764600 649378 365514 -1161508 , -1544643 1764600 -1016108 -649378 603092 -650594 , 222437 -720243 665480 -44602 -326675 122948 , 953404 -1519163 1519163 0 -3276102 -1756939 , 3.5591846277446026e-10 , 31
1.8413905099336139 , 1166271 -1914439 -902368 -1178857 -2445276 -494529 , 2853214 -279051 279051 0 1290679 1569730 , -326675 -44602 542532 -720243 222437 -122948 , 976351 1798214 -1798214 0 1985423 187209 , 2345128 902368 1914439 1178857 407839 -530837 , 603092 -649378 -365514 1764600 -1544643 650594 , -1161508 365514 649378 -1764600 1016108 -895265 , 393568 -542532 44602 720243 -665480 267039 , 953404 -1519163 1519163 0 -3276102 -1756939 , 3.5591846279051103e-10 , 32
1.8413905099336139 , 1166271 -1914439 -902368 -1178857 -2445276 -494529 , 2853214 -279051 279051 0 1290679 1569730 , 326675 44602 -542532 720243 -222437 122948 , 976351 1798214 -1798214 0 1985423 187209 , 2345128 902368 1914439 1178857 407839 -530837 , -603092 649378 365514 -1764600 1544643 -650594 , 1161508 -365514 -649378 1764600 -1016108 895265 , -393568 542532 -44602 -720243 665480 -267039 , 953404 -1519163 1519163 0 -3276102 -1756939 , 3.5591846279051103e-10 , 33
1.8413905099336139 , 1166271 -1914439 -902368 -1178857 -2445276 -494529 , 976351 1798214 -1798214 0 1985423 187209 , -1764600 1016108 -895265 -603092 650594 -1544643 , 2853214 -279051 279051 0 1290679 1569730 , 2345128 902368 1914439 1178857 407839 -530837 , 720243 -665480 267039 326675 -122948 222437 , 393568 -267039 665480 -326675 -44602 542532 , -1161508 895265 -1016108 603092 -649378 -365514 , 953404 -1519163 1519163 0 -3276102 -1756939 , 3.5591846282406881e-10 , 34
1.8413905099336139 , 1166271 -1914439 -902368 -1178857 -2445276 -494529 , 976351 1798214 -1798214 0 1985423 187209 , 1764600 -1016108 895265 603092 -650594 1544643 , 2853214 -279051 279051 0 1290679 1569730 , 2345128 902368 1914439 1178857 407839 -530837 , -720243 665480 -267039 -326675 122948 -222437 , -393568 267039 -665480 326675 44602 -542532 , 1161508 -895265 1016108 -603092 649378 365514 , 953404 -1519163 1519163 0 -3276102 -1756939 , 3.5591846282406881e-10 , 35
1.9491613916000587 , 693204 -1368924 -1862590 -567049 -2739409 -539400 , 2844517 -326253 326253 0 1247572 1573825 , -860660 154323 269620 -652164 95854 -489111 , 985048 1845416 -1845416 0 2028530 183114 , 1260253 1862590 1368924 567049 1323190 -1370485 , 875049 -1060134 1602403 -675946 -93613 816367 , 1550995 -1602403 1060134 675946 -786036 966521 , -208496 -269620 -154323 652164 -758731 -58469 , 953404 -1519163 1519163 0 -3276102 -1756939 , 3.5591845458441235e-10 , 0
1.9491613916000587 , 693204 -1368924 -1862590 -567049 -2739409 -539400 , 2844517 -326253 326253 0 1247572 1573825 , 860660 -154323 -269620 652164 -95854 489111 , 985048 1845416 -1845416 0 2028530 183114 , 1260253 1862590 1368924 567049 1323190 -1370485 , -875049 1060134 -1602403 675946 93613 -816367 , -1550995 1602403 -1060134 -675946 786036 -966521 , 208496 269620 154323 -652164 758731 58469 , 953404 -1519163 1519163 0 -3276102 -1756939 , 3.5591845458441235e-10 , 1
1.9491613916000587 , 693204 -1368924 -1862590 -567049 -2739409 -539400 , 985048 1845416 -1845416 0 2028530 183114 , -786036 966521 -1550995 816367 -93613 -675946 , 2844517 -326253 326253 0 1247572 1573825 , 1260253 1862590 1368924 567049 1323190 -1370485 , -758731 -58469 208496 -489111 95854 -652164 , -269620 -208496 58469 489111 -860660 154323 , -1602403 1550995 -966521 -816367 875049 -1060134 , 953404 -1519163 1519163 0 -3276102 -1756939 , 3.5591845458733897e-10 , 2
1.9491613916000587 , 693204 -1368924 -1862590 -567049 -2739409 -539400 , 985048 1845416 -1845416 0 2028530 183114 , 786036 -966521 1550995 -816367 93613 675946 , 2844517 -326253 326253 0 1247572 1573825 , 1260253 1862590 1368924 567049 1323190 -1370485 , 758731 58469 -208496 489111 -95854 652164 , 269620 208496 -58469 -489111 860660 -154323 , 1602403 -1550995 966521 816367 -875049 1060134 , 953404 -1519163 1519163 0 -3276102 -1756939 , 3.5591845458733897e-10 , 3
1.9491613916000587 , 693204 -1368924 -1862590 -567049 -2739409 -539400 , 985048 1845416 -1845416 0 2028530 183114 , -1060134 875049 -816367 -966521 1550995 -1602403 , 2844517 -326253 326253 0 1247572 1573825 , 1260253 1862590 1368924 567049 1323190 -1370485 , 154323 -860660 489111 58469 -208496 -269620 , 95854 -489111 860660 -58469 -758731 652164 , -93613 816367 -875049 966521 -786036 675946 , 953404 -1519163 1519163 0 -3276102 -1756939 , 3.5591845458955509e-10 , 4
1.9491613916000587 , 693204 -1368924 -1862590 -567049 -2739409 -539400 , 985048 1845416 -1845416 0 2028530 183114 , 1060134 -875049 816367 966521 -1550995 1602403 , 2844517 -326253 326253 0 1247572 1573825 , 1260253 1862590 1368924 567049 1323190 -1370485 , -154323 860660 -489111 -58469 208496 269620 , -95854 489111 -860660 58469 758731 -652164 , 93613 -816367 875049 -966521 786036 -675946 , 953404 -1519163 1519163 0 -3276102 -1756939 , 3.5591845458955509e-10 , 5
1.9491613916000587 , 693204 -1368924 -1862590 -567049 -2739409 -539400 , 985048 1845416 -1845416 0 2028530 183114 , -1550995 1602403 -1060134 -675946 786036 -966521 , 2844517 -326253 326253 0 1247572 1573825 , 1260253 1862590 1368924 567049 1323190 -1370485 , 208496 269620 154323 -652164 758731 58469 , 860660 -154323 -269620 652164 -95854 489111 , -875049 1060134 -1602403 675946 93613 -816367 , 953404 -1519163 1519163 0 -3276102 -1756939 , 3.5591845459225604e-10 , 6
1.9491613916000587 , 693204 -1368924 -1862590 -567049 -2739409 -539400 , 985048 1845416 -1845416 0 2028530 183114 , 1550995 -1602403 1060134 675946 -786036 966521 , 2844517 -326253 326253 0 1247572 1573825 , 1260253 1862590 1368924 567049 1323190 -1370485 , -208496 -269620 -154323 652164 -758731 -58469 , -860660 154323 269620 -652164 95854 -489111 , 875049 -1060134 1602403 -675946 -93613 816367 , 953404 -1519163 1519163 0 -3276102 -1756939 , 3.5591845459225604e-10 , 7
1.9491613916000587 , 693204 -1368924 -1862590 -567049 -2739409 -539400 , 2844517 -326253 326253 0 1247572 1573825 , -269620 -208496 58469 489111 -860660 154323 , 985048 1845416 -1845416 0 2028530 183114 , 1260253 1862590 1368924 567049 1323190 -1370485 , -1602403 1550995 -966521 -816367 875049 -1060134 , -786036 966521 -1550995 816367 -93613 -675946 , -758731 -58469 208496 -489111 95854 -652164 , 953404 -1519163 1519163 0 -3276102 -1756939 , 3.5591845459308726e-10 , 8
1.9491613916000587 , 693204 -1368924 -1862590 -567049 -2739409 -539400 , 2844517 -326253 326253 0 1247572 1573825 , 269620 208496 -58469 -489111 860660 -154323 , 985048 1845416 -1845416 0 2028530 183114 , 1260253 1862590 1368924 567049 1323190 -1370485 , 1602403 -1550995 966521 816367 -875049 1060134 , 786036 -966521 1550995 -816367 93613 675946 , 758731 58469 -208496 489111 -95854 652164 , 953404 -1519163 1519163 0 -3276102 -1756939 , 3.5591845459308726e-10 , 9
1.9491613916000587 , 693204 -1368924 -1862590 -567049 -2739409 -539400 , 985048 1845416 -1845416 0 2028530 183114 , -675946 786036 -966521 875049 -816367 93613 , 2844517 -326253 326253 0 1247572 1573825 , 1260253 1862590 1368924 567049 1323190 -1370485 , -652164 758731 58469 -860660 489111 -95854 , 208496 -58469 -758731 860660 -154323 -269620 , -1550995 966521 -786036 -875049 1060134 -1602403 , 953404 -1519163 1519163 0 -3276102 -1756939 , 3.5591845459424738e-10 , 10
1.9491613916000587 , 693204 -1368924 -1862590 -567049 -2739409 -539400 , 985048 1845416 -1845416 0 2028530 183114 , 675946 -786036 966521 -875049 816367 -93613 , 2844517 -326253 326253 0 1247572 1573825 , 1260253 1862590 1368924 567049 1323190 -1370485 , 652164 -758731 -58469 860660 -489111 95854 , -208496 58469 758731 -860660 154323 269620 , 1550995 -966521 786036 875049 -1060134 1602403 , 953404 -1519163 1519163 0 -3276102 -1756939 , 3.5591845459424738e-10 , 11
1.9491613916000587 , 693204 -1368924 -1862590 -567049 -2739409 -539400 , 985048 1845416 -1845416 0 2028530 183114 , -966521 1550995 -1602403 93613 675946 -786036 , 2844517 -326253 326253 0 1247572 1573825 , 1260253 1862590 1368924 567049 1323190 -1370485 , 58469 -208496 -269620 -95854 652164 -758731 , 154323 269620 208496 95854 -489111 860660 , -1060134 1602403 -1550995 -93613 816367 -875049 , 953404 -1519163 1519163 0 -3276102 -1756939 , 3.5591845459435124e-10 , 12
1.9491613916000587 , 693204 -1368924 -1862590 -567049 -2739409 -539400 , 985048 1845416 -1845416 0 2028530 183114 , 966521 -1550995 1602403 -93613 -675946 786036 , 2844517 -326253 326253 0 1247572 1573825 , 1260253 1862590 1368924 567049 1323190 -1370485 , -58469 208496 269620 95854 -652164 758731 , -154323 -269620 -208496 -95854 489111 -860660 , 1060134 -1602403 1550995 93613 -816367 875049 , 953404 -1519163 1519163 0 -3276102 -1756939 , 3.5591845459435124e-10 , 13
1.9491613916000587 , 693204 -1368924 -1862590 -567049 -2739409 -539400 , 2844517 -326253 326253 0 1247572 1573825 , 758731 -652164 95854 269620 208496 -58469 , 985048 1845416 -1845416 0 2028530 183114 , 1260253 1862590 1368924 567049 1323190 -1370485 , 786036 -675946 -93613 1602403 -1550995 966521 , -816367 93613 675946 -1602403 1060134 -875049 , 489111 -95854 652164 -269620 -154323 860660 , 953404 -1519163 1519163 0 -3276102 -1756939 , 3.5591845459601398e-10 , 14
1.9491613916000587 , 693204 -1368924 -1862590 -567049 -2739409 -539400 , 2844517 -326253 326253 0 1247572 1573825 , -758731 652164 -95854 -269620 -208496 58469 , 985048 1845416 -1845416 0 2028530 183114 , 1260253 1862590 1368924 567049 1323190 -1370485 , -786036 675946 93613 -1602403 1550995 -966521 , 816367 -93613 -675946 1602403 -1060134 875049 , -489111 95854 -652164 269620 154323 -860660 , 953404 -1519163 1519163 0 -3276102 -1756939 , 3.5591845459601398e-10 , 15
1.9491613916000587 , 693204 -1368924 -1862590 -567049 -2739409 -539400 , 985048 1845416 -1845416 0 2028530 183114 , -875049 816367 -93613 -1550995 1602403 -1060134 , 2844517 -326253 326253 0 1247572 1573825 , 1260253 1862590 1368924 567049 1323190 -1370485 , 860660 -489111 95854 208496 269620 154323 , 652164 -95854 489111 -208496 58469 758731 , 675946 93613 -816367 1550995 -966521 786036 , 953404 -1519163 1519163 0 -3276102 -1756939 , 3.5591845459753847e-10 , 16
1.9491613916000587 , 693204 -1368924 -1862590 -567049 -2739409 -539400 , 985048 1845416 -1845416 0 2028530 183114 , 875049 -816367 93613 1550995 -1602403 1060134 , 2844517 -326253 326253 0 1247572 1573825 , 1260253 1862590 1368924 567049 1323190 -1370485 , -860660 489111 -95854 -208496 -269620 -154323 , -652164 95854 -489111 208496 -58469 -758731 , -675946 -93613 816367 -1550995 966521 -786036 , 953404 -1519163 1519163 0 -3276102 -1756939 , 3.5591845459753847e-10 , 17
1.9491613916000587 , 693204 -1368924 -1862590 -567049 -2739409 -539400 , 985048 1845416 -1845416 0 2028530 183114 , 816367 -93613 -675946 1602403 -1060134 875049 , 2844517 -326253 326253 0 1247572 1573825 , 1260253 1862590 1368924 567049 1323190 -1370485 , -489111 95854 -652164 269620 154323 -860660 , -758731 652164 -95854 -269620 -208496 58469 , -786036 675946 93613 -1602403 1550995 -966521 , 953404 -1519163 1519163 0 -3276102 -1756939 , 3.559184545976078e-10 , 18
1.9491613916000587 , 693204 -1368924 -1862590 -567049 -2739409 -539400 , 985048 1845416 -1845416 0 2028530 183114 , -816367 93613 675946 -1602403 1060134 -875049 , 2844517 -326253 326253 0 1247572 1573825 , 1260253 1862590 1368924 567049 1323190 -1370485 , 489111 -95854 652164 -269620 -154323 860660 , 758731 -652164 95854 269620 208496 -58469 , 786036 -675946 -93613 1602403 -1550995 966521 , 953404 -1519163 1519163 0 -3276102 -1756939 , 3.559184545976078e-10 , 19
1.9491613916000587 , 693204 -1368924 -1862590 -567049 -2739409 -539400 , 985048 1845416 -1845416 0 2028530 183114 , -1602403 1060134 -875049 -786036 966521 -1550995 , 2844517 -326253 326253 0 1247572 1573825 , 1260253 1862590 1368924 567049 1323190 -1370485 , -269620 -154323 860660 -758731 -58469 208496 , 489111 -860660 154323 758731 -652164 95854 , -816367 875049 -1060134 786036 -675946 -93613 , 953404 -1519163 1519163 0 -3276102 -1756939 , 3.559184545986974e-10 , 20
1.9491613916000587 , 693204 -1368924 -1862590 -567049 -2739409 -539400 , 985048 1845416 -1845416 0 2028530 183114 , 1602403 -1060134 875049 786036 -966521 1550995 , 2844517 -326253 326253 0 1247572 1573825 , 1260253 1862590 1368924 567049 1323190 -1370485 , 269620 154323 -860660 758731 58469 -208496 , -489111 860660 -154323 -758731 652164 -95854 , 816367 -875049 1060134 -786036 675946 93613 , 953404 -1519163 1519163 0 -3276102 -1756939 , 3.559184545986974e-10 , 21
1.9491613916000587 , 693204 -1368924 -1862590 -567049 -2739409 -539400 , 2844517 -326253 326253 0 1247572 1573825 , 154323 269620 208496 95854 -489111 860660 , 985048 1845416 -1845416 0 2028530 183114 , 1260253 1862590 1368924 567049 1323190 -1370485 , -1060134 1602403 -1550995 -93613 816367 -875049 , -966521 1550995 -1602403 93613 675946 -786036 , 58469 -208496 -269620 -95854 652164 -758731 , 953404 -1519163 1519163 0 -3276102 -1756939 , 3.5591845459902688e-10 , 22
1.9491613916000587 , 693204 -1368924 -1862590 -567049 -2739409 -539400 , 2844517 -326253 326253 0 1247572 1573825 , -154323 -269620 -208496 -95854 489111 -860660 , 985048 1845416 -1845416 0 2028530 183114 , 1260253 1862590 1368924 567049 1323190 -1370485 , 1060134 -1602403 1550995 93613 -816367 875049 , 966521 -1550995 1602403 -93613 -675946 786036 , -58469 208496 269620 95854 -652164 758731 , 953404 -1519163 1519163 0 -3276102 -1756939 , 3.5591845459902688e-10 , 23
1.9491613916000587 , 693204 -1368924 -1862590 -567049 -2739409 -539400 , 2844517 -326253 326253 0 1247572 1573825 , 58469 758731 -652164 154323 269620 208496 , 985048 1845416 -1845416 0 2028530 183114 , 1260253 1862590 1368924 567049 1323190 -1370485 , -966521 786036 -675946 -1060134 1602403 -1550995 , 93613 675946 -786036 1060134 -875049 816367 , -95854 652164 -758731 -154323 860660 -489111 , 953404 -1519163 1519163 0 -3276102 -1756939 , 3.559184545997548e-10 , 24
1.9491613916000587 , 693204 -1368924 -1862590 -567049 -2739409 -539400 , 2844517 -326253 326253 0 1247572 1573825 , -58469 -758731 652164 -154323 -269620 -208496 , 985048 1845416 -1845416 0 2028530 183114 , 1260253 1862590 1368924 567049 1323190 -1370485 , 966521 -786036 675946 1060134 -1602403 1550995 , -93613 -675946 786036 -1060134 875049 -816367 , 95854 -652164 758731 154323 -860660 489111 , 953404 -1519163 1519163 0 -3276102 -1756939 , 3.559184545997548e-10 , 25
1.9491613916000587 , 693204 -1368924 -1862590 -567049 -2739409 -539400 , 2844517 -326253 326253 0 1247572 1573825 , -652164 95854 -489111 208496 -58469 -758731 , 985048 1845416 -1845416 0 2028530 183114 , 1260253 1862590 1368924 567049 1323190 -1370485 , -675946 -93613 816367 -1550995 966521 -786036 , 875049 -816367 93613 1550995 -1602403 1060134 , -860660 489111 -95854 -208496 -269620 -154323 , 953404 -1519163 1519163 0 -3276102 -1756939 , 3.5591845460039472e-10 , 26
1.9491613916000587 , 693204 -1368924 -1862590 -567049 -2739409 -539400 , 2844517 -326253 326253 0 1247572 1573825 , 652164 -95854 489111 -208496 58469 758731 , 985048 1845416 -1845416 0 2028530 183114 , 1260253 1862590 1368924 567049 1323190 -1370485 , 675946 93613 -816367 1550995 -966521 786036 , -875049 816367 -93613 -1550995 1602403 -1060134 , 860660 -489111 95854 208496 269620 154323 , 953404 -1519163 1519163 0 -3276102 -1756939 , 3.5591845460039472e-10 , 27
1.9491613916000587 , 693204 -1368924 -1862590 -567049 -2739409 -539400 , 985048 1845416 -1845416 0 2028530 183114 , -93613 -675946 786036 -1060134 875049 -816367 , 2844517 -326253 326253 0 1247572 1573825 , 1260253 1862590 1368924 567049 1323190 -1370485 , 95854 -652164 758731 154323 -860660 489111 , -58469 -758731 652164 -154323 -269620 -208496 , 966521 -786036 675946 1060134 -1602403 1550995 , 953404 -1519163 1519163 0 -3276102 -1756939 , 3.5591845460050034e-10 , 28
1.9491613916000587 , 693204 -1368924 -1862590 -567049 -2739409 -539400 , 985048 1845416 -1845416 0 2028530 183114 , 93613 675946 -786036 1060134 -875049 816367 , 2844517 -326253 326253 0 1247572 1573825 , 1260253 1862590 1368924 567049 1323190 -1370485 , -95854 652164 -758731 -154323 860660 -489111 , 58469 758731 -652164 154323 269620 208496 , -966521 786036 -675946 -1060134 1602403 -1550995 , 953404 -1519163 1519163 0 -3276102 -1756939 , 3.5591845460050034e-10 , 29
1.9491613916000587 , 693204 -1368924 -1862590 -567049 -2739409 -539400 , 2844517 -326253 326253 0 1247572 1573825 , -208496 58469 758731 -860660 154323 269620 , 985048 1845416 -1845416 0 2028530 183114 , 1260253 1862590 1368924 567049 1323190 -1370485 , 1550995 -966521 786036 875049 -1060134 1602403 , 675946 -786036 966521 -875049 816367 -93613 , 652164 -758731 -58469 860660 -489111 95854 , 953404 -1519163 1519163 0 -3276102 -1756939 , 3.5591845460096625e-10 , 30
1.9491613916000587 , 693204 -1368924 -1862590 -567049 -2739409 -539400 , 2844517 -326253 326253 0 1247572 1573825 , 208496 -58469 -758731 860660 -154323 -269620 , 985048 1845416 -1845416 0 2028530 183114 , 1260253 1862590 1368924 567049 1323190 -1370485 , -1550995 966521 -786036 -875049 1060134 -1602403 , -675946 786036 -966521 875049 -816367 93613 , -652164 758731 58469 -860660 489111 -95854 , 953404 -1519163 1519163 0 -3276102 -1756939 , 3.5591845460096625e-10 , 31
1.9491613916000587 , 693204 -1368924 -1862590 -567049 -2739409 -539400 , 2844517 -326253 326253 0 1247572 1573825 , 489111 -860660 154323 758731 -652164 95854 , 985048 1845416 -1845416 0 2028530 183114 , 1260253 1862590 1368924 567049 1323190 -1370485 , -816367 875049 -1060134 786036 -675946 -93613 , -1602403 1060134 -875049 -786036 966521 -1550995 , -269620 -154323 860660 -758731 -58469 208496 , 953404 -1519163 1519163 0 -3276102 -1756939 , 3.5591845460158959e-10 , 32
1.9491613916000587 , 693204 -1368924 -1862590 -567049 -2739409 -539400 , 2844517 -326253 326253 0 1247572 1573825 , -489111 860660 -154323 -758731 652164 -95854 , 985048 1845416 -1845416 0 2028530 183114 , 1260253 1862590 1368924 567049 1323190 -1370485 , 816367 -875049 1060134 -786036 675946 93613 , 1602403 -1060134 875049 786036 -966521 1550995 , 269620 154323 -860660 758731 58469 -208496 , 953404 -1519163 1519163 0 -3276102 -1756939 , 3.5591845460158959e-10 , 33
1.9491613916000587 , 693204 -1368924 -1862590 -567049 -2739409 -539400 , 2844517 -326253 326253 0 1247572 1573825 , -95854 489111 -860660 58469 758731 -652164 , 985048 1845416 -1845416 0 2028530 183114 , 1260253 1862590 1368924 567049 1323190 -1370485 , 93613 -816367 875049 -966521 786036 -675946 , 1060134 -875049 816367 966521 -1550995 1602403 , -154323 860660 -489111 -58469 208496 269620 , 953404 -1519163 1519163 0 -3276102 -1756939 , 3.5591845460190076e-10 , 34
1.9491613916000587 , 693204 -1368924 -1862590 -567049 -2739409 -539400 , 2844517 -326253 326253 0 1247572 1573825 , 95854 -489111 860660 -58469 -758731 652164 , 985048 1845416 -1845416 0 2028530 183114 , 1260253 1862590 1368924 567049 1323190 -1370485 , -93613 816367 -875049 966521 -786036 675946 , -1060134 875049 -816367 -966521 1550995 -1602403 , 154323 -860660 489111 58469 -208496 -269620 , 953404 -1519163 1519163 0 -3276102 -1756939 , 3.5591845460190076e-10 , 35
2.059172020787006 , 716688 -1345830 -2141611 -138061 -3109693 -169245 , 1775941 956486 -956486 0 1724693 768207 , 725618 -998844 884671 -368880 290810 26869 , 2053624 562677 -562677 0 1551409 988732 , 854749 2141611 1345830 138061 1972366 -1763863 , 427146 -746447 829109 603862 -1417770 1095725 , -176716 -829109 746447 -603862 266616 -671323 , 1094498 -884671 998844 368880 -857802 1289654 , 953404 -1519163 1519163 0 -3276102 -1756939 , 3.5591845456844715e-10 , 0
2.059172020787006 , 716688 -1345830 -2141611 -138061 -3109693 -169245 , 1775941 956486 -956486 0 1724693 768207 , -725618 998844 -884671 368880 -290810 -26869 , 2053624 562677 -562677 0 1551409 988732 , 854749 2141611 1345830 138061 1972366 -1763863 , -427146 746447 -829109 -603862 1417770 -1095725 , 176716 829109 -746447 603862 -266616 671323 , -1094498 884671 -998844 -368880 857802 -1289654 , 953404 -1519163 1519163 0 -3276102 -1756939 , 3.5591845456844715e-10 , 1
2.059172020787006 , 716688 -1345830 -2141611 -138061 -3109693 -169245 , 1775941 956486 -956486 0 1724693 768207 , -368880 290810 26869 -1094498 1289654 -857802 , 2053624 562677 -562677 0 1551409 988732 , 854749 2141611 1345830 138061 1972366 -1763863 , 603862 -1417770 1095725 176716 -671323 266616 , 427146 -1095725 1417770 -176716 -829109 746447 , 725618 -26869 -290810 1094498 -884671 998844 , 953404 -1519163 1519163 0 -3276102 -1756939 , 3.5591845457194591e-10 , 2
2.059172020787006 , 716688 -1345830 -2141611 -138061 -3109693 -169245 , 1775941 956486 -956486 0 1724693 768207 , 368880 -290810 -26869 1094498 -1289654 857802 , 2053624 562677 -562677 0 1551409 988732 , 854749 2141611 1345830 138061 1972366 -1763863 , -603862 1417770 -1095725 -176716 671323 -266616 , -427146 1095725 -1417770 176716 829109 -746447 , -725618 26869 290810 -1094498 884671 -998844 , 953404 -1519163 1519163 0 -3276102 -1756939 , 3.5591845457194591e-10 , 3
2.059172020787006 , 716688 -1345830 -2141611 -138061 -3109693 -169245 , 1775941 956486 -956486 0 1724693 768207 , -998844 884671 -1094498 290810 26869 -725618 , 2053624 562677 -562677 0 1551409 988732 , 854749 2141611 1345830 138061 1972366 -1763863 , -746447 829109 176716 -1417770 1095725 -427146 , 671323 -176716 -829109 1417770 -603862 266616 , -1289654 1094498 -884671 -290810 368880 -857802 , 953404 -1519163 1519163 0 -3276102 -1756939 , 3.5591845457327892e-10 , 4
2.059172020787006 , 716688 -1345830 -2141611 -138061 -3109693 -169245 , 1775941 956486 -956486 0 1724693 768207 , 998844 -884671 1094498 -290810 -26869 725618 , 2053624 562677 -562677 0 1551409 988732 , 854749 2141611 1345830 138061 1972366 -1763863 , 746447 -829109 -176716 1417770 -1095725 427146 , -671323 176716 829109 -1417770 603862 -266616 , 1289654 -1094498 884671 290810 -368880 857802 , 953404 -1519163 1519163 0 -3276102 -1756939 , 3.5591845457327892e-10 , 5
2.059172020787006 , 716688 -1345830 -2141611 -138061 -3109693 -169245 , 2053624 562677 -562677 0 1551409 988732 , -829109 746447 -427146 266616 -671323 176716 , 1775941 956486 -956486 0 1724693 768207 , 854749 2141611 1345830 138061 1972366 -1763863 , -884671 998844 -725618 -857802 1289654 -1094498 , -26869 725618 -998844 857802 -368880 290810 , -1095725 427146 -746447 -266616 603862 -1417770 , 953404 -1519163 1519163 0 -3276102 -1756939 , 3.5591845457649913e-10 , 6
2.059172020787006 , 716688 -1345830 -2141611 -138061 -3109693 -169245 , 2053624 562677 -562677 0 1551409 988732 , 829109 -746447 427146 -266616 671323 -176716 , 1775941 956486 -956486 0 1724693 768207 , 854749 2141611 1345830 138061 1972366 -1763863 , 884671 -998844 725618 857802 -1289654 1094498 , 26869 -725618 998844 -857802 368880 -290810 , 1095725 -427146 746447 266616 -603862 1417770 , 953404 -1519163 1519163 0 -3276102 -1756939 , 3.5591845457649913e-10 , 7
2.059172020787006 , 716688 -1345830 -2141611 -138061 -3109693 -169245 , 1775941 956486 -956486 0 1724693 768207 , 857802 -368880 290810 884671 -1094498 1289654 , 2053624 562677 -562677 0 1551409 988732 , 854749 2141611 1345830 138061 1972366 -1763863 , -266616 603862 -1417770 829109 176716 -671323 , -1095725 1417770 -603862 -829109 746447 -427146 , -26869 -290810 368880 -884671 998844 -725618 , 953404 -1519163 1519163 0 -3276102 -1756939 , 3.559184545765683e-10 , 8
2.059172020787006 , 716688 -1345830 -2141611 -138061 -3109693 -169245 , 1775941 956486 -956486 0 1724693 768207 , -857802 368880 -290810 -884671 1094498 -1289654 , 2053624 562677 -562677 0 1551409 988732 , 854749 2141611 1345830 138061 1972366 -1763863 , 266616 -603862 1417770 -829109 -176716 671323 , 1095725 -1417770 603862 829109 -746447 427146 , 26869 290810 -368880 884671 -998844 725618 , 953404 -1519163 1519163 0 -3276102 -1756939 , 3.559184545765683e-10 , 9
2.059172020787006 , 716688 -1345830 -2141611 -138061 -3109693 -169245 , 2053624 562677 -562677 0 1551409 988732 , -746447 427146 -1095725 671323 -176716 -829109 , 1775941 956486 -956486 0 1724693 768207 , 854749 2141611 1345830 138061 1972366 -1763863 , -998844 725618 -26869 -1289654 1094498 -884671 , 290810 26869 -725618 1289654 -857802 368880 , -1417770 1095725 -427146 -671323 266616 -603862 , 953404 -1519163 1519163 0 -3276102 -1756939 , 3.5591845457677582e-10 , 10
2.059172020787006 , 716688 -1345830 -2141611 -138061 -3109693 -169245 , 2053624 562677 -562677 0 1551409 988732 , 746447 -427146 1095725 -671323 176716 829109 , 1775941 956486 -956486 0 1724693 768207 , 854749 2141611 1345830 138061 1972366 -1763863 , 998844 -725618 26869 1289654 -1094498 884671 , -290810 -26869 725618 -1289654 857802 -368880 , 1417770 -1095725 427146 671323 -266616 603862 , 953404 -1519163 1519163 0 -3276102 -1756939 , 3.5591845457677582e-10 , 11
2.059172020787006 , 716688 -1345830 -2141611 -138061 -3109693 -169245 , 2053624 562677 -562677 0 1551409 988732 , 176716 829109 -746447 603862 -266616 671323 , 1775941 956486 -956486 0 1724693 768207 , 854749 2141611 1345830 138061 1972366 -1763863 , -1094498 884671 -998844 -368880 857802 -1289654 , -725618 998844 -884671 368880 -290810 -26869 , -427146 746447 -829109 -603862 1417770 -1095725 , 953404 -1519163 1519163 0 -3276102 -1756939 , 3.5591845457686262e-10 , 12
2.059172020787006 , 716688 -1345830 -2141611 -138061 -3109693 -169245 , 2053624 562677 -562677 0 1551409 988732 , -176716 -829109 746447 -603862 266616 -671323 , 1775941 956486 -956486 0 1724693 768207 , 854749 2141611 1345830 138061 1972366 -1763863 , 1094498 -884671 998844 368880 -857802 1289654 , 725618 -998844 884671 -368880 290810 26869 , 427146 -746447 829109 603862 -1417770 1095725 , 953404 -1519163 1519163 0 -3276102 -1756939 , 3.5591845457686262e-10 , 13
2.059172020787006 , 716688 -1345830 -2141611 -138061 -3109693 -169245 , 1775941 956486 -956486 0 1724693 768207 , -1094498 1289654 -857802 -725618 998844 -884671 , 2053624 562677 -562677 0 1551409 988732 , 854749 2141611 1345830 138061 1972366 -1763863 , 176716 -671323 266616 -427146 746447 -829109 , 603862 -266616 671323 427146 -1095725 1417770 , -368880 857802 -1289654 725618 -26869 -290810 , 953404 -1519163 1519163 0 -3276102 -1756939 , 3.559184545768633e-10 , 14
2.059172020787006 , 716688 -1345830 -2141611 -138061 -3109693 -169245 , 1775941 956486 -956486 0 1724693 768207 , 1094498 -1289654 857802 725618 -998844 884671 , 2053624 562677 -562677 0 1551409 988732 , 854749 2141611 1345830 138061 1972366 -1763863 , -176716 671323 -266616 427146 -746447 829109 , -603862 266616 -671323 -427146 1095725 -1417770 , 368880 -857802 1289654 -725618 26869 290810 , 953404 -1519163 1519163 0 -3276102 -1756939 , 3.559184545768633e-10 , 15
2.059172020787006 , 716688 -1345830 -2141611 -138061 -3109693 -169245 , 2053624 562677 -562677 0 1551409 988732 , -603862 266616 -671323 -427146 1095725 -1417770 , 1775941 956486 -956486 0 1724693 768207 , 854749 2141611 1345830 138061 1972366 -1763863 , 368880 -857802 1289654 -725618 26869 290810 , 1094498 -1289654 857802 725618 -998844 884671 , -176716 671323 -266616 427146 -746447 829109 , 953404 -1519163 1519163 0 -3276102 -1756939 , 3.5591845457694886e-10 , 16
2.059172020787006 , 716688 -1345830 -2141611 -138061 -3109693 -169245 , 2053624 562677 -562677 0 1551409 988732 , 603862 -266616 671323 427146 -1095725 1417770 , 1775941 956486 -956486 0 1724693 768207 , 854749 2141611 1345830 138061 1972366 -1763863 , -368880 857802 -1289654 725618 -26869 -290810 , -1094498 1289654 -857802 -725618 998844 -884671 , 176716 -671323 266616 -427146 746447 -829109 , 953404 -1519163 1519163 0 -3276102 -1756939 , 3.5591845457694886e-10 , 17
2.059172020787006 , 716688 -1345830 -2141611 -138061 -3109693 -169245 , 2053624 562677 -562677 0 1551409 988732 , -427146 1095725 -1417770 176716 829109 -746447 , 1775941 956486 -956486 0 1724693 768207 , 854749 2141611 1345830 138061 1972366 -1763863 , -725618 26869 290810 -1094498 884671 -998844 , 368880 -290810 -26869 1094498 -1289654 857802 , -603862 1417770 -1095725 -176716 671323 -266616 , 953404 -1519163 1519163 0 -3276102 -1756939 , 3.5591845457719122e-10 , 18
2.059172020787006 , 716688 -1345830 -2141611 -138061 -3109693 -169245 , 2053624 562677 -562677 0 1551409 988732 , 427146 -1095725 1417770 -176716 -829109 746447 , 1775941 956486 -956486 0 1724693 768207 , 854749 2141611 1345830 138061 1972366 -1763863 , 725618 -26869 -290810 1094498 -884671 998844 , -368880 290810 26869 -1094498 1289654 -857802 , 603862 -1417770 1095725 176716 -671323 266616 , 953404 -1519163 1519163 0 -3276102 -1756939 , 3.5591845457719122e-10 , 19
2.059172020787006 , 716688 -1345830 -2141611 -138061 -3109693 -169245 , 1775941 956486 -956486 0 1724693 768207 , -26869 725618 -998844 857802 -368880 290810 , 2053624 562677 -562677 0 1551409 988732 , 854749 2141611 1345830 138061 1972366 -1763863 , -1095725 427146 -746447 -266616 603862 -1417770 , -829109 746447 -427146 266616 -671323 176716 , -884671 998844 -725618 -857802 1289654 -1094498 , 953404 -1519163 1519163 0 -3276102 -1756939 , 3.5591845458056819e-10 , 20
2.059172020787006 , 716688 -1345830 -2141611 -138061 -3109693 -169245 , 1775941 956486 -956486 0 1724693 768207 , 26869 -725618 998844 -857802 368880 -290810 , 2053624 562677 -562677 0 1551409 988732 , 854749 2141611 1345830 138061 1972366 -1763863 , 1095725 -427146 746447 266616 -603862 1417770 , 829109 -746447 427146 -266616 671323 -176716 , 884671 -998844 725618 857802 -1289654 1094498 , 953404 -1519163 1519163 0 -3276102 -1756939 , 3.5591845458056819e-10 , 21
2.059172020787006 , 716688 -1345830 -2141611 -138061 -3109693 -169245 , 2053624 562677 -562677 0 1551409 988732 , -1417770 603862 -266616 -746447 427146 -1095725 , 1775941 956486 -956486 0 1724693 768207 , 854749 2141611 1345830 138061 1972366 -1763863 , 290810 -368880 857802 -998844 725618 -26869 , 1289654 -857802 368880 998844 -884671 1094498 , -671323 266616 -603862 746447 -829109 -176716 , 953404 -1519163 1519163 0 -3276102 -1756939 , 3.5591845458070643e-10 , 22
2.059172020787006 , 716688 -1345830 -2141611 -138061 -3109693 -169245 , 2053624 562677 -562677 0 1551409 988732 , 1417770 -603862 266616 746447 -427146 1095725 , 1775941 956486 -956486 0 1724693 768207 , 854749 2141611 1345830 138061 1972366 -1763863 , -290810 368880 -857802 998844 -725618 26869 , -1289654 857802 -368880 -998844 884671 -1094498 , 671323 -266616 603862 -746447 829109 176716 , 953404 -1519163 1519163 0 -3276102 -1756939 , 3.5591845458070643e-10 , 23
2.059172020787006 , 716688 -1345830 -2141611 -138061 -3109693 -169245 , 2053624 562677 -562677 0 1551409 988732 , -671323 176716 829109 -1417770 603862 -266616 , 1775941 956486 -956486 0 1724693 768207 , 854749 2141611 1345830 138061 1972366 -1763863 , 1289654 -1094498 884671 290810 -368880 857802 , 998844 -884671 1094498 -290810 -26869 725618 , 746447 -829109 -176716 1417770 -1095725 427146 , 953404 -1519163 1519163 0 -3276102 -1756939 , 3.5591845458228283e-10 , 24
2.059172020787006 , 716688 -1345830 -2141611 -138061 -3109693 -169245 , 2053624 562677 -562677 0 1551409 988732 , 671323 -176716 -829109 1417770 -603862 266616 , 1775941 956486 -956486 0 1724693 768207 , 854749 2141611 1345830 138061 1972366 -1763863 , -1289654 1094498 -884671 -290810 368880 -857802 , -998844 884671 -1094498 290810 26869 -725618 , -746447 829109 176716 -1417770 1095725 -427146 , 953404 -1519163 1519163 0 -3276102 -1756939 , 3.5591845458228283e-10 , 25
2.059172020787006 , 716688 -1345830 -2141611 -138061 -3109693 -169245 , 1775941 956486 -956486 0 1724693 768207 , -884671 1094498 -1289654 -26869 725618 -998844 , 2053624 562677 -562677 0 1551409 988732 , 854749 2141611 1345830 138061 1972366 -1763863 , -829109 -176716 671323 -1095725 427146 -746447 , 266616 -671323 176716 1095725 -1417770 603862 , -857802 1289654 -1094498 26869 290810 -368880 , 953404 -1519163 1519163 0 -3276102 -1756939 , 3.5591845458271529e-10 , 26
2.059172020787006 , 716688 -1345830 -2141611 -138061 -3109693 -169245 , 1775941 956486 -956486 0 1724693 768207 , 884671 -1094498 1289654 26869 -725618 998844 , 2053624 562677 -562677 0 1551409 988732 , 854749 2141611 1345830 138061 1972366 -1763863 , 829109 176716 -671323 1095725 -427146 746447 , -266616 671323 -176716 -1095725 1417770 -603862 , 857802 -1289654 1094498 -26869 -290810 368880 , 953404 -1519163 1519163 0 -3276102 -1756939 , 3.5591845458271529e-10 , 27
2.059172020787006 , 716688 -1345830 -2141611 -138061 -3109693 -169245 , 1775941 956486 -956486 0 1724693 768207 , -290810 -26869 725618 -1289654 857802 -368880 , 2053624 562677 -562677 0 1551409 988732 , 854749 2141611 1345830 138061 1972366 -1763863 , 1417770 -1095725 427146 671323 -266616 603862 , 746447 -427146 1095725 -671323 176716 829109 , 998844 -725618 26869 1289654 -1094498 884671 , 953404 -1519163 1519163 0 -3276102 -1756939 , 3.5591845458318352e-10 , 28
2.059172020787006 , 716688 -1345830 -2141611 -138061 -3109693 -169245 , 1775941 956486 -956486 0 1724693 768207 , 290810 26869 -725618 1289654 -857802 368880 , 2053624 562677 -562677 0 1551409 988732 , 854749 2141611 1345830 138061 1972366 -1763863 , -1417770 1095725 -427146 -671323 266616 -603862 , -746447 427146 -1095725 671323 -176716 -829109 , -998844 725618 -26869 -1289654 1094498 -884671 , 953404 -1519163 1519163 0 -3276102 -1756939 , 3.5591845458318352e-10 , 29
2.059172020787006 , 716688 -1345830 -2141611 -138061 -3109693 -169245 , 2053624 562677 -562677 0 1551409 988732 , 1095725 -1417770 603862 829109 -746447 427146 , 1775941 956486 -956486 0 1724693 768207 , 854749 2141611 1345830 138061 1972366 -1763863 , 26869 290810 -368880 884671 -998844 725618 , -857802 368880 -290810 -884671 1094498 -1289654 , 266616 -603862 1417770 -829109 -176716 671323 , 953404 -1519163 1519163 0 -3276102 -1756939 , 3.5591845458342537e-10 , 30
2.059172020787006 , 716688 -1345830 -2141611 -138061 -3109693 -169245 , 2053624 562677 -562677 0 1551409 988732 , -1095725 1417770 -603862 -829109 746447 -427146 , 1775941 956486 -956486 0 1724693 768207 , 854749 2141611 1345830 138061 1972366 -1763863 , -26869 -290810 368880 -884671 998844 -725618 , 857802 -368880 290810 884671 -1094498 1289654 , -266616 603862 -1417770 829109 176716 -671323 , 953404 -1519163 1519163 0 -3276102 -1756939 , 3.5591845458342537e-10 , 31
2.059172020787006 , 716688 -1345830 -2141611 -138061 -3109693 -169245 , 1775941 956486 -956486 0 1724693 768207 , -1289654 857802 -368880 -998844 884671 -1094498 , 2053624 562677 -562677 0 1551409 988732 , 854749 2141611 1345830 138061 1972366 -1763863 , 671323 -266616 603862 -746447 829109 176716 , 1417770 -603862 266616 746447 -427146 1095725 , -290810 368880 -857802 998844 -725618 26869 , 953404 -1519163 1519163 0 -3276102 -1756939 , 3.559184545841003e-10 , 32
2.059172020787006 , 716688 -1345830 -2141611 -138061 -3109693 -169245 , 1775941 956486 -956486 0 1724693 768207 , 1289654 -857802 368880 998844 -884671 1094498 , 2053624 562677 -562677 0 1551409 988732 , 854749 2141611 1345830 138061 1972366 -1763863 , -671323 266616 -603862 746447 -829109 -176716 , -1417770 603862 -266616 -746447 427146 -1095725 , 290810 -368880 857802 -998844 725618 -26869 , 953404 -1519163 1519163 0 -3276102 -1756939 , 3.559184545841003e-10 , 33
2.059172020787006 , 716688 -1345830 -2141611 -138061 -3109693 -169245 , 2053624 562677 -562677 0 1551409 988732 , 266616 -671323 176716 1095725 -1417770 603862 , 1775941 956486 -956486 0 1724693 768207 , 854749 2141611 1345830 138061 1972366 -1763863 , -857802 1289654 -1094498 26869 290810 -368880 , -884671 1094498 -1289654 -26869 725618 -998844 , -829109 -176716 671323 -1095725 427146 -746447 , 953404 -1519163 1519163 0 -3276102 -1756939 , 3.5591845458427447e-10 , 34
2.059172020787006 , 716688 -1345830 -2141611 -138061 -3109693 -169245 , 2053624 562677 -562677 0 1551409 988732 , -266616 671323 -176716 -1095725 1417770 -603862 , 1775941 956486 -956486 0 1724693 768207 , 854749 2141611 1345830 138061 1972366 -1763863 , 857802 -1289654 1094498 -26869 -290810 368880 , 884671 -1094498 1289654 26869 -725618 998844 , 829109 176716 -671323 1095725 -427146 746447 , 953404 -1519163 1519163 0 -3276102 -1756939 , 3.5591845458427447e-10 , 35
2.1672718473600385 , -519042 -514967 -2647850 -1231766 -1917696 -1271046 , 920389 1867493 -1867493 0 2012123 144630 , -1782875 1076247 -934909 -583911 632896 -1514899 , 2909176 -348330 348330 0 1263979 1612309 , 712724 2647850 514967 1231766 1376804 -1402729 , -174854 321720 -493997 -199809 707464 -616242 , 24955 493997 -321720 199809 -122245 385744 , -1198964 934909 -1076247 583911 -579990 -443351 , 953404 -1519163 1519163 0 -3276102 -1756939 , 3.5591845460804775e-10 , 0
2.1672718473600385 , -519042 -514967 -2647850 -1231766 -1917696 -1271046 , 920389 1867493 -1867493 0 2012123 144630 , 1782875 -1076247 934909 583911 -632896 1514899 , 2909176 -348330 348330 0 1263979 1612309 , 712724 2647850 514967 1231766 1376804 -1402729 , 174854 -321720 493997 199809 -707464 616242 , -24955 -493997 321720 -199809 122245 -385744 , 1198964 -934909 1076247 -583911 579990 443351 , 953404 -1519163 1519163 0 -3276102 -1756939 , 3.5591845460804775e-10 , 1
2.1672718473600385 , -519042 -514967 -2647850 -1231766 -1917696 -1271046 , 2909176 -348330 348330 0 1263979 1612309 , -385744 24955 493997 -707464 199809 -122245 , 920389 1867493 -1867493 0 2012123 144630 , 712724 2647850 514967 1231766 1376804 -1402729 , 443351 -1198964 934909 -632896 583911 -579990 , 1076247 -934909 1198964 632896 -1514899 1782875 , 321720 -493997 -24955 707464 -616242 174854 , 953404 -1519163 1519163 0 -3276102 -1756939 , 3.5591845460988352e-10 , 2
2.1672718473600385 , -519042 -514967 -2647850 -1231766 -1917696 -1271046 , 2909176 -348330 348330 0 1263979 1612309 , 385744 -24955 -493997 707464 -199809 122245 , 920389 1867493 -1867493 0 2012123 144630 , 712724 2647850 514967 1231766 1376804 -1402729 , -443351 1198964 -934909 632896 -583911 579990 , -1076247 934909 -1198964 -632896 1514899 -1782875 , -321720 493997 24955 -707464 616242 -174854 , 953404 -1519163 1519163 0 -3276102 -1756939 , 3.5591845460988352e-10 , 3
2.1672718473600385 , -519042 -514967 -2647850 -1231766 -1917696 -1271046 , 920389 1867493 -1867493 0 2012123 144630 , 1198964 -443351 -579990 1782875 -1076247 934909 , 2909176 -348330 348330 0 1263979 1612309 , 712724 2647850 514967 1231766 1376804 -1402729 , -24955 385744 -122245 174854 -321720 493997 , -199809 122245 -385744 -174854 616242 -707464 , -583911 579990 443351 -1782875 1514899 -632896 , 953404 -1519163 1519163 0 -3276102 -1756939 , 3.5591845460996122e-10 , 4
2.1672718473600385 , -519042 -514967 -2647850 -1231766 -1917696 -1271046 , 920389 1867493 -1867493 0 2012123 144630 , -1198964 443351 579990 -1782875 1076247 -934909 , 2909176 -348330 348330 0 1263979 1612309 , 712724 2647850 514967 1231766 1376804 -1402729 , 24955 -385744 122245 -174854 321720 -493997 , 199809 -122245 385744 174854 -616242 707464 , 583911 -579990 -443351 1782875 -1514899 632896 , 953404 -1519163 1519163 0 -3276102 -1756939 , 3.5591845460996122e-10 , 5
2.1672718473600385 , -519042 -514967 -2647850 -1231766 -1917696 -1271046 , 2909176 -348330 348330 0 1263979 1612309 , -707464 199809 -122245 -321720 174854 -616242 , 920389 1867493 -1867493 0 2012123 144630 , 712724 2647850 514967 1231766 1376804 -1402729 , -632896 583911 -579990 -1076247 1782875 -1514899 , 443351 579990 -583911 1076247 -934909 1198964 , -385744 122245 -199809 321720 -493997 -24955 , 953404 -1519163 1519163 0 -3276102 -1756939 , 3.5591845461034302e-10 , 6
2.1672718473600385 , -519042 -514967 -2647850 -1231766 -1917696 -1271046 , 2909176 -348330 348330 0 1263979 1612309 , 707464 -199809 122245 321720 -174854 616242 , 920389 1867493 -1867493 0 2012123 144630 , 712724 2647850 514967 1231766 1376804 -1402729 , 632896 -583911 579990 1076247 -1782875 1514899 , -443351 -579990 583911 -1076247 934909 -1198964 , 385744 -122245 199809 -321720 493997 24955 , 953404 -1519163 1519163 0 -3276102 -1756939 , 3.5591845461034302e-10 , 7
2.1672718473600385 , -519042 -514967 -2647850 -1231766 -1917696 -1271046 , 2909176 -348330 348330 0 1263979 1612309 , -174854 616242 -707464 24955 493997 -321720 , 920389 1867493 -1867493 0 2012123 144630 , 712724 2647850 514967 1231766 1376804 -1402729 , -1782875 1514899 -632896 -1198964 934909 -1076247 , -583911 632896 -1514899 1198964 -443351 -579990 , -199809 707464 -616242 -24955 385744 -122245 , 953404 -1519163 1519163 0 -3276102 -1756939 , 3.5591845461040278e-10 , 8
2.1672718473600385 , -519042 -514967 -2647850 -1231766 -1917696 -1271046 , 2909176 -348330 348330 0 1263979 1612309 , 174854 -616242 707464 -24955 -493997 321720 , 920389 1867493 -1867493 0 2012123 144630 , 712724 2647850 514967 1231766 1376804 -1402729 , 1782875 -1514899 632896 1198964 -934909 1076247 , 583911 -632896 1514899 -1198964 443351 579990 , 199809 -707464 616242 24955 -385744 122245 , 953404 -1519163 1519163 0 -3276102 -1756939 , 3.5591845461040278e-10 , 9
2.1672718473600385 , -519042 -514967 -2647850 -1231766 -1917696 -1271046 , 920389 1867493 -1867493 0 2012123 144630 , -443351 -579990 583911 -1076247 934909 -1198964 , 2909176 -348330 348330 0 1263979 1612309 , 712724 2647850 514967 1231766 1376804 -1402729 , 385744 -122245 199809 -321720 493997 24955 , 707464 -199809 122245 321720 -174854 616242 , 632896 -583911 579990 1076247 -1782875 1514899 , 953404 -1519163 1519163 0 -3276102 -1756939 , 3.5591845461040309e-10 , 10
2.1672718473600385 , -519042 -514967 -2647850 -1231766 -1917696 -1271046 , 920389 1867493 -1867493 0 2012123 144630 , 443351 579990 -583911 1076247 -934909 1198964 , 2909176 -348330 348330 0 1263979 1612309 , 712724 2647850 514967 1231766 1376804 -1402729 , -385744 122245 -199809 321720 -493997 -24955 , -707464 199809 -122245 -321720 174854 -616242 , -632896 583911 -579990 -1076247 1782875 -1514899 , 953404 -1519163 1519163 0 -3276102 -1756939 , 3.5591845461040309e-10 , 11
2.1672718473600385 , -519042 -514967 -2647850 -1231766 -1917696 -1271046 , 2909176 -348330 348330 0 1263979 1612309 , 616242 -707464 199809 493997 -321720 174854 , 920389 1867493 -1867493 0 2012123 144630 , 712724 2647850 514967 1231766 1376804 -1402729 , 1514899 -632896 583911 934909 -1076247 1782875 , 579990 -583911 632896 -934909 1198964 -443351 , 122245 -199809 707464 -493997 -24955 385744 , 953404 -1519163 1519163 0 -3276102 -1756939 , 3.5591845461041147e-10 , 12
2.1672718473600385 , -519042 -514967 -2647850 -1231766 -1917696 -1271046 , 2909176 -348330 348330 0 1263979 1612309 , -616242 707464 -199809 -493997 321720 -174854 , 920389 1867493 -1867493 0 2012123 144630 , 712724 2647850 514967 1231766 1376804 -1402729 , -1514899 632896 -583911 -934909 1076247 -1782875 , -579990 583911 -632896 934909 -1198964 443351 , -122245 199809 -707464 493997 24955 -385744 , 953404 -1519163 1519163 0 -3276102 -1756939 , 3.5591845461041147e-10 , 13
2.1672718473600385 , -519042 -514967 -2647850 -1231766 -1917696 -1271046 , 920389 1867493 -1867493 0 2012123 144630 , 632896 -1514899 1782875 -443351 -579990 583911 , 2909176 -348330 348330 0 1263979 1612309 , 712724 2647850 514967 1231766 1376804 -1402729 , 707464 -616242 174854 385744 -122245 199809 , 321720 -174854 616242 -385744 24955 493997 , 1076247 -1782875 1514899 443351 -1198964 934909 , 953404 -1519163 1519163 0 -3276102 -1756939 , 3.5591845461184911e-10 , 14
2.1672718473600385 , -519042 -514967 -2647850 -1231766 -1917696 -1271046 , 920389 1867493 -1867493 0 2012123 144630 , -632896 1514899 -1782875 443351 579990 -583911 , 2909176 -348330 348330 0 1263979 1612309 , 712724 2647850 514967 1231766 1376804 -1402729 , -707464 616242 -174854 -385744 122245 -199809 , -321720 174854 -616242 385744 -24955 -493997 , -1076247 1782875 -1514899 -443351 1198964 -934909 , 953404 -1519163 1519163 0 -3276102 -1756939 , 3.5591845461184911e-10 , 15
2.1672718473600385 , -519042 -514967 -2647850 -1231766 -1917696 -1271046 , 2909176 -348330 348330 0 1263979 1612309 , 24955 493997 -321720 199809 -122245 385744 , 920389 1867493 -1867493 0 2012123 144630 , 712724 2647850 514967 1231766 1376804 -1402729 , -1198964 934909 -1076247 583911 -579990 -443351 , -1782875 1076247 -934909 -583911 632896 -1514899 , -174854 321720 -493997 -199809 707464 -616242 , 953404 -1519163 1519163 0 -3276102 -1756939 , 3.5591845461233373e-10 , 16
2.1672718473600385 , -519042 -514967 -2647850 -1231766 -1917696 -1271046 , 2909176 -348330 348330 0 1263979 1612309 , -24955 -493997 321720 -199809 122245 -385744 , 920389 1867493 -1867493 0 2012123 144630 , 712724 2647850 514967 1231766 1376804 -1402729 , 1198964 -934909 1076247 -583911 579990 443351 , 1782875 -1076247 934909 583911 -632896 1514899 , 174854 -321720 493997 199809 -707464 616242 , 953404 -1519163 1519163 0 -3276102 -1756939 , 3.5591845461233373e-10 , 17
2.1672718473600385 , -519042 -514967 -2647850 -1231766 -1917696 -1271046 , 2909176 -348330 348330 0 1263979 1612309 , 122245 -385744 24955 616242 -707464 199809 , 920389 1867493 -1867493 0 2012123 144630 , 712724 2647850 514967 1231766 1376804 -1402729 , 579990 443351 -1198964 1514899 -632896 583911 , -934909 1198964 -443351 -1514899 1782875 -1076247 , -493997 -24955 385744 -616242 174854 -321720 , 953404 -1519163 1519163 0 -3276102 -1756939 , 3.5591845461441998e-10 , 18
2.1672718473600385 , -519042 -514967 -2647850 -1231766 -1917696 -1271046 , 2909176 -348330 348330 0 1263979 1612309 , -122245 385744 -24955 -616242 707464 -199809 , 920389 1867493 -1867493 0 2012123 144630 , 712724 2647850 514967 1231766 1376804 -1402729 , -579990 -443351 1198964 -1514899 632896 -583911 , 934909 -1198964 443351 1514899 -1782875 1076247 , 493997 24955 -385744 616242 -174854 321720 , 953404 -1519163 1519163 0 -3276102 -1756939 , 3.5591845461441998e-10 , 19
2.1672718473600385 , -519042 -514967 -2647850 -1231766 -1917696 -1271046 , 920389 1867493 -1867493 0 2012123 144630 , -1076247 934909 -1198964 -632896 1514899 -1782875 , 2909176 -348330 348330 0 1263979 1612309 , 712724 2647850 514967 1231766 1376804 -1402729 , -321720 493997 24955 -707464 616242 -174854 , 385744 -24955 -493997 707464 -199809 122245 , -443351 1198964 -934909 632896 -583911 579990 , 953404 -1519163 1519163 0 -3276102 -1756939 , 3.5591845461448988e-10 , 20
2.1672718473600385 , -519042 -514967 -2647850 -1231766 -1917696 -1271046 , 920389 1867493 -1867493 0 2012123 144630 , 1076247 -934909 1198964 632896 -1514899 1782875 , 2909176 -348330 348330 0 1263979 1612309 , 712724 2647850 514967 1231766 1376804 -1402729 , 321720 -493997 -24955 707464 -616242 174854 , -385744 24955 493997 -707464 199809 -122245 , 443351 -1198964 934909 -632896 583911 -579990 , 953404 -1519163 1519163 0 -3276102 -1756939 , 3.5591845461448988e-10 , 21
2.1672718473600385 , -519042 -514967 -2647850 -1231766 -1917696 -1271046 , 920389 1867493 -1867493 0 2012123 144630 , -1514899 1782875 -1076247 -579990 583911 -632896 , 2909176 -348330 348330 0 1263979 1612309 , 712724 2647850 514967 1231766 1376804 -1402729 , -616242 174854 -321720 -122245 199809 -707464 , -493997 321720 -174854 122245 -385744 24955 , -934909 1076247 -1782875 579990 443351 -1198964 , 953404 -1519163 1519163 0 -3276102 -1756939 , 3.5591845461590064e-10 , 22
2.1672718473600385 , -519042 -514967 -2647850 -1231766 -1917696 -1271046 , 920389 1867493 -1867493 0 2012123 144630 , 1514899 -1782875 1076247 579990 -583911 632896 , 2909176 -348330 348330 0 1263979 1612309 , 712724 2647850 514967 1231766 1376804 -1402729 , 616242 -174854 321720 122245 -199809 707464 , 493997 -321720 174854 -122245 385744 -24955 , 934909 -1076247 1782875 -579990 -443351 1198964 , 953404 -1519163 1519163 0 -3276102 -1756939 , 3.5591845461590064e-10 , 23
2.1672718473600385 , -519042 -514967 -2647850 -1231766 -1917696 -1271046 , 2909176 -348330 348330 0 1263979 1612309 , 199809 -122245 385744 174854 -616242 707464 , 920389 1867493 -1867493 0 2012123 144630 , 712724 2647850 514967 1231766 1376804 -1402729 , 583911 -579990 -443351 1782875 -1514899 632896 , -1198964 443351 579990 -1782875 1076247 -934909 , 24955 -385744 122245 -174854 321720 -493997 , 953404 -1519163 1519163 0 -3276102 -1756939 , 3.5591845461783107e-10 , 24
2.1672718473600385 , -519042 -514967 -2647850 -1231766 -1917696 -1271046 , 2909176 -348330 348330 0 1263979 1612309 , -199809 122245 -385744 -174854 616242 -707464 , 920389 1867493 -1867493 0 2012123 144630 , 712724 2647850 514967 1231766 1376804 -1402729 , -583911 579990 443351 -1782875 1514899 -632896 , 1198964 -443351 -579990 1782875 -1076247 934909 , -24955 385744 -122245 174854 -321720 493997 , 953404 -1519163 1519163 0 -3276102 -1756939 , 3.5591845461783107e-10 , 25
2.1672718473600385 , -519042 -514967 -2647850 -1231766 -1917696 -1271046 , 920389 1867493 -1867493 0 2012123 144630 , -934909 1198964 -443351 -1514899 1782875 -1076247 , 2909176 -348330 348330 0 1263979 1612309 , 712724 2647850 514967 1231766 1376804 -1402729 , -493997 -24955 385744 -616242 174854 -321720 , 122245 -385744 24955 616242 -707464 199809 , 579990 443351 -1198964 1514899 -632896 583911 , 953404 -1519163 1519163 0 -3276102 -1756939 , 3.5591845461796109e-10 , 26
2.1672718473600385 , -519042 -514967 -2647850 -1231766 -1917696 -1271046 , 920389 1867493 -1867493 0 2012123 144630 , 934909 -1198964 443351 1514899 -1782875 1076247 , 2909176 -348330 348330 0 1263979 1612309 , 712724 2647850 514967 1231766 1376804 -1402729 , 493997 24955 -385744 616242 -174854 321720 , -122245 385744 -24955 -616242 707464 -199809 , -579990 -443351 1198964 -1514899 632896 -583911 , 953404 -1519163 1519163 0 -3276102 -1756939 , 3.5591845461796109e-10 , 27
2.1672718473600385 , -519042 -514967 -2647850 -1231766 -1917696 -1271046 , 2909176 -348330 348330 0 1263979 1612309 , -321720 174854 -616242 385744 -24955 -493997 , 920389 1867493 -1867493 0 2012123 144630 , 712724 2647850 514967 1231766 1376804 -1402729 , -1076247 1782875 -1514899 -443351 1198964 -934909 , -632896 1514899 -1782875 443351 579990 -583911 , -707464 616242 -174854 -385744 122245 -199809 , 953404 -1519163 1519163 0 -3276102 -1756939 , 3.5591845461802256e-10 , 28
2.1672718473600385 , -519042 -514967 -2647850 -1231766 -1917696 -1271046 , 2909176 -348330 348330 0 1263979 1612309 , 321720 -174854 616242 -385744 24955 493997 , 920389 1867493 -1867493 0 2012123 144630 , 712724 2647850 514967 1231766 1376804 -1402729 , 1076247 -1782875 1514899 443351 -1198964 934909 , 632896 -1514899 1782875 -443351 -579990 583911 , 707464 -616242 174854 385744 -122245 199809 , 953404 -1519163 1519163 0 -3276102 -1756939 , 3.5591845461802256e-10 , 29
2.1672718473600385 , -519042 -514967 -2647850 -1231766 -1917696 -1271046 , 920389 1867493 -1867493 0 2012123 144630 , -583911 632896 -1514899 1198964 -443351 -579990 , 2909176 -348330 348330 0 1263979 1612309 , 712724 2647850 514967 1231766 1376804 -1402729 , -199809 707464 -616242 -24955 385744 -122245 , -174854 616242 -707464 24955 493997 -321720 , -1782875 1514899 -632896 -1198964 934909 -1076247 , 953404 -1519163 1519163 0 -3276102 -1756939 , 3.5591845462184067e-10 , 30
2.1672718473600385 , -519042 -514967 -2647850 -1231766 -1917696 -1271046 , 920389 1867493 -1867493 0 2012123 144630 , 583911 -632896 1514899 -1198964 443351 579990 , 2909176 -348330 348330 0 1263979 1612309 , 712724 2647850 514967 1231766 1376804 -1402729 , 199809 -707464 616242 24955 -385744 122245 , 174854 -616242 707464 -24955 -493997 321720 , 1782875 -1514899 632896 1198964 -934909 1076247 , 953404 -1519163 1519163 0 -3276102 -1756939 , 3.5591845462184067e-10 , 31
2.1672718473600385 , -519042 -514967 -2647850 -1231766 -1917696 -1271046 , 920389 1867493 -1867493 0 2012123 144630 , -579990 583911 -632896 934909 -1198964 443351 , 2909176 -348330 348330 0 1263979 1612309 , 712724 2647850 514967 1231766 1376804 -1402729 , -122245 199809 -707464 493997 24955 -385744 , -616242 707464 -199809 -493997 321720 -174854 , -1514899 632896 -583911 -934909 1076247 -1782875 , 953404 -1519163 1519163 0 -3276102 -1756939 , 3.5591845462329439e-10 , 32
2.1672718473600385 , -519042 -514967 -2647850 -1231766 -1917696 -1271046 , 920389 1867493 -1867493 0 2012123 144630 , 579990 -583911 632896 -934909 1198964 -443351 , 2909176 -348330 348330 0 1263979 1612309 , 712724 2647850 514967 1231766 1376804 -1402729 , 122245 -199809 707464 -493997 -24955 385744 , 616242 -707464 199809 493997 -321720 174854 , 1514899 -632896 583911 934909 -1076247 1782875 , 953404 -1519163 1519163 0 -3276102 -1756939 , 3.5591845462329439e-10 , 33
2.1672718473600385 , -519042 -514967 -2647850 -1231766 -1917696 -1271046 , 2909176 -348330 348330 0 1263979 1612309 , 493997 -321720 174854 -122245 385744 -24955 , 920389 1867493 -1867493 0 2012123 144630 , 712724 2647850 514967 1231766 1376804 -1402729 , 934909 -1076247 1782875 -579990 -443351 1198964 , 1514899 -1782875 1076247 579990 -583911 632896 , 616242 -174854 321720 122245 -199809 707464 , 953404 -1519163 1519163 0 -3276102 -1756939 , 3.5591845462661893e-10 , 34
2.1672718473600385 , -519042 -514967 -2647850 -1231766 -1917696 -1271046 , 2909176 -348330 348330 0 1263979 1612309 , -493997 321720 -174854 122245 -385744 24955 , 920389 1867493 -1867493 0 2012123 144630 , 712724 2647850 514967 1231766 1376804 -1402729 , -934909 1076247 -1782875 579990 443351 -1198964 , -1514899 1782875 -1076247 -579990 583911 -632896 , -616242 174854 -321720 -122245 199809 -707464 , 953404 -1519163 1519163 0 -3276102 -1756939 , 3.5591845462661893e-10 , 35
2.2746353353768813 , 80630 -2050339 -699289 -2741002 -1139011 -1255327 , 2140864 487054 -487054 0 1536180 1049126 , -268507 43868 -186906 788108 -1121845 417985 , 1688701 1032109 -1032109 0 1739922 707813 , 2821632 699289 2050339 2741002 -556038 911328 , 536098 -1271362 1315817 -325068 -313033 263231 , 861166 -1315817 1271362 325068 -1052586 958329 , -1056615 186906 -43868 -788108 604891 -1165713 , 953404 -1519163 1519163 0 -3276102 -1756939 , 3.5591845482858914e-10 , 0
2.2746353353768813 , 80630 -2050339 -699289 -2741002 -1139011 -1255327 , 2140864 487054 -487054 0 1536180 1049126 , 268507 -43868 186906 -788108 1121845 -417985 , 1688701 1032109 -1032109 0 1739922 707813 , 2821632 699289 2050339 2741002 -556038 911328 , -536098 1271362 -1315817 325068 313033 -263231 , -861166 1315817 -1271362 -325068 1052586 -958329 , 1056615 -186906 43868 788108 -604891 1165713 , 953404 -1519163 1519163 0 -3276102 -1756939 , 3.5591845482858914e-10 , 1
2.2746353353768813 , 80630 -2050339 -699289 -2741002 -1139011 -1255327 , 2140864 487054 -487054 0 1536180 1049126 , -417985 -268507 43868 -604891 788108 -1121845 , 1688701 1032109 -1032109 0 1739922 707813 , 2821632 699289 2050339 2741002 -556038 911328 , -263231 536098 -1271362 1052586 -325068 -313033 , -1315817 1271362 -536098 -1052586 958329 -861166 , 186906 -43868 268507 604891 -1165713 1056615 , 953404 -1519163 1519163 0 -3276102 -1756939 , 3.5591845483130788e-10 , 2
2.2746353353768813 , 80630 -2050339 -699289 -2741002 -1139011 -1255327 , 2140864 487054 -487054 0 1536180 1049126 , 417985 268507 -43868 604891 -788108 1121845 , 1688701 1032109 -1032109 0 1739922 707813 , 2821632 699289 2050339 2741002 -556038 911328 , 263231 -536098 1271362 -1052586 325068 313033 , 1315817 -1271362 536098 1052586 -958329 861166 , -186906 43868 -268507 -604891 1165713 -1056615 , 953404 -1519163 1519163 0 -3276102 -1756939 , 3.5591845483130788e-10 , 3
2.2746353353768813 , 80630 -2050339 -699289 -2741002 -1139011 -1255327 , 2140864 487054 -487054 0 1536180 1049126 , -1165713 604891 -788108 -43868 186906 -1056615 , 1688701 1032109 -1032109 0 1739922 707813 , 2821632 699289 2050339 2741002 -556038 911328 , 958329 -1052586 325068 1271362 -1315817 861166 , -313033 -325068 1052586 -1271362 536098 -263231 , -1121845 788108 -604891 43868 -268507 -417985 , 953404 -1519163 1519163 0 -3276102 -1756939 , 3.5591845483182714e-10 , 4
2.2746353353768813 , 80630 -2050339 -699289 -2741002 -1139011 -1255327 , 2140864 487054 -487054 0 1536180 1049126 , 1165713 -604891 788108 43868 -186906 1056615 , 1688701 1032109 -1032109 0 1739922 707813 , 2821632 699289 2050339 2741002 -556038 911328 , -958329 1052586 -325068 -1271362 1315817 -861166 , 313033 325068 -1052586 1271362 -536098 263231 , 1121845 -788108 604891 -43868 268507 417985 , 953404 -1519163 1519163 0 -3276102 -1756939 , 3.5591845483182714e-10 , 5
2.2746353353768813 , 80630 -2050339 -699289 -2741002 -1139011 -1255327 , 2140864 487054 -487054 0 1536180 1049126 , -604891 788108 -1121845 -186906 1056615 -1165713 , 1688701 1032109 -1032109 0 1739922 707813 , 2821632 699289 2050339 2741002 -556038 911328 , 1052586 -325068 -313033 1315817 -861166 958329 , -263231 313033 325068 -1315817 1271362 -536098 , -417985 1121845 -788108 186906 -43868 268507 , 953404 -1519163 1519163 0 -3276102 -1756939 , 3.5591845483206206e-10 , 6
2.2746353353768813 , 80630 -2050339 -699289 -2741002 -1139011 -1255327 , 2140864 487054 -487054 0 1536180 1049126 , 604891 -788108 1121845 186906 -1056615 1165713 , 1688701 1032109 -1032109 0 1739922 707813 , 2821632 699289 2050339 2741002 -556038 911328 , -1052586 325068 313033 -1315817 861166 -958329 , 263231 -313033 -325068 1315817 -1271362 536098 , 417985 -1121845 788108 -186906 43868 -268507 , 953404 -1519163 1519163 0 -3276102 -1756939 , 3.5591845483206206e-10 , 7
2.2746353353768813 , 80630 -2050339 -699289 -2741002 -1139011 -1255327 , 1688701 1032109 -1032109 0 1739922 707813 , 263231 -313033 -325068 1315817 -1271362 536098 , 2140864 487054 -487054 0 1536180 1049126 , 2821632 699289 2050339 2741002 -556038 911328 , 417985 -1121845 788108 -186906 43868 -268507 , 604891 -788108 1121845 186906 -1056615 1165713 , -1052586 325068 313033 -1315817 861166 -958329 , 953404 -1519163 1519163 0 -3276102 -1756939 , 3.559184548349194e-10 , 8
2.2746353353768813 , 80630 -2050339 -699289 -2741002 -1139011 -1255327 , 1688701 1032109 -1032109 0 1739922 707813 , -263231 313033 325068 -1315817 1271362 -536098 , 2140864 487054 -487054 0 1536180 1049126 , 2821632 699289 2050339 2741002 -556038 911328 , -417985 1121845 -788108 186906 -43868 268507 , -604891 788108 -1121845 -186906 1056615 -1165713 , 1052586 -325068 -313033 1315817 -861166 958329 , 953404 -1519163 1519163 0 -3276102 -1756939 , 3.559184548349194e-10 , 9
2.2746353353768813 , 80630 -2050339 -699289 -2741002 -1139011 -1255327 , 2140864 487054 -487054 0 1536180 1049126 , 1121845 -417985 -268507 1165713 -604891 788108 , 1688701 1032109 -1032109 0 1739922 707813 , 2821632 699289 2050339 2741002 -556038 911328 , 313033 -263231 536098 -958329 1052586 -325068 , 1271362 -536098 263231 958329 -861166 1315817 , -43868 268507 417985 -1165713 1056615 -186906 , 953404 -1519163 1519163 0 -3276102 -1756939 , 3.5591845483824379e-10 , 10
2.2746353353768813 , 80630 -2050339 -699289 -2741002 -1139011 -1255327 , 2140864 487054 -487054 0 1536180 1049126 , -1121845 417985 268507 -1165713 604891 -788108 , 1688701 1032109 -1032109 0 1739922 707813 , 2821632 699289 2050339 2741002 -556038 911328 , -313033 263231 -536098 958329 -1052586 325068 , -1271362 536098 -263231 -958329 861166 -1315817 , 43868 -268507 -417985 1165713 -1056615 186906 , 953404 -1519163 1519163 0 -3276102 -1756939 , 3.5591845483824379e-10 , 11
2.2746353353768813 , 80630 -2050339 -699289 -2741002 -1139011 -1255327 , 1688701 1032109 -1032109 0 1739922 707813 , -1052586 958329 -861166 263231 -313033 -325068 , 2140864 487054 -487054 0 1536180 1049126 , 2821632 699289 2050339 2741002 -556038 911328 , 604891 -1165713 1056615 417985 -1121845 788108 , 186906 -1056615 1165713 -417985 -268507 43868 , -1315817 861166 -958329 -263231 536098 -1271362 , 953404 -1519163 1519163 0 -3276102 -1756939 , 3.5591845484250222e-10 , 12
2.2746353353768813 , 80630 -2050339 -699289 -2741002 -1139011 -1255327 , 1688701 1032109 -1032109 0 1739922 707813 , 1052586 -958329 861166 -263231 313033 325068 , 2140864 487054 -487054 0 1536180 1049126 , 2821632 699289 2050339 2741002 -556038 911328 , -604891 1165713 -1056615 -417985 1121845 -788108 , -186906 1056615 -1165713 417985 268507 -43868 , 1315817 -861166 958329 263231 -536098 1271362 , 953404 -1519163 1519163 0 -3276102 -1756939 , 3.5591845484250222e-10 , 13
2.2746353353768813 , 80630 -2050339 -699289 -2741002 -1139011 -1255327 , 1688701 1032109 -1032109 0 1739922 707813 , -536098 263231 -313033 -861166 1315817 -1271362 , 2140864 487054 -487054 0 1536180 1049126 , 2821632 699289 2050339 2741002 -556038 911328 , 268507 417985 -1121845 1056615 -186906 43868 , -788108 1121845 -417985 -1056615 1165713 -604891 , 325068 313033 -263231 861166 -958329 1052586 , 953404 -1519163 1519163 0 -3276102 -1756939 , 3.5591845484274525e-10 , 14
2.2746353353768813 , 80630 -2050339 -699289 -2741002 -1139011 -1255327 , 1688701 1032109 -1032109 0 1739922 707813 , 536098 -263231 313033 861166 -1315817 1271362 , 2140864 487054 -487054 0 1536180 1049126 , 2821632 699289 2050339 2741002 -556038 911328 , -268507 -417985 1121845 -1056615 186906 -43868 , 788108 -1121845 417985 1056615 -1165713 604891 , -325068 -313033 263231 -861166 958329 -1052586 , 953404 -1519163 1519163 0 -3276102 -1756939 , 3.5591845484274525e-10 , 15
2.2746353353768813 , 80630 -2050339 -699289 -2741002 -1139011 -1255327 , 2140864 487054 -487054 0 1536180 1049126 , -43868 186906 -1056615 1121845 -417985 -268507 , 1688701 1032109 -1032109 0 1739922 707813 , 2821632 699289 2050339 2741002 -556038 911328 , 1271362 -1315817 861166 313033 -263231 536098 , 958329 -861166 1315817 -313033 -325068 1052586 , -1165713 1056615 -186906 -1121845 788108 -604891 , 953404 -1519163 1519163 0 -3276102 -1756939 , 3.5591845484656435e-10 , 16
2.2746353353768813 , 80630 -2050339 -699289 -2741002 -1139011 -1255327 , 2140864 487054 -487054 0 1536180 1049126 , 43868 -186906 1056615 -1121845 417985 268507 , 1688701 1032109 -1032109 0 1739922 707813 , 2821632 699289 2050339 2741002 -556038 911328 , -1271362 1315817 -861166 -313033 263231 -536098 , -958329 861166 -1315817 313033 325068 -1052586 , 1165713 -1056615 186906 1121845 -788108 604891 , 953404 -1519163 1519163 0 -3276102 -1756939 , 3.5591845484656435e-10 , 17
2.2746353353768813 , 80630 -2050339 -699289 -2741002 -1139011 -1255327 , 2140864 487054 -487054 0 1536180 1049126 , -788108 1121845 -417985 -1056615 1165713 -604891 , 1688701 1032109 -1032109 0 1739922 707813 , 2821632 699289 2050339 2741002 -556038 911328 , 325068 313033 -263231 861166 -958329 1052586 , -536098 263231 -313033 -861166 1315817 -1271362 , 268507 417985 -1121845 1056615 -186906 43868 , 953404 -1519163 1519163 0 -3276102 -1756939 , 3.5591845484890956e-10 , 18
2.2746353353768813 , 80630 -2050339 -699289 -2741002 -1139011 -1255327 , 2140864 487054 -487054 0 1536180 1049126 , 788108 -1121845 417985 1056615 -1165713 604891 , 1688701 1032109 -1032109 0 1739922 707813 , 2821632 699289 2050339 2741002 -556038 911328 , -325068 -313033 263231 -861166 958329 -1052586 , 536098 -263231 313033 861166 -1315817 1271362 , -268507 -417985 1121845 -1056615 186906 -43868 , 953404 -1519163 1519163 0 -3276102 -1756939 , 3.5591845484890956e-10 , 19
2.2746353353768813 , 80630 -2050339 -699289 -2741002 -1139011 -1255327 , 1688701 1032109 -1032109 0 1739922 707813 , -325068 1052586 -958329 536098 -263231 313033 , 2140864 487054 -487054 0 1536180 1049126 , 2821632 699289 2050339 2741002 -556038 911328 , 788108 -604891 1165713 -268507 -417985 1121845 , 1056615 -1165713 604891 268507 -43868 186906 , -861166 958329 -1052586 -536098 1271362 -1315817 , 953404 -1519163 1519163 0 -3276102 -1756939 , 3.5591845484923862e-10 , 20
2.2746353353768813 , 80630 -2050339 -699289 -2741002 -1139011 -1255327 , 1688701 1032109 -1032109 0 1739922 707813 , 325068 -1052586 958329 -536098 263231 -313033 , 2140864 487054 -487054 0 1536180 1049126 , 2821632 699289 2050339 2741002 -556038 911328 , -788108 604891 -1165713 268507 417985 -1121845 , -1056615 1165713 -604891 -268507 43868 -186906 , 861166 -958329 1052586 536098 -1271362 1315817 , 953404 -1519163 1519163 0 -3276102 -1756939 , 3.5591845484923862e-10 , 21
2.2746353353768813 , 80630 -2050339 -699289 -2741002 -1139011 -1255327 , 1688701 1032109 -1032109 0 1739922 707813 , -958329 861166 -1315817 313033 325068 -1052586 , 2140864 487054 -487054 0 1536180 1049126 , 2821632 699289 2050339 2741002 -556038 911328 , 1165713 -1056615 186906 1121845 -788108 604891 , 43868 -186906 1056615 -1121845 417985 268507 , -1271362 1315817 -861166 -313033 263231 -536098 , 953404 -1519163 1519163 0 -3276102 -1756939 , 3.5591845485198305e-10 , 22
2.2746353353768813 , 80630 -2050339 -699289 -2741002 -1139011 -1255327 , 1688701 1032109 -1032109 0 1739922 707813 , 958329 -861166 1315817 -313033 -325068 1052586 , 2140864 487054 -487054 0 1536180 1049126 , 2821632 699289 2050339 2741002 -556038 911328 , -1165713 1056615 -186906 -1121845 788108 -604891 , -43868 186906 -1056615 1121845 -417985 -268507 , 1271362 -1315817 861166 313033 -263231 536098 , 953404 -1519163 1519163 0 -3276102 -1756939 , 3.5591845485198305e-10 , 23
2.2746353353768813 , 80630 -2050339 -699289 -2741002 -1139011 -1255327 , 1688701 1032109 -1032109 0 1739922 707813 , -1271362 536098 -263231 -958329 861166 -1315817 , 2140864 487054 -487054 0 1536180 1049126 , 2821632 699289 2050339 2741002 -556038 911328 , 43868 -268507 -417985 1165713 -1056615 186906 , -1121845 417985 268507 -1165713 604891 -788108 , -313033 263231 -536098 958329 -1052586 325068 , 953404 -1519163 1519163 0 -3276102 -1756939 , 3.5591845485277916e-10 , 24
2.2746353353768813 , 80630 -2050339 -699289 -2741002 -1139011 -1255327 , 1688701 1032109 -1032109 0 1739922 707813 , 1271362 -536098 263231 958329 -861166 1315817 , 2140864 487054 -487054 0 1536180 1049126 , 2821632 699289 2050339 2741002 -556038 911328 , -43868 268507 417985 -1165713 1056615 -186906 , 1121845 -417985 -268507 1165713 -604891 788108 , 313033 -263231 536098 -958329 1052586 -325068 , 953404 -1519163 1519163 0 -3276102 -1756939 , 3.5591845485277916e-10 , 25
2.2746353353768813 , 80630 -2050339 -699289 -2741002 -1139011 -1255327 , 2140864 487054 -487054 0 1536180 1049126 , -1056615 1165713 -604891 -268507 43868 -186906 , 1688701 1032109 -1032109 0 1739922 707813 , 2821632 699289 2050339 2741002 -556038 911328 , 861166 -958329 1052586 536098 -1271362 1315817 , 325068 -1052586 958329 -536098 263231 -313033 , -788108 604891 -1165713 268507 417985 -1121845 , 953404 -1519163 1519163 0 -3276102 -1756939 , 3.5591845485543746e-10 , 26
2.2746353353768813 , 80630 -2050339 -699289 -2741002 -1139011 -1255327 , 2140864 487054 -487054 0 1536180 1049126 , 1056615 -1165713 604891 268507 -43868 186906 , 1688701 1032109 -1032109 0 1739922 707813 , 2821632 699289 2050339 2741002 -556038 911328 , -861166 958329 -1052586 -536098 1271362 -1315817 , -325068 1052586 -958329 536098 -263231 313033 , 788108 -604891 1165713 -268507 -417985 1121845 , 953404 -1519163 1519163 0 -3276102 -1756939 , 3.5591845485543746e-10 , 27
2.2746353353768813 , 80630 -2050339 -699289 -2741002 -1139011 -1255327 , 1688701 1032109 -1032109 0 1739922 707813 , -313033 -325068 1052586 -1271362 536098 -263231 , 2140864 487054 -487054 0 1536180 1049126 , 2821632 699289 2050339 2741002 -556038 911328 , -1121845 788108 -604891 43868 -268507 -417985 , -1165713 604891 -788108 -43868 186906 -1056615 , 958329 -1052586 325068 1271362 -1315817 861166 , 953404 -1519163 1519163 0 -3276102 -1756939 , 3.5591845485574114e-10 , 28
2.2746353353768813 , 80630 -2050339 -699289 -2741002 -1139011 -1255327 , 1688701 1032109 -1032109 0 1739922 707813 , 313033 325068 -1052586 1271362 -536098 263231 , 2140864 487054 -487054 0 1536180 1049126 , 2821632 699289 2050339 2741002 -556038 911328 , 1121845 -788108 604891 -43868 268507 417985 , 1165713 -604891 788108 43868 -186906 1056615 , -958329 1052586 -325068 -1271362 1315817 -861166 , 953404 -1519163 1519163 0 -3276102 -1756939 , 3.5591845485574114e-10 , 29
2.2746353353768813 , 80630 -2050339 -699289 -2741002 -1139011 -1255327 , 1688701 1032109 -1032109 0 1739922 707813 , -1315817 1271362 -536098 -1052586 958329 -861166 , 2140864 487054 -487054 0 1536180 1049126 , 2821632 699289 2050339 2741002 -556038 911328 , 186906 -43868 268507 604891 -1165713 1056615 , -417985 -268507 43868 -604891 788108 -1121845 , -263231 536098 -1271362 1052586 -325068 -313033 , 953404 -1519163 1519163 0 -3276102 -1756939 , 3.5591845485622633e-10 , 30
2.2746353353768813 , 80630 -2050339 -699289 -2741002 -1139011 -1255327 , 1688701 1032109 -1032109 0 1739922 707813 , 1315817 -1271362 536098 1052586 -958329 861166 , 2140864 487054 -487054 0 1536180 1049126 , 2821632 699289 2050339 2741002 -556038 911328 , -186906 43868 -268507 -604891 1165713 -1056615 , 417985 268507 -43868 604891 -788108 1121845 , 263231 -536098 1271362 -1052586 325068 313033 , 953404 -1519163 1519163 0 -3276102 -1756939 , 3.5591845485622633e-10 , 31
2.2746353353768813 , 80630 -2050339 -699289 -2741002 -1139011 -1255327 , 2140864 487054 -487054 0 1536180 1049126 , 186906 -1056615 1165713 -417985 -268507 43868 , 1688701 1032109 -1032109 0 1739922 707813 , 2821632 699289 2050339 2741002 -556038 911328 , -1315817 861166 -958329 -263231 536098 -1271362 , -1052586 958329 -861166 263231 -313033 -325068 , 604891 -1165713 1056615 417985 -1121845 788108 , 953404 -1519163 1519163 0 -3276102 -1756939 , 3.5591845485651941e-10 , 32
2.2746353353768813 , 80630 -2050339 -699289 -2741002 -1139011 -1255327 , 2140864 487054 -487054 0 1536180 1049126 , -186906 1056615 -1165713 417985 268507 -43868 , 1688701 1032109 -1032109 0 1739922 707813 , 2821632 699289 2050339 2741002 -556038 911328 , 1315817 -861166 958329 263231 -536098 1271362 , 1052586 -958329 861166 -263231 313033 325068 , -604891 1165713 -1056615 -417985 1121845 -788108 , 953404 -1519163 1519163 0 -3276102 -1756939 , 3.5591845485651941e-10 , 33
2.2746353353768813 , 80630 -2050339 -699289 -2741002 -1139011 -1255327 , 1688701 1032109 -1032109 0 1739922 707813 , -861166 1315817 -1271362 -325068 1052586 -958329 , 2140864 487054 -487054 0 1536180 1049126 , 2821632 699289 2050339 2741002 -556038 911328 , 1056615 -186906 43868 788108 -604891 1165713 , 268507 -43868 186906 -788108 1121845 -417985 , -536098 1271362 -1315817 325068 313033 -263231 , 953404 -1519163 1519163 0 -3276102 -1756939 , 3.5591845486589592e-10 , 34
2.2746353353768813 , 80630 -2050339 -699289 -2741002 -1139011 -1255327 , 1688701 1032109 -1032109 0 1739922 707813 , 861166 -1315817 1271362 325068 -1052586 958329 , 2140864 487054 -487054 0 1536180 1049126 , 2821632 699289 2050339 2741002 -556038 911328 , -1056615 186906 -43868 -788108 604891 -1165713 , -268507 43868 -186906 788108 -1121845 417985 , 536098 -1271362 1315817 -325068 -313033 263231 , 953404 -1519163 1519163 0 -3276102 -1756939 , 3.5591845486589592e-10 , 35
2.383920535382985 , -784730 -460582 -2967328 -1005195 -2072239 -1034266 , 2494990 71672 -71672 0 1385984 1314312 , -373677 464293 -1150052 488186 355642 -847085 , 1334575 1447491 -1447491 0 1890118 442627 , 220465 2967328 460582 1005195 1933062 -1611657 , -1232810 1481274 -970369 -866852 1191335 -1013793 , -365958 970369 -1481274 866852 -43424 -289939 , -861863 1150052 -464293 -488186 302967 -108651 , 953404 -1519163 1519163 0 -3276102 -1756939 , 3.5591846067735511e-10 , 0
2.383920535382985 , -784730 -460582 -2967328 -1005195 -2072239 -1034266 , 2494990 71672 -71672 0 1385984 1314312 , 373677 -464293 1150052 -488186 -355642 847085 , 1334575 1447491 -1447491 0 1890118 442627 , 220465 2967328 460582 1005195 1933062 -1611657 , 1232810 -1481274 970369 866852 -1191335 1013793 , 365958 -970369 1481274 -866852 43424 289939 , 861863 -1150052 464293 488186 -302967 108651 , 953404 -1519163 1519163 0 -3276102 -1756939 , 3.5591846067735511e-10 , 1
2.383920535382985 , -784730 -460582 -2967328 -1005195 -2072239 -1034266 , 2494990 71672 -71672 0 1385984 1314312 , -302967 488186 355642 -1150052 861863 -108651 , 1334575 1447491 -1447491 0 1890118 442627 , 220465 2967328 460582 1005195 1933062 -1611657 , 43424 -866852 1191335 -970369 365958 -289939 , 1013793 -1191335 866852 970369 -1481274 1232810 , 847085 -355642 -488186 1150052 -464293 373677 , 953404 -1519163 1519163 0 -3276102 -1756939 , 3.5591846070673108e-10 , 2
2.383920535382985 , -784730 -460582 -2967328 -1005195 -2072239 -1034266 , 2494990 71672 -71672 0 1385984 1314312 , 302967 -488186 -355642 1150052 -861863 108651 , 1334575 1447491 -1447491 0 1890118 442627 , 220465 2967328 460582 1005195 1933062 -1611657 , -43424 866852 -1191335 970369 -365958 289939 , -1013793 1191335 -866852 -970369 1481274 -1232810 , -847085 355642 488186 -1150052 464293 -373677 , 953404 -1519163 1519163 0 -3276102 -1756939 , 3.5591846070673108e-10 , 3
2.383920535382985 , -784730 -460582 -2967328 -1005195 -2072239 -1034266 , 1334575 1447491 -1447491 0 1890118 442627 , -1481274 1232810 -1013793 -289939 365958 -970369 , 2494990 71672 -71672 0 1385984 1314312 , 220465 2967328 460582 1005195 1933062 -1611657 , -464293 373677 -847085 -108651 861863 -1150052 , -355642 847085 -373677 108651 -302967 488186 , -1191335 1013793 -1232810 289939 43424 -866852 , 953404 -1519163 1519163 0 -3276102 -1756939 , 3.559184607070953e-10 , 4
2.383920535382985 , -784730 -460582 -2967328 -1005195 -2072239 -1034266 , 1334575 1447491 -1447491 0 1890118 442627 , 1481274 -1232810 1013793 289939 -365958 970369 , 2494990 71672 -71672 0 1385984 1314312 , 220465 2967328 460582 1005195 1933062 -1611657 , 464293 -373677 847085 108651 -861863 1150052 , 355642 -847085 373677 -108651 302967 -488186 , 1191335 -1013793 1232810 -289939 -43424 866852 , 953404 -1519163 1519163 0 -3276102 -1756939 , 3.559184607070953e-10 , 5
2.383920535382985 , -784730 -460582 -2967328 -1005195 -2072239 -1034266 , 1334575 1447491 -1447491 0 1890118 442627 , -43424 -289939 365958 -1013793 1191335 -866852 , 2494990 71672 -71672 0 1385984 1314312 , 220465 2967328 460582 1005195 1933062 -1611657 , 302967 -108651 861863 -847085 355642 488186 , 1150052 -861863 108651 847085 -373677 464293 , 970369 -365958 289939 1013793 -1232810 1481274 , 953404 -1519163 1519163 0 -3276102 -1756939 , 3.5591846074969195e-10 , 6
2.383920535382985 , -784730 -460582 -2967328 -1005195 -2072239 -1034266 , 1334575 1447491 -1447491 0 1890118 442627 , 43424 289939 -365958 1013793 -1191335 866852 , 2494990 71672 -71672 0 1385984 1314312 , 220465 2967328 460582 1005195 1933062 -1611657 , -302967 108651 -861863 847085 -355642 -488186 , -1150052 861863 -108651 -847085 373677 -464293 , -970369 365958 -289939 -1013793 1232810 -1481274 , 953404 -1519163 1519163 0 -3276102 -1756939 , 3.5591846074969195e-10 , 7
2.383920535382985 , -784730 -460582 -2967328 -1005195 -2072239 -1034266 , 2494990 71672 -71672 0 1385984 1314312 , 847085 -373677 464293 -302967 488186 355642 , 1334575 1447491 -1447491 0 1890118 442627 , 220465 2967328 460582 1005195 1933062 -1611657 , 1013793 -1232810 1481274 43424 -866852 1191335 , 970369 -1481274 1232810 -43424 -289939 365958 , 1150052 -464293 373677 302967 -108651 861863 , 953404 -1519163 1519163 0 -3276102 -1756939 , 3.5591846074983071e-10 , 8
2.383920535382985 , -784730 -460582 -2967328 -1005195 -2072239 -1034266 , 2494990 71672 -71672 0 1385984 1314312 , -847085 373677 -464293 302967 -488186 -355642 , 1334575 1447491 -1447491 0 1890118 442627 , 220465 2967328 460582 1005195 1933062 -1611657 , -1013793 1232810 -1481274 -43424 866852 -1191335 , -970369 1481274 -1232810 43424 289939 -365958 , -1150052 464293 -373677 -302967 108651 -861863 , 953404 -1519163 1519163 0 -3276102 -1756939 , 3.5591846074983071e-10 , 9
2.383920535382985 , -784730 -460582 -2967328 -1005195 -2072239 -1034266 , 1334575 1447491 -1447491 0 1890118 442627 , 866852 -43424 -289939 1232810 -1013793 1191335 , 2494990 71672 -71672 0 1385984 1314312 , 220465 2967328 460582 1005195 1933062 -1611657 , -488186 302967 -108651 373677 -847085 355642 , -861863 108651 -302967 -373677 464293 -1150052 , -365958 289939 43424 -1232810 1481274 -970369 , 953404 -1519163 1519163 0 -3276102 -1756939 , 3.5591846075060991e-10 , 10
2.383920535382985 , -784730 -460582 -2967328 -1005195 -2072239 -1034266 , 1334575 1447491 -1447491 0 1890118 442627 , -866852 43424 289939 -1232810 1013793 -1191335 , 2494990 71672 -71672 0 1385984 1314312 , 220465 2967328 460582 1005195 1933062 -1611657 , 488186 -302967 108651 -373677 847085 -355642 , 861863 -108651 302967 373677 -464293 1150052 , 365958 -289939 -43424 1232810 -1481274 970369 , 953404 -1519163 1519163 0 -3276102 -1756939 , 3.5591846075060991e-10 , 11
2.383920535382985 , -784730 -460582 -2967328 -1005195 -2072239 -1034266 , 1334575 1447491 -1447491 0 1890118 442627 , -1232810 1013793 -1191335 -365958 970369 -1481274 , 2494990 71672 -71672 0 1385984 1314312 , 220465 2967328 460582 1005195 1933062 -1611657 , -373677 847085 -355642 -861863 1150052 -464293 , 488186 355642 -847085 861863 -108651 302967 , -866852 1191335 -1013793 365958 -289939 -43424 , 953404 -1519163 1519163 0 -3276102 -1756939 , 3.5591846075087802e-10 , 12
2.383920535382985 , -784730 -460582 -2967328 -1005195 -2072239 -1034266 , 1334575 1447491 -1447491 0 1890118 442627 , 1232810 -1013793 1191335 365958 -970369 1481274 , 2494990 71672 -71672 0 1385984 1314312 , 220465 2967328 460582 1005195 1933062 -1611657 , 373677 -847085 355642 861863 -1150052 464293 , -488186 -355642 847085 -861863 108651 -302967 , 866852 -1191335 1013793 -365958 289939 43424 , 953404 -1519163 1519163 0 -3276102 -1756939 , 3.5591846075087802e-10 , 13
2.383920535382985 , -784730 -460582 -2967328 -1005195 -2072239 -1034266 , 1334575 1447491 -1447491 0 1890118 442627 , -970369 1481274 -1232810 43424 289939 -365958 , 2494990 71672 -71672 0 1385984 1314312 , 220465 2967328 460582 1005195 1933062 -1611657 , -1150052 464293 -373677 -302967 108651 -861863 , -847085 373677 -464293 302967 -488186 -355642 , -1013793 1232810 -1481274 -43424 866852 -1191335 , 953404 -1519163 1519163 0 -3276102 -1756939 , 3.5591846075157037e-10 , 14
2.383920535382985 , -784730 -460582 -2967328 -1005195 -2072239 -1034266 , 1334575 1447491 -1447491 0 1890118 442627 , 970369 -1481274 1232810 -43424 -289939 365958 , 2494990 71672 -71672 0 1385984 1314312 , 220465 2967328 460582 1005195 1933062 -1611657 , 1150052 -464293 373677 302967 -108651 861863 , 847085 -373677 464293 -302967 488186 355642 , 1013793 -1232810 1481274 43424 -866852 1191335 , 953404 -1519163 1519163 0 -3276102 -1756939 , 3.5591846075157037e-10 , 15
2.383920535382985 , -784730 -460582 -2967328 -1005195 -2072239 -1034266 , 2494990 71672 -71672 0 1385984 1314312 , -1150052 861863 -108651 -847085 373677 -464293 , 1334575 1447491 -1447491 0 1890118 442627 , 220465 2967328 460582 1005195 1933062 -1611657 , -970369 365958 -289939 -1013793 1232810 -1481274 , 43424 289939 -365958 1013793 -1191335 866852 , -302967 108651 -861863 847085 -355642 -488186 , 953404 -1519163 1519163 0 -3276102 -1756939 , 3.5591846076502457e-10 , 16
2.383920535382985 , -784730 -460582 -2967328 -1005195 -2072239 -1034266 , 2494990 71672 -71672 0 1385984 1314312 , 1150052 -861863 108651 847085 -373677 464293 , 1334575 1447491 -1447491 0 1890118 442627 , 220465 2967328 460582 1005195 1933062 -1611657 , 970369 -365958 289939 1013793 -1232810 1481274 , -43424 -289939 365958 -1013793 1191335 -866852 , 302967 -108651 861863 -847085 355642 488186 , 953404 -1519163 1519163 0 -3276102 -1756939 , 3.5591846076502457e-10 , 17
2.383920535382985 , -784730 -460582 -2967328 -1005195 -2072239 -1034266 , 2494990 71672 -71672 0 1385984 1314312 , -464293 1150052 -861863 -355642 847085 -373677 , 1334575 1447491 -1447491 0 1890118 442627 , 220465 2967328 460582 1005195 1933062 -1611657 , -1481274 970369 -365958 -1191335 1013793 -1232810 , -289939 365958 -970369 1191335 -866852 43424 , -108651 861863 -1150052 355642 488186 -302967 , 953404 -1519163 1519163 0 -3276102 -1756939 , 3.5591846076606454e-10 , 18
2.383920535382985 , -784730 -460582 -2967328 -1005195 -2072239 -1034266 , 2494990 71672 -71672 0 1385984 1314312 , 464293 -1150052 861863 355642 -847085 373677 , 1334575 1447491 -1447491 0 1890118 442627 , 220465 2967328 460582 1005195 1933062 -1611657 , 1481274 -970369 365958 1191335 -1013793 1232810 , 289939 -365958 970369 -1191335 866852 -43424 , 108651 -861863 1150052 -355642 -488186 302967 , 953404 -1519163 1519163 0 -3276102 -1756939 , 3.5591846076606454e-10 , 19
2.383920535382985 , -784730 -460582 -2967328 -1005195 -2072239 -1034266 , 2494990 71672 -71672 0 1385984 1314312 , 108651 -302967 488186 464293 -1150052 861863 , 1334575 1447491 -1447491 0 1890118 442627 , 220465 2967328 460582 1005195 1933062 -1611657 , 289939 43424 -866852 1481274 -970369 365958 , -1191335 866852 -43424 -1481274 1232810 -1013793 , -355642 -488186 302967 -464293 373677 -847085 , 953404 -1519163 1519163 0 -3276102 -1756939 , 3.5591846079491143e-10 , 20
2.383920535382985 , -784730 -460582 -2967328 -1005195 -2072239 -1034266 , 2494990 71672 -71672 0 1385984 1314312 , -108651 302967 -488186 -464293 1150052 -861863 , 1334575 1447491 -1447491 0 1890118 442627 , 220465 2967328 460582 1005195 1933062 -1611657 , -289939 -43424 866852 -1481274 970369 -365958 , 1191335 -866852 43424 1481274 -1232810 1013793 , 355642 488186 -302967 464293 -373677 847085 , 953404 -1519163 1519163 0 -3276102 -1756939 , 3.5591846079491143e-10 , 21
2.383920535382985 , -784730 -460582 -2967328 -1005195 -2072239 -1034266 , 1334575 1447491 -1447491 0 1890118 442627 , -289939 365958 -970369 1191335 -866852 43424 , 2494990 71672 -71672 0 1385984 1314312 , 220465 2967328 460582 1005195 1933062 -1611657 , -108651 861863 -1150052 355642 488186 -302967 , -464293 1150052 -861863 -355642 847085 -373677 , -1481274 970369 -365958 -1191335 1013793 -1232810 , 953404 -1519163 1519163 0 -3276102 -1756939 , 3.5591846080882451e-10 , 22
2.383920535382985 , -784730 -460582 -2967328 -1005195 -2072239 -1034266 , 1334575 1447491 -1447491 0 1890118 442627 , 289939 -365958 970369 -1191335 866852 -43424 , 2494990 71672 -71672 0 1385984 1314312 , 220465 2967328 460582 1005195 1933062 -1611657 , 108651 -861863 1150052 -355642 -488186 302967 , 464293 -1150052 861863 355642 -847085 373677 , 1481274 -970369 365958 1191335 -1013793 1232810 , 953404 -1519163 1519163 0 -3276102 -1756939 , 3.5591846080882451e-10 , 23
2.383920535382985 , -784730 -460582 -2967328 -1005195 -2072239 -1034266 , 1334575 1447491 -1447491 0 1890118 442627 , -365958 970369 -1481274 866852 -43424 -289939 , 2494990 71672 -71672 0 1385984 1314312 , 220465 2967328 460582 1005195 1933062 -1611657 , -861863 1150052 -464293 -488186 302967 -108651 , -373677 464293 -1150052 488186 355642 -847085 , -1232810 1481274 -970369 -866852 1191335 -1013793 , 953404 -1519163 1519163 0 -3276102 -1756939 , 3.5591846080955191e-10 , 24
2.383920535382985 , -784730 -460582 -2967328 -1005195 -2072239 -1034266 , 1334575 1447491 -1447491 0 1890118 442627 , 365958 -970369 1481274 -866852 43424 289939 , 2494990 71672 -71672 0 1385984 1314312 , 220465 2967328 460582 1005195 1933062 -1611657 , 861863 -1150052 464293 488186 -302967 108651 , 373677 -464293 1150052 -488186 -355642 847085 , 1232810 -1481274 970369 866852 -1191335 1013793 , 953404 -1519163 1519163 0 -3276102 -1756939 , 3.5591846080955191e-10 , 25
2.383920535382985 , -784730 -460582 -2967328 -1005195 -2072239 -1034266 , 1334575 1447491 -1447491 0 1890118 442627 , 1191335 -866852 43424 1481274 -1232810 1013793 , 2494990 71672 -71672 0 1385984 1314312 , 220465 2967328 460582 1005195 1933062 -1611657 , 355642 488186 -302967 464293 -373677 847085 , -108651 302967 -488186 -464293 1150052 -861863 , -289939 -43424 866852 -1481274 970369 -365958 , 953404 -1519163 1519163 0 -3276102 -1756939 , 3.5591846080975234e-10 , 26
2.383920535382985 , -784730 -460582 -2967328 -1005195 -2072239 -1034266 , 1334575 1447491 -1447491 0 1890118 442627 , -1191335 866852 -43424 -1481274 1232810 -1013793 , 2494990 71672 -71672 0 1385984 1314312 , 220465 2967328 460582 1005195 1933062 -1611657 , -355642 -488186 302967 -464293 373677 -847085 , 108651 -302967 488186 464293 -1150052 861863 , 289939 43424 -866852 1481274 -970369 365958 , 953404 -1519163 1519163 0 -3276102 -1756939 , 3.5591846080975234e-10 , 27
2.383920535382985 , -784730 -460582 -2967328 -1005195 -2072239 -1034266 , 2494990 71672 -71672 0 1385984 1314312 , 488186 355642 -847085 861863 -108651 302967 , 1334575 1447491 -1447491 0 1890118 442627 , 220465 2967328 460582 1005195 1933062 -1611657 , -866852 1191335 -1013793 365958 -289939 -43424 , -1232810 1013793 -1191335 -365958 970369 -1481274 , -373677 847085 -355642 -861863 1150052 -464293 , 953404 -1519163 1519163 0 -3276102 -1756939 , 3.5591846081013212e-10 , 28
2.383920535382985 , -784730 -460582 -2967328 -1005195 -2072239 -1034266 , 2494990 71672 -71672 0 1385984 1314312 , -488186 -355642 847085 -861863 108651 -302967 , 1334575 1447491 -1447491 0 1890118 442627 , 220465 2967328 460582 1005195 1933062 -1611657 , 866852 -1191335 1013793 -365958 289939 43424 , 1232810 -1013793 1191335 365958 -970369 1481274 , 373677 -847085 355642 861863 -1150052 464293 , 953404 -1519163 1519163 0 -3276102 -1756939 , 3.5591846081013212e-10 , 29
2.383920535382985 , -784730 -460582 -2967328 -1005195 -2072239 -1034266 , 1334575 1447491 -1447491 0 1890118 442627 , -1013793 1191335 -866852 -970369 1481274 -1232810 , 2494990 71672 -71672 0 1385984 1314312 , 220465 2967328 460582 1005195 1933062 -1611657 , -847085 355642 488186 -1150052 464293 -373677 , 302967 -488186 -355642 1150052 -861863 108651 , -43424 866852 -1191335 970369 -365958 289939 , 953404 -1519163 1519163 0 -3276102 -1756939 , 3.5591846083849522e-10 , 30
2.383920535382985 , -784730 -460582 -2967328 -1005195 -2072239 -1034266 , 1334575 1447491 -1447491 0 1890118 442627 , 1013793 -1191335 866852 970369 -1481274 1232810 , 2494990 71672 -71672 0 1385984 1314312 , 220465 2967328 460582 1005195 1933062 -1611657 , 847085 -355642 -488186 1150052 -464293 373677 , -302967 488186 355642 -1150052 861863 -108651 , 43424 -866852 1191335 -970369 365958 -289939 , 953404 -1519163 1519163 0 -3276102 -1756939 , 3.5591846083849522e-10 , 31
2.383920535382985 , -784730 -460582 -2967328 -1005195 -2072239 -1034266 , 2494990 71672 -71672 0 1385984 1314312 , -355642 847085 -373677 108651 -302967 488186 , 1334575 1447491 -1447491 0 1890118 442627 , 220465 2967328 460582 1005195 1933062 -1611657 , -1191335 1013793 -1232810 289939 43424 -866852 , -1481274 1232810 -1013793 -289939 365958 -970369 , -464293 373677 -847085 -108651 861863 -1150052 , 953404 -1519163 1519163 0 -3276102 -1756939 , 3.5591846083880727e-10 , 32
2.383920535382985 , -784730 -460582 -2967328 -1005195 -2072239 -1034266 , 2494990 71672 -71672 0 1385984 1314312 , 355642 -847085 373677 -108651 302967 -488186 , 1334575 1447491 -1447491 0 1890118 442627 , 220465 2967328 460582 1005195 1933062 -1611657 , 1191335 -1013793 1232810 -289939 -43424 866852 , 1481274 -1232810 1013793 289939 -365958 970369 , 464293 -373677 847085 108651 -861863 1150052 , 953404 -1519163 1519163 0 -3276102 -1756939 , 3.5591846083880727e-10 , 33
2.383920535382985 , -784730 -460582 -2967328 -1005195 -2072239 -1034266 , 2494990 71672 -71672 0 1385984 1314312 , -861863 108651 -302967 -373677 464293 -1150052 , 1334575 1447491 -1447491 0 1890118 442627 , 220465 2967328 460582 1005195 1933062 -1611657 , -365958 289939 43424 -1232810 1481274 -970369 , 866852 -43424 -289939 1232810 -1013793 1191335 , -488186 302967 -108651 373677 -847085 355642 , 953404 -1519163 1519163 0 -3276102 -1756939 , 3.5591846085406224e-10 , 34
2.383920535382985 , -784730 -460582 -2967328 -1005195 -2072239 -1034266 , 2494990 71672 -71672 0 1385984 1314312 , 861863 -108651 302967 373677 -464293 1150052 , 1334575 1447491 -1447491 0 1890118 442627 , 220465 2967328 460582 1005195 1933062 -1611657 , 365958 -289939 -43424 1232810 -1481274 970369 , -866852 43424 289939 -1232810 1013793 -1191335 , 488186 -302967 108651 -373677 847085 -355642 , 953404 -1519163 1519163 0 -3276102 -1756939 , 3.5591846085406224e-10 , 35
2.4915683095129735 , -1401860 -494322 -2533389 -2422769 -796594 -1902550 , 2727511 -215045 215045 0 1275972 1491017 , -238733 969976 -485821 -84243 140472 351254 , 1102054 1734208 -1734208 0 2000130 265922 , 1020909 2533389 494322 2422769 630839 -302272 , 87693 182091 -663579 1317713 -1175044 593042 , -1230020 663579 -182091 -1317713 1256621 -1357135 , -154490 485821 -969976 84243 837075 -829504 , 953404 -1519163 1519163 0 -3276102 -1756939 , 3.5591845536340168e-10 , 0
2.4915683095129735 , -1401860 -494322 -2533389 -2422769 -796594 -1902550 , 2727511 -215045 215045 0 1275972 1491017 , 238733 -969976 485821 84243 -140472 -351254 , 1102054 1734208 -1734208 0 2000130 265922 , 1020909 2533389 494322 2422769 630839 -302272 , -87693 -182091 663579 -1317713 1175044 -593042 , 1230020 -663579 182091 1317713 -1256621 1357135 , 154490 -485821 969976 -84243 -837075 829504 , 953404 -1519163 1519163 0 -3276102 -1756939 , 3.5591845536340168e-10 , 1
2.4915683095129735 , -1401860 -494322 -2533389 -2422769 -796594 -1902550 , 1102054 1734208 -1734208 0 2000130 265922 , -1175044 1317713 -1256621 182091 87693 -593042 , 2727511 -215045 215045 0 1275972 1491017 , 1020909 2533389 494322 2422769 630839 -302272 , 140472 -84243 -837075 969976 -238733 -351254 , -829504 837075 84243 -969976 485821 -154490 , -1357135 1256621 -1317713 -182091 663579 -1230020 , 953404 -1519163 1519163 0 -3276102 -1756939 , 3.5591845536881346e-10 , 2
2.4915683095129735 , -1401860 -494322 -2533389 -2422769 -796594 -1902550 , 1102054 1734208 -1734208 0 2000130 265922 , 1175044 -1317713 1256621 -182091 -87693 593042 , 2727511 -215045 215045 0 1275972 1491017 , 1020909 2533389 494322 2422769 630839 -302272 , -140472 84243 837075 -969976 238733 351254 , 829504 -837075 -84243 969976 -485821 154490 , 1357135 -1256621 1317713 182091 -663579 1230020 , 953404 -1519163 1519163 0 -3276102 -1756939 , 3.5591845536881346e-10 , 3
2.4915683095129735 , -1401860 -494322 -2533389 -2422769 -796594 -1902550 , 1102054 1734208 -1734208 0 2000130 265922 , -87693 593042 -1175044 1230020 -663579 182091 , 2727511 -215045 215045 0 1275972 1491017 , 1020909 2533389 494322 2422769 630839 -302272 , 238733 351254 140472 154490 -485821 969976 , 84243 -140472 -351254 -154490 829504 -837075 , -1317713 1175044 -593042 -1230020 1357135 -1256621 , 953404 -1519163 1519163 0 -3276102 -1756939 , 3.5591845536901322e-10 , 4
2.4915683095129735 , -1401860 -494322 -2533389 -2422769 -796594 -1902550 , 1102054 1734208 -1734208 0 2000130 265922 , 87693 -593042 1175044 -1230020 663579 -182091 , 2727511 -215045 215045 0 1275972 1491017 , 1020909 2533389 494322 2422769 630839 -302272 , -238733 -351254 -140472 -154490 485821 -969976 , -84243 140472 351254 154490 -829504 837075 , 1317713 -1175044 593042 1230020 -1357135 1256621 , 953404 -1519163 1519163 0 -3276102 -1756939 , 3.5591845536901322e-10 , 5
2.4915683095129735 , -1401860 -494322 -2533389 -2422769 -796594 -1902550 , 1102054 1734208 -1734208 0 2000130 265922 , -1256621 1357135 -1230020 -593042 1175044 -1317713 , 2727511 -215045 215045 0 1275972 1491017 , 1020909 2533389 494322 2422769 630839 -302272 , -837075 829504 -154490 -351254 -140472 84243 , -485821 154490 -829504 351254 238733 -969976 , -663579 1230020 -1357135 593042 -87693 -182091 , 953404 -1519163 1519163 0 -3276102 -1756939 , 3.5591845536922984e-10 , 6
2.4915683095129735 , -1401860 -494322 -2533389 -2422769 -796594 -1902550 , 1102054 1734208 -1734208 0 2000130 265922 , 1256621 -1357135 1230020 593042 -1175044 1317713 , 2727511 -215045 215045 0 1275972 1491017 , 1020909 2533389 494322 2422769 630839 -302272 , 837075 -829504 154490 351254 140472 -84243 , 485821 -154490 829504 -351254 -238733 969976 , 663579 -1230020 1357135 -593042 87693 182091 , 953404 -1519163 1519163 0 -3276102 -1756939 , 3.5591845536922984e-10 , 7
2.4915683095129735 , -1401860 -494322 -2533389 -2422769 -796594 -1902550 , 2727511 -215045 215045 0 1275972 1491017 , -829504 837075 84243 -969976 485821 -154490 , 1102054 1734208 -1734208 0 2000130 265922 , 1020909 2533389 494322 2422769 630839 -302272 , -1357135 1256621 -1317713 -182091 663579 -1230020 , -1175044 1317713 -1256621 182091 87693 -593042 , 140472 -84243 -837075 969976 -238733 -351254 , 953404 -1519163 1519163 0 -3276102 -1756939 , 3.5591845537076974e-10 , 8
2.4915683095129735 , -1401860 -494322 -2533389 -2422769 -796594 -1902550 , 2727511 -215045 215045 0 1275972 1491017 , 829504 -837075 -84243 969976 -485821 154490 , 1102054 1734208 -1734208 0 2000130 265922 , 1020909 2533389 494322 2422769 630839 -302272 , 1357135 -1256621 1317713 182091 -663579 1230020 , 1175044 -1317713 1256621 -182091 -87693 593042 , -140472 84243 837075 -969976 238733 351254 , 953404 -1519163 1519163 0 -3276102 -1756939 , 3.5591845537076974e-10 , 9
2.4915683095129735 , -1401860 -494322 -2533389 -2422769 -796594 -1902550 , 2727511 -215045 215045 0 1275972 1491017 , -84243 140472 351254 154490 -829504 837075 , 1102054 1734208 -1734208 0 2000130 265922 , 1020909 2533389 494322 2422769 630839 -302272 , 1317713 -1175044 593042 1230020 -1357135 1256621 , 87693 -593042 1175044 -1230020 663579 -182091 , -238733 -351254 -140472 -154490 485821 -969976 , 953404 -1519163 1519163 0 -3276102 -1756939 , 3.5591845537490099e-10 , 10
2.4915683095129735 , -1401860 -494322 -2533389 -2422769 -796594 -1902550 , 2727511 -215045 215045 0 1275972 1491017 , 84243 -140472 -351254 -154490 829504 -837075 , 1102054 1734208 -1734208 0 2000130 265922 , 1020909 2533389 494322 2422769 630839 -302272 , -1317713 1175044 -593042 -1230020 1357135 -1256621 , -87693 593042 -1175044 1230020 -663579 182091 , 238733 351254 140472 154490 -485821 969976 , 953404 -1519163 1519163 0 -3276102 -1756939 , 3.5591845537490099e-10 , 11
2.4915683095129735 , -1401860 -494322 -2533389 -2422769 -796594 -1902550 , 2727511 -215045 215045 0 1275972 1491017 , -837075 -84243 140472 -485821 154490 -829504 , 1102054 1734208 -1734208 0 2000130 265922 , 1020909 2533389 494322 2422769 630839 -302272 , -1256621 1317713 -1175044 -663579 1230020 -1357135 , -593042 1175044 -1317713 663579 -182091 -87693 , -351254 -140472 84243 485821 -969976 238733 , 953404 -1519163 1519163 0 -3276102 -1756939 , 3.559184553808646e-10 , 12
2.4915683095129735 , -1401860 -494322 -2533389 -2422769 -796594 -1902550 , 2727511 -215045 215045 0 1275972 1491017 , 837075 84243 -140472 485821 -154490 829504 , 1102054 1734208 -1734208 0 2000130 265922 , 1020909 2533389 494322 2422769 630839 -302272 , 1256621 -1317713 1175044 663579 -1230020 1357135 , 593042 -1175044 1317713 -663579 182091 87693 , 351254 140472 -84243 -485821 969976 -238733 , 953404 -1519163 1519163 0 -3276102 -1756939 , 3.559184553808646e-10 , 13
2.4915683095129735 , -1401860 -494322 -2533389 -2422769 -796594 -1902550 , 1102054 1734208 -1734208 0 2000130 265922 , -1317713 1256621 -1357135 -87693 593042 -1175044 , 2727511 -215045 215045 0 1275972 1491017 , 1020909 2533389 494322 2422769 630839 -302272 , 84243 837075 -829504 238733 351254 140472 , -154490 829504 -837075 -238733 969976 -485821 , -1230020 1357135 -1256621 87693 182091 -663579 , 953404 -1519163 1519163 0 -3276102 -1756939 , 3.5591845538450978e-10 , 14
2.4915683095129735 , -1401860 -494322 -2533389 -2422769 -796594 -1902550 , 1102054 1734208 -1734208 0 2000130 265922 , 1317713 -1256621 1357135 87693 -593042 1175044 , 2727511 -215045 215045 0 1275972 1491017 , 1020909 2533389 494322 2422769 630839 -302272 , -84243 -837075 829504 -238733 -351254 -140472 , 154490 -829504 837075 238733 -969976 485821 , 1230020 -1357135 1256621 -87693 -182091 663579 , 953404 -1519163 1519163 0 -3276102 -1756939 , 3.5591845538450978e-10 , 15
2.4915683095129735 , -1401860 -494322 -2533389 -2422769 -796594 -1902550 , 1102054 1734208 -1734208 0 2000130 265922 , -182091 -87693 593042 -1357135 1230020 -663579 , 2727511 -215045 215045 0 1275972 1491017 , 1020909 2533389 494322 2422769 630839 -302272 , -969976 238733 351254 -829504 154490 -485821 , -140472 -351254 -238733 829504 -837075 -84243 , 1175044 -593042 87693 1357135 -1256621 1317713 , 953404 -1519163 1519163 0 -3276102 -1756939 , 3.559184553870636e-10 , 16
2.4915683095129735 , -1401860 -494322 -2533389 -2422769 -796594 -1902550 , 1102054 1734208 -1734208 0 2000130 265922 , 182091 87693 -593042 1357135 -1230020 663579 , 2727511 -215045 215045 0 1275972 1491017 , 1020909 2533389 494322 2422769 630839 -302272 , 969976 -238733 -351254 829504 -154490 485821 , 140472 351254 238733 -829504 837075 84243 , -1175044 593042 -87693 -1357135 1256621 -1317713 , 953404 -1519163 1519163 0 -3276102 -1756939 , 3.559184553870636e-10 , 17
2.4915683095129735 , -1401860 -494322 -2533389 -2422769 -796594 -1902550 , 2727511 -215045 215045 0 1275972 1491017 , 969976 -485821 154490 140472 351254 238733 , 1102054 1734208 -1734208 0 2000130 265922 , 1020909 2533389 494322 2422769 630839 -302272 , 182091 -663579 1230020 -1175044 593042 -87693 , 1357135 -1230020 663579 1175044 -1317713 1256621 , 829504 -154490 485821 -140472 84243 837075 , 953404 -1519163 1519163 0 -3276102 -1756939 , 3.5591845539582535e-10 , 18
2.4915683095129735 , -1401860 -494322 -2533389 -2422769 -796594 -1902550 , 2727511 -215045 215045 0 1275972 1491017 , -969976 485821 -154490 -140472 -351254 -238733 , 1102054 1734208 -1734208 0 2000130 265922 , 1020909 2533389 494322 2422769 630839 -302272 , -182091 663579 -1230020 1175044 -593042 87693 , -1357135 1230020 -663579 -1175044 1317713 -1256621 , -829504 154490 -485821 140472 -84243 -837075 , 953404 -1519163 1519163 0 -3276102 -1756939 , 3.5591845539582535e-10 , 19
2.4915683095129735 , -1401860 -494322 -2533389 -2422769 -796594 -1902550 , 1102054 1734208 -1734208 0 2000130 265922 , 663579 -182091 -87693 1256621 -1357135 1230020 , 2727511 -215045 215045 0 1275972 1491017 , 1020909 2533389 494322 2422769 630839 -302272 , 485821 -969976 238733 837075 -829504 154490 , -351254 -238733 969976 -837075 -84243 140472 , -593042 87693 182091 -1256621 1317713 -1175044 , 953404 -1519163 1519163 0 -3276102 -1756939 , 3.5591845539668309e-10 , 20
2.4915683095129735 , -1401860 -494322 -2533389 -2422769 -796594 -1902550 , 1102054 1734208 -1734208 0 2000130 265922 , -663579 182091 87693 -1256621 1357135 -1230020 , 2727511 -215045 215045 0 1275972 1491017 , 1020909 2533389 494322 2422769 630839 -302272 , -485821 969976 -238733 -837075 829504 -154490 , 351254 238733 -969976 837075 84243 -140472 , 593042 -87693 -182091 1256621 -1317713 1175044 , 953404 -1519163 1519163 0 -3276102 -1756939 , 3.5591845539668309e-10 , 21
2.4915683095129735 , -1401860 -494322 -2533389 -2422769 -796594 -1902550 , 1102054 1734208 -1734208 0 2000130 265922 , -1230020 663579 -182091 -1317713 1256621 -1357135 , 2727511 -215045 215045 0 1275972 1491017 , 1020909 2533389 494322 2422769 630839 -302272 , -154490 485821 -969976 84243 837075 -829504 , -238733 969976 -485821 -84243 140472 351254 , 87693 182091 -663579 1317713 -1175044 593042 , 953404 -1519163 1519163 0 -3276102 -1756939 , 3.5591845539670914e-10 , 22
2.4915683095129735 , -1401860 -494322 -2533389 -2422769 -796594 -1902550 , 1102054 1734208 -1734208 0 2000130 265922 , 1230020 -663579 182091 1317713 -1256621 1357135 , 2727511 -215045 215045 0 1275972 1491017 , 1020909 2533389 494322 2422769 630839 -302272 , 154490 -485821 969976 -84243 -837075 829504 , 238733 -969976 485821 84243 -140472 -351254 , -87693 -182091 663579 -1317713 1175044 -593042 , 953404 -1519163 1519163 0 -3276102 -1756939 , 3.5591845539670914e-10 , 23
2.4915683095129735 , -1401860 -494322 -2533389 -2422769 -796594 -1902550 , 1102054 1734208 -1734208 0 2000130 265922 , -1357135 1230020 -663579 -1175044 1317713 -1256621 , 2727511 -215045 215045 0 1275972 1491017 , 1020909 2533389 494322 2422769 630839 -302272 , -829504 154490 -485821 140472 -84243 -837075 , -969976 485821 -154490 -140472 -351254 -238733 , -182091 663579 -1230020 1175044 -593042 87693 , 953404 -1519163 1519163 0 -3276102 -1756939 , 3.5591845539826672e-10 , 24
2.4915683095129735 , -1401860 -494322 -2533389 -2422769 -796594 -1902550 , 1102054 1734208 -1734208 0 2000130 265922 , 1357135 -1230020 663579 1175044 -1317713 1256621 , 2727511 -215045 215045 0 1275972 1491017 , 1020909 2533389 494322 2422769 630839 -302272 , 829504 -154490 485821 -140472 84243 837075 , 969976 -485821 154490 140472 351254 238733 , 182091 -663579 1230020 -1175044 593042 -87693 , 953404 -1519163 1519163 0 -3276102 -1756939 , 3.5591845539826672e-10 , 25
2.4915683095129735 , -1401860 -494322 -2533389 -2422769 -796594 -1902550 , 2727511 -215045 215045 0 1275972 1491017 , -485821 154490 -829504 351254 238733 -969976 , 1102054 1734208 -1734208 0 2000130 265922 , 1020909 2533389 494322 2422769 630839 -302272 , -663579 1230020 -1357135 593042 -87693 -182091 , -1256621 1357135 -1230020 -593042 1175044 -1317713 , -837075 829504 -154490 -351254 -140472 84243 , 953404 -1519163 1519163 0 -3276102 -1756939 , 3.5591845540141017e-10 , 26
2.4915683095129735 , -1401860 -494322 -2533389 -2422769 -796594 -1902550 , 2727511 -215045 215045 0 1275972 1491017 , 485821 -154490 829504 -351254 -238733 969976 , 1102054 1734208 -1734208 0 2000130 265922 , 1020909 2533389 494322 2422769 630839 -302272 , 663579 -1230020 1357135 -593042 87693 182091 , 1256621 -1357135 1230020 593042 -1175044 1317713 , 837075 -829504 154490 351254 140472 -84243 , 953404 -1519163 1519163 0 -3276102 -1756939 , 3.5591845540141017e-10 , 27
2.4915683095129735 , -1401860 -494322 -2533389 -2422769 -796594 -1902550 , 2727511 -215045 215045 0 1275972 1491017 , 351254 238733 -969976 837075 84243 -140472 , 1102054 1734208 -1734208 0 2000130 265922 , 1020909 2533389 494322 2422769 630839 -302272 , 593042 -87693 -182091 1256621 -1317713 1175044 , -663579 182091 87693 -1256621 1357135 -1230020 , -485821 969976 -238733 -837075 829504 -154490 , 953404 -1519163 1519163 0 -3276102 -1756939 , 3.5591845540169544e-10 , 28
2.4915683095129735 , -1401860 -494322 -2533389 -2422769 -796594 -1902550 , 2727511 -215045 215045 0 1275972 1491017 , -351254 -238733 969976 -837075 -84243 140472 , 1102054 1734208 -1734208 0 2000130 265922 , 1020909 2533389 494322 2422769 630839 -302272 , -593042 87693 182091 -1256621 1317713 -1175044 , 663579 -182091 -87693 1256621 -1357135 1230020 , 485821 -969976 238733 837075 -829504 154490 , 953404 -1519163 1519163 0 -3276102 -1756939 , 3.5591845540169544e-10 , 29
2.4915683095129735 , -1401860 -494322 -2533389 -2422769 -796594 -1902550 , 2727511 -215045 215045 0 1275972 1491017 , 140472 351254 238733 -829504 837075 84243 , 1102054 1734208 -1734208 0 2000130 265922 , 1020909 2533389 494322 2422769 630839 -302272 , -1175044 593042 -87693 -1357135 1256621 -1317713 , 182091 87693 -593042 1357135 -1230020 663579 , 969976 -238733 -351254 829504 -154490 485821 , 953404 -1519163 1519163 0 -3276102 -1756939 , 3.5591845540372141e-10 , 30
2.4915683095129735 , -1401860 -494322 -2533389 -2422769 -796594 -1902550 , 2727511 -215045 215045 0 1275972 1491017 , -140472 -351254 -238733 829504 -837075 -84243 , 1102054 1734208 -1734208 0 2000130 265922 , 1020909 2533389 494322 2422769 630839 -302272 , 1175044 -593042 87693 1357135 -1256621 1317713 , -182091 -87693 593042 -1357135 1230020 -663579 , -969976 238733 351254 -829504 154490 -485821 , 953404 -1519163 1519163 0 -3276102 -1756939 , 3.5591845540372141e-10 , 31
2.4915683095129735 , -1401860 -494322 -2533389 -2422769 -796594 -1902550 , 1102054 1734208 -1734208 0 2000130 265922 , -593042 1175044 -1317713 663579 -182091 -87693 , 2727511 -215045 215045 0 1275972 1491017 , 1020909 2533389 494322 2422769 630839 -302272 , -351254 -140472 84243 485821 -969976 238733 , -837075 -84243 140472 -485821 154490 -829504 , -1256621 1317713 -1175044 -663579 1230020 -1357135 , 953404 -1519163 1519163 0 -3276102 -1756939 , 3.5591845540716739e-10 , 32
2.4915683095129735 , -1401860 -494322 -2533389 -2422769 -796594 -1902550 , 1102054 1734208 -1734208 0 2000130 265922 , 593042 -1175044 1317713 -663579 182091 87693 , 2727511 -215045 215045 0 1275972 1491017 , 1020909 2533389 494322 2422769 630839 -302272 , 351254 140472 -84243 -485821 969976 -238733 , 837075 84243 -140472 485821 -154490 829504 , 1256621 -1317713 1175044 663579 -1230020 1357135 , 953404 -1519163 1519163 0 -3276102 -1756939 , 3.5591845540716739e-10 , 33
2.4915683095129735 , -1401860 -494322 -2533389 -2422769 -796594 -1902550 , 2727511 -215045 215045 0 1275972 1491017 , 154490 -829504 837075 238733 -969976 485821 , 1102054 1734208 -1734208 0 2000130 265922 , 1020909 2533389 494322 2422769 630839 -302272 , 1230020 -1357135 1256621 -87693 -182091 663579 , 1317713 -1256621 1357135 87693 -593042 1175044 , -84243 -837075 829504 -238733 -351254 -140472 , 953404 -1519163 1519163 0 -3276102 -1756939 , 3.5591845541262188e-10 , 34
2.4915683095129735 , -1401860 -494322 -2533389 -2422769 -796594 -1902550 , 2727511 -215045 215045 0 1275972 1491017 , -154490 829504 -837075 -238733 969976 -485821 , 1102054 1734208 -1734208 0 2000130 265922 , 1020909 2533389 494322 2422769 630839 -302272 , -1230020 1357135 -1256621 87693 182091 -663579 , -1317713 1256621 -1357135 -87693 593042 -1175044 , 84243 837075 -829504 238733 351254 140472 , 953404 -1519163 1519163 0 -3276102 -1756939 , 3.5591845541262188e-10 , 35
2.599734773010644 , -1368014 -366725 -3028232 -1550450 -1495697 -1355888 , 2562757 -32163 32163 0 1337395 1369558 , 333065 -708618 141163 -83158 491485 -644382 , 1266808 1551326 -1551326 0 1938707 387381 , 182436 3028232 366725 1550450 1672344 -1128972 , 487849 -748240 1081823 -915830 603306 -6903 , 1403679 -1081823 748240 915830 -1088726 1351546 , 416223 -141163 708618 83158 -785545 1200103 , 953404 -1519163 1519163 0 -3276102 -1756939 , 3.5591845452068165e-10 , 0
2.599734773010644 , -1368014 -366725 -3028232 -1550450 -1495697 -1355888 , 2562757 -32163 32163 0 1337395 1369558 , -333065 708618 -141163 83158 -491485 644382 , 1266808 1551326 -1551326 0 1938707 387381 , 182436 3028232 366725 1550450 1672344 -1128972 , -487849 748240 -1081823 915830 -603306 6903 , -1403679 1081823 -748240 -915830 1088726 -1351546 , -416223 141163 -708618 -83158 785545 -1200103 , 953404 -1519163 1519163 0 -3276102 -1756939 , 3.5591845452068165e-10 , 1
2.599734773010644 , -1368014 -366725 -3028232 -1550450 -1495697 -1355888 , 2562757 -32163 32163 0 1337395 1369558 , 785545 -83158 491485 141163 -416223 1200103 , 1266808 1551326 -1551326 0 1938707 387381 , 182436 3028232 366725 1550450 1672344 -1128972 , 1088726 -915830 603306 1081823 -1403679 1351546 , 6903 -603306 915830 -1081823 748240 -487849 , 644382 -491485 83158 -141163 708618 -333065 , 953404 -1519163 1519163 0 -3276102 -1756939 , 3.5591845452150387e-10 , 2
2.599734773010644 , -1368014 -366725 -3028232 -1550450 -1495697 -1355888 , 2562757 -32163 32163 0 1337395 1369558 , -785545 83158 -491485 -141163 416223 -1200103 , 1266808 1551326 -1551326 0 1938707 387381 , 182436 3028232 366725 1550450 1672344 -1128972 , -1088726 915830 -603306 -1081823 1403679 -1351546 , -6903 603306 -915830 1081823 -748240 487849 , -644382 491485 -83158 141163 -708618 333065 , 953404 -1519163 1519163 0 -3276102 -1756939 , 3.5591845452150387e-10 , 3
2.599734773010644 , -1368014 -366725 -3028232 -1550450 -1495697 -1355888 , 2562757 -32163 32163 0 1337395 1369558 , -83158 491485 -644382 -416223 1200103 -785545 , 1266808 1551326 -1551326 0 1938707 387381 , 182436 3028232 366725 1550450 1672344 -1128972 , -915830 603306 -6903 -1403679 1351546 -1088726 , 487849 6903 -603306 1403679 -1081823 748240 , 333065 644382 -491485 416223 -141163 708618 , 953404 -1519163 1519163 0 -3276102 -1756939 , 3.5591845452321826e-10 , 4
2.599734773010644 , -1368014 -366725 -3028232 -1550450 -1495697 -1355888 , 2562757 -32163 32163 0 1337395 1369558 , 83158 -491485 644382 416223 -1200103 785545 , 1266808 1551326 -1551326 0 1938707 387381 , 182436 3028232 366725 1550450 1672344 -1128972 , 915830 -603306 6903 1403679 -1351546 1088726 , -487849 -6903 603306 -1403679 1081823 -748240 , -333065 -644382 491485 -416223 141163 -708618 , 953404 -1519163 1519163 0 -3276102 -1756939 , 3.5591845452321826e-10 , 5
2.599734773010644 , -1368014 -366725 -3028232 -1550450 -1495697 -1355888 , 1266808 1551326 -1551326 0 1938707 387381 , -1081823 748240 -487849 -1088726 1351546 -1403679 , 2562757 -32163 32163 0 1337395 1369558 , 182436 3028232 366725 1550450 1672344 -1128972 , -141163 708618 -333065 -785545 1200103 -416223 , 644382 333065 -708618 785545 -83158 491485 , 6903 487849 -748240 1088726 -915830 603306 , 953404 -1519163 1519163 0 -3276102 -1756939 , 3.5591845452350389e-10 , 6
2.599734773010644 , -1368014 -366725 -3028232 -1550450 -1495697 -1355888 , 1266808 1551326 -1551326 0 1938707 387381 , 1081823 -748240 487849 1088726 -1351546 1403679 , 2562757 -32163 32163 0 1337395 1369558 , 182436 3028232 366725 1550450 1672344 -1128972 , 141163 -708618 333065 785545 -1200103 416223 , -644382 -333065 708618 -785545 83158 -491485 , -6903 -487849 748240 -1088726 915830 -603306 , 953404 -1519163 1519163 0 -3276102 -1756939 , 3.5591845452350389e-10 , 7
2.599734773010644 , -1368014 -366725 -3028232 -1550450 -1495697 -1355888 , 2562757 -32163 32163 0 1337395 1369558 , -491485 644382 333065 -1200103 785545 -83158 , 1266808 1551326 -1551326 0 1938707 387381 , 182436 3028232 366725 1550450 1672344 -1128972 , -603306 6903 487849 -1351546 1088726 -915830 , 748240 -487849 -6903 1351546 -1403679 1081823 , 708618 -333065 -644382 1200103 -416223 141163 , 953404 -1519163 1519163 0 -3276102 -1756939 , 3.5591845452431763e-10 , 8
2.599734773010644 , -1368014 -366725 -3028232 -1550450 -1495697 -1355888 , 2562757 -32163 32163 0 1337395 1369558 , 491485 -644382 -333065 1200103 -785545 83158 , 1266808 1551326 -1551326 0 1938707 387381 , 182436 3028232 366725 1550450 1672344 -1128972 , 603306 -6903 -487849 1351546 -1088726 915830 , -748240 487849 6903 -1351546 1403679 -1081823 , -708618 333065 644382 -1200103 416223 -141163 , 953404 -1519163 1519163 0 -3276102 -1756939 , 3.5591845452431763e-10 , 9
2.599734773010644 , -1368014 -366725 -3028232 -1550450 -1495697 -1355888 , 1266808 1551326 -1551326 0 1938707 387381 , -1088726 1351546 -1403679 -6903 603306 -915830 , 2562757 -32163 32163 0 1337395 1369558 , 182436 3028232 366725 1550450 1672344 -1128972 , -785545 1200103 -416223 -644382 491485 -83158 , -141163 416223 -1200103 644382 333065 -708618 , -1081823 1403679 -1351546 6903 487849 -748240 , 953404 -1519163 1519163 0 -3276102 -1756939 , 3.5591845452458667e-10 , 10
2.599734773010644 , -1368014 -366725 -3028232 -1550450 -1495697 -1355888 , 1266808 1551326 -1551326 0 1938707 387381 , 1088726 -1351546 1403679 6903 -603306 915830 , 2562757 -32163 32163 0 1337395 1369558 , 182436 3028232 366725 1550450 1672344 -1128972 , 785545 -1200103 416223 644382 -491485 83158 , 141163 -416223 1200103 -644382 -333065 708618 , 1081823 -1403679 1351546 -6903 -487849 748240 , 953404 -1519163 1519163 0 -3276102 -1756939 , 3.5591845452458667e-10 , 11
2.599734773010644 , -1368014 -366725 -3028232 -1550450 -1495697 -1355888 , 1266808 1551326 -1551326 0 1938707 387381 , 748240 -487849 -6903 1351546 -1403679 1081823 , 2562757 -32163 32163 0 1337395 1369558 , 182436 3028232 366725 1550450 1672344 -1128972 , 708618 -333065 -644382 1200103 -416223 141163 , -491485 644382 333065 -1200103 785545 -83158 , -603306 6903 487849 -1351546 1088726 -915830 , 953404 -1519163 1519163 0 -3276102 -1756939 , 3.5591845452473334e-10 , 12
2.599734773010644 , -1368014 -366725 -3028232 -1550450 -1495697 -1355888 , 1266808 1551326 -1551326 0 1938707 387381 , -748240 487849 6903 -1351546 1403679 -1081823 , 2562757 -32163 32163 0 1337395 1369558 , 182436 3028232 366725 1550450 1672344 -1128972 , -708618 333065 644382 -1200103 416223 -141163 , 491485 -644382 -333065 1200103 -785545 83158 , 603306 -6903 -487849 1351546 -1088726 915830 , 953404 -1519163 1519163 0 -3276102 -1756939 , 3.5591845452473334e-10 , 13
2.599734773010644 , -1368014 -366725 -3028232 -1550450 -1495697 -1355888 , 2562757 -32163 32163 0 1337395 1369558 , -708618 141163 -416223 491485 -644382 -333065 , 1266808 1551326 -1551326 0 1938707 387381 , 182436 3028232 366725 1550450 1672344 -1128972 , -748240 1081823 -1403679 603306 -6903 -487849 , -1351546 1403679 -1081823 -603306 915830 -1088726 , -1200103 416223 -141163 -491485 83158 -785545 , 953404 -1519163 1519163 0 -3276102 -1756939 , 3.5591845452525291e-10 , 14
2.599734773010644 , -1368014 -366725 -3028232 -1550450 -1495697 -1355888 , 2562757 -32163 32163 0 1337395 1369558 , 708618 -141163 416223 -491485 644382 333065 , 1266808 1551326 -1551326 0 1938707 387381 , 182436 3028232 366725 1550450 1672344 -1128972 , 748240 -1081823 1403679 -603306 6903 487849 , 1351546 -1403679 1081823 603306 -915830 1088726 , 1200103 -416223 141163 491485 -83158 785545 , 953404 -1519163 1519163 0 -3276102 -1756939 , 3.5591845452525291e-10 , 15
2.599734773010644 , -1368014 -366725 -3028232 -1550450 -1495697 -1355888 , 1266808 1551326 -1551326 0 1938707 387381 , -915830 1088726 -1351546 487849 6903 -603306 , 2562757 -32163 32163 0 1337395 1369558 , 182436 3028232 366725 1550450 1672344 -1128972 , -83158 785545 -1200103 333065 644382 -491485 , -416223 1200103 -785545 -333065 708618 -141163 , -1403679 1351546 -1088726 -487849 748240 -1081823 , 953404 -1519163 1519163 0 -3276102 -1756939 , 3.5591845452560881e-10 , 16
2.599734773010644 , -1368014 -366725 -3028232 -1550450 -1495697 -1355888 , 1266808 1551326 -1551326 0 1938707 387381 , 915830 -1088726 1351546 -487849 -6903 603306 , 2562757 -32163 32163 0 1337395 1369558 , 182436 3028232 366725 1550450 1672344 -1128972 , 83158 -785545 1200103 -333065 -644382 491485 , 416223 -1200103 785545 333065 -708618 141163 , 1403679 -1351546 1088726 487849 -748240 1081823 , 953404 -1519163 1519163 0 -3276102 -1756939 , 3.5591845452560881e-10 , 17
2.599734773010644 , -1368014 -366725 -3028232 -1550450 -1495697 -1355888 , 1266808 1551326 -1551326 0 1938707 387381 , -487849 -6903 603306 -1403679 1081823 -748240 , 2562757 -32163 32163 0 1337395 1369558 , 182436 3028232 366725 1550450 1672344 -1128972 , -333065 -644382 491485 -416223 141163 -708618 , 83158 -491485 644382 416223 -1200103 785545 , 915830 -603306 6903 1403679 -1351546 1088726 , 953404 -1519163 1519163 0 -3276102 -1756939 , 3.5591845452621373e-10 , 18
2.599734773010644 , -1368014 -366725 -3028232 -1550450 -1495697 -1355888 , 1266808 1551326 -1551326 0 1938707 387381 , 487849 6903 -603306 1403679 -1081823 748240 , 2562757 -32163 32163 0 1337395 1369558 , 182436 3028232 366725 1550450 1672344 -1128972 , 333065 644382 -491485 416223 -141163 708618 , -83158 491485 -644382 -416223 1200103 -785545 , -915830 603306 -6903 -1403679 1351546 -1088726 , 953404 -1519163 1519163 0 -3276102 -1756939 , 3.5591845452621373e-10 , 19
2.599734773010644 , -1368014 -366725 -3028232 -1550450 -1495697 -1355888 , 1266808 1551326 -1551326 0 1938707 387381 , -6903 603306 -915830 1081823 -748240 487849 , 2562757 -32163 32163 0 1337395 1369558 , 182436 3028232 366725 1550450 1672344 -1128972 , -644382 491485 -83158 141163 -708618 333065 , -785545 83158 -491485 -141163 416223 -1200103 , -1088726 915830 -603306 -1081823 1403679 -1351546 , 953404 -1519163 1519163 0 -3276102 -1756939 , 3.559184545265778e-10 , 20
2.599734773010644 , -1368014 -366725 -3028232 -1550450 -1495697 -1355888 , 1266808 1551326 -1551326 0 1938707 387381 , 6903 -603306 915830 -1081823 748240 -487849 , 2562757 -32163 32163 0 1337395 1369558 , 182436 3028232 366725 1550450 1672344 -1128972 , 644382 -491485 83158 -141163 708618 -333065 , 785545 -83158 491485 141163 -416223 1200103 , 1088726 -915830 603306 1081823 -1403679 1351546 , 953404 -1519163 1519163 0 -3276102 -1756939 , 3.559184545265778e-10 , 21
2.599734773010644 , -1368014 -366725 -3028232 -1550450 -1495697 -1355888 , 2562757 -32163 32163 0 1337395 1369558 , -141163 416223 -1200103 644382 333065 -708618 , 1266808 1551326 -1551326 0 1938707 387381 , 182436 3028232 366725 1550450 1672344 -1128972 , -1081823 1403679 -1351546 6903 487849 -748240 , -1088726 1351546 -1403679 -6903 603306 -915830 , -785545 1200103 -416223 -644382 491485 -83158 , 953404 -1519163 1519163 0 -3276102 -1756939 , 3.5591845452750409e-10 , 22
2.599734773010644 , -1368014 -366725 -3028232 -1550450 -1495697 -1355888 , 2562757 -32163 32163 0 1337395 1369558 , 141163 -416223 1200103 -644382 -333065 708618 , 1266808 1551326 -1551326 0 1938707 387381 , 182436 3028232 366725 1550450 1672344 -1128972 , 1081823 -1403679 1351546 -6903 -487849 748240 , 1088726 -1351546 1403679 6903 -603306 915830 , 785545 -1200103 416223 644382 -491485 83158 , 953404 -1519163 1519163 0 -3276102 -1756939 , 3.5591845452750409e-10 , 23
2.599734773010644 , -1368014 -366725 -3028232 -1550450 -1495697 -1355888 , 2562757 -32163 32163 0 1337395 1369558 , 416223 -1200103 785545 333065 -708618 141163 , 1266808 1551326 -1551326 0 1938707 387381 , 182436 3028232 366725 1550450 1672344 -1128972 , 1403679 -1351546 1088726 487849 -748240 1081823 , 915830 -1088726 1351546 -487849 -6903 603306 , 83158 -785545 1200103 -333065 -644382 491485 , 953404 -1519163 1519163 0 -3276102 -1756939 , 3.5591845452819644e-10 , 24
2.599734773010644 , -1368014 -366725 -3028232 -1550450 -1495697 -1355888 , 2562757 -32163 32163 0 1337395 1369558 , -416223 1200103 -785545 -333065 708618 -141163 , 1266808 1551326 -1551326 0 1938707 387381 , 182436 3028232 366725 1550450 1672344 -1128972 , -1403679 1351546 -1088726 -487849 748240 -1081823 , -915830 1088726 -1351546 487849 6903 -603306 , -83158 785545 -1200103 333065 644382 -491485 , 953404 -1519163 1519163 0 -3276102 -1756939 , 3.5591845452819644e-10 , 25
2.599734773010644 , -1368014 -366725 -3028232 -1550450 -1495697 -1355888 , 1266808 1551326 -1551326 0 1938707 387381 , -603306 915830 -1088726 748240 -487849 -6903 , 2562757 -32163 32163 0 1337395 1369558 , 182436 3028232 366725 1550450 1672344 -1128972 , -491485 83158 -785545 708618 -333065 -644382 , -1200103 785545 -83158 -708618 141163 -416223 , -1351546 1088726 -915830 -748240 1081823 -1403679 , 953404 -1519163 1519163 0 -3276102 -1756939 , 3.5591845452820584e-10 , 26
2.599734773010644 , -1368014 -366725 -3028232 -1550450 -1495697 -1355888 , 1266808 1551326 -1551326 0 1938707 387381 , 603306 -915830 1088726 -748240 487849 6903 , 2562757 -32163 32163 0 1337395 1369558 , 182436 3028232 366725 1550450 1672344 -1128972 , 491485 -83158 785545 -708618 333065 644382 , 1200103 -785545 83158 708618 -141163 416223 , 1351546 -1088726 915830 748240 -1081823 1403679 , 953404 -1519163 1519163 0 -3276102 -1756939 , 3.5591845452820584e-10 , 27
2.599734773010644 , -1368014 -366725 -3028232 -1550450 -1495697 -1355888 , 1266808 1551326 -1551326 0 1938707 387381 , -1403679 1081823 -748240 -915830 1088726 -1351546 , 2562757 -32163 32163 0 1337395 1369558 , 182436 3028232 366725 1550450 1672344 -1128972 , -416223 141163 -708618 -83158 785545 -1200103 , -333065 708618 -141163 83158 -491485 644382 , -487849 748240 -1081823 915830 -603306 6903 , 953404 -1519163 1519163 0 -3276102 -1756939 , 3.5591845452833509e-10 , 28
2.599734773010644 , -1368014 -366725 -3028232 -1550450 -1495697 -1355888 , 1266808 1551326 -1551326 0 1938707 387381 , 1403679 -1081823 748240 915830 -1088726 1351546 , 2562757 -32163 32163 0 1337395 1369558 , 182436 3028232 366725 1550450 1672344 -1128972 , 416223 -141163 708618 83158 -785545 1200103 , 333065 -708618 141163 -83158 491485 -644382 , 487849 -748240 1081823 -915830 603306 -6903 , 953404 -1519163 1519163 0 -3276102 -1756939 , 3.5591845452833509e-10 , 29
2.599734773010644 , -1368014 -366725 -3028232 -1550450 -1495697 -1355888 , 2562757 -32163 32163 0 1337395 1369558 , 644382 333065 -708618 785545 -83158 491485 , 1266808 1551326 -1551326 0 1938707 387381 , 182436 3028232 366725 1550450 1672344 -1128972 , 6903 487849 -748240 1088726 -915830 603306 , -1081823 748240 -487849 -1088726 1351546 -1403679 , -141163 708618 -333065 -785545 1200103 -416223 , 953404 -1519163 1519163 0 -3276102 -1756939 , 3.5591845452863008e-10 , 30
2.599734773010644 , -1368014 -366725 -3028232 -1550450 -1495697 -1355888 , 2562757 -32163 32163 0 1337395 1369558 , -644382 -333065 708618 -785545 83158 -491485 , 1266808 1551326 -1551326 0 1938707 387381 , 182436 3028232 366725 1550450 1672344 -1128972 , -6903 -487849 748240 -1088726 915830 -603306 , 1081823 -748240 487849 1088726 -1351546 1403679 , 141163 -708618 333065 785545 -1200103 416223 , 953404 -1519163 1519163 0 -3276102 -1756939 , 3.5591845452863008e-10 , 31
2.599734773010644 , -1368014 -366725 -3028232 -1550450 -1495697 -1355888 , 1266808 1551326 -1551326 0 1938707 387381 , -1351546 1403679 -1081823 -603306 915830 -1088726 , 2562757 -32163 32163 0 1337395 1369558 , 182436 3028232 366725 1550450 1672344 -1128972 , -1200103 416223 -141163 -491485 83158 -785545 , -708618 141163 -416223 491485 -644382 -333065 , -748240 1081823 -1403679 603306 -6903 -487849 , 953404 -1519163 1519163 0 -3276102 -1756939 , 3.5591845452926159e-10 , 32
2.599734773010644 , -1368014 -366725 -3028232 -1550450 -1495697 -1355888 , 1266808 1551326 -1551326 0 1938707 387381 , 1351546 -1403679 1081823 603306 -915830 1088726 , 2562757 -32163 32163 0 1337395 1369558 , 182436 3028232 366725 1550450 1672344 -1128972 , 1200103 -416223 141163 491485 -83158 785545 , 708618 -141163 416223 -491485 644382 333065 , 748240 -1081823 1403679 -603306 6903 487849 , 953404 -1519163 1519163 0 -3276102 -1756939 , 3.5591845452926159e-10 , 33
2.599734773010644 , -1368014 -366725 -3028232 -1550450 -1495697 -1355888 , 2562757 -32163 32163 0 1337395 1369558 , -1200103 785545 -83158 -708618 141163 -416223 , 1266808 1551326 -1551326 0 1938707 387381 , 182436 3028232 366725 1550450 1672344 -1128972 , -1351546 1088726 -915830 -748240 1081823 -1403679 , -603306 915830 -1088726 748240 -487849 -6903 , -491485 83158 -785545 708618 -333065 -644382 , 953404 -1519163 1519163 0 -3276102 -1756939 , 3.5591845453077677e-10 , 34
2.599734773010644 , -1368014 -366725 -3028232 -1550450 -1495697 -1355888 , 2562757 -32163 32163 0 1337395 1369558 , 1200103 -785545 83158 708618 -141163 416223 , 1266808 1551326 -1551326 0 1938707 387381 , 182436 3028232 366725 1550450 1672344 -1128972 , 1351546 -1088726 915830 748240 -1081823 1403679 , 603306 -915830 1088726 -748240 487849 6903 , 491485 -83158 785545 -708618 333065 644382 , 953404 -1519163 1519163 0 -3276102 -1756939 , 3.5591845453077677e-10 , 35
2.705695183026534 , 415232 -2568814 -923890 -1581094 -2122201 39938 , 2813197 -249789 249789 0 1293241 1543030 , -453975 -228677 271815 -469724 233565 -602930 , 1016368 1768952 -1768952 0 1982861 213909 , 1996326 923890 2568814 1581094 963828 446613 , 630943 -54527 174960 1011534 -1420752 1541842 , -380591 -174960 54527 -1011534 1366882 -1366225 , 15749 -271815 228677 469724 -874745 462242 , 953404 -1519163 1519163 0 -3276102 -1756939 , 3.5591845508963199e-10 , 0
2.705695183026534 , 415232 -2568814 -923890 -1581094 -2122201 39938 , 2813197 -249789 249789 0 1293241 1543030 , 453975 228677 -271815 469724 -233565 602930 , 1016368 1768952 -1768952 0 1982861 213909 , 1996326 923890 2568814 1581094 963828 446613 , -630943 54527 -174960 -1011534 1420752 -1541842 , 380591 174960 -54527 1011534 -1366882 1366225 , -15749 271815 -228677 -469724 874745 -462242 , 953404 -1519163 1519163 0 -3276102 -1756939 , 3.5591845508963199e-10 , 1
2.705695183026534 , 415232 -2568814 -923890 -1581094 -2122201 39938 , 2813197 -249789 249789 0 1293241 1543030 , -469724 233565 -602930 -15749 462242 -874745 , 1016368 1768952 -1768952 0 1982861 213909 , 1996326 923890 2568814 1581094 963828 446613 , 1011534 -1420752 1541842 380591 -1366225 1366882 , 630943 -1541842 1420752 -380591 -174960 54527 , -453975 602930 -233565 15749 -271815 228677 , 953404 -1519163 1519163 0 -3276102 -1756939 , 3.5591845510831784e-10 , 2
2.705695183026534 , 415232 -2568814 -923890 -1581094 -2122201 39938 , 2813197 -249789 249789 0 1293241 1543030 , 469724 -233565 602930 15749 -462242 874745 , 1016368 1768952 -1768952 0 1982861 213909 , 1996326 923890 2568814 1581094 963828 446613 , -1011534 1420752 -1541842 -380591 1366225 -1366882 , -630943 1541842 -1420752 380591 174960 -54527 , 453975 -602930 233565 -15749 271815 -228677 , 953404 -1519163 1519163 0 -3276102 -1756939 , 3.5591845510831784e-10 , 3
2.705695183026534 , 415232 -2568814 -923890 -1581094 -2122201 39938 , 1016368 1768952 -1768952 0 1982861 213909 , -174960 54527 -630943 1366882 -1366225 380591 , 2813197 -249789 249789 0 1293241 1543030 , 1996326 923890 2568814 1581094 963828 446613 , -271815 228677 453975 -874745 462242 -15749 , 602930 -453975 -228677 874745 -469724 233565 , -1541842 630943 -54527 -1366882 1011534 -1420752 , 953404 -1519163 1519163 0 -3276102 -1756939 , 3.5591845510857737e-10 , 4
2.705695183026534 , 415232 -2568814 -923890 -1581094 -2122201 39938 , 1016368 1768952 -1768952 0 1982861 213909 , 174960 -54527 630943 -1366882 1366225 -380591 , 2813197 -249789 249789 0 1293241 1543030 , 1996326 923890 2568814 1581094 963828 446613 , 271815 -228677 -453975 874745 -462242 15749 , -602930 453975 228677 -874745 469724 -233565 , 1541842 -630943 54527 1366882 -1011534 1420752 , 953404 -1519163 1519163 0 -3276102 -1756939 , 3.5591845510857737e-10 , 5
2.705695183026534 , 415232 -2568814 -923890 -1581094 -2122201 39938 , 1016368 1768952 -1768952 0 1982861 213909 , -1011534 1366882 -1366225 -630943 1541842 -1420752 , 2813197 -249789 249789 0 1293241 1543030 , 1996326 923890 2568814 1581094 963828 446613 , 469724 -874745 462242 453975 -602930 233565 , 15749 -462242 874745 -453975 -228677 271815 , -380591 1366225 -1366882 630943 -54527 174960 , 953404 -1519163 1519163 0 -3276102 -1756939 , 3.5591845511257741e-10 , 6
2.705695183026534 , 415232 -2568814 -923890 -1581094 -2122201 39938 , 1016368 1768952 -1768952 0 1982861 213909 , 1011534 -1366882 1366225 630943 -1541842 1420752 , 2813197 -249789 249789 0 1293241 1543030 , 1996326 923890 2568814 1581094 963828 446613 , -469724 874745 -462242 -453975 602930 -233565 , -15749 462242 -874745 453975 228677 -271815 , 380591 -1366225 1366882 -630943 54527 -174960 , 953404 -1519163 1519163 0 -3276102 -1756939 , 3.5591845511257741e-10 , 7
2.705695183026534 , 415232 -2568814 -923890 -1581094 -2122201 39938 , 1016368 1768952 -1768952 0 1982861 213909 , 1366882 -1366225 380591 1541842 -1420752 1011534 , 2813197 -249789 249789 0 1293241 1543030 , 1996326 923890 2568814 1581094 963828 446613 , -874745 462242 -15749 -602930 233565 -469724 , -271815 15749 -462242 602930 -453975 -228677 , -174960 -380591 1366225 -1541842 630943 -54527 , 953404 -1519163 1519163 0 -3276102 -1756939 , 3.5591845511330512e-10 , 8
2.705695183026534 , 415232 -2568814 -923890 -1581094 -2122201 39938 , 1016368 1768952 -1768952 0 1982861 213909 , -1366882 1366225 -380591 -1541842 1420752 -1011534 , 2813197 -249789 249789 0 1293241 1543030 , 1996326 923890 2568814 1581094 963828 446613 , 874745 -462242 15749 602930 -233565 469724 , 271815 -15749 462242 -602930 453975 228677 , 174960 380591 -1366225 1541842 -630943 54527 , 953404 -1519163 1519163 0 -3276102 -1756939 , 3.5591845511330512e-10 , 9
2.705695183026534 , 415232 -2568814 -923890 -1581094 -2122201 39938 , 1016368 1768952 -1768952 0 1982861 213909 , 54527 -630943 1541842 -1366225 380591 174960 , 2813197 -249789 249789 0 1293241 1543030 , 1996326 923890 2568814 1581094 963828 446613 , 228677 453975 -602930 462242 -15749 271815 , -233565 602930 -453975 -462242 874745 -469724 , 1420752 -1541842 630943 1366225 -1366882 1011534 , 953404 -1519163 1519163 0 -3276102 -1756939 , 3.5591845511346844e-10 , 10
2.705695183026534 , 415232 -2568814 -923890 -1581094 -2122201 39938 , 1016368 1768952 -1768952 0 1982861 213909 , -54527 630943 -1541842 1366225 -380591 -174960 , 2813197 -249789 249789 0 1293241 1543030 , 1996326 923890 2568814 1581094 963828 446613 , -228677 -453975 602930 -462242 15749 -271815 , 233565 -602930 453975 462242 -874745 469724 , -1420752 1541842 -630943 -1366225 1366882 -1011534 , 953404 -1519163 1519163 0 -3276102 -1756939 , 3.5591845511346844e-10 , 11
2.705695183026534 , 415232 -2568814 -923890 -1581094 -2122201 39938 , 1016368 1768952 -1768952 0 1982861 213909 , -1366225 380591 174960 -1420752 1011534 -1366882 , 2813197 -249789 249789 0 1293241 1543030 , 1996326 923890 2568814 1581094 963828 446613 , 462242 -15749 271815 233565 -469724 874745 , 228677 -271815 15749 -233565 602930 -453975 , 54527 -174960 -380591 1420752 -1541842 630943 , 953404 -1519163 1519163 0 -3276102 -1756939 , 3.5591845511714867e-10 , 12
2.705695183026534 , 415232 -2568814 -923890 -1581094 -2122201 39938 , 1016368 1768952 -1768952 0 1982861 213909 , 1366225 -380591 -174960 1420752 -1011534 1366882 , 2813197 -249789 249789 0 1293241 1543030 , 1996326 923890 2568814 1581094 963828 446613 , -462242 15749 -271815 -233565 469724 -874745 , -228677 271815 -15749 233565 -602930 453975 , -54527 174960 380591 -1420752 1541842 -630943 , 953404 -1519163 1519163 0 -3276102 -1756939 , 3.5591845511714867e-10 , 13
2.705695183026534 , 415232 -2568814 -923890 -1581094 -2122201 39938 , 2813197 -249789 249789 0 1293241 1543030 , -228677 271815 -15749 233565 -602930 453975 , 1016368 1768952 -1768952 0 1982861 213909 , 1996326 923890 2568814 1581094 963828 446613 , -54527 174960 380591 -1420752 1541842 -630943 , 1366225 -380591 -174960 1420752 -1011534 1366882 , -462242 15749 -271815 -233565 469724 -874745 , 953404 -1519163 1519163 0 -3276102 -1756939 , 3.5591845512147772e-10 , 14
2.705695183026534 , 415232 -2568814 -923890 -1581094 -2122201 39938 , 2813197 -249789 249789 0 1293241 1543030 , 228677 -271815 15749 -233565 602930 -453975 , 1016368 1768952 -1768952 0 1982861 213909 , 1996326 923890 2568814 1581094 963828 446613 , 54527 -174960 -380591 1420752 -1541842 630943 , -1366225 380591 174960 -1420752 1011534 -1366882 , 462242 -15749 271815 233565 -469724 874745 , 953404 -1519163 1519163 0 -3276102 -1756939 , 3.5591845512147772e-10 , 15
2.705695183026534 , 415232 -2568814 -923890 -1581094 -2122201 39938 , 1016368 1768952 -1768952 0 1982861 213909 , -630943 1541842 -1420752 380591 174960 -54527 , 2813197 -249789 249789 0 1293241 1543030 , 1996326 923890 2568814 1581094 963828 446613 , 453975 -602930 233565 -15749 271815 -228677 , 469724 -233565 602930 15749 -462242 874745 , -1011534 1420752 -1541842 -380591 1366225 -1366882 , 953404 -1519163 1519163 0 -3276102 -1756939 , 3.559184551219807e-10 , 16
2.705695183026534 , 415232 -2568814 -923890 -1581094 -2122201 39938 , 1016368 1768952 -1768952 0 1982861 213909 , 630943 -1541842 1420752 -380591 -174960 54527 , 2813197 -249789 249789 0 1293241 1543030 , 1996326 923890 2568814 1581094 963828 446613 , -453975 602930 -233565 15749 -271815 228677 , -469724 233565 -602930 -15749 462242 -874745 , 1011534 -1420752 1541842 380591 -1366225 1366882 , 953404 -1519163 1519163 0 -3276102 -1756939 , 3.559184551219807e-10 , 17
2.705695183026534 , 415232 -2568814 -923890 -1581094 -2122201 39938 , 2813197 -249789 249789 0 1293241 1543030 , 874745 -469724 233565 271815 -15749 462242 , 1016368 1768952 -1768952 0 1982861 213909 , 1996326 923890 2568814 1581094 963828 446613 , -1366882 1011534 -1420752 174960 380591 -1366225 , -1541842 1420752 -1011534 -174960 54527 -630943 , 602930 -233565 469724 -271815 228677 453975 , 953404 -1519163 1519163 0 -3276102 -1756939 , 3.5591845512225677e-10 , 18
2.705695183026534 , 415232 -2568814 -923890 -1581094 -2122201 39938 , 2813197 -249789 249789 0 1293241 1543030 , -874745 469724 -233565 -271815 15749 -462242 , 1016368 1768952 -1768952 0 1982861 213909 , 1996326 923890 2568814 1581094 963828 446613 , 1366882 -1011534 1420752 -174960 -380591 1366225 , 1541842 -1420752 1011534 174960 -54527 630943 , -602930 233565 -469724 271815 -228677 -453975 , 953404 -1519163 1519163 0 -3276102 -1756939 , 3.5591845512225677e-10 , 19
2.705695183026534 , 415232 -2568814 -923890 -1581094 -2122201 39938 , 2813197 -249789 249789 0 1293241 1543030 , 15749 -462242 874745 -453975 -228677 271815 , 1016368 1768952 -1768952 0 1982861 213909 , 1996326 923890 2568814 1581094 963828 446613 , -380591 1366225 -1366882 630943 -54527 174960 , -1011534 1366882 -1366225 -630943 1541842 -1420752 , 469724 -874745 462242 453975 -602930 233565 , 953404 -1519163 1519163 0 -3276102 -1756939 , 3.5591845512671481e-10 , 20
2.705695183026534 , 415232 -2568814 -923890 -1581094 -2122201 39938 , 2813197 -249789 249789 0 1293241 1543030 , -15749 462242 -874745 453975 228677 -271815 , 1016368 1768952 -1768952 0 1982861 213909 , 1996326 923890 2568814 1581094 963828 446613 , 380591 -1366225 1366882 -630943 54527 -174960 , 1011534 -1366882 1366225 630943 -1541842 1420752 , -469724 874745 -462242 -453975 602930 -233565 , 953404 -1519163 1519163 0 -3276102 -1756939 , 3.5591845512671481e-10 , 21
2.705695183026534 , 415232 -2568814 -923890 -1581094 -2122201 39938 , 1016368 1768952 -1768952 0 1982861 213909 , -1420752 1011534 -1366882 -54527 630943 -1541842 , 2813197 -249789 249789 0 1293241 1543030 , 1996326 923890 2568814 1581094 963828 446613 , 233565 -469724 874745 -228677 -453975 602930 , 462242 -874745 469724 228677 -271815 15749 , -1366225 1366882 -1011534 54527 -174960 -380591 , 953404 -1519163 1519163 0 -3276102 -1756939 , 3.559184551267603e-10 , 22
2.705695183026534 , 415232 -2568814 -923890 -1581094 -2122201 39938 , 1016368 1768952 -1768952 0 1982861 213909 , 1420752 -1011534 1366882 54527 -630943 1541842 , 2813197 -249789 249789 0 1293241 1543030 , 1996326 923890 2568814 1581094 963828 446613 , -233565 469724 -874745 228677 453975 -602930 , -462242 874745 -469724 -228677 271815 -15749 , 1366225 -1366882 1011534 -54527 174960 380591 , 953404 -1519163 1519163 0 -3276102 -1756939 , 3.559184551267603e-10 , 23
2.705695183026534 , 415232 -2568814 -923890 -1581094 -2122201 39938 , 1016368 1768952 -1768952 0 1982861 213909 , -1541842 1420752 -1011534 -174960 54527 -630943 , 2813197 -249789 249789 0 1293241 1543030 , 1996326 923890 2568814 1581094 963828 446613 , 602930 -233565 469724 -271815 228677 453975 , 874745 -469724 233565 271815 -15749 462242 , -1366882 1011534 -1420752 174960 380591 -1366225 , 953404 -1519163 1519163 0 -3276102 -1756939 , 3.5591845512719948e-10 , 24
2.705695183026534 , 415232 -2568814 -923890 -1581094 -2122201 39938 , 1016368 1768952 -1768952 0 1982861 213909 , 1541842 -1420752 1011534 174960 -54527 630943 , 2813197 -249789 249789 0 1293241 1543030 , 1996326 923890 2568814 1581094 963828 446613 , -602930 233565 -469724 271815 -228677 -453975 , -874745 469724 -233565 -271815 15749 -462242 , 1366882 -1011534 1420752 -174960 -380591 1366225 , 953404 -1519163 1519163 0 -3276102 -1756939 , 3.5591845512719948e-10 , 25
2.705695183026534 , 415232 -2568814 -923890 -1581094 -2122201 39938 , 2813197 -249789 249789 0 1293241 1543030 , 602930 -453975 -228677 874745 -469724 233565 , 1016368 1768952 -1768952 0 1982861 213909 , 1996326 923890 2568814 1581094 963828 446613 , -1541842 630943 -54527 -1366882 1011534 -1420752 , -174960 54527 -630943 1366882 -1366225 380591 , -271815 228677 453975 -874745 462242 -15749 , 953404 -1519163 1519163 0 -3276102 -1756939 , 3.5591845513089822e-10 , 26
2.705695183026534 , 415232 -2568814 -923890 -1581094 -2122201 39938 , 2813197 -249789 249789 0 1293241 1543030 , -602930 453975 228677 -874745 469724 -233565 , 1016368 1768952 -1768952 0 1982861 213909 , 1996326 923890 2568814 1581094 963828 446613 , 1541842 -630943 54527 1366882 -1011534 1420752 , 174960 -54527 630943 -1366882 1366225 -380591 , 271815 -228677 -453975 874745 -462242 15749 , 953404 -1519163 1519163 0 -3276102 -1756939 , 3.5591845513089822e-10 , 27
2.705695183026534 , 415232 -2568814 -923890 -1581094 -2122201 39938 , 1016368 1768952 -1768952 0 1982861 213909 , 380591 174960 -54527 1011534 -1366882 1366225 , 2813197 -249789 249789 0 1293241 1543030 , 1996326 923890 2568814 1581094 963828 446613 , -15749 271815 -228677 -469724 874745 -462242 , 453975 228677 -271815 469724 -233565 602930 , -630943 54527 -174960 -1011534 1420752 -1541842 , 953404 -1519163 1519163 0 -3276102 -1756939 , 3.5591845513181339e-10 , 28
2.705695183026534 , 415232 -2568814 -923890 -1581094 -2122201 39938 , 1016368 1768952 -1768952 0 1982861 213909 , -380591 -174960 54527 -1011534 1366882 -1366225 , 2813197 -249789 249789 0 1293241 1543030 , 1996326 923890 2568814 1581094 963828 446613 , 15749 -271815 228677 469724 -874745 462242 , -453975 -228677 271815 -469724 233565 -602930 , 630943 -54527 174960 1011534 -1420752 1541842 , 953404 -1519163 1519163 0 -3276102 -1756939 , 3.5591845513181339e-10 , 29
2.705695183026534 , 415232 -2568814 -923890 -1581094 -2122201 39938 , 2813197 -249789 249789 0 1293241 1543030 , -233565 602930 -453975 -462242 874745 -469724 , 1016368 1768952 -1768952 0 1982861 213909 , 1996326 923890 2568814 1581094 963828 446613 , 1420752 -1541842 630943 1366225 -1366882 1011534 , 54527 -630943 1541842 -1366225 380591 174960 , 228677 453975 -602930 462242 -15749 271815 , 953404 -1519163 1519163 0 -3276102 -1756939 , 3.5591845513195355e-10 , 30
2.705695183026534 , 415232 -2568814 -923890 -1581094 -2122201 39938 , 2813197 -249789 249789 0 1293241 1543030 , 233565 -602930 453975 462242 -874745 469724 , 1016368 1768952 -1768952 0 1982861 213909 , 1996326 923890 2568814 1581094 963828 446613 , -1420752 1541842 -630943 -1366225 1366882 -1011534 , -54527 630943 -1541842 1366225 -380591 -174960 , -228677 -453975 602930 -462242 15749 -271815 , 953404 -1519163 1519163 0 -3276102 -1756939 , 3.5591845513195355e-10 , 31
2.705695183026534 , 415232 -2568814 -923890 -1581094 -2122201 39938 , 2813197 -249789 249789 0 1293241 1543030 , -271815 15749 -462242 602930 -453975 -228677 , 1016368 1768952 -1768952 0 1982861 213909 , 1996326 923890 2568814 1581094 963828 446613 , -174960 -380591 1366225 -1541842 630943 -54527 , 1366882 -1366225 380591 1541842 -1420752 1011534 , -874745 462242 -15749 -602930 233565 -469724 , 953404 -1519163 1519163 0 -3276102 -1756939 , 3.559184551321681e-10 , 32
2.705695183026534 , 415232 -2568814 -923890 -1581094 -2122201 39938 , 2813197 -249789 249789 0 1293241 1543030 , 271815 -15749 462242 -602930 453975 228677 , 1016368 1768952 -1768952 0 1982861 213909 , 1996326 923890 2568814 1581094 963828 446613 , 174960 380591 -1366225 1541842 -630943 54527 , -1366882 1366225 -380591 -1541842 1420752 -1011534 , 874745 -462242 15749 602930 -233565 469724 , 953404 -1519163 1519163 0 -3276102 -1756939 , 3.559184551321681e-10 , 33
2.705695183026534 , 415232 -2568814 -923890 -1581094 -2122201 39938 , 2813197 -249789 249789 0 1293241 1543030 , -462242 874745 -469724 -228677 271815 -15749 , 1016368 1768952 -1768952 0 1982861 213909 , 1996326 923890 2568814 1581094 963828 446613 , 1366225 -1366882 1011534 -54527 174960 380591 , 1420752 -1011534 1366882 54527 -630943 1541842 , -233565 469724 -874745 228677 453975 -602930 , 953404 -1519163 1519163 0 -3276102 -1756939 , 3.559184551355219e-10 , 34
2.705695183026534 , 415232 -2568814 -923890 -1581094 -2122201 39938 , 2813197 -249789 249789 0 1293241 1543030 , 462242 -874745 469724 228677 -271815 15749 , 1016368 1768952 -1768952 0 1982861 213909 , 1996326 923890 2568814 1581094 963828 446613 , -1366225 1366882 -1011534 54527 -174960 -380591 , -1420752 1011534 -1366882 -54527 630943 -1541842 , 233565 -469724 874745 -228677 -453975 602930 , 953404 -1519163 1519163 0 -3276102 -1756939 , 3.559184551355219e-10 , 35
2.8162034573972057 , 293127 -2350254 -1397196 -844867 -2728762 491654 , 2679238 -118058 118058 0 1329351 1447409 , -968394 274413 -104505 -494582 237259 -800249 , 1150327 1637221 -1637221 0 1946751 309530 , 1137994 1397196 2350254 844867 1888850 -378508 , 750875 -1516840 1561795 -247851 -517845 500857 , 998726 -1561795 1516840 247851 -1060938 998995 , -473812 104505 -274413 494582 -695744 -37154 , 953404 -1519163 1519163 0 -3276102 -1756939 , 3.5591846017542843e-10 , 0
2.8162034573972057 , 293127 -2350254 -1397196 -844867 -2728762 491654 , 2679238 -118058 118058 0 1329351 1447409 , 968394 -274413 104505 494582 -237259 800249 , 1150327 1637221 -1637221 0 1946751 309530 , 1137994 1397196 2350254 844867 1888850 -378508 , -750875 1516840 -1561795 247851 517845 -500857 , -998726 1561795 -1516840 -247851 1060938 -998995 , 473812 -104505 274413 -494582 695744 37154 , 953404 -1519163 1519163 0 -3276102 -1756939 , 3.5591846017542843e-10 , 1
2.8162034573972057 , 293127 -2350254 -1397196 -844867 -2728762 491654 , 1150327 1637221 -1637221 0 1946751 309530 , -750875 500857 -517845 -998726 1561795 -1516840 , 2679238 -118058 118058 0 1329351 1447409 , 1137994 1397196 2350254 844867 1888850 -378508 , 968394 -800249 237259 473812 -104505 274413 , 494582 -237259 800249 -473812 37154 695744 , 247851 517845 -500857 998726 -998995 1060938 , 953404 -1519163 1519163 0 -3276102 -1756939 , 3.5591846018985254e-10 , 2
2.8162034573972057 , 293127 -2350254 -1397196 -844867 -2728762 491654 , 1150327 1637221 -1637221 0 1946751 309530 , 750875 -500857 517845 998726 -1561795 1516840 , 2679238 -118058 118058 0 1329351 1447409 , 1137994 1397196 2350254 844867 1888850 -378508 , -968394 800249 -237259 -473812 104505 -274413 , -494582 237259 -800249 473812 -37154 -695744 , -247851 -517845 500857 -998726 998995 -1060938 , 953404 -1519163 1519163 0 -3276102 -1756939 , 3.5591846018985254e-10 , 3
2.8162034573972057 , 293127 -2350254 -1397196 -844867 -2728762 491654 , 2679238 -118058 118058 0 1329351 1447409 , -695744 494582 -237259 104505 -473812 37154 , 1150327 1637221 -1637221 0 1946751 309530 , 1137994 1397196 2350254 844867 1888850 -378508 , -1060938 247851 517845 -1561795 998726 -998995 , 500857 -517845 -247851 1561795 -1516840 750875 , -800249 237259 -494582 -104505 274413 -968394 , 953404 -1519163 1519163 0 -3276102 -1756939 , 3.5591846021821465e-10 , 4
2.8162034573972057 , 293127 -2350254 -1397196 -844867 -2728762 491654 , 2679238 -118058 118058 0 1329351 1447409 , 695744 -494582 237259 -104505 473812 -37154 , 1150327 1637221 -1637221 0 1946751 309530 , 1137994 1397196 2350254 844867 1888850 -378508 , 1060938 -247851 -517845 1561795 -998726 998995 , -500857 517845 247851 -1561795 1516840 -750875 , 800249 -237259 494582 104505 -274413 968394 , 953404 -1519163 1519163 0 -3276102 -1756939 , 3.5591846021821465e-10 , 5
2.8162034573972057 , 293127 -2350254 -1397196 -844867 -2728762 491654 , 1150327 1637221 -1637221 0 1946751 309530 , -1060938 998995 -998726 500857 -517845 -247851 , 2679238 -118058 118058 0 1329351 1447409 , 1137994 1397196 2350254 844867 1888850 -378508 , -695744 -37154 473812 -800249 237259 -494582 , 104505 -473812 37154 800249 -968394 274413 , -1561795 998726 -998995 -500857 750875 -1516840 , 953404 -1519163 1519163 0 -3276102 -1756939 , 3.5591846026074833e-10 , 6
2.8162034573972057 , 293127 -2350254 -1397196 -844867 -2728762 491654 , 1150327 1637221 -1637221 0 1946751 309530 , 1060938 -998995 998726 -500857 517845 247851 , 2679238 -118058 118058 0 1329351 1447409 , 1137994 1397196 2350254 844867 1888850 -378508 , 695744 37154 -473812 800249 -237259 494582 , -104505 473812 -37154 -800249 968394 -274413 , 1561795 -998726 998995 500857 -750875 1516840 , 953404 -1519163 1519163 0 -3276102 -1756939 , 3.5591846026074833e-10 , 7
2.8162034573972057 , 293127 -2350254 -1397196 -844867 -2728762 491654 , 2679238 -118058 118058 0 1329351 1447409 , -473812 37154 695744 -968394 274413 -104505 , 1150327 1637221 -1637221 0 1946751 309530 , 1137994 1397196 2350254 844867 1888850 -378508 , 998726 -998995 1060938 750875 -1516840 1561795 , 247851 -1060938 998995 -750875 500857 -517845 , 494582 -695744 -37154 968394 -800249 237259 , 953404 -1519163 1519163 0 -3276102 -1756939 , 3.5591846027382239e-10 , 8
2.8162034573972057 , 293127 -2350254 -1397196 -844867 -2728762 491654 , 2679238 -118058 118058 0 1329351 1447409 , 473812 -37154 -695744 968394 -274413 104505 , 1150327 1637221 -1637221 0 1946751 309530 , 1137994 1397196 2350254 844867 1888850 -378508 , -998726 998995 -1060938 -750875 1516840 -1561795 , -247851 1060938 -998995 750875 -500857 517845 , -494582 695744 37154 -968394 800249 -237259 , 953404 -1519163 1519163 0 -3276102 -1756939 , 3.5591846027382239e-10 , 9
2.8162034573972057 , 293127 -2350254 -1397196 -844867 -2728762 491654 , 2679238 -118058 118058 0 1329351 1447409 , 37154 695744 -494582 274413 -104505 473812 , 1150327 1637221 -1637221 0 1946751 309530 , 1137994 1397196 2350254 844867 1888850 -378508 , -998995 1060938 -247851 -1516840 1561795 -998726 , 517845 247851 -1060938 1516840 -750875 500857 , -237259 494582 -695744 -274413 968394 -800249 , 953404 -1519163 1519163 0 -3276102 -1756939 , 3.5591846027391669e-10 , 10
2.8162034573972057 , 293127 -2350254 -1397196 -844867 -2728762 491654 , 2679238 -118058 118058 0 1329351 1447409 , -37154 -695744 494582 -274413 104505 -473812 , 1150327 1637221 -1637221 0 1946751 309530 , 1137994 1397196 2350254 844867 1888850 -378508 , 998995 -1060938 247851 1516840 -1561795 998726 , -517845 -247851 1060938 -1516840 750875 -500857 , 237259 -494582 695744 274413 -968394 800249 , 953404 -1519163 1519163 0 -3276102 -1756939 , 3.5591846027391669e-10 , 11
2.8162034573972057 , 293127 -2350254 -1397196 -844867 -2728762 491654 , 2679238 -118058 118058 0 1329351 1447409 , 104505 -473812 37154 800249 -968394 274413 , 1150327 1637221 -1637221 0 1946751 309530 , 1137994 1397196 2350254 844867 1888850 -378508 , -1561795 998726 -998995 -500857 750875 -1516840 , -1060938 998995 -998726 500857 -517845 -247851 , -695744 -37154 473812 -800249 237259 -494582 , 953404 -1519163 1519163 0 -3276102 -1756939 , 3.5591846027459446e-10 , 12
2.8162034573972057 , 293127 -2350254 -1397196 -844867 -2728762 491654 , 2679238 -118058 118058 0 1329351 1447409 , -104505 473812 -37154 -800249 968394 -274413 , 1150327 1637221 -1637221 0 1946751 309530 , 1137994 1397196 2350254 844867 1888850 -378508 , 1561795 -998726 998995 500857 -750875 1516840 , 1060938 -998995 998726 -500857 517845 247851 , 695744 37154 -473812 800249 -237259 494582 , 953404 -1519163 1519163 0 -3276102 -1756939 , 3.5591846027459446e-10 , 13
2.8162034573972057 , 293127 -2350254 -1397196 -844867 -2728762 491654 , 2679238 -118058 118058 0 1329351 1447409 , -494582 237259 -800249 473812 -37154 -695744 , 1150327 1637221 -1637221 0 1946751 309530 , 1137994 1397196 2350254 844867 1888850 -378508 , -247851 -517845 500857 -998726 998995 -1060938 , 750875 -500857 517845 998726 -1561795 1516840 , -968394 800249 -237259 -473812 104505 -274413 , 953404 -1519163 1519163 0 -3276102 -1756939 , 3.5591846027489498e-10 , 14
2.8162034573972057 , 293127 -2350254 -1397196 -844867 -2728762 491654 , 2679238 -118058 118058 0 1329351 1447409 , 494582 -237259 800249 -473812 37154 695744 , 1150327 1637221 -1637221 0 1946751 309530 , 1137994 1397196 2350254 844867 1888850 -378508 , 247851 517845 -500857 998726 -998995 1060938 , -750875 500857 -517845 -998726 1561795 -1516840 , 968394 -800249 237259 473812 -104505 274413 , 953404 -1519163 1519163 0 -3276102 -1756939 , 3.5591846027489498e-10 , 15
2.8162034573972057 , 293127 -2350254 -1397196 -844867 -2728762 491654 , 1150327 1637221 -1637221 0 1946751 309530 , 500857 -517845 -247851 1561795 -1516840 750875 , 2679238 -118058 118058 0 1329351 1447409 , 1137994 1397196 2350254 844867 1888850 -378508 , -800249 237259 -494582 -104505 274413 -968394 , -695744 494582 -237259 104505 -473812 37154 , -1060938 247851 517845 -1561795 998726 -998995 , 953404 -1519163 1519163 0 -3276102 -1756939 , 3.5591846028810785e-10 , 16
2.8162034573972057 , 293127 -2350254 -1397196 -844867 -2728762 491654 , 1150327 1637221 -1637221 0 1946751 309530 , -500857 517845 247851 -1561795 1516840 -750875 , 2679238 -118058 118058 0 1329351 1447409 , 1137994 1397196 2350254 844867 1888850 -378508 , 800249 -237259 494582 104505 -274413 968394 , 695744 -494582 237259 -104505 473812 -37154 , 1060938 -247851 -517845 1561795 -998726 998995 , 953404 -1519163 1519163 0 -3276102 -1756939 , 3.5591846028810785e-10 , 17
2.8162034573972057 , 293127 -2350254 -1397196 -844867 -2728762 491654 , 1150327 1637221 -1637221 0 1946751 309530 , -247851 1060938 -998995 750875 -500857 517845 , 2679238 -118058 118058 0 1329351 1447409 , 1137994 1397196 2350254 844867 1888850 -378508 , -494582 695744 37154 -968394 800249 -237259 , 473812 -37154 -695744 968394 -274413 104505 , -998726 998995 -1060938 -750875 1516840 -1561795 , 953404 -1519163 1519163 0 -3276102 -1756939 , 3.5591846028879978e-10 , 18
2.8162034573972057 , 293127 -2350254 -1397196 -844867 -2728762 491654 , 1150327 1637221 -1637221 0 1946751 309530 , 247851 -1060938 998995 -750875 500857 -517845 , 2679238 -118058 118058 0 1329351 1447409 , 1137994 1397196 2350254 844867 1888850 -378508 , 494582 -695744 -37154 968394 -800249 237259 , -473812 37154 695744 -968394 274413 -104505 , 998726 -998995 1060938 750875 -1516840 1561795 , 953404 -1519163 1519163 0 -3276102 -1756939 , 3.5591846028879978e-10 , 19
2.8162034573972057 , 293127 -2350254 -1397196 -844867 -2728762 491654 , 1150327 1637221 -1637221 0 1946751 309530 , -998995 998726 -1561795 517845 247851 -1060938 , 2679238 -118058 118058 0 1329351 1447409 , 1137994 1397196 2350254 844867 1888850 -378508 , 37154 -473812 104505 -237259 494582 -695744 , 274413 -104505 473812 237259 -800249 968394 , -1516840 1561795 -998726 -517845 500857 -750875 , 953404 -1519163 1519163 0 -3276102 -1756939 , 3.5591846030273974e-10 , 20
2.8162034573972057 , 293127 -2350254 -1397196 -844867 -2728762 491654 , 1150327 1637221 -1637221 0 1946751 309530 , 998995 -998726 1561795 -517845 -247851 1060938 , 2679238 -118058 118058 0 1329351 1447409 , 1137994 1397196 2350254 844867 1888850 -378508 , -37154 473812 -104505 237259 -494582 695744 , -274413 104505 -473812 -237259 800249 -968394 , 1516840 -1561795 998726 517845 -500857 750875 , 953404 -1519163 1519163 0 -3276102 -1756939 , 3.5591846030273974e-10 , 21
2.8162034573972057 , 293127 -2350254 -1397196 -844867 -2728762 491654 , 2679238 -118058 118058 0 1329351 1447409 , 800249 -968394 274413 695744 -494582 237259 , 1150327 1637221 -1637221 0 1946751 309530 , 1137994 1397196 2350254 844867 1888850 -378508 , -500857 750875 -1516840 1060938 -247851 -517845 , -1561795 1516840 -750875 -1060938 998995 -998726 , 104505 -274413 968394 -695744 -37154 473812 , 953404 -1519163 1519163 0 -3276102 -1756939 , 3.5591846030353518e-10 , 22
2.8162034573972057 , 293127 -2350254 -1397196 -844867 -2728762 491654 , 2679238 -118058 118058 0 1329351 1447409 , -800249 968394 -274413 -695744 494582 -237259 , 1150327 1637221 -1637221 0 1946751 309530 , 1137994 1397196 2350254 844867 1888850 -378508 , 500857 -750875 1516840 -1060938 247851 517845 , 1561795 -1516840 750875 1060938 -998995 998726 , -104505 274413 -968394 695744 37154 -473812 , 953404 -1519163 1519163 0 -3276102 -1756939 , 3.5591846030353518e-10 , 23
2.8162034573972057 , 293127 -2350254 -1397196 -844867 -2728762 491654 , 1150327 1637221 -1637221 0 1946751 309530 , -1516840 750875 -500857 -998995 998726 -1561795 , 2679238 -118058 118058 0 1329351 1447409 , 1137994 1397196 2350254 844867 1888850 -378508 , 274413 -968394 800249 37154 -473812 104505 , 237259 -800249 968394 -37154 -695744 494582 , -517845 500857 -750875 998995 -1060938 247851 , 953404 -1519163 1519163 0 -3276102 -1756939 , 3.5591846031717342e-10 , 24
2.8162034573972057 , 293127 -2350254 -1397196 -844867 -2728762 491654 , 1150327 1637221 -1637221 0 1946751 309530 , 1516840 -750875 500857 998995 -998726 1561795 , 2679238 -118058 118058 0 1329351 1447409 , 1137994 1397196 2350254 844867 1888850 -378508 , -274413 968394 -800249 -37154 473812 -104505 , -237259 800249 -968394 37154 695744 -494582 , 517845 -500857 750875 -998995 1060938 -247851 , 953404 -1519163 1519163 0 -3276102 -1756939 , 3.5591846031717342e-10 , 25
2.8162034573972057 , 293127 -2350254 -1397196 -844867 -2728762 491654 , 1150327 1637221 -1637221 0 1946751 309530 , -1561795 1516840 -750875 -1060938 998995 -998726 , 2679238 -118058 118058 0 1329351 1447409 , 1137994 1397196 2350254 844867 1888850 -378508 , 104505 -274413 968394 -695744 -37154 473812 , 800249 -968394 274413 695744 -494582 237259 , -500857 750875 -1516840 1060938 -247851 -517845 , 953404 -1519163 1519163 0 -3276102 -1756939 , 3.5591846031776362e-10 , 26
2.8162034573972057 , 293127 -2350254 -1397196 -844867 -2728762 491654 , 1150327 1637221 -1637221 0 1946751 309530 , 1561795 -1516840 750875 1060938 -998995 998726 , 2679238 -118058 118058 0 1329351 1447409 , 1137994 1397196 2350254 844867 1888850 -378508 , -104505 274413 -968394 695744 37154 -473812 , -800249 968394 -274413 -695744 494582 -237259 , 500857 -750875 1516840 -1060938 247851 517845 , 953404 -1519163 1519163 0 -3276102 -1756939 , 3.5591846031776362e-10 , 27
2.8162034573972057 , 293127 -2350254 -1397196 -844867 -2728762 491654 , 2679238 -118058 118058 0 1329351 1447409 , -237259 800249 -968394 37154 695744 -494582 , 1150327 1637221 -1637221 0 1946751 309530 , 1137994 1397196 2350254 844867 1888850 -378508 , 517845 -500857 750875 -998995 1060938 -247851 , 1516840 -750875 500857 998995 -998726 1561795 , -274413 968394 -800249 -37154 473812 -104505 , 953404 -1519163 1519163 0 -3276102 -1756939 , 3.5591846033154605e-10 , 28
2.8162034573972057 , 293127 -2350254 -1397196 -844867 -2728762 491654 , 2679238 -118058 118058 0 1329351 1447409 , 237259 -800249 968394 -37154 -695744 494582 , 1150327 1637221 -1637221 0 1946751 309530 , 1137994 1397196 2350254 844867 1888850 -378508 , -517845 500857 -750875 998995 -1060938 247851 , -1516840 750875 -500857 -998995 998726 -1561795 , 274413 -968394 800249 37154 -473812 104505 , 953404 -1519163 1519163 0 -3276102 -1756939 , 3.5591846033154605e-10 , 29
2.8162034573972057 , 293127 -2350254 -1397196 -844867 -2728762 491654 , 2679238 -118058 118058 0 1329351 1447409 , -274413 104505 -473812 -237259 800249 -968394 , 1150327 1637221 -1637221 0 1946751 309530 , 1137994 1397196 2350254 844867 1888850 -378508 , 1516840 -1561795 998726 517845 -500857 750875 , 998995 -998726 1561795 -517845 -247851 1060938 , -37154 473812 -104505 237259 -494582 695744 , 953404 -1519163 1519163 0 -3276102 -1756939 , 3.5591846033175429e-10 , 30
2.8162034573972057 , 293127 -2350254 -1397196 -844867 -2728762 491654 , 2679238 -118058 118058 0 1329351 1447409 , 274413 -104505 473812 237259 -800249 968394 , 1150327 1637221 -1637221 0 1946751 309530 , 1137994 1397196 2350254 844867 1888850 -378508 , -1516840 1561795 -998726 -517845 500857 -750875 , -998995 998726 -1561795 517845 247851 -1060938 , 37154 -473812 104505 -237259 494582 -695744 , 953404 -1519163 1519163 0 -3276102 -1756939 , 3.5591846033175429e-10 , 31
2.8162034573972057 , 293127 -2350254 -1397196 -844867 -2728762 491654 , 1150327 1637221 -1637221 0 1946751 309530 , -998726 1561795 -1516840 -247851 1060938 -998995 , 2679238 -118058 118058 0 1329351 1447409 , 1137994 1397196 2350254 844867 1888850 -378508 , 473812 -104505 274413 -494582 695744 37154 , 968394 -274413 104505 494582 -237259 800249 , -750875 1516840 -1561795 247851 517845 -500857 , 953404 -1519163 1519163 0 -3276102 -1756939 , 3.5591846037316156e-10 , 32
2.8162034573972057 , 293127 -2350254 -1397196 -844867 -2728762 491654 , 1150327 1637221 -1637221 0 1946751 309530 , 998726 -1561795 1516840 247851 -1060938 998995 , 2679238 -118058 118058 0 1329351 1447409 , 1137994 1397196 2350254 844867 1888850 -378508 , -473812 104505 -274413 494582 -695744 -37154 , -968394 274413 -104505 -494582 237259 -800249 , 750875 -1516840 1561795 -247851 -517845 500857 , 953404 -1519163 1519163 0 -3276102 -1756939 , 3.5591846037316156e-10 , 33
2.8162034573972057 , 293127 -2350254 -1397196 -844867 -2728762 491654 , 1150327 1637221 -1637221 0 1946751 309530 , -517845 -247851 1060938 -1516840 750875 -500857 , 2679238 -118058 118058 0 1329351 1447409 , 1137994 1397196 2350254 844867 1888850 -378508 , 237259 -494582 695744 274413 -968394 800249 , -37154 -695744 494582 -274413 104505 -473812 , 998995 -1060938 247851 1516840 -1561795 998726 , 953404 -1519163 1519163 0 -3276102 -1756939 , 3.5591846038817514e-10 , 34
2.8162034573972057 , 293127 -2350254 -1397196 -844867 -2728762 491654 , 1150327 1637221 -1637221 0 1946751 309530 , 517845 247851 -1060938 1516840 -750875 500857 , 2679238 -118058 118058 0 1329351 1447409 , 1137994 1397196 2350254 844867 1888850 -378508 , -237259 494582 -695744 -274413 968394 -800249 , 37154 695744 -494582 274413 -104505 473812 , -998995 1060938 -247851 -1516840 1561795 -998726 , 953404 -1519163 1519163 0 -3276102 -1756939 , 3.5591846038817514e-10 , 35
2.926836714448585 , -478999 -2387548 -728593 -2822572 -903130 -731233 , 1476241 1216545 -1216545 0 1777228 560683 , -466479 565856 -1494129 1074767 -182898 -700204 , 2353324 302618 -302618 0 1498874 1196256 , 2343573 728593 2387548 2822572 -2640 1484418 , 794747 -1063216 771108 415392 -686727 587207 , 379355 -771108 1063216 -415392 -183901 376489 , -1541246 1494129 -565856 -1074767 793925 -748754 , 953404 -1519163 1519163 0 -3276102 -1756939 , 3.5591845752256539e-10 , 0
2.926836714448585 , -478999 -2387548 -728593 -2822572 -903130 -731233 , 1476241 1216545 -1216545 0 1777228 560683 , 466479 -565856 1494129 -1074767 182898 700204 , 2353324 302618 -302618 0 1498874 1196256 , 2343573 728593 2387548 2822572 -2640 1484418 , -794747 1063216 -771108 -415392 686727 -587207 , -379355 771108 -1063216 415392 183901 -376489 , 1541246 -1494129 565856 1074767 -793925 748754 , 953404 -1519163 1519163 0 -3276102 -1756939 , 3.5591845752256539e-10 , 1
2.926836714448585 , -478999 -2387548 -728593 -2822572 -903130 -731233 , 2353324 302618 -302618 0 1498874 1196256 , -794747 587207 -686727 -379355 771108 -1063216 , 1476241 1216545 -1216545 0 1777228 560683 , 2343573 728593 2387548 2822572 -2640 1484418 , 466479 -700204 -182898 1541246 -1494129 565856 , -1074767 182898 700204 -1541246 748754 -793925 , -415392 686727 -587207 379355 -376489 183901 , 953404 -1519163 1519163 0 -3276102 -1756939 , 3.5591845752275186e-10 , 2
2.926836714448585 , -478999 -2387548 -728593 -2822572 -903130 -731233 , 2353324 302618 -302618 0 1498874 1196256 , 794747 -587207 686727 379355 -771108 1063216 , 1476241 1216545 -1216545 0 1777228 560683 , 2343573 728593 2387548 2822572 -2640 1484418 , -466479 700204 182898 -1541246 1494129 -565856 , 1074767 -182898 -700204 1541246 -748754 793925 , 415392 -686727 587207 -379355 376489 -183901 , 953404 -1519163 1519163 0 -3276102 -1756939 , 3.5591845752275186e-10 , 3
2.926836714448585 , -478999 -2387548 -728593 -2822572 -903130 -731233 , 2353324 302618 -302618 0 1498874 1196256 , 376489 -379355 771108 -686727 415392 183901 , 1476241 1216545 -1216545 0 1777228 560683 , 2343573 728593 2387548 2822572 -2640 1484418 , -748754 1541246 -1494129 -182898 1074767 -793925 , -565856 1494129 -1541246 182898 700204 -466479 , 1063216 -771108 379355 686727 -587207 794747 , 953404 -1519163 1519163 0 -3276102 -1756939 , 3.5591845753398772e-10 , 4
2.926836714448585 , -478999 -2387548 -728593 -2822572 -903130 -731233 , 2353324 302618 -302618 0 1498874 1196256 , -376489 379355 -771108 686727 -415392 -183901 , 1476241 1216545 -1216545 0 1777228 560683 , 2343573 728593 2387548 2822572 -2640 1484418 , 748754 -1541246 1494129 182898 -1074767 793925 , 565856 -1494129 1541246 -182898 -700204 466479 , -1063216 771108 -379355 -686727 587207 -794747 , 953404 -1519163 1519163 0 -3276102 -1756939 , 3.5591845753398772e-10 , 5
2.926836714448585 , -478999 -2387548 -728593 -2822572 -903130 -731233 , 2353324 302618 -302618 0 1498874 1196256 , -415392 -183901 376489 -794747 587207 -686727 , 1476241 1216545 -1216545 0 1777228 560683 , 2343573 728593 2387548 2822572 -2640 1484418 , -1074767 793925 -748754 466479 -700204 -182898 , -1541246 748754 -793925 -466479 565856 -1494129 , 379355 -376489 183901 794747 -1063216 771108 , 953404 -1519163 1519163 0 -3276102 -1756939 , 3.5591845754421518e-10 , 6
2.926836714448585 , -478999 -2387548 -728593 -2822572 -903130 -731233 , 2353324 302618 -302618 0 1498874 1196256 , 415392 183901 -376489 794747 -587207 686727 , 1476241 1216545 -1216545 0 1777228 560683 , 2343573 728593 2387548 2822572 -2640 1484418 , 1074767 -793925 748754 -466479 700204 182898 , 1541246 -748754 793925 466479 -565856 1494129 , -379355 376489 -183901 -794747 1063216 -771108 , 953404 -1519163 1519163 0 -3276102 -1756939 , 3.5591845754421518e-10 , 7
2.926836714448585 , -478999 -2387548 -728593 -2822572 -903130 -731233 , 1476241 1216545 -1216545 0 1777228 560683 , -700204 466479 -565856 793925 -1074767 182898 , 2353324 302618 -302618 0 1498874 1196256 , 2343573 728593 2387548 2822572 -2640 1484418 , 587207 -794747 1063216 -183901 -415392 686727 , 771108 -1063216 794747 183901 -376489 379355 , -1494129 565856 -466479 -793925 748754 -1541246 , 953404 -1519163 1519163 0 -3276102 -1756939 , 3.5591845754438434e-10 , 8
2.926836714448585 , -478999 -2387548 -728593 -2822572 -903130 -731233 , 1476241 1216545 -1216545 0 1777228 560683 , 700204 -466479 565856 -793925 1074767 -182898 , 2353324 302618 -302618 0 1498874 1196256 , 2343573 728593 2387548 2822572 -2640 1484418 , -587207 794747 -1063216 183901 415392 -686727 , -771108 1063216 -794747 -183901 376489 -379355 , 1494129 -565856 466479 793925 -748754 1541246 , 953404 -1519163 1519163 0 -3276102 -1756939 , 3.5591845754438434e-10 , 9
2.926836714448585 , -478999 -2387548 -728593 -2822572 -903130 -731233 , 1476241 1216545 -1216545 0 1777228 560683 , -1494129 1541246 -748754 -700204 466479 -565856 , 2353324 302618 -302618 0 1498874 1196256 , 2343573 728593 2387548 2822572 -2640 1484418 , 771108 -379355 376489 587207 -794747 1063216 , 183901 -376489 379355 -587207 686727 -415392 , -793925 748754 -1541246 700204 182898 -1074767 , 953404 -1519163 1519163 0 -3276102 -1756939 , 3.5591845755428125e-10 , 10
2.926836714448585 , -478999 -2387548 -728593 -2822572 -903130 -731233 , 1476241 1216545 -1216545 0 1777228 560683 , 1494129 -1541246 748754 700204 -466479 565856 , 2353324 302618 -302618 0 1498874 1196256 , 2343573 728593 2387548 2822572 -2640 1484418 , -771108 379355 -376489 -587207 794747 -1063216 , -183901 376489 -379355 587207 -686727 415392 , 793925 -748754 1541246 -700204 -182898 1074767 , 953404 -1519163 1519163 0 -3276102 -1756939 , 3.5591845755428125e-10 , 11
2.926836714448585 , -478999 -2387548 -728593 -2822572 -903130 -731233 , 2353324 302618 -302618 0 1498874 1196256 , -379355 771108 -1063216 415392 183901 -376489 , 1476241 1216545 -1216545 0 1777228 560683 , 2343573 728593 2387548 2822572 -2640 1484418 , 1541246 -1494129 565856 1074767 -793925 748754 , 466479 -565856 1494129 -1074767 182898 700204 , -794747 1063216 -771108 -415392 686727 -587207 , 953404 -1519163 1519163 0 -3276102 -1756939 , 3.5591845755432509e-10 , 12
2.926836714448585 , -478999 -2387548 -728593 -2822572 -903130 -731233 , 2353324 302618 -302618 0 1498874 1196256 , 379355 -771108 1063216 -415392 -183901 376489 , 1476241 1216545 -1216545 0 1777228 560683 , 2343573 728593 2387548 2822572 -2640 1484418 , -1541246 1494129 -565856 -1074767 793925 -748754 , -466479 565856 -1494129 1074767 -182898 -700204 , 794747 -1063216 771108 415392 -686727 587207 , 953404 -1519163 1519163 0 -3276102 -1756939 , 3.5591845755432509e-10 , 13
2.926836714448585 , -478999 -2387548 -728593 -2822572 -903130 -731233 , 1476241 1216545 -1216545 0 1777228 560683 , -793925 1074767 -182898 -1494129 1541246 -748754 , 2353324 302618 -302618 0 1498874 1196256 , 2343573 728593 2387548 2822572 -2640 1484418 , 183901 415392 -686727 771108 -379355 376489 , -587207 686727 -415392 -771108 1063216 -794747 , 700204 182898 -1074767 1494129 -565856 466479 , 953404 -1519163 1519163 0 -3276102 -1756939 , 3.5591845755458193e-10 , 14
2.926836714448585 , -478999 -2387548 -728593 -2822572 -903130 -731233 , 1476241 1216545 -1216545 0 1777228 560683 , 793925 -1074767 182898 1494129 -1541246 748754 , 2353324 302618 -302618 0 1498874 1196256 , 2343573 728593 2387548 2822572 -2640 1484418 , -183901 -415392 686727 -771108 379355 -376489 , 587207 -686727 415392 771108 -1063216 794747 , -700204 -182898 1074767 -1494129 565856 -466479 , 953404 -1519163 1519163 0 -3276102 -1756939 , 3.5591845755458193e-10 , 15
2.926836714448585 , -478999 -2387548 -728593 -2822572 -903130 -731233 , 1476241 1216545 -1216545 0 1777228 560683 , -1541246 748754 -793925 -466479 565856 -1494129 , 2353324 302618 -302618 0 1498874 1196256 , 2343573 728593 2387548 2822572 -2640 1484418 , 379355 -376489 183901 794747 -1063216 771108 , -415392 -183901 376489 -794747 587207 -686727 , -1074767 793925 -748754 466479 -700204 -182898 , 953404 -1519163 1519163 0 -3276102 -1756939 , 3.559184575552446e-10 , 16
2.926836714448585 , -478999 -2387548 -728593 -2822572 -903130 -731233 , 1476241 1216545 -1216545 0 1777228 560683 , 1541246 -748754 793925 466479 -565856 1494129 , 2353324 302618 -302618 0 1498874 1196256 , 2343573 728593 2387548 2822572 -2640 1484418 , -379355 376489 -183901 -794747 1063216 -771108 , 415392 183901 -376489 794747 -587207 686727 , 1074767 -793925 748754 -466479 700204 182898 , 953404 -1519163 1519163 0 -3276102 -1756939 , 3.559184575552446e-10 , 17
2.926836714448585 , -478999 -2387548 -728593 -2822572 -903130 -731233 , 1476241 1216545 -1216545 0 1777228 560683 , 748754 -793925 1074767 565856 -1494129 1541246 , 2353324 302618 -302618 0 1498874 1196256 , 2343573 728593 2387548 2822572 -2640 1484418 , -376489 183901 415392 -1063216 771108 -379355 , 686727 -415392 -183901 1063216 -794747 587207 , 182898 -1074767 793925 -565856 466479 -700204 , 953404 -1519163 1519163 0 -3276102 -1756939 , 3.5591845756368407e-10 , 18
2.926836714448585 , -478999 -2387548 -728593 -2822572 -903130 -731233 , 1476241 1216545 -1216545 0 1777228 560683 , -748754 793925 -1074767 -565856 1494129 -1541246 , 2353324 302618 -302618 0 1498874 1196256 , 2343573 728593 2387548 2822572 -2640 1484418 , 376489 -183901 -415392 1063216 -771108 379355 , -686727 415392 183901 -1063216 794747 -587207 , -182898 1074767 -793925 565856 -466479 700204 , 953404 -1519163 1519163 0 -3276102 -1756939 , 3.5591845756368407e-10 , 19
2.926836714448585 , -478999 -2387548 -728593 -2822572 -903130 -731233 , 2353324 302618 -302618 0 1498874 1196256 , 1063216 -794747 587207 376489 -379355 771108 , 1476241 1216545 -1216545 0 1777228 560683 , 2343573 728593 2387548 2822572 -2640 1484418 , -565856 466479 -700204 -748754 1541246 -1494129 , 182898 700204 -466479 748754 -793925 1074767 , 686727 -587207 794747 -376489 183901 415392 , 953404 -1519163 1519163 0 -3276102 -1756939 , 3.5591845756408835e-10 , 20
2.926836714448585 , -478999 -2387548 -728593 -2822572 -903130 -731233 , 2353324 302618 -302618 0 1498874 1196256 , -1063216 794747 -587207 -376489 379355 -771108 , 1476241 1216545 -1216545 0 1777228 560683 , 2343573 728593 2387548 2822572 -2640 1484418 , 565856 -466479 700204 748754 -1541246 1494129 , -182898 -700204 466479 -748754 793925 -1074767 , -686727 587207 -794747 376489 -183901 -415392 , 953404 -1519163 1519163 0 -3276102 -1756939 , 3.5591845756408835e-10 , 21
2.926836714448585 , -478999 -2387548 -728593 -2822572 -903130 -731233 , 2353324 302618 -302618 0 1498874 1196256 , 587207 -686727 415392 771108 -1063216 794747 , 1476241 1216545 -1216545 0 1777228 560683 , 2343573 728593 2387548 2822572 -2640 1484418 , -700204 -182898 1074767 -1494129 565856 -466479 , 793925 -1074767 182898 1494129 -1541246 748754 , -183901 -415392 686727 -771108 379355 -376489 , 953404 -1519163 1519163 0 -3276102 -1756939 , 3.5591845756477652e-10 , 22
2.926836714448585 , -478999 -2387548 -728593 -2822572 -903130 -731233 , 2353324 302618 -302618 0 1498874 1196256 , -587207 686727 -415392 -771108 1063216 -794747 , 1476241 1216545 -1216545 0 1777228 560683 , 2343573 728593 2387548 2822572 -2640 1484418 , 700204 182898 -1074767 1494129 -565856 466479 , -793925 1074767 -182898 -1494129 1541246 -748754 , 183901 415392 -686727 771108 -379355 376489 , 953404 -1519163 1519163 0 -3276102 -1756939 , 3.5591845756477652e-10 , 23
2.926836714448585 , -478999 -2387548 -728593 -2822572 -903130 -731233 , 1476241 1216545 -1216545 0 1777228 560683 , 182898 700204 -466479 748754 -793925 1074767 , 2353324 302618 -302618 0 1498874 1196256 , 2343573 728593 2387548 2822572 -2640 1484418 , 686727 -587207 794747 -376489 183901 415392 , 1063216 -794747 587207 376489 -379355 771108 , -565856 466479 -700204 -748754 1541246 -1494129 , 953404 -1519163 1519163 0 -3276102 -1756939 , 3.5591845756564655e-10 , 24
2.926836714448585 , -478999 -2387548 -728593 -2822572 -903130 -731233 , 1476241 1216545 -1216545 0 1777228 560683 , -182898 -700204 466479 -748754 793925 -1074767 , 2353324 302618 -302618 0 1498874 1196256 , 2343573 728593 2387548 2822572 -2640 1484418 , -686727 587207 -794747 376489 -183901 -415392 , -1063216 794747 -587207 -376489 379355 -771108 , 565856 -466479 700204 748754 -1541246 1494129 , 953404 -1519163 1519163 0 -3276102 -1756939 , 3.5591845756564655e-10 , 25
2.926836714448585 , -478999 -2387548 -728593 -2822572 -903130 -731233 , 2353324 302618 -302618 0 1498874 1196256 , -771108 1063216 -794747 -183901 376489 -379355 , 1476241 1216545 -1216545 0 1777228 560683 , 2343573 728593 2387548 2822572 -2640 1484418 , 1494129 -565856 466479 793925 -748754 1541246 , 700204 -466479 565856 -793925 1074767 -182898 , -587207 794747 -1063216 183901 415392 -686727 , 953404 -1519163 1519163 0 -3276102 -1756939 , 3.5591845757521833e-10 , 26
2.926836714448585 , -478999 -2387548 -728593 -2822572 -903130 -731233 , 2353324 302618 -302618 0 1498874 1196256 , 771108 -1063216 794747 183901 -376489 379355 , 1476241 1216545 -1216545 0 1777228 560683 , 2343573 728593 2387548 2822572 -2640 1484418 , -1494129 565856 -466479 -793925 748754 -1541246 , -700204 466479 -565856 793925 -1074767 182898 , 587207 -794747 1063216 -183901 -415392 686727 , 953404 -1519163 1519163 0 -3276102 -1756939 , 3.5591845757521833e-10 , 27
2.926836714448585 , -478999 -2387548 -728593 -2822572 -903130 -731233 , 1476241 1216545 -1216545 0 1777228 560683 , 565856 -1494129 1541246 -182898 -700204 466479 , 2353324 302618 -302618 0 1498874 1196256 , 2343573 728593 2387548 2822572 -2640 1484418 , -1063216 771108 -379355 -686727 587207 -794747 , -376489 379355 -771108 686727 -415392 -183901 , 748754 -1541246 1494129 182898 -1074767 793925 , 953404 -1519163 1519163 0 -3276102 -1756939 , 3.5591845757609705e-10 , 28
2.926836714448585 , -478999 -2387548 -728593 -2822572 -903130 -731233 , 1476241 1216545 -1216545 0 1777228 560683 , -565856 1494129 -1541246 182898 700204 -466479 , 2353324 302618 -302618 0 1498874 1196256 , 2343573 728593 2387548 2822572 -2640 1484418 , 1063216 -771108 379355 686727 -587207 794747 , 376489 -379355 771108 -686727 415392 183901 , -748754 1541246 -1494129 -182898 1074767 -793925 , 953404 -1519163 1519163 0 -3276102 -1756939 , 3.5591845757609705e-10 , 29
2.926836714448585 , -478999 -2387548 -728593 -2822572 -903130 -731233 , 2353324 302618 -302618 0 1498874 1196256 , -183901 376489 -379355 587207 -686727 415392 , 1476241 1216545 -1216545 0 1777228 560683 , 2343573 728593 2387548 2822572 -2640 1484418 , 793925 -748754 1541246 -700204 -182898 1074767 , 1494129 -1541246 748754 700204 -466479 565856 , -771108 379355 -376489 -587207 794747 -1063216 , 953404 -1519163 1519163 0 -3276102 -1756939 , 3.55918457594915e-10 , 30
2.926836714448585 , -478999 -2387548 -728593 -2822572 -903130 -731233 , 2353324 302618 -302618 0 1498874 1196256 , 183901 -376489 379355 -587207 686727 -415392 , 1476241 1216545 -1216545 0 1777228 560683 , 2343573 728593 2387548 2822572 -2640 1484418 , -793925 748754 -1541246 700204 182898 -1074767 , -1494129 1541246 -748754 -700204 466479 -565856 , 771108 -379355 376489 587207 -794747 1063216 , 953404 -1519163 1519163 0 -3276102 -1756939 , 3.55918457594915e-10 , 31
2.926836714448585 , -478999 -2387548 -728593 -2822572 -903130 -731233 , 1476241 1216545 -1216545 0 1777228 560683 , 1074767 -182898 -700204 1541246 -748754 793925 , 2353324 302618 -302618 0 1498874 1196256 , 2343573 728593 2387548 2822572 -2640 1484418 , 415392 -686727 587207 -379355 376489 -183901 , 794747 -587207 686727 379355 -771108 1063216 , -466479 700204 182898 -1541246 1494129 -565856 , 953404 -1519163 1519163 0 -3276102 -1756939 , 3.5591845759492782e-10 , 32
2.926836714448585 , -478999 -2387548 -728593 -2822572 -903130 -731233 , 1476241 1216545 -1216545 0 1777228 560683 , -1074767 182898 700204 -1541246 748754 -793925 , 2353324 302618 -302618 0 1498874 1196256 , 2343573 728593 2387548 2822572 -2640 1484418 , -415392 686727 -587207 379355 -376489 183901 , -794747 587207 -686727 -379355 771108 -1063216 , 466479 -700204 -182898 1541246 -1494129 565856 , 953404 -1519163 1519163 0 -3276102 -1756939 , 3.5591845759492782e-10 , 33
2.926836714448585 , -478999 -2387548 -728593 -2822572 -903130 -731233 , 2353324 302618 -302618 0 1498874 1196256 , 686727 -415392 -183901 1063216 -794747 587207 , 1476241 1216545 -1216545 0 1777228 560683 , 2343573 728593 2387548 2822572 -2640 1484418 , 182898 -1074767 793925 -565856 466479 -700204 , 748754 -793925 1074767 565856 -1494129 1541246 , -376489 183901 415392 -1063216 771108 -379355 , 953404 -1519163 1519163 0 -3276102 -1756939 , 3.5591845761651351e-10 , 34
2.926836714448585 , -478999 -2387548 -728593 -2822572 -903130 -731233 , 2353324 302618 -302618 0 1498874 1196256 , -686727 415392 183901 -1063216 794747 -587207 , 1476241 1216545 -1216545 0 1777228 560683 , 2343573 728593 2387548 2822572 -2640 1484418 , -182898 1074767 -793925 565856 -466479 700204 , -748754 793925 -1074767 -565856 1494129 -1541246 , 376489 -183901 -415392 1063216 -771108 379355 , 953404 -1519163 1519163 0 -3276102 -1756939 , 3.5591845761651351e-10 , 35
3.034381411959014 , -2108999 -306606 -3158316 -1856195 -978538 -1384450 , 1876015 830741 -830741 0 1675433 844692 , 961681 -251390 -216475 1145695 -818189 987039 , 1953550 688422 -688422 0 1600669 912247 , -252804 3158316 306606 1856195 1773866 -671932 , 1128104 -362412 -407812 1304552 -656159 791723 , -176448 407812 362412 -1304552 1199535 -293747 , -184014 216475 251390 -1145695 1203514 -566799 , 953404 -1519163 1519163 0 -3276102 -1756939 , 3.5591845877542327e-10 , 0
3.034381411959014 , -2108999 -306606 -3158316 -1856195 -978538 -1384450 , 1876015 830741 -830741 0 1675433 844692 , -961681 251390 216475 -1145695 818189 -987039 , 1953550 688422 -688422 0 1600669 912247 , -252804 3158316 306606 1856195 1773866 -671932 , -1128104 362412 407812 -1304552 656159 -791723 , 176448 -407812 -362412 1304552 -1199535 293747 , 184014 -216475 -251390 1145695 -1203514 566799 , 953404 -1519163 1519163 0 -3276102 -1756939 , 3.5591845877542327e-10 , 1
3.034381411959014 , -2108999 -306606 -3158316 -1856195 -978538 -1384450 , 1953550 688422 -688422 0 1600669 912247 , 407812 362412 -1128104 1199535 -293747 176448 , 1876015 830741 -830741 0 1675433 844692 , -252804 3158316 306606 1856195 1773866 -671932 , 216475 251390 -961681 1203514 -566799 184014 , -987039 961681 -251390 -1203514 1145695 -818189 , -791723 1128104 -362412 -1199535 1304552 -656159 , 953404 -1519163 1519163 0 -3276102 -1756939 , 3.5591845877655817e-10 , 2
3.034381411959014 , -2108999 -306606 -3158316 -1856195 -978538 -1384450 , 1953550 688422 -688422 0 1600669 912247 , -407812 -362412 1128104 -1199535 293747 -176448 , 1876015 830741 -830741 0 1675433 844692 , -252804 3158316 306606 1856195 1773866 -671932 , -216475 -251390 961681 -1203514 566799 -184014 , 987039 -961681 251390 1203514 -1145695 818189 , 791723 -1128104 362412 1199535 -1304552 656159 , 953404 -1519163 1519163 0 -3276102 -1756939 , 3.5591845877655817e-10 , 3
3.034381411959014 , -2108999 -306606 -3158316 -1856195 -978538 -1384450 , 1953550 688422 -688422 0 1600669 912247 , -1304552 1199535 -293747 -1128104 791723 -656159 , 1876015 830741 -830741 0 1675433 844692 , -252804 3158316 306606 1856195 1773866 -671932 , -1145695 1203514 -566799 -961681 987039 -818189 , -184014 566799 -1203514 961681 -251390 -216475 , -176448 293747 -1199535 1128104 -362412 -407812 , 953404 -1519163 1519163 0 -3276102 -1756939 , 3.5591845878796209e-10 , 4
3.034381411959014 , -2108999 -306606 -3158316 -1856195 -978538 -1384450 , 1953550 688422 -688422 0 1600669 912247 , 1304552 -1199535 293747 1128104 -791723 656159 , 1876015 830741 -830741 0 1675433 844692 , -252804 3158316 306606 1856195 1773866 -671932 , 1145695 -1203514 566799 961681 -987039 818189 , 184014 -566799 1203514 -961681 251390 216475 , 176448 -293747 1199535 -1128104 362412 407812 , 953404 -1519163 1519163 0 -3276102 -1756939 , 3.5591845878796209e-10 , 5
3.034381411959014 , -2108999 -306606 -3158316 -1856195 -978538 -1384450 , 1953550 688422 -688422 0 1600669 912247 , 362412 -1128104 791723 -293747 176448 -407812 , 1876015 830741 -830741 0 1675433 844692 , -252804 3158316 306606 1856195 1773866 -671932 , 251390 -961681 987039 -566799 184014 -216475 , 818189 -987039 961681 566799 -1203514 1145695 , 656159 -791723 1128104 293747 -1199535 1304552 , 953404 -1519163 1519163 0 -3276102 -1756939 , 3.5591845878838654e-10 , 6
3.034381411959014 , -2108999 -306606 -3158316 -1856195 -978538 -1384450 , 1953550 688422 -688422 0 1600669 912247 , -362412 1128104 -791723 293747 -176448 407812 , 1876015 830741 -830741 0 1675433 844692 , -252804 3158316 306606 1856195 1773866 -671932 , -251390 961681 -987039 566799 -184014 216475 , -818189 987039 -961681 -566799 1203514 -1145695 , -656159 791723 -1128104 -293747 1199535 -1304552 , 953404 -1519163 1519163 0 -3276102 -1756939 , 3.5591845878838654e-10 , 7
3.034381411959014 , -2108999 -306606 -3158316 -1856195 -978538 -1384450 , 1876015 830741 -830741 0 1675433 844692 , -251390 -216475 184014 -818189 987039 -961681 , 1953550 688422 -688422 0 1600669 912247 , -252804 3158316 306606 1856195 1773866 -671932 , -362412 -407812 176448 -656159 791723 -1128104 , 293747 -176448 407812 656159 -1304552 1199535 , 566799 -184014 216475 818189 -1145695 1203514 , 953404 -1519163 1519163 0 -3276102 -1756939 , 3.5591845878839946e-10 , 8
3.034381411959014 , -2108999 -306606 -3158316 -1856195 -978538 -1384450 , 1876015 830741 -830741 0 1675433 844692 , 251390 216475 -184014 818189 -987039 961681 , 1953550 688422 -688422 0 1600669 912247 , -252804 3158316 306606 1856195 1773866 -671932 , 362412 407812 -176448 656159 -791723 1128104 , -293747 176448 -407812 -656159 1304552 -1199535 , -566799 184014 -216475 -818189 1145695 -1203514 , 953404 -1519163 1519163 0 -3276102 -1756939 , 3.5591845878839946e-10 , 9
3.034381411959014 , -2108999 -306606 -3158316 -1856195 -978538 -1384450 , 1876015 830741 -830741 0 1675433 844692 , -1145695 818189 -987039 -184014 566799 -1203514 , 1953550 688422 -688422 0 1600669 912247 , -252804 3158316 306606 1856195 1773866 -671932 , -1304552 656159 -791723 -176448 293747 -1199535 , -1128104 791723 -656159 176448 -407812 -362412 , -961681 987039 -818189 184014 -216475 -251390 , 953404 -1519163 1519163 0 -3276102 -1756939 , 3.5591845882522601e-10 , 10
3.034381411959014 , -2108999 -306606 -3158316 -1856195 -978538 -1384450 , 1876015 830741 -830741 0 1675433 844692 , 1145695 -818189 987039 184014 -566799 1203514 , 1953550 688422 -688422 0 1600669 912247 , -252804 3158316 306606 1856195 1773866 -671932 , 1304552 -656159 791723 176448 -293747 1199535 , 1128104 -791723 656159 -176448 407812 362412 , 961681 -987039 818189 -184014 216475 251390 , 953404 -1519163 1519163 0 -3276102 -1756939 , 3.5591845882522601e-10 , 11
3.034381411959014 , -2108999 -306606 -3158316 -1856195 -978538 -1384450 , 1953550 688422 -688422 0 1600669 912247 , -656159 1304552 -1199535 -362412 1128104 -791723 , 1876015 830741 -830741 0 1675433 844692 , -252804 3158316 306606 1856195 1773866 -671932 , -818189 1145695 -1203514 -251390 961681 -987039 , -566799 1203514 -1145695 251390 216475 -184014 , -293747 1199535 -1304552 362412 407812 -176448 , 953404 -1519163 1519163 0 -3276102 -1756939 , 3.5591845882575809e-10 , 12
3.034381411959014 , -2108999 -306606 -3158316 -1856195 -978538 -1384450 , 1953550 688422 -688422 0 1600669 912247 , 656159 -1304552 1199535 362412 -1128104 791723 , 1876015 830741 -830741 0 1675433 844692 , -252804 3158316 306606 1856195 1773866 -671932 , 818189 -1145695 1203514 251390 -961681 987039 , 566799 -1203514 1145695 -251390 -216475 184014 , 293747 -1199535 1304552 -362412 -407812 176448 , 953404 -1519163 1519163 0 -3276102 -1756939 , 3.5591845882575809e-10 , 13
3.034381411959014 , -2108999 -306606 -3158316 -1856195 -978538 -1384450 , 1953550 688422 -688422 0 1600669 912247 , 176448 -407812 -362412 1304552 -1199535 293747 , 1876015 830741 -830741 0 1675433 844692 , -252804 3158316 306606 1856195 1773866 -671932 , 184014 -216475 -251390 1145695 -1203514 566799 , -961681 251390 216475 -1145695 818189 -987039 , -1128104 362412 407812 -1304552 656159 -791723 , 953404 -1519163 1519163 0 -3276102 -1756939 , 3.5591845883775273e-10 , 14
3.034381411959014 , -2108999 -306606 -3158316 -1856195 -978538 -1384450 , 1953550 688422 -688422 0 1600669 912247 , -176448 407812 362412 -1304552 1199535 -293747 , 1876015 830741 -830741 0 1675433 844692 , -252804 3158316 306606 1856195 1773866 -671932 , -184014 216475 251390 -1145695 1203514 -566799 , 961681 -251390 -216475 1145695 -818189 987039 , 1128104 -362412 -407812 1304552 -656159 791723 , 953404 -1519163 1519163 0 -3276102 -1756939 , 3.5591845883775273e-10 , 15
3.034381411959014 , -2108999 -306606 -3158316 -1856195 -978538 -1384450 , 1876015 830741 -830741 0 1675433 844692 , 566799 -1203514 1145695 -251390 -216475 184014 , 1953550 688422 -688422 0 1600669 912247 , -252804 3158316 306606 1856195 1773866 -671932 , 293747 -1199535 1304552 -362412 -407812 176448 , 656159 -1304552 1199535 362412 -1128104 791723 , 818189 -1145695 1203514 251390 -961681 987039 , 953404 -1519163 1519163 0 -3276102 -1756939 , 3.5591845886121638e-10 , 16
3.034381411959014 , -2108999 -306606 -3158316 -1856195 -978538 -1384450 , 1876015 830741 -830741 0 1675433 844692 , -566799 1203514 -1145695 251390 216475 -184014 , 1953550 688422 -688422 0 1600669 912247 , -252804 3158316 306606 1856195 1773866 -671932 , -293747 1199535 -1304552 362412 407812 -176448 , -656159 1304552 -1199535 -362412 1128104 -791723 , -818189 1145695 -1203514 -251390 961681 -987039 , 953404 -1519163 1519163 0 -3276102 -1756939 , 3.5591845886121638e-10 , 17
3.034381411959014 , -2108999 -306606 -3158316 -1856195 -978538 -1384450 , 1876015 830741 -830741 0 1675433 844692 , -184014 566799 -1203514 961681 -251390 -216475 , 1953550 688422 -688422 0 1600669 912247 , -252804 3158316 306606 1856195 1773866 -671932 , -176448 293747 -1199535 1128104 -362412 -407812 , -1304552 1199535 -293747 -1128104 791723 -656159 , -1145695 1203514 -566799 -961681 987039 -818189 , 953404 -1519163 1519163 0 -3276102 -1756939 , 3.5591845886162506e-10 , 18
3.034381411959014 , -2108999 -306606 -3158316 -1856195 -978538 -1384450 , 1876015 830741 -830741 0 1675433 844692 , 184014 -566799 1203514 -961681 251390 216475 , 1953550 688422 -688422 0 1600669 912247 , -252804 3158316 306606 1856195 1773866 -671932 , 176448 -293747 1199535 -1128104 362412 407812 , 1304552 -1199535 293747 1128104 -791723 656159 , 1145695 -1203514 566799 961681 -987039 818189 , 953404 -1519163 1519163 0 -3276102 -1756939 , 3.5591845886162506e-10 , 19
3.034381411959014 , -2108999 -306606 -3158316 -1856195 -978538 -1384450 , 1876015 830741 -830741 0 1675433 844692 , -818189 987039 -961681 -566799 1203514 -1145695 , 1953550 688422 -688422 0 1600669 912247 , -252804 3158316 306606 1856195 1773866 -671932 , -656159 791723 -1128104 -293747 1199535 -1304552 , -362412 1128104 -791723 293747 -176448 407812 , -251390 961681 -987039 566799 -184014 216475 , 953404 -1519163 1519163 0 -3276102 -1756939 , 3.5591845886210126e-10 , 20
3.034381411959014 , -2108999 -306606 -3158316 -1856195 -978538 -1384450 , 1876015 830741 -830741 0 1675433 844692 , 818189 -987039 961681 566799 -1203514 1145695 , 1953550 688422 -688422 0 1600669 912247 , -252804 3158316 306606 1856195 1773866 -671932 , 656159 -791723 1128104 293747 -1199535 1304552 , 362412 -1128104 791723 -293747 176448 -407812 , 251390 -961681 987039 -566799 184014 -216475 , 953404 -1519163 1519163 0 -3276102 -1756939 , 3.5591845886210126e-10 , 21
3.034381411959014 , -2108999 -306606 -3158316 -1856195 -978538 -1384450 , 1876015 830741 -830741 0 1675433 844692 , -216475 184014 -566799 987039 -961681 251390 , 1953550 688422 -688422 0 1600669 912247 , -252804 3158316 306606 1856195 1773866 -671932 , -407812 176448 -293747 791723 -1128104 362412 , -1199535 293747 -176448 -791723 656159 -1304552 , -1203514 566799 -184014 -987039 818189 -1145695 , 953404 -1519163 1519163 0 -3276102 -1756939 , 3.5591845886255621e-10 , 22
3.034381411959014 , -2108999 -306606 -3158316 -1856195 -978538 -1384450 , 1876015 830741 -830741 0 1675433 844692 , 216475 -184014 566799 -987039 961681 -251390 , 1953550 688422 -688422 0 1600669 912247 , -252804 3158316 306606 1856195 1773866 -671932 , 407812 -176448 293747 -791723 1128104 -362412 , 1199535 -293747 176448 791723 -656159 1304552 , 1203514 -566799 184014 987039 -818189 1145695 , 953404 -1519163 1519163 0 -3276102 -1756939 , 3.5591845886255621e-10 , 23
3.034381411959014 , -2108999 -306606 -3158316 -1856195 -978538 -1384450 , 1953550 688422 -688422 0 1600669 912247 , -1128104 791723 -656159 176448 -407812 -362412 , 1876015 830741 -830741 0 1675433 844692 , -252804 3158316 306606 1856195 1773866 -671932 , -961681 987039 -818189 184014 -216475 -251390 , -1145695 818189 -987039 -184014 566799 -1203514 , -1304552 656159 -791723 -176448 293747 -1199535 , 953404 -1519163 1519163 0 -3276102 -1756939 , 3.5591845887364539e-10 , 24
3.034381411959014 , -2108999 -306606 -3158316 -1856195 -978538 -1384450 , 1953550 688422 -688422 0 1600669 912247 , 1128104 -791723 656159 -176448 407812 362412 , 1876015 830741 -830741 0 1675433 844692 , -252804 3158316 306606 1856195 1773866 -671932 , 961681 -987039 818189 -184014 216475 251390 , 1145695 -818189 987039 184014 -566799 1203514 , 1304552 -656159 791723 176448 -293747 1199535 , 953404 -1519163 1519163 0 -3276102 -1756939 , 3.5591845887364539e-10 , 25
3.034381411959014 , -2108999 -306606 -3158316 -1856195 -978538 -1384450 , 1953550 688422 -688422 0 1600669 912247 , -293747 176448 -407812 -656159 1304552 -1199535 , 1876015 830741 -830741 0 1675433 844692 , -252804 3158316 306606 1856195 1773866 -671932 , -566799 184014 -216475 -818189 1145695 -1203514 , 251390 216475 -184014 818189 -987039 961681 , 362412 407812 -176448 656159 -791723 1128104 , 953404 -1519163 1519163 0 -3276102 -1756939 , 3.5591845887385844e-10 , 26
3.034381411959014 , -2108999 -306606 -3158316 -1856195 -978538 -1384450 , 1953550 688422 -688422 0 1600669 912247 , 293747 -176448 407812 656159 -1304552 1199535 , 1876015 830741 -830741 0 1675433 844692 , -252804 3158316 306606 1856195 1773866 -671932 , 566799 -184014 216475 818189 -1145695 1203514 , -251390 -216475 184014 -818189 987039 -961681 , -362412 -407812 176448 -656159 791723 -1128104 , 953404 -1519163 1519163 0 -3276102 -1756939 , 3.5591845887385844e-10 , 27
3.034381411959014 , -2108999 -306606 -3158316 -1856195 -978538 -1384450 , 1953550 688422 -688422 0 1600669 912247 , -791723 656159 -1304552 407812 362412 -1128104 , 1876015 830741 -830741 0 1675433 844692 , -252804 3158316 306606 1856195 1773866 -671932 , -987039 818189 -1145695 216475 251390 -961681 , -1203514 1145695 -818189 -216475 184014 -566799 , -1199535 1304552 -656159 -407812 176448 -293747 , 953404 -1519163 1519163 0 -3276102 -1756939 , 3.5591845887410091e-10 , 28
3.034381411959014 , -2108999 -306606 -3158316 -1856195 -978538 -1384450 , 1953550 688422 -688422 0 1600669 912247 , 791723 -656159 1304552 -407812 -362412 1128104 , 1876015 830741 -830741 0 1675433 844692 , -252804 3158316 306606 1856195 1773866 -671932 , 987039 -818189 1145695 -216475 -251390 961681 , 1203514 -1145695 818189 216475 -184014 566799 , 1199535 -1304552 656159 407812 -176448 293747 , 953404 -1519163 1519163 0 -3276102 -1756939 , 3.5591845887410091e-10 , 29
3.034381411959014 , -2108999 -306606 -3158316 -1856195 -978538 -1384450 , 1953550 688422 -688422 0 1600669 912247 , 1199535 -293747 176448 791723 -656159 1304552 , 1876015 830741 -830741 0 1675433 844692 , -252804 3158316 306606 1856195 1773866 -671932 , 1203514 -566799 184014 987039 -818189 1145695 , 216475 -184014 566799 -987039 961681 -251390 , 407812 -176448 293747 -791723 1128104 -362412 , 953404 -1519163 1519163 0 -3276102 -1756939 , 3.5591845887411869e-10 , 30
3.034381411959014 , -2108999 -306606 -3158316 -1856195 -978538 -1384450 , 1953550 688422 -688422 0 1600669 912247 , -1199535 293747 -176448 -791723 656159 -1304552 , 1876015 830741 -830741 0 1675433 844692 , -252804 3158316 306606 1856195 1773866 -671932 , -1203514 566799 -184014 -987039 818189 -1145695 , -216475 184014 -566799 987039 -961681 251390 , -407812 176448 -293747 791723 -1128104 362412 , 953404 -1519163 1519163 0 -3276102 -1756939 , 3.5591845887411869e-10 , 31
3.034381411959014 , -2108999 -306606 -3158316 -1856195 -978538 -1384450 , 1876015 830741 -830741 0 1675433 844692 , -1203514 1145695 -818189 -216475 184014 -566799 , 1953550 688422 -688422 0 1600669 912247 , -252804 3158316 306606 1856195 1773866 -671932 , -1199535 1304552 -656159 -407812 176448 -293747 , -791723 656159 -1304552 407812 362412 -1128104 , -987039 818189 -1145695 216475 251390 -961681 , 953404 -1519163 1519163 0 -3276102 -1756939 , 3.5591845888584062e-10 , 32
3.034381411959014 , -2108999 -306606 -3158316 -1856195 -978538 -1384450 , 1876015 830741 -830741 0 1675433 844692 , 1203514 -1145695 818189 216475 -184014 566799 , 1953550 688422 -688422 0 1600669 912247 , -252804 3158316 306606 1856195 1773866 -671932 , 1199535 -1304552 656159 407812 -176448 293747 , 791723 -656159 1304552 -407812 -362412 1128104 , 987039 -818189 1145695 -216475 -251390 961681 , 953404 -1519163 1519163 0 -3276102 -1756939 , 3.5591845888584062e-10 , 33
3.034381411959014 , -2108999 -306606 -3158316 -1856195 -978538 -1384450 , 1876015 830741 -830741 0 1675433 844692 , -987039 961681 -251390 -1203514 1145695 -818189 , 1953550 688422 -688422 0 1600669 912247 , -252804 3158316 306606 1856195 1773866 -671932 , -791723 1128104 -362412 -1199535 1304552 -656159 , 407812 362412 -1128104 1199535 -293747 176448 , 216475 251390 -961681 1203514 -566799 184014 , 953404 -1519163 1519163 0 -3276102 -1756939 , 3.5591845888605713e-10 , 34
3.034381411959014 , -2108999 -306606 -3158316 -1856195 -978538 -1384450 , 1876015 830741 -830741 0 1675433 844692 , 987039 -961681 251390 1203514 -1145695 818189 , 1953550 688422 -688422 0 1600669 912247 , -252804 3158316 306606 1856195 1773866 -671932 , 791723 -1128104 362412 1199535 -1304552 656159 , -407812 -362412 1128104 -1199535 293747 -176448 , -216475 -251390 961681 -1203514 566799 -184014 , 953404 -1519163 1519163 0 -3276102 -1756939 , 3.5591845888605713e-10 , 35
3.141591598881029 , -124689 -2350398 -1281636 -1240997 -2179898 554626 , 2929195 -380491 380491 0 1248413 1628904 , -116559 168553 -716279 490907 61222 -441425 , 900370 1899654 -1899654 0 2027689 128035 , 1116308 1281636 2350398 1240997 1836262 170500 , -81719 139475 679756 -1592207 1405875 -406328 , 1510488 -679756 -139475 1592207 -1086084 1266400 , -607466 716279 -168553 -490907 274854 -107331 , 953404 -1519163 1519163 0 -3276102 -1756939 , 3.559184546677659e-10 , 0
3.141591598881029 , -124689 -2350398 -1281636 -1240997 -2179898 554626 , 2929195 -380491 380491 0 1248413 1628904 , 116559 -168553 716279 -490907 -61222 441425 , 900370 1899654 -1899654 0 2027689 128035 , 1116308 1281636 2350398 1240997 1836262 170500 , 81719 -139475 -679756 1592207 -1405875 406328 , -1510488 679756 139475 -1592207 1086084 -1266400 , 607466 -716279 168553 490907 -274854 107331 , 953404 -1519163 1519163 0 -3276102 -1756939 , 3.559184546677659e-10 , 1
3.141591598881029 , -124689 -2350398 -1281636 -1240997 -2179898 554626 , 2929195 -380491 380491 0 1248413 1628904 , 107331 -274854 490907 168553 -716279 607466 , 900370 1899654 -1899654 0 2027689 128035 , 1116308 1281636 2350398 1240997 1836262 170500 , -1266400 1086084 -1592207 139475 679756 -1510488 , -1405875 1592207 -1086084 -139475 81719 -406328 , -61222 -490907 274854 -168553 116559 -441425 , 953404 -1519163 1519163 0 -3276102 -1756939 , 3.5591845467175859e-10 , 2
3.141591598881029 , -124689 -2350398 -1281636 -1240997 -2179898 554626 , 2929195 -380491 380491 0 1248413 1628904 , -107331 274854 -490907 -168553 716279 -607466 , 900370 1899654 -1899654 0 2027689 128035 , 1116308 1281636 2350398 1240997 1836262 170500 , 1266400 -1086084 1592207 -139475 -679756 1510488 , 1405875 -1592207 1086084 139475 -81719 406328 , 61222 490907 -274854 168553 -116559 441425 , 953404 -1519163 1519163 0 -3276102 -1756939 , 3.5591845467175859e-10 , 3
3.141591598881029 , -124689 -2350398 -1281636 -1240997 -2179898 554626 , 900370 1899654 -1899654 0 2027689 128035 , -406328 1405875 -1592207 679756 139475 -81719 , 2929195 -380491 380491 0 1248413 1628904 , 1116308 1281636 2350398 1240997 1836262 170500 , -441425 61222 490907 -716279 168553 -116559 , 274854 -490907 -61222 716279 -607466 107331 , -1086084 1592207 -1405875 -679756 1510488 -1266400 , 953404 -1519163 1519163 0 -3276102 -1756939 , 3.5591845467478954e-10 , 4
3.141591598881029 , -124689 -2350398 -1281636 -1240997 -2179898 554626 , 900370 1899654 -1899654 0 2027689 128035 , 406328 -1405875 1592207 -679756 -139475 81719 , 2929195 -380491 380491 0 1248413 1628904 , 1116308 1281636 2350398 1240997 1836262 170500 , 441425 -61222 -490907 716279 -168553 116559 , -274854 490907 61222 -716279 607466 -107331 , 1086084 -1592207 1405875 679756 -1510488 1266400 , 953404 -1519163 1519163 0 -3276102 -1756939 , 3.5591845467478954e-10 , 5
3.141591598881029 , -124689 -2350398 -1281636 -1240997 -2179898 554626 , 900370 1899654 -1899654 0 2027689 128035 , -1086084 1266400 -1510488 -406328 1405875 -1592207 , 2929195 -380491 380491 0 1248413 1628904 , 1116308 1281636 2350398 1240997 1836262 170500 , 274854 -107331 607466 -441425 61222 490907 , 716279 -607466 107331 441425 -116559 168553 , -679756 1510488 -1266400 406328 -81719 139475 , 953404 -1519163 1519163 0 -3276102 -1756939 , 3.5591845467649777e-10 , 6
3.141591598881029 , -124689 -2350398 -1281636 -1240997 -2179898 554626 , 900370 1899654 -1899654 0 2027689 128035 , 1086084 -1266400 1510488 406328 -1405875 1592207 , 2929195 -380491 380491 0 1248413 1628904 , 1116308 1281636 2350398 1240997 1836262 170500 , -274854 107331 -607466 441425 -61222 -490907 , -716279 607466 -107331 -441425 116559 -168553 , 679756 -1510488 1266400 -406328 81719 -139475 , 953404 -1519163 1519163 0 -3276102 -1756939 , 3.5591845467649777e-10 , 7
3.141591598881029 , -124689 -2350398 -1281636 -1240997 -2179898 554626 , 900370 1899654 -1899654 0 2027689 128035 , -1592207 1086084 -1266400 -81719 406328 -1405875 , 2929195 -380491 380491 0 1248413 1628904 , 1116308 1281636 2350398 1240997 1836262 170500 , 490907 -274854 107331 -116559 441425 -61222 , 607466 -107331 274854 116559 -168553 716279 , -1510488 1266400 -1086084 81719 -139475 -679756 , 953404 -1519163 1519163 0 -3276102 -1756939 , 3.5591845467700731e-10 , 8
3.141591598881029 , -124689 -2350398 -1281636 -1240997 -2179898 554626 , 900370 1899654 -1899654 0 2027689 128035 , 1592207 -1086084 1266400 81719 -406328 1405875 , 2929195 -380491 380491 0 1248413 1628904 , 1116308 1281636 2350398 1240997 1836262 170500 , -490907 274854 -107331 116559 -441425 61222 , -607466 107331 -274854 -116559 168553 -716279 , 1510488 -1266400 1086084 -81719 139475 679756 , 953404 -1519163 1519163 0 -3276102 -1756939 , 3.5591845467700731e-10 , 9
3.141591598881029 , -124689 -2350398 -1281636 -1240997 -2179898 554626 , 2929195 -380491 380491 0 1248413 1628904 , 168553 -716279 607466 61222 -441425 116559 , 900370 1899654 -1899654 0 2027689 128035 , 1116308 1281636 2350398 1240997 1836262 170500 , 139475 679756 -1510488 1405875 -406328 81719 , -1266400 1510488 -679756 -1405875 1592207 -1086084 , 107331 -607466 716279 -61222 -490907 274854 , 953404 -1519163 1519163 0 -3276102 -1756939 , 3.5591845467737546e-10 , 10
3.141591598881029 , -124689 -2350398 -1281636 -1240997 -2179898 554626 , 2929195 -380491 380491 0 1248413 1628904 , -168553 716279 -607466 -61222 441425 -116559 , 900370 1899654 -1899654 0 2027689 128035 , 1116308 1281636 2350398 1240997 1836262 170500 , -139475 -679756 1510488 -1405875 406328 -81719 , 1266400 -1510488 679756 1405875 -1592207 1086084 , -107331 607466 -716279 61222 490907 -274854 , 953404 -1519163 1519163 0 -3276102 -1756939 , 3.5591845467737546e-10 , 11
3.141591598881029 , -124689 -2350398 -1281636 -1240997 -2179898 554626 , 900370 1899654 -1899654 0 2027689 128035 , -139475 81719 -406328 1266400 -1510488 679756 , 2929195 -380491 380491 0 1248413 1628904 , 1116308 1281636 2350398 1240997 1836262 170500 , -168553 116559 -441425 -107331 607466 -716279 , -61222 441425 -116559 107331 -274854 490907 , -1405875 406328 -81719 -1266400 1086084 -1592207 , 953404 -1519163 1519163 0 -3276102 -1756939 , 3.559184546783139e-10 , 12
3.141591598881029 , -124689 -2350398 -1281636 -1240997 -2179898 554626 , 900370 1899654 -1899654 0 2027689 128035 , 139475 -81719 406328 -1266400 1510488 -679756 , 2929195 -380491 380491 0 1248413 1628904 , 1116308 1281636 2350398 1240997 1836262 170500 , 168553 -116559 441425 107331 -607466 716279 , 61222 -441425 116559 -107331 274854 -490907 , 1405875 -406328 81719 1266400 -1086084 1592207 , 953404 -1519163 1519163 0 -3276102 -1756939 , 3.559184546783139e-10 , 13
3.141591598881029 , -124689 -2350398 -1281636 -1240997 -2179898 554626 , 2929195 -380491 380491 0 1248413 1628904 , -274854 490907 61222 -716279 607466 -107331 , 900370 1899654 -1899654 0 2027689 128035 , 1116308 1281636 2350398 1240997 1836262 170500 , 1086084 -1592207 1405875 679756 -1510488 1266400 , 406328 -1405875 1592207 -679756 -139475 81719 , 441425 -61222 -490907 716279 -168553 116559 , 953404 -1519163 1519163 0 -3276102 -1756939 , 3.5591845467902724e-10 , 14
3.141591598881029 , -124689 -2350398 -1281636 -1240997 -2179898 554626 , 2929195 -380491 380491 0 1248413 1628904 , 274854 -490907 -61222 716279 -607466 107331 , 900370 1899654 -1899654 0 2027689 128035 , 1116308 1281636 2350398 1240997 1836262 170500 , -1086084 1592207 -1405875 -679756 1510488 -1266400 , -406328 1405875 -1592207 679756 139475 -81719 , -441425 61222 490907 -716279 168553 -116559 , 953404 -1519163 1519163 0 -3276102 -1756939 , 3.5591845467902724e-10 , 15
3.141591598881029 , -124689 -2350398 -1281636 -1240997 -2179898 554626 , 2929195 -380491 380491 0 1248413 1628904 , 490907 61222 -441425 607466 -107331 274854 , 900370 1899654 -1899654 0 2027689 128035 , 1116308 1281636 2350398 1240997 1836262 170500 , -1592207 1405875 -406328 -1510488 1266400 -1086084 , -81719 406328 -1405875 1510488 -679756 -139475 , -116559 441425 -61222 -607466 716279 -168553 , 953404 -1519163 1519163 0 -3276102 -1756939 , 3.5591845467905583e-10 , 16
3.141591598881029 , -124689 -2350398 -1281636 -1240997 -2179898 554626 , 2929195 -380491 380491 0 1248413 1628904 , -490907 -61222 441425 -607466 107331 -274854 , 900370 1899654 -1899654 0 2027689 128035 , 1116308 1281636 2350398 1240997 1836262 170500 , 1592207 -1405875 406328 1510488 -1266400 1086084 , 81719 -406328 1405875 -1510488 679756 139475 , 116559 -441425 61222 607466 -716279 168553 , 953404 -1519163 1519163 0 -3276102 -1756939 , 3.5591845467905583e-10 , 17
3.141591598881029 , -124689 -2350398 -1281636 -1240997 -2179898 554626 , 900370 1899654 -1899654 0 2027689 128035 , -81719 406328 -1405875 1510488 -679756 -139475 , 2929195 -380491 380491 0 1248413 1628904 , 1116308 1281636 2350398 1240997 1836262 170500 , -116559 441425 -61222 -607466 716279 -168553 , 490907 61222 -441425 607466 -107331 274854 , -1592207 1405875 -406328 -1510488 1266400 -1086084 , 953404 -1519163 1519163 0 -3276102 -1756939 , 3.5591845467954014e-10 , 18
3.141591598881029 , -124689 -2350398 -1281636 -1240997 -2179898 554626 , 900370 1899654 -1899654 0 2027689 128035 , 81719 -406328 1405875 -1510488 679756 139475 , 2929195 -380491 380491 0 1248413 1628904 , 1116308 1281636 2350398 1240997 1836262 170500 , 116559 -441425 61222 607466 -716279 168553 , -490907 -61222 441425 -607466 107331 -274854 , 1592207 -1405875 406328 1510488 -1266400 1086084 , 953404 -1519163 1519163 0 -3276102 -1756939 , 3.5591845467954014e-10 , 19
3.141591598881029 , -124689 -2350398 -1281636 -1240997 -2179898 554626 , 2929195 -380491 380491 0 1248413 1628904 , -607466 107331 -274854 -116559 168553 -716279 , 900370 1899654 -1899654 0 2027689 128035 , 1116308 1281636 2350398 1240997 1836262 170500 , 1510488 -1266400 1086084 -81719 139475 679756 , 1592207 -1086084 1266400 81719 -406328 1405875 , -490907 274854 -107331 116559 -441425 61222 , 953404 -1519163 1519163 0 -3276102 -1756939 , 3.5591845467983348e-10 , 20
3.141591598881029 , -124689 -2350398 -1281636 -1240997 -2179898 554626 , 2929195 -380491 380491 0 1248413 1628904 , 607466 -107331 274854 116559 -168553 716279 , 900370 1899654 -1899654 0 2027689 128035 , 1116308 1281636 2350398 1240997 1836262 170500 , -1510488 1266400 -1086084 81719 -139475 -679756 , -1592207 1086084 -1266400 -81719 406328 -1405875 , 490907 -274854 107331 -116559 441425 -61222 , 953404 -1519163 1519163 0 -3276102 -1756939 , 3.5591845467983348e-10 , 21
3.141591598881029 , -124689 -2350398 -1281636 -1240997 -2179898 554626 , 900370 1899654 -1899654 0 2027689 128035 , 1510488 -679756 -139475 1592207 -1086084 1266400 , 2929195 -380491 380491 0 1248413 1628904 , 1116308 1281636 2350398 1240997 1836262 170500 , -607466 716279 -168553 -490907 274854 -107331 , -116559 168553 -716279 490907 61222 -441425 , -81719 139475 679756 -1592207 1405875 -406328 , 953404 -1519163 1519163 0 -3276102 -1756939 , 3.5591845468163792e-10 , 22
3.141591598881029 , -124689 -2350398 -1281636 -1240997 -2179898 554626 , 900370 1899654 -1899654 0 2027689 128035 , -1510488 679756 139475 -1592207 1086084 -1266400 , 2929195 -380491 380491 0 1248413 1628904 , 1116308 1281636 2350398 1240997 1836262 170500 , 607466 -716279 168553 490907 -274854 107331 , 116559 -168553 716279 -490907 -61222 441425 , 81719 -139475 -679756 1592207 -1405875 406328 , 953404 -1519163 1519163 0 -3276102 -1756939 , 3.5591845468163792e-10 , 23
3.141591598881029 , -124689 -2350398 -1281636 -1240997 -2179898 554626 , 2929195 -380491 380491 0 1248413 1628904 , -441425 116559 -168553 274854 -490907 -61222 , 900370 1899654 -1899654 0 2027689 128035 , 1116308 1281636 2350398 1240997 1836262 170500 , -406328 81719 -139475 -1086084 1592207 -1405875 , 679756 139475 -81719 1086084 -1266400 1510488 , -716279 168553 -116559 -274854 107331 -607466 , 953404 -1519163 1519163 0 -3276102 -1756939 , 3.5591845468380219e-10 , 24
3.141591598881029 , -124689 -2350398 -1281636 -1240997 -2179898 554626 , 2929195 -380491 380491 0 1248413 1628904 , 441425 -116559 168553 -274854 490907 61222 , 900370 1899654 -1899654 0 2027689 128035 , 1116308 1281636 2350398 1240997 1836262 170500 , 406328 -81719 139475 1086084 -1592207 1405875 , -679756 -139475 81719 -1086084 1266400 -1510488 , 716279 -168553 116559 274854 -107331 607466 , 953404 -1519163 1519163 0 -3276102 -1756939 , 3.5591845468380219e-10 , 25
3.141591598881029 , -124689 -2350398 -1281636 -1240997 -2179898 554626 , 900370 1899654 -1899654 0 2027689 128035 , -679756 -139475 81719 -1086084 1266400 -1510488 , 2929195 -380491 380491 0 1248413 1628904 , 1116308 1281636 2350398 1240997 1836262 170500 , 716279 -168553 116559 274854 -107331 607466 , 441425 -116559 168553 -274854 490907 61222 , 406328 -81719 139475 1086084 -1592207 1405875 , 953404 -1519163 1519163 0 -3276102 -1756939 , 3.5591845468705978e-10 , 26
3.141591598881029 , -124689 -2350398 -1281636 -1240997 -2179898 554626 , 900370 1899654 -1899654 0 2027689 128035 , 679756 139475 -81719 1086084 -1266400 1510488 , 2929195 -380491 380491 0 1248413 1628904 , 1116308 1281636 2350398 1240997 1836262 170500 , -716279 168553 -116559 -274854 107331 -607466 , -441425 116559 -168553 274854 -490907 -61222 , -406328 81719 -139475 -1086084 1592207 -1405875 , 953404 -1519163 1519163 0 -3276102 -1756939 , 3.5591845468705978e-10 , 27
3.141591598881029 , -124689 -2350398 -1281636 -1240997 -2179898 554626 , 900370 1899654 -1899654 0 2027689 128035 , -1405875 1592207 -1086084 -139475 81719 -406328 , 2929195 -380491 380491 0 1248413 1628904 , 1116308 1281636 2350398 1240997 1836262 170500 , -61222 -490907 274854 -168553 116559 -441425 , 107331 -274854 490907 168553 -716279 607466 , -1266400 1086084 -1592207 139475 679756 -1510488 , 953404 -1519163 1519163 0 -3276102 -1756939 , 3.5591845469088942e-10 , 28
3.141591598881029 , -124689 -2350398 -1281636 -1240997 -2179898 554626 , 900370 1899654 -1899654 0 2027689 128035 , 1405875 -1592207 1086084 139475 -81719 406328 , 2929195 -380491 380491 0 1248413 1628904 , 1116308 1281636 2350398 1240997 1836262 170500 , 61222 490907 -274854 168553 -116559 441425 , -107331 274854 -490907 -168553 716279 -607466 , 1266400 -1086084 1592207 -139475 -679756 1510488 , 953404 -1519163 1519163 0 -3276102 -1756939 , 3.5591845469088942e-10 , 29
3.141591598881029 , -124689 -2350398 -1281636 -1240997 -2179898 554626 , 2929195 -380491 380491 0 1248413 1628904 , 61222 -441425 116559 -107331 274854 -490907 , 900370 1899654 -1899654 0 2027689 128035 , 1116308 1281636 2350398 1240997 1836262 170500 , 1405875 -406328 81719 1266400 -1086084 1592207 , 139475 -81719 406328 -1266400 1510488 -679756 , 168553 -116559 441425 107331 -607466 716279 , 953404 -1519163 1519163 0 -3276102 -1756939 , 3.5591845469089433e-10 , 30
3.141591598881029 , -124689 -2350398 -1281636 -1240997 -2179898 554626 , 2929195 -380491 380491 0 1248413 1628904 , -61222 441425 -116559 107331 -274854 490907 , 900370 1899654 -1899654 0 2027689 128035 , 1116308 1281636 2350398 1240997 1836262 170500 , -1405875 406328 -81719 -1266400 1086084 -1592207 , -139475 81719 -406328 1266400 -1510488 679756 , -168553 116559 -441425 -107331 607466 -716279 , 953404 -1519163 1519163 0 -3276102 -1756939 , 3.5591845469089433e-10 , 31
3.141591598881029 , -124689 -2350398 -1281636 -1240997 -2179898 554626 , 900370 1899654 -1899654 0 2027689 128035 , -1266400 1510488 -679756 -1405875 1592207 -1086084 , 2929195 -380491 380491 0 1248413 1628904 , 1116308 1281636 2350398 1240997 1836262 170500 , 107331 -607466 716279 -61222 -490907 274854 , 168553 -716279 607466 61222 -441425 116559 , 139475 679756 -1510488 1405875 -406328 81719 , 953404 -1519163 1519163 0 -3276102 -1756939 , 3.5591845469191792e-10 , 32
3.141591598881029 , -124689 -2350398 -1281636 -1240997 -2179898 554626 , 900370 1899654 -1899654 0 2027689 128035 , 1266400 -1510488 679756 1405875 -1592207 1086084 , 2929195 -380491 380491 0 1248413 1628904 , 1116308 1281636 2350398 1240997 1836262 170500 , -107331 607466 -716279 61222 490907 -274854 , -168553 716279 -607466 -61222 441425 -116559 , -139475 -679756 1510488 -1405875 406328 -81719 , 953404 -1519163 1519163 0 -3276102 -1756939 , 3.5591845469191792e-10 , 33
3.141591598881029 , -124689 -2350398 -1281636 -1240997 -2179898 554626 , 2929195 -380491 380491 0 1248413 1628904 , -716279 607466 -107331 -441425 116559 -168553 , 900370 1899654 -1899654 0 2027689 128035 , 1116308 1281636 2350398 1240997 1836262 170500 , 679756 -1510488 1266400 -406328 81719 -139475 , 1086084 -1266400 1510488 406328 -1405875 1592207 , -274854 107331 -607466 441425 -61222 -490907 , 953404 -1519163 1519163 0 -3276102 -1756939 , 3.559184546968005e-10 , 34
3.141591598881029 , -124689 -2350398 -1281636 -1240997 -2179898 554626 , 2929195 -380491 380491 0 1248413 1628904 , 716279 -607466 107331 441425 -116559 168553 , 900370 1899654 -1899654 0 2027689 128035 , 1116308 1281636 2350398 1240997 1836262 170500 , -679756 1510488 -1266400 406328 -81719 139475 , -1086084 1266400 -1510488 -406328 1405875 -1592207 , 274854 -107331 607466 -441425 61222 490907 , 953404 -1519163 1519163 0 -3276102 -1756939 , 3.559184546968005e-10 , 35
